  27 s restantes

  26 s restantes

  25 s restantes



=== Madgwick en FPGA: comprobacion minima ===

NAV STATUS=0x0000000e  busy=0 cfg_done=1 ag=1 mag=1 err=0 [whoami_ag=0 whoami_mag=0 timeout=0 overrun=0]

WHO_AM_I leido: A/G=0x68 (esperado 0x68)  Mag=0x3d (esperado 0x3D)

Calibrando gyro: NO MUEVAS la placa...

*** AVISO 1/1 ***

  dispersion p5-p95: (41, 30, 20)

  gyro offset = (177, 125, -2) cuentas

*** AVISO 1/2 ***

*** AVISO 2/2 ***

Preparado: tienes 3 s para coger la placa (pitido = empieza)...

Calibrando magnetometro 30 s: gira la placa despacio por TODAS las orientaciones

  (cada eje hacia arriba y hacia abajo, y giros en 8). LEJOS de moviles, auriculares, altavoces, portatil.

*** AVISO 1/1 ***

  29 s restantes

  28 s restantes

  27 s restantes

  26 s restantes

  25 s restantes

  24 s restantes

  23 s restantes

  22 s restantes

  21 s restantes

  20 s restantes

  19 s restantes

  18 s restantes

  17 s restantes

  16 s restantes

  15 s restantes

  14 s restantes

  13 s restantes

  12 s restantes

  11 s restantes

  10 s restantes

  9 s restantes

  8 s restantes

  7 s restantes

  6 s restantes

  5 s restantes

  4 s restantes

  3 s restantes

  2 s restantes

  1 s restantes

  0 s restantes

*** AVISO 1/3 ***

*** AVISO 2/3 ***

*** AVISO 3/3 ***

  rango mag: x[-5099,765] y[-737,5129] z[-4184,805]

  picos aislados descartados: 0

  1er ajuste: radio=2835 residuo=4%  (atipicos descartados: 192 de 3570)

  ajuste: centro=(-2185, 2193, -1400) radio=2850  residuo=+3.2%

  mag offset = (-2185, 2193, -1400)  -> copialos a MAG_PRESET_X/Y/Z para fijarlos

Leyendo q_out (orig y opt2) cada 200 ms. Teclas: g=gyro m=mag c=borrar offsets r=reset filtro 1/2=ejes 0x018/0x039  l/L=captura CSV 60 s (L reinicia antes)  d=volcar de nuevo

q = [-0.9807 +0.0012 +0.0082 +0.1955]  |q|^2=+1.0000  muestras=4567  err=0

q2= [-0.9807 +0.0012 +0.0082 +0.1955]  dang(orig,opt2)=+0.0000 deg

   roll=+0.0 pitch=-0.9 yaw=-22.5 deg

   raw g=(-77,228,114) a=(2814,16,15375) m=(-3515,2545,-3691) |m_comp|=2671

q = [-0.9914 +0.0103 +0.0855 +0.0984]  |q|^2=+1.0000  muestras=4593  err=0

q2= [-0.9914 +0.0103 +0.0855 +0.0984]  dang(orig,opt2)=+0.0000 deg

   roll=-0.2 pitch=-9.9 yaw=-11.3 deg

   raw g=(186,118,89) a=(2652,12,15476) m=(-3497,2499,-3703) |m_comp|=2667

q = [-0.9896 +0.0030 +0.0899 +0.1126]  |q|^2=+1.0000  muestras=4618  err=0

q2= [-0.9896 +0.0030 +0.0899 +0.1126]  dang(orig,opt2)=+0.0000 deg

   roll=+0.8 pitch=-10.3 yaw=-13.1 deg

   raw g=(400,-1049,80) a=(1340,-423,16381) m=(-3563,2613,-3743) |m_comp|=2749

q = [-0.9891 +0.0008 +0.0870 +0.1186]  |q|^2=+1.0000  muestras=4644  err=0

q2= [-0.9891 +0.0008 +0.0870 +0.1186]  dang(orig,opt2)=+0.0000 deg

   roll=+1.1 pitch=-9.9 yaw=-13.8 deg

   raw g=(580,-354,219) a=(2819,921,14820) m=(-3531,2569,-3659) |m_comp|=2655

q = [-0.9859 +0.0068 +0.0718 +0.1509]  |q|^2=+1.0000  muestras=4670  err=0

q2= [-0.9859 +0.0068 +0.0718 +0.1509]  dang(orig,opt2)=+0.0000 deg

   roll=+0.5 pitch=-8.3 yaw=-17.4 deg

   raw g=(71,817,1309) a=(2664,-1312,15494) m=(-3511,2687,-3736) |m_comp|=2730

q = [-0.9830 +0.0169 +0.0943 +0.1566]  |q|^2=+1.0000  muestras=4695  err=0

q2= [-0.9830 +0.0169 +0.0943 +0.1566]  dang(orig,opt2)=+0.0000 deg

   roll=-0.2 pitch=-11.0 yaw=-18.1 deg

   raw g=(1975,-2940,-647) a=(2107,-343,15806) m=(-3425,2769,-3687) |m_comp|=2663

q = [-0.9947 +0.0307 +0.0276 +0.0939]  |q|^2=+1.0000  muestras=4721  err=0

q2= [-0.9947 +0.0307 +0.0276 +0.0939]  dang(orig,opt2)=+0.0000 deg

   roll=-3.2 pitch=-3.5 yaw=-10.7 deg

   raw g=(527,-1465,-433) a=(1356,-1144,14817) m=(-3777,2555,-3675) |m_comp|=2799

q = [-0.9957 +0.0429 -0.0227 +0.0795]  |q|^2=+1.0000  muestras=4747  err=0

q2= [-0.9957 +0.0429 -0.0227 +0.0795]  dang(orig,opt2)=+0.0000 deg

   roll=-5.1 pitch=+2.2 yaw=-9.2 deg

   raw g=(355,-483,720) a=(-2125,-1376,16513) m=(-4019,2609,-3262) |m_comp|=2645

q = [-0.9914 +0.0427 -0.0653 +0.1052]  |q|^2=+1.0000  muestras=4773  err=0

q2= [-0.9914 +0.0427 -0.0653 +0.1052]  dang(orig,opt2)=+0.0000 deg

   roll=-5.7 pitch=+6.9 yaw=-12.5 deg

   raw g=(-4007,1936,-817) a=(-2617,-7195,16381) m=(-4093,2615,-3327) |m_comp|=2743

q = [-0.9951 -0.0132 -0.0129 +0.0971]  |q|^2=+1.0000  muestras=4798  err=0

q2= [-0.9951 -0.0132 -0.0129 +0.0971]  dang(orig,opt2)=+0.0000 deg

   roll=+1.4 pitch=+1.6 yaw=-11.1 deg

   raw g=(-495,204,403) a=(-820,-415,15392) m=(-3941,2553,-3422) |m_comp|=2701

q = [-0.9914 +0.0087 -0.0546 +0.1186]  |q|^2=+1.0000  muestras=4824  err=0

q2= [-0.9914 +0.0087 -0.0546 +0.1186]  dang(orig,opt2)=+0.0000 deg

   roll=-1.7 pitch=+6.1 yaw=-13.7 deg

   raw g=(136,-720,770) a=(-1462,-182,15870) m=(-4057,2571,-3308) |m_comp|=2698

q = [-0.9892 -0.0087 -0.0727 +0.1271]  |q|^2=+1.0000  muestras=4850  err=0

q2= [-0.9892 -0.0087 -0.0727 +0.1271]  dang(orig,opt2)=+0.0000 deg

   roll=-0.1 pitch=+8.4 yaw=-14.7 deg

   raw g=(-11,-71,26) a=(-2340,61,15860) m=(-4097,2641,-3241) |m_comp|=2690

q = [-0.9910 -0.0079 -0.0556 +0.1217]  |q|^2=+1.0000  muestras=4875  err=0

q2= [-0.9910 -0.0079 -0.0556 +0.1217]  dang(orig,opt2)=+0.0000 deg

   roll=+0.1 pitch=+6.4 yaw=-14.0 deg

   raw g=(0,249,-188) a=(-1759,48,15669) m=(-4107,2599,-3288) |m_comp|=2723

q = [-0.9900 -0.0084 -0.0642 +0.1250]  |q|^2=+1.0000  muestras=4901  err=0

q2= [-0.9900 -0.0084 -0.0642 +0.1250]  dang(orig,opt2)=+0.0000 deg

   roll=+0.0 pitch=+7.4 yaw=-14.4 deg

   raw g=(371,107,523) a=(-2780,-52,16117) m=(-4061,2611,-3204) |m_comp|=2635

q = [-0.9892 -0.0062 -0.0663 +0.1307]  |q|^2=+1.0000  muestras=4927  err=0

q2= [-0.9892 -0.0062 -0.0663 +0.1307]  dang(orig,opt2)=+0.0000 deg

   roll=-0.3 pitch=+7.6 yaw=-15.1 deg

   raw g=(210,358,-1) a=(-2132,-230,15774) m=(-4089,2653,-3190) |m_comp|=2652

q = [-0.9897 -0.0045 -0.0627 +0.1285]  |q|^2=+1.0000  muestras=4952  err=0

q2= [-0.9897 -0.0045 -0.0627 +0.1285]  dang(orig,opt2)=+0.0000 deg

   roll=-0.4 pitch=+7.2 yaw=-14.8 deg

   raw g=(196,116,16) a=(-1966,-14,15761) m=(-4067,2591,-3246) |m_comp|=2665

q = [-0.9898 -0.0034 -0.0595 +0.1294]  |q|^2=+1.0000  muestras=4978  err=0

q2= [-0.9898 -0.0034 -0.0595 +0.1294]  dang(orig,opt2)=+0.0000 deg

   roll=-0.5 pitch=+6.8 yaw=-14.9 deg

   raw g=(219,144,-90) a=(-2050,-376,15778) m=(-4047,2649,-3248) |m_comp|=2661

q = [-0.9906 -0.0076 -0.0562 +0.1244]  |q|^2=+1.0000  muestras=5003  err=0

q2= [-0.9906 -0.0076 -0.0562 +0.1244]  dang(orig,opt2)=+0.0000 deg

   roll=+0.1 pitch=+6.5 yaw=-14.3 deg

   raw g=(218,167,-35) a=(-1738,-157,15746) m=(-4077,2607,-3275) |m_comp|=2694

q = [-0.9901 -0.0063 -0.0565 +0.1280]  |q|^2=+1.0000  muestras=5029  err=0

q2= [-0.9901 -0.0063 -0.0565 +0.1280]  dang(orig,opt2)=+0.0000 deg

   roll=-0.1 pitch=+6.5 yaw=-14.7 deg

   raw g=(303,86,25) a=(-1819,-5,15791) m=(-4021,2621,-3332) |m_comp|=2698

q = [-0.9899 -0.0061 -0.0574 +0.1298]  |q|^2=+1.0000  muestras=5055  err=0

q2= [-0.9899 -0.0061 -0.0574 +0.1298]  dang(orig,opt2)=+0.0000 deg

   roll=-0.2 pitch=+6.6 yaw=-15.0 deg

   raw g=(142,121,-67) a=(-1799,25,15767) m=(-4065,2635,-3299) |m_comp|=2707

q = [-0.9902 -0.0066 -0.0564 +0.1273]  |q|^2=+1.0000  muestras=5080  err=0

q2= [-0.9902 -0.0066 -0.0564 +0.1273]  dang(orig,opt2)=+0.0000 deg

   roll=-0.1 pitch=+6.5 yaw=-14.7 deg

   raw g=(198,128,15) a=(-1769,-53,15763) m=(-4047,2619,-3261) |m_comp|=2665

q = [-0.9903 -0.0066 -0.0571 +0.1263]  |q|^2=+1.0000  muestras=5106  err=0

q2= [-0.9903 -0.0066 -0.0571 +0.1263]  dang(orig,opt2)=+0.0000 deg

   roll=-0.1 pitch=+6.6 yaw=-14.5 deg

   raw g=(207,150,6) a=(-1832,-22,15772) m=(-4063,2635,-3285) |m_comp|=2696

q = [-0.9907 -0.0058 -0.0563 +0.1240]  |q|^2=+1.0000  muestras=5132  err=0

q2= [-0.9907 -0.0058 -0.0563 +0.1240]  dang(orig,opt2)=+0.0000 deg

   roll=-0.1 pitch=+6.5 yaw=-14.3 deg

   raw g=(196,121,14) a=(-1807,-37,15783) m=(-4033,2653,-3274) |m_comp|=2670

q = [-0.9904 -0.0039 -0.0567 +0.1261]  |q|^2=+1.0000  muestras=5157  err=0

q2= [-0.9904 -0.0039 -0.0567 +0.1261]  dang(orig,opt2)=+0.0000 deg

   roll=-0.4 pitch=+6.5 yaw=-14.5 deg

   raw g=(164,129,-8) a=(-1810,-101,15771) m=(-4029,2617,-3321) |m_comp|=2695

q = [-0.9903 -0.0040 -0.0566 +0.1266]  |q|^2=+1.0000  muestras=5183  err=0

q2= [-0.9903 -0.0040 -0.0566 +0.1266]  dang(orig,opt2)=+0.0000 deg

   roll=-0.4 pitch=+6.5 yaw=-14.6 deg

   raw g=(183,129,-4) a=(-1806,-55,15774) m=(-4075,2615,-3287) |m_comp|=2702

q = [-0.9903 -0.0030 -0.0569 +0.1268]  |q|^2=+1.0000  muestras=5209  err=0

q2= [-0.9903 -0.0030 -0.0569 +0.1268]  dang(orig,opt2)=+0.0000 deg

   roll=-0.5 pitch=+6.5 yaw=-14.6 deg

   raw g=(175,131,-3) a=(-1783,-63,15772) m=(-4031,2665,-3260) |m_comp|=2661

q = [-0.9906 -0.0045 -0.0560 +0.1251]  |q|^2=+1.0000  muestras=5234  err=0

q2= [-0.9906 -0.0045 -0.0560 +0.1251]  dang(orig,opt2)=+0.0000 deg

   roll=-0.3 pitch=+6.4 yaw=-14.4 deg

   raw g=(229,124,10) a=(-1773,-116,15785) m=(-4039,2605,-3274) |m_comp|=2667

q = [-0.9904 -0.0017 -0.0560 +0.1267]  |q|^2=+1.0000  muestras=5260  err=0

q2= [-0.9904 -0.0017 -0.0560 +0.1267]  dang(orig,opt2)=+0.0000 deg

   roll=-0.6 pitch=+6.4 yaw=-14.6 deg

   raw g=(171,130,-1) a=(-1768,-122,15773) m=(-4003,2647,-3213) |m_comp|=2606

q = [-0.9906 -0.0039 -0.0558 +0.1252]  |q|^2=+1.0000  muestras=5286  err=0

q2= [-0.9906 -0.0039 -0.0558 +0.1252]  dang(orig,opt2)=+0.0000 deg

   roll=-0.4 pitch=+6.4 yaw=-14.4 deg

   raw g=(201,123,2) a=(-1783,-133,15787) m=(-4069,2641,-3331) |m_comp|=2733

q = [-0.9903 -0.0015 -0.0556 +0.1272]  |q|^2=+1.0000  muestras=5311  err=0

q2= [-0.9903 -0.0015 -0.0556 +0.1272]  dang(orig,opt2)=+0.0000 deg

   roll=-0.6 pitch=+6.3 yaw=-14.7 deg

   raw g=(192,126,-1) a=(-1771,-149,15778) m=(-4045,2669,-3279) |m_comp|=2685

q = [-0.9901 -0.0038 -0.0554 +0.1288]  |q|^2=+1.0000  muestras=5337  err=0

q2= [-0.9901 -0.0038 -0.0554 +0.1288]  dang(orig,opt2)=+0.0000 deg

   roll=-0.4 pitch=+6.4 yaw=-14.8 deg

   raw g=(129,118,-6) a=(-1755,-72,15778) m=(-4085,2667,-3226) |m_comp|=2676

q = [-0.9899 -0.0056 -0.0552 +0.1307]  |q|^2=+1.0000  muestras=5363  err=0

q2= [-0.9899 -0.0056 -0.0552 +0.1307]  dang(orig,opt2)=+0.0000 deg

   roll=-0.2 pitch=+6.4 yaw=-15.1 deg

   raw g=(252,114,6) a=(-1788,-97,15794) m=(-4007,2621,-3316) |m_comp|=2677

q = [-0.9900 -0.0052 -0.0556 +0.1295]  |q|^2=+1.0000  muestras=5388  err=0

q2= [-0.9900 -0.0052 -0.0556 +0.1295]  dang(orig,opt2)=+0.0000 deg

   roll=-0.2 pitch=+6.4 yaw=-14.9 deg

   raw g=(163,119,2) a=(-1732,-45,15750) m=(-4049,2641,-3245) |m_comp|=2659

q = [-0.9899 -0.0048 -0.0561 +0.1298]  |q|^2=+1.0000  muestras=5414  err=0

q2= [-0.9899 -0.0048 -0.0561 +0.1298]  dang(orig,opt2)=+0.0000 deg

   roll=-0.3 pitch=+6.4 yaw=-15.0 deg

   raw g=(175,127,-3) a=(-1786,-40,15775) m=(-4047,2617,-3360) |m_comp|=2735

q = [-0.9896 -0.0048 -0.0563 +0.1325]  |q|^2=+1.0000  muestras=5439  err=0

q2= [-0.9896 -0.0048 -0.0563 +0.1325]  dang(orig,opt2)=+0.0000 deg

   roll=-0.3 pitch=+6.5 yaw=-15.3 deg

   raw g=(178,133,8) a=(-1783,-76,15781) m=(-4079,2657,-3439) |m_comp|=2820

q = [-0.9894 -0.0064 -0.0558 +0.1342]  |q|^2=+1.0000  muestras=5465  err=0

q2= [-0.9894 -0.0064 -0.0558 +0.1342]  dang(orig,opt2)=+0.0000 deg

   roll=-0.1 pitch=+6.4 yaw=-15.5 deg

   raw g=(166,106,30) a=(-1808,-69,15789) m=(-4053,2631,-3333) |m_comp|=2722

q = [-0.9895 -0.0064 -0.0565 +0.1329]  |q|^2=+1.0000  muestras=5491  err=0

q2= [-0.9895 -0.0064 -0.0565 +0.1329]  dang(orig,opt2)=+0.0000 deg

   roll=-0.1 pitch=+6.5 yaw=-15.3 deg

   raw g=(174,113,0) a=(-1794,-69,15782) m=(-4073,2645,-3329) |m_comp|=2735

q = [-0.9898 -0.0065 -0.0569 +0.1302]  |q|^2=+1.0000  muestras=5516  err=0

q2= [-0.9898 -0.0065 -0.0569 +0.1302]  dang(orig,opt2)=+0.0000 deg

   roll=-0.1 pitch=+6.6 yaw=-15.0 deg

   raw g=(175,128,49) a=(-1801,-95,15765) m=(-4077,2669,-3309) |m_comp|=2728

q = [-0.9897 -0.0072 -0.0567 +0.1310]  |q|^2=+1.0000  muestras=5542  err=0

q2= [-0.9897 -0.0072 -0.0567 +0.1310]  dang(orig,opt2)=+0.0000 deg

   roll=+0.0 pitch=+6.6 yaw=-15.1 deg

   raw g=(169,131,-3) a=(-1811,-49,15770) m=(-4053,2593,-3283) |m_comp|=2681

q = [-0.9902 -0.0066 -0.0568 +0.1278]  |q|^2=+1.0000  muestras=5568  err=0

q2= [-0.9902 -0.0066 -0.0568 +0.1278]  dang(orig,opt2)=+0.0000 deg

   roll=-0.1 pitch=+6.6 yaw=-14.7 deg

   raw g=(139,123,19) a=(-1789,-15,15776) m=(-4043,2633,-3268) |m_comp|=2670

q = [-0.9895 -0.0055 -0.0571 +0.1323]  |q|^2=+1.0000  muestras=5593  err=0

q2= [-0.9895 -0.0055 -0.0571 +0.1323]  dang(orig,opt2)=+0.0000 deg

   roll=-0.2 pitch=+6.6 yaw=-15.2 deg

   raw g=(170,132,7) a=(-1823,-19,15782) m=(-4099,2605,-3254) |m_comp|=2695

q = [-0.9893 -0.0010 -0.0606 +0.1325]  |q|^2=+1.0000  muestras=5619  err=0

q2= [-0.9893 -0.0010 -0.0606 +0.1325]  dang(orig,opt2)=+0.0000 deg

   roll=-0.8 pitch=+6.9 yaw=-15.3 deg

   raw g=(94,160,-428) a=(-1300,771,15897) m=(-4075,2705,-3226) |m_comp|=2676

q = [-0.9915 +0.0011 -0.0590 +0.1162]  |q|^2=+1.0000  muestras=5645  err=0

q2= [-0.9915 +0.0011 -0.0590 +0.1162]  dang(orig,opt2)=+0.0000 deg

   roll=-0.9 pitch=+6.7 yaw=-13.4 deg

   raw g=(142,198,-744) a=(-1896,-534,15848) m=(-4043,2597,-3260) |m_comp|=2658

q = [-0.9954 +0.0005 -0.0541 +0.0793]  |q|^2=+1.0000  muestras=5670  err=0

q2= [-0.9954 +0.0005 -0.0541 +0.0793]  dang(orig,opt2)=+0.0000 deg

   roll=-0.6 pitch=+6.2 yaw=-9.1 deg

   raw g=(111,40,712) a=(-1615,-740,15957) m=(-4047,2413,-3293) |m_comp|=2663

q = [-0.9951 -0.0061 -0.0572 +0.0807]  |q|^2=+1.0000  muestras=5696  err=0

q2= [-0.9951 -0.0061 -0.0572 +0.0807]  dang(orig,opt2)=+0.0000 deg

   roll=+0.2 pitch=+6.6 yaw=-9.3 deg

   raw g=(479,36,8) a=(-1726,50,15735) m=(-4043,2429,-3258) |m_comp|=2637

q = [-0.9957 +0.0019 -0.0585 +0.0721]  |q|^2=+1.0000  muestras=5721  err=0

q2= [-0.9957 +0.0019 -0.0585 +0.0721]  dang(orig,opt2)=+0.0000 deg

   roll=-0.7 pitch=+6.7 yaw=-8.3 deg

   raw g=(169,117,-60) a=(-1833,-221,15781) m=(-4065,2405,-3258) |m_comp|=2650

q = [-0.9958 -0.0005 -0.0591 +0.0697]  |q|^2=+1.0000  muestras=5747  err=0

q2= [-0.9958 -0.0005 -0.0591 +0.0697]  dang(orig,opt2)=+0.0000 deg

   roll=-0.4 pitch=+6.8 yaw=-8.0 deg

   raw g=(52,98,112) a=(-1790,-265,15660) m=(-4057,2427,-3245) |m_comp|=2637

q = [-0.9954 -0.0047 -0.0615 +0.0732]  |q|^2=+1.0000  muestras=5773  err=0

q2= [-0.9954 -0.0047 -0.0615 +0.0732]  dang(orig,opt2)=+0.0000 deg

   roll=+0.0 pitch=+7.1 yaw=-8.4 deg

   raw g=(174,96,41) a=(-1955,-5,15768) m=(-4037,2491,-3186) |m_comp|=2589

Capturando 60 s... (no muevas el terminal; el volcado empieza al terminar)

Captura terminada: 7200 filas. Volcando CSV...



#HDR,axis_cfg=0x039,fs_g=1,dt_hz=119,beta_start=1.0,beta_run=0.1,beta_start_ms=3000,goff=177/125/-2,moff=-2185/2193/-1400,cnt0=5810,n=7200

#COLS,cnt,gx,gy,gz,ax,ay,az,mx,my,mz,qa0,qa1,qa2,qa3,qb0,qb1,qb2,qb3,ok  (qa=original, qb=opt2, hex de float32)

5811,129,12,2,-1944,-62,15707,-4047,2391,-3260,bf800000,00000000,00000000,3e4ccccd,bf800000,00000000,00000000,3e4ccccd,1

5812,103,-37,-18,-2654,249,16215,-4039,2463,-3342,bf7b261d,bb9853e9,bbd71075,3e463b6f,bf7b261d,bb9853eb,bbd71075,3e463b6f,1

5813,132,-24,-14,-1772,-102,15553,-4039,2463,-3342,bf7b4b49,bc0fbb05,bc58f9f1,3e42c2e8,bf7b4b49,bc0fbb07,bc58f9f0,3e42c2e8,1

5814,171,6,-16,-2021,-55,15761,-4089,2455,-3332,bf7b6bb0,bc4eb64c,bca4320b,3e3f493a,bf7b6bb0,bc4eb64d,bca4320b,3e3f493a,1

5815,187,8,0,-2137,-31,15822,-4067,2441,-3255,bf7b8919,bc84de02,bcdc520d,3e3bab52,bf7b8919,bc84de02,bcdc520e,3e3bab52,1

5816,213,58,17,-2169,-9,15794,-4067,2441,-3255,bf7ba394,bc9fe944,bd0a3d16,3e37ec29,bf7ba394,bc9fe945,bd0a3d16,3e37ec29,1

5817,228,99,14,-2127,40,15816,-4091,2483,-3294,bf7bbaa4,bcb6f8cf,bd26d424,3e341760,bf7bbaa4,bcb6f8d0,bd26d424,3e341760,1

5818,250,138,7,-2079,-9,15790,-4105,2465,-3267,bf7bd8c6,bcc8c2b3,bd420b90,3e2f6598,bf7bd8c6,bcc8c2b4,bd420b90,3e2f6598,1

5819,272,156,8,-2043,-100,15757,-4077,2427,-3231,bf7c028a,bcd1aad8,bd5aa0cb,3e2994dd,bf7c0288,bcd1aad6,bd5aa0c9,3e2994dc,1

5820,273,163,5,-2027,-101,15739,-4077,2427,-3231,bf7c3678,bcd1c724,bd6f96b3,3e22d9af,bf7c3678,bcd1c724,bd6f96b4,3e22d9b0,1

5821,259,161,0,-1994,-76,15750,-4095,2407,-3241,bf7c7a8b,bcd1c98b,bd7bbabb,3e1aeb52,bf7c7a8b,bcd1c98b,bd7bbabe,3e1aeb53,1

5822,257,139,-9,-1940,-49,15715,-4067,2447,-3266,bf7cc694,bcb3e46d,bd7ebccc,3e1342b9,bf7cc694,bcb3e46e,bd7ebccc,3e1342ba,1

5823,262,105,-15,-1998,-102,15717,-4067,2447,-3266,bf7d09db,bc9954bd,bd82ef3e,3e0b8609,bf7d09db,bc9954be,bd82ef3d,3e0b860a,1

5824,264,91,-21,-2093,-264,15775,-4059,2425,-3313,bf7d3e0d,bc6c9d6b,bd889cbd,3e049b1f,bf7d3e0d,bc6c9d71,bd889cbd,3e049b20,1

5825,222,103,-11,-2054,-196,15736,-4057,2445,-3292,bf7d857d,bc4d17bd,bd8788ee,3df89746,bf7d857d,bc4d17c5,bd8788ef,3df89748,1

5826,183,111,-8,-2068,-162,15757,-4057,2445,-3292,bf7dc64a,bc3ce928,bd879e9a,3de7a2df,bf7dc649,bc3ce929,bd879e99,3de7a2e0,1

5827,155,126,-8,-2061,-165,15771,-4099,2441,-3206,bf7e0442,bc244323,bd86b1df,3dd6e212,bf7e0441,bc244325,bd86b1e1,3dd6e213,1

5828,122,142,-3,-2036,-70,15749,-4105,2449,-3302,bf7e4192,bc2b9f40,bd82b5cd,3dc6806c,bf7e4192,bc2b9f48,bd82b5cf,3dc6806f,1

5829,131,146,0,-2000,-25,15749,-4105,2449,-3302,bf7e74a9,bbe2fe2b,bd7f80c7,3db832c0,bf7e74a9,bbe2fe2e,bd7f80c6,3db832c4,1

5830,156,129,-4,-2019,-24,15756,-4043,2445,-3245,bf7e86fd,bc0f623c,bd876553,3daba783,bf7e86fd,bc0f6252,bd876551,3daba786,1

5831,175,118,-6,-2054,-91,15753,-4099,2423,-3239,bf7ea71d,baf98bfa,bd831229,3da3d029,bf7ea71e,baf98bdb,bd83122e,3da3d02f,1

5832,184,119,-7,-2062,-67,15769,-4099,2423,-3239,bf7eb599,bc0a70c6,bd866c8e,3d9a52a0,bf7eb599,bc0a70d6,bd866c87,3d9a52a4,1

5833,191,130,-5,-2029,-2,15760,-4091,2461,-3286,bf7eb502,ba93e3fc,bd8128ac,3d9fea60,bf7eb501,ba93e3bf,bd8128ae,3d9fea63,1

5834,211,129,-7,-2076,-57,15781,-4089,2465,-3217,bf7ea3d0,bbd61b4c,bd8b1e99,3d9dd96b,bf7ea3d0,bbd61bbf,bd8b1e92,3d9dd96c,1

5835,211,137,-18,-2080,-73,15774,-4097,2457,-3194,bf7eae59,3a00b340,bd832bd3,3da0f02b,bf7eae5a,3a00b321,bd832bd8,3da0f02f,1

5836,213,151,-21,-2036,-71,15746,-4097,2457,-3194,bf7eb83d,bbe76d03,bd840ede,3d9b8fd2,bf7eb83f,bbe76d10,bd840ede,3d9b8fd5,1

5837,211,155,-18,-2043,-145,15762,-4059,2445,-3278,bf7eb398,3a92fa60,bd83fe38,3d9e27aa,bf7eb396,3a92fa31,bd83fe39,3d9e27aa,1

5838,207,157,-16,-2080,-103,15775,-4085,2501,-3238,bf7e91ca,bb0a2fd1,bd897dcf,3da6cc3a,bf7e91cb,bb0a2f66,bd897dd7,3da6cc3b,1

5839,209,166,-22,-2082,-121,15769,-4085,2501,-3238,bf7e8de5,3b4af63a,bd81c191,3dae401a,bf7e8de4,3b4af5a6,bd81c18a,3dae4016,1

5840,202,184,-15,-2009,-111,15730,-4055,2461,-3223,bf7e9ce4,bb962e7e,bd826799,3da80a10,bf7e9ce5,bb962ebb,bd82679b,3da80a0d,1

5841,199,185,-8,-2020,-108,15743,-4097,2489,-3220,bf7e9071,3b36205f,bd826a58,3dacd836,bf7e9072,3b36202d,bd826a4e,3dacd834,1

5842,192,169,-1,-1997,-129,15745,-4097,2489,-3220,bf7e9eca,bba2aaf6,bd811884,3da84944,bf7e9ecb,bba2ab14,bd81188a,3da84942,1

5843,183,168,4,-2007,-117,15742,-4033,2473,-3300,bf7e9323,3b2fc108,bd822184,3dac126c,bf7e9323,3b2fc105,bd82217b,3dac126a,1

5844,174,162,11,-2064,-128,15760,-4031,2437,-3282,bf7e9e50,bb99281f,bd85830c,3da505d2,bf7e9e51,bb992803,bd85830e,3da505d3,1

5845,163,159,14,-1990,-78,15722,-4031,2437,-3282,bf7ec823,bb08822f,bd6fad11,3d9f8341,bf7ec824,bb088303,bd6fad0e,3d9f8340,1

5846,172,151,6,-2040,-175,15746,-4077,2453,-3225,bf7eacf7,3899985a,bd876c56,3d9df05e,bf7eacf7,3899a5d0,bd876c52,3d9df05f,1

5847,164,151,5,-2002,-142,15733,-4037,2437,-3244,bf7ed410,bb99f48b,bd77ffd7,3d971d6c,bf7ed411,bb99f4eb,bd77ffe3,3d971d6b,1

5848,145,150,10,-1975,-79,15716,-4089,2463,-3245,bf7ebbb0,3b05f972,bd82085b,3d9c785c,bf7ebbb1,3b05f99e,bd820853,3d9c785c,1

5849,132,137,16,-1974,-60,15637,-4089,2463,-3245,bf7ec64f,bbc3a410,bd7ff2c7,3d9964d8,bf7ec64f,bbc3a409,bd7ff2d0,3d9964d6,1

5850,142,124,14,-1999,-151,15350,-4049,2471,-3223,bf7eb30f,3acff236,bd83dfc8,3d9e7385,bf7eb30e,3acff26d,bd83dfc8,3d9e7383,1

5851,142,117,14,-2247,-77,16516,-4057,2481,-3245,bf7e9b79,bb931e51,bd8dafe4,3d9f3899,bf7e9b79,bb931e32,bd8dafe6,3d9f3897,1

5852,153,128,17,-1861,-125,15949,-4057,2481,-3245,bf7eb397,ba14ef9f,bd7da86e,3da256b2,bf7eb398,ba14eff8,bd7da871,3da256af,1

5853,173,83,31,-2036,-134,15601,-4049,2497,-3270,bf7e8996,3b21dde4,bd8a8582,3da909aa,bf7e8996,3b21de4d,bd8a857f,3da909a8,1

5854,139,102,24,-2173,-140,15756,-4055,2447,-3307,bf7e942c,bba4cb26,bd8d32a6,3da2796a,bf7e942d,bba4caf3,bd8d32a7,3da2796a,1

5855,68,184,2,-1950,97,15758,-4055,2447,-3307,bf7eb64e,bc0710cb,bd7a3d5b,3da1b9c0,bf7eb64e,bc0710c9,bd7a3d5e,3da1b9c0,1

5856,80,199,6,-1940,-52,15723,-4081,2485,-3226,bf7eaa20,ba292f8b,bd796ac3,3da79b51,bf7eaa1f,ba292f62,bd796ac3,3da79b51,1

5857,107,172,22,-1957,-56,15770,-4045,2415,-3266,bf7eb9b5,bc00ed11,bd7d689b,3d9f35e3,bf7eb9b5,bc00ed0f,bd7d689e,3d9f35e4,1

5858,123,144,21,-2006,-84,15739,-4045,2415,-3266,bf7eb7b5,ba13e14e,bd846bb4,3d9c2401,bf7eb7b4,ba13e07d,bd846bb1,3d9c23ff,1

5859,141,128,15,-2038,-33,15738,-4133,2473,-3245,bf7ebb08,bc03e2ae,bd82595d,3d9ba92c,bf7ebb08,bc03e2ac,bd825969,3d9ba92b,1

5860,152,125,15,-2036,-37,15741,-4057,2455,-3238,bf7eaefa,b9aa6d58,bd834884,3da09916,bf7eaefa,b9aa6c48,bd834881,3da09915,1

5861,165,119,8,-2041,-15,15754,-4035,2431,-3275,bf7eb954,bc04b8a6,bd83f825,3d9afb2f,bf7eb953,bc04b89f,bd83f823,3d9afb2e,1

5862,181,136,3,-2016,4,15751,-4035,2431,-3275,bf7ebe12,ba181f06,bd7ed62a,3d9db2c8,bf7ebe12,ba181df0,bd7ed634,3d9db2c8,1

5863,208,135,-4,-1996,-17,15744,-4117,2423,-3303,bf7ec923,bc039eae,bd814c07,3d96b0a4,bf7ec924,bc039ea5,bd814c08,3d96b0a6,1

5864,231,132,-3,-1986,-149,15746,-4091,2393,-3294,bf7ed53f,38a0bf64,bd80fea0,3d92acd6,bf7ed541,38a0c363,bd80fe9c,3d92acd6,1

5865,202,123,-8,-1932,-121,15666,-4091,2393,-3294,bf7ef211,bbce1694,bd7a6970,3d8884f7,bf7ef212,bbce1690,bd7a6967,3d8884f8,1

5866,194,118,-4,-2048,-58,15878,-4075,2445,-3345,bf7edaa2,3a52d3d1,bd83205d,3d8e5fa9,bf7edaa2,3a52d311,bd83205d,3d8e5fa8,1

5867,192,125,-5,-2022,36,15868,-4057,2457,-3278,bf7edb5c,bbe74c33,bd7ff78d,3d902c5b,bf7edb5c,bbe74c4d,bd7ff795,3d902c5b,1

5868,206,131,-7,-1937,-75,15696,-4057,2457,-3278,bf7ed4f8,3a28be82,bd7a7d22,3d9600cd,bf7ed4f8,3a28bd8a,bd7a7d24,3d9600cd,1

5869,228,106,22,-2109,-401,15679,-4065,2465,-3239,bf7eb9ac,3be4c390,bd87dd9d,3d97a9fc,bf7eb9ab,3be4c37f,bd87dd9c,3d97a9fb,1

5870,155,118,15,-2041,-173,15755,-4083,2427,-3274,bf7ece56,ba4b467f,bd858701,3d919bb9,bf7ece56,ba4b46e7,bd858700,3d919bb9,1

5871,117,137,-1,-1848,-11,15645,-4083,2427,-3274,bf7eef9f,bbaeefac,bd6e8e53,3d8efc3d,bf7eef9e,bbaeefae,bd6e8e4f,3d8efc3d,1

5872,125,82,5,-2045,-51,15737,-4055,2493,-3209,bf7eccfd,39a63854,bd807e12,3d96a5c7,bf7eccfd,39a637e5,bd807e12,3d96a5c7,1

5873,141,79,3,-2027,70,15794,-4073,2411,-3310,bf7ed391,bbfb7ef3,bd8206f5,3d91a625,bf7ed390,bbfb7ef7,bd8206f7,3d91a625,1

5874,155,103,-10,-1986,159,15807,-4039,2427,-3264,bf7eda5e,bc217363,bd6c2e8a,3d982585,bf7eda5f,bc217353,bd6c2e85,3d982583,1

5875,210,102,-11,-2092,-150,15782,-4039,2427,-3264,bf7ec4b9,bb5b93d0,bd80a547,3d99d2bd,bf7ec4b9,bb5b93a1,bd80a545,3d99d2ba,1

5876,196,125,-13,-2043,-81,15761,-4065,2459,-3263,bf7ea848,3aec3377,bd88f033,3d9e7a06,bf7ea848,3aec3322,bd88f034,3d9e7a04,1

5877,195,133,-10,-2041,-106,15737,-4093,2435,-3288,bf7ec229,bbb1c8cb,bd83e21f,3d97e1e1,bf7ec229,bbb1c8d9,bd83e21f,3d97e1df,1

5878,204,133,-5,-2013,-89,15756,-4093,2435,-3288,bf7eca75,3b0f8b14,bd7fb6c4,3d982f25,bf7eca75,3b0f8b10,bd7fb6c8,3d982f25,1

5879,193,135,-10,-1986,-137,15748,-4085,2453,-3291,bf7ed0b2,bbaa721d,bd81d808,3d938361,bf7ed0b2,bbaa722b,bd81d805,3d938361,1

5880,168,133,-11,-1953,-25,15744,-4101,2483,-3280,bf7ec8c6,3a9e6b07,bd7822c6,3d9c05a9,bf7ec8c6,3a9e6b2b,bd7822c8,3d9c05a9,1

5881,165,110,-8,-1973,-77,15733,-4101,2483,-3280,bf7eb534,bba9dee1,bd83b5c5,3d9d66bf,bf7eb534,bba9dee2,bd83b5c6,3d9d66bf,1

5882,166,99,-4,-2039,-75,15735,-4081,2451,-3267,bf7eaff1,3b0b14e8,bd83fffc,3d9f91d2,bf7eaff1,3b0b14f6,bd83fff3,3d9f91d2,1

5883,168,99,-1,-2052,-22,15777,-4093,2471,-3231,bf7eb4c1,bbc47c04,bd844422,3d9cfeea,bf7eb4c1,bbc47bfb,bd84441f,3d9cfeea,1

5884,182,93,-1,-2053,-74,15782,-4093,2471,-3231,bf7ea896,3ac9a70d,bd83f77e,3da287fb,bf7ea896,3ac9a72d,bd83f77d,3da287fb,1

5885,192,101,6,-2074,-62,15782,-4079,2453,-3283,bf7eaf10,bbcb948f,bd864028,3d9d9515,bf7eaf10,bbcb9482,bd86402b,3d9d9515,1

5886,193,115,15,-2024,5,15776,-4037,2389,-3253,bf7ed7dd,bc2e8b4d,bd7de451,3d91b31b,bf7ed7de,bc2e8b46,bd7de44f,3d91b31e,1

5887,211,123,12,-2035,-33,15765,-4085,2425,-3265,bf7ecc51,bb30c640,bd82b71c,3d94e899,bf7ecc51,bb30c61f,bd82b71a,3d94e89a,1

5888,214,143,1,-2001,14,15774,-4085,2425,-3265,bf7edd10,bc2354b3,bd7dd230,3d8fa56d,bf7edd10,bc2354b3,bd7dd236,3d8fa56d,1

5889,217,147,-8,-1991,-33,15753,-4095,2469,-3223,bf7ed0a9,bb1121a4,bd7eb94b,3d95fc88,bf7ed0a9,bb1121a2,bd7eb951,3d95fc88,1

5890,227,137,-12,-1989,-55,15728,-4077,2491,-3258,bf7eb1e5,3b33263a,bd80bc95,3da1683e,bf7eb1e6,3b332655,bd80bc8c,3da16840,1

5891,237,132,-12,-2007,-130,15721,-4077,2491,-3258,bf7eaa2c,bb914a8a,bd83d1ac,3da1ce15,bf7eaa2c,bb914a52,bd83d1b5,3da1ce13,1

5892,233,120,-5,-2030,-135,15730,-4033,2473,-3303,bf7e9f53,3b572f36,bd831197,3da6b987,bf7e9f54,3b572f8d,bd831194,3da6b985,1

5893,216,122,-8,-2032,-156,15743,-4067,2467,-3243,bf7eaae4,bb8c8d32,bd8467e6,3da10eb3,bf7eaae5,bb8c8d13,bd8467e1,3da10eb2,1

5894,201,121,-7,-2021,-119,15739,-4067,2467,-3243,bf7ea860,3b504acc,bd8124b5,3da4c463,bf7ea861,3b504b08,bd8124b4,3da4c463,1

5895,189,123,-4,-1994,-77,15753,-4033,2445,-3319,bf7eb537,bb9a8b7f,bd813b4e,3d9f7f7e,bf7eb537,bb9a8b60,bd813b4d,3d9f7f7d,1

5896,180,122,-4,-2012,-85,15741,-4065,2461,-3274,bf7ea892,3b25a9ce,bd82f96b,3da34962,bf7ea893,3b25a9ed,bd82f96c,3da34963,1

5897,173,123,-11,-1992,-21,15742,-4065,2461,-3274,bf7eb592,bbb4c0ef,bd80e905,3d9f8224,bf7eb592,bbb4c0df,bd80e905,3d9f8224,1

5898,171,117,-12,-1981,-44,15750,-4085,2479,-3346,bf7eaa1c,3acaf5fd,bd7cd296,3da64ea5,bf7eaa1d,3acaf615,bd7cd297,3da64ea6,1

5899,183,102,-10,-1987,-32,15757,-4065,2469,-3249,bf7eadc6,bbd123ca,bd80a8bb,3da2a874,bf7eadc7,bbd123c8,bd80a8b9,3da2a875,1

5900,192,98,-8,-2011,-71,15769,-4025,2445,-3231,bf7ea71b,3aa7ffb0,bd83016b,3da3e47d,bf7ea71b,3aa7ff74,bd83016e,3da3e47d,1

5901,182,93,-4,-2038,-109,15775,-4025,2445,-3231,bf7eb2e8,bbcb570b,bd8470da,3d9d8fc1,bf7eb2e8,bbcb5717,bd8470dc,3d9d8fc1,1

5902,175,102,2,-2060,-109,15767,-4065,2471,-3220,bf7ea660,3ac8942e,bd84c8fb,3da2bba0,bf7ea660,3ac8940a,bd84c8f9,3da2bba0,1

5903,168,109,1,-2039,-73,15734,-4043,2403,-3279,bf7eb8f4,bbc2d3ab,bd84909d,3d9b091c,bf7eb8f5,bbc2d3b4,bd84909d,3d9b091d,1

5904,168,119,-2,-2024,-56,15744,-4043,2403,-3279,bf7ee2c3,bb5b5d49,bd7e1079,3d8e4a5e,bf7ee2c3,bb5b5d32,bd7e1073,3d8e4a61,1

5905,187,122,2,-2021,-58,15769,-4039,2407,-3235,bf7ed823,bb979c58,bd8ae483,3d87a972,bf7ed824,bb979c95,bd8ae486,3d87a978,1

5906,194,121,2,-2022,-71,15781,-4029,2413,-3278,bf7eee89,3a0057ba,bd7babd8,3d8a2e98,bf7eee8a,3a005643,bd7babde,3d8a2e9d,1

5907,196,119,3,-1991,-72,15746,-4029,2413,-3278,bf7eeb03,bbd4bc7e,bd83c4b1,3d8590fb,bf7eeb02,bbd4bcc9,bd83c4ac,3d8590fd,1

5908,202,114,3,-1947,-8,15739,-4047,2439,-3257,bf7eecfa,3928b3b6,bd786975,3d8c5d00,bf7eecfa,3928b4b6,bd786980,3d8c5d02,1

5909,210,100,0,-2024,-112,15767,-4095,2455,-3233,bf7ec74e,b6f1dadb,bd8aa111,3d8fe9fc,bf7ec74f,b6f26b9f,bd8aa115,3d8fe9ff,1

5910,201,99,-4,-2094,22,16042,-4095,2455,-3233,bf7ed78c,bbdc1e56,bd814da6,3d90bec3,bf7ed78c,bbdc1e3d,bd814da2,3d90bec5,1

5911,198,97,-5,-2045,-157,15898,-4085,2417,-3207,bf7ed2b4,3abc91c1,bd83ce2f,3d913ead,bf7ed2b3,3abc91ed,bd83ce31,3d913ead,1

5912,190,108,-5,-2014,-170,15699,-4065,2413,-3253,bf7ee949,bba3152d,bd82e450,3d87826d,bf7ee94a,bba31529,bd82e44b,3d87826e,1

5913,182,126,-4,-2055,-115,15712,-4037,2395,-3260,bf7ee1a8,3b237794,bd87e9e5,3d866fb7,bf7ee1a7,3b23772b,bd87e9e8,3d866fb6,1

5914,177,131,-3,-2044,-90,15748,-4037,2395,-3260,bf7ef5c9,bba4ee7b,bd83d8a1,3d808455,bf7ef5c9,bba4ee94,bd83d89e,3d808454,1

5915,170,124,8,-1978,-109,15738,-4081,2449,-3276,bf7ef0d5,3b1ab068,bd7fc13f,3d8722a5,bf7ef0d5,3b1ab057,bd7fc143,3d8722a4,1

5916,162,111,13,-2003,-28,15743,-4063,2425,-3307,bf7ef148,bbbad74b,bd81e0af,3d849303,bf7ef148,bbbad75c,bd81e0ab,3d849302,1

5917,166,98,17,-2051,-25,15777,-4063,2425,-3307,bf7edde7,3ab99ca1,bd854067,3d8adfae,bf7edde6,3ab99c30,bd854068,3d8adfac,1

5918,179,108,19,-2014,33,15765,-4061,2439,-3274,bf7ee741,bbd6219f,bd80e3ef,3d8a14db,bf7ee740,bbd621b9,bd80e3f0,3d8a14d9,1

5919,199,117,12,-1994,-27,15772,-4053,2427,-3301,bf7edec9,3a93765b,bd7fb7a3,3d8f793c,bf7edec9,3a93760f,bd7fb7aa,3d8f793b,1

5920,219,112,12,-1958,4,15746,-4053,2427,-3301,bf7ee7fc,bbe16021,bd7c6743,3d8c251c,bf7ee7fc,bbe1602f,bd7c6742,3d8c251a,1

5921,239,98,9,-2020,-71,15729,-4055,2449,-3317,bf7ed4a6,3a32f1c3,bd821d4f,3d91efdc,bf7ed4a6,3a32f153,bd821d4f,3d91efda,1

5922,247,81,5,-2060,-194,15722,-4073,2459,-3227,bf7eb59e,3b9bd13a,bd8c677f,3d95947f,bf7eb59e,3b9bd174,bd8c677c,3d95947f,1

5923,233,76,4,-2036,-181,15733,-4073,2459,-3227,bf7ed34e,baad9acc,bd81977d,3d92f73f,bf7ed350,baad9b91,bd819783,3d92f73e,1

5924,209,86,4,-2074,-198,15751,-4089,2441,-3268,bf7ebd10,3b86f3cf,bd8c5308,3d928891,bf7ebd10,3b86f46e,bd8c52ff,3d928893,1

5925,171,82,-2,-2044,-106,15757,-4067,2465,-3327,bf7ed408,bb1e2bef,bd820f76,3d922dd7,bf7ed408,bb1e2c2b,bd820f7c,3d922dd5,1

5926,162,88,3,-2010,-42,15754,-4111,2449,-3248,bf7ecf93,bb92e874,bd8009f9,3d95a927,bf7ecf94,bb92e78b,bd8009e0,3d95a92c,1

5927,168,93,9,-2024,-46,15783,-4111,2449,-3248,bf7eb92d,3a8085c0,bd871984,3d9935be,bf7eb92c,3a807a61,bd8719c4,3d9935ae,1

5928,181,89,14,-2058,-88,15779,-4055,2437,-3183,bf7ecbb3,bbd4a340,bd83dc03,3d93ab1e,bf7ecbb5,bbd4a44f,bd83dbc9,3d93ab14,1

5929,172,98,10,-2045,19,15781,-4125,2501,-3187,bf7eb7aa,b8f83996,bd8264ed,3d9ddb4b,bf7eb7ac,b8f853c8,bd8264f4,3d9ddb3d,1

5930,201,102,9,-2073,-37,15776,-4125,2501,-3187,bf7e97ae,bba59f9e,bd8919fe,3da4975a,bf7e97ad,bba59ef4,bd8919f3,3da49761,1

5931,232,114,4,-2062,-52,15770,-4031,2431,-3151,bf7ec757,bbb34c09,bd799203,3d9ba73a,bf7ec758,bbb34e8f,bd79922f,3d9ba727,1

5932,242,113,-6,-2055,-75,15737,-4075,2395,-3265,bf7ec09b,bbc67f3f,bd8a7481,3d927d57,bf7ec09c,bbc67c49,bd8a749b,3d927d44,1

5933,243,120,-16,-2032,-98,15750,-4075,2395,-3265,bf7ee7aa,ba904bcd,bd7bea44,3d8d3191,bf7ee7ab,ba9056c5,bd7be9f9,3d8d3166,1

5934,249,120,-20,-2055,-145,15753,-4067,2445,-3172,bf7ec594,3b29c188,bd8b3447,3d9006f9,bf7ec595,3b29c5c3,bd8b340a,3d9006e6,1

5935,233,114,-25,-2024,-99,15753,-4087,2405,-3270,bf7ee2ec,bb8a7140,bd83d27d,3d89b0b4,bf7ee2ec,bb8a7104,bd83d27d,3d89b09d,1

5936,223,112,-29,-2050,-128,15749,-4087,2405,-3270,bf7ee333,3b5b48f6,bd864ebe,3d873cf1,bf7ee334,3b5b49a9,bd864ec1,3d873ce6,1

5937,214,120,-24,-2060,-159,15782,-4061,2427,-3216,bf7ef043,bb86751c,bd8429ee,3d830b69,bf7ef044,bb8674d7,bd8429ea,3d830b62,1

5938,195,140,-17,-2086,-220,15740,-4073,2447,-3251,bf7ee122,3b73e025,bd8657ef,3d8821fb,bf7ee124,3b73e09c,bd8657ee,3d8821f5,1

5939,158,163,-10,-2054,-150,15749,-4077,2425,-3280,bf7eef2a,bb83446b,bd845d6a,3d83634c,bf7eef2a,bb83443b,bd845d67,3d836347,1

5940,131,168,-1,-1998,-89,15749,-4077,2425,-3280,bf7ef0dc,3b4b59c1,bd7cdae4,3d886ae9,bf7ef0dd,3b4b5a1f,bd7cdae4,3d886ae5,1

5941,130,158,-3,-1982,-66,15719,-4061,2415,-3231,bf7ef55a,bb9deb6b,bd80be89,3d83ddf2,bf7ef55a,bb9deb42,bd80be87,3d83ddee,1

5942,135,140,2,-2007,-94,15741,-4085,2473,-3216,bf7ee433,3b1a03c9,bd80ebd4,3d8c039b,bf7ee434,3b1a040a,bd80ebd5,3d8c0398,1

5943,146,125,11,-2013,-119,15729,-4085,2473,-3216,bf7ec70b,babee9ba,bd84e980,3d954b1a,bf7ec70c,babeea84,bd84e972,3d954b19,1

5944,156,106,13,-2044,-112,15739,-4009,2439,-3307,bf7ec904,3a708e51,bd81b940,3d9742c3,bf7ec904,3a7097fc,bd81b975,3d9742c7,1

5945,148,108,19,-2047,-115,15751,-4081,2477,-3297,bf7ea967,bb1222d0,bd89ffd0,3d9d13c2,bf7ea968,bb122dfa,bd89ff76,3d9d13cc,1

5946,146,106,28,-2047,-141,15757,-4081,2477,-3297,bf7eb237,3b5a3c4c,bd7f1eb3,3da22a85,bf7eb236,3b5a4529,bd7f1f75,3da22aa9,1

5947,129,113,26,-2050,-77,15766,-4049,2445,-3209,bf7eb5d5,bb8d72ff,bd83fcd4,3d9d060c,bf7eb5d4,bb8d7062,bd83fcd4,3d9d062a,1

5948,130,120,27,-2056,-78,15770,-4059,2453,-3237,bf7eaac5,3b12e1b8,bd85c483,3da02751,bf7eaac5,3b12df2f,bd85c498,3da02751,1

5949,134,130,26,-2076,-57,15775,-4059,2453,-3237,bf7eb3ce,bbbd1d07,bd8607f6,3d9bea00,bf7eb3cd,bbbd1e43,bd8607f3,3d9be9ff,1

5950,140,140,25,-2011,-61,15738,-4069,2437,-3123,bf7ecb9d,397b49b0,bd78125e,3d9ae764,bf7ecb9c,397b5f02,bd78128c,3d9ae775,1

5951,142,136,21,-2022,-14,15740,-4075,2449,-3275,bf7ec171,bbdce6cf,bd840571,3d97d77b,bf7ec172,bbdce71a,bd84056e,3d97d787,1

5952,144,126,12,-2039,-66,15730,-4051,2459,-3297,bf7eb69c,3a68e58d,bd83454e,3d9d8c15,bf7eb69b,3a68e3a4,bd83454c,3d9d8c1d,1

5953,153,120,16,-2068,-154,15740,-4051,2459,-3297,bf7eabeb,bb8241e2,bd8bdf8a,3d9a3aca,bf7eabeb,bb82419f,bd8bdf93,3d9a3ad0,1

5954,143,131,17,-2040,-113,15751,-4023,2455,-3166,bf7ebb95,3acb6003,bd802333,3d9e1736,bf7ebb95,3acb5e63,bd802330,3d9e1738,1

5955,121,142,15,-2078,-132,15762,-4057,2459,-3259,bf7ead17,bb8670e7,bd8ab1d9,3d9acb5c,bf7ead18,bb8670b4,bd8ab1e0,3d9acb61,1

5956,101,149,22,-2077,-53,15747,-4057,2459,-3259,bf7eb84e,39e76caa,bd7e7a35,3da027a4,bf7eb84e,39e76530,bd7e7a2c,3da027a5,1

5957,105,167,24,-2064,-45,15765,-4033,2417,-3201,bf7ebb90,bbdc210a,bd84e0ef,3d998e6d,bf7ebb91,bbdc2152,bd84e0f0,3d998e6e,1

5958,103,178,27,-2035,-38,15741,-4057,2461,-3272,bf7eb3be,3a1d5fcf,bd81fe3b,3d9fc0e3,bf7eb3be,3a1d5e2f,bd81fe3c,3d9fc0e2,1

5959,116,184,25,-1998,-97,15735,-4057,2461,-3272,bf7ebdfc,bbe0b9bd,bd808cbb,3d9c2ff9,bf7ebdfc,bbe0b9cf,bd808cbc,3d9c2ffa,1

5960,119,175,43,-2041,-140,15773,-4065,2445,-3216,bf7eb270,3a7d4eac,bd8441ca,3d9e670d,bf7eb271,3a7d4e0d,bd8441cc,3d9e670e,1

5961,95,160,62,-2003,-112,15760,-4031,2445,-3198,bf7ec88c,bbce05db,bd7eeb78,3d98d6c8,bf7ec88d,bbce05c5,bd7eeb67,3d98d6ca,1

5962,88,150,88,-1977,3,15709,-4031,2445,-3198,bf7eba8e,39d15a83,bd7f275b,3d9efca3,bf7eba8e,39d159a3,bd7f2764,3d9efca4,1

5963,129,120,134,-2047,153,15786,-4035,2457,-3259,bf7eb71e,bbffe074,bd821795,3d9d842c,bf7eb71f,bbffe08b,bd821797,3d9d842e,1

5964,159,120,107,-2037,4,15761,-4025,2443,-3247,bf7eaa14,b9c88f41,bd83c41e,3da223a8,bf7eaa15,b9c88f71,bd83c41a,3da223aa,1

5965,172,135,55,-1961,-21,15725,-4107,2465,-3240,bf7ebf4c,bbf73416,bd78c330,3d9edf87,bf7ebf4c,bbf7342d,bd78c32e,3d9edf87,1

5966,167,130,59,-2046,-160,15767,-4107,2465,-3240,bf7eac4c,b8ed13f8,bd82fa8a,3da1e863,bf7eac4c,b8ed19f5,bd82fa8a,3da1e863,1

5967,136,128,72,-2099,-223,15774,-4101,2475,-3192,bf7e937f,3b6843a0,bd8f13c6,3da140f1,bf7e937f,3b6843da,bd8f13c5,3da140f2,1

5968,98,152,97,-2061,25,15777,-4053,2417,-3261,bf7eabb3,bb86292c,bd89875b,3d9c663e,bf7eabb4,bb86290f,bd89875a,3d9c663f,1

5969,100,165,96,-2017,-45,15746,-4053,2417,-3261,bf7ed802,bbde3e85,bd764e27,3d95ce2d,bf7ed803,bbde3ebc,bd764e2b,3d95ce2c,1

5970,118,158,94,-1983,-114,15686,-4097,2427,-3235,bf7ec96f,39c14182,bd82b48f,3d963ed0,bf7ec96e,39c14061,bd82b48d,3d963ed0,1

5971,123,136,153,-1994,-49,15734,-4069,2519,-3152,bf7eae5c,3af60ccd,bd7bc17f,3da5110b,bf7eae5c,3af60cda,bd7bc176,3da5110c,1

5972,133,114,219,-2048,-164,15754,-4069,2519,-3152,bf7e7fba,3b0a70a4,bd8a3afa,3dacf68e,bf7e7fba,3b0a7090,bd8a3af9,3dacf68c,1

5973,131,119,254,-2031,43,15784,-4063,2493,-3263,bf7e8f4b,bbb6f9f1,bd83bdd8,3dabf980,bf7e8f4a,bbb6f9f6,bd83bdd6,3dabf97e,1

5974,139,116,257,-1936,-127,15705,-4069,2443,-3197,bf7eb59e,ba0e3022,bd70a6b6,3da67109,bf7eb59e,ba0e2d4c,bd70a6c2,3da67108,1

5975,130,85,294,-2073,-12,15834,-4069,2443,-3197,bf7ea930,bbd4040e,bd8332d6,3da26897,bf7ea931,bbd403f1,bd8332d8,3da26897,1

5976,109,109,243,-2013,-137,15743,-4041,2405,-3278,bf7ec17a,388e3ee0,bd827905,3d99c7d9,bf7ec17c,388e3c23,bd827900,3d99c7d7,1

5977,89,112,236,-1952,80,15752,-4055,2477,-3312,bf7ec6db,bbf530ef,bd778009,3d9c53ac,bf7ec6da,bbf53107,bd778001,3d9c53a9,1

5978,103,87,230,-1888,134,15720,-4115,2429,-3216,bf7edae7,bc657196,bd6ad3c5,3d9713a2,bf7edae8,bc6571b2,bd6ad3d5,3d97139e,1

5979,150,52,231,-2040,37,15749,-4115,2429,-3216,bf7ec4e1,bbf126bc,bd7eaa44,3d9a43ec,bf7ec4e1,bbf12699,bd7eaa43,3d9a43ea,1

5980,184,53,243,-2055,-143,15753,-4027,2461,-3259,bf7eb126,39b53181,bd83c989,3d9f5246,bf7eb125,39b533c0,bd83c986,3d9f5243,1

5981,157,63,258,-2100,-11,15832,-4035,2465,-3262,bf7ea750,bbf02adc,bd881fa4,3d9ee64f,bf7ea750,bbf02aa2,bd881fa9,3d9ee64d,1

5982,109,93,180,-2124,-11,15789,-4035,2465,-3262,bf7e96ed,b935c759,bd8808c2,3da61603,bf7e96ec,b935c25b,bd8808c3,3da61601,1

5983,85,123,133,-2048,-20,15758,-4041,2439,-3211,bf7eab4a,bc00462d,bd840326,3da0aa74,bf7eab4a,bc00461d,bd840329,3da0aa73,1

5984,68,149,96,-2038,-83,15748,-4037,2467,-3282,bf7ea1db,b8c93b5a,bd832344,3da5d60c,bf7ea1db,b8c9349d,bd832341,3da5d60b,1

5985,61,148,125,-2005,-42,15745,-4037,2467,-3282,bf7eac0a,bc022412,bd8019a7,3da37c57,bf7eac0b,bc022410,bd8019ac,3da37c56,1

5986,78,130,158,-2020,-4,15749,-4083,2475,-3218,bf7e988a,ba4783da,bd82a7fc,3da9bd95,bf7e988a,ba478352,bd82a7f9,3da9bd95,1

5987,83,113,172,-2035,-36,15768,-4067,2429,-3184,bf7ea7be,bc0646b2,bd83a76c,3da247c0,bf7ea7bf,bc0646a7,bd83a76d,3da247c0,1

5988,71,124,165,-1999,5,15766,-4067,2429,-3184,bf7ec524,bb18fafd,bd7658fd,3d9e25b5,bf7ec524,bb18fbc2,bd7658e1,3d9e25b4,1

5989,84,129,173,-2029,7,15773,-4101,2497,-3264,bf7e9755,bb6bbc98,bd880f4d,3da5bf44,bf7e9754,bb6bbb2c,bd880f49,3da5bf3e,1

5990,86,122,185,-2062,95,15755,-4091,2435,-3213,bf7ea880,bc394550,bd84533c,3da0a500,bf7ea880,bc39450e,bd845343,3da0a4fc,1

5991,86,132,166,-2016,-64,15747,-4093,2465,-3225,bf7ea4b9,bb5dd486,bd8252f6,3da53b37,bf7ea4b9,bb5dd396,bd8252f9,3da53b33,1

5992,89,127,211,-1984,56,15739,-4093,2465,-3225,bf7eb024,bc32bcb2,bd7a5e93,3da36e3e,bf7eb024,bc32bc77,bd7a5e8a,3da36e3a,1

5993,114,101,263,-2076,62,15790,-4119,2477,-3268,bf7e9337,bb8fcd6a,bd853518,3da985a2,bf7e9338,bb8fcd40,bd85351c,3da9859f,1

5994,113,108,215,-2110,26,15794,-4023,2475,-3247,bf7e7544,bc02ef25,bd8bd092,3daece2f,bf7e7544,bc02ef5d,bd8bd08a,3daece2d,1

5995,98,144,193,-2026,-93,15753,-4023,2475,-3247,bf7e80c7,baa5f4ca,bd8284bb,3db28375,bf7e80c8,baa5f4f2,bd8284be,3db28375,1

5996,113,144,263,-2016,-12,15755,-4023,2479,-3181,bf7e87ec,bc150593,bd818e46,3dafb1a7,bf7e87ed,bc150596,bd818e3e,3dafb1a8,1

5997,106,129,310,-2070,-134,15782,-4035,2471,-3274,bf7e799b,ba9f687d,bd851ede,3db32612,bf7e799b,ba9f693c,bd851ee0,3db32613,1

5998,72,141,324,-2038,-18,15760,-4035,2471,-3274,bf7e86b2,bc13f990,bd82af65,3daf5050,bf7e86b3,bc13f9a1,bd82af65,3daf5052,1

5999,42,150,319,-2043,200,15787,-4051,2465,-3210,bf7e8069,bc83a7f7,bd80b7fe,3db0edd3,bf7e8069,bc83a7f6,bd80b7fb,3db0edd4,1

6000,49,152,258,-2061,241,15728,-4083,2465,-3258,bf7e6c94,bc135eff,bd8453e2,3db761f0,bf7e6c94,bc135f02,bd8453e2,3db761f1,1

6001,52,151,133,-2036,189,15748,-4083,2465,-3258,bf7e7a85,bc86821a,bd7f952f,3db39130,bf7e7a84,bc86821a,bd7f952e,3db39130,1

6002,58,164,45,-2032,99,15788,-4055,2449,-3278,bf7e7653,bc09bbfc,bd8185af,3db61e13,bf7e7654,bc09bbff,bd8185b0,3db61e14,1

6003,69,152,29,-2098,31,15827,-4071,2445,-3291,bf7e7426,bc220685,bd8d8b18,3dad68e6,bf7e7425,bc220683,bd8d8b17,3dad68e5,1

6004,73,167,36,-2078,57,15780,-4087,2461,-3197,bf7e9075,bbb3d34d,bd7f1240,3daeb475,bf7e9075,bbb3d318,bd7f1245,3daeb476,1

6005,86,189,47,-2060,106,15782,-4087,2461,-3197,bf7e8a69,bc4d9d55,bd8600fa,3daa7cc3,bf7e8a6a,bc4d9d46,bd8600fb,3daa7cc5,1

6006,101,190,50,-2002,142,15726,-4071,2453,-3261,bf7e9895,bbce8672,bd77e31f,3dae36dd,bf7e9896,bbce86a5,bd77e312,3dae36dd,1

6007,116,178,45,-1939,250,15705,-4069,2475,-3308,bf7e9456,bc6dc85c,bd774385,3dadedfa,bf7e9456,bc6dc871,bd77438d,3dadedfa,1

6008,157,156,30,-2001,116,15749,-4069,2475,-3308,bf7e83ed,bbe28093,bd7e9c5a,3db32ad3,bf7e83ee,bbe280ae,bd7e9c5c,3db32ad4,1

6009,183,138,9,-1980,118,15733,-4071,2457,-3277,bf7e8f22,bc69dd80,bd7e2e00,3dad6c88,bf7e8f21,bc69dd89,bd7e2dfc,3dad6c88,1

6010,189,129,6,-2002,106,15756,-4031,2495,-3281,bf7e81af,bbd98355,bd7e4876,3db41f3f,bf7e81b0,bbd98368,bd7e4874,3db41f40,1

6011,198,121,4,-2031,114,15758,-4031,2495,-3281,bf7e5bb9,bc20bc3f,bd86bc91,3dbb41d4,bf7e5bba,bc20bc40,bd86bc87,3dbb41d8,1

6012,211,123,7,-2023,121,15759,-4089,2439,-3345,bf7e8594,bc71c890,bd7b0594,3db1da62,bf7e8593,bc71c8bb,bd7b0596,3db1da5f,1

6013,221,128,0,-2050,70,15766,-4055,2431,-3295,bf7e7d55,bbee857d,bd84ae38,3db18aef,bf7e7d55,bbee85ab,bd84ae36,3db18aef,1

6014,232,136,1,-2041,11,15778,-4055,2431,-3295,bf7ea568,bc33366c,bd81577d,3da45d24,bf7ea569,bc333649,bd81577c,3da45d21,1

6015,215,141,6,-2052,20,15767,-4057,2439,-3298,bf7e9c3b,bb463b10,bd84c4db,3da69412,bf7e9c3c,bb463a88,bd84c4d9,3da6940f,1

6016,195,146,3,-2056,54,15777,-4059,2431,-3238,bf7eaa22,bc2e9db9,bd8427cc,3da0525a,bf7eaa23,bc2e9d9b,bd8427cd,3da05258,1

6017,200,161,7,-2036,75,15752,-4011,2423,-3289,bf7eaee2,bb407361,bd80e473,3da2736c,bf7eaee2,bb40733a,bd80e468,3da27369,1

6018,194,171,3,-2011,100,15753,-4011,2423,-3289,bf7eb6b1,bc31879b,bd814362,3d9d9eb8,bf7eb6b1,bc31878e,bd814363,3d9d9eb6,1

6019,197,181,-4,-2085,-21,15802,-4029,2433,-3281,bf7ea9a3,bb46a06d,bd85b526,3da0995d,bf7ea9a4,bb46a03a,bd85b527,3da0995d,1

6020,185,198,-7,-1979,66,15746,-4081,2459,-3252,bf7ebf24,bc1afefd,bd76a97e,3d9f5288,bf7ebf25,bc1afef4,bd76a981,3d9f5288,1

6021,176,202,-3,-1954,68,15732,-4081,2459,-3252,bf7eac50,bb16f92f,bd7d7295,3da52f7b,bf7eac50,bb16f90c,bd7d7295,3da52f7b,1

6022,170,177,-11,-1918,124,15722,-4047,2445,-3250,bf7eb92b,bc283716,bd76b2a7,3da178d6,bf7eb92c,bc28370e,bd76b2ac,3da178d7,1

6023,182,138,-9,-1940,105,15731,-4085,2445,-3334,bf7eac5d,bb4a316f,bd7c5b3a,3da58762,bf7eac5e,bb4a3119,bd7c5b28,3da58763,1

6024,205,104,7,-1925,101,15729,-4085,2445,-3334,bf7eb8da,bc334e53,bd774b54,3da12e49,bf7eb8db,bc334e48,bd774b53,3da12e49,1

6025,224,59,18,-1764,-70,15699,-4063,2433,-3295,bf7ec6e6,bb5f24c3,bd6871fb,3da28ed9,bf7ec6e6,bb5f24a0,bd6871f8,3da28ed8,1

6026,231,1,35,-2045,89,15843,-4069,2445,-3288,bf7eb1b7,bc0a441c,bd816e32,3da016db,bf7eb1b7,bc0a440f,bd816e31,3da016da,1

6027,246,-23,42,-1921,211,15699,-4069,2445,-3288,bf7ec32f,bc593608,bd69a1ef,3da1777d,bf7ec330,bc59362c,bd69a1f8,3da1777c,1

6028,299,-35,59,-2106,-93,15761,-4045,2459,-3318,bf7eac85,bbce3987,bd7cde0e,3da4e43a,bf7eac86,bbce39ae,bd7cde11,3da4e439,1

6029,282,-8,42,-2169,15,15789,-4053,2481,-3270,bf7e8298,bb6337a6,bd8d42ea,3da95411,bf7e8298,bb633769,bd8d42e9,3da95411,1

6030,226,44,-6,-1993,209,15727,-4045,2461,-3232,bf7e9984,bc247b48,bd8322d4,3da7c0cb,bf7e9985,bc247b41,bd8322d5,3da7c0cc,1

6031,273,51,-17,-2080,63,15779,-4045,2461,-3232,bf7e8768,bb33285d,bd86bac6,3dacdd44,bf7e8768,bb332844,bd86bac6,3dacdd44,1

6032,293,54,-13,-2089,-50,15764,-4049,2451,-3249,bf7e985b,bc194cb8,bd875cd6,3da4faa2,bf7e985a,bc194cba,bd875cd3,3da4faa1,1

6033,264,79,-7,-2055,-8,15739,-4101,2391,-3196,bf7eca39,bc073b1c,bd8253d5,3d95495b,bf7eca3a,bc073b17,bd8253df,3d954959,1

6034,236,91,-6,-2060,-6,15756,-4101,2391,-3196,bf7ed4f6,bb91a3a3,bd8a03a2,3d8a0d85,bf7ed4f8,bb91a337,bd8a0399,3d8a0d7c,1

6035,220,93,-2,-2055,10,15749,-4033,2483,-3307,bf7ece03,3a91899e,bd82cee2,3d942f58,bf7ece03,3a918b15,bd82cedf,3d942f53,1

6036,229,105,3,-2044,-9,15751,-4051,2437,-3344,bf7ed08b,bbe0a52d,bd8437ee,3d912b36,bf7ed08a,bbe0a4d6,bd8437ec,3d912b30,1

6037,225,101,12,-2071,-7,15763,-4051,2437,-3344,bf7ec129,3a0c6da0,bd85c970,3d970980,bf7ec12a,3a0c6f30,bd85c973,3d97097d,1

6038,219,103,15,-2090,-35,15771,-4021,2411,-3290,bf7eca33,bbe9a411,bd872a51,3d912edb,bf7eca33,bbe9a3e5,bd872a52,3d912ed7,1

6039,214,115,19,-2067,22,15789,-4027,2443,-3194,bf7ec439,b9a51213,bd827d77,3d989f51,bf7ec43a,b9a510f4,bd827d76,3d989f4f,1

6040,202,116,20,-2107,-68,15784,-4027,2443,-3194,bf7eb3b2,bbc4e2d9,bd8c8c91,3d96123f,bf7eb3b3,bbc4e2ee,bd8c8c8d,3d96123d,1

6041,172,134,20,-2034,33,15740,-4067,2455,-3263,bf7ec6b6,bb38e82a,bd7bcc3c,3d9b4f1d,bf7ec6b7,bb38e7db,bd7bcc3a,3d9b4f1d,1

6042,167,139,15,-1998,43,15752,-4037,2439,-3258,bf7ebfd6,bc26302c,bd82fec3,3d989c74,bf7ebfd7,bc263011,bd82fec8,3d989c74,1

6043,177,115,13,-1972,64,15717,-4023,2453,-3234,bf7ebd0f,bb4172ef,bd7bd2b2,3d9f32f4,bf7ebd10,bb4172d9,bd7bd2ab,3d9f32f4,1

6044,189,96,17,-2021,-6,15743,-4023,2453,-3234,bf7ea46f,bbf0e341,bd89319e,3d9f20c8,bf7ea470,bbf0e332,bd89319d,3d9f20c8,1

6045,185,86,12,-2051,35,15766,-4023,2501,-3233,bf7e9c4f,baa0d269,bd82b54b,3da84435,bf7e9c4f,baa0d235,bd82b54a,3da84435,1

6046,181,90,9,-2077,36,15767,-4053,2433,-3288,bf7ea268,bc11c677,bd85aea3,3da28f1a,bf7ea267,bc11c671,bd85aea1,3da28f1a,1

6047,184,85,7,-2132,5,15772,-4053,2433,-3288,bf7e9489,bb0af3d7,bd8cf6f4,3da2cd64,bf7e9488,bb0af431,bd8cf6f9,3da2cd62,1

6048,182,110,2,-2121,20,15782,-4093,2451,-3238,bf7eaa55,bc195ece,bd8676ca,3d9ea770,bf7eaa55,bc195ec7,bd8676c7,3d9ea770,1

6049,180,139,-6,-2093,-24,15779,-4083,2475,-3247,bf7e9f0e,bada4189,bd860383,3da492a2,bf7e9f0e,bada415d,bd860382,3da492a3,1

6050,168,143,-5,-2061,24,15759,-4083,2475,-3247,bf7ea439,bc1a1fc6,bd8336f8,3da3bc12,bf7ea439,bc1a1fc6,bd8336f9,3da3bc13,1

6051,156,150,-12,-2013,42,15752,-4057,2429,-3264,bf7eb687,bb1bdfad,bd7c6195,3da19cd5,bf7eb687,bb1bdfb5,bd7c6197,3da19cd6,1

6052,164,154,-6,-1965,89,15726,-4043,2463,-3278,bf7eb448,bc2a9c10,bd7ca657,3da10f34,bf7eb448,bc2a9c12,bd7ca65c,3da10f35,1

6053,188,135,0,-2010,28,15727,-4043,2463,-3278,bf7ea38a,bb381bdb,bd813576,3da69a1f,bf7ea389,bb381bce,bd813575,3da69a1f,1

6054,190,122,0,-2044,85,15760,-4055,2391,-3265,bf7eafae,bc281bee,bd830e6b,3d9f2088,bf7eafad,bc281be9,bd830e6b,3d9f2088,1

6055,207,121,-6,-2037,112,15756,-4029,2465,-3240,bf7ea0c4,bb5ac21a,bd8177a4,3da76afb,bf7ea0c5,bb5ac21a,bd8177a4,3da76afc,1

6056,226,110,-11,-2099,9,15781,-4037,2421,-3283,bf7ea162,bc21608f,bd888cfd,3da05492,bf7ea162,bc21608f,bd888cfc,3da05492,1

6057,231,114,-10,-2077,23,15759,-4037,2421,-3283,bf7eb0fb,bb17d2d3,bd829d18,3da04895,bf7eb0fc,bb17d2d8,bd829d17,3da04895,1

6058,234,137,-8,-2064,5,15753,-4043,2455,-3329,bf7ea71b,bc171476,bd87cd53,3d9ed831,bf7ea71c,bc17146f,bd87cd57,3d9ed832,1

6059,240,142,-9,-2060,-12,15748,-4049,2461,-3284,bf7ea4ac,bacbfbac,bd83deb9,3da422cf,bf7ea4ac,bacbfbbf,bd83deb8,3da422cf,1

6060,232,143,-11,-2040,-40,15741,-4049,2461,-3284,bf7eaad5,bc0edf35,bd838579,3da10e88,bf7eaad4,bc0edf32,bd83857c,3da10e87,1

6061,210,140,-7,-2005,93,15722,-4021,2461,-3204,bf7ea4b3,bb345772,bd7a6af4,3da932a2,bf7ea4b2,bb34579a,bd7a6aef,3da932a0,1

6062,228,137,-4,-2071,-62,15770,-4065,2491,-3249,bf7e7dbe,bb0cc127,bd8be021,3dac5e53,bf7e7dbe,bb0cc0f1,bd8be01f,3dac5e52,1

6063,209,130,-4,-2032,-9,15721,-4065,2491,-3249,bf7e97b4,bbc3531d,bd7aa894,3dad97e7,bf7e97b4,bbc3536f,bd7aa89a,3dad97e6,1

6064,197,130,1,-2002,-1,15778,-4033,2481,-3249,bf7e7865,bab688a0,bd85e20f,3db30139,bf7e7865,bab6867b,bd85e209,3db3013a,1

6065,197,112,10,-2052,-13,15798,-4019,2493,-3212,bf7e7fb6,bc0ee0cc,bd818420,3db2bfc5,bf7e7fb7,bc0ee0d1,bd818433,3db2bfc1,1

6066,195,112,15,-2039,-45,15726,-4019,2493,-3212,bf7e6eee,ba8d222c,bd837aeb,3db81659,bf7e6eee,ba8d2180,bd837ae3,3db81656,1

6067,177,126,19,-2066,-3,15760,-4025,2501,-3229,bf7e6ac7,bc0fc007,bd85be7d,3db705fe,bf7e6ac6,bc0fbfe5,bd85be81,3db705fa,1

6068,167,134,12,-2091,20,15763,-4037,2445,-3290,bf7e82e3,bbd792c7,bd893cd5,3dac1ea4,bf7e82e2,bbd79383,bd893cc3,3dac1e98,1

6069,171,137,12,-2084,47,15774,-4041,2481,-3237,bf7e8686,bb756de6,bd7c74dd,3db36774,bf7e8686,bb75685e,bd7c752c,3db3677f,1

6070,175,156,9,-2028,50,15733,-4041,2481,-3237,bf7e79da,bc2b80e9,bd859e6b,3db16afa,bf7e79db,bc2b8155,bd859e3d,3db16af1,1

6071,186,156,6,-2006,66,15750,-3985,2511,-3330,bf7e7244,bb6a768f,bd80265e,3db9257f,bf7e7243,bb6a766e,bd80265c,3db92579,1

6072,203,140,7,-1983,12,15734,-4047,2543,-3292,bf7e5106,baf7cbaa,bd7a8df5,3dc62d5d,bf7e5105,baf7cb96,bd7a8ded,3dc62d58,1

6073,203,128,5,-1958,-5,15702,-4047,2543,-3292,bf7e402b,bc0ba68f,bd7e996f,3dc98951,bf7e402a,bc0ba671,bd7e9983,3dc9894e,1

6074,194,102,7,-1996,-1,15722,-4035,2497,-3372,bf7e3b7c,bb0fc0cc,bd839571,3dc8f71e,bf7e3b7c,bb0fbfef,bd83955b,3dc8f71a,1

6075,197,76,7,-2023,-23,15736,-4043,2529,-3266,bf7e411d,bc1a95a3,bd8114c0,3dc7edbb,bf7e411e,bc1a95b1,bd8114db,3dc7edb4,1

6076,189,74,4,-2088,-28,15764,-4043,2529,-3266,bf7e27b0,bb1c5605,bd86cd43,3dcd0ade,bf7e27b1,bb1c54d0,bd86cd3d,3dcd0adc,1

6077,176,89,1,-2073,-4,15761,-4027,2445,-3242,bf7e3fe9,bc1eb41d,bd86706d,3dc4b410,bf7e3fe8,bc1eb3d9,bd86706c,3dc4b40f,1

6078,173,105,7,-2088,-5,15780,-4009,2427,-3206,bf7e6c75,bc38b595,bd8748af,3db4b860,bf7e6c75,bc38b600,bd8748b1,3db4b864,1

6079,172,116,17,-2054,52,15779,-4009,2427,-3206,bf7e961b,bbbda5ac,bd7d38ad,3dad4659,bf7e961c,bbbda4f2,bd7d38c5,3dad4671,1

6080,188,115,20,-2047,23,15758,-4059,2441,-3283,bf7e90cb,bc2b3f8e,bd891ca6,3da62bc2,bf7e90cb,bc2b4043,bd891c91,3da62bce,1

6081,201,127,20,-2028,27,15765,-4019,2429,-3170,bf7ea9c9,bb837b27,bd7d1109,3da62a73,bf7ea9c9,bb837a98,bd7d112e,3da62a85,1

6082,205,110,28,-2012,-6,15737,-4019,2429,-3170,bf7ead92,bc2325da,bd8558d6,3d9e2532,bf7ead92,bc232645,bd8558bf,3d9e253d,1

6083,213,91,45,-1981,-57,15672,-4071,2427,-3261,bf7eb91a,bb06e991,bd7fea59,3d9f3572,bf7eb91b,bb06ea1e,bd7fea63,3d9f357f,1

6084,221,61,85,-2044,70,15770,-4067,2479,-3325,bf7ea317,bc141f3d,bd8586dc,3da262cc,bf7ea317,bc141f73,bd8586d7,3da262d8,1

6085,214,55,81,-2105,-41,15798,-4047,2497,-3247,bf7e915f,bac29703,bd866103,3da98046,bf7e915e,bac2987a,bd8660fe,3da9804f,1

6086,193,89,37,-2095,-2,15774,-4047,2497,-3247,bf7e818a,bc0179c8,bd8684e2,3dae835f,bf7e818b,bc0179d2,bd8684eb,3dae836c,1

6087,177,92,23,-2078,-19,15756,-4051,2405,-3386,bf7ea96a,bc2270b6,bd863ca1,3d9f130a,bf7ea968,bc2270e8,bd863c81,3d9f1316,1

6088,169,103,16,-2068,36,15745,-4031,2459,-3260,bf7ea0fe,bb1c9129,bd8433ec,3da53fe0,bf7ea0fe,bb1c9144,bd8433fb,3da53fec,1

6089,168,109,5,-2084,-44,15778,-4031,2459,-3260,bf7e986d,bc0512d5,bd8a65c0,3da2b0e4,bf7e986d,bc05136a,bd8a65a2,3da2b0e7,1

6090,164,115,-4,-2068,21,15757,-3997,2439,-3219,bf7eab05,bb203c76,bd7e7c6b,3da546e1,bf7eab03,bb203889,bd7e7ca2,3da546ed,1

6091,159,122,-3,-2047,38,15734,-4027,2517,-3289,bf7e7a83,bb42b0c6,bd86ae70,3db19173,bf7e7a83,bb42b7fb,bd86ae6c,3db19182,1

6092,172,117,0,-2061,87,15760,-4027,2517,-3289,bf7e702b,bc101058,bd806d3e,3db8f1e8,bf7e702b,bc100fa6,bd806d20,3db8f239,1

6093,203,119,3,-2051,89,15739,-4013,2441,-3235,bf7e74ea,bc5bb539,bd88be05,3daff894,bf7e74e9,bc5bb5fd,bd88bdf7,3daff8f4,1

6094,232,105,-3,-2089,-37,15750,-4023,2457,-3249,bf7e75a1,bbaa3b58,bd86e1f1,3db2f18b,bf7e75a1,bbaa3cb2,bd86e1ed,3db2f1e0,1

6095,223,111,-10,-2032,55,15750,-4023,2457,-3249,bf7e9039,bc3f6e2e,bd7dcddd,3dadf90c,bf7e9039,bc3f6ecc,bd7dcdec,3dadf94a,1

6096,227,115,-6,-2048,-5,15777,-4055,2489,-3228,bf7e7f01,bb81bf13,bd825f9f,3db315ca,bf7e7f01,bb81c00e,bd825fa2,3db31601,1

6097,241,112,-5,-2059,-1,15745,-4043,2395,-3240,bf7e916f,bc2d798c,bd84fbcf,3da937f7,bf7e916d,bc2d79e8,bd84fbd2,3da93828,1

6098,228,107,-2,-2049,-3,15744,-4077,2433,-3276,bf7e9bd6,bb2497fe,bd838a64,3da7bcdd,bf7e9bd5,bb24998a,bd838a69,3da7bd01,1

6099,236,94,6,-2069,-38,15741,-4077,2433,-3276,bf7ea6d1,bc179341,bd873696,3d9f73ea,bf7ea6d0,bc179381,bd873699,3d9f7406,1

6100,236,102,1,-2061,31,15760,-4067,2519,-3325,bf7e9a08,bb0fa117,bd842015,3da7faeb,bf7e9a08,bb0fa1f3,bd842016,3da7fb05,1

6101,234,97,-4,-2079,-93,15745,-4009,2439,-3229,bf7ea13c,bbf5ffb2,bd8a6e6a,3d9f4dcc,bf7ea13d,bbf5ffbf,bd8a6e73,3d9f4de2,1

6102,220,96,-7,-2069,-7,15749,-4009,2439,-3229,bf7eb074,baa0ca92,bd808aba,3da234cb,bf7eb074,baa0cd58,bd808ab1,3da234d7,1

6103,224,87,2,-2078,-27,15774,-4043,2471,-3273,bf7e9806,bbd9d7c0,bd8aea8c,3da2b00e,bf7e9806,bbd9d75c,bd8aea93,3da2b01b,1

6104,219,84,2,-2061,15,15756,-4061,2427,-3226,bf7ec56c,bbf84d49,bd78240e,3d9ca30e,bf7ec56d,bbf84e92,bd78241f,3d9ca319,1

6105,232,91,14,-2094,-44,15736,-4061,2427,-3226,bf7eab6e,bb5c5d58,bd8a39f1,3d9bf7b7,bf7eab6f,bb5c5c88,bd8a39ea,3d9bf7c7,1

6106,225,100,15,-2108,-16,15761,-4047,2431,-3272,bf7ec3bc,bc1b647f,bd83c6c4,3d9678bf,bf7ec3bd,bc1b64d4,bd83c6d4,3d9678c8,1

6107,213,108,4,-2105,-65,15767,-4037,2457,-3259,bf7eb446,baddbab6,bd86714f,3d9bc737,bf7eb447,baddbc92,bd867150,3d9bc741,1

6108,190,122,-7,-2099,-95,15767,-4037,2457,-3259,bf7ea28d,babc1e5f,bd8afff1,3d9eff3c,bf7ea28e,babc1879,bd8afffa,3d9eff48,1

6109,160,131,-16,-2060,-42,15746,-4085,2417,-3328,bf7ec0ff,bc05c631,bd841730,3d97aced,bf7ec0ff,bc05c5ac,bd84173d,3d97acff,1

6110,152,133,-9,-2037,0,15745,-4047,2451,-3221,bf7eb831,ba2edd19,bd8266c7,3d9da235,bf7eb830,ba2ed6d3,bd8266c1,3d9da247,1

6111,161,109,-1,-2062,1,15748,-4039,2465,-3233,bf7eac4b,bc0478d5,bd86d27b,3d9ddb02,bf7eac4c,bc0478b6,bd86d273,3d9ddb05,1

6112,171,102,3,-2065,13,15730,-4039,2465,-3233,bf7ea378,ba6f8418,bd83bba9,3da4bb3a,bf7ea379,ba6f81f1,bd83bbac,3da4bb3e,1

6113,188,108,2,-2071,-2,15776,-4053,2491,-3207,bf7e91ae,bbfce0be,bd866e19,3da8a174,bf7e91ae,bbfce0da,bd866e1a,3da8a16f,1

6114,196,104,8,-2084,-21,15747,-3985,2471,-3327,bf7e84dc,b983fc44,bd859828,3daec309,bf7e84dc,b983fde3,bd859825,3daec305,1

6115,195,113,10,-2085,16,15755,-3985,2471,-3327,bf7e8757,bc079a9d,bd8658b2,3dac7257,bf7e8756,bc079aa4,bd8658b5,3dac7252,1

6116,198,111,0,-2066,-7,15751,-4051,2425,-3235,bf7eb177,bbb3554f,bd830a13,3d9f6ad3,bf7eb178,bbb354be,bd830a1c,3d9f6ad3,1

6117,191,113,-14,-2060,-23,15764,-4001,2503,-3249,bf7e982e,3a8b7f63,bd83c1d9,3da90410,bf7e982d,3a8b80d1,bd83c1db,3da90413,1

6118,185,110,-14,-2053,18,15746,-4001,2503,-3249,bf7e8e80,bbdb3ba8,bd83ddff,3dac01d3,bf7e8e7f,bbdb3b7b,bd83ddfc,3dac01d0,1

6119,199,107,-1,-2078,-34,15746,-3983,2459,-3235,bf7e7d3e,3842dacd,bd88b4bb,3daf2125,bf7e7d3e,3842cadf,bd88b4c3,3daf2123,1

6120,198,109,1,-2105,-66,15761,-4073,2433,-3277,bf7e9111,bbeff218,bd886e3a,3da75319,bf7e9111,bbeff234,bd886e39,3da75316,1

6121,190,109,3,-2068,-55,15736,-4073,2433,-3277,bf7eb084,ba8ddef0,bd814351,3da19c58,bf7eb085,ba8ddd92,bd81435b,3da19c5b,1

6122,185,100,10,-2071,19,15755,-4059,2437,-3253,bf7eb0b8,bc0c3be9,bd860daa,3d9c9d50,bf7eb0b9,bc0c3be0,bd860da6,3d9c9d51,1

6123,195,105,7,-2105,-14,15757,-4037,2391,-3200,bf7ec2d3,bb966806,bd8b92b6,3d90acfa,bf7ec2d4,bb966844,bd8b92b3,3d90acf8,1

6124,195,106,-1,-2074,-16,15746,-4033,2479,-3321,bf7ebf4b,3a91ca0a,bd8399b7,3d99b544,bf7ebf4b,3a91ca32,bd8399ba,3d99b541,1

6125,192,110,2,-2082,22,15770,-4033,2479,-3321,bf7eb1bd,bbd77315,bd868d46,3d9c2cc9,bf7eb1bd,bbd77311,bd868d46,3d9c2cc6,1

6126,201,108,1,-2073,-4,15770,-4073,2475,-3286,bf7ea4e6,3993617b,bd83e482,3da40eee,bf7ea4e8,399361ac,bd83e483,3da40eed,1

6127,212,103,4,-2090,-2,15751,-4077,2431,-3220,bf7eacdc,bbef6d1e,bd86a9c9,3d9dec7d,bf7eacdc,bbef6d1e,bd86a9c7,3d9dec7b,1

6128,216,101,10,-2108,-48,15751,-4077,2431,-3220,bf7eaacb,38bea0c8,bd8a159e,3d9c815c,bf7eaacc,38bea009,bd8a159e,3d9c815c,1

6129,206,102,11,-2091,-47,15741,-4075,2479,-3299,bf7eb1f6,bbc8e7b3,bd825d16,3d9facdc,bf7eb1f5,bbc8e7b2,bd825d14,3d9facdb,1

6130,187,111,8,-2122,-75,15762,-4093,2503,-3312,bf7e9547,3a2f7e30,bd88038a,3da6ba9a,bf7e9548,3a2f7e42,bd880388,3da6ba9a,1

6131,178,126,0,-2094,-6,15750,-4093,2503,-3312,bf7e93c7,bbe8376e,bd85cf84,3da87306,bf7e93c7,bbe8376f,bd85cf82,3da87305,1

6132,186,128,-3,-2094,-19,15751,-4045,2509,-3284,bf7e7e60,b8fce600,bd860125,3db0cc64,bf7e7e60,b8fce6ff,bd860125,3db0cc63,1

6133,197,135,2,-2091,57,15735,-3993,2499,-3260,bf7e7993,bc0536cd,bd8636e3,3db19474,bf7e7994,bc0536ce,bd8636e3,3db19474,1

6134,221,123,0,-2085,36,15756,-3993,2499,-3260,bf7e665e,babeee06,bd84b0c8,3dba274f,bf7e665e,babeee19,bd84b0c5,3dba274e,1

6135,241,122,4,-2091,-84,15755,-3999,2485,-3296,bf7e648d,bbffd142,bd8a4e9a,3db5fa5b,bf7e648c,bbffd11f,bd8a4e9c,3db5fa5a,1

6136,234,127,-1,-2048,-45,15733,-4087,2527,-3212,bf7e6271,ba845f45,bd833eaf,3dbc845c,bf7e6271,ba845f05,bd833eae,3dbc845b,1

6137,226,123,-2,-2101,-69,15778,-4071,2507,-3332,bf7e58ee,bbf31c98,bd8ad5ab,3db9aa7d,bf7e58ee,bbf31c67,bd8ad5af,3db9aa7c,1

6138,214,123,0,-2092,-35,15774,-4071,2507,-3332,bf7e5b55,ba40d7dc,bd836504,3dbecda7,bf7e5b55,ba40d76c,bd836505,3dbecda6,1

6139,208,123,3,-2071,-53,15748,-4049,2497,-3297,bf7e5f20,bc05e0a8,bd86ece8,3dba4b53,bf7e5f20,bc05e0a4,bd86ece8,3dba4b53,1

6140,204,126,7,-2071,-28,15746,-4003,2445,-3241,bf7e87eb,bb865323,bd82ef0c,3daf7584,bf7e87eb,bb86533c,bd82ef0b,3daf7584,1

6141,207,127,9,-2056,-34,15724,-4003,2445,-3241,bf7e90b1,bc1e9bad,bd884c7f,3da71248,bf7e90b1,bc1e9bab,bd884c80,3da71248,1

6142,214,119,10,-2082,-43,15740,-4037,2487,-3256,bf7e88be,bb006241,bd86017a,3dacfa8c,bf7e88be,bb006235,bd86017c,3dacfa8c,1

6143,214,108,17,-2059,-23,15728,-4057,2521,-3253,bf7e7014,bb2679e4,bd816370,3db91ba7,bf7e7013,bb2679ed,bd816366,3db91ba4,1

6144,213,97,21,-2078,-51,15739,-4057,2521,-3253,bf7e489a,bb81fbd3,bd8cb4db,3dbe3c9a,bf7e489b,bb81fb7b,bd8cb4e2,3dbe3c93,1

6145,205,97,9,-2102,-50,15763,-4035,2403,-3277,bf7e6bd9,bc2913c3,bd8906a6,3db3dc35,bf7e6bd9,bc291395,bd8906a3,3db3dc32,1

6146,188,101,3,-2083,-76,15749,-4113,2487,-3275,bf7e6c7f,bb167189,bd86473c,3db6db24,bf7e6c80,bb1670e6,bd864737,3db6db21,1

6147,183,108,-6,-2096,-52,15773,-4113,2487,-3275,bf7e7724,bc1825ee,bd883807,3db0afa7,bf7e7724,bc1825d4,bd883806,3db0afa5,1

6148,177,115,-1,-2088,-3,15750,-4093,2461,-3225,bf7e8464,baf1b881,bd8435a9,3daff12f,bf7e8464,baf1b7b9,bd8435af,3daff12b,1

6149,185,108,1,-2090,-15,15746,-4041,2503,-3238,bf7e6b45,bbf59a0f,bd89cc78,3db40f5d,bf7e6b45,bbf59a5d,bd89cc6d,3db40f5a,1

6150,196,102,4,-2129,-111,15767,-4085,2459,-3278,bf7e768b,395311ce,bd8998ea,3db0db26,bf7e768b,39530d52,bd8998f3,3db0db2a,1

6151,187,114,6,-2111,-22,15754,-4085,2459,-3278,bf7e86f3,bbf7a0cb,bd887cad,3dab0b2b,bf7e86f4,bbf7a0e7,bd887cb0,3dab0b2f,1

6152,177,127,1,-2097,-33,15775,-4079,2485,-3314,bf7e8021,b933771e,bd8584f8,3db088a4,bf7e8021,b9337b3b,bd8584f2,3db088a5,1

6153,183,123,-3,-2107,9,15763,-4099,2485,-3269,bf7e82b3,bc0409d8,bd87e1af,3dacffad,bf7e82b2,bc0409e2,bd87e1ae,3dacffad,1

6154,200,129,1,-2107,3,15758,-4099,2485,-3269,bf7e7883,ba63d8f2,bd869733,3db27216,bf7e7883,ba63d95b,bd869732,3db27216,1

6155,221,130,-3,-2107,-4,15758,-4093,2503,-3214,bf7e7681,bc0c7a3a,bd881731,3db12a89,bf7e7681,bc0c7a40,bd88172f,3db12a89,1

6156,242,130,0,-2101,-34,15771,-4097,2459,-3267,bf7e82db,ba83a226,bd864d79,3daeefe1,bf7e82db,ba83a22a,bd864d7c,3daeefe1,1

6157,248,127,4,-2109,-69,15734,-4097,2459,-3267,bf7e8d26,bc03a012,bd899448,3da7bc8a,bf7e8d27,bc03a01f,bd899443,3da7bc8a,1

6158,247,133,9,-2082,-55,15728,-4063,2459,-3237,bf7e92f7,b9a6f85a,bd84a198,3daa4d49,bf7e92f6,b9a6f869,bd84a198,3daa4d4a,1

6159,237,134,6,-2060,-11,15718,-4079,2469,-3286,bf7e99ed,bc0545f6,bd855315,3da64caa,bf7e99ed,bc0545f5,bd855319,3da64cac,1

6160,232,125,3,-2076,-114,15730,-4079,2469,-3286,bf7e9145,b80ec2ef,bd86353f,3da9b333,bf7e9145,b80ebff1,bd863541,3da9b334,1

6161,219,121,-12,-2057,-53,15730,-4109,2459,-3267,bf7ea213,bbf8eba1,bd85050b,3da381b3,bf7ea214,bbf8eb9a,bd850508,3da381b5,1

6162,215,118,-5,-2069,-75,15731,-4037,2451,-3257,bf7e9ae5,39caf2c7,bd85f4f5,3da64022,bf7e9ae6,39caf2d7,bd85f4f8,3da64023,1

6163,218,105,3,-2109,-64,15748,-4077,2447,-3272,bf7ea271,bbe6d24e,bd890642,3da02048,bf7ea271,bbe6d25b,bd89063e,3da02048,1

6164,219,104,10,-2147,-163,15774,-4077,2447,-3272,bf7e9b57,3a8f46f6,bd8b0e1a,3da1d2db,bf7e9b56,3a8f46a2,bd8b0e1a,3da1d2da,1

6165,198,119,13,-2114,-19,15755,-4061,2443,-3290,bf7eab15,bbdd2d43,bd888c63,3d9d1f89,bf7eab14,bbdd2d55,bd888c62,3d9d1f88,1

6166,195,131,2,-2114,-65,15746,-4051,2467,-3243,bf7e9f3e,3a58b73f,bd87e01b,3da2fdf8,bf7e9f3f,3a58b6b9,bd87e01a,3da2fdf8,1

6167,195,132,0,-2117,-26,15756,-4051,2467,-3243,bf7ea23b,bbe97f64,bd88a865,3da081a5,bf7ea23c,bbe97f71,bd88a867,3da081a5,1

6168,203,134,-2,-2091,18,15739,-4045,2469,-3330,bf7e9a1e,ba0377ba,bd842110,3da80066,bf7e9a1f,ba037909,bd842107,3da80064,1

6169,231,137,-3,-2081,-22,15746,-4033,2479,-3293,bf7e9981,ba9a9b5e,bd8479d3,3da7f27a,bf7e9981,ba9a9bf0,bd8479ca,3da7f278,1

6170,250,135,0,-2090,-62,15740,-4033,2479,-3293,bf7e97c2,bad60223,bd852991,3da80cfe,bf7e97c2,bad60260,bd85298b,3da80cfc,1

6171,250,130,6,-2067,-2,15727,-4005,2481,-3166,bf7e96ec,bb125b6f,bd852784,3da857c8,bf7e96ed,bb125b86,bd852780,3da857c7,1

6172,270,118,10,-2067,-16,15736,-4011,2441,-3254,bf7e9825,bb3b85a3,bd85439f,3da7c0d0,bf7e9826,bb3b85b7,bd85439c,3da7c0cf,1

6173,293,83,34,-2082,-107,15678,-4011,2441,-3254,bf7e9880,bb42d93c,bd862990,3da6e494,bf7e9881,bb42d943,bd86298d,3da6e494,1

6174,305,58,65,-2178,-180,15827,-4059,2479,-3257,bf7e950a,bb118cc4,bd87568a,3da74fca,bf7e950a,bb118cd2,bd875688,3da74fc9,1

6175,283,92,50,-2123,-178,15775,-4073,2449,-3241,bf7e9588,baf9a155,bd88392c,3da66b79,bf7e9587,baf9a160,bd88392a,3da66b77,1

6176,239,129,33,-2112,-177,15757,-4053,2511,-3307,bf7e9366,ba93b4ba,bd883a33,3da7428a,bf7e9367,ba93b4c8,bd883a32,3da74289,1

6177,210,135,26,-2077,-140,15741,-4053,2511,-3307,bf7e91d5,ba0b95f1,bd87c091,3da840bc,bf7e91d5,ba0b960f,bd87c090,3da840bb,1

6178,196,140,29,-2073,-153,15722,-4037,2459,-3353,bf7e9490,ba7df09d,bd87513f,3da78f61,bf7e9490,ba7df0af,bd87513e,3da78f60,1

6179,180,124,29,-2062,-108,15743,-4037,2473,-3303,bf7e962c,bab3af1e,bd868b9e,3da78f17,bf7e962c,bab3af22,bd868b9d,3da78f16,1

6180,166,113,14,-2090,-95,15743,-4037,2473,-3303,bf7e9580,baec018b,bd86ce23,3da79664,bf7e957f,baec0180,bd86ce22,3da79662,1

6181,163,120,10,-2086,-99,15755,-4053,2461,-3220,bf7e96f1,bb18cf58,bd86dc0b,3da6f80f,bf7e96f0,bb18cf50,bd86dc0b,3da6f80d,1

6182,165,114,16,-2079,-55,15751,-4061,2465,-3295,bf7e9801,bb41595d,bd86a7ba,3da6b00b,bf7e9801,bb415958,bd86a7bd,3da6b00a,1

6183,176,112,24,-2086,-38,15741,-4061,2465,-3295,bf7e983e,bb65b9d0,bd86abcc,3da689e5,bf7e983e,bb65b9ce,bd86abcd,3da689e4,1

6184,189,108,16,-2114,-95,15734,-4029,2463,-3313,bf7e962c,bb47c65d,bd876ca9,3da6c17d,bf7e962c,bb47c656,bd876caa,3da6c17c,1

6185,195,107,6,-2108,-83,15767,-4089,2433,-3349,bf7e983b,bb6af87b,bd87b39b,3da5b24e,bf7e983b,bb6af875,bd87b39c,3da5b24d,1

6186,192,115,5,-2090,-113,15762,-4089,2433,-3349,bf7e9bdc,bb767a07,bd87a0c8,3da45735,bf7e9bdc,bb767a01,bd87a0c8,3da45734,1

6187,185,110,12,-2081,-69,15742,-4047,2453,-3211,bf7e9df9,bb706367,bd871941,3da3f799,bf7e9df8,bb706360,bd871941,3da3f797,1

6188,195,100,8,-2095,-111,15739,-4073,2453,-3321,bf7e9e4a,bb4dc2ba,bd8764fb,3da3a51a,bf7e9e4a,bb4dc2ae,bd8764fa,3da3a519,1

6189,193,103,11,-2128,-146,15757,-4095,2511,-3353,bf7e9bd8,bb1ead83,bd87abd5,3da46ae1,bf7e9bd9,bb1ead78,bd87abd4,3da46ae1,1

6190,177,115,3,-2100,-106,15752,-4095,2511,-3353,bf7e999f,baef0fdd,bd879a23,3da55d28,bf7e999f,baef0fc8,bd879a22,3da55d28,1

6191,168,120,8,-2107,-64,15750,-4063,2469,-3276,bf7e9991,bb1eab71,bd87c006,3da53bae,bf7e9990,bb1eab66,bd87c005,3da53bae,1

6192,164,117,5,-2116,-143,15749,-4089,2493,-3323,bf7e9781,bae9ca7c,bd87f94f,3da5df95,bf7e9781,bae9ca71,bd87f950,3da5df96,1

6193,165,119,8,-2105,-98,15752,-4089,2493,-3323,bf7e9585,baca33df,bd87e8de,3da6b251,bf7e9586,baca33df,bd87e8e0,3da6b253,1

6194,156,119,8,-2108,-16,15764,-4049,2447,-3291,bf7e96b3,bb191c72,bd87ecdb,3da6314f,bf7e96b4,bb191c71,bd87ecdc,3da63151,1

6195,163,113,5,-2121,-75,15742,-4067,2463,-3222,bf7e96c6,bb3a4d4b,bd885fa7,3da5c417,bf7e96c6,bb3a4d4d,bd885fa7,3da5c418,1

6196,176,123,9,-2091,-84,15766,-4067,2463,-3222,bf7e9902,bb42f2df,bd87b71a,3da56ff4,bf7e9902,bb42f2e9,bd87b71a,3da56ff5,1

6197,180,114,7,-2105,-68,15759,-4041,2463,-3242,bf7e98e4,bb4c1414,bd87c808,3da56ade,bf7e98e4,bb4c141e,bd87c808,3da56adf,1

6198,190,111,2,-2112,-67,15757,-4085,2497,-3244,bf7e965b,bb2ce91a,bd87d8a5,3da65eb3,bf7e965b,bb2ce924,bd87d8a5,3da65eb4,1

6199,192,117,6,-2089,-52,15756,-4085,2497,-3244,bf7e94ca,bb201e80,bd875f64,3da75dd3,bf7e94ca,bb201e87,bd875f64,3da75dd4,1

6200,200,112,10,-2109,-76,15729,-4093,2519,-3320,bf7e91ae,bafd9f00,bd877c83,3da87b51,bf7e91af,bafd9f0e,bd877c83,3da87b53,1

6201,198,115,8,-2119,-115,15732,-4047,2505,-3285,bf7e8e99,bab6a816,bd87cbb1,3da96a7c,bf7e8e99,bab6a828,bd87cbb2,3da96a7d,1

6202,181,126,-4,-2093,-106,15744,-4083,2481,-3264,bf7e8f6c,bae94fcd,bd879b51,3da93e32,bf7e8f6c,bae94fde,bd879b52,3da93e33,1

6203,180,118,-1,-2089,-77,15740,-4083,2481,-3264,bf7e9013,bb157c28,bd87600d,3da9286c,bf7e9013,bb157c2f,bd87600d,3da9286d,1

6204,182,113,2,-2107,-123,15738,-4035,2481,-3294,bf7e8e25,baec1feb,bd87b5b7,3da9a361,bf7e8e25,baec1ffc,bd87b5b7,3da9a361,1

6205,178,106,-1,-2107,-89,15734,-4023,2463,-3350,bf7e8e84,bb197f6f,bd87fc23,3da9400d,bf7e8e84,bb197f71,bd87fc24,3da9400d,1

6206,178,107,9,-2123,-85,15758,-4023,2463,-3350,bf7e8e06,bb315bcd,bd887dec,3da9014a,bf7e8e05,bb315bd1,bd887dec,3da90149,1

6207,175,111,8,-2127,-89,15773,-4067,2461,-3292,bf7e8ed3,bb4a5701,bd88dc7c,3da86040,bf7e8ed2,bb4a56f9,bd88dc7c,3da8603f,1

6208,171,123,-4,-2122,-125,15739,-4055,2485,-3324,bf7e8d5e,bb2002bc,bd88ed4e,3da8eae5,bf7e8d5f,bb2002b7,bd88ed4f,3da8eae5,1

6209,167,125,2,-2091,-72,15741,-4055,2485,-3324,bf7e8d90,bb1d7560,bd8818db,3da9841f,bf7e8d8f,bb1d755d,bd8818d9,3da9841e,1

6210,166,124,4,-2111,-90,15755,-4087,2479,-3398,bf7e8d2a,bb2535a7,bd88311c,3da9947e,bf7e8d2a,bb25359f,bd88311c,3da9947e,1

6211,174,115,11,-2090,-67,15726,-4019,2457,-3309,bf7e8efe,bb4aac32,bd87defb,3da91c8d,bf7e8eff,bb4aac2c,bd87defb,3da91c8d,1

6212,164,112,6,-2105,-84,15740,-4019,2457,-3309,bf7e8fbe,bb55485b,bd8805cf,3da8b179,bf7e8fbd,bb554856,bd8805ce,3da8b178,1

6213,153,109,1,-2120,-112,15754,-4075,2461,-3242,bf7e9044,bb4c20f1,bd888e24,3da813c5,bf7e9044,bb4c20f1,bd888e25,3da813c6,1

6214,149,113,-5,-2128,-78,15751,-4045,2433,-3265,bf7e9231,bb735566,bd88dcc2,3da70b41,bf7e9231,bb735568,bd88dcc2,3da70b42,1

6215,145,119,-2,-2117,-60,15748,-4067,2389,-3283,bf7e94d8,bb8f3f85,bd88ec4a,3da5e992,bf7e94d9,bb8f3f86,bd88ec4a,3da5e994,1

6216,148,112,-2,-2105,-103,15747,-4067,2389,-3283,bf7e9854,bb9f68e4,bd88ec45,3da48335,bf7e9854,bb9f68e6,bd88ec45,3da48336,1

6217,149,110,-5,-2078,-65,15725,-4067,2471,-3247,bf7e98b8,bb8c2a45,bd8844ee,3da4f906,bf7e98b7,bb8c2a44,bd8844ee,3da4f907,1

6218,161,102,-4,-2111,-98,15764,-4067,2427,-3288,bf7e9bd8,bb90ecd2,bd8875d6,3da3968d,bf7e9bd8,bb90ecd3,bd8875d7,3da3968f,1

6219,149,100,3,-2120,-55,15748,-4067,2427,-3288,bf7e9e15,bb9fcc41,bd88b97a,3da2700f,bf7e9e16,bb9fcc45,bd88b97c,3da27012,1

6220,153,104,1,-2112,-18,15745,-4075,2443,-3278,bf7ea014,bbab5afb,bd888d5b,3da1c082,bf7ea013,bbab5b01,bd888d5b,3da1c083,1

6221,164,95,4,-2129,-59,15771,-4113,2427,-3264,bf7ea272,bbb06b4f,bd88f706,3da07227,bf7ea271,bbb06b54,bd88f706,3da07228,1

6222,173,106,3,-2150,-18,15775,-4113,2427,-3264,bf7ea3d2,bbbdd12c,bd8981bf,3d9f5fae,bf7ea3d3,bbbdd131,bd8981c1,3d9f5fb0,1

6223,187,117,2,-2137,-7,15765,-4097,2475,-3267,bf7ea226,bba9ab6b,bd8970c8,3da02f84,bf7ea226,bba9ab70,bd8970c9,3da02f85,1

6224,197,122,2,-2126,-66,15737,-4099,2451,-3280,bf7ea26f,bb940735,bd896b1d,3da02ce6,bf7ea26f,bb940739,bd896b1c,3da02ce7,1

6225,198,116,-1,-2123,-22,15753,-4099,2451,-3280,bf7ea3d0,bb99b8b2,bd892503,3d9fd6b8,bf7ea3d1,bb99b8b7,bd892503,3d9fd6ba,1

6226,207,120,4,-2117,-62,15751,-4067,2433,-3286,bf7ea678,bb948579,bd88fe92,3d9eed3d,bf7ea678,bb94857f,bd88fe90,3d9eed3e,1

6227,223,123,7,-2117,-65,15747,-4055,2461,-3370,bf7ea589,bb79e96c,bd88dd1a,3d9f7dda,bf7ea589,bb79e977,bd88dd19,3d9f7ddb,1

6228,220,115,8,-2130,-100,15759,-4041,2467,-3276,bf7ea3ed,bb49d690,bd89006d,3da014a9,bf7ea3ec,bb49d69b,bd89006c,3da014a9,1

6229,215,120,9,-2114,-39,15748,-4041,2467,-3276,bf7ea2d8,bb449f46,bd88a54b,3da0d1fc,bf7ea2d7,bb449f48,bd88a54c,3da0d1fc,1

6230,221,119,11,-2154,-79,15763,-4053,2467,-3348,bf7e9ff3,bb2b4683,bd89693c,3da1574d,bf7e9ff2,bb2b4686,bd89693e,3da1574d,1

6231,226,118,7,-2119,-65,15758,-4051,2447,-3374,bf7ea192,bb494d7e,bd89316f,3da0da5a,bf7ea191,bb494d80,bd893172,3da0da5a,1

6232,226,117,12,-2097,-23,15724,-4051,2447,-3374,bf7ea362,bb6dc400,bd88a836,3da08b20,bf7ea362,bb6dc402,bd88a83a,3da08b21,1

6233,227,122,7,-2152,-151,15768,-4063,2459,-3250,bf7ea1e5,bb3bd2b7,bd893103,3da0bdbc,bf7ea1e4,bb3bd2ae,bd893106,3da0bdbd,1

6234,218,123,3,-2135,-84,15751,-4041,2489,-3214,bf7e9f76,bb1437b9,bd89400d,3da1b1c2,bf7e9f76,bb1437b1,bd89400f,3da1b1c3,1

6235,207,128,-3,-2144,-111,15761,-4041,2489,-3214,bf7e9ced,badabb81,bd896fe6,3da28f37,bf7e9ced,badabb73,bd896fe8,3da28f38,1

6236,199,131,-4,-2109,-68,15732,-4071,2443,-3345,bf7e9f0f,bb191e9c,bd893967,3da1de27,bf7e9f0f,bb191e98,bd89396a,3da1de28,1

6237,210,131,6,-2118,-140,15731,-4069,2477,-3298,bf7e9dea,bad7ecdb,bd892b18,3da26693,bf7e9de9,bad7ecd2,bd892b19,3da26693,1

6238,202,130,15,-2112,-98,15726,-4069,2477,-3298,bf7e9d12,bacb8ced,bd88e0a8,3da2faa2,bf7e9d13,bacb8cea,bd88e0aa,3da2faa4,1

6239,187,130,6,-2098,-63,15735,-4073,2455,-3272,bf7e9eee,bb1224d9,bd88909c,3da27bd9,bf7e9eee,bb1224d7,bd88909d,3da27bda,1

6240,184,118,-8,-2093,0,15752,-4103,2465,-3267,bf7ea03e,bb42067d,bd8833a2,3da2397c,bf7ea03f,bb42067f,bd8833a4,3da2397e,1

6241,203,117,-9,-2133,-65,15760,-4099,2467,-3326,bf7e9ece,bb47002d,bd88d375,3da24148,bf7e9ece,bb470035,bd88d375,3da24148,1

6242,219,111,-12,-2143,-94,15769,-4099,2467,-3326,bf7e9d4c,bb2f66c0,bd89747b,3da257f4,bf7e9d4c,bb2f66c5,bd89747b,3da257f4,1

6243,220,121,-4,-2141,-96,15740,-4075,2459,-3234,bf7e9d12,bb2d5563,bd89f093,3da205cf,bf7e9d11,bb2d5565,bd89f091,3da205cf,1

6244,227,126,4,-2166,-127,15776,-4099,2513,-3213,bf7e9a76,baff4b85,bd8a224d,3da2ebe7,bf7e9a76,baff4b8c,bd8a224c,3da2ebe8,1

6245,214,140,1,-2117,-41,15748,-4099,2513,-3213,bf7e9889,bae33702,bd898f43,3da42a1b,bf7e9889,bae3370a,bd898f42,3da42a1c,1

6246,220,141,-1,-2126,-160,15751,-4071,2465,-3306,bf7e98f5,baa13522,bd899855,3da3fddd,bf7e98f4,baa13529,bd899853,3da3fdde,1

6247,207,147,-3,-2086,-95,15731,-4071,2471,-3284,bf7e9b58,bad17dbe,bd889470,3da3e629,bf7e9b58,bad17dd3,bd88946f,3da3e62b,1

6248,207,143,-2,-2091,-100,15737,-4071,2471,-3284,bf7e9cbc,baea9f8b,bd87ea4b,3da3e744,bf7e9cbd,baea9fac,bd87ea4c,3da3e745,1

6249,223,129,8,-2114,-113,15729,-4055,2503,-3281,bf7e9a09,ba9c8f7f,bd88025e,3da4e4e2,bf7e9a0a,ba9c8f99,bd88025d,3da4e4e3,1

6250,216,122,10,-2102,-131,15729,-4065,2487,-3300,bf7e983b,ba4d5a09,bd8804d3,3da59756,bf7e983a,ba4d5a33,bd8804d1,3da59756,1

6251,209,120,14,-2126,-226,15722,-4065,2487,-3300,bf7e9638,b8809bf9,bd887a55,3da5fe89,bf7e9637,b8809df1,bd887a54,3da5fe89,1

6252,180,122,12,-2090,-117,15757,-4035,2455,-3207,bf7e9855,ba439581,bd8839ab,3da56221,bf7e9855,ba4395c3,bd8839ab,3da56221,1

6253,165,126,11,-2100,-56,15721,-4065,2417,-3218,bf7e9a59,bac26c77,bd883a3a,3da49527,bf7e9a59,bac26c99,bd883a3a,3da49527,1

6254,174,110,6,-2117,-93,15744,-4085,2463,-3236,bf7e9b09,bb07799d,bd887fc8,3da4103d,bf7e9b0a,bb0779ac,bd887fc9,3da4103e,1

6255,174,117,7,-2104,-16,15722,-4085,2463,-3236,bf7e9bf5,bb385bba,bd886187,3da3c222,bf7e9bf5,bb385bc8,bd886187,3da3c223,1

6256,190,109,11,-2123,-69,15746,-4079,2473,-3218,bf7e9a6b,bb37814b,bd88b36c,3da41761,bf7e9a6a,bb378158,bd88b36c,3da41762,1

6257,214,103,8,-2141,-83,15763,-4077,2479,-3253,bf7e97d2,bb20efbc,bd893d5a,3da4ab64,bf7e97d2,bb20efc7,bd893d5a,3da4ab66,1

6258,221,110,13,-2163,-176,15757,-4077,2479,-3253,bf7e95ac,bae40d31,bd89da8e,3da50655,bf7e95ac,bae40d43,bd89da8e,3da50657,1

6259,202,125,16,-2116,-87,15744,-4073,2419,-3303,bf7e982d,bb1b992b,bd89c461,3da4188d,bf7e982c,bb1b9933,bd89c460,3da4188e,1

6260,192,137,12,-2108,-125,15733,-4083,2469,-3332,bf7e992a,bafcf412,bd893211,3da43715,bf7e992b,bafcf41e,bd893212,3da43718,1

6261,188,139,1,-2114,-139,15747,-4083,2469,-3332,bf7e99b1,bac95984,bd890079,3da430d5,bf7e99b2,bac95993,bd89007a,3da430d8,1

6262,159,128,-3,-2092,-73,15735,-4067,2477,-3373,bf7e9a8b,bafcc2f6,bd883a3b,3da47d21,bf7e9a8c,bafcc2ff,bd883a3a,3da47d24,1

6263,164,128,4,-2094,-94,15728,-4089,2421,-3301,bf7e9d2d,bb295123,bd882dea,3da377e5,bf7e9d2d,bb295128,bd882de9,3da377e7,1

6264,182,122,12,-2123,-118,15738,-4089,2421,-3301,bf7e9f54,bb48e0bb,bd888af3,3da249ab,bf7e9f55,bb48e0c1,bd888af4,3da249ad,1

6265,189,117,11,-2130,-126,15740,-4041,2461,-3325,bf7e9ddc,bb1f6903,bd88f11e,3da29296,bf7e9ddc,bb1f68fd,bd88f11c,3da29297,1

6266,179,115,12,-2138,-123,15743,-4083,2449,-3333,bf7e9e50,bb24e8eb,bd899dc9,3da1d127,bf7e9e50,bb24e8e6,bd899dc9,3da1d128,1

6267,167,126,21,-2100,-65,15754,-4071,2473,-3288,bf7e9ee7,bb24cfcb,bd88af6f,3da25fe0,bf7e9ee6,bb24cfcd,bd88af6e,3da25fe0,1

6268,172,121,9,-2131,-101,15740,-4071,2473,-3288,bf7e9ce2,bb0c761a,bd891222,3da2dce0,bf7e9ce2,bb0c7620,bd891222,3da2dce1,1

6269,182,120,8,-2135,-112,15759,-4051,2429,-3284,bf7e9ec2,bb2e7703,bd8964b4,3da1d28d,bf7e9ec3,bb2e770a,bd8964b5,3da1d28f,1

6270,175,120,7,-2095,-47,15733,-4059,2483,-3296,bf7e9e23,bb23cfea,bd88974d,3da2c0d5,bf7e9e22,bb23cff5,bd88974d,3da2c0d6,1

6271,190,125,8,-2099,-50,15738,-4059,2483,-3296,bf7e9ce0,bb1d4afe,bd881346,3da3aed7,bf7e9ce0,bb1d4b08,bd881346,3da3aed9,1

6272,202,118,11,-2117,-101,15752,-4063,2435,-3317,bf7e9eaa,bb3d21fb,bd886399,3da2b09b,bf7e9ea9,bb3d220a,bd886397,3da2b09c,1

6273,212,109,7,-2114,-160,15738,-4067,2449,-3284,bf7e9f33,bb13fc2d,bd88b59e,3da2405f,bf7e9f33,bb13fc3f,bd88b59d,3da24061,1

6274,190,109,13,-2123,-101,15735,-4067,2449,-3284,bf7ea033,bb2b61e0,bd891128,3da188f9,bf7ea034,bb2b61ea,bd891129,3da188fc,1

6275,177,111,6,-2136,-122,15757,-4069,2443,-3226,bf7ea16e,bb3182aa,bd899901,3da096bd,bf7ea16f,bb3182b9,bd899902,3da096c0,1

6276,168,123,1,-2118,-92,15737,-4093,2479,-3317,bf7ea05f,bb124b5c,bd894f43,3da148d4,bf7ea05f,bb124b6a,bd894f44,3da148d6,1

6277,165,126,4,-2125,-76,15761,-4093,2479,-3317,bf7e9f08,bb0ce13c,bd892331,3da1f672,bf7e9f07,bb0ce14c,bd892331,3da1f673,1

6278,179,122,7,-2130,-88,15747,-4059,2483,-3236,bf7e9cae,baee19c1,bd893688,3da2d6e6,bf7e9cae,baee19e5,bd893689,3da2d6e8,1

6279,191,119,1,-2123,-34,15749,-4087,2499,-3263,bf7e9a5f,bb005315,bd88fcf6,3da3ebb8,bf7e9a5e,bb005327,bd88fcf7,3da3ebb9,1

6280,197,117,3,-2114,-106,15763,-4097,2479,-3285,bf7e99f5,bae7c6b7,bd88c2db,3da44741,bf7e99f4,bae7c6cb,bd88c2db,3da44742,1

6281,196,116,4,-2117,-104,15757,-4097,2479,-3285,bf7e9948,bae5ac56,bd88c1e9,3da48b36,bf7e9949,bae5ac71,bd88c1eb,3da48b38,1

6282,198,119,3,-2122,-93,15739,-4067,2493,-3294,bf7e96c0,babba122,bd88d031,3da57c78,bf7e96c0,babba13a,bd88d032,3da57c7a,1

6283,202,118,1,-2138,-134,15723,-4065,2487,-3272,bf7e9414,ba85647b,bd895924,3da61573,bf7e9415,ba85648a,bd895926,3da61575,1

6284,195,129,-1,-2126,-101,15752,-4065,2487,-3272,bf7e92cf,ba9c0982,bd894773,3da69ef6,bf7e92cf,ba9c0996,bd894773,3da69ef7,1

6285,191,130,2,-2129,-105,15763,-4069,2417,-3266,bf7e9521,baf09e2d,bd895e2b,3da5a297,bf7e9521,baf09e40,bd895e2c,3da5a298,1

6286,184,120,-2,-2109,-62,15742,-4065,2463,-3244,bf7e96bf,bb229716,bd890dee,3da53c90,bf7e96bf,bb22971e,bd890def,3da53c91,1

6287,195,123,-2,-2107,-116,15727,-4065,2463,-3244,bf7e9827,bb1571a5,bd88ca23,3da4eda8,bf7e9826,bb1571ae,bd88ca21,3da4eda8,1

6288,203,120,-1,-2126,-114,15732,-4071,2485,-3274,bf7e9616,bae6a4bc,bd89002c,3da592ca,bf7e9615,bae6a4cd,bd89002a,3da592ca,1

6289,192,124,-4,-2113,-126,15737,-4079,2461,-3275,bf7e97fe,bb02fa9b,bd88f9a0,3da4d994,bf7e97fd,bb02faa9,bd88f99e,3da4d994,1

6290,179,128,-5,-2113,-88,15756,-4079,2461,-3275,bf7e99b7,bb24790d,bd88cddc,3da44bed,bf7e99b8,bb24791a,bd88cddc,3da44bee,1

6291,183,120,2,-2121,-112,15746,-4083,2455,-3226,bf7e9b45,bb2f3161,bd890bc8,3da37afb,bf7e9b44,bb2f316b,bd890bc6,3da37afa,1

6292,188,122,2,-2128,-118,15752,-4075,2455,-3295,bf7e9c06,bb2564b1,bd895d29,3da2edc5,bf7e9c06,bb2564b7,bd895d29,3da2edc5,1

6293,174,121,3,-2124,-109,15737,-4075,2455,-3295,bf7e9d4a,bb28a2ff,bd8972f6,3da25bc9,bf7e9d49,bb28a302,bd8972f6,3da25bc9,1

6294,178,118,0,-2128,-74,15748,-4093,2485,-3260,bf7e9b71,bb15cdfd,bd895b6f,3da32cd2,bf7e9b71,bb15cdff,bd895b70,3da32cd2,1

6295,188,115,-6,-2126,-127,15739,-4089,2469,-3284,bf7e9b1a,baf57b69,bd897d7a,3da337fa,bf7e9b1b,baf57b65,bd897d7a,3da337fb,1

6296,179,117,-4,-2127,-86,15747,-4069,2471,-3261,bf7e9ad5,bb0bab78,bd8971a1,3da35955,bf7e9ad5,bb0bab78,bd8971a1,3da35956,1

6297,180,114,-4,-2139,-130,15766,-4069,2471,-3261,bf7e999d,bade5a70,bd89c116,3da39592,bf7e999e,bade5a7a,bd89c118,3da39594,1

6298,182,127,4,-2127,-100,15752,-4097,2401,-3199,bf7e9c3f,bb18222f,bd89c8fc,3da27f51,bf7e9c40,bb182235,bd89c8fe,3da27f53,1

6299,175,136,7,-2124,-129,15757,-4067,2487,-3335,bf7e9ae8,baddbd15,bd899316,3da33bc3,bf7e9ae8,baddbd1f,bd899317,3da33bc4,1

6300,176,129,4,-2104,-89,15744,-4067,2487,-3335,bf7e9a3a,bac38a7c,bd88e271,3da41564,bf7e9a39,bac38a86,bd88e271,3da41564,1

6301,171,134,3,-2134,-134,15741,-4041,2497,-3277,bf7e979c,ba77fe4e,bd890b94,3da4fa50,bf7e979c,ba77fe6b,bd890b95,3da4fa51,1

6302,170,132,11,-2133,-95,15755,-4065,2397,-3283,bf7e99bb,bad601d8,bd892948,3da409e0,bf7e99bb,bad601e8,bd892948,3da409e1,1

6303,161,132,9,-2122,-100,15748,-4065,2397,-3283,bf7e9c29,bb16d656,bd8935e5,3da30435,bf7e9c29,bb16d65e,bd8935e4,3da30436,1

6304,175,131,0,-2126,-103,15749,-4075,2481,-3274,bf7e9a8d,baf6466e,bd893150,3da3aedf,bf7e9a8c,baf6467b,bd89314f,3da3aee0,1

6305,170,131,6,-2114,-99,15740,-4083,2473,-3263,bf7e9ace,bb023742,bd88e9eb,3da3cffa,bf7e9acf,bb02374e,bd88e9eb,3da3cffc,1

6306,163,122,9,-2125,-161,15740,-4083,2473,-3263,bf7e99d0,bab8986d,bd892aa1,3da402c1,bf7e99d0,bab8987d,bd892aa0,3da402c1,1

6307,152,123,8,-2125,-99,15741,-4079,2467,-3266,bf7e9a4a,bafd06b9,bd89463a,3da3b65b,bf7e9a49,bafd06be,bd894639,3da3b65b,1

6308,150,123,7,-2134,-74,15759,-4083,2463,-3297,bf7e9aba,bb26289c,bd8970b5,3da35ed1,bf7e9aba,bb2628a1,bd8970b3,3da35ed2,1

6309,159,117,3,-2129,-65,15741,-4079,2477,-3268,bf7e9967,bb2aa28b,bd896803,3da3e8ba,bf7e9967,bb2aa294,bd896802,3da3e8bb,1

6310,162,112,-2,-2122,-46,15730,-4079,2477,-3268,bf7e98a5,bb3f1b75,bd893661,3da457b7,bf7e98a4,bb3f1b7c,bd893660,3da457b7,1

6311,172,114,-10,-2131,-112,15757,-4079,2443,-3210,bf7e9af0,bb506837,bd8983d5,3da32da0,bf7e9af0,bb506839,bd8983d6,3da32da0,1

6312,173,112,-6,-2128,-69,15750,-4099,2459,-3247,bf7e9c37,bb62fd9d,bd8982a7,3da2a82f,bf7e9c37,bb62fda0,bd8982a8,3da2a82f,1

6313,172,114,-1,-2158,-119,15747,-4099,2459,-3247,bf7e9b35,bb4551d0,bd8a41a6,3da2754f,bf7e9b34,bb4551cf,bd8a41a6,3da2754f,1

6314,169,119,1,-2133,-55,15773,-4059,2517,-3328,bf7e9901,bb22be0d,bd89feb8,3da393cf,bf7e9900,bb22be0c,bd89feb8,3da393cf,1

6315,172,132,4,-2152,-138,15756,-4037,2445,-3318,bf7e9993,bb196b66,bd8a8db6,3da2e39e,bf7e9994,bb196b6c,bd8a8db8,3da2e39f,1

6316,165,135,8,-2126,-64,15745,-4037,2445,-3318,bf7e9bbb,bb42cd96,bd8a2992,3da255df,bf7e9bbb,bb42cd99,bd8a2992,3da255e0,1

6317,168,133,10,-2098,-75,15742,-4067,2491,-3275,bf7e9b14,bb2318a6,bd896ec4,3da33dcf,bf7e9b14,bb2318ab,bd896ec4,3da33dd0,1

6318,179,129,10,-2141,-94,15739,-4087,2435,-3212,bf7e9cee,bb4666d5,bd89bc0d,3da23914,bf7e9cef,bb4666dc,bd89bc0d,3da23915,1

6319,174,127,13,-2090,-2,15730,-4087,2435,-3212,bf7e9f6e,bb74a509,bd8948ba,3da18f65,bf7e9f6e,bb74a510,bd8948b9,3da18f65,1

6320,197,110,2,-2106,-79,15746,-4097,2465,-3254,bf7ea00a,bb546453,bd88ce3e,3da1c577,bf7ea00a,bb546458,bd88ce3d,3da1c577,1

6321,203,110,0,-2120,-113,15747,-4083,2465,-3287,bf7e9f59,bb2b3cfd,bd88ee52,3da1fc4d,bf7e9f58,bb2b3d02,bd88ee51,3da1fc4c,1

6322,196,115,-2,-2154,-119,15750,-4083,2465,-3199,bf7e9d8d,bb14948d,bd89cc0c,3da1faee,bf7e9d8c,bb149493,bd89cc0c,3da1faed,1

6323,182,119,-7,-2134,-134,15761,-4083,2465,-3199,bf7e9d94,baf122e8,bd89e441,3da1e908,bf7e9d94,baf122f4,bd89e442,3da1e908,1

6324,186,126,0,-2128,-94,15747,-4113,2483,-3375,bf7e9c93,baded2e6,bd89a5cc,3da28487,bf7e9c92,baded2e9,bd89a5cc,3da28486,1

6325,178,137,3,-2153,-144,15753,-4095,2459,-3239,bf7e9c9e,bae0be0e,bd8a5752,3da1e90a,bf7e9c9e,bae0be02,bd8a5752,3da1e90a,1

6326,167,148,2,-2097,-7,15745,-4095,2459,-3239,bf7e9eb5,bb210a7f,bd89b81d,3da1942f,bf7e9eb4,bb210a78,bd89b81c,3da1942f,1

6327,172,138,-2,-2133,-99,15738,-4103,2401,-3299,bf7ea156,bb48b3ec,bd89cba1,3da06e48,bf7ea157,bb48b3e6,bd89cba2,3da06e49,1

6328,183,132,1,-2107,-83,15734,-4099,2461,-3308,bf7ea317,bb3c3fb4,bd890782,3da06856,bf7ea316,bb3c3fa8,bd890783,3da06855,1

6329,183,123,7,-2137,-107,15748,-4099,2461,-3308,bf7ea229,bb24d7d1,bd8983c9,3da0622d,bf7ea22a,bb24d7c9,bd8983cb,3da0622d,1

6330,172,124,7,-2116,-29,15745,-4121,2447,-3280,bf7ea3f8,bb538fae,bd8953c1,3d9fc616,bf7ea3f8,bb538fa6,bd8953c2,3d9fc615,1

6331,184,129,2,-2135,-67,15767,-4043,2509,-3281,bf7ea19c,bb2c2ad7,bd893d4c,3da0d496,bf7ea19c,bb2c2acf,bd893d4d,3da0d495,1

6332,194,133,-3,-2151,-105,15747,-4043,2509,-3281,bf7e9eff,bb025921,bd895dfe,3da1caa9,bf7e9eff,bb02591a,bd895dff,3da1caa8,1

6333,198,146,-9,-2100,-23,15753,-4091,2465,-3295,bf7ea0a1,bb2df544,bd88cc24,3da1978b,bf7ea0a0,bb2df53e,bd88cc24,3da1978a,1

6334,199,140,-11,-2142,-92,15756,-4109,2465,-3306,bf7e9fa6,bb2b25af,bd8970b4,3da16f34,bf7e9fa6,bb2b25a9,bd8970b5,3da16f34,1

6335,205,142,-5,-2134,-90,15758,-4093,2439,-3206,bf7ea1e7,bb49e686,bd899466,3da063f9,bf7ea1e7,bb49e680,bd899467,3da063f9,1

6336,198,152,-6,-2136,-150,15742,-4093,2439,-3206,bf7ea3e5,bb32a781,bd89e2f4,3d9f5bfb,bf7ea3e6,bb32a77a,bd89e2f4,3d9f5bfb,1

6337,188,148,-7,-2080,-80,15742,-4045,2503,-3210,bf7ea313,bb0e0a47,bd892e35,3da0540a,bf7ea313,bb0e0a40,bd892e35,3da05409,1

6338,194,131,-1,-2127,-114,15754,-4077,2487,-3370,bf7ea12c,bacdb58b,bd89283d,3da12182,bf7ea12c,bacdb57e,bd89283e,3da12181,1

6339,196,131,2,-2101,-81,15729,-4077,2487,-3370,bf7ea025,bab7e533,bd888ff8,3da20be1,bf7ea026,bab7e521,bd888ff9,3da20be1,1

6340,194,133,-1,-2120,-153,15729,-4107,2463,-3223,bf7ea0c2,baacc4e7,bd88ff16,3da1709e,bf7ea0c2,baacc4e1,bd88ff17,3da1709d,1

6341,171,127,1,-2123,-41,15756,-4069,2453,-3235,bf7ea1cf,bb07ade9,bd88fd39,3da0fff9,bf7ea1cf,bb07ade7,bd88fd3a,3da0fff8,1

6342,171,124,6,-2154,-77,15771,-4069,2453,-3235,bf7ea180,bb294cc4,bd899fc0,3da08c5f,bf7ea180,bb294ccb,bd899fc0,3da08c5e,1

6343,175,131,1,-2127,-68,15754,-4037,2515,-3281,bf7e9f2e,bb058a96,bd896a37,3da1ad14,bf7e9f2f,bb058a9c,bd896a37,3da1ad14,1

6344,186,132,1,-2137,-88,15766,-4045,2469,-3222,bf7e9dc7,bb042c07,bd898f83,3da21ae8,bf7e9dc7,bb042c0a,bd898f7f,3da21ae8,1

6345,192,135,0,-2128,-82,15748,-4045,2469,-3222,bf7e9d17,bb0a31bd,bd896e89,3da27ac4,bf7e9d17,bb0a31c4,bd896e86,3da27ac4,1

6346,195,141,1,-2114,-35,15739,-4073,2449,-3254,bf7e9ed9,bb37c6d6,bd89340a,3da1f05f,bf7e9ed9,bb37c6de,bd893408,3da1f05f,1

6347,210,136,-1,-2119,-119,15726,-4087,2495,-3275,bf7e9d2e,bb0a6eb0,bd891b2d,3da2b7ab,bf7e9d2f,bb0a6eb9,bd891b2c,3da2b7ab,1

6348,209,134,-3,-2096,-127,15738,-4083,2445,-3215,bf7ea0f3,bb1b62d4,bd88aa3b,3da198f4,bf7ea0f2,bb1b62d9,bd88aa3b,3da198f2,1

6349,199,131,1,-2097,-122,15731,-4083,2445,-3215,bf7ea43e,bb266b46,bd8863d9,3da0846d,bf7ea43e,bb266b45,bd8863da,3da0846b,1

6350,183,127,3,-2112,-84,15749,-4089,2453,-3241,bf7ea599,bb3d33ae,bd887367,3d9fe6ec,bf7ea59a,bb3d33a7,bd887368,3d9fe6ea,1

6351,184,124,5,-2098,-63,15743,-4069,2445,-3223,bf7ea7e3,bb5c6e1f,bd8822b0,3d9f37e9,bf7ea7e3,bb5c6e15,bd8822b0,3d9f37e7,1

6352,202,118,4,-2123,-104,15771,-4069,2445,-3223,bf7ea83d,bb46bbc2,bd889b8c,3d9eb392,bf7ea83d,bb46bbb6,bd889b8c,3d9eb390,1

6353,200,124,4,-2115,-120,15750,-4099,2449,-3302,bf7ea92f,bb29f207,bd88be28,3d9e3cc8,bf7ea92e,bb29f1f8,bd88be28,3d9e3cc6,1

6354,193,131,0,-2112,-109,15760,-4043,2459,-3286,bf7ea8a5,bb068918,bd889548,3d9e9ff6,bf7ea8a4,bb068909,bd889548,3d9e9ff4,1

6355,185,126,1,-2119,-124,15759,-4043,2459,-3286,bf7ea7b9,bad1e701,bd88b914,3d9ee501,bf7ea7ba,bad1e6ea,bd88b915,3d9ee500,1

6356,171,131,5,-2122,-92,15724,-4085,2429,-3324,bf7ea973,bb1381b1,bd88e6fb,3d9e03a8,bf7ea974,bb1381a9,bd88e6fc,3d9e03a7,1

6357,168,118,5,-2105,-94,15722,-4077,2459,-3290,bf7ea9f1,bb0fc6cb,bd88943e,3d9e1998,bf7ea9f1,bb0fc6bf,bd88943e,3d9e1997,1

6358,176,121,10,-2104,-56,15746,-4077,2459,-3290,bf7eaa93,bb2f4f16,bd88419d,3d9e175d,bf7eaa93,bb2f4f0c,bd88419b,3d9e175c,1

6359,169,110,7,-2114,-106,15746,-4085,2473,-3249,bf7ea8da,bb0af43e,bd885e3b,3d9eb89a,bf7ea8da,bb0af437,bd885e39,3d9eb899,1

6360,168,118,-2,-2111,-71,15757,-4101,2477,-3190,bf7ea77f,bb0c075e,bd884155,3d9f5c12,bf7ea780,bb0c0756,bd884156,3d9f5c11,1

6361,175,117,-2,-2134,-116,15754,-4045,2527,-3185,bf7ea4bd,bac8d0b7,bd885896,3da0692e,bf7ea4bd,bac8d0a6,bd885897,3da0692c,1

6362,178,113,2,-2134,-74,15761,-4045,2527,-3185,bf7ea16b,ba8c493f,bd886d35,3da1abd2,bf7ea16c,ba8c492f,bd886d37,3da1abd1,1

6363,172,123,-2,-2134,-101,15764,-4077,2463,-3228,bf7ea142,bad2676f,bd88e8dc,3da14ef9,bf7ea141,bad26765,bd88e8dc,3da14ef7,1

6364,172,130,7,-2116,-54,15745,-4119,2497,-3179,bf7e9f48,bae88e7e,bd88aac4,3da24803,bf7e9f48,bae88e76,bd88aac4,3da24801,1

6365,184,128,10,-2100,-92,15758,-4119,2497,-3179,bf7e9de0,bac2df25,bd883710,3da3396f,bf7e9de0,bac2df17,bd883710,3da3396d,1

6366,201,121,16,-2088,-60,15731,-4079,2471,-3215,bf7e9ed9,bb084047,bd87d034,3da326ce,bf7e9ed9,bb08403e,bd87d034,3da326cc,1

6367,202,118,9,-2117,-106,15736,-4079,2439,-3271,bf7ea05e,bb286534,bd8839a0,3da22e9a,bf7ea05e,bb28652c,bd8839a0,3da22e98,1

6368,183,117,-12,-2142,-116,15762,-4079,2439,-3271,bf7ea137,bb3b0d41,bd890275,3da12a51,bf7ea138,bb3b0d33,bd890275,3da12a50,1

6369,163,125,-18,-2101,-86,15752,-4067,2467,-3263,bf7ea1a8,bb25d429,bd886a03,3da184d4,bf7ea1a8,bb25d422,bd886a00,3da184d2,1

6370,172,123,-13,-2099,-71,15750,-4083,2467,-3283,bf7ea256,bb2f5a08,bd87f4a6,3da1a12a,bf7ea256,bb2f59fe,bd87f4a4,3da1a128,1

6371,168,112,-10,-2106,-92,15743,-4083,2467,-3283,bf7ea1b7,bb1ffa83,bd880c06,3da1cfeb,bf7ea1b7,bb1ffa76,bd880c04,3da1cfe9,1

6372,180,105,-5,-2130,-80,15750,-4063,2467,-3301,bf7e9fa4,bb1fd3d5,bd88b71a,3da2107b,bf7e9fa3,bb1fd3c9,bd88b717,3da21078,1

6373,192,109,-1,-2123,-82,15765,-4101,2485,-3188,bf7e9da7,bb0c638d,bd88c799,3da2ce6f,bf7e9da8,bb0c637f,bd88c798,3da2ce6d,1

6374,200,119,3,-2140,-84,15764,-4111,2473,-3191,bf7e9c9e,bb1c3b73,bd8955d2,3da2bae7,bf7e9c9e,bb1c3b63,bd8955d0,3da2bae5,1

6375,195,125,7,-2117,-82,15750,-4111,2473,-3191,bf7e9d36,bb2547dc,bd8908a4,3da2be57,bf7e9d35,bb2547d1,bd8908a2,3da2be54,1

6376,197,123,9,-2107,-128,15751,-4099,2467,-3259,bf7e9dfa,bb0527cc,bd88bd9b,3da2b811,bf7e9df9,bb0527bc,bd88bd9a,3da2b80f,1

6377,185,128,-1,-2101,-80,15743,-4105,2447,-3287,bf7ea06b,bb2d98fd,bd888aee,3da1e39d,bf7ea06b,bb2d98ef,bd888aee,3da1e39b,1

6378,179,125,-1,-2126,-115,15752,-4105,2447,-3287,bf7ea1f0,bb399c11,bd88fdb8,3da0e5f1,bf7ea1f0,bb399c01,bd88fdb9,3da0e5ef,1

6379,184,126,-3,-2105,-77,15743,-4051,2399,-3237,bf7ea4cd,bb6114af,bd88ec0c,3d9fc529,bf7ea4ce,bb6114a1,bd88ec0d,3d9fc528,1

6380,190,123,-2,-2105,-69,15743,-4097,2475,-3280,bf7ea411,bb3ff092,bd8888dc,3da06f6c,bf7ea412,bb3ff08c,bd8888dc,3da06f6a,1

6381,205,118,7,-2142,-128,15735,-4097,2475,-3280,bf7ea1eb,bb151ce3,bd890e0b,3da0e355,bf7ea1ea,bb151cda,bd890e0a,3da0e351,1

6382,201,117,9,-2123,-60,15731,-4111,2461,-3221,bf7ea2a8,bb39352e,bd8924f4,3da07b58,bf7ea2a8,bb393522,bd8924f3,3da07b56,1

6383,199,127,7,-2115,-116,15745,-4065,2463,-3227,bf7ea268,bb130d82,bd88ff44,3da0bf2a,bf7ea268,bb130d75,bd88ff44,3da0bf28,1

6384,190,126,0,-2126,-94,15758,-4065,2463,-3227,bf7ea1f8,bb11fe8d,bd89204f,3da0cf73,bf7ea1f8,bb11fe81,bd89204f,3da0cf71,1

6385,178,130,-5,-2116,-98,15750,-4101,2477,-3250,bf7ea138,bafc9bcd,bd88e4b5,3da15284,bf7ea138,bafc9baf,bd88e4b5,3da15282,1

6386,183,132,-5,-2111,-116,15746,-4069,2483,-3243,bf7e9fd5,babaaa09,bd88b06a,3da20ffa,bf7e9fd5,babaa9eb,bd88b06a,3da20ff8,1

6387,176,125,-3,-2118,-93,15742,-4067,2453,-3324,bf7ea0fb,bb052ac2,bd88cdf0,3da17c20,bf7ea0fc,bb052ab3,bd88cdf1,3da17c1f,1

6388,186,122,4,-2107,-99,15736,-4067,2453,-3324,bf7ea2b4,bb1c3d87,bd88a04b,3da0efab,bf7ea2b4,bb1c3d77,bd88a04d,3da0efa9,1

6389,179,119,3,-2127,-125,15751,-4083,2425,-3197,bf7ea507,bb37f536,bd88f89b,3d9fb099,bf7ea507,bb37f528,bd88f89c,3d9fb097,1

6390,174,123,2,-2109,-62,15733,-4127,2453,-3235,bf7ea716,bb5a227f,bd88c4fe,3d9eff91,bf7ea716,bb5a2271,bd88c4ff,3d9eff8f,1

6391,175,123,5,-2122,-96,15760,-4127,2453,-3235,bf7ea837,bb4e1c0b,bd88f3c4,3d9e6727,bf7ea838,bb4e1bfd,bd88f3c5,3d9e6725,1

6392,170,119,6,-2107,-97,15754,-4175,2461,-3256,bf7eaa49,bb420b9e,bd889c63,3d9de0f8,bf7eaa48,bb420b94,bd889c60,3d9de0f5,1

6393,179,112,5,-2115,-112,15748,-4099,2465,-3219,bf7ea975,bb1ba45c,bd88ac19,3d9e33d7,bf7ea975,bb1ba454,bd88ac19,3d9e33d5,1

6394,168,117,1,-2129,-101,15725,-4099,2465,-3219,bf7ea7fe,bb0d66ee,bd892aad,3d9e60b9,bf7ea7fd,bb0d66e2,bd892aac,3d9e60b6,1

6395,171,114,1,-2146,-153,15760,-4109,2457,-3270,bf7ea737,bae11f2a,bd89d515,3d9e222a,bf7ea736,bae11f18,bd89d515,3d9e2227,1

6396,167,127,8,-2108,-86,15749,-4089,2473,-3181,bf7ea795,bae7583e,bd89116b,3d9ea5d0,bf7ea794,bae7581a,bd89116c,3d9ea5ce,1

6397,147,130,7,-2107,-68,15744,-4089,2473,-3181,bf7ea783,bb08f113,bd88932a,3d9f154e,bf7ea782,bb08f0ff,bd88932b,3d9f154c,1

6398,151,130,3,-2126,-77,15750,-4099,2469,-3167,bf7ea67f,bb199f1c,bd88d8f6,3d9f3e08,bf7ea67f,bb199f11,bd88d8f7,3d9f3e07,1

6399,159,130,1,-2114,-94,15767,-4113,2437,-3229,bf7ea91c,bb3db7c2,bd88cd38,3d9e31b3,bf7ea91c,bb3db7b8,bd88cd39,3d9e31b2,1

6400,171,137,11,-2107,-39,15736,-4113,2437,-3229,bf7eab41,bb68f9f1,bd88a367,3d9d6a25,bf7eab42,bb68f9e8,bd88a369,3d9d6a24,1

6401,181,122,5,-2123,-73,15742,-4099,2499,-3284,bf7ea906,bb401ce9,bd88a0cc,3d9e602f,bf7ea907,bb401cdf,bd88a0ce,3d9e602e,1

6402,181,114,9,-2118,-118,15734,-4083,2459,-3214,bf7ea859,bb1b2bac,bd88d370,3d9e8479,bf7ea859,bb1b2b9b,bd88d36f,3d9e8478,1

6403,179,128,7,-2126,-104,15762,-4123,2489,-3246,bf7ea641,baefc9ef,bd88de4b,3d9f594a,bf7ea641,baefc9d1,bd88de49,3d9f594a,1

6404,169,126,5,-2145,-87,15760,-4123,2489,-3246,bf7ea335,bad70a0e,bd895364,3da02df1,bf7ea335,bad709fb,bd895362,3da02df1,1

6405,168,120,8,-2139,-77,15755,-4139,2497,-3267,bf7ea061,bacb5988,bd897da3,3da1298a,bf7ea060,bacb597f,bd897da0,3da12989,1

6406,177,122,7,-2126,-57,15753,-4109,2445,-3251,bf7ea204,bb14745f,bd897be4,3da07bf9,bf7ea204,bb14745b,bd897be2,3da07bf9,1

6407,190,123,2,-2151,-120,15757,-4109,2445,-3251,bf7ea311,bb266fdf,bd8a19e7,3d9f848a,bf7ea311,bb266fda,bd8a19e5,3d9f848a,1

6408,179,128,2,-2104,-39,15749,-4103,2507,-3286,bf7ea1a3,bb101f19,bd896d7b,3da0afa1,bf7ea1a3,bb101f15,bd896d7a,3da0afa1,1

6409,190,124,2,-2138,-143,15741,-4091,2453,-3228,bf7ea230,bb0100ee,bd89ed8c,3da00cfc,bf7ea22f,bb0100ea,bd89ed8b,3da00cfc,1

6410,185,123,4,-2116,-85,15746,-4091,2453,-3228,bf7ea478,bb22be4c,bd898aac,3d9f71cd,bf7ea477,bb22be4a,bd898aab,3d9f71cd,1

6411,181,127,2,-2109,-113,15738,-4093,2483,-3202,bf7ea383,baf91070,bd892f1c,3da02a7d,bf7ea383,baf91061,bd892f1d,3da02a7e,1

6412,177,117,4,-2110,-51,15729,-4107,2487,-3302,bf7ea241,bb071580,bd88c39e,3da103c5,bf7ea241,bb07157e,bd88c39f,3da103c6,1

6413,181,116,11,-2128,-79,15754,-4107,2487,-3302,bf7e9fbe,baf4ad27,bd88ed94,3da1e031,bf7e9fbe,baf4ad2e,bd88ed94,3da1e032,1

6414,187,124,3,-2121,-45,15739,-4113,2547,-3243,bf7e9cc1,babbd7a3,bd88c42f,3da333fa,bf7e9cc1,babbd7ae,bd88c42f,3da333fb,1

6415,195,121,-3,-2142,-115,15741,-4121,2515,-3281,bf7e9990,ba764704,bd890fa1,3da43624,bf7e9990,ba764717,bd890fa1,3da43625,1

6416,197,124,-6,-2113,-29,15759,-4087,2467,-3280,bf7e9aa3,badc8cfa,bd88e830,3da3e59e,bf7e9aa3,badc8d04,bd88e830,3da3e59f,1

6417,206,126,-3,-2150,-109,15767,-4087,2467,-3280,bf7e99bb,bafb6e4a,bd89aaa4,3da399e9,bf7e99ba,bafb6e55,bd89aaa4,3da399ea,1

6418,202,129,-2,-2126,-105,15738,-4083,2501,-3251,bf7e97a1,bab7b38c,bd8983c9,3da490d0,bf7e97a0,bab7b398,bd8983c9,3da490d1,1

6419,199,131,-1,-2114,-89,15739,-4139,2493,-3196,bf7e9776,bad45e36,bd891777,3da4f9d6,bf7e9775,bad45e4b,bd891777,3da4f9d6,1

6420,194,131,3,-2144,-121,15772,-4139,2493,-3196,bf7e9550,bab59442,bd898e2b,3da56d1e,bf7e9551,bab5944f,bd898e2b,3da56d1f,1

6421,190,129,1,-2114,-73,15758,-4125,2499,-3239,bf7e94a1,bad34ede,bd8907fb,3da61d76,bf7e94a0,bad34ef1,bd8907fa,3da61d75,1

6422,193,133,-2,-2118,-31,15769,-4065,2509,-3271,bf7e9249,badebf44,bd88aa66,3da74e1e,bf7e9249,badebf4c,bd88aa66,3da74e1e,1

6423,205,136,-3,-2134,-66,15767,-4065,2509,-3271,bf7e8f12,bac3211e,bd88c250,3da8752a,bf7e8f12,bac32122,bd88c250,3da8752a,1

6424,219,146,-6,-2121,-106,15744,-4071,2455,-3295,bf7e90e8,bb062c6d,bd88e154,3da7a3a1,bf7e90e8,bb062c70,bd88e153,3da7a3a1,1

6425,217,141,-10,-2135,-169,15747,-4141,2499,-3285,bf7e8f4d,bab0e195,bd892877,3da80ccc,bf7e8f4d,bab0e19f,bd892876,3da80ccc,1

6426,202,142,-3,-2080,-115,15743,-4141,2499,-3285,bf7e908d,baa45dc1,bd881571,3da873b4,bf7e908c,baa45dc3,bd881570,3da873b3,1

6427,201,136,-2,-2121,-141,15751,-4107,2475,-3259,bf7e90f7,babf6366,bd889798,3da7e07a,bf7e90f6,babf635e,bd889798,3da7e07a,1

6428,185,133,0,-2109,-121,15743,-4085,2467,-3293,bf7e92ad,baf728a0,bd889355,3da738cd,bf7e92ae,baf728a1,bd889357,3da738ce,1

6429,172,128,2,-2115,-108,15757,-4123,2497,-3240,bf7e911a,bad4b800,bd88872a,3da7def1,bf7e911b,bad4b801,bd88872c,3da7def2,1

6430,166,131,-4,-2105,-90,15757,-4123,2497,-3240,bf7e9071,bae6c5a7,bd882fe5,3da8643b,bf7e9071,bae6c5ad,bd882fe5,3da8643b,1

6431,172,124,-1,-2084,-31,15747,-4123,2491,-3283,bf7e914a,bb1e9b34,bd87a960,3da87602,bf7e914b,bb1e9b35,bd87a960,3da87603,1

6432,187,128,5,-2115,-94,15756,-4127,2487,-3228,bf7e902b,bb1e0199,bd880ea4,3da89112,bf7e902a,bb1e019a,bd880ea3,3da89111,1

6433,200,125,9,-2127,-91,15755,-4127,2487,-3228,bf7e8ebf,bb208204,bd889a29,3da8a8b3,bf7e8ebe,bb208203,bd889a29,3da8a8b2,1

6434,204,124,5,-2128,-99,15754,-4101,2479,-3223,bf7e8e2e,bb21f6c3,bd8901ac,3da88b4c,bf7e8e2e,bb21f6bd,bd8901ae,3da88b4d,1

6435,202,131,0,-2145,-138,15756,-4111,2485,-3258,bf7e8c94,bb005232,bd898de3,3da8bb1b,bf7e8c94,bb00522c,bd898de5,3da8bb1c,1

6436,193,139,5,-2091,-78,15757,-4111,2485,-3258,bf7e8eae,bb169bc4,bd888d7e,3da8bbf6,bf7e8ead,bb169bbd,bd888d80,3da8bbf5,1

6437,182,143,11,-2122,-104,15746,-4107,2541,-3288,bf7e8c07,bae081ae,bd8877b4,3da9d44c,bf7e8c06,bae081a1,bd8877b6,3da9d44b,1

6438,180,148,4,-2101,-16,15756,-4071,2489,-3304,bf7e8c4a,bb1ce3c7,bd881133,3daa043f,bf7e8c4a,bb1ce3bf,bd881135,3daa043f,1

6439,198,140,1,-2086,-83,15743,-4071,2489,-3304,bf7e8c27,bb127289,bd876c3a,3daa9708,bf7e8c26,bb127286,bd876c3c,3daa9707,1

6440,206,127,1,-2108,-55,15748,-4071,2459,-3304,bf7e8d53,bb3d0558,bd879baa,3da9f69e,bf7e8d54,bb3d0558,bd879bae,3da9f69e,1

6441,220,120,1,-2131,-103,15762,-4101,2485,-3274,bf7e8b40,bb2603a3,bd88594b,3daa2bb8,bf7e8b40,bb26038f,bd88594b,3daa2bb7,1

6442,222,128,-1,-2135,-130,15747,-4113,2495,-3188,bf7e8931,bb01f25c,bd88db92,3daa9036,bf7e8931,bb01f24a,bd88db92,3daa9035,1

6443,217,133,2,-2121,-137,15763,-4113,2495,-3188,bf7e8835,bac5c44d,bd88ea32,3daae7d1,bf7e8835,bac5c430,bd88ea31,3daae7d0,1

6444,192,137,2,-2102,-114,15748,-4101,2541,-3165,bf7e85e0,ba81d6b3,bd88988a,3dac0a21,bf7e85e0,ba81d698,bd889889,3dac0a20,1

6445,193,123,9,-2110,-163,15739,-4115,2515,-3238,bf7e83e3,b9edb570,bd8893e8,3daccc52,bf7e83e3,b9edb50c,bd8893e8,3daccc51,1

6446,177,128,14,-2081,-87,15746,-4115,2515,-3238,bf7e83d4,ba5fc0b3,bd87d32a,3dad6793,bf7e83d4,ba5fc084,bd87d32a,3dad6792,1

6447,170,123,10,-2099,-98,15751,-4131,2461,-3245,bf7e85e9,bacbce30,bd87dcc2,3dac96a2,bf7e85ea,bacbce1c,bd87dcc1,3dac96a2,1

6448,179,112,6,-2089,-82,15738,-4171,2495,-3225,bf7e8751,bb0e4f8a,bd87a950,3dac3387,bf7e8750,bb0e4f82,bd87a94e,3dac3385,1

6449,180,110,4,-2130,-128,15750,-4171,2495,-3225,bf7e861c,bb09f8d3,bd888830,3dabf64b,bf7e861c,bb09f8c8,bd88882f,3dabf64a,1

6450,176,114,4,-2110,-74,15761,-4101,2511,-3209,bf7e83fe,bb025edd,bd884dcb,3dacedee,bf7e83fe,bb025ed2,bd884dca,3daceded,1

6451,182,119,-1,-2103,-102,15762,-4115,2493,-3206,bf7e848e,bb0f3499,bd88165c,3dace23a,bf7e848e,bb0f3490,bd88165b,3dace239,1

6452,188,118,0,-2116,-92,15744,-4115,2493,-3206,bf7e83ea,bb1da617,bd8860e8,3dace08c,bf7e83ea,bb1da60b,bd8860e7,3dace08b,1

6453,183,124,-3,-2092,-61,15762,-4133,2481,-3201,bf7e8628,bb45f074,bd87ff31,3dac4f43,bf7e8628,bb45f06b,bd87ff31,3dac4f42,1

6454,189,123,0,-2102,-99,15743,-4141,2483,-3229,bf7e8795,bb474dbd,bd87fff0,3dabc789,bf7e8794,bb474db1,bd87fff1,3dabc787,1

6455,191,111,1,-2108,-69,15743,-4125,2473,-3157,bf7e8940,bb6743d2,bd882382,3dab0335,bf7e8941,bb6743cc,bd882382,3dab0335,1

6456,194,115,-3,-2128,-155,15742,-4125,2473,-3157,bf7e8947,bb41299f,bd88ba09,3daa941a,bf7e8946,bb412995,bd88ba07,3daa9418,1

6457,191,118,0,-2126,-142,15779,-4141,2495,-3214,bf7e8843,bb16cd73,bd88e69d,3daadbd0,bf7e8843,bb16cd6e,bd88e69d,3daadbce,1

6458,186,124,0,-2098,-90,15755,-4117,2539,-3196,bf7e861d,baea966d,bd888a08,3dabf837,bf7e861d,baea9663,bd888a08,3dabf835,1

6459,174,127,-2,-2117,-129,15749,-4117,2539,-3196,bf7e837f,baa204fb,bd887d1b,3dacfef3,bf7e8380,baa204f2,bd887d1c,3dacfef2,1

6460,169,122,0,-2118,-69,15750,-4097,2451,-3271,bf7e8551,bb00c426,bd88956e,3dac384f,bf7e8551,bb00c420,bd88956f,3dac384d,1

6461,183,119,6,-2105,-87,15745,-4147,2515,-3325,bf7e83a9,baee1fe4,bd884802,3dad13a6,bf7e83a9,baee1fcd,bd884803,3dad13a4,1

6462,187,118,6,-2117,-95,15771,-4147,2515,-3325,bf7e8174,bade843f,bd885362,3daddb6b,bf7e8174,bade841f,bd885363,3daddb69,1

6463,182,124,1,-2120,-98,15755,-4091,2523,-3285,bf7e7e7e,bab09907,bd885d59,3daeeb8d,bf7e7e7f,bab098e8,bd885d5b,3daeeb8c,1

6464,183,125,-5,-2087,-89,15731,-4107,2473,-3249,bf7e80ed,bb0467c4,bd881fa4,3dae31b0,bf7e80ed,bb0467b3,bd881fa6,3dae31ae,1

6465,183,126,1,-2111,-100,15756,-4107,2473,-3249,bf7e82b8,bb28d791,bd884206,3dad6714,bf7e82b9,bb28d788,bd884207,3dad6713,1

6466,189,120,-6,-2120,-64,15746,-4109,2465,-3274,bf7e8442,bb524b59,bd8877f6,3dac9fdb,bf7e8443,bb524b54,bd8877f6,3dac9fda,1

6467,199,121,-11,-2107,-110,15727,-4119,2509,-3209,bf7e82ba,bb295d64,bd886528,3dad4a50,bf7e82bb,bb295d5e,bd886528,3dad4a4f,1

6468,196,120,0,-2113,-139,15742,-4045,2461,-3277,bf7e8489,bb25b66e,bd88af63,3dac6610,bf7e8488,bb25b666,bd88af62,3dac660d,1

6469,179,118,1,-2132,-137,15747,-4045,2461,-3277,bf7e8545,bb24cc0e,bd894f8e,3daba179,bf7e8544,bb24cc02,bd894f8d,3daba176,1

6470,171,119,-9,-2099,-40,15752,-4127,2505,-3221,bf7e855d,bb385e7c,bd888b89,3dac2fcc,bf7e855c,bb385e6d,bd888b88,3dac2fc9,1

6471,184,124,-5,-2110,-129,15750,-4127,2487,-3240,bf7e85bd,bb1b6eef,bd888a66,3dac13f6,bf7e85bd,bb1b6ee0,bd888a66,3dac13f5,1

6472,170,118,-5,-2106,-95,15740,-4127,2487,-3240,bf7e86d0,bb2cc850,bd88659d,3dabc6e0,bf7e86d0,bb2cc842,bd88659d,3dabc6df,1

6473,164,124,-6,-2116,-67,15732,-4111,2485,-3217,bf7e8702,bb4a0029,bd888743,3dab91e2,bf7e8701,bb4a0021,bd888741,3dab91e0,1

6474,170,115,-16,-2109,-89,15725,-4131,2489,-3221,bf7e8723,bb41d9e0,bd88808f,3dab8d1a,bf7e8723,bb41d9d3,bd88808f,3dab8d19,1

6475,181,108,-16,-2104,-90,15739,-4131,2489,-3221,bf7e87ba,bb3c0f02,bd884de9,3dab7f77,bf7e87ba,bb3c0ef8,bd884de9,3dab7f76,1

6476,189,103,-3,-2117,-129,15756,-4093,2497,-3305,bf7e860a,bb1275c5,bd8876d1,3dac08fa,bf7e860b,bb1275bf,bd8876d3,3dac08fa,1

6477,175,104,2,-2140,-127,15752,-4153,2449,-3226,bf7e87f7,bb339235,bd88f9f5,3daae19e,bf7e87f8,bb339234,bd88f9f6,3daae19e,1

6478,175,111,1,-2134,-99,15757,-4153,2449,-3226,bf7e8a3e,bb574c13,bd894590,3da9c08f,bf7e8a3f,bb574c13,bd894591,3da9c08f,1

6479,174,122,0,-2125,-87,15740,-4131,2499,-3275,bf7e88b0,bb38129a,bd893963,3daa67cd,bf7e88b0,bb381298,bd893963,3daa67cd,1

6480,169,124,0,-2145,-88,15765,-4113,2525,-3296,bf7e85d3,bb15e24a,bd89553f,3dab6b51,bf7e85d3,bb15e248,bd89553f,3dab6b51,1

6481,172,136,2,-2108,-75,15752,-4119,2487,-3273,bf7e8747,bb323989,bd88cb2c,3dab48bb,bf7e8747,bb323987,bd88cb2c,3dab48bb,1

6482,182,131,2,-2100,-118,15744,-4119,2487,-3273,bf7e8816,bb19167e,bd885e74,3dab58b3,bf7e8816,bb19167f,bd885e74,3dab58b3,1

6483,180,124,3,-2103,-102,15736,-4135,2533,-3267,bf7e85c1,baebf6d1,bd883078,3dac6164,bf7e85c2,baebf6d5,bd883078,3dac6165,1

6484,174,122,3,-2130,-79,15747,-4103,2523,-3227,bf7e8239,bacfdd9b,bd88704e,3dad7d8d,bf7e8238,bacfdda5,bd88704d,3dad7d8e,1

6485,173,121,-1,-2164,-149,15752,-4103,2523,-3227,bf7e7ebc,ba8f7b42,bd8916a6,3dae4579,bf7e7ebc,ba8f7b56,bd8916a6,3dae457a,1

6486,164,126,-6,-2112,-75,15739,-4155,2461,-3284,bf7e80f8,baef6e6c,bd890d77,3dad74b3,bf7e80f8,baef6e7e,bd890d77,3dad74b4,1

6487,171,122,-2,-2093,-40,15758,-4113,2479,-3223,bf7e8301,bb274a00,bd88a615,3dacfd48,bf7e8302,bb274a0b,bd88a616,3dacfd4a,1

6488,189,121,1,-2112,-125,15737,-4113,2479,-3223,bf7e8483,bb248bbe,bd88c04f,3dac5ab9,bf7e8483,bb248bc8,bd88c04f,3dac5aba,1

6489,182,116,6,-2091,-72,15746,-4097,2509,-3235,bf7e8372,bb14e32e,bd881c91,3dad4422,bf7e8372,bb14e337,bd881c91,3dad4423,1

6490,189,111,7,-2112,-107,15766,-4107,2523,-3225,bf7e80da,bae6a4ab,bd881a7d,3dae3f8c,bf7e80db,bae6a4bd,bd881a7e,3dae3f8e,1

6491,193,106,6,-2133,-116,15770,-4107,2523,-3225,bf7e7d84,baaf4baf,bd8878c8,3daf310e,bf7e7d83,baaf4bbb,bd8878c7,3daf310f,1

6492,182,114,6,-2118,-97,15766,-4097,2509,-3250,bf7e7bc6,bac752de,bd888400,3dafc871,bf7e7bc5,bac752e6,bd888401,3dafc872,1

6493,180,117,-6,-2119,-100,15748,-4109,2519,-3230,bf7e7949,babad6d6,bd889484,3db0a229,bf7e7949,babad6dd,bd889486,3db0a22b,1

6494,184,120,-2,-2118,-80,15736,-4091,2469,-3270,bf7e7aea,bb0af772,bd88b455,3dafebca,bf7e7aeb,bb0af777,bd88b458,3dafebcc,1

6495,182,120,5,-2142,-83,15769,-4091,2469,-3270,bf7e7bee,bb33a657,bd891b0a,3daf3480,bf7e7bee,bb33a65f,bd891b0d,3daf3481,1

6496,191,126,2,-2130,-77,15748,-4129,2559,-3228,bf7e78fa,bb10caab,bd8905ae,3db05ec4,bf7e78fb,bb10cab3,bd8905b2,3db05ec5,1

6497,197,124,4,-2129,-97,15753,-4091,2555,-3187,bf7e75f3,badab66e,bd88f5bb,3db187b2,bf7e75f4,badab67c,bd88f5be,3db187b3,1

6498,190,125,9,-2135,-93,15754,-4091,2555,-3187,bf7e7280,baa08ab8,bd88f6e5,3db2c61b,bf7e7280,baa08ac4,bd88f6e8,3db2c61b,1

6499,198,118,5,-2122,-131,15731,-4077,2479,-3215,bf7e742b,bae64db4,bd893048,3db1fd3c,bf7e742c,bae64dc5,bd89304b,3db1fd3d,1

6500,182,121,1,-2104,-100,15742,-4105,2493,-3188,bf7e761f,bb14a16e,bd88d2ae,3db18c3d,bf7e761f,bb14a172,bd88d2af,3db18c3d,1

6501,182,119,0,-2111,-113,15747,-4105,2493,-3188,bf7e7753,bb1f971f,bd88b7b5,3db13003,bf7e7752,bb1f971e,bd88b7b5,3db13002,1

6502,187,115,-4,-2126,-100,15750,-4079,2497,-3260,bf7e7610,bb1c1495,bd88fccc,3db16f65,bf7e760f,bb1c148f,bd88fccc,3db16f64,1

6503,185,114,-1,-2147,-119,15773,-4113,2491,-3270,bf7e758b,bb22637c,bd89b230,3db110ec,bf7e758a,bb226372,bd89b230,3db110eb,1

6504,185,128,7,-2157,-113,15758,-4113,2491,-3270,bf7e74e1,bb294cb5,bd8a5e5b,3db0c607,bf7e74e1,bb294cb4,bd8a5e5b,3db0c606,1

6505,176,131,5,-2126,-93,15748,-4089,2469,-3275,bf7e77a9,bb4d80dd,bd8a1ee2,3dafed27,bf7e77a9,bb4d80db,bd8a1ee2,3dafed26,1

6506,178,137,3,-2128,-97,15747,-4103,2525,-3199,bf7e75c6,bb294059,bd89da5f,3db0daf6,bf7e75c7,bb294056,bd89da60,3db0daf6,1

6507,179,135,5,-2113,-72,15738,-4103,2525,-3199,bf7e7411,bb163160,bd895284,3db1e515,bf7e7412,bb163159,bd895285,3db1e514,1

6508,178,129,-2,-2118,-74,15738,-4093,2495,-3216,bf7e74df,bb36bd2f,bd891e88,3db1bc41,bf7e74df,bb36bd25,bd891e89,3db1bc3f,1

6509,185,127,-5,-2113,-28,15754,-4059,2477,-3247,bf7e7667,bb6438f5,bd88e574,3db14e5f,bf7e7667,bb6438ea,bd88e575,3db14e5d,1

6510,205,120,-3,-2132,-107,15759,-4143,2477,-3208,bf7e7872,bb6ea0bc,bd894d2b,3db03e96,bf7e7872,bb6ea0ae,bd894d2c,3db03e94,1

6511,214,119,-2,-2146,-60,15761,-4143,2477,-3208,bf7e79c1,bb863d3b,bd89b240,3daf6b89,bf7e79c2,bb863d35,bd89b241,3daf6b88,1

6512,217,126,-4,-2162,-147,15765,-4107,2443,-3203,bf7e7c2d,bb8639f8,bd8a593d,3dae0587,bf7e7c2d,bb8639f1,bd8a593f,3dae0586,1

6513,220,146,-3,-2185,-74,15787,-4149,2493,-3197,bf7e7a7c,bb7b1702,bd8b1f4d,3dae0c79,bf7e7a7c,bb7b16f5,bd8b1f4f,3dae0c78,1

6514,217,159,0,-2216,-136,15791,-4149,2493,-3197,bf7e78ab,bb562bac,bd8bf44d,3dae1848,bf7e78ac,bb562b95,bd8bf44e,3dae1848,1

6515,203,163,-2,-2125,-77,15757,-4123,2479,-3188,bf7e7c8d,bb67e512,bd8ae4c5,3dad80cb,bf7e7c8c,bb67e4fb,bd8ae4c4,3dad80ca,1

6516,202,175,4,-2105,-94,15772,-4125,2479,-3326,bf7e8052,bb5dd5df,bd899876,3dad2a5b,bf7e8052,bb5dd5d3,bd899875,3dad2a5a,1

6517,206,168,0,-2081,-128,15718,-4125,2479,-3326,bf7e836a,bb3d9cc3,bd8890f0,3dace1ee,bf7e836a,bb3d9cbf,bd8890ef,3dace1ed,1

6518,203,155,-7,-2094,-91,15755,-4073,2477,-3310,bf7e858b,bb3e37ea,bd87dcfd,3daca703,bf7e858a,bb3e37e2,bd87dcfa,3daca701,1

6519,199,147,-10,-2094,-145,15741,-4099,2497,-3260,bf7e84e2,bb105c2f,bd87b6a6,3dad0e25,bf7e84e3,bb105c28,bd87b6a5,3dad0e25,1

6520,199,137,-15,-2121,-158,15748,-4099,2497,-3260,bf7e8344,bad17684,bd8820bb,3dad5a39,bf7e8344,bad17671,bd8820ba,3dad5a38,1

6521,171,135,-17,-2105,-110,15749,-4047,2473,-3297,bf7e84ab,bb09244b,bd882026,3dacd09e,bf7e84ac,bb09243f,bd882027,3dacd09e,1

6522,166,132,-16,-2120,-123,15757,-4051,2469,-3280,bf7e8579,bb1874b5,bd888da5,3dac2af6,bf7e8579,bb1874b0,bd888da4,3dac2af4,1

6523,165,135,-10,-2124,-169,15764,-4071,2459,-3205,bf7e878e,bb1188db,bd88f9c6,3dab10ea,bf7e878d,bb1188d1,bd88f9c4,3dab10e8,1

6524,155,136,-6,-2089,-80,15747,-4071,2459,-3205,bf7e8aa6,bb3af14f,bd887a0e,3daa4571,bf7e8aa6,bb3af148,bd887a0d,3daa4570,1

6525,167,133,5,-2090,-67,15736,-4049,2499,-3265,bf7e8958,bb236c9b,bd87e9bc,3dab3b55,bf7e8959,bb236c93,bd87e9bc,3dab3b55,1

6526,179,130,7,-2116,-97,15751,-4105,2479,-3190,bf7e89ae,bb33a1c9,bd884627,3daacd8b,bf7e89ae,bb33a1be,bd884627,3daacd8b,1

6527,177,123,8,-2102,-110,15752,-4105,2479,-3190,bf7e8ae7,bb2c0ccc,bd881dbf,3daa7b47,bf7e8ae6,bb2c0cc5,bd881dc0,3daa7b47,1

6528,173,119,2,-2110,-137,15753,-4069,2513,-3236,bf7e88d1,bb01ae37,bd881cca,3dab4c63,bf7e88d2,bb01ae33,bd881ccc,3dab4c64,1

6529,166,116,1,-2112,-119,15757,-4117,2533,-3281,bf7e8630,babc415e,bd881773,3dac4f57,bf7e8630,babc4156,bd881774,3dac4f58,1

6530,156,117,0,-2099,-62,15752,-4117,2533,-3281,bf7e837d,bab0cd48,bd87c71e,3dad8d67,bf7e837c,bab0cd4b,bd87c71f,3dad8d67,1

6531,162,117,-1,-2101,-45,15741,-4103,2511,-3302,bf7e8235,baf8b05c,bd87a58f,3dae1ac1,bf7e8234,baf8b061,bd87a58f,3dae1ac1,1

6532,181,111,4,-2118,-42,15754,-4091,2467,-3348,bf7e8313,bb2c0ae6,bd87e2b5,3dad8ee7,bf7e8313,bb2c0aea,bd87e2b5,3dad8ee8,1

6533,196,107,7,-2140,-120,15782,-4091,2467,-3348,bf7e8324,bb3853fd,bd88c7eb,3dacd1ab,bf7e8324,bb385406,bd88c7eb,3dacd1ac,1

6534,194,114,-1,-2123,-136,15751,-4111,2489,-3252,bf7e827a,bb148c10,bd8902fe,3dacea31,bf7e8279,bb148c18,bd8902ff,3dacea32,1

6535,184,113,-6,-2078,-58,15729,-4157,2457,-3243,bf7e857e,bb3fece5,bd88acb0,3dac06d0,bf7e857e,bb3fecee,bd88acb1,3dac06d2,1

6536,199,101,-4,-2117,-76,15752,-4101,2487,-3185,bf7e854d,bb456ec1,bd88b6b5,3dac0f33,bf7e854d,bb456eca,bd88b6b7,3dac0f35,1

6537,211,91,-9,-2072,-91,15731,-4101,2487,-3185,bf7e873e,bb373d8f,bd87bedc,3dac1f7f,bf7e873e,bb373da4,bd87bedd,3dac1f80,1

6538,221,88,-3,-2179,-169,15772,-4081,2505,-3298,bf7e8427,bb0b5d67,bd889d32,3dac9e75,bf7e8428,bb0b5d79,bd889d34,3dac9e77,1

6539,200,104,2,-2169,-140,15764,-4071,2475,-3265,bf7e8266,bb06aa67,bd89d48a,3dac4d77,bf7e8266,bb06aa76,bd89d48b,3dac4d79,1

6540,190,134,3,-2161,-108,15759,-4071,2475,-3265,bf7e8202,bb1ab308,bd8a7b75,3dabe775,bf7e8203,bb1ab31b,bd8a7b76,3dabe778,1

6541,177,142,5,-2145,-114,15766,-4115,2453,-3317,bf7e84a8,bb3d7e5c,bd8a898a,3daad839,bf7e84a9,bb3d7e70,bd8a898b,3daad83c,1

6542,170,147,2,-2086,-31,15753,-4113,2477,-3307,bf7e879f,bb6113de,bd896e28,3daa970b,bf7e879f,bb6113e6,bd896e28,3daa970d,1

6543,174,150,0,-2121,-137,15757,-4113,2477,-3307,bf7e8839,bb37f159,bd894b1a,3daa8677,bf7e8839,bb37f164,bd894b1b,3daa8679,1

6544,173,153,-6,-2112,-123,15745,-4077,2467,-3313,bf7e8a78,bb2ba2ff,bd88f51c,3da9f81b,bf7e8a78,bb2ba30b,bd88f51d,3da9f81d,1

6545,178,137,-4,-2102,-129,15736,-4099,2475,-3248,bf7e8c44,bb172f81,bd889278,3da9a01c,bf7e8c44,bb172f90,bd889278,3da9a01e,1

6546,177,129,3,-2136,-113,15763,-4099,2475,-3248,bf7e8bfa,bb1e4fd2,bd892f5b,3da93b7f,bf7e8bfa,bb1e4fe2,bd892f5b,3da93b81,1

6547,183,130,4,-2117,-98,15749,-4121,2533,-3219,bf7e899d,baf4b894,bd88fc54,3daa4e79,bf7e899d,baf4b8b5,bd88fc53,3daa4e7a,1

6548,189,131,15,-2134,-55,15781,-4099,2471,-3274,bf7e8a77,bb27267d,bd891955,3da9dc58,bf7e8a77,bb27268a,bd891954,3da9dc59,1

6549,184,139,8,-2098,-40,15770,-4093,2497,-3232,bf7e8a71,bb352144,bd8842c1,3daa8762,bf7e8a70,bb35214e,bd8842c0,3daa8762,1

6550,185,148,17,-2124,-43,15780,-4093,2497,-3232,bf7e8866,bb3f7575,bd8847ed,3dab43a6,bf7e8866,bb3f7580,bd8847ec,3dab43a6,1

6551,180,143,12,-2098,-114,15708,-4097,2483,-3254,bf7e888e,bb242490,bd881d4b,3dab5d1b,bf7e888f,bb242497,bd881d4b,3dab5d1b,1

6552,200,138,6,-2124,-136,15727,-4099,2491,-3201,bf7e86eb,bb01c2bf,bd888eaa,3daba61e,bf7e86eb,bb01c2c6,bd888eab,3daba61d,1

6553,203,123,4,-2158,-245,15756,-4099,2491,-3201,bf7e8540,baa2eb33,bd892b18,3dabceb5,bf7e8540,baa2eb3b,bd892b19,3dabceb4,1

6554,183,125,2,-2112,-152,15739,-4115,2487,-3283,bf7e8668,baa11445,bd890ab1,3dab7b68,bf7e8667,baa11440,bd890ab1,3dab7b66,1

6555,153,127,2,-2121,-160,15728,-4119,2425,-3226,bf7e8946,baee398a,bd89311a,3daa45aa,bf7e8946,baee3986,bd89311a,3daa45a8,1

6556,131,139,6,-2093,-101,15755,-4119,2425,-3226,bf7e8c78,bb241061,bd88f82f,3da9377f,bf7e8c77,bb24105e,bd88f82e,3da9377d,1

6557,110,139,13,-2112,-136,15774,-4115,2515,-3277,bf7e8ad1,bafed203,bd88bca9,3daa0e13,bf7e8ad1,bafed1ff,bd88bca8,3daa0e12,1

6558,96,139,12,-2087,-41,15773,-4091,2501,-3274,bf7e8ade,bb1bfc24,bd87d42e,3daabd2a,bf7e8add,bb1bfc1d,bd87d42d,3daabd28,1

6559,91,137,2,-2087,-11,15762,-4091,2501,-3274,bf7e8a60,bb428cde,bd873845,3dab5d4f,bf7e8a60,bb428cdc,bd873847,3dab5d4f,1

6560,118,134,-1,-2078,-19,15726,-4109,2523,-3220,bf7e881a,bb3d755b,bd86bc33,3dac9800,bf7e881a,bb3d7559,bd86bc35,3dac9800,1

6561,155,112,0,-2128,-119,15722,-4125,2453,-3235,bf7e8929,bb571728,bd87923f,3dab83cc,bf7e892a,bb571723,bd879242,3dab83cc,1

6562,158,105,-6,-2038,3,15711,-4079,2487,-3151,bf7e8aec,bb7851cc,bd8682b6,3daba716,bf7e8aec,bb7851be,bd8682b9,3daba716,1

6563,172,84,-5,-2055,-12,15763,-4079,2487,-3151,bf7e8ba6,bb85d6de,bd85b702,3dabfa02,bf7e8ba6,bb85d6d6,bd85b703,3dabfa02,1

6564,193,63,-4,-2145,-124,15748,-4117,2485,-3270,bf7e88ec,bb6955e9,bd86edfa,3dac1596,bf7e88ec,bb6955d7,bd86edfa,3dac1595,1

6565,188,90,3,-2126,20,15777,-4121,2467,-3180,bf7e8950,bb8bf7e2,bd8756fa,3dab8cc1,bf7e8950,bb8bf7d9,bd8756fa,3dab8cc0,1

6566,206,88,2,-2191,-127,15782,-4121,2467,-3180,bf7e876c,bb818a4c,bd88c242,3dab281a,bf7e876e,bb818a45,bd88c243,3dab281a,1

6567,207,106,5,-2182,-151,15765,-4089,2549,-3226,bf7e8490,bb540142,bd8917d0,3dac03aa,bf7e8490,bb540132,bd8917d0,3dac03a8,1

6568,193,130,7,-2114,-91,15752,-4119,2491,-3235,bf7e847d,bb3d4c41,bd88d04b,3dac4a68,bf7e847c,bb3d4c33,bd88d049,3dac4a65,1

6569,183,125,5,-2104,-116,15741,-4119,2491,-3235,bf7e84b3,bb203001,bd888523,3dac7956,bf7e84b3,bb202ff0,bd888521,3dac7955,1

6570,169,121,1,-2110,-138,15738,-4085,2507,-3294,bf7e82f6,baef9582,bd887baf,3dad2ca3,bf7e82f7,baef9562,bd887baf,3dad2ca3,1

6571,154,133,-1,-2064,-49,15726,-4103,2489,-3195,bf7e8526,bb21f4b2,bd87a7ad,3dacfd2e,bf7e8525,bb21f4a5,bd87a7ac,3dacfd2d,1

6572,163,121,-5,-2098,-86,15736,-4103,2489,-3195,bf7e8559,bb31bd39,bd87a53b,3dace7f3,bf7e855a,bb31bd33,bd87a53b,3dace7f4,1

6573,169,113,-14,-2107,-18,15743,-4103,2455,-3210,bf7e870c,bb61e4e0,bd87c045,3dac24b3,bf7e870c,bb61e4d9,bd87c043,3dac24b3,1

6574,193,104,-17,-2111,-81,15760,-4081,2507,-3180,bf7e84c5,bb3df27a,bd87d4d5,3dacf63b,bf7e84c5,bb3df275,bd87d4d3,3dacf63b,1

6575,203,100,-24,-2091,-54,15749,-4121,2465,-3266,bf7e872a,bb666d2a,bd87bd96,3dac1a2f,bf7e872b,bb666d29,bd87bd96,3dac1a30,1

6576,205,94,-27,-2097,-37,15752,-4121,2465,-3266,bf7e8942,bb86c79b,bd87bb54,3dab46b4,bf7e8943,bb86c79c,bd87bb53,3dab46b5,1

6577,217,94,-18,-2135,-52,15777,-4123,2485,-3228,bf7e877c,bb820cb6,bd888282,3dab5551,bf7e877b,bb820cb8,bd888280,3dab5551,1

6578,216,92,-7,-2148,-123,15778,-4119,2473,-3186,bf7e86df,bb62cc18,bd895509,3daaf2a1,bf7e86e0,bb62cc21,bd895508,3daaf2a2,1

6579,208,109,-3,-2139,-109,15748,-4119,2473,-3186,bf7e8778,bb540943,bd89d402,3daa5828,bf7e8777,bb540944,bd89d400,3daa5827,1

6580,191,121,5,-2185,-145,15766,-4105,2489,-3195,bf7e8527,bb2d1549,bd8a9833,3daaa195,bf7e8526,bb2d1557,bd8a9832,3daaa194,1

6581,181,131,7,-2146,-80,15742,-4095,2503,-3290,bf7e830e,bb1795d1,bd8a7a3f,3dab86bc,bf7e830d,bb1795d9,bd8a7a3e,3dab86bb,1

6582,186,136,6,-2131,-127,15731,-4095,2503,-3290,bf7e81c2,bae5fdcb,bd8a3c62,3dac3a62,bf7e81c2,bae5fdd4,bd8a3c63,3dac3a62,1

6583,188,132,7,-2099,-77,15752,-4087,2477,-3229,bf7e8467,bb18c6ef,bd897d4d,3dabd195,bf7e8466,bb18c6f0,bd897d4c,3dabd194,1

6584,183,128,1,-2105,-114,15744,-4079,2457,-3170,bf7e87e1,bb369251,bd892c3b,3daac0c1,bf7e87e1,bb369251,bd892c3b,3daac0c0,1

6585,187,129,2,-2117,-68,15768,-4079,2457,-3170,bf7e8a4e,bb5d346f,bd890c15,3da9e753,bf7e8a4e,bb5d346e,bd890c15,3da9e752,1

6586,177,120,-2,-2082,11,15754,-4089,2489,-3288,bf7e8b48,bb7bcef6,bd88161b,3daa446d,bf7e8b49,bb7bcef5,bd88161c,3daa446c,1

6587,207,111,-6,-2157,-125,15772,-4047,2527,-3355,bf7e88ac,bb4ca1a9,bd886050,3dab1239,bf7e88ac,bb4ca1a6,bd886050,3dab1238,1

6588,201,124,-6,-2098,-87,15749,-4105,2501,-3290,bf7e8791,bb2ad67c,bd8809a0,3dabc986,bf7e8791,bb2ad678,bd8809a0,3dabc985,1

6589,197,130,-9,-2098,-105,15738,-4105,2501,-3290,bf7e8657,bb0afa7a,bd87d864,3dac6b73,bf7e8657,bb0afa75,bd87d863,3dac6b72,1

6590,191,126,4,-2128,-119,15748,-4041,2481,-3271,bf7e8477,baffa867,bd888a2e,3dac9228,bf7e8477,baffa861,bd888a2f,3dac9227,1

6591,185,115,6,-2141,-157,15726,-4103,2505,-3241,bf7e81e0,bab61df2,bd89188f,3dad1b82,bf7e81e0,bab61deb,bd891890,3dad1b81,1

6592,176,114,4,-2136,-114,15758,-4103,2505,-3241,bf7e7fa3,bab39580,bd896b0b,3dadac9a,bf7e7fa3,bab39572,bd896b0c,3dadac9a,1

6593,170,123,4,-2104,-49,15745,-4125,2467,-3305,bf7e81b2,bb0ad8a1,bd893540,3dad0d75,bf7e81b3,bb0ad89b,bd893541,3dad0d76,1

6594,181,113,12,-2141,-111,15739,-4101,2471,-3250,bf7e8290,bb2806f8,bd89b72b,3dac4e29,bf7e8290,bb2806fd,bd89b72b,3dac4e28,1

6595,169,115,10,-2103,-29,15752,-4101,2471,-3250,bf7e849c,bb56703a,bd894a14,3dabd662,bf7e849c,bb56703c,bd894a14,3dabd661,1

6596,170,126,4,-2116,-112,15748,-4097,2481,-3282,bf7e8507,bb38b5ad,bd89158d,3dabe133,bf7e8508,bb38b5ae,bd89158d,3dabe133,1

6597,170,120,9,-2105,-85,15746,-4089,2487,-3306,bf7e855c,bb31e627,bd888d2c,3dac3016,bf7e855c,bb31e629,bd888d2c,3dac3015,1

6598,168,117,5,-2128,-81,15733,-4089,2487,-3306,bf7e83dd,bb36736f,bd88fa18,3dac65c9,bf7e83de,bb36736a,bd88fa19,3dac65c9,1

6599,182,114,7,-2139,-93,15760,-4109,2499,-3335,bf7e8181,bb2084fc,bd895679,3dad009c,bf7e8181,bb2084f4,bd895678,3dad009c,1

6600,181,118,1,-2174,-142,15752,-4085,2519,-3256,bf7e7e60,baf2ecea,bd89d8a8,3dadc6bd,bf7e7e61,baf2ece2,bd89d8a7,3dadc6be,1

6601,169,136,4,-2158,-113,15755,-4069,2469,-3303,bf7e7ef5,bb19abf3,bd8a5e1d,3dad1faf,bf7e7ef5,bb19abe9,bd8a5e1c,3dad1faf,1

6602,158,139,-3,-2121,-21,15766,-4069,2469,-3303,bf7e80d0,bb4b257b,bd89f86e,3dacb577,bf7e80d1,bb4b2573,bd89f86d,3dacb578,1

6603,158,142,-13,-2116,-46,15746,-4093,2475,-3246,bf7e8309,bb71e198,bd897328,3dac4140,bf7e8309,bb71e191,bd897326,3dac4140,1

6604,168,142,-17,-2104,-16,15738,-4103,2457,-3302,bf7e85ba,bb8f74fa,bd890e43,3dab81b8,bf7e85bb,bb8f74f8,bd890e42,3dab81b8,1

6605,188,141,-12,-2099,-70,15754,-4103,2457,-3302,bf7e89c9,bb93f024,bd886f4c,3daa7a22,bf7e89c8,bb93f021,bd886f4a,3daa7a21,1

6606,203,124,-3,-2112,-86,15738,-4093,2485,-3260,bf7e88df,bb7af5b4,bd886b11,3daae769,bf7e88de,bb7af5af,bd886b0f,3daae768,1

6607,207,127,-5,-2148,-163,15739,-4085,2477,-3270,bf7e878b,bb4b4285,bd88fd7a,3dab009d,bf7e878a,bb4b4288,bd88fd78,3dab009c,1

6608,191,125,-7,-2146,-176,15743,-4085,2477,-3270,bf7e8686,bb1e0e48,bd8980a5,3dab03d9,bf7e8686,bb1e0e50,bd8980a4,3dab03d9,1

6609,165,135,-6,-2137,-155,15780,-4141,2473,-3263,bf7e8846,bb13d674,bd89cd80,3daa2184,bf7e8845,bb13d679,bd89cd81,3daa2183,1

6610,140,142,-4,-2117,-119,15743,-4075,2513,-3204,bf7e869e,bae42e2c,bd8978c1,3dab0a61,bf7e869f,bae42e34,bd8978c3,3dab0a62,1

6611,135,143,5,-2079,-2,15724,-4075,2513,-3204,bf7e8675,bb102899,bd887fd4,3dabda7e,bf7e8676,bb10289b,bd887fd5,3dabda7f,1

6612,151,147,10,-2104,-109,15731,-4079,2473,-3265,bf7e883c,bb25f82f,bd885783,3dab4cb9,bf7e883d,bb25f833,bd885785,3dab4cba,1

6613,152,138,4,-2095,-63,15739,-4093,2491,-3305,bf7e8851,bb35b668,bd87c9da,3dabb1a9,bf7e8850,bb35b669,bd87c9da,3dabb1a9,1

6614,148,130,6,-2099,-58,15753,-4111,2507,-3209,bf7e866f,bb2fa982,bd8785e6,3dac9abe,bf7e8670,bb2fa987,bd8785e7,3dac9ac0,1

6615,161,127,4,-2162,-140,15763,-4111,2507,-3209,bf7e8354,bb0ee380,bd88580a,3dad2207,bf7e8354,bb0ee388,bd88580b,3dad2208,1

6616,139,135,0,-2137,-82,15762,-4105,2501,-3223,bf7e8100,bb18f0f2,bd88d64e,3dad9722,bf7e80ff,bb18f0f5,bd88d64f,3dad9721,1

6617,127,155,1,-2106,-48,15751,-4099,2507,-3253,bf7e8025,bb2bfbed,bd884513,3dae54d8,bf7e8025,bb2bfbe7,bd884515,3dae54d8,1

6618,145,154,5,-2077,9,15725,-4099,2507,-3253,bf7e8065,bb5303fc,bd877a0f,3daed13d,bf7e8065,bb5303f3,bd877a11,3daed13d,1

6619,167,142,6,-2075,-2,15749,-4083,2489,-3291,bf7e8163,bb7bfb58,bd86d745,3daee45a,bf7e8163,bb7bfb4a,bd86d746,3daee45a,1

6620,186,124,7,-2096,2,15739,-4109,2469,-3241,bf7e829c,bb949c6b,bd86ecd0,3dae4ff6,bf7e829d,bb949c66,bd86ecd2,3dae4ff7,1

6621,205,117,-2,-2120,-91,15746,-4109,2469,-3241,bf7e82ad,bb8bae55,bd87c430,3dada9d2,bf7e82ae,bb8bae52,bd87c431,3dada9d3,1

6622,204,122,-2,-2145,-133,15755,-4065,2477,-3184,bf7e812f,bb6c539f,bd88798c,3dadb7c8,bf7e8130,bb6c539a,bd88798d,3dadb7c9,1

6623,187,127,-1,-2123,-81,15756,-4083,2463,-3276,bf7e82ea,bb803897,bd88c3c2,3dacd380,bf7e82eb,bb803898,bd88c3c2,3dacd381,1

6624,183,139,4,-2136,-104,15751,-4083,2463,-3276,bf7e83b9,bb75028c,bd895106,3dac1af8,bf7e83b9,bb750290,bd895105,3dac1af8,1

6625,171,144,4,-2150,-134,15752,-4101,2503,-3237,bf7e81d6,bb487778,bd898899,3dacaf5c,bf7e81d7,bb48777b,bd898899,3dacaf5d,1

6626,163,155,2,-2115,-79,15736,-4093,2479,-3312,bf7e8372,bb54e6ac,bd890d23,3dac75c5,bf7e8371,bb54e6b2,bd890d1f,3dac75c4,1

6627,148,161,6,-2099,-41,15747,-4093,2479,-3312,bf7e855d,bb762cab,bd884e6b,3dac4c76,bf7e855e,bb762cbb,bd884e6b,3dac4c76,1

6628,161,151,7,-2093,-30,15732,-4035,2503,-3229,bf7e83a6,bb5fd3c8,bd87c42a,3dad6237,bf7e83a7,bb5fd3d3,bd87c42a,3dad6237,1

6629,171,153,7,-2120,-128,15762,-4075,2531,-3240,bf7e8167,bb344ecb,bd87c179,3dae43d3,bf7e8168,bb344ed5,bd87c179,3dae43d3,1

6630,164,158,2,-2109,-104,15750,-4103,2451,-3269,bf7e840a,bb57d099,bd87e3a7,3dad27f6,bf7e840a,bb57d0a0,bd87e3a7,3dad27f5,1

6631,139,162,-4,-2125,-66,15782,-4103,2451,-3269,bf7e8620,bb80a29b,bd881404,3dac2e49,bf7e8621,bb80a2a0,bd881405,3dac2e49,1

6632,135,160,-8,-2086,-37,15742,-4113,2461,-3301,bf7e8938,bb94efa2,bd87963e,3dab5c54,bf7e8938,bb94efa4,bd87963f,3dab5c54,1

6633,142,161,-11,-2100,-20,15751,-4067,2471,-3266,bf7e89e2,bb9ccf20,bd875319,3dab4b88,bf7e89e2,bb9ccf20,bd875319,3dab4b88,1

6634,155,158,-4,-2069,-11,15749,-4067,2471,-3266,bf7e8bf6,bba1efed,bd864c57,3dab4fab,bf7e8bf6,bba1efed,bd864c57,3dab4fab,1

6635,175,143,7,-2067,-21,15714,-4093,2537,-3231,bf7e89c6,bb8eff41,bd8602b5,3dac6910,bf7e89c6,bb8eff41,bd8602b5,3dac6910,1

6636,194,135,3,-2102,-66,15752,-4107,2503,-3279,bf7e8758,bb76dc2c,bd864ef8,3dad2222,bf7e8758,bb76dc2d,bd864ef9,3dad2222,1

6637,203,135,4,-2100,-59,15769,-4107,2503,-3279,bf7e84e3,bb59b7af,bd8687e7,3dade6b1,bf7e84e2,bb59b7ae,bd8687e7,3dade6b1,1

6638,199,143,6,-2054,20,15769,-4087,2521,-3311,bf7e8396,bb5c72a8,bd85a9ba,3daf09e0,bf7e8396,bb5c72aa,bd85a9bc,3daf09e0,1

6639,213,145,3,-2131,-124,15797,-4097,2505,-3254,bf7e80da,bb347db3,bd865d75,3daf89f3,bf7e80d9,bb347dac,bd865d76,3daf89f3,1

6640,213,138,7,-2093,-40,15761,-4097,2505,-3254,bf7e7f00,bb44370d,bd8671cb,3db021b0,bf7e7f00,bb44370a,bd8671cd,3db021b0,1

6641,208,146,2,-2096,-104,15751,-4093,2521,-3254,bf7e7c90,bb1c36d0,bd868597,3db0fd5d,bf7e7c91,bb1c36cc,bd868599,3db0fd5e,1

6642,211,142,2,-2107,-113,15756,-4095,2485,-3295,bf7e7c6e,bb259121,bd872f98,3db0865f,bf7e7c6e,bb259122,bd872f99,3db0865f,1

6643,193,156,6,-2121,-48,15748,-4109,2483,-3223,bf7e7ce2,bb4e69c7,bd8787b9,3db00ded,bf7e7ce2,bb4e69c6,bd8787ba,3db00ded,1

6644,180,157,14,-2098,-83,15734,-4109,2483,-3223,bf7e7e4d,bb60318e,bd8788ae,3daf844a,bf7e7e4d,bb60318c,bd8788ae,3daf844a,1

6645,198,146,10,-2084,-68,15741,-4077,2443,-3250,bf7e815c,bb82b1e2,bd8762d7,3dae7822,bf7e815c,bb82b1e1,bd8762d7,3dae7822,1

6646,201,146,15,-2092,-73,15753,-4111,2483,-3185,bf7e8283,bb79d574,bd872f92,3dae380e,bf7e8283,bb79d573,bd872f92,3dae380e,1

6647,207,136,15,-2069,-29,15762,-4111,2483,-3185,bf7e84b3,bb8a6251,bd8674a5,3dadf1c8,bf7e84b2,bb8a6250,bd8674a4,3dadf1c8,1

6648,206,136,27,-2111,-17,15771,-4109,2481,-3261,bf7e83f8,bb974440,bd86f15f,3dadcab4,bf7e83f8,bb974438,bd86f161,3dadcab4,1

6649,218,143,27,-2105,-108,15751,-4069,2391,-3317,bf7e86e6,bba4dfcc,bd872a53,3dac7e90,bf7e86e5,bba4dfc4,bd872a54,3dac7e90,1

6650,208,156,12,-1953,168,15710,-4069,2391,-3317,bf7e89d8,bbbac660,bd867e55,3dabd83b,bf7e89d7,bbbac658,bd867e56,3dabd83b,1

6651,242,133,-2,-2209,-189,15800,-4111,2475,-3251,bf7e87ef,bba27494,bd876d30,3dabea51,bf7e87ef,bba2748d,bd876d32,3dabea51,1

6652,242,124,-4,-1996,-68,15729,-4075,2471,-3285,bf7e8afd,bb93045d,bd860744,3dabef61,bf7e8afd,bb930456,bd860746,3dabef61,1

6653,238,121,-8,-2005,-111,15692,-4075,2471,-3285,bf7e8d31,bb78f4f4,bd8519a8,3dabe8c6,bf7e8d31,bb78f4f1,bd8519aa,3dabe8c6,1

6654,229,96,-12,-2048,-55,15754,-4109,2505,-3185,bf7e8bc9,bb579403,bd84cda2,3dacb3e4,bf7e8bca,bb579406,bd84cda3,3dacb3e4,1

6655,231,74,-9,-2023,-110,15721,-4097,2491,-3292,bf7e8bf5,bb2d68ee,bd845faa,3dad039f,bf7e8bf6,bb2d68f6,bd845faa,3dad039f,1

6656,242,50,-1,-2076,-16,15758,-4093,2471,-3271,bf7e8c17,bb5772d7,bd84e31e,3dac86c1,bf7e8c18,bb5772e1,bd84e31e,3dac86c1,1

6657,263,31,3,-2098,-30,15766,-4093,2471,-3271,bf7e8b61,bb776a92,bd85c6db,3dac0ec2,bf7e8b62,bb776a95,bd85c6dc,3dac0ec2,1

6658,292,39,8,-2233,-176,15815,-4121,2477,-3287,bf7e8835,bb5515da,bd876b4d,3dabfdb8,bf7e8836,bb5515d8,bd876b4d,3dabfdb8,1

6659,286,74,14,-2210,-165,15780,-4109,2517,-3260,bf7e8496,bb253fa6,bd887270,3dac9165,bf7e8497,bb253fa4,bd887270,3dac9165,1

6660,270,106,26,-2194,-106,15795,-4109,2517,-3260,bf7e806a,bb03c792,bd896e0a,3dad5aaa,bf7e8069,bb03c78d,bd896e09,3dad5aa8,1

6661,260,138,21,-2216,-248,15793,-4053,2459,-3261,bf7e7f0c,bac1fca4,bd8a9c84,3dacef97,bf7e7f0c,bac1fcb4,bd8a9c85,3dacef96,1

6662,219,171,20,-2077,-174,15737,-4095,2449,-3320,bf7e8426,bae6b56a,bd89a7fe,3dabcef8,bf7e8426,bae6b56f,bd89a7ff,3dabcef7,1

6663,189,176,22,-2044,-44,15730,-4095,2449,-3320,bf7e8791,bb1dafb8,bd88cd79,3dab30dd,bf7e8791,bb1dafb9,bd88cd7a,3dab30dc,1

6664,202,164,21,-2029,-164,15742,-4119,2509,-3328,bf7e8857,bae621ae,bd87c835,3dabbef4,bf7e8857,bae621bf,bd87c836,3dabbef3,1

6665,185,148,13,-2081,-233,15748,-4095,2517,-3223,bf7e872f,ba82bf4c,bd879805,3dac594e,bf7e8730,ba82bf5c,bd879806,3dac594e,1

6666,128,147,5,-2073,-194,15726,-4095,2517,-3223,bf7e85f8,b9d41947,bd874652,3dad0e63,bf7e85f7,b9d4198f,bd874652,3dad0e62,1

6667,88,147,-3,-2013,40,15721,-4097,2507,-3268,bf7e8779,baa29f1e,bd866f34,3dad2471,bf7e8779,baa29f2f,bd866f34,3dad2471,1

6668,131,109,9,-2162,-283,15797,-4103,2451,-3257,bf7e8758,ba87e10a,bd87a331,3dac413e,bf7e8757,ba87e117,bd87a330,3dac413d,1

6669,97,133,-8,-2068,-75,15737,-4105,2489,-3214,bf7e8929,baeb9b2a,bd87138a,3dabff93,bf7e8929,baeb9b36,bd87138a,3dabff92,1

6670,93,146,-1,-2057,-23,15756,-4105,2489,-3214,bf7e8ac6,bb2a605d,bd866b13,3dabdf90,bf7e8ac7,bb2a6063,bd866b13,3dabdf90,1

6671,128,134,10,-2180,-156,15791,-4121,2511,-3295,bf7e8768,bb0c0958,bd875ed9,3dac65fb,bf7e8768,bb0c095c,bd875ed9,3dac65fb,1

6672,116,139,3,-2132,-17,15789,-4151,2469,-3245,bf7e885b,bb410638,bd879b17,3dabd003,bf7e885a,bb41063b,bd879b16,3dabd003,1

6673,125,157,-5,-2026,47,15741,-4151,2469,-3245,bf7e8b11,bb746cc5,bd86d883,3dab5787,bf7e8b11,bb746cc5,bd86d883,3dab5788,1

6674,178,141,1,-2073,-8,15738,-4149,2491,-3272,bf7e8be9,bb8a976c,bd8650ab,3dab6566,bf7e8be9,bb8a976e,bd8650ab,3dab6566,1

6675,213,110,18,-2164,-162,15778,-4071,2493,-3302,bf7e8943,bb65cf36,bd871486,3dabd8a3,bf7e8943,bb65cf3a,bd871486,3dabd8a3,1

6676,187,124,13,-2066,-77,15723,-4071,2493,-3302,bf7e8895,bb448283,bd868f0f,3dac8bad,bf7e8895,bb448283,bd868f0f,3dac8bad,1

6677,181,114,11,-2089,-67,15757,-4119,2465,-3274,bf7e8a59,bb6a187f,bd86b8f9,3dabb866,bf7e8a59,bb6a187f,bd86b8f9,3dabb866,1

6678,188,106,15,-2073,-128,15736,-4121,2465,-3306,bf7e8cd6,bb533623,bd86ab90,3daadd70,bf7e8cd5,bb533623,bd86ab90,3daadd6f,1

6679,192,120,19,-2051,-108,15695,-4121,2465,-3306,bf7e9088,bb54a691,bd8616c7,3da9f148,bf7e9088,bb54a68e,bd8616c7,3da9f147,1

6680,190,124,19,-2090,-7,15773,-4133,2493,-3246,bf7e8f7d,bb76a5c6,bd8629ac,3daa3a7b,bf7e8f7c,bb76a5c1,bd8629ab,3daa3a7a,1

6681,202,119,11,-2096,-100,15771,-4117,2465,-3373,bf7e8fff,bb6774d2,bd86be6e,3da99998,bf7e9000,bb6774d2,bd86be6e,3da99998,1

6682,199,114,10,-2160,-41,15811,-4115,2507,-3349,bf7e8bd8,bb5439d6,bd87aa64,3daa7210,bf7e8bd9,bb5439d7,bd87aa64,3daa7210,1

6683,203,131,3,-2119,-77,15796,-4115,2507,-3349,bf7e896f,bb31785d,bd87c2b4,3dab4e51,bf7e896e,bb31785b,bd87c2b3,3dab4e4f,1

6684,193,133,0,-2048,-116,15722,-4117,2473,-3290,bf7e8d88,bb2f9df6,bd869ba3,3daab1ed,bf7e8d89,bb2f9df1,bd869ba4,3daab1ec,1

6685,199,120,-1,-2053,-90,15739,-4095,2483,-3282,bf7e8f30,bb296f4d,bd85c4cf,3daabe37,bf7e8f30,bb296f3e,bd85c4d0,3daabe34,1

6686,192,109,8,-2059,-102,15724,-4095,2483,-3282,bf7e8f72,bb1c6b13,bd8597ae,3daacc0a,bf7e8f72,bb1c6b01,bd8597ae,3daacc07,1

6687,198,97,11,-2115,-140,15769,-4081,2447,-3323,bf7e9004,bb2d9e60,bd869454,3da9ca15,bf7e9004,bb2d9e54,bd869454,3da9ca12,1

6688,203,92,21,-2171,-192,15781,-4079,2437,-3279,bf7e8f8d,bb29782f,bd87ecf8,3da8e508,bf7e8f8d,bb29781f,bd87ecf8,3da8e506,1

6689,169,120,14,-2140,-139,15761,-4079,2437,-3279,bf7e90f6,bb3fed1c,bd88a502,3da7c15d,bf7e90f6,bb3fed0c,bd88a502,3da7c15b,1

6690,143,140,3,-2101,-118,15760,-4081,2463,-3297,bf7e9332,bb32c162,bd883d20,3da74076,bf7e9331,bb32c155,bd883d1e,3da74074,1

6691,132,140,-9,-2109,-104,15773,-4089,2477,-3259,bf7e9323,bb21f3b1,bd881dba,3da76387,bf7e9323,bb21f3a5,bd881db9,3da76386,1

6692,122,144,-13,-2111,-78,15759,-4089,2477,-3259,bf7e932a,bb355653,bd881874,3da7601b,bf7e932b,bb35564a,bd881873,3da7601a,1

6693,123,161,-17,-2082,-41,15773,-4101,2535,-3296,bf7e916e,bb1cd7d4,bd878068,3da889c2,bf7e916e,bb1cd7cb,bd878067,3da889c1,1

6694,138,160,-15,-2047,-5,15743,-4105,2515,-3333,bf7e9149,bb274a64,bd865a2e,3da98027,bf7e914a,bb274a5d,bd865a2f,3da98027,1

6695,162,138,-2,-2053,-67,15729,-4085,2473,-3297,bf7e937b,bb45e130,bd85adf1,3da92ce1,bf7e937c,bb45e12a,bd85adf2,3da92ce1,1

6696,180,126,8,-2080,-53,15777,-4085,2473,-3297,bf7e93a5,bb612bf8,bd85d0b5,3da8f91a,bf7e93a5,bb612bf7,bd85d0b4,3da8f919,1

6697,191,123,10,-2085,-22,15755,-4107,2483,-3328,bf7e9287,bb79c236,bd85fef3,3da936df,bf7e9288,bb79c234,bd85fef3,3da936df,1

6698,196,132,7,-2104,-68,15751,-4083,2429,-3324,bf7e944b,bb8d50ff,bd867411,3da822a9,bf7e944b,bb8d5100,bd86740f,3da822a8,1

6699,211,135,6,-2142,-45,15784,-4083,2429,-3324,bf7e9516,bb9c60bb,bd8730ff,3da7307f,bf7e9516,bb9c60bb,bd8730fd,3da7307e,1

6700,220,151,0,-2092,-121,15747,-4109,2461,-3274,bf7e95cb,bb831cb3,bd8733b3,3da6ff01,bf7e95cb,bb831cb4,bd8733b1,3da6ff00,1

6701,225,155,1,-2048,-134,15718,-4113,2465,-3254,bf7e97fb,bb56b016,bd867f30,3da6cbf8,bf7e97fb,bb56b011,bd867f2f,3da6cbf8,1

6702,209,155,-2,-2031,-32,15713,-4113,2465,-3254,bf7e9b3e,bb75caad,bd857d86,3da651c1,bf7e9b3f,bb75cab2,bd857d86,3da651c2,1

6703,223,133,-3,-2015,-49,15705,-4087,2451,-3292,bf7e9f3a,bb855eb1,bd847e54,3da58e7f,bf7e9f3b,bb855eb1,bd847e53,3da58e80,1

6704,232,107,-7,-2094,-206,15751,-4093,2483,-3228,bf7e9db7,bb54118f,bd84f2f2,3da5da1d,bf7e9db8,bb541191,bd84f2f1,3da5da1e,1

6705,196,105,-6,-2143,-176,15781,-4093,2483,-3228,bf7e9b32,bb293aa1,bd85df03,3da61fe0,bf7e9b32,bb293aa2,bd85df02,3da61fe0,1

6706,164,125,-17,-2152,-186,15784,-4091,2485,-3239,bf7e98c7,bb023b21,bd86bf12,3da66082,bf7e98c7,bb023b23,bd86bf11,3da66082,1

6707,124,154,-31,-2122,-90,15798,-4077,2447,-3291,bf7e9a13,bb2d1a01,bd872d65,3da57d8e,bf7e9a13,bb2d1a01,bd872d65,3da57d8e,1

6708,111,172,-38,-2086,-85,15772,-4103,2477,-3202,bf7e9b02,bb2fd3f8,bd86b9d9,3da57f57,bf7e9b03,bb2fd3f9,bd86b9da,3da57f58,1

6709,110,172,-31,-2039,-58,15727,-4103,2477,-3202,bf7e9daf,bb44903b,bd8574bf,3da57937,bf7e9dae,bb449039,bd8574bf,3da57937,1

6710,126,162,-29,-2050,-25,15707,-4073,2483,-3248,bf7e9d43,bb560590,bd84df56,3da615ca,bf7e9d43,bb560590,bd84df55,3da615cb,1

6711,150,150,-11,-2062,-15,15745,-4117,2477,-3294,bf7e9d51,bb7c3859,bd84ccf6,3da6113a,bf7e9d51,bb7c3860,bd84ccf5,3da6113b,1

6712,166,137,-5,-2085,-45,15783,-4117,2477,-3294,bf7e9b99,bb7739e5,bd855d60,3da64832,bf7e9b98,bb7739ed,bd855d5f,3da64833,1

6713,177,137,0,-2081,-63,15795,-4071,2475,-3243,bf7e9a32,bb5d39b1,bd85855f,3da6ba62,bf7e9a33,bb5d39bd,bd85855f,3da6ba64,1

6714,180,141,-4,-2094,-118,15779,-4093,2497,-3302,bf7e982b,bb312ee3,bd85bd03,3da760bc,bf7e982c,bb312eed,bd85bd03,3da760be,1

6715,174,155,-11,-2074,-151,15750,-4093,2497,-3302,bf7e96db,bb036119,bd85b811,3da7eefa,bf7e96db,bb036122,bd85b810,3da7eefb,1

6716,150,153,-16,-2049,-105,15716,-4117,2463,-3248,bf7e99f6,bb25b211,bd856656,3da6fa00,bf7e99f6,bb25b21a,bd856656,3da6fa01,1

6717,120,149,-16,-2050,-85,15736,-4101,2509,-3272,bf7e985a,bb09af8c,bd8503d1,3da7eb6f,bf7e985a,bb09af92,bd8503d2,3da7eb70,1

6718,116,143,-14,-2053,-51,15752,-4101,2509,-3272,bf7e964a,bb08dbb1,bd84a3c4,3da8ff1e,bf7e9649,bb08dbb5,bd84a3c5,3da8ff1e,1

6719,131,133,-11,-2064,-61,15758,-4079,2469,-3314,bf7e9708,bb36563f,bd84cd29,3da88c43,bf7e9708,bb36563f,bd84cd2b,3da88c44,1

6720,142,129,2,-2065,1,15762,-4103,2473,-3248,bf7e9797,bb693380,bd84d06e,3da843b5,bf7e9796,bb693380,bd84d070,3da843b6,1

6721,164,125,1,-2062,-16,15756,-4087,2459,-3290,bf7e98cc,bb8aacff,bd84dadd,3da7b552,bf7e98cd,bb8aacff,bd84dae1,3da7b555,1

6722,180,123,7,-2068,-22,15782,-4087,2459,-3290,bf7e99d8,bb99e533,bd84f877,3da72ac8,bf7e99d8,bb99e536,bd84f878,3da72aca,1

6723,194,125,12,-2100,-99,15786,-4093,2431,-3374,bf7e9b09,bb98f569,bd85d68d,3da605a4,bf7e9b09,bb98f56e,bd85d68d,3da605a5,1

6724,192,137,10,-2080,-102,15775,-4077,2489,-3323,bf7e99a4,bb8068cd,bd85d0c3,3da6a768,bf7e99a4,bb8068d1,bd85d0c3,3da6a768,1

6725,184,145,6,-2079,-125,15759,-4077,2489,-3323,bf7e984b,bb508319,bd85d1fb,3da73af8,bf7e984a,bb50831f,bd85d1fb,3da73af7,1

6726,157,145,-1,-2050,-33,15747,-4115,2493,-3270,bf7e9807,bb532acd,bd850933,3da7f422,bf7e9807,bb532acd,bd850933,3da7f422,1

6727,152,142,-8,-2066,-91,15736,-4055,2495,-3312,bf7e9610,bb2dad1c,bd850905,3da8bcca,bf7e9611,bb2dad1d,bd850906,3da8bccb,1

6728,146,146,-14,-2072,-72,15773,-4055,2495,-3312,bf7e93bb,bb184ce2,bd850d05,3da99f46,bf7e93bb,bb184ce3,bd850d05,3da99f46,1

6729,138,146,-20,-2046,-94,15735,-4107,2521,-3268,bf7e91e5,baf325b3,bd84b9db,3daa968d,bf7e91e5,baf325b5,bd84b9db,3daa968d,1

6730,140,137,-16,-2074,0,15773,-4093,2497,-3260,bf7e9117,bb2a4310,bd84cc01,3daaca9b,bf7e9118,bb2a4311,bd84cc02,3daaca9c,1

6731,151,142,-15,-2072,-33,15743,-4093,2497,-3260,bf7e8f27,bb426517,bd84fd52,3dab5653,bf7e8f26,bb42651b,bd84fd51,3dab5652,1

6732,169,146,-11,-2055,-41,15752,-4095,2465,-3213,bf7e9130,bb6dc0fc,bd84dcb5,3daa9fb3,bf7e912f,bb6dc0ff,bd84dcb4,3daa9fb2,1

6733,180,139,2,-2073,-47,15776,-4097,2491,-3266,bf7e8f40,bb610b18,bd85058d,3dab3d26,bf7e8f41,bb610b1b,bd85058f,3dab3d27,1

6734,192,143,17,-2074,-50,15785,-4119,2493,-3239,bf7e8dc1,bb5e1a8d,bd852452,3dabb471,bf7e8dc1,bb5e1a92,bd852452,3dabb471,1

6735,195,144,12,-2048,-42,15749,-4119,2493,-3239,bf7e8de2,bb646f6e,bd84931a,3dac1675,bf7e8de1,bb646f6c,bd84931a,3dac1674,1

6736,187,137,0,-2027,-71,15747,-4081,2515,-3255,bf7e8c79,bb3f0608,bd841a24,3dad0400,bf7e8c7a,bb3f0605,bd841a26,3dad0400,1

6737,175,137,-1,-2010,-19,15728,-4083,2445,-3224,bf7e8f3a,bb6ce705,bd83c5df,3dac3250,bf7e8f3a,bb6ce6ff,bd83c5e0,3dac3250,1

6738,182,126,1,-2037,-30,15735,-4083,2445,-3224,bf7e918a,bb8b9add,bd83c8e0,3dab44ba,bf7e918a,bb8b9ada,bd83c8e1,3dab44ba,1

6739,190,115,5,-2041,-10,15748,-4127,2485,-3190,bf7e91b0,bb96cae8,bd83ac36,3dab42a7,bf7e91b1,bb96cae4,bd83ac37,3dab42a7,1

6740,205,118,-6,-2069,-71,15756,-4091,2507,-3243,bf7e8f42,bb80aae2,bd83f5a1,3dac032e,bf7e8f43,bb80aadd,bd83f5a2,3dac032e,1

6741,207,120,-7,-2084,-68,15778,-4091,2507,-3243,bf7e8c4f,bb5ba4b8,bd846bfe,3daccbc8,bf7e8c4f,bb5ba4af,bd846bfe,3daccbc7,1

6742,199,124,3,-2076,-118,15749,-4101,2479,-3357,bf7e8b3f,bb3c938a,bd852002,3dacaf51,bf7e8b3e,bb3c937f,bd852002,3dacaf50,1

6743,184,127,4,-2070,-43,15761,-4085,2471,-3235,bf7e8c51,bb65dc50,bd853ec9,3dac25c9,bf7e8c50,bb65dc43,bd853ec9,3dac25c8,1

6744,183,135,4,-2067,-51,15776,-4085,2471,-3235,bf7e8db8,bb80f5e2,bd8537ba,3dab9c52,bf7e8db8,bb80f5de,bd8537ba,3dab9c52,1

6745,179,141,-2,-2060,-69,15763,-4051,2505,-3190,bf7e8be7,bb5aea08,bd850273,3dac7f56,bf7e8be7,bb5aea01,bd850273,3dac7f56,1

6746,174,142,0,-2057,-58,15743,-4071,2479,-3297,bf7e8c32,bb64dfc5,bd84da89,3dac7ee2,bf7e8c32,bb64dfbf,bd84da8a,3dac7ee2,1

6747,180,145,3,-2063,-33,15773,-4071,2479,-3297,bf7e8c47,bb7ea88f,bd84c4a0,3dac7f10,bf7e8c47,bb7ea88e,bd84c49f,3dac7f10,1

6748,187,140,9,-2045,-41,15744,-4079,2499,-3232,bf7e8ad9,bb65ca2b,bd845ab3,3dad5f8d,bf7e8ada,bb65ca2c,bd845ab3,3dad5f8d,1

6749,188,137,6,-2034,-32,15740,-4031,2479,-3244,bf7e8b4b,bb75ed83,bd83c5e9,3dada1a2,bf7e8b4a,bb75ed81,bd83c5e8,3dada1a1,1

6750,194,129,10,-2053,-78,15769,-4067,2523,-3258,bf7e88cd,bb4c2cab,bd83c450,3dae993a,bf7e88cd,bb4c2caa,bd83c44e,3dae993a,1

6751,182,127,14,-2044,-55,15746,-4067,2523,-3258,bf7e85f5,bb2de339,bd83aa80,3dafbdaf,bf7e85f5,bb2de338,bd83aa7e,3dafbdaf,1

6752,190,120,18,-2030,-59,15736,-4095,2483,-3291,bf7e8736,bb524de2,bd838704,3daf597c,bf7e8735,bb524de1,bd838701,3daf597b,1

6753,184,119,14,-2056,-40,15758,-4099,2461,-3259,bf7e8896,bb7c6892,bd83d2bd,3dae92af,bf7e8897,bb7c688c,bd83d2bd,3dae92b1,1

6754,190,117,24,-2064,-37,15766,-4099,2461,-3259,bf7e89c6,bb90c40e,bd84364a,3dadc9fb,bf7e89c5,bb90c409,bd843649,3dadc9fb,1

6755,196,117,20,-2070,16,15776,-4065,2493,-3315,bf7e8705,bb956e0a,bd846d7f,3dae9d62,bf7e8704,bb956e04,bd846d80,3dae9d61,1

6756,209,123,3,-2070,-143,15752,-4075,2493,-3197,bf7e85af,bb774a2d,bd84ae88,3daefc92,bf7e85ae,bb774a1f,bd84ae88,3daefc91,1

6757,200,127,-2,-2062,-73,15757,-4075,2493,-3197,bf7e844d,bb59c333,bd84c819,3daf73e7,bf7e844c,bb59c327,bd84c819,3daf73e6,1

6758,191,120,-3,-2062,-85,15764,-4063,2439,-3261,bf7e86fc,bb7cc94f,bd84f637,3dae4ad6,bf7e86fc,bb7cc944,bd84f637,3dae4ad6,1

6759,184,130,0,-2066,-103,15759,-4059,2451,-3283,bf7e899f,bb824ea5,bd8544da,3dad144d,bf7e89a0,bb824ea3,bd8544db,3dad144d,1

6760,170,133,2,-2051,-44,15763,-4059,2451,-3283,bf7e8c89,bb949736,bd84ffaf,3dac27f4,bf7e8c89,bb949733,bd84ffb0,3dac27f3,1

6761,172,134,4,-2042,-70,15764,-4091,2513,-3289,bf7e8b2b,bb7ee0df,bd84a9c9,3dacfc47,bf7e8b2b,bb7ee0d8,bd84a9ca,3dacfc46,1

6762,168,125,4,-2077,-95,15768,-4113,2477,-3265,bf7e8ae1,bb6a9e1f,bd8546bb,3daca580,bf7e8ae2,bb6a9e19,bd8546bb,3daca580,1

6763,153,132,3,-2034,-7,15743,-4089,2453,-3211,bf7e8d87,bb8cc835,bd84e5ba,3dabe533,bf7e8d87,bb8cc830,bd84e5ba,3dabe532,1

6764,171,136,4,-2053,-37,15758,-4089,2453,-3211,bf7e9048,bb9e242a,bd84c734,3daae75c,bf7e9048,bb9e2425,bd84c734,3daae75b,1

6765,186,128,5,-2064,-80,15752,-4055,2453,-3280,bf7e9194,bb91444f,bd85121b,3daa3c84,bf7e9193,bb91444c,bd85121c,3daa3c82,1

6766,168,127,12,-2050,-49,15758,-4061,2527,-3316,bf7e8f86,bb7a7192,bd84d21d,3dab4297,bf7e8f86,bb7a718d,bd84d21e,3dab4296,1

6767,174,133,13,-2054,-82,15743,-4061,2527,-3316,bf7e8d58,bb506118,bd84ac62,3dac3c48,bf7e8d59,bb506115,bd84ac62,3dac3c48,1

6768,172,135,9,-2045,0,15737,-4059,2519,-3216,bf7e8aaf,bb47bd12,bd844244,3dad8ad5,bf7e8aaf,bb47bd0d,bd844245,3dad8ad4,1

6769,187,129,3,-2049,9,15750,-4055,2483,-3249,bf7e8ac2,bb746b15,bd8420dd,3dad8ed1,bf7e8ac2,bb746b0f,bd8420de,3dad8ed0,1

6770,207,115,0,-2077,-114,15774,-4055,2483,-3249,bf7e8901,bb4ab07b,bd84b224,3dadd28a,bf7e8901,bb4ab073,bd84b225,3dadd289,1

6771,196,118,2,-2051,-64,15744,-4045,2549,-3284,bf7e865d,bb23fd5e,bd848a01,3daef1cd,bf7e865e,bb23fd57,bd848a02,3daef1cd,1

6772,180,122,4,-2045,-18,15756,-4045,2507,-3239,bf7e848c,bb352ae8,bd8425fb,3dafe185,bf7e848c,bb352ae4,bd8425fc,3dafe184,1

6773,194,130,3,-2030,-38,15759,-4045,2507,-3239,bf7e8311,bb3249e5,bd838f97,3db0db5c,bf7e8311,bb3249dd,bd838f99,3db0db5b,1

6774,200,117,9,-2062,-41,15757,-4075,2523,-3228,bf7e7f56,bb25efea,bd83d5e1,3db200ba,bf7e7f57,bb25efe4,bd83d5e2,3db200b9,1

6775,205,115,10,-2072,-78,15776,-4083,2443,-3299,bf7e8116,bb4d57fa,bd843718,3db10d6d,bf7e8117,bb4d57f7,bd843718,3db10d6c,1

6776,192,115,3,-2066,-108,15778,-4059,2497,-3297,bf7e7f1d,bb296c3f,bd848da0,3db18ba8,bf7e7f1c,bb296c32,bd848d9d,3db18ba5,1

6777,184,128,7,-2070,-76,15747,-4059,2497,-3297,bf7e7d11,bb2c8949,bd84f9e1,3db1f623,bf7e7d10,bb2c893a,bd84f9dd,3db1f621,1

6778,182,138,9,-2044,-18,15752,-4097,2505,-3200,bf7e7d4b,bb52aaf9,bd848007,3db23185,bf7e7d4b,bb52aaef,bd848005,3db23184,1

6779,186,136,3,-2074,-76,15751,-4079,2489,-3338,bf7e7c33,bb570469,bd85180a,3db222b4,bf7e7c33,bb570462,bd851809,3db222b4,1

6780,185,133,2,-2047,-26,15751,-4079,2489,-3338,bf7e7d45,bb7b5f08,bd84a4bb,3db20b0f,bf7e7d45,bb7b5f04,bd84a4bb,3db20b0f,1

6781,183,134,3,-2058,-39,15763,-4081,2479,-3210,bf7e7eb1,bb8de770,bd84a4df,3db17c3e,bf7e7eb2,bb8de771,bd84a4df,3db17c3f,1

6782,189,140,4,-2038,-36,15749,-4067,2553,-3225,bf7e7c6c,bb75a044,bd844fe4,3db29986,bf7e7c6d,bb75a047,bd844fe4,3db29987,1

6783,198,130,4,-2041,-40,15754,-4067,2553,-3225,bf7e79d0,bb5164f5,bd840d87,3db3c336,bf7e79d0,bb5164f8,bd840d86,3db3c336,1

6784,211,125,8,-2043,-34,15742,-4077,2493,-3216,bf7e7a48,bb72ff6d,bd83f586,3db39fc8,bf7e7a48,bb72ff70,bd83f585,3db39fc8,1

6785,216,116,12,-2048,-48,15751,-4039,2471,-3287,bf7e7b9c,bb88d9f5,bd841900,3db301a4,bf7e7b9d,bb88d9f5,bd8418ff,3db301a5,1

6786,231,117,14,-2089,-31,15778,-4039,2471,-3287,bf7e7b03,bb950370,bd84e9c5,3db2943c,bf7e7b02,bb950372,bd84e9c3,3db2943b,1

6787,229,120,-4,-2123,-102,15783,-4083,2507,-3244,bf7e784a,bb7e0857,bd85a2c7,3db3131e,bf7e784b,bb7e0861,bd85a2c6,3db3131e,1

6788,214,146,-14,-2123,-156,15782,-4117,2481,-3241,bf7e77cf,bb5c40ec,bd868e64,3db298e8,bf7e77d0,bb5c40ef,bd868e63,3db298e8,1

6789,196,176,-10,-2206,-13,15856,-4079,2435,-3190,bf7e78bc,bb81e514,bd872546,3db1c547,bf7e78bc,bb81e515,bd872544,3db1c547,1

6790,203,217,-1,-1871,-132,15639,-4079,2435,-3190,bf7e7e9e,bb8352c8,bd85693c,3db0f825,bf7e7e9e,bb8352c9,bd85693a,3db0f824,1

6791,192,188,-7,-1992,-59,15717,-4071,2453,-3329,bf7e838f,bb9006c1,bd84350a,3db00e0b,bf7e838f,bb9006c5,bd843508,3db00e0a,1

6792,199,169,-6,-2003,-89,15742,-4107,2465,-3270,bf7e888c,bb8c4611,bd832c41,3daf090e,bf7e888d,bb8c4611,bd832c41,3daf090e,1

6793,214,155,2,-1994,-52,15739,-4107,2465,-3270,bf7e8ccf,bb9591bc,bd8253cb,3dae15c6,bf7e8cce,bb9591b9,bd8253ca,3dae15c6,1

6794,214,145,2,-1993,-103,15730,-4089,2465,-3288,bf7e8f91,bb825dfa,bd81dedc,3dad79ce,bf7e8f91,bb825df7,bd81dedb,3dad79cf,1

6795,205,125,8,-2024,-40,15767,-4049,2485,-3244,bf7e8dca,bb74eac5,bd820db7,3dae034f,bf7e8dc9,bb74eac9,bd820db5,3dae0350,1

6796,207,113,4,-2076,-116,15769,-4049,2485,-3244,bf7e8b32,bb4f518e,bd830134,3dae4bab,bf7e8b32,bb4f51a3,bd830133,3dae4bad,1

6797,204,111,4,-2070,-144,15767,-4075,2471,-3256,bf7e8a69,bb34625d,bd840249,3dadda65,bf7e8a69,bb346273,bd840249,3dadda67,1

6798,180,132,5,-2053,-121,15767,-4081,2481,-3311,bf7e8a42,bb1dc3c3,bd8450c4,3dadb2af,bf7e8a42,bb1dc3d8,bd8450c4,3dadb2b1,1

6799,155,147,-5,-2057,-102,15758,-4081,2481,-3311,bf7e8a90,bb27c4b6,bd84917d,3dad6243,bf7e8a90,bb27c4c5,bd84917d,3dad6245,1

6800,142,159,-12,-2059,-106,15775,-4039,2501,-3279,bf7e88b7,bb074fc3,bd847a7c,3dae27e1,bf7e88b6,bb074fcf,bd847a7b,3dae27e3,1

6801,125,157,-13,-2043,-16,15772,-4061,2493,-3220,bf7e8928,bb37badb,bd841222,3dae433b,bf7e8927,bb37baea,bd841222,3dae433d,1

6802,135,167,-6,-2036,-32,15747,-4117,2439,-3265,bf7e8bd5,bb684e60,bd83ebb9,3dad5747,bf7e8bd5,bb684e70,bd83ebb9,3dad574a,1

6803,154,154,-2,-1998,-15,15743,-4117,2439,-3265,bf7e8f14,bb8ae01b,bd837703,3dac6d2b,bf7e8f14,bb8ae022,bd837703,3dac6d2e,1

6804,178,138,-1,-2011,-38,15731,-4079,2449,-3316,bf7e9277,bb9c3f67,bd830bb9,3dab6f2f,bf7e9276,bb9c3f6f,bd830bb9,3dab6f32,1

6805,186,134,8,-2056,-39,15766,-4055,2497,-3290,bf7e8fe6,bb88df84,bd834129,3dac4a13,bf7e8fe6,bb88df8d,bd83412a,3dac4a17,1

6806,191,139,6,-2027,-103,15737,-4055,2497,-3290,bf7e8e90,bb625bae,bd832411,3dacef74,bf7e8e91,bb625bc1,bd832413,3dacef79,1

6807,175,136,-8,-2036,-62,15761,-4035,2471,-3206,bf7e8f16,bb6c7292,bd833aff,3daca94a,bf7e8f16,bb6c72b5,bd833aff,3daca94e,1

6808,168,129,2,-2017,-54,15756,-4037,2473,-3244,bf7e9052,bb709b69,bd82a82a,3daca325,bf7e9052,bb709b8c,bd82a82b,3daca329,1

6809,178,120,7,-2027,-77,15738,-4037,2473,-3244,bf7e8fdf,bb5bf68f,bd82d8c8,3dacaf2d,bf7e8fdf,bb5bf6ad,bd82d8c8,3dacaf30,1

6810,185,116,21,-2031,-71,15757,-4047,2493,-3216,bf7e8dc3,bb3e2b12,bd82e138,3dad7877,bf7e8dc2,bb3e2b2d,bd82e138,3dad7879,1

6811,176,118,16,-2028,-44,15758,-4065,2495,-3233,bf7e8c24,bb46b53f,bd82c462,3dae236b,bf7e8c24,bb46b556,bd82c462,3dae236e,1

6812,187,114,15,-2023,-21,15753,-4065,2495,-3233,bf7e8afb,bb5e9647,bd829090,3daeaf53,bf7e8afb,bb5e965e,bd829091,3daeaf56,1

6813,186,109,14,-2055,-53,15773,-4071,2525,-3293,bf7e877a,bb3de04b,bd82da44,3dafc819,bf7e8779,bb3de060,bd82da44,3dafc81b,1

6814,196,111,8,-2056,-69,15776,-4089,2493,-3331,bf7e8577,bb437db9,bd839300,3daff6e1,bf7e8577,bb437dd2,bd839301,3daff6e4,1

6815,195,120,17,-2016,-55,15753,-4047,2479,-3212,bf7e873e,bb5f44ec,bd830232,3dafb5f4,bf7e873e,bb5f44fe,bd830233,3dafb5f7,1

6816,195,118,15,-2031,-84,15744,-4047,2479,-3212,bf7e8742,bb5313c8,bd832ca0,3daf990a,bf7e8741,bb5313db,bd832ca0,3daf990c,1

6817,183,114,7,-2012,-101,15737,-4065,2455,-3196,bf7e8add,bb6b408c,bd83032d,3dae60af,bf7e8add,bb6b409d,bd83032e,3dae60b2,1

6818,171,100,15,-2042,-65,15754,-4055,2483,-3212,bf7e8978,bb61fb60,bd836a0d,3dae9848,bf7e8978,bb61fb75,bd836a0e,3dae984b,1

6819,174,97,8,-2060,-81,15771,-4055,2483,-3212,bf7e87b7,bb52a189,bd8415e5,3daebefe,bf7e87b7,bb52a19f,bd8415e6,3daebf01,1

6820,166,104,5,-2053,-18,15777,-4047,2471,-3244,bf7e8874,bb800bfa,bd8427be,3dae5d4d,bf7e8875,bb800c05,bd8427bf,3dae5d51,1

6821,180,110,7,-2062,-7,15754,-4055,2499,-3185,bf7e859c,bb80b0ef,bd844e76,3daf490c,bf7e859c,bb80b0fa,bd844e75,3daf4910,1

6822,203,115,4,-2051,-49,15752,-4055,2499,-3185,bf7e8398,bb656c61,bd843dce,3db019b8,bf7e8399,bb656c7a,bd843dcd,3db019bd,1

6823,205,120,4,-2027,-17,15750,-4073,2503,-3212,bf7e82f1,bb6bb5f8,bd838cf5,3db0d81b,bf7e82f2,bb6bb61a,bd838cf5,3db0d820,1

6824,212,118,2,-2045,-101,15761,-4045,2471,-3215,bf7e8400,bb5d7cdf,bd83e6df,3db037d7,bf7e8400,bb5d7d03,bd83e6de,3db037da,1

6825,204,119,4,-2031,-87,15760,-4045,2471,-3215,bf7e8669,bb61b0b6,bd83a04a,3daf8c56,bf7e8669,bb61b0d5,bd83a049,3daf8c59,1

6826,206,120,12,-2032,-71,15760,-4131,2499,-3240,bf7e863d,bb52afe6,bd836346,3dafce71,bf7e863c,bb52afff,bd836345,3dafce74,1

6827,206,113,11,-2032,-54,15764,-4113,2497,-3228,bf7e860e,bb5c61de,bd8338b0,3daffc3f,bf7e860d,bb5c61f4,bd8338b1,3daffc42,1

6828,202,107,13,-2050,-102,15760,-4093,2475,-3177,bf7e86ef,bb5cedae,bd83db55,3daf30f1,bf7e86ee,bb5cedc8,bd83db56,3daf30f4,1

6829,197,97,11,-2054,-55,15753,-4093,2475,-3177,bf7e87e3,bb7c2288,bd8437ae,3dae878b,bf7e87e3,bb7c229f,bd8437af,3dae878e,1

6830,203,106,15,-2083,-80,15781,-4043,2449,-3282,bf7e88d4,bb884617,bd84fe4a,3dad90e9,bf7e88d4,bb884626,bd84fe4a,3dad90ec,1

6831,202,118,21,-2084,-92,15763,-4115,2455,-3258,bf7e8a8c,bb8d7856,bd85a08e,3dac6d66,bf7e8a8c,bb8d7864,bd85a08e,3dac6d69,1

6832,190,126,12,-2057,-78,15776,-4115,2455,-3258,bf7e8e52,bb93ebf6,bd855f6f,3dab34ed,bf7e8e52,bb93ec04,bd855f6f,3dab34f0,1

6833,184,131,3,-2038,-114,15756,-4133,2473,-3232,bf7e904e,bb7d318a,bd84e457,3daae8ba,bf7e904d,bb7d31a5,bd84e457,3daae8bc,1

6834,176,132,5,-2020,-78,15723,-4087,2509,-3255,bf7e8f54,bb556425,bd845cd9,3dabbc6f,bf7e8f54,bb556446,bd845cd8,3dabbc72,1

6835,167,124,7,-1991,-69,15732,-4087,2509,-3255,bf7e8f0e,bb382ba4,bd8373d9,3dac90e4,bf7e8f0e,bb382bba,bd8373d9,3dac90e7,1

6836,167,111,12,-2013,-52,15738,-4115,2481,-3194,bf7e910b,bb5cf96d,bd8303f6,3dac1f2a,bf7e910b,bb5cf983,bd8303f6,3dac1f2d,1

6837,181,100,22,-2077,22,15792,-4089,2469,-3208,bf7e90c3,bb85c0cb,bd8388b7,3dabc431,bf7e90c3,bb85c0d7,bd8388b6,3dabc434,1

6838,192,107,20,-2050,-66,15768,-4089,2469,-3208,bf7e9161,bb84f547,bd83f4cd,3dab374b,bf7e9160,bb84f551,bd83f4cd,3dab374e,1

6839,204,103,15,-2049,-57,15742,-4083,2473,-3280,bf7e913e,bb803bc2,bd84359c,3dab15e0,bf7e913e,bb803bcc,bd84359d,3dab15e4,1

6840,198,94,7,-2087,-119,15773,-4057,2505,-3258,bf7e8ea5,bb5231c4,bd849f75,3dabcaab,bf7e8ea5,bb5231d8,bd849f76,3dabcaaf,1

6841,187,105,6,-2087,-112,15774,-4059,2523,-3189,bf7e8bbc,bb282dd5,bd84e399,3dacb4c0,bf7e8bbb,bb282de7,bd84e398,3dacb4c4,1

6842,172,122,-4,-2083,-95,15764,-4059,2523,-3189,bf7e88aa,bb05e4ca,bd85146e,3dadb7c2,bf7e88aa,bb05e4df,bd85146f,3dadb7c7,1

6843,159,127,-1,-2056,-52,15760,-4087,2475,-3198,bf7e8a39,bb350dd2,bd84fcd7,3dad2cad,bf7e8a39,bb350de6,bd84fcd8,3dad2cb2,1

6844,163,133,5,-2034,-49,15741,-4099,2479,-3260,bf7e8c59,bb5bfc42,bd846e74,3dacc68c,bf7e8c5a,bb5bfc57,bd846e75,3dacc691,1

6845,171,130,18,-2002,-203,15710,-4099,2479,-3260,bf7e8d41,bb29fe41,bd8407d0,3daccd5f,bf7e8d41,bb29fe58,bd8407d1,3daccd63,1

6846,168,118,36,-2051,-27,15748,-4053,2477,-3304,bf7e8d28,bb564aee,bd841ba3,3dacbb64,bf7e8d28,bb564b08,bd841ba3,3dacbb68,1

6847,177,117,25,-2058,-57,15784,-4115,2517,-3224,bf7e8a45,bb3b475d,bd84215b,3dadce21,bf7e8a45,bb3b4777,bd84215b,3dadce25,1

6848,179,116,27,-2049,-63,15757,-4115,2517,-3224,bf7e878e,bb263670,bd8410bf,3daeddac,bf7e878f,bb26368a,bd8410bf,3daeddaf,1

6849,184,114,23,-2038,-50,15738,-4057,2469,-3216,bf7e8908,bb516e5f,bd8404bd,3dae5199,bf7e8909,bb516e79,bd8404bc,3dae519c,1

6850,178,115,26,-2038,-85,15751,-4075,2473,-3215,bf7e8adc,bb5e9347,bd83f20c,3dadb06b,bf7e8adb,bb5e935b,bd83f20a,3dadb06c,1

6851,182,103,25,-2039,30,15757,-4075,2473,-3215,bf7e8ba4,bb87ca89,bd83d89d,3dad696c,bf7e8ba3,bb87ca93,bd83d89c,3dad696d,1

6852,199,101,12,-2068,-104,15759,-4069,2447,-3188,bf7e8d62,bb8a5e63,bd8494e1,3dac32ac,bf7e8d62,bb8a5e6c,bd8494e1,3dac32ae,1

6853,207,107,5,-2077,-111,15768,-4095,2517,-3218,bf7e8b15,bb653899,bd84c9a6,3dacf4cc,bf7e8b15,bb6538ab,bd84c9a7,3dacf4ce,1

6854,193,109,3,-2052,-64,15765,-4081,2507,-3236,bf7e8918,bb444d83,bd849b3a,3daddcdf,bf7e8918,bb444d93,bd849b3b,3daddce1,1

6855,193,114,10,-2063,-89,15778,-4081,2507,-3236,bf7e86c1,bb22702e,bd84ade3,3daeb27c,bf7e86c1,bb22703c,bd84ade4,3daeb27e,1

6856,187,120,12,-2052,-81,15766,-4077,2555,-3211,bf7e83e7,bafcfe50,bd848455,3dafe1d4,bf7e83e7,bafcfe6a,bd848456,3dafe1d6,1

6857,178,118,12,-2061,-49,15746,-4069,2501,-3189,bf7e8298,bb201978,bd84a54d,3db03b81,bf7e8298,bb201983,bd84a54f,3db03b83,1

6858,183,116,3,-2061,-65,15741,-4069,2501,-3189,bf7e80cd,bb2aa28d,bd84cbaf,3db0c167,bf7e80cd,bb2aa29b,bd84cbaf,3db0c169,1

6859,190,112,6,-2035,-73,15734,-4117,2535,-3200,bf7e7e9a,bb0f05a1,bd846af1,3db1da7c,bf7e7e9a,bb0f05b0,bd846af0,3db1da7e,1

6860,191,112,3,-2052,-60,15748,-4093,2493,-3235,bf7e7f1c,bb363777,bd847a35,3db19761,bf7e7f1b,bb363784,bd847a35,3db19761,1

6861,197,112,3,-2066,-14,15782,-4093,2493,-3235,bf7e7f21,bb61d2f8,bd849a72,3db17125,bf7e7f20,bb61d304,bd849a72,3db17125,1

6862,217,111,9,-2076,-91,15735,-4053,2521,-3317,bf7e7c3b,bb374b44,bd84d9e9,3db2572d,bf7e7c3a,bb374b51,bd84d9ea,3db2572d,1

6863,217,114,10,-2092,-89,15742,-4077,2525,-3218,bf7e78aa,bb1676ae,bd855219,3db34a24,bf7e78aa,bb1676b7,bd855219,3db34a25,1

6864,200,124,8,-2092,-102,15771,-4077,2525,-3218,bf7e755d,baf2db3b,bd85a94f,3db43a44,bf7e755e,baf2db4a,bd85a950,3db43a46,1

6865,197,132,7,-2061,-99,15744,-4123,2493,-3241,bf7e7748,bb1d2c4b,bd859325,3db395f6,bf7e7747,bb1d2c53,bd859325,3db395f6,1

6866,188,129,2,-2046,-75,15750,-4075,2521,-3225,bf7e75d9,bb0d464f,bd84fdeb,3db48976,bf7e75da,bb0d4659,bd84fdec,3db48978,1

6867,195,123,-2,-2164,-251,15799,-4075,2521,-3225,bf7e7317,bac24436,bd85d2ce,3db4ec23,bf7e7317,bac24440,bd85d2cd,3db4ec25,1

6868,161,123,-14,-1909,35,15675,-4071,2463,-3255,bf7e7654,bb0eba9c,bd84f009,3db467bc,bf7e7655,bb0ebaa1,bd84f009,3db467bf,1

6869,173,97,5,-1976,-79,15684,-4069,2501,-3268,bf7e78c5,bb1b57f1,bd8398fa,3db484e0,bf7e78c5,bb1b57f7,bd8398fa,3db484e3,1

6870,192,68,13,-2153,-27,15829,-4103,2499,-3335,bf7e7652,bb3c6116,bd84de03,3db46b27,bf7e7653,bb3c611f,bd84de03,3db46b2b,1

6871,193,73,3,-2203,-102,15841,-4103,2499,-3335,bf7e72e4,bb3c6e67,bd86849e,3db46816,bf7e72e4,bb3c6e74,bd86849d,3db46819,1

6872,183,123,-10,-2114,-120,15786,-4067,2505,-3230,bf7e70a6,bb1e38e8,bd870f23,3db4d20f,bf7e70a6,bb1e38f5,bd870f21,3db4d212,1

6873,177,148,-10,-2019,-22,15721,-4081,2485,-3212,bf7e73b0,bb4910f8,bd86296a,3db460db,bf7e73af,bb491107,bd862968,3db460dd,1

6874,186,143,-7,-2045,-20,15729,-4081,2485,-3212,bf7e75fa,bb749eb8,bd859bbe,3db3ed3a,bf7e75fa,bb749eca,bd859bbc,3db3ed3d,1

6875,208,120,3,-2094,-96,15777,-4061,2467,-3279,bf7e7740,bb7fac33,bd864176,3db2fa69,bf7e7740,bb7fac43,bd864175,3db2fa6c,1

6876,217,122,-2,-2148,-155,15826,-4037,2457,-3247,bf7e76fc,bb6b03ad,bd876898,3db23ac5,bf7e76fb,bb6b03be,bd876897,3db23ac7,1

6877,207,137,-11,-2058,-64,15772,-4037,2457,-3247,bf7e7af7,bb84f78b,bd86b309,3db14d31,bf7e7af7,bb84f792,bd86b308,3db14d33,1

6878,190,150,0,-2054,-114,15744,-4057,2471,-3235,bf7e7dea,bb6a4cfb,bd85fde1,3db0d251,bf7e7dea,bb6a4d09,bd85fde0,3db0d253,1

6879,185,146,4,-2060,-43,15758,-4031,2507,-3264,bf7e7c4e,bb51b119,bd8576c0,3db1d3ba,bf7e7c4d,bb51b126,bd8576be,3db1d3bb,1

6880,191,135,2,-2072,-38,15754,-4031,2507,-3264,bf7e79c1,bb46c458,bd855635,3db2d822,bf7e79c1,bb46c468,bd855634,3db2d823,1

6881,199,123,-2,-2071,-89,15764,-4085,2531,-3233,bf7e7733,bb21e119,bd854d50,3db3d07b,bf7e7734,bb21e128,bd854d4f,3db3d07d,1

6882,201,138,-2,-2082,-59,15748,-4077,2477,-3261,bf7e7854,bb4b1a03,bd859222,3db32c0f,bf7e7854,bb4b1a13,bd859221,3db32c0f,1

6883,203,144,2,-2067,-27,15757,-4081,2481,-3231,bf7e79d4,bb75c440,bd8573fc,3db2acd3,bf7e79d4,bb75c44d,bd8573fb,3db2acd3,1

6884,219,145,-4,-2067,-103,15739,-4081,2481,-3231,bf7e7b19,bb60505f,bd85939d,3db2282b,bf7e7b19,bb605067,bd85939d,3db2282b,1

6885,217,141,4,-2061,-126,15764,-4073,2475,-3222,bf7e7d79,bb495955,bd8579b7,3db168ba,bf7e7d79,bb495959,bd8579b7,3db168ba,1

6886,201,139,11,-2045,-119,15728,-4093,2519,-3274,bf7e7c23,bb1dd43d,bd85272a,3db22c33,bf7e7c23,bb1dd441,bd85272a,3db22c33,1

6887,199,140,5,-2052,-102,15763,-4093,2519,-3274,bf7e7a79,bafde6a7,bd84d6b3,3db305ff,bf7e7a78,bafde6ac,bd84d6b3,3db305fe,1

6888,188,127,0,-2042,-115,15744,-4111,2511,-3287,bf7e7a11,bae3ee15,bd847afa,3db370b4,bf7e7a11,bae3ee18,bd847afa,3db370b4,1

6889,182,116,1,-2055,-121,15783,-4057,2501,-3194,bf7e7935,badab270,bd848f92,3db3b019,bf7e7934,badab273,bd848f91,3db3b018,1

6890,174,120,5,-2062,-111,15771,-4057,2501,-3194,bf7e7825,baed6d57,bd84cf87,3db3e01e,bf7e7825,baed6d5a,bd84cf86,3db3e01e,1

6891,167,128,4,-2046,-61,15751,-4081,2509,-3236,bf7e77ec,bb18074c,bd847a36,3db42cb1,bf7e77ec,bb18074f,bd847a35,3db42cb1,1

6892,171,125,7,-2069,-78,15776,-4077,2465,-3294,bf7e799b,bb43260f,bd84bc00,3db35931,bf7e799b,bb432611,bd84bbff,3db35931,1

6893,181,127,12,-2058,-27,15761,-4077,2465,-3294,bf7e7b50,bb7182bc,bd84c070,3db2aca3,bf7e7b50,bb7182be,bd84c06f,3db2aca3,1

6894,202,136,7,-2056,-101,15769,-4081,2485,-3231,bf7e7c2d,bb58ec18,bd84c1a3,3db264bf,bf7e7c2c,bb58ec17,bd84c1a2,3db264be,1

6895,193,134,0,-2048,-65,15757,-4067,2489,-3225,bf7e7d07,bb62a627,bd846fea,3db250db,bf7e7d07,bb62a627,bd846fed,3db250da,1

6896,190,132,2,-2052,-92,15757,-4079,2531,-3311,bf7e7ace,bb393951,bd84542f,3db33bb0,bf7e7ace,bb393950,bd845431,3db33baf,1

6897,192,125,0,-2040,-80,15744,-4079,2531,-3311,bf7e7884,bb178f35,bd84170f,3db44027,bf7e7885,bb178f36,bd841710,3db44027,1

6898,199,121,-3,-2042,-108,15742,-4107,2501,-3263,bf7e78ee,bb1afbf3,bd8420be,3db412f7,bf7e78ef,bb1afbf5,bd8420be,3db412f7,1

6899,207,122,2,-2056,-50,15752,-4095,2493,-3219,bf7e7989,bb43aa61,bd844cca,3db3b1cd,bf7e7989,bb43aa63,bd844cc9,3db3b1cc,1

6900,208,120,1,-2075,-94,15775,-4095,2493,-3219,bf7e78ea,bb468ce0,bd84ff37,3db36542,bf7e78ea,bb468cda,bd84ff37,3db36542,1

6901,196,114,4,-2089,-145,15786,-4065,2521,-3234,bf7e766f,bb19afe5,bd854bbb,3db4189e,bf7e766f,bb19afe0,bd854bbb,3db4189e,1

6902,178,122,1,-2084,-107,15734,-4059,2523,-3278,bf7e7356,baf5c9a7,bd8595c9,3db4ff09,bf7e7355,baf5c99c,bd8595c8,3db4ff08,1

6903,173,130,-5,-2078,-54,15763,-4059,2523,-3278,bf7e70ac,bb0647ee,bd858e64,3db5f1b4,bf7e70ab,bb0647e9,bd858e64,3db5f1b3,1

6904,177,132,-2,-2073,-76,15767,-4067,2487,-3310,bf7e71e1,bb309544,bd859e7a,3db570c7,bf7e71e1,bb30953d,bd859e7c,3db570c6,1

6905,183,143,8,-2050,-75,15760,-4057,2505,-3190,bf7e71f4,bb32b754,bd84f465,3db5e5ea,bf7e71f3,bb32b74e,bd84f465,3db5e5e9,1

6906,187,131,7,-2033,-81,15746,-4057,2505,-3190,bf7e724a,bb2f3e05,bd843818,3db651fe,bf7e724b,bb2f3e03,bd843819,3db651ff,1

6907,196,123,10,-2056,-26,15745,-4067,2533,-3332,bf7e6ef5,bb2b8f66,bd842730,3db7877f,bf7e6ef5,bb2b8f67,bd84272f,3db7877f,1

6908,202,119,11,-2049,-135,15744,-4111,2473,-3280,bf7e71c2,bb42bac3,bd847186,3db652e2,bf7e71c3,bb42bac4,bd847187,3db652e3,1

6909,187,122,13,-2066,-48,15783,-4055,2555,-3233,bf7e6e5c,bb248fbf,bd8460a2,3db794e3,bf7e6e5b,bb248fc0,bd8460a2,3db794e3,1

6910,201,122,14,-2023,-9,15735,-4055,2555,-3233,bf7e6b9e,bb17efeb,bd83d164,3db8f0a4,bf7e6b9e,bb17efed,bd83d166,3db8f0a4,1

6911,222,112,13,-2046,-148,15752,-4077,2489,-3281,bf7e6d2c,bb1645ca,bd843eb9,3db81972,bf7e6d2d,bb1645cf,bd843eb9,3db81972,1

6912,214,111,14,-2067,-79,15760,-4083,2485,-3308,bf7e6e1e,bb3c699a,bd84a313,3db77482,bf7e6e1e,bb3c699d,bd84a313,3db77482,1

6913,217,120,3,-2131,-194,15778,-4083,2485,-3308,bf7e6cb2,bb1fd771,bd85ddda,3db714ae,bf7e6cb3,bb1fd76d,bd85ddda,3db714ae,1

6914,201,132,-6,-2100,-160,15784,-4083,2473,-3243,bf7e6e9b,bb29a927,bd868915,3db5ea56,bf7e6e9b,bb29a923,bd868915,3db5ea55,1

6915,174,143,-9,-2105,-122,15784,-4089,2465,-3266,bf7e70f2,bb4978ec,bd86e75c,3db4ca09,bf7e70f3,bb4978e9,bd86e75d,3db4ca09,1

6916,159,158,-5,-2067,-109,15760,-4089,2465,-3266,bf7e74f9,bb677d27,bd868857,3db39c46,bf7e74f9,bb677d23,bd868858,3db39c45,1

6917,161,169,-4,-2037,-46,15725,-4101,2501,-3276,bf7e7705,bb70eb86,bd8545cb,3db3cfa0,bf7e7705,bb70eb7e,bd8545cc,3db3cf9f,1

6918,170,161,0,-2037,-61,15738,-4081,2483,-3297,bf7e79fa,bb825a14,bd847a6a,3db3532c,bf7e79fb,bb825a11,bd847a6d,3db3532c,1

6919,191,143,10,-2023,-9,15749,-4081,2483,-3297,bf7e7c2e,bb94bc93,bd83c2cd,3db303f0,bf7e7c2f,bb94bc88,bd83c2ce,3db303f1,1

6920,210,129,18,-2014,-53,15734,-4049,2535,-3369,bf7e7a57,bb7dc787,bd8364fc,3db40046,bf7e7a58,bb7dc774,bd8364fc,3db40047,1

6921,222,116,21,-2037,-33,15760,-4075,2483,-3155,bf7e7b96,bb8e5b21,bd83698a,3db380d1,bf7e7b95,bb8e5b1a,bd836989,3db380d1,1

6922,238,113,14,-2047,-119,15765,-4075,2547,-3296,bf7e7945,bb6a0ac5,bd837391,3db45d5e,bf7e7945,bb6a0ab9,bd837390,3db45d5f,1

6923,230,118,11,-2050,-112,15766,-4075,2547,-3296,bf7e76b3,bb3a9a8e,bd837fbe,3db54991,bf7e76b4,bb3a9a83,bd837fbd,3db54992,1

6924,224,117,6,-2045,-56,15768,-4057,2547,-3201,bf7e7376,bb1a1019,bd836f2b,3db67f44,bf7e7376,bb1a100f,bd836f2a,3db67f44,1

6925,228,108,11,-2055,-90,15749,-4071,2495,-3188,bf7e7347,bb30e6a7,bd840317,3db61fdd,bf7e7347,bb30e69a,bd840317,3db61fdd,1

6926,239,112,8,-2039,-129,15735,-4071,2495,-3188,bf7e73d1,bb18f96b,bd842010,3db5dfa4,bf7e73d2,bb18f965,bd842011,3db5dfa5,1

6927,229,108,10,-2051,-176,15744,-4075,2465,-3255,bf7e7698,bb1c3efb,bd849a6d,3db48c22,bf7e7698,bb1c3ef7,bd849a6c,3db48c23,1

6928,221,110,14,-2062,-158,15770,-4049,2473,-3237,bf7e7858,bb14fe7d,bd8516b5,3db393e8,bf7e7858,bb14fe84,bd8516b3,3db393e9,1

6929,191,112,8,-2113,-173,15780,-4049,2473,-3237,bf7e77c3,bb0aa51d,bd863f89,3db2ed3d,bf7e77c3,bb0aa529,bd863f88,3db2ed3e,1

6930,175,124,6,-2095,-128,15776,-4055,2507,-3376,bf7e756d,bad80ea5,bd8683f4,3db3935b,bf7e756d,bad80eba,bd8683f2,3db3935c,1

6931,169,129,5,-2078,-146,15743,-4083,2463,-3313,bf7e783a,bb0e5a9d,bd86a171,3db27836,bf7e783a,bb0e5aa7,bd86a170,3db27837,1

6932,165,135,7,-2078,-19,15771,-4083,2463,-3313,bf7e7a11,bb406ed2,bd8683d3,3db1daff,bf7e7a12,bb406edc,bd8683d3,3db1db01,1

6933,174,148,6,-2067,-73,15763,-4051,2483,-3243,bf7e7bdb,bb5589ef,bd85f2f3,3db19e9d,bf7e7bdb,bb5589f9,bd85f2f2,3db19e9f,1

6934,185,138,7,-2044,-74,15745,-4101,2473,-3213,bf7e7f63,bb73fe50,bd856263,3db0bd1e,bf7e7f63,bb73fe5a,bd856262,3db0bd20,1

6935,190,141,12,-2069,-98,15758,-4041,2529,-3281,bf7e7d2b,bb4828dc,bd854594,3db1ac20,bf7e7d2b,bb4828e6,bd854593,3db1ac22,1

6936,189,148,12,-2046,-94,15744,-4041,2529,-3281,bf7e7b39,bb2023f2,bd84ed47,3db2aa8d,bf7e7b39,bb2023fc,bd84ed46,3db2aa8f,1

6937,188,143,7,-2040,-132,15758,-4085,2495,-3217,bf7e7c55,bb07b0e5,bd847aeb,3db29f62,bf7e7c54,bb07b0f0,bd847aea,3db29f63,1

6938,175,135,3,-2051,-121,15750,-4111,2527,-3259,bf7e7a1e,bace3444,bd846a8a,3db37a5c,bf7e7a1e,bace3456,bd846a8c,3db37a5d,1

6939,179,120,-5,-2045,-103,15751,-4111,2527,-3259,bf7e77fd,bab4ffee,bd843fa8,3db45c54,bf7e77fd,bab4ffff,bd843fa9,3db45c55,1

6940,176,113,4,-2054,-96,15753,-4093,2501,-3277,bf7e781f,bafdebba,bd8474ed,3db42357,bf7e7820,bafdebd0,bd8474ee,3db42358,1

6941,182,118,2,-2080,-75,15779,-4063,2503,-3288,bf7e764d,bb17dd43,bd85040a,3db45a0d,bf7e764c,bb17dd54,bd850409,3db45a0c,1

6942,193,120,-1,-2069,-68,15756,-4063,2503,-3288,bf7e7509,bb2bf7f8,bd852dd7,3db4a864,bf7e7509,bb2bf7f6,bd852dda,3db4a863,1

6943,196,128,-1,-2085,-137,15763,-4097,2489,-3229,bf7e7545,bb241e58,bd85e432,3db40e1b,bf7e7545,bb241e50,bd85e434,3db40e1a,1

6944,190,128,2,-2049,-157,15758,-4101,2515,-3194,bf7e74bf,baf19ee9,bd858b12,3db48834,bf7e74bf,baf19edd,bd858b13,3db48833,1

6945,187,132,4,-2079,-127,15757,-4101,2515,-3194,bf7e72d9,bacf0eb0,bd85d29f,3db500b4,bf7e72da,bacf0e9d,bd85d2a1,3db500b4,1

6946,167,131,0,-2094,-145,15783,-4099,2449,-3262,bf7e7558,bb0d98c1,bd862143,3db3dedb,bf7e7558,bb0d98bb,bd862143,3db3deda,1

6947,157,146,-6,-2050,-104,15756,-4095,2479,-3283,bf7e78b0,bb322d38,bd85a4ca,3db3042c,bf7e78b0,bb322d32,bd85a4ca,3db3042b,1

6948,166,148,-3,-2054,-114,15756,-4101,2495,-3270,bf7e7a25,bb26d4a1,bd853144,3db2d8c4,bf7e7a23,bb26d49a,bd853144,3db2d8c1,1

6949,172,141,4,-2046,-128,15753,-4101,2495,-3270,bf7e7b73,bb13907f,bd84cc81,3db2b0de,bf7e7b73,bb139070,bd84cc83,3db2b0dc,1

6950,162,140,5,-2026,-90,15757,-4061,2521,-3199,bf7e7a31,baf990aa,bd841f6a,3db3a780,bf7e7a31,baf99097,bd841f6b,3db3a77e,1

6951,170,133,7,-2044,-93,15761,-4071,2535,-3300,bf7e7776,bac47269,bd83ef03,3db4c575,bf7e7777,bac47257,bd83ef04,3db4c574,1

6952,177,132,5,-2052,-85,15774,-4071,2535,-3300,bf7e7448,baa80ffe,bd83e3ac,3db5ed42,bf7e7449,baa80fed,bd83e3ad,3db5ed41,1

6953,174,129,6,-2057,-55,15773,-4061,2525,-3215,bf7e71d7,badcc7e9,bd83f84a,3db6b487,bf7e71d7,badcc7cc,bd83f84b,3db6b485,1

6954,179,125,5,-2056,-47,15770,-4083,2495,-3301,bf7e727d,bb1e1184,bd84184f,3db65aa3,bf7e727d,bb1e1177,bd841850,3db65aa1,1

6955,193,132,-1,-2046,-161,15760,-4083,2495,-3301,bf7e72f4,bafa9113,bd844792,3db615d1,bf7e72f3,bafa90ec,bd844792,3db615cf,1

6956,195,133,1,-2062,-129,15777,-4101,2513,-3226,bf7e7185,badcc3e1,bd849d6b,3db65a03,bf7e7184,badcc3bb,bd849d6c,3db65a01,1

6957,181,137,1,-2042,-113,15756,-4125,2515,-3236,bf7e71fe,baf4eddc,bd844dcc,3db66744,bf7e71fe,baf4edb8,bd844dce,3db66743,1

6958,180,135,6,-2039,-143,15756,-4125,2515,-3236,bf7e71f0,baca973f,bd842212,3db68fb7,bf7e71f0,baca971f,bd842214,3db68fb6,1

6959,179,126,1,-2035,-78,15745,-4097,2485,-3249,bf7e73f9,bb12f8c5,bd840d5b,3db5e0d7,bf7e73f9,bb12f8b6,bd840d5c,3db5e0d6,1

6960,176,126,5,-2027,-87,15748,-4091,2537,-3215,bf7e71ce,baf5795b,bd83a6b4,3db6f0c0,bf7e71cd,baf57943,bd83a6b3,3db6f0bf,1

6961,181,126,2,-2053,-136,15733,-4047,2517,-3252,bf7e6f37,bab8bd26,bd83fd85,3db79d36,bf7e6f37,bab8bd20,bd83fd86,3db79d36,1

6962,177,116,7,-2035,-88,15751,-4047,2517,-3252,bf7e6de1,bad8400a,bd83ba57,3db8412e,bf7e6de1,bad84009,bd83ba57,3db8412e,1

6963,182,112,6,-2062,-80,15756,-4099,2493,-3310,bf7e6e93,bb17a579,bd841fc6,3db7b398,bf7e6e93,bb17a573,bd841fc7,3db7b399,1

6964,180,115,2,-2050,-87,15766,-4121,2515,-3270,bf7e6e11,bb2872ef,bd843461,3db7cddb,bf7e6e10,bb2872e8,bd843463,3db7cddb,1

6965,187,118,7,-2051,-51,15774,-4121,2515,-3270,bf7e6dc9,bb495597,bd8428e9,3db7e699,bf7e6dc9,bb495596,bd8428e9,3db7e69a,1

6966,200,112,4,-2049,-104,15737,-4095,2505,-3196,bf7e6d7d,bb3b0adf,bd84629b,3db7dbc9,bf7e6d7c,bb3b0ae2,bd84629a,3db7dbc9,1

6967,201,112,10,-2063,-100,15749,-4025,2531,-3194,bf7e6a78,bb15c83c,bd847fae,3db8d995,bf7e6a78,bb15c83f,bd847fae,3db8d995,1

6968,201,114,9,-2064,-160,15771,-4025,2531,-3194,bf7e67f3,bad32e23,bd84a0e0,3db9a705,bf7e67f4,bad32e2b,bd84a0e1,3db9a706,1

6969,203,123,10,-2079,-85,15772,-4063,2529,-3310,bf7e64a3,bad81053,bd8505aa,3dba8096,bf7e64a2,bad81061,bd8505a9,3dba8096,1

6970,199,123,5,-2032,-93,15750,-4137,2495,-3246,bf7e676a,bb1582f4,bd84be31,3db9b958,bf7e676b,bb1582fe,bd84be32,3db9b959,1

6971,191,120,1,-2044,-119,15764,-4137,2495,-3246,bf7e6a68,bb32ec53,bd84a620,3db8bd3f,bf7e6a68,bb32ec59,bd84a620,3db8bd40,1

6972,184,116,-4,-2041,-114,15770,-4115,2509,-3278,bf7e6b7c,bb2833fa,bd844ddd,3db89faa,bf7e6b7c,bb283402,bd844ddd,3db89fab,1

6973,177,121,8,-2064,-132,15768,-4093,2527,-3249,bf7e691c,bb041b4b,bd848973,3db94d95,bf7e691d,bb041b53,bd848973,3db94d97,1

6974,173,124,14,-2049,-93,15761,-4093,2527,-3249,bf7e674c,bb01ae73,bd845b81,3dba0dab,bf7e674c,bb01ae81,bd845b7f,3dba0dac,1

6975,180,132,14,-2050,-98,15750,-4097,2539,-3327,bf7e649a,badcb812,bd844196,3dbb0e5b,bf7e6499,badcb827,bd844195,3dbb0e5b,1

6976,187,130,13,-2038,-109,15766,-4075,2505,-3239,bf7e6619,bb0dd6b4,bd840e1e,3dbaaadd,bf7e6619,bb0dd6bf,bd840e1f,3dbaaade,1

6977,184,116,15,-2048,-129,15775,-4107,2499,-3232,bf7e67fa,bb22e535,bd84443f,3db9dc28,bf7e67fa,bb22e53d,bd844440,3db9dc29,1

6978,184,118,20,-2048,-170,15748,-4107,2499,-3232,bf7e6924,bb09c196,bd849036,3db944fd,bf7e6923,bb09c197,bd849034,3db944fd,1

6979,179,118,25,-2064,-123,15765,-4051,2529,-3222,bf7e6638,bad564e3,bd84b383,3dba30e6,bf7e6638,bad564e7,bd84b382,3dba30e7,1

6980,174,127,16,-2050,-39,15769,-4091,2497,-3330,bf7e6777,bb1c5ef1,bd84995f,3db9cd69,bf7e6778,bb1c5ef3,bd84995e,3db9cd6b,1

6981,185,132,5,-2068,-150,15773,-4091,2497,-3330,bf7e6806,bb129a5a,bd85213e,3db93d3b,bf7e6807,bb129a66,bd85213e,3db93d3d,1

6982,179,132,1,-2066,-89,15780,-4061,2491,-3285,bf7e6974,bb382366,bd852fce,3db8ac68,bf7e6975,bb382373,bd852fcd,3db8ac6a,1

6983,180,138,6,-2059,-116,15760,-4105,2499,-3301,bf7e6afd,bb39acca,bd8527e5,3db82a78,bf7e6afc,bb39acd5,bd8527e2,3db82a79,1

6984,199,150,26,-2039,-106,15768,-4105,2499,-3301,bf7e6d94,bb3dda97,bd84766b,3db7c491,bf7e6d93,bb3ddaa2,bd847668,3db7c492,1

6985,204,141,30,-2027,-91,15749,-4095,2513,-3279,bf7e6daf,bb2d32ed,bd83c542,3db83ea5,bf7e6dae,bb2d32f3,bd83c541,3db83ea6,1

6986,209,132,33,-2009,-100,15719,-4059,2533,-3262,bf7e6be0,bb09004a,bd8347b5,3db93eb8,bf7e6be0,bb09004d,bd8347b6,3db93eba,1

6987,219,115,38,-2046,-173,15758,-4059,2533,-3262,bf7e6940,bab44760,bd837b43,3dba07bf,bf7e693f,bab44765,bd837b44,3dba07c1,1

6988,199,121,28,-2035,-90,15781,-4071,2537,-3319,bf7e6681,baa9e18a,bd834753,3dbb1c4d,bf7e6680,baa9e1a2,bd834754,3dbb1c4f,1

6989,193,119,29,-2056,-104,15768,-4107,2485,-3282,bf7e67e0,bafe0082,bd83a1e9,3dba5f5e,bf7e67e1,bafe009e,bd83a1ea,3dba5f61,1

6990,204,117,26,-2069,-72,15774,-4087,2493,-3259,bf7e6863,bb283789,bd841425,3db9d924,bf7e6863,bb28379a,bd841426,3db9d927,1

6991,217,127,30,-2239,-112,15870,-4087,2493,-3259,bf7e65c6,bb30eead,bd859bb7,3db9a46f,bf7e65c7,bb30eebd,bd859bb9,3db9a474,1

6992,237,173,43,-1817,-216,15615,-4127,2517,-3348,bf7e687c,bb0dd4d8,bd840fa0,3db9d93c,bf7e687c,bb0dd4f1,bd840fa2,3db9d941,1

6993,236,164,43,-2031,-113,15757,-4081,2553,-3177,bf7e65f0,bacdfd04,bd83b528,3dbafe87,bf7e65f1,bacdfd38,bd83b529,3dbafe8c,1

6994,237,158,37,-2148,-125,15837,-4081,2553,-3177,bf7e6157,ba99eca2,bd84a20d,3dbbe967,bf7e6157,ba99ecd4,bd84a20e,3dbbe96c,1

6995,242,170,52,-1941,-192,15687,-4103,2529,-3322,bf7e6318,ba27410f,bd833f74,3dbc4db6,bf7e6318,ba274198,bd833f74,3dbc4dbb,1

6996,239,166,68,-1967,-163,15712,-4071,2501,-3271,bf7e66de,ba704660,bd82276c,3dbbc83e,bf7e66df,ba7046e9,bd82276c,3dbbc843,1

6997,226,142,70,-2016,-172,15746,-4071,2501,-3271,bf7e6801,ba8eb47d,bd8274f9,3dbb2e98,bf7e6800,ba8eb4c2,bd8274f9,3dbb2e9b,1

6998,216,132,65,-1949,-90,15744,-4095,2507,-3354,bf7e6a93,bad2a63d,bd81738c,3dbafda8,bf7e6a92,bad2a67d,bd81738c,3dbafdab,1

6999,215,88,61,-1795,-106,15596,-4067,2479,-3313,bf7e6e5f,baf5ac13,bd801040,3dbaa4a8,bf7e6e5f,baf5ac4f,bd801040,3dbaa4ac,1

7000,247,25,67,-1881,-106,15661,-4067,2479,-3313,bf7e71b6,bb14c87b,bd7e876d,3dba0835,bf7e71b7,bb14c896,bd7e876e,3dba083a,1

7001,261,-21,74,-2096,-118,15817,-4081,2527,-3343,bf7e6c89,bb009120,bd81074d,3dba9a15,bf7e6c88,bb00913b,bd81074c,3dba9a19,1

7002,262,-8,61,-2162,-118,15848,-4119,2545,-3278,bf7e6726,baddc0c4,bd82ccd1,3dbb36af,bf7e6725,baddc0fe,bd82ccd0,3dbb36b2,1

7003,262,24,49,-2133,-38,15838,-4103,2551,-3239,bf7e61d1,baed4068,bd842817,3dbc1097,bf7e61d1,baed40ab,bd842816,3dbc109b,1

7004,287,43,45,-2051,-31,15758,-4103,2551,-3239,bf7e5e54,bb018118,bd843dc7,3dbd2d15,bf7e5e55,bb018137,bd843dc8,3dbd2d19,1

7005,341,44,59,-2047,-120,15743,-4119,2541,-3271,bf7e5b4b,babed998,bd847b5b,3dbe0b56,bf7e5b4a,babed9d4,bd847b5b,3dbe0b59,1

7006,382,35,75,-2145,-131,15827,-4113,2545,-3349,bf7e5632,ba8a92e2,bd85f3a1,3dbebae7,bf7e5632,ba8a9320,bd85f3a2,3dbebaeb,1

7007,392,58,85,-2078,-249,15745,-4113,2545,-3349,bf7e5376,b898ecce,bd865b54,3dbf5e46,bf7e5376,b898f07d,bd865b55,3dbf5e4a,1

7008,381,72,77,-2097,-210,15769,-4119,2531,-3273,bf7e51b1,398ec3d4,bd872db7,3dbf608f,bf7e51b1,398ec2e2,bd872db8,3dbf6092,1

7009,372,65,82,-2085,-204,15770,-4077,2551,-3288,bf7e4e79,3a797784,bd8746f4,3dc05d7c,bf7e4e79,3a797717,bd8746f5,3dc05d7f,1

7010,370,88,92,-2190,-185,15834,-4077,2551,-3288,bf7e4992,3a9293b0,bd88a25b,3dc10544,bf7e4993,3a929382,bd88a25d,3dc10547,1

7011,384,123,98,-2129,-316,15773,-4111,2507,-3266,bf7e4ab9,3abd6525,bd8960dd,3dc019f6,bf7e4ab9,3abd64f6,bd8960de,3dc019f9,1

7012,383,159,122,-2381,-101,15966,-4129,2537,-3257,bf7e47b0,3a9f39d4,bd8a98bb,3dc03d2c,bf7e47b0,3a9f3998,bd8a98bb,3dc03d2f,1

7013,415,206,171,-1954,-365,15646,-4129,2537,-3257,bf7e4978,3b0827f4,bd892b55,3dc0a43c,bf7e4977,3b0827d7,bd892b54,3dc0a43e,1

7014,444,170,242,-2051,-283,15727,-4123,2563,-3277,bf7e47e1,3b3dcfdc,bd883b0c,3dc1c888,bf7e47e1,3b3dcfd0,bd883b0c,3dc1c88b,1

7015,469,174,295,-2134,-138,15818,-4095,2559,-3284,bf7e44f5,3b286952,bd885ba6,3dc2ab9f,bf7e44f6,3b286944,bd885ba5,3dc2aba3,1

7016,494,179,265,-2046,-249,15748,-4153,2537,-3280,bf7e46bb,3b208249,bd878f57,3dc2a787,bf7e46ba,3b208235,bd878f55,3dc2a78a,1

7017,515,173,253,-1876,-315,15613,-4153,2537,-3280,bf7e4951,3b435b4b,bd85de37,3dc2f347,bf7e4951,3b435b38,bd85de36,3dc2f34b,1

7018,535,70,323,-1891,-104,15710,-4085,2571,-3303,bf7e4871,3b450138,bd84b92c,3dc403d0,bf7e4870,3b450122,bd84b92b,3dc403d4,1

7019,590,67,254,-2013,-158,15774,-4089,2571,-3308,bf7e45f3,3b40de9a,bd845ccf,3dc5117f,bf7e45f4,3b40de81,bd845ccf,3dc51184,1

7020,650,36,240,-2109,-155,15821,-4089,2571,-3308,bf7e4124,3b40f925,bd855815,3dc5f43a,bf7e4125,3b40f900,bd855814,3dc5f43f,1

7021,726,3,290,-2169,-79,15876,-4091,2563,-3234,bf7e3cc5,3b3f520e,bd8667d3,3dc6a41c,bf7e3cc4,3b3f51e8,bd8667d1,3dc6a420,1

7022,832,16,324,-2100,-262,15799,-4115,2601,-3255,bf7e355f,3b866dd4,bd871971,3dc87106,bf7e355e,3b866dc1,bd87196e,3dc8710a,1

7023,930,3,371,-2205,-292,15859,-4115,2601,-3255,bf7e2ca9,3ba8d5bc,bd88c948,3dc9f3aa,bf7e2caa,3ba8d5a8,bd88c947,3dc9f3ae,1

7024,999,15,404,-2331,-638,15814,-4037,2609,-3259,bf7e24b1,3be0efb0,bd8a2f55,3dcb49cd,bf7e24b2,3be0ef9d,bd8a2f54,3dcb49d1,1

7025,984,36,477,-1954,-862,15643,-4075,2583,-3295,bf7e1f75,3c0f169b,bd8a459c,3dcc8f58,bf7e1f76,3c0f1693,bd8a459b,3dcc8f5c,1

7026,977,2,617,-2057,-322,15775,-4075,2583,-3295,bf7e1b11,3c144872,bd8a33bd,3dcde89e,bf7e1b12,3c14486a,bd8a33bc,3dcde8a2,1

7027,1024,-31,628,-1974,-378,15739,-4165,2595,-3292,bf7e17d7,3c1d2de2,bd89aa32,3dcf2810,bf7e17d8,3c1d2dda,bd89aa31,3dcf2814,1

7028,1033,-40,530,-2133,-357,15881,-4101,2615,-3279,bf7e1149,3c23bda7,bd8a5cab,3dd09e2c,bf7e1149,3c23bd9d,bd8a5ca9,3dd09e2f,1

7029,1070,-14,342,-2339,-53,16164,-4151,2617,-3232,bf7e0caf,3c297522,bd8b61ce,3dd144a6,bf7e0cae,3c297519,bd8b61cc,3dd144a8,1

7030,1178,95,122,-1738,-107,15788,-4151,2617,-3232,bf7e0dd9,3c3507cf,bd8a7a31,3dd15d39,bf7e0dd8,3c3507c6,bd8a7a2f,3dd15d3b,1

7031,1364,71,6,-1631,304,15806,-4115,2645,-3350,bf7e0efb,3c42af6e,bd89e830,3dd13497,bf7e0efa,3c42af64,bd89e82f,3dd13499,1

7032,1709,-98,-26,-1655,488,15860,-4107,2661,-3372,bf7e0eaf,3c5656c2,bd8a04ae,3dd0ec50,bf7e0eae,3c5656b8,bd8a04ad,3dd0ec52,1

7033,2108,-272,-88,-1734,-322,15706,-4107,2661,-3372,bf7e0da6,3c77ce6d,bd8a0c61,3dd0a312,bf7e0da7,3c77ce64,bd8a0c61,3dd0a315,1

7034,2453,-453,-22,-1814,-150,15847,-4069,2679,-3273,bf7e098b,3c8df873,bd8b0bab,3dd0817d,bf7e098c,3c8df86f,bd8b0bab,3dd08180,1

7035,2838,-661,147,-1813,-846,15598,-4137,2723,-3299,bf7dfeda,3cad7e7d,bd8cbe97,3dd12167,bf7dfed9,3cad7e79,bd8cbe96,3dd12169,1

7036,3073,-855,283,-1957,-1404,15614,-4137,2723,-3299,bf7deef3,3cd15e25,bd8fd7c4,3dd1cc17,bf7deef4,3cd15e23,bd8fd7c4,3dd1cc1a,1

7037,3252,-1051,554,-2214,-712,15890,-4151,2673,-3317,bf7dddda,3ce9e90f,bd93d2d3,3dd294fc,bf7dddd9,3ce9e90c,bd93d2d2,3dd294fe,1

7038,3562,-1190,740,-2360,-916,15982,-4155,2747,-3212,bf7dc393,3d042f12,bd98d964,3dd4a630,bf7dc392,3d042f11,bd98d964,3dd4a632,1

7039,3839,-1263,789,-2537,-1174,15974,-4155,2747,-3212,bf7da50a,3d161f19,bd9ebe8a,3dd67421,bf7da50a,3d161f19,bd9ebe8b,3dd67424,1

7040,4119,-1181,704,-3408,175,16885,-4151,2803,-3265,bf7d8993,3d2712f7,bda3d89d,3dd7990e,bf7d8994,3d2712f8,bda3d89f,3dd79911,1

7041,4721,-874,482,-2564,-382,16234,-4163,2843,-3242,bf7d700e,3d3af69a,bda79079,3dd82842,bf7d700f,3d3af69b,bda7907b,3dd82845,1

7042,5302,-540,-53,-2636,-2058,15627,-4181,2867,-3192,bf7d512a,3d57f037,bdab4ecd,3dd78628,bf7d512a,3d57f039,bdab4ece,3dd7862a,1

7043,5381,-454,-256,-2671,-2861,15327,-4181,2867,-3192,bf7d3198,3d75a5e1,bdaec4cb,3dd60fc0,bf7d3199,3d75a5e4,bdaec4cc,3dd60fc3,1

7044,5362,-448,-158,-2959,-2592,15625,-4167,2877,-3142,bf7d0d07,3d892c28,bdb2c96a,3dd4d5ee,bf7d0d06,3d892c28,bdb2c969,3dd4d5ef,1

7045,5451,-365,-61,-2949,-3248,15431,-4151,2887,-3215,bf7ce4a8,3d981976,bdb64b00,3dd3b607,bf7ce4a7,3d981976,bdb64aff,3dd3b608,1

7046,5518,-280,87,-3028,-3152,15526,-4151,2887,-3215,bf7cb7d6,3da6eb6e,bdb9e131,3dd2cd73,bf7cb7d7,3da6eb70,bdb9e131,3dd2cd76,1

7047,5673,-210,329,-3411,-2374,16029,-4195,2981,-3109,bf7c89bd,3db42c09,bdbd73d7,3dd285e9,bf7c89bd,3db42c0a,bdbd73d6,3dd285ec,1

7048,6131,-70,493,-1967,-1517,15624,-4159,3065,-3053,bf7c5c19,3dc24f07,bdbe7822,3dd2b71e,bf7c5c19,3dc24f08,bdbe7821,3dd2b721,1

7049,6744,-119,347,-2412,-2213,15533,-4159,3065,-3053,bf7c263b,3dd1ccfe,bdc024c3,3dd27648,bf7c263b,3dd1ccff,bdc024c2,3dd2764b,1

7050,7450,-276,352,-2223,-2397,15346,-4189,3097,-3133,bf7be566,3de324cb,bdc23297,3dd1fb35,bf7be566,3de324cc,bdc23296,3dd1fb38,1

7051,8168,-382,384,-2700,-3286,15219,-4207,3181,-3047,bf7b8e78,3df71d1f,bdc5aae5,3dd23ea0,bf7b8e78,3df71d20,bdc5aae4,3dd23ea3,1

7052,8680,-404,405,-2972,-4344,14939,-4207,3181,-3047,bf7b244e,3e070156,bdc9f634,3dd1bc03,bf7b244e,3e070156,bdc9f634,3dd1bc06,1

7053,8987,-311,454,-2973,-6146,14203,-4233,3229,-3049,bf7aae04,3e1314be,bdcdb6d6,3dd0fb2e,bf7aae04,3e1314be,bdcdb6d6,3dd0fb31,1

7054,8886,-256,612,-3073,-7112,13966,-4191,3265,-3067,bf7a2ee7,3e1f0a0c,bdd133ea,3dd09084,bf7a2ee7,3e1f0a0c,bdd133ea,3dd09087,1

7055,8594,-267,1044,-3219,-7216,13890,-4217,3369,-2976,bf79a6d3,3e2aa04c,bdd47fe0,3dd15db7,bf79a6d2,3e2aa04c,bdd47fdf,3dd15dba,1

7056,8557,-429,1929,-2798,-4726,14638,-4217,3369,-2976,bf791d91,3e34da5f,bdd785b5,3dd4c903,bf791d90,3e34da5f,bdd785b4,3dd4c905,1

7057,8725,-178,1757,-2446,-7434,13524,-4159,3445,-2950,bf787e6a,3e40b022,bdd9dbca,3dd75c32,bf787e6a,3e40b022,bdd9dbc9,3dd75c34,1

7058,8613,-76,1481,-2764,-6524,14074,-4185,3459,-2894,bf77dcbd,3e4c23b6,bddc3f86,3dd94bf1,bf77dcbd,3e4c23b6,bddc3f85,3dd94bf3,1

7059,8668,63,1427,-2390,-5344,14162,-4185,3459,-2894,bf7748b0,3e565b8a,bddd73aa,3ddae134,bf7748b0,3e565b8a,bddd73a9,3ddae136,1

7060,8991,410,760,-1773,-7212,13100,-4209,3541,-2880,bf769cfd,3e6245ac,bdde2d88,3dda9a17,bf769cfc,3e6245ab,bdde2d86,3dda9a18,1

7061,9138,317,345,-1762,-7333,12819,-4165,3571,-2851,bf75e8b3,3e6e3cbf,bddf66a1,3dd94713,bf75e8b2,3e6e3cbe,bddf669f,3dd94714,1

7062,9314,76,154,-1435,-8603,11971,-4165,3571,-2851,bf752556,3e7a6eef,bde1904d,3dd75db5,bf752555,3e7a6eee,bde1904b,3dd75db6,1

7063,9460,-306,162,-936,-9604,11035,-4205,3641,-2786,bf745135,3e835efc,bde4b352,3dd5a7c2,bf745135,3e835efb,bde4b351,3dd5a7c3,1

7064,9327,-995,414,-1925,-9864,11450,-4189,3703,-2748,bf736cb7,3e896168,bde9ae6f,3dd4fe4b,bf736cb7,3e896167,bde9ae6e,3dd4fe4c,1

7065,9218,-1476,631,-3281,-8901,12605,-4189,3703,-2748,bf727df8,3e8f1fd5,bdf08614,3dd4f1f9,bf727df8,3e8f1fd4,bdf08613,3dd4f1fa,1

7066,9444,-1510,974,-3663,-9600,12340,-4195,3737,-2563,bf717bbc,3e95095a,bdf73cec,3dd5b9cb,bf717bbb,3e950959,bdf73cea,3dd5b9cb,1

7067,9814,-1279,1411,-4268,-11907,11641,-4237,3827,-2587,bf7062cb,3e9b44f8,bdfcf42d,3dd7364f,bf7062ca,3e9b44f7,bdfcf42b,3dd7364f,1

7068,10092,-1212,2444,-3919,-7092,13171,-4203,3891,-2489,bf6f4a79,3ea11ab4,be00dec7,3ddafa66,bf6f4a78,3ea11ab3,be00dec6,3ddafa66,1

7069,10971,-842,2862,-3406,-8681,11924,-4203,3891,-2489,bf6e064a,3ea7b412,be02e940,3ddf2782,bf6e0649,3ea7b411,be02e93f,3ddf2782,1

7070,11639,-172,2170,-3274,-11591,10456,-4217,3905,-2450,bf6c9efd,3eaf16db,be043459,3de0dc18,bf6c9efe,3eaf16db,be043459,3de0dc1a,1

7071,11708,248,1963,-2479,-10124,10540,-4141,4049,-2388,bf6b3166,3eb66a9c,be04e5fd,3de1ea1b,bf6b3165,3eb66a9a,be04e5fc,3de1ea1c,1

7072,12134,362,2017,-2796,-8926,10699,-4141,4049,-2388,bf69c0a8,3ebd7f35,be05ae4b,3de27e6d,bf69c0a9,3ebd7f35,be05ae4b,3de27e70,1

7073,13078,660,1767,-2824,-9940,9922,-4137,4031,-2313,bf6819ca,3ec5634a,be066262,3de1b748,bf6819ca,3ec56348,be066260,3de1b74a,1

7074,14059,915,1756,-2937,-10142,9314,-4153,4123,-2235,bf6641e9,3ecdda90,be06f0d8,3de036c6,bf6641e9,3ecdda8e,be06f0d6,3de036c8,1

7075,14753,1417,1399,-2355,-12549,8019,-4153,4123,-2235,bf643d9a,3ed6dcee,be06dca9,3ddd1e00,bf643d9b,3ed6dced,be06dca8,3ddd1e04,1

7076,14613,1780,892,-2739,-14374,7236,-4133,4177,-2033,bf622ff4,3edfb4b4,be069beb,3dd86815,bf622ff4,3edfb4b2,be069be9,3dd86818,1

7077,13962,2238,431,-2648,-15169,6504,-4093,4193,-1997,bf602ef1,3ee81613,be05f086,3dd23af0,bf602ef2,3ee81612,be05f085,3dd23af4,1

7078,13297,2576,220,-2166,-12770,6829,-4093,4193,-1997,bf5e3de3,3eeff664,be04daf6,3dcb5324,bf5e3de4,3eeff663,be04daf5,3dcb5328,1

7079,13158,2828,-68,-3227,-10953,6846,-4113,4293,-1907,bf5c5093,3ef77fe5,be040093,3dc30988,bf5c5093,3ef77fe3,be040092,3dc3098c,1

7080,13639,3535,-778,-3105,-14859,4683,-4141,4327,-1867,bf5a3ec0,3eff6b6c,be02851f,3db84564,bf5a3ec0,3eff6b6b,be02851f,3db84569,1

7081,13772,3976,-862,-1461,-15895,3456,-4141,4327,-1867,bf581888,3f03b025,be0063f6,3dacce3c,bf581887,3f03b024,be0063f6,3dacce40,1

7082,13567,3658,-359,-816,-14884,2825,-4105,4247,-1816,bf55e1c3,3f07939b,bdfc4e01,3da2f2a8,bf55e1c3,3f07939b,bdfc4e03,3da2f2ab,1

7083,13551,3054,34,-920,-16265,2717,-4093,4327,-1749,bf53912c,3f0b69b6,bdf88af6,3d9ac0d2,bf53912c,3f0b69b6,bdf88af8,3d9ac0d5,1

7084,13664,2298,707,-991,-15567,2382,-4103,4351,-1621,bf511e3d,3f0f3d21,bdf57018,3d950676,bf511e3d,3f0f3d21,bdf5701a,3d950679,1

7085,13998,1534,1626,1114,-19382,-4014,-4103,4351,-1621,bf4e78dc,3f132575,bdf284f1,3d92421e,bf4e78dc,3f132575,bdf284f3,3d924221,1

7086,14429,-175,3568,2500,-19514,-5248,-4011,4377,-1521,bf4b8ef3,3f172696,bdf033ec,3d961319,bf4b8ef4,3f172697,bdf033ee,3d96131c,1

7087,15033,-3013,6568,156,-13300,-1947,-4049,4425,-1422,bf48440f,3f1b48e2,bdef5260,3da43541,bf48440f,3f1b48e3,bdef5261,3da43543,1

7088,16756,-4155,8229,-1051,-7200,-1315,-4049,4425,-1422,bf447038,3f1fcd1a,bdeeb49e,3db6a4e9,bf447038,3f1fcd1b,bdeeb49f,3db6a4eb,1

7089,18843,-2717,7178,-3083,-16895,6336,-3963,4461,-1123,bf405868,3f247e98,bdedaa19,3dc3acdd,bf405867,3f247e98,bdedaa19,3dc3acdf,1

7090,15544,543,2630,3437,-32764,-11250,-3961,4443,-1037,bf3ce6f0,3f287900,bdec1c96,3dc39d4c,bf3ce6ef,3f287900,bdec1c96,3dc39d4e,1

7091,5124,117,405,-906,-19083,-580,-3961,4443,-1037,bf3bc138,3f29bfb7,bdecc782,3dc2e354,bf3bc137,3f29bfb7,bdecc782,3dc2e356,1

7092,1198,100,17,-799,-19104,-2092,-3937,4447,-1065,bf3b75b9,3f2a1244,bded2834,3dc29af4,bf3b75b8,3f2a1244,bded2834,3dc29af6,1

7093,594,141,149,-854,-17656,-811,-3909,4459,-1061,bf3b4e3a,3f2a3dd0,bded14eb,3dc2af86,bf3b4e39,3f2a3dd0,bded14eb,3dc2af88,1

7094,-35,138,373,-187,-15993,-638,-3909,4459,-1061,bf3b480d,3f2a4501,bdec5362,3dc38442,bf3b480c,3f2a4501,bdec5363,3dc38444,1

7095,-106,107,243,-250,-15855,-196,-3911,4447,-993,bf3b47b0,3f2a44d7,bdebdb2f,3dc43481,bf3b47af,3f2a44d7,bdebdb30,3dc43483,1

7096,-110,132,4,-353,-16254,-181,-3923,4451,-1111,bf3b4b13,3f2a4141,bdebbeb5,3dc44ed3,bf3b4b12,3f2a4141,bdebbeb6,3dc44ed5,1

7097,-56,173,-136,-679,-16090,250,-3931,4427,-1040,bf3b4e98,3f2a3dcd,bdebe8c7,3dc40517,bf3b4e96,3f2a3dcc,bdebe8c7,3dc40518,1

7098,78,286,-154,-272,-15715,11,-3931,4427,-1040,bf3b4a3d,3f2a453d,bdebd16b,3dc38de0,bf3b4a3d,3f2a453d,bdebd16d,3dc38de3,1

7099,282,344,-270,-520,-16188,126,-3911,4381,-1114,bf3b3da3,3f2a56f2,bdebe799,3dc29b77,bf3b3da3,3f2a56f2,bdebe79b,3dc29b7a,1

7100,530,346,-234,-511,-16430,-247,-3889,4413,-1116,bf3b2115,3f2a7a29,bdebff56,3dc1a700,bf3b2114,3f2a7a28,bdebff57,3dc1a702,1

7101,644,335,-179,-679,-16754,-585,-3889,4413,-1116,bf3afc76,3f2aa5ea,bdec16cc,3dc0bf30,bf3afc76,3f2aa5ea,bdec16cf,3dc0bf33,1

7102,618,242,-27,-652,-16816,-597,-3915,4453,-1053,bf3ad6b4,3f2ad111,bdec176c,3dc05700,bf3ad6b5,3f2ad112,bdec1770,3dc05703,1

7103,547,182,109,-614,-16521,-334,-3911,4467,-1036,bf3ab432,3f2af799,bdebf172,3dc05751,bf3ab433,3f2af79a,bdebf176,3dc05754,1

7104,557,155,204,-432,-16157,-200,-3911,4467,-1036,bf3a90a5,3f2b1ee3,bdeba271,3dc09c3f,bf3a90a4,3f2b1ee3,bdeba273,3dc09c41,1

7105,655,118,198,-354,-16300,-419,-3883,4455,-1059,bf3a6699,3f2b4c91,bdeb6a59,3dc0e70a,bf3a6698,3f2b4c91,bdeb6a5b,3dc0e70c,1

7106,683,85,120,-555,-16758,-411,-3897,4435,-1038,bf3a3b73,3f2b7a93,bdeb7403,3dc10e7b,bf3a3b73,3f2b7a94,bdeb7407,3dc10e7f,1

7107,634,83,152,-593,-16729,-387,-3897,4435,-1038,bf3a1313,3f2ba57c,bdeb6f25,3dc14757,bf3a1312,3f2ba57c,bdeb6f28,3dc1475a,1

7108,544,121,176,-390,-16633,-711,-3889,4433,-1045,bf39eeaf,3f2bccd1,bdeb3d12,3dc18933,bf39eeaf,3f2bccd2,bdeb3d17,3dc18938,1

7109,412,114,141,-307,-16392,-631,-3879,4469,-1009,bf39d1fa,3f2beb81,bdeb1340,3dc1d04d,bf39d1fa,3f2beb82,bdeb1345,3dc1d052,1

7110,297,91,39,-350,-16167,-442,-3951,4453,-1059,bf39bdcf,3f2c00b0,bdeb1704,3dc1ee5f,bf39bdce,3f2c00b0,bdeb1707,3dc1ee63,1

7111,293,85,-54,-390,-16351,-393,-3951,4453,-1059,bf39aaee,3f2c1441,bdeb4915,3dc1dfeb,bf39aaec,3f2c1441,bdeb4917,3dc1dfee,1

7112,327,87,-123,-350,-16254,-330,-3895,4443,-967,bf3995f3,3f2c29a0,bdeba069,3dc1bd1a,bf3995f1,3f2c29a1,bdeba06c,3dc1bd1d,1

7113,363,104,-209,-350,-16250,-507,-3921,4439,-1052,bf398000,3f2c4098,bdec12e4,3dc15851,bf397ffd,3f2c4099,bdec12e7,3dc15853,1

7114,391,85,-313,-207,-15885,-386,-3921,4439,-1052,bf396999,3f2c579c,bdecb3e9,3dc0d192,bf396998,3f2c579f,bdecb3ee,3dc0d195,1

7115,461,65,-489,-173,-15711,-314,-3925,4417,-1023,bf39507d,3f2c70d6,bdedb0c0,3dbfffd0,bf39507a,3f2c70d7,bdedb0c2,3dbfffd1,1

7116,567,42,-736,-299,-16140,-610,-3933,4411,-1007,bf3931c5,3f2c8f23,bdef3aea,3dbeaf96,bf3931c3,3f2c8f24,bdef3aed,3dbeaf98,1

7117,617,12,-908,-512,-16395,-620,-3933,4411,-1007,bf39117d,3f2cae19,bdf12fcd,3dbd0aae,bf39117c,3f2cae1a,bdf12fd1,3dbd0ab1,1

7118,601,-10,-946,-589,-16545,-618,-3943,4401,-950,bf38f1bf,3f2ccb9b,bdf3455a,3dbb6395,bf38f1bf,3f2ccb9c,bdf3455f,3dbb6398,1

7119,542,-7,-979,-854,-16747,-669,-3961,4407,-1009,bf38d658,3f2ce46d,bdf56e00,3db999f8,bf38d658,3f2ce46e,bdf56e04,3db999fb,1

7120,465,-8,-890,-926,-16799,-637,-3961,4407,-1009,bf38bedd,3f2cf903,bdf76b58,3db800c2,bf38bedc,3f2cf902,bdf76b5b,3db800c3,1

7121,404,11,-737,-926,-16749,-603,-3937,4417,-1001,bf38a9f3,3f2d0b56,bdf9149a,3db6b2d3,bf38a9f3,3f2d0b55,bdf9149e,3db6b2d5,1

7122,368,22,-618,-985,-16767,-566,-3941,4367,-1014,bf3896af,3f2d1c52,bdfa808c,3db5987a,bf3896ae,3f2d1c51,bdfa808f,3db5987c,1

7123,330,39,-508,-938,-16651,-555,-3959,4349,-1024,bf38851d,3f2d2c19,bdfbaa12,3db4b086,bf38851d,3f2d2c1a,bdfbaa17,3db4b08a,1

7124,329,48,-398,-889,-16512,-514,-3959,4349,-1024,bf387316,3f2d3cc9,bdfc9857,3db3fe29,bf387315,3f2d3cc9,bdfc985b,3db3fe2d,1

7125,367,60,-335,-887,-16382,-455,-3983,4401,-1016,bf385eea,3f2d5017,bdfd652e,3db3637b,bf385ee9,3f2d5017,bdfd6533,3db36380,1

7126,412,83,-301,-920,-16386,-483,-3961,4385,-975,bf384791,3f2d6707,bdfe1f29,3db2d053,bf384790,3f2d6707,bdfe1f2e,3db2d058,1

7127,451,124,-263,-907,-16505,-677,-3961,4385,-975,bf382d4d,3f2d81e7,bdfeb579,3db23a29,bf382d4b,3f2d81e6,bdfeb57d,3db23a2e,1

7128,440,135,-202,-901,-16569,-846,-3915,4343,-961,bf38126e,3f2d9da5,bdff2b98,3db1c0cf,bf38126d,3f2d9da4,bdff2b9d,3db1c0d4,1

7129,378,114,-157,-939,-16634,-812,-3967,4323,-1003,bf37fb52,3f2db552,bdff9087,3db16239,bf37fb52,3f2db552,bdff908e,3db16240,1

7130,285,92,-117,-836,-16396,-676,-3967,4323,-1003,bf37e9a1,3f2dc706,bdffe075,3db12fa6,bf37e99f,3f2dc705,bdffe079,3db12fac,1

7131,228,90,-138,-776,-16413,-816,-3961,4363,-1009,bf37dac4,3f2dd5a4,be001a3a,3db0fb67,bf37dac3,3f2dd5a4,be001a3d,3db0fb6e,1

7132,150,78,-219,-762,-16389,-765,-3965,4349,-965,bf37d09a,3f2ddeae,be00582e,3db0b32e,bf37d099,3f2ddeae,be005831,3db0b335,1

7133,88,62,-311,-811,-16402,-725,-3965,4349,-965,bf37cac1,3f2de294,be00ae41,3db048e2,bf37cac0,3f2de294,be00ae44,3db048e9,1

7134,48,38,-379,-915,-16411,-578,-3963,4341,-1031,bf37c921,3f2de19a,be0117d1,3dafbdbb,bf37c920,3f2de19a,be0117d4,3dafbdc2,1

7135,73,27,-407,-938,-16434,-632,-3933,4383,-1040,bf37c5fc,3f2de1e4,be018bde,3daf27fa,bf37c5fd,3f2de1e5,be018be2,3daf2803,1

7136,123,-8,-386,-962,-16463,-642,-3905,4387,-997,bf37bed5,3f2de595,be020767,3daeaf22,bf37bed5,3f2de595,be02076a,3daeaf29,1

7137,189,-76,-311,-1050,-16493,-673,-3905,4387,-997,bf37b299,3f2ded8e,be02868e,3dae6f38,bf37b299,3f2ded8e,be028691,3dae6f3f,1

7138,284,-149,-226,-1236,-16528,-316,-3985,4365,-953,bf37a159,3f2df994,be030c06,3dae6a8d,bf37a159,3f2df994,be030c09,3dae6a94,1

7139,349,-93,-114,-1085,-16504,-645,-3921,4325,-993,bf378a9c,3f2e0cea,be0366ca,3dae820f,bf378a9c,3f2e0cea,be0366cd,3dae8216,1

7140,352,-36,-69,-1053,-16545,-664,-3921,4325,-993,bf3773fc,3f2e2158,be03a82b,3dae971f,bf3773fc,3f2e2158,be03a82d,3dae9726,1

7141,305,0,-53,-1133,-16570,-586,-3991,4355,-1022,bf376189,3f2e3247,be03dbcf,3dae9ae4,bf37618a,3f2e3247,be03dbd1,3dae9aec,1

7142,256,64,0,-926,-16378,-668,-3935,4379,-945,bf375083,3f2e42c0,be03f009,3daeb9b5,bf375083,3f2e42bf,be03f00a,3daeb9bc,1

7143,252,88,-31,-935,-16386,-695,-3935,4379,-945,bf374028,3f2e52da,be0405ca,3daebde6,bf374028,3f2e52d9,be0405ca,3daebded,1

7144,238,85,-83,-913,-16356,-711,-3987,4337,-953,bf37310d,3f2e6187,be042607,3daea928,bf37310d,3f2e6186,be042607,3daea92f,1

7145,218,76,-142,-970,-16402,-637,-3981,4357,-946,bf3723df,3f2e6dbf,be045703,3dae7c60,bf3723df,3f2e6dbe,be045703,3dae7c67,1

7146,237,65,-151,-963,-16444,-719,-3981,4357,-946,bf37152f,3f2e7b50,be048d18,3dae4ed1,bf37152e,3f2e7b4e,be048d18,3dae4ed7,1

7147,239,35,-149,-1038,-16630,-800,-3969,4361,-942,bf3705bb,3f2e890b,be04cc7d,3dae2c6e,bf3705bb,3f2e890a,be04cc7e,3dae2c74,1

7148,238,-49,-78,-957,-16748,-1144,-3941,4327,-1018,bf36f41d,3f2e9804,be050b7d,3dae4ca6,bf36f41c,3f2e9803,be050b7e,3dae4cab,1

7149,214,-210,32,-1342,-16521,-382,-3985,4355,-900,bf36e462,3f2ea1c7,be0565af,3daee748,bf36e462,3f2ea1c6,be0565b0,3daee74e,1

7150,227,-87,76,-1060,-16430,-790,-3985,4355,-900,bf36d279,3f2eb065,be059062,3daf6cbd,bf36d278,3f2eb063,be059062,3daf6cc2,1

7151,221,-65,103,-924,-16475,-951,-3971,4393,-925,bf36c078,3f2ebfc0,be05aad9,3daff9b8,bf36c078,3f2ebfbf,be05aada,3daff9be,1

7152,203,-196,112,-978,-16388,-797,-3937,4399,-1010,bf36afe5,3f2ecb79,be05e02d,3db0bb78,bf36afe5,3f2ecb78,be05e02e,3db0bb7e,1

7153,205,-299,125,-1024,-16502,-900,-3937,4399,-1010,bf369d92,3f2ed712,be062d22,3db1aea7,bf369d92,3f2ed711,be062d23,3db1aead,1

7154,220,-444,166,-982,-16536,-831,-3957,4375,-900,bf36878d,3f2ee387,be06962c,3db30765,bf36878e,3f2ee386,be06962e,3db3076c,1

7155,225,-567,210,-1062,-16346,-566,-3969,4319,-992,bf36727a,3f2eed2f,be07102d,3db498f5,bf36727b,3f2eed2e,be07102e,3db498fc,1

7156,233,-476,203,-967,-16366,-469,-3969,4319,-992,bf365eb5,3f2ef739,be0771c5,3db60314,bf365eb5,3f2ef737,be0771c6,3db6031a,1

7157,245,-380,147,-899,-16382,-898,-3947,4397,-911,bf364815,3f2f055e,be07ce38,3db732ba,bf364815,3f2f055d,be07ce3a,3db732c1,1

7158,235,-375,96,-751,-16330,-942,-3973,4413,-934,bf36328b,3f2f1277,be082f1d,3db84c71,bf36328a,3f2f1275,be082f1f,3db84c77,1

7159,189,-468,52,-966,-16399,-479,-3973,4413,-934,bf3621fd,3f2f185d,be08b315,3db9753c,bf3621fd,3f2f185b,be08b318,3db97543,1

7160,185,-385,-11,-1033,-16409,-391,-3935,4383,-863,bf361294,3f2f1e05,be0936dd,3dba61fa,bf361295,3f2f1e04,be0936e1,3dba6201,1

7161,226,-284,-28,-970,-16291,-506,-3961,4387,-924,bf36025f,3f2f26b8,be09a31d,3dbb0c3d,bf360260,3f2f26b7,be09a322,3dbb0c44,1

7162,313,-253,-67,-799,-16303,-644,-3913,4331,-989,bf35edaa,3f2f34e4,be0a0b5a,3dbb90a6,bf35edab,3f2f34e3,be0a0b5f,3dbb90ad,1

7163,373,-264,-127,-1083,-16461,-313,-3913,4331,-989,bf35d8cc,3f2f42b7,be0a8d78,3dbbe555,bf35d8cb,3f2f42b5,be0a8d7c,3dbbe55b,1

7164,408,-128,-134,-1034,-16424,-573,-3925,4355,-932,bf35c0b5,3f2f5630,be0af3fb,3dbbffda,bf35c0b5,3f2f562e,be0af400,3dbbffe0,1

7165,406,-29,-150,-920,-16390,-891,-3943,4361,-990,bf35a8ef,3f2f6b81,be0b4118,3dbbe15d,bf35a8ef,3f2f6b7f,be0b411d,3dbbe163,1

7166,302,0,-218,-995,-16479,-863,-3943,4361,-990,bf35986b,3f2f7998,be0b958b,3dbb9a08,bf35986d,3f2f7998,be0b9591,3dbb9a10,1

7167,230,6,-261,-1070,-16505,-807,-3907,4309,-868,bf358b0e,3f2f83bd,be0bf7c4,3dbb519c,bf358b0f,3f2f83bc,be0bf7c9,3dbb51a3,1

7168,188,27,-247,-1154,-16618,-788,-3939,4315,-910,bf358137,3f2f8ae4,be0c506d,3dbafda8,bf358137,3f2f8ae2,be0c5071,3dbafdae,1

7169,165,63,-180,-1193,-16617,-710,-3939,4315,-910,bf35792e,3f2f911d,be0c90eb,3dbab993,bf35792e,3f2f911b,be0c90f0,3dbab99a,1

7170,159,88,-95,-1139,-16592,-751,-3957,4365,-852,bf35701e,3f2f98f6,be0cb7d9,3dba9f28,bf35701f,3f2f98f5,be0cb7df,3dba9f30,1

7171,156,87,-1,-1092,-16519,-706,-3951,4345,-1015,bf356956,3f2f9f9f,be0cbfbe,3dba9c22,bf356957,3f2f9f9f,be0cbfc4,3dba9c2b,1

7172,184,60,72,-1017,-16548,-1236,-3951,4345,-1015,bf355ca8,3f2fac01,be0cbf04,3dbac93e,bf355ca9,3f2fac01,be0cbf0a,3dbac947,1

7173,189,-55,141,-1067,-16575,-731,-3915,4333,-943,bf354fcf,3f2fb63c,be0ccc4f,3dbb574b,bf354fcf,3f2fb63b,be0ccc54,3dbb5754,1

7174,169,-86,222,-1065,-16486,-809,-3915,4371,-965,bf354314,3f2fc01a,be0ccd78,3dbc1790,bf354313,3f2fc018,be0ccd7d,3dbc1798,1

7175,165,-106,280,-1083,-16434,-534,-3963,4329,-929,bf353770,3f2fc89c,be0cc5e0,3dbcfea4,bf353772,3f2fc89c,be0cc5e7,3dbcfeaf,1

7176,168,-79,327,-1070,-16436,-638,-3963,4329,-929,bf352ae3,3f2fd2ba,be0cad92,3dbdee54,bf352ae3,3f2fd2b8,be0cad98,3dbdee5d,1

7177,165,1,332,-961,-16364,-635,-3895,4385,-938,bf351f4d,3f2fdd65,be0c7e3f,3dbec4f3,bf351f4e,3f2fdd64,be0c7e45,3dbec4fd,1

7178,157,65,288,-948,-16452,-779,-3841,4341,-929,bf35140a,3f2fe8b0,be0c4b69,3dbf6c3d,bf35140b,3f2fe8af,be0c4b6e,3dbf6c46,1

7179,128,98,267,-947,-16389,-711,-3841,4341,-929,bf350b7c,3f2ff1c6,be0c14a9,3dbffc34,bf350b7c,3f2ff1c4,be0c14ad,3dbffc3c,1

7180,117,106,245,-911,-16405,-826,-3875,4387,-915,bf350311,3f2ffac4,be0be0ab,3dc08020,bf350312,3f2ffac3,be0be0b0,3dc08028,1

7181,99,104,217,-881,-16389,-780,-3933,4383,-879,bf34fbd2,3f30025b,be0bb2c6,3dc0fd1f,bf34fbd2,3f300259,be0bb2ca,3dc0fd25,1

7182,76,103,184,-874,-16356,-665,-3933,4383,-879,bf34f6e9,3f30076d,be0b8b5a,3dc16daa,bf34f6ea,3f30076b,be0b8b5e,3dc16db1,1

7183,88,107,158,-927,-16427,-732,-3961,4337,-933,bf34f229,3f300c9e,be0b68aa,3dc1bfbe,bf34f22a,3f300c9c,be0b68ae,3dc1bfc5,1

7184,103,101,155,-897,-16408,-704,-3901,4359,-976,bf34ed3d,3f3011fb,be0b466b,3dc2104f,bf34ed3f,3f3011fa,be0b4670,3dc21057,1

7185,120,87,160,-917,-16449,-750,-3901,4359,-976,bf34e6e1,3f30188a,be0b2814,3dc265e7,bf34e6e3,3f301888,be0b2818,3dc265ee,1

7186,152,40,176,-823,-16453,-963,-3971,4393,-993,bf34dd04,3f302204,be0b0e7c,3dc2d4da,bf34dd05,3f302202,be0b0e7f,3dc2d4e0,1

7187,184,-64,196,-869,-16400,-548,-3931,4349,-949,bf34d220,3f302a5a,be0b0b96,3dc3815e,bf34d221,3f302a59,be0b0b99,3dc38163,1

7188,232,-78,213,-910,-16362,-500,-3945,4337,-924,bf34c440,3f303567,be0b0c33,3dc4373c,bf34c441,3f303565,be0b0c36,3dc43740,1

7189,278,-38,204,-878,-16393,-647,-3945,4337,-924,bf34b330,3f304476,be0b06d4,3dc4d27a,bf34b331,3f304474,be0b06d8,3dc4d27f,1

7190,280,5,171,-833,-16367,-674,-3905,4413,-943,bf34a2dc,3f305386,be0afda6,3dc54c0d,bf34a2dd,3f305384,be0afdaa,3dc54c12,1

7191,265,53,113,-815,-16373,-695,-3933,4397,-913,bf3493f1,3f3061d1,be0af68a,3dc5987c,bf3493f2,3f3061cf,be0af68e,3dc59881,1

7192,245,93,65,-794,-16331,-685,-3933,4397,-913,bf34872b,3f306e91,be0aefac,3dc5be4c,bf34872d,3f306e8f,be0aefb0,3dc5be52,1

7193,240,115,4,-808,-16384,-728,-3955,4367,-847,bf347a39,3f307b70,be0af50a,3dc5c47b,bf347a3a,3f307b6d,be0af50d,3dc5c47f,1

7194,219,132,-50,-801,-16400,-785,-3887,4369,-966,bf34708f,3f308599,be0afd84,3dc59c5f,bf347090,3f308597,be0afd87,3dc59c64,1

7195,199,141,-94,-845,-16409,-759,-3887,4369,-966,bf3468d5,3f308dcf,be0b0eb0,3dc55a0a,bf3468d7,3f308dce,be0b0eb4,3dc55a0f,1

7196,190,135,-113,-860,-16401,-740,-3929,4373,-966,bf346219,3f3094e9,be0b24cf,3dc50f12,bf346219,3f3094e7,be0b24d2,3dc50f16,1

7197,193,128,-114,-878,-16471,-776,-3891,4365,-979,bf345b05,3f309c34,be0b3d82,3dc4c5b2,bf345b07,3f309c33,be0b3d86,3dc4c5b8,1

7198,179,125,-108,-866,-16443,-739,-3891,4365,-979,bf3454fa,3f30a26a,be0b5426,3dc4832d,bf3454fb,3f30a268,be0b5429,3dc48332,1

7199,171,116,-111,-856,-16390,-690,-3867,4393,-1021,bf345078,3f30a70e,be0b6aba,3dc44068,bf34507a,3f30a70d,be0b6abe,3dc4406e,1

7200,183,121,-124,-890,-16390,-676,-3959,4343,-959,bf344ac4,3f30acd8,be0b85d7,3dc3f581,bf344ac4,3f30acd5,be0b85da,3dc3f585,1

7201,214,122,-139,-859,-16380,-639,-3959,4343,-959,bf3443b1,3f30b406,be0ba361,3dc3a34a,bf3443b2,3f30b404,be0ba364,3dc3a34e,1

7202,266,114,-154,-900,-16394,-650,-3941,4397,-886,bf343833,3f30bf03,be0bcdf6,3dc353d1,bf343835,3f30bf02,be0bcdfa,3dc353d5,1

7203,305,110,-181,-881,-16384,-692,-3919,4389,-1014,bf342cbf,3f30ca77,be0bf992,3dc2e3be,bf342cc0,3f30ca75,be0bf996,3dc2e3c2,1

7204,316,103,-199,-906,-16414,-750,-3947,4349,-936,bf341ee7,3f30d7c0,be0c3022,3dc2765f,bf341ee8,3f30d7be,be0c3026,3dc27664,1

7205,316,105,-218,-936,-16464,-832,-3947,4349,-936,bf3410c2,3f30e546,be0c6bd6,3dc1fd0b,bf3410c4,3f30e545,be0c6bdb,3dc1fd11,1

7206,286,116,-204,-973,-16497,-814,-3877,4323,-878,bf340358,3f30f1e1,be0ca56d,3dc19335,bf340359,3f30f1e0,be0ca571,3dc1933a,1

7207,257,120,-169,-959,-16476,-796,-3921,4337,-996,bf33f9f8,3f30fb4e,be0cccf9,3dc1267a,bf33f9f8,3f30fb4c,be0cccfc,3dc1267e,1

7208,237,114,-154,-988,-16481,-772,-3921,4337,-996,bf33f1e0,3f31035b,be0cf25f,3dc0c3d0,bf33f1e0,3f31035a,be0cf262,3dc0c3d4,1

7209,224,123,-150,-900,-16359,-767,-3929,4359,-938,bf33e96b,3f310bad,be0d1428,3dc0709a,bf33e96b,3f310bac,be0d142b,3dc0709e,1

7210,221,133,-176,-891,-16335,-808,-3919,4347,-897,bf33e065,3f311473,be0d3ba6,3dc01453,bf33e065,3f311473,be0d3ba9,3dc01458,1

7211,223,121,-221,-899,-16374,-807,-3919,4347,-897,bf33d78c,3f311ca2,be0d7060,3dbfa841,bf33d78c,3f311ca2,be0d7063,3dbfa846,1

7212,215,116,-286,-876,-16354,-811,-3905,4411,-978,bf33d11a,3f31226f,be0db01a,3dbf17bb,bf33d11a,3f31226f,be0db01d,3dbf17c0,1

7213,201,108,-373,-1052,-16507,-797,-3965,4353,-887,bf33caf9,3f3126fa,be0e0ebf,3dbe61be,bf33cafa,3f3126fa,be0e0ec3,3dbe61c4,1

7214,182,94,-368,-1098,-16609,-808,-3965,4353,-887,bf33c5c7,3f312a47,be0e6fd6,3dbdb4a8,bf33c5c7,3f312a46,be0e6fd9,3dbdb4ad,1

7215,173,85,-303,-1091,-16578,-825,-3941,4349,-905,bf33c098,3f312dae,be0ec275,3dbd2b3b,bf33c098,3f312dad,be0ec278,3dbd2b40,1

7216,161,80,-246,-1137,-16525,-734,-3983,4385,-917,bf33bcd3,3f312fe2,be0f081d,3dbcb9b0,bf33bcd3,3f312fe1,be0f0820,3dbcb9b5,1

7217,164,79,-164,-996,-16422,-820,-3935,4377,-849,bf33b5f7,3f313527,be0f3a59,3dbc86f5,bf33b5f6,3f313525,be0f3a5b,3dbc86f9,1

7218,160,72,-167,-1124,-16419,-672,-3935,4377,-849,bf33b089,3f3138c1,be0f724f,3dbc4eb8,bf33b08a,3f3138c1,be0f7253,3dbc4ebe,1

7219,199,66,-145,-1161,-16466,-738,-3911,4369,-962,bf33aa45,3f313db5,be0fa3e4,3dbc0bff,bf33aa45,3f313db4,be0fa3e8,3dbc0c04,1

7220,209,74,-122,-1068,-16419,-805,-3929,4349,-985,bf33a340,3f3143e5,be0fc95e,3dbbd166,bf33a33f,3f3143e3,be0fc962,3dbbd16a,1

7221,187,86,-133,-1173,-16492,-747,-3929,4349,-985,bf339e77,3f3147f7,be0ff11b,3dbb8683,bf339e78,3f3147f7,be0ff121,3dbb8689,1

7222,198,98,-98,-1187,-16561,-793,-3975,4401,-929,bf3397a8,3f314e31,be10111c,3dbb4ccf,bf3397a8,3f314e30,be101121,3dbb4cd3,1

7223,198,101,-54,-1141,-16442,-757,-3951,4343,-948,bf33910c,3f315493,be10235a,3dbb273c,bf33910c,3f315493,be102360,3dbb2741,1

7224,183,106,-21,-1090,-16444,-825,-3951,4343,-948,bf338a88,3f315b1e,be102aa4,3dbb1440,bf338a88,3f315b1e,be102aaa,3dbb1445,1

7225,159,106,-35,-1104,-16451,-795,-3965,4329,-965,bf338644,3f315f78,be10332c,3dbaf7dd,bf338643,3f315f77,be103331,3dbaf7e1,1

7226,140,102,-38,-1106,-16418,-745,-3997,4331,-879,bf3381eb,3f316363,be1040dc,3dbaeaba,bf3381eb,3f316363,be1040e1,3dbaeabf,1

7227,143,106,-32,-1109,-16424,-742,-3997,4331,-879,bf337d77,3f316786,be104c48,3dbade26,bf337d77,3f316786,be104c4d,3dbade2b,1

7228,150,117,-29,-1105,-16445,-757,-3937,4341,-951,bf3379cf,3f316b5f,be10518a,3dbac512,bf3379cf,3f316b5f,be10518f,3dbac517,1

7229,153,113,-31,-1155,-16510,-750,-3945,4375,-946,bf337610,3f316f29,be105a3f,3dbaa9f4,bf337610,3f316f2a,be105a45,3dbaa9fa,1

7230,156,103,-3,-1080,-16418,-792,-3981,4351,-946,bf337185,3f3173cd,be105b7f,3dbaa32b,bf337184,3f3173cd,be105b84,3dbaa32f,1

7231,142,105,-1,-1057,-16390,-843,-3981,4351,-946,bf336d5d,3f317819,be105af5,3dba9f18,bf336d5d,3f317819,be105afb,3dba9f1d,1

7232,117,100,-46,-1130,-16469,-730,-3949,4337,-973,bf336c87,3f3178db,be1065e7,3dba8282,bf336c87,3f3178db,be1065ed,3dba8287,1

7233,122,84,-39,-1041,-16391,-770,-3971,4321,-973,bf336ac3,3f317a60,be106f4d,3dba7576,bf336ac4,3f317a61,be106f54,3dba757b,1

7234,159,49,-52,-1125,-16522,-923,-3971,4321,-973,bf33655d,3f317eb6,be108988,3dba6860,bf33655d,3f317eb6,be10898e,3dba6863,1

7235,156,-5,-6,-1204,-16588,-653,-3939,4371,-976,bf3361a7,3f318073,be10a702,3dba87de,bf3361a7,3f318073,be10a708,3dba87e1,1

7236,139,29,63,-1163,-16525,-794,-3981,4315,-966,bf335d74,3f3183ac,be10aace,3dbab9ee,bf335d74,3f3183ac,be10aad4,3dbab9f1,1

7237,80,72,94,-1101,-16394,-714,-3981,4315,-966,bf335da0,3f318389,be109885,3dbaf093,bf335da0,3f318389,be10988b,3dbaf096,1

7238,54,103,81,-1081,-16367,-693,-3939,4337,-895,bf335e24,3f318314,be1085f1,3dbb2609,bf335e23,3f318313,be1085f6,3dbb260c,1

7239,64,122,64,-1154,-16532,-736,-3983,4293,-871,bf335dea,3f318395,be10766b,3dbb4518,bf335dea,3f318396,be107671,3dbb451c,1

7240,62,126,96,-1163,-16548,-734,-3983,4293,-871,bf335da5,3f318456,be105ed4,3dbb70ae,bf335da4,3f318457,be105ed9,3dbb70b2,1

7241,64,132,141,-1101,-16430,-728,-3981,4343,-913,bf335dcf,3f318537,be103727,3dbbabcb,bf335dce,3f318538,be10372c,3dbbabcf,1

7242,101,138,156,-1135,-16440,-792,-3969,4327,-1015,bf335d7d,3f318753,be10076c,3dbbd1fd,bf335d7c,3f318754,be100771,3dbbd201,1

7243,125,144,183,-1034,-16394,-779,-3939,4379,-998,bf335b04,3f318bad,be0fcf35,3dbc0e27,bf335b04,3f318baf,be0fcf3b,3dbc0e2c,1

7244,107,139,181,-962,-16352,-737,-3939,4379,-998,bf3359d9,3f318ea9,be0f9507,3dbc52bd,bf3359d9,3f318eab,be0f950c,3dbc52c2,1

7245,105,140,129,-1048,-16429,-710,-3901,4321,-914,bf335786,3f319206,be0f6fd9,3dbc8713,bf335784,3f319207,be0f6fdd,3dbc8716,1

7246,92,140,103,-940,-16161,-449,-3905,4419,-973,bf3359d7,3f31910f,be0f46f0,3dbcb0b3,bf3359d6,3f319111,be0f46f5,3dbcb0b7,1

7247,182,131,54,-1046,-16720,-1474,-3905,4419,-973,bf334f63,3f319c39,be0f3a06,3dbcb30e,bf334f62,3f319c3b,be0f3a0b,3dbcb312,1

7248,142,130,17,-926,-16194,-563,-3949,4311,-981,bf334ec6,3f319de5,be0f2714,3dbcad9c,bf334ec4,3f319de5,be0f2718,3dbcad9e,1

7249,166,129,-19,-1093,-16453,-677,-3927,4373,-1003,bf334c93,3f31a0de,be0f2501,3dbc863b,bf334c92,3f31a0df,be0f2506,3dbc863e,1

7250,177,136,-50,-1017,-16377,-684,-3927,4373,-1003,bf3349df,3f31a46b,be0f25d8,3dbc5232,bf3349dd,3f31a46b,be0f25dc,3dbc5234,1

7251,196,137,-50,-1001,-16312,-521,-3953,4331,-892,bf334525,3f31a97e,be0f2b2d,3dbc2fae,bf334523,3f31a97e,be0f2b31,3dbc2fb0,1

7252,259,137,-80,-1223,-16875,-1253,-3965,4349,-933,bf33388b,3f31b652,be0f4328,3dbbdfa7,bf333889,3f31b653,be0f432d,3dbbdfaa,1

7253,196,133,-53,-1015,-16387,-706,-3965,4349,-933,bf333341,3f31bc14,be0f490f,3dbbb3e1,bf33333f,3f31bc15,be0f4914,3dbbb3e4,1

7254,175,140,-17,-1185,-16593,-724,-3943,4383,-1022,bf33312f,3f31bf3f,be0f45b8,3dbb7c9b,bf33312e,3f31bf40,be0f45bd,3dbb7c9e,1

7255,152,139,4,-1048,-16390,-677,-3923,4379,-926,bf332e13,3f31c2fd,be0f3df4,3dbb6f05,bf332e12,3f31c2ff,be0f3df9,3dbb6f08,1

7256,183,137,34,-1094,-16494,-733,-3911,4359,-1030,bf332aec,3f31c774,be0f2c27,3dbb580a,bf332ae8,3f31c773,be0f2c2b,3dbb580b,1

7257,180,131,61,-1055,-16432,-743,-3911,4359,-1030,bf332781,3f31cc2c,be0f1401,3dbb53c0,bf33277f,3f31cc2e,be0f1406,3dbb53c3,1

7258,154,121,64,-1053,-16438,-745,-3977,4327,-931,bf33237d,3f31d0df,be0f0175,3dbb64a2,bf33237b,3f31d0e1,be0f017a,3dbb64a5,1

7259,119,124,61,-1061,-16482,-746,-3889,4377,-922,bf3320fa,3f31d3d6,be0ef0c3,3dbb7cfc,bf3320f9,3f31d3d9,be0ef0c9,3dbb7d01,1

7260,98,115,60,-1051,-16412,-650,-3889,4377,-922,bf33206b,3f31d4b0,be0ee0de,3dbb9be8,bf33206a,3f31d4b3,be0ee0e4,3dbb9bed,1

7261,102,123,58,-1040,-16395,-709,-3925,4387,-990,bf3320f9,3f31d509,be0ecafa,3dbba82a,bf3320f6,3f31d50a,be0ecafe,3dbba82d,1

7262,112,131,44,-1031,-16394,-638,-3851,4353,-945,bf332045,3f31d65a,be0eba36,3dbbb61e,bf332043,3f31d65c,be0eba3a,3dbbb622,1

7263,129,124,21,-1028,-16386,-591,-3851,4353,-945,bf331f1c,3f31d7eb,be0eb08b,3dbbbb4e,bf331f19,3f31d7ed,be0eb08e,3dbbbb51,1

7264,177,133,13,-1031,-16389,-679,-3941,4349,-957,bf331b57,3f31dc80,be0ea62d,3dbbab1c,bf331b54,3f31dc82,be0ea630,3dbbab1f,1

7265,191,140,2,-1038,-16425,-678,-3903,4395,-895,bf331563,3f31e2e9,be0ea20c,3dbb9e3a,bf331561,3f31e2ec,be0ea210,3dbb9e3e,1

7266,209,128,1,-1026,-16415,-680,-3903,4395,-895,bf330e44,3f31ea46,be0ea110,3dbb959b,bf330e42,3f31ea49,be0ea114,3dbb959f,1

7267,206,126,-1,-1040,-16414,-650,-3959,4353,-976,bf3309e2,3f31ef78,be0e9a9b,3dbb79eb,bf3309e0,3f31ef79,be0e9a9f,3dbb79ee,1

7268,217,124,-1,-1058,-16445,-698,-3935,4407,-928,bf330325,3f31f693,be0e9a10,3dbb6788,bf330322,3f31f694,be0e9a14,3dbb678b,1

7269,219,120,1,-1058,-16443,-716,-3943,4381,-970,bf32fd24,3f31fd28,be0e9737,3dbb4f60,bf32fd21,3f31fd2a,be0e973b,3dbb4f64,1

7270,218,124,2,-1061,-16425,-675,-3943,4381,-970,bf32f7b0,3f320347,be0e92db,3dbb35ac,bf32f7ad,3f320349,be0e92df,3dbb35b0,1

7271,216,129,7,-1058,-16469,-759,-3911,4361,-906,bf32efff,3f320b4d,be0e9108,3dbb290c,bf32effc,3f320b4f,be0e910c,3dbb2910,1

7272,188,127,-8,-1061,-16441,-706,-3945,4373,-957,bf32ebee,3f320ffa,be0e8e3d,3dbb0de3,bf32ebeb,3f320ffc,be0e8e41,3dbb0de7,1

7273,171,129,-10,-1059,-16427,-696,-3945,4373,-957,bf32e906,3f321386,be0e8ab7,3dbaf299,bf32e902,3f321388,be0e8aba,3dbaf29c,1

7274,184,121,6,-1058,-16451,-714,-3975,4341,-873,bf32e341,3f32196c,be0e8a15,3dbaee01,bf32e33e,3f32196f,be0e8a18,3dbaee04,1

7275,180,114,12,-1050,-16455,-718,-3989,4321,-977,bf32e01f,3f321d49,be0e81d4,3dbadc10,bf32e01b,3f321d4a,be0e81d6,3dbadc12,1

7276,159,110,18,-1056,-16447,-716,-3989,4321,-977,bf32de2c,3f321fe3,be0e78b5,3dbad023,bf32de29,3f321fe5,be0e78b7,3dbad026,1

7277,154,112,23,-1041,-16389,-665,-3969,4345,-959,bf32dc6a,3f322234,be0e6edc,3dbacca9,bf32dc68,3f322236,be0e6ede,3dbaccad,1

7278,157,116,22,-1047,-16390,-670,-3895,4331,-920,bf32d918,3f3225bf,be0e6904,3dbad1c0,bf32d915,3f3225c0,be0e6905,3dbad1c3,1

7279,168,118,5,-1049,-16433,-702,-3895,4331,-920,bf32d509,3f3229fe,be0e6741,3dbacc98,bf32d506,3f322a00,be0e6742,3dbacc9c,1

7280,159,128,-1,-1048,-16435,-727,-3895,4375,-954,bf32d244,3f322d4a,be0e628f,3dbabb4e,bf32d240,3f322d4c,be0e628f,3dbabb52,1

7281,146,125,-8,-1066,-16457,-708,-3933,4381,-1037,bf32d2e8,3f322db3,be0e5995,3dba9678,bf32d2e4,3f322db5,be0e5995,3dba967c,1

7282,130,120,1,-1060,-16442,-668,-3913,4303,-984,bf32d33a,3f322e0c,be0e5248,3dba83f4,bf32d337,3f322e0f,be0e5248,3dba83f8,1

7283,131,121,13,-1067,-16451,-708,-3913,4303,-984,bf32d2ff,3f322efb,be0e48aa,3dba75d7,bf32d2fc,3f322efd,be0e48aa,3dba75db,1

7284,143,124,29,-1040,-16423,-720,-3945,4315,-955,bf32d148,3f32316d,be0e3b51,3dba724f,bf32d145,3f32316f,be0e3b51,3dba7253,1

7285,135,105,30,-1043,-16403,-690,-3965,4363,-925,bf32cf84,3f323366,be0e33b1,3dba7d7c,bf32cf82,3f323369,be0e33b2,3dba7d80,1

7286,133,102,24,-1035,-16419,-595,-3965,4363,-925,bf32ced6,3f32343e,be0e2cd2,3dba88b1,bf32ced3,3f323440,be0e2cd3,3dba88b4,1

7287,155,103,22,-1042,-16434,-669,-3915,4377,-934,bf32cc14,3f323715,be0e2890,3dba9124,bf32cc11,3f323717,be0e2891,3dba9127,1

7288,166,114,29,-1054,-16459,-667,-3945,4319,-929,bf32c8e2,3f323aaa,be0e2024,3dba93cb,bf32c8df,3f323aac,be0e2025,3dba93ce,1

7289,181,110,37,-1037,-16436,-672,-3945,4319,-929,bf32c4a7,3f323f3f,be0e16a6,3dba9bd8,bf32c4a4,3f323f41,be0e16a7,3dba9bdb,1

7290,180,110,47,-1044,-16417,-686,-3907,4347,-955,bf32c0b6,3f3243a3,be0e0aad,3dbaa5ef,bf32c0b2,3f3243a4,be0e0aad,3dbaa5f2,1

7291,184,108,50,-1031,-16397,-641,-3929,4323,-919,bf32bc32,3f32486e,be0dff62,3dbab7ca,bf32bc2f,3f324870,be0dff63,3dbab7ce,1

7292,202,103,36,-1047,-16441,-674,-3929,4323,-919,bf32b670,3f324e4d,be0df9fa,3dbac21b,bf32b66d,3f324e4f,be0df9fb,3dbac21f,1

7293,208,104,43,-1029,-16421,-643,-3921,4361,-962,bf32b1a4,3f325384,be0def6e,3dbac961,bf32b1a2,3f325387,be0def70,3dbac966,1

7294,221,102,48,-1060,-16449,-658,-3945,4351,-920,bf32ab13,3f325a41,be0de81c,3dbad5bf,bf32ab10,3f325a43,be0de81e,3dbad5c3,1

7295,227,110,52,-1041,-16432,-679,-3945,4371,-983,bf32a5a3,3f32606f,be0dd971,3dbad5a0,bf32a5a0,3f326071,be0dd973,3dbad5a4,1

7296,218,112,55,-1029,-16445,-698,-3945,4371,-983,bf32a091,3f32664c,be0dc8f8,3dbad7a6,bf32a08e,3f32664e,be0dc8fa,3dbad7aa,1

7297,198,111,52,-1033,-16445,-724,-3939,4361,-962,bf329be2,3f326b95,be0dbad9,3dbaddf6,bf329be0,3f326b97,be0dbadb,3dbaddfa,1

7298,177,107,55,-1008,-16426,-707,-3967,4361,-882,bf3296ce,3f3270cd,be0dafac,3dbaf7df,bf3296cc,3f3270cf,be0dafae,3dbaf7e3,1

7299,161,100,38,-1008,-16437,-702,-3967,4361,-882,bf3292ce,3f3274bc,be0da999,3dbb0e5d,bf3292cc,3f3274be,be0da99b,3dbb0e61,1

7300,150,106,24,-1002,-16402,-661,-3927,4375,-1029,bf329397,3f3274cf,be0d9b5d,3dbb04f8,bf329395,3f3274d1,be0d9b5f,3dbb04fc,1

7301,160,112,10,-1000,-16391,-659,-4003,4343,-904,bf329129,3f327788,be0d961a,3dbb02cd,bf329127,3f327789,be0d961c,3dbb02d0,1

7302,181,113,3,-1034,-16416,-647,-4003,4343,-904,bf328dc7,3f327b31,be0d942f,3dbaf809,bf328dc4,3f327b31,be0d9431,3dbaf80b,1

7303,206,106,5,-1012,-16428,-651,-3943,4401,-992,bf328aa9,3f327edb,be0d8f02,3dbae606,bf328aa8,3f327edd,be0d8f06,3dbae60a,1

7304,217,98,11,-1017,-16419,-664,-3939,4423,-922,bf3284d3,3f3284a7,be0d8ff8,3dbae617,bf3284d1,3f3284a8,be0d8ffb,3dbae61a,1

7305,239,94,23,-1017,-16415,-706,-3939,4423,-922,bf327d33,3f328c2e,be0d9013,3dbaeb2e,bf327d31,3f328c2f,be0d9016,3dbaeb31,1

7306,250,63,26,-1050,-16523,-770,-3939,4351,-962,bf32750e,3f3293e7,be0d95b0,3dbaf430,bf32750b,3f3293e7,be0d95b2,3dbaf433,1

7307,241,27,53,-1078,-16508,-694,-3925,4337,-883,bf326ba7,3f329bc8,be0da2dd,3dbb286e,bf326ba6,3f329bca,be0da2e0,3dbb2873,1

7308,230,42,85,-1030,-16457,-745,-3943,4343,-943,bf3263e6,3f32a2dc,be0d9f0d,3dbb5cbe,bf3263e4,3f32a2dc,be0d9f0f,3dbb5cc1,1

7309,210,44,100,-1031,-16490,-712,-3943,4343,-943,bf325da8,3f32a88c,be0d9647,3dbb98ca,bf325da6,3f32a88c,be0d9649,3dbb98cd,1

7310,208,41,127,-1053,-16475,-707,-3923,4345,-988,bf32587f,3f32ad6f,be0d862f,3dbbd978,bf32587d,3f32ad6f,be0d8632,3dbbd97b,1

7311,213,36,147,-982,-16411,-792,-3929,4383,-858,bf324ed7,3f32b5ff,be0d7923,3dbc4145,bf324ed7,3f32b601,be0d7927,3dbc4149,1

7312,207,14,151,-957,-16410,-712,-3929,4383,-858,bf324605,3f32bd5f,be0d6e9d,3dbcb7e8,bf324603,3f32bd60,be0d6ea0,3dbcb7ea,1

7313,214,-8,141,-974,-16437,-708,-3957,4331,-907,bf323e0d,3f32c3c7,be0d68b0,3dbd26ac,bf323e0c,3f32c3c8,be0d68b3,3dbd26af,1

7314,231,-24,139,-1003,-16467,-660,-3937,4309,-964,bf3236f3,3f32c95c,be0d6493,3dbd8d90,bf3236f1,3f32c95c,be0d6495,3dbd8d92,1

7315,243,-25,165,-962,-16415,-723,-3937,4309,-964,bf322e3a,3f32d0a2,be0d5a1c,3dbe0272,bf322e38,3f32d0a2,be0d5a1e,3dbe0274,1

7316,248,-34,174,-971,-16433,-774,-3915,4367,-941,bf3223dc,3f32d921,be0d537c,3dbe845c,bf3223da,3f32d921,be0d537f,3dbe845e,1

7317,235,-37,185,-962,-16440,-720,-3885,4359,-962,bf321b1e,3f32e015,be0d4911,3dbf0c59,bf321b1d,3f32e016,be0d4915,3dbf0c5c,1

7318,217,-49,185,-971,-16475,-769,-3885,4359,-962,bf3212e8,3f32e640,be0d41d8,3dbf99d6,bf3212e6,3f32e640,be0d41dc,3dbf99d8,1

7319,212,-44,185,-924,-16414,-703,-3949,4341,-950,bf320be2,3f32eb7b,be0d35d5,3dc02604,bf320be1,3f32eb7c,be0d35da,3dc02607,1

7320,193,-31,182,-953,-16442,-724,-3961,4399,-984,bf320710,3f32eef5,be0d2627,3dc0a2c9,bf32070e,3f32eef5,be0d262b,3dc0a2cb,1

7321,178,-12,186,-895,-16388,-677,-3963,4369,-860,bf32008d,3f32f3c3,be0d1655,3dc13450,bf32008c,3f32f3c4,be0d165a,3dc13452,1

7322,198,-16,171,-878,-16389,-732,-3963,4369,-860,bf31f872,3f32fa03,be0d0ba3,3dc1bed5,bf31f870,3f32fa03,be0d0ba8,3dc1bed6,1

7323,195,-23,150,-907,-16395,-625,-3899,4365,-906,bf31f27f,3f32fe0f,be0d065f,3dc23c84,bf31f27e,3f32fe0f,be0d0664,3dc23c86,1

7324,214,-14,136,-863,-16357,-710,-3923,4353,-965,bf31ec7e,3f3302ba,be0cfd33,3dc2a350,bf31ec7d,3f3302ba,be0cfd38,3dc2a352,1

7325,250,-33,100,-870,-16358,-575,-3923,4353,-965,bf31e61b,3f330759,be0d00e0,3dc2fe40,bf31e61a,3f330759,be0d00e5,3dc2fe42,1

7326,277,-24,71,-866,-16415,-758,-3865,4311,-876,bf31d9c8,3f33112a,be0d1363,3dc35760,bf31d9c7,3f33112a,be0d1368,3dc35762,1

7327,273,-14,54,-895,-16451,-711,-3923,4311,-891,bf31cf55,3f331979,be0d25be,3dc39b44,bf31cf54,3f331979,be0d25c3,3dc39b46,1

7328,256,10,47,-896,-16451,-761,-3923,4311,-891,bf31c5d3,3f33214b,be0d3410,3dc3d144,bf31c5d1,3f33214a,be0d3414,3dc3d145,1

7329,231,31,42,-902,-16423,-741,-3903,4345,-937,bf31bf6c,3f3326a8,be0d3b80,3dc3f5c2,bf31bf6a,3f3326a7,be0d3b84,3dc3f5c3,1

7330,215,53,26,-920,-16416,-717,-3959,4319,-877,bf31b986,3f332ba5,be0d441d,3dc40f15,bf31b985,3f332ba5,be0d4421,3dc40f16,1

7331,207,77,24,-927,-16438,-740,-3959,4319,-877,bf31b43c,3f33307e,be0d47c0,3dc41c0e,bf31b43c,3f33307e,be0d47c5,3dc41c10,1

7332,201,89,28,-901,-16438,-780,-3965,4341,-911,bf31afeb,3f3334db,be0d4448,3dc42127,bf31afeb,3f3334db,be0d444d,3dc42129,1

7333,181,108,25,-897,-16435,-755,-3889,4293,-838,bf31aafa,3f333997,be0d426a,3dc4303f,bf31aafa,3f333996,be0d426e,3dc43040,1

7334,168,112,27,-897,-16443,-743,-3851,4389,-905,bf31a863,3f333c61,be0d3bab,3dc436db,bf31a862,3f333c5f,be0d3baf,3dc436db,1

7335,160,116,31,-894,-16434,-735,-3851,4389,-905,bf31a660,3f333eaf,be0d32a1,3dc43e52,bf31a660,3f333eaf,be0d32a6,3dc43e53,1

7336,144,129,22,-885,-16389,-734,-3883,4365,-905,bf31a5c2,3f333fec,be0d2715,3dc43b0a,bf31a5c1,3f333feb,be0d2719,3dc43b0a,1

7337,147,138,8,-875,-16391,-724,-3877,4369,-908,bf31a54f,3f334122,be0d1c4f,3dc42d80,bf31a54f,3f334121,be0d1c54,3dc42d81,1

7338,158,143,-4,-911,-16451,-712,-3877,4369,-908,bf31a492,3f3342aa,be0d14d1,3dc41437,bf31a492,3f3342a9,be0d14d6,3dc41438,1

7339,164,148,5,-881,-16449,-783,-3909,4353,-915,bf31a31a,3f33452b,be0d0849,3dc3fac3,bf31a319,3f33452a,be0d084d,3dc3fac3,1

7340,155,141,12,-890,-16441,-725,-3871,4301,-831,bf31a048,3f334854,be0d0145,3dc3f984,bf31a047,3f334853,be0d0149,3dc3f984,1

7341,154,132,21,-881,-16397,-677,-3871,4301,-831,bf319dcb,3f334b07,be0cf992,3dc401c5,bf319dcb,3f334b07,be0cf996,3dc401c6,1

7342,184,135,15,-891,-16396,-693,-3891,4355,-927,bf319c1f,3f334d94,be0cedb8,3dc3ef7c,bf319c1f,3f334d94,be0cedbc,3dc3ef7d,1

7343,206,126,9,-874,-16396,-757,-3923,4365,-890,bf3197ae,3f335281,be0ce7b5,3dc3e257,bf3197ad,3f335280,be0ce7b8,3dc3e257,1

7344,216,128,-4,-879,-16422,-741,-3923,4365,-890,bf3192ff,3f3357a9,be0ce490,3dc3cd00,bf3192ff,3f3357a9,be0ce493,3dc3cd01,1

7345,214,129,-11,-912,-16487,-743,-3869,4357,-915,bf318ed8,3f335c4b,be0ce39f,3dc3b08d,bf318ed8,3f335c4b,be0ce3a2,3dc3b08d,1

7346,195,128,-2,-900,-16446,-708,-3929,4369,-893,bf318bfb,3f335fb3,be0cdf62,3dc39bb6,bf318bfa,3f335fb2,be0cdf65,3dc39bb5,1

7347,214,135,14,-904,-16429,-737,-3865,4407,-904,bf31877c,3f3364cd,be0cd7cd,3dc38b5d,bf31877c,3f3364cd,be0cd7d1,3dc38b5d,1

7348,230,131,22,-884,-16417,-739,-3865,4407,-904,bf3181ec,3f336aeb,be0ccef6,3dc380b8,bf3181ec,3f336aeb,be0ccefa,3dc380b8,1

7349,222,132,22,-913,-16472,-779,-3883,4413,-909,bf317cd1,3f3370a5,be0cc655,3dc371c0,bf317cd0,3f3370a5,be0cc659,3dc371bf,1

7350,225,136,35,-897,-16445,-762,-3907,4353,-937,bf317897,3f3375e9,be0cb631,3dc3605a,bf317896,3f3375ea,be0cb636,3dc3605a,1

7351,208,116,39,-894,-16407,-738,-3907,4353,-937,bf317564,3f3379ce,be0ca8f2,3dc35be3,bf317562,3f3379ce,be0ca8f6,3dc35be2,1

7352,206,115,34,-872,-16389,-734,-3907,4351,-884,bf3170f2,3f337e8f,be0c9fc1,3dc3614f,bf3170f0,3f337e8f,be0c9fc5,3dc3614e,1

7353,206,128,16,-855,-16401,-727,-3851,4369,-872,bf316c2e,3f33839e,be0c9914,3dc35f70,bf316c2d,3f33839f,be0c9919,3dc35f70,1

7354,214,133,-8,-883,-16411,-738,-3851,4369,-872,bf31672f,3f3388ea,be0c985e,3dc34cba,bf31672d,3f3388ea,be0c9863,3dc34cb9,1

7355,215,144,-22,-886,-16437,-737,-3915,4353,-941,bf3164c1,3f338c6d,be0c9223,3dc31cfd,bf3164bf,3f338c6e,be0c9229,3dc31cfd,1

7356,229,155,-33,-877,-16421,-709,-3919,4363,-870,bf316020,3f3391d8,be0c9090,3dc2efcb,bf31601f,3f3391d9,be0c9096,3dc2efcc,1

7357,248,167,-34,-860,-16400,-797,-3919,4363,-870,bf3159a2,3f339950,be0c8d18,3dc2bb74,bf3159a0,3f339951,be0c8d1d,3dc2bb75,1

7358,227,174,-49,-909,-16506,-786,-3883,4385,-879,bf3154d7,3f339f23,be0c8cbc,3dc27c2b,bf3154d5,3f339f23,be0c8cc0,3dc27c2a,1

7359,217,169,-55,-891,-16434,-824,-3845,4357,-885,bf31501d,3f33a4bc,be0c8eac,3dc23f94,bf31501c,3f33a4bc,be0c8eb1,3dc23f93,1

7360,216,158,-41,-933,-16441,-733,-3933,4409,-848,bf314bf3,3f33a993,be0c9113,3dc20d69,bf314bf2,3f33a993,be0c9118,3dc20d68,1

7361,225,149,-25,-926,-16459,-801,-3933,4409,-848,bf314661,3f33afac,be0c922f,3dc1e66d,bf314660,3f33afad,be0c9235,3dc1e66c,1

7362,232,148,-14,-912,-16418,-791,-3887,4397,-876,bf3140c2,3f33b5eb,be0c8fcf,3dc1c381,bf3140c0,3f33b5eb,be0c8fd3,3dc1c37e,1

7363,233,153,-6,-925,-16424,-736,-3877,4381,-986,bf313eb6,3f33b979,be0c8304,3dc18d80,bf313eb5,3f33b97a,be0c8309,3dc18d7e,1

7364,262,142,4,-886,-16392,-822,-3877,4381,-986,bf3139ae,3f33bfc6,be0c769d,3dc161f6,bf3139ac,3f33bfc7,be0c76a2,3dc161f4,1

7365,248,131,-16,-828,-16321,-922,-3871,4351,-869,bf313155,3f33c853,be0c7795,3dc14c2c,bf313153,3f33c853,be0c779a,3dc14c2a,1

7366,205,120,-49,-949,-16488,-787,-3925,4379,-910,bf312ebc,3f33cb35,be0c8104,3dc11d0d,bf312ebc,3f33cb36,be0c810a,3dc11d0d,1

7367,184,116,-20,-889,-16398,-733,-3925,4379,-910,bf312d99,3f33ccc0,be0c80ce,3dc104cd,bf312d97,3f33ccc0,be0c80d3,3dc104cb,1

7368,179,126,-37,-911,-16416,-781,-3917,4329,-845,bf312ac3,3f33cfa6,be0c87c4,3dc0ea31,bf312ac2,3f33cfa7,be0c87ca,3dc0ea30,1

7369,180,126,-37,-916,-16416,-725,-3921,4377,-878,bf312961,3f33d155,be0c8c4d,3dc0c9bb,bf31295f,3f33d155,be0c8c52,3dc0c9b9,1

7370,201,139,-37,-931,-16473,-801,-3921,4377,-878,bf31262a,3f33d50b,be0c8f95,3dc09fc4,bf312629,3f33d50d,be0c8f9b,3dc09fc3,1

7371,224,139,-20,-912,-16399,-696,-3913,4347,-929,bf3123f0,3f33d839,be0c8a49,3dc0745e,bf3123ee,3f33d83a,be0c8a4e,3dc0745c,1

7372,242,137,-18,-901,-16450,-830,-3913,4333,-855,bf311d2d,3f33df53,be0c8b3d,3dc05742,bf311d2b,3f33df55,be0c8b42,3dc05741,1

7373,248,141,-15,-893,-16388,-777,-3877,4359,-886,bf31172d,3f33e5e2,be0c88f1,3dc036ea,bf31172a,3f33e5e2,be0c88f5,3dc036e8,1

7374,250,134,-17,-918,-16433,-797,-3877,4359,-886,bf3110e6,3f33ec8e,be0c89d5,3dc016a8,bf3110e4,3f33ec8f,be0c89d9,3dc016a6,1

7375,250,135,-21,-915,-16435,-852,-3891,4391,-918,bf310b18,3f33f2f8,be0c8970,3dbfedb8,bf310b15,3f33f2f8,be0c8973,3dbfedb5,1

7376,236,136,-24,-900,-16425,-838,-3925,4399,-885,bf3105b8,3f33f8dc,be0c8991,3dbfc950,bf3105b6,3f33f8dd,be0c8995,3dbfc94e,1

7377,209,134,-35,-903,-16420,-841,-3925,4399,-885,bf310206,3f33fd03,be0c8bf8,3dbfa2fa,bf310204,3f33fd04,be0c8bfc,3dbfa2f8,1

7378,192,130,-53,-903,-16423,-868,-3925,4469,-843,bf30fe37,3f3400de,be0c95dc,3dbf7f39,bf30fe35,3f3400df,be0c95e0,3dbf7f37,1

7379,173,126,-64,-911,-16398,-806,-3899,4423,-886,bf30fd0f,3f340235,be0ca057,3dbf53f9,bf30fd0d,3f340236,be0ca05b,3dbf53f7,1

7380,166,127,-72,-929,-16393,-730,-3899,4423,-886,bf30fd3d,3f34023f,be0cac34,3dbf246a,bf30fd3b,3f340240,be0cac37,3dbf2467,1

7381,198,130,-67,-948,-16407,-794,-3911,4403,-938,bf30fc60,3f3403b6,be0cb495,3dbee69e,bf30fc5d,3f3403b7,be0cb497,3dbee69b,1

7382,215,120,-70,-964,-16472,-831,-3931,4371,-902,bf30f939,3f340708,be0cc30a,3dbeae69,bf30f937,3f34070a,be0cc30d,3dbeae67,1

7383,208,116,-59,-941,-16482,-894,-3931,4371,-902,bf30f5ae,3f340ab4,be0ccf05,3dbe7fee,bf30f5ab,3f340ab5,be0ccf07,3dbe7feb,1

7384,183,116,-42,-971,-16494,-848,-3951,4359,-876,bf30f383,3f340cf8,be0cd80b,3dbe5cd1,bf30f381,3f340cfb,be0cd80e,3dbe5cd0,1

7385,152,106,-31,-959,-16462,-790,-3917,4407,-912,bf30f44c,3f340c56,be0cdd63,3dbe4430,bf30f449,3f340c58,be0cdd65,3dbe442f,1

7386,151,116,-16,-953,-16444,-789,-3917,4407,-912,bf30f521,3f340bec,be0cdc90,3dbe2e89,bf30f51e,3f340bef,be0cdc92,3dbe2e89,1

7387,154,116,0,-945,-16412,-793,-3941,4417,-915,bf30f5d8,3f340bc0,be0cd703,3dbe1ea0,bf30f5d5,3f340bc3,be0cd705,3dbe1ea0,1

7388,158,118,2,-931,-16405,-751,-3885,4353,-935,bf30f6e9,3f340b56,be0ccf50,3dbe0f25,bf30f6e6,3f340b59,be0ccf52,3dbe0f25,1

7389,179,122,-12,-942,-16403,-778,-3941,4425,-849,bf30f4b4,3f340db3,be0cd019,3dbe00c3,bf30f4b1,3f340db6,be0cd01b,3dbe00c3,1

7390,198,126,-32,-943,-16431,-821,-3941,4425,-849,bf30f12c,3f34115c,be0cd593,3dbde52c,bf30f129,3f34115e,be0cd595,3dbde52c,1

7391,184,129,-34,-945,-16464,-861,-3965,4365,-961,bf30f157,3f34123b,be0cd1d7,3dbdb14e,bf30f155,3f34123d,be0cd1da,3dbdb14f,1

7392,156,130,-34,-965,-16486,-855,-3949,4377,-831,bf30efb0,3f341403,be0cd742,3dbd9795,bf30efae,3f341405,be0cd745,3dbd9796,1

7393,127,123,-33,-923,-16400,-852,-3949,4377,-831,bf30ef9c,3f341425,be0cdb90,3dbd87a1,bf30ef99,3f341426,be0cdb92,3dbd87a1,1

7394,89,130,-63,-963,-16435,-871,-3915,4321,-902,bf30f37d,3f3410c0,be0ce1e4,3dbd5b7b,bf30f37b,3f3410c2,be0ce1e6,3dbd5b7c,1

7395,51,132,-80,-985,-16485,-863,-3903,4315,-920,bf30fa45,3f340a8e,be0cea44,3dbd260e,bf30fa42,3f340a8f,be0cea46,3dbd260e,1

7396,22,148,-74,-999,-16459,-746,-3903,4315,-920,bf310427,3f3401aa,be0cec11,3dbcee27,bf310425,3f3401ac,be0cec13,3dbcee28,1

7397,28,160,-45,-918,-16360,-711,-3947,4373,-900,bf310d7f,3f33f9a7,be0ce13f,3dbcc6d6,bf310d7d,3f33f9a8,be0ce141,3dbcc6d7,1

7398,72,158,-65,-996,-16441,-794,-3931,4345,-877,bf3112ba,3f33f54a,be0ce300,3dbc9137,bf3112b8,3f33f54b,be0ce302,3dbc9137,1

7399,66,158,-70,-969,-16399,-750,-3931,4345,-877,bf3118b7,3f33f033,be0ce43d,3dbc5cbe,bf3118b6,3f33f034,be0ce440,3dbc5cbe,1

7400,62,153,-71,-998,-16478,-810,-3921,4341,-945,bf31200c,3f33ea0f,be0ce3bf,3dbc1c17,bf31200b,3f33ea10,be0ce3c2,3dbc1c17,1

7401,26,159,-63,-1036,-16535,-864,-3899,4361,-950,bf3128df,3f33e283,be0ce144,3dbbddf3,bf3128de,3f33e284,be0ce147,3dbbddf3,1

7402,-40,160,-34,-1056,-16555,-827,-3909,4353,-876,bf3133d1,3f33d88f,be0cdab0,3dbbbee7,bf3133d0,3f33d890,be0cdab2,3dbbbee7,1

7403,-86,156,3,-1055,-16593,-859,-3909,4353,-876,bf3140bb,3f33ccb7,be0ccb09,3dbbb7b2,bf3140b9,3f33ccb7,be0ccb0a,3dbbb7b1,1

7404,-137,148,49,-1023,-16564,-775,-3905,4389,-956,bf315301,3f33bc1d,be0ca9ec,3dbbc3b0,bf3152ff,3f33bc1d,be0ca9ed,3dbbc3af,1

7405,-187,155,83,-1041,-16536,-748,-3915,4375,-883,bf31663d,3f33aa5f,be0c831d,3dbbebf5,bf31663d,3f33aa60,be0c831f,3dbbebf5,1

7406,-231,197,46,-741,-15924,-628,-3915,4375,-883,bf317d3e,3f3395ba,be0c4d9a,3dbc0c47,bf317d3e,3f3395bb,be0c4d9b,3dbc0c47,1

7407,-128,225,-101,-1305,-17089,-565,-3921,4381,-875,bf319124,3f3383c1,be0c4cfe,3dbba67c,bf319123,3f3383c0,be0c4cfe,3dbba67b,1

7408,68,128,142,-798,-16286,-701,-3925,4357,-890,bf319436,3f3381d7,be0c1c4a,3dbbf300,bf319436,3f3381d6,be0c1c4b,3dbbf300,1

7409,110,105,124,-979,-16436,-653,-3925,4357,-890,bf319581,3f338114,be0bfdd7,3dbc2e50,bf319580,3f338113,be0bfdd7,3dbc2e4f,1

7410,91,105,80,-862,-16237,-589,-3941,4387,-973,bf319b4b,3f337c60,be0bdd5d,3dbc5069,bf319b4b,3f337c60,be0bdd5e,3dbc5069,1

7411,118,113,3,-918,-16378,-678,-3947,4353,-910,bf319d64,3f337ab2,be0bd606,3dbc4dc9,bf319d63,3f337ab2,be0bd606,3dbc4dc9,1

7412,105,133,-37,-963,-16462,-718,-3947,4353,-910,bf31a06e,3f337846,be0bd543,3dbc2c58,bf31a06d,3f337846,be0bd543,3dbc2c58,1

7413,70,135,-49,-984,-16460,-688,-3883,4369,-882,bf31a4c2,3f33743d,be0bd9ce,3dbc0fb7,bf31a4c1,3f33743e,be0bd9ce,3dbc0fb8,1

7414,42,135,-52,-965,-16428,-686,-3949,4441,-916,bf31ac12,3f336d90,be0bda02,3dbbec71,bf31ac10,3f336d91,be0bda01,3dbbec71,1

7415,4,144,-63,-963,-16418,-695,-3931,4359,-904,bf31b52d,3f336528,be0bda68,3dbbc609,bf31b52c,3f336529,be0bda68,3dbbc60a,1

7416,-56,166,-84,-957,-16471,-753,-3931,4359,-904,bf31c188,3f3359d7,be0bd8ed,3dbb91cc,bf31c187,3f3359d8,be0bd8ed,3dbb91cd,1

7417,-135,177,-106,-904,-16404,-702,-3935,4429,-846,bf31d1c3,3f334a7d,be0bd8db,3dbb64d4,bf31d1c2,3f334a7e,be0bd8db,3dbb64d5,1

7418,-186,168,-164,-868,-16311,-645,-3913,4347,-827,bf31e501,3f33379e,be0be6b6,3dbb2dcb,bf31e4ff,3f33379e,be0be6b5,3dbb2dcc,1

7419,-201,153,-263,-859,-16164,-499,-3913,4347,-827,bf31faee,3f33216b,be0c0d83,3dbad3be,bf31faec,3f33216b,be0c0d83,3dbad3c0,1

7420,-163,160,-344,-909,-16308,-616,-3965,4357,-902,bf321044,3f330c18,be0c4383,3dba3871,bf321043,3f330c19,be0c4383,3dba3873,1

7421,-150,160,-433,-877,-16329,-644,-3959,4337,-936,bf3225cb,3f32f66c,be0c8ad8,3db970a3,bf3225ca,3f32f66d,be0c8ad8,3db970a5,1

7422,-189,147,-530,-940,-16388,-650,-3959,4337,-936,bf323dfa,3f32dd5c,be0ced26,3db88199,bf323df9,3f32dd5d,be0ced26,3db8819b,1

7423,-233,135,-606,-1082,-16467,-587,-3993,4331,-936,bf325a18,3f32bfc9,be0d66ac,3db76c32,bf325a16,3f32bfca,be0d66ab,3db76c33,1

7424,-253,132,-624,-1189,-16470,-371,-3957,4369,-945,bf3279d4,3f329e53,be0de713,3db64d01,bf3279d3,3f329e55,be0de712,3db64d03,1

7425,-237,129,-586,-1229,-16416,-421,-3957,4369,-945,bf329749,3f327f16,be0e6185,3db53e94,bf329747,3f327f17,be0e6183,3db53e95,1

7426,-221,153,-537,-1303,-16465,-339,-3965,4367,-927,bf32b3f9,3f326110,be0ece19,3db43a1b,bf32b3f7,3f326111,be0ece17,3db43a1c,1

7427,-186,172,-457,-1343,-16593,-320,-3961,4369,-884,bf32ccdf,3f32472a,be0f27d8,3db3587c,bf32ccdd,3f32472c,be0f27d6,3db3587d,1

7428,-132,176,-356,-1323,-16556,-316,-3959,4397,-983,bf32e487,3f322f9f,be0f62a2,3db28fd9,bf32e485,3f322fa1,be0f62a0,3db28fda,1

7429,-106,172,-254,-1273,-16559,-533,-3959,4397,-983,bf32f6d8,3f321db3,be0f86c4,3db1fd40,bf32f6d5,3f321db4,be0f86c2,3db1fd40,1

7430,-158,173,-221,-1183,-16562,-591,-3947,4365,-912,bf33091d,3f320b8f,be0fa299,3db19528,bf33091b,3f320b90,be0fa298,3db19529,1

7431,-249,163,-227,-1171,-16436,-439,-3979,4383,-896,bf3321bf,3f31f2c9,be0fbe34,3db13b28,bf3321bd,3f31f2ca,be0fbe33,3db13b29,1

7432,-292,156,-264,-1117,-16397,-452,-3979,4383,-896,bf333c96,3f31d77a,be0fe0b0,3db0dca9,bf333c94,3f31d77b,be0fe0af,3db0dcaa,1

7433,-347,136,-341,-1032,-16182,-412,-4001,4369,-983,bf335d6d,3f31b60a,be100d5e,3db05f5c,bf335d6b,3f31b60c,be100d5e,3db05f5e,1

7434,-375,119,-459,-1163,-16331,-355,-3977,4335,-956,bf338019,3f319180,be106034,3dafb1c1,bf338017,3f319182,be106034,3dafb1c3,1

7435,-383,140,-542,-1115,-16250,-296,-3977,4335,-956,bf33a442,3f316b74,be10be28,3daedae2,bf33a43f,3f316b75,be10be27,3daedae3,1

7436,-388,132,-639,-1222,-16471,-380,-3977,4329,-906,bf33c6c6,3f3145e8,be113cb0,3daddd16,bf33c6c5,3f3145ea,be113cb0,3daddd18,1

7437,-433,91,-691,-1322,-16650,-349,-3981,4321,-956,bf33ed2f,3f311b88,be11cee9,3daccfa9,bf33ed2d,3f311b89,be11cee9,3daccfab,1

7438,-509,44,-673,-1338,-16578,-206,-3981,4321,-956,bf341875,3f30eb4c,be126489,3dabea2d,bf341874,3f30eb4e,be126489,3dabea2f,1

7439,-549,19,-640,-1443,-16466,-36,-3997,4367,-1005,bf3448d6,3f30b5b6,be12f63f,3dab1265,bf3448d5,3f30b5b8,be12f63e,3dab1267,1

7440,-544,7,-631,-1451,-16416,-87,-4005,4351,-929,bf347524,3f30835f,be138eb3,3daa552f,bf347523,3f308361,be138eb2,3daa5531,1

7441,-536,-34,-616,-1468,-16632,-240,-3971,4399,-1003,bf349fcf,3f305224,be142a94,3da9a8dc,bf349fce,3f305226,be142a93,3da9a8de,1

7442,-580,-42,-573,-1587,-16729,-225,-3971,4399,-1003,bf34cc68,3f301ebc,be14c151,3da9123a,bf34cc66,3f301ebd,be14c14f,3da9123b,1

7443,-672,-35,-497,-1551,-16844,-178,-3965,4399,-984,bf34fd39,3f2fe74b,be154085,3da8b0cd,bf34fd37,3f2fe74c,be154083,3da8b0ce,1

7444,-758,-76,-416,-1648,-16667,-19,-3967,4363,-1031,bf3534ac,3f2fa8c2,be15b41d,3da87f97,bf3534aa,3f2fa8c3,be15b41b,3da87f98,1

7445,-800,-86,-320,-1395,-16374,-87,-3967,4363,-1031,bf356be3,3f2f6ac7,be1608d7,3da89ca3,bf356be0,3f2f6ac7,be1608d4,3da89ca3,1

7446,-776,-149,-268,-1379,-16181,170,-3999,4329,-1000,bf35a272,3f2f2c5a,be165edb,3da8f419,bf35a271,3f2f2c5b,be165ed9,3da8f41a,1

7447,-722,-242,-268,-1512,-16287,222,-3999,4335,-943,bf35d31c,3f2ef179,be16d6bd,3da97268,bf35d31b,3f2ef17a,be16d6bb,3da97269,1

7448,-624,-308,-258,-1651,-16179,489,-3999,4335,-943,bf360054,3f2eb8b5,be176355,3da9fee3,bf360053,3f2eb8b6,be176353,3da9fee4,1

7449,-510,-283,-240,-1712,-16367,366,-3963,4347,-1083,bf362928,3f2e85bf,be17e322,3daa5d80,bf362926,3f2e85c0,be17e320,3daa5d80,1

7450,-420,-240,-208,-1822,-16373,395,-4003,4365,-988,bf364a3e,3f2e5b0a,be185f39,3daab876,bf364a3d,3f2e5b0c,be185f37,3daab877,1

7451,-371,-176,-167,-1793,-16472,331,-4003,4365,-988,bf3667b1,3f2e358b,be18c26a,3dab0a41,bf3667af,3f2e358d,be18c267,3dab0a42,1

7452,-361,-141,-134,-1622,-16436,179,-3983,4341,-901,bf368029,3f2e15a1,be1914d7,3dab7ccc,bf368026,3f2e15a2,be1914d3,3dab7ccd,1

7453,-357,-141,-82,-1915,-16062,682,-4011,4369,-1080,bf36a4bf,3f2dea5e,be195acd,3dabbefb,bf36a4be,3f2dea60,be195acb,3dabbefd,1

7454,-237,-47,-89,-1922,-15879,802,-4017,4347,-973,bf36c153,3f2dc87f,be199750,3dabdedc,bf36c153,3f2dc882,be19974e,3dabdede,1

7455,-52,49,-122,-1639,-16306,389,-4017,4347,-973,bf36cde6,3f2db969,be19bc7b,3dabd2b4,bf36cde5,3f2db96a,be19bc78,3dabd2b5,1

7456,33,77,-116,-1714,-16404,349,-3965,4317,-1001,bf36d5c4,3f2dafd7,be19dea3,3dababb7,bf36d5c3,3f2dafd8,be19dea0,3dababb8,1

7457,64,66,-69,-1673,-16038,537,-3973,4309,-983,bf36dd4f,3f2da6a1,be19f80d,3daba261,bf36dd4f,3f2da6a3,be19f80b,3daba263,1

7458,164,64,-44,-1662,-15963,566,-3973,4309,-983,bf36df47,3f2da367,be1a0e72,3dab9ce4,bf36df45,3f2da368,be1a0e6f,3dab9ce4,1

7459,342,57,-27,-1717,-16375,381,-4001,4347,-983,bf36d496,3f2dad62,be1a29fb,3dab8d4a,bf36d494,3f2dad62,be1a29f8,3dab8d49,1

7460,394,80,-2,-1739,-16818,187,-3961,4323,-1038,bf36c619,3f2dbc2c,be1a39a5,3dab725b,bf36c617,3f2dbc2c,be1a39a2,3dab725a,1

7461,276,91,28,-1711,-16985,23,-3961,4323,-1038,bf36bcac,3f2dc5fe,be1a3bf7,3dab6fff,bf36bcab,3f2dc5ff,be1a3bf5,3dab6fff,1

7462,49,109,57,-1637,-16904,56,-3919,4329,-1001,bf36bf5c,3f2dc35a,be1a2d01,3dab99bf,bf36bf5b,3f2dc35b,be1a2cff,3dab99bf,1

7463,-179,116,47,-1512,-16933,-19,-3973,4341,-979,bf36ce32,3f2db417,be1a1412,3dabdcce,bf36ce32,3f2db419,be1a1410,3dabdcce,1

7464,-413,73,19,-1422,-16875,-55,-3973,4341,-979,bf36e97c,3f2d96b9,be1a0283,3dac43e0,bf36e97b,3f2d96bb,be1a0280,3dac43e0,1

7465,-630,-16,5,-1305,-16815,-93,-4009,4339,-1016,bf371062,3f2d6b91,be19fc55,3dace31b,bf371060,3f2d6b92,be19fc52,3dace31a,1

7466,-789,-123,18,-1535,-16553,267,-3921,4345,-963,bf374056,3f2d33fa,be1a14ec,3dadc6d4,bf374054,3f2d33fb,be1a14e9,3dadc6d3,1

7467,-889,-219,34,-1538,-16329,480,-4019,4337,-1048,bf3779b3,3f2cf143,be1a3487,3daed089,bf3779b1,3f2cf145,be1a3485,3daed089,1

7468,-870,-245,41,-1817,-15926,862,-4019,4337,-1048,bf37b722,3f2ca94e,be1a666c,3dafc688,bf37b721,3f2ca950,be1a666b,3dafc688,1

7469,-720,-177,14,-1889,-15907,968,-3971,4355,-1037,bf37ecc2,3f2c6a5d,be1a9884,3db08304,bf37ecc1,3f2c6a5f,be1a9883,3db08304,1

7470,-544,-86,-10,-1711,-16008,858,-4003,4305,-1029,bf381732,3f2c393a,be1ab59e,3db10b96,bf381731,3f2c393b,be1ab59c,3db10b96,1

7471,-400,-31,-23,-1716,-16344,666,-4003,4305,-1029,bf3836be,3f2c1497,be1ace19,3db16993,bf3836bc,3f2c1498,be1ace17,3db16992,1

7472,-336,-21,-9,-1669,-16477,605,-4005,4295,-1041,bf3851cc,3f2bf51b,be1adfe7,3db1c668,bf3851cb,3f2bf51d,be1adfe5,3db1c668,1

7473,-344,-29,20,-1682,-16596,520,-4017,4347,-962,bf38699a,3f2bd869,be1af377,3db24653,bf386998,3f2bd86a,be1af373,3db24651,1

7474,-392,-46,65,-1713,-16795,508,-4017,4347,-962,bf388329,3f2bb99d,be1b0080,3db2e797,bf388328,3f2bb99e,be1b007c,3db2e795,1

7475,-513,-45,123,-1575,-16806,407,-3981,4317,-1084,bf38a477,3f2b9394,be1af0c7,3db3a5f3,bf38a476,3f2b9395,be1af0c3,3db3a5f1,1

7476,-650,-90,195,-1590,-16728,461,-4007,4329,-1083,bf38ccc1,3f2b655c,be1ad83c,3db4a61b,bf38ccc0,3f2b655d,be1ad838,3db4a619,1

7477,-793,-140,233,-1501,-16556,465,-4007,4329,-1083,bf38fbb0,3f2b2f04,be1abc70,3db5e3e7,bf38fbaf,3f2b2f05,be1abc6d,3db5e3e6,1

7478,-897,-161,221,-1699,-16415,890,-4055,4379,-1026,bf3933aa,3f2aedd4,be1aaeb2,3db72780,bf3933a8,3f2aedd4,be1aaead,3db7277d,1

7479,-978,-120,165,-1653,-16422,952,-3991,4303,-1084,bf39728b,3f2aa5f8,be1a9b98,3db83fca,bf397289,3f2aa5f8,be1a9b93,3db83fc7,1

7480,-1029,-72,119,-1646,-16393,993,-3961,4373,-1018,bf39b243,3f2a5d0e,be1a8c36,3db945d2,bf39b241,3f2a5d0e,be1a8c31,3db945cf,1

7481,-1071,-47,90,-1482,-16397,977,-3961,4373,-1018,bf39f39f,3f2a12a4,be1a7517,3dba45f3,bf39f39e,3f2a12a5,be1a7513,3dba45f1,1

7482,-1109,-49,63,-1417,-16520,903,-4011,4327,-1064,bf3a373f,3f29c5da,be1a5cbf,3dbb35c0,bf3a373f,3f29c5dc,be1a5cbb,3dbb35bf,1

7483,-1200,-130,54,-1334,-16541,850,-3983,4359,-997,bf3a7b91,3f2975a6,be1a5b14,3dbc6427,bf3a7b90,3f2975a8,be1a5b10,3dbc6425,1

7484,-1287,-236,64,-1659,-16365,1224,-3983,4359,-997,bf3ac6dc,3f291aed,be1a7b0b,3dbdb654,bf3ac6db,3f291aef,be1a7b07,3dbdb652,1

7485,-1316,-252,62,-1613,-16240,1273,-3981,4341,-1125,bf3b171f,3f28bafd,be1a9441,3dbef87f,bf3b171e,3f28baff,be1a943d,3dbef87d,1

7486,-1294,-216,42,-1760,-16080,1446,-3969,4289,-1177,bf3b6a9d,3f285824,be1aad14,3dbffef8,bf3b6a9b,3f285825,be1aad0f,3dbffef5,1

7487,-1272,-117,-5,-1906,-16389,1579,-3969,4289,-1177,bf3bbed9,3f27f5dd,be1abf3d,3dc0b5b2,bf3bbed7,3f27f5de,be1abf38,3dc0b5af,1

7488,-1329,-4,-34,-1713,-16786,1324,-3985,4353,-1148,bf3c10d3,3f2797c5,be1ab473,3dc1571e,bf3c10d2,3f2797c7,be1ab46f,3dc1571c,1

7489,-1508,78,-70,-1563,-16968,1124,-3987,4319,-1194,bf3c6ba5,3f273171,be1a8f3b,3dc1d94d,bf3c6ba3,3f273172,be1a8f36,3dc1d94b,1

7490,-1777,100,-101,-1649,-16948,1351,-3987,4319,-1194,bf3cd71c,3f26b825,be1a654c,3dc257dd,bf3cd71c,3f26b827,be1a6548,3dc257dd,1

7491,-2072,124,-133,-1692,-16877,1498,-3951,4351,-1181,bf3d5296,3f262c0c,be1a3778,3dc2dfe1,bf3d5295,3f262c0e,be1a3774,3dc2dfe1,1

7492,-2364,198,-177,-1700,-16608,1703,-3987,4309,-1126,bf3ddef5,3f258cf7,be19fa00,3dc356ec,bf3ddef4,3f258cf9,be19f9fc,3dc356ec,1

7493,-2554,272,-209,-1821,-16105,2208,-4015,4335,-1238,bf3e8141,3f24d632,be19a5b4,3dc3833b,bf3e8140,3f24d634,be19a5b0,3dc3833b,1

7494,-2573,381,-245,-1819,-16206,2190,-4015,4335,-1238,bf3f221f,3f2421c2,be193f60,3dc377d1,bf3f221d,3f2421c3,be193f5b,3dc377d0,1

7495,-2556,430,-249,-1626,-16225,2060,-4039,4315,-1195,bf3fbc2b,3f2374b0,be18c8b9,3dc37579,bf3fbc29,3f2374b1,be18c8b4,3dc37578,1

7496,-2606,412,-235,-1783,-16426,2170,-3971,4397,-1213,bf405683,3f22c50b,be185c3e,3dc38443,bf405681,3f22c50c,be185c39,3dc38442,1

7497,-2714,432,-212,-1730,-16852,1984,-3971,4397,-1213,bf40f1b9,3f221368,be17e144,3dc3abb0,bf40f1b8,3f22136a,be17e140,3dc3abb0,1

7498,-2937,419,-149,-1605,-17300,1801,-4001,4365,-1196,bf419401,3f2157ca,be175111,3dc41c0f,bf4193fe,3f2157ca,be17510c,3dc41c0d,1

7499,-3324,328,-61,-1453,-17200,1960,-4057,4323,-1330,bf424ae4,3f208130,be16a797,3dc4f504,bf424ae2,3f208131,be16a794,3dc4f503,1

7500,-3750,171,8,-1431,-16891,2190,-4057,4323,-1330,bf431535,3f1f8d5e,be1608a0,3dc66076,bf431532,3f1f8d5f,be16089c,3dc66074,1

7501,-4114,32,37,-1465,-17119,2090,-3991,4383,-1353,bf43ec5a,3f1e8378,be1582a1,3dc83b6a,bf43ec59,3f1e837a,be15829e,3dc83b69,1

7502,-4533,-103,58,-1073,-17033,1968,-4033,4353,-1389,bf44d409,3f1d5f59,be14fd03,3dca9369,bf44d408,3f1d5f5a,be14fd00,3dca9367,1

7503,-5003,-364,72,-1287,-16276,2781,-4033,4353,-1389,bf45d436,3f1c129a,be14a7b6,3dcd8146,bf45d435,3f1c129b,be14a7b3,3dcd8144,1

7504,-5264,-528,32,-1860,-15348,3993,-4029,4393,-1444,bf46f208,3f1a978c,be148e9f,3dd06a75,bf46f208,3f1a978e,be148e9c,3dd06a73,1

7505,-5249,-467,-61,-1842,-15199,4380,-4063,4353,-1463,bf4812df,3f1914ac,be147016,3dd301f1,bf4812dc,3f1914ac,be147011,3dd301ec,1

7506,-5161,-346,-203,-2855,-14220,5651,-4041,4355,-1524,bf49391d,3f1785d9,be14839c,3dd4cce1,bf49391c,3f1785db,be148399,3dd4ccdd,1

7507,-4988,111,-421,-2752,-15100,5495,-4041,4355,-1524,bf4a5846,3f16057b,be14548c,3dd5527a,bf4a5844,3f16057c,be145489,3dd55275,1

7508,-4940,664,-656,-1556,-15616,4402,-3989,4363,-1565,bf4b6343,3f14aa00,be137b2d,3dd50450,bf4b6342,3f14aa02,be137b2b,3dd5044c,1

7509,-5004,758,-661,-1823,-15900,4617,-4033,4363,-1655,bf4c71b9,3f13476b,be129172,3dd46361,bf4c71b8,3f13476c,be129170,3dd4635d,1

7510,-5166,768,-567,-1918,-16400,4678,-4033,4363,-1655,bf4d7f20,3f11e06d,be119574,3dd4091f,bf4d7f20,3f11e06f,be119572,3dd4091c,1

7511,-5440,732,-481,-2083,-15820,5139,-4059,4305,-1624,bf4e9a2d,3f105f44,be1092bb,3dd3f0f2,bf4e9a2c,3f105f46,be1092b8,3dd3f0ee,1

7512,-5654,816,-408,-1816,-15591,5265,-4053,4317,-1705,bf4fbd09,3f0ecfae,be0f4b73,3dd40449,bf4fbd09,3f0ecfb0,be0f4b70,3dd40444,1

7513,-5808,855,-346,-1885,-15647,5398,-4053,4317,-1705,bf50e057,3f0d38d6,be0df0c0,3dd43d0f,bf50e057,3f0d38d7,be0df0bc,3dd43d08,1

7514,-6025,892,-305,-2222,-15706,5777,-4041,4335,-1742,bf520b68,3f0b8f63,be0c92a7,3dd4727c,bf520b68,3f0b8f64,be0c92a3,3dd47275,1

7515,-6342,1033,-287,-1638,-16022,5352,-4019,4313,-1797,bf533a40,3f09dcc2,be0add47,3dd4d230,bf533a3f,3f09dcc2,be0add43,3dd4d228,1

7516,-6787,1011,-263,-1462,-15970,5518,-4019,4313,-1797,bf54771c,3f080b4e,be0911b1,3dd58132,bf54771c,3f080b4f,be0911ae,3dd5812b,1

7517,-7280,896,-227,-1680,-15590,5953,-4029,4279,-1904,bf55c75f,3f060f1c,be0750a2,3dd66d45,bf55c75f,3f060f1d,be07509e,3dd66d3d,1

7518,-7758,836,-224,-1378,-15010,6226,-4049,4245,-1952,bf57289c,3f03ebcc,be0571d4,3dd7a5ea,bf57289c,3f03ebcd,be0571d0,3dd7a5e2,1

7519,-8143,767,-276,-1375,-14764,6487,-4055,4281,-1957,bf5892bf,3f01aa46,be03a4de,3dd90324,bf5892c0,3f01aa48,be03a4db,3dd9031d,1

7520,-8494,645,-334,-1719,-14485,7032,-4055,4281,-1957,bf5a0682,3efe8baf,be020e30,3dda6a5e,bf5a0681,3efe8bb1,be020e2c,3dda6a55,1

7521,-8867,660,-419,-1918,-14501,7416,-4083,4215,-2096,bf5b8763,3ef97906,be0077f4,3ddb70ed,bf5b8762,3ef97908,be0077f0,3ddb70e4,1

7522,-9244,717,-435,-1908,-14318,7702,-4067,4219,-2235,bf5d1238,3ef4235c,bdfd7ad1,3ddc5cf4,bf5d1237,3ef4235e,bdfd7aca,3ddc5ceb,1

7523,-9598,779,-391,-1860,-13681,8187,-4067,4219,-2235,bf5ea6a7,3eee83f6,bdf9a983,3ddd7139,bf5ea6a8,3eee83fa,bdf9a97f,3ddd7132,1

7524,-9879,818,-372,-1809,-13060,8723,-4013,4171,-2284,bf604531,3ee893e9,bdf5828d,3dde8ea3,bf604531,3ee893eb,bdf58287,3dde8e99,1

7525,-10072,889,-397,-1738,-12937,8843,-4067,4111,-2341,bf61de7e,3ee28b87,bdf1120e,3ddf7daa,bf61de7d,3ee28b88,bdf11207,3ddf7d9f,1

7526,-10327,961,-445,-1536,-13586,8478,-4067,4111,-2341,bf636477,3edc9a78,bdec82ec,3de098e8,bf636476,3edc9a79,bdec82e5,3de098dd,1

7527,-10869,999,-492,-1592,-13602,8698,-4039,4087,-2451,bf64f2e0,3ed652f9,bde7c653,3de19f91,bf64f2e1,3ed652fc,bde7c64e,3de19f88,1

7528,-11604,955,-499,-1264,-12877,8950,-4079,4007,-2500,bf669031,3ecf8e88,bde29da8,3de2dea7,bf669030,3ecf8e88,bde29da1,3de2de9c,1

7529,-12260,827,-525,-1241,-12011,9445,-4079,4007,-2500,bf6837b1,3ec84c08,bddd73a3,3de463d2,bf6837af,3ec84c07,bddd739b,3de463c6,1

7530,-12821,681,-613,-1061,-11899,9491,-4087,3957,-2553,bf69ddf7,3ec0b341,bdd87cad,3de60027,bf69ddf8,3ec0b342,bdd87ca9,3de6001d,1

7531,-13382,497,-631,-988,-10761,9711,-4061,3889,-2673,bf6b89e4,3eb89c0c,bdd36a7d,3de7b90c,bf6b89e5,3eb89c0d,bdd36a79,3de7b902,1

7532,-13881,331,-764,-704,-9333,10662,-4063,3833,-2693,bf6d43ce,3eafc9de,bdce2a7b,3de97e0e,bf6d43cf,3eafc9df,bdce2a77,3de97e04,1

7533,-14176,47,-999,-1410,-8816,11320,-4063,3833,-2693,bf6ef404,3ea6918e,bdca722a,3deab472,bf6ef404,3ea6918e,bdca7226,3deab467,1

7534,-14411,-27,-1245,-1157,-9511,10652,-4065,3713,-2792,bf70803e,3e9da34d,bdc6d853,3deb4bd9,bf70803e,3e9da34d,bdc6d84f,3deb4bce,1

7535,-15082,-55,-1520,-982,-8782,10835,-4049,3539,-2973,bf7214e7,3e9408b9,bdc29cec,3deae6b9,bf7214e7,3e9408b9,bdc29ce8,3deae6ae,1

7536,-15797,-243,-1671,-1418,-7931,11608,-4049,3539,-2973,bf73a91b,3e89a437,bdbf519a,3dea3d54,bf73a91c,3e89a437,bdbf5197,3dea3d4a,1

7537,-16413,-394,-1733,-1133,-8925,10571,-4071,3479,-3002,bf7514e7,3e7ed461,bdbc9a09,3dea2305,bf7514e6,3e7ed45f,bdbc9a05,3dea22f9,1

7538,-17589,-554,-1908,-644,-9847,9621,-4065,3341,-3009,bf767ad4,3e68d178,bdb9f9de,3de9fe4f,bf767ad3,3e68d176,bdb9f9db,3de9fe43,1

7539,-19411,-1083,-1719,-898,-6337,10688,-4065,3341,-3009,bf77e18d,3e500fed,bdb71039,3dead76e,bf77e18d,3e500fec,bdb71036,3dead763,1

7540,-20955,-1695,-1524,-1522,-2621,11352,-4093,3237,-3061,bf793e8e,3e33da6a,bdb5e227,3dec9901,bf793e8f,3e33da6a,bdb5e224,3dec98f6,1

7541,-23163,-1895,-1803,-1686,3937,11812,-4075,3015,-3187,bf7a8544,3e149b66,bdb48fd9,3dee1844,bf7a8546,3e149b67,bdb48fd8,3dee1839,1

7542,-28789,-866,-3671,-376,12323,14743,-4075,3015,-3187,bf7bdcfa,3ddbcd43,bdaf35b1,3deb7980,bf7bdcf9,3ddbcd42,bdaf35ae,3deb7973,1

7543,-30263,771,-6123,-1883,20836,28565,-4089,2707,-3226,bf7d012b,3d8a281f,bda5a225,3de1f604,bf7d012a,3d8a281f,bda5a223,3de1f5f7,1

7544,-10640,-2434,-2370,-4418,7872,18492,-4077,2565,-3137,bf7d3fb2,3d563a01,bda9a040,3dde4ea3,bf7d3fb1,3d563a03,bda9a03e,3dde4e97,1

7545,-3050,-2772,-399,-2891,1433,15656,-4135,2565,-3222,bf7d3fdf,3d4040dc,bdb05697,3dde0eb0,bf7d3fde,3d4040de,bdb05695,3dde0ea4,1

7546,-1721,-2408,-315,-6698,3684,18236,-4135,2565,-3222,bf7d386c,3d31b5a9,bdb72144,3dddb607,bf7d386d,3d31b5ac,bdb72143,3dddb5fd,1

7547,-835,-1398,200,-7060,2121,18343,-4111,2539,-3164,bf7d2ec7,3d28df5a,bdbbba3f,3dde587e,bf7d2ec7,3d28df5c,bdbbba3d,3dde5874,1

7548,45,271,13,-5829,838,17527,-4155,2559,-3208,bf7d304e,3d258618,bdbc485d,3dde11ce,bf7d304e,3d25861a,bdbc485b,3dde11c4,1

7549,349,1496,-35,-5059,1096,16928,-4155,2559,-3208,bf7d3b72,3d242a8f,bdb9871d,3ddd769f,bf7d3b73,3d242a92,bdb9871c,3ddd7696,1

7550,684,2442,-48,-2882,608,15894,-4081,2613,-3201,bf7d4eec,3d24b798,bdb39675,3ddcb056,bf7d4eeb,3d24b79a,bdb39673,3ddcb04b,1

7551,938,2722,-65,-1648,26,15249,-4087,2557,-3267,bf7d64f8,3d27377a,bdac39c4,3ddbc1c9,bf7d64f9,3d27377d,bdac39c4,3ddbc1c0,1

7552,1006,2448,-34,-1157,88,15038,-4087,2557,-3267,bf7d77ec,3d2a28ac,bda56807,3ddaf73d,bf7d77eb,3d2a28ad,bda56806,3ddaf733,1

7553,1057,1982,12,-1224,-310,15094,-4069,2593,-3220,bf7d868b,3d2d3df7,bd9fb9e6,3dda589e,bf7d868a,3d2d3df8,bd9fb9e5,3dda5894,1

7554,1032,1534,50,-1151,-651,15087,-4093,2597,-3290,bf7d91b8,3d30360c,bd9b12a4,3dd9dc3d,bf7d91b9,3d30360f,bd9b12a4,3dd9dc35,1

7555,847,1068,60,-816,-517,14925,-4093,2597,-3290,bf7d9a20,3d32153f,bd978402,3dd989a2,bf7d9a21,3d321542,bd978402,3dd9899a,1

7556,685,557,41,-563,-731,14736,-4063,2513,-3242,bf7da03f,3d33133b,bd952bd2,3dd92b50,bf7da040,3d33133e,bd952bd2,3dd92b48,1

7557,498,-47,41,-1420,-359,15218,-4053,2621,-3166,bf7da297,3d31ba74,bd94e271,3dd8f59c,bf7da296,3d31ba76,bd94e270,3dd8f592,1

7558,409,-453,51,-1710,-486,15350,-4091,2573,-3166,bf7da2a3,3d2f82ed,bd95e803,3dd8b185,bf7da2a2,3d2f82ef,bd95e802,3dd8b17b,1

7559,339,-678,59,-2196,-506,15602,-4091,2573,-3166,bf7da08b,3d2ca2b0,bd97f8b1,3dd871e3,bf7da08a,3d2ca2b2,bd97f8b0,3dd871d9,1

7560,239,-765,62,-2503,-546,15764,-4081,2643,-3181,bf7d9cfb,3d292a49,bd9a8e43,3dd857a3,bf7d9cfd,3d292a4d,bd9a8e44,3dd8579b,1

7561,128,-742,38,-2358,-394,15654,-4095,2533,-3137,bf7d9b1b,3d252ad3,bd9cce54,3dd80bc1,bf7d9b19,3d252ad5,bd9cce52,3dd80bb5,1

7562,25,-762,12,-2330,-448,15649,-4095,2533,-3137,bf7d99b7,3d209f3a,bd9f05b8,3dd7b0bd,bf7d99b7,3d209f3e,bd9f05b7,3dd7b0b3,1

7563,-32,-794,-5,-2802,-216,15933,-4091,2581,-3185,bf7d96f9,3d1bbda8,bda1acdc,3dd76b70,bf7d96f9,3d1bbdac,bda1acdb,3dd76b66,1

7564,-49,-716,-24,-3086,-75,16088,-4115,2555,-3156,bf7d9474,3d16e089,bda440d9,3dd71316,bf7d9474,3d16e08d,bda440d8,3dd7130c,1

7565,2,-496,-33,-3283,136,16183,-4115,2555,-3156,bf7d92f1,3d1268db,bda6525a,3dd6b3dd,bf7d92f2,3d1268e1,bda6525a,3dd6b3d4,1

7566,88,-220,-27,-3291,-6,16170,-4119,2587,-3156,bf7d929e,3d0e927e,bda7c118,3dd653e2,bf7d929e,3d0e9283,bda7c118,3dd653d8,1

7567,178,77,-10,-2907,-226,15916,-4077,2597,-3169,bf7d9487,3d0b40fe,bda836fc,3dd5f2a0,bf7d9488,3d0b4103,bda836fc,3dd5f297,1

7568,184,255,2,-2916,-307,15913,-4077,2597,-3169,bf7d976a,3d08176c,bda84064,3dd59283,bf7d9769,3d081770,bda84062,3dd59278,1

7569,135,394,-2,-2680,-336,15794,-4133,2547,-3148,bf7d9c7d,3d04bc0e,bda7a66e,3dd51120,bf7d9c7e,3d04bc13,bda7a66d,3dd51116,1

7570,74,474,-12,-2463,-256,15686,-4115,2609,-3237,bf7da282,3d0107d1,bda69231,3dd4b08f,bf7da283,3d0107d6,bda69230,3dd4b085,1

7571,47,466,-9,-2150,-260,15513,-4089,2547,-3192,bf7da978,3cfab316,bda52ef6,3dd43f3c,bf7da977,3cfab31d,bda52ef4,3dd43f30,1

7572,44,353,-6,-2198,-121,15549,-4089,2547,-3192,bf7daf48,3cf310af,bda42d37,3dd3d837,bf7daf49,3cf310b6,bda42d36,3dd3d82c,1

7573,58,227,6,-2178,-238,15527,-4087,2575,-3181,bf7db415,3ceb7918,bda37196,3dd382cd,bf7db414,3ceb791d,bda37194,3dd382c1,1

7574,51,113,8,-2325,-174,15631,-4083,2595,-3244,bf7db776,3ce37bb7,bda32fe5,3dd33da7,bf7db775,3ce37bbc,bda32fe3,3dd33d9b,1

7575,34,45,9,-2435,-173,15675,-4083,2595,-3244,bf7db9ff,3cdb2dbf,bda34077,3dd2faa8,bf7db9fe,3cdb2dc4,bda34075,3dd2fa9c,1

7576,20,16,13,-2420,-103,15670,-4073,2575,-3169,bf7dbc66,3cd2ba10,bda35d2a,3dd2b55e,bf7dbc65,3cd2ba15,bda35d28,3dd2b552,1

7577,41,-6,24,-2462,-87,15707,-4087,2545,-3203,bf7dbe7e,3cca851c,bda39711,3dd26798,bf7dbe7f,3cca8522,bda39710,3dd2678e,1

7578,71,-19,29,-2560,-84,15748,-4087,2545,-3203,bf7dc008,3cc29be7,bda3f98c,3dd21b9c,bf7dc009,3cc29bed,bda3f98b,3dd21b92,1

7579,86,-6,32,-2593,-92,15759,-4081,2563,-3205,bf7dc150,3cbad737,bda45e78,3dd1da81,bf7dc14f,3cbad73c,bda45e75,3dd1da75,1

7580,93,16,27,-2648,-57,15794,-4097,2513,-3215,bf7dc2e0,3cb34434,bda4c0f5,3dd17de7,bf7dc2e0,3cb3443a,bda4c0f3,3dd17ddc,1

7581,130,59,22,-2599,-82,15763,-4097,2513,-3215,bf7dc4d3,3cac1d6e,bda4fa8f,3dd11982,bf7dc4d4,3cac1d75,bda4fa8e,3dd11978,1

7582,147,94,23,-2599,-136,15749,-4111,2553,-3251,bf7dc6ad,3ca51e25,bda52228,3dd0c480,bf7dc6ad,3ca51e2b,bda52227,3dd0c476,1

7583,153,128,18,-2624,-129,15770,-4093,2585,-3240,bf7dc858,3c9e269e,bda53d15,3dd08394,bf7dc859,3c9e26a4,bda53d14,3dd0838b,1

7584,141,169,14,-2542,-151,15721,-4085,2565,-3210,bf7dcacf,3c971ec9,bda519e8,3dd032dc,bf7dcad0,3c971ecf,bda519e7,3dd032d4,1

7585,127,182,3,-2565,-160,15736,-4085,2565,-3210,bf7dcd4d,3c8ff392,bda4f8f8,3dcfdbc3,bf7dcd4f,3c8ff398,bda4f8f8,3dcfdbbc,1

7586,104,183,-2,-2529,-98,15726,-4099,2549,-3268,bf7dd017,3c888ec3,bda4c3cd,3dcf7bf8,bf7dd017,3c888ec8,bda4c3cb,3dcf7bf0,1

7587,88,202,1,-2508,-53,15717,-4119,2551,-3239,bf7dd305,3c8104c0,bda476fd,3dcf208a,bf7dd305,3c8104c5,bda476fb,3dcf2082,1

7588,112,209,3,-2439,-84,15656,-4119,2551,-3239,bf7dd62e,3c738dc9,bda40ac8,3dcec463,bf7dd62e,3c738dd3,bda40ac6,3dcec45b,1

7589,129,194,5,-2510,-178,15689,-4087,2619,-3250,bf7dd7ed,3c651ebf,bda3c632,3dceb3bf,bf7dd7ed,3c651ec9,bda3c631,3dceb3b7,1

7590,116,196,3,-2484,-111,15688,-4119,2545,-3287,bf7ddab1,3c56ac02,bda37c2e,3dce52c4,bf7ddab1,3c56ac0c,bda37c2d,3dce52bc,1

7591,100,192,1,-2490,-138,15711,-4119,2545,-3287,bf7ddd66,3c47e5ae,bda33762,3dcdef6d,bf7ddd67,3c47e5b9,bda33761,3dcdef67,1

7592,89,185,5,-2543,-77,15731,-4151,2561,-3208,bf7ddf8a,3c38ce0c,bda3132d,3dcd9b99,bf7ddf8b,3c38ce17,bda3132d,3dcd9b93,1

7593,93,195,7,-2430,-114,15674,-4103,2543,-3239,bf7de26a,3c29f8d4,bda2a6f8,3dcd412f,bf7de26a,3c29f8de,bda2a6f7,3dcd4128,1

7594,87,174,12,-2418,-25,15660,-4103,2543,-3239,bf7de4f9,3c1aeb67,bda2444e,3dccf42c,bf7de4fa,3c1aeb72,bda2444e,3dccf426,1

7595,107,158,15,-2423,-16,15668,-4067,2573,-3142,bf7de6e1,3c0c2318,bda1e254,3dccd4fc,bf7de6e2,3c0c2322,bda1e254,3dccd4f6,1

7596,119,134,18,-2428,-87,15689,-4155,2551,-3293,bf7de905,3bfb76e6,bda19fd4,3dcc8569,bf7de905,3bfb76f9,bda19fd3,3dcc8562,1

7597,120,123,6,-2502,-56,15725,-4155,2551,-3293,bf7dea88,3bde605a,bda19b67,3dcc31fe,bf7dea88,3bde606c,bda19b66,3dcc31f7,1

7598,125,123,6,-2515,-57,15717,-4121,2559,-3237,bf7deba2,3bc1662d,bda1a193,3dcbf2c7,bf7deba3,3bc16640,bda1a193,3dcbf2c1,1

7599,137,125,6,-2594,-95,15750,-4103,2555,-3177,bf7debe2,3ba5c9d1,bda1f7a7,3dcbb318,bf7debe1,3ba5c9e3,bda1f7a6,3dcbb311,1

7600,147,159,-4,-2584,-94,15759,-4063,2607,-3246,bf7dea33,3b8ce810,bda23629,3dcc1a9a,bf7dea34,3b8ce824,bda23629,3dcc1a94,1

7601,140,194,1,-2549,-96,15745,-4063,2607,-3246,bf7de8db,3b68e800,bda2233e,3dcca377,bf7de8db,3b68e829,bda2233e,3dcca370,1

7602,133,221,0,-2517,-212,15716,-4111,2535,-3273,bf7deaf3,3b344426,bda2039a,3dcc23cc,bf7deaf2,3b34444e,bda20399,3dcc23c4,1

7603,93,234,-2,-2479,-107,15707,-4081,2575,-3193,bf7dec14,3af8f49b,bda16bdf,3dcc4c3b,bf7dec14,3af8f4f2,bda16bde,3dcc4c35,1

7604,70,244,-6,-2466,2,15729,-4081,2575,-3193,bf7ded7b,3a81b5cc,bda0c156,3dcc69f5,bf7ded7c,3a81b627,bda0c155,3dcc69f0,1

7605,89,239,0,-2475,-4,15720,-4075,2569,-3195,bf7dee71,38e14a5c,bda036ad,3dcc8d19,bf7dee72,38e14fec,bda036ac,3dcc8d14,1

7606,97,242,2,-2458,-57,15701,-4115,2585,-3211,bf7dee93,ba26c95e,bd9f8506,3dcd0c9c,bf7dee93,ba26c8a8,bd9f8504,3dcd0c96,1

7607,104,238,5,-2419,-59,15683,-4115,2585,-3211,bf7def0a,baa4bbed,bd9e81b1,3dcdad1f,bf7def0a,baa4bb92,bd9e81af,3dcdad19,1

7608,99,223,1,-2385,-71,15668,-4039,2517,-3180,bf7df243,bb07bd84,bd9db2d9,3dcd4690,bf7df243,bb07bd5a,bd9db2d7,3dcd468a,1

7609,105,211,1,-2468,-63,15714,-4125,2553,-3171,bf7df247,bb3959c9,bd9db002,3dcd3dba,bf7df247,bb3959a0,bd9db000,3dcd3db5,1

7610,103,216,2,-2510,-28,15773,-4125,2553,-3171,bf7df163,bb6986c2,bd9df217,3dcd44b8,bf7df164,bb698690,bd9df216,3dcd44b4,1

7611,93,243,3,-2466,13,15758,-4071,2517,-3109,bf7df327,bb90ae08,bd9da5c4,3dcce239,bf7df327,bb90aded,bd9da5c3,3dcce235,1

7612,112,264,3,-2432,19,15716,-4099,2533,-3145,bf7df4fb,bbaa6d18,bd9d0317,3dccba17,bf7df4fb,bbaa6cfe,bd9d0316,3dccba13,1

7613,127,266,7,-2427,-37,15707,-4099,2543,-3150,bf7df542,bbb2a80e,bd9c57b6,3dcd1fb3,bf7df543,bbb2a7fa,bd9c57b7,3dcd1fb0,1

7614,129,271,13,-2454,19,15749,-4099,2543,-3150,bf7df4b7,bbc5d0df,bd9c1fcb,3dcd642a,bf7df4b7,bbc5d0cd,bd9c1fcc,3dcd6426,1

7615,139,281,17,-2394,-40,15704,-4103,2555,-3171,bf7df492,bbbc055e,bd9b2081,3dce399a,bf7df493,bbbc0550,bd9b2082,3dce3997,1

7616,137,287,14,-2386,-19,15716,-4093,2529,-3190,bf7df705,bbcb8a0a,bd9a32e2,3dce1bcb,bf7df706,bbcb89fa,bd9a32e2,3dce1bc8,1

7617,134,271,13,-2353,-19,15703,-4093,2529,-3190,bf7dfa0b,bbd4ad65,bd98ee19,3dce1694,bf7dfa0b,bbd4ad55,bd98ee18,3dce1690,1

7618,138,248,13,-2274,-60,15642,-4109,2535,-3177,bf7dfd98,bbcbfcd5,bd97458f,3dce4074,bf7dfd99,bbcbfcc4,bd97458f,3dce4071,1

7619,116,209,15,-2248,-93,15614,-4101,2505,-3248,bf7e037b,bbcc428c,bd95c5c5,3dcd8842,bf7e037b,bbcc427d,bd95c5c4,3dcd883e,1

7620,82,156,13,-2389,57,15710,-4101,2505,-3248,bf7e038d,bbe68b26,bd963715,3dcd140a,bf7e038d,bbe68b17,bd963714,3dcd1406,1

7621,99,131,17,-2463,111,15760,-4113,2555,-3213,bf7dff48,bbf6d8b8,bd973a2e,3dcd94f3,bf7dff48,bbf6d8a9,bd973a2d,3dcd94ef,1

7622,127,156,10,-2509,52,15791,-4083,2559,-3217,bf7dfa43,bbf62dc2,bd985c19,3dce4be9,bf7dfa43,bbf62db3,bd985c18,3dce4be5,1

7623,155,207,7,-2512,21,15787,-4083,2559,-3217,bf7df5cb,bbefe7cc,bd9949b5,3dcf0332,bf7df5cb,bbefe7be,bd9949b4,3dcf032e,1

7624,171,260,12,-2465,77,15747,-4087,2541,-3223,bf7df328,bbfcb0ca,bd99caa7,3dcf6396,bf7df328,bbfcb0bb,bd99caa6,3dcf6392,1

7625,190,291,10,-2361,18,15701,-4095,2553,-3195,bf7df308,bbf068b3,bd98c07a,3dd04039,bf7df308,bbf068a7,bd98c078,3dd04035,1

7626,201,291,12,-2296,-6,15681,-4041,2591,-3198,bf7df282,bbdce68b,bd97ab43,3dd14825,bf7df283,bbdce67f,bd97ab42,3dd14822,1

7627,201,261,12,-2181,-72,15623,-4041,2591,-3198,bf7df33b,bbc8fac8,bd965b90,3dd215f1,bf7df33b,bbc8fabd,bd965b8e,3dd215ed,1

7628,187,200,9,-2177,-5,15599,-4073,2579,-3247,bf7df456,bbbe4242,bd94d9b5,3dd2dd3c,bf7df456,bbbe4237,bd94d9b3,3dd2dd38,1

7629,179,131,16,-2241,-5,15651,-4053,2597,-3244,bf7df26b,bbb04d76,bd941c82,3dd4015b,bf7df26c,bbb04d6b,bd941c82,3dd40158,1

7630,173,77,14,-2323,-24,15693,-4053,2597,-3244,bf7dee13,bba2df37,bd944d68,3dd53643,bf7dee13,bba2df2c,bd944d66,3dd53640,1

7631,169,54,13,-2389,6,15725,-4073,2551,-3209,bf7deae3,bbb377ad,bd956a97,3dd55466,bf7deae4,bbb377a2,bd956a95,3dd55464,1

7632,183,58,14,-2355,4,15728,-4079,2531,-3218,bf7dea70,bbc8b9b8,bd95fdd9,3dd4fc1e,bf7dea71,bbc8b9ab,bd95fdd7,3dd4fc1c,1

7633,186,61,18,-2399,-7,15725,-4079,2531,-3218,bf7de882,bbd78d76,bd9711f4,3dd4be3e,bf7de881,bbd78d66,bd9711f1,3dd4be3a,1

7634,180,62,19,-2456,-9,15779,-4121,2595,-3195,bf7de304,bbcd8b71,bd980a8b,3dd5b973,bf7de305,bbcd8b65,bd980a8a,3dd5b971,1

7635,177,98,19,-2508,-20,15804,-4125,2569,-3228,bf7dde45,bbcdcddf,bd996a77,3dd626c7,bf7dde45,bbcdcdd3,bd996a75,3dd626c4,1

7636,178,145,18,-2444,35,15752,-4125,2569,-3228,bf7ddb01,bbd9f5d5,bd99fb8c,3dd6aa1d,bf7ddb01,bbd9f5c6,bd99fb8b,3dd6aa1a,1

7637,180,175,14,-2378,-40,15733,-4093,2575,-3255,bf7dd94c,bbca260b,bd9980cc,3dd79255,bf7dd94c,bbca25fd,bd9980cb,3dd79252,1

7638,167,189,13,-2401,36,15731,-4129,2541,-3235,bf7dda4f,bbe13011,bd996ed2,3dd73bd8,bf7dda4f,bbe13003,bd996ed1,3dd73bd5,1

7639,170,206,8,-2360,-4,15725,-4101,2545,-3242,bf7ddc23,bbe9b343,bd9896a2,3dd7427c,bf7ddc24,bbe9b337,bd9896a1,3dd7427a,1

7640,172,202,8,-2314,34,15715,-4101,2545,-3242,bf7ddeed,bbf669da,bd97508b,3dd7480f,bf7ddeed,bbf669cf,bd97508b,3dd7480c,1

7641,181,199,10,-2278,44,15686,-4055,2537,-3299,bf7de1b2,bbfe56ca,bd95d689,3dd775fb,bf7de1b1,bbfe56bf,bd95d689,3dd775f7,1

7642,198,176,7,-2259,-31,15673,-4093,2543,-3240,bf7de432,bbf0ea00,bd949e83,3dd7a15c,bf7de432,bbf0e9fa,bd949e84,3dd7a159,1

7643,203,137,5,-2324,-18,15694,-4093,2543,-3240,bf7de33b,bbed43fa,bd94f91c,3dd7af77,bf7de33b,bbed43f2,bd94f91c,3dd7af74,1

7644,190,113,4,-2325,-5,15719,-4079,2541,-3243,bf7de28c,bbefddfa,bd952b1b,3dd7bda6,bf7de28c,bbefddf2,bd952b1b,3dd7bda3,1

7645,187,108,4,-2351,5,15726,-4091,2581,-3199,bf7ddeba,bbe30a62,bd9570a2,3dd8baad,bf7ddeba,bbe30a5a,bd9570a1,3dd8baaa,1

7646,195,114,8,-2401,-5,15746,-4091,2581,-3199,bf7dda0d,bbd999c3,bd963bba,3dd99578,bf7dda0c,bbd999ba,bd963bb9,3dd99576,1

7647,196,129,6,-2365,6,15724,-4105,2573,-3192,bf7dd6d0,bbd9c5dc,bd96936a,3dda4a8a,bf7dd6d1,bbd9c5d4,bd96936a,3dda4a8a,1

7648,199,137,5,-2344,-22,15713,-4085,2551,-3243,bf7dd63f,bbdccb47,bd969afd,3dda6c6a,bf7dd63e,bbdccb3f,bd969afc,3dda6c68,1

7649,202,131,2,-2334,-27,15718,-4085,2551,-3243,bf7dd636,bbdc60df,bd96678d,3dda9291,bf7dd637,bbdc60d8,bd96678f,3dda9291,1

7650,193,124,2,-2312,25,15690,-4025,2543,-3237,bf7dd69f,bbe8f695,bd95d5ae,3ddacb91,bf7dd69f,bbe8f68c,bd95d5ae,3ddacb90,1

7651,201,110,5,-2281,-43,15683,-4075,2521,-3201,bf7ddb22,bbf191a4,bd95357f,3dd9e010,bf7ddb22,bbf1919b,bd95357f,3dd9e010,1

7652,189,89,-1,-2311,3,15708,-4099,2543,-3249,bf7ddbfc,bbfa7660,bd9519d8,3dd9a929,bf7ddbfd,bbfa765d,bd9519d9,3dd9a92a,1

7653,190,73,-2,-2308,-27,15685,-4099,2543,-3249,bf7ddc4b,bbf395bb,bd952542,3dd99260,bf7ddc4a,bbf395b7,bd952540,3dd9925f,1

7654,175,54,4,-2386,-40,15732,-4081,2517,-3256,bf7ddb92,bbfbbe81,bd9663d5,3dd8e390,bf7ddb92,bbfbbe7e,bd9663d3,3dd8e391,1

7655,173,60,9,-2437,7,15770,-4069,2563,-3256,bf7dd6a9,bbf523d5,bd9790a8,3dd98901,bf7dd6a9,bbf523d5,bd9790a6,3dd98902,1

7656,179,84,4,-2434,-8,15754,-4069,2563,-3256,bf7dd240,bbecae31,bd988847,3dda2e99,bf7dd240,bbecae33,bd988845,3dda2e9a,1

7657,173,115,5,-2455,-36,15762,-4071,2569,-3269,bf7dce0b,bbe08149,bd9961fe,3ddadb86,bf7dce0b,bbe0814c,bd9961fc,3ddadb87,1

7658,161,136,3,-2412,-62,15747,-4073,2517,-3225,bf7dcfbb,bbec187c,bd99e5fc,3dd9f544,bf7dcfbc,bbec1880,bd99e5fb,3dd9f546,1

7659,141,159,-2,-2410,-46,15734,-4073,2517,-3225,bf7dd1ce,bbf8623a,bd9a33ec,3dd91572,bf7dd1cf,bbf8623e,bd9a33eb,3dd91574,1

7660,131,187,-7,-2339,-78,15685,-4045,2539,-3265,bf7dd349,bbe68aee,bd994ff2,3dd95bba,bf7dd34a,bbe68af3,bd994ff1,3dd95bbb,1

7661,111,187,-6,-2307,65,15719,-4087,2575,-3253,bf7dd42b,bbed6570,bd97e52d,3dda10e7,bf7dd42c,bbed6574,bd97e52b,3dda10e8,1

7662,128,164,6,-2315,77,15701,-4087,2575,-3253,bf7dd3c8,bbf66483,bd96d560,3ddadfd4,bf7dd3c7,bbf66486,bd96d55d,3ddadfd3,1

7663,149,138,4,-2319,57,15682,-4065,2539,-3237,bf7dd525,bc055511,bd964f8b,3ddabf07,bf7dd524,bc055513,bd964f8a,3ddabf07,1

7664,159,128,-5,-2324,6,15707,-4057,2517,-3259,bf7dd810,bc0c2600,bd961802,3dd9fae5,bf7dd80f,bc0c2601,bd961803,3dd9fae5,1

7665,171,127,-4,-2341,-10,15720,-4057,2573,-3149,bf7dd5aa,bc02bc56,bd960851,3ddacfca,bf7dd5a9,bc02bc58,bd960852,3ddacfca,1

7666,169,118,4,-2315,-17,15699,-4057,2573,-3149,bf7dd3ae,bbf40c62,bd95c00d,3ddba810,bf7dd3ad,bbf40c66,bd95c00e,3ddba810,1

7667,166,102,12,-2313,29,15682,-4103,2537,-3136,bf7dd596,bc040d73,bd95a20d,3ddb17c1,bf7dd596,bc040d76,bd95a20f,3ddb17c2,1

7668,170,90,9,-2329,-53,15693,-4069,2529,-3233,bf7dd636,bbfce90c,bd95fd9e,3ddab86f,bf7dd636,bbfce90e,bd95fd9e,3ddab870,1

7669,162,77,7,-2414,-47,15756,-4069,2529,-3233,bf7dd415,bbfc014c,bd975217,3dda6cb9,bf7dd415,bbfc014d,bd975217,3dda6cba,1

7670,134,85,5,-2415,-4,15747,-4061,2571,-3227,bf7dcfbe,bbf1a0fe,bd97ffc5,3ddb4245,bf7dcfbf,bbf1a101,bd97ffc6,3ddb4247,1

7671,124,107,3,-2437,-18,15763,-4111,2597,-3183,bf7dcb49,bbe61ec4,bd989405,3ddc3143,bf7dcb4a,bbe61ec7,bd989406,3ddc3145,1

7672,115,142,5,-2452,47,15792,-4111,2597,-3183,bf7dc676,bbe900ae,bd992042,3ddd309a,bf7dc674,bbe900b1,bd992040,3ddd309b,1

7673,117,173,5,-2383,74,15742,-4103,2555,-3188,bf7dc72e,bc00da7f,bd98d135,3ddd16d9,bf7dc72d,bc00da82,bd98d135,3ddd16db,1

7674,144,176,3,-2339,99,15716,-4131,2547,-3251,bf7dc976,bc0cbd7d,bd982048,3ddccc3e,bf7dc977,bc0cbd80,bd982048,3ddccc42,1

7675,172,177,8,-2372,99,15731,-4131,2547,-3251,bf7dca83,bc17a0f8,bd97e160,3ddc8d91,bf7dca82,bc17a0f9,bd97e15e,3ddc8d93,1

7676,200,178,14,-2349,47,15707,-4143,2529,-3214,bf7dcdea,bc1f2e53,bd978873,3ddbbaa7,bf7dcde9,bc1f2e55,bd978872,3ddbbaa9,1

7677,227,181,15,-2315,13,15683,-4087,2545,-3224,bf7dcf3d,bc15d7ef,bd96ae60,3ddc08c0,bf7dcf3c,bc15d7f0,bd96ae60,3ddc08c2,1

7678,235,167,12,-2275,-7,15687,-4053,2541,-3217,bf7dd139,bc0c9aa1,bd959493,3ddc4e86,bf7dd139,bc0c9aa2,bd959494,3ddc4e88,1

7679,221,132,17,-2274,-1,15668,-4053,2541,-3217,bf7dd2e9,bc0644ef,bd94a58d,3ddc840c,bf7dd2e8,bc0644f0,bd94a58e,3ddc840d,1

7680,213,103,14,-2310,-66,15699,-4087,2547,-3289,bf7dd239,bbf67516,bd94ce87,3ddcb494,bf7dd239,bbf67518,bd94ce89,3ddcb495,1

7681,188,88,8,-2342,-23,15720,-4077,2549,-3244,bf7dd052,bbf20198,bd957a97,3ddcd161,bf7dd053,bbf2019b,bd957a99,3ddcd163,1

7682,173,85,5,-2356,-5,15726,-4077,2549,-3244,bf7dce7a,bbf69bfe,bd96295b,3ddcdd17,bf7dce7b,bbf69c02,bd96295d,3ddcdd18,1

7683,171,86,11,-2375,14,15744,-4119,2547,-3198,bf7dcdea,bc02d499,bd96d64d,3ddc7f43,bf7dcdea,bc02d49c,bd96d64d,3ddc7f43,1

7684,171,99,9,-2355,20,15720,-4101,2537,-3230,bf7dcee2,bc0a839d,bd970be8,3ddc0081,bf7dcee2,bc0a839f,bd970be8,3ddc0081,1

7685,168,94,13,-2376,-11,15734,-4101,2537,-3230,bf7dcea1,bc0a831f,bd97aebd,3ddba35b,bf7dcea0,bc0a831f,bd97aebc,3ddba35a,1

7686,167,100,14,-2459,3,15774,-4081,2539,-3196,bf7dcbba,bc0b9b07,bd98fb04,3ddb901b,bf7dcbbb,bc0b9b08,bd98fb04,3ddb901c,1

7687,165,129,8,-2431,44,15759,-4105,2593,-3189,bf7dc78e,bc060ed5,bd9940c0,3ddca1e9,bf7dc78d,bc060ed5,bd9940bf,3ddca1e8,1

7688,174,151,16,-2395,55,15762,-4105,2593,-3189,bf7dc465,bc0230da,bd98f673,3dddc660,bf7dc465,bc0230db,bd98f672,3dddc660,1

7689,192,171,13,-2376,21,15718,-4095,2555,-3144,bf7dc4cf,bc05e13f,bd98a95c,3dddd47f,bf7dc4ce,bc05e13e,bd98a95b,3dddd47e,1

7690,201,185,18,-2370,-5,15727,-4061,2497,-3104,bf7dc898,bc0e2809,bd988d9f,3ddcbcb7,bf7dc898,bc0e2809,bd988d9e,3ddcbcb6,1

7691,192,197,13,-2400,-37,15758,-4105,2579,-3132,bf7dc682,bc03c4cc,bd9887e9,3ddd73bc,bf7dc681,bc03c4cb,bd9887e9,3ddd73ba,1

7692,173,207,11,-2360,-1,15728,-4105,2579,-3132,bf7dc548,bbfac164,bd97f59d,3dde40ea,bf7dc547,bbfac162,bd97f59e,3dde40e8,1

7693,163,224,7,-2349,-5,15738,-4035,2539,-3166,bf7dc748,bc0012e5,bd9744bc,3dde2118,bf7dc748,bc0012e3,bd9744bd,3dde2116,1

7694,159,214,7,-2327,26,15713,-4151,2537,-3196,bf7dcaf9,bc0a0bfe,bd96b84f,3ddd5a52,bf7dcaf9,bc0a0bfc,bd96b850,3ddd5a50,1

7695,161,212,3,-2292,21,15710,-4151,2537,-3196,bf7dcfe7,bc11340f,bd95b318,3ddc8f46,bf7dcfe7,bc11340c,bd95b318,3ddc8f44,1

7696,160,201,4,-2300,1,15701,-4075,2573,-3170,bf7dcf02,bc08312e,bd950fdc,3ddd5659,bf7dcf03,bc08312a,bd950fdc,3ddd5658,1

7697,157,188,3,-2316,73,15732,-4079,2551,-3241,bf7dcf5e,bc0fff1e,bd94963f,3ddd7a10,bf7dcf5e,bc0fff1a,bd94963d,3ddd7a0e,1

7698,167,180,4,-2300,47,15701,-4079,2551,-3241,bf7dcf8d,bc109f54,bd940ab9,3dddc83b,bf7dcf8e,bc109f51,bd940ab7,3dddc83a,1

7699,177,171,2,-2286,16,15713,-4083,2549,-3188,bf7dd095,bc0cf280,bd93794c,3ddde6f6,bf7dd095,bc0cf27e,bd937949,3ddde6f4,1

7700,177,155,3,-2302,9,15697,-4133,2549,-3306,bf7dd115,bc0ce841,bd93a595,3ddda4ee,bf7dd115,bc0ce83e,bd93a592,3ddda4ec,1

7701,173,152,9,-2285,32,15710,-4133,2549,-3306,bf7dd2c3,bc10ba06,bd933f5d,3ddd6445,bf7dd2c3,bc10ba03,bd933f5c,3ddd6443,1

7702,173,136,7,-2286,22,15700,-4107,2513,-3171,bf7dd62a,bc190691,bd934614,3ddc4ed5,bf7dd62b,bc19068f,bd934615,3ddc4ed4,1

7703,164,126,6,-2274,66,15704,-4055,2517,-3180,bf7dd915,bc21b88a,bd92f30f,3ddb963d,bf7dd915,bc21b886,bd92f30f,3ddb963c,1

7704,182,106,2,-2301,51,15703,-4099,2587,-3262,bf7dd61b,bc186346,bd92f897,3ddc887f,bf7dd61b,bc186342,bd92f897,3ddc887e,1

7705,195,102,5,-2312,53,15726,-4099,2587,-3262,bf7dd2a8,bc102a65,bd931943,3ddd86a3,bf7dd2a8,bc102a62,bd931942,3ddd86a2,1

7706,208,103,6,-2321,-11,15712,-4101,2537,-3219,bf7dd26d,bc0dd5cd,bd93eb10,3ddd11de,bf7dd26d,bc0dd5ca,bd93eb10,3ddd11dd,1

7707,193,90,4,-2389,-25,15763,-4101,2531,-3128,bf7dd158,bc0e11c8,bd953930,3ddc7fea,bf7dd157,bc0e11c5,bd953930,3ddc7fe9,1

7708,168,102,4,-2364,-4,15748,-4101,2531,-3128,bf7dd1cc,bc110d2c,bd960a86,3ddbc87f,bf7dd1cd,bc110d2a,bd960a86,3ddbc880,1

7709,158,123,2,-2339,2,15729,-4083,2487,-3225,bf7dd53a,bc19cba7,bd963338,3dda9690,bf7dd53a,bc19cba5,bd963337,3dda9691,1

7710,150,133,1,-2313,7,15723,-4049,2555,-3256,bf7dd448,bc106a11,bd95c168,3ddb4424,bf7dd449,bc106a0f,bd95c167,3ddb4425,1

7711,143,130,3,-2337,40,15726,-4049,2555,-3256,bf7dd208,bc0bb206,bd95a09b,3ddc0d1b,bf7dd208,bc0bb204,bd95a099,3ddc0d1b,1

7712,161,135,6,-2347,53,15734,-4073,2485,-3192,bf7dd493,bc169a12,bd95c89f,3ddb191c,bf7dd494,bc169a11,bd95c89e,3ddb191d,1

7713,168,137,6,-2339,64,15738,-4077,2567,-3154,bf7dd213,bc122efb,bd9595d7,3ddc00cb,bf7dd212,bc122ef8,bd9595d4,3ddc00cb,1

7714,177,139,2,-2331,39,15725,-4077,2567,-3154,bf7dcfea,bc0c4b2f,bd9564c4,3ddcd09a,bf7dcfe9,bc0c4b2d,bd9564c1,3ddcd09a,1

7715,183,143,8,-2312,53,15735,-4091,2537,-3182,bf7dd215,bc145b2d,bd94ffa5,3ddc5fd8,bf7dd215,bc145b2d,bd94ffa3,3ddc5fd8,1

7716,184,147,-1,-2287,32,15711,-4055,2545,-3224,bf7dd2dc,bc0faa0e,bd9430c5,3ddcbe54,bf7dd2dc,bc0faa0c,bd9430c4,3ddcbe54,1

7717,185,138,6,-2387,1,15754,-4087,2549,-3191,bf7dd005,bc0c61d8,bd9543f4,3ddcde32,bf7dd006,bc0c61d9,bd9543f4,3ddcde32,1

7718,168,157,9,-2380,31,15781,-4087,2549,-3191,bf7dcdfb,bc0e3157,bd95fbc1,3ddcf39c,bf7dcdfa,bc0e3157,bd95fbc0,3ddcf39a,1

7719,166,186,5,-2349,1,15736,-4121,2541,-3204,bf7dcf56,bc0f6918,bd9625d9,3ddc6fe5,bf7dcf56,bc0f6919,bd9625d9,3ddc6fe4,1

7720,167,198,2,-2340,18,15730,-4055,2599,-3169,bf7dccdf,bc065389,bd95cab3,3ddd793d,bf7dccdf,bc06538a,bd95cab3,3ddd793c,1

7721,154,193,6,-2284,-34,15695,-4055,2599,-3169,bf7dcb73,bbf92989,bd952d06,3dde6284,bf7dcb74,bbf9298d,bd952d06,3dde6284,1

7722,130,201,8,-2304,29,15741,-4043,2527,-3279,bf7dce1d,bc06df36,bd949c03,3ddde910,bf7dce1c,bc06df35,bd949c03,3ddde90f,1

7723,123,193,6,-2247,86,15715,-4057,2527,-3233,bf7dd193,bc11d656,bd938fe0,3ddd82ec,bf7dd194,bc11d656,bd938fe1,3ddd82ed,1

7724,147,180,11,-2262,62,15706,-4057,2527,-3233,bf7dd4c1,bc1a2571,bd92bc16,3ddd0fce,bf7dd4c0,bc1a256e,bd92bc13,3ddd0fce,1

7725,155,155,11,-2285,54,15716,-4113,2607,-3261,bf7dd1f2,bc11bac9,bd927427,3dde240b,bf7dd1f2,bc11bac7,bd927424,3dde240b,1

7726,174,144,16,-2250,59,15697,-4051,2561,-3198,bf7dd116,bc0e6ff2,bd91b436,3ddee960,bf7dd116,bc0e6ff1,bd91b433,3ddee961,1

7727,180,136,13,-2316,65,15754,-4051,2561,-3198,bf7dcd91,bc0e9dfa,bd923c9e,3ddf8ffa,bf7dcd91,bc0e9dfa,bd923c9b,3ddf8ffb,1

7728,176,134,12,-2311,106,15727,-4099,2527,-3202,bf7dce93,bc1a0361,bd928059,3ddefbf8,bf7dce92,bc1a035f,bd928056,3ddefbf8,1

7729,201,132,13,-2266,63,15714,-4073,2521,-3172,bf7dd1aa,bc2231fd,bd9242d0,3dde2b4a,bf7dd1aa,bc2231fc,bd9242ce,3dde2b4b,1

7730,209,122,8,-2278,36,15717,-4077,2565,-3154,bf7dcfdc,bc18b07d,bd92298c,3ddedad1,bf7dcfdc,bc18b07c,bd92298b,3ddedad2,1

7731,212,109,8,-2306,40,15729,-4077,2565,-3154,bf7dcceb,bc124223,bd928f06,3ddf7f43,bf7dccea,bc124223,bd928f04,3ddf7f43,1

7732,207,113,8,-2314,-4,15722,-4061,2541,-3177,bf7dcbd8,bc0dd75f,bd934865,3ddf5ec4,bf7dcbd9,bc0dd761,bd934865,3ddf5ec5,1

7733,195,119,9,-2338,-33,15743,-4037,2535,-3201,bf7dca6f,bc07be81,bd9420a9,3ddf45c9,bf7dca6f,bc07be82,bd9420a9,3ddf45c9,1

7734,177,137,6,-2354,19,15776,-4037,2535,-3201,bf7dc97c,bc0bd4d6,bd94d722,3ddf072f,bf7dc97c,bc0bd4d6,bd94d722,3ddf072e,1

7735,164,154,9,-2324,22,15736,-4129,2511,-3270,bf7dcc85,bc1589f2,bd94e811,3dde053c,bf7dcc84,bc1589f1,bd94e811,3dde053b,1

7736,161,158,9,-2299,68,15750,-4057,2531,-3211,bf7dcf01,bc1d3968,bd9440c5,3dddaa26,bf7dcf00,bc1d3966,bd9440c5,3dddaa25,1

7737,174,164,16,-2304,39,15755,-4057,2531,-3211,bf7dd0cc,bc1cc7f6,bd93dcdb,3ddd6aad,bf7dd0cc,bc1cc7f5,bd93dcdd,3ddd6aad,1

7738,179,165,13,-2315,71,15734,-4065,2523,-3269,bf7dd23a,bc2451d2,bd93e61c,3ddce548,bf7dd239,bc2451d2,bd93e61c,3ddce547,1

7739,185,165,9,-2294,66,15721,-4093,2563,-3220,bf7dd0fd,bc1d596e,bd936f2c,3ddda41d,bf7dd0fc,bc1d596d,bd936f2d,3ddda41c,1

7740,189,164,10,-2299,61,15736,-4093,2563,-3220,bf7dcf67,bc17fe81,bd9325cc,3dde577e,bf7dcf68,bc17fe80,bd9325ce,3dde577f,1

7741,196,166,4,-2237,47,15707,-4087,2583,-3372,bf7dceaf,bc0f4cf8,bd924a24,3ddf3428,bf7dceae,bc0f4cf7,bd924a25,3ddf3427,1

7742,199,156,1,-2251,46,15700,-4011,2519,-3256,bf7dd1b2,bc162520,bd91b6b6,3ddea6e7,bf7dd1b1,bc16251f,bd91b6b8,3ddea6e7,1

7743,205,131,4,-2286,43,15721,-4071,2553,-3275,bf7dcfca,bc11db4c,bd91ecd5,3ddf19ce,bf7dcfca,bc11db4a,bd91ecd6,3ddf19d0,1

7744,214,129,4,-2286,-10,15721,-4071,2553,-3275,bf7dce53,bc087843,bd9227b0,3ddf75a8,bf7dce53,bc087841,bd9227b0,3ddf75aa,1

7745,200,130,1,-2264,-2,15721,-4091,2515,-3291,bf7dd1ff,bc0f9f56,bd921d96,3dde5efa,bf7dd1ff,bc0f9f55,bd921d97,3dde5efc,1

7746,182,131,-4,-2309,30,15749,-4113,2537,-3240,bf7dd2ab,bc154dae,bd92b05b,3dddbd97,bf7dd2aa,bc154dae,bd92b05b,3dddbd97,1

7747,186,134,-2,-2298,35,15730,-4113,2537,-3240,bf7dd401,bc1989a3,bd92f46e,3ddd22cf,bf7dd401,bc1989a5,bd92f46e,3ddd22d0,1

7748,181,144,4,-2324,-6,15762,-4053,2535,-3312,bf7dd2aa,bc115cd9,bd9373bf,3ddd4719,bf7dd2a9,bc115cda,bd9373bf,3ddd4719,1

7749,166,149,4,-2336,42,15760,-4075,2577,-3258,bf7dcf2c,bc0ac7e9,bd93a84f,3dde34ca,bf7dcf2d,bc0ac7eb,bd93a851,3dde34cc,1

7750,165,158,7,-2325,56,15765,-4075,2577,-3258,bf7dcbe2,bc073a14,bd93a424,3ddf2fea,bf7dcbe1,bc073a15,bd93a425,3ddf2fe9,1

7751,164,173,10,-2326,30,15749,-4055,2527,-3266,bf7dccd7,bc0f7391,bd93eed9,3ddea3fb,bf7dccd6,bc0f7391,bd93eeda,3ddea3fa,1

7752,167,191,9,-2316,91,15776,-4029,2555,-3266,bf7dcb19,bc129922,bd938a38,3ddf5d82,bf7dcb18,bc129922,bd938a39,3ddf5d81,1

7753,182,207,9,-2249,88,15723,-4029,2555,-3266,bf7dcbe0,bc132dab,bd923b77,3ddfff3f,bf7dcbe1,bc132dac,bd923b78,3ddfff40,1

7754,205,201,13,-2228,62,15714,-4095,2541,-3227,bf7dcfa4,bc1916b0,bd911df9,3ddf980a,bf7dcfa4,bc1916b2,bd911dfa,3ddf980b,1

7755,208,185,16,-2257,73,15719,-4061,2567,-3207,bf7dcdc4,bc14598b,bd90ad14,3de075ca,bf7dcdc4,bc14598d,bd90ad14,3de075cb,1

7756,222,177,11,-2188,82,15690,-4073,2583,-3220,bf7dcd64,bc0f4955,bd8f86af,3de15a50,bf7dcd65,bc0f4959,bd8f86af,3de15a52,1

7757,240,156,11,-2186,-95,15681,-4073,2583,-3220,bf7dccaa,bc01dbd7,bd8f2883,3de1eb2a,bf7dccaa,bc01dbda,bd8f2883,3de1eb2a,1

7758,201,127,6,-2188,-33,15703,-4071,2599,-3319,bf7dcafa,bbee4a3e,bd8ebbfd,3de2c072,bf7dcafb,bbee4a44,bd8ebbfe,3de2c073,1

7759,162,94,6,-2228,2,15710,-4063,2549,-3328,bf7dcb09,bbfa6703,bd8f05aa,3de280d9,bf7dcb0a,bbfa6708,bd8f05ab,3de280da,1

7760,156,65,2,-2341,66,15777,-4063,2549,-3328,bf7dc86c,bc05a284,bd904130,3de260d6,bf7dc86c,bc05a287,bd904131,3de260d6,1

7761,169,86,2,-2398,65,15797,-4089,2551,-3327,bf7dc57e,bc0c14ff,bd91a22a,3de2413c,bf7dc57e,bc0c1503,bd91a22b,3de2413c,1

7762,173,117,4,-2356,86,15782,-4071,2595,-3259,bf7dc050,bc0a5ecf,bd925bf5,3de340ec,bf7dc04f,bc0a5ed1,bd925bf5,3de340ec,1

7763,194,145,9,-2309,82,15753,-4071,2595,-3259,bf7dbc55,bc07df3a,bd925e9d,3de460e6,bf7dbc55,bc07df3c,bd925e9f,3de460e7,1

7764,232,170,17,-2367,106,15784,-4103,2501,-3248,bf7dbdc0,bc11ef43,bd92bd51,3de3a62e,bf7dbdbf,bc11ef46,bd92bd52,3de3a62e,1

7765,250,207,22,-2348,-4,15783,-4085,2597,-3323,bf7dba88,bc06eeee,bd92f2d7,3de4841c,bf7dba89,bc06eef3,bd92f2da,3de4841d,1

7766,245,241,24,-2322,38,15786,-4085,2597,-3323,bf7db755,bbffa64c,bd92c86f,3de59267,bf7db755,bbffa651,bd92c870,3de59267,1

7767,245,263,20,-2288,3,15767,-4107,2561,-3243,bf7db950,bc0343e7,bd9263a3,3de53e90,bf7db94f,bc0343e9,bd9263a2,3de53e90,1

7768,242,269,22,-2101,30,15642,-4089,2597,-3254,bf7dbb97,bbfb69aa,bd908cb4,3de5d465,bf7dbb97,bbfb69ab,bd908cb4,3de5d466,1

7769,250,223,26,-2033,-54,15618,-4055,2577,-3284,bf7dbe59,bbeb3aa1,bd8edc04,3de63175,bf7dbe58,bbeb3aa2,bd8edc03,3de63175,1

7770,225,140,20,-2146,-28,15677,-4055,2577,-3284,bf7dbf1d,bbdd800f,bd8dbd34,3de6ba04,bf7dbf1d,bbdd800e,bd8dbd34,3de6ba04,1

7771,195,91,7,-2066,108,15634,-4071,2595,-3295,bf7dc048,bbe78253,bd8c6c66,3de72b85,bf7dc048,bbe78253,bd8c6c66,3de72b85,1

7772,203,36,-8,-2168,19,15693,-4089,2551,-3283,bf7dc233,bbfb5d64,bd8c8175,3de68359,bf7dc233,bbfb5d63,bd8c8175,3de68359,1

7773,206,1,-12,-2280,1,15769,-4089,2551,-3283,bf7dc065,bc029936,bd8e0120,3de60ca1,bf7dc065,bc029935,bd8e0120,3de60ca1,1

7774,206,10,-10,-2318,10,15779,-4021,2521,-3234,bf7dbf6c,bc0958b6,bd8f67a0,3de56299,bf7dbf6d,bc0958b7,bd8f67a1,3de5629a,1

7775,204,26,-15,-2432,-79,15846,-4057,2569,-3293,bf7dbb45,bc02ee4a,bd91019c,3de595d5,bf7dbb45,bc02ee4b,bd91019c,3de595d5,1

7776,178,75,-19,-2456,-87,15845,-4057,2569,-3293,bf7db761,bbfaf0a9,bd927fd1,3de5c24c,bf7db762,bbfaf0ac,bd927fd2,3de5c24d,1

7777,146,138,-24,-2446,32,15848,-4067,2565,-3284,bf7db431,bc021b2f,bd93cfe0,3de5c265,bf7db432,bc021b32,bd93cfe1,3de5c266,1

7778,155,209,-23,-2426,126,15822,-4105,2571,-3250,bf7db2c2,bc0c70a7,bd946c4e,3de5aa5c,bf7db2c2,bc0c70ab,bd946c4e,3de5aa5c,1

7779,203,279,7,-2417,24,15842,-4105,2571,-3250,bf7db061,bc0c9b8e,bd95304d,3de5d2e6,bf7db061,bc0c9b90,bd95304c,3de5d2e5,1

7780,242,338,31,-2341,104,15808,-4099,2609,-3249,bf7dadfd,bc0a7ccc,bd945c21,3de709d2,bf7dadfd,bc0a7ccc,bd945c20,3de709d1,1

7781,253,377,43,-2167,-135,15693,-4097,2533,-3323,bf7db415,bc006762,bd927dbe,3de6a604,bf7db416,bc006763,bd927dbe,3de6a604,1

7782,204,378,53,-2257,-148,15740,-4085,2555,-3245,bf7db630,bbe6710d,bd91c0d9,3de6a53b,bf7db630,bbe6710d,bd91c0d8,3de6a53a,1

7783,150,390,41,-2138,-9,15696,-4085,2555,-3245,bf7dbbdf,bbee2ffc,bd8f93ec,3de66a7e,bf7dbbe0,bbee2ffc,bd8f93eb,3de66a7e,1

7784,121,364,13,-2194,-6,15741,-4113,2559,-3298,bf7dc09b,bbfc3d37,bd8e2d9d,3de5ec03,bf7dc09a,bbfc3d36,bd8e2d9c,3de5ec01,1

7785,127,347,8,-2192,-59,15736,-4123,2587,-3387,bf7dc0fe,bbe8bc28,bd8d4b0b,3de670ce,bf7dc0fd,bbe8bc25,bd8d4b0b,3de670cc,1

7786,104,351,12,-2159,-16,15730,-4123,2587,-3387,bf7dc270,bbe30c6b,bd8bd669,3de6f391,bf7dc271,bbe30c69,bd8bd66a,3de6f391,1

7787,93,332,13,-2097,-33,15719,-4097,2491,-3246,bf7dc844,bbf845b7,bd8adeb3,3de5d8ca,bf7dc845,bbf845b4,bd8adeb4,3de5d8ca,1

7788,74,303,10,-2053,59,15674,-4035,2553,-3360,bf7dcc28,bc0327c1,bd88f36b,3de5dd34,bf7dcc29,bc0327bf,bd88f36c,3de5dd34,1

7789,80,259,7,-2039,51,15657,-4035,2553,-3360,bf7dcfa4,bc07faed,bd8724a9,3de5ed6c,bf7dcfa5,bc07faeb,bd8724aa,3de5ed6c,1

7790,83,230,3,-2189,81,15767,-4065,2545,-3205,bf7dcf92,bc12e98f,bd87b3e7,3de58311,bf7dcf92,bc12e98c,bd87b3e7,3de58310,1

7791,89,221,11,-2087,-10,15714,-4121,2553,-3337,bf7dd305,bc0eaffa,bd86fe72,3de50498,bf7dd305,bc0eaff7,bd86fe72,3de50497,1

7792,81,231,8,-2211,36,15779,-4121,2553,-3337,bf7dd1c9,bc143a72,bd87ff0c,3de4b614,bf7dd1c9,bc143a6e,bd87ff0c,3de4b614,1

7793,88,213,28,-2081,213,15724,-4077,2557,-3226,bf7dd31d,bc22041d,bd8733e9,3de4ab27,bf7dd31e,bc22041a,bd8733e9,3de4ab27,1

7794,131,190,47,-2049,51,15684,-4085,2553,-3207,bf7dd622,bc1f2c08,bd85e798,3de49fb7,bf7dd621,bc1f2c02,bd85e797,3de49fb5,1

7795,164,156,58,-1956,211,15639,-4107,2541,-3336,bf7dd8be,bc298023,bd84c609,3de47189,bf7dd8bf,bc29801f,bd84c609,3de47188,1

7796,200,91,67,-2023,283,15665,-4107,2541,-3336,bf7dd970,bc35acea,bd846b08,3de44f54,bf7dd970,bc35ace6,bd846b08,3de44f52,1

7797,305,43,85,-2135,158,15699,-4089,2571,-3177,bf7dd485,bc34cbd5,bd859c9a,3de4fe1c,bf7dd485,bc34cbd1,bd859c9a,3de4fe1a,1

7798,382,31,97,-2128,-157,15680,-4091,2589,-3305,bf7dd1b6,bc23c49d,bd8635a6,3de59ebf,bf7dd1b5,bc23c499,bd8635a5,3de59ebc,1

7799,340,40,56,-2022,-608,15659,-4091,2589,-3305,bf7dd07a,bc12e5d0,bd867cf6,3de5f9e7,bf7dd079,bc12e5cc,bd867cf5,3de5f9e4,1

7800,183,54,-9,-2191,-144,15809,-4037,2545,-3263,bf7dcebe,bc080109,bd878721,3de5f2d3,bf7dcebf,bc080107,bd878721,3de5f2d3,1

7801,61,123,-59,-2052,-52,15589,-4073,2543,-3297,bf7dd2f2,bc03183f,bd86e861,3de532b6,bf7dd2f2,bc03183e,bd86e861,3de532b6,1

7802,43,130,-42,-2210,473,15721,-4073,2543,-3297,bf7dd324,bc135761,bd870f51,3de4e62b,bf7dd325,bc135762,bd870f51,3de4e62b,1

7803,129,140,5,-1676,-332,15451,-4069,2585,-3248,bf7dd4d1,bc0953a0,bd85fef4,3de52814,bf7dd4d0,bc0953a0,bd85fef3,3de52812,1

7804,107,42,38,-2049,-3,15729,-4073,2557,-3341,bf7dd5cb,bc048454,bd8569fd,3de54528,bf7dd5cb,bc048453,bd8569fc,3de54527,1

7805,70,-42,35,-2393,8,15870,-4073,2557,-3341,bf7dd11e,bc0825cf,bd876f83,3de55871,bf7dd11f,bc0825ce,bd876f82,3de55871,1

7806,66,24,29,-2044,120,15669,-4093,2555,-3291,bf7dd2a1,bc1538d0,bd86db68,3de52456,bf7dd2a1,bc1538ce,bd86db67,3de52455,1

7807,88,22,35,-2303,87,15831,-4075,2515,-3290,bf7dd0b5,bc1ed8a7,bd88547e,3de4b339,bf7dd0b6,bc1ed8a6,bd88547d,3de4b339,1

7808,101,43,53,-2018,30,15643,-4105,2563,-3302,bf7dd253,bc1a461c,bd873062,3de4fa06,bf7dd254,bc1a461b,bd873061,3de4fa06,1

7809,67,8,68,-2162,-174,15743,-4105,2563,-3302,bf7dcfe3,bc103552,bd87f86d,3de54af7,bf7dcfe4,bc103551,bd87f86c,3de54af7,1

7810,34,-22,96,-2222,16,15776,-4095,2563,-3212,bf7dcb6c,bc126d23,bd89a27e,3de58346,bf7dcb6c,bc126d23,bd89a27d,3de58345,1

7811,42,-20,116,-2238,247,15776,-4083,2559,-3261,bf7dc86c,bc21e2d2,bd8a695e,3de5b667,bf7dc86c,bc21e2d1,bd8a695d,3de5b666,1

7812,73,-1,90,-2335,169,15800,-4083,2559,-3261,bf7dc3db,bc2ba6f5,bd8bf202,3de5ef45,bf7dc3dc,bc2ba6f5,bd8bf202,3de5ef44,1

7813,89,30,65,-2227,19,15753,-4135,2547,-3317,bf7dc2c6,bc29834b,bd8d0ecf,3de59424,bf7dc2c6,bc298348,bd8d0ece,3de59422,1

7814,71,50,59,-2285,157,15766,-4021,2527,-3272,bf7dc0c4,bc35e90d,bd8dfc65,3de5697b,bf7dc0c5,bc35e90a,bd8dfc65,3de5697a,1

7815,80,68,40,-2260,180,15777,-4021,2527,-3272,bf7dbfde,bc42fd50,bd8e6ee0,3de53747,bf7dbfdf,bc42fd4d,bd8e6ee0,3de53746,1

7816,98,98,16,-2218,151,15765,-4075,2507,-3257,bf7dc2ae,bc4ee2a9,bd8e53dd,3de456b2,bf7dc2ae,bc4ee2a6,bd8e53db,3de456b0,1

7817,119,106,8,-2210,150,15748,-4059,2541,-3229,bf7dc384,bc4e281c,bd8db58a,3de48033,bf7dc384,bc4e2819,bd8db588,3de48031,1

7818,133,112,7,-2187,150,15730,-4059,2541,-3229,bf7dc502,bc4d5bb2,bd8cdb95,3de49fb6,bf7dc502,bc4d5baf,bd8cdb94,3de49fb4,1

7819,144,106,9,-2174,152,15713,-4131,2525,-3291,bf7dc8c8,bc5602df,bd8c6ea9,3de3b673,bf7dc8c8,bc5602dc,bd8c6ea8,3de3b671,1

7820,148,102,16,-2254,137,15777,-4087,2591,-3224,bf7dc518,bc4d13f5,bd8cc1f9,3de4aa60,bf7dc517,bc4d13f1,bd8cc1f7,3de4aa5d,1

7821,156,101,11,-2197,115,15727,-4121,2559,-3174,bf7dc4eb,bc465763,bd8ca44a,3de4e112,bf7dc4ea,bc46575f,bd8ca449,3de4e10f,1

7822,183,96,18,-2210,130,15745,-4121,2559,-3174,bf7dc44c,bc447ee4,bd8cca0a,3de4fbd5,bf7dc44d,bc447ee1,bd8cca0c,3de4fbd4,1

7823,187,98,24,-2224,45,15748,-4057,2531,-3254,bf7dc42a,bc3b007c,bd8d56cd,3de4ce76,bf7dc429,bc3b0075,bd8d56cd,3de4ce73,1

7824,177,100,35,-2193,76,15728,-4095,2531,-3285,bf7dc768,bc3b1950,bd8d202c,3de40976,bf7dc768,bc3b194b,bd8d202a,3de40973,1

7825,164,98,47,-2201,54,15741,-4095,2531,-3285,bf7dc996,bc368982,bd8d3562,3de36f7c,bf7dc997,bc36897d,bd8d3561,3de36f7a,1

7826,173,97,62,-2252,67,15757,-4079,2473,-3227,bf7dcbb0,bc3ef204,bd8dc4c3,3de26440,bf7dcbb0,bc3ef1ff,bd8dc4c2,3de2643d,1

7827,187,99,81,-2268,142,15748,-4113,2521,-3251,bf7dcba7,bc4790b2,bd8e7bf4,3de1d5d6,bf7dcba7,bc4790aa,bd8e7bf4,3de1d5d3,1

7828,193,105,105,-2390,272,15544,-4113,2521,-3251,bf7dc90a,bc5103b9,bd8f90cd,3de1c07c,bf7dc90a,bc5103b2,bd8f90cd,3de1c079,1

7829,248,107,106,-691,631,15010,-4099,2559,-3261,bf7dcba3,bc51f7a9,bd8df4b4,3de20602,bf7dcba3,bc51f7a3,bd8df4b4,3de205ff,1

7830,366,-204,69,-2228,-395,15745,-4103,2541,-3290,bf7dc917,bc411c25,bd8f0d60,3de2489d,bf7dc917,bc411c1f,bd8f0d60,3de2489a,1

7831,285,-436,69,-1826,-603,15360,-4103,2541,-3290,bf7dc6d0,bc3327b6,bd8ff4f8,3de286fb,bf7dc6d0,bc3327b0,bd8ff4f8,3de286f8,1

7832,124,-415,90,-2783,672,16057,-4135,2581,-3170,bf7dbffd,bc406396,bd9250b7,3de2c23c,bf7dbffc,bc40638e,bd9250b7,3de2c238,1

7833,148,-362,109,-2892,-242,16232,-4089,2601,-3270,bf7db830,bc39c520,bd94dc3c,3de35e85,bf7db82f,bc39c519,bd94dc3c,3de35e81,1

7834,126,-105,110,-3053,26,16211,-4065,2511,-3271,bf7db233,bc3c6565,bd971b24,3de3862c,bf7db234,bc3c655f,bd971b25,3de3862a,1

7835,114,96,50,-2334,187,15645,-4065,2511,-3271,bf7db3a4,bc4975da,bd96f02b,3de30ef8,bf7db3a4,bc4975d4,bd96f02b,3de30ef5,1

7836,131,215,-6,-2497,55,15814,-4091,2589,-3191,bf7db040,bc4130cb,bd977c22,3de3c06f,bf7db040,bc4130c6,bd977c22,3de3c06c,1

7837,124,222,-17,-2115,142,15574,-4085,2551,-3252,bf7db4a4,bc41951c,bd958663,3de3d1b0,bf7db4a5,bc419517,bd958664,3de3d1ae,1

7838,144,187,7,-2243,310,15702,-4085,2551,-3252,bf7db69c,bc4cf111,bd946839,3de3d8cc,bf7db69c,bc4cf10a,bd94683a,3de3d8c9,1

7839,224,161,29,-2362,372,15762,-4075,2549,-3214,bf7db5f4,bc58c568,bd9453c7,3de3e94e,bf7db5f5,bc58c562,bd9453c9,3de3e94c,1

7840,320,188,40,-2514,113,15862,-4047,2555,-3190,bf7db1e6,bc506e46,bd958373,3de462b3,bf7db1e6,bc506e3d,bd958373,3de462b1,1

7841,320,254,28,-2431,-79,15830,-4047,2555,-3190,bf7db0bc,bc40ed01,bd95bdd5,3de4c5b9,bf7db0bc,bc40ecf8,bd95bdd5,3de4c5b7,1

7842,289,307,17,-2645,-28,15912,-4093,2547,-3215,bf7dae53,bc39a414,bd96cfbd,3de4d4ff,bf7dae53,bc39a40c,bd96cfbd,3de4d4fd,1

7843,244,368,-12,-2092,-74,15626,-4059,2545,-3263,bf7db2f8,bc2eadf8,bd94eb1c,3de4eadf,bf7db2f9,bc2eadf1,bd94eb1d,3de4eadd,1

7844,209,349,25,-2187,-107,15679,-4059,2545,-3263,bf7db61d,bc21c288,bd93859d,3de519a4,bf7db61c,bc21c281,bd93859c,3de519a0,1

7845,148,319,27,-2075,-92,15643,-4117,2551,-3234,bf7dbab2,bc19b795,bd91a6fc,3de51d20,bf7dbab2,bc19b78e,bd91a6fc,3de51d1d,1

7846,78,253,31,-2131,80,15604,-4093,2561,-3225,bf7dbe89,bc1d81f9,bd8fba2c,3de539ea,bf7dbe88,bc1d81f1,bd8fba2b,3de539e6,1

7847,53,199,23,-2210,348,15725,-4093,2561,-3225,bf7dbf55,bc2cebef,bd8f1de0,3de536e1,bf7dbf54,bc2cebe8,bd8f1de0,3de536dd,1

7848,117,164,8,-2412,-26,15922,-4111,2561,-3227,bf7dbc73,bc279aee,bd904e1c,3de5544c,bf7dbc72,bc279ae7,bd904e1c,3de55448,1

7849,90,204,-17,-1972,50,15587,-4063,2557,-3224,bf7dc07b,bc25fe00,bd8e6c14,3de568bf,bf7dc07b,bc25fdfa,bd8e6c15,3de568bc,1

7850,96,146,23,-2397,223,15815,-4113,2539,-3241,bf7dbf1c,bc323bb5,bd8f3c2d,3de523ca,bf7dbf1c,bc323baf,bd8f3c2e,3de523c7,1

7851,147,188,21,-2368,101,15857,-4113,2539,-3241,bf7dbdc5,bc37fef7,bd904dd4,3de4c46d,bf7dbdc5,bc37fef3,bd904dd4,3de4c46a,1

7852,150,226,26,-2354,59,15841,-4067,2517,-3280,bf7dbd9e,bc3ac05c,bd9140d0,3de42c6b,bf7dbd9d,bc3ac057,bd9140d0,3de42c67,1

7853,138,273,27,-2360,69,15843,-4095,2563,-3226,bf7dbb01,bc34cd19,bd91caa5,3de4a1a2,bf7dbb02,bc34cd15,bd91caa6,3de4a19f,1

7854,123,317,21,-2233,20,15753,-4095,2563,-3226,bf7dbc7f,bc2ad371,bd90adcc,3de50aef,bf7dbc7f,bc2ad36b,bd90adcc,3de50aec,1

7855,102,329,12,-2241,-96,15745,-4063,2631,-3261,bf7dbba0,bc1fe6d5,bd8ffe2d,3de5d698,bf7dbb9f,bc1fe6cf,bd8ffe2d,3de5d694,1

7856,42,335,20,-2222,191,15734,-4093,2563,-3266,bf7dbd47,bc2da1f4,bd8ee31b,3de5ea84,bf7dbd46,bc2da1ee,bd8ee31b,3de5ea80,1

7857,42,339,33,-2414,53,15862,-4093,2563,-3266,bf7dba5e,bc2da92c,bd8fbe82,3de62eec,bf7dba60,bc2da92a,bd8fbe84,3de62eeb,1

7858,82,345,6,-2341,224,15851,-4093,2551,-3239,bf7dba7d,bc3ab7ff,bd8faee7,3de60770,bf7dba7d,bc3ab7fc,bd8faee6,3de6076d,1

7859,143,379,23,-2430,271,15926,-4085,2579,-3312,bf7db78a,bc4288d0,bd90109c,3de6808a,bf7db78b,bc4288cc,bd90109d,3de68088,1

7860,217,461,0,-2285,196,15818,-4085,2579,-3312,bf7db623,bc41e668,bd8f2258,3de779a7,bf7db622,bc41e662,bd8f2258,3de779a3,1

7861,276,510,-13,-2398,364,15916,-4065,2539,-3276,bf7db762,bc4b3bb9,bd8ebb5a,3de741b3,bf7db763,bc4b3bb5,bd8ebb5b,3de741b1,1

7862,381,564,-37,-1967,229,15712,-4107,2605,-3262,bf7dbc48,bc43e2ba,bd8c0c00,3de7a706,bf7dbc48,bc43e2b5,bd8c0c01,3de7a703,1

7863,454,505,-6,-1660,26,15465,-4045,2599,-3285,bf7dc10b,bc36a799,bd89aac8,3de7f1e6,bf7dc10b,bc36a795,bd89aac9,3de7f1e3,1

7864,387,312,15,-1959,112,15620,-4045,2599,-3285,bf7dc2cb,bc2b09b1,bd87f314,3de89dd6,bf7dc2ca,bc2b09ab,bd87f315,3de89dd2,1

7865,384,217,17,-2287,-13,15865,-4047,2585,-3275,bf7dbfaf,bc1d8c6f,bd88c63a,3de9213a,bf7dbfae,bc1d8c6a,bd88c63b,3de92136,1

7866,357,274,18,-2172,-233,15800,-4095,2571,-3295,bf7dbfb0,bc0c4ed2,bd88c20f,3de94f5c,bf7dbfaf,bc0c4ecd,bd88c210,3de94f58,1

7867,239,309,16,-2143,-175,15827,-4095,2571,-3295,bf7dc040,bbfb2b35,bd8876e6,3de97587,bf7dc041,bbfb2b2d,bd8876e8,3de97584,1

7868,136,337,20,-2189,-78,15787,-4093,2593,-3319,bf7dbe6e,bbe82b4a,bd888e46,3de9fa31,bf7dbe6e,bbe82b42,bd888e48,3de9fa2d,1

7869,83,388,14,-2005,-120,15712,-4117,2563,-3221,bf7dc454,bbdd0448,bd8695c5,3de98f7a,bf7dc454,bbdd0442,bd8695c7,3de98f76,1

7870,34,393,-8,-2011,154,15742,-4117,2563,-3221,bf7dc848,bbf9aaf2,bd853023,3de92d1f,bf7dc848,bbf9aaeb,bd853024,3de92d1b,1

7871,7,365,-30,-1795,-132,15607,-4059,2607,-3291,bf7dcb06,bbed19e9,bd83531f,3de98967,bf7dcb07,bbed19e3,bd835321,3de98964,1

7872,-57,300,-39,-2106,249,15791,-4011,2555,-3323,bf7dcbee,bc08427c,bd82f626,3de95812,bf7dcbee,bc084279,bd82f627,3de9580e,1

7873,-48,279,-39,-1965,225,15687,-4011,2555,-3323,bf7dce53,bc187829,bd81bd52,3de93786,bf7dce55,bc187828,bd81bd54,3de93784,1

7874,-5,277,-39,-1829,-133,15608,-4055,2581,-3284,bf7dd085,bc109313,bd8065ce,3de970d9,bf7dd085,bc109311,bd8065cf,3de970d5,1

7875,-37,230,-19,-2108,905,15820,-4069,2519,-3250,bf7dd183,bc22616d,bd801204,3de92b61,bf7dd183,bc22616b,bd801205,3de92b5d,1

7876,93,231,-33,-1944,110,15784,-4093,2583,-3278,bf7dd308,bc21b11f,bd7d11e1,3de99a14,bf7dd308,bc21b11c,bd7d11e3,3de99a10,1

7877,153,224,-18,-1944,277,15726,-4093,2583,-3278,bf7dd3c2,bc2dee58,bd7b6870,3de9b6fb,bf7dd3c3,bc2dee55,bd7b6872,3de9b6f8,1

7878,165,193,-26,-1890,100,15668,-4045,2605,-3235,bf7dd2f7,bc253198,bd7988cf,3dea877e,bf7dd2f8,bc253195,bd7988d1,3dea877b,1

7879,160,146,-57,-1976,204,15873,-3951,2545,-3275,bf7dd2e4,bc30c1a5,bd7929d3,3dea8463,bf7dd2e5,bc30c1a1,bd7929d3,3dea8460,1

7880,124,132,-79,-1871,123,15766,-3951,2545,-3275,bf7dd550,bc2e3ede,bd764af7,3deaa643,bf7dd54f,bc2e3ed6,bd764af5,3deaa63e,1

7881,110,127,-82,-1966,67,15714,-4031,2535,-3175,bf7dd732,bc3093e5,bd783177,3de99c3a,bf7dd732,bc3093dc,bd783179,3de99c37,1

7882,93,94,-96,-2023,218,15808,-4043,2517,-3249,bf7dd8a0,bc3e1def,bd795666,3de8bfd0,bf7dd8a1,bc3e1de7,bd795667,3de8bfce,1

7883,80,94,-135,-2042,-39,15770,-4043,2517,-3249,bf7dd9d4,bc38170a,bd7baa72,3de7de87,bf7dd9d4,bc381700,bd7baa72,3de7de83,1

7884,-1,120,-206,-1984,235,15759,-4041,2551,-3208,bf7ddb72,bc47bd14,bd7b792f,3de7466b,bf7ddb73,bc47bd0c,bd7b7930,3de74668,1

7885,-19,121,-239,-1976,345,15744,-4003,2601,-3331,bf7dd975,bc4f1329,bd7a62b5,3de803bb,bf7dd975,bc4f1320,bd7a62b4,3de803b7,1

7886,50,108,-215,-2007,454,15754,-4003,2601,-3331,bf7dd76e,bc5b4fcc,bd7a0f8f,3de87a6d,bf7dd76f,bc5b4fc3,bd7a0f8f,3de87a6a,1

7887,140,103,-177,-1946,226,15711,-4025,2529,-3258,bf7ddb0c,bc64592c,bd793cc7,3de79320,bf7ddb0d,bc645923,bd793cc5,3de7931d,1

7888,194,69,-111,-2008,287,15736,-4105,2551,-3258,bf7dda8b,bc6dfd64,bd7ab5a8,3de729df,bf7dda8b,bc6dfd59,bd7ab5a6,3de729db,1

7889,225,44,-81,-2079,347,15796,-4039,2567,-3256,bf7dd616,bc724ee3,bd7cff63,3de7b1b6,bf7dd616,bc724ed9,bd7cff62,3de7b1b3,1

7890,286,60,-64,-2134,124,15652,-4039,2567,-3256,bf7dd334,bc66f899,bd7f6db4,3de7ff87,bf7dd334,bc66f88f,bd7f6db3,3de7ff84,1

7891,287,88,-49,-2230,16,15909,-3989,2567,-3220,bf7dd099,bc5a93a5,bd80cce7,3de84be8,bf7dd09a,bc5a939c,bd80cce7,3de84be7,1

7892,231,141,-35,-2297,-1,15933,-4071,2527,-3262,bf7dcedc,bc53f268,bd82454f,3de80c11,bf7dcedd,bc53f25e,bd82454f,3de80c10,1

7893,205,244,-16,-2191,228,15878,-4071,2527,-3262,bf7dce69,bc5b23f3,bd831e0a,3de796c8,bf7dce68,bc5b23e7,bd831e09,3de796c6,1

7894,209,309,-16,-2217,300,15917,-4061,2563,-3206,bf7dcbc1,bc60e497,bd83cb4d,3de7d873,bf7dcbc2,bc60e48d,bd83cb4d,3de7d872,1

7895,289,377,-24,-2052,122,15779,-4043,2539,-3204,bf7dce8c,bc530f78,bd82d977,3de7d1e6,bf7dce8c,bc530f6d,bd82d976,3de7d1e4,1

7896,300,399,-15,-991,-382,15089,-4043,2539,-3204,bf7dd35b,bc47e0a1,bd80c735,3de7d179,bf7dd35b,bc47e096,bd80c734,3de7d177,1

7897,218,234,-2,-1797,538,15657,-4053,2573,-3232,bf7dd555,bc510e73,bd7ec5c0,3de7eb85,bf7dd556,bc510e69,bd7ec5bf,3de7eb84,1

7898,229,182,8,-1833,-58,15684,-4089,2563,-3242,bf7dd710,bc43b6ee,bd7cfad1,3de81e81,bf7dd711,bc43b6e3,bd7cfad1,3de81e80,1

7899,250,150,25,-1943,-123,15754,-4089,2563,-3242,bf7dd739,bc34a550,bd7cbb3b,3de855a9,bf7dd739,bc34a544,bd7cbb39,3de855a7,1

7900,209,128,26,-2052,169,15836,-4091,2587,-3202,bf7dd2c2,bc343104,bd7e4de2,3de920dd,bf7dd2c2,bc3430fb,bd7e4de2,3de920db,1

7901,194,144,27,-2011,141,15770,-4041,2601,-3292,bf7dcf0e,bc2bd876,bd7e20a3,3dea47ed,bf7dcf0e,bc2bd86e,bd7e20a3,3dea47ec,1

7902,188,153,39,-1944,317,15801,-4017,2575,-3276,bf7dceb0,bc368436,bd7c6e87,3deab607,bf7dceb0,bc36842e,bd7c6e87,3deab606,1

7903,194,155,42,-1930,331,15753,-4017,2575,-3276,bf7dce1d,bc40cc5d,bd7ab613,3deb32bb,bf7dce1e,bc40cc55,bd7ab615,3deb32bb,1

7904,257,170,38,-2102,75,15746,-4039,2577,-3222,bf7dca76,bc379110,bd7cd877,3debba16,bf7dca76,bc379107,bd7cd878,3debba15,1

7905,256,209,41,-1917,-341,15703,-4015,2547,-3238,bf7dcae1,bc27fc9c,bd7c6bf7,3debe91c,bf7dcae1,bc27fc93,bd7c6bf9,3debe91b,1

7906,128,198,60,-2076,-8,15875,-4015,2547,-3238,bf7dc905,bc213169,bd7e55cf,3debf848,bf7dc906,bc213162,bd7e55d2,3debf848,1

7907,18,219,79,-2071,-372,15817,-4025,2597,-3256,bf7dc734,bc171a6c,bd7e71c0,3dec8849,bf7dc734,bc171a65,bd7e71c2,3dec8848,1

7908,-144,268,86,-2151,-10,15919,-4021,2555,-3236,bf7dc458,bc19f62c,bd803885,3decbb69,bf7dc457,bc19f624,bd803886,3decbb67,1

7909,-242,324,119,-2386,215,16031,-4021,2555,-3236,bf7dc11c,bc28f506,bd80fc3b,3ded05e0,bf7dc11d,bc28f500,bd80fc3d,3ded05e0,1

7910,-231,474,117,-2609,354,16157,-3951,2547,-3242,bf7dbe4c,bc377044,bd8161eb,3ded6444,bf7dbe4b,bc37703e,bd8161eb,3ded6442,1

7911,-188,717,103,-2177,126,16043,-4015,2613,-3320,bf7dbb6b,bc35a638,bd806b2a,3deeb3b1,bf7dbb6c,bc35a634,bd806b2b,3deeb3b1,1

7912,-213,851,114,-1952,281,15883,-4015,2613,-3320,bf7dbc0f,bc3d997d,bd7a805f,3df01d13,bf7dbc10,bc3d9979,bd7a8061,3df01d13,1

7913,-236,866,84,-1598,350,15588,-4031,2491,-3283,bf7dc25b,bc4d1b8d,bd73f3b7,3defefd7,bf7dc25a,bc4d1b87,bd73f3b7,3defefd5,1

7914,-231,807,43,-1300,260,15526,-4003,2563,-3302,bf7dc7dc,bc53a614,bd6cb757,3df03420,bf7dc7dd,bc53a610,bd6cb759,3df03420,1

7915,-251,649,29,-1283,496,15439,-4033,2525,-3353,bf7dccb8,bc61ad77,bd66b5ef,3df02ecb,bf7dccb9,bc61ad73,bd66b5f1,3df02ecb,1

7916,-218,451,36,-1245,704,15429,-4033,2525,-3353,bf7dcff1,bc71adc4,bd621cef,3df02e75,bf7dcff2,bc71adc0,bd621cf1,3df02e75,1

7917,-112,265,24,-1459,796,15526,-4041,2573,-3328,bf7dd11c,bc80f9a9,bd5f077d,3df053f3,bf7dd11d,bc80f9a6,bd5f077f,3df053f3,1

7918,34,140,18,-1553,528,15653,-4053,2527,-3317,bf7dd31f,bc878d2d,bd5ca6fc,3df01e6d,bf7dd320,bc878d2a,bd5ca6fe,3df01e6d,1

7919,103,63,16,-1632,434,15710,-4053,2527,-3317,bf7dd53a,bc8d56db,bd5ac1dc,3defc9d6,bf7dd539,bc8d56d6,bd5ac1dc,3defc9d4,1

7920,124,7,-4,-1723,324,15728,-4001,2529,-3294,bf7dd660,bc8c205b,bd5a6ab1,3def9b47,bf7dd65f,bc8c2058,bd5a6ab2,3def9b44,1

7921,98,-29,-11,-1682,89,15718,-3993,2539,-3339,bf7dd617,bc866991,bd5ad81e,3defc9d7,bf7dd617,bc86698e,bd5ad81f,3defc9d5,1

7922,9,-75,-37,-1682,119,15720,-3993,2539,-3339,bf7dd5e8,bc81c80f,bd5b476c,3defe5c7,bf7dd5e9,bc81c80d,bd5b476e,3defe5c6,1

7923,-112,-140,-51,-1865,363,15807,-3997,2541,-3308,bf7dd1e2,bc885682,bd5f0e99,3defdcfd,bf7dd1e3,bc885680,bd5f0e9b,3defdcfc,1

7924,-134,-127,-64,-2046,671,15893,-4023,2523,-3298,bf7dcf5c,bc91e133,bd61bee7,3def8d2b,bf7dcf5d,bc91e131,bd61bee9,3def8d2a,1

7925,-77,-58,-66,-1852,303,15781,-4023,2523,-3298,bf7dce3a,bc92d4b2,bd64ed0d,3def0f21,bf7dce39,bc92d4ae,bd64ed0e,3def0f1e,1

7926,-83,-28,-92,-1985,378,15848,-4055,2541,-3338,bf7dcad0,bc96fcb3,bd689710,3deeeb76,bf7dcad1,bc96fcb2,bd689713,3deeeb74,1

7927,-127,-3,-110,-1956,265,15825,-4037,2527,-3296,bf7dc940,bc967feb,bd6b895c,3deea1b1,bf7dc941,bc967fe9,bd6b895e,3deea1b0,1

7928,-167,42,-96,-2071,364,15890,-4027,2527,-3250,bf7dc672,bc9b2ea8,bd6ee38c,3dee5bae,bf7dc672,bc9b2ea5,bd6ee38d,3dee5bac,1

7929,-182,121,-60,-2092,518,15914,-4027,2527,-3250,bf7dc3da,bca39e67,bd70ed3f,3dee2e6a,bf7dc3db,bca39e64,bd70ed41,3dee2e69,1

7930,-143,218,-27,-1997,363,15884,-3991,2559,-3318,bf7dc103,bca198d9,bd710b54,3deefe6a,bf7dc104,bca198d5,bd710b55,3deefe69,1

7931,-149,285,-8,-1973,353,15849,-4003,2529,-3318,bf7dbf4d,bc9ff605,bd7141cc,3def768d,bf7dbf4d,bc9ff600,bd7141cc,3def768c,1

7932,-200,337,-21,-1994,404,15850,-4003,2529,-3318,bf7dbc8a,bca2c738,bd720638,3defe1ca,bf7dbc89,bca2c732,bd720635,3defe1c7,1

7933,-254,389,-69,-1932,291,15863,-4005,2487,-3324,bf7dc234,bca2ccf0,bd70b6e6,3deeb571,bf7dc234,bca2cced,bd70b6e8,3deeb56f,1

7934,-360,438,-101,-1909,195,15909,-4033,2477,-3277,bf7dc834,bca29c72,bd6ee48d,3ded93d2,bf7dc833,bca29c6e,bd6ee48d,3ded93cf,1

7935,-477,471,-110,-1873,393,15858,-4033,2477,-3277,bf7dce7c,bcad38b9,bd6bcb5b,3dec336c,bf7dce7d,bcad38b6,bd6bcb5c,3dec336b,1

7936,-566,498,-111,-1981,807,15851,-4001,2465,-3232,bf7dcff9,bcbb2d0a,bd69c0e3,3deba464,bf7dcffa,bcbb2d07,bd69c0e4,3deba463,1

7937,-524,567,-101,-1789,682,15778,-3997,2501,-3331,bf7dd29a,bcc75cc0,bd64fe01,3deb7a85,bf7dd299,bcc75cbc,bd64fe01,3deb7a82,1

7938,-469,602,-53,-1614,596,15753,-3997,2501,-3331,bf7dd6b9,bccd2afb,bd5eb245,3deb90e1,bf7dd6ba,bccd2afa,bd5eb247,3deb90e0,1

7939,-495,567,-37,-1361,276,15641,-4001,2471,-3359,bf7ddb0f,bccf4634,bd595811,3deb886d,bf7ddb0e,bccf4633,bd595811,3deb886a,1

7940,-582,468,-12,-1450,571,15660,-3983,2519,-3338,bf7ddd13,bcd40eac,bd540012,3debf0b0,bf7ddd14,bcd40ead,bd540015,3debf0af,1

7941,-663,369,22,-1393,455,15632,-3963,2439,-3295,bf7de0b2,bcda37dc,bd4f1bef,3debb3c9,bf7de0b1,bcda37db,bd4f1bf0,3debb3c6,1

7942,-751,273,68,-1119,43,15592,-3963,2439,-3295,bf7de1df,bcde5d29,bd4ba2b0,3debe5cf,bf7de1e0,bcde5d29,bd4ba2b3,3debe5ce,1

7943,-933,129,155,-1481,884,15690,-3973,2481,-3343,bf7ddedd,bcee8531,bd4877dc,3dec662b,bf7ddedd,bcee852f,bd4877de,3dec6629,1

7944,-1018,32,173,-1660,1168,15689,-3979,2483,-3411,bf7dd83f,bd00e319,bd47f413,3ded0531,bf7dd840,bd00e319,bd47f416,3ded0530,1

7945,-1001,5,77,-1656,1409,15605,-3979,2483,-3411,bf7dd223,bd0a7844,bd478222,3ded6659,bf7dd223,bd0a7843,bd478224,3ded6657,1

7946,-924,-36,-26,-1973,1820,15674,-4027,2411,-3346,bf7dcce7,bd13a2b3,bd485bf8,3ded3cbd,bf7dcce8,bd13a2b3,bd485bfb,3ded3cbc,1

7947,-667,-1,-36,-1710,1050,15765,-4003,2451,-3315,bf7dc823,bd1b3240,bd49450b,3ded1d4a,bf7dc823,bd1b3241,bd49450b,3ded1d48,1

7948,-589,12,-26,-1916,1008,15887,-4003,2451,-3315,bf7dc24a,bd1f40c4,bd4cb23c,3ded4594,bf7dc24b,bd1f40c5,bd4cb23d,3ded4593,1

7949,-605,77,20,-1917,1121,15872,-4019,2415,-3354,bf7dbd20,bd256dd6,bd4f072e,3ded1742,bf7dbd1f,bd256dd5,bd4f072d,3ded173e,1

7950,-614,156,24,-1857,877,15937,-4061,2347,-3288,bf7dbd5c,bd29bd68,bd508a37,3debee7b,bf7dbd5c,bd29bd68,bd508a37,3debee77,1

7951,-714,223,23,-1687,446,15957,-4061,2347,-3288,bf7dbe67,bd2b0ddf,bd4f9eb1,3deb9dde,bf7dbe67,bd2b0ddf,bd4f9eb1,3deb9ddb,1

7952,-955,230,23,-1660,609,15863,-4017,2401,-3298,bf7dbd7d,bd2d7605,bd4e30d9,3debbc9c,bf7dbd7d,bd2d7605,bd4e30d9,3debbc99,1

7953,-1167,234,58,-1941,1521,15817,-4021,2393,-3439,bf7db611,bd378e2a,bd4df415,3debdfc6,bf7db612,bd378e2b,bd4df415,3debdfc4,1

7954,-1196,299,40,-1844,1402,15807,-4009,2343,-3452,bf7db027,bd41b213,bd4d1835,3deb9fc0,bf7db027,bd41b213,bd4d1834,3deb9fbd,1

7955,-1184,361,35,-1697,1367,15785,-4009,2343,-3452,bf7dacd0,bd4b7b78,bd4a2195,3deb19d3,bf7dacd0,bd4b7b78,bd4a2194,3deb19d0,1

7956,-1176,391,63,-1689,1598,15702,-4007,2417,-3383,bf7da4ea,bd552e87,bd466609,3debe078,bf7da4eb,bd552e88,bd466608,3debe076,1

7957,-1155,411,87,-1386,1125,15665,-3979,2387,-3334,bf7da2ea,bd592cdd,bd42175f,3dec666d,bf7da2e9,bd592cdd,bd42175d,3dec6669,1

7958,-1244,332,127,-1262,779,15693,-3979,2387,-3334,bf7d9f77,bd5d488f,bd3ed607,3ded087a,bf7d9f78,bd5d488f,bd3ed606,3ded0878,1

7959,-1471,195,204,-1267,1022,15636,-3967,2323,-3324,bf7d9af5,bd630b6b,bd3b9028,3ded87d8,bf7d9af4,bd630b69,bd3b9025,3ded87d4,1

7960,-1693,69,235,-1368,1280,15613,-4003,2339,-3316,bf7d94c3,bd6a5597,bd388017,3dee035e,bf7d94c2,bd6a5595,bd388014,3dee035a,1

7961,-1869,-20,267,-1636,1855,15623,-4003,2339,-3316,bf7d85d0,bd7851ae,bd38155e,3dee8741,bf7d85d1,bd7851ae,bd38155d,3dee873f,1

7962,-1905,-37,273,-2085,2721,15686,-4011,2311,-3426,bf7d7425,bd833679,bd38bbc3,3def51e7,bf7d7426,bd833679,bd38bbc2,3def51e5,1

7963,-1677,68,211,-2180,3175,15565,-3957,2305,-3347,bf7d63ec,bd89aac1,bd38d15f,3deff8a0,bf7d63ed,bd89aac1,bd38d15e,3deff89e,1

7964,-1301,227,171,-1835,2474,15635,-3957,2305,-3347,bf7d567a,bd8f1dfc,bd380f7c,3df07a4e,bf7d567a,bd8f1dfb,bd380f7b,3df07a4b,1

7965,-1124,311,173,-1773,2229,15706,-4021,2295,-3305,bf7d4af2,bd93fef0,bd374c28,3df0b504,bf7d4af2,bd93feef,bd374c27,3df0b501,1

7966,-1081,373,215,-1968,2984,15565,-4021,2267,-3324,bf7d3e5f,bd98d085,bd35fa5e,3df140c0,bf7d3e5f,bd98d084,bd35fa5d,3df140bd,1

7967,-925,428,153,-1709,2763,15447,-3995,2281,-3322,bf7d339c,bd9d4085,bd33b628,3df1a63b,bf7d339d,bd9d4085,bd33b627,3df1a639,1

7968,-789,417,32,-1710,2701,15526,-3995,2281,-3322,bf7d2a76,bda159ba,bd319eff,3df1bb2c,bf7d2a75,bda159b9,bd319efd,3df1bb28,1

7969,-742,385,-78,-1619,2441,15552,-3961,2261,-3382,bf7d238e,bda54350,bd2ebba6,3df16bdc,bf7d238e,bda54350,bd2ebba5,3df16bd9,1

7970,-747,353,-174,-1567,2158,15632,-3995,2273,-3407,bf7d240a,bda5f36d,bd2c3030,3df147e9,bf7d2408,bda5f36c,bd2c302d,3df147e4,1

7971,-843,318,-195,-1519,2033,15691,-3995,2273,-3407,bf7d23f1,bda6e47d,bd29e14d,3df11078,bf7d23f3,bda6e47f,bd29e14c,3df11077,1

7972,-1005,284,-190,-1425,1791,15738,-4029,2269,-3320,bf7d2319,bda8450f,bd27a6b4,3df0b823,bf7d2319,bda8450f,bd27a6b3,3df0b820,1

7973,-1239,222,-160,-1220,1595,15614,-4011,2247,-3431,bf7d2018,bdaa5301,bd253245,3df07cde,bf7d2018,bdaa5301,bd253244,3df07cdb,1

7974,-1490,134,-104,-1582,2534,15543,-4011,2247,-3431,bf7d11c0,bdb04b79,bd2437f4,3df02019,bf7d11c0,bdb04b79,bd2437f1,3df02016,1

7975,-1566,109,-57,-1790,3183,15496,-3981,2189,-3278,bf7d0198,bdb67693,bd23dce9,3defd5fc,bf7d0197,bdb67692,bd23dce6,3defd5f8,1

7976,-1466,143,-124,-1689,2816,15609,-4009,2183,-3351,bf7cf366,bdbc4134,bd23b7f5,3def2008,bf7cf366,bdbc4134,bd23b7f4,3def2007,1

7977,-1449,176,-153,-1625,2880,15544,-4009,2183,-3351,bf7ce57b,bdc20e33,bd22c896,3dee5395,bf7ce57c,bdc20e34,bd22c896,3dee5395,1

7978,-1474,168,-202,-1598,2851,15534,-3969,2231,-3423,bf7cd953,bdc5461c,bd20be3b,3def40fb,bf7cd953,bdc5461c,bd20be3c,3def40fa,1

7979,-1540,151,-273,-1545,2637,15533,-3985,2203,-3495,bf7cd245,bdc81545,bd1f2354,3def0d5f,bf7cd245,bdc81545,bd1f2355,3def0d5e,1

7980,-1678,126,-302,-1371,2167,15669,-3997,2151,-3358,bf7ccc03,bdcb48a2,bd1d5511,3dee4dfd,bf7ccc03,bdcb48a2,bd1d5512,3dee4dfc,1

7981,-1977,69,-278,-1533,2328,15832,-3997,2151,-3358,bf7cc222,bdcf3fbb,bd1c5c94,3dedab22,bf7cc222,bdcf3fbb,bd1c5c95,3dedab21,1

7982,-2328,30,-272,-1504,2337,15860,-4041,2145,-3378,bf7cb4d6,bdd422bb,bd1b3fc4,3ded129d,bf7cb4d6,bdd422bb,bd1b3fc5,3ded129c,1

7983,-2714,0,-269,-1274,2118,15780,-3987,2099,-3404,bf7ca3f0,bdda1129,bd1966a8,3dec7e85,bf7ca3f0,bdda1129,bd1966a9,3dec7e84,1

7984,-3185,-86,-227,-1051,1800,15767,-3987,2099,-3404,bf7c8d3b,bde14193,bd1788a0,3dec1f08,bf7c8d3b,bde14193,bd1788a1,3dec1f07,1

7985,-3770,-221,-62,-649,1797,15377,-4051,2109,-3344,bf7c6e29,bdea1a5d,bd15775a,3dec266c,bf7c6e29,bdea1a5d,bd15775b,3dec266b,1

7986,-4323,-415,220,-1138,3227,15010,-4023,2021,-3316,bf7c41ea,bdf64aa2,bd1311b6,3debf2dc,bf7c41ea,bdf64aa2,bd1311b7,3debf2db,1

7987,-4614,-578,344,-1654,4143,14923,-4023,2021,-3316,bf7c055e,be023e63,bd14693a,3decaaf6,bf7c055e,be023e63,bd14693b,3decaaf5,1

7988,-4721,-667,216,-1780,3584,15255,-4025,2015,-3339,bf7bcd2c,be087c5a,bd18d029,3decda12,bf7bcd2c,be087c5a,bd18d02a,3decda11,1

7989,-4982,-672,69,-2103,3576,15560,-3987,1899,-3419,bf7b90b7,be0effa9,bd1d0113,3decdb32,bf7b90b7,be0effa9,bd1d0114,3decdb31,1

7990,-5353,-584,18,-2599,4220,15622,-3987,1899,-3419,bf7b482a,be166d78,bd20a24f,3ded17f4,bf7b482b,be166d78,bd20a251,3ded17f4,1

7991,-5685,-400,-104,-2355,3475,15818,-4017,1925,-3347,bf7b0265,be1d674c,bd21bf9d,3ded442b,bf7b0264,be1d674a,bd21bf9e,3ded4429,1

7992,-6222,-200,-122,-1986,3159,15692,-4027,1841,-3369,bf7ab591,be24ea24,bd2057fe,3ded67bf,bf7ab592,be24ea23,bd205800,3ded67bf,1

7993,-6969,-106,-105,-1841,3539,15350,-4057,1781,-3310,bf7a5b85,be2d6038,bd1ddb77,3ded76b7,bf7a5b86,be2d6037,bd1ddb7a,3ded76b7,1

7994,-7807,-131,-168,-1879,3469,15350,-4057,1781,-3310,bf79f078,be36e3d0,bd1ad61e,3ded9b50,bf79f079,be36e3d0,bd1ad621,3ded9b50,1

7995,-8790,-186,-245,-1264,2397,15157,-4031,1733,-3250,bf79711e,be41a758,bd169580,3deda19d,bf79711d,be41a757,bd169581,3deda19c,1

7996,-10265,-442,-463,-1333,2878,14713,-4005,1649,-3255,bf78d2e5,be4e55b0,bd129807,3ded08b5,bf78d2e6,be4e55b0,bd129809,3ded08b5,1

7997,-11763,-687,-567,-2160,4168,14309,-4005,1649,-3255,bf780da7,be5cfc89,bd104349,3dec3ecd,bf780da8,be5cfc89,bd10434b,3dec3ecd,1

7998,-12961,-599,-556,-2014,3791,14094,-4027,1545,-3202,bf772478,be6d131e,bd0c4995,3deb8d22,bf772479,be6d131e,bd0c4997,3deb8d22,1

7999,-14296,-496,-659,-1899,4267,13297,-4045,1395,-3077,bf76107e,be7ed1ee,bd07014e,3dea7062,bf76107f,be7ed1ee,bd070150,3dea7062,1

8000,-15686,-434,-747,-2287,7033,11707,-4045,1395,-3077,bf74b247,be89c610,bd00cac3,3de92ab4,bf74b248,be89c610,bd00cac5,3de92ab4,1

8001,-16536,-438,-1105,-2458,8507,10812,-4015,1267,-3091,bf7325d5,be94a3fe,bcf1d794,3de71af9,bf7325d5,be94a3fd,bcf1d797,3de71af8,1

8002,-16945,-473,-1663,-2435,7434,11011,-4045,1143,-2987,bf7178f5,be9f9c22,bce2b51d,3de367e5,bf7178f5,be9f9c21,bce2b520,3de367e4,1

8003,-17662,-388,-2050,-2162,6099,11424,-4045,1143,-2987,bf6fb48c,beaa6169,bccfb5ab,3ddf1f5c,bf6fb48c,beaa6168,bccfb5ae,3ddf1f5b,1

8004,-19124,-240,-2195,-2058,5790,10710,-4019,1023,-2889,bf6da7c8,beb5f1fa,bcb88834,3dda98e0,bf6da7c8,beb5f1f9,bcb88838,3dda98df,1

8005,-21010,-111,-2310,-2005,5880,9339,-3987,777,-2724,bf6b39c2,bec298c7,bc9f214c,3dd5a5c6,bf6b39c2,bec298c6,bc9f2150,3dd5a5c6,1

8006,-22966,54,-2420,-1562,5977,7883,-3963,747,-2686,bf685fa8,bed042f4,bc8180bd,3dd071d3,bf685fa8,bed042f3,bc8180c2,3dd071d3,1

8007,-25169,357,-2358,-2010,5794,7210,-3963,747,-2686,bf64ff35,bedf07f7,bc3e049d,3dcc4186,bf64ff35,bedf07f6,bc3e04a7,3dcc4186,1

8008,-27773,732,-2372,-1692,3970,5058,-3985,539,-2415,bf60fc17,beef10f6,bbd84af1,3dc84bb8,bf60fc17,beef10f5,bbd84b06,3dc84bb8,1

8009,-30871,1112,-2493,-1673,4325,1698,-3937,447,-2263,bf5c0eeb,bf007c51,ba04061a,3dc4409a,bf5c0eea,bf007c50,ba0406c9,3dc44099,1

8010,-32661,1058,-3665,-812,6385,-2388,-3937,447,-2263,bf5679f1,bf09bfe5,3be1a107,3dbcf321,bf5679f2,bf09bfe5,3be1a0f2,3dbcf322,1

8011,-32768,1390,-3106,712,14741,-8274,-3871,265,-1876,bf507639,bf12c729,3c6ae44f,3db6dad2,bf50763b,bf12c729,3c6ae444,3db6dad4,1

8012,-32750,1960,-1308,-3172,29680,-9225,-3905,187,-1623,bf4a03b4,bf1b8358,3cab6fb3,3db538a6,bf4a03b5,bf1b8357,3cab6fad,3db538a6,1

8013,-30311,3107,-1818,-3160,32764,-17980,-3905,187,-1623,bf43b583,bf2350ed,3cebb77a,3db43b67,bf43b586,bf2350ed,3cebb776,3db43b68,1

8014,-19332,1777,-5172,-806,31168,-10051,-3839,151,-1423,bf3f981e,bf282cd1,3d16d58b,3daad200,bf3f9820,bf282cd1,3d16d589,3daad200,1

8015,-11200,317,-6829,-483,18644,-2439,-3739,45,-1331,bf3d35f0,bf2af55f,3d341877,3d9c5210,bf3d35f1,bf2af55f,3d341873,3d9c520f,1

8016,-9524,254,-7138,2549,17982,-2419,-3739,45,-1331,bf3b28bc,bf2d4682,3d522de5,3d8cf9e8,bf3b28bc,bf2d4682,3d522ddf,3d8cf9e6,1

8017,-7952,531,-5015,2900,18141,-4150,-3713,19,-1325,bf395c0d,bf2f368e,3d691c42,3d8275a0,bf395c0d,bf2f368e,3d691c3c,3d82759e,1

8018,-5429,530,-1977,2224,18207,-7492,-3699,37,-1224,bf3807d7,bf30995e,3d73f58e,3d7c79b3,bf3807d7,bf30995d,3d73f587,3d7c79ae,1

8019,-2357,285,-647,573,17777,-5918,-3661,1,-1359,bf375f02,bf31479d,3d77d032,3d796fd4,bf375f02,bf31479c,3d77d02b,3d796fcf,1

8020,-170,-75,-356,-75,16830,-3122,-3661,1,-1359,bf37380d,bf31728d,3d7856f4,3d76ff54,bf37380d,bf31728c,3d7856ee,3d76ff50,1

8021,592,-49,-404,178,16404,-2579,-3671,25,-1174,bf373ddd,bf316f35,3d78e32d,3d74853b,bf373dde,bf316f36,3d78e329,3d748539,1

8022,719,-14,-451,290,16159,-2388,-3635,19,-1263,bf374bbb,bf316308,3d79c2b6,3d720f0d,bf374bbb,bf316308,3d79c2b0,3d720f08,1

8023,714,79,-460,153,16194,-2274,-3635,19,-1263,bf3758f5,bf31568a,3d7af610,3d6ff259,bf3758f6,bf31568a,3d7af60a,3d6ff254,1

8024,682,117,-446,196,15947,-1724,-3653,47,-1256,bf3764dc,bf314b16,3d7c3bf6,3d6df7db,bf3764dd,bf314b15,3d7c3bef,3d6df7d5,1

8025,420,126,-378,272,15963,-1827,-3681,15,-1193,bf3760b0,bf315035,3d7d615c,3d6c236b,bf3760b3,bf315036,3d7d6157,3d6c2367,1

8026,151,108,-304,370,15967,-2258,-3681,15,-1193,bf374bdf,bf3166a5,3d7e527e,3d6a6ee0,bf374be0,bf3166a4,3d7e5276,3d6a6ed9,1

8027,71,84,-212,576,15655,-2261,-3635,-39,-1303,bf3732ab,bf3181a1,3d7efdb3,3d68fab1,bf3732ac,bf3181a1,3d7efdac,3d68faab,1

8028,96,116,-2,412,15893,-2295,-3627,1,-1167,bf371934,bf319cc4,3d7ee51d,3d686b2a,bf371934,bf319cc3,3d7ee515,3d686b23,1

8029,144,147,163,290,15940,-2068,-3627,1,-1167,bf3701f5,bf31b55d,3d7e3f23,3d68a285,bf3701f5,bf31b55c,3d7e3f1b,3d68a27e,1

8030,132,147,204,245,16183,-2344,-3633,-45,-1191,bf36e990,bf31cf0c,3d7d7688,3d690ce1,bf36e990,bf31cf0c,3d7d7682,3d690cdb,1

8031,125,125,216,159,16298,-2354,-3689,-91,-1228,bf36d0e3,bf31e92f,3d7c88bb,3d697931,bf36d0e3,bf31e92f,3d7c88b5,3d69792b,1

8032,163,125,199,196,16153,-2282,-3635,-61,-1262,bf36bada,bf320084,3d7baf72,3d69daa5,bf36badb,bf320085,3d7baf6d,3d69daa0,1

8033,179,134,192,119,16283,-2297,-3635,-61,-1262,bf36a5c0,bf3216c6,3d7addc2,3d6a454b,bf36a5c0,bf3216c6,3d7addbc,3d6a4545,1

8034,182,132,163,213,16149,-2349,-3653,-17,-1275,bf3690d6,bf322cd5,3d7a2d81,3d6a8998,bf3690d6,bf322cd5,3d7a2d7b,3d6a8992,1

8035,221,125,176,231,16128,-2280,-3693,-45,-1205,bf367e10,bf3240da,3d7961b3,3d6ac8cb,bf367e10,bf3240db,3d7961ae,3d6ac8c6,1

8036,243,121,216,192,16207,-2398,-3693,-45,-1205,bf366c3b,bf3253eb,3d786950,3d6b3093,bf366c3b,bf3253ec,3d78694b,3d6b308e,1

8037,301,127,227,194,16152,-2367,-3647,-19,-1286,bf365e20,bf3262fe,3d7770bc,3d6bb9ba,bf365e1f,bf3262fe,3d7770b6,3d6bb9b4,1

8038,366,137,264,66,16275,-2174,-3645,-29,-1254,bf3653df,bf326e13,3d7649ec,3d6c7939,bf3653e0,bf326e14,3d7649e8,3d6c7935,1

8039,358,144,241,-10,16380,-2183,-3645,-29,-1254,bf36493b,bf327979,3d7539e7,3d6d2e5e,bf36493c,bf32797a,3d7539e3,3d6d2e5a,1

8040,330,160,160,86,16269,-2272,-3649,-27,-1376,bf363d95,bf32858a,3d749e13,3d6dacff,bf363d95,bf32858a,3d749e0d,3d6dacf9,1

8041,329,150,121,106,16194,-2222,-3691,1,-1292,bf3631ba,bf329212,3d741368,3d6de98d,bf3631ba,bf329212,3d741362,3d6de987,1

8042,340,155,114,66,16335,-2347,-3691,1,-1292,bf362652,bf329e0f,3d73915c,3d6e293e,bf362654,bf329e10,3d739158,3d6e2939,1

8043,388,136,81,156,16164,-2258,-3657,-27,-1286,bf361e52,bf32a6c1,3d73225c,3d6e3459,bf361e53,bf32a6c1,3d732256,3d6e3452,1

8044,414,125,87,73,16212,-2202,-3671,3,-1251,bf3617bd,bf32ae2e,3d7293be,3d6e3bf9,bf3617bd,bf32ae2d,3d7293b6,3d6e3bf1,1

8045,394,121,70,50,16140,-2025,-3621,-15,-1237,bf36108d,bf32b644,3d7210cc,3d6e2f72,bf36108c,bf32b642,3d7210c3,3d6e2f69,1

8046,323,125,39,57,16245,-2144,-3621,-15,-1237,bf360523,bf32c297,3d71b6cb,3d6e03a0,bf360523,bf32c297,3d71b6c4,3d6e0399,1

8047,239,122,5,97,16194,-2160,-3663,11,-1198,bf35f4a7,bf32d42e,3d717dc9,3d6da079,bf35f4a7,bf32d42e,3d717dc2,3d6da072,1

8048,192,112,-8,100,16113,-2091,-3691,-5,-1253,bf35e1d7,bf32e82d,3d714e89,3d6d2b41,bf35e1d7,bf32e82d,3d714e82,3d6d2b3a,1

8049,162,117,5,82,16162,-2111,-3691,-5,-1253,bf35cd2d,bf32fdfb,3d711896,3d6cc6ef,bf35cd2c,bf32fdfb,3d71188e,3d6cc6e7,1

8050,126,127,17,120,16161,-2216,-3663,-9,-1295,bf35b660,bf3315bd,3d70ee8b,3d6c7ae6,bf35b65f,bf3315bd,3d70ee83,3d6c7ade,1

8051,132,129,35,109,16218,-2228,-3625,-3,-1254,bf359fca,bf332d45,3d70b1b9,3d6c3f01,bf359fc9,bf332d45,3d70b1b1,3d6c3ef9,1

8052,164,135,43,85,16281,-2268,-3625,-3,-1254,bf358afd,bf3342e9,3d706edd,3d6c1596,bf358afd,bf3342ea,3d706ed6,3d6c158f,1

8053,195,135,29,89,16290,-2360,-3629,27,-1221,bf3577bc,bf335702,3d703412,3d6bdaef,bf3577bb,bf335702,3d70340b,3d6bdae7,1

8054,258,125,11,117,16284,-2348,-3657,-21,-1205,bf35685d,bf336747,3d6ffd69,3d6b868d,bf35685d,bf336748,3d6ffd63,3d6b8686,1

8055,345,120,15,81,16281,-2251,-3657,-21,-1205,bf355e53,bf337235,3d6fb2e4,3d6b3a74,bf355e53,bf337236,3d6fb2de,3d6b3a6d,1

8056,391,106,4,60,16111,-2027,-3645,15,-1289,bf3557df,bf337991,3d6f63f0,3d6ae70e,bf3557de,bf337991,3d6f63e9,3d6ae706,1

8057,327,120,-21,65,16149,-2071,-3671,-27,-1272,bf354d92,bf3384b0,3d6f3e94,3d6a81ab,bf354d91,bf3384b0,3d6f3e8d,3d6a81a3,1

8058,230,115,-27,130,16091,-2103,-3711,29,-1264,bf353d4a,bf3395f0,3d6f2332,3d69fe3c,bf353d49,bf3395f1,3d6f232c,3d69fe35,1

8059,176,118,-13,115,16133,-2091,-3711,29,-1264,bf3529cd,bf33aa60,3d6effb5,3d69885d,bf3529cc,bf33aa61,3d6effaf,3d698856,1

8060,143,126,-6,98,16162,-2135,-3645,-33,-1246,bf35147e,bf33c081,3d6ee2fc,3d692461,bf35147c,bf33c082,3d6ee2f5,3d692459,1

8061,101,116,-5,102,16165,-2168,-3687,45,-1279,bf34fc90,bf33d95c,3d6ebdb4,3d68b434,bf34fc8e,bf33d95d,3d6ebdad,3d68b42c,1

8062,78,121,-2,55,16249,-2187,-3687,45,-1279,bf34e33e,bf33f38b,3d6e9782,3d684edd,bf34e33b,bf33f38b,3d6e977a,3d684ed4,1

8063,79,121,-23,54,16310,-2258,-3661,-3,-1249,bf34ca0b,bf340d8e,3d6e863e,3d67d56e,bf34ca09,bf340d8f,3d6e8636,3d67d566,1

8064,112,122,-50,65,16314,-2290,-3663,-21,-1337,bf34b355,bf3424e6,3d6e9876,3d67548f,bf34b354,bf3424e7,3d6e986f,3d675488,1

8065,163,107,-76,147,16186,-2266,-3663,-21,-1337,bf349ff0,bf343909,3d6eb92e,3d66a91c,bf349fef,bf34390a,3d6eb927,3d66a915,1

8066,227,108,-74,149,16213,-2246,-3689,3,-1197,bf348fa7,bf344a3f,3d6ec22b,3d65ecb3,bf348fa6,bf344a40,3d6ec224,3d65ecac,1

8067,243,116,-60,135,16143,-2125,-3631,1,-1293,bf34811b,bf34597a,3d6ece3d,3d655a29,bf34811b,bf34597b,3d6ece37,3d655a23,1

8068,215,109,-56,176,16109,-2207,-3631,1,-1293,bf3470c2,bf346a8d,3d6ed713,3d64bfcd,bf3470c1,bf346a8d,3d6ed70b,3d64bfc5,1

8069,195,113,-18,188,16094,-2227,-3673,7,-1244,bf345ea4,bf347d71,3d6eba9f,3d6440ac,bf345ea3,bf347d71,3d6eba97,3d6440a4,1

8070,217,114,38,146,16159,-2135,-3685,-47,-1315,bf344e40,bf348e7b,3d6e6c5d,3d640a24,bf344e40,bf348e7c,3d6e6c56,3d640a1d,1

8071,223,115,68,100,16185,-2140,-3677,-9,-1292,bf343de8,bf349f84,3d6df9c6,3d63f144,bf343de7,bf349f84,3d6df9be,3d63f13c,1

8072,192,106,68,118,16178,-2172,-3677,-9,-1292,bf342bbb,bf34b26e,3d6d8398,3d63cbd1,bf342bbc,bf34b270,3d6d8392,3d63cbca,1

8073,177,107,72,95,16228,-2219,-3667,5,-1308,bf3418a9,bf34c633,3d6d0c15,3d63af3a,bf3418a9,bf34c633,3d6d0c0d,3d63af31,1

8074,196,111,77,86,16252,-2246,-3701,59,-1258,bf34062a,bf34d971,3d6c87e8,3d6390b8,bf34062a,bf34d971,3d6c87e0,3d6390b0,1

8075,214,106,59,127,16201,-2217,-3701,59,-1258,bf33f4f6,bf34eb6d,3d6c12d9,3d635959,bf33f4f6,bf34eb6d,3d6c12d1,3d635951,1

8076,233,97,60,139,16156,-2191,-3741,21,-1296,bf33e52e,bf34fc06,3d6b987a,3d63206a,bf33e52d,bf34fc05,3d6b9871,3d632062,1

8077,230,100,78,69,16216,-2174,-3715,45,-1231,bf33d4e5,bf350d2d,3d6b011b,3d62f724,bf33d4e5,bf350d2d,3d6b0113,3d62f71c,1

8078,223,91,69,24,16197,-2102,-3715,45,-1231,bf33c476,bf351e8c,3d6a64c3,3d62bffa,bf33c476,bf351e8c,3d6a64bb,3d62bff2,1

8079,201,98,39,71,16154,-2084,-3669,-25,-1282,bf33b387,bf353036,3d69fdc7,3d627b7f,bf33b386,bf353035,3d69fdbe,3d627b77,1

8080,164,109,40,49,16199,-2149,-3701,27,-1248,bf339fca,bf35449b,3d6999d9,3d623847,bf339fcb,bf35449c,3d6999d2,3d623841,1

8081,153,110,37,50,16236,-2206,-3701,27,-1248,bf338b54,bf3559b0,3d693baf,3d61f2e5,bf338b53,bf3559af,3d693ba5,3d61f2dc,1

8082,162,110,11,48,16279,-2163,-3659,7,-1202,bf3377a3,bf356e04,3d68f317,3d619103,bf3377a4,bf356e04,3d68f30f,3d6190fb,1

8083,159,115,-9,102,16234,-2250,-3665,21,-1247,bf3363da,bf35824c,3d68cd48,3d61232d,bf3363db,bf35824c,3d68cd40,3d612325,1

8084,182,115,-15,147,16223,-2278,-3667,7,-1196,bf33513c,bf359577,3d68ab51,3d60a5b3,bf33513c,bf359576,3d68ab48,3d60a5aa,1

8085,212,112,3,142,16202,-2191,-3667,7,-1196,bf334096,bf35a6b9,3d68714d,3d60385c,bf334097,bf35a6b8,3d687144,3d603854,1

8086,246,109,27,75,16198,-2161,-3681,-5,-1262,bf33324a,bf35b597,3d681af1,3d5ff33a,bf33324b,bf35b597,3d681ae8,3d5ff332,1

8087,238,107,18,80,16215,-2163,-3693,59,-1224,bf332331,bf35c558,3d67c454,3d5f97eb,bf332332,bf35c557,3d67c44b,3d5f97e2,1

8088,227,114,18,111,16174,-2170,-3693,59,-1224,bf33136d,bf35d5ac,3d6778a2,3d5f3f7b,bf33136f,bf35d5ac,3d67789a,3d5f3f73,1

8089,241,112,39,113,16199,-2189,-3693,61,-1282,bf3304bb,bf35e4e3,3d671dd6,3d5f0439,bf3304bc,bf35e4e1,3d671dcc,3d5f042f,1

8090,264,107,61,132,16161,-2182,-3649,67,-1238,bf32f743,bf35f2f5,3d66a62e,3d5ed32d,bf32f744,bf35f2f3,3d66a624,3d5ed323,1

8091,279,106,82,114,16178,-2202,-3649,67,-1238,bf32ea95,bf360043,3d66170f,3d5eb821,bf32ea98,bf360042,3d661707,3d5eb818,1

8092,290,108,102,61,16198,-2122,-3701,19,-1253,bf32debf,bf360cb8,3d657086,3d5eb95d,bf32dec0,bf360cb6,3d65707c,3d5eb952,1

8093,288,109,99,28,16235,-2138,-3705,-57,-1220,bf32d2c9,bf361948,3d64ca8c,3d5eb9f5,bf32d2ca,bf361946,3d64ca83,3d5eb9eb,1

8094,264,107,71,33,16276,-2172,-3705,-57,-1220,bf32c57c,bf362727,3d6440ab,3d5e9c07,bf32c57d,bf362725,3d6440a2,3d5e9bfd,1

8095,270,105,52,62,16236,-2167,-3705,31,-1240,bf32b893,bf3634aa,3d63c836,3d5e665b,bf32b894,bf3634a9,3d63c82e,3d5e6652,1

8096,298,104,45,27,16161,-2083,-3703,15,-1312,bf32ae1b,bf363fac,3d635931,3d5e3c3c,bf32ae1c,bf363fab,3d635929,3d5e3c33,1

8097,272,114,23,24,16160,-2056,-3683,13,-1218,bf32a1bc,bf364c93,3d62fee8,3d5df560,bf32a1bd,bf364c92,3d62fee0,3d5df557,1

8098,214,122,9,25,16242,-2116,-3683,13,-1218,bf3291d1,bf365cdd,3d62bee3,3d5da544,bf3291d3,bf365cdd,3d62bedc,3d5da53b,1

8099,192,119,-13,81,16196,-2158,-3683,41,-1244,bf3280b5,bf366e4b,3d629b68,3d5d39b8,bf3280b6,bf366e49,3d629b5f,3d5d39ae,1

8100,190,115,-16,86,16216,-2152,-3663,71,-1253,bf326f9f,bf367fb5,3d627860,3d5cc83e,bf326fa1,bf367fb3,3d627858,3d5cc834,1

8101,208,112,-7,48,16273,-2155,-3663,71,-1253,bf325fa2,bf369013,3d624456,3d5c6234,bf325fa3,bf369010,3d62444d,3d5c622a,1

8102,232,110,-6,40,16240,-2139,-3673,25,-1223,bf325110,bf369f12,3d62088c,3d5bfa7e,bf325114,bf369f11,3d620885,3d5bfa76,1

8103,252,108,-9,93,16169,-2114,-3669,47,-1248,bf3243f4,bf36aca4,3d61d429,3d5b8d3f,bf3243f5,bf36aca1,3d61d41f,3d5b8d34,1

8104,256,119,7,135,16125,-2130,-3669,47,-1248,bf3236f4,bf36b9fd,3d619f68,3d5b359d,bf3236f7,bf36b9fc,3d619f5f,3d5b3594,1

8105,261,126,49,121,16100,-2108,-3679,65,-1222,bf3229df,bf36c76a,3d6141d0,3d5b0799,bf3229e0,bf36c766,3d6141c5,3d5b078d,1

8106,251,136,92,42,16146,-2023,-3697,-37,-1215,bf321c68,bf36d51a,3d60be17,3d5b15f4,bf321c6a,bf36d516,3d60be0d,3d5b15e9,1

8107,188,134,73,4,16203,-2033,-3697,-37,-1215,bf320b44,bf36e65e,3d604b85,3d5b1011,bf320b47,bf36e65a,3d604b7c,3d5b1007,1

8108,118,135,28,4,16214,-2054,-3683,-39,-1288,bf31f6ac,bf36fad7,3d601518,3d5aea15,bf31f6b0,bf36fad3,3d601510,3d5aea0c,1

8109,68,130,-16,0,16297,-2149,-3643,-57,-1180,bf31de8b,bf3712e1,3d5fff24,3d5a83d9,bf31de8f,bf3712de,3d5fff1d,3d5a83d1,1

8110,55,121,-58,29,16238,-2138,-3661,31,-1217,bf31c5e2,bf372b7a,3d600bc9,3d59eaa5,bf31c5e5,bf372b76,3d600bc1,3d59ea9c,1

8111,76,122,-83,54,16223,-2130,-3661,31,-1217,bf31aeb1,bf37429c,3d603242,3d593a60,bf31aeb4,bf374298,3d60323a,3d593a58,1

8112,80,121,-86,94,16183,-2154,-3647,-33,-1274,bf319862,bf3758bd,3d606a4b,3d58915f,bf319865,bf3758b9,3d606a43,3d589157,1

8113,82,127,-69,138,16200,-2218,-3673,-17,-1238,bf318196,bf376f56,3d6095d6,3d57f215,bf318199,bf376f52,3d6095ce,3d57f20d,1

8114,141,129,-32,114,16274,-2287,-3673,-17,-1238,bf316e09,bf3782c3,3d609950,3d577fac,bf316e0c,bf3782bf,3d609948,3d577fa4,1

8115,200,127,-5,110,16192,-2152,-3659,7,-1251,bf315e73,bf37925a,3d607bc2,3d572a35,bf315e76,bf379257,3d607bbb,3d572a2e,1

8116,221,119,18,111,16158,-2134,-3707,-5,-1212,bf314fc1,bf37a13d,3d603793,3d56dacb,bf314fc4,bf37a13a,3d60378c,3d56dac4,1

8117,216,118,41,64,16238,-2182,-3707,-5,-1212,bf31408f,bf37b09b,3d5fd815,3d56a58e,bf314091,bf37b097,3d5fd80d,3d56a587,1

8118,225,116,37,70,16161,-2100,-3677,-17,-1262,bf3132bb,bf37be91,3d5f82bb,3d567558,bf3132bf,bf37be8e,3d5f82b5,3d567553,1

8119,224,128,38,70,16165,-2090,-3655,69,-1279,bf3124d4,bf37cc7d,3d5f3781,3d565184,bf3124d9,bf37cc7b,3d5f377c,3d56517f,1

8120,199,132,46,78,16155,-2103,-3655,69,-1279,bf31155f,bf37dbdf,3d5eeb78,3d563658,bf311563,bf37dbdc,3d5eeb72,3d563652,1

8121,167,133,66,62,16200,-2139,-3699,3,-1320,bf310431,bf37ecd2,3d5e95a4,3d563713,bf310434,bf37ecce,3d5e959d,3d56370c,1

8122,164,135,75,64,16223,-2158,-3641,-3,-1278,bf30f2af,bf37fe13,3d5e3663,3d563d9b,bf30f2b3,bf37fe10,3d5e365c,3d563d95,1

8123,170,133,73,35,16174,-2058,-3663,-3,-1246,bf30e19a,bf380eff,3d5dcc3e,3d563c2d,bf30e19e,bf380efc,3d5dcc37,3d563c27,1

8124,134,126,63,-8,16300,-2159,-3663,-3,-1246,bf30ce28,bf38223b,3d5d64be,3d562de7,bf30ce2c,bf382238,3d5d64b7,3d562de1,1

8125,126,127,10,-1,16304,-2199,-3697,-15,-1270,bf30ba7c,bf38359c,3d5d3610,3d55f15c,bf30ba80,bf383599,3d5d3608,3d55f156,1

8126,159,120,-38,32,16263,-2155,-3641,37,-1188,bf30a8ae,bf384759,3d5d2569,3d557108,bf30a8b2,bf384756,3d5d2561,3d557102,1

8127,177,116,-63,63,16249,-2204,-3641,37,-1188,bf3097fe,bf385802,3d5d2c33,3d54d468,bf309801,bf3857ff,3d5d2c2a,3d54d461,1

8128,194,112,-71,108,16160,-2138,-3685,41,-1178,bf308869,bf3867af,3d5d357c,3d542362,bf30886c,bf3867ac,3d5d3573,3d54235b,1

8129,194,121,-46,100,16149,-2136,-3667,-13,-1234,bf307965,bf38769d,3d5d395a,3d53a26c,bf307969,bf38769b,3d5d3953,3d53a267,1

8130,191,119,-15,72,16172,-2118,-3667,-13,-1234,bf306a30,bf3885c1,3d5d19b1,3d533fca,bf306a32,bf3885bd,3d5d19a7,3d533fc2,1

8131,175,116,-9,60,16219,-2164,-3669,17,-1218,bf3059a8,bf389632,3d5ceddc,3d52dc20,bf3059ac,bf389630,3d5cedd5,3d52dc1a,1

8132,182,111,-10,51,16173,-2121,-3703,7,-1269,bf304a1c,bf38a5ae,3d5cc295,3d527c63,bf304a1f,bf38a5ab,3d5cc28c,3d527c5b,1

8133,183,117,-10,71,16149,-2080,-3703,7,-1269,bf303ad1,bf38b4db,3d5c9e9b,3d521fec,bf303ad4,bf38b4d8,3d5c9e92,3d521fe4,1

8134,167,117,7,77,16205,-2143,-3651,-19,-1288,bf302ac9,bf38c4a8,3d5c7413,3d51da17,bf302acc,bf38c4a4,3d5c7409,3d51da0f,1

8135,169,121,18,40,16221,-2142,-3701,9,-1237,bf301a1e,bf38d523,3d5c31b1,3d519964,bf301a21,bf38d51f,3d5c31a7,3d51995c,1

8136,174,119,14,52,16177,-2099,-3657,73,-1257,bf300a22,bf38e4f3,3d5bf45f,3d5154ae,bf300a26,bf38e4ef,3d5bf456,3d5154a6,1

8137,155,120,15,22,16237,-2140,-3657,73,-1257,bf2ff8e6,bf38f5ed,3d5bb562,3d5114e4,bf2ff8ea,bf38f5e9,3d5bb559,3d5114dc,1

8138,136,124,-1,61,16250,-2175,-3669,33,-1226,bf2fe655,bf390826,3d5b8cd8,3d50bfe7,bf2fe659,bf390821,3d5b8cce,3d50bfde,1

8139,144,117,-20,51,16233,-2161,-3609,17,-1316,bf2fd5a1,bf391872,3d5b81ae,3d506a2b,bf2fd5a6,bf39186e,3d5b81a5,3d506a23,1

8140,168,118,-28,50,16235,-2175,-3609,17,-1316,bf2fc66e,bf39274c,3d5b7db2,3d501062,bf2fc672,bf392748,3d5b7da8,3d50105a,1

8141,186,117,-39,69,16223,-2162,-3685,-27,-1305,bf2fb833,bf39353f,3d5b8065,3d4fa642,bf2fb836,bf39353b,3d5b805a,3d4fa63a,1

8142,192,119,-41,53,16208,-2144,-3641,39,-1258,bf2fa9f6,bf394346,3d5b7b16,3d4f356a,bf2fa9f9,bf394343,3d5b7b0c,3d4f3563,1

8143,200,126,-45,83,16210,-2162,-3641,39,-1258,bf2f9c30,bf3950c8,3d5b8377,3d4ec504,bf2f9c34,bf3950c5,3d5b836d,3d4ec4fe,1

8144,202,134,-38,104,16201,-2168,-3681,27,-1254,bf2f8e5a,bf395e4c,3d5b8c87,3d4e5e44,bf2f8e5d,bf395e48,3d5b8c7c,3d4e5e3d,1

8145,193,126,-30,127,16192,-2252,-3717,13,-1198,bf2f7f1c,bf396d4a,3d5b80bb,3d4de90a,bf2f7f20,bf396d47,3d5b80b1,3d4de904,1

8146,213,114,-11,120,16135,-2138,-3717,13,-1198,bf2f7187,bf397ad4,3d5b5321,3d4d7ae5,bf2f718a,bf397ad0,3d5b5316,3d4d7adf,1

8147,241,119,16,112,16147,-2121,-3661,-21,-1274,bf2f66b5,bf39858d,3d5b1e39,3d4d4181,bf2f66b9,bf39858a,3d5b1e2f,3d4d417c,1

8148,233,131,47,86,16205,-2150,-3623,23,-1277,bf2f5b32,bf3990d5,3d5ad467,3d4d3442,bf2f5b36,bf3990d2,3d5ad45d,3d4d343d,1

8149,230,130,46,17,16246,-2139,-3675,-7,-1302,bf2f4fbe,bf399c08,3d5a8549,3d4d317d,bf2f4fc1,bf399c04,3d5a853f,3d4d3177,1

8150,234,124,26,26,16177,-2077,-3675,-7,-1302,bf2f44f5,bf39a6a1,3d5a4478,3d4d1526,bf2f44fa,bf39a69f,3d5a446f,3d4d1522,1

8151,202,130,4,56,16131,-2039,-3623,23,-1250,bf2f3810,bf39b33e,3d5a1c42,3d4cdae7,bf2f3813,bf39b33a,3d5a1c37,3d4cdae2,1

8152,146,131,1,49,16216,-2126,-3637,7,-1280,bf2f27c7,bf39c2f7,3d5a018d,3d4ca28f,bf2f27ca,bf39c2f4,3d5a0184,3d4ca28b,1

8153,120,132,-8,68,16237,-2166,-3637,7,-1280,bf2f15da,bf39d435,3d59f577,3d4c5f04,bf2f15dd,bf39d432,3d59f56e,3d4c5f00,1

8154,139,126,-18,71,16224,-2141,-3641,-13,-1264,bf2f0539,bf39e447,3d59ea30,3d4c0b40,bf2f053c,bf39e445,3d59ea27,3d4c0b3c,1

8155,147,129,-24,89,16228,-2168,-3569,-27,-1242,bf2ef52a,bf39f3c4,3d59ea5f,3d4bb482,bf2ef52d,bf39f3c2,3d59ea56,3d4bb47e,1

8156,154,125,-27,89,16224,-2153,-3569,-27,-1242,bf2ee5b3,bf3a02b7,3d59e911,3d4b57eb,bf2ee5b6,bf3a02b5,3d59e908,3d4b57e7,1

8157,172,129,-26,88,16221,-2163,-3665,15,-1182,bf2ed62f,bf3a11d2,3d59d81d,3d4aee6c,bf2ed632,bf3a11d0,3d59d814,3d4aee67,1

8158,172,126,-18,91,16199,-2156,-3679,61,-1208,bf2ec6c5,bf3a20d9,3d59bd6f,3d4a8a8c,bf2ec6c7,bf3a20d6,3d59bd65,3d4a8a86,1

8159,196,124,-13,83,16204,-2171,-3679,61,-1208,bf2eb8ce,bf3a2e85,3d5999a7,3d4a2ca8,bf2eb8d1,bf3a2e83,3d59999e,3d4a2ca3,1

8160,220,125,-10,95,16166,-2121,-3675,-19,-1199,bf2eacc6,bf3a3a56,3d597627,3d49d5df,bf2eacc8,bf3a3a53,3d59761d,3d49d5da,1

8161,212,129,-2,77,16202,-2136,-3653,17,-1196,bf2ea020,bf3a46b4,3d594bc7,3d498b3d,bf2ea022,bf3a46b1,3d594bbd,3d498b38,1

8162,210,125,1,101,16153,-2081,-3655,-67,-1207,bf2e9411,bf3a527f,3d59233c,3d4942bc,bf2e9414,bf3a527d,3d592333,3d4942b8,1

8163,185,126,13,87,16182,-2129,-3655,-67,-1207,bf2e8643,bf3a5fe9,3d58f091,3d490707,bf2e8645,bf3a5fe7,3d58f087,3d490703,1

8164,167,127,22,72,16216,-2135,-3623,13,-1192,bf2e770b,bf3a6eae,3d58b0b5,3d48cff4,bf2e770d,bf3a6eac,3d58b0ab,3d48cff0,1

8165,162,133,25,65,16204,-2138,-3645,35,-1254,bf2e680c,bf3a7d1a,3d587b5e,3d48ac0a,bf2e680e,bf3a7d19,3d587b55,3d48ac07,1

8166,168,127,23,61,16231,-2156,-3645,35,-1254,bf2e5974,bf3a8b30,3d58420d,3d4881ab,bf2e5975,bf3a8b2e,3d584203,3d4881a7,1

8167,181,117,7,48,16266,-2192,-3659,-25,-1205,bf2e4b49,bf3a98fc,3d58073a,3d483ab7,bf2e4b4b,bf3a98fb,3d580732,3d483ab5,1

8168,210,105,-27,61,16250,-2176,-3673,-23,-1193,bf2e3f09,bf3aa517,3d57df6e,3d47c5f1,bf2e3f0c,bf3aa517,3d57df67,3d47c5f1,1

8169,218,109,-37,77,16172,-2083,-3673,-23,-1193,bf2e33c4,bf3ab040,3d57c4e6,3d4749d2,bf2e33c7,bf3ab03f,3d57c4de,3d4749d2,1

8170,200,117,-45,97,16214,-2175,-3619,-45,-1227,bf2e27b8,bf3abbf5,3d57c8bf,3d46d6ba,bf2e27ba,bf3abbf3,3d57c8b6,3d46d6b9,1

8171,195,117,-28,95,16286,-2219,-3627,-47,-1226,bf2e1b24,bf3ac828,3d57bbd3,3d467365,bf2e1b26,bf3ac825,3d57bbc9,3d467363,1

8172,235,113,-28,91,16198,-2110,-3627,-47,-1226,bf2e1195,bf3ad193,3d57a671,3d460f17,bf2e1197,bf3ad190,3d57a667,3d460f15,1

8173,247,118,-20,82,16175,-2097,-3637,-35,-1202,bf2e086c,bf3ada9f,3d57863c,3d45b36c,bf2e086f,bf3ada9d,3d578633,3d45b36b,1

8174,236,123,-9,111,16200,-2135,-3705,-15,-1241,bf2dfe87,bf3ae44f,3d576711,3d4564ce,bf2dfe8a,bf3ae44d,3d576708,3d4564cd,1

8175,235,125,1,115,16142,-2112,-3679,19,-1255,bf2df4d0,bf3aedca,3d5742cf,3d45233f,bf2df4d2,bf3aedc7,3d5742c5,3d45233c,1

8176,237,123,16,103,16148,-2076,-3679,19,-1255,bf2deb6a,bf3af6fe,3d570b99,3d44ef3b,bf2deb6b,bf3af6fa,3d570b8e,3d44ef37,1

8177,207,140,28,92,16170,-2105,-3655,69,-1291,bf2de058,bf3b018f,3d56dfdb,3d44dd29,bf2de05a,bf3b018c,3d56dfd2,3d44dd27,1

8178,178,137,24,82,16199,-2120,-3639,-15,-1177,bf2dd277,bf3b0ee5,3d56a589,3d44b26b,bf2dd27a,bf3b0ee3,3d56a581,3d44b26a,1

8179,166,138,23,59,16235,-2159,-3639,-15,-1177,bf2dc3bd,bf3b1d00,3d566bc8,3d448a90,bf2dc3bf,bf3b1cfd,3d566bbf,3d448a8e,1

8180,175,125,17,82,16211,-2141,-3639,-43,-1174,bf2db5df,bf3b2a63,3d562f63,3d444f03,bf2db5e2,bf3b2a61,3d562f5c,3d444f03,1

8181,188,120,20,87,16222,-2152,-3673,-1,-1241,bf2da95a,bf3b367d,3d55f34e,3d441a82,bf2da95c,bf3b367a,3d55f346,3d441a81,1

8182,207,123,26,65,16227,-2141,-3673,-1,-1241,bf2d9e15,bf3b4167,3d55afd1,3d43f30d,bf2d9e17,bf3b4165,3d55afca,3d43f30d,1

8183,209,138,22,59,16241,-2144,-3669,-21,-1253,bf2d9330,bf3b4bcd,3d5580f1,3d43dba9,bf2d9332,bf3b4bcb,3d5580ea,3d43dba9,1

8184,222,122,15,92,16225,-2185,-3653,-3,-1228,bf2d88b8,bf3b55f9,3d554a0a,3d43a581,bf2d88b9,bf3b55f6,3d554a02,3d43a580,1

8185,247,124,19,58,16217,-2089,-3653,-3,-1228,bf2d8051,bf3b5e35,3d550924,3d437b0a,bf2d8054,bf3b5e34,3d55091d,3d437b0b,1

8186,254,124,12,53,16179,-2078,-3667,-7,-1229,bf2d786f,bf3b65f9,3d54cda8,3d434b02,bf2d7870,bf3b65f6,3d54cd9f,3d434b01,1

8187,212,126,7,61,16216,-2101,-3707,-33,-1314,bf2d6f0b,bf3b6ef3,3d54af23,3d43259e,bf2d6f0c,bf3b6ef0,3d54af1a,3d43259d,1

8188,200,117,-3,97,16193,-2118,-3707,-33,-1314,bf2d64f2,bf3b78a3,3d5498de,3d42e7e8,bf2d64f3,bf3b78a0,3d5498d5,3d42e7e7,1

8189,198,126,4,93,16167,-2105,-3651,39,-1229,bf2d598b,bf3b83a1,3d546f72,3d42a7a9,bf2d598d,bf3b839f,3d546f69,3d42a7a9,1

8190,192,125,20,77,16187,-2089,-3679,-43,-1228,bf2d4e10,bf3b8ead,3d5435eb,3d4279f1,bf2d4e12,bf3b8eab,3d5435e2,3d4279f1,1

8191,178,132,33,68,16227,-2126,-3725,-49,-1185,bf2d40cc,bf3b9b68,3d53ebee,3d425466,bf2d40cd,bf3b9b66,3d53ebe5,3d425465,1

8192,191,126,29,72,16225,-2112,-3725,-49,-1185,bf2d3487,bf3ba743,3d53a017,3d422588,bf2d3488,bf3ba741,3d53a00e,3d422587,1

8193,199,126,21,82,16184,-2114,-3683,-47,-1163,bf2d28b2,bf3bb2b5,3d535c06,3d41ecc4,bf2d28b4,bf3bb2b3,3d535bfe,3d41ecc4,1

8194,197,128,19,67,16182,-2114,-3679,35,-1210,bf2d1d16,bf3bbde2,3d531de9,3d41bb0e,bf2d1d19,bf3bbde1,3d531de2,3d41bb0e,1

8195,191,124,24,65,16229,-2076,-3679,35,-1210,bf2d116f,bf3bc925,3d52d686,3d41898b,bf2d1171,bf3bc922,3d52d67e,3d41898a,1

8196,178,118,24,56,16219,-2065,-3675,-9,-1190,bf2d050b,bf3bd520,3d528855,3d41516a,bf2d050d,bf3bd51d,3d52884d,3d415169,1

8197,161,117,16,49,16236,-2110,-3743,-45,-1247,bf2cf81b,bf3be185,3d524bdb,3d411b8a,bf2cf81d,bf3be184,3d524bd5,3d411b8b,1

8198,153,127,1,66,16206,-2134,-3743,-45,-1247,bf2cea9b,bf3bee55,3d522b0d,3d40df0d,bf2cea9d,bf3bee54,3d522b07,3d40df0e,1

8199,176,120,0,79,16215,-2127,-3695,-25,-1185,bf2cddf8,bf3bfa7c,3d51fa41,3d408f5b,bf2cddfa,bf3bfa7b,3d51fa3a,3d408f5c,1

8200,185,120,6,90,16201,-2118,-3635,-23,-1213,bf2cd29f,bf3c0562,3d51cd53,3d404dd1,bf2cd2a1,bf3c0561,3d51cd4d,3d404dd2,1

8201,185,128,16,86,16197,-2122,-3635,-23,-1213,bf2cc73c,bf3c103f,3d519d6a,3d401e20,bf2cc73d,bf3c103d,3d519d63,3d401e20,1

8202,172,128,19,80,16163,-2089,-3673,-43,-1289,bf2cbc5f,bf3c1a7e,3d517a2f,3d3fffe2,bf2cbc61,bf3c1a7d,3d517a29,3d3fffe3,1

8203,169,124,28,48,16229,-2112,-3681,3,-1229,bf2cb018,bf3c2635,3d513590,3d3fdb0a,bf2cb01a,bf3c2634,3d513589,3d3fdb0a,1

8204,156,123,31,55,16221,-2117,-3673,-5,-1259,bf2ca395,bf3c3215,3d50f6f8,3d3fbd9b,bf2ca396,bf3c3213,3d50f6f1,3d3fbd9a,1

8205,161,125,30,67,16229,-2153,-3673,-5,-1259,bf2c973a,bf3c3dc6,3d50bd95,3d3f9ff2,bf2c973c,bf3c3dc5,3d50bd8f,3d3f9ff2,1

8206,183,127,31,59,16235,-2146,-3673,-43,-1296,bf2c8d19,bf3c4752,3d508d91,3d3f91f9,bf2c8d1c,bf3c4752,3d508d8c,3d3f91fa,1

8207,205,119,27,50,16232,-2114,-3697,-27,-1277,bf2c842d,bf3c4fe1,3d505080,3d3f7516,bf2c842f,bf3c4fe0,3d50507a,3d3f7517,1

8208,206,119,16,64,16234,-2145,-3697,-27,-1277,bf2c7b37,bf3c5874,3d502130,3d3f4c2e,bf2c7b39,bf3c5874,3d50212b,3d3f4c30,1

8209,211,120,7,88,16170,-2110,-3693,45,-1220,bf2c71ac,bf3c61b0,3d4fed4e,3d3f07d6,bf2c71ad,bf3c61ae,3d4fed47,3d3f07d6,1

8210,210,125,18,87,16183,-2140,-3677,-29,-1288,bf2c6959,bf3c6997,3d4fc914,3d3ee72b,bf2c695a,bf3c6995,3d4fc90d,3d3ee72b,1

8211,227,121,32,82,16191,-2085,-3677,-29,-1288,bf2c6282,bf3c702e,3d4f90eb,3d3ed11b,bf2c6283,bf3c702c,3d4f90e4,3d3ed11b,1

8212,234,119,49,79,16159,-2105,-3691,-41,-1221,bf2c5acb,bf3c77b6,3d4f35b3,3d3ebade,bf2c5acd,bf3c77b5,3d4f35ad,3d3ebadf,1

8213,235,126,61,27,16209,-2097,-3651,-21,-1183,bf2c52af,bf3c7f9e,3d4ec6e8,3d3eb7aa,bf2c52b1,bf3c7f9d,3d4ec6e2,3d3eb7ab,1

8214,226,115,62,5,16246,-2058,-3651,-21,-1183,bf2c4a62,bf3c87c8,3d4e4a07,3d3eacc2,bf2c4a63,bf3c87c6,3d4e4a00,3d3eacc2,1

8215,193,116,29,9,16270,-2108,-3643,13,-1209,bf2c4037,bf3c9194,3d4df68e,3d3e865f,bf2c4039,bf3c9194,3d4df688,3d3e8660,1

8216,190,106,-5,33,16237,-2124,-3659,89,-1252,bf2c3649,bf3c9b2d,3d4dc466,3d3e3798,bf2c364a,bf3c9b2c,3d4dc45f,3d3e3798,1

8217,199,103,-15,93,16155,-2119,-3683,5,-1240,bf2c2d18,bf3ca419,3d4da2bf,3d3dd4a7,bf2c2d1a,bf3ca418,3d4da2b9,3d3dd4a8,1

8218,206,105,4,68,16187,-2118,-3683,5,-1240,bf2c2457,bf3cac9e,3d4d6bc3,3d3d89d9,bf2c2459,bf3cac9d,3d4d6bbd,3d3d89da,1

8219,221,110,24,72,16226,-2131,-3631,11,-1254,bf2c1cdf,bf3cb3e1,3d4d2b67,3d3d5cbf,bf2c1ce1,bf3cb3df,3d4d2b60,3d3d5cbf,1

8220,241,110,34,37,16269,-2134,-3711,11,-1287,bf2c16db,bf3cb9cc,3d4cded5,3d3d42c1,bf2c16dc,bf3cb9c9,3d4cdecd,3d3d42c1,1

8221,276,104,21,31,16300,-2147,-3711,11,-1287,bf2c130f,bf3cbdb8,3d4c9719,3d3d1a72,bf2c1310,bf3cbdb5,3d4c9711,3d3d1a72,1

8222,301,97,-1,53,16187,-2060,-3671,-37,-1221,bf2c10c1,bf3cc06a,3d4c541f,3d3ccafb,bf2c10c2,bf3cc067,3d4c5417,3d3ccafb,1

8223,302,97,-8,64,16114,-2036,-3659,59,-1219,bf2c0e45,bf3cc34f,3d4c13e6,3d3c6da8,bf2c0e48,bf3cc34d,3d4c13df,3d3c6daa,1

8224,292,98,7,27,16203,-2029,-3659,59,-1219,bf2c0b3d,bf3cc6b6,3d4bc03b,3d3c248a,bf2c0b40,bf3cc6b4,3d4bc034,3d3c248c,1

8225,265,104,4,40,16183,-2023,-3667,-35,-1185,bf2c0662,bf3ccbbd,3d4b76b2,3d3bd8a1,bf2c0665,bf3ccbbc,3d4b76ac,3d3bd8a4,1

8226,239,106,-5,76,16179,-2082,-3673,33,-1305,bf2c0166,bf3cd0a8,3d4b5a19,3d3b9658,bf2c0168,bf3cd0a6,3d4b5a11,3d3b965a,1

8227,217,108,4,67,16173,-2052,-3673,33,-1305,bf2bfb4b,bf3cd698,3d4b35e4,3d3b5e80,bf2bfb4c,bf3cd696,3d4b35dc,3d3b5e81,1

8228,219,108,19,50,16231,-2070,-3681,21,-1279,bf2bf4b4,bf3cdd06,3d4af8d6,3d3b318d,bf2bf4b5,bf3cdd04,3d4af8ce,3d3b318e,1

8229,222,116,17,22,16240,-2042,-3661,15,-1293,bf2beef2,bf3ce298,3d4ac56c,3d3b14ca,bf2beef3,bf3ce296,3d4ac565,3d3b14cb,1

8230,221,112,4,61,16216,-2077,-3699,-37,-1287,bf2be8e0,bf3ce878,3d4aa169,3d3ae080,bf2be8e2,bf3ce877,3d4aa163,3d3ae082,1

8231,227,110,0,52,16234,-2084,-3699,-37,-1287,bf2be335,bf3cedfd,3d4a7df0,3d3aa8d4,bf2be337,bf3cedfc,3d4a7de9,3d3aa8d5,1

8232,237,112,4,51,16237,-2061,-3675,-9,-1243,bf2bdd89,bf3cf397,3d4a4b67,3d3a6d75,bf2bdd8b,bf3cf396,3d4a4b60,3d3a6d75,1

8233,241,113,0,39,16222,-2037,-3675,41,-1250,bf2bd83e,bf3cf8d8,3d4a1a20,3d3a3082,bf2bd83f,bf3cf8d6,3d4a1a18,3d3a3082,1

8234,223,116,-5,51,16182,-2010,-3675,41,-1250,bf2bd212,bf3cfede,3d49f333,3d39eec4,bf2bd214,bf3cfedd,3d49f32c,3d39eec5,1

8235,197,119,0,59,16204,-2042,-3617,11,-1234,bf2bca2c,bf3d066e,3d49cea9,3d39b39c,bf2bca2d,bf3d066d,3d49cea2,3d39b39d,1

8236,198,110,2,71,16195,-2047,-3669,-39,-1226,bf2bc239,bf3d0e1e,3d499fe6,3d396d7f,bf2bc23a,bf3d0e1d,3d499fdf,3d396d80,1

8237,210,117,15,68,16177,-2043,-3669,-39,-1226,bf2bbb03,bf3d1515,3d49696d,3d393b98,bf2bbb04,bf3d1514,3d496965,3d393b97,1

8238,205,123,31,42,16226,-2053,-3661,15,-1170,bf2bb239,bf3d1d91,3d4915a1,3d3912a4,bf2bb23b,bf3d1d91,3d49159a,3d3912a3,1

8239,195,126,28,47,16201,-2040,-3709,-5,-1252,bf2baa53,bf3d2515,3d48daa5,3d38f9b6,bf2baa54,bf3d2514,3d48da9d,3d38f9b5,1

8240,193,128,17,55,16199,-2017,-3709,-5,-1252,bf2ba298,bf3d2c6a,3d48adab,3d38d731,bf2ba299,bf3d2c69,3d48ada3,3d38d72f,1

8241,169,121,13,47,16211,-2058,-3675,41,-1234,bf2b98c0,bf3d35c0,3d487a02,3d38a550,bf2b98c1,bf3d35bf,3d4879fa,3d38a54e,1

8242,156,133,9,55,16225,-2044,-3697,-7,-1277,bf2b8f3e,bf3d3e94,3d486471,3d388573,bf2b8f3f,bf3d3e93,3d486469,3d388571,1

8243,176,130,11,46,16221,-2056,-3679,-51,-1209,bf2b85e8,bf3d4761,3d4839d6,3d385b5e,bf2b85e9,bf3d4760,3d4839ce,3d385b5c,1

8244,174,120,9,53,16220,-2076,-3679,-51,-1209,bf2b7c6a,bf3d5063,3d4809fb,3d382486,bf2b7c6a,bf3d5061,3d4809f2,3d382483,1

8245,187,124,14,55,16198,-2051,-3693,-37,-1239,bf2b7463,bf3d57fd,3d47ddc5,3d37fbd9,bf2b7463,bf3d57fb,3d47ddbc,3d37fbd6,1

8246,194,122,19,35,16195,-2052,-3691,-21,-1167,bf2b6b70,bf3d6094,3d4795ad,3d37c841,bf2b6b71,bf3d6094,3d4795a5,3d37c840,1

8247,190,126,16,74,16164,-2034,-3691,-21,-1167,bf2b6271,bf3d6931,3d475a3e,3d378f13,bf2b6271,bf3d692f,3d475a35,3d378f11,1

8248,174,135,30,62,16202,-2044,-3679,-33,-1261,bf2b5a47,bf3d70c8,3d473108,3d3783d5,bf2b5a48,bf3d70c8,3d473100,3d3783d4,1

8249,173,132,43,26,16220,-2045,-3659,-1,-1239,bf2b5191,bf3d78f3,3d46ec0d,3d3781e4,bf2b5191,bf3d78f2,3d46ec04,3d3781e2,1

8250,166,133,35,38,16252,-2100,-3659,-1,-1239,bf2b481b,bf3d81c7,3d46b3a8,3d37774c,bf2b481c,bf3d81c7,3d46b39f,3d37774b,1

8251,178,123,27,26,16208,-2035,-3645,25,-1242,bf2b4008,bf3d896b,3d4676e5,3d375e44,bf2b4008,bf3d896a,3d4676db,3d375e42,1

8252,170,124,11,56,16222,-2081,-3663,-45,-1234,bf2b374e,bf3d919d,3d46524a,3d37334f,bf2b374e,bf3d919c,3d465240,3d37334d,1

8253,172,125,10,24,16237,-2068,-3663,-45,-1234,bf2b2ee0,bf3d9988,3d462a46,3d370e58,bf2b2ee0,bf3d9987,3d462a3c,3d370e56,1

8254,184,124,16,53,16200,-2062,-3735,-21,-1282,bf2b27d8,bf3da021,3d4607c6,3d36ef64,bf2b27d8,bf3da020,3d4607bb,3d36ef61,1

8255,188,122,16,52,16198,-2044,-3687,-29,-1236,bf2b2094,bf3da708,3d45d8de,3d36c72c,bf2b2095,bf3da709,3d45d8d4,3d36c72b,1

8256,192,120,17,47,16218,-2051,-3705,-59,-1286,bf2b1ab5,bf3dac93,3d45b561,3d36abb7,bf2b1ab5,bf3dac93,3d45b555,3d36abb5,1

8257,196,120,20,48,16206,-2076,-3705,-59,-1286,bf2b14e1,bf3db213,3d458f6d,3d369324,bf2b14e0,bf3db213,3d458f60,3d369321,1

8258,204,117,32,52,16204,-2035,-3701,-33,-1272,bf2b0f8e,bf3db732,3d455540,3d367da8,bf2b0f8e,bf3db733,3d455534,3d367da6,1

8259,214,128,43,33,16210,-2049,-3663,11,-1328,bf2b0bfc,bf3dba87,3d4528a7,3d368f54,bf2b0bfc,bf3dba88,3d45289b,3d368f52,1

8260,196,129,49,13,16197,-2027,-3663,11,-1328,bf2b0780,bf3dbeaf,3d44f4a4,3d36aa10,bf2b0780,bf3dbeb0,3d44f498,3d36aa0e,1

8261,184,124,36,12,16251,-2056,-3721,19,-1317,bf2b018c,bf3dc43d,3d44c30a,3d36acf2,bf2b018b,bf3dc43d,3d44c2fe,3d36acf0,1

8262,185,121,24,24,16234,-2069,-3725,-47,-1348,bf2afca6,bf3dc8c1,3d44ab58,3d36aa77,bf2afca7,bf3dc8c3,3d44ab4d,3d36aa76,1

8263,193,118,13,25,16237,-2079,-3725,-47,-1348,bf2af840,bf3dccd6,3d449bfb,3d369b68,bf2af841,bf3dccd7,3d449bef,3d369b67,1

8264,208,116,13,29,16219,-2032,-3709,-23,-1334,bf2af4f4,bf3dcffa,3d448505,3d3686ff,bf2af4f5,bf3dcffb,3d4484f9,3d3686fe,1

8265,205,122,14,23,16183,-2006,-3717,-29,-1343,bf2af1ec,bf3dd2d1,3d4474a4,3d367cec,bf2af1ec,bf3dd2d1,3d447496,3d367cea,1

8266,197,117,17,56,16213,-2076,-3717,-29,-1343,bf2aedbd,bf3dd6b8,3d446401,3d366924,bf2aedbf,bf3dd6b9,3d4463f5,3d366923,1

8267,196,111,32,42,16218,-2057,-3709,-19,-1284,bf2ae848,bf3ddbf8,3d44282e,3d3650a7,bf2ae848,bf3ddbf7,3d44281f,3d3650a3,1

8268,209,112,38,25,16234,-2039,-3653,-15,-1296,bf2ae460,bf3ddfc4,3d43ea33,3d36488a,bf2ae462,bf3ddfc4,3d43ea25,3d364887,1

8269,218,115,36,-7,16266,-2046,-3693,5,-1243,bf2adf83,bf3de489,3d4397df,3d36375f,bf2adf84,bf3de488,3d4397d0,3d36375a,1

8270,233,116,18,11,16255,-2046,-3693,5,-1243,bf2adbb3,bf3de859,3d435aee,3d36148f,bf2adbb3,bf3de857,3d435ade,3d361489,1

8271,233,120,0,7,16225,-2003,-3691,33,-1243,bf2ad837,bf3debd4,3d433097,3d35e49d,bf2ad838,bf3debd3,3d433088,3d35e498,1

8272,212,127,-17,34,16222,-2031,-3723,9,-1283,bf2ad423,bf3defb2,3d43300c,3d35b005,bf2ad423,bf3defb0,3d432ffd,3d35afff,1

8273,201,118,-23,30,16212,-2008,-3723,9,-1283,bf2acfb0,bf3df3f5,3d432cf0,3d356d71,bf2acfb1,bf3df3f3,3d432ce1,3d356d6c,1

8274,186,120,-13,15,16225,-2016,-3713,-37,-1242,bf2ac987,bf3df9cf,3d4316ac,3d3530dd,bf2ac988,bf3df9cd,3d43169d,3d3530d8,1

8275,173,118,-26,24,16209,-2015,-3685,17,-1255,bf2ac2d8,bf3e001f,3d431021,3d34e637,bf2ac2da,bf3e001f,3d431013,3d34e632,1

8276,165,122,-29,22,16233,-2061,-3685,17,-1255,bf2abb4e,bf3e072a,3d431107,3d349d4a,bf2abb4f,bf3e072a,3d4310f7,3d349d45,1

8277,174,126,-30,30,16203,-2038,-3671,-31,-1224,bf2ab428,bf3e0ddc,3d4311cd,3d3452f4,bf2ab428,bf3e0dda,3d4311bc,3d3452ee,1

8278,169,131,-32,49,16182,-2041,-3707,-11,-1236,bf2aacba,bf3e14c4,3d431c83,3d3407e6,bf2aacba,bf3e14c2,3d431c72,3d3407e0,1

8279,169,128,-31,49,16223,-2055,-3707,-11,-1236,bf2aa54b,bf3e1bb3,3d43238b,3d33bb51,bf2aa54b,bf3e1bb2,3d43237a,3d33bb4c,1

8280,169,123,-22,65,16191,-2050,-3651,-41,-1239,bf2a9e61,bf3e2227,3d43257d,3d337539,bf2a9e61,bf3e2226,3d43256c,3d337534,1

8281,175,130,-13,51,16207,-2031,-3711,-31,-1222,bf2a9757,bf3e28bd,3d4318b6,3d333921,bf2a9758,bf3e28bd,3d4318a5,3d33391d,1

8282,170,134,-4,41,16217,-2048,-3677,-57,-1178,bf2a8f2d,bf3e305e,3d42fde7,3d330467,bf2a8f2d,bf3e305d,3d42fdd5,3d330463,1

8283,164,135,-4,51,16220,-2065,-3677,-57,-1178,bf2a8690,bf3e3861,3d42e658,3d32cee5,bf2a8690,bf3e3860,3d42e646,3d32cee1,1

8284,186,134,8,55,16207,-2062,-3691,-59,-1213,bf2a8010,bf3e3e72,3d42c971,3d32ab7c,bf2a8011,bf3e3e72,3d42c960,3d32ab79,1

8285,197,128,19,52,16218,-2066,-3661,-29,-1220,bf2a7a69,bf3e43cb,3d429d05,3d328f11,bf2a7a69,bf3e43cb,3d429cf3,3d328f0e,1

8286,205,130,21,29,16231,-2022,-3661,-29,-1220,bf2a75b5,bf3e4847,3d426b6b,3d327b1f,bf2a75b5,bf3e4847,3d426b59,3d327b1c,1

8287,201,128,6,20,16235,-2013,-3689,13,-1232,bf2a70eb,bf3e4cdb,3d4244b9,3d3257e1,bf2a70ea,bf3e4cda,3d4244a7,3d3257dd,1

8288,188,122,-2,21,16221,-2045,-3697,-21,-1271,bf2a6c25,bf3e5159,3d423003,3d323252,bf2a6c25,bf3e5158,3d422ff2,3d32324f,1

8289,183,126,-11,28,16201,-2007,-3697,-21,-1271,bf2a6782,bf3e55af,3d4228e9,3d32073d,bf2a6782,bf3e55ae,3d4228d8,3d32073a,1

8290,164,134,-9,30,16224,-2019,-3657,-27,-1237,bf2a60f4,bf3e5bbb,3d4220bf,3d31de8b,bf2a60f4,bf3e5bba,3d4220ae,3d31de88,1

8291,157,126,-15,50,16223,-2081,-3691,-21,-1213,bf2a58c5,bf3e635b,3d42133b,3d319c60,bf2a58c5,bf3e635a,3d42132b,3d319c5d,1

8292,161,132,-18,46,16193,-2054,-3691,-21,-1213,bf2a511b,bf3e6a75,3d420cb8,3d315ec5,bf2a511c,bf3e6a75,3d420ca9,3d315ec3,1

8293,171,123,2,61,16195,-2052,-3685,-25,-1282,bf2a4bda,bf3e6f55,3d4201eb,3d313a1d,bf2a4bdb,bf3e6f55,3d4201dc,3d313a1b,1

8294,177,122,17,37,16225,-2059,-3695,-31,-1256,bf2a4641,bf3e7498,3d41da11,3d31205c,bf2a4642,bf3e7498,3d41da02,3d31205a,1

8295,174,127,15,53,16216,-2030,-3755,-3,-1340,bf2a42aa,bf3e77d9,3d41d55d,3d3118a6,bf2a42aa,bf3e77d9,3d41d54d,3d3118a3,1

8296,167,131,11,38,16229,-2070,-3755,-3,-1340,bf2a3e31,bf3e7bdb,3d41d637,3d31140c,bf2a3e32,bf3e7bdc,3d41d628,3d311409,1

8297,179,133,9,41,16231,-2061,-3715,-15,-1242,bf2a3853,bf3e8150,3d41bab9,3d30f80d,bf2a3852,bf3e814f,3d41baa8,3d30f808,1

8298,188,133,6,40,16232,-2052,-3701,-19,-1268,bf2a33e8,bf3e8567,3d41aadf,3d30e219,bf2a33e9,bf3e8568,3d41aad1,3d30e216,1

8299,186,134,3,28,16227,-2032,-3701,-19,-1268,bf2a2f9e,bf3e895e,3d419caf,3d30cce5,bf2a2f9d,bf3e895e,3d419ca0,3d30cce0,1

8300,185,128,-13,46,16206,-2051,-3717,51,-1279,bf2a2b0e,bf3e8d9d,3d419b90,3d309de0,bf2a2b0e,bf3e8d9f,3d419b82,3d309ddc,1

8301,180,133,-9,29,16230,-2072,-3695,29,-1253,bf2a2587,bf3e92bb,3d419248,3d307667,bf2a2585,bf3e92bb,3d419238,3d307660,1

8302,193,123,-8,62,16195,-2053,-3695,29,-1253,bf2a2115,bf3e96f3,3d4183f5,3d30404b,bf2a2114,bf3e96f5,3d4183e6,3d304045,1

8303,193,128,5,36,16199,-2036,-3697,33,-1198,bf2a1b6a,bf3e9c5d,3d415704,3d301130,bf2a1b68,bf3e9c5e,3d4156f4,3d301129,1

8304,190,130,3,40,16222,-2001,-3685,-73,-1274,bf2a187a,bf3e9f1a,3d414cee,3d2ffc53,bf2a1877,bf3e9f1a,3d414cdd,3d2ffc4b,1

8305,181,128,-3,50,16192,-2033,-3685,-73,-1274,bf2a14a4,bf3ea2a5,3d4149f4,3d2fdd8a,bf2a14a2,bf3ea2a5,3d4149e3,3d2fdd82,1

8306,170,128,4,55,16197,-2044,-3661,-35,-1305,bf2a10cf,bf3ea61f,3d414bbe,3d2fcadf,bf2a10cf,bf3ea621,3d414baf,3d2fcad9,1

8307,174,134,9,48,16224,-2055,-3669,5,-1300,bf2a0cc8,bf3ea9c4,3d414847,3d2fc104,bf2a0cc6,bf3ea9c4,3d414837,3d2fc0fd,1

8308,173,129,7,29,16229,-2060,-3689,-23,-1248,bf2a0759,bf3eaecf,3d412dee,3d2fa6d2,bf2a0759,bf3eaed0,3d412de0,3d2fa6cc,1

8309,181,133,4,23,16215,-2041,-3689,-23,-1248,bf2a02a5,bf3eb32b,3d41187d,3d2f8fc9,bf2a02a4,bf3eb32b,3d41186e,3d2f8fc2,1

8310,189,130,-1,27,16214,-2025,-3697,-25,-1306,bf2a0043,bf3eb559,3d41192e,3d2f8080,bf2a0042,bf3eb559,3d41191f,3d2f8079,1

8311,168,124,-8,51,16224,-2052,-3713,7,-1266,bf29fb09,bf3eba35,3d411081,3d2f5137,bf29fb08,bf3eba35,3d411072,3d2f5130,1

8312,150,128,-5,51,16233,-2074,-3713,7,-1266,bf29f47b,bf3ec038,3d4109c8,3d2f27ce,bf29f47b,bf3ec039,3d4109b9,3d2f27c8,1

8313,168,135,-2,53,16227,-2067,-3719,-45,-1257,bf29ef24,bf3ec51b,3d41055a,3d2f0957,bf29ef23,bf3ec51c,3d41054a,3d2f0950,1

8314,190,136,3,81,16204,-2060,-3685,11,-1250,bf29eafb,bf3ec8f6,3d40fcc5,3d2ee946,bf29eafa,bf3ec8f7,3d40fcb5,3d2ee93f,1

8315,198,135,3,70,16171,-2045,-3685,11,-1250,bf29e77a,bf3ecc3c,3d40f0c2,3d2ecb0e,bf29e779,bf3ecc3d,3d40f0b2,3d2ecb07,1

8316,190,126,22,36,16221,-2021,-3745,9,-1261,bf29e3d6,bf3ecfb8,3d40c3b1,3d2ebae1,bf29e3d5,bf3ecfb9,3d40c3a1,3d2ebada,1

8317,176,128,25,29,16189,-2004,-3701,-31,-1185,bf29dde7,bf3ed558,3d408313,3d2ea0c9,bf29dde5,bf3ed558,3d408302,3d2ea0c2,1

8318,157,125,23,16,16229,-2059,-3701,-31,-1185,bf29d65a,bf3edc6c,3d404220,3d2e8373,bf29d659,bf3edc6c,3d404210,3d2e836c,1

8319,156,129,18,52,16210,-2047,-3667,-23,-1218,bf29cfd7,bf3ee278,3d401b00,3d2e68ac,bf29cfd6,bf3ee278,3d401af0,3d2e68a5,1

8320,158,134,21,34,16229,-2058,-3651,-27,-1350,bf29cd35,bf3ee4b5,3d40226b,3d2e7d59,bf29cd35,bf3ee4b6,3d40225c,3d2e7d53,1

8321,166,135,21,27,16233,-2070,-3647,15,-1220,bf29c718,bf3eea5a,3d3ff8c2,3d2e7040,bf29c718,bf3eea5b,3d3ff8b3,3d2e703a,1

8322,184,127,14,38,16219,-2044,-3647,15,-1220,bf29c27d,bf3eeeb6,3d3fcfa9,3d2e53db,bf29c27d,bf3eeeb7,3d3fcf9a,3d2e53d5,1

8323,180,130,14,45,16198,-2041,-3657,-37,-1168,bf29bc9c,bf3ef443,3d3f9f3d,3d2e2e9e,bf29bc9c,bf3ef443,3d3f9f2e,3d2e2e97,1

8324,175,126,18,33,16244,-2078,-3675,31,-1267,bf29b844,bf3ef84e,3d3f7e7e,3d2e1f74,bf29b844,bf3ef84e,3d3f7e6e,3d2e1f6d,1

8325,179,123,12,32,16245,-2055,-3675,31,-1267,bf29b485,bf3efbd6,3d3f6088,3d2e087a,bf29b485,bf3efbd6,3d3f6078,3d2e0873,1

8326,195,126,5,47,16228,-2060,-3695,-55,-1253,bf29b1b1,bf3efe86,3d3f4d97,3d2dec23,bf29b1b1,bf3efe86,3d3f4d87,3d2dec1c,1

8327,209,129,2,38,16209,-2040,-3653,-19,-1234,bf29af76,bf3f00b3,3d3f37c6,3d2dce65,bf29af76,bf3f00b3,3d3f37b6,3d2dce5e,1

8328,217,133,3,25,16225,-2033,-3653,-19,-1234,bf29add3,bf3f0251,3d3f21a3,3d2db8c6,bf29add2,bf3f0250,3d3f2192,3d2db8be,1

8329,203,127,-3,48,16197,-2047,-3677,1,-1206,bf29aa47,bf3f05be,3d3f061a,3d2d8869,bf29aa47,bf3f05bf,3d3f060b,3d2d8862,1

8330,190,126,0,62,16177,-2037,-3671,-5,-1243,bf29a712,bf3f08cb,3d3ef634,3d2d60b0,bf29a712,bf3f08cc,3d3ef625,3d2d60a8,1

8331,169,126,6,47,16195,-2046,-3671,-5,-1243,bf29a279,bf3f0d15,3d3edee3,3d2d4043,bf29a279,bf3f0d16,3d3eded4,3d2d403b,1

8332,165,139,13,32,16185,-2027,-3685,-51,-1290,bf299f49,bf3f0fe8,3d3edbc2,3d2d446f,bf299f48,bf3f0fe9,3d3edbb2,3d2d4466,1

8333,152,131,18,36,16189,-2048,-3637,-43,-1285,bf299b1d,bf3f13aa,3d3ece7f,3d2d43e0,bf299b1c,bf3f13ab,3d3ece6f,3d2d43d7,1

8334,149,130,22,25,16213,-2069,-3663,-49,-1279,bf29964e,bf3f1805,3d3eb7c5,3d2d4561,bf29964c,bf3f1805,3d3eb7b4,3d2d4558,1

8335,160,133,21,5,16236,-2064,-3663,-49,-1279,bf29924e,bf3f1ba0,3d3ea093,3d2d4de2,bf29924c,bf3f1ba0,3d3ea082,3d2d4dd9,1

8336,151,133,4,22,16249,-2080,-3719,21,-1229,bf298bc1,bf3f21a7,3d3e861f,3d2d2e8b,bf298bc0,bf3f21a9,3d3e8610,3d2d2e83,1

8337,166,127,-5,37,16242,-2083,-3719,-39,-1272,bf2987b1,bf3f2562,3d3e83fe,3d2d0e88,bf2987af,bf3f2562,3d3e83ee,3d2d0e7e,1

8338,185,124,-2,36,16215,-2063,-3719,-39,-1272,bf298510,bf3f27dc,3d3e7ab6,3d2cefda,bf29850e,bf3f27dc,3d3e7aa6,3d2cefd0,1

8339,188,127,-2,43,16231,-2076,-3651,11,-1199,bf298098,bf3f2c17,3d3e5e66,3d2cc0cc,bf298098,bf3f2c19,3d3e5e59,3d2cc0c4,1

8340,186,123,-8,22,16226,-2049,-3679,-3,-1262,bf297e08,bf3f2e89,3d3e53fe,3d2c9cbc,bf297e07,bf3f2e8a,3d3e53f0,3d2c9cb3,1

8341,188,121,-15,32,16216,-2064,-3679,-3,-1262,bf297b78,bf3f30fb,3d3e50d1,3d2c6ea0,bf297b77,bf3f30fb,3d3e50c2,3d2c6e96,1

8342,188,126,-18,31,16225,-2048,-3669,-15,-1210,bf2977ca,bf3f347c,3d3e44e7,3d2c36b2,bf2977ca,bf3f347c,3d3e44d9,3d2c36a9,1

8343,187,121,-11,20,16221,-2044,-3643,-77,-1280,bf29767a,bf3f35bd,3d3e4773,3d2c196d,bf29767a,bf3f35bd,3d3e4764,3d2c1964,1

8344,191,125,-14,32,16232,-2060,-3643,-77,-1280,bf297542,bf3f36e1,3d3e52a3,3d2bfb5d,bf297543,bf3f36e2,3d3e5295,3d2bfb55,1

8345,195,125,-22,28,16227,-2065,-3695,-73,-1267,bf2973a7,bf3f386a,3d3e5d81,3d2bd175,bf2973a6,bf3f3869,3d3e5d71,3d2bd16b,1

8346,212,118,-20,49,16173,-2039,-3719,-59,-1254,bf2972dd,bf3f3950,3d3e5c12,3d2b99df,bf2972dc,bf3f394f,3d3e5c02,3d2b99d5,1

8347,201,121,-15,53,16190,-2059,-3689,-11,-1216,bf297004,bf3f3c1c,3d3e4beb,3d2b5d5e,bf297004,bf3f3c1c,3d3e4bdc,3d2b5d54,1

8348,200,125,-5,24,16234,-2039,-3689,-11,-1216,bf296d5a,bf3f3ebb,3d3e2f88,3d2b33de,bf296d59,bf3f3eba,3d3e2f79,3d2b33d3,1

8349,190,129,-8,40,16243,-2052,-3699,25,-1231,bf296a27,bf3f41c5,3d3e1f2b,3d2b092c,bf296a27,bf3f41c5,3d3e1f1d,3d2b0922,1

8350,184,135,-22,72,16170,-2049,-3695,-21,-1235,bf2966f3,bf3f44bb,3d3e2d3a,3d2ad57d,bf2966f3,bf3f44bb,3d3e2d2c,3d2ad573,1

8351,191,131,-10,92,16160,-2028,-3695,-21,-1235,bf296472,bf3f471e,3d3e2e7e,3d2aa513,bf296472,bf3f471e,3d3e2e70,3d2aa509,1

8352,193,134,20,51,16225,-2063,-3721,-55,-1250,bf29621b,bf3f4951,3d3e12a5,3d2a9fe1,bf29621a,bf3f4951,3d3e1296,3d2a9fd7,1

8353,198,140,29,42,16214,-2054,-3729,-27,-1287,bf29610c,bf3f4a44,3d3dfc97,3d2ab349,bf29610c,bf3f4a45,3d3dfc89,3d2ab340,1

8354,197,130,24,10,16247,-2036,-3729,-27,-1287,bf296041,bf3f4b0d,3d3ddc6b,3d2abf20,bf296040,bf3f4b0d,3d3ddc5c,3d2abf16,1

8355,193,128,7,19,16240,-2054,-3671,29,-1337,bf2960ab,bf3f4aa3,3d3de2c3,3d2ac66c,bf2960ab,bf3f4aa4,3d3de2b5,3d2ac663,1

8356,198,122,-11,27,16201,-2013,-3753,-43,-1235,bf295ec8,bf3f4c8d,3d3dcea1,3d2a97f7,bf295ec7,bf3f4c8d,3d3dce92,3d2a97ed,1

8357,188,126,-15,44,16196,-2029,-3753,-43,-1235,bf295c1a,bf3f4f21,3d3dc622,3d2a65f2,bf295c19,bf3f4f21,3d3dc613,3d2a65e8,1

8358,170,131,-10,48,16209,-2038,-3743,27,-1251,bf29585c,bf3f529c,3d3dc054,3d2a3c70,bf29585a,bf3f529c,3d3dc045,3d2a3c65,1

8359,164,127,-6,61,16180,-2023,-3729,7,-1213,bf295384,bf3f572b,3d3daaa9,3d2a06fd,bf295382,bf3f572c,3d3daa9a,3d2a06f3,1

8360,153,138,5,48,16194,-2048,-3729,5,-1266,bf294f2f,bf3f5b13,3d3da513,3d29f7f0,bf294f2d,bf3f5b14,3d3da504,3d29f7e6,1

8361,143,135,2,43,16242,-2070,-3729,5,-1266,bf294a18,bf3f5fab,3d3d9fc3,3d29e3cf,bf294a16,bf3f5fac,3d3d9fb4,3d29e3c5,1

8362,143,131,-1,30,16220,-2063,-3705,-15,-1260,bf294525,bf3f6428,3d3d97ec,3d29ccb2,bf294523,bf3f6428,3d3d97dd,3d29cca7,1

8363,154,129,0,63,16241,-2095,-3701,-19,-1258,bf294099,bf3f684c,3d3d9321,3d29ae32,bf294098,bf3f684d,3d3d9313,3d29ae27,1

8364,171,127,4,51,16229,-2090,-3701,-19,-1258,bf293d33,bf3f6b72,3d3d855e,3d29950e,bf293d32,bf3f6b73,3d3d8551,3d299503,1

8365,186,129,10,46,16226,-2067,-3701,-25,-1248,bf293ac2,bf3f6dc1,3d3d6e25,3d298306,bf293ac1,bf3f6dc2,3d3d6e18,3d2982fb,1

8366,189,131,6,34,16241,-2077,-3689,37,-1311,bf293a20,bf3f6e4f,3d3d6fd3,3d2981e8,bf293a20,bf3f6e50,3d3d6fc6,3d2981dd,1

8367,182,120,2,52,16163,-2007,-3689,37,-1311,bf2939f6,bf3f6e87,3d3d6f34,3d296e24,bf2939f6,bf3f6e88,3d3d6f27,3d296e19,1

8368,166,126,1,43,16173,-2009,-3741,9,-1250,bf2936b8,bf3f7196,3d3d5a32,3d294cf1,bf2936b7,bf3f7197,3d3d5a25,3d294ce6,1

8369,140,134,5,48,16184,-2058,-3699,-27,-1266,bf293210,bf3f75c6,3d3d562d,3d293dc1,bf29320f,bf3f75c6,3d3d561f,3d293db5,1

8370,129,132,6,23,16231,-2085,-3699,-27,-1266,bf292c7d,bf3f7ac7,3d3d4ba7,3d293232,bf292c7c,bf3f7ac8,3d3d4b9a,3d293226,1

8371,139,128,3,52,16227,-2094,-3695,-35,-1290,bf292851,bf3f7e81,3d3d4f88,3d2921b9,bf292850,bf3f7e82,3d3d4f7b,3d2921ad,1

8372,154,135,1,48,16228,-2100,-3699,-53,-1154,bf292165,bf3f84e6,3d3d2f2e,3d28f57e,bf292163,bf3f84e6,3d3d2f20,3d28f571,1

8373,169,125,-2,47,16252,-2110,-3657,25,-1268,bf291e53,bf3f87bb,3d3d2972,3d28d9b6,bf291e52,bf3f87bb,3d3d2965,3d28d9a9,1

8374,178,120,-6,55,16207,-2056,-3657,25,-1268,bf291c7e,bf3f897e,3d3d23b4,3d28b48a,bf291c7d,bf3f897e,3d3d23a7,3d28b47d,1

8375,188,123,3,57,16222,-2067,-3651,45,-1266,bf291b07,bf3f8aef,3d3d15d0,3d289970,bf291b07,bf3f8af0,3d3d15c4,3d289963,1

8376,192,127,2,32,16185,-2029,-3685,-43,-1216,bf291902,bf3f8ced,3d3cf948,3d287c74,bf291901,bf3f8cec,3d3cf93a,3d287c65,1

8377,175,125,-1,58,16176,-2041,-3685,-43,-1216,bf2915d4,bf3f8ff4,3d3ce406,3d28546e,bf2915d4,bf3f8ff3,3d3ce3f9,3d28545f,1

8378,156,130,3,57,16187,-2061,-3695,-13,-1233,bf29118a,bf3f93e7,3d3cd381,3d283663,bf29118b,bf3f93e7,3d3cd375,3d283654,1

8379,148,131,12,54,16213,-2088,-3675,-19,-1228,bf290c71,bf3f9891,3d3cbb08,3d2821d5,bf290c71,bf3f988f,3d3cbafb,3d2821c5,1

8380,152,127,19,53,16202,-2078,-3675,-19,-1228,bf2907be,bf3f9ce7,3d3c9797,3d281007,bf2907c0,bf3f9ce8,3d3c978c,3d280ff9,1

8381,159,122,28,23,16245,-2092,-3661,7,-1202,bf29029a,bf3fa1be,3d3c57ef,3d27ffff,bf29029a,bf3fa1bd,3d3c57e2,3d27ffef,1

8382,164,129,15,24,16234,-2073,-3717,-73,-1299,bf29011d,bf3fa30e,3d3c4fa1,3d28080a,bf29011d,bf3fa30e,3d3c4f94,3d2807fb,1

8383,174,128,1,58,16223,-2085,-3717,-73,-1299,bf29002e,bf3fa3e3,3d3c5ae6,3d27fb90,bf29002d,bf3fa3e2,3d3c5ad8,3d27fb80,1

8384,193,132,-2,46,16208,-2088,-3667,13,-1248,bf28fe9b,bf3fa562,3d3c53a0,3d27e451,bf28fe9a,bf3fa561,3d3c5392,3d27e441,1

8385,203,128,4,53,16221,-2097,-3701,-9,-1178,bf28fb9c,bf3fa850,3d3c2c33,3d27b9ff,bf28fb9d,bf3fa851,3d3c2c27,3d27b9f1,1

8386,203,120,10,37,16182,-2040,-3693,31,-1204,bf28f9c8,bf3faa40,3d3bf947,3d2794f4,bf28f9c8,bf3faa40,3d3bf93a,3d2794e6,1

8387,195,123,6,33,16201,-2063,-3693,31,-1204,bf28f73b,bf3faccb,3d3bcd58,3d276fd3,bf28f73a,bf3facca,3d3bcd4a,3d276fc4,1

8388,175,125,5,48,16204,-2057,-3699,-49,-1235,bf28f4d0,bf3faf1a,3d3bb7ac,3d2754e3,bf28f4d0,bf3faf1b,3d3bb7a0,3d2754d5,1

8389,168,123,9,30,16222,-2071,-3695,-21,-1227,bf28f176,bf3fb245,3d3b9529,3d273b56,bf28f175,bf3fb245,3d3b951c,3d273b47,1

8390,178,124,4,38,16208,-2072,-3695,-21,-1227,bf28eec6,bf3fb4da,3d3b79ba,3d271d5b,bf28eec5,bf3fb4db,3d3b79ae,3d271d4d,1

8391,186,127,4,56,16177,-2065,-3713,-7,-1188,bf28eb6b,bf3fb817,3d3b550d,3d26f27d,bf28eb6a,bf3fb818,3d3b5501,3d26f26f,1

8392,186,122,7,26,16237,-2065,-3695,-35,-1272,bf28eadf,bf3fb8af,3d3b4343,3d26e609,bf28eadd,bf3fb8ae,3d3b4336,3d26e5fa,1

8393,184,117,9,28,16193,-2040,-3695,-35,-1272,bf28ea7b,bf3fb92c,3d3b2b55,3d26d5e6,bf28ea7a,bf3fb92d,3d3b2b4a,3d26d5d9,1

8394,179,124,7,43,16202,-2083,-3695,17,-1234,bf28e7d1,bf3fbbbb,3d3b0e25,3d26b981,bf28e7cf,bf3fbbbb,3d3b0e19,3d26b974,1

8395,179,131,1,24,16211,-2058,-3727,-29,-1250,bf28e612,bf3fbd5f,3d3b0031,3d26a8ad,bf28e610,bf3fbd5f,3d3b0025,3d26a8a1,1

8396,184,128,-8,28,16228,-2100,-3727,-29,-1250,bf28e435,bf3fbf24,3d3af9dc,3d268c34,bf28e433,bf3fbf24,3d3af9d0,3d268c28,1

8397,188,128,-10,49,16198,-2069,-3741,-17,-1261,bf28e336,bf3fc01e,3d3afb82,3d266b9d,bf28e334,bf3fc01f,3d3afb76,3d266b92,1

8398,188,121,-2,67,16184,-2061,-3675,17,-1281,bf28e313,bf3fc056,3d3afbac,3d264eca,bf28e311,bf3fc057,3d3afba0,3d264ebf,1

8399,186,129,4,54,16188,-2058,-3657,35,-1260,bf28e21c,bf3fc14b,3d3af1dc,3d263c28,bf28e21a,bf3fc14c,3d3af1d0,3d263c1d,1

8400,174,123,12,65,16207,-2052,-3657,35,-1260,bf28e083,bf3fc2d9,3d3add52,3d262790,bf28e081,bf3fc2da,3d3add46,3d262785,1

8401,166,123,17,33,16194,-2052,-3673,37,-1253,bf28de12,bf3fc52b,3d3aba64,3d261aee,bf28de10,bf3fc52c,3d3aba58,3d261ae3,1

8402,155,126,11,19,16203,-2027,-3657,-41,-1210,bf28da69,bf3fc899,3d3a950c,3d2607a2,bf28da68,bf3fc89a,3d3a9501,3d260798,1

8403,133,134,7,15,16204,-2041,-3657,-41,-1210,bf28d539,bf3fcd51,3d3a7bc3,3d25f857,bf28d537,bf3fcd50,3d3a7bb6,3d25f84c,1

8404,108,128,-3,34,16213,-2081,-3659,1,-1225,bf28ce5a,bf3fd386,3d3a6f03,3d25d628,bf28ce59,bf3fd386,3d3a6ef7,3d25d61e,1

8405,112,125,-15,34,16253,-2102,-3645,-39,-1243,bf28c875,bf3fd8d1,3d3a7553,3d25aeaa,bf28c875,bf3fd8d2,3d3a7548,3d25aea1,1

8406,128,124,-25,40,16235,-2106,-3645,-39,-1243,bf28c39b,bf3fdd32,3d3a8529,3d257d58,bf28c39a,bf3fdd32,3d3a851e,3d257d4e,1

8407,148,124,-32,54,16233,-2123,-3687,-41,-1256,bf28c020,bf3fe056,3d3aa04f,3d2545f9,bf28c01f,bf3fe056,3d3aa044,3d2545ef,1

8408,155,125,-28,60,16193,-2091,-3723,-37,-1239,bf28bcc8,bf3fe36a,3d3ab020,3d250c05,bf28bcc7,bf3fe36a,3d3ab014,3d250bfb,1

8409,158,121,-20,57,16223,-2119,-3723,-37,-1239,bf28b959,bf3fe69a,3d3ab3c2,3d24d662,bf28b958,bf3fe69a,3d3ab3b6,3d24d658,1

8410,167,122,-15,63,16202,-2105,-3689,7,-1189,bf28b51b,bf3fea9b,3d3aa1a1,3d249745,bf28b51a,bf3fea9b,3d3aa195,3d24973b,1

8411,172,120,-16,66,16198,-2102,-3649,15,-1213,bf28b211,bf3fed81,3d3a98a4,3d245dc2,bf28b211,bf3fed81,3d3a9899,3d245db8,1

8412,174,119,-8,38,16219,-2112,-3649,15,-1213,bf28af10,bf3ff063,3d3a8183,3d24309a,bf28af10,bf3ff063,3d3a8178,3d243090,1

8413,189,122,-12,42,16222,-2100,-3685,65,-1205,bf28ac90,bf3ff2da,3d3a6813,3d23fb65,bf28ac90,bf3ff2da,3d3a6808,3d23fb5b,1

8414,197,123,-5,48,16195,-2055,-3659,47,-1173,bf28aa54,bf3ff524,3d3a410f,3d23c69b,bf28aa54,bf3ff524,3d3a4104,3d23c691,1

8415,194,119,-5,47,16214,-2083,-3687,-25,-1141,bf28a712,bf3ff863,3d3a11a8,3d238902,bf28a713,bf3ff864,3d3a119e,3d2388f8,1

8416,185,124,-4,46,16200,-2070,-3687,-25,-1141,bf28a363,bf3ffbfa,3d39e5c1,3d23511e,bf28a363,bf3ffbf9,3d39e5b6,3d235113,1

8417,184,122,-8,43,16219,-2087,-3665,-17,-1188,bf28a0de,bf3ffe74,3d39ca98,3d2321e6,bf28a0de,bf3ffe73,3d39ca8d,3d2321da,1

8418,187,123,-13,51,16241,-2111,-3663,-43,-1180,bf289e40,bf4000ff,3d39b695,3d22edb9,bf289e40,bf4000fe,3d39b68a,3d22edad,1

8419,187,120,-23,52,16224,-2094,-3663,-43,-1180,bf289be3,bf400356,3d39a9da,3d22adaf,bf289be3,bf400355,3d39a9ce,3d22ada3,1

8420,190,121,-27,72,16174,-2098,-3679,-13,-1213,bf289a64,bf4004da,3d39ad31,3d226d71,bf289a64,bf4004d8,3d39ad24,3d226d65,1

8421,199,120,-18,92,16166,-2063,-3673,-3,-1139,bf2897bd,bf40078b,3d39917b,3d221cb7,bf2897bf,bf40078b,3d399170,3d221cad,1

8422,188,124,-1,67,16197,-2064,-3673,-3,-1139,bf289460,bf400adb,3d396420,3d21e3c8,bf289461,bf400ada,3d396414,3d21e3bd,1

8423,176,132,8,38,16209,-2095,-3633,15,-1214,bf289211,bf400d09,3d394920,3d21d61a,bf289211,bf400d07,3d394913,3d21d60e,1

8424,185,132,6,41,16224,-2098,-3649,-27,-1285,bf2892c7,bf400c61,3d394c66,3d21dc19,bf2892c7,bf400c60,3d394c59,3d21dc0e,1

8425,187,128,2,68,16169,-2045,-3649,-27,-1285,bf28944d,bf400b08,3d3954fa,3d21d4f1,bf28944d,bf400b06,3d3954ec,3d21d4e5,1

8426,183,132,10,54,16214,-2070,-3631,-51,-1183,bf28922a,bf400d18,3d3934bd,3d21c1fe,bf28922a,bf400d16,3d3934af,3d21c1f2,1

8427,169,124,11,46,16210,-2072,-3649,11,-1208,bf288f88,bf400f9f,3d390e7b,3d21aa8d,bf288f88,bf400f9d,3d390e6d,3d21aa81,1

8428,176,128,11,47,16227,-2086,-3691,-21,-1223,bf288db0,bf401168,3d38f0d0,3d219b40,bf288db0,bf401166,3d38f0c2,3d219b34,1

8429,184,128,6,42,16229,-2115,-3691,-21,-1223,bf288c05,bf401306,3d38d777,3d218902,bf288c05,bf401304,3d38d76a,3d2188f7,1

8430,195,126,-7,58,16218,-2095,-3667,23,-1223,bf288b3b,bf4013e1,3d38ca11,3d216537,bf288b3c,bf4013e0,3d38ca04,3d21652d,1

8431,190,127,-9,55,16225,-2117,-3657,-23,-1251,bf288b04,bf401423,3d38cd46,3d214c24,bf288b05,bf401422,3d38cd3a,3d214c1a,1

8432,201,121,-14,65,16226,-2097,-3657,-23,-1251,bf288bcf,bf40138c,3d38d12d,3d21275b,bf288bd0,bf40138b,3d38d121,3d212751,1

8433,216,118,-16,73,16184,-2092,-3647,-29,-1188,bf288bb2,bf4013e8,3d38c034,3d20ecf8,bf288bb3,bf4013e7,3d38c028,3d20ecee,1

8434,219,121,-5,86,16193,-2080,-3683,-7,-1264,bf288e0a,bf4011f3,3d38c084,3d20ceb0,bf288e0a,bf4011f1,3d38c076,3d20cea5,1

8435,236,114,5,53,16222,-2075,-3683,-7,-1264,bf289183,bf400f0d,3d38a8d2,3d20bad1,bf289185,bf400f0c,3d38a8c6,3d20bac7,1

8436,238,120,3,62,16223,-2089,-3649,-23,-1203,bf289327,bf400dd7,3d38870d,3d209abb,bf28932a,bf400dd6,3d388702,3d209ab2,1

8437,242,119,1,68,16202,-2076,-3685,-45,-1214,bf28957f,bf400c02,3d386a3e,3d20792b,bf289580,bf400c00,3d386a31,3d207921,1

8438,242,122,7,61,16217,-2091,-3685,-45,-1214,bf28979c,bf400a59,3d3848e2,3d206173,bf28979e,bf400a58,3d3848d5,3d20616a,1

8439,262,118,5,55,16243,-2103,-3675,-67,-1224,bf289b53,bf400749,3d382953,3d204ad9,bf289b54,bf400747,3d382946,3d204acf,1

8440,276,127,4,29,16225,-2067,-3679,13,-1250,bf28a0b0,bf4002af,3d38108c,3d2045d9,bf28a0b2,bf4002ae,3d381080,3d2045cf,1

8441,290,121,6,17,16243,-2020,-3651,-5,-1302,bf28a992,bf3ffae2,3d380457,3d20526e,bf28a994,bf3ffae1,3d38044b,3d205264,1

8442,275,127,-14,53,16230,-2061,-3651,-5,-1302,bf28b0d6,bf3ff473,3d3819d3,3d20493b,bf28b0d8,bf3ff471,3d3819c6,3d204930,1

8443,261,135,-30,54,16195,-2012,-3659,27,-1308,bf28b7dc,bf3fee27,3d38475c,3d20398a,bf28b7de,bf3fee25,3d38474f,3d20397f,1

8444,271,131,-24,49,16203,-2037,-3687,13,-1249,bf28bcf6,bf3fe9bd,3d385022,3d2019ff,bf28bcf8,bf3fe9bb,3d385015,3d2019f4,1

8445,272,136,-25,70,16189,-2046,-3687,13,-1249,bf28c1ec,bf3fe56a,3d386241,3d1ffa08,bf28c1ee,bf3fe568,3d386234,3d1ff9fd,1

8446,289,135,-21,40,16290,-2062,-3679,5,-1309,bf28c9ec,bf3fde45,3d3881db,3d1ff797,bf28c9ee,bf3fde43,3d3881ce,3d1ff78c,1

8447,317,129,-32,74,16250,-2108,-3629,23,-1275,bf28d1ea,bf3fd73a,3d389fa3,3d1fd60a,bf28d1ec,bf3fd738,3d389f96,3d1fd5ff,1

8448,376,126,-29,102,16329,-2135,-3629,23,-1275,bf28dd57,bf3fcd32,3d38b979,3d1fb1ce,bf28dd59,bf3fcd30,3d38b96d,3d1fb1c4,1

8449,444,122,-17,64,16184,-1936,-3665,-21,-1157,bf28eb91,bf3fc0fd,3d388df6,3d1f802b,bf28eb94,bf3fc0fc,3d388deb,3d1f8022,1

8450,441,121,-17,57,16278,-2008,-3667,-31,-1256,bf28fbca,bf3fb2cf,3d3882a9,3d1f6b1a,bf28fbcb,bf3fb2cc,3d38829c,3d1f6b0f,1

8451,441,130,-26,108,16127,-1943,-3667,-31,-1256,bf290c7c,bf3fa422,3d389158,3d1f4b8c,bf290c7e,bf3fa41f,3d38914c,3d1f4b82,1

8452,406,132,-7,95,16170,-1934,-3689,-43,-1291,bf291c12,bf3f965b,3d389aa2,3d1f4953,bf291c14,bf3f9658,3d389a95,3d1f4949,1

8453,346,135,2,84,16136,-1906,-3613,-49,-1200,bf29253a,bf3f8e69,3d3880a6,3d1f3b80,bf29253c,bf3f8e66,3d388099,3d1f3b76,1

8454,285,126,-3,120,16020,-1853,-3685,-49,-1177,bf292a1b,bf3f8a62,3d386143,3d1f09ae,bf292a1d,bf3f8a5f,3d386137,3d1f09a4,1

8455,223,144,17,57,16287,-2006,-3685,-49,-1177,bf292966,bf3f8b2e,3d38379b,3d1f0606,bf292969,bf3f8b2c,3d383790,3d1f05fc,1

8456,234,144,26,24,16235,-1876,-3661,29,-1196,bf292b16,bf3f89dc,3d37fcee,3d1f1337,bf292b18,bf3f89da,3d37fce3,3d1f132d,1

8457,192,136,-6,42,16193,-1858,-3675,-63,-1307,bf292ea9,bf3f869a,3d38100e,3d1f1b57,bf292eab,bf3f8698,3d381003,3d1f1b4d,1

8458,133,147,-24,38,16284,-1961,-3675,-63,-1307,bf292d1a,bf3f87cd,3d384201,3d1f1aa6,bf292d1b,bf3f87ca,3d3841f5,3d1f1a9b,1

8459,132,166,-40,24,16256,-1919,-3659,-49,-1127,bf292660,bf3f8dcc,3d385682,3d1eef3b,bf292663,bf3f8dcb,3d385678,3d1eef32,1

8460,136,173,-62,6,16351,-1967,-3643,-43,-1177,bf292100,bf3f9272,3d3892bd,3d1ec9e3,bf292101,bf3f9270,3d3892b2,3d1ec9d8,1

8461,153,185,-95,9,16438,-2073,-3643,-43,-1177,bf291bba,bf3f96de,3d38fc7b,3d1e9412,bf291bbb,bf3f96dc,3d38fc70,3d1e9407,1

8462,214,184,-154,9,16443,-2096,-3713,-23,-1209,bf291ad3,bf3f975f,3d39a0f9,3d1e3122,bf291ad3,bf3f975d,3d39a0ed,3d1e3116,1

8463,474,117,-250,109,15895,-1838,-3655,-59,-1236,bf292e8d,bf3f85e8,3d3a7a80,3d1d3e06,bf292e8e,bf3f85e8,3d3a7a75,3d1d3dfb,1

8464,795,60,-279,305,16018,-1971,-3655,-59,-1236,bf295515,bf3f6421,3d3b51ef,3d1be367,bf295515,bf3f6420,3d3b51e3,3d1be35b,1

8465,778,82,-106,264,16223,-2069,-3677,-61,-1151,bf297638,bf3f4747,3d3b689a,3d1b2ef2,bf297638,bf3f4746,3d3b688e,3d1b2ee6,1

8466,925,96,17,143,16020,-1693,-3689,-25,-1310,bf29a932,bf3f1a49,3d3b22c5,3d1b3fc2,bf29a932,bf3f1a48,3d3b22b9,3d1b3fb6,1

8467,880,119,61,66,16140,-1659,-3585,-41,-1210,bf29d5a4,bf3ef31c,3d3a959d,3d1b8492,bf29d5a4,bf3ef31b,3d3a9591,3d1b8486,1

8468,764,155,66,128,16116,-1751,-3585,-41,-1210,bf29f8e9,bf3ed3ce,3d3a3746,3d1bdb7c,bf29f8e9,bf3ed3cc,3d3a3739,3d1bdb70,1

8469,705,145,80,148,16200,-1783,-3691,-31,-1328,bf2a1b58,bf3eb509,3d39ef73,3d1c46e2,bf2a1b59,bf3eb508,3d39ef67,3d1c46d7,1

8470,705,146,115,99,16297,-1791,-3683,-47,-1238,bf2a3a44,bf3e999c,3d395912,3d1cc2b7,bf2a3a45,bf3e999b,3d395906,3d1cc2ac,1

8471,710,150,133,180,16192,-1652,-3683,-47,-1238,bf2a5ad0,bf3e7cb4,3d38c21f,3d1d3ed2,bf2a5ad1,bf3e7cb2,3d38c213,3d1d3ec6,1

8472,679,155,169,156,16065,-1704,-3675,-23,-1285,bf2a796e,bf3e615d,3d381a81,3d1dee2c,bf2a7970,bf3e615d,3d381a76,3d1dee21,1

8473,673,163,231,46,16270,-1708,-3669,-43,-1321,bf2a988b,bf3e4575,3d3735a9,3d1effe1,bf2a988c,bf3e4573,3d37359c,3d1effd5,1

8474,687,161,233,-42,16588,-1843,-3669,-43,-1321,bf2ab6a8,bf3e2a6f,3d363d87,3d2020f5,bf2ab6a9,bf3e2a6d,3d363d7b,3d2020ea,1

8475,675,151,169,149,15822,-1444,-3665,-11,-1201,bf2ad452,bf3e1016,3d357290,3d20ab28,bf2ad454,bf3e1015,3d357284,3d20ab1d,1

8476,595,176,212,30,16485,-1782,-3641,-19,-1279,bf2aeb5b,bf3dfb55,3d34a1c6,3d21a200,bf2aeb5d,bf3dfb54,3d34a1ba,3d21a1f6,1

8477,643,168,213,64,16262,-1590,-3641,-19,-1279,bf2b0759,bf3de228,3d33cb6a,3d228b23,bf2b075a,bf3de226,3d33cb5d,3d228b18,1

8478,645,155,211,101,16104,-1533,-3645,59,-1300,bf2b242f,bf3dc83f,3d32f70c,3d235c1e,bf2b242f,bf3dc83c,3d32f6ff,3d235c13,1

8479,627,170,263,53,16291,-1650,-3685,5,-1236,bf2b3bf9,bf3db2ef,3d31dfd7,3d245fd1,bf2b3bfa,bf3db2ed,3d31dfcb,3d245fc7,1

8480,662,184,299,-5,16398,-1669,-3625,71,-1228,bf2b550a,bf3d9c62,3d30a396,3d259a3a,bf2b550b,bf3d9c60,3d30a38a,3d259a30,1

8481,710,172,283,-354,15554,-807,-3625,71,-1228,bf2b7cc2,bf3d78af,3d2efb25,3d271a05,bf2b7cc3,bf3d78ad,3d2efb19,3d2719fb,1

8482,401,192,98,-142,17597,-2124,-3639,-33,-1313,bf2b84da,bf3d7108,3d2eb067,3d27c4e4,bf2b84dc,bf3d7107,3d2eb05c,3d27c4db,1

8483,244,106,-223,256,16494,-1874,-3703,-61,-1214,bf2b8370,bf3d72a4,3d2f814e,3d268c04,bf2b8373,bf3d72a3,3d2f8144,3d268bfc,1

8484,651,44,-123,172,15763,-1411,-3703,-61,-1214,bf2b9f6d,bf3d5a1a,3d2f8d37,3d25904c,bf2b9f70,bf3d5a19,3d2f8d2d,3d259043,1

8485,681,119,65,-24,16588,-1722,-3687,-19,-1266,bf2bba81,bf3d41d8,3d2f0b7a,3d25c361,bf2bba83,bf3d41d5,3d2f0b6e,3d25c356,1

8486,810,118,64,6,16491,-1606,-3715,-35,-1346,bf2be0fc,bf3d1f07,3d2ea318,3d260bac,bf2be0fe,bf3d1f04,3d2ea30c,3d260ba1,1

8487,916,116,48,11,15957,-1204,-3715,-35,-1346,bf2c131f,bf3cf191,3d2e3f11,3d264964,bf2c1321,bf3cf18e,3d2e3f05,3d264959,1

8488,835,135,83,52,15922,-1147,-3731,-7,-1326,bf2c3f4e,bf3cc96b,3d2dca26,3d269eec,bf2c3f51,bf3cc969,3d2dca1b,3d269ee2,1

8489,684,152,147,9,16065,-1229,-3687,37,-1363,bf2c6162,bf3caa3c,3d2d34d7,3d274c9e,bf2c6165,bf3caa3a,3d2d34cb,3d274c94,1

8490,599,163,190,-12,16164,-1267,-3687,37,-1363,bf2c7cf7,bf3c90e7,3d2c7f5d,3d28298f,bf2c7cf9,bf3c90e3,3d2c7f50,3d282984,1

8491,530,193,212,-71,15298,-593,-3691,41,-1347,bf2c9f74,bf3c7117,3d2bae60,3d29447a,bf2c9f77,bf3c7114,3d2bae55,3d294470,1

8492,283,274,278,-75,16523,-1488,-3671,-11,-1359,bf2ca329,bf3c6cd8,3d2b10d4,3d2ad497,bf2ca32b,bf3c6cd4,3d2b10c8,3d2ad48c,1

8493,231,273,217,-46,16576,-1526,-3741,13,-1362,bf2ca31c,bf3c6c0a,3d2ab6ad,3d2c1c88,bf2ca31f,bf3c6c07,3d2ab6a2,3d2c1c7e,1

8494,318,221,145,-23,16382,-1443,-3741,13,-1362,bf2ca9c2,bf3c656f,3d2a755d,3d2ced98,bf2ca9c5,bf3c656c,3d2a7552,3d2ced8e,1

8495,362,181,102,-108,15969,-1223,-3707,-21,-1301,bf2cb410,bf3c5bdc,3d2a0f42,3d2d758c,bf2cb413,bf3c5bd9,3d2a0f37,3d2d7582,1

8496,363,167,79,-1,16420,-1447,-3679,-7,-1376,bf2cbe7c,bf3c5213,3d29eba4,3d2dd82c,bf2cbe7e,bf3c520f,3d29eb99,3d2dd822,1

8497,385,136,66,-97,16246,-1263,-3679,-7,-1376,bf2ccca9,bf3c450a,3d29a188,3d2e2869,bf2cccab,bf3c4506,3d29a17d,3d2e285f,1

8498,373,122,43,-33,16261,-1248,-3677,-29,-1346,bf2cd94e,bf3c3992,3d29648f,3d2e3c58,bf2cd950,bf3c398f,3d296485,3d2e3c4f,1

8499,320,112,27,-139,15969,-1031,-3727,7,-1377,bf2ce6b2,bf3c2d6b,3d291def,3d2e57ff,bf2ce6b5,bf3c2d69,3d291de6,3d2e57f6,1

8500,221,127,21,-7,16282,-1268,-3727,7,-1377,bf2cea41,bf3c2a34,3d2912dd,3d2e524f,bf2cea44,bf3c2a32,3d2912d4,3d2e5246,1

8501,169,128,32,-65,16197,-1216,-3715,29,-1366,bf2ceabc,bf3c29da,3d28edee,3d2e5ef3,bf2ceabe,bf3c29d7,3d28ede4,3d2e5ee9,1

8502,174,120,30,105,16453,-1394,-3619,-5,-1286,bf2ce760,bf3c2d38,3d28cfca,3d2e2d22,bf2ce763,bf3c2d36,3d28cfc1,3d2e2d19,1

8503,193,112,36,-124,16300,-1267,-3619,-5,-1286,bf2ce670,bf3c2e69,3d2875e6,3d2e2905,bf2ce673,bf3c2e67,3d2875dc,3d2e28fc,1

8504,209,105,-26,-104,16483,-1419,-3687,-23,-1326,bf2ce622,bf3c2efd,3d28639b,3d2dea6c,bf2ce624,bf3c2efb,3d286391,3d2dea63,1

8505,281,92,-35,-65,16471,-1251,-3697,19,-1347,bf2ced27,bf3c28e3,3d285472,3d2d9778,bf2ced28,bf3c28e0,3d285467,3d2d976e,1

8506,311,94,-29,11,16330,-1283,-3679,-49,-1267,bf2cf317,bf3c23ec,3d2836fc,3d2d29f5,bf2cf318,bf3c23ea,3d2836f2,3d2d29ec,1

8507,283,104,-55,-33,16375,-1322,-3679,-49,-1267,bf2cf6d7,bf3c20e5,3d2835ba,3d2cb6e9,bf2cf6d8,bf3c20e3,3d2835b0,3d2cb6e0,1

8508,310,96,-79,-38,16222,-1250,-3677,33,-1329,bf2cfec1,bf3c19f9,3d285190,3d2c3735,bf2cfec3,bf3c19f8,3d285186,3d2c372d,1

8509,302,98,-65,72,16458,-1329,-3701,-23,-1370,bf2d06c8,bf3c12d7,3d288ac2,3d2bbb5c,bf2d06c8,bf3c12d4,3d288ab7,3d2bbb53,1

8510,314,91,-17,48,16280,-1311,-3701,-23,-1370,bf2d0f54,bf3c0b45,3d28876a,3d2b6afe,bf2d0f55,bf3c0b43,3d288760,3d2b6af5,1

8511,309,86,-18,27,16274,-1290,-3625,-31,-1341,bf2d1712,bf3c0482,3d28739b,3d2b15ba,bf2d1713,bf3c0480,3d287391,3d2b15b1,1

8512,346,86,6,25,16127,-1167,-3675,-43,-1356,bf2d22eb,bf3bf9f9,3d284849,3d2adb1d,bf2d22ec,bf3bf9f7,3d28483f,3d2adb14,1

8513,336,98,74,172,16161,-1349,-3675,-43,-1356,bf2d2b4d,bf3bf28d,3d2803fe,3d2ac936,bf2d2b4f,bf3bf28c,3d2803f4,3d2ac92d,1

8514,397,96,165,-115,16467,-1282,-3687,35,-1311,bf2d363e,bf3be8eb,3d271018,3d2b37d3,bf2d363f,bf3be8e9,3d27100d,3d2b37c9,1

8515,489,90,154,-122,16456,-1290,-3667,-19,-1309,bf2d46e3,bf3bda09,3d262091,3d2b9e77,bf2d46e5,bf3bda07,3d262086,3d2b9e6e,1

8516,579,68,136,-93,16551,-1369,-3667,-19,-1309,bf2d5c33,bf3bc6f9,3d253229,3d2bdb94,bf2d5c34,bf3bc6f6,3d25321d,3d2bdb8a,1

8517,697,59,100,-80,16614,-1387,-3669,13,-1322,bf2d78d3,bf3bad2a,3d245e9a,3d2bf320,bf2d78d6,bf3bad29,3d245e8f,3d2bf317,1

8518,854,42,76,-26,16643,-1403,-3713,35,-1289,bf2d9dad,bf3b8bef,3d23864f,3d2bd255,bf2d9daf,bf3b8bed,3d238644,3d2bd24b,1

8519,1047,20,84,-23,16602,-1397,-3687,43,-1371,bf2dd080,bf3b5da6,3d22a688,3d2bc514,bf2dd082,bf3b5da4,3d22a67d,3d2bc50a,1

8520,1292,16,130,5,16725,-1425,-3687,43,-1371,bf2e1170,bf3b222c,3d218ccb,3d2be33d,bf2e1172,bf3b222a,3d218cc0,3d2be333,1

8521,1574,13,246,-166,17116,-1245,-3693,35,-1359,bf2e6482,bf3ad5a7,3d1fc553,3d2c94e8,bf2e6484,bf3ad5a5,3d1fc548,3d2c94de,1

8522,1817,20,377,-187,16421,-938,-3745,21,-1413,bf2eca45,bf3a772c,3d1d7e7a,3d2de815,bf2eca46,bf3a7729,3d1d7e6f,3d2de80b,1

8523,1900,43,353,257,16548,-1078,-3745,21,-1413,bf2f31e8,bf3a166c,3d1bc2f8,3d2ecf58,bf2f31ea,bf3a166b,3d1bc2ee,3d2ecf4f,1

8524,2063,26,525,-63,16713,-1083,-3699,27,-1401,bf2fa100,bf39ae3d,3d18fdec,3d308e56,bf2fa101,bf39ae3c,3d18fde2,3d308e4d,1

8525,2329,48,592,-35,16992,-1122,-3733,-15,-1433,bf301f23,bf3936fd,3d160ff5,3d32a95c,bf301f24,bf3936fc,3d160feb,3d32a953,1

8526,2683,55,711,-249,17558,-1191,-3733,-15,-1433,bf30b00f,bf38acf4,3d127921,3d356b6c,bf30b010,bf38acf2,3d127917,3d356b62,1

8527,3220,79,753,-439,17421,-1019,-3707,19,-1517,bf31634d,bf38007b,3d0eabf9,3d38bf2b,bf31634e,bf380079,3d0eabef,3d38bf21,1

8528,3715,116,678,-722,17429,-660,-3745,37,-1457,bf3233be,bf373628,3d0ad0f5,3d3c239c,bf3233bf,bf373626,3d0ad0eb,3d3c2392,1

8529,4146,243,605,-560,18787,-1289,-3745,37,-1457,bf3315ca,bf3657ef,3d07d3cd,3d3f898a,bf3315cc,bf3657ed,3d07d3c3,3d3f8981,1

8530,4978,295,485,-964,18927,-912,-3731,97,-1515,bf342a8e,bf3544b7,3d050d78,3d4321c8,bf342a90,bf3544b4,3d050d6e,3d4321be,1

8531,5956,381,277,-1042,19400,-984,-3783,107,-1631,bf357765,bf33f51b,3d033b9f,3d468d88,bf357768,bf33f519,3d033b95,3d468d7e,1

8532,7125,554,143,-974,20648,-1400,-3791,87,-1678,bf370271,bf325fe3,3d0265e6,3d4a22df,bf370273,bf325fe1,3d0265dc,3d4a22d3,1

8533,8682,685,-12,-181,21264,-1999,-3791,87,-1678,bf38e096,bf306c3f,3d028cb0,3d4d656d,bf38e097,bf306c3c,3d028ca5,3d4d6561,1

8534,10390,470,-362,-342,20202,-1180,-3747,89,-1637,bf3b1d4b,bf2e0ab7,3d0284c9,3d4ed0d7,bf3b1d4c,bf2e0ab4,3d0284bf,3d4ed0cc,1

8535,11966,250,-644,649,18101,-448,-3729,109,-1818,bf3daf4f,bf2b3d10,3d02e810,3d4e363f,bf3daf50,bf2b3d0d,3d02e806,3d4e3635,1

8536,13048,0,-708,-58,18401,-65,-3729,109,-1818,bf4070f6,bf2824f4,3d01ba0c,3d4cf6cc,bf4070f7,bf2824f1,3d01ba02,3d4cf6c1,1

8537,13833,-377,-1081,-741,18333,685,-3737,131,-1892,bf4352b3,bf24cfb0,3cff690f,3d49655c,bf4352b6,bf24cfaf,3cff68fe,3d496553,1

8538,14626,-572,-1722,-970,17368,1853,-3733,169,-2094,bf4657d3,bf213271,3cfd633e,3d433237,bf4657d6,bf213270,3cfd632c,3d43322d,1

8539,15246,-531,-2163,-345,15828,2427,-3733,169,-2094,bf496d06,bf1d5d77,3cfed793,3d3ae046,bf496d08,bf1d5d75,3cfed780,3d3ae03b,1

8540,15666,-460,-2201,-528,16568,2539,-3731,207,-2190,bf4c7fba,bf1962af,3d00427f,3d32c184,bf4c7fbc,bf1962ad,3d004275,3d32c178,1

8541,16317,-372,-2144,-307,12919,4545,-3711,261,-2324,bf4fc6b6,bf14f1e0,3d010b93,3d2be644,bf4fc6b8,bf14f1de,3d010b8a,3d2be638,1

8542,16311,-167,-1952,504,10581,5987,-3711,261,-2324,bf52f3d0,bf106fb2,3d02a27a,3d252d0c,bf52f3d2,bf106fb0,3d02a272,3d252cff,1

8543,15317,-215,-1725,804,13122,5532,-3739,307,-2403,bf55cdf7,bf0c33ad,3d04e71b,3d1e705e,bf55cdf8,bf0c33aa,3d04e712,3d1e704e,1

8544,14816,-483,-1657,912,14467,5109,-3719,363,-2633,bf5865bb,bf08317b,3d058a1c,3d17b543,bf5865bd,bf083178,3d058a13,3d17b533,1

8545,15077,-873,-1686,1219,12964,5590,-3703,447,-2655,bf5afc68,bf04074c,3d05297c,3d0f6c78,bf5afc6a,bf040748,3d052972,3d0f6c67,1

8546,15375,-1255,-1570,1063,13719,5888,-3703,447,-2655,bf5d824a,beff99e7,3d01b9af,3d06e062,bf5d824b,beff99de,3d01b9a4,3d06e051,1

8547,15902,-1578,-1429,400,13955,6452,-3709,515,-2739,bf6006aa,bef6c96e,3cf6f189,3cfdac02,bf6006ad,bef6c967,3cf6f174,3cfdabe1,1

8548,16753,-1721,-1309,-238,13019,7636,-3671,627,-2856,bf62a29d,beed2ee7,3ce5f5a6,3cf157c9,bf62a29f,beed2edf,3ce5f591,3cf157a6,1

8549,17656,-1496,-1065,-34,12330,7622,-3671,627,-2856,bf653bc5,bee31458,3cd6051b,3ce6cbe5,bf653bc6,bee3144f,3cd60506,3ce6cbbf,1

8550,18386,-1344,-972,198,12889,7324,-3695,769,-2987,bf67ca2f,bed88b00,3cc805b9,3cdd1075,bf67ca2f,bed88af6,3cc805a4,3cdd104d,1

8551,19195,-1481,-1276,-691,11043,8613,-3673,831,-3053,bf6a6446,becd2458,3cb569a5,3cd342c9,bf6a6447,becd244f,3cb56992,3cd342a0,1

8552,19596,-1455,-1741,143,3339,12392,-3673,831,-3053,bf6cf747,bec112d8,3ca8156b,3cc08a92,bf6cf748,bec112cf,3ca81558,3cc08a69,1

8553,18446,-902,-1273,2033,5364,10362,-3701,1003,-3205,bf6f3d91,beb59576,3ca1039a,3cb39157,bf6f3d94,beb5956f,3ca10389,3cb3912e,1

8554,17211,-1060,-655,2414,10854,7838,-3719,1125,-3274,bf7122b4,beab53a6,3c9840ef,3cabb86d,bf7122b6,beab539e,3c9840dd,3cabb843,1

8555,17648,-2027,-928,1830,6086,10421,-3719,1125,-3274,bf731095,bea02bb2,3c85e43e,3c9deafa,bf731097,bea02baa,3c85e42d,3c9dead0,1

8556,18062,-2556,-673,420,5108,11774,-3725,1261,-3329,bf74e93a,be94a14b,3c5476bf,3c921211,bf74e93c,be94a143,3c54769e,3c9211e7,1

8557,18229,-2623,-196,-724,1892,14162,-3803,1423,-3393,bf76a0de,be88e8ff,3c1658e1,3c8ae29b,bf76a0df,be88e8f7,3c1658c1,3c8ae271,1

8558,17734,-2090,450,-813,450,15535,-3779,1559,-3424,bf782863,be7ad656,3bbf57e1,3c8b9965,bf782864,be7ad646,3bbf57a5,3c8b993b,1

8559,16725,-1311,1194,-874,1423,15452,-3779,1559,-3424,bf7978d6,be64fbf9,3b53c133,3c95d1c5,bf7978d7,be64fbe9,3b53c0c3,3c95d19b,1

8560,15749,-898,1407,-1352,3107,15122,-3767,1713,-3480,bf7a98bf,be5045b6,3a84dc2e,3ca3ac1c,bf7a98c0,be5045a6,3a84db5a,3ca3abf2,1

8561,15271,-684,987,-754,3576,14071,-3771,1821,-3534,bf7b9635,be3c10ba,ba42657d,3cade3fe,bf7b9636,be3c10aa,ba42670f,3cade3d4,1

8562,15623,-626,857,156,1015,14595,-3771,1821,-3534,bf7c7ede,be274d18,bb1363f3,3cb5da72,bf7c7edf,be274d08,bb136450,3cb5da48,1

8563,16344,-374,1520,452,-978,15150,-3773,1981,-3457,bf7d535c,be1183ac,bb6a2463,3cc4faec,bf7d535b,be11839b,bb6a24b3,3cc4fac0,1

8564,16381,-435,2352,1175,-3709,17506,-3787,2143,-3526,bf7e0802,bdf73688,bba6a7d4,3cdc8d92,bf7e0803,bdf73668,bba6a7f8,3cdc8d68,1

8565,14350,-921,2451,-869,-7036,20503,-3787,2143,-3526,bf7e8c0e,bdd096c2,bbeff0c5,3cf4994a,bf7e8c0f,bdd096a2,bbeff0e5,3cf49920,1

8566,10074,-977,1422,-2039,-8709,19890,-3795,2279,-3460,bf7edbac,bdb51a49,bc19e72f,3d0118e0,bf7edbab,bdb51a27,bc19e73c,3d0118ca,1

8567,5532,-263,365,-899,-7765,16785,-3823,2341,-3484,bf7f04dd,bda56d3a,bc26ed54,3d02e358,bf7f04dc,bda56d18,bc26ed60,3d02e342,1

8568,2270,398,36,2411,-4459,13796,-3823,2341,-3484,bf7f1701,bd9e5470,bc1e12ef,3d035198,bf7f1702,bd9e5450,bc1e12fb,3d035183,1

8569,565,-146,132,1152,-4072,14401,-3847,2399,-3453,bf7f1cee,bd9badc7,bc217a89,3d043a6d,bf7f1cef,bd9bada7,bc217a95,3d043a58,1

8570,-720,-923,226,588,1543,15014,-3889,2351,-3454,bf7f18af,bd9cc809,bc2fa629,3d0613fe,bf7f18ae,bd9cc7e8,bc2fa632,3d0613e8,1

8571,-652,-1471,468,-1202,6186,16262,-3915,2375,-3432,bf7f0bcc,bda0ad6b,bc535807,3d08e519,bf7f0bcc,bda0ad4a,bc535811,3d08e502,1

8572,454,-1259,140,-6279,-1897,20456,-3915,2375,-3432,bf7f0dd3,bd9ed481,bc79e396,3d09aebb,bf7f0dd3,bd9ed460,bc79e3a1,3d09aea4,1

8573,57,-6,23,-1099,-410,16178,-3863,2335,-3400,bf7f106b,bd9d8074,bc7e3a26,3d0a7951,bf7f106b,bd9d8053,bc7e3a31,3d0a793a,1

8574,-307,740,-106,171,288,15301,-3861,2295,-3452,bf7f1233,bd9d1cce,bc6d2805,3d0adb7a,bf7f1233,bd9d1cad,bc6d2810,3d0adb63,1

8575,-284,632,-85,-27,244,15739,-3861,2295,-3452,bf7f13e1,bd9ca41f,bc5f76e8,3d0b52a3,bf7f13e1,bd9ca3fe,bc5f76f3,3d0b528c,1

8576,-222,439,84,-595,423,16229,-3899,2315,-3461,bf7f150c,bd9bffcf,bc58b2c4,3d0cb9b2,bf7f150c,bd9bffae,bc58b2d0,3d0cb99b,1

8577,-159,472,121,-381,-50,15924,-3831,2307,-3421,bf7f16a7,bd9b2d6f,bc50a12c,3d0e32c4,bf7f16a7,bd9b2d4e,bc50a137,3d0e32ad,1

8578,-282,499,114,324,-42,15195,-3831,2307,-3421,bf7f178d,bd9ab9f3,bc450fdf,3d0f9249,bf7f178f,bd9ab9d3,bc450feb,3d0f9233,1

8579,-344,316,142,299,1567,15025,-3845,2293,-3425,bf7f1725,bd9aacc5,bc3a152a,3d116eb8,bf7f1725,bd9aaca4,bc3a1532,3d116ea2,1

8580,-134,27,91,534,1338,14920,-3883,2355,-3455,bf7f17ed,bd9a1c36,bc3503af,3d12d8e8,bf7f17ed,bd9a1c15,bc3503b5,3d12d8d2,1

8581,150,-371,10,550,672,15039,-3883,2355,-3455,bf7f1ab6,bd98b5e8,bc39f5cf,3d1378dc,bf7f1ab6,bd98b5c7,bc39f5d4,3d1378c6,1

8582,303,-753,60,-7,339,15543,-3881,2309,-3444,bf7f1e0b,bd96d273,bc4a25b5,3d1424dd,bf7f1e0d,bd96d253,bc4a25bb,3d1424c9,1

8583,379,-987,175,-58,-1225,15425,-3865,2319,-3477,bf7f2141,bd94b775,bc609018,3d151c8b,bf7f2141,bd94b754,bc60901c,3d151c76,1

8584,205,-1118,433,-563,710,16113,-3875,2389,-3425,bf7f21c7,bd931dc9,bc7ad921,3d17eb6a,bf7f21c7,bd931da8,bc7ad925,3d17eb55,1

8585,187,-1128,649,-833,905,16029,-3875,2389,-3425,bf7f2111,bd91928f,bc8b6e7a,3d1bf6fb,bf7f210f,bd91926c,bc8b6e7b,3d1bf6e4,1

8586,386,-1061,648,-1179,548,16144,-3885,2341,-3434,bf7f2156,bd8f7f3b,bc99abc2,3d1fd1d6,bf7f2154,bd8f7f18,bc99abc4,3d1fd1c0,1

8587,482,-881,607,-1097,455,15888,-3929,2371,-3370,bf7f2256,bd8d24ec,bca5aea9,3d238e86,bf7f2256,bd8d24ca,bca5aead,3d238e71,1

8588,520,-767,572,-1037,615,15928,-3929,2371,-3370,bf7f239c,bd8aae74,bcb03e53,3d273393,bf7f239c,bd8aae52,bcb03e57,3d27337e,1

8589,531,-708,477,-1174,704,16035,-3957,2355,-3395,bf7f2508,bd883346,bcba7be7,3d2a6098,bf7f2508,bd883324,bcba7beb,3d2a6083,1

8590,545,-604,332,-939,513,15901,-3935,2415,-3394,bf7f2736,bd85aa15,bcc29be5,3d2cda86,bf7f2736,bd85a9f3,bcc29be9,3d2cda71,1

8591,563,-541,228,-656,269,15643,-3935,2415,-3394,bf7f2a0a,bd831307,bcc941f7,3d2eb2b9,bf7f2a0a,bd8312e5,bcc941fb,3d2eb2a4,1

8592,579,-582,202,-828,46,15724,-3927,2379,-3397,bf7f2cd1,bd806d59,bcd0cbaa,3d304993,bf7f2cd1,bd806d37,bcd0cbae,3d30497e,1

8593,510,-650,174,-773,-545,15693,-3903,2359,-3412,bf7f2f2c,bd7be867,bcd8eec2,3d318e2f,bf7f2f2c,bd7be823,bcd8eec6,3d318e1a,1

8594,294,-740,192,-959,-401,15850,-3903,2359,-3412,bf7f2fe4,bd781d3c,bce23c42,3d32f5af,bf7f2fe4,bd781cf7,bce23c47,3d32f59a,1

8595,127,-761,283,-1115,-313,15921,-3929,2405,-3327,bf7f2f12,bd753690,bcebf494,3d34fa6d,bf7f2f12,bd75364b,bcebf499,3d34fa58,1

8596,30,-732,427,-1118,42,15829,-3973,2349,-3321,bf7f2d29,bd72c9b6,bcf5762d,3d37c258,bf7f2d29,bd72c971,bcf57632,3d37c243,1

8597,-2,-692,527,-1116,191,15902,-3929,2397,-3403,bf7f2a9d,bd7087f7,bcfe5975,3d3b34c1,bf7f2a9d,bd7087b2,bcfe597a,3d3b34ac,1

8598,-10,-672,579,-1097,333,15864,-3929,2397,-3403,bf7f27bd,bd6e5088,bd037159,3d3efa72,bf7f27bd,bd6e5043,bd03715c,3d3efa5d,1

8599,24,-659,626,-1229,592,15879,-3965,2397,-3341,bf7f2480,bd6bf2a7,bd07d2e0,3d4320e8,bf7f2480,bd6bf262,bd07d2e3,3d4320d3,1

8600,73,-624,608,-1252,415,15896,-3981,2357,-3322,bf7f21aa,bd6945ab,bd0c1095,3d4705f5,bf7f21aa,bd694566,bd0c1098,3d4705e0,1

8601,87,-580,533,-1495,684,16077,-3981,2357,-3322,bf7f1ec6,bd669a32,bd1073c2,3d4aaad8,bf7f1ec6,bd6699ed,bd1073c5,3d4aaac3,1

8602,90,-468,286,-1531,1045,16005,-3997,2389,-3371,bf7f1cbf,bd640dbd,bd143a5f,3d4d5bfc,bf7f1cbf,bd640d79,bd143a63,3d4d5be7,1

8603,202,-348,93,-1654,520,16102,-3969,2407,-3403,bf7f1ca3,bd60d20f,bd1759fb,3d4ec661,bf7f1ca3,bd60d1cb,bd1759ff,3d4ec64c,1

8604,295,-223,13,-1459,6,15916,-3969,2407,-3403,bf7f1e10,bd5cfb76,bd1975d6,3d4f989f,bf7f1e10,bd5cfb32,bd1975da,3d4f988a,1

8605,233,-164,15,-1486,333,15927,-3957,2377,-3267,bf7f1f2f,bd597a95,bd1b5508,3d50885d,bf7f1f2f,bd597a51,bd1b550c,3d508848,1

8606,221,-86,14,-1711,297,16089,-4025,2417,-3374,bf7f2027,bd56135d,bd1d13e8,3d518d3a,bf7f2027,bd561319,bd1d13ed,3d518d25,1

8607,264,42,22,-1523,176,15974,-4025,2417,-3374,bf7f21eb,bd525a5a,bd1dd9cf,3d5296a3,bf7f21eb,bd525a16,bd1dd9d4,3d52968e,1

8608,251,153,48,-1523,254,15979,-4011,2387,-3382,bf7f23d3,bd4ea7fd,bd1e1600,3d53c1f8,bf7f23d3,bd4ea7b9,bd1e1605,3d53c1e3,1

8609,258,237,70,-1250,324,15757,-3959,2387,-3381,bf7f262e,bd4ae2a0,bd1d6778,3d5512df,bf7f262e,bd4ae25c,bd1d677d,3d5512ca,1

8610,303,234,100,-1045,430,15575,-4013,2385,-3310,bf7f28b5,bd46ebff,bd1c5b12,3d568eb8,bf7f28b3,bd46ebb9,bd1c5b16,3d568ea1,1

8611,395,145,171,-987,-174,15579,-4013,2385,-3310,bf7f2b18,bd426a40,bd1beeb8,3d582620,bf7f2b18,bd4269fc,bd1beebe,3d58260b,1

8612,346,26,279,-1209,-189,15775,-3963,2407,-3241,bf7f2c13,bd3e2aac,bd1c77d5,3d5a5ed8,bf7f2c13,bd3e2a68,bd1c77db,3d5a5ec3,1

8613,230,-11,342,-1334,85,15885,-3965,2393,-3383,bf7f2bf8,bd3a8827,bd1d598f,3d5cfb1e,bf7f2bf8,bd3a87e3,bd1d5995,3d5cfb09,1

8614,153,8,320,-1307,-148,15838,-3965,2393,-3383,bf7f2bc1,bd374784,bd1e12e3,3d5f69c0,bf7f2bc3,bd374741,bd1e12eb,3d5f69ad,1

8615,60,29,342,-1243,54,15774,-4001,2395,-3343,bf7f2b1e,bd3484f0,bd1e88ff,3d620c47,bf7f2b1e,bd3484ab,bd1e8905,3d620c33,1

8616,3,16,358,-1318,680,15810,-4017,2451,-3325,bf7f2981,bd323b86,bd1f09f2,3d654e3d,bf7f2981,bd323b41,bd1f09f8,3d654e29,1

8617,51,17,259,-1277,478,15784,-4017,2451,-3325,bf7f28b5,bd2fa726,bd1f7809,3d67df8d,bf7f28b5,bd2fa6e1,bd1f780f,3d67df79,1

8618,102,13,166,-1194,472,15718,-4025,2399,-3319,bf7f28c1,bd2cc87e,bd1fbf23,3d69c6af,bf7f28c1,bd2cc839,bd1fbf29,3d69c69b,1

8619,165,-20,159,-1260,518,15729,-3997,2445,-3308,bf7f289e,bd29a67f,bd2053b5,3d6bd0a6,bf7f289e,bd29a63a,bd2053bb,3d6bd093,1

8620,237,-54,163,-1264,330,15782,-3997,2445,-3308,bf7f28aa,bd261a4c,bd212635,3d6dba11,bf7f28a8,bd261a06,bd212639,3d6db9fc,1

8621,258,-79,133,-1230,394,15730,-4003,2401,-3389,bf7f28f1,bd226e0f,bd220526,3d6f5cd8,bf7f28f1,bd226dcb,bd22052c,3d6f5cc5,1

8622,284,-131,112,-945,164,15486,-3999,2429,-3312,bf7f2991,bd1eb5c8,bd229cdc,3d70c9f4,bf7f2991,bd1eb584,bd229ce2,3d70c9e1,1

8623,337,-263,208,-1296,480,15704,-4013,2373,-3310,bf7f28e2,bd1aa684,bd24a8fa,3d72c052,bf7f28e2,bd1aa640,bd24a900,3d72c03f,1

8624,447,-368,353,-877,230,15386,-4013,2373,-3310,bf7f2838,bd1627b2,bd26429e,3d752b95,bf7f2838,bd16276e,bd2642a3,3d752b82,1

8625,536,-567,447,-1207,-37,15599,-3953,2463,-3339,bf7f25d2,bd111a9f,bd29ccb5,3d78437a,bf7f25d2,bd111a5b,bd29ccba,3d784367,1

8626,549,-766,623,-1037,-393,15399,-4017,2405,-3349,bf7f2225,bd0bf665,bd2e32eb,3d7beab8,bf7f2225,bd0bf621,bd2e32f0,3d7beaa5,1

8627,468,-972,759,-1596,-172,15883,-4017,2405,-3349,bf7f1bbc,bd074b6e,bd34a744,3d802ff6,bf7f1bbc,bd074b2a,bd34a749,3d802fed,1

8628,287,-979,699,-1979,-372,16079,-4015,2423,-3322,bf7f1458,bd03b77a,bd3ba279,3d824581,bf7f1458,bd03b737,bd3ba27e,3d824578,1

8629,70,-763,484,-1748,-443,15810,-4055,2457,-3310,bf7f0e7b,bd012522,bd40da8c,3d83deca,bf7f0e7b,bd0124df,bd40da91,3d83dec1,1

8630,-108,-694,507,-1803,-549,15920,-4055,2457,-3310,bf7f082c,bcfef001,bd45a74b,3d858a64,bf7f082c,bcfeef7b,bd45a750,3d858a5b,1

8631,-359,-636,475,-1733,-278,15712,-4021,2449,-3245,bf7f017e,bcfe3230,bd49f09b,3d8734b5,bf7f017e,bcfe31aa,bd49f0a0,3d8734ac,1

8632,-514,-683,450,-1658,211,15730,-4069,2455,-3307,bf7efa21,bcff3cae,bd4e21b0,3d88f5c4,bf7efa21,bcff3c28,bd4e21b5,3d88f5bb,1

8633,-533,-793,408,-1699,683,15728,-4069,2455,-3307,bf7ef188,bd00985b,bd52d619,3d8aee01,bf7ef189,bd009819,bd52d61e,3d8aedf8,1

8634,-469,-872,277,-1377,1291,15157,-4031,2453,-3324,bf7ee965,bd05287a,bd553a35,3d8ca9c0,bf7ee965,bd05283b,bd553a39,3d8ca9b6,1

8635,43,-1127,518,-159,2413,14226,-4099,2485,-3291,bf7ee156,bd083ad8,bd59158b,3d8e1929,bf7ee156,bd083a99,bd591590,3d8e191f,1

8636,1094,-1832,1446,-1738,153,15785,-4079,2433,-3312,bf7ed300,bd006bca,bd63ee07,3d920ad6,bf7ed300,bd006b8b,bd63ee0c,3d920acd,1

8637,1258,-2147,1925,-3098,143,16526,-4079,2433,-3312,bf7ebcd1,bcf1f4c0,bd732e7a,3d971209,bf7ebcd2,bcf1f444,bd732e81,3d971201,1

8638,1027,-1690,1639,-3092,-82,16502,-4079,2477,-3203,bf7ea930,bce4951d,bd7f8a8f,3d9b7adb,bf7ea931,bce494a2,bd7f8a96,3d9b7ad3,1

8639,764,-1090,1216,-3107,-122,16338,-4071,2509,-3231,bf7e99fe,bcd99975,bd843c00,3d9eea7d,bf7e99fe,bcd998fa,bd843c03,3d9eea75,1

8640,461,-567,690,-2996,57,16263,-4071,2509,-3231,bf7e8fc7,bcd1d857,bd873e48,3da11c9d,bf7e8fc8,bcd1d7df,bd873e4c,3da11c96,1

8641,252,-107,207,-2431,207,15978,-4111,2473,-3251,bf7e8bd2,bccb1215,bd887a05,3da22c68,bf7e8bd2,bccb119d,bd887a08,3da22c60,1

8642,207,91,-9,-1948,243,15725,-4059,2479,-3255,bf7e8ca2,bcc4ac1b,bd8807de,3da2b88c,bf7e8ca3,bcc4aba3,bd8807e1,3da2b885,1

8643,235,108,-40,-2074,263,15607,-4059,2479,-3255,bf7e8cea,bcbdc7b0,bd87e107,3da33fa3,bf7e8cec,bcbdc738,bd87e10b,3da33f9d,1

8644,218,25,-211,-2336,524,15506,-4087,2507,-3206,bf7e8a79,bcb9218a,bd88e019,3da3b409,bf7e8a79,bcb92114,bd88e01c,3da3b402,1

8645,146,-85,-651,-2217,-87,15746,-4085,2473,-3242,bf7e8d53,bcb3764b,bd8987cd,3da26f0c,bf7e8d53,bcb375d5,bd8987d0,3da26f05,1

8646,81,-87,-783,-2060,106,15706,-4085,2473,-3242,bf7e9189,bcaeba1a,bd89bf3a,3da0ea4b,bf7e9188,bcaeb9a4,bd89bf3c,3da0ea43,1

8647,85,-118,-727,-1585,-13,15503,-4089,2505,-3194,bf7e96a3,bcaaf039,bd89606c,3d9f770d,bf7e96a2,bcaaefc4,bd89606d,3d9f7705,1

8648,148,-225,-500,-2580,60,16033,-4095,2477,-3257,bf7e95b2,bca64f9f,bd8b1dae,3d9ea287,bf7e95b2,bca64f2c,bd8b1db1,3d9ea280,1

8649,223,-140,-312,-2400,188,15796,-4095,2477,-3257,bf7e9456,bca067e9,bd8c683a,3d9e6c04,bf7e9457,bca06779,bd8c683e,3d9e6bfd,1

8650,228,-66,-309,-2261,328,15681,-4073,2575,-3289,bf7e93b3,bc9ab412,bd8ce560,3d9e992c,bf7e93b3,bc9ab3a3,bd8ce562,3d9e9925,1

8651,259,-59,-337,-2673,242,15775,-4077,2513,-3289,bf7e917d,bc95dad4,bd8e78f9,3d9e5e0e,bf7e917c,bc95da67,bd8e78fc,3d9e5e06,1

8652,205,-28,-581,-2391,-240,15785,-4095,2475,-3261,bf7e938d,bc8f95a9,bd8f30b4,3d9d4052,bf7e938d,bc8f953c,bd8f30b8,3d9d404a,1

8653,115,26,-609,-2159,-101,15775,-4095,2475,-3261,bf7e9701,bc8a30ba,bd8f34ab,3d9c230b,bf7e9702,bc8a304e,bd8f34b0,3d9c2304,1

8654,108,39,-461,-2288,-47,15775,-4067,2489,-3218,bf7e9895,bc84de6e,bd8f7de0,3d9b84ea,bf7e9896,bc84de02,bd8f7de5,3d9b84e3,1

8655,125,70,-298,-2206,67,15774,-4059,2505,-3232,bf7e9990,bc7ef63b,bd8f6c82,3d9b7660,bf7e9991,bc7ef564,bd8f6c87,3d9b7659,1

8656,178,96,-119,-2221,91,15735,-4059,2505,-3232,bf7e995c,bc72ebe0,bd8f5ad4,3d9be84c,bf7e995d,bc72eb0b,bd8f5ad8,3d9be845,1

8657,206,93,-28,-2339,76,15766,-4063,2475,-3220,bf7e97b6,bc662fc9,bd8fc7c1,3d9c7d79,bf7e97b7,bc662ef5,bd8fc7c5,3d9c7d72,1

8658,208,113,0,-2245,190,15713,-4055,2481,-3280,bf7e965f,bc5a16d5,bd8fb533,3d9d5f33,bf7e965f,bc5a1605,bd8fb535,3d9d5f2b,1

8659,232,111,16,-2347,107,15762,-4055,2481,-3280,bf7e9411,bc4d535e,bd902979,3d9e27b4,bf7e9410,bc4d5291,bd90297a,3d9e27ad,1

8660,234,116,16,-2320,76,15722,-4067,2471,-3186,bf7e9201,bc404275,bd908f09,3d9ee0c6,bf7e9201,bc4041ad,bd908f0b,3d9ee0c1,1

8661,222,131,4,-2348,-63,15753,-4063,2445,-3243,bf7e9098,bc32b74e,bd910d29,3d9f3d7c,bf7e9099,bc32b688,bd910d2b,3d9f3d77,1

8662,174,143,8,-2306,82,15747,-4063,2445,-3243,bf7e8ece,bc27424c,bd916df2,3d9fcdad,bf7e8ecd,bc27418e,bd916df2,3d9fcda6,1

8663,165,160,27,-2293,113,15721,-4085,2459,-3265,bf7e8c9c,bc1d4f3a,bd919a7d,3da0ac8b,bf7e8c9d,bc1d4e90,bd919a80,3da0ac86,1

8664,164,158,33,-2329,156,15756,-4115,2497,-3239,bf7e8904,bc1603ce,bd91e619,3da1ee6e,bf7e8904,bc160337,bd91e61c,3da1ee6a,1

8665,173,171,23,-2218,371,15710,-4109,2465,-3233,bf7e897e,bc22662f,bd912fe2,3da23326,bf7e897e,bc22659c,bd912fe6,3da23321,1

8666,235,148,13,-2308,164,15740,-4109,2465,-3233,bf7e85f2,bc1dbf6c,bd91c2e3,3da324d9,bf7e85f3,bc1dbf08,bd91c2e8,3da324d4,1

8667,268,150,-6,-2274,163,15695,-4085,2483,-3219,bf7e8397,bc15752f,bd919960,3da4535c,bf7e8398,bc1574dd,bd919964,3da45357,1

8668,260,145,-24,-2400,473,15442,-4059,2477,-3275,bf7e814e,bc1fb8a2,bd923a76,3da480a7,bf7e814e,bc1fb852,bd923a79,3da480a1,1

8669,201,41,-193,-2133,-237,15971,-4059,2477,-3275,bf7e82e1,bc12f450,bd91e7b8,3da45d53,bf7e82e2,bc12f401,bd91e7bb,3da45d4e,1

8670,162,22,-206,-2291,91,15764,-4057,2443,-3177,bf7e828f,bc1046ab,bd92809e,3da3fec8,bf7e828e,bc10467d,bd92809c,3da3fec1,1

8671,169,75,-115,-2387,-52,15596,-4131,2439,-3174,bf7e80cf,bc08bffa,bd93deae,3da38bac,bf7e80cf,bc08bfd1,bd93deae,3da38ba6,1

8672,161,41,-79,-2339,24,15894,-4131,2439,-3174,bf7e817f,bc0435c3,bd948c44,3da2b88d,bf7e817f,bc0435a7,bd948c45,3da2b887,1

8673,192,161,60,-2197,87,15673,-4079,2451,-3256,bf7e8466,bc024570,bd92e172,3da31f72,bf7e8466,bc024559,bd92e173,3da31f6d,1

8674,211,128,140,-2169,204,15667,-4117,2477,-3271,bf7e8530,bc07370d,bd9180bf,3da3fc25,bf7e8530,bc0736f9,bd9180c0,3da3fc20,1

8675,236,91,152,-2332,192,15779,-4117,2477,-3271,bf7e8060,bc0cf6de,bd924792,3da5150f,bf7e805f,bc0cf6cc,bd924792,3da51509,1

8676,228,119,62,-2291,61,15744,-4091,2461,-3199,bf7e7e5e,bc030f07,bd927c5f,3da5ccb6,bf7e7e5e,bc030ef8,bd927c5f,3da5ccb1,1

8677,197,130,17,-2328,34,15726,-4107,2477,-3210,bf7e7b60,bbf3779b,bd9317c1,3da684a5,bf7e7b5f,bbf3777c,bd9317c0,3da684a0,1

8678,172,142,3,-2303,-42,15718,-4095,2427,-3253,bf7e7ccf,bbe95a23,bd93a352,3da58ae8,bf7e7cd0,bbe95a08,bd93a352,3da58ae4,1

8679,132,149,6,-2244,163,15709,-4095,2427,-3253,bf7e7ef2,bc01c086,bd93195c,3da50c4a,bf7e7ef2,bc01c078,bd93195b,3da50c46,1

8680,144,138,29,-2309,1,15707,-4115,2475,-3183,bf7e7cf0,bbef00ac,bd9358f8,3da5b88a,bf7e7cf0,bbef0092,bd9358f7,3da5b886,1

8681,125,132,43,-2289,43,15743,-4093,2477,-3208,bf7e7b16,bbe1a187,bd9321dd,3da6b1df,bf7e7b17,bbe1a171,bd9321dd,3da6b1dc,1

8682,109,131,74,-2236,-111,15589,-4093,2477,-3208,bf7e7a42,bbcadfa9,bd92e6c4,3da7535b,bf7e7a42,bbcadf93,bd92e6c2,3da75357,1

8683,132,69,223,-2243,479,15766,-4127,2463,-3153,bf7e7912,bbe72224,bd92c0bd,3da7c37f,bf7e7913,bbe7220f,bd92c0bb,3da7c37c,1

8684,146,51,241,-2432,160,15835,-4055,2449,-3199,bf7e74a1,bbfb3144,bd93fb1c,3da841b3,bf7e74a1,bbfb312d,bd93fb19,3da841b0,1

8685,135,124,116,-2236,65,15712,-4055,2449,-3199,bf7e7727,bc00216a,bd929c31,3da878cb,bf7e7728,bc002162,bd929c2e,3da878c8,1

8686,127,113,110,-2330,66,15705,-4081,2457,-3220,bf7e73a0,bc01f307,bd93ac40,3da8da4f,bf7e73a0,bc01f300,bd93ac3e,3da8da4c,1

8687,89,120,67,-2296,263,15714,-4083,2497,-3259,bf7e7153,bc0dbaf3,bd935760,3da9dc43,bf7e7153,bc0dbaec,bd93575e,3da9dc40,1

8688,98,129,18,-2250,182,15734,-4083,2497,-3259,bf7e7041,bc0f2c1f,bd925fc1,3dab12c7,bf7e7041,bc0f2c19,bd925fbf,3dab12c4,1

8689,109,117,-13,-2366,164,15767,-4109,2487,-3247,bf7e6be0,bc13a2a8,bd935e8c,3dabc926,bf7e6be0,bc13a2a2,bd935e8a,3dabc923,1

8690,112,139,-21,-2279,258,15723,-4101,2447,-3250,bf7e6cec,bc21e7d4,bd93111b,3dab7494,bf7e6cec,bc21e7cf,bd931119,3dab7491,1

8691,148,145,-31,-2346,89,15741,-4109,2499,-3165,bf7e6a38,bc190ae1,bd936e7e,3dac4562,bf7e6a37,bc190adc,bd936e7c,3dac455f,1

8692,140,151,-25,-2265,213,15705,-4109,2499,-3165,bf7e6936,bc1d5133,bd92965a,3dad4cb5,bf7e6936,bc1d512f,bd929659,3dad4cb2,1

8693,165,141,-12,-2366,66,15749,-4091,2457,-3233,bf7e669f,bc18eca3,bd93c5cb,3dad4e26,bf7e669f,bc18ec9f,bd93c5ca,3dad4e23,1

8694,232,131,38,-1803,610,15482,-4107,2463,-3237,bf7e6931,bc210920,bd9282ab,3dad51b5,bf7e6931,bc21091c,bd9282aa,3dad51b2,1

8695,364,23,80,-2634,-112,15874,-4107,2463,-3237,bf7e64df,bc163119,bd943b76,3dad9790,bf7e64df,bc163115,bd943b75,3dad978d,1

8696,261,41,52,-2149,299,15640,-4079,2421,-3222,bf7e66c9,bc1feac6,bd93a4a8,3dad41a0,bf7e66ca,bc1feac4,bd93a4a7,3dad419e,1

8697,313,46,49,-2310,-22,15717,-4073,2481,-3280,bf7e64e1,bc10a674,bd93faa3,3dade0e5,bf7e64e1,bc10a671,bd93faa3,3dade0e2,1

8698,298,18,62,-2327,206,15742,-4073,2481,-3280,bf7e61bd,bc1790e9,bd94523a,3daea47c,bf7e61bd,bc1790e5,bd94523a,3daea479,1

8699,303,29,74,-2307,49,15699,-4097,2483,-3239,bf7e5f64,bc0a6f70,bd949032,3daf757b,bf7e5f65,bc0a6f6d,bd949033,3daf7579,1

8700,308,22,107,-2339,-100,15671,-4093,2431,-3223,bf7e5ed2,bbfcaf58,bd95913e,3daef43c,bf7e5ed2,bbfcaf4e,bd95913f,3daef439,1

8701,310,4,232,-2485,93,15864,-4093,2431,-3223,bf7e5b61,bc0414a3,bd96f9c7,3daeee11,bf7e5b61,bc04149f,bd96f9c8,3daeee0e,1

8702,305,26,288,-2354,-91,15630,-4087,2499,-3185,bf7e573d,bbe9a45f,bd976ced,3db03614,bf7e573d,bbe9a458,bd976cee,3db03611,1

8703,269,21,336,-2547,201,15864,-4117,2467,-3201,bf7e5234,bbfa25b5,bd98ad29,3db0dc44,bf7e5234,bbfa25ab,bd98ad2a,3db0dc41,1

8704,268,67,311,-2450,-76,15766,-4097,2485,-3158,bf7e4d43,bbe08dee,bd9997c2,3db1f8e8,bf7e4d42,bbe08de1,bd9997c2,3db1f8e4,1

8705,238,133,252,-2418,141,15764,-4097,2485,-3158,bf7e4abc,bbf4dc45,bd99b6ed,3db2a96c,bf7e4abc,bbf4dc39,bd99b6ed,3db2a969,1

8706,207,162,198,-2363,229,15739,-4073,2525,-3141,bf7e4818,bc00df9b,bd98f4a9,3db42d94,bf7e4817,bc00df95,bd98f4a9,3db42d90,1

8707,218,191,113,-2370,95,15778,-4075,2505,-3246,bf7e461d,bbfa54ba,bd983a7a,3db58762,bf7e461c,bbfa54ae,bd983a7a,3db5875e,1

8708,208,225,41,-2230,188,15696,-4075,2505,-3246,bf7e4869,bc022c2a,bd968def,3db61032,bf7e486a,bc022c25,bd968df0,3db6102f,1

8709,225,217,18,-2357,31,15738,-4081,2455,-3142,bf7e4aac,bc07974d,bd96a57d,3db5227f,bf7e4aad,bc079747,bd96a57e,3db5227c,1

8710,212,223,-2,-2293,185,15735,-4103,2549,-3261,bf7e49ab,bc047048,bd958e32,3db66c69,bf7e49ab,bc047042,bd958e32,3db66c65,1

8711,212,221,-23,-2137,228,15628,-4103,2549,-3261,bf7e4b67,bc04961a,bd93db9f,3db732d6,bf7e4b67,bc049614,bd93db9e,3db732d2,1

8712,266,163,2,-2150,175,15653,-4099,2493,-3203,bf7e4e75,bc0976bb,bd9258db,3db74bab,bf7e4e75,bc0976b7,bd9258da,3db74ba7,1

8713,328,105,22,-2374,164,15733,-4079,2509,-3221,bf7e49ce,bc0aec48,bd936c3c,3db80750,bf7e49ce,bc0aec43,bd936c3c,3db8074c,1

8714,357,93,22,-2346,-6,15747,-4079,2509,-3221,bf7e46f0,bbf94e79,bd94004e,3db8b6ba,bf7e46f0,bbf94e6f,bd94004d,3db8b6b6,1

8715,365,104,20,-2516,-39,15764,-4081,2501,-3242,bf7e42ca,bbe758e5,bd958729,3db9009c,bf7e42ca,bbe758db,bd958728,3db90098,1

8716,316,109,3,-2440,20,15808,-4079,2497,-3256,bf7e3ed6,bbdf6f11,bd96e6bc,3db94890,bf7e3ed6,bbdf6f06,bd96e6bb,3db9488c,1

8717,314,129,6,-2310,-30,15714,-4081,2539,-3294,bf7e3d73,bbc50bf4,bd968a42,3dba2a98,bf7e3d75,bbc50bea,bd968a42,3dba2a96,1

8718,308,145,25,-2328,-120,15726,-4081,2539,-3294,bf7e3bd1,bba7fcda,bd966b48,3dbaee94,bf7e3bd1,bba7fcce,bd966b47,3dbaee90,1

8719,277,133,46,-2367,-73,15727,-4059,2491,-3208,bf7e3a0a,bb9f2c77,bd972ffa,3dbaf2b1,bf7e3a09,bb9f2c6b,bd972ff9,3dbaf2ac,1

8720,247,151,54,-2465,-53,15812,-4105,2479,-3189,bf7e387d,bba8472d,bd9851a5,3dba864e,bf7e387e,bba84720,bd9851a5,3dba864b,1

8721,200,212,50,-2437,-49,15778,-4105,2479,-3189,bf7e381d,bbb3fb9b,bd990d32,3dba0239,bf7e381d,bbb3fb8a,bd990d32,3dba0235,1

8722,166,265,36,-2251,80,15717,-4107,2527,-3236,bf7e3a9c,bbbbef47,bd973a74,3dba9d9b,bf7e3a9d,bbbbef36,bd973a74,3dba9d97,1

8723,180,258,36,-2154,205,15610,-4077,2467,-3197,bf7e3e21,bbd1547d,bd95f022,3dba5e0c,bf7e3e21,bbd1546a,bd95f022,3dba5e08,1

8724,232,188,29,-2394,-6,15780,-4077,2467,-3197,bf7e3e34,bbdd29ae,bd96a4ea,3db9b7b4,bf7e3e35,bbdd299c,bd96a4eb,3db9b7b1,1

8725,224,199,15,-2389,68,15799,-4149,2499,-3232,bf7e3d96,bbee0a84,bd96f0cc,3db99bed,bf7e3d95,bbee0a74,bd96f0ca,3db99be8,1

8726,216,241,-12,-2306,-17,15731,-4123,2529,-3230,bf7e3d9a,bbd84ca7,bd961e8f,3dba5ec4,bf7e3d9b,bbd84c98,bd961e8e,3dba5ec0,1

8727,212,248,-39,-2144,31,15649,-4123,2529,-3230,bf7e40ef,bbd03c6a,bd9440e8,3dbac3d4,bf7e40ef,bbd03c58,bd9440e6,3dbac3d0,1

8728,213,203,-50,-2221,1,15700,-4085,2531,-3270,bf7e41cd,bbc020cd,bd93118c,3dbb790b,bf7e41ce,bbc020bc,bd93118a,3dbb7907,1

8729,203,173,-68,-2313,60,15773,-4115,2445,-3259,bf7e4454,bbd6677c,bd931f44,3dba79d5,bf7e4454,bbd6676c,bd931f40,3dba79d0,1

8730,198,170,-65,-2281,-12,15722,-4057,2493,-3200,bf7e44ae,bbcc6b0e,bd92e058,3dba980e,bf7e44af,bbcc6afd,bd92e058,3dba980b,1

8731,195,168,-52,-2361,-10,15780,-4057,2493,-3200,bf7e4243,bbcb5cbe,bd93f104,3dba9489,bf7e4244,bbcb5cae,bd93f104,3dba9486,1

8732,189,188,-52,-2336,4,15749,-4087,2469,-3236,bf7e43b7,bbdc9683,bd945656,3db9b131,bf7e43b7,bbdc9672,bd945657,3db9b12d,1

8733,196,205,-47,-2231,3,15718,-4055,2475,-3206,bf7e48bc,bbe01522,bd92c5ff,3db93334,bf7e48bc,bbe01511,bd92c601,3db93330,1

8734,198,194,-26,-2222,10,15692,-4055,2475,-3206,bf7e4d1e,bbe459ad,bd916c67,3db8bd7b,bf7e4d1f,bbe4599b,bd916c68,3db8bd78,1

8735,226,180,16,-2230,71,15725,-4075,2491,-3266,bf7e4e79,bbef76bb,bd907ab6,3db8f55d,bf7e4e7a,bbef76a8,bd907ab7,3db8f55a,1

8736,271,175,66,-2347,-22,15769,-4105,2485,-3221,bf7e4bae,bbe4b680,bd91b6f9,3db900bc,bf7e4bad,bbe4b66b,bd91b6f9,3db900b7,1

8737,277,197,75,-2263,3,15751,-4105,2485,-3221,bf7e4ce4,bbe09a95,bd9171fa,3db8d190,bf7e4ce3,bbe09a84,bd9171f9,3db8d18b,1

8738,279,201,86,-2212,-26,15719,-4081,2533,-3290,bf7e4bb4,bbc71769,bd90c562,3db9ddec,bf7e4bb4,bbc71757,bd90c563,3db9dde7,1

8739,295,190,109,-2113,3,15675,-4111,2445,-3235,bf7e500d,bbd1bf74,bd8f9c30,3db93b81,bf7e500e,bbd1bf62,bd8f9c31,3db93b7d,1

8740,306,142,116,-2172,-34,15688,-4111,2445,-3235,bf7e5400,bbda60ec,bd8f1218,3db84101,bf7e5400,bbda60d9,bd8f1218,3db840fc,1

8741,310,103,98,-2226,-130,15711,-4079,2519,-3167,bf7e51c2,bbbbe353,bd8f3c73,3db907ac,bf7e51c1,bbbbe33f,bd8f3c73,3db907a6,1

8742,263,97,78,-2249,-90,15729,-4063,2479,-3264,bf7e507e,bba8fb34,bd9001f8,3db8ef6c,bf7e507d,bba8fb20,bd9001f8,3db8ef66,1

8743,206,86,63,-2251,-120,15714,-4123,2503,-3257,bf7e4eae,bb92c8a1,bd908706,3db93a39,bf7e4eae,bb92c88f,bd908707,3db93a34,1

8744,169,74,43,-2316,-89,15774,-4123,2503,-3257,bf7e4b76,bb8e98a0,bd91da8b,3db94e4f,bf7e4b76,bb8e988b,bd91da8c,3db94e4a,1

8745,115,87,9,-2338,-22,15777,-4069,2487,-3179,bf7e49d4,bba1a74a,bd92ddc3,3db90160,bf7e49d3,bba1a736,bd92ddc4,3db9015a,1

8746,86,117,-21,-2349,33,15788,-4097,2485,-3246,bf7e4936,bbbaf989,bd938399,3db89bb0,bf7e4936,bbbaf977,bd93839b,3db89bab,1

8747,82,146,-32,-2327,-34,15778,-4097,2485,-3246,bf7e48ec,bbc4220e,bd94278a,3db827d6,bf7e48eb,bbc42200,bd94278a,3db827d1,1

8748,61,172,-58,-2268,86,15743,-4147,2485,-3172,bf7e4ba6,bbe0b47f,bd938fd2,3db7902e,bf7e4ba6,bbe0b472,bd938fd3,3db7902b,1

8749,95,175,-51,-2173,212,15701,-4105,2485,-3256,bf7e4e8d,bbfa6ab0,bd92775b,3db74e31,bf7e4e8d,bbfa6aa0,bd92775c,3db74e2f,1

8750,196,144,2,-2333,52,15782,-4105,2485,-3256,bf7e4c87,bbffa9a5,bd935586,3db7484b,bf7e4c87,bbffa999,bd935587,3db74849,1

8751,244,161,28,-2265,-46,15735,-4069,2537,-3274,bf7e4b29,bbe5b0f9,bd93034f,3db8254f,bf7e4b29,bbe5b0ee,bd93034f,3db8254d,1

8752,247,187,43,-2240,-40,15723,-4071,2489,-3218,bf7e4c69,bbceeab6,bd92293e,3db87f6c,bf7e4c69,bbceeaac,bd92293e,3db87f6a,1

8753,240,178,56,-2228,-17,15692,-4071,2489,-3218,bf7e4e31,bbc48680,bd9121f6,3db8bda0,bf7e4e31,bbc48673,bd9121f7,3db8bd9e,1

8754,245,169,72,-2256,-39,15735,-4095,2499,-3301,bf7e4cfa,bbb27bd3,bd911120,3db94804,bf7e4cfa,bbb27bc6,bd911120,3db94802,1

8755,240,169,79,-2246,-76,15713,-4079,2515,-3277,bf7e4b1d,bb9aad98,bd90e759,3dba2171,bf7e4b1d,bb9aad8b,bd90e75a,3dba216f,1

8756,200,166,53,-2240,-157,15709,-4101,2587,-3306,bf7e48d4,bb829226,bd90b5ff,3dbb215f,bf7e48d4,bb82921a,bd90b5ff,3dbb215d,1

8757,123,166,-9,-2306,-117,15770,-4101,2587,-3306,bf7e45d5,bb60b211,bd90d4b9,3dbc195e,bf7e45d6,bb60b1fc,bd90d4ba,3dbc195d,1

8758,29,173,-71,-2310,-248,15780,-4033,2555,-3227,bf7e4409,bb3e0225,bd90fd4e,3dbc9eaa,bf7e440a,bb3e0210,bd90fd4f,3dbc9ea9,1

8759,-84,183,-131,-2322,-108,15788,-4065,2499,-3198,bf7e4392,bb655301,bd91e6d3,3dbc07c2,bf7e4393,bb6552ee,bd91e6d4,3dbc07c1,1

8760,-174,187,-254,-2425,315,15613,-4065,2499,-3198,bf7e44cb,bb9b7574,bd922d5f,3dbb49a8,bf7e44ca,bb9b756a,bd922d5f,3dbb49a6,1

8761,-234,170,-582,-2247,279,15627,-4139,2537,-3299,bf7e491c,bbc88239,bd91b3a5,3dba05b5,bf7e491d,bbc88230,bd91b3a6,3dba05b5,1

8762,-254,104,-776,-2232,122,15615,-4187,2517,-3308,bf7e4efa,bbf4c732,bd9146f2,3db821dd,bf7e4efa,bbf4c728,bd9146f3,3db821dd,1

8763,-244,44,-865,-1966,789,15980,-4187,2517,-3308,bf7e5662,bc1087af,bd908315,3db5e91c,bf7e5663,bc1087aa,bd908317,3db5e91d,1

8764,84,148,-494,-1838,-311,15573,-4107,2523,-3206,bf7e5bd6,bc081b8b,bd8f7128,3db4f3b9,bf7e5bd6,bc081b86,bd8f7128,3db4f3b9,1

8765,201,173,-122,-2297,310,15600,-4091,2519,-3318,bf7e5a04,bc12d1f7,bd8fbd22,3db5398b,bf7e5a05,bc12d1f3,bd8fbd22,3db5398c,1

8766,143,71,-208,-2204,129,15838,-4091,2519,-3318,bf7e5a45,bc0dbc98,bd8f0a32,3db5c069,bf7e5a46,bc0dbc94,bd8f0a32,3db5c06a,1

8767,214,142,-54,-2130,-13,15741,-4091,2459,-3267,bf7e5f0a,bc05dd35,bd8db559,3db537f6,bf7e5f09,bc05dd32,bd8db558,3db537f6,1

8768,203,106,9,-2323,102,15727,-4089,2501,-3264,bf7e5a6b,bc050a1a,bd8f1192,3db5c7db,bf7e5a6a,bc050a18,bd8f1191,3db5c7db,1

8769,181,126,-5,-2123,241,15679,-4101,2529,-3221,bf7e5aaf,bc0a8b28,bd8dd767,3db694da,bf7e5ab0,bc0a8b28,bd8dd768,3db694db,1

8770,238,112,-2,-2357,-9,15815,-4101,2529,-3221,bf7e5706,bc000640,bd8ec451,3db74133,bf7e5706,bc00063e,bd8ec452,3db74133,1

8771,218,132,6,-2239,6,15734,-4093,2485,-3238,bf7e55f0,bbee9713,bd8f2d3e,3db76736,bf7e55ef,bbee970e,bd8f2d3e,3db76736,1

8772,195,151,11,-2206,78,15731,-4121,2519,-3262,bf7e5489,bbe8b8fd,bd8e7f0e,3db8727f,bf7e5489,bbe8b8fb,bd8e7f0e,3db87280,1

8773,190,132,26,-2216,-29,15730,-4121,2519,-3262,bf7e52bb,bbd26756,bd8e75f4,3db932ae,bf7e52bb,bbd26755,bd8e75f4,3db932af,1

8774,170,113,31,-2155,121,15709,-4115,2531,-3278,bf7e5221,bbdb3cf9,bd8d6bbd,3dba28ec,bf7e5221,bbdb3cf9,bd8d6bbc,3dba28ed,1

8775,163,90,31,-2342,115,15773,-4087,2539,-3230,bf7e4c89,bbde3ebf,bd8eaa17,3dbb1aff,bf7e4c8a,bbde3ec1,bd8eaa17,3dbb1b01,1

8776,173,119,12,-2217,88,15759,-4087,2539,-3230,bf7e4986,bbd90b73,bd8e5422,3dbc6776,bf7e4985,bbd90b75,bd8e5420,3dbc6776,1

8777,181,128,12,-2301,60,15784,-4059,2495,-3145,bf7e46e7,bbe6353d,bd8f64c4,3dbc6baa,bf7e46e8,bbe6353d,bd8f64c4,3dbc6bac,1

8778,179,141,10,-2202,158,15717,-4099,2539,-3217,bf7e453e,bbf10e23,bd8ea7ff,3dbd7bed,bf7e453e,bbf10e22,bd8ea7fe,3dbd7bee,1

8779,196,134,9,-2209,83,15735,-4099,2539,-3217,bf7e42b6,bbe82df1,bd8e3b2e,3dbeb13a,bf7e42b5,bbe82df0,bd8e3b2c,3dbeb13a,1

8780,220,129,25,-2204,108,15707,-4057,2519,-3211,bf7e40ab,bbf0c10b,bd8dda1c,3dbf9c68,bf7e40aa,bbf0c10d,bd8dda1b,3dbf9c68,1

8781,239,109,43,-2225,169,15723,-4087,2517,-3259,bf7e3ed8,bc026017,bd8deb4a,3dc01041,bf7e3ed8,bc026018,bd8deb49,3dc01042,1

8782,258,104,49,-2155,0,15750,-4047,2473,-3143,bf7e4350,bbff3c49,bd8ced21,3dbf5789,bf7e4351,bbff3c4d,bd8ced20,3dbf578b,1

8783,240,94,42,-2363,-54,15790,-4047,2473,-3143,bf7e4077,bbf757fe,bd8e89c2,3dbf22e3,bf7e4076,bbf75800,bd8e89bf,3dbf22e3,1

8784,198,117,11,-2177,185,15729,-4097,2469,-3231,bf7e4248,bc07bea5,bd8e355c,3dbea5e1,bf7e4249,bc07bea7,bd8e355a,3dbea5e2,1

8785,197,126,-3,-2293,-28,15782,-4035,2431,-3288,bf7e4333,bc0af209,bd8f4101,3dbd85ac,bf7e4332,bc0af208,bd8f40fe,3dbd85ac,1

8786,189,123,10,-2263,52,15722,-4035,2431,-3288,bf7e44d3,bc13dd8e,bd8fbc56,3dbc80af,bf7e44d4,bc13dd8f,bd8fbc54,3dbc80b0,1

8787,181,129,20,-2238,55,15739,-4101,2485,-3283,bf7e4546,bc0f723e,bd8fac14,3dbc73f4,bf7e4546,bc0f7241,bd8fac13,3dbc73f4,1

8788,188,138,22,-2258,31,15741,-4123,2479,-3229,bf7e45f9,bc0e156a,bd903a24,3dbbcf24,bf7e45f8,bc0e156a,bd903a23,3dbbcf24,1

8789,183,135,30,-2206,128,15730,-4123,2479,-3229,bf7e485f,bc184bd2,bd8f8adb,3dbb64ec,bf7e4860,bc184bd4,bd8f8adb,3dbb64ed,1

8790,187,122,37,-2182,16,15709,-4085,2485,-3162,bf7e49fb,bc0ddd5f,bd8ec74d,3dbb8f35,bf7e49fc,bc0ddd60,bd8ec74e,3dbb8f36,1

8791,172,105,35,-2203,63,15721,-4093,2453,-3252,bf7e4cf9,bc1675f4,bd8e9cc1,3dba90af,bf7e4cfa,bc1675f5,bd8e9cc2,3dba90b0,1

8792,177,101,34,-2192,136,15727,-4093,2453,-3252,bf7e4f40,bc216e91,bd8e4ea3,3db9e077,bf7e4f41,bc216e92,bd8e4ea4,3db9e078,1

8793,199,85,42,-2213,33,15763,-4039,2485,-3243,bf7e4e16,bc153e9a,bd8e4ac2,3dba721d,bf7e4e17,bc153e9b,bd8e4ac2,3dba721e,1

8794,192,82,48,-2342,92,15754,-4059,2501,-3195,bf7e492d,bc11fe09,bd8fb450,3dbb1380,bf7e492e,bc11fe0a,bd8fb450,3dbb1381,1

8795,196,106,40,-2210,184,15730,-4107,2519,-3225,bf7e47bf,bc16b6b1,bd8ef730,3dbc1144,bf7e47be,bc16b6af,bd8ef72e,3dbc1144,1

8796,219,104,30,-2341,22,15812,-4107,2519,-3225,bf7e43f3,bc0cf703,bd8fee04,3dbcbb84,bf7e43f2,bc0cf703,bd8fee03,3dbcbb84,1

8797,201,121,14,-2238,61,15740,-4067,2433,-3257,bf7e46b1,bc1615b6,bd8ffce9,3dbba665,bf7e46b1,bc1615b7,bd8ffcea,3dbba666,1

8798,187,127,-1,-2134,17,15700,-4125,2487,-3276,bf7e4a04,bc0e6bb0,bd8ea8af,3dbba234,bf7e4a05,bc0e6bb5,bd8ea8b0,3dbba236,1

8799,160,114,3,-2291,3,15722,-4125,2487,-3276,bf7e47cc,bc089d11,bd8fd4b9,3dbb8e66,bf7e47cc,bc089d13,bd8fd4ba,3dbb8e67,1

8800,153,115,2,-2154,104,15704,-4085,2491,-3216,bf7e4a9e,bc0d3505,bd8e6c18,3dbb9f87,bf7e4a9e,bc0d3505,bd8e6c19,3dbb9f88,1

8801,163,97,27,-2315,-37,15769,-4091,2527,-3213,bf7e4746,bc02d793,bd8f24e8,3dbc52e2,bf7e4747,bc02d793,bd8f24ea,3dbc52e4,1

8802,144,107,30,-2259,121,15735,-4091,2527,-3213,bf7e430d,bc03947e,bd8f695b,3dbd88e5,bf7e430c,bc03947e,bd8f695b,3dbd88e6,1

8803,159,119,39,-2243,63,15749,-4111,2477,-3239,bf7e4443,bc0cc52c,bd8f99e9,3dbce110,bf7e4443,bc0cc52d,bd8f99e9,3dbce113,1

8804,169,112,49,-2263,30,15748,-4103,2465,-3270,bf7e452e,bc10a446,bd90458c,3dbc02ab,bf7e452e,bc10a449,bd90458c,3dbc02ae,1

8805,129,129,49,-2112,-650,15546,-4103,2465,-3270,bf7e4569,bc03d536,bd9027af,3dbc2b78,bf7e456a,bc03d53a,bd9027af,3dbc2b7c,1

8806,18,97,57,-1759,772,15485,-4123,2505,-3240,bf7e46e2,bc11fbb1,bd8f2350,3dbc492a,bf7e46e2,bc11fbb3,bd8f234f,3dbc492e,1

8807,195,-28,53,-2997,-223,15996,-4107,2503,-3161,bf7e41df,bc0d7285,bd91212a,3dbc81c5,bf7e41de,bc0d7286,bd912129,3dbc81c8,1

8808,122,127,22,-1447,834,15494,-4089,2493,-3251,bf7e4492,bc17364e,bd8fc7ad,3dbc8388,bf7e4491,bc173650,bd8fc7ac,3dbc838b,1

8809,296,-44,75,-3549,-545,16437,-4089,2493,-3251,bf7e3f82,bc0f90c4,bd91cdee,3dbcc1f2,bf7e3f83,bc0f90c7,bd91cdee,3dbcc1f6,1

8810,127,270,-18,-2177,244,15649,-4117,2509,-3275,bf7e41cd,bc1a9dd7,bd906896,3dbcec66,bf7e41cc,bc1a9dd9,bd906895,3dbcec68,1

8811,118,378,-31,-2341,271,15772,-4085,2477,-3312,bf7e4266,bc27be6e,bd903cce,3dbcad31,bf7e4266,bc27be6f,bd903ccd,3dbcad34,1

8812,209,393,-14,-2266,200,15754,-4085,2477,-3312,bf7e4406,bc31f4be,bd8f9472,3dbc7bd2,bf7e4408,bc31f4c1,bd8f9472,3dbc7bd5,1

8813,248,429,-15,-2338,44,15809,-4071,2487,-3254,bf7e4360,bc2665eb,bd8fbbe9,3dbcc00d,bf7e4360,bc2665ea,bd8fbbe8,3dbcc00e,1

8814,236,463,-29,-2137,144,15712,-4061,2455,-3273,bf7e49e3,bc2b5bac,bd8d9151,3dbc1f8b,bf7e49e4,bc2b5bac,bd8d9150,3dbc1f8d,1

8815,265,459,-20,-2220,-45,15770,-4061,2455,-3273,bf7e4cdc,bc1c7560,bd8cfda5,3dbbc115,bf7e4cdc,bc1c755f,bd8cfda3,3dbbc117,1

8816,257,447,1,-2022,5,15679,-4087,2477,-3237,bf7e525e,bc132641,bd8ab8d6,3dbbb2ca,bf7e525d,bc13263f,bd8ab8d3,3dbbb2cb,1

8817,252,398,28,-2155,222,15747,-4071,2473,-3217,bf7e54a5,bc1dbf65,bd89d2e3,3dbb740e,bf7e54a6,bc1dbf65,bd89d2e1,3dbb7412,1

8818,303,370,73,-2009,154,15637,-4071,2473,-3217,bf7e5950,bc1f7a95,bd87b051,3dbb67f2,bf7e5951,bc1f7a97,bd87b04f,3dbb67f5,1

8819,365,336,80,-2090,37,15737,-4095,2511,-3254,bf7e5940,bc0f5e88,bd86e36d,3dbc34c3,bf7e5940,bc0f5e89,bd86e36b,3dbc34c5,1

8820,356,303,67,-2202,2,15812,-4079,2443,-3224,bf7e5a1c,bc0d7629,bd87afa2,3dbb5ce1,bf7e5a1c,bc0d762a,bd87afa0,3dbb5ce3,1

8821,321,316,58,-2195,6,15796,-4117,2467,-3232,bf7e5a52,bc08a9b2,bd887d7f,3dbac357,bf7e5a52,bc08a9b5,bd887d7d,3dbac359,1

8822,308,338,36,-2223,112,15797,-4117,2467,-3232,bf7e5abb,bc0e8561,bd88e91b,3dba3f06,bf7e5aba,bc0e8563,bd88e919,3dba3f08,1

8823,319,385,25,-2189,-8,15778,-4117,2489,-3238,bf7e5a81,bc0172c0,bd89198d,3dba554f,bf7e5a81,bc0172c8,bd89198c,3dba5552,1

8824,310,428,19,-2074,-81,15730,-4097,2441,-3233,bf7e61a6,bbf33fd8,bd87be28,3db8f763,bf7e61a6,bbf33fe8,bd87be27,3db8f766,1

8825,267,418,11,-1960,-8,15686,-4097,2441,-3233,bf7e68bb,bbf50784,bd85a993,3db8087b,bf7e68bb,bbf50793,bd85a992,3db8087e,1

8826,254,377,13,-1849,3,15603,-4069,2509,-3225,bf7e6c31,bbe3ce75,bd8391cc,3db86e51,bf7e6c32,bbe3ce83,bd8391cb,3db86e54,1

8827,249,299,15,-2070,-2,15759,-4081,2487,-3234,bf7e6c10,bbd37887,bd83be79,3db86d68,bf7e6c10,bbd37893,bd83be78,3db86d6a,1

8828,246,284,23,-2214,-13,15844,-4081,2487,-3234,bf7e69c3,bbce364c,bd84e504,3db86b3c,bf7e69c4,bbce3658,bd84e504,3db86b3f,1

8829,243,324,31,-2160,-64,15821,-4093,2487,-3278,bf7e686a,bbbdf493,bd85a36c,3db86a65,bf7e686a,bbbdf49c,bd85a36c,3db86a68,1

8830,233,370,33,-2080,-15,15799,-4083,2495,-3253,bf7e695e,bbb30bb5,bd84ee0e,3db8a3db,bf7e695f,bbb30bbe,bd84ee0f,3db8a3df,1

8831,218,383,34,-2009,83,15765,-4083,2495,-3253,bf7e6c72,bbc4b49c,bd83561e,3db8a69c,bf7e6c72,bbc4b4a0,bd83561e,3db8a69f,1

8832,228,353,32,-1851,-4,15675,-4071,2497,-3350,bf7e7067,bbbb2ddf,bd811d64,3db8e47a,bf7e7067,bbbb2de4,bd811d64,3db8e47d,1

8833,240,295,41,-1806,-52,15601,-4087,2471,-3262,bf7e758d,bbb56bac,bd7e174e,3db8938f,bf7e758d,bbb56bb3,bd7e174e,3db89392,1

8834,216,207,31,-1886,-30,15654,-4057,2491,-3291,bf7e7857,bba88331,bd7af53e,3db8bbd1,bf7e7856,bba88339,bd7af53d,3db8bbd3,1

8835,180,137,8,-1997,-70,15783,-4057,2491,-3291,bf7e768b,bb991d12,bd7ccc43,3db8c70c,bf7e768a,bb991d1c,bd7ccc42,3db8c70e,1

8836,155,119,3,-2073,-46,15792,-4085,2481,-3260,bf7e74f1,bba0d040,bd7fa10d,3db854be,bf7e74f2,bba0d04c,bd7fa10e,3db854c2,1

8837,122,137,-4,-2078,-2,15797,-4077,2501,-3224,bf7e71fa,bba8498c,bd811979,3db86e40,bf7e71fb,bba84998,bd811979,3db86e44,1

8838,117,162,-14,-2017,113,15732,-4077,2501,-3224,bf7e71da,bbc39756,bd8103a0,3db86dd4,bf7e71da,bbc39763,bd81039f,3db86dd7,1

8839,134,171,-20,-2006,70,15760,-4093,2471,-3297,bf7e73ce,bbdcd46a,bd80dcff,3db7bfc1,bf7e73ce,bbdcd476,bd80dcff,3db7bfc4,1

8840,167,157,-8,-2054,-13,15790,-4069,2505,-3271,bf7e7159,bbc9ef9c,bd8164f1,3db84f3a,bf7e7159,bbc9efa8,bd8164f1,3db84f3d,1

8841,168,184,-7,-2021,34,15743,-4069,2505,-3271,bf7e6f4f,bbc49dc8,bd815b30,3db90f79,bf7e6f50,bbc49dd2,bd815b31,3db90f7d,1

8842,170,189,1,-2080,-10,15794,-4129,2477,-3234,bf7e6f98,bbcf3712,bd824481,3db84709,bf7e6f98,bbcf371b,bd824481,3db8470c,1

8843,175,207,5,-2027,-10,15771,-4075,2507,-3322,bf7e6e65,bbbb7817,bd81fe53,3db8f747,bf7e6e64,bbbb7820,bd81fe52,3db8f749,1

8844,179,230,10,-2055,48,15811,-4075,2507,-3322,bf7e6c07,bbc265a6,bd822f28,3db99db5,bf7e6c06,bbc265b2,bd822f26,3db99db7,1

8845,185,237,22,-2035,3,15805,-4093,2529,-3246,bf7e69ec,bbb0d899,bd81d93f,3dbaa359,bf7e69eb,bbb0d8a4,bd81d93e,3dbaa35b,1

8846,194,255,38,-2028,-78,15787,-4115,2475,-3260,bf7e6d29,bbaf8388,bd81ef8b,3db97a00,bf7e6d28,bbaf8393,bd81ef8a,3db97a02,1

8847,162,261,37,-1842,109,15675,-4079,2425,-3200,bf7e7133,bbc476c8,bd80c50a,3db8d25c,bf7e7133,bbc476d6,bd80c50a,3db8d25f,1

8848,182,240,33,-1868,-25,15700,-4079,2425,-3200,bf7e7689,bbd1ae7f,bd7f19bc,3db7c53b,bf7e7689,bbd1ae8c,bd7f19bc,3db7c53e,1

8849,162,182,24,-1916,5,15753,-4079,2519,-3311,bf7e7680,bbc02e82,bd7d039a,3db89392,bf7e7681,bbc02e91,bd7d039a,3db89394,1

8850,143,153,16,-2015,-6,15785,-4053,2509,-3299,bf7e7347,bbb24317,bd7e3824,3db953bb,bf7e7347,bbb24323,bd7e3823,3db953bc,1

8851,150,165,12,-1983,-8,15802,-4053,2509,-3299,bf7e7156,bba4e1e0,bd7dec90,3dba23cf,bf7e7156,bba4e1ea,bd7dec8e,3dba23d0,1

8852,129,180,8,-2028,22,15790,-4039,2531,-3324,bf7e6d47,bb9cd5c9,bd7ebf8c,3dbb44d5,bf7e6d48,bb9cd5d4,bd7ebf8b,3dbb44d7,1

8853,130,191,-2,-2018,55,15782,-4051,2519,-3275,bf7e6a57,bbab0282,bd7f56b3,3dbc0393,bf7e6a57,bbab028f,bd7f56af,3dbc0395,1

8854,142,201,-1,-1995,-42,15786,-4051,2519,-3275,bf7e688c,bb9914bf,bd7f185f,3dbcc3c5,bf7e688d,bb9914cd,bd7f185d,3dbcc3c8,1

8855,128,212,9,-1997,12,15797,-4077,2487,-3247,bf7e6a25,bbb0d960,bd7efd69,3dbc2df4,bf7e6a25,bbb0d96d,bd7efd66,3dbc2df6,1

8856,113,227,19,-2032,6,15834,-4039,2531,-3358,bf7e66c7,bba478f7,bd7f4551,3dbd4307,bf7e66c8,bba47904,bd7f454f,3dbd430a,1

8857,127,252,22,-1967,142,15774,-4039,2531,-3358,bf7e65e0,bbb8ffb7,bd7d769e,3dbe192e,bf7e65e0,bbb8ffc4,bd7d769c,3dbe1930,1

8858,150,269,28,-2032,127,15822,-4031,2505,-3268,bf7e64b1,bbd083de,bd7db007,3dbe52ad,bf7e64b1,bbd083e8,bd7db006,3dbe52ae,1

8859,196,286,24,-2086,90,15863,-4055,2527,-3252,bf7e60cb,bbd28e97,bd7f27d8,3dbf205a,bf7e60cc,bbd28e9e,bd7f27d8,3dbf205c,1

8860,213,330,10,-1864,8,15743,-4055,2527,-3252,bf7e62b7,bbc28294,bd7b8a4e,3dbfbfa8,bf7e62b8,bbc2829b,bd7b8a4e,3dbfbfaa,1

8861,201,318,4,-1713,0,15652,-4091,2545,-3245,bf7e6556,bbb645bf,bd77892b,3dc03a74,bf7e6557,bbb645c4,bd77892c,3dc03a76,1

8862,189,243,5,-1776,-37,15676,-4071,2525,-3247,bf7e6797,bba7eb9e,bd742355,3dc09eef,bf7e6797,bba7eb9f,bd742356,3dc09ef1,1

8863,172,189,8,-1861,-7,15744,-4005,2513,-3254,bf7e677f,bb9dd65b,bd721d54,3dc1522a,bf7e6780,bb9dd660,bd721d55,3dc1522c,1

8864,149,164,4,-1850,-11,15711,-4005,2513,-3254,bf7e6725,bb982d9e,bd707723,3dc1f825,bf7e6725,bb982da5,bd707720,3dc1f825,1

8865,136,153,11,-1930,24,15780,-4061,2523,-3271,bf7e6437,bba4fab7,bd724e0a,3dc2510d,bf7e6437,bba4fab7,bd724e08,3dc2510d,1

8866,126,149,6,-1929,127,15788,-4083,2509,-3250,bf7e6414,bbc06f27,bd72c2f9,3dc21eca,bf7e6415,bbc06f27,bd72c2f8,3dc21eca,1

8867,152,159,8,-1920,137,15786,-4083,2509,-3250,bf7e63f9,bbdaa204,bd72f8ae,3dc1fb0f,bf7e63f9,bbdaa204,bd72f8ac,3dc1fb0f,1

8868,186,155,17,-1916,80,15786,-4015,2513,-3315,bf7e60d5,bbddba0e,bd737034,3dc2d909,bf7e60d5,bbddba0e,bd737035,3dc2d909,1

8869,211,153,24,-1869,109,15755,-4057,2481,-3385,bf7e62cd,bbf42979,bd729752,3dc25d61,bf7e62cc,bbf42977,bd729752,3dc25d61,1

8870,234,149,39,-1866,94,15760,-4057,2481,-3385,bf7e650f,bc037611,bd71987b,3dc1d6c0,bf7e650f,bc037611,bd71987e,3dc1d6c0,1

8871,259,140,49,-1930,-20,15781,-4009,2487,-3283,bf7e6385,bbee4814,bd731ba2,3dc1fe9a,bf7e6385,bbee4811,bd731ba4,3dc1fe9a,1

8872,251,148,32,-1864,2,15761,-4053,2499,-3312,bf7e64a7,bbd7f249,bd71d59f,3dc21faa,bf7e64a6,bbd7f24c,bd71d59e,3dc21faa,1

8873,234,131,23,-1878,-25,15747,-4053,2499,-3312,bf7e64de,bbc255cd,bd720070,3dc21709,bf7e64dd,bbc255d2,bd720072,3dc21709,1

8874,214,118,20,-1878,15,15774,-4043,2531,-3310,bf7e6268,bbb11a77,bd719c1a,3dc31496,bf7e6268,bbb11a7a,bd719c1e,3dc31497,1

8875,199,107,16,-1857,1,15746,-4077,2515,-3262,bf7e634d,bbb3b24f,bd708442,3dc31df3,bf7e634e,bbb3b251,bd708445,3dc31df4,1

8876,200,99,19,-1871,14,15762,-4049,2463,-3232,bf7e65b8,bbc7c58c,bd70df43,3dc2241c,bf7e65b8,bbc7c58d,bd70df45,3dc2241c,1

8877,194,84,18,-1922,4,15778,-4049,2463,-3232,bf7e6707,bbd81ea0,bd72747d,3dc12620,bf7e6707,bbd81ea2,bd72747e,3dc12620,1

8878,192,82,19,-1963,65,15811,-4081,2483,-3333,bf7e666e,bbea0850,bd748343,3dc09d9b,bf7e666e,bbea084f,bd748344,3dc09d9b,1

8879,204,96,30,-1873,70,15746,-4063,2483,-3304,bf7e68fc,bbfb8cff,bd737e72,3dc001dd,bf7e68fd,bbfb8cfd,bd737e72,3dc001de,1

8880,229,94,46,-1884,50,15759,-4063,2483,-3304,bf7e6b67,bbffc1f3,bd730be9,3dbf531d,bf7e6b68,bbffc1f2,bd730bea,3dbf531e,1

8881,246,88,66,-1830,50,15721,-4069,2517,-3299,bf7e6ae3,bbebc93a,bd715ff0,3dc01f76,bf7e6ae3,bbebc93b,bd715fef,3dc01f76,1

8882,272,59,76,-1843,-1,15719,-4029,2547,-3251,bf7e684e,bbd209d5,bd711b98,3dc12d09,bf7e684e,bbd209d6,bd711b97,3dc12d09,1

8883,280,36,85,-1825,-64,15712,-4029,2547,-3251,bf7e65f0,bbb6a92a,bd70e965,3dc21f22,bf7e65f1,bbb6a92b,bd70e966,3dc21f23,1

8884,252,5,84,-1898,-134,15765,-4057,2531,-3339,bf7e630d,bb9aefad,bd721fe3,3dc2c926,bf7e630d,bb9aefac,bd721fe2,3dc2c926,1

8885,215,-2,73,-2110,-101,15885,-4045,2521,-3259,bf7e5e7b,bb918457,bd75dd98,3dc3223d,bf7e5e7b,bb918456,bd75dd97,3dc3223d,1

8886,174,47,64,-2139,-41,15888,-4045,2521,-3259,bf7e5a14,bb921178,bd7976e2,3dc36c65,bf7e5a15,bb921178,bd7976e2,3dc36c65,1

8887,152,122,71,-2059,25,15847,-4095,2555,-3193,bf7e54db,bb955c32,bd7bd95b,3dc458fe,bf7e54dc,bb955c32,bd7bd95b,3dc458fe,1

8888,161,180,68,-2062,-1,15851,-4025,2509,-3282,bf7e5218,bba117f5,bd7e153a,3dc47c58,bf7e5219,bba117f2,bd7e153a,3dc47c58,1

8889,161,213,62,-2049,-40,15865,-4061,2425,-3247,bf7e543f,bbb4b031,bd7e92eb,3dc38f52,bf7e5440,bbb4b02e,bd7e92eb,3dc38f52,1

8890,129,256,47,-2119,-35,15955,-4061,2425,-3247,bf7e55e7,bbc7890e,bd7f7334,3dc2a9e7,bf7e55e8,bbc7890b,bd7f7334,3dc2a9e7,1

8891,111,315,22,-1506,81,15489,-4031,2519,-3250,bf7e59b8,bbc94a6f,bd7aff4c,3dc2dc0b,bf7e59b9,bbc94a6d,bd7aff4c,3dc2dc0b,1

8892,137,254,26,-1698,-176,15633,-4029,2473,-3323,bf7e5dce,bbbae2e5,bd7784aa,3dc2b172,bf7e5dce,bbbae2e4,bd7784a9,3dc2b171,1

8893,110,124,-4,-1876,-35,15803,-4029,2473,-3323,bf7e62cc,bbc677b9,bd75ac7d,3dc19971,bf7e62cc,bbc677b7,bd75ac7c,3dc19970,1

8894,59,104,-40,-2041,13,15881,-4073,2527,-3274,bf7e5f01,bbc60ddc,bd786e71,3dc1f781,bf7e5f02,bbc60dda,bd786e71,3dc1f781,1

8895,35,129,-45,-1839,56,15717,-3997,2489,-3286,bf7e6265,bbd87854,bd758bce,3dc1b22b,bf7e6266,bbd87856,bd758bce,3dc1b22b,1

8896,47,120,-23,-1945,132,15794,-3997,2489,-3286,bf7e620a,bbf65cd5,bd760e6b,3dc182d2,bf7e620b,bbf65cd8,bd760e6a,3dc182d2,1

8897,83,111,-3,-1981,8,15817,-4039,2559,-3357,bf7e5ee8,bbe5059f,bd76af8e,3dc26bff,bf7e5ee8,bbe505a1,bd76af8c,3dc26bff,1

8898,90,116,16,-2010,57,15845,-4001,2513,-3249,bf7e5a9c,bbe36889,bd78f5ac,3dc31bcf,bf7e5a9c,bbe3688b,bd78f5a9,3dc31bcf,1

8899,112,144,41,-2003,134,15817,-4001,2513,-3249,bf7e5719,bbf61dcf,bd7a3af4,3dc3c205,bf7e571a,bbf61dd1,bd7a3af3,3dc3c206,1

8900,153,189,52,-1926,119,15775,-4055,2559,-3245,bf7e5455,bbec27c7,bd78c32f,3dc52a54,bf7e5455,bbec27ca,bd78c32c,3dc52a53,1

8901,186,201,67,-1930,16,15773,-4041,2505,-3312,bf7e543b,bbdce34e,bd77efd8,3dc5871b,bf7e543c,bbdce351,bd77efd4,3dc5871a,1

8902,200,220,89,-2005,115,15835,-4067,2483,-3275,bf7e5447,bbf24a27,bd789d32,3dc5331a,bf7e5448,bbf24a29,bd789d2e,3dc53319,1

8903,195,237,92,-1703,24,15676,-4067,2483,-3275,bf7e586d,bbf1e57b,bd74b31c,3dc516b7,bf7e586e,bbf1e57c,bd74b318,3dc516b6,1

8904,195,181,78,-1743,56,15685,-4075,2511,-3238,bf7e5b41,bbef010a,bd71126b,3dc54ee7,bf7e5b41,bbef0109,bd711266,3dc54ee6,1

8905,188,123,71,-1824,87,15738,-4043,2483,-3231,bf7e5e01,bc010ac5,bd6f9364,3dc4c82b,bf7e5e02,bc010ac7,bd6f9361,3dc4c82a,1

8906,193,86,53,-1776,157,15727,-4043,2483,-3231,bf7e6051,bc0afc6c,bd6dd6e1,3dc474d5,bf7e6051,bc0afc6d,bd6dd6dd,3dc474d4,1

8907,229,53,38,-1946,-8,15813,-4035,2503,-3277,bf7e5d74,bc0085e8,bd7049d3,3dc4bffc,bf7e5d75,bc0085ee,bd7049d1,3dc4bffb,1

8908,228,37,4,-1830,8,15732,-3973,2509,-3293,bf7e5c87,bbe8a5f6,bd6fc468,3dc55336,bf7e5c87,bbe8a602,bd6fc464,3dc55334,1

8909,222,29,13,-2004,46,15822,-3973,2509,-3293,bf7e5819,bbe22bc1,bd732651,3dc5bedc,bf7e581a,bbe22bcb,bd73264f,3dc5bedb,1

8910,232,49,23,-1988,79,15840,-4049,2477,-3312,bf7e577f,bbf37941,bd755dae,3dc52ca1,bf7e5780,bbf37947,bd755dac,3dc52ca0,1

8911,241,70,18,-1816,142,15718,-4029,2533,-3284,bf7e5768,bbf32aec,bd72e433,3dc5f878,bf7e5767,bbf32aec,bd72e42e,3dc5f876,1

8912,278,49,25,-1784,38,15721,-4029,2533,-3284,bf7e5748,bbdfb56b,bd71037a,3dc6ac00,bf7e5749,bbdfb56c,bd710377,3dc6ac00,1

8913,311,11,37,-1893,43,15753,-4015,2543,-3266,bf7e5345,bbc9e829,bd71d4cc,3dc7cb7e,bf7e5345,bbc9e829,bd71d4c8,3dc7cb7d,1

8914,312,-10,32,-1884,22,15768,-4047,2559,-3235,bf7e4f71,bbb41521,bd725812,3dc8efd2,bf7e4f71,bbb4151f,bd72580f,3dc8efd1,1

8915,315,-33,22,-1920,-48,15771,-4035,2495,-3271,bf7e4f61,bbb3ae59,bd7522e6,3dc81bce,bf7e4f62,bbb3ae58,bd7522e4,3dc81bce,1

8916,298,-31,15,-2014,-185,15791,-4035,2495,-3271,bf7e4d44,bb9db39f,bd785a68,3dc7dc50,bf7e4d45,bb9db39b,bd785a66,3dc7dc50,1

8917,228,-22,-2,-2080,-20,15868,-4051,2507,-3286,bf7e4a7c,bba59d5b,bd7c012a,3dc793f2,bf7e4a7c,bba59d53,bd7c0128,3dc793f1,1

8918,200,13,-10,-2146,51,15879,-4085,2501,-3238,bf7e48a3,bbb63200,bd7efc6d,3dc7299f,bf7e48a3,bbb631f9,bd7efc6b,3dc7299e,1

8919,219,83,-16,-2058,-40,15826,-4085,2501,-3238,bf7e4829,bbbc4153,bd80cc0c,3dc673b5,bf7e482a,bbbc414f,bd80cc0c,3dc673b4,1

8920,213,127,-16,-2037,-85,15828,-4059,2531,-3302,bf7e4649,bba4acba,bd812a05,3dc6e597,bf7e464a,bba4acb6,bd812a05,3dc6e596,1

8921,182,156,-22,-1966,-54,15770,-4083,2569,-3334,bf7e44ff,bb90ec05,bd809400,3dc7bf02,bf7e44ff,bb90ec00,bd809400,3dc7bf01,1

8922,165,162,-28,-1911,-7,15735,-4083,2569,-3334,bf7e44cd,bb877fad,bd7eb9bb,3dc89c54,bf7e44cd,bb877fa8,bd7eb9bb,3dc89c53,1

8923,162,149,-28,-1965,73,15764,-4061,2537,-3253,bf7e450b,bb9fa722,bd7de228,3dc8bb79,bf7e450a,bb9fa71d,bd7de227,3dc8bb77,1

8924,172,151,-18,-1887,-48,15728,-4057,2555,-3309,bf7e450c,bb8f877f,bd7bc772,3dc9705f,bf7e450d,bb8f877a,bd7bc774,3dc9705f,1

8925,167,148,-5,-1943,44,15766,-4057,2555,-3309,bf7e4306,bb990789,bd7a9df8,3dca68df,bf7e4307,bb990786,bd7a9dfb,3dca68df,1

8926,181,151,1,-1928,83,15780,-4049,2529,-3283,bf7e43a9,bbb0c9b8,bd79a06f,3dca70c9,bf7e43aa,bbb0c9b4,bd79a071,3dca70c9,1

8927,219,136,7,-1977,62,15807,-4021,2559,-3312,bf7e3f4f,bbac539a,bd79f5a8,3dcbb714,bf7e3f4e,bbac5394,bd79f5a7,3dcbb713,1

8928,235,132,2,-1934,-3,15760,-4015,2503,-3304,bf7e415c,bbbca7a2,bd79ab31,3dcb1b79,bf7e415b,bbbca79d,bd79ab30,3dcb1b78,1

8929,241,134,3,-1940,-6,15777,-4015,2503,-3304,bf7e4325,bbc66672,bd799d97,3dca8742,bf7e4324,bbc66670,bd799d96,3dca8741,1

8930,244,122,-1,-1943,-110,15770,-4005,2559,-3361,bf7e4143,bbab7ce3,bd79a12b,3dcb357c,bf7e4144,bbab7ce2,bd79a12c,3dcb357d,1

8931,217,89,-7,-1974,-104,15779,-4017,2473,-3228,bf7e43bf,bbb09caf,bd7b5b03,3dc9e0e4,bf7e43c0,bbb09cb0,bd7b5b03,3dc9e0e5,1

8932,175,102,-22,-1737,224,15694,-4017,2473,-3228,bf7e46bd,bbc6ba5b,bd799323,3dc96856,bf7e46bd,bbc6ba5b,bd799322,3dc96857,1

8933,171,91,-51,-1792,30,15632,-4067,2519,-3276,bf7e4a44,bbcafc63,bd76795d,3dc93b42,bf7e4a45,bbcafc65,bd76795d,3dc93b44,1

8934,203,41,-54,-1631,298,15647,-4037,2535,-3279,bf7e4c6a,bbda543e,bd742451,3dc933c8,bf7e4c6b,bbda5440,bd742451,3dc933ca,1

8935,272,-49,-57,-1970,129,15778,-4037,2535,-3279,bf7e487f,bbe66a1b,bd76a7ac,3dc99eff,bf7e487f,bbe66a1e,bd76a7ab,3dc99f01,1

8936,337,-92,-42,-1933,-20,15748,-4085,2531,-3313,bf7e463d,bbcbe141,bd78689a,3dc9e800,bf7e463d,bbcbe145,bd786899,3dc9e802,1

8937,347,-97,-38,-2220,-178,15943,-4065,2517,-3342,bf7e42a9,bbb90dc7,bd7c90fd,3dc9d018,bf7e42a9,bbb90dcd,bd7c90fc,3dc9d01a,1

8938,296,-36,-29,-2170,-135,15868,-4065,2517,-3342,bf7e3f47,bbaa188a,bd803614,3dc9b6f3,bf7e3f47,bbaa1891,bd803614,3dc9b6f5,1

8939,254,23,-27,-1875,-518,15775,-4039,2517,-3246,bf7e3f6a,bb8c3df1,bd80428f,3dc9baaa,bf7e3f6a,bb8c3df8,bd80428f,3dc9baac,1

8940,163,35,-3,-2296,140,15977,-4069,2527,-3360,bf7e3c77,bb9ed01e,bd81bb9d,3dc9a9a5,bf7e3c77,bb9ed026,bd81bb9d,3dc9a9a7,1

8941,132,64,-24,-1709,312,15547,-4047,2533,-3284,bf7e3e95,bbb41305,bd80a505,3dc99f8d,bf7e3e95,bbb4130d,bd80a505,3dc99f8f,1

8942,154,75,-24,-2446,-386,16037,-4047,2533,-3284,bf7e3b8c,bba47552,bd821350,3dc9b6fe,bf7e3b8c,bba4755b,bd821350,3dc9b700,1

8943,45,153,-38,-2051,-90,15775,-4095,2481,-3294,bf7e3e85,bbb6902f,bd82905d,3dc865f5,bf7e3e84,bbb69036,bd82905d,3dc865f6,1

8944,-28,192,-59,-1968,50,15765,-4081,2501,-3282,bf7e4242,bbd4731a,bd81918c,3dc7bdf6,bf7e4242,bbd47322,bd81918e,3dc7bdf8,1

8945,-1,188,-49,-2012,-134,15774,-4081,2501,-3282,bf7e43e3,bbc36da7,bd8183dc,3dc7533a,bf7e43e4,bbc36daf,bd8183df,3dc7533c,1

8946,159,221,-20,-1548,-994,15684,-4041,2507,-3290,bf7e45af,bba9de4a,bd80b210,3dc7600b,bf7e45ae,bba9de51,bd80b212,3dc7600c,1

8947,702,187,79,-1194,-1078,15218,-4019,2493,-3302,bf7e4751,bb774a9e,bd7f9f96,3dc78e69,bf7e4750,bb774aac,bd7f9f9a,3dc78e6a,1

8948,384,-114,115,-2169,-908,15845,-4019,2493,-3302,bf7e4428,bb337eb1,bd810bbd,3dc7d69d,bf7e4428,bb337ec1,bd810bc0,3dc7d69f,1

8949,-119,-129,-40,-1872,-184,15685,-4029,2515,-3304,bf7e4634,bb316442,bd804762,3dc7aed7,bf7e4635,bb316453,bd804766,3dc7aeda,1

8950,-275,-135,-146,-1484,331,15447,-4095,2497,-3266,bf7e48fd,bb7fc32a,bd7f3acc,3dc722f7,bf7e48fe,bb7fc338,bd7f3ad4,3dc722fa,1

8951,-152,-298,-79,-1909,487,15672,-4095,2497,-3266,bf7e486f,bbaa51ab,bd8059cd,3dc6b7c1,bf7e486f,bbaa51b2,bd8059d0,3dc6b7c3,1

8952,35,-384,15,-2153,238,15789,-4061,2441,-3282,bf7e4608,bbcae81f,bd822127,3dc63584,bf7e4608,bbcae826,bd82212a,3dc63586,1

8953,150,-356,54,-2390,270,15909,-4049,2497,-3278,bf7e40d0,bbe12038,bd848ac7,3dc630bd,bf7e40cf,bbe12040,bd848aca,3dc630bf,1

8954,232,-277,44,-2654,277,16093,-4081,2473,-3238,bf7e3c0d,bbf09f10,bd86ef17,3dc60856,bf7e3c0c,bbf09f18,bd86ef1a,3dc60858,1

8955,327,-79,40,-2350,256,15881,-4081,2473,-3238,bf7e39a0,bc0095b8,bd8865bb,3dc5b9f5,bf7e39a0,bc0095bd,bd8865bf,3dc5b9f8,1

8956,421,57,53,-2440,42,15937,-4101,2461,-3328,bf7e3715,bc00c3b9,bd8a1a25,3dc55bdb,bf7e3716,bc00c3c0,bd8a1a2a,3dc55bde,1

8957,455,165,38,-2150,-13,15667,-4077,2523,-3314,bf7e3574,bbe038d4,bd8a3202,3dc5f99f,bf7e3573,bbe038e0,bd8a3206,3dc5f9a0,1

8958,450,209,26,-2215,-460,15933,-4077,2523,-3314,bf7e34fb,bbb9a7f5,bd8a5181,3dc63242,bf7e34fc,bbb9a803,bd8a5186,3dc63244,1

8959,344,228,9,-2527,-383,15920,-4089,2529,-3305,bf7e3296,bba04ecd,bd8b5577,3dc6571b,bf7e3296,bba04ed7,bd8b557b,3dc6571d,1

8960,206,396,-26,-1969,-104,15675,-4073,2499,-3189,bf7e390a,bb9ad169,bd88ff31,3dc5eae6,bf7e390a,bb9ad173,bd88ff35,3dc5eae8,1

8961,168,375,-29,-2174,-252,15823,-4073,2499,-3189,bf7e3a82,bb830c9c,bd88f50d,3dc58a4c,bf7e3a82,bb830ca2,bd88f511,3dc58a4e,1

8962,115,385,-27,-1754,-69,15603,-4081,2519,-3266,bf7e3fe0,bb8348d5,bd868c92,3dc577c6,bf7e3fe0,bb8348dc,bd868c96,3dc577c8,1

8963,65,312,-38,-1723,132,15592,-4117,2489,-3271,bf7e44eb,bb9747e6,bd84adb0,3dc50d2f,bf7e44eb,bb9747eb,bd84adb4,3dc50d31,1

8964,115,163,-29,-1761,66,15619,-4117,2489,-3271,bf7e4962,bba79e68,bd8322d3,3dc49801,bf7e4962,bba79e6a,bd8322d7,3dc49803,1

8965,159,52,-11,-1961,20,15699,-4101,2499,-3304,bf7e4c7a,bbbc438e,bd826c23,3dc3fe35,bf7e4c7b,bbbc438f,bd826c28,3dc3fe38,1

8966,182,1,-2,-2106,122,15802,-4105,2467,-3265,bf7e4cb3,bbd49d44,bd8328ff,3dc3547f,bf7e4cb2,bbd49d45,bd832903,3dc35480,1

8967,225,12,1,-2133,171,15811,-4065,2483,-3285,bf7e4be2,bbeba2b5,bd83fbf5,3dc2efad,bf7e4be3,bbeba2b9,bd83fbfb,3dc2efb0,1

8968,294,37,7,-2092,184,15756,-4065,2483,-3285,bf7e4bc8,bc005ca9,bd8472ae,3dc28d43,bf7e4bc9,bc005cad,bd8472b3,3dc28d46,1

8969,372,53,19,-2189,33,15829,-4075,2479,-3345,bf7e499f,bbff8a8e,bd8619f5,3dc2210e,bf7e499f,bbff8a98,bd8619fa,3dc22110,1

8970,415,86,28,-1932,-37,15674,-4067,2525,-3353,bf7e4a8c,bbe25321,bd852b1a,3dc29c70,bf7e4a8b,bbe2532b,bd852b1f,3dc29c71,1

8971,429,50,55,-1800,-73,15604,-4067,2525,-3353,bf7e4c0a,bbc8ba74,bd840892,3dc30118,bf7e4c0b,bbc8ba85,bd840897,3dc3011a,1

8972,437,-31,81,-2013,-27,15698,-4037,2525,-3332,bf7e49cf,bbaae8a8,bd83f8c2,3dc3e22a,bf7e49ce,bbaae8bb,bd83f8c5,3dc3e229,1

8973,440,-73,84,-2096,-15,15761,-4061,2479,-3321,bf7e490f,bbb34f5f,bd85370e,3dc34164,bf7e4910,bbb34f73,bd853711,3dc34164,1

8974,461,-72,82,-2112,-162,15728,-4061,2479,-3321,bf7e47ae,bb97d5e0,bd86bbb3,3dc2c0d7,bf7e47ad,bb97d5e9,bd86bbb4,3dc2c0d5,1

8975,444,-70,83,-2159,-219,15767,-4095,2563,-3267,bf7e4391,bb6ab00e,bd87b7ee,3dc38075,bf7e4392,bb6ab023,bd87b7f0,3dc38075,1

8976,406,-70,85,-2196,0,15826,-4063,2513,-3295,bf7e4050,bb7fd21b,bd8929c2,3dc386b2,bf7e4051,bb7fd233,bd8929c4,3dc386b2,1

8977,419,-42,80,-2254,-114,15851,-4063,2513,-3295,bf7e3bcf,bb657a75,bd8b1777,3dc3a913,bf7e3bd0,bb657a83,bd8b1779,3dc3a913,1

8978,449,-14,79,-2445,0,15969,-4085,2493,-3251,bf7e3880,bb6df8ae,bd8cd55b,3dc37a8a,bf7e3880,bb6df8c2,bd8cd55d,3dc37a89,1

8979,487,67,88,-2442,-75,15948,-4071,2511,-3305,bf7e3457,bb5ffab9,bd8e9d3e,3dc38e96,bf7e3457,bb5ffacc,bd8e9d40,3dc38e95,1

8980,526,173,84,-2251,-64,15844,-4073,2561,-3275,bf7e3046,bb2be972,bd8ec0f3,3dc4d284,bf7e3047,bb2be97f,bd8ec0f5,3dc4d284,1

8981,544,228,97,-2064,-311,15667,-4073,2561,-3275,bf7e304f,bab8dff5,bd8de7eb,3dc57a1e,bf7e304e,bab8e00e,bd8de7eb,3dc57a1d,1

8982,521,212,85,-2224,-565,15725,-4097,2521,-3341,bf7e2f5e,b917d40f,bd8e1ba4,3dc5a7d8,bf7e2f5e,b917d4e8,bd8e1ba5,3dc5a7d8,1

8983,402,229,53,-1988,-354,15648,-4089,2521,-3305,bf7e32fe,3a2be13e,bd8c8c55,3dc59968,bf7e32ff,3a2be0e5,bd8c8c55,3dc59969,1

8984,308,217,42,-2102,-169,15747,-4089,2521,-3305,bf7e36a0,3963913b,bd8b8a0d,3dc52634,bf7e36a1,3963901f,bd8b8a0d,3dc52635,1

8985,324,183,39,-2132,-176,15769,-4061,2551,-3263,bf7e35f4,39d1ef03,bd8acd3c,3dc5e25d,bf7e35f4,39d1ee97,bd8acd3b,3dc5e25c,1

8986,334,192,24,-2131,-255,15764,-4075,2531,-3254,bf7e377f,3a571ecd,bd8a8f60,3dc58ddc,bf7e377f,3a571ec5,bd8a8f5f,3dc58ddb,1

8987,335,189,30,-1908,-232,15608,-4075,2531,-3254,bf7e3ba5,3a877076,bd88bf0b,3dc57a5c,bf7e3ba5,3a877076,bd88bf0a,3dc57a5b,1

8988,340,126,53,-1879,-302,15713,-4091,2521,-3256,bf7e3faa,3ab577e9,bd872368,3dc5483e,bf7e3faa,3ab577ea,bd872367,3dc5483d,1

8989,349,31,118,-2041,-222,15664,-4065,2515,-3324,bf7e4175,3a83f714,bd870e69,3dc4c524,bf7e4175,3a83f716,bd870e67,3dc4c523,1

8990,343,-29,180,-2292,-580,15750,-4065,2515,-3324,bf7e3cfc,3aee76d5,bd889ea6,3dc51c26,bf7e3cfd,3aee76d8,bd889ea4,3dc51c26,1

8991,265,-2,201,-2405,-314,15895,-4059,2571,-3281,bf7e365c,3b0de34a,bd8a78dd,3dc5efc8,bf7e365c,3b0de349,bd8a78da,3dc5efc7,1

8992,209,91,193,-2556,-400,15963,-4041,2557,-3345,bf7e30aa,3b207359,bd8c2305,3dc69426,bf7e30ab,3b207357,bd8c2302,3dc69426,1

8993,154,235,162,-2112,-334,15746,-4067,2523,-3285,bf7e347a,3b1ebdf7,bd8b2606,3dc60ddd,bf7e347a,3b1ebdf3,bd8b2604,3dc60ddc,1

8994,120,263,152,-1968,-12,15670,-4067,2523,-3285,bf7e36dc,3adaaf6a,bd89ec04,3dc62e54,bf7e36dc,3adaaf5f,bd89ec02,3dc62e53,1

8995,195,201,208,-1829,-218,15592,-4071,2547,-3296,bf7e391d,3adeb8d0,bd880547,3dc6c4ed,bf7e391e,3adeb8c9,bd880545,3dc6c4ed,1

8996,247,95,255,-2227,-35,15824,-4023,2557,-3256,bf7e34c8,3a923dd7,bd88d80e,3dc79aba,bf7e34c8,3a923dd3,bd88d80c,3dc79aba,1

8997,285,112,193,-2150,-124,15788,-4023,2557,-3256,bf7e30cc,3a3bdfc1,bd893e2a,3dc89b5e,bf7e30cc,3a3bdfc8,bd893e29,3dc89b5e,1

8998,310,148,172,-2059,-305,15728,-4043,2507,-3256,bf7e34c8,3a7ff5db,bd887a67,3dc7dc22,bf7e34c7,3a7ff5e4,bd887a66,3dc7dc21,1

8999,331,114,219,-1968,-211,15660,-4029,2575,-3195,bf7e333d,3ac6e94b,bd874730,3dc92561,bf7e333d,3ac6e953,bd87472f,3dc92561,1

9000,408,45,322,-2168,85,15822,-4029,2575,-3195,bf7e2ede,3a88703a,bd87c2af,3dca366d,bf7e2edf,3a887043,bd87c2ae,3dca366e,1

9001,514,51,325,-2184,-203,15784,-4047,2547,-3332,bf7e2909,3a9e7f84,bd893f94,3dcb0948,bf7e2909,3a9e7f8b,bd893f93,3dcb0948,1

9002,585,60,348,-2381,-337,15892,-4081,2545,-3400,bf7e226f,3af74f10,bd8b1b7f,3dcbd02a,bf7e226f,3af74f16,bd8b1b7e,3dcbd02a,1

9003,677,124,477,-2432,-8,16020,-4081,2545,-3400,bf7e1cd8,3af9c122,bd8c35e8,3dcccbff,bf7e1cd9,3af9c12d,bd8c35e7,3dcccc00,1

9004,777,240,480,-2196,131,15913,-4115,2643,-3298,bf7e17ad,3b0451ba,bd8bcfed,3dcea8cf,bf7e17ae,3b0451bf,bd8bcfec,3dcea8d0,1

9005,934,306,466,-1978,270,15833,-4039,2573,-3314,bf7e1652,3b166255,bd8ac979,3dcfc084,bf7e1651,3b16625b,bd8ac976,3dcfc083,1

9006,1101,317,444,-1845,82,15710,-4077,2587,-3273,bf7e15f0,3b4284ed,bd8945a4,3dd0d636,bf7e15f0,3b4284f0,bd8945a3,3dd0d635,1

9007,1311,246,336,-1873,40,15737,-4077,2587,-3273,bf7e15d4,3b7be2db,bd881930,3dd193bf,bf7e15d4,3b7be2e1,bd88192f,3dd193be,1

9008,1491,141,323,-1946,-469,15722,-4051,2627,-3211,bf7e11b0,3bcbdef2,bd87b6ea,3dd2d642,bf7e11b1,3bcbdef7,bd87b6ea,3dd2d642,1

9009,1549,75,290,-1803,-724,15542,-4089,2609,-3248,bf7e0e98,3c0eb543,bd8765f0,3dd39a1d,bf7e0e99,3c0eb546,bd8765f0,3dd39a1d,1

9010,1509,-34,266,-2016,-810,15689,-4089,2609,-3248,bf7e0927,3c37cef6,bd882915,3dd44018,bf7e0927,3c37cef8,bd882914,3dd44018,1

9011,1458,-80,240,-2046,-621,15743,-4061,2581,-3265,bf7e0803,3c517a38,bd88f814,3dd3b2ce,bf7e0803,3c517a39,bd88f813,3dd3b2ce,1

9012,1495,-114,223,-2103,-450,15918,-4103,2595,-3268,bf7e0556,3c5fea52,bd89f084,3dd3a3c2,bf7e0556,3c5fea53,bd89f083,3dd3a3c2,1

9013,1586,-121,192,-2227,-916,15768,-4103,2595,-3268,bf7dfe76,3c831f8f,bd8c0aae,3dd3a25e,bf7dfe77,3c831f90,bd8c0aad,3dd3a25e,1

9014,1651,-118,253,-2274,-869,15778,-4071,2653,-3257,bf7df4a4,3c96bf98,bd8e1a8b,3dd46363,bf7df4a5,3c96bf98,bd8e1a8a,3dd46363,1

9015,1688,-89,296,-2316,-783,15956,-4057,2675,-3224,bf7de961,3ca7b4b6,bd9039e2,3dd586e1,bf7de961,3ca7b4b5,bd9039e0,3dd586e0,1

9016,1743,-36,285,-2231,-884,15853,-4057,2675,-3224,bf7ddee8,3cbacacb,bd91a5b6,3dd6ae48,bf7ddee7,3cbacac9,bd91a5b4,3dd6ae46,1

9017,1792,-12,249,-2341,-949,15929,-4049,2659,-3221,bf7dd58f,3ccae25d,bd93bd69,3dd719fe,bf7dd590,3ccae25e,bd93bd68,3dd719fe,1

9018,1896,33,234,-2083,-725,15873,-4039,2743,-3192,bf7dcf0e,3cda4d0d,bd93535f,3dd85b1f,bf7dcf0e,3cda4d0c,bd93535e,3dd85b1e,1

9019,2055,49,178,-2008,-589,15852,-4093,2727,-3293,bf7dcb4d,3ce83cd5,bd931e37,3dd8b138,bf7dcb4d,3ce83cd4,bd931e36,3dd8b137,1

9020,2237,5,82,-1648,427,16007,-4093,2727,-3293,bf7dc807,3cf78179,bd9339a0,3dd88582,bf7dc807,3cf78178,bd93399f,3dd88581,1

9021,2641,-85,-45,-1891,-1252,15650,-4059,2741,-3261,bf7dc09f,3d0a584c,bd93345f,3dd87f6d,bf7dc0a0,3d0a584c,bd93345f,3dd87f6d,1

9022,2923,-253,29,-2148,-1940,15506,-4077,2773,-3248,bf7db258,3d1bb34d,bd951960,3dd87000,bf7db259,3d1bb34d,bd951960,3dd87000,1

9023,2871,-311,103,-2252,-1566,15771,-4077,2773,-3248,bf7da112,3d2bff3a,bd976793,3dd8d05c,bf7da111,3d2bff39,bd976792,3dd8d05a,1

9024,2907,-274,70,-2730,-2046,15784,-4061,2799,-3229,bf7d8e9c,3d3c3d7d,bd9a5650,3dd8c514,bf7d8e9c,3d3c3d7b,bd9a564f,3dd8c512,1

9025,2926,-167,147,-2290,-1331,15831,-4087,2807,-3233,bf7d81a3,3d475918,bd9bd416,3dd903d3,bf7d81a3,3d475916,bd9bd415,3dd903d1,1

9026,2983,-73,113,-2300,-2267,15592,-4087,2807,-3233,bf7d6f0f,3d58f97f,bd9d6e07,3dd90e32,bf7d6f10,3d58f97e,bd9d6e06,3dd90e31,1

9027,3074,-97,205,-2142,-1266,15720,-4097,2851,-3216,bf7d61d1,3d64d95f,bd9e3611,3dd94dc5,bf7d61d2,3d64d95e,bd9e3610,3dd94dc4,1

9028,3175,-158,248,-1660,-4621,13952,-4101,2837,-3222,bf7d4b77,3d77c38e,bd9fb3e9,3dd98ab2,bf7d4b78,3d77c38d,bd9fb3e8,3dd98ab1,1

9029,3035,-398,498,-2418,-745,16379,-4101,2837,-3222,bf7d38a5,3d818f2a,bda1ab90,3dda423b,bf7d38a4,3d818f29,bda1ab8d,3dda4238,1

9030,3246,-307,218,-2123,-1383,15882,-4095,2869,-3133,bf7d2790,3d87da2a,bda30907,3dda5ebe,bf7d2791,3d87da2a,bda30905,3dda5ebd,1

9031,3525,-123,-297,-2433,-1120,16317,-4099,2899,-3199,bf7d1963,3d8eb5ed,bda488bf,3dd8f9c5,bf7d1964,3d8eb5ed,bda488be,3dd8f9c4,1

9032,3885,59,-713,-2290,-1246,15993,-4101,2919,-3171,bf7d0d4d,3d967d33,bda5910c,3dd6716d,bf7d0d4e,3d967d33,bda5910b,3dd6716c,1

9033,4274,26,-806,-1790,-4911,14587,-4101,2919,-3171,bf7cf4cd,3da29897,bda70359,3dd3b132,bf7cf4cd,3da29897,bda70357,3dd3b130,1

9034,4240,-597,71,-3012,-2470,16055,-4091,3009,-3199,bf7ccf4e,3dac7be1,bdab6196,3dd392e2,bf7ccf4f,3dac7be2,bdab6194,3dd392e1,1

9035,4501,-450,53,-2401,-3106,15496,-4183,2985,-3141,bf7ca54e,3db8bdd0,bdae38c6,3dd3729d,bf7ca54e,3db8bdd0,bdae38c3,3dd3729b,1

9036,4706,-401,59,-2803,-3956,15268,-4183,2985,-3141,bf7c76b6,3dc5b133,bdb19181,3dd2dd13,bf7c76b6,3dc5b133,bdb1917e,3dd2dd11,1

9037,4747,-349,206,-3068,-3918,15539,-4151,2987,-3189,bf7c44b0,3dd26108,bdb52b3f,3dd27e02,bf7c44af,3dd26107,bdb52b3b,3dd27dff,1

9038,4789,-169,415,-2565,-3841,15327,-4161,3077,-3127,bf7c0edd,3ddf94b1,bdb76aa8,3dd30e81,bf7c0ede,3ddf94b2,bdb76aa5,3dd30e7f,1

9039,4879,-55,386,-2811,-4098,15355,-4161,3077,-3127,bf7bd68a,3decd1b4,bdb9e536,3dd34236,bf7bd689,3decd1b3,bdb9e531,3dd34233,1

9040,4954,41,389,-2565,-3828,15340,-4121,3115,-3106,bf7b9e65,3df981c4,bdbb95e3,3dd3e224,bf7b9e65,3df981c4,bdbb95df,3dd3e222,1

9041,5152,164,365,-3031,-4053,15501,-4139,3141,-3065,bf7b627c,3e03350f,bdbe033c,3dd3e827,bf7b627c,3e03350f,bdbe0338,3dd3e825,1

9042,5340,351,318,-3257,-4609,15530,-4139,3141,-3065,bf7b222f,3e0a25e2,bdc00e48,3dd37ae5,bf7b222f,3e0a25e2,bdc00e44,3dd37ae3,1

9043,5458,647,352,-2852,-4690,15234,-4085,3213,-3065,bf7ade41,3e117378,bdc0cbf9,3dd35fe7,bf7ade41,3e117378,bdc0cbf5,3dd35fe5,1

9044,5557,887,258,-2279,-4766,14860,-4125,3211,-3178,bf7a9d07,3e18dd7b,bdbf94db,3dd2e526,bf7a9d07,3e18dd7b,bdbf94d7,3dd2e524,1

9045,5745,863,319,-1733,-4766,14548,-4139,3277,-3009,bf7a573c,3e206f45,bdbdc418,3dd2c52f,bf7a573c,3e206f45,bdbdc414,3dd2c52d,1

9046,5901,807,100,-1440,-6021,13833,-4139,3277,-3009,bf7a07c9,3e2893ca,bdbcddb2,3dd1bb41,bf7a07ca,3e2893cb,bdbcddae,3dd1bb40,1

9047,5909,467,172,-1962,-5584,14512,-4145,3281,-3049,bf79b318,3e307adc,bdbcb98d,3dd11401,bf79b318,3e307add,bdbcb989,3dd113ff,1

9048,6076,224,320,-2700,-5510,14632,-4133,3327,-2963,bf795516,3e382280,bdbeee1e,3dd0b7d6,bf795516,3e382281,bdbeee1a,3dd0b7d4,1

9049,6476,210,547,-2402,-5615,14709,-4133,3327,-2963,bf78f14d,3e3ff7d1,bdc05f07,3dd0f0c9,bf78f14e,3e3ff7d3,bdc05f04,3dd0f0c8,1

9050,6801,394,402,-2218,-6617,14129,-4155,3409,-3038,bf787c66,3e491b0a,bdc14c59,3dd07e3b,bf787c67,3e491b0c,bdc14c56,3dd07e3a,1

9051,6611,595,28,-2215,-7570,13758,-4093,3437,-2993,bf780936,3e520b05,bdc1eaf0,3dcef406,bf780935,3e520b06,bdc1eaec,3dcef403,1

9052,6463,683,-187,-1820,-5641,14342,-4093,3437,-2993,bf77ac1f,3e596973,bdc154c3,3dccec1a,bf77ac1f,3e596975,bdc154c1,3dccec17,1

9053,6625,729,-515,-1491,-7072,13258,-4111,3447,-2958,bf7738f5,3e622a0c,bdc109f8,3dca0dde,bf7738f5,3e622a0e,bdc109f6,3dca0ddb,1

9054,7075,442,-445,-1420,-7481,13099,-4107,3571,-2906,bf76b3c4,3e6b7ae9,bdc1b739,3dc78534,bf76b3c4,3e6b7aeb,bdc1b737,3dc78531,1

9055,7636,-164,132,-1664,-7082,13291,-4107,3571,-2906,bf761839,3e753a7a,bdc3873f,3dc6cc75,bf761839,3e753a7b,bdc3873d,3dc6cc72,1

9056,8358,-655,694,-2104,-6843,13662,-4077,3583,-2901,bf756cbd,3e7ef5d0,bdc6e918,3dc7784a,bf756cbe,3e7ef5d2,bdc6e917,3dc77848,1

9057,9181,-842,1004,-2764,-6550,13954,-4119,3643,-2805,bf74a6c3,3e84c294,bdcb9c6b,3dc86aad,bf74a6c3,3e84c295,bdcb9c69,3dc86aaa,1

9058,9793,-671,1069,-2987,-8899,13107,-4087,3689,-2767,bf73b60f,3e8b0497,bdd0173d,3dc93d8c,bf73b60f,3e8b0498,bdd0173b,3dc93d89,1

9059,9974,-303,1044,-3066,-9618,12682,-4087,3689,-2767,bf72b9c5,3e9167e4,bdd3a4b0,3dc98998,bf72b9c6,3e9167e5,bdd3a4af,3dc98995,1

9060,9886,33,1037,-2132,-9386,12014,-4123,3759,-2738,bf71b83a,3e97c2ea,bdd5b722,3dc9c39d,bf71b839,3e97c2e9,bdd5b71e,3dc9c398,1

9061,9928,120,1030,-1564,-8529,11828,-4095,3867,-2605,bf70b12a,3e9e0336,bdd6dffe,3dca5fbe,bf70b129,3e9e0335,bdd6dffa,3dca5fb9,1

9062,10473,-19,999,-1253,-7270,12102,-4095,3867,-2605,bf6fa61c,3ea41ba3,bdd8214a,3dcaa6f6,bf6fa61c,3ea41ba3,bdd82147,3dcaa6f2,1

9063,11518,-313,916,-1308,-8033,11347,-4071,3863,-2637,bf6e6f52,3eaadcb3,bdda41e8,3dcab598,bf6e6f53,3eaadcb3,bdda41e6,3dcab595,1

9064,12526,-554,758,-1306,-9099,10436,-4095,3969,-2534,bf6cf963,3eb28e8e,bddde632,3dca440f,bf6cf963,3eb28e8d,bddde62f,3dca440b,1

9065,13315,-727,568,-1905,-8793,10134,-4095,3969,-2534,bf6b652a,3eba6e74,bde303fa,3dc8e8a4,bf6b652a,3eba6e73,bde303f8,3dc8e8a0,1

9066,14251,-873,595,-1723,-9718,9731,-4099,4021,-2354,bf6995c1,3ec30388,bde869ae,3dc7986b,bf6995c0,3ec30386,bde869ab,3dc79867,1

9067,15091,-1082,767,-2280,-13178,7831,-4089,4085,-2311,bf678b21,3ecc28c1,bdee916d,3dc63ee9,bf678b21,3ecc28c0,bdee916b,3dc63ee5,1

9068,15074,-1115,938,-1725,-13036,7103,-4089,4085,-2311,bf6568aa,3ed539c1,bdf46213,3dc54798,bf6568ab,3ed539c1,bdf46212,3dc54795,1

9069,14871,-1144,1040,-2842,-13626,7726,-4085,4115,-2160,bf633702,3ede0e7e,bdfa50a6,3dc476c1,bf633701,3ede0e7c,bdfa50a3,3dc476bd,1

9070,14920,-1011,1084,-833,-8423,8201,-4047,4209,-1970,bf61100b,3ee6609b,bdfe763b,3dc4638a,bf61100b,3ee6609b,bdfe763a,3dc46387,1

9071,16896,-1552,1905,-2791,-8742,6223,-4101,4237,-1881,bf5e654d,3ef0049b,be02afe1,3dc5068e,bf5e654d,3ef0049b,be02afe1,3dc5068b,1

9072,20353,-1839,3725,-2773,-8420,4709,-4101,4237,-1881,bf5afad6,3efbb24f,be05a79b,3dc8bb49,bf5afad6,3efbb24f,be05a79b,3dc8bb46,1

9073,24234,-1330,5046,-1323,-4245,-2938,-4077,4315,-1664,bf56ac02,3f04d8c2,be074be0,3dcd784f,bf56ac01,3f04d8c2,be074be0,3dcd784b,1

9074,29448,27,5292,-2317,659,-6963,-3967,4357,-1434,bf513dae,3f0d2e0c,be07f6f8,3dce9f39,bf513dad,3f0d2e0c,be07f6f8,3dce9f35,1

9075,32630,2007,5429,-2283,4028,-8613,-3967,4357,-1434,bf4af8b0,3f1631fd,be06929c,3dcbaa1e,bf4af8b0,3f1631ff,be06929d,3dcbaa1c,1

9076,32763,4610,5503,-4476,-17614,-1601,-3935,4355,-1271,bf4472bd,3f1f01f9,be020f2c,3dc4857c,bf4472bc,3f1f01fa,be020f2d,3dc48579,1

9077,28227,5817,2983,-769,-29018,-7906,-3873,4347,-976,bf3ea58e,3f265ece,bdfac78d,3db7d77e,bf3ea58d,3f265ecf,bdfac78f,3db7d77b,1

9078,7782,3441,293,2416,-18178,-12030,-3873,4347,-976,bf3d07f4,3f2872c9,bdf58757,3db07227,bf3d07f4,3f2872cb,bdf5875a,3db07225,1

9079,1086,1551,-1256,-2444,-17820,2319,-3907,4327,-940,bf3ced12,3f28a650,bdf5afad,3dab09b1,bf3ced11,3f28a650,bdf5afae,3dab09ad,1

9080,3918,769,600,-597,-15844,-5129,-3915,4349,-907,bf3c07f0,3f29b1e0,bdf453e2,3da9f12a,bf3c07f0,3f29b1e0,bdf453e4,3da9f127,1

9081,2774,520,204,-209,-15444,-3975,-3915,4349,-907,bf3b62d6,3f2a6f0e,bdf3d367,3da8ec2c,bf3b62d6,3f2a6f0d,bdf3d368,3da8ec28,1

9082,832,-31,-360,-1083,-18034,-4933,-3901,4333,-935,bf3b289b,3f2aaa8d,bdf50991,3da849f5,bf3b289c,3f2aaa8d,bdf50993,3da849f2,1

9083,-1628,1,-403,-1040,-15670,-3304,-3909,4337,-998,bf3b7a25,3f2a4d0f,bdf5bab4,3da84487,bf3b7a26,3f2a4d0f,bdf5bab6,3da84484,1

9084,-3437,127,-268,-412,-15183,1760,-3931,4313,-959,bf3c4604,3f296a98,bdf52bc4,3da952ea,bf3c4604,3f296a97,bdf52bc5,3da952e6,1

9085,-1753,49,-763,-986,-16329,-547,-3931,4313,-959,bf3ca599,3f28fc1d,bdf65375,3da8a69e,bf3ca599,3f28fc1c,bdf65376,3da8a69a,1

9086,-747,45,-1070,-906,-16316,457,-3927,4375,-981,bf3cd2c4,3f28c4c7,bdf82f08,3da72282,bf3cd2c4,3f28c4c6,bdf82f09,3da7227e,1

9087,-89,44,-1095,-910,-16524,-1416,-3915,4321,-969,bf3cd59b,3f28bc80,bdfa4490,3da54e1f,bf3cd59c,3f28bc80,bdfa4492,3da54e1c,1

9088,190,-6,-1370,-1627,-17093,-1607,-3915,4321,-969,bf3cca47,3f28c1e6,bdfd181f,3da2d70b,bf3cca48,3f28c1e6,bdfd1821,3da2d708,1

9089,-30,-89,-1122,-1250,-16499,-1389,-3933,4335,-957,bf3cc899,3f28bb8f,bdff8a76,3da1237e,bf3cc89a,3f28bb8f,bdff8a78,3da1237b,1

9090,-165,-220,-1015,-1557,-16778,-905,-3975,4335,-1068,bf3cce26,3f28ab0c,be01068a,3d9fd44c,bf3cce27,3f28ab0c,be01068b,3d9fd449,1

9091,-143,-287,-847,-1500,-16602,-751,-3975,4335,-1068,bf3cd0ef,3f289cce,be023177,3d9ef937,bf3cd0f0,3f289cce,be023178,3d9ef934,1

9092,-48,-278,-678,-1903,-16837,-339,-3989,4283,-930,bf3ccddc,3f28951a,be034392,3d9e67af,bf3ccdde,3f28951b,be034394,3d9e67ad,1

9093,125,-174,-357,-1846,-16882,-528,-3969,4275,-1011,bf3cc02c,3f289c8e,be03f510,3d9e3232,bf3cc02d,3f289c8e,be03f511,3d9e322f,1

9094,242,-14,-48,-1766,-16811,-778,-3969,4275,-1011,bf3caafd,3f28b081,be043b1f,3d9e488c,bf3caafc,3f28b080,be043b1f,3d9e4888,1

9095,288,79,191,-1424,-16384,-822,-3965,4227,-987,bf3c922f,3f28cb2b,be042f0e,3d9eb90a,bf3c9230,3f28cb2c,be042f0f,3d9eb908,1

9096,336,114,239,-1396,-16378,-911,-3987,4229,-872,bf3c75f7,3f28ea23,be041314,3d9f3a94,bf3c75f7,3f28ea24,be041315,3d9f3a91,1

9097,380,138,227,-1331,-16329,-994,-3921,4265,-920,bf3c57c5,3f290bd0,be03f29d,3d9fa59c,bf3c57c4,3f290bd1,be03f29e,3d9fa598,1

9098,387,144,208,-1310,-16406,-1129,-3921,4265,-920,bf3c391e,3f292e03,be03d4bf,3da00358,bf3c391c,3f292e04,be03d4bf,3da00353,1

9099,338,149,168,-1240,-16354,-1110,-3937,4283,-960,bf3c1dcb,3f294c94,be03bab9,3da04cb5,bf3c1dc8,3f294c94,be03bab9,3da04caf,1

9100,266,138,87,-1213,-16366,-1186,-3943,4299,-918,bf3c068d,3f2965fe,be03b3f3,3da07da0,bf3c068a,3f2965ff,be03b3f3,3da07d9b,1

9101,206,114,-2,-1206,-16307,-1075,-3943,4299,-918,bf3bf345,3f297a3d,be03c50b,3da09304,bf3bf343,3f297a3e,be03c50c,3da092ff,1

9102,181,103,-102,-1349,-16393,-1030,-3965,4303,-993,bf3be297,3f298b2d,be03eff0,3da06ea5,bf3be295,3f298b2e,be03eff1,3da06ea0,1

9103,175,102,-147,-1375,-16370,-849,-3949,4361,-993,bf3bd328,3f299a87,be04251b,3da035be,bf3bd326,3f299a89,be04251d,3da035b9,1

9104,223,120,-145,-1380,-16441,-1026,-3949,4361,-993,bf3bc0cb,3f29ad74,be0456c9,3d9ff0de,bf3bc0c9,3f29ad76,be0456cb,3d9ff0d9,1

9105,222,130,-133,-1406,-16536,-1117,-3975,4311,-982,bf3bae36,3f29c0ce,be0483fb,3d9fac6f,bf3bae35,3f29c0d0,be0483fd,3d9fac6b,1

9106,174,132,-121,-1425,-16490,-1013,-3959,4305,-965,bf3b9e78,3f29d106,be04ad6f,3d9f7357,bf3b9e76,3f29d107,be04ad70,3d9f7352,1

9107,152,142,-89,-1381,-16389,-1020,-3959,4305,-965,bf3b8fd5,3f29e054,be04cba7,3d9f4938,bf3b8fd4,3f29e056,be04cba9,3d9f4934,1

9108,172,137,-74,-1399,-16431,-989,-4015,4337,-915,bf3b7fce,3f29f103,be04e962,3d9f2a95,bf3b7fcd,3f29f105,be04e964,3d9f2a91,1

9109,178,135,-60,-1440,-16442,-906,-4033,4329,-962,bf3b6fe7,3f2a01b0,be050447,3d9f0b89,bf3b6fe5,3f2a01b2,be050448,3d9f0b85,1

9110,222,136,-15,-1382,-16388,-1067,-4033,4329,-962,bf3b5ccf,3f2a1617,be0514d1,3d9f0007,bf3b5ccc,3f2a1619,be0514d1,3d9f0002,1

9111,246,120,-4,-1270,-16290,-1143,-4001,4319,-953,bf3b47d5,3f2a2c4f,be052539,3d9f0564,bf3b47d3,3f2a2c51,be05253a,3d9f0560,1

9112,200,99,-64,-1331,-16348,-1048,-3949,4285,-910,bf3b35a3,3f2a3ea5,be054971,3d9eff03,bf3b35a2,3f2a3ea8,be054973,3d9efeff,1

9113,190,89,-111,-1369,-16419,-1020,-3973,4327,-940,bf3b2495,3f2a4f70,be057a22,3d9ee152,bf3b2493,3f2a4f72,be057a23,3d9ee14d,1

9114,201,94,-135,-1428,-16506,-1033,-3973,4327,-940,bf3b132e,3f2a6094,be05b072,3d9eb229,bf3b132c,3f2a6096,be05b073,3d9eb224,1

9115,193,93,-125,-1423,-16411,-1023,-3987,4285,-896,bf3b01e2,3f2a717f,be05e590,3d9e8dad,bf3b01df,3f2a7180,be05e591,3d9e8da7,1

9116,188,85,-86,-1416,-16385,-976,-3925,4283,-934,bf3af0e9,3f2a821a,be0612ac,3d9e7eaa,bf3af0e7,3f2a821c,be0612ad,3d9e7ea5,1

9117,210,79,-79,-1449,-16458,-980,-3925,4283,-934,bf3adeaa,3f2a9403,be0640d2,3d9e7291,bf3adea8,3f2a9405,be0640d3,3d9e728c,1

9118,215,93,-67,-1455,-16503,-1070,-3951,4305,-988,bf3acc68,3f2aa667,be06679d,3d9e5da2,bf3acc66,3f2aa669,be06679d,3d9e5d9c,1

9119,191,101,-49,-1464,-16509,-1047,-3969,4325,-1037,bf3abbf8,3f2ab72c,be06866c,3d9e4935,bf3abbf5,3f2ab72d,be06866b,3d9e492e,1

9120,164,122,-27,-1412,-16425,-1023,-3969,4325,-1037,bf3aad35,3f2ac699,be069907,3d9e3ae0,bf3aad34,3f2ac69c,be069907,3d9e3adb,1

9121,172,130,-39,-1406,-16400,-963,-3971,4339,-1001,bf3a9e25,3f2ad659,be06ad34,3d9e273b,bf3a9e23,3f2ad65b,be06ad33,3d9e2735,1

9122,184,144,-70,-1572,-16691,-1082,-3973,4339,-1058,bf3a8f05,3f2ae663,be06c7a3,3d9dee2c,bf3a8f04,3f2ae666,be06c7a3,3d9dee26,1

9123,159,161,-15,-1373,-16057,-832,-3973,4339,-1058,bf3a81cf,3f2af4fb,be06cc19,3d9dd317,bf3a81cc,3f2af4fc,be06cc17,3d9dd30f,1

9124,252,170,37,-1289,-16107,-1023,-4019,4381,-936,bf3a6da4,3f2b0b36,be06c643,3d9dd60f,bf3a6da2,3f2b0b38,be06c642,3d9dd608,1

9125,326,147,-29,-1451,-16569,-1203,-3973,4311,-903,bf3a54e4,3f2b2587,be06db7c,3d9dba33,bf3a54e2,3f2b2589,be06db7b,3d9dba2c,1

9126,234,135,-48,-1526,-16648,-1181,-3949,4307,-988,bf3a4208,3f2b394f,be06f531,3d9d95f7,bf3a4207,3f2b3952,be06f531,3d9d95f1,1

9127,173,113,20,-1527,-16643,-1114,-3949,4307,-988,bf3a322c,3f2b49b0,be070333,3d9da271,bf3a322a,3f2b49b2,be070332,3d9da26a,1

9128,124,112,94,-1452,-16500,-1097,-3981,4291,-1035,bf3a24f3,3f2b57b1,be06fc44,3d9dd393,bf3a24f0,3f2b57b2,be06fc43,3d9dd38b,1

9129,90,124,117,-1388,-16395,-1039,-3987,4285,-1026,bf3a19b8,3f2b63da,be06eae5,3d9e1127,bf3a19b7,3f2b63dc,be06eae5,3d9e1120,1

9130,70,136,84,-1301,-16313,-1055,-3987,4285,-1026,bf3a0fe1,3f2b6ea5,be06db55,3d9e3ebe,bf3a0fdf,3f2b6ea6,be06db55,3d9e3eb7,1

9131,74,138,33,-1333,-16368,-1044,-3969,4277,-944,bf3a05a4,3f2b7967,be06da45,3d9e5b38,bf3a05a1,3f2b7968,be06da45,3d9e5b30,1

9132,51,127,-26,-1457,-16533,-1157,-3947,4295,-921,bf39fc9d,3f2b823e,be06ec66,3d9e5f06,bf39fc9b,3f2b8240,be06ec67,3d9e5f00,1

9133,-31,136,-26,-1497,-16588,-1143,-3947,4295,-921,bf39f867,3f2b8601,be06fb09,3d9e645c,bf39f866,3f2b8604,be06fb0b,3d9e6457,1

9134,-162,154,35,-1655,-16956,-1284,-4011,4301,-967,bf39fb78,3f2b8294,be06f622,3d9e7c40,bf39fb76,3f2b8296,be06f624,3d9e7c3b,1

9135,-385,200,188,-1956,-17446,-1394,-3989,4311,-961,bf3a0a8a,3f2b736c,be06c441,3d9ed397,bf3a0a87,3f2b736e,be06c443,3d9ed391,1

9136,-686,263,484,-137,-13367,146,-3989,4311,-961,bf3a2e59,3f2b5155,be05fbae,3da02e24,bf3a2e57,3f2b5157,be05fbb0,3da02e1f,1

9137,-282,227,117,-1414,-16499,-665,-3965,4295,-968,bf3a3a06,3f2b4642,be05ca07,3da064cb,bf3a3a04,3f2b4644,be05ca09,3da064c6,1

9138,220,167,-182,-1380,-16546,-956,-3965,4347,-919,bf3a296d,3f2b5788,be05f882,3d9ffe5e,bf3a296a,3f2b5789,be05f884,3d9ffe58,1

9139,168,131,-114,-1419,-16394,-792,-3951,4331,-948,bf3a1baf,3f2b6554,be061f58,3d9fc97f,bf3a1bac,3f2b6555,be061f5a,3d9fc979,1

9140,244,98,-85,-1514,-16523,-787,-3951,4331,-948,bf3a0941,3f2b77a8,be064be4,3d9fa6b2,bf3a093e,3f2b77aa,be064be6,3d9fa6ac,1

9141,306,100,24,-1637,-16723,-810,-3925,4293,-1008,bf39f330,3f2b8e7e,be066275,3d9fa5d4,bf39f32e,3f2b8e81,be066278,3d9fa5cf,1

9142,366,113,180,-1461,-16504,-781,-4003,4337,-977,bf39d8b5,3f2bab00,be065009,3d9fefab,bf39d8b3,3f2bab03,be06500c,3d9fefa6,1

9143,441,119,224,-1427,-16574,-1004,-4003,4337,-977,bf39b90f,3f2bcd5f,be0633a2,3da045f3,bf39b90d,3f2bcd62,be0633a5,3da045ee,1

9144,385,132,286,-1365,-16553,-1189,-3947,4289,-1025,bf399c0a,3f2bed7b,be06026b,3da0b695,bf399c08,3f2bed7e,be06026e,3da0b690,1

9145,272,128,269,-1381,-16578,-1085,-3933,4331,-934,bf398542,3f2c0660,be05d5d7,3da13586,bf39853f,3f2c0662,be05d5d9,3da13580,1

9146,165,129,272,-1320,-16395,-952,-3933,4331,-934,bf3974f1,3f2c1854,be05a425,3da1c121,bf3974ef,3f2c1857,be05a428,3da1c11c,1

9147,129,143,251,-1206,-16230,-909,-3941,4305,-992,bf396782,3f2c279a,be056e4e,3da23c73,bf396780,3f2c279c,be056e50,3da23c6d,1

9148,143,151,175,-1179,-16245,-966,-3953,4305,-981,bf39599b,3f2c3734,be0547ec,3da28f23,bf395999,3f2c3736,be0547ee,3da28f1c,1

9149,127,155,65,-1288,-16362,-895,-3953,4305,-981,bf394dcd,3f2c4428,be053bd8,3da2a61a,bf394dcb,3f2c442a,be053bda,3da2a613,1

9150,139,152,19,-1245,-16216,-830,-3971,4321,-930,bf394169,3f2c515c,be053b91,3da2aeda,bf394167,3f2c515e,be053b93,3da2aed2,1

9151,184,139,-25,-1274,-16321,-840,-3937,4323,-992,bf393334,3f2c6049,be054887,3da29bfa,bf393332,3f2c604b,be054889,3da29bf2,1

9152,243,137,-53,-1325,-16406,-915,-3957,4309,-1000,bf3921b3,3f2c729c,be055ef0,3da2722f,bf3921b2,3f2c729f,be055ef3,3da27228,1

9153,287,129,-55,-1355,-16431,-904,-3957,4309,-1000,bf390dc5,3f2c875e,be057993,3da2459b,bf390dc3,3f2c8761,be057996,3da24594,1

9154,316,119,-30,-1378,-16448,-921,-3961,4305,-934,bf38f759,3f2c9e74,be059442,3da22e75,bf38f756,3f2c9e76,be059444,3da22e6d,1

9155,341,123,17,-1386,-16497,-937,-3983,4255,-982,bf38dfa6,3f2cb757,be05a268,3da221ce,bf38dfa4,3f2cb75b,be05a26b,3da221c7,1

9156,361,120,62,-1278,-16359,-977,-3983,4255,-982,bf38c64c,3f2cd225,be05a4b3,3da22fac,bf38c649,3f2cd228,be05a4b6,3da22fa5,1

9157,365,113,53,-1364,-16531,-1156,-3959,4317,-960,bf38ac1d,3f2ced80,be05ae33,3da23b03,bf38ac1a,3f2ced83,be05ae36,3da23afc,1

9158,283,97,85,-1389,-16527,-1062,-3993,4303,-959,bf3896a0,3f2d03aa,be05b264,3da26196,bf38969d,3f2d03ad,be05b267,3da2618f,1

9159,237,91,107,-1303,-16441,-1027,-3993,4303,-959,bf3883ab,3f2d1725,be05af61,3da29db9,bf3883a8,3f2d1728,be05af64,3da29db2,1

9160,216,99,106,-1336,-16458,-1010,-3943,4277,-925,bf3871cc,3f2d296c,be05ac6a,3da2dbcb,bf3871c9,3f2d296f,be05ac6d,3da2dbc4,1

9161,207,95,116,-1278,-16386,-998,-3963,4295,-952,bf3860a9,3f2d3b03,be05a55f,3da31f7a,bf3860a6,3f2d3b07,be05a563,3da31f74,1

9162,208,101,112,-1206,-16339,-938,-3963,4295,-952,bf384fcc,3f2d4c71,be059b99,3da36233,bf384fca,3f2d4c75,be059b9e,3da3622e,1

9163,217,111,66,-1150,-16168,-875,-3957,4305,-1031,bf383fec,3f2d5d27,be0595a3,3da3815b,bf383fe9,3f2d5d2a,be0595a7,3da38155,1

9164,257,120,-26,-1247,-16326,-903,-3965,4321,-1017,bf382e6a,3f2d6f4c,be05a6d6,3da3685a,bf382e65,3f2d6f4e,be05a6d9,3da36853,1

9165,306,123,-88,-1309,-16411,-955,-3971,4279,-964,bf3819e0,3f2d843a,be05ca5c,3da32eb3,bf3819dd,3f2d843e,be05ca61,3da32eae,1

9166,314,133,-102,-1324,-16397,-975,-3971,4279,-964,bf380517,3f2d9988,be05ef36,3da2e7fd,bf380513,3f2d998b,be05ef3b,3da2e7f7,1

9167,323,146,-117,-1349,-16463,-991,-3953,4285,-955,bf37effb,3f2daf47,be06156a,3da29442,bf37eff8,3f2daf4b,be061570,3da2943d,1

9168,309,155,-98,-1392,-16522,-1035,-3933,4329,-1004,bf37dc1f,3f2dc410,be063443,3da23f08,bf37dc1c,3f2dc413,be063448,3da23f03,1

9169,296,170,-45,-1354,-16483,-1047,-3933,4329,-1004,bf37c8cd,3f2dd8c4,be0641cc,3da1ffc8,bf37c8ca,3f2dd8c7,be0641d1,3da1ffc3,1

9170,280,170,-8,-1338,-16430,-1050,-3989,4299,-905,bf37b539,3f2ded96,be0648d7,3da1df3f,bf37b536,3f2ded99,be0648db,3da1df3a,1

9171,270,163,4,-1304,-16401,-1048,-3931,4261,-1014,bf37a318,3f2e0127,be064a2a,3da1bd5e,bf37a316,3f2e0129,be064a2e,3da1bd58,1

9172,270,162,4,-1389,-16535,-984,-3931,4261,-1014,bf37916d,3f2e142c,be064db4,3da19772,bf37916b,3f2e142d,be064db7,3da1976b,1

9173,275,158,32,-1280,-16397,-1124,-3919,4287,-924,bf377db3,3f2e2917,be064c87,3da19296,bf377db1,3f2e2918,be064c8a,3da1928f,1

9174,258,145,35,-1262,-16403,-1101,-3929,4279,-1024,bf376bf3,3f2e3c17,be064905,3da18976,bf376bf0,3f2e3c17,be064908,3da1896e,1

9175,226,127,7,-1323,-16467,-1108,-3929,4279,-1024,bf375c20,3f2e4c92,be065118,3da17a2b,bf375c1f,3f2e4c93,be06511c,3da17a24,1

9176,181,120,16,-1348,-16481,-1064,-3949,4297,-1023,bf374f12,3f2e5a0e,be0657f2,3da1744c,bf374f11,3f2e5a0e,be0657f5,3da17445,1

9177,159,127,38,-1304,-16370,-970,-3945,4287,-994,bf37434c,3f2e6654,be065720,3da17e55,bf37434b,3f2e6654,be065723,3da17e4e,1

9178,173,119,38,-1252,-16326,-985,-3963,4305,-900,bf37359b,3f2e7429,be065a5a,3da199e5,bf37359a,3f2e7429,be065a5d,3da199de,1

9179,206,116,-12,-1302,-16391,-1028,-3963,4305,-900,bf37263f,3f2e8371,be066c1a,3da19899,bf37263f,3f2e8372,be066c1d,3da19893,1

9180,203,122,-17,-1292,-16393,-1031,-3971,4291,-998,bf37183d,3f2e91c9,be06796e,3da184aa,bf37183d,3f2e91ca,be067971,3da184a4,1

9181,213,113,-29,-1309,-16402,-1014,-3969,4327,-971,bf370989,3f2ea085,be068d63,3da1717a,bf370989,3f2ea085,be068d65,3da17174,1

9182,219,116,-48,-1360,-16478,-1022,-3969,4327,-971,bf36fabd,3f2eaf4d,be06a671,3da1505c,bf36fabd,3f2eaf4d,be06a673,3da15056,1

9183,223,124,-19,-1365,-16487,-1054,-4015,4301,-934,bf36eb23,3f2ebf15,be06b80f,3da13bb4,bf36eb23,3f2ebf15,be06b811,3da13bae,1

9184,215,125,9,-1342,-16411,-1060,-3921,4299,-892,bf36db4a,3f2ecf03,be06c448,3da13f85,bf36db4b,3f2ecf04,be06c44a,3da13f7f,1

9185,220,128,30,-1302,-16352,-1037,-3921,4299,-892,bf36cb2d,3f2edf66,be06c9ec,3da14d9e,bf36cb2d,3f2edf65,be06c9ed,3da14d96,1

9186,240,126,35,-1316,-16453,-1104,-3951,4353,-907,bf36b9ee,3f2ef103,be06cef2,3da15916,bf36b9ef,3f2ef102,be06cef4,3da1590f,1

9187,225,124,48,-1351,-16501,-1087,-3917,4305,-922,bf36a9ab,3f2f019b,be06d1bc,3da16a40,bf36a9ac,3f2f019a,be06d1be,3da16a39,1

9188,193,118,69,-1332,-16483,-1125,-3917,4305,-922,bf369aed,3f2f1099,be06cfd7,3da18b90,bf369aed,3f2f1097,be06cfd8,3da18b89,1

9189,164,116,80,-1298,-16426,-1119,-3969,4315,-958,bf368e43,3f2f1da1,be06c881,3da1afdb,bf368e44,3f2f1da0,be06c883,3da1afd5,1

9190,136,113,77,-1295,-16387,-1000,-3951,4297,-995,bf36843a,3f2f2801,be06c013,3da1d1f9,bf36843a,3f2f27ff,be06c015,3da1d1f3,1

9191,152,117,74,-1282,-16363,-1026,-3941,4319,-1024,bf36799e,3f2f3323,be06b680,3da1ec1e,bf3679a0,3f2f3322,be06b683,3da1ec19,1

9192,165,119,47,-1286,-16415,-1058,-3941,4319,-1024,bf366e5e,3f2f3edc,be06b325,3da1f6cd,bf366e5f,3f2f3eda,be06b327,3da1f6c8,1

9193,147,121,33,-1244,-16347,-1033,-3971,4309,-970,bf3663c0,3f2f49bf,be06b29f,3da203ff,bf3663c1,3f2f49bd,be06b2a1,3da203fa,1

9194,140,116,3,-1291,-16416,-994,-3943,4295,-918,bf36594f,3f2f53f9,be06bd79,3da20bbe,bf365950,3f2f53f7,be06bd7b,3da20bb9,1

9195,150,123,5,-1314,-16464,-1023,-3943,4295,-918,bf364e4d,3f2f5ee9,be06c719,3da20ed3,bf364e4f,3f2f5ee8,be06c71c,3da20ece,1

9196,143,133,5,-1307,-16430,-1011,-3895,4303,-916,bf3643d2,3f2f696e,be06ce59,3da21087,bf3643d4,3f2f696d,be06ce5b,3da21081,1

9197,152,141,16,-1294,-16387,-1014,-3939,4309,-913,bf3638e4,3f2f74a6,be06d0d0,3da211f4,bf3638e6,3f2f74a4,be06d0d1,3da211ed,1

9198,172,124,17,-1329,-16428,-1002,-3939,4309,-913,bf362cc4,3f2f80c9,be06d891,3da217d6,bf362cc6,3f2f80c7,be06d892,3da217cf,1

9199,205,117,24,-1344,-16460,-1003,-3985,4331,-911,bf361ec2,3f2f8ecb,be06e145,3da21eb2,bf361ec4,3f2f8ec9,be06e145,3da21eab,1

9200,227,118,57,-1362,-16479,-1031,-3929,4275,-953,bf360f94,3f2f9e48,be06e23d,3da22d91,bf360f95,3f2f9e45,be06e23d,3da22d89,1

9201,227,114,86,-1308,-16396,-1003,-3929,4275,-953,bf36004e,3f2fadef,be06dbcd,3da24ef5,bf360050,3f2faded,be06dbcd,3da24eef,1

9202,242,122,110,-1286,-16422,-1088,-3947,4347,-995,bf35f05f,3f2fbeb2,be06cc01,3da27135,bf35f061,3f2fbeb0,be06cc01,3da2712f,1

9203,226,119,104,-1272,-16399,-1063,-3949,4283,-953,bf35e0f3,3f2fceb3,be06bf0b,3da29930,bf35e0f5,3f2fceb1,be06bf0b,3da2992a,1

9204,199,122,90,-1255,-16389,-1065,-3951,4295,-899,bf35d2a2,3f2fdd5a,be06b57a,3da2c3d8,bf35d2a4,3f2fdd58,be06b57a,3da2c3d2,1

9205,174,124,65,-1218,-16374,-1009,-3951,4295,-899,bf35c641,3f2fe9f2,be06af32,3da2e613,bf35c643,3f2fe9ef,be06af31,3da2e60c,1

9206,180,121,27,-1207,-16357,-1061,-3897,4259,-975,bf35ba5a,3f2ff618,be06aff4,3da2ee14,bf35ba5c,3f2ff615,be06aff4,3da2ee0f,1

9207,171,127,-23,-1239,-16385,-1049,-3969,4291,-880,bf35ae82,3f3001c0,be06be8f,3da2e4ef,bf35ae84,3f3001bd,be06be8f,3da2e4ea,1

9208,166,128,-58,-1259,-16389,-1030,-3969,4291,-880,bf35a360,3f300c8d,be06d55d,3da2c9de,bf35a362,3f300c8a,be06d55d,3da2c9d9,1

9209,176,130,-73,-1289,-16387,-998,-3929,4263,-973,bf35991f,3f3016b9,be06ecc4,3da297bf,bf359922,3f3016b8,be06ecc5,3da297bb,1

9210,189,126,-62,-1292,-16406,-1009,-3963,4311,-922,bf358d72,3f30222b,be0704a3,3da27218,bf358d73,3f302228,be0704a3,3da27212,1

9211,205,134,-62,-1289,-16438,-1047,-3963,4311,-922,bf3580ca,3f302ec1,be071ad1,3da2478c,bf3580cc,3f302ebf,be071ad2,3da24787,1

9212,210,137,-52,-1314,-16472,-1008,-3933,4295,-950,bf35746a,3f303b38,be072db1,3da21bd7,bf35746c,3f303b37,be072db3,3da21bd2,1

9213,220,128,-39,-1272,-16409,-1086,-3923,4279,-931,bf356692,3f304905,be073fce,3da1fee6,bf356692,3f304903,be073fce,3da1fee1,1

9214,208,128,-40,-1294,-16425,-1073,-3923,4279,-931,bf355997,3f3055e9,be075250,3da1e13b,bf355997,3f3055e8,be075251,3da1e137,1

9215,188,122,-52,-1332,-16443,-1031,-3953,4323,-900,bf354dd4,3f306148,be076a48,3da1c3a4,bf354dd4,3f306147,be076a4a,3da1c3a1,1

9216,185,121,-40,-1358,-16510,-1074,-3979,4271,-932,bf354268,3f306c7a,be077ece,3da1a480,bf354268,3f306c79,be077ed0,3da1a47d,1

9217,176,129,-2,-1310,-16435,-1049,-3945,4299,-929,bf353769,3f307784,be07873d,3da199d5,bf35376a,3f307784,be07873f,3da199d2,1

9218,152,125,8,-1310,-16406,-1029,-3945,4299,-929,bf352ddc,3f30810c,be078d97,3da197bb,bf352dde,3f30810d,be078d9a,3da197b9,1

9219,163,132,17,-1308,-16418,-1045,-3955,4325,-949,bf3523fc,3f308b2c,be078f6f,3da1925c,bf3523fd,3f308b2c,be078f72,3da1925a,1

9220,181,116,23,-1293,-16426,-1008,-4019,4311,-983,bf3519bb,3f3095b0,be0790e6,3da18deb,bf3519bb,3f3095b0,be0790e8,3da18de8,1

9221,196,119,22,-1298,-16401,-1032,-4019,4311,-983,bf350e8f,3f30a130,be07929a,3da18582,bf350e8f,3f30a130,be07929c,3da1857f,1

9222,211,119,30,-1299,-16393,-1039,-3961,4297,-988,bf35026a,3f30ada5,be07936e,3da18159,bf35026a,3f30ada5,be079370,3da18156,1

9223,211,114,26,-1282,-16437,-1058,-3967,4285,-961,bf34f5ca,3f30ba64,be0796db,3da18295,bf34f5ca,3f30ba64,be0796dd,3da18292,1

9224,213,108,24,-1293,-16411,-1080,-3967,4285,-961,bf34e8f0,3f30c73d,be079cb9,3da1843b,bf34e8f0,3f30c73d,be079cbb,3da18438,1

9225,204,106,20,-1308,-16423,-1028,-3933,4305,-1001,bf34dd99,3f30d2a1,be07a281,3da18057,bf34dd98,3f30d2a0,be07a282,3da18053,1

9226,200,121,29,-1266,-16386,-1017,-3931,4305,-984,bf34d267,3f30de1f,be07a1db,3da17f8a,bf34d267,3f30de1e,be07a1dc,3da17f87,1

9227,200,127,16,-1265,-16387,-1042,-3931,4305,-984,bf34c745,3f30e998,be07a2d6,3da17588,bf34c745,3f30e998,be07a2d8,3da17586,1

9228,201,128,-10,-1286,-16405,-1053,-3931,4281,-952,bf34bbc6,3f30f531,be07abc8,3da161cc,bf34bbc5,3f30f531,be07abca,3da161ca,1

9229,198,126,-27,-1276,-16390,-1053,-3961,4317,-992,bf34b153,3f30ffd6,be07b660,3da1403d,bf34b152,3f30ffd6,be07b662,3da1403b,1

9230,187,128,-39,-1290,-16405,-1054,-3973,4275,-864,bf34a5cc,3f310b01,be07c8f2,3da12b1b,bf34a5cb,3f310b01,be07c8f4,3da12b19,1

9231,175,134,-53,-1309,-16422,-1048,-3973,4275,-864,bf349b40,3f311538,be07dd7a,3da10c75,bf349b40,3f311539,be07dd7d,3da10c74,1

9232,177,127,-52,-1310,-16426,-1066,-3973,4341,-917,bf349147,3f311eee,be07f128,3da0e976,bf349147,3f311eef,be07f12b,3da0e975,1

9233,176,126,-50,-1337,-16462,-1016,-3919,4315,-965,bf34884f,3f3127c3,be08038e,3da0c1a8,bf34884f,3f3127c3,be080391,3da0c1a6,1

9234,196,128,-23,-1345,-16457,-1020,-3919,4315,-965,bf347e0e,3f31320c,be080fe3,3da0a369,bf347e0d,3f31320b,be080fe5,3da0a366,1

9235,210,118,14,-1343,-16459,-1001,-3959,4319,-965,bf3472ee,3f313d44,be081583,3da09833,bf3472ed,3f313d43,be081585,3da09830,1

9236,240,116,52,-1333,-16455,-1060,-3961,4291,-921,bf3464c0,3f314b88,be081569,3da0a43c,bf3464bf,3f314b87,be08156b,3da0a439,1

9237,244,113,79,-1339,-16484,-1055,-3961,4291,-921,bf345642,3f315a2f,be080fe4,3da0bd89,bf345641,3f315a2e,be080fe6,3da0bd86,1

9238,237,113,94,-1285,-16417,-1071,-3935,4293,-909,bf3447bd,3f3168da,be0805e9,3da0e49e,bf3447be,3f3168db,be0805ed,3da0e49e,1

9239,216,110,90,-1285,-16407,-1055,-3969,4271,-957,bf343b6d,3f31757f,be07fa3a,3da10305,bf343b6d,3f31757e,be07fa3d,3da10303,1

9240,203,112,84,-1267,-16394,-1074,-3969,4271,-957,bf342fdc,3f318164,be07eea0,3da11f83,bf342fdc,3f318163,be07eea3,3da11f81,1

9241,195,121,70,-1231,-16379,-1073,-3951,4349,-954,bf3424ff,3f318ca4,be07e349,3da13638,bf3424ff,3f318ca4,be07e34d,3da13637,1

9242,179,127,43,-1236,-16383,-1057,-3975,4293,-950,bf341b6b,3f319699,be07dc31,3da13cfa,bf341b6b,3f319699,be07dc35,3da13cf9,1

9243,158,134,9,-1231,-16376,-1055,-3967,4269,-969,bf3413b4,3f319ebc,be07d9aa,3da12f5f,bf3413b4,3f319ebb,be07d9ad,3da12f5d,1

9244,147,130,-32,-1273,-16405,-1047,-3967,4269,-969,bf340d05,3f31a58c,be07e2b6,3da10e26,bf340d05,3f31a58c,be07e2ba,3da10e24,1

9245,148,140,-46,-1287,-16435,-1038,-3979,4245,-894,bf340562,3f31ad19,be07f097,3da0ec6c,bf340563,3f31ad1a,be07f09b,3da0ec6a,1

9246,146,139,-39,-1325,-16429,-1028,-3985,4289,-946,bf33fee1,3f31b3be,be07fb97,3da0c353,bf33fee1,3f31b3be,be07fb9b,3da0c352,1

9247,158,127,-27,-1313,-16429,-1016,-3985,4289,-946,bf33f793,3f31bb0e,be08064f,3da0a579,bf33f792,3f31bb0d,be080653,3da0a577,1

9248,183,132,-4,-1333,-16448,-988,-3919,4301,-883,bf33edc8,3f31c4b1,be080f5a,3da09a9a,bf33edc7,3f31c4b1,be080f5f,3da09a99,1

9249,219,136,27,-1302,-16414,-1022,-3967,4317,-900,bf33e1f2,3f31d0c0,be080eef,3da095f8,bf33e1f0,3f31d0c0,be080ef4,3da095f7,1

9250,233,131,52,-1308,-16444,-1078,-3967,4317,-900,bf33d4cc,3f31de26,be080a8c,3da09d76,bf33d4cc,3f31de27,be080a93,3da09d77,1

9251,233,130,71,-1296,-16454,-1075,-3979,4259,-956,bf33c87b,3f31eb15,be07fe6b,3da0a4a7,bf33c879,3f31eb14,be07fe71,3da0a4a6,1

9252,229,124,78,-1267,-16409,-1113,-3987,4287,-864,bf33baab,3f31f907,be07f5b2,3da0c265,bf33baaa,3f31f907,be07f5b9,3da0c265,1

9253,214,119,79,-1252,-16395,-1055,-3987,4287,-864,bf33ae18,3f3205a8,be07ecc8,3da0e53f,bf33ae18,3f3205a9,be07ecd0,3da0e540,1

9254,201,122,68,-1252,-16389,-1106,-3903,4301,-886,bf33a246,3f321183,be07e5a2,3da10287,bf33a246,3f321183,be07e5a9,3da10288,1

9255,176,123,39,-1275,-16399,-1077,-3983,4283,-933,bf33995a,3f321aa4,be07e1ba,3da1065f,bf339959,3f321aa3,be07e1c0,3da1065f,1

9256,166,117,27,-1282,-16393,-1033,-3903,4247,-966,bf3391b3,3f322261,be07e136,3da10623,bf3391b3,3f322261,be07e13d,3da10624,1

9257,170,116,29,-1273,-16410,-1017,-3903,4247,-966,bf3389f6,3f322a38,be07e00a,3da107a3,bf3389f6,3f322a38,be07e011,3da107a4,1

9258,194,126,39,-1290,-16471,-1058,-3941,4275,-957,bf3380a6,3f3233da,be07db5e,3da1057a,bf3380a5,3f3233d9,be07db65,3da1057b,1

9259,194,122,52,-1265,-16422,-1043,-3967,4275,-878,bf337610,3f323e6f,be07d75b,3da11877,bf337610,3f323e6f,be07d763,3da11879,1

9260,201,120,62,-1261,-16415,-1077,-3967,4275,-878,bf336ad1,3f3249b1,be07d1b1,3da13033,bf336ad0,3f3249b0,be07d1b9,3da13034,1

9261,201,114,65,-1274,-16409,-1023,-3955,4263,-855,bf335f81,3f3254cc,be07ce37,3da14f7f,bf335f81,3f3254cc,be07ce40,3da14f81,1

9262,203,119,68,-1258,-16412,-1047,-3959,4315,-920,bf33552a,3f325f55,be07c537,3da163cc,bf33552a,3f325f55,be07c540,3da163ce,1

9263,214,130,68,-1237,-16397,-1075,-3959,4315,-920,bf334a27,3f326ac1,be07b95a,3da172f5,bf334a27,3f326ac1,be07b963,3da172f7,1

9264,203,133,56,-1225,-16389,-1079,-3929,4283,-920,bf333fcb,3f32757c,be07af54,3da17ddc,bf333fca,3f32757c,be07af5c,3da17ddd,1

9265,194,125,39,-1231,-16389,-1074,-3935,4357,-954,bf3336cd,3f327ec6,be07a962,3da17f65,bf3336cd,3f327ec6,be07a96b,3da17f67,1

9266,174,124,21,-1242,-16413,-1051,-3935,4357,-954,bf332f59,3f32866c,be07a786,3da179e1,bf332f59,3f32866d,be07a78f,3da179e3,1

9267,182,130,8,-1259,-16413,-1061,-3913,4309,-854,bf3325c0,3f328fc9,be07ad23,3da179f4,bf3325be,3f328fc9,be07ad2b,3da179f5,1

9268,179,131,1,-1259,-16420,-1071,-3919,4329,-894,bf331d13,3f329864,be07b22e,3da16fdc,bf331d11,3f329865,be07b237,3da16fde,1

9269,173,132,-1,-1265,-16455,-1070,-3945,4335,-876,bf3314a7,3f32a0b5,be07b7d4,3da1661e,bf3314a5,3f32a0b6,be07b7dd,3da16620,1

9270,172,141,18,-1265,-16392,-1031,-3945,4335,-876,bf330c90,3f32a8f0,be07b6d0,3da160f3,bf330c8f,3f32a8f1,be07b6d9,3da160f5,1

9271,180,137,30,-1253,-16394,-1047,-3925,4339,-920,bf330481,3f32b14b,be07b1e6,3da15d47,bf330481,3f32b14d,be07b1f0,3da15d4a,1

9272,185,132,35,-1233,-16392,-1041,-3937,4343,-884,bf32fb90,3f32ba57,be07ade6,3da16452,bf32fb8e,3f32ba58,be07adef,3da16454,1

9273,186,127,29,-1225,-16401,-1044,-3937,4343,-884,bf32f294,3f32c351,be07ac2f,3da16b34,bf32f292,3f32c352,be07ac38,3da16b37,1

9274,186,132,19,-1215,-16383,-1054,-3903,4337,-854,bf32e914,3f32ccb1,be07ad20,3da171a3,bf32e912,3f32ccb2,be07ad29,3da171a6,1

9275,190,119,-9,-1231,-16419,-1086,-3941,4317,-943,bf32e0e5,3f32d4d5,be07b392,3da15f29,bf32e0e4,3f32d4d6,be07b39b,3da15f2d,1

9276,188,125,-25,-1244,-16427,-1055,-3941,4317,-943,bf32d952,3f32dc68,be07bc7c,3da141a5,bf32d950,3f32dc68,be07bc84,3da141a8,1

9277,182,126,-18,-1235,-16389,-1060,-3953,4343,-930,bf32d1e1,3f32e3d9,be07c39b,3da129b2,bf32d1df,3f32e3da,be07c3a4,3da129b6,1

9278,184,128,-19,-1272,-16454,-1064,-3973,4289,-917,bf32ca34,3f32eb82,be07cbf4,3da10e3b,bf32ca32,3f32eb83,be07cbfd,3da10e3f,1

9279,177,141,-8,-1265,-16429,-1067,-3973,4289,-917,bf32c306,3f32f2f5,be07ce32,3da0f2d6,bf32c305,3f32f2f7,be07ce3c,3da0f2db,1

9280,179,140,4,-1251,-16430,-1082,-3979,4325,-939,bf32bc0a,3f32fa5e,be07cc1b,3da0daaa,bf32bc09,3f32fa60,be07cc25,3da0daaf,1

9281,168,138,7,-1273,-16424,-1071,-3967,4361,-903,bf32b526,3f330176,be07cc60,3da0cb0b,bf32b525,3f330178,be07cc6a,3da0cb10,1

9282,171,129,21,-1276,-16457,-1062,-3911,4327,-997,bf32af9f,3f33077a,be07c727,3da0b8e7,bf32af9d,3f33077c,be07c730,3da0b8eb,1

9283,168,124,41,-1268,-16442,-1075,-3911,4327,-997,bf32aa00,3f330d97,be07be1a,3da0b336,bf32a9fe,3f330d99,be07be23,3da0b33a,1

9284,156,110,66,-1270,-16429,-1022,-3941,4315,-873,bf32a2e9,3f33147f,be07b81d,3da0d3ce,bf32a2e8,3f331482,be07b827,3da0d3d3,1

9285,172,111,83,-1244,-16419,-1008,-3963,4331,-922,bf329bee,3f331bac,be07aa6e,3da0f2e3,bf329bec,3f331bad,be07aa77,3da0f2e6,1

9286,192,120,92,-1201,-16382,-1024,-3963,4331,-922,bf3293ac,3f332458,be0797a8,3da112e7,bf3293ab,3f332459,be0797b1,3da112eb,1

9287,206,116,82,-1203,-16387,-1037,-3931,4329,-960,bf328b36,3f332d3d,be078723,3da1299a,bf328b34,3f332d3c,be07872b,3da1299d,1

9288,217,114,61,-1199,-16392,-1075,-3963,4323,-890,bf3280bd,3f3337b4,be077fc4,3da14006,bf3280bd,3f3337b4,be077fcd,3da1400b,1

9289,213,117,42,-1222,-16415,-1072,-3963,4323,-890,bf3276cd,3f334198,be077cd4,3da14a82,bf3276cd,3f334198,be077cdd,3da14a87,1

9290,194,131,34,-1217,-16416,-1063,-3929,4311,-820,bf326cf7,3f334b3c,be077b8d,3da1597a,bf326cf7,3f334b3b,be077b96,3da1597e,1

9291,186,131,22,-1225,-16405,-1044,-3937,4283,-868,bf3264b3,3f33537a,be077ac9,3da15aa2,bf3264b3,3f335379,be077ad2,3da15aa6,1

9292,198,131,15,-1225,-16403,-1050,-3937,4283,-868,bf325bca,3f335c55,be077bfd,3da15738,bf325bca,3f335c54,be077c06,3da1573c,1

9293,205,132,15,-1214,-16388,-1015,-3935,4309,-877,bf3252fc,3f336526,be077c10,3da15239,bf3252fc,3f336525,be077c1a,3da1523e,1

9294,209,128,10,-1171,-16366,-1093,-3929,4283,-945,bf324a9a,3f336dce,be07797c,3da143be,bf324a9a,3f336dcd,be077986,3da143c3,1

9295,207,131,-28,-1201,-16392,-1069,-3961,4277,-894,bf324208,3f33764f,be078258,3da126e9,bf324208,3f33764e,be078262,3da126ee,1

9296,200,129,-53,-1226,-16391,-1006,-3961,4277,-894,bf323a9e,3f337d82,be0791d4,3da0fe4b,bf323a9e,3f337d81,be0791de,3da0fe50,1

9297,213,136,-58,-1201,-16396,-1052,-3983,4291,-965,bf3233ce,3f3384a5,be079b80,3da0c2fb,bf3233cf,3f3384a5,be079b8b,3da0c300,1

9298,224,150,-66,-1222,-16424,-1027,-3959,4343,-910,bf322ba1,3f338cfc,be07a882,3da086ce,bf322ba1,3f338cfb,be07a88c,3da086d2,1

9299,228,158,-70,-1274,-16442,-955,-3959,4343,-910,bf322415,3f3394d0,be07b606,3da04109,bf322415,3f3394cf,be07b610,3da0410d,1

9300,231,179,-53,-1230,-16393,-1129,-3957,4309,-958,bf321bef,3f339dea,be07b738,3d9ff353,bf321bef,3f339de9,be07b741,3d9ff357,1

9301,238,188,-53,-1219,-16388,-1134,-3917,4291,-958,bf32134c,3f33a79d,be07b6ab,3d9fa3f1,bf32134b,3f33a79b,be07b6b4,3d9fa3f4,1

9302,218,172,-69,-1241,-16427,-1080,-3917,4291,-958,bf320c54,3f33af4b,be07bd44,3d9f5533,bf320c53,3f33af4a,be07bd4e,3d9f5537,1

9303,207,171,-70,-1280,-16454,-1149,-3997,4275,-989,bf32068a,3f33b613,be07c201,3d9ef964,bf32068b,3f33b613,be07c20c,3d9ef969,1

9304,196,159,-60,-1270,-16460,-1113,-3997,4343,-898,bf31ffae,3f33bd42,be07cbfd,3d9ebb8e,bf31ffae,3f33bd40,be07cc07,3d9ebb92,1

9305,183,141,-35,-1298,-16471,-1085,-3997,4343,-898,bf31f98a,3f33c382,be07d4a5,3d9e9131,bf31f98a,3f33c380,be07d4af,3d9e9134,1

9306,182,133,-2,-1277,-16470,-1087,-3965,4289,-971,bf31f48a,3f33c906,be07d263,3d9e7027,bf31f48b,3f33c905,be07d26e,3d9e702c,1

9307,194,122,29,-1276,-16443,-1058,-3981,4287,-970,bf31eedb,3f33cf34,be07cb22,3d9e60c7,bf31eedb,3f33cf32,be07cb2c,3d9e60cb,1

9308,198,124,52,-1273,-16438,-1064,-3981,4287,-970,bf31e8cb,3f33d5e6,be07bdfb,3d9e5af2,bf31e8cd,3f33d5e6,be07be06,3d9e5af8,1

9309,198,129,69,-1254,-16422,-1084,-4011,4293,-907,bf31e141,3f33ddee,be07ae99,3d9e65c5,bf31e142,3f33dded,be07aea3,3d9e65ca,1

9310,198,120,75,-1224,-16405,-1141,-3981,4315,-913,bf31d922,3f33e664,be079f71,3d9e7a59,bf31d923,3f33e663,be079f7b,3d9e7a5e,1

9311,173,119,66,-1215,-16420,-1080,-3941,4303,-913,bf31d2ed,3f33ecdc,be0791e8,3d9e9058,bf31d2ee,3f33ecdb,be0791f2,3d9e905d,1

9312,145,121,57,-1227,-16390,-1065,-3941,4303,-913,bf31cea3,3f33f16c,be0785cf,3d9ea243,bf31cea4,3f33f16b,be0785d9,3d9ea248,1

9313,158,127,44,-1241,-16390,-1033,-3977,4333,-949,bf31cb11,3f33f591,be077938,3d9ea099,bf31cb13,3f33f590,be077943,3d9ea09e,1

9314,175,128,34,-1220,-16389,-1055,-3989,4323,-911,bf31c593,3f33fb68,be0770aa,3d9e9fc0,bf31c594,3f33fb67,be0770b5,3d9e9fc4,1

9315,178,127,15,-1234,-16389,-1055,-3989,4323,-911,bf31c014,3f340122,be076d78,3d9e94e4,bf31c015,3f340121,be076d83,3d9e94e8,1

9316,190,128,9,-1234,-16414,-1060,-3987,4305,-937,bf31ba7d,3f340717,be076a02,3d9e80fa,bf31ba7e,3f340716,be076a0d,3d9e80fe,1

9317,190,128,9,-1257,-16391,-1035,-3985,4297,-939,bf31b53b,3f340cb9,be076735,3d9e6a96,bf31b53b,3f340cb7,be076740,3d9e6a99,1

9318,209,125,7,-1227,-16388,-1082,-3985,4297,-939,bf31ae64,3f3413dc,be076525,3d9e5565,bf31ae65,3f3413db,be076531,3d9e5569,1

9319,214,128,1,-1236,-16429,-1094,-3989,4297,-878,bf31a605,3f341c36,be0767e1,3d9e459f,bf31a605,3f341c34,be0767ed,3d9e45a2,1

9320,194,132,-4,-1259,-16437,-1064,-3999,4283,-846,bf319ea2,3f34237a,be076c9d,3d9e36a8,bf319ea2,3f342378,be076ca9,3d9e36ab,1

9321,194,138,2,-1248,-16440,-1045,-3999,4283,-846,bf31977b,3f342aa9,be076de4,3d9e28a4,bf31977b,3f342aa7,be076df0,3d9e28a7,1

9322,197,146,12,-1212,-16393,-1132,-3947,4319,-908,bf319083,3f343214,be076797,3d9e159e,bf319084,3f343213,be0767a3,3d9e15a2,1

9323,174,142,10,-1245,-16409,-1073,-3995,4247,-901,bf318b7b,3f343792,be076246,3d9e00f2,bf318b7c,3f343791,be076252,3d9e00f6,1

9324,168,139,-2,-1220,-16390,-1061,-3963,4281,-993,bf31890c,3f343ae4,be075995,3d9ddbb2,bf31890c,3f343ae3,be0759a1,3d9ddbb5,1

9325,181,143,-1,-1227,-16405,-1057,-3963,4281,-993,bf3185f5,3f343eed,be075037,3d9db367,bf3185f4,3f343eec,be075043,3d9db36a,1

9326,201,139,-9,-1241,-16417,-1029,-3971,4283,-955,bf31811a,3f34445f,be074d0f,3d9d8d40,bf318119,3f34445e,be074d1b,3d9d8d43,1

9327,203,145,-5,-1273,-16445,-1043,-3987,4273,-948,bf317c0b,3f344a1f,be0748fa,3d9d6374,bf317c0a,3f344a1f,be074907,3d9d6378,1

9328,211,163,4,-1235,-16414,-1054,-3987,4273,-948,bf317683,3f3450b4,be073d44,3d9d37ce,bf317682,3f3450b4,be073d51,3d9d37d2,1

9329,215,173,8,-1246,-16420,-1149,-3975,4333,-906,bf316f0f,3f345910,be0732aa,3d9d10d2,bf316f0f,3f345910,be0732b8,3d9d10d7,1

9330,195,162,10,-1218,-16391,-1111,-3955,4391,-946,bf3169d7,3f345f3c,be072667,3d9ceee0,bf3169d7,3f345f3c,be072675,3d9ceee5,1

9331,179,158,-1,-1206,-16392,-1143,-3955,4391,-946,bf316555,3f346496,be071cfc,3d9ccbfa,bf316554,3f346495,be071d0a,3d9ccbfe,1

9332,152,151,-29,-1225,-16394,-1082,-3937,4337,-854,bf316109,3f346900,be0720de,3d9cb075,bf316108,3f3468ff,be0720ec,3d9cb079,1

9333,156,142,-45,-1263,-16424,-1026,-3959,4289,-832,bf315ca7,3f346d2e,be072ca2,3d9c919a,bf315ca6,3f346d2e,be072cb0,3d9c919f,1

9334,171,134,-35,-1248,-16425,-1092,-3959,4289,-832,bf3156b2,3f3472d0,be0737f3,3d9c7ab4,bf3156b1,3f3472d0,be073801,3d9c7ab9,1

9335,192,131,-20,-1275,-16453,-1087,-3951,4305,-965,bf31526b,3f34777d,be0739e3,3d9c5131,bf31526a,3f34777d,be0739f1,3d9c5136,1

9336,197,124,4,-1283,-16448,-1081,-3935,4277,-957,bf314d6a,3f347ccf,be0738e2,3d9c373f,bf314d69,3f347ccf,be0738f0,3d9c3744,1

9337,195,119,34,-1280,-16486,-1068,-3959,4241,-928,bf3147da,3f3482a1,be0732c4,3d9c31db,bf3147d8,3f3482a0,be0732d2,3d9c31df,1

9338,202,123,53,-1215,-16418,-1103,-3959,4241,-928,bf314164,3f348985,be07252d,3d9c37b8,bf314164,3f348986,be07253b,3d9c37be,1

9339,195,117,47,-1198,-16389,-1078,-3949,4261,-953,bf313c2a,3f348f3a,be0717f3,3d9c3b8a,bf313c2a,3f348f3b,be071800,3d9c3b91,1

9340,185,121,24,-1205,-16360,-1070,-3943,4311,-844,bf313567,3f3495c8,be07166a,3d9c46ad,bf313566,3f3495c7,be071675,3d9c46b3,1

9341,192,125,1,-1199,-16387,-1094,-3943,4311,-844,bf312e47,3f349ca7,be071964,3d9c44de,bf312e48,3f349ca7,be071970,3d9c44e5,1

9342,198,128,-19,-1185,-16374,-1094,-3947,4323,-937,bf312910,3f34a21d,be071a51,3d9c28ab,bf312910,3f34a21c,be071a5d,3d9c28b1,1

9343,186,124,-46,-1204,-16389,-1081,-3937,4299,-935,bf3124c4,3f34a670,be072311,3d9c021e,bf3124c4,3f34a66f,be07231d,3d9c0224,1

9344,183,122,-69,-1260,-16422,-1009,-3937,4299,-935,bf31219c,3f34a97c,be073329,3d9bcdd6,bf31219c,3f34a97b,be073335,3d9bcddc,1

9345,204,126,-62,-1255,-16445,-1151,-3951,4309,-914,bf311b76,3f34af6f,be0742ed,3d9b9c7f,bf311b76,3f34af6e,be0742f9,3d9b9c85,1

9346,183,128,-44,-1237,-16399,-1078,-3933,4233,-976,bf31188c,3f34b2bd,be0747d6,3d9b6aa2,bf31188b,3f34b2bb,be0747e1,3d9b6aa8,1

9347,147,126,-22,-1303,-16466,-968,-3933,4233,-976,bf3118f3,3f34b2dc,be07488e,3d9b41db,bf3118f2,3f34b2da,be074899,3d9b41e1,1

9348,182,127,2,-1250,-16415,-1051,-3987,4251,-887,bf311430,3f34b7be,be07480e,3d9b3364,bf311430,3f34b7bd,be07481a,3d9b336b,1

9349,199,135,14,-1290,-16478,-1088,-3937,4289,-965,bf310fdd,3f34bcb3,be0740d0,3d9b16c6,bf310fde,3f34bcb2,be0740dd,3d9b16ce,1

9350,198,129,28,-1246,-16421,-1112,-3939,4333,-922,bf310a28,3f34c2c1,be073923,3d9b0f3f,bf310a28,3f34c2bf,be073930,3d9b0f46,1

9351,181,127,30,-1265,-16456,-1044,-3939,4333,-922,bf31062a,3f34c71b,be07311e,3d9b09d8,bf31062b,3f34c71a,be07312c,3d9b09e0,1

9352,172,130,39,-1247,-16427,-1075,-3955,4275,-1022,bf310518,3f34c95e,be071d74,3d9af40d,bf310519,3f34c95c,be071d81,3d9af414,1

9353,156,137,35,-1266,-16470,-1105,-3925,4293,-894,bf31015f,3f34cd78,be0713b1,3d9af38c,bf310160,3f34cd77,be0713be,3d9af394,1

9354,149,147,29,-1201,-16367,-1063,-3925,4293,-894,bf30fe81,3f34d0f1,be07064e,3d9af107,bf30fe81,3f34d0ef,be07065a,3d9af10e,1

9355,152,159,9,-1288,-16443,-876,-3935,4313,-896,bf30fddd,3f34d259,be06fc9b,3d9ad849,bf30fddd,3f34d258,be06fca7,3d9ad851,1

9356,157,206,16,-1201,-16371,-1146,-3959,4337,-885,bf30fa8d,3f34d72e,be06e55e,3d9ab23e,bf30fa8d,3f34d72d,be06e56a,3d9ab246,1

9357,141,208,12,-1204,-16379,-1102,-3959,4337,-885,bf30f8aa,3f34daa4,be06cdfc,3d9a8ada,bf30f8aa,3f34daa3,be06ce08,3d9a8ae2,1

9358,135,194,-21,-1132,-16318,-1166,-4011,4285,-948,bf30f824,3f34dcdd,be06b9a9,3d9a5227,bf30f824,3f34dcdd,be06b9b6,3d9a5230,1

9359,128,180,-73,-1216,-16388,-1069,-3929,4287,-968,bf30f968,3f34dcc3,be06b7c1,3d9a0369,bf30f967,3f34dcc2,be06b7ce,3d9a0371,1

9360,120,156,-106,-1276,-16439,-1117,-3929,4287,-968,bf30faaf,3f34dc03,be06c5c1,3d99acc5,bf30faae,3f34dc02,be06c5ce,3d99accd,1

9361,109,149,-109,-1319,-16493,-1050,-3979,4321,-904,bf30fc01,3f34dacc,be06da10,3d995f95,bf30fc00,3f34dacb,be06da1d,3d995f9d,1

9362,121,148,-77,-1316,-16494,-1036,-3987,4263,-909,bf30fca3,3f34da76,be06e646,3d991f82,bf30fca1,3f34da74,be06e652,3d991f89,1

9363,145,139,-31,-1289,-16481,-1021,-3955,4261,-993,bf30fda0,3f34da52,be06e343,3d98eb1b,bf30fd9f,3f34da51,be06e350,3d98eb23,1

9364,173,131,9,-1322,-16497,-1069,-3955,4261,-993,bf30fc1c,3f34dca5,be06db24,3d98c7fc,bf30fc1c,3f34dca6,be06db32,3d98c806,1

9365,188,120,50,-1291,-16457,-1070,-3977,4279,-977,bf30f8f5,3f34e08c,be06cbc9,3d98c085,bf30f8f3,3f34e08b,be06cbd6,3d98c08e,1

9366,191,121,83,-1266,-16449,-1116,-3947,4323,-921,bf30f364,3f34e695,be06b8ae,3d98d6af,bf30f364,3f34e696,be06b8bd,3d98d6ba,1

9367,178,121,104,-1271,-16427,-1083,-3947,4323,-921,bf30eed5,3f34ebc1,be06a05c,3d98f6f1,bf30eed3,3f34ebc0,be06a06a,3d98f6fb,1

9368,154,122,117,-1233,-16388,-1049,-3999,4343,-866,bf30eaf3,3f34f02b,be068503,3d992887,bf30eaf2,3f34f02b,be068512,3d992891,1

9369,150,121,109,-1207,-16374,-1075,-3909,4325,-987,bf30e988,3f34f2a0,be0664cd,3d99484d,bf30e986,3f34f29f,be0664db,3d994856,1

9370,142,120,84,-1217,-16416,-1050,-3909,4325,-987,bf30e90e,3f34f408,be064ac1,3d995caa,bf30e90d,3f34f408,be064ad0,3d995cb4,1

9371,140,122,76,-1199,-16388,-1033,-3941,4303,-930,bf30e799,3f34f625,be06349f,3d9975ed,bf30e798,3f34f626,be0634af,3d9975f8,1

9372,144,132,61,-1209,-16385,-1056,-3921,4285,-879,bf30e48e,3f34f997,be062448,3d998bfe,bf30e48b,3f34f996,be062457,3d998c08,1

9373,135,126,31,-1202,-16391,-1051,-3921,4285,-879,bf30e23d,3f34fc14,be061bf8,3d999828,bf30e23b,3f34fc15,be061c08,3d999833,1

9374,128,130,6,-1171,-16356,-1023,-3947,4269,-934,bf30e241,3f34fc9d,be0612c9,3d998e47,bf30e23e,3f34fc9d,be0612d9,3d998e51,1

9375,131,129,-30,-1207,-16390,-1032,-3961,4265,-897,bf30e16d,3f34fd93,be06164b,3d9976e5,bf30e16b,3f34fd94,be06165c,3d9976ef,1

9376,137,137,-59,-1198,-16389,-1085,-3913,4301,-915,bf30e031,3f34feed,be061ee0,3d994e0f,bf30e02e,3f34feed,be061ef1,3d994e19,1

9377,127,132,-81,-1216,-16412,-1086,-3913,4301,-915,bf30dfaa,3f34ff61,be062e27,3d991d19,bf30dfa7,3f34ff61,be062e38,3d991d23,1

9378,112,134,-92,-1251,-16410,-1013,-3925,4307,-919,bf30e10d,3f34fdfa,be063f74,3d98e3a7,bf30e10a,3f34fdfa,be063f85,3d98e3b1,1

9379,116,129,-93,-1280,-16457,-1035,-3983,4315,-851,bf30e0b4,3f34fde5,be065674,3d98b2e1,bf30e0b1,3f34fde5,be065685,3d98b2eb,1

9380,113,134,-75,-1344,-16587,-1102,-3983,4315,-851,bf30e001,3f34fe46,be066a48,3d9883e3,bf30dfff,3f34fe47,be066a5a,3d9883ee,1

9381,83,140,-43,-1221,-16325,-905,-3983,4317,-957,bf30e560,3f34f9b9,be066733,3d9859e7,bf30e55e,3f34f9ba,be066745,3d9859f2,1

9382,117,138,-71,-1298,-16497,-1010,-3933,4309,-934,bf30e6e1,3f34f873,be0672ae,3d982298,bf30e6df,3f34f874,be0672c0,3d9822a4,1

9383,118,150,-80,-1154,-16216,-925,-3933,4309,-934,bf30e90f,3f34f6cb,be067776,3d97ed33,bf30e90d,3f34f6cc,be067788,3d97ed3f,1

9384,146,157,-104,-1246,-16404,-996,-3949,4343,-990,bf30eae0,3f34f5c1,be06808f,3d9794b6,bf30eade,3f34f5c2,be0680a1,3d9794c2,1

9385,170,159,-138,-1247,-16410,-1070,-3927,4293,-901,bf30e83e,3f34f860,be0698f4,3d973abf,bf30e83b,3f34f860,be069906,3d973aca,1

9386,128,160,-157,-1250,-16389,-1074,-3927,4293,-901,bf30e833,3f34f860,be06b490,3d96db50,bf30e830,3f34f860,be06b4a2,3d96db5b,1

9387,94,166,-163,-1352,-16502,-1056,-3953,4299,-900,bf30eac1,3f34f5e2,be06d254,3d9670b4,bf30eabe,3f34f5e2,be06d265,3d9670c0,1

9388,43,170,-146,-1051,-16156,-1841,-3963,4325,-929,bf30ea29,3f34f6bf,be06e33b,3d961e02,bf30ea26,3f34f6c0,be06e34c,3d961e0f,1

9389,-248,163,-158,-1815,-16997,-215,-3973,4283,-968,bf310f50,3f34d2c6,be06ffc9,3d9599c1,bf310f4d,3f34d2c7,be06ffda,3d9599ce,1

9390,-136,157,15,-1310,-16520,-1075,-3973,4283,-968,bf311f7f,3f34c41b,be06e853,3d959315,bf311f7c,3f34c41c,be06e864,3d959322,1

9391,-112,194,11,-1386,-16724,-1293,-3957,4281,-980,bf312cce,3f34b8bf,be06cdbb,3d95709e,bf312ccc,3f34b8c0,be06cdcc,3d9570ab,1

9392,-339,206,65,-1436,-16738,-1079,-3981,4313,-998,bf314a0c,3f349e64,be069cc3,3d956ce9,bf314a0a,3f349e64,be069cd3,3d956cf5,1

9393,-464,241,168,-1364,-16636,-1014,-3981,4313,-998,bf316ead,3f347de6,be064552,3d9599ba,bf316eab,3f347de6,be064562,3d9599c6,1

9394,-622,330,210,-1365,-16446,-692,-3929,4327,-960,bf319f19,3f34532f,be05ce34,3d95c809,bf319f16,3f34532e,be05ce44,3d95c815,1

9395,-662,397,262,-1551,-16974,-855,-3991,4305,-969,bf31d0ff,3f342840,be054068,3d95dee2,bf31d0fc,3f342840,be054078,3d95deef,1

9396,-767,484,377,-1223,-16392,-708,-3991,4305,-969,bf3209bc,3f33f8b1,be0473d4,3d9625f5,bf3209b9,3f33f8b2,be0473e4,3d962602,1

9397,-871,553,392,-903,-15767,-627,-3987,4307,-985,bf324945,3f33c3c2,be038349,3d967530,bf324942,3f33c3c3,be038359,3d96753d,1

9398,-730,529,219,-775,-15478,-431,-3981,4317,-1011,bf328388,3f3392ee,be02bb8b,3d967b8c,bf328385,3f3392ef,be02bb9b,3d967b99,1

9399,-432,385,-44,-853,-15938,-604,-3981,4317,-1011,bf32a984,3f33724b,be026253,3d962837,bf32a981,3f33724c,be026263,3d962844,1

9400,-200,259,-293,-879,-16087,-773,-3969,4297,-1018,bf32bfd9,3f335dd1,be026aae,3d958378,bf32bfd7,3f335dd2,be026abe,3d958385,1

9401,-198,209,-541,-1214,-16406,-712,-3953,4341,-1049,bf32d8c1,3f3344a2,be02c4eb,3d9461ef,bf32d8c0,3f3344a3,be02c4fb,3d9461fc,1

9402,-240,188,-652,-1207,-16300,-507,-3963,4299,-972,bf32f473,3f33275f,be033ff5,3d932af3,bf32f471,3f33275f,be034004,3d932aff,1

9403,-220,188,-712,-1378,-16448,-533,-3963,4299,-972,bf330eec,3f330acd,be03d04a,3d91ca1a,bf330eea,3f330acd,be03d059,3d91ca26,1

9404,-209,182,-708,-1227,-16288,-658,-4015,4289,-960,bf3326bc,3f32f0d0,be045ae6,3d907bc0,bf3326ba,3f32f0cf,be045af5,3d907bcc,1

9405,-234,176,-772,-1459,-16536,-473,-3971,4347,-1025,bf3343eb,3f32d116,be04f8d4,3d8efb3e,bf3343ea,3f32d116,be04f8e3,3d8efb4b,1

9406,-252,180,-803,-1500,-16555,-678,-3971,4347,-1025,bf335fba,3f32b266,be059f0e,3d8d6c62,bf335fb9,3f32b266,be059f1c,3d8d6c6f,1

9407,-316,193,-769,-1785,-16805,-592,-3981,4295,-977,bf337ef8,3f329017,be0644fa,3d8be1e7,bf337ef8,3f329018,be064508,3d8be1f5,1

9408,-365,208,-581,-1769,-16788,-521,-3949,4299,-1038,bf33a1f3,3f326b79,be06b4aa,3d8aa7d2,bf33a1f1,3f326b79,be06b4b7,3d8aa7df,1

9409,-326,197,-331,-1733,-16558,-294,-3949,4299,-1038,bf33c343,3f3249af,be06ea64,3d89e903,bf33c341,3f3249af,be06ea71,3d89e910,1

9410,-248,173,-102,-1684,-16715,-514,-4019,4287,-1043,bf33dbff,3f323176,be06ee46,3d899d72,bf33dbfd,3f323175,be06ee53,3d899d7e,1

9411,-210,124,87,-1423,-16115,-335,-3969,4333,-1024,bf33f15a,3f321cd8,be06ca39,3d89dbfd,bf33f159,3f321cd7,be06ca46,3d89dc09,1

9412,-111,66,182,-1541,-16609,-685,-3969,4333,-1024,bf33fc0c,3f321247,be06a6d0,3d8a51fc,bf33fc0b,3f321247,be06a6dd,3d8a5209,1

9413,-114,23,277,-1492,-16801,-817,-4007,4283,-1128,bf34074b,3f3207a3,be066cca,3d8af6e4,bf34074b,3f3207a4,be066cd8,3d8af6f2,1

9414,-310,-27,364,-1101,-16068,-550,-4021,4339,-1046,bf341cdb,3f31f210,be061ba6,3d8c1be3,bf341cdb,3f31f210,be061bb3,3d8c1bf0,1

9415,-335,-118,277,-1219,-16400,-659,-3971,4297,-1027,bf343194,3f31daf0,be05fcd2,3d8d3e71,bf343194,3f31daf0,be05fcdf,3d8d3e7e,1

9416,-348,-210,174,-1086,-16696,-1123,-3971,4297,-1027,bf3442b9,3f31c540,be060b05,3d8e6375,bf3442b8,3f31c53f,be060b11,3d8e6381,1

9417,-416,-384,142,-1448,-16298,-1,-3967,4345,-1035,bf3461a7,3f319e7c,be064d91,3d8fb3e6,bf3461a7,3f319e7c,be064d9d,3d8fb3f2,1

9418,-260,-457,170,-1279,-15748,353,-4005,4363,-1094,bf347e97,3f31796f,be068bbe,3d91255f,bf347e97,3f317970,be068bca,3d91256b,1

9419,-57,-294,-221,-1151,-15147,450,-4005,4363,-1094,bf349575,3f315b86,be06fca1,3d918a20,bf349574,3f315b86,be06fcad,3d918a2c,1

9420,199,-23,-878,-1178,-15560,206,-3999,4301,-1103,bf349fa5,3f314bbc,be07cf4a,3d901df7,bf349fa4,3f314bbc,be07cf56,3d901e03,1

9421,456,28,-1106,-1419,-16595,-432,-3955,4307,-945,bf348f46,3f3154e8,be08eeef,3d8e2883,bf348f45,3f3154e8,be08eefb,3d8e288f,1

9422,421,16,-1183,-1867,-17246,-585,-3955,4307,-945,bf34808a,3f315b3e,be0a305d,3d8bfbe9,bf348089,3f315b3d,be0a3068,3d8bfbf4,1

9423,210,20,-972,-1939,-16753,-303,-3981,4267,-1054,bf34828b,3f315233,be0b35ee,3d8a23b7,bf34828b,3f315233,be0b35fa,3d8a23c2,1

9424,136,43,-702,-2199,-17105,-385,-4007,4327,-1058,bf348717,3f31482c,be0bfd1d,3d88b880,bf348716,3f31482b,be0bfd28,3d88b88a,1

9425,79,83,-403,-1929,-16773,-317,-4007,4327,-1058,bf348e0e,3f313e59,be0c67cb,3d87e535,bf348e0d,3f313e58,be0c67d6,3d87e53f,1

9426,-24,128,-183,-1816,-16382,-147,-3987,4273,-1040,bf349b7f,3f313003,be0c8e34,3d877ad8,bf349b80,3f313003,be0c8e40,3d877ae3,1

9427,29,129,-102,-1631,-16139,-110,-4035,4289,-1089,bf34a78d,3f312443,be0c9453,3d8734e5,bf34a78c,3f312442,be0c945e,3d8734ef,1

9428,143,127,-86,-1764,-16443,-199,-3987,4263,-1011,bf34a8d8,3f3122b7,be0ca792,3d86f7a3,bf34a8d8,3f3122b7,be0ca79e,3d86f7ad,1

9429,249,137,-99,-1566,-16156,-173,-3987,4263,-1011,bf34a437,3f312786,be0cb548,3d86b6c4,bf34a437,3f312786,be0cb554,3d86b6ce,1

9430,324,148,-134,-1692,-16414,-353,-3993,4283,-1016,bf3499e1,3f3131f8,be0cd032,3d864e25,bf3499e0,3f3131f7,be0cd03d,3d864e2e,1

9431,284,158,-145,-1513,-16034,-171,-4001,4235,-1014,bf34940c,3f31383b,be0ce0c7,3d85ed8b,bf34940c,3f31383a,be0ce0d2,3d85ed94,1

9432,368,155,-251,-1633,-16387,-339,-4001,4235,-1014,bf34881f,3f3143d3,be0d126a,3d854b5d,bf34881e,3f3143d1,be0d1274,3d854b65,1

9433,378,143,-349,-1618,-16315,-305,-4011,4239,-967,bf347b45,3f314f4e,be0d5fed,3d848a26,bf347b46,3f314f4e,be0d5ff9,3d848a30,1

9434,367,120,-409,-1638,-16251,-220,-3993,4285,-936,bf346f3d,3f3158fa,be0dc2e9,3d83bf33,bf346f3e,3f3158f9,be0dc2f5,3d83bf3c,1

9435,405,110,-456,-1656,-16279,-352,-3993,4285,-936,bf345fe6,3f316579,be0e3507,3d82dded,bf345fe6,3f316577,be0e3512,3d82ddf5,1

9436,443,91,-534,-1531,-16261,-450,-4017,4277,-1026,bf344fe1,3f317280,be0eb221,3d81d712,bf344fe2,3f31727f,be0eb22d,3d81d71b,1

9437,436,73,-659,-2007,-16704,-502,-4055,4245,-1012,bf3440bf,3f317cf4,be0f630b,3d80780f,bf3440bf,3f317cf2,be0f6317,3d807818,1

9438,341,54,-600,-1969,-17002,-709,-4055,4245,-1012,bf3434ae,3f31844f,be100584,3d7ea0b2,bf3434af,3f31844f,be100591,3d7ea0c6,1

9439,41,67,-443,-2403,-18195,-1476,-4031,4265,-1008,bf34348e,3f318038,be108735,3d7cf6f8,bf34348e,3f318038,be108741,3d7cf70b,1

9440,-618,-9,89,-2347,-15580,893,-4067,4233,-1024,bf3476f1,3f313b66,be10906f,3d7d918d,bf3476ef,3f313b64,be10907a,3d7d919e,1

9441,-810,-6,495,-1821,-15680,123,-4067,4233,-1024,bf34b164,3f31018a,be101e6d,3d80323e,bf34b164,3f31018b,be101e7a,3d803248,1

9442,-252,131,171,-1965,-16764,-377,-4029,4231,-1028,bf34c71a,3f30ece7,be0fec5a,3d808c88,bf34c719,3f30ece6,be0fec66,3d808c91,1

9443,-310,145,236,-1743,-15811,93,-4039,4259,-1011,bf34e500,3f30d0c8,be0f9da0,3d811476,bf34e4ff,3f30d0c7,be0f9dac,3d81147f,1

9444,-125,127,223,-1758,-15786,195,-4073,4265,-1097,bf34fcf1,3f30bb17,be0f50df,3d81730a,bf34fcf0,3f30bb16,be0f50eb,3d817313,1

9445,240,90,251,-2050,-16667,-179,-4073,4265,-1097,bf34f91e,3f30c0b3,be0f1f17,3d81ba7f,bf34f91e,3f30c0b4,be0f1f23,3d81ba89,1

9446,330,84,411,-2060,-16679,-176,-4035,4297,-1026,bf34ecb3,3f30cf6b,be0ed2ea,3d825b8a,bf34ecb2,3f30cf6b,be0ed2f5,3d825b93,1

9447,305,119,589,-1799,-16321,-110,-4017,4277,-989,bf34e0a6,3f30df7e,be0e4d07,3d835f1c,bf34e0a5,3f30df7d,be0e4d11,3d835f24,1

9448,356,148,642,-1562,-15714,354,-4017,4277,-989,bf34d82e,3f30ed27,be0da6ab,3d847d4d,bf34d82e,3f30ed27,be0da6b6,3d847d55,1

9449,463,178,581,-1553,-16015,-58,-4053,4285,-1007,bf34c513,3f3105bd,be0d0ca5,3d855cf1,bf34c513,3f3105bd,be0d0caf,3d855cf9,1

9450,459,196,471,-1571,-16370,-512,-3979,4281,-1019,bf34ae0e,3f31219d,be0c8e5a,3d85fd9f,bf34ae0e,3f31219d,be0c8e64,3d85fda7,1

9451,343,221,336,-1500,-16338,-358,-3979,4281,-1019,bf34a078,3f31339a,be0c22cd,3d86624d,bf34a077,3f313399,be0c22d6,3d866254,1

9452,294,210,170,-1249,-16200,-481,-3993,4255,-1001,bf3494c4,3f31429c,be0bd7ad,3d869694,bf3494c4,3f31429d,be0bd7b7,3d86969c,1

9453,252,165,-9,-1186,-15915,-274,-4021,4307,-1010,bf348e86,3f314a79,be0bba24,3d86926f,bf348e86,3f314a7a,be0bba2e,3d869277,1

9454,290,99,-334,-1356,-16149,-368,-4021,4307,-1010,bf348658,3f31510c,be0c013f,3d85ff79,bf348656,3f31510c,be0c0148,3d85ff80,1

9455,270,82,-559,-1645,-16673,-533,-3969,4285,-1081,bf3480a7,3f31536d,be0c87fc,3d84eb1a,bf3480a5,3f31536d,be0c8805,3d84eb20,1

9456,121,86,-687,-1975,-16851,-354,-4047,4285,-1082,bf348757,3f31485f,be0d319b,3d8384b8,bf348755,3f31485f,be0d31a4,3d8384be,1

9457,-5,114,-573,-2025,-16480,-131,-3993,4265,-1085,bf349791,3f3134a3,be0db983,3d824ea4,bf349790,3f3134a3,be0db98d,3d824eaa,1

9458,41,131,-368,-1676,-14831,-28,-3993,4265,-1085,bf34a531,3f31255e,be0e03fe,3d818174,bf34a531,3f31255f,be0e0408,3d81817a,1

9459,144,189,-299,-1017,-15292,616,-4029,4233,-1043,bf34b673,3f311568,be0dfa34,3d811c88,bf34b671,3f311567,be0dfa3d,3d811c8d,1

9460,529,143,-520,-2616,-18402,-1304,-4043,4301,-1011,bf349bd6,3f312d0e,be0e8dcf,3d7f85e6,bf349bd5,3f312d0e,be0e8dd9,3d7f85f3,1

9461,48,177,-300,-1951,-16753,-491,-4043,4301,-1011,bf34a1bb,3f31262a,be0ec7c3,3d7e1ca5,bf34a1b9,3f31262a,be0ec7cc,3d7e1cb2,1

9462,-312,235,-110,-2123,-16623,-210,-4003,4231,-1033,bf34bfca,3f3108c9,be0ec525,3d7d4ce3,bf34bfc9,3f3108c9,be0ec52e,3d7d4cf1,1

9463,-290,222,62,-1939,-16474,-332,-4035,4247,-1127,bf34dc92,3f30ee62,be0e8ee9,3d7d1d4d,bf34dc92,3f30ee63,be0e8ef3,3d7d1d5c,1

9464,-315,204,249,-1899,-16821,-498,-4035,4247,-1127,bf34f73c,3f30d6f3,be0e2f97,3d7dc7c3,bf34f73b,3f30d6f3,be0e2fa0,3d7dc7d0,1

9465,-508,221,275,-1874,-16855,-468,-3983,4241,-1103,bf351c2f,3f30b523,be0dc4cd,3d7eb4f0,bf351c2e,3f30b523,be0dc4d6,3d7eb4fe,1

9466,-755,248,277,-1804,-17012,-524,-4037,4281,-1089,bf354e9b,3f3085e9,be0d4be1,3d7fc86a,bf354e9a,3f3085e9,be0d4bea,3d7fc878,1

9467,-1077,287,253,-1829,-16760,-237,-4037,4281,-1089,bf3596b9,3f3040c2,be0cc8f2,3d806923,bf3596b8,3f3040c2,be0cc8fb,3d80692a,1

9468,-1276,331,234,-1808,-16154,192,-4001,4287,-1113,bf35f033,3f2fea40,be0c394a,3d80db86,bf35f033,3f2fea41,be0c3954,3d80db8d,1

9469,-1162,331,295,-1867,-16259,254,-3989,4311,-1198,bf36456a,3f2f989b,be0b9a47,3d81497e,bf364568,3f2f989b,be0b9a4f,3d814984,1

9470,-969,319,425,-1963,-16188,236,-4033,4297,-1073,bf3688fd,3f2f587a,be0af635,3d81f9a8,bf3688fb,3f2f587a,be0af63d,3d81f9ae,1

9471,-847,332,572,-1910,-17114,-162,-4033,4297,-1073,bf36bf3c,3f2f2705,be0a2d12,3d82ef5f,bf36bf3a,3f2f2705,be0a2d1a,3d82ef65,1

9472,-1060,387,635,-1868,-17172,-120,-4003,4265,-1168,bf370421,3f2ee7e9,be093c13,3d83ed28,bf370420,3f2ee7e9,be093c1c,3d83ed2e,1

9473,-1464,520,525,-1588,-17087,-195,-3931,4285,-1111,bf375e91,3f2e9337,be083914,3d84c3fa,bf375e90,3f2e9338,be08391e,3d84c400,1

9474,-1868,568,322,-1162,-17408,-459,-3931,4285,-1111,bf37ce79,3f2e2766,be0743c3,3d8565b0,bf37ce76,3f2e2766,be0743cc,3d8565b5,1

9475,-2266,483,159,-1169,-16775,30,-3983,4329,-1166,bf385912,3f2d9cc8,be067784,3d85fa7c,bf385912,3f2d9ccb,be06778f,3d85fa83,1

9476,-2545,382,-36,-1225,-15815,672,-3957,4361,-1170,bf38f959,3f2cf772,be05e83b,3d867548,bf38f956,3f2cf773,be05e845,3d86754d,1

9477,-2445,290,-199,-1393,-15390,1025,-3957,4361,-1170,bf39971f,3f2c50f8,be059e76,3d86b06a,bf39971d,3f2c50f9,be059e80,3d86b070,1

9478,-2143,240,-299,-1723,-16684,692,-4029,4293,-1137,bf3a1b6a,3f2bc2dc,be0591a1,3d86a1c6,bf3a1b67,3f2bc2dc,be0591ab,3d86a1cb,1

9479,-2204,289,-353,-1797,-16778,869,-4049,4317,-1205,bf3aa643,3f2b2db4,be0580a8,3d86550a,bf3aa640,3f2b2db5,be0580b2,3d86550f,1

9480,-2396,350,-368,-1811,-17270,618,-4049,4317,-1205,bf3b3756,3f2a918c,be0561fe,3d85ff79,bf3b3753,3f2a918e,be056209,3d85ff7f,1

9481,-2609,417,-347,-2090,-17224,936,-4071,4281,-1223,bf3bd72e,3f29e52e,be05336b,3d858a8d,bf3bd72a,3f29e52f,be053375,3d858a92,1

9482,-2928,582,-372,-1951,-17046,1104,-4047,4299,-1189,bf3c88d6,3f292646,be04d776,3d84f703,bf3c88d4,3f292648,be04d781,3d84f709,1

9483,-3246,694,-358,-1885,-17200,1045,-4063,4319,-1308,bf3d4ce2,3f2853e1,be044a78,3d84462c,bf3d4ce0,3f2853e3,be044a82,3d844631,1

9484,-3531,772,-310,-1993,-17118,1290,-4063,4319,-1308,bf3e20c9,3f276eed,be039ec5,3d839d6c,bf3e20c6,3f276eee,be039ece,3d839d70,1

9485,-3792,869,-244,-1606,-17600,928,-4055,4309,-1308,bf3efc3e,3f268126,be02b88a,3d832d7c,bf3efc3d,3f268128,be02b894,3d832d82,1

9486,-4249,856,-211,-1917,-17705,1218,-4019,4319,-1305,bf3fef44,3f2574f5,be01d1db,3d82eafe,bf3fef41,3f2574f6,be01d1e4,3d82eb04,1

9487,-4833,913,-200,-1991,-17564,1543,-4019,4319,-1305,bf41014a,3f24421b,be00d0fd,3d82c4d9,bf410148,3f24421d,be00d106,3d82c4df,1

9488,-5401,1030,-172,-1829,-17739,1541,-4071,4335,-1412,bf423059,3f22eb69,bdff25d6,3d82a5e1,bf423058,3f22eb6c,bdff25e9,3d82a5e7,1

9489,-6002,1105,-145,-1825,-17922,1610,-4029,4303,-1458,bf437c0f,3f216e60,bdfc5b2f,3d82a566,bf437c0d,3f216e62,bdfc5b40,3d82a56c,1

9490,-6756,1189,-178,-2175,-17361,2212,-4029,4303,-1458,bf44ef9e,3f1fbac8,bdf97350,3d829232,bf44ef9c,3f1fbaca,bdf97362,3d829239,1

9491,-7397,1307,-80,-1747,-17590,2059,-4019,4327,-1499,bf467d1d,3f1de132,bdf5e3ff,3d82d890,bf467d1d,3f1de134,bdf5e412,3d82d897,1

9492,-8038,1356,5,-1462,-18239,1945,-4031,4343,-1652,bf482528,3f1bdda9,bdf1d86e,3d836b1f,bf482527,3f1bddaa,bdf1d880,3d836b26,1

9493,-9034,1383,-104,-2433,-16504,3431,-4031,4343,-1652,bf4a04f9,3f19845c,bdee1be2,3d83a587,bf4a04f9,3f19845d,bdee1bf5,3d83a58f,1

9494,-9535,1525,94,-1618,-16369,3087,-4077,4323,-1605,bf4beda7,3f17131e,bde96225,3d84926c,bf4beda7,3f17131f,bde96238,3d849274,1

9495,-9993,1549,161,-1731,-16284,3734,-3997,4307,-1745,bf4de774,3f147a29,bde46475,3d859eac,bf4de772,3f147a29,bde46485,3d859eb3,1

9496,-10481,1547,155,-2067,-16038,4368,-4039,4321,-1827,bf4ff28a,3f11b517,bddf7220,3d869aba,bf4ff289,3f11b518,bddf7231,3d869ac2,1

9497,-10918,1676,179,-1524,-15689,4461,-4039,4321,-1827,bf5204da,3f0ed26d,bdd9e2f3,3d87cb9a,bf5204da,3f0ed26f,bdd9e304,3d87cba3,1

9498,-11397,1728,145,-1039,-15792,4470,-4053,4245,-2001,bf542177,3f0bcacd,bdd3e4e0,3d88f973,bf542175,3f0bcace,bdd3e4ef,3d88f97b,1

9499,-11976,1610,59,-1037,-15127,5151,-4075,4217,-2030,bf564db5,3f088e72,bdce1849,3d8a4124,bf564db3,3f088e73,bdce1858,3d8a412c,1

9500,-12425,1443,-24,-826,-15011,5367,-4075,4217,-2030,bf587c46,3f052ce2,bdc8a8de,3d8bc601,bf587c44,3f052ce3,bdc8a8ed,3d8bc60a,1

9501,-12856,1240,-82,-771,-14773,5683,-4079,4177,-2171,bf5aadcf,3f01a2a7,bdc3909d,3d8d728d,bf5aadcc,3f01a2a8,bdc390ab,3d8d7297,1

9502,-13411,1014,-178,-923,-14913,5998,-4077,4157,-2257,bf5ce436,3efbcf49,bdbf0fe0,3d8f3b1e,bf5ce435,3efbcf4d,bdbf0ff0,3d8f3b29,1

9503,-14123,850,-308,-568,-14778,6048,-4077,4157,-2257,bf5f238c,3ef3e2b2,bdbae05f,3d912ed0,bf5f238b,3ef3e2b6,bdbae06e,3d912edb,1

9504,-15007,614,-439,15,-14275,6028,-4047,4095,-2384,bf61711c,3eeb5e5c,bdb6f9ac,3d935a14,bf61711b,3eeb5e60,bdb6f9bb,3d935a1f,1

9505,-15915,199,-620,355,-12984,6604,-4063,4001,-2484,bf63cbc2,3ee22f2f,bdb3aee1,3d95d120,bf63cbc2,3ee22f34,bdb3aef0,3d95d12b,1

9506,-16682,-355,-903,50,-11648,7207,-4063,4001,-2484,bf6628f4,3ed86320,bdb1bef7,3d98655c,bf6628f3,3ed86324,bdb1bf05,3d986567,1

9507,-17304,-845,-1336,-595,-9089,9364,-4073,3897,-2642,bf689db9,3ecd8c50,bdb1602e,3d9a395c,bf689dba,3ecd8c55,bdb1603e,3d9a3969,1

9508,-17325,-988,-1852,-2240,-5823,12177,-4089,3805,-2710,bf6af327,3ec28d37,bdb284b9,3d9ab904,bf6af326,3ec28d3a,bdb284c7,3d9ab911,1

9509,-16360,-699,-2273,-3241,-8151,12196,-4095,3729,-2724,bf6d0f0a,3eb80520,bdb3e682,3d9962c3,bf6d0f09,3eb80523,bdb3e690,3d9962d1,1

9510,-15823,18,-2604,-2624,-8000,12159,-4095,3729,-2724,bf6f060a,3eadb960,bdb3c534,3d9676ca,bf6f0609,3eadb963,bdb3c542,3d9676d9,1

9511,-15572,559,-2736,-1665,-6882,12256,-4101,3585,-2802,bf70df92,3ea385e0,bdb1e5cf,3d92c600,bf70df93,3ea385e4,bdb1e5de,3d92c611,1

9512,-15053,678,-2759,-1040,-4443,13123,-4091,3491,-2870,bf72908f,3e999792,bdaf9d54,3d8eda9b,bf72908e,3e999794,bdaf9d62,3d8edaac,1

9513,-13887,371,-2622,-734,-3527,13805,-4091,3491,-2870,bf74089c,3e905253,bdae101c,3d8b4211,bf74089b,3e905255,bdae1029,3d8b4223,1

9514,-12292,-170,-2346,-1309,-3775,14496,-4081,3361,-2973,bf754144,3e87fbd8,bdadfce5,3d88434f,bf754143,3e87fbda,bdadfcf2,3d884361,1

9515,-10804,-648,-2013,-2082,-5403,13866,-4095,3249,-3063,bf76437c,3e8087b8,bdaf4cfb,3d85e17b,bf76437b,3e8087ba,bdaf4d07,3d85e18d,1

9516,-10183,-775,-1799,-3128,-8712,12967,-4095,3249,-3063,bf771549,3e73f530,bdb214b8,3d839f11,bf771548,3e73f534,bdb214c3,3d839f23,1

9517,-10840,-490,-1646,-3435,-7806,13679,-4123,3201,-3066,bf77eede,3e65a10e,bdb42ca0,3d819458,bf77eedf,3e65a113,bdb42cab,3d81946b,1

9518,-11648,-45,-1527,-3489,-6146,14427,-4105,3103,-3152,bf78d573,3e55b20e,bdb456e8,3d7fbc83,bf78d573,3e55b212,bdb456f2,3d7fbca8,1

9519,-12050,376,-1384,-3514,-6556,14133,-4105,3103,-3152,bf79ae75,3e459dc8,bdb3ced7,3d7c97cc,bf79ae74,3e459dcb,bdb3cee0,3d7c97f0,1

9520,-12622,816,-1244,-3362,-6623,13949,-4117,2989,-3126,bf7a7dbf,3e352c2b,bdb1f1f3,3d79e550,bf7a7dbf,3e352c2f,bdb1f1fc,3d79e574,1

9521,-13502,1178,-1087,-2898,-6584,13530,-4089,2835,-3247,bf7b4774,3e23ec53,bdae778f,3d77c1a9,bf7b4772,3e23ec56,bdae7797,3d77c1cc,1

9522,-14606,1363,-896,-2368,-8394,12505,-4069,2739,-3227,bf7c08b6,3e119d89,bda97991,3d784cd3,bf7c08b5,3e119d8e,bda9799a,3d784cf8,1

9523,-16121,1233,-344,-1846,-5257,13280,-4069,2739,-3227,bf7cc3d8,3dfa7f5f,bda3a71d,3d7b6b6c,bf7cc3d7,3dfa7f68,bda3a725,3d7b6b91,1

9524,-17331,906,236,-1729,1777,16413,-4067,2597,-3244,bf7d71f2,3dcb8efa,bd9e6b61,3d817e0b,bf7d71f1,3dcb8f03,bd9e6b69,3d817e1d,1

9525,-16558,796,-65,-374,17482,21079,-4085,2411,-3259,bf7df8b7,3d9e6eab,bd9996cb,3d84582a,bf7df8b8,3d9e6eb4,bd9996d2,3d84583c,1

9526,-11497,314,-754,146,13548,17043,-4085,2411,-3259,bf7e4711,3d7c6e1f,bd96e885,3d8476f3,bf7e4710,3d7c6e2f,bd96e88b,3d847704,1

9527,-5567,-463,-898,-209,5914,15624,-4037,2421,-3273,bf7e6885,3d5aa565,bd972239,3d832896,bf7e6884,3d5aa576,bd97223f,3d8328a7,1

9528,-2712,-1290,-578,-1346,2486,15581,-4071,2367,-3210,bf7e734b,3d4793df,bd9a091e,3d82274c,bf7e734a,3d4793f0,bd9a0924,3d82275d,1

9529,-1475,-1806,-496,-2203,975,15896,-4071,2367,-3210,bf7e73ae,3d3ac53f,bd9eb76a,3d8116e5,bf7e73ad,3d3ac550,bd9eb770,3d8116f6,1

9530,-950,-1925,-462,-2491,1648,15849,-4045,2397,-3239,bf7e6fd5,3d30a384,bda3e549,3d801353,bf7e6fd4,3d30a395,bda3e54f,3d801364,1

9531,-360,-1898,-373,-5220,1156,17115,-4109,2327,-3244,bf7e6618,3d2a2caa,bdaa0997,3d7e2c5b,bf7e6618,3d2a2cbc,bdaa099d,3d7e2c7e,1

9532,181,-1041,-211,-7830,308,18664,-4109,2327,-3244,bf7e5d0b,3d27d4f5,bdae7f4e,3d7cb31d,bf7e5d0b,3d27d506,bdae7f54,3d7cb340,1

9533,445,814,-51,-5967,483,17761,-4103,2345,-3246,bf7e606e,3d26fff2,bdade7bd,3d7b77ab,bf7e606f,3d270004,bdade7c3,3d7b77ce,1

9534,582,2219,-35,-3453,1055,16105,-4063,2369,-3300,bf7e6fef,3d267874,bda8d40e,3d79f937,bf7e6fee,3d267884,bda8d413,3d79f958,1

9535,637,2297,-38,-1380,-185,15290,-4093,2335,-3230,bf7e8254,3d26dafc,bda2480f,3d7852e3,bf7e8253,3d26db0c,bda24814,3d785304,1

9536,771,2318,-5,-2460,283,15875,-4093,2335,-3230,bf7e91ea,3d27591a,bd9c8ed2,3d76b6d4,bf7e91e9,3d27592a,bd9c8ed7,3d76b6f5,1

9537,873,2351,58,-812,-238,14932,-4087,2397,-3290,bf7ea22a,3d296780,bd95a12f,3d75bab4,bf7ea22b,3d296792,bd95a135,3d75bad7,1

9538,913,1966,111,-267,-213,14658,-4097,2367,-3277,bf7eaf07,3d2bd693,bd8f96db,3d7520df,bf7eaf06,3d2bd6a3,bd8f96e0,3d752100,1

9539,968,1297,197,-1077,64,15188,-4097,2367,-3277,bf7eb685,3d2d898c,bd8bc93e,3d74eff2,bf7eb684,3d2d899c,bd8bc943,3d74f013,1

9540,1036,856,223,-883,-1215,14976,-4041,2377,-3212,bf7ebb76,3d30f28d,bd887e67,3d74ca36,bf7ebb75,3d30f29d,bd887e6c,3d74ca57,1

9541,782,453,188,-1292,-1231,15271,-4101,2335,-3315,bf7ebf52,3d32178c,bd869acf,3d741fa1,bf7ebf51,3d32179c,bd869ad4,3d741fc2,1

9542,391,136,104,-1811,-722,15637,-4101,2335,-3315,bf7ec20f,3d301eb8,bd864d20,3d735cc6,bf7ec20e,3d301ec8,bd864d25,3d735ce7,1

9543,154,15,41,-1668,-643,15525,-4087,2387,-3234,bf7ec56d,3d2cdc10,bd861e47,3d72931d,bf7ec56e,3d2cdc21,bd861e4d,3d729340,1

9544,2,-79,11,-1534,-697,15401,-4073,2387,-3266,bf7ec92e,3d28e323,bd85fcaa,3d71b874,bf7ec92f,3d28e334,bd85fcb0,3d71b897,1

9545,-137,-239,9,-1867,-511,15627,-4073,2387,-3266,bf7ecbb9,3d23e3b1,bd86ab87,3d70f5a2,bf7ecbb8,3d23e3c0,bd86ab8c,3d70f5c3,1

9546,-225,-319,23,-2442,-113,16020,-4059,2367,-3307,bf7eccc4,3d1e6346,bd880d2d,3d706e70,bf7eccc3,3d1e6355,bd880d32,3d706e91,1

9547,-208,-182,33,-2658,287,16126,-4051,2339,-3298,bf7ece27,3d1906a7,bd89220b,3d6ffb20,bf7ece26,3d1906b6,bd892210,3d6ffb40,1

9548,-53,30,47,-2521,247,16064,-4091,2301,-3226,bf7ed069,3d148b03,bd89932d,3d6f629e,bf7ed06a,3d148b13,bd899332,3d6f62c0,1

9549,119,208,47,-2178,67,15845,-4091,2301,-3226,bf7ed3a4,3d1100eb,bd895901,3d6ea2b9,bf7ed3a5,3d1100fb,bd895906,3d6ea2db,1

9550,232,279,29,-2112,11,15798,-4087,2389,-3349,bf7ed6e1,3d0e0216,bd88eb70,3d6df61b,bf7ed6e2,3d0e0226,bd88eb75,3d6df63d,1

9551,298,305,10,-1905,-183,15700,-4089,2387,-3283,bf7edaa1,3d0b6ab5,bd88385a,3d6d16b5,bf7edaa0,3d0b6ac4,bd88385e,3d6d16d5,1

9552,313,268,2,-1818,-386,15621,-4089,2387,-3283,bf7ede6d,3d08f6ae,bd877f28,3d6c15dc,bf7ede6c,3d08f6bd,bd877f2c,3d6c15fc,1

9553,282,198,-9,-1931,-177,15715,-4131,2385,-3325,bf7ee191,3d063d4d,bd87204a,3d6b1e49,bf7ee190,3d063d5c,bd87204e,3d6b1e69,1

9554,289,159,-12,-1830,-119,15649,-4081,2383,-3335,bf7ee497,3d038e76,bd86c152,3d6a3352,bf7ee498,3d038e86,bd86c157,3d6a3374,1

9555,334,107,-8,-1861,-216,15659,-4081,2383,-3335,bf7ee728,3d0118f0,bd868d27,3d693f80,bf7ee727,3d0118ff,bd868d2a,3d693fa0,1

9556,340,52,0,-2117,-389,15783,-4059,2381,-3305,bf7ee8b9,3cfd4980,bd86d627,3d6836a7,bf7ee8ba,3cfd49a0,bd86d62b,3d6836c9,1

9557,284,67,-3,-2122,-514,15767,-4035,2397,-3290,bf7eea72,3cf7d21f,bd871ca0,3d6727eb,bf7eea71,3cf7d23d,bd871ca3,3d67280b,1

9558,203,99,-15,-2037,-571,15712,-4035,2397,-3290,bf7eecf1,3cf18b52,bd872344,3d66009f,bf7eecf0,3cf18b70,bd872347,3d6600c0,1

9559,98,114,-19,-2110,-352,15795,-4095,2361,-3282,bf7eef91,3cea2c65,bd873175,3d64dcd9,bf7eef90,3cea2c83,bd873178,3d64dcfa,1

9560,53,132,-20,-2163,-346,15816,-4015,2349,-3295,bf7ef22c,3ce25903,bd87456e,3d63bd11,bf7ef22d,3ce25923,bd874572,3d63bd34,1

9561,14,170,-19,-2053,-376,15733,-4039,2333,-3260,bf7ef56e,3cda348a,bd8715eb,3d628415,bf7ef56d,3cda34a8,bd8715ee,3d628436,1

9562,-36,188,0,-1993,262,15813,-4039,2333,-3260,bf7ef8a5,3cd15ca1,bd86c192,3d61c5e6,bf7ef8a4,3cd15cc0,bd86c195,3d61c607,1

9563,62,192,-7,-1993,-17,15653,-4061,2345,-3247,bf7efbaa,3cc99609,bd867362,3d60db9f,bf7efba9,3cc99628,bd867365,3d60dbc0,1

9564,183,186,-14,-2204,14,15889,-4053,2379,-3322,bf7efdb7,3cc2fe8d,bd86701a,3d60042a,bf7efdb6,3cc2feac,bd86701d,3d60044b,1

9565,260,238,-4,-1846,-270,15671,-4053,2379,-3322,bf7f010d,3cbd819f,bd85bd20,3d5f10f7,bf7f010c,3cbd81be,bd85bd23,3d5f1118,1

9566,291,227,31,-1888,-47,15686,-4063,2371,-3253,bf7f03bd,3cb832d6,bd8535dc,3d5e5df6,bf7f03bc,3cb832f5,bd8535df,3d5e5e17,1

9567,292,170,19,-1969,-259,15710,-4095,2385,-3239,bf7f0600,3cb2db8a,bd84f289,3d5d7e77,bf7f05ff,3cb2dba9,bd84f28c,3d5d7e98,1

9568,296,149,8,-2009,-388,15708,-4095,2385,-3239,bf7f0812,3cad9aa7,bd84d68c,3d5c6a50,bf7f0812,3cad9ac6,bd84d68f,3d5c6a72,1

9569,273,153,6,-2010,-371,15722,-4073,2391,-3212,bf7f0a21,3ca810d9,bd84b659,3d5b6787,bf7f0a21,3ca810f9,bd84b65c,3d5b67a9,1

9570,217,149,7,-1985,-508,15705,-4117,2363,-3334,bf7f0ca4,3ca244b3,bd84884d,3d5a01da,bf7f0ca4,3ca244d3,bd84884f,3d5a01fc,1

9571,111,155,10,-1939,-365,15706,-4117,2363,-3334,bf7f0f5b,3c9b37a4,bd8434f6,3d58e739,bf7f0f59,3c9b37c3,bd8434f7,3d58e75a,1

9572,42,141,0,-1881,-762,15677,-4053,2363,-3317,bf7f13d5,3c95e698,bd835a48,3d56a222,bf7f13d6,3c95e6b5,bd835a4c,3d56a246,1

9573,-42,120,6,-2124,-218,15786,-4047,2351,-3244,bf7f1573,3c8d2033,bd838f41,3d55b0a9,bf7f1573,3c8d2050,bd838f45,3d55b0cc,1

9574,-97,146,-1,-2051,-62,15779,-4053,2365,-3282,bf7f177a,3c8398b0,bd837f9c,3d54f215,bf7f1778,3c8398cc,bd837f9f,3d54f236,1

9575,-64,171,-10,-1907,-156,15716,-4053,2365,-3282,bf7f1a42,3c752245,bd830b3d,3d5412f7,bf7f1a41,3c75227e,bd830b41,3d541319,1

9576,-55,167,-10,-1980,-198,15774,-4043,2369,-3224,bf7f1c9d,3c6320f9,bd82c6b7,3d5327b0,bf7f1c9e,3c632134,bd82c6bc,3d5327d4,1

9577,-59,154,-6,-1956,-32,15726,-4029,2385,-3318,bf7f1ea3,3c50c062,bd827ece,3d529604,bf7f1ea2,3c50c09c,bd827ed2,3d529625,1

9578,-28,152,-8,-2016,12,15803,-4029,2385,-3318,bf7f203a,3c3eec93,bd825e36,3d52095a,bf7f203a,3c3eeccd,bd825e3b,3d52097b,1

9579,32,155,-8,-2041,-67,15727,-4021,2363,-3303,bf7f219e,3c2e938c,bd825dc9,3d513c7f,bf7f219f,3c2e93c7,bd825dcd,3d513ca1,1

9580,69,172,-14,-2024,51,15796,-4035,2395,-3220,bf7f22ef,3c1eb50c,bd823867,3d50c972,bf7f22f0,3c1eb547,bd82386b,3d50c993,1

9581,127,173,-25,-1914,-38,15725,-4035,2395,-3220,bf7f24f9,3c106bc8,bd81af1f,3d5047d2,bf7f24f8,3c106c02,bd81af22,3d5047f2,1

9582,174,168,-20,-2030,-121,15747,-4067,2387,-3301,bf7f25eb,3c03006e,bd81ba4d,3d4f8ef3,bf7f25eb,3c0300a9,bd81ba50,3d4f8f13,1

9583,196,165,-20,-2029,-67,15791,-4053,2325,-3289,bf7f2768,3bed0c1b,bd81b2c8,3d4e45d4,bf7f2767,3bed0c90,bd81b2c9,3d4e45f3,1

9584,230,183,-24,-1851,-472,15633,-4053,2325,-3289,bf7f2c23,3bed5377,bd806e71,3d4b91ca,bf7f2c23,3bed53cb,bd806e72,3d4b91ea,1

9585,156,159,-15,-1954,-118,15757,-4079,2407,-3234,bf7f2d3c,3bd1cfcb,bd8010f9,3d4b9604,bf7f2d3c,3bd1d01d,bd8010fa,3d4b9622,1

9586,122,137,-21,-2024,-218,15757,-4039,2431,-3313,bf7f29e3,3bd002da,bd80ccb7,3d4df096,bf7f29e3,3bd002fc,bd80ccb8,3d4df0b3,1

9587,105,150,-35,-1923,-141,15710,-4083,2381,-3263,bf7f2c07,3bb36aa5,bd803e96,3d4d180e,bf7f2c07,3bb36ac7,bd803e97,3d4d182b,1

9588,102,145,-33,-1890,-147,15710,-4083,2381,-3263,bf7f2ea8,3b98dde9,bd7ebe71,3d4c561f,bf7f2ea8,3b98de0a,bd7ebe73,3d4c563b,1

9589,108,117,-15,-1994,-120,15702,-4027,2403,-3235,bf7f2d19,3b7fe2ce,bd7fc25e,3d4d4758,bf7f2d19,3b7fe2e9,bd7fc25d,3d4d4772,1

9590,102,115,-13,-2046,-196,15812,-4081,2389,-3369,bf7f2a82,3b67f9ad,bd813644,3d4d461c,bf7f2a81,3b67f99c,bd813643,3d4d4634,1

9591,88,135,-11,-2011,-82,15746,-4081,2389,-3369,bf7f2a7a,3b2c974f,bd815912,3d4d3326,bf7f2a7b,3b2c973d,bd815911,3d4d333e,1

9592,88,149,-15,-1953,-75,15734,-4091,2387,-3290,bf7f2c22,3aeb5909,bd8095c5,3d4d3540,bf7f2c22,3aeb58f0,bd8095c3,3d4d3556,1

9593,86,137,-19,-1835,-153,15618,-4045,2365,-3302,bf7f3000,3acd7bef,bd7dc0f8,3d4caf27,bf7f3000,3acd7bac,bd7dc0f5,3d4caf3c,1

9594,67,106,-25,-1921,-211,15737,-4045,2365,-3302,bf7f3217,3b03833f,bd7c33d4,3d4bed6d,bf7f3216,3b038315,bd7c33d1,3d4bed7f,1

9595,45,80,-19,-1912,-102,15722,-4053,2371,-3270,bf7f33be,3a966b50,bd7b1639,3d4b593b,bf7f33bf,3a966ae9,bd7b163a,3d4b594e,1

9596,57,75,-22,-2025,-72,15762,-4089,2407,-3230,bf7f2fc1,3a85007d,bd7db624,3d4d1a95,bf7f2fc1,3a850005,bd7db624,3d4d1aa8,1

9597,64,76,-19,-2071,-36,15818,-4089,2407,-3230,bf7f2bd8,3a29781f,bd803d4d,3d4e8a3f,bf7f2bd8,3a29770e,bd803d4d,3d4e8a51,1

9598,83,101,-4,-2021,15,15757,-4105,2355,-3203,bf7f2beb,b984b505,bd809586,3d4d9bea,bf7f2bea,b984b720,bd809586,3d4d9bfb,1

9599,132,121,7,-1970,-11,15734,-4073,2395,-3258,bf7f2b30,ba217651,bd80069e,3d4fe28e,bf7f2b2f,ba21777a,bd80069f,3d4fe29f,1

9600,178,116,18,-1986,-94,15762,-4073,2395,-3258,bf7f297c,b79bce52,bd8018c7,3d51cdce,bf7f297c,b79bf0cf,bd8018c8,3d51cdde,1

9601,179,112,28,-1951,-121,15736,-4085,2329,-3244,bf7f2bdf,ba103b4d,bd7fb259,3d4f7b7a,bf7f2bde,ba103c4e,bd7fb25a,3d4f7b88,1

9602,175,110,33,-1950,-122,15738,-4035,2377,-3276,bf7f2be1,38e6fb5b,bd7ec0f5,3d50a4a4,bf7f2be1,38e6f2e5,bd7ec0f5,3d50a4b3,1

9603,157,103,29,-1971,-261,15719,-4023,2345,-3328,bf7f2bf4,3a59c6a3,bd7f60df,3d4fc0ef,bf7f2bf5,3a59c58d,bd7f60e0,3d4fc0fe,1

9604,113,88,42,-1925,-141,15700,-4023,2345,-3328,bf7f2ee1,39a0f4df,bd7df698,3d4de9d0,bf7f2ee2,39a0f2e6,bd7df699,3d4de9df,1

9605,63,77,43,-1929,-232,15683,-4019,2415,-3284,bf7f2da7,3a70787c,bd7dd9cf,3d4f8871,bf7f2da7,3a707784,bd7dd9cf,3d4f887e,1

9606,35,57,37,-1991,-63,15747,-4095,2375,-3285,bf7f2c70,3830c2e6,bd7f3f70,3d4f5933,bf7f2c70,3830b317,bd7f3f70,3d4f593f,1

9607,20,50,27,-1948,-36,15710,-4095,2375,-3285,bf7f2d07,ba62071d,bd7e9d24,3d4f6105,bf7f2d07,ba620803,bd7e9d23,3d4f6110,1

9608,41,27,12,-1943,-35,15690,-4053,2329,-3273,bf7f2e34,bae2faf9,bd7eb7c8,3d4db244,bf7f2e35,bae2fb65,bd7eb7c7,3d4db250,1

9609,63,7,11,-1997,27,15757,-4051,2339,-3293,bf7f2dc9,bb2c0beb,bd7fe5a5,3d4c9780,bf7f2dc9,bb2c0c1d,bd7fe5a3,3d4c978a,1

9610,83,7,7,-2137,75,15813,-4051,2339,-3293,bf7f2b2f,bb58a64a,bd816a4e,3d4bfba3,bf7f2b2f,bb58a674,bd816a4e,3d4bfbac,1

9611,126,40,3,-2234,44,15868,-4067,2317,-3260,bf7f28aa,bb78ea02,bd82f9eb,3d4b0051,bf7f28aa,bb78ea2b,bd82f9eb,3d4b005a,1

9612,163,118,-2,-2031,79,15771,-4023,2311,-3277,bf7f29b8,bb94dbf1,bd82fa36,3d4969c0,bf7f29b9,bb94dc04,bd82fa37,3d4969c9,1

9613,188,152,-9,-1997,-28,15735,-4023,2311,-3277,bf7f2d69,bb950852,bd824b49,3d467b51,bf7f2d69,bb950863,bd824b4a,3d467b5b,1

9614,220,149,2,-1990,-102,15730,-4033,2337,-3238,bf7f2e51,bb716510,bd81fd56,3d466b06,bf7f2e52,bb716535,bd81fd57,3d466b11,1

9615,242,144,6,-1900,-161,15654,-4103,2383,-3261,bf7f2f19,bb3a7dff,bd81593d,3d47510d,bf7f2f1a,bb3a7e26,bd81593e,3d475117,1

9616,236,121,10,-1924,-43,15710,-4073,2349,-3298,bf7f3256,bb2270bd,bd7fbd71,3d4712a8,bf7f3257,bb2270d9,bd7fbd74,3d4712b2,1

9617,224,83,16,-1940,-33,15721,-4073,2349,-3298,bf7f3520,bb1b0516,bd7d8486,3d465d28,bf7f3520,bb1b0535,bd7d8489,3d465d30,1

9618,197,56,14,-1951,-188,15683,-4063,2375,-3303,bf7f3428,bac99e7a,bd7dec25,3d47390b,bf7f3429,bac99eb8,bd7dec29,3d473914,1

9619,161,28,11,-1998,-172,15774,-4093,2373,-3256,bf7f3265,ba4f9738,bd7f2d73,3d47f1d3,bf7f3265,ba4f97aa,bd7f2d76,3d47f1db,1

9620,126,26,9,-2049,-160,15760,-4093,2373,-3256,bf7f2f82,b980c53f,bd80cd88,3d48892c,bf7f2f83,b980c5cd,bd80cd8a,3d488934,1

9621,105,30,21,-2080,-79,15769,-4061,2369,-3272,bf7f2bb4,b9ca09cd,bd828392,3d48f3bc,bf7f2bb3,b9ca0a9f,bd828393,3d48f3c2,1

9622,98,58,29,-2135,-31,15807,-4057,2357,-3313,bf7f28d8,ba75d48e,bd83f8d3,3d48bd14,bf7f28d8,ba75d4ed,bd83f8d4,3d48bd1a,1

9623,104,89,22,-2082,-37,15783,-4057,2357,-3313,bf7f2726,bacad0a1,bd84e315,3d486c05,bf7f2727,bacad0d0,bd84e316,3d486c0c,1

9624,100,106,11,-1988,-23,15720,-4041,2359,-3289,bf7f29ef,baf4f6ec,bd836f7b,3d48a7b9,bf7f29f0,baf4f70c,bd836f7c,3d48a7c0,1

9625,82,101,-8,-2064,-30,15793,-4099,2345,-3280,bf7f29c1,bb25d985,bd840df7,3d472181,bf7f29c1,bb25d999,bd840df8,3d472186,1

9626,83,113,-23,-1969,152,15756,-4099,2345,-3280,bf7f2b69,bb5f65d5,bd836922,3d467e7f,bf7f2b6a,bb5f65e8,bd836923,3d467e85,1

9627,135,113,-17,-2018,-24,15715,-4075,2345,-3276,bf7f2d04,bb499a96,bd82fa7d,3d45a96f,bf7f2d04,bb499ab8,bd82fa7b,3d45a973,1

9628,149,91,3,-1903,-37,15706,-4043,2365,-3287,bf7f2f15,bb2f135a,bd81b02d,3d467edb,bf7f2f15,bb2f1378,bd81b02b,3d467edf,1

9629,157,72,27,-2046,-156,15750,-4097,2369,-3185,bf7f2d7a,bafc3690,bd823ac7,3d474842,bf7f2d7a,bafc36cb,bd823ac5,3d474846,1

9630,133,63,16,-2155,11,15856,-4097,2369,-3185,bf7f29b5,bb107358,bd83e135,3d47b841,bf7f29b6,bb107372,bd83e133,3d47b845,1

9631,136,103,7,-2042,-34,15733,-4067,2335,-3267,bf7f2ad2,bb35c7e8,bd840a71,3d45bd73,bf7f2ad3,bb35c7fb,bd840a6f,3d45bd77,1

9632,146,114,9,-1905,33,15682,-4045,2381,-3250,bf7f2cdd,bb2d582d,bd828a72,3d471cde,bf7f2cde,bb2d583d,bd828a70,3d471ce2,1

9633,135,115,5,-2238,102,15881,-4045,2381,-3250,bf7f2905,bb407339,bd840fdb,3d47f6cd,bf7f2904,bb407348,bd840fd8,3d47f6d0,1

9634,114,149,-17,-1939,62,15714,-4071,2381,-3238,bf7f2b37,bb47e0b8,bd8279a8,3d494a56,bf7f2b38,bb47e0c9,bd8279a7,3d494a5a,1

9635,141,149,-9,-1758,21,15631,-4085,2337,-3309,bf7f2f18,bb5630d8,bd80bf04,3d48c5a3,bf7f2f18,bb5630ea,bd80bf02,3d48c5a6,1

9636,172,88,22,-2245,86,15885,-4085,2337,-3309,bf7f2c2e,bb70cd8c,bd824723,3d4865ec,bf7f2c2f,bb70cd9d,bd824722,3d4865f0,1

9637,178,99,3,-1894,38,15658,-4105,2361,-3277,bf7f2f28,bb717e41,bd80acaa,3d48c0ea,bf7f2f28,bb717e4f,bd80aca9,3d48c0ed,1

9638,228,90,7,-1708,25,15579,-4023,2393,-3210,bf7f3143,bb59efe1,bd7e7f9b,3d49d00c,bf7f3142,bb59efec,bd7e7f98,3d49d00e,1

9639,248,34,34,-2206,-12,15868,-4023,2393,-3210,bf7f2d06,bb3dec35,bd80e1a0,3d4b21b9,bf7f2d06,bb3dec44,bd80e19e,3d4b21bc,1

9640,216,48,-1,-1956,-35,15666,-4085,2413,-3184,bf7f2bc9,bb11463d,bd80c33d,3d4d21c3,bf7f2bc8,bb11464a,bd80c33b,3d4d21c5,1

9641,187,56,-19,-1844,-68,15637,-4045,2343,-3289,bf7f2f64,bb0cbfc6,bd7e926b,3d4c55b3,bf7f2f65,bb0cbfd1,bd7e9269,3d4c55b6,1

9642,187,-40,21,-2086,-185,15738,-4091,2385,-3291,bf7f2c34,bac0034f,bd809374,3d4d2fcf,bf7f2c34,bac0036b,bd809372,3d4d2fd1,1

9643,143,-92,13,-2184,-67,15810,-4091,2385,-3291,bf7f275a,baaf303d,bd82b123,3d4de3f0,bf7f275b,baaf3056,bd82b121,3d4de3f3,1

9644,132,-51,12,-2014,-75,15700,-4111,2317,-3209,bf7f282c,bb00b461,bd832fdb,3d4b8300,bf7f282c,bb00b46d,bd832fda,3d4b8303,1

9645,153,-99,62,-2220,-209,15784,-4109,2385,-3179,bf7f23f4,bab994de,bd84e42c,3d4c73b5,bf7f23f4,bab994fb,bd84e42b,3d4c73b7,1

9646,135,-114,86,-2338,33,15911,-4109,2385,-3179,bf7f1ea4,badd08d5,bd87177e,3d4d460d,bf7f1ea4,badd08ef,bd87177d,3d4d460f,1

9647,146,-4,93,-2288,-100,15879,-4101,2371,-3319,bf7f1a0d,bac62c76,bd88facb,3d4dffb9,bf7f1a0d,bac62c94,bd88faca,3d4dffbb,1

9648,142,36,148,-2324,-47,15846,-4085,2377,-3239,bf7f152b,bac9b7d7,bd8ace7e,3d4f255b,bf7f152c,bac9b7f4,bd8ace7d,3d4f255e,1

9649,113,77,159,-2153,152,15779,-4085,2377,-3239,bf7f143e,bb1ef503,bd8ad061,3d501f27,bf7f143f,bb1ef512,bd8ad060,3d501f2a,1

9650,142,114,112,-1766,147,15649,-4127,2361,-3315,bf7f1726,bb385fb7,bd894888,3d508ac2,bf7f1725,bb385fc7,bd894886,3d508ac3,1

9651,193,75,132,-2298,144,15889,-4139,2339,-3264,bf7f14fc,bb62faac,bd8a462c,3d50680c,bf7f14fb,bb62fab8,bd8a462a,3d50680d,1

9652,197,105,103,-2024,-88,15682,-4139,2339,-3264,bf7f18b0,bb4fd5e0,bd88df45,3d4fa65d,bf7f18b1,bb4fd5e3,bd88df44,3d4fa65f,1

9653,173,117,93,-2146,-79,15735,-4115,2327,-3273,bf7f18fa,bb55a40d,bd898f6c,3d4d711e,bf7f18fa,bb55a40f,bd898f6b,3d4d7120,1

9654,153,120,104,-2074,-192,15700,-4103,2351,-3315,bf7f198a,bb227b74,bd892def,3d4df19e,bf7f198b,bb227b75,bd892def,3d4df1a1,1

9655,125,103,135,-2176,-143,15761,-4087,2383,-3300,bf7f1721,baec0a42,bd89b763,3d4f9b2d,bf7f1720,baec0a40,bd89b762,3d4f9b2f,1

9656,86,131,162,-2125,93,15767,-4087,2383,-3300,bf7f1663,bb2dcc1c,bd896765,3d513013,bf7f1664,bb2dcc1e,bd896766,3d513016,1

9657,97,132,154,-2097,218,15759,-4111,2351,-3234,bf7f169d,bb68c10d,bd891cac,3d517348,bf7f169e,bb68c10e,bd891cad,3d51734b,1

9658,157,132,169,-2162,118,15756,-4107,2353,-3232,bf7f1584,bb8ddf70,bd896eb7,3d51b403,bf7f1584,bb8ddf6e,bd896eb8,3d51b405,1

9659,221,133,185,-2130,65,15756,-4107,2353,-3232,bf7f1586,bba08c8e,bd89501b,3d51cc55,bf7f1587,bba08c8d,bd89501b,3d51cc58,1

9660,263,134,202,-2197,-40,15799,-4077,2355,-3271,bf7f12bf,bb88738e,bd8a3afe,3d5306f2,bf7f12c0,bb887389,bd8a3afd,3d5306f4,1

9661,260,141,232,-2086,-130,15692,-4133,2375,-3226,bf7f1272,bb54f589,bd89cc7f,3d54c941,bf7f1271,bb54f57d,bd89cc7d,3d54c942,1

9662,240,126,239,-2073,-6,15747,-4133,2375,-3226,bf7f1433,bb45d170,bd8857c3,3d567b1e,bf7f1433,bb45d164,bd8857c2,3d567b20,1

9663,205,103,227,-2055,-78,15681,-4103,2371,-3231,bf7f14cc,bb187b82,bd878a21,3d57f272,bf7f14cc,bb187b70,bd878a21,3d57f274,1

9664,201,75,216,-2049,-22,15725,-4123,2399,-3272,bf7f142e,bafaf170,bd86aefa,3d5adeaf,bf7f142d,bafaf165,bd86aef9,3d5adeaf,1

9665,207,51,225,-2107,-10,15744,-4123,2399,-3272,bf7f100f,baf4c4e3,bd875bd1,3d5dfd82,bf7f100e,baf4c4ed,bd875bcf,3d5dfd83,1

9666,208,43,212,-2110,48,15746,-4151,2347,-3261,bf7f0f80,bb283e1f,bd87af84,3d5db704,bf7f0f7f,bb283e25,bd87af82,3d5db705,1

9667,192,52,152,-2188,-80,15784,-4101,2345,-3324,bf7f0d1e,bb32beb6,bd89252b,3d5cd3fd,bf7f0d1f,bb32bebc,bd89252a,3d5cd3ff,1

9668,170,76,100,-2217,-59,15801,-4119,2381,-3301,bf7f093b,bb2160a5,bd8aa143,3d5da930,bf7f093b,bb2160b2,bd8aa141,3d5da930,1

9669,148,107,78,-2192,-107,15763,-4119,2381,-3301,bf7f06dc,baf7857e,bd8b759a,3d5e65fa,bf7f06dd,baf785a2,bd8b759a,3d5e65fb,1

9670,131,110,88,-2160,-104,15772,-4091,2339,-3273,bf7f088e,bb17a57c,bd8b8e4c,3d5c22f6,bf7f088e,bb17a58a,bd8b8e4b,3d5c22f6,1

9671,112,119,98,-2160,-53,15759,-4081,2365,-3281,bf7f0941,bb283dc3,bd8b7dd0,3d5b70fb,bf7f0941,bb283dc4,bd8b7dd1,3d5b70fb,1

9672,111,127,128,-2077,-6,15702,-4081,2365,-3281,bf7f0c28,bb4489ae,bd8a11ea,3d5b912c,bf7f0c28,bb4489a9,bd8a11eb,3d5b912c,1

9673,124,115,151,-2168,-9,15767,-4113,2405,-3240,bf7f08e6,bb2a2bb5,bd8a7148,3d5e7c10,bf7f08e7,bb2a2baf,bd8a714a,3d5e7c12,1

9674,125,121,163,-2135,90,15746,-4123,2363,-3195,bf7f090a,bb610d9b,bd8a4db5,3d5e7add,bf7f090b,bb610d95,bd8a4db7,3d5e7adf,1

9675,145,138,159,-2122,100,15755,-4123,2363,-3195,bf7f0996,bb8a9c44,bd89f46e,3d5e7d1a,bf7f0997,bb8a9c3f,bd89f46f,3d5e7d1c,1

9676,168,131,119,-2179,50,15772,-4121,2387,-3229,bf7f0619,bb8ce30f,bd8ac53b,3d606db6,bf7f0618,bb8ce30e,bd8ac539,3d606db7,1

9677,182,140,92,-2213,6,15796,-4127,2421,-3274,bf7f0317,bb7377c8,bd8b38f9,3d62e156,bf7f0317,bb7377ce,bd8b38f9,3d62e157,1

9678,194,176,86,-2153,1,15741,-4127,2421,-3274,bf7f0187,bb4c9358,bd8aee59,3d657e36,bf7f0186,bb4c935c,bd8aee59,3d657e36,1

9679,176,207,89,-2130,-88,15744,-4103,2451,-3302,bf7f0081,bb1e9c42,bd8a82d6,3d67c5bc,bf7f0082,bb1e9c48,bd8a82d6,3d67c5be,1

9680,154,209,83,-2134,-57,15752,-4147,2373,-3278,bf7f02e5,bb37dd3e,bd8a061f,3d663b43,bf7f02e4,bb37dd42,bd8a061c,3d663b44,1

9681,148,210,95,-2102,-46,15744,-4127,2397,-3250,bf7f03ef,bb1b55a5,bd88ea10,3d67ce15,bf7f03ee,bb1b559c,bd88ea0e,3d67ce16,1

9682,147,200,132,-2062,-193,15686,-4127,2397,-3250,bf7f0444,bad27ed5,bd884d7b,3d68fd3f,bf7f0444,bad27eb6,bd884d7a,3d68fd41,1

9683,145,177,227,-2085,54,15730,-4099,2407,-3258,bf7f03bd,bb17d88d,bd87a58f,3d6afd9c,bf7f03be,bb17d880,bd87a58d,3d6afd9e,1

9684,163,165,252,-2106,255,15742,-4135,2421,-3304,bf7f0262,bb4cd018,bd876f52,3d6cc912,bf7f0262,bb4cd00b,bd876f4f,3d6cc913,1

9685,197,163,152,-2165,106,15790,-4135,2421,-3304,bf7efecc,bb6be88c,bd8812ac,3d6f0f4a,bf7efecc,bb6be87f,bd8812a9,3d6f0f4b,1

9686,221,176,91,-2185,12,15804,-4091,2437,-3266,bf7efb54,bb49581f,bd8895a1,3d71b498,bf7efb54,bb495818,bd88959f,3d71b499,1

9687,231,209,78,-2216,-52,15825,-4093,2393,-3173,bf7ef858,bb3a7e3f,bd89cc2c,3d722338,bf7ef85a,bb3a7e40,bd89cc2b,3d72233b,1

9688,218,251,82,-2259,-164,15824,-4093,2393,-3173,bf7ef626,bb11bf8c,bd8a9ff2,3d72ab7c,bf7ef627,bb11bf90,bd8a9ff1,3d72ab7e,1

9689,204,302,134,-2209,-211,15788,-4089,2433,-3293,bf7ef4af,bab9a104,bd8a8ccc,3d747a43,bf7ef4af,bab9a108,bd8a8ccb,3d747a44,1

9690,179,338,215,-1959,-77,15666,-4091,2383,-3240,bf7ef8f3,bac9ce01,bd885a74,3d74f3f1,bf7ef8f3,bac9ce07,bd885a73,3d74f3f2,1

9691,160,318,224,-1977,-3,15702,-4091,2383,-3240,bf7efc4a,bb05d73b,bd8692e2,3d755a15,bf7efc4b,bb05d740,bd8692e2,3d755a17,1

9692,130,279,177,-1983,12,15749,-4103,2411,-3255,bf7efee3,bb1c28c9,bd84a7c9,3d76c622,bf7efee4,bb1c28c9,bd84a7c9,3d76c624,1

9693,101,254,101,-1970,7,15752,-4097,2393,-3274,bf7f0223,bb40f5a8,bd8301c3,3d76d62f,bf7f0223,bb40f5a5,bd8301c2,3d76d630,1

9694,110,231,69,-2022,-14,15722,-4123,2389,-3320,bf7f03a7,bb69901c,bd82a118,3d75ef49,bf7f03a7,bb69901b,bd82a117,3d75ef4a,1

9695,114,224,61,-2073,-70,15784,-4123,2389,-3320,bf7f024a,bb51857f,bd8368ea,3d75c5b2,bf7f024a,bb51857d,bd8368e9,3d75c5b3,1

9696,104,230,71,-2135,-52,15789,-4117,2413,-3233,bf7eff25,bb3e69b4,bd846245,3d770070,bf7eff24,bb3e69b8,bd846243,3d770070,1

9697,114,256,100,-1950,95,15685,-4061,2421,-3295,bf7f00db,bb5b5963,bd82b0fb,3d78bd49,bf7f00dc,bb5b596e,bd82b0fa,3d78bd4b,1

9698,142,239,116,-1846,210,15702,-4061,2421,-3295,bf7f02d9,bb7f4d65,bd8114bc,3d79eb74,bf7f02d9,bb7f4d6f,bd8114bb,3d79eb75,1

9699,157,177,81,-1852,-7,15636,-4089,2403,-3290,bf7f05ac,bb73db6d,bd7e9d5f,3d7ab9dd,bf7f05ac,bb73db74,bd7e9d5d,3d7ab9de,1

9700,149,109,23,-1958,34,15716,-4089,2409,-3269,bf7f050f,bb81bb2a,bd7daae4,3d7c3dd4,bf7f050f,bb81bb2c,bd7daae0,3d7c3dd5,1

9701,145,77,3,-2010,-9,15740,-4089,2409,-3269,bf7f01ec,bb6e11c4,bd7fe047,3d7d4315,bf7f01ec,bb6e11d5,bd7fe045,3d7d4316,1

9702,145,70,1,-2047,3,15767,-4047,2405,-3278,bf7efe47,bb6bafa1,bd81575b,3d7e16eb,bf7efe48,bb6bafab,bd815759,3d7e16ec,1

9703,147,65,1,-2075,-37,15758,-4041,2407,-3285,bf7efad8,bb540c0c,bd82a3a9,3d7ef5cb,bf7efad8,bb540c1a,bd82a3a8,3d7ef5cc,1

9704,137,68,1,-2150,-136,15802,-4041,2407,-3285,bf7ef7d4,bb3297dd,bd83e740,3d7f788e,bf7ef7d5,bb3297f1,bd83e741,3d7f7890,1

9705,99,99,8,-2184,-88,15804,-4115,2413,-3192,bf7ef45c,bb293efa,bd85725f,3d7fc053,bf7ef45c,bb293f0b,bd857260,3d7fc054,1

9706,65,146,10,-2125,29,15801,-4077,2359,-3273,bf7ef4e7,bb60ca06,bd85c98f,3d7e546c,bf7ef4e7,bb60ca17,bd85c990,3d7e546d,1

9707,60,174,5,-1985,-2,15700,-4073,2399,-3273,bf7ef866,bb72af9b,bd84109f,3d7e5b55,bf7ef866,bb72afa3,bd8410a0,3d7e5b56,1

9708,70,180,7,-2124,149,15803,-4073,2399,-3273,bf7ef76b,bb965ec5,bd84777d,3d7e42e5,bf7ef76b,bb965ec7,bd84777e,3d7e42e6,1

9709,77,176,2,-1968,22,15708,-4093,2389,-3276,bf7efb64,bb9fb09c,bd82c546,3d7db392,bf7efb65,bb9fb09f,bd82c547,3d7db394,1

9710,101,143,-2,-1823,130,15676,-4041,2401,-3303,bf7efe6b,bbaad1f1,bd811462,3d7e01f3,bf7efe6c,bbaad1f5,bd811463,3d7e01f5,1

9711,130,119,-4,-1993,56,15725,-4041,2401,-3303,bf7efd8d,bba52aa0,bd80bbc3,3d7fa210,bf7efd8d,bba52aa1,bd80bbc2,3d7fa211,1

9712,133,87,1,-2163,75,15848,-4061,2345,-3291,bf7efc4a,bbb89fba,bd81e875,3d7e4e3c,bf7efc49,bbb89fb9,bd81e873,3d7e4e3c,1

9713,133,93,-4,-1966,-24,15671,-4085,2377,-3280,bf7eff32,bba89c19,bd81277b,3d7d194d,bf7eff32,bba89c18,bd812779,3d7d194e,1

9714,128,82,6,-2033,44,15770,-4085,2377,-3280,bf7efeef,bbbabc18,bd81e85b,3d7b9fb0,bf7efeee,bbbabc13,bd81e859,3d7b9fb0,1

9715,133,78,5,-2279,124,15858,-3999,2377,-3328,bf7efb67,bbc57403,bd83955c,3d7b94ff,bf7efb67,bbc573fd,bd83955a,3d7b9500,1

9716,163,115,0,-2008,55,15715,-4023,2375,-3260,bf7efe4c,bbc6c258,bd8288fa,3d7ad1df,bf7efe4c,bbc6c257,bd8288f9,3d7ad1df,1

9717,183,112,1,-2069,-21,15777,-4023,2375,-3260,bf7efd0d,bbb15b48,bd8355f5,3d7aaa97,bf7efd0d,bbb15b47,bd8355f4,3d7aaa97,1

9718,167,126,-2,-2091,46,15795,-3987,2369,-3290,bf7efb69,bbba5138,bd84774f,3d79d9bd,bf7efb69,bbba5136,bd84774f,3d79d9bd,1

9719,165,144,-5,-2031,96,15756,-4077,2395,-3335,bf7efc7d,bbc44a55,bd8375ea,3d7ac0f4,bf7efc7c,bbc44a53,bd8375e9,3d7ac0f3,1

9720,186,137,6,-2019,86,15733,-4085,2375,-3299,bf7efe9a,bbd6dbcb,bd82e79f,3d7986d5,bf7efe9a,bbd6dbca,bd82e79f,3d7986d5,1

9721,208,123,19,-2007,81,15744,-4085,2375,-3299,bf7f0159,bbddda69,bd82080f,3d7872bc,bf7f0159,bbddda67,bd82080f,3d7872bc,1

9722,224,104,33,-2042,35,15741,-4063,2373,-3261,bf7f0072,bbcad919,bd82cb3c,3d78078e,bf7f0072,bbcad918,bd82cb3c,3d78078e,1

9723,223,100,36,-2112,9,15757,-4057,2377,-3302,bf7efdb5,bbbbf305,bd842a49,3d781ea2,bf7efdb5,bbbbf303,bd842a49,3d781ea2,1

9724,212,120,24,-2106,-67,15791,-4057,2377,-3302,bf7efc5a,bba3766e,bd84e993,3d782eaa,bf7efc5a,bba37669,bd84e993,3d782eaa,1

9725,152,140,1,-1917,15,15660,-4081,2345,-3271,bf7f00a1,bbafe5e5,bd8393ba,3d767e44,bf7f00a2,bbafe5e2,bd8393bb,3d767e45,1

9726,103,119,-14,-2135,-67,15821,-4043,2397,-3250,bf7efe74,bb9d2236,bd8467ba,3d772ce9,bf7efe74,bb9d222e,bd8467ba,3d772ce9,1

9727,86,127,-14,-2278,-541,15866,-4043,2397,-3250,bf7efd0e,bb87c3bd,bd850748,3d7779a0,bf7efd0e,bb87c3b5,bd850748,3d7779a0,1

9728,-29,173,-31,-1910,334,15703,-4095,2385,-3324,bf7eff08,bba8e416,bd841d4c,3d771341,bf7eff08,bba8e40f,bd841d4c,3d771341,1

9729,3,171,-32,-1687,321,15523,-4071,2367,-3294,bf7f022f,bbc21e3a,bd82ae29,3d76958c,bf7f022f,bbc21e33,bd82ae29,3d76958c,1

9730,132,104,-10,-1879,131,15671,-4071,2367,-3294,bf7f056c,bbd28da6,bd81521a,3d75e3d9,bf7f056d,bbd28da2,bd81521b,3d75e3da,1

9731,183,38,24,-1816,252,15605,-4049,2407,-3300,bf7f06fc,bbde4485,bd800d8b,3d76c3aa,bf7f06fd,bbde4480,bd800d8c,3d76c3ab,1

9732,233,-24,21,-2000,8,15739,-4075,2373,-3243,bf7f061b,bbc4ff09,bd80cfb7,3d766d84,bf7f061c,bbc4ff01,bd80cfb7,3d766d85,1

9733,223,-67,20,-2005,90,15742,-4077,2397,-3298,bf7f0342,bbbd8890,bd815e46,3d784ad1,bf7f0342,bbbd888c,bd815e47,3d784ad0,1

9734,255,-98,25,-2004,-24,15692,-4077,2397,-3298,bf7f014d,bba1c1fd,bd820a4a,3d793393,bf7f014d,bba1c1f8,bd820a4a,3d793392,1

9735,242,-126,23,-2403,-11,15924,-4055,2359,-3312,bf7efce1,bba26bde,bd845c27,3d78d678,bf7efce1,bba26bd9,bd845c27,3d78d677,1

9736,180,-35,-5,-2090,-209,15803,-4069,2433,-3242,bf7efaed,bb88d8e7,bd84f243,3d79d260,bf7efaee,bb88d8e2,bd84f243,3d79d260,1

9737,146,-3,16,-2385,18,15955,-4069,2433,-3242,bf7ef60c,bb85156b,bd86d3ad,3d7accfc,bf7ef60d,bb851566,bd86d3ad,3d7accfc,1

9738,101,37,3,-2021,69,15665,-4079,2397,-3230,bf7ef7c5,bb9a04e0,bd85e6a3,3d7ad834,bf7ef7c6,bb9a04db,bd85e6a3,3d7ad834,1

9739,162,70,2,-2121,95,15768,-4115,2391,-3270,bf7ef679,bbb132dd,bd86a033,3d7a5fb6,bf7ef679,bbb132dc,bd86a031,3d7a5fb5,1

9740,171,34,24,-2079,-23,15723,-4115,2391,-3270,bf7ef639,bb9ac494,bd86c694,3d7a88ee,bf7ef63a,bb9ac494,bd86c694,3d7a88ee,1

9741,154,53,27,-2115,67,15761,-4081,2377,-3202,bf7ef5e0,bbb1f8ec,bd875089,3d797cf0,bf7ef5e0,bbb1f8ea,bd875089,3d797cef,1

9742,155,53,38,-2095,131,15715,-4083,2365,-3221,bf7ef63e,bbcbc5cd,bd877467,3d787f6c,bf7ef63f,bbcbc5cc,bd877467,3d787f6c,1

9743,196,42,65,-2118,27,15695,-4083,2365,-3221,bf7ef5fb,bbcc7818,bd885efc,3d76bf8c,bf7ef5fb,bbcc7817,bd885efb,3d76bf8a,1

9744,221,14,147,-2169,-268,15640,-4099,2377,-3329,bf7ef3e2,bbb02d36,bd891b24,3d779f83,bf7ef3e2,bbb02d35,bd891b23,3d779f81,1

9745,220,-24,306,-2065,347,15770,-4103,2349,-3204,bf7ef2c3,bbc7e945,bd892c77,3d7858e8,bf7ef2c4,bbc7e945,bd892c76,3d7858e7,1

9746,252,-31,260,-2056,199,15680,-4093,2381,-3226,bf7ef252,bbdc2998,bd88d58c,3d7947a0,bf7ef251,bbdc2992,bd88d588,3d79479d,1

9747,293,-56,245,-2163,-53,15737,-4093,2381,-3226,bf7eef2d,bbbeaeae,bd89e115,3d7a907a,bf7eef2f,bbbeaeb1,bd89e114,3d7a907a,1

9748,270,-52,268,-2072,121,15669,-4081,2413,-3240,bf7eedd0,bbbcfea6,bd8919d1,3d7daabe,bf7eedd0,bbbcfea6,bd8919cf,3d7daabc,1

9749,319,-99,322,-2173,-58,15753,-4091,2411,-3298,bf7ee943,bb9eb0d5,bd8a2a19,3d801e75,bf7ee943,bb9eb0d7,bd8a2a17,3d801e74,1

9750,279,-101,294,-2195,18,15782,-4091,2411,-3298,bf7ee35b,bb8fdf01,bd8baf5f,3d8178ab,bf7ee35b,bb8fdf03,bd8baf5d,3d8178aa,1

9751,219,-67,235,-2292,-12,15803,-4069,2413,-3305,bf7edd40,bb85f919,bd8d9574,3d827369,bf7edd3f,bb85f91d,bd8d9571,3d827367,1

9752,178,-13,164,-2310,50,15822,-4075,2425,-3245,bf7ed76f,bb89642e,bd8f3f81,3d8374d2,bf7ed76f,bb89642d,bd8f3f7f,3d8374cf,1

9753,141,35,98,-2265,-37,15803,-4075,2425,-3245,bf7ed3e4,bb70adf9,bd8ff9af,3d84707f,bf7ed3e5,bb70adf6,bd8ff9ad,3d84707c,1

9754,130,54,92,-2202,-6,15745,-4087,2403,-3216,bf7ed56c,bb883207,bd8f548b,3d8457e1,bf7ed56c,bb883205,bd8f5489,3d8457de,1

9755,143,49,140,-2276,-26,15787,-4143,2433,-3310,bf7ed136,bb74d9b8,bd904271,3d8568ca,bf7ed137,bb74d9b7,bd904270,3d8568c8,1

9756,156,59,180,-2131,362,15729,-4143,2433,-3310,bf7ed0ec,bb9489b0,bd8fd282,3d85ea19,bf7ed0ec,bb9489b0,bd8fd281,3d85ea16,1

9757,211,65,142,-2293,-43,15804,-4095,2431,-3287,bf7ecd11,bb7fe1b5,bd90a8ea,3d86ed28,bf7ecd11,bb7fe1b5,bd90a8ea,3d86ed25,1

9758,187,92,82,-2380,-26,15836,-4123,2411,-3202,bf7ec957,bb834922,bd923a60,3d86fb40,bf7ec958,bb83491d,bd923a60,3d86fb3e,1

9759,131,160,56,-2193,347,15716,-4083,2419,-3262,bf7eca22,bb9f407a,bd91aacb,3d87191a,bf7eca23,bb9f4075,bd91aacb,3d871918,1

9760,202,156,58,-1979,-52,15616,-4083,2419,-3262,bf7ecd59,bb943035,bd8fff45,3d876c2f,bf7ecd58,bb94302e,bd8fff44,3d876c2c,1

9761,236,70,65,-2195,-74,15763,-4125,2453,-3187,bf7ecc31,bb764df9,bd8fbc5f,3d885607,bf7ecc32,bb764deb,bd8fbc60,3d885605,1

9762,198,46,82,-2031,19,15656,-4091,2431,-3217,bf7ece82,bb75708c,bd8e43e1,3d88cc13,bf7ece83,bb75707c,bd8e43e2,3d88cc11,1

9763,169,-7,102,-2004,-11,15598,-4091,2431,-3217,bf7ed057,bb6f14a0,bd8cf1bc,3d895215,bf7ed058,bb6f1493,bd8cf1bd,3d895212,1

9764,206,-73,181,-2196,-64,15687,-4081,2379,-3212,bf7ecfc6,bb842df0,bd8de3ce,3d888fed,bf7ecfc6,bb842de9,bd8de3d0,3d888fea,1

9765,233,-146,293,-2104,165,15728,-4129,2449,-3200,bf7ecde5,bb946529,bd8d821f,3d89c440,bf7ecde5,bb94651f,bd8d8221,3d89c43d,1

9766,244,-205,289,-2145,-263,15617,-4129,2449,-3200,bf7ec9f6,bb6e77e9,bd8e47a9,3d8ae55b,bf7ec9f7,bb6e77d7,bd8e47ac,3d8ae559,1

9767,269,-270,362,-2550,-180,15912,-4089,2433,-3192,bf7ec1f2,bb50dc41,bd90d491,3d8bfa2a,bf7ec1f2,bb50dc2b,bd90d493,3d8bfa27,1

9768,141,-157,298,-2409,935,15899,-4107,2387,-3199,bf7ebe95,bb850229,bd91af91,3d8c86b9,bf7ebe96,bb85021e,bd91af92,3d8c86b7,1

9769,159,9,127,-2547,122,15853,-4107,2387,-3199,bf7ebb25,bb97af3f,bd932afd,3d8c76f9,bf7ebb24,bb97af34,bd932afc,3d8c76f6,1

9770,245,72,78,-2340,87,15728,-4115,2429,-3301,bf7eb842,bba8b7ac,bd940a6f,3d8cc783,bf7eb843,bba8b7a8,bd940a6e,3d8cc781,1

9771,232,103,54,-2420,122,15866,-4103,2417,-3313,bf7eb5a2,bbba80e6,bd950c49,3d8cd0ae,bf7eb5a2,bbba80de,bd950c47,3d8cd0ac,1

9772,268,142,78,-2187,-331,15572,-4103,2417,-3313,bf7eb626,bb9bbade,bd94a7c7,3d8d24ca,bf7eb626,bb9bbad5,bd94a7c5,3d8d24c8,1

9773,289,100,214,-2309,-191,15690,-4101,2419,-3310,bf7eb451,bb78a04d,bd94ee46,3d8dcc8a,bf7eb451,bb78a03c,bd94ee44,3d8dcc88,1

9774,204,68,325,-2358,79,15753,-4091,2383,-3290,bf7eb28e,bb92c37d,bd95651a,3d8e04c3,bf7eb28e,bb92c374,bd956518,3d8e04c1,1

9775,206,101,327,-2512,-415,15822,-4051,2421,-3223,bf7eae8b,bb717057,bd963f73,3d8f030f,bf7eae8b,bb717048,bd963f71,3d8f030d,1

9776,131,134,382,-2725,276,16178,-4051,2421,-3223,bf7ea9c6,bb8d9e5a,bd9751d8,3d8fed56,bf7ea9c5,bb8d9e4f,bd9751d7,3d8fed53,1

9777,38,343,194,-1851,211,15419,-4107,2485,-3270,bf7ead04,bb96efea,bd95112b,3d90cd62,bf7ead03,bb96efdf,bd95112a,3d90cd5f,1

9778,213,282,185,-2255,-268,15691,-4105,2447,-3296,bf7eacde,bb73d8c9,bd9474d9,3d9199f0,bf7eacde,bb73d8b4,bd9474da,3d9199ee,1

9779,141,203,230,-2282,-152,15759,-4105,2447,-3296,bf7eaba8,bb43886d,bd940b4f,3d929d7d,bf7eaba9,bb438859,bd940b51,3d929d7c,1

9780,28,251,187,-2382,932,15985,-4089,2437,-3234,bf7eab69,bb827537,bd93a710,3d930481,bf7eab6a,bb82752d,bd93a712,3d930480,1

9781,81,322,152,-2106,-343,15547,-4045,2383,-3193,bf7eaebd,bb5d0d51,bd9249a6,3d93014d,bf7eaebe,bb5d0d46,bd9249a8,3d93014c,1

9782,133,233,260,-2159,-118,15606,-4045,2383,-3193,bf7eb2e4,bb6e1116,bd90f5ad,3d927f11,bf7eb2e4,bb6e1108,bd90f5af,3d927f0f,1

9783,29,179,294,-2379,998,16081,-4059,2407,-3305,bf7eb187,bb97868a,bd90cf3f,3d931e1e,bf7eb186,bb978682,bd90cf41,3d931e1c,1

9784,95,248,147,-2105,-175,15581,-4063,2397,-3300,bf7eb525,bb879f87,bd8f57a8,3d930d1b,bf7eb525,bb879f7f,bd8f57ab,3d930d1a,1

9785,116,219,125,-2250,-7,15939,-4063,2397,-3300,bf7eb6b5,bb9e9fc2,bd8f1c78,3d9281d9,bf7eb6b5,bb9e9fbb,bd8f1c7a,3d9281d8,1

9786,-10,204,63,-2217,23,15732,-4095,2445,-3223,bf7eb575,bba46661,bd8ea5c8,3d937a0c,bf7eb575,bba4665b,bd8ea5ca,3d937a0b,1

9787,51,208,28,-2000,184,15583,-4115,2427,-3249,bf7eb8aa,bbbbbbf5,bd8d25f2,3d936c5e,bf7eb8aa,bbbbbbed,bd8d25f4,3d936c5d,1

9788,78,131,40,-2282,192,15801,-4133,2407,-3173,bf7eb81d,bbd86baa,bd8d96ad,3d93163c,bf7eb81c,bbd86ba2,bd8d96af,3d93163a,1

9789,162,116,53,-2269,131,15763,-4133,2407,-3173,bf7eb753,bbef1ea3,bd8e3c98,3d92a9ff,bf7eb753,bbef1e9e,bd8e3c9b,3d92a9fe,1

9790,216,108,49,-2092,-328,15614,-4093,2413,-3280,bf7eb7da,bbd26ceb,bd8dfa7b,3d92dbe2,bf7eb7da,bbd26ce6,bd8dfa7e,3d92dbe1,1

9791,262,110,35,-2343,-246,15742,-4125,2393,-3191,bf7eb65c,bbba518a,bd8f0e15,3d9295d7,bf7eb65b,bbba5183,bd8f0e16,3d9295d5,1

9792,77,132,4,-2134,902,15804,-4125,2393,-3191,bf7eb729,bbd958e5,bd8ebf70,3d925ee6,bf7eb728,bbd958de,bd8ebf71,3d925ee4,1

9793,114,142,9,-2292,-370,15763,-4103,2435,-3204,bf7eb63d,bbc16dcb,bd8f0e41,3d929a0f,bf7eb63e,bbc16dc6,bd8f0e43,3d929a0e,1

9794,105,129,-14,-2162,172,15724,-4133,2413,-3284,bf7eb823,bbdd1667,bd8e75fb,3d92346c,bf7eb822,bbdd1661,bd8e75fc,3d92346a,1

9795,135,99,-23,-2093,-94,15702,-4133,2413,-3284,bf7ebb0d,bbc9f3ce,bd8d7899,3d920136,bf7ebb0c,bbc9f3c8,bd8d789a,3d920135,1

9796,142,67,-27,-1963,341,15544,-4171,2413,-3216,bf7ebd44,bbe2318f,bd8cabc6,3d91abe7,bf7ebd44,bbe23189,bd8cabc8,3d91abe6,1

9797,221,0,13,-2122,261,15592,-4121,2461,-3171,bf7ebc4f,bbf5ac3b,bd8c49cb,3d9255a4,bf7ebc50,bbf5ac34,bd8c49cd,3d9255a4,1

9798,250,-47,16,-2475,84,15926,-4121,2461,-3171,bf7eb6ef,bbed8d81,bd8e4521,3d92cfa3,bf7eb6ef,bbed8d78,bd8e4522,3d92cfa3,1

9799,204,3,-11,-2384,-108,15807,-4099,2441,-3246,bf7eb394,bbd87bd7,bd8f9bfd,3d9316d8,bf7eb394,bbd87bcd,bd8f9bfe,3d9316d8,1

9800,187,57,-21,-2382,145,15795,-4095,2425,-3242,bf7eb060,bbe7e084,bd910830,3d92fd7b,bf7eb05f,bbe7e07c,bd910830,3d92fd7b,1

9801,206,91,-23,-2244,-85,15707,-4113,2377,-3250,bf7eb345,bbdaabf2,bd91495b,3d918e02,bf7eb344,bbdaabee,bd91495c,3d918e02,1

9802,193,107,-36,-2370,7,15811,-4113,2377,-3250,bf7eb2bb,bbe4d669,bd9279a1,3d9088ac,bf7eb2bb,bbe4d668,bd9279a3,3d9088ad,1

9803,148,146,-59,-2305,115,15762,-4097,2421,-3238,bf7eb1e0,bbf79fa7,bd92d0ed,3d90723a,bf7eb1de,bbf79fa9,bd92d0ec,3d907239,1

9804,181,166,-48,-2319,139,15783,-4107,2415,-3272,bf7eb155,bc05b53e,bd9325b0,3d903557,bf7eb155,bc05b53f,bd9325b1,3d903557,1

9805,216,163,-42,-2315,-90,15804,-4107,2415,-3272,bf7eb15f,bbef9b37,bd93473e,3d903fb2,bf7eb160,bbef9b3a,bd93473f,3d903fb2,1

9806,202,189,-29,-2520,21,15902,-4083,2461,-3303,bf7eadf6,bbe02607,bd9452ce,3d90c84f,bf7eadf7,bbe02608,bd9452cf,3d90c84f,1

9807,170,223,-13,-2138,-29,15651,-4117,2457,-3275,bf7eb028,bbcd186c,bd92fad5,3d914b84,bf7eb029,bbcd186d,bd92fad6,3d914b84,1

9808,159,196,-14,-2141,213,15693,-4117,2457,-3275,bf7eb291,bbdb4781,bd916a29,3d91bb24,bf7eb291,bbdb477f,bd916a29,3d91bb23,1

9809,174,147,-60,-2117,173,15655,-4107,2401,-3310,bf7eb619,bbef7ffa,bd904291,3d9135ce,bf7eb619,bbef7ff7,bd904291,3d9135cd,1

9810,203,90,-77,-2129,194,15671,-4089,2383,-3267,bf7eb916,bc028948,bd8f8b14,3d907686,bf7eb917,bc028947,bd8f8b15,3d907685,1

9811,250,49,-69,-2082,89,15646,-4089,2383,-3267,bf7ebdad,bc058e78,bd8e46c6,3d8fa5e8,bf7ebdae,bc058e75,bd8e46c7,3d8fa5e8,1

9812,286,4,-40,-2186,107,15681,-4079,2421,-3226,bf7ebd86,bbfd9490,bd8df441,3d902174,bf7ebd85,bbfd9488,bd8df441,3d902172,1

9813,322,-30,-30,-2245,113,15647,-4103,2407,-3165,bf7ebb9d,bc038a49,bd8f4963,3d8f9667,bf7ebb9e,bc038a44,bd8f4964,3d8f9667,1

9814,329,-28,-26,-2189,-344,15684,-4067,2417,-3210,bf7ebb01,bbe5f9f3,bd8fb2bf,3d8fab47,bf7ebb02,bbe5f9e9,bd8fb2c0,3d8fab47,1

9815,265,-34,3,-2527,88,15854,-4067,2417,-3210,bf7eb648,bbe5d1a4,bd91bf2d,3d8fb2bf,bf7eb649,bbe5d19b,bd91bf2e,3d8fb2bf,1

9816,234,40,-21,-2492,80,15838,-4025,2439,-3184,bf7eb182,bbdee13c,bd937635,3d901b46,bf7eb181,bbdee132,bd937635,3d901b45,1

9817,222,116,-50,-2347,-94,15776,-4105,2413,-3202,bf7eb09e,bbc5f2a3,bd94256a,3d8ff103,bf7eb09d,bbc5f297,bd94256a,3d8ff102,1

9818,210,162,-60,-2342,-43,15779,-4105,2413,-3202,bf7eb029,bbb4b417,bd94d67f,3d8f8447,bf7eb02a,bbb4b410,bd94d681,3d8f8447,1

9819,183,177,-67,-2461,11,15769,-4089,2431,-3201,bf7eacef,bbb23b8e,bd963030,3d8f8dca,bf7eacef,bbb23b87,bd963032,3d8f8dc9,1

9820,174,202,-80,-2193,71,15709,-4091,2459,-3238,bf7eafbc,bbad6f6e,bd948400,3d901292,bf7eafbc,bbad6f68,bd948402,3d901291,1

9821,191,194,-53,-2327,181,15801,-4091,2459,-3238,bf7eaeb7,bbc11581,bd9437aa,3d90bb66,bf7eaeb6,bbc1157a,bd9437ab,3d90bb65,1

9822,202,190,-33,-2095,-59,15619,-4081,2421,-3223,bf7eb2c6,bbb3231c,bd928c6e,3d90b72e,bf7eb2c6,bbb32312,bd928c6f,3d90b72e,1

9823,192,131,-28,-2256,68,15706,-4095,2397,-3329,bf7eb4b7,bbc9be46,bd925377,3d8ff802,bf7eb4b7,bbc9be3d,bd925378,3d8ff802,1

9824,193,130,-26,-2174,33,15683,-4095,2397,-3329,bf7eb956,bbd26fe6,bd90ec83,3d8f4b3d,bf7eb956,bbd26fde,bd90ec84,3d8f4b3e,1

9825,228,85,-11,-2232,-237,15682,-4103,2403,-3260,bf7eb982,bbb56716,bd9119f7,3d8f315c,bf7eb981,bbb5670d,bd9119f7,3d8f315c,1

9826,224,58,-5,-2201,-17,15687,-4119,2425,-3271,bf7ebb47,bba4bf22,bd904c91,3d8f4b72,bf7ebb48,bba4bf1c,bd904c92,3d8f4b73,1

9827,196,49,12,-2257,49,15756,-4113,2417,-3244,bf7ebae6,bbb8f411,bd90bd9b,3d8eebb6,bf7ebae7,bbb8f410,bd90bd9b,3d8eebb7,1

9828,185,26,24,-2269,-103,15727,-4113,2417,-3244,bf7eb984,bba0d4cd,bd916d52,3d8ef467,bf7eb984,bba0d4cc,bd916d52,3d8ef467,1

9829,175,25,23,-2347,-53,15755,-4101,2405,-3196,bf7eb6de,bba0d3b0,bd930c91,3d8e791e,bf7eb6de,bba0d3b0,bd930c91,3d8e791e,1

9830,148,53,20,-2331,85,15759,-4105,2443,-3209,bf7eb35c,bbb0c7ab,bd93dd83,3d8f1ec5,bf7eb35c,bbb0c7b0,bd93dd82,3d8f1ec5,1

9831,164,74,13,-2432,-8,15820,-4105,2443,-3209,bf7eaefe,bba811cd,bd954cfe,3d8f9d16,bf7eaefe,bba811d5,bd954cfd,3d8f9d16,1

9832,174,109,21,-2318,195,15734,-4063,2465,-3266,bf7ead0c,bbba3b0f,bd950abd,3d90a7c7,bf7ead0c,bbba3b16,bd950abd,3d90a7c7,1

9833,219,127,27,-2478,669,15886,-4157,2459,-3250,bf7eabf5,bbd360d6,bd9549d2,3d90beb6,bf7eabf5,bbd360dd,bd9549d2,3d90beb6,1

9834,284,122,-7,-2193,-21,15682,-4157,2459,-3250,bf7ead66,bbbc1d81,bd9443bf,3d914956,bf7ead65,bbbc1d86,bd9443be,3d914956,1

9835,269,127,-23,-2426,-219,15837,-4099,2485,-3239,bf7eab72,bba0182d,bd94bbd8,3d91cb4d,bf7eab72,bba01832,bd94bbd7,3d91cb4d,1

9836,197,165,-38,-2275,-176,15708,-4105,2417,-3204,bf7eacec,bb8578eb,bd9473b5,3d918a36,bf7eaced,bb8578f0,bd9473b6,3d918a37,1

9837,143,186,-28,-2244,-85,15690,-4105,2417,-3204,bf7eb181,bb7e736c,bd933467,3d90d328,bf7eb180,bb7e737d,bd933466,3d90d328,1

9838,112,168,-22,-2276,6,15741,-4111,2467,-3286,bf7eaffc,bb7133ae,bd92c43d,3d91f46e,bf7eaffb,bb7133bc,bd92c43c,3d91f46e,1

9839,97,147,-24,-2244,0,15699,-4135,2461,-3212,bf7eafd5,bb760b48,bd91f3ba,3d92d34a,bf7eafd6,bb760b52,bd91f3bb,3d92d34c,1

9840,96,131,-30,-2101,286,15685,-4079,2421,-3215,bf7eb209,bb96c528,bd912637,3d9290c3,bf7eb209,bb96c52c,bd912637,3d9290c5,1

9841,139,68,-16,-2237,117,15688,-4079,2421,-3215,bf7eb288,bbb2334a,bd911d3b,3d9243be,bf7eb289,bbb23350,bd911d3c,3d9243c0,1

9842,186,12,-13,-2167,1,15668,-4107,2433,-3195,bf7eb4ea,bbab2f6f,bd8ff8e5,3d92635c,bf7eb4eb,bbab2f75,bd8ff8e6,3d92635e,1

9843,207,-12,-16,-2333,161,15778,-4075,2485,-3260,bf7eaf9d,bbafae2d,bd9116d6,3d9390c6,bf7eaf9c,bbafae32,bd9116d5,3d9390c7,1

9844,226,-37,-6,-2468,28,15820,-4075,2485,-3260,bf7eaa28,bba3f18f,bd92c4b7,3d944f29,bf7eaa29,bba3f196,bd92c4b7,3d944f2b,1

9845,242,-12,22,-2520,-62,15803,-4101,2441,-3209,bf7ea55d,bb9ba3d8,bd94b2a2,3d947ad9,bf7ea55d,bb9ba3de,bd94b2a1,3d947ada,1

9846,231,44,44,-2525,-53,15867,-4065,2417,-3200,bf7ea156,bb9a4fd0,bd967fd4,3d946639,bf7ea155,bb9a4fd6,bd967fd3,3d946639,1

9847,230,101,61,-2342,-179,15730,-4065,2417,-3200,bf7ea0d5,bb7de467,bd96cfcf,3d9465d7,bf7ea0d5,bb7de478,bd96cfcf,3d9465d7,1

9848,192,141,74,-2398,-146,15756,-4115,2457,-3221,bf7e9e2b,bb50339c,bd9760c9,3d95084d,bf7e9e2b,bb5033ac,bd9760c9,3d95084d,1

9849,117,179,66,-2266,-120,15709,-4091,2411,-3248,bf7ea325,bb585f72,bd95fe4f,3d944afa,bf7ea325,bb585f7c,bd95fe4f,3d944afa,1

9850,71,179,50,-2098,164,15631,-4091,2411,-3248,bf7ea63c,bb8523b6,bd94c37f,3d94205d,bf7ea63c,bb8523ba,bd94c37f,3d94205d,1

9851,109,115,48,-1937,250,15477,-4111,2423,-3180,bf7ea925,bb999ccd,bd937aaf,3d94153e,bf7ea925,bb999cd1,bd937aaf,3d94153e,1

9852,160,20,70,-2430,172,15816,-4129,2461,-3206,bf7ea515,bbae89b3,bd94acf4,3d948abe,bf7ea515,bbae89b5,bd94acf4,3d948abe,1

9853,135,13,90,-2384,-228,15763,-4073,2427,-3300,bf7ea264,bb979a7c,bd958e3d,3d94e90c,bf7ea265,bb979a80,bd958e3e,3d94e90d,1

9854,95,60,121,-2708,-119,15928,-4073,2427,-3300,bf7e9d6a,bb963eb5,bd975550,3d953ed1,bf7e9d6b,bb963eb8,bd975551,3d953ed2,1

9855,31,157,131,-2566,-96,15864,-4115,2411,-3197,bf7e99f4,bb9c72d9,bd98c6f2,3d9539b2,bf7e99f5,bb9c72dc,bd98c6f2,3d9539b3,1

9856,-17,242,123,-2542,-24,15903,-4117,2431,-3132,bf7e96ac,bba816f1,bd99e9c5,3d9568db,bf7e96ac,bba816f5,bd99e9c4,3d9568da,1

9857,-35,309,109,-2297,380,15771,-4117,2431,-3132,bf7e9866,bbca0503,bd98e1c9,3d959152,bf7e9867,bbca0508,bd98e1c8,3d959151,1

9858,0,305,106,-2040,-191,15588,-4097,2431,-3175,bf7e9bf9,bbbf64ca,bd970a15,3d95f8d8,bf7e9bf9,bbbf64ce,bd970a13,3d95f8d7,1

9859,-55,259,56,-2140,184,15576,-4103,2431,-3204,bf7e9f70,bbd9f658,bd955649,3d9610d9,bf7e9f70,bbd9f65f,bd955647,3d9610d8,1

9860,-84,187,-20,-2189,398,15634,-4103,2431,-3204,bf7ea131,bbfdfa54,bd947852,3d95f5e3,bf7ea132,bbfdfa5d,bd947851,3d95f5e2,1

9861,6,161,-45,-1921,-316,15414,-4085,2467,-3193,bf7ea33a,bbee47c4,bd937178,3d96356c,bf7ea33b,bbee47ce,bd937177,3d96356b,1

9862,46,86,18,-2406,514,15866,-4093,2405,-3173,bf7ea283,bc074e0b,bd93b97a,3d96054f,bf7ea284,bc074e10,bd93b979,3d96054e,1

9863,126,66,37,-2502,58,15882,-4093,2405,-3173,bf7e9ef0,bc099d2d,bd956c7a,3d95d2ec,bf7e9ef0,bc099d30,bd956c78,3d95d2eb,1

9864,136,126,37,-2436,132,15809,-4105,2393,-3249,bf7e9d77,bc131147,bd966998,3d95519f,bf7e9d77,bc131149,bd966996,3d95519e,1

9865,155,194,67,-2488,-22,15835,-4095,2455,-3196,bf7e9a9f,bc08c84f,bd970c33,3d960ad3,bf7e9a9f,bc08c851,bd970c31,3d960ad2,1

9866,144,251,93,-2560,-103,15871,-4097,2447,-3202,bf7e97df,bbfe3228,bd97bccd,3d96a458,bf7e97e0,bbfe322e,bd97bccc,3d96a457,1

9867,54,362,57,-2648,-8,15937,-4097,2447,-3202,bf7e94e6,bbf84629,bd988e8b,3d971bef,bf7e94e6,bbf8462e,bd988e89,3d971bed,1

9868,-13,476,5,-2680,4,16032,-4073,2395,-3291,bf7e93c0,bc0057a3,bd993442,3d96e251,bf7e93c0,bc0057a4,bd993440,3d96e24f,1

9869,-57,631,-41,-2715,-50,16091,-4101,2417,-3245,bf7e937b,bc00b40b,bd99653e,3d96cbcb,bf7e937c,bc00b40d,bd99653c,3d96cbca,1

9870,-118,818,-84,-2635,235,16053,-4101,2417,-3245,bf7e9587,bc0f4d37,bd98a716,3d967b2a,bf7e9587,bc0f4d38,bd98a713,3d967b28,1

9871,-125,1046,-112,-2187,-314,15734,-4117,2407,-3265,bf7e9d9f,bc0795c9,bd958daf,3d9647b7,bf7e9da0,bc0795cb,bd958dad,3d9647b6,1

9872,-218,1146,-100,-2167,-404,15819,-4121,2397,-3248,bf7ea5e4,bc013fc3,bd9251c2,3d960c8c,bf7ea5e4,bc013fc4,bd9251bf,3d960c8a,1

9873,-388,1147,-84,-1723,-744,15666,-4121,2397,-3248,bf7eae70,bbff9041,bd8ea997,3d95f6ff,bf7eae70,bbff9042,bd8ea994,3d95f6fd,1

9874,-623,1048,22,-1550,-892,15753,-4099,2439,-3233,bf7eb502,bc03217c,bd8b4073,3d9654cf,bf7eb502,bc03217c,bd8b4071,3d9654cd,1

9875,-867,946,283,-1707,-692,15886,-4087,2379,-3260,bf7eb98d,bc0b5ab7,bd880f98,3d9736a5,bf7eb98d,bc0b5ab7,bd880f96,3d9736a3,1

9876,-1069,912,605,-1391,-691,15773,-4087,2379,-3260,bf7ebc09,bc18fd9e,bd84a6bd,3d98fb45,bf7ebc09,bc18fd9d,bd84a6bb,3d98fb43,1

9877,-1218,864,931,-3089,2346,15914,-4093,2423,-3333,bf7eb763,bc409f38,bd830c95,3d9b9314,bf7eb763,bc409f36,bd830c94,3d9b9312,1

9878,-1038,989,-188,-1491,-388,15322,-4067,2367,-3315,bf7ebef0,bc4e628b,bd7ee4aa,3d9b32e4,bf7ebef0,bc4e6289,bd7ee4a8,3d9b32e2,1

9879,-558,1115,-1214,-1399,-284,15078,-4057,2359,-3307,bf7ece2b,bc542fe6,bd76e8c2,3d980570,bf7ece2b,bc542fe5,bd76e8c0,3d98056e,1

9880,-584,768,-1079,-1117,-1401,15477,-4057,2359,-3307,bf7ed914,bc57b4b2,bd71e7e2,3d955cb6,bf7ed914,bc57b4b1,bd71e7e0,3d955cb4,1

9881,-1024,515,-910,405,-2886,15597,-4045,2311,-3334,bf7ee180,bc65d92a,bd6d7c6a,3d933221,bf7ee180,bc65d929,bd6d7c68,3d93321f,1

9882,-1551,149,-198,-1993,1014,15952,-4053,2333,-3392,bf7ee022,bc8bdcf8,bd6cf201,3d92a7d4,bf7ee023,bc8bdcf8,bd6cf200,3d92a7d2,1

9883,-1484,10,-98,-2581,1602,15979,-4053,2333,-3392,bf7edbb5,bca3993e,bd6e5250,3d927c3f,bf7edbb5,bca3993d,bd6e524f,3d927c3d,1

9884,-1410,131,-423,-2691,1067,16229,-4109,2253,-3304,bf7ed974,bcb99a8f,bd6fc343,3d913bd3,bf7ed974,bcb99a8e,bd6fc341,3d913bd1,1

9885,-1472,382,-663,-1929,-997,16409,-4043,2293,-3301,bf7edc93,bcc434ed,bd6de707,3d8fc048,bf7edc91,bcc434ea,bd6de704,3d8fc045,1

9886,-1936,548,-507,-2072,-565,16485,-4043,2293,-3301,bf7ede12,bcd38a24,bd6b7005,3d8ebd35,bf7ede12,bcd38a22,bd6b7004,3d8ebd33,1

9887,-2527,692,-344,-2453,-69,16688,-4047,2261,-3392,bf7edc05,bcea7dd3,bd69b101,3d8e20e7,bf7edc06,bcea7dd2,bd69b101,3d8e20e6,1

9888,-3009,908,-359,-2418,179,16603,-4027,2221,-3304,bf7ed91e,bd03bf8f,bd670eb1,3d8d539a,bf7ed91e,bd03bf8e,bd670eb0,3d8d539a,1

9889,-3450,1176,-330,-1578,-1178,16642,-4027,2221,-3304,bf7ed7d7,bd1308d4,bd5fd08b,3d8d0cb5,bf7ed7d7,bd1308d3,bd5fd08a,3d8d0cb5,1

9890,-4214,1255,-142,-1035,-1998,16506,-4013,2193,-3347,bf7ed252,bd264b11,bd579217,3d8d67d8,bf7ed250,bd264b0f,bd579214,3d8d67d7,1

9891,-5317,1156,155,-1055,-2281,16701,-4037,2137,-3304,bf7ec4a6,bd3f3ecb,bd4faaa4,3d8ea139,bf7ec4a4,bd3f3ec9,bd4faaa1,3d8ea138,1

9892,-6734,995,308,-1047,-2402,16814,-4011,2121,-3392,bf7eac2c,bd5f9a9d,bd4837b6,3d907176,bf7eac2c,bd5f9a9c,bd4837b5,3d907176,1

9893,-8505,767,155,-997,-1997,16575,-4011,2121,-3392,bf7e85d1,bd84aacd,bd413c44,3d920dc2,bf7e85d1,bd84aacc,bd413c43,3d920dc2,1

9894,-10531,420,-287,-1153,-1136,16435,-4021,2003,-3313,bf7e4cfa,bd9eef41,bd3b3803,3d928ba3,bf7e4cfa,bd9eef40,bd3b3802,3d928ba3,1

9895,-12662,-82,-1015,430,-3006,15166,-4017,1919,-3223,bf7dfb5c,bdbefe44,bd3603ea,3d9149d7,bf7dfb5c,bdbefe43,bd3603e9,3d9149d7,1

9896,-14421,-448,-564,1246,-2618,13790,-4017,1919,-3223,bf7d853c,bde3ad75,bd31df20,3d914b14,bf7d853c,bde3ad74,bd31df1f,3d914b14,1

9897,-15274,-439,1547,-1624,2814,13807,-4027,1747,-3351,bf7cdaa2,be06527f,bd318b22,3d95ad4f,bf7cdaa3,be065280,bd318b22,3d95ad4f,1

9898,-15888,-405,2183,-2043,4317,13657,-4005,1621,-3241,bf7c0577,be1bca8c,bd30c009,3d9c6a63,bf7c0577,be1bca8c,bd30c008,3d9c6a62,1

9899,-16311,-389,1960,-2959,5581,13490,-4005,1621,-3241,bf7b0d3b,be31adf8,bd302cfa,3da2e97c,bf7b0d3a,be31adf7,bd302cf8,3da2e97b,1

9900,-16577,-123,1842,-3596,6316,13398,-4041,1535,-3278,bf79f3cb,be47bb4b,bd2e4ab2,3da94df3,bf79f3cb,be47bb4a,bd2e4ab0,3da94df3,1

9901,-17162,129,1007,-3888,6209,13204,-4017,1455,-3142,bf78b886,be5e50bf,bd2a70aa,3dadb5ad,bf78b887,be5e50be,bd2a70a9,3dadb5ae,1

9902,-17884,470,262,-3109,6520,12298,-4017,1455,-3142,bf7753a0,be75c24d,bd234f7b,3db0741c,bf77539f,be75c24a,bd234f78,3db0741b,1

9903,-18047,1250,612,-3308,9699,10677,-4015,1303,-3031,bf75c557,be86ae81,bd171273,3db4719c,bf75c556,be86ae7f,bd171270,3db4719b,1

9904,-17678,1878,866,-3709,11766,9594,-3985,1173,-3027,bf741b42,be9221cb,bd07f820,3db96a77,bf741b42,be9221ca,bd07f81e,3db96a77,1

9905,-17214,2056,-58,-2802,12221,9336,-4025,1023,-2866,bf7261f9,be9d394f,bcecb789,3dbbf841,bf7261f9,be9d394e,bcecb785,3dbbf841,1

9906,-16805,1983,-1186,-2753,12158,9549,-4025,1023,-2866,bf709b7a,bea7fef5,bcc70d0f,3dbb934e,bf709b7a,bea7fef4,bcc70d0b,3dbb934e,1

9907,-16611,1911,-2157,-2236,10550,9769,-3933,897,-2896,bf6ec327,beb290c5,bc9f0feb,3db898de,bf6ec326,beb290c4,bc9f0fe7,3db898dd,1

9908,-16730,2080,-2586,-553,8624,8958,-3931,773,-2794,bf6ccfa6,bebd11fa,bc6174d3,3db42a89,bf6ccfa6,bebd11fa,bc6174cc,3db42a89,1

9909,-17287,2298,-2073,-1468,6573,9899,-3931,773,-2794,bf6ac55c,bec7342b,bc0c0c76,3db1adad,bf6ac55c,bec7342b,bc0c0c6f,3db1adad,1

9910,-18231,2823,-731,-1508,5045,9010,-3913,667,-2746,bf6872f8,bed1c6ea,bb535212,3db316d2,bf6872f8,bed1c6ea,bb5351f6,3db316d2,1

9911,-19869,3643,651,-1441,5849,7778,-3885,539,-2576,bf65b9a3,bedd2ec5,3b1700a5,3db87233,bf65b9a1,bedd2ec3,3b1700c0,3db87232,1

9912,-22059,4077,1364,-1087,6938,4869,-3885,539,-2576,bf625f07,beea3482,3c099d61,3dbfbdd7,bf625f07,beea3482,3c099d69,3dbfbdd7,1

9913,-24167,4243,1725,-1059,9034,1300,-3915,467,-2487,bf5e7565,bef84426,3c74891b,3dc7edf8,bf5e7565,bef84426,3c748923,3dc7edf8,1

9914,-26503,4498,1841,-805,2929,-1434,-3875,341,-2311,bf59e825,bf03b061,3cb3248e,3dd0819a,bf59e825,bf03b061,3cb32492,3dd0819a,1

9915,-31127,4077,502,-752,-12138,-13851,-3875,341,-2311,bf5453c2,bf0c4eaf,3cf453d7,3dd4f979,bf5453c3,bf0c4eb0,3cf453dc,3dd4f97a,1

9916,-32765,2082,-2640,-3748,-21442,-12500,-3837,193,-1975,bf4e3f3f,bf151a90,3d1b7db5,3dcf5991,bf4e3f3f,bf151a90,3d1b7db7,3dcf5991,1

9917,-32768,200,-5330,-14529,32764,13688,-3795,71,-1574,bf47e788,bf1da787,3d3a7524,3dc13f37,bf47e787,bf1da787,3d3a7525,3dc13f36,1

9918,-26311,1118,-9392,17317,32764,-32639,-3737,59,-1341,bf42980d,bf244ba6,3d6ac92a,3dabbd3f,bf42980e,bf244ba7,3d6ac92d,3dabbd3f,1

9919,-2518,-208,466,-4405,9458,6516,-3737,59,-1341,bf421515,bf24e97e,3d66f5e0,3dac4427,bf421515,bf24e97d,3d66f5e1,3dac4426,1

9920,-736,-293,-214,652,19276,-5434,-3753,83,-1368,bf41cf27,bf2542b8,3d668cec,3daab39d,bf41cf27,bf2542b7,3d668cee,3daab39d,1

9921,-862,-30,-289,-464,16535,-2945,-3667,65,-1366,bf418263,bf25a08c,3d674320,3da97e84,bf418263,bf25a08b,3d674322,3da97e84,1

9922,-598,-162,-517,-353,16504,-2878,-3667,65,-1366,bf41462a,bf25ed21,3d682170,3da7a3da,bf41462b,bf25ed20,3d682173,3da7a3db,1

9923,-146,-104,-188,-445,16983,-3553,-3731,33,-1355,bf411f79,bf261e99,3d67e607,3da69df9,bf411f7b,bf261e99,3d67e60b,3da69dfb,1

9924,710,-120,-417,-862,17615,-3497,-3749,63,-1268,bf412902,bf2618f5,3d67e796,3da5404f,bf412903,bf2618f4,3d67e799,3da54050,1

9925,1391,-253,-963,308,16226,-2458,-3749,63,-1268,bf415ce6,bf25e564,3d69329b,3da28d9a,bf415ce6,bf25e562,3d69329d,3da28d9b,1

9926,1422,-288,-1019,-302,16245,-1822,-3725,39,-1325,bf419327,bf25af45,3d6a5d4a,3d9fc457,bf419327,bf25af43,3d6a5d4c,3d9fc458,1

9927,1259,-222,-959,99,16176,-2122,-3703,43,-1302,bf41bf86,bf258369,3d6bc429,3d9d25df,bf41bf87,bf258368,3d6bc42c,3d9d25e1,1

9928,1092,-265,-846,597,15767,-2756,-3703,43,-1302,bf41e1ca,bf25634c,3d6cd06f,3d9a9f31,bf41e1ca,bf25634b,3d6cd071,3d9a9f32,1

9929,1050,-437,-552,34,15575,-1480,-3735,9,-1370,bf420178,bf25475f,3d6c0740,3d986ff6,bf420179,bf25475f,3d6c0743,3d986ff8,1

9930,1007,-352,-276,54,15392,-1202,-3739,19,-1328,bf421ccb,bf252ed3,3d6aa4d6,3d96eb75,bf421ccc,bf252ed3,3d6aa4d9,3d96eb77,1

9931,780,-90,19,-172,15400,-1005,-3673,39,-1301,bf4228cf,bf252465,3d695137,3d966bf3,bf4228d0,bf252464,3d695139,3d966bf4,1

9932,320,60,147,104,15413,-1318,-3673,39,-1301,bf421a2c,bf253728,3d686e5c,3d965610,bf421a2e,bf253728,3d686e5f,3d965611,1

9933,-125,118,246,31,15862,-1735,-3701,7,-1380,bf41f231,bf25668e,3d679e3c,3d96851b,bf41f232,bf25668e,3d679e3e,3d96851c,1

9934,-311,137,368,1,16255,-2130,-3709,-13,-1326,bf41bee6,bf25a296,3d668849,3d96f25e,bf41bee7,bf25a295,3d66884a,3d96f25e,1

9935,-265,141,448,-82,16511,-2465,-3709,-13,-1326,bf418d4f,bf25dc31,3d65296e,3d978f32,bf418d4f,bf25dc30,3d65296e,3d978f31,1

9936,-85,101,435,-174,16406,-2178,-3725,55,-1304,bf4165db,bf260a6e,3d638f6c,3d9818a7,bf4165db,bf260a6d,3d638f6c,3d9818a6,1

9937,10,90,380,-137,16247,-2074,-3671,69,-1295,bf41441e,bf26322f,3d6214d3,3d988349,bf41441e,bf26322e,3d6214d3,3d988348,1

9938,-1,90,359,-285,16491,-2293,-3671,69,-1295,bf4121b7,bf265aaa,3d60a642,3d98e773,bf4121b6,bf265aa9,3d60a641,3d98e772,1

9939,90,81,278,-368,16482,-2253,-3743,5,-1324,bf4104d4,bf267cf7,3d5f66f2,3d992590,bf4104d4,bf267cf6,3d5f66f2,3d99258f,1

9940,248,114,171,-329,16481,-2264,-3729,-29,-1264,bf40f120,bf269487,3d5e995f,3d993ceb,bf40f120,bf269486,3d5e995f,3d993cea,1

9941,360,129,84,-293,16394,-2109,-3729,-29,-1264,bf40e42e,bf26a456,3d5e1d10,3d993118,bf40e42f,bf26a456,3d5e1d11,3d993117,1

9942,394,112,-14,-237,16311,-2045,-3733,-23,-1335,bf40d9ec,bf26b16b,3d5de7f4,3d98f06c,bf40d9ec,bf26b16a,3d5de7f4,3d98f06b,1

9943,386,110,-73,-141,16169,-2016,-3701,-3,-1330,bf40cfad,bf26bea7,3d5dec50,3d988de8,bf40cfae,bf26bea7,3d5dec51,3d988de7,1

9944,392,121,-62,-134,16323,-2176,-3701,-3,-1330,bf40c587,bf26cb99,3d5df311,3d98369f,bf40c588,bf26cb99,3d5df312,3d98369e,1

9945,471,116,-39,-157,16261,-2084,-3745,1,-1306,bf40bf90,bf26d3c2,3d5dd2d1,3d97e96f,bf40bf90,bf26d3c1,3d5dd2d1,3d97e96d,1

9946,531,118,-42,-307,16339,-1955,-3723,31,-1367,bf40bd06,bf26d7de,3d5da86d,3d97a624,bf40bd06,bf26d7de,3d5da86e,3d97a622,1

9947,508,121,-115,-274,16167,-1803,-3675,41,-1306,bf40b9cc,bf26dcfe,3d5dc329,3d973943,bf40b9cd,bf26dcfe,3d5dc32b,3d973942,1

9948,388,139,-203,-209,16228,-1861,-3675,41,-1306,bf40b071,bf26e937,3d5e4e20,3d96a1cf,bf40b072,bf26e937,3d5e4e22,3d96a1ce,1

9949,277,129,-262,-174,16232,-1894,-3725,39,-1296,bf40a14e,bf26fc64,3d5f0cf3,3d95e1bb,bf40a150,bf26fc65,3d5f0cf6,3d95e1bb,1

9950,216,135,-269,30,15975,-1981,-3751,49,-1290,bf408ec1,bf271370,3d5feac7,3d951845,bf408ec0,bf27136f,3d5feac7,3d951843,1

9951,173,142,-152,55,15934,-1916,-3751,49,-1290,bf407928,bf272d9a,3d606dca,3d948adf,bf407927,bf272d99,3d606dca,3d948add,1

9952,127,144,-6,-43,16101,-1918,-3739,69,-1334,bf406025,bf274b38,3d6071ae,3d944ce3,bf406025,bf274b37,3d6071af,3d944ce1,1

9953,71,145,60,-55,16162,-2041,-3693,61,-1343,bf4043a3,bf276c97,3d6044fc,3d9431a3,bf4043a3,bf276c97,3d6044fd,3d9431a1,1

9954,87,145,117,-90,16244,-2119,-3693,61,-1343,bf402798,bf278d3b,3d5fe2aa,3d94353c,bf402798,bf278d3b,3d5fe2ab,3d94353a,1

9955,135,142,149,-122,16209,-2034,-3681,29,-1370,bf400e2f,bf27aabd,3d5f5cc4,3d944cce,bf400e2e,bf27aabd,3d5f5cc4,3d944ccc,1

9956,163,144,152,-246,16447,-2128,-3719,33,-1349,bf3ff619,bf27c6af,3d5ec892,3d946952,bf3ff618,bf27c6b0,3d5ec893,3d946951,1

9957,208,138,84,-335,16539,-2105,-3719,33,-1349,bf3fe0f2,bf27df78,3d5e5f94,3d946502,bf3fe0f2,bf27df79,3d5e5f96,3d946501,1

9958,237,114,-50,-107,16144,-1949,-3715,-9,-1392,bf3fcea3,bf27f588,3d5e64f2,3d94100a,bf3fcea3,bf27f589,3d5e64f4,3d941009,1

9959,283,118,-94,-139,16459,-2260,-3733,23,-1382,bf3fbec5,bf2808da,3d5e8e41,3d93a913,bf3fbec4,bf2808da,3d5e8e42,3d93a911,1

9960,428,126,-81,-192,16467,-2117,-3741,-33,-1331,bf3fb6e8,bf2812f5,3d5e9f79,3d934fec,bf3fb6e7,bf2812f5,3d5e9f7a,3d934fea,1

9961,572,130,-101,-149,16206,-1921,-3741,-33,-1331,bf3fb746,bf2813b1,3d5eb99c,3d92f1e3,bf3fb745,bf2813b1,3d5eb99d,3d92f1e1,1

9962,588,135,-102,-90,16306,-2024,-3765,21,-1355,bf3fb85b,bf28138a,3d5edb7e,3d929518,bf3fb85b,bf28138b,3d5edb80,3d929516,1

9963,618,133,-95,-127,16230,-1917,-3703,61,-1331,bf3fbb2b,bf281173,3d5eee7e,3d923bdd,bf3fbb2b,bf281174,3d5eee80,3d923bdb,1

9964,622,126,-87,-100,16105,-1838,-3703,61,-1331,bf3fbe42,bf280f1d,3d5ef41e,3d91e2b3,bf3fbe41,bf280f1e,3d5ef41f,3d91e2b0,1

9965,542,120,-64,57,16001,-1898,-3693,7,-1408,bf3fbcfd,bf2811a0,3d5efa55,3d9191a9,bf3fbcfd,bf2811a2,3d5efa56,3d9191a6,1

9966,485,131,42,-42,16210,-1943,-3719,39,-1354,bf3fb7ac,bf28187b,3d5ea670,3d91774b,bf3fb7ab,bf28187b,3d5ea670,3d917747,1

9967,527,138,102,-119,16204,-1920,-3719,39,-1354,bf3fb449,bf281cec,3d5e1ac7,3d918223,bf3fb448,bf281cec,3d5e1ac7,3d91821f,1

9968,551,146,98,-150,16282,-1861,-3717,31,-1351,bf3fb248,bf281fb4,3d5d95ef,3d918fdc,bf3fb247,bf281fb4,3d5d95ef,3d918fd8,1

9969,591,158,55,30,16425,-2052,-3663,13,-1322,bf3fb2ad,bf281fb5,3d5d4fbc,3d918933,bf3fb2ac,bf281fb5,3d5d4fbc,3d91892f,1

9970,717,144,60,-84,15615,-1373,-3663,13,-1322,bf3fbaa2,bf28174b,3d5cdd31,3d9183c8,bf3fbaa2,bf28174b,3d5cdd32,3d9183c5,1

9971,517,162,153,-252,16316,-1672,-3719,99,-1340,bf3fb668,bf281c5f,3d5c2ea4,3d91b2f7,bf3fb667,bf281c5e,3d5c2ea4,3d91b2f4,1

9972,384,161,96,-228,16532,-1897,-3755,113,-1384,bf3faaf8,bf2829c0,3d5bc363,3d91c263,bf3faaf7,bf2829bf,3d5bc363,3d91c260,1

9973,404,112,7,-142,16540,-1984,-3699,31,-1387,bf3fa18f,bf28357c,3d5b8079,3d91908b,bf3fa18f,bf28357c,3d5b807a,3d919089,1

9974,546,90,-9,-122,16462,-1982,-3699,31,-1387,bf3fa032,bf283854,3d5b2979,3d915185,bf3fa032,bf283854,3d5b297a,3d915183,1

9975,700,90,-2,-166,16631,-2045,-3729,77,-1351,bf3fa717,bf2831d5,3d5ab5c0,3d911907,bf3fa716,bf2831d4,3d5ab5c0,3d911905,1

9976,893,90,-22,-107,16574,-2027,-3707,-17,-1319,bf3fb8e5,bf281eeb,3d5a4804,3d90db5b,bf3fb8e4,bf281eeb,3d5a4805,3d90db59,1

9977,1099,102,-21,-25,15772,-1475,-3707,-17,-1319,bf3fd67f,bf27fe74,3d59d3b8,3d90a59d,bf3fd680,bf27fe75,3d59d3bb,3d90a59c,1

9978,1032,113,41,-15,15650,-1220,-3709,83,-1359,bf3ff026,bf27e238,3d593742,3d90907a,bf3ff026,bf27e238,3d593743,3d909078,1

9979,844,147,116,-75,16211,-1600,-3725,55,-1414,bf3ffe7c,bf27d239,3d588f8d,3d90b1c2,bf3ffe7d,bf27d23a,3d588f8e,3d90b1c0,1

9980,813,162,186,-137,16147,-1506,-3725,55,-1414,bf400aad,bf27c456,3d57b6b7,3d90fd4a,bf400aae,bf27c456,3d57b6b8,3d90fd48,1

9981,783,170,215,-142,16098,-1366,-3735,9,-1314,bf40150b,bf27b884,3d56c8ea,3d9151e0,bf40150c,bf27b884,3d56c8eb,3d9151de,1

9982,705,182,255,-171,16344,-1558,-3719,33,-1374,bf401ab3,bf27b1c0,3d55cf28,3d91c334,bf401ab3,bf27b1bf,3d55cf27,3d91c331,1

9983,707,165,249,-179,16472,-1631,-3719,33,-1374,bf402080,bf27ab00,3d54ca1a,3d922a2c,bf402081,bf27aaff,3d54ca1a,3d922a29,1

9984,791,138,229,-218,16656,-1719,-3703,71,-1436,bf402b24,bf279ef5,3d53b55c,3d92839e,bf402b24,bf279ef3,3d53b55b,3d92839a,1

9985,943,113,184,-251,16252,-1396,-3691,49,-1414,bf403ed1,bf2788f5,3d529ae9,3d92bf22,bf403ed1,bf2788f3,3d529ae8,3d92bf1e,1

9986,975,106,141,-356,16347,-1392,-3715,73,-1397,bf405462,bf277100,3d51914b,3d92e3b7,bf405464,bf2770ff,3d51914c,3d92e3b4,1

9987,924,109,70,-245,16438,-1496,-3715,73,-1397,bf406779,bf275c04,3d50d8a7,3d92e036,bf40677a,bf275c03,3d50d8a7,3d92e032,1

9988,952,108,24,-183,15957,-1181,-3723,47,-1415,bf407cbb,bf2744a7,3d504856,3d92c3f3,bf407cbc,bf2744a6,3d504856,3d92c3ef,1

9989,884,118,11,-234,15715,-913,-3785,49,-1373,bf408e5b,bf273182,3d4fc68e,3d929e72,bf408e5b,bf273180,3d4fc68d,3d929e6d,1

9990,631,138,15,-216,15735,-917,-3785,49,-1373,bf4091f7,bf272e45,3d4f6fb4,3d927a59,bf4091f7,bf272e44,3d4f6fb4,3d927a54,1

9991,379,179,52,-184,15968,-1064,-3711,33,-1431,bf408772,bf273a9a,3d4f4705,3d9278c5,bf408773,bf273a9a,3d4f4706,3d9278c1,1

9992,246,204,98,-229,16240,-1240,-3727,23,-1428,bf407505,bf274f9c,3d4f19a3,3d9296d0,bf407506,bf274f9c,3d4f19a4,3d9296cc,1

9993,205,214,114,-282,16532,-1396,-3727,23,-1428,bf40600d,bf27675a,3d4ee9e2,3d92c243,bf40600d,bf276759,3d4ee9e1,3d92c23e,1

9994,277,205,71,-335,16561,-1348,-3747,73,-1480,bf404f5f,bf277a53,3d4ecc69,3d92dad2,bf404f60,bf277a52,3d4ecc69,3d92dacd,1

9995,389,204,8,-300,16860,-1647,-3769,67,-1404,bf4044d4,bf278680,3d4edab4,3d92d066,bf4044d5,bf27867f,3d4edab4,3d92d061,1

9996,608,180,-72,-280,16746,-1531,-3769,67,-1404,bf40470b,bf278486,3d4f023e,3d929968,bf40470c,bf278485,3d4f023e,3d929963,1

9997,840,158,-142,-213,16555,-1411,-3661,67,-1427,bf4056e5,bf27733b,3d4f453e,3d923f1b,bf4056e7,bf27733a,3d4f453f,3d923f16,1

9998,954,140,-191,-187,16142,-1136,-3693,75,-1449,bf406d9b,bf275a5f,3d4f94e5,3d91c6f4,bf406d9c,bf275a5e,3d4f94e5,3d91c6ee,1

9999,929,140,-203,-192,15985,-993,-3673,125,-1440,bf408317,bf2742fb,3d4fed9d,3d91468e,bf408318,bf2742fa,3d4fed9d,3d914688,1

10000,803,144,-185,-73,15949,-954,-3673,125,-1440,bf409195,bf273386,3d50501c,3d90c83c,bf409195,bf273384,3d50501b,3d90c835,1

10001,660,131,-118,-96,15688,-763,-3767,103,-1370,bf4097cc,bf272dbd,3d506a1c,3d905928,bf4097cd,bf272dbd,3d506a1d,3d905922,1

10002,463,140,-47,-186,15828,-735,-3715,67,-1447,bf409305,bf27342b,3d50627f,3d90174b,bf409306,bf27342a,3d50627f,3d901744,1

10003,250,153,-1,-135,16253,-1042,-3715,67,-1447,bf4081e2,bf274887,3d505be6,3d8feae7,bf4081e3,bf274886,3d505be6,3d8feae0,1

10004,180,149,16,-239,16419,-1095,-3729,1,-1498,bf406ce4,bf276133,3d5045b7,3d8fcbc4,bf406ce4,bf276131,3d5045b6,3d8fcbbd,1

10005,185,137,-7,-301,16485,-1106,-3743,49,-1404,bf405815,bf2779f8,3d502947,3d8f95ab,bf405816,bf2779f7,3d502946,3d8f95a5,1

10006,200,121,-103,-593,16208,-783,-3743,49,-1404,bf404504,bf279126,3d5030f4,3d8f326e,bf404505,bf279125,3d5030f3,3d8f3268,1

10007,90,142,-303,-465,16552,-1018,-3727,65,-1392,bf402cc2,bf27ae80,3d511723,3d8e6ac2,bf402cc4,bf27ae80,3d511722,3d8e6abd,1

10008,26,162,-521,-38,16745,-1413,-3689,43,-1457,bf40121b,bf27ceb3,3d530539,3d8d3581,bf40121c,bf27ceb2,3d530537,3d8d357c,1

10009,286,187,-534,139,17070,-1746,-3689,43,-1457,bf400576,bf27de83,3d550e16,3d8c0a7d,bf400576,bf27de81,3d550e13,3d8c0a77,1

10010,751,171,-368,118,15893,-991,-3719,79,-1449,bf401233,bf27d128,3d563f77,3d8b37aa,bf401234,bf27d127,3d563f75,3d8b37a6,1

10011,806,164,-195,28,15942,-801,-3731,73,-1471,bf402139,bf27c0dc,3d56c278,3d8abf5d,bf40213a,bf27c0db,3d56c276,3d8abf59,1

10012,587,144,-94,104,14609,185,-3713,57,-1501,bf40259d,bf27bcd8,3d56ec94,3d8a607d,bf40259f,bf27bcd8,3d56ec93,3d8a607a,1

10013,127,119,-30,361,17259,-2308,-3713,57,-1501,bf400d14,bf27d9c6,3d571419,3d8a103e,bf400d15,bf27d9c4,3d571416,3d8a103a,1

10014,547,50,34,-616,17753,-1334,-3697,59,-1480,bf400c5d,bf27dc18,3d5644a4,3d89eb93,bf400c5e,bf27dc16,3d5644a0,3d89eb8e,1

10015,1027,9,-88,519,15242,-1524,-3683,23,-1454,bf402701,bf27bfd4,3d55eb9a,3d8960e6,bf402702,bf27bfd2,3d55eb96,3d8960e1,1

10016,733,-92,-257,-199,16968,-1207,-3683,23,-1454,bf403300,bf27b5b9,3d559b9f,3d8861d9,bf403301,bf27b5b7,3d559b9b,3d8861d4,1

10017,868,-85,-285,-127,15624,-400,-3695,41,-1501,bf4047ac,bf27a1ad,3d555ca5,3d875a00,bf4047ad,bf27a1ab,3d555ca1,3d8759fb,1

10018,762,-16,-272,-293,16508,-783,-3703,63,-1484,bf405563,bf2794cc,3d5554ca,3d867a1c,bf405565,bf2794ca,3d5554c7,3d867a17,1

10019,743,54,-259,-15,15955,-566,-3703,63,-1484,bf40620c,bf278861,3d55a02b,3d85b319,bf40620d,bf27885f,3d55a027,3d85b314,1

10020,689,107,-214,75,15842,-590,-3711,25,-1470,bf406b3a,bf277f4d,3d56062f,3d851461,bf406b3b,bf277f4b,3d56062b,3d85145c,1

10021,555,152,-87,89,15810,-608,-3699,-49,-1471,bf406c3b,bf277edb,3d563974,3d84c68b,bf406c3b,bf277ed9,3d56396f,3d84c686,1

10022,421,168,28,49,15983,-645,-3699,-49,-1471,bf40651a,bf27875f,3d561f8e,3d84b73f,bf40651a,bf27875d,3d561f89,3d84b73a,1

10023,291,175,98,-2,16222,-751,-3701,11,-1526,bf40564c,bf279867,3d55d988,3d84cffc,bf40564d,bf279867,3d55d984,3d84cff8,1

10024,229,152,93,-49,16195,-692,-3687,13,-1523,bf404452,bf27ad52,3d558183,3d84db88,bf404451,bf27ad51,3d55817d,3d84db83,1

10025,158,136,62,-66,16500,-880,-3693,69,-1492,bf402e44,bf27c728,3d55372e,3d84cbdf,bf402e44,bf27c728,3d553729,3d84cbdb,1

10026,179,114,16,-72,16720,-1062,-3693,69,-1492,bf401983,bf27dfc6,3d54ff00,3d849d20,bf401983,bf27dfc6,3d54fefb,3d849d1c,1

10027,309,70,-57,-51,16718,-1065,-3693,73,-1510,bf400c93,bf27efff,3d54d2d1,3d843b6d,bf400c93,bf27efff,3d54d2cc,3d843b69,1

10028,461,20,-128,211,16795,-1556,-3697,37,-1579,bf400850,bf27f6c9,3d54c6ee,3d83a385,bf40084f,bf27f6c9,3d54c6e8,3d83a381,1

10029,656,-61,-205,-76,16509,-830,-3697,37,-1579,bf40106f,bf27f075,3d547d05,3d82d00a,bf40106e,bf27f076,3d547d00,3d82d007,1

10030,845,-51,-194,-1,16243,-706,-3705,13,-1542,bf4022f7,bf27de21,3d542531,3d8206e0,bf4022f6,bf27de22,3d54252c,3d8206dd,1

10031,894,-16,-156,34,15811,-439,-3671,-1,-1526,bf403848,bf27c82f,3d53cb7e,3d815f19,bf403847,bf27c830,3d53cb79,3d815f16,1

10032,794,25,-79,-3,15853,-330,-3671,-1,-1526,bf4047a2,bf27b883,3d535a40,3d80edf8,bf4047a1,bf27b884,3d535a3b,3d80edf5,1

10033,646,88,19,-61,15461,14,-3689,23,-1516,bf404e84,bf27b1cd,3d52d067,3d80c3b9,bf404e84,bf27b1ce,3d52d063,3d80c3b6,1

10034,438,163,112,54,16216,-581,-3705,79,-1508,bf4047fd,bf27b97f,3d5263ae,3d80deeb,bf4047fd,bf27b980,3d5263aa,3d80dee8,1

10035,289,168,146,8,16681,-889,-3705,79,-1508,bf40389f,bf27cb2a,3d51e9e7,3d810bdd,bf40389d,bf27cb2a,3d51e9e2,3d810bd9,1

10036,427,96,119,40,16152,-550,-3679,69,-1502,bf4031e1,bf27d3c2,3d51344a,3d810d1d,bf4031df,bf27d3c2,3d513445,3d810d19,1

10037,418,68,127,34,16355,-703,-3689,61,-1576,bf402ab2,bf27dcfe,3d5064d3,3d810cc6,bf402ab1,bf27dcff,3d5064ce,3d810cc2,1

10038,461,48,146,22,16707,-933,-3701,41,-1524,bf40256d,bf27e442,3d4f68f0,3d810bda,bf40256b,bf27e442,3d4f68ea,3d810bd6,1

10039,580,-5,84,79,16150,-752,-3701,41,-1524,bf402788,bf27e3be,3d4e68a4,3d80d4d3,bf402786,bf27e3be,3d4e689e,3d80d4cf,1

10040,560,-83,-38,-84,16210,-406,-3687,9,-1470,bf4029ea,bf27e401,3d4d7000,3d803e08,bf4029e9,bf27e402,3d4d6ffb,3d803e05,1

10041,516,-65,3,-66,15661,-70,-3689,23,-1517,bf402a51,bf27e642,3d4c6956,3d7f86f4,bf402a50,bf27e644,3d4c6952,3d7f86ef,1

10042,343,34,105,-86,15833,-154,-3689,23,-1517,bf402010,bf27f380,3d4b7aac,3d7f4780,bf40200f,bf27f382,3d4b7aa9,3d7f477c,1

10043,147,109,174,-150,16047,-289,-3719,27,-1536,bf400a0e,bf280d41,3d4aa75c,3d7f8b90,bf400a0e,bf280d43,3d4aa75a,3d7f8b8d,1

10044,34,145,169,-190,16527,-558,-3703,77,-1494,bf3fed1b,bf282e96,3d4a02cc,3d7fe00d,bf3fed1a,bf282e97,3d4a02c8,3d7fe009,1

10045,42,152,103,-217,16612,-631,-3703,77,-1494,bf3fd0d5,bf284f25,3d499df9,3d7ffb51,bf3fd0d4,bf284f25,3d499df4,3d7ffb4c,1

10046,96,147,-13,-254,16158,-530,-3719,79,-1468,bf3fb836,bf286bd1,3d498d97,3d7f9dfb,bf3fb835,bf286bd1,3d498d92,3d7f9df6,1

10047,57,136,-149,-156,17156,-932,-3743,41,-1501,bf3f9dcf,bf288abf,3d4a003f,3d7eac04,bf3f9dce,bf288abf,3d4a003a,3d7eabff,1

10048,197,134,-255,-152,15967,-323,-3743,41,-1501,bf3f8ca7,bf289f68,3d4ab963,3d7d5250,bf3f8ca7,bf289f69,3d4ab95e,3d7d524c,1

10049,178,176,-305,-65,15849,-280,-3661,-25,-1580,bf3f7b46,bf28b3c9,3d4be026,3d7bf77f,bf3f7b45,bf28b3c9,3d4be01f,3d7bf779,1

10050,6,211,-305,57,16020,-407,-3651,-15,-1605,bf3f6026,bf28d2c5,3d4d490f,3d7aabd5,bf3f6026,bf28d2c6,3d4d4909,3d7aabd0,1

10051,-115,220,-241,72,16276,-715,-3693,43,-1526,bf3f3cef,bf28fac9,3d4e83aa,3d79936f,bf3f3cee,bf28fac9,3d4e83a4,3d799369,1

10052,-164,217,-153,172,16033,-541,-3693,43,-1526,bf3f16eb,bf2925ca,3d4f78d2,3d78c37f,bf3f16eb,bf2925cb,3d4f78cd,3d78c37a,1

10053,-233,197,-100,92,16060,-470,-3687,11,-1514,bf3eed08,bf295536,3d50263c,3d78190c,bf3eed08,bf295537,3d502637,3d781907,1

10054,-328,186,-47,117,16191,-656,-3697,-33,-1517,bf3ebd65,bf298aff,3d50a61c,3d7795dc,bf3ebd65,bf298aff,3d50a616,3d7795d6,1

10055,-363,194,13,78,16414,-876,-3697,-33,-1517,bf3e8b1d,bf29c36f,3d50f93b,3d775a48,bf3e8b1d,bf29c36f,3d50f935,3d775a42,1

10056,-301,196,57,36,16341,-702,-3693,25,-1469,bf3e5c24,bf29f812,3d5115c9,3d774970,bf3e5c24,bf29f812,3d5115c3,3d77496a,1

10057,-261,189,22,27,16348,-793,-3719,61,-1455,bf3e2f4f,bf2a2a55,3d5143ce,3d770f3a,bf3e2f4f,bf2a2a55,3d5143c8,3d770f34,1

10058,-209,174,9,25,16582,-921,-3719,61,-1455,bf3e055c,bf2a596e,3d516b5a,3d76c053,bf3e055c,bf2a596e,3d516b54,3d76c04d,1

10059,-71,169,39,-13,16688,-975,-3745,87,-1535,bf3de311,bf2a7fce,3d516b80,3d76a457,bf3de312,bf2a7fce,3d516b7a,3d76a452,1

10060,101,161,63,46,16436,-851,-3699,65,-1466,bf3dca86,bf2a9b6a,3d513fb4,3d7695ea,bf3dca87,bf2a9b6a,3d513fae,3d7695e5,1

10061,219,143,45,10,16316,-759,-3699,65,-1466,bf3db8f0,bf2aaf7a,3d5103f2,3d766fb4,bf3db8f0,bf2aaf79,3d5103eb,3d766fae,1

10062,281,139,31,-92,16549,-926,-3683,87,-1383,bf3daa5e,bf2ac051,3d50bc80,3d763853,bf3daa5f,bf2ac051,3d50bc7a,3d76384e,1

10063,314,132,29,0,16235,-677,-3687,21,-1526,bf3d9ec6,bf2acdb7,3d508303,3d760b9f,bf3d9ec6,bf2acdb7,3d5082fc,3d760b99,1

10064,293,139,16,86,16124,-608,-3675,-7,-1498,bf3d9236,bf2adc2d,3d50647b,3d75ca7e,bf3d9236,bf2adc2c,3d506474,3d75ca77,1

10065,299,138,39,15,16207,-620,-3675,-7,-1498,bf3d85d8,bf2aea61,3d502859,3d75a6e2,bf3d85d8,bf2aea60,3d502852,3d75a6db,1

10066,337,136,21,-27,16484,-824,-3695,19,-1573,bf3d7b85,bf2af63b,3d4ffcc5,3d75834f,bf3d7b86,bf2af63b,3d4ffcbf,3d758349,1

10067,382,130,18,-67,16348,-661,-3643,13,-1585,bf3d7453,bf2afea4,3d4fc7e5,3d75622f,bf3d7453,bf2afea3,3d4fc7de,3d756229,1

10068,358,121,15,-3,16164,-643,-3643,13,-1585,bf3d6be9,bf2b087e,3d4f95bf,3d752def,bf3d6be9,bf2b087d,3d4f95b9,3d752de9,1

10069,292,116,38,127,15770,-406,-3677,25,-1484,bf3d5fb9,bf2b16c0,3d4f4cff,3d74e360,bf3d5fb9,bf2b16c0,3d4f4cfa,3d74e35b,1

10070,226,128,78,20,16135,-603,-3723,13,-1464,bf3d4ef1,bf2b29ed,3d4ee3f3,3d74cec3,bf3d4ef1,bf2b29ed,3d4ee3ee,3d74cebe,1

10071,202,128,65,-33,16349,-728,-3723,13,-1464,bf3d3ca7,bf2b3ec0,3d4e84e7,3d74b216,bf3d3ca7,bf2b3ec1,3d4e84e3,3d74b213,1

10072,217,123,62,-111,16468,-879,-3707,41,-1507,bf3d2b1d,bf2b52b2,3d4e214d,3d749f5d,bf3d2b1c,bf2b52b3,3d4e2148,3d749f59,1

10073,212,127,55,7,16168,-585,-3735,25,-1540,bf3d1a15,bf2b660b,3d4dd466,3d747f6e,bf3d1a13,bf2b660b,3d4dd460,3d747f69,1

10074,158,137,44,-21,15944,-498,-3735,25,-1540,bf3d063a,bf2b7c65,3d4d9b81,3d745bea,bf3d0639,bf2b7c66,3d4d9b7b,3d745be6,1

10075,62,136,44,47,16490,-858,-3719,7,-1580,bf3cec8a,bf2b990d,3d4d7bdf,3d74364a,bf3cec88,bf2b990e,3d4d7bd9,3d743645,1

10076,98,128,71,-154,16413,-692,-3673,33,-1438,bf3cd491,bf2bb40b,3d4d1299,3d742120,bf3cd48f,bf2bb40c,3d4d1293,3d74211b,1

10077,111,132,57,-18,16384,-750,-3665,-19,-1457,bf3cbd8d,bf2bcddf,3d4ccc12,3d73fc18,bf3cbd8b,bf2bcde0,3d4ccc0c,3d73fc13,1

10078,117,126,39,-126,16614,-978,-3665,-19,-1457,bf3ca690,bf2be7b3,3d4c87b5,3d73cc55,bf3ca68e,bf2be7b4,3d4c87af,3d73cc50,1

10079,157,115,23,-39,16236,-631,-3677,29,-1504,bf3c92cd,bf2bfe13,3d4c4b10,3d73806b,bf3c92cb,bf2bfe14,3d4c4b0a,3d738066,1

10080,142,121,-3,-3,16088,-574,-3727,-1,-1477,bf3c7e45,bf2c1553,3d4c2b9f,3d731437,bf3c7e43,bf2c1554,3d4c2b98,3d731432,1

10081,70,135,39,-2,16244,-700,-3727,-1,-1477,bf3c652a,bf2c3157,3d4bfba4,3d72db3d,bf3c6529,bf2c3158,3d4bfb9e,3d72db39,1

10082,42,136,47,-57,16192,-634,-3693,5,-1467,bf3c4aa3,bf2c4edd,3d4bc111,3d72ae17,bf3c4aa2,bf2c4ede,3d4bc10b,3d72ae13,1

10083,12,134,46,-26,16440,-841,-3699,31,-1452,bf3c2df0,bf2c6ec1,3d4b8b7b,3d72779b,bf3c2dee,bf2c6ec2,3d4b8b74,3d727796,1

10084,60,129,56,-81,16599,-872,-3699,31,-1452,bf3c13e7,bf2c8bba,3d4b3ed3,3d724f56,bf3c13e5,bf2c8bbb,3d4b3ecc,3d724f51,1

10085,154,121,34,-55,16368,-769,-3735,15,-1504,bf3bffbe,bf2ca24e,3d4afd1f,3d7214ea,bf3bffbd,bf2ca250,3d4afd18,3d7214e6,1

10086,186,121,14,-38,16298,-760,-3709,-33,-1532,bf3bedde,bf2cb656,3d4ad2f2,3d71cf15,bf3beddd,bf2cb658,3d4ad2eb,3d71cf11,1

10087,200,122,-6,-37,16310,-763,-3709,-33,-1532,bf3bdcec,bf2cc95c,3d4abb0d,3d71777c,bf3bdceb,bf2cc95e,3d4abb06,3d717778,1

10088,219,111,-13,110,15744,-433,-3701,9,-1440,bf3bcd87,bf2cdafe,3d4a9daa,3d70eaf0,bf3bcd85,bf2cdafe,3d4a9da2,3d70eaea,1

10089,132,130,32,12,16005,-559,-3701,79,-1386,bf3bb82d,bf2cf2ef,3d4a5e36,3d709613,bf3bb82b,bf2cf2ef,3d4a5e2e,3d70960d,1

10090,60,130,56,-48,16283,-716,-3701,79,-1386,bf3b9e4b,bf2d0fb4,3d4a0a92,3d705cbd,bf3b9e49,bf2d0fb4,3d4a0a8b,3d705cb8,1

10091,37,138,67,-85,16420,-795,-3649,41,-1465,bf3b8377,bf2d2d31,3d49c0e2,3d704c26,bf3b8375,bf2d2d31,3d49c0db,3d704c21,1

10092,77,136,50,-93,16476,-840,-3681,47,-1497,bf3b6b02,bf2d4817,3d4983c7,3d7030d8,bf3b6b00,bf2d4817,3d4983c0,3d7030d3,1

10093,132,129,12,-38,16315,-761,-3729,31,-1449,bf3b55cc,bf2d5fa8,3d495b4f,3d6fdbf9,bf3b55cb,bf2d5fa9,3d495b48,3d6fdbf5,1

10094,152,126,5,-76,16280,-710,-3729,31,-1449,bf3b41ec,bf2d75cf,3d492f99,3d6f8267,bf3b41eb,bf2d75d0,3d492f92,3d6f8263,1

10095,148,128,-2,-32,16299,-780,-3759,105,-1520,bf3b2dd8,bf2d8c0f,3d4918fd,3d6f291c,bf3b2dd5,bf2d8c0f,3d4918f5,3d6f2916,1

10096,149,130,-7,-23,16165,-704,-3729,91,-1503,bf3b1a1c,bf2da1ea,3d490805,3d6eca3c,bf3b1a1b,bf2da1eb,3d4907ff,3d6eca38,1

10097,133,144,15,-31,16127,-648,-3729,91,-1503,bf3b057f,bf2db88e,3d48f02c,3d6e8d41,bf3b057e,bf2db88f,3d48f026,3d6e8d3d,1

10098,76,160,45,-34,16120,-657,-3725,79,-1496,bf3aed70,bf2dd2b1,3d48d075,3d6e7895,bf3aed70,bf2dd2b2,3d48d070,3d6e7892,1

10099,23,176,76,-43,16215,-721,-3741,41,-1510,bf3ad222,bf2df012,3d48aac3,3d6e9262,bf3ad222,bf2df013,3d48aabe,3d6e925f,1

10100,-16,171,85,-29,16319,-823,-3741,41,-1510,bf3ab462,bf2e100f,3d487e73,3d6ead6d,bf3ab461,bf2e100f,3d487e6d,3d6ead69,1

10101,-18,161,79,-52,16312,-793,-3723,43,-1466,bf3a968a,bf2e3044,3d4845b0,3d6eb428,bf3a968b,bf2e3045,3d4845ac,3d6eb426,1

10102,-3,164,73,-91,16383,-859,-3733,5,-1482,bf3a7995,bf2e4f6a,3d4813cf,3d6ec168,bf3a7995,bf2e4f6a,3d4813ca,3d6ec165,1

10103,30,164,51,-94,16426,-889,-3733,5,-1482,bf3a5e9e,bf2e6c6c,3d47f3e8,3d6ebbec,bf3a5e9f,bf2e6c6d,3d47f3e4,3d6ebbea,1

10104,90,153,22,-71,16465,-910,-3707,89,-1537,bf3a4782,bf2e8551,3d47e9b4,3d6e9b08,bf3a4782,bf2e8551,3d47e9ae,3d6e9b04,1

10105,163,143,-7,-72,16413,-890,-3669,125,-1481,bf3a349a,bf2e99ec,3d47e254,3d6e4fb9,bf3a349a,bf2e99ec,3d47e24e,3d6e4fb5,1

10106,221,129,-21,-37,16344,-841,-3731,37,-1493,bf3a2564,bf2eaab6,3d47da4f,3d6deb5d,bf3a2565,bf2eaab6,3d47da4a,3d6deb5a,1

10107,254,112,-21,-29,16287,-839,-3731,37,-1493,bf3a1830,bf2eb982,3d47bfff,3d6d7913,bf3a1830,bf2eb981,3d47bff9,3d6d790f,1

10108,270,113,-8,-2,16293,-840,-3705,5,-1557,bf3a0c70,bf2ec696,3d47a90f,3d6d2119,bf3a0c70,bf2ec695,3d47a909,3d6d2115,1

10109,294,111,7,-21,16281,-820,-3709,57,-1469,bf3a0169,bf2ed30e,3d476e71,3d6cc76b,bf3a0169,bf2ed30d,3d476e6b,3d6cc767,1

10110,313,109,24,-45,16172,-695,-3709,57,-1469,bf39f7c6,bf2ede0f,3d471c08,3d6c7f26,bf39f7c8,bf2ede0f,3d471c04,3d6c7f24,1

10111,289,124,49,-46,16368,-865,-3697,65,-1470,bf39ec2b,bf2eeaf3,3d46c650,3d6c5e42,bf39ec2d,bf2eeaf2,3d46c64b,3d6c5e3f,1

10112,303,126,51,-74,16179,-731,-3729,75,-1450,bf39e17a,bf2ef6ea,3d46657c,3d6c3d6c,bf39e17b,bf2ef6e8,3d466576,3d6c3d68,1

10113,294,126,54,-75,16259,-733,-3729,75,-1450,bf39d64b,bf2f0363,3d4602c2,3d6c1eea,bf39d64d,bf2f0363,3d4602be,3d6c1ee8,1

10114,277,130,47,-72,16248,-711,-3657,-21,-1507,bf39cb16,bf2f0fb2,3d45bae7,3d6c0e58,bf39cb18,bf2f0fb1,3d45bae2,3d6c0e55,1

10115,254,140,47,-85,16293,-748,-3697,65,-1481,bf39bdee,bf2f1e0c,3d457595,3d6bfd10,bf39bdf0,bf2f1e0b,3d457590,3d6bfd0d,1

10116,250,134,57,-72,16298,-779,-3697,65,-1481,bf39b07a,bf2f2cbf,3d4523e3,3d6bee94,bf39b07c,bf2f2cbd,3d4523de,3d6bee90,1

10117,260,137,49,-64,16322,-778,-3747,21,-1440,bf39a35c,bf2f3b26,3d44d5c6,3d6bd148,bf39a35e,bf2f3b24,3d44d5c1,3d6bd143,1

10118,265,133,46,-92,16295,-756,-3713,53,-1460,bf3996ce,bf2f48ef,3d448627,3d6bb564,bf3996d0,bf2f48ed,3d448622,3d6bb55f,1

10119,264,128,32,-92,16181,-672,-3721,27,-1521,bf398b07,bf2f55db,3d444797,3d6b9310,bf398b09,bf2f55db,3d444794,3d6b930d,1

10120,209,120,18,-88,16239,-705,-3721,27,-1521,bf397c1f,bf2f6629,3d4413aa,3d6b57fe,bf397c20,bf2f6628,3d4413a6,3d6b57f9,1

10121,183,121,11,-90,16241,-725,-3697,45,-1446,bf396b42,bf2f78a4,3d43de3d,3d6b07cf,bf396b43,bf2f78a3,3d43de39,3d6b07ca,1

10122,165,122,2,-105,16182,-661,-3715,7,-1407,bf395967,bf2f8c39,3d43ab98,3d6aa886,bf395968,bf2f8c38,3d43ab94,3d6aa881,1

10123,121,138,1,-96,16238,-717,-3715,7,-1407,bf3944d9,bf2fa27c,3d438eff,3d6a5423,bf3944d8,bf2fa27a,3d438ef9,3d6a541c,1

10124,83,143,-5,-64,16266,-747,-3721,55,-1434,bf392e23,bf2fbaec,3d4385c7,3d69fbf3,bf392e23,bf2fbaea,3d4385c2,3d69fbed,1

10125,49,143,-14,-72,16325,-812,-3645,47,-1536,bf391664,bf2fd435,3d439c23,3d69b3f6,bf391665,bf2fd434,3d439c1f,3d69b3f2,1

10126,65,138,-13,-88,16377,-823,-3645,47,-1536,bf38ff9f,bf2fec7a,3d43a9a2,3d696bd5,bf38ffa0,bf2fec79,3d43a99e,3d696bd1,1

10127,119,132,-11,-11,16396,-890,-3705,15,-1503,bf38eb7a,bf300219,3d43ae23,3d691276,bf38eb7c,bf300219,3d43ae20,3d691273,1

10128,188,127,3,-68,16275,-765,-3741,79,-1532,bf38dba2,bf301332,3d4394c6,3d68ce59,bf38dba3,bf301331,3d4394c2,3d68ce54,1

10129,202,136,15,-82,16285,-780,-3741,79,-1532,bf38cc81,bf302371,3d437674,3d68a157,bf38cc82,bf302370,3d437670,3d68a152,1

10130,180,138,5,-88,16193,-727,-3681,49,-1534,bf38bcb3,bf303454,3d43677a,3d687089,bf38bcb5,bf303454,3d436777,3d687086,1

10131,151,134,6,-81,16370,-846,-3673,91,-1506,bf38aa9a,bf3047b3,3d4352e3,3d6834c6,bf38aa9a,bf3047b2,3d4352df,3d6834c1,1

10132,156,127,0,-55,16226,-733,-3731,59,-1429,bf389892,bf305b36,3d432f3b,3d67d6a7,bf389893,bf305b36,3d432f38,3d67d6a2,1

10133,165,124,12,-63,16353,-812,-3731,59,-1429,bf3886d5,bf306e6a,3d42fd3d,3d678440,bf3886d6,bf306e69,3d42fd3a,3d67843a,1

10134,189,134,15,-46,16154,-719,-3705,55,-1531,bf3877b4,bf307e98,3d42e4e8,3d675386,bf3877b4,bf307e96,3d42e4e4,3d675380,1

10135,163,130,33,-53,16097,-673,-3743,55,-1553,bf386744,bf30901e,3d42bb6a,3d673205,bf386745,bf30901d,3d42bb68,3d673201,1

10136,104,132,60,-70,16263,-762,-3743,55,-1553,bf3852fc,bf30a595,3d427e6d,3d672bdc,bf3852fe,bf30a594,3d427e6c,3d672bd8,1

10137,62,146,62,-107,16286,-765,-3721,47,-1474,bf383bb2,bf30be2a,3d423dab,3d6727a4,bf383bb2,bf30be28,3d423da8,3d67279e,1

10138,61,141,52,-115,16366,-824,-3719,75,-1489,bf38245a,bf30d6d0,3d4203c0,3d6718e2,bf38245a,bf30d6ce,3d4203bd,3d6718dc,1

10139,67,140,29,-107,16382,-848,-3719,75,-1489,bf380d76,bf30eefb,3d41df9e,3d66f2a0,bf380d78,bf30eefa,3d41df9d,3d66f29c,1

10140,103,132,3,-107,16370,-832,-3723,63,-1484,bf37f8ef,bf3104c9,3d41c864,3d66ad50,bf37f8f0,bf3104c7,3d41c862,3d66ad4b,1

10141,141,127,-14,4,16241,-899,-3679,79,-1518,bf37e6ff,bf3117d8,3d41d1a7,3d665164,bf37e700,bf3117d6,3d41d1a5,3d66515f,1

10142,198,124,-17,-57,16403,-908,-3679,79,-1518,bf37d86d,bf31276b,3d41ce61,3d65fbb1,bf37d86f,bf31276a,3d41ce61,3d65fbad,1

10143,272,122,-28,-73,16219,-748,-3719,75,-1497,bf37ce87,bf31323e,3d41c338,3d659896,bf37ce88,bf31323d,3d41c337,3d659891,1

10144,261,116,-27,-55,16246,-800,-3709,41,-1471,bf37c3c0,bf313e0b,3d41b1df,3d652b1b,bf37c3c0,bf313e09,3d41b1dd,3d652b15,1

10145,237,117,-17,-40,16160,-766,-3721,17,-1489,bf37b7df,bf314af0,3d419ef2,3d64c8a2,bf37b7e0,bf314aee,3d419ef0,3d64c89e,1

10146,232,125,12,-42,16196,-756,-3721,17,-1489,bf37aba0,bf31581a,3d4178a5,3d6489c5,bf37aba1,bf315818,3d4178a3,3d6489c1,1

10147,203,128,34,-65,16249,-779,-3659,-7,-1474,bf379db2,bf3166f1,3d414126,3d64661f,bf379db2,bf3166ef,3d414123,3d64661a,1

10148,186,128,43,-81,16209,-747,-3715,99,-1522,bf378ede,bf3176a8,3d41042d,3d644f4d,bf378ede,bf3176a7,3d41042a,3d644f49,1

10149,153,131,44,-104,16243,-749,-3715,99,-1522,bf377e25,bf318849,3d40c8b2,3d643d6c,bf377e26,bf318849,3d40c8b0,3d643d69,1

10150,125,134,35,-111,16327,-793,-3707,13,-1537,bf376c1e,bf319b2c,3d40a043,3d642b71,bf376c1e,bf319b2b,3d40a03e,3d642b6c,1

10151,138,140,30,-126,16392,-853,-3757,27,-1466,bf3759c7,bf31ae78,3d406fa8,3d640af3,bf3759c8,bf31ae78,3d406fa4,3d640aee,1

10152,173,142,15,-113,16370,-824,-3757,27,-1466,bf3749bd,bf31bf64,3d404dd9,3d63de46,bf3749bc,bf31bf62,3d404dd3,3d63de40,1

10153,204,129,-2,-104,16220,-741,-3699,73,-1462,bf373c18,bf31cdf3,3d402dc1,3d639661,bf373c18,bf31cdf2,3d402dbd,3d63965d,1

10154,183,138,-4,-95,16250,-772,-3721,45,-1414,bf372cb0,bf31de52,3d4012d3,3d63485a,bf372cb2,bf31de52,3d4012d2,3d634857,1

10155,166,138,-4,-80,16343,-815,-3721,45,-1414,bf371c36,bf31efc8,3d3ffc02,3d62f811,bf371c36,bf31efc7,3d3ffc00,3d62f80c,1

10156,169,128,-13,-62,16277,-814,-3713,45,-1508,bf370cf5,bf31ffe0,3d3ff8d4,3d62a889,bf370cf5,bf31ffdf,3d3ff8d2,3d62a884,1

10157,172,119,-7,-62,16267,-794,-3699,11,-1493,bf36fe0a,bf320fb6,3d3fe542,3d625592,bf36fe0a,bf320fb6,3d3fe541,3d62558e,1

10158,186,119,10,-86,16328,-842,-3707,49,-1553,bf36f033,bf321e4c,3d3fca4f,3d62234b,bf36f033,bf321e4c,3d3fca4e,3d622347,1

10159,208,124,9,-79,16281,-788,-3707,49,-1553,bf36e3f5,bf322b30,3d3fb413,3d61f51e,bf36e3f5,bf322b31,3d3fb413,3d61f51b,1

10160,215,118,19,-69,16230,-753,-3723,27,-1553,bf36d851,bf323780,3d3f8f15,3d61c99b,bf36d851,bf323780,3d3f8f15,3d61c997,1

10161,211,132,37,-101,16329,-797,-3725,53,-1474,bf36cb3a,bf324554,3d3f5086,3d61aea2,bf36cb39,bf324553,3d3f5086,3d61ae9d,1

10162,210,128,30,-118,16312,-804,-3725,53,-1474,bf36be22,bf32532d,3d3f12be,3d618ba4,bf36be23,bf32532d,3d3f12c0,3d618ba1,1

10163,220,129,11,-116,16354,-811,-3737,25,-1533,bf36b264,bf325f85,3d3ef4bf,3d61654d,bf36b265,bf325f84,3d3ef4c0,3d616549,1

10164,246,126,-1,-107,16351,-798,-3717,71,-1467,bf36a7a2,bf326b07,3d3ecfc0,3d6121c9,bf36a7a2,bf326b05,3d3ecfc0,3d6121c4,1

10165,261,126,-18,-105,16363,-830,-3717,71,-1467,bf369dbe,bf3275a6,3d3eba8b,3d60cf2c,bf369dbf,bf3275a5,3d3eba8c,3d60cf28,1

10166,282,120,-31,-89,16288,-763,-3769,67,-1478,bf36956b,bf327ebd,3d3eaafd,3d606884,bf36956c,bf327ebc,3d3eaafe,3d606880,1

10167,296,113,-34,-65,16298,-790,-3727,65,-1506,bf368e5f,bf32867c,3d3ea31c,3d5fffb5,bf368e61,bf32867c,3d3ea31e,3d5fffb2,1

10168,303,121,-14,-42,16235,-775,-3727,65,-1506,bf3687ba,bf328dbd,3d3e92c9,3d5faefc,bf3687bc,bf328dbc,3d3e92ca,3d5faef8,1

10169,309,124,15,-55,16138,-693,-3707,57,-1452,bf368136,bf3294ec,3d3e5b92,3d5f740a,bf368138,bf3294eb,3d3e5b93,3d5f7406,1

10170,281,135,49,-39,16250,-766,-3711,-5,-1539,bf3679b4,bf329cca,3d3e29e8,3d5f75da,bf3679b6,bf329cc9,3d3e29e9,3d5f75d6,1

10171,271,137,70,-78,16191,-702,-3711,43,-1585,bf367259,bf32a461,3d3dec77,3d5f9c2e,bf36725a,bf32a45f,3d3dec77,3d5f9c29,1

10172,252,140,76,-106,16266,-713,-3711,43,-1585,bf3669ce,bf32ad1f,3d3da9c0,3d5fce12,bf3669d0,bf32ad1e,3d3da9c0,3d5fce0e,1

10173,243,144,72,-124,16366,-794,-3761,63,-1472,bf365eb8,bf32b8b7,3d3d4f1e,3d5fe385,bf365eba,bf32b8b6,3d3d4f1e,3d5fe381,1

10174,243,139,61,-123,16265,-706,-3761,39,-1483,bf36545b,bf32c395,3d3cfc21,3d5fec34,bf36545d,bf32c395,3d3cfc22,3d5fec31,1

10175,219,135,50,-162,16319,-708,-3761,39,-1483,bf3648b0,bf32cfd4,3d3cabf3,3d5feac4,bf3648b0,bf32cfd2,3d3cabf2,3d5feac0,1

10176,212,131,24,-119,16291,-706,-3675,49,-1500,bf363d66,bf32dba5,3d3c8025,3d5fced3,bf363d68,bf32dba5,3d3c8026,3d5fced1,1

10177,212,138,8,-98,16363,-785,-3745,47,-1532,bf3631e6,bf32e796,3d3c733c,3d5faacd,bf3631e7,bf32e795,3d3c733b,3d5faac9,1

10178,244,135,5,-129,16447,-844,-3745,47,-1532,bf36280d,bf32f1dc,3d3c6033,3d5f883e,bf36280e,bf32f1db,3d3c6032,3d5f883a,1

10179,297,125,-14,-99,16418,-813,-3715,47,-1600,bf3622b7,bf32f77a,3d3c6a6a,3d5f5ad5,bf3622b7,bf32f778,3d3c6a68,3d5f5ad0,1

10180,351,119,-26,-70,16400,-831,-3697,47,-1499,bf361f5e,bf32fb57,3d3c6082,3d5f0526,bf361f5f,bf32fb56,3d3c6081,3d5f0523,1

10181,422,111,-16,-39,16268,-729,-3697,47,-1499,bf3620ba,bf32fa7b,3d3c4395,3d5eb0c2,bf3620bc,bf32fa7b,3d3c4394,3d5eb0c0,1

10182,442,114,7,-98,16322,-718,-3725,13,-1493,bf36230f,bf32f89b,3d3c0701,3d5e7d78,bf362310,bf32f89a,3d3c06ff,3d5e7d75,1

10183,432,91,-25,-35,16166,-605,-3685,23,-1514,bf362623,bf32f626,3d3be28c,3d5e11bc,bf362623,bf32f625,3d3be28a,3d5e11b8,1

10184,478,72,-62,-128,16497,-770,-3701,79,-1509,bf362aea,bf32f228,3d3bbb92,3d5d7f31,bf362aeb,bf32f227,3d3bbb91,3d5d7f2e,1

10185,523,80,-55,-89,16315,-669,-3701,79,-1509,bf3632cc,bf32eaef,3d3b9677,3d5cf794,bf3632cc,bf32eaee,3d3b9675,3d5cf790,1

10186,563,94,-39,-109,16383,-657,-3737,57,-1517,bf363cee,bf32e149,3d3b69c1,3d5c9299,bf363cef,bf32e148,3d3b69bf,3d5c9296,1

10187,597,108,-14,-57,16201,-552,-3709,91,-1501,bf364949,bf32d547,3d3b3357,3d5c4887,bf364949,bf32d545,3d3b3355,3d5c4883,1

10188,602,131,31,-42,16318,-661,-3709,91,-1501,bf3654f6,bf32c9b4,3d3aec44,3d5c3e2c,bf3654f8,bf32c9b3,3d3aec43,3d5c3e2a,1

10189,610,143,68,-229,15957,-457,-3765,55,-1591,bf366312,bf32bb53,3d3a802a,3d5c97bf,bf366313,bf32bb51,3d3a8029,3d5c97bc,1

10190,538,137,58,-188,15732,-174,-3739,63,-1587,bf366f56,bf32aee7,3d3a1ea5,3d5cd6dd,bf366f58,bf32aee6,3d3a1ea5,3d5cd6da,1

10191,298,156,63,-131,16107,-484,-3739,63,-1587,bf366ae6,bf32b359,3d39edef,3d5d10f0,bf366ae7,bf32b357,3d39edee,3d5d10ec,1

10192,168,153,43,-137,16510,-739,-3703,55,-1529,bf365cd3,bf32c1c4,3d39cbed,3d5d213e,bf365cd4,bf32c1c2,3d39cbec,3d5d213a,1

10193,268,133,21,-101,16286,-556,-3667,17,-1577,bf3656ec,bf32c7e8,3d39b727,3d5d186b,bf3656ee,bf32c7e7,3d39b726,3d5d1868,1

10194,292,137,42,-131,16423,-599,-3667,17,-1577,bf365216,bf32ccea,3d398c88,3d5d2dce,bf365217,bf32cce8,3d398c87,3d5d2dca,1

10195,342,122,32,-164,16495,-639,-3677,29,-1549,bf364f8f,bf32cfc3,3d394c8c,3d5d2bf5,bf364f90,bf32cfc1,3d394c8b,3d5d2bf1,1

10196,402,117,-6,-132,16380,-579,-3693,15,-1511,bf36508a,bf32cf32,3d392154,3d5cf598,bf36508b,bf32cf30,3d392153,3d5cf594,1

10197,441,125,-30,-95,16244,-507,-3725,89,-1490,bf3653b0,bf32cc79,3d390d11,3d5ca1e2,bf3653b2,bf32cc78,3d390d11,3d5ca1df,1

10198,437,127,-21,-81,16261,-519,-3725,89,-1490,bf36567b,bf32ca17,3d38f4ea,3d5c5685,bf36567c,bf32ca14,3d38f4e8,3d5c5680,1

10199,427,133,-21,-127,16281,-472,-3699,23,-1530,bf3659cb,bf32c6fe,3d38e81f,3d5c25b2,bf3659cd,bf32c6fc,3d38e81e,3d5c25ae,1

10200,432,145,-19,-84,16247,-476,-3663,59,-1471,bf365c88,bf32c483,3d38ddf2,3d5bee12,bf365c89,bf32c480,3d38ddf0,3d5bee0d,1

10201,440,149,1,-86,16325,-513,-3663,59,-1471,bf365f6a,bf32c1d4,3d38c47b,3d5bcea1,bf365f6b,bf32c1d2,3d38c479,3d5bce9d,1

10202,441,154,7,-54,16052,-391,-3661,71,-1491,bf36634d,bf32be0a,3d38b1bc,3d5bb803,bf36634e,bf32be08,3d38b1ba,3d5bb7ff,1

10203,395,154,32,-44,16163,-429,-3727,25,-1479,bf3663c7,bf32bdc4,3d3887c7,3d5baf7a,bf3663c8,bf32bdc1,3d3887c4,3d5baf75,1

10204,345,161,46,-94,16274,-441,-3727,25,-1479,bf366123,bf32c098,3d385314,3d5bbff1,bf366124,bf32c095,3d385311,3d5bbfec,1

10205,343,151,63,-123,16492,-541,-3711,-33,-1500,bf365e47,bf32c3a0,3d380a15,3d5be46d,bf365e49,bf32c39f,3d380a14,3d5be46a,1

10206,405,136,62,-111,16479,-530,-3699,25,-1559,bf366000,bf32c1fe,3d37c00d,3d5c08c9,bf366001,bf32c1fc,3d37c00b,3d5c08c4,1

10207,503,129,70,-100,16625,-602,-3699,25,-1559,bf366707,bf32bafd,3d3763ef,3d5c3209,bf366708,bf32bafb,3d3763ed,3d5c3204,1

10208,639,120,68,-93,16652,-602,-3695,27,-1588,bf367682,bf32ab5e,3d37016b,3d5c5eac,bf367684,bf32ab5d,3d370169,3d5c5ea8,1

10209,805,105,70,-172,16272,-336,-3699,51,-1561,bf3690dd,bf3290d1,3d366860,3d5c8e22,bf3690df,bf3290d0,3d36685d,3d5c8e1d,1

10210,910,102,68,-106,16757,-625,-3697,65,-1616,bf36b037,bf327104,3d35e7d9,3d5cc0a8,bf36b038,bf327102,3d35e7d5,3d5cc0a1,1

10211,1095,104,81,-141,16112,-227,-3697,65,-1616,bf36dcf5,bf32436a,3d354485,3d5d12c8,bf36dcf6,bf324368,3d354481,3d5d12c1,1

10212,1123,125,88,-154,16410,-317,-3677,67,-1584,bf3709a0,bf3215b2,3d34a1f4,3d5d78d6,bf3709a1,bf3215b1,3d34a1f1,3d5d78d0,1

10213,1121,125,75,-162,16620,-398,-3681,99,-1586,bf373546,bf31e8f6,3d340bb0,3d5dd13b,bf373546,bf31e8f4,3d340bac,3d5dd134,1

10214,1214,113,34,-201,16460,-212,-3681,99,-1586,bf376781,bf31b57e,3d337efd,3d5e01aa,bf376783,bf31b57e,3d337efa,3d5e01a5,1

10215,1330,114,-9,-319,16096,36,-3705,65,-1621,bf37a2dc,bf31786d,3d32fee5,3d5e31aa,bf37a2dd,bf31786c,3d32fee1,3d5e31a4,1

10216,1391,120,-61,-236,16670,-183,-3709,9,-1602,bf37df69,bf313a08,3d32c16b,3d5e1d89,bf37df6a,bf313a07,3d32c167,3d5e1d83,1

10217,1480,127,-86,-79,16312,-69,-3709,9,-1602,bf3821a5,bf30f590,3d32b444,3d5de091,bf3821a7,bf30f58f,3d32b441,3d5de08b,1

10218,1529,118,-91,-53,15371,524,-3721,111,-1580,bf386b56,bf30a95e,3d328eb1,3d5d8246,bf386b57,bf30a95b,3d328eac,3d5d823e,1

10219,1257,123,-28,67,15518,406,-3753,49,-1562,bf38a259,bf307071,3d325b4d,3d5d37b2,bf38a25c,bf30706f,3d325b49,3d5d37ac,1

10220,952,112,73,65,15790,286,-3753,49,-1562,bf38c594,bf304c14,3d31d4f3,3d5d3722,bf38c597,bf304c12,3d31d4ef,3d5d371c,1

10221,818,93,200,-65,16306,102,-3715,85,-1552,bf38de9c,bf303258,3d30b87e,3d5db239,bf38de9f,bf303256,3d30b879,3d5db233,1

10222,856,93,264,-113,16932,-189,-3723,31,-1553,bf38f7b3,bf301861,3d2f5d8d,3d5e781d,bf38f7b7,bf301860,3d2f5d88,3d5e7818,1

10223,1094,72,254,-195,16817,-161,-3701,63,-1653,bf392007,bf2fee4e,3d2df56f,3d5f5348,bf392008,bf2fee4a,3d2df567,3d5f5340,1

10224,1381,61,233,-85,16876,-59,-3701,63,-1653,bf39597f,bf2fb233,3d2c9422,3d600b01,bf395981,bf2fb230,3d2c941c,3d600afa,1

10225,1658,61,279,-171,17289,-203,-3755,35,-1588,bf39a04e,bf2f67ea,3d2ad396,3d60f700,bf39a050,bf2f67e7,3d2ad390,3d60f6f9,1

10226,2066,23,241,-278,18146,-508,-3789,27,-1589,bf39fcf8,bf2f0684,3d28e93e,3d61bb70,bf39fcfb,bf2f0682,3d28e938,3d61bb6a,1

10227,2683,-1,132,-365,16850,267,-3789,27,-1589,bf3a8097,bf2e7b87,3d26fd84,3d622aa2,bf3a8099,bf2e7b84,3d26fd7d,3d622a9a,1

10228,3041,43,80,-243,16666,450,-3723,69,-1697,bf3b1ade,bf2dd6ca,3d258615,3d62acb3,bf3b1ae1,bf2dd6c8,3d25860f,3d62acac,1

10229,3222,57,49,-65,16717,410,-3733,77,-1701,bf3bbda2,bf2d27b0,3d244b83,3d630210,bf3bbda5,bf2d27ae,3d244b7d,3d630209,1

10230,3385,14,9,-137,16281,856,-3733,77,-1701,bf3c6bab,bf2c6b77,3d22e7f9,3d631661,bf3c6bae,bf2c6b75,3d22e7f3,3d63165a,1

10231,3458,-3,22,-52,16033,1092,-3767,67,-1755,bf3d1f15,bf2ba7da,3d21824a,3d632181,bf3d1f17,bf2ba7d8,3d218243,3d632179,1

10232,3469,0,119,9,16744,758,-3721,61,-1726,bf3dccd5,bf2ae8ce,3d1fc445,3d63816c,bf3dccd6,bf2ae8cc,3d1fc43e,3d638163,1

10233,3672,-41,180,-124,16966,875,-3721,61,-1726,bf3e8467,bf2a1d72,3d1d7afb,3d6413c2,bf3e8469,bf2a1d71,3d1d7af5,3d6413ba,1

10234,3995,-85,196,-182,17048,1013,-3743,67,-1764,bf3f4d26,bf293d34,3d1adb53,3d64aa41,bf3f4d29,bf293d34,3d1adb4e,3d64aa3a,1

10235,4379,-117,207,-146,17217,1111,-3735,97,-1844,bf402a96,bf284347,3d1813b9,3d654c1a,bf402a97,bf284345,3d1813b2,3d654c11,1

10236,4840,-148,232,-264,17525,1119,-3727,87,-1846,bf411e7c,bf272cff,3d14da33,3d660ca0,bf411e7e,bf272cfe,3d14da2d,3d660c98,1

10237,5414,-183,221,-358,17746,1247,-3727,87,-1846,bf422f58,bf25f1f1,3d1146f0,3d66c17a,bf422f59,bf25f1ef,3d1146e9,3d66c171,1

10238,6060,-214,142,-283,17448,1490,-3743,125,-1931,bf436253,bf248a8a,3d0dc7d7,3d672b80,bf436254,bf248a88,3d0dc7d0,3d672b77,1

10239,6636,-238,86,-219,15909,2339,-3725,155,-1943,bf44b7be,bf22f498,3d0a3845,3d675307,bf44b7c1,bf22f497,3d0a3840,3d6752ff,1

10240,6829,-213,136,-93,16217,2300,-3725,155,-1943,bf460fdd,bf215443,3d0699f8,3d67a2b9,bf460fe0,bf215441,3d0699f3,3d67a2b1,1

10241,7004,-239,149,-123,16447,2377,-3757,205,-2039,bf476cca,bf1fa6ad,3d02de55,3d6808c6,bf476ccb,bf1fa6aa,3d02de4f,3d6808bc,1

10242,7225,-352,90,-171,15229,3609,-3745,147,-2079,bf48e16a,bf1dd461,3cfd981d,3d67dfc8,bf48e16b,bf1dd45e,3cfd9811,3d67dfbe,1

10243,7166,-338,157,-346,15466,3770,-3745,147,-2079,bf4a48a6,bf1c0a36,3cf47825,3d681d6a,bf4a48a7,bf1c0a33,3cf4781a,3d681d61,1

10244,7166,-312,246,-427,15951,3851,-3753,231,-2135,bf4ba76c,bf1a41c7,3ceb0729,3d68e8f2,bf4ba76e,bf1a41c5,3ceb071f,3d68e8eb,1

10245,7341,-255,303,-372,15778,4159,-3745,251,-2171,bf4d0b5e,bf186919,3ce1c840,3d6a147c,bf4d0b5f,bf186917,3ce1c834,3d6a1474,1

10246,7608,-170,419,-670,16578,4007,-3745,251,-2171,bf4e6feb,bf16854e,3cd7bfbc,3d6c1a69,bf4e6feb,bf16854b,3cd7bfaf,3d6c1a60,1

10247,8091,-63,428,-430,17149,3745,-3757,243,-2274,bf4fe466,bf1480a4,3ccef6b2,3d6e672f,bf4fe466,bf1480a1,3ccef6a5,3d6e6726,1

10248,8816,-83,267,-178,17400,3477,-3781,247,-2293,bf517532,bf1249aa,3cc6cef6,3d6fdb3d,bf517534,bf1249a8,3cc6ceea,3d6fdb35,1

10249,9544,-311,-59,-298,16326,4320,-3781,247,-2293,bf5325d8,bf0fda60,3cbdf52d,3d6f47ec,bf5325d9,bf0fda5e,3cbdf521,3d6f47e4,1

10250,10081,-537,-324,7,14289,5493,-3779,313,-2476,bf54fb45,bf0d2640,3cb681cd,3d6ce1ad,bf54fb46,bf0d263e,3cb681c0,3d6ce1a5,1

10251,10150,-690,-324,-239,13360,6448,-3789,375,-2406,bf56e067,bf0a4742,3cac1a09,3d6a2ff5,bf56e067,bf0a473f,3cac19fb,3d6a2fec,1

10252,9947,-768,-190,60,12654,7019,-3797,393,-2563,bf58b5df,bf076a42,3ca18068,3d67cb97,bf58b5df,bf076a3f,3ca1805b,3d67cb8e,1

10253,9603,-843,-43,73,12258,7064,-3797,393,-2563,bf5a717f,bf04a14a,3c95d10a,3d65917e,bf5a7180,bf04a148,3c95d0ff,3d659175,1

10254,9213,-929,211,-411,11988,8714,-3779,489,-2608,bf5c1139,bf01f09e,3c85df5e,3d64d051,bf5c113a,bf01f09c,3c85df54,3d64d048,1

10255,8880,-741,747,-41,10521,8903,-3817,493,-2600,bf5d96a6,befea9c7,3c6ad31c,3d669dd0,bf5d96a7,befea9c3,3c6ad308,3d669dc7,1

10256,8348,-445,1448,-37,11300,8706,-3817,493,-2600,bf5efc32,bef9affb,3c498760,3d6c1ba2,bf5efc33,bef9aff7,3c49874c,3d6c1b99,1

10257,7969,-262,2087,-581,13899,8249,-3837,573,-2732,bf602de7,bef540b6,3c25047d,3d75ab88,bf602de9,bef540b3,3c250469,3d75ab80,1

10258,8265,-213,2115,-1724,18709,6873,-3867,611,-2766,bf61541c,bef0deeb,3bfc41d7,3d7f3c0f,bf61541d,bef0dee7,3bfc41af,3d7f3c06,1

10259,9577,-366,1381,-1296,12841,8731,-3867,611,-2766,bf62c095,beeb5da8,3ba8df48,3d830ff1,bf62c096,beeb5da4,3ba8df22,3d830fec,1

10260,9895,-259,942,-621,12990,8749,-3887,651,-2789,bf642916,bee5cccf,3b66bc7f,3d84e5d5,bf642917,bee5cccb,3b66bc31,3d84e5d0,1

10261,9867,-465,557,-591,13450,8483,-3815,755,-2909,bf6583c1,bee05147,3afc3124,3d85ac4b,bf6583c2,bee05142,3afc3084,3d85ac46,1

10262,10086,-822,111,-1069,11613,9215,-3815,755,-2909,bf66f57b,beda4fd0,b96b60be,3d859efa,bf66f57b,beda4fcb,b96b663c,3d859ef5,1

10263,10242,-1014,-177,-757,13986,8934,-3855,829,-3040,bf684c1b,bed49d8d,bb0bdc82,3d84052a,bf684c1d,bed49d8a,bb0bdcdd,3d840526,1

10264,10805,-1211,-495,-1094,12909,9508,-3873,907,-3044,bf69afd1,bece84cf,bb8b0597,3d81b05c,bf69afd3,bece84cb,bb8b05c4,3d81b057,1

10265,11339,-1383,-922,-984,8492,11173,-3893,977,-3049,bf6b3abe,bec785cb,bbd3873e,3d7bfd62,bf6b3ac0,bec785c7,bbd3876a,3d7bfd57,1

10266,10956,-1344,-979,-562,6605,12278,-3893,977,-3049,bf6cabc4,bec0b8ad,bc0b9923,3d7415ba,bf6cabc4,bec0b8a8,bc0b9938,3d7415ad,1

10267,10032,-1186,-390,-425,5359,13164,-3895,1073,-3054,bf6df084,beba6fca,bc2dbdfb,3d6f55b6,bf6df086,beba6fc7,bc2dbe11,3d6f55ab,1

10268,9022,-960,543,-825,6247,13468,-3899,1109,-3089,bf6f0826,beb4b75e,bc51dc96,3d6fb2d1,bf6f0828,beb4b75b,bc51dcac,3d6fb2c6,1

10269,8206,-633,1473,-1415,7337,12835,-3899,1109,-3089,bf6ffaf9,beaf71a4,bc772803,3d757702,bf6ffafb,beaf71a1,bc772819,3d7576f7,1

10270,8035,-306,2011,-1667,9900,12635,-3927,1191,-3132,bf70dc81,beaa41ca,bc8e4fba,3d7f9557,bf70dc83,beaa41c7,bc8e4fc6,3d7f954c,1

10271,7857,-328,1579,-2019,9660,12980,-3907,1299,-3163,bf71b29f,bea53003,bca00a27,3d83cf20,bf71b29f,bea52fff,bca00a31,3d83cf1a,1

10272,7938,-168,1303,-2137,10973,12270,-3907,1299,-3163,bf726f06,bea0961d,bcaf4772,3d87089b,bf726f07,bea0961a,bcaf477b,3d870895,1

10273,8523,56,1015,-2248,10630,12401,-3921,1353,-3149,bf733692,be9b98dc,bcbc1be4,3d89ae27,bf733692,be9b98d8,bcbc1beb,3d89ae20,1

10274,9292,298,675,-1928,10135,12273,-3923,1483,-3314,bf740e15,be960df1,bcc41ae6,3d8c0f21,bf740e16,be960ded,bcc41aed,3d8c0f1a,1

10275,10050,482,381,-1690,9097,12516,-3923,1483,-3314,bf74f8cd,be8fcc21,bcc971e2,3d8e2662,bf74f8ce,be8fcc1d,bcc971e9,3d8e265b,1

10276,10702,637,190,-1604,7986,13123,-3905,1551,-3238,bf75f5d1,be88cab0,bcccec36,3d8f3c1a,bf75f5d0,be88caab,bcccec3b,3d8f3c12,1

10277,11076,790,153,-2014,7806,13798,-3965,1605,-3288,bf76ece1,be818cde,bcd108aa,3d904fae,bf76ece2,be818cdb,bcd108b1,3d904fa8,1

10278,11505,1062,108,-1731,8706,13015,-3965,1709,-3375,bf77ce7f,be7519b4,bcd07c1c,3d9180d5,bf77ce7f,be7519ad,bcd07c22,3d9180ce,1

10279,12162,1258,-241,-2289,9744,12740,-3965,1709,-3375,bf78b08a,be666cbd,bccec4a7,3d912983,bf78b08a,be666cb6,bccec4ac,3d91297c,1

10280,13092,1401,-877,-3009,4891,19043,-3951,1777,-3337,bf79acfb,be5511fd,bccb1310,3d8f2e96,bf79acfd,be5511f8,bccb1316,3d8f2e90,1

10281,13403,2013,-917,-894,5142,13266,-3877,1907,-3375,bf7a9c74,be43361f,bcbd97e6,3d8d9693,bf7a9c74,be433618,bcbd97ea,3d8d968c,1

10282,13264,2180,-975,-1701,5455,14253,-3877,1907,-3375,bf7b7301,be31924d,bcb2a727,3d8c4223,bf7b7302,be319247,bcb2a72c,3d8c421d,1

10283,13531,2124,-1731,-1531,5451,14093,-3929,2017,-3386,bf7c38e2,be1fe39d,bca742da,3d895eed,bf7c38e3,be1fe397,bca742df,3d895ee7,1

10284,13979,2219,-2341,-642,1431,14730,-3887,2119,-3477,bf7cfaf9,be0d1016,bc96f21f,3d83b36d,bf7cfafa,be0d1010,bc96f224,3d83b367,1

10285,13875,2200,-2341,-244,1397,15011,-3887,2119,-3477,bf7da4ee,bdf4a546,bc862397,3d7be3ca,bf7da4ed,bdf4a537,bc86239b,3d7be3bd,1

10286,13520,2154,-2130,285,1352,15331,-3803,2187,-3420,bf7e33bd,bdd00e68,bc698a1a,3d7163cc,bf7e33bc,bdd00e59,bc698a22,3d7163bf,1

10287,12831,1737,-2545,1446,-4682,16607,-3851,2295,-3467,bf7ea9bc,bdad344e,bc4f626e,3d643e16,bf7ea9bd,bdad3441,bc4f6277,3d643e0b,1

10288,10843,1070,-2365,3489,-13749,16335,-3851,2295,-3467,bf7eff00,bd8f940d,bc416191,3d57b544,bf7eff01,bd8f9400,bc41619a,3d57b538,1

10289,7334,-124,-608,1216,-11133,15842,-3833,2401,-3466,bf7f2c08,bd7663ac,bc4c7fe2,3d54331f,bf7f2c09,bd766392,bc4c7feb,3d543313,1

10290,4427,-1006,1474,103,-2908,18060,-3849,2427,-3496,bf7f3b6d,bd5cf32e,bc696880,3d5bb5d6,bf7f3b6c,bd5cf312,bc696886,3d5bb5c8,1

10291,2686,-811,1620,-75,-109,16275,-3875,2505,-3564,bf7f3fe7,bd4caeba,bc7f0190,3d649514,bf7f3fe6,bd4cae9e,bc7f0195,3d649506,1

10292,1822,-418,497,-184,-1187,15635,-3875,2505,-3564,bf7f45b0,bd40d399,bc85ae37,3d67895f,bf7f45af,bd40d37d,bc85ae39,3d678951,1

10293,1202,-476,219,236,-729,15125,-3849,2481,-3514,bf7f49d9,bd385ee1,bc8ad5a7,3d6912a3,bf7f49d8,bd385ec5,bc8ad5a9,3d691295,1

10294,705,-743,6,10,76,15273,-3839,2485,-3429,bf7f4c41,bd32b61e,bc922495,3d69ba63,bf7f4c40,bd32b602,bc922497,3d69ba55,1

10295,486,-984,-147,-103,-33,15352,-3839,2485,-3429,bf7f4e0c,bd2e3bdb,bc9c1990,3d698960,bf7f4e0d,bd2e3bc1,bc9c1993,3d698955,1

10296,449,-1140,-195,-467,-73,15727,-3835,2453,-3465,bf7f4f6e,bd29e4e1,bca8aba0,3d6909be,bf7f4f6f,bd29e4c7,bca8aba3,3d6909b3,1

10297,431,-1218,-187,-712,-826,16398,-3929,2453,-3483,bf7f5067,bd259c36,bcb6ce72,3d68637f,bf7f5068,bd259c1c,bcb6ce75,3d686374,1

10298,257,-1200,-94,-803,245,15991,-3929,2453,-3483,bf7f4fbd,bd224ef4,bcc4a70e,3d689e2f,bf7f4fbe,bd224eda,bcc4a711,3d689e24,1

10299,117,-1113,-115,-1002,277,16081,-3869,2485,-3443,bf7f4e70,bd1fc3aa,bcd1f963,3d68e721,bf7f4e6f,bd1fc38f,bcd1f964,3d68e714,1

10300,91,-1012,-221,-1093,94,16122,-3929,2475,-3385,bf7f4da2,bd1d51e8,bcde6725,3d6890f2,bf7f4da1,bd1d51cd,bcde6726,3d6890e5,1

10301,26,-902,-392,-1092,19,16044,-3929,2475,-3385,bf7f4d98,bd1b3146,bce96787,3d67567a,bf7f4d97,bd1b312b,bce96787,3d67566d,1

10302,-19,-755,-511,-1394,323,16192,-3941,2463,-3443,bf7f4db6,bd196aba,bcf3fadc,3d65a822,bf7f4db5,bd196a9f,bcf3fadc,3d65a815,1

10303,-19,-561,-600,-1402,8,16088,-3939,2445,-3471,bf7f4eea,bd17817c,bcfc4473,3d635733,bf7f4ee9,bd178161,bcfc4473,3d635726,1

10304,-42,-400,-552,-1431,-230,16100,-3961,2445,-3475,bf7f5045,bd15a034,bd016193,3d613956,bf7f5046,bd15a01a,bd016194,3d61394b,1

10305,2,-217,-298,-1191,0,15999,-3961,2445,-3475,bf7f5131,bd1362ef,bd034794,3d60905e,bf7f5130,bd1362d5,bd034793,3d609051,1

10306,44,-118,-164,-936,-57,15774,-3941,2465,-3430,bf7f5217,bd10e396,bd042c7b,3d60a1d0,bf7f5218,bd10e37e,bd042c7b,3d60a1c5,1

10307,33,-131,-113,-876,84,15727,-3925,2393,-3401,bf7f52e0,bd0e6e9d,bd04f970,3d60d759,bf7f52df,bd0e6e83,bd04f96f,3d60d74c,1

10308,62,-178,-61,-840,133,15682,-3925,2393,-3401,bf7f5363,bd0bda91,bd05e900,3d6153ff,bf7f5362,bd0bda77,bd05e8ff,3d6153f2,1

10309,108,-258,-22,-881,120,15712,-3979,2411,-3444,bf7f5381,bd090c1b,bd075d78,3d620a50,bf7f5382,bd090c02,bd075d77,3d620a45,1

10310,77,-348,-16,-584,-119,15521,-3939,2469,-3436,bf7f536d,bd068a32,bd08cfb5,3d62c3e6,bf7f536e,bd068a19,bd08cfb4,3d62c3db,1

10311,0,-505,-47,-859,214,15618,-3939,2469,-3436,bf7f5270,bd04796e,bd0b5c71,3d638c8e,bf7f526f,bd047954,bd0b5c6f,3d638c81,1

10312,-51,-617,-90,-590,-412,15582,-3975,2423,-3386,bf7f51ad,bd02a885,bd0e3fed,3d63a8f5,bf7f51ae,bd02a86c,bd0e3fec,3d63a8ea,1

10313,-152,-775,-15,-829,-165,15628,-3971,2417,-3450,bf7f4f93,bd015c1e,bd123533,3d643ffb,bf7f4f92,bd015c03,bd123531,3d643fee,1

10314,-247,-916,25,-958,218,15671,-3971,2417,-3450,bf7f4c50,bd00a68a,bd16e000,3d654379,bf7f4c4f,bd00a66f,bd16dffe,3d65436c,1

10315,-291,-1047,-52,-1021,454,15641,-4007,2427,-3421,bf7f4892,bd0055f7,bd1c173d,3d661ce2,bf7f4891,bd0055dc,bd1c173b,3d661cd5,1

10316,-262,-1207,-201,-1180,400,15671,-3985,2411,-3385,bf7f44c6,bcffb147,bd229647,3d6618da,bf7f44c5,bcffb111,bd229645,3d6618cd,1

10317,-220,-1324,-333,-1456,372,15813,-3979,2405,-3384,bf7f409b,bcfe6cd7,bd2a7f05,3d6558b3,bf7f409b,bcfe6ca2,bd2a7f04,3d6558a7,1

10318,-192,-1409,-399,-1479,451,15869,-3979,2405,-3384,bf7f3c43,bcfcfafc,bd32b2bc,3d645518,bf7f3c44,bcfcfac8,bd32b2bc,3d64550d,1

10319,-84,-1445,-274,-1334,432,15739,-3995,2441,-3380,bf7f37ae,bcfa77bb,bd3a5987,3d640769,bf7f37ad,bcfa7785,bd3a5985,3d64075e,1

10320,92,-1489,-54,-1492,523,15554,-4055,2429,-3388,bf7f31a4,bcf61556,bd42be61,3d64f723,bf7f31a4,bcf61521,bd42be5f,3d64f719,1

10321,260,-1602,123,-1199,237,15344,-4055,2429,-3388,bf7f2b94,bceff396,bd4ac99c,3d665c56,bf7f2b94,bceff361,bd4ac99a,3d665c4c,1

10322,372,-1814,192,-1089,439,15405,-4041,2421,-3361,bf7f24b3,bce99a79,bd5327fc,3d6816d7,bf7f24b3,bce99a44,bd5327fa,3d6816cd,1

10323,402,-1998,137,-1128,113,15391,-4055,2425,-3312,bf7f1cf3,bce2822c,bd5cde96,3d695300,bf7f1cf3,bce281f7,bd5cde93,3d6952f6,1

10324,400,-2212,95,-1465,-234,15818,-4055,2425,-3312,bf7f1367,bcdaf71b,bd6884f9,3d6a3ba8,bf7f1367,bcdaf6e6,bd6884f6,3d6a3b9e,1

10325,297,-2281,53,-2091,-129,15792,-4103,2435,-3257,bf7f076d,bcd4a833,bd75dfb9,3d6b173a,bf7f076c,bcd4a7fd,bd75dfb5,3d6b172f,1

10326,131,-2215,-33,-2608,154,16026,-4047,2369,-3258,bf7ef978,bcd194ed,bd822c01,3d6b5797,bf7ef979,bcd194ba,bd822c00,3d6b578e,1

10327,63,-2009,-151,-2701,269,16040,-4047,2369,-3258,bf7eebf3,bccf90e0,bd88eead,3d6b1708,bf7eebf3,bccf90ae,bd88eeac,3d6b16fe,1

10328,68,-1772,-237,-2576,-82,15988,-4111,2383,-3279,bf7ee114,bccbda39,bd8e85bf,3d6a66bd,bf7ee114,bccbda07,bd8e85be,3d6a66b3,1

10329,69,-1527,-157,-2697,262,16144,-4071,2423,-3258,bf7ed602,bcc87a39,bd939598,3d6aa1f0,bf7ed603,bcc87a09,bd939597,3d6aa1e7,1

10330,83,-1230,-78,-2885,33,16040,-4101,2415,-3191,bf7ecc0e,bcc4b8ac,bd97f6b5,3d6b0f0d,bf7ecc0f,bcc4b87c,bd97f6b4,3d6b0f04,1

10331,94,-933,-61,-3014,18,16190,-4101,2415,-3191,bf7ec380,bcc0c45b,bd9b9c96,3d6b9850,bf7ec381,bcc0c42c,bd9b9c95,3d6b9847,1

10332,90,-606,32,-2839,171,15938,-4107,2375,-3213,bf7ebc8a,bcbc8029,bd9e62a4,3d6c9873,bf7ebc8a,bcbc7ffa,bd9e62a2,3d6c986a,1

10333,100,-395,94,-2769,183,15843,-4113,2439,-3265,bf7eb714,bcb7936c,bda043c0,3d6e5e89,bf7eb716,bcb7933e,bda043bf,3d6e5e81,1

10334,90,-251,110,-2750,236,15786,-4113,2439,-3265,bf7eb261,bcb2b4d1,bda1bb8b,3d70581c,bf7eb261,bcb2b4a2,bda1bb89,3d705812,1

10335,93,-150,124,-2767,248,15830,-4121,2427,-3187,bf7eae18,bcadcee3,bda2fb70,3d72659c,bf7eae19,bcadceb5,bda2fb6e,3d726593,1

10336,109,-53,142,-2753,300,15840,-4123,2469,-3287,bf7eaa7d,bca8bdbe,bda3cff0,3d74d39f,bf7eaa7e,bca8bd90,bda3cfee,3d74d396,1

10337,142,17,148,-2500,279,15703,-4123,2469,-3287,bf7ea904,bca31f11,bda3d3e3,3d774282,bf7ea905,bca31ee4,bda3d3e1,3d77427a,1

10338,165,42,108,-2477,244,15707,-4129,2437,-3171,bf7ea83e,bc9d3164,bda3b492,3d795540,bf7ea83f,bc9d3137,bda3b490,3d795538,1

10339,160,54,96,-2509,190,15717,-4121,2429,-3235,bf7ea765,bc971db3,bda3abd3,3d7b386a,bf7ea766,bc971d86,bda3abd1,3d7b3862,1

10340,149,60,95,-2561,195,15721,-4121,2429,-3235,bf7ea60b,bc9129f2,bda3c948,3d7d2948,bf7ea60c,bc9129c6,bda3c946,3d7d2940,1

10341,144,72,96,-2564,319,15661,-4151,2411,-3168,bf7ea43e,bc8bc5a9,bda3e568,3d7f6f3a,bf7ea43f,bc8bc57e,bda3e566,3d7f6f33,1

10342,141,95,92,-2595,220,15722,-4129,2439,-3195,bf7ea282,bc862336,bda4077d,3d80c8b0,bf7ea282,bc86230a,bda4077a,3d80c8ac,1

10343,151,111,127,-2441,228,15632,-4097,2441,-3269,bf7ea234,bc80a4a2,bda38702,3d81eb35,bf7ea234,bc80a476,bda386ff,3d81eb31,1

10344,161,87,138,-2477,358,15711,-4097,2441,-3269,bf7ea140,bc787d21,bda2f5e7,3d835baf,bf7ea141,bc787cce,bda2f5e4,3d835bac,1

10345,181,78,81,-2475,281,15707,-4097,2427,-3266,bf7ea0b6,bc6e0461,bda2805b,3d847ca2,bf7ea0b7,bc6e0411,bda28058,3d847c9f,1

10346,183,78,54,-2489,231,15685,-4099,2393,-3179,bf7ea0c5,bc62c3b3,bda21524,3d8546de,bf7ea0c6,bc62c367,bda21521,3d8546dc,1

10347,182,73,39,-2558,216,15697,-4099,2393,-3179,bf7e9ea3,bc57ef00,bda289dd,3d860511,bf7e9ea4,bc57eebc,bda289dc,3d86050f,1

10348,184,77,40,-2630,193,15734,-4119,2405,-3238,bf7e9b2a,bc4e6ee3,bda37a10,3d86c21c,bf7e9b2a,bc4e6ea5,bda37a0f,3d86c219,1

10349,165,121,48,-2818,-75,15728,-4157,2389,-3180,bf7e981e,bc44dc34,bda49fe7,3d870646,bf7e981f,bc44dbf9,bda49fe7,3d870643,1

10350,124,235,29,-2296,332,15575,-4157,2389,-3180,bf7e9c93,bc4ae2f4,bda2be05,3d87113c,bf7e9c93,bc4ae2bd,bda2be05,3d871138,1

10351,142,231,44,-2757,12,15822,-4157,2417,-3250,bf7e9a31,bc410723,bda36cd5,3d8796f5,bf7e9a32,bc4106ef,bda36cd6,3d8796f2,1

10352,101,229,23,-2608,130,15741,-4137,2441,-3247,bf7e989a,bc37719b,bda374c8,3d888117,bf7e989a,bc377167,bda374c7,3d888114,1

10353,44,320,-25,-2665,196,15798,-4137,2441,-3247,bf7e961e,bc32da4f,bda3bb52,3d896c85,bf7e961f,bc32da22,bda3bb52,3d896c83,1

10354,3,408,-54,-2772,107,15866,-4155,2385,-3180,bf7e9494,bc343215,bda480b4,3d893038,bf7e9494,bc3431ed,bda480b4,3d893035,1

10355,-16,515,-76,-2673,335,15805,-4143,2437,-3258,bf7e932a,bc3dc38f,bda440ed,3d89f077,bf7e932a,bc3dc36e,bda440ed,3d89f074,1

10356,-1,590,-88,-2497,422,15699,-4163,2393,-3208,bf7e97bd,bc4d9cbc,bda27339,3d899bed,bf7e97bd,bc4d9c9b,bda27339,3d899bea,1

10357,93,603,-62,-2429,632,15688,-4163,2393,-3208,bf7e9c1d,bc5bb979,bda0a408,3d895e38,bf7e9c1e,bc5bb959,bda0a409,3d895e35,1

10358,234,635,-20,-2389,426,15699,-4119,2401,-3222,bf7ea1bc,bc628bed,bd9e1259,3d8991f2,bf7ea1bd,bc628bcf,bd9e125a,3d8991ef,1

10359,331,619,15,-2140,392,15558,-4125,2425,-3280,bf7ea836,bc5eb4d5,bd9b23ee,3d8a019f,bf7ea837,bc5eb4ba,bd9b23ef,3d8a019c,1

10360,398,538,39,-2258,252,15669,-4125,2425,-3280,bf7eace1,bc521709,bd98d480,3d8abd3b,bf7eace2,bc5216f1,bd98d481,3d8abd38,1

10361,427,469,60,-2255,206,15676,-4107,2437,-3250,bf7eb007,bc42fc5f,bd97024a,3d8ba17b,bf7eb007,bc42fc48,bd970249,3d8ba178,1

10362,424,429,57,-2325,298,15742,-4085,2387,-3264,bf7eb32e,bc47edff,bd958a8d,3d8ba953,bf7eb32f,bc47edec,bd958a8c,3d8ba950,1

10363,453,421,63,-2316,267,15753,-4085,2387,-3264,bf7eb63f,bc48d17a,bd94173c,3d8bca45,bf7eb63e,bc48d16a,bd94173a,3d8bca41,1

10364,461,413,50,-2375,204,15758,-4091,2425,-3349,bf7eb559,bc389aef,bd93e97f,3d8cbc75,bf7eb559,bc389ae2,bd93e97e,3d8cbc72,1

10365,456,442,35,-2275,-37,15743,-4095,2433,-3271,bf7eb71e,bc253af4,bd92fe84,3d8d4547,bf7eb71e,bc253ae7,bd92fe83,3d8d4544,1

10366,405,450,21,-2182,122,15628,-4095,2433,-3271,bf7eba2e,bc168b55,bd9137d3,3d8dfb7f,bf7eba2f,bc168b48,bd9137d2,3d8dfb7d,1

10367,382,419,22,-2149,250,15641,-4077,2421,-3295,bf7ebdfa,bc1825f5,bd8f18db,3d8e6753,bf7ebdfa,bc1825ea,bd8f18d9,3d8e6750,1

10368,422,373,53,-2005,83,15585,-4113,2469,-3322,bf7ec0a4,bc09cee3,bd8d5c03,3d8f2c9f,bf7ec0a5,bc09ced8,bd8d5c02,3d8f2c9d,1

10369,413,272,70,-2040,233,15613,-4103,2429,-3227,bf7ec3c8,bc0a4a65,bd8b835a,3d8f9491,bf7ec3c9,bc0a4a5b,bd8b8359,3d8f948f,1

10370,432,168,83,-2070,130,15616,-4103,2429,-3227,bf7ec5cc,bc016b68,bd89ffc5,3d9046c3,bf7ec5cd,bc016b5f,bd89ffc4,3d9046c1,1

10371,434,79,89,-2272,137,15728,-4091,2437,-3246,bf7ec0ee,bbf745cb,bd8b9330,3d90fce8,bf7ec0ee,bbf745bb,bd8b932f,3d90fce6,1

10372,427,61,75,-2395,26,15814,-4109,2421,-3334,bf7ebcb1,bbe66d0e,bd8d5bb9,3d913b00,bf7ebcb2,bbe66d00,bd8d5bb8,3d913aff,1

10373,389,91,43,-2358,-79,15782,-4109,2421,-3334,bf7eb995,bbcc7c73,bd8eb88b,3d9169b4,bf7eb996,bbcc7c64,bd8eb88a,3d9169b3,1

10374,294,116,13,-2380,-193,15778,-4103,2473,-3232,bf7eb709,bbb0851c,bd8f7873,3d91eed9,bf7eb709,bbb0850c,bd8f7872,3d91eed7,1

10375,188,155,9,-2344,24,15752,-4093,2437,-3277,bf7eb34e,bbaefc3d,bd90d2ba,3d923b47,bf7eb34e,bbaefc30,bd90d2b9,3d923b45,1

10376,153,176,9,-2215,129,15681,-4093,2437,-3277,bf7eb412,bbc6ab46,bd90238a,3d9274ba,bf7eb411,bbc6ab38,bd902389,3d9274b6,1

10377,172,171,21,-2218,149,15703,-4089,2439,-3202,bf7eb42d,bbdcb9e7,bd8f9043,3d92d9e0,bf7eb42d,bbdcb9db,bd8f9043,3d92d9dd,1

10378,197,157,14,-2361,282,15796,-4067,2465,-3200,bf7eb0ad,bbeeb2ba,bd90497a,3d938c24,bf7eb0ad,bbeeb2ab,bd90497a,3d938c21,1

10379,242,179,11,-2384,275,15759,-4067,2465,-3200,bf7eace5,bbfbc6b2,bd911ff5,3d944570,bf7eace5,bbfbc6a4,bd911ff5,3d94456d,1

10380,303,244,17,-2210,48,15699,-4091,2421,-3237,bf7eafe4,bbe87c94,bd8fd72a,3d945c12,bf7eafe5,bbe87c86,bd8fd72b,3d945c10,1

10381,322,272,25,-2273,126,15764,-4071,2485,-3300,bf7ead8a,bbd4646a,bd8f9b24,3d95b56a,bf7ead8b,bbd4645d,bd8f9b25,3d95b568,1

10382,326,259,20,-2226,22,15732,-4095,2501,-3254,bf7eac66,bbb94508,bd8f221c,3d96c7e2,bf7eac67,bbb944fb,bd8f221d,3d96c7e0,1

10383,306,250,24,-2246,38,15745,-4095,2501,-3254,bf7eaa55,bba20612,bd8edf49,3d980074,bf7eaa56,bba20605,bd8edf49,3d980072,1

10384,275,245,15,-2324,-88,15754,-4079,2487,-3257,bf7ea7db,bb890433,bd8f43c7,3d98c398,bf7ea7dc,bb890425,bd8f43c6,3d98c396,1

10385,230,275,2,-2324,-155,15785,-4085,2491,-3223,bf7ea5fa,bb604405,bd8f77c4,3d996eb1,bf7ea5fa,bb6043e8,bd8f77c2,3d996eae,1

10386,132,307,-7,-2229,-13,15718,-4085,2491,-3223,bf7ea44d,bb4b9770,bd8eebbc,3d9aa9c6,bf7ea44d,bb4b9757,bd8eebbb,3d9aa9c3,1

10387,102,300,-2,-2097,65,15671,-4101,2477,-3250,bf7ea723,bb6a8e3a,bd8d16a7,3d9b2219,bf7ea724,bb6a8e21,bd8d16a6,3d9b2217,1

10388,106,261,11,-2189,180,15723,-4057,2483,-3332,bf7ea6a5,bb8f595c,bd8c8065,3d9bc871,bf7ea6a6,bb8f5950,bd8c8065,3d9bc86f,1

10389,135,258,15,-2325,352,15809,-4057,2483,-3332,bf7ea53c,bba9a90e,bd8ca7be,3d9c1d6e,bf7ea53d,bba9a903,bd8ca7be,3d9c1d6c,1

10390,232,301,18,-2222,174,15747,-4083,2457,-3243,bf7ea50d,bbbfff93,bd8c6ca5,3d9c4c3e,bf7ea50d,bbbfff88,bd8c6ca4,3d9c4c3b,1

10391,285,324,21,-2086,141,15683,-4099,2439,-3180,bf7ea889,bbd0240f,bd8af276,3d9c1e6b,bf7ea88a,bbd02405,bd8af276,3d9c1e69,1

10392,306,300,29,-2066,74,15679,-4099,2439,-3180,bf7eacd3,bbd4f683,bd8916ef,3d9bfc5a,bf7eacd2,bbd4f676,bd8916ee,3d9bfc57,1

10393,299,266,30,-2129,99,15710,-4115,2463,-3290,bf7eab88,bbd4acc4,bd8894d1,3d9cf4fb,bf7eab87,bbd4acb7,bd8894d1,3d9cf4f8,1

10394,311,237,29,-2147,61,15727,-4093,2495,-3224,bf7ea914,bbbe24b2,bd8873ff,3d9e2be9,bf7ea914,bbbe24a6,bd887400,3d9e2be6,1

10395,329,246,15,-2321,37,15792,-4093,2495,-3224,bf7ea53c,bbaf0b9f,bd89804b,3d9ee0f2,bf7ea53b,bbaf0b93,bd89804b,3d9ee0ef,1

10396,312,309,1,-2397,-89,15881,-4093,2443,-3305,bf7ea30b,bba2a800,bd8aa2f4,3d9ed242,bf7ea30b,bba2a7f4,bd8aa2f5,3d9ed240,1

10397,268,397,-10,-2103,-110,15731,-4075,2451,-3249,bf7ea5ab,bb861264,bd896678,3d9ef268,bf7ea5ac,bb861258,bd896679,3d9ef267,1

10398,202,402,-22,-2071,23,15720,-4031,2471,-3312,bf7ea7d0,bb82f23f,bd877b5e,3d9fbe88,bf7ea7d1,bb82f233,bd877b5f,3d9fbe88,1

10399,193,378,-22,-2058,-8,15714,-4031,2471,-3312,bf7ea915,bb714463,bd85e9ef,3da096e4,bf7ea914,bb714450,bd85e9ee,3da096e3,1

10400,193,357,-13,-2045,95,15707,-4051,2445,-3355,bf7eab8f,bb90e1f1,bd84f362,3da0548c,bf7eab90,bb90e1ea,bd84f363,3da0548b,1

10401,190,320,-6,-2035,97,15703,-4067,2493,-3263,bf7eaaf0,bb97940b,bd83c9da,3da181c5,bf7eaaf0,bb979401,bd83c9da,3da181c3,1

10402,210,300,0,-2069,47,15722,-4067,2493,-3263,bf7ea838,bb8ff756,bd8395a0,3da2c472,bf7ea837,bb8ff74b,bd8395a0,3da2c46f,1

10403,237,314,-1,-2115,18,15779,-4067,2411,-3275,bf7ea9d4,bba1b382,bd83bf07,3da1f0b3,bf7ea9d5,bba1b378,bd83bf08,3da1f0b2,1

10404,233,319,-13,-2022,-20,15739,-4071,2443,-3257,bf7eadf2,bba3ac0f,bd82a96e,3da130fc,bf7eadf2,bba3ac03,bd82a96e,3da130fb,1

10405,218,312,-9,-2014,-15,15706,-4071,2443,-3257,bf7eb10a,bba603ee,bd81fceb,3da08053,bf7eb109,bba603e9,bd81fce9,3da08052,1

10406,193,279,-3,-1992,39,15700,-4047,2467,-3282,bf7eb0f8,bba1cc14,bd80e93b,3da169ad,bf7eb0f7,bba1cc12,bd80e939,3da169ac,1

10407,193,245,3,-2023,-15,15724,-4069,2417,-3238,bf7eb335,bbb18f1b,bd811662,3da05228,bf7eb335,bbb18f19,bd811661,3da05227,1

10408,195,227,4,-2057,36,15737,-4069,2417,-3238,bf7eb42c,bbc3c64d,bd8185fc,3d9f803b,bf7eb42d,bbc3c64b,bd8185fb,3d9f803b,1

10409,191,223,10,-1962,117,15704,-4035,2453,-3302,bf7eb591,bbd2fde2,bd803a42,3d9fea28,bf7eb590,bbd2fde2,bd803a40,3d9fea27,1

10410,214,211,20,-1979,76,15700,-4051,2509,-3246,bf7eb397,bbbfd75a,bd7f88ba,3da12929,bf7eb397,bbbfd75a,bd7f88b7,3da12929,1

10411,230,181,16,-2027,10,15746,-4071,2419,-3339,bf7eb457,bbcb0862,bd807a52,3da03e03,bf7eb457,bbcb0863,bd807a51,3da03e03,1

10412,235,172,13,-2089,90,15779,-4071,2419,-3339,bf7eb3ce,bbdbda6f,bd814c9c,3d9fb4bb,bf7eb3ce,bbdbda6e,bd814c9b,3d9fb4bb,1

10413,251,191,11,-2075,131,15772,-4063,2427,-3225,bf7eb38f,bbeea82e,bd81d31a,3d9f4599,bf7eb38f,bbeea82a,bd81d319,3d9f4599,1

10414,288,204,13,-2037,13,15744,-4027,2449,-3281,bf7eb269,bbd2fc58,bd81ea6d,3d9fcf84,bf7eb26a,bbd2fc56,bd81ea6d,3d9fcf85,1

10415,296,214,18,-2018,-62,15754,-4027,2449,-3281,bf7eb22c,bbb44d47,bd81bf99,3da02fd9,bf7eb22d,bbb44d44,bd81bf99,3da02fda,1

10416,280,209,21,-2009,-33,15766,-4011,2463,-3276,bf7eb151,bb990e26,bd816bcf,3da0e6d8,bf7eb152,bb990e23,bd816bce,3da0e6d9,1

10417,259,201,26,-2018,4,15749,-4055,2457,-3355,bf7eb003,bb94d413,bd817c47,3da1607d,bf7eb004,bb94d416,bd817c45,3da1607e,1

10418,264,208,31,-1976,7,15729,-4055,2457,-3355,bf7eb183,bb940721,bd804a38,3da1be86,bf7eb184,bb940724,bd804a36,3da1be87,1

10419,265,200,30,-1982,-41,15732,-4027,2543,-3239,bf7eaf8b,bb767d6d,bd7fea4d,3da2dcb3,bf7eaf8a,bb767d71,bd7fea48,3da2dcb2,1

10420,251,189,21,-2024,-10,15750,-4059,2473,-3267,bf7eac7e,bb71b47b,bd80aa18,3da38062,bf7eac7d,bb71b47c,bd80aa16,3da38061,1

10421,243,195,9,-2033,-147,15744,-4059,2473,-3267,bf7eab05,bb3cdc47,bd81042d,3da3ddff,bf7eab05,bb3cdc4e,bd81042c,3da3ddfe,1

10422,207,202,4,-1955,-88,15736,-4057,2447,-3266,bf7eaf79,bb474572,bd7fc1d4,3da3035d,bf7eaf78,bb474571,bd7fc1d1,3da3035b,1

10423,166,180,-3,-2017,-81,15760,-4057,2459,-3317,bf7eae0e,bb3eb48f,bd80b965,3da2e906,bf7eae0e,bb3eb489,bd80b965,3da2e906,1

10424,138,179,-3,-1999,-50,15751,-4085,2561,-3221,bf7eaba3,bb1cc6e2,bd807567,3da41865,bf7eaba4,bb1cc6dc,bd807568,3da41865,1

10425,114,167,-2,-1976,30,15761,-4085,2561,-3221,bf7ea8ea,bb0d0d0f,bd7ff32a,3da589d5,bf7ea8eb,bb0d0d0b,bd7ff32c,3da589d5,1

10426,123,161,4,-1988,13,15753,-4059,2497,-3290,bf7ea6df,bb2f5d13,bd7f84ca,3da67511,bf7ea6de,bb2f5d0f,bd7f84c8,3da67510,1

10427,126,152,5,-1979,88,15752,-4073,2479,-3318,bf7ea6f8,bb675a50,bd7f1216,3da68668,bf7ea6f8,bb675a4e,bd7f1216,3da68668,1

10428,157,160,12,-1976,90,15755,-4073,2479,-3318,bf7ea6cf,bb8d524f,bd7e820b,3da6b923,bf7ea6d0,bb8d524f,bd7e820b,3da6b923,1

10429,190,153,11,-1952,-15,15737,-4043,2455,-3281,bf7ea90a,bb97ae3a,bd7d281a,3da6596d,bf7ea909,bb97ae39,bd7d2819,3da6596c,1

10430,197,140,9,-1993,8,15751,-4017,2507,-3255,bf7ea5da,bb862c34,bd7d6eef,3da78515,bf7ea5db,bb862c35,bd7d6ef1,3da78515,1

10431,191,132,8,-1989,-45,15755,-4017,2507,-3255,bf7ea311,bb63c3aa,bd7db1e8,3da888bb,bf7ea311,bb63c3aa,bd7db1e9,3da888bb,1

10432,176,133,13,-2013,-18,15776,-4029,2491,-3319,bf7e9f23,bb5715a1,bd7f13af,3da98248,bf7e9f24,bb5715a2,bd7f13b2,3da98249,1

10433,154,134,11,-1989,16,15748,-4041,2449,-3314,bf7ea013,bb84d1a0,bd7f4f12,3da8fffc,bf7ea013,bb84d1a0,bd7f4f14,3da8fffc,1

10434,152,141,6,-1981,-8,15745,-4041,2449,-3314,bf7ea18c,bb9a8244,bd7f5bf1,3da85a9c,bf7ea18d,bb9a8246,bd7f5bf3,3da85a9c,1

10435,159,137,2,-2009,67,15764,-4039,2485,-3337,bf7e9e6f,bba5a571,bd7fea4d,3da946f9,bf7e9e6f,bba5a573,bd7fea4c,3da946f8,1

10436,177,133,8,-2010,54,15774,-4003,2493,-3334,bf7e9ae5,bb9e27f2,bd800fd2,3daa8d00,bf7e9ae6,bb9e27f3,bd800fd2,3daa8d00,1

10437,195,144,11,-1963,26,15736,-4017,2493,-3303,bf7e9946,bb93253c,bd7ed0be,3dabae0d,bf7e9946,bb93253d,bd7ed0bd,3dabae0c,1

10438,209,142,14,-1974,-48,15746,-4017,2493,-3303,bf7e9765,bb7a930b,bd7e90ca,3dac8953,bf7e9764,bb7a930b,bd7e90c9,3dac8952,1

10439,201,147,9,-2024,-43,15772,-4047,2489,-3275,bf7e9414,bb677dd3,bd802617,3dad2451,bf7e9414,bb677dd3,bd802617,3dad2451,1

10440,178,155,3,-2023,34,15798,-4019,2537,-3313,bf7e9052,bb53866d,bd802737,3dae8a1f,bf7e9052,bb53866e,bd802737,3dae8a1f,1

10441,175,153,3,-2011,11,15774,-4019,2537,-3313,bf7e8cc1,bb3d96ef,bd8017cf,3dafe710,bf7e8cc2,bb3d96f3,bd8017d0,3dafe711,1

10442,197,151,5,-1980,-7,15757,-4005,2465,-3356,bf7e8df4,bb6bd0ce,bd7fd2b5,3daf8c07,bf7e8df4,bb6bd0d2,bd7fd2b7,3daf8c08,1

10443,200,159,8,-2002,25,15756,-4077,2525,-3295,bf7e8a66,bb67d93c,bd7fc732,3db0da1c,bf7e8a67,bb67d940,bd7fc736,3db0da1e,1

10444,200,167,11,-1990,50,15778,-4077,2525,-3295,bf7e87a3,bb7673ee,bd7f1e4c,3db20f21,bf7e87a4,bb7673f5,bd7f1e4e,3db20f23,1

10445,216,170,9,-1962,65,15750,-4037,2509,-3325,bf7e8685,bb898244,bd7dcc09,3db2e3af,bf7e8686,bb898247,bd7dcc0a,3db2e3b1,1

10446,244,167,13,-1915,17,15729,-4035,2479,-3307,bf7e88f0,bb97ee14,bd7b8d17,3db2c6ac,bf7e88f0,bb97ee14,bd7b8d17,3db2c6ad,1

10447,263,158,17,-1962,-63,15759,-4035,2479,-3307,bf7e8852,bb843a51,bd7c211e,3db2da55,bf7e8852,bb843a53,bd7c211e,3db2da55,1

10448,243,151,16,-1961,-87,15744,-4045,2509,-3318,bf7e865e,bb576342,bd7c2f6e,3db3977b,bf7e865d,bb576344,bd7c2f6c,3db3977b,1

10449,200,138,4,-1965,-21,15759,-4011,2477,-3370,bf7e8689,bb7e0ab0,bd7c8106,3db35f56,bf7e8688,bb7e0ab6,bd7c8103,3db35f56,1

10450,188,139,1,-2007,8,15783,-4015,2465,-3297,bf7e8679,bb9408a7,bd7db035,3db2e8e2,bf7e8679,bb9408a8,bd7db034,3db2e8e2,1

10451,193,148,0,-2011,-3,15766,-4015,2465,-3297,bf7e8627,bba45239,bd7f279d,3db272a5,bf7e8627,bba45232,bd7f279e,3db272a5,1

10452,193,151,-1,-1983,-59,15748,-4043,2533,-3248,bf7e840a,bb8df3ef,bd7eebde,3db35b89,bf7e840a,bb8df3e9,bd7eebdf,3db35b89,1

10453,187,155,5,-2017,18,15789,-4029,2479,-3306,bf7e8319,bba07244,bd7ffc33,3db34098,bf7e8319,bba07242,bd7ffc33,3db34098,1

10454,190,177,2,-2059,28,15815,-4029,2479,-3306,bf7e8121,bbadcc40,bd80e87d,3db33e93,bf7e8121,bbadcc3e,bd80e87d,3db33e93,1

10455,198,215,-5,-2048,96,15824,-4029,2521,-3281,bf7e7d6c,bbae98ca,bd80f139,3db4876a,bf7e7d6b,bbae98c8,bd80f139,3db48769,1

10456,229,261,-4,-1939,-13,15743,-4075,2463,-3315,bf7e8293,bbb7f9ec,bd7f0647,3db3b0f9,bf7e8293,bbb7f9ed,bd7f0648,3db3b0f9,1

10457,243,262,-8,-1910,-116,15743,-4075,2463,-3315,bf7e86b2,bba04702,bd7c9d4e,3db32b9d,bf7e86b2,bba04700,bd7c9d4f,3db32b9d,1

10458,203,252,-13,-1901,-141,15736,-4063,2517,-3337,bf7e86f0,bb863ddc,bd7b25e9,3db3aed7,bf7e86f0,bb863dda,bd7b25ea,3db3aed7,1

10459,170,236,-14,-1838,3,15720,-4079,2507,-3340,bf7e897e,bb860c0d,bd776fc8,3db410bc,bf7e897f,bb860c0b,bd776fc9,3db410bc,1

10460,173,182,1,-1890,-15,15736,-4079,2507,-3340,bf7e894a,bb815740,bd758867,3db4ccdf,bf7e8949,bb81573d,bd758865,3db4ccde,1

10461,178,146,10,-1865,64,15724,-4049,2461,-3307,bf7e8b5e,bb99f4ed,bd74b683,3db445de,bf7e8b5d,bb99f4e9,bd74b680,3db445dc,1

10462,191,122,19,-1854,17,15723,-4045,2489,-3319,bf7e8cbd,bba1efa2,bd7272f6,3db48625,bf7e8cbd,bba1ef9f,bd7272f3,3db48625,1

10463,212,97,14,-1919,87,15768,-4105,2437,-3243,bf7e8e12,bbb8313f,bd7318f7,3db3c03f,bf7e8e13,bbb8313c,bd7318f6,3db3c040,1

10464,243,78,14,-1958,52,15801,-4105,2437,-3243,bf7e8efb,bbca8a8e,bd747de3,3db2e0e2,bf7e8efa,bbca8a8b,bd747ddf,3db2e0e1,1

10465,246,83,19,-1949,-14,15760,-4033,2499,-3301,bf7e8bdb,bbb3d7fe,bd75ec46,3db397b4,bf7e8bdc,bbb3d800,bd75ec45,3db397b5,1

10466,257,94,18,-1967,-2,15774,-4035,2491,-3296,bf7e8856,bba6a885,bd782699,3db41f79,bf7e8855,bba6a887,bd782696,3db41f78,1

10467,270,96,24,-1971,-67,15766,-4035,2491,-3296,bf7e85c1,bb8f465f,bd79c88e,3db48c23,bf7e85c2,bb8f4665,bd79c88e,3db48c23,1

10468,263,102,31,-2007,-86,15776,-4003,2481,-3282,bf7e82ee,bb7c18a9,bd7c3c3f,3db4bdd3,bf7e82ef,bb7c18ac,bd7c3c3e,3db4bdd3,1

10469,243,126,29,-1983,-102,15776,-4057,2487,-3312,bf7e819b,bb57524d,bd7daa4e,3db4c11e,bf7e819b,bb575253,bd7daa4d,3db4c11e,1

10470,229,136,33,-2023,-100,15801,-4057,2487,-3312,bf7e7f93,bb492477,bd7ffec8,3db4aa2d,bf7e7f93,bb49247b,bd7ffec8,3db4aa2d,1

10471,205,156,30,-2048,-8,15816,-4057,2461,-3319,bf7e8004,bb739e12,bd807c7d,3db41bf2,bf7e8005,bb739e15,bd807c7d,3db41bf2,1

10472,210,192,34,-1925,26,15774,-4071,2507,-3319,bf7e8171,bb837abf,bd7e0d49,3db49db2,bf7e8171,bb837abc,bd7e0d47,3db49db1,1

10473,233,194,35,-2116,-25,15878,-4071,2507,-3319,bf7e7dae,bb80a668,bd8050d3,3db508f2,bf7e7dae,bb80a665,bd8050d2,3db508f1,1

10474,229,242,15,-2071,19,15878,-4071,2493,-3309,bf7e7c5f,bb903e0b,bd80eb10,3db50572,bf7e7c60,bb903e03,bd80eb10,3db50572,1

10475,232,309,0,-2080,29,15877,-4035,2487,-3374,bf7e7b19,bb9dc685,bd8164f6,3db515c3,bf7e7b1a,bb9dc67a,bd8164f5,3db515c3,1

10476,254,375,-17,-2023,123,15847,-4027,2521,-3270,bf7e7a11,bba8655b,bd8073ab,3db61448,bf7e7a11,bba86551,bd8073aa,3db61447,1

10477,297,418,-21,-1945,-61,15826,-4027,2521,-3270,bf7e7b07,bb8d4aac,bd7e3655,3db6c6f2,bf7e7b08,bb8d4aa1,bd7e3655,3db6c6f2,1

10478,322,442,-11,-1966,226,15852,-4053,2499,-3344,bf7e7d1f,bba09f68,bd7c0982,3db6bce6,bf7e7d1e,bba09f5c,bd7c0981,3db6bce5,1

10479,359,476,11,-1778,-418,15604,-4029,2445,-3386,bf7e80d2,bb7bd3c3,bd792a4c,3db68a3f,bf7e80d2,bb7bd3ac,bd792a4c,3db68a3f,1

10480,258,468,7,-1539,154,15633,-4029,2445,-3386,bf7e8600,bb887526,bd749f28,3db63e06,bf7e8600,bb88751a,bd749f28,3db63e06,1

10481,321,378,24,-1309,37,15466,-4061,2461,-3267,bf7e8ad3,bb8604a6,bd7001e6,3db618a6,bf7e8ad3,bb86049b,bd7001e6,3db618a6,1

10482,398,208,62,-1738,-163,15785,-3987,2471,-3304,bf7e8d6a,bb517e31,bd6d5b43,3db622cc,bf7e8d6b,bb517e1c,bd6d5b44,3db622cd,1

10483,366,134,56,-1865,-42,15818,-3987,2471,-3304,bf7e8dbd,bb663afa,bd6e58ab,3db5accf,bf7e8dbd,bb663af3,bd6e58a8,3db5accf,1

10484,368,135,28,-1580,173,15691,-4011,2479,-3250,bf7e905b,bb78557a,bd6bb6aa,3db59795,bf7e905b,bb785574,bd6bb6a7,3db59795,1

10485,426,54,0,-1668,-416,15577,-4015,2469,-3295,bf7e913e,bb2f4202,bd6b4261,3db5830c,bf7e913e,bb2f41fe,bd6b425e,3db5830c,1

10486,367,8,-19,-2079,-559,15850,-4015,2469,-3295,bf7e8f40,bae80f27,bd6df035,3db5625b,bf7e8f41,bae80f21,bd6df033,3db5625b,1

10487,204,45,-73,-2145,-81,15943,-3981,2509,-3340,bf7e8bb1,bae65002,bd719ca8,3db56b88,bf7e8bb1,bae64ffb,bd719ca5,3db56b87,1

10488,115,132,-113,-1923,-267,15749,-4045,2527,-3341,bf7e8a75,ba90162b,bd72766b,3db5973f,bf7e8a75,ba901627,bd727668,3db5973e,1

10489,50,178,-168,-1707,-80,15702,-3973,2491,-3311,bf7e8ef7,babaf12e,bd6ed013,3db53609,bf7e8ef7,babaf126,bd6ed00f,3db53608,1

10490,28,169,-203,-1671,-131,15646,-3973,2491,-3311,bf7e936d,babcc36a,bd6b3ac6,3db4d075,bf7e936d,babcc35c,bd6b3ac2,3db4d074,1

10491,39,124,-184,-1795,-67,15744,-4015,2493,-3326,bf7e95fe,bb107d5a,bd6a07fd,3db443c1,bf7e95ff,bb107d53,bd6a07f9,3db443c1,1

10492,65,102,-148,-1885,153,15846,-4017,2475,-3346,bf7e96fd,bb4faf67,bd6aa6d3,3db3a6b8,bf7e96fd,bb4faf60,bd6aa6ce,3db3a6b7,1

10493,94,81,-92,-1634,-87,15611,-4017,2475,-3346,bf7e9af5,bb502e7c,bd677dc7,3db344b5,bf7e9af7,bb502e76,bd677dc4,3db344b6,1

10494,136,35,-42,-1694,30,15722,-3991,2483,-3325,bf7e9d19,bb730353,bd653e53,3db33044,bf7e9d1a,bb73034e,bd653e4f,3db33044,1

10495,161,-24,1,-1923,198,15834,-4053,2487,-3361,bf7e9b29,bb930ce8,bd676f59,3db31924,bf7e9b28,bb930ce3,bd676f55,3db31922,1

10496,190,-44,11,-1749,77,15699,-4053,2487,-3361,bf7e9b80,bba9136d,bd66c205,3db31eca,bf7e9b7f,bba9136d,bd66c202,3db31ec8,1

10497,249,-54,24,-1805,-43,15729,-4075,2463,-3387,bf7e9c38,bba68cb6,bd6924b0,3db2199c,bf7e9c38,bba68cb1,bd6924ae,3db2199c,1

10498,289,-74,37,-1633,-279,15655,-4041,2501,-3331,bf7e9bb3,bb897fa5,bd68eddf,3db2735a,bf7e9bb3,bb897fa0,bd68eddd,3db2735a,1

10499,165,-169,-3,-1618,-1167,15540,-4041,2501,-3331,bf7e9a46,bb5f6234,bd6a45c8,3db296fa,bf7e9a46,bb5f622a,bd6a45c6,3db296fa,1

10500,-281,-309,-131,-2343,533,15811,-4043,2515,-3319,bf7e96ae,bb99d3e3,bd6e7933,3db25ba9,bf7e96ae,bb99d3dd,bd6e7931,3db25ba9,1

10501,-252,-270,-130,-1413,95,15534,-3997,2477,-3330,bf7e9898,bbb18e28,bd6cf07c,3db21a07,bf7e9896,bbb18e22,bd6cf078,3db21a05,1

10502,60,-309,-7,-2179,-98,15954,-4045,2487,-3288,bf7e933e,bbb015b3,bd7252f7,3db234e9,bf7e933f,bbb015b1,bd7252f5,3db234e9,1

10503,19,-250,-13,-1879,413,15800,-4045,2487,-3288,bf7e9186,bbd33724,bd73cfe7,3db22a23,bf7e9186,bbd33721,bd73cfe5,3db22a22,1

10504,141,-162,14,-2346,-380,15916,-4067,2485,-3267,bf7e8d64,bbc41579,bd77dd72,3db24f54,bf7e8d64,bbc41575,bd77dd70,3db24f53,1

10505,114,-74,-14,-2086,375,15858,-4059,2495,-3334,bf7e8ae1,bbe0fd74,bd79f4cb,3db25838,bf7e8ae1,bbe0fd6f,bd79f4c9,3db25837,1

10506,145,9,-37,-1983,-326,15624,-4059,2495,-3334,bf7e8985,bbc85e2f,bd7b3153,3db28282,bf7e8986,bbc85e2b,bd7b3153,3db28282,1

10507,118,-9,-61,-1580,-172,15584,-4099,2475,-3183,bf7e8c6c,bbbd380e,bd78ed98,3db2507e,bf7e8c6c,bbbd3808,bd78ed97,3db2507e,1

10508,131,-63,-71,-1895,65,15704,-4087,2515,-3335,bf7e8a9b,bbb9bec4,bd783b16,3db337b1,bf7e8a9b,bbb9bebe,bd783b16,3db337b1,1

10509,25,-188,-223,-2774,-472,16082,-4087,2515,-3335,bf7e8767,bbb45c23,bd7cb89b,3db2cec4,bf7e8767,bbb45c1d,bd7cb89b,3db2cec4,1

10510,-209,-204,-481,-2647,911,16203,-4099,2443,-3242,bf7e87bc,bbdf12ef,bd7fd004,3db1654f,bf7e87bc,bbdf12e8,bd7fd004,3db1654f,1

10511,278,295,-110,-1238,-627,15216,-4097,2477,-3341,bf7e8bbf,bbc5a4ce,bd7cbc4a,3db12da2,bf7e8bbf,bbc5a4c7,bd7cbc4a,3db12da2,1

10512,539,256,153,-1864,-716,15673,-4097,2477,-3341,bf7e8b9d,bb9a2e26,bd7c1aaa,3db19e0a,bf7e8b9e,bb9a2e20,bd7c1aab,3db19e0a,1

10513,189,86,44,-1769,510,15645,-4083,2467,-3238,bf7e8c99,bbb3321b,bd7b1709,3db1882d,bf7e8c9a,bbb33215,bd7b170a,3db1882d,1

10514,293,10,56,-2288,-557,15877,-4057,2481,-3250,bf7e89ae,bb982c0d,bd7dab46,3db1c26f,bf7e89ae,bb982c06,bd7dab46,3db1c26e,1

10515,141,47,8,-2273,227,15935,-4033,2459,-3258,bf7e877b,bbae9f1f,bd8017c9,3db190a6,bf7e877b,bbae9f1a,bd8017c9,3db190a5,1

10516,157,186,-18,-1751,-110,15598,-4033,2459,-3258,bf7e8b9f,bba4494a,bd7cbe0f,3db15a4c,bf7e8ba0,bba44947,bd7cbe10,3db15a4c,1

10517,180,102,-5,-2075,-236,15735,-4067,2451,-3335,bf7e8a6e,bb9125ed,bd7f139e,3db1026f,bf7e8a6f,bb9125e7,bd7f139f,3db1026f,1

10518,96,97,-28,-2064,-27,15768,-4063,2437,-3393,bf7e8aae,bba60b51,bd808572,3db0228e,bf7e8aae,bba60b4b,bd808572,3db0228e,1

10519,83,108,-31,-2015,36,15773,-4063,2437,-3393,bf7e8c46,bbc12617,bd80c1e0,3daf46cd,bf7e8c47,bbc12611,bd80c1e1,3daf46ce,1

10520,108,101,-10,-2141,17,15793,-4103,2491,-3330,bf7e8876,bbc1c7ca,bd824b50,3daf85d5,bf7e8876,bbc1c7c4,bd824b50,3daf85d5,1

10521,130,116,-3,-2037,61,15758,-4085,2467,-3378,bf7e88c1,bbd91d03,bd827a1c,3daf2bfd,bf7e88c2,bbd91cff,bd827a1d,3daf2bfe,1

10522,153,128,4,-2118,-16,15800,-4085,2467,-3378,bf7e8645,bbd10442,bd83cd8b,3daf1f3a,bf7e8645,bbd1043c,bd83cd8c,3daf1f3a,1

10523,146,160,-4,-2127,104,15807,-4095,2465,-3299,bf7e8561,bbe71919,bd8480b0,3daeced3,bf7e8561,bbe71915,bd8480b1,3daeced3,1

10524,158,198,-19,-2026,21,15763,-4083,2435,-3277,bf7e8a1b,bbf56a65,bd83c7ef,3dad8d9c,bf7e8a1b,bbf56a61,bd83c7f0,3dad8d9c,1

10525,176,200,-25,-1932,21,15710,-4083,2435,-3277,bf7e8fc8,bbf8eb39,bd822344,3dacb09f,bf7e8fc7,bbf8eb34,bd822344,3dacb09f,1

10526,177,167,-19,-2000,113,15726,-4079,2463,-3368,bf7e9162,bc048089,bd814d62,3daca203,bf7e9163,bc04808b,bd814d64,3daca204,1

10527,201,134,-27,-1994,144,15713,-4079,2463,-3296,bf7e9265,bc0defb2,bd80c7fd,3dac88e2,bf7e9264,bc0defb2,bd80c7fd,3dac88e2,1

10528,248,100,-24,-1911,-45,15724,-4079,2445,-3334,bf7e950f,bc01110f,bd7ffc96,3dac4b79,bf7e950f,bc011110,bd7ffc97,3dac4b7a,1

10529,257,74,16,-2003,-94,15722,-4079,2445,-3334,bf7e9503,bbe56ed8,bd807d0d,3dac1a49,bf7e9502,bbe56ed8,bd807d0d,3dac1a49,1

10530,247,50,36,-1989,-18,15715,-4063,2445,-3303,bf7e9696,bbd3a9f5,bd80c9e2,3dab617e,bf7e9696,bbd3a9f5,bd80c9e2,3dab617e,1

10531,239,33,48,-2031,-37,15770,-4081,2481,-3343,bf7e940c,bbba6634,bd816cd6,3dabf5c4,bf7e940d,bbba6634,bd816cd6,3dabf5c4,1

10532,223,13,48,-2047,-12,15738,-4081,2481,-3343,bf7e907a,bbaa26ee,bd827b70,3dac8c16,bf7e907b,bbaa26ed,bd827b70,3dac8c16,1

10533,229,7,70,-2028,-277,15587,-4075,2499,-3340,bf7e8e42,bb8dd9b6,bd8300a1,3dad11db,bf7e8e41,bb8dd9b3,bd8300a0,3dad11da,1

10534,224,-68,190,-2091,-52,15762,-4031,2483,-3250,bf7e88a4,bb8086c0,bd84832a,3dae0611,bf7e88a4,bb8086c6,bd84832a,3dae0611,1

10535,191,-94,240,-2089,-162,15755,-4031,2483,-3250,bf7e8417,bb50da2d,bd858eec,3daef31d,bf7e8418,bb50da38,bd858eec,3daef31e,1

10536,138,-84,216,-2134,-13,15779,-4103,2501,-3282,bf7e7e65,bb6d540e,bd870af8,3dafd7cd,bf7e7e65,bb6d5422,bd870af6,3dafd7cd,1

10537,130,-74,209,-2127,110,15748,-4077,2483,-3243,bf7e7b92,bb92c3d8,bd87b9df,3db04167,bf7e7b91,bb92c3e1,bd87b9dd,3db04166,1

10538,149,-85,180,-2077,146,15790,-4077,2483,-3243,bf7e7a07,bbadc792,bd87d43c,3db0a2cc,bf7e7a08,bbadc79e,bd87d43c,3db0a2cc,1

10539,183,-78,131,-2069,-30,15778,-4083,2471,-3329,bf7e7b60,bbacf010,bd873e27,3db09a8c,bf7e7b61,bbacf014,bd873e27,3db09a8c,1

10540,192,-58,96,-2147,20,15798,-4037,2487,-3280,bf7e765d,bbae76ce,bd887b24,3db17313,bf7e765c,bbae76ce,bd887b23,3db17312,1

10541,188,-40,92,-2191,35,15728,-4107,2437,-3329,bf7e754d,bbc38355,bd898f01,3db0e920,bf7e754e,bbc38352,bd898f02,3db0e921,1

10542,199,-57,107,-2232,125,15817,-4107,2437,-3329,bf7e73b9,bbda8971,bd8a934e,3db094e7,bf7e73b9,bbda896c,bd8a9350,3db094e7,1

10543,222,-55,102,-2248,19,15683,-4045,2525,-3297,bf7e6e02,bbc84265,bd8bc5e4,3db1c68a,bf7e6e02,bbc8425f,bd8bc5e6,3db1c68a,1

10544,203,-63,73,-2252,43,15569,-4043,2503,-3321,bf7e67cd,bbc29eb8,bd8d6e43,3db2b551,bf7e67cc,bbc29eb1,bd8d6e43,3db2b551,1

10545,145,-89,-64,-2361,-96,15747,-4043,2503,-3321,bf7e635a,bbb45dab,bd8f1f50,3db3005c,bf7e635b,bbb45da5,bd8f1f51,3db3005e,1

10546,48,-96,-225,-2212,-11,15744,-4055,2469,-3260,bf7e6572,bbc70230,bd8f6262,3db1f7e2,bf7e6572,bbc7022f,bd8f6262,3db1f7e4,1

10547,-15,-153,-315,-2253,-78,15562,-4063,2477,-3320,bf7e63e7,bbbe266d,bd90de65,3db15aba,bf7e63e7,bbbe266d,bd90de65,3db15abc,1

10548,-44,-227,-296,-2316,-43,15722,-4063,2477,-3320,bf7e60e4,bbc06ebd,bd92e09a,3db0c5a0,bf7e60e3,bbc06ebe,bd92e09a,3db0c5a1,1

10549,-75,-238,-176,-2799,-640,16120,-4111,2501,-3263,bf7e5d24,bbb7b8ab,bd94d1da,3db087cc,bf7e5d25,bbb7b8b0,bd94d1db,3db087cf,1

10550,-274,-29,-273,-1384,893,15492,-4111,2475,-3303,bf7e60f5,bbde1c61,bd93d51b,3dafcfc2,bf7e60f6,bbde1c66,bd93d51c,3dafcfc5,1

10551,12,-135,-23,-1984,-187,15756,-4111,2475,-3303,bf7e6297,bbd52346,bd931ef0,3dafdcad,bf7e6296,bbd5234a,bd931ef0,3dafdcaf,1

10552,1,-204,-13,-2207,354,15925,-4063,2443,-3344,bf7e6243,bbf74ba7,bd936508,3daf9394,bf7e6243,bbf74bad,bd936509,3daf9397,1

10553,25,-153,-75,-2286,-92,15972,-4099,2457,-3313,bf7e62c3,bbe67c3b,bd93b12e,3daf3c54,bf7e62c2,bbe67c41,bd93b12f,3daf3c56,1

10554,70,-19,-89,-2458,174,15941,-4085,2481,-3315,bf7e5f71,bbfe6d99,bd950f10,3daf2706,bf7e5f72,bbfe6da2,bd950f11,3daf270a,1

10555,110,122,-105,-2120,-13,15715,-4085,2481,-3315,bf7e62f6,bbf40f5d,bd93992a,3daf2b9e,bf7e62f7,bbf40f6a,bd93992b,3daf2ba1,1

10556,141,125,-79,-2096,1,15688,-4125,2425,-3266,bf7e68db,bbfc6a3c,bd921cfb,3dae39ef,bf7e68dc,bbfc6a47,bd921cfc,3dae39f2,1

10557,139,80,-35,-2282,56,15746,-4083,2465,-3300,bf7e6850,bbffa9f2,bd9258e7,3dae360a,bf7e6850,bbffa9fe,bd9258e7,3dae360d,1

10558,141,68,-4,-2371,91,15788,-4083,2465,-3300,bf7e64fe,bc059b37,bd93b152,3dae37ed,bf7e64fd,bc059b3b,bd93b151,3dae37ef,1

10559,151,105,-2,-2300,77,15773,-4095,2467,-3285,bf7e64fe,bc07cfd1,bd937cac,3dae5d82,bf7e64ff,bc07cfd8,bd937cab,3dae5d86,1

10560,158,120,-10,-2246,61,15761,-4107,2459,-3237,bf7e68cd,bc097e4f,bd92429e,3dadfd1a,bf7e68cc,bc097e55,bd92429c,3dadfd1c,1

10561,152,103,-8,-2248,2,15716,-4107,2459,-3237,bf7e6a97,bc004f60,bd91dce6,3dadc727,bf7e6a97,bc004f66,bd91dce5,3dadc729,1

10562,154,91,-4,-2360,82,15791,-4095,2497,-3272,bf7e660d,bbf9cf18,bd92e6e8,3dae99ac,bf7e660e,bbf9cf24,bd92e6e7,3dae99af,1

10563,147,109,-4,-2368,42,15773,-4113,2457,-3314,bf7e6402,bc0129a1,bd942a87,3dae3a5c,bf7e6402,bc0129a5,bd942a86,3dae3a5e,1

10564,116,126,-2,-2199,85,15712,-4113,2457,-3314,bf7e6805,bc076d61,bd92af44,3dadf16b,bf7e6805,bc076d66,bd92af43,3dadf16d,1

10565,127,123,3,-2224,68,15682,-4143,2401,-3248,bf7e6b80,bc121da1,bd925604,3dacd2a4,bf7e6b80,bc121da6,bd925603,3dacd2a6,1

10566,124,106,13,-2189,23,15674,-4069,2489,-3339,bf7e6b9c,bc088859,bd919eec,3dad829a,bf7e6b9d,bc08885e,bd919eec,3dad829d,1

10567,117,94,24,-2351,215,15788,-4041,2421,-3269,bf7e6b18,bc15fde5,bd922658,3dad143d,bf7e6b18,bc15fde9,bd922658,3dad143f,1

10568,137,113,17,-2278,69,15727,-4041,2421,-3269,bf7e6d58,bc1cd285,bd925434,3dac0073,bf7e6d58,bc1cd288,bd925435,3dac0075,1

10569,141,116,10,-2219,99,15718,-4103,2453,-3237,bf7e70c3,bc1c1451,bd9101fc,3dabdec0,bf7e70c4,bc1c1454,bd9101fd,3dabdec1,1

10570,139,99,6,-2271,95,15744,-4101,2477,-3304,bf7e6ead,bc13f67b,bd911fd5,3daca724,bf7e6ead,bc13f67d,bd911fd5,3daca725,1

10571,144,92,12,-2295,101,15724,-4101,2477,-3304,bf7e6b4d,bc0f91d6,bd91c68b,3dad671f,bf7e6b4e,bc0f91da,bd91c68c,3dad6721,1

10572,151,91,5,-2308,123,15744,-4117,2459,-3387,bf7e69a6,bc17c3e2,bd9281bd,3dad4917,bf7e69a5,bc17c3e6,bd9281bc,3dad4918,1

10573,172,107,2,-2321,95,15749,-4077,2455,-3255,bf7e67b4,bc17c599,bd936080,3dad42cf,bf7e67b4,bc17c59e,bd936080,3dad42d0,1

10574,171,114,11,-2299,128,15755,-4077,2455,-3255,bf7e67e4,bc1e4692,bd934177,3dad346b,bf7e67e4,bc1e4695,bd934177,3dad346c,1

10575,177,113,10,-2301,123,15747,-4047,2445,-3290,bf7e680c,bc2259b7,bd934c08,3dad0d78,bf7e680b,bc2259b9,bd934c09,3dad0d78,1

10576,196,121,11,-2308,131,15759,-4071,2477,-3320,bf7e65cd,bc1ad33d,bd9342c5,3dae03b4,bf7e65cc,bc1ad340,bd9342c6,3dae03b4,1

10577,193,121,10,-2308,7,15736,-4071,2477,-3320,bf7e6466,bc0e6f45,bd9366c7,3dae922b,bf7e6467,bc0e6f49,bd9366ca,3dae922c,1

10578,178,133,8,-2317,125,15743,-4077,2487,-3329,bf7e6152,bc0bba31,bd938413,3dafa0c0,bf7e6152,bc0bba32,bd938413,3dafa0c0,1

10579,173,140,1,-2271,40,15745,-4103,2489,-3311,bf7e60e8,bc01ccde,bd930277,3db051d8,bf7e60e8,bc01ccdf,bd930277,3db051d8,1

10580,175,124,4,-2323,180,15745,-4101,2461,-3293,bf7e60a8,bc0e4518,bd933e6e,3db0103e,bf7e60a8,bc0e4519,bd933e6e,3db0103e,1

10581,173,120,19,-2263,111,15718,-4101,2461,-3293,bf7e62a4,bc15ecd9,bd92869f,3dafd8e7,bf7e62a3,bc15ecd8,bd92869e,3dafd8e6,1

10582,179,124,5,-2307,102,15739,-4113,2483,-3326,bf7e5ff9,bc10d762,bd92dd76,3db09811,bf7e5ff9,bc10d761,bd92dd75,3db09811,1

10583,175,130,0,-2287,102,15764,-4075,2451,-3350,bf7e6164,bc188f81,bd92abcf,3db0241e,bf7e6165,bc188f81,bd92abcf,3db0241f,1

10584,167,134,10,-2260,58,15730,-4075,2451,-3350,bf7e63ae,bc127580,bd920675,3dafeeb3,bf7e63af,bc127581,bd920675,3dafeeb4,1

10585,170,130,14,-2259,58,15723,-4009,2493,-3352,bf7e6224,bc07f0b4,bd91c1c5,3db0d6fa,bf7e6225,bc07f0b5,bd91c1c5,3db0d6fb,1

10586,170,126,18,-2306,70,15741,-4053,2443,-3287,bf7e6204,bc0f2a25,bd927563,3db0376b,bf7e6205,bc0f2a28,bd927562,3db0376c,1

10587,170,126,30,-2293,78,15738,-4053,2443,-3287,bf7e62d5,bc1576ea,bd92c05a,3daf989e,bf7e62d4,bc1576ee,bd92c056,3daf989d,1

10588,157,133,39,-2239,97,15700,-4069,2433,-3306,bf7e6655,bc1dccf5,bd91fd34,3daed8d9,bf7e6656,bc1dccfc,bd91fd32,3daed8da,1

10589,161,126,49,-2277,86,15731,-4055,2501,-3300,bf7e6408,bc13baf4,bd91dfb1,3dafe9cf,bf7e6409,bc13bafa,bd91dfb0,3dafe9d0,1

10590,166,113,41,-2274,175,15739,-4055,2501,-3300,bf7e60e6,bc122227,bd91937c,3db14f17,bf7e60e5,bc12222a,bd91937b,3db14f17,1

10591,168,107,36,-2314,88,15765,-4113,2465,-3307,bf7e5ede,bc14e0c1,bd9286e2,3db1384d,bf7e5edd,bc14e0c0,bd9286e3,3db1384e,1

10592,181,108,34,-2290,127,15736,-4095,2469,-3281,bf7e5e04,bc1b0626,bd9293ae,3db166db,bf7e5e05,bc1b0628,bd9293b0,3db166de,1

10593,184,125,36,-2269,151,15716,-4073,2445,-3344,bf7e5f6a,bc25a4bb,bd92488f,3db0fe11,bf7e5f6b,bc25a4bd,bd924890,3db0fe14,1

10594,203,119,50,-2277,73,15725,-4073,2445,-3344,bf7e607e,bc1ecae9,bd925094,3db0ad14,bf7e607d,bc1ecae9,bd925091,3db0ad16,1

10595,202,113,56,-2283,102,15737,-4087,2469,-3304,bf7e5f27,bc1893c0,bd92494a,3db14411,bf7e5f27,bc1893c3,bd924949,3db14412,1

10596,201,107,67,-2257,3,15706,-4067,2457,-3402,bf7e5f1d,bc0bf541,bd922395,3db1906c,bf7e5f1c,bc0bf543,bd922394,3db1906c,1

10597,199,90,96,-2214,2,15704,-4067,2457,-3402,bf7e60a5,bc01bb72,bd9152ad,3db1ce33,bf7e60a7,bc01bb71,bd9152af,3db1ce35,1

10598,208,73,170,-2229,38,15662,-4123,2449,-3347,bf7e62a4,bc076cbe,bd911606,3db13821,bf7e62a3,bc076cbb,bd911606,3db13821,1

10599,211,44,225,-2219,10,15712,-4089,2457,-3248,bf7e63df,bc00143f,bd908c85,3db14d71,bf7e63df,bc00143b,bd908c87,3db14d71,1

10600,201,13,251,-2293,219,15721,-4089,2457,-3248,bf7e6147,bc0c34d4,bd911ab5,3db1a277,bf7e6147,bc0c34d0,bd911ab7,3db1a277,1

10601,214,-5,242,-2411,118,15796,-4095,2499,-3326,bf7e5a0f,bc0a3171,bd92cbdc,3db2d976,bf7e5a0f,bc0a316e,bd92cbde,3db2d976,1

10602,211,25,170,-2380,125,15789,-4043,2481,-3377,bf7e53fc,bc0b7453,bd9432c3,3db3d5f5,bf7e53fc,bc0b7452,bd9432c4,3db3d5f5,1

10603,186,60,106,-2375,36,15747,-4043,2481,-3377,bf7e4f8a,bc03522a,bd953537,3db4aa61,bf7e4f89,bc035229,bd953538,3db4aa60,1

10604,164,86,73,-2341,7,15746,-4091,2435,-3273,bf7e5100,bc09b5e9,bd95b961,3db3a5c1,bf7e5101,bc09b5ea,bd95b963,3db3a5c1,1

10605,127,103,55,-2298,79,15722,-4073,2477,-3242,bf7e51a0,bc0a5d5d,bd94db7c,3db42314,bf7e519f,bc0a5d5d,bd94db7c,3db42313,1

10606,121,104,62,-2279,47,15717,-4083,2497,-3275,bf7e509f,bc029bc0,bd94452f,3db51046,bf7e509f,bc029bc0,bd944530,3db51046,1

10607,119,82,78,-2150,26,15644,-4083,2497,-3275,bf7e51fb,bbfafda0,bd92f62d,3db5b577,bf7e51fc,bbfafda2,bd92f62e,3db5b578,1

10608,113,34,93,-2215,189,15657,-4093,2473,-3270,bf7e5284,bc0ac3dd,bd927e5e,3db5bfc3,bf7e5284,bc0ac3dd,bd927e5e,3db5bfc4,1

10609,116,-10,75,-2437,198,15785,-4083,2527,-3290,bf7e4bd8,bc0e6d17,bd93f7e7,3db6d706,bf7e4bd8,bc0e6d17,bd93f7e7,3db6d707,1

10610,141,25,22,-2394,263,15770,-4083,2527,-3290,bf7e46c5,bc16e8f6,bd94c33b,3db7da01,bf7e46c6,bc16e8f7,bd94c33c,3db7da03,1

10611,160,52,3,-2327,130,15707,-4119,2521,-3280,bf7e4342,bc12acc7,bd94e0df,3db90555,bf7e4341,bc12acc7,bd94e0df,3db90556,1

10612,179,57,-5,-2382,130,15748,-4087,2461,-3270,bf7e4247,bc1ccb76,bd95c0db,3db885cc,bf7e4247,bc1ccb76,bd95c0db,3db885ce,1

10613,178,64,-8,-2226,84,15661,-4087,2461,-3270,bf7e46a2,bc1e976a,bd9466bf,3db816da,bf7e46a1,bc1e976a,bd9466be,3db816da,1

10614,176,37,-8,-2290,128,15705,-4129,2453,-3298,bf7e48c4,bc291394,bd9457a6,3db74097,bf7e48c4,bc291395,bd9457a6,3db74098,1

10615,179,12,-14,-2327,12,15704,-4099,2439,-3290,bf7e4a18,bc23c2b6,bd953676,3db627f3,bf7e4a18,bc23c2b8,bd953676,3db627f4,1

10616,176,3,-14,-2342,59,15715,-4099,2439,-3290,bf7e4b71,bc27429c,bd9609db,3db4f4d6,bf7e4b70,bc27429c,bd9609da,3db4f4d7,1

10617,156,-3,-1,-2438,118,15751,-4109,2431,-3286,bf7e4a19,bc2f97dc,bd975ff7,3db4304c,bf7e4a18,bc2f97dc,bd975ff6,3db4304d,1

10618,159,7,-5,-2352,115,15717,-4095,2483,-3289,bf7e4861,bc278ea1,bd97698c,3db4e171,bf7e4861,bc278ea2,bd97698c,3db4e173,1

10619,154,10,-5,-2425,128,15720,-4113,2507,-3292,bf7e43c1,bc21cbed,bd985c14,3db5caaa,bf7e43c1,bc21cbee,bd985c14,3db5caac,1

10620,166,29,4,-2445,114,15733,-4113,2507,-3292,bf7e3f19,bc1c36dd,bd995706,3db6abf1,bf7e3f19,bc1c36de,bd995706,3db6abf3,1

10621,168,42,8,-2409,48,15772,-4107,2489,-3312,bf7e3cf3,bc12e3d4,bd99b484,3db73ad8,bf7e3cf2,bc12e3d5,bd99b483,3db73ada,1

10622,158,52,16,-2338,133,15656,-4105,2427,-3246,bf7e3f44,bc1e95ff,bd9988cd,3db66a96,bf7e3f43,bc1e9600,bd9988cc,3db66a98,1

10623,167,42,19,-2532,116,15771,-4105,2427,-3246,bf7e3dd7,bc27460f,bd9ac5fb,3db5be29,bf7e3dd7,bc27460f,bd9ac5fa,3db5be2b,1

10624,191,88,18,-2474,154,15783,-4089,2441,-3270,bf7e3d78,bc312980,bd9b7587,3db5241a,bf7e3d7a,bc312981,bd9b7587,3db5241e,1

10625,200,120,23,-2475,73,15792,-4125,2439,-3313,bf7e3dd9,bc32407d,bd9c53f6,3db43dff,bf7e3dd9,bc32407f,bd9c53f3,3db43e01,1

10626,203,150,31,-2404,89,15717,-4125,2439,-3313,bf7e424c,bc3428f5,bd9ba1b4,3db33e34,bf7e424b,bc3428f8,bd9ba1b1,3db33e35,1

10627,192,161,28,-2364,99,15744,-4093,2415,-3326,bf7e4759,bc39afe6,bd9aadd2,3db22f26,bf7e475a,bc39afec,bd9aadd2,3db22f28,1

10628,186,147,25,-2388,141,15723,-4109,2455,-3260,bf7e49dc,bc39777f,bd99db66,3db200cf,bf7e49dc,bc397784,bd99db65,3db200d0,1

10629,179,146,24,-2452,130,15737,-4109,2455,-3260,bf7e47f1,bc38677d,bd9ac9d4,3db1e632,bf7e47f1,bc386781,bd9ac9d3,3db1e633,1

10630,185,171,22,-2429,140,15742,-4113,2435,-3258,bf7e49c9,bc3f92cb,bd9ae681,3db10561,bf7e49c9,bc3f92ce,bd9ae680,3db10562,1

10631,189,188,20,-2346,141,15728,-4121,2447,-3313,bf7e4e69,bc3e27db,bd9952d3,3db0c1c3,bf7e4e69,bc3e27de,bd9952d2,3db0c1c4,1

10632,196,189,26,-2357,98,15686,-4121,2447,-3313,bf7e515f,bc3558ff,bd988a0a,3db08359,bf7e5160,bc355901,bd988a0a,3db0835b,1

10633,210,171,27,-2358,173,15709,-4061,2423,-3212,bf7e5410,bc3ec650,bd9824f1,3dafba79,bf7e5410,bc3ec651,bd9824f2,3dafba7a,1

10634,215,160,19,-2459,49,15773,-4083,2423,-3338,bf7e5307,bc37bfef,bd993da2,3daf447d,bf7e5307,bc37bfef,bd993da3,3daf447e,1

10635,211,186,9,-2345,95,15704,-4105,2443,-3237,bf7e5724,bc30fb40,bd982db6,3daeceaa,bf7e5723,bc30fb41,bd982db7,3daecea9,1

10636,203,211,8,-2308,130,15700,-4105,2443,-3237,bf7e5c0c,bc32bad9,bd96b06f,3dae4922,bf7e5c0b,bc32bada,bd96b070,3dae4921,1

10637,203,183,0,-2284,-1,15681,-4109,2463,-3346,bf7e5d51,bc2585b7,bd96110e,3dae9010,bf7e5d51,bc2585b8,bd961110,3dae9010,1

10638,176,168,-10,-2393,69,15762,-4123,2391,-3327,bf7e5f41,bc2d3570,bd9688e8,3dad5514,bf7e5f41,bc2d3571,bd9688ea,3dad5514,1

10639,161,167,-2,-2323,36,15708,-4123,2391,-3327,bf7e63ba,bc317856,bd9657b1,3dabc92f,bf7e63bb,bc317857,bd9657b3,3dabc92f,1

10640,150,163,6,-2377,70,15744,-4091,2463,-3260,bf7e6241,bc26dbc1,bd969bce,3dac429d,bf7e6241,bc26dbc1,bd969bcf,3dac429c,1

10641,141,162,10,-2348,98,15702,-4109,2453,-3316,bf7e624a,bc21b2fb,bd96938b,3dac5ac5,bf7e6249,bc21b2f8,bd96938a,3dac5ac3,1

10642,147,158,21,-2378,217,15734,-4109,2453,-3316,bf7e619d,bc2df603,bd96bbee,3dac473f,bf7e619e,bc2df600,bd96bbef,3dac473f,1

10643,173,157,30,-2344,140,15710,-4119,2475,-3233,bf7e6057,bc274e78,bd9665e5,3dad24d5,bf7e6058,bc274e75,bd9665e6,3dad24d5,1

10644,187,144,26,-2378,137,15738,-4091,2443,-3240,bf7e5fd7,bc2d89f2,bd96f9ac,3dacbad1,bf7e5fd6,bc2d89f0,bd96f9ab,3dacbacf,1

10645,187,140,20,-2338,144,15706,-4091,2443,-3240,bf7e61d6,bc328f2a,bd96840e,3dac505f,bf7e61d5,bc328f28,bd96840d,3dac505e,1

10646,192,143,8,-2376,170,15752,-4107,2413,-3283,bf7e6327,bc3c7443,bd96c758,3dab6ea1,bf7e6327,bc3c7442,bd96c757,3dab6ea0,1

10647,203,144,4,-2320,100,15727,-4075,2407,-3217,bf7e6807,bc3da483,bd963f58,3daa1078,bf7e6807,bc3da481,bd963f56,3daa1077,1

10648,197,147,-6,-2353,171,15735,-4113,2419,-3289,bf7e69ff,bc458ff9,bd965664,3da91b00,bf7e69ff,bc458ff7,bd965663,3da91b00,1

10649,203,145,-12,-2349,59,15706,-4113,2419,-3289,bf7e6b9a,bc3a180a,bd968ccd,3da88353,bf7e6b9a,bc3a180a,bd968ccd,3da88353,1

10650,211,145,-19,-2363,36,15739,-4109,2461,-3237,bf7e6b06,bc2cdb38,bd96a516,3da8de39,bf7e6b06,bc2cdb38,bd96a516,3da8de39,1

10651,193,147,-20,-2382,13,15728,-4115,2417,-3266,bf7e6c13,bc24e8bf,bd975629,3da7f9a3,bf7e6c14,bc24e8c1,bd97562b,3da7f9a4,1

10652,178,151,-14,-2361,101,15717,-4115,2417,-3266,bf7e6ea7,bc2b8957,bd976ca1,3da6cf86,bf7e6ea6,bc2b8957,bd976ca2,3da6cf86,1

10653,179,146,-11,-2369,82,15725,-4101,2395,-3272,bf7e717b,bc313046,bd97a4b7,3da56f44,bf7e717b,bc313046,bd97a4ba,3da56f45,1

10654,175,139,-10,-2331,115,15724,-4139,2439,-3310,bf7e7436,bc2af44f,bd96c469,3da54a44,bf7e7435,bc2af452,bd96c469,3da54a44,1

10655,171,144,-10,-2344,115,15738,-4139,2439,-3310,bf7e75cb,bc276a93,bd9676c1,3da5031e,bf7e75ca,bc276a95,bd9676c1,3da5031e,1

10656,170,147,-7,-2322,161,15726,-4085,2465,-3294,bf7e7531,bc220096,bd95c3e5,3da5f6a3,bf7e7531,bc220099,bd95c3e5,3da5f6a3,1

10657,187,148,-10,-2305,140,15719,-4111,2457,-3256,bf7e7611,bc1f745e,bd94dbcc,3da67aec,bf7e7611,bc1f745f,bd94dbcc,3da67aec,1

10658,197,143,-11,-2323,140,15700,-4111,2457,-3256,bf7e74e9,bc1ee49e,bd94d677,3da6f317,bf7e74e9,bc1ee4a0,bd94d679,3da6f317,1

10659,213,143,-8,-2354,113,15725,-4125,2449,-3279,bf7e7344,bc1de2d6,bd959aee,3da6e7bb,bf7e7344,bc1de2d7,bd959af0,3da6e7bb,1

10660,216,144,-1,-2346,80,15751,-4115,2443,-3297,bf7e733f,bc179cbf,bd95e5bd,3da6bd44,bf7e733e,bc179cbf,bd95e5bd,3da6bd44,1

10661,205,144,-5,-2315,85,15704,-4121,2403,-3259,bf7e767a,bc1fb63a,bd95bc70,3da587ec,bf7e767b,bc1fb63b,bd95bc72,3da587ee,1

10662,206,141,-14,-2369,203,15742,-4121,2403,-3259,bf7e778d,bc2ad37a,bd95f453,3da4be7f,bf7e778e,bc2ad37b,bd95f455,3da4be81,1

10663,216,146,-31,-2368,67,15729,-4117,2461,-3312,bf7e762f,bc1ec008,bd963cd3,3da533e8,bf7e7630,bc1ec009,bd963cd5,3da533ea,1

10664,216,155,-42,-2374,65,15713,-4101,2433,-3360,bf7e7576,bc17bccc,bd96fce5,3da4e639,bf7e7576,bc17bcca,bd96fce6,3da4e63b,1

10665,218,168,-46,-2322,-3,15704,-4101,2433,-3360,bf7e7778,bc0afb9e,bd9695d7,3da4ab41,bf7e7777,bc0afb9c,bd9695d6,3da4ab42,1

10666,197,155,-37,-2312,41,15715,-4103,2469,-3307,bf7e77a5,bc0043f0,bd96099d,3da53cbc,bf7e77a4,bc0043ed,bd96099d,3da53cbd,1

10667,182,144,-30,-2305,12,15712,-4095,2437,-3335,bf7e7ab2,bbf4b53e,bd9561b1,3da4b993,bf7e7ab2,bbf4b542,bd9561b1,3da4b994,1

10668,171,134,-16,-2307,118,15723,-4095,2437,-3335,bf7e7c45,bc05e931,bd950aec,3da4486d,bf7e7c46,bc05e933,bd950aec,3da4486e,1

10669,176,119,-8,-2332,124,15720,-4101,2429,-3261,bf7e7d0d,bc110121,bd953990,3da3aad1,bf7e7d0d,bc110122,bd953991,3da3aad1,1

10670,182,125,-7,-2341,100,15728,-4095,2431,-3244,bf7e7d6d,bc1751c9,bd95a1be,3da30f68,bf7e7d6d,bc1751cb,bd95a1bf,3da30f68,1

10671,190,122,-7,-2330,113,15735,-4095,2431,-3244,bf7e7ec2,bc1cdf11,bd95918b,3da283b3,bf7e7ec2,bc1cdf12,bd95918c,3da283b3,1

10672,189,125,-7,-2309,12,15735,-4093,2481,-3287,bf7e7df2,bc109d35,bd956070,3da32f8d,bf7e7df3,bc109d37,bd956071,3da32f8e,1

10673,180,119,-1,-2352,38,15752,-4067,2465,-3251,bf7e7c00,bc05ad47,bd959d16,3da3defc,bf7e7c01,bc05ad48,bd959d16,3da3defd,1

10674,170,127,-3,-2333,114,15724,-4071,2405,-3270,bf7e7d9f,bc10f6b6,bd95ae53,3da3076d,bf7e7d9f,bc10f6b7,bd95ae51,3da3076e,1

10675,181,133,0,-2350,89,15703,-4071,2405,-3270,bf7e7ee0,bc196a33,bd961507,3da20c0b,bf7e7ee0,bc196a33,bd961506,3da20c0d,1

10676,177,127,8,-2376,9,15735,-4071,2443,-3240,bf7e7d52,bc0dea81,bd96915e,3da25dd4,bf7e7d52,bc0dea81,bd96915d,3da25dd6,1

10677,163,137,5,-2322,71,15766,-4093,2439,-3308,bf7e7f46,bc09eaac,bd95c17f,3da26875,bf7e7f46,bc09eaad,bd95c17e,3da26877,1

10678,147,149,7,-2238,214,15682,-4093,2439,-3308,bf7e81a2,bc150f06,bd94b069,3da24f46,bf7e81a2,bc150f09,bd94b068,3da24f48,1

10679,164,131,4,-2303,198,15714,-4067,2453,-3258,bf7e80fe,bc1db581,bd943198,3da2e2b9,bf7e80fd,bc1db584,bd943197,3da2e2bb,1

10680,194,122,-1,-2347,162,15744,-4065,2433,-3295,bf7e7f55,bc24be8d,bd94d808,3da2d50e,bf7e7f54,bc24be90,bd94d807,3da2d510,1

10681,216,115,-9,-2417,83,15782,-4065,2433,-3295,bf7e7c5a,bc1e5c72,bd961fc2,3da2eb66,bf7e7c59,bc1e5c77,bd961fc1,3da2eb68,1

10682,223,130,-13,-2347,116,15725,-4079,2431,-3267,bf7e7c9a,bc1ed2aa,bd9651bd,3da2a301,bf7e7c99,bc1ed2ae,bd9651bd,3da2a303,1

10683,226,144,-25,-2332,93,15711,-4065,2485,-3255,bf7e7b52,bc136a19,bd96176d,3da38314,bf7e7b53,bc136a1d,bd96176e,3da38317,1

10684,236,148,-22,-2318,45,15722,-4065,2485,-3255,bf7e7a6b,bc07262f,bd95ce24,3da44a65,bf7e7a6b,bc072633,bd95ce25,3da44a67,1

10685,224,129,-24,-2322,39,15717,-4077,2413,-3347,bf7e7d83,bc0af776,bd95c3df,3da3133e,bf7e7d83,bc0af779,bd95c3e1,3da31340,1

10686,215,123,-21,-2344,32,15742,-4093,2431,-3259,bf7e7e38,bc051799,bd962c2d,3da2800f,bf7e7e37,bc05179a,bd962c2f,3da28010,1

10687,202,126,-24,-2313,1,15727,-4093,2437,-3256,bf7e8002,bbf52764,bd95c8a5,3da24949,bf7e8003,bbf5276c,bd95c8a6,3da2494c,1

10688,190,134,-20,-2324,72,15716,-4093,2437,-3256,bf7e8169,bc01e850,bd95a333,3da1c826,bf7e816a,bc01e855,bd95a333,3da1c829,1

10689,174,127,-10,-2307,60,15721,-4069,2493,-3266,bf7e7ff4,bbf095a7,bd954fa2,3da2c4d5,bf7e7ff5,bbf095b1,bd954fa2,3da2c4d8,1

10690,175,122,-1,-2324,131,15733,-4045,2449,-3247,bf7e7f68,bc022d08,bd95265d,3da30372,bf7e7f67,bc022d0d,bd95265c,3da30374,1

10691,187,123,-5,-2339,114,15740,-4045,2449,-3247,bf7e7d8f,bc06987e,bd955fbd,3da378f4,bf7e7d8e,bc069882,bd955fbd,3da378f6,1

10692,196,128,1,-2346,68,15753,-4091,2419,-3266,bf7e7ec3,bc0dcb7f,bd95c423,3da28bfa,bf7e7ec4,bc0dcb84,bd95c425,3da28bfd,1

10693,184,125,4,-2322,79,15729,-4049,2467,-3179,bf7e7d51,bc04993d,bd958306,3da37772,bf7e7d51,bc049941,bd958307,3da37775,1

10694,175,125,7,-2323,62,15735,-4049,2467,-3179,bf7e7bb3,bbf7e9c0,bd955419,3da45d6b,bf7e7bb4,bbf7e9ca,bd955419,3da45d6f,1

10695,171,118,12,-2324,98,15728,-4047,2435,-3216,bf7e7c53,bc06126c,bd954d5c,3da40639,bf7e7c53,bc061270,bd954d5a,3da4063d,1

10696,170,117,7,-2352,71,15722,-4073,2465,-3248,bf7e7970,bbfe79c7,bd95bb04,3da4d5b2,bf7e7971,bbfe79d2,bd95bb02,3da4d5b7,1

10697,168,125,-3,-2339,83,15735,-4073,2465,-3248,bf7e7758,bbf8a218,bd95bf75,3da5a923,bf7e7758,bbf8a225,bd95bf74,3da5a928,1

10698,174,124,-3,-2320,149,15726,-4091,2465,-3292,bf7e76ea,bc05d53c,bd955950,3da611e3,bf7e76ea,bc05d544,bd95594e,3da611e8,1

10699,184,123,-6,-2332,92,15727,-4107,2521,-3231,bf7e7469,bbfa18fd,bd953ed1,3da73974,bf7e7468,bbfa190b,bd953ecf,3da73978,1

10700,195,120,-10,-2318,101,15710,-4123,2473,-3196,bf7e7368,bc00fbc4,bd950a23,3da7bdef,bf7e7368,bc00fbce,bd950a22,3da7bdf3,1

10701,189,112,-5,-2330,88,15743,-4123,2473,-3196,bf7e71a3,bc013590,bd9521f5,3da85404,bf7e71a2,bc013598,bd9521f4,3da85407,1

10702,197,118,3,-2335,55,15738,-4071,2461,-3278,bf7e6fdb,bbf76cac,bd956336,3da8d660,bf7e6fdc,bbf76cc2,bd956338,3da8d663,1

10703,189,119,6,-2330,70,15729,-4093,2453,-3242,bf7e700b,bc0213ca,bd958038,3da89795,bf7e700b,bc0213d4,bd958037,3da89798,1

10704,184,126,12,-2343,67,15748,-4093,2453,-3242,bf7e6f79,bc04d5c5,bd95d3e9,3da87b3c,bf7e6f79,bc04d5ce,bd95d3e8,3da87b3f,1

10705,180,137,10,-2346,82,15751,-4105,2485,-3302,bf7e6d0a,bbfc3b40,bd95cf9f,3da97ed9,bf7e6d0b,bbfc3b51,bd95cf9e,3da97edd,1

10706,178,135,3,-2341,70,15732,-4059,2519,-3211,bf7e6a7a,bbea9f85,bd95b1ef,3daaa785,bf7e6a79,bbea9f94,bd95b1ed,3daaa787,1

10707,173,138,1,-2322,71,15720,-4059,2519,-3211,bf7e6817,bbdb3dfd,bd956b18,3dabdc84,bf7e6818,bbdb3e0d,bd956b17,3dabdc87,1

10708,171,135,4,-2325,81,15731,-4125,2465,-3244,bf7e68bd,bbf11690,bd955768,3dab92e9,bf7e68be,bbf1169f,bd955767,3dab92ec,1

10709,180,136,13,-2295,41,15715,-4089,2443,-3216,bf7e6be1,bbffd0c9,bd94d4da,3daac441,bf7e6be0,bbffd0d4,bd94d4d8,3daac442,1

10710,181,122,12,-2341,128,15731,-4089,2443,-3216,bf7e6c22,bc0b595b,bd951994,3daa4c03,bf7e6c22,bc0b5961,bd951992,3daa4c05,1

10711,184,121,7,-2320,79,15722,-4113,2445,-3276,bf7e6d98,bc1197d1,bd951ddf,3da9a74a,bf7e6d98,bc1197d6,bd951ddd,3da9a74c,1

10712,181,125,12,-2331,80,15742,-4145,2455,-3296,bf7e6dd4,bc1235b4,bd954da7,3da96503,bf7e6dd4,bc1235b9,bd954da5,3da96505,1

10713,180,124,12,-2319,63,15723,-4083,2499,-3208,bf7e6bf4,bc07fb67,bd9524df,3daa5f03,bf7e6bf3,bc07fb6b,bd9524dd,3daa5f05,1

10714,166,129,9,-2337,41,15727,-4083,2499,-3208,bf7e699b,bbfc51a5,bd95315f,3dab5142,bf7e699b,bbfc51af,bd95315e,3dab5145,1

10715,158,132,9,-2346,20,15734,-4071,2443,-3208,bf7e69d4,bbff9ab9,bd95d813,3daaa5a5,bf7e69d3,bbff9ac1,bd95d812,3daaa5a8,1

10716,150,128,16,-2334,147,15750,-4091,2421,-3266,bf7e6b37,bc0c7603,bd95cd75,3daa0273,bf7e6b38,bc0c7608,bd95cd75,3daa0278,1

10717,156,125,11,-2349,79,15726,-4091,2421,-3266,bf7e6ca7,bc15eeac,bd961c77,3da911fc,bf7e6ca7,bc15eeb0,bd961c77,3da91200,1

10718,152,132,8,-2339,133,15729,-4063,2463,-3263,bf7e6b14,bc15f83b,bd95dee1,3da9dfd6,bf7e6b13,bc15f840,bd95dee1,3da9dfda,1

10719,168,132,5,-2322,99,15718,-4093,2441,-3300,bf7e6d09,bc1b4f01,bd9587fc,3da95d11,bf7e6d08,bc1b4f08,bd9587fb,3da95d15,1

10720,167,129,12,-2308,106,15713,-4093,2441,-3300,bf7e6f5b,bc1eaa2b,bd94ede1,3da8f984,bf7e6f5b,bc1eaa34,bd94ede0,3da8f989,1

10721,178,129,10,-2304,122,15716,-4089,2451,-3304,bf7e7006,bc1d9d57,bd945b8e,3da93d65,bf7e7007,bc1d9d62,bd945b8d,3da93d6a,1

10722,182,123,14,-2333,69,15731,-4085,2457,-3300,bf7e6e55,bc13ed56,bd94b82c,3da9b1de,bf7e6e55,bc13ed5f,bd94b82a,3da9b1e1,1

10723,172,114,8,-2334,85,15725,-4085,2457,-3300,bf7e6c88,bc0f64d2,bd952031,3daa1325,bf7e6c87,bc0f64d8,bd95202f,3daa1327,1

10724,167,121,5,-2351,101,15735,-4125,2435,-3187,bf7e6d55,bc18d24d,bd9592a6,3da9401d,bf7e6d56,bc18d251,bd9592a6,3da94021,1

10725,156,129,2,-2341,174,15714,-4099,2437,-3306,bf7e6dca,bc24d91e,bd95a812,3da8d45c,bf7e6dcb,bc24d921,bd95a812,3da8d45f,1

10726,163,138,-6,-2338,120,15741,-4123,2463,-3256,bf7e6cc7,bc1f321e,bd95933b,3da95df2,bf7e6cc6,bc1f3220,bd95933a,3da95df4,1

10727,182,137,-9,-2324,138,15713,-4123,2463,-3256,bf7e6c75,bc1fdb8c,bd953ab6,3da9c83f,bf7e6c75,bc1fdb8f,bd953ab7,3da9c841,1

10728,197,128,-12,-2321,118,15718,-4041,2487,-3248,bf7e6aa3,bc164d7d,bd9506b4,3daac66e,bf7e6aa4,bc164d80,bd9506b5,3daac670,1

10729,206,129,0,-2337,82,15738,-4105,2475,-3287,bf7e68ac,bc0d5dfd,bd952c86,3dab7ec2,bf7e68ab,bc0d5dfe,bd952c86,3dab7ec3,1

10730,213,139,-5,-2359,82,15751,-4105,2475,-3287,bf7e65f1,bc07ac10,bd95b123,3dac20c1,bf7e65f0,bc07ac12,bd95b123,3dac20c2,1

10731,202,146,-9,-2321,56,15725,-4097,2443,-3238,bf7e689c,bc0cabf4,bd957f62,3dab3ed6,bf7e689d,bc0cabf8,bd957f63,3dab3ed8,1

10732,191,152,-13,-2322,75,15717,-4089,2479,-3274,bf7e6760,bc049946,bd953a95,3dac09c7,bf7e6760,bc049949,bd953a95,3dac09c8,1

10733,186,158,-13,-2293,84,15744,-4089,2479,-3274,bf7e67a2,bc008f32,bd945276,3dacc5ef,bf7e67a1,bc008f34,bd945276,3dacc5ef,1

10734,179,153,-10,-2307,79,15725,-4113,2463,-3282,bf7e685b,bc06ef29,bd9428f3,3dac9204,bf7e685b,bc06ef2b,bd9428f4,3dac9204,1

10735,172,154,-4,-2340,96,15724,-4115,2445,-3213,bf7e68db,bc1082c8,bd949a6f,3dabe241,bf7e68db,bc1082ca,bd949a71,3dabe241,1

10736,176,153,-2,-2358,62,15746,-4115,2445,-3213,bf7e68a8,bc136ad8,bd956f37,3dab31ce,bf7e68a8,bc136ada,bd956f38,3dab31ce,1

10737,175,162,4,-2345,152,15719,-4099,2435,-3196,bf7e69b1,bc1ebc22,bd958884,3daa90d6,bf7e69b2,bc1ebc24,bd958886,3daa90d7,1

10738,182,167,5,-2296,117,15716,-4105,2465,-3235,bf7e6ac9,bc1a6858,bd948b7b,3dab150a,bf7e6ac8,bc1a685a,bd948b7b,3dab1509,1

10739,201,164,7,-2312,138,15736,-4079,2463,-3286,bf7e6a14,bc1ac9b3,bd9422b4,3dabb181,bf7e6a14,bc1ac9b4,bd9422b5,3dabb181,1

10740,212,146,4,-2324,90,15746,-4079,2463,-3286,bf7e688f,bc12d199,bd944bd7,3dac3a2e,bf7e688e,bc12d198,bd944bd6,3dac3a2e,1

10741,220,149,8,-2304,96,15743,-4139,2481,-3275,bf7e67a9,bc0c8d30,bd93ec10,3dacf585,bf7e67aa,bc0c8d31,bd93ec10,3dacf586,1

10742,216,153,14,-2297,97,15731,-4105,2437,-3298,bf7e69d7,bc158138,bd93c423,3dac2c17,bf7e69d6,bc158138,bd93c422,3dac2c17,1

10743,223,153,4,-2319,113,15730,-4105,2437,-3298,bf7e6af1,bc1db5f5,bd940367,3dab6fc2,bf7e6af0,bc1db5f4,bd940367,3dab6fc2,1

10744,224,157,-14,-2333,67,15718,-4087,2443,-3267,bf7e6aa7,bc185331,bd94aea9,3dab0a5d,bf7e6aa6,bc185330,bd94aea9,3dab0a5d,1

10745,207,155,-28,-2312,119,15710,-4115,2447,-3222,bf7e6c76,bc1faeaa,bd9488c2,3daa645c,bf7e6c76,bc1faeaa,bd9488c2,3daa645d,1

10746,203,150,-29,-2326,96,15762,-4115,2447,-3222,bf7e6da3,bc1eeb4a,bd94ac2b,3da9d7a6,bf7e6da3,bc1eeb4b,bd94ac2b,3da9d7a7,1

10747,206,159,-31,-2288,75,15733,-4085,2443,-3220,bf7e70c5,bc188681,bd93ddcc,3da976cd,bf7e70c5,bc188684,bd93ddcc,3da976ce,1

10748,208,139,-41,-2329,67,15719,-4083,2463,-3283,bf7e6f1d,bc0eb75a,bd944113,3da9e10f,bf7e6f1d,bc0eb75e,bd944114,3da9e110,1

10749,198,147,-42,-2260,53,15699,-4083,2463,-3283,bf7e7099,bc05a9c2,bd935ec8,3daa34ad,bf7e709a,bc05a9c6,bd935ecb,3daa34ae,1

10750,199,133,-37,-2258,27,15700,-4111,2455,-3290,bf7e7329,bbfcc1f5,bd92a1ed,3da9f96a,bf7e7328,bbfcc1ff,bd92a1ed,3da9f96a,1

10751,191,121,-38,-2282,42,15729,-4073,2483,-3275,bf7e7199,bbea12a9,bd928e74,3daaba0f,bf7e7199,bbea12b1,bd928e74,3daaba10,1

10752,187,114,-29,-2292,148,15701,-4073,2525,-3317,bf7e6e48,bbe36cd7,bd9276d0,3dac1282,bf7e6e48,bbe36cde,bd9276d0,3dac1283,1

10753,199,112,-36,-2342,48,15775,-4073,2525,-3317,bf7e6ae7,bbd1d6b6,bd92daee,3dad12ae,bf7e6ae7,bbd1d6bc,bd92daed,3dad12af,1

10754,195,121,-30,-2303,20,15717,-4113,2469,-3365,bf7e69ef,bbd76594,bd936d96,3dace9f2,bf7e69ef,bbd76597,bd936d96,3dace9f3,1

10755,183,120,-24,-2335,5,15744,-4093,2467,-3267,bf7e6809,bbd60a42,bd945f6d,3daccf91,bf7e6809,bbd60a46,bd945f6d,3daccf92,1

10756,171,127,-21,-2275,83,15730,-4093,2467,-3267,bf7e69c8,bbea65e1,bd93b46e,3daca30d,bf7e69c8,bbea65e6,bd93b46e,3daca30e,1

10757,178,126,-6,-2278,156,15720,-4073,2455,-3270,bf7e6ad9,bc01a146,bd93641c,3dac5f65,bf7e6ada,bc01a148,bd93641d,3dac5f66,1

10758,192,114,-3,-2310,87,15724,-4035,2441,-3323,bf7e6aee,bc0a38da,bd93be06,3dabf010,bf7e6aee,bc0a38da,bd93be07,3dabf010,1

10759,194,114,-9,-2312,136,15746,-4035,2441,-3323,bf7e6b32,bc14dae3,bd93d6d2,3dab9dac,bf7e6b32,bc14dae3,bd93d6d3,3dab9dac,1

10760,200,110,-15,-2316,123,15755,-4085,2437,-3263,bf7e6c4b,bc1e3d1d,bd9407ba,3daae972,bf7e6c4c,bc1e3d1e,bd9407ba,3daae973,1

10761,216,122,-15,-2337,128,15758,-4085,2449,-3307,bf7e6b16,bc211724,bd949cc8,3daad0bd,bf7e6b16,bc211727,bd949cc6,3daad0be,1

10762,235,128,-12,-2299,62,15732,-4085,2449,-3307,bf7e6c1a,bc15e017,bd9447ca,3daae2ea,bf7e6c1a,bc15e019,bd9447c9,3daae2eb,1

10763,245,123,-6,-2295,82,15731,-4103,2507,-3235,bf7e6a7f,bc0ab7c5,bd940631,3dabd987,bf7e6a7f,bc0ab7c6,bd940630,3dabd988,1

10764,248,122,5,-2300,59,15726,-4093,2471,-3265,bf7e6997,bc01a5d5,bd93e339,3dac6956,bf7e6998,bc01a5d7,bd93e338,3dac6957,1

10765,244,121,0,-2322,15,15730,-4081,2443,-3250,bf7e6a34,bbffafab,bd948d4e,3daba23b,bf7e6a33,bbffafad,bd948d4c,3daba239,1

10766,224,131,-8,-2267,52,15714,-4081,2443,-3250,bf7e6e22,bc046523,bd93a72c,3daae5d9,bf7e6e22,bc046522,bd93a72a,3daae5d9,1

10767,212,142,-6,-2323,41,15719,-4109,2503,-3248,bf7e6bb0,bbf3eadb,bd93cd93,3dabcc14,bf7e6baf,bbf3eada,bd93cd92,3dabcc13,1

10768,213,154,-6,-2315,27,15735,-4063,2463,-3283,bf7e6a72,bbe77142,bd94147e,3dac15fa,bf7e6a71,bbe77143,bd94147e,3dac15f9,1

10769,197,145,-5,-2289,-13,15699,-4063,2463,-3283,bf7e6a96,bbd43e22,bd93e027,3dac4e1b,bf7e6a97,bbd43e24,bd93e027,3dac4e1b,1

10770,168,147,6,-2308,25,15733,-4113,2449,-3248,bf7e6c1f,bbe6878c,bd940733,3dab8403,bf7e6c20,bbe6878f,bd940733,3dab8403,1

10771,160,142,15,-2295,94,15737,-4097,2465,-3358,bf7e6c7b,bbfa4d60,bd93abf7,3dab94da,bf7e6c7a,bbfa4d62,bd93abf6,3dab94d9,1

10772,175,147,19,-2310,100,15731,-4097,2465,-3358,bf7e6b86,bc04bd82,bd93bf18,3dabc865,bf7e6b85,bc04bd82,bd93bf18,3dabc864,1

10773,189,142,25,-2293,132,15732,-4075,2463,-3294,bf7e6b72,bc0d78c9,bd935e81,3dac067f,bf7e6b72,bc0d78ca,bd935e81,3dac067f,1

10774,200,140,14,-2292,82,15723,-4099,2385,-3237,bf7e6dfe,bc16ffc9,bd9365b7,3daaee22,bf7e6dfd,bc16ffc9,bd9365b6,3daaee22,1

10775,192,142,-6,-2304,46,15716,-4099,2385,-3237,bf7e70de,bc1e9269,bd939513,3da99681,bf7e70df,bc1e9269,bd939514,3da99683,1

10776,187,145,-7,-2313,127,15747,-4055,2493,-3255,bf7e6e9f,bc159160,bd937865,3daaa71f,bf7e6e9e,bc159160,bd937865,3daaa720,1

10777,194,146,-18,-2311,198,15758,-4103,2455,-3246,bf7e6ed4,bc2120b1,bd936793,3daa77cc,bf7e6ed4,bc2120b1,bd936794,3daa77ce,1

10778,226,155,-26,-2336,106,15751,-4099,2473,-3321,bf7e6c79,bc17f2ec,bd93ccd2,3dab2247,bf7e6c7a,bc17f2ee,bd93ccd4,3dab2249,1

10779,241,169,-37,-2294,64,15742,-4099,2473,-3321,bf7e6c36,bc0c5250,bd9379ce,3dabaa1b,bf7e6c37,bc0c5252,bd9379cf,3dabaa1d,1

10780,247,182,-39,-2330,-43,15721,-4069,2487,-3277,bf7e6b12,bbfd9011,bd939df3,3dac219d,bf7e6b13,bbfd9014,bd939df4,3dac219f,1

10781,225,186,-40,-2298,-2,15712,-4107,2485,-3276,bf7e6a55,bbe5c99b,bd938008,3daca228,bf7e6a55,bbe5c99c,bd938009,3daca22a,1

10782,195,196,-33,-2324,81,15762,-4107,2485,-3276,bf7e6843,bbeb4d6c,bd93b08b,3dad3405,bf7e6844,bbeb4d6f,bd93b08d,3dad3407,1

10783,213,205,-2,-2271,-47,15707,-4079,2471,-3320,bf7e68d5,bbd22ca7,bd933955,3dad84ad,bf7e68d5,bbd22cab,bd933955,3dad84ae,1

10784,203,198,14,-2249,140,15720,-4079,2441,-3241,bf7e6b16,bbe998db,bd92adf8,3dad08a9,bf7e6b16,bbe998df,bd92adf8,3dad08aa,1

10785,216,189,32,-2257,30,15729,-4079,2441,-3241,bf7e6e83,bbf6f37e,bd921f9e,3dac2bc8,bf7e6e83,bbf6f383,bd921f9e,3dac2bc9,1

10786,228,176,36,-2268,-72,15722,-4113,2425,-3300,bf7e71c1,bbeaddfc,bd923cec,3daaf02b,bf7e71c1,bbeade01,bd923cec,3daaf02c,1

10787,188,161,20,-2235,-7,15717,-4121,2451,-3261,bf7e75c9,bbe53301,bd91557a,3daa3c98,bf7e75c8,bbe53304,bd91557a,3daa3c99,1

10788,157,161,10,-2263,144,15725,-4121,2451,-3261,bf7e76bb,bbfedf5d,bd91346d,3da9d97b,bf7e76bb,bbfedf61,bd91346d,3da9d97d,1

10789,175,155,1,-2260,86,15708,-4095,2425,-3248,bf7e78be,bc09fd27,bd91365c,3da8f5a1,bf7e78be,bc09fd29,bd91365c,3da8f5a3,1

10790,183,147,-14,-2272,-10,15727,-4063,2465,-3233,bf7e77ca,bbfbf0ee,bd915472,3da95d6b,bf7e77cb,bbfbf0f2,bd915473,3da95d6e,1

10791,182,141,-15,-2262,22,15738,-4093,2467,-3254,bf7e7724,bbe9996c,bd914860,3da9bfd2,bf7e7724,bbe9996f,bd914860,3da9bfd4,1

10792,169,141,-8,-2304,93,15756,-4093,2467,-3254,bf7e7517,bbf8542f,bd91ec39,3da9e305,bf7e7517,bbf85434,bd91ec39,3da9e307,1

10793,172,152,-19,-2200,42,15707,-4083,2461,-3228,bf7e783b,bbf1d5b8,bd907fd0,3da9f71c,bf7e783a,bbf1d5bb,bd907fd0,3da9f71d,1

10794,177,159,-13,-2291,69,15761,-4101,2455,-3271,bf7e7756,bbfed90a,bd913105,3da9a2a4,bf7e7757,bbfed911,bd913104,3da9a2a6,1

10795,181,156,-2,-2233,19,15718,-4101,2455,-3271,bf7e795f,bbf08b6c,bd908da1,3da97f8c,bf7e795f,bbf08b74,bd908d9e,3da97f8d,1

10796,187,140,13,-2261,54,15729,-4087,2477,-3291,bf7e7713,bbe4a161,bd90ac13,3daa529a,bf7e7713,bbe4a169,bd90ac10,3daa529b,1

10797,189,145,23,-2260,0,15722,-4065,2455,-3288,bf7e7676,bbd83762,bd91010d,3daa54cf,bf7e7677,bbd8376d,bd91010b,3daa54d0,1

10798,169,145,24,-2148,24,15684,-4065,2455,-3288,bf7e7a43,bbd9233c,bd8f5f1a,3daa49f8,bf7e7a43,bbd92343,bd8f5f17,3daa49f8,1

10799,160,136,20,-2265,27,15741,-4073,2481,-3291,bf7e770c,bbcda50a,bd8fe56d,3dab19bf,bf7e770c,bbcda512,bd8fe56b,3dab19bf,1

10800,163,141,26,-2254,70,15724,-4095,2519,-3246,bf7e7397,bbc3721c,bd8fdf4f,3dac72be,bf7e7397,bbc37224,bd8fdf4d,3dac72be,1

10801,164,131,22,-2249,-2,15724,-4095,2519,-3246,bf7e70c3,bbb1bfbb,bd8fe577,3dad8ae2,bf7e70c4,bbb1bfc2,bd8fe576,3dad8ae3,1

10802,151,132,25,-2244,35,15730,-4057,2467,-3243,bf7e7089,bbc606ac,bd90003e,3dad7474,bf7e708a,bbc606b1,bd90003e,3dad7474,1

10803,147,132,23,-2236,60,15721,-4089,2417,-3270,bf7e726a,bbde0f6b,bd900368,3daca385,bf7e7269,bbde0f6e,bd900367,3daca384,1

10804,143,122,33,-2226,62,15719,-4073,2483,-3293,bf7e70e7,bbdc93f0,bd8f8fc0,3dad93bb,bf7e70e7,bbdc93f0,bd8f8fc0,3dad93bb,1

10805,141,115,26,-2263,16,15742,-4073,2483,-3293,bf7e6ddd,bbd07d09,bd9013fb,3dae5192,bf7e6ddd,bbd07d0a,bd9013fb,3dae5192,1

10806,122,111,13,-2279,45,15763,-4097,2495,-3222,bf7e6a33,bbd019e3,bd90a8a3,3daf2ca0,bf7e6a33,bbd019e3,bd90a8a3,3daf2ca0,1

10807,113,121,15,-2263,32,15755,-4063,2479,-3219,bf7e6856,bbd45fb7,bd90d81f,3dafad6a,bf7e6857,bbd45fb7,bd90d820,3dafad6a,1

10808,117,125,26,-2269,55,15724,-4063,2479,-3219,bf7e6648,bbe080cf,bd912342,3db01ec6,bf7e6647,bbe080cd,bd912342,3db01ec4,1

10809,122,123,34,-2266,54,15751,-4071,2451,-3187,bf7e676c,bbf6ff28,bd91408a,3daf7efd,bf7e676c,bbf6ff26,bd91408b,3daf7efc,1

10810,111,115,33,-2234,87,15722,-4087,2495,-3282,bf7e6608,bbf3bdad,bd909313,3db09298,bf7e6609,bbf3bdac,bd909315,3db09297,1

10811,124,116,47,-2249,108,15702,-4087,2495,-3282,bf7e634f,bbfa8640,bd9067cf,3db1a6aa,bf7e634e,bbfa863a,bd9067ce,3db1a6a8,1

10812,131,114,44,-2225,85,15710,-4063,2479,-3294,bf7e62d6,bc003266,bd8fc236,3db24fa6,bf7e62d6,bc003265,bd8fc236,3db24fa6,1

10813,125,108,30,-2280,132,15744,-4089,2465,-3245,bf7e61e5,bc0c5f45,bd90436d,3db2184c,bf7e61e5,bc0c5f43,bd90436d,3db2184c,1

10814,135,103,27,-2212,74,15694,-4089,2465,-3245,bf7e6420,bc0eb2f1,bd8f79b0,3db1e815,bf7e641f,bc0eb2f0,bd8f79af,3db1e814,1

10815,145,111,27,-2165,128,15634,-4075,2471,-3250,bf7e661c,bc14884e,bd8e4354,3db218db,bf7e661b,bc14884f,bd8e4353,3db218da,1

10816,153,116,22,-2418,147,15809,-4079,2429,-3207,bf7e6452,bc1ceb2f,bd8f7f37,3db1a184,bf7e6453,bc1ceb30,bd8f7f37,3db1a185,1

10817,158,118,6,-2235,-1,15715,-4105,2503,-3172,bf7e62e8,bc114256,bd8f82e1,3db2484b,bf7e62e9,bc114257,bd8f82e1,3db2484c,1

10818,159,133,-5,-2277,107,15741,-4105,2503,-3172,bf7e5f58,bc0c9c24,bd8ff881,3db33c8a,bf7e5f59,bc0c9c25,bd8ff880,3db33c8b,1

10819,169,130,-5,-2332,123,15765,-4077,2465,-3218,bf7e5d3d,bc1420ac,bd910bbb,3db305bf,bf7e5d3e,bc1420ae,bd910bba,3db305c0,1

10820,176,149,-3,-2233,104,15721,-4111,2505,-3243,bf7e5c32,bc0d36e1,bd906a0c,3db3fd1c,bf7e5c32,bc0d36e2,bd906a0a,3db3fd1d,1

10821,181,150,2,-2278,163,15765,-4111,2505,-3243,bf7e5929,bc119322,bd907ef6,3db4f008,bf7e5929,bc119323,bd907ef5,3db4f009,1

10822,193,153,7,-2264,69,15733,-4059,2471,-3221,bf7e5856,bc0d9043,bd90bcc5,3db515b7,bf7e5856,bc0d9044,bd90bcc3,3db515b8,1

10823,197,149,-1,-2269,106,15752,-4069,2487,-3254,bf7e5648,bc0ca0e5,bd90c2bd,3db5cc45,bf7e5648,bc0ca0e8,bd90c2bc,3db5cc46,1

10824,197,158,6,-2243,110,15698,-4069,2487,-3254,bf7e5568,bc0d66cd,bd904ac8,3db67721,bf7e5568,bc0d66d0,bd904ac8,3db67722,1

10825,210,150,4,-2250,113,15736,-4099,2497,-3232,bf7e53bb,bc0d27da,bd900e3b,3db73d0a,bf7e53bb,bc0d27dd,bd900e3b,3db73d0b,1

10826,218,142,14,-2263,49,15755,-4047,2415,-3229,bf7e562d,bc152cc3,bd904dfd,3db616d7,bf7e562d,bc152cc6,bd904dfd,3db616d8,1

10827,224,149,20,-2239,83,15733,-4047,2415,-3229,bf7e5919,bc1dc76a,bd903d5c,3db50139,bf7e591a,bc1dc76d,bd903d5d,3db5013b,1

10828,227,165,36,-2248,-5,15694,-4101,2455,-3234,bf7e5a4e,bc123c32,bd907065,3db492e1,bf7e5a4d,bc123c34,bd907064,3db492e1,1

10829,224,135,87,-2237,131,15738,-4093,2471,-3257,bf7e5ae2,bc1a04d1,bd8ffd57,3db4a043,bf7e5ae1,bc1a04d3,bd8ffd56,3db4a043,1

10830,228,103,146,-2268,-49,15731,-4101,2457,-3291,bf7e59b0,bc0cffbc,bd908bd6,3db4c4f3,bf7e59b0,bc0cffc1,bd908bd7,3db4c4f4,1

10831,219,117,141,-2196,169,15738,-4101,2457,-3291,bf7e5b0e,bc1752be,bd8fe5eb,3db4ace9,bf7e5b0e,bc1752c2,bd8fe5ec,3db4acea,1

10832,203,126,112,-2247,-3,15760,-4045,2455,-3278,bf7e5aba,bc0b47a8,bd900f87,3db4cf7e,bf7e5abb,bc0b47ac,bd900f87,3db4cf80,1

10833,166,150,28,-2168,121,15713,-4061,2503,-3252,bf7e5b04,bc082c73,bd8ec9a4,3db5c128,bf7e5b05,bc082c76,bd8ec9a4,3db5c12a,1

10834,155,136,-3,-2222,48,15720,-4061,2503,-3252,bf7e5925,bbfe4c5d,bd8ea866,3db69c96,bf7e5925,bbfe4c60,bd8ea865,3db69c97,1

10835,172,122,-2,-2241,67,15731,-4133,2487,-3222,bf7e5875,bc04ae61,bd8f1f8c,3db66d05,bf7e5875,bc04ae61,bd8f1f8b,3db66d06,1

10836,181,123,7,-2251,67,15754,-4093,2465,-3301,bf7e58da,bc0bd260,bd8f94e1,3db5d7b5,bf7e58db,bc0bd261,bd8f94e1,3db5d7b7,1

10837,181,123,6,-2256,130,15738,-4093,2465,-3301,bf7e590c,bc16a722,bd8fd218,3db57372,bf7e590c,bc16a723,bd8fd218,3db57374,1

10838,185,120,2,-2267,60,15736,-4097,2515,-3324,bf7e5683,bc0c3d5a,bd8ffe96,3db6543c,bf7e5683,bc0c3d5b,bd8ffe96,3db6543d,1

10839,184,120,-7,-2258,117,15747,-4089,2481,-3207,bf7e55d0,bc13cf4f,bd902a5c,3db65814,bf7e55cf,bc13cf4e,bd902a5d,3db65814,1

10840,190,118,-18,-2253,37,15749,-4089,2481,-3207,bf7e5548,bc0a29fd,bd904d4c,3db68a1e,bf7e5547,bc0a29fd,bd904d4d,3db68a1e,1

10841,184,124,-27,-2256,78,15742,-4085,2465,-3235,bf7e5695,bc117c6e,bd907a66,3db5db1a,bf7e5694,bc117c6d,bd907a68,3db5db1a,1

10842,180,131,-23,-2265,39,15736,-4073,2461,-3240,bf7e575c,bc0e1d40,bd90efe3,3db54310,bf7e575c,bc0e1d40,bd90efe5,3db54311,1

10843,179,124,-20,-2210,68,15720,-4107,2459,-3215,bf7e5bb3,bc13938d,bd900c43,3db460ae,bf7e5bb2,bc13938d,bd900c45,3db460ae,1

10844,179,121,-6,-2234,44,15733,-4107,2459,-3215,bf7e5e99,bc11fa44,bd8febcb,3db37988,bf7e5e9a,bc11fa46,bd8febcd,3db3798a,1

10845,182,115,5,-2267,36,15736,-4079,2433,-3224,bf7e6070,bc168a59,bd90886c,3db244b2,bf7e6071,bc168a5d,bd90886d,3db244b3,1

10846,174,108,8,-2250,50,15735,-4069,2499,-3277,bf7e5ea7,bc0bce9f,bd9078d5,3db316e5,bf7e5ea8,bc0bcea2,bd9078d6,3db316e6,1

10847,158,111,3,-2254,99,15733,-4069,2499,-3277,bf7e5c18,bc062942,bd905ebd,3db424f8,bf7e5c19,bc062945,bd905ebc,3db424f8,1

10848,170,116,6,-2249,57,15722,-4085,2507,-3265,bf7e59cf,bbfb2e22,bd904d62,3db518f7,bf7e59cf,bbfb2e26,bd904d60,3db518f7,1

10849,175,115,7,-2264,62,15737,-4089,2491,-3296,bf7e575b,bbf75f59,bd909e99,3db5b9f7,bf7e575a,bbf75f5a,bd909e96,3db5b9f6,1

10850,161,116,7,-2262,70,15751,-4089,2491,-3296,bf7e557e,bbfa48b9,bd90b467,3db64b48,bf7e557e,bbfa48bb,bd90b464,3db64b48,1

10851,165,116,14,-2236,65,15710,-4091,2471,-3225,bf7e573d,bc05b779,bd906d53,3db5cf19,bf7e573c,bc05b77a,bd906d50,3db5cf18,1

10852,166,111,11,-2266,82,15736,-4071,2469,-3258,bf7e56e6,bc0cfc58,bd90ce2f,3db58ab3,bf7e56e6,bc0cfc54,bd90ce2e,3db58ab3,1

10853,151,107,-3,-2329,100,15781,-4071,2469,-3258,bf7e5490,bc13139f,bd91eaf3,3db56526,bf7e5490,bc13139c,bd91eaf3,3db56526,1

10854,156,117,-5,-2252,80,15737,-4097,2493,-3263,bf7e5401,bc0c8478,bd916148,3db619b4,bf7e5402,bc0c8477,bd916149,3db619b5,1

10855,160,123,1,-2246,54,15718,-4117,2453,-3226,bf7e5758,bc13e6de,bd912d77,3db5006a,bf7e5759,bc13e6dd,bd912d78,3db5006b,1

10856,167,124,8,-2244,141,15747,-4117,2453,-3226,bf7e5980,bc1f4a5e,bd90e575,3db450e6,bf7e5980,bc1f4a5d,bd90e576,3db450e7,1

10857,169,116,-1,-2267,98,15748,-4149,2459,-3207,bf7e5b79,bc25bcab,bd911a2a,3db35c92,bf7e5b79,bc25bcab,bd911a2b,3db35c93,1

10858,177,117,-3,-2267,90,15763,-4129,2469,-3220,bf7e5c2d,bc20a6c0,bd9122b0,3db32859,bf7e5c2d,bc20a6c2,bd9122af,3db3285a,1

10859,179,125,2,-2247,87,15738,-4065,2443,-3240,bf7e5f8b,bc240644,bd90cbbf,3db23000,bf7e5f8b,bc240646,bd90cbbe,3db23001,1

10860,185,123,8,-2242,99,15728,-4065,2443,-3240,bf7e629f,bc271faf,bd90753d,3db150dc,bf7e629e,bc271fb2,bd90753c,3db150dc,1

10861,185,115,10,-2243,50,15735,-4085,2471,-3263,bf7e6233,bc1b37d7,bd905bd5,3db1b78d,bf7e6234,bc1b37db,bd905bd5,3db1b78f,1

10862,174,106,4,-2273,93,15753,-4071,2479,-3258,bf7e5fca,bc13cd36,bd90b189,3db2677e,bf7e5fcb,bc13cd38,bd90b188,3db26780,1

10863,179,111,3,-2293,36,15738,-4071,2479,-3258,bf7e5d71,bc0a10e1,bd91489d,3db2e20f,bf7e5d71,bc0a10e3,bd91489b,3db2e211,1

10864,164,123,-2,-2280,100,15735,-4097,2445,-3198,bf7e5ed6,bc14b442,bd9188d3,3db20ca2,bf7e5ed6,bc14b443,bd9188d2,3db20ca4,1

10865,165,128,-9,-2250,96,15736,-4103,2455,-3331,bf7e616e,bc1b4f50,bd910ea3,3db16bb7,bf7e616e,bc1b4f52,bd910ea3,3db16bb9,1

10866,179,128,-4,-2249,75,15728,-4103,2455,-3331,bf7e6395,bc18e6c6,bd90c4e8,3db0eaf3,bf7e6395,bc18e6c9,bd90c4e8,3db0eaf5,1

10867,183,119,7,-2237,113,15724,-4105,2501,-3262,bf7e61fe,bc11379c,bd905821,3db1ef56,bf7e61fe,bc11379e,bd905821,3db1ef58,1

10868,189,117,15,-2257,97,15729,-4111,2485,-3227,bf7e6016,bc0e26e3,bd90724d,3db2925c,bf7e6016,bc0e26e5,bd90724d,3db2925e,1

10869,188,119,16,-2264,68,15750,-4111,2485,-3227,bf7e5e48,bc07ef70,bd90a8fc,3db31d43,bf7e5e48,bc07ef73,bd90a8fc,3db31d45,1

10870,191,115,18,-2265,64,15744,-4093,2461,-3279,bf7e5ed9,bc0ca735,bd90ff76,3db29590,bf7e5ed8,bc0ca737,bd90ff76,3db29591,1

10871,191,112,26,-2255,28,15730,-4061,2473,-3307,bf7e5dec,bc022d41,bd90fc93,3db30bd3,bf7e5ded,bc022d44,bd90fc93,3db30bd6,1

10872,181,116,23,-2269,78,15754,-4081,2491,-3351,bf7e5b5d,bbfc2eb1,bd9106e1,3db3f727,bf7e5b5c,bbfc2eb6,bd9106e0,3db3f729,1

10873,185,122,26,-2263,51,15725,-4081,2491,-3351,bf7e5923,bbefc8dc,bd910fe7,3db4c965,bf7e5923,bbefc8e5,bd910fe8,3db4c968,1

10874,171,113,19,-2247,99,15728,-4091,2447,-3241,bf7e5ae1,bc03ab78,bd90fe9f,3db419b4,bf7e5ae1,bc03ab7c,bd90fea0,3db419b7,1

10875,169,115,14,-2241,16,15727,-4035,2471,-3296,bf7e5ac4,bbf4e4f1,bd90b6ea,3db47747,bf7e5ac4,bbf4e4fa,bd90b6ea,3db4774a,1

10876,149,115,6,-2271,39,15736,-4035,2471,-3296,bf7e591e,bbf3c43f,bd913126,3db4ab32,bf7e591d,bbf3c449,bd913126,3db4ab34,1

10877,122,118,2,-2312,53,15758,-4059,2487,-3273,bf7e559a,bbf2c62b,bd920f16,3db53689,bf7e5599,bbf2c636,bd920f17,3db5368b,1

10878,120,135,2,-2254,34,15732,-4105,2491,-3265,bf7e55b0,bbecef16,bd917c7b,3db5ac85,bf7e55b0,bbecef21,bd917c7e,3db5ac88,1

10879,100,130,-5,-2258,99,15736,-4105,2491,-3265,bf7e558c,bc011876,bd9128ea,3db5de4e,bf7e558c,bc01187b,bd9128ec,3db5de51,1

10880,97,129,-6,-2253,95,15731,-4095,2515,-3260,bf7e5340,bbfd441a,bd90c989,3db6fe9e,bf7e533e,bbfd4424,bd90c988,3db6fe9f,1

10881,106,126,3,-2281,122,15763,-4075,2515,-3306,bf7e4f94,bbfffdc2,bd90de37,3db82fc4,bf7e4f94,bbfffdcc,bd90de39,3db82fc6,1

10882,108,141,4,-2266,103,15757,-4075,2515,-3306,bf7e4ca6,bbfd7c37,bd90ac21,3db95c8c,bf7e4ca5,bbfd7c3e,bd90ac23,3db95c8d,1

10883,114,142,5,-2243,159,15732,-4107,2453,-3271,bf7e4e4d,bc0c6c2d,bd9081d8,3db8c50d,bf7e4e4c,bc0c6c31,bd9081da,3db8c50e,1

10884,124,139,9,-2250,99,15743,-4073,2463,-3205,bf7e4ffa,bc175d1f,bd9066ba,3db823bf,bf7e4ff8,bc175d23,bd9066bb,3db823bf,1

10885,121,142,22,-2284,53,15743,-4093,2485,-3269,bf7e4dd6,bc10b6dd,bd90f343,3db8874e,bf7e4dd7,bc10b6e2,bd90f344,3db88750,1

10886,116,148,36,-2225,139,15690,-4093,2485,-3269,bf7e4eb8,bc1a293c,bd9023e0,3db8bd69,bf7e4eb9,bc1a2941,bd9023e1,3db8bd6b,1

10887,127,148,48,-2240,78,15716,-4105,2455,-3243,bf7e5147,bc21ac8c,bd9012cb,3db7cf84,bf7e5146,bc21ac90,bd9012ca,3db7cf85,1

10888,136,125,68,-2253,-12,15681,-4103,2455,-3278,bf7e51b4,bc182d22,bd908374,3db77170,bf7e51b4,bc182d26,bd908374,3db77172,1

10889,139,95,146,-2196,76,15655,-4103,2455,-3278,bf7e54d5,bc1dd5f8,bd8fb674,3db6e9c5,bf7e54d4,bc1dd5fc,bd8fb674,3db6e9c6,1

10890,164,41,259,-2263,85,15722,-4117,2419,-3253,bf7e549b,bc26d77e,bd90467e,3db66bad,bf7e549b,bc26d783,bd90467f,3db66baf,1

10891,156,39,239,-2300,130,15735,-4151,2497,-3260,bf7e4ee7,bc23ef7b,bd915064,3db79f97,bf7e4ee7,bc23ef80,bd915065,3db79f99,1

10892,130,48,221,-2326,111,15774,-4151,2497,-3260,bf7e4978,bc20fbd6,bd92679c,3db8ace6,bf7e4978,bc20fbdb,bd92679d,3db8ace8,1

10893,115,71,203,-2447,5,15810,-4115,2499,-3217,bf7e441d,bc1a4719,bd93bccc,3db98b85,bf7e441d,bc1a471c,bd93bccd,3db98b87,1

10894,112,93,245,-2192,269,15753,-4091,2427,-3212,bf7e44c6,bc27121c,bd93300c,3db99538,bf7e44c7,bc27121f,bd93300e,3db9953a,1

10895,94,97,151,-2218,119,15764,-4091,2427,-3212,bf7e47c5,bc314a10,bd927b77,3db8f718,bf7e47c4,bc314a0f,bd927b77,3db8f718,1

10896,79,101,104,-2249,200,15698,-4087,2433,-3351,bf7e492b,bc3ebd61,bd922adb,3db885ba,bf7e492c,bc3ebd62,bd922add,3db885bc,1

10897,94,83,122,-2329,262,15791,-4085,2513,-3305,bf7e43c9,bc403051,bd926efe,3dba2356,bf7e43c9,bc403052,bd926efe,3dba2358,1

10898,113,109,80,-2305,167,15756,-4105,2449,-3296,bf7e447e,bc49bc65,bd92bb5d,3db9805d,bf7e447f,bc49bc67,bd92bb5d,3db9805f,1

10899,119,127,48,-2267,211,15709,-4105,2449,-3296,bf7e46b1,bc549ae6,bd924072,3db8eff3,bf7e46b0,bc549ae6,bd924070,3db8eff4,1

10900,130,129,41,-2230,130,15688,-4057,2453,-3317,bf7e48c0,bc4b5582,bd916502,3db91174,bf7e48bf,bc4b5583,bd9164ff,3db91175,1

10901,133,116,59,-2277,6,15703,-4111,2497,-3254,bf7e4750,bc3f5307,bd91804f,3db9ad0c,bf7e4751,bc3f530a,bd91804e,3db9ad0e,1

10902,111,107,61,-2325,138,15798,-4111,2497,-3254,bf7e43d8,bc3815de,bd920d5d,3dba8b27,bf7e43d9,bc3815e2,bd920d5d,3dba8b28,1

10903,93,129,32,-2322,213,15768,-4035,2483,-3240,bf7e4054,bc3e0e8c,bd927710,3dbb5287,bf7e4054,bc3e0e8d,bd92770f,3dbb5287,1

10904,97,151,5,-2278,108,15771,-4073,2455,-3219,bf7e43a7,bc3c5279,bd921216,3dba8739,bf7e43a6,bc3c5279,bd921214,3dba8738,1

10905,93,154,-17,-2243,309,15711,-4073,2455,-3219,bf7e454d,bc4a977e,bd918cf2,3dba2399,bf7e454e,bc4a9781,bd918cf2,3dba2399,1

10906,136,150,-14,-2276,135,15731,-4079,2447,-3251,bf7e4814,bc49e799,bd919d08,3db92691,bf7e4813,bc49e799,bd919d06,3db92690,1

10907,147,151,-12,-2268,176,15717,-4071,2461,-3159,bf7e49e2,bc4b83f1,bd9149d2,3db8c255,bf7e49e3,bc4b83f2,bd9149d2,3db8c256,1

10908,148,150,-10,-2269,75,15753,-4071,2461,-3159,bf7e4ab6,bc3fe7f8,bd913db0,3db8b43e,bf7e4ab6,bc3fe7f9,bd913db0,3db8b43e,1

10909,122,141,-2,-2250,-36,15781,-4049,2487,-3276,bf7e4a6d,bc33f956,bd911319,3db91f5d,bf7e4a6c,bc33f956,bd911318,3db91f5c,1

10910,62,133,2,-2302,201,15738,-4109,2469,-3307,bf7e4978,bc4043d8,bd918396,3db8e95b,bf7e4977,bc4043d6,bd918396,3db8e95a,1

10911,58,135,13,-2307,140,15661,-4047,2437,-3340,bf7e492b,bc46a632,bd92643e,3db83776,bf7e492c,bc46a630,bd926440,3db83776,1

10912,76,77,81,-2238,114,15726,-4047,2437,-3340,bf7e4cae,bc4356e2,bd917dce,3db7c592,bf7e4cae,bc4356df,bd917dcf,3db7c592,1

10913,56,9,147,-2239,276,15618,-4081,2461,-3267,bf7e4ba5,bc51be72,bd9159b2,3db7fde3,bf7e4ba5,bc51be6e,bd9159b2,3db7fde3,1

10914,79,-16,164,-2344,169,15724,-4095,2481,-3204,bf7e4635,bc4ceb5b,bd92a93f,3db8ea40,bf7e4636,bc4ceb58,bd92a940,3db8ea40,1

10915,71,-7,131,-2439,184,15822,-4095,2481,-3204,bf7e4049,bc4d2d19,bd946375,3db99151,bf7e404a,bc4d2d16,bd946376,3db99151,1

10916,31,35,21,-2361,306,15844,-4095,2485,-3244,bf7e3d8a,bc5aa9ff,bd94a783,3dba0d6b,bf7e3d89,bc5aa9fb,bd94a781,3dba0d6a,1

10917,26,95,-65,-2231,246,15824,-4067,2455,-3205,bf7e41a5,bc6201d3,bd932a57,3db9b2b8,bf7e41a6,bc6201d2,bd932a56,3db9b2b8,1

10918,57,130,-83,-2171,345,15699,-4067,2455,-3205,bf7e4525,bc6d105f,bd91d295,3db957b8,bf7e4525,bc6d105c,bd91d293,3db957b7,1

10919,129,137,-60,-2248,277,15720,-4105,2491,-3341,bf7e4508,bc67e012,bd90f8dd,3dba2655,bf7e4509,bc67e00f,bd90f8dc,3dba2654,1

10920,182,131,-32,-2292,220,15718,-4095,2441,-3259,bf7e4673,bc6c83d9,bd9181c7,3db927a4,bf7e4673,bc6c83d7,bd9181c4,3db927a2,1

10921,185,135,-19,-2319,219,15749,-4095,2441,-3259,bf7e46c9,bc6e2240,bd92568c,3db85929,bf7e46c9,bc6e223c,bd92568a,3db85927,1

10922,173,144,-37,-2311,160,15756,-4115,2475,-3230,bf7e4647,bc624a51,bd927637,3db8a862,bf7e4647,bc624a4d,bd927635,3db8a861,1

10923,153,149,-48,-2299,112,15737,-4089,2489,-3256,bf7e45bb,bc567bbb,bd926b63,3db919cf,bf7e45ba,bc567bb6,bd926b60,3db919cd,1

10924,121,150,-35,-2169,231,15616,-4107,2481,-3262,bf7e48ad,bc55e86f,bd90c9a8,3db961d0,bf7e48ad,bc55e86b,bd90c9a5,3db961cf,1

10925,124,129,-1,-2360,238,15807,-4107,2481,-3262,bf7e44b9,bc57cd07,bd91f25a,3db9cb78,bf7e44b9,bc57cd03,bd91f258,3db9cb77,1

10926,126,128,2,-2244,430,15656,-4093,2463,-3293,bf7e453b,bc65d1ad,bd91881f,3db9af34,bf7e453c,bc65d1aa,bd91881e,3db9af33,1

10927,175,128,-2,-2272,320,15733,-4083,2453,-3190,bf7e463d,bc71908d,bd91437d,3db950d4,bf7e463c,bc719088,bd91437a,3db950d1,1

10928,222,117,0,-2286,264,15724,-4083,2453,-3190,bf7e46b4,bc7473f5,bd917596,3db8f0ee,bf7e46b5,bc7473f1,bd917596,3db8f0ec,1

10929,226,104,3,-2321,271,15727,-4067,2441,-3208,bf7e460f,bc7976e4,bd925042,3db862b4,bf7e460f,bc7976e1,bd925040,3db862b1,1

10930,244,116,-5,-2274,21,15714,-4075,2501,-3280,bf7e4585,bc6b2044,bd924aa6,3db8e18e,bf7e4585,bc6b2041,bd924aa4,3db8e18b,1

10931,209,121,3,-2295,318,15736,-4075,2501,-3280,bf7e42c2,bc66a616,bd91fb54,3dba290f,bf7e42c1,bc66a612,bd91fb51,3dba290b,1

10932,193,114,1,-2278,377,15735,-4061,2445,-3270,bf7e4368,bc730b8e,bd91c5a6,3db9db03,bf7e4368,bc730b8a,bd91c5a4,3db9db00,1

10933,239,114,-12,-2330,102,15736,-4041,2467,-3242,bf7e4244,bc6550ef,bd9233e0,3dba2e55,bf7e4244,bc6550eb,bd9233de,3dba2e52,1

10934,230,117,-17,-2285,224,15711,-4041,2467,-3242,bf7e4183,bc5cd41e,bd9206e9,3dbabc3e,bf7e4183,bc5cd41a,bd9206e7,3dbabc3b,1

10935,218,125,-8,-2286,192,15729,-4107,2459,-3317,bf7e42c7,bc58e742,bd9205fe,3dba6117,bf7e42c6,bc58e73d,bd9205fc,3dba6113,1

10936,217,119,-12,-2302,136,15719,-4071,2421,-3236,bf7e4586,bc5a9f38,bd9290b5,3db8fad1,bf7e4587,bc5a9f32,bd9290b6,3db8face,1

10937,202,118,-8,-2300,190,15690,-4093,2493,-3189,bf7e4395,bc509936,bd92a09f,3db9c6a9,bf7e4396,bc509931,bd92a0a0,3db9c6a6,1

10938,184,123,-11,-2283,208,15735,-4093,2493,-3189,bf7e4251,bc4a696e,bd9235ef,3dbaa480,bf7e4251,bc4a6969,bd9235ef,3dbaa47c,1

10939,181,129,-19,-2303,190,15735,-4117,2471,-3281,bf7e41ff,bc4d3b8b,bd9287d9,3dba73d2,bf7e41fe,bc4d3b81,bd9287d9,3dba73cd,1

10940,168,129,-18,-2278,122,15713,-4049,2453,-3236,bf7e43d2,bc444de1,bd925abd,3dba1edf,bf7e43d3,bc444dd8,bd925abe,3dba1edc,1

10941,158,129,-28,-2287,324,15733,-4049,2453,-3236,bf7e4494,bc5197e6,bd923030,3db9c413,bf7e4493,bc5197db,bd92302f,3db9c40f,1

10942,173,130,-34,-2291,277,15742,-4035,2433,-3195,bf7e4624,bc5da948,bd9222e3,3db90cce,bf7e4625,bc5da93f,bd9222e4,3db90ccc,1

10943,203,131,-39,-2284,325,15702,-4085,2437,-3192,bf7e47af,bc697423,bd920cc2,3db85c3e,bf7e47b0,bc69741a,bd920cc3,3db85c3c,1

10944,221,122,-45,-2297,128,15739,-4085,2437,-3192,bf7e49cc,bc5eabb2,bd9266e9,3db78f2a,bf7e49cd,bc5eaba9,bd9266e9,3db78f28,1

10945,212,120,-40,-2306,185,15759,-4103,2473,-3227,bf7e4902,bc546a0e,bd928b09,3db7e8ce,bf7e4902,bc546a05,bd928b08,3db7e8cd,1

10946,193,133,-20,-2295,188,15709,-4073,2415,-3276,bf7e4bb2,bc5cd35c,bd92af35,3db6b60c,bf7e4bb2,bc5cd354,bd92af35,3db6b60b,1

10947,188,129,-21,-2304,231,15720,-4073,2415,-3276,bf7e4dd0,bc668d8a,bd92d58c,3db5a998,bf7e4dd1,bc668d84,bd92d58c,3db5a998,1

10948,185,126,-27,-2277,293,15722,-4033,2441,-3284,bf7e4f69,bc6f5d3b,bd922ca0,3db5754d,bf7e4f69,bc6f5d36,bd922c9f,3db5754c,1

10949,206,131,-31,-2288,198,15698,-4083,2457,-3231,bf7e4f6b,bc63e4f7,bd922f78,3db5acd6,bf7e4f6b,bc63e4f2,bd922f77,3db5acd5,1

10950,210,126,-24,-2287,151,15726,-4113,2403,-3211,bf7e5353,bc675528,bd925dd4,3db41643,bf7e5353,bc675524,bd925dd4,3db41642,1

10951,180,118,-34,-2320,201,15756,-4113,2403,-3211,bf7e55cf,bc6e77b5,bd92cb99,3db2b613,bf7e55cf,bc6e77b2,bd92cb99,3db2b612,1

10952,178,120,-32,-2311,271,15728,-4033,2395,-3217,bf7e57de,bc789a80,bd92f943,3db19ced,bf7e57df,bc789a7e,bd92f944,3db19cec,1

10953,184,115,-47,-2298,155,15747,-4063,2453,-3216,bf7e57fd,bc6bd430,bd92f0da,3db1de67,bf7e57fe,bc6bd42e,bd92f0db,3db1de66,1

10954,164,122,-43,-2323,163,15797,-4063,2453,-3216,bf7e578f,bc60229f,bd931a2b,3db21fed,bf7e5790,bc60229c,bd931a2b,3db21fec,1

10955,150,129,-29,-2297,221,15716,-4089,2429,-3229,bf7e5a3c,bc66e455,bd93066f,3db11882,bf7e5a3c,bc66e452,bd93066e,3db11880,1

10956,153,129,-28,-2285,212,15711,-4087,2465,-3280,bf7e59dd,bc5d23d4,bd92af36,3db1b4b7,bf7e59dd,bc5d23d1,bd92af35,3db1b4b5,1

10957,162,130,-20,-2290,308,15751,-4087,2465,-3280,bf7e591d,bc6445b9,bd92255f,3db24676,bf7e591d,bc6445b6,bd922560,3db24674,1

10958,186,124,-16,-2272,170,15703,-4035,2461,-3247,bf7e58ab,bc5862ff,bd91f5fc,3db2d0f2,bf7e58aa,bc5862fb,bd91f5fc,3db2d0f0,1

10959,188,120,-8,-2310,156,15764,-4053,2413,-3239,bf7e5ab5,bc5a277b,bd929234,3db18e00,bf7e5ab4,bc5a2778,bd929233,3db18dfe,1

10960,160,123,0,-2288,391,15755,-4053,2413,-3239,bf7e5bb0,bc67595f,bd926cb0,3db11018,bf7e5bb0,bc67595d,bd926cb0,3db11017,1

10961,197,121,-6,-2278,318,15719,-4089,2433,-3328,bf7e5ce5,bc724df3,bd9214f0,3db0af11,bf7e5ce5,bc724df1,bd9214f0,3db0af10,1

10962,242,106,-10,-2320,296,15817,-4085,2473,-3322,bf7e5a43,bc6a2513,bd922f14,3db1b73e,bf7e5a43,bc6a2511,bd922f14,3db1b73d,1

10963,272,101,-8,-2347,-165,15783,-4079,2465,-3318,bf7e59a3,bc5ae4cb,bd92898b,3db1f393,bf7e59a4,bc5ae4ca,bd92898c,3db1f392,1

10964,187,119,0,-2304,373,15724,-4079,2465,-3318,bf7e5849,bc664d4c,bd926a0c,3db24f1b,bf7e5849,bc664d4a,bd926a0d,3db24f1a,1

10965,185,129,-15,-2224,595,15713,-4099,2419,-3260,bf7e597a,bc733839,bd92066f,3db1ef3f,bf7e597b,bc733838,bd920671,3db1ef3e,1

10966,311,104,-28,-2326,-79,15792,-4073,2431,-3272,bf7e59b6,bc63149a,bd9265a7,3db1e0fb,bf7e59b6,bc631497,bd9265a7,3db1e0f9,1

10967,260,105,-22,-2343,127,15831,-4073,2431,-3272,bf7e598d,bc57131f,bd9328bc,3db18a14,bf7e598d,bc57131c,bd9328bc,3db18a12,1

10968,221,118,-2,-2351,100,15731,-4099,2497,-3264,bf7e5790,bc4a6818,bd937bb0,3db236a1,bf7e5791,bc4a6815,bd937bb1,3db2369f,1

10969,189,128,-3,-2287,158,15695,-4105,2413,-3253,bf7e5afd,bc519c31,bd936467,3db0eed1,bf7e5afd,bc519c2c,bd936468,3db0eecf,1

10970,181,130,-3,-2261,278,15726,-4105,2413,-3253,bf7e5d8c,bc5cec83,bd92f5c8,3db027cd,bf7e5d8b,bc5cec7c,bd92f5c7,3db027cb,1

10971,201,131,1,-2307,58,15777,-4065,2487,-3265,bf7e5ca1,bc4fcae3,bd92f231,3db0bf78,bf7e5ca0,bc4fcadc,bd92f230,3db0bf76,1

10972,162,125,6,-2323,197,15762,-4075,2467,-3225,bf7e5a4e,bc48e26b,bd933236,3db17fa6,bf7e5a4f,bc48e268,bd933237,3db17fa5,1

10973,137,136,1,-2287,279,15738,-4075,2467,-3225,bf7e59f2,bc52326d,bd929432,3db1f874,bf7e59f3,bc523269,bd929433,3db1f873,1

10974,161,136,0,-2280,162,15713,-4079,2405,-3262,bf7e5d69,bc592601,bd928761,3db0a38f,bf7e5d6a,bc5925fd,bd928762,3db0a38e,1

10975,151,130,-5,-2285,263,15658,-4081,2453,-3308,bf7e5c94,bc5ea833,bd925243,3db10043,bf7e5c95,bc5ea82f,bd925244,3db10042,1

10976,174,120,-6,-2311,271,15722,-4065,2463,-3304,bf7e59a9,bc5d24a2,bd92898d,3db1e598,bf7e59aa,bc5d249e,bd92898d,3db1e597,1

10977,206,120,-7,-2300,323,15801,-4065,2463,-3304,bf7e5879,bc645602,bd922174,3db283f6,bf7e587a,bc6455fd,bd922174,3db283f4,1

10978,238,121,-15,-2333,-50,15783,-4079,2485,-3287,bf7e57a5,bc5609dd,bd925cef,3db2e50e,bf7e57a6,bc5609d8,bd925cef,3db2e50c,1

10979,179,124,-12,-2288,433,15741,-4135,2455,-3281,bf7e57f1,bc633684,bd922dc4,3db2afd1,bf7e57f2,bc63367f,bd922dc4,3db2afcf,1

10980,211,125,-16,-2298,140,15735,-4135,2455,-3281,bf7e580b,bc569a32,bd9262ca,3db2b97d,bf7e580c,bc569a2d,bd9262ca,3db2b97b,1

10981,235,122,-12,-2303,40,15747,-4071,2431,-3201,bf7e5904,bc490698,bd92b75b,3db25a96,bf7e5905,bc490694,bd92b75b,3db25a94,1

10982,180,125,-8,-2284,358,15725,-4063,2461,-3285,bf7e58dd,bc556e5b,bd926326,3db27406,bf7e58dc,bc556e56,bd926325,3db27403,1

10983,207,130,-4,-2300,59,15727,-4063,2461,-3285,bf7e584e,bc47f267,bd9285e0,3db2c8d9,bf7e584f,bc47f263,bd9285e0,3db2c8d8,1

10984,194,131,0,-2301,160,15700,-4075,2453,-3230,bf7e57c5,bc42adfa,bd92e428,3db2c3db,bf7e57c5,bc42adf7,bd92e42a,3db2c3d9,1

10985,170,129,-3,-2301,241,15785,-4087,2465,-3264,bf7e5752,bc4aeaba,bd929353,3db30a62,bf7e5752,bc4aeab7,bd929354,3db30a60,1

10986,175,127,-1,-2300,202,15740,-4087,2465,-3264,bf7e55fe,bc4850b5,bd92920a,3db38f8b,bf7e55fd,bc4850b1,bd92920b,3db38f88,1

10987,183,124,-7,-2284,111,15717,-4073,2429,-3218,bf7e594b,bc44d13e,bd92a909,3db25ff4,bf7e594b,bc44d13a,bd92a90b,3db25ff2,1

10988,179,127,-6,-2291,231,15700,-4081,2493,-3263,bf7e56bf,bc4042d4,bd926b8b,3db38dcc,bf7e56be,bc4042d0,bd926b8c,3db38dca,1

10989,173,134,-10,-2281,175,15724,-4061,2417,-3225,bf7e5965,bc49f7f7,bd925f63,3db27be6,bf7e5966,bc49f7f5,bd925f65,3db27be6,1

10990,179,129,-7,-2289,581,15831,-4061,2417,-3225,bf7e5a21,bc5743c7,bd92337f,3db21f13,bf7e5a21,bc5743c4,bd923381,3db21f13,1

10991,271,127,-11,-2209,893,15680,-4059,2417,-3201,bf7e5af6,bc62b363,bd91ed5d,3db1d391,bf7e5af7,bc62b360,bd91ed60,3db1d391,1

10992,465,104,-66,-2288,-41,15623,-4109,2485,-3208,bf7e5ade,bc4faef2,bd92316f,3db20131,bf7e5ade,bc4faeee,bd923172,3db20131,1

10993,426,100,-95,-2365,-584,15702,-4109,2485,-3208,bf7e5b06,bc3d3f01,bd929842,3db1f042,bf7e5b06,bc3d3efd,bd929845,3db1f042,1

10994,223,132,-44,-2337,68,15730,-4063,2477,-3265,bf7e596a,bc30d725,bd9306e6,3db25ad5,bf7e596a,bc30d720,bd9306e9,3db25ad5,1

10995,142,142,-23,-2260,366,15704,-4091,2447,-3273,bf7e5a97,bc3ea142,bd92a4f3,3db207e4,bf7e5a98,bc3ea13e,bd92a4f6,3db207e4,1

10996,194,137,-19,-2254,75,15713,-4091,2447,-3273,bf7e5d01,bc3328ac,bd92219a,3db1c67b,bf7e5d01,bc3328ac,bd92219b,3db1c67a,1

10997,185,124,-11,-2326,305,15751,-4077,2465,-3239,bf7e5bd8,bc3f638c,bd92623a,3db1c87b,bf7e5bd8,bc3f638c,bd92623b,3db1c87a,1

10998,209,124,-26,-2358,201,15771,-4011,2441,-3265,bf7e5991,bc4422c3,bd9375ed,3db1a0db,bf7e5991,bc4422c3,bd9375ee,3db1a0da,1

10999,220,123,-49,-2332,234,15785,-4011,2441,-3265,bf7e5922,bc4c900f,bd93b5d1,3db16d0c,bf7e5922,bc4c9010,bd93b5d1,3db16d0b,1

11000,212,130,-70,-2239,88,15681,-4059,2487,-3223,bf7e59a7,bc402daa,bd933580,3db1dfd8,bf7e59a7,bc402dab,bd933580,3db1dfd7,1

11001,208,127,-43,-2278,125,15716,-4029,2489,-3249,bf7e58d1,bc34afdd,bd92ed98,3db2972f,bf7e58d2,bc34afdf,bd92ed99,3db2972f,1

11002,208,124,-20,-2160,98,15667,-4055,2423,-3231,bf7e5e77,bc3504cc,bd9175bc,3db1c622,bf7e5e76,bc3504cb,bd9175bb,3db1c620,1

11003,196,133,-8,-2190,108,15609,-4055,2423,-3231,bf7e63de,bc376d18,bd906517,3db0aae7,bf7e63de,bc376d17,bd906516,3db0aae5,1

11004,181,136,1,-2383,213,15818,-4093,2453,-3241,bf7e6130,bc3df3d2,bd919dc3,3db08565,bf7e6130,bc3df3d0,bd919dc3,3db08563,1

11005,165,132,5,-2270,118,15742,-4061,2457,-3241,bf7e6101,bc33a43d,bd9179d7,3db0df6f,bf7e6101,bc33a43b,bd9179d8,3db0df6e,1

11006,152,134,4,-2334,202,15784,-4061,2457,-3241,bf7e5e82,bc3b082d,bd924fd8,3db0f611,bf7e5e82,bc3b082a,bd924fd9,3db0f610,1

11007,151,140,5,-2319,-85,15872,-4023,2461,-3230,bf7e5dee,bc2e4e9c,bd926e34,3db145da,bf7e5dee,bc2e4e99,bd926e34,3db145d9,1

11008,78,167,35,-2369,-514,15819,-4049,2479,-3283,bf7e5d13,bc22da0e,bd9293fd,3db1a088,bf7e5d13,bc22da0a,bd9293fd,3db1a087,1

11009,-106,200,62,-2293,498,15619,-4049,2479,-3283,bf7e5c34,bc35faa4,bd923994,3db1f119,bf7e5c34,bc35faa0,bd923994,3db1f118,1

11010,-85,200,25,-2149,898,15476,-4057,2487,-3230,bf7e5c7c,bc488e1a,bd918a0c,3db216db,bf7e5c7c,bc488e16,bd918a0c,3db216da,1

11011,139,145,4,-2219,341,15678,-4051,2497,-3237,bf7e5b8c,bc4d6bc9,bd907f80,3db32ef5,bf7e5b8c,bc4d6bc6,bd907f80,3db32ef4,1

11012,240,107,14,-2470,2,15831,-4051,2497,-3237,bf7e5873,bc4196b5,bd917427,3db3b655,bf7e5874,bc4196b1,bd917428,3db3b654,1

11013,189,135,6,-2237,124,15674,-4043,2489,-3240,bf7e5796,bc36606d,bd911202,3db48287,bf7e5796,bc36606a,bd911201,3db48285,1

11014,149,143,7,-2292,249,15774,-4061,2469,-3322,bf7e5601,bc40f62a,bd911f0a,3db4dada,bf7e5601,bc40f627,bd911f09,3db4dad8,1

11015,152,133,4,-2252,225,15762,-4053,2485,-3296,bf7e549f,bc3e8283,bd906c87,3db5ef72,bf7e54a0,bc3e8281,bd906c86,3db5ef71,1

11016,161,124,5,-2278,284,15702,-4053,2485,-3296,bf7e51a7,bc468f4c,bd90808e,3db6c654,bf7e51a7,bc468f48,bd90808c,3db6c652,1

11017,173,126,7,-2271,149,15703,-4067,2503,-3254,bf7e4f68,bc3c43a6,bd908a9b,3db7b161,bf7e4f69,bc3c43a3,bd908a99,3db7b160,1

11018,164,128,1,-2276,259,15720,-4053,2467,-3232,bf7e4e85,bc47d175,bd90a085,3db7bdfd,bf7e4e85,bc47d171,bd90a083,3db7bdfb,1

11019,178,122,-2,-2287,256,15720,-4053,2467,-3232,bf7e4ccf,bc50f5ae,bd90ef39,3db7eec3,bf7e4cd1,bc50f5ab,bd90ef39,3db7eec3,1

11020,199,127,0,-2294,237,15745,-4087,2469,-3272,bf7e4ae8,bc5522df,bd9153e2,3db834a2,bf7e4ae7,bc5522d9,bd9153e1,3db834a0,1

11021,214,118,-1,-2266,334,15703,-4081,2429,-3276,bf7e4c18,bc60f28e,bd913fc6,3db7a2cb,bf7e4c19,bc60f28b,bd913fc6,3db7a2ca,1

11022,252,110,-1,-2294,68,15778,-4081,2429,-3276,bf7e4d6e,bc540349,bd91b490,3db70d9b,bf7e4d6d,bc540344,bd91b48e,3db70d99,1

11023,233,118,11,-2324,-74,15783,-4041,2445,-3198,bf7e4d1b,bc45b843,bd921ea5,3db715ea,bf7e4d1a,bc45b83e,bd921ea4,3db715e8,1

11024,153,129,17,-2305,169,15754,-4041,2415,-3299,bf7e4ecb,bc4f2af1,bd926d29,3db61683,bf7e4ecc,bc4f2aee,bd926d2a,3db61683,1

11025,109,139,13,-2268,231,15723,-4041,2415,-3299,bf7e5128,bc5b6a8e,bd921e8b,3db5488e,bf7e5128,bc5b6a8b,bd921e8b,3db5488d,1

11026,114,129,7,-2276,283,15734,-4037,2433,-3260,bf7e5273,bc680008,bd91ce71,3db4d654,bf7e5273,bc680005,bd91ce71,3db4d653,1

11027,135,125,6,-2285,282,15718,-4075,2491,-3266,bf7e4ff0,bc623990,bd91910c,3db605ca,bf7e4ff0,bc62398d,bd91910c,3db605c9,1

11028,164,125,2,-2277,240,15750,-4075,2491,-3266,bf7e4e17,bc59d939,bd914b62,3db70ab0,bf7e4e17,bc59d936,bd914b62,3db70aaf,1

11029,184,126,4,-2257,269,15731,-4121,2559,-3320,bf7e4bd1,bc514dea,bd90ee7c,3db84571,bf7e4bd1,bc514de7,bd90ee7c,3db84570,1

11030,214,123,13,-2231,209,15522,-4065,2463,-3190,bf7e4c49,bc5247d6,bd909b27,3db8592e,bf7e4c48,bc5247d2,bd909b26,3db8592d,1

11031,208,121,-3,-2335,163,15792,-4083,2459,-3271,bf7e4a07,bc4d6368,bd91c78c,3db84a0c,bf7e4a08,bc4d6369,bd91c78d,3db84a0d,1

11032,200,124,0,-2255,264,15671,-4083,2459,-3271,bf7e4b1e,bc57ce36,bd9157ed,3db81269,bf7e4b1f,bc57ce36,bd9157ed,3db8126a,1

11033,210,123,0,-2288,147,15751,-4077,2513,-3244,bf7e4947,bc4bed61,bd91570f,3db8eb48,bf7e4947,bc4bed60,bd91570d,3db8eb49,1

11034,202,119,-3,-2298,114,15736,-4071,2495,-3229,bf7e476a,bc401054,bd918dbd,3db996dc,bf7e476a,bc401053,bd918dbc,3db996dd,1

11035,182,127,-3,-2314,229,15772,-4071,2495,-3229,bf7e43c5,bc40ebd5,bd91e207,3dba8fd5,bf7e43c5,bc40ebd6,bd91e206,3dba8fd6,1

11036,175,136,-4,-2254,199,15721,-4083,2453,-3349,bf7e463e,bc4a80da,bd9150c6,3dba0121,bf7e463e,bc4a80dc,bd9150c5,3dba0122,1

11037,191,129,2,-2288,207,15727,-4077,2485,-3287,bf7e43b8,bc466d96,bd916d15,3dbad884,bf7e43b9,bc466d98,bd916d15,3dbad886,1

11038,188,127,5,-2281,208,15724,-4077,2485,-3287,bf7e419d,bc44f41f,bd915c14,3dbba30b,bf7e419d,bc44f422,bd915c12,3dbba30c,1

11039,189,130,7,-2266,198,15740,-4095,2399,-3214,bf7e4435,bc4f3a90,bd915a27,3dba9634,bf7e4435,bc4f3a93,bd915a26,3dba9635,1

11040,199,126,9,-2260,223,15724,-4095,2511,-3319,bf7e4238,bc477fd9,bd90f0a8,3dbbb63f,bf7e4239,bc477fdc,bd90f0a8,3dbbb641,1

11041,211,121,4,-2284,143,15752,-4095,2511,-3319,bf7e4014,bc3c5861,bd90ffe3,3dbc9257,bf7e4015,bc3c5864,bd90ffe3,3dbc9259,1

11042,197,125,4,-2282,173,15720,-4047,2469,-3312,bf7e3edf,bc3ee66e,bd9157fe,3dbcabfc,bf7e3edf,bc3ee671,bd9157fe,3dbcabfd,1

11043,177,121,2,-2270,226,15724,-4091,2481,-3233,bf7e3eb2,bc4853ba,bd91218b,3dbcbdfa,bf7e3eb1,bc4853bc,bd91218b,3dbcbdfa,1

11044,177,123,0,-2279,197,15741,-4077,2455,-3270,bf7e3fec,bc513644,bd91436a,3dbc13b5,bf7e3feb,bc513644,bd91436c,3dbc13b5,1

11045,172,118,1,-2290,223,15731,-4077,2455,-3270,bf7e4058,bc5a629b,bd918d57,3dbb8bbb,bf7e4057,bc5a629c,bd918d58,3dbb8bbb,1

11046,185,124,0,-2285,206,15723,-4071,2429,-3178,bf7e42ba,bc62f8d1,bd91ba8d,3dba7065,bf7e42bb,bc62f8d3,bd91ba90,3dba7067,1

11047,192,123,-2,-2270,176,15718,-4127,2467,-3254,bf7e43de,bc595564,bd918531,3dba6477,bf7e43df,bc595566,bd918534,3dba6479,1

11048,183,118,-2,-2291,180,15731,-4127,2467,-3254,bf7e43e9,bc549959,bd91e549,3dba2ba9,bf7e43e9,bc549959,bd91e54b,3dba2bab,1

11049,173,131,0,-2288,179,15768,-4081,2447,-3292,bf7e4626,bc56dae6,bd91eb67,3db95855,bf7e4625,bc56dae7,bd91eb68,3db95855,1

11050,171,131,1,-2306,193,15747,-4095,2449,-3278,bf7e46da,bc5aa2e6,bd926bc9,3db8a321,bf7e46da,bc5aa2e8,bd926bca,3db8a322,1

11051,174,133,1,-2279,258,15728,-4095,2449,-3278,bf7e489a,bc64df9d,bd921187,3db81ec2,bf7e489a,bc64df9e,bd921187,3db81ec3,1

11052,187,125,7,-2280,154,15706,-4079,2443,-3263,bf7e4a47,bc5ae33e,bd921bd8,3db7b304,bf7e4a46,bc5ae33e,bd921bd7,3db7b304,1

11053,176,129,3,-2309,141,15799,-4111,2487,-3318,bf7e48ed,bc4f3944,bd9230f6,3db84f94,bf7e48ee,bc4f3946,bd9230f7,3db84f95,1

11054,154,139,0,-2262,312,15692,-4111,2487,-3318,bf7e486b,bc58d2b9,bd9182c6,3db8d9f1,bf7e486a,bc58d2b9,bd9182c6,3db8d9f1,1

11055,172,132,-4,-2276,235,15738,-4087,2449,-3280,bf7e49ff,bc6186e3,bd915b83,3db84404,bf7e49ff,bc6186e4,bd915b85,3db84405,1

11056,194,126,-3,-2284,229,15767,-4081,2449,-3240,bf7e4b5d,bc655096,bd915ef8,3db7b575,bf7e4b5c,bc655096,bd915ef8,3db7b575,1

11057,209,126,-7,-2290,475,15802,-4107,2457,-3262,bf7e4b82,bc71e96d,bd91388b,3db78626,bf7e4b82,bc71e96e,bd91388c,3db78626,1

11058,266,130,-21,-2241,158,15726,-4107,2457,-3262,bf7e4d28,bc63df12,bd90d00d,3db78f14,bf7e4d28,bc63df13,bd90d00e,3db78f14,1

11059,281,127,-34,-2327,-76,15762,-4103,2449,-3166,bf7e4d47,bc54c82d,bd914e6b,3db76851,bf7e4d47,bc54c82d,bd914e6c,3db76851,1

11060,203,134,-25,-2293,228,15754,-4087,2465,-3242,bf7e4c55,bc5712b5,bd918b35,3db78125,bf7e4c56,bc5712b5,bd918b37,3db78126,1

11061,184,146,-16,-2239,320,15705,-4087,2465,-3242,bf7e4d96,bc61de7d,bd90c85c,3db7783f,bf7e4d97,bc61de7d,bd90c85e,3db77840,1

11062,229,137,-9,-2246,139,15679,-4099,2475,-3293,bf7e4d7e,bc548f28,bd909b0e,3db7e3db,bf7e4d7f,bc548f28,bd909b0f,3db7e3dc,1

11063,232,122,-2,-2311,39,15755,-4091,2485,-3265,bf7e4c24,bc46ef4c,bd90fd8c,3db84ac4,bf7e4c24,bc46ef4b,bd90fd8c,3db84ac5,1

11064,192,127,-1,-2266,185,15719,-4091,2485,-3265,bf7e4a92,bc4053a9,bd90d3a0,3db9127d,bf7e4a91,bc4053a9,bd90d3a0,3db9127d,1

11065,182,126,-1,-2239,285,15705,-4099,2453,-3132,bf7e4c20,bc4c8d4e,bd908c3e,3db88ca9,bf7e4c21,bc4c8d50,bd908c40,3db88cab,1

11066,204,119,-1,-2277,109,15747,-4045,2473,-3270,bf7e4af1,bc403f49,bd90bdb2,3db9030f,bf7e4af1,bc403f4a,bd90bdb4,3db90310,1

11067,196,121,1,-2291,157,15737,-4045,2473,-3270,bf7e4888,bc39ad61,bd913e3c,3db98cd4,bf7e4889,bc39ad62,bd913e3d,3db98cd5,1

11068,171,122,-3,-2255,198,15706,-4103,2481,-3274,bf7e4888,bc3f5c23,bd90c3a0,3db9d5b8,bf7e4887,bc3f5c21,bd90c39f,3db9d5b7,1

11069,176,121,0,-2276,226,15731,-4063,2459,-3202,bf7e48d2,bc4a5723,bd90e312,3db97579,bf7e48d2,bc4a5720,bd90e312,3db97579,1

11070,185,125,3,-2270,203,15730,-4071,2477,-3253,bf7e4753,bc47db83,bd90c916,3dba178e,bf7e4752,bc47db81,bd90c915,3dba178d,1

11071,199,118,4,-2289,142,15740,-4071,2477,-3253,bf7e457c,bc3e5722,bd91326e,3dba8dbc,bf7e457b,bc3e5720,bd91326d,3dba8dbc,1

11072,192,121,6,-2273,206,15739,-4081,2441,-3215,bf7e4732,bc491702,bd913cd9,3db9c2fd,bf7e4732,bc491701,bd913cd8,3db9c2fd,1

11073,186,118,2,-2271,210,15720,-4079,2465,-3262,bf7e476b,bc4f395f,bd912425,3db9a79f,bf7e476b,bc4f395e,bd912424,3db9a79f,1

11074,187,116,4,-2276,144,15729,-4079,2465,-3262,bf7e4729,bc45c283,bd914fee,3db9c57e,bf7e472a,bc45c284,bd914fed,3db9c57f,1

11075,180,118,3,-2281,191,15720,-4093,2459,-3261,bf7e47cc,bc4d098f,bd91873f,3db942c3,bf7e47cd,bc4d098f,bd91873f,3db942c4,1

11076,183,120,5,-2280,179,15732,-4061,2441,-3235,bf7e49d5,bc534b69,bd91abff,3db8564c,bf7e49d5,bc534b68,bd91abff,3db8564c,1

11077,191,122,6,-2270,208,15728,-4061,2441,-3235,bf7e4c2e,bc5abcf0,bd917a20,3db78b35,bf7e4c2e,bc5abcef,bd917a21,3db78b36,1

11078,193,128,9,-2275,141,15723,-4105,2465,-3234,bf7e4c3f,bc4f0a43,bd918013,3db7b6f6,bf7e4c3f,bc4f0a42,bd918014,3db7b6f7,1

11079,184,123,7,-2287,162,15727,-4037,2485,-3269,bf7e4a4b,bc447ed1,bd918a6a,3db889a3,bf7e4a4a,bc447ed0,bd918a6c,3db889a3,1

11080,172,123,4,-2277,210,15728,-4037,2485,-3269,bf7e47f9,bc404e95,bd91517a,3db993f2,bf7e47fa,bc404e97,bd91517e,3db993f3,1

11081,181,125,9,-2276,133,15732,-4099,2447,-3229,bf7e4a6d,bc446517,bd918c05,3db87ce4,bf7e4a6e,bc446518,bd918c08,3db87ce5,1

11082,164,125,7,-2295,209,15738,-4093,2473,-3343,bf7e4889,bc483b7a,bd91cf8d,3db8dde4,bf7e488a,bc483b7d,bd91cf8e,3db8dde5,1

11083,171,129,1,-2267,197,15724,-4107,2453,-3234,bf7e4ae5,bc51077c,bd918892,3db81f0d,bf7e4ae4,bc51077e,bd918891,3db81f0d,1

11084,172,121,1,-2282,205,15730,-4107,2453,-3234,bf7e4c43,bc58236d,bd91a480,3db76ed2,bf7e4c42,bc58236f,bd91a480,3db76ed2,1

11085,184,120,6,-2294,182,15733,-4063,2455,-3237,bf7e4bb9,bc52099a,bd92023e,3db77083,bf7e4bb9,bc52099d,bd920240,3db77084,1

11086,193,125,5,-2282,208,15726,-4085,2473,-3283,bf7e4aa4,bc4d216c,bd91c838,3db81423,bf7e4aa3,bc4d216e,bd91c838,3db81423,1

11087,187,123,-2,-2262,208,15718,-4085,2473,-3283,bf7e4ab1,bc4b144c,bd912858,3db8974b,bf7e4ab2,bc4b1450,bd912859,3db8974c,1

11088,195,121,-1,-2283,133,15745,-4069,2423,-3274,bf7e4d65,bc4f2815,bd918bdb,3db74754,bf7e4d66,bc4f2818,bd918bdb,3db74755,1

11089,182,127,3,-2279,184,15743,-4097,2497,-3246,bf7e4b8b,bc45c2d2,bd9166e1,3db83244,bf7e4b8b,bc45c2d3,bd9166e0,3db83244,1

11090,176,126,5,-2263,220,15727,-4097,2497,-3246,bf7e49ab,bc42681c,bd90f016,3db94297,bf7e49ab,bc42681c,bd90f016,3db94297,1

11091,184,122,9,-2281,197,15720,-4089,2445,-3296,bf7e4aa4,bc4c43ac,bd91362c,3db88bb3,bf7e4aa3,bc4c43ad,bd91362b,3db88bb2,1

11092,198,117,11,-2294,196,15732,-4095,2441,-3231,bf7e4bba,bc548253,bd91a45f,3db7af18,bf7e4bba,bc548255,bd91a45f,3db7af18,1

11093,198,120,6,-2266,128,15690,-4095,2441,-3231,bf7e4eb5,bc4e27c4,bd91b049,3db6ba65,bf7e4eb4,bc4e27c4,bd91b049,3db6ba64,1

11094,181,122,7,-2298,69,15769,-4093,2491,-3265,bf7e4d68,bc41b4ea,bd91d037,3db74ac0,bf7e4d68,bc41b4eb,bd91d036,3db74ac0,1

11095,151,127,-1,-2285,244,15769,-4091,2429,-3277,bf7e4ef7,bc4e12bd,bd91c86f,3db68ff2,bf7e4ef8,bc4e12bf,bd91c86e,3db68ff3,1

11096,158,131,-1,-2261,234,15749,-4105,2481,-3211,bf7e4ecb,bc4f1010,bd90fe17,3db73bad,bf7e4ecb,bc4f1011,bd90fe15,3db73bad,1

11097,178,124,3,-2274,212,15726,-4105,2481,-3211,bf7e4d0b,bc4be473,bd90f3b8,3db7ed5e,bf7e4d0b,bc4be474,bd90f3b7,3db7ed5e,1

11098,188,123,7,-2285,197,15742,-4059,2449,-3199,bf7e4d91,bc522af5,bd915109,3db75903,bf7e4d92,bc522af5,bd915109,3db75904,1

11099,184,125,2,-2271,233,15742,-4099,2463,-3197,bf7e4e53,bc592a23,bd91103e,3db72850,bf7e4e53,bc592a24,bd91103e,3db72851,1

11100,201,122,0,-2276,217,15715,-4099,2463,-3197,bf7e4e2d,bc592bea,bd9130a6,3db71bac,bf7e4e2d,bc592beb,bd9130a6,3db71bad,1

11101,213,121,5,-2269,64,15657,-4073,2467,-3336,bf7e4d99,bc4b86de,bd91549d,3db77108,bf7e4d99,bc4b86df,bd91549d,3db77109,1

11102,190,125,5,-2317,129,15844,-4075,2495,-3306,bf7e4b83,bc402216,bd918992,3db8312b,bf7e4b83,bc402217,bd918992,3db8312c,1

11103,165,133,0,-2286,239,15784,-4075,2495,-3306,bf7e48ef,bc40a719,bd913cc5,3db94e6e,bf7e48ef,bc40a71a,bd913cc6,3db94e6f,1

11104,182,135,4,-2228,198,15612,-4041,2439,-3316,bf7e4b7c,bc4aa605,bd90c108,3db8a40a,bf7e4b7c,bc4aa605,bd90c109,3db8a40b,1

11105,202,116,6,-2390,191,16082,-4111,2481,-3233,bf7e47e0,bc47d690,bd91eee0,3db90103,bf7e47df,bc47d690,bd91eee0,3db90103,1

11106,196,115,4,-2329,165,15977,-4111,2481,-3233,bf7e466e,bc40a346,bd922149,3db976a2,bf7e466e,bc40a347,bd92214a,3db976a3,1

11107,176,121,4,-2307,298,15914,-4077,2483,-3223,bf7e45ba,bc4bdee6,bd91d26c,3db9c27b,bf7e45bb,bc4bdee8,bd91d26d,3db9c27c,1

11108,181,119,2,-2314,137,15770,-4085,2439,-3261,bf7e46fd,bc4db50b,bd928ed1,3db8b6bc,bf7e46fc,bc4db50d,bd928ed0,3db8b6bb,1

11109,183,122,-1,-2297,139,15839,-4095,2455,-3274,bf7e490c,bc46ae0a,bd925d92,3db846fa,bf7e490b,bc46ae09,bd925d91,3db846f9,1

11110,159,129,-1,-2213,242,15596,-4095,2455,-3274,bf7e4bc3,bc50e5fe,bd9171a1,3db7e4f7,bf7e4bc3,bc50e600,bd9171a1,3db7e4f6,1

11111,186,124,2,-2269,194,15739,-4133,2445,-3235,bf7e4e86,bc588156,bd915956,3db6e026,bf7e4e86,bc588157,bd915956,3db6e025,1

11112,205,125,4,-2279,144,15753,-4077,2433,-3307,bf7e5108,bc52fb4e,bd91914c,3db5ed17,bf7e5107,bc52fb4c,bd91914b,3db5ed15,1

11113,182,119,5,-2254,212,15738,-4077,2433,-3307,bf7e5410,bc5b3872,bd911929,3db5168a,bf7e540f,bc5b3871,bd911928,3db51688,1

11114,191,131,6,-2267,222,15723,-4039,2443,-3228,bf7e5534,bc5d1821,bd90e6b7,3db4cf89,bf7e5533,bc5d181e,bd90e6b8,3db4cf88,1

11115,210,122,5,-2258,125,15686,-4095,2485,-3298,bf7e543b,bc5038c3,bd90dbbc,3db56c4c,bf7e543c,bc5038c1,bd90dbbe,3db56c4c,1

11116,204,118,2,-2324,32,15743,-4095,2485,-3298,bf7e5296,bc43546e,bd914d75,3db5de23,bf7e5297,bc43546b,bd914d77,3db5de23,1

11117,157,124,-1,-2253,231,15651,-4047,2447,-3225,bf7e53b1,bc4e94b4,bd9112eb,3db577b8,bf7e53b2,bc4e94b1,bd9112ed,3db577b8,1

11118,167,131,-1,-2270,208,15746,-4099,2467,-3286,bf7e5332,bc4d3996,bd90d77e,3db5da3a,bf7e5333,bc4d3994,bd90d780,3db5da3a,1

11119,185,122,4,-2278,104,15788,-4099,2467,-3286,bf7e52ba,bc411379,bd90f646,3db6208b,bf7e52b9,bc411375,bd90f646,3db62089,1

11120,173,117,3,-2299,201,15702,-4073,2447,-3253,bf7e5250,bc4a1944,bd9197fd,3db59d46,bf7e5251,bc4a193d,bd9197ff,3db59d46,1

11121,170,123,4,-2276,208,15728,-4073,2425,-3276,bf7e5449,bc547b02,bd919d8a,3db4b7e9,bf7e5449,bc547afb,bd919d8b,3db4b7e8,1

11122,180,120,5,-2285,136,15757,-4105,2461,-3270,bf7e5412,bc493393,bd91b85c,3db4e95a,bf7e5411,bc49338d,bd91b85d,3db4e958,1

11123,168,127,4,-2283,183,15739,-4105,2461,-3270,bf7e5422,bc4887a0,bd91bb07,3db4e4dc,bf7e5422,bc48879e,bd91bb09,3db4e4db,1

11124,162,128,3,-2274,212,15726,-4089,2457,-3299,bf7e54ae,bc4ecb9b,bd9176c9,3db4ce40,bf7e54ae,bc4ecb99,bd9176cb,3db4ce3f,1

11125,170,121,-2,-2265,205,15755,-4079,2443,-3246,bf7e5717,bc55bdb8,bd911a8e,3db41eb6,bf7e5716,bc55bdb4,bd911a90,3db41eb5,1

11126,185,127,-2,-2293,189,15728,-4079,2443,-3246,bf7e5725,bc55a416,bd91bcfa,3db39711,bf7e5725,bc55a414,bd91bcfd,3db39711,1

11127,183,131,-4,-2268,184,15732,-4055,2457,-3321,bf7e5710,bc4c34d2,bd9162ef,3db41364,bf7e5710,bc4c34d0,bd9162f2,3db41364,1

11128,179,128,0,-2279,226,15746,-4069,2417,-3286,bf7e58e0,bc56fc0f,bd916e6f,3db33336,bf7e58e1,bc56fc0d,bd916e72,3db33336,1

11129,199,125,5,-2277,178,15717,-4069,2417,-3286,bf7e5b8f,bc5bb123,bd91a256,3db1fd61,bf7e5b8e,bc5bb120,bd91a257,3db1fd60,1

11130,194,123,8,-2286,155,15745,-4111,2481,-3315,bf7e5a41,bc4fb387,bd91a3c2,3db2ac97,bf7e5a42,bc4fb386,bd91a3c6,3db2ac97,1

11131,184,127,8,-2276,194,15715,-4065,2487,-3247,bf7e5857,bc463209,bd917bf4,3db3a663,bf7e5857,bc463207,bd917bf6,3db3a662,1

11132,182,126,3,-2278,164,15732,-4065,2487,-3247,bf7e567a,bc3c575f,bd9166c0,3db489fb,bf7e567b,bc3c575e,bd9166c1,3db489fb,1

11133,181,124,3,-2274,231,15719,-4087,2481,-3290,bf7e547d,bc406132,bd912e2d,3db55978,bf7e547d,bc406130,bd912e2b,3db55978,1

11134,186,123,2,-2269,195,15730,-4105,2457,-3289,bf7e555f,bc47f7ce,bd911ae0,3db4f869,bf7e555f,bc47f7cd,bd911ade,3db4f869,1

11135,201,125,3,-2284,153,15711,-4069,2445,-3252,bf7e55c3,bc460fe0,bd91ab42,3db46a06,bf7e55c3,bc460fe0,bd91ab41,3db46a06,1

11136,191,123,2,-2275,189,15730,-4069,2445,-3252,bf7e5749,bc4c2858,bd91961a,3db3d60a,bf7e5749,bc4c2858,bd919618,3db3d60a,1

11137,199,127,-2,-2275,187,15768,-4085,2467,-3230,bf7e56df,bc4585f1,bd914997,3db4563d,bf7e56e0,bc4585f2,bd914996,3db4563d,1

11138,197,118,-8,-2267,180,15710,-4079,2443,-3262,bf7e58bb,bc4b3e65,bd914883,3db39578,bf7e58bc,bc4b3e65,bd914882,3db39578,1

11139,198,119,-3,-2278,162,15727,-4079,2443,-3262,bf7e59f0,bc496295,bd918fb1,3db2f6c2,bf7e59f0,bc496292,bd918faf,3db2f6c2,1

11140,198,120,3,-2288,95,15734,-4095,2463,-3319,bf7e592b,bc3cee29,bd91c6b0,3db34658,bf7e592b,bc3cee27,bd91c6af,3db34658,1

11141,183,125,-1,-2275,177,15729,-4085,2429,-3287,bf7e5b52,bc4673b8,bd91c610,3db259c8,bf7e5b51,bc4673b5,bd91c60e,3db259c8,1

11142,172,122,-1,-2269,222,15741,-4085,2429,-3287,bf7e5d4e,bc5153df,bd9197dd,3db197f3,bf7e5d4f,bc5153de,bd9197dc,3db197f5,1

11143,182,125,3,-2268,187,15729,-4047,2459,-3292,bf7e5c9b,bc4831f7,bd914e92,3db23e1a,bf7e5c9b,bc4831f6,bd914e91,3db23e1b,1

11144,184,130,7,-2266,219,15722,-4125,2427,-3319,bf7e5e92,bc52b732,bd913e0e,3db166fe,bf7e5e92,bc52b731,bd913e0e,3db166ff,1

11145,184,130,1,-2270,204,15719,-4125,2427,-3319,bf7e60e3,bc5ab947,bd914649,3db0640d,bf7e60e3,bc5ab947,bd914649,3db0640e,1

11146,198,125,0,-2270,165,15751,-4091,2459,-3274,bf7e6088,bc4ef2e8,bd9128d3,3db0d5f1,bf7e6089,bc4ef2e9,bd9128d3,3db0d5f3,1

11147,199,126,1,-2287,140,15743,-4071,2485,-3283,bf7e5ed2,bc432756,bd913be8,3db198c9,bf7e5ed2,bc432756,bd913be7,3db198ca,1

11148,184,122,6,-2300,142,15717,-4085,2467,-3257,bf7e5ca3,bc3a0b80,bd91c282,3db219c9,bf7e5ca3,bc3a0b81,bd91c282,3db219ca,1

11149,175,120,4,-2297,190,15830,-4085,2467,-3257,bf7e5b4a,bc3b7ca2,bd91ba79,3db29569,bf7e5b4b,bc3b7ca4,bd91ba7a,3db2956a,1

11150,166,123,2,-2273,184,15690,-4053,2491,-3264,bf7e58f3,bc3423d2,bd918e60,3db3abfd,bf7e58f4,bc3423d4,bd918e61,3db3abfe,1

11151,174,128,2,-2268,180,15713,-4087,2489,-3248,bf7e56eb,bc2fdaf4,bd91442f,3db4b01a,bf7e56ec,bc2fdaf6,bd91442e,3db4b01b,1

11152,172,127,0,-2290,140,15754,-4087,2489,-3248,bf7e5462,bc28b054,bd917305,3db589c3,bf7e5462,bc28b055,bd917303,3db589c4,1

11153,177,124,-1,-2296,180,15757,-4051,2405,-3220,bf7e5607,bc33ee43,bd91a5f1,3db4a217,bf7e5607,bc33ee44,bd91a5ef,3db4a218,1

11154,170,128,1,-2245,210,15724,-4069,2439,-3219,bf7e5840,bc3f625d,bd913ca4,3db3fefa,bf7e5841,bc3f625f,bd913ca2,3db3fefc,1

11155,184,121,2,-2279,153,15730,-4069,2439,-3219,bf7e59da,bc4425f4,bd918c7c,3db31883,bf7e59d9,bc4425f6,bd918c78,3db31883,1

11156,178,119,2,-2278,163,15737,-4059,2451,-3262,bf7e59fa,bc406d98,bd91969c,3db31509,bf7e59f9,bc406d9a,bd91969b,3db31509,1

11157,170,122,5,-2262,212,15725,-4077,2475,-3344,bf7e58c0,bc3ea33b,bd910ac1,3db3fd54,bf7e58c1,bc3ea33e,bd910ac2,3db3fd55,1

11158,179,128,2,-2265,165,15741,-4077,2475,-3344,bf7e576a,bc36c343,bd90d51f,3db4c130,bf7e5769,bc36c344,bd90d51e,3db4c130,1

11159,180,116,3,-2286,181,15744,-4097,2437,-3289,bf7e585d,bc40ed58,bd912eaa,3db3f989,bf7e585d,bc40ed59,bd912eaa,3db3f98a,1

11160,173,129,2,-2279,216,15731,-4089,2501,-3302,bf7e5589,bc3b0969,bd910ec2,3db52aa3,bf7e5589,bc3b096a,bd910ec2,3db52aa4,1

11161,185,122,2,-2256,191,15718,-4085,2465,-3315,bf7e55c2,bc3f45fd,bd90a6c7,3db5586d,bf7e55c1,bc3f45fe,bd90a6c6,3db5586d,1

11162,189,116,5,-2291,99,15771,-4085,2465,-3315,bf7e5473,bc346f40,bd911f01,3db59a09,bf7e5473,bc346f44,bd911f02,3db59a0a,1

11163,174,118,4,-2295,212,15772,-4069,2415,-3257,bf7e55bb,bc400134,bd915659,3db4cac0,bf7e55bc,bc400139,bd91565b,3db4cac1,1

11164,167,125,1,-2263,236,15719,-4085,2461,-3286,bf7e5613,bc4a4000,bd9104c4,3db4c0d1,bf7e5613,bc4a4002,bd9104c5,3db4c0d1,1

11165,179,119,3,-2287,183,15744,-4085,2461,-3286,bf7e54b0,bc46d470,bd916a30,3db4fb8d,bf7e54af,bc46d46f,bd916a2f,3db4fb8c,1

11166,179,115,3,-2281,159,15740,-4095,2473,-3273,bf7e535b,bc3e3d62,bd917d4c,3db58860,bf7e535c,bc3e3d63,bd917d4c,3db58861,1

11167,175,123,7,-2264,182,15723,-4097,2467,-3316,bf7e5385,bc3f729d,bd9117a7,3db5c624,bf7e5385,bc3f729d,bd9117a7,3db5c625,1

11168,178,129,8,-2280,197,15747,-4097,2467,-3316,bf7e528c,bc43abc8,bd912fbe,3db5f7fb,bf7e528b,bc43abc8,bd912fbe,3db5f7fb,1

11169,174,124,3,-2269,163,15743,-4093,2399,-3315,bf7e552b,bc4d56c3,bd9142eb,3db4d286,bf7e552c,bc4d56c3,bd9142eb,3db4d287,1

11170,181,130,7,-2290,165,15774,-4081,2437,-3257,bf7e56cb,bc4fc1a7,bd91a571,3db3e589,bf7e56ca,bc4fc1a6,bd91a56f,3db3e589,1

11171,176,122,1,-2269,231,15687,-4081,2437,-3257,bf7e585f,bc59d57d,bd918ea3,3db338ef,bf7e5860,bc59d57c,bd918ea4,3db338f1,1

11172,191,122,0,-2295,195,15846,-4065,2417,-3294,bf7e5b0b,bc5fc11d,bd91ac8b,3db2101e,bf7e5b0b,bc5fc11d,bd91ac8b,3db2101f,1

11173,182,124,1,-2228,188,15619,-4025,2433,-3296,bf7e5d96,bc57abc7,bd90d36a,3db20074,bf7e5d96,bc57abc6,bd90d36a,3db20075,1

11174,181,117,4,-2237,202,15573,-4089,2437,-3325,bf7e5fa2,bc596a45,bd90a4fe,3db16245,bf7e5fa1,bc596a44,bd90a4fe,3db16244,1

11175,190,124,4,-2280,157,15733,-4089,2437,-3325,bf7e5fda,bc509f9c,bd911f20,3db11491,bf7e5fda,bc509f9d,bd911f21,3db11491,1

11176,177,129,6,-2285,222,15754,-4093,2455,-3266,bf7e5ed0,bc523653,bd914a24,3db14951,bf7e5ecf,bc523652,bd914a23,3db14950,1

11177,184,128,2,-2294,199,15771,-4113,2451,-3258,bf7e5e7d,bc5195bc,bd91af4e,3db116d8,bf7e5e7e,bc5195bd,bd91af4f,3db116d9,1

11178,192,121,8,-2281,164,15737,-4113,2451,-3258,bf7e5ef3,bc498571,bd91c367,3db101a3,bf7e5ef2,bc498570,bd91c367,3db101a2,1

11179,179,119,3,-2273,163,15703,-4063,2479,-3339,bf7e5d66,bc3f091c,bd91a497,3db1d778,bf7e5d67,bc3f091d,bd91a498,3db1d778,1

11180,180,116,3,-2261,176,15722,-4089,2419,-3294,bf7e6008,bc48975c,bd91876f,3db0d3f6,bf7e6008,bc48975b,bd91876e,3db0d3f5,1

11181,182,115,3,-2266,213,15740,-4089,2419,-3294,bf7e623b,bc52d8e1,bd916d2e,3dafeea7,bf7e623b,bc52d8e0,bd916d2d,3dafeea6,1

11182,191,119,7,-2280,187,15740,-4053,2469,-3375,bf7e6095,bc483cae,bd915fca,3db0c32a,bf7e6094,bc483cad,bd915fc9,3db0c329,1

11183,194,118,5,-2272,170,15721,-4089,2495,-3308,bf7e5eaf,bc3dbf0d,bd91450c,3db1b585,bf7e5eaf,bc3dbf0d,bd91450d,3db1b585,1

11184,188,120,3,-2268,183,15715,-4089,2495,-3308,bf7e5c7d,bc3551c7,bd9119de,3db2c470,bf7e5c7d,bc3551c7,bd9119df,3db2c470,1

11185,189,117,6,-2284,156,15741,-4079,2459,-3217,bf7e5ba5,bc36a523,bd9184dc,3db2b4f5,bf7e5ba5,bc36a523,bd9184db,3db2b4f5,1

11186,182,116,6,-2276,167,15736,-4095,2473,-3282,bf7e5a2b,bc3345af,bd917057,3db3591b,bf7e5a2b,bc3345b0,bd917056,3db3591b,1

11187,183,121,2,-2278,213,15747,-4051,2431,-3218,bf7e5b70,bc3ed3f2,bd9178d7,3db2af59,bf7e5b70,bc3ed3f3,bd9178d6,3db2af59,1

11188,180,129,1,-2278,167,15721,-4051,2431,-3218,bf7e5d3f,bc466017,bd91a3a6,3db1c643,bf7e5d3e,bc466017,bd91a3a5,3db1c642,1

11189,182,127,5,-2279,185,15701,-4055,2423,-3264,bf7e5f08,bc4ec5c2,bd91cdbf,3db0d90a,bf7e5f08,bc4ec5c2,bd91cdbf,3db0d90a,1

11190,180,121,2,-2286,196,15778,-4075,2477,-3216,bf7e5d57,bc460828,bd91a57c,3db1bdd0,bf7e5d57,bc460828,bd91a57c,3db1bdd0,1

11191,170,117,4,-2271,174,15701,-4075,2477,-3216,bf7e5bb7,bc3d8d9d,bd918225,3db29427,bf7e5bb8,bc3d8d9e,bd918224,3db29428,1

11192,179,114,5,-2297,189,15738,-4109,2449,-3218,bf7e5bec,bc45fd07,bd91f410,3db1ff16,bf7e5bec,bc45fd09,bd91f40d,3db1ff16,1

11193,180,122,4,-2281,204,15734,-4089,2441,-3322,bf7e5d2e,bc4e4ea4,bd91e20e,3db174ae,bf7e5d2e,bc4e4ea6,bd91e20b,3db174ae,1

11194,181,123,1,-2271,185,15717,-4089,2441,-3322,bf7e5f19,bc4e8877,bd919d8e,3db0fbce,bf7e5f18,bc4e8877,bd919d8e,3db0fbcd,1

11195,185,118,4,-2272,201,15725,-4123,2519,-3298,bf7e5d01,bc44cc64,bd916cb6,3db21000,bf7e5d01,bc44cc65,bd916cb8,3db21000,1

11196,192,127,3,-2265,144,15737,-4105,2455,-3252,bf7e5e20,bc3d5447,bd91361e,3db1f6b1,bf7e5e1f,bc3d5446,bd91361e,3db1f6b0,1

11197,185,119,2,-2279,165,15748,-4105,2455,-3252,bf7e5e60,bc3ee8d9,bd916bb4,3db1ad35,bf7e5e5f,bc3ee8d8,bd916bb5,3db1ad34,1

11198,166,117,6,-2288,216,15746,-4087,2473,-3286,bf7e5bdd,bc4021c2,bd918044,3db27cda,bf7e5bdd,bc4021c0,bd918045,3db27cd9,1

11199,185,119,7,-2283,172,15728,-4103,2441,-3281,bf7e5d1f,bc46f9c7,bd91c37d,3db1b532,bf7e5d1f,bc46f9c5,bd91c37e,3db1b531,1

11200,174,115,2,-2290,160,15747,-4125,2447,-3245,bf7e5e4c,bc47ba7d,bd921a74,3db0fddd,bf7e5e4c,bc47ba79,bd921a76,3db0fddc,1

11201,166,128,2,-2267,232,15681,-4125,2447,-3245,bf7e5fcd,bc524627,bd91d457,3db07c78,bf7e5fcd,bc524623,bd91d458,3db07c77,1

11202,182,125,0,-2307,181,15734,-4157,2437,-3370,bf7e6063,bc54e3ba,bd9283cf,3dafa807,bf7e6063,bc54e3b8,bd9283d0,3dafa806,1

11203,187,119,2,-2326,111,15895,-4139,2411,-3230,bf7e636f,bc53a872,bd92f3a9,3dae3483,bf7e636f,bc53a871,bd92f3a9,3dae3482,1

11204,167,128,1,-2307,191,15801,-4139,2411,-3230,bf7e6635,bc5bcee2,bd9302d8,3dacfb2d,bf7e6634,bc5bcee0,bd9302d8,3dacfb2c,1

11205,169,122,2,-2269,224,15788,-4159,2437,-3247,bf7e6a1b,bc6024f0,bd921172,3dac418b,bf7e6a1b,bc6024f1,bd921173,3dac418b,1

11206,183,122,6,-2272,109,15751,-4099,2439,-3285,bf7e6aae,bc532189,bd91f61d,3dac6483,bf7e6aaf,bc53218b,bd91f61f,3dac6483,1

11207,177,122,8,-2254,186,15705,-4099,2439,-3285,bf7e6cdd,bc4d709e,bd914155,3dac4aa5,bf7e6cdc,bc4d709d,bd914155,3dac4aa4,1

11208,173,123,6,-2272,224,15738,-4105,2401,-3295,bf7e6ed9,bc57f30c,bd914be2,3dab520a,bf7e6ed9,bc57f30c,bd914be2,3dab5209,1

11209,183,120,-1,-2278,196,15757,-4077,2429,-3314,bf7e6fb0,bc52e216,bd915aad,3dab0ef1,bf7e6faf,bc52e214,bd915aab,3dab0ef0,1

11210,189,123,3,-2284,167,15715,-4077,2429,-3314,bf7e6fbd,bc4b17f5,bd91c1a1,3daad820,bf7e6fbc,bc4b17f7,bd91c1a0,3daad81f,1

11211,188,130,3,-2279,160,15720,-4083,2459,-3294,bf7e6e9b,bc402e3b,bd91b61b,3dab801b,bf7e6e9a,bc402e3d,bd91b61a,3dab801a,1

11212,187,118,-2,-2264,203,15725,-4095,2457,-3329,bf7e6e16,bc3e0c07,bd913613,3dac2722,bf7e6e16,bc3e0c0a,bd913611,3dac2722,1

11213,192,125,1,-2292,168,15726,-4105,2439,-3266,bf7e6dd6,bc40d32f,bd91da2d,3daba771,bf7e6dd5,bc40d32f,bd91da2b,3daba770,1

11214,192,125,-3,-2298,187,15774,-4105,2439,-3266,bf7e6e22,bc45a4c0,bd922a87,3dab30a9,bf7e6e23,bc45a4c1,bd922a87,3dab30a9,1

11215,186,128,3,-2265,177,15686,-4135,2497,-3300,bf7e6c95,bc3ba257,bd91e2fb,3dac2da9,bf7e6c94,bc3ba256,bd91e2fb,3dac2da7,1

11216,194,129,6,-2280,191,15701,-4109,2473,-3342,bf7e6a75,bc35911e,bd91c905,3dad262c,bf7e6a76,bc35911d,bd91c906,3dad262b,1

11217,189,120,2,-2278,161,15702,-4109,2473,-3342,bf7e688b,bc2e190f,bd91c304,3dadfd5a,bf7e688b,bc2e190c,bd91c304,3dadfd58,1

11218,200,120,3,-2296,190,15740,-4089,2455,-3255,bf7e6787,bc35ddeb,bd92132a,3dadf933,bf7e6788,bc35dde8,bd92132a,3dadf932,1

11219,189,121,-1,-2285,176,15713,-4101,2461,-3270,bf7e665f,bc360f5e,bd921c66,3dae5d45,bf7e665f,bc360f5a,bd921c65,3dae5d43,1

11220,188,118,-3,-2270,158,15740,-4101,2461,-3270,bf7e6688,bc32276e,bd91a94e,3daebdcf,bf7e6688,bc322769,bd91a94e,3daebdcd,1

11221,179,124,2,-2272,250,15712,-4115,2455,-3297,bf7e66be,bc3e2454,bd9185ab,3dae9625,bf7e66be,bc3e244f,bd9185ac,3dae9623,1

11222,188,127,3,-2298,194,15772,-4099,2453,-3247,bf7e65c1,bc426a0c,bd91e586,3dae8f12,bf7e65c0,bc426a09,bd91e585,3dae8f0f,1

11223,190,128,4,-2280,132,15738,-4099,2453,-3247,bf7e65cf,bc389d0a,bd91e55b,3daeb4a3,bf7e65d0,bc389d09,bd91e55c,3daeb4a2,1

11224,177,120,5,-2280,207,15758,-4141,2503,-3209,bf7e634f,bc33895f,bd919fce,3dafeb5f,bf7e634f,bc33895d,bd919fcf,3dafeb5d,1

11225,183,125,3,-2281,216,15730,-4113,2417,-3299,bf7e64cc,bc3f0bb7,bd91b16e,3daf2288,bf7e64cd,bc3f0bb6,bd91b170,3daf2287,1

11226,197,113,3,-2275,179,15742,-4113,2417,-3299,bf7e670a,bc484896,bd91be9e,3dae1ce7,bf7e6709,bc484894,bd91be9e,3dae1ce4,1

11227,200,118,8,-2272,131,15714,-4115,2445,-3287,bf7e67dd,bc3e3c44,bd91c2f6,3dadf92f,bf7e67dd,bc3e3c42,bd91c2f8,3dadf92d,1

11228,183,125,6,-2273,187,15733,-4093,2493,-3296,bf7e65d8,bc35a06d,bd918519,3daf0e4c,bf7e65d8,bc35a06c,bd91851a,3daf0e4a,1

11229,175,120,3,-2276,211,15735,-4145,2435,-3238,bf7e6749,bc40fff9,bd918d3c,3dae505f,bf7e6749,bc40fff8,bd918d3d,3dae505d,1

11230,190,115,3,-2297,178,15723,-4145,2435,-3238,bf7e6839,bc4887f3,bd920df4,3dad6a7e,bf7e6839,bc4887f2,bd920df5,3dad6a7c,1

11231,187,128,4,-2267,172,15719,-4113,2431,-3316,bf7e6b42,bc4b422f,bd91b499,3dac8afd,bf7e6b43,bc4b422c,bd91b49a,3dac8afb,1

11232,177,124,2,-2288,148,15743,-4123,2467,-3244,bf7e6a05,bc406ed8,bd91cbc1,3dad1def,bf7e6a05,bc406ed4,bd91cbc1,3dad1dec,1

11233,164,120,0,-2273,174,15733,-4123,2467,-3244,bf7e6923,bc3a2f98,bd918ed1,3dadbf3d,bf7e6923,bc3a2f93,bd918ed1,3dadbf3a,1

11234,168,125,5,-2286,188,15744,-4181,2447,-3242,bf7e6a45,bc43a645,bd91be48,3dad034e,bf7e6a44,bc43a640,bd91be48,3dad034a,1

11235,163,126,6,-2288,184,15748,-4139,2459,-3254,bf7e696e,bc419f20,bd91dd30,3dad4160,bf7e696e,bc419f1d,bd91dd32,3dad415d,1

11236,167,126,7,-2286,208,15750,-4139,2459,-3254,bf7e68fa,bc46622c,bd91cf4d,3dad6219,bf7e68fa,bc466227,bd91cf4f,3dad6217,1

11237,174,119,1,-2279,192,15751,-4095,2429,-3357,bf7e6abc,bc4d5652,bd91bfbe,3daca92d,bf7e6abb,bc4d564d,bd91bfc0,3daca92a,1

11238,184,120,3,-2264,199,15716,-4111,2441,-3293,bf7e6c7f,bc4e201c,bd914e4f,3dac5f12,bf7e6c7e,bc4e2017,bd914e51,3dac5f0f,1

11239,174,120,0,-2276,195,15718,-4111,2441,-3293,bf7e6cd3,bc4d875d,bd9175b4,3dac2183,bf7e6cd2,bc4d8759,bd9175b5,3dac2180,1

11240,178,118,3,-2286,176,15753,-4097,2401,-3258,bf7e6f26,bc55290c,bd91b701,3daae86c,bf7e6f25,bc552907,bd91b702,3daae869,1

11241,178,117,4,-2275,163,15727,-4087,2457,-3220,bf7e6e53,bc49e4eb,bd91a5c3,3dab7bc3,bf7e6e54,bc49e4e8,bd91a5c6,3dab7bc2,1

11242,178,121,0,-2283,194,15723,-4105,2469,-3233,bf7e6c6d,bc41ce2c,bd91a564,3dac552d,bf7e6c6d,bc41ce27,bd91a566,3dac552b,1

11243,175,118,-3,-2274,210,15739,-4105,2469,-3233,bf7e6ad8,bc3ecfce,bd915e40,3dad33d5,bf7e6ad7,bc3ecfca,bd915e40,3dad33d3,1

11244,185,114,0,-2278,159,15761,-4105,2415,-3371,bf7e6d0f,bc466658,bd918a8e,3dac1ba9,bf7e6d10,bc466656,bd918a8e,3dac1ba8,1

11245,181,117,3,-2287,185,15738,-4087,2407,-3261,bf7e6ee6,bc4f33c9,bd91cd11,3dab0a73,bf7e6ee8,bc4f33c9,bd91cd11,3dab0a72,1

11246,178,125,2,-2255,160,15737,-4087,2407,-3261,bf7e7329,bc528836,bd916840,3da9b8f0,bf7e732a,bc528834,bd91683e,3da9b8ef,1

11247,177,123,0,-2281,200,15743,-4087,2431,-3260,bf7e73bf,bc50fa18,bd918f78,3da966e2,bf7e73bf,bc50fa14,bd918f75,3da966e1,1

11248,178,124,-4,-2270,197,15739,-4101,2383,-3334,bf7e7667,bc5a2604,bd919154,3da83658,bf7e7668,bc5a2601,bd919153,3da83658,1

11249,185,121,2,-2283,128,15726,-4101,2383,-3334,bf7e797e,bc59e5ab,bd91f195,3da6b737,bf7e797e,bc59e5a9,bd91f193,3da6b737,1

11250,174,123,6,-2286,183,15733,-4101,2445,-3290,bf7e78a6,bc4ef388,bd91f3a0,3da74042,bf7e78a6,bc4ef387,bd91f39f,3da74042,1

11251,172,117,7,-2270,203,15742,-4083,2371,-3312,bf7e7b2b,bc58c320,bd91ea91,3da61f69,bf7e7b2b,bc58c320,bd91ea90,3da61f69,1

11252,173,128,2,-2273,197,15734,-4083,2371,-3312,bf7e7e0d,bc612530,bd91e62e,3da4da8d,bf7e7e0e,bc612531,bd91e62e,3da4da8e,1

11253,181,121,5,-2294,172,15737,-4053,2429,-3256,bf7e7d54,bc553879,bd921048,3da53c43,bf7e7d53,bc553878,bd921047,3da53c43,1

11254,178,116,0,-2278,209,15757,-4105,2461,-3326,bf7e7c22,bc4b3f9f,bd91d30c,3da61a36,bf7e7c22,bc4b3f9e,bd91d30c,3da61a37,1

11255,172,123,4,-2275,177,15744,-4087,2467,-3336,bf7e7ac8,bc40bed6,bd91a635,3da6f7bb,bf7e7ac8,bc40bed5,bd91a634,3da6f7bc,1

11256,178,125,5,-2285,171,15745,-4087,2467,-3336,bf7e78e9,bc36ebc8,bd91a0ea,3da7de57,bf7e78e9,bc36ebc7,bd91a0ea,3da7de58,1

11257,172,123,4,-2283,170,15741,-4093,2425,-3332,bf7e79db,bc3dcf4f,bd91d5a5,3da73562,bf7e79db,bc3dcf4f,bd91d5a5,3da73563,1

11258,172,121,4,-2275,196,15740,-4077,2405,-3332,bf7e7bbf,bc47f312,bd91cd51,3da654c8,bf7e7bc0,bc47f314,bd91cd51,3da654ca,1

11259,170,125,5,-2290,174,15754,-4077,2405,-3332,bf7e7d88,bc4d0d51,bd9217e7,3da54ab5,bf7e7d88,bc4d0d52,bd9217e7,3da54ab7,1

11260,172,126,4,-2278,211,15751,-4123,2463,-3265,bf7e7c39,bc44d48b,bd91ca15,3da637f3,bf7e7c38,bc44d48b,bd91ca15,3da637f4,1

11261,188,130,8,-2293,155,15764,-4109,2455,-3257,bf7e7ad1,bc3a4554,bd91e442,3da6dadc,bf7e7ad1,bc3a4554,bd91e441,3da6dade,1

11262,176,128,4,-2270,198,15738,-4109,2455,-3257,bf7e7a1c,bc38b2b7,bd916fea,3da78cb8,bf7e7a1c,bc38b2ba,bd916fe9,3da78cba,1

11263,181,124,10,-2287,227,15787,-4051,2473,-3223,bf7e7746,bc348e1f,bd914c44,3da8cfe2,bf7e7746,bc348e21,bd914c44,3da8cfe4,1

11264,183,125,11,-2279,189,15761,-4087,2427,-3310,bf7e781f,bc3dfa61,bd9164d1,3da83f5e,bf7e781f,bc3dfa64,bd9164d1,3da83f60,1

11265,179,120,6,-2269,206,15732,-4087,2427,-3310,bf7e793b,bc46e7b2,bd914bb9,3da7c036,bf7e793c,bc46e7b6,bd914bb9,3da7c038,1

11266,188,120,0,-2272,175,15737,-4075,2473,-3279,bf7e778d,bc3c7494,bd913244,3da8a901,bf7e778e,bc3c7498,bd913244,3da8a903,1

11267,185,123,2,-2286,162,15776,-4077,2481,-3314,bf7e7574,bc324dcf,bd91330b,3da99ea1,bf7e7574,bc324dd2,bd913309,3da99ea3,1

11268,175,122,7,-2278,189,15685,-4105,2459,-3291,bf7e7324,bc33c753,bd917aa3,3daa3864,bf7e7324,bc33c756,bd917aa3,3daa3865,1

11269,183,126,8,-2263,94,15689,-4105,2459,-3291,bf7e7279,bc2849c3,bd917421,3daaacb3,bf7e7278,bc2849c5,bd917420,3daaacb4,1

11270,165,132,11,-2294,184,15720,-4079,2451,-3295,bf7e70c2,bc2fe0a3,bd91dff9,3daad549,bf7e70c3,bc2fe0a7,bd91dff9,3daad54b,1

11271,159,123,7,-2244,222,15722,-4071,2467,-3250,bf7e7080,bc339dd8,bd90f536,3daba632,bf7e7080,bc339ddb,bd90f536,3daba634,1

11272,170,126,5,-2281,215,15701,-4071,2467,-3250,bf7e6d7b,bc35ff44,bd912ddc,3dac8a01,bf7e6d7c,bc35ff48,bd912ddd,3dac8a04,1

11273,186,126,3,-2267,185,15707,-4075,2439,-3225,bf7e6e4f,bc3e3b1a,bd913350,3dac133e,bf7e6e4f,bc3e3b1e,bd91334e,3dac1341,1

11274,199,123,5,-2287,173,15773,-4083,2489,-3265,bf7e6bfa,bc347347,bd913407,3dad18f0,bf7e6bf9,bc34734a,bd913404,3dad18f2,1

11275,185,128,1,-2265,195,15668,-4083,2489,-3265,bf7e695a,bc2e5678,bd9110cf,3dae4566,bf7e695a,bc2e567c,bd9110cd,3dae4569,1

11276,189,114,1,-2282,188,15766,-4111,2443,-3250,bf7e69fe,bc38a780,bd9143d2,3dadb472,bf7e69fe,bc38a784,bd9143d0,3dadb475,1

11277,195,124,3,-2279,147,15713,-4115,2447,-3223,bf7e6a68,bc390f8d,bd91aade,3dad357f,bf7e6a68,bc390f91,bd91aade,3dad3582,1

11278,184,121,6,-2268,196,15768,-4115,2447,-3223,bf7e6bf1,bc418a0c,bd915160,3daccb0c,bf7e6bf0,bc418a0f,bd91515f,3daccb0d,1

11279,181,122,5,-2295,207,15791,-4097,2447,-3276,bf7e6b28,bc470f71,bd919ea0,3dacbb2c,bf7e6b27,bc470f75,bd919e9f,3dacbb2d,1

11280,187,123,3,-2293,163,15830,-4033,2421,-3296,bf7e6cc2,bc46a9d9,bd91c85d,3dac0203,bf7e6cc1,bc46a9dc,bd91c85c,3dac0204,1

11281,181,125,9,-2314,204,15831,-4043,2393,-3336,bf7e6e0e,bc50b4d0,bd921687,3dab14a2,bf7e6e0f,bc50b4d4,bd921688,3dab14a4,1

11282,185,122,5,-2312,127,15891,-4043,2393,-3336,bf7e70f1,bc4f860c,bd926ec8,3da9bb35,bf7e70f0,bc4f860d,bd926ec8,3da9bb36,1

11283,176,122,2,-2287,197,15791,-4115,2393,-3321,bf7e73ae,bc588fa4,bd926054,3da89286,bf7e73af,bc588fa7,bd926055,3da89288,1

11284,166,114,3,-2303,210,15728,-4077,2431,-3247,bf7e7308,bc54b01b,bd92bf8f,3da891e5,bf7e7308,bc54b01c,bd92bf8f,3da891e7,1

11285,185,117,8,-2284,149,15800,-4077,2431,-3247,bf7e7434,bc495e92,bd926d65,3da8a003,bf7e7433,bc495e93,bd926d64,3da8a004,1

11286,174,119,3,-2241,211,15653,-4049,2407,-3271,bf7e776a,bc522d8b,bd91cb6c,3da7cad4,bf7e776a,bc522d90,bd91cb6d,3da7cad5,1

11287,188,123,-3,-2266,203,15739,-4061,2477,-3307,bf7e7612,bc47c9a7,bd9182f1,3da8be31,bf7e7613,bc47c9ad,bd9182f3,3da8be32,1

11288,202,116,-3,-2276,142,15713,-4061,2477,-3307,bf7e7485,bc3c0231,bd917ec1,3da98d28,bf7e7486,bc3c0237,bd917ec3,3da98d29,1

11289,186,116,7,-2292,190,15738,-4099,2445,-3243,bf7e735a,bc3f3080,bd91ede4,3da98fc7,bf7e7359,bc3f3082,bd91ede5,3da98fc6,1

11290,183,135,2,-2262,197,15758,-4065,2465,-3159,bf7e728d,bc3915be,bd915098,3daa7e1b,bf7e728e,bc3915c1,bd91509a,3daa7e1b,1

11291,183,120,-2,-2314,162,15879,-4065,2465,-3159,bf7e7010,bc31521f,bd91a011,3dab4879,bf7e700f,bc31521e,bd91a012,3dab4878,1

11292,182,116,0,-2275,177,15682,-4041,2449,-3247,bf7e6e9d,bc32a70f,bd91b8f5,3dabb76b,bf7e6e9d,bc32a710,bd91b8f7,3dabb76c,1

11293,180,123,-3,-2255,211,15699,-4099,2385,-3257,bf7e70d1,bc3dde9e,bd91a5ed,3daac532,bf7e70d2,bc3ddea0,bd91a5ee,3daac533,1

11294,200,124,-1,-2305,167,15780,-4107,2437,-3258,bf7e70af,bc4013e9,bd924460,3daa40be,bf7e70b0,bc4013ee,bd924460,3daa40bf,1

11295,192,126,1,-2282,168,15741,-4107,2437,-3258,bf7e724a,bc40d198,bd922163,3da9c1fd,bf7e7249,bc40d19a,bd922162,3da9c1fc,1

11296,182,125,4,-2268,171,15704,-4103,2439,-3218,bf7e7413,bc40b518,bd91c4d0,3da96630,bf7e7413,bc40b518,bd91c4d2,3da9662f,1

11297,179,126,3,-2271,191,15761,-4093,2437,-3286,bf7e7575,bc43eb78,bd915bcc,3da92cd5,bf7e7576,bc43eb77,bd915bcd,3da92cd5,1

11298,188,126,0,-2267,178,15702,-4093,2437,-3286,bf7e7601,bc41abeb,bd915064,3da90c59,bf7e7601,bc41abe9,bd915062,3da90c58,1

11299,179,125,4,-2266,189,15664,-4091,2455,-3184,bf7e7491,bc3ce31d,bd914e68,3da9ae03,bf7e7491,bc3ce31c,bd914e66,3da9ae02,1

11300,181,121,-1,-2293,210,15806,-4107,2435,-3232,bf7e7508,bc464753,bd918324,3da9295c,bf7e7508,bc464751,bd918323,3da9295b,1

11301,187,121,-4,-2255,224,15632,-4107,2435,-3232,bf7e7635,bc4ee92c,bd91532f,3da8b782,bf7e7634,bc4ee929,bd91532e,3da8b780,1

11302,199,121,-1,-2252,171,15527,-4109,2447,-3209,bf7e756b,bc455b9f,bd9185a3,3da90646,bf7e756c,bc455ba0,bd9185a4,3da90646,1

11303,201,116,0,-2312,112,15888,-4089,2397,-3246,bf7e77ee,bc46860a,bd92092f,3da79c02,bf7e77ed,bc468609,bd92092d,3da79c01,1

11304,183,129,-2,-2297,232,15809,-4089,2397,-3246,bf7e79ae,bc514762,bd92159b,3da6b1c6,bf7e79ae,bc514762,bd92159a,3da6b1c6,1

11305,179,120,3,-2261,223,15619,-4107,2463,-3241,bf7e7832,bc499140,bd91cc87,3da7a805,bf7e7833,bc499141,bd91cc86,3da7a806,1

11306,195,117,0,-2281,107,15756,-4077,2471,-3300,bf7e770f,bc3d2945,bd91c6ba,3da85513,bf7e770f,bc3d2945,bd91c6b8,3da85513,1

11307,179,127,3,-2274,233,15704,-4093,2407,-3294,bf7e7882,bc48a45e,bd91c53d,3da794c5,bf7e7882,bc48a45e,bd91c53c,3da794c5,1

11308,183,123,0,-2267,217,15739,-4093,2407,-3294,bf7e7acc,bc526e9e,bd919816,3da6acb7,bf7e7acd,bc526e9f,bd919817,3da6acb7,1

11309,200,127,4,-2277,156,15712,-4081,2467,-3312,bf7e797c,bc466be4,bd918e22,3da77011,bf7e797c,bc466be5,bd918e21,3da77010,1

11310,194,119,3,-2304,135,15793,-4117,2451,-3252,bf7e7827,bc3b43a8,bd91e705,3da7d765,bf7e7828,bc3b43ab,bd91e705,3da7d764,1

11311,171,126,0,-2268,234,15698,-4117,2451,-3252,bf7e77fe,bc43ae7d,bd918d40,3da80e6c,bf7e77fe,bc43ae7d,bd918d3f,3da80e6a,1

11312,183,134,5,-2261,169,15752,-4065,2521,-3265,bf7e764f,bc39350c,bd9148ea,3da91b60,bf7e7650,bc39350d,bd9148e9,3da91b5f,1

11313,189,132,4,-2301,187,15735,-4075,2481,-3224,bf7e733c,bc316a21,bd918384,3daa31c1,bf7e733c,bc316a20,bd918382,3daa31c0,1

11314,183,125,-1,-2284,189,15721,-4075,2481,-3224,bf7e7068,bc2b9d6c,bd918443,3dab5685,bf7e7067,bc2b9d6a,bd918442,3dab5683,1

11315,190,120,-1,-2266,195,15716,-4059,2461,-3255,bf7e6f10,bc2ec158,bd913540,3dac0c49,bf7e6f0f,bc2ec156,bd91353e,3dac0c47,1

11316,194,121,2,-2281,157,15720,-4103,2497,-3287,bf7e6c6e,bc25db21,bd913f3a,3dad1f92,bf7e6c6e,bc25db20,bd913f3a,3dad1f91,1

11317,180,125,-1,-2279,183,15750,-4103,2497,-3287,bf7e697e,bc215381,bd91262b,3dae5908,bf7e697e,bc215380,bd91262b,3dae5907,1

11318,183,125,-1,-2268,183,15690,-4053,2491,-3272,bf7e667a,bc1e0771,bd9107b5,3daf9671,bf7e667a,bc1e076f,bd9107b5,3daf9670,1

11319,193,124,6,-2290,136,15746,-4085,2425,-3244,bf7e67a4,bc27ee63,bd91651e,3daeb838,bf7e67a5,bc27ee62,bd91651e,3daeb838,1

11320,182,122,9,-2274,189,15719,-4097,2517,-3309,bf7e64b5,bc213ae8,bd913ac7,3db00498,bf7e64b5,bc213ae7,bd913ac6,3db00497,1

11321,178,127,5,-2280,214,15767,-4097,2517,-3309,bf7e616c,bc1e7a44,bd9105c1,3db168de,bf7e616d,bc1e7a42,bd9105c0,3db168de,1

11322,183,126,-1,-2272,175,15730,-4111,2465,-3356,bf7e6115,bc289281,bd9114d7,3db15697,bf7e6114,bc28927d,bd9114d5,3db15696,1

11323,190,119,-2,-2277,167,15682,-4081,2473,-3263,bf7e5ea8,bc2a4a6d,bd916494,3db1ed41,bf7e5ea7,bc2a4a6b,bd916492,3db1ed40,1

11324,190,122,3,-2281,172,15727,-4081,2473,-3263,bf7e5ca9,bc2ca2f6,bd918107,3db282f1,bf7e5ca9,bc2ca2f6,bd918107,3db282f1,1

11325,188,129,4,-2274,175,15772,-4115,2431,-3228,bf7e5eb1,bc374e3e,bd917ad3,3db1a416,bf7e5eb2,bc374e3e,bd917ad3,3db1a417,1

11326,184,127,2,-2278,182,15663,-4073,2431,-3231,bf7e5fe3,bc41426e,bd91b91c,3db0d8e0,bf7e5fe4,bc41426f,bd91b91b,3db0d8e1,1

11327,183,119,4,-2275,195,15689,-4073,2431,-3231,bf7e616a,bc4ab253,bd91cf15,3db00f3b,bf7e616b,bc4ab254,bd91cf14,3db00f3c,1

11328,188,112,3,-2324,192,15953,-4101,2463,-3291,bf7e5fb2,bc445747,bd92000d,3db0a201,bf7e5fb3,bc445748,bd92000d,3db0a202,1

11329,186,120,4,-2285,197,15689,-4097,2417,-3178,bf7e619a,bc4e22e3,bd922b34,3dafa170,bf7e619b,bc4e22e5,bd922b33,3dafa171,1

11330,192,122,4,-2243,164,15557,-4097,2417,-3178,bf7e654d,bc53ac7f,bd91fc9d,3dae55d0,bf7e654d,bc53ac80,bd91fc9a,3dae55d0,1

11331,188,120,1,-2297,120,15733,-4107,2425,-3223,bf7e66f8,bc4c65eb,bd927c1d,3dad7129,bf7e66f8,bc4c65ee,bd927c1c,3dad712a,1

11332,172,120,0,-2269,208,15671,-4077,2459,-3229,bf7e665f,bc4768f2,bd9204a9,3dae24af,bf7e6660,bc4768f5,bd9204a7,3dae24b1,1

11333,183,129,-1,-2271,200,15740,-4059,2485,-3281,bf7e64c3,bc3e8221,bd91ab8f,3daf2cf7,bf7e64c3,bc3e8223,bd91ab8e,3daf2cf9,1

11334,193,121,3,-2268,147,15733,-4059,2485,-3281,bf7e633c,bc33dcda,bd917a23,3db01097,bf7e633c,bc33dcdc,bd917a22,3db01099,1

11335,183,119,5,-2287,205,15770,-4079,2475,-3175,bf7e60f2,bc364e8c,bd917608,3db0dcf4,bf7e60f2,bc364e90,bd917607,3db0dcf6,1

11336,178,128,2,-2273,247,15701,-4079,2465,-3206,bf7e603d,bc40dd83,bd915547,3db10c06,bf7e603d,bc40dd87,bd915546,3db10c08,1

11337,197,123,1,-2281,139,15720,-4079,2465,-3206,bf7e5ef4,bc372481,bd918717,3db18241,bf7e5ef4,bc372485,bd918716,3db18243,1

11338,199,126,3,-2305,98,15761,-4079,2477,-3191,bf7e5d05,bc2c16fc,bd91e0c1,3db21651,bf7e5d04,bc2c16ff,bd91e0c0,3db21652,1

11339,175,126,6,-2280,219,15770,-4061,2531,-3180,bf7e5a17,bc266d8f,bd919238,3db37694,bf7e5a18,bc266d93,bd919238,3db37696,1

11340,174,124,2,-2267,185,15703,-4061,2531,-3180,bf7e573a,bc1fd4d0,bd9151fd,3db4c50d,bf7e573a,bc1fd4d4,bd9151fc,3db4c50e,1

11341,189,119,0,-2272,122,15725,-4055,2465,-3194,bf7e56fc,bc22dc02,bd916f72,3db4b863,bf7e56fb,bc22dc04,bd916f71,3db4b864,1

11342,182,118,2,-2305,165,15780,-4113,2445,-3187,bf7e57db,bc2daa52,bd91c96d,3db3f8b4,bf7e57db,bc2daa53,bd91c96e,3db3f8b6,1

11343,172,126,2,-2240,255,15693,-4113,2445,-3187,bf7e599a,bc3a0dc1,bd917324,3db36f01,bf7e599a,bc3a0dc2,bd917324,3db36f03,1

11344,197,121,6,-2291,163,15772,-4041,2443,-3218,bf7e5a1f,bc3f18a0,bd91c8d3,3db2e520,bf7e5a1f,bc3f18a0,bd91c8d3,3db2e522,1

11345,196,121,10,-2284,124,15716,-4095,2477,-3239,bf7e58ab,bc3444a6,bd91e202,3db3813f,bf7e58aa,bc3444a6,bd91e202,3db38140,1

11346,180,123,6,-2252,160,15629,-4065,2467,-3308,bf7e5846,bc315350,bd916b43,3db410d8,bf7e5846,bc315352,bd916b42,3db410da,1

11347,173,123,4,-2283,183,15856,-4065,2467,-3308,bf7e57be,bc3534b0,bd910efd,3db47bd4,bf7e57bd,bc3534b3,bd910efc,3db47bd4,1

11348,183,133,4,-2272,124,15656,-4119,2469,-3214,bf7e56fe,bc307d86,bd917f1e,3db477d9,bf7e56fe,bc307d8a,bd917f1d,3db477da,1

11349,174,126,4,-2245,226,15624,-4087,2479,-3246,bf7e5672,bc391f03,bd9101f5,3db4eafa,bf7e5672,bc391f07,bd9101f4,3db4eafb,1

11350,188,126,1,-2282,164,15719,-4087,2479,-3246,bf7e5419,bc341df2,bd91451c,3db59c48,bf7e541a,bc341df7,bd91451b,3db59c49,1

11351,190,124,-2,-2292,176,15757,-4119,2465,-3345,bf7e5382,bc3afb58,bd91a39b,3db569aa,bf7e5382,bc3afb5b,bd91a399,3db569aa,1

11352,181,125,8,-2270,218,15704,-4045,2455,-3188,bf7e53f9,bc452be0,bd917892,3db53713,bf7e53fa,bc452be2,bd917892,3db53713,1

11353,188,130,-2,-2278,202,15745,-4045,2455,-3188,bf7e5437,bc4a1e70,bd915fd8,3db51fd6,bf7e5437,bc4a1e6f,bd915fd9,3db51fd6,1

11354,197,123,3,-2262,169,15731,-4071,2459,-3230,bf7e54ee,bc43fbe4,bd9105dc,3db5427a,bf7e54ed,bc43fbe4,bd9105dc,3db54279,1

11355,191,117,3,-2311,177,15740,-4053,2443,-3284,bf7e53e2,bc48467f,bd91f361,3db4ceb8,bf7e53e2,bc48467f,bd91f363,3db4ceb9,1

11356,194,130,-1,-2272,110,15668,-4053,2443,-3284,bf7e54eb,bc3dfdf7,bd920b7b,3db48a3f,bf7e54ec,bc3dfdf9,bd920b7d,3db48a41,1

11357,193,122,10,-2284,163,15703,-4087,2495,-3237,bf7e52ad,bc3506be,bd91fc74,3db584f5,bf7e52ae,bc3506c0,bd91fc75,3db584f7,1

11358,188,125,9,-2290,162,15747,-4097,2465,-3261,bf7e5280,bc38cf89,bd921b9f,3db56c80,bf7e527f,bc38cf8a,bd921b9e,3db56c81,1

11359,179,119,7,-2262,211,15713,-4051,2453,-3275,bf7e53b5,bc42bcfc,bd91a389,3db53732,bf7e53b4,bc42bcfe,bd91a388,3db53733,1

11360,180,120,7,-2267,216,15670,-4051,2453,-3275,bf7e53f7,bc4b209f,bd917b3e,3db51c15,bf7e53f7,bc4b20a3,bd917b3e,3db51c17,1

11361,183,128,1,-2285,174,15771,-4067,2411,-3206,bf7e568d,bc53b08a,bd919f9c,3db3edbe,bf7e568d,bc53b08e,bd919f9c,3db3edc0,1

11362,199,131,5,-2282,162,15695,-4047,2453,-3275,bf7e55d2,bc496577,bd91c629,3db43fcd,bf7e55d2,bc49657a,bd91c629,3db43fcf,1

11363,192,128,5,-2245,163,15621,-4047,2453,-3275,bf7e56cc,bc4220ac,bd913e91,3db47517,bf7e56cc,bc4220af,bd913e92,3db47519,1

11364,184,128,5,-2313,139,15840,-4059,2491,-3202,bf7e5469,bc37cbc5,bd9173a2,3db54c44,bf7e5469,bc37cbc7,bd9173a3,3db54c46,1

11365,179,127,1,-2246,157,15656,-4103,2455,-3193,bf7e56ff,bc3e2a64,bd9113f8,3db49632,bf7e56fe,bc3e2a66,bd9113f9,3db49632,1

11366,181,124,4,-2264,204,15727,-4103,2455,-3193,bf7e583c,bc47ca96,bd90f637,3db41463,bf7e583b,bc47ca97,bd90f637,3db41463,1

11367,191,136,3,-2298,193,15721,-4057,2445,-3296,bf7e573e,bc4be285,bd91ae1b,3db3c7a1,bf7e573e,bc4be287,bd91ae1b,3db3c7a2,1

11368,189,131,7,-2289,172,15774,-4071,2503,-3184,bf7e552b,bc41a56d,bd9193d1,3db4c519,bf7e552a,bc41a56e,bd9193d1,3db4c519,1

11369,189,127,5,-2257,145,15645,-4071,2503,-3184,bf7e5363,bc3744d8,bd916546,3db5b5c2,bf7e5363,bc3744d8,bd916548,3db5b5c3,1

11370,184,122,3,-2252,230,15699,-4091,2503,-3234,bf7e5153,bc36af33,bd90d47e,3db6e383,bf7e5153,bc36af33,bd90d47f,3db6e384,1

11371,197,125,-3,-2279,183,15707,-4097,2469,-3227,bf7e508b,bc3d2944,bd91308e,3db6c557,bf7e508a,bc3d2943,bd91308f,3db6c557,1

11372,200,132,-2,-2293,134,15800,-4095,2471,-3261,bf7e4f85,bc3568c7,bd917c04,3db70415,bf7e4f85,bc3568c8,bd917c07,3db70416,1

11373,179,141,2,-2266,172,15626,-4095,2471,-3261,bf7e4eff,bc3a0840,bd918a34,3db71506,bf7e4eff,bc3a0842,bd918a35,3db71507,1

11374,176,137,-2,-2282,144,15698,-4083,2483,-3329,bf7e4d14,bc31d799,bd91a1ce,3db7ccc0,bf7e4d14,bc31d79a,bd91a1ce,3db7ccc1,1

11375,172,135,-7,-2268,173,15776,-4051,2473,-3166,bf7e4d5c,bc35963c,bd911742,3db81287,bf7e4d5d,bc35963f,bd911744,3db81289,1

11376,172,130,-1,-2297,148,15725,-4051,2473,-3166,bf7e4b0e,bc337698,bd91b956,3db86680,bf7e4b0d,bc337699,bd91b956,3db86680,1

11377,161,133,8,-2290,144,15791,-4065,2491,-3216,bf7e48fb,bc2c8ba5,bd91a569,3db9473c,bf7e48fc,bc2c8ba6,bd91a56a,3db9473e,1

11378,153,138,2,-2278,257,15708,-4089,2495,-3256,bf7e478f,bc376c9b,bd916de2,3db9c602,bf7e478f,bc376c9c,bd916de2,3db9c603,1

11379,169,134,4,-2256,189,15595,-4089,2495,-3256,bf7e4557,bc365f26,bd913808,3dbab5a0,bf7e4557,bc365f28,bd913809,3dbab5a1,1

11380,182,127,3,-2312,233,15867,-4067,2463,-3255,bf7e452e,bc41e8c9,bd916be4,3dba6d13,bf7e452d,bc41e8cb,bd916be5,3dba6d13,1

11381,186,128,6,-2278,80,15720,-4095,2467,-3243,bf7e4564,bc36c844,bd91a4ed,3dba5b15,bf7e4565,bc36c847,bd91a4ef,3dba5b17,1

11382,177,126,2,-2211,206,15547,-4095,2467,-3243,bf7e4792,bc40d8e2,bd90e97f,3dba05e5,bf7e4792,bc40d8e2,bd90e980,3dba05e6,1

11383,181,137,6,-2257,215,15712,-4081,2475,-3170,bf7e47ce,bc488f18,bd909159,3dba153e,bf7e47ce,bc488f18,bd90915a,3dba153f,1

11384,187,136,-1,-2267,155,15725,-4065,2457,-3282,bf7e4876,bc4560dd,bd90c53e,3db9c17b,bf7e4875,bc4560dd,bd90c53e,3db9c17b,1

11385,179,130,6,-2300,184,15783,-4123,2477,-3257,bf7e46bd,bc4679b6,bd9162bf,3db9d876,bf7e46be,bc4679b7,bd9162c2,3db9d878,1

11386,174,128,2,-2272,196,15713,-4123,2477,-3257,bf7e46a5,bc49cc2d,bd914272,3db9ec2f,bf7e46a4,bc49cc2d,bd914272,3db9ec2f,1

11387,170,123,-6,-2255,216,15709,-4069,2497,-3267,bf7e44f3,bc445cb3,bd90c7dd,3dbaf67c,bf7e44f2,bc445cb3,bd90c7de,3dbaf67c,1

11388,174,127,-7,-2309,199,15773,-4105,2519,-3175,bf7e415c,bc3e069e,bd9112bc,3dbc0e3a,bf7e415b,bc3e069f,bd9112be,3dbc0e3a,1

11389,193,124,-6,-2244,242,15691,-4105,2519,-3175,bf7e3f55,bc3dae46,bd90766f,3dbd3672,bf7e3f54,bc3dae48,bd907671,3dbd3673,1

11390,217,126,-1,-2276,32,15718,-4063,2439,-3248,bf7e413f,bc35d931,bd91194b,3dbc331a,bf7e4140,bc35d934,bd91194e,3dbc331d,1

11391,186,129,-2,-2259,264,15645,-4073,2421,-3235,bf7e42dd,bc41df3f,bd911984,3dbb7671,bf7e42de,bc41df42,bd911986,3dbb7674,1

11392,189,124,-5,-2255,126,15723,-4073,2421,-3235,bf7e4676,bc490713,bd91167f,3dba218b,bf7e4676,bc490715,bd911681,3dba218d,1

11393,184,118,1,-2252,189,15661,-4085,2423,-3211,bf7e4918,bc52cae1,bd911776,3db90f03,bf7e4917,bc52cae2,bd911778,3db90f05,1

11394,187,126,4,-2284,180,15770,-4077,2437,-3265,bf7e4b38,bc584db5,bd9159f1,3db8056a,bf7e4b37,bc584db7,bd9159f2,3db8056c,1

11395,189,120,4,-2271,154,15773,-4077,2437,-3265,bf7e4e8c,bc550cdb,bd914445,3db6fe46,bf7e4e8d,bc550ce0,bd914446,3db6fe49,1

11396,188,114,5,-2261,190,15664,-4095,2449,-3271,bf7e5062,bc5679d5,bd913c5f,3db65a5c,bf7e5062,bc5679d8,bd913c60,3db65a5f,1

11397,193,122,1,-2264,154,15656,-4061,2501,-3197,bf7e4eaf,bc4b1903,bd912bfb,3db7329b,bf7e4eb0,bc4b1907,bd912bfd,3db7329f,1

11398,189,118,0,-2296,200,15893,-4075,2479,-3296,bf7e4cf0,bc44be2a,bd910ba6,3db802e0,bf7e4cf0,bc44be2e,bd910ba5,3db802e4,1

11399,182,120,5,-2280,209,15743,-4075,2479,-3296,bf7e4ab2,bc43d15d,bd9111db,3db8c7ab,bf7e4ab2,bc43d164,bd9111db,3db8c7af,1

11400,194,123,6,-2246,198,15603,-4107,2467,-3251,bf7e4b87,bc4a7780,bd90df9e,3db888af,bf7e4b87,bc4a7788,bd90df9e,3db888b3,1

11401,198,117,5,-2282,124,15746,-4093,2461,-3322,bf7e4b29,bc407ecf,bd9142b6,3db88653,bf7e4b2a,bc407ed9,bd9142b7,3db88657,1

11402,185,121,2,-2273,205,15746,-4093,2461,-3322,bf7e4bcd,bc494216,bd9129d2,3db83c31,bf7e4bcc,bc49421e,bd9129cf,3db83c32,1

11403,179,125,3,-2253,225,15718,-4075,2453,-3268,bf7e4d79,bc52e39a,bd90c197,3db7cf20,bf7e4d79,bc52e3a2,bd90c195,3db7cf22,1

11404,193,125,-1,-2264,166,15714,-4079,2425,-3311,bf7e5060,bc582b4a,bd90ece2,3db69276,bf7e5060,bc582b4f,bd90ece2,3db69278,1

11405,203,127,3,-2277,169,15774,-4079,2425,-3311,bf7e5343,bc5af075,bd912326,3db55778,bf7e5342,bc5af079,bd912325,3db55779,1

11406,197,130,1,-2286,171,15701,-4087,2431,-3312,bf7e54bb,bc5a4f6a,bd91b8d9,3db45e4f,bf7e54bc,bc5a4f70,bd91b8d9,3db45e51,1

11407,200,124,0,-2286,157,15730,-4081,2475,-3278,bf7e538c,bc4e6cfe,bd91bf61,3db4fb84,bf7e538d,bc4e6d03,bd91bf61,3db4fb86,1

11408,202,123,4,-2283,83,15716,-4081,2475,-3278,bf7e52ac,bc417ba0,bd91d5bb,3db57131,bf7e52ad,bc417ba4,bd91d5bc,3db57133,1

11409,178,124,2,-2279,181,15769,-4095,2413,-3342,bf7e5516,bc4bacfa,bd91d532,3db46bd6,bf7e5515,bc4bacfb,bd91d532,3db46bd6,1

11410,178,130,-1,-2239,236,15670,-4111,2431,-3258,bf7e57ca,bc566d2f,bd9165aa,3db39f8f,bf7e57cb,bc566d32,bd9165ac,3db39f90,1

11411,190,124,6,-2258,121,15741,-4073,2437,-3281,bf7e59df,bc4b4827,bd912ed3,3db34351,bf7e59df,bc4b4828,bd912ed4,3db34352,1

11412,182,120,1,-2287,167,15761,-4073,2437,-3281,bf7e5aff,bc4cad2a,bd919b2d,3db27e7b,bf7e5aff,bc4cad2b,bd919b2e,3db27e7c,1

11413,172,122,-3,-2266,221,15722,-4095,2441,-3244,bf7e5ce9,bc55fa16,bd915c96,3db1d6d5,bf7e5ce9,bc55fa17,bd915c97,3db1d6d6,1

11414,192,121,1,-2273,156,15718,-4079,2493,-3268,bf7e5b5e,bc4a6dee,bd914ae4,3db2a801,bf7e5b5e,bc4a6def,bd914ae4,3db2a802,1

11415,192,126,6,-2289,138,15763,-4079,2493,-3268,bf7e5987,bc3f0777,bd9154e2,3db37973,bf7e5988,bc3f0779,bd9154e3,3db37975,1

11416,173,123,6,-2249,196,15715,-4137,2453,-3262,bf7e5bce,bc4826c9,bd90e459,3db2dd92,bf7e5bcf,bc4826ca,bd90e459,3db2dd94,1

11417,179,124,5,-2244,190,15721,-4095,2495,-3260,bf7e5a64,bc3f6090,bd907863,3db3db98,bf7e5a64,bc3f608f,bd907863,3db3db9a,1

11418,187,127,6,-2279,141,15735,-4095,2495,-3260,bf7e5817,bc351c68,bd909db9,3db4b789,bf7e5817,bc351c67,bd909db9,3db4b78b,1

11419,180,120,2,-2292,163,15731,-4129,2493,-3249,bf7e54db,bc3039c3,bd911bbb,3db588e2,bf7e54db,bc3039c4,bd911bbb,3db588e4,1

11420,175,121,2,-2264,214,15722,-4101,2465,-3265,bf7e553e,bc3b7442,bd90f923,3db55503,bf7e553d,bc3b7443,bd90f923,3db55504,1

11421,181,119,5,-2275,173,15728,-4101,2465,-3265,bf7e54bb,bc3e52a8,bd912ed5,3db54bac,bf7e54bb,bc3e52ab,bd912ed5,3db54bae,1

11422,189,119,6,-2284,140,15747,-4099,2517,-3278,bf7e5267,bc33d44e,bd913072,3db6452f,bf7e5267,bc33d451,bd913072,3db64531,1

11423,187,122,4,-2275,186,15710,-4063,2469,-3319,bf7e50fb,bc384942,bd914374,3db6a3a5,bf7e50f9,bc384944,bd914372,3db6a3a5,1

11424,180,124,3,-2256,177,15719,-4139,2497,-3278,bf7e4fa2,bc33f6d2,bd90cff7,3db787fe,bf7e4fa1,bc33f6d4,bd90cff7,3db787ff,1

11425,194,121,1,-2292,121,15727,-4139,2497,-3278,bf7e4d13,bc2b3669,bd91429b,3db8313d,bf7e4d13,bc2b366b,bd91429c,3db8313f,1

11426,176,122,3,-2282,163,15728,-4083,2475,-3180,bf7e4c4d,bc3208a7,bd917d80,3db82db5,bf7e4c4c,bc3208a8,bd917d81,3db82db6,1

11427,161,129,2,-2256,156,15746,-4121,2503,-3211,bf7e4b14,bc2c9ab1,bd90f576,3db9189d,bf7e4b13,bc2c9ab3,bd90f576,3db9189e,1

11428,167,125,3,-2273,188,15727,-4121,2503,-3211,bf7e488b,bc2f2b3a,bd90e81e,3db9f886,bf7e488a,bc2f2b3d,bd90e81d,3db9f887,1

11429,173,126,-1,-2284,182,15751,-4107,2479,-3239,bf7e47cd,bc37ccec,bd9126ce,3db9e710,bf7e47cd,bc37ccef,bd9126cf,3db9e712,1

11430,172,128,0,-2272,227,15721,-4061,2449,-3323,bf7e48a6,bc43d797,bd91230b,3db96e5c,bf7e48a6,bc43d79a,bd91230c,3db96e5e,1

11431,184,122,7,-2275,160,15712,-4061,2449,-3323,bf7e49a5,bc46fb58,bd916a30,3db8d147,bf7e49a4,bc46fb5b,bd916a2f,3db8d147,1

11432,189,119,6,-2279,162,15744,-4089,2453,-3259,bf7e4b3e,bc4985b2,bd919160,3db81aab,bf7e4b3d,bc4985b4,bd919160,3db81aab,1

11433,184,122,4,-2252,195,15725,-4101,2511,-3273,bf7e49af,bc40f27b,bd911c1e,3db924f0,bf7e49ae,bc40f27d,bd911c1e,3db924f0,1

11434,183,129,5,-2267,195,15738,-4101,2511,-3273,bf7e475a,bc39d72b,bd90d7ac,3dba43b2,bf7e475a,bc39d72e,bd90d7ad,3dba43b3,1

11435,193,122,3,-2261,176,15743,-4117,2461,-3246,bf7e492a,bc42c9c6,bd90c2a1,3db990f3,bf7e492a,bc42c9c9,bd90c2a1,3db990f4,1

11436,192,124,1,-2269,165,15739,-4071,2499,-3248,bf7e470e,bc399810,bd90ae66,3dba7e69,bf7e470f,bc399814,bd90ae67,3dba7e6b,1

11437,205,122,-1,-2258,185,15729,-4071,2499,-3248,bf7e44e8,bc3451b5,bd9068bb,3dbb83e1,bf7e44e9,bc3451b7,bd9068bc,3dbb83e2,1

11438,203,121,0,-2268,177,15717,-4083,2425,-3309,bf7e46b1,bc3ebfbb,bd9099b4,3dba9943,bf7e46b1,bc3ebfbd,bd9099b5,3dba9943,1

11439,206,121,3,-2277,130,15739,-4105,2529,-3320,bf7e445d,bc33b2bd,bd90a02f,3dbb8abe,bf7e445d,bc33b2bf,bd90a030,3dbb8abe,1

11440,197,119,5,-2270,179,15741,-4117,2515,-3244,bf7e4171,bc2eee35,bd909059,3dbca5e4,bf7e4170,bc2eee37,bd909059,3dbca5e3,1

11441,199,130,3,-2258,163,15729,-4117,2515,-3244,bf7e3f0e,bc29f8ee,bd9056d0,3dbdb0d4,bf7e3f0e,bc29f8f0,bd9056d2,3dbdb0d4,1

11442,198,130,2,-2277,175,15733,-4097,2487,-3301,bf7e3dc3,bc31c131,bd90a71c,3dbdc664,bf7e3dc4,bc31c134,bd90a71d,3dbdc665,1

11443,197,131,2,-2277,182,15722,-4089,2483,-3269,bf7e3cc9,bc393e3b,bd90e5f4,3dbdccf8,bf7e3cca,bc393e3d,bd90e5f4,3dbdccf9,1

11444,196,130,4,-2269,154,15722,-4089,2483,-3269,bf7e3c10,bc382a8c,bd90f192,3dbe06b2,bf7e3c11,bc382a8d,bd90f192,3dbe06b3,1

11445,192,130,-1,-2269,139,15725,-4109,2487,-3258,bf7e3b84,bc34c52c,bd90ff91,3dbe37e5,bf7e3b83,bc34c52b,bd90ff90,3dbe37e4,1

11446,185,126,3,-2273,133,15739,-4095,2479,-3203,bf7e3be9,bc35d1be,bd912ac2,3dbdf115,bf7e3be8,bc35d1bc,bd912ac2,3dbdf114,1

11447,172,124,1,-2272,177,15742,-4095,2479,-3203,bf7e3c6a,bc3e2bf5,bd911d53,3dbdaf9e,bf7e3c69,bc3e2bf4,bd911d53,3dbdaf9d,1

11448,176,127,5,-2257,179,15732,-4071,2495,-3294,bf7e3b13,bc397b52,bd90a6ae,3dbe8f37,bf7e3b13,bc397b53,bd90a6ae,3dbe8f37,1

11449,183,124,9,-2266,143,15731,-4091,2515,-3296,bf7e38c2,bc3070e3,bd9093b0,3dbf8530,bf7e38c2,bc3070e3,bd9093b0,3dbf8530,1

11450,178,126,4,-2279,174,15745,-4091,2515,-3296,bf7e3579,bc2d1895,bd90a7a1,3dc0985b,bf7e3579,bc2d1894,bd90a7a1,3dc0985b,1

11451,177,121,3,-2268,192,15727,-4077,2497,-3243,bf7e340a,bc34ddae,bd909fc0,3dc0fad4,bf7e3409,bc34ddac,bd909fbf,3dc0fad3,1

11452,195,126,5,-2265,155,15734,-4069,2497,-3248,bf7e3246,bc31f20e,bd908f09,3dc1a6e9,bf7e3245,bc31f20c,bd908f08,3dc1a6e8,1

11453,189,119,4,-2264,158,15679,-4081,2533,-3237,bf7e2f2c,bc2a91df,bd90868d,3dc2cb60,bf7e2f2c,bc2a91dd,bd90868c,3dc2cb60,1

11454,187,121,2,-2275,163,15711,-4081,2533,-3237,bf7e2b9c,bc258e9f,bd90961c,3dc3f9a5,bf7e2b9c,bc258e9d,bd90961c,3dc3f9a5,1

11455,188,125,2,-2289,154,15767,-4107,2485,-3286,bf7e2bb9,bc2f9166,bd90f5aa,3dc386c7,bf7e2bb9,bc2f9165,bd90f5aa,3dc386c7,1

11456,179,124,5,-2267,183,15770,-4097,2459,-3293,bf7e2d8b,bc3b0a69,bd90ec99,3dc2cb26,bf7e2d8c,bc3b0a69,bd90ec9a,3dc2cb27,1

11457,173,125,5,-2240,190,15572,-4097,2459,-3293,bf7e2f60,bc463d2e,bd90e239,3dc20d25,bf7e2f5f,bc463d2d,bd90e238,3dc20d25,1

11458,193,117,2,-2250,70,15463,-4077,2471,-3258,bf7e2f44,bc3bcdc3,bd917340,3dc1d312,bf7e2f45,bc3bcdc5,bd917341,3dc1d313,1

11459,183,117,1,-2279,129,15700,-4037,2509,-3145,bf7e2cf8,bc3293b8,bd917d39,3dc2af22,bf7e2cf8,bc3293b9,bd917d38,3dc2af22,1

11460,177,129,-2,-2273,249,15751,-4037,2509,-3145,bf7e2b49,bc3aba4c,bd9119a3,3dc36743,bf7e2b49,bc3aba4d,bd9119a2,3dc36743,1

11461,192,123,4,-2268,142,15592,-4075,2489,-3163,bf7e2a4a,bc3ac7d1,bd91913b,3dc3606c,bf7e2a4b,bc3ac7d3,bd91913b,3dc3606d,1

11462,188,119,1,-2263,193,15760,-4095,2493,-3246,bf7e2b0b,bc41fc18,bd9108a5,3dc36bb6,bf7e2b0c,bc41fc18,bd9108a3,3dc36bb7,1

11463,174,118,1,-2279,195,15715,-4095,2493,-3246,bf7e29f5,bc47a641,bd9130ab,3dc3915d,bf7e29f5,bc47a640,bd9130a9,3dc3915d,1

11464,180,119,6,-2248,191,15711,-4121,2449,-3201,bf7e2cdf,bc51ceb6,bd910809,3dc2917e,bf7e2ce0,bc51ceb6,bd910808,3dc2917f,1

11465,185,116,3,-2305,101,15757,-4083,2507,-3285,bf7e2af0,bc46195b,bd915672,3dc32a7e,bf7e2af0,bc46195a,bd91566f,3dc32a7f,1

11466,176,122,0,-2293,222,15790,-4103,2433,-3275,bf7e2cd2,bc516cf0,bd9174cf,3dc246a5,bf7e2cd2,bc516cef,bd9174cc,3dc246a6,1

11467,176,123,1,-2263,204,15699,-4103,2433,-3275,bf7e2f7c,bc5bc152,bd916bde,3dc13fad,bf7e2f7d,bc5bc152,bd916bdc,3dc13fae,1

11468,193,123,1,-2263,139,15692,-4065,2479,-3230,bf7e2f89,bc5031d5,bd914dcf,3dc1855b,bf7e2f8a,bc5031d6,bd914dcc,3dc1855c,1

11469,197,125,0,-2287,138,15747,-4099,2465,-3253,bf7e3127,bc4d4961,bd91b6f4,3dc0ba5e,bf7e3127,bc4d4961,bd91b6f0,3dc0ba5f,1

11470,184,121,-1,-2254,199,15712,-4099,2465,-3253,bf7e33fb,bc556be1,bd91385f,3dc007b0,bf7e33fa,bc556be2,bd91385c,3dc007af,1

11471,180,119,3,-2253,187,15714,-4111,2473,-3313,bf7e3616,bc548f07,bd90a8fb,3dbfc505,bf7e3617,bc548f0a,bd90a8fa,3dbfc505,1

11472,195,123,2,-2260,120,15718,-4135,2451,-3284,bf7e39a5,bc526039,bd90da07,3dbe7aa3,bf7e39a5,bc526039,bd90da06,3dbe7aa2,1

11473,188,123,1,-2284,137,15767,-4135,2451,-3284,bf7e3c32,bc535fbe,bd914cd1,3dbd4436,bf7e3c31,bc535fbc,bd914cd1,3dbd4434,1

11474,174,120,3,-2268,192,15724,-4157,2477,-3253,bf7e3db9,bc556e25,bd911f3a,3dbcda00,bf7e3db8,bc556e23,bd911f39,3dbcd9fe,1

11475,186,126,3,-2266,159,15720,-4103,2451,-3218,bf7e40e3,bc5688af,bd912980,3dbbbbdf,bf7e40e4,bc5688af,bd912981,3dbbbbde,1

11476,186,124,6,-2276,139,15744,-4103,2451,-3218,bf7e435f,bc520110,bd9164ea,3dbaca20,bf7e435e,bc52010b,bd9164e9,3dbaca1e,1

11477,171,120,3,-2280,178,15736,-4113,2511,-3308,bf7e4153,bc483467,bd914fb7,3dbbb76f,bf7e4153,bc483463,bd914fb8,3dbbb76e,1

11478,174,125,0,-2265,172,15725,-4097,2429,-3285,bf7e4423,bc5183f9,bd914de1,3dba9b83,bf7e4423,bc5183f6,bd914de1,3dba9b82,1

11479,191,121,3,-2283,142,15744,-4117,2441,-3288,bf7e46d6,bc52f42c,bd91a9d9,3db961b8,bf7e46d5,bc52f429,bd91a9d9,3db961b6,1

11480,181,119,1,-2270,178,15736,-4117,2441,-3288,bf7e4a07,bc58e783,bd918eae,3db84279,bf7e4a07,bc58e782,bd918eaf,3db84278,1

11481,175,120,4,-2272,117,15730,-4095,2497,-3256,bf7e48e3,bc4cf4c4,bd917bac,3db8ec12,bf7e48e4,bc4cf4c3,bd917bae,3db8ec11,1

11482,160,123,5,-2278,202,15732,-4077,2459,-3288,bf7e4950,bc5186cb,bd91702a,3db8bb44,bf7e494f,bc5186c5,bd91702b,3db8bb41,1

11483,166,119,0,-2256,186,15733,-4077,2459,-3288,bf7e4b17,bc4ede28,bd90cf04,3db8a935,bf7e4b17,bc4ede23,bd90cf06,3db8a933,1

11484,175,129,5,-2255,152,15720,-4123,2529,-3295,bf7e4956,bc442e40,bd909c13,3db999cf,bf7e4957,bc442e3d,bd909c16,3db999ce,1

11485,177,122,4,-2273,162,15740,-4113,2419,-3327,bf7e4b9d,bc4d7bab,bd90d618,3db87c4d,bf7e4b9c,bc4d7ba8,bd90d619,3db87c4b,1

11486,176,122,4,-2275,192,15752,-4113,2419,-3327,bf7e4dd3,bc5736e5,bd90fdcc,3db76c61,bf7e4dd4,bc5736e3,bd90fdce,3db76c61,1

11487,184,127,4,-2262,207,15724,-4107,2465,-3277,bf7e4e43,bc5459b2,bd90afec,3db79082,bf7e4e43,bc5459b0,bd90afec,3db79082,1

11488,196,120,2,-2276,147,15739,-4097,2447,-3303,bf7e4f55,bc4dd5e8,bd911b77,3db6f9f4,bf7e4f54,bc4dd5e5,bd911b77,3db6f9f4,1

11489,189,120,-1,-2273,175,15731,-4097,2447,-3303,bf7e5111,bc503b5a,bd914282,3db63566,bf7e5111,bc503b5a,bd914284,3db63567,1

11490,193,119,-2,-2259,169,15734,-4093,2517,-3310,bf7e4f71,bc456782,bd910811,3db724d4,bf7e4f71,bc456782,bd910813,3db724d5,1

11491,201,124,2,-2295,137,15741,-4061,2475,-3138,bf7e4d91,bc3bc81a,bd91758f,3db79d23,bf7e4d91,bc3bc818,bd917590,3db79d24,1

11492,186,119,2,-2274,180,15723,-4167,2505,-3224,bf7e4b78,bc374988,bd915175,3db88535,bf7e4b78,bc374987,bd915176,3db88536,1

11493,188,124,-1,-2274,150,15753,-4167,2505,-3224,bf7e49c7,bc307cdb,bd9131e5,3db94d30,bf7e49c6,bc307cda,bd9131e4,3db94d30,1

11494,192,125,-1,-2255,199,15726,-4141,2447,-3279,bf7e4bcf,bc3bb8c9,bd9110fb,3db88822,bf7e4bcf,bc3bb8c9,bd9110fb,3db88823,1

11495,192,124,1,-2277,110,15745,-4117,2457,-3233,bf7e4d8e,bc3970b1,bd916f5c,3db7ac6c,bf7e4d8e,bc3970b1,bd916f5b,3db7ac6c,1

11496,183,130,3,-2266,203,15749,-4117,2457,-3233,bf7e4f3d,bc441a05,bd913ad6,3db71420,bf7e4f3d,bc441a05,bd913ad5,3db71420,1

11497,193,133,-1,-2253,178,15723,-4127,2493,-3204,bf7e4e6f,bc3d200a,bd90bcb6,3db7dcb5,bf7e4e6f,bc3d200a,bd90bcb5,3db7dcb5,1

11498,204,133,-5,-2276,162,15727,-4147,2471,-3255,bf7e4ea9,bc3ffeaf,bd911743,3db774f7,bf7e4ea8,bc3ffeaf,bd911740,3db774f6,1

11499,205,131,-3,-2266,127,15726,-4147,2471,-3255,bf7e4f9f,bc390943,bd911cfe,3db73822,bf7e4f9f,bc390943,bd911cfc,3db73822,1

11500,193,139,-1,-2261,144,15744,-4065,2487,-3223,bf7e4e64,bc3025ee,bd90d21d,3db8031a,bf7e4e64,bc3025ee,bd90d21b,3db8031a,1

11501,186,136,-2,-2254,165,15724,-4107,2489,-3283,bf7e4d53,bc2eabb5,bd906cae,3db8b673,bf7e4d53,bc2eabb6,bd906cac,3db8b673,1

11502,186,133,7,-2268,136,15751,-4107,2489,-3283,bf7e4b79,bc294b1a,bd908337,3db95b94,bf7e4b78,bc294b1b,bd908336,3db95b93,1

11503,171,126,7,-2274,169,15732,-4117,2479,-3214,bf7e4aff,bc325098,bd90c4ed,3db93076,bf7e4afe,bc325097,bd90c4ed,3db93075,1

11504,162,123,4,-2264,156,15721,-4081,2427,-3267,bf7e4d1c,bc3ced4d,bd90e143,3db835c6,bf7e4d1c,bc3ced4c,bd90e145,3db835c6,1

11505,166,120,4,-2291,138,15726,-4131,2465,-3259,bf7e4cc6,bc3d85a8,bd91a03d,3db7ba25,bf7e4cc6,bc3d85a8,bd91a03d,3db7ba25,1

11506,172,125,9,-2275,176,15737,-4131,2465,-3259,bf7e4e0b,bc447b1f,bd918964,3db73ec8,bf7e4e0b,bc447b20,bd918963,3db73ec8,1

11507,180,127,5,-2267,164,15722,-4107,2461,-3171,bf7e5007,bc466a93,bd915738,3db6ad98,bf7e5007,bc466a94,bd915737,3db6ad98,1

11508,191,130,5,-2264,151,15731,-4073,2489,-3284,bf7e4eb7,bc3be467,bd911da9,3db77c11,bf7e4eb7,bc3be46a,bd911da7,3db77c12,1

11509,177,123,0,-2280,164,15756,-4073,2489,-3284,bf7e4c7f,bc346ffa,bd911c69,3db85f81,bf7e4c7f,bc346ffd,bd911c68,3db85f82,1

11510,176,126,2,-2259,179,15718,-4065,2493,-3308,bf7e4a8a,bc2ff64e,bd90c068,3db96540,bf7e4a8a,bc2ff650,bd90c068,3db96542,1

11511,179,128,7,-2279,154,15721,-4115,2455,-3283,bf7e4b82,bc393f48,bd911921,3db8a651,bf7e4b82,bc393f49,bd911922,3db8a653,1

11512,181,123,6,-2276,174,15774,-4115,2455,-3283,bf7e4d07,bc42788b,bd9126b9,3db7ef46,bf7e4d07,bc42788d,bd9126b8,3db7ef48,1

11513,176,126,4,-2285,174,15726,-4085,2501,-3284,bf7e4a6a,bc3a04f8,bd91351d,3db8ed6e,bf7e4a6b,bc3a04fb,bd91351d,3db8ed71,1

11514,176,130,2,-2263,195,15698,-4135,2521,-3232,bf7e47d9,bc3472cf,bd90ee83,3dba1bf1,bf7e47da,bc3472d2,bd90ee83,3dba1bf3,1

11515,179,126,-2,-2269,113,15736,-4135,2521,-3232,bf7e45d2,bc2a642b,bd90e059,3dbafd85,bf7e45d2,bc2a642c,bd90e059,3dbafd86,1

11516,173,125,-6,-2258,192,15717,-4047,2465,-3229,bf7e468e,bc359f78,bd90bb47,3dbaafce,bf7e468f,bc359f7a,bd90bb47,3dbaafcf,1

11517,187,125,-1,-2261,184,15759,-4085,2479,-3291,bf7e464a,bc3a9548,bd906ed0,3dbaee78,bf7e464a,bc3a9549,bd906ece,3dbaee78,1

11518,183,125,-2,-2283,177,15755,-4085,2477,-3258,bf7e44b5,bc3dac9c,bd90df44,3dbb14b9,bf7e44b6,bc3dac9d,bd90df44,3dbb14ba,1

11519,182,121,3,-2280,174,15766,-4085,2477,-3258,bf7e439f,bc3ea5d3,bd9109fc,3dbb4e16,bf7e439e,bc3ea5d2,bd9109fb,3dbb4e16,1

11520,192,127,1,-2258,161,15723,-4107,2469,-3320,bf7e4513,bc40dd52,bd90c1a6,3dbafebe,bf7e4512,bc40dd54,bd90c1a6,3dbafebe,1

11521,196,118,2,-2242,140,15656,-4121,2447,-3231,bf7e4863,bc46f66c,bd90b4ce,3db9cdfb,bf7e4863,bc46f66e,bd90b4cf,3db9cdfc,1

11522,194,127,0,-2270,156,15682,-4121,2447,-3231,bf7e4a69,bc4cc488,bd911436,3db8b86f,bf7e4a6a,bc4cc48a,bd911438,3db8b871,1

11523,199,121,1,-2259,157,15772,-4111,2475,-3269,bf7e4acb,bc4383d8,bd90b3b3,3db90a4a,bf7e4aca,bc4383da,bd90b3b2,3db90a4b,1

11524,189,121,0,-2285,173,15780,-4123,2447,-3336,bf7e4c2e,bc4b5a39,bd910ed2,3db826da,bf7e4c2f,bc4b5a3b,bd910ed3,3db826dc,1

11525,183,117,4,-2240,195,15677,-4123,2447,-3336,bf7e4f11,bc5370bc,bd90a6ec,3db75452,bf7e4f12,bc5370be,bd90a6ed,3db75454,1

11526,189,128,0,-2280,164,15773,-4091,2505,-3319,bf7e4d2c,bc486218,bd90a277,3db83154,bf7e4d2d,bc486219,bd90a278,3db83156,1

11527,188,127,2,-2275,163,15712,-4121,2451,-3255,bf7e4e92,bc4cad01,bd91139f,3db74941,bf7e4e92,bc4cad00,bd9113a1,3db74942,1

11528,193,129,2,-2261,146,15750,-4121,2451,-3255,bf7e51ab,bc49fa49,bd90e55a,3db66626,bf7e51ac,bc49fa4a,bd90e55d,3db66626,1

11529,192,128,3,-2259,178,15723,-4115,2435,-3267,bf7e5471,bc51b6f0,bd90dcde,3db5515a,bf7e5472,bc51b6f0,bd90dce1,3db5515a,1

11530,191,125,-3,-2258,141,15739,-4103,2409,-3328,bf7e582d,bc56c0fb,bd90e6ce,3db3e1b7,bf7e582d,bc56c0f9,bd90e6cf,3db3e1b6,1

11531,189,120,1,-2270,154,15732,-4081,2489,-3250,bf7e56b0,bc4b3669,bd90de28,3db4a440,bf7e56b1,bc4b3667,bd90de2a,3db4a440,1

11532,187,125,5,-2276,153,15727,-4081,2489,-3250,bf7e54d0,bc407808,bd90e94a,3db572e6,bf7e54d0,bc407806,bd90e94b,3db572e6,1

11533,196,123,2,-2260,129,15727,-4097,2465,-3355,bf7e54b7,bc369d48,bd90d36a,3db5b5b5,bf7e54b7,bc369d46,bd90d36c,3db5b5b5,1

11534,192,120,3,-2264,160,15711,-4133,2437,-3297,bf7e56c3,bc3ff0d4,bd90f72c,3db4baf3,bf7e56c4,bc3ff0d3,bd90f72f,3db4baf4,1

11535,177,121,9,-2258,122,15730,-4133,2437,-3297,bf7e5a21,bc42cb12,bd90fc85,3db37a47,bf7e5a20,bc42cb0f,bd90fc87,3db37a46,1

11536,169,132,9,-2271,176,15726,-4127,2459,-3305,bf7e5a75,bc44c901,bd91147b,3db34000,bf7e5a75,bc44c8ff,bd91147b,3db34000,1

11537,166,123,6,-2247,144,15632,-4083,2449,-3269,bf7e5be5,bc3fb213,bd90f18d,3db2efeb,bf7e5be5,bc3fb211,bd90f18d,3db2efeb,1

11538,175,121,5,-2271,162,15712,-4083,2449,-3269,bf7e5c64,bc416b53,bd913503,3db28449,bf7e5c64,bc416b52,bd913503,3db28449,1

11539,171,128,7,-2277,140,15747,-4079,2477,-3301,bf7e5ad9,bc3731a8,bd9132f7,3db33dab,bf7e5ada,bc3731a7,bd9132f8,3db33dac,1

11540,160,130,7,-2267,197,15778,-4127,2467,-3305,bf7e5b50,bc3f0d72,bd90d500,3db33ec5,bf7e5b4f,bc3f0d70,bd90d4fe,3db33ec5,1

11541,156,136,2,-2247,214,15683,-4127,2467,-3305,bf7e5bc1,bc46b656,bd90611d,3db3530e,bf7e5bc1,bc46b657,bd90611d,3db3530e,1

11542,171,123,7,-2284,151,15783,-4107,2483,-3299,bf7e59b2,bc3cbf8c,bd9094a7,3db40ec9,bf7e59b3,bc3cbf8c,bd9094a8,3db40eca,1

11543,167,126,7,-2283,160,15734,-4107,2473,-3303,bf7e577a,bc37ce2a,bd910628,3db49076,bf7e5779,bc37ce2a,bd910628,3db49076,1

11544,169,130,2,-2265,189,15737,-4091,2445,-3193,bf7e592b,bc424885,bd90f8c3,3db3d634,bf7e592c,bc424887,bd90f8c4,3db3d635,1

11545,182,127,-2,-2260,175,15725,-4091,2445,-3193,bf7e5b6f,bc48daa0,bd90de80,3db30089,bf7e5b70,bc48daa2,bd90de81,3db3008a,1

11546,184,119,-2,-2277,151,15735,-4131,2477,-3225,bf7e5a16,bc3f1f38,bd910c3a,3db380ff,bf7e5a16,bc3f1f39,bd910c3b,3db38100,1

11547,172,133,0,-2266,182,15736,-4135,2459,-3304,bf7e5b30,bc44d96e,bd90ec86,3db31e29,bf7e5b2f,bc44d96f,bd90ec86,3db31e29,1

11548,179,125,4,-2266,171,15720,-4135,2459,-3304,bf7e5bcf,bc446af7,bd90f5f2,3db2df86,bf7e5bce,bc446af7,bd90f5f2,3db2df86,1

11549,190,120,3,-2254,133,15746,-4101,2487,-3293,bf7e5ac6,bc392f47,bd90bd6b,3db39aa7,bf7e5ac7,bc392f49,bd90bd6c,3db39aa9,1

11550,186,122,4,-2270,198,15729,-4095,2433,-3299,bf7e5c1d,bc43e876,bd90df43,3db2d884,bf7e5c1d,bc43e877,bd90df42,3db2d885,1

11551,184,125,1,-2256,179,15742,-4095,2433,-3299,bf7e5ebd,bc4bcfca,bd90b5c2,3db1e6f5,bf7e5ebd,bc4bcfcb,bd90b5c1,3db1e6f6,1

11552,182,132,1,-2257,191,15745,-4103,2481,-3234,bf7e5d73,bc4358ae,bd9068bf,3db2c0dd,bf7e5d73,bc4358b0,bd9068bd,3db2c0dd,1

11553,193,132,5,-2266,155,15734,-4081,2471,-3271,bf7e5bf9,bc39e40b,bd907892,3db362d5,bf7e5bf9,bc39e40d,bd907890,3db362d5,1

11554,199,123,3,-2255,155,15720,-4081,2471,-3271,bf7e5adf,bc32f398,bd905b9b,3db3fa6a,bf7e5adf,bc32f39a,bd905b9a,3db3fa6a,1

11555,203,119,0,-2275,142,15726,-4129,2471,-3269,bf7e598a,bc310e99,bd90e7f9,3db4095d,bf7e5989,bc310e99,bd90e7f8,3db4095c,1

11556,200,124,4,-2276,165,15759,-4137,2439,-3290,bf7e5b39,bc3ac1bc,bd911398,3db3266b,bf7e5b3a,bc3ac1bd,bd911399,3db3266b,1

11557,191,127,5,-2279,160,15725,-4067,2449,-3244,bf7e5b68,bc3dc43f,bd916dfd,3db2bf60,bf7e5b68,bc3dc43e,bd916dfe,3db2bf5f,1

11558,196,120,6,-2263,157,15724,-4067,2449,-3244,bf7e5cef,bc3d8ac5,bd912d17,3db26a1f,bf7e5cef,bc3d8ac4,bd912d18,3db26a1e,1

11559,196,126,4,-2273,173,15747,-4095,2421,-3292,bf7e5f18,bc46c209,bd914568,3db16804,bf7e5f18,bc46c208,bd914569,3db16803,1

11560,195,119,2,-2265,176,15696,-4119,2467,-3321,bf7e5e44,bc3fa806,bd91288b,3db1eb4e,bf7e5e43,bc3fa803,bd91288b,3db1eb4d,1

11561,198,122,2,-2256,187,15746,-4119,2467,-3321,bf7e5e84,bc3e2b21,bd9098f4,3db24f49,bf7e5e84,bc3e2b20,bd9098f4,3db24f49,1

11562,201,124,-2,-2270,140,15821,-4059,2503,-3297,bf7e5cbe,bc3319cb,bd9076ad,3db339ff,bf7e5cbe,bc3319ca,bd9076ad,3db339ff,1

11563,198,124,-2,-2267,189,15681,-4081,2457,-3298,bf7e5c2f,bc3b3076,bd90c2c1,3db30e71,bf7e5c2f,bc3b3075,bd90c2c1,3db30e71,1

11564,203,125,-3,-2264,136,15665,-4081,2457,-3298,bf7e5b9a,bc34c400,bd9114a6,3db31ba4,bf7e5b99,bc34c3ff,bd9114a6,3db31ba3,1

11565,211,122,0,-2291,76,15755,-4109,2457,-3328,bf7e5b13,bc2a5d73,bd919f24,3db303a9,bf7e5b13,bc2a5d71,bd919f24,3db303a9,1

11566,196,121,1,-2283,199,15868,-4107,2499,-3309,bf7e58fe,bc28d546,bd9127ef,3db426fa,bf7e58fd,bc28d543,bd9127ee,3db426f9,1

11567,185,124,0,-2256,205,15698,-4107,2499,-3309,bf7e56cc,bc2a41bb,bd90be7e,3db53bd1,bf7e56cc,bc2a41b9,bd90be7f,3db53bd1,1

11568,198,122,3,-2265,90,15691,-4095,2487,-3301,bf7e5510,bc1fb6be,bd90e34a,3db5e011,bf7e5510,bc1fb6bb,bd90e34a,3db5e011,1

11569,179,122,10,-2317,116,15817,-4095,2463,-3286,bf7e53b9,bc2498ab,bd91cd37,3db58bf0,bf7e53b9,bc2498aa,bd91cd37,3db58bf0,1

11570,156,128,3,-2241,191,15711,-4093,2447,-3284,bf7e55d3,bc30a075,bd915f1f,3db4fa92,bf7e55d3,bc30a074,bd915f1e,3db4fa92,1

11571,175,131,7,-2257,169,15747,-4093,2447,-3284,bf7e5800,bc3a7ce2,bd910fe5,3db44e0c,bf7e5801,bc3a7ce2,bd910fe4,3db44e0c,1

11572,178,129,2,-2261,124,15739,-4105,2497,-3334,bf7e5690,bc2fd64c,bd90e296,3db51e5b,bf7e5691,bc2fd64c,bd90e296,3db51e5b,1

11573,169,133,2,-2251,217,15736,-4087,2503,-3308,bf7e546b,bc2ec6fc,bd90550c,3db65378,bf7e546b,bc2ec6fb,bd90550c,3db65377,1

11574,171,130,2,-2253,186,15713,-4087,2503,-3308,bf7e51ce,bc2aafd7,bd901504,3db77dec,bf7e51cd,bc2aafd5,bd901505,3db77deb,1

11575,181,123,3,-2277,139,15737,-4075,2505,-3245,bf7e4eab,bc231dea,bd904e7c,3db881d5,bf7e4eaa,bc231de8,bd904e7e,3db881d4,1

11576,191,123,-1,-2278,177,15718,-4079,2523,-3262,bf7e4aeb,bc1e6227,bd906b23,3db9c59e,bf7e4aec,bc1e6226,bd906b25,3db9c59e,1

11577,198,125,6,-2254,123,15719,-4079,2523,-3262,bf7e484b,bc161b35,bd9044f2,3dbae465,bf7e484b,bc161b33,bd9044f3,3dbae464,1

11578,197,128,1,-2271,168,15717,-4105,2529,-3367,bf7e4488,bc13de13,bd904f7b,3dbc2973,bf7e4488,bc13de11,bd904f7a,3dbc2972,1

11579,196,121,0,-2285,176,15762,-4091,2495,-3375,bf7e42a0,bc1d602e,bd90a083,3dbc710d,bf7e42a0,bc1d602b,bd90a082,3dbc710c,1

11580,191,123,-5,-2263,151,15685,-4091,2495,-3375,bf7e40a1,bc21c43e,bd90b84a,3dbcfc25,bf7e40a1,bc21c43b,bd90b84a,3dbcfc24,1

11581,197,119,-5,-2257,179,15681,-4065,2499,-3211,bf7e3ec3,bc276537,bd909710,3dbda28b,bf7e3ec3,bc276532,bd909710,3dbda28a,1

11582,209,120,1,-2294,142,15767,-4087,2481,-3217,bf7e3da9,bc2d37a3,bd913808,3dbd70a3,bf7e3da8,bc2d379e,bd913807,3dbd70a1,1

11583,206,124,0,-2278,129,15778,-4107,2479,-3239,bf7e3e6b,bc308016,bd914dac,3dbd12ec,bf7e3e6c,bc308011,bd914dae,3dbd12ec,1

11584,212,117,2,-2264,193,15698,-4107,2479,-3239,bf7e3f00,bc3a51c3,bd9132cb,3dbccff5,bf7e3f00,bc3a51bf,bd9132cc,3dbccff5,1

11585,210,122,-5,-2271,124,15725,-4091,2479,-3287,bf7e3eb4,bc32fe75,bd9144bc,3dbcf80e,bf7e3eb5,bc32fe73,bd9144be,3dbcf80e,1

11586,209,134,-12,-2279,142,15753,-4129,2487,-3272,bf7e3e7e,bc33284e,bd915b4c,3dbcf878,bf7e3e7e,bc33284d,bd915b4b,3dbcf878,1

11587,207,137,-14,-2258,127,15716,-4129,2487,-3272,bf7e3f60,bc2f95a0,bd90fe63,3dbd0098,bf7e3f60,bc2f959f,bd90fe62,3dbd0098,1

11588,204,137,-10,-2276,113,15744,-4093,2505,-3314,bf7e3d78,bc25e5da,bd9102c3,3dbdc42e,bf7e3d78,bc25e5da,bd9102c3,3dbdc42e,1

11589,189,131,-7,-2267,156,15751,-4085,2509,-3227,bf7e3b46,bc24252d,bd90c2d8,3dbeb701,bf7e3b45,bc24252d,bd90c2d9,3dbeb700,1

11590,189,132,-4,-2272,157,15747,-4085,2509,-3227,bf7e38b6,bc2430b4,bd90b5ef,3dbf9aa3,bf7e38b5,bc2430b4,bd90b5f1,3dbf9aa2,1

11591,182,132,-1,-2256,156,15719,-4115,2487,-3210,bf7e399f,bc2e0a9e,bd9096bc,3dbf4217,bf7e399e,bc2e0a9e,bd9096bd,3dbf4216,1

11592,190,136,6,-2262,114,15725,-4103,2495,-3278,bf7e3886,bc27ff14,bd909c11,3dbfb135,bf7e3886,bc27ff15,bd909c14,3dbfb135,1

11593,186,126,6,-2266,130,15727,-4103,2495,-3278,bf7e3750,bc28b092,bd90b94b,3dbfff3e,bf7e3750,bc28b093,bd90b94d,3dbfff3e,1

11594,177,126,6,-2263,139,15724,-4085,2465,-3271,bf7e38e0,bc328017,bd90cf3a,3dbf4662,bf7e38e0,bc328018,bd90cf3b,3dbf4662,1

11595,172,127,7,-2257,130,15738,-4101,2457,-3319,bf7e3b77,bc3ac61d,bd90c318,3dbe5370,bf7e3b76,bc3ac61d,bd90c318,3dbe536f,1

11596,176,124,3,-2269,101,15719,-4089,2459,-3246,bf7e3d7d,bc3a3033,bd912542,3dbd5cba,bf7e3d7e,bc3a3034,bd912542,3dbd5cba,1

11597,166,128,2,-2276,177,15750,-4089,2459,-3246,bf7e3efb,bc4439c9,bd9135bd,3dbca74a,bf7e3efa,bc4439c8,bd9135bd,3dbca749,1

11598,154,123,0,-2258,182,15744,-4079,2441,-3308,bf7e41a6,bc4e60bc,bd9103e7,3dbbbbec,bf7e41a7,bc4e60be,bd9103ea,3dbbbbec,1

11599,169,125,3,-2261,157,15732,-4075,2485,-3285,bf7e40ba,bc448bcf,bd90cd16,3dbc5fd2,bf7e40b9,bc448bcf,bd90cd17,3dbc5fd0,1

11600,175,124,6,-2258,163,15729,-4075,2485,-3285,bf7e3fb7,bc3d50f6,bd908c60,3dbd061f,bf7e3fb7,bc3d50f7,bd908c62,3dbd061e,1

11601,173,125,4,-2265,135,15744,-4095,2415,-3315,bf7e4268,bc469257,bd90b3c2,3dbbd97e,bf7e4269,bc46925a,bd90b3c3,3dbbd97d,1

11602,181,121,6,-2279,172,15726,-4125,2475,-3299,bf7e41c4,bc4705c1,bd911fec,3dbbbb89,bf7e41c3,bc4705c2,bd911feb,3dbbbb87,1

11603,180,125,4,-2276,150,15723,-4125,2475,-3299,bf7e41b0,bc421f95,bd915466,3dbbae38,bf7e41b0,bc421f95,bd915466,3dbbae37,1

11604,178,129,2,-2258,135,15736,-4039,2469,-3256,bf7e4218,bc39c46c,bd90f3d5,3dbbf72e,bf7e4218,bc39c46b,bd90f3d5,3dbbf72e,1

11605,177,121,2,-2256,155,15726,-4105,2475,-3253,bf7e4351,bc3c6a8a,bd90a963,3dbbbc57,bf7e4351,bc3c6a89,bd90a964,3dbbbc57,1

11606,180,125,1,-2267,146,15725,-4105,2475,-3253,bf7e4365,bc3b5952,bd90d63c,3dbb975e,bf7e4364,bc3b5950,bd90d63d,3dbb975d,1

11607,177,124,3,-2269,158,15736,-4061,2511,-3281,bf7e4106,bc327ef7,bd90b988,3dbc9ce0,bf7e4105,bc327ef6,bd90b989,3dbc9cdf,1

11608,183,128,9,-2257,170,15733,-4093,2479,-3257,bf7e4174,bc39389a,bd907d8b,3dbc8bff,bf7e4173,bc393899,bd907d8b,3dbc8bfe,1

11609,188,130,5,-2274,136,15744,-4101,2519,-3263,bf7e3efd,bc2f8e6a,bd908318,3dbd80ac,bf7e3efc,bc2f8e69,bd908318,3dbd80ab,1

11610,192,136,7,-2280,140,15742,-4101,2519,-3263,bf7e3c07,bc27a046,bd909eb2,3dbe8592,bf7e3c08,bc27a046,bd909eb3,3dbe8592,1

11611,188,124,9,-2265,145,15726,-4099,2475,-3306,bf7e3cab,bc306af4,bd90bf04,3dbe16d6,bf7e3cab,bc306af2,bd90bf05,3dbe16d5,1

11612,178,126,6,-2263,162,15718,-4113,2481,-3273,bf7e3d17,bc38432e,bd90bfb1,3dbdd3e8,bf7e3d19,bc38432e,bd90bfb2,3dbdd3e9,1

11613,184,121,5,-2263,122,15752,-4113,2481,-3273,bf7e3d96,bc339da2,bd90b8b1,3dbdc103,bf7e3d95,bc339d9f,bd90b8ae,3dbdc101,1

11614,176,119,7,-2273,166,15736,-4083,2465,-3296,bf7e3e45,bc3ce496,bd90ed4f,3dbd3a2b,bf7e3e45,bc3ce495,bd90ed4c,3dbd3a2a,1

11615,181,124,6,-2250,161,15724,-4115,2521,-3163,bf7e3c68,bc34e90e,bd9091d5,3dbe3eab,bf7e3c68,bc34e90d,bd9091d2,3dbe3eaa,1

11616,187,128,4,-2264,144,15725,-4115,2521,-3163,bf7e39f2,bc2d2111,bd907f13,3dbf3bc5,bf7e39f2,bc2d2110,bd907f12,3dbf3bc4,1

11617,183,128,8,-2273,167,15753,-4089,2483,-3198,bf7e39d3,bc35cf69,bd90a988,3dbf056a,bf7e39d2,bc35cf67,bd90a986,3dbf0568,1

11618,178,125,11,-2273,177,15742,-4105,2487,-3265,bf7e3916,bc3c4391,bd90c850,3dbf146b,bf7e3916,bc3c438d,bd90c850,3dbf146a,1

11619,183,126,12,-2265,139,15729,-4105,2487,-3265,bf7e3892,bc3783a0,bd90c8cb,3dbf51db,bf7e3893,bc37839e,bd90c8cb,3dbf51da,1

11620,179,117,9,-2269,127,15721,-4111,2497,-3182,bf7e373e,bc31650c,bd90edb1,3dbfbde0,bf7e373e,bc316508,bd90edb0,3dbfbdde,1

11621,177,121,11,-2284,103,15721,-4087,2471,-3295,bf7e3751,bc315b22,bd9192fa,3dbf3af2,bf7e3751,bc315b1e,bd9192f9,3dbf3af0,1

11622,169,122,6,-2249,184,15749,-4107,2503,-3281,bf7e3724,bc340c25,bd90bb8d,3dbfe258,bf7e3724,bc340c21,bd90bb8d,3dbfe256,1

11623,170,123,7,-2261,149,15743,-4107,2503,-3281,bf7e3598,bc3002aa,bd908521,3dc09d3b,bf7e3597,bc3002a5,bd908521,3dc09d38,1

11624,179,122,6,-2270,176,15739,-4029,2443,-3275,bf7e3703,bc3b3c1c,bd90aaa0,3dbfdee2,bf7e3703,bc3b3c19,bd90aaa1,3dbfdee0,1

11625,183,121,8,-2258,158,15744,-4107,2469,-3207,bf7e392e,bc431430,bd9097e6,3dbf15b4,bf7e392e,bc43142d,bd9097e7,3dbf15b2,1

11626,184,119,8,-2268,172,15741,-4107,2469,-3207,bf7e3a9c,bc4a10a9,bd90bc86,3dbe62c0,bf7e3a9b,bc4a10a6,bd90bc84,3dbe62bd,1

11627,185,117,15,-2269,148,15753,-4091,2477,-3233,bf7e3a93,bc434d2c,bd90ccfd,3dbe7540,bf7e3a93,bc434d2a,bd90ccfe,3dbe753e,1

11628,185,127,7,-2263,155,15739,-4101,2467,-3264,bf7e3c7f,bc468cb6,bd90c367,3dbdcac5,bf7e3c7e,bc468cb3,bd90c366,3dbdcac2,1

11629,181,129,4,-2265,172,15725,-4101,2467,-3264,bf7e3de9,bc4b25de,bd90cab3,3dbd3883,bf7e3de9,bc4b25db,bd90cab2,3dbd3881,1

11630,183,124,13,-2268,111,15759,-4099,2483,-3294,bf7e3d53,bc3f960b,bd90cd25,3dbd98f0,bf7e3d53,bc3f9608,bd90cd24,3dbd98ee,1

11631,173,121,7,-2273,149,15730,-4071,2471,-3250,bf7e3d37,bc3eb9e6,bd910ec8,3dbd73c6,bf7e3d37,bc3eb9e2,bd910ec8,3dbd73c5,1

11632,177,124,7,-2265,165,15726,-4071,2471,-3250,bf7e3de5,bc41aaf6,bd90eec9,3dbd4619,bf7e3de4,bc41aaf3,bd90eec7,3dbd4618,1

11633,176,124,1,-2244,181,15718,-4099,2449,-3231,bf7e40c9,bc4b5ea7,bd90a989,3dbc58c0,bf7e40c9,bc4b5ea5,bd90a988,3dbc58c0,1

11634,193,123,1,-2266,163,15732,-4081,2483,-3282,bf7e3f9a,bc429a31,bd90a324,3dbce8a7,bf7e3f9b,bc429a30,bd90a326,3dbce8a8,1

11635,193,126,9,-2277,149,15728,-4101,2457,-3257,bf7e40f9,bc473ba6,bd9113f3,3dbc086a,bf7e40f9,bc473ba6,bd9113f4,3dbc086a,1

11636,189,117,4,-2264,85,15710,-4101,2457,-3257,bf7e42c5,bc3dca29,bd914345,3dbb6f12,bf7e42c6,bc3dca2a,bd914346,3dbb6f13,1

11637,172,119,2,-2264,175,15725,-4111,2507,-3272,bf7e40cd,bc373c3b,bd90fb6c,3dbc6afa,bf7e40cd,bc373c3c,bd90fb6c,3dbc6afb,1

11638,176,126,7,-2252,158,15707,-4107,2481,-3308,bf7e4150,bc38c156,bd90939a,3dbc891b,bf7e414f,bc38c158,bd90939a,3dbc891c,1

11639,170,116,3,-2265,135,15723,-4107,2481,-3308,bf7e40a2,bc34c2f8,bd90be89,3dbcb20b,bf7e40a2,bc34c2fa,bd90be8b,3dbcb20d,1

11640,164,116,5,-2275,171,15743,-4111,2447,-3280,bf7e4237,bc3f9ec1,bd90f0f3,3dbbd7de,bf7e4236,bc3f9ec2,bd90f0f4,3dbbd7df,1

11641,174,124,7,-2245,171,15739,-4119,2491,-3277,bf7e423d,bc3bd67f,bd9042dd,3dbc6ad2,bf7e423c,bc3bd67f,bd9042de,3dbc6ad3,1

11642,178,125,9,-2256,158,15748,-4119,2491,-3277,bf7e413d,bc37c3a7,bd9019d4,3dbcf029,bf7e413c,bc37c3a9,bd9019d4,3dbcf02a,1

11643,173,124,5,-2258,187,15744,-4099,2495,-3270,bf7e3f69,bc391ef1,bd8ff82e,3dbda20a,bf7e3f68,bc391ef4,bd8ff82e,3dbda20b,1

11644,183,120,3,-2266,175,15749,-4099,2485,-3224,bf7e3e66,bc3d46c0,bd9031f4,3dbdbcc1,bf7e3e64,bc3d46c2,bd9031f5,3dbdbcc1,1

11645,188,124,8,-2265,159,15746,-4099,2485,-3224,bf7e3d78,bc3bcc04,bd905872,3dbdf472,bf7e3d77,bc3bcc06,bd905874,3dbdf473,1

11646,187,122,9,-2278,147,15723,-4099,2509,-3295,bf7e3aae,bc333efe,bd908fb0,3dbed9d9,bf7e3aaf,bc333f01,bd908fb3,3dbed9db,1

11647,182,120,5,-2266,160,15729,-4131,2471,-3279,bf7e3bf8,bc3c9d17,bd90b6d5,3dbe2a09,bf7e3bf8,bc3c9d1b,bd90b6d7,3dbe2a0a,1

11648,187,117,4,-2264,188,15734,-4131,2471,-3279,bf7e3d3f,bc4643a7,bd90b8e1,3dbd9391,bf7e3d3f,bc4643ab,bd90b8e2,3dbd9392,1

11649,196,124,4,-2269,154,15745,-4141,2499,-3279,bf7e3be0,bc3db1d4,bd90b52c,3dbe2e8b,bf7e3be0,bc3db1d8,bd90b52d,3dbe2e8c,1

11650,194,130,6,-2276,155,15727,-4127,2459,-3210,bf7e3db5,bc458e8f,bd910160,3dbd37be,bf7e3db6,bc458e94,bd910162,3dbd37bf,1

11651,184,134,5,-2259,180,15717,-4181,2521,-3230,bf7e3bed,bc3e7b74,bd90b11b,3dbe2a9c,bf7e3bec,bc3e7b77,bd90b11b,3dbe2a9b,1

11652,188,123,4,-2265,120,15735,-4181,2521,-3230,bf7e3a41,bc3440fe,bd90aa64,3dbee61c,bf7e3a42,bc344104,bd90aa67,3dbee61d,1

11653,192,119,5,-2269,157,15729,-4127,2489,-3313,bf7e39a1,bc37a7ee,bd90d094,3dbef18b,bf7e39a2,bc37a7f1,bd90d097,3dbef18c,1

11654,185,118,2,-2262,169,15745,-4109,2473,-3279,bf7e3b08,bc402a85,bd90b9bc,3dbe69b3,bf7e3b08,bc402a87,bd90b9bf,3dbe69b3,1

11655,201,120,13,-2262,113,15734,-4109,2473,-3279,bf7e3c1e,bc3939a3,bd90d0dd,3dbe16d7,bf7e3c1d,bc3939a1,bd90d0de,3dbe16d7,1

11656,191,118,8,-2275,163,15736,-4135,2487,-3244,bf7e3bbf,bc3d2002,bd910acd,3dbdfb33,bf7e3bbf,bc3d2000,bd910ad0,3dbdfb34,1

11657,189,123,8,-2278,167,15730,-4133,2465,-3287,bf7e3d18,bc45883c,bd914624,3dbd37c9,bf7e3d18,bc45883b,bd914625,3dbd37ca,1

11658,191,123,8,-2260,172,15726,-4133,2465,-3287,bf7e3f9c,bc4bf249,bd91095b,3dbc7248,bf7e3f9d,bc4bf24a,bd91095b,3dbc7249,1

11659,202,123,4,-2264,164,15738,-4139,2495,-3287,bf7e3eb9,bc42e18a,bd90d594,3dbd0cf5,bf7e3eb8,bc42e189,bd90d593,3dbd0cf5,1

11660,204,127,9,-2256,135,15739,-4107,2483,-3235,bf7e3efc,bc3a6efd,bd909709,3dbd4861,bf7e3efc,bc3a6efc,bd90970a,3dbd4862,1

11661,201,129,8,-2279,133,15735,-4107,2483,-3235,bf7e3de3,bc360798,bd910a94,3dbd5f4b,bf7e3de2,bc360797,bd910a94,3dbd5f4b,1

11662,200,125,9,-2251,172,15735,-4113,2491,-3378,bf7e3db2,bc36316d,bd906ddd,3dbde6ad,bf7e3db2,bc36316d,bd906ddf,3dbde6ae,1

11663,201,118,11,-2269,89,15730,-4117,2477,-3279,bf7e3dc5,bc2ea11e,bd90dcb9,3dbda865,bf7e3dc4,bc2ea11c,bd90dcba,3dbda865,1

11664,191,114,14,-2275,112,15770,-4107,2461,-3318,bf7e3f85,bc341194,bd912748,3dbcc45c,bf7e3f84,bc341193,bd912749,3dbcc45c,1

11665,179,118,12,-2271,175,15749,-4107,2461,-3318,bf7e40de,bc3e6aae,bd912964,3dbc2580,bf7e40df,bc3e6aae,bd912965,3dbc2582,1

11666,186,121,14,-2245,177,15717,-4111,2463,-3315,bf7e435b,bc4641fb,bd90a8de,3dbb90b5,bf7e435b,bc4641f8,bd90a8dc,3dbb90b6,1

11667,198,112,21,-2243,151,15706,-4093,2405,-3294,bf7e465a,bc4effa8,bd90a9aa,3dba65ec,bf7e4659,bc4effa4,bd90a9a9,3dba65ed,1

11668,219,116,33,-2256,155,15734,-4093,2405,-3294,bf7e494a,bc567d20,bd90bea8,3db931c2,bf7e494b,bc567d1d,bd90bea9,3db931c4,1

11669,231,111,56,-2247,106,15703,-4115,2479,-3188,bf7e48e8,bc49015b,bd90aa0a,3db99ff3,bf7e48e9,bc490159,bd90aa0b,3db99ff5,1

11670,230,109,70,-2287,90,15730,-4089,2481,-3287,bf7e46f8,bc3c19c4,bd910989,3dba353a,bf7e46f9,bc3c19c1,bd910989,3dba353c,1

11671,217,112,78,-2275,64,15726,-4089,2481,-3287,bf7e457e,bc2f4120,bd913f60,3dbabe86,bf7e457e,bc2f411c,bd913f5f,3dbabe86,1

11672,206,118,89,-2281,164,15728,-4107,2451,-3159,bf7e4674,bc38edca,bd9176ad,3dba19f1,bf7e4675,bc38edc6,bd9176ad,3dba19f2,1

11673,205,116,89,-2276,70,15729,-4101,2465,-3237,bf7e4693,bc2e8384,bd91b879,3dba03df,bf7e4693,bc2e837e,bd91b877,3dba03e0,1

11674,203,112,82,-2233,125,15773,-4101,2465,-3237,bf7e49ec,bc311500,bd90ae72,3db9a51b,bf7e49eb,bc3114ff,bd90ae70,3db9a51c,1

11675,217,113,109,-2237,216,15706,-4107,2503,-3280,bf7e47cc,bc333e64,bd9009d4,3dbad61c,bf7e47cb,bc333e64,bd9009d2,3dbad61c,1

11676,244,103,125,-2294,140,15735,-4111,2509,-3273,bf7e4361,bc2a6066,bd909d87,3dbc04e2,bf7e4361,bc2a6069,bd909d87,3dbc04e3,1

11677,238,103,112,-2257,-95,15758,-4097,2471,-3303,bf7e42af,bc1bb83f,bd90d264,3dbc4b63,bf7e42af,bc1bb842,bd90d264,3dbc4b64,1

11678,195,114,159,-2267,-133,15806,-4097,2471,-3303,bf7e41b3,bc0de965,bd910666,3dbca3dc,bf7e41b4,bc0de969,bd910666,3dbca3de,1

11679,147,137,237,-2318,293,15711,-4129,2469,-3280,bf7e3ff8,bc1b2421,bd913d07,3dbce559,bf7e3ff7,bc1b2423,bd913d06,3dbce55a,1

11680,146,133,214,-2281,24,15777,-4119,2479,-3242,bf7e3f09,bc140a8a,bd919841,3dbd06c5,bf7e3f08,bc140a8e,bd919842,3dbd06c6,1

11681,141,135,225,-2274,65,15749,-4119,2479,-3242,bf7e3ef7,bc183f04,bd91afa5,3dbcecf3,bf7e3ef8,bc183f09,bd91afa7,3dbcecf6,1

11682,120,147,284,-2160,-620,15914,-4109,2473,-3186,bf7e3d9e,bc0b49aa,bd917325,3dbdb72d,bf7e3d9f,bc0b49b0,bd917327,3dbdb730,1

11683,61,193,496,-2286,782,15622,-4089,2509,-3260,bf7e39e2,bc1a7ffd,bd91292c,3dbeffd1,bf7e39e2,bc1a8003,bd91292d,3dbeffd3,1

11684,57,192,524,-2219,438,15550,-4089,2509,-3260,bf7e3602,bc295445,bd90a7d6,3dc0784d,bf7e3602,bc29544b,bd90a7d7,3dc0784f,1

11685,118,163,398,-2434,494,15740,-4095,2493,-3271,bf7e3174,bc369660,bd911a45,3dc17216,bf7e3173,bc369665,bd911a45,3dc17217,1

11686,162,151,243,-2255,125,15695,-4127,2553,-3326,bf7e2d7e,bc2c9e5b,bd90d31e,3dc31782,bf7e2d7e,bc2c9e5f,bd90d31e,3dc31784,1

11687,130,172,260,-2345,611,15603,-4127,2553,-3326,bf7e29c7,bc3a3fbe,bd90d9db,3dc4152d,bf7e29c7,bc3a3fc2,bd90d9db,3dc4152f,1

11688,157,139,107,-2288,190,15737,-4095,2485,-3271,bf7e28ac,bc43dbaf,bd912382,3dc4151f,bf7e28ac,bc43dbb3,bd912382,3dc41521,1

11689,178,126,33,-2283,83,15742,-4153,2481,-3286,bf7e29ba,bc3cb937,bd919466,3dc38594,bf7e29ba,bc3cb93a,bd919466,3dc38595,1

11690,165,132,26,-2249,181,15708,-4077,2475,-3231,bf7e2be8,bc460069,bd910a4b,3dc31231,bf7e2be7,bc46006c,bd910a4a,3dc31231,1

11691,162,130,24,-2280,215,15774,-4077,2475,-3231,bf7e2c7d,bc506c4c,bd9103c9,3dc2bb11,bf7e2c7d,bc506c4f,bd9103c9,3dc2bb12,1

11692,185,129,26,-2208,160,15704,-4105,2537,-3259,bf7e2b7d,bc4666b2,bd9062bd,3dc3af86,bf7e2b7d,bc4666b4,bd9062bd,3dc3af87,1

11693,191,120,26,-2287,132,15742,-4065,2505,-3327,bf7e28ec,bc3c2cc0,bd90aecb,3dc474be,bf7e28ec,bc3c2cc2,bd90aecb,3dc474bf,1

11694,197,128,18,-2271,134,15730,-4065,2505,-3327,bf7e26ce,bc334bbf,bd90b84e,3dc53daa,bf7e26ce,bc334bc1,bd90b84e,3dc53dab,1

11695,195,127,10,-2266,149,15734,-4097,2505,-3356,bf7e2533,bc316081,bd90a41c,3dc5d7d6,bf7e2532,bc316082,bd90a41b,3dc5d7d6,1

11696,196,128,6,-2252,173,15746,-4071,2473,-3265,bf7e270a,bc3bd601,bd90732c,3dc53d4a,bf7e270a,bc3bd603,bd90732c,3dc53d4b,1

11697,189,120,-2,-2259,115,15722,-4071,2473,-3265,bf7e28fe,bc3c35b0,bd90a1d0,3dc47870,bf7e28ff,bc3c35b3,bd90a1d0,3dc47872,1

11698,180,125,-2,-2270,159,15748,-4103,2509,-3265,bf7e2719,bc38123e,bd9099d1,3dc52a20,bf7e271a,bc381241,bd9099d1,3dc52a22,1

11699,186,125,-5,-2275,98,15732,-4133,2515,-3320,bf7e2566,bc2e41d1,bd90ce10,3dc5b360,bf7e2567,bc2e41d2,bd90ce0f,3dc5b362,1

11700,177,125,2,-2282,112,15742,-4133,2515,-3320,bf7e2343,bc28b8e7,bd911c89,3dc63d3a,bf7e2343,bc28b8e8,bd911c87,3dc63d3b,1

11701,161,135,0,-2264,152,15749,-4101,2495,-3190,bf7e2475,bc329aec,bd90ea10,3dc5dd54,bf7e2476,bc329aee,bd90ea10,3dc5dd56,1

11702,167,132,-1,-2258,192,15718,-4103,2543,-3252,bf7e21a9,bc2f35d4,bd908716,3dc7165d,bf7e21a9,bc2f35d6,bd908716,3dc7165e,1

11703,181,122,1,-2246,168,15742,-4119,2551,-3282,bf7e1f2d,bc297a38,bd901a6b,3dc84342,bf7e1f2d,bc297a3a,bd901a6a,3dc84343,1

11704,201,124,-8,-2275,147,15745,-4119,2551,-3282,bf7e1bb7,bc234168,bd902e72,3dc961c2,bf7e1bb7,bc23416a,bd902e72,3dc961c3,1

11705,203,123,-7,-2265,148,15751,-4113,2515,-3283,bf7e1ad5,bc2a3b57,bd904346,3dc982eb,bf7e1ad5,bc2a3b58,bd904346,3dc982ec,1

11706,217,128,-7,-2262,151,15720,-4065,2457,-3321,bf7e1cc4,bc349509,bd90674b,3dc8a89b,bf7e1cc5,bc34950b,bd90674c,3dc8a89c,1

11707,214,122,-2,-2272,88,15742,-4065,2457,-3321,bf7e1f45,bc399691,bd90d77e,3dc7798e,bf7e1f46,bc399694,bd90d77e,3dc7798f,1

11708,195,117,-1,-2282,108,15749,-4043,2525,-3284,bf7e1ce4,bc2f1609,bd90ec16,3dc8526f,bf7e1ce4,bc2f160b,bd90ec15,3dc8526f,1

11709,186,125,-5,-2256,133,15735,-4103,2503,-3254,bf7e1db1,bc325a3b,bd909a42,3dc840c4,bf7e1db1,bc325a3d,bd909a42,3dc840c4,1

11710,184,120,1,-2256,182,15731,-4103,2503,-3254,bf7e1dfc,bc3b759f,bd906299,3dc82fcd,bf7e1dfd,bc3b75a2,bd906299,3dc82fcd,1

11711,201,113,4,-2259,131,15751,-4075,2443,-3295,bf7e20cb,bc4452bc,bd908457,3dc710c4,bf7e20cb,bc4452be,bd908456,3dc710c3,1

11712,205,121,-3,-2264,79,15744,-4115,2475,-3313,bf7e2309,bc3d11f0,bd90cc19,3dc640d7,bf7e230a,bc3d11f1,bd90cc1a,3dc640d7,1

11713,192,125,-1,-2266,101,15744,-4115,2475,-3313,bf7e25af,bc3ccb48,bd90faf5,3dc545ae,bf7e25af,bc3ccb47,bd90faf4,3dc545ad,1

11714,179,124,5,-2256,168,15738,-4081,2517,-3366,bf7e23e8,bc3648e0,bd90901d,3dc63e97,bf7e23e8,bc3648df,bd90901c,3dc63e96,1

11715,182,124,9,-2270,89,15735,-4127,2443,-3262,bf7e26e1,bc3dcbea,bd90d7f8,3dc4f912,bf7e26e0,bc3dcbe7,bd90d7f7,3dc4f910,1

11716,180,123,3,-2270,133,15744,-4099,2495,-3310,bf7e2648,bc388907,bd90e28c,3dc5365d,bf7e2647,bc388905,bd90e28d,3dc5365b,1

11717,174,127,3,-2263,140,15717,-4099,2495,-3310,bf7e261b,bc37be4f,bd90cd77,3dc557cd,bf7e261a,bc37be4c,bd90cd78,3dc557cb,1

11718,178,127,8,-2262,95,15730,-4131,2503,-3296,bf7e25d0,bc2f15ce,bd90cbf7,3dc59073,bf7e25d0,bc2f15cc,bd90cbfa,3dc59071,1

11719,169,118,9,-2279,98,15759,-4101,2473,-3379,bf7e2733,bc33a4f6,bd913c7a,3dc4ba68,bf7e2733,bc33a4f5,bd913c7b,3dc4ba66,1

11720,158,122,9,-2257,171,15727,-4101,2473,-3379,bf7e28fe,bc3e9f6e,bd9101c1,3dc42865,bf7e28ff,bc3e9f6e,bd9101c1,3dc42864,1

11721,171,121,6,-2240,188,15718,-4101,2491,-3291,bf7e2a6c,bc44f61d,bd90437c,3dc424d5,bf7e2a6b,bc44f619,bd90437a,3dc424d2,1

11722,188,118,9,-2261,118,15738,-4079,2497,-3320,bf7e293b,bc3a7125,bd904fb9,3dc4a7ca,bf7e293c,bc3a7124,bd904fb8,3dc4a7c9,1

11723,190,114,11,-2274,101,15769,-4079,2497,-3320,bf7e27bf,bc30b2d1,bd909037,3dc516d0,bf7e27c0,bc30b2cf,bd909036,3dc516cf,1

11724,178,124,7,-2263,139,15743,-4135,2471,-3293,bf7e29df,bc3a61ad,bd90a868,3dc431d9,bf7e29de,bc3a61aa,bd90a866,3dc431d7,1

11725,181,123,6,-2259,161,15742,-4107,2495,-3343,bf7e29b9,bc3bffe4,bd90690e,3dc46630,bf7e29b8,bc3bffe1,bd90690d,3dc4662f,1

11726,187,121,10,-2259,119,15729,-4107,2495,-3343,bf7e292b,bc349076,bd90716b,3dc4aa47,bf7e292a,bc349074,bd90716b,3dc4aa46,1

11727,186,118,9,-2271,131,15761,-4093,2519,-3238,bf7e26b7,bc2ced9f,bd907b6a,3dc58893,bf7e26b7,bc2ced9e,bd907b6b,3dc58893,1

11728,181,116,4,-2266,162,15787,-4107,2475,-3240,bf7e2864,bc37bf86,bd908446,3dc4d07e,bf7e2865,bc37bf87,bd908446,3dc4d07f,1

11729,190,120,5,-2267,96,15745,-4093,2459,-3298,bf7e2b20,bc3c1d44,bd90d6ab,3dc3a0b3,bf7e2b20,bc3c1d46,bd90d6aa,3dc3a0b3,1

11730,186,117,9,-2286,60,15715,-4093,2459,-3298,bf7e2c98,bc386195,bd91982c,3dc2a466,bf7e2c98,bc386197,bd91982b,3dc2a466,1

11731,169,125,4,-2283,143,15760,-4083,2481,-3227,bf7e2d67,bc3c670f,bd91a785,3dc245b3,bf7e2d68,bc3c6711,bd91a785,3dc245b4,1

11732,171,127,5,-2241,180,15742,-4079,2493,-3297,bf7e2e80,bc3d9e87,bd9099a4,3dc2ae9e,bf7e2e7f,bc3d9e86,bd9099a3,3dc2ae9e,1

11733,178,122,8,-2277,116,15743,-4079,2493,-3297,bf7e2cfa,bc34d6ca,bd90dd6e,3dc31ce2,bf7e2cfa,bc34d6cb,bd90dd6e,3dc31ce3,1

11734,179,126,10,-2279,155,15726,-4099,2511,-3322,bf7e2a38,bc30b9f9,bd90fedf,3dc3f8d4,bf7e2a37,bc30b9fa,bd90fede,3dc3f8d4,1

11735,181,136,0,-2245,162,15721,-4099,2557,-3261,bf7e27ea,bc28f2e8,bd90904e,3dc52425,bf7e27ea,bc28f2e8,bd90904e,3dc52425,1

11736,198,130,0,-2283,172,15776,-4099,2557,-3261,bf7e245c,bc22d603,bd907f66,3dc66940,bf7e245b,bc22d602,bd907f66,3dc6693f,1

11737,200,125,5,-2287,113,15780,-4105,2463,-3222,bf7e2624,bc2c3e4b,bd90d8b2,3dc575f2,bf7e2625,bc2c3e4b,bd90d8b3,3dc575f3,1

11738,194,134,5,-2265,107,15705,-4101,2483,-3270,bf7e27a8,bc30d7fb,bd910b85,3dc4c352,bf7e27a8,bc30d7fb,bd910b84,3dc4c352,1

11739,187,129,0,-2258,126,15708,-4101,2483,-3270,bf7e2995,bc366681,bd90f015,3dc42395,bf7e2995,bc366683,bd90f014,3dc42396,1

11740,183,129,3,-2261,79,15754,-4095,2479,-3262,bf7e2baa,bc3035d8,bd90e747,3dc393d2,bf7e2bab,bc3035d9,bd90e747,3dc393d4,1

11741,174,125,0,-2246,141,15728,-4117,2557,-3251,bf7e2966,bc27cbce,bd908d21,3dc4af8f,bf7e2966,bc27cbcd,bd908d21,3dc4af91,1

11742,177,127,6,-2256,136,15728,-4067,2513,-3252,bf7e2759,bc24b321,bd9052c8,3dc58e49,bf7e2759,bc24b322,bd9052c9,3dc58e4b,1

11743,185,126,1,-2255,157,15746,-4067,2513,-3252,bf7e2588,bc273300,bd900e03,3dc64d65,bf7e2589,bc273302,bd900e04,3dc64d68,1

11744,196,115,2,-2274,120,15738,-4081,2517,-3243,bf7e228e,bc22cfef,bd906895,3dc70d7a,bf7e228f,bc22cff3,bd906896,3dc70d7d,1

11745,200,119,7,-2274,86,15707,-4103,2457,-3290,bf7e248e,bc2b4bc6,bd90d2c6,3dc5ffdd,bf7e248f,bc2b4bc9,bd90d2c8,3dc5ffe0,1

11746,187,122,6,-2297,192,15942,-4103,2457,-3290,bf7e263f,bc36e518,bd90df47,3dc54224,bf7e2640,bc36e51b,bd90df49,3dc54227,1

11747,191,131,5,-2226,156,15676,-4123,2495,-3243,bf7e28ad,bc3c27e5,bd901156,3dc4fc7c,bf7e28ac,bc3c27e6,bd901157,3dc4fc7e,1

11748,218,116,22,-2228,6,15623,-4103,2469,-3266,bf7e2a92,bc3025c2,bd903a51,3dc46e62,bf7e2a92,bc3025c4,bd903a52,3dc46e65,1

11749,197,123,16,-2314,104,15765,-4103,2469,-3266,bf7e2a7e,bc35137d,bd9134d4,3dc3aa1b,bf7e2a7e,bc351381,bd9134d5,3dc3aa1e,1

11750,184,133,5,-2230,195,15741,-4063,2471,-3278,bf7e2cfb,bc3f68d2,bd9084b7,3dc3364e,bf7e2cfc,bc3f68d8,bd9084b8,3dc33652,1

11751,197,125,12,-2257,58,15718,-4103,2465,-3285,bf7e2f52,bc374048,bd90c3a2,3dc26389,bf7e2f52,bc37404f,bd90c3a3,3dc2638c,1

11752,188,114,10,-2278,131,15735,-4103,2465,-3285,bf7e30d1,bc3e3561,bd912a78,3dc17e33,bf7e30d1,bc3e3568,bd912a79,3dc17e36,1

11753,182,124,1,-2240,127,15735,-4135,2479,-3227,bf7e34ad,bc3ecb35,bd9078b0,3dc0bc36,bf7e34ac,bc3ecb3a,bd9078b0,3dc0bc39,1

11754,187,122,4,-2268,92,15718,-4121,2521,-3258,bf7e32d1,bc337873,bd908cbb,3dc17502,bf7e32d2,bc337879,bd908cbc,3dc17506,1

11755,174,124,4,-2284,135,15767,-4149,2501,-3235,bf7e3183,bc336e59,bd9101b6,3dc18b77,bf7e3184,bc336e5f,bd9101b7,3dc18b7b,1

11756,185,135,-1,-2250,106,15704,-4149,2501,-3235,bf7e3225,bc2cfd87,bd90b135,3dc1aa14,bf7e3226,bc2cfd8d,bd90b135,3dc1aa18,1

11757,188,126,5,-2280,167,15789,-4127,2475,-3229,bf7e3361,bc37835b,bd90d784,3dc0fe8d,bf7e3361,bc378361,bd90d784,3dc0fe90,1

11758,190,127,3,-2246,140,15646,-4129,2509,-3258,bf7e3223,bc311c4f,bd9097e8,3dc1ae8a,bf7e3222,bc311c55,bd9097e7,3dc1ae8c,1

11759,200,129,6,-2255,51,15714,-4129,2509,-3258,bf7e3147,bc252245,bd9099e2,3dc21f2b,bf7e3147,bc25224b,bd9099e2,3dc21f2e,1

11760,181,129,4,-2279,130,15791,-4115,2473,-3181,bf7e32e6,bc2ed642,bd90d092,3dc14cc1,bf7e32e4,bc2ed645,bd90d091,3dc14cc3,1

11761,176,126,6,-2258,152,15726,-4099,2495,-3260,bf7e3297,bc324dd2,bd909275,3dc1883d,bf7e3297,bc324dd8,bd909275,3dc18841,1

11762,183,133,3,-2258,99,15702,-4099,2495,-3260,bf7e31e4,bc2a44a7,bd909ffd,3dc1d5a9,bf7e31e5,bc2a44af,bd909ffe,3dc1d5ae,1

11763,181,135,7,-2282,117,15766,-4099,2491,-3221,bf7e3131,bc2bd88b,bd910ca9,3dc1b98d,bf7e3131,bc2bd891,bd910ca9,3dc1b990,1

11764,166,134,8,-2240,159,15748,-4147,2493,-3193,bf7e3373,bc350fb6,bd906ed2,3dc1504b,bf7e3372,bc350fbb,bd906ed1,3dc1504d,1

11765,184,125,3,-2272,135,15737,-4147,2493,-3193,bf7e3398,bc37c5da,bd90cb58,3dc0f465,bf7e3399,bc37c5e1,bd90cb58,3dc0f468,1

11766,188,129,4,-2232,121,15678,-4089,2473,-3196,bf7e3708,bc3959d0,bd903ebc,3dc035da,bf7e3709,bc3959d5,bd903ebb,3dc035dd,1

11767,187,124,6,-2270,165,15820,-4093,2481,-3302,bf7e3737,bc3ddadc,bd903a50,3dc0180b,bf7e3736,bc3ddadf,bd903a4e,3dc0180c,1

11768,183,131,11,-2231,121,15640,-4091,2535,-3255,bf7e354f,bc335171,bd900032,3dc10cd8,bf7e3550,bc335174,bd900031,3dc10cdb,1

11769,183,129,7,-2237,91,15669,-4091,2535,-3255,bf7e3359,bc288c56,bd8fdbd0,3dc1f352,bf7e3359,bc288c58,bd8fdbcf,3dc1f355,1

11770,179,127,6,-2291,110,15785,-4119,2501,-3252,bf7e310a,bc26e214,bd90a27e,3dc22761,bf7e310a,bc26e218,bd90a27d,3dc22764,1

11771,167,129,1,-2268,157,15798,-4137,2445,-3300,bf7e3343,bc32408f,bd90a9f5,3dc13e3a,bf7e3344,bc324094,bd90a9f4,3dc13e3e,1

11772,168,125,3,-2261,157,15715,-4137,2445,-3300,bf7e3582,bc3d0c11,bd90bfc1,3dc04702,bf7e3582,bc3d0c15,bd90bfbf,3dc04706,1

11773,179,122,3,-2253,138,15727,-4103,2477,-3226,bf7e378b,bc3e0d9d,bd9085e1,3dbfc2c4,bf7e378a,bc3e0da2,bd9085df,3dbfc2c6,1

11774,186,124,3,-2255,127,15757,-4105,2471,-3205,bf7e3a37,bc3ea386,bd906864,3dbef324,bf7e3a36,bc3ea38a,bd906864,3dbef326,1

11775,195,123,2,-2264,187,15719,-4105,2471,-3205,bf7e3b46,bc4793b7,bd908819,3dbe5c4d,bf7e3b47,bc4793bc,bd90881a,3dbe5c51,1

11776,205,123,-3,-2262,112,15757,-4141,2447,-3232,bf7e3ef9,bc4a2c8d,bd90b58b,3dbcf109,bf7e3ef9,bc4a2c92,bd90b58a,3dbcf10c,1

11777,221,120,3,-2284,48,15775,-4101,2489,-3231,bf7e3e1d,bc3cbd5c,bd90ee66,3dbd46f9,bf7e3e1e,bc3cbd61,bd90ee66,3dbd46fd,1

11778,209,122,8,-2267,66,15658,-4101,2489,-3231,bf7e3d25,bc307335,bd9129e8,3dbd9c06,bf7e3d25,bc30733a,bd9129e7,3dbd9c09,1

11779,183,122,1,-2253,118,15730,-4081,2505,-3236,bf7e3bdd,bc2796d4,bd90d649,3dbe69ae,bf7e3bde,bc2796d8,bd90d649,3dbe69b2,1

11780,179,126,4,-2293,92,15793,-4119,2475,-3243,bf7e3c64,bc2a23da,bd9177c3,3dbdb828,bf7e3c63,bc2a23e1,bd9177c2,3dbdb82a,1

11781,170,129,0,-2268,130,15791,-4137,2517,-3271,bf7e3ad9,bc23ce0f,bd911480,3dbe9e5e,bf7e3ad8,bc23ce15,bd911480,3dbe9e60,1

11782,169,125,1,-2244,160,15699,-4137,2517,-3271,bf7e3990,bc24e021,bd907cdb,3dbf7af8,bf7e3990,bc24e026,bd907cdd,3dbf7afb,1

11783,184,129,4,-2260,147,15748,-4099,2505,-3293,bf7e37bc,bc25377f,bd904ee9,3dc0374b,bf7e37bd,bc253783,bd904eec,3dc0374f,1

11784,192,133,5,-2268,109,15734,-4081,2493,-3242,bf7e364b,bc22ed6d,bd909ad0,3dc0806f,bf7e364c,bc22ed73,bd909ad1,3dc08072,1

11785,188,130,5,-2281,129,15794,-4081,2493,-3242,bf7e3508,bc2649a6,bd90da06,3dc0afd7,bf7e3508,bc2649ac,bd90da06,3dc0afd9,1

11786,187,122,5,-2272,132,15784,-4071,2505,-3260,bf7e32ee,bc22a2e1,bd90bd7a,3dc1826f,bf7e32ee,bc22a2e6,bd90bd7a,3dc18271,1

11787,199,125,1,-2222,107,15620,-4105,2475,-3271,bf7e35ef,bc29ee3a,bd905902,3dc0b770,bf7e35f0,bc29ee40,bd905905,3dc0b772,1

11788,200,124,-2,-2266,55,15728,-4105,2475,-3271,bf7e3703,bc2461f3,bd90d881,3dc00fdb,bf7e3703,bc2461f4,bd90d881,3dc00fdc,1

11789,177,129,1,-2258,110,15771,-4101,2469,-3277,bf7e3985,bc2c6954,bd90b7aa,3dbf376f,bf7e3984,bc2c6954,bd90b7a9,3dbf3770,1

11790,164,135,3,-2253,163,15814,-4091,2547,-3244,bf7e3736,bc252efd,bd904789,3dc06935,bf7e3736,bc252efe,bd904788,3dc06937,1

11791,189,133,1,-2289,122,15714,-4091,2547,-3244,bf7e33c6,bc1ca4db,bd9076ae,3dc184a5,bf7e33c6,bc1ca4dc,bd9076ad,3dc184a7,1

11792,195,130,3,-2263,125,15772,-4141,2509,-3203,bf7e333d,bc216afc,bd90668c,3dc1ad85,bf7e333c,bc216afd,bd90668c,3dc1ad86,1

11793,189,127,4,-2248,157,15694,-4083,2509,-3330,bf7e315c,bc23c281,bd901e43,3dc27927,bf7e315b,bc23c283,bd901e45,3dc27928,1

11794,192,121,2,-2258,131,15756,-4075,2521,-3257,bf7e2eb2,bc1e146a,bd9001c0,3dc37f22,bf7e2eb2,bc1e146c,bd9001c3,3dc37f23,1

11795,208,119,3,-2257,70,15731,-4075,2521,-3257,bf7e2c6b,bc143957,bd90159a,3dc44ca5,bf7e2c6b,bc143959,bd90159d,3dc44ca6,1

11796,197,128,-1,-2279,125,15748,-4111,2503,-3218,bf7e2ba4,bc1ce2c1,bd908560,3dc42040,bf7e2ba3,bc1ce2c3,bd908561,3dc42040,1

11797,178,133,4,-2274,108,15734,-4093,2485,-3305,bf7e2c05,bc24d9cd,bd90e0ae,3dc3a29e,bf7e2c06,bc24d9d0,bd90e0b0,3dc3a29f,1

11798,180,135,2,-2263,93,15724,-4093,2485,-3305,bf7e2d22,bc26f4d7,bd90f658,3dc32eff,bf7e2d22,bc26f4d8,bd90f658,3dc32f00,1

11799,176,127,1,-2258,102,15752,-4095,2489,-3298,bf7e2e55,bc27a3af,bd90b75c,3dc2f79e,bf7e2e55,bc27a3b0,bd90b75c,3dc2f79f,1

11800,166,129,4,-2270,154,15761,-4103,2517,-3269,bf7e2bea,bc27901a,bd9096aa,3dc3d948,bf7e2be9,bc27901d,bd9096a9,3dc3d948,1

11801,166,128,4,-2261,141,15782,-4103,2517,-3269,bf7e2a1a,bc25c427,bd9046c2,3dc4b04c,bf7e2a1a,bc25c42a,bd9046c3,3dc4b04d,1

11802,181,129,3,-2276,86,15723,-4041,2485,-3347,bf7e28a1,bc222685,bd90e1a9,3dc4c3fd,bf7e28a1,bc222687,bd90e1aa,3dc4c3fe,1

11803,186,123,6,-2267,181,15726,-4093,2503,-3283,bf7e2811,bc2c516e,bd90ce96,3dc4de3c,bf7e2811,bc2c5171,bd90ce97,3dc4de3d,1

11804,193,134,7,-2249,149,15752,-4093,2503,-3283,bf7e2836,bc2edafb,bd90365c,3dc538d8,bf7e2836,bc2edafe,bd90365d,3dc538da,1

11805,206,123,8,-2244,76,15705,-4127,2537,-3343,bf7e2671,bc23878b,bd901815,3dc60780,bf7e2670,bc23878e,bd901815,3dc60782,1

11806,192,124,9,-2289,82,15761,-4139,2467,-3321,bf7e27e0,bc2b0efc,bd90b374,3dc5064b,bf7e27e1,bc2b0f00,bd90b375,3dc5064e,1

11807,170,125,3,-2262,142,15743,-4081,2487,-3264,bf7e28bb,bc33367a,bd90a4d2,3dc4ad46,bf7e28ba,bc33367c,bd90a4d2,3dc4ad48,1

11808,181,128,10,-2238,147,15711,-4081,2487,-3264,bf7e2a81,bc38590c,bd901196,3dc47395,bf7e2a81,bc385911,bd901196,3dc47396,1

11809,194,127,7,-2288,61,15717,-4077,2471,-3302,bf7e2a3e,bc31dbfa,bd90f99a,3dc3f6e2,bf7e2a3d,bc31dbfe,bd90f99a,3dc3f6e2,1

11810,182,125,2,-2309,156,15953,-4093,2485,-3298,bf7e2a70,bc3965b2,bd912caa,3dc3a471,bf7e2a71,bc3965b5,bd912cad,3dc3a474,1

11811,177,137,-3,-2228,155,15715,-4093,2485,-3298,bf7e2d4f,bc3ce940,bd9020c3,3dc36e58,bf7e2d4f,bc3ce941,bd9020c4,3dc36e5a,1

11812,189,119,13,-2252,62,15623,-4069,2505,-3300,bf7e2bb8,bc30e5e6,bd904e24,3dc3fdd9,bf7e2bb8,bc30e5e7,bd904e25,3dc3fddb,1

11813,164,126,9,-2268,147,15720,-4105,2455,-3273,bf7e2d88,bc3b6b7a,bd9087c0,3dc31520,bf7e2d88,bc3b6b7b,bd9087c1,3dc31522,1

11814,163,141,2,-2244,194,15720,-4105,2455,-3273,bf7e2fef,bc46d247,bd90565e,3dc24438,bf7e2ff0,bc46d248,bd905660,3dc2443b,1

11815,183,128,9,-2255,116,15775,-4115,2479,-3293,bf7e3185,bc3f0a75,bd903509,3dc1f78e,bf7e3185,bc3f0a77,bd903509,3dc1f790,1

11816,201,116,10,-2302,45,15764,-4091,2487,-3267,bf7e3012,bc3378b2,bd90dbbe,3dc220c0,bf7e3011,bc3378b5,bd90dbbe,3dc220c1,1

11817,184,125,3,-2246,179,15745,-4091,2487,-3267,bf7e3159,bc3ba86e,bd904e1c,3dc20055,bf7e315a,bc3ba873,bd904e1e,3dc20058,1

11818,196,129,4,-2266,137,15708,-4081,2537,-3297,bf7e2ecc,bc3186c5,bd904600,3dc301de,bf7e2ecc,bc3186c9,bd904602,3dc301e0,1

11819,209,124,12,-2274,48,15736,-4041,2497,-3272,bf7e2d30,bc256f55,bd908b08,3dc37eff,bf7e2d30,bc256f58,bd908b0a,3dc37f01,1

11820,193,126,6,-2275,101,15748,-4095,2525,-3191,bf7e2a7b,bc1d7605,bd90aae1,3dc462a3,bf7e2a7b,bc1d7607,bd90aae2,3dc462a5,1

11821,175,135,8,-2245,192,15723,-4095,2525,-3191,bf7e291a,bc24b4ba,bd90264a,3dc51e2b,bf7e291a,bc24b4bd,bd90264a,3dc51e2d,1

11822,186,124,9,-2267,88,15704,-4097,2543,-3193,bf7e2628,bc1b6f11,bd9041dc,3dc61a81,bf7e2628,bc1b6f13,bd9041dc,3dc61a83,1

11823,189,115,10,-2299,95,15802,-4109,2533,-3245,bf7e2278,bc15a199,bd90c10b,3dc6fdb8,bf7e2278,bc15a19b,bd90c10c,3dc6fdba,1

11824,170,124,7,-2246,175,15749,-4109,2533,-3245,bf7e212b,bc1cf54e,bd90370c,3dc7b579,bf7e212c,bc1cf551,bd90370c,3dc7b57c,1

11825,181,127,6,-2276,101,15712,-4115,2517,-3265,bf7e1ed1,bc1d6076,bd90c1c4,3dc80f6e,bf7e1ed0,bc1d6079,bd90c1c3,3dc80f70,1

11826,190,125,8,-2264,127,15712,-4081,2449,-3232,bf7e20ff,bc281b8d,bd90e030,3dc724d7,bf7e2100,bc281b91,bd90e030,3dc724da,1

11827,193,118,4,-2254,77,15774,-4081,2449,-3232,bf7e248c,bc2ffd9f,bd90de04,3dc5e810,bf7e248c,bc2ffda1,bd90de04,3dc5e812,1

11828,189,120,4,-2253,93,15677,-4097,2489,-3295,bf7e25aa,bc2ccb40,bd90e30d,3dc5937c,bf7e25aa,bc2ccb43,bd90e30d,3dc5937e,1

11829,172,121,5,-2290,100,15769,-4097,2491,-3226,bf7e2567,bc2d8188,bd91797d,3dc53855,bf7e2567,bc2d818c,bd91797d,3dc53857,1

11830,170,129,3,-2235,162,15715,-4097,2491,-3226,bf7e27ba,bc3657b8,bd90b6b4,3dc4e800,bf7e27bb,bc3657bc,bd90b6b4,3dc4e802,1

11831,187,124,-2,-2254,135,15733,-4069,2543,-3263,bf7e257d,bc2ce282,bd90790c,3dc5ef53,bf7e257e,bc2ce286,bd90790c,3dc5ef55,1

11832,183,119,7,-2271,43,15699,-4069,2501,-3232,bf7e2421,bc222030,bd90d59b,3dc63f8e,bf7e2422,bc222034,bd90d59b,3dc63f90,1

11833,167,133,6,-2266,176,15776,-4125,2515,-3315,bf7e2385,bc2b84ae,bd9090c3,3dc6846e,bf7e2384,bc2b84b0,bd9090c2,3dc6846e,1

11834,173,129,5,-2254,180,15767,-4125,2515,-3315,bf7e22ff,bc32b0e9,bd901eae,3dc6e921,bf7e2300,bc32b0ec,bd901eaf,3dc6e922,1

11835,192,122,2,-2286,73,15720,-4093,2471,-3199,bf7e242f,bc344b24,bd90f719,3dc5e3e5,bf7e242e,bc344b26,bd90f719,3dc5e3e4,1

11836,185,123,3,-2273,124,15700,-4089,2471,-3179,bf7e2626,bc3bcb1e,bd91443b,3dc4ed64,bf7e2626,bc3bcb21,bd91443d,3dc4ed64,1

11837,186,124,0,-2268,120,15807,-4089,2471,-3179,bf7e29a8,bc3ff6f6,bd9112e5,3dc3df31,bf7e29a8,bc3ff6f7,bd9112e5,3dc3df32,1

11838,183,123,7,-2248,115,15659,-4115,2441,-3203,bf7e2d38,bc4771a6,bd911b42,3dc29299,bf7e2d38,bc4771a8,bd911b41,3dc2929a,1

11839,178,131,7,-2268,109,15662,-4067,2519,-3238,bf7e2b55,bc3c522d,bd911835,3dc35e14,bf7e2b55,bc3c522f,bd911834,3dc35e15,1

11840,181,130,3,-2261,156,15765,-4067,2519,-3238,bf7e2983,bc345e3e,bd90ba70,3dc458c6,bf7e2983,bc345e3f,bd90ba70,3dc458c7,1

11841,189,125,7,-2272,106,15763,-4129,2477,-3215,bf7e2bdd,bc38b76e,bd90fc70,3dc3543a,bf7e2bdd,bc38b76f,bd90fc70,3dc3543b,1

11842,189,120,11,-2275,113,15679,-4111,2519,-3239,bf7e2981,bc2f2867,bd9126f5,3dc41b9e,bf7e2981,bc2f2868,bd9126f5,3dc41b9f,1

11843,188,127,2,-2269,59,15756,-4111,2519,-3239,bf7e283a,bc23e402,bd911bff,3dc4b4b7,bf7e283a,bc23e403,bd911bff,3dc4b4b8,1

11844,166,129,2,-2245,185,15725,-4117,2451,-3206,bf7e2a9b,bc2fc86e,bd90f67c,3dc3e25d,bf7e2a9b,bc2fc86f,bd90f67c,3dc3e25e,1

11845,183,115,7,-2299,117,15763,-4089,2535,-3233,bf7e2766,bc26efb0,bd913055,3dc4dfe1,bf7e2767,bc26efb1,bd913056,3dc4dfe3,1

11846,182,125,8,-2262,135,15686,-4121,2455,-3250,bf7e29b2,bc317b6b,bd914294,3dc3ef21,bf7e29b3,bc317b6d,bd914295,3dc3ef23,1

11847,180,126,5,-2224,167,15686,-4121,2455,-3250,bf7e2ccb,bc3c1e22,bd90e4cf,3dc30b7a,bf7e2cca,bc3c1e23,bd90e4cf,3dc30b7b,1

11848,194,114,5,-2272,92,15753,-4081,2473,-3252,bf7e2e2d,bc365453,bd912d7f,3dc277f0,bf7e2e2e,bc365457,bd912d82,3dc277f3,1

11849,193,124,-1,-2248,116,15654,-4065,2479,-3185,bf7e2ff8,bc34b758,bd90f330,3dc21311,bf7e2ff9,bc34b75d,bd90f333,3dc21314,1

11850,187,126,3,-2270,91,15733,-4065,2479,-3185,bf7e309a,bc2eb81e,bd912b0e,3dc1ca86,bf7e3099,bc2eb821,bd912b10,3dc1ca86,1

11851,189,127,9,-2269,176,15742,-4043,2505,-3147,bf7e2e7a,bc2f8405,bd90e5a9,3dc2ad37,bf7e2e7a,bc2f8407,bd90e5ab,3dc2ad38,1

11852,190,132,7,-2260,111,15799,-4089,2455,-3238,bf7e31c8,bc37623e,bd90c9d3,3dc1901b,bf7e31c9,bc376241,bd90c9d5,3dc1901d,1

11853,199,123,8,-2267,59,15669,-4089,2455,-3238,bf7e343b,bc3530d5,bd9154ad,3dc06148,bf7e343b,bc3530d6,bd9154ad,3dc06147,1

11854,176,129,3,-2284,155,15780,-4067,2469,-3238,bf7e3556,bc3d344d,bd916e83,3dbfd14d,bf7e3556,bc3d344e,bd916e83,3dbfd14c,1

11855,177,134,-1,-2232,182,15679,-4099,2537,-3243,bf7e33b4,bc35b1a5,bd90d520,3dc0ebeb,bf7e33b5,bc35b1a7,bd90d521,3dc0ebeb,1

11856,189,125,3,-2276,68,15723,-4099,2537,-3243,bf7e3196,bc2a494f,bd90e0a0,3dc1bf41,bf7e3197,bc2a4951,bd90e0a1,3dc1bf41,1

11857,181,120,6,-2287,112,15760,-4125,2463,-3283,bf7e3335,bc32b26a,bd914aa4,3dc0c8bc,bf7e3334,bc32b26c,bd914aa4,3dc0c8ba,1

11858,168,124,-2,-2265,101,15692,-4091,2503,-3226,bf7e31e6,bc29be9d,bd914072,3dc15eec,bf7e31e5,bc29be9e,bd914072,3dc15eea,1

11859,171,119,3,-2221,115,15540,-4091,2503,-3226,bf7e319d,bc251c21,bd90b3ed,3dc1eff7,bf7e319d,bc251c21,bd90b3ed,3dc1eff6,1

11860,173,122,4,-2296,154,15802,-4061,2541,-3250,bf7e2df2,bc1eca4a,bd90c60b,3dc32a64,bf7e2df2,bc1eca4a,bd90c60b,3dc32a63,1

11861,177,123,1,-2212,138,15604,-4091,2497,-3255,bf7e2f6a,bc261ee0,bd9005dd,3dc325b7,bf7e2f6a,bc261ee0,bd9005de,3dc325b6,1

11862,192,119,6,-2271,76,15635,-4071,2519,-3325,bf7e2c82,bc1c44ee,bd906a51,3dc3edcd,bf7e2c83,bc1c44ef,bd906a53,3dc3edcd,1

11863,185,124,2,-2263,145,15722,-4071,2519,-3325,bf7e2997,bc1c2b1f,bd905d2f,3dc4e9ad,bf7e2996,bc1c2b1c,bd905d2e,3dc4e9ac,1

11864,182,132,0,-2270,134,15792,-4091,2477,-3234,bf7e2b0e,bc26fe49,bd9075cd,3dc43af1,bf7e2b0e,bc26fe46,bd9075cd,3dc43af1,1

11865,175,123,2,-2258,125,15731,-4161,2503,-3311,bf7e2b87,bc2cb3bb,bd907887,3dc3fd50,bf7e2b88,bc2cb3b9,bd907889,3dc3fd51,1

11866,187,121,-2,-2265,155,15734,-4161,2503,-3311,bf7e2b8a,bc34569f,bd908ef3,3dc3d0b8,bf7e2b89,bc34569e,bd908ef2,3dc3d0b8,1

11867,188,130,3,-2247,95,15733,-4107,2495,-3308,bf7e2c02,bc2bf10c,bd904a47,3dc3fabc,bf7e2c00,bc2bf10b,bd904a45,3dc3fabb,1

11868,184,122,2,-2265,166,15690,-4147,2503,-3305,bf7e2b57,bc346d20,bd90863d,3dc3e6e4,bf7e2b59,bc346d21,bd90863f,3dc3e6e6,1

11869,199,124,0,-2282,90,15827,-4147,2503,-3305,bf7e2aaa,bc2bb97f,bd90c769,3dc40e7f,bf7e2aaa,bc2bb97c,bd90c766,3dc40e7f,1

11870,201,131,-2,-2244,101,15652,-4117,2519,-3317,bf7e2940,bc22b74b,bd90919a,3dc4c9bb,bf7e2940,bc22b749,bd909199,3dc4c9bb,1

11871,196,131,1,-2256,94,15670,-4115,2479,-3297,bf7e2b18,bc299cc0,bd90cdf1,3dc3ed69,bf7e2b17,bc299cbf,bd90cdf0,3dc3ed68,1

11872,183,125,2,-2272,118,15758,-4115,2479,-3297,bf7e2ca8,bc314e9b,bd90fd5a,3dc32c9a,bf7e2ca9,bc314e9b,bd90fd5a,3dc32c9b,1

11873,184,124,-2,-2264,98,15783,-4071,2535,-3272,bf7e2abf,bc26e7ca,bd90cbaf,3dc4151a,bf7e2abe,bc26e7c8,bd90cbad,3dc41519,1

11874,176,131,-4,-2248,131,15617,-4081,2511,-3325,bf7e28b9,bc23dbfa,bd90a8e2,3dc4e0a7,bf7e28b9,bc23dbf9,bd90a8e1,3dc4e0a6,1

11875,176,137,-6,-2271,118,15766,-4107,2497,-3307,bf7e28c1,bc28b389,bd90c2c9,3dc4ba56,bf7e28c2,bc28b389,bd90c2c8,3dc4ba56,1

11876,179,135,0,-2267,95,15753,-4107,2497,-3307,bf7e28b9,bc25c912,bd90d391,3dc4bacc,bf7e28b8,bc25c90f,bd90d390,3dc4bacb,1

11877,160,127,-2,-2278,178,15723,-4105,2499,-3271,bf7e2839,bc30a41f,bd90f99b,3dc4a25b,bf7e2838,bc30a41b,bd90f99b,3dc4a25a,1

11878,181,124,-7,-2239,146,15725,-4079,2495,-3318,bf7e2949,bc32255f,bd902fb0,3dc4d970,bf7e2949,bc32255e,bd902fb0,3dc4d96f,1

11879,201,124,-13,-2282,128,15769,-4079,2495,-3318,bf7e278b,bc2fb64c,bd90b433,3dc510ed,bf7e278b,bc2fb64d,bd90b434,3dc510ee,1

11880,204,128,-8,-2269,91,15726,-4089,2487,-3157,bf7e28a6,bc2dde5e,bd910a62,3dc47cbd,bf7e28a5,bc2dde5f,bd910a61,3dc47cbe,1

11881,184,136,-12,-2261,154,15716,-4105,2487,-3229,bf7e2a23,bc3711cd,bd90e9bf,3dc3f7d5,bf7e2a23,bc3711d0,bd90e9be,3dc3f7d7,1

11882,193,139,-18,-2272,126,15763,-4105,2487,-3229,bf7e2b69,bc37ff57,bd90f8cd,3dc37f57,bf7e2b69,bc37ff5b,bd90f8cc,3dc37f59,1

11883,188,143,-32,-2265,105,15761,-4091,2467,-3252,bf7e2ed7,bc3ac6a2,bd90f4ce,3dc259d3,bf7e2ed7,bc3ac6a5,bd90f4ce,3dc259d5,1

11884,180,138,-32,-2266,70,15688,-4109,2515,-3262,bf7e2db8,bc2f45c9,bd90fa40,3dc2dde3,bf7e2db8,bc2f45cc,bd90fa40,3dc2dde5,1

11885,163,146,-44,-2257,90,15715,-4109,2515,-3262,bf7e2cde,bc25da53,bd90c683,3dc36c87,bf7e2cde,bc25da56,bd90c684,3dc36c89,1

11886,156,145,-44,-2265,80,15751,-4101,2505,-3246,bf7e2c5b,bc1ed4dc,bd90bc86,3dc3b5c5,bf7e2c5a,bc1ed4de,bd90bc86,3dc3b5c6,1

11887,144,144,-39,-2261,178,15746,-4091,2481,-3177,bf7e2dfc,bc2b77aa,bd909e30,3dc319a0,bf7e2dfc,bc2b77ad,bd909e32,3dc319a2,1

11888,152,148,-44,-2243,183,15713,-4087,2477,-3197,bf7e3026,bc375f66,bd905024,3dc27382,bf7e3025,bc375f67,bd905025,3dc27383,1

11889,176,147,-56,-2257,140,15748,-4087,2477,-3197,bf7e327d,bc3cf335,bd9040ef,3dc1a513,bf7e327e,bc3cf339,bd9040ef,3dc1a516,1

11890,180,141,-58,-2251,140,15746,-4093,2475,-3233,bf7e352d,bc3fd975,bd901355,3dc0d962,bf7e352d,bc3fd979,bd901353,3dc0d963,1

11891,190,139,-51,-2251,111,15716,-4105,2459,-3328,bf7e387f,bc40ad1c,bd903ca5,3dbf9e4d,bf7e387f,bc40ad1f,bd903ca4,3dbf9e4e,1

11892,184,141,-42,-2232,150,15713,-4105,2459,-3328,bf7e3c5d,bc46e0c1,bd8fcc26,3dbe903e,bf7e3c5c,bc46e0c2,bd8fcc24,3dbe903e,1

11893,197,136,-34,-2253,79,15735,-4081,2505,-3299,bf7e3b6d,bc3a7a0b,bd8fc93d,3dbf148d,bf7e3b6d,bc3a7a0e,bd8fc93c,3dbf148e,1

11894,198,130,-23,-2244,99,15746,-4101,2447,-3301,bf7e3f33,bc3deb72,bd8fdee1,3dbdb3d0,bf7e3f33,bc3deb74,bd8fdee1,3dbdb3d1,1

11895,182,129,-19,-2255,136,15742,-4101,2447,-3301,bf7e41ed,bc44cc73,bd90103c,3dbc87e8,bf7e41ee,bc44cc76,bd90103c,3dbc87ea,1

11896,185,131,-8,-2254,123,15727,-4095,2459,-3281,bf7e43f4,bc40f1c9,bd903e22,3dbbc53d,bf7e43f4,bc40f1ca,bd903e20,3dbbc53d,1

11897,182,135,-9,-2273,62,15740,-4095,2467,-3326,bf7e43dc,bc3568dc,bd909a71,3dbbb47c,bf7e43dc,bc3568dd,bd909a70,3dbbb47c,1

11898,166,134,-18,-2249,170,15727,-4095,2467,-3326,bf7e458c,bc3ddabe,bd904885,3dbb3f89,bf7e458b,bc3ddabe,bd904885,3dbb3f88,1

11899,168,133,-13,-2239,126,15732,-4087,2517,-3336,bf7e4432,bc337424,bd8ffddc,3dbc16f9,bf7e4432,bc337425,bd8ffddd,3dbc16f8,1

11900,188,128,-12,-2236,127,15719,-4105,2461,-3246,bf7e4746,bc38d7ea,bd8fcae5,3dbb1e5f,bf7e4746,bc38d7ea,bd8fcae5,3dbb1e5e,1

11901,187,129,-9,-2247,86,15738,-4123,2483,-3311,bf7e471d,bc2dc876,bd8fd20a,3dbb5120,bf7e471e,bc2dc876,bd8fd20b,3dbb5120,1

11902,178,129,-10,-2248,121,15719,-4123,2483,-3311,bf7e46f6,bc2b3c8a,bd8fe368,3dbb5a5f,bf7e46f5,bc2b3c86,bd8fe366,3dbb5a5d,1

11903,171,132,-3,-2252,107,15729,-4099,2477,-3265,bf7e471f,bc28b60b,bd900d76,3dbb3581,bf7e471e,bc28b607,bd900d75,3dbb357f,1

11904,170,129,0,-2259,136,15735,-4105,2491,-3240,bf7e45a0,bc285633,bd902907,3dbba33a,bf7e459f,bc285631,bd902907,3dbba338,1

11905,179,131,1,-2237,119,15720,-4105,2491,-3240,bf7e4582,bc247a4c,bd8fbef6,3dbc0c37,bf7e4582,bc247a49,bd8fbef8,3dbc0c36,1

11906,174,129,4,-2265,132,15739,-4073,2465,-3345,bf7e4596,bc2c6fe0,bd9028be,3dbb97a1,bf7e4596,bc2c6fdd,bd9028c0,3dbb97a0,1

11907,179,121,2,-2240,165,15737,-4085,2457,-3217,bf7e47ac,bc36f56a,bd8ffb3f,3dbadd85,bf7e47ac,bc36f567,bd8ffb41,3dbadd84,1

11908,188,127,3,-2247,99,15744,-4085,2457,-3217,bf7e4a57,bc348fd5,bd9008a3,3db9f430,bf7e4a57,bc348fd2,bd9008a4,3db9f42f,1

11909,190,125,5,-2249,103,15740,-4107,2509,-3289,bf7e48b0,bc29a6b3,bd8feef4,3dbac0fa,bf7e48b1,bc29a6b1,bd8feef5,3dbac0f9,1

11910,171,124,4,-2264,97,15743,-4035,2475,-3264,bf7e4729,bc225b50,bd9040e4,3dbb20d2,bf7e4728,bc225b4a,bd9040e2,3dbb20cf,1

11911,160,128,-4,-2249,190,15724,-4035,2475,-3264,bf7e4704,bc2d349f,bd900927,3dbb30e6,bf7e4705,bc2d349b,bd900925,3dbb30e5,1

11912,177,132,-3,-2247,123,15734,-4075,2501,-3260,bf7e454d,bc24cf6d,bd8fd900,3dbc096b,bf7e454d,bc24cf68,bd8fd8fd,3dbc0969,1

11913,165,130,-9,-2245,157,15742,-4089,2477,-3238,bf7e461b,bc2e6f47,bd8fb3b7,3dbbbd42,bf7e461a,bc2e6f41,bd8fb3b6,3dbbbd3f,1

11914,159,129,-10,-2245,149,15725,-4077,2471,-3224,bf7e46ff,bc355aeb,bd8faddb,3dbb5a52,bf7e46fe,bc355ae6,bd8fadd9,3dbb5a4f,1

11915,166,118,-9,-2249,123,15732,-4077,2471,-3224,bf7e4761,bc3289e7,bd8fd6d3,3dbb23ec,bf7e4762,bc3289e5,bd8fd6d3,3dbb23eb,1

11916,166,127,-4,-2251,143,15738,-4115,2463,-3215,bf7e494b,bc3a7545,bd8ff076,3dba4add,bf7e494c,bc3a7543,bd8ff076,3dba4adc,1

11917,174,133,-1,-2248,144,15726,-4119,2507,-3203,bf7e4780,bc31da9c,bd8fc8ba,3dbb2728,bf7e4780,bc31da9a,bd8fc8ba,3dbb2726,1

11918,185,126,0,-2244,82,15726,-4119,2507,-3203,bf7e4626,bc26c9a5,bd8fbd0a,3dbbce4d,bf7e4626,bc26c9a3,bd8fbd0a,3dbbce4b,1

11919,176,126,5,-2260,100,15739,-4129,2473,-3222,bf7e4729,bc2a7689,bd9030de,3dbb0fe2,bf7e4728,bc2a7688,bd9030dd,3dbb0fdf,1

11920,160,123,0,-2237,175,15746,-4097,2507,-3320,bf7e4585,bc289642,bd8f9b4d,3dbc185e,bf7e4584,bc289641,bd8f9b4c,3dbc185c,1

11921,164,127,0,-2237,152,15759,-4097,2507,-3320,bf7e43af,bc247c3d,bd8f3379,3dbd13d1,bf7e43b0,bc247c3e,bd8f3379,3dbd13d2,1

11922,173,126,2,-2255,173,15758,-4117,2501,-3289,bf7e41ac,bc2aaeda,bd8f536d,3dbd9319,bf7e41ac,bc2aaeda,bd8f536c,3dbd9319,1

11923,182,123,5,-2257,130,15751,-4075,2485,-3293,bf7e4002,bc2987bf,bd8faaa5,3dbde38a,bf7e4003,bc2987bf,bd8faaa5,3dbde38b,1

11924,183,125,0,-2247,161,15734,-4075,2485,-3293,bf7e3f63,bc2f85d2,bd8f95b0,3dbe12e4,bf7e3f64,bc2f85d3,bd8f95af,3dbe12e5,1

11925,190,123,0,-2235,154,15737,-4077,2449,-3258,bf7e41c7,bc398ad2,bd8f82d4,3dbd2dd0,bf7e41c8,bc398ad3,bd8f82d3,3dbd2dd1,1

11926,192,120,4,-2256,76,15750,-4107,2497,-3239,bf7e4080,bc2dd95a,bd8faed9,3dbda67a,bf7e4080,bc2dd95a,bd8faed7,3dbda67b,1

11927,180,123,5,-2262,155,15745,-4107,2447,-3216,bf7e4241,bc382e53,bd8fea60,3dbcbb3a,bf7e4242,bc382e53,bd8fea5f,3dbcbb3c,1

11928,176,121,6,-2243,158,15748,-4107,2447,-3216,bf7e44e1,bc41cde5,bd8fdeec,3dbbbad7,bf7e44e2,bc41cde6,bd8fdeeb,3dbbbad9,1

11929,185,124,7,-2252,122,15736,-4129,2523,-3206,bf7e42f1,bc370602,bd8fce9b,3dbc99b2,bf7e42f2,bc370602,bd8fce9a,3dbc99b3,1

11930,179,126,7,-2262,110,15745,-4111,2483,-3352,bf7e41dc,bc2ec338,bd90194b,3dbcdd89,bf7e41dc,bc2ec339,bd90194b,3dbcdd89,1

11931,176,130,6,-2248,195,15741,-4111,2483,-3352,bf7e4208,bc3899a0,bd8fd604,3dbcdc78,bf7e4208,bc3899a1,bd8fd604,3dbcdc78,1

11932,187,128,5,-2249,165,15742,-4115,2497,-3255,bf7e4097,bc3559d6,bd8fa59f,3dbd8991,bf7e4098,bc3559d8,bd8fa59f,3dbd8992,1

11933,194,125,3,-2270,155,15740,-4119,2465,-3248,bf7e416b,bc3d79fa,bd901bdc,3dbcc8a9,bf7e416b,bc3d79fa,bd901bdc,3dbcc8a9,1

11934,188,123,4,-2237,143,15721,-4119,2465,-3248,bf7e446f,bc4179c6,bd8fd236,3dbbebfc,bf7e446f,bc4179c6,bd8fd236,3dbbebfc,1

11935,192,123,3,-2248,119,15737,-4171,2461,-3241,bf7e479c,bc432960,bd8ff9fd,3dbab2ae,bf7e479d,bc432961,bd8ff9fd,3dbab2af,1

11936,187,130,4,-2256,133,15745,-4091,2463,-3269,bf7e48a0,bc3e21dd,bd901fd6,3dba51ad,bf7e489f,bc3e21dc,bd901fd4,3dba51ac,1

11937,185,126,-1,-2259,165,15739,-4091,2463,-3269,bf7e4992,bc42cd23,bd903dea,3db9d41e,bf7e4992,bc42cd22,bd903dea,3db9d41d,1

11938,191,128,-1,-2234,102,15705,-4129,2483,-3351,bf7e49ad,bc370eeb,bd8ffd68,3dba2ce3,bf7e49ad,bc370eeb,bd8ffd67,3dba2ce2,1

11939,189,116,3,-2252,89,15766,-4117,2509,-3236,bf7e482d,bc2bb050,bd8ff11b,3dbae46f,bf7e482d,bc2bb050,bd8ff11a,3dbae46e,1

11940,181,121,4,-2247,157,15730,-4209,2517,-3257,bf7e4665,bc2a8e27,bd8fbe85,3dbbaa37,bf7e4665,bc2a8e25,bd8fbe84,3dbbaa36,1

11941,184,122,5,-2245,107,15738,-4209,2517,-3257,bf7e44f6,bc22974c,bd8fad11,3dbc5061,bf7e44f6,bc22974a,bd8fad10,3dbc5060,1

11942,181,122,6,-2266,201,15764,-4147,2519,-3243,bf7e4216,bc289e99,bd8fbd31,3dbd2686,bf7e4216,bc289e96,bd8fbd31,3dbd2685,1

11943,190,127,2,-2253,124,15723,-4141,2531,-3269,bf7e3f6e,bc202e45,bd8fb615,3dbe2cc0,bf7e3f6e,bc202e42,bd8fb615,3dbe2cc0,1

11944,192,128,7,-2244,130,15733,-4141,2531,-3269,bf7e3cd0,bc19fb20,bd8f85fb,3dbf44d9,bf7e3cd1,bc19fb1d,bd8f85fc,3dbf44da,1

11945,186,122,10,-2246,110,15749,-4145,2449,-3256,bf7e3f18,bc24297e,bd8fa66f,3dbe4788,bf7e3f19,bc24297b,bd8fa66f,3dbe4789,1

11946,176,122,7,-2252,173,15754,-4159,2465,-3323,bf7e4085,bc2fc7a3,bd8fb885,3dbd9663,bf7e4085,bc2fc79f,bd8fb884,3dbd9664,1

11947,182,127,3,-2243,132,15723,-4159,2465,-3323,bf7e42d8,bc381f39,bd8fc688,3dbca3a6,bf7e42d8,bc381f36,bd8fc688,3dbca3a7,1

11948,190,126,3,-2276,93,15759,-4131,2471,-3225,bf7e433b,bc33f758,bd908139,3dbc03cd,bf7e433b,bc33f758,bd90813a,3dbc03ce,1

11949,176,124,6,-2269,185,15755,-4077,2475,-3192,bf7e4333,bc3cc684,bd908f4c,3dbbd92e,bf7e4334,bc3cc686,bd908f4e,3dbbd930,1

11950,189,126,2,-2229,156,15723,-4077,2475,-3192,bf7e4534,bc3b96f8,bd8fb332,3dbbd8fd,bf7e4533,bc3b96f9,bd8fb333,3dbbd8fc,1

11951,207,123,7,-2245,114,15719,-4099,2511,-3234,bf7e436e,bc3066e0,bd8fa483,3dbca8dc,bf7e436e,bc3066e2,bd8fa484,3dbca8dc,1

11952,197,123,7,-2266,119,15763,-4105,2493,-3287,bf7e4170,bc2934c5,bd8ff845,3dbd2eb9,bf7e416f,bc2934c7,bd8ff846,3dbd2eb8,1

11953,183,126,7,-2244,157,15759,-4127,2493,-3213,bf7e41bf,bc2f6ee7,bd8fa385,3dbd3e57,bf7e41bf,bc2f6ee7,bd8fa388,3dbd3e57,1

11954,189,125,0,-2260,96,15738,-4127,2493,-3213,bf7e40a1,bc27b3ec,bd90000e,3dbd7471,bf7e40a0,bc27b3ea,bd900010,3dbd7470,1

11955,181,127,1,-2266,154,15753,-4095,2479,-3244,bf7e409e,bc3056b3,bd903ab5,3dbd28ef,bf7e409d,bc3056b1,bd903ab7,3dbd28ee,1

11956,190,129,4,-2258,156,15734,-4119,2495,-3308,bf7e3f38,bc302457,bd902c1e,3dbdacf7,bf7e3f38,bc302456,bd902c1f,3dbdacf8,1

11957,199,126,0,-2246,144,15742,-4119,2495,-3308,bf7e3eac,bc2d9421,bd8fd575,3dbe26e1,bf7e3ead,bc2d9423,bd8fd577,3dbe26e3,1

11958,194,124,-1,-2249,125,15735,-4099,2529,-3302,bf7e3c58,bc24140d,bd8fb5cc,3dbf272e,bf7e3c58,bc24140e,bd8fb5cd,3dbf272f,1

11959,202,126,-2,-2249,153,15749,-4125,2453,-3259,bf7e3e63,bc2ea621,bd8fc6dd,3dbe46a1,bf7e3e63,bc2ea622,bd8fc6dd,3dbe46a2,1

11960,207,128,-2,-2257,143,15738,-4125,2453,-3259,bf7e4071,bc37e44d,bd8ff8f7,3dbd4d64,bf7e4071,bc37e44e,bd8ff8f7,3dbd4d65,1

11961,208,133,-1,-2260,94,15725,-4081,2517,-3250,bf7e3e85,bc2c557e,bd8ffe42,3dbe19c8,bf7e3e85,bc2c557f,bd8ffe42,3dbe19c9,1

11962,201,130,-3,-2253,110,15736,-4145,2469,-3253,bf7e40e6,bc323bcb,bd902a8b,3dbd1634,bf7e40e6,bc323bcc,bd902a8b,3dbd1635,1

11963,188,127,2,-2255,105,15747,-4145,2469,-3253,bf7e4366,bc34ad8e,bd905207,3dbc16ce,bf7e4367,bc34ad90,bd905207,3dbc16d0,1

11964,177,138,-4,-2236,81,15743,-4107,2493,-3211,bf7e4372,bc29c162,bd8ffbcc,3dbc7d58,bf7e4373,bc29c164,bd8ffbcb,3dbc7d5a,1

11965,163,134,-5,-2243,180,15724,-4115,2431,-3192,bf7e45c8,bc354413,bd8ff4cb,3dbb8d7f,bf7e45c8,bc354415,bd8ff4c9,3dbb8d80,1

11966,167,134,-5,-2227,154,15740,-4149,2463,-3201,bf7e490a,bc3e3802,bd8f9290,3dba9a20,bf7e490b,bc3e3805,bd8f928e,3dba9a22,1

11967,185,124,-6,-2247,111,15717,-4149,2463,-3201,bf7e4b88,bc3d31e1,bd8fdf8a,3db988dd,bf7e4b89,bc3d31e4,bd8fdf88,3db988df,1

11968,177,125,-14,-2254,202,15729,-4129,2487,-3262,bf7e4a75,bc4199b7,bd8fcd50,3db9e2fc,bf7e4a75,bc4199ba,bd8fcd4f,3db9e2fd,1

11969,184,130,-20,-2245,140,15728,-4099,2493,-3252,bf7e4957,bc37b89e,bd8faa72,3dba874d,bf7e4958,bc37b8a1,bd8faa73,3dba874e,1

11970,198,132,-21,-2258,93,15728,-4099,2493,-3252,bf7e4808,bc2c8728,bd8fd532,3dbb03a7,bf7e4809,bc2c872b,bd8fd533,3dbb03a8,1

11971,187,135,-14,-2241,166,15746,-4113,2465,-3281,bf7e49e6,bc369779,bd8fa737,3dba5db9,bf7e49e7,bc36977c,bd8fa737,3dba5dba,1

11972,199,126,-16,-2235,68,15719,-4157,2423,-3281,bf7e4de5,bc3b60c2,bd8fc612,3db8d46a,bf7e4de5,bc3b60c5,bd8fc610,3db8d46a,1

11973,186,121,-4,-2259,93,15743,-4157,2423,-3281,bf7e50f6,bc412a36,bd901b93,3db76a9e,bf7e50f7,bc412a38,bd901b93,3db76a9e,1

11974,164,131,-4,-2258,160,15748,-4119,2453,-3263,bf7e52f7,bc46df50,bd9037a9,3db68998,bf7e52f8,bc46df51,bd9037a8,3db68998,1

11975,172,131,-3,-2251,160,15728,-4089,2479,-3221,bf7e5209,bc3e298a,bd900b58,3db7245c,bf7e5208,bc3e2988,bd900b56,3db7245b,1

11976,183,134,-1,-2259,136,15757,-4089,2479,-3221,bf7e50fb,bc3517c7,bd900d76,3db7a524,bf7e50fa,bc3517c6,bd900d74,3db7a523,1

11977,188,129,0,-2256,157,15785,-4129,2471,-3236,bf7e5216,bc39a75f,bd8ff2f1,3db7454d,bf7e5217,bc39a760,bd8ff2f0,3db7454d,1

11978,180,133,-4,-2227,75,15669,-4089,2481,-3234,bf7e51d5,bc2dbbfc,bd8fc7e5,3db7ac6c,bf7e51d6,bc2dbbfd,bd8fc7e4,3db7ac6c,1

11979,175,141,-23,-2235,235,15715,-4073,2539,-3294,bf7e4f38,bc291ae3,bd8f560e,3db8fd44,bf7e4f38,bc291ae4,bd8f560c,3db8fd44,1

11980,177,139,-40,-2235,121,15720,-4073,2539,-3294,bf7e4d49,bc1f65da,bd8f2185,3db9f1d2,bf7e4d49,bc1f65db,bd8f2184,3db9f1d2,1

11981,200,141,-38,-2225,11,15678,-4047,2441,-3271,bf7e508d,bc1a03f7,bd8f6373,3db8b21c,bf7e508d,bc1a03f8,bd8f6373,3db8b21c,1

11982,179,133,-17,-2251,140,15714,-4079,2479,-3323,bf7e4f74,bc20d07c,bd8fa1d0,3db8cb8b,bf7e4f74,bc20d07c,bd8fa1d0,3db8cb8b,1

11983,156,139,-22,-2253,138,15762,-4079,2479,-3323,bf7e4e9a,bc24c311,bd8fa5f4,3db90514,bf7e4e9a,bc24c310,bd8fa5f4,3db90514,1

11984,163,137,-15,-2214,189,15713,-4091,2473,-3272,bf7e501f,bc2fac48,bd8f0dcc,3db8cd07,bf7e501f,bc2fac47,bd8f0dcc,3db8cd07,1

11985,179,118,-4,-2245,152,15744,-4083,2473,-3202,bf7e4fca,bc3356f9,bd8f3e91,3db8b65b,bf7e4fca,bc3356f8,bd8f3e92,3db8b65b,1

11986,187,119,-3,-2246,132,15756,-4083,2473,-3202,bf7e4f8c,bc3014c5,bd8f6104,3db8bda6,bf7e4f8b,bc3014c4,bd8f6104,3db8bda5,1

11987,184,122,-3,-2245,140,15726,-4113,2491,-3222,bf7e4de9,bc2b1aff,bd8f6cb4,3db95777,bf7e4dea,bc2b1aff,bd8f6cb7,3db95778,1

11988,180,129,2,-2238,101,15744,-4091,2471,-3219,bf7e4ef2,bc2776fc,bd8f6347,3db910da,bf7e4ef1,bc2776fc,bd8f6345,3db910da,1

11989,173,133,5,-2252,119,15739,-4091,2471,-3219,bf7e4f07,bc2a269e,bd8fb820,3db8be23,bf7e4f07,bc2a26a0,bd8fb81f,3db8be24,1

11990,164,136,8,-2245,136,15742,-4095,2485,-3316,bf7e4dd3,bc26fcf8,bd8f8b39,3db95695,bf7e4dd2,bc26fcfa,bd8f8b37,3db95695,1

11991,162,138,1,-2251,148,15749,-4083,2505,-3236,bf7e4b36,bc221b14,bd8f7139,3dba609a,bf7e4b35,bc221b16,bd8f7138,3dba609a,1

11992,157,132,-4,-2238,161,15747,-4119,2491,-3210,bf7e4b0a,bc2a194e,bd8f314b,3dba8406,bf7e4b09,bc2a1950,bd8f314b,3dba8406,1

11993,176,131,-6,-2240,151,15733,-4119,2491,-3210,bf7e4a33,bc2cc597,bd8f23cd,3dbace2b,bf7e4a32,bc2cc596,bd8f23ce,3dbace2b,1

11994,175,126,-3,-2247,141,15741,-4097,2495,-3226,bf7e4821,bc28d8f6,bd8f3b30,3dbb7e38,bf7e4821,bc28d8f5,bd8f3b33,3dbb7e38,1

11995,174,127,1,-2239,153,15734,-4069,2559,-3228,bf7e455f,bc20446d,bd8f098d,3dbcb0e9,bf7e455f,bc20446d,bd8f0990,3dbcb0e9,1

11996,173,124,2,-2245,119,15742,-4069,2559,-3228,bf7e427f,bc17468c,bd8ef0b7,3dbdd855,bf7e4280,bc17468d,bd8ef0ba,3dbdd856,1

11997,173,120,2,-2258,137,15739,-4077,2547,-3281,bf7e3edc,bc108acd,bd8f0148,3dbf17a4,bf7e3edb,bc108acc,bd8f014a,3dbf17a4,1

11998,170,126,-5,-2242,155,15725,-4089,2509,-3245,bf7e3cf4,bc1874eb,bd8f0531,3dbf9dd3,bf7e3cf5,bc1874ea,bd8f0534,3dbf9dd4,1

11999,177,125,-1,-2232,141,15727,-4089,2509,-3245,bf7e3b1d,bc1ba024,bd8ed2dc,3dc05556,bf7e3b1e,bc1ba023,bd8ed2dd,3dc05557,1

12000,181,125,-1,-2242,128,15738,-4091,2501,-3286,bf7e395d,bc1ec39d,bd8ef9d9,3dc0c228,bf7e395c,bc1ec39c,bd8ef9d7,3dc0c228,1

12001,179,128,3,-2237,160,15735,-4063,2521,-3226,bf7e3661,bc1d5232,bd8ec799,3dc1e742,bf7e3660,bc1d5232,bd8ec797,3dc1e742,1

12002,181,126,2,-2232,150,15739,-4063,2521,-3226,bf7e3392,bc1b9ccb,bd8e9022,3dc30058,bf7e3391,bc1b9cca,bd8e9022,3dc30058,1

12003,180,125,3,-2239,162,15730,-4111,2487,-3255,bf7e3421,bc270dce,bd8eb3b3,3dc29151,bf7e3421,bc270dcd,bd8eb3b5,3dc29152,1

12004,181,128,4,-2230,150,15749,-4123,2499,-3232,bf7e346e,bc2ea12f,bd8e9178,3dc276ea,bf7e346d,bc2ea12e,bd8e9179,3dc276ea,1

12005,188,122,6,-2245,109,15715,-4115,2479,-3289,bf7e3514,bc31e668,bd8f2684,3dc1c746,bf7e3513,bc31e667,bd8f2685,3dc1c746,1

12006,183,121,8,-2243,106,15700,-4115,2479,-3289,bf7e360e,bc327fcc,bd8f8e52,3dc125c9,bf7e360d,bc327fcb,bd8f8e53,3dc125c9,1

12007,164,122,9,-2254,145,15765,-4109,2539,-3197,bf7e333a,bc2aa8da,bd8f7490,3dc242c3,bf7e333a,bc2aa8da,bd8f7490,3dc242c3,1

12008,162,121,0,-2222,177,15735,-4121,2507,-3195,bf7e337b,bc32265b,bd8edc91,3dc28263,bf7e337b,bc32265b,bd8edc91,3dc28263,1

12009,177,125,4,-2243,124,15709,-4121,2507,-3195,bf7e31c1,bc2d43f7,bd8f1d20,3dc2f4fc,bf7e31c1,bc2d43f6,bd8f1d20,3dc2f4fc,1

12010,180,124,6,-2265,166,15785,-4123,2493,-3207,bf7e318f,bc366624,bd8f737f,3dc2a45e,bf7e318e,bc366622,bd8f737f,3dc2a45e,1

12011,180,123,7,-2231,168,15718,-4117,2519,-3235,bf7e2fbb,bc328bc2,bd8f0e67,3dc394ea,bf7e2fbc,bc328bc4,bd8f0e68,3dc394eb,1

12012,177,124,8,-2240,165,15768,-4117,2519,-3235,bf7e2d9c,bc305d90,bd8ed21b,3dc4793c,bf7e2d9c,bc305d92,bd8ed21c,3dc4793c,1

12013,187,119,10,-2219,96,15680,-4113,2497,-3218,bf7e2e37,bc2ac13c,bd8ec0d3,3dc4677e,bf7e2e37,bc2ac13e,bd8ec0d4,3dc4677e,1

12014,166,127,3,-2235,160,15674,-4083,2453,-3240,bf7e3000,bc3607c2,bd8ee9d5,3dc38cee,bf7e3000,bc3607c5,bd8ee9d5,3dc38cee,1

12015,168,127,3,-2212,178,15615,-4083,2453,-3240,bf7e3235,bc413544,bd8edf4e,3dc2b1cd,bf7e3235,bc413546,bd8edf4e,3dc2b1cd,1

12016,184,129,8,-2265,167,15819,-4145,2499,-3226,bf7e3129,bc42195c,bd8f412e,3dc2bd82,bf7e3128,bc42195b,bd8f412d,3dc2bd82,1

12017,177,125,8,-2270,173,15796,-4103,2469,-3208,bf7e3246,bc4a8be7,bd8fa38a,3dc1f515,bf7e3247,bc4a8be7,bd8fa38a,3dc1f516,1

12018,177,121,9,-2250,136,15820,-4151,2463,-3280,bf7e35ed,bc4e07bb,bd8f9858,3dc0bb51,bf7e35ed,bc4e07b9,bd8f9856,3dc0bb51,1

12019,185,130,10,-2227,153,15686,-4151,2463,-3280,bf7e399e,bc52065e,bd8f6755,3dbf965f,bf7e399e,bc52065d,bd8f6753,3dbf965f,1

12020,183,125,5,-2257,140,15757,-4111,2511,-3274,bf7e37e0,bc46e053,bd8f6ee6,3dc053a6,bf7e37e0,bc46e052,bd8f6ee4,3dc053a6,1

12021,192,131,6,-2248,143,15745,-4167,2511,-3275,bf7e368d,bc3d458b,bd8f6496,3dc0f252,bf7e368d,bc3d458a,bd8f6495,3dc0f252,1

12022,189,125,4,-2235,153,15711,-4167,2511,-3275,bf7e357b,bc37a160,bd8f2dab,3dc18a76,bf7e357b,bc37a15e,bd8f2dac,3dc18a76,1

12023,187,129,4,-2225,131,15711,-4099,2503,-3268,bf7e3499,bc2fdbea,bd8eded4,3dc22bc5,bf7e3499,bc2fdbe9,bd8eded4,3dc22bc5,1

12024,180,126,5,-2230,148,15695,-4129,2517,-3273,bf7e3277,bc2bdbb4,bd8ebfe8,3dc302ce,bf7e3278,bc2bdbb4,bd8ebfe8,3dc302cf,1

12025,181,123,5,-2224,147,15761,-4129,2517,-3273,bf7e3122,bc29a52d,bd8e55c8,3dc3c6f3,bf7e3122,bc29a52e,bd8e55c6,3dc3c6f3,1

12026,184,125,3,-2246,129,15757,-4103,2485,-3276,bf7e316e,bc308c48,bd8ec3f7,3dc34543,bf7e316e,bc308c48,bd8ec3f6,3dc34543,1

12027,176,125,8,-2256,110,15757,-4111,2487,-3202,bf7e3187,bc31cf30,bd8f5f5d,3dc2c6a8,bf7e3187,bc31cf30,bd8f5f5d,3dc2c6a8,1

12028,175,128,9,-2244,151,15733,-4111,2487,-3202,bf7e327d,bc395fa7,bd8f6938,3dc25307,bf7e327e,bc395fa8,bd8f6938,3dc25307,1

12029,165,121,6,-2250,135,15738,-4101,2491,-3303,bf7e31b8,bc360d4d,bd8f9151,3dc28226,bf7e31b8,bc360d4c,bd8f914f,3dc28225,1

12030,177,127,4,-2241,125,15746,-4105,2511,-3203,bf7e305d,bc2e2c1b,bd8f603f,3dc33471,bf7e305d,bc2e2c1a,bd8f603e,3dc33470,1

12031,177,124,-1,-2233,167,15738,-4105,2495,-3246,bf7e30fa,bc3639b2,bd8f1261,3dc31cf0,bf7e30fa,bc3639b1,bd8f1260,3dc31cef,1

12032,168,132,6,-2235,127,15745,-4105,2495,-3246,bf7e3109,bc32bce5,bd8eef20,3dc33f07,bf7e310a,bc32bce4,bd8eef1f,3dc33f07,1

12033,171,126,5,-2252,151,15744,-4095,2471,-3291,bf7e3213,bc3bfbb5,bd8f3f40,3dc28a42,bf7e3213,bc3bfbb0,bd8f3f3f,3dc28a41,1

12034,167,117,2,-2254,155,15725,-4081,2471,-3243,bf7e32f6,bc432c1d,bd8f9f23,3dc1dcd1,bf7e32f7,bc432c19,bd8f9f24,3dc1dcd0,1

12035,176,129,4,-2248,162,15735,-4081,2471,-3243,bf7e3491,bc4841ce,bd8fa70d,3dc13b75,bf7e3491,bc4841ca,bd8fa70d,3dc13b73,1

12036,177,127,6,-2243,138,15733,-4131,2475,-3270,bf7e36e1,bc46914e,bd8f9fec,3dc0846a,bf7e36e1,bc46914a,bd8f9fec,3dc08468,1

12037,183,123,3,-2242,128,15743,-4115,2521,-3267,bf7e3547,bc3bc3a5,bd8f79e6,3dc1530a,bf7e3547,bc3bc3a2,bd8f79e6,3dc15308,1

12038,173,123,-1,-2232,145,15743,-4115,2521,-3267,bf7e33a8,bc3333cb,bd8f2813,3dc23833,bf7e33a8,bc3333c8,bd8f2813,3dc23831,1

12039,176,122,-1,-2246,162,15753,-4095,2475,-3259,bf7e34e1,bc3ca398,bd8f4228,3dc19b00,bf7e34e0,bc3ca394,bd8f4227,3dc19afe,1

12040,174,127,2,-2240,161,15754,-4133,2467,-3234,bf7e3752,bc45b846,bd8f4089,3dc0aa11,bf7e3753,bc45b844,bd8f4089,3dc0aa10,1

12041,186,117,-3,-2241,173,15733,-4133,2467,-3234,bf7e399c,bc4da8c0,bd8f5187,3dbfba2c,bf7e399d,bc4da8be,bd8f5188,3dbfba2b,1

12042,192,119,-5,-2240,172,15727,-4115,2449,-3244,bf7e3c83,bc553869,bd8f6559,3dbe9301,bf7e3c84,bc553868,bd8f6559,3dbe9301,1

12043,205,118,2,-2242,145,15736,-4079,2511,-3247,bf7e3af5,bc498211,bd8f4e1d,3dbf5bf4,bf7e3af5,bc49820f,bd8f4e1d,3dbf5bf3,1

12044,206,122,8,-2238,152,15738,-4079,2511,-3247,bf7e3936,bc3ed1bb,bd8f257b,3dc039d8,bf7e3935,bc3ed1b9,bd8f257a,3dc039d6,1

12045,206,118,0,-2256,126,15734,-4161,2503,-3272,bf7e37b9,bc3651c0,bd8f8315,3dc09308,bf7e37ba,bc3651be,bd8f8315,3dc09308,1

12046,205,123,-5,-2244,145,15751,-4097,2471,-3356,bf7e3962,bc3be12a,bd8f7e46,3dbff4b1,bf7e3963,bc3be128,bd8f7e46,3dbff4b1,1

12047,199,116,3,-2249,146,15736,-4121,2483,-3240,bf7e39ff,bc3d0385,bd8fa9cc,3dbf9bbd,bf7e39ff,bc3d0382,bd8fa9ca,3dbf9bbc,1

12048,196,115,3,-2251,123,15726,-4121,2483,-3240,bf7e3a5d,bc382655,bd8fe7b2,3dbf60c4,bf7e3a5e,bc382654,bd8fe7b3,3dbf60c4,1

12049,196,118,3,-2251,120,15739,-4111,2479,-3178,bf7e3bd1,bc36fb25,bd900737,3dbed259,bf7e3bd0,bc36fb23,bd900735,3dbed258,1

12050,192,114,1,-2253,159,15736,-4153,2477,-3171,bf7e3da7,bc3f5876,bd901af4,3dbe054e,bf7e3da6,bc3f5874,bd901af3,3dbe054d,1

12051,197,120,1,-2234,140,15720,-4153,2477,-3171,bf7e40ea,bc416d6f,bd8fbf1b,3dbd2ad1,bf7e40e9,bc416d6e,bd8fbf19,3dbd2ad0,1

12052,196,121,6,-2249,127,15754,-4095,2479,-3170,bf7e4147,bc39b1d1,bd8fc069,3dbd29b2,bf7e4147,bc39b1d0,bd8fc068,3dbd29b2,1

12053,180,122,7,-2246,151,15735,-4119,2455,-3243,bf7e43ae,bc423d95,bd8fcf21,3dbc2cf2,bf7e43ae,bc423d94,bd8fcf20,3dbc2cf2,1

12054,188,132,2,-2215,164,15684,-4119,2455,-3243,bf7e474e,bc497844,bd8f5438,3dbb3194,bf7e474e,bc497843,bd8f5437,3dbb3194,1

12055,191,128,-2,-2242,164,15801,-4109,2453,-3217,bf7e4a86,bc4e5460,bd8f2fbd,3dba1ff8,bf7e4a87,bc4e5460,bd8f2fbd,3dba1ff9,1

12056,193,128,0,-2255,89,15818,-4087,2451,-3187,bf7e4c40,bc43fa93,bd8f6f59,3db9844e,bf7e4c40,bc43fa92,bd8f6f59,3db9844f,1

12057,188,126,5,-2222,138,15658,-4087,2451,-3187,bf7e4f87,bc451b26,bd8f4c20,3db87aad,bf7e4f88,bc451b27,bd8f4c20,3db87aaf,1

12058,187,126,2,-2248,184,15692,-4095,2487,-3235,bf7e4d4f,bc3f3144,bd8f68dc,3db940a9,bf7e4d4f,bc3f3145,bd8f68dc,3db940aa,1

12059,187,123,3,-2247,82,15792,-4073,2449,-3186,bf7e4fb8,bc378736,bd8f9114,3db86c6b,bf7e4fb7,bc378737,bd8f9113,3db86c6b,1

12060,173,125,2,-2256,182,15704,-4095,2505,-3256,bf7e4cad,bc31fc51,bd8f9f63,3db982cc,bf7e4cae,bc31fc54,bd8f9f63,3db982cd,1

12061,180,128,1,-2227,151,15689,-4095,2505,-3256,bf7e4aef,bc2a94ae,bd8f46bb,3dba7af3,bf7e4af0,bc2a94b1,bd8f46bb,3dba7af4,1

12062,183,120,4,-2274,112,15805,-4091,2425,-3299,bf7e4ccc,bc337bce,bd8fb2ab,3db96346,bf7e4ccd,bc337bd2,bd8fb2aa,3db96347,1

12063,187,121,6,-2297,127,15952,-4091,2429,-3233,bf7e4ed3,bc3bb543,bd9015b9,3db842b7,bf7e4ed4,bc3bb547,bd9015b7,3db842b8,1

12064,183,124,2,-2218,187,15678,-4091,2429,-3233,bf7e51a9,bc4610c0,bd8fd4b9,3db74eff,bf7e51aa,bc4610c3,bd8fd4b7,3db74f00,1

12065,196,121,1,-2236,148,15754,-4095,2471,-3209,bf7e524c,bc3d7935,bd8f727e,3db7879a,bf7e524b,bc3d7936,bd8f727d,3db78799,1

12066,201,118,10,-2235,135,15783,-4137,2411,-3235,bf7e5584,bc4595a8,bd8f73f7,3db645fd,bf7e5584,bc4595a9,bd8f73f6,3db645fd,1

12067,194,119,1,-2248,124,15730,-4137,2411,-3235,bf7e589b,bc4c1a7b,bd8fb1cd,3db4e35c,bf7e589b,bc4c1a7b,bd8fb1cc,3db4e35c,1

12068,194,114,-1,-2233,137,15740,-4099,2431,-3229,bf7e5caa,bc4ce319,bd8f9001,3db38c48,bf7e5cab,bc4ce31a,bd8f9001,3db38c49,1

12069,186,115,4,-2248,102,15733,-4089,2421,-3225,bf7e5fd8,bc49dc63,bd8fe71c,3db23262,bf7e5fd9,bc49dc64,bd8fe71c,3db23264,1

12070,179,120,4,-2241,166,15710,-4089,2421,-3225,bf7e62de,bc50afba,bd8fec45,3db0f986,bf7e62dd,bc50afba,bd8fec44,3db0f986,1

12071,188,122,1,-2233,145,15709,-4061,2423,-3282,bf7e6677,bc4ccc86,bd8fb5de,3dafebfa,bf7e6678,bc4ccc86,bd8fb5df,3dafebfc,1

12072,191,116,4,-2230,77,15788,-4103,2395,-3303,bf7e6b1c,bc4b8051,bd8f9ecb,3dae5536,bf7e6b1c,bc4b8051,bd8f9eca,3dae5538,1

12073,175,119,6,-2268,119,15751,-4103,2475,-3247,bf7e6988,bc3fd6e5,bd8fd361,3daef213,bf7e6988,bc3fd6e5,bd8fd360,3daef215,1

12074,160,134,9,-2227,173,15732,-4103,2475,-3247,bf7e68dd,bc38396b,bd8f49bf,3dafc18d,bf7e68dd,bc38396c,bd8f49be,3dafc18f,1

12075,170,133,6,-2242,154,15724,-4113,2469,-3277,bf7e679a,bc31d39c,bd8f4ab5,3db04f78,bf7e679a,bc31d39e,bd8f4ab4,3db04f7a,1

12076,176,135,3,-2253,116,15760,-4045,2467,-3212,bf7e6609,bc2814ae,bd8f6b54,3db0eb63,bf7e660a,bc2814b2,bd8f6b53,3db0eb65,1

12077,180,128,5,-2250,163,15751,-4045,2467,-3212,bf7e642f,bc28f57c,bd8f7552,3db18a18,bf7e642f,bc28f57f,bd8f7550,3db18a19,1

12078,180,128,4,-2238,144,15715,-4109,2491,-3215,bf7e6220,bc2293b5,bd8f50e0,3db27be2,bf7e6220,bc2293b7,bd8f50de,3db27be3,1

12079,174,128,5,-2247,144,15761,-4083,2427,-3210,bf7e6407,bc2d135c,bd8f6fa4,3db18d2d,bf7e6408,bc2d135f,bd8f6fa3,3db18d2e,1

12080,173,129,0,-2246,163,15746,-4083,2427,-3210,bf7e65f5,bc3778da,bd8f86e2,3db09f2c,bf7e65f5,bc3778dc,bd8f86e1,3db09f2d,1

12081,176,120,2,-2242,146,15717,-4087,2487,-3242,bf7e640d,bc2e20e6,bd8f73e1,3db18395,bf7e640e,bc2e20e9,bd8f73e0,3db18397,1

12082,176,125,6,-2246,161,15744,-4119,2467,-3262,bf7e63a7,bc31b14a,bd8f79db,3db1955c,bf7e63a6,bc31b14c,bd8f79d9,3db1955c,1

12083,180,119,3,-2244,139,15742,-4119,2467,-3262,bf7e6347,bc2e0350,bd8f81b8,3db1bf8d,bf7e6347,bc2e0352,bd8f81b8,3db1bf8f,1

12084,185,122,2,-2237,152,15730,-4055,2465,-3310,bf7e6243,bc2a3a84,bd8f481c,3db259a0,bf7e6244,bc2a3a87,bd8f481d,3db259a3,1

12085,191,123,3,-2235,146,15723,-4075,2473,-3309,bf7e60d9,bc25e0e8,bd8f2120,3db30a02,bf7e60da,bc25e0ec,bd8f2122,3db30a05,1

12086,188,120,7,-2250,139,15750,-4077,2471,-3294,bf7e5ef9,bc247197,bd8f6431,3db383d4,bf7e5ef9,bc247198,bd8f6430,3db383d5,1

12087,190,126,8,-2243,137,15747,-4077,2471,-3294,bf7e5dde,bc23a7af,bd8f5ab2,3db3f2aa,bf7e5ddd,bc23a7af,bd8f5ab1,3db3f2aa,1

12088,193,123,6,-2247,149,15737,-4131,2439,-3235,bf7e5f9c,bc2dd8e9,bd8f83d0,3db30d5b,bf7e5f9d,bc2dd8eb,bd8f83d1,3db30d5c,1

12089,190,125,6,-2233,133,15744,-4099,2519,-3241,bf7e5d94,bc240884,bd8f48d7,3db419be,bf7e5d93,bc240883,bd8f48d7,3db419be,1

12090,186,127,6,-2243,108,15742,-4099,2519,-3241,bf7e5b3a,bc1a356f,bd8f3587,3db51f8a,bf7e5b3a,bc1a356f,bd8f3588,3db51f8b,1

12091,175,118,8,-2232,147,15747,-4135,2479,-3335,bf7e5b4f,bc227a7b,bd8f0279,3db5237c,bf7e5b4f,bc227a7c,bd8f027a,3db5237d,1

12092,184,127,4,-2235,164,15745,-4111,2471,-3241,bf7e5ba9,bc2bbd74,bd8ef00f,3db4f053,bf7e5ba9,bc2bbd76,bd8ef00f,3db4f054,1

12093,190,123,3,-2211,160,15664,-4111,2471,-3241,bf7e5c88,bc312e7b,bd8e8ab5,3db4dceb,bf7e5c88,bc312e7d,bd8e8ab5,3db4dcec,1

12094,197,127,4,-2372,122,16138,-4091,2489,-3266,bf7e58e0,bc29c1b1,bd8f8bea,3db576ad,bf7e58e1,bc29c1b4,bd8f8beb,3db576ae,1

12095,182,122,3,-2444,202,16692,-4079,2443,-3258,bf7e587e,bc343452,bd90398a,3db4e77c,bf7e587d,bc343455,bd90398a,3db4e77c,1

12096,188,124,2,-2349,220,16176,-4079,2443,-3258,bf7e58bc,bc3f4ad3,bd9095a9,3db459ac,bf7e58bd,bc3f4ad6,bd9095ab,3db459ad,1

12097,193,120,6,-2260,194,15802,-4101,2471,-3290,bf7e586e,bc3f4bcb,bd90233e,3db4d09b,bf7e586e,bc3f4bcb,bd90233f,3db4d09b,1

12098,198,125,0,-2240,135,15669,-4097,2435,-3329,bf7e5b5f,bc42c458,bd9031ad,3db3ac9e,bf7e5b60,bc42c457,bd9031b0,3db3ac9f,1

12099,207,124,3,-2259,41,15620,-4105,2487,-3321,bf7e5a1a,bc35a890,bd9064d4,3db42d4b,bf7e5a1b,bc35a88f,bd9064d7,3db42d4c,1

12100,195,123,8,-2213,63,15652,-4105,2487,-3321,bf7e59c5,bc294cde,bd901503,3db4bb14,bf7e59c5,bc294cdd,bd901504,3db4bb14,1

12101,192,131,5,-2235,140,15746,-4081,2445,-3235,bf7e5c6f,bc31d1cf,bd8fcbc3,3db3e48b,bf7e5c6e,bc31d1ce,bd8fcbc2,3db3e48a,1

12102,194,132,4,-2178,157,15793,-4107,2459,-3176,bf7e608d,bc353887,bd8e661a,3db37ebe,bf7e608c,bc353886,bd8e6619,3db37ebd,1

12103,183,127,6,-2215,183,15736,-4107,2459,-3176,bf7e6222,bc3dabfb,bd8e1cec,3db30620,bf7e6223,bc3dabfc,bd8e1ced,3db30620,1

12104,180,124,7,-2216,159,15718,-4115,2551,-3308,bf7e5fea,bc338699,bd8df022,3db41c8e,bf7e5fea,bc33869a,bd8df022,3db41c8d,1

12105,179,130,7,-2306,101,15954,-4095,2465,-3248,bf7e5db2,bc2cdf65,bd8ef6a5,3db42f13,bf7e5db2,bc2cdf66,bd8ef6a5,3db42f12,1

12106,174,124,5,-2348,98,16002,-4095,2465,-3248,bf7e5b04,bc28f1de,bd903900,3db42f5b,bf7e5b04,bc28f1dd,bd903900,3db42f5a,1

12107,167,130,4,-2299,148,15825,-4077,2487,-3260,bf7e57a9,bc24ab02,bd90b26f,3db50c85,bf7e57a9,bc24ab01,bd90b26f,3db50c84,1

12108,176,122,1,-2273,103,15830,-4083,2501,-3266,bf7e55ae,bc1b2c74,bd909b11,3db5f1d9,bf7e55af,bc1b2c74,bd909b11,3db5f1d8,1

12109,173,122,2,-2248,103,15803,-4083,2501,-3266,bf7e543f,bc134715,bd903400,3db6de25,bf7e5440,bc134715,bd903400,3db6de24,1

12110,167,117,4,-2241,121,15719,-4079,2483,-3220,bf7e53bd,bc17e12b,bd8feeb0,3db7326d,bf7e53bc,bc17e128,bd8feeae,3db7326b,1

12111,162,128,4,-2225,151,15759,-4093,2535,-3258,bf7e517e,bc11f4cb,bd8f6cfb,3db8721f,bf7e517e,bc11f4c9,bd8f6cfa,3db8721e,1

12112,167,128,3,-2232,185,15676,-4087,2439,-3265,bf7e52f3,bc1e666a,bd8f6dfb,3db7c750,bf7e52f2,bc1e6666,bd8f6dfb,3db7c74e,1

12113,183,125,8,-2249,77,15806,-4087,2439,-3265,bf7e55af,bc253cbc,bd8f995d,3db69a0e,bf7e55b0,bc253cb8,bd8f995f,3db69a0e,1

12114,181,120,8,-2237,174,15722,-4103,2469,-3188,bf7e567b,bc2f9d24,bd8f79a3,3db64540,bf7e567c,bc2f9d21,bd8f79a4,3db64540,1

12115,178,117,-1,-2254,132,15738,-4103,2489,-3205,bf7e5466,bc28a163,bd8fa6b6,3db6f5c3,bf7e5466,bc28a15e,bd8fa6b4,3db6f5c2,1

12116,184,119,3,-2247,103,15742,-4103,2489,-3205,bf7e52fd,bc202de0,bd8fadab,3db78c33,bf7e52fe,bc202ddd,bd8fada9,3db78c33,1

12117,170,122,1,-2260,159,15740,-4131,2523,-3245,bf7e4f99,bc1c0d08,bd8fb3e2,3db8c0a6,bf7e4f9a,bc1c0d06,bd8fb3e1,3db8c0a6,1

12118,172,126,-3,-2246,127,15743,-4105,2505,-3197,bf7e4d5c,bc18abf4,bd8f919d,3db9ab6e,bf7e4d5c,bc18abf2,bd8f919b,3db9ab6d,1

12119,176,134,3,-2259,159,15751,-4105,2505,-3197,bf7e4aba,bc1cf7e2,bd8fa7eb,3dba71f8,bf7e4abb,bc1cf7e0,bd8fa7eb,3dba71f8,1

12120,178,130,3,-2246,130,15727,-4105,2501,-3287,bf7e4898,bc1b4356,bd8f93e1,3dbb4140,bf7e4898,bc1b4354,bd8f93e2,3dbb4140,1

12121,172,114,0,-2226,176,15748,-4057,2527,-3280,bf7e460c,bc17c433,bd8f1705,3dbc8892,bf7e460c,bc17c432,bd8f1705,3dbc8892,1

12122,184,123,3,-2245,137,15754,-4057,2527,-3280,bf7e42e0,bc11a554,bd8efd36,3dbdc06a,bf7e42df,bc11a554,bd8efd36,3dbdc06a,1

12123,192,123,3,-2251,142,15757,-4135,2469,-3307,bf7e43ea,bc1cec18,bd8f30ca,3dbd1b82,bf7e43ea,bc1cec17,bd8f30ca,3dbd1b83,1

12124,187,121,-2,-2242,148,15745,-4081,2527,-3252,bf7e40df,bc17c518,bd8f0ad7,3dbe4e51,bf7e40e0,bc17c518,bd8f0ad7,3dbe4e53,1

12125,198,123,5,-2250,103,15741,-4111,2503,-3272,bf7e3eb1,bc167f22,bd8f5ea5,3dbecd70,bf7e3eb0,bc167f22,bd8f5ea4,3dbecd71,1

12126,191,123,5,-2241,147,15733,-4111,2503,-3272,bf7e3da5,bc1e06f5,bd8f4950,3dbf1e16,bf7e3da5,bc1e06f8,bd8f4951,3dbf1e18,1

12127,189,124,-1,-2229,159,15711,-4099,2509,-3292,bf7e3c05,bc215d8c,bd8ef100,3dbfdee9,bf7e3c05,bc215d8f,bd8ef0ff,3dbfdeeb,1

12128,195,125,7,-2246,121,15733,-4059,2501,-3244,bf7e397d,bc1db87c,bd8f1f2a,3dc09f59,bf7e397d,bc1db880,bd8f1f2a,3dc09f5b,1

12129,192,123,4,-2261,142,15724,-4059,2501,-3244,bf7e3697,bc2087e3,bd8f9110,3dc135ab,bf7e3696,bc2087e6,bd8f910f,3dc135ad,1

12130,186,128,3,-2242,120,15753,-4107,2475,-3221,bf7e3895,bc29ca10,bd8f8f83,3dc06f2c,bf7e3894,bc29ca13,bd8f8f82,3dc06f2e,1

12131,195,123,8,-2260,100,15762,-4135,2475,-3319,bf7e39e8,bc2e198f,bd8fff6c,3dbf9b6d,bf7e39e8,bc2e1994,bd8fff6c,3dbf9b6f,1

12132,190,119,6,-2248,114,15739,-4135,2475,-3319,bf7e3c00,bc32a3a7,bd900a7e,3dbed0d2,bf7e3c00,bc32a3ad,bd900a7e,3dbed0d4,1

12133,191,124,2,-2241,131,15728,-4067,2507,-3315,bf7e3a54,bc299dd7,bd8fc5b2,3dbfb38d,bf7e3a53,bc299ddc,bd8fc5b2,3dbfb38f,1

12134,181,121,1,-2221,154,15726,-4107,2535,-3254,bf7e3856,bc231731,bd8f43ae,3dc0d380,bf7e3856,bc231735,bd8f43b0,3dc0d383,1

12135,185,122,1,-2224,162,15763,-4107,2535,-3254,bf7e3610,bc1efec7,bd8ec25d,3dc1ffd8,bf7e3610,bc1efecc,bd8ec25f,3dc1ffdb,1

12136,189,122,9,-2235,151,15740,-4133,2553,-3319,bf7e32d3,bc190110,bd8e9698,3dc34226,bf7e32d3,bc190115,bd8e969a,3dc34229,1

12137,186,126,5,-2230,140,15733,-4095,2473,-3287,bf7e343f,bc242e64,bd8ea5d2,3dc29b9d,bf7e3440,bc242e6b,bd8ea5d3,3dc29ba1,1

12138,185,126,2,-2240,113,15726,-4151,2499,-3283,bf7e3432,bc282d18,bd8efd25,3dc25284,bf7e3432,bc282d20,bd8efd24,3dc25286,1

12139,176,125,9,-2256,143,15751,-4151,2499,-3283,bf7e339f,bc2f5632,bd8f5f10,3dc22109,bf7e339f,bc2f5638,bd8f5f10,3dc2210b,1

12140,182,122,5,-2240,137,15727,-4099,2463,-3305,bf7e35b4,bc3897f9,bd8f7330,3dc14053,bf7e35b4,bc3897fe,bd8f7330,3dc14055,1

12141,180,121,6,-2247,136,15732,-4087,2469,-3272,bf7e3753,bc3db5c8,bd8fa3b2,3dc07f86,bf7e3754,bc3db5cc,bd8fa3b4,3dc07f89,1

12142,180,123,7,-2224,119,15740,-4087,2469,-3272,bf7e3a98,bc3b4cf5,bd8f1c88,3dbfd964,bf7e3a97,bc3b4cf8,bd8f1c86,3dbfd965,1

12143,175,123,4,-2245,161,15727,-4103,2461,-3314,bf7e3c2e,bc441cd0,bd8f4fce,3dbf0901,bf7e3c2f,bc441cd4,bd8f4fce,3dbf0903,1

12144,185,129,8,-2250,140,15712,-4095,2519,-3297,bf7e39f4,bc39b5ad,bd8f4ffa,3dbfef69,bf7e39f4,bc39b5b1,bd8f4ffa,3dbfef6b,1

12145,196,123,12,-2264,104,15727,-4095,2519,-3297,bf7e3783,bc2ec89c,bd8f8231,3dc0c192,bf7e3783,bc2ec8a0,bd8f8231,3dc0c194,1

12146,185,122,13,-2247,128,15734,-4089,2511,-3263,bf7e3541,bc2754f3,bd8f7736,3dc1a299,bf7e3540,bc2754f6,bd8f7736,3dc1a29b,1

12147,184,118,10,-2241,137,15743,-4095,2501,-3167,bf7e3488,bc29c3b0,bd8f5499,3dc1f009,bf7e3487,bc29c3b4,bd8f549a,3dc1f00b,1

12148,178,120,10,-2243,127,15731,-4095,2501,-3167,bf7e3374,bc295eda,bd8f5d74,3dc2455e,bf7e3374,bc295ee1,bd8f5d75,3dc24560,1

12149,176,116,6,-2240,137,15753,-4113,2481,-3242,bf7e350f,bc324e59,bd8f59bf,3dc1a1ba,bf7e350f,bc324e5f,bd8f59c0,3dc1a1bc,1

12150,165,125,6,-2243,152,15740,-4109,2483,-3256,bf7e3608,bc39e97f,bd8f5b44,3dc13195,bf7e3608,bc39e985,bd8f5b44,3dc13197,1

12151,170,128,5,-2252,151,15739,-4075,2473,-3233,bf7e36d8,bc3f8c0f,bd8f9973,3dc0a91a,bf7e36d8,bc3f8c14,bd8f9973,3dc0a91c,1

12152,176,125,9,-2262,122,15731,-4075,2473,-3233,bf7e36e5,bc3bda3e,bd901cc7,3dc050e2,bf7e36e6,bc3bda43,bd901cc6,3dc050e5,1

12153,167,133,9,-2247,121,15734,-4063,2455,-3283,bf7e39de,bc3fa9a0,bd901300,3dbf4cff,bf7e39dd,bc3fa9a6,bd9012fd,3dbf4d01,1

12154,163,127,5,-2239,163,15754,-4121,2499,-3270,bf7e397d,bc3ae6ff,bd8f8835,3dbfe83c,bf7e397c,bc3ae703,bd8f8833,3dbfe83e,1

12155,179,121,5,-2237,123,15740,-4121,2499,-3270,bf7e38db,bc3243a0,bd8f55f5,3dc0644f,bf7e38db,bc3243a3,bd8f55f6,3dc06451,1

12156,174,129,4,-2257,162,15751,-4117,2491,-3283,bf7e3812,bc37dc9e,bd8f93eb,3dc06338,bf7e3812,bc37dca1,bd8f93ec,3dc0633a,1

12157,167,128,1,-2227,182,15731,-4063,2485,-3290,bf7e387e,bc3c7644,bd8ef0d4,3dc0a775,bf7e387e,bc3c7647,bd8ef0d5,3dc0a776,1

12158,174,139,4,-2239,150,15750,-4063,2485,-3290,bf7e37b6,bc382adc,bd8ed931,3dc10b6d,bf7e37b6,bc382ade,bd8ed931,3dc10b6e,1

12159,178,122,8,-2251,154,15743,-4123,2479,-3273,bf7e383b,bc3ee08f,bd8f3c21,3dc07c63,bf7e383b,bc3ee091,bd8f3c21,3dc07c64,1

12160,187,118,5,-2261,128,15732,-4121,2505,-3327,bf7e3606,bc3580ba,bd8f8a8c,3dc11fbd,bf7e3605,bc3580ba,bd8f8a8a,3dc11fbe,1

12161,188,125,2,-2271,114,15736,-4121,2505,-3327,bf7e33b2,bc2d2de9,bd8ffa88,3dc1af18,bf7e33b1,bc2d2dea,bd8ffa87,3dc1af19,1

12162,184,123,4,-2257,139,15710,-4075,2493,-3267,bf7e3249,bc2dcadb,bd902725,3dc20233,bf7e3248,bc2dcadd,bd902725,3dc20234,1

12163,186,125,2,-2242,126,15686,-4077,2477,-3267,bf7e33d5,bc32fc5c,bd901463,3dc17b57,bf7e33d6,bc32fc5f,bd901465,3dc17b5a,1

12164,183,114,6,-2253,146,15780,-4089,2511,-3301,bf7e31e9,bc2c76b7,bd8fd5d4,3dc262c9,bf7e31e8,bc2c76b9,bd8fd5d3,3dc262cb,1

12165,184,130,3,-2213,150,15671,-4089,2511,-3301,bf7e312a,bc29270d,bd8f1984,3dc33751,bf7e312a,bc29270e,bd8f1984,3dc33753,1

12166,191,125,5,-2216,149,15630,-4083,2451,-3251,bf7e3375,bc33bf87,bd8f1954,3dc2522d,bf7e3374,bc33bf87,bd8f1953,3dc2522f,1

12167,193,120,3,-2290,133,15833,-4105,2485,-3297,bf7e3212,bc35b7e9,bd8fff39,3dc21470,bf7e3212,bc35b7ea,bd8fff39,3dc21473,1

12168,185,117,8,-2266,155,15833,-4105,2485,-3297,bf7e329e,bc3b12ae,bd8ffb4a,3dc1d535,bf7e329f,bc3b12b1,bd8ffb49,3dc1d539,1

12169,183,124,7,-2231,169,15641,-4085,2465,-3211,bf7e34ce,bc44895b,bd8fe077,3dc10bfd,bf7e34ce,bc44895f,bd8fe076,3dc10c01,1

12170,192,126,5,-2215,127,15646,-4109,2467,-3350,bf7e3865,bc42300a,bd8f5890,3dc04bc6,bf7e3865,bc423012,bd8f588f,3dc04bca,1

12171,197,136,7,-2266,119,15803,-4109,2467,-3350,bf7e396c,bc3ef3f5,bd8fd4c8,3dbfa4a8,bf7e396c,bc3ef3fe,bd8fd4c9,3dbfa4ac,1

12172,192,130,3,-2239,177,15707,-4025,2485,-3281,bf7e3831,bc3aeb57,bd8f771d,3dc06306,bf7e3831,bc3aeb5f,bd8f771e,3dc0630a,1

12173,195,131,5,-2246,125,15704,-4053,2465,-3231,bf7e398a,bc3b54a0,bd8fbe66,3dbfb9e5,bf7e398a,bc3b54a8,bd8fbe66,3dbfb9e9,1

12174,200,125,1,-2230,116,15730,-4053,2465,-3231,bf7e3c55,bc38138b,bd8f5fc6,3dbf1fe3,bf7e3c54,bc381391,bd8f5fc6,3dbf1fe6,1

12175,188,122,4,-2233,179,15777,-4077,2439,-3252,bf7e3ed9,bc429d9a,bd8f4425,3dbe34b4,bf7e3ed8,bc429da0,bd8f4425,3dbe34b7,1

12176,188,126,-5,-2225,154,15673,-4083,2425,-3185,bf7e41f5,bc4b7fb7,bd8f4b33,3dbcfeca,bf7e41f5,bc4b7fbe,bd8f4b34,3dbcfece,1

12177,201,123,-1,-2289,107,15871,-4111,2463,-3261,bf7e4226,bc434c97,bd90020f,3dbc8593,bf7e4226,bc434c9e,bd90020f,3dbc8597,1

12178,202,124,2,-2249,163,15777,-4111,2463,-3261,bf7e44b2,bc47f032,bd8fcf46,3dbbbc65,bf7e44b2,bc47f039,bd8fcf46,3dbbbc68,1

12179,198,126,5,-2238,178,15669,-4105,2457,-3174,bf7e4711,bc4ee6c4,bd8fcccd,3dbad230,bf7e4712,bc4ee6cc,bd8fccce,3dbad233,1

12180,203,124,8,-2252,109,15742,-4095,2473,-3307,bf7e46c4,bc428671,bd8fde49,3dbb1410,bf7e46c4,bc428677,bd8fde48,3dbb1412,1

12181,192,124,6,-2237,125,15773,-4095,2473,-3307,bf7e47a1,bc38f65b,bd8f7d2d,3dbb3a99,bf7e47a2,bc38f661,bd8f7d2d,3dbb3a9c,1

12182,188,126,6,-2238,145,15688,-4125,2461,-3310,bf7e4991,bc3f0789,bd8f97b2,3dba6502,bf7e4991,bc3f078f,bd8f97b1,3dba6504,1

12183,200,126,8,-2257,86,15780,-4091,2473,-3356,bf7e4912,bc330cc2,bd8fbe72,3dbaa236,bf7e4911,bc330cc8,bd8fbe71,3dbaa237,1

12184,186,130,5,-2246,136,15768,-4091,2473,-3356,bf7e496c,bc30df41,bd8f8aa9,3dbab362,bf7e496c,bc30df44,bd8f8aac,3dbab364,1

12185,183,133,4,-2236,117,15712,-4109,2487,-3234,bf7e48f5,bc29e4bd,bd8f67f6,3dbb1058,bf7e48f5,bc29e4c0,bd8f67f8,3dbb105a,1

12186,185,122,0,-2248,115,15747,-4103,2539,-3246,bf7e4673,bc202b72,bd8f54cb,3dbc1af5,bf7e4672,bc202b74,bd8f54cc,3dbc1af6,1

12187,185,121,1,-2265,148,15746,-4103,2539,-3246,bf7e42e0,bc198ad7,bd8f6ccb,3dbd52df,bf7e42df,bc198ad9,bd8f6ccc,3dbd52e0,1

12188,187,121,-1,-2235,104,15718,-4109,2497,-3279,bf7e4207,bc18e8b1,bd8f52cd,3dbdb16c,bf7e4207,bc18e8b5,bd8f52d0,3dbdb16e,1

12189,183,122,1,-2248,145,15734,-4105,2485,-3242,bf7e4226,bc2310ec,bd8f7714,3dbd6976,bf7e4227,bc2310f1,bd8f7716,3dbd6979,1

12190,172,130,4,-2211,164,15672,-4089,2511,-3179,bf7e40d6,bc2390e7,bd8eccd1,3dbe58f2,bf7e40d6,bc2390ec,bd8eccd2,3dbe58f3,1

12191,178,128,5,-2266,147,15784,-4089,2511,-3179,bf7e3d61,bc223205,bd8f2cf3,3dbf3c2d,bf7e3d60,bc223208,bd8f2cf3,3dbf3c2d,1

12192,185,129,8,-2261,125,15790,-4077,2473,-3277,bf7e3dbf,bc2a14bf,bd8f8a59,3dbebb49,bf7e3dc0,bc2a14c2,bd8f8a5a,3dbebb4b,1

12193,191,126,6,-2283,136,15758,-4097,2499,-3253,bf7e3aad,bc286bfe,bd903afd,3dbf41ad,bf7e3aac,bc286bff,bd903afb,3dbf41ae,1

12194,194,128,5,-2144,142,15515,-4097,2499,-3253,bf7e3ce2,bc27aad5,bd8eca1a,3dbf9d54,bf7e3ce1,bc27aad7,bd8eca18,3dbf9d55,1

12195,200,121,9,-2259,97,15648,-4091,2469,-3278,bf7e3c9d,bc2b2402,bd8fb880,3dbef5cd,bf7e3c9c,bc2b2403,bd8fb87e,3dbef5ce,1

12196,190,124,5,-2255,93,15797,-4099,2487,-3280,bf7e3c6b,bc247746,bd8fc8c7,3dbf11ab,bf7e3c6b,bc247749,bd8fc8c7,3dbf11ad,1

12197,190,127,5,-2279,158,15825,-4099,2487,-3280,bf7e3ba6,bc2cea2f,bd901974,3dbef814,bf7e3ba6,bc2cea32,bd901974,3dbef816,1

12198,204,128,0,-2284,38,15794,-4041,2467,-3341,bf7e3b0e,bc223c21,bd90a937,3dbee36d,bf7e3b0e,bc223c23,bd90a937,3dbee36f,1

12199,182,119,5,-2251,151,15873,-4079,2519,-3307,bf7e3980,bc1dc6d7,bd90006a,3dbff645,bf7e3981,bc1dc6d9,bd90006a,3dbff647,1

12200,176,137,5,-2226,183,15642,-4079,2519,-3307,bf7e375c,bc20898a,bd8f7c6d,3dc10446,bf7e375d,bc20898d,bd8f7c6e,3dc10447,1

12201,196,131,8,-2213,105,15723,-4089,2519,-3274,bf7e362c,bc18b38e,bd8eee7e,3dc1ea92,bf7e362d,bc18b391,bd8eee7f,3dc1ea93,1

12202,188,121,5,-2243,147,15754,-4121,2473,-3170,bf7e37b1,bc23daac,bd8f0dd8,3dc12efc,bf7e37b2,bc23daaf,bd8f0dda,3dc12efd,1

12203,190,126,4,-2234,157,15748,-4105,2509,-3271,bf7e3635,bc26e71a,bd8ec911,3dc1d472,bf7e3635,bc26e71b,bd8ec911,3dc1d472,1

12204,201,128,6,-2230,106,15679,-4105,2509,-3271,bf7e3453,bc200974,bd8edc1f,3dc27b56,bf7e3452,bc200974,bd8edc1f,3dc27b55,1

12205,204,121,6,-2223,70,15692,-4113,2459,-3304,bf7e3749,bc26c79e,bd8f0571,3dc14d7c,bf7e374a,bc26c79f,bd8f0572,3dc14d7c,1

12206,193,128,5,-2257,155,15786,-4111,2523,-3206,bf7e3425,bc2474cb,bd8f1825,3dc24f53,bf7e3425,bc2474ca,bd8f1827,3dc24f53,1

12207,198,123,8,-2245,128,15725,-4111,2523,-3206,bf7e3156,bc1f92d2,bd8f2745,3dc33f46,bf7e3157,bc1f92d2,bd8f2748,3dc33f47,1

12208,203,118,4,-2248,90,15729,-4089,2501,-3261,bf7e2fd6,bc1bca36,bd8f7df8,3dc388db,bf7e2fd5,bc1bca33,bd8f7df8,3dc388db,1

12209,195,122,7,-2249,64,15757,-4057,2529,-3277,bf7e2d7a,bc118592,bd8f79c9,3dc46f3b,bf7e2d7a,bc118591,bd8f79ca,3dc46f3c,1

12210,170,121,6,-2248,143,15728,-4057,2529,-3277,bf7e2a23,bc11ee0a,bd8f615c,3dc59364,bf7e2a23,bc11ee0b,bd8f615c,3dc59364,1

12211,169,120,6,-2239,134,15738,-4141,2489,-3281,bf7e2b86,bc1dae1e,bd8f6562,3dc4f9ef,bf7e2b86,bc1dae1f,bd8f6561,3dc4f9ef,1

12212,177,122,5,-2235,99,15733,-4079,2517,-3308,bf7e29a2,bc17ac7a,bd8f32db,3dc5ccfe,bf7e29a2,bc17ac7a,bd8f32da,3dc5ccfe,1

12213,168,128,8,-2255,155,15744,-4079,2517,-3308,bf7e2729,bc1e4e35,bd8f5196,3dc66da1,bf7e2728,bc1e4e33,bd8f5195,3dc66da0,1

12214,173,127,9,-2237,140,15707,-4117,2517,-3272,bf7e25e7,bc23de5b,bd8f33b0,3dc6d7e1,bf7e25e7,bc23de5a,bd8f33af,3dc6d7e1,1

12215,175,128,0,-2248,143,15727,-4149,2479,-3298,bf7e2788,bc2ed3ea,bd8f5df4,3dc60e64,bf7e2787,bc2ed3e8,bd8f5df3,3dc60e64,1

12216,185,127,1,-2254,110,15753,-4111,2495,-3238,bf7e27da,bc2f8e5c,bd8fb123,3dc5b530,bf7e27db,bc2f8e5b,bd8fb124,3dc5b531,1

12217,178,113,3,-2249,138,15759,-4111,2495,-3238,bf7e28a5,bc35465d,bd8fadf6,3dc561dc,bf7e28a6,bc35465d,bd8fadf5,3dc561dd,1

12218,175,120,6,-2243,156,15752,-4085,2471,-3225,bf7e2acb,bc3f0860,bd8f9ede,3dc495e6,bf7e2acb,bc3f0860,bd8f9edc,3dc495e6,1

12219,183,128,3,-2238,120,15740,-4091,2515,-3274,bf7e297b,bc34d409,bd8f67ba,3dc55164,bf7e297b,bc34d409,bd8f67b9,3dc55164,1

12220,180,124,6,-2243,148,15759,-4091,2515,-3274,bf7e2796,bc2f7f3f,bd8f2efa,3dc629ae,bf7e2795,bc2f7f3e,bd8f2efa,3dc629ae,1

12221,184,130,3,-2235,117,15729,-4097,2489,-3297,bf7e28e5,bc31f352,bd8f253d,3dc5bc53,bf7e28e5,bc31f353,bd8f253d,3dc5bc54,1

12222,173,130,6,-2243,130,15741,-4071,2565,-3228,bf7e2628,bc28a79c,bd8efe14,3dc6d993,bf7e2628,bc28a79d,bd8efe14,3dc6d994,1

12223,174,126,-3,-2244,139,15751,-4071,2565,-3228,bf7e2322,bc208526,bd8ed943,3dc8054f,bf7e2322,bc208527,bd8ed943,3dc80551,1

12224,178,125,6,-2246,126,15739,-4055,2477,-3319,bf7e240e,bc2a9806,bd8f19a5,3dc76a7c,bf7e240f,bc2a9808,bd8f19a5,3dc76a7e,1

12225,185,119,3,-2240,104,15733,-4093,2497,-3330,bf7e2401,bc297be9,bd8f3e17,3dc758c0,bf7e2400,bc297beb,bd8f3e15,3dc758bf,1

12226,189,121,-2,-2236,141,15740,-4093,2497,-3330,bf7e2484,bc302e7c,bd8f1851,3dc732f8,bf7e2483,bc302e7c,bd8f1851,3dc732f7,1

12227,183,127,2,-2246,162,15732,-4127,2481,-3249,bf7e260d,bc3aa596,bd8f3bd9,3dc6757e,bf7e260d,bc3aa596,bd8f3bda,3dc6757e,1

12228,196,123,9,-2236,137,15732,-4155,2465,-3300,bf7e28e5,bc432b09,bd8f4b5c,3dc55fef,bf7e28e5,bc432b09,bd8f4b5d,3dc55fef,1

12229,192,121,5,-2235,103,15724,-4107,2495,-3294,bf7e28ec,bc38b4e8,bd8f400e,3dc58dab,bf7e28eb,bc38b4e8,bd8f400e,3dc58daa,1

12230,177,123,3,-2234,136,15733,-4107,2495,-3294,bf7e297f,bc37b782,bd8f0c9e,3dc58791,bf7e2980,bc37b784,bd8f0c9f,3dc58791,1

12231,175,122,-3,-2238,143,15737,-4123,2477,-3232,bf7e2bc6,bc401361,bd8f2234,3dc49bea,bf7e2bc6,bc401361,bd8f2234,3dc49be9,1

12232,183,120,3,-2249,95,15716,-4127,2527,-3236,bf7e29da,bc350422,bd8f3ed2,3dc54fde,bf7e29db,bc350423,bd8f3ed3,3dc54fde,1

12233,183,125,6,-2243,129,15746,-4127,2527,-3236,bf7e27c0,bc2d14aa,bd8f26f9,3dc62a6b,bf7e27c1,bc2d14ab,bd8f26f8,3dc62a6c,1

12234,175,124,4,-2206,163,15674,-4111,2487,-3223,bf7e29fa,bc3765fa,bd8ec08d,3dc59825,bf7e29fb,bc3765fb,bd8ec08c,3dc59826,1

12235,177,122,3,-2246,105,15816,-4101,2499,-3319,bf7e2955,bc2f33b2,bd8ed23e,3dc5ddd1,bf7e2956,bc2f33b3,bd8ed23d,3dc5ddd2,1

12236,173,120,1,-2252,122,15801,-4101,2499,-3319,bf7e286e,bc2e0d8f,bd8f1226,3dc5fdbb,bf7e286d,bc2e0d90,bd8f1224,3dc5fdba,1

12237,171,121,1,-2172,168,15510,-4087,2503,-3254,bf7e2982,bc341200,bd8e338c,3dc63061,bf7e2982,bc341202,bd8e338b,3dc63061,1

12238,173,120,-4,-2300,116,15841,-4099,2507,-3231,bf7e266e,bc3010af,bd8f3f0b,3dc67ac0,bf7e266e,bc3010b2,bd8f3f0a,3dc67ac0,1

12239,175,122,2,-2293,123,15905,-4099,2507,-3231,bf7e2426,bc2d9b0c,bd8fdce0,3dc6cbe8,bf7e2426,bc2d9b0d,bd8fdcdf,3dc6cbe8,1

12240,173,123,7,-2230,196,15672,-4125,2515,-3270,bf7e23c2,bc368e07,bd8f76b6,3dc715db,bf7e23c1,bc368e07,bd8f76b5,3dc715db,1

12241,194,118,8,-2266,75,15763,-4109,2505,-3314,bf7e2264,bc2c3c33,bd8fd9f5,3dc762eb,bf7e2263,bc2c3c35,bd8fd9f5,3dc762eb,1

12242,191,117,4,-2232,124,15751,-4109,2505,-3314,bf7e2324,bc2c2630,bd8f4bfc,3dc78c09,bf7e2323,bc2c2631,bd8f4bfb,3dc78c09,1

12243,183,118,3,-2227,180,15700,-4103,2483,-3293,bf7e24a3,bc3788a3,bd8f2bce,3dc70013,bf7e24a4,bc3788a6,bd8f2bcf,3dc70015,1

12244,193,125,3,-2236,124,15727,-4127,2481,-3235,bf7e2747,bc3d816e,bd8f3e05,3dc60478,bf7e2748,bc3d8172,bd8f3e06,3dc6047a,1

12245,181,125,2,-2253,110,15718,-4079,2547,-3176,bf7e24c4,bc33204b,bd8f418c,3dc6f689,bf7e24c3,bc33204e,bd8f418c,3dc6f689,1

12246,174,132,1,-2270,165,15830,-4079,2547,-3176,bf7e216d,bc2c91b4,bd8f36b8,3dc82537,bf7e216e,bc2c91b8,bd8f36b9,3dc82538,1

12247,174,129,1,-2240,166,15772,-4103,2475,-3243,bf7e236a,bc37cc31,bd8f2a95,3dc76444,bf7e236a,bc37cc34,bd8f2a95,3dc76444,1

12248,196,121,3,-2254,59,15718,-4101,2475,-3277,bf7e24f0,bc32ec62,bd8fcf1d,3dc682ba,bf7e24ef,bc32ec63,bd8fcf1c,3dc682b9,1

12249,183,125,4,-2264,118,15789,-4101,2475,-3277,bf7e26e4,bc39837c,bd901370,3dc5988a,bf7e26e4,bc39837c,bd901371,3dc5988a,1

12250,175,121,2,-2227,147,15709,-4083,2481,-3283,bf7e2984,bc3edd67,bd8f822e,3dc51561,bf7e2985,bc3edd68,bd8f822f,3dc51562,1

12251,188,120,1,-2223,108,15698,-4119,2515,-3276,bf7e28c3,bc344679,bd8f3cb2,3dc5ae04,bf7e28c4,bc34467a,bd8f3cb2,3dc5ae05,1

12252,193,120,6,-2254,101,15773,-4119,2515,-3276,bf7e270e,bc2aec97,bd8f60ab,3dc64174,bf7e270e,bc2aec98,bd8f60aa,3dc64174,1

12253,182,124,7,-2231,162,15737,-4121,2445,-3247,bf7e298b,bc35e30b,bd8f5ad2,3dc551d2,bf7e298b,bc35e30c,bd8f5ad2,3dc551d2,1

12254,180,127,7,-2249,129,15711,-4101,2479,-3305,bf7e2ab6,bc3b2eee,bd8fad2c,3dc4a142,bf7e2ab5,bc3b2eee,bd8fad2c,3dc4a141,1

12255,178,130,6,-2256,99,15726,-4101,2479,-3305,bf7e2ba9,bc37294e,bd901395,3dc4168a,bf7e2baa,bc37294f,bd901395,3dc4168a,1

12256,173,125,3,-2228,167,15616,-4135,2495,-3223,bf7e2ce5,bc3f0731,bd8fd27f,3dc3c234,bf7e2ce4,bc3f0731,bd8fd27e,3dc3c232,1

12257,183,127,5,-2230,128,15724,-4091,2427,-3289,bf7e305a,bc47ce1d,bd8fc240,3dc28aca,bf7e305b,bc47ce1e,bd8fc240,3dc28aca,1

12258,175,125,10,-2238,134,15665,-4109,2487,-3207,bf7e30e3,bc413693,bd8fc0de,3dc279cc,bf7e30e2,bc413693,bd8fc0dc,3dc279cc,1

12259,184,121,3,-2220,133,15737,-4109,2487,-3207,bf7e334d,bc3cbf4e,bd8f07cb,3dc249e4,bf7e334e,bc3cbf4f,bd8f07cb,3dc249e6,1

12260,186,115,-1,-2349,140,16129,-4123,2485,-3299,bf7e3175,bc3d12cc,bd902ad9,3dc20bc5,bf7e3175,bc3d12cd,bd902ad9,3dc20bc6,1

12261,170,120,4,-2231,173,15733,-4083,2499,-3228,bf7e3159,bc3b6048,bd8f71a1,3dc2a4ad,bf7e315a,bc3b604b,bd8f71a1,3dc2a4af,1

12262,185,122,4,-2265,154,15817,-4083,2499,-3228,bf7e2f8d,bc375152,bd8f90a9,3dc33305,bf7e2f8d,bc375154,bd8f90a9,3dc33305,1

12263,191,122,4,-2290,46,15889,-4119,2451,-3339,bf7e31de,bc3667a1,bd90469a,3dc1ee53,bf7e31de,bc3667a2,bd90469a,3dc1ee53,1

12264,171,118,7,-2255,129,15813,-4111,2471,-3301,bf7e349f,bc3c311f,bd9017f2,3dc11359,bf7e349f,bc3c3120,bd9017f2,3dc11359,1

12265,175,123,12,-2231,142,15674,-4111,2471,-3301,bf7e3753,bc413ded,bd8fce01,3dc05257,bf7e3753,bc413ded,bd8fce01,3dc05257,1

12266,194,120,6,-2231,81,15708,-4097,2479,-3248,bf7e3853,bc35ec10,bd8fab5a,3dc043a6,bf7e3854,bc35ec11,bd8fab5a,3dc043a6,1

12267,184,124,8,-2248,166,15753,-4099,2493,-3215,bf7e37d2,bc38d716,bd8f8403,3dc08079,bf7e37d3,bc38d717,bd8f8401,3dc08079,1

12268,184,130,9,-2211,178,15709,-4099,2493,-3215,bf7e38fa,bc3c31b2,bd8ea28e,3dc0b956,bf7e38f9,bc3c31b0,bd8ea289,3dc0b955,1

12269,191,124,5,-2237,126,15724,-4099,2481,-3245,bf7e3943,bc386cf5,bd8eea2a,3dc07aee,bf7e3942,bc386cf5,bd8eea27,3dc07aed,1

12270,190,119,2,-2253,103,15753,-4103,2473,-3120,bf7e3abe,bc37f951,bd8f77be,3dbf9588,bf7e3abd,bc37f950,bd8f77bb,3dbf9587,1

12271,174,120,4,-2245,143,15732,-4081,2475,-3201,bf7e3bc9,bc3b9113,bd8f8ec0,3dbf1dc8,bf7e3bc9,bc3b9112,bd8f8ebf,3dbf1dc8,1

12272,177,126,3,-2254,141,15752,-4081,2475,-3201,bf7e3c64,bc3c3f42,bd8fc436,3dbebfa9,bf7e3c64,bc3c3f40,bd8fc436,3dbebfa9,1

12273,178,120,4,-2252,142,15750,-4065,2453,-3240,bf7e3eaa,bc42f80d,bd8fe8b8,3dbdc5ee,bf7e3eaa,bc42f80b,bd8fe8b8,3dbdc5ee,1

12274,179,124,3,-2249,132,15720,-4087,2501,-3188,bf7e3d28,bc38eeb9,bd8fd7f0,3dbe7be2,bf7e3d29,bc38eeb8,bd8fd7f1,3dbe7be4,1

12275,174,122,0,-2255,137,15748,-4087,2501,-3188,bf7e3b5e,bc31475f,bd8fd3eb,3dbf34b8,bf7e3b5d,bc31475c,bd8fd3ea,3dbf34b9,1

12276,185,123,1,-2266,131,15723,-4119,2467,-3232,bf7e3ca4,bc38a245,bd9046e5,3dbe5579,bf7e3ca3,bc38a243,bd9046e6,3dbe557b,1

12277,182,114,1,-2240,63,15738,-4071,2493,-3276,bf7e3c13,bc2ca7e8,bd9022fa,3dbecd89,bf7e3c14,bc2ca7e7,bd9022fd,3dbecd8d,1

12278,172,117,4,-2241,157,15733,-4071,2493,-3276,bf7e3b45,bc2d9c11,bd8fb0e4,3dbf6426,bf7e3b46,bc2d9c15,bd8fb0e5,3dbf642a,1

12279,174,123,5,-2241,116,15725,-4097,2491,-3310,bf7e3ab6,bc28b283,bd8f9344,3dbfbc05,bf7e3ab6,bc28b286,bd8f9343,3dbfbc09,1

12280,175,122,7,-2245,157,15743,-4093,2505,-3301,bf7e38b3,bc28cf1b,bd8f61f2,3dc08ab1,bf7e38b3,bc28cf21,bd8f61f1,3dc08ab5,1

12281,190,126,7,-2238,125,15731,-4093,2505,-3301,bf7e3705,bc23705b,bd8f37b6,3dc14a32,bf7e3705,bc237061,bd8f37b5,3dc14a36,1

12282,177,126,2,-2242,167,15732,-4103,2435,-3215,bf7e3922,bc2ebd1b,bd8f4b8d,3dc0618e,bf7e3923,bc2ebd22,bd8f4b8d,3dc06192,1

12283,184,129,0,-2250,126,15716,-4081,2471,-3234,bf7e3a2e,bc34ab7f,bd8fa676,3dbfaef2,bf7e3a2d,bc34ab84,bd8fa675,3dbfaef5,1

12284,181,120,3,-2241,130,15731,-4071,2501,-3269,bf7e3898,bc2c7a13,bd8f7b62,3dc07377,bf7e3898,bc2c7a19,bd8f7b62,3dc0737b,1

12285,174,123,7,-2241,143,15723,-4071,2501,-3269,bf7e36b5,bc293787,bd8f54f1,3dc13b29,bf7e36b4,bc29378f,bd8f54f1,3dc13b2c,1

12286,183,128,1,-2242,132,15724,-4133,2471,-3227,bf7e38be,bc32a25f,bd8f72ee,3dc056b9,bf7e38be,bc32a266,bd8f72ee,3dc056bd,1

12287,185,125,-1,-2260,111,15746,-4067,2437,-3214,bf7e3b29,bc3aa928,bd8fcb29,3dbf28ed,bf7e3b29,bc3aa92f,bd8fcb29,3dbf28f2,1

12288,177,124,5,-2251,121,15753,-4067,2437,-3214,bf7e3e26,bc422965,bd8ff140,3dbdef44,bf7e3e27,bc42296c,bd8ff140,3dbdef49,1

12289,181,131,8,-2245,143,15737,-4073,2433,-3319,bf7e4134,bc4a0d1b,bd8ff248,3dbcc6d1,bf7e4134,bc4a0d20,bd8ff247,3dbcc6d4,1

12290,177,131,3,-2224,118,15728,-4073,2525,-3295,bf7e3fef,bc3ed4b7,bd8fa3a3,3dbd9e61,bf7e3ff0,bc3ed4bd,bd8fa3a3,3dbd9e64,1

12291,179,132,3,-2226,112,15752,-4073,2525,-3295,bf7e3e86,bc33e03d,bd8f5631,3dbe7c53,bf7e3e87,bc33e042,bd8f5631,3dbe7c56,1

12292,174,129,3,-2236,180,15729,-4083,2477,-3212,bf7e3f66,bc3d06c9,bd8f28c6,3dbe2fe8,bf7e3f66,bc3d06ce,bd8f28c5,3dbe2fea,1

12293,185,119,6,-2248,122,15738,-4095,2465,-3214,bf7e4102,bc3d448a,bd8f8ad8,3dbd5b9f,bf7e4102,bc3d448f,bd8f8ad7,3dbd5ba1,1

12294,187,123,4,-2260,117,15739,-4095,2465,-3214,bf7e420d,bc3b9e6c,bd9010a3,3dbca255,bf7e420d,bc3b9e71,bd9010a2,3dbca257,1

12295,181,136,6,-2259,132,15719,-4083,2465,-3241,bf7e4310,bc3bedd5,bd905b18,3dbc10aa,bf7e4310,bc3beddb,bd905b17,3dbc10ac,1

12296,187,122,4,-2251,110,15731,-4085,2507,-3274,bf7e4186,bc30ed79,bd903b7e,3dbcd81f,bf7e4187,bc30ed80,bd903b7d,3dbcd821,1

12297,184,124,8,-2242,101,15753,-4101,2471,-3264,bf7e43e1,bc2e0205,bd8fef70,3dbc51ef,bf7e43e1,bc2e020b,bd8fef6d,3dbc51f0,1

12298,169,124,4,-2240,157,15743,-4101,2471,-3264,bf7e4581,bc36dfb1,bd8faee4,3dbbd502,bf7e4581,bc36dfb7,bd8faee3,3dbbd503,1

12299,175,119,2,-2246,156,15744,-4091,2467,-3349,bf7e4677,bc3c08cc,bd8fa1c0,3dbb774e,bf7e4678,bc3c08d0,bd8fa1c0,3dbb7750,1

12300,179,126,3,-2247,149,15726,-4087,2463,-3258,bf7e47d5,bc3f8116,bd8fbc3f,3dbadd9f,bf7e47d4,bc3f811a,bd8fbc3b,3dbadd9e,1

12301,184,125,2,-2253,149,15871,-4087,2463,-3258,bf7e4a33,bc3fa75e,bd8f5b04,3dba59e1,bf7e4a34,bc3fa761,bd8f5b05,3dba59e2,1

12302,186,126,1,-2206,162,15614,-4069,2529,-3281,bf7e4853,bc35d5fd,bd8f082a,3dbb63c9,bf7e4854,bc35d600,bd8f082a,3dbb63ca,1

12303,179,122,7,-2209,181,15546,-4077,2481,-3276,bf7e477b,bc39f3c1,bd8edbb5,3dbbbe90,bf7e477c,bc39f3c2,bd8edbb5,3dbbbe91,1

12304,181,122,0,-2233,187,15731,-4077,2481,-3276,bf7e46a6,bc3d1171,bd8eade2,3dbc1d12,bf7e46a6,bc3d116e,bd8eade3,3dbc1d13,1

12305,198,128,4,-2298,80,15780,-4091,2455,-3221,bf7e4620,bc390b19,bd8fd79d,3dbb77d0,bf7e4620,bc390b16,bd8fd79d,3dbb77d0,1

12306,186,125,6,-2279,71,15739,-4061,2479,-3241,bf7e4495,bc2decd7,bd904faa,3dbbcba1,bf7e4495,bc2decd4,bd904fa9,3dbbcba1,1

12307,183,127,6,-2255,114,15712,-4061,2479,-3241,bf7e43c9,bc285182,bd905f6f,3dbc18f9,bf7e43c9,bc285181,bd905f6e,3dbc18f9,1

12308,189,134,4,-2230,146,15714,-4039,2473,-3146,bf7e456e,bc2e1c6e,bd8fbaea,3dbbf37d,bf7e456d,bc2e1c6e,bd8fbae9,3dbbf37c,1

12309,194,125,3,-2203,187,15750,-4089,2461,-3280,bf7e481c,bc3830e1,bd8f0bd8,3dbb6a73,bf7e481d,bc3830e5,bd8f0bd9,3dbb6a73,1

12310,207,119,7,-2251,172,15793,-4065,2479,-3170,bf7e472b,bc39caf6,bd8f1db9,3dbba7f9,bf7e472b,bc39caf9,bd8f1db8,3dbba7f8,1

12311,203,126,2,-2258,105,15737,-4065,2479,-3170,bf7e45e3,bc30383d,bd8f8a54,3dbbe96e,bf7e45e2,bc30383f,bd8f8a52,3dbbe96c,1

12312,193,126,-1,-2241,93,15694,-4095,2489,-3150,bf7e4523,bc26f41e,bd8fa4e8,3dbc37e2,bf7e4523,bc26f421,bd8fa4e8,3dbc37e1,1

12313,184,125,0,-2255,148,15776,-4087,2513,-3242,bf7e426f,bc2199a4,bd8f89eb,3dbd4798,bf7e4270,bc2199a6,bd8f89eb,3dbd4798,1

12314,187,127,-1,-2263,124,15774,-4087,2513,-3242,bf7e3f88,bc1b804f,bd8fa71e,3dbe3f26,bf7e3f88,bc1b8050,bd8fa71b,3dbe3f25,1

12315,187,122,7,-2252,104,15701,-4079,2445,-3256,bf7e4168,bc253c7e,bd8fec93,3dbd48cb,bf7e4168,bc253c7f,bd8fec90,3dbd48ca,1

12316,179,120,5,-2228,116,15707,-4085,2491,-3278,bf7e4141,bc21ba25,bd8f71ac,3dbdbf3d,bf7e4140,bc21ba24,bd8f71aa,3dbdbf3b,1

12317,186,120,9,-2258,129,15716,-4085,2491,-3278,bf7e3f34,bc23a12a,bd8fe015,3dbe14f0,bf7e3f34,bc23a127,bd8fe015,3dbe14ef,1

12318,187,118,11,-2259,127,15731,-4051,2475,-3241,bf7e3ee0,bc293e01,bd902db8,3dbde272,bf7e3edf,bc293dfd,bd902db7,3dbde271,1

12319,193,120,11,-2244,120,15724,-4061,2447,-3209,bf7e4177,bc32094d,bd902f81,3dbce243,bf7e4176,bc320949,bd902f81,3dbce242,1

12320,189,128,4,-2247,144,15734,-4061,2447,-3209,bf7e43fa,bc3b0f77,bd9025b1,3dbbede1,bf7e43fa,bc3b0f74,bd9025b0,3dbbede0,1

12321,190,125,7,-2247,99,15737,-4089,2457,-3200,bf7e46f5,bc384c41,bd902b73,3dbaf1e0,bf7e46f5,bc384c3e,bd902b72,3dbaf1df,1

12322,195,123,3,-2255,156,15745,-4071,2505,-3240,bf7e44c7,bc2fdb77,bd9003c0,3dbbedea,bf7e44c7,bc2fdb74,bd9003bf,3dbbede9,1

12323,186,126,5,-2238,130,15722,-4063,2481,-3277,bf7e4481,bc2af3ef,bd8fa94b,3dbc5cb0,bf7e4480,bc2af3ec,bd8fa94a,3dbc5cae,1

12324,189,119,9,-2250,135,15721,-4063,2481,-3277,bf7e4341,bc2a538c,bd8fcc01,3dbcb0a2,bf7e4341,bc2a5389,bd8fcc00,3dbcb0a1,1

12325,184,131,8,-2248,134,15734,-4097,2567,-3167,bf7e4081,bc212a10,bd8f9ed0,3dbddf78,bf7e4082,bc212a0e,bd8f9ed0,3dbddf78,1

12326,188,124,4,-2245,126,15727,-4101,2521,-3215,bf7e3dde,bc1ae066,bd8f827e,3dbeead0,bf7e3ddf,bc1ae064,bd8f827f,3dbeead0,1

12327,188,123,4,-2241,128,15756,-4101,2521,-3215,bf7e3b69,bc17081f,bd8f4705,3dbff486,bf7e3b69,bc17081c,bd8f4706,3dbff485,1

12328,187,117,4,-2244,145,15740,-4049,2499,-3254,bf7e3990,bc1c816e,bd8f4060,3dc08449,bf7e398f,bc1c816d,bd8f4060,3dc08447,1

12329,190,120,5,-2250,114,15724,-4079,2479,-3242,bf7e39f6,bc244fee,bd8f989d,3dc006a6,bf7e39f6,bc244fef,bd8f989c,3dc006a5,1

12330,186,127,7,-2266,109,15741,-4079,2479,-3242,bf7e39ad,bc285902,bd902a79,3dbfa34b,bf7e39ac,bc285901,bd902a77,3dbfa34a,1

12331,180,124,3,-2246,140,15732,-4111,2515,-3182,bf7e37ce,bc24bce8,bd8fdfc4,3dc0865d,bf7e37ce,bc24bce8,bd8fdfc4,3dc0865d,1

12332,177,123,1,-2245,131,15723,-4115,2509,-3180,bf7e3669,bc2450d4,bd8fb970,3dc11a77,bf7e3669,bc2450d4,bd8fb970,3dc11a77,1

12333,181,126,2,-2241,122,15722,-4115,2509,-3180,bf7e3537,bc22b801,bd8f8e36,3dc1a469,bf7e3536,bc22b801,bd8f8e35,3dc1a468,1

12334,175,120,11,-2251,120,15721,-4093,2529,-3297,bf7e323d,bc1b769b,bd8f8dc7,3dc2b5bf,bf7e323d,bc1b769b,bd8f8dc7,3dc2b5bf,1

12335,171,120,8,-2243,152,15727,-4097,2481,-3131,bf7e3387,bc26ed74,bd8f954a,3dc21e20,bf7e3387,bc26ed74,bd8f954a,3dc21e20,1

12336,181,115,6,-2243,143,15732,-4043,2487,-3258,bf7e3308,bc2be869,bd8f7e7d,3dc2477e,bf7e3309,bc2be86a,bd8f7e7d,3dc2477f,1

12337,187,124,6,-2250,86,15718,-4043,2487,-3258,bf7e31eb,bc23dd46,bd8fbf77,3dc2906f,bf7e31ea,bc23dd46,bd8fbf76,3dc2906e,1

12338,187,127,9,-2250,122,15733,-4113,2495,-3223,bf7e3226,bc293e9e,bd8fd6cf,3dc25922,bf7e3227,bc293ea1,bd8fd6cf,3dc25923,1

12339,183,135,10,-2235,142,15721,-4103,2485,-3264,bf7e33b7,bc317019,bd8f8d48,3dc1ef70,bf7e33b6,bc31701a,bd8f8d47,3dc1ef6f,1

12340,182,131,7,-2239,112,15720,-4103,2485,-3264,bf7e34c9,bc300806,bd8f83ee,3dc1a172,bf7e34c9,bc300807,bd8f83ed,3dc1a172,1

12341,178,131,7,-2241,147,15724,-4077,2469,-3244,bf7e3687,bc390de2,bd8f82af,3dc0ee27,bf7e3687,bc390de2,bd8f82ae,3dc0ee27,1

12342,188,130,3,-2241,136,15722,-4131,2495,-3222,bf7e36a2,bc361d21,bd8f7085,3dc0fdad,bf7e36a3,bc361d23,bd8f7083,3dc0fdae,1

12343,183,123,4,-2243,111,15744,-4131,2495,-3222,bf7e36b6,bc2fd818,bd8f751a,3dc10b26,bf7e36b6,bc2fd818,bd8f7517,3dc10b27,1

12344,181,121,10,-2258,90,15738,-4083,2545,-3242,bf7e3422,bc255437,bd8f7bc6,3dc203ed,bf7e3422,bc255437,bd8f7bc4,3dc203ee,1

12345,172,121,4,-2268,102,15725,-4097,2471,-3251,bf7e34ea,bc2c57db,bd901a8d,3dc133d0,bf7e34e9,bc2c57da,bd901a8b,3dc133d0,1

12346,165,129,8,-2250,124,15728,-4097,2471,-3251,bf7e36e8,bc344301,bd90236e,3dc06823,bf7e36e8,bc344302,bd90236c,3dc06825,1

12347,164,129,9,-2240,151,15731,-4077,2499,-3145,bf7e3634,bc31ec82,bd8fad2a,3dc104cf,bf7e3634,bc31ec82,bd8fad2a,3dc104d1,1

12348,160,123,14,-2252,153,15741,-4121,2511,-3283,bf7e33f0,bc2ecdcb,bd8f9e4c,3dc1d99e,bf7e33f0,bc2ecdcb,bd8f9e4c,3dc1d99e,1

12349,167,127,11,-2229,174,15725,-4115,2523,-3283,bf7e31fb,bc2c8d4c,bd8f1736,3dc2e90b,bf7e31fc,bc2c8d4e,bd8f1735,3dc2e90b,1

12350,178,133,9,-2265,126,15745,-4115,2523,-3283,bf7e2ed5,bc25c959,bd8f6322,3dc3cec7,bf7e2ed4,bc25c95a,bd8f6320,3dc3cec5,1

12351,178,134,11,-2263,152,15735,-4077,2497,-3272,bf7e2d44,bc2c77e0,bd8fbd5c,3dc3f7fb,bf7e2d43,bc2c77dd,bd8fbd5b,3dc3f7f9,1

12352,182,132,8,-2244,75,15716,-4105,2509,-3205,bf7e2c3c,bc22c609,bd8fbe0a,3dc46dcb,bf7e2c3d,bc22c608,bd8fbe0a,3dc46dcc,1

12353,171,135,7,-2256,135,15728,-4105,2509,-3205,bf7e2acf,bc2702a7,bd8fdd71,3dc4beaa,bf7e2acf,bc2702a7,bd8fdd70,3dc4beaa,1

12354,166,128,13,-2253,122,15730,-4141,2483,-3221,bf7e2c97,bc305a0e,bd900341,3dc3ee84,bf7e2c96,bc305a0d,bd900341,3dc3ee84,1

12355,167,125,8,-2244,164,15735,-4111,2491,-3260,bf7e2d99,bc3947fc,bd8fc737,3dc3a66d,bf7e2d99,bc3947fb,bd8fc73a,3dc3a66d,1

12356,166,118,8,-2256,156,15725,-4111,2491,-3260,bf7e2d75,bc3dc3dc,bd8ff853,3dc37cb3,bf7e2d75,bc3dc3dd,bd8ff855,3dc37cb3,1

12357,175,126,4,-2250,146,15722,-4091,2499,-3279,bf7e2c55,bc381740,bd8fdc8c,3dc40433,bf7e2c54,bc381740,bd8fdc8e,3dc40432,1

12358,184,133,11,-2246,128,15723,-4091,2485,-3323,bf7e2d0a,bc36cff0,bd8fcc18,3dc3da3b,bf7e2d0a,bc36cff1,bd8fcc19,3dc3da3b,1

12359,179,126,10,-2256,149,15730,-4091,2485,-3323,bf7e2d10,bc3b0e72,bd8ff89b,3dc3a77d,bf7e2d10,bc3b0e71,bd8ff89c,3dc3a77d,1

12360,182,122,7,-2254,119,15737,-4037,2451,-3193,bf7e2fd5,bc4140d2,bd902a6a,3dc283f8,bf7e2fd5,bc4140d2,bd902a6b,3dc283f8,1

12361,188,133,5,-2249,127,15718,-4075,2469,-3299,bf7e31e4,bc3fb996,bd902405,3dc1e1db,bf7e31e3,bc3fb996,bd902406,3dc1e1db,1

12362,188,126,8,-2258,130,15741,-4119,2477,-3289,bf7e3370,bc3f631b,bd904ced,3dc142d1,bf7e336f,bc3f631b,bd904cef,3dc142d2,1

12363,184,126,5,-2239,140,15723,-4119,2477,-3289,bf7e3623,bc4097e5,bd8fe2ad,3dc0a9c9,bf7e3622,bc4097e6,bd8fe2af,3dc0a9ca,1

12364,184,127,9,-2261,113,15736,-4113,2549,-3236,bf7e33cb,bc35d12b,bd8fd90c,3dc1a009,bf7e33cb,bc35d12d,bd8fd90e,3dc1a00a,1

12365,169,127,6,-2243,178,15722,-4079,2489,-3281,bf7e339e,bc3bda1e,bd8f91cf,3dc1ccb4,bf7e339e,bc3bda21,bd8f91d1,3dc1ccb5,1

12366,174,125,1,-2243,155,15720,-4079,2489,-3281,bf7e3306,bc3a0808,bd8f747a,3dc21b31,bf7e3306,bc3a080b,bd8f747a,3dc21b31,1

12367,182,120,7,-2240,90,15673,-4109,2467,-3261,bf7e3562,bc38da88,bd8fd237,3dc113e7,bf7e3562,bc38da8a,bd8fd237,3dc113e7,1

12368,175,121,7,-2200,150,15539,-4099,2461,-3242,bf7e3872,bc41b085,bd8f861b,3dc0275d,bf7e3872,bc41b086,bd8f861c,3dc0275d,1

12369,176,123,3,-2263,144,15745,-4099,2461,-3242,bf7e3a04,bc471a78,bd8ffa5e,3dbf34b4,bf7e3a05,bc471a7b,bd8ffa5e,3dbf34b5,1

12370,177,120,5,-2289,148,15898,-4095,2495,-3264,bf7e3837,bc3e2829,bd9025f7,3dbfd0e9,bf7e3836,bc3e282a,bd9025f7,3dbfd0e8,1

12371,192,128,6,-2293,141,15792,-4095,2505,-3304,bf7e3576,bc3580c8,bd908487,3dc09480,bf7e3575,bc3580ca,bd908487,3dc0947f,1

12372,196,133,4,-2256,93,15682,-4095,2505,-3304,bf7e3400,bc2aa3f6,bd908787,3dc13575,bf7e3401,bc2aa3f9,bd908788,3dc13576,1

12373,180,125,1,-2248,155,15790,-4117,2453,-3238,bf7e36a6,bc3562a0,bd906223,3dc04af3,bf7e36a5,bc3562a2,bd906221,3dc04af2,1

12374,179,120,1,-2223,153,15651,-4103,2545,-3218,bf7e3489,bc2cec67,bd90002f,3dc16507,bf7e348a,bc2cec6b,bd90002e,3dc16508,1

12375,189,120,1,-2233,161,15768,-4087,2489,-3187,bf7e35fe,bc342563,bd8f6c61,3dc13e05,bf7e35fe,bc342567,bd8f6c60,3dc13e06,1

12376,183,121,0,-2240,160,15704,-4087,2489,-3187,bf7e35fc,bc390fd8,bd8f65b9,3dc130fc,bf7e35fc,bc390fdc,bd8f65b9,3dc130fd,1

12377,188,121,2,-2261,148,15727,-4111,2489,-3243,bf7e350a,bc3a2cf3,bd8fe3eb,3dc11e69,bf7e350a,bc3a2cf5,bd8fe3eb,3dc11e69,1

12378,186,125,6,-2257,115,15699,-4119,2543,-3216,bf7e3291,bc2fdb09,bd8fe381,3dc2154d,bf7e3290,bc2fdb0b,bd8fe381,3dc2154c,1

12379,194,127,0,-2265,122,15727,-4119,2543,-3216,bf7e2fbc,bc269b81,bd8fee69,3dc31aa3,bf7e2fbd,bc269b84,bd8fee6b,3dc31aa3,1

12380,200,120,-3,-2231,121,15676,-4087,2473,-3216,bf7e322a,bc2f0cdb,bd8fd5f9,3dc24420,bf7e322a,bc2f0cdc,bd8fd5fb,3dc2441f,1

12381,199,120,4,-2261,96,15742,-4083,2469,-3256,bf7e33bd,bc318211,bd904aa7,3dc1604e,bf7e33bd,bc318210,bd904aa9,3dc1604d,1

12382,186,125,4,-2249,108,15789,-4083,2469,-3256,bf7e36cc,bc345909,bd900ceb,3dc081d2,bf7e36cc,bc345907,bd900cec,3dc081d1,1

12383,182,132,3,-2233,174,15704,-4059,2499,-3235,bf7e35bd,bc335d35,bd8f7a62,3dc14c26,bf7e35be,bc335d34,bd8f7a62,3dc14c26,1

12384,184,132,4,-2247,99,15727,-4063,2491,-3237,bf7e34ba,bc2a6803,bd8f9203,3dc1afde,bf7e34bb,bc2a6802,bd8f9203,3dc1afde,1

12385,175,124,7,-2257,158,15760,-4063,2491,-3237,bf7e33a3,bc305eb4,bd8fac6c,3dc1e26e,bf7e33a4,bc305eb4,bd8fac6b,3dc1e26e,1

12386,163,123,5,-2250,157,15750,-4089,2421,-3171,bf7e3621,bc3b2eff,bd8fc2bc,3dc0d7b1,bf7e3621,bc3b2eff,bd8fc2ba,3dc0d7b0,1

12387,173,123,2,-2244,124,15698,-4059,2459,-3286,bf7e3858,bc3e7b7d,bd8feb77,3dbff149,bf7e3857,bc3e7b7c,bd8feb73,3dbff147,1

12388,177,120,4,-2260,121,15729,-4085,2511,-3371,bf7e364f,bc33f995,bd8ff5d1,3dc0bdea,bf7e364e,bc33f995,bd8ff5ce,3dc0bde8,1

12389,176,132,6,-2259,127,15727,-4085,2511,-3371,bf7e340b,bc2b102c,bd8ff690,3dc19c6a,bf7e340a,bc2b102c,bd8ff68e,3dc19c68,1

12390,179,130,9,-2245,151,15720,-4117,2505,-3302,bf7e32ea,bc2cb41b,bd8fb69e,3dc22541,bf7e32ea,bc2cb41c,bd8fb69b,3dc22540,1

12391,178,125,8,-2264,106,15726,-4075,2447,-3191,bf7e350c,bc351886,bd901696,3dc10bbf,bf7e350c,bc351885,bd901694,3dc10bbe,1

12392,171,125,5,-2248,147,15747,-4075,2447,-3191,bf7e37b2,bc3ef171,bd901520,3dc006af,bf7e37b2,bc3ef170,bd90151f,3dc006ae,1

12393,174,132,4,-2232,173,15715,-4065,2487,-3251,bf7e37dd,bc3d7f2e,bd8f6b07,3dc07d5a,bf7e37dd,bc3d7f2d,bd8f6b06,3dc07d59,1

12394,188,133,1,-2244,141,15725,-4103,2525,-3235,bf7e35b8,bc33df3d,bd8f4c2b,3dc16e11,bf7e35b9,bc33df3c,bd8f4c2a,3dc16e11,1

12395,188,125,-4,-2257,119,15759,-4103,2525,-3235,bf7e334b,bc2a6555,bd8f5c3a,3dc25045,bf7e334b,bc2a6553,bd8f5c38,3dc25044,1

12396,187,122,-2,-2257,139,15727,-4089,2489,-3311,bf7e3268,bc2f3742,bd8fc100,3dc23e9c,bf7e3268,bc2f3741,bd8fc0fe,3dc23e9b,1

12397,192,131,-2,-2249,132,15734,-4093,2459,-3300,bf7e34ab,bc383301,bd8fdb89,3dc14ba8,bf7e34ac,bc383301,bd8fdb89,3dc14ba8,1

12398,190,130,2,-2264,108,15740,-4093,2459,-3300,bf7e36a6,bc3bcc64,bd9050ef,3dc03eff,bf7e36a6,bc3bcc63,bd9050ef,3dc03efe,1

12399,187,127,3,-2247,149,15714,-4157,2487,-3315,bf7e381e,bc3e3410,bd901b1a,3dbfe135,bf7e381d,bc3e340e,bd901b1a,3dbfe133,1

12400,193,118,0,-2246,123,15720,-4109,2517,-3283,bf7e367b,bc33a341,bd8ff7c6,3dc0af21,bf7e367b,bc33a340,bd8ff7c6,3dc0af20,1

12401,185,122,-1,-2253,130,15744,-4099,2435,-3319,bf7e3919,bc3d152b,bd90191c,3dbf9454,bf7e3918,bc3d1528,bd90191b,3dbf9452,1

12402,185,124,-1,-2249,109,15736,-4099,2435,-3319,bf7e3c7f,bc43a063,bd903627,3dbe4298,bf7e3c80,bc43a062,bd903628,3dbe4297,1

12403,176,129,7,-2256,162,15719,-4075,2447,-3322,bf7e3eac,bc4b8e89,bd9051cf,3dbd515d,bf7e3eac,bc4b8e88,bd9051d0,3dbd515b,1

12404,178,120,4,-2248,138,15736,-4097,2471,-3297,bf7e3faf,bc432af5,bd901e32,3dbd4536,bf7e3faf,bc432af3,bd901e33,3dbd4534,1

12405,190,122,2,-2262,121,15727,-4097,2471,-3297,bf7e3fcd,bc3b8b08,bd906c9d,3dbd1e19,bf7e3fcc,bc3b8b04,bd906c9c,3dbd1e17,1

12406,177,121,4,-2237,161,15763,-4095,2487,-3202,bf7e409a,bc398893,bd8fac4f,3dbd7348,bf7e409a,bc39888f,bd8fac4e,3dbd7347,1

12407,187,122,5,-2242,165,15734,-4101,2495,-3355,bf7e3f26,bc34c13e,bd8f68af,3dbe3574,bf7e3f26,bc34c13b,bd8f68ae,3dbe3573,1

12408,185,119,8,-2251,115,15738,-4101,2495,-3355,bf7e3d78,bc2bb21b,bd8f8b63,3dbecc8c,bf7e3d77,bc2bb218,bd8f8b61,3dbecc8a,1

12409,171,117,6,-2251,132,15748,-4079,2493,-3297,bf7e3bbe,bc289241,bd8f9b43,3dbf5ea6,bf7e3bbd,bc289240,bd8f9b42,3dbf5ea4,1

12410,169,118,-1,-2265,148,15719,-4089,2495,-3276,bf7e3975,bc2b7fdb,bd900e28,3dbfc056,bf7e3974,bc2b7fd8,bd900e28,3dbfc054,1

12411,173,124,4,-2258,129,15737,-4089,2495,-3276,bf7e37f5,bc2924ce,bd90218c,3dc03923,bf7e37f5,bc2924cb,bd90218c,3dc03922,1

12412,184,126,2,-2259,132,15729,-4125,2485,-3310,bf7e3871,bc2f97a6,bd90502b,3dbfd620,bf7e3871,bc2f97a3,bd90502b,3dbfd61f,1

12413,183,130,2,-2248,132,15744,-4097,2459,-3308,bf7e3b0c,bc383a83,bd9037f6,3dbeea6d,bf7e3b0c,bc383a80,bd9037f6,3dbeea6c,1

12414,180,126,5,-2238,143,15734,-4097,2459,-3308,bf7e3e0b,bc3fa7d1,bd8feed1,3dbe0470,bf7e3e0b,bc3fa7ce,bd8feed3,3dbe046f,1

12415,177,123,1,-2250,145,15736,-4105,2469,-3257,bf7e3fd5,bc41c801,bd8ff5a1,3dbd5cfe,bf7e3fd5,bc41c7fe,bd8ff5a2,3dbd5cfd,1

12416,176,122,-1,-2235,158,15736,-4089,2437,-3245,bf7e4311,bc4aab88,bd8fd27f,3dbc3bba,bf7e4311,bc4aab86,bd8fd27f,3dbc3bb9,1

12417,183,126,2,-2249,144,15732,-4109,2463,-3262,bf7e44f7,bc4758f8,bd8fe535,3dbb9725,bf7e44f7,bc4758f5,bd8fe535,3dbb9725,1

12418,189,132,5,-2248,126,15740,-4109,2463,-3262,bf7e46e0,bc41273d,bd8fe856,3dbb08b2,bf7e46df,bc41273a,bd8fe856,3dbb08b1,1

12419,190,128,4,-2249,78,15727,-4053,2489,-3262,bf7e45cf,bc34e158,bd8fe5e3,3dbb9841,bf7e45ce,bc34e155,bd8fe5e3,3dbb9840,1

12420,174,123,3,-2255,127,15742,-4083,2437,-3312,bf7e4836,bc3d2b6e,bd901a20,3dba7e86,bf7e4836,bc3d2b6b,bd901a22,3dba7e85,1

12421,169,120,3,-2256,146,15734,-4083,2437,-3312,bf7e4a91,bc455ba3,bd904559,3db96c8f,bf7e4a91,bc455ba1,bd90455b,3db96c8e,1

12422,173,131,1,-2255,133,15722,-4121,2497,-3280,bf7e4938,bc3ad868,bd90321b,3dba1c9d,bf7e4938,bc3ad866,bd90321c,3dba1c9c,1

12423,180,123,2,-2258,112,15767,-4087,2477,-3257,bf7e48d1,bc315602,bd903389,3dba6422,bf7e48d0,bc3155ff,bd90338a,3dba6420,1

12424,174,118,9,-2264,143,15733,-4087,2477,-3257,bf7e47d5,bc31b8d0,bd90756c,3dba8590,bf7e47d5,bc31b8ce,bd90756e,3dba858f,1

12425,171,127,4,-2257,143,15751,-4113,2441,-3318,bf7e4a3b,bc3b755b,bd907e1c,3db986b0,bf7e4a3b,bc3b7559,bd907e1d,3db986af,1

12426,172,129,-2,-2232,155,15735,-4083,2501,-3240,bf7e4940,bc332bbf,bd8ff2f8,3dba6930,bf7e4940,bc332bbf,bd8ff2f8,3dba692f,1

12427,176,122,2,-2239,129,15741,-4083,2501,-3240,bf7e47c9,bc2a45ee,bd8fabd2,3dbb40d4,bf7e47c9,bc2a45ed,bd8fabd2,3dbb40d3,1

12428,175,122,8,-2241,144,15753,-4079,2493,-3206,bf7e4675,bc27deec,bd8f613b,3dbbf622,bf7e4675,bc27deea,bd8f613a,3dbbf621,1

12429,174,123,5,-2246,161,15747,-4101,2501,-3240,bf7e4452,bc28b91a,bd8f4861,3dbcbe80,bf7e4452,bc28b919,bd8f4860,3dbcbe7f,1

12430,191,118,4,-2233,131,15723,-4105,2483,-3198,bf7e450e,bc2c9e73,bd8f2e11,3dbc84fb,bf7e450d,bc2c9e71,bd8f2e10,3dbc84f9,1

12431,181,122,4,-2257,123,15737,-4105,2483,-3198,bf7e442e,bc2cf55f,bd8fb533,3dbc6825,bf7e442d,bc2cf55d,bd8fb532,3dbc6823,1

12432,185,132,1,-2260,131,15761,-4081,2493,-3286,bf7e4226,bc275c9c,bd8fd259,3dbd14f7,bf7e4226,bc275c9b,bd8fd25a,3dbd14f6,1

12433,188,127,6,-2266,109,15735,-4095,2511,-3316,bf7e3f78,bc1eb22c,bd9000b2,3dbdf5df,bf7e3f78,bc1eb22b,bd9000b2,3dbdf5de,1

12434,176,130,6,-2247,139,15721,-4095,2511,-3316,bf7e3d1a,bc1c4b52,bd8fc8f0,3dbef1fb,bf7e3d19,bc1c4b51,bd8fc8f0,3dbef1f9,1

12435,179,129,7,-2257,128,15739,-4099,2499,-3272,bf7e3b72,bc1fa7b8,bd8fee81,3dbf57e1,bf7e3b71,bc1fa7b5,bd8fee82,3dbf57df,1

12436,182,128,7,-2246,126,15723,-4103,2479,-3248,bf7e3cb0,bc288722,bd8fee3d,3dbed01f,bf7e3cae,bc28871e,bd8fee3e,3dbed01c,1

12437,178,122,8,-2254,143,15740,-4103,2479,-3248,bf7e3d6b,bc30dd76,bd9004d9,3dbe623f,bf7e3d6a,bc30dd73,bd9004db,3dbe623e,1

12438,176,124,5,-2242,113,15716,-4079,2507,-3273,bf7e3bc5,bc277a5f,bd8fd674,3dbf338f,bf7e3bc6,bc277a5d,bd8fd678,3dbf338f,1

12439,167,123,8,-2267,136,15724,-4109,2541,-3265,bf7e3877,bc1fe6ab,bd8fe627,3dc059fa,bf7e3877,bc1fe6a7,bd8fe629,3dc059f9,1

12440,163,128,6,-2249,176,15738,-4109,2541,-3265,bf7e3544,bc1d80b9,bd8f9dd3,3dc1a5cc,bf7e3544,bc1d80b5,bd8f9dd4,3dc1a5cb,1

12441,176,127,12,-2244,150,15740,-4065,2487,-3234,bf7e357e,bc27680b,bd8f87fe,3dc1815b,bf7e357e,bc276808,bd8f87fe,3dc1815a,1

12442,179,130,7,-2247,135,15739,-4095,2493,-3260,bf7e3524,bc2bbbc7,bd8f8b14,3dc18da6,bf7e3524,bc2bbbc6,bd8f8b13,3dc18da5,1

12443,181,130,9,-2247,151,15753,-4095,2519,-3268,bf7e32a0,bc26fdfe,bd8f5935,3dc295d2,bf7e32a1,bc26fdfd,bd8f5935,3dc295d2,1

12444,186,128,10,-2243,143,15720,-4095,2519,-3268,bf7e2ff9,bc234d41,bd8f3fe8,3dc3921f,bf7e2ff9,bc234d3f,bd8f3fe7,3dc3921e,1

12445,180,123,10,-2252,149,15738,-4037,2505,-3227,bf7e2d3e,bc2479e1,bd8f5a38,3dc45e12,bf7e2d3e,bc2479df,bd8f5a37,3dc45e11,1

12446,184,127,8,-2251,122,15749,-4107,2503,-3326,bf7e2c02,bc260219,bd8f8355,3dc4a0f0,bf7e2c03,bc260218,bd8f8355,3dc4a0f0,1

12447,187,128,6,-2261,150,15736,-4107,2503,-3326,bf7e2a8d,bc2c3444,bd8fcca6,3dc4ce4c,bf7e2a8c,bc2c3443,bd8fcca4,3dc4ce4a,1

12448,186,125,7,-2241,126,15746,-4105,2515,-3321,bf7e2915,bc2674fa,bd8f7f03,3dc593c0,bf7e2914,bc2674f7,bd8f7f04,3dc593be,1

12449,169,122,8,-2256,146,15726,-4103,2467,-3314,bf7e2a75,bc31839f,bd8fb850,3dc4d20d,bf7e2a74,bc31839c,bd8fb851,3dc4d20b,1

12450,174,119,1,-2254,148,15738,-4103,2467,-3314,bf7e2c33,bc3b9128,bd8fe224,3dc3fd99,bf7e2c32,bc3b9125,bd8fe226,3dc3fd97,1

12451,182,128,2,-2239,153,15740,-4101,2519,-3308,bf7e2a97,bc33e28b,bd8f838d,3dc4e54f,bf7e2a97,bc33e289,bd8f838e,3dc4e54e,1

12452,180,129,-1,-2242,153,15739,-4059,2481,-3233,bf7e2bc4,bc3b144d,bd8f6866,3dc47cbb,bf7e2bc4,bc3b144c,bd8f6867,3dc47cba,1

12453,190,130,-1,-2244,152,15727,-4059,2481,-3233,bf7e2c81,bc3e96aa,bd8f6cb3,3dc42e98,bf7e2c81,bc3e96a9,bd8f6cb4,3dc42e97,1

12454,187,127,8,-2250,143,15727,-4091,2449,-3261,bf7e2ef8,bc472942,bd8fa1eb,3dc318cc,bf7e2ef8,bc472941,bd8fa1ed,3dc318cb,1

12455,190,130,6,-2249,153,15732,-4093,2503,-3139,bf7e2db8,bc3f759a,bd8f9224,3dc3ab59,bf7e2db9,bc3f759a,bd8f9225,3dc3ab58,1

12456,184,130,4,-2250,105,15720,-4099,2471,-3153,bf7e303d,bc3f5123,bd8fe4fa,3dc29cd1,bf7e303d,bc3f5120,bd8fe4fa,3dc29ccf,1

12457,189,126,-3,-2234,128,15730,-4099,2471,-3153,bf7e33e3,bc424390,bd8fa1d5,3dc19100,bf7e33e2,bc42438c,bd8fa1d4,3dc190fd,1

12458,182,130,1,-2248,137,15745,-4071,2533,-3209,bf7e31be,bc3810fc,bd8f7ccf,3dc287a5,bf7e31be,bc3810fa,bd8f7ccf,3dc287a2,1

12459,173,120,1,-2251,139,15753,-4133,2507,-3268,bf7e3054,bc3311e6,bd8f847e,3dc30b54,bf7e3053,bc3311e2,bd8f847d,3dc30b50,1

12460,171,127,6,-2240,169,15748,-4133,2507,-3268,bf7e2fb8,bc36cc97,bd8f3159,3dc36cb1,bf7e2fb8,bc36cc94,bd8f3158,3dc36cae,1

12461,185,128,7,-2244,157,15736,-4085,2483,-3311,bf7e3015,bc3c6d61,bd8f417f,3dc32d94,bf7e3014,bc3c6d5c,bd8f417e,3dc32d90,1

12462,192,125,2,-2250,151,15743,-4117,2501,-3229,bf7e2eed,bc3975d6,bd8f6192,3dc3814f,bf7e2eef,bc3975d2,bd8f6192,3dc3814f,1

12463,186,122,6,-2235,155,15724,-4117,2501,-3229,bf7e2eb8,bc3920bf,bd8f1f7b,3dc3c4ae,bf7e2eb8,bc3920bb,bd8f1f79,3dc3c4ac,1

12464,191,122,11,-2246,119,15724,-4091,2505,-3241,bf7e2cfa,bc3078cd,bd8f4285,3dc45b16,bf7e2cfb,bc3078cb,bd8f4283,3dc45b15,1

12465,184,127,12,-2260,122,15773,-4079,2503,-3243,bf7e2af1,bc2b4385,bd8f8641,3dc4e4ac,bf7e2af2,bc2b4382,bd8f863f,3dc4e4ab,1

12466,179,128,7,-2245,176,15772,-4079,2503,-3243,bf7e2a4a,bc327f99,bd8f3f88,3dc5347d,bf7e2a4a,bc327f96,bd8f3f85,3dc5347b,1

12467,176,129,7,-2243,138,15735,-4097,2511,-3286,bf7e2873,bc2dd097,bd8f2d2d,3dc5ea29,bf7e2872,bc2dd093,bd8f2d2b,3dc5ea27,1

12468,172,128,9,-2252,161,15721,-4133,2505,-3270,bf7e27b6,bc3587f5,bd8f6972,3dc5df36,bf7e27b6,bc3587f1,bd8f6972,3dc5df35,1

12469,186,131,7,-2238,182,15763,-4173,2547,-3294,bf7e2543,bc31585f,bd8f0112,3dc70281,bf7e2544,bc31585e,bd8f0112,3dc70281,1

12470,182,136,9,-2228,129,15736,-4173,2547,-3294,bf7e2330,bc29506f,bd8eb711,3dc7fc57,bf7e2331,bc29506e,bd8eb710,3dc7fc57,1

12471,176,129,8,-2252,112,15747,-4085,2501,-3261,bf7e2203,bc2a2b51,bd8f326b,3dc800dc,bf7e2203,bc2a2b4f,bd8f326a,3dc800db,1

12472,161,130,7,-2259,149,15734,-4095,2527,-3329,bf7e1eac,bc27cf8c,bd8f5ee8,3dc8f877,bf7e1eac,bc27cf8b,bd8f5ee7,3dc8f876,1

12473,169,132,1,-2243,174,15730,-4095,2527,-3329,bf7e1c4f,bc2ae285,bd8f2159,3dc9d82c,bf7e1c4f,bc2ae285,bd8f2157,3dc9d82b,1

12474,175,131,2,-2253,153,15729,-4091,2501,-3246,bf7e1c24,bc33b8b4,bd8f5f08,3dc99b92,bf7e1c23,bc33b8b2,bd8f5f06,3dc99b91,1

12475,181,129,2,-2227,162,15747,-4065,2511,-3230,bf7e1bb0,bc34b6c1,bd8ec449,3dca2a15,bf7e1bb0,bc34b6c1,bd8ec447,3dca2a15,1

12476,180,130,-2,-2233,183,15737,-4065,2511,-3230,bf7e1a8c,bc39e224,bd8e86cd,3dca9e49,bf7e1a8d,bc39e226,bd8e86cc,3dca9e4a,1

12477,191,133,1,-2243,139,15730,-4079,2459,-3281,bf7e1ccc,bc42f973,bd8ec961,3dc9982f,bf7e1ccc,bc42f975,bd8ec95f,3dc9982f,1

12478,185,126,-1,-2263,140,15735,-4121,2497,-3247,bf7e1c55,bc435890,bd8f8067,3dc939ea,bf7e1c55,bc435892,bd8f8066,3dc939ea,1

12479,177,132,-2,-2250,134,15726,-4121,2497,-3247,bf7e1d26,bc41af52,bd8fad7c,3dc8de42,bf7e1d26,bc41af52,bd8fad7d,3dc8de42,1

12480,176,130,0,-2238,202,15714,-4117,2525,-3244,bf7e1b71,bc41e180,bd8f3b1c,3dc9b906,bf7e1b72,bc41e181,bd8f3b1e,3dc9b907,1

12481,193,127,0,-2244,149,15729,-4095,2517,-3226,bf7e19c8,bc3b0e85,bd8f2d24,3dca6227,bf7e19c8,bc3b0e85,bd8f2d23,3dca6227,1

12482,204,121,1,-2252,96,15749,-4081,2499,-3295,bf7e1939,bc328636,bd8f7a41,3dca76e4,bf7e1939,bc328636,bd8f7a40,3dca76e4,1

12483,193,127,0,-2246,150,15738,-4081,2499,-3295,bf7e1981,bc386cb8,bd8f7129,3dca51d3,bf7e1981,bc386cb7,bd8f7129,3dca51d3,1

12484,186,123,-3,-2221,155,15753,-4099,2465,-3266,bf7e1caf,bc426117,bd8f32dd,3dc958be,bf7e1cb0,bc426117,bd8f32dd,3dc958bf,1

12485,194,122,3,-2234,128,15754,-4085,2475,-3287,bf7e1fdc,bc457954,bd8f1a0c,3dc85d3c,bf7e1fdc,bc457953,bd8f1a0a,3dc85d3c,1

12486,198,121,1,-2244,107,15744,-4085,2475,-3287,bf7e220a,bc41cc70,bd8f62c3,3dc7861a,bf7e2209,bc41cc70,bd8f62c2,3dc7861a,1

12487,189,123,1,-2246,132,15734,-4067,2463,-3309,bf7e249a,bc4736b3,bd8f9429,3dc67b87,bf7e2499,bc4736b4,bd8f9427,3dc67b87,1

12488,180,127,4,-2252,148,15737,-4091,2487,-3221,bf7e2557,bc45e3b6,bd8fb85e,3dc62a0d,bf7e2557,bc45e3b9,bd8fb85e,3dc62a0e,1

12489,176,124,6,-2249,159,15749,-4091,2487,-3221,bf7e2677,bc476b4b,bd8fa3ea,3dc5d66c,bf7e2676,bc476b4d,bd8fa3ea,3dc5d66c,1

12490,185,133,6,-2243,123,15740,-4081,2519,-3331,bf7e24f9,bc3c6877,bd8f7911,3dc69b35,bf7e24f9,bc3c687a,bd8f7911,3dc69b36,1

12491,187,125,7,-2254,137,15742,-4011,2481,-3212,bf7e247c,bc3a28f3,bd8fb005,3dc6a39c,bf7e247b,bc3a28f6,bd8fb004,3dc6a39c,1

12492,184,127,8,-2242,117,15722,-4011,2481,-3212,bf7e24ca,bc34c0c3,bd8f9c04,3dc6accf,bf7e24cb,bc34c0c7,bd8f9c06,3dc6acd0,1

12493,177,124,10,-2230,128,15645,-4073,2503,-3256,bf7e23cb,bc2ff32b,bd8f7527,3dc72bca,bf7e23cb,bc2ff32c,bd8f7526,3dc72bcb,1

12494,171,119,7,-2254,179,15789,-4087,2495,-3323,bf7e23c2,bc39a631,bd8f6a23,3dc7132d,bf7e23c2,bc39a632,bd8f6a22,3dc7132e,1

12495,176,125,11,-2225,127,15720,-4105,2493,-3267,bf7e259f,bc38f12d,bd8efb5e,3dc6cd4f,bf7e259f,bc38f12f,bd8efb5c,3dc6cd50,1

12496,178,120,10,-2259,123,15731,-4105,2493,-3267,bf7e24ea,bc383607,bd8f9f7d,3dc693cc,bf7e24e9,bc383608,bd8f9f7c,3dc693cc,1

12497,169,124,13,-2263,211,15753,-4101,2507,-3307,bf7e2345,bc409a53,bd8fad4d,3dc6f09c,bf7e2346,bc409a56,bd8fad4f,3dc6f09e,1

12498,184,127,13,-2231,194,15751,-4101,2495,-3277,bf7e2474,bc47b80d,bd8f1615,3dc6e0b7,bf7e2474,bc47b80f,bd8f1617,3dc6e0b8,1

12499,200,128,10,-2264,78,15718,-4101,2495,-3277,bf7e236d,bc3c5854,bd8f91d5,3dc707ae,bf7e236d,bc3c5855,bd8f91d6,3dc707af,1

12500,182,123,13,-2250,146,15738,-4057,2541,-3245,bf7e20c3,bc33134b,bd8f71f6,3dc819fe,bf7e20c4,bc33134d,bd8f71f8,3dc81a00,1

12501,178,124,11,-2226,190,15734,-4069,2505,-3265,bf7e20aa,bc3a07c3,bd8ede43,3dc87258,bf7e20aa,bc3a07c4,bd8ede44,3dc87259,1

12502,196,123,8,-2250,121,15733,-4069,2505,-3265,bf7e1ed1,bc327fe3,bd8f26e4,3dc8efc6,bf7e1ed0,bc327fe3,bd8f26e6,3dc8efc7,1

12503,188,119,12,-2278,87,15744,-4095,2497,-3220,bf7e1d89,bc2ec7bb,bd901240,3dc8bc0f,bf7e1d89,bc2ec7bd,bd901244,3dc8bc11,1

12504,165,124,8,-2241,193,15745,-4057,2531,-3210,bf7e1b29,bc2efeed,bd8f8b3a,3dc9dbb9,bf7e1b2a,bc2efef1,bd8f8b3c,3dc9dbbc,1

12505,177,128,6,-2230,171,15728,-4057,2531,-3210,bf7e18f0,bc2c8394,bd8f0ad8,3dcaf17c,bf7e18ef,bc2c8396,bd8f0ada,3dcaf17e,1

12506,188,121,7,-2258,147,15746,-4093,2501,-3314,bf7e186a,bc342645,bd8f6b9c,3dcabcca,bf7e186b,bc342649,bd8f6b9e,3dcabcce,1

12507,192,124,8,-2229,121,15746,-4123,2491,-3325,bf7e1b42,bc399db3,bd8f2240,3dc9f866,bf7e1b42,bc399db6,bd8f2240,3dc9f869,1

12508,189,124,9,-2238,168,15741,-4081,2517,-3303,bf7e1960,bc373c06,bd8ee04a,3dcac6f3,bf7e1961,bc373c0c,bd8ee04a,3dcac6f7,1

12509,183,124,5,-2251,131,15731,-4081,2517,-3303,bf7e16f5,bc31020e,bd8f1b5c,3dcb74cb,bf7e16f5,bc310215,bd8f1b5c,3dcb74cd,1

12510,184,135,3,-2250,152,15747,-4131,2515,-3223,bf7e16a8,bc374aa3,bd8f3be4,3dcb5fcd,bf7e16a8,bc374aaa,bd8f3be4,3dcb5fce,1

12511,184,130,4,-2246,166,15736,-4083,2471,-3254,bf7e189d,bc41ccf4,bd8f529c,3dca8c00,bf7e189c,bc41ccfa,bd8f529b,3dca8c00,1

12512,189,115,-1,-2246,123,15738,-4083,2471,-3254,bf7e1b68,bc46d854,bd8f8e84,3dc96d06,bf7e1b68,bc46d859,bd8f8e84,3dc96d06,1

12513,190,121,4,-2256,132,15778,-4097,2487,-3240,bf7e1cfa,bc455a77,bd8fbd6e,3dc8d267,bf7e1cfa,bc455a79,bd8fbd6d,3dc8d267,1

12514,176,132,0,-2255,171,15741,-4095,2509,-3232,bf7e1ba3,bc42c9f4,bd8fac02,3dc9554b,bf7e1ba3,bc42c9f5,bd8fac01,3dc9554b,1

12515,178,132,0,-2243,114,15724,-4095,2509,-3232,bf7e1b09,bc395764,bd8f91e4,3dc9bbe1,bf7e1b0a,bc395766,bd8f91e5,3dc9bbe2,1

12516,182,123,4,-2246,131,15753,-4131,2483,-3306,bf7e1d8a,bc409809,bd8f9edd,3dc8cd20,bf7e1d8a,bc40980b,bd8f9edd,3dc8cd20,1

12517,178,125,4,-2239,105,15759,-4105,2489,-3215,bf7e200a,bc3c2c1c,bd8f7528,3dc830e7,bf7e200b,bc3c2c1d,bd8f7528,3dc830e8,1

12518,175,125,2,-2247,147,15747,-4105,2489,-3215,bf7e21ab,bc42283b,bd8f8191,3dc78cb0,bf7e21ab,bc42283c,bd8f8192,3dc78cb1,1

12519,178,127,5,-2258,154,15707,-4093,2495,-3233,bf7e20fb,bc42989d,bd8fe400,3dc77c22,bf7e20fb,bc42989d,bd8fe403,3dc77c23,1

12520,181,126,7,-2253,127,15768,-4087,2487,-3267,bf7e222b,bc3ecbc0,bd8fdb20,3dc73081,bf7e222a,bc3ecbbf,bd8fdb22,3dc73081,1

12521,174,127,8,-2278,177,15848,-4095,2479,-3273,bf7e2338,bc482b76,bd900a70,3dc6936a,bf7e2338,bc482b75,bd900a73,3dc6936a,1

12522,184,121,8,-2251,81,15725,-4095,2479,-3273,bf7e2485,bc3e291e,bd9030db,3dc6344c,bf7e2485,bc3e291d,bd9030dd,3dc6344c,1

12523,164,125,6,-2266,223,15798,-4097,2477,-3268,bf7e259f,bc4a197f,bd902272,3dc5b4d6,bf7e259f,bc4a197e,bd902273,3dc5b4d6,1

12524,168,127,4,-2257,242,15912,-4129,2483,-3332,bf7e2761,bc5536f1,bd8fa4a4,3dc550b1,bf7e2760,bc5536ee,bd8fa4a4,3dc550b0,1

12525,203,116,5,-2263,37,15816,-4129,2483,-3332,bf7e27b0,bc47e005,bd8fd7f7,3dc549ea,bf7e27b0,bc47e003,bd8fd7f8,3dc549ea,1

12526,195,113,10,-2307,45,15750,-4141,2467,-3300,bf7e27d5,bc4103d9,bd90e5b3,3dc49392,bf7e27d6,bc4103d8,bd90e5b4,3dc49392,1

12527,163,126,7,-2232,259,15714,-4079,2451,-3267,bf7e29e2,bc4d5f1a,bd90963b,3dc3f20b,bf7e29e2,bc4d5f17,bd90963a,3dc3f20a,1

12528,189,125,7,-2214,117,15704,-4079,2451,-3267,bf7e2f4c,bc4d7511,bd8fd9a8,3dc2ba24,bf7e2f4c,bc4d750f,bd8fd9a7,3dc2ba23,1

12529,204,123,16,-2302,37,15793,-4085,2453,-3300,bf7e2f9f,bc43a42e,bd90aec6,3dc229a1,bf7e2f9f,bc43a42c,bd90aec5,3dc229a0,1

12530,163,130,11,-2256,147,15769,-4137,2477,-3214,bf7e329c,bc47fdf4,bd906ed5,3dc14c67,bf7e329b,bc47fdf2,bd906ed4,3dc14c66,1

12531,144,132,5,-2203,236,15711,-4137,2477,-3214,bf7e356c,bc52b9a4,bd8f97f6,3dc0d22c,bf7e356c,bc52b9a4,bd8f97f6,3dc0d22c,1

12532,170,129,8,-2253,126,15744,-4101,2479,-3227,bf7e35a2,bc48a4ba,bd8fb9e5,3dc0d1d7,bf7e35a2,bc48a4ba,bd8fb9e5,3dc0d1d7,1

12533,177,130,7,-2267,133,15759,-4093,2501,-3227,bf7e33e0,bc3e9465,bd8fe1b0,3dc17146,bf7e33e0,bc3e9465,bd8fe1b0,3dc17146,1

12534,166,131,2,-2237,190,15723,-4085,2431,-3271,bf7e366a,bc49b044,bd8fcd99,3dc07cfa,bf7e366a,bc49b044,bd8fcd99,3dc07cfa,1

12535,172,133,5,-2234,117,15717,-4085,2431,-3271,bf7e3a79,bc4f1c64,bd8fc3cf,3dbf14ed,bf7e3a79,bc4f1c64,bd8fc3d0,3dbf14ed,1

12536,174,130,10,-2270,99,15755,-4065,2463,-3244,bf7e3a97,bc44dc2a,bd9031ef,3dbee325,bf7e3a98,bc44dc2b,bd9031f0,3dbee325,1

12537,158,134,6,-2231,195,15747,-4083,2499,-3296,bf7e39e9,bc40b44f,bd8f6d70,3dbfc1a7,bf7e39e9,bc40b44f,bd8f6d71,3dbfc1a6,1

12538,163,133,11,-2222,174,15727,-4083,2499,-3296,bf7e3911,bc3b3e75,bd8ecfda,3dc093b8,bf7e3911,bc3b3e74,bd8ecfdc,3dc093b8,1

12539,175,127,16,-2283,130,15736,-4075,2441,-3256,bf7e39fb,bc42ae27,bd8f8eee,3dbf9abb,bf7e39fb,bc42ae26,bd8f8ef0,3dbf9abb,1

12540,186,131,15,-2249,89,15738,-4113,2465,-3350,bf7e3b78,bc3a79eb,bd8fcfd5,3dbf0bdf,bf7e3b79,bc3a79e8,bd8fcfd5,3dbf0bdf,1

12541,175,127,20,-2262,161,15746,-4113,2465,-3350,bf7e3c75,bc42afd9,bd901244,3dbe649f,bf7e3c75,bc42afd8,bd901243,3dbe649e,1

12542,170,126,23,-2236,203,15732,-4079,2439,-3267,bf7e3ec6,bc4daa6d,bd8fe368,3dbd937f,bf7e3ec7,bc4daa6d,bd8fe367,3dbd937f,1

12543,188,124,27,-2257,183,15780,-4079,2477,-3214,bf7e3e77,bc4a28c6,bd8fc17e,3dbdd694,bf7e3e77,bc4a28c6,bd8fc17d,3dbdd693,1

12544,192,123,22,-2250,118,15709,-4079,2477,-3214,bf7e3e0a,bc3f6603,bd8fe4a0,3dbe0d27,bf7e3e0a,bc3f6603,bd8fe49f,3dbe0d26,1

12545,189,122,18,-2269,150,15741,-4105,2465,-3330,bf7e3e7f,bc431eea,bd906603,3dbd7477,bf7e3e7f,bc431ee9,bd906602,3dbd7476,1

12546,191,131,12,-2233,190,15737,-4049,2477,-3299,bf7e3f16,bc424a8f,bd8f8946,3dbdecb6,bf7e3f16,bc424a8e,bd8f8945,3dbdecb6,1

12547,196,131,5,-2230,148,15732,-4095,2485,-3227,bf7e3f75,bc3b5e88,bd8f1bff,3dbe3b5b,bf7e3f76,bc3b5e88,bd8f1bfe,3dbe3b5c,1

12548,191,119,16,-2257,78,15733,-4095,2485,-3227,bf7e3e59,bc306717,bd8f84f9,3dbe7515,bf7e3e59,bc306715,bd8f84f8,3dbe7514,1

12549,168,126,16,-2261,203,15758,-4113,2455,-3282,bf7e3f72,bc3c4695,bd8fa7d3,3dbdcf1c,bf7e3f73,bc3c4694,bd8fa7d3,3dbdcf1b,1

12550,171,131,8,-2237,184,15710,-4107,2463,-3286,bf7e4142,bc463fb8,bd8f845d,3dbd25ce,bf7e4141,bc463fb5,bd8f845c,3dbd25cb,1

12551,186,132,10,-2264,111,15745,-4107,2463,-3286,bf7e41e6,bc3fc72c,bd901093,3dbc9e45,bf7e41e6,bc3fc72c,bd901093,3dbc9e43,1

12552,186,129,6,-2261,139,15747,-4097,2489,-3252,bf7e4095,bc375507,bd901fe7,3dbd2617,bf7e4095,bc375506,bd901fe7,3dbd2615,1

12553,177,125,8,-2237,201,15732,-4121,2515,-3307,bf7e3eb1,bc350710,bd8f8ea7,3dbe3ea6,bf7e3eb2,bc35070e,bd8f8ea8,3dbe3ea5,1

12554,186,123,10,-2242,123,15713,-4121,2515,-3307,bf7e3cb5,bc2b7108,bd8f79e5,3dbf1b08,bf7e3cb6,bc2b7106,bd8f79e7,3dbf1b07,1

12555,186,124,2,-2262,121,15753,-4105,2437,-3212,bf7e3ef2,bc34c010,bd8fc36f,3dbe027d,bf7e3ef2,bc34c00d,bd8fc370,3dbe027b,1

12556,170,124,8,-2243,155,15750,-4089,2543,-3230,bf7e3c6f,bc2c229a,bd8f864a,3dbf26e0,bf7e3c6f,bc2c2297,bd8f864b,3dbf26de,1

12557,167,126,7,-2243,161,15740,-4089,2543,-3230,bf7e398f,bc24fbae,bd8f4cfb,3dc05eb9,bf7e398e,bc24fbaa,bd8f4cfc,3dc05eb6,1

12558,177,124,4,-2249,177,15736,-4093,2503,-3273,bf7e37cb,bc2bed16,bd8f4e71,3dc0dab0,bf7e37cb,bc2bed13,bd8f4e73,3dc0daae,1

12559,181,122,4,-2246,168,15745,-4091,2451,-3250,bf7e399c,bc36fef5,bd8f6686,3dc0065c,bf7e399c,bc36fef3,bd8f6687,3dc0065a,1

12560,183,122,2,-2240,177,15735,-4071,2513,-3210,bf7e372e,bc32118b,bd8f2574,3dc1161b,bf7e372f,bc321189,bd8f2576,3dc1161b,1

12561,197,116,-2,-2256,175,15738,-4071,2513,-3210,bf7e33f1,bc2f11ec,bd8f47b2,3dc21816,bf7e33f2,bc2f11ea,bd8f47b4,3dc21816,1

12562,203,125,3,-2240,158,15729,-4083,2461,-3285,bf7e35c5,bc39142b,bd8f555c,3dc14f74,bf7e35c5,bc391428,bd8f555d,3dc14f73,1

12563,205,128,2,-2240,144,15739,-4081,2551,-3251,bf7e335c,bc2ef999,bd8f26cb,3dc261b8,bf7e335d,bc2ef997,bd8f26cc,3dc261b8,1

12564,195,129,6,-2250,126,15747,-4081,2551,-3251,bf7e3099,bc2544c2,bd8f1433,3dc377d4,bf7e3098,bc2544bf,bd8f1433,3dc377d3,1

12565,192,125,8,-2236,121,15735,-4079,2543,-3283,bf7e2de7,bc1c7daa,bd8eeaf7,3dc4923b,bf7e2de6,bc1c7da7,bd8eeaf7,3dc4923a,1

12566,185,127,6,-2249,122,15745,-4025,2539,-3236,bf7e2a99,bc14f0e2,bd8ee49b,3dc5bebb,bf7e2a98,bc14f0df,bd8ee49c,3dc5beba,1

12567,165,123,2,-2246,151,15745,-4025,2539,-3236,bf7e26e1,bc1225b3,bd8ece3c,3dc7081f,bf7e26e1,bc1225b0,bd8ece3e,3dc7081e,1

12568,159,128,2,-2240,148,15733,-4089,2501,-3310,bf7e26d7,bc1dc933,bd8edf46,3dc6db7c,bf7e26d7,bc1dc92f,bd8edf48,3dc6db7b,1

12569,166,130,4,-2238,175,15727,-4049,2511,-3272,bf7e251a,bc25fddc,bd8ec322,3dc762f4,bf7e251a,bc25fdd9,bd8ec322,3dc762f3,1

12570,174,126,5,-2233,181,15752,-4049,2511,-3272,bf7e2377,bc2c7428,bd8e7ea1,3dc8035d,bf7e2376,bc2c7425,bd8e7ea0,3dc8035b,1

12571,190,126,6,-2245,142,15728,-4091,2519,-3217,bf7e20c2,bc2afa23,bd8ebf40,3dc8b5de,bf7e20c3,bc2afa20,bd8ebf41,3dc8b5de,1

12572,194,121,6,-2238,120,15739,-4081,2499,-3188,bf7e2105,bc2e885f,bd8eeb2b,3dc875d6,bf7e2105,bc2e885e,bd8eeb2b,3dc875d4,1

12573,186,125,3,-2242,139,15746,-4077,2469,-3266,bf7e22f6,bc385a8a,bd8f1140,3dc7994d,bf7e22f7,bc385a8a,bd8f1140,3dc7994c,1

12574,178,137,4,-2238,162,15731,-4077,2469,-3266,bf7e24fc,bc425b39,bd8f14d2,3dc6cb1a,bf7e24fc,bc425b38,bd8f14d1,3dc6cb18,1

12575,182,132,6,-2242,129,15744,-4071,2471,-3263,bf7e274f,bc449e70,bd8f3d57,3dc5e67a,bf7e274f,bc449e6d,bd8f3d57,3dc5e678,1

12576,180,124,1,-2256,135,15738,-4089,2449,-3288,bf7e29c7,bc4c11a9,bd8f9782,3dc4bb05,bf7e29c7,bc4c11a6,bd8f9782,3dc4bb03,1

12577,174,127,0,-2228,190,15731,-4089,2449,-3288,bf7e2ccf,bc55fc81,bd8f6058,3dc3bdb8,bf7e2ccf,bc55fc7e,bd8f6058,3dc3bdb6,1

12578,185,126,9,-2242,188,15730,-4047,2485,-3334,bf7e2bd4,bc4e712d,bd8f2c47,3dc455f7,bf7e2bd3,bc4e7129,bd8f2c47,3dc455f4,1

12579,197,121,6,-2242,128,15732,-4067,2459,-3203,bf7e2ed2,bc4db17d,bd8f676b,3dc33522,bf7e2ed2,bc4db179,bd8f676b,3dc33520,1

12580,191,117,7,-2246,140,15723,-4067,2459,-3203,bf7e317a,bc4ecd45,bd8fa6ec,3dc223a2,bf7e3179,bc4ecd40,bd8fa6eb,3dc2239f,1

12581,192,118,8,-2231,168,15717,-4083,2481,-3220,bf7e32c0,bc4a800e,bd8f3534,3dc21efa,bf7e32bf,bc4a8008,bd8f3534,3dc21ef7,1

12582,191,118,8,-2247,146,15676,-4053,2481,-3285,bf7e317c,bc423b69,bd8f82c6,3dc27194,bf7e317c,bc423b64,bd8f82c6,3dc27191,1

12583,194,125,8,-2228,123,15688,-4053,2481,-3285,bf7e31b7,bc391f68,bd8f494b,3dc2abdb,bf7e31b7,bc391f64,bd8f494a,3dc2abd8,1

12584,185,121,6,-2260,119,15835,-4081,2511,-3314,bf7e2fc7,bc2f3113,bd8f48d9,3dc37272,bf7e2fc6,bc2f310e,bd8f48d8,3dc3726e,1

12585,171,122,9,-2239,158,15764,-4083,2489,-3278,bf7e303b,bc364e7e,bd8f1388,3dc35a10,bf7e303a,bc364e78,bd8f1387,3dc35a0d,1

12586,166,128,10,-2246,132,15719,-4081,2485,-3209,bf7e3049,bc37cf9b,bd8f6215,3dc315ed,bf7e304a,bc37cf96,bd8f6216,3dc315eb,1

12587,172,122,8,-2246,213,15727,-4081,2485,-3209,bf7e3085,bc42e2e6,bd8f5925,3dc2de11,bf7e3085,bc42e2e1,bd8f5926,3dc2de0e,1

12588,204,124,9,-2235,71,15767,-4099,2477,-3206,bf7e3246,bc37e90d,bd8f4dc2,3dc27ecd,bf7e3246,bc37e907,bd8f4dc3,3dc27eca,1

12589,190,123,10,-2279,125,15722,-4151,2483,-3227,bf7e322f,bc3b79f1,bd902ee1,3dc1d1d0,bf7e322f,bc3b79eb,bd902ee2,3dc1d1cd,1

12590,174,133,7,-2246,150,15749,-4151,2483,-3227,bf7e34b1,bc41cd87,bd8ff08f,3dc1149c,bf7e34b0,bc41cd80,bd8ff08f,3dc11499,1

12591,163,125,2,-2217,158,15712,-4125,2483,-3282,bf7e3787,bc434b13,bd8f102b,3dc0c648,bf7e3787,bc434b0e,bd8f102c,3dc0c646,1

12592,172,120,5,-2262,147,15771,-4079,2417,-3254,bf7e39e5,bc4c9517,bd8f5d00,3dbf9dfd,bf7e39e5,bc4c9512,bd8f5d01,3dbf9dfb,1

12593,166,125,5,-2239,187,15738,-4079,2417,-3254,bf7e3c9a,bc56c67f,bd8f644c,3dbe85ad,bf7e3c9a,bc56c67b,bd8f644c,3dbe85ab,1

12594,163,128,6,-2229,213,15720,-4085,2491,-3222,bf7e3bc9,bc518533,bd8ee059,3dbf44fc,bf7e3bc8,bc51852f,bd8ee058,3dbf44f9,1

12595,183,124,9,-2257,145,15758,-4117,2497,-3240,bf7e3a27,bc471223,bd8f1bbe,3dbfd00b,bf7e3a26,bc471220,bd8f1bbd,3dbfd008,1

12596,192,117,10,-2262,148,15729,-4117,2497,-3240,bf7e380d,bc3eee3e,bd8f8985,3dc0515c,bf7e380d,bc3eee3c,bd8f8985,3dc0515a,1

12597,190,122,3,-2229,194,15720,-4085,2459,-3308,bf7e3a2b,bc492759,bd8f4e3f,3dbfa048,bf7e3a2b,bc492757,bd8f4e3f,3dbfa046,1

12598,203,120,3,-2267,167,15764,-4103,2519,-3218,bf7e377d,bc3f9c31,bd8f7057,3dc090ef,bf7e377d,bc3f9c2f,bd8f7057,3dc090ed,1

12599,212,117,4,-2251,81,15729,-4087,2501,-3324,bf7e3621,bc333a48,bd8f906b,3dc11b6d,bf7e3622,bc333a46,bd8f906b,3dc11b6c,1

12600,197,118,3,-2265,133,15748,-4087,2501,-3324,bf7e33ac,bc2ca02d,bd8fde25,3dc1c88e,bf7e33ab,bc2ca02a,bd8fde25,3dc1c88c,1

12601,184,126,7,-2255,191,15756,-4073,2481,-3303,bf7e33ee,bc376b7f,bd8fd0d4,3dc194b4,bf7e33ee,bc376b7d,bd8fd0d5,3dc194b2,1

12602,197,119,3,-2216,196,15740,-4091,2475,-3240,bf7e363a,bc414087,bd8f3ab0,3dc11cbc,bf7e363b,bc414086,bd8f3ab1,3dc11cba,1

12603,221,117,7,-2265,124,15752,-4091,2475,-3240,bf7e361f,bc3d150b,bd8fe707,3dc0b5a1,bf7e3620,bc3d1508,bd8fe708,3dc0b59f,1

12604,214,124,5,-2265,139,15738,-4095,2487,-3304,bf7e34f0,bc37aefe,bd903b4d,3dc0ef8e,bf7e34ef,bc37aef8,bd903b4b,3dc0ef8b,1

12605,196,122,4,-2254,161,15757,-4099,2475,-3345,bf7e3644,bc3eaaea,bd901a94,3dc07cd7,bf7e3643,bc3eaae5,bd901a93,3dc07cd5,1

12606,198,125,-2,-2247,130,15712,-4099,2475,-3345,bf7e3781,bc3b0f04,bd900e31,3dc02b77,bf7e3780,bc3b0f00,bd900e31,3dc02b76,1

12607,206,125,-4,-2272,82,15720,-4111,2467,-3158,bf7e3913,bc37e217,bd90bb15,3dbf3087,bf7e3913,bc37e214,bd90bb16,3dbf3087,1

12608,188,130,-8,-2256,141,15722,-4117,2501,-3245,bf7e381e,bc31c6fc,bd908030,3dbfc540,bf7e381d,bc31c6f9,bd908030,3dbfc53f,1

12609,189,134,-8,-2256,163,15760,-4117,2501,-3245,bf7e3777,bc32fc30,bd902533,3dc03c91,bf7e3776,bc32fc2e,bd902535,3dc03c90,1

12610,191,137,-5,-2238,167,15698,-4107,2463,-3346,bf7e39a5,bc3d21b5,bd8ff691,3dbf7fc5,bf7e39a6,bc3d21b5,bd8ff694,3dbf7fc6,1

12611,199,139,-10,-2236,131,15741,-4123,2517,-3176,bf7e3892,bc334e56,bd8f9bab,3dc04437,bf7e3892,bc334e55,bd8f9bad,3dc04437,1

12612,197,132,-7,-2270,152,15751,-4123,2517,-3176,bf7e35aa,bc2e550e,bd8fddca,3dc11af6,bf7e35a9,bc2e550b,bd8fddcc,3dc11af5,1

12613,201,133,-13,-2257,121,15726,-4079,2519,-3242,bf7e3357,bc25633a,bd8fdc99,3dc1fe8b,bf7e3357,bc256338,bd8fdc9b,3dc1fe8b,1

12614,213,136,-3,-2264,108,15746,-4067,2451,-3206,bf7e3585,bc2dd784,bd90245b,3dc0f441,bf7e3585,bc2dd783,bd90245c,3dc0f441,1

12615,188,134,-11,-2274,96,15742,-4079,2475,-3267,bf7e35bd,bc2cfce6,bd90bf76,3dc0704a,bf7e35bc,bc2cfce4,bd90bf77,3dc0704a,1

12616,168,140,-15,-2223,184,15728,-4079,2475,-3267,bf7e382c,bc377382,bd9006a3,3dc006b5,bf7e382c,bc377381,bd9006a5,3dc006b6,1

12617,185,136,-12,-2243,179,15755,-4063,2455,-3260,bf7e3a82,bc41de68,bd8fd35e,3dbf3e1f,bf7e3a82,bc41de67,bd8fd35f,3dbf3e20,1

12618,194,135,-21,-2268,312,15671,-4109,2447,-3264,bf7e3b86,bc4e2341,bd8fedd4,3dbea014,bf7e3b86,bc4e2340,bd8fedd5,3dbea015,1

12619,222,146,-43,-2196,66,15726,-4109,2447,-3264,bf7e40d6,bc44fa24,bd8f301f,3dbd8f2d,bf7e40d7,bc44fa25,bd8f3021,3dbd8f2e,1

12620,232,137,-30,-2258,31,15763,-4115,2497,-3292,bf7e403a,bc373a80,bd8f5945,3dbddb9c,bf7e403b,bc373a81,bd8f5947,3dbddb9d,1

12621,200,141,-26,-2249,229,15732,-4145,2423,-3191,bf7e4290,bc42303f,bd8f627c,3dbce007,bf7e4291,bc423040,bd8f627e,3dbce008,1

12622,205,141,-26,-2227,2,15746,-4145,2423,-3191,bf7e477c,bc3e8481,bd8f7540,3dbb369d,bf7e477d,bc3e8482,bd8f7542,3dbb369e,1

12623,183,131,-35,-2240,139,15706,-4109,2475,-3252,bf7e482f,bc3a0fb3,bd8f7b19,3dbb0780,bf7e482f,bc3a0fb4,bd8f7b19,3dbb0780,1

12624,173,147,-26,-2243,168,15743,-4055,2495,-3264,bf7e467d,bc335121,bd8f373f,3dbbe8ce,bf7e467d,bc335122,bd8f373f,3dbbe8ce,1

12625,194,147,-29,-2247,102,15749,-4055,2495,-3264,bf7e4522,bc289c85,bd8f336d,3dbc8852,bf7e4523,bc289c87,bd8f336e,3dbc8852,1

12626,184,142,-30,-2232,145,15695,-4097,2441,-3241,bf7e47b4,bc3302bc,bd8f3a2a,3dbb7e4e,bf7e47b5,bc3302bd,bd8f3a2b,3dbb7e4e,1

12627,174,144,-32,-2175,-18,15532,-4119,2493,-3255,bf7e483e,bc2623b3,bd8ef7be,3dbbb192,bf7e483f,bc2623b4,bd8ef7bf,3dbbb192,1

12628,126,148,-42,-2323,87,15876,-4095,2499,-3286,bf7e4549,bc2013d3,bd8fd402,3dbc1f05,bf7e4548,bc2013d3,bd8fd402,3dbc1f04,1

12629,75,166,-48,-2152,207,15576,-4095,2499,-3286,bf7e4736,bc297f63,bd8e7dac,3dbc5bab,bf7e4736,bc297f63,bd8e7dac,3dbc5bab,1

12630,102,160,-48,-2223,182,15781,-4065,2497,-3292,bf7e462a,bc2cf30a,bd8de6f1,3dbd1ac9,bf7e462a,bc2cf30b,bd8de6f1,3dbd1ac9,1

12631,125,146,-7,-2212,307,15756,-4117,2487,-3252,bf7e4694,bc3aeb53,bd8d9977,3dbcfc52,bf7e4694,bc3aeb54,bd8d9977,3dbcfc52,1

12632,168,138,-6,-2235,31,15652,-4117,2487,-3252,bf7e459f,bc2f2c6e,bd8e090f,3dbd27e8,bf7e45a0,bc2f2c70,bd8e090f,3dbd27e9,1

12633,162,138,-15,-2227,178,15694,-4067,2511,-3303,bf7e42a8,bc2b11b0,bd8df948,3dbe4118,bf7e42a7,bc2b11af,bd8df947,3dbe4117,1

12634,156,143,-8,-2229,204,15738,-4093,2513,-3255,bf7e3fe9,bc2ea39a,bd8dd1ce,3dbf3b6e,bf7e3fea,bc2ea39c,bd8dd1d0,3dbf3b6f,1

12635,171,134,2,-2229,172,15718,-4093,2513,-3255,bf7e3cd9,bc2c37d8,bd8ddb95,3dc040eb,bf7e3cd8,bc2c37d7,bd8ddb94,3dc040ea,1

12636,179,133,4,-2260,116,15824,-4063,2447,-3261,bf7e3e49,bc346f37,bd8e633f,3dbf448a,bf7e3e49,bc346f33,bd8e6341,3dbf448a,1

12637,173,132,5,-2218,204,15687,-4079,2473,-3241,bf7e3f27,bc3fa025,bd8e430f,3dbee71c,bf7e3f28,bc3fa022,bd8e4310,3dbee71d,1

12638,179,130,5,-2218,177,15712,-4079,2473,-3241,bf7e4048,bc4559c0,bd8e1575,3dbe911f,bf7e4048,bc4559be,bd8e1575,3dbe9120,1

12639,189,120,5,-2216,153,15721,-4073,2499,-3236,bf7e3eca,bc3bc190,bd8dea83,3dbf572c,bf7e3eca,bc3bc18f,bd8dea84,3dbf572e,1

12640,186,125,3,-2231,154,15742,-4083,2463,-3300,bf7e4008,bc4221d6,bd8e36e6,3dbe9aec,bf7e4008,bc4221d7,bd8e36e6,3dbe9aee,1

12641,190,132,0,-2224,130,15723,-4097,2417,-3238,bf7e432d,bc4a35a8,bd8e59a6,3dbd518c,bf7e432e,bc4a35aa,bd8e59a7,3dbd518f,1

12642,181,122,7,-2241,148,15721,-4097,2417,-3238,bf7e45c3,bc52514a,bd8ea828,3dbc13c1,bf7e45c4,bc52514d,bd8ea828,3dbc13c4,1

12643,178,129,8,-2239,125,15733,-4089,2503,-3286,bf7e443e,bc46a66d,bd8ea80e,3dbcc9ec,bf7e443e,bc46a670,bd8ea80d,3dbcc9ef,1

12644,169,134,7,-2234,187,15726,-4073,2481,-3294,bf7e42f3,bc439ca4,bd8e8de6,3dbd5952,bf7e42f3,bc439ca9,bd8e8de3,3dbd5955,1

12645,169,129,7,-2232,154,15728,-4073,2481,-3294,bf7e41ef,bc3c8a18,bd8e8a46,3dbdd059,bf7e41ef,bc3c8a1d,bd8e8a44,3dbdd05c,1

12646,178,128,8,-2231,165,15739,-4085,2547,-3325,bf7e3f6f,bc3308ca,bd8e5c44,3dbeecff,bf7e3f70,bc3308cf,bd8e5c44,3dbeed03,1

12647,178,128,5,-2222,206,15727,-4047,2445,-3292,bf7e4101,bc3ed05e,bd8e5074,3dbe425d,bf7e4102,bc3ed062,bd8e5074,3dbe4261,1

12648,187,131,11,-2220,182,15724,-4047,2445,-3292,bf7e430f,bc48a09b,bd8e4175,3dbd74ae,bf7e430f,bc48a0a0,bd8e4175,3dbd74b2,1

12649,205,130,4,-2172,214,15617,-4083,2483,-3253,bf7e445b,bc4a2920,bd8d2c8b,3dbdce43,bf7e445a,bc4a2927,bd8d2c8a,3dbdce46,1

12650,219,120,12,-2264,200,15747,-4087,2471,-3310,bf7e4229,bc4d36e5,bd8e3736,3dbdb5cc,bf7e4229,bc4d36ed,bd8e3735,3dbdb5cf,1

12651,229,126,7,-2242,39,15767,-4087,2471,-3310,bf7e41f6,bc3f59c7,bd8e78e2,3dbdcf7c,bf7e41f7,bc3f59d0,bd8e78e2,3dbdcf80,1

12652,202,126,-1,-2227,124,15719,-4095,2523,-3257,bf7e400e,bc34475f,bd8e62d5,3dbeaec0,bf7e400d,bc344766,bd8e62d4,3dbeaec3,1

12653,183,132,2,-2230,179,15742,-4083,2483,-3318,bf7e3f9d,bc3a5d87,bd8e4c92,3dbecd63,bf7e3f9d,bc3a5d8f,bd8e4c94,3dbecd67,1

12654,193,127,2,-2209,186,15705,-4097,2467,-3326,bf7e4170,bc43c8f7,bd8e0522,3dbe40e1,bf7e4170,bc43c8ff,bd8e0524,3dbe40e5,1

12655,198,127,2,-2241,88,15746,-4097,2467,-3326,bf7e418f,bc39a17c,bd8e847c,3dbe0012,bf7e418f,bc39a185,bd8e847e,3dbe0016,1

12656,188,128,2,-2219,156,15714,-4081,2475,-3263,bf7e4298,bc3be426,bd8e4739,3dbdcce8,bf7e4298,bc3be42d,bd8e473c,3dbdccec,1

12657,180,121,8,-2214,188,15724,-4105,2455,-3335,bf7e449a,bc4656b5,bd8e25a2,3dbd0eab,bf7e449a,bc4656bb,bd8e25a4,3dbd0eaf,1

12658,183,124,4,-2214,141,15719,-4105,2455,-3335,bf7e47a3,bc477a1d,bd8e1521,3dbc1034,bf7e47a2,bc477a23,bd8e1521,3dbc1036,1

12659,186,124,6,-2231,135,15724,-4137,2515,-3266,bf7e45b1,bc3c9df0,bd8e1e53,3dbcddb7,bf7e45b1,bc3c9df6,bd8e1e54,3dbcddb9,1

12660,186,128,6,-2222,149,15739,-4103,2441,-3301,bf7e4856,bc451b19,bd8e33e2,3dbbc69c,bf7e4857,bc451b1f,bd8e33e4,3dbbc69f,1

12661,183,126,7,-2222,133,15720,-4103,2441,-3301,bf7e4b6e,bc498ed8,bd8e5e68,3dba8629,bf7e4b6f,bc498edd,bd8e5e69,3dba862b,1

12662,185,120,4,-2242,141,15737,-4083,2461,-3249,bf7e4ba3,bc43a290,bd8ed66a,3dba31e8,bf7e4ba2,bc43a291,bd8ed668,3dba31e8,1

12663,174,130,3,-2228,131,15739,-4071,2457,-3333,bf7e4d1b,bc3d24f1,bd8eb9a9,3db9e232,bf7e4d1a,bc3d24f2,bd8eb9ac,3db9e233,1

12664,172,137,5,-2235,161,15723,-4071,2457,-3333,bf7e4e01,bc414215,bd8ed708,3db96bb6,bf7e4e01,bc414217,bd8ed70b,3db96bb8,1

12665,174,130,5,-2242,161,15732,-4053,2501,-3285,bf7e4bc0,bc37ceed,bd8ec9ce,3dba6181,bf7e4bc1,bc37ceee,bd8ec9d0,3dba6183,1

12666,183,123,6,-2231,157,15719,-4119,2471,-3291,bf7e4ca5,bc3c46a5,bd8ecf9e,3db9fd55,bf7e4ca4,bc3c46a6,bd8ecf9e,3db9fd56,1

12667,188,130,10,-2235,155,15719,-4079,2479,-3242,bf7e4b82,bc370b7d,bd8ed2eb,3dba72c8,bf7e4b81,bc370b7e,bd8ed2ec,3dba72c8,1

12668,188,126,8,-2210,156,15713,-4079,2479,-3242,bf7e4c09,bc34a8df,bd8e2ffc,3dbaca62,bf7e4c08,bc34a8de,bd8e2ffd,3dbaca62,1

12669,188,124,5,-2219,148,15731,-4091,2499,-3219,bf7e4a42,bc2d567e,bd8e0123,3dbba43a,bf7e4a41,bc2d567d,bd8e0123,3dbba43a,1

12670,193,126,1,-2210,169,15731,-4097,2479,-3190,bf7e4b38,bc354bf5,bd8dbaf7,3dbb67b4,bf7e4b38,bc354bf6,bd8dbaf9,3dbb67b4,1

12671,195,128,2,-2227,129,15708,-4097,2479,-3190,bf7e4a8b,bc31c955,bd8e2888,3dbb5cf3,bf7e4a8a,bc31c954,bd8e2888,3dbb5cf3,1

12672,202,126,1,-2231,123,15719,-4089,2481,-3244,bf7e4988,bc2c4a2c,bd8e73eb,3dbb903e,bf7e4988,bc2c4a2d,bd8e73ee,3dbb903f,1

12673,188,125,6,-2236,157,15723,-4087,2519,-3336,bf7e4694,bc24d7e4,bd8e6ae6,3dbcb0df,bf7e4694,bc24d7e5,bd8e6ae9,3dbcb0e0,1

12674,190,130,2,-2226,157,15747,-4087,2519,-3336,bf7e43ee,bc1f303d,bd8e2c5e,3dbdd708,bf7e43ee,bc1f303e,bd8e2c60,3dbdd709,1

12675,190,132,-1,-2240,104,15700,-4131,2443,-3244,bf7e45f7,bc287544,bd8e84e0,3dbcc5ba,bf7e45f7,bc287546,bd8e84e2,3dbcc5bb,1

12676,183,124,-1,-2206,138,15707,-4051,2503,-3318,bf7e4466,bc217915,bd8e1287,3dbdbad1,bf7e4466,bc217916,bd8e1288,3dbdbad2,1

12677,165,125,-4,-2243,187,15847,-4051,2503,-3318,bf7e41ba,bc2556eb,bd8df239,3dbeaa3c,bf7e41b9,bc2556ec,bd8df238,3dbeaa3c,1

12678,178,128,0,-2247,154,15811,-4123,2501,-3218,bf7e4004,bc2a721c,bd8e402a,3dbeefb7,bf7e4003,bc2a721c,bd8e402a,3dbeefb7,1

12679,184,136,3,-2187,212,15593,-4083,2469,-3267,bf7e4172,bc365816,bd8df582,3dbe81c1,bf7e4172,bc365817,bd8df582,3dbe81c2,1

12680,196,128,1,-2240,125,15770,-4131,2503,-3299,bf7e3f81,bc2dd6a9,bd8e333f,3dbf18c3,bf7e3f82,bc2dd6ab,bd8e333f,3dbf18c5,1

12681,198,121,5,-2222,91,15748,-4131,2503,-3299,bf7e3e82,bc23da24,bd8e2cc6,3dbf9582,bf7e3e81,bc23da25,bd8e2cc3,3dbf9583,1

12682,185,124,8,-2219,211,15707,-4099,2453,-3328,bf7e3fd4,bc2ffe55,bd8e2cf9,3dbef9b5,bf7e3fd4,bc2ffe55,bd8e2cf7,3dbef9b6,1

12683,199,128,7,-2215,124,15750,-4097,2485,-3291,bf7e4069,bc2cd8c0,bd8de4cc,3dbf09bf,bf7e4068,bc2cd8c0,bd8de4ca,3dbf09c0,1

12684,195,126,4,-2224,134,15724,-4097,2485,-3291,bf7e3fff,bc2e6636,bd8e1766,3dbf0166,bf7e3ffe,bc2e6639,bd8e1766,3dbf0167,1

12685,178,127,0,-2217,178,15712,-4089,2451,-3242,bf7e41e9,bc399898,bd8e1a32,3dbe318c,bf7e41e9,bc39989c,bd8e1a33,3dbe318e,1

12686,187,129,2,-2213,156,15724,-4097,2469,-3321,bf7e43c8,bc3f06c6,bd8de674,3dbda2a2,bf7e43c8,bc3f06c9,bd8de676,3dbda2a4,1

12687,199,116,5,-2231,121,15748,-4097,2469,-3321,bf7e442c,bc39370e,bd8e4c7c,3dbd4b8a,bf7e442d,bc393711,bd8e4c7d,3dbd4b8d,1

12688,198,117,8,-2228,164,15721,-4075,2525,-3255,bf7e4180,bc303c42,bd8e3387,3dbe65ab,bf7e417f,bc303c43,bd8e3387,3dbe65ad,1

12689,196,122,4,-2208,178,15718,-4081,2521,-3338,bf7e3f37,bc2a073c,bd8dca57,3dbf8cd3,bf7e3f37,bc2a073f,bd8dca58,3dbf8cd5,1

12690,205,123,6,-2256,145,15780,-4081,2521,-3338,bf7e3b9f,bc22bc5d,bd8e1c67,3dc099be,bf7e3b9f,bc22bc60,bd8e1c67,3dc099c0,1

12691,210,115,4,-2223,79,15653,-4069,2479,-3339,bf7e3b2a,bc1ee24c,bd8ea5e4,3dc067d5,bf7e3b2a,bc1ee250,bd8ea5e5,3dc067d7,1

12692,189,122,2,-2234,152,15706,-4079,2461,-3298,bf7e3c71,bc29ffd7,bd8ecc63,3dbfb941,bf7e3c70,bc29ffd9,bd8ecc63,3dbfb943,1

12693,188,120,6,-2244,157,15773,-4097,2533,-3215,bf7e3957,bc23a59e,bd8eb386,3dc0e7d4,bf7e3956,bc23a5a1,bd8eb386,3dc0e7d6,1

12694,203,118,5,-2214,138,15721,-4097,2533,-3215,bf7e36ff,bc1cdf1f,bd8e58c3,3dc20630,bf7e3700,bc1cdf23,bd8e58c5,3dc20634,1

12695,194,119,5,-2239,159,15707,-4059,2503,-3286,bf7e348c,bc229564,bd8e964a,3dc29365,bf7e348d,bc22956a,bd8e964b,3dc29369,1

12696,195,129,8,-2214,138,15736,-4107,2485,-3261,bf7e3657,bc2bb80e,bd8e4df2,3dc2130b,bf7e3656,bc2bb812,bd8e4df1,3dc2130e,1

12697,203,125,8,-2240,137,15719,-4107,2485,-3261,bf7e3666,bc31f7a3,bd8eba3a,3dc1a7ed,bf7e3665,bc31f7a6,bd8eba3b,3dc1a7f0,1

12698,191,121,9,-2235,140,15739,-4131,2529,-3247,bf7e33e3,bc2a22cc,bd8ea318,3dc2a747,bf7e33e3,bc2a22d1,bd8ea319,3dc2a74b,1

12699,187,129,7,-2220,155,15731,-4097,2495,-3252,bf7e344f,bc30bff7,bd8e4fea,3dc2a97a,bf7e344e,bc30bffc,bd8e4feb,3dc2a97d,1

12700,186,123,5,-2193,139,15650,-4097,2495,-3252,bf7e353a,bc30eb52,bd8db2f0,3dc2ce49,bf7e353b,bc30eb59,bd8db2f2,3dc2ce4e,1

12701,197,122,2,-2244,145,15742,-4077,2455,-3239,bf7e3699,bc3a1cb4,bd8e24e0,3dc1e654,bf7e3699,bc3a1cba,bd8e24e2,3dc1e657,1

12702,186,126,-1,-2224,165,15748,-4067,2461,-3256,bf7e389e,bc43429d,bd8e28e6,3dc11592,bf7e389d,bc4342a1,bd8e28e8,3dc11594,1

12703,191,131,6,-2237,152,15697,-4067,2461,-3256,bf7e39bb,bc47cba7,bd8ea608,3dc048a5,bf7e39bb,bc47cbab,bd8ea60b,3dc048a7,1

12704,195,128,9,-2254,74,15770,-4081,2455,-3273,bf7e3b15,bc3f6be9,bd8f3701,3dbf8c16,bf7e3b14,bc3f6be9,bd8f3702,3dbf8c18,1

12705,192,130,6,-2271,94,15730,-4093,2505,-3207,bf7e38fa,bc345d3e,bd8f92c0,3dc024c4,bf7e38fa,bc345d3f,bd8f92c2,3dc024c7,1

12706,180,126,6,-2182,170,15643,-4095,2451,-3297,bf7e3c51,bc3e704c,bd8efc6f,3dbf528f,bf7e3c52,bc3e704c,bd8efc72,3dbf5292,1

12707,184,117,4,-2214,194,15764,-4095,2451,-3297,bf7e3ef8,bc48e2ff,bd8ea96d,3dbe83a6,bf7e3ef8,bc48e2fe,bd8ea96f,3dbe83a8,1

12708,191,126,0,-2193,162,15674,-4103,2433,-3241,bf7e42cf,bc511043,bd8e5fe6,3dbd4eb7,bf7e42cf,bc511042,bd8e5fe8,3dbd4eb9,1

12709,183,124,1,-2205,151,15652,-4047,2451,-3244,bf7e45c0,bc4d61cc,bd8e2790,3dbc8c09,bf7e45c0,bc4d61cd,bd8e2791,3dbc8c0b,1

12710,190,126,2,-2264,70,15709,-4047,2451,-3244,bf7e4556,bc4305ac,bd8ef0d4,3dbc4395,bf7e4555,bc4305ab,bd8ef0d5,3dbc4396,1

12711,186,119,5,-2235,83,15763,-4099,2455,-3195,bf7e4815,bc3be879,bd8f18e0,3dbb5468,bf7e4815,bc3be87a,bd8f18e2,3dbb546a,1

12712,182,128,7,-2248,204,15741,-4085,2503,-3217,bf7e4533,bc397ee5,bd8f0493,3dbc66c9,bf7e4532,bc397ee6,bd8f0493,3dbc66ca,1

12713,195,131,2,-2201,184,15659,-4085,2503,-3217,bf7e4428,bc353612,bd8e5342,3dbd5726,bf7e4427,bc353614,bd8e5342,3dbd5727,1

12714,210,124,8,-2239,110,15759,-4077,2455,-3254,bf7e4613,bc37915a,bd8ec11e,3dbc55ec,bf7e4614,bc37915e,bd8ec11f,3dbc55ef,1

12715,190,128,1,-2206,142,15721,-4117,2503,-3276,bf7e456a,bc2f5dc6,bd8e36e4,3dbd1664,bf7e456a,bc2f5dc9,bd8e36e3,3dbd1666,1

12716,191,128,8,-2236,137,15732,-4117,2503,-3276,bf7e430d,bc295c42,bd8e6343,3dbdd5e7,bf7e430c,bc295c45,bd8e6341,3dbdd5e8,1

12717,194,130,3,-2225,155,15745,-4087,2509,-3231,bf7e40cf,bc25abed,bd8e272e,3dbecfe7,bf7e40cf,bc25abf0,bd8e272d,3dbecfe8,1

12718,193,128,0,-2234,114,15736,-4095,2453,-3286,bf7e42bc,bc2e64bf,bd8e7349,3dbdd2fe,bf7e42bc,bc2e64c2,bd8e7348,3dbdd2fe,1

12719,181,124,2,-2234,126,15726,-4079,2489,-3242,bf7e414b,bc29f188,bd8ea009,3dbe3d05,bf7e414b,bc29f18a,bd8ea009,3dbe3d05,1

12720,182,127,6,-2231,129,15726,-4079,2489,-3242,bf7e4048,bc289926,bd8ea682,3dbe9303,bf7e4048,bc289927,bd8ea682,3dbe9303,1

12721,184,130,6,-2219,164,15721,-4071,2453,-3282,bf7e423d,bc339a13,bd8e8e0e,3dbdd652,bf7e423c,bc339a13,bd8e8e0d,3dbdd651,1

12722,178,118,3,-2234,108,15737,-4095,2437,-3240,bf7e4507,bc3b2fe4,bd8ecdee,3dbc98c3,bf7e4507,bc3b2fe3,bd8ecdef,3dbc98c2,1

12723,181,125,4,-2217,232,15699,-4095,2437,-3240,bf7e46f9,bc46de35,bd8eb4af,3dbbd3a7,bf7e46f9,bc46de34,bd8eb4b0,3dbbd3a6,1

12724,191,133,0,-2224,72,15660,-4071,2435,-3266,bf7e4a1a,bc413c1b,bd8f06df,3dba9c6e,bf7e4a1b,bc413c1a,bd8f06e1,3dba9c6e,1

12725,194,125,-5,-2240,148,15746,-4069,2437,-3286,bf7e4cc1,bc47e47c,bd8f2e0f,3db979fc,bf7e4cc1,bc47e47a,bd8f2e10,3db979fb,1

12726,190,128,-9,-2225,160,15771,-4069,2437,-3286,bf7e508e,bc4d6f8e,bd8ed7c7,3db85609,bf7e508e,bc4d6f8c,bd8ed7c8,3db85608,1

12727,198,122,-2,-2205,125,15684,-4087,2483,-3285,bf7e5042,bc4167ed,bd8e8cda,3db8dde7,bf7e5043,bc4167ec,bd8e8cdc,3db8dde6,1

12728,194,126,5,-2263,115,15732,-4057,2519,-3306,bf7e4dda,bc360dd0,bd8eb5fd,3db9bf67,bf7e4dda,bc360dce,bd8eb5fe,3db9bf65,1

12729,191,122,4,-2225,73,15742,-4057,2519,-3306,bf7e4c3b,bc2a3cb7,bd8e9b90,3dba8e46,bf7e4c3c,bc2a3cb6,bd8e9b91,3dba8e44,1

12730,170,122,5,-2224,140,15728,-4087,2465,-3266,bf7e4db0,bc320571,bd8e8f7b,3db9fb78,bf7e4db0,bc32056f,bd8e8f7c,3db9fb75,1

12731,171,128,1,-2221,154,15721,-4101,2441,-3253,bf7e5022,bc3c0e94,bd8e8d4b,3db8fefa,bf7e5022,bc3c0e92,bd8e8d4c,3db8fef7,1

12732,188,130,-1,-2213,120,15703,-4079,2511,-3292,bf7e4e9f,bc310b37,bd8e570d,3db9d87a,bf7e4e9f,bc310b35,bd8e570e,3db9d877,1

12733,180,128,4,-2222,153,15761,-4079,2511,-3292,bf7e4c7b,bc28d4d2,bd8e145a,3dbae489,bf7e4c7c,bc28d4cf,bd8e145c,3dbae486,1

12734,176,123,-3,-2229,168,15790,-4053,2493,-3197,bf7e4a69,bc2937cd,bd8de7ad,3dbbb90e,bf7e4a6a,bc2937c8,bd8de7ae,3dbbb90b,1

12735,177,128,3,-2234,158,15713,-4139,2495,-3225,bf7e48db,bc2e592a,bd8e4532,3dbbe628,bf7e48dc,bc2e5924,bd8e4533,3dbbe625,1

12736,197,121,1,-2239,100,15735,-4139,2495,-3225,bf7e477a,bc264ae4,bd8ea553,3dbc3218,bf7e4779,bc264ada,bd8ea550,3dbc3214,1

12737,190,117,3,-2229,48,15635,-4079,2433,-3223,bf7e4a3f,bc2a99d1,bd8f21b0,3dbad38b,bf7e4a40,bc2a99c8,bd8f21af,3dbad38a,1

12738,168,120,-2,-2226,186,15824,-4067,2453,-3248,bf7e4c4e,bc361d08,bd8ed07a,3dba32a9,bf7e4c4d,bc361cfe,bd8ed078,3dba32a6,1

12739,172,127,3,-2234,140,15837,-4067,2453,-3248,bf7e4f18,bc3bb4d8,bd8e909c,3db95893,bf7e4f17,bc3bb4d0,bd8e909d,3db95890,1

12740,197,122,9,-2228,89,15797,-4059,2457,-3310,bf7e502a,bc30f7e5,bd8e80b4,3db931c1,bf7e5029,bc30f7de,bd8e80b5,3db931be,1

12741,194,120,10,-2269,145,15840,-4059,2515,-3249,bf7e4d10,bc27d804,bd8eaaf2,3dba429b,bf7e4d10,bc27d7ff,bd8eaaf4,3dba4298,1

12742,197,124,-1,-2199,128,15682,-4059,2515,-3249,bf7e4b5f,bc1ed367,bd8e42f2,3dbb44fd,bf7e4b60,bc1ed362,bd8e42f3,3dbb44fa,1

12743,204,127,0,-2211,102,15644,-4077,2475,-3247,bf7e4be3,bc207eed,bd8e60a9,3dbafbe7,bf7e4be3,bc207ee4,bd8e60ab,3dbafbe3,1

12744,200,124,0,-2210,37,15615,-4113,2467,-3190,bf7e4de4,bc1b0905,bd8ebc17,3dba1979,bf7e4de3,bc1b08fc,bd8ebc19,3dba1974,1

12745,176,132,7,-2186,186,15638,-4075,2497,-3223,bf7e4da9,bc2245b3,bd8df3fe,3dbaadce,bf7e4da9,bc2245ab,bd8df401,3dbaadca,1

12746,187,126,4,-2215,138,15726,-4075,2497,-3223,bf7e4bb7,bc1f6b44,bd8dc67b,3dbb838c,bf7e4bb7,bc1f6b3d,bd8dc67d,3dbb8389,1

12747,199,127,6,-2245,65,15778,-4071,2485,-3240,bf7e49f4,bc16d3c3,bd8e5303,3dbbce48,bf7e49f5,bc16d3bb,bd8e5305,3dbbce45,1

12748,176,123,12,-2222,198,15708,-4099,2509,-3309,bf7e47ef,bc1f4459,bd8e21e4,3dbc861d,bf7e47f0,bc1f4451,bd8e21e5,3dbc861a,1

12749,174,124,6,-2206,194,15708,-4099,2509,-3309,bf7e4646,bc25139a,bd8da8c6,3dbd5c69,bf7e4647,bc251392,bd8da8c6,3dbd5c66,1

12750,191,117,9,-2236,72,15726,-4099,2469,-3285,bf7e4686,bc23aa1f,bd8e7374,3dbcb354,bf7e4686,bc23aa15,bd8e7373,3dbcb350,1

12751,185,123,6,-2228,100,15717,-4099,2513,-3290,bf7e4445,bc1a9ab2,bd8e725d,3dbd9471,bf7e4445,bc1a9aa9,bd8e725d,3dbd946d,1

12752,165,121,1,-2268,182,15955,-4099,2513,-3290,bf7e4186,bc202c00,bd8e6e95,3dbe708d,bf7e4187,bc202bf9,bd8e6e94,3dbe708a,1

12753,172,121,5,-2216,232,15711,-4077,2501,-3260,bf7e40ad,bc2b4e4f,bd8e21ee,3dbecaa9,bf7e40ae,bc2b4e48,bd8e21ed,3dbecaa6,1

12754,185,125,7,-2126,184,15361,-4089,2465,-3200,bf7e4347,bc3616f0,bd8d9138,3dbe3064,bf7e4348,bc3616e9,bd8d9137,3dbe3061,1

12755,195,124,14,-2185,152,15524,-4089,2465,-3200,bf7e450e,bc3dc2e8,bd8da575,3dbd6b2a,bf7e450e,bc3dc2e0,bd8da574,3dbd6b26,1

12756,184,126,6,-2250,115,15799,-4071,2455,-3208,bf7e4612,bc3df700,bd8e63ef,3dbc8389,bf7e4613,bc3df6f7,bd8e63ef,3dbc8387,1

12757,181,129,10,-2244,136,15701,-4099,2519,-3228,bf7e4375,bc340da0,bd8e837c,3dbd735b,bf7e4374,bc340d96,bd8e837a,3dbd7358,1

12758,175,123,10,-2213,140,15658,-4157,2467,-3300,bf7e45cf,bc3c1032,bd8e855c,3dbc887f,bf7e45cf,bc3c1029,bd8e855d,3dbc887e,1

12759,182,118,6,-2235,157,15853,-4157,2467,-3300,bf7e486b,bc43272f,bd8e5f30,3dbba6e4,bf7e486b,bc432727,bd8e5f31,3dbba6e3,1

12760,178,124,4,-2220,164,15828,-4097,2485,-3294,bf7e4865,bc3c49dd,bd8dd13b,3dbc301b,bf7e4864,bc3c49d7,bd8dd13b,3dbc3019,1

12761,187,124,9,-2226,182,15738,-4099,2499,-3320,bf7e45ee,bc3753d2,bd8dc890,3dbd1eea,bf7e45ee,bc3753cd,bd8dc891,3dbd1ee9,1

12762,211,122,7,-2245,68,15707,-4099,2499,-3320,bf7e43ff,bc2b4df3,bd8e2eb0,3dbda550,bf7e4400,bc2b4def,bd8e2eb2,3dbda54f,1

12763,210,114,12,-2224,79,15710,-4087,2497,-3307,bf7e4273,bc203bb6,bd8e4f30,3dbe3876,bf7e4274,bc203bb2,bd8e4f31,3dbe3875,1

12764,187,120,8,-2213,211,15756,-4073,2517,-3320,bf7e4048,bc24265d,bd8dc665,3dbf49ed,bf7e4047,bc242658,bd8dc665,3dbf49ea,1

12765,191,126,4,-2181,153,15580,-4073,2517,-3320,bf7e3e1d,bc1f6303,bd8d5691,3dc0640d,bf7e3e1c,bc1f62ff,bd8d5692,3dc0640a,1

12766,199,122,8,-2228,117,15571,-4077,2481,-3369,bf7e3c60,bc2405cd,bd8e42d2,3dc03962,bf7e3c5f,bc2405c9,bd8e42d3,3dc0395f,1

12767,197,118,4,-2269,82,15795,-4051,2475,-3293,bf7e3aed,bc21c2d8,bd8f3c20,3dc00277,bf7e3aee,bc21c2d3,bd8f3c22,3dc00276,1

12768,186,120,7,-2188,90,15600,-4051,2475,-3293,bf7e3d8b,bc21242f,bd8e76f6,3dbfb99b,bf7e3d8c,bc21242a,bd8e76f7,3dbfb99a,1

12769,186,121,0,-2180,213,15611,-4061,2507,-3243,bf7e3cf4,bc28e390,bd8dbed2,3dc058cd,bf7e3cf4,bc28e38b,bd8dbed3,3dc058cb,1

12770,191,118,7,-2198,157,15726,-4053,2499,-3325,bf7e3bbe,bc2776b0,bd8d3179,3dc12c5c,bf7e3bbe,bc2776ac,bd8d3179,3dc12c5a,1

12771,197,118,9,-2224,157,15765,-4053,2459,-3286,bf7e3cd4,bc31e572,bd8d6d40,3dc07fa9,bf7e3cd4,bc31e56e,bd8d6d40,3dc07fa7,1

12772,193,120,8,-2210,179,15705,-4053,2459,-3286,bf7e3e1d,bc3c7889,bd8d7c3c,3dbfdf61,bf7e3e1e,bc3c7887,bd8d7c3c,3dbfdf5f,1

12773,209,118,12,-2215,134,15740,-4075,2437,-3214,bf7e40ec,bc440841,bd8daa02,3dbeafdb,bf7e40ed,bc44083f,bd8daa02,3dbeafd9,1

12774,221,114,14,-2265,83,15758,-4107,2509,-3235,bf7e3e9a,bc37e5c2,bd8e24be,3dbf4af8,bf7e3e9a,bc37e5bf,bd8e24be,3dbf4af6,1

12775,209,123,12,-2231,100,15696,-4107,2509,-3235,bf7e3ca7,bc2cd1dd,bd8e504a,3dbff961,bf7e3ca7,bc2cd1db,bd8e504a,3dbff95f,1

12776,201,126,9,-2251,109,15778,-4085,2527,-3242,bf7e39e0,bc22e006,bd8e7105,3dc0ee66,bf7e39e1,bc22e005,bd8e7107,3dc0ee65,1

12777,198,127,12,-2239,104,15734,-4069,2511,-3252,bf7e373e,bc1b12a2,bd8e95cb,3dc1ca3d,bf7e373f,bc1b12a1,bd8e95cc,3dc1ca3c,1

12778,197,122,16,-2234,97,15723,-4069,2511,-3252,bf7e34b6,bc14e17a,bd8ead5c,3dc2a0e1,bf7e34b6,bc14e177,bd8ead5a,3dc2a0df,1

12779,175,122,4,-2220,147,15733,-4097,2499,-3228,bf7e351f,bc1f5c0d,bd8e7571,3dc2861b,bf7e351f,bc1f5c0a,bd8e756f,3dc28619,1

12780,175,122,4,-2228,126,15768,-4099,2521,-3252,bf7e32d2,bc1b9682,bd8e41fb,3dc37824,bf7e32d2,bc1b967e,bd8e41f9,3dc37822,1

12781,183,122,4,-2231,136,15716,-4099,2521,-3252,bf7e2ffa,bc1bd248,bd8e5367,3dc456bf,bf7e2ffa,bc1bd244,bd8e5366,3dc456bd,1

12782,183,125,4,-2223,125,15709,-4061,2455,-3324,bf7e31d8,bc26b6fa,bd8e6e41,3dc3843c,bf7e31d9,bc26b6f7,bd8e6e41,3dc3843b,1

12783,177,125,5,-2237,167,15755,-4113,2465,-3253,bf7e3371,bc3214b9,bd8e8a9b,3dc2c21d,bf7e3372,bc3214b6,bd8e8a9b,3dc2c21c,1

12784,188,120,4,-2219,140,15770,-4041,2509,-3376,bf7e31c7,bc29b6dc,bd8e2c33,3dc3af7b,bf7e31c7,bc29b6d9,bd8e2c32,3dc3af79,1

12785,191,121,3,-2209,146,15603,-4041,2509,-3376,bf7e2f20,bc24a6ae,bd8e167d,3dc4ac89,bf7e2f20,bc24a6ac,bd8e167c,3dc4ac87,1

12786,199,120,9,-2298,103,15942,-4085,2475,-3296,bf7e2ecd,bc2a5fcb,bd8f03d5,3dc40782,bf7e2ece,bc2a5fcb,bd8f03d4,3dc40781,1

12787,195,117,10,-2267,87,15925,-4091,2519,-3243,bf7e2cc6,bc206d47,bd8f0ee0,3dc4c8ca,bf7e2cc6,bc206d47,bd8f0edf,3dc4c8c9,1

12788,179,130,5,-2232,169,15584,-4091,2519,-3243,bf7e2a17,bc25e7e4,bd8f2eab,3dc57d12,bf7e2a17,bc25e7e3,bd8f2eaa,3dc57d11,1

12789,193,127,2,-2208,121,15680,-4117,2463,-3235,bf7e2d33,bc2f93cb,bd8f01c3,3dc47b6d,bf7e2d34,bc2f93cb,bd8f01c4,3dc47b6c,1

12790,196,127,4,-2261,110,15794,-4117,2455,-3248,bf7e2f83,bc37aae9,bd8f5a9a,3dc35cde,bf7e2f82,bc37aae9,bd8f5a99,3dc35cdc,1

12791,199,132,6,-2212,159,15686,-4117,2455,-3248,bf7e3296,bc41477e,bd8f20de,3dc26169,bf7e3296,bc41477f,bd8f20df,3dc26167,1

12792,208,125,10,-2187,135,15722,-4129,2443,-3321,bf7e370b,bc485220,bd8e98f0,3dc13344,bf7e370b,bc485220,bd8e98f1,3dc13342,1

12793,203,126,8,-2260,104,15801,-4123,2507,-3294,bf7e3566,bc3c7858,bd8ed311,3dc1c1d3,bf7e3565,bc3c7857,bd8ed311,3dc1c1d1,1

12794,193,122,8,-2207,123,15678,-4123,2507,-3294,bf7e34d4,bc32cbe3,bd8e734b,3dc25c80,bf7e34d4,bc32cbe4,bd8e734a,3dc25c7f,1

12795,199,127,12,-2205,82,15610,-4133,2483,-3307,bf7e369f,bc2cfce1,bd8e8441,3dc1cea5,bf7e369f,bc2cfce0,bd8e843f,3dc1cea4,1

12796,207,130,14,-2251,79,15822,-4121,2461,-3275,bf7e3923,bc30d414,bd8eeed3,3dc09eab,bf7e3922,bc30d412,bd8eeed2,3dc09ea9,1

12797,191,125,17,-2247,101,15776,-4123,2501,-3275,bf7e37d5,bc284284,bd8f14aa,3dc10f05,bf7e37d6,bc284283,bd8f14aa,3dc10f04,1

12798,189,130,15,-2198,121,15681,-4123,2501,-3275,bf7e38de,bc265962,bd8e3d39,3dc15d8e,bf7e38dd,bc26595e,bd8e3d38,3dc15d8b,1

12799,181,133,12,-2219,130,15727,-4085,2503,-3306,bf7e3755,bc23848d,bd8e06fc,3dc21003,bf7e3755,bc238489,bd8e06fd,3dc21002,1

12800,192,125,11,-2252,102,15762,-4135,2527,-3282,bf7e342d,bc1bdbec,bd8e6742,3dc2eac3,bf7e342e,bc1bdbe9,bd8e6743,3dc2eac3,1

12801,195,133,17,-2226,128,15716,-4135,2527,-3282,bf7e3197,bc19d95b,bd8e4dbd,3dc3db8d,bf7e3197,bc19d957,bd8e4dbd,3dc3db8d,1

12802,192,129,9,-2222,122,15712,-4117,2483,-3305,bf7e32f7,bc23e7b5,bd8e5f5f,3dc33b21,bf7e32f8,bc23e7b3,bd8e5f60,3dc33b22,1

12803,193,129,12,-2241,84,15762,-4109,2473,-3262,bf7e34c7,bc2946da,bd8ec966,3dc243f4,bf7e34c6,bc2946d9,bd8ec963,3dc243f3,1

12804,187,131,13,-2231,132,15728,-4109,2473,-3262,bf7e36a3,bc325212,bd8ed6fe,3dc17dc2,bf7e36a3,bc325211,bd8ed6fd,3dc17dc2,1

12805,180,133,6,-2216,156,15722,-4103,2521,-3283,bf7e34dc,bc2c01c5,bd8e608d,3dc28079,bf7e34dc,bc2c01c4,bd8e608c,3dc28079,1

12806,190,127,11,-2237,66,15746,-4107,2539,-3326,bf7e32a8,bc20bbe5,bd8e65f7,3dc35a88,bf7e32a8,bc20bbe5,bd8e65f6,3dc35a88,1

12807,185,130,9,-2241,127,15750,-4107,2539,-3326,bf7e2f76,bc19c00b,bd8e668e,3dc479e6,bf7e2f76,bc19c00b,bd8e668d,3dc479e6,1

12808,172,131,9,-2215,167,15732,-4081,2485,-3269,bf7e3095,bc25ab2e,bd8e3715,3dc41855,bf7e3095,bc25ab2e,bd8e3715,3dc41855,1

12809,193,130,5,-2223,106,15718,-4117,2511,-3282,bf7e2f2c,bc20af01,bd8e39c2,3dc49c0b,bf7e2f2b,bc20af00,bd8e39c3,3dc49c0b,1

12810,189,124,5,-2245,79,15755,-4095,2469,-3324,bf7e30a9,bc2705cd,bd8ec412,3dc3a6f3,bf7e30aa,bc2705ce,bd8ec415,3dc3a6f5,1

12811,179,125,9,-2226,114,15739,-4095,2469,-3324,bf7e32fc,bc2fa1cc,bd8ec1b9,3dc2c8c9,bf7e32fb,bc2fa1cb,bd8ec1ba,3dc2c8ca,1

12812,180,133,9,-2226,114,15734,-4063,2479,-3262,bf7e3452,bc2fca7b,bd8ea317,3dc26f40,bf7e3451,bc2fca7e,bd8ea318,3dc26f41,1

12813,186,126,7,-2236,123,15752,-4123,2513,-3321,bf7e326f,bc286f7c,bd8e9dbd,3dc32ae3,bf7e326f,bc286f80,bd8e9dc0,3dc32ae4,1

12814,190,124,8,-2229,119,15729,-4123,2513,-3321,bf7e30b4,bc233ba7,bd8e8b8a,3dc3d918,bf7e30b3,bc233ba9,bd8e8b8b,3dc3d918,1

12815,189,131,11,-2224,119,15720,-4109,2471,-3312,bf7e32c4,bc2cae55,bd8e974c,3dc3046d,bf7e32c5,bc2cae57,bd8e974e,3dc3046f,1

12816,197,132,9,-2232,122,15744,-4125,2513,-3239,bf7e3132,bc2716ce,bd8e88f3,3dc3a59a,bf7e3131,bc2716cf,bd8e88f3,3dc3a59b,1

12817,191,132,7,-2222,136,15730,-4125,2513,-3239,bf7e302d,bc2741b5,bd8e44d5,3dc42b34,bf7e302c,bc2741b7,bd8e44d5,3dc42b35,1

12818,202,130,4,-2218,130,15721,-4107,2491,-3300,bf7e3137,bc2d83fc,bd8e2b4e,3dc3d19b,bf7e3136,bc2d83ff,bd8e2b4d,3dc3d19c,1

12819,197,124,8,-2228,85,15741,-4135,2511,-3269,bf7e3008,bc2419b9,bd8e4a14,3dc43dba,bf7e3009,bc2419bd,bd8e4a15,3dc43dbd,1

12820,194,119,7,-2247,95,15728,-4135,2511,-3269,bf7e2df0,bc2013ff,bd8ee01f,3dc48ba5,bf7e2df1,bc201402,bd8ee020,3dc48ba8,1

12821,196,120,9,-2224,130,15731,-4095,2545,-3320,bf7e2b43,bc18a68b,bd8e9952,3dc5b365,bf7e2b43,bc18a68d,bd8e9951,3dc5b367,1

12822,202,123,8,-2227,74,15732,-4159,2479,-3254,bf7e2de2,bc20a95e,bd8ec2b3,3dc4a393,bf7e2de2,bc20a95f,bd8ec2b3,3dc4a395,1

12823,190,121,10,-2244,46,15743,-4159,2479,-3254,bf7e3040,bc2360f4,bd8f4385,3dc37805,bf7e303f,bc2360f6,bd8f4385,3dc37807,1

12824,155,126,12,-2235,165,15724,-4117,2501,-3308,bf7e3022,bc2d4a9e,bd8f1706,3dc38080,bf7e3022,bc2d4aa1,bd8f1707,3dc38082,1

12825,156,120,5,-2221,107,15803,-4085,2507,-3374,bf7e2f8b,bc253669,bd8e92ee,3dc42da6,bf7e2f8b,bc25366d,bd8e92ee,3dc42da8,1

12826,168,117,1,-2236,101,15746,-4097,2527,-3327,bf7e2d16,bc1cd120,bd8e93ed,3dc5141c,bf7e2d15,bc1cd122,bd8e93ec,3dc5141d,1

12827,162,126,6,-2209,157,15558,-4097,2527,-3327,bf7e2a30,bc1eda2e,bd8e7277,3dc61427,bf7e2a30,bc1eda30,bd8e7278,3dc61429,1

12828,178,128,2,-2200,109,15805,-4071,2531,-3273,bf7e28f2,bc17c99c,bd8dca61,3dc70830,bf7e28f2,bc17c99f,bd8dca61,3dc70832,1

12829,172,129,8,-2254,71,15724,-4113,2539,-3257,bf7e2573,bc106088,bd8e4745,3dc7e2bf,bf7e2572,bc10608a,bd8e4744,3dc7e2c0,1

12830,164,131,6,-2197,163,15657,-4113,2539,-3257,bf7e23cb,bc16ec7b,bd8dc393,3dc8b2fa,bf7e23cb,bc16ec7f,bd8dc393,3dc8b2fc,1

12831,178,129,4,-2261,104,15804,-4083,2475,-3183,bf7e24ea,bc20d60a,bd8e4149,3dc7dfda,bf7e24ea,bc20d60f,bd8e4149,3dc7dfdc,1

12832,181,118,3,-2235,119,15729,-4137,2499,-3265,bf7e25a8,bc297d41,bd8e8e3f,3dc75027,bf7e25a6,bc297d44,bd8e8e3e,3dc75028,1

12833,182,118,10,-2251,98,15745,-4137,2499,-3265,bf7e25a0,bc2bb4fd,bd8f2ee2,3dc6d7a8,bf7e25a0,bc2bb502,bd8f2ee3,3dc6d7aa,1

12834,182,117,9,-2237,119,15717,-4081,2547,-3290,bf7e22ee,bc22aac1,bd8f0fd2,3dc7e802,bf7e22ee,bc22aac5,bd8f0fd3,3dc7e804,1

12835,185,122,7,-2243,109,15765,-4097,2469,-3270,bf7e2525,bc2c4ebe,bd8f362d,3dc6f790,bf7e2526,bc2c4ec2,bd8f362f,3dc6f792,1

12836,187,128,6,-2212,123,15721,-4097,2469,-3270,bf7e286c,bc354788,bd8ee8d8,3dc602ee,bf7e286d,bc35478b,bd8ee8d8,3dc602f0,1

12837,180,132,7,-2221,132,15737,-4101,2481,-3364,bf7e2ae1,bc3a467c,bd8e911e,3dc5653e,bf7e2ae2,bc3a467f,bd8e911d,3dc56540,1

12838,182,129,7,-2215,107,15763,-4091,2497,-3293,bf7e2b4b,bc314d4a,bd8e2ba6,3dc5ad32,bf7e2b4a,bc314d4c,bd8e2ba4,3dc5ad32,1

12839,185,131,9,-2215,106,15731,-4081,2539,-3218,bf7e292f,bc274b36,bd8df875,3dc6a216,bf7e292f,bc274b37,bd8df874,3dc6a217,1

12840,189,121,9,-2222,157,15739,-4081,2539,-3218,bf7e260e,bc22a02d,bd8dc99d,3dc7d23d,bf7e260e,bc22a02e,bd8dc99c,3dc7d23e,1

12841,187,119,9,-2247,106,15782,-4129,2497,-3275,bf7e2631,bc28f122,bd8e61cf,3dc745cf,bf7e2631,bc28f123,bd8e61ce,3dc745d0,1

12842,188,126,7,-2233,124,15698,-4135,2535,-3220,bf7e2361,bc237363,bd8e7a61,3dc82b6a,bf7e2362,bc237365,bd8e7a61,3dc82b6c,1

12843,188,128,5,-2238,107,15690,-4135,2535,-3220,bf7e208b,bc1e0ece,bd8eb42d,3dc8f9cd,bf7e208a,bc1e0ece,bd8eb42b,3dc8f9ce,1

12844,177,128,7,-2245,115,15769,-4089,2465,-3277,bf7e2281,bc289d2f,bd8ee49e,3dc815f6,bf7e2281,bc289d2f,bd8ee49e,3dc815f8,1

12845,173,126,9,-2222,119,15735,-4109,2471,-3301,bf7e2534,bc3264a5,bd8ed022,3dc726aa,bf7e2535,bc3264a5,bd8ed023,3dc726ad,1

12846,173,118,11,-2228,104,15724,-4109,2471,-3301,bf7e280c,bc38ce75,bd8eeb30,3dc61268,bf7e280d,bc38ce77,bd8eeb31,3dc6126b,1

12847,170,125,10,-2228,152,15755,-4119,2505,-3238,bf7e2833,bc3933a9,bd8e89fd,3dc64ae2,bf7e2833,bc3933ab,bd8e89fd,3dc64ae4,1

12848,173,121,11,-2221,118,15731,-4081,2549,-3270,bf7e25f3,bc2f26c0,bd8e59e1,3dc749c3,bf7e25f3,bc2f26c2,bd8e59e1,3dc749c5,1

12849,169,122,11,-2237,67,15729,-4081,2549,-3270,bf7e2387,bc247175,bd8e60b3,3dc82e6c,bf7e2387,bc247177,bd8e60b3,3dc82e6e,1

12850,154,126,9,-2231,158,15763,-4073,2491,-3237,bf7e244c,bc2fa557,bd8e5a8e,3dc7ce41,bf7e244d,bc2fa559,bd8e5a8f,3dc7ce44,1

12851,162,130,8,-2226,125,15723,-4087,2495,-3306,bf7e2492,bc3205e5,bd8e62c0,3dc7a97f,bf7e2492,bc3205ea,bd8e62c0,3dc7a981,1

12852,177,131,7,-2241,112,15730,-4099,2499,-3238,bf7e2408,bc30604b,bd8ece6b,3dc78e75,bf7e2408,bc306050,bd8ece6a,3dc78e77,1

12853,174,124,2,-2246,150,15752,-4099,2499,-3238,bf7e23e1,bc36f36d,bd8f0009,3dc75fa9,bf7e23e1,bc36f371,bd8f0008,3dc75fab,1

12854,181,130,1,-2225,136,15735,-4073,2465,-3291,bf7e26ce,bc3f812c,bd8edf0d,3dc667e0,bf7e26ce,bc3f8130,bd8edf0c,3dc667e2,1

12855,187,126,2,-2236,133,15728,-4077,2471,-3313,bf7e28f7,bc433122,bd8f0561,3dc58c7a,bf7e28f7,bc433127,bd8f055f,3dc58c7c,1

12856,186,122,2,-2245,110,15754,-4077,2471,-3313,bf7e2aad,bc3f3292,bd8f50fe,3dc4d82f,bf7e2aad,bc3f3298,bd8f50fd,3dc4d831,1

12857,179,121,2,-2189,151,15617,-4107,2519,-3295,bf7e2a1b,bc3764a4,bd8e9f41,3dc5a56c,bf7e2a1a,bc3764a8,bd8e9f40,3dc5a56e,1

12858,181,124,0,-2195,132,15669,-4121,2499,-3242,bf7e2c15,bc362458,bd8de584,3dc58d3b,bf7e2c15,bc36245d,bd8de583,3dc58d3d,1

12859,187,132,5,-2267,98,15911,-4121,2499,-3242,bf7e2b2a,bc2fa668,bd8e7859,3dc586d3,bf7e2b29,bc2fa66c,bd8e7858,3dc586d4,1

12860,186,129,12,-2219,80,15872,-4101,2551,-3267,bf7e297d,bc24cfca,bd8e261b,3dc67090,bf7e297d,bc24cfcd,bd8e261b,3dc67092,1

12861,188,127,7,-2242,160,15628,-4079,2495,-3350,bf7e2817,bc2d9881,bd8eb3c1,3dc65fb4,bf7e2816,bc2d9883,bd8eb3c1,3dc65fb4,1

12862,185,123,3,-2208,69,15763,-4079,2495,-3350,bf7e28fe,bc23cf2d,bd8e3e14,3dc68b8e,bf7e28fd,bc23cf2d,bd8e3e15,3dc68b8e,1

12863,175,128,4,-2268,129,15795,-4081,2483,-3280,bf7e28de,bc2c8f02,bd8edf03,3dc6046e,bf7e28de,bc2c8f05,bd8edf04,3dc6046f,1

12864,180,128,7,-2202,160,15665,-4071,2521,-3246,bf7e2761,bc29dba4,bd8e3aa4,3dc6fdaf,bf7e2761,bc29dba5,bd8e3aa5,3dc6fdb0,1

12865,185,122,10,-2213,126,15768,-4079,2501,-3262,bf7e27d8,bc2ad794,bd8dc482,3dc7286f,bf7e27d8,bc2ad795,bd8dc482,3dc7286f,1

12866,192,126,7,-2230,105,15726,-4079,2501,-3262,bf7e268c,bc277854,bd8e28f0,3dc75697,bf7e268c,bc277854,bd8e28f1,3dc75697,1

12867,190,130,6,-2235,133,15741,-4081,2503,-3263,bf7e2575,bc2b1be6,bd8e611a,3dc77b0e,bf7e2575,bc2b1be6,bd8e611b,3dc77b0e,1

12868,186,132,2,-2219,146,15757,-4077,2501,-3374,bf7e255a,bc2e5dc8,bd8df656,3dc7c411,bf7e255b,bc2e5dc7,bd8df657,3dc7c412,1

12869,205,128,6,-2232,89,15734,-4077,2501,-3374,bf7e23fc,bc25c626,bd8e4090,3dc81bfe,bf7e23fc,bc25c622,bd8e4090,3dc81bfe,1

12870,198,126,4,-2235,141,15716,-4083,2489,-3304,bf7e246f,bc2ef024,bd8e8279,3dc7a8fa,bf7e2470,bc2ef022,bd8e8279,3dc7a8fb,1

12871,191,125,-1,-2207,136,15671,-4099,2519,-3229,bf7e2353,bc2af91d,bd8e19c8,3dc85b9c,bf7e2352,bc2af91b,bd8e19c6,3dc85b9c,1

12872,197,120,5,-2274,120,15854,-4099,2519,-3229,bf7e203c,bc2736da,bd8ec107,3dc8ec02,bf7e203d,bc2736dd,bd8ec107,3dc8ec04,1

12873,195,127,4,-2224,123,15744,-4109,2491,-3258,bf7e2258,bc2f8bd6,bd8ea0b5,3dc83bc6,bf7e2257,bc2f8bd7,bd8ea0b5,3dc83bc6,1

12874,189,131,7,-2206,138,15622,-4119,2507,-3338,bf7e2285,bc318188,bd8e4d16,3dc861fe,bf7e2284,bc318189,bd8e4d16,3dc861fe,1

12875,194,123,2,-2223,127,15733,-4119,2507,-3338,bf7e223e,bc2fd0ef,bd8e34e1,3dc88f4e,bf7e223d,bc2fd0f1,bd8e34e2,3dc88f4e,1

12876,196,126,3,-2230,101,15764,-4111,2469,-3309,bf7e2504,bc36d7ea,bd8e682f,3dc77022,bf7e2504,bc36d7ec,bd8e6831,3dc77023,1

12877,190,128,3,-2236,129,15700,-4115,2511,-3318,bf7e2335,bc3134b2,bd8ea523,3dc7ec44,bf7e2336,bc3134b3,bd8ea525,3dc7ec46,1

12878,195,124,-8,-2229,85,15750,-4103,2493,-3265,bf7e24b1,bc2c5691,bd8eb359,3dc77a49,bf7e24b0,bc2c5692,bd8eb35a,3dc77a49,1

12879,184,124,-5,-2242,106,15752,-4103,2493,-3265,bf7e2577,bc2ead7d,bd8f0400,3dc6f92a,bf7e2577,bc2ead7f,bd8f0401,3dc6f92b,1

12880,187,130,1,-2223,134,15726,-4081,2503,-3314,bf7e2549,bc2d6abd,bd8e95d9,3dc75b58,bf7e2548,bc2d6abd,bd8e95da,3dc75b58,1

12881,191,130,1,-2225,120,15728,-4115,2493,-3331,bf7e26b7,bc31b6bc,bd8e8839,3dc6e0d6,bf7e26b7,bc31b6bd,bd8e883a,3dc6e0d7,1

12882,190,126,3,-2210,123,15743,-4115,2493,-3331,bf7e2902,bc3390bb,bd8e00ef,3dc67f93,bf7e2902,bc3390be,bd8e00ee,3dc67f93,1

12883,190,127,3,-2226,103,15747,-4065,2453,-3268,bf7e2be3,bc3a9da5,bd8e3a9b,3dc54fb7,bf7e2be2,bc3a9da5,bd8e3a9a,3dc54fb6,1

12884,189,124,2,-2232,130,15728,-4099,2507,-3223,bf7e2a5a,bc337815,bd8e5a48,3dc5d187,bf7e2a59,bc337816,bd8e5a4a,3dc5d186,1

12885,194,123,0,-2233,129,15741,-4099,2507,-3223,bf7e2909,bc2f084d,bd8e71f0,3dc63c25,bf7e2909,bc2f084d,bd8e71f2,3dc63c25,1

12886,191,122,3,-2239,117,15723,-4091,2483,-3362,bf7e2987,bc32c980,bd8ee0a5,3dc5b6ab,bf7e2988,bc32c981,bd8ee0a7,3dc5b6ab,1

12887,189,121,2,-2224,107,15717,-4065,2489,-3284,bf7e2a16,bc2da3bc,bd8eb8fc,3dc5b7e3,bf7e2a17,bc2da3bb,bd8eb8fe,3dc5b7e3,1

12888,186,119,3,-2237,99,15720,-4065,2489,-3284,bf7e29cb,bc29f352,bd8f03e9,3dc5a6b9,bf7e29ca,bc29f34e,bd8f03e8,3dc5a6b8,1

12889,182,123,7,-2167,106,15548,-4085,2465,-3361,bf7e2dd2,bc316b79,bd8e5de9,3dc4b7e6,bf7e2dd2,bc316b78,bd8e5de9,3dc4b7e6,1

12890,178,123,9,-2213,125,15587,-4087,2463,-3284,bf7e2fd9,bc39e906,bd8e9cc9,3dc3c32a,bf7e2fda,bc39e906,bd8e9cca,3dc3c32b,1

12891,174,122,6,-2198,96,15652,-4077,2535,-3288,bf7e2e41,bc2f18ec,bd8e5a53,3dc49f64,bf7e2e41,bc2f18eb,bd8e5a53,3dc49f64,1

12892,178,121,4,-2250,125,15702,-4077,2535,-3288,bf7e2b08,bc266d64,bd8e8e80,3dc5a1a5,bf7e2b07,bc266d62,bd8e8e80,3dc5a1a4,1

12893,177,118,7,-2272,66,15891,-4123,2475,-3227,bf7e2cd4,bc2a7561,bd8f3016,3dc48a74,bf7e2cd5,bc2a7561,bd8f3018,3dc48a74,1

12894,172,121,3,-2237,120,15773,-4101,2503,-3265,bf7e2c76,bc28d2f4,bd8ef6ec,3dc4d7f0,bf7e2c76,bc28d2f2,bd8ef6ed,3dc4d7f0,1

12895,180,121,8,-2244,100,15665,-4101,2503,-3265,bf7e2ab9,bc24f591,bd8f7290,3dc51ad0,bf7e2ab8,bc24f58f,bd8f728f,3dc51acf,1

12896,180,127,8,-2241,95,15771,-4113,2473,-3248,bf7e2d7c,bc2cc035,bd8f7a28,3dc41595,bf7e2d7c,bc2cc034,bd8f7a27,3dc41595,1

12897,165,121,5,-2234,149,15760,-4089,2471,-3281,bf7e2fa8,bc3723e8,bd8f4efa,3dc35b2a,bf7e2fa7,bc3723e6,bd8f4efa,3dc35b29,1

12898,169,127,8,-2215,155,15727,-4089,2471,-3281,bf7e328b,bc3fb5e9,bd8ed2db,3dc2a450,bf7e328c,bc3fb5ea,bd8ed2dd,3dc2a451,1

12899,181,128,11,-2221,110,15733,-4089,2505,-3257,bf7e31ab,bc34fd9c,bd8e9805,3dc34188,bf7e31ac,bc34fd9e,bd8e9806,3dc34189,1

12900,177,125,9,-2219,142,15708,-4079,2467,-3309,bf7e33ec,bc3d15ef,bd8e81d9,3dc27680,bf7e33ec,bc3d15f0,bd8e81d8,3dc2767f,1

12901,159,125,5,-2239,155,15788,-4079,2467,-3309,bf7e359a,bc445e0c,bd8e99f8,3dc1bba3,bf7e359a,bc445e0b,bd8e99f9,3dc1bba3,1

12902,178,120,6,-2238,106,15779,-4083,2485,-3246,bf7e3564,bc39f763,bd8eaf2e,3dc1e6a7,bf7e3563,bc39f761,bd8eaf2f,3dc1e6a6,1

12903,190,123,1,-2249,67,15738,-4087,2483,-3281,bf7e34de,bc2f3a62,bd8f1c13,3dc1ea26,bf7e34df,bc2f3a5e,bd8f1c15,3dc1ea26,1

12904,181,128,6,-2219,82,15777,-4065,2473,-3358,bf7e373e,bc28b8bb,bd8e9b0d,3dc198fe,bf7e373e,bc28b8ba,bd8e9b0d,3dc198fd,1

12905,173,124,5,-2229,156,15759,-4065,2473,-3358,bf7e3841,bc32b6b9,bd8e82e5,3dc1318d,bf7e3842,bc32b6b8,bd8e82e7,3dc1318c,1

12906,185,129,7,-2228,87,15713,-4141,2481,-3287,bf7e39e7,bc2f10dc,bd8ec60e,3dc0823c,bf7e39e7,bc2f10d8,bd8ec60e,3dc0823a,1

12907,180,127,8,-2234,101,15733,-4109,2517,-3250,bf7e37fa,bc2558d7,bd8ebd4d,3dc14d6e,bf7e37fb,bc2558d3,bd8ebd4d,3dc14d6d,1

12908,173,132,8,-2226,140,15735,-4109,2517,-3250,bf7e35f4,bc227ebc,bd8e735f,3dc2377d,bf7e35f4,bc227eb7,bd8e735e,3dc2377b,1

12909,180,128,7,-2214,152,15737,-4063,2491,-3277,bf7e3644,bc2a0a1d,bd8e0bf4,3dc24f1f,bf7e3643,bc2a0a17,bd8e0bf5,3dc24f1d,1

12910,193,125,11,-2244,94,15721,-4089,2495,-3283,bf7e3460,bc2414fa,bd8ea8d0,3dc28f2d,bf7e3461,bc2414f4,bd8ea8d3,3dc28f2d,1

12911,182,121,8,-2231,123,15735,-4089,2495,-3283,bf7e33e1,bc26bf05,bd8eabc2,3dc2ad31,bf7e33e1,bc26beff,bd8eabc3,3dc2ad31,1

12912,178,118,5,-2229,143,15743,-4063,2531,-3392,bf7e3133,bc1f408d,bd8e75b1,3dc3cd5d,bf7e3134,bc1f4089,bd8e75b1,3dc3cd5e,1

12913,182,123,6,-2229,125,15721,-4101,2507,-3349,bf7e2f92,bc20abd6,bd8e7bc0,3dc44b84,bf7e2f92,bc20abd4,bd8e7bbd,3dc44b84,1

12914,184,121,7,-2239,106,15757,-4101,2507,-3349,bf7e2db6,bc1decc7,bd8ead0e,3dc4ca99,bf7e2db5,bc1decc7,bd8ead0a,3dc4ca99,1

12915,176,125,7,-2244,93,15770,-4111,2483,-3354,bf7e2ed4,bc24e7a5,bd8f00be,3dc419e4,bf7e2ed5,bc24e7a5,bd8f00bd,3dc419e6,1

12916,171,133,10,-2234,121,15709,-4103,2533,-3351,bf7e2c32,bc1d7b43,bd8edcc7,3dc52622,bf7e2c33,bc1d7b42,bd8edcc6,3dc52624,1

12917,170,126,6,-2236,154,15738,-4089,2505,-3331,bf7e2b4d,bc25ef10,bd8ec8cd,3dc562ec,bf7e2b4d,bc25ef10,bd8ec8cd,3dc562ed,1

12918,177,120,9,-2214,124,15669,-4089,2505,-3331,bf7e2a8d,bc256177,bd8e79c4,3dc5dba3,bf7e2a8c,bc256177,bd8e79c4,3dc5dba3,1

12919,181,116,3,-2219,119,15785,-4067,2511,-3311,bf7e2959,bc209134,bd8e0df1,3dc69b34,bf7e2958,bc209134,bd8e0df1,3dc69b34,1

12920,174,124,8,-2263,170,15895,-4071,2489,-3322,bf7e292a,bc2bc6d9,bd8e4c85,3dc65856,bf7e292a,bc2bc6d9,bd8e4c86,3dc65856,1

12921,187,132,7,-2222,140,15688,-4071,2489,-3322,bf7e296b,bc32199d,bd8e5859,3dc62476,bf7e296b,bc32199e,bd8e585a,3dc62476,1

12922,196,125,8,-2232,142,15652,-4109,2535,-3367,bf7e265b,bc2a0916,bd8e6dea,3dc72c0d,bf7e265b,bc2a0917,bd8e6dea,3dc72c0d,1

12923,187,126,8,-2234,101,15776,-4085,2519,-3297,bf7e246a,bc21ac39,bd8e623a,3dc7edfe,bf7e246a,bc21ac3a,bd8e623a,3dc7edfe,1

12924,172,127,6,-2207,110,15686,-4085,2519,-3297,bf7e230f,bc1d839c,bd8e03ff,3dc8aca6,bf7e2310,bc1d839e,bd8e03ff,3dc8aca6,1

12925,177,122,2,-2239,123,15762,-4107,2519,-3373,bf7e20b3,bc1f567c,bd8e4803,3dc935f4,bf7e20b4,bc1f567d,bd8e4802,3dc935f5,1

12926,174,119,4,-2249,143,15748,-4095,2503,-3249,bf7e2031,bc28fd6b,bd8eaac9,3dc8f953,bf7e2031,bc28fd6b,bd8eaac8,3dc8f953,1

12927,181,128,6,-2253,142,15753,-4095,2503,-3249,bf7e1f7a,bc301262,bd8f0ac7,3dc8d6d2,bf7e1f7a,bc301261,bd8f0ac7,3dc8d6d2,1

12928,188,125,7,-2223,100,15683,-4097,2505,-3285,bf7e1f6f,bc2a2ad4,bd8ee701,3dc907fc,bf7e1f70,bc2a2ad6,bd8ee702,3dc907fd,1

12929,191,120,10,-2231,98,15737,-4095,2477,-3302,bf7e21fd,bc310bdc,bd8efefc,3dc80fa0,bf7e21fc,bc310bdc,bd8efefc,3dc80fa0,1

12930,192,123,4,-2219,123,15731,-4101,2459,-3356,bf7e2518,bc3a2fbb,bd8ee2ce,3dc705c7,bf7e2517,bc3a2fbb,bd8ee2ce,3dc705c7,1

12931,192,128,8,-2220,137,15738,-4101,2459,-3356,bf7e2840,bc42c1f9,bd8ebe19,3dc5fc7d,bf7e2841,bc42c1fb,bd8ebe1b,3dc5fc7e,1

12932,188,132,7,-2242,117,15773,-4109,2499,-3274,bf7e27c6,bc39918c,bd8ecfb3,3dc63a12,bf7e27c6,bc39918c,bd8ecfb4,3dc63a12,1

12933,189,132,9,-2212,106,15638,-4111,2491,-3274,bf7e2945,bc3488f5,bd8eacc8,3dc5eb5a,bf7e2944,bc3488f6,bd8eacc7,3dc5eb59,1

12934,182,135,12,-2240,107,15715,-4111,2491,-3274,bf7e2993,bc329fad,bd8f0f03,3dc5922e,bf7e2992,bc329fac,bd8f0f03,3dc5922d,1

12935,172,127,18,-2245,108,15732,-4083,2485,-3224,bf7e2a49,bc32f9d4,bd8f6193,3dc519db,bf7e2a4a,bc32f9d4,bd8f6194,3dc519dc,1

12936,168,125,14,-2225,127,15765,-4117,2513,-3295,bf7e29c0,bc2ccac6,bd8ed6aa,3dc5c0e3,bf7e29bf,bc2ccac4,bd8ed6aa,3dc5c0e3,1

12937,165,128,14,-2237,134,15722,-4117,2513,-3295,bf7e27f4,bc2b2500,bd8eda5d,3dc657b8,bf7e27f3,bc2b2500,bd8eda5d,3dc657b8,1

12938,170,127,11,-2232,152,15748,-4131,2475,-3259,bf7e29fd,bc36029f,bd8ed8fc,3dc58ad4,bf7e29fd,bc36029f,bd8ed8fd,3dc58ad5,1

12939,173,123,12,-2215,112,15736,-4053,2459,-3368,bf7e2d84,bc3b508a,bd8e8e48,3dc489a9,bf7e2d84,bc3b508a,bd8e8e48,3dc489aa,1

12940,175,123,12,-2213,93,15607,-4053,2459,-3368,bf7e2fda,bc39ab43,bd8ed2ea,3dc39c0f,bf7e2fdb,bc39ab45,bd8ed2eb,3dc39c10,1

12941,178,118,9,-2308,100,16023,-4083,2503,-3255,bf7e2d89,bc303b2a,bd8f5760,3dc41ee5,bf7e2d8a,bc303b2b,bd8f5761,3dc41ee6,1

12942,162,121,6,-2250,163,15910,-4067,2467,-3319,bf7e2fa1,bc3ae840,bd8f16e6,3dc37804,bf7e2fa1,bc3ae83f,bd8f16e4,3dc37804,1

12943,177,131,11,-2236,172,15711,-4051,2483,-3239,bf7e2f9d,bc4006b5,bd8eff6b,3dc376a9,bf7e2f9e,bc4006b7,bd8eff69,3dc376aa,1

12944,190,122,9,-2227,116,15767,-4051,2483,-3239,bf7e3030,bc3712f6,bd8eb574,3dc39f5e,bf7e302f,bc3712f7,bd8eb570,3dc39f5e,1

12945,189,130,2,-2238,101,15781,-4103,2469,-3274,bf7e32ff,bc38f505,bd8ee2b5,3dc28d1b,bf7e32ff,bc38f508,bd8ee2b2,3dc28d1d,1

12946,179,137,2,-2182,172,15608,-4069,2515,-3225,bf7e321d,bc33a4e4,bd8e1586,3dc3801f,bf7e321d,bc33a4e6,bd8e1584,3dc38021,1

12947,195,133,0,-2244,104,15763,-4069,2515,-3225,bf7e2fd6,bc2998bf,bd8e409a,3dc441ec,bf7e2fd6,bc2998c1,bd8e4099,3dc441ee,1

12948,195,129,1,-2258,75,15787,-4057,2419,-3305,bf7e3246,bc31ced4,bd8ea96b,3dc30e0f,bf7e3246,bc31ced7,bd8ea96a,3dc30e11,1

12949,189,123,7,-2228,146,15789,-4071,2467,-3270,bf7e3491,bc3a85fb,bd8e84bc,3dc248b3,bf7e3491,bc3a85fe,bd8e84bc,3dc248b4,1

12950,190,130,8,-2227,109,15708,-4071,2467,-3270,bf7e369a,bc3960eb,bd8eb9a4,3dc17b51,bf7e369b,bc3960ef,bd8eb9a5,3dc17b53,1

12951,180,121,5,-2253,93,15764,-4093,2487,-3267,bf7e35b7,bc306365,bd8f2706,3dc196b3,bf7e35b8,bc306367,bd8f2706,3dc196b4,1

12952,176,121,9,-2223,161,15715,-4117,2485,-3305,bf7e3717,bc38ce45,bd8ed6b6,3dc13f1f,bf7e3717,bc38ce46,bd8ed6b6,3dc13f20,1

12953,191,124,0,-2243,146,15817,-4117,2485,-3305,bf7e37f9,bc3a6524,bd8ec333,3dc0fd2d,bf7e37f8,bc3a6524,bd8ec333,3dc0fd2d,1

12954,195,124,7,-2184,122,15690,-4117,2497,-3214,bf7e3975,bc32db66,bd8de1b1,3dc1428e,bf7e3976,bc32db66,bd8de1b3,3dc1428f,1

12955,191,119,7,-2200,151,15596,-4099,2463,-3280,bf7e3b62,bc3c3224,bd8df9e6,3dc06ae3,bf7e3b63,bc3c3225,bd8df9e8,3dc06ae4,1

12956,205,124,4,-2221,101,15724,-4095,2503,-3302,bf7e3a0e,bc30af36,bd8dfdc9,3dc10347,bf7e3a0f,bc30af36,bd8dfdca,3dc10347,1

12957,196,127,2,-2244,101,15767,-4095,2503,-3302,bf7e3802,bc2748f3,bd8e4e43,3dc1962f,bf7e3802,bc2748f2,bd8e4e43,3dc1962e,1

12958,187,131,8,-2243,127,15714,-4091,2479,-3183,bf7e387e,bc2ebea6,bd8ec601,3dc0fa9f,bf7e387e,bc2ebea3,bd8ec602,3dc0fa9e,1

12959,189,130,9,-2233,139,15738,-4099,2469,-3286,bf7e3a4c,bc3729b0,bd8ed54f,3dc0378e,bf7e3a4c,bc3729ae,bd8ed550,3dc0378d,1

12960,189,131,2,-2244,121,15758,-4099,2469,-3286,bf7e3bec,bc3979e3,bd8f2224,3dbf6be7,bf7e3bec,bc3979e1,bd8f2224,3dbf6be6,1

12961,191,127,4,-2213,139,15723,-4059,2451,-3227,bf7e3f80,bc408bab,bd8ec697,3dbe6335,bf7e3f80,bc408ba9,bd8ec697,3dbe6334,1

12962,195,127,7,-2222,151,15717,-4113,2465,-3258,bf7e4239,bc45387b,bd8ea20c,3dbd81f0,bf7e4239,bc453879,bd8ea20c,3dbd81ef,1

12963,204,122,6,-2240,120,15762,-4113,2465,-3258,bf7e43e8,bc40152b,bd8eeef8,3dbccc70,bf7e43e9,bc40152a,bd8eeef9,3dbccc70,1

12964,207,131,5,-2218,122,15740,-4113,2485,-3286,bf7e4458,bc35e7be,bd8e8edc,3dbd17bf,bf7e4457,bc35e7bc,bd8e8edc,3dbd17bd,1

12965,207,132,5,-2226,60,15727,-4075,2503,-3298,bf7e431f,bc2960d7,bd8e871b,3dbdb496,bf7e4320,bc2960d7,bd8e871c,3dbdb496,1

12966,196,134,6,-2235,72,15738,-4075,2503,-3298,bf7e4171,bc1e3a4e,bd8e968c,3dbe5fcd,bf7e4171,bc1e3a4e,bd8e968b,3dbe5fcc,1

12967,179,135,8,-2238,95,15744,-4121,2497,-3276,bf7e4044,bc1b8a61,bd8ed2db,3dbea00c,bf7e4045,bc1b8a60,bd8ed2da,3dbea00c,1

12968,183,129,8,-2242,164,15741,-4055,2501,-3268,bf7e3de1,bc208e79,bd8ed0f8,3dbf5bb4,bf7e3de2,bc208e78,bd8ed0f8,3dbf5bb4,1

12969,188,125,14,-2239,122,15752,-4083,2545,-3278,bf7e3af6,bc17d564,bd8eb3f8,3dc08547,bf7e3af7,bc17d563,bd8eb3f8,3dc08547,1

12970,183,126,8,-2232,125,15748,-4083,2545,-3278,bf7e37f1,bc10a87b,bd8e85fe,3dc1bb9b,bf7e37f1,bc10a879,bd8e85fd,3dc1bb9a,1

12971,187,128,8,-2221,145,15721,-4077,2477,-3259,bf7e391d,bc1c3c5e,bd8e79b4,3dc13e52,bf7e391e,bc1c3c5c,bd8e79b4,3dc13e52,1

12972,193,123,6,-2183,115,15579,-4105,2511,-3271,bf7e3870,bc19d9ec,bd8de283,3dc1edfb,bf7e3870,bc19d9e9,bd8de283,3dc1edfb,1

12973,181,127,4,-2137,127,15335,-4105,2511,-3271,bf7e382d,bc1c0678,bd8d2f02,3dc27fa6,bf7e382d,bc1c0676,bd8d2f02,3dc27fa6,1

12974,192,129,5,-2259,91,15797,-4053,2467,-3216,bf7e385a,bc22b36a,bd8e01a2,3dc1c154,bf7e3859,bc22b368,bd8e01a2,3dc1c153,1

12975,181,130,10,-2241,132,15868,-4123,2493,-3243,bf7e38e1,bc2a2db8,bd8e1043,3dc1704d,bf7e38e1,bc2a2db7,bd8e1044,3dc1704c,1

12976,184,122,13,-2239,98,15677,-4123,2493,-3243,bf7e37b5,bc280988,bd8eccc8,3dc14fe7,bf7e37b5,bc280985,bd8eccc8,3dc14fe7,1

12977,187,122,9,-2262,9,15792,-4117,2453,-3277,bf7e39fb,bc25f16d,bd8f83c2,3dc00efc,bf7e39fb,bc25f16b,bd8f83c2,3dc00efc,1

12978,169,128,8,-2282,161,15772,-4059,2493,-3280,bf7e373d,bc2b1909,bd9014d5,3dc0784d,bf7e373f,bc2b190a,bd9014d6,3dc0784e,1

12979,181,133,7,-2232,116,15670,-4059,2493,-3280,bf7e3687,bc254f73,bd8fbd7b,3dc109fb,bf7e3687,bc254f73,bd8fbd79,3dc109fa,1

12980,192,129,4,-2180,108,15720,-4105,2493,-3297,bf7e3970,bc239500,bd8e65c4,3dc11933,bf7e3970,bc2394fe,bd8e65c3,3dc11932,1

12981,182,127,6,-2204,238,15677,-4057,2507,-3284,bf7e3868,bc2d5791,bd8decdc,3dc1a6ed,bf7e3868,bc2d578f,bd8decdb,3dc1a6ec,1

12982,195,136,7,-2182,146,15698,-4075,2507,-3189,bf7e3822,bc297e18,bd8d19df,3dc26590,bf7e3822,bc297e16,bd8d19df,3dc2658f,1

12983,193,129,7,-2228,147,15738,-4075,2507,-3189,bf7e354b,bc28b0f9,bd8d734e,3dc31466,bf7e354a,bc28b0f6,bd8d734f,3dc31464,1

12984,191,129,10,-2234,134,15719,-4079,2479,-3210,bf7e3587,bc306f31,bd8df6ed,3dc285b4,bf7e3586,bc306f2e,bd8df6ee,3dc285b2,1

12985,197,130,5,-2219,143,15709,-4095,2485,-3241,bf7e364e,bc35f1d0,bd8e0835,3dc2235e,bf7e364f,bc35f1cf,bd8e0836,3dc2235e,1

12986,205,133,4,-2236,71,15763,-4095,2485,-3241,bf7e3647,bc2bd1da,bd8e60b3,3dc209d8,bf7e3648,bc2bd1d9,bd8e60b4,3dc209d8,1

12987,202,126,13,-2251,48,15740,-4101,2475,-3265,bf7e36a8,bc25a11e,bd8f22c3,3dc170dd,bf7e36a8,bc25a11b,bd8f22c4,3dc170dd,1

12988,195,121,16,-2235,79,15748,-4097,2439,-3310,bf7e399d,bc2d953a,bd8f475a,3dc0404a,bf7e399d,bc2d9537,bd8f475b,3dc0404a,1

12989,183,123,12,-2247,87,15737,-4097,2439,-3310,bf7e3c50,bc34dd22,bd8f9186,3dbf0893,bf7e3c50,bc34dd1f,bd8f9187,3dbf0893,1

12990,173,123,8,-2248,115,15739,-4095,2493,-3296,bf7e3b1a,bc2cb837,bd8f9a7e,3dbf86bc,bf7e3b19,bc2cb833,bd8f9a7e,3dbf86bb,1

12991,167,130,8,-2226,134,15757,-4059,2479,-3215,bf7e3cd0,bc2fdbd3,bd8ef7c4,3dbf63c0,bf7e3cd0,bc2fdbd1,bd8ef7c6,3dbf63c0,1

12992,165,130,9,-2222,153,15746,-4059,2479,-3215,bf7e3df0,bc354126,bd8e8080,3dbf48f7,bf7e3def,bc354124,bd8e807f,3dbf48f6,1

12993,173,128,8,-2228,125,15733,-4081,2473,-3217,bf7e3f58,bc367982,bd8e94ec,3dbebd7f,bf7e3f58,bc367981,bd8e94ec,3dbebd7f,1

12994,180,123,7,-2228,138,15750,-4081,2465,-3262,bf7e4161,bc3bc693,bd8e9269,3dbdfc4f,bf7e4161,bc3bc692,bd8e9269,3dbdfc4f,1

12995,178,123,2,-2234,131,15746,-4057,2491,-3324,bf7e3fce,bc323cab,bd8e8c89,3dbeac3f,bf7e3fcd,bc323caa,bd8e8c88,3dbeac3f,1

12996,177,133,0,-2226,123,15693,-4057,2491,-3324,bf7e3e40,bc2a25e4,bd8e861e,3dbf52d5,bf7e3e41,bc2a25e5,bd8e8620,3dbf52d7,1

12997,167,127,-2,-2279,86,15895,-4075,2509,-3242,bf7e3bba,bc20bf82,bd8edd0e,3dc008eb,bf7e3bba,bc20bf81,bd8edd0f,3dc008ec,1

12998,166,126,0,-2223,99,15769,-4115,2491,-3294,bf7e3ce7,bc2137a1,bd8e803e,3dbfe8cd,bf7e3ce7,bc2137a1,bd8e803e,3dbfe8ce,1

12999,166,122,4,-2217,143,15685,-4115,2491,-3294,bf7e3d3c,bc29c2a5,bd8e64b2,3dbfc352,bf7e3d3d,bc29c2a7,bd8e64b4,3dbfc354,1

13000,180,131,2,-2295,138,16199,-4117,2459,-3216,bf7e3f76,bc3377ed,bd8e8318,3dbecbfb,bf7e3f76,bc3377ef,bd8e8318,3dbecbfc,1

13001,179,132,0,-2282,133,15970,-4071,2437,-3242,bf7e417e,bc3c6301,bd8edcc1,3dbdb864,bf7e417e,bc3c6302,bd8edcc1,3dbdb865,1

13002,186,122,6,-2195,167,15620,-4071,2437,-3242,bf7e4484,bc46109a,bd8ea497,3dbcb7c4,bf7e4485,bc46109b,bd8ea498,3dbcb7c6,1

13003,186,118,5,-2246,107,15776,-4105,2463,-3249,bf7e45ad,bc3e9638,bd8f09ec,3dbc2544,bf7e45ac,bc3e9636,bd8f09eb,3dbc2545,1

13004,182,121,4,-2261,95,15834,-4113,2427,-3201,bf7e48d0,bc43e060,bd8f61fc,3dbabbf1,bf7e48d0,bc43e05e,bd8f61fc,3dbabbf3,1

13005,181,131,6,-2221,145,15791,-4113,2427,-3201,bf7e4cbb,bc4ba135,bd8f1ff7,3db97707,bf7e4cbb,bc4ba134,bd8f1ff6,3db97709,1

13006,180,127,6,-2208,109,15766,-4113,2517,-3288,bf7e4bd2,bc40088c,bd8ec8fc,3dba3ad1,bf7e4bd2,bc40088b,bd8ec8fb,3dba3ad3,1

13007,185,129,5,-2225,126,15745,-4141,2487,-3324,bf7e4b95,bc360600,bd8e9566,3dba9f2d,bf7e4b94,bc360600,bd8e9566,3dba9f2e,1

13008,190,130,6,-2194,147,15722,-4141,2487,-3324,bf7e4d05,bc327ff7,bd8da8a3,3dbae37f,bf7e4d06,bc327ff8,bd8da8a4,3dbae382,1

13009,181,124,9,-2230,125,15762,-4143,2517,-3281,bf7e4aa1,bc29190c,bd8dba97,3dbbc8b2,bf7e4aa2,bc29190d,bd8dba97,3dbbc8b5,1

13010,189,128,8,-2270,97,15787,-4131,2501,-3211,bf7e47bc,bc223dc3,bd8e8bf3,3dbc3d40,bf7e47bb,bc223dc5,bd8e8bf3,3dbc3d41,1

#END

q = [-0.9913 +0.0006 +0.0118 +0.1308]  |q|^2=+1.0000  muestras=22257  err=0

q2= [-0.9913 +0.0006 +0.0118 +0.1308]  dang(orig,opt2)=+0.0000 deg

   roll=+0.1 pitch=-1.4 yaw=-15.0 deg

   raw g=(194,117,5) a=(370,50,15782) m=(-3737,2683,-3553) |m_comp|=2697

q = [-0.9910 +0.0014 +0.0117 +0.1332]  |q|^2=+1.0000  muestras=22283  err=0

q2= [-0.9910 +0.0014 +0.0117 +0.1332]  dang(orig,opt2)=+0.0000 deg

   roll=+0.0 pitch=-1.4 yaw=-15.3 deg

   raw g=(188,126,7) a=(358,25,15780) m=(-3739,2677,-3616) |m_comp|=2748

q = [-0.9909 +0.0000 +0.0115 +0.1341]  |q|^2=+1.0000  muestras=22308  err=0

q2= [-0.9909 +0.0000 +0.0115 +0.1341]  dang(orig,opt2)=+0.0000 deg

   roll=+0.2 pitch=-1.3 yaw=-15.4 deg

   raw g=(177,126,0) a=(360,41,15761) m=(-3755,2621,-3549) |m_comp|=2694

q = [-0.9909 -0.0002 +0.0115 +0.1343]  |q|^2=+1.0000  muestras=22334  err=0

q2= [-0.9909 -0.0002 +0.0115 +0.1343]  dang(orig,opt2)=+0.0000 deg

   roll=+0.2 pitch=-1.3 yaw=-15.4 deg

   raw g=(185,128,1) a=(347,54,15786) m=(-3797,2695,-3658) |m_comp|=2818

q = [-0.9908 +0.0009 +0.0131 +0.1347]  |q|^2=+1.0000  muestras=22360  err=0

q2= [-0.9908 +0.0009 +0.0131 +0.1347]  dang(orig,opt2)=+0.0000 deg

   roll=+0.1 pitch=-1.5 yaw=-15.5 deg

   raw g=(180,-342,-13) a=(212,61,15934) m=(-3765,2639,-3598) |m_comp|=2742

q = [-0.9908 +0.0007 +0.0089 +0.1352]  |q|^2=+1.0000  muestras=22385  err=0

q2= [-0.9908 +0.0007 +0.0089 +0.1352]  dang(orig,opt2)=+0.0000 deg

   roll=+0.1 pitch=-1.0 yaw=-15.5 deg

   raw g=(144,122,-4) a=(301,141,15753) m=(-3751,2623,-3604) |m_comp|=2736

q = [-0.9907 +0.0006 +0.0094 +0.1357]  |q|^2=+1.0000  muestras=22411  err=0

q2= [-0.9907 +0.0006 +0.0094 +0.1357]  dang(orig,opt2)=+0.0000 deg

   roll=+0.1 pitch=-1.1 yaw=-15.6 deg

   raw g=(198,156,7) a=(289,67,15783) m=(-3735,2639,-3742) |m_comp|=2842

q = [-0.9907 +0.0003 +0.0102 +0.1355]  |q|^2=+1.0000  muestras=22437  err=0

q2= [-0.9907 +0.0003 +0.0102 +0.1355]  dang(orig,opt2)=+0.0000 deg

   roll=+0.1 pitch=-1.2 yaw=-15.6 deg

   raw g=(180,123,2) a=(334,22,15764) m=(-3785,2673,-3627) |m_comp|=2782

q = [-0.9904 +0.0001 +0.0102 +0.1377]  |q|^2=+1.0000  muestras=22462  err=0

q2= [-0.9904 +0.0001 +0.0102 +0.1377]  dang(orig,opt2)=+0.0000 deg

   roll=+0.2 pitch=-1.2 yaw=-15.8 deg

   raw g=(180,129,1) a=(314,38,15797) m=(-3727,2657,-3547) |m_comp|=2682

q = [-0.9905 -0.0009 +0.0103 +0.1368]  |q|^2=+1.0000  muestras=22488  err=0

q2= [-0.9905 -0.0009 +0.0103 +0.1368]  dang(orig,opt2)=+0.0000 deg

   roll=+0.3 pitch=-1.2 yaw=-15.7 deg

   raw g=(186,108,3) a=(318,24,15803) m=(-3737,2689,-3639) |m_comp|=2768

q = [-0.9904 -0.0002 +0.0100 +0.1376]  |q|^2=+1.0000  muestras=22513  err=0

q2= [-0.9904 -0.0002 +0.0100 +0.1376]  dang(orig,opt2)=+0.0000 deg

   roll=+0.2 pitch=-1.1 yaw=-15.8 deg

   raw g=(186,129,5) a=(323,19,15784) m=(-3785,2665,-3618) |m_comp|=2774

q = [-0.9902 +0.0000 +0.0097 +0.1392]  |q|^2=+1.0000  muestras=22539  err=0

q2= [-0.9902 +0.0000 +0.0097 +0.1392]  dang(orig,opt2)=+0.0000 deg

   roll=+0.2 pitch=-1.1 yaw=-16.0 deg

   raw g=(189,126,6) a=(314,26,15792) m=(-3741,2693,-3620) |m_comp|=2755

q = [-0.9905 -0.0001 +0.0100 +0.1370]  |q|^2=+1.0000  muestras=22565  err=0

q2= [-0.9905 -0.0001 +0.0100 +0.1370]  dang(orig,opt2)=+0.0000 deg

   roll=+0.2 pitch=-1.1 yaw=-15.8 deg

   raw g=(191,132,9) a=(309,68,15786) m=(-3733,2647,-3506) |m_comp|=2651

q = [-0.9900 +0.0009 +0.0099 +0.1406]  |q|^2=+1.0000  muestras=22590  err=0

q2= [-0.9900 +0.0009 +0.0099 +0.1406]  dang(orig,opt2)=+0.0000 deg

   roll=+0.1 pitch=-1.1 yaw=-16.2 deg

   raw g=(188,131,4) a=(324,5,15797) m=(-3781,2667,-3606) |m_comp|=2762

q = [-0.9900 +0.0007 +0.0104 +0.1409]  |q|^2=+1.0000  muestras=22616  err=0

q2= [-0.9900 +0.0007 +0.0104 +0.1409]  dang(orig,opt2)=+0.0000 deg

   roll=+0.1 pitch=-1.2 yaw=-16.2 deg

   raw g=(25,129,4) a=(283,625,15754) m=(-3783,2633,-3590) |m_comp|=2745

q = [-0.9901 +0.0006 +0.0111 +0.1399]  |q|^2=+1.0000  muestras=22641  err=0

q2= [-0.9901 +0.0006 +0.0111 +0.1399]  dang(orig,opt2)=+0.0000 deg

   roll=+0.1 pitch=-1.3 yaw=-16.1 deg

   raw g=(182,134,-1) a=(355,16,15769) m=(-3751,2695,-3506) |m_comp|=2671

