

=== Madgwick en FPGA: comprobacion minima ===

NAV STATUS=0x0000000e  busy=0 cfg_done=1 ag=1 mag=1 err=0 [whoami_ag=0 whoami_mag=0 timeout=0 overrun=0]

WHO_AM_I leido: A/G=0x68 (esperado 0x68)  Mag=0x3d (esperado 0x3D)

Calibrando gyro: NO MUEVAS la placa...

*** AVISO 1/1 ***

  dispersion p5-p95: (2087, 1176, 1437)

  la placa se ha movido, repito

Calibrando gyro: NO MUEVAS la placa...

*** AVISO 1/1 ***

  dispersion p5-p95: (93, 41, 94)

  gyro offset = (188, 141, 16) cuentas

*** AVISO 1/2 ***

*** AVISO 2/2 ***

Preparado: tienes 3 s para coger la placa (pitido = empieza)...

Calibrando magnetometro 30 s: gira la placa despacio por TODAS las orientaciones

  (cada eje hacia arriba y hacia abajo, y giros en 8). LEJOS de moviles, auriculares, altavoces, portatil.

*** AVISO 1/1 ***

  29 s restantes

  28 s restantes

  27 s restantes

  26 s restantes

  25 s restantes

  24 s restantes

  23 s restantes

  22 s restantes

  21 s restantes

  20 s restantes

  19 s restantes

  18 s restantes

  17 s restantes

  16 s restantes

  15 s restantes

  14 s restantes

  13 s restantes

  12 s restantes

  11 s restantes

  10 s restantes

  9 s restantes

  8 s restantes

  7 s restantes

  6 s restantes

  5 s restantes

  4 s restantes

  3 s restantes

  2 s restantes

  1 s restantes

  0 s restantes

*** AVISO 1/3 ***

*** AVISO 2/3 ***

*** AVISO 3/3 ***

  rango mag: x[-4585,925] y[-891,5467] z[-4321,1483]

  picos aislados descartados: 0

  1er ajuste: radio=2848 residuo=6%  (atipicos descartados: 212 de 3570)

  ajuste: centro=(-2107, 2132, -1331) radio=2838  residuo=+4.5%

  mag offset = (-2107, 2132, -1331)  -> copialos a MAG_PRESET_X/Y/Z para fijarlos

Leyendo q_out (orig y opt2) cada 200 ms. Teclas: g=gyro m=mag c=borrar offsets r=reset filtro 1/2=ejes 0x018/0x039  l/L=captura CSV 60 s (L reinicia antes)  d=volcar de nuevo

q = [-0.9813 -0.0108 -0.0166 +0.1915]  |q|^2=+1.0000  muestras=4991  err=0

q2= [-0.9813 -0.0108 -0.0166 +0.1915]  dang(orig,opt2)=+0.0000 deg

   roll=+0.8 pitch=+2.1 yaw=-22.1 deg

   raw g=(-4093,-7162,-1369) a=(-5453,2420,20864) m=(-3987,2363,-3309) |m_comp|=2737

q = [-0.9676 -0.1730 -0.0986 +0.1555]  |q|^2=+1.0000  muestras=5017  err=0

q2= [-0.9676 -0.1730 -0.0986 +0.1555]  dang(orig,opt2)=+0.0000 deg

   roll=+18.3 pitch=+14.2 yaw=-16.0 deg

   raw g=(-2186,1834,-2968) a=(-4273,5295,16212) m=(-4141,2057,-3120) |m_comp|=2709

q = [-0.9880 -0.0641 -0.0671 +0.1236]  |q|^2=+1.0000  muestras=5043  err=0

q2= [-0.9880 -0.0641 -0.0671 +0.1236]  dang(orig,opt2)=+0.0000 deg

   roll=+6.4 pitch=+8.5 yaw=-13.8 deg

   raw g=(-906,1432,-1303) a=(-3917,3465,16875) m=(-3915,2273,-3335) |m_comp|=2701

q = [-0.9888 -0.0731 -0.0642 +0.1129]  |q|^2=+1.0000  muestras=5068  err=0

q2= [-0.9888 -0.0731 -0.0642 +0.1129]  dang(orig,opt2)=+0.0000 deg

   roll=+7.6 pitch=+8.3 yaw=-12.5 deg

   raw g=(339,412,528) a=(-1903,2672,15556) m=(-3941,2285,-3279) |m_comp|=2679

q = [-0.9882 -0.0736 -0.0473 +0.1258]  |q|^2=+1.0000  muestras=5094  err=0

q2= [-0.9882 -0.0736 -0.0473 +0.1258]  dang(orig,opt2)=+0.0000 deg

   roll=+7.7 pitch=+6.4 yaw=-14.1 deg

   raw g=(171,151,-116) a=(-1563,1595,15513) m=(-3873,2285,-3400) |m_comp|=2723

q = [-0.9916 -0.0894 -0.0454 +0.0814]  |q|^2=+1.0000  muestras=5120  err=0

q2= [-0.9916 -0.0894 -0.0454 +0.0814]  dang(orig,opt2)=+0.0000 deg

   roll=+9.8 pitch=+6.0 yaw=-8.9 deg

   raw g=(601,-199,-246) a=(-1395,2363,15482) m=(-3913,2117,-3287) |m_comp|=2661

q = [-0.9920 -0.0695 -0.0462 +0.0944]  |q|^2=+1.0000  muestras=5145  err=0

q2= [-0.9920 -0.0695 -0.0462 +0.0944]  dang(orig,opt2)=+0.0000 deg

   roll=+7.5 pitch=+6.0 yaw=-10.5 deg

   raw g=(519,389,771) a=(-1896,1215,15591) m=(-3929,2151,-3356) |m_comp|=2723

q = [-0.9925 -0.0732 -0.0406 +0.0890]  |q|^2=+1.0000  muestras=5171  err=0

q2= [-0.9925 -0.0732 -0.0406 +0.0890]  dang(orig,opt2)=+0.0000 deg

   roll=+8.0 pitch=+5.4 yaw=-9.9 deg

   raw g=(-29,63,82) a=(-1275,2296,15494) m=(-3833,2207,-3353) |m_comp|=2658

q = [-0.9902 -0.0680 -0.0498 +0.1112]  |q|^2=+1.0000  muestras=5197  err=0

q2= [-0.9902 -0.0680 -0.0498 +0.1112]  dang(orig,opt2)=+0.0000 deg

   roll=+7.1 pitch=+6.5 yaw=-12.4 deg

   raw g=(127,182,15) a=(-1704,1952,15479) m=(-3919,2187,-3347) |m_comp|=2710

q = [-0.9921 -0.0632 -0.0408 +0.1003]  |q|^2=+1.0000  muestras=5222  err=0

q2= [-0.9921 -0.0632 -0.0408 +0.1003]  dang(orig,opt2)=+0.0000 deg

   roll=+6.8 pitch=+5.4 yaw=-11.2 deg

   raw g=(182,100,9) a=(-1663,1944,15583) m=(-3963,2249,-3324) |m_comp|=2725

q = [-0.9916 -0.0607 -0.0450 +0.1051]  |q|^2=+1.0000  muestras=5248  err=0

q2= [-0.9916 -0.0607 -0.0450 +0.1051]  dang(orig,opt2)=+0.0000 deg

   roll=+6.4 pitch=+5.9 yaw=-11.8 deg

   raw g=(166,187,-3) a=(-1602,1906,15595) m=(-3927,2219,-3336) |m_comp|=2708

q = [-0.9916 -0.0714 -0.0418 +0.0999]  |q|^2=+1.0000  muestras=5274  err=0

q2= [-0.9916 -0.0714 -0.0418 +0.0999]  dang(orig,opt2)=+0.0000 deg

   roll=+7.7 pitch=+5.6 yaw=-11.1 deg

   raw g=(181,121,-36) a=(-1581,1958,15593) m=(-3885,2177,-3348) |m_comp|=2688

q = [-0.9925 -0.0669 -0.0477 +0.0907]  |q|^2=+1.0000  muestras=5299  err=0

q2= [-0.9925 -0.0669 -0.0477 +0.0907]  dang(orig,opt2)=+0.0000 deg

   roll=+7.2 pitch=+6.1 yaw=-10.1 deg

   raw g=(160,25,-36) a=(-1592,2013,15559) m=(-3879,2171,-3422) |m_comp|=2740

q = [-0.9925 -0.0474 -0.0414 +0.1044]  |q|^2=+1.0000  muestras=5325  err=0

q2= [-0.9925 -0.0474 -0.0414 +0.1044]  dang(orig,opt2)=+0.0000 deg

   roll=+4.9 pitch=+5.3 yaw=-11.8 deg

   raw g=(-61,82,746) a=(-1629,2003,15572) m=(-3859,2255,-3313) |m_comp|=2647

q = [-0.9944 -0.0707 -0.0446 +0.0654]  |q|^2=+1.0000  muestras=5351  err=0

q2= [-0.9944 -0.0707 -0.0446 +0.0654]  dang(orig,opt2)=+0.0000 deg

   roll=+7.8 pitch=+5.6 yaw=-7.1 deg

   raw g=(146,159,-379) a=(-1755,2189,15497) m=(-3909,2137,-3304) |m_comp|=2671

q = [-0.9945 -0.0591 -0.0322 +0.0808]  |q|^2=+1.0000  muestras=5376  err=0

q2= [-0.9945 -0.0591 -0.0322 +0.0808]  dang(orig,opt2)=+0.0000 deg

   roll=+6.5 pitch=+4.2 yaw=-9.0 deg

   raw g=(320,994,1219) a=(-360,3985,16349) m=(-3837,2179,-3395) |m_comp|=2692

q = [-0.9926 -0.0705 -0.0076 +0.0981]  |q|^2=+1.0000  muestras=5402  err=0

q2= [-0.9926 -0.0705 -0.0076 +0.0981]  dang(orig,opt2)=+0.0000 deg

   roll=+8.0 pitch=+1.7 yaw=-11.2 deg

   raw g=(120,239,-1711) a=(-680,2541,15474) m=(-3717,2127,-3441) |m_comp|=2653

q = [-0.9948 -0.0656 -0.0107 +0.0775]  |q|^2=+1.0000  muestras=5428  err=0

q2= [-0.9948 -0.0656 -0.0107 +0.0775]  dang(orig,opt2)=+0.0000 deg

   roll=+7.4 pitch=+1.8 yaw=-8.8 deg

   raw g=(47,21,-242) a=(-535,1736,15658) m=(-3759,2081,-3394) |m_comp|=2642

q = [-0.9942 -0.0672 -0.0243 +0.0803]  |q|^2=+1.0000  muestras=5453  err=0

q2= [-0.9942 -0.0672 -0.0243 +0.0803]  dang(orig,opt2)=+0.0000 deg

   roll=+7.5 pitch=+3.4 yaw=-9.0 deg

   raw g=(227,84,133) a=(-533,1981,15554) m=(-3845,2091,-3404) |m_comp|=2704

q = [-0.9945 -0.0632 -0.0269 +0.0789]  |q|^2=+1.0000  muestras=5479  err=0

q2= [-0.9945 -0.0632 -0.0269 +0.0789]  dang(orig,opt2)=+0.0000 deg

   roll=+7.0 pitch=+3.6 yaw=-8.9 deg

   raw g=(166,85,12) a=(-1128,1711,15609) m=(-3837,2131,-3342) |m_comp|=2652

q = [-0.9945 -0.0652 -0.0250 +0.0778]  |q|^2=+1.0000  muestras=5504  err=0

q2= [-0.9945 -0.0652 -0.0250 +0.0778]  dang(orig,opt2)=+0.0000 deg

   roll=+7.2 pitch=+3.4 yaw=-8.7 deg

   raw g=(172,116,-27) a=(-1196,1934,15582) m=(-3789,2129,-3364) |m_comp|=2637

q = [-0.9941 -0.0673 -0.0327 +0.0785]  |q|^2=+1.0000  muestras=5530  err=0

q2= [-0.9941 -0.0673 -0.0327 +0.0785]  dang(orig,opt2)=+0.0000 deg

   roll=+7.4 pitch=+4.3 yaw=-8.8 deg

   raw g=(17,342,63) a=(-997,2736,15579) m=(-3855,2147,-3315) |m_comp|=2643

q = [-0.9942 -0.0692 -0.0282 +0.0769]  |q|^2=+1.0000  muestras=5556  err=0

q2= [-0.9942 -0.0692 -0.0282 +0.0769]  dang(orig,opt2)=+0.0000 deg

   roll=+7.7 pitch=+3.8 yaw=-8.6 deg

   raw g=(181,164,71) a=(-881,2101,15471) m=(-3833,2141,-3358) |m_comp|=2661

q = [-0.9940 -0.0705 -0.0304 +0.0785]  |q|^2=+1.0000  muestras=5581  err=0

q2= [-0.9940 -0.0705 -0.0304 +0.0785]  dang(orig,opt2)=+0.0000 deg

   roll=+7.8 pitch=+4.1 yaw=-8.7 deg

   raw g=(230,164,-8) a=(-1032,2021,15570) m=(-3845,2093,-3483) |m_comp|=2765

q = [-0.9940 -0.0720 -0.0285 +0.0771]  |q|^2=+1.0000  muestras=5607  err=0

q2= [-0.9940 -0.0720 -0.0285 +0.0771]  dang(orig,opt2)=+0.0000 deg

   roll=+8.0 pitch=+3.9 yaw=-8.6 deg

   raw g=(166,196,-32) a=(-1095,2103,15569) m=(-3819,2077,-3374) |m_comp|=2665

q = [-0.9943 -0.0684 -0.0282 +0.0770]  |q|^2=+1.0000  muestras=5633  err=0

q2= [-0.9943 -0.0684 -0.0282 +0.0770]  dang(orig,opt2)=+0.0000 deg

   roll=+7.6 pitch=+3.8 yaw=-8.6 deg

   raw g=(158,138,50) a=(-1072,2048,15588) m=(-3867,2085,-3420) |m_comp|=2731

q = [-0.9943 -0.0703 -0.0280 +0.0748]  |q|^2=+1.0000  muestras=5658  err=0

q2= [-0.9943 -0.0703 -0.0280 +0.0748]  dang(orig,opt2)=+0.0000 deg

   roll=+7.8 pitch=+3.8 yaw=-8.3 deg

   raw g=(216,108,36) a=(-974,2039,15551) m=(-3843,2129,-3402) |m_comp|=2701

q = [-0.9943 -0.0687 -0.0297 +0.0754]  |q|^2=+1.0000  muestras=5684  err=0

q2= [-0.9943 -0.0687 -0.0297 +0.0754]  dang(orig,opt2)=+0.0000 deg

   roll=+7.6 pitch=+4.0 yaw=-8.4 deg

   raw g=(182,139,-58) a=(-1067,2107,15595) m=(-3865,2147,-3375) |m_comp|=2695

q = [-0.9946 -0.0689 -0.0264 +0.0735]  |q|^2=+1.0000  muestras=5710  err=0

q2= [-0.9946 -0.0689 -0.0264 +0.0735]  dang(orig,opt2)=+0.0000 deg

   roll=+7.7 pitch=+3.6 yaw=-8.2 deg

   raw g=(148,137,45) a=(-973,2012,15591) m=(-3787,2073,-3324) |m_comp|=2606

q = [-0.9946 -0.0686 -0.0251 +0.0731]  |q|^2=+1.0000  muestras=5735  err=0

q2= [-0.9946 -0.0686 -0.0251 +0.0731]  dang(orig,opt2)=+0.0000 deg

   roll=+7.6 pitch=+3.4 yaw=-8.2 deg

   raw g=(151,141,47) a=(-937,2084,15582) m=(-3793,2085,-3383) |m_comp|=2655

q = [-0.9947 -0.0697 -0.0260 +0.0706]  |q|^2=+1.0000  muestras=5761  err=0

q2= [-0.9947 -0.0697 -0.0260 +0.0706]  dang(orig,opt2)=+0.0000 deg

   roll=+7.8 pitch=+3.5 yaw=-7.9 deg

   raw g=(161,99,33) a=(-962,2157,15593) m=(-3829,2093,-3403) |m_comp|=2693

q = [-0.9950 -0.0677 -0.0269 +0.0678]  |q|^2=+1.0000  muestras=5786  err=0

q2= [-0.9950 -0.0677 -0.0269 +0.0678]  dang(orig,opt2)=+0.0000 deg

   roll=+7.5 pitch=+3.6 yaw=-7.6 deg

   raw g=(149,157,24) a=(-970,2110,15584) m=(-3817,1989,-3468) |m_comp|=2740

q = [-0.9949 -0.0705 -0.0263 +0.0678]  |q|^2=+1.0000  muestras=5812  err=0

q2= [-0.9949 -0.0705 -0.0263 +0.0678]  dang(orig,opt2)=+0.0000 deg

   roll=+7.9 pitch=+3.5 yaw=-7.5 deg

   raw g=(202,140,22) a=(-1004,2118,15575) m=(-3827,2083,-3332) |m_comp|=2638

q = [-0.9949 -0.0685 -0.0252 +0.0689]  |q|^2=+1.0000  muestras=5838  err=0

q2= [-0.9949 -0.0685 -0.0252 +0.0689]  dang(orig,opt2)=+0.0000 deg

   roll=+7.6 pitch=+3.4 yaw=-7.7 deg

   raw g=(173,138,48) a=(-962,2137,15592) m=(-3801,2095,-3396) |m_comp|=2670

q = [-0.9947 -0.0702 -0.0253 +0.0701]  |q|^2=+1.0000  muestras=5863  err=0

q2= [-0.9947 -0.0702 -0.0253 +0.0701]  dang(orig,opt2)=+0.0000 deg

   roll=+7.8 pitch=+3.4 yaw=-7.8 deg

   raw g=(159,196,-13) a=(-853,2175,15558) m=(-3851,2127,-3393) |m_comp|=2699

q = [-0.9951 -0.0706 -0.0205 +0.0666]  |q|^2=+1.0000  muestras=5889  err=0

q2= [-0.9951 -0.0706 -0.0205 +0.0666]  dang(orig,opt2)=+0.0000 deg

   roll=+7.9 pitch=+2.9 yaw=-7.5 deg

   raw g=(148,112,8) a=(-822,2142,15633) m=(-3791,2045,-3400) |m_comp|=2668

q = [-0.9952 -0.0690 -0.0192 +0.0671]  |q|^2=+1.0000  muestras=5915  err=0

q2= [-0.9952 -0.0690 -0.0192 +0.0671]  dang(orig,opt2)=+0.0000 deg

   roll=+7.8 pitch=+2.7 yaw=-7.5 deg

   raw g=(205,115,-11) a=(-853,2192,15556) m=(-3783,2047,-3388) |m_comp|=2654

q = [-0.9952 -0.0699 -0.0199 +0.0654]  |q|^2=+1.0000  muestras=5940  err=0

q2= [-0.9952 -0.0699 -0.0199 +0.0654]  dang(orig,opt2)=+0.0000 deg

   roll=+7.9 pitch=+2.8 yaw=-7.3 deg

   raw g=(179,156,36) a=(-677,2243,15564) m=(-3771,2091,-3331) |m_comp|=2601

q = [-0.9953 -0.0706 -0.0200 +0.0633]  |q|^2=+1.0000  muestras=5966  err=0

q2= [-0.9953 -0.0706 -0.0200 +0.0633]  dang(orig,opt2)=+0.0000 deg

   roll=+7.9 pitch=+2.8 yaw=-7.1 deg

   raw g=(195,164,21) a=(-788,2018,15585) m=(-3807,1995,-3356) |m_comp|=2646

q = [-0.9954 -0.0690 -0.0190 +0.0630]  |q|^2=+1.0000  muestras=5992  err=0

q2= [-0.9954 -0.0690 -0.0190 +0.0630]  dang(orig,opt2)=+0.0000 deg

   roll=+7.8 pitch=+2.7 yaw=-7.1 deg

   raw g=(175,164,113) a=(-670,2139,15575) m=(-3761,2119,-3398) |m_comp|=2646

q = [-0.9951 -0.0681 -0.0185 +0.0695]  |q|^2=+1.0000  muestras=6017  err=0

q2= [-0.9951 -0.0681 -0.0185 +0.0695]  dang(orig,opt2)=+0.0000 deg

   roll=+7.7 pitch=+2.7 yaw=-7.8 deg

   raw g=(196,141,8) a=(-667,2231,15563) m=(-3763,2087,-3394) |m_comp|=2645

q = [-0.9948 -0.0709 -0.0174 +0.0709]  |q|^2=+1.0000  muestras=6043  err=0

q2= [-0.9948 -0.0709 -0.0174 +0.0709]  dang(orig,opt2)=+0.0000 deg

   roll=+8.0 pitch=+2.6 yaw=-8.0 deg

   raw g=(197,118,16) a=(-813,2111,15588) m=(-3761,2031,-3360) |m_comp|=2619

q = [-0.9949 -0.0697 -0.0177 +0.0713]  |q|^2=+1.0000  muestras=6068  err=0

q2= [-0.9949 -0.0697 -0.0177 +0.0713]  dang(orig,opt2)=+0.0000 deg

   roll=+7.8 pitch=+2.6 yaw=-8.0 deg

   raw g=(192,124,8) a=(-710,2140,15576) m=(-3727,2117,-3445) |m_comp|=2662

Capturando 60 s... (avisos: MOV / QUIETO / LISTO; el volcado empieza al terminar)

t=8.0 LISTO - mueve

t=8.9 MOV

t=10.6 QUIETO

t=13.6 LISTO - mueve

t=14.3 MOV

t=16.2 QUIETO

t=19.2 LISTO - mueve

t=19.6 MOV

t=22.4 QUIETO

t=25.4 LISTO - mueve

t=26.1 MOV

t=28.1 QUIETO

t=31.1 LISTO - mueve

t=31.7 MOV

t=33.6 QUIETO

t=36.6 LISTO - mueve

t=37.2 MOV

t=38.8 QUIETO

t=41.8 LISTO - mueve

t=42.3 MOV

t=44.4 QUIETO

t=47.4 LISTO - mueve

t=47.9 MOV

t=49.2 QUIETO

t=49.7 MOV

t=49.8 QUIETO

t=52.8 LISTO - mueve

Captura terminada: 7200 filas, 61029 ms. Volcando CSV...



#HDR,axis_cfg=0x039,fs_g=1,dt_hz=119,beta_start=1.0,beta_run=0.1,beta_start_ms=3000,goff=188/141/16,moff=-2107/2132/-1331,cnt0=6106,n=7200,gt_hz=333335714

#COLS,cnt,gx,gy,gz,ax,ay,az,mx,my,mz,qa0,qa1,qa2,qa3,qb0,qb1,qb2,qb3,ok,t_us  (qa=original, qb=opt2, hex de float32)

6107,248,107,-8,-690,2090,15592,-3751,2037,-3408,bf800000,00000000,00000000,3e4ccccd,bf800000,00000000,00000000,3e4ccccd,1,0

6108,237,103,-6,-672,2217,15570,-3761,2113,-3355,bf7b26ee,bbfd0a94,b9fce734,3e462e33,bf7b26ef,bbfd0a97,b9fce735,3e462e33,1,8519

6109,244,92,2,-726,2150,15565,-3761,2113,-3355,bf7b42af,bc7f53e8,baa160f8,3e43799f,bf7b42b0,bc7f53e8,baa160f8,3e43799f,1,17038

6110,241,96,2,-804,2003,15577,-3787,2045,-3400,bf7b5d8e,bcbf0f3d,bb1228f1,3e4079ea,bf7b5d8d,bcbf0f3b,bb1228ee,3e4079e9,1,25557

6111,210,115,-3,-738,2085,15576,-3733,2029,-3404,bf7b73c5,bcfefa13,bb46d2af,3e3d7870,bf7b73c4,bcfefa12,bb46d2ab,3e3d786f,1,34075

6112,185,127,1,-654,2212,15569,-3733,2029,-3404,bf7b85c5,bd1f9bc7,bb6a5eb9,3e3a6c07,bf7b85c4,bd1f9bc7,bb6a5ebb,3e3a6c06,1,42093

6113,193,106,5,-726,2041,15563,-3745,2081,-3392,bf7b9636,bd3f1081,bb9b9644,3e37211f,bf7b9637,bd3f1083,bb9b9648,3e37211f,1,50612

6114,183,91,0,-774,2055,15598,-3785,2029,-3424,bf7ba65a,bd5de300,bbc7af41,3e337e5b,bf7ba65b,bd5de302,bbc7af49,3e337e5b,1,59130

6115,144,93,9,-802,2081,15561,-3785,2029,-3424,bf7bb47e,bd7c4c70,bbfa9cdf,3e2fa3bb,bf7bb47f,bd7c4c72,bbfa9ce8,3e2fa3bb,1,67649

6116,115,119,17,-821,2089,15568,-3789,2047,-3373,bf7bc3c0,bd8cc9f5,bc1a9f16,3e2b5903,bf7bc3c1,bd8cc9f6,bc1a9f17,3e2b5902,1,76168

6117,91,136,18,-817,2130,15554,-3797,2061,-3382,bf7bd4b7,bd9acd24,bc395d65,3e269559,bf7bd4b6,bd9acd22,bc395d65,3e269556,1,84686

6118,90,168,31,-802,2139,15570,-3731,2067,-3423,bf7bece6,bda750c8,bc5adceb,3e210569,bf7bece5,bda750c7,bc5adce7,3e210567,1,93205

6119,86,189,27,-754,2152,15565,-3731,2067,-3423,bf7c1fe3,bdaf4a85,bc6d6a4b,3e19a406,bf7c1fe2,bdaf4a84,bc6d6a40,3e19a404,1,101724

6120,105,185,11,-747,2003,15578,-3793,2059,-3387,bf7c743a,bdaab334,bc7f3158,3e11f98c,bf7c7439,bdaab333,bc7f3150,3e11f98a,1,110242

6121,143,157,-12,-643,2416,15562,-3795,2065,-3370,bf7c9139,bdb58772,bc59895a,3e0bad02,bf7c9138,bdb58772,bc59896c,3e0bad00,1,118761

6122,133,149,18,-829,2213,15557,-3795,2065,-3370,bf7cd701,bdaf1530,bc8c7f33,3e0540c6,bf7cd700,bdaf152e,bc8c7f3c,3e0540c4,1,127279

6123,186,156,48,-704,2286,15558,-3807,2073,-3433,bf7d1f33,bdac3673,bc6572e5,3dfb98a4,bf7d1f32,bdac3674,bc6572ea,3dfb98a1,1,135798

6124,173,168,34,-577,2395,15541,-3717,2077,-3415,bf7d5270,bdad6f7e,bc1045ee,3dee833e,bf7d5271,bdad6f7e,bc1045e8,3dee833e,1,143816

6125,203,135,34,-632,2248,15553,-3717,2077,-3415,bf7d8c90,bda07eff,bc4e6165,3de74ece,bf7d8c8f,bda07efd,bc4e614e,3de74ecc,1,152335

6126,217,103,15,-773,2179,15586,-3737,2055,-3320,bf7da971,bda548a9,bc8f98c1,3dda4e92,bf7da970,bda548a9,bc8f98b5,3dda4e90,1,160853

6127,207,106,1,-839,2181,15569,-3763,2101,-3407,bf7ddb5a,bd95b1bb,bca42d3b,3dd61abf,bf7ddb59,bd95b1bd,bca42d52,3dd61abe,1,169372

6128,203,140,-4,-789,2159,15544,-3763,2101,-3407,bf7df37b,bd9ef27e,bc8bd443,3dc8f558,bf7df379,bd9ef279,bc8bd42c,3dc8f558,1,177891

6129,199,168,6,-777,2084,15576,-3785,2075,-3384,bf7e2b6c,bd90c5d2,bc9d36d4,3dc1077c,bf7e2b6c,bd90c5d4,bc9d36ed,3dc1077a,1,186409

6130,179,174,10,-750,2130,15578,-3771,2009,-3456,bf7e2d5e,bd9df57d,bc97452d,3db60810,bf7e2d5e,bd9df57f,bc974537,3db6080e,1,194928

6131,175,172,19,-683,2201,15563,-3809,2049,-3389,bf7e6274,bd98a445,bc5f1ff7,3da96138,bf7e6274,bd98a443,bc5f1fdd,3da9613c,1,203446

6132,170,174,28,-598,2230,15571,-3809,2049,-3389,bf7e77e9,bda0046a,bc5aac59,3d99e5f4,bf7e77e9,bda00470,bc5aac82,3d99e5fb,1,211965

6133,185,145,17,-599,2156,15588,-3795,2027,-3427,bf7ea4f9,bd8f576c,bc6839b1,3d975e70,bf7ea4f9,bd8f5771,bc68397e,3d975e78,1,220484

6134,186,99,3,-676,2206,15567,-3761,2079,-3437,bf7e8128,bd982812,bcad35b9,3d9a61b7,bf7e8129,bd982805,bcad35cf,3d9a61be,1,229002

6135,176,72,-3,-853,2081,15571,-3761,2079,-3437,bf7e9dee,bd877559,bcb3cb91,3d9d92a9,bf7e9ded,bd87754b,bcb3cba1,3d9d92ae,1,237020

6136,158,103,3,-877,2120,15580,-3733,2047,-3523,bf7e833d,bd97ab41,bcbf0117,3d98af0c,bf7e833d,bd97ab35,bcbf0105,3d98af14,1,245539

6137,137,155,9,-739,2277,15526,-3771,2043,-3334,bf7e8a55,bd9e3835,bc8343f3,3d92e89e,bf7e8a55,bd9e3841,bc834411,3d92e8a2,1,254058

6138,147,168,21,-686,2254,15558,-3771,2043,-3334,bf7eb34f,bd8dac27,bc90179b,3d914962,bf7eb34f,bd8dac2c,bc901749,3d91496d,1,262576

6139,171,162,26,-677,2169,15583,-3755,2055,-3386,bf7ea0df,bd9cb2cf,bc75b673,3d8b0525,bf7ea0df,bd9cb2e0,bc75b733,3d8b0527,1,271095

6140,173,138,37,-734,2126,15561,-3797,2037,-3408,bf7ebdc8,bd8d69bb,bc98f171,3d8c4bb3,bf7ebdc8,bd8d69bf,bc98f163,3d8c4bb7,1,279613

6141,162,134,49,-765,2132,15556,-3797,2037,-3408,bf7eab94,bd9af2a1,bcb30d26,3d841782,bf7eab94,bd9af2a0,bcb30d37,3d841784,1,288132

6142,148,146,52,-732,2227,15554,-3719,2095,-3421,bf7ec266,bd8c8c9e,bc9a41e2,3d8af951,bf7ec264,bd8c8c9e,bc9a41df,3d8af951,1,296651

6143,159,143,55,-782,2193,15579,-3767,2105,-3409,bf7ea08d,bd89aa20,bcaf7b40,3d9ae1a8,bf7ea08d,bd89aa24,bcaf7b4a,3d9ae1a8,1,305169

6144,165,148,38,-744,2240,15563,-3775,2095,-3443,bf7e84c1,bd9831b9,bc8b6b38,3d9affc4,bf7e84c1,bd9831b9,bc8b6b27,3d9affc5,1,313688

6145,185,147,25,-706,2247,15564,-3775,2095,-3443,bf7e9465,bd890021,bc85019d,3da2e7d6,bf7e9463,bd890020,bc8501ae,3da2e7d7,1,322206

6146,215,145,4,-679,2309,15568,-3793,2049,-3373,bf7e7c6f,bd993e65,bc850efe,3d9db4ea,bf7e7c70,bd993e66,bc850f0c,3d9db4ec,1,330725

6147,216,142,-13,-723,2387,15547,-3785,2073,-3432,bf7e4b33,bda8b4b4,bc9a9a1c,3da0866b,bf7e4b33,bda8b4b8,bc9a99f6,3da0866c,1,339244

6148,257,140,-12,-827,2194,15554,-3785,2073,-3432,bf7e6cd5,bd97d770,bca20c6f,3da38d68,bf7e6cd5,bd97d775,bca20c5e,3da38d6a,1,347261

6149,264,158,-33,-793,2151,15592,-3813,2071,-3414,bf7e9b63,bd86edbc,bca1c384,3da04095,bf7e9b63,bd86edc0,bca1c3a9,3da0409d,1,355780

6150,253,183,-54,-715,2241,15583,-3793,2053,-3346,bf7e8843,bd96adba,bc95f74b,3d9a6cd7,bf7e8843,bd96adbc,bc95f754,3d9a6cde,1,364299

6151,251,178,-62,-673,2272,15536,-3793,2053,-3346,bf7e8768,bda154d9,bc5702b8,3d91ff24,bf7e8768,bda154d6,bc5702a9,3d91ff2a,1,372817

6152,288,152,-55,-733,2160,15570,-3805,2071,-3287,bf7ea3a0,bd922046,bc8b9029,3d93fefb,bf7ea3a0,bd922045,bc8b902b,3d93ff00,1,381336

6153,289,152,-46,-758,2043,15592,-3771,2137,-3459,bf7eb4f9,bd82420d,bc943279,3d9aacb3,bf7eb4fb,bd82420d,bc943281,3d9aacb8,1,389854

6154,245,163,-53,-629,2101,15570,-3771,2137,-3459,bf7e9b1a,bd8aa6fb,bc3c4b30,3da08fc7,bf7e9b1a,bd8aa6f9,bc3c4b30,3da08fc8,1,398373

6155,223,147,-45,-702,2076,15577,-3793,2117,-3378,bf7e9051,bd8998cc,bca24d76,3da25598,bf7e9052,bd8998ce,bca24d78,3da25599,1,406891

6156,191,140,-29,-717,2130,15567,-3811,2105,-3418,bf7e8036,bd9645e9,bc6a9fd5,3d9fcf48,bf7e8035,bd9645e8,bc6a9fc5,3d9fcf47,1,415410

6157,189,145,-12,-693,2154,15597,-3811,2105,-3418,bf7e93a8,bd870065,bc8ea485,3da457e1,bf7e93a9,bd870067,bc8ea48d,3da457e3,1,423928

6158,199,154,18,-645,2237,15569,-3763,2079,-3404,bf7e7bc6,bd971b1c,bc7cc04d,3da05bcc,bf7e7bc6,bd971b1c,bc7cc04d,3da05bcd,1,432447

6159,216,142,38,-652,2230,15577,-3783,2071,-3399,bf7eb2ce,bd88f417,bc5b8043,3d97c2ac,bf7eb2d0,bd88f419,bc5b8043,3d97c2ac,1,440966

6160,236,112,49,-666,2213,15571,-3743,2077,-3404,bf7e903d,bd98506d,bc899ed9,3d9631a7,bf7e903d,bd98506c,bc899ee7,3d9631a6,1,449484

6161,251,100,56,-729,2090,15570,-3743,2077,-3404,bf7eac9c,bd878c3f,bc9442ac,3d9990e4,bf7eac9c,bd878c3d,bc9442ab,3d9990e3,1,457502

6162,228,96,45,-725,2099,15589,-3805,2105,-3389,bf7e8720,bd984e27,bc9136e0,3d999402,bf7e8721,bd984e26,bc913700,3d999401,1,466021

6163,212,107,45,-738,2076,15581,-3789,2075,-3380,bf7ea914,bd874dbe,bc97f17b,3d9b0347,bf7ea913,bd874dbc,bc97f17c,3d9b0345,1,474540

6164,185,121,58,-841,1952,15582,-3789,2075,-3380,bf7eaa6a,bd883691,bcd814ae,3d94c8d4,bf7eaa6a,bd883694,bcd814b0,3d94c8d3,1,483058

6165,133,154,59,-766,2167,15531,-3745,2049,-3359,bf7ea231,bd945cf7,bcaa57c0,3d9053e4,bf7ea231,bd945cf9,bcaa57bc,3d9053e3,1,491577

6166,120,173,75,-724,2258,15537,-3753,2077,-3438,bf7ea6ba,bd8ee0c0,bc5e126b,3d974e92,bf7ea6ba,bd8ee0bd,bc5e1272,3d974e91,1,500096

6167,145,181,102,-716,2130,15591,-3753,2077,-3438,bf7e9e72,bd8bd28e,bcb1bcbc,3d99a664,bf7e9e73,bd8bd293,bcb1bcc5,3d99a663,1,508614

6168,135,177,135,-687,2086,15582,-3761,2123,-3399,bf7eabe0,bd837f54,bc71637b,3d9ecf45,bf7eabe1,bd837f54,bc7163a4,3d9ecf43,1,517133

6169,130,163,114,-630,2126,15602,-3737,2139,-3403,bf7e7705,bd922f38,bc645eac,3da73b19,bf7e7704,bd922f34,bc645e88,3da73b18,1,525651

6170,120,134,81,-625,2255,15582,-3737,2139,-3403,bf7e63a0,bd89803f,bc4de3f0,3db5cb45,bf7e63a0,bd898044,bc4de49d,3db5cb4e,1,534170

6171,134,105,45,-734,2216,15550,-3807,2095,-3378,bf7e4bb6,bd98335a,bc8610af,3db11e40,bf7e4bb6,bd983364,bc8610d3,3db11e45,1,542689

6172,164,96,21,-815,2181,15560,-3745,2053,-3418,bf7e54bd,bd99181b,bcc3cdc1,3da957d0,bf7e54be,bd991811,bcc3cdd9,3da957ce,1,551207

6173,173,105,15,-838,2191,15543,-3787,2059,-3382,bf7e7e6d,bd953018,bc8c1679,3da06440,bf7e7e6d,bd95302c,bc8c1673,3da0643a,1,559225

6174,173,125,8,-809,2178,15571,-3787,2059,-3382,bf7e7f5c,bd967c67,bccc8c72,3d9a5d7f,bf7e7f5d,bd967c3a,bccc8c91,3d9a5d84,1,567744

6175,173,151,0,-739,2252,15555,-3759,2135,-3401,bf7e8ee3,bd8d3316,bc98029b,3da069d7,bf7e8ee2,bd8d330a,bc980257,3da069d9,1,576263

6176,190,158,-4,-708,2224,15568,-3731,2083,-3451,bf7e7131,bd9c88d8,bc75781a,3d9f85d3,bf7e7131,bd9c88e1,bc7578ed,3d9f85d1,1,584781

6177,200,152,-1,-644,2243,15595,-3731,2083,-3451,bf7e8bcd,bd8c1f62,bc6ac5bc,3da45902,bf7e8bcd,bd8c1f6d,bc6ac580,3da458fc,1,593300

6178,213,138,4,-672,2239,15584,-3773,2069,-3396,bf7e71b6,bd9c0794,bc83ae84,3d9f5d78,bf7e71b5,bd9c079c,bc83ae97,3d9f5d73,1,601818

6179,228,113,-23,-697,2246,15588,-3769,2063,-3334,bf7e9fa7,bd8be842,bc937d13,3d9b10c3,bf7e9fa8,bd8be841,bc937cca,3d9b10d0,1,610337

6180,255,86,-37,-764,2175,15598,-3769,2063,-3334,bf7e8966,bd9b28b6,bca35f91,3d948e84,bf7e8965,bd9b28af,bca35f97,3d948e90,1,618856

6181,254,103,-21,-826,2081,15589,-3831,2061,-3376,bf7eacc2,bd8a384d,bcaffef3,3d953b6b,bf7eacc1,bd8a3847,bcafff04,3d953b73,1,627374

6182,217,127,-25,-786,2177,15552,-3739,2063,-3407,bf7e93a6,bd9a1d80,bc9ca105,3d91ae0e,bf7e93a7,bd9a1d7c,bc9ca11c,3d91ae16,1,635893

6183,209,141,-27,-796,2144,15548,-3739,2063,-3407,bf7eaff6,bd8983b6,bca6fba7,3d9529f5,bf7eaff5,bd8983b0,bca6fbb0,3d9529fa,1,644412

6184,205,157,-15,-761,2109,15581,-3759,2117,-3408,bf7ea520,bd831974,bc7e3f0d,3da18286,bf7ea51f,bd83198b,bc7e3e88,3da1828b,1,652930

6185,192,173,-10,-673,2174,15563,-3761,2051,-3406,bf7e8eb8,bd9349c1,bc83e352,3d9c0e93,bf7e8eb7,bd9349d6,bc83e346,3d9c0e96,1,660948

6186,189,164,-25,-687,2154,15585,-3701,2123,-3426,bf7e9c68,bd841727,bc81b83b,3da3fddf,bf7e9c67,bd841737,bc81b841,3da3fdda,1,669467

6187,182,146,-34,-733,2168,15574,-3701,2123,-3426,bf7e706f,bd93e99b,bc974be3,3da65ee3,bf7e706f,bd93e9a5,bc974c12,3da65eeb,1,677985

6188,180,139,-65,-664,2321,15543,-3761,2103,-3417,bf7e5d2a,bd9cc76b,bc3aa934,3da8458b,bf7e5d2a,bd9cc758,bc3aa901,3da84593,1,686504

6189,210,127,-67,-734,2209,15552,-3765,2091,-3398,bf7e6bdd,bd919071,bc90bbbc,3daa8150,bf7e6bdd,bd919070,bc90bbe5,3daa8153,1,695023

6190,243,122,-35,-768,2136,15569,-3765,2091,-3398,bf7e7f6e,bd8d6c3d,bccc64a2,3da2b130,bf7e7f6e,bd8d6c3a,bccc647b,3da2b10e,1,703541

6191,231,129,-33,-683,2235,15546,-3737,2055,-3382,bf7e7ce6,bd9777b9,bc97d6db,3d9e2ca4,bf7e7ce6,bd9777b8,bc97d6b8,3d9e2c85,1,712060

6192,247,132,-26,-701,2102,15583,-3739,2009,-3413,bf7eb2fb,bd9079e7,bc848ad6,3d8f578d,bf7eb2fa,bd9079d1,bc848b0e,3d8f5770,1,720578

6193,249,126,-17,-717,2091,15585,-3739,2009,-3413,bf7ebb1c,bd95597b,bcb179a3,3d832e95,bf7ebb1c,bd95599c,bcb1797f,3d832e79,1,729097

6194,235,122,-6,-743,2083,15557,-3771,2049,-3401,bf7edd77,bd856792,bc999997,3d858bbd,bf7edd77,bd8567a9,bc9999e7,3d858baa,1,737616

6195,214,134,3,-748,2076,15588,-3753,2029,-3374,bf7ec76e,bd94caf8,bca51b1b,3d7d89a3,bf7ec76e,bd94cb0e,bca51b11,3d7d8969,1,746134

6196,196,148,13,-743,2119,15582,-3753,2029,-3374,bf7eed72,bd83f775,bc985c8c,3d7e9544,bf7eed72,bd83f788,bc985cc6,3d7e9535,1,754152

6197,184,155,4,-673,2152,15584,-3723,2027,-3397,bf7ed333,bd9451a7,bc8d64b2,3d764d19,bf7ed334,bd9451b6,bc8d6494,3d764d0a,1,762671

6198,172,139,-2,-724,2027,15586,-3799,2041,-3358,bf7ef1a4,bd83d5ca,bc9d9e38,3d79d04f,bf7ef1a3,bd83d5d8,bc9d9e17,3d79d045,1,771190

6199,150,137,-2,-698,2138,15571,-3727,2083,-3436,bf7ec9af,bd904322,bc7e7104,3d856df3,bf7ec9b0,bd90431f,bc7e710b,3d856e11,1,779708

6200,139,129,1,-736,2129,15552,-3727,2083,-3436,bf7ecf5c,bd83a6c7,bca15569,3d8d3a21,bf7ecf5b,bd83a6c5,bca1557d,3d8d3a3c,1,788227

6201,135,133,19,-755,2100,15557,-3727,2021,-3414,bf7eb91b,bd93c556,bca245ed,3d871db6,bf7eb91a,bd93c553,bca245e4,3d871dd0,1,796746

6202,121,142,32,-736,2173,15569,-3731,2065,-3359,bf7ed073,bd84d6cb,bc8b8ade,3d8d11df,bf7ed074,bd84d6c9,bc8b8acf,3d8d11f9,1,805264

6203,121,147,54,-744,2157,15572,-3731,2065,-3359,bf7eaef5,bd952068,bc9edef3,3d8a9d54,bf7eaef5,bd952065,bc9eded5,3d8a9d68,1,813783

6204,122,144,51,-693,2276,15566,-3753,2087,-3410,bf7eb47d,bd8bd11c,bc66fd18,3d942282,bf7eb47c,bd8bd11e,bc66fcd3,3d942299,1,822302

6205,138,127,49,-748,2207,15566,-3775,2083,-3386,bf7e9321,bd96ab1f,bca89807,3d94a560,bf7e9322,bd96ab23,bca897e7,3d94a572,1,830820

6206,156,132,49,-770,2131,15590,-3775,2083,-3386,bf7eb09d,bd8673d6,bc9a133b,3d988223,bf7eb09c,bd8673d6,bc9a133c,3d988232,1,839339

6207,145,142,38,-703,2268,15574,-3761,2069,-3396,bf7e93f1,bd972222,bc8f4d96,3d957b9d,bf7e93f2,bd972223,bc8f4d95,3d957bab,1,847857

6208,167,139,37,-734,2211,15566,-3741,2001,-3392,bf7e9649,bda10139,bca34422,3d885255,bf7e9649,bda10139,bca34425,3d885262,1,856376

6209,185,133,24,-706,2227,15565,-3741,2001,-3392,bf7ec3eb,bd91407c,bc8adb40,3d8660fb,bf7ec3eb,bd91407e,bc8adb31,3d866104,1,864394

6210,199,139,20,-740,2121,15577,-3771,2051,-3396,bf7ed30d,bd84d066,bcb9c5d8,3d88848b,bf7ed30d,bd84d070,bcb9c5ea,3d888490,1,872912

6211,194,135,21,-698,2193,15591,-3729,2005,-3399,bf7ec1ef,bd93bc1f,bca02d73,3d8316ef,bf7ec1ee,bd93bc25,bca02d6e,3d8316f2,1,881431

6212,186,129,17,-722,2210,15603,-3721,2025,-3424,bf7edcad,bd8c6eef,bc44f93a,3d81eb69,bf7edcac,bd8c6ed3,bc44f9a8,3d81eb73,1,889950

6213,200,125,19,-744,2135,15517,-3721,2025,-3424,bf7ecade,bd9197e1,bca3edfa,3d80d5a7,bf7ecade,bd9197ef,bca3edfa,3d80d5a7,1,898468

6214,199,136,24,-689,2215,15507,-3703,2085,-3448,bf7ed483,bd86764e,bc7f7330,3d8a5f65,bf7ed483,bd867650,bc7f7355,3d8a5f5d,1,906987

6215,205,140,31,-679,2188,15550,-3711,1987,-3371,bf7ebdd6,bd961983,bc89986b,3d83fe8d,bf7ebdd6,bd961985,bc899873,3d83fe84,1,915505

6216,204,129,35,-723,2192,15618,-3711,1987,-3371,bf7ec3fc,bd9af561,bcb4dbcb,3d6f221f,bf7ec3fd,bd9af55a,bcb4dbd5,3d6f2208,1,924024

6217,198,120,31,-766,2193,15651,-3765,2113,-3429,bf7edb3c,bd8bd628,bca69213,3d7dc9cc,bf7edb3d,bd8bd622,bca6921b,3d7dc9b8,1,932543

6218,201,135,27,-717,2125,15576,-3753,2055,-3430,bf7edfb7,bd8775fb,bc52d72e,3d8552d4,bf7edfb6,bd877604,bc52d72c,3d8552ce,1,941061

6219,195,137,32,-689,2051,15508,-3753,2055,-3430,bf7ecda4,bd8bc7c1,bcabd8dc,3d852ee0,bf7ecda5,bd8bc7b7,bcabd8f4,3d852ee1,1,949580

6220,179,127,32,-717,2128,15576,-3727,2055,-3479,bf7ed289,bd89651d,bc546070,3d89897d,bf7ed289,bd896535,bc546061,3d898972,1,958099

6221,164,119,37,-741,2185,15542,-3779,2009,-3337,bf7ebb4d,bd96c9a7,bc8f53e5,3d840cfc,bf7ebb4d,bd96c9b6,bc8f5415,3d840cf1,1,966617

6222,160,120,52,-677,2239,15543,-3779,2009,-3337,bf7ebdc0,bda11bd3,bc876db3,3d6d0485,bf7ebdc0,bda11bb5,bc876d30,3d6d0437,1,974635

6223,175,117,59,-681,2177,15558,-3765,2053,-3396,bf7edafb,bd90c682,bc89febb,3d7729b8,bf7edafb,bd90c666,bc89fe91,3d772976,1,983154

6224,183,107,46,-659,2122,15566,-3787,2033,-3332,bf7f0874,bd812314,bc9017dd,3d69afdb,bf7f0874,bd81231d,bc901901,3d69af10,1,991673

6225,171,89,33,-654,2201,15570,-3709,2097,-3399,bf7edc50,bd8f037b,bc805064,3d7b2adb,bf7edc51,bd8f0350,bc804fd2,3d7b2a54,1,1000191

6226,177,51,13,-722,2255,15560,-3709,2097,-3399,bf7ec7c6,bd89172c,bca11a65,3d8b7a56,bf7ec7c5,bd89174e,bca11ac1,3d8b7a10,1,1008710

6227,191,42,-2,-837,2078,15527,-3743,2005,-3447,bf7eb3d2,bd969e2e,bcbfe814,3d83ffca,bf7eb3d2,bd969e45,bcbfe896,3d83ff78,1,1017228

6228,171,67,-14,-906,2054,15557,-3743,2035,-3428,bf7ed285,bd85e034,bcca0e31,3d86434c,bf7ed285,bd85e047,bcca0e01,3d864308,1,1025747

6229,146,112,-18,-851,2201,15553,-3743,2035,-3428,bf7eb7f4,bd9640ea,bcba7d71,3d82e684,bf7eb7f4,bd9640ff,bcba7d59,3d82e649,1,1034266

6230,133,153,-13,-738,2370,15531,-3753,2037,-3409,bf7ea893,bd9f7152,bc807569,3d83dea1,bf7ea894,bd9f7138,bc8074e4,3d83de85,1,1042784

6231,178,145,-19,-775,2193,15602,-3751,2019,-3302,bf7ec40a,bd91a0d4,bca8c176,3d83c071,bf7ec409,bd91a0d7,bca8c19a,3d83c054,1,1051303

6232,196,149,-16,-803,2241,15597,-3751,2019,-3302,bf7ead0b,bda0d917,bcb0cc6c,3d78957d,bf7ead0d,bda0d91d,bcb0cc81,3d789548,1,1059822

6233,209,159,-34,-795,2255,15565,-3755,2049,-3367,bf7ecb47,bd909f9a,bca7fe08,3d8165db,bf7ecb47,bd909fa0,bca7fe14,3d8165c0,1,1068340

6234,230,171,-54,-703,2349,15569,-3723,2073,-3410,bf7eaf0c,bd9928f1,bc6b2c19,3d88bc93,bf7eaf0d,bd9928e0,bc6b2bf6,3d88bc87,1,1076358

6235,267,176,-51,-630,2335,15574,-3723,2073,-3410,bf7eb163,bd8c92d1,bc723962,3d947864,bf7eb164,bd8c92d2,bc7239ef,3d94786a,1,1084876

6236,299,144,-47,-615,2288,15569,-3727,2041,-3379,bf7e9664,bd9cc304,bc6e6e89,3d8fdc14,bf7e9665,bd9cc304,bc6e6ea7,3d8fdc18,1,1093395

6237,327,103,-38,-666,2176,15565,-3775,2033,-3431,bf7eba45,bd8c12c4,bc8b919b,3d900e23,bf7eba44,bd8c12bf,bc8b9178,3d900e25,1,1101913

6238,327,84,-32,-771,2041,15585,-3755,2035,-3438,bf7ebc0b,bd8dda8b,bcca2233,3d88b450,bf7ebc0a,bd8dda97,bcca220f,3d88b457,1,1110432

6239,305,94,-21,-868,1943,15589,-3755,2035,-3438,bf7ee641,bd7a14bb,bcbb1815,3d86c59d,bf7ee640,bd7a14c8,bcbb1846,3d86c5aa,1,1118950

6240,251,127,2,-848,2058,15571,-3773,2073,-3366,bf7ec94d,bd8db13c,bcbae5cb,3d83f7ff,bf7ec94c,bd8db143,bcbae5c8,3d83f80b,1,1127469

6241,217,164,18,-743,2123,15584,-3759,2091,-3492,bf7ed92b,bd823857,bc9032c6,3d8b4622,bf7ed92a,bd823859,bc9032d3,3d8b462c,1,1135987

6242,209,175,25,-671,2146,15572,-3759,2091,-3492,bf7eb1d3,bd926ada,bc80e8bd,3d8e1636,bf7eb1d3,bd926adc,bc80e8c1,3d8e163f,1,1144506

6243,213,145,17,-713,2119,15563,-3763,2139,-3423,bf7ebda6,bd838d04,bc899f40,3d96911b,bf7ebda6,bd838d05,bc899f46,3d969123,1,1153025

6244,201,126,15,-812,2097,15582,-3757,2057,-3369,bf7ea477,bd91cb9b,bcaa9840,3d91ea20,bf7ea477,bd91cb9d,bcaa9839,3d91ea27,1,1161543

6245,185,144,12,-786,2180,15574,-3757,2057,-3369,bf7eae0b,bd9905b5,bc6ede2b,3d8941fe,bf7eae0a,bd9905b6,bc6ede6e,3d8941f5,1,1169561

6246,185,169,12,-760,2149,15575,-3773,2095,-3411,bf7ebe57,bd8a81ed,bc92b3da,3d8f52fd,bf7ebe58,bd8a81ec,bc92b3e3,3d8f52f6,1,1178080

6247,196,176,6,-707,2158,15570,-3775,2047,-3404,bf7ea64d,bd9a8d34,bc91f5a0,3d8987ae,bf7ea64e,bd9a8d33,bc91f59f,3d8987a8,1,1186598

6248,191,158,2,-699,2192,15585,-3775,2047,-3404,bf7ec7bb,bd89b947,bc8c0390,3d8c4ada,bf7ec7bc,bd89b946,bc8c0398,3d8c4ad5,1,1195117

6249,192,140,-1,-684,2213,15579,-3779,2011,-3328,bf7eb2a7,bd995eff,bc8e1a61,3d8552d3,bf7eb2a7,bd995efe,bc8e1a5b,3d8552ce,1,1203635

6250,197,129,8,-716,2118,15594,-3741,2047,-3408,bf7ed10a,bd889ec0,bc948c6d,3d888c5f,bf7ed10a,bd889ebf,bc948c73,3d888c5a,1,1212154

6251,194,128,25,-672,2210,15558,-3733,2063,-3418,bf7eaf54,bd98d40f,bc80c79d,3d88580d,bf7eaf55,bd98d40e,bc80c79c,3d88580b,1,1220673

6252,211,113,33,-669,2227,15560,-3733,2063,-3418,bf7ec429,bd88f6e6,bc86cde6,3d8ef3c1,bf7ec428,bd88f6e5,bc86cdea,3d8ef3be,1,1229191

6253,222,96,45,-697,2163,15584,-3755,2059,-3355,bf7ea70f,bd990768,bc94c2d1,3d8ab12c,bf7ea710,bd99076a,bc94c2ca,3d8ab12b,1,1237710

6254,244,78,57,-755,2169,15548,-3727,2093,-3369,bf7ebbed,bd890db7,bc99b0bc,3d91529a,bf7ebbec,bd890db6,bc99b0be,3d915297,1,1246228

6255,252,76,73,-821,2168,15540,-3727,2093,-3369,bf7e8f10,bd95b5d1,bcc35638,3d954f86,bf7e8f0f,bd95b5d2,bcc35634,3d954f83,1,1254747

6256,265,86,74,-898,1951,15608,-3745,2087,-3345,bf7eae92,bd849e6c,bcc30959,3d980863,bf7eae93,bd849e6e,bcc30959,3d980861,1,1263266

6257,223,126,49,-753,2103,15587,-3715,2063,-3307,bf7ea3ef,bd921290,bc9f0f0e,3d92aeb5,bf7ea3ef,bd921290,bc9f0f04,3d92aeb2,1,1271784

6258,199,145,23,-764,2128,15578,-3715,2063,-3307,bf7ed048,bd8159f0,bca0f7c2,3d8ef35d,bf7ed048,bd8159ef,bca0f7c3,3d8ef35e,1,1279802

6259,207,135,17,-805,2100,15581,-3739,2051,-3362,bf7eb5e3,bd9174ca,bcad0a5a,3d8a45bb,bf7eb5e4,bd9174c9,bcad0a53,3d8a45bb,1,1288321

6260,194,150,20,-752,2175,15551,-3789,2069,-3320,bf7ec689,bd8d1fb8,bc550162,3d8b4b40,bf7ec689,bd8d1fb8,bc55014e,3d8b4b3e,1,1296839

6261,195,163,27,-688,2136,15588,-3789,2069,-3320,bf7eb632,bd919ec1,bcac4e58,3d8a03f8,bf7eb633,bd919ebe,bcac4e53,3d8a03f9,1,1305358

6262,206,149,35,-731,2029,15594,-3775,2049,-3316,bf7ee1e1,bd829ebd,bc8e0563,3d86fc9d,bf7ee1e0,bd829ebb,bc8e0557,3d86fc9a,1,1313877

6263,182,138,48,-780,2109,15579,-3779,2093,-3418,bf7eb79b,bd8fbffa,bcb673c3,3d8a81e7,bf7eb79b,bd8fbff7,bcb673bc,3d8a81e3,1,1322395

6264,173,144,41,-817,2150,15580,-3825,2061,-3360,bf7ec3ad,bd94965c,bc75bac7,3d83cc35,bf7ec3ad,bd949672,bc75baf7,3d83cc33,1,1330914

6265,175,160,30,-774,2056,15593,-3825,2061,-3360,bf7ed609,bd876a38,bca592a5,3d862c1b,bf7ed60a,bd876a41,bca59275,3d862c1d,1,1339433

6266,163,172,40,-723,2068,15586,-3739,2073,-3415,bf7ecf5c,bd8864af,bc4aa45c,3d8c355e,bf7ecf5e,bd88648a,bc4aa43f,3d8c357e,1,1347951

6267,138,162,43,-734,2182,15561,-3751,2065,-3395,bf7eb159,bd9359c3,bc99dd30,3d8bc3bd,bf7eb157,bd9359bd,bc99dcb1,3d8bc3cd,1,1356470

6268,152,152,41,-835,2127,15555,-3751,2065,-3395,bf7ebd0a,bd86777a,bcc39492,3d9019a6,bf7ebd0c,bd867798,bcc394cd,3d9019b1,1,1364988

6269,152,174,41,-736,2264,15561,-3765,2105,-3364,bf7ea5b4,bd935c99,bc962bb8,3d9133cf,bf7ea5b4,bd935c9f,bc962b88,3d9133df,1,1373507

6270,172,180,54,-661,2168,15579,-3773,2055,-3414,bf7ec4c3,bd8a2d2e,bc388d3b,3d8fa08e,bf7ec4c3,bd8a2d1b,bc388d5e,3d8fa098,1,1381525

6271,197,169,57,-660,2090,15592,-3773,2055,-3414,bf7eb5c1,bd905822,bc9b02f0,3d8ccfd5,bf7eb5c1,bd905830,bc9b02c6,3d8ccfd8,1,1390043

6272,181,141,48,-726,2143,15590,-3755,2101,-3407,bf7ec2c7,bd81f360,bc8cdba4,3d9598a2,bf7ec2c7,bd81f365,bc8cdbc7,3d95989d,1,1398562

6273,168,123,33,-798,2126,15561,-3737,2093,-3441,bf7e9cdc,bd90fa0c,bcad1166,3d95d0d6,bf7e9cdc,bd90fa13,bcad1179,3d95d0d3,1,1407081

6274,171,142,33,-848,2080,15574,-3737,2093,-3441,bf7eaf3a,bd810aed,bcb48253,3d9be8e0,bf7eaf3a,bd810af3,bcb4824b,3d9be8dc,1,1415599

6275,159,164,24,-726,2191,15567,-3733,2143,-3422,bf7e9168,bd8dc197,bc893ac3,3d9fc0e9,bf7e9167,bd8dc197,bc893aad,3d9fc0e9,1,1424118

6276,171,172,27,-668,2205,15568,-3789,2035,-3421,bf7e810c,bd9d0db3,bc841a91,3d980bd9,bf7e810c,bd9d0db5,bc841a98,3d980bda,1,1432636

6277,184,150,32,-704,2118,15590,-3727,2091,-3408,bf7e9cd5,bd8c82c5,bc87ee4b,3d9c5589,bf7e9cd5,bd8c82c7,bc87ee43,3d9c558a,1,1441155

6278,186,132,25,-764,2184,15549,-3727,2091,-3408,bf7e747c,bd982e4e,bcb8170d,3d9ebb96,bf7e747d,bd982e4d,bcb81717,3d9ebb99,1,1449674

6279,187,139,15,-856,2127,15589,-3773,2077,-3405,bf7e9778,bd87521e,bcafa488,3da090a8,bf7e9779,bd87521e,bcafa47c,3da090aa,1,1458192

6280,185,170,-3,-790,2139,15584,-3793,2031,-3445,bf7e87e3,bd96c834,bca777c8,3d995988,bf7e87e4,bd96c834,bca777c1,3d99598a,1,1466711

6281,185,198,-1,-686,2233,15567,-3793,2031,-3445,bf7e978b,bd9af9a7,bc564bd3,3d91dd66,bf7e978a,bd9af9a7,bc564bc9,3d91dd66,1,1474729

6282,201,188,-3,-673,2194,15570,-3765,2057,-3444,bf7eae62,bd8c2f8a,bc8b1690,3d952447,bf7eae61,bd8c2f8b,bc8b1693,3d952447,1,1483748

6283,213,162,-9,-682,2119,15550,-3733,1999,-3419,bf7ea326,bd9a5586,bc8e0c2b,3d8b7a1d,bf7ea326,bd9a5587,bc8e0c30,3d8b7a1e,1,1491766

6284,205,142,-15,-721,2076,15574,-3733,1999,-3419,bf7ece9d,bd8a21a2,bc9cdd1f,3d879231,bf7ece9d,bd8a21a3,bc9cdd1b,3d879232,1,1500285

6285,184,135,-23,-748,2106,15595,-3771,2079,-3441,bf7ebd57,bd8280a8,bc9a93fc,3d969493,bf7ebd58,bd8280a5,bc9a93c7,3d969492,1,1508803

6286,173,138,-12,-768,2092,15556,-3735,2109,-3423,bf7e9066,bd92ddda,bca3f8b9,3d99da4f,bf7e9066,bd92ddd2,bca3f908,3d99da4c,1,1517322

6287,169,153,3,-768,2057,15562,-3735,2109,-3423,bf7ea809,bd82bb66,bc9b5fc9,3d9f199e,bf7ea809,bd82bb61,bc9b5fbb,3d9f199a,1,1525840

6288,152,158,18,-737,2038,15620,-3733,2043,-3417,bf7e9944,bd922f79,bc99e8f7,3d97776b,bf7e9944,bd922f75,bc99e8f8,3d977769,1,1534359

6289,124,164,34,-617,2287,15557,-3779,2059,-3480,bf7e8dd6,bd9b809b,bc3fdc59,3d95f89e,bf7e8dd7,bd9b809c,bc3fdc76,3d95f89c,1,1542877

6290,143,142,49,-676,2169,15554,-3763,2049,-3415,bf7ea3d7,bd8ed4c7,bc8d747a,3d96fa53,bf7ea3d8,bd8ed4c8,bc8d7487,3d96fa52,1,1551396

6291,156,120,53,-751,2115,15594,-3763,2049,-3415,bf7e9f9d,bd963413,bcbfd5e8,3d8ddb4f,bf7e9f9d,bd963416,bcbfd5d0,3d8ddb43,1,1559914

6292,152,129,48,-696,2220,15555,-3745,2129,-3371,bf7eb124,bd8aeef8,bc93d2a8,3d949b07,bf7eb126,bd8aeef8,bc93d2a6,3d949aff,1,1568433

6293,161,127,47,-680,2198,15564,-3765,2103,-3437,bf7e8c31,bd953ff7,bc50c1ae,3d9c86a5,bf7e8c31,bd953fef,bc50c1a0,3d9c86a2,1,1576951

6294,163,106,49,-783,2188,15579,-3765,2103,-3437,bf7e8b1e,bd8ccee5,bca10136,3da1b2c8,bf7e8b1d,bd8ccee4,bca10142,3da1b2c4,1,1584969

6295,169,108,41,-854,2162,15562,-3783,2111,-3526,bf7e62f2,bd8d5068,bcd37925,3dad07ca,bf7e62f1,bd8d5068,bcd37915,3dad07ce,1,1593488

6296,172,138,51,-875,2128,15544,-3761,2057,-3430,bf7e61aa,bd99c256,bcaffa62,3da53260,bf7e61a9,bd99c25b,bcaffa74,3da53262,1,1602007

6297,155,178,41,-741,2145,15575,-3761,2057,-3430,bf7e8cb7,bd8cbf78,bc853d45,3da2b2b3,bf7e8cb6,bd8cbf7d,bc853d52,3da2b2b8,1,1610525

6298,153,194,42,-593,2202,15583,-3775,2075,-3447,bf7e7c90,bd9a815e,bc3f8c50,3d9e1d59,bf7e7c90,bd9a815d,bc3f8c0d,3d9e1d5e,1,1619044

6299,160,159,36,-601,2201,15601,-3805,2095,-3397,bf7e9541,bd8a9e18,bc662f51,3da20c75,bf7e9541,bd8a9e1b,bc662f84,3da20c79,1,1627563

6300,168,121,28,-653,2219,15582,-3805,2095,-3397,bf7e7505,bd9b1145,bc8195ff,3d9f16e4,bf7e7505,bd9b1149,bc819601,3d9f16e7,1,1636081

6301,181,98,33,-657,2267,15554,-3757,2087,-3353,bf7e90ba,bd8af3af,bc6633bc,3da388db,bf7e90ba,bd8af3af,bc66342b,3da388de,1,1644600

6302,206,73,61,-767,2284,15564,-3797,2085,-3372,bf7e7141,bd99c5e3,bc939122,3da0dcb5,bf7e7142,bd99c5e7,bc939136,3da0dcb7,1,1653118

6303,241,68,67,-854,2236,15555,-3797,2085,-3372,bf7e7721,bd902bae,bcccff02,3da37a34,bf7e7722,bd902ba5,bcccfef3,3da37a37,1,1661637

6304,270,101,69,-858,2232,15535,-3735,2115,-3369,bf7e6c97,bd9409fc,bc8d9f59,3da8404c,bf7e6c98,bd940a10,bc8d9f61,3da84049,1,1670156

6305,293,143,73,-828,2069,15584,-3771,2029,-3346,bf7e7b87,bd96b9d4,bcbefdbf,3d9cc69d,bf7e7b88,bd96b9c3,bcbefde3,3d9cc698,1,1678674

6306,275,167,69,-815,2020,15582,-3777,2087,-3414,bf7e9e4b,bd863574,bcac0503,3d9f087d,bf7e9e4a,bd863565,bcac04fd,3d9f0876,1,1687193

6307,241,173,24,-754,2030,15597,-3777,2087,-3414,bf7e9b4e,bd91e1f5,bc81ce44,3d984f74,bf7e9b4d,bd91e1fd,bc81ce96,3d984f74,1,1695211

6308,220,180,-8,-704,2234,15568,-3757,2079,-3438,bf7e7034,bd986c37,bcb56713,3da06694,bf7e7034,bd986c30,bcb566cc,3da066d5,1,1703729

6309,225,172,-23,-694,2212,15567,-3763,2107,-3453,bf7e87c8,bd8cebdb,bc849252,3da4806b,bf7e87c8,bd8cebd9,bc8491f2,3da480a6,1,1712248

6310,235,164,-23,-761,2134,15596,-3763,2107,-3453,bf7e7016,bd8cefce,bcc595c0,3da97f92,bf7e7016,bd8cf00e,bcc595a7,3da97f94,1,1720766

6311,233,163,-32,-553,2301,15531,-3713,2065,-3471,bf7e6cfd,bd95b668,bc8b71dc,3da6ba38,bf7e6cfe,bd95b685,bc8b716a,3da6ba3e,1,1729285

6312,249,142,-10,-658,1785,15620,-3723,2087,-3400,bf7e9213,bd848fea,bc87a933,3da7490b,bf7e9214,bd849006,bc87a900,3da74915,1,1737804

6313,199,101,20,-867,1640,15626,-3723,2087,-3400,bf7ea97a,bd6f3b9a,bcb47905,3da57bb0,bf7ea979,bd6f3bc0,bcb478af,3da57bc0,1,1746322

6314,75,128,-2,-621,2628,15489,-3713,2047,-3502,bf7e91ca,bd884aaa,bca3a641,3da2c5b2,bf7e91ca,bd884abf,bca3a5f9,3da2c5c2,1,1754841

6315,150,128,45,-724,2197,15549,-3759,2037,-3346,bf7e80f7,bd97e747,bc98ee25,3d9c0a7f,bf7e80f6,bd97e75c,bc98edff,3d9c0a89,1,1763359

6316,202,122,80,-730,1888,15612,-3759,2037,-3346,bf7ead6d,bd873294,bc9ab3aa,3d9923a1,bf7ead6c,bd8732a8,bc9ab390,3d9923b1,1,1771878

6317,137,102,80,-790,2059,15584,-3783,2077,-3376,bf7e9732,bd959a02,bcb6ddf7,3d92eb0e,bf7e9733,bd959a08,bcb6de3c,3d92eb16,1,1780396

6318,113,110,68,-793,2335,15542,-3741,2081,-3435,bf7e85c6,bd97d8b9,bc79d6df,3d9bb17b,bf7e85c8,bd97d8a6,bc79d6fc,3d9bb174,1,1788915

6319,157,139,77,-812,2219,15544,-3701,2109,-3439,bf7e8963,bd8ba4ed,bca30724,3da340ed,bf7e8965,bd8ba4e3,bca30755,3da340ea,1,1796933

6320,167,160,67,-740,2051,15584,-3701,2109,-3439,bf7e9c86,bd7c080d,bc7e6a7e,3da8c797,bf7e9c85,bd7c081a,bc7e69ef,3da8c790,1,1805452

6321,154,160,45,-666,2206,15570,-3731,2055,-3422,bf7e856a,bd8e91de,bc80bdcd,3da42f83,bf7e856a,bd8e91e4,bc80bdad,3da42f7d,1,1813970

6322,154,144,26,-658,2235,15580,-3747,2077,-3312,bf7e6eff,bd9ea5f2,bc7b9d3b,3d9e279e,bf7e6f00,bd9ea5f8,bc7b9d54,3d9e2797,1,1822489

6323,166,121,25,-812,1940,15608,-3747,2077,-3312,bf7e8de9,bd8ec9f0,bc961690,3d9f8136,bf7e8de8,bd8ec9f4,bc961693,3d9f812f,1,1831007

6324,136,123,6,-672,2300,15541,-3733,2111,-3385,bf7e6c47,bd9b831c,bc56253d,3da32595,bf7e6c48,bd9b831a,bc562514,3da32595,1,1839526

6325,145,121,5,-700,2236,15550,-3713,2111,-3426,bf7e79cd,bd8d0bb0,bc842f1a,3da9bc3e,bf7e79ce,bd8d0bb1,bc842f20,3da9bc3d,1,1848044

6326,180,105,16,-776,2096,15593,-3713,2111,-3426,bf7e71bd,bd86acb7,bcc1db2a,3dae2cb8,bf7e71bc,bd86acb1,bcc1db25,3dae2cb6,1,1856563

6327,168,111,19,-793,2116,15587,-3741,2055,-3355,bf7e692c,bd952af4,bcab3f1b,3da6d1ca,bf7e692d,bd952af2,bcab3f24,3da6d1cb,1,1865082

6328,150,130,23,-786,2216,15538,-3709,2073,-3439,bf7e7c6c,bd91d9ad,bc501a66,3da5e020,bf7e7c6b,bd91d9b6,bc501a63,3da5e01d,1,1873600

6329,161,148,25,-765,2201,15564,-3709,2073,-3439,bf7e6b21,bd95dd54,bcaac60e,3da578e4,bf7e6b21,bd95dd4e,bcaac61c,3da578e6,1,1882119

6330,171,152,13,-716,2096,15595,-3741,2077,-3389,bf7e9291,bd887758,bc80ed87,3da443ef,bf7e9291,bd887759,bc80ed6f,3da443ed,1,1890638

6331,168,158,6,-666,2218,15561,-3731,2089,-3417,bf7e72fc,bd995a34,bc7f50fb,3da1a4b3,bf7e72fc,bd995a35,bc7f5106,3da1a4b2,1,1898656

6332,171,130,-5,-661,2313,15554,-3781,2083,-3394,bf7e6db2,bd94cd16,bc0fcfe1,3da9eaac,bf7e6db4,bd94cd0e,bc0fcf94,3da9ea98,1,1907174

6333,208,104,-6,-777,2105,15567,-3781,2083,-3394,bf7e70e4,bd913a2f,bc8b9a04,3da92da1,bf7e70e6,bd913a2c,bc8b99e2,3da92d8f,1,1915693

6334,215,114,-6,-776,2144,15575,-3739,2053,-3391,bf7e6bd6,bd9ba170,bcb1cd0a,3d9f4c94,bf7e6bd7,bd9ba164,bcb1cd31,3d9f4c8a,1,1924211

6335,192,128,-9,-771,2148,15584,-3761,2037,-3415,bf7e9cd4,bd8d27e6,bc925453,3d9b299e,bf7e9cd5,bd8d27e7,bc925423,3d9b298f,1,1932730

6336,196,133,0,-768,2140,15567,-3761,2037,-3415,bf7e8c45,bd9b289b,bca89562,3d92f52c,bf7e8c44,bd9b2893,bca8959f,3d92f522,1,1941249

6337,185,135,6,-779,2109,15573,-3767,2099,-3377,bf7ea864,bd8acc61,bca12b84,3d97958e,bf7ea865,bd8acc5c,bca12b96,3d979587,1,1949767

6338,180,141,5,-812,2082,15589,-3743,2061,-3350,bf7e99a2,bd978d98,bcc00403,3d8f1528,bf7e99a3,bd978d9c,bcc003e1,3d8f1523,1,1958286

6339,151,159,-7,-775,2146,15566,-3743,2061,-3350,bf7ebbea,bd89f40b,bc973ea4,3d90a2f0,bf7ebbe9,bd89f403,bc973ebe,3d90a2ee,1,1966805

6340,152,167,-5,-672,2253,15548,-3765,2101,-3379,bf7e97a7,bd98a40e,bc6da1cb,3d93b3d8,bf7e97a7,bd98a405,bc6da1cf,3d93b3cf,1,1975323

6341,174,166,11,-670,2201,15563,-3791,2059,-3407,bf7eb23f,bd898787,bc960cd6,3d954c42,bf7eb240,bd898781,bc960cf2,3d954c39,1,1983842

6342,182,145,22,-698,2211,15576,-3791,2059,-3407,bf7e9879,bd99daaf,bc8c03d0,3d90e76c,bf7e987a,bd99daa8,bc8c03d0,3d90e764,1,1991860

6343,186,130,33,-746,2181,15588,-3757,2071,-3378,bf7eb161,bd89b0a1,bc9b74c3,3d952c97,bf7eb162,bd89b09c,bc9b74d6,3d952c90,1,2000378

6344,200,122,46,-809,2138,15573,-3795,2095,-3416,bf7e8598,bd964320,bcc64590,3d988367,bf7e8598,bd964327,bcc64565,3d98835e,1,2008897

6345,191,131,36,-771,2190,15574,-3755,2089,-3373,bf7e9e79,bd8c18dc,bc905a29,3d9b9020,bf7e9e79,bd8c18d4,bc905a31,3d9b901c,1,2017415

6346,196,141,17,-791,2138,15573,-3755,2089,-3373,bf7e7fdd,bd961233,bcc76565,3d9afae3,bf7e7fdf,bd96123e,bcc76538,3d9afade,1,2025934

6347,193,151,16,-768,2183,15562,-3737,2097,-3394,bf7e97c8,bd8b4b8c,bc93fac0,3d9ec67b,bf7e97c8,bd8b4b84,bc93fad2,3d9ec67a,1,2034453

6348,197,164,9,-706,2241,15558,-3743,2097,-3405,bf7e73ff,bd9bad5e,bc829d22,3d9eda03,bf7e7400,bd9bad56,bc829d2d,3d9ed9fe,1,2042971

6349,212,158,5,-703,2157,15581,-3743,2097,-3405,bf7e8ec3,bd8b19ba,bc873de6,3da33588,bf7e8ec2,bd8b19b1,bc873de3,3da33582,1,2051490

6350,217,145,4,-724,2085,15582,-3763,2095,-3421,bf7e7e15,bd92bcb4,bcc23118,3d9f41e7,bf7e7e15,bd92bcd5,bcc230c6,3d9f41e9,1,2060008

6351,198,141,0,-714,2167,15579,-3713,2091,-3393,bf7e925f,bd8ca03b,bc822f72,3da0bbbb,bf7e925e,bd8ca028,bc822f74,3da0bbc8,1,2068527

6352,193,141,12,-747,2179,15574,-3713,2091,-3393,bf7e6e44,bd98c6e5,bcb186fc,3da119f8,bf7e6e44,bd98c6f5,bcb18679,3da119f3,1,2077046

6353,201,145,27,-790,2143,15556,-3741,2051,-3406,bf7e9dd8,bd8a10de,bc924f0a,3d9d821f,bf7e9dd9,bd8a10c6,bc924fa2,3d9d8228,1,2085564

6354,191,152,24,-768,2122,15572,-3771,2053,-3358,bf7e8bd0,bd98beaf,bca463f1,3d95f323,bf7e8bd0,bd98bea7,bca463ba,3d95f32c,1,2094083

6355,178,161,21,-714,2143,15576,-3771,2053,-3358,bf7eb6a9,bd89e639,bc83ba15,3d942691,bf7eb6a9,bd89e62b,bc83ba14,3d942691,1,2102101

6356,167,164,6,-706,2169,15574,-3747,1997,-3386,bf7ea3ce,bd99028c,bc8fb5c0,3d8c866c,bf7ea3cd,bd99027f,bc8fb5b4,3d8c866e,1,2110619

6357,163,149,-3,-731,2178,15572,-3739,2037,-3369,bf7ec77e,bd888419,bca0b84d,3d8c31ee,bf7ec77d,bd888411,bca0b88f,3d8c31e7,1,2119138

6358,173,138,-9,-714,2226,15567,-3753,2101,-3404,bf7ea0ad,bd960e42,bc7f2e20,3d91fea4,bf7ea0ae,bd960e36,bc7f2e1c,3d91fe92,1,2127656

6359,189,135,-4,-692,2234,15559,-3753,2101,-3404,bf7ea8ab,bd87f23a,bc8ad8c7,3d9b62b1,bf7ea8ac,bd87f234,bc8ad8c5,3d9b62a8,1,2136175

6360,208,116,-13,-756,2120,15585,-3711,2107,-3450,bf7e79e9,bd8f666a,bcbac6e0,3da46f88,bf7e79e9,bd8f666f,bcbac6d1,3da46f78,1,2144694

6361,198,122,-21,-766,2170,15578,-3761,2085,-3342,bf7e7d74,bd9745d8,bc811b3c,3d9f64e4,bf7e7d74,bd9745d2,bc811b0f,3d9f64d8,1,2153212

6362,193,126,-29,-737,2204,15574,-3761,2085,-3342,bf7e8e52,bd8add9d,bcb0463f,3da11e8f,bf7e8e52,bd8addab,bcb04664,3da11e85,1,2161731

6363,205,128,-22,-744,2150,15562,-3721,2087,-3415,bf7e82d9,bd95aa7a,bc77c77d,3d9f0449,bf7e82db,bd95aa67,bc77c6dd,3d9f0449,1,2170249

6364,213,133,-5,-780,2124,15572,-3769,2059,-3368,bf7e90f6,bd8f0e99,bcba22e5,3d9b9fba,bf7e90f6,bd8f0eb4,bcba22de,3d9b9fb4,1,2178768

6365,199,131,-10,-749,2092,15595,-3769,2059,-3368,bf7ea8bf,bd90969f,bc790e14,3d9424ff,bf7ea8be,bd909671,bc790da7,3d942503,1,2187286

6366,170,140,-3,-735,2194,15565,-3777,2113,-3420,bf7e9e03,bd879021,bca5d09a,3d9e67f4,bf7e9e02,bd87904d,bca5d176,3d9e6802,1,2195805

6367,171,145,10,-758,2192,15581,-3819,2097,-3325,bf7e84cc,bd97ec74,bc99137a,3d9a7155,bf7e84ca,bd97ec90,bc991322,3d9a715e,1,2204324

6368,176,140,23,-733,2157,15568,-3819,2097,-3325,bf7ea47e,bd874be8,bc8efedf,3d9d6b34,bf7ea47c,bd874bfe,bc8eff3e,3d9d6b3f,1,2212341

6369,179,144,20,-726,2134,15576,-3797,2095,-3403,bf7e8519,bd97fac3,bc963c48,3d9a6f83,bf7e8519,bd97fade,bc963be7,3d9a6f8b,1,2220860

6370,176,138,15,-732,2162,15571,-3761,2117,-3387,bf7e9a5c,bd882794,bc8ef87b,3da0bd65,bf7e9a5c,bd8827aa,bc8ef881,3da0bd68,1,2229379

6371,174,130,18,-755,2166,15569,-3727,2073,-3457,bf7e7b15,bd98848a,bc9db7be,3d9d88dd,bf7e7b15,bd98849f,bc9db7e0,3d9d88df,1,2237897

6372,173,135,15,-726,2189,15552,-3727,2073,-3457,bf7e98dd,bd88eaab,bc85df36,3da12cae,bf7e98dd,bd88eabf,bc85df58,3da12cad,1,2246416

6373,180,142,13,-718,2164,15573,-3743,2049,-3348,bf7e84a3,bd9871a7,bc915c15,3d9a75c3,bf7e84a3,bd9871b9,bc915c2f,3d9a75bc,1,2254934

6374,181,145,23,-725,2129,15583,-3719,2057,-3426,bf7ea7e3,bd876d6b,bc926f12,3d9bb9bd,bf7ea7e1,bd876d7c,bc926ef8,3d9bb9ba,1,2263453

6375,173,146,23,-758,2153,15576,-3719,2057,-3426,bf7e8c63,bd97a155,bc9ebf36,3d9735ae,bf7e8c63,bd97a166,bc9ebf46,3d9735ad,1,2271971

6376,166,140,23,-755,2197,15554,-3737,2041,-3474,bf7eb59a,bd870ef5,bc8ec1cd,3d96909b,bf7eb59b,bd870f07,bc8ec1d7,3d9690ad,1,2280490

6377,184,144,23,-731,2169,15584,-3713,2041,-3355,bf7e9d59,bd971730,bc9718a2,3d90f949,bf7e9d59,bd97173f,bc9718aa,3d90f956,1,2289009

6378,184,152,26,-700,2190,15571,-3713,2041,-3355,bf7ecb2a,bd88834c,bc6e02da,3d8d20dc,bf7ecb2a,bd88834e,bc6e0365,3d8d20fb,1,2297527

6379,183,137,20,-749,2172,15577,-3757,2075,-3408,bf7ea924,bd93c721,bcaa1218,3d8ddc65,bf7ea925,bd93c732,bcaa122d,3d8ddc7e,1,2306046

6380,186,132,14,-739,2204,15563,-3749,2019,-3427,bf7eaf70,bd9c5b0c,bc77631c,3d848977,bf7eaf71,bd9c5aef,bc776255,3d84898a,1,2314064

6381,196,147,18,-750,2191,15583,-3749,2019,-3427,bf7ec673,bd8ea6f4,bca493b1,3d862631,bf7ec673,bd8ea6f5,bca493f9,3d862639,1,2322582

6382,194,151,14,-679,2228,15563,-3725,2055,-3342,bf7eb709,bd990eeb,bc5c9f05,3d857864,bf7eb709,bd990ed8,bc5c9f16,3d857869,1,2331101

6383,210,138,12,-712,2180,15579,-3739,2115,-3419,bf7ec610,bd8a5f5f,bc8217fb,3d8d016d,bf7ec610,bd8a5f50,bc82181f,3d8d0176,1,2339619

6384,216,128,8,-761,2178,15584,-3731,2075,-3410,bf7ea148,bd94688d,bcb7b152,3d8fa881,bf7ea147,bd9468a1,bcb7b110,3d8fa87b,1,2348138

6385,214,124,4,-768,2193,15552,-3731,2075,-3410,bf7eb696,bd88c77c,bc899231,3d94e32a,bf7eb695,bd88c76d,bc899287,3d94e329,1,2356657

6386,229,143,16,-780,2078,15560,-3743,2057,-3438,bf7ea017,bd9329ee,bcbd5853,3d910058,bf7ea018,bd932a07,bcbd5821,3d91004f,1,2365175

6387,223,154,32,-761,2110,15584,-3763,2059,-3453,bf7ec015,bd86c49e,bc8dd4f5,3d9263a2,bf7ec016,bd86c494,bc8dd55c,3d9263a4,1,2373694

6388,199,164,33,-745,2179,15554,-3763,2059,-3453,bf7e9f85,bd971472,bc9cf9c7,3d8fa284,bf7e9f86,bd971470,bc9cf9ab,3d8fa283,1,2382212

6389,197,173,25,-756,2114,15579,-3753,2091,-3416,bf7eb845,bd86c62c,bc99b817,3d950242,bf7eb844,bd86c629,bc99b820,3d950240,1,2390731

6390,189,177,14,-699,2175,15581,-3751,2067,-3350,bf7e9fb9,bd96fdd7,bc8c9ed0,3d90b1b2,bf7e9fb9,bd96fdd5,bc8c9edb,3d90b1b1,1,2399250

6391,182,163,15,-698,2129,15572,-3751,2067,-3350,bf7ec016,bd861074,bc8db16c,3d930a69,bf7ec016,bd861072,bc8db165,3d930a67,1,2407267

6392,171,147,3,-689,2158,15585,-3747,2051,-3420,bf7ea5d0,bd968ff5,bc8cce28,3d8e6e2e,bf7ea5cf,bd968ff3,bc8cce1b,3d8e6e2c,1,2415786

6393,166,137,-4,-693,2193,15586,-3721,2083,-3513,bf7eb8df,bd871c30,bc86a01c,3d959a3d,bf7eb8de,bd871c2e,bc86a01c,3d959a3c,1,2424305

6394,175,127,2,-730,2196,15561,-3721,2083,-3513,bf7e8cda,bd97035d,bc9bd745,3d97d230,bf7e8cda,bd97035c,bc9bd748,3d97d22d,1,2432823

6395,171,118,11,-758,2184,15579,-3741,2041,-3406,bf7ec168,bd881c58,bc9c7961,3d8f9d0e,bf7ec166,bd881c57,bc9c7959,3d8f9d08,1,2441342

6396,185,142,9,-736,2171,15565,-3783,2065,-3474,bf7ea048,bd98e8a0,bc9522a4,3d8ddf41,bf7ea048,bd98e8a1,bc9522a5,3d8ddf3d,1,2449860

6397,186,145,1,-680,2195,15571,-3737,2045,-3450,bf7ec17b,bd88fae9,bc7d1bbf,3d909781,bf7ec17d,bd88faea,bc7d1bd3,3d90977f,1,2458379

6398,192,125,-4,-680,2191,15579,-3737,2045,-3450,bf7ea2cc,bd992f82,bc8ddd35,3d8ce8ca,bf7ea2cb,bd992f82,bc8ddd3a,3d8ce8c6,1,2466898

6399,196,114,-17,-744,2141,15589,-3745,2053,-3442,bf7ebeb5,bd88b9a1,bc9b5bfc,3d904ccd,bf7ebeb4,bd88b9a1,bc9b5bff,3d904cca,1,2475416

6400,195,109,-14,-779,2191,15560,-3731,2107,-3315,bf7e8c5f,bd97fd68,bca8ec87,3d962a37,bf7e8c5e,bd97fd68,bca8ec7d,3d962a37,1,2483935

6401,207,122,-6,-828,2137,15558,-3731,2107,-3315,bf7ea2ec,bd87cae6,bcaaeb26,3d9be055,bf7ea2eb,bd87cae6,bcaaeb31,3d9be055,1,2492453

6402,196,132,-4,-804,2121,15561,-3735,2041,-3422,bf7e8f63,bd9790d8,bcaa734e,3d95348e,bf7e8f62,bd9790d9,bcaa7354,3d95348f,1,2500972

6403,186,160,0,-711,2164,15574,-3765,2081,-3384,bf7ead85,bd897595,bc8580d8,3d98550c,bf7ead84,bd897597,bc8580d9,3d98550c,1,2509490

6404,182,157,14,-692,2148,15571,-3765,2081,-3384,bf7e8e20,bd99df65,bc91c251,3d950449,bf7e8e20,bd99df69,bc91c241,3d950449,1,2517508

6405,190,139,13,-708,2166,15572,-3739,2067,-3453,bf7eabb0,bd8944da,bc8ba660,3d98ec07,bf7eabb0,bd8944dd,bc8ba66d,3d98ec08,1,2526027

6406,185,138,8,-695,2210,15567,-3763,2039,-3465,bf7e924c,bd99983f,bc8cac51,3d93d220,bf7e924b,bd999841,bc8cac58,3d93d21f,1,2534545

6407,189,136,19,-738,2156,15561,-3763,2039,-3465,bf7eb3e1,bd8921f0,bc9f29ad,3d945fd9,bf7eb3e0,bd8921f1,bc9f29a4,3d945fd9,1,2543064

6408,187,130,20,-752,2145,15566,-3765,2025,-3447,bf7e9fce,bd98d437,bc9e8a1d,3d8d8974,bf7e9fcd,bd98d438,bc9e8a0b,3d8d8974,1,2551583

6409,186,131,22,-744,2193,15557,-3747,2021,-3435,bf7ecf85,bd8888b1,bc92aed8,3d8976e6,bf7ecf86,bd8888b0,bc92aefd,3d8976e8,1,2560101

6410,192,142,24,-748,2159,15566,-3763,2053,-3391,bf7eaf01,bd98935f,bca528f2,3d865057,bf7eaf02,bd989364,bca528c5,3d865056,1,2568620

6411,199,151,26,-747,2151,15582,-3763,2053,-3391,bf7ecedf,bd880eb4,bc98ecc0,3d89cf87,bf7ecee0,bd880eb5,bc98ece4,3d89cf87,1,2577138

6412,197,156,29,-732,2196,15565,-3741,2101,-3384,bf7e9cd6,bd95e274,bc8fe073,3d92e593,bf7e9cd7,bd95e272,bc8fe052,3d92e593,1,2585657

6413,202,149,33,-712,2173,15565,-3741,2083,-3442,bf7eb1e9,bd85e838,bc8c4665,3d9946fa,bf7eb1e8,bd85e835,bc8c467f,3d9946fa,1,2594176

6414,197,147,32,-742,2110,15589,-3741,2083,-3442,bf7e8f08,bd95bb31,bca3b923,3d97a86a,bf7e8f09,bd95bb33,bca3b910,3d97a869,1,2602694

6415,184,140,31,-683,2249,15555,-3745,2079,-3393,bf7e9c9f,bd901169,bc480b06,3d9ade2d,bf7e9ca0,bd901166,bc480aee,3d9ade2e,1,2611213

6416,207,138,38,-681,2208,15577,-3729,2061,-3414,bf7e85cc,bd98d5ed,bc9e30b4,3d98cc45,bf7e85cb,bd98d5e9,bc9e30a6,3d98cc45,1,2619731

6417,224,123,48,-672,2163,15577,-3729,2061,-3414,bf7ea8da,bd8a5687,bc73dc80,3d9a153c,bf7ea8db,bd8a5683,bc73dc74,3d9a153d,1,2627749

6418,226,103,46,-682,2176,15563,-3751,2079,-3394,bf7e87ea,bd99dfa9,bc934330,3d978d4a,bf7e87ea,bd99dfa3,bc934332,3d978d49,1,2636268

6419,240,86,40,-701,2175,15545,-3751,2053,-3347,bf7eb476,bd892ed8,bc866b64,3d959a60,bf7eb476,bd892ed3,bc866b61,3d959a5a,1,2644786

6420,245,75,44,-748,2136,15573,-3751,2053,-3347,bf7e9cce,bd978d20,bca33a2d,3d8fe80d,bf7e9ccd,bd978d1b,bca33a20,3d8fe808,1,2653305

6421,242,75,39,-772,2181,15589,-3747,2081,-3480,bf7eb321,bd87975e,bc9c221e,3d964dd6,bf7eb320,bd87975a,bc9c2219,3d964dd3,1,2661823

6422,243,78,29,-832,2101,15565,-3751,2097,-3407,bf7e8b4e,bd91a9dd,bcd0fd05,3d99b16e,bf7e8b4e,bd91a9e5,bcd0fcde,3d99b167,1,2670342

6423,239,102,12,-832,2155,15579,-3719,2099,-3382,bf7e9f05,bd883c0e,bc9a6fe1,3d9e24df,bf7e9f05,bd883c04,bc9a6ff3,3d9e24de,1,2678860

6424,235,123,-1,-804,2236,15562,-3719,2099,-3382,bf7e7798,bd98c7b1,bca6c6d9,3d9e1ad8,bf7e7799,bd98c7a8,bca6c6d6,3d9e1ad3,1,2687379

6425,263,136,-26,-792,2225,15549,-3771,2063,-3403,bf7ea55a,bd88c8fb,bc8e227a,3d9bd281,bf7ea55a,bd88c8fa,bc8e222a,3d9bd26f,1,2695898

6426,291,140,-38,-795,2166,15557,-3787,2123,-3425,bf7e768f,bd92dcc8,bcbb6986,3da29efb,bf7e768f,bd92dcb0,bcbb699b,3da29ee5,1,2704416

6427,302,154,-62,-821,2030,15612,-3787,2123,-3425,bf7e92ea,bd82a670,bca8558e,3da69d73,bf7e92eb,bd82a65c,bca8557a,3da69d60,1,2712935

6428,267,165,-97,-711,2113,15583,-3765,2073,-3423,bf7e8414,bd91d0f1,bc92d71f,3da0de4c,bf7e8415,bd91d0e1,bc92d72f,3da0de3d,1,2721453

6429,250,140,-130,-640,2062,15573,-3699,2035,-3321,bf7eac0a,bd9190ca,bc55c6cf,3d929fe4,bf7eac0b,bd9190dd,bc55c6ca,3d929fd7,1,2729471

6430,251,111,-108,-711,2088,15585,-3699,2035,-3321,bf7eb3d9,bd8fba52,bcac5be7,3d8d0ba7,bf7eb3d9,bd8fba36,bcac5be2,3d8d0ba8,1,2737990

6431,232,117,-57,-775,2007,15583,-3731,2047,-3429,bf7eda90,bd7d9a98,bca0988d,3d8ca88f,bf7eda90,bd7d9a62,bca09876,3d8ca882,1,2746508

6432,214,151,4,-718,2003,15583,-3763,2077,-3397,bf7ec30c,bd8ef56d,bc91ccdb,3d88c511,bf7ec30b,bd8ef558,bc91cd35,3d88c507,1,2755027

6433,176,152,34,-648,2054,15591,-3763,2077,-3397,bf7ede74,bd7ebbc5,bc74a6dc,3d8cca91,bf7ede75,bd7ebbbe,bc74a62c,3d8cca87,1,2763546

6434,147,122,52,-662,2092,15588,-3727,2061,-3364,bf7ec1e9,bd8fbfb0,bc8894b7,3d891156,bf7ec1e8,bd8fbfa8,bc8894b9,3d89114f,1,2772064

6435,141,101,55,-739,2074,15582,-3771,2031,-3434,bf7ed2cc,bd881f65,bcc37409,3d8478b4,bf7ed2cc,bd881f75,bcc37433,3d8478a7,1,2780583

6436,125,100,53,-766,2126,15579,-3737,2069,-3412,bf7ecae4,bd8e5340,bc8430c8,3d86a04f,bf7ecae4,bd8e531c,bc8430a7,3d86a04d,1,2789101

6437,122,114,59,-780,2151,15558,-3737,2069,-3412,bf7ebc59,bd8a9363,bcc32afa,3d8c8086,bf7ebc59,bd8a939e,bcc32b4b,3d8c8075,1,2797620

6438,127,124,55,-788,2231,15564,-3741,2073,-3403,bf7ea539,bd9773f3,bc95e5fc,3d8d2a32,bf7ea53a,bd9773e7,bc95e50d,3d8d2a3e,1,2806138

6439,145,132,52,-770,2183,15570,-3711,2073,-3351,bf7eb97a,bd87b669,bca30d9f,3d93027b,bf7eb979,bd87b66f,bca30e1a,3d930288,1,2814657

6440,165,141,50,-749,2185,15568,-3711,2073,-3351,bf7e9ad3,bd985e58,bc975309,3d90bacd,bf7e9ad1,bd985e56,bc9752c3,3d90bad6,1,2822675

6441,168,135,33,-707,2229,15573,-3771,2073,-3452,bf7eb1ce,bd891cfc,bc843ffe,3d96ea1d,bf7eb1cd,bd891cf6,bc844008,3d96ea2b,1,2831194

6442,188,127,15,-791,2145,15576,-3735,2069,-3385,bf7e9493,bd9588eb,bcb2343a,3d947919,bf7e9493,bd9588ee,bcb2341e,3d947924,1,2839712

6443,204,127,14,-813,2151,15583,-3735,2069,-3385,bf7eb3f0,bd85439d,bca0a1a1,3d97bd58,bf7eb3f0,bd85439a,bca0a1ce,3d97bd61,1,2848231

6444,205,154,17,-754,2195,15549,-3741,2033,-3392,bf7e9ce4,bd957462,bc9e887d,3d925e1c,bf7e9ce4,bd95745f,bc9e888d,3d925e25,1,2856750

6445,203,161,34,-733,2118,15566,-3779,2051,-3412,bf7ec640,bd84d25b,bc8ee785,3d916af3,bf7ec640,bd84d25b,bc8ee76c,3d916af6,1,2865268

6446,201,150,35,-696,2185,15577,-3779,2051,-3412,bf7eab43,bd9550b5,bc8f06fb,3d8d2a2d,bf7eab42,bd9550b4,bc8f06f8,3d8d2a2f,1,2873787

6447,209,132,35,-777,2063,15568,-3757,2037,-3380,bf7ec931,bd86af13,bcb2a19b,3d8bd6ce,bf7ec932,bd86af14,bcb2a1a6,3d8bd6d0,1,2882305

6448,196,131,40,-754,2157,15582,-3757,2097,-3410,bf7ead5f,bd91b60b,bc82c12b,3d90add0,bf7ead60,bd91b608,bc82c129,3d90add2,1,2890824

6449,190,143,45,-748,2094,15577,-3757,2097,-3410,bf7ebab9,bd8331c0,bc9e8254,3d96d47b,bf7ebab8,bd8331bf,bc9e8268,3d96d47c,1,2899342

6450,192,142,33,-724,2110,15566,-3739,2059,-3427,bf7ea33a,bd937a56,bc9572ff,3d9236ef,bf7ea33b,bd937a55,bc957301,3d9236f1,1,2907861

6451,176,135,22,-769,2097,15577,-3793,2089,-3360,bf7eba72,bd835413,bca51db9,3d966358,bf7eba71,bd835410,bca51db4,3d966358,1,2916380

6452,172,135,17,-746,2181,15577,-3783,2079,-3354,bf7e9ff6,bd93e59f,bc9b76d6,3d92d183,bf7e9ff5,bd93e59d,bc9b76dc,3d92d183,1,2924898

6453,177,150,15,-724,2181,15574,-3783,2079,-3354,bf7ebb8d,bd8529fc,bc77ff8f,3d96c5f0,bf7ebb8e,bd852a01,bc77ff42,3d96c5f0,1,2932916

6454,186,143,18,-738,2149,15576,-3791,2043,-3405,bf7ea31a,bd944971,bc943cb4,3d9186e7,bf7ea319,bd944972,bc943cac,3d9186e6,1,2941435

6455,197,141,34,-762,2091,15571,-3741,2091,-3381,bf7eb948,bd84126b,bc9e053f,3d96b508,bf7eb947,bd84126d,bc9e0546,3d96b507,1,2949953

6456,189,138,27,-744,2162,15560,-3741,2091,-3381,bf7e987f,bd94ee70,bc974c19,3d9542ba,bf7e987f,bd94ee72,bc974c09,3d9542b9,1,2958472

6457,190,141,30,-738,2206,15577,-3767,2069,-3392,bf7eb4c0,bd847118,bc8c8d5b,3d995a2e,bf7eb4c2,bd847116,bc8c8de3,3d995a31,1,2966991

6458,206,135,28,-772,2086,15587,-3711,2083,-3347,bf7e96ef,bd933fec,bcabaab4,3d96370e,bf7e96f1,bd933ffd,bcabaa91,3d963708,1,2975509

6459,203,133,21,-729,2176,15575,-3711,2083,-3347,bf7ead27,bd88cb26,bc6e0bc4,3d99d3cc,bf7ead27,bd88cb14,bc6e0c64,3d99d3ca,1,2984028

6460,207,140,25,-760,2100,15562,-3745,2101,-3347,bf7e93c4,bd8eefbb,bcb6bb5e,3d9ad62d,bf7e93c5,bd8eefd7,bcb6bb68,3d9ad625,1,2992546

6461,206,140,25,-730,2145,15570,-3757,2083,-3436,bf7ea0a7,bd8ce0a1,bc64edeb,3d9b85d6,bf7ea0a6,bd8ce070,bc64ee47,3d9b85dd,1,3001065

6462,199,135,26,-733,2130,15582,-3757,2083,-3436,bf7e8e59,bd8fd542,bcb60ba5,3d9c471b,bf7e8e58,bd8fd596,bcb60b76,3d9c4706,1,3009583

6463,204,131,15,-753,2121,15588,-3759,2079,-3404,bf7ea5de,bd8aeaa3,bc68d896,3d9b0e87,bf7ea5df,bd8ae9fe,bc68da6f,3d9b0eb3,1,3018102

6464,192,133,11,-730,2190,15572,-3777,2067,-3392,bf7e8a59,bd989eb3,bc9a8a53,3d9758ee,bf7e8a58,bd989e7c,bc9a8895,3d975903,1,3026621

6465,203,120,14,-753,2126,15585,-3763,2077,-3388,bf7e8dbf,bd96e716,bc9a991d,3d97a29e,bf7e8dc0,bd96e6e0,bc9a9799,3d97a2b4,1,3035140

6466,201,122,10,-744,2149,15579,-3763,2077,-3388,bf7e9125,bd9532f0,bc9a21b6,3d97ecef,bf7e9126,bd9532b8,bc9a2070,3d97ed05,1,3043158

6467,209,127,1,-742,2189,15557,-3759,1989,-3373,bf7e916d,bd96585f,bc9a7f36,3d96a607,bf7e916c,bd96582a,bc9a7e1a,3d96a620,1,3051676

6468,226,125,0,-758,2147,15564,-3737,2081,-3390,bf7e9490,bd9498aa,bc9a9ce2,3d970d27,bf7e9490,bd949875,bc9a9bf3,3d970d41,1,3060195

6469,231,123,-6,-778,2087,15587,-3737,2081,-3390,bf7e97d7,bd92d30d,bc9ba207,3d9755f4,bf7e97d7,bd92d2da,bc9ba13d,3d97560e,1,3068713

6470,220,129,-10,-726,2187,15570,-3765,2113,-3368,bf7e998f,bd916442,bc99599f,3d98236d,bf7e9990,bd916410,bc9958e7,3d98238d,1,3077232

6471,230,127,3,-771,2158,15567,-3749,2057,-3403,bf7e9a44,bd91e7c3,bc9e44b0,3d97088a,bf7e9a45,bd91e7b9,bc9e43e9,3d9708bc,1,3085751

6472,239,133,0,-724,2173,15595,-3749,2057,-3403,bf7e9cfc,bd91f1e8,bc983be9,3d963c3e,bf7e9cfd,bd91f1ef,bc983b47,3d963c62,1,3094269

6473,239,132,2,-750,2083,15577,-3733,2023,-3386,bf7ea103,bd91c2b5,bc9a6306,3d948f59,bf7ea102,bd91c2bb,bc9a6292,3d948f7f,1,3102788

6474,240,126,-8,-788,2128,15587,-3729,2043,-3358,bf7ea330,bd91ada4,bc9fb792,3d935a4b,bf7ea32f,bd91adac,bc9fb731,3d935a76,1,3111306

6475,234,127,-25,-826,2160,15573,-3729,2043,-3358,bf7ea2f9,bd924b31,bca537e0,3d927444,bf7ea2f8,bd924b37,bca53785,3d927470,1,3119825

6476,240,137,-47,-780,2147,15578,-3765,2073,-3379,bf7ea6ba,bd9083f8,bca40cef,3d92ab58,bf7ea6b9,bd9083fc,bca40caf,3d92ab82,1,3128343

6477,254,146,-46,-775,2030,15603,-3751,2041,-3379,bf7eacab,bd8edbfc,bca45c1b,3d91b04b,bf7eacaa,bd8edc02,bca45be7,3d91b072,1,3136862

6478,240,148,-52,-705,2065,15598,-3783,2049,-3445,bf7eb186,bd8dcd81,bc9eef62,3d90f924,bf7eb185,bd8dcd86,bc9eef33,3d90f949,1,3144880

6479,224,137,-56,-691,2161,15572,-3783,2049,-3445,bf7eb197,bd8eda80,bc9a57c4,3d903831,bf7eb195,bd8eda87,bc9a579e,3d903853,1,3153398

6480,236,112,-24,-742,2084,15594,-3793,2017,-3426,bf7eb337,bd8f9ec6,bc9b8f0b,3d8ea62b,bf7eb337,bd8f9ece,bc9b8eec,3d8ea64e,1,3161917

6481,238,128,4,-763,1976,15592,-3751,1993,-3444,bf7eb7c7,bd8ee973,bc9e3754,3d8d2294,bf7eb7c7,bd8ee97b,bc9e3735,3d8d22b7,1,3170436

6482,214,152,20,-699,2010,15589,-3751,1993,-3444,bf7ebbd9,bd8ed630,bc9bf0ae,3d8b8687,bf7ebbd7,bd8ed636,bc9bf094,3d8b86a8,1,3178954

6483,181,135,30,-727,2010,15577,-3749,1995,-3436,bf7ebf8a,bd8ec996,bc9c4a3f,3d89da55,bf7ebf8a,bd8ec99e,bc9c4a2e,3d89da77,1,3187473

6484,157,116,36,-732,2127,15583,-3725,2045,-3477,bf7ec211,bd8d5b2e,bc99d509,3d8a5583,bf7ec211,bd8d5b35,bc99d4f8,3d8a55a2,1,3195992

6485,161,117,60,-813,1957,15595,-3725,2045,-3477,bf7ec435,bd8bec01,bc9d5611,3d8a8f5c,bf7ec435,bd8bec08,bc9d5600,3d8a8f7b,1,3204510

6486,132,121,60,-799,1987,15594,-3771,2101,-3332,bf7ec59d,bd8a7fdb,bc9f5ed7,3d8b324e,bf7ec59d,bd8a7fe2,bc9f5ec7,3d8b326c,1,3213029

6487,92,133,63,-778,2122,15594,-3753,2061,-3386,bf7ec19d,bd8c4f5d,bca1bc98,3d8b0aae,bf7ec19d,bd8c4f63,bca1bc8b,3d8b0aca,1,3221547

6488,85,148,64,-778,2113,15567,-3753,2061,-3386,bf7ebdd8,bd8dcf54,bca5c624,3d8af38c,bf7ebdd8,bd8dcf58,bca5c621,3d8af3a4,1,3230066

6489,86,156,51,-708,2214,15589,-3771,2049,-3482,bf7ebb62,bd8f435a,bca0afd4,3d8af5d5,bf7ebb62,bd8f435d,bca0afd0,3d8af5ed,1,3238584

6490,102,145,48,-760,2188,15590,-3765,2065,-3443,bf7eb7ac,bd8f9561,bc9dcee0,3d8c872e,bf7eb7ab,bd8f9566,bc9dced2,3d8c8743,1,3246602

6491,119,138,41,-779,2171,15586,-3787,2061,-3435,bf7eb3e9,bd9025ef,bca3a03a,3d8d3ced,bf7eb3e8,bd9025f2,bca3a033,3d8d3cff,1,3255121

6492,130,144,37,-788,2248,15562,-3787,2061,-3435,bf7eaf47,bd91f6ec,bca3c3dd,3d8d72f4,bf7eaf47,bd91f6ef,bca3c3db,3d8d7306,1,3263639

6493,157,143,28,-815,2122,15582,-3777,2053,-3476,bf7eb168,bd907e3b,bca65f7e,3d8dd053,bf7eb166,bd907e3e,bca65f7f,3d8dd063,1,3272158

6494,166,166,8,-740,2194,15565,-3775,2027,-3367,bf7eb07f,bd91ed37,bca40406,3d8cebb0,bf7eb07f,bd91ed3b,bca40407,3d8cebc1,1,3280676

6495,164,166,-3,-752,2123,15581,-3775,2027,-3367,bf7eb3ea,bd9233ae,bca1e574,3d8b3c76,bf7eb3e8,bd9233b1,bca1e57a,3d8b3c85,1,3289195

6496,165,161,-19,-766,2117,15557,-3757,2075,-3449,bf7eb65f,bd90a96c,bca139a3,3d8bc483,bf7eb65f,bd90a970,bca139aa,3d8bc493,1,3297714

6497,159,157,-50,-721,2225,15548,-3787,2081,-3367,bf7eb51a,bd910f75,bc9b0993,3d8c5dc1,bf7eb51b,bd910f79,bc9b0999,3d8c5dd0,1,3306232

6498,185,148,-74,-756,2169,15583,-3787,2081,-3367,bf7eb6af,bd8fa44a,bc9b7a7b,3d8d13bd,bf7eb6af,bd8fa44c,bc9b7a7d,3d8d13ca,1,3314751

6499,199,152,-89,-732,2145,15576,-3725,2033,-3411,bf7eb78c,bd90cac9,bc9a11a2,3d8b9959,bf7eb78c,bd90caca,bc9a119f,3d8b9965,1,3323269

6500,200,145,-94,-659,2295,15559,-3755,2019,-3368,bf7eb66c,bd924553,bc97a1d8,3d8abcce,bf7eb66d,bd924555,bc97a1d4,3d8abcdb,1,3331788

6501,222,115,-72,-770,2167,15585,-3755,2019,-3368,bf7eb6bc,bd93248e,bc9b7f1b,3d8965cd,bf7eb6bc,bd932490,bc9b7f15,3d8965da,1,3339806

6502,249,120,-51,-809,2093,15592,-3745,2007,-3394,bf7eb9cf,bd92835f,bca10919,3d883d79,bf7eb9cf,bd928361,bca10912,3d883d86,1,3348324

6503,240,145,-55,-788,2076,15591,-3787,2063,-3399,bf7ebd72,bd90b870,bca20f14,3d8861a3,bf7ebd72,bd90b872,bca20f0e,3d8861b0,1,3356843

6504,232,156,-80,-728,2087,15575,-3749,2037,-3379,bf7ec32e,bd8f31d2,bc9ed544,3d878bea,bf7ec32e,bd8f31d3,bc9ed542,3d878bf6,1,3365361

6505,208,147,-111,-734,2082,15582,-3749,2037,-3379,bf7ec959,bd8dd4a7,bc9d1057,3d86348f,bf7ec959,bd8dd4a8,bc9d1059,3d86349a,1,3373880

6506,206,144,-107,-686,2155,15573,-3727,2031,-3374,bf7ec97c,bd8f0372,bc9918ca,3d852b5b,bf7ec97c,bd8f0373,bc9918ce,3d852b65,1,3382398

6507,213,141,-70,-690,2184,15561,-3783,2011,-3406,bf7ec8d2,bd9065bd,bc97985a,3d8418bd,bf7ec8d3,bd9065bf,bc979861,3d8418c8,1,3390917

6508,225,132,-20,-699,2096,15573,-3783,2011,-3406,bf7eccc2,bd905bb3,bc96821d,3d824f18,bf7eccc1,bd905bb3,bc96821f,3d824f22,1,3399436

6509,216,130,5,-762,2077,15577,-3759,2043,-3450,bf7ecf70,bd8ebb43,bc994275,3d82969d,bf7ecf6f,bd8ebb43,bc994275,3d8296a7,1,3407954

6510,198,136,7,-769,2099,15568,-3835,2025,-3441,bf7ed02c,bd8ee803,bc9ef718,3d819b42,bf7ed02c,bd8ee804,bc9ef719,3d819b4d,1,3416473

6511,197,142,22,-804,2082,15580,-3835,2025,-3441,bf7ed182,bd8e7b69,bca5133e,3d80f087,bf7ed182,bd8e7b6b,bca5133e,3d80f091,1,3424991

6512,183,162,31,-792,2011,15577,-3761,2033,-3434,bf7ed4d7,bd8cd64c,bca6a464,3d80f970,bf7ed4d7,bd8cd64e,bca6a463,3d80f97a,1,3433510

6513,157,182,44,-740,2059,15581,-3807,2025,-3348,bf7ed718,bd8d5bee,bca3f0e8,3d7efead,bf7ed718,bd8d5bf0,bca3f0eb,3d7efec0,1,3442028

6514,124,187,59,-635,2085,15586,-3807,2025,-3348,bf7ed884,bd8dc6ae,bc9d6b34,3d7dac1f,bf7ed884,bd8dc6b0,bc9d6b38,3d7dac31,1,3450046

6515,116,162,78,-570,2105,15601,-3755,2019,-3411,bf7ed99e,bd8dfe21,bc968d0f,3d7d20a6,bf7ed99e,bd8dfe23,bc968d13,3d7d20b8,1,3458565

6516,114,121,92,-612,2144,15592,-3763,2053,-3383,bf7eda3d,bd8dc363,bc902607,3d7df04c,bf7eda3d,bd8dc366,bc90260a,3d7df05e,1,3467083

6517,103,78,99,-712,2138,15546,-3783,2037,-3382,bf7ed723,bd8f2502,bc953598,3d7d3923,bf7ed724,bd8f2505,bc95359b,3d7d3934,1,3475602

6518,110,63,132,-731,2212,15565,-3783,2037,-3382,bf7ed27b,bd90f397,bc9809b7,3d7d6152,bf7ed27b,bd90f39a,bc9809b8,3d7d6161,1,3484121

6519,125,67,160,-694,2177,15566,-3803,2089,-3395,bf7ed28c,bd8fc9b0,bc9713a6,3d800b9a,bf7ed28c,bd8fc9b2,bc9713a7,3d800ba1,1,3492639

6520,144,48,216,-691,2165,15560,-3751,2057,-3422,bf7ed272,bd8eaa17,bc9534ea,3d817b3d,bf7ed272,bd8eaa19,bc9534ed,3d817b44,1,3501158

6521,160,28,272,-709,2112,15550,-3751,2057,-3422,bf7ed2ce,bd8d2dd5,bc965afb,3d82d7af,bf7ed2ce,bd8d2dd7,bc965b00,3d82d7b6,1,3509676

6522,173,16,286,-695,2166,15622,-3759,2077,-3402,bf7ed0c5,bd8c6384,bc94a640,3d84ca9a,bf7ed0c4,bd8c6385,bc94a646,3d84caa1,1,3518195

6523,173,4,248,-697,2096,15602,-3791,2037,-3370,bf7ecf98,bd8d89f9,bc95a07c,3d841067,bf7ecf98,bd8d89f9,bc95a07b,3d84106e,1,3526713

6524,156,-18,193,-797,2106,15582,-3791,2037,-3370,bf7ecd3b,bd8e2391,bc9da02e,3d83fa6f,bf7ecd3b,bd8e2391,bc9da02c,3d83fa75,1,3535232

6525,132,-48,147,-796,2191,15589,-3813,2047,-3434,bf7ec855,bd8fa104,bca3dc3e,3d8440fa,bf7ec855,bd8fa103,bca3dc3d,3d844100,1,3543751

6526,137,-59,129,-988,2169,15538,-3765,2073,-3448,bf7ec5b5,bd8f6931,bcac4df1,3d8514c2,bf7ec5b5,bd8f6930,bcac4df1,3d8514c8,1,3551769

6527,143,-21,89,-1035,2233,15534,-3765,2073,-3448,bf7ec224,bd8fb8e0,bcb47bd4,3d85c5f8,bf7ec225,bd8fb8e1,bcb47bd5,3d85c5fe,1,3560287

6528,154,37,72,-1114,2059,15580,-3817,2099,-3325,bf7ec14c,bd8eff68,bcbb5627,3d865cd6,bf7ec14b,bd8eff68,bcbb5627,3d865cdb,1,3568806

6529,138,126,67,-988,2102,15581,-3807,2073,-3379,bf7ec070,bd8e52e0,bcc14a7c,3d86f4c1,bf7ec06f,bd8e52e0,bcc14a7d,3d86f4c5,1,3577324

6530,110,187,56,-807,2229,15547,-3789,2053,-3398,bf7ebdf7,bd8fd431,bcbc72a3,3d86f4b4,bf7ebdf7,bd8fd432,bcbc72a5,3d86f4b8,1,3585843

6531,127,191,78,-796,2142,15587,-3789,2053,-3398,bf7ebfbb,bd8f727e,bcb56260,3d872230,bf7ebfbb,bd8f727f,bcb56262,3d872234,1,3594362

6532,137,185,77,-696,2204,15595,-3781,2037,-3398,bf7ebf3f,bd90582d,bcaefa53,3d86eea3,bf7ebf3f,bd90582e,bcaefa54,3d86eea7,1,3602880

6533,146,157,107,-748,2197,15564,-3821,2115,-3449,bf7ebf6c,bd8f55c8,bcab8c83,3d8832b0,bf7ebf6a,bd8f55c8,bcab8c84,3d8832b3,1,3611399

6534,163,126,144,-778,2178,15582,-3821,2115,-3449,bf7ebf25,bd8e304b,bca9d3c1,3d89a7e8,bf7ebf25,bd8e304c,bca9d3c4,3d89a7ec,1,3619918

6535,170,122,150,-809,2180,15560,-3747,2071,-3342,bf7eb941,bd8fa160,bcab7349,3d8ac082,bf7eb941,bd8fa161,bcab734e,3d8ac086,1,3628436

6536,163,112,127,-817,2206,15546,-3785,2093,-3354,bf7eb56d,bd8f681d,bcabd88e,3d8cb271,bf7eb56d,bd8f681e,bcabd893,3d8cb275,1,3636955

6537,166,110,112,-861,2239,15558,-3785,2093,-3354,bf7eafaf,bd905386,bcafd3fe,3d8e0ad9,bf7eafaf,bd905387,bcafd404,3d8e0add,1,3645473

6538,189,131,102,-870,2124,15587,-3809,2049,-3358,bf7eaf79,bd90ac87,bcb593f7,3d8d5420,bf7eaf7a,bd90ac8a,bcb593fb,3d8d5424,1,3653491

6539,187,146,81,-873,2067,15593,-3819,2087,-3338,bf7eb1ac,bd8f0946,bcb6e892,3d8de58f,bf7eb1ab,bd8f0947,bcb6e892,3d8de592,1,3662010

6540,143,151,51,-844,2222,15564,-3819,2087,-3338,bf7ead11,bd90b407,bcb510aa,3d8e6b70,bf7ead11,bd90b408,bcb510a9,3d8e6b73,1,3670528

6541,160,149,39,-850,2209,15567,-3793,2099,-3333,bf7eaad3,bd902bdd,bcb3e2fa,3d900b9e,bf7eaad3,bd902bde,bcb3e2f9,3d900ba1,1,3679047

6542,175,174,26,-907,2127,15567,-3745,2073,-3419,bf7eab27,bd8f08e2,bcb7ea91,3d90b704,bf7eab27,bd8f08e3,bcb7ea90,3d90b707,1,3687565

6543,163,197,12,-833,2116,15591,-3805,2053,-3325,bf7eac44,bd90126e,bcb59180,3d8f5fc5,bf7eac43,bd90126e,bcb5917d,3d8f5fc6,1,3696084

6544,141,199,2,-737,2250,15573,-3805,2053,-3325,bf7eab17,bd917836,bcb0d334,3d8eda99,bf7eab17,bd917837,bcb0d333,3d8eda9a,1,3704603

6545,156,182,8,-740,2206,15539,-3799,2047,-3432,bf7eab15,bd925830,bcaa7e74,3d8e7227,bf7eab15,bd925831,bcaa7e72,3d8e7229,1,3713121

6546,173,153,20,-802,2195,15583,-3771,2107,-3364,bf7eabe4,bd910ac9,bca93faa,3d8f80f1,bf7eabe4,bd910aca,bca93fa8,3d8f80f3,1,3721640

6547,167,161,30,-805,2275,15554,-3771,2107,-3364,bf7ea7ea,bd914587,bca76064,3d912a2c,bf7ea7e9,bd914586,bca76065,3d912a2d,1,3730158

6548,187,159,40,-853,2127,15589,-3817,2081,-3435,bf7ea915,bd8fe225,bcaa971a,3d91cc7b,bf7ea914,bd8fe225,bcaa971d,3d91cc7c,1,3738677

6549,180,169,34,-752,2271,15568,-3823,2045,-3372,bf7ea708,bd91725f,bca8660d,3d914d01,bf7ea709,bd917260,bca86612,3d914d03,1,3747196

6550,192,168,40,-761,2177,15574,-3823,2045,-3372,bf7ea71f,bd929b0b,bca580d2,3d904d5d,bf7ea720,bd929b0b,bca580d5,3d904d5f,1,3755213

6551,197,136,33,-779,2183,15568,-3765,2099,-3432,bf7ea861,bd912b83,bca4587e,3d91474a,bf7ea862,bd912b83,bca45881,3d91474c,1,3763732

6552,204,129,27,-786,2269,15558,-3833,2037,-3438,bf7ea5ea,bd92bf53,bca48437,3d90c2c6,bf7ea5eb,bd92bf53,bca4843b,3d90c2c8,1,3772251

6553,233,124,21,-817,2206,15564,-3833,2037,-3438,bf7ea48c,bd93f11b,bca78c20,3d8fed01,bf7ea48d,bd93f11c,bca78c22,3d8fed02,1,3780769

6554,255,119,21,-821,2189,15570,-3801,2113,-3441,bf7ea60e,bd92553e,bca7ee57,3d90e035,bf7ea60d,bd92553e,bca7ee58,3d90e034,1,3789288

6555,265,129,6,-824,2146,15597,-3785,2075,-3513,bf7ea857,bd9094f2,bca8f713,3d918ce8,bf7ea856,bd9094f2,bca8f714,3d918ce7,1,3797807

6556,253,136,-15,-759,2220,15583,-3781,2055,-3337,bf7ea774,bd91dd5c,bca66787,3d90d6f0,bf7ea775,bd91dd5d,bca66789,3d90d6f1,1,3806325

6557,251,128,-17,-757,2231,15569,-3781,2055,-3337,bf7ea67c,bd93285d,bca3f079,3d9021be,bf7ea67d,bd93285e,bca3f07b,3d9021be,1,3814844

6558,263,118,-24,-817,2100,15558,-3787,2069,-3377,bf7ea9ff,bd9159d0,bca649db,3d903fe9,bf7ea9fe,bd9159d0,bca649db,3d903fe8,1,3823362

6559,260,114,-36,-859,2012,15593,-3791,2061,-3489,bf7ead54,bd8f977a,bca91878,3d905540,bf7ead55,bd8f977b,bca9187a,3d905541,1,3831881

6560,231,125,-43,-800,2135,15574,-3791,2061,-3489,bf7eb037,bd8de380,bca8a68e,3d90c71a,bf7eb036,bd8de380,bca8a68b,3d90c71a,1,3840399

6561,224,138,-36,-747,2182,15566,-3779,2113,-3412,bf7eb073,bd8d137e,bca460ac,3d91c547,bf7eb073,bd8d137e,bca460aa,3d91c547,1,3848918

6562,231,125,-30,-781,2191,15575,-3785,2083,-3482,bf7eac33,bd8e16dc,bca2aa26,3d92c2a3,bf7eac33,bd8e16dc,bca2aa31,3d92c2a4,1,3857437

6563,241,112,-31,-796,2154,15589,-3785,2083,-3482,bf7eab2d,bd8d1684,bca46777,3d940ad8,bf7eab2d,bd8d1684,bca46778,3d940ada,1,3865454

6564,238,109,-32,-838,2097,15564,-3773,2109,-3406,bf7eabe9,bd8baf0c,bca75c22,3d94d9d7,bf7eabe8,bd8baf0b,bca75c22,3d94d9d8,1,3873973

6565,232,112,-18,-854,2179,15551,-3759,2061,-3399,bf7ea946,bd8d1dbf,bcaa3d99,3d946bde,bf7ea946,bd8d1dbe,bcaa3d9b,3d946bdf,1,3882492

6566,228,128,-8,-865,2105,15567,-3759,2061,-3399,bf7ea815,bd8dc35a,bcb03baf,3d93e0d2,bf7ea815,bd8dc35a,bcb03bb0,3d93e0d3,1,3891010

6567,227,144,-7,-822,2042,15596,-3813,2089,-3390,bf7eab9f,bd8bf974,bcafc463,3d941840,bf7eab9d,bd8bf973,bcafc462,3d941840,1,3899529

6568,206,149,-1,-764,2043,15584,-3825,2009,-3347,bf7eac89,bd8d0b25,bcae5d4d,3d92c89f,bf7eac89,bd8d0b25,bcae5d4e,3d92c8a0,1,3908047

6569,177,145,0,-771,2116,15571,-3797,2051,-3360,bf7eac89,bd8e4f35,bcab930e,3d91c3aa,bf7eac8a,bd8e4f36,bcab9311,3d91c3ab,1,3916566

6570,158,128,9,-824,2131,15580,-3797,2051,-3360,bf7eab6c,bd8fb827,bcad43f8,3d90bd0c,bf7eab6d,bd8fb828,bcad43fc,3d90bd0d,1,3925084

6571,151,131,10,-810,2140,15582,-3779,2079,-3387,bf7ead19,bd8e57b9,bcab9491,3d917c6c,bf7ead18,bd8e57b9,bcab9496,3d917c6c,1,3933603

6572,151,136,10,-818,2143,15589,-3785,2025,-3370,bf7eabe5,bd8fd4f8,bcac601c,3d907c35,bf7eabe6,bd8fd4f9,bcac6021,3d907c36,1,3942122

6573,159,134,19,-839,2199,15562,-3785,2025,-3370,bf7ea9e2,bd91652b,bcadb183,3d8fb46a,bf7ea9e2,bd91652b,bcadb187,3d8fb46a,1,3950640

6574,174,145,0,-868,2117,15568,-3767,2125,-3388,bf7eab25,bd8ff61a,bcae7d9c,3d9087a3,bf7eab25,bd8ff61a,bcae7da0,3d9087a3,1,3959159

6575,181,161,-11,-793,2173,15591,-3761,2035,-3397,bf7eaa83,bd915c49,bcac7d76,3d8f8d99,bf7eaa83,bd915c49,bcac7d7a,3d8f8d99,1,3967177

6576,185,167,-4,-752,2196,15541,-3761,2035,-3397,bf7eaa3d,bd92923f,bca862a4,3d8ebee5,bf7eaa3e,bd92923e,bca862a6,3d8ebee6,1,3975695

6577,204,143,2,-837,2150,15572,-3783,2065,-3414,bf7eac30,bd9113e5,bcab9259,3d8f2a11,bf7eac2f,bd9113e3,bcab9259,3d8f2a11,1,3984214

6578,202,140,-4,-899,2119,15557,-3847,2043,-3422,bf7eac45,bd9129c2,bcb20daf,3d8e8b9f,bf7eac45,bd9129c2,bcb20db0,3d8e8b9f,1,3992733

6579,205,164,-3,-831,2214,15546,-3847,2043,-3422,bf7eaa77,bd92ade9,bcb1b9c3,3d8dd219,bf7eaa77,bd92ade9,bcb1b9c4,3d8dd218,1,4001251

6580,207,178,-11,-788,2093,15593,-3757,2093,-3392,bf7ead74,bd910e8f,bcafa791,3d8e4f59,bf7ead74,bd910e8f,bcafa792,3d8e4f58,1,4009770

6581,208,181,-34,-748,2106,15591,-3795,2073,-3394,bf7eb12f,bd8fab10,bcaafe29,3d8e683b,bf7eb12f,bd8fab10,bcaafe2c,3d8e683a,1,4018288

6582,192,165,-34,-757,2165,15592,-3757,2059,-3384,bf7eb241,bd901437,bca4256a,3d8e03b5,bf7eb242,bd901438,bca4256e,3d8e03b5,1,4026807

6583,192,154,-22,-860,2094,15587,-3757,2059,-3384,bf7eb3a8,bd8f14f1,bca99db9,3d8dfe7a,bf7eb3a5,bd8f14ef,bca99db9,3d8dfe78,1,4035325

6584,183,157,-21,-815,2148,15570,-3731,2057,-3388,bf7eb14e,bd8fee01,bcaec73e,3d8dcc36,bf7eb14d,bd8fee06,bcaec730,3d8dcc35,1,4043844

6585,176,176,-15,-809,2086,15603,-3769,2061,-3367,bf7eb5a7,bd8e4294,bcad91a1,3d8d9f55,bf7eb5a6,bd8e4299,bcad9197,3d8d9f55,1,4052363

6586,161,174,-29,-871,1897,15596,-3769,2061,-3367,bf7eb909,bd8cb5b9,bcaf62b7,3d8d82aa,bf7eb908,bd8cb5be,bcaf62ad,3d8d82aa,1,4060381

6587,97,195,-56,-1027,1720,15632,-3789,2021,-3325,bf7ebba6,bd8bc649,bcb375a5,3d8cf1a9,bf7ebba5,bd8bc64e,bcb3759a,3d8cf1a9,1,4068899

6588,-11,237,-127,-868,2112,15560,-3797,2003,-3386,bf7eba2b,bd8daf73,bcb3b240,3d8badac,bf7eba2b,bd8daf78,bcb3b236,3d8badac,1,4077418

6589,-55,243,-218,-1333,252,16584,-3797,2003,-3386,bf7ebd8b,bd8cb2cd,bcb470f4,3d8b1340,bf7ebd8b,bd8cb2d2,bcb470ea,3d8b1340,1,4085937

6590,-293,209,-584,-266,1358,15508,-3795,2053,-3403,bf7ec232,bd8c9428,bcaf188a,3d897b72,bf7ec234,bd8c942e,bcaf1882,3d897b73,1,4094455

6591,-540,65,-1029,286,4452,15270,-3759,2017,-3379,bf7ec118,bd9011ac,bcab7e02,3d86a2ac,bf7ec118,bd9011b1,bcab7df9,3d86a2ac,1,4102974

6592,-156,-82,-543,-825,3527,15264,-3759,2017,-3379,bf7ebe1e,bd92bbf9,bcacf1fa,3d8509ff,bf7ebe1e,bd92bbfe,bcacf1f1,3d8509ff,1,4111492

6593,146,221,-117,-953,2768,15505,-3757,1989,-3358,bf7ebb36,bd947ef3,bcad1f80,3d847566,bf7ebb37,bd947ef9,bcad1f77,3d847567,1,4120011

6594,310,405,41,-274,1930,15621,-3783,2039,-3353,bf7ebf91,bd933828,bca4b1f7,3d847722,bf7ebf90,bd93382c,bca4b1ee,3d847722,1,4128529

6595,257,243,-14,-196,2131,15625,-3783,2039,-3353,bf7ec267,bd92b6d9,bc9cec8b,3d844029,bf7ec266,bd92b6dd,bc9cec82,3d844029,1,4137048

6596,197,18,-32,-843,2341,15512,-3737,2059,-3394,bf7ebdf8,bd93e759,bca26169,3d84a647,bf7ebdf7,bd93e75c,bca26163,3d84a647,1,4145567

6597,212,18,-11,-1185,2167,15541,-3767,2055,-3352,bf7ebcfe,bd93a7e2,bcaa7095,3d84c286,bf7ebcfe,bd93a7e6,bcaa708e,3d84c286,1,4154085

6598,220,185,36,-875,2070,15584,-3751,2075,-3448,bf7ebf4a,bd920061,bcabc389,3d8561a3,bf7ebf4a,bd920065,bcabc382,3d8561a2,1,4162604

6599,173,246,47,-470,2277,15568,-3751,2075,-3448,bf7ec036,bd91db77,bca3e3e4,3d85b714,bf7ec036,bd91db7b,bca3e3dd,3d85b713,1,4170622

6600,162,134,56,-637,2232,15563,-3799,1997,-3410,bf7ebf6b,bd93141b,bc9fe744,3d850df7,bf7ebf6b,bd93141f,bc9fe73c,3d850df6,1,4179140

6601,173,64,58,-947,2217,15549,-3745,2015,-3348,bf7ebd05,bd93d440,bca6db1f,3d84d66b,bf7ebd05,bd93d444,bca6db18,3d84d66a,1,4187659

6602,161,113,51,-933,2167,15544,-3745,2015,-3348,bf7ebbc1,bd942462,bcadc89b,3d848a67,bf7ebbc1,bd942465,bcadc895,3d848a67,1,4196177

6603,154,185,41,-733,2168,15583,-3725,1999,-3323,bf7ebd5c,bd94d43a,bca94d77,3d835bca,bf7ebd5c,bd94d43c,bca94d71,3d835bca,1,4204696

6604,143,185,27,-632,2271,15566,-3737,2017,-3273,bf7ebd3e,bd95cae6,bca35fd9,3d82c91c,bf7ebd3e,bd95cae8,bca35fd2,3d82c91c,1,4213215

6605,148,140,27,-702,2315,15551,-3737,2017,-3273,bf7ebb72,bd974c1f,bca074f2,3d822753,bf7ebb72,bd974c21,bca074eb,3d822753,1,4221733

6606,170,113,42,-716,2376,15528,-3767,2067,-3414,bf7eb937,bd976146,bc9c26de,3d837847,bf7eb938,bd976147,bc9c26da,3d837848,1,4230252

6607,201,106,61,-725,2335,15529,-3735,2039,-3425,bf7eb5f9,bd97f365,bc982bf9,3d84aabe,bf7eb5fa,bd97f365,bc982bf3,3d84aabf,1,4238770

6608,226,91,57,-823,2163,15586,-3735,2039,-3425,bf7eb81b,bd9665ae,bc9c0c81,3d8521d1,bf7eb81c,bd9665af,bc9c0c7c,3d8521d2,1,4247289

6609,210,92,45,-807,2250,15568,-3785,2061,-3376,bf7eb842,bd953a5f,bca09bf3,3d8608a0,bf7eb843,bd953a5f,bca09beb,3d8608a1,1,4255807

6610,201,108,51,-843,2181,15559,-3809,2049,-3420,bf7eb942,bd940634,bca5c9e9,3d867f62,bf7eb941,bd940633,bca5c9e2,3d867f62,1,4264326

6611,196,123,40,-754,2222,15563,-3769,2003,-3400,bf7eb882,bd955143,bca4b88a,3d85803c,bf7eb883,bd955143,bca4b886,3d85803d,1,4272844

6612,193,130,42,-730,2210,15572,-3769,2003,-3400,bf7eb9ab,bd961bfe,bca17fa3,3d844d09,bf7eb9aa,bd961bfd,bca17f9f,3d844d08,1,4280862

6613,201,115,46,-741,2277,15559,-3729,1983,-3481,bf7eb814,bd978632,bca09bcb,3d8384bc,bf7eb815,bd978632,bca09bca,3d8384bc,1,4289381

6614,199,105,48,-841,2234,15555,-3775,2001,-3362,bf7eb74e,bd981939,bca6884e,3d82c44f,bf7eb74e,bd981938,bca6884d,3d82c44e,1,4297899

6615,195,111,30,-869,2246,15545,-3775,2001,-3362,bf7eb661,bd98aac8,bcac9a91,3d821029,bf7eb662,bd98aac7,bcac9a91,3d821029,1,4306418

6616,197,138,26,-768,2239,15566,-3767,2007,-3465,bf7ebad2,bd9750df,bca873de,3d81cf01,bf7ebad1,bd9750dd,bca873dc,3d81ceff,1,4314937

6617,200,147,31,-714,2181,15584,-3819,1995,-3426,bf7ebf0f,bd96c514,bca3985d,3d80be97,bf7ebf10,bd96c513,bca3985d,3d80be96,1,4323455

6618,198,135,23,-721,2333,15541,-3819,1995,-3426,bf7ebd33,bd983c18,bca1aaec,3d8017fc,bf7ebd33,bd983c16,bca1aaeb,3d8017fb,1,4331974

6619,208,97,30,-807,2334,15543,-3729,2013,-3334,bf7eba06,bd999fab,bca5537e,3d7f7225,bf7eba06,bd999fa9,bca5537e,3d7f7224,1,4340493

6620,228,105,40,-876,2268,15537,-3785,1995,-3367,bf7eb932,bd99fe5a,bcabd8eb,3d7e4c98,bf7eb932,bd99fe59,bcabd8eb,3d7e4c98,1,4349011

6621,234,132,35,-820,2188,15566,-3785,1995,-3367,bf7ebde6,bd988df3,bcae7b3f,3d7c9b20,bf7ebde4,bd988df0,bcae7b3f,3d7c9b1d,1,4357530

6622,233,137,44,-751,2206,15572,-3763,2005,-3456,bf7ec240,bd96fe7d,bcaae5db,3d7c92a4,bf7ec240,bd96fe7c,bcaae5db,3d7c92a3,1,4366049

6623,232,134,58,-794,2089,15573,-3765,2041,-3344,bf7ec5cc,bd952f4d,bcab2d71,3d7d4059,bf7ec5cc,bd952f4c,bcab2d72,3d7d4058,1,4374567

6624,212,117,44,-767,2199,15582,-3733,2035,-3332,bf7ec963,bd9398ab,bca87535,3d7dd23f,bf7ec962,bd9398a9,bca87532,3d7dd23c,1,4382585

6625,193,118,53,-773,2233,15547,-3733,2035,-3332,bf7ec707,bd94be35,bca48b3d,3d7e2713,bf7ec708,bd94be36,bca48b42,3d7e2711,1,4391104

6626,191,127,65,-766,2271,15566,-3755,2007,-3378,bf7ec49e,bd964583,bca4903e,3d7cf5e9,bf7ec49f,bd964584,bca4903e,3d7cf5e7,1,4399622

6627,199,132,73,-745,2329,15546,-3781,2031,-3355,bf7ec158,bd97c411,bca1e1dc,3d7d210e,bf7ec158,bd97c411,bca1e1da,3d7d210b,1,4408141

6628,220,116,80,-798,2179,15588,-3781,2031,-3355,bf7ec44c,bd9611d3,bca4714b,3d7dc895,bf7ec44c,bd9611d3,bca47148,3d7dc892,1,4416660

6629,223,114,56,-802,2180,15572,-3781,2047,-3431,bf7ec697,bd9465a5,bca6029f,3d7f295e,bf7ec695,bd9465a4,bca6029b,3d7f2959,1,4425178

6630,206,118,47,-856,2159,15577,-3791,2047,-3403,bf7ec802,bd9303f2,bcaa2f13,3d8020f2,bf7ec802,bd9303f2,bcaa2f12,3d8020f0,1,4433697

6631,187,128,11,-851,2147,15551,-3791,2047,-3403,bf7ec98b,bd91a8ca,bcae13d7,3d8095b5,bf7ec98b,bd91a8ca,bcae13d3,3d8095b3,1,4442215

6632,184,140,-22,-796,2333,15546,-3791,1987,-3338,bf7ec75d,bd934237,bcadefdb,3d7fb3ae,bf7ec75e,bd934237,bcadefd8,3d7fb3ab,1,4450734

6633,213,151,-7,-783,2201,15538,-3825,2077,-3397,bf7ec920,bd91d904,bcabf774,3d80c1d3,bf7ec91f,bd91d903,bcabf76f,3d80c1d1,1,4459252

6634,219,144,4,-762,2185,15581,-3825,2077,-3397,bf7ecafc,bd907891,bca92950,3d819dc7,bf7ecafd,bd907891,bca9294e,3d819dc7,1,4467771

6635,211,144,17,-765,2225,15543,-3787,2047,-3416,bf7ec7ef,bd91bda4,bca56f6e,3d81fe9d,bf7ec7f0,bd91bda4,bca56f69,3d81fe9d,1,4476289

6636,211,138,30,-762,2211,15570,-3799,2059,-3395,bf7ec7cd,bd90def8,bca235d9,3d834781,bf7ec7ce,bd90def7,bca235d7,3d834781,1,4484307

6637,213,129,35,-780,2175,15555,-3741,2045,-3384,bf7ec723,bd900c08,bca75248,3d841aa7,bf7ec724,bd900c07,bca75246,3d841aa7,1,4492826

6638,212,130,44,-765,2211,15540,-3741,2045,-3384,bf7ec3f9,bd9182ad,bca4c6d1,3d84397d,bf7ec3fa,bd9182ac,bca4c6cf,3d84397d,1,4501344

6639,211,132,45,-774,2084,15598,-3767,2025,-3416,bf7ec87c,bd8fd178,bca5af90,3d83d48c,bf7ec87d,bd8fd177,bca5af8e,3d83d48c,1,4509863

6640,189,137,43,-749,2146,15586,-3787,2005,-3350,bf7ec80f,bd910ee6,bca4f973,3d82baf0,bf7ec810,bd910ee5,bca4f972,3d82baf0,1,4518382

6641,171,128,54,-786,2243,15548,-3787,2005,-3350,bf7ec59e,bd92a264,bca5da11,3d821747,bf7ec59f,bd92a263,bca5da0f,3d821747,1,4526900

6642,174,112,51,-843,2213,15569,-3797,2061,-3393,bf7ec450,bd91efec,bcab336d,3d83136e,bf7ec450,bd91efea,bcab336c,3d83136e,1,4535419

6643,177,125,49,-900,2156,15575,-3759,2075,-3386,bf7ec485,bd90c65a,bcaf4b51,3d83ecc5,bf7ec485,bd90c658,bcaf4b52,3d83ecc5,1,4543938

6644,164,155,42,-840,2247,15562,-3759,2075,-3386,bf7ec084,bd90e19b,bcb076ee,3d85a1ba,bf7ec085,bd90e19b,bcb076ee,3d85a1ba,1,4552456

6645,165,173,33,-742,2314,15553,-3803,2059,-3368,bf7ebdd3,bd925243,bcac2bd3,3d85b1e8,bf7ebdd4,bd925243,bcac2bd3,3d85b1e8,1,4560975

6646,199,165,33,-768,2199,15582,-3781,2019,-3380,bf7ebd8b,bd9384c7,bca971b9,3d84ba33,bf7ebd8b,bd9384c7,bca971bb,3d84ba31,1,4569493

6647,203,152,33,-782,2183,15570,-3781,2019,-3380,bf7ebf16,bd943c56,bca89ba2,3d833f6b,bf7ebf16,bd943c55,bca89ba1,3d833f69,1,4577511

6648,194,149,21,-778,2230,15580,-3831,2039,-3409,bf7ebfed,bd9498ee,bca28561,3d82e929,bf7ebfed,bd9498ef,bca28564,3d82e927,1,4586030

6649,190,145,17,-753,2249,15572,-3775,2039,-3388,bf7ebef0,bd9506a8,bc9c9248,3d835b38,bf7ebef0,bd9506a7,bc9c924a,3d835b37,1,4594548

6650,199,132,31,-779,2270,15556,-3801,2033,-3404,bf7ebb8a,bd964859,bca0ea77,3d833e8a,bf7ebb8b,bd964859,bca0ea77,3d833e8a,1,4603067

6651,209,130,27,-833,2178,15564,-3801,2033,-3404,bf7ebd77,bd9501d9,bca5e039,3d83608c,bf7ebd78,bd9501d9,bca5e039,3d83608c,1,4611585

6652,208,141,15,-759,2296,15560,-3793,2069,-3367,bf7ebc03,bd94b042,bca1fdb6,3d84bd1f,bf7ebc03,bd94b040,bca1fdb6,3d84bd1d,1,4620104

6653,224,140,17,-790,2176,15568,-3779,2057,-3394,bf7ebe78,bd9302fd,bca34f30,3d8553db,bf7ebe78,bd9302fb,bca34f31,3d8553d9,1,4628622

6654,227,129,21,-836,2109,15587,-3779,2057,-3394,bf7ec0ca,bd916a64,bca67861,3d85b908,bf7ec0ca,bd916a62,bca67863,3d85b906,1,4637141

6655,193,139,25,-851,2194,15557,-3775,2033,-3368,bf7ebe92,bd926429,bcabc057,3d854bf1,bf7ebe93,bd926427,bcabc058,3d854bef,1,4645660

6656,182,156,19,-792,2211,15567,-3789,2037,-3393,bf7ebcef,bd93da20,bca99e2c,3d84a29e,bf7ebcf0,bd93da1f,bca99e2e,3d84a29d,1,4654178

6657,187,170,17,-784,2110,15583,-3789,2037,-3393,bf7ec112,bd922490,bca908a4,3d8496df,bf7ec113,bd92248f,bca908a6,3d8496de,1,4662697

6658,168,167,13,-743,2212,15549,-3767,1993,-3326,bf7ec01d,bd938f48,bca779de,3d8399f4,bf7ec01c,bd938f45,bca779dd,3d8399f2,1,4671215

6659,158,158,6,-717,2320,15550,-3815,2059,-3426,bf7ebdd1,bd948594,bca1ce9d,3d841279,bf7ebdd2,bd948594,bca1ce9f,3d841278,1,4679734

6660,184,144,13,-753,2247,15571,-3815,2059,-3426,bf7ebe6d,bd936a6b,bc9f41e8,3d853491,bf7ebe6d,bd936a6b,bc9f41e9,3d85348e,1,4687752

6661,201,124,14,-746,2191,15590,-3727,2083,-3406,bf7ec026,bd91ee22,bc9e6b43,3d8613bf,bf7ec026,bd91ee22,bc9e6b42,3d8613bc,1,4696270

6662,192,118,20,-800,2235,15554,-3781,2025,-3386,bf7ebd82,bd935b0a,bca19de7,3d8588cb,bf7ebd82,bd935b0a,bca19de5,3d8588c8,1,4704789

6663,203,117,18,-817,2211,15574,-3759,2029,-3336,bf7ebbf2,bd944782,bca6d2fc,3d84da7b,bf7ebbf3,bd944781,bca6d2fd,3d84da78,1,4713308

6664,217,130,12,-782,2227,15554,-3759,2029,-3336,bf7ebb15,bd958e72,bca71107,3d83d07a,bf7ebb14,bd958e70,bca71103,3d83d076,1,4721826

6665,212,136,16,-730,2257,15560,-3753,2065,-3320,bf7ebc9d,bd949558,bca21f42,3d848f10,bf7ebc9d,bd949556,bca21f40,3d848f0c,1,4730345

6666,221,119,19,-796,2149,15563,-3799,2039,-3326,bf7ec03b,bd931f6f,bca619c3,3d8423bd,bf7ec03b,bd931f6e,bca619c5,3d8423b9,1,4738863

6667,209,116,11,-831,2231,15563,-3799,2039,-3326,bf7ebdd3,bd94433c,bcaad481,3d83a607,bf7ebdd3,bd94433a,bcaad483,3d83a604,1,4747382

6668,196,139,0,-859,2239,15554,-3841,2025,-3377,bf7ebbc9,bd95637b,bcaf4212,3d82fef3,bf7ebbca,bd956379,bcaf4213,3d82fef1,1,4755900

6669,197,149,-41,-884,2075,15601,-3825,1985,-3305,bf7ebe8e,bd9532c7,bcb36567,3d8182d1,bf7ebe8d,bd9532c4,bcb36567,3d8182ce,1,4764419

6670,167,172,-68,-796,2262,15541,-3825,1985,-3305,bf7ebdd1,bd96a288,bcb25313,3d804ba7,bf7ebdd1,bd96a285,bcb25314,3d804ba4,1,4772937

6671,163,179,-76,-871,2089,15558,-3765,2025,-3261,bf7ec1ed,bd9531ab,bcb4c8e2,3d7f72ad,bf7ec1ed,bd9531a8,bcb4c8e3,3d7f72a6,1,4781456

6672,147,181,-86,-796,2190,15604,-3787,1987,-3371,bf7ec38c,bd961e92,bcb2693b,3d7c0e45,bf7ec38c,bd961e8f,bcb2693d,3d7c0e3f,1,4789975

6673,133,207,-72,-714,2248,15545,-3787,1987,-3371,bf7ec423,bd973046,bcad1cb4,3d79d0d6,bf7ec423,bd973043,bcad1cb7,3d79d0d0,1,4797992

6674,147,193,-34,-695,2252,15541,-3781,2051,-3373,bf7ec684,bd9647e2,bca74d55,3d7a916b,bf7ec684,bd9647df,bca74d58,3d7a9165,1,4806511

6675,168,176,9,-658,2325,15548,-3787,2061,-3383,bf7ec6ed,bd960d17,bca09a8e,3d7bcb88,bf7ec6ed,bd960d14,bca09a91,3d7bcb82,1,4815030

6676,201,147,55,-671,2261,15565,-3795,2007,-3452,bf7ec7c4,bd966a91,bc9a2789,3d7b15ac,bf7ec7c5,bd966a8f,bc9a278d,3d7b15a7,1,4823548

6677,218,116,70,-726,2197,15583,-3795,2007,-3452,bf7ecc6a,bd94b157,bc9a8d0c,3d7a6876,bf7ecc6b,bd94b155,bc9a8d0f,3d7a6870,1,4832067

6678,218,93,72,-753,2221,15569,-3789,2027,-3410,bf7ecd97,bd937435,bc9feb83,3d7b4c05,bf7ecd97,bd937434,bc9feb89,3d7b4bfe,1,4840585

6679,222,89,72,-830,2252,15535,-3729,1993,-3452,bf7ecab5,bd949736,bca4f243,3d7aba46,bf7ecab5,bd949736,bca4f247,3d7aba3e,1,4849104

6680,231,111,78,-818,2245,15561,-3729,1993,-3452,bf7ec84f,bd95a668,bca9a0c1,3d79de4d,bf7ec84e,bd95a668,bca9a0c5,3d79de44,1,4857623

6681,240,125,91,-833,2088,15577,-3791,2051,-3426,bf7ecaef,bd93e2c3,bcab20f1,3d7b227c,bf7ecaee,bd93e2c3,bcab20f5,3d7b2273,1,4866141

6682,218,137,87,-793,2184,15580,-3745,2031,-3388,bf7ecdd7,bd9221cf,bcab1dc7,3d7c4a3a,bf7ecdd7,bd9221cf,bcab1dc7,3d7c4a33,1,4874660

6683,200,139,79,-841,2200,15560,-3745,2031,-3388,bf7ecbb3,bd9232ed,bcb1d5c3,3d7d215f,bf7ecbb3,bd9232ed,bcb1d5c2,3d7d2159,1,4883178

6684,202,144,60,-805,2207,15571,-3753,2037,-3333,bf7eca7d,bd932f6a,bcad0bcc,3d7ce47e,bf7eca7e,bd932f6b,bcad0bca,3d7ce47a,1,4891697

6685,201,152,43,-770,2171,15563,-3821,2025,-3370,bf7ece9a,bd92b273,bca854ca,3d7aab99,bf7ece99,bd92b271,bca854c7,3d7aab94,1,4899715

6686,198,150,30,-768,2178,15582,-3821,2025,-3370,bf7ed213,bd92afbb,bca5ca4e,3d779193,bf7ed214,bd92afbc,bca5ca4c,3d779190,1,4908233

6687,198,146,20,-762,2200,15583,-3749,2095,-3409,bf7ed382,bd914748,bca4bfe5,3d799481,bf7ed383,bd914749,bca4bfe2,3d79947e,1,4916752

6688,194,144,15,-725,2289,15572,-3773,2003,-3415,bf7ed12c,bd92d6ed,bca30f13,3d7895f2,bf7ed12d,bd92d6ee,bca30f10,3d7895ef,1,4925270

6689,203,126,21,-750,2238,15561,-3837,1963,-3337,bf7ecfe2,bd943379,bca35b4e,3d769e59,bf7ecfe2,bd943379,bca35b4c,3d769e55,1,4933789

6690,222,110,41,-776,2207,15568,-3837,1963,-3337,bf7ecf0e,bd955c42,bca4c720,3d746d72,bf7ecf0f,bd955c42,bca4c71f,3d746d6f,1,4942308

6691,225,112,54,-753,2256,15545,-3817,2069,-3356,bf7ed011,bd940502,bca382bd,3d76d6da,bf7ed011,bd940500,bca382bc,3d76d6d6,1,4950826

6692,231,108,63,-787,2226,15584,-3819,2069,-3366,bf7ed0e5,bd929411,bca4bfbd,3d793507,bf7ed0e5,bd92940f,bca4bfbb,3d793504,1,4959345

6693,239,110,60,-830,2093,15576,-3819,2069,-3366,bf7ed304,bd90e876,bca73942,3d7a87ce,bf7ed304,bd90e874,bca73941,3d7a87cb,1,4967863

6694,222,114,56,-803,2189,15566,-3851,2065,-3371,bf7ed261,bd8fd359,bcaa483a,3d7d24ba,bf7ed261,bd8fd357,bcaa483b,3d7d24b8,1,4976382

6695,209,127,63,-781,2266,15548,-3833,2067,-3301,bf7ece32,bd91666f,bca94da6,3d7dec3d,bf7ece32,bd91666d,bca94da5,3d7dec3b,1,4984900

6696,235,131,63,-828,2056,15581,-3833,2067,-3301,bf7ed0ef,bd8fa953,bcab6cb1,3d7ec63a,bf7ed0ef,bd8fa951,bcab6cb1,3d7ec638,1,4992918

6697,206,125,49,-841,2050,15597,-3817,2065,-3378,bf7ed32d,bd8e0899,bcadace8,3d7fcc74,bf7ed32d,bd8e0897,bcadace9,3d7fcc72,1,5001437

6698,176,131,18,-812,2177,15577,-3771,2065,-3328,bf7ece61,bd8edc44,bcaec3f2,3d81447b,bf7ece61,bd8edc44,bcaec3ed,3d81447a,1,5009956

6699,169,140,2,-843,2154,15568,-3771,2065,-3328,bf7ecce9,bd8e44ca,bcb3981f,3d823a3c,bf7ecce8,bd8e44ca,bcb3981a,3d823a3a,1,5018474

6700,162,162,8,-782,2224,15549,-3825,2121,-3445,bf7ecc7f,bd8d83c2,bcb05845,3d8385e3,bf7ecc7f,bd8d83c3,bcb05844,3d8385e2,1,5026993

6701,176,163,11,-733,2199,15551,-3775,2111,-3441,bf7eccb8,bd8cbdc7,bcabdfcf,3d849c20,bf7eccb8,bd8cbdc8,bcabdfce,3d849c1f,1,5035511

6702,176,147,20,-702,2228,15562,-3775,2091,-3418,bf7ecb6b,bd8cffba,bca5d94e,3d856ff2,bf7ecb6c,bd8cffbb,bca5d94e,3d856ff1,1,5044030

6703,183,123,30,-755,2215,15576,-3775,2091,-3418,bf7ec888,bd8d1f74,bca29bd0,3d86ed30,bf7ec888,bd8d1f74,bca29bcf,3d86ed2f,1,5052549

6704,197,112,36,-870,2128,15576,-3765,2079,-3395,bf7ec730,bd8c88a1,bca8b49b,3d87b442,bf7ec730,bd8c88a1,bca8b49a,3d87b441,1,5061067

6705,186,133,34,-851,2153,15563,-3763,2075,-3493,bf7ec4c1,bd8c12db,bcad2c0e,3d88f75d,bf7ec4c2,bd8c12dc,bcad2c0e,3d88f75d,1,5069586

6706,179,159,30,-780,2234,15574,-3763,2075,-3493,bf7ec0c3,bd8d51fa,bca9b96c,3d89cf4d,bf7ec0c3,bd8d51fb,bca9b96d,3d89cf4c,1,5078104

6707,177,155,36,-785,2156,15573,-3801,2061,-3423,bf7ebd77,bd8ee543,bca7371a,3d89e60f,bf7ebd78,bd8ee544,bca73714,3d89e60f,1,5086623

6708,180,143,32,-764,2266,15560,-3775,2029,-3450,bf7ebaa1,bd908df7,bca62f10,3d898e31,bf7ebaa2,bd908df8,bca62f0a,3d898e31,1,5095142

6709,191,136,15,-770,2211,15571,-3775,2029,-3450,bf7eb888,bd921dbd,bca528ed,3d88f429,bf7eb889,bd921dbe,bca528e9,3d88f429,1,5103159

6710,193,135,11,-763,2183,15567,-3757,2041,-3392,bf7ebad2,bd9266d3,bc9fd58d,3d87fa09,bf7ebad1,bd9266d2,bc9fd58c,3d87fa06,1,5111678

6711,199,129,21,-803,2124,15587,-3783,2051,-3413,bf7ebd3b,bd90deb4,bca3206b,3d883e2a,bf7ebd3a,bd90deb3,bca3206a,3d883e27,1,5120196

6712,181,126,20,-843,2165,15563,-3783,2051,-3413,bf7ebc0a,bd90b29d,bcaa0850,3d88745f,bf7ebc0b,bd90b29e,bcaa0851,3d88745d,1,5128715

6713,173,146,15,-802,2235,15551,-3785,2033,-3340,bf7eb9a1,bd9251f8,bcaa4f37,3d87d3c4,bf7eb9a2,bd9251f9,bcaa4f35,3d87d3c2,1,5137234

6714,179,147,22,-793,2144,15591,-3817,2013,-3423,bf7ebb59,bd92feb0,bcaaa6b2,3d8641d3,bf7ebb59,bd92feb0,bcaaa6b1,3d8641d0,1,5145752

6715,168,149,23,-732,2214,15561,-3769,2023,-3331,bf7ebb26,bd9426ba,bca6b1da,3d85632f,bf7ebb27,bd9426bb,bca6b1da,3d85632c,1,5154271

6716,172,137,19,-760,2230,15566,-3769,2023,-3331,bf7eba5c,bd95812e,bca50b1f,3d84610f,bf7eba5c,bd95812d,bca50b1f,3d84610b,1,5162790

6717,186,127,29,-787,2206,15562,-3767,2035,-3362,bf7ebe20,bd93e937,bca776d4,3d842b0e,bf7ebe20,bd93e936,bca776d4,3d842b0a,1,5171308

6718,182,125,38,-802,2169,15567,-3783,2037,-3346,bf7ec1a8,bd92961b,bcab3c6f,3d83a399,bf7ec1a7,bd92961a,bcab3c74,3d83a395,1,5179827

6719,177,123,42,-841,2156,15565,-3783,2037,-3346,bf7ec2a5,bd920e69,bcb1a165,3d8337d7,bf7ec2a6,bd920e69,bcb1a16b,3d8337d4,1,5188345

6720,159,139,26,-830,2212,15562,-3783,2031,-3439,bf7ebf23,bd93af7d,bcb30347,3d82fb70,bf7ebf24,bd93af7d,bcb3034b,3d82fb6d,1,5196864

6721,170,146,14,-816,2276,15553,-3767,2061,-3380,bf7ebc61,bd93deb7,bcaf82f4,3d846751,bf7ebc61,bd93deb4,bcaf82f7,3d84674d,1,5204882

6722,180,143,-4,-844,2152,15587,-3767,2061,-3380,bf7ebeb0,bd924dc9,bcb0accc,3d84efb3,bf7ebeb0,bd924dc6,bcb0acce,3d84efaf,1,5213400

6723,177,162,-18,-814,2239,15570,-3755,2033,-3287,bf7ebcc6,bd93e18e,bcb01965,3d842667,bf7ebcc7,bd93e18b,bcb0196b,3d842664,1,5221919

6724,181,161,-11,-777,2266,15565,-3769,2023,-3360,bf7ebb53,bd9554c7,bcad2000,3d837670,bf7ebb54,bd9554c4,bcad2008,3d83766d,1,5230437

6725,198,155,3,-814,2125,15576,-3769,2023,-3360,bf7ebff5,bd93adc6,bcae31a9,3d82ffa3,bf7ebff4,bd93adc2,bcae31ad,3d82ff9f,1,5238956

6726,191,166,11,-684,2285,15558,-3753,1999,-3413,bf7ebf35,bd94da27,bca989f2,3d826988,bf7ebf36,bd94da24,bca989f7,3d826986,1,5247475

6727,203,146,17,-687,2235,15562,-3803,2049,-3439,bf7ec130,bd941d3d,bca36071,3d82c67c,bf7ec131,bd941d3a,bca36076,3d82c67a,1,5255993

6728,224,117,9,-772,2119,15581,-3783,2011,-3387,bf7ec64b,bd92cc0b,bca53227,3d81a0a9,bf7ec64a,bd92cc08,bca53231,3d81a0a6,1,5264512

6729,210,108,-4,-801,2194,15573,-3783,2011,-3387,bf7ec56a,bd93e3c0,bca88a42,3d808b5c,bf7ec56a,bd93e3be,bca88a48,3d808b5a,1,5273031

6730,202,120,-9,-812,2229,15562,-3739,2039,-3437,bf7ec589,bd92baca,bcab5400,3d8193a6,bf7ec589,bd92bac8,bcab5406,3d8193a5,1,5281549

6731,202,121,-1,-891,2112,15572,-3815,2063,-3405,bf7ec72d,bd915318,bcaf252b,3d820935,bf7ec72d,bd915316,bcaf2532,3d820934,1,5290068

6732,189,142,-11,-811,2213,15571,-3815,2063,-3405,bf7ec5e9,bd90b1a6,bcad9a4c,3d837aed,bf7ec5e9,bd90b1a5,bcad9a4f,3d837aed,1,5298086

6733,180,160,7,-781,2172,15571,-3801,2005,-3420,bf7ec543,bd9209fa,bcac564f,3d826875,bf7ec543,bd9209f9,bcac5652,3d826875,1,5306604

6734,180,152,18,-784,2125,15583,-3739,2081,-3356,bf7ec77a,bd9082eb,bcab36f0,3d831e89,bf7ec77a,bd9082ea,bcab36f1,3d831e89,1,5315123

6735,159,145,4,-814,2201,15579,-3739,2081,-3356,bf7ec711,bd8f7f03,bcab5f83,3d8469ce,bf7ec712,bd8f7f02,bcab5f81,3d8469d0,1,5323641

6736,153,153,8,-859,2179,15569,-3767,2087,-3361,bf7ec5f8,bd8ea986,bcae84d2,3d8594fe,bf7ec5f8,bd8ea985,bcae84d2,3d8594fe,1,5332160

6737,162,184,19,-807,2162,15581,-3775,2045,-3432,bf7ec2c5,bd9043b1,bcac7f50,3d858c77,bf7ec2c4,bd9043af,bcac7f4c,3d858c77,1,5340679

6738,155,205,35,-703,2202,15577,-3775,2045,-3432,bf7ec2ef,bd90b42e,bca51aa1,3d85949a,bf7ec2ef,bd90b42d,bca51a9f,3d85949a,1,5349197

6739,159,190,33,-651,2198,15594,-3781,2031,-3339,bf7ec312,bd9194d7,bc9f0afc,3d850496,bf7ec311,bd9194d5,bc9f0afa,3d850496,1,5357716

6740,153,159,36,-661,2239,15562,-3789,1989,-3339,bf7ec1d4,bd930889,bc9c9dba,3d8431aa,bf7ec1d5,bd930888,bc9c9db9,3d8431ab,1,5366235

6741,160,115,37,-738,2286,15535,-3789,1989,-3339,bf7ebf99,bd94a0e1,bc9cfcc3,3d837465,bf7ebf99,bd94a0df,bc9cfcc2,3d837466,1,5374753

6742,187,99,27,-825,2240,15571,-3805,2037,-3455,bf7ebdf9,bd947f44,bca41338,3d83d8e9,bf7ebdfa,bd947f44,bca41338,3d83d8ea,1,5383272

6743,194,117,29,-867,2134,15566,-3787,2013,-3340,bf7ebee6,bd9443c2,bcaa83f9,3d832632,bf7ebee7,bd9443c2,bcaa83f9,3d832633,1,5391790

6744,181,134,31,-792,2212,15564,-3787,2027,-3462,bf7ec284,bd92b7f3,bca88078,3d834b89,bf7ec285,bd92b7f3,bca88079,3d834b89,1,5400309

6745,193,146,22,-775,2203,15585,-3787,2027,-3462,bf7ec3ee,bd930f97,bca2bcf5,3d82add5,bf7ec3ef,bd930f94,bca2bcf0,3d82add6,1,5408327

6746,191,147,13,-748,2224,15570,-3821,1979,-3405,bf7ec2dc,bd946fe9,bca27a13,3d81a92c,bf7ec2dc,bd946fe5,bca27a0d,3d81a92d,1,5416845

6747,192,137,28,-761,2249,15561,-3827,2027,-3400,bf7ec0d7,bd95f01e,bca21f42,3d80f3dd,bf7ec0d7,bd95f01b,bca21f39,3d80f3df,1,5425364

6748,201,129,35,-771,2209,15568,-3827,2027,-3400,bf7ec52c,bd946030,bca46ac4,3d807035,bf7ec52b,bd94602d,bca46ac1,3d807035,1,5433882

6749,208,133,35,-749,2206,15561,-3829,1983,-3406,bf7ec4de,bd958836,bca411e9,3d7e8a70,bf7ec4de,bd958833,bca411e7,3d7e8a72,1,5442401

6750,202,123,29,-819,2086,15586,-3791,1993,-3370,bf7ec87b,bd9472bc,bca842b4,3d7cc52b,bf7ec87b,bd9472b9,bca842b4,3d7cc52c,1,5450920

6751,184,120,26,-840,2178,15575,-3791,1993,-3370,bf7ec838,bd952154,bcad0777,3d7a9d68,bf7ec837,bd952150,bcad0776,3d7a9d68,1,5459438

6752,183,142,25,-815,2240,15554,-3789,2005,-3395,bf7ec6a1,bd96712b,bcaf0bab,3d78bd84,bf7ec6a0,bd967127,bcaf0ba6,3d78bd85,1,5467956

6753,194,144,25,-810,2111,15570,-3795,2029,-3370,bf7eca56,bd94b8c8,bcaf5fbd,3d7906a5,bf7eca55,bd94b8c4,bcaf5fb8,3d7906a6,1,5476475

6754,176,162,18,-755,2218,15567,-3795,2029,-3370,bf7eccf7,bd94277d,bca8b78d,3d78d4f3,bf7eccf7,bd94277b,bca8b785,3d78d4f4,1,5484994

6755,173,163,18,-719,2269,15588,-3811,2005,-3381,bf7ecbde,bd957adc,bca509c0,3d7766b6,bf7ecbdf,bd957adc,bca509ba,3d7766b8,1,5493512

6756,188,146,12,-799,2148,15570,-3817,2047,-3381,bf7ece98,bd93db78,bca65396,3d784761,bf7ece97,bd93db77,bca6538f,3d784761,1,5502031

6757,180,141,-3,-769,2215,15545,-3817,1993,-3436,bf7ecdaf,bd952e99,bca69cda,3d75fa5b,bf7ecdb0,bd952e99,bca69cd6,3d75fa5d,1,5510549

6758,183,148,2,-784,2183,15575,-3817,1993,-3436,bf7ed096,bd95125d,bca941bb,3d72c4d1,bf7ed096,bd95125c,bca941b8,3d72c4d2,1,5518567

6759,184,149,13,-776,2182,15564,-3831,2035,-3448,bf7ed373,bd937482,bca89dac,3d73d3f6,bf7ed371,bd937480,bca89da8,3d73d3f5,1,5527086

6760,185,145,11,-732,2249,15562,-3817,2037,-3454,bf7ed3d1,bd931648,bca2a38c,3d75567b,bf7ed3d1,bd931649,bca2a389,3d75567d,1,5535604

6761,186,132,23,-744,2232,15566,-3817,2037,-3454,bf7ed3f1,bd923dda,bc9f581f,3d77c2c2,bf7ed3f0,bd923dda,bc9f581e,3d77c2c3,1,5544123

6762,197,127,39,-746,2242,15553,-3809,2033,-3491,bf7ecfeb,bd92cc15,bc9e30a8,3d7abfc5,bf7ecfeb,bd92cc17,bc9e30ac,3d7abfc6,1,5552641

6763,221,123,51,-754,2237,15552,-3827,2035,-3416,bf7ecba8,bd9433bc,bca0846f,3d7b6777,bf7ecba8,bd9433be,bca08471,3d7b6779,1,5561160

6764,228,112,44,-844,2149,15585,-3827,2035,-3416,bf7ecd2e,bd92ecfd,bca5cf35,3d7bfe89,bf7ecd2e,bd92ecfe,bca5cf36,3d7bfe8b,1,5569678

6765,215,120,20,-822,2156,15589,-3789,2019,-3495,bf7ecf1d,bd91920d,bcaa8a08,3d7c6656,bf7ecf1d,bd91920d,bcaa8a08,3d7c6658,1,5578197

6766,201,139,16,-817,2147,15583,-3851,2035,-3493,bf7ed14d,bd90076b,bcad69d9,3d7d3ce6,bf7ed14c,bd90076a,bcad69d9,3d7d3ce7,1,5586716

6767,180,158,15,-785,2181,15549,-3851,2035,-3493,bf7ecf4f,bd90fc28,bca8430a,3d7def03,bf7ecf4f,bd90fc29,bca84310,3d7def04,1,5595234

6768,179,158,15,-791,2161,15584,-3835,2003,-3449,bf7ecebd,bd922b48,bca99ea5,3d7b8c14,bf7ecebe,bd922b4a,bca99eaa,3d7b8c16,1,5603753

6769,167,157,19,-774,2176,15553,-3799,2015,-3408,bf7ecf82,bd931fb6,bca82f35,3d78c365,bf7ecf83,bd931fb7,bca82f36,3d78c365,1,5612271

6770,162,155,15,-749,2211,15566,-3805,1995,-3372,bf7eceb7,bd947a28,bca6ac55,3d769b0b,bf7eceb8,bd947a28,bca6ac52,3d769b0b,1,5620289

6771,176,151,22,-763,2169,15588,-3805,1995,-3372,bf7ed13d,bd94ca48,bca67fd8,3d73408c,bf7ed13c,bd94ca46,bca67fd3,3d73408a,1,5628808

6772,179,150,37,-718,2209,15565,-3781,2005,-3364,bf7ed331,bd951ff8,bca11731,3d7149dd,bf7ed331,bd951ff9,bca1172e,3d7149dc,1,5637326

6773,174,134,43,-740,2174,15583,-3837,2027,-3380,bf7ed6ef,bd937521,bca0788f,3d718a50,bf7ed6ef,bd937522,bca0788c,3d718a4f,1,5645845

6774,162,130,40,-739,2221,15565,-3837,2027,-3380,bf7ed690,bd946cb0,bc9cbcd0,3d702b47,bf7ed691,bd946cb0,bc9cbccb,3d702b47,1,5654363

6775,176,124,37,-784,2151,15597,-3799,2019,-3368,bf7ed905,bd931798,bca115fa,3d701fbd,bf7ed904,bd931797,bca115f4,3d701fbb,1,5662882

6776,172,119,22,-763,2245,15570,-3741,2041,-3397,bf7ed825,bd923a1f,bca1f4cd,3d72ffc1,bf7ed825,bd923a20,bca1f4d0,3d72ffc0,1,5671401

6777,173,111,26,-821,2209,15557,-3741,2041,-3397,bf7ed72c,bd918836,bca7641f,3d74c3c4,bf7ed72c,bd918836,bca76421,3d74c3c3,1,5679919

6778,178,122,27,-828,2219,15531,-3799,2087,-3325,bf7ed668,bd9092e7,bca9d345,3d776531,bf7ed669,bd9092e8,bca9d347,3d776531,1,5688438

6779,180,137,27,-854,2124,15578,-3815,2015,-3363,bf7ed638,bd90d25e,bcaff5de,3d75ee78,bf7ed638,bd90d25e,bcaff5df,3d75ee76,1,5696957

6780,173,151,31,-751,2244,15558,-3815,2015,-3363,bf7ed451,bd9251ba,bcad34b7,3d74d796,bf7ed452,bd9251bb,bcad34b8,3d74d795,1,5705475

6781,185,152,34,-751,2193,15578,-3771,2015,-3424,bf7ed60e,bd925f7b,bca67d9f,3d7411fb,bf7ed60f,bd925f7b,bca67da0,3d7411fb,1,5713994

6782,192,132,23,-758,2226,15565,-3821,2039,-3364,bf7ed390,bd93593a,bca1fb16,3d75160b,bf7ed390,bd93593b,bca1fb20,3d75160c,1,5722012

6783,184,138,36,-764,2241,15565,-3795,1977,-3369,bf7ed1c9,bd94c7e5,bca2c968,3d735337,bf7ed1ca,bd94c7e6,bca2c971,3d735339,1,5730530

6784,200,135,46,-781,2175,15548,-3795,1977,-3369,bf7ed1f7,bd95939c,bca56234,3d70bd7e,bf7ed1f7,bd95939d,bca5623b,3d70bd7f,1,5739049

6785,190,134,53,-771,2154,15578,-3809,2013,-3458,bf7ed56b,bd93dddc,bca5fa51,3d713636,bf7ed569,bd93dddc,bca5fa52,3d713635,1,5747568

6786,182,138,75,-743,2199,15571,-3769,2051,-3412,bf7ed731,bd926e6c,bca4377e,3d732179,bf7ed731,bd926e6d,bca43780,3d73217a,1,5756086

6787,181,127,100,-784,2208,15560,-3769,2051,-3412,bf7ed752,bd912abf,bca582df,3d75ca97,bf7ed752,bd912ac0,bca582e0,3d75ca97,1,5764605

6788,185,127,118,-802,2117,15580,-3765,2045,-3386,bf7ed8fa,bd8f9cc4,bca7cac3,3d775652,bf7ed8fa,bd8f9cc5,bca7cac3,3d775652,1,5773123

6789,168,138,127,-712,2179,15582,-3789,2091,-3419,bf7ed98b,bd8e7cb3,bca4b10e,3d79dd42,bf7ed98b,bd8e7cb4,bca4b10f,3d79dd42,1,5781642

6790,153,122,117,-822,2131,15583,-3789,2091,-3419,bf7ed97f,bd8d3e99,bca69987,3d7c67bb,bf7ed97f,bd8d3e9a,bca69988,3d7c67bb,1,5790161

6791,142,119,87,-878,2189,15552,-3737,2025,-3438,bf7ed5a2,bd8e787d,bcabfd3b,3d7ca4ad,bf7ed5a3,bd8e787e,bcabfd3e,3d7ca4ae,1,5798679

6792,125,141,55,-951,2185,15542,-3809,2031,-3462,bf7ed26d,bd8f493b,bcb2463b,3d7cf24a,bf7ed26d,bd8f493c,bcb2463e,3d7cf24a,1,5807198

6793,135,191,34,-836,2247,15550,-3809,2031,-3462,bf7ece4b,bd9114be,bcb29257,3d7cf6e8,bf7ece4b,bd9114bf,bcb29258,3d7cf6e8,1,5815215

6794,136,209,27,-742,2229,15559,-3799,2061,-3414,bf7ece42,bd90f524,bcaba914,3d7e7941,bf7ece42,bd90f524,bcaba915,3d7e7942,1,5824235

6795,136,193,16,-700,2236,15564,-3791,2059,-3471,bf7ece5d,bd90ca81,bca4e202,3d7fdcd1,bf7ece5e,bd90ca82,bca4e203,3d7fdcd3,1,5832252

6796,143,161,9,-729,2260,15572,-3773,2067,-3356,bf7ecbbf,bd917f4a,bc9f850c,3d80daef,bf7ecbbf,bd917f4b,bc9f850d,3d80daef,1,5840771

6797,146,154,0,-749,2356,15543,-3773,2067,-3356,bf7ec717,bd932d1e,bc9e502a,3d815809,bf7ec717,bd932d1f,bc9e502b,3d815809,1,5849290

6798,186,149,5,-766,2223,15590,-3799,2069,-3459,bf7ec7e1,bd91dd7d,bc9e79c8,3d826c62,bf7ec7e1,bd91dd7e,bc9e79c6,3d826c62,1,5857808

6799,195,145,0,-784,2162,15554,-3765,2019,-3412,bf7ec7f1,bd924384,bca410e3,3d8182a8,bf7ec7f1,bd924384,bca410e2,3d8182a8,1,5866327

6800,191,152,-6,-744,2234,15560,-3765,2019,-3412,bf7ec634,bd93c043,bca1d0b2,3d80d9a7,bf7ec635,bd93c043,bca1d0af,3d80d9a8,1,5874845

6801,188,151,-7,-797,2156,15557,-3767,2027,-3438,bf7ec8d5,bd92494a,bca53d59,3d80f391,bf7ec8d4,bd924949,bca53d52,3d80f390,1,5883364

6802,185,157,-7,-747,2257,15551,-3769,2021,-3440,bf7ec66a,bd93d992,bca2c6c8,3d808f75,bf7ec669,bd93d990,bca2c6bf,3d808f74,1,5891883

6803,186,161,-5,-760,2254,15542,-3769,2021,-3440,bf7ec37a,bd957825,bca1b80d,3d8038db,bf7ec37b,bd957825,bca1b80d,3d8038db,1,5900401

6804,201,154,4,-786,2240,15550,-3751,2037,-3449,bf7ec487,bd941898,bca395a0,3d8124ca,bf7ec486,bd941897,bca3959d,3d8124c9,1,5908920

6805,203,154,9,-801,2191,15566,-3821,2059,-3493,bf7ec632,bd9294e4,bca4b4fa,3d81f531,bf7ec631,bd9294e3,bca4b4f8,3d81f530,1,5917438

6806,197,163,4,-774,2175,15568,-3821,2059,-3493,bf7ec826,bd910d48,bca41a77,3d82c2cf,bf7ec827,bd910d48,bca41a77,3d82c2d0,1,5925456

6807,191,159,6,-734,2199,15565,-3797,2025,-3438,bf7ec74b,bd925154,bca04b53,3d820f95,bf7ec74b,bd925153,bca04b52,3d820f95,1,5933975

6808,179,160,14,-696,2276,15560,-3759,2069,-3340,bf7ec5d4,bd92a471,bc9a34df,3d82ded6,bf7ec5d5,bd92a471,bc9a34de,3d82ded6,1,5942494

6809,193,154,33,-762,2143,15588,-3753,1987,-3437,bf7ec66f,bd9353db,bc9d4e4c,3d8191df,bf7ec66f,bd9353d9,bc9d4e4a,3d8191de,1,5951012

6810,181,151,34,-721,2256,15561,-3753,1987,-3437,bf7ec497,bd94d690,bc9c6eb1,3d80d034,bf7ec498,bd94d68f,bc9c6eb3,3d80d034,1,5959531

6811,185,136,32,-798,2178,15569,-3771,2019,-3373,bf7ec5e4,bd94427f,bca2a545,3d805ae4,bf7ec5e5,bd94427e,bca2a546,3d805ae3,1,5968049

6812,176,141,25,-800,2260,15549,-3775,2017,-3362,bf7ec32b,bd95b7cf,bca572ed,3d7f93ba,bf7ec32b,bd95b7ce,bca572ed,3d7f93b7,1,5976568

6813,187,143,20,-821,2247,15561,-3775,2017,-3362,bf7ec174,bd969aac,bcaaa77e,3d7e5829,bf7ec174,bd969aab,bcaaa77d,3d7e5826,1,5985086

6814,187,158,18,-741,2256,15574,-3781,1997,-3386,bf7ec1bc,bd979dfe,bca6d0e7,3d7c48df,bf7ec1bc,bd979dfd,bca6d0e9,3d7c48dc,1,5993605

6815,195,166,25,-713,2164,15573,-3763,2035,-3407,bf7ec54f,bd9608ac,bca402e1,3d7cecbe,bf7ec54f,bd9608ab,bca402e3,3d7cecbb,1,6002123

6816,188,142,28,-703,2219,15575,-3763,2035,-3407,bf7ec831,bd94c96a,bc9f7efb,3d7db095,bf7ec831,bd94c969,bc9f7efb,3d7db092,1,6010642

6817,174,115,29,-769,2228,15560,-3763,2003,-3349,bf7ec6e5,bd960ec1,bca1d64f,3d7b9da1,bf7ec6e5,bd960ec0,bca1d64f,3d7b9d9e,1,6019160

6818,186,121,35,-812,2212,15545,-3719,2025,-3410,bf7ec833,bd94c425,bca62602,3d7ca840,bf7ec834,bd94c424,bca62604,3d7ca83e,1,6027679

6819,178,137,38,-776,2234,15580,-3719,2025,-3410,bf7ec9da,bd935816,bca565fb,3d7e708d,bf7ec9da,bd935815,bca565f4,3d7e708a,1,6035697

6820,184,132,39,-765,2223,15557,-3777,2049,-3429,bf7eca99,bd921daa,bca3ce5a,3d8062e3,bf7eca9a,bd921daa,bca3ce57,3d8062e2,1,6044215

6821,184,132,36,-797,2175,15568,-3815,2053,-3441,bf7ecba3,bd90b966,bca6326e,3d814087,bf7ecba2,bd90b965,bca6326a,3d814085,1,6052734

6822,176,139,38,-756,2276,15547,-3787,2055,-3414,bf7ec780,bd922e61,bca3890b,3d81dd29,bf7ec780,bd922e61,bca38906,3d81dd27,1,6061252

6823,176,144,32,-785,2212,15578,-3787,2055,-3414,bf7ec6e4,bd9127a8,bca510a8,3d832f0e,bf7ec6e5,bd9127a9,bca510a8,3d832f0d,1,6069771

6824,187,139,32,-739,2273,15581,-3725,2041,-3467,bf7ec3bb,bd925597,bca0c642,3d83bda7,bf7ec3ba,bd925596,bca0c63f,3d83bda5,1,6078289

6825,188,129,33,-760,2237,15542,-3727,2029,-3436,bf7ebfdb,bd93f909,bca0b202,3d83ca22,bf7ebfdb,bd93f908,bca0b204,3d83ca20,1,6086808

6826,190,121,40,-775,2230,15555,-3727,2029,-3436,bf7ebd8b,bd93d6f6,bca61460,3d84a341,bf7ebd8c,bd93d6f6,bca6145f,3d84a340,1,6095327

6827,195,123,36,-785,2190,15570,-3809,2047,-3385,bf7ec0a6,bd922334,bca6f9d4,3d84f62b,bf7ec0a5,bd922334,bca6f9d4,3d84f629,1,6103845

6828,192,131,39,-808,2156,15573,-3777,2019,-3461,bf7ec22c,bd91e6c1,bcac9efa,3d84098a,bf7ec22c,bd91e6c1,bcac9efc,3d840989,1,6112364

6829,177,139,36,-811,2160,15582,-3777,2019,-3461,bf7ec4ca,bd91ce71,bcafd656,3d829bc2,bf7ec4cb,bd91ce72,bcafd659,3d829bc1,1,6120882

6830,139,149,12,-790,2254,15543,-3761,2047,-3447,bf7ec176,bd92d261,bcab49be,3d8377af,bf7ec177,bd92d260,bcab49bd,3d8377af,1,6129401

6831,140,157,6,-768,2260,15585,-3733,2031,-3422,bf7ebeef,bd9441ca,bca6df98,3d836f92,bf7ebeef,bd9441c8,bca6df96,3d836f92,1,6137419

6832,156,155,15,-784,2172,15588,-3733,2031,-3422,bf7ec22e,bd92a393,bca6cb10,3d83aec4,bf7ec22e,bd92a391,bca6cb0d,3d83aec4,1,6145937

6833,149,155,15,-759,2301,15552,-3811,2077,-3458,bf7ebf67,bd92cf6f,bca30d11,3d851f5f,bf7ebf66,bd92cf6d,bca30d0c,3d851f5e,1,6154456

6834,153,156,16,-806,2258,15536,-3809,2051,-3383,bf7ebb01,bd944d04,bca66569,3d85503e,bf7ebb02,bd944d04,bca66560,3d85503f,1,6162975

6835,176,169,7,-788,2219,15561,-3811,2063,-3382,bf7ebc4e,bd92e8ec,bca5ef69,3d8643fa,bf7ebc4f,bd92e8ec,bca5ef65,3d8643fb,1,6171493

6836,169,176,-2,-728,2249,15558,-3811,2063,-3382,bf7ebbab,bd933b57,bc9f1b04,3d86baba,bf7ebbac,bd933b56,bc9f1aff,3d86baba,1,6180012

6837,168,167,3,-765,2200,15580,-3735,2055,-3398,bf7ebd31,bd91cc1e,bc9f21b0,3d879137,bf7ebd31,bd91cc1c,bc9f21aa,3d879136,1,6188530

6838,163,151,4,-734,2315,15553,-3791,2011,-3464,bf7eba7c,bd937d43,bc9e30da,3d871343,bf7eba7d,bd937d41,bc9e30d4,3d871344,1,6197049

6839,179,156,22,-716,2301,15553,-3791,2011,-3464,bf7eb826,bd951381,bc9c5726,3d86918e,bf7eb827,bd95137f,bc9c571f,3d86918f,1,6205567

6840,201,149,34,-723,2215,15559,-3755,2049,-3432,bf7eba92,bd9392bc,bc99c83d,3d8742b6,bf7eba91,bd9392ba,bc99c834,3d8742b6,1,6214086

6841,194,133,29,-730,2236,15580,-3783,2015,-3462,bf7eb8f8,bd95073c,bc99742e,3d8670e2,bf7eb8f8,bd95073a,bc99742b,3d8670e4,1,6222605

6842,201,119,32,-774,2285,15547,-3783,2015,-3462,bf7eb5f7,bd967b72,bc9c6ce9,3d8607e2,bf7eb5f7,bd967b70,bc9c6ce7,3d8607e4,1,6230623

6843,213,123,42,-838,2165,15560,-3679,2037,-3415,bf7eb7c2,bd950a75,bca07113,3d867e5f,bf7eb7c0,bd950a72,bca07111,3d867e60,1,6239141

6844,203,131,33,-752,2262,15567,-3807,2029,-3451,bf7eb59c,bd96810e,bc9e7a8e,3d86063b,bf7eb59c,bd96810e,bc9e7a93,3d86063e,1,6247660

6845,197,133,19,-770,2215,15555,-3807,2029,-3451,bf7eb914,bd94e54a,bca131bf,3d85f804,bf7eb913,bd94e549,bca131c2,3d85f807,1,6256178

6846,199,133,1,-794,2154,15593,-3757,2069,-3391,bf7ebb78,bd9347ec,bca22c4f,3d868a88,bf7ebb79,bd9347ec,bca22c54,3d868a8c,1,6264697

6847,184,147,4,-791,2247,15539,-3753,2069,-3369,bf7eb971,bd92adb0,bca3d814,3d8806a8,bf7eb971,bd92adaf,bca3d812,3d8806ac,1,6273215

6848,181,154,17,-787,2171,15577,-3779,2019,-3441,bf7eba50,bd936242,bca6933e,3d86a3ea,bf7eba51,bd936242,bca6933b,3d86a3ef,1,6281734

6849,175,159,19,-710,2213,15590,-3779,2019,-3441,bf7ebb2c,bd940c4f,bca0a050,3d85f51c,bf7ebb2d,bd940c4f,bca0a04e,3d85f520,1,6290253

6850,160,152,19,-739,2219,15566,-3791,1997,-3335,bf7eba5c,bd956be9,bca00921,3d84dae3,bf7eba5d,bd956be9,bca00920,3d84dae7,1,6298771

6851,167,135,17,-781,2202,15565,-3785,2039,-3433,bf7ebcad,bd93e6d5,bca24482,3d8546b4,bf7ebcad,bd93e6d4,bca24481,3d8546b7,1,6307290

6852,150,139,12,-735,2346,15556,-3785,2039,-3433,bf7eb920,bd959575,bc9fe0db,3d854702,bf7eb91f,bd959574,bc9fe0da,3d854703,1,6315808

6853,168,138,9,-762,2248,15568,-3817,2021,-3392,bf7eb804,bd96f56a,bca099e2,3d84329b,bf7eb805,bd96f56a,bca099e1,3d84329e,1,6324327

6854,185,137,11,-708,2267,15552,-3751,2083,-3404,bf7eb99a,bd95af5a,bc9dd41b,3d8516fc,bf7eb999,bd95af59,bc9dd419,3d8516fe,1,6332846

6855,199,130,21,-760,2207,15567,-3751,2083,-3404,bf7ebb5e,bd942a79,bc9db4b2,3d85f3c1,bf7ebb5d,bd942a78,bc9db4b0,3d85f3c3,1,6340863

6856,189,122,26,-790,2209,15543,-3781,2051,-3407,bf7ebbc6,bd9306ed,bca239d0,3d86abf8,bf7ebbc7,bd9306ed,bca239d1,3d86abfb,1,6349382

6857,186,135,34,-763,2239,15550,-3819,2067,-3440,bf7ebaad,bd924538,bca045e9,3d8826e7,bf7ebaae,bd924538,bca045ed,3d8826ea,1,6357901

6858,181,138,39,-714,2269,15554,-3819,2067,-3440,bf7eb86b,bd92e824,bc9aac99,3d88ed22,bf7eb86b,bd92e823,bc9aac9a,3d88ed23,1,6366419

6859,194,130,43,-757,2223,15584,-3719,2047,-3480,bf7eb818,bd91be92,bc9bea4b,3d8a3951,bf7eb819,bd91be92,bc9bea49,3d8a3953,1,6374938

6860,190,123,30,-779,2246,15559,-3807,2051,-3464,bf7eb3ab,bd93320b,bc9f3547,3d8a7e63,bf7eb3ac,bd93320b,bc9f3542,3d8a7e65,1,6383456

6861,186,129,19,-791,2233,15575,-3829,2079,-3480,bf7eb335,bd9216f6,bca0bc50,3d8bc20c,bf7eb334,bd9216f5,bca0bc4b,3d8bc20d,1,6391975

6862,189,132,17,-761,2266,15567,-3829,2079,-3480,bf7eafd5,bd924168,bc9e37a1,3d8d4b20,bf7eafd4,bd924168,bc9e3798,3d8d4b20,1,6400493

6863,185,131,11,-716,2272,15567,-3755,2041,-3459,bf7ead6f,bd93b5f7,bc9ad1b4,3d8d1877,bf7ead6f,bd93b5f8,bc9ad1b0,3d8d1878,1,6409012

6864,199,125,25,-729,2247,15565,-3765,2025,-3433,bf7eabcb,bd952e78,bc99c216,3d8c5bac,bf7eabcc,bd952e79,bc99c212,3d8c5bad,1,6417530

6865,213,121,34,-789,2183,15566,-3765,2025,-3433,bf7ead81,bd94a66e,bca00339,3d8bb588,bf7ead80,bd94a66e,bca00333,3d8bb588,1,6426049

6866,198,116,35,-747,2241,15583,-3765,2027,-3503,bf7ead43,bd95845c,bc9b0890,3d8b3e88,bf7ead44,bd958460,bc9b0895,3d8b3e88,1,6434568

6867,191,129,42,-781,2242,15564,-3769,2005,-3402,bf7eabd4,bd96c9b0,bc9d9e68,3d8a5876,bf7eabd5,bd96c9b3,bc9d9e70,3d8a5876,1,6443086

6868,184,134,26,-800,2145,15578,-3769,2005,-3402,bf7eaf17,bd961093,bca22afa,3d894c1e,bf7eaf16,bd961093,bca22afe,3d894c1d,1,6451104

6869,163,140,11,-779,2267,15559,-3815,2059,-3415,bf7eae79,bd951c21,bca1f228,3d8aa261,bf7eae79,bd951c21,bca1f21f,3d8aa261,1,6459623

6870,163,146,-4,-833,2215,15557,-3775,2013,-3398,bf7ead67,bd961ab2,bca674b0,3d89b758,bf7ead67,bd961ab2,bca674a7,3d89b758,1,6468141

6871,168,154,-9,-826,2226,15569,-3775,2013,-3398,bf7eacef,bd971037,bcaa3bae,3d8896cb,bf7eacef,bd971037,bcaa3ba6,3d8896cb,1,6476660

6872,157,176,-18,-752,2250,15570,-3755,2025,-3451,bf7eafc4,bd9694da,bca35cbb,3d8853c6,bf7eafc4,bd9694da,bca35cb3,3d8853c6,1,6485178

6873,164,177,-21,-708,2319,15542,-3761,2015,-3326,bf7eae84,bd980930,bca02775,3d878817,bf7eae84,bd980930,bca0276d,3d878817,1,6493697

6874,174,160,-36,-760,2167,15585,-3803,2025,-3474,bf7eb2c6,bd965ced,bc9fecfe,3d8769b3,bf7eb2c6,bd965ced,bc9fecf7,3d8769b4,1,6502215

6875,161,154,-45,-747,2260,15557,-3803,2025,-3474,bf7eb344,bd9743df,bc9ac878,3d868c5e,bf7eb344,bd9743e0,bc9ac874,3d868c5f,1,6510734

6876,158,152,-21,-805,2227,15549,-3779,2003,-3469,bf7eb36a,bd977eb0,bca0e1e8,3d85c513,bf7eb36a,bd977eb1,bca0e1e4,3d85c514,1,6519253

6877,159,163,-11,-742,2309,15537,-3759,2033,-3444,bf7eb19c,bd981b9d,bc9aef55,3d865ed2,bf7eb19d,bd981b9f,bc9aef53,3d865ed4,1,6527771

6878,180,170,8,-724,2218,15568,-3759,2033,-3444,bf7eb529,bd967952,bc993239,3d86a778,bf7eb528,bd967952,bc993236,3d86a779,1,6536290

6879,178,160,33,-703,2242,15555,-3805,2013,-3408,bf7eb5c8,bd977518,bc963dd7,3d857591,bf7eb5c8,bd977519,bc963dd4,3d857593,1,6544808

6880,166,140,28,-706,2284,15557,-3743,2067,-3404,bf7eb6d3,bd9635d5,bc944b39,3d86807d,bf7eb6d4,bd9635d7,bc944b36,3d86807f,1,6552826

6881,177,141,28,-745,2230,15561,-3743,2067,-3404,bf7eb82b,bd94c51e,bc953d6a,3d8765ec,bf7eb82c,bd94c520,bc953d68,3d8765ed,1,6561345

6882,174,140,30,-758,2273,15551,-3741,2087,-3418,bf7eb7c7,bd93ad00,bc962e28,3d88b59b,bf7eb7c8,bd93ad02,bc962e26,3d88b59c,1,6569863

6883,178,138,32,-754,2271,15557,-3783,2063,-3452,bf7eb40a,bd93a6cd,bc98d366,3d8a48ee,bf7eb40a,bd93a6cc,bc98d363,3d8a48ee,1,6578382

6884,187,136,46,-743,2244,15557,-3783,2063,-3452,bf7eb2c7,bd92c606,bc988590,3d8bcff6,bf7eb2c7,bd92c605,bc988588,3d8bcff7,1,6586900

6885,189,134,52,-751,2260,15571,-3723,2045,-3485,bf7ead62,bd940655,bc99cca2,3d8cdbdf,bf7ead62,bd940655,bc99cc9c,3d8cdbdf,1,6595419

6886,192,137,51,-774,2219,15574,-3749,2043,-3442,bf7eac80,bd939fae,bca0585a,3d8d391f,bf7eac81,bd939fb1,bca05857,3d8d3920,1,6603937

6887,189,133,28,-727,2225,15547,-3771,2125,-3469,bf7ead80,bd9252c1,bc9e646c,3d8e4238,bf7ead81,bd9252c4,bc9e646a,3d8e4239,1,6612456

6888,171,124,12,-754,2302,15555,-3771,2125,-3469,bf7eac42,bd91924e,bc9cb7dc,3d8fb179,bf7eac42,bd91924f,bc9cb7da,3d8fb17a,1,6620975

6889,181,121,14,-868,2206,15552,-3783,2047,-3433,bf7ea9db,bd925561,bca30d38,3d8f8b52,bf7ea9db,bd925561,bca30d37,3d8f8b53,1,6629493

6890,182,143,11,-825,2274,15556,-3793,2023,-3383,bf7ea76f,bd93e1c2,bca4b941,3d8ee8d6,bf7ea770,bd93e1c2,bca4b940,3d8ee8d7,1,6638012

6891,174,163,17,-695,2334,15534,-3793,2023,-3383,bf7ea5a3,bd95623f,bca1c2c9,3d8e5c27,bf7ea5a4,bd95623f,bca1c2c8,3d8e5c28,1,6646030

6892,197,158,16,-650,2269,15559,-3751,2037,-3415,bf7ea645,bd95d589,bc9b1625,3d8e1125,bf7ea644,bd95d588,bc9b1623,3d8e1125,1,6654548

6893,204,130,21,-704,2230,15586,-3777,1959,-3475,bf7ea5f4,bd971230,bc9a37d4,3d8cf42b,bf7ea5f4,bd971230,bc9a37d2,3d8cf42c,1,6663067

6894,201,110,35,-772,2266,15554,-3777,1959,-3475,bf7ea4a2,bd986706,bc9bd92e,3d8c0098,bf7ea4a1,bd986705,bc9bd92d,3d8c0099,1,6671585

6895,202,108,48,-817,2254,15549,-3753,1993,-3420,bf7ea3a3,bd995162,bca07dd1,3d8b2036,bf7ea3a3,bd995162,bca07dd0,3d8b2038,1,6680104

6896,205,128,59,-781,2198,15555,-3787,2033,-3450,bf7ea723,bd979477,bca18eb8,3d8b59a7,bf7ea723,bd979477,bca18eb8,3d8b59a9,1,6688622

6897,201,143,56,-707,2230,15573,-3787,2033,-3450,bf7eaa8c,bd968a22,bc9c0a7d,3d8b504b,bf7eaa8c,bd968a22,bc9c0a7d,3d8b504d,1,6697141

6898,192,131,34,-757,2197,15574,-3777,2045,-3477,bf7ead67,bd94de08,bc9c642b,3d8bc7f1,bf7ead65,bd94de06,bc9c6429,3d8bc7f2,1,6705660

6899,174,117,11,-814,2287,15542,-3819,2027,-3505,bf7eaa11,bd96428d,bca0945f,3d8b82c3,bf7eaa12,bd96428e,bca0945d,3d8b82c5,1,6714178

6900,176,133,8,-862,2224,15551,-3805,2051,-3462,bf7eaa11,bd9575ce,bca661db,3d8bf1dd,bf7eaa10,bd9575ce,bca661d6,3d8bf1dd,1,6722697

6901,173,172,3,-746,2221,15568,-3805,2051,-3462,bf7eacd0,bd9450ee,bca1410a,3d8c4945,bf7eacd1,bd9450ef,bca14107,3d8c4946,1,6731216

6902,167,177,8,-675,2214,15567,-3763,2063,-3438,bf7eaee0,bd9374be,bc9b405a,3d8cae53,bf7eaee1,bd9374bf,bc9b4057,3d8cae54,1,6739734

6903,161,145,14,-695,2282,15573,-3749,2013,-3464,bf7eacfe,bd94ffce,bc98ab1f,3d8c14ef,bf7eacfe,bd94ffcf,bc98ab1c,3d8c14ef,1,6748253

6904,168,122,22,-743,2292,15541,-3749,2013,-3464,bf7eaa42,bd96a73b,bc992f35,3d8b8573,bf7eaa43,bd96a73d,bc992f31,3d8b8573,1,6756271

6905,182,118,32,-775,2226,15569,-3811,2025,-3406,bf7eaabd,bd971ddd,bc9e521d,3d8a6ffe,bf7eaabe,bd971dde,bc9e521c,3d8a6ffe,1,6764789

6906,176,123,30,-720,2251,15560,-3763,2047,-3440,bf7ead13,bd95e3f8,bc9a4d4f,3d8afb4f,bf7ead10,bd95e3f7,bc9a4d4a,3d8afb4c,1,6773308

6907,169,118,24,-715,2263,15562,-3763,2047,-3440,bf7eadce,bd955144,bc94b537,3d8ba361,bf7eadce,bd955145,bc94b533,3d8ba360,1,6781826

6908,168,106,16,-793,2191,15554,-3711,2073,-3451,bf7eaef3,bd93f22e,bc975889,3d8c6617,bf7eaef3,bd93f22f,bc975885,3d8c6616,1,6790345

6909,167,111,10,-845,2237,15553,-3715,2001,-3314,bf7ead04,bd9536be,bc9b86b0,3d8ba58b,bf7ead03,bd9536bf,bc9b86ab,3d8ba589,1,6798864

6910,156,145,5,-820,2292,15556,-3715,2001,-3314,bf7eaabc,bd96b716,bc9df964,3d8ae68c,bf7eaabc,bd96b718,bc9df95f,3d8ae68b,1,6807382

6911,170,162,4,-737,2325,15549,-3767,2047,-3431,bf7ea767,bd97f794,bc9997a0,3d8b5e7d,bf7ea767,bd97f796,bc99979c,3d8b5e7d,1,6815901

6912,182,161,3,-693,2296,15557,-3763,2095,-3372,bf7ea8a9,bd96c80d,bc964ac3,3d8c4e12,bf7ea8a9,bd96c80f,bc964abf,3d8c4e12,1,6824420

6913,193,136,2,-716,2274,15561,-3773,2033,-3481,bf7ea8bb,bd972ea2,bc900107,3d8c411b,bf7ea8bc,bd972ea1,bc9000ff,3d8c411c,1,6832938

6914,205,116,3,-762,2289,15535,-3773,2033,-3481,bf7ea637,bd97b91f,bc9692b5,3d8c61b9,bf7ea637,bd97b91e,bc9692ac,3d8c61b8,1,6841457

6915,209,114,1,-789,2278,15550,-3767,2049,-3392,bf7ea543,bd97530f,bc9d4cf9,3d8cc7ba,bf7ea543,bd97530f,bc9d4cf1,3d8cc7b9,1,6849975

6916,209,127,1,-772,2261,15563,-3773,1991,-3462,bf7ea484,bd98921a,bc9ec483,3d8baae9,bf7ea484,bd98921a,bc9ec47c,3d8baae8,1,6857993

6917,222,143,-2,-722,2299,15554,-3773,1991,-3462,bf7ea41a,bd99ccd7,bc9cc066,3d8aa4e3,bf7ea41a,bd99ccd7,bc9cc05e,3d8aa4e1,1,6866512

6918,230,129,7,-746,2301,15550,-3785,2061,-3416,bf7ea609,bd984a82,bc9b469e,3d8b86cb,bf7ea609,bd984a82,bc9b4697,3d8b86c9,1,6875030

6919,238,109,12,-783,2236,15562,-3751,2025,-3405,bf7ea8ea,bd9741f0,bca0ffb4,3d8aedc7,bf7ea8ea,bd9741f1,bca0ffb0,3d8aedc6,1,6883549

6920,242,120,13,-780,2211,15576,-3751,2025,-3405,bf7eade9,bd95b3c0,bca3875b,3d8a22ef,bf7eade9,bd95b3c1,bca38754,3d8a22ee,1,6892068

6921,241,131,3,-776,2221,15586,-3763,2001,-3436,bf7eae6b,bd96acb6,bca42030,3d88cb48,bf7eae6c,bd96acb8,bca4202c,3d88cb48,1,6900586

6922,233,130,-9,-774,2249,15554,-3739,2067,-3421,bf7eb05d,bd952221,bca32cef,3d89a589,bf7eb05c,bd952222,bca32cec,3d89a588,1,6909105

6923,220,123,4,-783,2239,15545,-3739,2067,-3421,bf7eb17f,bd93b3aa,bca31079,3d8aabb3,bf7eb17f,bd93b3ac,bca31076,3d8aabb2,1,6917623

6924,216,134,6,-749,2222,15559,-3803,2043,-3488,bf7eb2ce,bd934ffe,bc9c9782,3d8af30c,bf7eb2cf,bd934fff,bc9c9782,3d8af30c,1,6926142

6925,221,129,15,-773,2150,15574,-3761,2053,-3466,bf7eb56d,bd919dcf,bc9e1a93,3d8b6e24,bf7eb56c,bd919dcf,bc9e1a92,3d8b6e22,1,6934661

6926,205,130,18,-778,2174,15581,-3793,2051,-3425,bf7eb604,bd90f681,bca4884a,3d8b6040,bf7eb604,bd90f682,bca4884c,3d8b603f,1,6943179

6927,183,137,10,-759,2271,15578,-3793,2051,-3425,bf7eb2e7,bd92996e,bca2b53a,3d8b389b,bf7eb2e6,bd92996f,bca2b53d,3d8b389a,1,6951197

6928,180,133,16,-771,2279,15548,-3781,2045,-3501,bf7eaead,bd943c15,bca19b6c,3d8b8001,bf7eaeae,bd943c17,bca19b72,3d8b8002,1,6960217

6929,184,130,16,-816,2227,15557,-3701,2087,-3428,bf7eaf39,bd92ea9d,bca2dc5a,3d8c8d1a,bf7eaf38,bd92ea9e,bca2dc5b,3d8c8d1a,1,6968234

6930,188,132,25,-763,2321,15551,-3701,2087,-3428,bf7eac28,bd92f475,bca00801,3d8e18c6,bf7eac27,bd92f476,bca00802,3d8e18c6,1,6976753

6931,209,143,34,-778,2246,15533,-3769,2025,-3340,bf7eaa4c,bd9467fa,bca0d61e,3d8d5be6,bf7eaa4d,bd9467fc,bca0d61f,3d8d5be7,1,6985271

6932,217,139,33,-801,2122,15599,-3759,2055,-3444,bf7ead35,bd92b044,bca26077,3d8dbb33,bf7ead36,bd92b046,bca26079,3d8dbb34,1,6993790

6933,192,153,28,-754,2250,15561,-3759,2055,-3444,bf7eaa3b,bd93cc1b,bc9db93d,3d8e3e94,bf7eaa3b,bd93cc1b,bc9db93e,3d8e3e96,1,7002309

6934,189,157,34,-781,2182,15547,-3723,2067,-3432,bf7eabc6,bd92463a,bc9ea02d,3d8f0ffb,bf7eabc6,bd92463a,bc9ea02e,3d8f0ffd,1,7010827

6935,185,155,36,-710,2264,15562,-3749,2063,-3488,bf7eaa16,bd92ac3f,bc987d62,3d8fd1e5,bf7eaa16,bd92ac3f,bc987d63,3d8fd1e7,1,7019346

6936,192,144,33,-689,2292,15559,-3749,2063,-3488,bf7ea78c,bd937d1a,bc930eaf,3d9076a2,bf7ea78c,bd937d1a,bc930eb0,3d9076a4,1,7027864

6937,204,124,35,-782,2185,15556,-3721,2091,-3455,bf7ea86a,bd920e3b,bc952cf5,3d9165db,bf7ea86a,bd920e3b,bc952cf6,3d9165dd,1,7036383

6938,191,119,36,-819,2161,15549,-3789,2081,-3461,bf7ea87d,bd90f99f,bc9a0d61,3d922088,bf7ea87e,bd90f99f,bc9a0d63,3d92208a,1,7044901

6939,178,140,51,-834,2151,15553,-3787,1993,-3415,bf7ea72a,bd922de5,bc9d5fc6,3d9147a7,bf7ea72b,bd922de5,bc9d5fc7,3d9147a8,1,7053420

6940,156,162,45,-708,2241,15556,-3787,1993,-3415,bf7ea5b2,bd93b35a,bc9c05cd,3d9079a9,bf7ea5b2,bd93b359,bc9c05ce,3d9079a9,1,7061438

6941,144,155,51,-709,2157,15588,-3737,2039,-3438,bf7ea9ab,bd929022,bc9772f0,3d902fe9,bf7ea9ab,bd929021,bc9772f0,3d902fe9,1,7069957

6942,131,142,54,-767,2216,15554,-3811,2101,-3373,bf7ea88d,bd919a81,bc98fe9d,3d918b02,bf7ea88e,bd919a81,bc98fe9e,3d918b03,1,7078475

6943,128,136,36,-782,2284,15559,-3811,2101,-3373,bf7ea2b1,bd92b7f0,bc9b35b9,3d92d5db,bf7ea2b1,bd92b7ef,bc9b35c1,3d92d5db,1,7086994

6944,145,139,41,-797,2216,15561,-3775,2045,-3425,bf7ea007,bd940ef2,bc9f67ae,3d925cc7,bf7ea008,bd940ef2,bc9f67b1,3d925cc7,1,7095512

6945,145,149,28,-733,2318,15559,-3741,2065,-3433,bf7e9c76,bd956a82,bc9b170e,3d92d2ff,bf7e9c76,bd956a82,bc9b1710,3d92d2ff,1,7104031

6946,152,143,2,-770,2350,15554,-3741,2065,-3433,bf7e974c,bd970e67,bc9afdad,3d9363c4,bf7e974c,bd970e67,bc9afdb1,3d9363c4,1,7112549

6947,173,138,-4,-819,2304,15536,-3737,2079,-3397,bf7e9505,bd9698ad,bc9f59bb,3d948bf2,bf7e9505,bd9698ad,bc9f59bf,3d948bf1,1,7121068

6948,190,150,-8,-856,2245,15557,-3753,2037,-3346,bf7e93d8,bd976c48,bca4a98f,3d93d91e,bf7e93d9,bd976c49,bca4a993,3d93d91d,1,7129587

6949,189,182,-1,-754,2308,15556,-3753,2037,-3346,bf7e92ba,bd98d3f6,bca1b0d1,3d9315df,bf7e92bb,bd98d3f6,bca1b0d1,3d9315de,1,7138105

6950,202,181,5,-727,2252,15546,-3753,2051,-3415,bf7e9634,bd979a41,bc9c54d6,3d9336bb,bf7e9633,bd979a40,bc9c54d6,3d9336b8,1,7146624

6951,202,166,22,-739,2237,15576,-3753,2027,-3382,bf7e9895,bd983148,bc99ff17,3d91b8ee,bf7e9896,bd983149,bc99ff15,3d91b8ec,1,7155142

6952,207,168,22,-757,2215,15543,-3763,2013,-3400,bf7e9b18,bd988ce0,bc9b8fde,3d90231c,bf7e9b17,bd988cde,bc9b8fe0,3d902319,1,7163661

6953,206,164,3,-742,2182,15573,-3763,2013,-3400,bf7ea0c9,bd978fbb,bc9b28b1,3d8eb00f,bf7ea0c8,bd978fba,bc9b28b3,3d8eb00b,1,7171679

6954,189,161,9,-770,2160,15586,-3787,1969,-3349,bf7ea1fe,bd985a57,bc9c8e6e,3d8d33eb,bf7ea1ff,bd985a57,bc9c8e71,3d8d33e9,1,7180197

6955,162,157,9,-783,2174,15559,-3725,2039,-3380,bf7ea55e,bd96c520,bc9e3072,3d8d449c,bf7ea55d,bd96c51f,bc9e3074,3d8d4499,1,7188716

6956,136,165,12,-811,2213,15555,-3725,2039,-3380,bf7ea6c1,bd95db02,bca35b4d,3d8d3f48,bf7ea6c1,bd95db02,bca35b50,3d8d3f45,1,7197234

6957,132,176,19,-759,2299,15541,-3783,2009,-3366,bf7ea4ca,bd977ebc,bca25790,3d8c73dd,bf7ea4cb,bd977ebc,bca25792,3d8c73db,1,7205753

6958,141,180,25,-689,2317,15544,-3753,2031,-3454,bf7ea437,bd9847b2,bc9b9e93,3d8c574e,bf7ea436,bd9847b0,bc9b9e93,3d8c574b,1,7214272

6959,163,169,27,-732,2244,15564,-3753,2031,-3454,bf7ea81e,bd96c40f,bc98970b,3d8c6a22,bf7ea81d,bd96c40d,bc98970d,3d8c6a1f,1,7222790

6960,153,152,19,-678,2370,15566,-3751,2015,-3409,bf7ea5c5,bd985d72,bc95f383,3d8bedde,bf7ea5c6,bd985d71,bc95f386,3d8beddc,1,7231309

6961,167,147,22,-732,2355,15536,-3763,2019,-3473,bf7ea260,bd9a12b1,bc95ae32,3d8b9ef8,bf7ea260,bd9a12af,bc95ae34,3d8b9ef5,1,7239828

6962,202,145,31,-761,2299,15552,-3763,2019,-3473,bf7ea2ab,bd99cc3f,bc9c3c76,3d8b57bb,bf7ea2aa,bd99cc3d,bc9c3c77,3d8b57b7,1,7248346

6963,215,142,37,-722,2316,15549,-3805,1993,-3341,bf7ea1f4,bd9b0e06,bc9b62d9,3d8a54bb,bf7ea1f4,bd9b0e05,bc9b62d9,3d8a54b7,1,7256865

6964,231,151,35,-742,2213,15579,-3781,2073,-3404,bf7ea4e9,bd995372,bc9ac3d1,3d8af0a6,bf7ea4e9,bd995371,bc9ac3d1,3d8af0a3,1,7265383

6965,223,146,29,-679,2280,15564,-3779,1997,-3392,bf7ea5c0,bd9a2fdb,bc974332,3d89d68d,bf7ea5c0,bd9a2fda,bc974332,3d89d68a,1,7273401

6966,214,129,30,-719,2288,15557,-3779,1997,-3392,bf7ea61d,bd9b34b2,bc96e560,3d888bd2,bf7ea61e,bd9b34b2,bc96e560,3d888bd0,1,7281920

6967,225,122,35,-780,2214,15558,-3795,2035,-3402,bf7ea951,bd99885f,bc99b9b8,3d88bee0,bf7ea950,bd99885d,bc99b9b5,3d88bedd,1,7290438

6968,223,124,26,-808,2169,15582,-3791,2053,-3394,bf7eac22,bd97df0b,bc9c4c2f,3d891c2f,bf7eac21,bd97df09,bc9c4c2d,3d891c2c,1,7298957

6969,199,133,21,-783,2231,15546,-3791,2053,-3394,bf7eae49,bd9650b1,bc9eba25,3d89a66b,bf7eae48,bd9650af,bc9eba26,3d89a668,1,7307475

6970,190,147,16,-775,2224,15543,-3827,2005,-3350,bf7eadff,bd9772c8,bca03713,3d886caa,bf7eadfe,bd9772c6,bca03716,3d886ca7,1,7315994

6971,189,152,12,-781,2134,15572,-3813,2021,-3359,bf7eb2bc,bd9605fc,bca23713,3d87a3d1,bf7eb2bd,bd9605fc,bca2371b,3d87a3cf,1,7324513

6972,160,168,14,-687,2274,15549,-3813,2021,-3359,bf7eb25d,bd972f50,bc9da2b3,3d86dbb5,bf7eb25e,bd972f4f,bc9da2b9,3d86dbb3,1,7333031

6973,160,156,23,-680,2261,15569,-3843,2025,-3453,bf7eb3f6,bd976324,bc96efb1,3d865b0c,bf7eb3f6,bd976323,bc96efb5,3d865b0a,1,7341550

6974,166,140,24,-669,2281,15556,-3833,2037,-3326,bf7eb434,bd9843c3,bc91c214,3d859a16,bf7eb434,bd9843c2,bc91c217,3d859a14,1,7350068

6975,168,117,19,-712,2313,15569,-3833,2037,-3326,bf7eb1f7,bd99d35f,bc9277d4,3d84d545,bf7eb1f6,bd99d35e,bc9277d2,3d84d543,1,7358587

6976,181,107,30,-748,2289,15546,-3845,1991,-3399,bf7eb102,bd9af50d,bc959a1e,3d83c068,bf7eb101,bd9af50c,bc959a1c,3d83c066,1,7367106

6977,184,106,37,-766,2288,15550,-3797,2015,-3366,bf7eb1f5,bd9ac4e8,bc9c1733,3d830abc,bf7eb1f6,bd9ac4e9,bc9c1732,3d830abb,1,7375624

6978,189,107,37,-854,2167,15554,-3851,2031,-3364,bf7eb447,bd9972be,bca0d4d7,3d831c82,bf7eb446,bd9972bd,bca0d4d5,3d831c80,1,7383642

6979,180,131,25,-803,2331,15567,-3851,2031,-3364,bf7eb145,bd9ab128,bca55079,3d82c289,bf7eb144,bd9ab127,bca55076,3d82c287,1,7392161

6980,188,160,11,-752,2267,15561,-3845,1997,-3368,bf7eb399,bd9b3316,bca35887,3d812b50,bf7eb399,bd9b3317,bca3588c,3d812b4f,1,7400679

6981,199,166,8,-652,2251,15572,-3803,2027,-3369,bf7eb74b,bd9a1552,bc9dc8e1,3d811db5,bf7eb74b,bd9a1553,bc9dc8e6,3d811db4,1,7409198

6982,199,146,10,-656,2343,15570,-3803,2027,-3369,bf7eb806,bd9a59f6,bc96fe58,3d80f1f2,bf7eb807,bd9a59f8,bc96fe5c,3d80f1f1,1,7417716

6983,215,105,26,-752,2306,15528,-3829,1989,-3447,bf7eb6fe,bd9b6aca,bc9a5d91,3d7fd7a6,bf7eb6ff,bd9b6acb,bc9a5d96,3d7fd7a3,1,7426235

6984,232,104,37,-780,2242,15550,-3793,2039,-3363,bf7eb9c9,bd99b8fe,bc9cd568,3d8062d6,bf7eb9ca,bd99b8ff,bc9cd56d,3d8062d4,1,7434754

6985,232,119,38,-745,2239,15572,-3793,2039,-3363,bf7ebd30,bd97f018,bc9cf8e6,3d80d0d4,bf7ebd2f,bd97f018,bc9cf8e9,3d80d0d1,1,7443272

6986,229,110,38,-753,2180,15542,-3779,1991,-3302,bf7ebfde,bd98015a,bc9f4481,3d7e72dc,bf7ebfdd,bd98015a,bc9f4486,3d7e72d6,1,7451791

6987,225,108,35,-803,2179,15570,-3815,1993,-3375,bf7ec277,bd977749,bca48a8c,3d7c4944,bf7ec276,bd977749,bca48a91,3d7c493f,1,7460309

6988,197,120,14,-786,2295,15552,-3815,1993,-3375,bf7ec0b6,bd98dbe5,bca5fa6a,3d7a736f,bf7ec0b6,bd98dbe6,bca5fa6d,3d7a736b,1,7468327

6989,206,130,12,-820,2228,15554,-3815,2033,-3352,bf7ec349,bd975416,bca960c9,3d7afaba,bf7ec349,bd975417,bca960cb,3d7afab6,1,7477347

6990,205,145,5,-794,2261,15565,-3819,1969,-3385,bf7ec280,bd988f51,bcaa1c91,3d78a9f1,bf7ec280,bd988f52,bcaa1c93,3d78a9ec,1,7485365

6991,213,156,1,-768,2286,15548,-3819,1969,-3385,bf7ec1e9,bd99c945,bca967b6,3d765afb,bf7ec1e9,bd99c946,bca967b8,3d765af6,1,7493883

6992,221,159,7,-698,2284,15555,-3749,2043,-3387,bf7ec4b1,bd987b47,bca4f894,3d777a09,bf7ec4af,bd987b48,bca4f894,3d777a02,1,7502402

6993,229,145,13,-657,2249,15587,-3789,2069,-3332,bf7ec776,bd971fcb,bca0deb2,3d78a13e,bf7ec774,bd971fcc,bca0deb3,3d78a138,1,7510921

6994,230,113,4,-708,2202,15584,-3779,2025,-3448,bf7ecb2d,bd957a23,bc9e7881,3d793057,bf7ecb2d,bd957a26,bc9e7883,3d793053,1,7519439

6995,230,100,0,-761,2200,15548,-3779,2025,-3448,bf7ece16,bd93c28f,bca06a88,3d79fed7,bf7ece16,bd93c292,bca06a88,3d79fed3,1,7527958

6996,221,99,18,-800,2204,15535,-3793,2037,-3396,bf7ece50,bd92cccc,bca65bd0,3d7b0cac,bf7ece50,bd92cccd,bca65bcb,3d7b0ca9,1,7536477

6997,210,113,20,-789,2241,15552,-3743,2031,-3432,bf7ec9f1,bd936dba,bca92668,3d7d897d,bf7ec9f2,bd936db9,bca92670,3d7d897b,1,7544995

6998,216,118,20,-794,2172,15571,-3743,2031,-3432,bf7eccc1,bd91b79b,bcaa04c1,3d7e84d8,bf7eccc2,bd91b79a,bcaa04c9,3d7e84d6,1,7553514

6999,200,126,16,-764,2226,15540,-3821,2015,-3397,bf7ecb08,bd9330f7,bca8dd85,3d7d0a21,bf7ecb09,bd9330f6,bca8dd8b,3d7d0a1f,1,7562033

7000,197,126,22,-748,2180,15528,-3755,1993,-3394,bf7ecb6f,bd94372b,bca6f78c,3d7a8c01,bf7ecb70,bd943729,bca6f790,3d7a8bff,1,7570551

7001,194,126,32,-754,2197,15537,-3755,1993,-3394,bf7ecbc3,bd953b8e,bca5d67d,3d77f78f,bf7ecbc3,bd953b8d,bca5d681,3d77f78d,1,7578569

7002,176,126,35,-761,2204,15617,-3761,2035,-3396,bf7ece80,bd93a841,bca4c58e,3d791a49,bf7ece80,bd93a840,bca4c591,3d791a47,1,7587088

7003,170,129,32,-724,2263,15578,-3809,2041,-3376,bf7ecd46,bd944b5a,bc9eaa74,3d79d6b6,bf7ecd46,bd944b59,bc9eaa78,3d79d6b4,1,7595606

7004,176,127,30,-775,2244,15590,-3809,2041,-3376,bf7ecba1,bd93d633,bca4152f,3d7bb73c,bf7ecba1,bd93d633,bca41536,3d7bb73a,1,7604125

7005,189,121,26,-773,2293,15566,-3859,1991,-3408,bf7ec95b,bd955f57,bca4b998,3d7a47b2,bf7ec95c,bd955f58,bca4b99e,3d7a47b1,1,7612644

7006,204,123,15,-757,2303,15553,-3781,2023,-3402,bf7ec61d,bd96edd7,bca30728,3d7a1f8c,bf7ec61d,bd96edd7,bca3072e,3d7a1f8a,1,7621162

7007,222,126,1,-770,2195,15566,-3883,2061,-3369,bf7ec904,bd953aad,bca35220,3d7b337e,bf7ec904,bd953aad,bca35227,3d7b337c,1,7629681

7008,219,130,-4,-795,2174,15564,-3883,2061,-3369,bf7ecb94,bd93941b,bca50d7a,3d7c3713,bf7ecb94,bd93941b,bca50d7f,3d7c3712,1,7638199

7009,189,131,-16,-795,2214,15576,-3767,2033,-3438,bf7ecc60,bd925617,bca84f69,3d7dc23b,bf7ecc61,bd925617,bca84f6a,3d7dc23b,1,7646718

7010,181,137,-15,-812,2161,15556,-3799,2051,-3399,bf7ece2c,bd90dfe9,bcaa918c,3d7eeec2,bf7ece2d,bd90dfe9,bcaa9189,3d7eeec2,1,7655236

7011,185,145,2,-822,2161,15546,-3799,2051,-3399,bf7ecec3,bd8fad2b,bcae3ba4,3d803789,bf7ecec4,bd8fad2c,bcae3ba3,3d803788,1,7663755

7012,179,156,10,-799,2218,15574,-3749,2057,-3376,bf7ecad6,bd907b82,bcab7f8e,3d817be8,bf7ecad6,bd907b82,bcab7f8b,3d817be7,1,7672274

7013,175,163,22,-769,2178,15572,-3827,2041,-3430,bf7ecb17,bd90fc24,bca4d534,3d81566e,bf7ecb18,bd90fc25,bca4d533,3d81566d,1,7680792

7014,159,167,35,-718,2213,15552,-3827,2041,-3430,bf7eca00,bd91ee37,bc9eb6dc,3d814a7a,bf7eca01,bd91ee37,bc9eb6da,3d814a79,1,7688810

7015,157,160,27,-639,2281,15559,-3831,2059,-3411,bf7ec8e6,bd929522,bc982108,3d81972b,bf7ec8e6,bd929521,bc982106,3d81972a,1,7697329

7016,169,143,36,-703,2216,15551,-3793,1985,-3446,bf7ec77f,bd94084d,bc979c58,3d80aa78,bf7ec77f,bd94084d,bc979c58,3d80aa77,1,7705847

7017,175,112,43,-757,2254,15565,-3793,1985,-3446,bf7ec543,bd957d74,bc99e00c,3d7fd524,bf7ec544,bd957d75,bc99e00d,3d7fd523,1,7714366

7018,173,115,31,-785,2281,15537,-3725,2025,-3360,bf7ec1cf,bd96982b,bc9f5b83,3d7fd835,bf7ec1cf,bd96982c,bc9f5b85,3d7fd833,1,7722885

7019,182,125,37,-776,2238,15540,-3813,2063,-3364,bf7ec312,bd952a51,bca09e50,3d80ddaf,bf7ec313,bd952a52,bca09e52,3d80ddaf,1,7731403

7020,188,130,23,-825,2128,15595,-3809,2017,-3430,bf7ec5b2,bd93e029,bca533ca,3d80b163,bf7ec5b1,bd93e028,bca533c8,3d80b162,1,7739922

7021,156,138,12,-774,2247,15526,-3809,2017,-3430,bf7ec31d,bd958553,bca57ff2,3d800aea,bf7ec31e,bd958553,bca57ff3,3d800aea,1,7748440

7022,160,147,10,-839,2188,15537,-3775,2027,-3342,bf7ec40f,bd94e10e,bcab9cc6,3d7fa240,bf7ec40e,bd94e10d,bcab9cc5,3d7fa23e,1,7756959

7023,166,174,2,-831,2185,15555,-3765,2101,-3457,bf7ec59f,bd9377b7,bcab7079,3d80aff1,bf7ec5a0,bd9377b7,bcab7078,3d80aff1,1,7765478

7024,146,194,-6,-756,2224,15566,-3765,2101,-3457,bf7ec6ed,bd924326,bca8c8f6,3d81a272,bf7ec6ec,bd924325,bca8c8f4,3d81a271,1,7773996

7025,153,187,-12,-622,2450,15528,-3829,2033,-3352,bf7ec4b7,bd93c8ff,bca4b14f,3d815215,bf7ec4b7,bd93c8ff,bca4b14d,3d815215,1,7782515

7026,188,152,-29,-733,2259,15541,-3781,2003,-3402,bf7ec36e,bd953d8b,bca2afbd,3d806ff0,bf7ec36f,bd953d8b,bca2afbc,3d806ff0,1,7790533

7027,212,123,-44,-785,2312,15561,-3781,2003,-3402,bf7ec11e,bd96c383,bca3e1fd,3d7f69d9,bf7ec11e,bd96c383,bca3e1fb,3d7f69d8,1,7799051

7028,213,132,-44,-795,2308,15570,-3799,2041,-3347,bf7ebcf7,bd97ed3e,bca77e37,3d801b8c,bf7ebcf8,bd97ed3f,bca77e36,3d801b8d,1,7807570

7029,230,148,-41,-853,2163,15587,-3831,2011,-3439,bf7ec052,bd967da5,bcabb376,3d7f92fc,bf7ec051,bd967da5,bcabb373,3d7f92fc,1,7816089

7030,210,165,-63,-771,2102,15582,-3831,2011,-3439,bf7ec585,bd94c428,bcaa8b06,3d7e9e32,bf7ec586,bd94c429,bcaa8b07,3d7e9e34,1,7824607

7031,185,163,-97,-709,2225,15568,-3797,1991,-3437,bf7ec6ad,bd95a863,bca5a7fe,3d7c2ad0,bf7ec6ad,bd95a863,bca5a7fd,3d7c2ad1,1,7833126

7032,170,149,-98,-705,2325,15563,-3805,2033,-3385,bf7ec585,bd96c642,bca026ec,3d7b8f00,bf7ec585,bd96c643,bca026ec,3d7b8f01,1,7841644

7033,187,144,-64,-748,2247,15548,-3811,2027,-3419,bf7ec91b,bd9528bd,bc9ebc1d,3d7c0141,bf7ec91c,bd9528be,bc9ebc1d,3d7c0143,1,7850163

7034,195,148,-16,-669,2276,15568,-3811,2027,-3419,bf7ec966,bd95a032,bc981314,3d7ba1ad,bf7ec966,bd95a033,bc981312,3d7ba1ae,1,7858682

7035,200,134,30,-727,2115,15576,-3837,2021,-3340,bf7ecdfb,bd940103,bc995701,3d7aa1b9,bf7ecdfb,bd940104,bc9956ff,3d7aa1ba,1,7867200

7036,181,134,47,-725,2213,15589,-3779,2039,-3410,bf7ecfec,bd927b9d,bc98e325,3d7c4c21,bf7ecfec,bd927b9d,bc98e323,3d7c4c22,1,7875719

7037,168,127,37,-729,2218,15551,-3779,2039,-3410,bf7ecda8,bd920ffa,bc9a1563,3d7f5cdb,bf7ecda8,bd920ffa,bc9a1567,3d7f5cdb,1,7883737

7038,166,125,52,-809,2137,15574,-3775,2023,-3390,bf7ece09,bd919e0f,bca0bdbf,3d7ef8d2,bf7ece08,bd919e0f,bca0bdc3,3d7ef8d1,1,7892756

7039,145,127,43,-784,2188,15568,-3753,2023,-3409,bf7ecbe2,bd9281d4,bca680e6,3d7e2836,bf7ecbe1,bd9281d4,bca680e7,3d7e2834,1,7900774

7040,129,153,31,-772,2332,15551,-3753,2023,-3409,bf7ec7f6,bd945646,bca5d0fa,3d7df609,bf7ec7f5,bd945646,bca5d0fc,3d7df607,1,7909292

7041,153,162,32,-789,2299,15546,-3801,2069,-3434,bf7ec5d8,bd93db91,bca54d66,3d80a169,bf7ec5d8,bd93db92,bca54d65,3d80a169,1,7917811

7042,160,167,34,-716,2305,15533,-3791,2021,-3387,bf7ec37e,bd9565e4,bca1ff2d,3d80473b,bf7ec37e,bd9565e5,bca1ff2e,3d80473b,1,7926329

7043,174,164,47,-701,2316,15541,-3791,2021,-3387,bf7ec165,bd96ccfb,bc9e02ba,3d7ff9c8,bf7ec165,bd96ccfc,bc9e02b9,3d7ff9c8,1,7934848

7044,196,141,42,-724,2249,15556,-3841,1989,-3351,bf7ec0f7,bd97fbf3,bc9d7356,3d7dae85,bf7ec0f8,bd97fbf4,bc9d7356,3d7dae86,1,7943366

7045,206,133,36,-736,2274,15547,-3805,2009,-3350,bf7ec0b5,bd9919c5,bc9d1e1b,3d7b4aba,bf7ec0b5,bd9919c4,bc9d1e19,3d7b4ab9,1,7951885

7046,208,122,32,-746,2274,15543,-3801,2075,-3342,bf7ec268,bd979b9e,bc9cdb18,3d7d38d2,bf7ec268,bd979b9d,bc9cdb16,3d7d38d1,1,7960404

7047,223,125,26,-762,2221,15567,-3801,2075,-3342,bf7ec48b,bd95fe2d,bc9d630d,3d7ed669,bf7ec48b,bd95fe2c,bc9d630c,3d7ed668,1,7968922

7048,226,124,33,-721,2291,15553,-3791,2055,-3418,bf7ec4bf,bd9508d1,bc9a3a2f,3d80ad30,bf7ec4c0,bd9508d2,bc9a3a2f,3d80ad31,1,7977441

7049,227,123,40,-754,2252,15579,-3757,1993,-3524,bf7ec2c4,bd9645a1,bc9d3e4b,3d7ff9e3,bf7ec2c3,bd9645a1,bc9d3e4a,3d7ff9e3,1,7985959

7050,221,111,33,-760,2228,15528,-3757,1993,-3524,bf7ec43c,bd9628e5,bca2bcbf,3d7de8af,bf7ec43d,bd9628e7,bca2bcc1,3d7de8b2,1,7993977

7051,227,115,32,-813,2183,15583,-3809,2019,-3447,bf7ec6db,bd94ad0f,bca71d93,3d7e0fbc,bf7ec6da,bd94ad0f,bca71d91,3d7e0fbd,1,8002496

7052,226,130,17,-775,2181,15586,-3777,2053,-3406,bf7ec98a,bd92fe8d,bca6a8bf,3d7f5acd,bf7ec989,bd92fe8d,bca6a8bd,3d7f5ace,1,8011024

7053,213,143,18,-732,2260,15540,-3777,2053,-3406,bf7ec8c2,bd92f148,bca0e223,3d809633,bf7ec8c3,bd92f14b,bca0e223,3d809635,1,8019543

7054,209,135,15,-764,2214,15570,-3813,1989,-3471,bf7ec784,bd944460,bca1e4d2,3d7f31da,bf7ec785,bd944463,bca1e4d0,3d7f31dd,1,8028061

7055,212,137,12,-757,2216,15572,-3817,2053,-3455,bf7ec95e,bd92c141,bca11482,3d807be7,bf7ec95e,bd92c143,bca1147a,3d807be8,1,8036580

7056,205,132,13,-739,2224,15577,-3817,2053,-3455,bf7eca27,bd91a8ea,bc9e0678,3d8192c4,bf7eca26,bd91a8eb,bc9e0678,3d8192c4,1,8045099

7057,197,128,22,-752,2231,15568,-3835,2021,-3474,bf7ec77a,bd933c59,bc9ec5cf,3d810d2c,bf7ec77a,bd933c5a,bc9ec5cd,3d810d2d,1,8053617

7058,200,123,27,-763,2213,15557,-3791,2075,-3471,bf7ec877,bd91d818,bc9ee803,3d822074,bf7ec877,bd91d819,bc9ee801,3d822075,1,8062136

7059,199,138,21,-796,2184,15589,-3761,1995,-3487,bf7ec714,bd92e907,bca2f032,3d814a30,bf7ec715,bd92e907,bca2f035,3d814a31,1,8070655

7060,198,140,28,-803,2183,15563,-3761,1995,-3487,bf7ec642,bd93c0af,bca77241,3d805f43,bf7ec643,bd93c0af,bca77242,3d805f44,1,8079174

7061,182,143,27,-754,2261,15568,-3805,2065,-3462,bf7ec671,bd92d3ac,bca43d73,3d8198d8,bf7ec672,bd92d3ac,bca43d74,3d8198da,1,8087692

7062,185,143,27,-732,2244,15559,-3773,2041,-3416,bf7ec533,bd9368f8,bc9e118b,3d82065c,bf7ec533,bd9368f8,bc9e118a,3d82065d,1,8095710

7063,190,141,36,-739,2230,15569,-3773,2041,-3416,bf7ec4d3,bd92c9bc,bc9a05b1,3d8335c7,bf7ec4d2,bd92c9bc,bc9a05ad,3d8335c6,1,8104229

7064,182,132,25,-714,2281,15556,-3831,2015,-3396,bf7ec286,bd945ff3,bc996754,3d8295d4,bf7ec286,bd945ff3,bc996752,3d8295d3,1,8112747

7065,181,117,16,-769,2283,15572,-3785,2023,-3409,bf7ebf3f,bd95e400,bc9c7751,3d8239e2,bf7ebf3e,bd95e400,bc9c7750,3d8239e1,1,8121266

7066,195,116,21,-858,2195,15564,-3785,2023,-3409,bf7ebf74,bd955ed4,bca34f71,3d82325b,bf7ebf73,bd955ed4,bca34f70,3d82325a,1,8129785

7067,198,133,17,-826,2237,15563,-3781,1995,-3447,bf7ebde7,bd9668ac,bca7b52f,3d816859,bf7ebde7,bd9668ae,bca7b52d,3d816859,1,8138303

7068,195,151,25,-820,2223,15556,-3819,2019,-3402,bf7ebee9,bd9635f1,bcada704,3d80a5fa,bf7ebeea,bd9635f2,bcada703,3d80a5fa,1,8146822

7069,198,168,23,-688,2242,15541,-3819,2019,-3402,bf7ec0a7,bd964db0,bca6ba7a,3d804036,bf7ec0a8,bd964db1,bca6ba77,3d804035,1,8155340

7070,201,152,32,-660,2274,15577,-3849,2051,-3445,bf7ec240,bd95b3b1,bca050a6,3d80ac9c,bf7ec23f,bd95b3b1,bca050a2,3d80ac9a,1,8163859

7071,218,132,41,-709,2280,15554,-3801,2007,-3440,bf7ec126,bd96eb0a,bc9cee1b,3d800def,bf7ec126,bd96eb0b,bc9cee16,3d800dee,1,8172378

7072,226,109,49,-822,2149,15564,-3821,2027,-3415,bf7ec399,bd957135,bca162ed,3d80389b,bf7ec399,bd957136,bca162e8,3d80389a,1,8180896

7073,207,116,35,-815,2199,15556,-3821,2027,-3415,bf7ec4c7,bd948373,bca792eb,3d8037f2,bf7ec4c7,bd948373,bca792e6,3d8037f1,1,8189415

7074,196,141,19,-752,2244,15574,-3799,2029,-3383,bf7ec4a2,bd95654a,bca2429a,3d7f6354,bf7ec4a2,bd95654b,bca24297,3d7f6352,1,8197934

7075,198,136,4,-736,2245,15573,-3821,2027,-3435,bf7ec6b0,bd9518a3,bc9ba361,3d7f1121,bf7ec6af,bd9518a1,bc9ba35f,3d7f111e,1,8205951

7076,211,124,1,-780,2191,15563,-3821,2027,-3435,bf7ec8e2,bd93ccb3,bca093a1,3d7f1ffb,bf7ec8e2,bd93ccb1,bca093a3,3d7f1ff9,1,8214470

7077,209,124,-1,-797,2234,15538,-3845,2043,-3415,bf7ec6ad,bd93dafd,bca70fee,3d801443,bf7ec6ad,bd93dafd,bca70ff0,3d801442,1,8222989

7078,212,140,-7,-778,2238,15550,-3813,2035,-3385,bf7ec413,bd955a02,bca640ef,3d7f6616,bf7ec413,bd955a02,bca640ef,3d7f6614,1,8231507

7079,211,148,0,-758,2165,15562,-3813,2035,-3385,bf7ec84d,bd939c79,bca4e2f9,3d7f74b4,bf7ec84d,bd939c79,bca4e2f8,3d7f74b2,1,8240026

7080,200,151,-4,-744,2212,15579,-3793,1959,-3328,bf7ec7b8,bd94e2e0,bca47d29,3d7d20e6,bf7ec7b8,bd94e2e0,bca47d29,3d7d20e4,1,8248545

7081,191,138,-11,-705,2240,15556,-3805,1989,-3392,bf7ec785,bd96133a,bca1ab97,3d7af7ab,bf7ec784,bd961339,bca1ab94,3d7af7a8,1,8257063

7082,186,123,-7,-767,2242,15558,-3805,1989,-3392,bf7ec6be,bd9750b0,bca30fa7,3d788a89,bf7ec6bf,bd9750b0,bca30fa3,3d788a88,1,8265582

7083,189,119,10,-831,2205,15536,-3797,2021,-3416,bf7ec86d,bd96181d,bca80c3c,3d78f180,bf7ec86e,bd96181d,bca80c37,3d78f17f,1,8274101

7084,192,133,19,-822,2220,15562,-3827,2025,-3410,bf7ec9eb,bd94f508,bcad4758,3d7940a3,bf7ec9ec,bd94f508,bcad4754,3d7940a2,1,8282619

7085,190,159,31,-711,2217,15570,-3765,2039,-3376,bf7ecc65,bd9405a4,bca7710f,3d79f2ea,bf7ecc64,bd9405a3,bca77109,3d79f2e7,1,8291138

7086,196,157,41,-658,2230,15583,-3765,2039,-3376,bf7ece14,bd93915f,bca0aafe,3d7a69c7,bf7ece13,bd93915e,bca0aaf8,3d7a69c4,1,8299156

7087,200,127,36,-716,2217,15560,-3801,2001,-3374,bf7ecd95,bd94c598,bc9ed137,3d785b53,bf7ecd96,bd94c598,bc9ed132,3d785b53,1,8307674

7088,204,105,30,-826,2214,15565,-3785,2041,-3411,bf7ecdeb,bd93b562,bca41c37,3d79aff5,bf7ecdea,bd93b55f,bca41c2f,3d79aff3,1,8316193

7089,194,117,28,-846,2232,15566,-3785,2041,-3411,bf7ecc8d,bd9342ac,bcaa6957,3d7b152f,bf7ecc8e,bd9342ab,bcaa6953,3d7b152e,1,8324712

7090,200,140,27,-759,2234,15567,-3791,2013,-3379,bf7ecb63,bd9498ef,bca8000b,3d798371,bf7ecb64,bd9498ee,bca80009,3d798370,1,8333230

7091,199,155,31,-698,2211,15563,-3821,2043,-3406,bf7ecde6,bd939606,bca263c0,3d7a4712,bf7ecde7,bd939605,bca263be,3d7a4711,1,8341749

7092,194,135,20,-698,2228,15542,-3821,2043,-3406,bf7ecf30,bd93190f,bc9c0f7a,3d7b1e37,bf7ecf31,bd93190e,bc9c0f78,3d7b1e36,1,8350267

7093,204,113,22,-778,2212,15552,-3795,2027,-3402,bf7ecd7f,bd937834,bca2e6b1,3d7ae163,bf7ecd80,bd937833,bca2e6af,3d7ae162,1,8358786

7094,200,104,18,-815,2217,15563,-3809,2011,-3353,bf7ecbcc,bd948d8d,bca76b37,3d794bcb,bf7ecbcd,bd948d8c,bca76b35,3d794bca,1,8367305

7095,195,124,6,-799,2214,15565,-3809,2011,-3353,bf7ecb4e,bd958726,bcaaa3c9,3d76e979,bf7ecb4f,bd958725,bcaaa3c9,3d76e979,1,8375823

7096,194,136,1,-817,2146,15584,-3829,2059,-3425,bf7ecddb,bd93ea7f,bcab6291,3d78090e,bf7ecdda,bd93ea7d,bcab6291,3d78090c,1,8384342

7097,186,146,-4,-795,2189,15551,-3857,2051,-3375,bf7ed04d,bd925636,bcab5f68,3d79443c,bf7ed04d,bd925635,bcab5f67,3d79443c,1,8392861

7098,172,157,-2,-757,2203,15579,-3823,2053,-3419,bf7ed1ef,bd913b68,bca74faf,3d7add37,bf7ed1ef,bd913b68,bca74fae,3d7add37,1,8401379

7099,178,152,9,-742,2199,15556,-3823,2053,-3419,bf7ed2b6,bd907a10,bca244f2,3d7ca4c4,bf7ed2b6,bd907a10,bca244ef,3d7ca4c3,1,8409397

7100,177,153,24,-719,2187,15576,-3775,2123,-3441,bf7ed3cc,bd8f3412,bca0529e,3d7ec0b9,bf7ed3ca,bd8f3411,bca05299,3d7ec0b6,1,8417916

7101,168,144,44,-736,2195,15574,-3809,2063,-3358,bf7ed0ae,bd8fc878,bc9c0dca,3d809b32,bf7ed0af,bd8fc87b,bc9c0dcc,3d809b32,1,8426434

7102,153,135,41,-747,2247,15550,-3809,2063,-3358,bf7ecb9e,bd91702b,bc9c7117,3d8138dd,bf7ecb9f,bd91702e,bc9c7115,3d8138de,1,8434953

7103,161,127,38,-769,2243,15557,-3769,2095,-3416,bf7ecac8,bd907c44,bc9cf85d,3d82a770,bf7ecac8,bd907c46,bc9cf85c,3d82a770,1,8443471

7104,159,133,27,-811,2163,15592,-3823,2083,-3390,bf7ecac6,bd8f61db,bca06698,3d839c9b,bf7ecac5,bd8f61db,bca06695,3d839c9a,1,8451990

7105,149,152,31,-816,2201,15553,-3823,2083,-3390,bf7ec7db,bd8f2d75,bca4b44f,3d84e7eb,bf7ec7da,bd8f2d75,bca4b44d,3d84e7ea,1,8460509

7106,137,162,34,-785,2284,15545,-3821,2057,-3444,bf7ec34d,bd90f9f0,bca48e87,3d8526a0,bf7ec34d,bd90f9f0,bca48e87,3d8526a0,1,8469027

7107,154,165,32,-824,2229,15549,-3833,2087,-3368,bf7ec013,bd90d0ec,bca803d2,3d86977a,bf7ec013,bd90d0ec,bca803d2,3d86977a,1,8477546

7108,161,169,4,-798,2305,15590,-3833,2087,-3368,bf7ebb09,bd9239aa,bca6f6fb,3d87877d,bf7ebb0a,bd9239ab,bca6f6fb,3d87877e,1,8486064

7109,167,186,-44,-785,2352,15578,-3829,2091,-3442,bf7eb6ac,bd933da7,bca4895d,3d88a8b6,bf7eb6ac,bd933da7,bca4895c,3d88a8b6,1,8494583

7110,201,176,-98,-791,2260,15573,-3761,2081,-3369,bf7eb5d1,bd927f19,bca3c2f6,3d89e981,bf7eb5d2,bd927f1a,bca3c2f6,3d89e983,1,8503101

7111,213,155,-178,-801,2301,15598,-3803,2031,-3437,bf7eb3eb,bd9414af,bca46829,3d890ba0,bf7eb3ec,bd9414b0,bca46827,3d890ba2,1,8511119

7112,217,158,-243,-876,2342,15586,-3803,2031,-3437,bf7eb1fe,bd9575b5,bca78945,3d883416,bf7eb1ff,bd9575b6,bca78943,3d883418,1,8519638

7113,233,182,-286,-886,2356,15556,-3783,2043,-3351,bf7eb03e,bd96c2c6,bcaaa272,3d8758fb,bf7eb03c,bd96c2c5,bcaaa26f,3d8758fb,1,8528156

7114,247,216,-341,-869,2335,15536,-3809,2037,-3412,bf7eaecf,bd97f8db,bcad9372,3d866d60,bf7eaed0,bd97f8dc,bcad9371,3d866d62,1,8536675

7115,255,239,-377,-817,2370,15399,-3809,2037,-3412,bf7ead79,bd997a47,bcac42e6,3d857426,bf7ead78,bd997a47,bcac42e5,3d857427,1,8545193

7116,289,225,-394,-1032,1816,15597,-3797,2003,-3448,bf7eb371,bd97c00c,bcae9cc6,3d8462b0,bf7eb370,bd97c00c,bcae9cc5,3d8462b1,1,8553712

7117,222,263,-443,-822,1905,15629,-3725,1989,-3418,bf7ebaa7,bd95fd8f,bcadbb61,3d82fc38,bf7ebaa8,bd95fd90,bcadbb62,3d82fc3a,1,8562231

7118,130,301,-457,-2498,2939,15251,-3725,1989,-3418,bf7eba14,bd96f52e,bcb1a828,3d81d208,bf7eba14,bd96f52f,bcb1a829,3d81d209,1,8570749

7119,219,718,-279,-3961,-670,15419,-3743,1989,-3440,bf7ebe3e,bd95bc60,bcb0cc23,3d814426,bf7ebe3e,bd95bc61,bcb0cc24,3d814427,1,8579268

7120,-104,1073,-735,-110,2358,15775,-3787,1991,-3481,bf7ec30d,bd969c12,bc9f836f,3d7e89df,bf7ec30d,bd969c12,bc9f8370,3d7e89e1,1,8587786

7121,-306,820,-1017,1182,3457,15585,-3787,1991,-3481,bf7ec59c,bd98ac2e,bc914b7b,3d7922bb,bf7ec59c,bd98ac2e,bc914b7c,3d7922bd,1,8596305

7122,-77,463,-594,-231,3699,15425,-3755,1951,-3426,bf7ec451,bd9af06f,bc8b012f,3d75baaa,bf7ec452,bd9af06f,bc8b0130,3d75baad,1,8604823

7123,200,477,-99,626,2141,15510,-3741,1967,-3357,bf7ec745,bd9aa646,bc80a57e,3d74cef7,bf7ec746,bd9aa646,bc80a57f,3d74cefa,1,8612841

7124,268,459,-41,482,2039,15615,-3759,1935,-3431,bf7ecaa0,bd9a1204,bc6d5e6d,3d740ae1,bf7eca9f,bd9a1203,bc6d5e6d,3d740ae2,1,8621360

7125,211,185,-166,-429,2250,15524,-3759,1935,-3431,bf7eccce,bd9aa0ec,bc629948,3d70f826,bf7ecccf,bd9aa0ec,bc62994b,3d70f829,1,8629878

7126,202,81,-157,-831,2134,15496,-3797,1951,-3397,bf7ece71,bd9a5802,bc70ad1b,3d6f1aeb,bf7ece72,bd9a5802,bc70ad1e,3d6f1aee,1,8638397

7127,175,188,-77,-509,2081,15572,-3729,1967,-3432,bf7ed3a4,bd98d1cd,bc6b1f25,3d6dd350,bf7ed3a5,bd98d1cc,bc6b1f29,3d6dd353,1,8646915

7128,125,201,-36,-366,2376,15524,-3729,1967,-3432,bf7ed30a,bd99d310,bc5e59c8,3d6ca52b,bf7ed30a,bd99d30f,bc5e59cc,3d6ca52d,1,8655434

7129,146,141,22,-574,2265,15528,-3729,1993,-3371,bf7ed6e9,bd98a6cf,bc64ee5a,3d6b1c8b,bf7ed6e9,bd98a6cf,bc64ee5c,3d6b1c8b,1,8663952

7130,160,150,73,-502,2206,15577,-3791,1961,-3456,bf7eda4c,bd985075,bc5c792f,3d68d0df,bf7eda4c,bd985075,bc5c7932,3d68d0de,1,8672471

7131,136,139,75,-537,2230,15565,-3791,1961,-3456,bf7edc4b,bd98abf3,bc5b937b,3d65ba33,bf7edc4c,bd98abf4,bc5b9383,3d65ba33,1,8680990

7132,127,124,74,-566,2326,15584,-3767,1961,-3390,bf7ed9df,bd9a375b,bc5e4935,3d641cc3,bf7ed9e0,bd9a375c,bc5e4938,3d641cc3,1,8689508

7133,126,139,83,-527,2376,15551,-3735,1975,-3456,bf7ed6c6,bd9bd45d,bc58b223,3d638689,bf7ed6c6,bd9bd45d,bc58b223,3d638688,1,8698027

7134,152,134,95,-576,2302,15551,-3735,1975,-3456,bf7ed95f,bd9a9455,bc6150b8,3d6380cc,bf7ed95f,bd9a9455,bc6150bb,3d6380cb,1,8706045

7135,161,127,89,-576,2224,15560,-3711,1979,-3410,bf7edd0b,bd98fea4,bc64c0c1,3d63765e,bf7edd0b,bd98fea4,bc64c0c0,3d63765d,1,8715064

7136,152,140,85,-532,2244,15528,-3761,1961,-3511,bf7ee0fc,bd9844b7,bc5d83e5,3d616e30,bf7ee0fd,bd9844b8,bc5d83e8,3d616e30,1,8723082

7137,143,136,73,-560,2244,15564,-3811,1969,-3407,bf7ee21d,bd98c300,bc61c9ce,3d5e8a30,bf7ee21d,bd98c300,bc61c9c4,3d5e8a2e,1,8731600

7138,132,141,57,-539,2337,15531,-3811,1969,-3407,bf7edfac,bd9a5c1e,bc600dd6,3d5d0801,bf7edfad,bd9a5c1f,bc600dca,3d5d0800,1,8740119

7139,144,145,59,-581,2272,15572,-3773,2007,-3445,bf7ee1ef,bd98e0b4,bc6250dd,3d5e64bc,bf7ee1ee,bd98e0b3,bc6250d0,3d5e64b9,1,8748637

7140,142,142,69,-575,2250,15560,-3771,1977,-3469,bf7ee56b,bd9774e1,bc67a480,3d5df10c,bf7ee56b,bd9774e1,bc67a480,3d5df10a,1,8757156

7141,134,149,69,-521,2362,15548,-3771,1977,-3469,bf7ee25f,bd990cb4,bc61319c,3d5d7dc6,bf7ee25f,bd990cb5,bc61319e,3d5d7dc4,1,8765674

7142,144,143,70,-459,2449,15545,-3749,1967,-3516,bf7edf5c,bd9a8655,bc5936f9,3d5d5a1e,bf7edf5d,bd9a8657,bc5936fa,3d5d5a1d,1,8774193

7143,181,125,79,-477,2409,15540,-3745,1935,-3423,bf7edcf7,bd9c0027,bc55d70c,3d5c2b55,bf7edcf8,bd9c0029,bc55d70c,3d5c2b53,1,8782712

7144,225,95,88,-575,2232,15562,-3745,1935,-3423,bf7edfc7,bd9b7a94,bc5ecb74,3d59d5d2,bf7edfc6,bd9b7a94,bc5ecb6e,3d59d5ce,1,8791230

7145,218,93,96,-575,2263,15558,-3765,1977,-3409,bf7ee37c,bd99d042,bc64d1c2,3d59d355,bf7ee37d,bd99d044,bc64d1c6,3d59d353,1,8799749

7146,203,100,116,-614,2232,15587,-3739,1929,-3464,bf7ee44e,bd99f73a,bc6ed567,3d57c16b,bf7ee44f,bd99f73b,bc6ed56d,3d57c169,1,8808267

7147,197,113,137,-625,2165,15588,-3739,1929,-3464,bf7ee774,bd98fc02,bc77211f,3d563d0c,bf7ee775,bd98fc03,bc772121,3d563d09,1,8816285

7148,174,122,126,-691,2162,15576,-3767,1985,-3492,bf7ee98f,bd978ab2,bc7e60db,3d574d61,bf7ee98e,bd978ab1,bc7e60d9,3d574d5c,1,8824804

7149,130,142,87,-643,2228,15558,-3753,1949,-3462,bf7ee9d8,bd97efcd,bc83bb28,3d5527c1,bf7ee9d8,bd97efcd,bc83bb24,3d5527bc,1,8833322

7150,112,172,49,-526,2436,15541,-3755,1991,-3468,bf7ee6e8,bd9945f9,bc7ccc22,3d55a62c,bf7ee6e8,bd9945f9,bc7ccc1b,3d55a627,1,8841841

7151,121,171,50,-481,2492,15529,-3755,1991,-3468,bf7ee3f1,bd9a9b60,bc7244ae,3d5619de,bf7ee3f2,bd9a9b61,bc7244aa,3d5619da,1,8850360

7152,175,150,57,-531,2398,15537,-3741,1955,-3405,bf7ee191,bd9c12a7,bc6cdb83,3d550dc6,bf7ee192,bd9c12a8,bc6cdb7c,3d550dc2,1,8858878

7153,200,148,71,-591,2254,15589,-3739,1951,-3382,bf7ee5c2,bd9af334,bc719a6d,3d52fad9,bf7ee5c1,bd9af334,bc719a66,3d52fad6,1,8867397

7154,202,145,78,-605,2252,15596,-3739,1951,-3382,bf7ee933,bd9a2577,bc781a1b,3d50b03d,bf7ee934,bd9a2579,bc781a21,3d50b03d,1,8875915

7155,190,164,66,-582,2342,15606,-3737,1977,-3433,bf7eeaf3,bd9941c0,bc6dae3e,3d51ecef,bf7eeaf3,bd9941c0,bc6dae4e,3d51ecee,1,8884434

7156,196,182,36,-586,2429,15609,-3773,1993,-3408,bf7ee67e,bd9ad926,bc6cffbc,3d52b60c,bf7ee67e,bd9ad926,bc6cffc7,3d52b60a,1,8892952

7157,227,189,-26,-648,2377,15635,-3773,1993,-3408,bf7ee598,bd9a91bd,bc78764d,3d53cad7,bf7ee598,bd9a91bd,bc787657,3d53cad5,1,8901471

7158,249,212,-145,-806,2398,15739,-3705,1989,-3436,bf7ee565,bd9a5bad,bc820e4a,3d53c505,bf7ee565,bd9a5bad,bc820e4f,3d53c503,1,8909989

7159,243,283,-354,-791,2414,15746,-3735,1957,-3370,bf7ee4f8,bd9b3067,bc85befb,3d5143ca,bf7ee4f8,bd9b3067,bc85bf00,3d5143c8,1,8918508

7160,248,353,-681,-592,2589,15667,-3735,1957,-3370,bf7ee540,bd9cabf4,bc81bc4f,3d4d1710,bf7ee541,bd9cabf5,bc81bc53,3d4d170f,1,8926526

7161,234,399,-1021,-709,1958,16630,-3713,1953,-3456,bf7eee28,bd9ae012,bc7e67e6,3d47cf16,bf7eee29,bd9ae013,bc7e67ee,3d47cf16,1,8935044

7162,151,427,-1513,-1114,466,15626,-3709,1947,-3410,bf7ef802,bd996262,bc7a4d8f,3d400285,bf7ef803,bd996263,bc7a4d97,3d400285,1,8943563

7163,-221,468,-2470,-1390,2980,15872,-3699,1931,-3431,bf7efbe9,bd9baa43,bc792ce3,3d33253a,bf7efbe9,bd9baa43,bc792ce9,3d332539,1,8952082

7164,-277,341,-3127,-745,3217,15676,-3699,1931,-3431,bf7f0006,bd9ea874,bc7171d8,3d22b2d9,bf7f0005,bd9ea873,bc7171dc,3d22b2d8,1,8960606

7165,-211,222,-3435,-2515,2711,16387,-3767,1837,-3506,bf7f06aa,bda03461,bc772f7e,3d10b157,bf7f06ab,bda03461,bc772f84,3d10b156,1,8969125

7166,-374,312,-3995,-2924,573,16443,-3679,1835,-3504,bf7f100a,bda0cf2c,bc77b039,3cf7dff8,bf7f100b,bda0cf2c,bc77b03f,3cf7dff6,1,8977644

7167,-967,417,-5054,-2989,68,16498,-3679,1835,-3504,bf7f168e,bda2d7ab,bc72cfe9,3cc38048,bf7f168f,bda2d7ab,bc72cfef,3cc38046,1,8986163

7168,-1721,380,-6273,-1840,1308,16533,-3643,1777,-3486,bf7f16a7,bda6f9c1,bc6ceb40,3c821388,bf7f16a8,bda6f9c1,bc6ceb46,3c821386,1,8994681

7169,-2170,206,-7168,-2171,1314,16970,-3687,1739,-3425,bf7f0f29,bdac6ac6,bc69a07d,3bdcad5c,bf7f0f2a,bdac6ac6,bc69a083,3bdcad54,1,9003200

7170,-2213,65,-7977,-3114,6933,20587,-3687,1739,-3425,bf7efa83,bdb462bf,bc646d36,bb619d61,bf7efa84,bdb462bf,bc646d3c,bb619d75,1,9011719

7171,-1711,125,-9349,576,9874,21925,-3671,1673,-3436,bf7ee00c,bdbb572b,bc51055d,bc7cbc78,bf7ee00c,bdbb572a,bc510562,bc7cbc7d,1,9020237

7172,-1128,-341,-9427,1964,6515,19727,-3677,1633,-3375,bf7ec07d,bdc066a2,bc4114b2,bce22dae,bf7ec07e,bdc066a2,bc4114b8,bce22db1,1,9028255

7173,-890,-1236,-8726,363,5390,19417,-3677,1633,-3375,bf7e9959,bdc4ef5d,bc4857e4,bd1fa222,bf7e995a,bdc4ef5d,bc4857ea,bd1fa223,1,9036774

7174,-543,-2051,-8944,-798,4576,18750,-3641,1527,-3461,bf7e6a0e,bdc8603f,bc6a6001,bd4fc287,bf7e6a0e,bdc8603e,bc6a6006,bd4fc287,1,9045292

7175,208,-2764,-9309,-978,3034,17459,-3665,1501,-3494,bf7e3bd5,bdc760bb,bc8fc69f,bd80f9d3,bf7e3bd6,bdc760ba,bc8fc6a1,bd80f9d3,1,9053811

7176,693,-3250,-9601,-253,2312,16256,-3647,1447,-3421,bf7e0716,bdc448f3,bca75e7d,bd9b3f08,bf7e0716,bdc448f1,bca75e7e,bd9b3f08,1,9062330

7177,763,-3685,-10109,5,2140,15154,-3647,1447,-3421,bf7dc2d7,bdc11fb2,bcc0dcec,bdb6d14a,bf7dc2d7,bdc11fb0,bcc0dced,bdb6d14a,1,9070848

7178,768,-4116,-10672,400,3818,14806,-3687,1369,-3379,bf7d637c,bdc0a0a4,bcde660a,bdd3fb67,bf7d637d,bdc0a0a3,bcde660c,bdd3fb68,1,9079367

7179,1184,-4766,-10919,-275,4703,14481,-3743,1331,-3377,bf7cf3f1,bdbf1bd5,bd02ad0d,bdf1c9b9,bf7cf3f1,bdbf1bd3,bd02ad0d,bdf1c9b9,1,9087886

7180,1933,-5312,-11100,-1853,3554,13706,-3743,1331,-3377,bf7c78bb,bdba90f2,bd1b62c7,be07feb2,bf7c78bb,bdba90f0,bd1b62c7,be07feb2,1,9096404

7181,2473,-5304,-11312,-2773,2345,12664,-3801,1301,-3254,bf7bf0f9,bdb38a1d,bd33e99c,be1756d5,bf7bf0fa,bdb38a1c,bd33e99c,be1756d6,1,9104923

7182,2618,-4778,-11703,-3201,477,11850,-3787,1301,-3277,bf7b5875,bdab7980,bd487c59,be271785,bf7b5875,bdab797e,bd487c58,be271785,1,9113441

7183,2190,-3918,-12232,-3754,-421,12049,-3787,1301,-3277,bf7aa792,bda4c535,bd5863c5,be375aa0,bf7aa793,bda4c534,bd5863c5,be375aa1,1,9121459

7184,1453,-2964,-12810,-3340,-570,12716,-3723,1213,-3299,bf79db15,bda05327,bd636bae,be482d57,bf79db15,bda05326,bd636bad,be482d57,1,9129978

7185,685,-2222,-13159,-2667,1558,13139,-3713,1125,-3312,bf78f210,bd9ebf53,bd6c57e1,be5942da,bf78f210,bd9ebf52,bd6c57e0,be5942da,1,9138496

7186,296,-1683,-13039,-1332,3759,13974,-3713,1125,-3312,bf77f348,bda0e23a,bd7165a1,be6a146d,bf77f349,bda0e23a,bd7165a1,be6a146e,1,9147015

7187,245,-1328,-12563,-383,4984,14294,-3669,1019,-3276,bf76ed50,bda36c3c,bd7348d3,be7a43f6,bf76ed50,bda36c3b,bd7348d2,be7a43f6,1,9155534

7188,236,-1291,-11949,973,5069,14126,-3597,971,-3268,bf75e515,bda5bb65,bd73f664,be84d104,bf75e516,bda5bb65,bd73f664,be84d105,1,9164052

7189,-108,-1519,-11476,872,4538,14150,-3647,899,-3228,bf74d56f,bda88e7b,bd761deb,be8c2b82,bf74d570,bda88e7b,bd761deb,be8c2b84,1,9172571

7190,-729,-1736,-11104,625,4072,13721,-3647,899,-3228,bf73bc07,bdaca19f,bd7a301a,be933b7b,bf73bc07,bdaca19e,bd7a3019,be933b7c,1,9181090

7191,-1421,-1826,-10703,46,3257,13561,-3551,857,-3205,bf729a90,bdb2023e,bd7f7a18,be9a0123,bf729a91,bdb2023c,bd7f7a18,be9a0125,1,9189608

7192,-1956,-1823,-10384,-791,2720,12998,-3523,731,-3162,bf716f29,bdb80385,bd839ba3,bea09255,bf716f27,bdb80381,bd839ba1,bea09255,1,9198127

7193,-2348,-1770,-10191,-1882,1778,12754,-3523,731,-3162,bf7042af,bdbcfb4a,bd88d380,bea6db7a,bf7042b0,bdbcfb49,bd88d380,bea6db7c,1,9206646

7194,-2652,-1524,-10312,-3399,-19,12275,-3481,709,-3181,bf6f072d,bdc2cd47,bd8d8f5d,bead2759,bf6f072d,bdc2cd46,bd8d8f5c,bead275b,1,9215164

7195,-2861,-965,-10660,-3770,-522,11990,-3453,551,-3143,bf6db72b,bdc9a4f0,bd90f8c8,beb39872,bf6db72b,bdc9a4ef,bd90f8c7,beb39874,1,9223683

7196,-3034,-224,-10969,-3344,-575,11698,-3453,551,-3143,bf6c556f,bdd19071,bd927e2f,beba2098,bf6c5570,bdd19071,bd927e2f,beba209a,1,9231701

7197,-3254,536,-11248,-2689,-98,12736,-3291,559,-3072,bf6ae0f1,bddab31c,bd921071,bec0bdc8,bf6ae0f2,bddab31c,bd921071,bec0bdca,1,9240220

7198,-3242,971,-11237,-2033,1782,13611,-3245,449,-3125,bf6960c8,bde44460,bd90b9ec,bec74a8f,bf6960c9,bde44460,bd90b9ec,bec74a91,1,9248738

7199,-2527,941,-10849,-3309,4346,13771,-3245,449,-3125,bf67e1f2,bded57e8,bd8ff543,becd8c30,bf67e1f3,bded57e8,bd8ff543,becd8c32,1,9257257

7200,-1540,776,-10496,219,3982,14636,-3147,365,-3098,bf66679e,bdf49bf0,bd8c1091,bed3bcdb,bf66679e,bdf49bef,bd8c1091,bed3bcdc,1,9265775

7201,-895,155,-9909,-691,4600,14643,-3065,251,-3115,bf64f76f,bdf9a0fa,bd8a74d5,bed998db,bf64f76f,bdf9a0f9,bd8a74d5,bed998dc,1,9274294

7202,-51,-34,-9421,-326,3836,14946,-3007,265,-3045,bf6399c8,bdfb8273,bd87b484,bedf3a91,bf6399c8,bdfb8271,bd87b483,bedf3a92,1,9282813

7203,361,0,-9165,606,2499,14801,-3007,265,-3045,bf6247ba,bdfbafdb,bd838830,bee4ad06,bf6247ba,bdfbafd9,bd83882f,bee4ad07,1,9291331

7204,483,-254,-8750,-101,822,14049,-2897,111,-3082,bf60feda,bdfa9aed,bd805a6b,bee9dfd9,bf60feda,bdfa9aeb,bd805a6a,bee9dfda,1,9299850

7205,-29,-393,-8376,-905,-2305,14285,-2809,113,-3060,bf5fb920,bdfa43a9,bd7cf955,beeecaa0,bf5fb920,bdfa43a7,bd7cf953,beeecaa1,1,9308368

7206,-1611,-76,-8072,-3230,-6143,12049,-2809,113,-3060,bf5e6b7c,bdfdc3d5,bd7c9798,bef36481,bf5e6b7a,bdfdc3d1,bd7c9794,bef36480,1,9316887

7207,-5150,-376,-5364,-6516,-8821,12422,-2767,67,-3040,bf5d5e47,be043d91,bd845ed3,bef64b96,bf5d5e47,be043d90,bd845ed2,bef64b97,1,9325406

7208,-9440,-583,-1540,-8858,-5653,13738,-2833,63,-2945,bf5cb5cb,be0e064f,bd921417,bef6cfa6,bf5cb5cb,be0e064e,bd921416,bef6cfa7,1,9333924

7209,-11483,264,808,-2256,20808,21618,-2833,63,-2945,bf5c40dc,be1bd337,bda1c8af,bef5bf39,bf5c40dd,be1bd336,bda1c8af,bef5bf3b,1,9341942

7210,-5865,3827,-4874,6829,18253,18062,-2839,27,-2978,bf5b3999,be264097,bd9f0e02,bef7d1cc,bf5b3998,be264095,bd9f0e00,bef7d1cc,1,9350461

7211,991,4762,-8504,5621,9484,15449,-2693,-49,-2988,bf59f9d3,be29cf10,bd8f4b6b,befc2fba,bf59f9d2,be29cf0e,bd8f4b69,befc2fba,1,9358979

7212,2975,3097,-5930,4410,8736,16454,-2693,-49,-2988,bf59301f,be29c601,bd81d79c,beff58d2,bf593020,be29c600,bd81d79b,beff58d4,1,9367498

7213,4007,1981,-3427,2231,5621,15919,-2597,-75,-3007,bf58d5a3,be2745e5,bd6ca108,bf00a6e2,bf58d5a3,be2745e3,bd6ca105,bf00a6e3,1,9376017

7214,4545,1505,-2218,2579,249,15528,-2565,-51,-3042,bf58bac5,be22f935,bd567779,bf0152da,bf58bac4,be22f932,bd567774,bf0152da,1,9384535

7215,3861,1714,-2405,4475,-547,14575,-2557,-65,-3048,bf588ae4,be1fc564,bd409396,bf0204f5,bf588ae5,be1fc562,bd409392,bf0204f6,1,9393054

7216,2836,1606,-3234,4910,-784,13411,-2557,-65,-3048,bf5826cb,be1dbd72,bd2d2023,bf02edbd,bf5826cb,be1dbd6f,bd2d201e,bf02edbe,1,9401572

7217,1833,1450,-4352,4591,1679,13840,-2469,3,-3005,bf577f4f,be1d0245,bd1c205c,bf0423d3,bf577f4f,be1d0242,bd1c2057,bf0423d4,1,9410091

7218,1407,1074,-4725,4847,5494,15328,-2401,-49,-3074,bf56b9bc,be1d04bf,bd0ee07c,bf05729b,bf56b9bc,be1d04bc,bd0ee076,bf05729c,1,9418610

7219,2152,6,-4429,3456,6982,16507,-2401,-49,-3074,bf56056a,be1b8aea,bd05e1d7,bf06b7b6,bf560569,be1b8ae7,bd05e1d0,bf06b7b6,1,9427128

7220,3173,-937,-3744,2535,5597,17477,-2377,-79,-3067,bf55781e,be18001a,bcfd1a35,bf07de69,bf55781e,be180018,bcfd1a28,bf07de6a,1,9435647

7221,3758,-1620,-3001,1778,4723,17454,-2379,-89,-3117,bf551159,be130368,bcf2c09e,bf08db55,bf551158,be130366,bcf2c091,bf08db56,1,9443665

7222,3984,-2078,-2498,2153,4086,16167,-2379,-89,-3117,bf54bfc5,be0d8014,bcea6e87,bf09ba23,bf54bfc5,be0d8012,bcea6e7b,bf09ba24,1,9452183

7223,4072,-2419,-2356,2631,3016,15751,-2329,3,-3094,bf547303,be0788a2,bce2b99e,bf0a9333,bf547302,be07889f,bce2b992,bf0a9333,1,9460702

7224,3766,-2501,-2169,2699,3663,16176,-2369,-17,-3177,bf54286a,be020518,bcde82dc,bf0b5b28,bf54286a,be020516,bcde82d1,bf0b5b28,1,9469221

7225,3132,-2447,-1974,2447,4505,16561,-2369,-17,-3177,bf53dd8e,bdfad509,bcdf9053,bf0c0fad,bf53dd90,bdfad507,bcdf904a,bf0c0fae,1,9477739

7226,2653,-2349,-1905,1784,3271,16806,-2353,31,-3143,bf5390e5,bdf2035c,bce1b045,bf0cc054,bf5390e5,bdf20358,bce1b03a,bf0cc054,1,9486258

7227,2519,-2411,-1597,1419,1606,16535,-2401,35,-3128,bf535478,bde86c96,bce47e8c,bf0d5a4a,bf535479,bde86c93,bce47e81,bf0d5a4b,1,9494777

7228,2253,-2459,-1325,254,1333,16702,-2355,91,-3206,bf5322cb,bddee073,bceba8d2,bf0ddeda,bf5322ca,bddee06e,bceba8c6,bf0ddeda,1,9503295

7229,2031,-2327,-1403,-394,898,16587,-2355,91,-3206,bf52eb81,bdd5de2e,bcf3b506,bf0e64e6,bf52eb82,bdd5de2b,bcf3b4fd,bf0e64e7,1,9511814

7230,1956,-2133,-1433,-15,1564,15784,-2373,85,-3287,bf52afed,bdcd83d2,bcfa6f2a,bf0eeb25,bf52afec,bdcd83cd,bcfa6f1f,bf0eeb25,1,9520333

7231,1964,-1951,-1416,936,2596,16203,-2383,95,-3258,bf526f91,bdc6830f,bcfe5699,bf0f6f99,bf526f90,bdc6830a,bcfe568e,bf0f6f99,1,9528851

7232,2010,-1789,-1268,1985,3130,16407,-2383,95,-3258,bf5234cf,bdc074b9,bcff9a83,bf0fe605,bf5234cf,bdc074b5,bcff9a79,bf0fe606,1,9536869

7233,2198,-1896,-847,1635,-4125,10422,-2375,93,-3312,bf521712,bdb8083a,bcff64ba,bf103d84,bf521712,bdb80835,bcff64af,bf103d85,1,9545388

7234,2187,-1494,-983,-1996,-300,13868,-2373,137,-3232,bf51f3f8,bdafbb00,bd00b124,bf109909,bf51f3f9,bdafbafc,bd00b11f,bf10990a,1,9553906

7235,861,53,-1870,184,-460,13605,-2373,137,-3232,bf519df0,bdacfdd0,bcf8d63d,bf112689,bf519def,bdacfdcb,bcf8d631,bf112688,1,9562425

7236,388,1418,-2553,1,-368,13020,-2311,101,-3326,bf512617,bdad5794,bce70381,bf11d8ae,bf512617,bdad578f,bce70376,bf11d8ae,1,9570943

7237,-182,2522,-2962,-1107,447,14508,-2295,105,-3267,bf50983c,bdb07158,bcd219ef,bf129c5b,bf50983d,bdb07154,bcd219e5,bf129c5c,1,9579462

7238,-529,3365,-3464,-997,1490,15488,-2295,105,-3267,bf4feeae,bdb5dfce,bcb93e11,bf137a62,bf4feead,bdb5dfc8,bcb93e06,bf137a62,1,9587981

7239,-581,3956,-3594,2248,4464,24667,-2245,111,-3273,bf4f36e3,bdbe1b69,bc9814c4,bf145c59,bf4f36e4,bdbe1b64,bc9814ba,bf145c5a,1,9596499

7240,-216,2560,-2466,4738,8433,17526,-2163,91,-3328,bf4eb6ec,bdc4478d,bc836460,bf14f359,bf4eb6ed,bdc44788,bc836456,bf14f35a,1,9605018

7241,901,-59,-708,2526,2424,16788,-2195,83,-3333,bf4e90b7,bdc2e9f6,bc78245d,bf15310d,bf4e90b5,bdc2e9ef,bc782446,bf15310d,1,9613537

7242,1069,-942,191,-921,2962,15456,-2195,83,-3333,bf4e9c14,bdbeec8c,bc849f5c,bf15341d,bf4e9c14,bdbeec87,bc849f52,bf15341f,1,9622055

7243,936,-792,320,-496,2922,15372,-2245,135,-3312,bf4eac99,bdbb8af0,bc8c722b,bf152c98,bf4eac98,bdbb8aeb,bc8c7220,bf152c99,1,9630574

7244,692,-343,286,3926,1359,14551,-2269,83,-3307,bf4eb6f0,bdba3110,bc880bc2,bf15260f,bf4eb6ef,bdba310b,bc880bb7,bf152610,1,9639093

7245,267,-683,778,3506,1964,14267,-2269,83,-3307,bf4ed4f3,bdb96ae5,bc8a5389,bf14ffc4,bf4ed4f2,bdb96ae0,bc8a537e,bf14ffc5,1,9647111

7246,221,-1468,1193,2590,255,14005,-2315,123,-3217,bf4f0855,bdb68747,bc930558,bf14c48d,bf4f0854,bdb68742,bc93054d,bf14c48e,1,9655629

7247,580,-2076,1058,1076,1647,15288,-2251,93,-3277,bf4f339b,bdb1f0d1,bca1aed0,bf149ab4,bf4f339b,bdb1f0cd,bca1aec6,bf149ab6,1,9664148

7248,252,-1962,392,1388,1044,15581,-2251,93,-3277,bf4f3c8d,bdae216b,bcaf3915,bf149c74,bf4f3c8a,bdae2165,bcaf3909,bf149c75,1,9672667

7249,7,-1757,54,-107,1958,16778,-2335,75,-3337,bf4f362a,bdaac217,bcc15a6b,bf14af62,bf4f3627,bdaac212,bcc15a60,bf14af64,1,9681185

7250,-146,-1653,56,295,2604,16343,-2329,121,-3270,bf4f2bf3,bda8a42e,bcd38102,bf14c119,bf4f2bf0,bda8a429,bcd380f7,bf14c11b,1,9689704

7251,83,-1656,199,-475,1746,15415,-2329,121,-3270,bf4f2cb2,bda52af4,bce4c618,bf14c944,bf4f2cb0,bda52aef,bce4c60e,bf14c946,1,9698222

7252,344,-1550,109,-1969,1903,15584,-2383,171,-3275,bf4f2eb7,bda12059,bcf63d02,bf14d132,bf4f2eb5,bda12054,bcf63cf8,bf14d134,1,9706741

7253,473,-1027,-142,440,1902,15526,-2385,151,-3315,bf4f20f3,bd9e5c1c,bcfc94e9,bf14ed94,bf4f20f1,bd9e5c17,bcfc94df,bf14ed96,1,9715260

7254,374,-783,-261,1371,2670,15593,-2403,187,-3238,bf4f0bc1,bd9d3f71,bd004f7a,bf150e04,bf4f0bc0,bd9d3f6c,bd004f75,bf150e07,1,9723778

7255,284,-1046,-189,574,2751,15502,-2403,187,-3238,bf4ef907,bd9bab50,bd04e4b3,bf152aa0,bf4ef906,bd9bab4b,bd04e4ae,bf152aa3,1,9732297

7256,193,-1204,-59,532,3142,13586,-2385,175,-3212,bf4eeae1,bd9a7fb7,bd0b1305,bf153d79,bf4eeae1,bd9a7fb3,bd0b1301,bf153d7d,1,9740815

7257,-137,-768,-327,-362,2785,14016,-2375,175,-3283,bf4ecfcd,bd9a06f5,bd113e5e,bf155f14,bf4ecfcc,bd9a06f0,bd113e5a,bf155f18,1,9748833

7258,-600,66,-801,-1494,3912,15480,-2375,175,-3283,bf4e9ede,bd9bd278,bd163ee4,bf15965b,bf4e9edd,bd9bd273,bd163edf,bf15965f,1,9757352

7259,-650,768,-964,-1840,4315,16196,-2411,125,-3256,bf4e686e,bd9ec528,bd187cb5,bf15d2ce,bf4e686c,bd9ec521,bd187caf,bf15d2d0,1,9765870

7260,-115,950,-657,-3886,2387,16030,-2397,159,-3233,bf4e48ea,bd9fb518,bd18338e,bf15fa7d,bf4e48e9,bd9fb512,bd183389,bf15fa80,1,9774389

7261,537,1370,-386,-5689,1072,15274,-2397,159,-3233,bf4e3db5,bd9f9e3e,bd13f019,bf160e8c,bf4e3db4,bd9f9e37,bd13f013,bf160e8e,1,9782908

7262,972,2619,-661,-7525,615,15335,-2393,111,-3273,bf4e2b93,bda08c00,bd08f551,bf162de8,bf4e2b92,bda08bf9,bd08f54b,bf162dea,1,9791426

7263,1002,4618,-1387,-7859,1589,15334,-2313,137,-3272,bf4df99d,bda4b7cb,bceae205,bf1670e0,bf4df99c,bda4b7c4,bceae1f9,bf1670e2,1,9799945

7264,902,7073,-2192,2196,5083,12172,-2313,137,-3272,bf4d996a,bdaf8eac,bcaa6cbe,bf16d8fe,bf4d9969,bdaf8ea4,bcaa6cb1,bf16d8ff,1,9808464

7265,1109,8505,-2985,16286,1211,22694,-2277,153,-3242,bf4d112e,bdbb7bc1,bc2b0656,bf176ac3,bf4d112e,bdbb7bba,bc2b063d,bf176ac4,1,9816982

7266,490,4358,-2339,8138,3749,14982,-2193,135,-3230,bf4c9a6a,bdc2a106,bba65628,bf17ebc2,bf4c9a69,bdc2a0fe,bba655f6,bf17ebc2,1,9825501

7267,572,253,-768,5426,-3267,16172,-2193,135,-3230,bf4c732b,bdc1843f,bb78dbe7,bf1826dc,bf4c732a,bdc18437,bb78db83,bf1826dc,1,9834019

7268,-583,-1005,-1580,-373,2215,15655,-2189,159,-3265,bf4c1bd3,bdc08bc0,bbbec8ff,bf189fcb,bf4c1bd3,bdc08bb9,bbbec8ce,bf189fcb,1,9842538

7269,-1036,-489,-2717,1393,3352,15472,-2127,107,-3310,bf4b8134,bdc2e001,bbec3b9f,bf1960f8,bf4b8134,bdc2dffa,bbec3b6e,bf1960f8,1,9850556

7270,-617,-667,-2915,2483,2376,14885,-2133,25,-3338,bf4ade29,bdc3f468,bc01fdf5,bf1a324c,bf4ade28,bdc3f460,bc01fddc,bf1a324b,1,9859074

7271,-423,-670,-3365,783,4665,15306,-2133,25,-3338,bf4a2839,bdc4d950,bc17843a,bf1b1ac5,bf4a2839,bdc4d94a,bc178422,bf1b1ac5,1,9867593

7272,356,-979,-3980,706,3794,15447,-2087,29,-3330,bf49569e,bdc35e18,bc25ddc7,bf1c3103,bf49569e,bdc35e11,bc25ddaf,bf1c3103,1,9876112

7273,1421,-1570,-4377,2240,3251,16397,-1997,15,-3268,bf487330,bdbef375,bc26c791,bf1d6a18,bf487331,bdbef36f,bc26c77b,bf1d6a19,1,9884630

7274,2201,-2366,-4306,1210,1631,15845,-1997,15,-3268,bf4797cc,bdb68d96,bc295a96,bf1ea74c,bf4797cd,bdb68d90,bc295a80,bf1ea74d,1,9893149

7275,2480,-2687,-3683,3056,2207,15346,-1963,5,-3272,bf46db7f,bdae0cc3,bc2b9a2f,bf1fb8e7,bf46db81,bdae0cbe,bc2b9a19,bf1fb8e8,1,9901668

7276,2890,-3015,-2959,1606,1729,15881,-1951,33,-3362,bf46457d,bda38f12,bc30dc03,bf209ebd,bf46457d,bda38f0b,bc30dbea,bf209ebc,1,9910186

7277,2797,-3336,-2271,1284,-159,15219,-1951,33,-3362,bf45d3b0,bd97dda1,bc3a7d81,bf2157e3,bf45d3b0,bd97dd9a,bc3a7d69,bf2157e2,1,9918705

7278,2880,-3388,-1753,235,545,15821,-2003,35,-3363,bf457c44,bd8bae2b,bc49eada,bf21ed96,bf457c44,bd8bae24,bc49eac3,bf21ed95,1,9927223

7279,2764,-3243,-1458,1179,688,15262,-1957,59,-3364,bf452f78,bd80afaa,bc551772,bf226e87,bf452f78,bd80afa3,bc55175b,bf226e86,1,9935742

7280,2595,-3284,-1563,733,1359,15578,-1957,59,-3364,bf44d958,bd6c74ca,bc66a614,bf22f512,bf44d959,bd6c74bd,bc66a5fe,bf22f511,1,9944261

7281,2415,-3253,-1847,-1810,-532,15123,-1949,27,-3428,bf44773b,bd5563bb,bc7de23a,bf2388e3,bf44773d,bd5563af,bc7de226,bf2388e3,1,9952779

7282,1647,-2617,-1846,-3825,-1014,15136,-1957,133,-3480,bf441394,bd434f1a,bc8c3da5,bf241421,bf441396,bd434f0c,bc8c3d9a,bf241421,1,9960797

7283,664,-1500,-1706,-3447,-834,15817,-1959,63,-3465,bf43b2fe,bd3908f8,bc96f341,bf2490ca,bf43b2ff,bd3908e9,bc96f335,bf2490c8,1,9969315

7284,387,-579,-1362,-2267,-619,16127,-1959,63,-3465,bf43631a,bd3327d4,bc9b0bdb,bf24f528,bf43631b,bd3327c5,bc9b0bcf,bf24f526,1,9977834

7285,657,-86,-814,-1803,-798,15452,-1965,79,-3403,bf433216,bd2de2a6,bc98ba12,bf253550,bf433218,bd2de297,bc98ba07,bf25354f,1,9986353

7286,366,436,-411,-799,-411,15572,-1979,69,-3473,bf43150d,bd2c210e,bc9300e1,bf255abc,bf43150e,bd2c20fe,bc9300d6,bf255aba,1,9994872

7287,20,811,-338,919,916,15700,-1979,69,-3473,bf42f8af,bd2fc728,bc8b5e1d,bf2579fe,bf42f8b1,bd2fc719,bc8b5e12,bf2579fd,1,10003390

7288,-44,735,-465,945,603,15719,-1957,99,-3432,bf42d50c,bd331ca4,bc844588,bf25a1d3,bf42d50d,bd331c94,bc84457c,bf25a1d0,1,10011909

7289,-66,431,-543,548,480,15662,-1931,89,-3430,bf42ac23,bd350b30,bc802d29,bf25d09b,bf42ac25,bd350b21,bc802d1e,bf25d09a,1,10020428

7290,-171,310,-651,774,442,15713,-1931,89,-3430,bf427d08,bd371d9e,bc7abdbd,bf26061e,bf427d09,bd371d8e,bc7abda5,bf26061c,1,10028946

7291,-257,142,-737,1330,1517,15897,-1959,77,-3366,bf4248c8,bd3a4cc5,bc7b0c1d,bf263fb0,bf4248c9,bd3a4cb6,bc7b0c05,bf263fae,1,10037465

7292,-114,-227,-914,985,1297,15898,-1941,111,-3406,bf420a6b,bd3b44b4,bc7f28f3,bf2686fa,bf420a6c,bd3b44a5,bc7f28db,bf2686f8,1,10045983

7293,44,-611,-1094,-1026,572,15485,-1941,111,-3406,bf41c40d,bd37b945,bc867134,bf26db6e,bf41c40e,bd37b936,bc867128,bf26db6c,1,10054001

7294,1,-530,-1207,-1232,995,15499,-1953,95,-3375,bf417761,bd34f078,bc8e17d4,bf2735c1,bf417763,bd34f06a,bc8e17c8,bf2735c0,1,10062520

7295,-62,-73,-1513,-207,731,15691,-1987,87,-3399,bf41198a,bd3488e8,bc8fa8e8,bf27a230,bf41198c,bd3488d9,bc8fa8db,bf27a22e,1,10071039

7296,-91,78,-1603,511,487,15543,-1925,101,-3297,bf40b592,bd35623c,bc8e46c5,bf281475,bf40b593,bd35622c,bc8e46b7,bf281472,1,10079557

7297,-201,-38,-1403,51,505,15711,-1925,101,-3297,bf405bff,bd35cc7f,bc8f8bf9,bf287a3a,bf405c02,bd35cc71,bc8f8bec,bf287a39,1,10088076

7298,-307,-135,-1188,23,557,15763,-1915,43,-3394,bf400dae,bd36447a,bc92853b,bf28d254,bf400db0,bd36446c,bc92852d,bf28d252,1,10096594

7299,-392,-134,-1056,1,618,15690,-1901,31,-3403,bf3fc60a,bd371c7f,bc963f26,bf2921f7,bf3fc60d,bd371c72,bc963f19,bf2921f6,1,10105113

7300,-482,-158,-854,-462,4,15632,-1901,31,-3403,bf3f8ab4,bd3739de,bc9addf9,bf2963ff,bf3f8ab5,bd3739cf,bc9addeb,bf2963fd,1,10113632

7301,-703,-33,-488,-189,431,15661,-1897,77,-3353,bf3f61e7,bd393644,bca03d6c,bf298eae,bf3f61e8,bd393636,bca03d5e,bf298eac,1,10122150

7302,-910,46,-245,122,1283,15689,-1909,9,-3383,bf3f452c,bd3d5fe0,bca7742f,bf29a8c1,bf3f452d,bd3d5fd2,bca77421,bf29a8bf,1,10130669

7303,-1013,-64,-69,-2699,-1453,14678,-1909,9,-3383,bf3f389a,bd3e4fc5,bcb15a36,bf29b35a,bf3f389d,bd3e4fb8,bcb15a29,bf29b359,1,10139187

7304,-1607,163,503,-1350,2051,17531,-1927,69,-3359,bf3f44c6,bd44cd64,bcc08407,bf299a19,bf3f44c9,bd44cd58,bcc083f9,bf299a17,1,10147706

7305,-1540,1043,486,-732,525,15472,-1943,59,-3280,bf3f5248,bd4d1b44,bcc4e363,bf297fc3,bf3f5249,bd4d1b36,bcc4e353,bf297fc0,1,10156225

7306,-1469,1254,545,-877,814,15250,-1943,59,-3280,bf3f6396,bd55e873,bcc7fb8b,bf29606d,bf3f6397,bd55e865,bcc7fb7a,bf29606a,1,10164243

7307,-1593,1327,857,745,2541,16670,-1955,-1,-3342,bf3f83e2,bd62446c,bccb1d5e,bf292ae6,bf3f83e4,bd62445f,bccb1d4d,bf292ae3,1,10172761

7308,-1439,1418,753,588,3167,15640,-1961,45,-3294,bf3f9f89,bd6eb3a6,bccdd818,bf28f9a4,bf3f9f8b,bd6eb399,bccdd806,bf28f9a1,1,10181280

7309,-935,1293,376,624,2182,15647,-1955,57,-3303,bf3fa779,bd77f81e,bccc1a3c,bf28e3d1,bf3fa77b,bd77f812,bccc1a2a,bf28e3ce,1,10189798

7310,-690,1085,518,-505,2961,15684,-1955,57,-3303,bf3fb9a2,bd7f2437,bcce052d,bf28c3ec,bf3fb9a4,bd7f242c,bcce051a,bf28c3e9,1,10198317

7311,-297,1203,662,-690,2028,15384,-2011,69,-3279,bf3fd7d3,bd81ec94,bccbbe39,bf289b1b,bf3fd7d5,bd81ec8e,bccbbe26,bf289b18,1,10206836

7312,-93,1506,681,3040,4003,15472,-1953,43,-3294,bf3ff6a4,bd861db6,bcc2142d,bf286dba,bf3ff6a7,bd861db1,bcc2141a,bf286db8,1,10215354

7313,394,1091,617,3762,2806,15213,-1953,43,-3294,bf4013ba,bd887552,bcb65665,bf284850,bf4013bb,bd88754b,bcb65650,bf28484c,1,10223873

7314,797,-59,665,1536,1788,15362,-1973,11,-3273,bf4032a2,bd87516d,bcb1721c,bf282a01,bf4032a4,bd875167,bcb17209,bf2829ff,1,10232392

7315,837,-659,679,453,1309,15517,-1953,91,-3316,bf4051c5,bd845314,bcb2046a,bf280fc6,bf4051c6,bd84530e,bcb20457,bf280fc4,1,10240910

7316,737,-757,697,-144,1574,15649,-1953,91,-3316,bf407162,bd813cb9,bcb5f64a,bf27f421,bf407163,bd813cb3,bcb5f636,bf27f41f,1,10249429

7317,717,-642,772,-161,1429,15915,-1993,107,-3347,bf409624,bd7c8194,bcb8fabe,bf27d23c,bf409627,bd7c818b,bcb8faac,bf27d23b,1,10257947

7318,704,-552,933,178,1524,15904,-2005,105,-3314,bf40c2f4,bd776eec,bcbacf75,bf27a5d1,bf40c2f5,bd776ee1,bcbacf61,bf27a5cf,1,10265965

7319,694,-508,1006,-230,1534,15974,-2005,105,-3314,bf40f408,bd723596,bcbd57df,bf277440,bf40f408,bd72358a,bcbd57ca,bf27743d,1,10274484

7320,692,-417,956,-792,1575,15726,-2017,109,-3232,bf41233e,bd6cfc4c,bcc074f0,bf274461,bf41233f,bd6cfc41,bcc074db,bf27445e,1,10283003

7321,637,-153,883,250,1302,15540,-2099,123,-3314,bf414f33,bd696591,bcbf1c60,bf271704,bf414f34,bd696587,bcbf1c4b,bf271701,1,10291521

7322,539,-50,855,871,992,15449,-2093,103,-3312,bf4178b6,bd66fd2e,bcbb88fa,bf26eb4b,bf4178b9,bd66fd26,bcbb88e7,bf26eb4a,1,10300040

7323,267,-233,858,278,949,15480,-2093,103,-3312,bf41a119,bd6459cb,bcbc8a89,bf26bfcd,bf41a11a,bd6459c2,bcbc8a75,bf26bfcb,1,10308558

7324,-77,-367,753,-4678,-1227,17633,-2105,109,-3372,bf41c835,bd6065e0,bcc4b03e,bf26955c,bf41c836,bd6065d7,bcc4b02b,bf26955a,1,10317077

7325,-318,313,-48,-3737,-2511,15203,-2055,73,-3387,bf41c32e,bd5fac6c,bcc6e5a7,bf269b85,bf41c331,bd5fac65,bcc6e596,bf269b84,1,10325595

7326,-1328,2546,-1177,5471,7215,15584,-2055,73,-3387,bf417a41,bd714056,bcbcef5d,bf26da99,bf417a42,bd71404e,bcbcef49,bf26da97,1,10334114

7327,-196,1069,136,3085,2665,16117,-2017,121,-3269,bf417989,bd782171,bcb53cf6,bf26d37b,bf41798a,bd782169,bcb53ce2,bf26d379,1,10342633

7328,166,-102,339,-2277,-267,15433,-2053,93,-3310,bf4189fd,bd745381,bcb89575,bf26c517,bf4189fe,bd74537a,bcb89561,bf26c515,1,10351151

7329,95,319,308,-1057,-132,15668,-2053,93,-3310,bf419777,bd728cad,bcb74491,bf26b867,bf419778,bd728ca7,bcb7447e,bf26b866,1,10359169

7330,-575,944,270,2737,2704,15637,-2053,97,-3288,bf419c39,bd7a8693,bcb3ab8f,bf26a80f,bf419c39,bd7a868c,bcb3ab7b,bf26a80e,1,10367688

7331,-421,271,352,1645,2436,15652,-2077,121,-3267,bf41a4d5,bd7f0c5f,bcb55ba8,bf2696bc,bf41a4d5,bd7f0c58,bcb55b94,bf2696bb,1,10376206

7332,-131,-293,299,827,1164,15708,-2077,121,-3267,bf41abde,bd7e6a60,bcb87b2b,bf268eaa,bf41abde,bd7e6a59,bcb87b17,bf268ea9,1,10384725

7333,-233,-506,340,1801,549,15414,-2043,127,-3321,bf41b43e,bd7ddaa6,bcbbb9b6,bf2684e0,bf41b440,bd7ddaa1,bcbbb9a3,bf2684e0,1,10393243

7334,-559,-881,505,-56,1548,15473,-2073,169,-3252,bf41c389,bd7c6e8b,bcc97865,bf267139,bf41c38a,bd7c6e85,bcc97851,bf267139,1,10401762

7335,-735,-1065,579,-1114,1419,15860,-2089,83,-3288,bf41d7d7,bd7a0eca,bcdbbe0e,bf265762,bf41d7d6,bd7a0ec3,bcdbbdf9,bf265761,1,10410281

7336,-826,-782,476,-1360,2274,15624,-2089,83,-3288,bf41e5fd,bd79d8fa,bcee055a,bf2640e9,bf41e5fc,bd79d8f4,bcee0546,bf2640e9,1,10418799

7337,-684,-305,392,-1111,2566,15580,-2089,127,-3287,bf41f07d,bd7b37cf,bcfb7512,bf262da6,bf41f07b,bd7b37c8,bcfb74fd,bf262da5,1,10427318

7338,-507,83,435,-410,1539,15749,-2055,91,-3267,bf41fd27,bd7ca9f8,bd006d56,bf261a9b,bf41fd26,bd7ca9f3,bd006d4d,bf261a9c,1,10435837

7339,-545,269,598,322,1927,15641,-2055,91,-3267,bf42117b,bd800dc2,bd020c6b,bf25fc50,bf42117a,bd800dbf,bd020c62,bf25fc51,1,10444355

7340,-534,236,690,839,2616,15425,-2099,95,-3246,bf422b46,bd824401,bd040424,bf25d5b2,bf422b45,bd8243fe,bd04041b,bf25d5b3,1,10452874

7341,-381,-19,797,124,1835,15821,-2065,85,-3255,bf424af7,bd82ec14,bd066286,bf25ac97,bf424af5,bd82ec11,bd06627d,bf25ac97,1,10461392

7342,-363,-149,943,-392,1944,15612,-2065,85,-3255,bf4272d8,bd831dec,bd0a00f6,bf257a2f,bf4272d6,bd831dea,bd0a00ed,bf257a2f,1,10469410

7343,-353,-21,887,372,2017,15549,-2149,99,-3254,bf4298fc,bd83e0b3,bd0c4c9d,bf2548f9,bf4298fb,bd83e0b1,bd0c4c95,bf2548f9,1,10477929

7344,-247,-23,619,905,2291,15577,-2179,117,-3248,bf42b131,bd84dcb6,bd0dd252,bf2527fe,bf42b131,bd84dcb5,bd0dd24b,bf2527fe,1,10486448

7345,-176,-277,335,282,1990,15647,-2179,117,-3248,bf42ba7e,bd84bf51,bd106c5a,bf251b25,bf42ba7e,bd84bf50,bd106c53,bf251b25,1,10494966

7346,-161,-500,214,-258,1772,15741,-2101,59,-3338,bf42bb6d,bd83e3b8,bd1410e8,bf251991,bf42bb6c,bd83e3b6,bd1410e0,bf251990,1,10503485

7347,-209,-528,156,-9,2971,15410,-2143,51,-3221,bf42b86c,bd83f42c,bd18ed45,bf251877,bf42b86d,bd83f42b,bd18ed3e,bf251878,1,10512004

7348,-65,-515,194,-821,2033,15475,-2177,83,-3239,bf42bb4e,bd82b815,bd1d626d,bf2514ce,bf42bb50,bd82b815,bd1d6267,bf2514d0,1,10520522

7349,10,-374,240,-2000,1309,15686,-2177,83,-3239,bf42c429,bd80f1db,bd213ed3,bf250c38,bf42c42a,bd80f1da,bd213ecc,bf250c38,1,10529041

7350,-195,167,105,-1837,3228,15402,-2183,65,-3336,bf42c489,bd817bff,bd24eca3,bf250673,bf42c489,bd817bfe,bd24ec9b,bf250673,1,10537560

7351,-3,701,-112,1004,3477,15336,-2141,83,-3282,bf42b73d,bd83de8d,bd233479,bf25104c,bf42b73d,bd83de8b,bd233470,bf25104b,1,10546078

7352,301,528,29,-208,2049,15512,-2141,83,-3282,bf42b3f3,bd840d27,bd21326f,bf251591,bf42b3f3,bd840d25,bd213266,bf251590,1,10554597

7353,445,473,241,-1382,1720,15611,-2137,95,-3258,bf42bfa0,bd8320bd,bd20053f,bf250be2,bf42bfa1,bd8320bb,bd200537,bf250be1,1,10563116

7354,391,867,244,-189,1777,15654,-2143,97,-3287,bf42ca0b,bd838065,bd1c1e0a,bf250223,bf42ca0b,bd838063,bd1c1e02,bf250221,1,10571634

7355,322,1054,216,867,1933,15605,-2143,97,-3287,bf42d1ed,bd85045c,bd16a625,bf24f90c,bf42d1ee,bd85045b,bd16a61e,bf24f90a,1,10579652

7356,271,837,304,620,1630,15593,-2151,41,-3247,bf42de3d,bd85eb66,bd1252b0,bf24eb7a,bf42de3e,bd85eb65,bd1252a9,bf24eb78,1,10588171

7357,179,558,404,574,1674,15624,-2171,93,-3309,bf42ef6f,bd867710,bd0f9118,bf24d7cc,bf42ef70,bd86770f,bd0f9111,bf24d7ca,1,10596689

7358,94,365,368,-2,2017,15636,-2171,93,-3309,bf42fdfc,bd86bc70,bd0f12df,bf24c623,bf42fdfc,bd86bc6f,bd0f12d8,bf24c620,1,10605208

7359,67,278,331,-8,2334,15521,-2195,97,-3279,bf430a7b,bd871e27,bd0f7961,bf24b5be,bf430a7c,bd871e27,bd0f795b,bf24b5bd,1,10613727

7360,115,253,228,-38,2186,15556,-2141,127,-3258,bf43101b,bd875121,bd0f7bb4,bf24ae6b,bf43101c,bd875121,bd0f7bae,bf24ae6a,1,10622245

7361,154,264,172,-52,2287,15568,-2169,99,-3268,bf4313b2,bd877bd8,bd0f804d,bf24a999,bf4313b3,bd877bd8,bd0f8047,bf24a998,1,10630764

7362,182,249,217,44,2138,15526,-2169,99,-3268,bf4319cc,bd8784e1,bd0f339b,bf24a283,bf4319cd,bd8784e1,bd0f3395,bf24a282,1,10639282

7363,183,211,222,171,1969,15621,-2189,79,-3221,bf432088,bd876b4f,bd0eb659,bf249b4a,bf432089,bd876b4f,bd0eb653,bf249b49,1,10647801

7364,147,124,180,-107,2369,15483,-2137,81,-3220,bf432300,bd8771de,bd0f623c,bf2497b1,bf432301,bd8771de,bd0f6236,bf2497b0,1,10656319

7365,160,46,102,137,1934,15654,-2137,81,-3220,bf432120,bd8727f7,bd0f78fe,bf249aca,bf43211f,bd8727f6,bd0f78f7,bf249ac8,1,10664838

7366,156,9,90,-191,2147,15642,-2171,103,-3288,bf432007,bd86b549,bd108108,bf249ca8,bf432008,bd86b54a,bd108103,bf249ca8,1,10673357

7367,159,57,127,-307,2105,15598,-2145,105,-3192,bf43203f,bd865026,bd11560f,bf249cf5,bf432040,bd865027,bd11560a,bf249cf5,1,10681374

7368,158,116,129,-31,2062,15558,-2145,105,-3192,bf432039,bd86266e,bd1185a7,bf249d59,bf43203a,bd86266f,bd1185a2,bf249d59,1,10689893

7369,193,191,80,78,2010,15595,-2175,109,-3215,bf431ed3,bd86069f,bd11227d,bf249fc1,bf431ed4,bd8606a0,bd112278,bf249fc1,1,10698411

7370,214,201,-44,355,2397,15541,-2179,79,-3259,bf431636,bd864ecb,bd10aed6,bf24a971,bf431636,bd864ecb,bd10aed0,bf24a970,1,10706937

7371,276,195,-214,420,2108,15589,-2179,79,-3259,bf4304f6,bd864e6b,bd0f9211,bf24bed9,bf4304f6,bd864e6b,bd0f920b,bf24bed8,1,10715456

7372,334,150,-277,302,2080,15597,-2139,71,-3240,bf42ef87,bd86148d,bd0e7c0f,bf24d9e2,bf42ef88,bd86148e,bd0e7c0a,bf24d9e1,1,10723975

7373,346,116,-237,150,2099,15595,-2133,65,-3190,bf42dc2f,bd85b5af,bd0dbbc6,bf24f299,bf42dc31,bd85b5b0,bd0dbbc2,bf24f299,1,10732493

7374,346,114,-189,59,2193,15561,-2201,127,-3233,bf42cde1,bd853d97,bd0d7217,bf250541,bf42cde2,bd853d97,bd0d7212,bf250540,1,10741012

7375,370,114,-151,-351,2302,15629,-2201,127,-3233,bf42c27f,bd848fde,bd0dc240,bf25149b,bf42c280,bd848fde,bd0dc23b,bf25149a,1,10749531

7376,435,191,-203,-536,2094,15552,-2135,125,-3282,bf42b363,bd83c040,bd0d5e88,bf25295b,bf42b363,bd83c03f,bd0d5e82,bf252959,1,10758049

7377,420,311,-383,-572,1796,15674,-2131,101,-3320,bf429b1d,bd82fa3e,bd0c2eb6,bf25496e,bf429b1d,bd82fa3d,bd0c2eb0,bf25496c,1,10766568

7378,316,405,-525,-245,1818,15618,-2131,101,-3320,bf427a17,bd82c6df,bd0a8c23,bf257249,bf427a18,bd82c6de,bd0a8c1d,bf257248,1,10774586

7379,211,466,-575,21,2011,15609,-2101,89,-3170,bf425420,bd833dc6,bd08d113,bf259ed7,bf425422,bd833dc7,bd08d10f,bf259ed6,1,10783105

7380,168,442,-575,88,1999,15576,-2049,89,-3290,bf422cc0,bd83d180,bd0726f5,bf25cc88,bf422cc1,bd83d180,bd0726f0,bf25cc87,1,10791623

7381,132,403,-529,684,2086,15510,-2049,89,-3290,bf42073e,bd84bdee,bd05398a,bf25f708,bf42073e,bd84bded,bd053985,bf25f707,1,10800142

7382,154,247,-385,346,1931,15639,-2101,79,-3275,bf41eafe,bd84fec2,bd043b9c,bf261805,bf41eafe,bd84fec1,bd043b97,bf261804,1,10808661

7383,191,145,-235,19,2089,15550,-2127,73,-3284,bf41d806,bd84df22,bd0446fe,bf262e85,bf41d806,bd84df22,bd0446f9,bf262e85,1,10817179

7384,224,142,-172,35,1660,15607,-2127,73,-3284,bf41c933,bd8463d4,bd03ba89,bf2641c8,bf41c932,bd8463d3,bd03ba83,bf2641c7,1,10825698

7385,167,217,-80,42,1824,15654,-2065,101,-3309,bf41bd5a,bd845562,bd0323cf,bf26503b,bf41bd59,bd845561,bd0323c9,bf26503a,1,10834217

7386,127,229,-15,-13,1863,15595,-2069,115,-3271,bf41b4fe,bd845e84,bd02ce59,bf265a1d,bf41b4fd,bd845e84,bd02ce53,bf265a1d,1,10842735

7387,115,253,50,-52,1790,15536,-2093,75,-3235,bf41b0e7,bd84617f,bd027b46,bf265f17,bf41b0e7,bd84617f,bd027b40,bf265f18,1,10851254

7388,60,204,104,553,2048,15553,-2093,75,-3235,bf41ae55,bd84e67b,bd0216bf,bf2660bb,bf41ae55,bd84e67b,bd0216b9,bf2660bc,1,10859772

7389,72,129,143,257,1856,15661,-2067,111,-3302,bf41adc5,bd84fd74,bd020b0e,bf266123,bf41adc4,bd84fd73,bd020b08,bf266124,1,10868291

7390,53,73,129,444,1672,15591,-2065,95,-3298,bf41ac28,bd850542,bd01dc84,bf266311,bf41ac26,bd850540,bd01dc7e,bf266311,1,10876810

7391,-2,145,62,-165,2129,15551,-2065,95,-3298,bf41a720,bd853ed5,bd02d802,bf26676d,bf41a71e,bd853ed3,bd02d7fe,bf26676e,1,10884828

7392,2,209,46,204,2110,15550,-2091,75,-3187,bf41a155,bd85bd59,bd0318c0,bf266c63,bf41a153,bd85bd57,bd0318bd,bf266c64,1,10893346

7393,56,325,23,176,2190,15579,-2093,55,-3224,bf419b00,bd8658db,bd02d165,bf267202,bf419afe,bd8658d9,bd02d162,bf267203,1,10901865

7394,111,317,-11,379,2160,15563,-2093,55,-3224,bf4192eb,bd86ea4e,bd021957,bf267a22,bf4192e9,bd86ea4c,bd021954,bf267a23,1,10910383

7395,142,229,-79,287,2154,15531,-2119,91,-3273,bf418820,bd872f14,bd01cad4,bf26860d,bf41881e,bd872f12,bd01cad1,bf26860e,1,10918902

7396,148,226,-160,180,2140,15533,-2101,17,-3211,bf417862,bd876667,bd01858e,bf2697d8,bf417860,bd876665,bd01858b,bf2697d9,1,10927420

7397,164,234,-203,290,2274,15521,-2101,17,-3211,bf416639,bd87bc4f,bd012a33,bf26ac1c,bf416637,bd87bc4d,bd012a30,bf26ac1d,1,10935939

7398,198,206,-135,451,2265,15549,-2075,49,-3251,bf415737,bd880b5e,bd009345,bf26bcf9,bf415735,bd880b5c,bd009343,bf26bcfa,1,10944458

7399,253,145,-32,297,2204,15572,-2095,89,-3261,bf414ee3,bd87fba2,bd004276,bf26c711,bf414ee2,bd87fba1,bd004275,bf26c713,1,10952976

7400,299,99,-2,204,2078,15586,-2117,37,-3203,bf41490a,bd879938,bd0001c7,bf26cf4b,bf414908,bd879936,bd0001c6,bf26cf4d,1,10961495

7401,299,89,9,247,2085,15560,-2117,37,-3203,bf4143ae,bd873b0c,bcff8452,bf26d6e2,bf4143ac,bd873b0a,bcff8450,bf26d6e4,1,10970013

7402,320,66,28,269,2204,15542,-2069,97,-3228,bf413e15,bd86ec37,bcff122b,bf26de89,bf413e13,bd86ec35,bcff1229,bf26de8b,1,10978532

7403,361,36,28,115,2064,15594,-2089,77,-3249,bf413989,bd8648c8,bcfec37d,bf26e5fa,bf413988,bd8648c7,bcfec37c,bf26e5fc,1,10986550

7404,375,48,27,144,2046,15560,-2089,77,-3249,bf4134f9,bd85a7ad,bcfe296d,bf26ed82,bf4134f8,bd85a7ac,bcfe296c,bf26ed84,1,10995069

7405,379,67,32,206,2033,15592,-2049,63,-3300,bf412fa0,bd852040,bcfd0344,bf26f5d3,bf412f9e,bd85203e,bcfd0342,bf26f5d4,1,11003587

7406,379,46,32,136,2022,15598,-2089,25,-3249,bf412b44,bd847b82,bcfc602c,bf26fd28,bf412b43,bd847b81,bcfc602b,bf26fd29,1,11012106

7407,380,33,31,120,1995,15585,-2089,25,-3249,bf4126d7,bd83cc7d,bcfbd3a7,bf2704a5,bf4126d6,bd83cc7c,bcfbd3a5,bf2704a6,1,11020625

7408,353,40,14,-111,1894,15618,-2045,107,-3218,bf412098,bd830dbf,bcfb8a98,bf270e52,bf412097,bd830dbe,bcfb8a97,bf270e54,1,11029143

7409,318,89,0,-132,1705,15654,-2107,71,-3258,bf411b99,bd823fdf,bcfb0d02,bf2716cc,bf411b98,bd823fdd,bcfb0d00,bf2716ce,1,11037662

7410,233,169,-1,-55,1913,15613,-2107,71,-3258,bf4115de,bd81f08f,bcfac95a,bf271e7c,bf4115dc,bd81f08d,bcfac957,bf271e7d,1,11046181

7411,183,248,-6,32,1941,15593,-2127,63,-3279,bf411042,bd81e7cd,bcfa30de,bf27254b,bf411041,bd81e7cc,bcfa30dd,bf27254d,1,11054699

7412,165,289,8,160,1966,15555,-2077,63,-3270,bf4109b4,bd8222be,bcf8e533,bf272ca1,bf4109b3,bd8222bd,bcf8e533,bf272ca3,1,11063218

7413,150,298,31,229,2014,15563,-2067,73,-3244,bf4103f6,bd827c2c,bcf78d30,bf2732aa,bf4103f6,bd827c2b,bcf78d31,bf2732ad,1,11071737

7414,155,288,28,191,2027,15587,-2067,73,-3244,bf40fe27,bd82c974,bcf66443,bf2738db,bf40fe24,bd82c972,bcf66441,bf2738dc,1,11079754

7415,171,256,10,331,2200,15543,-2077,79,-3276,bf40f775,bd832c1a,bcf57946,bf273fb6,bf40f774,bd832c19,bcf57947,bf273fb9,1,11088774

7416,222,226,1,280,2225,15573,-2065,41,-3259,bf40f02f,bd836533,bcf48ff9,bf2747bc,bf40f02d,bd836531,bcf48ff9,bf2747be,1,11096792

7417,292,185,-1,220,2169,15590,-2065,41,-3259,bf40e938,bd8356dc,bcf38996,bf275052,bf40e935,bd8356d9,bcf38995,bf275053,1,11105310

7418,343,159,-9,208,2086,15582,-2055,49,-3289,bf40e1e6,bd831757,bcf2326c,bf275a05,bf40e1e4,bd831754,bcf2326d,bf275a07,1,11113829

7419,376,139,-17,250,1978,15570,-2065,67,-3258,bf40da89,bd82b168,bcf08327,bf27645c,bf40da88,bd82b165,bcf08329,bf27645f,1,11122347

7420,392,106,-18,299,1976,15613,-2065,67,-3258,bf40d313,bd823b6c,bceede3d,bf276efb,bf40d312,bd823b68,bceede3e,bf276efd,1,11130866

7421,394,71,-25,256,1874,15605,-2085,43,-3323,bf40cbf2,bd819864,bced7bd9,bf2779a8,bf40cbf1,bd819861,bced7bdb,bf2779aa,1,11139384

7422,365,35,3,186,1810,15584,-2085,93,-3282,bf40c643,bd80e127,bceca9dd,bf2782b3,bf40c643,bd80e124,bceca9e0,bf2782b5,1,11147903

7423,332,15,13,79,1826,15593,-2085,93,-3282,bf40c108,bd802706,bcec8fc6,bf278afd,bf40c107,bd802702,bcec8fc8,bf278afd,1,11156422

7424,284,33,15,5,1738,15607,-2033,67,-3272,bf40ba54,bd7f1513,bcec6315,bf2794a0,bf40ba52,bd7f150a,bcec6317,bf2794a0,1,11164940

7425,224,76,12,-7,1740,15605,-2077,25,-3261,bf40b464,bd7e26f5,bcec859e,bf279cd1,bf40b462,bd7e26ec,bcec85a0,bf279cd1,1,11173459

7426,169,129,8,96,1919,15614,-2081,75,-3233,bf40addd,bd7df398,bcecc1b4,bf27a489,bf40addc,bd7df390,bcecc1b7,bf27a489,1,11181977

7427,136,165,6,4,1873,15608,-2081,75,-3233,bf40a755,bd7dd9a9,bced10a5,bf27ac16,bf40a756,bd7dd9a3,bced10aa,bf27ac17,1,11189995

7428,135,195,-2,122,1986,15609,-2055,67,-3273,bf409f82,bd7e2e9a,bcecf72d,bf27b49c,bf409f82,bd7e2e93,bcecf730,bf27b49c,1,11198514

7429,141,217,7,251,2154,15572,-2069,75,-3274,bf40986d,bd7ee0da,bcecc839,bf27bbc0,bf40986d,bd7ee0d3,bcecc83c,bf27bbc0,1,11207033

7430,188,202,15,241,2040,15578,-2069,75,-3274,bf40921a,bd7f2c13,bcec2f5c,bf27c2c5,bf409219,bd7f2c0b,bcec2f5e,bf27c2c5,1,11215551

7431,216,166,22,230,1998,15579,-2053,57,-3259,bf408bd2,bd7f32cc,bceb8e24,bf27ca2a,bf408bd3,bd7f32c7,bceb8e29,bf27ca2c,1,11224070

7432,236,138,32,256,2013,15586,-2023,93,-3297,bf40856b,bd7f26b6,bceadb4a,bf27d1d3,bf40856a,bd7f26ae,bceadb4c,bf27d1d3,1,11232588

7433,252,114,57,208,1997,15580,-2023,93,-3297,bf408081,bd7ee212,bcea5a2a,bf27d80c,bf408080,bd7ee20a,bcea5a2c,bf27d80c,1,11241107

7434,266,102,68,275,1940,15605,-2099,103,-3279,bf407e4e,bd7e55ea,bce9ecbe,bf27db8c,bf407e4d,bd7e55e2,bce9ecc0,bf27db8c,1,11249626

7435,254,87,74,193,1813,15602,-2073,113,-3260,bf407bc3,bd7d9a7c,bce981ad,bf27dfb8,bf407bc3,bd7d9a76,bce981b1,bf27dfb9,1,11258144

7436,222,72,85,107,1833,15588,-2073,113,-3260,bf4079b8,bd7ce2a2,bce9b5ef,bf27e313,bf4079b8,bd7ce29c,bce9b5f3,bf27e314,1,11266663

7437,192,79,89,126,1849,15577,-2087,125,-3306,bf407839,bd7c4e0c,bcea233c,bf27e583,bf407839,bd7c4e07,bcea2340,bf27e584,1,11275182

7438,167,105,88,122,1878,15596,-2057,87,-3312,bf4075a3,bd7c0af7,bcea6ffc,bf27e8c5,bf4075a2,bd7c0af1,bcea6fff,bf27e8c5,1,11283700

7439,149,109,84,154,1946,15590,-2065,29,-3291,bf4072c4,bd7bfc91,bceaec57,bf27ebf9,bf4072c3,bd7bfc8b,bceaec5a,bf27ebf9,1,11292219

7440,141,98,66,147,1958,15587,-2065,29,-3291,bf406ed6,bd7bef56,bceb93e3,bf27f053,bf406ed6,bd7bef51,bceb93e7,bf27f054,1,11300237

7441,147,90,63,192,2007,15591,-2105,-29,-3305,bf406bb9,bd7bdab1,bcec6b1d,bf27f3b8,bf406bb8,bd7bdaab,bcec6b21,bf27f3b8,1,11308755

7442,160,94,70,159,1964,15619,-2071,79,-3335,bf406861,bd7bb329,bcecfaa6,bf27f793,bf406861,bd7bb324,bcecfaab,bf27f794,1,11317274

7443,168,92,87,150,2016,15597,-2071,79,-3335,bf4065fe,bd7b915f,bceda6d1,bf27fa47,bf4065fc,bd7b9158,bceda6d5,bf27fa47,1,11325793

7444,188,80,93,55,1941,15590,-2091,55,-3260,bf40649a,bd7b15cb,bcee6ce0,bf27fc50,bf406498,bd7b15c4,bcee6ce4,bf27fc50,1,11334311

7445,188,91,81,-2,1887,15595,-2079,31,-3294,bf40625f,bd7a8b51,bcef0ff3,bf27ff74,bf40625e,bd7a8b4c,bcef0ff9,bf27ff75,1,11342830

7446,172,126,77,71,2029,15590,-2079,31,-3294,bf405fae,bd7a74a7,bcefa545,bf280275,bf405fac,bd7a74a1,bcefa54a,bf280275,1,11351348

7447,185,144,66,146,2008,15588,-2085,77,-3278,bf405c98,bd7a6b5a,bcefc8cc,bf2805fd,bf405c97,bd7a6b56,bcefc8d3,bf2805fe,1,11359867

7448,206,143,56,109,1944,15597,-2043,117,-3274,bf405805,bd7a45c6,bcef8596,bf280b8b,bf405805,bd7a45c3,bcef859f,bf280b8d,1,11368386

7449,208,159,56,171,1961,15582,-2043,117,-3274,bf405369,bd7a4412,bcef0276,bf281103,bf405368,bd7a440e,bcef027e,bf281105,1,11376904

7450,207,143,69,135,1902,15589,-2107,39,-3271,bf405150,bd79f143,bceee9c3,bf2813ec,bf40514f,bd79f13f,bceee9cb,bf2813ee,1,11385423

7451,198,131,74,105,1872,15589,-2037,61,-3337,bf404da4,bd79b349,bceea9df,bf281893,bf404da3,bd79b345,bceea9e7,bf281895,1,11393942

7452,178,144,72,148,1887,15601,-2069,75,-3233,bf404a6f,bd799788,bcee83cf,bf281c75,bf404a6d,bd799782,bcee83d5,bf281c76,1,11401959

7453,160,148,69,155,1927,15593,-2069,75,-3233,bf4046f3,bd79a0a8,bcee87f3,bf282062,bf4046f1,bd79a0a2,bcee87f9,bf282063,1,11410478

7454,147,138,68,162,1909,15602,-2047,85,-3321,bf4042e2,bd79b2a3,bcee9038,bf2824ea,bf4042e1,bd79b29f,bcee9040,bf2824ed,1,11418997

7455,143,138,64,126,1980,15596,-2073,71,-3294,bf403f41,bd79c6eb,bceeff47,bf2828cb,bf403f3f,bd79c6e5,bceeff4d,bf2828cd,1,11427515

7456,139,142,66,169,2000,15596,-2073,71,-3294,bf403ba9,bd79f505,bcef5bb7,bf282c83,bf403ba6,bd79f4fe,bcef5bbc,bf282c84,1,11436034

7457,160,138,55,159,1981,15606,-2069,45,-3227,bf403756,bd7a061f,bcef8a3e,bf283149,bf403754,bd7a061a,bcef8a45,bf28314b,1,11444553

7458,170,132,58,190,1964,15579,-2027,81,-3271,bf40322c,bd7a216e,bcef685f,bf283712,bf40322a,bd7a2169,bcef6866,bf283714,1,11453071

7459,165,116,55,159,1957,15576,-2027,81,-3271,bf402cd7,bd7a2893,bcef8009,bf283d18,bf402cd6,bd7a288f,bcef8011,bf283d1b,1,11461590

7460,170,100,55,115,1990,15557,-2019,85,-3331,bf40276d,bd7a1dcb,bcefd730,bf284337,bf40276c,bd7a1dc6,bcefd738,bf28433a,1,11470108

7461,188,103,53,163,2059,15580,-2115,45,-3241,bf402468,bd79f0d3,bcf07fef,bf2846b1,bf402466,bd79f0cd,bcf07ff6,bf2846b4,1,11478627

7462,210,92,42,113,2023,15585,-2115,45,-3241,bf4020f5,bd798ae4,bcf12016,bf284aff,bf4020f2,bd798add,bcf1201c,bf284b02,1,11487146

7463,233,80,46,7,1997,15586,-2053,67,-3295,bf401c4e,bd79013e,bcf19a37,bf2850ef,bf401c4a,bd790135,bcf19a3c,bf2850f1,1,11495664

7464,250,107,36,30,1952,15596,-2007,77,-3284,bf4015ff,bd7893cb,bcf158ee,bf2858db,bf4015fd,bd7893c4,bcf158f6,bf2858df,1,11503682

7465,252,134,44,100,1894,15588,-2017,45,-3307,bf401071,bd783822,bcf0a398,bf285ffa,bf40106d,bd783817,bcf0a39d,bf285ffc,1,11512201

7466,230,151,52,137,1881,15587,-2017,45,-3307,bf400b3c,bd780843,bcefd93e,bf28667a,bf400b39,bd780839,bcefd945,bf28667c,1,11520719

7467,213,160,40,102,1834,15603,-2071,101,-3239,bf4006cb,bd77b979,bcef556e,bf286c2b,bf4006c9,bd77b970,bcef5577,bf286c2e,1,11529238

7468,192,158,27,48,1863,15615,-2061,59,-3259,bf40014a,bd778070,bcef20db,bf2872d8,bf400148,bd778066,bcef20e4,bf2872da,1,11537757

7469,158,179,26,118,1918,15589,-2061,59,-3259,bf3ffb7a,bd77a298,bceef2cf,bf287956,bf3ffb77,bd77a28d,bceef2d7,bf287957,1,11546275

7470,142,192,32,173,1980,15585,-2067,69,-3268,bf3ff60c,bd77fe2e,bceed118,bf287f0c,bf3ff609,bd77fe23,bceed121,bf287f0d,1,11554794

7471,146,181,43,157,1960,15614,-2077,59,-3250,bf3ff186,bd7838b7,bceeca2e,bf2883df,bf3ff184,bd7838ad,bceeca38,bf2883e0,1,11563313

7472,150,169,45,142,1936,15583,-2077,59,-3250,bf3fed29,bd7858db,bceed3db,bf2888a5,bf3fed27,bd7858d1,bceed3e5,bf2888a6,1,11571831

7473,137,168,49,192,2001,15560,-2005,125,-3283,bf3fe703,bd78cf7c,bceea5d8,bf288f07,bf3fe700,bd78cf71,bceea5e1,bf288f07,1,11580350

7474,155,151,60,158,1996,15595,-1993,43,-3195,bf3fe12b,bd791bd4,bcee82a8,bf28954a,bf3fe128,bd791bca,bcee82b2,bf28954a,1,11588868

7475,167,146,72,134,2028,15596,-1993,43,-3195,bf3fdc11,bd7958df,bcee7510,bf289ac1,bf3fdc10,bd7958d7,bcee751d,bf289ac3,1,11596886

7476,185,149,74,155,1986,15592,-2053,51,-3299,bf3fd8e3,bd795d09,bcee6acd,bf289e5d,bf3fd8e1,bd795d00,bcee6ad8,bf289e5e,1,11605405

7477,194,144,62,162,1967,15591,-2075,107,-3192,bf3fd596,bd794580,bcee6131,bf28a245,bf3fd594,bd794577,bcee613c,bf28a246,1,11613924

7478,187,138,41,168,1974,15589,-2073,105,-3296,bf3fd130,bd793144,bcee71af,bf28a75d,bf3fd12f,bd79313c,bcee71bb,bf28a75f,1,11622442

7479,187,122,30,92,1952,15588,-2073,105,-3296,bf3fcc49,bd78f1a4,bceec737,bf28ad31,bf3fcc47,bd78f19b,bceec742,bf28ad32,1,11630961

7480,184,130,33,120,1966,15573,-2063,101,-3289,bf3fc72e,bd78d15c,bceef9a4,bf28b31c,bf3fc72d,bd78d154,bceef9af,bf28b31d,1,11639480

7481,186,138,36,117,1942,15588,-2071,109,-3277,bf3fc286,bd78a7d4,bcef1608,bf28b899,bf3fc286,bd78a7cd,bcef1614,bf28b89b,1,11647998

7482,188,151,31,163,1919,15594,-2071,109,-3277,bf3fbd97,bd788dd8,bceee7a0,bf28be6b,bf3fbd97,bd788dd1,bceee7ac,bf28be6d,1,11656517

7483,186,142,21,219,2020,15593,-2079,85,-3271,bf3fb821,bd789b8c,bceeece8,bf28c48a,bf3fb820,bd789b84,bceeecf2,bf28c48a,1,11665035

7484,194,115,18,186,1987,15588,-2075,59,-3321,bf3fb27f,bd787615,bcef1ad7,bf28cb17,bf3fb27e,bd78760d,bcef1ae0,bf28cb17,1,11673554

7485,209,95,32,66,1941,15554,-2075,59,-3321,bf3fade5,bd77fea3,bcef9054,bf28d0d9,bf3fade4,bd77fe9b,bcef905d,bf28d0d9,1,11682072

7486,199,103,42,77,1936,15577,-2099,55,-3287,bf3faa70,bd778c83,bcf017ec,bf28d53b,bf3faa70,bd778c7c,bcf017f6,bf28d53c,1,11690591

7487,192,122,55,116,1931,15607,-2059,85,-3300,bf3fa686,bd7753d5,bcf03565,bf28d9f5,bf3fa685,bd7753cd,bcf0356e,bf28d9f5,1,11699110

7488,183,133,63,156,1921,15596,-2059,85,-3300,bf3fa2fc,bd7736ff,bcf02e90,bf28de27,bf3fa2fc,bd7736f8,bcf02e9a,bf28de27,1,11707128

7489,177,136,52,142,1944,15607,-2081,61,-3317,bf3f9f77,bd771858,bcf05d6f,bf28e241,bf3f9f77,bd771851,bcf05d79,bf28e241,1,11715646

7490,177,131,38,136,1937,15584,-2067,89,-3275,bf3f9ab8,bd76fd2c,bcf08174,bf28e7be,bf3f9ab7,bd76fd24,bcf0817d,bf28e7bd,1,11724165

7491,171,123,24,144,1972,15585,-2049,95,-3264,bf3f9499,bd76fa89,bcf0b4fe,bf28eea2,bf3f9498,bd76fa81,bcf0b507,bf28eea1,1,11732683

7492,169,132,25,131,1968,15587,-2049,95,-3264,bf3f8e92,bd76fc80,bcf0e028,bf28f564,bf3f8e92,bd76fc7a,bcf0e032,bf28f564,1,11741202

7493,164,122,29,116,1933,15594,-2071,115,-3327,bf3f898d,bd76d79d,bcf140d4,bf28fb28,bf3f898d,bd76d796,bcf140dd,bf28fb27,1,11749721

7494,155,125,38,97,1965,15612,-2107,61,-3249,bf3f85e3,bd76b239,bcf1ef56,bf28ff48,bf3f85e2,bd76b231,bcf1ef5e,bf28ff47,1,11758239

7495,162,139,50,184,2013,15593,-2107,61,-3249,bf3f82c8,bd76bbba,bcf25888,bf29029a,bf3f82c8,bd76bbb3,bcf25891,bf290299,1,11766758

7496,173,125,47,225,2041,15593,-2077,11,-3281,bf3f7e91,bd76d3fd,bcf2981a,bf290725,bf3f7e91,bd76d3f6,bcf29823,bf290724,1,11775277

7497,182,98,39,208,1999,15600,-2017,133,-3351,bf3f7880,bd76d957,bcf2a7a1,bf290df7,bf3f7881,bd76d952,bcf2a7ab,bf290df8,1,11783795

7498,195,71,32,185,1972,15586,-2017,133,-3351,bf3f721a,bd76aa8a,bcf2d629,bf29156b,bf3f721a,bd76aa84,bcf2d632,bf29156b,1,11792314

7499,187,51,39,122,1965,15593,-2091,69,-3307,bf3f6e16,bd763149,bcf3bfc2,bf291a51,bf3f6e17,bd763145,bcf3bfcc,bf291a51,1,11800832

7500,189,57,50,79,1940,15590,-2059,57,-3350,bf3f69e5,bd75bae8,bcf47ec0,bf291f79,bf3f69e5,bd75bae3,bcf47ec9,bf291f78,1,11809351

7501,183,63,48,57,1927,15595,-2059,57,-3350,bf3f6599,bd754697,bcf53ffb,bf2924b7,bf3f659a,bd754693,bcf54004,bf2924b7,1,11817369

7502,178,80,50,10,1921,15597,-2085,43,-3335,bf3f623a,bd74c873,bcf621ad,bf2928ed,bf3f623b,bd74c86e,bcf621b5,bf2928ec,1,11825887

7503,158,101,51,65,1923,15590,-2071,63,-3274,bf3f5e3f,bd74901f,bcf6c040,bf292d84,bf3f5e40,bd74901a,bcf6c048,bf292d83,1,11834406

7504,149,123,61,80,1955,15586,-2025,83,-3329,bf3f599a,bd749ca2,bcf7138d,bf293295,bf3f599a,bd749c9c,bcf71394,bf293293,1,11842925

7505,147,144,64,77,1978,15582,-2025,83,-3329,bf3f552b,bd74c3f5,bcf74f60,bf29374b,bf3f552b,bd74c3ef,bcf74f67,bf293749,1,11851443

7506,154,158,61,91,1957,15589,-2067,63,-3262,bf3f51b1,bd74d6c4,bcf77df7,bf293b0d,bf3f51b2,bd74d6bf,bcf77dff,bf293b0c,1,11859962

7507,158,164,47,164,2020,15590,-2035,75,-3351,bf3f4c99,bd7523e0,bcf767f3,bf294066,bf3f4c9a,bd7523da,bcf767f9,bf294065,1,11868481

7508,168,157,58,11,1912,15607,-2035,75,-3351,bf3f4876,bd750e66,bcf7767f,bf29452e,bf3f4877,bd750e5f,bcf77684,bf29452c,1,11876999

7509,177,161,51,100,2018,15591,-2119,29,-3333,bf3f4630,bd74fdef,bcf7dbcc,bf2947b2,bf3f4631,bd74fde9,bcf7dbd1,bf2947b0,1,11885518

7510,173,179,39,125,2019,15585,-2075,73,-3282,bf3f41dd,bd75272b,bcf7d4b5,bf294c5b,bf3f41de,bd752725,bcf7d4b9,bf294c59,1,11894037

7511,187,157,28,149,2007,15575,-2075,73,-3282,bf3f3cf0,bd7531c9,bcf7ca2c,bf2951e1,bf3f3cf0,bd7531c2,bcf7ca2f,bf2951df,1,11902555

7512,199,151,28,131,2038,15595,-2135,7,-3296,bf3f39d6,bd750a54,bcf81de6,bf29557b,bf3f39d7,bd750a4e,bcf81dea,bf29557a,1,11911074

7513,217,141,25,133,2039,15590,-2093,111,-3374,bf3f35a1,bd74dd05,bcf83f73,bf295a72,bf3f35a2,bd74dd00,bcf83f77,bf295a71,1,11919092

7514,239,143,24,76,1981,15593,-2093,111,-3374,bf3f319f,bd747517,bcf83a14,bf295f8e,bf3f31a0,bd747511,bcf83a18,bf295f8c,1,11927610

7515,248,152,27,90,1978,15587,-2095,99,-3293,bf3f2db8,bd741585,bcf80076,bf296495,bf3f2dbb,bd741582,bcf8007b,bf296494,1,11936129

7516,247,162,26,115,1947,15586,-2125,55,-3382,bf3f2ad2,bd73a549,bcf7c07b,bf296894,bf3f2ad4,bd73a545,bcf7c07f,bf296893,1,11944648

7517,240,172,28,261,1948,15532,-2101,67,-3312,bf3f26e8,bd738a54,bcf6f3f3,bf296d70,bf3f26e9,bd738a4f,bcf6f3f6,bf296d6e,1,11953166

7518,237,152,40,109,1882,15625,-2101,67,-3312,bf3f23e9,bd7317bb,bcf69456,bf297198,bf3f23ea,bd7317b5,bcf69458,bf297196,1,11961685

7519,220,135,36,140,1890,15582,-2101,81,-3310,bf3f2085,bd72b5dd,bcf6692d,bf297608,bf3f2086,bd72b5d8,bcf66930,bf297606,1,11970203

7520,205,134,26,171,1933,15602,-2117,69,-3296,bf3f1cde,bd72716a,bcf6709f,bf297a84,bf3f1ce1,bd727167,bcf670a3,bf297a83,1,11978722

7521,197,109,31,108,1936,15601,-2117,69,-3296,bf3f197f,bd720d70,bcf6e65b,bf297eb6,bf3f1982,bd720d6d,bcf6e65f,bf297eb5,1,11987240

7522,195,111,31,133,1956,15589,-2083,67,-3305,bf3f1502,bd71d3e9,bcf728dc,bf298401,bf3f1503,bd71d3e4,bcf728dd,bf2983ff,1,11995759

7523,187,116,38,132,1976,15584,-2119,55,-3353,bf3f120c,bd7193bf,bcf7b117,bf298780,bf3f120e,bd7193bb,bcf7b119,bf29877f,1,12004278

7524,192,95,47,99,1976,15595,-2119,55,-3353,bf3f0f9c,bd7131bb,bcf87043,bf298a85,bf3f0f9e,bd7131b8,bcf87046,bf298a85,1,12012296

7525,202,92,50,78,1927,15600,-2137,95,-3344,bf3f0e1d,bd709c26,bcf92f88,bf298cc2,bf3f0e1e,bd709c22,bcf92f8a,bf298cc2,1,12020814

7526,196,106,54,111,1961,15579,-2059,95,-3304,bf3f0a31,bd706b81,bcf968fc,bf29915e,bf3f0a31,bd706b7c,bcf968fd,bf29915d,1,12029333

7527,199,117,33,172,1940,15597,-2059,95,-3304,bf3f0514,bd704d1f,bcf94d9e,bf299756,bf3f0514,bd704d1b,bcf94d9f,bf299755,1,12037851

7528,199,106,24,130,1917,15606,-2107,115,-3326,bf3f010f,bd6fee3d,bcf9985c,bf299c47,bf3f010f,bd6fee39,bcf9985c,bf299c46,1,12046370

7529,191,98,22,69,1948,15589,-2113,81,-3311,bf3efd0a,bd6f895b,bcfa4278,bf29a11d,bf3efd0c,bd6f8959,bcfa427a,bf29a11d,1,12054888

7530,180,102,23,89,2017,15585,-2075,61,-3310,bf3ef7bc,bd6f6bce,bcfadb31,bf29a708,bf3ef7bd,bd6f6bcb,bcfadb31,bf29a707,1,12063407

7531,194,108,32,22,1971,15589,-2075,61,-3310,bf3ef326,bd6f22a4,bcfb6016,bf29ac68,bf3ef326,bd6f229f,bcfb6014,bf29ac65,1,12071926

7532,194,133,31,-2,1881,15593,-2057,103,-3251,bf3eee15,bd6ed9a5,bcfb726c,bf29b27c,bf3eee16,bd6ed9a2,bcfb726a,bf29b279,1,12080444

7533,178,165,23,0,1890,15598,-2093,47,-3248,bf3ee994,bd6eacf5,bcfb8f28,bf29b7c1,bf3ee995,bd6eacf2,bcfb8f26,bf29b7be,1,12088963

7534,175,204,13,69,1924,15587,-2093,47,-3248,bf3ee47a,bd6ec5c8,bcfb4912,bf29bd74,bf3ee47b,bd6ec5c7,bcfb4912,bf29bd73,1,12097481

7535,150,217,14,129,1997,15589,-2101,87,-3279,bf3edf93,bd6f237a,bcfb29c4,bf29c27f,bf3edf95,bd6f237a,bcfb29c5,bf29c27f,1,12106000

7536,158,219,18,195,2019,15589,-2029,71,-3305,bf3ed8d3,bd6fbcce,bcfa80d2,bf29c97c,bf3ed8d5,bd6fbcce,bcfa80d3,bf29c97c,1,12114518

7537,184,202,18,235,2079,15578,-2029,71,-3305,bf3ed221,bd70480c,bcf9d896,bf29d07c,bf3ed223,bd70480b,bcf9d896,bf29d07b,1,12122536

7538,213,163,6,224,2026,15578,-2061,69,-3246,bf3ecbab,bd706d6d,bcf95af4,bf29d7b8,bf3ecbac,bd706d6b,bcf95af3,bf29d7b6,1,12131055

7539,225,139,7,177,1984,15590,-2083,79,-3279,bf3ec612,bd7047ad,bcf91de3,bf29de4c,bf3ec614,bd7047ac,bcf91de2,bf29de4a,1,12139573

7540,232,113,1,99,1949,15591,-2083,79,-3279,bf3ec043,bd6fe1c5,bcf92820,bf29e55e,bf3ec045,bd6fe1c4,bcf9281f,bf29e55c,1,12148092

7541,240,117,0,53,1959,15593,-2019,91,-3302,bf3eb8b6,bd6f94d4,bcf8edc3,bf29ee5b,bf3eb8b7,bd6f94d1,bcf8edbf,bf29ee58,1,12156611

7542,234,124,8,53,1936,15600,-2079,63,-3276,bf3eb347,bd6f2990,bcf8f0ed,bf29f509,bf3eb349,bd6f298f,bcf8f0ea,bf29f506,1,12165129

7543,234,137,9,101,1935,15594,-2079,63,-3276,bf3eaddd,bd6ed8da,bcf8bb1f,bf29fba1,bf3eade0,bd6ed8db,bcf8bb1d,bf29fb9f,1,12173648

7544,236,147,7,146,1887,15590,-2069,85,-3328,bf3ea828,bd6e90a3,bcf82ba3,bf2a02a1,bf3ea82b,bd6e90a4,bcf82ba1,bf2a029f,1,12182166

7545,224,145,23,170,1912,15586,-2095,69,-3330,bf3ea404,bd6e51a2,bcf7db67,bf2a07bc,bf3ea407,bd6e51a3,bcf7db64,bf2a07ba,1,12190685

7546,210,135,27,188,1931,15588,-2037,83,-3286,bf3e9e39,bd6e48c2,bcf76f2e,bf2a0e70,bf3e9e3a,bd6e48c1,bcf76f28,bf2a0e6c,1,12199204

7547,202,124,25,136,1949,15592,-2037,83,-3286,bf3e9851,bd6e34a7,bcf75418,bf2a1534,bf3e9853,bd6e34a8,bcf75414,bf2a1531,1,12207723

7548,194,115,23,67,1895,15592,-2085,55,-3277,bf3e93c0,bd6ddeca,bcf7a3b9,bf2a1aad,bf3e93c1,bd6ddeca,bcf7a3b4,bf2a1aa9,1,12216241

7549,194,123,29,74,1932,15589,-2115,61,-3291,bf3e9079,bd6d89ba,bcf81e5f,bf2a1ea2,bf3e907d,bd6d89be,bcf81e5d,bf2a1ea0,1,12224760

7550,186,135,26,102,1957,15586,-2115,61,-3291,bf3e8cf3,bd6d59a7,bcf8893a,bf2a22b1,bf3e8cf5,bd6d59a9,bcf88935,bf2a22ae,1,12232778

7551,180,134,22,113,1951,15581,-2111,77,-3295,bf3e890e,bd6d3291,bcf8f0cf,bf2a271d,bf3e8910,bd6d3293,bcf8f0c9,bf2a271a,1,12241296

7552,179,135,18,138,1965,15589,-2101,99,-3319,bf3e84a4,bd6d1e94,bcf943a0,bf2a2c0c,bf3e84a8,bd6d1e99,bcf9439c,bf2a2c0a,1,12249815

7553,188,126,21,169,1961,15591,-2101,99,-3319,bf3e8061,bd6d018e,bcf98011,bf2a30e5,bf3e8063,bd6d0191,bcf9800c,bf2a30e1,1,12258334

7554,191,122,32,164,1944,15601,-2069,113,-3385,bf3e7be2,bd6ce85a,bcf991b5,bf2a3609,bf3e7be5,bd6ce85e,bcf991b1,bf2a3607,1,12266852

7555,204,113,39,140,1944,15617,-2125,111,-3270,bf3e797a,bd6c9041,bcf9f43f,bf2a3911,bf3e797d,bd6c9046,bcf9f43a,bf2a390f,1,12275371

7556,199,99,46,108,1928,15603,-2125,111,-3270,bf3e7773,bd6c22ec,bcfa88a1,bf2a3bb6,bf3e7776,bd6c22f1,bcfa889b,bf2a3bb4,1,12283889

7557,202,102,51,98,1930,15589,-2069,13,-3317,bf3e73e7,bd6bdc72,bcfacb68,bf2a3ff8,bf3e73e9,bd6bdc76,bcfacb61,bf2a3ff5,1,12292408

7558,197,112,31,69,1931,15594,-2085,87,-3288,bf3e6fca,bd6b91e0,bcfb28cb,bf2a44d7,bf3e6fcd,bd6b91e4,bcfb28c5,bf2a44d5,1,12300927

7559,187,109,31,89,1939,15600,-2073,41,-3393,bf3e6b55,bd6b5c7b,bcfb895f,bf2a49fa,bf3e6b57,bd6b5c7e,bcfb8958,bf2a49f8,1,12309445

7560,194,115,29,136,1934,15589,-2073,41,-3393,bf3e66bd,bd6b3330,bcfbadb9,bf2a4f47,bf3e66bf,bd6b3333,bcfbadb2,bf2a4f45,1,12317964

7561,185,106,34,135,1958,15578,-2047,5,-3297,bf3e6175,bd6b254c,bcfbdef0,bf2a5531,bf3e6176,bd6b254e,bcfbdee8,bf2a552e,1,12326483

7562,195,96,44,67,1944,15600,-2093,29,-3348,bf3e5e4b,bd6acd27,bcfc7407,bf2a58fc,bf3e5e4d,bd6acd2a,bcfc7400,bf2a58f9,1,12334500

7563,198,97,48,71,1959,15596,-2093,29,-3348,bf3e5b57,bd6a7a61,bcfd06a4,bf2a5c85,bf3e5b5a,bd6a7a65,bcfd069d,bf2a5c82,1,12343019

7564,201,115,40,62,1951,15609,-2119,81,-3342,bf3e58ea,bd6a1bc0,bcfd95f4,bf2a5f86,bf3e58ed,bd6a1bc4,bcfd95ed,bf2a5f83,1,12351538

7565,205,130,34,68,1943,15585,-2097,65,-3339,bf3e5572,bd69d901,bcfdd46b,bf2a63aa,bf3e5576,bd69d906,bcfdd465,bf2a63a8,1,12360056

7566,207,135,27,178,2023,15577,-2097,65,-3339,bf3e5163,bd69d6c1,bcfde90d,bf2a6830,bf3e5165,bd69d6c4,bcfde905,bf2a682c,1,12368575

7567,239,114,24,241,2055,15582,-2093,87,-3260,bf3e4cf3,bd69c161,bcfdcd25,bf2a6d4b,bf3e4cf7,bd69c166,bcfdcd1f,bf2a6d48,1,12377093

7568,277,73,29,87,1966,15591,-2097,73,-3232,bf3e4936,bd691604,bcfdf3ac,bf2a7253,bf3e493a,bd691608,bcfdf3a4,bf2a724f,1,12385612

7569,290,69,28,53,1952,15589,-2097,73,-3232,bf3e4584,bd684e2f,bcfe1832,bf2a7777,bf3e4589,bd684e33,bcfe182a,bf2a7774,1,12394131

7570,291,86,15,99,1827,15600,-2047,117,-3282,bf3e3fc2,bd6798a2,bcfd72b9,bf2a7f18,bf3e3fc5,bd6798a3,bcfd72ae,bf2a7f13,1,12402649

7571,277,102,21,79,1748,15622,-2071,77,-3240,bf3e3b06,bd66d58a,bcfcc61f,bf2a85a9,bf3e3b0a,bd66d58d,bcfcc616,bf2a85a6,1,12411168

7572,224,104,27,77,1791,15624,-2065,73,-3320,bf3e3646,bd6657ac,bcfc8b5e,bf2a8bb5,bf3e3649,bd6657ae,bcfc8b53,bf2a8bb0,1,12419687

7573,178,113,26,29,1815,15597,-2065,73,-3320,bf3e3152,bd660c27,bcfcc1b1,bf2a918e,bf3e3155,bd660c29,bcfcc1a6,bf2a9189,1,12427705

7574,148,129,19,96,1892,15599,-2117,79,-3335,bf3e2d61,bd65f735,bcfd5439,bf2a95da,bf3e2d64,bd65f738,bcfd542e,bf2a95d5,1,12436223

7575,141,141,28,89,1905,15587,-2143,57,-3320,bf3e2abe,bd65e650,bcfe08fd,bf2a989f,bf3e2ac1,bd65e653,bcfe08f1,bf2a9899,1,12444742

7576,142,142,33,124,1939,15602,-2143,57,-3320,bf3e284d,bd65eb76,bcfeb3a2,bf2a9b10,bf3e2852,bd65eb7c,bcfeb397,bf2a9b0c,1,12453260

7577,136,129,27,110,2012,15586,-2083,57,-3328,bf3e2384,bd66275e,bcff64e2,bf2a9fd1,bf3e2389,bd662764,bcff64d7,bf2a9fcd,1,12461779

7578,165,113,26,134,2048,15572,-2123,105,-3362,bf3e201d,bd662fa0,bd00241b,bf2aa33d,bf3e2020,bd662fa5,bd002414,bf2aa338,1,12470298

7579,205,90,17,150,2047,15593,-2123,105,-3362,bf3e1c4d,bd65ff43,bd007fca,bf2aa777,bf3e1c51,bd65ff4a,bd007fc3,bf2aa773,1,12478816

7580,241,69,13,61,1912,15617,-2117,99,-3313,bf3e1857,bd6552dd,bd00bbb1,bf2aac9a,bf3e185b,bd6552e4,bd00bbaa,bf2aac96,1,12487335

7581,248,71,9,161,1960,15600,-2159,71,-3294,bf3e1553,bd64b94b,bd00f57e,bf2ab09b,bf3e1557,bd64b952,bd00f576,bf2ab097,1,12495854

7582,242,67,24,61,1790,15613,-2159,71,-3294,bf3e1369,bd63c7d4,bd012668,bf2ab3d9,bf3e136d,bd63c7dc,bd012660,bf2ab3d5,1,12504372

7583,223,64,43,6,1850,15584,-2105,99,-3316,bf3e10b2,bd6313ae,bd016f68,bf2ab797,bf3e10b6,bd6313b6,bd016f60,bf2ab793,1,12512891

7584,204,91,46,-30,1906,15593,-2147,87,-3262,bf3e0f6d,bd627b53,bd01e48e,bf2ab973,bf3e0f71,bd627b5c,bd01e486,bf2ab96f,1,12521409

7585,196,128,37,80,1721,15603,-2091,59,-3320,bf3e0be1,bd62174b,bd01b73a,bf2abe0c,bf3e0be4,bd621752,bd01b731,bf2abe07,1,12529928

7586,154,144,45,39,1943,15599,-2091,59,-3320,bf3e087f,bd622a6b,bd01f10e,bf2ac18b,bf3e0883,bd622a74,bd01f106,bf2ac188,1,12537946

7587,140,140,31,29,1955,15598,-2099,83,-3335,bf3e0490,bd62427c,bd0247f8,bf2ac589,bf3e0494,bd624285,bd0247f0,bf2ac586,1,12546465

7588,155,150,12,51,2013,15590,-2107,85,-3291,bf3dffc8,bd626b9f,bd029287,bf2aca6a,bf3dffcb,bd626ba7,bd02927e,bf2aca67,1,12554983

7589,183,171,15,161,1960,15587,-2107,85,-3291,bf3dfb43,bd629a53,bd0279e1,bf2acf4b,bf3dfb44,bd629a59,bd0279d7,bf2acf47,1,12563502

7590,193,166,26,183,1933,15587,-2105,71,-3301,bf3df752,bd62b7f8,bd024df9,bf2ad3a4,bf3df754,bd62b7ff,bd024df0,bf2ad3a1,1,12572021

7591,202,131,23,403,2107,15682,-2097,51,-3325,bf3df299,bd632485,bd02212b,bf2ad877,bf3df29c,bd63248d,bd022123,bf2ad874,1,12580539

7592,209,81,23,52,1849,15594,-2097,51,-3325,bf3dee67,bd62a435,bd024b51,bf2adda9,bf3dee6b,bd62a43e,bd024b49,bf2adda7,1,12589058

7593,190,96,49,100,1933,15568,-2101,33,-3335,bf3deb97,bd626e51,bd02853c,bf2ae0e6,bf3deb99,bd626e58,bd028532,bf2ae0e3,1,12597577

7594,197,105,62,5,1914,15608,-2055,51,-3271,bf3de843,bd623405,bd02a922,bf2ae4ca,bf3de846,bd62340d,bd02a918,bf2ae4c7,1,12606095

7595,189,113,63,-3,1941,15595,-2055,51,-3271,bf3de4f7,bd621028,bd02d65f,bf2ae880,bf3de4f9,bd62102f,bd02d655,bf2ae87d,1,12614614

7596,191,131,41,12,1929,15606,-2085,55,-3279,bf3de162,bd61e957,bd02f8e1,bf2aec96,bf3de164,bd61e95e,bd02f8d6,bf2aec94,1,12623133

7597,194,146,27,9,1957,15589,-2107,75,-3348,bf3ddddc,bd61c4dc,bd03257f,bf2af08d,bf3ddddd,bd61c4e2,bd032574,bf2af08a,1,12631651

7598,202,182,32,25,1873,15600,-2117,51,-3352,bf3ddb19,bd619a57,bd030d36,bf2af3ea,bf3ddb1a,bd619a5d,bd030d2c,bf2af3e7,1,12639669

7599,191,189,30,133,1908,15591,-2117,51,-3352,bf3dd7ff,bd61afb8,bd02ddd8,bf2af763,bf3dd800,bd61afbe,bd02ddce,bf2af760,1,12648188

7600,186,184,25,131,1901,15592,-2107,13,-3371,bf3dd443,bd61c96b,bd02b016,bf2afb8a,bf3dd445,bd61c972,bd02b00d,bf2afb88,1,12656706

7601,190,173,22,122,1905,15611,-2157,93,-3336,bf3dd227,bd61ac2e,bd02b282,bf2afe07,bf3dd229,bd61ac35,bd02b279,bf2afe05,1,12665225

7602,189,153,28,55,1973,15589,-2157,93,-3336,bf3dd05d,bd61821a,bd02f91a,bf2b0003,bf3dd05f,bd618221,bd02f911,bf2b0001,1,12673744

7603,193,159,34,149,1968,15595,-2119,83,-3352,bf3dcd7e,bd61911d,bd02f6ab,bf2b0323,bf3dcd80,bd619124,bd02f6a2,bf2b0321,1,12682262

7604,213,138,39,107,1905,15595,-2123,63,-3285,bf3dcb10,bd615671,bd02f297,bf2b0625,bf3dcb11,bd615678,bd02f28e,bf2b0622,1,12690781

7605,211,129,53,30,1887,15602,-2123,63,-3285,bf3dc984,bd60f814,bd030ecf,bf2b0843,bf3dc985,bd60f81c,bd030ec6,bf2b0840,1,12699299

7606,187,138,44,18,1953,15613,-2085,49,-3357,bf3dc635,bd60e452,bd033681,bf2b0be9,bf3dc637,bd60e45c,bd033679,bf2b0be8,1,12707818

7607,199,152,34,64,1907,15590,-2091,-3,-3279,bf3dc26d,bd60d189,bd03289e,bf2b103e,bf3dc26f,bd60d193,bd032896,bf2b103d,1,12716336

7608,197,167,36,149,1923,15591,-2091,-3,-3279,bf3dbeae,bd60eb42,bd02f7c7,bf2b146a,bf3dbeaf,bd60eb4b,bd02f7bf,bf2b1468,1,12724855

7609,196,167,42,103,1891,15601,-2113,81,-3354,bf3dbc43,bd60d99b,bd02dffd,bf2b1743,bf3dbc44,bd60d9a5,bd02dff5,bf2b1742,1,12733374

7610,194,154,36,109,1909,15583,-2141,69,-3277,bf3dba3e,bd60b817,bd02eb06,bf2b19a4,bf3dba3f,bd60b820,bd02eafd,bf2b19a2,1,12741892

7611,192,146,36,35,1873,15598,-2125,95,-3298,bf3db7e0,bd607671,bd0304cf,bf2b1c85,bf3db7e2,bd60767b,bd0304c7,bf2b1c83,1,12749910

7612,187,145,30,58,1874,15591,-2125,95,-3298,bf3db51c,bd6041dc,bd031bdc,bf2b1fcc,bf3db51d,bd6041e5,bd031bd4,bf2b1fca,1,12758429

7613,168,158,24,111,1949,15595,-2095,79,-3348,bf3db0df,bd606a1f,bd032777,bf2b2440,bf3db0e0,bd606a28,bd03276e,bf2b243d,1,12766948

7614,174,156,28,208,1930,15611,-2137,107,-3375,bf3dae3d,bd60827a,bd03262f,bf2b270a,bf3dae40,bd608285,bd032627,bf2b2708,1,12775466

7615,190,123,27,88,1916,15615,-2137,107,-3375,bf3dabc2,bd603f92,bd035f12,bf2b29f7,bf3dabc4,bd603f9b,bd035f09,bf2b29f4,1,12783985

7616,195,106,29,102,1932,15592,-2105,47,-3334,bf3da818,bd600fd3,bd03898e,bf2b2e26,bf3da81a,bd600fdc,bd038985,bf2b2e23,1,12792503

7617,193,98,39,76,1969,15597,-2085,111,-3312,bf3da45f,bd5feb4d,bd03c55e,bf2b3243,bf3da464,bd5feb59,bd03c557,bf2b3242,1,12801022

7618,202,91,46,73,1932,15616,-2085,111,-3312,bf3da11b,bd5fa973,bd03f500,bf2b3613,bf3da11e,bd5fa97e,bd03f4f7,bf2b3611,1,12809541

7619,220,101,54,23,1864,15596,-2145,7,-3334,bf3da05c,bd5f1458,bd042d03,bf2b377f,bf3da05e,bd5f1462,bd042cfa,bf2b377c,1,12818059

7620,214,123,63,22,1886,15606,-2083,41,-3375,bf3d9e39,bd5ec820,bd043433,bf2b3a3b,bf3d9e3b,bd5ec82a,bd04342a,bf2b3a38,1,12826578

7621,213,136,50,79,1912,15593,-2083,41,-3375,bf3d9b47,bd5ea4e1,bd042350,bf2b3db8,bf3d9b4b,bd5ea4ed,bd042348,bf2b3db7,1,12835096

7622,206,140,43,131,1887,15592,-2107,67,-3311,bf3d9890,bd5e8625,bd040a33,bf2b40f6,bf3d9892,bd5e862f,bd040a2a,bf2b40f3,1,12843615

7623,196,138,48,46,1871,15601,-2143,29,-3294,bf3d9752,bd5e3a0a,bd042a6d,bf2b42a0,bf3d9755,bd5e3a15,bd042a65,bf2b429d,1,12851633

7624,193,133,40,78,1912,15600,-2105,47,-3338,bf3d945b,bd5e1c66,bd043bdf,bf2b4602,bf3d945d,bd5e1c70,bd043bd7,bf2b45fe,1,12860151

7625,191,137,34,71,1885,15596,-2105,47,-3338,bf3d9117,bd5df9ca,bd0444ea,bf2b49c5,bf3d9119,bd5df9d4,bd0444e2,bf2b49c1,1,12868670

7626,186,135,38,63,1869,15589,-2085,95,-3325,bf3d8d73,bd5ddf16,bd044636,bf2b4dec,bf3d8d77,bd5ddf21,bd044630,bf2b4de9,1,12877189

7627,177,136,43,109,1952,15608,-2123,39,-3313,bf3d8b10,bd5de08e,bd046f7e,bf2b5071,bf3d8b12,bd5de098,bd046f76,bf2b506c,1,12885707

7628,182,125,54,90,1949,15606,-2123,39,-3313,bf3d8950,bd5dcbda,bd04a522,bf2b5250,bf3d8954,bd5dcbe6,bd04a51b,bf2b524d,1,12894226

7629,185,132,52,57,1887,15594,-2101,57,-3328,bf3d86ec,bd5da9bc,bd04bb9c,bf2b5512,bf3d86ef,bd5da9c7,bd04bb94,bf2b550e,1,12902744

7630,193,128,35,80,1926,15594,-2111,61,-3281,bf3d83ca,bd5d8c28,bd04d6a1,bf2b5898,bf3d83cd,bd5d8c33,bd04d699,bf2b5894,1,12911263

7631,199,124,18,28,1920,15601,-2111,61,-3281,bf3d7fce,bd5d542d,bd04fe00,bf2b5d2b,bf3d7fd2,bd5d5439,bd04fdf9,bf2b5d28,1,12919782

7632,203,129,5,84,1948,15603,-2097,65,-3303,bf3d7a9c,bd5d4005,bd0508a1,bf2b62fc,bf3d7a9f,bd5d4010,bd05089a,bf2b62f8,1,12928300

7633,215,139,10,82,1923,15599,-2051,95,-3351,bf3d7480,bd5d3b13,bd04db82,bf2b69e5,bf3d7483,bd5d3b20,bd04db7c,bf2b69e2,1,12936819

7634,211,129,21,160,1896,15582,-2051,95,-3351,bf3d6eea,bd5d3f5f,bd049c85,bf2b703d,bf3d6eec,bd5d3f6a,bd049c7e,bf2b7038,1,12944837

7635,217,120,35,174,1922,15593,-2083,119,-3252,bf3d6af4,bd5d2e62,bd0479ef,bf2b74ce,bf3d6af7,bd5d2e6f,bd0479e9,bf2b74ca,1,12953355

7636,224,92,53,108,1909,15596,-2097,123,-3363,bf3d68a9,bd5cd842,bd048cc3,bf2b77b7,bf3d68ac,bd5cd84f,bd048cbd,bf2b77b3,1,12961874

7637,220,78,56,55,1898,15591,-2067,63,-3314,bf3d6580,bd5c7ce4,bd04a995,bf2b7b91,bf3d6585,bd5c7cf3,bd04a990,bf2b7b8f,1,12970392

7638,220,77,64,12,1868,15615,-2067,63,-3314,bf3d62df,bd5c0a1d,bd04cc00,bf2b7ef3,bf3d62e3,bd5c0a2a,bd04cbfa,bf2b7ef0,1,12978911

7639,215,95,64,-1,1814,15618,-2161,65,-3319,bf3d636f,bd5b5494,bd051436,bf2b7f05,bf3d6372,bd5b54a0,bd05142f,bf2b7f01,1,12987430

7640,196,131,60,47,1803,15602,-2089,81,-3310,bf3d6141,bd5b15b9,bd0503f6,bf2b81c9,bf3d6145,bd5b15c6,bd0503ef,bf2b81c5,1,12995948

7641,173,134,54,6,1866,15602,-2089,81,-3310,bf3d5ea6,bd5afa2a,bd05260d,bf2b84b3,bf3d5eaa,bd5afa37,bd052606,bf2b84af,1,13004467

7642,156,148,46,2,1875,15616,-2115,31,-3304,bf3d5c50,bd5aef16,bd055ba7,bf2b872c,bf3d5c54,bd5aef22,bd055ba0,bf2b8727,1,13012986

7643,151,173,37,53,1916,15601,-2077,63,-3296,bf3d5840,bd5b349b,bd055f38,bf2b8b4c,bf3d5845,bd5b34a8,bd055f31,bf2b8b48,1,13021504

7644,162,177,33,91,1933,15569,-2077,63,-3296,bf3d53fc,bd5b8396,bd054eb0,bf2b8faa,bf3d5401,bd5b83a3,bd054ea9,bf2b8fa6,1,13030023

7645,170,172,25,135,1996,15593,-2029,3,-3281,bf3d4ddd,bd5bfb30,bd0522ce,bf2b95f3,bf3d4de2,bd5bfb3c,bd0522c6,bf2b95ee,1,13038541

7646,202,149,15,142,1984,15586,-2101,21,-3322,bf3d495f,bd5c16da,bd05179e,bf2b9acd,bf3d4964,bd5c16e6,bd051796,bf2b9ac8,1,13047060

7647,225,132,28,60,1945,15603,-2101,21,-3322,bf3d45d3,bd5be54e,bd0518fe,bf2b9ef5,bf3d45d8,bd5be55a,bd0518f6,bf2b9ef0,1,13055078

7648,239,122,35,90,1956,15591,-2151,69,-3275,bf3d4451,bd5b8965,bd0533ed,bf2ba0ff,bf3d4456,bd5b8971,bd0533e5,bf2ba0fa,1,13063597

7649,250,121,34,121,1952,15619,-2157,75,-3318,bf3d4309,bd5b240a,bd053f1f,bf2ba2e3,bf3d430e,bd5b2416,bd053f17,bf2ba2de,1,13072115

7650,245,116,22,28,1835,15593,-2109,39,-3276,bf3d3f85,bd5aa289,bd052c15,bf2ba777,bf3d3f8a,bd5aa295,bd052c0d,bf2ba772,1,13080634

7651,235,144,42,119,1900,15594,-2109,39,-3276,bf3d3cfb,bd5a7522,bd04fd41,bf2baaa2,bf3d3cff,bd5a752d,bd04fd38,bf2baa9b,1,13089152

7652,227,137,30,88,1816,15638,-2071,57,-3233,bf3d38a0,bd5a3cb1,bd04b5a9,bf2bafed,bf3d38a5,bd5a3cbe,bd04b5a1,bf2bafe7,1,13097671

7653,205,134,38,76,1848,15599,-2099,91,-3301,bf3d3598,bd5a0afd,bd04a72d,bf2bb390,bf3d359d,bd5a0b0a,bd04a724,bf2bb38a,1,13106189

7654,188,136,40,103,1863,15595,-2099,91,-3301,bf3d328d,bd59f9e8,bd04a21a,bf2bb702,bf3d3293,bd59f9f6,bd04a211,bf2bb6fd,1,13114708

7655,187,123,40,84,1880,15619,-2133,67,-3354,bf3d30a9,bd59c474,bd04cdf0,bf2bb93b,bf3d30af,bd59c482,bd04cde7,bf2bb936,1,13123227

7656,177,110,43,39,1814,15575,-2105,119,-3286,bf3d2e02,bd597f53,bd04f824,bf2bbc5c,bf3d2e08,bd597f61,bd04f81b,bf2bbc57,1,13131745

7657,168,117,37,53,1857,15605,-2105,119,-3286,bf3d2af1,bd595c87,bd0529e1,bf2bbfc4,bf3d2af6,bd595c94,bd0529d7,bf2bbfbe,1,13140264

7658,152,126,34,57,1862,15614,-2085,77,-3323,bf3d2700,bd596246,bd0552b9,bf2bc3f2,bf3d2705,bd596254,bd0552af,bf2bc3ed,1,13148783

7659,147,131,39,89,1921,15580,-2083,69,-3356,bf3d233a,bd59907c,bd0582b7,bf2bc7bb,bf3d233e,bd599089,bd0582ad,bf2bc7b5,1,13156800

7660,154,118,46,66,1979,15595,-2083,69,-3356,bf3d1fd8,bd59b67b,bd05d235,bf2bcb06,bf3d1fdd,bd59b689,bd05d22c,bf2bcb00,1,13165319

7661,184,122,35,-3,1934,15594,-2149,65,-3315,bf3d1e3f,bd59728f,bd063754,bf2bccd0,bf3d1e45,bd59729e,bd06374b,bf2bcccb,1,13173838

7662,198,129,27,6,1917,15584,-2059,73,-3282,bf3d1953,bd59620a,bd06400e,bf2bd248,bf3d1959,bd59621a,bd064006,bf2bd244,1,13182356

7663,200,155,35,81,1957,15588,-2105,55,-3285,bf3d1638,bd596dbe,bd063ec9,bf2bd5a7,bf3d163c,bd596dcc,bd063ec0,bf2bd5a2,1,13190875

7664,220,155,37,52,1907,15598,-2105,55,-3285,bf3d1366,bd594baf,bd062651,bf2bd8ff,bf3d1369,bd594bbc,bd062646,bf2bd8fa,1,13199394

7665,218,149,45,46,1890,15608,-2079,91,-3351,bf3d1054,bd592c28,bd060475,bf2bdca2,bf3d1057,bd592c37,bd06046a,bf2bdc9d,1,13207912

7666,220,158,49,67,1852,15591,-2093,85,-3320,bf3d0ded,bd590511,bd05cf4e,bf2bdfa2,bf3d0df1,bd590521,bd05cf43,bf2bdf9e,1,13216431

7667,214,158,44,38,1847,15607,-2093,85,-3320,bf3d0b44,bd58d938,bd05a7e4,bf2be2e4,bf3d0b48,bd58d948,bd05a7d9,bf2be2e0,1,13224949

7668,203,161,44,69,1878,15599,-2065,67,-3316,bf3d07a0,bd58e1be,bd0574fd,bf2be703,bf3d07a4,bd58e1ce,bd0574f2,bf2be6ff,1,13233468

7669,198,177,25,121,1846,15582,-2125,89,-3325,bf3d04d9,bd58dbd4,bd054350,bf2bea3f,bf3d04dc,bd58dbe3,bd054344,bf2bea3a,1,13241986

7670,189,166,11,77,1922,15618,-2125,89,-3325,bf3d0139,bd58e047,bd054abc,bf2bee30,bf3d013d,bd58e057,bd054ab1,bf2bee2c,1,13250004

7671,194,159,1,117,1921,15589,-2099,59,-3246,bf3cfc01,bd58fa02,bd053290,bf2bf3df,bf3cfc05,bd58fa11,bd053285,bf2bf3da,1,13258523

7672,199,143,-6,89,1889,15600,-2053,81,-3272,bf3cf519,bd5907af,bd05093c,bf2bfb82,bf3cf51d,bd5907be,bd050931,bf2bfb7d,1,13267041

7673,202,135,0,121,1900,15624,-2053,81,-3272,bf3cee83,bd5915ce,bd04def4,bf2c02ce,bf3cee87,bd5915dd,bd04dee9,bf2c02c9,1,13275560

7674,206,132,21,153,1915,15604,-2067,27,-3333,bf3ce98c,bd5921e3,bd04baa9,bf2c084f,bf3ce990,bd5921f2,bd04ba9e,bf2c084a,1,13284078

7675,211,110,35,129,1855,15586,-2095,11,-3319,bf3ce63c,bd58ea69,bd04b109,bf2c0c40,bf3ce63f,bd58ea77,bd04b0fe,bf2c0c3a,1,13292597

7676,208,100,43,47,1825,15597,-2105,39,-3271,bf3ce3c1,bd588515,bd04cc33,bf2c0f63,bf3ce3c6,bd588524,bd04cc29,bf2c0f5f,1,13301116

7677,190,113,53,64,1879,15596,-2105,39,-3271,bf3ce1b8,bd5854e9,bd04f562,bf2c11bc,bf3ce1bb,bd5854f7,bd04f556,bf2c11b6,1,13309634

7678,182,119,52,28,1866,15591,-2079,101,-3270,bf3cdee4,bd58330b,bd05179b,bf2c14e6,bf3cdee9,bd58331c,bd051790,bf2c14e1,1,13318153

7679,188,124,45,-17,1849,15604,-2055,63,-3329,bf3cdb1a,bd580af7,bd05290e,bf2c1933,bf3cdb20,bd580b09,bd052902,bf2c192f,1,13326672

7680,175,143,40,20,1863,15602,-2055,63,-3329,bf3cd6f8,bd581118,bd052b1f,bf2c1db3,bf3cd6fd,bd581128,bd052b13,bf2c1dae,1,13335190

7681,167,166,36,68,1822,15607,-2111,49,-3271,bf3cd447,bd581348,bd052412,bf2c20ab,bf3cd44c,bd581358,bd052406,bf2c20a6,1,13343709

7682,149,165,38,99,1941,15603,-2113,39,-3356,bf3cd1a3,bd5853ae,bd054bdf,bf2c2320,bf3cd1a8,bd5853be,bd054bd3,bf2c231b,1,13352228

7683,149,157,28,126,1938,15608,-2113,39,-3356,bf3cce64,bd589351,bd057044,bf2c2643,bf3cce68,bd589360,bd057036,bf2c263e,1,13360245

7684,173,135,26,89,1964,15588,-2091,81,-3318,bf3cca6b,bd58b243,bd059ab7,bf2c2a57,bf3cca6f,bd58b252,bd059aa9,bf2c2a52,1,13368764

7685,180,132,35,125,1916,15590,-2077,91,-3348,bf3cc694,bd58c9bf,bd059ed7,bf2c2e6b,bf3cc699,bd58c9cf,bd059eca,bf2c2e68,1,13377283

7686,195,125,43,103,1944,15596,-2077,91,-3348,bf3cc342,bd58cd64,bd05acfe,bf2c31fe,bf3cc346,bd58cd73,bd05acf0,bf2c31fb,1,13385801

7687,210,115,46,92,1860,15605,-2095,79,-3247,bf3cc0af,bd589051,bd05ab6d,bf2c3522,bf3cc0b2,bd58905f,bd05ab5f,bf2c351f,1,13394320

7688,217,116,48,85,1863,15603,-2129,39,-3335,bf3cbf6e,bd58345c,bd05bd56,bf2c36e5,bf3cbf72,bd58346b,bd05bd49,bf2c36e3,1,13402839

7689,205,118,45,91,1860,15620,-2043,49,-3342,bf3cbb4b,bd581dbd,bd059d82,bf2c3ba3,bf3cbb4c,bd581dca,bd059d73,bf2c3b9f,1,13411357

7690,198,117,34,83,1856,15588,-2043,49,-3342,bf3cb685,bd580b4c,bd058761,bf2c4106,bf3cb686,bd580b59,bd058753,bf2c4103,1,13419876

7691,198,118,31,43,1849,15595,-2075,29,-3322,bf3cb28e,bd57d914,bd058eef,bf2c4596,bf3cb290,bd57d922,bd058ee2,bf2c4594,1,13428394

7692,184,118,31,36,1868,15609,-2099,83,-3301,bf3caf50,bd57a88d,bd05bac8,bf2c4941,bf3caf52,bd57a89b,bd05babb,bf2c493f,1,13436913

7693,170,133,35,58,1868,15594,-2099,83,-3301,bf3cac3b,bd579b3d,bd05dd49,bf2c4c95,bf3cac3d,bd579b4a,bd05dd3c,bf2c4c93,1,13445432

7694,171,148,35,27,1925,15597,-2067,-11,-3324,bf3ca82b,bd57b862,bd05f4be,bf2c50d0,bf3ca82d,bd57b86f,bd05f4b1,bf2c50ce,1,13453950

7695,173,139,28,114,1942,15585,-2105,47,-3253,bf3ca4b6,bd57d4b3,bd061354,bf2c5460,bf3ca4b7,bd57d4bf,bd061347,bf2c545d,1,13462469

7696,190,134,37,94,1953,15624,-2105,47,-3253,bf3ca1da,bd57d6aa,bd063040,bf2c5768,bf3ca1dc,bd57d6b6,bd063033,bf2c5765,1,13470487

7697,206,122,42,104,1905,15597,-2111,71,-3310,bf3c9fa1,bd57ac8b,bd064069,bf2c59ff,bf3c9fa4,bd57ac98,bd06405d,bf2c59fc,1,13479005

7698,213,122,54,99,1834,15588,-2119,73,-3327,bf3c9e7a,bd575be4,bd063cba,bf2c5baa,bf3c9e7d,bd575bf1,bd063cae,bf2c5ba7,1,13487524

7699,201,110,61,6,1790,15607,-2119,73,-3327,bf3c9dce,bd56dfb8,bd066210,bf2c5ce2,bf3c9dd2,bd56dfc6,bd066204,bf2c5cdf,1,13496042

7700,179,121,68,0,1757,15610,-2117,59,-3314,bf3c9d62,bd567b0a,bd0685ab,bf2c5dbb,bf3c9d66,bd567b18,bd06859f,bf2c5db8,1,13504561

7701,156,148,52,66,1886,15597,-2115,5,-3266,bf3c9b9a,bd568d75,bd06aed0,bf2c5f78,bf3c9b9c,bd568d82,bd06aec3,bf2c5f73,1,13513079

7702,145,157,48,62,1926,15603,-2097,113,-3341,bf3c992b,bd56c568,bd06df16,bf2c61b5,bf3c992e,bd56c575,bd06df0a,bf2c61b1,1,13521598

7703,153,148,56,72,1954,15591,-2097,113,-3341,bf3c972c,bd56f94d,bd0716d8,bf2c6378,bf3c972f,bd56f95a,bd0716cc,bf2c6374,1,13530117

7704,174,147,71,116,1965,15602,-2115,97,-3376,bf3c96ad,bd571af3,bd073e62,bf2c63bb,bf3c96b0,bd571b00,bd073e56,bf2c63b7,1,13538635

7705,186,131,85,95,1955,15590,-2101,53,-3329,bf3c9672,bd57220e,bd0762da,bf2c63d4,bf3c9675,bd57221b,bd0762cd,bf2c63d0,1,13547154

7706,204,123,87,66,1871,15622,-2101,53,-3329,bf3c9680,bd56e9aa,bd076da8,bf2c6404,bf3c9683,bd56e9b7,bd076d9b,bf2c6400,1,13555673

7707,202,118,85,4,1760,15628,-2149,51,-3333,bf3c983e,bd565301,bd079192,bf2c62ba,bf3c9843,bd565311,bd079186,bf2c62b7,1,13564191

7708,166,132,69,101,1786,15634,-2147,39,-3275,bf3c9896,bd561dc9,bd07a958,bf2c628b,bf3c9899,bd561dd7,bd07a94a,bf2c6286,1,13572209

7709,137,137,47,113,1868,15626,-2147,39,-3275,bf3c9775,bd562b78,bd07e9c3,bf2c6382,bf3c9779,bd562b87,bd07e9b6,bf2c637e,1,13580728

7710,118,128,54,49,1857,15601,-2097,23,-3296,bf3c9510,bd564deb,bd0836f7,bf2c65ba,bf3c9514,bd564dfa,bd0836ea,bf2c65b6,1,13589246

7711,114,131,67,85,1973,15606,-2143,25,-3264,bf3c94b8,bd568a13,bd08b7b5,bf2c6569,bf3c94bc,bd568a22,bd08b7a8,bf2c6565,1,13597765

7712,137,132,79,91,2006,15602,-2143,25,-3264,bf3c951f,bd56bbe0,bd09298f,bf2c6460,bf3c9523,bd56bbef,bd092982,bf2c645c,1,13606283

7713,167,115,84,58,1930,15608,-2131,65,-3309,bf3c95b4,bd56a17f,bd097fad,bf2c6399,bf3c95b8,bd56a18e,bd097fa0,bf2c6395,1,13614802

7714,179,109,82,71,1910,15597,-2119,75,-3273,bf3c95c2,bd567d15,bd09bc1b,bf2c6387,bf3c95c4,bd567d23,bd09bc0d,bf2c6382,1,13623320

7715,184,119,74,128,1964,15577,-2141,77,-3343,bf3c961a,bd56728e,bd09f7fd,bf2c6303,bf3c961d,bd56729d,bd09f7f0,bf2c62ff,1,13631839

7716,197,100,62,43,1948,15596,-2141,77,-3343,bf3c95e9,bd5628c0,bd0a5166,bf2c634e,bf3c95eb,bd5628ce,bd0a5159,bf2c634a,1,13640358

7717,209,101,53,14,1907,15610,-2097,45,-3283,bf3c93bc,bd55dee2,bd0a7796,bf2c65ec,bf3c93bf,bd55def0,bd0a7789,bf2c65e9,1,13648876

7718,203,115,30,-63,1894,15593,-2127,37,-3316,bf3c9163,bd5579e6,bd0abe85,bf2c68bf,bf3c9167,bd5579f5,bd0abe78,bf2c68bd,1,13657395

7719,216,144,26,62,1947,15588,-2127,37,-3316,bf3c8eb8,bd555ca5,bd0ac1a1,bf2c6bcf,bf3c8eba,bd555cb2,bd0ac193,bf2c6bcc,1,13665413

7720,213,154,23,26,1898,15623,-2119,41,-3269,bf3c8bad,bd55358d,bd0ab2bf,bf2c6f5f,bf3c8baf,bd55359a,bd0ab2b1,bf2c6f5c,1,13673932

7721,222,159,21,54,1950,15616,-2107,81,-3284,bf3c882a,bd552aa4,bd0a973b,bf2c7359,bf3c882c,bd552ab1,bd0a972d,bf2c7356,1,13682450

7722,228,159,14,3,1877,15588,-2107,81,-3284,bf3c846c,bd54f34b,bd0a727f,bf2c77d1,bf3c846e,bd54f358,bd0a7271,bf2c77ce,1,13690969

7723,225,165,15,28,1886,15600,-2077,79,-3350,bf3c7fd2,bd54e0bd,bd0a329c,bf2c7d22,bf3c7fd5,bd54e0cc,bd0a328f,bf2c7d20,1,13699488

7724,220,179,15,99,1860,15596,-2111,87,-3252,bf3c7c2d,bd54d93b,bd09e00a,bf2c816b,bf3c7c2f,bd54d949,bd09dffc,bf2c8168,1,13708015

7725,209,188,23,94,1816,15592,-2111,87,-3252,bf3c7905,bd54d438,bd098513,bf2c852c,bf3c7907,bd54d445,bd098505,bf2c8529,1,13716534

7726,190,191,23,127,1867,15590,-2141,35,-3266,bf3c76ac,bd54ed0a,bd0950b6,bf2c87c8,bf3c76ad,bd54ed16,bd0950a8,bf2c87c4,1,13725052

7727,175,181,19,134,1915,15595,-2091,119,-3346,bf3c727e,bd553ac1,bd0922d7,bf2c8c1b,bf3c7281,bd553acf,bd0922ca,bf2c8c19,1,13733571

7728,181,165,15,86,1938,15607,-2109,51,-3322,bf3c6ea4,bd55605a,bd0921bf,bf2c9022,bf3c6ea7,bd556068,bd0921b2,bf2c9020,1,13742090

7729,197,156,18,77,1900,15608,-2109,51,-3322,bf3c6b11,bd555d7a,bd09130f,bf2c941a,bf3c6b13,bd555d86,bd091301,bf2c9416,1,13750608

7730,193,148,23,142,1911,15603,-2095,61,-3199,bf3c6715,bd557803,bd08f481,bf2c986a,bf3c6718,bd557810,bd08f474,bf2c9868,1,13759127

7731,195,125,39,107,1916,15617,-2133,101,-3233,bf3c655a,bd555842,bd09129e,bf2c9a5e,bf3c655c,bd55584e,bd091291,bf2c9a5b,1,13767645

7732,194,106,44,78,1848,15593,-2133,101,-3233,bf3c63f1,bd5509af,bd093a3b,bf2c9c2a,bf3c63f3,bd5509bb,bd093a2e,bf2c9c27,1,13775663

7733,188,105,48,65,1864,15590,-2083,79,-3314,bf3c611f,bd54e22e,bd095162,bf2c9f5b,bf3c6122,bd54e23b,bd095156,bf2c9f59,1,13784182

7734,185,108,47,49,1847,15595,-2069,85,-3258,bf3c5dc9,bd54c05a,bd095e8e,bf2ca31e,bf3c5dcb,bd54c066,bd095e81,bf2ca31b,1,13792701

7735,180,121,40,67,1896,15586,-2069,85,-3258,bf3c5a03,bd54c503,bd096bb7,bf2ca72c,bf3c5a06,bd54c510,bd096bab,bf2ca72a,1,13801219

7736,177,119,31,53,1901,15595,-2101,101,-3228,bf3c56ba,bd54b4c3,bd0996ee,bf2caab4,bf3c56bc,bd54b4cf,bd0996e1,bf2caab1,1,13809738

7737,177,121,22,7,1897,15601,-2127,95,-3263,bf3c53ec,bd5484cb,bd09dfb1,bf2cadc4,bf3c53ef,bd5484d8,bd09dfa5,bf2cadc2,1,13818256

7738,174,129,24,40,1899,15605,-2127,95,-3263,bf3c512f,bd546a5d,bd0a17a6,bf2cb0b4,bf3c5132,bd546a6a,bd0a179a,bf2cb0b1,1,13826775

7739,180,139,23,95,1917,15603,-2113,99,-3266,bf3c4de1,bd5473ca,bd0a2923,bf2cb435,bf3c4de4,bd5473d7,bd0a2917,bf2cb432,1,13835294

7740,181,124,21,132,1905,15599,-2097,79,-3213,bf3c49cc,bd54808d,bd0a2d7d,bf2cb896,bf3c49ce,bd548099,bd0a2d70,bf2cb892,1,13843812

7741,185,113,22,114,1918,15593,-2129,91,-3281,bf3c46ee,bd546894,bd0a5984,bf2cbbaf,bf3c46f0,bd5468a0,bd0a5977,bf2cbbab,1,13852331

7742,191,91,32,128,1947,15603,-2129,91,-3281,bf3c448d,bd544448,bd0a99dc,bf2cbe3f,bf3c4490,bd544455,bd0a99d0,bf2cbe3c,1,13860850

7743,205,83,37,66,1944,15587,-2125,63,-3225,bf3c4257,bd53fc19,bd0ae3b5,bf2cc0c6,bf3c4259,bd53fc25,bd0ae3a8,bf2cc0c2,1,13869368

7744,214,75,38,21,1895,15613,-2123,63,-3191,bf3c4030,bd5388dc,bd0b2931,bf2cc374,bf3c4033,bd5388ea,bd0b2925,bf2cc372,1,13877386

7745,227,85,45,-23,1802,15610,-2123,63,-3191,bf3c3ea4,bd52e8a2,bd0b4b97,bf2cc5cc,bf3c3ea6,bd52e8b0,bd0b4b8a,bf2cc5ca,1,13885905

7746,215,106,46,-61,1796,15620,-2145,111,-3314,bf3c3e38,bd523f05,bd0b8363,bf2cc6e2,bf3c3e3b,bd523f13,bd0b8356,bf2cc6e0,1,13894423

7747,184,144,39,-9,1847,15605,-2137,81,-3205,bf3c3cbb,bd520baa,bd0ba341,bf2cc8a7,bf3c3cbe,bd520bb8,bd0ba334,bf2cc8a5,1,13902942

7748,170,179,30,42,1867,15598,-2137,81,-3205,bf3c3aac,bd521d45,bd0ba190,bf2ccad1,bf3c3aaf,bd521d52,bd0ba182,bf2ccace,1,13911461

7749,161,184,25,87,1886,15594,-2111,111,-3311,bf3c3781,bd525e0c,bd0b8b91,bf2cce09,bf3c3782,bd525e17,bd0b8b81,bf2cce05,1,13919979

7750,158,181,33,139,1935,15595,-2093,69,-3317,bf3c340e,bd52c9a8,bd0b6daa,bf2cd15d,bf3c3411,bd52c9b6,bd0b6d9c,bf2cd15b,1,13928498

7751,167,167,33,108,1914,15590,-2093,69,-3317,bf3c30b1,bd530daa,bd0b5a6d,bf2cd4c4,bf3c30b3,bd530db7,bd0b5a5f,bf2cd4c1,1,13937016

7752,178,134,40,63,1903,15624,-2097,55,-3315,bf3c2de2,bd531222,bd0b6bcf,bf2cd7c0,bf3c2de4,bd53122f,bd0b6bc1,bf2cd7bc,1,13945535

7753,178,125,41,101,1936,15594,-2141,117,-3254,bf3c2c88,bd5308ff,bd0ba27b,bf2cd918,bf3c2c8a,bd53090c,bd0ba26d,bf2cd914,1,13954054

7754,186,115,34,65,1921,15596,-2141,117,-3254,bf3c2ada,bd52deaf,bd0be22e,bf2cdaeb,bf3c2add,bd52debd,bd0be220,bf2cdae8,1,13962572

7755,205,105,30,64,1928,15591,-2101,81,-3216,bf3c2788,bd52b797,bd0bfe87,bf2cdea2,bf3c278a,bd52b7a4,bd0bfe79,bf2cde9e,1,13971091

7756,215,105,25,30,1937,15596,-2121,101,-3277,bf3c24c4,bd52714e,bd0c2edb,bf2ce1d3,bf3c24c6,bd52715b,bd0c2ecc,bf2ce1cf,1,13979109

7757,227,108,27,35,1899,15597,-2115,107,-3317,bf3c2209,bd521a0f,bd0c4097,bf2ce526,bf3c220b,bd521a1c,bd0c4089,bf2ce522,1,13987628

7758,227,122,21,27,1860,15605,-2115,107,-3317,bf3c1f0d,bd51c094,bd0c39f4,bf2ce8d9,bf3c1f10,bd51c0a2,bd0c39e7,bf2ce8d5,1,13996146

7759,217,122,11,11,1852,15601,-2093,89,-3242,bf3c1aa5,bd517d61,bd0c2e30,bf2cee00,bf3c1aa8,bd517d6f,bd0c2e23,bf2cedfc,1,14004665

7760,212,143,6,49,1842,15604,-2111,85,-3281,bf3c1696,bd514e2e,bd0c0ed5,bf2cf2bc,bf3c1698,bd514e3b,bd0c0ec7,bf2cf2b7,1,14013184

7761,201,147,3,56,1845,15597,-2111,85,-3281,bf3c1251,bd513176,bd0bf4cf,bf2cf797,bf3c1254,bd513184,bd0bf4c2,bf2cf793,1,14021702

7762,187,136,6,58,1856,15620,-2079,109,-3281,bf3c0d1a,bd51304d,bd0be05e,bf2cfd53,bf3c0d1e,bd51305d,bd0be052,bf2cfd51,1,14030221

7763,175,136,9,127,1940,15606,-2103,87,-3290,bf3c08a3,bd515cb1,bd0bea78,bf2d01f1,bf3c08a6,bd515cbf,bd0bea6b,bf2d01ee,1,14038739

7764,190,118,16,94,1952,15629,-2103,87,-3290,bf3c04a2,bd516180,bd0c0745,bf2d062e,bf3c04a4,bd51618e,bd0c0738,bf2d062a,1,14047258

7765,209,95,13,74,1917,15620,-2115,105,-3292,bf3c00f6,bd5124ff,bd0c2e2b,bf2d0a56,bf3c00f8,bd51250d,bd0c2e1e,bf2d0a52,1,14055777

7766,222,97,10,22,1911,15597,-2095,77,-3251,bf3bfc84,bd50db9a,bd0c47b7,bf2d0f6f,bf3bfc86,bd50dba9,bd0c47aa,bf2d0f6b,1,14064295

7767,223,112,0,-1,1881,15610,-2095,77,-3251,bf3bf799,bd508f1b,bd0c4eca,bf2d151b,bf3bf79c,bd508f2c,bd0c4ebe,bf2d1518,1,14072313

7768,227,125,6,18,1858,15606,-2101,9,-3357,bf3bf352,bd504425,bd0c3de3,bf2d1a28,bf3bf355,bd504436,bd0c3dd7,bf2d1a25,1,14081332

7769,210,133,11,58,1877,15623,-2077,71,-3259,bf3bee68,bd503342,bd0c1d56,bf2d1fab,bf3bee6c,bd503354,bd0c1d4a,bf2d1fa8,1,14089350

7770,211,138,14,64,1908,15637,-2083,97,-3325,bf3be9ef,bd502c84,bd0c036c,bf2d24a4,bf3be9f2,bd502c94,bd0c035f,bf2d249f,1,14097869

7771,223,136,3,98,1847,15627,-2083,97,-3325,bf3be4e7,bd500ef2,bd0bc299,bf2d2a71,bf3be4eb,bd500f04,bd0bc28d,bf2d2a6e,1,14106388

7772,215,130,-12,115,1849,15622,-2089,95,-3271,bf3bdf1a,bd4ff78c,bd0b8e4b,bf2d3103,bf3bdf1e,bd4ff79e,bd0b8e3f,bf2d3100,1,14114906

7773,208,111,-14,123,1872,15608,-2127,81,-3281,bf3bda5b,bd4fc7f3,bd0b9159,bf2d3661,bf3bda5e,bd4fc803,bd0b914c,bf2d365c,1,14123425

7774,213,74,-11,950,2563,15744,-2127,81,-3281,bf3bd49c,bd5105b8,bd0b7aaa,bf2d3b2f,bf3bd4a0,bd5105c9,bd0b7a9e,bf2d3b2a,1,14131943

7775,314,-54,-11,-238,1574,15682,-2069,103,-3316,bf3bcf08,bd4f22f8,bd0bb73b,bf2d434e,bf3bcf0c,bd4f2309,bd0bb72f,bf2d4349,1,14140462

7776,299,-36,-37,299,2186,15673,-2069,99,-3275,bf3bc6bb,bd4ec979,bd0bf413,bf2d4c87,bf3bc6be,bd4ec989,bd0bf407,bf2d4c81,1,14148980

7777,331,-42,-46,195,1997,15557,-2069,99,-3275,bf3bbe36,bd4dfc51,bd0c0663,bf2d56a7,bf3bbe3a,bd4dfc62,bd0c0658,bf2d56a2,1,14157499

7778,367,-76,-35,55,1968,15727,-2137,89,-3283,bf3bb8cb,bd4c8b70,bd0c66fc,bf2d5deb,bf3bb8cf,bd4c8b81,bd0c66f1,bf2d5de6,1,14166018

7779,376,-138,-15,46,1756,15592,-2115,21,-3258,bf3bb3a5,bd4aabd4,bd0cb2ba,bf2d6575,bf3bb3a9,bd4aabe4,bd0cb2af,bf2d6570,1,14174537

7780,335,-141,2,13,1594,15626,-2115,21,-3258,bf3baf6b,bd48b8bb,bd0cffc9,bf2d6c0d,bf3baf6e,bd48b8ca,bd0cffbe,bf2d6c07,1,14182554

7781,311,-175,20,205,2020,15647,-2053,93,-3269,bf3ba98c,bd47a409,bd0d9e0a,bf2d7327,bf3ba98f,bd47a418,bd0d9dff,bf2d7321,1,14191073

7782,308,-208,57,72,1575,15661,-2111,69,-3377,bf3ba806,bd459a6f,bd0e2324,bf2d76b5,bf3ba809,bd459a7e,bd0e2319,bf2d76af,1,14199592

7783,245,-254,144,63,2413,15698,-2179,89,-3327,bf3bac96,bd449256,bd104552,bf2d712c,bf3bac9b,bd449267,bd104547,bf2d7128,1,14208110

7784,258,-270,142,-124,1810,15647,-2179,89,-3327,bf3bb1b9,bd426ce0,bd11ef24,bf2d6ca5,bf3bb1be,bd426cf1,bd11ef19,bf2d6ca1,1,14216629

7785,295,-275,139,-515,1640,15600,-2127,131,-3247,bf3bb579,bd3fa4e2,bd139b86,bf2d6a44,bf3bb57e,bd3fa4f3,bd139b7b,bf2d6a40,1,14225148

7786,229,-204,138,-732,1576,15706,-2113,77,-3338,bf3bb8e7,bd3d1e78,bd155a1d,bf2d67d5,bf3bb8ec,bd3d1e89,bd155a12,bf2d67d1,1,14233666

7787,172,-58,142,-363,1798,15643,-2113,77,-3338,bf3bbbcb,bd3c1407,bd168491,bf2d64d4,bf3bbbd0,bd3c1418,bd168486,bf2d64d0,1,14242185

7788,156,58,127,-205,2195,15708,-2155,71,-3301,bf3bbee1,bd3c2066,bd179ef6,bf2d6079,bf3bbee5,bd3c2077,bd179eea,bf2d6074,1,14250704

7789,262,75,59,16,2127,15810,-2153,153,-3340,bf3bbe5b,bd3c06ff,bd17e497,bf2d60e9,bf3bbe5f,bd3c070f,bd17e48b,bf2d60e4,1,14259222

7790,354,40,69,213,2318,15752,-2153,153,-3340,bf3bbe49,bd3bef61,bd17f054,bf2d610b,bf3bbe4d,bd3bef71,bd17f048,bf2d6107,1,14267741

7791,498,-41,12,-213,2095,15891,-2129,83,-3283,bf3bbb00,bd3a3d8c,bd17f2b0,bf2d666c,bf3bbb04,bd3a3d9c,bd17f2a4,bf2d6668,1,14276260

7792,605,-82,8,531,2593,15874,-2189,129,-3301,bf3bb8b7,bd394a67,bd178528,bf2d6a4a,bf3bb8ba,bd394a76,bd17851c,bf2d6a45,1,14284778

7793,824,-195,-147,523,2477,16082,-2189,129,-3301,bf3bae27,bd36fbbb,bd16925a,bf2d78ff,bf3bae2b,bd36fbcb,bd169250,bf2d78fb,1,14292796

7794,1149,-483,-368,3543,6008,16299,-2155,121,-3331,bf3b961f,bd344077,bd158999,bf2d96bc,bf3b9623,bd344087,bd15898f,bf2d96b8,1,14301315

7795,1988,-1229,-753,1272,3570,17498,-2159,89,-3288,bf3b68aa,bd2adf39,bd144f53,bf2dd255,bf3b68ad,bd2adf49,bd144f49,bf2dd250,1,14309833

7796,2548,-1790,-929,-546,2641,17542,-2151,177,-3244,bf3b31d7,bd1b6e11,bd1448e4,bf2e1bdd,bf3b31da,bd1b6e21,bd1448db,bf2e1bd8,1,14318358

7797,2621,-1495,-1149,-1928,2224,18874,-2151,177,-3244,bf3af00e,bd0b4a11,bd13568d,bf2e70ee,bf3af011,bd0b4a21,bd135685,bf2e70e9,1,14326877

7798,2408,-842,-1256,-1892,3456,19315,-2137,107,-3368,bf3aa764,bcff3793,bd113089,bf2ec962,bf3aa767,bcff37b3,bd113082,bf2ec95d,1,14335395

7799,2246,-486,-1359,-1280,3804,18515,-2143,111,-3320,bf3a586e,bced5c13,bd0e155d,bf2f2664,bf3a5871,bced5c33,bd0e1556,bf2f265f,1,14343914

7800,2289,-443,-1671,-1582,3328,17781,-2143,111,-3320,bf39f782,bcdabcb2,bd0ab9f5,bf2f9604,bf39f785,bcdabcd2,bd0ab9ef,bf2f95ff,1,14352433

7801,2370,9,-2045,-1140,2987,17708,-2107,193,-3486,bf3980ac,bccb9271,bd04fa6b,bf301c85,bf3980af,bccb9291,bd04fa65,bf301c80,1,14360951

7802,2578,827,-2564,875,-74,18311,-2063,199,-3411,bf38ede5,bcbf040f,bcedc65e,bf30c42b,bf38ede8,bcbf042f,bcedc653,bf30c427,1,14369470

7803,2382,1815,-3017,20,-35,19206,-2063,199,-3411,bf3841c4,bcb9c0f0,bcccbd7c,bf318342,bf3841c7,bcb9c10e,bcccbd70,bf31833d,1,14377989

7804,1761,2923,-3216,949,134,19099,-2035,181,-3406,bf37891e,bcc35283,bca72a7d,bf324962,bf378922,bcc352a1,bca72a72,bf32495e,1,14386507

7805,1251,3963,-3385,2053,-653,18407,-1955,167,-3452,bf36c52f,bcd8be47,bc788f86,bf3314ca,bf36c533,bcd8be65,bc788f6f,bf3314c6,1,14394525

7806,449,4466,-3410,2404,-1553,17323,-1955,167,-3452,bf35fd59,bcf6f57d,bc260f8e,bf33dc0f,bf35fd5d,bcf6f59a,bc260f76,bf33dc0b,1,14403044

7807,-907,4594,-3229,2242,-567,16459,-1961,203,-3470,bf353a48,bd108b3f,bbcdc5e1,bf3493e9,bf353a4d,bd108b4e,bbcdc5af,bf3493e6,1,14411562

7808,-2428,4592,-3448,2154,1172,15765,-1937,215,-3427,bf34624a,bd2ca587,bb870bcd,bf355423,bf34624f,bd2ca595,bb870b94,bf35541f,1,14420081

7809,-3256,4392,-4173,4955,2577,12816,-1861,199,-3419,bf33589d,bd4c2c5d,bb3c3e39,bf363abf,bf3358a2,bd4c2c6b,bb3c3db8,bf363abb,1,14428600

7810,-3060,3493,-4415,5409,5008,15081,-1861,199,-3419,bf323e11,bd67dae3,bb23026a,bf372e4f,bf323e15,bd67daf0,bb2301db,bf372e4b,1,14437118

7811,-2555,2702,-4892,3196,5762,15922,-1771,111,-3377,bf3105ea,bd7e5d16,bb2a6670,bf383e52,bf3105ed,bd7e5d22,bb2a65d7,bf383e4d,1,14445637

7812,-1939,2037,-5601,2247,5240,15408,-1733,137,-3384,bf2fa343,bd87e741,bb35f07a,bf3977be,bf2fa347,bd87e748,bb35efda,bf3977bb,1,14454156

7813,-1584,1279,-6153,2242,4644,14051,-1733,137,-3384,bf2e1e3a,bd8e893f,bb534892,bf3ad146,bf2e1e3d,bd8e8945,bb5347ea,bf3ad142,1,14462674

7814,-1384,390,-6649,2279,3622,13989,-1643,117,-3364,bf2c76f6,bd93051e,bb85ce82,bf3c4a3a,bf2c76f9,bd930524,bb85ce2b,bf3c4a36,1,14471193

7815,-1462,-426,-6963,984,2712,13964,-1623,117,-3300,bf2ab900,bd955cf3,bbbf2c69,bf3dd6dd,bf2ab903,bd955cf9,bbbf2c10,bf3dd6d9,1,14479711

7816,-1891,-929,-7097,-451,3069,14123,-1623,117,-3300,bf28eeda,bd96e231,bc0e26e2,bf3f686e,bf28eede,bd96e238,bc0e26b6,bf3f686a,1,14487729

7817,-2298,-976,-7441,-1121,4128,14117,-1585,61,-3304,bf2708a9,bd991dfa,bc44a08b,bf410742,bf2708ac,bd991e01,bc44a05e,bf41073d,1,14496248

7818,-2312,-736,-7972,-1421,5042,13651,-1495,77,-3273,bf24fb43,bd9c05b9,bc777d17,bf42bc37,bf24fb47,bd9c05c0,bc777ce8,bf42bc32,1,14504766

7819,-1950,-478,-8410,-1534,5728,12558,-1495,77,-3273,bf22cfe5,bd9ef37a,bc905897,bf44808f,bf22cfe9,bd9ef381,bc90587e,bf44808a,1,14513285

7820,-1254,-413,-8476,-1075,2601,10126,-1447,113,-3353,bf20a021,bda03990,bc9e2b9e,bf464468,bf20a026,bda03998,bc9e2b85,bf464464,1,14521804

7821,-1095,-729,-8136,-1997,309,10400,-1425,37,-3284,bf1e83bc,bd9f7c36,bca9b832,bf47f57c,bf1e83c0,bd9f7c3d,bca9b818,bf47f577,1,14530322

7822,-1833,-495,-8205,-2664,6036,12767,-1361,47,-3260,bf1c5860,bda1d759,bcbdeffc,bf499cda,bf1c5866,bda1d761,bcbdefe3,bf499cd7,1,14538841

7823,-1312,512,-9538,-2091,6015,13359,-1361,47,-3260,bf19d4fd,bda5935c,bcc6212a,bf4b7b74,bf19d502,bda59363,bcc62110,bf4b7b70,1,14547359

7824,-173,1517,-10584,428,6454,13331,-1293,133,-3267,bf170c87,bdaa580a,bcbc7f5b,bf4d812c,bf170c8c,bdaa5811,bcbc7f41,bf4d8128,1,14555878

7825,592,1813,-10999,6407,-3194,17864,-1215,131,-3230,bf1422c0,bdadfd71,bc9eca84,bf4f9763,bf1422c5,bdadfd78,bc9eca6a,bf4f975f,1,14564397

7826,-956,991,-9965,6937,-3980,13475,-1215,131,-3230,bf116c48,bdb241c8,bc93ff4d,bf5173cb,bf116c4d,bdb241cf,bc93ff33,bf5173c7,1,14572915

7827,-2915,-350,-9582,4896,-1891,12282,-1159,175,-3202,bf0eb943,bdb6892e,bca2ba7f,bf533bb4,bf0eb949,bdb68936,bca2ba65,bf533bb1,1,14581434

7828,-4079,-944,-10332,3456,-1862,13483,-1121,167,-3192,bf0bc2c1,bdbac1d1,bcbe7340,bf55202a,bf0bc2c7,bdbac1d9,bcbe7325,bf552027,1,14589953

7829,-5545,-1418,-10959,4331,2808,15443,-1121,167,-3192,bf088ca4,bdc12ae6,bcedb79b,bf57101b,bf088caa,bdc12aee,bcedb77e,bf571017,1,14597971

7830,-5962,-1777,-11863,4744,4521,14793,-1005,189,-3184,bf050787,bdc79c35,bd11a5e3,bf591a62,bf05078e,bdc79c3e,bd11a5d5,bf591a5f,1,14606489

7831,-5240,-2173,-12302,4142,5873,14613,-953,187,-3155,bf015e23,bdcc1825,bd2acfce,bf5b2b55,bf015e2a,bdcc182e,bd2acfc0,bf5b2b52,1,14615008

7832,-3789,-2412,-12169,2821,6029,14761,-953,187,-3155,befb837e,bdcdc0e1,bd3eb6e5,bf5d2c64,befb838b,bdcdc0e9,bd3eb6d6,bf5d2c60,1,14623527

7833,-2253,-2284,-11840,423,4872,15284,-837,169,-3204,bef488b3,bdccb0b7,bd4bd19e,bf5f1771,bef488c1,bdccb0c0,bd4bd190,bf5f176e,1,14632045

7834,-1114,-1590,-11437,-1007,4823,14406,-795,227,-3103,beedd547,bdcb4ee3,bd52611a,bf60e430,beedd554,bdcb4eeb,bd52610b,bf60e42d,1,14640564

7835,-400,-872,-11115,-943,4899,13672,-731,277,-3098,bee7554f,bdcab5e5,bd54159f,bf629508,bee7555b,bdcab5ec,bd54158f,bf629505,1,14649083

7836,81,-784,-10834,282,3810,14112,-731,277,-3098,bee0fc13,bdc9bf4a,bd52bdf2,bf643165,bee0fc20,bdc9bf52,bd52bde3,bf643163,1,14657601

7837,375,-1110,-10462,1150,5281,15073,-659,369,-3133,bedacd2f,bdc824f4,bd5135a1,bf65b7f2,bedacd3a,bdc824fb,bd513591,bf65b7ef,1,14666120

7838,862,-1676,-10197,271,2508,15683,-623,443,-3099,bed4bf87,bdc3a6ef,bd4d2dbf,bf6735b8,bed4bf90,bdc3a6f4,bd4d2dae,bf6735b4,1,14674638

7839,1023,-1986,-9621,331,191,15149,-623,443,-3099,becf0042,bdbddfc6,bd47a595,bf689aa1,becf004d,bdbddfcd,bd47a586,bf689a9f,1,14683157

7840,438,-2283,-8842,1333,-270,14743,-563,421,-3149,bec9a1e7,bdb83c2e,bd4542ec,bf69dbbf,bec9a1f2,bdb83c35,bd4542dd,bf69dbbd,1,14691676

7841,-289,-2814,-8070,2238,1403,15155,-551,453,-3213,bec4a372,bdb29463,bd48af28,bf6af9da,bec4a37d,bdb2946a,bd48af19,bf6af9d8,1,14699694

7842,-412,-3513,-7513,2977,1482,14951,-551,453,-3213,bebfed3d,bdaba878,bd4e4706,bf6c0264,bebfed48,bdaba87f,bd4e46f7,bf6c0262,1,14708212

7843,-100,-4319,-7046,3278,1250,14657,-541,519,-3295,bebb74ee,bda28e29,bd53d09c,bf6cfcaf,bebb74f8,bda28e30,bd53d08d,bf6cfcac,1,14716731

7844,457,-5173,-6721,4404,2997,14642,-579,581,-3232,beb729c2,bd975703,bd599f22,bf6deb89,beb729cc,bd97570a,bd599f13,bf6deb86,1,14725249

7845,1740,-6128,-6452,3396,5643,15118,-579,581,-3232,beb30e9c,bd885ca3,bd5cd1bc,bf6ed468,beb30ea6,bd885cab,bd5cd1af,bf6ed466,1,14733768

7846,3878,-7220,-5861,860,6368,12409,-561,627,-3302,beaf5989,bd685146,bd58ca23,bf6fb277,beaf5993,bd685157,bd58ca18,bf6fb275,1,14742287

7847,6449,-8371,-4789,-2895,6051,10236,-589,717,-3372,beac54f6,bd33831f,bd4ace8f,bf7077d2,beac5501,bd338330,bd4ace87,bf7077d2,1,14750805

7848,8947,-9224,-4195,-6991,7762,6814,-623,771,-3581,bea9ac9c,bceab13d,bd3218f9,bf712a75,bea9aca6,bceab15c,bd3218f1,bf712a74,1,14759324

7849,12542,-8927,-4945,-13834,9896,6970,-623,771,-3581,bea68eeb,bc480f60,bd069c82,bf71e8be,bea68ef5,bc480f98,bd069c7b,bf71e8bd,1,14767843

7850,17299,-5797,-7453,-19923,2577,6798,-555,913,-3680,bea1e318,3b284120,bc72b104,bf72d606,bea1e322,3b284058,bc72b0ea,bf72d605,1,14776361

7851,20773,-1186,-8048,-16874,-4369,10439,-565,1133,-3786,be9cbef9,3c583c26,3c1e31e3,bf73ac16,be9cbf03,3c583bfc,3c1e31f9,bf73ac14,1,14784880

7852,20770,3493,-6669,-5417,-11632,23280,-565,1133,-3786,be984c4c,3c919f65,3d15c192,bf7430c6,be984c56,3c919f55,3d15c197,bf7430c4,1,14793398

7853,13716,6638,-3775,631,-14079,29066,-503,1317,-3681,be9590e5,3c7ac951,3d66391c,bf746107,be9590ef,3c7ac939,3d663922,bf746106,1,14801416

7854,5152,8724,-2585,260,-8046,15456,-439,1393,-3689,be938a26,3be5e2d7,3d876e56,bf748c8a,be938a2f,3be5e2ac,3d876e58,bf748c88,1,14809935

7855,2463,7794,-2675,-3918,-719,12477,-439,1393,-3689,be917a89,ba2842c9,3d922686,bf74c486,be917a92,ba284401,3d922688,bf74c484,1,14818454

7856,371,3371,-3074,-5108,-1957,12192,-441,1489,-3684,be8f5ae9,bb652cec,3d94ac5b,bf750e2f,be8f5af2,bb652d39,3d94ac5e,bf750e2e,1,14826972

7857,-1590,-5,-3006,-1542,-4447,16395,-459,1517,-3694,be8d6de2,bb4ec39c,3d90b0b7,bf755f5e,be8d6deb,bb4ec3ea,3d90b0b9,bf755f5c,1,14835491

7858,-2444,-1070,-2661,-1273,-6827,18059,-459,1517,-3694,be8bc4bb,bafcafab,3d8a36c3,bf75ab5e,be8bc4c5,bafcb051,3d8a36c5,bf75ab5d,1,14844009

7859,-3110,-1600,-2832,-724,-6406,17100,-523,1565,-3640,be8a0516,b9af4528,3d81c575,bf75fd22,be8a0520,b9af47e7,3d81c577,bf75fd21,1,14852528

7860,-3889,-1770,-3408,-385,-6354,16776,-509,1589,-3658,be87e8aa,3a9b2e6f,3d6ea6a1,bf765d65,be87e8b4,3a9b2db1,3d6ea6a5,bf765d64,1,14861047

7861,-4912,-2240,-4255,-292,-6186,16788,-505,1527,-3599,be8547d2,3b42e6ba,3d53e55c,bf76d166,be8547dc,3b42e652,3d53e55e,bf76d164,1,14869565

7862,-6414,-2778,-5029,-351,-3807,16382,-505,1527,-3599,be822b9d,3ba294e8,3d301813,bf775718,be822ba7,3ba294ae,3d301815,bf775716,1,14878084

7863,-7316,-3124,-5691,-107,-4275,16732,-537,1425,-3678,be7d4fbc,3be80288,3d0792d1,bf77e461,be7d4fd1,3be80248,3d0792d3,bf77e460,1,14886603

7864,-7652,-2827,-5926,755,-4133,17023,-473,1391,-3645,be75f00f,3c0beb6e,3cbbc1c8,bf786d90,be75f024,3c0beb4b,3cbbc1cc,bf786d8f,1,14895121

7865,-7561,-2171,-6012,807,-3320,17454,-473,1391,-3645,be6e6419,3c15ea98,3c552371,bf78eecb,be6e642d,3c15ea71,3c552377,bf78eec9,1,14903139

7866,-7166,-1210,-6333,446,-1970,17691,-441,1331,-3610,be66625b,3c0e35e6,3b72701c,bf796cd1,be66626f,3c0e35bb,3b72703c,bf796ccf,1,14911658

7867,-6773,-283,-7181,-141,-1379,17796,-451,1247,-3675,be5d46f4,3bee822a,bba26ee7,bf79f0fe,be5d4709,3bee81cf,bba26ed6,bf79f0fd,1,14920176

7868,-6894,55,-8196,-990,-1078,18079,-451,1247,-3675,be52d4ee,3bb77784,bc60dcac,bf7a7c89,be52d504,3bb77723,bc60dca1,bf7a7c89,1,14928695

7869,-7110,258,-8813,23,-313,18122,-375,1211,-3637,be478f34,3b5af4c0,bcba7981,bf7b05c5,be478f49,3b5af3f2,bcba7979,bf7b05c4,1,14937213

7870,-6434,486,-8568,926,-159,18144,-433,1301,-3650,be3c88cb,3a4a8c49,bcfc259d,bf7b8007,be3c88e0,3a4a88ee,bcfc2595,bf7b8006,1,14945732

7871,-4736,1260,-7811,2223,74,16899,-433,1301,-3650,be32788b,bb28cf5f,bd15495c,bf7be883,be32789f,bb28d03b,bd154957,bf7be881,1,14954250

7872,-2379,2265,-6670,2181,193,15467,-367,1247,-3601,be29ed01,bbd853d6,bd1f728e,bf7c3f8a,be29ed16,bbd85445,bd1f7288,bf7c3f8a,1,14962769

7873,-159,2954,-5408,626,196,15080,-327,1299,-3561,be230de7,bc2df633,bd1d7d51,bf7c8700,be230dfc,bc2df669,bd1d7d49,bf7c86ff,1,14971288

7874,1290,3248,-4335,138,1567,14484,-347,1307,-3591,be1d9d79,bc6e752b,bd158f13,bf7cbfc2,be1d9d8d,bc6e7561,bd158f0b,bf7cbfc1,1,14979806

7875,2171,3045,-3790,584,1408,14047,-347,1307,-3591,be18e4d6,bc947a9c,bd092e65,bf7cf14a,be18e4e9,bc947ab5,bd092e5d,bf7cf148,1,14988325

7876,2737,2507,-3520,263,933,14520,-309,1401,-3522,be147bcf,bca9f4c6,bcf370bc,bf7d1fd9,be147be2,bca9f4de,bcf370ab,bf7d1fd7,1,14996844

7877,2839,1947,-3229,-850,1105,14646,-341,1463,-3594,be106de5,bcb6bfa1,bcd547ae,bf7d49f0,be106df9,bcb6bfba,bcd5479f,bf7d49f0,1,15005363

7878,2793,1476,-2939,-1192,967,13630,-341,1463,-3594,be0cbe4d,bcbdce42,bcb8a6f6,bf7d6f73,be0cbe61,bcbdce5a,bcb8a6e7,bf7d6f73,1,15013381

7879,2264,1126,-2867,-1877,684,12125,-293,1523,-3508,be091af8,bcc0f0e7,bca1c210,bf7d92ab,be091b0c,bcc0f0fe,bca1c1ff,bf7d92aa,1,15021899

7880,842,848,-3325,-3001,-591,11637,-255,1569,-3477,be04cdc2,bcc2586f,bc980e28,bf7db885,be04cdd7,bcc25887,bc980e18,bf7db885,1,15030418

7881,-938,906,-3778,-2422,-175,12031,-255,1569,-3477,bdffb842,bcc738c6,bca13f61,bf7ddec7,bdffb86b,bcc738de,bca13f50,bf7ddec6,1,15038937

7882,-2298,1112,-3928,-1362,370,13389,-293,1587,-3546,bdf55c58,bcd13050,bcb8e6da,bf7e01a0,bdf55c81,bcd13067,bcb8e6c8,bf7e019f,1,15047455

7883,-2896,1391,-3635,2379,1171,14076,-219,1581,-3517,bdebb04b,bce66c66,bcd6f3a1,bf7e1bbf,bdebb074,bce66c7d,bcd6f38f,bf7e1bbe,1,15055974

7884,-2369,509,-2160,3496,2152,14944,-219,1581,-3517,bde5d3d5,bcf24f99,bcf1f741,bf7e2862,bde5d3ff,bcf24fb1,bcf1f730,bf7e2862,1,15064493

7885,-762,-1475,-421,-235,-1380,15260,-203,1573,-3502,bde47bbf,bce0743b,bcf9ba7c,bf7e2f74,bde47be9,bce07453,bcf9ba6b,bf7e2f74,1,15073011

7886,-708,-1588,-336,958,-766,15676,-275,1555,-3540,bde35e05,bccf9597,bd00bdca,bf7e351b,bde35e2e,bccf95ae,bd00bdc2,bf7e351a,1,15081530

7887,-872,-1520,-398,910,1154,16269,-251,1551,-3548,bde219e5,bcc00ded,bd074406,bf7e394a,bde21a0d,bcc00e03,bd0743fe,bf7e3948,1,15090049

7888,123,-1764,258,300,709,16828,-251,1551,-3548,bde295e4,bcab50c2,bd0855bf,bf7e3ab2,bde2960d,bcab50da,bd0855b8,bf7e3ab2,1,15098567

7889,1441,-1510,916,-481,375,17233,-251,1515,-3603,bde4ea17,bc960899,bd0242d6,bf7e38e6,bde4ea3f,bc9608af,bd0242cf,bf7e38e5,1,15107086

7890,2161,-1068,1335,-1059,1183,17258,-169,1443,-3457,bde8760e,bc840a36,bcf2560e,bf7e3304,bde87636,bc840a4c,bcf25600,bf7e3303,1,15115104

7891,2049,-969,1458,-1217,605,17297,-169,1443,-3457,bdec535d,bc65e623,bce06cfa,bf7e2af3,bdec5385,bc65e64f,bce06ced,bf7e2af2,1,15123622

7892,1268,-1114,1194,-112,373,17179,-201,1477,-3568,bdef6caf,bc463d1f,bcd6221f,bf7e233c,bdef6cd7,bc463d4b,bcd62212,bf7e233b,1,15132141

7893,478,-1423,667,27,551,17721,-233,1493,-3617,bdf1174f,bc232a37,bcd4aec0,bf7e1ecc,bdf11776,bc232a62,bcd4aeb2,bf7e1eca,1,15140660

7894,246,-1790,371,-1429,-1717,20813,-233,1493,-3617,bdf1f2df,bbea17b1,bcd33ef3,bf7e1d6d,bdf1f308,bbea180a,bcd33ee7,bf7e1d6d,1,15149178

7895,-60,-1308,96,-139,-2101,22071,-197,1477,-3512,bdf21db8,bbab36aa,bcd3f473,bf7e1d6c,bdf21de1,bbab3702,bcd3f467,bf7e1d6c,1,15157697

7896,-433,-584,-844,3240,2424,17972,-239,1465,-3584,bdefd992,bba234c9,bcdd0039,bf7e242f,bdefd9ba,bba23521,bcdd002c,bf7e242e,1,15166216

7897,86,-1256,-2205,1136,-16,15874,-239,1465,-3584,bdea0639,bb64eab7,bcde0c63,bf7e3a16,bdea0661,bb64eb67,bcde0c56,bf7e3a15,1,15174734

7898,-12,-1844,-3003,-98,862,15295,-299,1487,-3594,bde2189c,ba8b7b65,bce2eb16,bf7e5610,bde218c4,ba8b7cc6,bce2eb0a,bf7e5610,1,15183253

7899,-70,-1699,-2979,-1503,2186,16143,-269,1537,-3627,bdda3273,3ab9af7f,bcea7008,bf7e6fec,bdda329c,3ab9ae1f,bcea6ffd,bf7e6fed,1,15191771

7900,468,-1213,-2430,-1701,1946,16485,-273,1483,-3509,bdd3d0e5,3b5dfbc7,bceb6cd8,bf7e84f3,bdd3d10e,3b5dfb19,bceb6ccd,bf7e84f4,1,15200290

7901,969,-710,-1913,-1466,1348,15947,-273,1483,-3509,bdced440,3b9ca3f3,bce5cb41,bf7e9644,bdced468,3b9ca39d,bce5cb34,bf7e9643,1,15208308

7902,1202,-511,-1363,-1513,226,15374,-271,1535,-3530,bdcb4303,3bc516d3,bcdb5dc4,bf7ea39d,bdcb432b,3bc5167f,bcdb5db8,bf7ea39d,1,15216827

7903,1136,-482,-835,-1173,429,14992,-285,1551,-3546,bdc91248,3bea3060,bcd1fa9a,bf7eac0f,bdc91270,3bea300d,bcd1fa8e,bf7eac0f,1,15225345

7904,981,-536,-375,-2086,584,14922,-285,1551,-3546,bdc81628,3c0b818d,bccacf81,bf7eafe9,bdc81650,3c0b8164,bccacf75,bf7eafe9,1,15233864

7905,827,-358,65,-1862,514,15492,-309,1545,-3636,bdc84674,3c1d73e8,bcc4ecbe,bf7eafd0,bdc8469c,3c1d73c0,bcc4ecb2,bf7eafd0,1,15242383

7906,887,-203,614,-1108,344,15919,-327,1507,-3732,bdc9f134,3c29f18f,bcbde131,bf7eab63,bdc9f15b,3c29f167,bcbde124,bf7eab62,1,15250901

7907,1000,-193,939,-528,259,15754,-327,1507,-3732,bdcc7430,3c3407b6,bcb55a3b,bf7ea47e,bdcc7458,3c34078e,bcb55a2f,bf7ea47e,1,15259420

7908,955,-320,845,-170,-276,15519,-305,1551,-3651,bdceab81,3c3f1eaf,bcac18f3,bf7e9e70,bdceaba8,3c3f1e86,bcac18e6,bf7e9e6f,1,15267939

7909,700,-506,481,166,-1442,15859,-297,1547,-3692,bdcfed60,3c4c86c9,bca3b77e,bf7e9b12,bdcfed87,3c4c86a1,bca3b771,bf7e9b11,1,15276457

7910,346,-569,263,-964,215,15697,-297,1547,-3692,bdd0a27b,3c5e4e8b,bca291cf,bf7e9802,bdd0a2a3,3c5e4e64,bca291c3,bf7e9802,1,15284976

7911,243,-435,266,-879,584,15752,-277,1561,-3580,bdd157ab,3c6c3bbc,bca30db1,bf7e94d3,bdd157d2,3c6c3b96,bca30da4,bf7e94d2,1,15293494

7912,346,-372,454,-930,7,15099,-297,1525,-3612,bdd29447,3c79be58,bca15728,bf7e9035,bdd2946e,3c79be33,bca1571c,bf7e9035,1,15302013

7913,61,-160,474,-863,-164,15517,-335,1533,-3589,bdd3e4a2,3c80e851,bca1ffb9,bf7e8b3d,bdd3e4c9,3c80e83f,bca1ffad,bf7e8b3d,1,15310532

7914,-313,2,378,-711,-147,15638,-335,1533,-3589,bdd4fa10,3c82737c,bca66216,bf7e86b8,bdd4fa36,3c827369,bca66209,bf7e86b7,1,15318549

7915,-558,137,139,-712,217,15442,-319,1535,-3626,bdd57086,3c8230b8,bcade9d7,bf7e83f2,bdd570ac,3c8230a5,bcade9ca,bf7e83f1,1,15327068

7916,-745,207,-154,-1402,549,15722,-311,1545,-3607,bdd5220d,3c82325f,bcb81244,bf7e832f,bdd52233,3c82324c,bcb81237,bf7e832e,1,15335587

7917,-911,216,-362,-1473,591,15674,-311,1545,-3607,bdd44985,3c820195,bcc3fd2a,bf7e83d0,bdd449ac,3c820183,bcc3fd1d,bf7e83d1,1,15344105

7918,-1000,248,-277,-1875,-217,15958,-347,1505,-3656,bdd3b63d,3c82515d,bccf519a,bf7e8371,bdd3b663,3c82514a,bccf518c,bf7e8371,1,15352624

7919,-1104,171,-394,-8763,4342,14275,-359,1525,-3657,bdd2bfaf,3c85ece6,bce02431,bf7e829c,bdd2bfd4,3c85ecd2,bce02422,bf7e829b,1,15361143

7920,-2714,348,-2418,-3117,3724,15020,-359,1525,-3657,bdcc9554,3c82de61,bd018f2f,bf7e8ed3,bdcc9579,3c82de4d,bd018f28,bf7e8ed2,1,15369662

7921,-4965,-98,-1904,-248,-2207,16190,-371,1521,-3703,bdc7da72,3c7e8b07,bd1a4602,bf7e9088,bdc7da97,3c7e8add,bd1a45fb,bf7e9087,1,15378180

7922,-4850,-264,46,1237,244,17489,-331,1515,-3623,bdc82472,3c767134,bd33e82f,bf7e7f4c,bdc82498,3c767109,bd33e829,bf7e7f4c,1,15386699

7923,-2552,491,736,528,1268,16490,-331,1515,-3623,bdca31bd,3c659aa9,bd41d971,bf7e6f8d,bdca31e3,3c659a7c,bd41d96a,bf7e6f8c,1,15395218

7924,-1321,791,1276,-1653,1717,15486,-373,1445,-3675,bdcdbabc,3c5a9e37,bd49f187,bf7e5e86,bdcdbae2,3c5a9e0a,bd49f180,bf7e5e85,1,15403736

7925,-1605,1114,1171,1041,1735,15951,-381,1453,-3597,bdd0f83c,3c3d5602,bd52f0e7,bf7e4e1f,bdd0f863,3c3d55d5,bd52f0e1,bf7e4e1f,1,15412255

7926,-1144,952,1685,3300,-1215,16719,-371,1419,-3556,bdd58036,3c228f7e,bd577b11,bf7e3c6b,bdd5805c,3c228f50,bd577b09,bf7e3c6a,1,15420773

7927,-26,313,2391,1415,-469,15914,-371,1419,-3556,bddbc6f0,3c1b56b3,bd5690a4,bf7e2814,bddbc717,3c1b5686,bd56909e,bf7e2814,1,15428791

7928,87,-303,2045,-1148,1082,15852,-357,1399,-3523,bde1212f,3c29b162,bd56fd81,bf7e1467,bde12155,3c29b134,bd56fd7a,bf7e1466,1,15437310

7929,47,-463,1631,-2772,2215,15574,-407,1419,-3616,bde55bf3,3c3f59b8,bd58df4a,bf7e02b4,bde55c19,3c3f598a,bd58df43,bf7e02b3,1,15445829

7930,270,-186,1190,-1691,2883,15400,-407,1419,-3616,bde86fba,3c4b7300,bd5a0608,bf7df5f1,bde86fe0,3c4b72d2,bd5a0601,bf7df5f0,1,15454347

7931,697,54,963,-1781,1657,15537,-457,1415,-3592,bdeaf9ed,3c54afa0,bd57bd46,bf7dee12,bdeafa14,3c54af73,bd57bd40,bf7dee12,1,15462866

7932,885,211,729,-1493,1084,15645,-415,1399,-3644,bdecebe6,3c5a0000,bd53bf0c,bf7de9ec,bdecec0c,3c59ffd2,bd53bf06,bf7de9eb,1,15471384

7933,805,339,422,-923,-393,16358,-415,1399,-3644,bdee1564,3c59fe46,bd4e9463,bf7de9d4,bdee158c,3c59fe1b,bd4e945f,bf7de9d5,1,15479903

7934,472,384,401,1141,252,15759,-365,1383,-3561,bdef29e4,3c501340,bd4bb61c,bf7de89b,bdef2a0a,3c501314,bd4bb617,bf7de89a,1,15488422

7935,99,130,652,40,1130,15732,-393,1395,-3631,bdf0e3ed,3c4e36f9,bd4bd308,bf7de215,bdf0e414,3c4e36ce,bd4bd304,bf7de215,1,15496940

7936,-23,-313,891,-1645,1395,16209,-393,1395,-3631,bdf33719,3c5c85bf,bd4d4878,bf7dd74a,bdf3373f,3c5c8593,bd4d4873,bf7dd749,1,15505459

7937,-27,-284,823,-1271,2593,15682,-351,1409,-3505,bdf552b4,3c67ae36,bd4fc92a,bf7dcc84,bdf552da,3c67ae09,bd4fc925,bf7dcc83,1,15513978

7938,173,-138,613,-19,1943,15485,-337,1367,-3590,bdf6e565,3c6b6c4a,bd508b57,bf7dc595,bdf6e58b,3c6b6c1d,bd508b52,bf7dc594,1,15522496

7939,403,-461,261,271,1642,15900,-337,1367,-3590,bdf77ebe,3c7506a3,bd4feed4,bf7dc32d,bdf77ee6,3c750679,bd4feed1,bf7dc32e,1,15530514

7940,482,-938,-323,-975,503,15741,-367,1379,-3679,bdf68ab2,3c86f1c7,bd4e2b22,bf7dc6c0,bdf68ad8,3c86f1b2,bd4e2b1e,bf7dc6bf,1,15539033

7941,285,-1025,-860,-1498,1095,15605,-333,1381,-3632,bdf42f6c,3c948a57,bd4e49fe,bf7dcddf,bdf42f93,3c948a42,bd4e49fb,bf7dcddf,1,15547552

7942,163,-964,-898,-1281,2634,15472,-327,1337,-3652,bdf1bdb5,3ca052f1,bd508c04,bf7dd397,bdf1bddb,3ca052dc,bd508c00,bf7dd396,1,15556070

7943,345,-741,-1239,-2454,1933,15730,-327,1337,-3652,bdee7558,3cabf286,bd5124d7,bf7ddd9e,bdee757d,3cabf270,bd5124d3,bf7ddd9c,1,15564589

7944,484,-302,-1606,-2559,1020,15818,-363,1403,-3673,bdea3f56,3cb366ce,bd4fddf7,bf7ded0f,bdea3f7c,3cb366b9,bd4fddf4,bf7ded0e,1,15573107

7945,510,141,-1722,-2600,650,15670,-361,1387,-3745,bde5cefb,3cb66755,bd4de692,bf7dfe59,bde5cf21,3cb66741,bd4de68f,bf7dfe58,1,15581626

7946,504,374,-1561,-2760,567,15602,-361,1387,-3745,bde1d3eb,3cb74733,bd4bcc6c,bf7e0e29,bde1d412,3cb74720,bd4bcc6a,bf7e0e29,1,15590145

7947,399,717,-1182,-2092,2154,15757,-315,1391,-3676,bddeda07,3cb30a8a,bd4b69cf,bf7e19be,bddeda2d,3cb30a76,bd4b69ca,bf7e19bc,1,15598663

7948,518,939,-757,-875,1031,15803,-327,1373,-3639,bddd0999,3caae1ff,bd491700,bf7e2355,bddd09be,3caae1ec,bd4916fc,bf7e2354,1,15607182

7949,610,897,-790,-398,582,15818,-327,1373,-3639,bddb20c7,3ca26789,bd45cf3c,bf7e2de8,bddb20ed,3ca26778,bd45cf39,bf7e2de8,1,15615700

7950,427,696,-1075,-293,551,15683,-267,1301,-3627,bdd88327,3c9b97fc,bd43c380,bf7e3985,bdd8834d,3c9b97eb,bd43c37d,bf7e3985,1,15624219

7951,227,398,-1100,91,565,15567,-233,1293,-3557,bdd5cdc6,3c96ffc9,bd42fb3f,bf7e43fc,bdd5cdeb,3c96ffb8,bd42fb3b,bf7e43fb,1,15632237

7952,-46,142,-1146,-536,1214,15687,-233,1293,-3557,bdd2f7a1,3c95e4b1,bd447ba0,bf7e4c78,bdd2f7c6,3c95e4a0,bd447b9b,bf7e4c76,1,15640756

7953,-283,-108,-890,-251,1372,15750,-187,1283,-3611,bdd0c37c,3c96af27,bd476d93,bf7e5155,bdd0c3a3,3c96af17,bd476d8f,bf7e5155,1,15649274

7954,-272,-409,-573,-1547,2745,15845,-203,1317,-3601,bdcf501a,3c9cce17,bd4b957a,bf7e51dc,bdcf5040,3c9cce06,bd4b9576,bf7e51db,1,15657793

7955,-93,-380,-626,-1063,1803,15768,-237,1281,-3601,bdcdc591,3ca23652,bd4e1e16,bf7e53fb,bdcdc5b6,3ca23640,bd4e1e11,bf7e53f9,1,15666311

7956,52,-235,-698,-598,1469,15354,-237,1281,-3601,bdcc0df5,3ca55f14,bd4f7f2a,bf7e57e2,bdcc0e1b,3ca55f02,bd4f7f26,bf7e57e1,1,15674830

7957,80,-293,-1013,-1583,1159,15714,-291,1297,-3587,bdc987cb,3caaf657,bd508ad5,bf7e5e27,bdc987f0,3caaf644,bd508ad0,bf7e5e26,1,15683349

7958,213,-279,-1224,-1301,740,15742,-211,1321,-3662,bdc6694c,3cafe893,bd505b56,bf7e6745,bdc66971,3cafe880,bd505b51,bf7e6744,1,15691867

7959,164,-290,-1404,-2168,1135,15667,-211,1321,-3662,bdc2d3ac,3cb63a7d,bd50f197,bf7e70c2,bdc2d3d2,3cb63a6a,bd50f193,bf7e70c2,1,15700386

7960,83,-86,-1304,-2483,3369,15100,-269,1333,-3573,bdbf7d93,3cba055f,bd538cf6,bf7e780c,bdbf7db8,3cba054b,bd538cf1,bf7e780b,1,15708905

7961,408,97,-1532,-383,2123,15931,-247,1379,-3666,bdbb87c4,3cb8d5bf,bd535ee9,bf7e8436,bdbb87ea,3cb8d5ac,bd535ee4,bf7e8436,1,15717423

7962,763,-180,-1750,482,-14,16311,-247,1379,-3666,bdb6f531,3cb99037,bd4f64b2,bf7e94a9,bdb6f557,3cb99025,bd4f64ac,bf7e94a9,1,15725441

7963,596,-761,-2184,-587,199,15734,-223,1299,-3613,bdb14b2f,3cc1ff1c,bd4d0f9b,bf7ea501,bdb14b55,3cc1ff0a,bd4d0f95,bf7ea501,1,15733960

7964,330,-982,-2308,-1060,1316,15405,-223,1319,-3628,bdab468b,3ccd262c,bd4d6c1a,bf7eb300,bdab46b2,3ccd261b,bd4d6c15,bf7eb301,1,15742478

7965,165,-712,-2208,-1513,1097,15588,-223,1319,-3628,bda59516,3cd63563,bd4e542e,bf7ebf77,bda5953b,3cd6354f,bd4e5426,bf7ebf75,1,15750997

7966,131,-479,-1903,-1684,1494,15639,-265,1341,-3600,bda0b615,3cdd204b,bd4fa7e3,bf7ec962,bda0b63b,3cdd2039,bd4fa7dc,bf7ec962,1,15759516

7967,115,-346,-1568,-1273,1192,15574,-207,1363,-3597,bd9cb6ec,3ce20816,bd50968c,bf7ed181,bd9cb713,3ce20806,bd509686,bf7ed182,1,15768034

7968,52,-303,-1198,-1182,429,15688,-209,1387,-3531,bd99b2ee,3ce681c8,bd51034f,bf7ed781,bd99b314,3ce681b9,bd510348,bf7ed781,1,15776553

7969,48,-325,-926,-1465,879,15623,-209,1387,-3531,bd97649f,3cebcbd0,bd51e2c9,bf7edb18,bd9764c5,3cebcbc3,bd51e2c3,bf7edb19,1,15785072

7970,74,-328,-872,-1816,1459,15675,-241,1443,-3589,bd952cf0,3cf1add2,bd5315a0,bf7eddf6,bd952d15,3cf1adc3,bd531598,bf7eddf5,1,15793590

7971,129,-290,-759,-1688,1843,15618,-239,1391,-3622,bd93482e,3cf6f3a4,bd54659b,bf7ee002,bd934854,3cf6f396,bd546594,bf7ee002,1,15802109

7972,348,-171,-485,-2460,3320,15637,-239,1391,-3622,bd920fdf,3cfbfe06,bd55763d,bf7ee0b2,bd921005,3cfbfdf8,bd557636,bf7ee0b2,1,15810627

7973,740,130,-115,-2894,3047,15483,-251,1363,-3644,bd91d83f,3cff0d1d,bd542aa1,bf7ee184,bd91d864,3cff0d0d,bd542a98,bf7ee182,1,15819146

7974,1013,490,-42,-3092,1839,15762,-215,1407,-3625,bd91d99f,3cff294e,bd505fba,bf7ee49a,bd91d9c4,3cff293f,bd505fb2,bf7ee499,1,15827665

7975,843,920,-178,-1879,154,15648,-215,1407,-3625,bd919abe,3cf9202c,bd4bd444,bf7eea54,bd919ae4,3cf9201e,bd4bd43c,bf7eea54,1,15835682

7976,602,1357,-347,-4028,-2418,15513,-261,1411,-3629,bd90fadf,3cf07cc4,bd474f99,bf7ef167,bd90fb05,3cf07cb6,bd474f91,bf7ef167,1,15844201

7977,-119,1631,-222,1054,-2036,15095,-195,1425,-3619,bd90b4e7,3cddf735,bd460f3e,bf7ef733,bd90b50b,3cddf725,bd460f33,bf7ef731,1,15852720

7978,-919,1234,412,1011,-651,15407,-195,1425,-3619,bd92198f,3ccee205,bd49d3b0,bf7ef43d,bd9219b4,3ccee1f5,bd49d3a6,bf7ef43c,1,15861238

7979,-1194,508,1252,-181,948,15673,-201,1363,-3631,bd95af0c,3cc95b32,bd50a656,bf7ee789,bd95af31,3cc95b22,bd50a64c,bf7ee788,1,15869757

7980,-1250,144,1502,16,3003,15271,-219,1357,-3656,bd99cce2,3cc76268,bd5998b7,bf7ed6a3,bd99cd08,3cc76259,bd5998ae,bf7ed6a3,1,15878276

7981,-750,-230,1397,-898,3399,15477,-225,1379,-3679,bd9d89b2,3ccb2469,bd604973,bf7ec6f6,bd9d89d7,3ccb245a,bd60496a,bf7ec6f5,1,15886794

7982,354,-128,911,-3247,2403,13161,-225,1379,-3679,bd9ffa20,3cd281b1,bd60a087,bf7ebf17,bd9ffa45,3cd281a2,bd60a07e,bf7ebf16,1,15895313

7983,2156,562,296,-541,-1540,16314,-243,1357,-3629,bda0d384,3ccfa78d,bd53d4aa,bf7ec87e,bda0d3a9,3ccfa77f,bd53d4a1,bf7ec87d,1,15903832

7984,1137,312,433,-384,1129,15736,-225,1363,-3645,bda20f5c,3ccde839,bd4eaf4a,bf7ec9f2,bda20f81,3ccde82b,bd4eaf42,bf7ec9f2,1,15912350

7985,657,88,334,-1010,3618,15263,-225,1363,-3645,bda2f961,3ccefcdc,bd4e3552,bf7ec7c9,bda2f984,3ccefccc,bd4e3549,bf7ec7c7,1,15920869

7986,700,208,-24,-1231,4523,15315,-179,1383,-3621,bda2ee16,3cced71e,bd4dc8cc,bf7ec844,bda2ee3a,3cced710,bd4dc8c5,bf7ec844,1,15929388

7987,611,334,101,-1083,3960,15370,-225,1405,-3724,bda33ab3,3ccd3990,bd4d9e2f,bf7ec7f6,bda33ad7,3ccd3982,bd4d9e28,bf7ec7f6,1,15937906

7988,848,292,182,-2431,2250,16019,-225,1405,-3724,bda3c899,3ccecbc9,bd4b1327,bf7ec843,bda3c8bd,3ccecbba,bd4b131f,bf7ec842,1,15945924

7989,1310,497,177,-1578,323,15477,-205,1395,-3601,bda45e44,3ccda241,bd44559d,bf7ecc46,bda45e67,3ccda232,bd445594,bf7ecc44,1,15954442

7990,1146,791,251,-1477,71,15563,-181,1377,-3586,bda5356f,3cc91e81,bd3e2aa4,bf7ecfae,bda53592,3cc91e72,bd3e2a9b,bf7ecfac,1,15962961

7991,810,842,176,-497,158,15436,-181,1377,-3586,bda5de82,3cc1eb14,bd39c63e,bf7ed299,bda5dea5,3cc1eb06,bd39c636,bf7ed298,1,15971480

7992,458,750,216,-830,510,15519,-169,1409,-3601,bda69eac,3cbc07d4,bd379917,bf7ed351,bda69ecf,3cbc07c6,bd37990f,bf7ed350,1,15979998

7993,294,647,439,-880,1060,15827,-223,1407,-3633,bda7f471,3cb738c3,bd36dd3f,bf7ed138,bda7f493,3cb738b4,bd36dd37,bf7ed136,1,15988517

7994,288,577,434,-1328,1241,15713,-161,1395,-3679,bda94314,3cb4034a,bd366558,bf7eceaa,bda94338,3cb4033d,bd366552,bf7eceab,1,15997036

7995,339,659,244,-977,345,15659,-161,1395,-3679,bdaa166b,3caf6962,bd34bbad,bf7ece74,bdaa168e,3caf6954,bd34bba6,bf7ece73,1,16005554

7996,222,711,23,-894,681,15674,-187,1405,-3614,bdaa5864,3ca9dee9,bd3408e9,bf7ecf32,bdaa5887,3ca9dedb,bd3408e2,bf7ecf31,1,16014073

7997,69,700,-150,-1331,1911,15652,-193,1439,-3625,bdaa1c99,3ca4d8fa,bd354d0f,bf7ecfc0,bdaa1cbc,3ca4d8ec,bd354d08,bf7ecfbf,1,16022591

7998,158,794,-328,-1323,1300,15582,-193,1439,-3625,bda96ec9,3c9f03fb,bd3585b3,bf7ed254,bda96eeb,3c9f03ed,bd3585ab,bf7ed252,1,16031110

7999,237,935,-407,-1034,953,15721,-169,1439,-3713,bda88d67,3c974cf7,bd34e07f,bf7ed64b,bda88d8b,3c974ceb,bd34e079,bf7ed64c,1,16039629

8000,244,928,-423,-966,765,15758,-181,1395,-3580,bda7ae9e,3c8f9a34,bd34217f,bf7eda3b,bda7aec2,3c8f9a28,bd342178,bf7eda3b,1,16047647

8001,203,871,-560,-658,1229,15475,-181,1395,-3580,bda67056,3c87ce73,bd34181c,bf7ede96,bda6707a,3c87ce67,bd341815,bf7ede96,1,16056165

8002,188,820,-526,-328,1047,15778,-175,1415,-3597,bda5429c,3c7fe9f2,bd33e4b1,bf7ee2d0,bda542bf,3c7fe9d9,bd33e4a9,bf7ee2cf,1,16064684

8003,220,700,-327,-289,1286,15773,-147,1375,-3595,bda49c84,3c72ea5a,bd33d945,bf7ee551,bda49ca7,3c72ea41,bd33d93d,bf7ee550,1,16073202

8004,280,549,-313,-809,1296,15647,-147,1375,-3595,bda3fd68,3c6b4c38,bd339cd5,bf7ee789,bda3fd8a,3c6b4c1e,bd339ccc,bf7ee787,1,16081721

8005,316,481,-318,-710,1015,15721,-149,1365,-3543,bda35d3c,3c64ec60,bd32f742,bf7ee9f5,bda35d60,3c64ec49,bd32f73b,bf7ee9f6,1,16090240

8006,301,487,-202,-652,984,15693,-159,1379,-3604,bda307ec,3c5e5b93,bd325610,bf7eeb9d,bda3080f,3c5e5b7b,bd325608,bf7eeb9d,1,16098758

8007,250,367,-289,-270,1078,15674,-139,1391,-3625,bda26f6a,3c58a146,bd32112a,bf7eeda3,bda26f8c,3c58a12d,bd321121,bf7eeda1,1,16107277

8008,231,284,-289,-478,1168,15695,-139,1391,-3625,bda1d5b3,3c557268,bd320a13,bf7eef5a,bda1d5d6,3c557250,bd320a0a,bf7eef59,1,16115796

8009,281,281,-85,-327,401,15663,-105,1391,-3597,bda1c48f,3c52452e,bd30f962,bf7ef06d,bda1c4b0,3c524515,bd30f959,bf7ef06b,1,16124314

8010,176,178,-20,-735,965,15640,-139,1389,-3518,bda1e131,3c528d64,bd311d4d,bf7ef007,bda1e153,3c528d4d,bd311d45,bf7ef007,1,16132833

8011,117,135,16,-707,1064,15719,-139,1389,-3518,bda214a2,3c538449,bd31a995,bf7eef16,bda214c4,3c538432,bd31a98e,bf7eef17,1,16140851

8012,128,128,16,-938,1142,15783,-139,1427,-3547,bda23f98,3c556f1f,bd322ad2,bf7eee35,bda23fb9,3c556f07,bd322aca,bf7eee35,1,16149369

8013,127,152,-3,-728,758,15673,-125,1401,-3554,bda2637b,3c563282,bd32546a,bf7eedb2,bda2639d,3c56326b,bd325463,bf7eedb3,1,16157888

8014,60,167,35,-844,541,15689,-125,1401,-3554,bda2a2a4,3c571037,bd32a289,bf7eeccf,bda2a2c6,3c57101f,bd32a282,bf7eeccf,1,16166407

8015,-51,171,42,-441,1714,15768,-185,1351,-3514,bda2ef37,3c55d848,bd34ae86,bf7eeaa9,bda2ef5a,3c55d831,bd34ae7e,bf7eeaaa,1,16174925

8016,-13,90,38,-1089,1635,15638,-153,1415,-3592,bda3287e,3c58c14b,bd3667ed,bf7ee8b7,bda328a0,3c58c133,bd3667e4,bf7ee8b7,1,16183444

8017,137,225,84,-972,1350,15678,-153,1415,-3592,bda383f1,3c58ccc9,bd370058,bf7ee75e,bda38413,3c58ccb2,bd370050,bf7ee75f,1,16191962

8018,228,290,108,-875,1150,15725,-177,1431,-3642,bda3ede3,3c576871,bd36dd12,bf7ee679,bda3ee04,3c576858,bd36dd08,bf7ee678,1,16200481

8019,259,361,141,-1076,1176,15660,-153,1391,-3526,bda4794a,3c554a0b,bd36a457,bf7ee558,bda4796b,3c5549f2,bd36a44d,bf7ee557,1,16209007

8020,266,455,169,-833,1241,15608,-155,1405,-3600,bda514dc,3c5062f2,bd365d87,bf7ee439,bda514fd,3c5062d9,bd365d7d,bf7ee438,1,16217525

8021,275,533,146,-382,1186,15765,-155,1405,-3600,bda5a17c,3c481f25,bd35e99b,bf7ee389,bda5a19c,3c481f0c,bd35e991,bf7ee388,1,16226044

8022,295,486,75,-65,689,15631,-175,1415,-3559,bda5fca0,3c3fc855,bd34dfdd,bf7ee3c0,bda5fcbf,3c3fc83c,bd34dfd3,bf7ee3bf,1,16234563

8023,237,384,73,-845,1090,15715,-161,1427,-3602,bda6525a,3c3c7648,bd349bdd,bf7ee338,bda65279,3c3c762f,bd349bd3,bf7ee337,1,16243082

8024,236,344,96,-229,1379,15555,-161,1427,-3602,bda6b247,3c3783f2,bd349d10,bf7ee276,bda6b266,3c3783d9,bd349d06,bf7ee275,1,16251100

8025,206,328,109,-411,1076,15647,-141,1435,-3650,bda7190b,3c33b2ce,bd347517,bf7ee1b2,bda7192a,3c33b2b5,bd34750d,bf7ee1b1,1,16259618

8026,166,283,158,-681,1148,15751,-113,1455,-3501,bda79dae,3c31c694,bd349593,bf7ee054,bda79dcd,3c31c67b,bd349589,bf7ee053,1,16268137

8027,194,282,191,-763,811,15749,-113,1455,-3501,bda83924,3c305fa0,bd3441ec,bf7edf04,bda83944,3c305f88,bd3441e3,bf7edf05,1,16276656

8028,211,287,189,-639,1064,15768,-93,1373,-3539,bda8e118,3c2e6e90,bd342f01,bf7edd6a,bda8e138,3c2e6e78,bd342ef8,bf7edd6b,1,16285174

8029,170,233,129,-97,1402,15557,-167,1445,-3561,bda9500b,3c2b4cc0,bd348edc,bf7edc21,bda9502a,3c2b4ca7,bd348ed1,bf7edc21,1,16293693

8030,149,209,51,-1192,1200,15837,-167,1445,-3561,bda98f58,3c2cc7da,bd34eacc,bf7edb29,bda98f77,3c2cc7c1,bd34eac1,bf7edb29,1,16302211

8031,243,301,38,-841,1123,15689,-113,1463,-3576,bda9c03a,3c2b309e,bd3498d7,bf7edaf2,bda9c059,3c2b3084,bd3498cb,bf7edaf1,1,16310730

8032,274,357,-42,-622,1477,15509,-177,1423,-3583,bda9c63a,3c278fae,bd3489b4,bf7edb14,bda9c659,3c278f94,bd3489a8,bf7edb13,1,16319249

8033,214,290,-188,-615,1311,15734,-127,1407,-3577,bda96a7b,3c251baf,bd34a632,bf7edc0d,bda96a9b,3c251b96,bd34a626,bf7edc0e,1,16327767

8034,300,352,-109,-502,893,15670,-127,1407,-3577,bda945fa,3c2151c2,bd33e02d,bf7edd22,bda94619,3c2151a8,bd33e01f,bf7edd21,1,16336286

8035,249,347,-50,-317,807,15754,-149,1405,-3506,bda94bd3,3c1cf2c5,bd334d46,bf7edda5,bda94bf2,3c1cf2aa,bd334d38,bf7edda4,1,16344805

8036,213,304,30,-397,843,15649,-133,1391,-3605,bda986c6,3c19d54a,bd32fa4d,bf7edd60,bda986e6,3c19d530,bd32fa40,bf7edd60,1,16352822

8037,197,290,80,-299,1047,15684,-133,1391,-3605,bda9e1c8,3c169811,bd32ef55,bf7edc96,bda9e1e6,3c1697f7,bd32ef46,bf7edc94,1,16361341

8038,183,250,57,-431,1253,15681,-109,1447,-3639,bdaa1e94,3c1490af,bd3314ac,bf7edbec,bdaa1eb3,3c149096,bd33149e,bf7edbec,1,16369860

8039,211,176,0,-235,1070,15676,-135,1415,-3545,bdaa3c36,3c136ec1,bd330027,bf7edbb6,bdaa3c55,3c136ea8,bd330018,bf7edbb5,1,16378379

8040,212,96,-61,-352,1054,15666,-135,1415,-3545,bdaa2f45,3c146225,bd32f2b0,bf7edbd9,bdaa2f65,3c14620c,bd32f2a1,bf7edbd9,1,16386897

8041,199,41,-106,-527,1278,15668,-137,1443,-3617,bda9fba5,3c17007e,bd332a0f,bf7edc24,bda9fbc4,3c170064,bd3329ff,bf7edc22,1,16395416

8042,218,23,-182,-540,1318,15682,-149,1407,-3492,bda99eea,3c19fb78,bd33670f,bf7edcd2,bda99f0a,3c19fb5f,bd336700,bf7edcd2,1,16403935

8043,255,30,-262,-502,1097,15653,-149,1407,-3492,bda90d59,3c1cb8f2,bd333e10,bf7ede58,bda90d78,3c1cb8d9,bd333e01,bf7ede57,1,16412453

8044,283,37,-241,-507,1155,15658,-109,1411,-3593,bda884fa,3c1f5bf4,bd32f3dc,bf7edfdb,bda88519,3c1f5bdb,bd32f3ce,bf7edfdb,1,16420972

8045,310,39,-148,-580,708,15710,-177,1473,-3578,bda83339,3c227c4f,bd3200bc,bf7ee13d,bda83358,3c227c37,bd3200ae,bf7ee13d,1,16429491

8046,261,34,-75,-770,728,15709,-129,1453,-3597,bda81505,3c2664d8,bd315fb7,bf7ee1d5,bda81523,3c2664be,bd315fa8,bf7ee1d3,1,16438009

8047,197,54,5,-635,1022,15710,-129,1453,-3597,bda82c47,3c2932b1,bd315902,bf7ee180,bda82c65,3c293297,bd3158f3,bf7ee17e,1,16446027

8048,175,85,40,-552,1224,15694,-135,1463,-3557,bda859ec,3c2aec50,bd3199b8,bf7ee0c7,bda85a0b,3c2aec37,bd3199aa,bf7ee0c6,1,16454546

8049,204,102,51,-500,1229,15697,-153,1485,-3563,bda88af5,3c2c2139,bd31a90a,bf7ee02e,bda88b14,3c2c2121,bd31a8fd,bf7ee02e,1,16463065

8050,245,87,43,-425,1049,15690,-153,1485,-3563,bda8b5f4,3c2d78fe,bd3154db,bf7edfe8,bda8b612,3c2d78e5,bd3154cd,bf7edfe6,1,16471583

8051,244,67,51,-442,952,15660,-141,1523,-3524,bda8de18,3c2f4d16,bd30dd8f,bf7edfbd,bda8de37,3c2f4cfe,bd30dd82,bf7edfbc,1,16480102

8052,220,50,53,-517,998,15669,-167,1463,-3552,bda91517,3c31c233,bd30b210,bf7edf2e,bda91536,3c31c21b,bd30b203,bf7edf2d,1,16488621

8053,194,26,30,-458,994,15700,-167,1463,-3552,bda93bd7,3c346690,bd30a9d6,bf7edeae,bda93bf5,3c346678,bd30a9c9,bf7edead,1,16497139

8054,169,7,19,-523,923,15688,-173,1523,-3605,bda94d99,3c379ce1,bd30959a,bf7ede68,bda94db7,3c379cc9,bd30958d,bf7ede67,1,16505658

8055,127,6,15,-568,730,15650,-191,1481,-3582,bda9680d,3c3b078c,bd30a101,bf7eddf2,bda9682c,3c3b0774,bd30a0f4,bf7eddf2,1,16514176

8056,59,7,55,-738,1019,15644,-191,1481,-3582,bda99dbe,3c3ee4e2,bd3154af,bf7edcba,bda99ddd,3c3ee4ca,bd3154a2,bf7edcba,1,16522695

8057,33,16,85,-866,1228,15696,-167,1449,-3631,bda9ec22,3c42f6e4,bd3268c2,bf7edaf6,bda9ec41,3c42f6cc,bd3268b4,bf7edaf5,1,16531214

8058,73,54,80,-838,1190,15717,-207,1485,-3666,bdaa315a,3c4636a6,bd332848,bf7ed98f,bdaa3179,3c46368e,bd33283a,bf7ed98e,1,16539733

8059,109,122,71,-799,1225,15683,-195,1503,-3551,bdaa6f60,3c47cf2f,bd33b08b,bf7ed875,bdaa6f7f,3c47cf18,bd33b07e,bf7ed875,1,16548251

8060,131,187,66,-730,1183,15706,-195,1503,-3551,bdaaab63,3c47cf99,bd340654,bf7ed799,bdaaab82,3c47cf81,bd340647,bf7ed798,1,16556269

8061,167,210,42,-590,1257,15665,-147,1469,-3666,bdaad95c,3c46d36b,bd343ff1,bf7ed701,bdaad97b,3c46d353,bd343fe4,bf7ed700,1,16564788

8062,206,203,48,-519,1117,15687,-237,1481,-3568,bdab0ebb,3c45d7eb,bd3427fa,bf7ed68f,bdab0edb,3c45d7d3,bd3427ee,bf7ed68f,1,16573306

8063,221,191,38,-573,1118,15691,-237,1481,-3568,bdab3d21,3c455aec,bd33fed7,bf7ed635,bdab3d40,3c455ad3,bd33fecb,bf7ed634,1,16581825

8064,248,195,32,-497,1057,15679,-187,1521,-3562,bdab5c0c,3c447fa1,bd338823,bf7ed640,bdab5c2b,3c447f88,bd338818,bf7ed640,1,16590344

8065,257,184,18,-399,1041,15683,-233,1539,-3680,bdab6c90,3c43776c,bd32f3c7,bf7ed689,bdab6caf,3c437753,bd32f3bc,bf7ed689,1,16598863

8066,250,158,25,-581,1089,15668,-233,1539,-3680,bdab820e,3c43c000,bd327ef5,bf7ed69e,bdab822c,3c43bfe5,bd327ee8,bf7ed69c,1,16607381

8067,236,146,77,-539,1040,15674,-187,1481,-3603,bdabc61c,3c44280f,bd322e2e,bf7ed61a,bdabc63c,3c4427f5,bd322e23,bf7ed61a,1,16615900

8068,225,159,134,-511,970,15658,-221,1525,-3623,bdac286a,3c4436c8,bd31c356,bf7ed55a,bdac288a,3c4436af,bd31c34b,bf7ed55a,1,16624419

8069,207,132,169,-570,1052,15657,-221,1525,-3623,bdaca182,3c450d0b,bd318b0f,bf7ed430,bdaca1a2,3c450cf2,bd318b04,bf7ed430,1,16632937

8070,178,128,156,-664,1066,15689,-213,1549,-3669,bdad0bc0,3c4646ad,bd316fb9,bf7ed314,bdad0bdf,3c464693,bd316fad,bf7ed313,1,16641456

8071,178,154,119,-648,1147,15701,-231,1593,-3536,bdad5722,3c46c27b,bd315a16,bf7ed250,bdad5740,3c46c261,bd315a09,bf7ed24e,1,16649974

8072,158,161,91,-678,1067,15740,-231,1593,-3536,bdad9061,3c472c39,bd314a5f,bf7ed1b9,bdad9080,3c472c21,bd314a54,bf7ed1b9,1,16657992

8073,141,150,62,-523,1066,15779,-213,1567,-3639,bdadb829,3c47265f,bd31532b,bf7ed147,bdadb848,3c472647,bd315320,bf7ed147,1,16666511

8074,155,151,9,-632,1107,15714,-275,1557,-3652,bdadc17c,3c4791ae,bd3161ce,bf7ed11e,bdadc19a,3c479194,bd3161c2,bf7ed11c,1,16675030

8075,167,151,-7,-613,895,15672,-195,1605,-3697,bdadb196,3c47f1a4,bd310567,bf7ed184,bdadb1b6,3c47f18c,bd31055d,bf7ed185,1,16683548

8076,140,140,2,-398,1016,15719,-195,1605,-3697,bdada637,3c478c05,bd30e9e4,bf7ed1bc,bdada656,3c478beb,bd30e9d9,bf7ed1bb,1,16692067

8077,115,118,-11,-378,954,15732,-221,1561,-3581,bdad9ecf,3c4788ba,bd31036e,bf7ed1bf,bdad9eee,3c4788a0,bd310363,bf7ed1be,1,16700585

8078,95,85,-1,-479,1001,15627,-193,1567,-3580,bdad9b32,3c489545,bd3146da,bf7ed18c,bdad9b51,3c48952b,bd3146cf,bf7ed18b,1,16709104

8079,77,47,29,-763,1246,15652,-193,1567,-3580,bdadab6d,3c4b7485,bd31ea03,bf7ed0ca,bdadab8d,3c4b746c,bd31e9f9,bf7ed0ca,1,16717623

8080,114,47,44,-821,1466,15740,-223,1597,-3646,bdadbe52,3c4e8f92,bd328346,bf7ed003,bdadbe71,3c4e8f79,bd32833b,bf7ed002,1,16726141

8081,209,138,50,-809,1357,15663,-233,1583,-3611,bdaddb40,3c4fea40,bd327fca,bf7ecfa5,bdaddb5f,3c4fea28,bd327fc0,bf7ecfa5,1,16734660

8082,285,238,62,-298,1001,15717,-233,1583,-3611,bdae00aa,3c4d53e7,bd31a03a,bf7ecffd,bdae00c9,3c4d53d0,bd31a030,bf7ecffd,1,16743179

8083,304,235,24,-678,1210,15656,-209,1575,-3604,bdae0ef6,3c4c51cb,bd30ee17,bf7ed05e,bdae0f14,3c4c51b3,bd30ee0c,bf7ed05d,1,16751697

8084,305,222,-20,-576,1124,15665,-215,1533,-3629,bdae0847,3c4b3283,bd3039f2,bf7ed0fc,bdae0865,3c4b326b,bd3039e7,bf7ed0fb,1,16760216

8085,322,258,9,-580,930,15684,-215,1533,-3629,bdae16a4,3c497940,bd2f388e,bf7ed19c,bdae16c3,3c497929,bd2f3884,bf7ed19c,1,16768234

8086,292,266,33,-580,1058,15694,-275,1569,-3617,bdae3058,3c47847a,bd2e7540,bf7ed1f5,bdae3075,3c478463,bd2e7534,bf7ed1f3,1,16776752

8087,268,256,44,-513,951,15681,-261,1529,-3550,bdae5b25,3c458710,bd2dcfab,bf7ed20a,bdae5b42,3c4586fa,bd2dcf9f,bf7ed209,1,16785271

8088,252,305,84,-1058,1212,15728,-299,1579,-3608,bdae9992,3c44b401,bd2d71db,bf7ed1a9,bdae99b0,3c44b3ec,bd2d71cf,bf7ed1a9,1,16793790

8089,266,416,150,78,487,15635,-299,1579,-3608,bdaf02f9,3c3d1c68,bd2c16a0,bf7ed1ce,bdaf0318,3c3d1c54,bd2c1695,bf7ed1cf,1,16802308

8090,147,189,106,-864,1245,15645,-273,1539,-3631,bdaf542c,3c3dd3b3,bd2c6e65,bf7ed0ab,bdaf544a,3c3dd39e,bd2c6e59,bf7ed0ab,1,16810827

8091,155,278,116,85,847,15771,-271,1613,-3629,bdaf999e,3c38c459,bd2c03d4,bf7ed070,bdaf99bb,3c38c443,bd2c03c6,bf7ed06e,1,16819346

8092,195,235,101,-424,1023,15650,-271,1613,-3629,bdafd5d5,3c36ce86,bd2ba677,bf7ed01f,bdafd5f4,3c36ce71,bd2ba66b,bf7ed01f,1,16827864

8093,134,116,50,-604,1107,15676,-253,1587,-3611,bdaff345,3c37eee7,bd2bd2e7,bf7ecfa4,bdaff363,3c37eed2,bd2bd2da,bf7ecfa3,1,16836383

8094,137,145,23,-494,1140,15696,-295,1561,-3611,bdb00674,3c37f952,bd2c0fb0,bf7ecf45,bdb00693,3c37f93e,bd2c0fa4,bf7ecf45,1,16844902

8095,147,145,19,-479,893,15705,-295,1561,-3611,bdb01762,3c380e78,bd2bf982,bf7ecf25,bdb01780,3c380e63,bd2bf974,bf7ecf23,1,16853420

8096,112,119,-9,-572,918,15687,-289,1587,-3545,bdb0108b,3c38f3c0,bd2c1685,bf7ecf1a,bdb010a9,3c38f3ab,bd2c1677,bf7ecf18,1,16861939

8097,60,109,-26,-497,994,15715,-233,1533,-3610,bdb00632,3c399eca,bd2c9faf,bf7eced1,bdb00650,3c399eb6,bd2c9fa1,bf7eced0,1,16869957

8098,41,106,-13,-620,1024,15695,-233,1533,-3610,bdb00505,3c3ad2f0,bd2d4c45,bf7ece51,bdb00524,3c3ad2dd,bd2d4c37,bf7ece51,1,16878476

8099,51,194,30,-1070,1482,15686,-265,1577,-3615,bdb01b56,3c3be1a6,bd2e4dca,bf7ecd57,bdb01b75,3c3be193,bd2e4dbc,bf7ecd57,1,16886994

8100,139,363,87,39,599,15670,-261,1577,-3618,bdb057ea,3c3553d5,bd2dbd9b,bf7ecd5f,bdb05808,3c3553c1,bd2dbd8c,bf7ecd5d,1,16895513

8101,29,145,53,-491,997,15668,-223,1595,-3608,bdb074f7,3c353992,bd2e4759,bf7eccb1,bdb07516,3c35397f,bd2e474c,bf7eccb1,1,16904031

8102,-4,133,43,-434,1368,15671,-223,1595,-3608,bdb089d8,3c34ef3f,bd2f5ddc,bf7ecbbb,bdb089f5,3c34ef2a,bd2f5dce,bf7ecbb9,1,16912550

8103,55,140,68,-595,1432,15653,-273,1583,-3550,bdb0b57a,3c3547be,bd30439e,bf7ecaa0,bdb0b597,3c3547aa,bd304391,bf7eca9f,1,16921069

8104,182,265,122,-246,1195,15788,-269,1607,-3586,bdb1000a,3c31e676,bd30156f,bf7eca17,bdb10028,3c31e663,bd301562,bf7eca17,1,16929587

8105,272,300,105,-418,1162,15636,-269,1607,-3586,bdb1408d,3c2eb4ca,bd2f696a,bf7ec9fd,bdb140ab,3c2eb4b6,bd2f695d,bf7ec9fd,1,16938106

8106,239,154,61,-467,1063,15716,-257,1609,-3611,bdb15ed4,3c2eb980,bd2edde8,bf7eca09,bdb15ef2,3c2eb96c,bd2edddb,bf7eca09,1,16946624

8107,240,160,56,-467,1095,15684,-277,1625,-3600,bdb1774a,3c2e9a2f,bd2e545a,bf7eca25,bdb17767,3c2e9a1b,bd2e544d,bf7eca24,1,16955143

8108,240,162,72,-501,986,15676,-277,1625,-3600,bdb19b0f,3c2ea3d2,bd2daf07,bf7eca32,bdb19b2b,3c2ea3bc,bd2daefa,bf7eca30,1,16963161

8109,216,161,65,-472,1025,15709,-239,1611,-3630,bdb1bb39,3c2e81b2,bd2d3840,bf7eca2a,bdb1bb56,3c2e819d,bd2d3834,bf7eca2a,1,16971679

8110,199,155,75,-532,1059,15681,-269,1583,-3620,bdb1ea11,3c2ebe39,bd2cf6a7,bf7ec9d1,bdb1ea2d,3c2ebe24,bd2cf69b,bf7ec9d0,1,16980198

8111,193,157,96,-492,1015,15698,-269,1583,-3620,bdb226ef,3c2ec963,bd2cafb8,bf7ec957,bdb2270b,3c2ec94e,bd2cafab,bf7ec955,1,16988717

8112,179,155,96,-506,1096,15692,-279,1601,-3666,bdb25f1b,3c2edfdc,bd2c866d,bf7ec8d4,bdb25f39,3c2edfc8,bd2c8661,bf7ec8d4,1,16997235

8113,174,165,88,-401,1070,15676,-229,1601,-3617,bdb2909d,3c2e49ef,bd2c5a34,bf7ec86e,bdb290b9,3c2e49d9,bd2c5a27,bf7ec86c,1,17005754

8114,166,150,76,-429,1156,15694,-269,1577,-3650,bdb2c008,3c2e179d,bd2c6029,bf7ec7e7,bdb2c024,3c2e1787,bd2c601c,bf7ec7e5,1,17014272

8115,170,123,59,-496,1123,15701,-269,1577,-3650,bdb2e3a6,3c2ec1a0,bd2c5c41,bf7ec77e,bdb2e3c3,3c2ec18a,bd2c5c35,bf7ec77d,1,17022791

8116,175,126,43,-466,1034,15676,-219,1579,-3635,bdb2fa50,3c2f3dc6,bd2c3544,bf7ec753,bdb2fa6e,3c2f3db1,bd2c3539,bf7ec753,1,17031309

8117,155,136,66,-497,1044,15655,-275,1613,-3626,bdb31bc3,3c2f9f86,bd2c1d80,bf7ec701,bdb31be1,3c2f9f71,bd2c1d75,bf7ec701,1,17039828

8118,138,131,84,-652,1193,15706,-275,1613,-3626,bdb349ac,3c30b0c1,bd2c48b9,bf7ec658,bdb349ca,3c30b0ab,bd2c48ad,bf7ec657,1,17048347

8119,164,148,62,-492,1096,15725,-291,1549,-3597,bdb3784a,3c30cf78,bd2c5627,bf7ec5ca,bdb37868,3c30cf62,bd2c561b,bf7ec5c9,1,17056865

8120,173,159,35,-426,955,15715,-253,1565,-3582,bdb38fe2,3c3072a6,bd2c2451,bf7ec5ae,bdb39000,3c307290,bd2c2445,bf7ec5ad,1,17065384

8121,145,139,16,-382,1022,15682,-253,1565,-3582,bdb39a03,3c303b86,bd2c2c60,bf7ec58d,bdb39a21,3c303b70,bd2c2c54,bf7ec58c,1,17073402

8122,119,121,13,-400,1128,15688,-269,1533,-3604,bdb3a928,3c306656,bd2c8713,bf7ec524,bdb3a946,3c306640,bd2c8707,bf7ec523,1,17081921

8123,109,106,29,-453,1171,15699,-269,1627,-3591,bdb3ada8,3c3107d8,bd2ccab2,bf7ec4e2,bdb3adc6,3c3107c3,bd2ccaa7,bf7ec4e2,1,17090439

8124,125,96,45,-506,1209,15680,-269,1627,-3591,bdb3bc94,3c321ea2,bd2d0506,bf7ec484,bdb3bcb1,3c321e8c,bd2d04fa,bf7ec483,1,17098958

8125,147,96,58,-450,1188,15659,-251,1605,-3647,bdb3d6dc,3c3307f7,bd2d2181,bf7ec41c,bdb3d6fa,3c3307e2,bd2d2176,bf7ec41c,1,17107476

8126,179,99,58,-431,1153,15688,-251,1615,-3546,bdb3f0a0,3c33dcf9,bd2d0932,bf7ec3da,bdb3f0bd,3c33dce3,bd2d0927,bf7ec3d9,1,17115995

8127,189,86,62,-471,1173,15680,-293,1557,-3583,bdb41b03,3c352d1b,bd2d0bcf,bf7ec352,bdb41b20,3c352d05,bd2d0bc5,bf7ec352,1,17124513

8128,196,75,69,-485,1101,15672,-293,1557,-3583,bdb449e4,3c36d0a3,bd2cf2f1,bf7ec2cb,bdb44a01,3c36d08d,bd2cf2e7,bf7ec2ca,1,17133032

8129,206,65,64,-656,1146,15685,-291,1593,-3537,bdb46e53,3c395401,bd2ccd28,bf7ec261,bdb46e70,3c3953ea,bd2ccd1e,bf7ec260,1,17141551

8130,212,78,45,-570,1189,15694,-263,1615,-3512,bdb4800f,3c3b256f,bd2c9afe,bf7ec23b,bdb4802d,3c3b2559,bd2c9af4,bf7ec23b,1,17150069

8131,237,106,49,-568,1108,15697,-263,1615,-3512,bdb49540,3c3c6f8d,bd2c2f7f,bf7ec239,bdb4955d,3c3c6f76,bd2c2f75,bf7ec238,1,17158588

8132,230,118,54,-514,1116,15705,-275,1579,-3637,bdb4b427,3c3d4378,bd2bd93d,bf7ec212,bdb4b445,3c3d4362,bd2bd934,bf7ec212,1,17167106

8133,235,122,81,-618,1203,15691,-245,1607,-3605,bdb4de98,3c3e698a,bd2b870b,bf7ec1c4,bdb4deb5,3c3e6973,bd2b8702,bf7ec1c3,1,17175625

8134,252,145,97,-603,1126,15673,-245,1607,-3605,bdb51459,3c3f15ed,bd2b0751,bf7ec178,bdb51477,3c3f15d7,bd2b0748,bf7ec178,1,17183643

8135,268,180,98,-548,1094,15662,-255,1581,-3560,bdb5528c,3c3ed86f,bd2a76b8,bf7ec12b,bdb552a9,3c3ed858,bd2a76ae,bf7ec12a,1,17192162

8136,271,203,90,-465,1142,15704,-261,1589,-3576,bdb589a5,3c3dc1d9,bd29e5fc,bf7ec0fc,bdb589c1,3c3dc1c1,bd29e5f1,bf7ec0fa,1,17200680

8137,271,208,76,-464,1145,15672,-261,1589,-3576,bdb5b78d,3c3c8ef1,bd295794,bf7ec0e6,bdb5b7a9,3c3c8eda,bd29578a,bf7ec0e5,1,17209199

8138,273,190,72,-356,1004,15677,-243,1607,-3534,bdb5de26,3c3b5a2b,bd289ac2,bf7ec104,bdb5de42,3c3b5a14,bd289ab8,bf7ec103,1,17217717

8139,247,159,64,-394,1011,15681,-299,1565,-3591,bdb609ee,3c3ae914,bd281eb7,bf7ec0de,bdb60a09,3c3ae8fc,bd281ead,bf7ec0dc,1,17226236

8140,236,136,57,-413,1061,15711,-259,1621,-3530,bdb62328,3c3af6e9,bd27a656,bf7ec0e4,bdb62343,3c3af6d2,bd27a64d,bf7ec0e3,1,17234755

8141,218,114,62,-494,1048,15700,-259,1621,-3530,bdb63fc5,3c3bc863,bd274870,bf7ec0c7,bdb63fdf,3c3bc84b,bd274867,bf7ec0c5,1,17243273

8142,210,105,46,-592,1110,15671,-341,1589,-3594,bdb65b91,3c3d3322,bd271ed6,bf7ec081,bdb65bab,3c3d330b,bd271ece,bf7ec080,1,17251792

8143,210,122,26,-616,1223,15728,-275,1561,-3583,bdb66dc5,3c3e42f7,bd271aad,bf7ec043,bdb66de0,3c3e42e1,bd271aa6,bf7ec043,1,17260311

8144,246,160,27,-560,1039,15693,-275,1561,-3583,bdb68199,3c3e6e73,bd26aff6,bf7ec04e,bdb681b3,3c3e6e5c,bd26afee,bf7ec04d,1,17268829

8145,255,182,30,-517,998,15674,-277,1645,-3618,bdb6843d,3c3df5a7,bd25fbdf,bf7ec0c2,bdb68457,3c3df590,bd25fbd7,bf7ec0c1,1,17277348

8146,229,188,22,-531,1035,15683,-287,1583,-3636,bdb69041,3c3d637e,bd2597a9,bf7ec0e8,bdb6905b,3c3d6367,bd2597a1,bf7ec0e7,1,17285366

8147,214,198,27,-448,995,15684,-287,1583,-3636,bdb69fc0,3c3c3e78,bd253a05,bf7ec105,bdb69fdb,3c3c3e62,bd2539fd,bf7ec105,1,17293884

8148,204,182,19,-414,1083,15714,-281,1611,-3569,bdb6a3d7,3c3b3a26,bd24f859,bf7ec131,bdb6a3f0,3c3b3a0f,bd24f850,bf7ec12f,1,17302403

8149,203,155,8,-428,1002,15684,-271,1605,-3602,bdb6a080,3c3add10,bd24a763,bf7ec173,bdb6a09a,3c3adcf9,bd24a75a,bf7ec172,1,17310922

8150,188,119,19,-399,969,15676,-271,1605,-3602,bdb6a3af,3c3b208c,bd2465fe,bf7ec191,bdb6a3c9,3c3b2075,bd2465f5,bf7ec18f,1,17319440

8151,154,95,13,-398,1027,15691,-265,1599,-3600,bdb6a385,3c3bcc2e,bd246825,bf7ec188,bdb6a39f,3c3bcc17,bd24681d,bf7ec187,1,17327959

8152,139,82,19,-518,1126,15684,-267,1581,-3617,bdb6ab50,3c3d310f,bd24a679,bf7ec139,bdb6ab6a,3c3d30f8,bd24a671,bf7ec138,1,17336478

8153,144,82,52,-534,1084,15694,-275,1623,-3547,bdb6c15e,3c3eaaf5,bd24c027,bf7ec0d7,bdb6c179,3c3eaadf,bd24c01f,bf7ec0d7,1,17344996

8154,152,103,71,-444,957,15710,-275,1623,-3547,bdb6e46e,3c3f660b,bd24a804,bf7ec079,bdb6e489,3c3f65f5,bd24a7fc,bf7ec079,1,17353515

8155,135,101,73,-475,1128,15702,-307,1549,-3724,bdb71792,3c403e19,bd24f782,bf7ebfa9,bdb717ac,3c403e01,bd24f779,bf7ebfa7,1,17362033

8156,141,99,70,-570,1093,15707,-261,1579,-3633,bdb741c6,3c418588,bd2525ce,bf7ebf01,bdb741e1,3c418572,bd2525c7,bf7ebf01,1,17370552

8157,145,103,74,-528,1210,15721,-261,1579,-3633,bdb76e13,3c427d8b,bd256c05,bf7ebe49,bdb76e2d,3c427d73,bd256bfd,bf7ebe47,1,17378570

8158,163,106,75,-582,1103,15673,-291,1617,-3623,bdb7943d,3c43b0d0,bd256c70,bf7ebdcc,bdb79457,3c43b0b8,bd256c69,bf7ebdcb,1,17387089

8159,169,119,75,-550,1120,15675,-329,1619,-3618,bdb7bba1,3c447be6,bd256938,bf7ebd53,bdb7bbbb,3c447bcf,bd256931,bf7ebd53,1,17395607

8160,180,120,57,-472,1136,15714,-329,1619,-3618,bdb7d661,3c44e61b,bd255907,bf7ebd0b,bdb7d67b,3c44e605,bd255900,bf7ebd0a,1,17404126

8161,195,118,45,-426,1099,15712,-305,1603,-3593,bdb7ebee,3c4531ee,bd25327b,bf7ebce2,bdb7ec08,3c4531d8,bd253274,bf7ebce1,1,17412644

8162,191,109,38,-494,1107,15687,-281,1651,-3585,bdb7f117,3c45eebf,bd24fba7,bf7ebcee,bdb7f131,3c45eea9,bd24fba0,bf7ebced,1,17421163

8163,204,106,51,-507,993,15688,-281,1651,-3585,bdb7ff28,3c46dc6a,bd2495bc,bf7ebcfa,bdb7ff42,3c46dc54,bd2495b5,bf7ebcf9,1,17429682

8164,186,106,56,-477,1028,15709,-279,1603,-3514,bdb81cbd,3c47a1a7,bd246fd3,bf7ebcb5,bdb81cd6,3c47a190,bd246fcb,bf7ebcb3,1,17438200

8165,172,107,58,-597,1080,15692,-253,1603,-3608,bdb8395f,3c48d3f4,bd2465c0,bf7ebc59,bdb83979,3c48d3de,bd2465ba,bf7ebc59,1,17446719

8166,169,119,82,-554,1122,15708,-291,1595,-3593,bdb869bf,3c4997c5,bd247023,bf7ebbbd,bdb869d8,3c4997ae,bd24701d,bf7ebbbc,1,17455237

8167,174,133,90,-568,1156,15675,-291,1595,-3593,bdb89fae,3c4a1fd1,bd247bf5,bf7ebb12,bdb89fc7,3c4a1fbb,bd247bf0,bf7ebb12,1,17463756

8168,192,144,100,-588,1176,15692,-249,1629,-3586,bdb8d31c,3c4a8232,bd245de6,bf7eba8b,bdb8d334,3c4a821b,bd245de0,bf7eba8a,1,17472275

8169,205,165,98,-530,1079,15677,-281,1573,-3575,bdb913c0,3c4a4e43,bd243216,bf7eb9ee,bdb913d9,3c4a4e2c,bd243211,bf7eb9ee,1,17480793

8170,207,181,99,-571,1157,15688,-281,1573,-3575,bdb95563,3c49e9de,bd24177c,bf7eb945,bdb9557b,3c49e9c6,bd241775,bf7eb944,1,17488811

8171,223,199,102,-526,1116,15676,-291,1599,-3585,bdb99387,3c48ff5a,bd23cbe8,bf7eb8cd,bdb993a0,3c48ff43,bd23cbe2,bf7eb8cd,1,17497330

8172,226,208,99,-458,1021,15698,-325,1605,-3592,bdb9cfbe,3c47a5b6,bd235e9e,bf7eb875,bdb9cfd7,3c47a59f,bd235e98,bf7eb875,1,17505848

8173,207,212,84,-413,1000,15708,-325,1605,-3592,bdba0206,3c45fcab,bd23044a,bf7eb831,bdba021f,3c45fc94,bd230443,bf7eb830,1,17514367

8174,178,176,90,-409,996,15697,-319,1561,-3636,bdba40b8,3c450c5a,bd22ea28,bf7eb795,bdba40d1,3c450c44,bd22ea21,bf7eb795,1,17522885

8175,157,141,75,-406,988,15694,-281,1611,-3713,bdba65e1,3c44be60,bd22c945,bf7eb742,bdba65f9,3c44be49,bd22c93e,bf7eb741,1,17531404

8176,149,113,65,-444,1061,15699,-281,1611,-3713,bdba83a3,3c4524a6,bd22cccb,bf7eb6e3,bdba83bc,3c452490,bd22ccc5,bf7eb6e3,1,17539923

8177,127,98,58,-503,1088,15671,-277,1593,-3644,bdbaa1e1,3c4611b9,bd230797,bf7eb659,bdbaa1fa,3c4611a3,bd230791,bf7eb658,1,17548441

8178,128,92,75,-524,1192,15677,-335,1631,-3628,bdbac509,3c472b0e,bd234efd,bf7eb5b7,bdbac521,3c472af7,bd234ef6,bf7eb5b5,1,17556960

8179,158,95,89,-518,1173,15688,-277,1565,-3628,bdbafde7,3c4844d7,bd238603,bf7eb4df,bdbafe00,3c4844c1,bd2385fd,bf7eb4de,1,17565479

8180,171,99,104,-565,1171,15683,-277,1565,-3628,bdbb40e0,3c498410,bd23aace,bf7eb3f3,bdbb40fa,3c4983fb,bd23aac9,bf7eb3f3,1,17573997

8181,183,107,120,-545,1133,15685,-345,1607,-3591,bdbb88a7,3c4a8a89,bd23a436,bf7eb317,bdbb88c0,3c4a8a74,bd23a431,bf7eb317,1,17582516

8182,199,125,120,-544,1104,15680,-273,1633,-3661,bdbbc666,3c4b324d,bd2364ca,bf7eb281,bdbbc67f,3c4b3238,bd2364c5,bf7eb281,1,17590534

8183,201,136,107,-546,1133,15707,-273,1633,-3661,bdbbfb9c,3c4b9a24,bd23298f,bf7eb205,bdbbfbb4,3c4b9a0e,bd23298a,bf7eb204,1,17599052

8184,204,147,97,-455,1043,15691,-293,1637,-3632,bdbc2a87,3c4b6a21,bd22cf99,bf7eb1b6,bdbc2a9f,3c4b6a0b,bd22cf94,bf7eb1b5,1,17607571

8185,192,142,99,-502,997,15685,-289,1623,-3597,bdbc5ed3,3c4b8a34,bd228600,bf7eb149,bdbc5eeb,3c4b8a1f,bd2285fb,bf7eb148,1,17616090

8186,175,133,102,-435,1004,15696,-289,1623,-3597,bdbc94a5,3c4b8823,bd2254cb,bf7eb0c9,bdbc94bd,3c4b880e,bd2254c6,bf7eb0c8,1,17624608

8187,153,123,107,-441,1071,15692,-243,1605,-3669,bdbcce68,3c4bb16f,bd2256bb,bf7eb01a,bdbcce81,3c4bb15b,bd2256b6,bf7eb01a,1,17633127

8188,145,97,104,-468,1097,15669,-249,1607,-3625,bdbd061b,3c4c7d20,bd2270c5,bf7eaf5b,bdbd0634,3c4c7d0c,bd2270c0,bf7eaf5b,1,17641645

8189,147,83,99,-479,1157,15672,-249,1607,-3625,bdbd39d7,3c4d978c,bd2299d8,bf7eae99,bdbd39ef,3c4d9777,bd2299d2,bf7eae98,1,17650164

8190,157,87,98,-506,1123,15666,-301,1625,-3648,bdbd6a9a,3c4ebe8a,bd22a4d9,bf7eadf2,bdbd6ab2,3c4ebe75,bd22a4d3,bf7eadf1,1,17658683

8191,158,87,91,-433,1034,15635,-289,1615,-3625,bdbd98a9,3c4f9c0e,bd229a81,bf7ead64,bdbd98c1,3c4f9bf9,bd229a7b,bf7ead63,1,17667201

8192,145,82,81,-564,1175,15711,-319,1629,-3596,bdbdbeca,3c51094b,bd22c777,bf7eacc3,bdbdbee1,3c510936,bd22c771,bf7eacc2,1,17675720

8193,163,86,69,-543,1096,15665,-319,1629,-3596,bdbddcd2,3c5256d2,bd22c5f7,bf7eac59,bdbddcea,3c5256be,bd22c5f2,bf7eac59,1,17683738

8194,163,85,68,-588,1109,15691,-267,1613,-3544,bdbdfcc5,3c53d287,bd22d094,bf7eabdf,bdbdfcdc,3c53d272,bd22d08e,bf7eabde,1,17692757

8195,159,91,57,-518,1070,15711,-265,1599,-3663,bdbe161b,3c54e1db,bd22d316,bf7eab84,bdbe1632,3c54e1c6,bd22d311,bf7eab83,1,17700775

8196,150,92,43,-464,1108,15677,-265,1599,-3663,bdbe25bd,3c55a320,bd22eb6c,bf7eab3b,bdbe25d4,3c55a30b,bd22eb67,bf7eab3a,1,17709294

8197,149,85,48,-454,1057,15661,-267,1631,-3615,bdbe3255,3c5681ed,bd22e9a8,bf7eab0b,bdbe326c,3c5681d8,bd22e9a3,bf7eab0a,1,17717812

8198,146,72,51,-524,1111,15695,-319,1589,-3538,bdbe4e0d,3c57eff6,bd231ccf,bf7eaa85,bdbe4e25,3c57efe2,bd231ccb,bf7eaa85,1,17726331

8199,149,78,58,-526,1138,15692,-319,1589,-3538,bdbe6e67,3c593d47,bd2351c6,bf7ea9f1,bdbe6e7e,3c593d32,bd2351c1,bf7ea9f0,1,17734849

8200,154,80,63,-590,1118,15695,-337,1597,-3572,bdbe90ad,3c5ac854,bd2376bc,bf7ea95d,bdbe90c4,3c5ac840,bd2376b7,bf7ea95d,1,17743368

8201,158,96,79,-511,1070,15688,-309,1623,-3592,bdbeb606,3c5ba982,bd237235,bf7ea8e4,bdbeb61c,3c5ba96d,bd237230,bf7ea8e3,1,17751886

8202,154,105,102,-589,1189,15709,-309,1623,-3592,bdbeeb07,3c5ca3e8,bd23938c,bf7ea822,bdbeeb1e,3c5ca3d4,bd239388,bf7ea822,1,17760405

8203,164,105,116,-627,1147,15697,-295,1583,-3638,bdbf312a,3c5dd81d,bd23aecd,bf7ea72d,bdbf3140,3c5dd808,bd23aec7,bf7ea72b,1,17768924

8204,171,126,121,-595,1109,15672,-323,1651,-3630,bdbf6c9b,3c5e7904,bd238ed3,bf7ea686,bdbf6cb2,3c5e78ef,bd238ece,bf7ea685,1,17777442

8205,175,137,94,-500,1187,15698,-281,1621,-3683,bdbf99b3,3c5e670e,bd23862f,bf7ea606,bdbf99ca,3c5e66f9,bd23862a,bf7ea605,1,17785961

8206,180,123,78,-549,1085,15715,-281,1621,-3683,bdbfbc27,3c5ee0a9,bd235d0e,bf7ea5b2,bdbfbc3e,3c5ee094,bd235d09,bf7ea5b1,1,17793979

8207,177,103,67,-538,1075,15688,-317,1561,-3599,bdbfe79b,3c5fbfef,bd236259,bf7ea51f,bdbfe7b3,3c5fbfdb,bd236255,bf7ea51f,1,17802497

8208,161,112,48,-545,1115,15686,-303,1593,-3630,bdbffdf6,3c605e9d,bd237262,bf7ea4c9,bdbffe0d,3c605e89,bd23725e,bf7ea4c8,1,17811016

8209,153,124,42,-567,1130,15697,-303,1593,-3630,bdc010b4,3c60cce0,bd238ff7,bf7ea477,bdc010cb,3c60cccb,bd238ff2,bf7ea475,1,17819534

8210,150,116,36,-516,1079,15717,-247,1597,-3622,bdc01bed,3c612d51,bd239c58,bf7ea448,bdc01c05,3c612d3d,bd239c54,bf7ea448,1,17828053

8211,154,116,21,-528,1150,15702,-285,1607,-3652,bdc01ba8,3c61906a,bd23b32a,bf7ea434,bdc01bc0,3c619056,bd23b326,bf7ea434,1,17836572

8212,159,118,22,-555,1138,15685,-285,1607,-3652,bdc01c37,3c620a87,bd23c083,bf7ea423,bdc01c4e,3c620a72,bd23c07e,bf7ea422,1,17845090

8213,151,116,23,-560,1120,15679,-293,1583,-3578,bdc024bb,3c62959d,bd23e600,bf7ea3ea,bdc024d1,3c629587,bd23e5fa,bf7ea3e8,1,17853609

8214,152,123,25,-483,1123,15685,-287,1601,-3579,bdc029ef,3c62a526,bd23fd43,bf7ea3ca,bdc02a05,3c62a511,bd23fd3e,bf7ea3c9,1,17862128

8215,144,108,20,-456,1213,15656,-287,1601,-3579,bdc02b0a,3c62da4e,bd243904,bf7ea39d,bdc02b20,3c62da39,bd2438ff,bf7ea39c,1,17870646

8216,148,80,55,-547,1194,15695,-331,1617,-3570,bdc04195,3c640fed,bd2469f0,bf7ea328,bdc041ab,3c640fd8,bd2469eb,bf7ea327,1,17879165

8217,168,69,99,-628,1181,15679,-311,1647,-3637,bdc06c62,3c65e9dc,bd24685e,bf7ea28d,bdc06c78,3c65e9c8,bd24685a,bf7ea28d,1,17887683

8218,186,98,108,-706,1181,15681,-311,1647,-3637,bdc09e23,3c67868b,bd244cc7,bf7ea1f1,bdc09e39,3c678677,bd244cc3,bf7ea1f1,1,17895701

8219,194,133,102,-608,1125,15678,-317,1573,-3630,bdc0ddbe,3c6808e4,bd243ada,bf7ea136,bdc0ddd3,3c6808d1,bd243ad5,bf7ea135,1,17904220

8220,199,142,81,-623,1139,15686,-315,1627,-3663,bdc10245,3c686064,bd2404bf,bf7ea0e5,bdc1025a,3c686051,bd2404ba,bf7ea0e4,1,17912738

8221,205,146,55,-583,1142,15711,-261,1585,-3665,bdc11c7c,3c687329,bd23d914,bf7ea0b0,bdc11c90,3c687315,bd23d90f,bf7ea0ae,1,17921257

8222,205,151,19,-576,1081,15714,-261,1585,-3665,bdc11ee9,3c6861e4,bd239cd5,bf7ea0d1,bdc11efe,3c6861d0,bd239cd0,bf7ea0d0,1,17929775

8223,185,156,-2,-575,1141,15680,-307,1597,-3686,bdc11258,3c682134,bd238949,bf7ea107,bdc1126c,3c682120,bd238943,bf7ea105,1,17938294

8224,180,167,-9,-486,1121,15685,-249,1609,-3546,bdc0fe9a,3c6744f3,bd237082,bf7ea15f,bdc0feaf,3c6744e0,bd23707d,bf7ea15e,1,17946812

8225,185,152,-6,-465,1121,15699,-249,1609,-3546,bdc0ec63,3c66a7e4,bd23526f,bf7ea1b2,bdc0ec79,3c66a7d2,bd23526b,bf7ea1b2,1,17955331

8226,180,140,12,-515,1134,15693,-301,1627,-3627,bdc0e2b1,3c667b55,bd2336b0,bf7ea1e3,bdc0e2c7,3c667b43,bd2336ab,bf7ea1e3,1,17963850

8227,181,136,38,-470,1068,15682,-289,1565,-3635,bdc0f7c4,3c664804,bd232787,bf7ea1b0,bdc0f7d8,3c6647f2,bd232782,bf7ea1af,1,17972368

8228,173,119,40,-530,1161,15704,-289,1565,-3635,bdc10dc9,3c66a458,bd234005,bf7ea159,bdc10ddd,3c66a446,bd234000,bf7ea158,1,17980887

8229,170,109,41,-566,1151,15691,-271,1597,-3615,bdc11cb9,3c67580e,bd2349c6,bf7ea11b,bdc11ccd,3c6757fc,bd2349c1,bf7ea11a,1,17989405

8230,176,104,42,-622,1151,15691,-311,1579,-3595,bdc132a0,3c68698b,bd235c22,bf7ea0be,bdc132b4,3c68697a,bd235c1e,bf7ea0be,1,17997924

8231,175,112,48,-578,1162,15711,-311,1579,-3595,bdc14c70,3c691cac,bd236fdd,bf7ea058,bdc14c84,3c691c9b,bd236fd9,bf7ea058,1,18005942

8232,186,120,46,-646,1113,15684,-293,1565,-3634,bdc1670d,3c69fb15,bd236c47,bf7e9ffd,bdc16721,3c69fb04,bd236c43,bf7e9ffd,1,18014460

8233,183,136,47,-565,1178,15683,-331,1601,-3661,bdc17b12,3c6a1bd5,bd2368fa,bf7e9fc0,bdc17b26,3c6a1bc4,bd2368f6,bf7e9fc0,1,18022979

8234,190,140,46,-573,1192,15701,-317,1637,-3640,bdc185ec,3c6a2cdf,bd234ab4,bf7e9fb2,bdc18600,3c6a2ccd,bd234aaf,bf7e9fb1,1,18031498

8235,201,145,41,-581,1153,15682,-317,1637,-3640,bdc18d9f,3c6a355e,bd231321,bf7e9fbd,bdc18db3,3c6a354c,bd23131c,bf7e9fbc,1,18040016

8236,207,152,31,-526,1106,15697,-251,1605,-3689,bdc19264,3c69e233,bd22ce59,bf7e9fe0,bdc19277,3c69e220,bd22ce53,bf7e9fde,1,18048535

8237,203,161,32,-470,1144,15650,-295,1597,-3620,bdc19cb1,3c69202d,bd22a49b,bf7e9fe6,bdc19cc6,3c69201c,bd22a496,bf7e9fe6,1,18057054

8238,197,142,41,-510,1155,15683,-295,1597,-3620,bdc1acc4,3c68ee4e,bd2288eb,bf7e9fca,bdc1acd7,3c68ee3b,bd2288e4,bf7e9fc8,1,18065572

8239,199,122,75,-537,1134,15708,-239,1603,-3610,bdc1cfb8,3c694e5b,bd225fb7,bf7e9f74,bdc1cfcd,3c694e4a,bd225fb1,bf7e9f74,1,18074091

8240,194,119,106,-635,1146,15676,-311,1603,-3626,bdc20a84,3c6a2e97,bd224912,bf7e9ec3,bdc20a98,3c6a2e85,bd22490b,bf7e9ec2,1,18082609

8241,189,138,113,-639,1169,15686,-311,1603,-3626,bdc24a67,3c6aa797,bd223cd8,bf7e9e00,bdc24a7c,3c6aa785,bd223cd1,bf7e9e00,1,18091128

8242,206,167,90,-659,1171,15707,-301,1645,-3700,bdc2701c,3c6a9b2f,bd21fa26,bf7e9db8,bdc27031,3c6a9b1d,bd21fa1f,bf7e9db8,1,18099647

8243,209,180,55,-597,1050,15682,-289,1601,-3662,bdc28904,3c6a0e09,bd21aa3a,bf7e9da7,bdc28919,3c6a0df7,bd21aa33,bf7e9da7,1,18107665

8244,200,185,48,-554,1147,15689,-289,1601,-3662,bdc29cfe,3c692655,bd218073,bf7e9d92,bdc29d11,3c692641,bd21806a,bf7e9d90,1,18116183

8245,184,187,41,-555,1166,15695,-305,1591,-3651,bdc2afa3,3c682cde,bd217948,bf7e9d6c,bdc2afb6,3c682ccb,bd21793f,bf7e9d6b,1,18124702

8246,188,186,36,-463,1083,15685,-293,1609,-3622,bdc2ba90,3c66dd68,bd214a4c,bf7e9d7b,bdc2baa3,3c66dd56,bd214a44,bf7e9d7b,1,18133221

8247,180,173,40,-553,1110,15701,-321,1605,-3621,bdc2ca73,3c6633ed,bd21363e,bf7e9d61,bdc2ca85,3c6633db,bd213635,bf7e9d60,1,18141739

8248,166,163,34,-493,1137,15703,-321,1605,-3621,bdc2d5cf,3c6572c9,bd213c60,bf7e9d45,bdc2d5e0,3c6572b6,bd213c56,bf7e9d43,1,18150258

8249,165,157,26,-479,1089,15676,-271,1603,-3608,bdc2da49,3c64c96a,bd21353d,bf7e9d45,bdc2da5c,3c64c958,bd213534,bf7e9d45,1,18158776

8250,165,135,27,-471,1156,15687,-279,1579,-3609,bdc2e45f,3c648a60,bd21502a,bf7e9d19,bdc2e471,3c648a4d,bd215020,bf7e9d18,1,18167295

8251,164,123,34,-475,1122,15692,-279,1579,-3609,bdc2f2e9,3c6494a7,bd216450,bf7e9ce0,bdc2f2fa,3c649494,bd216446,bf7e9cdf,1,18175814

8252,170,102,37,-643,1208,15669,-263,1593,-3584,bdc2fff9,3c65bc27,bd21869f,bf7e9c91,bdc3000a,3c65bc15,bd218695,bf7e9c91,1,18184332

8253,185,112,41,-593,1180,15688,-313,1551,-3596,bdc31b36,3c668b3c,bd21a5c0,bf7e9c1f,bdc31b45,3c668b29,bd21a5b5,bf7e9c1d,1,18192851

8254,200,138,46,-574,1183,15685,-313,1551,-3596,bdc33a26,3c66c11e,bd21ad58,bf7e9bb8,bdc33a36,3c66c10b,bd21ad4e,bf7e9bb7,1,18200869

8255,209,156,45,-577,1137,15684,-329,1625,-3650,bdc34789,3c66989f,bd216f0f,bf7e9bb8,bdc34799,3c66988c,bd216f05,bf7e9bb7,1,18209388

8256,212,167,32,-573,1118,15695,-339,1629,-3590,bdc34d33,3c663169,bd2128dc,bf7e9bd9,bdc34d44,3c663157,bd2128d3,bf7e9bd9,1,18217906

8257,216,170,32,-545,1122,15676,-339,1629,-3590,bdc352d0,3c659e0a,bd20de6f,bf7e9bff,bdc352e0,3c659df7,bd20de66,bf7e9bfe,1,18226425

8258,210,164,25,-518,1093,15695,-297,1571,-3593,bdc35f21,3c65138b,bd20b0e5,bf7e9bfe,bdc35f32,3c651378,bd20b0dc,bf7e9bfe,1,18234944

8259,201,142,22,-532,1128,15693,-325,1569,-3604,bdc36a85,3c650705,bd20a054,bf7e9be6,bdc36a96,3c6506f2,bd20a04b,bf7e9be6,1,18243462

8260,194,131,20,-540,1167,15673,-313,1621,-3568,bdc3686a,3c652fa7,bd2089b6,bf7e9bf9,bdc3687a,3c652f94,bd2089ac,bf7e9bf7,1,18251981

8261,202,141,44,-548,1177,15685,-313,1621,-3568,bdc37693,3c6532e9,bd206990,bf7e9be1,bdc376a3,3c6532d7,bd206986,bf7e9be0,1,18260499

8262,212,145,59,-568,1187,15680,-313,1653,-3658,bdc385cb,3c653a61,bd2027e9,bf7e9bdc,bdc385db,3c653a4f,bd2027df,bf7e9bdb,1,18269018

8263,221,152,65,-523,1121,15688,-293,1587,-3637,bdc3a7ce,3c64fdfb,bd1feaae,bf7e9b9d,bdc3a7de,3c64fde9,bd1feaa4,bf7e9b9c,1,18277537

8264,217,149,67,-551,1133,15701,-293,1587,-3637,bdc3cb38,3c64edc1,bd1fb777,bf7e9b51,bdc3cb48,3c64edb0,bd1fb76e,bf7e9b51,1,18286055

8265,226,147,76,-590,1109,15695,-351,1589,-3684,bdc3f615,3c6520a6,bd1f7584,bf7e9af3,bdc3f624,3c652094,bd1f757a,bf7e9af2,1,18294574

8266,226,156,80,-603,1126,15702,-313,1553,-3655,bdc42ae8,3c653371,bd1f49d6,bf7e9a6b,bdc42af8,3c653360,bd1f49cd,bf7e9a6b,1,18303093

8267,215,160,76,-585,1116,15686,-313,1553,-3655,bdc45d29,3c651760,bd1f29bd,bf7e99e6,bdc45d39,3c651750,bd1f29b4,bf7e99e6,1,18311111

8268,219,167,61,-557,1102,15699,-281,1579,-3678,bdc47d86,3c64b072,bd1eebb2,bf7e99ae,bdc47d96,3c64b062,bd1eeba9,bf7e99ae,1,18319629

8269,216,182,39,-521,1120,15701,-305,1583,-3583,bdc49153,3c63cbc8,bd1eb9c6,bf7e999d,bdc49163,3c63cbb8,bd1eb9bd,bf7e999d,1,18328148

8270,214,191,27,-534,1107,15709,-305,1583,-3583,bdc49d7b,3c62c48a,bd1e86b5,bf7e99a6,bdc49d8b,3c62c47a,bd1e86ac,bf7e99a6,1,18336666

8271,210,179,32,-482,1124,15697,-289,1533,-3634,bdc4b617,3c61cb41,bd1e757c,bf7e9972,bdc4b626,3c61cb31,bd1e7572,bf7e9971,1,18345185

8272,205,171,34,-570,1074,15697,-305,1565,-3563,bdc4cb47,3c615dac,bd1e547f,bf7e994b,bdc4cb57,3c615d9d,bd1e5475,bf7e994b,1,18353703

8273,198,173,27,-487,1155,15683,-323,1601,-3527,bdc4d483,3c607ba6,bd1e40fb,bf7e9947,bdc4d492,3c607b96,bd1e40f1,bf7e9946,1,18362222

8274,203,165,25,-471,1144,15699,-323,1601,-3527,bdc4dc20,3c5fb804,bd1e245c,bf7e994c,bdc4dc30,3c5fb7f4,bd1e2454,bf7e994c,1,18370741

8275,208,149,9,-438,1065,15696,-277,1597,-3591,bdc4d659,3c5f2dec,bd1de83e,bf7e998c,bdc4d669,3c5f2ddc,bd1de835,bf7e998b,1,18379260

8276,202,136,12,-512,1054,15684,-251,1575,-3629,bdc4d5d9,3c5f3acd,bd1dbcd8,bf7e99a7,bdc4d5e9,3c5f3abd,bd1dbccf,bf7e99a6,1,18387778

8277,181,117,10,-481,1127,15679,-251,1575,-3629,bdc4d365,3c5f7919,bd1dc366,bf7e99a7,bdc4d375,3c5f7909,bd1dc35d,bf7e99a6,1,18396297

8278,181,116,31,-550,1124,15679,-279,1575,-3668,bdc4dfd8,3c600c07,bd1dcbb9,bf7e9974,bdc4dfe8,3c600bf7,bd1dcbb0,bf7e9973,1,18404815

8279,188,120,43,-562,1148,15692,-295,1581,-3661,bdc4f3cd,3c609888,bd1dcf4b,bf7e992c,bdc4f3de,3c609878,bd1dcf43,bf7e992c,1,18413334

8280,193,134,39,-612,1169,15697,-295,1581,-3661,bdc5058a,3c61101e,bd1dd169,bf7e98ed,bdc5059b,3c61100f,bd1dd161,bf7e98ed,1,18421352

8281,212,151,40,-579,1111,15707,-303,1565,-3584,bdc51d9f,3c61193e,bd1db3c5,bf7e98b4,bdc51daf,3c61192e,bd1db3bd,bf7e98b3,1,18429870

8282,214,158,35,-521,1101,15693,-267,1615,-3670,bdc523c3,3c60b60f,bd1d6bb3,bf7e98d3,bdc523d3,3c60b5ff,bd1d6bab,bf7e98d2,1,18438389

8283,205,157,15,-468,1108,15687,-267,1615,-3670,bdc51c5f,3c6014df,bd1d3192,bf7e9917,bdc51c6f,3c6014d0,bd1d318b,bf7e9917,1,18446908

8284,194,146,9,-459,1129,15694,-251,1553,-3611,bdc51efe,3c5fa8cd,bd1d301a,bf7e9916,bdc51f0d,3c5fa8be,bd1d3013,bf7e9915,1,18455426

8285,188,131,16,-460,1092,15706,-279,1557,-3640,bdc525fa,3c5f8e2c,bd1d2e0b,bf7e9902,bdc5260a,3c5f8e1e,bd1d2e04,bf7e9902,1,18463945

8286,190,110,15,-433,1079,15693,-313,1545,-3649,bdc52fdf,3c5fc996,bd1d3220,bf7e98de,bdc52fef,3c5fc987,bd1d3218,bf7e98dd,1,18472463

8287,175,87,15,-416,1094,15702,-313,1545,-3649,bdc53928,3c6062b1,bd1d50bd,bf7e98a6,bdc53938,3c6062a2,bd1d50b5,bf7e98a5,1,18480982

8288,171,69,18,-548,1097,15671,-273,1581,-3642,bdc53aa2,3c61e6e2,bd1d63a1,bf7e9880,bdc53ab2,3c61e6d3,bd1d6399,bf7e987f,1,18489501

8289,160,49,23,-551,1175,15693,-303,1609,-3574,bdc53b01,3c63c61d,bd1d9360,bf7e9848,bdc53b11,3c63c60e,bd1d9359,bf7e9848,1,18498019

8290,174,48,47,-564,1139,15698,-303,1609,-3574,bdc54b5a,3c65c4a5,bd1da61a,bf7e97ed,bdc54b6a,3c65c496,bd1da613,bf7e97ed,1,18506538

8291,178,63,44,-564,1130,15710,-263,1545,-3612,bdc565ed,3c677894,bd1dcacd,bf7e976b,bdc565fd,3c677885,bd1dcac6,bf7e976b,1,18515057

8292,189,65,42,-623,1136,15675,-275,1579,-3726,bdc57628,3c69619d,bd1dce20,bf7e971b,bdc57637,3c69618d,bd1dce17,bf7e9719,1,18523075

8293,184,80,51,-638,1151,15678,-275,1579,-3726,bdc58ccf,3c6b04ad,bd1dda84,bf7e96b5,bdc58cdf,3c6b049e,bd1dda7b,bf7e96b4,1,18531593

8294,188,111,58,-626,1093,15691,-265,1577,-3629,bdc5aab2,3c6bf737,bd1dd129,bf7e964f,bdc5aac3,3c6bf729,bd1dd121,bf7e964f,1,18540112

8295,185,131,50,-588,1137,15676,-329,1541,-3755,bdc5cc53,3c6c565b,bd1deb3d,bf7e95d1,bdc5cc64,3c6c564d,bd1deb35,bf7e95d1,1,18548630

8296,184,140,42,-639,1187,15690,-329,1541,-3755,bdc5e8d5,3c6cb898,bd1e152a,bf7e9559,bdc5e8e6,3c6cb88a,bd1e1522,bf7e9559,1,18557149

8297,193,166,46,-661,1197,15703,-271,1541,-3698,bdc606c1,3c6ca3ed,bd1e2ba3,bf7e94ef,bdc606d2,3c6ca3de,bd1e2b9b,bf7e94ee,1,18565668

8298,212,201,51,-574,1149,15686,-221,1573,-3682,bdc61f5b,3c6b7d03,bd1dfe71,bf7e94cf,bdc61f6c,3c6b7cf5,bd1dfe69,bf7e94cf,1,18574186

8299,226,219,45,-566,1153,15681,-283,1565,-3664,bdc6391c,3c69f889,bd1dc968,bf7e94b6,bdc6392d,3c69f87c,bd1dc960,bf7e94b6,1,18582705

8300,224,219,57,-491,1063,15688,-283,1565,-3664,bdc65ad8,3c682eb3,bd1d7c1f,bf7e9497,bdc65ae9,3c682ea5,bd1d7c16,bf7e9496,1,18591223

8301,216,207,57,-483,1069,15688,-249,1535,-3622,bdc68230,3c66a277,bd1d4bb1,bf7e9451,bdc68241,3c66a268,bd1d4ba8,bf7e9450,1,18599742

8302,201,197,49,-424,1057,15689,-269,1577,-3650,bdc69ade,3c64fd75,bd1d16ba,bf7e943d,bdc69aef,3c64fd66,bd1d16b1,bf7e943c,1,18608261

8303,187,169,36,-448,1113,15705,-269,1577,-3650,bdc6aa3f,3c63fbb5,bd1d088b,bf7e9424,bdc6aa51,3c63fba7,bd1d0883,bf7e9424,1,18616278

8304,184,134,39,-470,1101,15686,-251,1585,-3647,bdc6b85e,3c63cfac,bd1cfad1,bf7e9402,bdc6b86f,3c63cf9d,bd1cfac8,bf7e9401,1,18624797

8305,193,110,43,-520,1075,15682,-273,1595,-3646,bdc6c780,3c6461e4,bd1cdb29,bf7e93df,bdc6c791,3c6461d5,bd1cdb20,bf7e93de,1,18633316

8306,187,103,33,-595,1155,15712,-273,1595,-3646,bdc6cff3,3c655bc9,bd1cdc35,bf7e93b7,bdc6d004,3c655bba,bd1cdc2c,bf7e93b6,1,18641834

8307,183,113,19,-581,1132,15692,-217,1529,-3642,bdc6db6b,3c6613ec,bd1cf7d2,bf7e9377,bdc6db7c,3c6613dd,bd1cf7c9,bf7e9376,1,18650353

8308,184,122,26,-549,1171,15683,-273,1579,-3681,bdc6e24f,3c666fe9,bd1d051f,bf7e9354,bdc6e261,3c666fdb,bd1d0517,bf7e9354,1,18658872

8309,196,135,32,-618,1154,15691,-273,1579,-3681,bdc6edcb,3c66db99,bd1cfd57,bf7e932f,bdc6eddc,3c66db8a,bd1cfd4f,bf7e932e,1,18667390

8310,202,157,40,-550,1086,15697,-243,1583,-3630,bdc6fdb0,3c669041,bd1cd36a,bf7e931b,bdc6fdc1,3c669032,bd1cd362,bf7e931a,1,18675909

8311,197,164,46,-566,1138,15675,-253,1545,-3622,bdc71ac8,3c66310e,bd1cd36d,bf7e92c5,bdc71ada,3c663100,bd1cd366,bf7e92c5,1,18684427

8312,198,169,41,-518,1147,15692,-265,1541,-3657,bdc73533,3c65824e,bd1cd499,bf7e927c,bdc73544,3c65823f,bd1cd491,bf7e927b,1,18692946

8313,202,171,39,-528,1067,15685,-265,1541,-3657,bdc74e8f,3c64dfb2,bd1cba9b,bf7e9246,bdc74e9f,3c64dfa2,bd1cba92,bf7e9244,1,18701465

8314,200,158,42,-469,1066,15681,-261,1589,-3595,bdc75f83,3c643e93,bd1c8cba,bf7e9236,bdc75f93,3c643e84,bd1c8cb2,bf7e9235,1,18709983

8315,200,150,41,-450,1122,15686,-307,1561,-3691,bdc77609,3c63ab71,bd1c7e58,bf7e9201,bdc77619,3c63ab62,bd1c7e50,bf7e9200,1,18718502

8316,180,137,33,-498,1090,15697,-307,1561,-3691,bdc78763,3c638d4d,bd1c8491,bf7e91c8,bdc78773,3c638d3d,bd1c8489,bf7e91c7,1,18726520

8317,164,121,36,-535,1139,15678,-227,1571,-3593,bdc79650,3c63e111,bd1ca737,bf7e917f,bdc79661,3c63e102,bd1ca72f,bf7e917f,1,18735038

8318,169,108,37,-519,1111,15704,-269,1561,-3631,bdc7a8ee,3c646eff,bd1cc41a,bf7e912b,bdc7a8ff,3c646ef1,bd1cc412,bf7e912b,1,18743557

8319,170,106,43,-613,1137,15701,-269,1561,-3631,bdc7bfca,3c656b5c,bd1ce8f8,bf7e90be,bdc7bfdb,3c656b4e,bd1ce8f0,bf7e90be,1,18752075

8320,184,120,52,-620,1182,15689,-277,1563,-3610,bdc7dd03,3c6626bf,bd1d05d3,bf7e9046,bdc7dd14,3c6626b1,bd1d05cb,bf7e9046,1,18760594

8321,193,130,51,-622,1165,15681,-275,1559,-3627,bdc7fa34,3c66b4ae,bd1d11df,bf7e8fda,bdc7fa44,3c66b49f,bd1d11d6,bf7e8fd9,1,18769112

8322,197,148,51,-573,1140,15689,-275,1559,-3627,bdc8179b,3c66b077,bd1d0dc2,bf7e8f81,bdc817ab,3c66b067,bd1d0db8,bf7e8f7f,1,18777631

8323,201,153,56,-519,1088,15676,-239,1569,-3625,bdc83471,3c665de9,bd1ceb62,bf7e8f40,bdc83483,3c665dda,bd1ceb59,bf7e8f40,1,18786149

8324,191,157,66,-555,1153,15691,-243,1553,-3626,bdc85bd3,3c6614dc,bd1cf074,bf7e8ec6,bdc85be4,3c6614cc,bd1cf06a,bf7e8ec5,1,18794668

8325,192,168,56,-574,1119,15692,-275,1565,-3642,bdc87b73,3c65a762,bd1ce6b2,bf7e8e6f,bdc87b83,3c65a751,bd1ce6a8,bf7e8e6e,1,18803187

8326,199,174,55,-505,1070,15679,-275,1565,-3642,bdc89a44,3c64d81e,bd1cc3c9,bf7e8e2e,bdc89a54,3c64d80d,bd1cc3bf,bf7e8e2d,1,18811705

8327,185,169,61,-517,1103,15713,-293,1543,-3606,bdc8c38d,3c642cf0,bd1ccc95,bf7e8db0,bdc8c39e,3c642ce0,bd1ccc8b,bf7e8db0,1,18820224

8328,188,167,58,-509,1094,15706,-297,1535,-3628,bdc8ec49,3c63880f,bd1cd2d4,bf7e8d35,bdc8ec59,3c6387fe,bd1cd2ca,bf7e8d34,1,18828742

8329,185,163,55,-547,1135,15678,-297,1535,-3628,bdc912ea,3c631dd6,bd1cea4c,bf7e8cb2,bdc912fa,3c631dc5,bd1cea42,bf7e8cb1,1,18836760

8330,172,162,62,-484,1118,15689,-259,1477,-3635,bdc948d3,3c627c00,bd1d2537,bf7e8bed,bdc948e3,3c627bef,bd1d252d,bf7e8bec,1,18845279

8331,173,156,63,-492,1093,15688,-313,1547,-3654,bdc971fc,3c61f8b0,bd1d3946,bf7e8b65,bdc9720c,3c61f8a0,bd1d393d,bf7e8b65,1,18853797

8332,171,146,64,-513,1187,15698,-313,1547,-3654,bdc99b4b,3c61b7ec,bd1d6bb8,bf7e8ac7,bdc99b5b,3c61b7dc,bd1d6baf,bf7e8ac7,1,18862316

8333,183,130,64,-538,1101,15682,-331,1523,-3586,bdc9cc18,3c6200ad,bd1d8ad9,bf7e8a15,bdc9cc27,3c62009d,bd1d8ad0,bf7e8a14,1,18870835

8334,180,110,52,-475,1068,15688,-279,1515,-3591,bdc9f300,3c626e09,bd1da2b9,bf7e8985,bdc9f310,3c626dfa,bd1da2b0,bf7e8985,1,18879353

8335,169,108,48,-571,1132,15706,-279,1515,-3591,bdca176b,3c633dc6,bd1ddc70,bf7e88e2,bdca177b,3c633db7,bd1ddc67,bf7e88e2,1,18887872

8336,172,106,41,-570,1131,15691,-327,1527,-3722,bdca3456,3c6416e2,bd1e0d63,bf7e885c,bdca3465,3c6416d1,bd1e0d59,bf7e885a,1,18896391

8337,173,123,37,-606,1123,15693,-317,1527,-3689,bdca4f31,3c64bc3f,bd1e38a2,bf7e87e2,bdca4f41,3c64bc2f,bd1e3899,bf7e87e1,1,18904909

8338,168,136,46,-587,1162,15684,-249,1543,-3592,bdca6ae5,3c64f772,bd1e648f,bf7e876b,bdca6af5,3c64f762,bd1e6486,bf7e876a,1,18913428

8339,177,164,55,-556,1156,15682,-249,1543,-3592,bdca8d0b,3c64831d,bd1e7db0,bf7e86f5,bdca8d1c,3c64830d,bd1e7da8,bf7e86f5,1,18921946

8340,187,178,62,-507,1158,15697,-303,1515,-3572,bdcabd3b,3c639e61,bd1e9c47,bf7e8655,bdcabd4c,3c639e51,bd1e9c3f,bf7e8655,1,18930465

8341,197,182,71,-518,1171,15696,-297,1537,-3582,bdcaedde,3c62b297,bd1ea350,bf7e85c3,bdcaedef,3c62b286,bd1ea347,bf7e85c2,1,18938483

8342,205,172,75,-460,1118,15684,-297,1537,-3582,bdcb20a9,3c61ca8a,bd1e9129,bf7e853a,bdcb20ba,3c61ca79,bd1e9120,bf7e8539,1,18947002

8343,201,160,67,-445,1122,15689,-295,1587,-3663,bdcb40b6,3c6101fe,bd1e6748,bf7e84f9,bdcb40c6,3c6101ed,bd1e673e,bf7e84f7,1,18955520

8344,199,136,77,-428,1086,15686,-273,1539,-3594,bdcb71f5,3c60bb24,bd1e545c,bf7e846b,bdcb7205,3c60bb14,bd1e5453,bf7e846a,1,18964039

8345,195,109,87,-507,1102,15674,-273,1539,-3594,bdcba97b,3c61583d,bd1e50d1,bf7e83b3,bdcba98a,3c61582c,bd1e50c8,bf7e83b1,1,18972557

8346,191,98,94,-525,1104,15684,-263,1509,-3595,bdcbeb94,3c624616,bd1e62e0,bf7e82c7,bdcbeba4,3c624606,bd1e62d7,bf7e82c6,1,18981076

8347,198,101,95,-583,1127,15692,-231,1563,-3602,bdcc20c8,3c635584,bd1e52a0,bf7e8216,bdcc20d9,3c635575,bd1e5297,bf7e8216,1,18989595

8348,182,114,70,-607,1166,15707,-231,1563,-3602,bdcc45ad,3c6423bd,bd1e60ed,bf7e818b,bdcc45be,3c6423ae,bd1e60e4,bf7e818b,1,18998113

8349,191,139,48,-606,1151,15697,-263,1609,-3571,bdcc5424,3c64676f,bd1e4917,bf7e8168,bdcc5433,3c64675f,bd1e490d,bf7e8167,1,19006632

8350,202,149,34,-545,1082,15675,-263,1515,-3617,bdcc6d74,3c644d8c,bd1e3d06,bf7e8120,bdcc6d83,3c644d7d,bd1e3cfc,bf7e811f,1,19015150

8351,192,156,33,-519,1075,15677,-251,1551,-3622,bdcc7d8e,3c63e6c1,bd1e268b,bf7e8101,bdcc7d9c,3c63e6b1,bd1e2680,bf7e80ff,1,19023669

8352,174,152,36,-600,1145,15696,-251,1551,-3622,bdcc8fe5,3c63db7a,bd1e3d39,bf7e80b8,bdcc8ff3,3c63db6a,bd1e3d2f,bf7e80b7,1,19031687

8353,181,163,30,-533,1153,15692,-295,1535,-3606,bdcca417,3c6353fe,bd1e57bc,bf7e806e,bdcca426,3c6353ef,bd1e57b3,bf7e806e,1,19040206

8354,181,172,37,-522,1125,15686,-255,1575,-3626,bdccb1ec,3c628e64,bd1e4e30,bf7e8052,bdccb1fb,3c628e55,bd1e4e27,bf7e8052,1,19048724

8355,192,173,44,-491,1138,15689,-255,1575,-3626,bdccc42c,3c61a98f,bd1e3853,bf7e8032,bdccc43a,3c61a980,bd1e3849,bf7e8031,1,19057243

8356,192,169,44,-432,1079,15693,-235,1555,-3615,bdccd9f0,3c60a725,bd1e1ad2,bf7e800d,bdccd9ff,3c60a717,bd1e1ac9,bf7e800d,1,19065761

8357,196,156,41,-447,1139,15679,-271,1537,-3565,bdccf3da,3c5ffcd4,bd1e19cf,bf7e7fc3,bdccf3e9,3c5ffcc6,bd1e19c6,bf7e7fc3,1,19074280

8358,198,144,52,-473,1134,15705,-271,1537,-3565,bdcd14e4,3c5fb291,bd1e1651,bf7e7f5f,bdcd14f2,3c5fb282,bd1e1647,bf7e7f5e,1,19082799

8359,193,133,64,-518,1113,15680,-277,1519,-3567,bdcd423c,3c5fd921,bd1e20c8,bf7e7ec4,bdcd424a,3c5fd912,bd1e20be,bf7e7ec3,1,19091318

8360,192,123,66,-534,1102,15686,-239,1543,-3605,bdcd68c1,3c604029,bd1e18bc,bf7e7e47,bdcd68cf,3c60401a,bd1e18b2,bf7e7e46,1,19099836

8361,195,122,61,-526,1132,15716,-239,1543,-3605,bdcd8bb0,3c609fb6,bd1e13ea,bf7e7dd4,bdcd8bbe,3c609fa7,bd1e13e0,bf7e7dd3,1,19108355

8362,183,113,50,-547,1167,15684,-309,1569,-3529,bdcda603,3c613836,bd1e2866,bf7e7d69,bdcda611,3c613827,bd1e285c,bf7e7d68,1,19116873

8363,183,122,34,-568,1136,15702,-273,1585,-3610,bdcdaf34,3c61b0fd,bd1e239e,bf7e7d48,bdcdaf42,3c61b0ee,bd1e2394,bf7e7d47,1,19125392

8364,185,136,19,-573,1161,15688,-253,1609,-3569,bdcda92b,3c61db93,bd1e153c,bf7e7d62,bdcda939,3c61db84,bd1e1532,bf7e7d61,1,19133911

8365,198,135,21,-524,1086,15689,-253,1609,-3569,bdcda452,3c61e77a,bd1de0e4,bf7e7d92,bdcda460,3c61e76b,bd1de0da,bf7e7d91,1,19141928

8366,195,133,40,-478,1048,15690,-265,1599,-3605,bdcdae2d,3c61d36e,bd1da995,bf7e7d95,bdcdae3c,3c61d360,bd1da98c,bf7e7d95,1,19150447

8367,182,133,53,-480,1095,15695,-245,1499,-3563,bdcdd6ca,3c61ca09,bd1dc3a1,bf7e7d02,bdcdd6d8,3c61c9fa,bd1dc397,bf7e7d01,1,19158966

8368,186,121,60,-518,1139,15685,-245,1499,-3563,bdce03aa,3c622744,bd1de5e3,bf7e7c56,bdce03b8,3c622735,bd1de5d9,bf7e7c55,1,19167484

8369,185,119,76,-532,1113,15692,-305,1569,-3551,bdce2ecd,3c6297d0,bd1de62b,bf7e7bc5,bdce2edb,3c6297c0,bd1de621,bf7e7bc4,1,19176003

8370,173,113,70,-504,1111,15712,-287,1517,-3623,bdce5f39,3c630811,bd1e0c11,bf7e7b0a,bdce5f47,3c630801,bd1e0c08,bf7e7b0a,1,19184522

8371,171,106,56,-528,1137,15699,-287,1517,-3623,bdce8606,3c63b049,bd1e3d3b,bf7e7a64,bdce8613,3c63b038,bd1e3d31,bf7e7a63,1,19193040

8372,177,111,60,-568,1125,15678,-289,1577,-3548,bdcea39d,3c6463e9,bd1e46cd,bf7e79f4,bdcea3ab,3c6463d9,bd1e46c3,bf7e79f4,1,19201559

8373,178,119,54,-517,1077,15677,-269,1597,-3518,bdceb85c,3c64b819,bd1e356c,bf7e79b6,bdceb869,3c64b809,bd1e3562,bf7e79b5,1,19210086

8374,171,126,50,-567,1146,15689,-269,1597,-3518,bdcecab4,3c650d45,bd1e3f62,bf7e7970,bdcecac1,3c650d34,bd1e3f58,bf7e796e,1,19218605

8375,170,128,51,-546,1117,15678,-237,1511,-3558,bdceee8c,3c654fda,bd1e6882,bf7e78de,bdceee9a,3c654fca,bd1e6879,bf7e78dd,1,19227124

8376,158,137,52,-505,1139,15677,-279,1567,-3566,bdcf0888,3c6525a1,bd1e8ca5,bf7e7875,bdcf0896,3c652591,bd1e8c9c,bf7e7874,1,19235642

8377,162,139,59,-561,1163,15681,-279,1567,-3566,bdcf2753,3c652d12,bd1eb24e,bf7e77f9,bdcf2762,3c652d03,bd1eb245,bf7e77f9,1,19243660

8378,176,136,62,-591,1188,15692,-225,1567,-3538,bdcf45ed,3c6566a4,bd1ec76c,bf7e7785,bdcf45fc,3c656695,bd1ec763,bf7e7785,1,19252179

8379,191,162,58,-526,1192,15690,-207,1549,-3634,bdcf6368,3c64d996,bd1ec782,bf7e772d,bdcf6377,3c64d987,bd1ec779,bf7e772d,1,19260698

8380,209,158,55,-517,1125,15706,-263,1579,-3599,bdcf7b40,3c64669a,bd1e95b5,bf7e7705,bdcf7b4f,3c64668b,bd1e95ac,bf7e7705,1,19269216

8381,213,154,48,-544,1077,15683,-263,1579,-3599,bdcf8e8c,3c642d3b,bd1e5414,bf7e76f2,bdcf8e9a,3c642d2b,bd1e540b,bf7e76f1,1,19277735

8382,208,157,53,-480,1102,15707,-241,1593,-3528,bdcfa230,3c639d59,bd1e1891,bf7e76df,bdcfa23f,3c639d4a,bd1e1889,bf7e76df,1,19286253

8383,205,153,44,-456,1102,15701,-189,1521,-3583,bdcfbc03,3c631003,bd1dfd80,bf7e76a3,bdcfbc12,3c630ff4,bd1dfd78,bf7e76a3,1,19294772

8384,202,131,47,-485,1105,15699,-189,1521,-3583,bdcfd768,3c63155c,bd1deb1a,bf7e7655,bdcfd777,3c63154d,bd1deb12,bf7e7655,1,19303291

8385,196,115,32,-485,1072,15691,-259,1563,-3604,bdcfe236,3c6365d6,bd1dcbe5,bf7e7641,bdcfe243,3c6365c5,bd1dcbdb,bf7e763f,1,19311809

8386,186,108,32,-512,1099,15699,-247,1523,-3633,bdcff4c0,3c63f4a8,bd1dd529,bf7e75f6,bdcff4ce,3c63f499,bd1dd521,bf7e75f6,1,19320328

8387,181,106,52,-536,1120,15678,-247,1523,-3633,bdd014a6,3c64a65b,bd1deb82,bf7e7576,bdd014b3,3c64a64b,bd1deb7a,bf7e7575,1,19328847

8388,178,103,64,-580,1105,15677,-227,1581,-3589,bdd02fc8,3c658eab,bd1de558,bf7e7514,bdd02fd5,3c658e9b,bd1de550,bf7e7513,1,19337365

8389,162,116,67,-630,1213,15692,-239,1577,-3589,bdd04eaf,3c665032,bd1e12d9,bf7e7487,bdd04ebc,3c665022,bd1e12d1,bf7e7486,1,19345383

8390,173,137,72,-575,1172,15683,-239,1577,-3589,bdd07120,3c667261,bd1e2236,bf7e740b,bdd0712e,3c667252,bd1e222e,bf7e740b,1,19353902

8391,199,153,66,-550,1177,15708,-241,1565,-3531,bdd0934c,3c6632fa,bd1e152d,bf7e73a6,bdd09359,3c6632ea,bd1e1524,bf7e73a5,1,19362420

8392,215,154,50,-553,1068,15689,-287,1623,-3610,bdd09e89,3c65fc6c,bd1db875,bf7e73bf,bdd09e96,3c65fc5c,bd1db86c,bf7e73be,1,19370939

8393,210,153,47,-515,1074,15706,-255,1555,-3543,bdd0b6b6,3c65a85e,bd1d88be,bf7e7391,bdd0b6c3,3c65a84e,bd1d88b6,bf7e7390,1,19379458

8394,188,136,34,-487,1073,15673,-255,1555,-3543,bdd0c5da,3c658522,bd1d7904,bf7e736b,bdd0c5e7,3c658512,bd1d78fc,bf7e736a,1,19387976

8395,191,132,38,-499,1087,15697,-283,1535,-3589,bdd0dc8d,3c6585e1,bd1d7489,bf7e7325,bdd0dc9a,3c6585d1,bd1d7481,bf7e7324,1,19396495

8396,180,123,51,-506,1190,15691,-249,1555,-3589,bdd0f560,3c65ac5a,bd1d8ceb,bf7e72c2,bdd0f56d,3c65ac4a,bd1d8ce3,bf7e72c1,1,19405014

8397,185,123,61,-574,1173,15689,-249,1555,-3589,bdd11520,3c66205d,bd1d9b7e,bf7e7249,bdd1152e,3c66204e,bd1d9b77,bf7e7249,1,19413532

8398,201,125,75,-565,1176,15679,-257,1559,-3619,bdd13cf5,3c668a35,bd1d9254,bf7e71c6,bdd13d03,3c668a26,bd1d924d,bf7e71c6,1,19422051

8399,206,138,68,-605,1140,15709,-303,1545,-3579,bdd166bd,3c66e173,bd1d860c,bf7e713f,bdd166cb,3c66e164,bd1d8605,bf7e713f,1,19430570

8400,210,156,53,-606,1111,15712,-303,1545,-3579,bdd186f5,3c66dafb,bd1d6a63,bf7e70e7,bdd18703,3c66daec,bd1d6a5c,bf7e70e7,1,19438588

8401,202,172,38,-517,1056,15666,-277,1507,-3615,bdd1a3eb,3c662497,bd1d56b4,bf7e709e,bdd1a3f8,3c662487,bd1d56ac,bf7e709d,1,19447106

8402,188,179,32,-637,1154,15716,-317,1613,-3592,bdd1a7c4,3c65a800,bd1d3e2a,bf7e70a7,bdd1a7d2,3c65a7f1,bd1d3e22,bf7e70a7,1,19455625

8403,169,166,16,-465,1099,15704,-317,1613,-3592,bdd1a01c,3c64ae75,bd1d2dbc,bf7e70d9,bdd1a029,3c64ae65,bd1d2db3,bf7e70d8,1,19464144

8404,178,154,25,-489,1131,15666,-303,1585,-3626,bdd1a34a,3c6417e1,bd1d2987,bf7e70d9,bdd1a357,3c6417d1,bd1d297f,bf7e70d8,1,19472662

8405,178,142,30,-494,1114,15692,-259,1515,-3600,bdd1b7a9,3c63d776,bd1d435e,bf7e708a,bdd1b7b7,3c63d767,bd1d4357,bf7e708a,1,19481181

8406,182,135,33,-509,1094,15695,-305,1547,-3608,bdd1c8e8,3c63cc51,bd1d47ba,bf7e704f,bdd1c8f5,3c63cc42,bd1d47b2,bf7e704e,1,19489700

8407,173,133,39,-572,1088,15688,-305,1547,-3608,bdd1de79,3c640e2d,bd1d586d,bf7e6ff9,bdd1de86,3c640e1e,bd1d5865,bf7e6ff8,1,19498218

8408,171,136,51,-594,1114,15714,-259,1575,-3585,bdd1f40a,3c644dc1,bd1d5f55,bf7e6faa,bdd1f418,3c644db3,bd1d5f4e,bf7e6faa,1,19506737

8409,164,149,52,-563,1134,15715,-313,1503,-3616,bdd21cc8,3c642fe1,bd1d9d9c,bf7e6eff,bdd21cd5,3c642fd2,bd1d9d94,bf7e6efe,1,19515256

8410,158,162,47,-619,1099,15725,-313,1503,-3616,bdd242d3,3c64098f,bd1dd922,bf7e6e5e,bdd242e0,3c640980,bd1dd91a,bf7e6e5d,1,19523774

8411,160,186,39,-567,1060,15730,-271,1511,-3597,bdd26029,3c632908,bd1df8f7,bf7e6df7,bdd26036,3c6328f9,bd1df8ef,bf7e6df6,1,19532293

8412,140,193,38,-532,1031,15752,-267,1561,-3563,bdd2724a,3c61eeb5,bd1e1098,bf7e6dbe,bdd27257,3c61eea6,bd1e1090,bf7e6dbd,1,19540812

8413,116,192,31,-543,1048,15711,-267,1561,-3563,bdd27fe7,3c60b840,bd1e4dc0,bf7e6d7c,bdd27ff3,3c60b830,bd1e4db7,bf7e6d7a,1,19548829

8414,88,205,32,-456,1031,15735,-285,1535,-3555,bdd2953e,3c5ed9d9,bd1eb647,bf7e6d0e,bdd2954b,3c5ed9ca,bd1eb63e,bf7e6d0d,1,19557348

8415,59,186,11,-420,1095,15729,-287,1531,-3624,bdd29b90,3c5d1ebc,bd1f567c,bf7e6cad,bdd29b9e,3c5d1ead,bd1f5674,bf7e6cad,1,19565867

8416,40,152,0,-407,1075,15735,-287,1531,-3624,bdd299ad,3c5c03df,bd200d53,bf7e6c50,bdd299ba,3c5c03cf,bd200d4a,bf7e6c4f,1,19574385

8417,27,118,-4,-305,1072,15775,-241,1501,-3643,bdd297ac,3c5b3143,bd20dda7,bf7e6bdf,bdd297b9,3c5b3133,bd20dd9e,bf7e6bde,1,19582904

8418,-2,56,25,-212,1041,15827,-265,1501,-3642,bdd2a85f,3c5b3dc6,bd21d17f,bf7e6b0c,bdd2a86c,3c5b3db7,bd21d176,bf7e6b0b,1,19591423

8419,-37,-10,91,-158,813,15866,-229,1523,-3597,bdd2de06,3c5c8f70,bd22b06f,bf7e69ba,bdd2de13,3c5c8f60,bd22b066,bf7e69b8,1,19599941

8420,-85,-107,223,-483,1165,15847,-229,1523,-3597,bdd369ee,3c611026,bd243baa,bf7e66ac,bdd369fb,3c611017,bd243ba1,bf7e66ab,1,19608460

8421,-126,-172,367,-695,1213,15923,-259,1525,-3659,bdd454b9,3c67c350,bd260ffa,bf7e620e,bdd454c6,3c67c341,bd260ff1,bf7e620d,1,19616979

8422,-148,-185,480,-653,1215,15931,-227,1487,-3520,bdd592f9,3c6e8b82,bd280ebc,bf7e5c30,bdd59306,3c6e8b72,bd280eb3,bf7e5c2f,1,19625497

8423,-170,-232,512,-229,509,16112,-227,1487,-3520,bdd6e473,3c74e1a1,bd297141,bf7e5673,bdd6e481,3c74e192,bd297139,bf7e5673,1,19634016

8424,-302,-346,532,-251,446,16324,-225,1475,-3583,bdd84205,3c7d58aa,bd2b7cdb,bf7e4fee,bdd84213,3c7d589c,bd2b7cd3,bf7e4fee,1,19642535

8425,-476,-483,607,-122,314,16142,-281,1453,-3640,bdd9d4da,3c83e438,bd2e5ccb,bf7e47f1,bdd9d4e9,3c83e431,bd2e5cc4,bf7e47f2,1,19651053

8426,-653,-679,820,-1293,-418,17585,-281,1453,-3640,bddbf69d,3c8d3c11,bd31ba53,bf7e3d04,bddbf6ab,3c8d3c09,bd31ba4b,bf7e3d04,1,19659071

8427,-798,-632,1255,-2347,-588,20305,-269,1417,-3555,bddf464a,3c9721fa,bd35ef3c,bf7e2d12,bddf4659,3c9721f2,bd35ef35,bf7e2d13,1,19667590

8428,-873,-82,1492,1301,572,20285,-259,1393,-3602,bde33798,3c95ec38,bd3aa94a,bf7e1bd8,bde337a6,3c95ec30,bd3aa943,bf7e1bd9,1,19676114

8429,248,-477,958,-2772,2191,21131,-259,1393,-3602,bde5b1e9,3c9f4697,bd3b2b00,bf7e1123,bde5b1f6,3c9f468e,bd3b2af8,bf7e1123,1,19684633

8430,882,-327,623,-1560,1752,20395,-315,1403,-3662,bde74636,3ca636bf,bd37fdec,bf7e0c9e,bde74641,3ca636b5,bd37fde3,bf7e0c9c,1,19693152

8431,1214,23,566,-1604,1881,19725,-303,1427,-3586,bde8b553,3ca9df38,bd330435,bf7e0a54,bde8b55f,3ca9df2d,bd33042c,bf7e0a53,1,19701670

8432,1384,348,539,-877,-1154,19254,-299,1467,-3586,bdea15d7,3ca9b21a,bd2aa70a,bf7e0b0d,bdea15e4,3ca9b20f,bd2aa702,bf7e0b0d,1,19710189

8433,982,454,296,-796,-3511,18592,-299,1467,-3586,bdeadedd,3ca80133,bd238a9e,bf7e0d1c,bdeadeeb,3ca80129,bd238a96,bf7e0d1d,1,19718707

8434,-38,354,285,-2556,-3513,19008,-289,1485,-3621,bdebac8c,3ca7f86a,bd220d62,bf7e0b18,bdebac9a,3ca7f860,bd220d5a,bf7e0b19,1,19727226

8435,-1287,806,111,-2921,-691,18761,-267,1455,-3624,bdec2688,3ca271df,bd281b8b,bf7e064a,bdec2695,3ca271d5,bd281b82,bf7e064a,1,19735745

8436,-2054,1652,-152,-914,-105,18040,-267,1455,-3624,bdec0b9f,3c9046d8,bd31af61,bf7e02e8,bdec0bab,3c9046ce,bd31af57,bf7e02e7,1,19744263

8437,-2040,2177,-591,843,2102,16044,-233,1435,-3643,bdeacad4,3c6a4da8,bd3cb92a,bf7e0313,bdeacae0,3c6a4d94,bd3cb920,bf7e0312,1,19752782

8438,-891,2061,-1226,2237,1514,15946,-223,1407,-3564,bde7d31d,3c35b794,bd413619,bf7e0d4b,bde7d32a,3c35b781,bd41360f,bf7e0d4b,1,19760800

8439,256,1441,-1430,1311,-486,16401,-223,1407,-3564,bde43f70,3c142361,bd3e82cf,bf7e1da7,bde43f7b,3c14234e,bd3e82c3,bf7e1da5,1,19769319

8440,615,1104,-1511,1639,-747,16383,-179,1453,-3542,bde05f5e,3bf4108c,bd39fe69,bf7e2fab,bde05f69,3bf41068,bd39fe5e,bf7e2faa,1,19777837

8441,788,884,-1650,2315,1985,16447,-157,1425,-3578,bddc18b6,3bc43ef6,bd36c0bd,bf7e419e,bddc18c1,3bc43ed2,bd36c0b2,bf7e419d,1,19786356

8442,1376,452,-2006,2927,2604,16380,-157,1425,-3578,bdd6d449,3ba6c5b7,bd3113bc,bf7e57fb,bdd6d454,3ba6c594,bd3113b1,bf7e57fa,1,19794874

8443,2160,-160,-2347,2604,2305,16281,-171,1395,-3556,bdd0a1fd,3ba6ca57,bd279e77,bf7e7304,bdd0a207,3ba6ca34,bd279e6b,bf7e7302,1,19803393

8444,2732,-654,-2550,1432,2174,16995,-161,1471,-3580,bdc9d4cf,3bc2de2a,bd1b705a,bf7e905f,bdc9d4db,3bc2de0b,bd1b7051,bf7e9060,1,19811912

8445,2979,-678,-2593,2087,1344,16673,-175,1537,-3567,bdc2e0fe,3bdd66e8,bd0d4fa8,bf7eadee,bdc2e107,3bdd66c8,bd0d4f9d,bf7eadec,1,19820430

8446,2728,-362,-2829,1679,1515,15972,-175,1537,-3567,bdbb5e69,3beadc22,bd00b274,bf7ecaf7,bdbb5e73,3beadc04,bd00b26a,bf7ecaf6,1,19828949

8447,2410,32,-3229,1249,1593,15019,-167,1581,-3626,bdb2d700,3be7ba56,bceba2a1,bf7ee8c8,bdb2d70b,3be7ba3a,bceba28f,bf7ee8c9,1,19837467

8448,2626,431,-3603,2056,356,14624,-141,1641,-3555,bda95516,3bd08eba,bcd10795,bf7f08dc,bda95521,3bd08e9f,bcd10783,bf7f08dd,1,19845986

8449,3066,656,-4054,1702,488,14030,-141,1641,-3555,bd9eadbe,3bb25a1d,bcb22eff,bf7f2a78,bd9eadc9,3bb25a01,bcb22eed,bf7f2a78,1,19854004

8450,3521,864,-4791,1685,83,13623,-155,1691,-3554,bd921811,3b8c63f6,bc8dd8fe,bf7f4e97,bd92181b,3b8c63da,bc8dd8ec,bf7f4e96,1,19862523

8451,3878,1109,-5770,1862,-345,13946,-91,1775,-3540,bd82ea62,3b39963c,bc49f599,bf7f74b6,bd82ea6c,3b399609,bc49f575,bf7f74b6,1,19871041

8452,3811,1126,-6483,1557,389,12844,-91,1775,-3540,bd63ceb6,3ab1f507,bbfa6bbe,bf7f9895,bd63ceca,3ab1f4a6,bbfa6b76,bf7f9895,1,19879560

8453,3799,969,-7086,732,1757,12711,-49,1873,-3546,bd3e8af0,39916779,bb5aa38b,bf7fb8ae,bd3e8b05,39916612,bb5aa2fa,bf7fb8af,1,19888078

8454,3829,1012,-7360,1362,2340,13564,-41,1901,-3570,bd17dd28,ba790420,3a73d1fd,bf7fd2e2,bd17dd3c,ba7904c3,3a73d43f,bf7fd2e2,1,19896597

8455,3334,1185,-7428,1614,2693,13330,-41,1901,-3570,bce1c5bf,bb1ff7a8,3b939117,bf7fe63f,bce1c5e7,bb1ff7cf,3b93915f,bf7fe63f,1,19905116

8456,2759,1263,-7569,1676,2955,13480,-27,1973,-3608,bc9246e4,bb847ccc,3bef6f9a,bf7ff344,bc92470d,bb847cdf,3bef6fe4,bf7ff345,1,19913634

8457,2723,1264,-7913,1035,1488,14930,65,2075,-3573,bbfc4b0a,bbb5a570,3c284dfc,bf7ff998,bbfc4bac,bbb5a581,3c284e21,bf7ff998,1,19922153

8458,2895,1262,-8291,1646,3317,17598,-3,2131,-3630,3b409fa5,bbe77b34,3c5949eb,bf7ff852,3b409e62,bbe77b45,3c594a11,bf7ff853,1,19930672

8459,3323,1176,-8837,4899,314,12240,-3,2131,-3630,3c69943e,bc12b351,3c8d42ab,bf7fecf8,3c6993ec,bc12b357,3c8d42bd,bf7fecf7,1,19939190

8460,2825,216,-9161,-327,-2887,10148,-39,2285,-3515,3cd50814,bc0ff453,3caea7c1,bf7fd867,3cd507ea,bc0ff459,3caea7d3,bf7fd867,1,19947709

8461,1574,-348,-8757,-739,1482,12593,-41,2375,-3457,3d1882b9,bbfd7843,3cba8015,bf7fbf99,3d1882a3,bbfd784d,3cba8026,bf7fbf98,1,19956228

8462,1800,237,-9482,619,3011,13732,-41,2375,-3457,3d4a427e,bbfc94bf,3cc6f880,bf7f9abf,3d4a4268,bbfc94ca,3cc6f892,bf7f9abf,1,19964246

8463,3363,170,-9949,749,2043,14700,-97,2425,-3535,3d7e5703,bbfce7c1,3ce48732,bf7f6606,3d7e56ed,bbfce7ca,3ce48744,bf7f6606,1,19972764

8464,4584,-103,-10103,630,-1047,14820,-103,2537,-3450,3d99953a,bbf5dd13,3d0a031a,bf7f204b,3d99952f,bbf5dd1a,3d0a0323,bf7f204b,1,19981283

8465,5035,-230,-10661,-183,-3113,15505,-103,2537,-3450,3db55b0b,bbe54f31,3d258374,bf7ec732,3db55aff,bbe54f36,3d25837c,bf7ec731,1,19989801

8466,5087,-225,-11089,-219,-2543,15553,-127,2709,-3560,3dd24310,bbd3caaa,3d40e792,bf7e5b36,3dd24305,bbd3caae,3d40e79b,bf7e5b36,1,19998320

8467,5290,-144,-11310,-903,-657,16123,-189,2803,-3508,3defbc90,bbbf98a8,3d5b6ded,bf7ddd8c,3defbc86,bbbf98aa,3d5b6df8,bf7ddd8d,1,20006839

8468,5916,18,-11658,-1602,-86,17816,-189,2803,-3508,3e07022e,bbb15b98,3d785dae,bf7d4946,3e070228,bbb15b96,3d785db8,bf7d4945,1,20015357

8469,6429,519,-12353,0,-2097,17169,-219,2919,-3419,3e170b17,bbc4b746,3d8c6d25,bf7c95fe,3e170b12,bbc4b742,3d8c6d2b,bf7c95ff,1,20023876

8470,6093,822,-13049,6907,-3288,14531,-213,3033,-3426,3e27ea37,bbf80cee,3d9bb40c,bf7bc6b1,3e27ea33,bbf80ce7,3d9bb412,bf7bc6b2,1,20032394

8471,5226,-436,-13756,1432,-2772,11289,-283,3225,-3457,3e39910a,bbe4d6b0,3da9b0f4,bf7adc23,3e399106,bbe4d6a6,3da9b0fa,bf7adc23,1,20040913

8472,4539,-1709,-14354,-585,-3417,11888,-283,3225,-3457,3e4bc869,bb86afb4,3db6c46f,bf79d5bd,3e4bc865,bb86afa7,3db6c475,bf79d5bd,1,20049431

8473,3934,-1830,-14253,-774,-1811,13164,-365,3321,-3507,3e5dcd41,ba54b21f,3dc143b2,bf78c088,3e5dcd3e,ba54b1a4,3dc143b9,bf78c089,1,20057950

8474,4145,-1539,-13917,-2470,-87,13226,-471,3431,-3405,3e6f6a38,3b1d06bd,3dcb8c37,bf77999c,3e6f6a35,3b1d06e2,3dcb8c3e,bf77999d,1,20065968

8475,5104,-924,-13313,-1305,-5189,15380,-471,3431,-3405,3e8014c9,3b80f6e8,3dd968e3,bf765d32,3e8014c8,3b80f6fe,3dd968e9,bf765d32,1,20074486

8476,4928,-605,-12606,1026,-9274,16443,-575,3521,-3303,3e87f9a2,3b99c33d,3de6d270,bf751c9c,3e87f9a1,3b99c355,3de6d275,bf751c9b,1,20083005

8477,3375,-811,-11564,-648,-6710,14481,-683,3713,-3380,3e8f2d7a,3bccebac,3df07503,bf73efc2,3e8f2d79,3bccebc6,3df07508,bf73efc1,1,20091523

8478,2346,-1010,-11077,-2003,-6326,16266,-683,3713,-3380,3e9605f8,3c0c0fc3,3df7766b,bf72ca94,3e9605f7,3c0c0fd0,3df77670,bf72ca94,1,20100042

8479,2037,-533,-10382,-1994,-6151,16549,-787,3751,-3349,3e9c71dc,3c2805e6,3dfd3f7f,bf71ad92,3e9c71da,3c2805f2,3dfd3f83,bf71ad91,1,20108561

8480,1360,267,-9284,67,-3456,16279,-835,3793,-3354,3ea237d9,3c3030a6,3dff71e4,bf70afd7,3ea237d8,3c3030b4,3dff71ea,bf70afd8,1,20117079

8481,745,524,-8378,1034,-282,16379,-835,3793,-3354,3ea76fb8,3c36dc17,3dfecabe,bf6fcd2c,3ea76fb7,3c36dc26,3dfecac3,bf6fcd2c,1,20125598

8482,935,204,-8374,1789,-429,16952,-939,3895,-3343,3eac9e19,3c40939d,3dfeeb05,bf6ee099,3eac9e18,3c4093ac,3dfeeb0a,bf6ee099,1,20134116

8483,977,-226,-9025,1289,-2259,16372,-985,3905,-3315,3eb221f2,3c51bfd8,3dfff187,bf6dd79a,3eb221f1,3c51bfe7,3dfff18d,bf6dd79a,1,20142635

8484,-115,-391,-9187,-2058,-4375,15508,-1055,3955,-3335,3eb7b78e,3c76db22,3dfff94b,bf6cc4c0,3eb7b78e,3c76db33,3dfff952,bf6cc4c1,1,20151154

8485,-1498,-45,-9171,-4163,-3847,12522,-1055,3955,-3335,3ebd47e4,3c933129,3dfc8023,bf6bb730,3ebd47e3,3c933131,3dfc8029,bf6bb731,1,20159672

8486,-2250,486,-8760,-6044,-3787,8346,-1131,3933,-3361,3ec2989e,3ca91a6a,3df6df69,bf6ab5cf,3ec2989d,3ca91a73,3df6df6f,bf6ab5d0,1,20167690

8487,-1929,1850,-7884,-3995,-2648,10186,-1217,3939,-3305,3ec77c1e,3caf732a,3df0640a,bf69c86e,3ec77c1b,3caf7331,3df0640e,bf69c86d,1,20176209

8488,-731,2186,-7688,-4991,-6578,13056,-1217,3939,-3305,3ecc3db4,3caab03d,3decfb9f,bf68cfe0,3ecc3db1,3caab044,3decfba3,bf68cfdf,1,20184728

8489,-742,1980,-6938,-5245,-4461,15743,-1225,3953,-3340,3ed08882,3ca8cb13,3de958f7,bf67eaf3,3ed08881,3ca8cb1b,3de958fd,bf67eaf4,1,20193246

8490,-388,2207,-6379,-4992,-1201,14924,-1279,3987,-3389,3ed487c8,3ca4cdba,3de55fcc,bf6712e7,3ed487c6,3ca4cdc1,3de55fd1,bf6712e7,1,20201765

8491,899,1763,-6161,-3172,-2404,12163,-1279,3987,-3389,3ed85859,3c9d224b,3de57e17,bf6630c5,3ed85857,3c9d2253,3de57e1c,bf6630c5,1,20210283

8492,2006,731,-6761,-2956,-4237,11030,-1359,4009,-3331,3edc6969,3c9870e6,3dea0d26,bf6527b1,3edc6967,3c9870ef,3dea0d2b,bf6527b1,1,20218802

8493,2016,-146,-7119,-3018,-3462,12599,-1449,4051,-3333,3ee0a18e,3c9d6e10,3def52b4,bf640a27,3ee0a18c,3c9d6e1a,3def52b9,bf640a27,1,20227320

8494,1440,-647,-7201,-1829,-2603,14910,-1449,4051,-3333,3ee4d98e,3ca8051a,3df2b4e6,bf62eccd,3ee4d98c,3ca80524,3df2b4ea,bf62eccd,1,20235839

8495,565,-1230,-7059,-1950,-2581,14962,-1487,4145,-3310,3ee8ec43,3cbc3793,3df4c335,bf61d61c,3ee8ec40,3cbc379c,3df4c338,bf61d61b,1,20244358

8496,-254,-1658,-6780,-3226,-990,14421,-1533,4109,-3307,3eecc7a5,3cdc136d,3df4faac,bf60cca9,3eecc7a3,3cdc1377,3df4fab0,bf60cca9,1,20252876

8497,-80,-2054,-6333,-1987,-2617,15330,-1635,4095,-3367,3ef052de,3cf933ac,3df67b08,bf5fcd40,3ef052db,3cf933b5,3df67b0c,bf5fcd3f,1,20261395

8498,176,-2413,-6265,-4445,-4435,14911,-1635,4095,-3367,3ef3bbbb,3d0d3a71,3dfa3a30,bf5ec627,3ef3bbb9,3d0d3a75,3dfa3a35,bf5ec627,1,20269413

8499,-531,-2130,-5937,-5500,-4041,15539,-1779,4159,-3401,3ef6f6c5,3d1ed33a,3dfbf361,bf5dce47,3ef6f6c3,3d1ed33e,3dfbf365,bf5dce47,1,20277931

8500,-1342,-1061,-6058,-3532,-4583,14603,-1761,4175,-3474,3efa4888,3d2bf51a,3dfa9489,bf5cdc0e,3efa4886,3d2bf51e,3dfa948d,bf5cdc0e,1,20286450

8501,-2418,-562,-6481,-3384,-4431,14054,-1761,4175,-3474,3efdd34c,3d39ab50,3df60d82,bf5be20e,3efdd349,3d39ab53,3df60d85,bf5be20d,1,20294969

8502,-3535,-446,-7023,-3717,-3335,13353,-1853,4161,-3469,3f00d304,3d4b0fbe,3deeb019,bf5ad5ee,3f00d303,3d4b0fc1,3deeb01d,bf5ad5ee,1,20303487

8503,-4213,-325,-7410,-3562,-1761,13506,-1929,4145,-3518,3f02d8a1,3d5f1542,3de4dc05,bf59b89b,3f02d8a0,3d5f1545,3de4dc09,bf59b89b,1,20312006

8504,-4458,-281,-7615,-2338,-190,13652,-1929,4145,-3518,3f04eb89,3d72f83f,3dd8b9b7,bf58929f,3f04eb89,3d72f843,3dd8b9bd,bf5892a1,1,20320524

8505,-4567,-522,-7837,-1301,44,13654,-2051,4125,-3484,3f07090d,3d83728e,3dcc51f0,bf575bb8,3f07090b,3d83728e,3dcc51f3,bf575bb7,1,20329043

8506,-4249,-1219,-8277,-2618,-432,14910,-2099,4087,-3513,3f093ff9,3d8f3115,3dc22a82,bf55fbd3,3f093ff9,3d8f3117,3dc22a88,bf55fbd5,1,20337562

8507,-3551,-1938,-8738,-6514,-1715,15812,-2099,4087,-3513,3f0b8159,3d9c3ce6,3dbc3946,bf5475cb,3f0b8158,3d9c3ce6,3dbc394a,bf5475ca,1,20346080

8508,-3356,-2002,-8056,-7126,3563,16180,-2157,4041,-3586,3f0d9184,3da97721,3db57e4c,bf53060d,3f0d9184,3da97721,3db57e51,bf53060d,1,20354599

8509,-2360,-775,-7419,-5708,1679,14366,-2259,3999,-3607,3f0f817c,3db2671d,3daf8916,bf51aca2,3f0f817b,3db2671c,3daf891a,bf51aca1,1,20363118

8510,-2614,33,-6373,-2570,980,14602,-2261,3927,-3594,3f11318e,3db88bfa,3da6cd85,bf5089a2,3f11318e,3db88bfa,3da6cd8a,bf5089a2,1,20371636

8511,-3769,-41,-5818,-3339,-205,15304,-2261,3927,-3594,3f12aec0,3dc0300e,3d9d2526,bf4f809b,3f12aec0,3dc0300e,3d9d252a,bf4f809b,1,20379654

8512,-5263,-287,-5585,-5311,1088,15191,-2303,3935,-3707,3f140279,3dcbd206,3d90e741,bf4e8605,3f140279,3dcbd206,3d90e745,bf4e8605,1,20388173

8513,-6157,-230,-4822,-5652,2130,13686,-2417,3903,-3722,3f151691,3dd8ace2,3d82c52c,bf4db061,3f151691,3dd8ace2,3d82c530,bf4db061,1,20396691

8514,-6108,-225,-3654,-5174,1889,13887,-2417,3903,-3722,3f15d8b5,3de5295b,3d6a36d0,bf4d0ddc,3f15d8b5,3de5295b,3d6a36d8,bf4d0ddc,1,20405210

8515,-5805,-253,-2649,-4879,3042,13849,-2423,3753,-3819,3f1655f1,3df114c0,3d4fc3ce,bf4c97e4,3f1655f1,3df114c1,3d4fc3d7,bf4c97e5,1,20413729

8516,-5049,-210,-2347,-4936,2088,14590,-2397,3737,-3760,3f16c368,3dfb9885,3d398d8f,bf4c29ef,3f16c368,3dfb9886,3d398d98,bf4c29f0,1,20422247

8517,-4161,-180,-2427,-5598,1886,16231,-2397,3737,-3760,3f173c29,3e02439f,3d27c32c,bf4bb313,3f173c28,3e02439f,3d27c334,bf4bb313,1,20430766

8518,-3715,59,-2484,-6413,3312,17199,-2455,3703,-3876,3f17bc18,3e063ea6,3d163c1e,bf4b381d,3f17bc19,3e063ea7,3d163c27,bf4b381f,1,20439285

8519,-3015,740,-2623,-6786,3348,16882,-2473,3675,-3828,3f184c9c,3e08f8df,3d05c556,bf4aba3f,3f184c9b,3e08f8de,3d05c55d,bf4aba3f,1,20447803

8520,-2214,1821,-3043,-5907,2647,16480,-2473,3675,-3828,3f1904c4,3e09e43f,3ceadd11,bf4a2f89,3f1904c5,3e09e43f,3ceadd21,bf4a2f8a,1,20456322

8521,-1513,2893,-4205,-3403,1742,16464,-2407,3613,-3865,3f1a1f36,3e0810c2,3cc5ded2,bf49765e,3f1a1f36,3e0810c0,3cc5dee0,bf49765d,1,20464840

8522,-1476,3111,-5608,-4089,1730,16987,-2485,3565,-3950,3f1b90d7,3e067f5d,3ca21774,bf487273,3f1b90d9,3e067f5c,3ca21783,bf487273,1,20473359

8523,-2019,3043,-6445,-4280,2650,17023,-2493,3585,-3944,3f1d2f54,3e05f07a,3c6c5eb0,bf473bcf,3f1d2f55,3e05f079,3c6c5ecc,bf473bce,1,20481377

8524,-2110,2991,-6598,-3259,2576,15818,-2493,3585,-3944,3f1edae8,3e054047,3c0f7b50,bf45f48d,3f1edae8,3e054046,3c0f7b69,bf45f48b,1,20489896

8525,-1442,1947,-5783,-2162,1995,15041,-2465,3577,-3972,3f205458,3e042330,3b980c30,bf44d1b4,3f205459,3e042331,3b980c63,bf44d1b4,1,20498414

8526,-394,325,-5058,-2136,820,14611,-2531,3575,-3926,3f219ff3,3e03cfe6,3b6b739f,bf43c5a2,3f219ff4,3e03cfe6,3b6b7403,bf43c5a1,1,20506933

8527,-226,-560,-5263,-3789,1506,15969,-2531,3575,-3926,3f22f350,3e04ea8c,3b6f16b2,bf429f7d,3f22f351,3e04ea8d,3b6f1717,bf429f7d,1,20515451

8528,-998,-383,-5703,-4180,3422,17340,-2569,3515,-3978,3f2459ba,3e071480,3b0fa4f0,bf415994,3f2459bb,3e071481,3b0fa552,bf415994,1,20523970

8529,-1757,89,-5665,-4577,4968,17858,-2569,3495,-3928,3f25afd5,3e0980f7,ba4149a5,bf40196a,3f25afd6,3e0980f8,ba414822,bf40196a,1,20532488

8530,-2235,767,-5431,-5188,3341,17566,-2569,3495,-3928,3f26ebdf,3e0b832a,bb84fe5a,bf3eef0a,3f26ebdf,3e0b832a,bb84fe29,bf3eef08,1,20541007

8531,-2908,1702,-5185,-6006,4143,17351,-2611,3465,-3973,3f280baf,3e0d4a82,bc11625f,bf3dda20,3f280bb0,3e0d4a83,bc116246,bf3dda1f,1,20549526

8532,-3171,2501,-4873,-6000,4170,16287,-2561,3433,-3989,3f290f7e,3e0e840a,bc6e9e4f,bf3cde46,3f290f7f,3e0e840b,bc6e9e34,bf3cde45,1,20558044

8533,-2137,2737,-4132,-4886,3767,14899,-2561,3433,-3989,3f29ef2b,3e0e98f9,bc9e4f52,bf3c0cef,3f29ef2c,3e0e98fa,bc9e4f44,bf3c0ced,1,20566563

8534,-464,1512,-2773,-3975,2640,14730,-2629,3371,-3988,3f2a9256,3e0e22bf,bcab2766,bf3b7bc5,3f2a9258,3e0e22c1,bcab275a,bf3b7bc5,1,20575081

8535,611,-18,-1719,-3606,2228,15466,-2601,3383,-4021,3f2b04af,3e0de8d1,bca2adb0,bf3b181f,3f2b04b1,3e0de8d3,bca2ada4,bf3b181f,1,20583099

8536,760,-1025,-1520,-3914,2815,16431,-2623,3393,-4082,3f2b6dad,3e0eb362,bc921b1a,bf3ab1b8,3f2b6dae,3e0eb363,bc921b0d,bf3ab1b7,1,20591618

8537,859,-1400,-2064,-4004,3258,16820,-2623,3393,-4082,3f2bf925,3e0fe0c0,bc7f52f3,bf3a262c,3f2bf927,3e0fe0c2,bc7f52da,bf3a262c,1,20600137

8538,1052,-1314,-2743,-3439,4024,16547,-2715,3397,-4052,3f2cb680,3e111031,bc616764,bf396a2e,3f2cb681,3e111032,bc616749,bf396a2e,1,20608655

8539,1395,-1229,-3247,-3162,3010,15525,-2665,3403,-4078,3f2d94ea,3e115b3f,bc3aa3f6,bf38990b,3f2d94eb,3e115b40,bc3aa3db,bf38990b,1,20617174

8540,1789,-1592,-3489,-2192,2294,15554,-2665,3403,-4078,3f2e8924,3e10c1ea,bc0edd4a,bf37bc38,3f2e8924,3e10c1ec,bc0edd30,bf37bc39,1,20625692

8541,1966,-2761,-3293,-2773,2073,16263,-2737,3389,-4032,3f2f70d4,3e1152e4,bb93d464,bf36da68,3f2f70d4,3e1152e6,bb93d430,bf36da69,1,20634211

8542,1766,-3682,-2991,-4504,2615,17136,-2821,3411,-4037,3f303b3e,3e13b03d,3a0ae805,bf35f9d4,3f303b3e,3e13b03f,3a0ae9a5,bf35f9d5,1,20642730

8543,933,-3447,-2705,-4049,3280,16665,-2821,3411,-4037,3f30eb7f,3e16c983,3b92092a,bf3524c1,3f30eb7e,3e16c985,3b92095b,bf3524c1,1,20651248

8544,-502,-2151,-2791,-5471,4852,15318,-2801,3437,-3962,3f318679,3e1a5131,3bb34f34,bf345cac,3f318679,3e1a5134,3bb34f64,bf345cad,1,20659767

8545,-1982,-215,-2504,-4758,6112,14873,-2841,3357,-4019,3f31ff3a,3e1d659e,3b4da633,bf33bbbc,3f31ff39,3e1d65a1,3b4da691,bf33bbbd,1,20668285

8546,-2639,1421,-1813,-4530,5505,13709,-2841,3357,-4019,3f32455f,3e1f919d,ba89e7b1,bf3357df,3f32455e,3e1f91a0,ba89e6f9,bf3357e0,1,20676303

8547,-2796,2419,-1116,-5115,5737,12783,-2791,3339,-3980,3f325ce4,3e20fa60,bbc6007b,bf332aa9,3f325ce2,3e20fa62,bbc6004e,bf332aa9,1,20684822

8548,-2374,3259,-887,-6272,4995,12387,-2817,3277,-4055,3f326889,3e2134be,bc3561cd,bf3317c0,3f326889,3e2134c1,bc3561b9,bf3317c1,1,20693341

8549,-1465,4038,-1267,-6192,4014,12806,-2761,3247,-3964,3f3293c2,3e1fc9ba,bc81f2ec,bf32faf3,3f3293c2,3e1fc9bc,bc81f2e1,bf32faf3,1,20701859

8550,-773,4814,-2185,-5466,4587,13204,-2761,3247,-3964,3f32fc57,3e1d0dbd,bcac45e7,bf32b038,3f32fc57,3e1d0dbf,bcac45dc,bf32b038,1,20710378

8551,-102,5493,-2956,-3888,5494,13709,-2721,3269,-4006,3f3399c9,3e19147e,bcdb4596,bf323c63,3f3399c9,3e191480,bcdb458b,bf323c63,1,20718896

8552,814,5730,-3153,-2226,5002,14439,-2691,3237,-4078,3f3450fd,3e13bbfe,bd04a0b9,bf31bbc8,3f3450fd,3e13bc00,bd04a0b4,bf31bbc8,1,20727415

8553,1447,5245,-2683,-1051,4448,14721,-2691,3237,-4078,3f34fa1e,3e0da24e,bd17f8c3,bf314fb8,3f34fa1f,3e0da250,bd17f8bf,bf314fb9,1,20735934

8554,1919,4075,-1745,290,4092,15557,-2665,3261,-4003,3f35737b,3e07d0b8,bd241170,bf3111b4,3f35737b,3e07d0b9,bd24116b,bf3111b5,1,20744452

8555,1956,2887,-636,951,4025,16385,-2563,3245,-4023,3f35ac78,3e0308a9,bd2aad62,bf310aaa,3f35ac79,3e0308aa,bd2aad5d,bf310aac,1,20752971

8556,1402,1866,443,400,3585,15208,-2563,3245,-4023,3f35a489,3dff7719,bd2e9db4,bf31358d,3f35a488,3dff7719,bd2e9dae,bf31358e,1,20761489

8557,705,1366,1067,-893,3233,14125,-2653,3275,-4061,3f3580b0,3dfb5dff,bd311d96,bf316f35,3f3580af,3dfb5dff,bd311d90,bf316f36,1,20770008

8558,297,1668,1110,-1915,3691,13432,-2583,3271,-4075,3f353e81,3df9ccb1,bd350b61,bf31b7b1,3f353e7f,3df9ccb0,bd350b5b,bf31b7b1,1,20778527

8559,448,2354,1016,-2031,4002,11964,-2583,3271,-4075,3f34fd77,3df6e617,bd3bc6ab,bf320324,3f34fd76,3df6e618,bd3bc6a6,bf320325,1,20786545

8560,1162,2690,1248,766,1620,12068,-2531,3251,-4132,3f34be47,3deee996,bd418f42,bf32689f,3f34be46,3deee997,bd418f3d,bf3268a0,1,20795063

8561,1667,1780,1939,-1679,2729,10713,-2563,3299,-4069,3f3456ca,3deaa45a,bd3f579c,bf32ea3a,3f3456c8,3deaa459,bd3f5796,bf32ea3a,1,20803582

8562,2479,1142,2978,-7094,1755,8337,-2563,3299,-4069,3f33b55f,3de61297,bd36589e,bf33ad5c,3f33b55e,3de61298,bd365899,bf33ad5e,1,20812100

8563,4402,2578,2456,-2935,1177,8982,-2539,3401,-4044,3f3340d7,3ddaca1a,bd2b4309,bf3464af,3f3340d6,3ddaca1c,bd2b4305,bf3464b1,1,20820619

8564,5649,3730,1450,1576,302,13754,-2507,3427,-4034,3f3316a4,3dc88ac8,bd236152,bf34ea8b,3f3316a3,3dc88aca,bd23614e,bf34ea8d,1,20829138

8565,5590,3514,1146,1747,-1778,17994,-2459,3499,-3990,3f32f92d,3db6d318,bd1a212c,bf355ac6,3f32f92c,3db6d31a,bd1a2128,bf355ac8,1,20837656

8566,4447,2462,1017,2300,-2321,20369,-2459,3499,-3990,3f32db64,3da922de,bd1159bf,bf35b473,3f32db62,3da922de,bd1159ba,bf35b473,1,20846175

8567,2840,1000,1255,1367,-995,20944,-2407,3485,-3910,3f32a746,3da127bc,bd0900df,bf360b23,3f32a745,3da127bd,bd0900da,bf360b24,1,20854693

8568,1638,-457,1918,-197,-135,18957,-2339,3525,-3984,3f32457f,3d9e56e6,bcfda870,bf367c1d,3f32457d,3d9e56e7,bcfda865,bf367c1d,1,20863212

8569,1127,-749,2026,-2474,2914,16192,-2339,3525,-3984,3f31d4be,3d9fb12a,bceb9678,bf36eb55,3f31d4bd,3d9fb12b,bceb966e,bf36eb56,1,20871730

8570,1445,612,1657,-1854,1821,13703,-2365,3483,-4005,3f317aa8,3d9d69d7,bcdf5e53,bf374e75,3f317aa7,3d9d69d8,bcdf5e49,bf374e76,1,20880249

8571,1500,2379,807,-828,353,12576,-2369,3481,-3989,3f315305,3d95d881,bcdff57a,bf378df7,3f315304,3d95d882,bcdff570,bf378df8,1,20888768

8572,443,3584,15,-660,2982,12336,-2369,3481,-3989,3f314fd8,3d8ff656,bcfae9bf,bf379b25,3f314fd8,3d8ff658,bcfae9b6,bf379b27,1,20896786

8573,367,4452,-336,1040,3514,12177,-2265,3541,-4047,3f315ce2,3d8781cc,bd0fcecd,bf379ad7,3f315ce1,3d8781cd,bd0fcec9,bf379ad8,1,20905304

8574,370,4502,444,2491,5137,13223,-2265,3495,-4006,3f3138aa,3d7e1739,bd2229f2,bf37c6b1,3f3138aa,3d7e173c,bd2229f0,bf37c6b4,1,20913823

8575,711,3761,1875,3703,4749,15196,-2265,3495,-4006,3f30c1d8,3d6e27ee,bd2ffe60,bf384196,3f30c1d6,3d6e27ef,bd2ffe5d,bf384197,1,20922341

8576,1409,1915,3170,2747,3059,17453,-2187,3529,-4047,3f30067c,3d61d9a6,bd33749d,bf3900b7,3f30067b,3d61d9a9,bd33749b,bf3900b9,1,20930860

8577,1558,-25,3845,1279,3315,18907,-2161,3513,-4040,3f2f290e,3d5d6bc0,bd2f05d4,bf39dbfb,3f2f290c,3d5d6bc2,bd2f05d1,bf39dbfb,1,20939379

8578,1196,-1215,3820,-356,3121,18914,-2147,3559,-4055,3f2e4d52,3d61106c,bd25c209,bf3aae35,3f2e4d51,3d61106f,bd25c207,bf3aae35,1,20947897

8579,725,-1463,3559,-814,3878,18601,-2147,3559,-4055,3f2d7cae,3d685451,bd1de93b,bf3b6e13,3f2d7cad,3d685454,bd1de939,bf3b6e13,1,20956416

8580,605,-1210,3341,318,3713,18326,-2133,3541,-4017,3f2cb8fd,3d6d4df7,bd18e5db,bf3c2068,3f2cb8fb,3d6d4df9,bd18e5d9,bf3c2067,1,20964935

8581,554,-1490,3622,121,3658,17064,-2155,3529,-3979,3f2be40f,3d7409d6,bd12f29a,bf3cdf2e,3f2be40d,3d7409d9,bd12f299,bf3cdf2e,1,20973453

8582,677,-2264,4361,595,3000,14751,-2155,3529,-3979,3f2ae435,3d7c61e1,bd09ef92,bf3dc2a4,3f2ae434,3d7c61e5,bd09ef92,bf3dc2a5,1,20981972

8583,383,-3188,4998,-1755,-813,13134,-2137,3507,-4005,3f29b800,3d845689,bcf139a5,bf3eca68,3f29b7fe,3d84568a,bcf139a4,bf3eca69,1,20990490

8584,-1006,-2713,4104,-4789,-372,12508,-2177,3559,-4002,3f28b5e6,3d8cfc7f,bcddaa56,bf3f9c06,3f28b5e5,3d8cfc81,bcddaa57,bf3f9c09,1,20998508

8585,-1786,-732,2265,-3575,-1061,14397,-2177,3559,-4002,3f281e4e,3d92598b,bcdebe93,bf4010bb,3f281e4c,3d92598c,bcdebe92,bf4010bd,1,21007027

8586,-2113,-253,983,-2128,-852,17120,-2141,3485,-3985,3f27d55a,3d968777,bce73871,bf404116,3f27d557,3d968778,bce7386f,bf404117,1,21015546

8587,-2397,-1382,459,-3620,1845,18845,-2183,3477,-3980,3f27ac68,3d9ed188,bceb5a3c,bf4048e0,3f27ac66,3d9ed18b,bceb5a3c,bf4048e3,1,21024064

8588,-1406,-1914,-8,-4641,2828,24623,-2183,3477,-3980,3f27a7b9,3da67675,bce4aee6,bf40351d,3f27a7b6,3da67677,bce4aee4,bf40351f,1,21032583

8589,-252,-1664,129,-4059,3695,23980,-2189,3511,-3992,3f27a176,3dabd772,bcd80757,bf402b4c,3f27a174,3dabd775,bcd80756,bf402b4f,1,21041101

8590,228,-844,135,-1840,1043,18079,-2205,3501,-3985,3f279fe7,3dad0787,bccb53aa,bf402bda,3f279fe5,3dad078a,bccb53a9,bf402bdd,1,21049620

8591,139,-369,-201,-2695,-1,15190,-2219,3503,-4083,3f27ae8e,3daddbfd,bcc1ca1a,bf401e8a,3f27ae8c,3daddc00,bcc1ca19,bf401e8d,1,21058139

8592,-246,-195,-381,-1478,2611,13623,-2219,3503,-4083,3f27c80e,3db02d2b,bcc47cfe,bf3fff24,3f27c80b,3db02d2c,bcc47cfc,bf3fff26,1,21066657

8593,-62,-118,-287,566,4329,14399,-2263,3491,-4009,3f27df1e,3db128b7,bccb5d82,bf3fe590,3f27df1c,3db128b8,bccb5d81,bf3fe594,1,21075176

8594,317,-490,-22,-1145,2649,14997,-2225,3459,-3982,3f27ea5c,3db263db,bcc8496e,bf3fd7f9,3f27ea59,3db263db,bcc8496b,bf3fd7fc,1,21083694

8595,605,-720,127,-2218,2175,15803,-2225,3459,-3982,3f27e9c3,3db3f87a,bcbaed65,bf3fd5f6,3f27e9c0,3db3f87a,bcbaed62,bf3fd5f9,1,21091712

8596,706,-665,178,-1796,1281,16306,-2225,3455,-3950,3f27e83d,3db40972,bcabf319,bf3fda8c,3f27e83a,3db40972,bcabf316,bf3fda8f,1,21100231

8597,623,-543,137,-2403,2753,16013,-2269,3535,-4039,3f27e733,3db5bcb7,bca1cb49,bf3fd742,3f27e72f,3db5bcb5,bca1cb45,bf3fd743,1,21108749

8598,712,-296,354,-133,1693,15933,-2269,3535,-4039,3f27df5c,3db433d0,bc9bcf6b,bf3fe525,3f27df5a,3db433d0,bc9bcf68,bf3fe529,1,21117268

8599,749,-445,750,-74,2409,15759,-2221,3497,-3981,3f27bd35,3db35e4c,bc96dee7,bf40071b,3f27bd32,3db35e4b,bc96dee3,bf40071e,1,21125786

8600,828,-797,1538,-1826,1691,15885,-2237,3455,-3969,3f276725,3db3e2fe,bc85c666,bf405362,3f276721,3db3e2fc,bc85c661,bf405364,1,21134305

8601,716,-1049,1614,-5351,-1097,14500,-2237,3455,-3969,3f2704da,3db5af7e,bc628ce0,bf40a54d,3f2704d7,3db5af7d,bc628cd8,bf40a54f,1,21142824

8602,208,-176,190,-3333,811,15536,-2203,3513,-4010,3f26f82c,3db68634,bc5142ae,bf40ae56,3f26f82b,3db68635,bc5142a8,bf40ae5a,1,21151342

8603,-148,599,35,-304,2889,15689,-2265,3501,-4023,3f26fb53,3db5a522,bc67f767,bf40ad4f,3f26fb50,3db5a522,bc67f75e,bf40ad51,1,21159861

8604,98,283,409,-693,2765,15642,-2207,3517,-3950,3f26e756,3db518a1,bc747501,bf40bfb8,3f26e754,3db518a1,bc7474f8,bf40bfba,1,21168379

8605,315,-217,873,-1007,2275,15584,-2207,3517,-3950,3f26b8d6,3db4f588,bc71bbcd,bf40e8ae,3f26b8d4,3db4f588,bc71bbc4,bf40e8b0,1,21176898

8606,322,-533,1321,-1806,1894,15394,-2197,3469,-3983,3f266a3d,3db5f852,bc5febf5,bf412a0a,3f266a3a,3db5f851,bc5febed,bf412a0c,1,21185416

8607,280,-688,1652,-1941,1470,15572,-2185,3465,-3968,3f26050b,3db70a7f,bc486de7,bf417e9d,3f260508,3db70a7e,bc486ddf,bf417e9f,1,21193935

8608,182,-782,1619,-2257,893,15503,-2185,3465,-3968,3f259fb3,3db86f87,bc2e25d7,bf41d1af,3f259fb1,3db86f87,bc2e25d0,bf41d1b2,1,21201953

8609,40,-692,1033,-2383,527,15539,-2161,3423,-4013,3f255ce7,3db9bb36,bc1818ab,bf4206e7,3f255ce5,3db9bb36,bc1818a4,bf4206ea,1,21210472

8610,-171,-465,409,-1619,2576,15585,-2181,3481,-3964,3f25445e,3dbba9d2,bc1b811e,bf421432,3f25445c,3dbba9d2,bc1b8118,bf421434,1,21218990

8611,-110,-535,185,-1782,3231,15654,-2181,3481,-3964,3f253992,3dbe20f6,bc1efdbf,bf42139e,3f25398f,3dbe20f6,bc1efdba,bf42139f,1,21227509

8612,243,-660,302,-2182,1615,15735,-2201,3455,-3944,3f252980,3dbf56f5,bc0ba5fd,bf421d78,3f25297d,3dbf56f6,bc0ba5f7,bf421d7a,1,21236027

8613,256,-635,174,-2712,1248,15475,-2199,3507,-4022,3f251f0c,3dc0c2f1,bbea85ed,bf4221a9,3f251f09,3dc0c2f3,bbea85e2,bf4221ac,1,21244546

8614,61,-331,-190,-3164,1578,15376,-2199,3507,-4022,3f2528a1,3dc2771f,bbcfd361,bf42132f,3f25289d,3dc27720,bbcfd356,bf421331,1,21253065

8615,2,178,-262,-2754,1125,15545,-2201,3499,-4032,3f2536f2,3dc28aca,bbc2a613,bf4206e7,3f2536ef,3dc28acc,bbc2a608,bf4206ea,1,21261583

8616,-101,165,119,-2170,2140,15608,-2199,3479,-3970,3f252ede,3dc31416,bbcc4850,bf420b78,3f252eda,3dc31416,bbcc4842,bf420b7a,1,21270102

8617,-54,257,171,-2358,2328,15564,-2251,3487,-3970,3f252585,3dc3e3cf,bbd49827,bf421005,3f252582,3dc3e3d0,bbd4981b,bf421008,1,21278620

8618,91,457,127,-1498,1589,15653,-2251,3487,-3970,3f2523d3,3dc23c2a,bbdd97bc,bf4217f5,3f2523d0,3dc23c2a,bbdd97ae,bf4217f7,1,21287139

8619,-4,182,260,-1065,2922,15480,-2199,3511,-3952,3f25173b,3dc23e03,bbf9349d,bf42221d,3f251739,3dc23e04,bbf93491,bf422221,1,21295658

8620,74,-26,332,-1940,2381,15336,-2161,3489,-3939,3f2502bd,3dc2dcca,bbff2ca4,bf4230ef,3f2502b8,3dc2dcc8,bbff2c94,bf4230f0,1,21304176

8621,154,-167,876,-3928,-389,15284,-2161,3489,-3939,3f24c853,3dc370b9,bbda6d11,bf4260e3,3f24c84f,3dc370b8,bbda6d02,bf4260e5,1,21312194

8622,-272,-203,1550,-3817,-672,14879,-2197,3431,-4008,3f245fb7,3dc4bc37,bbbf32fa,bf42b49c,3f245fb4,3dc4bc37,bbbf32ec,bf42b49e,1,21320713

8623,-886,259,1247,-2698,-179,15285,-2181,3479,-4018,3f24067a,3dc59d2b,bbc863e0,bf42fc1d,3f240677,3dc59d2b,bbc863d2,bf42fc1f,1,21329231

8624,-1250,449,917,-4788,6128,15946,-2181,3479,-4018,3f23beb8,3dc8ef57,bc015460,bf4329c1,3f23beb7,3dc8ef59,bc01545b,bf4329c4,1,21337750

8625,-737,993,-359,-3219,1373,15631,-2171,3435,-3966,3f23cb0a,3dc90457,bc11dd60,bf431e58,3f23cb09,3dc90458,bc11dd5b,bf431e5a,1,21346269

8626,-117,1763,-804,-1625,-592,15765,-2211,3479,-3943,3f23fd58,3dc4fd24,bc2565b1,bf43038c,3f23fd56,3dc4fd25,bc2565ab,bf43038d,1,21354787

8627,169,1739,-338,-966,798,16201,-2211,3479,-3943,3f241728,3dc03ea3,bc38c001,bf42ffb0,3f241727,3dc03ea5,bc38bffb,bf42ffb1,1,21363306

8628,562,1538,263,-1453,2868,15905,-2167,3487,-3942,3f240ca6,3dbccc06,bc4d7dfa,bf4314b3,3f240ca5,3dbccc08,bc4d7df4,bf4314b4,1,21371824

8629,1111,1497,639,-1780,1537,15509,-2171,3455,-3971,3f23ece0,3db7c945,bc4a5557,bf4342bd,3f23ecde,3db7c946,bc4a554f,bf4342be,1,21380343

8630,1148,1647,793,-2267,1093,15496,-2205,3511,-3971,3f23c282,3db2e646,bc42e2b1,bf4378e1,3f23c281,3db2e648,bc42e2aa,bf4378e3,1,21388862

8631,603,1833,930,-2131,1876,15487,-2205,3511,-3971,3f238cb7,3daf371a,bc4b5e35,bf43b2b2,3f238cb4,3daf371b,bc4b5e2c,bf43b2b3,1,21397380

8632,91,2052,1196,-1545,2085,15394,-2107,3469,-4049,3f233f30,3dab5814,bc6772f6,bf43ff22,3f233f2e,3dab5815,bc6772ed,bf43ff23,1,21405899

8633,-117,2023,1746,-1208,2584,15462,-2161,3501,-4001,3f22d0f7,3da8404f,bc84eaf9,bf4462b4,3f22d0f6,3da84051,bc84eaf5,bf4462b6,1,21413917

8634,-175,1684,2137,-423,3230,15311,-2161,3501,-4001,3f22493e,3da5d362,bc960fc9,bf44d812,3f22493d,3da5d363,bc960fc5,bf44d814,1,21422435

8635,-101,1177,2306,116,3758,15444,-2073,3451,-4084,3f21b4ae,3da43095,bca396fb,bf4554f8,3f21b4ae,3da43097,bca396f8,bf4554fa,1,21430954

8636,73,533,2548,1213,4458,16537,-2107,3475,-3984,3f2113b8,3da3681d,bcab61ba,bf45d963,3f2113b7,3da3681f,bcab61b6,bf45d964,1,21439472

8637,-299,395,2108,1174,7115,15235,-2107,3475,-3984,3f208ac9,3da42e41,bcb5b75d,bf4643b5,3f208ac8,3da42e43,bcb5b759,bf4643b6,1,21447991

8638,-189,1382,891,1177,3186,14288,-2077,3463,-4022,3f205229,3da1a6cc,bcc62861,bf4675e0,3f205228,3da1a6ce,bcc6285c,bf4675e0,1,21456510

8639,-540,1844,1305,-1668,3125,14979,-2055,3513,-4040,3f1ff754,3da07a6c,bcd86014,bf46be2c,3f1ff753,3da07a6e,bcd8600f,bf46be2c,1,21465028

8640,-657,2153,1446,-1860,1876,15530,-2055,3513,-4040,3f1f9261,3d9e421a,bce79bb5,bf471215,3f1f9260,3d9e421c,bce79bb0,bf471215,1,21473547

8641,-635,2406,1097,-2551,2212,15828,-2023,3437,-4045,3f1f3fdc,3d9c063e,bcf8cc5f,bf4755fd,3f1f3fdd,3d9c0641,bcf8cc5c,bf4755fe,1,21482065

8642,-471,2841,475,-2878,1624,15457,-1973,3443,-4005,3f1f1454,3d985bd4,bd0544d5,bf477e56,3f1f1454,3d985bd7,bd0544d3,bf477e56,1,21490584

8643,-604,3891,532,-3221,2230,15031,-1965,3445,-4006,3f1ee056,3d932e90,bd12b851,bf47addb,3f1ee056,3d932e94,bd12b850,bf47addc,1,21499103

8644,164,3895,1612,278,1015,16215,-1965,3445,-4006,3f1e7132,3d8a25ac,bd1de865,bf481757,3f1e7132,3d8a25b0,bd1de864,bf481757,1,21507121

8645,701,1928,3082,1328,4433,14656,-1937,3437,-4002,3f1da782,3d85d9ec,bd23aaae,bf48bd6f,3f1da782,3d85d9f0,bd23aaad,bf48bd6f,1,21515639

8646,1200,672,3344,-1628,2839,15579,-1869,3487,-3986,3f1ccedb,3d847c5e,bd1fd985,bf496d86,3f1cceda,3d847c61,bd1fd984,bf496d85,1,21524158

8647,1436,368,2406,-3013,3777,15573,-1869,3487,-3986,3f1c3463,3d83b963,bd1a60e7,bf49eba8,3f1c3464,3d83b968,bd1a60e8,bf49eba9,1,21532676

8648,1792,329,659,389,-594,15688,-1865,3491,-3957,3f1c155e,3d7eca5e,bd127283,bf4a14a5,3f1c155f,3d7eca67,bd127284,bf4a14a5,1,21541195

8649,1249,164,824,399,936,15901,-1885,3521,-3947,3f1beb08,3d789e1d,bd0d4f83,bf4a40a8,3f1beb08,3d789e25,bd0d4f82,bf4a40a7,1,21549714

8650,641,-57,1742,-1310,1270,15805,-1885,3521,-3947,3f1b7e16,3d785422,bd07f661,bf4a9879,3f1b7e17,3d78542b,bd07f661,bf4a9879,1,21558232

8651,461,-22,1763,-2490,1028,15682,-1885,3477,-4073,3f1b0b42,3d799dd1,bd02f652,bf4af21b,3f1b0b44,3d799ddb,bd02f653,bf4af21c,1,21566751

8652,321,350,880,-1538,1809,15460,-1885,3545,-3939,3f1ad443,3d79b6d8,bd014fdf,bf4b1d05,3f1ad443,3d79b6df,bd014fdf,bf4b1d04,1,21575269

8653,318,920,344,-881,1015,15838,-1885,3545,-3939,3f1ac19f,3d750a3b,bd011db9,bf4b310b,3f1ac19f,3d750a42,bd011db9,bf4b310a,1,21583788

8654,149,810,235,-766,1666,15639,-1909,3535,-3958,3f1ab7d6,3d722a75,bd0257fc,bf4b3b26,3f1ab7d8,3d722a7d,bd0257fd,bf4b3b26,1,21592307

8655,-131,365,-99,-1361,804,15482,-1861,3499,-3960,3f1abf56,3d71e509,bd01d1c5,bf4b3619,3f1abf57,3d71e50f,bd01d1c5,bf4b3618,1,21600825

8656,-367,591,-461,-1871,1919,15292,-1837,3491,-3969,3f1adaaa,3d737d58,bd045f76,bf4b1db8,3f1adaab,3d737d5e,bd045f76,bf4b1db7,1,21609344

8657,-320,1037,-404,174,4210,15259,-1837,3491,-3969,3f1af33a,3d720f3c,bd0c4b94,bf4b0761,3f1af33b,3d720f42,bd0c4b95,bf4b0761,1,21617361

8658,95,809,-200,-655,3777,15454,-1805,3513,-3958,3f1aff80,3d70f933,bd1100af,bf4afbfe,3f1aff81,3d70f938,bd1100af,bf4afbfd,1,21625880

8659,595,559,78,-734,2978,15640,-1891,3525,-3951,3f1b0035,3d6f6ca2,bd11dab2,bf4afcad,3f1b0036,3d6f6ca7,bd11dab2,bf4afcac,1,21634399

8660,965,606,-107,-526,1486,15692,-1891,3525,-3951,3f1b11bf,3d6a0ec0,bd0edd0d,bf4af7aa,3f1b11c0,3d6a0ec4,bd0edd0d,bf4af7a9,1,21642917

8661,944,559,-207,-632,1914,15816,-1855,3551,-4008,3f1b27e8,3d65ce02,bd0cbd99,bf4aed12,3f1b27e9,3d65ce06,bd0cbd99,bf4aed11,1,21651436

8662,898,628,-719,-32,1868,15785,-1883,3553,-3941,3f1b6283,3d6036d1,bd0bf860,bf4ac701,3f1b6284,3d6036d4,bd0bf85f,bf4ac6ff,1,21659955

8663,915,634,-1221,96,2232,15686,-1883,3553,-3941,3f1bbdd4,3d5af377,bd0c31a2,bf4a8680,3f1bbdd6,3d5af37c,bd0c31a2,bf4a8680,1,21668473

8664,918,485,-1101,-1355,998,15711,-1879,3557,-3943,3f1c0db0,3d574e13,bd0802df,bf4a4fc4,3f1c0db1,3d574e16,bd0802de,bf4a4fc2,1,21676992

8665,868,728,-1251,-6642,6905,14263,-1867,3553,-4029,3f1c60f4,3d55c910,bd0784b3,bf4a1160,3f1c60f6,3d55c914,bd0784b2,bf4a115f,1,21685510

8666,1621,2455,-3470,718,-1841,16027,-1867,3553,-4029,3f1d4aee,3d443435,bd0808d7,bf496d01,3f1d4aef,3d443438,bd0808d7,bf496cff,1,21694029

8667,1195,2619,-2972,-1962,1314,15843,-1821,3551,-3981,3f1e0ce2,3d37aea6,bd0a6e64,bf48df2a,3f1e0ce2,3d37aea9,bd0a6e63,bf48df28,1,21702547

8668,802,2749,-3297,-682,43,15577,-1785,3563,-3954,3f1ee2de,3d28ff5a,bd0eaef7,bf484003,3f1ee2df,3d28ff5e,bd0eaef7,bf484003,1,21711066

8669,616,3190,-3705,2965,598,15742,-1795,3523,-3932,3f1fd261,3d175490,bd18ca63,bf4787c3,3f1fd262,3d175494,bd18ca63,bf4787c3,1,21719084

8670,360,2451,-3064,1912,1162,15644,-1795,3523,-3932,3f209802,3d0a0883,bd21821b,bf46eb9e,3f209802,3d0a0885,bd21821a,bf46eb9d,1,21727602

8671,384,1633,-2473,680,2143,15763,-1781,3537,-3951,3f21374b,3d0253cc,bd27c2a6,bf466aa1,3f21374c,3d0253cf,bd27c2a7,bf466aa2,1,21736121

8672,485,1354,-2349,1906,1481,15631,-1781,3535,-3952,3f21d060,3cf32f2b,bd2c84ad,bf45ef57,3f21d060,3cf32f30,bd2c84ae,bf45ef57,1,21744640

8673,510,851,-2057,1192,527,15604,-1781,3535,-3952,3f22585f,3ce511da,bd2d8660,bf458331,3f22585f,3ce511df,bd2d8661,bf458331,1,21753158

8674,245,377,-1506,482,784,15390,-1777,3567,-3990,3f22bcf9,3cdedca4,bd2d42cc,bf453258,3f22bcf9,3cdedca9,bd2d42cd,bf453258,1,21761677

8675,-79,227,-1057,2140,565,15700,-1813,3571,-4018,3f230573,3cd9962c,bd2f4c8c,bf44f61d,3f230573,3cd99631,bd2f4c8d,bf44f61d,1,21770195

8676,-379,-313,-264,1054,1341,15643,-1813,3571,-4018,3f231be4,3cdd98c4,bd30b874,bf44e125,3f231be3,3cdd98c8,bd30b874,bf44e124,1,21778714

8677,-520,-726,364,549,1725,15597,-1835,3585,-4012,3f230b24,3ce940d4,bd3122a2,bf44eb47,3f230b24,3ce940d9,bd3122a3,bf44eb47,1,21787233

8678,-486,-904,708,110,1612,15777,-1843,3575,-3937,3f22e481,3cf76bd1,bd2fb880,bf450830,3f22e480,3cf76bd5,bd2fb880,bf45082f,1,21795751

8679,-393,-983,967,-867,1727,15547,-1843,3575,-3937,3f22aafe,3d044b57,bd2cc5ef,bf4534b7,3f22aafd,3d044b58,bd2cc5ef,bf4534b6,1,21804270

8680,-317,-708,784,108,1982,15692,-1849,3603,-3991,3f227e6b,3d0a523c,bd2c2a01,bf4555d9,3f227e6b,3d0a523d,bd2c2a01,bf4555d9,1,21812788

8681,-158,-580,681,-160,1281,15588,-1851,3615,-4004,3f225913,3d0e910b,bd299400,bf4573ca,3f225914,3d0e910c,bd299401,bf4573cb,1,21821307

8682,-95,-676,815,-548,1673,15574,-1833,3601,-3893,3f222916,3d141ad9,bd26d0ec,bf45997e,3f222915,3d141ad8,bd26d0ea,bf45997c,1,21829325

8683,-38,-617,802,-213,2430,15532,-1833,3601,-3893,3f21f93c,3d197d65,bd25d595,bf45bd70,3f21f93c,3d197d65,bd25d593,bf45bd6f,1,21837843

8684,94,-662,648,109,2579,15638,-1899,3593,-4034,3f21d6ba,3d1e728d,bd24c2bf,bf45d6ac,3f21d6bc,3d1e728e,bd24c2be,bf45d6ad,1,21846362

8685,293,-844,567,-255,1853,15602,-1823,3551,-3929,3f21b7d6,3d22bea1,bd20d2b1,bf45efae,3f21b7d6,3d22bea0,bd20d2ae,bf45efad,1,21854881

8686,376,-901,379,-612,2132,15479,-1823,3551,-3929,3f21a453,3d27dc22,bd1c7f6c,bf45fed0,3f21a453,3d27dc22,bd1c7f69,bf45fed0,1,21863399

8687,388,-662,-70,44,2187,15554,-1879,3527,-3998,3f21b07c,3d2ae73a,bd1a188e,bf45f42a,3f21b07c,3d2ae73a,bd1a188b,bf45f42a,1,21871918

8688,419,-447,-554,259,666,15569,-1881,3549,-3958,3f21dce4,3d2a4f06,bd15fd27,bf45d386,3f21dce4,3d2a4f06,bd15fd24,bf45d386,1,21880436

8689,296,-407,-746,-301,1670,15665,-1881,3549,-3958,3f2213bd,3d2c41d2,bd136ddf,bf45a6d7,3f2213bd,3d2c41d2,bd136ddc,bf45a6d6,1,21888955

8690,248,-355,-835,617,1894,15654,-1903,3599,-4014,3f2251fd,3d2cc8d8,bd13192d,bf457384,3f2251fd,3d2cc8d8,bd13192a,bf457383,1,21897474

8691,296,-516,-1002,194,1000,15723,-1889,3531,-3951,3f229a9c,3d2d0a90,bd0fdba5,bf4539e5,3f229a9d,3d2d0a90,bd0fdba2,bf4539e4,1,21905992

8692,200,-648,-1040,-45,1397,15665,-1889,3531,-3951,3f22e4d0,3d2f167f,bd0cffe8,bf44fce2,3f22e4d0,3d2f167e,bd0cffe5,bf44fce0,1,21914511

8693,74,-695,-951,11,1808,15742,-1899,3549,-3998,3f2328ae,3d325382,bd0b7a34,bf44c2dd,3f2328af,3d325382,bd0b7a32,bf44c2dc,1,21923029

8694,75,-767,-663,-557,1380,15471,-1879,3521,-3908,3f2357bf,3d363b73,bd07fdcf,bf449aa7,3f2357c0,3d363b73,bd07fdcd,bf449aa6,1,21931047

8695,42,-716,-353,-374,1777,15489,-1935,3545,-3959,3f237500,3d3a8b35,bd05b346,bf447fdd,3f237501,3d3a8b35,bd05b344,bf447fdc,1,21939566

8696,20,-684,-411,-604,2113,15756,-1935,3545,-3959,3f239465,3d3f9504,bd03f00d,bf446213,3f239466,3d3f9504,bd03f00b,bf446212,1,21948084

8697,108,-710,-677,-829,1354,15796,-1907,3527,-3913,3f23c3f4,3d435335,bd00228a,bf443941,3f23c3f5,3d435334,bd002287,bf44393f,1,21956603

8698,51,-665,-622,-881,1103,15702,-1969,3515,-4006,3f23f1a1,3d46e9fc,bcf7f17c,bf44122b,3f23f1a1,3d46e9fa,bcf7f175,bf441229,1,21965122

8699,-109,-638,-346,42,2790,15917,-1969,3515,-4006,3f240c5c,3d4b9df4,bcf9c15f,bf43f666,3f240c5d,3d4b9df2,bcf9c159,bf43f665,1,21973640

8700,40,-777,-225,-1743,989,15870,-1977,3503,-4043,3f241e32,3d50ae6b,bcef7a79,bf43e557,3f241e33,3d50ae69,bcef7a73,bf43e556,1,21982159

8701,-64,-593,-225,-2274,787,15587,-1983,3525,-4032,3f242e44,3d55941c,bce7007d,bf43d523,3f242e45,3d55941a,bce70076,bf43d521,1,21990678

8702,-370,-243,-604,-529,1335,15733,-1983,3525,-4032,3f24583e,3d57ff7c,bce75c48,bf43af27,3f245840,3d57ff7a,bce75c42,bf43af26,1,21999196

8703,-482,-265,-740,-472,2183,15671,-1999,3521,-4011,3f248a36,3d5c5cce,bcec7a27,bf437ebe,3f248a38,3d5c5ccc,bcec7a21,bf437ebd,1,22007715

8704,-432,-390,-863,-1124,1976,15750,-2005,3491,-4000,3f24c2cf,3d61e727,bced04de,bf43488e,3f24c2d1,3d61e725,bced04d9,bf43488d,1,22016233

8705,-354,-298,-978,-1250,1921,15652,-2005,3491,-4000,3f25022d,3d66cd65,bced1447,bf430d46,3f25022e,3d66cd62,bced1442,bf430d44,1,22024251

8706,-307,-171,-920,-1011,2629,15575,-1925,3483,-4039,3f253a4b,3d6b1060,bcf1bb6a,bf42d738,3f253a4c,3d6b105e,bcf1bb66,bf42d737,1,22032770

8707,-131,-149,-727,-967,2055,15697,-1959,3481,-3992,3f256842,3d6de69e,bcf2d24f,bf42ac6b,3f256844,3d6de69d,bcf2d24d,bf42ac6b,1,22041288

8708,-57,-260,-641,-1199,1590,15612,-1989,3487,-3987,3f259247,3d70aaac,bcef72f3,bf428654,3f259249,3d70aaab,bcef72f1,bf428654,1,22049807

8709,-97,-242,-408,-1309,3771,15278,-1989,3487,-3987,3f25abb6,3d757345,bcf27aae,bf4269c0,3f25abb7,3d757343,bcf27aab,bf4269bf,1,22058325

8710,339,3,-265,-298,1680,15744,-1997,3501,-3999,3f25c1ae,3d73e42a,bcf11f2e,bf425969,3f25c1ae,3d73e427,bcf11f2a,bf425967,1,22066844

8711,320,-101,-175,-876,2373,15614,-2009,3533,-3973,3f25d06d,3d756b59,bcefcfc3,bf424b50,3f25d06e,3d756b58,bcefcfc2,bf424b4f,1,22075363

8712,329,-182,-30,-723,1746,15787,-2009,3533,-3973,3f25d754,3d75bc0d,bcebb204,bf424647,3f25d754,3d75bc0b,bcebb202,bf424645,1,22083881

8713,339,-175,60,-741,1784,15623,-1993,3533,-3962,3f25d77b,3d7617c6,bce7efa1,bf4246d2,3f25d77c,3d7617c6,bce7efa0,bf4246d2,1,22092400

8714,296,-173,-118,-541,1643,15607,-2059,3477,-4034,3f25e68b,3d75ec47,bce43e16,bf423b46,3f25e68a,3d75ec44,bce43e13,bf423b44,1,22100919

8715,241,-183,-226,-458,1205,15642,-2059,3477,-4034,3f25fbfc,3d7512f0,bcdf8cc6,bf422b63,3f25fbfc,3d7512ee,bcdf8cc4,bf422b62,1,22109437

8716,110,-357,30,-729,1650,15661,-2037,3479,-4056,3f25fee1,3d76ac20,bcdbb6ff,bf4227fd,3f25fee0,3d76ac1d,bcdbb6fc,bf4227fc,1,22117956

8717,64,-348,129,-177,2114,15586,-1991,3459,-4043,3f25f99b,3d780905,bcdcc5d2,bf422a76,3f25f99a,3d780902,bcdcc5cf,bf422a75,1,22126474

8718,140,-418,40,-74,1841,15635,-1991,3459,-4043,3f25fb09,3d78b6a9,bcdc040b,bf422895,3f25fb09,3d78b6a7,bcdc0409,bf422895,1,22134492

8719,119,-610,88,273,1812,15509,-1965,3433,-4024,3f25f92b,3d79df97,bcdabe27,bf42290d,3f25f92a,3d79df94,bcdabe26,bf42290c,1,22143011

8720,73,-819,121,77,1434,15633,-2005,3419,-3981,3f25f6c6,3d7b9c6c,bcd68054,bf422a08,3f25f6c6,3d7b9c6a,bcd68054,bf422a08,1,22151529

8721,2,-927,219,-1069,1370,15628,-1995,3417,-3974,3f25ea8c,3d7fc8ee,bccdd9c8,bf423160,3f25ea8c,3d7fc8ec,bccdd9c7,bf423160,1,22160048

8722,-25,-568,216,-927,1454,15737,-1995,3417,-3974,3f25ddb6,3d812215,bcc903e1,bf423a50,3f25ddb6,3d812214,bcc903e1,bf423a50,1,22168566

8723,-70,-261,263,-1086,1780,15576,-2051,3397,-4048,3f25ce87,3d827710,bcc6f7fe,bf42443f,3f25ce87,3d82770f,bcc6f7ff,bf42443f,1,22177085

8724,-100,-162,315,-898,2522,15529,-1981,3431,-4002,3f25b8fc,3d83ea45,bcca3f47,bf4251dc,3f25b8fb,3d83ea43,bcca3f48,bf4251db,1,22185604

8725,28,-135,340,-791,2672,15496,-1981,3431,-4002,3f25a2d1,3d8511de,bccd4407,bf4260d3,3f25a2d1,3d8511dc,bccd4408,bf4260d3,1,22194122

8726,221,-203,235,-1150,2014,15575,-1989,3431,-4003,3f2593e8,3d85dd8c,bccad781,bf426bfa,3f2593e8,3d85dd89,bccad782,bf426bf9,1,22202641

8727,287,-189,117,-575,1372,15678,-2053,3493,-4014,3f259281,3d856221,bcc6b125,bf426f90,3f259281,3d85621e,bcc6b126,bf426f8f,1,22211159

8728,189,-283,125,-1258,1754,15758,-2053,3493,-4014,3f258de3,3d865ee1,bcc1ba7d,bf427208,3f258de4,3d865edf,bcc1ba7f,bf427207,1,22219678

8729,99,-227,157,-765,1829,15529,-2041,3435,-4067,3f258703,3d86cf94,bcc0c574,bf4276e6,3f258704,3d86cf92,bcc0c576,bf4276e5,1,22228196

8730,104,-298,173,-521,2115,15545,-1989,3475,-4000,3f257db5,3d87664e,bcc16f3f,bf427d04,3f257db6,3d87664c,bcc16f42,bf427d03,1,22236214

8731,118,-372,155,-1203,1964,15797,-1989,3475,-4000,3f2573c4,3d889c60,bcbe8410,bf4282d0,3f2573c4,3d889c5d,bcbe8412,bf4282cf,1,22244733

8732,138,-364,226,-696,1830,15654,-2067,3411,-4023,3f256a80,3d8921a3,bcbc6586,bf4289bd,3f256a81,3d8921a0,bcbc6588,bf4289bd,1,22253251

8733,125,-490,303,-792,1897,15895,-2069,3461,-4010,3f255ca2,3d8a1a45,bcb93919,bf42938a,3f255ca2,3d8a1a41,bcb9391a,bf429389,1,22261770

8734,99,-618,399,-1554,1671,15565,-2053,3413,-3998,3f254499,3d8c1028,bcb197b8,bf42a422,3f254498,3d8c1024,bcb197b8,bf42a420,1,22270289

8735,56,-633,261,-1244,1887,15610,-2053,3413,-3998,3f253600,3d8de7c8,bcacbf73,bf42ac48,3f2535ff,3d8de7c5,bcacbf74,bf42ac47,1,22278807

8736,8,-601,113,-1455,2363,15560,-2097,3513,-3941,3f253240,3d907648,bca97e13,bf42a8a8,3f253240,3d907646,bca97e15,bf42a8a8,1,22287326

8737,90,-648,27,-1585,2119,15540,-2049,3437,-3945,3f253155,3d92bf94,bca486de,bf42a3a8,3f253154,3d92bf92,bca486e0,bf42a3a7,1,22295844

8738,207,-606,-53,-2123,2857,15431,-2049,3437,-3945,3f2534e2,3d956524,bca00f83,bf429984,3f2534e2,3d956522,bca00f86,bf429984,1,22304363

8739,365,-439,-29,-2203,2431,15422,-2119,3431,-3998,3f253938,3d976f53,bc997bc0,bf4290dc,3f253937,3d976f50,bc997bc2,bf4290db,1,22312882

8740,519,-151,-69,-2055,1543,15584,-2133,3419,-4004,3f254186,3d97e411,bc9068c2,bf428a1e,3f254186,3d97e40f,bc9068c4,bf428a1e,1,22321400

8741,426,103,-244,-1367,1527,15640,-2133,3419,-4004,3f2556f4,3d9726fa,bc8bc8f3,bf427b0d,3f2556f5,3d9726fa,bc8bc8f5,bf427b0e,1,22329919

8742,296,180,-210,-1002,1736,15671,-2089,3449,-4024,3f256864,3d962df2,bc8c1c00,bf426f2e,3f256865,3d962df1,bc8c1c02,bf426f2e,1,22337937

8743,238,75,-90,-1448,1803,15591,-2089,3451,-4080,3f256ff0,3d962fae,bc8a7d5a,bf426906,3f256ff1,3d962fad,bc8a7d5d,bf426906,1,22346455

8744,190,72,-215,-1546,1978,15585,-2089,3451,-4080,3f257ea8,3d969775,bc89e3f3,bf425b58,3f257ea8,3d969773,bc89e3f6,bf425b58,1,22354974

8745,168,172,-305,-1298,1991,15622,-2131,3451,-4069,3f25962c,3d969cbf,bc8af16b,bf424711,3f25962b,3d969cbc,bc8af16d,bf424710,1,22363493

8746,207,142,-198,-1537,2317,15559,-2055,3443,-3952,3f25a28a,3d970926,bc8c7b9f,bf423aef,3f25a289,3d970923,bc8c7ba0,bf423aee,1,22372011

8747,300,137,-107,-1812,2073,15518,-2093,3441,-4045,3f25aa03,3d977f5b,bc8ab7a1,bf423370,3f25aa03,3d977f59,bc8ab7a3,bf423370,1,22380530

8748,384,227,-66,-1782,2128,15517,-2093,3441,-4045,3f25af4c,3d97a4e3,bc894c13,bf422eb8,3f25af4b,3d97a4e0,bc894c14,bf422eb7,1,22389048

8749,444,312,-119,-1705,1857,15554,-2101,3451,-3977,3f25b939,3d9731fd,bc86e0b1,bf422813,3f25b938,3d9731fa,bc86e0b2,bf422812,1,22397567

8750,422,411,-232,-1609,1782,15578,-2117,3471,-3928,3f25cb9b,3d9672a4,bc8539ce,bf421afb,3f25cb9b,3d9672a2,bc8539d0,bf421afc,1,22406086

8751,372,515,-259,-1305,1721,15623,-2117,3471,-3928,3f25e08f,3d9523a6,bc85a909,bf420d0b,3f25e08f,3d9523a4,bc85a90b,bf420d0c,1,22414604

8752,354,492,-134,-1203,1974,15605,-2099,3479,-3925,3f25eccc,3d94101f,bc87dcc6,bf42057f,3f25eccc,3d94101c,bc87dcc6,bf42057f,1,22423123

8753,380,434,-46,-1176,1757,15598,-2099,3465,-4078,3f25f345,3d92c4c4,bc888881,bf4203c7,3f25f345,3d92c4c1,bc888881,bf4203c7,1,22431641

8754,363,395,0,-1331,1649,15605,-2099,3465,-4078,3f25f62c,3d91b551,bc87aeed,bf4204a5,3f25f62c,3d91b54e,bc87aeed,bf4204a5,1,22439659

8755,306,402,24,-1394,1557,15603,-2077,3483,-3962,3f25f660,3d90bec3,bc86dd0e,bf42077c,3f25f660,3d90bec0,bc86dd0e,bf42077c,1,22448178

8756,270,458,52,-957,2190,15373,-2129,3471,-3966,3f25f856,3d900ce0,bc8b1be1,bf420724,3f25f855,3d900cdc,bc8b1be1,bf420723,1,22456697

8757,344,461,104,-1186,1094,15728,-2129,3471,-3966,3f25f6c0,3d8e643c,bc888b97,bf420dda,3f25f6be,3d8e6437,bc888b97,bf420dd8,1,22465215

8758,216,405,5,-934,2361,15521,-2105,3427,-3941,3f25f9eb,3d8dfdd0,bc8da5ab,bf420b66,3f25f9ea,3d8dfdcc,bc8da5ac,bf420b65,1,22473734

8759,278,357,39,-1183,1898,15610,-2159,3505,-3979,3f25fec6,3d8d9795,bc8e1291,bf420855,3f25fec5,3d8d9791,bc8e1292,bf420854,1,22482253

8760,307,286,53,-1202,1979,15554,-2133,3461,-3996,3f2600e3,3d8d5700,bc8e85b5,bf42072d,3f2600e2,3d8d56fc,bc8e85b6,bf42072c,1,22490771

8761,323,238,89,-1453,1708,15612,-2133,3461,-3996,3f25ffde,3d8d2b64,bc8be611,bf420906,3f25ffdd,3d8d2b60,bc8be613,bf420905,1,22499297

8762,336,276,81,-1237,1963,15652,-2131,3475,-3945,3f26006d,3d8ce796,bc8bc1eb,bf420957,3f26006c,3d8ce793,bc8bc1ed,bf420956,1,22507815

8763,368,316,47,-1912,2363,15463,-2075,3463,-4012,3f25fdbd,3d8d48e2,bc8b8139,bf420a93,3f25fdbc,3d8d48df,bc8b813b,bf420a93,1,22516334

8764,424,388,-28,-1252,1840,15630,-2075,3463,-4012,3f260233,3d8c5e40,bc8b8eec,bf42096a,3f260232,3d8c5e3d,bc8b8eee,bf42096a,1,22524853

8765,379,396,56,-1133,1633,15569,-2083,3479,-3986,3f260230,3d8b35a0,bc8b478f,bf420cd0,3f26022f,3d8b359e,bc8b4791,bf420cd0,1,22533371

8766,336,368,138,-1421,1784,15562,-2067,3473,-4010,3f25fab0,3d8ab33f,bc8ad4ae,bf4214c3,3f25faaf,3d8ab33d,bc8ad4b0,bf4214c3,1,22541890

8767,325,414,129,-1057,1618,15586,-2067,3473,-4010,3f25f514,3d897e45,bc8b82da,bf421ce0,3f25f513,3d897e43,bc8b82db,bf421cdf,1,22549908

8768,331,446,35,-995,1220,15542,-2055,3521,-3985,3f25f587,3d87db43,bc8ae4f8,bf422136,3f25f586,3d87db41,bc8ae4f9,bf422135,1,22558427

8769,322,528,28,-929,2321,15582,-2071,3459,-3972,3f25f66e,3d8712a6,bc8fcd64,bf4221bb,3f25f66e,3d8712a4,bc8fcd65,bf4221bb,1,22566945

8770,408,451,165,-980,2110,15625,-2071,3459,-3972,3f25ef54,3d86318a,bc9266bd,bf4229c2,3f25ef54,3d863188,bc9266bd,bf4229c2,1,22575464

8771,532,450,217,-1172,1967,15648,-2067,3533,-3953,3f25e588,3d8539f5,bc92516c,bf4234cf,3f25e587,3d8539f2,bc92516c,bf4234ce,1,22583983

8772,586,461,149,-1177,1730,15610,-2027,3507,-4012,3f25de2a,3d83d92a,bc914f51,bf423f0e,3f25de29,3d83d927,bc914f51,bf423f0d,1,22592501

8773,602,463,34,-1168,1559,15641,-2037,3507,-3978,3f25deeb,3d824f21,bc8f5b29,bf4242ec,3f25deea,3d824f1e,bc8f5b29,bf4242eb,1,22601020

8774,576,452,-112,-777,959,15672,-2037,3507,-3978,3f25ea18,3d7ffa80,bc8cb8b0,bf424008,3f25ea17,3d7ffa7a,bc8cb8af,bf424007,1,22609538

8775,489,465,-73,-955,1626,15610,-2047,3537,-3955,3f25f285,3d7d3027,bc8cd76b,bf423c77,3f25f285,3d7d3023,bc8cd76b,bf423c78,1,22618057

8776,420,371,40,-1046,1544,15612,-2059,3499,-3966,3f25f39b,3d7b25b7,bc8becf0,bf423e5a,3f25f39b,3d7b25b4,bc8becf0,bf423e5b,1,22626576

8777,374,378,85,-746,1453,15627,-2059,3499,-3966,3f25f28e,3d78619e,bc8c3a34,bf4242c1,3f25f28d,3d78619a,bc8c3a33,bf4242c1,1,22635094

8778,313,334,101,-847,1468,15664,-2025,3495,-3941,3f25ee43,3d763b24,bc8cacab,bf424913,3f25ee44,3d763b22,bc8cacab,bf424914,1,22643613

8779,269,288,73,-1019,1327,15672,-2041,3569,-4006,3f25ec5a,3d74b35d,bc8b8e04,bf424cd8,3f25ec5b,3d74b35c,bc8b8e04,bf424cd9,1,22651631

8780,185,275,48,-1135,1756,15622,-2041,3569,-4006,3f25eb20,3d74aa5a,bc8c9555,bf424dbf,3f25eb21,3d74aa5a,bc8c9556,bf424dc1,1,22660149

8781,168,309,60,-947,1808,15624,-2089,3527,-3966,3f25ebee,3d7474cb,bc8e85f2,bf424cf9,3f25ebee,3d7474c9,bc8e85f1,bf424cf9,1,22668668

8782,209,280,80,-1022,1838,15584,-2039,3547,-3951,3f25e901,3d743c27,bc901fa3,bf424f75,3f25e901,3d743c25,bc901fa2,bf424f75,1,22677187

8783,258,259,73,-1076,1838,15606,-2039,3547,-3951,3f25e6ad,3d740cff,bc90ee81,bf425185,3f25e6ad,3d740cfd,bc90ee80,bf425185,1,22685705

8784,308,255,71,-956,1757,15652,-2039,3539,-3913,3f25e53a,3d73497f,bc916077,bf4253a4,3f25e539,3d73497c,bc916076,bf4253a3,1,22694224

8785,336,235,83,-983,1552,15637,-2039,3517,-3903,3f25e318,3d722edd,bc906c2d,bf425704,3f25e317,3d722eda,bc906c2c,bf425703,1,22702742

8786,305,221,104,-787,1534,15670,-2035,3497,-3969,3f25df98,3d70b122,bc90731d,bf425bd9,3f25df97,3d70b120,bc90731d,bf425bd9,1,22711261

8787,246,166,138,-873,1433,15635,-2035,3497,-3969,3f25d988,3d6fac2c,bc8fb19f,bf42626c,3f25d987,3d6fac2a,bc8fb19f,bf42626c,1,22719780

8788,200,123,174,-1110,1553,15591,-2029,3541,-3971,3f25d042,3d6fdabb,bc8ea297,bf426a4e,3f25d042,3d6fdaba,bc8ea298,bf426a4f,1,22728298

8789,165,162,168,-1137,1489,15612,-2021,3549,-4009,3f25c6aa,3d6fe29e,bc8dd560,bf427296,3f25c6ab,3d6fe29e,bc8dd562,bf427298,1,22736817

8790,138,225,133,-1151,1729,15611,-2021,3549,-4009,3f25bef7,3d703f06,bc8ec6ad,bf427888,3f25bef8,3d703f05,bc8ec6ae,bf42788a,1,22744835

8791,157,288,109,-1154,1723,15614,-2047,3507,-3927,3f25b9fc,3d706583,bc8fb15a,bf427c6d,3f25b9fc,3d70657f,bc8fb159,bf427c6c,1,22753353

8792,207,360,65,-1038,1860,15678,-2083,3545,-4003,3f25ba2e,3d70415a,bc916a39,bf427c1d,3f25ba2e,3d704156,bc916a38,bf427c1c,1,22761872

8793,251,365,10,-745,1948,15652,-2083,3545,-4003,3f25beef,3d6f6e3e,bc946bdb,bf427882,3f25bef0,3d6f6e3b,bc946bda,bf427882,1,22770391

8794,328,294,22,-928,1729,15623,-2035,3571,-3977,3f25c0e1,3d6e75e1,bc94deec,bf4277f7,3f25c0e1,3d6e75dd,bc94deeb,bf4277f6,1,22778909

8795,365,242,48,-909,1607,15623,-2041,3513,-3942,3f25c190,3d6d4f28,bc9429c0,bf4278eb,3f25c191,3d6d4f25,bc9429c0,bf4278ec,1,22787428

8796,349,204,71,-807,1451,15651,-2041,3513,-3942,3f25c127,3d6bd216,bc92fb7e,bf427b4d,3f25c127,3d6bd211,bc92fb7c,bf427b4c,1,22795946

8797,313,157,96,-972,1370,15642,-2055,3519,-3943,3f25bf5a,3d6afcec,bc908826,bf427e4e,3f25bf5a,3d6afce8,bc908824,bf427e4d,1,22804465

8798,252,150,99,-937,1353,15629,-2037,3553,-4027,3f25bc40,3d6a3715,bc8ed8ed,bf428232,3f25bc40,3d6a3710,bc8ed8ea,bf428230,1,22812984

8799,197,178,71,-1112,1394,15635,-2011,3505,-3926,3f25b8ac,3d69ea65,bc8db338,bf4285d0,3f25b8ac,3d69ea60,bc8db335,bf4285ce,1,22821502

8800,162,231,67,-993,1366,15639,-2011,3505,-3926,3f25b575,3d69324a,bc8d8d46,bf428970,3f25b576,3d693246,bc8d8d45,bf42896f,1,22830021

8801,154,234,45,-1074,1724,15619,-2065,3529,-3927,3f25b623,3d69ad2a,bc8e3c02,bf42882a,3f25b623,3d69ad26,bc8e3c01,bf428828,1,22838539

8802,134,279,38,-959,1823,15639,-2059,3601,-3997,3f25b75b,3d69ee08,bc904479,bf428671,3f25b75d,3d69ee06,bc904479,bf428671,1,22847058

8803,186,288,52,-1011,1783,15609,-2059,3601,-3997,3f25b7d0,3d6a05ac,bc9182c4,bf4285b7,3f25b7d1,3d6a05a8,bc9182c3,bf4285b5,1,22855076

8804,244,295,30,-918,1695,15650,-1987,3535,-3945,3f25b676,3d692822,bc930788,bf42879d,3f25b678,3d692820,bc930789,bf42879d,1,22863594

8805,266,306,8,-1388,1540,15649,-1999,3545,-4022,3f25b5ec,3d68f664,bc91e8ed,bf428885,3f25b5ed,3d68f660,bc91e8ed,bf428884,1,22872113

8806,237,365,7,-824,1646,15658,-1999,3545,-4022,3f25b6b0,3d6798c1,bc94099c,bf428918,3f25b6b1,3d6798be,bc94099c,bf428917,1,22880632

8807,255,354,19,-715,1625,15671,-2021,3559,-3936,3f25b882,3d661772,bc95e332,bf4288fa,3f25b882,3d66176e,bc95e331,bf4288f9,1,22889150

8808,251,280,38,-640,1692,15643,-2051,3491,-3973,3f25ba7d,3d64f2a9,bc97c13b,bf428847,3f25ba7d,3d64f2a5,bc97c139,bf428846,1,22897669

8809,265,202,73,-753,1634,15647,-2051,3491,-3973,3f25ba39,3d644324,bc982217,bf42893c,3f25ba3a,3d644321,bc982217,bf42893c,1,22906187

8810,283,133,100,-730,1793,15639,-2035,3501,-3994,3f25b780,3d6405eb,bc98dcfd,bf428bb2,3f25b780,3d6405e6,bc98dcfc,bf428bb1,1,22914706

8811,310,78,136,-926,1647,15621,-2003,3523,-3991,3f25b0cf,3d63f86c,bc97becf,bf4291ac,3f25b0d0,3d63f868,bc97becf,bf4291ac,1,22923225

8812,341,51,147,-1018,1510,15615,-2021,3489,-3914,3f25aa34,3d63f127,bc95070e,bf4297d9,3f25aa36,3d63f124,bc95070f,bf4297da,1,22931743

8813,311,94,118,-1023,1465,15604,-2021,3489,-3914,3f25a53a,3d63c345,bc92b37d,bf429cbf,3f25a53b,3d63c342,bc92b37e,bf429cbf,1,22940262

8814,284,159,43,-1043,1422,15613,-2005,3539,-3977,3f25a433,3d6351a5,bc91016e,bf429e75,3f25a433,3d6351a1,bc91016e,bf429e74,1,22948780

8815,257,227,-10,-973,1695,15609,-2061,3525,-3931,3f25a93d,3d635855,bc910419,bf429a23,3f25a93d,3d635851,bc910419,bf429a22,1,22957299

8816,268,251,-17,-856,1605,15665,-2061,3525,-3931,3f25af38,3d62c1ed,bc912445,bf4295b4,3f25af39,3d62c1ea,bc912446,bf4295b4,1,22965317

8817,293,237,10,-1011,1560,15672,-2057,3493,-3987,3f25b287,3d626654,bc902da3,bf42937c,3f25b287,3d626651,bc902da3,bf42937b,1,22973835

8818,283,230,4,-1089,1455,15636,-2021,3531,-3920,3f25b489,3d61efd6,bc8edc0a,bf42928d,3f25b489,3d61efd2,bc8edc0a,bf42928c,1,22982354

8819,250,253,-19,-902,1479,15606,-2021,3531,-3920,3f25b857,3d6120fd,bc8ed839,bf429041,3f25b857,3d6120f9,bc8ed83a,bf429040,1,22990872

8820,229,278,-42,-813,1479,15637,-2015,3563,-3882,3f25bdbd,3d601d7b,bc8f8362,bf428cb4,3f25bdbd,3d601d77,bc8f8364,bf428cb3,1,22999391

8821,195,253,-23,-930,1644,15624,-2047,3521,-3993,3f25c27f,3d600b43,bc905aa2,bf428892,3f25c280,3d600b40,bc905aa4,bf428892,1,23007910

8822,191,267,-4,-823,1497,15631,-2047,3521,-3993,3f25c676,3d5f5b4d,bc9101ce,bf4285de,3f25c676,3d5f5b49,bc9101d0,bf4285dd,1,23016428

8823,175,254,-14,-958,1654,15601,-1985,3565,-3984,3f25c7c8,3d5f2f76,bc926dbf,bf4284ad,3f25c7c8,3d5f2f72,bc926dc1,bf4284ac,1,23024947

8824,187,277,-3,-1040,1589,15595,-2045,3479,-4001,3f25ca76,3d5f381b,bc92bdfe,bf428249,3f25ca78,3d5f381a,bc92be01,bf42824a,1,23033466

8825,199,335,-25,-766,1838,15634,-2041,3587,-4043,3f25cf94,3d5ecef8,bc958720,bf427dde,3f25cf94,3d5ecef4,bc958721,bf427ddd,1,23041984

8826,249,334,-28,-675,1654,15656,-2041,3587,-4043,3f25d59e,3d5dab17,bc9761b1,bf4279a9,3f25d59f,3d5dab14,bc9761b3,bf4279a9,1,23050002

8827,271,271,-2,-656,1710,15666,-1993,3509,-3967,3f25d76e,3d5c928e,bc995f85,bf4278f7,3f25d76e,3d5c928a,bc995f87,bf4278f7,1,23059021

8828,294,199,30,-784,1612,15663,-2025,3527,-4001,3f25d8dc,3d5bf659,bc99627a,bf427872,3f25d8dc,3d5bf654,bc99627b,bf427871,1,23067039

8829,309,142,45,-712,1397,15622,-2025,3527,-4001,3f25d9d1,3d5aef4b,bc982321,bf427907,3f25d9d1,3d5aef47,bc982323,bf427907,1,23075558

8830,286,109,58,-909,1427,15635,-2009,3485,-4008,3f25d826,3d5a940a,bc966d0f,bf427b30,3f25d826,3d5a9405,bc966d11,bf427b2f,1,23084077

8831,236,119,64,-837,1447,15634,-1981,3515,-4015,3f25d4e3,3d5a22c3,bc95e5d7,bf427e91,3f25d4e3,3d5a22be,bc95e5d9,bf427e90,1,23092595

8832,212,131,79,-1027,1458,15628,-1981,3515,-4015,3f25d008,3d5a35a6,bc94f055,bf4282cf,3f25d008,3d5a35a1,bc94f057,bf4282ce,1,23101114

8833,200,179,64,-971,1596,15613,-2019,3565,-3902,3f25ce86,3d5a7902,bc94ca33,bf4283d1,3f25ce88,3d5a78ff,bc94ca36,bf4283d3,1,23109633

8834,199,230,29,-961,1576,15649,-2009,3543,-3966,3f25ce6d,3d5a663c,bc951dcd,bf4283ee,3f25ce6e,3d5a6637,bc951dce,bf4283ee,1,23118151

8835,217,273,-4,-804,1814,15644,-2009,3543,-3966,3f25d0b9,3d5a2e61,bc974004,bf4281ce,3f25d0ba,3d5a2e5c,bc974005,bf4281ce,1,23126670

8836,282,264,-38,-615,1727,15644,-2051,3535,-3987,3f25d831,3d596023,bc98d807,bf427c07,3f25d830,3d59601c,bc98d807,bf427c06,1,23135188

8837,348,188,-49,-586,1597,15650,-2027,3549,-4023,3f25dfb8,3d58398c,bc9913e9,bf4276d7,3f25dfb8,3d583987,bc9913ea,bf4276d8,1,23143707

8838,368,110,-39,-674,1552,15657,-2027,3549,-4023,3f25e6a4,3d577676,bc9807a7,bf4271fd,3f25e6a4,3d577671,bc9807a8,bf4271fe,1,23152226

8839,373,47,-22,-719,1509,15642,-1997,3559,-4023,3f25eb02,3d56dda2,bc966b5c,bf426f3d,3f25eb00,3d56dd9b,bc966b5c,bf426f3d,1,23160744

8840,367,18,-1,-790,1429,15663,-1989,3511,-3986,3f25ed32,3d565a18,bc942d95,bf426e5f,3f25ed30,3d565a13,bc942d95,bf426e60,1,23168762

8841,354,6,30,-880,1210,15627,-1983,3595,-3979,3f25ed87,3d55cef5,bc90a590,bf426f59,3f25ed85,3d55cef1,bc90a590,bf426f5b,1,23177281

8842,306,11,63,-1075,1601,15607,-1983,3595,-3979,3f25ead7,3d568ba6,bc8e9558,bf427135,3f25ead5,3d568ba1,bc8e9556,bf427137,1,23185799

8843,281,63,90,-1139,1296,15633,-2029,3549,-3969,3f25e7f8,3d56e785,bc8b14aa,bf4273e6,3f25e7f6,3d56e780,bc8b14a8,bf4273e8,1,23194318

8844,245,145,68,-903,1480,15628,-2015,3575,-3908,3f25e666,3d56d455,bc8a5af8,bf427573,3f25e664,3d56d450,bc8a5af6,bf427574,1,23202837

8845,244,185,49,-1078,1471,15611,-2015,3575,-3908,3f25e580,3d56f5f5,bc8942d5,bf427644,3f25e57f,3d56f5f1,bc8942d3,bf427645,1,23211355

8846,245,223,17,-985,1486,15637,-2009,3539,-3978,3f25e61d,3d56b49e,bc88fc8e,bf427613,3f25e61c,3d56b49a,bc88fc8c,bf427614,1,23219874

8847,245,260,-10,-771,1573,15652,-1991,3551,-4000,3f25e81b,3d55e7ca,bc8a6399,bf427500,3f25e81a,3d55e7c6,bc8a6397,bf427501,1,23228393

8848,263,242,-12,-705,1487,15668,-1991,3551,-4000,3f25ea94,3d54d11e,bc8b59c6,bf4273eb,3f25ea93,3d54d11a,bc8b59c4,bf4273ec,1,23236911

8849,278,194,17,-763,1350,15642,-2031,3633,-3955,3f25edec,3d5403a4,bc8a6eb3,bf42721a,3f25edeb,3d54039f,bc8a6eb0,bf42721b,1,23245430

8850,256,155,35,-632,1395,15651,-2003,3533,-3916,3f25ee57,3d53119c,bc8a8d65,bf4272c1,3f25ee55,3d531197,bc8a8d61,bf4272c1,1,23253949

8851,231,97,60,-654,1452,15660,-2003,3533,-3916,3f25ed14,3d529fcb,bc8a9fba,bf42744d,3f25ed13,3d529fc7,bc8a9fb7,bf42744d,1,23261967

8852,227,35,97,-741,1418,15652,-2027,3523,-3980,3f25ea65,3d52a757,bc899783,bf4276be,3f25ea65,3d52a755,bc899780,bf4276bf,1,23270485

8853,220,7,126,-887,1353,15648,-1975,3591,-3982,3f25e36c,3d52e14a,bc88013f,bf427cba,3f25e36c,3d52e148,bc88013c,bf427cbb,1,23279004

8854,187,14,122,-995,1376,15620,-1977,3593,-3936,3f25dc76,3d537bc8,bc8673d4,bf428247,3f25dc76,3d537bc6,bc8673d1,bf428248,1,23287523

8855,166,60,82,-1038,1436,15635,-1977,3593,-3936,3f25d7c3,3d5425ba,bc858b5f,bf4285b9,3f25d7c1,3d5425b6,bc858b5a,bf4285b9,1,23296041

8856,160,116,42,-902,1540,15643,-2007,3553,-3994,3f25d6c5,3d549755,bc85de1d,bf428606,3f25d6c4,3d549752,bc85de18,bf428607,1,23304560

8857,180,139,22,-944,1532,15631,-2013,3549,-3994,3f25d743,3d54f950,bc85efb2,bf42852d,3f25d742,3d54f94d,bc85efad,bf42852e,1,23313078

8858,199,157,21,-1020,1508,15641,-2013,3549,-3994,3f25d7ab,3d55551b,bc859001,bf42847f,3f25d7ab,3d555519,bc858ffb,bf428481,1,23321597

8859,192,198,12,-786,1557,15663,-2001,3557,-3939,3f25d8be,3d550d95,bc86bef7,bf4283b0,3f25d8bc,3d550d91,bc86bef0,bf4283b0,1,23330116

8860,210,183,16,-766,1507,15644,-2063,3519,-4006,3f25dcac,3d54e361,bc8700c1,bf428079,3f25dcaa,3d54e35d,bc8700bb,bf428079,1,23338634

8861,214,153,25,-690,1505,15654,-2063,3519,-4006,3f25e050,3d54a0a5,bc875725,bf427d96,3f25e04f,3d54a0a2,bc875720,bf427d97,1,23347153

8862,214,104,51,-587,1431,15661,-2027,3579,-3909,3f25e13c,3d541d9f,bc87893b,bf427d55,3f25e13b,3d541d9d,bc878935,bf427d56,1,23355672

8863,203,37,97,-753,1402,15645,-2065,3547,-3980,3f25e0a3,3d545d92,bc863710,bf427dcb,3f25e0a2,3d545d90,bc86370a,bf427dcc,1,23364190

8864,177,-5,140,-800,1423,15632,-2065,3547,-3980,3f25dd0b,3d5508c3,bc84be14,bf428062,3f25dd09,3d5508c0,bc84be0d,bf428062,1,23372208

8865,160,-21,147,-931,1447,15611,-1985,3519,-3916,3f25d449,3d55cbaa,bc83d1fe,bf42872c,3f25d447,3d55cba8,bc83d1f7,bf42872d,1,23380727

8866,154,-6,131,-1026,1364,15637,-1965,3571,-3955,3f25cbb8,3d567d93,bc828011,bf428dee,3f25cbb6,3d567d91,bc82800a,bf428def,1,23389245

8867,151,15,117,-1049,1424,15604,-1995,3573,-3986,3f25c536,3d5762b2,bc8143c4,bf4292b1,3f25c534,3d5762b2,bc8143be,bf4292b3,1,23397764

8868,172,41,103,-1067,1464,15649,-1995,3573,-3986,3f25bf94,3d582df6,bc80308a,bf4296c9,3f25bf92,3d582df6,bc803084,bf4296cb,1,23406283

8869,179,88,86,-1023,1561,15659,-1967,3549,-3952,3f25b9b3,3d58af96,bc804e56,bf429b36,3f25b9b1,3d58af95,bc804e4f,bf429b37,1,23414801

8870,191,137,103,-964,1512,15652,-1975,3541,-3875,3f25b354,3d58c59c,bc808e58,bf42a080,3f25b352,3d58c59c,bc808e52,bf42a082,1,23423320

8871,203,159,145,-981,1383,15652,-1975,3541,-3875,3f25aa4f,3d58894d,bc8037e1,bf42a880,3f25aa4b,3d58894b,bc8037da,bf42a880,1,23431839

8872,210,129,185,-916,1417,15630,-1959,3503,-3933,3f259dd4,3d583a3b,bc803f93,bf42b375,3f259dd0,3d583a3a,bc803f8c,bf42b376,1,23440357

8873,189,123,208,-701,1479,15674,-2009,3563,-3989,3f259313,3d57dfbf,bc80ead7,bf42bce1,3f259310,3d57dfbf,bc80ead1,bf42bce3,1,23448876

8874,168,64,216,-859,1391,15609,-2009,3563,-3989,3f258777,3d580ce6,bc804e1c,bf42c6a8,3f258774,3d580ce5,bc804e16,bf42c6a9,1,23457395

8875,159,27,178,-868,1472,15622,-1997,3569,-3968,3f257dc2,3d58892b,bc7ff6f8,bf42ce6b,3f257dbf,3d58892b,bc7ff6ec,bf42ce6c,1,23465913

8876,146,38,126,-938,1500,15644,-2027,3541,-3932,3f25787d,3d595610,bc7ee554,bf42d217,3f25787a,3d595610,bc7ee548,bf42d218,1,23474432

8877,166,59,107,-972,1552,15658,-2027,3541,-3932,3f25745c,3d5a2291,bc7e0ff2,bf42d4c5,3f257459,3d5a2292,bc7e0fe7,bf42d4c7,1,23482450

8878,196,98,87,-945,1554,15667,-2009,3551,-3972,3f2570be,3d5a8204,bc7df0cf,bf42d770,3f2570ba,3d5a8204,bc7df0c3,bf42d771,1,23490968

8879,209,104,82,-980,1457,15637,-2011,3515,-4021,3f256d23,3d5aaf09,bc7ca78e,bf42da67,3f256d20,3d5aaf0a,bc7ca784,bf42da6a,1,23499487

8880,195,109,104,-948,1405,15636,-2001,3571,-3956,3f256840,3d5ab6f7,bc7b6ec9,bf42de9e,3f25683c,3d5ab6f8,bc7b6ebd,bf42dea0,1,23508006

8881,169,123,119,-959,1407,15633,-2001,3571,-3956,3f25623e,3d5acecc,bc7ac3c8,bf42e3ab,3f25623a,3d5acecd,bc7ac3bb,bf42e3ad,1,23516524

8882,134,122,140,-1004,1348,15603,-1985,3527,-3984,3f255977,3d5aea1c,bc7a3cc9,bf42eb09,3f255973,3d5aea1e,bc7a3cbc,bf42eb0b,1,23525043

8883,96,135,173,-679,1832,15589,-2011,3549,-3871,3f2550a7,3d5b6e2d,bc80182f,bf42f171,3f2550a4,3d5b6e31,bc80182a,bf42f174,1,23533562

8884,103,117,207,-933,1356,15641,-2011,3549,-3871,3f25456e,3d5ba8cb,bc7fc935,bf42fabd,3f254569,3d5ba8ce,bc7fc928,bf42fabe,1,23542080

8885,93,117,164,-873,1557,15668,-1965,3493,-3911,3f253a4d,3d5be99d,bc817da4,bf43039d,3f253a48,3d5be9a1,bc817d9d,bf43039f,1,23550599

8886,107,127,118,-1006,1542,15643,-1967,3541,-3914,3f25325c,3d5c6220,bc8259fb,bf4309ab,3f253258,3d5c6225,bc8259f5,bf4309ad,1,23559117

8887,126,154,81,-745,1676,15668,-1967,3541,-3914,3f252d7d,3d5c5aa7,bc84b250,bf430d6f,3f252d7a,3d5c5aad,bc84b24b,bf430d72,1,23567135

8888,172,130,66,-845,1640,15638,-1963,3561,-4037,3f252960,3d5c65ee,bc86167d,bf4310a0,3f25295d,3d5c65f5,bc861678,bf4310a3,1,23576154

8889,226,87,83,-765,1667,15652,-2001,3505,-4008,3f252615,3d5c6b43,bc86f214,bf43133f,3f252612,3d5c6b4a,bc86f20f,bf431342,1,23584172

8890,274,27,108,-863,1537,15632,-2001,3505,-4008,3f25214d,3d5c7f73,bc85fcc8,bf43175f,3f252149,3d5c7f78,bc85fcc2,bf431761,1,23592691

8891,284,0,140,-897,1384,15647,-1985,3547,-3910,3f251a44,3d5c6d41,bc83f59f,bf431dc0,3f251a40,3d5c6d46,bc83f599,bf431dc2,1,23601210

8892,256,-15,158,-1022,1297,15619,-1991,3557,-4003,3f2511cf,3d5ca40b,bc812bb1,bf43251f,3f2511cb,3d5ca410,bc812bac,bf432522,1,23609728

8893,201,3,134,-1107,1313,15624,-2011,3579,-4008,3f250b75,3d5d47a4,bc7d1853,bf432a34,3f250b71,3d5d47a9,bc7d1848,bf432a37,1,23618247

8894,149,46,98,-969,1373,15639,-2011,3579,-4008,3f250775,3d5db144,bc7b0a5d,bf432d4a,3f250771,3d5db149,bc7b0a51,bf432d4d,1,23626766

8895,110,82,88,-915,1502,15640,-1981,3551,-3953,3f25026c,3d5e1359,bc7c6aae,bf433100,3f250267,3d5e135d,bc7c6aa1,bf433102,1,23635284

8896,114,64,88,-972,1581,15628,-1973,3567,-4032,3f24fce1,3d5ec098,bc7de798,bf4334ca,3f24fcdc,3d5ec09d,bc7de78c,bf4334cd,1,23643803

8897,127,52,92,-1016,1570,15641,-1973,3567,-4032,3f24f70f,3d5f7ddc,bc7e8c63,bf4338d1,3f24f70a,3d5f7de1,bc7e8c56,bf4338d4,1,23652321

8898,148,79,96,-931,1661,15643,-2003,3545,-3996,3f24f286,3d6022c0,bc80141a,bf433bc5,3f24f281,3d6022c5,bc801414,bf433bc8,1,23660840

8899,185,64,82,-1004,1536,15644,-1955,3545,-4031,3f24ecb0,3d606bb4,bc801bdc,bf43405f,3f24ecab,3d606bba,bc801bd6,bf434062,1,23669359

8900,194,67,56,-1130,1566,15631,-1955,3545,-4031,3f24e83e,3d60fdb9,bc7f8578,bf434386,3f24e83a,3d60fdc1,bc7f856d,bf43438b,1,23677376

8901,215,114,41,-917,1523,15653,-2017,3539,-4001,3f24e844,3d60fafe,bc7f2f2b,bf43438c,3f24e83f,3d60fb04,bc7f2f1d,bf43438f,1,23685895

8902,225,113,47,-971,1546,15636,-1979,3581,-4013,3f24e643,3d60fb77,bc7f0ef2,bf43453f,3f24e63f,3d60fb7e,bc7f0ee4,bf434543,1,23694413

8903,246,105,41,-994,1481,15612,-1979,3581,-4013,3f24e4b5,3d60e1db,bc7dc1e5,bf4346c8,3f24e4b0,3d60e1e1,bc7dc1d5,bf4346cb,1,23702932

8904,235,115,36,-1043,1457,15635,-1925,3579,-4016,3f24e0fb,3d60a34e,bc7d4084,bf434a40,3f24e0f6,3d60a354,bc7d4074,bf434a43,1,23711451

8905,222,124,48,-919,1481,15627,-1931,3601,-3925,3f24dd4f,3d604382,bc7dcfd8,bf434dbb,3f24dd4c,3d604388,bc7dcfc8,bf434dbe,1,23719969

8906,211,106,48,-938,1514,15637,-1991,3533,-3866,3f24dbd2,3d6045bc,bc7d9291,bf434f00,3f24dbce,3d6045c2,bc7d9280,bf434f02,1,23728488

8907,212,90,56,-993,1507,15659,-1991,3533,-3866,3f24d9b5,3d60714b,bc7c9e90,bf4350ab,3f24d9b1,3d607151,bc7c9e7f,bf4350ad,1,23737007

8908,211,89,67,-1020,1464,15650,-2021,3531,-3938,3f24d81f,3d60b7a6,bc7a85ad,bf4351dc,3f24d81b,3d60b7ad,bc7a859d,bf4351df,1,23745525

8909,211,89,86,-1067,1501,15625,-1971,3541,-3979,3f24d2be,3d60f33d,bc79836c,bf435637,3f24d2b9,3d60f343,bc79835b,bf435639,1,23754044

8910,207,87,87,-966,1458,15630,-1971,3541,-3979,3f24cd8e,3d60e41c,bc78f2b3,bf435ab3,3f24cd89,3d60e422,bc78f2a2,bf435ab5,1,23762562

8911,197,82,88,-1003,1478,15633,-2007,3599,-3984,3f24ca50,3d6131d8,bc7777e3,bf435d33,3f24ca4c,3d6131e0,bc7777d4,bf435d37,1,23771081

8912,189,63,94,-963,1449,15633,-1937,3621,-4003,3f24c3c9,3d61362c,bc772ca5,bf4362b5,3f24c3c5,3d613633,bc772c95,bf4362b9,1,23779600

8913,179,66,90,-931,1460,15634,-1937,3621,-4003,3f24bd8f,3d61346c,bc776585,bf4367f3,3f24bd8b,3d613474,bc776576,bf4367f8,1,23787618

8914,168,57,83,-977,1529,15648,-2009,3553,-4077,3f24ba26,3d61b245,bc76faba,bf436a4a,3f24ba21,3d61b24b,bc76faaa,bf436a4d,1,23796136

8915,171,49,93,-1055,1524,15651,-1973,3565,-3948,3f24b49c,3d623d19,bc764542,bf436e63,3f24b498,3d623d20,bc764533,bf436e67,1,23804655

8916,172,48,88,-1054,1497,15623,-1973,3565,-3948,3f24af66,3d62b9f4,bc755850,bf437249,3f24af61,3d62b9fa,bc755840,bf43724c,1,23813173

8917,172,62,82,-1045,1540,15640,-2015,3521,-4007,3f24ac0e,3d6359bf,bc74775b,bf437472,3f24ac0a,3d6359c6,bc74774b,bf437476,1,23821692

8918,180,78,63,-1051,1517,15644,-2017,3593,-4011,3f24aa95,3d63e0fe,bc7330e1,bf43752d,3f24aa90,3d63e103,bc7330cf,bf437530,1,23830211

8919,180,86,49,-1009,1474,15629,-2013,3539,-3987,3f24a98d,3d6422a7,bc723ef7,bf4375d1,3f24a988,3d6422ac,bc723ee5,bf4375d4,1,23838729

8920,184,84,61,-995,1509,15651,-2013,3539,-3987,3f24a7cc,3d64688c,bc71aa1e,bf437705,3f24a7c7,3d646890,bc71aa0b,bf437708,1,23847248

8921,184,70,64,-1022,1530,15650,-2015,3543,-3916,3f24a615,3d64dbf8,bc70c092,bf437802,3f24a610,3d64dbfd,bc70c080,bf437806,1,23855767

8922,186,67,69,-1095,1501,15625,-1981,3595,-4093,3f24a23c,3d6547a2,bc6faa3b,bf437ad7,3f24a237,3d6547a7,bc6faa29,bf437adb,1,23864285

8923,194,85,77,-1101,1499,15647,-1981,3595,-4093,3f249dde,3d6597bc,bc6ea549,bf437e39,3f249dd9,3d6597c1,bc6ea536,bf437e3d,1,23872804

8924,188,104,75,-1065,1426,15659,-2005,3557,-3971,3f249acb,3d65b675,bc6d2310,bf4380c9,3f249ac6,3d65b67b,bc6d22fd,bf4380ce,1,23881322

8925,167,115,63,-1105,1513,15652,-1991,3543,-4006,3f24975f,3d660a11,bc6d099a,bf43834c,3f249759,3d660a17,bc6d0985,bf438350,1,23889340

8926,170,130,49,-1193,1520,15605,-1991,3543,-4006,3f249497,3d6683aa,bc6c843e,bf43851d,3f249492,3d6683b2,bc6c842b,bf438522,1,23897859

8927,179,179,31,-1041,1487,15619,-2017,3541,-3968,3f2494b6,3d66741d,bc6cd836,bf43850f,3f2494af,3d667423,bc6cd820,bf438513,1,23906377

8928,167,186,32,-1014,1529,15644,-1963,3517,-3986,3f2491ff,3d662bf8,bc6f3cb0,bf43877e,3f2491f9,3d662c00,bc6f3c9c,bf438784,1,23914896

8929,166,162,31,-1001,1493,15640,-1963,3517,-3986,3f248f71,3d65e74c,bc710839,bf4389d3,3f248f6b,3d65e753,bc710823,bf4389d8,1,23923414

8930,175,143,48,-941,1457,15641,-2011,3569,-3906,3f248eef,3d65be1c,bc713bd7,bf438a6c,3f248ee9,3d65be23,bc713bc0,bf438a71,1,23931933

8931,161,126,62,-972,1445,15653,-2029,3515,-3960,3f248dc9,3d65c23a,bc70e428,bf438b65,3f248dc2,3d65c240,bc70e40f,bf438b6a,1,23940452

8932,132,104,71,-1051,1512,15618,-2021,3481,-3985,3f248aea,3d663cf5,bc7110f2,bf438d3c,3f248ae4,3d663cfc,bc7110d9,bf438d42,1,23948970

8933,127,97,82,-1081,1504,15627,-2021,3481,-3985,3f24873b,3d66ce0b,bc70e07c,bf438fae,3f248734,3d66ce10,bc70e061,bf438fb3,1,23957489

8934,121,112,86,-1062,1561,15650,-2019,3547,-3964,3f2483c7,3d676894,bc717c11,bf4391d4,3f2483c0,3d676899,bc717bf5,bf4391d9,1,23966008

8935,126,128,83,-1155,1568,15614,-2037,3503,-3907,3f2480f0,3d683a92,bc714282,bf439343,3f2480e9,3d683a97,bc714265,bf439348,1,23974526

8936,156,152,64,-1058,1615,15626,-2037,3503,-3907,3f247fb6,3d68b10c,bc7222ce,bf4393ac,3f247fb0,3d68b112,bc7222b2,bf4393b1,1,23982544

8937,180,158,38,-990,1535,15642,-2001,3563,-3959,3f247f05,3d6894f6,bc731583,bf43944f,3f247eff,3d6894fb,bc731565,bf439453,1,23991563

8938,186,138,19,-1078,1545,15634,-2021,3531,-3961,3f248016,3d68d34d,bc72c6e1,bf439327,3f24800f,3d68d351,bc72c6c2,bf43932a,1,23999581

8939,187,147,28,-1031,1510,15654,-2021,3531,-3961,3f2480b6,3d68d602,bc729cf1,bf4392a0,3f2480b1,3d68d608,bc729cd3,bf4392a4,1,24008100

8940,187,148,40,-1022,1585,15651,-1989,3529,-3982,3f247eef,3d68d2d1,bc73e911,bf439408,3f247eea,3d68d2d7,bc73e8f3,bf43940c,1,24016619

8941,200,132,43,-1074,1531,15638,-2025,3521,-3926,3f247ec4,3d690537,bc730e47,bf439401,3f247ebf,3d69053e,bc730e29,bf439405,1,24025137

8942,193,132,41,-1094,1511,15639,-2025,3521,-3926,3f247ea1,3d693dd6,bc71fedc,bf4393f1,3f247e9c,3d693ddc,bc71febd,bf4393f4,1,24033656

8943,194,143,40,-1107,1559,15640,-1977,3541,-3965,3f247c3e,3d695245,bc726a0d,bf4395d1,3f247c39,3d69524a,bc7269ef,bf4395d4,1,24042174

8944,207,176,40,-1064,1529,15625,-2013,3555,-3967,3f247bd3,3d693d40,bc7258e1,bf439647,3f247bce,3d693d46,bc7258c3,bf43964a,1,24050693

8945,213,193,42,-1019,1442,15609,-2013,3537,-3912,3f247b6e,3d68ce14,bc71f706,bf439727,3f247b6a,3d68ce1b,bc71f6e9,bf43972a,1,24059211

8946,191,183,59,-1066,1511,15624,-2013,3537,-3912,3f2479b6,3d68bba5,bc720d3e,bf4398ae,3f2479b2,3d68bbac,bc720d21,bf4398b1,1,24067730

8947,182,183,56,-1029,1559,15614,-1991,3511,-3958,3f2476d5,3d6894a6,bc739f6b,bf439b28,3f2476d1,3d6894ad,bc739f4f,bf439b2b,1,24076248

8948,192,186,47,-918,1551,15657,-1995,3585,-3979,3f2475aa,3d682dc0,bc756ca0,bf439c7a,3f2475a5,3d682dc6,bc756c83,bf439c7d,1,24084767

8949,211,152,26,-964,1592,15640,-1995,3585,-3979,3f2475dd,3d680b0b,bc7673c7,bf439c64,3f2475d7,3d680b10,bc7673a9,bf439c66,1,24092785

8950,226,128,22,-1112,1464,15649,-1999,3543,-3929,3f247608,3d680b00,bc74a568,bf439c64,3f247604,3d680b07,bc74a54e,bf439c68,1,24101303

8951,209,140,24,-1041,1492,15625,-2007,3533,-3989,3f24764f,3d67f6bc,bc740c14,bf439c4d,3f247649,3d67f6c2,bc740bf7,bf439c4f,1,24109822

8952,202,152,31,-1044,1530,15632,-2007,3533,-3989,3f247610,3d67f121,bc741071,bf439c88,3f24760a,3d67f128,bc741055,bf439c8b,1,24118340

8953,199,150,36,-1060,1481,15636,-2021,3541,-3970,3f247643,3d67f389,bc7326eb,bf439c6a,3f24763e,3d67f391,bc7326d0,bf439c6e,1,24126859

8954,193,149,34,-1037,1525,15635,-2029,3547,-3925,3f247731,3d6810d2,bc72b796,bf439b8a,3f24772b,3d6810d9,bc72b779,bf439b8d,1,24135378

8955,189,140,37,-956,1567,15632,-2029,3547,-3925,3f247822,3d681ee2,bc7344ce,bf439aa4,3f24781d,3d681eeb,bc7344b2,bf439aa7,1,24143896

8956,200,131,38,-929,1540,15639,-1971,3585,-3913,3f2476a5,3d67dde2,bc745a67,bf439c19,3f2476a2,3d67ddec,bc745a4b,bf439c1e,1,24152415

8957,205,106,34,-921,1474,15651,-1989,3575,-4002,3f247618,3d679577,bc7455cf,bf439ce7,3f247614,3d67957f,bc7455b1,bf439ceb,1,24160933

8958,191,60,53,-977,1544,15631,-1977,3559,-3925,3f2473a2,3d67c48d,bc744681,bf439ec3,3f24739d,3d67c494,bc744662,bf439ec6,1,24169452

8959,191,25,84,-906,1555,15641,-1977,3559,-3925,3f246f69,3d67f4aa,bc744f2f,bf43a215,3f246f64,3d67f4b1,bc744f11,bf43a218,1,24177971

8960,202,-7,116,-1017,1448,15600,-2003,3507,-4012,3f24698e,3d685114,bc71b71d,bf43a6c7,3f24698a,3d68511c,bc71b6ff,bf43a6cb,1,24186489

8961,195,-30,175,-1096,1482,15608,-1999,3519,-3917,3f245fcc,3d690e4e,bc6e9446,bf43ae57,3f245fc8,3d690e56,bc6e9428,bf43ae5b,1,24195008

8962,173,-2,259,-1055,1308,15600,-1999,3519,-3917,3f2450a1,3d695140,bc6ae1e2,bf43bb0a,3f24509e,3d695147,bc6ae1c3,bf43bb0e,1,24203026

8963,120,-13,287,-1157,1500,15604,-1997,3553,-3885,3f243f61,3d6a68ae,bc68d97e,bf43c85e,3f243f5e,3d6a68b4,bc68d95e,bf43c861,1,24211545

8964,101,38,279,-1029,1380,15661,-1975,3501,-3968,3f242d32,3d6aa624,bc687485,bf43d75b,3f242d2f,3d6aa62b,bc687466,bf43d75f,1,24220063

8965,57,37,224,-1179,1504,15632,-1975,3501,-3968,3f241def,3d6ba0b9,bc68cfa8,bf43e2f3,3f241dec,3d6ba0bf,bc68cf88,bf43e2f6,1,24228582

8966,50,40,145,-1210,1629,15643,-2005,3527,-3974,3f24153c,3d6d09e1,bc6997ca,bf43e878,3f241539,3d6d09e7,bc6997aa,bf43e87b,1,24237100

8967,65,66,86,-1306,1649,15621,-1971,3551,-3915,3f240ef3,3d6e5888,bc6a8bb4,bf43ec14,3f240eef,3d6e588d,bc6a8b94,bf43ec16,1,24245619

8968,94,121,70,-1295,1684,15588,-1971,3551,-3915,3f2409c7,3d6f59c8,bc6c2837,bf43ef10,3f2409c4,3d6f59cc,bc6c2816,bf43ef11,1,24254138

8969,139,178,50,-1233,1641,15617,-2013,3515,-3966,3f2407ae,3d6fed75,bc6d3e69,bf43f008,3f2407ab,3d6fed79,bc6d3e49,bf43f009,1,24262656

8970,167,223,41,-1177,1590,15651,-2005,3543,-3942,3f24065b,3d6ff5ac,bc6e7750,bf43f104,3f240657,3d6ff5af,bc6e7730,bf43f104,1,24271175

8971,177,254,44,-1155,1578,15632,-1971,3515,-3947,3f240315,3d6f9b1d,bc70c52d,bf43f402,3f240313,3d6f9b22,bc70c510,bf43f404,1,24279694

8972,193,276,51,-1089,1540,15647,-1971,3515,-3947,3f23ffa2,3d6ee68f,bc732ff4,bf43f792,3f23ffa0,3d6ee694,bc732fd8,bf43f794,1,24288212

8973,189,271,51,-1036,1549,15629,-2021,3525,-3918,3f23fef2,3d6e601f,bc74eba5,bf43f8a6,3f23feef,3d6e6022,bc74eb87,bf43f8a7,1,24296731

8974,174,257,38,-1016,1550,15633,-1971,3527,-3844,3f23fcde,3d6dbfe3,bc77b1f2,bf43faee,3f23fcdc,3d6dbfe8,bc77b1d5,bf43faef,1,24304748

8975,162,238,31,-950,1573,15647,-1971,3527,-3844,3f23fb6a,3d6d280a,bc7afb86,bf43fc99,3f23fb69,3d6d280f,bc7afb6b,bf43fc9b,1,24313267

8976,172,216,33,-930,1571,15636,-2019,3575,-3870,3f23fcb5,3d6cce1d,bc7cd221,bf43fbcd,3f23fcb4,3d6cce21,bc7cd206,bf43fbce,1,24321786

8977,179,178,43,-983,1540,15642,-2021,3557,-3930,3f23fd22,3d6ca170,bc7d6389,bf43fb9c,3f23fd21,3d6ca174,bc7d636f,bf43fb9d,1,24330304

8978,179,145,52,-1060,1563,15654,-2021,3557,-3930,3f23fcc9,3d6ccfa6,bc7d189c,bf43fbb3,3f23fcc9,3d6ccfab,bc7d1884,bf43fbb5,1,24338823

8979,174,138,42,-1102,1602,15630,-1983,3537,-3945,3f23fadf,3d6d0631,bc7db686,bf43fd00,3f23fade,3d6d0634,bc7db66c,bf43fd00,1,24347341

8980,187,155,34,-1165,1537,15616,-1975,3535,-3897,3f23f916,3d6d1d9f,bc7d6fdc,bf43fe68,3f23f915,3d6d1da1,bc7d6fc2,bf43fe68,1,24355860

8981,208,181,37,-1096,1563,15612,-1975,3535,-3897,3f23f75a,3d6cee11,bc7de6ed,bf44000a,3f23f759,3d6cee13,bc7de6d3,bf44000a,1,24364378

8982,193,197,36,-1052,1556,15659,-1999,3525,-3978,3f23f699,3d6caf29,bc7eb59a,bf4400e8,3f23f697,3d6caf2a,bc7eb580,bf4400e7,1,24372897

8983,187,197,33,-1049,1598,15641,-2005,3511,-3960,3f23f63b,3d6c9148,bc7fec08,bf440140,3f23f63a,3d6c914a,bc7febf0,bf440140,1,24381415

8984,197,180,33,-1077,1596,15634,-2029,3571,-3950,3f23f797,3d6cb332,bc7fbfec,bf43fff8,3f23f797,3d6cb335,bc7fbfd6,bf43fff9,1,24389934

8985,205,176,34,-1098,1540,15633,-2029,3571,-3950,3f23f8e0,3d6cc277,bc7eb8de,bf43fee7,3f23f8e0,3d6cc27a,bc7eb8c9,bf43fee8,1,24397952

8986,208,182,45,-1046,1557,15644,-2017,3535,-4019,3f23f889,3d6c99e7,bc7ebd8e,bf43ff62,3f23f888,3d6c99e9,bc7ebd79,bf43ff62,1,24406471

8987,212,194,48,-1034,1598,15643,-1979,3535,-4015,3f23f633,3d6c4650,bc800cbc,bf44019e,3f23f631,3d6c4651,bc800cb1,bf44019d,1,24414989

8988,209,183,48,-1054,1573,15634,-1979,3535,-4015,3f23f3d5,3d6c03a4,bc8077b1,bf4403d8,3f23f3d4,3d6c03a5,bc8077a7,bf4403d8,1,24423508

8989,211,183,37,-962,1575,15653,-2031,3503,-3952,3f23f4fb,3d6bc071,bc80b829,bf440329,3f23f4fa,3d6bc072,bc80b81f,bf440329,1,24432026

8990,215,164,16,-978,1571,15655,-2001,3479,-3897,3f23f5d7,3d6b72bd,bc810f01,bf4402bf,3f23f5d6,3d6b72be,bc810ef8,bf4402bf,1,24440545

8991,211,133,13,-1051,1479,15620,-2001,3479,-3897,3f23f6ba,3d6b4b56,bc807eba,bf440247,3f23f6ba,3d6b4b58,bc807eb2,bf440248,1,24449063

8992,209,136,17,-1037,1596,15628,-1997,3553,-3936,3f23f7ae,3d6b5b72,bc808013,bf440169,3f23f7ad,3d6b5b73,bc80800a,bf440169,1,24457582

8993,204,131,22,-1039,1550,15624,-2007,3499,-3995,3f23f831,3d6b5dde,bc8053b8,bf440100,3f23f82f,3d6b5dde,bc8053af,bf4400ff,1,24466101

8994,204,122,18,-1071,1531,15631,-2007,3499,-3995,3f23f8e0,3d6b72b8,bc7fbff0,bf440067,3f23f8df,3d6b72b9,bc7fbfe0,bf440067,1,24474619

8995,199,123,35,-1136,1467,15629,-1983,3507,-3927,3f23f753,3d6b7bac,bc7e4a3c,bf4401c6,3f23f752,3d6b7bad,bc7e4a2c,bf4401c6,1,24483138

8996,178,147,36,-1084,1515,15647,-2033,3537,-3992,3f23f84b,3d6bb094,bc7d35a1,bf4400cd,3f23f84b,3d6bb096,bc7d3592,bf4400ce,1,24491657

8997,169,168,32,-1043,1518,15642,-1993,3493,-3938,3f23f74c,3d6b8ad5,bc7df1d5,bf4401c1,3f23f74b,3d6b8ad5,bc7df1c4,bf4401c1,1,24500175

8998,160,161,30,-1109,1503,15639,-1993,3493,-3938,3f23f638,3d6b95ab,bc7e0c63,bf44029a,3f23f636,3d6b95aa,bc7e0c51,bf440299,1,24508193

8999,136,175,30,-1037,1524,15620,-2019,3551,-3890,3f23f720,3d6bb2c6,bc7eb093,bf4401a7,3f23f71f,3d6bb2c7,bc7eb083,bf4401a7,1,24516712

9000,137,188,52,-1057,1579,15646,-2011,3523,-3987,3f23f5a5,3d6bd349,bc80149f,bf44029f,3f23f5a4,3d6bd349,bc801497,bf44029e,1,24525230

9001,142,187,69,-966,1696,15651,-2011,3523,-3987,3f23f354,3d6bf36d,bc81a61c,bf440425,3f23f355,3d6bf36f,bc81a615,bf440425,1,24533749

9002,176,152,69,-1028,1636,15652,-2061,3549,-3803,3f23f477,3d6c68ca,bc8174a2,bf4402ac,3f23f478,3d6c68cb,bc81749b,bf4402ab,1,24542268

9003,198,146,53,-1059,1611,15654,-2009,3493,-3918,3f23f31c,3d6c8867,bc818a0f,bf4403a6,3f23f31b,3d6c8866,bc818a07,bf4403a4,1,24550786

9004,206,149,37,-1092,1491,15608,-2009,3493,-3918,3f23f2bf,3d6c78d9,bc80e516,bf440421,3f23f2bf,3d6c78da,bc80e50f,bf440420,1,24559305

9005,201,172,23,-1053,1581,15649,-2009,3541,-3935,3f23f3ae,3d6c6f29,bc80f7d2,bf440362,3f23f3ad,3d6c6f29,bc80f7cb,bf440361,1,24567823

9006,188,180,28,-1063,1549,15646,-2027,3509,-3905,3f23f4f2,3d6c70b1,bc80d94d,bf440256,3f23f4f2,3d6c70b3,bc80d947,bf440257,1,24576342

9007,191,183,37,-1110,1601,15616,-2027,3509,-3905,3f23f573,3d6ca505,bc80cb36,bf4401ad,3f23f573,3d6ca507,bc80cb30,bf4401ae,1,24584861

9008,199,192,51,-1054,1593,15614,-2021,3549,-3902,3f23f546,3d6ca18a,bc80e89b,bf4401d2,3f23f545,3d6ca18b,bc80e894,bf4401d2,1,24593379

9009,209,203,44,-988,1559,15624,-1947,3479,-3983,3f23f17e,3d6bf221,bc820c55,bf44059e,3f23f17e,3d6bf223,bc820c50,bf44059f,1,24601898

9010,212,194,32,-951,1597,15626,-2017,3561,-3897,3f23f2db,3d6ba9c7,bc82771c,bf4404c0,3f23f2db,3d6ba9c9,bc827717,bf4404c1,1,24609916

9011,223,176,26,-985,1600,15646,-2017,3561,-3897,3f23f498,3d6b7fa1,bc828b25,bf44037b,3f23f498,3d6b7fa3,bc828b20,bf44037c,1,24618434

9012,236,158,24,-1043,1575,15623,-2003,3465,-3920,3f23f4cf,3d6b5349,bc826786,bf440389,3f23f4ce,3d6b534a,bc826780,bf440389,1,24626953

9013,232,162,19,-1033,1565,15623,-2025,3531,-4021,3f23f6c9,3d6b3d6d,bc82035e,bf44020d,3f23f6c8,3d6b3d6d,bc820358,bf44020c,1,24635472

9014,237,157,33,-958,1608,15649,-2025,3531,-4021,3f23f81a,3d6b0dd9,bc8211cf,bf440129,3f23f81a,3d6b0dd9,bc8211c9,bf440129,1,24643990

9015,246,133,29,-937,1562,15650,-1991,3583,-3903,3f23f8cf,3d6abb63,bc81e646,bf4400fd,3f23f8cf,3d6abb63,bc81e640,bf4400fd,1,24652509

9016,250,97,25,-1002,1456,15637,-1983,3579,-3913,3f23f940,3d6a7720,bc80dc3e,bf44011b,3f23f940,3d6a7720,bc80dc38,bf44011b,1,24661028

9017,229,87,23,-1049,1411,15622,-1983,3579,-3913,3f23f99a,3d6a56d8,bc7f2d46,bf44012b,3f23f99a,3d6a56d8,bc7f2d39,bf44012a,1,24669546

9018,200,94,36,-1044,1504,15651,-2033,3555,-4016,3f23fafe,3d6a9ab0,bc7d2afc,bf43ffdb,3f23fafe,3d6a9ab0,bc7d2af0,bf43ffda,1,24678065

9019,180,96,38,-1059,1490,15623,-1985,3535,-3886,3f23f9d4,3d6abe3c,bc7c53a8,bf4400ba,3f23f9d4,3d6abe3c,bc7c539c,bf4400b9,1,24686583

9020,172,106,42,-1096,1501,15635,-1985,3535,-3886,3f23f840,3d6af64a,bc7b96d1,bf4401d8,3f23f840,3d6af64a,bc7b96c6,bf4401d7,1,24695102

9021,162,120,46,-1102,1618,15634,-1991,3579,-3949,3f23f6cc,3d6b6b4b,bc7bfcbc,bf44027b,3f23f6cc,3d6b6b4b,bc7bfcb2,bf44027a,1,24703621

9022,170,155,56,-1057,1544,15634,-1975,3551,-3973,3f23f3cc,3d6b6102,bc7cd6d6,bf4404f8,3f23f3cc,3d6b6102,bc7cd6cc,bf4404f7,1,24712139

9023,164,165,53,-980,1600,15650,-1971,3549,-3973,3f23f0f8,3d6b3b80,bc7f0981,bf440755,3f23f0f9,3d6b3b82,bc7f0979,bf440755,1,24720157

9024,179,141,52,-1003,1596,15650,-1971,3549,-3973,3f23ee46,3d6b2e6d,bc8033dd,bf440989,3f23ee46,3d6b2e6d,bc8033d8,bf440988,1,24728676

9025,189,127,49,-959,1478,15638,-1997,3575,-4025,3f23ed56,3d6af171,bc80105c,bf440aa1,3f23ed57,3d6af172,bc801058,bf440aa1,1,24737194

9026,167,124,39,-1018,1563,15640,-1961,3589,-3919,3f23eb70,3d6afdc5,bc807e6f,bf440c17,3f23eb70,3d6afdc4,bc807e6a,bf440c16,1,24745713

9027,168,121,44,-1073,1647,15621,-1961,3589,-3919,3f23e914,3d6b4f54,bc8108ee,bf440d97,3f23e914,3d6b4f53,bc8108e9,bf440d96,1,24754231

9028,189,122,39,-1087,1582,15625,-1971,3531,-3900,3f23e71f,3d6b7829,bc8119d6,bf440f06,3f23e720,3d6b7829,bc8119d2,bf440f05,1,24762750

9029,195,141,37,-1094,1519,15641,-1965,3547,-3995,3f23e4f2,3d6b6505,bc810510,bf4410f2,3f23e4f3,3d6b6505,bc81050c,bf4410f1,1,24771269

9030,183,158,40,-1077,1612,15632,-1965,3547,-3995,3f23e288,3d6b6e42,bc819f96,bf4412d1,3f23e289,3d6b6e41,bc819f91,bf4412d0,1,24779787

9031,204,163,41,-1069,1572,15617,-1969,3533,-3945,3f23e05d,3d6b4e4f,bc81e463,bf4414bd,3f23e05e,3d6b4e4e,bc81e45e,bf4414bc,1,24788306

9032,219,177,32,-1034,1609,15634,-1965,3537,-3998,3f23deab,3d6b0a35,bc827c1a,bf441660,3f23deac,3d6b0a34,bc827c15,bf44165f,1,24796824

9033,229,176,29,-975,1562,15627,-1965,3537,-3998,3f23dd68,3d6a8900,bc82fd29,bf4417f4,3f23dd68,3d6a88fe,bc82fd24,bf4417f2,1,24805343

9034,231,160,37,-1006,1598,15642,-1983,3517,-3928,3f23dc68,3d6a4e71,bc8335db,bf441905,3f23dc68,3d6a4e70,bc8335d8,bf441904,1,24813861

9035,245,148,31,-954,1568,15648,-1991,3473,-3905,3f23dc1c,3d69e85d,bc834d6a,bf4419bb,3f23dc1d,3d69e85d,bc834d67,bf4419bb,1,24821879

9036,258,130,31,-990,1532,15625,-2009,3541,-4001,3f23dd11,3d69ae07,bc8296a5,bf441953,3f23dd11,3d69ae07,bc8296a1,bf441952,1,24830398

9037,242,114,31,-1005,1503,15634,-2009,3541,-4001,3f23ddec,3d698cb1,bc81b6a3,bf4418e9,3f23ddeb,3d698cb0,bc81b69f,bf4418e7,1,24838916

9038,226,113,43,-1089,1473,15635,-2021,3603,-3896,3f23df06,3d69ba6b,bc80498e,bf441801,3f23df07,3d69ba6d,bc80498c,bf441801,1,24847435

9039,197,135,62,-1035,1435,15641,-2023,3561,-3856,3f23dec5,3d69b616,bc7e9be4,bf441865,3f23dec6,3d69b617,bc7e9bdf,bf441865,1,24855954

9040,174,138,55,-1047,1475,15639,-2023,3561,-3856,3f23decb,3d69dbe8,bc7d62b2,bf44184e,3f23decc,3d69dbe8,bc7d62ac,bf44184d,1,24864472

9041,158,149,36,-1101,1490,15629,-2021,3561,-3903,3f23df87,3d6a24ae,bc7c6f48,bf44176d,3f23df88,3d6a24ae,bc7c6f43,bf44176c,1,24872991

9042,142,168,29,-1092,1609,15625,-1991,3529,-3954,3f23deb4,3d6a7077,bc7df656,bf4417a3,3f23deb5,3d6a7077,bc7df651,bf4417a2,1,24881509

9043,153,179,24,-1065,1642,15623,-1991,3529,-3954,3f23de51,3d6aa613,bc7feea9,bf44178e,3f23de51,3d6aa613,bc7feea4,bf44178c,1,24890028

9044,171,184,20,-960,1647,15652,-2013,3527,-3896,3f23dfcd,3d6aa478,bc80fba6,bf441627,3f23dfce,3d6aa479,bc80fba5,bf441627,1,24898547

9045,195,180,29,-996,1547,15634,-1997,3545,-3917,3f23e010,3d6a69bf,bc814c9c,bf441629,3f23e00f,3d6a69be,bc814c9a,bf441627,1,24907065

9046,201,163,42,-1045,1584,15621,-1997,3545,-3917,3f23df64,3d6a6c0f,bc816b0a,bf4416b0,3f23df63,3d6a6c0f,bc816b09,bf4416af,1,24915083

9047,201,159,49,-1073,1560,15644,-1991,3541,-3924,3f23dddf,3d6a6dba,bc815b6a,bf4417f6,3f23ddde,3d6a6dba,bc815b6a,bf4417f5,1,24923602

9048,205,170,46,-988,1563,15626,-1965,3499,-3960,3f23db1d,3d6a0d06,bc820c4a,bf441a9a,3f23db1d,3d6a0d06,bc820c4b,bf441a9a,1,24932121

9049,203,162,48,-1011,1544,15625,-1999,3611,-3995,3f23daa8,3d69f4be,bc81f8cf,bf441b1c,3f23daa7,3d69f4bd,bc81f8d0,bf441b1b,1,24940639

9050,195,148,55,-996,1523,15629,-1999,3611,-3995,3f23d9c8,3d69dfb4,bc81d30c,bf441bf6,3f23d9c8,3d69dfb5,bc81d30e,bf441bf6,1,24949158

9051,197,151,51,-1017,1524,15624,-1985,3557,-3922,3f23d82c,3d69bef4,bc81ce50,bf441d76,3f23d82b,3d69bef4,bc81ce52,bf441d76,1,24957677

9052,191,151,37,-1026,1514,15622,-1993,3581,-3877,3f23d81c,3d69b3bb,bc81a0ac,bf441d98,3f23d81b,3d69b3bc,bc81a0ae,bf441d99,1,24966195

9053,174,162,21,-1008,1563,15657,-1993,3581,-3877,3f23d905,3d69b543,bc81f0ec,bf441cc6,3f23d904,3d69b544,bc81f0ee,bf441cc7,1,24974714

9054,183,150,21,-1086,1542,15626,-1979,3581,-3920,3f23d904,3d69ce8d,bc81e2ed,bf441cac,3f23d903,3d69ce8d,bc81e2ed,bf441cac,1,24983232

9055,179,161,25,-1002,1572,15632,-1965,3559,-3912,3f23d81e,3d69ad6b,bc828808,bf441d78,3f23d81d,3d69ad6c,bc828809,bf441d78,1,24991751

9056,181,153,27,-986,1372,15631,-1965,3559,-3912,3f23d737,3d693037,bc824ae7,bf441ed8,3f23d736,3d693039,bc824ae9,bf441ed9,1,25000270

9057,165,134,25,-1049,1581,15596,-1943,3551,-4000,3f23d4f6,3d6940c3,bc8300b1,bf442088,3f23d4f5,3d6940c5,bc8300b3,bf442089,1,25008788

9058,162,182,46,-982,1505,15661,-1953,3563,-3952,3f23d220,3d68e4d3,bc83c992,bf442332,3f23d21e,3d68e4d4,bc83c992,bf442333,1,25017307

9059,146,141,52,-977,1674,15632,-1953,3563,-3952,3f23cee3,3d690fc3,bc851ee3,bf442579,3f23cee1,3d690fc4,bc851ee3,bf44257a,1,25025325

9060,177,126,60,-1050,1582,15619,-1989,3541,-3907,3f23ccba,3d69520d,bc851b1f,bf4426fa,3f23ccb8,3d69520d,bc851b1f,bf4426fa,1,25033843

9061,194,152,39,-1013,1634,15655,-1961,3589,-3838,3f23cb4c,3d69566b,bc859ab2,bf442810,3f23cb4c,3d69566d,bc859ab3,bf442811,1,25042362

9062,214,143,42,-1057,1582,15631,-1987,3547,-3916,3f23ca61,3d6966f1,bc8563da,bf4428cb,3f23ca60,3d6966f2,bc8563da,bf4428cb,1,25050880

9063,223,139,43,-1043,1541,15635,-1987,3547,-3916,3f23c97f,3d69580c,bc84f38d,bf4429ac,3f23c97e,3d69580d,bc84f38d,bf4429ad,1,25059399

9064,220,152,41,-1024,1526,15620,-1909,3513,-3933,3f23c4ff,3d68ddc7,bc857497,bf442de8,3f23c4fe,3d68ddc8,bc857497,bf442de9,1,25067917

9065,216,151,41,-1024,1563,15642,-1949,3509,-3895,3f23c238,3d689e7e,bc85bea0,bf443079,3f23c236,3d689e7e,bc85bea0,bf443079,1,25076436

9066,211,155,35,-1044,1522,15643,-1949,3509,-3895,3f23bfc4,3d68592e,bc85d8f1,bf4432d3,3f23bfc2,3d68592e,bc85d8f1,bf4432d3,1,25084955

9067,197,170,19,-999,1543,15629,-1933,3541,-3954,3f23bddb,3d67f93b,bc868803,bf4434be,3f23bddb,3d67f93d,bc868804,bf4434c0,1,25093473

9068,196,176,18,-907,1548,15658,-1989,3571,-3945,3f23bf19,3d679edb,bc8702d3,bf44340b,3f23bf18,3d679edc,bc8702d3,bf44340c,1,25101992

9069,190,156,16,-1035,1553,15626,-1989,3571,-3945,3f23c01d,3d67ae33,bc86f17a,bf443322,3f23c01c,3d67ae34,bc86f17a,bf443323,1,25110510

9070,193,154,17,-1011,1609,15641,-1993,3597,-3972,3f23c178,3d67cf1e,bc871a7c,bf4431d3,3f23c176,3d67cf1e,bc871a7b,bf4431d3,1,25119029

9071,215,145,7,-990,1565,15639,-1937,3569,-3958,3f23c0e8,3d678aa3,bc8778b4,bf44328c,3f23c0e7,3d678aa4,bc8778b4,bf44328d,1,25127548

9072,226,145,19,-970,1551,15631,-1937,3569,-3958,3f23bfb0,3d672e8d,bc87bef9,bf4433f2,3f23bfad,3d672e8c,bc87bef8,bf4433f1,1,25135566

9073,220,131,34,-959,1535,15628,-1953,3529,-4030,3f23bdbe,3d66db59,bc87ec1a,bf4435ea,3f23bdbd,3d66db5a,bc87ec1a,bf4435ea,1,25144084

9074,220,116,43,-1009,1487,15639,-1995,3589,-3988,3f23bdb2,3d66d89c,bc8705c0,bf443620,3f23bdb1,3d66d89e,bc8705c0,bf443620,1,25152603

9075,207,113,43,-1045,1485,15626,-1969,3559,-3987,3f23bbfd,3d66d80a,bc866762,bf4437a8,3f23bbfd,3d66d80d,bc866763,bf4437a9,1,25161121

9076,179,122,42,-1055,1504,15645,-1969,3559,-3987,3f23ba2b,3d66f329,bc8621db,bf443919,3f23ba2a,3d66f32b,bc8621db,bf443919,1,25169640

9077,171,144,45,-1063,1509,15619,-2011,3501,-4014,3f23b988,3d672b1e,bc85b791,bf443972,3f23b987,3d672b1f,bc85b791,bf443972,1,25178159

9078,161,156,42,-1017,1572,15625,-1983,3573,-3963,3f23b879,3d674e9e,bc861c8f,bf443a18,3f23b878,3d674e9f,bc861c8e,bf443a18,1,25186677

9079,162,158,35,-965,1567,15648,-1983,3573,-3963,3f23b806,3d674cc7,bc86ac12,bf443a61,3f23b805,3d674cc9,bc86ac11,bf443a62,1,25195196

9080,162,144,37,-1028,1543,15633,-1943,3529,-3962,3f23b51c,3d6742cd,bc8741c3,bf443cc2,3f23b51b,3d6742cf,bc8741c3,bf443cc3,1,25203714

9081,161,150,40,-977,1540,15631,-1985,3557,-3915,3f23b46b,3d674870,bc878f34,bf443d41,3f23b46a,3d674873,bc878f34,bf443d42,1,25212233

9082,158,144,35,-1011,1573,15644,-1985,3557,-3915,3f23b3f4,3d67782a,bc87db85,bf443d60,3f23b3f3,3d67782c,bc87db84,bf443d60,1,25220752

9083,166,136,53,-1011,1566,15655,-1945,3545,-3910,3f23b072,3d677a85,bc88628d,bf444033,3f23b071,3d677a87,bc88628c,bf444033,1,25229270

9084,172,135,54,-1087,1578,15618,-1995,3555,-3976,3f23aef4,3d67dfde,bc88268b,bf444103,3f23aef3,3d67dfe0,bc88268a,bf444103,1,25237288

9085,173,145,53,-1057,1606,15625,-1995,3555,-3976,3f23ad97,3d6832da,bc88399c,bf4441c2,3f23ad96,3d6832dc,bc88399b,bf4441c2,1,25245807

9086,185,166,46,-1024,1642,15630,-1937,3581,-3927,3f23aa79,3d682a3e,bc891111,bf44443f,3f23aa79,3d682a41,bc891110,bf444440,1,25254325

9087,216,170,34,-969,1602,15631,-2003,3595,-3921,3f23aba1,3d68190f,bc891544,bf44435c,3f23aba0,3d681912,bc891542,bf44435c,1,25262844

9088,224,157,18,-982,1577,15612,-2003,3595,-3921,3f23add7,3d680bae,bc88cdc3,bf4441a1,3f23add6,3d680bb2,bc88cdc3,bf4441a2,1,25271363

9089,228,152,20,-1057,1526,15633,-1967,3563,-3951,3f23adb2,3d67e43d,bc886216,bf444201,3f23adb1,3d67e441,bc886216,bf444202,1,25279881

9090,215,161,24,-999,1488,15629,-1957,3577,-3981,3f23acfa,3d6785a3,bc88445c,bf44430f,3f23acf9,3d6785a7,bc88445c,bf444310,1,25288400

9091,195,161,33,-998,1475,15612,-2021,3531,-3994,3f23ae50,3d676da4,bc87a5b2,bf44422b,3f23ae4e,3d676da7,bc87a5b2,bf44422b,1,25296918

9092,173,162,29,-944,1521,15625,-2021,3531,-3994,3f23aff1,3d675c91,bc87ad6d,bf4440e1,3f23aff0,3d675c95,bc87ad6e,bf4440e2,1,25305437

9093,173,138,30,-945,1579,15643,-1991,3511,-3961,3f23afdf,3d675d5e,bc88273d,bf4440d8,3f23afde,3d675d62,bc88273e,bf4440d9,1,25313956

9094,167,117,32,-901,1559,15655,-1949,3559,-3930,3f23ae4e,3d673a70,bc88d9d4,bf444231,3f23ae4e,3d673a75,bc88d9d6,bf444233,1,25322474

9095,171,89,32,-950,1535,15624,-1949,3559,-3930,3f23acb2,3d6743e2,bc890b25,bf444377,3f23acb0,3d6743e4,bc890b26,bf444377,1,25330492

9096,171,76,31,-1029,1583,15617,-2005,3575,-3984,3f23ad98,3d67d79d,bc888677,bf44421f,3f23ad96,3d67d7a0,bc888678,bf444220,1,25339011

9097,170,68,33,-1055,1555,15618,-1991,3557,-3926,3f23ad97,3d686122,bc87e6cb,bf444199,3f23ad94,3d686124,bc87e6cb,bf444199,1,25347529

9098,175,86,41,-1123,1579,15616,-1991,3557,-3926,3f23acd8,3d69011c,bc873bb7,bf444199,3f23acd6,3d69011f,bc873bb7,bf44419a,1,25356048

9099,177,120,29,-1057,1593,15638,-1987,3575,-3984,3f23acd0,3d695444,bc8724ad,bf44413f,3f23acce,3d695447,bc8724ad,bf444140,1,25364566

9100,188,136,26,-1050,1552,15655,-1971,3549,-3968,3f23ac1b,3d695dcd,bc871dd3,bf4441cd,3f23ac19,3d695dd0,bc871dd3,bf4441ce,1,25373085

9101,189,136,28,-1010,1568,15642,-1971,3549,-3968,3f23ab60,3d695840,bc874dba,bf444267,3f23ab5e,3d695843,bc874dba,bf444268,1,25381604

9102,185,136,22,-993,1599,15641,-1959,3545,-3880,3f23aaa9,3d695341,bc87c755,bf4442f1,3f23aaa7,3d695344,bc87c755,bf4442f2,1,25390122

9103,186,133,21,-1002,1534,15640,-2025,3499,-3984,3f23acac,3d697074,bc875923,bf444134,3f23aca9,3d697076,bc875922,bf444135,1,25398641

9104,190,122,26,-1025,1544,15635,-1965,3575,-3913,3f23ac20,3d6977eb,bc874016,bf4441a4,3f23ac1d,3d6977ee,bc874014,bf4441a6,1,25407159

9105,189,123,35,-975,1579,15631,-1965,3575,-3913,3f23ab1c,3d697450,bc877d13,bf444276,3f23ab19,3d697453,bc877d11,bf444278,1,25415678

9106,194,112,46,-984,1588,15633,-1957,3567,-3963,3f23a8df,3d697506,bc87b9cb,bf444448,3f23a8dc,3d697509,bc87b9c9,bf44444a,1,25424197

9107,189,108,49,-1061,1538,15614,-1979,3547,-3978,3f23a70b,3d69a57b,bc874da7,bf4445a8,3f23a707,3d69a57d,bc874da5,bf4445a9,1,25432715

9108,191,110,37,-1076,1563,15622,-1979,3547,-3978,3f23a5f0,3d69e45d,bc86f3fa,bf444659,3f23a5ed,3d69e460,bc86f3f9,bf44465a,1,25440733

9109,189,126,17,-1044,1578,15630,-2013,3553,-3971,3f23a7e7,3d6a2e01,bc869295,bf44446f,3f23a7e5,3d6a2e05,bc869294,bf444470,1,25449252

9110,194,140,7,-1044,1540,15643,-1993,3595,-3953,3f23a9e7,3d6a3ffd,bc8639b0,bf4442bd,3f23a9e5,3d6a4001,bc8639af,bf4442be,1,25457771

9111,192,147,2,-1077,1529,15631,-1993,3595,-3953,3f23ac19,3d6a59de,bc85c9fd,bf4440db,3f23ac18,3d6a59e3,bc85c9fd,bf4440dd,1,25466289

9112,181,152,16,-1043,1560,15620,-2009,3579,-3988,3f23adfa,3d6a8174,bc859ea1,bf443f24,3f23adf8,3d6a8177,bc859ea0,bf443f24,1,25474808

9113,184,150,35,-984,1652,15636,-2009,3573,-3985,3f23aeba,3d6aaf74,bc860fe9,bf443e39,3f23aeb8,3d6aaf77,bc860fe8,bf443e39,1,25483326

9114,201,142,44,-1059,1636,15642,-2009,3573,-3985,3f23aec8,3d6af96a,bc85ef84,bf443ddb,3f23aec6,3d6af96d,bc85ef83,bf443ddb,1,25491845

9115,225,151,46,-1012,1579,15638,-2015,3505,-3933,3f23aeda,3d6aeb2c,bc85a098,bf443de9,3f23aed8,3d6aeb30,bc85a097,bf443dea,1,25500372

9116,241,145,38,-997,1547,15630,-1995,3529,-3922,3f23aec8,3d6aabc7,bc853c40,bf443e56,3f23aec6,3d6aabcb,bc853c3f,bf443e57,1,25508891

9117,245,132,32,-980,1543,15609,-2013,3535,-3877,3f23b042,3d6a855b,bc8490bc,bf443d65,3f23b040,3d6a855e,bc8490bb,bf443d66,1,25517409

9118,241,127,27,-1005,1475,15642,-2013,3535,-3877,3f23b1fe,3d6a52cf,bc838057,bf443c5e,3f23b1fb,3d6a52d1,bc838056,bf443c5e,1,25525928

9119,217,124,31,-972,1498,15626,-2055,3557,-3982,3f23b59a,3d6a5f78,bc826a1b,bf443978,3f23b598,3d6a5f7c,bc826a1b,bf44397a,1,25534447

9120,198,120,36,-1037,1505,15623,-2065,3511,-3960,3f23b8d1,3d6ab443,bc812c95,bf44369a,3f23b8cf,3d6ab447,bc812c95,bf44369c,1,25542465

9121,179,113,44,-1073,1500,15624,-2065,3511,-3960,3f23bb3f,3d6b3171,bc7fcf54,bf443433,3f23bb3c,3d6b3175,bc7fcf53,bf443434,1,25550983

9122,164,132,48,-1075,1541,15634,-1993,3549,-4002,3f23b9b0,3d6b63f1,bc7fcf97,bf443543,3f23b9ac,3d6b63f4,bc7fcf94,bf443544,1,25559502

9123,158,153,39,-1073,1559,15611,-2015,3565,-3953,3f23b9fc,3d6baba3,bc7fd63f,bf4434ad,3f23b9f9,3d6baba7,bc7fd63c,bf4434af,1,25568021

9124,162,170,46,-1039,1670,15637,-2015,3565,-3953,3f23b9e0,3d6bfb76,bc80a44d,bf443446,3f23b9dd,3d6bfb7a,bc80a44b,bf443448,1,25576539

9125,189,176,51,-987,1642,15635,-2045,3525,-3909,3f23bb25,3d6c21f2,bc80fc34,bf4432f9,3f23bb22,3d6c21f7,bc80fc32,bf4432fc,1,25585058

9126,226,166,45,-1002,1619,15619,-2003,3555,-3945,3f23bae5,3d6c017d,bc81303c,bf44334e,3f23bae1,3d6c0180,bc813039,bf443350,1,25593577

9127,241,161,28,-1058,1544,15636,-2003,3555,-3945,3f23bbb1,3d6bd4d5,bc80af0a,bf4432ee,3f23bbad,3d6bd4d9,bc80af08,bf4432f0,1,25602095

9128,241,167,15,-1000,1575,15657,-2017,3541,-3929,3f23be1e,3d6b9c09,bc8078e4,bf443137,3f23be19,3d6b9c0c,bc8078e2,bf443138,1,25610614

9129,250,172,22,-1014,1557,15646,-2003,3563,-3983,3f23bf69,3d6b496c,bc803932,bf44308f,3f23bf66,3d6b4971,bc803931,bf443091,1,25619133

9130,247,147,23,-1003,1373,15622,-2017,3549,-3990,3f23c151,3d6abf98,bc7dc50e,bf442fd4,3f23c14d,3d6abf9c,bc7dc50b,bf442fd5,1,25627651

9131,216,152,37,-1049,1484,15632,-2017,3549,-3990,3f23c1fc,3d6aa274,bc7c6880,bf442f86,3f23c1f9,3d6aa27a,bc7c687f,bf442f88,1,25635669

9132,191,153,45,-999,1468,15636,-1981,3513,-3942,3f23c02c,3d6a4951,bc7c96a3,bf44316f,3f23c029,3d6a4956,bc7c96a0,bf443170,1,25644188

9133,175,147,44,-993,1502,15651,-1991,3609,-4000,3f23bf87,3d6a2d92,bc7cca56,bf443214,3f23bf84,3d6a2d97,bc7cca53,bf443215,1,25652706

9134,156,139,53,-1058,1599,15603,-1991,3609,-4000,3f23be03,3d6a8168,bc7d9092,bf4432e6,3f23be00,3d6a816d,bc7d908e,bf4432e7,1,25661225

9135,168,146,49,-978,1613,15643,-1971,3521,-3969,3f23bb6f,3d6a749d,bc7fa2dd,bf4434ef,3f23bb6d,3d6a74a4,bc7fa2da,bf4434f2,1,25669744

9136,185,147,45,-980,1604,15647,-1993,3571,-4050,3f23ba7e,3d6a71b4,bc8064e8,bf4435a5,3f23ba7b,3d6a71ba,bc8064e6,bf4435a7,1,25678262

9137,200,128,43,-1015,1588,15634,-1993,3571,-4050,3f23b9b0,3d6a83eb,bc807fa1,bf443636,3f23b9ad,3d6a83f0,bc807f9e,bf443637,1,25686781

9138,214,132,37,-1031,1473,15638,-1943,3541,-3964,3f23b6fb,3d6a25e3,bc806f76,bf4438ec,3f23b6f8,3d6a25e7,bc806f73,bf4438ec,1,25695300

9139,195,129,30,-1049,1469,15629,-1985,3555,-3860,3f23b6e1,3d6a180b,bc7fe1f4,bf443927,3f23b6df,3d6a1810,bc7fe1f0,bf443928,1,25703818

9140,178,153,38,-1046,1542,15615,-1985,3555,-3860,3f23b620,3d6a210c,bc801467,bf4439b6,3f23b61e,3d6a2111,bc801465,bf4439b7,1,25712337

9141,170,164,38,-992,1571,15633,-1939,3569,-4021,3f23b329,3d69e19d,bc81285f,bf443c4d,3f23b328,3d69e1a3,bc81285e,bf443c4f,1,25720855

9142,184,160,27,-990,1592,15628,-1923,3537,-3899,3f23b04f,3d699828,bc8246e6,bf443ed6,3f23b04d,3d69982d,bc8246e4,bf443ed7,1,25729374

9143,200,155,17,-973,1577,15644,-1981,3513,-3899,3f23b0a3,3d69671e,bc82c1db,bf443eb7,3f23b0a1,3d696723,bc82c1d9,bf443eb8,1,25737893

9144,212,157,6,-962,1572,15654,-1981,3513,-3899,3f23b1c5,3d692171,bc8329db,bf443e07,3f23b1c3,3d692177,bc8329da,bf443e09,1,25745911

9145,225,131,7,-1003,1490,15635,-1975,3579,-3875,3f23b32d,3d68e961,bc82b186,bf443d30,3f23b32b,3d68e967,bc82b185,bf443d32,1,25754429

9146,217,118,12,-969,1504,15634,-1995,3591,-4005,3f23b516,3d68c747,bc823d5c,bf443bd4,3f23b514,3d68c74c,bc823d5a,bf443bd6,1,25762948

9147,198,113,9,-1032,1493,15644,-1995,3591,-4005,3f23b6ec,3d68d9a3,bc81a0d2,bf443a51,3f23b6ea,3d68d9a8,bc81a0d0,bf443a53,1,25771467

9148,172,110,10,-1068,1470,15622,-1953,3545,-3880,3f23b665,3d68e49f,bc8171ad,bf443abc,3f23b662,3d68e4a2,bc8171a9,bf443abd,1,25779985

9149,157,123,24,-1014,1601,15631,-2003,3561,-4004,3f23b731,3d693db1,bc81c886,bf443999,3f23b72e,3d693db5,bc81c882,bf44399a,1,25788504

9150,166,127,40,-972,1550,15633,-2003,3561,-4004,3f23b724,3d695698,bc81fcff,bf44397f,3f23b721,3d69569c,bc81fcfa,bf443980,1,25797023

9151,177,118,56,-1012,1570,15641,-2031,3583,-3993,3f23b79f,3d69b49e,bc81a1c6,bf4438b7,3f23b79d,3d69b4a3,bc81a1c2,bf4438b9,1,25805541

9152,183,116,60,-1022,1562,15631,-2003,3537,-3956,3f23b621,3d69e97c,bc817fc5,bf4439bd,3f23b61e,3d69e97f,bc817fc0,bf4439be,1,25814060

9153,186,121,33,-985,1547,15648,-2003,3537,-3956,3f23b680,3d69f5bb,bc8177cc,bf443961,3f23b67d,3d69f5be,bc8177c7,bf443962,1,25822578

9154,184,119,25,-1040,1500,15638,-1983,3533,-3996,3f23b61d,3d69f6a3,bc814087,bf4439bb,3f23b61a,3d69f6a6,bc814082,bf4439bc,1,25831097

9155,182,119,18,-1035,1555,15633,-2003,3565,-3991,3f23b76a,3d6a2db2,bc811222,bf44386a,3f23b768,3d6a2db5,bc81121d,bf44386c,1,25839616

9156,174,130,14,-1080,1514,15650,-1991,3561,-3963,3f23b840,3d6a56e7,bc80cb1d,bf443793,3f23b83e,3d6a56ea,bc80cb18,bf443795,1,25848134

9157,173,140,5,-1065,1541,15636,-1991,3561,-3963,3f23b9aa,3d6a7aab,bc80c96b,bf44363a,3f23b9a8,3d6a7aae,bc80c965,bf44363c,1,25856152

9158,170,145,-4,-997,1614,15612,-2005,3569,-3973,3f23bc85,3d6aa8ae,bc814aad,bf44338c,3f23bc82,3d6aa8af,bc814aa6,bf44338d,1,25864671

9159,182,150,0,-1001,1567,15637,-1997,3559,-3971,3f23beb4,3d6aa540,bc81950c,bf4431b1,3f23beb1,3d6aa541,bc819505,bf4431b2,1,25873190

9160,189,135,8,-948,1547,15639,-1997,3559,-3971,3f23c096,3d6a82a3,bc81d0cb,bf44303f,3f23c093,3d6a82a5,bc81d0c5,bf443040,1,25881708

9161,183,114,17,-992,1531,15650,-2001,3511,-3929,3f23c1ac,3d6a89ed,bc81b94c,bf442f52,3f23c1a9,3d6a89ee,bc81b946,bf442f52,1,25890227

9162,191,100,20,-1052,1538,15657,-1983,3543,-3914,3f23c1dd,3d6ab26f,bc8164f9,bf442f05,3f23c1dc,3d6ab272,bc8164f4,bf442f07,1,25898745

9163,187,109,9,-1060,1614,15651,-1983,3543,-3914,3f23c2af,3d6afbe5,bc817a8c,bf442dfb,3f23c2ad,3d6afbe6,bc817a86,bf442dfc,1,25907264

9164,187,121,-3,-1042,1515,15656,-2003,3533,-3953,3f23c521,3d6b0f1c,bc811bb9,bf442be9,3f23c51f,3d6b0f1d,bc811bb3,bf442bea,1,25915783

9165,189,130,-9,-1068,1501,15643,-1939,3553,-3946,3f23c51b,3d6ae514,bc813e4b,bf442c1a,3f23c51a,3d6ae517,bc813e46,bf442c1d,1,25924301

9166,178,142,-7,-1063,1466,15653,-1939,3553,-3946,3f23c4e9,3d6aa614,bc816932,bf442c88,3f23c4e8,3d6aa615,bc81692c,bf442c8b,1,25932820

9167,161,167,2,-1066,1488,15654,-2011,3585,-3945,3f23c7a1,3d6ab630,bc812e0c,bf442a3a,3f23c79e,3d6ab62f,bc812e04,bf442a3c,1,25941338

9168,137,176,7,-947,1666,15667,-1991,3579,-3952,3f23c91c,3d6ac99e,bc82a3cb,bf4428aa,3f23c918,3d6ac99c,bc82a3c2,bf4428aa,1,25949857

9169,158,150,-5,-1052,1703,15690,-1963,3557,-3953,3f23c9c1,3d6b0d1b,bc83c904,bf44279d,3f23c9c0,3d6b0d1c,bc83c8fd,bf4427a0,1,25957875

9170,210,153,-34,-987,1778,15667,-1963,3557,-3953,3f23ccae,3d6b1ecb,bc850e0d,bf4424e0,3f23ccac,3d6b1ecb,bc850e06,bf4424e2,1,25966394

9171,262,159,-31,-1012,1622,15713,-1963,3507,-3973,3f23cf29,3d6ab6bb,bc855168,bf442340,3f23cf25,3d6ab6b9,bc855160,bf442340,1,25974912

9172,293,153,-20,-1070,1532,15634,-1999,3573,-3983,3f23d32a,3d6a6c54,bc842f25,bf442070,3f23d328,3d6a6c54,bc842f1f,bf442073,1,25983431

9173,279,172,-13,-1848,772,15617,-1999,3573,-3983,3f23d4d6,3d6a50ae,bc7da415,bf44200f,3f23d4d2,3d6a50ac,bc7da407,bf442011,1,25991949

9174,195,294,36,-1219,1781,15615,-1987,3535,-3926,3f23d33e,3d6a797d,bc804257,bf4420f7,3f23d33a,3d6a797b,bc804250,bf4420f9,1,26000468

9175,254,363,-1,-720,1755,15640,-1957,3517,-3824,3f23d43d,3d68f858,bc836d48,bf442166,3f23d43a,3d68f857,bc836d41,bf442169,1,26008986

9176,299,315,-4,-738,1779,15677,-1957,3517,-3824,3f23d5b9,3d679bdc,bc85dbae,bf44215d,3f23d5b5,3d679bd9,bc85dba5,bf44215e,1,26017505

9177,410,207,-7,-982,1951,15583,-2011,3555,-3926,3f23d9fb,3d6761ee,bc8618da,bf441e07,3f23d9f8,3d6761ee,bc8618d2,bf441e0a,1,26026024

9178,512,201,-76,-800,1805,15756,-1975,3589,-3936,3f23e254,3d6607f5,bc85bb1f,bf4418b7,3f23e251,3d6607f4,bc85bb16,bf4418b9,1,26034542

9179,605,157,-116,-1234,1641,15746,-1975,3589,-3936,3f23ecb2,3d652dde,bc823417,bf4411a2,3f23ecaf,3d652ddd,bc82340e,bf4411a4,1,26043061

9180,635,230,-180,-1124,1349,15674,-2001,3565,-3952,3f23fc79,3d635229,bc7bddeb,bf44074c,3f23fc76,3d635229,bc7bddda,bf44074f,1,26051579

9181,608,294,-266,-1051,1175,15764,-1957,3589,-3931,3f240fed,3d60b3a3,bc74e787,bf43fa97,3f240fe9,3d60b3a2,bc74e775,bf43fa9a,1,26059597

9182,557,315,-307,-1274,1324,16062,-2011,3553,-3890,3f242771,3d5f0b1d,bc6dcb91,bf43e956,3f24276d,3d5f0b1c,bc6dcb7e,bf43e959,1,26068116

9183,530,300,-210,-841,717,15845,-2011,3553,-3890,3f24397a,3d5bc2ed,bc65643b,bf43de8f,3f243975,3d5bc2ec,bc656427,bf43de91,1,26076634

9184,426,307,-254,-1367,877,15906,-1953,3585,-3968,3f244a3a,3d59f28c,bc5defd1,bf43d313,3f244a36,3d59f28d,bc5defbf,bf43d317,1,26085153

9185,331,329,-222,-1281,832,15752,-1983,3559,-3926,3f2459ae,3d58487e,bc57f49e,bf43c860,3f2459a9,3d58487e,bc57f489,bf43c862,1,26093672

9186,316,281,-240,-1336,677,15542,-1983,3559,-3926,3f246a19,3d56d17a,bc507c01,bf43bcb4,3f246a14,3d56d17a,bc507beb,bf43bcb6,1,26102190

9187,266,182,-326,-1337,602,16067,-1973,3575,-3953,3f247fa3,3d55b03e,bc489613,bf43ac5b,3f247f9f,3d55b040,bc4895fe,bf43ac5f,1,26110709

9188,218,79,-413,-1530,698,16030,-1997,3551,-3984,3f249ad5,3d55b42f,bc3f5880,bf43960b,3f249ad0,3d55b430,bc3f586a,bf43960e,1,26119227

9189,179,-57,-518,-1508,586,16126,-1997,3551,-3984,3f24bca7,3d562567,bc34be6d,bf4379b5,3f24bca2,3d562568,bc34be56,bf4379b8,1,26127746

9190,89,-177,-677,-1575,622,16362,-1985,3575,-3926,3f24e7ec,3d5773c3,bc2aad3f,bf435456,3f24e7e8,3d5773c5,bc2aad29,bf43545a,1,26136265

9191,-73,-183,-800,-1983,706,17139,-2067,3595,-3914,3f251caa,3d5a2465,bc219b18,bf432541,3f251ca6,3d5a2467,bc219b01,bf432544,1,26144783

9192,-211,-142,-955,-2561,133,18190,-2067,3595,-3914,3f255990,3d5ce0e4,bc199108,bf42eefe,3f25598d,3d5ce0e8,bc1990f2,bf42ef03,1,26152801

9193,-443,-168,-1285,-2820,-127,18997,-2043,3537,-3989,3f25a907,3d60425c,bc14d12c,bf42a7d8,3f25a904,3d604260,bc14d116,bf42a7dc,1,26161320

9194,-657,-252,-1741,-2726,635,19007,-2025,3589,-3945,3f2613f0,3d653fc5,bc14cb74,bf4246d6,3f2613ec,3d653fc8,bc14cb5d,bf4246d9,1,26169845

9195,-640,-266,-2118,-2249,882,18450,-2089,3573,-3927,3f2698d9,3d6a2d29,bc1572d3,bf41cefe,3f2698d5,3d6a2d2c,bc1572bc,bf41cf01,1,26178363

9196,-515,-326,-2384,-1932,862,17146,-2089,3573,-3927,3f272ec7,3d6e9b9e,bc1436c9,bf41485a,3f272ec3,3d6e9ba2,bc1436b2,bf41485e,1,26186882

9197,-574,-312,-2413,-514,1446,16997,-2083,3525,-3970,3f27c7fc,3d713de0,bc217e5d,bf40bf7a,3f27c7f7,3d713de2,bc217e46,bf40bf7c,1,26195400

9198,-515,-580,-2472,-2759,607,16225,-2109,3569,-3954,3f28611d,3d775cc9,bc1ab44b,bf403256,3f286119,3d775ccd,bc1ab436,bf403259,1,26203919

9199,-447,-169,-2685,-697,1467,17110,-2109,3569,-3954,3f290b27,3d7928e8,bc26da3e,bf3f99e0,3f290b24,3d7928ed,bc26da29,bf3f99e4,1,26212438

9200,-376,-599,-2733,-1277,244,17214,-2167,3567,-3972,3f29b83a,3d7c251f,bc1fc9e1,bf3efd18,3f29b836,3d7c2522,bc1fc9cb,bf3efd1a,1,26220956

9201,-426,-759,-3207,-1812,1565,17445,-2237,3571,-3942,3f2a843d,3d816acf,bc1a888e,bf3e3e55,3f2a8439,3d816ad1,bc1a8879,bf3e3e57,1,26229475

9202,-384,-935,-3434,-1271,857,17481,-2237,3571,-3942,3f2b5e80,3d83c076,bc112fb3,bf3d73d6,3f2b5e7d,3d83c079,bc112fa0,bf3d73d9,1,26237994

9203,-361,-1055,-3610,-1301,1571,16737,-2245,3575,-3948,3f2c4326,3d86f7a3,bc0b65c3,bf3c9b35,3f2c4323,3d86f7a6,bc0b65b1,bf3c9b38,1,26246512

9204,-285,-988,-3548,-946,1452,16516,-2277,3551,-3981,3f2d2537,3d894493,bc0756e5,bf3bc545,3f2d2534,3d894496,bc0756d3,bf3bc548,1,26255031

9205,-123,-1084,-3438,-1574,969,16175,-2277,3551,-3981,3f2dfc02,3d8bc19e,bbed5295,bf3af7a7,3f2dfbff,3d8bc1a0,bbed5271,bf3af7a9,1,26263049

9206,-43,-1164,-3623,-1838,434,16045,-2339,3545,-3920,3f2eddae,3d8e3923,bbc21ed0,bf3a1df6,3f2eddac,3d8e3926,bbc21ead,bf3a1df9,1,26271567

9207,-58,-1068,-3980,-1820,913,15962,-2345,3545,-3949,3f2fd3d0,3d90c17b,bb9dbf55,bf392e33,3f2fd3cd,3d90c17d,bb9dbf32,bf392e36,1,26280086

9208,-71,-814,-4301,-1747,1037,16163,-2387,3565,-3972,3f30dd50,3d92cb4a,bb8350ce,bf382a8e,3f30dd4c,3d92cb4b,bb8350ab,bf382a91,1,26288605

9209,-151,-657,-4449,-546,1107,16513,-2387,3565,-3972,3f31f01d,3d9373aa,bb8678c2,bf371ef3,3f31f019,3d9373ab,bb86789f,bf371ef6,1,26297123

9210,-312,-910,-4455,-1071,1637,16483,-2429,3541,-3959,3f3303b8,3d95b3eb,bb8743a9,bf360a33,3f3303b5,3d95b3ed,bb87438a,bf360a37,1,26305642

9211,-191,-747,-4616,-3863,1637,15955,-2513,3523,-3937,3f3415dd,3d991de1,bb675481,bf34efce,3f3415da,3d991de3,bb675445,bf34efd2,1,26314160

9212,86,708,-5197,-20,997,15745,-2513,3523,-3937,3f35532a,3d96a18a,bb9ddce7,bf33b9b9,3f355327,3d96a18c,bb9ddcc8,bf33b9bc,1,26322679

9213,-266,786,-4814,700,2879,15370,-2517,3567,-3955,3f3672fa,3d95dc34,bbe6d945,bf3296e2,3f3672f6,3d95dc35,bbe6d924,bf3296e4,1,26331197

9214,-444,-259,-5357,2434,104,9062,-2561,3537,-4009,3f37af3c,3d962d25,bc0593e6,bf314faa,3f37af38,3d962d26,bc0593d7,bf314fad,1,26339716

9215,-1132,-4080,-6653,-719,3733,15603,-2561,3537,-4009,3f393019,3da11a7f,bbdb20bc,bf2f97de,3f393015,3da11a81,bbdb20a2,bf2f97e2,1,26348235

9216,105,-6043,-7775,-2896,905,16330,-2653,3521,-3992,3f3af27e,3dac93b0,ba85533d,bf2d8e0f,3f3af27a,3dac93b2,ba8552e5,bf2d8e13,1,26356753

9217,1079,-5678,-9045,-2072,810,14783,-2829,3517,-3923,3f3d0122,3db52bdf,3ba4d951,bf2b2b40,3f3d011f,3db52be1,3ba4d963,bf2b2b44,1,26365272

9218,790,-5397,-9202,-2718,2511,14644,-2829,3517,-3923,3f3f07f6,3dbf4b33,3c23ce1e,bf28b714,3f3f07f3,3dbf4b35,3c23ce26,bf28b718,1,26373290

9219,1013,-5932,-9494,-2775,2341,13966,-2909,3499,-3962,3f4115d8,3dc9da4a,3c8057b3,bf2622f3,3f4115d3,3dc9da4a,3c8057b5,bf2622f5,1,26381808

9220,863,-6771,-9787,-2048,1692,14768,-3021,3499,-3916,3f433785,3dd4f399,3cb58c94,bf235b79,3f433782,3dd4f39b,3cb58c97,bf235b7d,1,26390327

9221,639,-7057,-10176,-833,740,15751,-3141,3413,-3802,3f455901,3ddf106e,3ce6cdae,bf208020,3f4558ff,3ddf1070,3ce6cdb1,bf208025,1,26398845

9222,409,-6686,-10198,-769,59,16867,-3141,3413,-3802,3f476828,3de8e9bc,3d09e9fa,bf1da453,3f476826,3de8e9be,3d09e9fc,bf1da458,1,26407364

9223,251,-5640,-10095,-2274,-255,16982,-3275,3393,-3872,3f496544,3df18860,3d1d6461,bf1ad083,3f496540,3df18860,3d1d6461,bf1ad086,1,26415883

9224,186,-3953,-10214,-1906,662,16957,-3381,3321,-3700,3f4b6961,3df77f2d,3d28929a,bf17f58e,3f4b695e,3df77f30,3d28929c,bf17f592,1,26424401

9225,382,-2547,-10281,-2158,1463,17428,-3381,3321,-3700,3f4d7099,3dfad81f,3d2d7978,bf1518b2,3f4d7095,3dfad820,3d2d7978,bf1518b5,1,26432920

9226,1085,-1520,-10383,-2923,385,16696,-3369,3277,-3727,3f4f734c,3dfb3545,3d325c72,bf1240de,3f4f734a,3dfb3548,3d325c74,bf1240e2,1,26441438

9227,1395,-703,-10251,-3342,665,14604,-3475,3223,-3794,3f516a01,3dfa51e7,3d360430,bf0f6f10,3f5169fe,3dfa51ea,3d360433,bf0f6f14,1,26449957

9228,1142,-174,-10306,-2784,1111,12724,-3475,3223,-3794,3f535b79,3df94b3d,3d36a426,bf0c9477,3f535b78,3df94b42,3d36a42a,bf0c947c,1,26458476

9229,483,-171,-10456,-1355,1426,11978,-3459,3213,-3829,3f554904,3df90031,3d30309e,bf09adb7,3f554902,3df90034,3d3030a2,bf09adbb,1,26466994

9230,-306,-715,-10575,-300,2326,12415,-3491,3169,-3719,3f572530,3dfbf70d,3d289ccc,bf06b487,3f57252c,3dfbf70e,3d289cce,bf06b48a,1,26475012

9231,-658,-1490,-10758,-324,1951,13560,-3491,3169,-3719,3f58f857,3e002012,3d23d346,bf03a3e6,3f58f853,3e002013,3d23d348,bf03a3e9,1,26483531

9232,-774,-1876,-10789,-1168,377,14577,-3585,3061,-3710,3f5abe75,3e024cdc,3d22fa48,bf0089e3,3f5abe74,3e024cdf,3d22fa4d,bf0089e8,1,26492049

9233,-1125,-1891,-10078,-3407,2144,15238,-3693,2985,-3706,3f5c55cc,3e05d35a,3d24f6c2,befb1994,3f5c55c9,3e05d35c,3d24f6c6,befb199c,1,26500568

9234,-1279,-1163,-9675,-1688,2291,14611,-3703,2955,-3788,3f5ddd88,3e08564d,3d1e6029,bef55fa1,3f5ddd87,3e085650,3d1e602f,bef55fac,1,26509087

9235,-1225,-618,-9596,-1128,914,14170,-3703,2955,-3788,3f5f53f7,3e0a1ae3,3d17080d,beefd423,3f5f53f5,3e0a1ae5,3d170812,beefd42c,1,26517605

9236,-1864,-476,-9490,-164,2137,14606,-3691,2851,-3754,3f60b79e,3e0cbf19,3d0baf53,beea4c2a,3f60b79c,3e0cbf1b,3d0baf58,beea4c33,1,26526124

9237,-2162,-962,-9580,-843,2365,14423,-3741,2717,-3766,3f621369,3e1009b3,3d01f1d5,bee49671,3f621367,3e1009b5,3d01f1d9,bee4967a,1,26534642

9238,-2301,-1514,-10112,-698,2957,14296,-3741,2717,-3766,3f63746c,3e13fb2f,3cf2ea7f,bede7a34,3f63746a,3e13fb31,3cf2ea86,bede7a3d,1,26543161

9239,-2313,-2015,-10494,-643,3534,13562,-3773,2687,-3703,3f64d4f1,3e187fdc,3ce555d7,bed8076e,3f64d4f0,3e187fde,3ce555de,bed80777,1,26551680

9240,-2295,-2629,-10573,-1506,3294,13973,-3787,2553,-3715,3f6630c7,3e1d425d,3cdef791,bed152e4,3f6630c4,3e1d425e,3cdef795,bed152ec,1,26560198

9241,-2194,-2990,-10448,-3935,6669,12531,-3787,2553,-3715,3f6766e8,3e22edb5,3ce1eb9a,becac848,3f6766e6,3e22edb6,3ce1eb9d,becac851,1,26568216

9242,-1566,-2523,-9352,-4712,7129,12212,-3831,2451,-3671,3f687616,3e278662,3ce591d1,bec4e603,3f687614,3e278663,3ce591d4,bec4e60c,1,26576735

9243,-815,-2150,-8097,-4870,5320,12552,-3787,2421,-3646,3f695ea9,3e2adb54,3ced0ef1,bebfc874,3f695ea6,3e2adb54,3ced0ef2,bebfc87c,1,26585253

9244,-645,-1753,-7087,-4804,3177,13348,-3787,2421,-3646,3f6a2736,3e2d3135,3cf63635,bebb57df,3f6a2734,3e2d3136,3cf63636,bebb57e8,1,26593772

9245,-1052,-916,-6378,-2900,2488,13827,-3805,2323,-3630,3f6adb4e,3e2ee576,3cf521ab,beb76394,3f6adb4c,3e2ee577,3cf521ab,beb7639d,1,26602290

9246,-1700,-353,-6200,279,2591,13989,-3873,2251,-3647,3f6b8341,3e31131a,3ce36383,beb38ccc,3f6b833f,3e31131b,3ce36382,beb38cd5,1,26610809

9247,-2125,-862,-6639,400,3936,14315,-3905,2207,-3707,3f6c2adb,3e34456a,3cd29653,beaf588a,3f6c2ad9,3e34456b,3cd29652,beaf5893,1,26619327

9248,-1984,-1726,-7553,-1628,4444,15062,-3905,2207,-3707,3f6ceb1e,3e37c07f,3cca1cdc,beaa5baa,3f6ceb1c,3e37c080,3cca1cda,beaa5bb3,1,26627846

9249,-1641,-2215,-8569,-2733,4708,14919,-3917,2221,-3639,3f6dbb55,3e3b9d44,3ccf6f61,bea4a722,3f6dbb53,3e3b9d45,3ccf6f5e,bea4a72b,1,26636365

9250,-1501,-2059,-8610,-2307,6075,14729,-3933,2059,-3676,3f6e7f55,3e3fa358,3cccfbb4,be9efacf,3f6e7f53,3e3fa359,3cccfbb1,be9efad8,1,26644883

9251,-1156,-1721,-8348,-1076,5281,14825,-3933,2059,-3676,3f6f44f0,3e4254f4,3cc44336,be997865,3f6f44ee,3e4254f5,3cc44332,be99786e,1,26653402

9252,-1063,-1518,-8405,646,3886,14694,-3883,2009,-3632,3f700866,3e444e57,3cbabd9a,be9405d0,3f700866,3e444e5a,3cbabd97,be9405da,1,26661921

9253,-1535,-1877,-8290,1119,4462,14684,-3867,1933,-3598,3f70b807,3e47198b,3cb2d771,be8e9248,3f70b805,3e47198c,3cb2d76d,be8e9251,1,26670439

9254,-2073,-2763,-7876,279,9111,15504,-3867,1933,-3598,3f7140fb,3e4babb9,3cb396b9,be893c97,3f7140f9,3e4babba,3cb396b5,be893ca0,1,26678457

9255,-1860,-3300,-7339,-4426,2552,14538,-3883,1893,-3614,3f71bdbb,3e4f2cdb,3cc626d9,be844e96,3f71bdb9,3e4f2cdc,3cc626d4,be844e9f,1,26686976

9256,-2484,-2281,-7648,928,7126,15639,-3921,1801,-3644,3f72323f,3e53a5b1,3cc01a88,be7e48ae,3f72323e,3e53a5b3,3cc01a83,be7e48c1,1,26695494

9257,-2385,-3071,-6575,-2502,7561,14634,-3921,1801,-3644,3f727da5,3e58de14,3cca938c,be7519f9,3f727da3,3e58de15,3cca9385,be751a0b,1,26704013

9258,-1821,-2476,-6419,-3889,7939,15420,-3945,1747,-3602,3f72c9c5,3e5d13dd,3cd48137,be6c5788,3f72c9c5,3e5d13e0,3cd48130,be6c579b,1,26712532

9259,-1264,-1342,-5524,-2810,6556,14978,-3957,1695,-3551,3f7310b9,3e60184b,3cd78b19,be64c744,3f7310b7,3e60184c,3cd78b10,be64c756,1,26721050

9260,-1208,-431,-5310,-1785,5645,15396,-3943,1583,-3566,3f7366b7,3e61917d,3ccbe817,be5dac2c,3f7366b5,3e61917e,3ccbe80d,be5dac3e,1,26729569

9261,-1508,22,-5401,-576,6425,15552,-3943,1583,-3566,3f73b062,3e63b4d6,3cb6af35,be569ac4,3f73b062,3e63b4d9,3cb6af2c,be569ad7,1,26738088

9262,-1696,-288,-5505,-1303,7326,15925,-3883,1557,-3539,3f73ef08,3e6693bf,3ca445f1,be4f3204,3f73ef08,3e6693c0,3ca445e7,be4f3216,1,26746606

9263,-1627,-846,-5481,-1244,7828,15489,-3905,1515,-3618,3f7424ae,3e69bb12,3c987a5f,be47b7ff,3f7424ae,3e69bb13,3c987a54,be47b811,1,26755125

9264,-1314,-1263,-5424,-643,7735,14733,-3905,1515,-3618,3f745c3c,3e6c748a,3c90b708,be403701,3f745c3c,3e6c748b,3c90b6fd,be403713,1,26763643

9265,-803,-1638,-5508,132,8281,14068,-3885,1469,-3527,3f74992c,3e6eaf8f,3c8dcc0d,be387e06,3f74992c,3e6eaf90,3c8dcc01,be387e17,1,26772162

9266,-202,-2398,-5605,-1536,7327,12913,-3903,1401,-3467,3f74d8ab,3e70a1b3,3c97e0b5,be3065c8,3f74d8ac,3e70a1b5,3c97e0a8,be3065db,1,26780180

9267,-79,-2843,-5478,-1753,6443,11683,-3903,1401,-3467,3f7512e1,3e727f61,3ca914d7,be285ccf,3f7512e0,3e727f61,3ca914c7,be285ce1,1,26788699

9268,-319,-2591,-5183,-766,6607,11249,-3889,1413,-3451,3f754402,3e747720,3cb30ec9,be20b5d7,3f754401,3e747720,3cb30eb9,be20b5e9,1,26797217

9269,-473,-2184,-5090,-972,6487,11107,-3897,1351,-3417,3f756cf7,3e7693d4,3cb9e07b,be19487b,3f756cf6,3e7693d4,3cb9e06b,be19488d,1,26805736

9270,-600,-1673,-5245,-679,6577,11280,-3897,1351,-3417,3f7594c2,3e78a206,3cb97c62,be11ce13,3f7594c2,3e78a207,3cb97c54,be11ce25,1,26814254

9271,-783,-1292,-5347,-485,6526,11814,-3925,1307,-3412,3f75bac7,3e7aa814,3cb38218,be0a4218,3f75bac6,3e7aa814,3cb38209,be0a422a,1,26822773

9272,-982,-1012,-5255,-50,7116,11911,-3849,1241,-3477,3f75d770,3e7ce4c9,3caa9874,be02fbf5,3f75d770,3e7ce4ca,3caa9866,be02fc07,1,26831292

9273,-946,-880,-5238,-1120,7384,11438,-3803,1185,-3375,3f75eb27,3e7f5827,3ca4978e,bdf7af72,3f75eb26,3e7f5827,3ca4977f,bdf7af95,1,26839810

9274,-797,-523,-5322,-1974,7940,10636,-3803,1185,-3375,3f75fe62,3e80c617,3c9d69a5,bde9ae72,3f75fe60,3e80c616,3c9d6996,bde9ae94,1,26848329

9275,-604,132,-4986,-1228,8980,10014,-3787,1159,-3449,3f761093,3e81b40c,3c8ee9c2,bddce699,3f761093,3e81b40c,3c8ee9b4,bddce6bc,1,26856848

9276,-282,557,-4620,5547,5192,11824,-3777,1085,-3436,3f76355f,3e81ef57,3c6ee424,bdd1068a,3f76355f,3e81ef57,3c6ee408,bdd106ad,1,26865366

9277,-459,-432,-4699,-1161,9009,9700,-3777,1085,-3436,3f764229,3e82cb03,3c5fb426,bdc496bc,3f764229,3e82cb03,3c5fb409,bdc496df,1,26873384

9278,-217,-31,-3855,-3675,11790,10403,-3817,1115,-3484,3f764b6b,3e83714f,3c51ef1d,bdbabf71,3f764b6b,3e83714f,3c51ef00,bdbabf94,1,26881903

9279,503,1190,-2623,-3973,10677,11602,-3733,1089,-3447,3f765bad,3e83850f,3c35b8f6,bdb4e373,3f765bad,3e83850f,3c35b8d8,bdb4e396,1,26890422

9280,1293,2246,-1892,-2396,7974,13107,-3733,1089,-3447,3f767b93,3e82e915,3c0db415,bdb1a043,3f767b93,3e82e915,3c0db3f6,bdb1a066,1,26898940

9281,1388,2558,-1899,-2966,7394,13281,-3765,1075,-3538,3f76a1a7,3e82125d,3bc3ba42,bdaeb595,3f76a1a6,3e82125d,3bc3ba03,bdaeb5b7,1,26907459

9282,1129,2694,-2022,-1665,8285,13988,-3747,1049,-3563,3f76bcc0,3e819448,3b380812,bdab4ca2,3f76bcbf,3e819448,3b380793,bdab4cc4,1,26915978

9283,1114,2550,-1910,-2920,9614,13597,-3747,1049,-3563,3f76d43b,3e812499,b93c467b,bda82e85,3f76d43b,3e81249a,b93c4e7b,bda82ea8,1,26924496

9284,1559,2902,-1303,-3241,8949,14712,-3681,1079,-3574,3f76f419,3e80466b,bb4df59d,bda6fc89,3f76f419,3e80466c,bb4df61c,bda6fcac,1,26933015

9285,2235,3425,-852,-543,8527,14985,-3683,1059,-3535,3f771b2e,3e7e2d59,bbeedb36,bda680f3,3f771b2e,3e7e2d5a,bbeedb76,bda68116,1,26941533

9286,2793,3155,-344,89,7029,14859,-3615,1141,-3523,3f775dbd,3e79cf6e,bc3783f2,bda75195,3f775dbd,3e79cf6f,bc378412,bda751b8,1,26950052

9287,2586,2671,-16,195,6177,15053,-3615,1141,-3523,3f7798ca,3e75b7f8,bc698170,bda8bde5,3f7798c8,3e75b7f7,bc69818e,bda8be07,1,26958571

9288,1792,2191,-41,-340,6108,14623,-3639,1095,-3624,3f77c34d,3e72aef0,bc86b5a6,bda9dec7,3f77c34d,3e72aef1,bc86b5b6,bda9deeb,1,26967089

9289,666,1832,43,-383,6051,14507,-3631,1103,-3640,3f77d654,3e71249d,bc950eb8,bdaaf483,3f77d652,3e71249c,bc950ec7,bdaaf4a6,1,26975608

9290,-273,1633,252,-94,7370,15474,-3631,1103,-3640,3f77d5e3,3e70e93a,bca18908,bdabb644,3f77d5e4,3e70e93c,bca18918,bdabb668,1,26983626

9291,-346,1627,338,-3,7880,16403,-3591,1109,-3599,3f77d1cd,3e70eb0a,bcae59ea,bdac5c67,3f77d1ce,3e70eb0b,bcae59fc,bdac5c8a,1,26992144

9292,245,1548,185,-926,7870,16430,-3587,1165,-3697,3f77d400,3e7066bd,bcb5dee5,bdadf6a3,3f77d401,3e7066bd,bcb5def7,bdadf6c6,1,27000663

9293,957,1620,-387,-815,7524,15972,-3587,1165,-3697,3f77e93b,3e6ee160,bcbf244b,bdae29b4,3f77e93a,3e6ee15e,bcbf245b,bdae29d6,1,27009181

9294,1455,1601,-740,-360,7811,15656,-3571,1103,-3744,3f780443,3e6d2c17,bcc86e8b,bdad390c,3f780443,3e6d2c16,bcc86e9c,bdad392f,1,27017700

9295,1875,1112,-768,-332,7225,15096,-3591,1155,-3628,3f782c8e,3e6ab95e,bccc1ce8,bdabdc20,3f782c8f,3e6ab95e,bccc1cf9,bdabdc43,1,27026218

9296,2178,575,-778,585,5714,14697,-3591,1155,-3628,3f786371,3e6756d5,bcd1e89f,bda9f354,3f786370,3e6756d3,bcd1e8af,bda9f376,1,27034737

9297,2143,-106,-727,749,5102,14892,-3535,1167,-3687,3f7899b9,3e6411d0,bcd0953a,bda7df42,3f7899ba,3e6411d0,bcd0954c,bda7df64,1,27043256

9298,1912,-1025,-256,265,5367,14882,-3543,1127,-3680,3f78ca37,3e6132b0,bcc3317d,bda66bb7,3f78ca36,3e6132ae,bcc3318d,bda66bd8,1,27051775

9299,1847,-1925,641,-137,4768,14902,-3647,1231,-3691,3f78f398,3e5e8d7b,bca99dc2,bda6efb2,3f78f397,3e5e8d79,bca99dd2,bda6efd3,1,27060293

9300,1917,-2543,1525,-341,4623,14480,-3647,1231,-3691,3f7917bc,3e5beab7,bc872d02,bda960a3,3f7917bd,3e5beab7,bc872d13,bda960c6,1,27068812

9301,2172,-2700,1880,785,4250,12722,-3687,1217,-3686,3f793c3e,3e5902bb,bc4df11c,bdac5592,3f793c3d,3e5902ba,bc4df13b,bdac55b3,1,27077331

9302,2540,-2817,1661,1216,4379,11888,-3657,1249,-3654,3f7963fe,3e55e1fa,bc109691,bdae8f2c,3f7963ff,3e55e1fb,bc1096b2,bdae8f4e,1,27085849

9303,3213,-2895,535,1918,4843,11821,-3657,1249,-3654,3f7999a3,3e523540,bbaf832e,bdadd63e,3f7999a3,3e523540,bbaf836c,bdadd65e,1,27093867

9304,3800,-3011,-206,1538,4462,13675,-3713,1301,-3695,3f79e166,3e4d697a,baded43d,bdab49c6,3f79e166,3e4d697a,baded52d,bdab49e6,1,27102386

9305,4267,-3025,-939,-1956,4590,14023,-3717,1287,-3636,3f7a3077,3e481faf,3b50da40,bda7573d,3f7a3077,3e481faf,3b50d9ce,bda7575d,1,27110904

9306,4227,-1856,-1242,-1895,4653,13887,-3717,1287,-3636,3f7a7d31,3e42d4bd,3bd75807,bda329e2,3f7a7d31,3e42d4bd,3bd757d2,bda32a02,1,27119423

9307,4006,-359,-1161,-1052,4061,14628,-3679,1307,-3706,3f7aca18,3e3d38fb,3bf901eb,bd9fcfde,3f7aca18,3e3d38fb,3bf901b9,bd9fcffe,1,27127942

9308,3797,508,-1517,-1705,4103,15984,-3663,1341,-3686,3f7b131d,3e37e108,3bf945c6,bd9c0d4f,3f7b131d,3e37e108,3bf94598,bd9c0d6f,1,27136460

9309,3504,946,-2230,442,4969,16060,-3663,1341,-3686,3f7b5a0c,3e331091,3bbcb16d,bd961e91,3f7b5a0c,3e331091,3bbcb140,bd961eb1,1,27144979

9310,3520,1149,-2956,-1237,6202,17522,-3677,1379,-3749,3f7b9b36,3e2ed37a,3ba1d194,bd8ec0e1,3f7b9b37,3e2ed37b,3ba1d169,bd8ec101,1,27153498

9311,4395,1751,-3853,-2353,6007,19099,-3655,1399,-3742,3f7bee95,3e2914b4,3b552f58,bd859540,3f7bee96,3e2914b5,3b552f07,bd859560,1,27162017

9312,5150,2428,-4211,-1883,5025,19045,-3549,1391,-3825,3f7c4dec,3e21f381,3a0ae297,bd7777d5,3f7c4deb,3e21f381,3a0ae16a,bd777813,1,27170535

9313,5815,2839,-4503,-643,4074,18357,-3549,1391,-3825,3f7cb4ad,3e19a477,bb4f6a21,bd6225a1,3f7cb4ac,3e19a477,bb4f6a61,bd6225df,1,27179054

9314,5944,2555,-4326,846,4937,17439,-3487,1383,-3774,3f7d0f48,3e11df25,bbf39209,bd4c706f,3f7d0f48,3e11df26,bbf39226,bd4c70ae,1,27187572

9315,6209,1885,-3744,1496,4705,17009,-3533,1445,-3921,3f7d641e,3e09ca48,bc305317,bd39b8b5,3f7d641e,3e09ca49,bc305323,bd39b8f4,1,27195590

9316,6170,768,-3018,1687,3583,16851,-3533,1445,-3921,3f7db3cb,3e017f08,bc4bcc4a,bd2a05c7,3f7db3cb,3e017f09,bc4bcc55,bd2a0605,1,27204109

9317,5862,-116,-2196,872,1476,16239,-3533,1499,-3879,3f7dfc72,3df287ca,bc4a1096,bd1e6885,3f7dfc70,3df287ca,bc4a109d,bd1e68c2,1,27212628

9318,5026,-527,-1545,945,1522,16420,-3549,1577,-3827,3f7e36d6,3de44e68,bc3f6b6a,bd15e4a2,3f7e36d4,3de44e68,bc3f6b70,bd15e4df,1,27221146

9319,4090,-467,-942,410,1719,16786,-3549,1577,-3827,3f7e63f1,3dd879ee,bc326af9,bd10785d,3f7e63f1,3dd879ef,bc326aff,bd10789a,1,27229665

9320,3304,-501,-208,2913,1924,16565,-3589,1663,-3824,3f7e8302,3dcf7f2b,bc2ec927,bd0eba00,3f7e8302,3dcf7f2c,bc2ec92c,bd0eba3d,1,27238184

9321,2708,-1027,493,2630,3352,15124,-3573,1685,-3901,3f7e96fa,3dc92b49,bc211efe,bd105804,3f7e96fb,3dc92b4a,bc211f03,bd105841,1,27246702

9322,2711,-1477,856,104,2952,14571,-3573,1685,-3901,3f7ea6db,3dc40c92,bbe94c1a,bd132b1b,3f7ea6dc,3dc40c93,bbe94c2b,bd132b57,1,27255221

9323,2639,-1082,957,-781,2884,13929,-3595,1685,-3885,3f7eb678,3dbe5ecb,bb94ee3c,bd179c24,3f7eb678,3dbe5ecb,bb94ee4b,bd179c5f,1,27263740

9324,2542,-160,954,-905,2625,13555,-3577,1733,-3884,3f7ec4f3,3db88bbd,bb4be59e,bd1c9e27,3f7ec4f2,3db88bbc,bb4be5b8,bd1c9e62,1,27272258

9325,2525,885,842,-738,2995,13880,-3577,1733,-3884,3f7ed092,3db36f45,bb51f32d,bd215c98,3f7ed093,3db36f45,bb51f34a,bd215cd4,1,27280777

9326,2645,1708,902,-629,3425,14693,-3565,1719,-3913,3f7edb12,3dae4cc1,bb952893,bd26a7e2,3f7edb13,3dae4cc1,bb9528a1,bd26a81d,1,27289296

9327,2939,2379,1343,390,2244,15299,-3527,1731,-3863,3f7eeb52,3da5ff62,bbff41a6,bd2d8d32,3f7eeb53,3da5ff62,bbff41b5,bd2d8d6d,1,27297314

9328,2892,2634,1921,542,1025,16235,-3511,1771,-3989,3f7ef88d,3d9d054a,bc30fe52,bd387d20,3f7ef88c,3d9d0549,bc30fe58,bd387d5a,1,27305833

9329,2181,2505,2439,572,-94,17205,-3511,1771,-3989,3f7efd57,3d95e633,bc5db03f,bd460cc2,3f7efd56,3d95e632,bc5db044,bd460cfc,1,27314351

9330,1196,2070,2626,2528,-1794,15215,-3555,1789,-3886,3f7ef964,3d91991b,bc83ab52,bd544413,3f7ef965,3d91991b,bc83ab55,bd54444e,1,27322870

9331,-493,807,2867,5288,-3626,13159,-3531,1861,-3943,3f7eea23,3d92184b,bc8d3f6b,bd6329e7,3f7eea22,3d921849,bc8d3f6d,bd632a20,1,27331389

9332,-3174,-1614,2441,-1008,9368,17019,-3531,1861,-3943,3f7ec816,3d9cefa1,bc73ed55,bd6eec2f,3f7ec816,3d9cefa1,bc73ed5b,bd6eec69,1,27339907

9333,-1086,-2229,2632,-5800,1202,18984,-3465,1795,-3947,3f7eb66e,3da07161,bc322590,bd7bb947,3f7eb66e,3da07161,bc322596,bd7bb981,1,27348426

9334,1289,-90,789,-2019,-4584,18017,-3581,1871,-3915,3f7ebddb,3d9c0965,bc25cf6e,bd7fc83a,3f7ebddb,3d9c0965,bc25cf73,bd7fc874,1,27356945

9335,-636,1269,-328,2343,5552,17313,-3581,1871,-3915,3f7eb5d9,3d9f5047,bc47a2b6,bd7e2999,3f7eb5d9,3d9f5046,bc47a2bb,bd7e29d3,1,27365463

9336,27,-7,610,-1064,3046,16399,-3555,1897,-3960,3f7eb07a,3da07422,bc372b8c,bd80b670,3f7eb07b,3da07422,bc372b93,bd80b68e,1,27373982

9337,1104,-87,1238,-1747,1052,15456,-3581,1861,-3881,3f7eb295,3d9d4cc1,bc2337b4,bd83f158,3f7eb296,3d9d4cc1,bc2337ba,bd83f176,1,27382500

9338,1175,671,1711,-279,416,15775,-3581,1861,-3881,3f7eb34d,3d990e96,bc262070,bd887466,3f7eb34c,3d990e95,bc262073,bd887483,1,27390518

9339,914,676,2068,-141,682,15844,-3551,1883,-3924,3f7eafc4,3d957bc7,bc2976b8,bd8de498,3f7eafc3,3d957bc6,bc2976ba,bd8de4b5,1,27399037

9340,561,436,2214,215,-166,14430,-3543,1829,-3896,3f7ea8f9,3d92d353,bc2af52f,bd9392ff,3f7ea8f8,3d92d352,bc2af531,bd93931c,1,27407555

9341,-337,266,2227,1566,1393,13708,-3531,1887,-3863,3f7e9973,3d93a18d,bc37c41f,bd991f0b,3f7e9972,3d93a18c,bc37c421,bd991f28,1,27416074

9342,-1358,-215,1371,3473,2806,13946,-3531,1887,-3863,3f7e86a7,3d9822c7,bc3e1350,bd9c5e99,3f7e86a8,3d9822c7,bc3e1353,bd9c5eb7,1,27424593

9343,-1233,-1157,14,819,3234,14614,-3539,1823,-3957,3f7e7b90,3d9d9575,bc2bc12b,bd9bd133,3f7e7b90,3d9d9575,bc2bc12d,bd9bd150,1,27433111

9344,-916,-1667,-679,-1861,3987,16680,-3539,1861,-3912,3f7e7790,3da1f5e3,bbfd695d,bd999ed2,3f7e7790,3da1f5e4,bbfd6964,bd999eef,1,27441630

9345,-244,-1417,-225,-2337,4053,16938,-3539,1861,-3912,3f7e749b,3da467aa,bba85b48,bd98b3d6,3f7e749b,3da467ab,bba85b50,bd98b3f3,1,27450149

9346,492,-798,599,-685,2336,16212,-3589,1897,-3901,3f7e7472,3da37368,bb46857c,bd9a0655,3f7e7472,3da37369,bb46858a,bd9a0672,1,27458667

9347,742,-416,774,341,1164,15418,-3621,1887,-3916,3f7e77e0,3da07c6e,bb1d474e,bd9bc31a,3f7e77e0,3da07c6f,bb1d475d,bd9bc337,1,27467186

9348,567,-337,659,857,1765,15264,-3621,1887,-3916,3f7e7915,3d9eb253,bb1ca361,bd9d1961,3f7e7913,3d9eb253,bb1ca36f,bd9d197c,1,27475704

9349,438,-431,344,660,2239,15706,-3565,1883,-3915,3f7e7a04,3d9de8de,bb1e798d,bd9d82a0,3f7e7a04,3d9de8e0,bb1e799e,bd9d82bc,1,27484223

9350,430,-600,160,-935,1554,15962,-3589,1855,-3889,3f7e7d6b,3d9c7cf2,ba41c13f,bd9da0b6,3f7e7d69,3d9c7cf3,ba41c17c,bd9da0d1,1,27492741

9351,340,-482,341,-897,2221,15729,-3589,1855,-3889,3f7e7c1e,3d9c7886,3a736a56,bd9e2983,3f7e7c1f,3d9c788a,3a736a14,bd9e299f,1,27500759

9352,322,-126,583,-731,2281,15561,-3609,1903,-3909,3f7e78e6,3d9c689d,3b0e1683,bd9f764f,3f7e78e5,3d9c68a0,3b0e1671,bd9f7669,1,27509278

9353,490,376,831,628,1484,15486,-3581,1867,-3891,3f7e790c,3d9a6e52,3ab3d3d4,bda15b79,3f7e790b,3d9a6e55,3ab3d3b2,bda15b93,1,27517797

9354,472,668,699,2752,2368,15907,-3571,1911,-3903,3f7e76fe,3d998039,b82a5485,bda31253,3f7e76fd,3d99803c,b82a58a5,bda3126d,1,27526315

9355,503,165,61,1453,1281,15709,-3571,1911,-3903,3f7e7b67,3d97b5de,ba3cf677,bda3048e,3f7e7b66,3d97b5e1,ba3cf6ba,bda304a8,1,27534834

9356,406,-474,-353,-340,2686,15580,-3611,1895,-3837,3f7e7c3f,3d98e197,398cf97d,bda197d2,3f7e7c40,3d98e19b,398cf8d0,bda197ed,1,27543353

9357,451,-546,-207,-1637,2569,15646,-3527,1941,-3826,3f7e7dee,3d98d356,3b001a84,bda0ef46,3f7e7ded,3d98d359,3b001a6e,bda0ef60,1,27551871

9358,787,-206,49,-311,1661,15575,-3527,1941,-3826,3f7e8587,3d95ad89,3b2d243c,bda0d90b,3f7e8586,3d95ad8c,3b2d2425,bda0d925,1,27560390

9359,863,-103,35,877,1497,15461,-3619,1901,-3872,3f7e8c4a,3d93167e,3b17cfc7,bda095b0,3f7e8c49,3d931681,3b17cfb1,bda095ca,1,27568908

9360,787,-449,-52,-164,386,15545,-3593,1889,-3984,3f7e9445,3d8ff38b,3b4f4c78,bda03306,3f7e9446,3d8ff38f,3b4f4c64,bda03321,1,27577427

9361,497,-647,-129,-403,1605,15585,-3593,1889,-3984,3f7e9af4,3d8ddd2d,3b95ebae,bd9f432f,3f7e9af5,3d8ddd31,3b95eba4,bd9f434a,1,27585946

9362,367,-655,-198,-1312,1520,15720,-3589,1941,-3814,3f7e9e2c,3d8cf380,3bd0e028,bd9e8684,3f7e9e2b,3d8cf383,3bd0e01c,bd9e869e,1,27594464

9363,321,-379,-2,-1267,931,15793,-3617,1963,-3850,3f7ea128,3d8b7a18,3bfa02b3,bd9e662b,3f7ea127,3d8b7a1b,3bfa02a8,bd9e6645,1,27602983

9364,119,-50,253,-171,1240,15710,-3617,1963,-3850,3f7ea329,3d8a080c,3bfd2eb9,bd9ed67d,3f7ea328,3d8a080f,3bfd2eae,bd9ed697,1,27611001

9365,-50,-7,361,-829,2035,15641,-3619,1983,-3911,3f7e9ec6,3d8ad13a,3c0f8080,bd9faf60,3f7e9ec5,3d8ad13d,3c0f807a,bd9faf7a,1,27619519

9366,4,34,434,-1979,473,15654,-3619,1901,-3914,3f7e9cbb,3d8a48f9,3c1d0878,bda0c239,3f7e9cba,3d8a48fc,3c1d0872,bda0c253,1,27628038

9367,-198,506,1067,-3797,1033,15677,-3645,1923,-3923,3f7e93c9,3d8ae65a,3c23d075,bda3a3ac,3f7e93c8,3d8ae65d,3c23d06f,bda3a3c6,1,27636556

9368,-476,1510,1999,-1375,2024,15469,-3645,1923,-3923,3f7e8267,3d8cb35a,3c163df0,bda8f9a0,3f7e8268,3d8cb35f,3c163deb,bda8f9bb,1,27645075

9369,-365,2079,2341,857,1876,15495,-3623,1995,-3940,3f7e71a6,3d8d4923,3bc58bf5,bdaf458b,3f7e71a5,3d8d4927,3bc58bea,bdaf45a5,1,27653594

9370,-260,1840,1819,1601,1693,15606,-3573,1991,-3971,3f7e6439,3d8d8ffd,3b4fb0da,bdb42ac2,3f7e6438,3d8d9000,3b4fb0c5,bdb42adc,1,27662112

9371,-306,1204,993,1945,2463,15700,-3573,1991,-3971,3f7e5a80,3d8eb8ed,3a844b24,bdb6c4d4,3f7e5a81,3d8eb8f1,3a844afb,bdb6c4ef,1,27670631

9372,-238,488,320,1026,2376,15604,-3613,1969,-3910,3f7e55b3,3d9012a5,b98ea341,bdb76397,3f7e55b4,3d9012a9,b98ea3e9,bdb763b2,1,27679150

9373,-103,47,97,244,3368,15616,-3581,1945,-3849,3f7e5053,3d926f44,b9fa7f02,bdb76158,3f7e5053,3d926f47,b9fa7fa6,bdb76172,1,27687668

9374,273,-129,116,668,2060,15635,-3581,1945,-3849,3f7e515c,3d92297c,ba74ce19,bdb73b19,3f7e515c,3d92297f,ba74ce69,bdb73b33,1,27696187

9375,416,-400,61,-1093,1089,15680,-3547,1933,-3870,3f7e5506,3d909d1e,39e2ebe6,bdb73275,3f7e5504,3d909d20,39e2eb50,bdb7328e,1,27704705

9376,271,-223,-13,-850,902,15692,-3625,1979,-3953,3f7e58e2,3d8f11da,3ab39606,bdb70ca1,3f7e58e4,3d8f11de,3ab395e6,bdb70cbd,1,27712723

9377,22,110,-21,-439,1658,15594,-3625,1979,-3953,3f7e5bc7,3d8e1d10,3af30983,bdb6c5ae,3f7e5bc7,3d8e1d13,3af30959,bdb6c5c8,1,27721242

9378,-80,170,-79,617,994,15305,-3637,1983,-3955,3f7e5e80,3d8d696f,3aab0d2e,bdb66372,3f7e5e80,3d8d6972,3aab0d04,bdb6638c,1,27729760

9379,-199,16,-435,-1432,1692,15885,-3619,1939,-3965,3f7e6029,3d8e360c,3b10ee12,bdb52534,3f7e6029,3d8e360f,3b10edfc,bdb5254e,1,27738279

9380,-388,55,-387,-547,1889,15514,-3593,1909,-3965,3f7e610a,3d8fd475,3b453a5f,bdb381b6,3f7e610a,3d8fd478,3b453a46,bdb381d0,1,27746798

9381,-391,364,-283,-1212,2611,15616,-3593,1909,-3965,3f7e5d8f,3d925f90,3b570172,bdb2a8b8,3f7e5d8f,3d925f93,3b570157,bdb2a8d2,1,27755316

9382,-218,540,-171,-124,2019,15572,-3627,1915,-3933,3f7e5fd5,3d9378b6,3b0bf0fb,bdb1035a,3f7e5fd5,3d9378ba,3b0bf0e6,bdb10374,1,27763835

9383,-171,580,-136,1687,2078,15538,-3673,1941,-3978,3f7e5fcb,3d942a89,3a350f5b,bdb07ebe,3f7e5fc9,3d942a8c,3a350f03,bdb07ed7,1,27772354

9384,-205,209,-232,-461,1876,15759,-3673,1941,-3978,3f7e626c,3d942a25,3a9bbf60,bdaf8870,3f7e626c,3d942a29,3a9bbf39,bdaf8889,1,27780872

9385,-143,117,-209,855,2436,15400,-3621,1919,-3956,3f7e61c8,3d957e0f,39bed02d,bdaea779,3f7e61c8,3d957e13,39becf8d,bdaea792,1,27789391

9386,-59,-41,-310,297,2051,15667,-3631,1935,-3946,3f7e64c7,3d95bfce,b980bb77,bdad56d7,3f7e64c7,3d95bfd2,b980bc0d,bdad56f0,1,27797910

9387,-81,-275,-218,485,1095,15713,-3631,1935,-3946,3f7e68cd,3d950860,b90fe2e2,bdac7ac5,3f7e68cd,3d950864,b90fe412,bdac7ade,1,27805928

9388,-340,-477,-111,-101,1284,15482,-3585,1891,-3994,3f7e6b0d,3d94dffd,3a1d3044,bdabc7da,3f7e6b0b,3d94e000,3a1d2ff5,bdabc7f1,1,27814446

9389,-555,-510,-215,-69,2330,15531,-3621,1925,-3828,3f7e66af,3d985d5c,3a83b156,bdaa52c6,3f7e66ae,3d985d60,3a83b136,bdaa52de,1,27822965

9390,-521,-573,-191,-922,2766,15600,-3621,1925,-3828,3f7e60de,3d9b9533,3b1dcfdf,bda985e3,3f7e60df,3d9b9538,3b1dcfcd,bda985fc,1,27831484

9391,-355,-463,-7,-530,3289,15492,-3637,1849,-3889,3f7e59e0,3d9ecbeb,3b550cdc,bda91b7f,3f7e59e0,3d9ecbf1,3b550cc7,bda91b97,1,27840002

9392,-48,-323,85,-152,3002,15487,-3641,1847,-3895,3f7e549a,3da125a0,3b703a5c,bda8d4d6,3f7e5499,3da125a5,3b703a44,bda8d4ed,1,27848521

9393,232,-402,129,-107,2351,15620,-3589,1917,-3900,3f7e562c,3da10301,3b6bcdfe,bda85fab,3f7e562d,3da10308,3b6bcdec,bda85fc3,1,27857039

9394,331,-456,223,-495,1882,15584,-3589,1917,-3900,3f7e5976,3d9f4604,3b9ce4d1,bda8a8bb,3f7e5975,3d9f460a,3b9ce4c6,bda8a8d2,1,27865558

9395,313,-422,296,-476,1882,15605,-3619,1889,-3880,3f7e5c99,3d9da3b0,3bc2d26c,bda8dc04,3f7e5c98,3d9da3b6,3bc2d25e,bda8dc1b,1,27874077

9396,270,-408,233,-896,1971,15462,-3619,1935,-3944,3f7e5ce2,3d9cc4e3,3bf34b51,bda950c0,3f7e5ce1,3d9cc4e9,3bf34b42,bda950d7,1,27882595

9397,239,-324,107,-739,1856,15483,-3619,1935,-3944,3f7e5f2c,3d9b7b03,3c0ce0bd,bda96970,3f7e5f2b,3d9b7b09,3c0ce0b5,bda96987,1,27891114

9398,211,-182,5,-970,2472,15700,-3635,1895,-3852,3f7e5d06,3d9c785a,3c1eb777,bda90f41,3f7e5d06,3d9c7861,3c1eb76f,bda90f58,1,27899633

9399,253,-77,-17,-538,2404,15661,-3691,1895,-3854,3f7e5bd0,3d9dd66c,3c25c922,bda82290,3f7e5bcf,3d9dd672,3c25c91c,bda822a6,1,27908151

9400,334,12,18,-3,2806,15596,-3691,1895,-3854,3f7e5ae7,3d9eba88,3c1fcda8,bda7baf6,3f7e5ae6,3d9eba8e,3c1fcda1,bda7bb0c,1,27916169

9401,468,-74,-4,-260,2654,15490,-3683,1845,-3936,3f7e5a98,3d9f8677,3c1f5722,bda718b4,3f7e5a99,3d9f867f,3c1f571b,bda718cb,1,27924688

9402,599,-197,-21,-242,2172,15620,-3651,1925,-3878,3f7e6132,3d9da134,3c1c1cd9,bda66df0,3f7e6133,3d9da13b,3c1c1cd5,bda66e07,1,27933206

9403,669,-222,-3,-284,1953,15614,-3651,1925,-3878,3f7e68ef,3d9af8b7,3c1e9140,bda5ee71,3f7e68f0,3d9af8bd,3c1e913d,bda5ee88,1,27941725

9404,673,-297,-38,-753,1880,15661,-3697,1891,-3826,3f7e6f0a,3d98ec39,3c33649e,bda528ca,3f7e6f0b,3d98ec3f,3c336499,bda528e1,1,27950244

9405,658,-316,-69,-984,1666,15644,-3695,1915,-3845,3f7e749c,3d96bb6e,3c483fc0,bda4a78a,3f7e749b,3d96bb73,3c483fb9,bda4a7a0,1,27958762

9406,602,-234,-96,-498,2090,15588,-3671,1883,-3841,3f7e79b8,3d967f65,3c4e1783,bda2c516,3f7e79b7,3d967f6a,3c4e177f,bda2c52c,1,27967281

9407,624,-255,-90,-479,1867,15612,-3671,1883,-3841,3f7e8285,3d944f47,3c542900,bda135b3,3f7e8284,3d944f4c,3c5428fd,bda135c9,1,27975799

9408,621,-322,-44,-558,1539,15655,-3697,1935,-3829,3f7e897b,3d919bd6,3c5f8e9a,bda0ae54,3f7e897a,3d919bdb,3c5f8e97,bda0ae6a,1,27984318

9409,524,-342,10,-714,1457,15656,-3677,1913,-3845,3f7e8f09,3d8f435f,3c6ec92c,bda03f82,3f7e8f08,3d8f4364,3c6ec929,bda03f98,1,27992837

9410,394,-323,32,-958,1560,15613,-3677,1913,-3845,3f7e922a,3d8db92c,3c818769,bd9fe1ce,3f7e9229,3d8db931,3c818767,bd9fe1e4,1,28001355

9411,264,-256,94,-1243,1704,15575,-3733,1901,-3878,3f7e9208,3d8d4ed0,3c8c7afe,bd9fb904,3f7e9209,3d8d4ed6,3c8c7afd,bd9fb91c,1,28009874

9412,192,-65,148,-984,1725,15622,-3697,1973,-3859,3f7e92ee,3d8c3896,3c93ee87,bd9fe725,3f7e92ed,3d8c389b,3c93ee85,bd9fe73b,1,28017892

9413,128,67,174,-1067,1742,15588,-3697,1973,-3859,3f7e92cd,3d8b81ae,3c9aa7fd,bda02e4e,3f7e92ce,3d8b81b4,3c9aa7fd,bda02e65,1,28026410

9414,54,161,240,-809,1924,15647,-3703,1971,-3829,3f7e93f2,3d8b3d03,3c9f2fd6,bd9faeb3,3f7e93f1,3d8b3d07,3c9f2fd2,bd9faec9,1,28034929

9415,41,251,183,1171,2013,15415,-3679,1909,-3846,3f7e93b6,3d8ba503,3c973b28,bd9fe7e7,3f7e93b5,3d8ba507,3c973b24,bd9fe7fd,1,28043448

9416,138,-153,14,-1014,2065,15652,-3679,1909,-3846,3f7e9154,3d8cdfb8,3c9f3d65,bd9f4950,3f7e9154,3d8cdfbd,3c9f3d62,bd9f4967,1,28051966

9417,165,-385,99,-1312,1088,15702,-3741,1985,-3831,3f7e9236,3d8ba274,3ca8b4d8,bd9f6b54,3f7e9234,3d8ba278,3ca8b4d4,bd9f6b6a,1,28060485

9418,-25,-129,166,-1597,1510,15635,-3673,1913,-3820,3f7e8fed,3d8bb7f4,3cb1ff28,bd9fa050,3f7e8feb,3d8bb7f8,3cb1ff24,bd9fa066,1,28069004

9419,-197,109,123,18,2329,15627,-3751,1951,-3815,3f7e8d65,3d8d5e35,3cabd61d,bd9f9a2e,3f7e8d65,3d8d5e3a,3cabd61a,bd9f9a45,1,28077522

9420,-128,-51,122,-359,2101,15682,-3751,1951,-3815,3f7e8be3,3d8ea4db,3ca74815,bd9f5f09,3f7e8be3,3d8ea4e0,3ca74812,bd9f5f1f,1,28086041

9421,-58,-241,118,-1089,2183,15639,-3679,1915,-3900,3f7e86c6,3d9079f1,3cb0108a,bd9f2b66,3f7e86c7,3d9079f7,3cb01088,bd9f2b7d,1,28094560

9422,-10,-143,118,-1297,2292,15579,-3709,1959,-3880,3f7e81a6,3d91ecc9,3cb8ca55,bd9f47ab,3f7e81a5,3d91ecce,3cb8ca52,bd9f47c1,1,28103078

9423,65,8,122,-779,2207,15573,-3709,1959,-3880,3f7e7f80,3d937f9c,3cb6300a,bd9ee027,3f7e7f7f,3d937fa2,3cb63008,bd9ee03d,1,28111096

9424,125,32,124,-1152,2075,15544,-3679,1937,-3903,3f7e7d5c,3d93c392,3cbe27e8,bd9ee6ca,3f7e7d5d,3d93c39a,3cbe27e7,bd9ee6e1,1,28120116

9425,111,86,120,-921,2327,15524,-3705,1873,-3844,3f7e79f2,3d958c6a,3cbf3957,bd9e8503,3f7e79f3,3d958c72,3cbf3956,bd9e851a,1,28128134

9426,139,179,78,-824,1729,15644,-3705,1873,-3844,3f7e7ef8,3d943d28,3cbe3448,bd9dce50,3f7e7ef9,3d943d30,3cbe3447,bd9dce68,1,28136652

9427,134,203,4,-509,1843,15602,-3761,1913,-3912,3f7e8312,3d938044,3cb7f76c,bd9d4f1d,3f7e8311,3d938049,3cb7f76b,bd9d4f33,1,28145178

9428,83,140,-40,-1139,2137,15563,-3737,1937,-3818,3f7e813b,3d946713,3cbe04f4,bd9cc047,3f7e813b,3d946718,3cbe04f4,bd9cc05e,1,28153696

9429,58,232,1,-942,2347,15606,-3737,1937,-3818,3f7e7e15,3d965332,3cbdf009,bd9c33f2,3f7e7e16,3d965337,3cbdf00a,bd9c3409,1,28162215

9430,264,365,86,-891,2057,15638,-3689,1911,-3814,3f7e82e9,3d95e065,3cbccedb,bd9abf05,3f7e82ea,3d95e06a,3cbccedc,bd9abf1c,1,28170734

9431,300,417,79,-985,1657,15638,-3723,1925,-3834,3f7e87a5,3d93ee51,3cbc3e43,bd9ab6bc,3f7e87a6,3d93ee56,3cbc3e43,bd9ab6d3,1,28179253

9432,101,455,84,-386,2236,15522,-3745,1935,-3812,3f7e884d,3d949610,3cb29274,bd9a8887,3f7e884c,3d949614,3cb29273,bd9a889d,1,28187771

9433,123,413,68,-1374,2232,15585,-3745,1935,-3812,3f7e85fb,3d954b94,3cb61b20,bd9a8c8c,3f7e85fb,3d954b99,3cb61b1f,bd9a8ca3,1,28196290

9434,261,519,25,-886,1868,15629,-3713,1933,-3827,3f7e8ba5,3d9371c3,3cb3c38b,bd9a298f,3f7e8ba7,3d9371c9,3cb3c38b,bd9a29a8,1,28204809

9435,174,673,11,-1698,2718,16541,-3763,1945,-3790,3f7e8977,3d94689a,3cb39bc5,bd9a2630,3f7e8977,3d94689f,3cb39bc4,bd9a2647,1,28213327

9436,-404,985,-463,-1094,2713,15778,-3763,1945,-3790,3f7e86cd,3d976ae5,3cac07f5,bd98db9e,3f7e86cc,3d976ae9,3cac07f4,bd98dbb4,1,28221345

9437,-106,1013,-629,239,1539,16094,-3709,1935,-3908,3f7e8e20,3d970453,3c9cc942,bd9738c4,3f7e8e1f,3d970457,3c9cc941,bd9738da,1,28229864

9438,-19,715,-475,4430,2094,16284,-3677,1921,-3864,3f7e9281,3d974dd0,3c8f6e16,bd95ea8e,3f7e9280,3d974dd4,3c8f6e15,bd95eaa4,1,28238382

9439,-298,-405,301,-1457,2137,15675,-3677,1921,-3864,3f7e8bd2,3d98b69e,3c9bdbea,bd968ba7,3f7e8bd3,3d98b6a3,3c9bdbea,bd968bbe,1,28246901

9440,250,-646,485,-2133,1740,15424,-3697,1947,-3832,3f7e87b7,3d984221,3cab2ac4,bd97b29f,3f7e87b7,3d984226,3cab2ac3,bd97b2b6,1,28255420

9441,201,50,-2,-1281,1761,15796,-3715,1967,-3846,3f7e89a0,3d97086b,3cb0f95f,bd97b50a,3f7e899e,3d97086f,3cb0f95d,bd97b520,1,28263938

9442,280,172,-455,438,1952,15790,-3715,1967,-3846,3f7e8fcb,3d964f2a,3ca9d379,bd965850,3f7e8fc9,3d964f2e,3ca9d377,bd965866,1,28272457

9443,207,-179,-421,-563,2021,15558,-3705,1961,-3853,3f7e95f8,3d953e6c,3ca7b301,bd94eea5,3f7e95f8,3d953e71,3ca7b301,bd94eebd,1,28280976

9444,175,-226,-257,-1121,1933,15710,-3737,1877,-3836,3f7e97a1,3d9522c5,3cb1c4c8,bd93980d,3f7e97a1,3d9522ca,3cb1c4c7,bd939825,1,28289494

9445,326,-81,-100,-463,1916,15491,-3699,1889,-3821,3f7e9c7c,3d944d0d,3cae1b99,bd929c36,3f7e9c7c,3d944d12,3cae1b98,bd929c4e,1,28298013

9446,340,-47,48,37,1867,15544,-3699,1889,-3821,3f7e9faf,3d938dc4,3ca9ae7d,bd924cd7,3f7e9faf,3d938dc9,3ca9ae7d,bd924cef,1,28306531

9447,345,-164,205,-868,2697,15620,-3675,1885,-3780,3f7e9bda,3d94dab2,3cad7a39,bd925f10,3f7e9bdb,3d94dab7,3cad7a39,bd925f29,1,28315050

9448,415,-196,159,-2991,963,15570,-3693,1909,-3870,3f7e9c0a,3d93a599,3cb79d74,bd92bd94,3f7e9c09,3d93a59e,3cb79d72,bd92bdac,1,28323569

9449,634,218,72,-1049,1557,15713,-3693,1909,-3870,3f7ea1e5,3d90eea6,3cba221d,bd92b4c0,3f7ea1e6,3d90eeac,3cba221d,bd92b4d9,1,28331587

9450,542,443,33,-687,1864,15736,-3753,1957,-3834,3f7ea906,3d8e8dfe,3cb39970,bd9273db,3f7ea907,3d8e8e04,3cb39970,bd9273f4,1,28340105

9451,468,397,95,-743,2034,15602,-3727,1933,-3851,3f7ead16,3d8e45cb,3cacc8c2,bd917821,3f7ead15,3d8e45ce,3cacc8bf,bd917839,1,28348624

9452,471,413,104,-574,1944,15550,-3727,1933,-3851,3f7eb218,3d8d185f,3ca41fa5,bd910cd2,3f7eb219,3d8d1863,3ca41fa5,bd910ceb,1,28357143

9453,478,445,64,-278,1864,15573,-3685,1921,-3773,3f7eb6c7,3d8bf933,3c9abd4f,bd90b9b6,3f7eb6c6,3d8bf936,3c9abd4f,bd90b9ce,1,28365661

9454,452,319,25,-343,1848,15595,-3723,1955,-3886,3f7ebbb9,3d8a8221,3c9308cf,bd90765b,3f7ebbb8,3d8a8224,3c9308cf,bd907673,1,28374180

9455,419,185,0,-22,1826,15639,-3723,1955,-3886,3f7ebfb9,3d896777,3c8c3ceb,bd902c78,3f7ebfba,3d89677b,3c8c3cec,bd902c91,1,28382698

9456,370,25,32,-337,1693,15665,-3693,1889,-3931,3f7ec45a,3d883026,3c881609,bd8f87b6,3f7ec459,3d883028,3c881609,bd8f87cd,1,28391217

9457,301,-114,76,-564,1587,15685,-3753,1951,-3777,3f7ec8f8,3d865a68,3c89af62,bd8f1d96,3f7ec8f7,3d865a6a,3c89af62,bd8f1dac,1,28399736

9458,182,-169,85,-733,1673,15615,-3641,1969,-3927,3f7ecb70,3d84cce3,3c8f1247,bd8f228e,3f7ecb6f,3d84cce5,3c8f1247,bd8f22a3,1,28408254

9459,99,-184,115,-983,1764,15592,-3641,1969,-3927,3f7eca92,3d846236,3c98bfaf,bd8f484f,3f7eca91,3d846239,3c98bfb0,bd8f4864,1,28416773

9460,36,-131,129,-1143,1930,15525,-3715,1989,-3779,3f7ec740,3d851c1a,3ca2526b,bd8f6dbd,3f7ec73f,3d851c1e,3ca2526c,bd8f6dd2,1,28425291

9461,41,-16,94,-974,1969,15558,-3727,1919,-3819,3f7ec40a,3d86a2e4,3ca8773c,bd8efbe9,3f7ec40b,3d86a2e9,3ca8773d,bd8efbff,1,28433309

9462,52,58,60,-1077,2019,15582,-3727,1919,-3819,3f7ec0ee,3d88089e,3cae6301,bd8e9a6a,3f7ec0ee,3d8808a2,3cae6301,bd8e9a7f,1,28441828

9463,75,149,22,-1196,2207,15628,-3757,1985,-3821,3f7ebd6c,3d894dc5,3cb3d097,bd8e8817,3f7ebd6d,3d894dc9,3cb3d098,bd8e882d,1,28450347

9464,128,314,21,-637,2195,15661,-3687,1917,-3845,3f7ebc49,3d8acb30,3cae7a0e,bd8e02aa,3f7ebc4a,3d8acb34,3cae7a0e,bd8e02c0,1,28458865

9465,192,378,60,-305,2073,15657,-3687,1917,-3845,3f7ebd9c,3d8b294a,3ca59a88,bd8db8fe,3f7ebd9b,3d8b294d,3ca59a86,bd8db912,1,28467384

9466,225,280,113,-513,1927,15657,-3695,1885,-3853,3f7ebf9d,3d8b673b,3c9ea181,bd8d1449,3f7ebf9c,3d8b673e,3c9ea180,bd8d145d,1,28475902

9467,220,211,140,-1027,1948,15656,-3737,1927,-3887,3f7ebec7,3d8b6625,3ca4b31c,bd8d0638,3f7ebec6,3d8b6628,3ca4b31a,bd8d064c,1,28484421

9468,212,318,127,-741,1957,15610,-3737,1927,-3887,3f7ec1f4,3d8b8717,3ca1ca8f,bd8baaf8,3f7ec1f5,3d8b871b,3ca1ca8f,bd8bab0e,1,28492940

9469,213,353,119,-873,2073,15531,-3757,1951,-3869,3f7ec017,3d8c6dd2,3ca4b0a0,bd8b670d,3f7ec018,3d8c6dd6,3ca4b09f,bd8b6722,1,28501458

9470,239,362,71,-945,1847,15577,-3719,1877,-3934,3f7ec194,3d8c1e28,3ca874fc,bd8ac0c0,3f7ec193,3d8c1e2b,3ca874f8,bd8ac0d4,1,28509977

9471,227,434,22,-711,2166,15586,-3699,1983,-3834,3f7ec110,3d8d22d3,3ca0970f,bd8a8a43,3f7ec110,3d8d22d8,3ca0970d,bd8a8a57,1,28518496

9472,249,462,26,-431,2269,15536,-3699,1983,-3834,3f7ec1a6,3d8d9cb6,3c970569,bd8a75a9,3f7ec1a6,3d8d9cbb,3c970567,bd8a75bd,1,28526514

9473,334,408,51,-317,1995,15608,-3723,1903,-3915,3f7ec4b3,3d8d36e5,3c8dcf52,bd8a120a,3f7ec4b1,3d8d36e9,3c8dcf4f,bd8a121d,1,28535032

9474,363,328,54,-521,1739,15671,-3729,1949,-3862,3f7eca1a,3d8b2e20,3c895a97,bd89ec6f,3f7eca1a,3d8b2e25,3c895a94,bd89ec84,1,28543551

9475,327,263,23,-739,1739,15663,-3729,1949,-3862,3f7eceb7,3d893b5a,3c8aa736,bd89aa29,3f7eceb7,3d893b5f,3c8aa733,bd89aa3e,1,28552070

9476,269,295,-4,-663,1728,15648,-3697,1979,-3886,3f7ed333,3d874a5f,3c896af1,bd89965d,3f7ed333,3d874a64,3c896aee,bd899672,1,28560588

9477,207,320,-17,-492,1685,15599,-3693,1939,-3867,3f7ed830,3d85d2c8,3c8425e8,bd89088a,3f7ed830,3d85d2cd,3c8425e6,bd89089f,1,28569107

9478,138,305,-19,-644,1746,15629,-3693,1939,-3867,3f7edcfc,3d847e8f,3c83b750,bd881ea4,3f7edcfc,3d847e94,3c83b74d,bd881eb9,1,28577626

9479,94,278,-38,-548,1916,15592,-3641,1975,-3871,3f7ee03a,3d841d38,3c786a49,bd87697d,3f7ee03a,3d841d3d,3c786a46,bd876992,1,28586144

9480,85,288,-74,-870,1975,15629,-3681,1947,-3864,3f7eded4,3d85104f,3c80a94d,bd86e08e,3f7eded2,3d851053,3c80a94b,bd86e0a1,1,28594663

9481,132,351,-112,-1102,2110,15592,-3681,1947,-3864,3f7edd56,3d85fbb8,3c845d8e,bd8671fb,3f7edd57,3d85fbbe,3c845d8d,bd867210,1,28603182

9482,181,512,-104,-761,2227,15593,-3683,1973,-3976,3f7edaf5,3d877ca4,3c833346,bd862356,3f7edaf6,3d877caa,3c833344,bd86236b,1,28611700

9483,218,608,-21,-238,2093,15603,-3681,1921,-3852,3f7edc1e,3d880d54,3c70b489,bd85a641,3f7edc1e,3d880d5a,3c70b483,bd85a655,1,28620219

9484,256,542,61,-409,2031,15603,-3687,1885,-3882,3f7edc84,3d88f051,3c60a801,bd84fd14,3f7edc83,3d88f055,3c60a7fa,bd84fd28,1,28628738

9485,284,485,93,13,2070,15594,-3687,1885,-3882,3f7edd85,3d892895,3c4d29dc,bd84c5f5,3f7edd85,3d892899,3c4d29d6,bd84c60a,1,28636756

9486,337,378,115,-219,2018,15643,-3675,1959,-3828,3f7edf87,3d88b0fe,3c3b1771,bd84b5c9,3f7edf87,3d88b102,3c3b176c,bd84b5de,1,28645274

9487,412,321,157,-422,1683,15676,-3713,1925,-3870,3f7ee4ce,3d867ca2,3c35ff6b,bd848a2b,3f7ee4ce,3d867ca6,3c35ff68,bd848a40,1,28653793

9488,327,282,110,-335,1643,15592,-3713,1925,-3870,3f7ee9b2,3d84a7a0,3c2e1ad9,bd843244,3f7ee9b2,3d84a7a4,3c2e1ad7,bd843259,1,28662311

9489,209,158,-32,-569,1764,15556,-3701,1987,-3885,3f7eece1,3d832390,3c34dfa0,bd8408cb,3f7eece1,3d832394,3c34df9f,bd8408e0,1,28670830

9490,152,162,-133,-626,1818,15625,-3653,1953,-3877,3f7eeeed,3d82b1d7,3c40ca0a,bd83384b,3f7eeeed,3d82b1da,3c40ca08,bd833860,1,28679349

9491,158,290,-180,-667,1962,15629,-3653,1953,-3877,3f7eee9e,3d83864f,3c4939a6,bd825712,3f7eee9d,3d838652,3c4939a3,bd825725,1,28687867

9492,122,276,-150,-466,1995,15566,-3667,1905,-3917,3f7eee05,3d8527f6,3c441337,bd8117ce,3f7eee05,3d8527f9,3c441332,bd8117e0,1,28696386

9493,99,223,-97,-575,1994,15599,-3657,1927,-3897,3f7eecca,3d869ff8,3c493c69,bd800c98,3f7eeccb,3d869ffb,3c493c65,bd800cab,1,28704905

9494,101,291,-57,-580,1855,15580,-3657,1927,-3897,3f7eefbf,3d860aa7,3c4fe81d,bd7e0a00,3f7eefbe,3d860aaa,3c4fe817,bd7e0a23,1,28713423

9495,97,309,-42,-310,2094,15589,-3683,1933,-3839,3f7eeeff,3d87553a,3c426a56,bd7cb609,3f7eeefe,3d87553d,3c426a50,bd7cb62c,1,28721942

9496,144,279,-53,-285,2141,15601,-3681,1907,-3812,3f7eee20,3d88b156,3c377fec,bd7b2af1,3f7eee20,3d88b159,3c377fe5,bd7b2b15,1,28730461

9497,198,250,-31,-289,2148,15582,-3713,1933,-3896,3f7eed8c,3d89bf89,3c2b59c2,bd79fc37,3f7eed8d,3d89bf8c,3c2b59bb,bd79fc5c,1,28738478

9498,241,211,30,-271,1826,15635,-3713,1933,-3896,3f7ef1b0,3d885c2d,3c213834,bd7939b1,3f7ef1b1,3d885c30,3c21382c,bd7939d6,1,28746997

9499,233,170,91,-171,1980,15592,-3657,1963,-3838,3f7ef374,3d87d168,3c13956f,bd79218b,3f7ef375,3d87d16b,3c139568,bd7921b0,1,28755516

9500,210,83,134,-239,1992,15594,-3695,1951,-3910,3f7ef4c1,3d87885e,3c07d3d3,bd78d824,3f7ef4c0,3d878860,3c07d3cb,bd78d846,1,28764034

9501,235,13,195,-577,2010,15595,-3695,1951,-3910,3f7ef37d,3d879ba5,3c186ae9,bd795ebd,3f7ef37d,3d879ba8,3c186ae1,bd795ee0,1,28772553

9502,267,43,256,-625,1936,15653,-3651,1885,-3831,3f7ef231,3d8810c2,3c2640f0,bd792640,3f7ef22f,3d8810c4,3c2640e6,bd792660,1,28781071

9503,294,113,332,-371,1878,15593,-3665,1927,-3878,3f7ef5c1,3d869fe1,3c21187a,bd78d9a3,3f7ef5bf,3d869fe3,3c211871,bd78d9c3,1,28789590

9504,289,128,382,-846,1720,15656,-3665,1927,-3878,3f7ef58e,3d85b0a0,3c2ea6d1,bd7a7da9,3f7ef58e,3d85b0a3,3c2ea6ca,bd7a7dcb,1,28798109

9505,283,230,471,-439,1904,15573,-3675,1939,-3908,3f7ef880,3d849a62,3c2c6b6a,bd79e594,3f7ef880,3d849a65,3c2c6b6e,bd79e5b6,1,28806627

9506,274,267,463,-724,1763,15651,-3617,1941,-3801,3f7ef810,3d83afd4,3c3710bb,bd7bcd59,3f7ef810,3d83afd7,3c3710be,bd7bcd7b,1,28815146

9507,276,346,410,-698,2008,15643,-3617,1941,-3801,3f7ef50a,3d844a1d,3c3edec2,bd7d3a8f,3f7ef50a,3d844a20,3c3edec4,bd7d3ab1,1,28823665

9508,292,441,450,-440,1734,15619,-3651,1963,-3919,3f7ef778,3d82453b,3c37893b,bd7f4c61,3f7ef778,3d82453e,3c37893e,bd7f4c84,1,28832183

9509,263,415,427,-63,1900,15562,-3657,1925,-3945,3f7ef703,3d8230d4,3c2529fe,bd805a22,3f7ef703,3d8230d7,3c252a01,bd805a33,1,28840702

9510,224,321,272,-215,1973,15570,-3699,1961,-3903,3f7ef656,3d82932d,3c1525f6,bd809a5c,3f7ef656,3d829330,3c1525f9,bd809a6d,1,28848720

9511,238,213,123,-174,1995,15616,-3699,1961,-3903,3f7ef64c,3d82f77a,3c073be0,bd8076af,3f7ef64d,3d82f77d,3c073be4,bd8076c1,1,28857238

9512,256,92,-12,-527,2044,15611,-3709,1931,-3897,3f7ef4cd,3d8421a0,3c0fde77,bd7fbba5,3f7ef4cd,3d8421a2,3c0fde79,bd7fbbc7,1,28865757

9513,305,88,-67,-397,1972,15612,-3665,1981,-3872,3f7efa88,3d82f9c8,3c108de1,bd7c5870,3f7efa89,3d82f9cd,3c108dd1,bd7c5890,1,28874275

9514,328,109,-59,-551,1748,15633,-3665,1981,-3872,3f7efe13,3d81493c,3c19f5d5,bd7be832,3f7efe14,3d814941,3c19f5c4,bd7be852,1,28882794

9515,299,125,-53,-572,1695,15620,-3661,1957,-3884,3f7f0178,3d7fa482,3c241ff3,bd7b0ec6,3f7f0179,3d7fa48c,3c241fe2,bd7b0ee6,1,28891313

9516,253,181,-43,-635,1774,15603,-3661,1965,-3857,3f7f031d,3d7e4271,3c30477e,bd7a46c7,3f7f031c,3d7e4278,3c30476b,bd7a46e5,1,28899831

9517,213,220,-15,-256,1803,15611,-3661,1965,-3857,3f7f05d8,3d7d393e,3c21f327,bd79251e,3f7f05d9,3d7d3947,3c21f316,bd79253e,1,28908350

9518,181,207,10,-365,1748,15607,-3715,2007,-3786,3f7f0995,3d7a0531,3c1c37cb,bd78c926,3f7f0994,3d7a0539,3c1c37be,bd78c944,1,28916869

9519,153,187,14,-108,1868,15591,-3697,2003,-3882,3f7f0a92,3d79d299,3c0d908e,bd788619,3f7f0a91,3d79d2a1,3c0d9081,bd788637,1,28925387

9520,139,115,9,-210,1866,15601,-3697,2003,-3882,3f7f0b9e,3d798f1b,3c008071,bd782773,3f7f0b9d,3d798f23,3c008065,bd782791,1,28933906

9521,137,52,26,-352,1776,15623,-3665,1963,-3878,3f7f0f9b,3d78637a,3c03706e,bd751ad2,3f7f0f9c,3d786382,3c03705a,bd751af2,1,28942425

9522,98,23,53,-534,1807,15598,-3631,1919,-3836,3f7f0e29,3d7aae87,3c101aff,bd73d4b4,3f7f0e2a,3d7aae8f,3c101aec,bd73d4d3,1,28950443

9523,73,50,74,-406,1811,15597,-3653,1953,-3808,3f7f0e5f,3d7cb969,3c16ecaa,bd713b4a,3f7f0e5f,3d7cb96f,3c16ec9a,bd713b67,1,28958961

9524,61,47,85,-386,1900,15606,-3653,1953,-3808,3f7f0c72,3d80188e,3c180099,bd6f8fec,3f7f0c71,3d801890,3c180091,bd6f9008,1,28967480

9525,53,17,83,-302,1947,15603,-3641,1997,-3865,3f7f0c55,3d801f4d,3c0d0dc0,bd700a29,3f7f0c56,3d801f50,3c0d0db9,bd700a45,1,28975999

9526,68,-3,58,-359,1849,15584,-3663,1939,-3887,3f7f0db5,3d80dfaa,3c0db134,bd6cee20,3f7f0db4,3d80dfac,3c0db13d,bd6cee39,1,28984517

9527,62,-33,45,-155,2014,15572,-3663,1939,-3887,3f7f0c25,3d82249a,3c062af8,bd6c1d16,3f7f0c25,3d82249c,3c062b02,bd6c1d2f,1,28993036

9528,76,-50,36,-774,1893,15599,-3621,1971,-3907,3f7f0b1e,3d823c2d,3c17ae4b,bd6c5aaf,3f7f0b1d,3d823c2f,3c17ae54,bd6c5ac7,1,29001555

9529,73,-13,43,-466,1854,15624,-3657,1949,-3918,3f7f0cf5,3d817c82,3c24cb3e,bd6b782b,3f7f0cf4,3d817c84,3c24cb46,bd6b7842,1,29010074

9530,59,28,29,-537,1765,15644,-3657,1949,-3918,3f7f0eb3,3d8095ad,3c302e31,bd6b0a34,3f7f0eb2,3d8095af,3c302e38,bd6b0a4b,1,29018592

9531,45,11,18,-425,1881,15621,-3669,1943,-3906,3f7f1002,3d816a04,3c2ee687,bd67d527,3f7f1002,3d816a07,3c2ee690,bd67d53f,1,29027111

9532,25,22,36,-788,2131,15576,-3669,1917,-3820,3f7f0c8a,3d83106e,3c3ab2b4,bd675e10,3f7f0c8b,3d831071,3c3ab2bd,bd675e28,1,29035629

9533,60,96,54,-457,2070,15604,-3669,1917,-3820,3f7f097f,3d84fe18,3c3b17f6,bd664b12,3f7f0980,3d84fe1b,3c3b17fd,bd664b2a,1,29043647

9534,98,121,78,-319,2147,15605,-3663,1969,-3908,3f7f0745,3d8632af,3c303426,bd667fad,3f7f0745,3d8632b0,3c30342b,bd667fc4,1,29052166

9535,152,70,111,-383,2130,15549,-3655,1943,-3835,3f7f0454,3d87d13e,3c2c8293,bd66238b,3f7f0455,3d87d140,3c2c8298,bd6623a3,1,29060684

9536,190,28,107,-398,1918,15604,-3649,1929,-3875,3f7f085a,3d867448,3c29c418,bd6502a5,3f7f0859,3d867449,3c29c419,bd6502bb,1,29069203

9537,189,21,86,-424,1980,15601,-3649,1929,-3875,3f7f09a0,3d870b51,3c2a81ae,bd62256f,3f7f09a0,3d870b53,3c2a81b2,bd622586,1,29077722

9538,189,-11,58,-576,1791,15602,-3659,1937,-3877,3f7f0bfc,3d85b748,3c362f50,bd621213,3f7f0bfc,3d85b74b,3c362f55,bd62122a,1,29086240

9539,156,4,53,-685,1871,15609,-3621,1899,-3935,3f7f0be1,3d85a1ac,3c467a8c,bd6189a1,3f7f0be2,3d85a1af,3c467a92,bd6189b9,1,29094759

9540,122,57,36,-684,1818,15647,-3621,1899,-3935,3f7f0ca9,3d853087,3c54ac39,bd60e3ff,3f7f0ca8,3d853088,3c54ac3d,bd60e415,1,29103278

9541,79,106,20,-582,1899,15590,-3659,1973,-3903,3f7f0e74,3d83f117,3c5b0e8d,bd616a7e,3f7f0e73,3d83f118,3c5b0e8f,bd616a94,1,29111796

9542,57,119,11,-612,2023,15600,-3665,1907,-3842,3f7f0ba5,3d85b1b3,3c611a9f,bd601514,3f7f0ba6,3d85b1b5,3c611aa1,bd60152b,1,29120315

9543,69,146,16,-691,2009,15601,-3665,1907,-3842,3f7f0943,3d870472,3c6af971,bd5efb9a,3f7f0943,3d870473,3c6af973,bd5efbb1,1,29128834

9544,73,202,12,-816,2123,15604,-3643,1921,-3913,3f7f065b,3d883435,3c75298e,bd5ebcd6,3f7f065c,3d883437,3c752990,bd5ebcee,1,29137352

9545,111,294,-7,-561,2056,15619,-3635,1927,-3833,3f7f051e,3d89bdc3,3c6eab50,bd5cce68,3f7f051e,3d89bdc4,3c6eab4f,bd5cce7e,1,29145871

9546,137,347,-23,-524,1998,15608,-3635,1927,-3833,3f7f0973,3d88de7b,3c61c7a4,bd5ad07c,3f7f0974,3d88de7d,3c61c7a3,bd5ad091,1,29153889

9547,137,346,-20,-399,2016,15596,-3679,2013,-3826,3f7f0bf3,3d87b3fa,3c54e3b8,bd5b9b66,3f7f0bf4,3d87b3fc,3c54e3b6,bd5b9b7b,1,29162407

9548,151,336,-2,-307,2082,15598,-3707,1905,-3908,3f7f0bbc,3d889aa3,3c457bae,bd5a848a,3f7f0bbc,3d889aa5,3c457bac,bd5a849e,1,29170926

9549,172,295,28,-366,2030,15575,-3707,1905,-3908,3f7f0c31,3d894b4f,3c375ee3,bd5904ec,3f7f0c32,3d894b51,3c375ee2,bd590501,1,29179445

9550,184,246,27,-393,1939,15570,-3643,1951,-3834,3f7f0fe2,3d87b7b6,3c2fc1fe,bd590b2a,3f7f0fe1,3d87b7b7,3c2fc1f9,bd590b3d,1,29187964

9551,167,221,15,-437,2041,15592,-3643,1989,-3989,3f7f11ea,3d863a05,3c2c2051,bd5a8a85,3f7f11e9,3d863a06,3c2c204e,bd5a8a98,1,29196482

9552,168,200,0,-309,2142,15581,-3695,1997,-3843,3f7f111d,3d8699bc,3c1db9aa,bd5b3b34,3f7f111e,3d8699be,3c1db9a9,bd5b3b49,1,29205001

9553,219,158,-32,-387,2087,15620,-3695,1997,-3843,3f7f11c1,3d85a2b6,3c15a00a,bd5d3152,3f7f11c2,3d85a2b8,3c15a004,bd5d3166,1,29213520

9554,241,125,-30,-369,1942,15606,-3663,1923,-3824,3f7f147a,3d85d560,3c12b876,bd59ab8b,3f7f147b,3d85d561,3c12b86f,bd59ab9f,1,29222038

9555,229,101,-23,-403,1910,15601,-3669,2005,-3911,3f7f1770,3d84163c,3c13f9ec,bd5a69ac,3f7f1771,3d84163d,3c13f9e5,bd5a69bf,1,29230557

9556,216,74,-22,-564,1902,15612,-3669,2005,-3911,3f7f1934,3d82c2cc,3c1df0a8,bd5b1bfa,3f7f1933,3d82c2cc,3c1df0a0,bd5b1c0c,1,29239075

9557,184,101,-7,-685,1923,15596,-3655,2019,-3872,3f7f19c6,3d81e8ac,3c2a0853,bd5be757,3f7f19c5,3d81e8ac,3c2a084d,bd5be769,1,29247594

9558,173,181,15,-549,2044,15589,-3621,1957,-3906,3f7f171c,3d82fec6,3c33de33,bd5beced,3f7f171c,3d82fec7,3c33de2b,bd5becff,1,29255612

9559,171,209,31,-335,2067,15594,-3621,1957,-3906,3f7f15d4,3d83f153,3c26e883,bd5bc87f,3f7f15d4,3d83f155,3c26e87d,bd5bc891,1,29264131

9560,193,192,35,-403,2030,15581,-3643,1959,-3850,3f7f13c0,3d85570a,3c1f52f1,bd5b2d38,3f7f13bf,3d85570b,3c1f52e8,bd5b2d48,1,29272650

9561,204,165,35,-414,2046,15622,-3643,1963,-3880,3f7f10cb,3d861d40,3c1b8a27,bd5ce377,3f7f10cb,3d861d42,3c1b8a24,bd5ce386,1,29281168

9562,226,150,24,-492,1987,15592,-3643,1963,-3880,3f7f1222,3d850f27,3c26b62f,bd5d61b4,3f7f1222,3d850f29,3c26b62b,bd5d61c2,1,29289687

9563,228,171,17,-485,1957,15619,-3651,1941,-3892,3f7f13c9,3d846cf2,3c329ec0,bd5c6ba9,3f7f13ca,3d846cf3,3c329eb9,bd5c6bb6,1,29298206

9564,222,180,12,-420,2056,15590,-3635,1955,-3870,3f7f11b3,3d85cb37,3c2b8068,bd5be157,3f7f11b3,3d85cb37,3c2b8062,bd5be163,1,29306724

9565,234,182,-9,-336,2052,15590,-3667,1945,-3930,3f7f11f2,3d8634bb,3c1dd0d4,bd5b3924,3f7f11f3,3d8634bb,3c1dd0cf,bd5b3931,1,29315243

9566,262,157,-32,-471,2004,15594,-3667,1945,-3930,3f7f1325,3d859632,3c2abccb,bd5abe0b,3f7f1326,3d859633,3c2abcc7,bd5abe18,1,29323762

9567,271,145,-27,-585,1858,15628,-3647,1975,-3837,3f7f15d9,3d840a74,3c333ef5,bd5ae9a1,3f7f15da,3d840a75,3c333ef0,bd5ae9ae,1,29332280

9568,245,194,-2,-662,1971,15609,-3685,1939,-3867,3f7f155b,3d8430a1,3c3f9eda,bd5a799d,3f7f155c,3d8430a2,3c3f9ed5,bd5a79aa,1,29340799

9569,230,256,14,-438,1996,15592,-3685,1939,-3867,3f7f1504,3d8547c5,3c3720cf,bd58ab85,3f7f1504,3d8547c4,3c3720c7,bd58ab90,1,29349317

9570,238,276,33,-405,1843,15615,-3625,1891,-3916,3f7f19ac,3d84351f,3c2f60f8,bd5633c6,3f7f19ac,3d84351e,3c2f60f1,bd5633d0,1,29357335

9571,216,263,32,-305,1924,15599,-3651,1955,-3896,3f7f1c6e,3d832b0c,3c217015,bd5627fc,3f7f1c6e,3d832b0c,3c21700d,bd562806,1,29365854

9572,203,223,27,-362,2061,15602,-3651,1955,-3896,3f7f1a56,3d8476e1,3c179f97,bd55e8fd,3f7f1a57,3d8476e2,3c179f92,bd55e908,1,29374373

9573,214,199,23,-249,2030,15590,-3729,1957,-3787,3f7f1a5d,3d84ff61,3c0a09ea,bd551f9a,3f7f1a5e,3d84ff62,3c0a09e5,bd551fa5,1,29382891

9574,222,163,34,-376,1958,15608,-3629,1923,-3830,3f7f1b97,3d85868b,3c0d7b94,bd522e5b,3f7f1b98,3d85868c,3c0d7b8b,bd522e66,1,29391410

9575,226,124,38,-263,2029,15584,-3629,1923,-3830,3f7f1b42,3d864f0a,3c035621,bd50fe30,3f7f1b41,3d864f0a,3c035617,bd50fe38,1,29399928

9576,242,83,25,-275,1948,15608,-3643,1949,-3872,3f7f1eb0,3d84d282,3bf86143,bd50e12f,3f7f1eb1,3d84d283,3bf8612e,bd50e139,1,29408447

9577,240,45,22,-477,1932,15603,-3607,1945,-3987,3f7f2053,3d83aa21,3c091f9c,bd51505d,3f7f2052,3d83aa21,3c091f8f,bd515064,1,29416966

9578,235,28,35,-575,1967,15615,-3671,1897,-3838,3f7f1f28,3d845bee,3c17078c,bd506007,3f7f1f28,3d845bee,3c17077e,bd50600f,1,29425484

9579,233,82,37,-480,2019,15618,-3671,1897,-3838,3f7f1d67,3d859185,3c1f007a,bd4f0fab,3f7f1d67,3d859185,3c1f006c,bd4f0fb3,1,29434003

9580,248,107,26,-436,2049,15604,-3643,2025,-3842,3f7f1efd,3d840033,3c207705,bd510cbb,3f7f1efd,3d840033,3c2076f7,bd510cc3,1,29442521

9581,263,100,21,-507,1946,15614,-3625,1963,-3823,3f7f2083,3d82e09b,3c2ce556,bd51668a,3f7f2082,3d82e09a,3c2ce54a,bd516692,1,29451040

9582,260,137,20,-617,1901,15609,-3625,1963,-3823,3f7f217c,3d8205cf,3c39b823,bd51a6e2,3f7f217c,3d8205ce,3c39b819,bd51a6eb,1,29459058

9583,252,189,7,-436,1912,15616,-3639,1959,-3836,3f7f25b9,3d803d17,3c3453c4,bd512fc2,3f7f25b9,3d803d16,3c3453bc,bd512fca,1,29467577

9584,247,209,-15,-289,1816,15620,-3669,1937,-3860,3f7f28f7,3d7ebed8,3c270e76,bd500a03,3f7f28f7,3d7ebed7,3c270e6d,bd500a0b,1,29476095

9585,219,179,-35,-400,2021,15589,-3669,1937,-3860,3f7f26ec,3d80ea7f,3c24ccd3,bd4ed792,3f7f26ec,3d80ea7f,3c24cccb,bd4ed79a,1,29484614

9586,222,147,-46,-384,1881,15634,-3695,2025,-3935,3f7f29ab,3d7e7eb5,3c222ed7,bd4fb683,3f7f29ab,3d7e7eb5,3c222ed1,bd4fb68b,1,29493132

9587,221,131,-41,-393,2014,15630,-3651,1975,-3887,3f7f26c4,3d80ab89,3c1d2e98,bd5004af,3f7f26c4,3d80ab89,3c1d2e8f,bd5004b7,1,29501651

9588,230,115,-38,-267,1953,15588,-3651,1975,-3887,3f7f2865,3d801fa2,3c106d9b,bd4ff327,3f7f2864,3d801fa1,3c106d91,bd4ff32e,1,29510170

9589,246,75,-19,-475,1845,15619,-3689,1965,-3859,3f7f2a96,3d7dc7fb,3c1c76d7,bd4fbd31,3f7f2a95,3d7dc7fa,3c1c76cf,bd4fbd38,1,29518688

9590,223,69,13,-445,1841,15616,-3657,1989,-3917,3f7f2d02,3d7a7153,3c2209fa,bd508b2e,3f7f2d03,3d7a7154,3c2209f4,bd508b37,1,29527207

9591,189,87,39,-314,1964,15607,-3637,1949,-3864,3f7f2b69,3d7cfa8e,3c1aa246,bd4fca96,3f7f2b69,3d7cfa8e,3c1aa23f,bd4fca9e,1,29535726

9592,191,56,45,-620,1973,15605,-3637,1949,-3864,3f7f296f,3d7e713d,3c28d703,bd4fbcd1,3f7f2970,3d7e713f,3c28d6fc,bd4fbcd9,1,29544244

9593,212,57,38,-396,1972,15581,-3651,1943,-3851,3f7f2750,3d80bae8,3c27cbba,bd4eabe0,3f7f2750,3d80bae8,3c27cbb2,bd4eabe6,1,29552763

9594,222,72,29,-277,1987,15596,-3699,1939,-3906,3f7f26e6,3d8173b8,3c1d9e36,bd4de18a,3f7f26e6,3d8173b8,3c1d9e2d,bd4de190,1,29561281

9595,225,18,15,-318,2071,15569,-3699,1939,-3906,3f7f24d4,3d82d439,3c19ad8d,bd4d27cf,3f7f24d4,3d82d439,3c19ad83,bd4d27d5,1,29569299

9596,254,2,29,-649,1751,15607,-3675,1931,-3859,3f7f267b,3d81ce80,3c288611,bd4cf697,3f7f267b,3d81ce80,3c288608,bd4cf69d,1,29577818

9597,232,48,36,-604,1884,15613,-3653,1953,-3922,3f7f2738,3d810292,3c371bed,bd4d46b1,3f7f2739,3d810293,3c371be6,bd4d46b7,1,29586337

9598,224,75,38,-344,1946,15627,-3653,1953,-3922,3f7f28a0,3d80a17c,3c2b0940,bd4d22d0,3f7f289f,3d80a17c,3c2b0939,bd4d22d5,1,29594855

9599,217,70,32,-426,1809,15616,-3699,1985,-3920,3f7f2b8b,3d7dc043,3c2cae4e,bd4dcab1,3f7f2b8a,3d7dc043,3c2cae47,bd4dcab6,1,29603374

9600,194,54,31,-420,1785,15616,-3693,2023,-3904,3f7f2df2,3d7a731e,3c2dcf56,bd4eca42,3f7f2df3,3d7a7320,3c2dcf52,bd4eca49,1,29611893

9601,146,36,26,-511,1793,15620,-3693,2023,-3904,3f7f2f91,3d779b0b,3c34357c,bd4fdfda,3f7f2f90,3d779b0b,3c343576,bd4fdfdf,1,29620411

9602,113,25,25,-558,1785,15605,-3687,1969,-3884,3f7f3022,3d765f51,3c42a261,bd4fd3d6,3f7f3021,3d765f51,3c42a25c,bd4fd3db,1,29628930

9603,71,68,27,-533,1848,15608,-3699,1967,-3799,3f7f2e59,3d787d0b,3c4f7dc5,bd4eb7d1,3f7f2e59,3d787d0d,3c4f7dbf,bd4eb7d5,1,29637449

9604,49,92,34,-628,1948,15600,-3667,1961,-3900,3f7f2b17,3d7b3278,3c5b8595,bd4eafbe,3f7f2b17,3d7b327a,3c5b8590,bd4eafc2,1,29645967

9605,39,121,56,-540,1921,15576,-3667,1961,-3900,3f7f2767,3d7ebd41,3c62e347,bd4e6956,3f7f2767,3d7ebd45,3c62e335,bd4e6959,1,29654486

9606,10,211,65,-450,2032,15591,-3697,1943,-3948,3f7f2454,3d813f12,3c5a1cac,bd4e21e8,3f7f2454,3d813f14,3c5a1c9a,bd4e21eb,1,29663004

9607,41,166,72,-547,1982,15676,-3665,1991,-3892,3f7f242c,3d804f2e,3c5cef1d,bd507851,3f7f242d,3d804f31,3c5cef10,bd507855,1,29671022

9608,85,152,82,-533,2052,15582,-3665,1991,-3892,3f7f1f17,3d81dd50,3c5c4d25,bd52dc79,3f7f1f17,3d81dd51,3c5c4d1a,bd52dc7e,1,29679541

9609,76,212,86,-232,1971,15680,-3615,2009,-3938,3f7f1ffd,3d816163,3c4eadf1,bd53d36e,3f7f1ffd,3d816164,3c4eade7,bd53d373,1,29688059

9610,119,202,82,-159,2018,15637,-3667,2009,-3928,3f7f2072,3d812efa,3c401195,bd549c64,3f7f2072,3d812efb,3c40118b,bd549c69,1,29696578

9611,136,128,43,-85,1826,15600,-3667,2009,-3928,3f7f223a,3d805eb8,3c34f3bd,bd550ff5,3f7f223a,3d805eb9,3c34f3b4,bd550ffa,1,29705097

9612,116,37,13,-551,2146,15587,-3695,1965,-3868,3f7f1e6e,3d822327,3c3c5506,bd54ea0b,3f7f1e6e,3d822328,3c3c54fd,bd54ea10,1,29713615

9613,157,34,11,-439,2071,15589,-3677,1991,-3974,3f7f1bd0,3d828df8,3c35fa86,bd575bb3,3f7f1bd0,3d828df9,3c35fa7d,bd575bb8,1,29722134

9614,188,33,17,-611,1945,15630,-3677,1991,-3974,3f7f1c64,3d819307,3c42b5df,bd585841,3f7f1c64,3d819308,3c42b5d6,bd585846,1,29730653

9615,176,54,23,-601,1961,15606,-3693,2009,-3870,3f7f1c70,3d80b2b9,3c4ee262,bd59ad39,3f7f1c70,3d80b2ba,3c4ee259,bd59ad3d,1,29739171

9616,169,84,28,-550,1984,15586,-3673,2019,-3898,3f7f1c77,3d7f2500,3c54a338,bd5beff1,3f7f1c77,3d7f2502,3c54a331,bd5beff5,1,29747690

9617,180,119,53,-616,2121,15598,-3677,1985,-3921,3f7f1897,3d811000,3c5bb211,bd5c850e,3f7f1896,3d811000,3c5bb20b,bd5c8511,1,29756209

9618,193,144,74,-547,2010,15602,-3677,1985,-3921,3f7f144c,3d81e063,3c60d0a0,bd5f3a66,3f7f144c,3d81e064,3c60d0a7,bd5f3a67,1,29764226

9619,209,177,78,-545,1962,15586,-3691,1991,-3900,3f7f1593,3d8057b1,3c60b6df,bd615096,3f7f1594,3d8057b3,3c60b6e2,bd615096,1,29772745

9620,209,186,71,-382,1929,15602,-3671,1995,-3959,3f7f1740,3d7f0104,3c53c230,bd621dfe,3f7f173f,3d7f0105,3c53c233,bd621dfc,1,29781264

9621,200,173,46,-318,2062,15583,-3671,1995,-3959,3f7f168c,3d7ffde5,3c461f40,bd628f6a,3f7f168d,3d7ffde9,3c461f45,bd628f6b,1,29789782

9622,207,141,-2,-517,1980,15601,-3655,1995,-3843,3f7f1348,3d80a0d8,3c4f85e4,bd6446b9,3f7f1349,3d80a0d9,3c4f85ec,bd6446bb,1,29798301

9623,215,129,-16,-486,1992,15613,-3693,1951,-3839,3f7f11a1,3d821fe0,3c4df077,bd62d047,3f7f11a1,3d821fe1,3c4df07c,bd62d047,1,29806819

9624,223,138,-26,-579,2039,15590,-3693,1951,-3839,3f7f0f62,3d837e7b,3c544809,bd61cf2a,3f7f0f62,3d837e7c,3c54480e,bd61cf2a,1,29815338

9625,238,154,-25,-641,2024,15598,-3709,1963,-3924,3f7f0dd4,3d840151,3c60a865,bd61a067,3f7f0dd4,3d840152,3c60a86b,bd61a067,1,29823857

9626,243,204,-12,-696,2036,15584,-3727,1989,-3840,3f7f0c87,3d8423fa,3c6cb31e,bd6201b2,3f7f0c88,3d8423fc,3c6cb324,bd6201b3,1,29832375

9627,267,271,9,-643,2062,15591,-3727,1989,-3840,3f7f0a0e,3d84c9c2,3c7541e6,bd62b625,3f7f0a0e,3d84c9c2,3c7541ef,bd62b625,1,29840894

9628,294,335,28,-585,1979,15608,-3665,2035,-3882,3f7f0cab,3d82f2e7,3c70615e,bd645ed5,3f7f0cab,3d82f2e7,3c706168,bd645ed5,1,29849412

9629,304,382,43,-478,1961,15599,-3641,2003,-3884,3f7f0f8d,3d816eff,3c622c77,bd658312,3f7f0f8d,3d816eff,3c622c80,bd658312,1,29857931

9630,301,388,40,-437,1958,15594,-3609,1933,-3917,3f7f1028,3d81ffcf,3c528cd6,bd647be1,3f7f1027,3d81ffce,3c528cdd,bd647be0,1,29866450

9631,308,405,20,-425,1857,15575,-3609,1933,-3917,3f7f146d,3d80e3ec,3c424f66,bd631f42,3f7f146e,3d80e3ec,3c424f6e,bd631f43,1,29874468

9632,284,410,24,-403,1853,15599,-3681,1959,-4000,3f7f1877,3d7e7c19,3c3473f0,bd63051f,3f7f1878,3d7e7c19,3c3473f7,bd630520,1,29882986

9633,253,405,36,-583,1928,15572,-3685,1975,-3942,3f7f17e0,3d7e5ec4,3c3caac5,bd636588,3f7f17e0,3d7e5ec3,3c3caacb,bd636588,1,29891505

9634,232,440,67,-303,1816,15648,-3685,1975,-3942,3f7f1ad1,3d7bf864,3c2b9dae,bd639b8b,3f7f1ad1,3d7bf863,3c2b9db4,bd639b8b,1,29900024

9635,198,416,85,-296,1815,15625,-3647,1975,-4015,3f7f1d62,3d7987a0,3c1bc708,bd6421f2,3f7f1d62,3d7987a0,3c1bc70d,bd6421f2,1,29908542

9636,153,373,110,-207,1875,15595,-3659,1957,-3985,3f7f1dbc,3d79de88,3c097879,bd641a28,3f7f1dbc,3d79de88,3c09787e,bd641a28,1,29917061

9637,116,341,139,-112,1978,15591,-3659,1957,-3985,3f7f1c75,3d7b7ee4,3bf19355,bd645588,3f7f1c74,3d7b7ee3,3bf1935e,bd645588,1,29925579

9638,122,256,148,-81,2011,15609,-3685,1989,-3917,3f7f1b20,3d7cc0df,3bd2881c,bd64e9de,3f7f1b1f,3d7cc0de,3bd28825,bd64e9de,1,29934098

9639,151,148,121,-438,2121,15620,-3589,2061,-3903,3f7f17a5,3d7d1ec0,3be38673,bd681cd7,3f7f17a5,3d7d1ec0,3be3867c,bd681cd8,1,29942617

9640,186,142,88,-371,2176,15600,-3589,2061,-3903,3f7f12f0,3d7ed03c,3be4eae9,bd6b6463,3f7f12ef,3d7ed03c,3be4eaed,bd6b6463,1,29951136

9641,250,168,36,-425,2140,15592,-3643,1927,-3915,3f7f1072,3d80dad9,3beb199a,bd6ad708,3f7f1072,3d80dada,3beb199c,bd6ad709,1,29959654

9642,312,179,2,-470,2016,15600,-3623,1969,-3982,3f7f0f25,3d813e80,3c013f17,bd6b03b5,3f7f0f25,3d813e81,3c013f19,bd6b03b6,1,29968173

9643,357,210,-19,-355,1861,15622,-3605,1959,-3937,3f7f141a,3d7e3152,3c003a3e,bd6a5b1c,3f7f1418,3d7e3152,3c003a43,bd6a5b1c,1,29976691

9644,353,248,1,-373,1807,15620,-3605,1959,-3937,3f7f18bb,3d7a0f13,3c01f15c,bd69b3ec,3f7f18b9,3d7a0f13,3c01f161,bd69b3ec,1,29984709

9645,328,261,9,-266,1865,15612,-3593,2013,-3979,3f7f1b89,3d76a88d,3bef0099,bd6a98ff,3f7f1b89,3d76a88f,3bef00a4,bd6a9901,1,29993228

9646,300,226,4,-333,1944,15604,-3629,1983,-3913,3f7f195e,3d79671a,3be9a290,bd6a23a9,3f7f195f,3d79671b,3be9a292,bd6a23ab,1,30001747

9647,313,210,14,-312,1887,15590,-3629,1983,-3913,3f7f1b2e,3d78d3bd,3bcd4f64,bd693085,3f7f1b2e,3d78d3ba,3bcd4f5d,bd693088,1,30010265

9648,312,201,24,-264,1802,15604,-3663,2011,-3972,3f7f1e60,3d74ec39,3bc3f5cb,bd69f49c,3f7f1e5e,3d74ec35,3bc3f5c1,bd69f49e,1,30018784

9649,282,173,23,-308,1752,15609,-3615,1991,-3996,3f7f21ab,3d710a58,3bc67b5c,bd6a5e08,3f7f21ab,3d710a55,3bc67b57,bd6a5e0c,1,30027303

9650,236,150,46,-330,1671,15612,-3615,1991,-3996,3f7f249d,3d6d77da,3bcd036f,bd6ab688,3f7f249d,3d6d77d7,3bcd036a,bd6ab68c,1,30035821

9651,178,148,60,-233,1776,15604,-3633,1965,-3870,3f7f2459,3d6fa2e7,3bbdd0ac,bd68fd86,3f7f2458,3d6fa2e4,3bbdd0ae,bd68fd89,1,30044340

9652,131,126,60,-336,1824,15603,-3631,1923,-3955,3f7f226a,3d72d1c5,3bc6f149,bd67b097,3f7f2269,3d72d1c2,3bc6f14a,bd67b09b,1,30052859

9653,106,108,75,-258,1903,15621,-3631,1923,-3955,3f7f1ffb,3d765f5d,3bc4632f,bd66a613,3f7f1ffc,3d765f5c,3bc46333,bd66a619,1,30061377

9654,108,94,89,-113,1987,15612,-3667,1927,-3959,3f7f1dc0,3d796a03,3bb665a3,bd660766,3f7f1dc0,3d796a01,3bb665a8,bd66076b,1,30069896

9655,146,26,67,-207,2145,15609,-3633,1989,-3958,3f7f1a32,3d7cceed,3bb0c402,bd665456,3f7f1a32,3d7cceeb,3bb0c408,bd66545b,1,30078415

9656,198,-27,39,-502,2028,15616,-3623,1945,-3936,3f7f17f3,3d7ef97b,3bcced81,bd661106,3f7f17f3,3d7ef979,3bcced86,bd66110b,1,30086432

9657,239,-8,28,-447,1986,15616,-3623,1945,-3936,3f7f1621,3d806f77,3be86e86,bd65912b,3f7f1622,3d806f77,3be86e89,bd659130,1,30094951

9658,256,28,15,-498,1932,15605,-3629,1943,-3917,3f7f1574,3d80cb5c,3c039524,bd64fe3b,3f7f1575,3d80cb5c,3c039526,bd64fe40,1,30103470

9659,277,55,13,-482,1917,15613,-3647,1973,-3989,3f7f166b,3d7fbfa9,3c11e798,bd656fae,3f7f166b,3d7fbfa8,3c11e799,bd656fb2,1,30111988

9660,288,105,27,-510,1786,15600,-3647,1973,-3989,3f7f18f4,3d7c8e5e,3c1b4fd2,bd65c642,3f7f18f4,3d7c8e5d,3c1b4fd3,bd65c646,1,30120507

9661,267,158,52,-406,1724,15593,-3623,1971,-3898,3f7f1ca6,3d78ba52,3c1c235c,bd65cf6c,3f7f1ca6,3d78ba51,3c1c235d,bd65cf70,1,30129026

9662,215,173,61,-407,1669,15609,-3609,1953,-3908,3f7f2063,3d75425b,3c1d335c,bd65570d,3f7f2063,3d75425a,3c1d335f,bd655710,1,30137544

9663,158,191,59,-455,1808,15598,-3609,1953,-3908,3f7f200d,3d769ed5,3c26e84d,bd63d380,3f7f200c,3d769ed3,3c26e850,bd63d382,1,30146063

9664,120,195,70,-338,1952,15595,-3669,1969,-3833,3f7f1dcf,3d79cd00,3c1f0c45,bd633879,3f7f1dcf,3d79ccff,3c1f0c46,bd63387c,1,30154581

9665,122,192,58,-305,1949,15618,-3627,1971,-3907,3f7f1c6a,3d7bf11b,3c127f21,bd62f29e,3f7f1c6b,3d7bf11b,3c127f24,bd62f2a1,1,30163100

9666,145,166,43,-190,1960,15618,-3627,1971,-3907,3f7f1c07,3d7cfe7b,3c04b026,bd62be72,3f7f1c07,3d7cfe7a,3c04b029,bd62be74,1,30171619

9667,168,138,23,-239,1963,15618,-3669,1977,-3920,3f7f1b8e,3d7e1b9c,3bef5096,bd627a9c,3f7f1b8f,3d7e1b9b,3bef509e,bd627a9f,1,30180137

9668,177,86,13,-350,1899,15607,-3645,1951,-3903,3f7f1b71,3d8014dc,3bfcf127,bd600d76,3f7f1b71,3d8014dc,3bfcf13a,bd600d7a,1,30188155

9669,172,84,20,-349,1949,15592,-3641,1931,-3864,3f7f19c1,3d819d6a,3c0077eb,bd5e5d2b,3f7f19c2,3d819d6b,3c0077f5,bd5e5d30,1,30196674

9670,191,79,40,-266,1991,15624,-3641,1931,-3864,3f7f188f,3d82da5c,3bf45e0f,bd5d0e4c,3f7f1890,3d82da5d,3bf45e24,bd5d0e51,1,30205192

9671,207,56,52,-407,1932,15626,-3607,1975,-3875,3f7f1a5c,3d817ab6,3c045449,bd5dd92a,3f7f1a5b,3d817ab5,3c04544d,bd5dd92d,1,30213711

9672,218,65,55,-431,1909,15611,-3635,1991,-3829,3f7f1c08,3d801641,3c0e460f,bd5ec503,3f7f1c09,3d801641,3c0e4612,bd5ec508,1,30222230

9673,227,89,52,-674,1844,15611,-3635,1991,-3829,3f7f1c6f,3d7ec9db,3c1c484b,bd5f4f26,3f7f1c6e,3d7ec9d9,3c1c484d,bd5f4f2a,1,30230748

9674,227,160,39,-421,1769,15632,-3659,2029,-3909,3f7f1f0f,3d7b42ce,3c1c73ff,bd604c48,3f7f1f0e,3d7b42cc,3c1c7401,bd604c4c,1,30239267

9675,189,211,44,-446,1869,15607,-3643,1965,-3880,3f7f1f79,3d7b5ee7,3c27ba1a,bd5f313e,3f7f1f79,3d7b5ee9,3c27ba1b,bd5f3142,1,30247786

9676,171,227,57,-372,1857,15588,-3643,1965,-3880,3f7f21e6,3d7a7989,3c19fc16,bd5e0b84,3f7f21e6,3d7a798a,3c19fc17,bd5e0b88,1,30256305

9677,171,234,65,-306,1844,15598,-3643,1951,-3891,3f7f234c,3d7aaae4,3c0bc19c,bd5ccea9,3f7f234b,3d7aaae4,3c0bc19c,bd5ccead,1,30264823

9678,154,220,60,-280,1867,15611,-3671,1945,-3816,3f7f2336,3d7c8e02,3c010620,bd5b2752,3f7f2336,3d7c8e03,3c010620,bd5b2757,1,30273342

9679,141,193,47,-236,1977,15622,-3671,1945,-3816,3f7f218e,3d7f59b0,3bf04198,bd5a2847,3f7f218e,3d7f59b1,3bf04197,bd5a284c,1,30281360

9680,155,163,30,-261,1944,15623,-3691,1987,-3828,3f7f2234,3d7f107d,3bd40a1c,bd5a309e,3f7f2234,3d7f107e,3bd40a1b,bd5a30a3,1,30289878

9681,169,142,19,-241,1927,15611,-3637,1987,-3917,3f7f23e6,3d7cf642,3bbfaa72,bd5af2c3,3f7f23e7,3d7cf645,3bbfaa6e,bd5af2c9,1,30298397

9682,182,102,24,-383,1848,15622,-3623,1969,-3861,3f7f2540,3d7b59fc,3bd96e02,bd5ad9f0,3f7f2541,3d7b59ff,3bd96dfc,bd5ad9f6,1,30306915

9683,167,79,34,-365,1891,15604,-3623,1969,-3861,3f7f24e1,3d7bbbba,3bf6f764,bd5a5ba0,3f7f24e2,3d7bbbbb,3bf6f75f,bd5a5ba6,1,30315434

9684,149,90,38,-315,1922,15599,-3627,1961,-3885,3f7f2337,3d7ea7a7,3bed0229,bd5915d3,3f7f2337,3d7ea7a7,3bed0229,bd5915d8,1,30323953

9685,156,81,59,-401,1890,15599,-3621,1931,-3899,3f7f224e,3d80227f,3c02c092,bd57cf66,3f7f224e,3d80227f,3c02c08f,bd57cf6a,1,30332471

9686,154,76,83,-478,1879,15610,-3621,1931,-3899,3f7f21bc,3d806529,3c1168a2,bd57462f,3f7f21bc,3d806529,3c11689f,bd574633,1,30340990

9687,148,119,102,-468,1955,15594,-3637,1989,-3879,3f7f2111,3d7f9ff6,3c1d9515,bd58e995,3f7f2112,3d7f9ff8,3c1d9513,bd58e99a,1,30349509

9688,156,157,105,-333,1912,15609,-3631,1979,-3883,3f7f22b2,3d7db5bb,3c1270ed,bd59bbb1,3f7f22b2,3d7db5bb,3c1270ed,bd59bbb5,1,30358027

9689,157,147,99,-424,1915,15610,-3631,1979,-3883,3f7f22dc,3d7c0b79,3c1d81d4,bd5afd57,3f7f22dd,3d7c0b7b,3c1d81d8,bd5afd5c,1,30366546

9690,160,144,79,-468,1926,15609,-3645,2005,-3884,3f7f2291,3d7a385d,3c268c7e,bd5cff19,3f7f2292,3d7a385f,3c268c82,bd5cff1e,1,30375064

9691,164,169,42,-164,2032,15627,-3621,1973,-3889,3f7f219f,3d7bccb8,3c199307,bd5ce1bc,3f7f219e,3d7bccb8,3c199309,bd5ce1bf,1,30383583

9692,198,134,37,-199,1957,15612,-3621,1973,-3889,3f7f21a4,3d7c6437,3c0c47fe,bd5cbc38,3f7f21a4,3d7c6438,3c0c4800,bd5cbc3c,1,30391601

9693,210,72,35,-339,1872,15619,-3605,1955,-3988,3f7f24f1,3d79b241,3c051248,bd5c429f,3f7f24f1,3d79b242,3c05124c,bd5c42a3,1,30400120

9694,211,50,35,-435,1868,15601,-3629,1969,-3931,3f7f250f,3d78fc7f,3c148bad,bd5c4f8a,3f7f2510,3d78fc80,3c148bb0,bd5c4f8f,1,30408639

9695,197,76,47,-397,1926,15610,-3641,1983,-3889,3f7f2164,3d7c19c6,3c1914fa,bd5cd316,3f7f2165,3d7c19c7,3c1914f6,bd5cd31c,1,30417157

9696,190,88,65,-345,1883,15619,-3641,1983,-3889,3f7f2393,3d79c0bf,3c10469e,bd5d561b,3f7f2393,3d79c0be,3c10469f,bd5d5620,1,30425676

9697,191,88,75,-475,1903,15592,-3673,1995,-3929,3f7f22c3,3d78f70e,3c1e4e1f,bd5e8f11,3f7f22c3,3d78f70d,3c1e4e21,bd5e8f16,1,30434195

9698,203,90,79,-453,1884,15598,-3617,1961,-3844,3f7f20fd,3d7b2f9c,3c284d97,bd5da24b,3f7f20fe,3d7b2f9c,3c284d98,bd5da251,1,30442713

9699,183,117,71,-402,1894,15630,-3617,1961,-3844,3f7f207a,3d7d794d,3c22d4a8,bd5bdd8a,3f7f207b,3d7d794c,3c22d4a4,bd5bdd90,1,30451232

9700,178,120,73,-397,1956,15614,-3639,2009,-3882,3f7f20ce,3d7b3ada,3c1db1fc,bd5e483d,3f7f20cd,3d7b3ad8,3c1db1f3,bd5e4841,1,30459750

9701,193,121,66,-313,1992,15593,-3625,1971,-3923,3f7f1ef5,3d7d7421,3c13edc7,bd5e4bfa,3f7f1ef6,3d7d7422,3c13edc2,bd5e4c00,1,30468269

9702,211,113,52,-417,1955,15614,-3625,1971,-3923,3f7f1bf2,3d7fc7a1,3c1d7ff9,bd5ead92,3f7f1bf3,3d7fc7a2,3c1d7ff6,bd5ead98,1,30476787

9703,219,116,36,-300,1910,15620,-3623,1955,-3851,3f7f1d21,3d7fea5a,3c1111b8,bd5db239,3f7f1d22,3d7fea5b,3c1111b5,bd5db23f,1,30485306

9704,235,88,12,-440,1939,15604,-3663,1973,-3843,3f7f1c4e,3d804b38,3c1f49b5,bd5d4154,3f7f1c4f,3d804b39,3c1f49b2,bd5d415a,1,30493825

9705,232,100,5,-456,1828,15613,-3663,1973,-3843,3f7f1f74,3d7d4f9f,3c266599,bd5d1233,3f7f1f75,3d7d4fa1,3c266598,bd5d1239,1,30501842

9706,213,130,21,-414,1892,15603,-3631,2019,-3878,3f7f217d,3d7a11cd,3c24e8af,bd5e7c42,3f7f217c,3d7a11cd,3c24e8ad,bd5e7c46,1,30510361

9707,213,139,40,-314,1896,15608,-3609,1997,-3903,3f7f22f3,3d7865db,3c18f092,bd5f35db,3f7f22f2,3d7865db,3c18f08f,bd5f35df,1,30518880

9708,206,115,43,-330,1888,15607,-3615,2015,-3896,3f7f246e,3d75f354,3c10cde2,bd609199,3f7f246b,3d75f352,3c10cddb,bd60919b,1,30527398

9709,193,88,44,-464,1837,15613,-3615,2015,-3896,3f7f2556,3d736e01,3c1a1478,bd61e46f,3f7f2555,3d736e01,3c1a1475,bd61e472,1,30535917

9710,179,85,47,-400,1890,15602,-3641,1965,-3954,3f7f22bf,3d76c38a,3c1bc7ae,bd611fe7,3f7f22bf,3d76c38b,3c1bc7ab,bd611feb,1,30544436

9711,180,96,42,-333,1946,15600,-3667,1997,-3882,3f7f20da,3d78dc2f,3c11d257,bd6161af,3f7f20db,3d78dc31,3c11d254,bd6161b4,1,30552954

9712,181,77,39,-491,1987,15590,-3667,1997,-3882,3f7f1dc0,3d7b1b12,3c1d737b,bd61e952,3f7f1dc0,3d7b1b13,3c1d737a,bd61e957,1,30561473

9713,202,87,22,-570,1884,15608,-3659,1935,-3940,3f7f1c88,3d7c7b21,3c2ab22a,bd6127ae,3f7f1c88,3d7c7b22,3c2ab229,bd6127b3,1,30569992

9714,208,131,0,-546,1945,15593,-3663,1957,-3955,3f7f1ab1,3d7e364b,3c365bce,bd60b87b,3f7f1ab1,3d7e364c,3c365bcd,bd60b880,1,30578510

9715,215,186,-7,-521,1893,15627,-3663,1957,-3955,3f7f1b0d,3d7ddf10,3c42e8d8,bd60084c,3f7f1b0e,3d7ddf12,3c42e8d7,bd600852,1,30587029

9716,217,223,8,-279,1930,15623,-3677,1939,-3868,3f7f1b6b,3d7f151c,3c355bdb,bd5ef3f0,3f7f1b6b,3d7f151d,3c355bd9,bd5ef3f5,1,30595547

9717,220,218,9,-293,1895,15613,-3627,1993,-3840,3f7f1d92,3d7d5a46,3c278051,bd5f23d5,3f7f1d92,3d7d5a47,3c27804f,bd5f23da,1,30603565

9718,222,171,-1,-334,1886,15614,-3627,1993,-3840,3f7f2002,3d7b2322,3c1bdd16,bd5f630c,3f7f2002,3d7b2323,3c1bdd14,bd5f6311,1,30612084

9719,219,144,6,-358,1871,15619,-3655,1975,-3901,3f7f22ed,3d791e4e,3c1076a4,bd5ec916,3f7f22ec,3d791e4f,3c1076a1,bd5ec91a,1,30620602

9720,227,128,11,-400,1947,15617,-3713,1995,-3826,3f7f1ffd,3d7c2a5a,3c145a99,bd5e915c,3f7f1ffd,3d7c2a5c,3c145a9b,bd5e9161,1,30629121

9721,235,125,14,-348,1934,15623,-3657,1959,-3948,3f7f1f11,3d7e54ab,3c0c1ae3,bd5d7cf0,3f7f1f12,3d7e54af,3c0c1aea,bd5d7cf6,1,30637640

9722,242,109,18,-485,1875,15602,-3657,1959,-3948,3f7f1fc5,3d7d3d77,3c1a31e7,bd5d5851,3f7f1fc4,3d7d3d78,3c1a31ec,bd5d5855,1,30646158

9723,236,127,30,-447,1858,15603,-3673,1915,-3980,3f7f1f9f,3d7ed392,3c2290cf,bd5b4fd9,3f7f1f9f,3d7ed395,3c2290d2,bd5b4fde,1,30654677

9724,230,152,24,-385,1883,15629,-3665,1971,-3861,3f7f2378,3d7bd532,3c1aca1f,bd5aa461,3f7f2378,3d7bd534,3c1aca2a,bd5aa466,1,30663196

9725,231,142,18,-417,1803,15610,-3665,1971,-3861,3f7f2716,3d785991,3c1ec28a,bd5a3939,3f7f2716,3d785993,3c1ec292,bd5a393e,1,30671714

9726,210,149,19,-311,1884,15594,-3673,1947,-3873,3f7f26bb,3d7a5567,3c157339,bd58c8d1,3f7f26bb,3d7a5569,3c157341,bd58c8d6,1,30680233

9727,196,143,22,-387,1790,15605,-3655,1963,-3930,3f7f2a59,3d76e556,3c1681fe,bd586c5f,3f7f2a59,3d76e557,3c1681fc,bd586c64,1,30688751

9728,167,130,29,-470,1802,15599,-3655,1963,-3930,3f7f2b4a,3d75b48b,3c235dac,bd58157b,3f7f2b4a,3d75b48c,3c235da9,bd581580,1,30696769

9729,145,161,37,-538,1815,15629,-3701,2021,-3839,3f7f2bde,3d73c181,3c2ced3e,bd5925ac,3f7f2bde,3d73c182,3c2ced3b,bd5925b1,1,30705288

9730,132,204,39,-325,1922,15623,-3649,2005,-3913,3f7f2b17,3d747829,3c1e3624,bd59f2b2,3f7f2b18,3d74782b,3c1e3622,bd59f2b7,1,30713807

9731,129,210,40,-321,1906,15611,-3649,2005,-3913,3f7f2aa3,3d749458,3c0f7e47,bd5afe84,3f7f2aa4,3d74945a,3c0f7e46,bd5afe89,1,30722325

9732,140,175,51,-334,1940,15625,-3603,1977,-3945,3f7f27c3,3d77aca6,3c077522,bd5b2ea0,3f7f27c3,3d77aca6,3c07751b,bd5b2ea4,1,30730844

9733,145,149,44,-406,1930,15601,-3631,1985,-3937,3f7f246e,3d79b8e7,3c11ccdc,bd5c52d3,3f7f246e,3d79b8e7,3c11ccd6,bd5c52d7,1,30739362

9734,150,158,46,-298,1960,15590,-3669,1999,-3900,3f7f2342,3d7aafdd,3c045448,bd5d1d44,3f7f2343,3d7aafdd,3c045443,bd5d1d49,1,30747881

9735,165,144,31,-361,1895,15599,-3669,1999,-3900,3f7f24bf,3d77ba0d,3c046f83,bd5eb8c1,3f7f24be,3d77ba0b,3c046f7f,bd5eb8c4,1,30756400

9736,176,123,32,-393,1885,15614,-3643,1987,-3911,3f7f241d,3d771776,3c11af70,bd5fa120,3f7f241d,3d77177a,3c11af73,bd5fa124,1,30764918

9737,172,126,40,-459,1919,15598,-3611,1981,-3921,3f7f2197,3d78d8cc,3c1dccb4,bd600db5,3f7f2198,3d78d8d0,3c1dccba,bd600dba,1,30773437

9738,167,140,49,-422,1890,15614,-3611,1981,-3921,3f7f2167,3d77489e,3c27c175,bd6189db,3f7f2168,3d77489b,3c27c16e,bd6189df,1,30781956

9739,166,163,50,-412,1834,15615,-3665,1979,-3921,3f7f250e,3d743b21,3c22f19c,bd60f4bf,3f7f250e,3d743b1c,3c22f19f,bd60f4c1,1,30790474

9740,155,175,64,-303,1880,15597,-3645,1975,-3887,3f7f244b,3d75f1a6,3c1657e2,bd607f62,3f7f244b,3d75f1a2,3c1657e8,bd607f64,1,30798993

9741,146,153,64,-303,1960,15601,-3645,1975,-3887,3f7f2209,3d78d6b6,3c0de200,bd603855,3f7f220a,3d78d6b3,3c0de208,bd603857,1,30807011

9742,160,121,38,-362,1898,15623,-3627,1969,-3907,3f7f2064,3d7bcfb3,3c0992d0,bd5ef0f3,3f7f2063,3d7bcfad,3c0992cb,bd5ef0f5,1,30815529

9743,166,114,18,-338,1926,15629,-3605,1979,-3936,3f7f2103,3d7ab8de,3bfbecf7,bd5fe0a3,3f7f2104,3d7ab8df,3bfbece4,bd5fe0a8,1,30824048

9744,178,98,9,-391,1910,15619,-3605,1979,-3936,3f7f2098,3d79f2ec,3c0b900a,bd60b703,3f7f2099,3d79f2ec,3c0b9001,bd60b707,1,30832567

9745,182,79,9,-402,1942,15590,-3677,1949,-3869,3f7f1e6d,3d7d1a8f,3c0ffcaf,bd5f7791,3f7f1e6c,3d7d1a8d,3c0ffca5,bd5f7794,1,30841085

9746,191,87,15,-436,1909,15618,-3667,1975,-3973,3f7f1ebe,3d7bc826,3c1d8f83,bd6005d8,3f7f1ebe,3d7bc827,3c1d8f7c,bd6005db,1,30849604

9747,192,102,28,-490,1898,15601,-3633,1963,-3898,3f7f1dab,3d7cb4ae,3c2b6bd2,bd5f92c6,3f7f1dac,3d7cb4b0,3c2b6bcb,bd5f92ca,1,30858122

9748,199,130,44,-535,1838,15602,-3633,1963,-3898,3f7f1e88,3d7b5a7b,3c386958,bd5f774d,3f7f1e88,3d7b5a7b,3c38694f,bd5f7750,1,30866641

9749,179,176,36,-411,1844,15605,-3637,1993,-3926,3f7f2117,3d7851d6,3c3221d8,bd60402d,3f7f2117,3d7851d6,3c3221ce,bd604030,1,30875160

9750,163,184,38,-319,1890,15600,-3659,1937,-3882,3f7f2064,3d7a99cd,3c281ba8,bd5efe8e,3f7f2064,3d7a99cd,3c281b9f,bd5efe91,1,30883679

9751,142,165,36,-389,1867,15602,-3659,1937,-3882,3f7f1fc6,3d7d4206,3c2392ab,bd5ce5b6,3f7f1fc5,3d7d4204,3c2392a0,bd5ce5b9,1,30892197

9752,132,170,41,-398,1948,15598,-3665,1923,-3858,3f7f1db7,3d804b85,3c22033a,bd5b7fc7,3f7f1db8,3d804b85,3c220332,bd5b7fcd,1,30900716

9753,145,174,54,-204,1942,15613,-3653,1975,-3901,3f7f1e6b,3d802961,3c13b26f,bd5b9f04,3f7f1e6a,3d802960,3c13b266,bd5b9f09,1,30908734

9754,150,126,65,-268,1896,15621,-3653,1975,-3901,3f7f2025,3d7eca07,3c0828bf,bd5bdd72,3f7f2026,3d7eca07,3c0828b6,bd5bdd77,1,30917252

9755,145,73,58,-399,1980,15609,-3647,1981,-3867,3f7f1c6d,3d80c14e,3c123913,bd5c9b1f,3f7f1c6e,3d80c14d,3c123916,bd5c9b24,1,30925771

9756,156,52,43,-376,2007,15620,-3623,1975,-3835,3f7f1901,3d8273ed,3c10705f,bd5ca601,3f7f1901,3d8273eb,3c107060,bd5ca604,1,30934290

9757,181,66,39,-555,1994,15611,-3623,1975,-3835,3f7f17d0,3d82936f,3c1fae08,bd5d13a9,3f7f17cf,3d82936d,3c1fae09,bd5d13ab,1,30942808

9758,210,96,28,-397,1952,15592,-3671,1929,-3920,3f7f176a,3d83bf3b,3c1edfe4,bd5ac845,3f7f176a,3d83bf3a,3c1edff3,bd5ac84a,1,30951327

9759,219,128,28,-533,1895,15605,-3641,2001,-3892,3f7f1958,3d82416f,3c261ae7,bd5bc4a9,3f7f1958,3d82416e,3c261af6,bd5bc4ae,1,30959846

9760,216,160,47,-504,1840,15578,-3665,1975,-3879,3f7f1bc7,3d80b5f8,3c2cca8b,bd5c41d2,3f7f1bc7,3d80b5f7,3c2cca99,bd5c41d7,1,30968364

9761,192,206,41,-321,1894,15624,-3665,1975,-3879,3f7f1e22,3d7f8aeb,3c1fda9f,bd5c54bd,3f7f1e22,3d7f8aea,3c1fdaab,bd5c54c1,1,30976883

9762,190,194,37,-361,1902,15606,-3645,1967,-3903,3f7f20c7,3d7d9774,3c137edb,bd5c0f3b,3f7f20c7,3d7d9776,3c137ee0,bd5c0f3f,1,30985401

9763,181,174,49,-309,1862,15606,-3625,1987,-3856,3f7f2345,3d7b0044,3c0a01ba,bd5c8722,3f7f2345,3d7b0046,3c0a01be,bd5c8726,1,30993920

9764,173,159,56,-352,1926,15592,-3625,1987,-3856,3f7f2181,3d7bf8be,3bfc45bd,bd5de6dc,3f7f2181,3d7bf8be,3bfc45b9,bd5de6e0,1,31001938

9765,164,132,36,-350,1969,15607,-3625,1979,-3915,3f7f1d96,3d7f59fc,3bfc73cb,bd5e8a3e,3f7f1d97,3d7f59fd,3bfc73b4,bd5e8a43,1,31010957

9766,182,116,18,-399,1971,15598,-3651,1967,-3876,3f7f1b29,3d80ef08,3c07d35c,bd5e1023,3f7f1b2a,3d80ef08,3c07d358,bd5e1028,1,31018975

9767,194,106,26,-303,2043,15610,-3651,1967,-3876,3f7f18f5,3d824a1a,3c009cb0,bd5db333,3f7f18f5,3d824a19,3c009cae,bd5db337,1,31027494

9768,218,84,19,-357,1964,15628,-3645,1975,-3815,3f7f1cac,3d809ef0,3c04cf9d,bd5d2a78,3f7f1cad,3d809eef,3c04cf94,bd5d2a79,1,31036012

9769,242,64,13,-512,1882,15609,-3651,1907,-3892,3f7f1c3e,3d812e2d,3c11f9ba,bd5bd661,3f7f1c3e,3d812e2b,3c11f9b0,bd5bd661,1,31044531

9770,245,100,9,-450,1885,15609,-3651,1907,-3892,3f7f1c38,3d81e915,3c1b65b3,bd59bac0,3f7f1c38,3d81e913,3c1b65a9,bd59bac1,1,31053049

9771,244,121,15,-483,1883,15617,-3625,1951,-3831,3f7f1e1a,3d810595,3c27fdfd,bd590c32,3f7f1e1b,3d810593,3c27fdf6,bd590c34,1,31061568

9772,225,137,25,-419,1888,15593,-3661,1949,-3882,3f7f22bc,3d7f77c8,3c283534,bd56a07d,3f7f22bd,3d7f77c6,3c28352d,bd56a07d,1,31070087

9773,215,161,31,-434,1866,15599,-3661,1949,-3882,3f7f268b,3d7d4510,3c2de0bb,bd546928,3f7f268c,3d7d450f,3c2de0be,bd546929,1,31078605

9774,207,167,45,-308,1844,15600,-3615,1965,-3837,3f7f28fb,3d7b83c8,3c216dca,bd542cb0,3f7f28fc,3d7b83c7,3c216dcd,bd542cb1,1,31087124

9775,186,148,56,-337,1907,15622,-3629,1967,-3825,3f7f2944,3d7c4630,3c146239,bd538893,3f7f2944,3d7c462e,3c14623c,bd538894,1,31095643

9776,165,126,64,-286,1865,15614,-3653,1921,-3983,3f7f29dc,3d7d43bf,3c0941bf,bd5218db,3f7f29dc,3d7d43bf,3c0941c4,bd5218db,1,31104161

9777,152,98,65,-549,1951,15613,-3653,1921,-3983,3f7f27b8,3d7f3168,3c15d4d1,bd51d35e,3f7f27b8,3d7f3168,3c15d4d6,bd51d35e,1,31112179

9778,163,107,36,-341,1950,15615,-3619,1991,-3849,3f7f28d9,3d7d388a,3c0d0432,bd5337b6,3f7f28da,3d7d388c,3c0d0433,bd5337b6,1,31120698

9779,183,103,19,-418,2033,15595,-3667,1973,-3896,3f7f255a,3d8032a3,3c12c8d6,bd535e31,3f7f255a,3d8032a4,3c12c8dd,bd535e30,1,31129216

9780,206,95,18,-494,1886,15608,-3667,1973,-3896,3f7f2671,3d7e7bf8,3c1f4d79,bd53caa0,3f7f2672,3d7e7bfa,3c1f4d7e,bd53ca9f,1,31137735

9781,200,123,22,-468,1880,15629,-3647,1953,-3905,3f7f278c,3d7d45a9,3c2c76cc,bd53463b,3f7f278c,3d7d45a8,3c2c76ce,bd534639,1,31146263

9782,188,153,29,-441,1866,15637,-3683,2005,-3855,3f7f29c9,3d7a0238,3c2cec7b,bd546c40,3f7f29c9,3d7a0237,3c2cec7d,bd546c3e,1,31154781

9783,175,162,41,-484,1916,15593,-3683,2005,-3855,3f7f292c,3d788b89,3c365dbd,bd566171,3f7f292d,3d788b89,3c365dbf,bd566170,1,31163300

9784,171,179,29,-458,1899,15622,-3649,1951,-3801,3f7f2753,3d7ba232,3c375c3f,bd54e9d7,3f7f2754,3d7ba232,3c375c3e,bd54e9d6,1,31171819

9785,174,208,33,-234,1948,15616,-3661,1979,-3896,3f7f27b6,3d7bdd53,3c283814,bd54f57a,3f7f27b6,3d7bdd52,3c283813,bd54f578,1,31180337

9786,175,199,32,-473,1860,15598,-3661,1979,-3896,3f7f2961,3d794ba8,3c2fa66f,bd559c64,3f7f2961,3d794ba8,3c2fa670,bd559c62,1,31188856

9787,161,184,31,-441,1916,15579,-3617,1991,-3819,3f7f25e0,3d7a5924,3c306023,bd588100,3f7f25e1,3d7a5924,3c306025,bd588100,1,31197374

9788,156,206,35,-319,1917,15587,-3673,1987,-3921,3f7f2667,3d7a22d6,3c215a76,bd58de83,3f7f2667,3d7a22d5,3c215a78,bd58de83,1,31205893

9789,155,196,37,-342,1894,15600,-3689,2019,-3928,3f7f27d6,3d77c55c,3c186421,bd5a4ad7,3f7f27d6,3d77c55b,3c186423,bd5a4ad7,1,31214412

9790,152,161,34,-316,1943,15596,-3689,2019,-3928,3f7f278b,3d771e93,3c0c08c7,bd5be2ec,3f7f278b,3d771e92,3c0c08c9,bd5be2ed,1,31222430

9791,163,133,21,-242,2035,15607,-3657,1979,-3894,3f7f255d,3d79dce9,3c0366a8,bd5ba62d,3f7f255d,3d79dce8,3c0366a9,bd5ba62d,1,31230948

9792,186,91,15,-337,1969,15621,-3675,1975,-3843,3f7f22c5,3d7d286e,3c01ee99,bd5af0b4,3f7f22c6,3d7d286e,3c01ee9b,bd5af0b5,1,31239467

9793,200,57,29,-437,1956,15610,-3675,1975,-3843,3f7f20b1,3d7efc65,3c0f1a76,bd5aba60,3f7f20b2,3d7efc65,3c0f1a78,bd5aba61,1,31247986

9794,210,72,40,-470,1947,15612,-3639,1949,-3927,3f7f1f01,3d80462e,3c1c5c78,bd5a4c2d,3f7f1f01,3d80462d,3c1c5c7a,bd5a4c2d,1,31256504

9795,214,95,50,-609,1947,15610,-3671,1993,-3911,3f7f1e87,3d7fb619,3c2a8c9c,bd5b2cc1,3f7f1e87,3d7fb618,3c2a8c9e,bd5b2cc1,1,31265023

9796,223,144,40,-432,1947,15604,-3671,1993,-3911,3f7f1fcb,3d7cb601,3c294f80,bd5d3b22,3f7f1fcc,3d7cb601,3c294f82,bd5d3b23,1,31273542

9797,224,177,32,-430,1880,15613,-3635,1961,-3844,3f7f2199,3d7d6fd9,3c2bfae3,bd5a2c94,3f7f2198,3d7d6fd6,3c2bfad9,bd5a2c92,1,31282060

9798,222,189,30,-379,1917,15593,-3647,2003,-3881,3f7f237f,3d7ac5ba,3c22c48a,bd5b77cc,3f7f2380,3d7ac5b9,3c22c482,bd5b77cb,1,31290579

9799,231,188,19,-492,1880,15618,-3647,2003,-3881,3f7f24a4,3d78383e,3c2aeb3c,bd5ca62c,3f7f24a4,3d78383d,3c2aeb36,bd5ca62a,1,31299098

9800,224,197,20,-388,1965,15591,-3639,1947,-3871,3f7f22ba,3d7b30fd,3c26b408,bd5bb142,3f7f22ba,3d7b30fc,3c26b403,bd5bb140,1,31307616

9801,229,205,28,-182,1979,15595,-3631,1989,-3929,3f7f231a,3d7b3db9,3c17b6f9,bd5be1d8,3f7f231a,3d7b3db8,3c17b6f4,bd5be1d6,1,31316135

9802,258,160,29,-302,1886,15614,-3653,1989,-3866,3f7f252b,3d7961fc,3c0b0517,bd5c2058,3f7f252b,3d7961fb,3c0b0513,bd5c2056,1,31324153

9803,252,121,37,-334,1854,15615,-3653,1989,-3866,3f7f2836,3d76271f,3c043bc9,bd5c7fd9,3f7f2836,3d76271e,3c043bc5,bd5c7fd7,1,31332671

9804,232,94,27,-248,1928,15619,-3703,1993,-3860,3f7f277d,3d777591,3bf21052,bd5c460d,3f7f277e,3d777591,3bf2104d,bd5c460b,1,31341190

9805,228,56,24,-413,1813,15625,-3647,1925,-3888,3f7f2739,3d78f9c1,3c044d34,bd5a7484,3f7f2739,3d78f9c0,3c044d31,bd5a7480,1,31349709

9806,217,44,17,-416,1847,15607,-3647,1925,-3888,3f7f266f,3d7b0bfa,3c0e0b92,bd589e98,3f7f266f,3d7b0bf9,3c0e0b8d,bd589e94,1,31358227

9807,189,60,16,-430,1840,15618,-3659,1929,-3797,3f7f2602,3d7cfc48,3c174e78,bd567653,3f7f2603,3d7cfc48,3c174e75,bd56764f,1,31366746

9808,182,66,23,-629,1837,15621,-3635,1973,-3873,3f7f2631,3d7c049d,3c25ffc1,bd56b3cf,3f7f2631,3d7c049c,3c25ffbe,bd56b3ca,1,31375265

9809,172,120,30,-519,1961,15591,-3635,1973,-3873,3f7f23bb,3d7dcb3d,3c324275,bd56eb59,3f7f23bc,3d7dcb3d,3c324274,bd56eb54,1,31383783

9810,158,179,30,-563,1940,15604,-3653,1979,-3887,3f7f226a,3d7e081f,3c3efed3,bd578439,3f7f226a,3d7e081d,3c3efed1,bd578433,1,31392302

9811,179,229,31,-404,1975,15598,-3681,2013,-3929,3f7f2308,3d7c653d,3c333d0c,bd595518,3f7f2309,3d7c653c,3c333d0b,bd595513,1,31400820

9812,201,242,24,-338,1927,15596,-3681,2013,-3929,3f7f2489,3d7a7124,3c265baf,bd5a76a6,3f7f248a,3d7a7123,3c265bad,bd5a76a1,1,31409339

9813,212,232,22,-234,1944,15606,-3649,1955,-3911,3f7f246f,3d7b9aa5,3c18070b,bd59e560,3f7f2470,3d7b9aa4,3c180708,bd59e55b,1,31417858

9814,223,180,19,-378,1863,15624,-3651,2019,-3901,3f7f26c3,3d783d8c,3c153b36,bd5b270a,3f7f26c2,3d783d89,3c153b33,bd5b2703,1,31425875

9815,215,178,15,-403,1880,15622,-3621,2017,-3887,3f7f285e,3d7515c5,3c1558d2,bd5cd290,3f7f285e,3d7515c3,3c1558cc,bd5cd28b,1,31434394

9816,206,171,8,-279,1899,15628,-3621,2017,-3887,3f7f293c,3d73d100,3c085b02,bd5dbe5c,3f7f293c,3d73d0fe,3c085afc,bd5dbe57,1,31442912

9817,200,145,12,-257,1889,15608,-3617,1965,-3929,3f7f2890,3d75930e,3bfa0985,bd5cffb4,3f7f288f,3d75930b,3bfa097a,bd5cffae,1,31451431

9818,193,87,34,-427,1858,15607,-3669,1993,-3874,3f7f2811,3d7539a0,3c0bc971,bd5d66d2,3f7f2812,3d7539a0,3c0bc96e,bd5d66ce,1,31459950

9819,176,97,44,-399,1908,15598,-3669,1993,-3874,3f7f24a1,3d782781,3c13bb6d,bd5dc5cb,3f7f24a1,3d78277f,3c13bb6e,bd5dc5c8,1,31468468

9820,176,104,66,-491,1975,15606,-3717,2017,-3917,3f7f21b0,3d7938a9,3c20573b,bd5f692b,3f7f21b1,3d7938a8,3c20573d,bd5f6929,1,31476987

9821,193,121,75,-400,2022,15601,-3639,2005,-3889,3f7f1da2,3d7c3f47,3c1d30a1,bd60c8a5,3f7f1da1,3d7c3f44,3c1d30a0,bd60c8a1,1,31485506

9822,230,138,56,-626,2016,15617,-3639,2005,-3889,3f7f1bae,3d7cdbd5,3c2a5483,bd61b44c,3f7f1bae,3d7cdbd4,3c2a5481,bd61b449,1,31494024

9823,263,177,37,-416,2015,15610,-3655,2007,-3899,3f7f1880,3d7e72f7,3c22c2e2,bd63db0b,3f7f1880,3d7e72f6,3c22c2e2,bd63db08,1,31502543

9824,310,223,20,-218,1969,15632,-3611,1981,-3913,3f7f19a8,3d7ddbdd,3c136e37,bd63de94,3f7f19a8,3d7ddbdc,3c136e38,bd63de91,1,31511062

9825,340,176,6,-278,1798,15611,-3611,1981,-3913,3f7f1d7c,3d7a3fa2,3c0afad7,bd63e987,3f7f1d7c,3d7a3fa1,3c0afad8,bd63e984,1,31519080

9826,334,127,-5,-201,1987,15639,-3681,1989,-3932,3f7f1dbb,3d7a9b00,3bfcd8c3,bd63b43f,3f7f1dbc,3d7a9b00,3bfcd8c6,bd63b43d,1,31527598

9827,331,64,-2,-434,1972,15623,-3599,2007,-3907,3f7f1c7d,3d79feb8,3c0c0a03,bd654182,3f7f1c7e,3d79feb8,3c0c0a05,bd654180,1,31536117

9828,357,59,8,-526,1935,15643,-3637,1943,-3871,3f7f1b80,3d7b60c3,3c17cc66,bd646167,3f7f1b80,3d7b60c2,3c17cc67,bd646164,1,31544635

9829,388,112,31,-639,1924,15639,-3637,1943,-3871,3f7f1af2,3d7bd3fb,3c24dc3a,bd63eeaa,3f7f1af2,3d7bd3fa,3c24dc3b,bd63eea7,1,31553154

9830,403,195,30,-143,1853,15649,-3617,1991,-3923,3f7f1dbd,3d796788,3c173ca5,bd641034,3f7f1dbd,3d796787,3c173ca6,bd641031,1,31561673

9831,447,238,28,-453,1914,15671,-3609,2015,-3848,3f7f1f31,3d75f271,3c1dea04,bd65e846,3f7f1f32,3d75f271,3c1dea09,bd65e844,1,31570191

9832,488,248,18,-336,1935,15681,-3609,2015,-3848,3f7f202c,3d748c24,3c0eea82,bd66ea93,3f7f202d,3d748c24,3c0eea87,bd66ea91,1,31578710

9833,503,209,-10,-300,1904,15638,-3609,1967,-3896,3f7f20ab,3d75613c,3c054320,bd65d83c,3f7f20ac,3d75613c,3c054325,bd65d83a,1,31587228

9834,524,211,-20,-456,1714,15673,-3629,1937,-3929,3f7f247c,3d728a81,3c0fe05e,bd643710,3f7f247d,3d728a81,3c0fe063,bd64370e,1,31595747

9835,497,194,-40,-377,1450,15669,-3629,1937,-3929,3f7f2a04,3d6d96a1,3c105d47,bd633816,3f7f2a05,3d6d96a1,3c105d4a,bd633814,1,31604266

9836,420,207,-28,-350,1399,15684,-3645,1983,-3960,3f7f2e9a,3d68f067,3c0f0f1c,bd62effa,3f7f2e99,3d68f065,3c0f0f1e,bd62eff6,1,31612784

9837,310,183,-13,-261,1710,15700,-3615,2017,-3896,3f7f3188,3d65f299,3c044e05,bd6319e5,3f7f3189,3d65f299,3c044e06,bd6319e3,1,31621303

9838,265,147,-25,-219,2147,15685,-3615,2017,-3896,3f7f2f6d,3d68ac6f,3bfd7828,bd62e47e,3f7f2f6e,3d68ac6f,3bfd782a,bd62e47c,1,31629321

9839,351,124,-67,-441,2542,15716,-3679,2009,-3926,3f7f2d70,3d6b3b1a,3c0025be,bd626fd6,3f7f2d71,3d6b3b1a,3c0025bf,bd626fd4,1,31637839

9840,541,126,-102,-204,2403,15729,-3623,2023,-3906,3f7f2cc2,3d6c9efe,3bf8ab86,bd61e37a,3f7f2cc3,3d6c9efe,3bf8ab88,bd61e378,1,31646358

9841,716,114,-163,-311,2272,15733,-3643,1995,-3918,3f7f2d1e,3d6d4192,3bf75f60,bd60d614,3f7f2d1e,3d6d4191,3bf75f61,bd60d612,1,31654876

9842,846,80,-234,-159,1960,15682,-3643,1995,-3918,3f7f3002,3d6be72b,3be4fe99,bd5f47fc,3f7f3003,3d6be72b,3be4fe9b,bd5f47fb,1,31663395

9843,859,19,-346,-355,1895,15728,-3611,1947,-3881,3f7f32ae,3d6ba579,3bef849f,bd5c4c6a,3f7f32ae,3d6ba578,3bef84a1,bd5c4c68,1,31671914

9844,851,7,-340,-599,1509,15694,-3647,1989,-3902,3f7f3912,3d65f159,3c05283f,bd5a711f,3f7f3912,3d65f158,3c052840,bd5a711d,1,31680432

9845,727,60,-244,-519,1273,15602,-3647,1989,-3902,3f7f3f44,3d600b57,3c0ce99d,bd5904b8,3f7f3f44,3d600b56,3c0ce99e,bd5904b6,1,31688951

9846,443,80,-136,-2097,1566,15574,-3661,1969,-3868,3f7f4067,3d5edb87,3c1c0d90,bd584293,3f7f4068,3d5edb86,3c1c0d92,bd584292,1,31697470

9847,-11,280,298,-137,1920,15584,-3641,1963,-3892,3f7f3cda,3d627feb,3c10e71e,bd59269a,3f7f3cd9,3d627fe8,3c10e71f,bd592697,1,31705988

9848,-112,207,446,-650,1549,15881,-3641,1963,-3892,3f7f3a4e,3d631831,3c1cce55,bd5afda6,3f7f3a4f,3d631830,3c1cce57,bd5afda5,1,31714507

9849,-120,112,506,-950,2575,15754,-3649,2011,-3898,3f7f33a3,3d67a0c6,3c249da7,bd5da49f,3f7f33a3,3d67a0c4,3c249da9,bd5da49e,1,31723025

9850,-158,215,687,-511,2118,16095,-3677,1975,-3986,3f7f2c02,3d6cb78a,3c2637b3,bd60f2e8,3f7f2c02,3d6cb788,3c2637b4,bd60f2e7,1,31731544

9851,-200,154,919,271,2399,15743,-3677,1975,-3986,3f7f248a,3d70dad0,3c1bf3dd,bd6572a8,3f7f248b,3d70dacf,3c1bf3df,bd6572a8,1,31739562

9852,-220,127,1162,637,328,15722,-3661,1987,-3921,3f7f2020,3d700906,3c15fc7b,bd6b612f,3f7f2021,3d700905,3c15fc7d,bd6b612f,1,31748081

9853,-629,385,1502,15,1955,15017,-3665,1979,-3949,3f7f141f,3d75d339,3c05c186,bd72e87c,3f7f141f,3d75d337,3c05c186,bd72e87b,1,31756606

9854,-938,656,1227,260,2395,15208,-3581,1983,-3965,3f7f06ea,3d7db2b4,3be117c9,bd794487,3f7f06e9,3d7db2b1,3be117c7,bd794485,1,31765124

9855,-976,847,1003,-168,2168,15851,-3581,1983,-3965,3f7ef9e2,3d82fe8a,3bb01972,bd7e9547,3f7ef9e2,3d82fe89,3bb01973,bd7e9546,1,31773643

9856,-791,1013,906,-465,1107,16119,-3631,1997,-3991,3f7ef377,3d83bcb2,3b914c0a,bd81dd64,3f7ef377,3d83bcb1,3b914c0a,bd81dd63,1,31782162

9857,-987,1243,771,340,1883,16296,-3625,1939,-3921,3f7eead8,3d863ce8,3b0f3a9f,bd83c2c8,3f7eead8,3d863ce7,3b0f3a9f,bd83c2c7,1,31790680

9858,-1060,1152,671,52,2090,16386,-3625,1939,-3921,3f7ee124,3d89832c,3849d791,bd852557,3f7ee123,3d89832b,3849d791,bd852556,1,31799199

9859,-1162,883,689,85,2261,16572,-3651,1941,-3828,3f7ed4f5,3d8dc7a1,bad49e34,bd8673f4,3f7ed4f5,3d8dc7a0,bad49e2c,bd8673f3,1,31807718

9860,-1216,598,730,247,2864,16633,-3577,1897,-3945,3f7ec5b6,3d92dba2,bb2e13ad,bd88255b,3f7ec5b7,3d92dba2,bb2e13a9,bd88255a,1,31816236

9861,-1150,252,969,-145,2875,16931,-3577,1897,-3945,3f7eb4a4,3d980608,bb33c189,bd8a6f33,3f7eb4a4,3d980608,bb33c184,bd8a6f31,1,31824755

9862,-1019,-64,1240,277,3222,17222,-3619,1989,-3984,3f7ea28c,3d9c86a2,bb44af4c,bd8dad74,3f7ea28d,3d9c86a3,bb44af46,bd8dad72,1,31832773

9863,-932,-482,1614,-547,3221,17318,-3693,1933,-3837,3f7e8e92,3da0ffd0,badd6439,bd91ac59,3f7e8e92,3da0ffd0,badd642c,bd91ac57,1,31841291

9864,-770,-660,2055,-1202,3158,17509,-3693,1933,-3837,3f7e79c0,3da46e25,39514ee1,bd96e1f1,3f7e79c0,3da46e25,39514f49,bd96e1ef,1,31849810

9865,-548,-539,2473,-997,3240,17268,-3677,1957,-3928,3f7e625b,3da7625c,3b0036fc,bd9d4ec0,3f7e625b,3da7625c,3b003703,bd9d4ebe,1,31858329

9866,-376,-233,2779,-505,3393,17122,-3685,1899,-3872,3f7e4828,3daa8d05,3b3c8198,bda447f8,3f7e4828,3daa8d05,3b3c81a0,bda447f6,1,31866848

9867,-255,-10,2937,861,2252,17502,-3685,1989,-3914,3f7e33d2,3daab296,3b2e97d7,bdabd754,3f7e33d0,3daab295,3b2e97de,bdabd750,1,31875366

9868,-608,-230,2972,495,2520,17716,-3685,1989,-3914,3f7e1bb6,3dabd7ae,3b300c01,bdb371e1,3f7e1bb4,3dabd7ad,3b300c07,bdb371dd,1,31883885

9869,-1068,-471,3036,170,2662,17951,-3625,2019,-3912,3f7dff0f,3dadffb7,3b499f03,bdbb4f07,3f7dff0f,3dadffb7,3b499f09,bdbb4f04,1,31892404

9870,-1445,-544,3294,382,2694,17755,-3699,2017,-3957,3f7ddc0e,3db17023,3b60237d,bdc3bb49,3f7ddc0e,3db17023,3b602383,bdc3bb46,1,31900922

9871,-1876,-619,3661,1028,2642,17540,-3699,2017,-3957,3f7db0f2,3db6455f,3b776fec,bdcd03df,3f7db0f4,3db64561,3b776ff4,bdcd03dd,1,31909441

9872,-2301,-660,4163,1649,3039,16596,-3695,2033,-3882,3f7d7b00,3dbcbb72,3b86d291,bdd78d4f,3f7d7b00,3dbcbb73,3b86d294,bdd78d4b,1,31917960

9873,-2573,-519,4672,2479,3454,15866,-3783,2011,-3954,3f7d3b0b,3dc424ec,3b8cbb72,bde36374,3f7d3b0a,3dc424ed,3b8cbb74,bde3636f,1,31926478

9874,-2806,-349,5214,2615,4103,15225,-3783,2011,-3954,3f7cefce,3dcc6971,3b8d7085,bdf0a71e,3f7cefcf,3dcc6974,3b8d7088,bdf0a71b,1,31934496

9875,-2925,-116,5852,2194,4738,14982,-3757,2005,-3880,3f7c97f9,3dd53d38,3b889863,bdff9a50,3f7c97fa,3dd53d3b,3b889867,bdff9a4d,1,31943015

9876,-2744,175,6637,2857,4709,14728,-3737,1973,-3905,3f7c351e,3ddd4d6f,3b75ddaf,be084e88,3f7c351e,3ddd4d71,3b75ddb7,be084e86,1,31951534

9877,-2448,325,7538,2786,4876,14495,-3737,1973,-3905,3f7bc49c,3de49163,3b5a407b,be11fa35,3f7bc49c,3de49165,3b5a4084,be11fa33,1,31960052

9878,-2014,359,8319,1205,4655,14599,-3731,2051,-3849,3f7b468f,3deae17d,3b4b6ed3,be1ca953,3f7b468e,3deae17e,3b4b6edb,be1ca951,1,31968571

9879,-1732,520,8922,-556,4118,15266,-3751,2067,-3857,3f7ab757,3df1289a,3b571ad0,be283093,3f7ab756,3df1289b,3b571ad6,be283091,1,31977090

9880,-1713,935,9438,-1403,3997,15812,-3769,2085,-3859,3f7a1938,3df66dc4,3b84092d,be348646,3f7a1937,3df66dc4,3b840931,be348644,1,31985608

9881,-1602,1400,9870,-1510,4194,16414,-3769,2085,-3859,3f796bb7,3dfb36ae,3b8bfe4c,be416997,3f796bb7,3dfb36af,3b8bfe52,be416996,1,31994127

9882,-1322,1457,10130,-821,4230,16825,-3783,2151,-3917,3f78b454,3dfe90c1,3b46cd3b,be4ea5e2,3f78b453,3dfe90c1,3b46cd44,be4ea5e0,1,32002646

9883,-1056,1357,10324,-1168,3463,17223,-3771,2167,-3844,3f77f862,3dff7d49,3b5123d0,be5c0ae5,3f77f863,3dff7d4b,3b5123db,be5c0ae5,1,32011164

9884,-1039,1574,10613,-219,3647,16695,-3771,2167,-3844,3f772cce,3e00542d,3b0c0d18,be699ce8,3f772ccf,3e00542e,3b0c0d24,be699ce8,1,32019683

9885,-1244,1762,11060,521,4258,16772,-3807,2219,-3872,3f7646a0,3e01890b,3a2df412,be77b94d,3f7646a1,3e01890c,3a2df444,be77b94d,1,32028201

9886,-1288,1619,11741,239,3860,15743,-3797,2279,-3859,3f75453b,3e02b449,ba0732f2,be834fbb,3f75453b,3e02b449,ba0732bc,be834fba,1,32036720

9887,-1398,1527,12279,369,3390,15163,-3797,2279,-3859,3f7429b8,3e03dacd,babf1c87,be8b0cbd,3f7429b8,3e03dacd,babf1c6c,be8b0cbc,1,32044738

9888,-2026,1580,12733,150,4406,15274,-3795,2327,-3807,3f72e83f,3e065f42,bb2ea999,be930317,3f72e83f,3e065f42,bb2ea98c,be930316,1,32053257

9889,-2357,1394,12990,218,4322,14496,-3769,2395,-3881,3f718b33,3e0946de,bb75a2e8,be9b193c,3f718b33,3e0946de,bb75a2da,be9b193b,1,32061775

9890,-2507,1171,13101,-127,3585,13308,-3769,2395,-3881,3f701b2d,3e0c3c44,bb967885,bea32688,3f701b2e,3e0c3c44,bb96787d,bea32688,1,32070294

9891,-2746,1148,12941,-912,3898,13075,-3731,2453,-3824,3f6e94ad,3e103a25,bba52ea3,beab099a,3f6e94ae,3e103a25,bba52e9b,beab099a,1,32078812

9892,-2821,1293,12363,-932,5197,12757,-3737,2497,-3902,3f6d08f2,3e14398f,bbbdd181,beb29b49,3f6d08f3,3e14398f,bbbdd17a,beb29b49,1,32087331

9893,-2392,1276,11499,-105,6208,12469,-3727,2519,-3833,3f6b8e11,3e178d10,bbdade02,beb9988e,3f6b8e12,3e178d10,bbdaddfb,beb9988e,1,32095850

9894,-1478,920,10448,281,5732,12320,-3727,2519,-3833,3f6a3436,3e19c9de,bbe64c00,bebfdd91,3f6a3436,3e19c9dd,bbe64bf8,bebfdd91,1,32104368

9895,-702,244,9593,-418,4903,13162,-3711,2623,-3776,3f68f72e,3e1b5632,bbd1da16,bec581dc,3f68f72e,3e1b5631,bbd1da0e,bec581dc,1,32112887

9896,-299,-173,8832,-1456,4464,14629,-3723,2669,-3820,3f67d48f,3e1cd080,bb9d1163,beca81d2,3f67d48f,3e1cd07f,bb9d115c,beca81d2,1,32121406

9897,-60,-42,8243,-822,4985,15622,-3723,2669,-3820,3f66c2d0,3e1d6c88,bb7c9217,becf3978,3f66c2d0,3e1d6c87,bb7c9208,becf3978,1,32129924

9898,426,-62,7928,372,5990,15633,-3725,2687,-3807,3f65b954,3e1d7c98,bb3265ad,bed3c6bd,3f65b954,3e1d7c97,bb32659e,bed3c6bd,1,32138443

9899,1285,-599,7741,666,6023,14440,-3745,2751,-3795,3f64bb42,3e1cdb2e,ba0e634d,bed82642,3f64bb43,3e1cdb2d,ba0e6311,bed82643,1,32146461

9900,2147,-1471,7635,-259,4471,13167,-3745,2751,-3795,3f63c952,3e1b9bc8,3b4a13b6,bedc5235,3f63c953,3e1b9bc7,3b4a13c8,bedc5236,1,32154979

9901,2553,-2074,7692,-1438,4009,12090,-3721,2857,-3819,3f62cfb9,3e1ab586,3c02bd52,bee06eb1,3f62cfba,3e1ab585,3c02bd57,bee06eb2,1,32163498

9902,2721,-2336,7756,-1773,3783,12361,-3747,2917,-3819,3f61d072,3e19d131,3c5cde2b,bee48080,3f61d072,3e19d12f,3c5cde30,bee48080,1,32172017

9903,2831,-2474,7410,-2097,2812,12897,-3747,2917,-3819,3f60e0f0,3e17aa63,3ca3f19c,bee864bf,3f60e0ee,3e17aa5f,3ca3f19e,bee864be,1,32180535

9904,2755,-2509,7021,-2904,1532,13407,-3711,2953,-3728,3f5ff112,3e15949a,3cd900c8,beec267d,3f5ff112,3e159497,3cd900cb,beec267e,1,32189054

9905,2282,-2360,6914,-3647,1288,13548,-3717,3113,-3770,3f5ef6a5,3e140723,3d055d79,beefde82,3f5ef6a5,3e140720,3d055d7a,beefde83,1,32197572

9906,1456,-2078,6816,-4838,177,13953,-3669,3119,-3646,3f5df00d,3e134a4c,3d1aeb52,bef38e9b,3f5df00d,3e134a49,3d1aeb53,bef38e9c,1,32206091

9907,211,-1601,6551,-4948,955,14113,-3669,3119,-3646,3f5ce0ac,3e13cc89,3d2b280e,bef72373,3f5ce0ad,3e13cc86,3d2b2810,bef72375,1,32214610

9908,-1005,-1039,6257,-4420,2045,14758,-3725,3161,-3655,3f5bcd39,3e157313,3d359bb2,befa963e,3f5bcd3a,3e157310,3d359bb3,befa9640,1,32223128

9909,-1473,-412,5952,-4877,2602,18113,-3663,3193,-3788,3f5abf9f,3e16f47d,3d3b71b5,befdf528,3f5abf9e,3e16f47a,3d3b71b5,befdf528,1,32231647

9910,-1114,418,6191,-4717,1405,17732,-3663,3193,-3788,3f59add2,3e1749b8,3d3e1fa0,bf00c392,3f59add3,3e1749b6,3d3e1fa1,bf00c393,1,32239665

9911,-855,1198,6130,-5251,1347,17457,-3641,3229,-3711,3f589f98,3e16f3aa,3d3e5b8d,bf028e13,3f589f97,3e16f3a6,3d3e5b8c,bf028e13,1,32248183

9912,-875,2009,6173,-4676,1671,17131,-3623,3275,-3723,3f579000,3e15fcee,3d3ab582,bf04635c,3f579001,3e15fceb,3d3ab583,bf04635d,1,32256702

9913,-719,2915,6602,-3980,2662,15854,-3623,3275,-3723,3f5672c7,3e1469b3,3d341d7a,bf065477,3f5672c6,3e1469af,3d341d79,bf065477,1,32265221

9914,-89,3838,7352,-4772,3245,13007,-3561,3317,-3706,3f5530cd,3e1257dd,3d2ab3ec,bf088117,3f5530cd,3e1257da,3d2ab3eb,bf088118,1,32273739

9915,608,4563,7567,-3657,2737,10567,-3489,3337,-3769,3f53e99f,3e0f05f8,3d1fd717,bf0abf46,3f53e99f,3e0f05f5,3d1fd716,bf0abf47,1,32282258

9916,712,4544,7225,-2026,2032,10670,-3489,3337,-3769,3f52c55a,3e0a8fb6,3d115fcd,bf0cd0df,3f52c55a,3e0a8fb4,3d115fcc,bf0cd0e0,1,32290777

9917,315,3879,6771,-1359,1415,11679,-3391,3381,-3740,3f519f88,3e069a42,3d053781,bf0ecd56,3f519f88,3e069a40,3d053780,bf0ecd57,1,32299295

9918,-299,3043,6410,-2321,1137,12299,-3375,3411,-3797,3f507897,3e03fca8,3cfaef23,bf10a819,3f507897,3e03fca6,3cfaef21,bf10a81a,1,32307814

9919,-890,2225,6044,-3866,2309,13676,-3299,3391,-3794,3f4f4e24,3e03b587,3cf06804,bf125afb,3f4f4e24,3e03b585,3cf06802,bf125afc,1,32316332

9920,-851,1472,5476,-4255,3417,15372,-3299,3391,-3794,3f4e3b84,3e0446c5,3ce92268,bf13d7c8,3f4e3b84,3e0446c2,3ce92265,bf13d7c9,1,32324851

9921,-162,1138,5053,-4906,-100,12828,-3331,3479,-3824,3f4d4132,3e039663,3cec29da,bf153b1b,3f4d4132,3e039660,3cec29d7,bf153b1c,1,32333370

9922,-354,1618,4636,-3068,-112,12915,-3259,3447,-3781,3f4c5bf5,3e02517a,3ce80365,bf1687b5,3f4c5bf5,3e025176,3ce80361,bf1687b6,1,32341888

9923,-608,2032,4070,-3257,1820,11530,-3259,3447,-3781,3f4b8c95,3e01e92c,3cde4314,bf17a8eb,3f4b8c95,3e01e928,3cde4310,bf17a8ec,1,32349907

9924,-361,2045,3370,-5281,1619,10734,-3151,3493,-3839,3f4add00,3e014deb,3cd50157,bf189f02,3f4add00,3e014de7,3cd50153,bf189f03,1,32358425

9925,-354,2467,2849,-6928,514,11188,-3143,3465,-3810,3f4a47d4,3e003ade,3cc84c33,bf197735,3f4a47d3,3e003ad9,3cc84c2e,bf197735,1,32366944

9926,-994,3493,2533,-5393,1342,11875,-3143,3465,-3810,3f49bd4b,3dfe2543,3cae5f51,bf1a4456,3f49bd4b,3dfe253b,3cae5f4d,bf1a4458,1,32375462

9927,-1181,4389,2382,-5081,1117,11739,-3037,3447,-3864,3f4937b6,3dfaa315,3c8bdd34,bf1b1203,3f4937b6,3dfaa30d,3c8bdd30,bf1b1205,1,32383981

9928,-992,4964,2127,-4983,270,11409,-2987,3419,-3859,3f48c097,3df579d1,3c4bc84c,bf1bd45b,3f48c097,3df579c8,3c4bc843,bf1bd45c,1,32392500

9929,-654,5245,1843,-2970,-128,11517,-2987,3419,-3859,3f485d2f,3dee3dc8,3bfb7ebe,bf1c85f8,3f485d2f,3dee3dbf,3bfb7ead,bf1c85f9,1,32401018

9930,-499,4768,1385,-2711,-352,13629,-2939,3417,-3872,3f481227,3de71afc,3b5ad5dc,bf1d130e,3f481226,3de71af2,3b5ad5b9,bf1d130f,1,32409537

9931,-158,4365,1851,-8535,3943,15496,-2885,3431,-3900,3f47aaa1,3de23743,b9c123c0,bf1db385,3f47aaa0,3de2373a,b9c124d1,bf1db387,1,32418056

9932,352,4637,2201,-1314,1127,14522,-2805,3417,-3950,3f473bfb,3dd8ef59,bb8ccdcf,bf1e7233,3f473bfb,3dd8ef51,bb8ccdde,bf1e7236,1,32426574

9933,1044,3444,1730,249,-1479,14620,-2805,3417,-3950,3f46ec3a,3dd02685,bbd5f058,bf1f0400,3f46ec38,3dd0267c,bbd5f065,bf1f0402,1,32435093

9934,587,1366,1512,-1461,-1741,14289,-2761,3437,-3996,3f46a213,3dcbf548,bbdd7d29,bf1f761a,3f46a211,3dcbf53f,bbdd7d35,bf1f761c,1,32443612

9935,-127,-253,655,-4218,-225,15609,-2807,3323,-3970,3f467c6a,3dccfda3,bbbb3264,bf1fa05d,3f467c68,3dccfd9a,bbbb3270,bf1fa05f,1,32452130

9936,-80,-685,167,-6618,497,15750,-2807,3323,-3970,3f466ec7,3dcf5753,bb8c7440,bf1fa5eb,3f466ec6,3dcf574b,bb8c744e,bf1fa5ef,1,32460148

9937,27,266,-98,-4924,1900,16687,-2737,3391,-3943,3f466e17,3dd00b47,bb79b984,bf1fa352,3f466e15,3dd00b3e,bb79b9a0,bf1fa355,1,32468667

9938,386,1213,-7,-3204,1020,18161,-2729,3381,-3993,3f466e4e,3dcd1756,bb837aef,bf1fb240,3f466e4d,3dcd174e,bb837afb,bf1fb244,1,32477185

9939,570,2128,285,-585,622,17591,-2729,3381,-3993,3f4665b7,3dc759a5,bbb7e341,bf1fd92e,3f4665b6,3dc7599b,bbb7e34a,bf1fd931,1,32485704

9940,562,2180,234,110,1648,17435,-2759,3387,-3921,3f46616d,3dc1acbb,bbfa2771,bf1ff8fd,3f46616c,3dc1acb2,bbfa277a,bf1ff900,1,32494223

9941,599,1897,305,285,1736,18390,-2681,3421,-3982,3f4657c3,3dbc6c49,bc197d08,bf201c7f,3f4657c1,3dbc6c40,bc197d0d,bf201c81,1,32502741

9942,679,1792,805,-1183,2963,18669,-2681,3421,-3982,3f463181,3db7f173,bc34865e,bf205ee5,3f46317f,3db7f16a,bc348663,bf205ee7,1,32511260

9943,825,2196,1595,-1133,1506,20083,-2647,3355,-3992,3f45e2c1,3db1ac46,bc48a747,bf20dabc,3f45e2bf,3db1ac3d,bc48a74a,bf20dabe,1,32519779

9944,733,2170,1987,-312,1745,19747,-2659,3393,-4051,3f457f85,3daba64e,bc61b74e,bf216c86,3f457f83,3daba645,bc61b751,bf216c88,1,32528297

9945,618,1168,2244,-330,1452,18793,-2601,3447,-4016,3f450cfa,3da78701,bc6a896b,bf2208c0,3f450cf8,3da786f8,bc6a896e,bf2208c2,1,32536816

9946,633,156,2225,-1317,1542,17855,-2601,3447,-4016,3f449a33,3da55ac8,bc5c2551,bf229e17,3f449a31,3da55ac0,bc5c2553,bf229e1a,1,32545334

9947,600,132,2198,-1411,2013,16850,-2615,3405,-4005,3f4427f3,3da3e454,bc4eb750,bf232ed4,3f4427f1,3da3e44b,bc4eb750,bf232ed7,1,32553853

9948,638,488,2208,-2535,1720,16608,-2631,3429,-4017,3f43b24a,3da2c6b1,bc3ecf2a,bf23c186,3f43b247,3da2c6a7,bc3ecf2a,bf23c188,1,32561871

9949,499,911,1988,-2972,597,17343,-2631,3429,-4017,3f4347ec,3da0a34e,bc369aae,bf24494f,3f4347eb,3da0a345,bc369ab0,bf244953,1,32570390

9950,-4,1388,1505,-1619,574,17698,-2609,3451,-3939,3f42f602,3d9dca52,bc4197a8,bf24b4b8,3f42f600,3d9dca48,bc4197a8,bf24b4bb,1,32578908

9951,-599,1451,947,-903,2097,17686,-2613,3453,-3971,3f42c0d0,3d9c2c1e,bc62f94a,bf24f71b,3f42c0cd,3d9c2c13,bc62f949,bf24f71d,1,32587427

9952,-716,1122,626,-1345,2210,16961,-2613,3453,-3971,3f429ab7,3d9c5741,bc7bb0d5,bf252129,3f429ab6,3d9c5737,bc7bb0d5,bf25212c,1,32595945

9953,-615,1110,709,-2463,2867,15953,-2533,3435,-4001,3f4269d7,3d9da15b,bc888fe9,bf2553ab,3f4269d6,3d9da151,bc888fe9,bf2553ae,1,32604464

9954,-409,1559,486,-2513,2639,14977,-2571,3449,-4062,3f424676,3d9dbc3d,bc94b6ee,bf257a3a,3f424672,3d9dbc31,bc94b6ed,bf257a3b,1,32612983

9955,-242,2270,469,-1443,3200,13651,-2571,3449,-4062,3f422529,3d9c5af6,bcaa5237,bf25a151,3f422526,3d9c5aeb,bcaa5236,bf25a154,1,32621501

9956,-76,2726,727,-308,2341,13155,-2551,3435,-3921,3f41f9e2,3d98771b,bcc5372e,bf25db07,3f41f9df,3d98770f,bcc5372c,bf25db09,1,32630020

9957,64,2621,1135,522,3116,13274,-2493,3399,-3976,3f41b7b2,3d948d57,bcdf4b69,bf262e40,3f41b7af,3d948d4b,bcdf4b68,bf262e42,1,32638539

9958,190,2139,1145,1168,2776,14144,-2443,3419,-4044,3f4176a9,3d909b11,bcf45878,bf268072,3f4176a8,3d909b06,bcf45878,bf268075,1,32647057

9959,292,1454,1073,12,2710,14994,-2443,3419,-4044,3f4139f4,3d8e0614,bd013aa5,bf26ca70,3f4139f3,3d8e0608,bd013aa4,bf26ca72,1,32655075

9960,316,1003,899,-1414,2680,15657,-2445,3345,-3988,3f4104c3,3d8d7cca,bd02f5d9,bf270875,3f4104c2,3d8d7cbd,bd02f5d7,bf270876,1,32663594

9961,423,849,771,-3263,2328,16507,-2455,3401,-4055,3f40d780,3d8ce049,bd022375,bf273f6a,3f40d77e,3d8ce03c,bd022373,bf273f6a,1,32672112

9962,507,1005,875,-4082,2707,16989,-2455,3401,-4055,3f40a457,3d8bfbe8,bd01cc48,bf277d95,3f40a456,3d8bfbdc,bd01cc47,bf277d97,1,32680631

9963,567,1327,1102,-2358,3198,16576,-2457,3413,-4047,3f40641e,3d8aaac4,bd038b77,bf27ca5a,3f40641d,3d8aaab8,bd038b76,bf27ca5c,1,32689150

9964,675,1241,1177,-168,3018,15470,-2401,3429,-4038,3f402255,3d882b36,bd0834de,bf281a20,3f402253,3d882b29,bd0834dc,bf281a21,1,32697668

9965,948,560,994,232,3483,14806,-2401,3429,-4038,3f3fee81,3d866f01,bd09ba94,bf2859a0,3f3fee81,3d866ef6,bd09ba94,bf2859a3,1,32706187

9966,1421,-411,842,-47,4067,14994,-2353,3399,-3982,3f3fc6c2,3d85c7ec,bd059daa,bf288c48,3f3fc6c2,3d85c7e1,bd059da9,bf288c4a,1,32714706

9967,1893,-1200,1062,-673,3538,14844,-2367,3401,-3982,3f3f9681,3d85e28c,bcf7cefc,bf28ca35,3f3f9680,3d85e281,bcf7cef9,bf28ca37,1,32723224

9968,2077,-1415,1409,-923,3035,14698,-2367,3401,-3982,3f3f5379,3d860e17,bcdffe2e,bf291df2,3f3f5377,3d860e0d,bcdffe2b,bf291df4,1,32731743

9969,2026,-1463,1588,-1378,3380,13998,-2423,3473,-3918,3f3f06c5,3d86bf1e,bcc71c34,bf297a23,3f3f06c3,3d86bf14,bcc71c31,bf297a25,1,32740261

9970,2047,-1233,1909,-1375,3598,13966,-2391,3523,-3980,3f3ea69d,3d86f2a3,bcb07ea7,bf29ebe3,3f3ea69c,3d86f299,bcb07ea4,bf29ebe6,1,32748780

9971,2300,-726,2275,-2475,889,15229,-2413,3485,-4015,3f3e32a3,3d84a7dc,bc931fd6,bf2a7bd5,3f3e32a1,3d84a7d2,bc931fd2,bf2a7bd7,1,32757299

9972,1858,-123,1625,-2667,72,16012,-2413,3485,-4015,3f3ddfdb,3d81bbab,bc7b7cc2,bf2ae540,3f3ddfd9,3d81bba1,bc7b7cba,bf2ae542,1,32765317

9973,1110,269,982,-1815,1709,16271,-2369,3511,-3985,3f3da92c,3d8029c2,bc6873d3,bf2b2857,3f3da92b,3d8029b9,bc6873cc,bf2b285a,1,32773835

9974,758,568,719,-1402,3175,17340,-2433,3541,-3934,3f3d8280,3d7ee2c8,bc6b126c,bf2b5516,3f3d827f,3d7ee2b7,bc6b1264,bf2b5519,1,32782354

9975,1028,670,590,-481,3259,18796,-2433,3541,-3934,3f3d6670,3d7a89db,bc70cee9,bf2b7a03,3f3d666f,3d7a89ca,bc70cee0,bf2b7a06,1,32790872

9976,1586,31,525,-1392,2939,18609,-2431,3539,-3950,3f3d4fe3,3d777862,bc5e6675,bf2b98ec,3f3d4fe0,3d777850,bc5e666a,bf2b98ee,1,32799391

9977,2060,-671,846,-2404,1273,18353,-2445,3513,-3933,3f3d2a08,3d73d1f4,bc2b16d3,bf2bcb8a,3f3d2a06,3d73d1e3,bc2b16c9,bf2bcb8d,1,32807910

9978,2063,-1141,1195,-3200,712,17266,-2445,3513,-3933,3f3cefb8,3d71fcc0,bbddd7ff,bf2c1154,3f3cefb6,3d71fcb1,bbddd7ed,bf2c1158,1,32816428

9979,1508,-751,1624,-2265,-183,14990,-2425,3555,-3997,3f3c99e3,3d6f6849,bb7f4bbf,bf2c747a,3f3c99e1,3d6f683b,bb7f4b99,bf2c747e,1,32824947

9980,523,227,1792,804,1597,14359,-2405,3573,-3900,3f3c38cb,3d6c07c5,bb89bc41,bf2ce2f4,3f3c38c8,3d6c07b6,bb89bc2f,bf2ce2f8,1,32833466

9981,399,160,1431,2111,1962,14025,-2405,3573,-3900,3f3bebe6,3d697b27,bb982b12,bf2d39cc,3f3bebe3,3d697b17,bb982b01,bf2d39cf,1,32841984

9982,465,-380,1341,1378,2235,13844,-2325,3545,-3928,3f3ba2f4,3d6913e6,bb959fc9,bf2d895e,3f3ba2f2,3d6913d8,bb959fba,bf2d8962,1,32850503

9983,544,-641,1677,960,-333,15353,-2361,3575,-3963,3f3b47ba,3d6737cd,bb6729ce,bf2deeb3,3f3b47b6,3d6737bc,bb6729ad,bf2deeb4,1,32859022

9984,200,-796,996,-2535,2324,15178,-2389,3611,-3924,3f3b0cf8,3d6d5699,bb1edb63,bf2e25f5,3f3b0cf7,3d6d568c,bb1edb47,bf2e25f9,1,32867540

9985,-120,-223,586,-2891,2040,18100,-2389,3611,-3924,3f3ae776,3d721771,bb020ec6,bf2e47c4,3f3ae775,3d721763,bb020eaa,bf2e47c8,1,32875558

9986,-112,314,655,-3422,1905,19649,-2395,3599,-3966,3f3abdc2,3d74a9be,baf93b1b,bf2e70e1,3f3abdc0,3d74a9ae,baf93ae2,bf2e70e4,1,32884077

9987,-10,469,561,-2417,2441,18621,-2305,3559,-3979,3f3a9769,3d7645d8,bb1b6058,bf2e978a,3f3a9766,3d7645c6,bb1b6039,bf2e978c,1,32892595

9988,287,170,612,-921,2004,16279,-2305,3559,-3979,3f3a723a,3d75a233,bb364982,bf2ec00b,3f3a7237,3d75a222,bb364960,bf2ec00d,1,32901114

9989,477,-185,775,-1039,2083,15151,-2379,3593,-3906,3f3a4710,3d76b19f,bb2a9895,bf2eec9c,3f3a470d,3d76b18e,bb2a9871,bf2eec9e,1,32909633

9990,509,-342,726,-1720,1534,15124,-2341,3553,-3962,3f3a1b16,3d785dcb,badc32c4,bf2f1937,3f3a1b13,3d785dbb,badc3279,bf2f1939,1,32918151

9991,447,-160,613,-1659,1814,14786,-2341,3553,-3962,3f39f5a1,3d7a2083,ba9d589c,bf2f3e8d,3f39f59f,3d7a2075,ba9d584c,bf2f3e91,1,32926670

9992,369,232,562,-2230,1867,14876,-2311,3545,-3864,3f39d189,3d7b4339,ba7a11a0,bf2f633a,3f39d186,3d7b432a,ba7a10fa,bf2f633d,1,32935188

9993,302,919,603,-1227,2140,14647,-2303,3539,-3885,3f39ac5c,3d792749,bb022a98,bf2f8d72,3f39ac59,3d792739,bb022a6b,bf2f8d74,1,32943707

9994,83,1595,654,-1858,1346,15836,-2303,3539,-3885,3f3980bb,3d74cfbb,bb4db3d1,bf2fc15c,3f3980b9,3d74cfac,bb4db3a2,bf2fc15f,1,32952226

9995,-277,2266,855,-1542,1816,16039,-2293,3581,-4055,3f39478a,3d6fc728,bbb81842,bf30038c,3f394787,3d6fc719,bbb8182a,bf30038e,1,32960744

9996,-562,2802,1440,124,2130,16186,-2213,3595,-4039,3f38eda0,3d67e791,bc1871b9,bf3069ea,3f38ed9e,3d67e783,bc1871ac,bf3069ec,1,32969263

9997,-641,2417,1808,-549,1691,16495,-2279,3563,-4011,3f387dd4,3d61c958,bc4b77e8,bf30e385,3f387dd3,3d61c94b,bc4b77dc,bf30e388,1,32977281

9998,-631,1768,2012,-1314,1903,16406,-2279,3563,-4011,3f3800b4,3d604405,bc6e3891,bf3164e5,3f3800b2,3d6043f7,bc6e3883,bf3164e7,1,32985799

9999,-464,1242,2010,-1251,1862,15943,-2209,3591,-3902,3f3782c3,3d5fb01a,bc8382ed,bf31e5b4,3f3782c1,3d5fb00c,bc8382e6,bf31e5b6,1,32994318

10000,-280,889,1793,-2075,2353,15505,-2235,3551,-3947,3f371382,3d616aa1,bc8a8db0,bf3254af,3f371380,3d616a93,bc8a8da9,bf3254b1,1,33002837

10001,-194,1012,1339,-2840,1559,15210,-2235,3551,-3947,3f36bf14,3d61d6cc,bc8eda41,bf32a9d0,3f36bf12,3d61d6be,bc8eda3b,bf32a9d2,1,33011355

10002,-622,1752,831,-5100,2079,16599,-2165,3531,-3961,3f368475,3d617c6d,bc9c3a81,bf32e359,3f368475,3d617c61,bc9c3a7d,bf32e35c,1,33019874

10003,-1619,3805,-346,1717,4528,9917,-2163,3537,-3910,3f368a72,3d5b6711,bccbb809,bf32d8dc,3f368a71,3d5b6704,bccbb805,bf32d8df,1,33028393

10004,-35,3130,-940,1496,-87,14998,-2163,3537,-3910,3f36bc71,3d4ddae8,bce53123,bf32ae30,3f36bc6f,3d4ddad9,bce5311e,bf32ae32,1,33036911

10005,427,1193,213,-2982,1878,18974,-2137,3505,-3959,3f36aaf9,3d4aeaed,bce6aa05,bf32c2ee,3f36aaf7,3d4aeadf,bce6aa00,bf32c2f0,1,33045430

10006,31,1024,-154,-619,3830,15686,-2083,3509,-3968,3f36ade4,3d4a1ec1,bcf2cb69,bf32bcd5,3f36ade1,3d4a1eb2,bcf2cb63,bf32bcd7,1,33053948

10007,446,1476,-883,-167,1628,15166,-2083,3509,-3968,3f36dbb4,3d42f3a9,bcfd2fc8,bf329254,3f36dbb0,3d42f399,bcfd2fc1,bf329255,1,33062467

10008,594,1701,-873,-898,1139,15655,-2109,3547,-4034,3f370933,3d3b064d,bd0163b0,bf326a2c,3f370931,3d3b0640,bd0163ad,bf326a2f,1,33070986

10009,254,1964,-405,-199,1233,16062,-2085,3507,-3902,3f371975,3d3262eb,bd07ce48,bf325d91,3f371972,3d3262de,bd07ce44,bf325d94,1,33079004

10010,133,1561,131,-632,735,15942,-2081,3497,-3943,3f370b69,3d2c08bf,bd0b60f3,bf326f76,3f370b66,3d2c08b2,bd0b60ee,bf326f77,1,33087523

10011,92,902,674,-791,1208,15383,-2081,3497,-3943,3f36de07,3d29a884,bd0cb709,bf329f32,3f36de05,3d29a878,bd0cb705,bf329f34,1,33096041

10012,-83,541,1488,-233,1753,15117,-2049,3513,-3959,3f368005,3d2968c3,bd0f7d1c,bf32fd46,3f368003,3d2968b7,bd0f7d18,bf32fd48,1,33104560

10013,-184,255,2101,-164,2291,15434,-2079,3507,-3965,3f35ff9d,3d2ba443,bd123188,bf337b88,3f35ff9b,3d2ba436,bd123183,bf337b89,1,33113078

10014,-102,35,2179,-744,1807,15791,-2079,3507,-3965,3f357af5,3d2e89b8,bd119eb7,bf33ff57,3f357af3,3d2e89ac,bd119eb3,bf33ff58,1,33121597

10015,-111,12,2070,-654,2037,15590,-2093,3535,-3960,3f34fd22,3d31d70c,bd119e76,bf347aa1,3f34fd20,3d31d700,bd119e72,bf347aa2,1,33130116

10016,-133,178,1967,-856,1755,15700,-2067,3485,-4018,3f3483b0,3d3449bc,bd1173f0,bf34f1d0,3f3483ae,3d3449b0,bd1173ec,bf34f1d1,1,33138634

10017,-198,440,2018,-806,2245,15593,-2067,3485,-4018,3f3405d3,3d36b7b0,bd1392df,bf356ae4,3f3405d2,3d36b7a5,bd1392dc,bf356ae6,1,33147153

10018,-124,604,1877,-986,1735,15875,-1991,3469,-3992,3f338d76,3d374041,bd1502f9,bf35e04f,3f338d74,3d374036,bd1502f4,bf35e051,1,33155671

10019,-96,672,1608,-518,1882,15584,-2037,3505,-3976,3f332734,3d37187a,bd179014,bf364318,3f332732,3d37186f,bd17900f,bf36431a,1,33164190

10020,-75,629,1440,-463,2626,15373,-2037,3505,-3976,3f32cb52,3d380dcd,bd1b30a5,bf369938,3f32cb50,3d380dc2,bd1b309f,bf369939,1,33172208

10021,115,619,1136,-756,2399,15414,-1999,3511,-3992,3f3280d6,3d3856e1,bd1d5e6a,bf36dfe5,3f3280d4,3d3856d7,bd1d5e64,bf36dfe6,1,33180727

10022,303,697,822,-676,1700,15459,-1971,3507,-3957,3f32491d,3d363b15,bd1e1f64,bf3717ae,3f32491b,3d363b0b,bd1e1f5e,bf3717af,1,33189245

10023,240,681,586,-81,2239,15471,-1963,3481,-4002,3f32200a,3d343d01,bd2128ee,bf373ef8,3f322008,3d343cf7,bd2128e9,bf373ef9,1,33197764

10024,231,600,417,213,2731,15426,-1963,3481,-4002,3f32024d,3d32d812,bd24c267,bf375a04,3f32024b,3d32d808,bd24c262,bf375a05,1,33206283

10025,444,455,472,-95,2222,15580,-2001,3551,-3907,3f31e33f,3d31292b,bd25cb6e,bf3778d9,3f31e33c,3d312922,bd25cb68,bf3778d9,1,33214801

10026,568,330,554,-390,2240,15415,-1981,3499,-4011,3f31bec4,3d302216,bd2587f2,bf379d6b,3f31bec2,3d30220d,bd2587ed,bf379d6b,1,33223320

10027,657,325,481,-362,2606,15587,-1981,3499,-4011,3f319f3a,3d2f2eb2,bd25773c,bf37bce5,3f319f39,3d2f2eab,bd257738,bf37bce7,1,33231838

10028,820,348,339,101,1733,15699,-1953,3499,-3998,3f31894a,3d2b25ce,bd245e37,bf37d6e1,3f318949,3d2b25c6,bd245e33,bf37d6e3,1,33240357

10029,781,190,270,184,1921,15527,-1949,3525,-3962,3f3177d0,3d2830cd,bd2357ff,bf37eb65,3f3177cf,3d2830c6,bd2357fb,bf37eb67,1,33248876

10030,698,-18,180,-317,1902,15561,-1949,3525,-3962,3f316b0c,3d273cca,bd21040a,bf37faa0,3f316b0a,3d273cc2,bd210404,bf37faa0,1,33257394

10031,674,-27,79,-175,1309,15771,-1957,3477,-3941,3f3165b5,3d24ff4b,bd1de2bb,bf380482,3f3165b4,3d24ff44,bd1de2b6,bf380483,1,33265913

10032,534,-24,143,830,1128,16283,-1913,3515,-3922,3f315d36,3d21f806,bd1ca3c8,bf381073,3f315d34,3d21f7fe,bd1ca3c2,bf381073,1,33274432

10033,285,-294,465,61,1845,15373,-1913,3515,-3922,3f313e4e,3d22dea1,bd1ba255,bf382e46,3f313e4c,3d22de99,bd1ba24f,bf382e46,1,33282450

10034,253,-541,553,-1487,1003,15709,-1931,3537,-3924,3f311b7f,3d25ed15,bd1663f7,bf38515f,3f311b7e,3d25ed0f,bd1663f2,bf38515f,1,33290968

10035,136,-167,307,131,1561,15631,-1965,3523,-3935,3f310768,3d263a2d,bd15fb9a,bf3864ba,3f310768,3d263a27,bd15fb96,bf3864ba,1,33299487

10036,9,-264,307,-564,1678,15618,-1945,3563,-3992,3f30f110,3d28cdaf,bd14c008,bf3878d4,3f30f110,3d28cdaa,bd14c004,bf3878d5,1,33308006

10037,-40,-266,252,-125,2134,15563,-1945,3563,-3992,3f30de65,3d2b797a,bd154a7b,bf3887d3,3f30de65,3d2b7976,bd154a77,bf3887d4,1,33316524

10038,25,-343,198,-175,1841,15502,-2005,3541,-3908,3f30d195,3d2df666,bd149037,bf38925d,3f30d195,3d2df662,bd149033,bf38925e,1,33325043

10039,39,-472,145,-117,2078,15588,-1993,3511,-3900,3f30c7c1,3d310e70,bd13e9c3,bf38995b,3f30c7c0,3d310e6b,bd13e9be,bf38995c,1,33333561

10040,27,-571,106,594,1596,15612,-1993,3511,-3900,3f30c2ae,3d329653,bd13285a,bf389d59,3f30c2ad,3d32964e,bd132856,bf389d5a,1,33342080

10041,-48,-875,141,-288,1788,15612,-1979,3525,-3921,3f30b937,3d3727ec,bd10a5b6,bf38a3e9,3f30b937,3d3727e8,bd10a5b3,bf38a3eb,1,33350599

10042,-98,-1048,184,-522,1802,15714,-2021,3541,-3956,3f30ae7f,3d3d190c,bd0d2158,bf38aae7,3f30ae7f,3d3d1908,bd0d2155,bf38aae9,1,33359117

10043,-115,-1055,162,-926,1998,15658,-2021,3541,-3956,3f30a3f9,3d44088f,bd09716a,bf38b085,3f30a3f6,3d440888,bd097165,bf38b085,1,33367636

10044,-96,-973,81,-1781,2138,15559,-2035,3511,-3937,3f309ddd,3d4b80dc,bd0541f9,bf38b159,3f309ddb,3d4b80d6,bd0541f5,bf38b15a,1,33376154

10045,-32,-647,-38,-2430,2308,15508,-2091,3503,-3926,3f309f5f,3d51d9b1,bd01c91b,bf38ab47,3f309f5d,3d51d9ab,bd01c917,bf38ab48,1,33384673

10046,90,-108,-183,-1486,2463,15543,-2091,3503,-3926,3f30a8b8,3d557527,bd00e01a,bf389ed7,3f30a8b6,3d557521,bd00e016,bf389ed8,1,33392691

10047,225,155,-237,-1233,2128,15529,-2093,3543,-3980,3f30b583,3d56f6d9,bd0031e2,bf389151,3f30b581,3d56f6d3,bd0031de,bf389152,1,33401210

10048,337,269,-206,-1171,2222,15492,-2069,3491,-3949,3f30bf80,3d5797d6,bcffcd87,bf388738,3f30bf7f,3d5797d1,bcffcd80,bf38873a,1,33409728

10049,413,468,-236,-696,2261,15586,-2019,3479,-3998,3f30c9e1,3d56314c,bd01395e,bf387dfe,3f30c9df,3d563146,bd013959,bf387dff,1,33418247

10050,526,466,-283,-925,1594,15703,-2019,3479,-3998,3f30d78b,3d539886,bd004bd7,bf38748a,3f30d78a,3d539881,bd004bd2,bf38748b,1,33426765

10051,509,462,-310,-871,2605,15581,-2061,3559,-3918,3f30e879,3d52c59f,bd012c07,bf3864a2,3f30e878,3d52c599,bd012c02,bf3864a2,1,33435284

10052,580,463,-193,-531,2001,15614,-1971,3525,-3979,3f30eff4,3d4ff0cb,bd01c0f0,bf386043,3f30eff5,3d4ff0c7,bd01c0ec,bf386044,1,33443803

10053,632,437,-42,-283,1579,15634,-1971,3525,-3979,3f30efab,3d4bebd9,bd01a3dc,bf38651b,3f30efab,3d4bebd4,bd01a3d7,bf38651a,1,33452321

10054,559,330,27,-727,1673,15586,-1987,3601,-3906,3f30eac6,3d49bd14,bd00afcc,bf386cde,3f30eac6,3d49bd0e,bd00afc7,bf386cdc,1,33460840

10055,519,319,44,-1025,1442,15541,-2021,3537,-4048,3f30e57f,3d481047,bcfd5cd0,bf387526,3f30e580,3d481042,bcfd5cc8,bf387525,1,33469359

10056,417,422,29,-934,1551,15562,-2021,3537,-4048,3f30e053,3d466e1e,bcfbaa78,bf387c72,3f30e053,3d466e19,bcfbaa6f,bf387c71,1,33477877

10057,325,548,-2,-697,1622,15563,-2037,3549,-3947,3f30dd6b,3d4469d5,bcfcae28,bf38810a,3f30dd6b,3d4469d0,bcfcae1f,bf388109,1,33486396

10058,266,625,-41,-810,1652,15648,-2059,3541,-3978,3f30dd27,3d42bb14,bcfe1842,bf388299,3f30dd27,3d42bb0f,bcfe183a,bf388298,1,33494413

10059,240,688,-84,-843,1885,15635,-2059,3541,-3978,3f30df00,3d417189,bd00807a,bf38812d,3f30deff,3d417183,bd008076,bf38812b,1,33502932

10060,274,751,-13,-140,1988,15563,-1979,3501,-3965,3f30dafa,3d3e5c2b,bd03cc67,bf3885e9,3f30dafa,3d3e5c26,bd03cc64,bf3885e8,1,33511451

10061,300,690,113,-108,1757,15578,-1985,3577,-3948,3f30d045,3d3b1a52,bd063dc2,bf3891be,3f30d045,3d3b1a4d,bd063dbf,bf3891bd,1,33519969

10062,288,524,213,-454,1861,15597,-1987,3547,-4002,3f30befe,3d396a7f,bd07a9ca,bf38a2f1,3f30beff,3d396a7b,bd07a9c8,bf38a2f1,1,33528488

10063,307,473,219,-313,1867,15546,-1987,3547,-4002,3f30adfc,3d37a703,bd09101e,bf38b3f4,3f30adfd,3d37a700,bd09101b,bf38b3f3,1,33537006

10064,320,437,186,-303,1827,15592,-1987,3509,-3955,3f309f23,3d35e6d8,bd0a33e6,bf38c309,3f309f24,3d35e6d5,bd0a33e3,bf38c308,1,33545525

10065,334,382,177,-364,1700,15596,-2013,3517,-3961,3f309229,3d345682,bd0a8ff9,bf38d0b3,3f30922a,3d34567e,bd0a8ff5,bf38d0b2,1,33554044

10066,310,299,221,-315,1684,15585,-2013,3517,-3961,3f3082dc,3d331870,bd0ac025,bf38e061,3f3082dc,3d33186b,bd0ac020,bf38e05f,1,33562562

10067,295,229,281,-318,1694,15597,-1987,3541,-3925,3f306f2c,3d322871,bd0ad4c1,bf38f403,3f306f2d,3d32286d,bd0ad4bd,bf38f402,1,33571081

10068,265,168,332,-80,1727,15591,-1995,3547,-3918,3f30595d,3d313d91,bd0b3d76,bf390961,3f30595d,3d313d8c,bd0b3d71,bf390960,1,33579600

10069,229,79,356,-316,1761,15590,-1995,3547,-3918,3f3041b9,3d315652,bd0b1491,bf391fee,3f3041ba,3d31564d,bd0b148c,bf391fee,1,33587618

10070,223,21,321,-521,1820,15598,-1959,3545,-3950,3f302a96,3d320745,bd0aa149,bf39359e,3f302a97,3d320740,bd0aa145,bf39359e,1,33596137

10071,228,33,263,-418,1894,15585,-1987,3589,-3975,3f301854,3d32b1c3,bd0a6a41,bf39467f,3f301854,3d32b1bd,bd0a6a3c,bf39467e,1,33604655

10072,250,32,248,-459,1948,15583,-1987,3589,-3975,3f3006fd,3d337055,bd0a24cb,bf395675,3f3006fd,3d337050,bd0a24c7,bf395675,1,33613174

10073,295,2,259,-515,1766,15582,-1961,3533,-3925,3f2ff412,3d33cab9,bd094af3,bf3968b5,3f2ff412,3d33cab4,bd094aef,bf3968b5,1,33621693

10074,302,24,194,-535,1863,15590,-1961,3491,-3915,3f2fe4cc,3d3437f8,bd08b278,bf397738,3f2fe4cc,3d3437f3,bd08b274,bf397737,1,33630211

10075,311,36,106,-588,1749,15594,-1997,3519,-3948,3f2fdc61,3d349c1a,bd07a2e9,bf397f9a,3f2fdc61,3d349c16,bd07a2e7,bf397f99,1,33638730

10076,329,66,11,-642,1613,15609,-1997,3519,-3948,3f2fd9c4,3d34a399,bd06472d,bf39830a,3f2fd9c5,3d34a395,bd06472b,bf398309,1,33647248

10077,303,117,-75,-734,1666,15618,-1949,3521,-3945,3f2fda16,3d349dcf,bd057179,bf39835b,3f2fda17,3d349dcb,bd057177,bf39835a,1,33655774

10078,292,185,-100,-516,1644,15637,-1975,3529,-3898,3f2fdd16,3d3401ba,bd05267d,bf398154,3f2fdd15,3d3401b4,bd05267a,bf398152,1,33664293

10079,268,209,-108,-573,1696,15588,-1975,3529,-3898,3f2fe03f,3d339f53,bd050bbb,bf397ec5,3f2fe040,3d339f4f,bd050bba,bf397ec5,1,33672811

10080,243,217,-83,-404,1709,15593,-1959,3575,-3904,3f2fe1b3,3d32f788,bd056f5f,bf397dbf,3f2fe1b4,3d32f784,bd056f5e,bf397dbf,1,33681330

10081,231,202,-7,-306,1576,15591,-1991,3537,-3902,3f2fdfee,3d3219b7,bd0598f8,bf398024,3f2fdfee,3d3219b2,bd0598f6,bf398023,1,33689848

10082,186,131,68,-279,1640,15623,-1991,3537,-3902,3f2fd9a3,3d31c30b,bd05d24e,bf398645,3f2fd9a3,3d31c306,bd05d24c,bf398644,1,33697866

10083,149,55,156,-41,1587,15623,-1983,3541,-3915,3f2fce6d,3d315026,bd063c2c,bf399108,3f2fce6d,3d315021,bd063c2a,bf399107,1,33706385

10084,105,-87,260,-511,1585,15599,-1971,3547,-3947,3f2fbba4,3d327118,bd057674,bf39a24b,3f2fbba4,3d327113,bd057672,bf39a24a,1,33714904

10085,70,-102,251,-820,1675,15592,-1971,3547,-3947,3f2fa8c8,3d347a27,bd046aa5,bf39b2eb,3f2fa8c9,3d347a23,bd046aa4,bf39b2ea,1,33723423

10086,52,-3,180,-958,1811,15575,-1959,3555,-3983,3f2f993f,3d368fe5,bd03ec45,bf39bfed,3f2f9940,3d368fe1,bd03ec44,bf39bfec,1,33731941

10087,62,137,106,-817,1929,15609,-1977,3523,-3958,3f2f8e6d,3d380c39,bd045057,bf39c867,3f2f8e6e,3d380c35,bd045057,bf39c866,1,33740460

10088,107,227,58,-540,1905,15562,-1977,3523,-3958,3f2f86dd,3d387459,bd05558c,bf39ce6b,3f2f86df,3d387456,bd05558c,bf39ce6a,1,33748978

10089,148,219,17,-267,1714,15568,-2025,3541,-3902,3f2f84ca,3d38077e,bd0612f5,bf39d043,3f2f84cc,3d38077b,bd0612f5,bf39d042,1,33757497

10090,146,137,13,-495,1844,15604,-1955,3565,-4040,3f2f7fe9,3d385bb7,bd069f58,bf39d426,3f2f7fea,3d385bb2,bd069f57,bf39d424,1,33766016

10091,160,98,16,-463,1803,15602,-1993,3555,-3957,3f2f7c88,3d38ca38,bd06c82a,bf39d6ce,3f2f7c89,3d38ca33,bd06c829,bf39d6cc,1,33774534

10092,185,99,8,-477,1783,15609,-1993,3555,-3957,3f2f79b9,3d391b28,bd06c816,bf39d924,3f2f79ba,3d391b22,bd06c815,bf39d921,1,33783053

10093,207,111,5,-332,1686,15628,-2017,3539,-3903,3f2f7886,3d38e66e,bd06b749,bf39da86,3f2f7889,3d38e66a,bd06b749,bf39da84,1,33791572

10094,184,56,-30,-576,1959,15582,-2015,3571,-3898,3f2f78d5,3d39f6e7,bd069fbb,bf39d93d,3f2f78d7,3d39f6e3,bd069fbb,bf39d93a,1,33799590

10095,189,71,-30,-654,1758,15696,-2015,3571,-3898,3f2f7925,3d3ab34f,bd06076f,bf39d8a2,3f2f7927,3d3ab34b,bd06076f,bf39d89f,1,33808108

10096,235,109,-3,-330,1827,15590,-2009,3561,-4023,3f2f7806,3d3a9ae7,bd0636f9,bf39d9a7,3f2f7807,3d3a9ae3,bd0636f9,bf39d9a4,1,33816627

10097,235,21,45,-605,2054,15585,-2007,3615,-3903,3f2f73c1,3d3bbd7f,bd05ed97,bf39dcbe,3f2f73c4,3d3bbd7e,bd05ed98,bf39dcbd,1,33825146

10098,288,4,90,-564,1822,15608,-2007,3615,-3903,3f2f6d30,3d3c4925,bd0507f9,bf39e309,3f2f6d33,3d3c4923,bd0507fa,bf39e307,1,33833664

10099,313,23,109,-748,1695,15594,-2023,3555,-3917,3f2f65b3,3d3cdb9d,bd037af8,bf39eaa1,3f2f65b4,3d3cdb9a,bd037af8,bf39ea9e,1,33842183

10100,321,72,89,-484,1748,15606,-2057,3537,-3979,3f2f611b,3d3ced97,bd028dd0,bf39ef8b,3f2f611d,3d3ced95,bd028dd1,bf39ef89,1,33850702

10101,324,85,57,-515,1609,15572,-2057,3537,-3979,3f2f5e87,3d3cb76b,bd0152d0,bf39f30b,3f2f5e8a,3d3cb76a,bd0152d2,bf39f30a,1,33859220

10102,293,54,30,-691,1701,15619,-2025,3527,-3898,3f2f5baa,3d3d1d06,bd002c38,bf39f625,3f2f5bab,3d3d1d03,bd002c39,bf39f621,1,33867739

10103,280,65,28,-644,1499,15611,-2061,3611,-3946,3f2f5afc,3d3d31f9,bcfd42c4,bf39f7c0,3f2f5aff,3d3d31f7,bcfd42c9,bf39f7be,1,33876257

10104,239,82,21,-793,1661,15605,-2009,3579,-3925,3f2f57b3,3d3db6ac,bcfb58da,bf39faf9,3f2f57b5,3d3db6a9,bcfb58dd,bf39faf6,1,33884776

10105,208,155,26,-542,1589,15632,-2009,3579,-3925,3f2f5447,3d3d6cf8,bcfadbab,bf39fea8,3f2f5449,3d3d6cf5,bcfadbae,bf39fea5,1,33892794

10106,189,166,27,-296,1805,15639,-2051,3531,-3925,3f2f52a7,3d3d3bbf,bcfc19be,bf39fff7,3f2f52a9,3d3d3bbc,bcfc19c1,bf39fff4,1,33901312

10107,193,97,38,-437,1749,15594,-1983,3601,-3917,3f2f4dc6,3d3d4020,bcfc7cae,bf3a046a,3f2f4dc9,3d3d401e,bcfc7cb2,bf3a0468,1,33909831

10108,196,49,58,-706,1829,15590,-1983,3601,-3917,3f2f4746,3d3e134c,bcfbd659,bf3a09eb,3f2f4749,3d3e1349,bcfbd65c,bf3a09e8,1,33918349

10109,215,74,92,-580,1861,15611,-2003,3577,-3897,3f2f3f91,3d3e9f2b,bcfba265,bf3a10b0,3f2f3f93,3d3e9f28,bcfba267,bf3a10ad,1,33926868

10110,255,78,87,-622,1851,15606,-2017,3601,-3980,3f2f38d3,3d3f22dc,bcfada13,bf3a16c6,3f2f38d6,3d3f22da,bcfada16,bf3a16c3,1,33935387

10111,300,65,70,-720,1826,15596,-2017,3601,-3980,3f2f332b,3d3fab17,bcf9345d,bf3a1c1a,3f2f332f,3d3fab16,bcf93461,bf3a1c18,1,33943905

10112,327,100,23,-703,1833,15596,-1985,3605,-3909,3f2f2f44,3d3fc662,bcf8060b,bf3a2010,3f2f2f46,3d3fc660,bcf8060d,bf3a200d,1,33952424

10113,354,138,12,-741,1886,15602,-2069,3573,-3860,3f2f2f48,3d402997,bcf6482a,bf3a203a,3f2f2f4b,3d402996,bcf6482d,bf3a2038,1,33960942

10114,395,177,43,-674,1345,15580,-2069,3573,-3860,3f2f2e30,3d3f211f,bcf29b40,bf3a2389,3f2f2e32,3d3f211d,bcf29b42,bf3a2386,1,33969461

10115,366,188,76,-488,1653,15627,-2045,3607,-3941,3f2f29db,3d3e4779,bcf171f8,bf3a28da,3f2f29dd,3d3e4777,bcf171fb,bf3a28d8,1,33977980

10116,350,156,74,-583,1538,15622,-2005,3591,-3932,3f2f23db,3d3d716c,bcefc485,bf3a2fe4,3f2f23de,3d3d716b,bcefc489,bf3a2fe3,1,33986498

10117,323,157,49,-699,1460,15600,-2015,3599,-3934,3f2f1f97,3d3cd8f3,bced857e,bf3a353a,3f2f1f9a,3d3cd8f2,bced8583,bf3a3539,1,33995017

10118,283,184,30,-757,1556,15587,-2015,3599,-3934,3f2f1c0a,3d3c97fa,bcec0170,bf3a394e,3f2f1c0c,3d3c97f8,bcec0173,bf3a394b,1,34003035

10119,258,240,6,-628,1651,15624,-2053,3599,-3942,3f2f1b78,3d3c4bb4,bceb98e2,bf3a3a45,3f2f1b7b,3d3c4bb3,bceb98e6,bf3a3a43,1,34011553

10120,235,254,-16,-493,1627,15633,-2021,3603,-3941,3f2f1b10,3d3b9307,bcec3336,bf3a3b32,3f2f1b13,3d3b9305,bcec3339,bf3a3b2f,1,34020072

10121,224,219,-24,-295,1674,15639,-2021,3603,-3941,3f2f1b99,3d3abdaf,bced8880,bf3a3b19,3f2f1b9e,3d3abdad,bced8886,bf3a3b18,1,34028591

10122,215,149,-40,-408,1613,15648,-2025,3623,-3972,3f2f1d50,3d3a5991,bcedb318,bf3a39d4,3f2f1d53,3d3a598c,bcedb31b,bf3a39d1,1,34037109

10123,202,84,5,-555,1675,15595,-2019,3589,-3916,3f2f1baf,3d3aa97a,bced3ffe,bf3a3b32,3f2f1bb1,3d3aa974,bced4000,bf3a3b2e,1,34045628

10124,189,79,70,-460,1640,15593,-2019,3589,-3916,3f2f1641,3d3ac9c4,bced1089,bf3a403b,3f2f1644,3d3ac9c0,bced108d,bf3a4038,1,34054146

10125,178,32,93,-442,1688,15587,-2017,3543,-3912,3f2f0f3b,3d3b2a1f,bcecf2b0,bf3a467e,3f2f0f3d,3d3b2a1a,bcecf2b4,bf3a467b,1,34062665

10126,175,-13,103,-519,1675,15610,-2037,3595,-3869,3f2f08a9,3d3bf150,bcebefa7,bf3a4c35,3f2f08ab,3d3bf14a,bcebefab,bf3a4c32,1,34071184

10127,178,-44,93,-643,1646,15608,-2037,3595,-3869,3f2f028e,3d3cff73,bcea239b,bf3a5171,3f2f0290,3d3cff6e,bcea23a0,bf3a516e,1,34079702

10128,177,-40,86,-730,1750,15589,-2041,3585,-3920,3f2efca4,3d3e6604,bce87ed8,bf3a5615,3f2efca6,3d3e65ff,bce87ede,bf3a5612,1,34088221

10129,196,4,62,-693,1730,15593,-2049,3591,-3976,3f2ef881,3d3f76b7,bce70f52,bf3a5952,3f2ef883,3d3f76b3,bce70f59,bf3a5950,1,34096740

10130,216,26,72,-574,1792,15593,-2039,3577,-3965,3f2ef375,3d402c17,bce67d7d,bf3a5d81,3f2ef377,3d402c13,bce67d84,bf3a5d7f,1,34105258

10131,252,35,84,-637,1768,15620,-2039,3577,-3965,3f2eedae,3d40c6eb,bce55eb5,bf3a62a6,3f2eedb0,3d40c6e7,bce55ebc,bf3a62a4,1,34113276

10132,277,38,82,-745,1744,15607,-2017,3571,-3971,3f2ee6f7,3d4156e3,bce3d067,bf3a68d7,3f2ee6f8,3d4156de,bce3d06d,bf3a68d5,1,34121795

10133,303,52,51,-643,1687,15637,-2003,3611,-3954,3f2ee216,3d415e70,bce2742c,bf3a6dce,3f2ee217,3d415e6b,bce27432,bf3a6dcc,1,34130314

10134,311,72,22,-805,1549,15615,-2003,3611,-3954,3f2edec5,3d415b6c,bce01b54,bf3a71a3,3f2edec5,3d415b66,bce01b59,bf3a71a1,1,34138832

10135,291,102,-15,-638,1579,15604,-2013,3533,-3935,3f2edde0,3d4108a9,bcdee278,bf3a732e,3f2edde0,3d4108a4,bcdee27e,bf3a732d,1,34147351

10136,266,130,-44,-615,1504,15583,-1999,3625,-3913,3f2ede93,3d40835e,bcddf675,bf3a7355,3f2ede94,3d408359,bcddf67c,bf3a7355,1,34155869

10137,224,117,-58,-660,1366,15581,-1999,3625,-3913,3f2ee00d,3d400b6a,bcdc9d69,bf3a72d5,3f2ee00e,3d400b64,bcdc9d6f,bf3a72d5,1,34164388

10138,168,118,-2,-721,1658,15611,-2041,3597,-3972,3f2edefc,3d409658,bcdc3704,bf3a7363,3f2edefe,3d409653,bcdc370b,bf3a7364,1,34172907

10139,158,148,52,-766,1628,15625,-1965,3565,-3908,3f2ed762,3d40bff5,bcdc8991,bf3a7a41,3f2ed762,3d40bfef,bcdc8995,bf3a7a41,1,34181425

10140,154,193,67,-647,1640,15585,-1965,3565,-3908,3f2ecefd,3d40907a,bcddab2f,bf3a81fb,3f2ecefe,3d409074,bcddab34,bf3a81fc,1,34189944

10141,155,213,68,-533,1721,15613,-2019,3577,-3937,3f2ec8ce,3d406e40,bcdf2af6,bf3a8776,3f2ec8cf,3d406e3a,bcdf2afb,bf3a8777,1,34198462

10142,179,190,50,-421,1735,15624,-1997,3541,-3878,3f2ec333,3d4003f1,bce0ee69,bf3a8c9f,3f2ec333,3d4003ea,bce0ee6b,bf3a8c9e,1,34206981

10143,205,123,47,-302,1751,15609,-2069,3529,-3973,3f2ec14d,3d3fd327,bce20ad4,bf3a8e42,3f2ec14d,3d3fd320,bce20ad5,bf3a8e41,1,34214999

10144,215,23,83,-578,1604,15604,-2069,3529,-3973,3f2ebcff,3d404fd3,bce07856,bf3a9243,3f2ebcff,3d404fcc,bce07856,bf3a9242,1,34223518

10145,206,-5,82,-825,1420,15644,-2049,3575,-3993,3f2eb7ad,3d40fc99,bcdd4122,bf3a9783,3f2eb7ac,3d40fc92,bcdd4121,bf3a9781,1,34232036

10146,194,-19,71,-566,1728,15594,-2015,3563,-3915,3f2eb1c2,3d41a8ef,bcdcbede,bf3a9c80,3f2eb1c2,3d41a8ea,bcdcbedf,bf3a9c80,1,34240555

10147,214,-23,46,-939,1608,15619,-2015,3563,-3915,3f2eacdd,3d42c202,bcda3a51,bf3aa0ae,3f2eacdd,3d42c1fc,bcda3a51,bf3aa0ad,1,34249073

10148,199,33,26,-713,1735,15604,-2063,3607,-3973,3f2eab62,3d43b0b1,bcd92ad2,bf3aa167,3f2eab62,3d43b0ab,bcd92ad2,bf3aa166,1,34257592

10149,212,76,52,-810,1625,15601,-2037,3547,-3909,3f2ea6d4,3d444085,bcd7c955,bf3aa579,3f2ea6d4,3d44407f,bcd7c955,bf3aa578,1,34266111

10150,225,110,61,-739,1584,15588,-2037,3547,-3909,3f2ea1da,3d44674a,bcd6af72,bf3aaa4b,3f2ea1da,3d446744,bcd6af72,bf3aaa4a,1,34274629

10151,195,133,90,-703,1588,15615,-2097,3531,-3904,3f2e9dc0,3d44c8f0,bcd57d6b,bf3aae10,3f2e9dc1,3d44c8eb,bcd57d6c,bf3aae10,1,34283148

10152,177,145,115,-532,1548,15622,-2023,3623,-3977,3f2e9551,3d446ef6,bcd5c4c2,bf3ab63d,3f2e9552,3d446ef0,bcd5c4c1,bf3ab63d,1,34291667

10153,150,120,97,-615,1620,15639,-2023,3623,-3977,3f2e8dba,3d44944e,bcd60ac2,bf3abd1c,3f2e8dba,3d449447,bcd60ac0,bf3abd1c,1,34300185

10154,138,73,61,-831,1741,15580,-1999,3597,-3930,3f2e86e9,3d457cfd,bcd5ffad,bf3ac287,3f2e86e8,3d457cf6,bcd5ffaa,bf3ac287,1,34308704

10155,155,119,43,-830,1732,15647,-2041,3559,-3965,3f2e82a1,3d464c6c,bcd5c2e9,bf3ac5bd,3f2e82a0,3d464c65,bcd5c2e6,bf3ac5bd,1,34316722

10156,175,186,56,-897,1856,15603,-2011,3579,-3891,3f2e7c4b,3d46f2e0,bcd65b7c,bf3acacc,3f2e7c4a,3d46f2d9,bcd65b79,bf3acacc,1,34325240

10157,224,267,54,-844,1782,15598,-2011,3579,-3891,3f2e7636,3d46e348,bcd70f65,bf3ad056,3f2e7636,3d46e342,bcd70f63,bf3ad057,1,34333759

10158,265,312,63,-803,1691,15631,-2005,3601,-3968,3f2e6f92,3d464188,bcd794e7,bf3ad711,3f2e6f92,3d464182,bcd794e5,bf3ad712,1,34342278

10159,271,344,24,-623,1936,15630,-2051,3597,-3950,3f2e6d66,3d45c557,bcd98118,bf3ad90c,3f2e6d66,3d45c551,bcd98116,bf3ad90d,1,34350796

10160,364,289,63,-511,1638,15585,-2051,3597,-3950,3f2e69db,3d446b26,bcd98443,bf3addc9,3f2e69d9,3d446b1f,bcd9843f,bf3addc8,1,34359315

10161,379,237,105,-585,1728,15614,-1987,3583,-3995,3f2e6102,3d434ee1,bcd9a6f5,bf3ae72a,3f2e6100,3d434eda,bcd9a6f2,bf3ae72a,1,34367834

10162,404,189,130,-644,1367,15631,-2027,3581,-3964,3f2e58ae,3d41e85f,bcd7295e,bf3af11c,3f2e58ac,3d41e858,bcd7295a,bf3af11c,1,34376352

10163,369,172,114,-628,1540,15640,-2027,3581,-3964,3f2e5116,3d41067a,bcd5a6ea,bf3af98a,3f2e5114,3d410673,bcd5a6e6,bf3af98a,1,34384871

10164,370,146,34,-641,1582,15647,-2031,3549,-3892,3f2e4e86,3d405dea,bcd41df0,bf3afd0a,3f2e4e84,3d405de3,bcd41ded,bf3afd0b,1,34393389

10165,359,158,-36,-794,1348,15609,-2027,3607,-4008,3f2e500f,3d3f94ab,bcd149c2,bf3afd37,3f2e500d,3d3f94a4,bcd149bf,bf3afd38,1,34401908

10166,310,218,-64,-739,1459,15607,-2027,3607,-4008,3f2e52ee,3d3ed985,bcd000d0,bf3afba4,3f2e52ed,3d3ed980,bcd000ce,bf3afba6,1,34409926

10167,247,248,-54,-644,1458,15603,-2029,3545,-3900,3f2e54fe,3d3e09f9,bccfd143,bf3afa98,3f2e54fd,3d3e09f3,bccfd141,bf3afa99,1,34418444

10168,209,259,-60,-537,1541,15606,-2027,3611,-3881,3f2e57a2,3d3d4edf,bcd0b8b7,bf3af8a0,3f2e57a0,3d3d4ed7,bcd0b8b3,bf3af8a0,1,34426963

10169,186,230,-64,-510,1594,15621,-2039,3595,-3964,3f2e5ae4,3d3cdb7f,bcd1d17e,bf3af5bc,3f2e5ae3,3d3cdb78,bcd1d17b,bf3af5bc,1,34435481

10170,183,173,-71,-472,1573,15648,-2039,3595,-3964,3f2e5ed1,3d3c8513,bcd28e69,bf3af235,3f2e5ed1,3d3c850d,bcd28e67,bf3af235,1,34444000

10171,190,150,-63,-473,1505,15617,-2069,3583,-3924,3f2e63c8,3d3c40df,bcd27acc,bf3aeddd,3f2e63c7,3d3c40d8,bcd27ac9,bf3aeddc,1,34452519

10172,160,101,-81,-352,1642,15653,-2003,3583,-3971,3f2e6712,3d3c0b0b,bcd3e392,bf3aea9d,3f2e6712,3d3c0b04,bcd3e390,bf3aea9c,1,34461037

10173,182,15,-73,-402,1662,15641,-2003,3583,-3971,3f2e6a05,3d3c3a68,bcd46150,bf3ae78a,3f2e6a04,3d3c3a62,bcd4614d,bf3ae788,1,34469556

10174,198,-56,-70,-578,1500,15631,-2009,3593,-3918,3f2e6d0b,3d3cb503,bcd2dd9f,bf3ae4a9,3f2e6d0c,3d3cb4fe,bcd2dd9e,bf3ae4a9,1,34478074

10175,200,-92,-81,-593,1571,15614,-2023,3585,-3976,3f2e712c,3d3d8369,bcd13f92,bf3ae072,3f2e712c,3d3d8363,bcd13f90,bf3ae071,1,34486593

10176,183,-99,-41,-766,1688,15586,-2023,3585,-3976,3f2e724e,3d3ef848,bccf9019,bf3ade5f,3f2e724d,3d3ef841,bccf9017,bf3ade5e,1,34495112

10177,193,-69,2,-931,1533,15591,-1999,3573,-3942,3f2e6f8e,3d402b27,bccd0f16,bf3ae065,3f2e6f8e,3d402b21,bccd0f14,bf3ae065,1,34503631

10178,194,-14,5,-721,1654,15609,-2067,3627,-4021,3f2e6fb2,3d413d8b,bccb97da,bf3adf8f,3f2e6fb1,3d413d84,bccb97d8,bf3adf8f,1,34512149

10179,191,11,7,-716,1542,15622,-2067,3627,-4021,3f2e6fb7,3d41f6b1,bcc9e83c,bf3adf41,3f2e6fb7,3d41f6ad,bcc9e83c,bf3adf42,1,34520167

10180,193,26,9,-778,1588,15602,-2017,3615,-3948,3f2e6d4d,3d4299de,bcc8d111,bf3ae124,3f2e6d4b,3d4299da,bcc8d10f,bf3ae124,1,34528686

10181,190,39,3,-765,1560,15603,-2025,3639,-3921,3f2e6bb3,3d43249e,bcc7b994,bf3ae25d,3f2e6bb2,3d43249b,bcc7b993,bf3ae25e,1,34537204

10182,182,75,-15,-812,1613,15636,-2033,3585,-4014,3f2e6ae7,3d43c54f,bcc6fa69,bf3ae2a6,3f2e6ae6,3d43c54c,bcc6fa68,bf3ae2a7,1,34545723

10183,171,109,-22,-758,1526,15598,-2033,3585,-4014,3f2e6a90,3d440483,bcc66fc7,bf3ae2db,3f2e6a8e,3d44047f,bcc66fc5,bf3ae2db,1,34554242

10184,162,136,-8,-606,1506,15639,-2023,3589,-3914,3f2e6958,3d43cccf,bcc6bf13,bf3ae423,3f2e6956,3d43cccc,bcc6bf12,bf3ae424,1,34562760

10185,146,120,15,-718,1600,15652,-2071,3573,-3936,3f2e6861,3d445079,bcc68aaa,bf3ae48d,3f2e6860,3d445077,bcc68aa9,bf3ae48f,1,34571279

10186,143,121,25,-657,1618,15628,-2071,3573,-3936,3f2e66e4,3d44bc26,bcc6b3fd,bf3ae574,3f2e66e2,3d44bc23,bcc6b3fb,bf3ae575,1,34579798

10187,149,118,27,-720,1651,15636,-2045,3539,-3940,3f2e63d1,3d45349b,bcc6f78a,bf3ae7c1,3f2e63cf,3d453499,bcc6f787,bf3ae7c2,1,34588316

10188,162,117,36,-731,1666,15624,-2069,3557,-3861,3f2e617d,3d45ca80,bcc6dde1,bf3ae955,3f2e617c,3d45ca7f,bcc6ddde,bf3ae957,1,34596835

10189,181,127,24,-691,1695,15600,-2069,3557,-3861,3f2e6002,3d463bd2,bcc6fd3c,bf3aea38,3f2e6000,3d463bcf,bcc6fd36,bf3aea38,1,34605354

10190,203,127,16,-718,1643,15625,-2019,3583,-3926,3f2e5cf2,3d4651e5,bcc714ee,bf3aecf4,3f2e5cf0,3d4651e2,bcc714e8,bf3aecf4,1,34613872

10191,224,126,15,-819,1570,15620,-1997,3555,-3972,3f2e58cf,3d464d80,bcc6927d,bf3af0f8,3f2e58ce,3d464d7e,bcc69278,bf3af0f9,1,34622391

10192,223,154,6,-768,1506,15623,-1997,3555,-3972,3f2e5551,3d45f470,bcc637e9,bf3af4b0,3f2e5550,3d45f46e,bcc637e3,bf3af4b1,1,34630409

10193,199,177,-1,-672,1491,15634,-2049,3617,-3952,3f2e54ca,3d459dde,bcc5f8d9,bf3af59a,3f2e54c9,3d459ddb,bcc5f8d2,bf3af59a,1,34638927

10194,168,181,-1,-696,1552,15601,-2053,3611,-4016,3f2e5415,3d45914b,bcc62275,bf3af644,3f2e5415,3d459149,bcc6226e,bf3af645,1,34647446

10195,146,177,-11,-675,1561,15621,-2055,3587,-3913,3f2e5418,3d459745,bcc688fd,bf3af620,3f2e5418,3d459742,bcc688f5,bf3af621,1,34655964

10196,135,174,-22,-597,1700,15618,-2055,3587,-3913,3f2e54d1,3d45c4fe,bcc7df12,bf3af4e9,3f2e54d0,3d45c4fc,bcc7df0b,bf3af4ea,1,34664483

10197,144,146,-35,-674,1709,15606,-2057,3603,-3889,3f2e5673,3d463516,bcc89c1b,bf3af2b9,3f2e5672,3d463514,bcc89c14,bf3af2ba,1,34673002

10198,179,138,-30,-769,1647,15619,-2077,3581,-4009,3f2e5866,3d46b80e,bcc83710,bf3af077,3f2e5865,3d46b80c,bcc83709,bf3af078,1,34681520

10199,194,177,-34,-656,1681,15619,-2077,3581,-4009,3f2e5aca,3d46d553,bcc89fd5,bf3aee02,3f2e5ac9,3d46d551,bcc89fce,bf3aee03,1,34690039

10200,209,187,-54,-643,1625,15622,-2015,3593,-3963,3f2e5bf8,3d46737d,bcc95815,bf3aed20,3f2e5bf6,3d467379,bcc9580c,bf3aed1f,1,34698558

10201,220,155,-46,-587,1644,15637,-2095,3591,-3942,3f2e6077,3d466bdd,bcc947b9,bf3ae8fa,3f2e6076,3d466bda,bcc947b1,bf3ae8fb,1,34707076

10202,223,122,-11,-747,1589,15608,-2095,3591,-3942,3f2e6289,3d46c1af,bcc80dd2,bf3ae704,3f2e6288,3d46c1ac,bcc80dca,bf3ae705,1,34715595

10203,227,120,7,-648,1567,15628,-2039,3567,-3932,3f2e6118,3d468e83,bcc7afa3,bf3ae8ac,3f2e6117,3d468e7f,bcc7af9a,bf3ae8ac,1,34724113

10204,213,126,11,-706,1500,15639,-2037,3583,-3898,3f2e5f4d,3d4661e1,bcc6f95c,bf3aeab9,3f2e5f4c,3d4661dd,bcc6f953,bf3aeab9,1,34732131

10205,180,123,12,-697,1517,15614,-2037,3583,-3898,3f2e5d50,3d465ca0,bcc69e47,bf3aecb1,3f2e5d50,3d465c9c,bcc69e3e,bf3aecb1,1,34740650

10206,150,130,23,-654,1581,15622,-2011,3597,-3935,3f2e5984,3d465ba1,bcc7322b,bf3af016,3f2e5983,3d465b9c,bcc73221,bf3af015,1,34749169

10207,140,124,21,-696,1608,15624,-2067,3551,-3957,3f2e57df,3d46c4f3,bcc740ea,bf3af12a,3f2e57df,3d46c4ef,bcc740e1,bf3af12a,1,34757687

10208,145,123,6,-699,1627,15580,-2011,3633,-3969,3f2e551f,3d46feee,bcc7cec1,bf3af358,3f2e551e,3d46fee9,bcc7ceb8,bf3af357,1,34766206

10209,155,128,28,-814,1641,15607,-2011,3633,-3969,3f2e50d3,3d4767ea,bcc7ed3a,bf3af6e1,3f2e50d2,3d4767e5,bcc7ed31,bf3af6e0,1,34774724

10210,158,152,22,-720,1499,15588,-1991,3577,-3975,3f2e4c19,3d472af8,bcc83803,bf3afb75,3f2e4c19,3d472af4,bcc837fc,bf3afb76,1,34783243

10211,133,189,11,-494,1731,15607,-2059,3577,-3902,3f2e4b22,3d472142,bcca1f55,bf3afbe3,3f2e4b21,3d47213e,bcca1f4e,bf3afbe3,1,34791762

10212,122,180,19,-562,1682,15623,-2059,3577,-3902,3f2e4992,3d4736ae,bccb87af,bf3afce0,3f2e4991,3d4736aa,bccb87a8,bf3afce0,1,34800280

10213,139,139,18,-669,1692,15626,-2035,3589,-3942,3f2e46f3,3d478825,bccc51cf,bf3afec3,3f2e46f2,3d478821,bccc51c8,bf3afec3,1,34808799

10214,146,123,11,-610,1733,15617,-2055,3537,-3959,3f2e458e,3d47e9d5,bccd3a3f,bf3aff68,3f2e458e,3d47e9d2,bccd3a38,bf3aff68,1,34817318

10215,177,105,9,-655,1646,15633,-2055,3537,-3959,3f2e446c,3d4829aa,bccd2dc7,bf3b0035,3f2e446c,3d4829a6,bccd2dbf,bf3b0034,1,34825336

10216,193,89,11,-668,1640,15632,-1989,3637,-3996,3f2e40f9,3d483344,bccd4f8f,bf3b0358,3f2e40f9,3d483340,bccd4f87,bf3b0357,1,34833854

10217,197,75,26,-666,1677,15613,-2071,3597,-3925,3f2e3fec,3d48ab15,bcccc316,bf3b03f9,3f2e3fec,3d48ab11,bcccc30e,bf3b03f8,1,34842373

10218,209,68,26,-694,1580,15630,-2071,3597,-3925,3f2e3ef3,3d48f8fd,bccb8fe2,bf3b04e3,3f2e3ef2,3d48f8f8,bccb8fda,bf3b04e1,1,34850891

10219,207,64,0,-663,1555,15599,-2067,3619,-4008,3f2e3f69,3d4928bf,bcca74ed,bf3b048d,3f2e3f69,3d4928bc,bcca74e7,bf3b048c,1,34859410

10220,192,71,-12,-617,1547,15621,-2057,3637,-3967,3f2e404d,3d4937ea,bcc9c7aa,bf3b03d6,3f2e404d,3d4937e7,bcc9c7a4,bf3b03d5,1,34867928

10221,173,38,8,-674,1527,15622,-2069,3641,-3980,3f2e405c,3d499960,bcc89934,bf3b03b0,3f2e405d,3d49995e,bcc8992f,bf3b03b0,1,34876447

10222,144,21,5,-795,1600,15636,-2069,3641,-3980,3f2e4027,3d4a861f,bcc76493,bf3b0334,3f2e4028,3d4a861c,bcc7648e,bf3b0334,1,34884966

10223,124,36,10,-802,1552,15618,-2067,3599,-3987,3f2e3f3c,3d4b59a3,bcc647c8,bf3b0375,3f2e3f3d,3d4b59a0,bcc647c3,bf3b0375,1,34893484

10224,101,60,11,-845,1634,15585,-2089,3557,-3948,3f2e3ecd,3d4c82d1,bcc58607,bf3b02cd,3f2e3ecd,3d4c82cd,bcc58601,bf3b02cc,1,34902003

10225,101,100,23,-670,1688,15615,-2089,3557,-3948,3f2e3de4,3d4d348d,bcc608a2,bf3b02c2,3f2e3de4,3d4d3489,bcc6089c,bf3b02c1,1,34910522

10226,117,99,34,-651,1655,15624,-2103,3641,-3930,3f2e3d70,3d4dcc9b,bcc62185,bf3b027f,3f2e3d71,3d4dcc98,bcc6217f,bf3b027f,1,34919041

10227,128,72,35,-731,1668,15596,-2065,3621,-3927,3f2e3afd,3d4e7842,bcc611cf,bf3b040f,3f2e3afd,3d4e783e,bcc611c8,bf3b040e,1,34927559

10228,126,62,33,-783,1691,15630,-2065,3621,-3927,3f2e3889,3d4f4e7d,bcc5d8a7,bf3b057a,3f2e3889,3d4f4e79,bcc5d8a0,bf3b0579,1,34935577

10229,138,84,21,-735,1733,15614,-2055,3543,-3949,3f2e3613,3d4fec57,bcc63eef,bf3b06fa,3f2e3613,3d4fec53,bcc63ee8,bf3b06f9,1,34944096

10230,157,73,10,-703,1772,15631,-2091,3607,-3930,3f2e365c,3d50ad01,bcc64bda,bf3b05dc,3f2e365d,3d50acfe,bcc64bd3,bf3b05dc,1,34952614

10231,189,69,-14,-804,1804,15593,-2091,3607,-3930,3f2e37f8,3d519546,bcc5d635,bf3b0377,3f2e37f8,3d519542,bcc5d62d,bf3b0376,1,34961133

10232,218,92,-4,-637,1457,15599,-2043,3603,-3930,3f2e378d,3d511248,bcc50018,bf3b04a5,3f2e378d,3d511245,bcc50011,bf3b04a4,1,34969651

10233,195,59,4,-776,1610,15602,-2097,3635,-3944,3f2e38ab,3d51966d,bcc3ab89,bf3b0362,3f2e38ab,3d51966a,bcc3ab83,bf3b0361,1,34978170

10234,165,56,15,-799,1492,15621,-2047,3627,-3944,3f2e36bd,3d51d09f,bcc280f8,bf3b053a,3f2e36bd,3d51d09c,bcc280f2,bf3b0539,1,34986689

10235,137,85,18,-865,1642,15623,-2047,3627,-3944,3f2e342c,3d526ee8,bcc225cd,bf3b0705,3f2e342c,3d526ee5,bcc225c7,bf3b0704,1,34995207

10236,126,118,14,-904,1699,15601,-2073,3583,-3925,3f2e328c,3d534014,bcc1fc61,bf3b07a6,3f2e328d,3d534012,bcc1fc5c,bf3b07a6,1,35003726

10237,142,157,7,-1100,1513,15494,-2063,3607,-3933,3f2e30b9,3d53dc2d,bcc0a7bd,bf3b0901,3f2e30b9,3d53dc2a,bcc0a7b8,bf3b0900,1,35012244

10238,142,238,-16,-545,1942,15611,-2063,3607,-3933,3f2e3111,3d53cab4,bcc3a475,bf3b07fc,3f2e3111,3d53cab2,bcc3a470,bf3b07fc,1,35020763

10239,204,242,-9,-719,1803,15617,-2047,3615,-3885,3f2e3062,3d538641,bcc50bc3,bf3b088f,3f2e3062,3d53863f,bcc50bbe,bf3b088f,1,35029282

10240,252,225,-7,-761,1694,15609,-2037,3543,-3894,3f2e2f0b,3d52fc18,bcc586df,bf3b0a49,3f2e2f0b,3d52fc16,bcc586d9,bf3b0a49,1,35037300

10241,253,223,-22,-733,1682,15600,-2037,3543,-3894,3f2e2eba,3d526263,bcc609ad,bf3b0b1f,3f2e2eba,3d526260,bcc609a6,bf3b0b1e,1,35045818

10242,259,230,-26,-653,1554,15618,-2057,3581,-3939,3f2e2ff4,3d516b4b,bcc61937,bf3b0b0d,3f2e2ff5,3d516b49,bcc61931,bf3b0b0d,1,35054337

10243,242,205,-25,-606,1481,15640,-2029,3635,-3969,3f2e304c,3d505558,bcc63376,bf3b0be9,3f2e304c,3d505555,bcc6336f,bf3b0be9,1,35062855

10244,188,164,-1,-605,1572,15615,-2029,3635,-3969,3f2e2ef6,3d4fcc4b,bcc6c534,bf3b0d9a,3f2e2ef5,3d4fcc47,bcc6c52d,bf3b0d99,1,35071374

10245,155,122,30,-682,1592,15619,-2033,3597,-4030,3f2e2b67,3d4fba03,bcc7125a,bf3b10ea,3f2e2b67,3d4fba00,bcc71255,bf3b10ea,1,35079893

10246,143,112,50,-748,1590,15626,-2043,3585,-3921,3f2e26f7,3d4fed09,bcc6ff15,bf3b14d8,3f2e26f6,3d4fed05,bcc6ff10,bf3b14d7,1,35088411

10247,120,119,57,-642,1638,15608,-2051,3611,-3929,3f2e22a4,3d50194b,bcc7a816,bf3b1881,3f2e22a3,3d501947,bcc7a811,bf3b1880,1,35096930

10248,118,109,51,-712,1750,15618,-2051,3611,-3929,3f2e1e7a,3d50a988,bcc86d2c,bf3b1b8c,3f2e1e79,3d50a984,bcc86d28,bf3b1b8b,1,35105448

10249,136,103,38,-719,1694,15630,-2057,3623,-3964,3f2e1b7d,3d511ab1,bcc8b33f,bf3b1dc2,3f2e1b7c,3d511aad,bcc8b33b,bf3b1dc1,1,35113967

10250,153,93,17,-837,1693,15592,-2053,3531,-3900,3f2e1922,3d51bb39,bcc86b8d,bf3b1f52,3f2e1921,3d51bb35,bcc86b89,bf3b1f51,1,35122486

10251,157,115,2,-728,1697,15596,-2053,3531,-3900,3f2e17e9,3d52047c,bcc8bc77,bf3b200e,3f2e17ea,3d52047a,bcc8bc75,bf3b200f,1,35131004

10252,164,133,-9,-728,1670,15614,-2083,3615,-3925,3f2e190f,3d524c08,bcc8a7f6,bf3b1eb2,3f2e190e,3d524c03,bcc8a7f1,bf3b1eb1,1,35139023

10253,161,133,-27,-854,1659,15630,-2051,3581,-3946,3f2e1967,3d52a9b2,bcc8692e,bf3b1e07,3f2e1967,3d52a9ae,bcc8692a,bf3b1e07,1,35147541

10254,165,167,-36,-727,1641,15637,-2051,3581,-3946,3f2e1a8a,3d529277,bcc8ceeb,bf3b1cf8,3f2e1a89,3d529272,bcc8cee7,bf3b1cf7,1,35156060

10255,157,171,-36,-715,1731,15640,-2085,3585,-3936,3f2e1d29,3d52cc9e,bcc9612b,bf3b1a1e,3f2e1d29,3d52cc9b,bcc96128,bf3b1a1f,1,35164578

10256,155,162,-30,-617,1579,15586,-2047,3563,-3958,3f2e1df2,3d52649a,bcca099d,bf3b19aa,3f2e1df1,3d526496,bcca0999,bf3b19aa,1,35173097

10257,152,144,10,-646,1642,15600,-2047,3563,-3958,3f2e1c31,3d524430,bccab24a,bf3b1b45,3f2e1c30,3d52442c,bccab246,bf3b1b45,1,35181616

10258,130,104,33,-623,1664,15632,-2097,3581,-3942,3f2e1b7c,3d529692,bccae113,bf3b1b83,3f2e1b7b,3d52968e,bccae10f,bf3b1b83,1,35190134

10259,134,80,43,-637,1795,15620,-2091,3591,-3961,3f2e19c4,3d5340c6,bccb6ce0,bf3b1c37,3f2e19c4,3d5340c3,bccb6cdc,bf3b1c37,1,35198653

10260,157,38,38,-917,1598,15516,-2045,3591,-3965,3f2e15f8,3d5402c3,bcca05a6,bf3b1f44,3f2e15f7,3d5402bf,bcca05a1,bf3b1f43,1,35207171

10261,160,58,4,-501,2014,15597,-2045,3591,-3965,3f2e14f6,3d548e9a,bccbecd8,bf3b1f11,3f2e14f5,3d548e97,bccbecd4,bf3b1f11,1,35215690

10262,203,55,-16,-718,1837,15607,-2047,3603,-3894,3f2e152f,3d551247,bccbf4b8,bf3b1e44,3f2e152f,3d551244,bccbf4b5,bf3b1e44,1,35224208

10263,237,40,-15,-896,1697,15616,-2131,3535,-3981,3f2e18aa,3d56086c,bcc986fa,bf3b1a96,3f2e18aa,3d560868,bcc986f6,bf3b1a95,1,35232727

10264,244,54,-17,-787,1635,15627,-2131,3535,-3981,3f2e1c9d,3d567ff3,bcc75ef2,bf3b16f4,3f2e1c9f,3d567ff1,bcc75ef0,bf3b16f6,1,35240745

10265,247,58,-8,-744,1594,15605,-2081,3601,-3952,3f2e1dea,3d56856f,bcc5d64d,bf3b1621,3f2e1dea,3d56856a,bcc5d648,bf3b1620,1,35249264

10266,216,65,18,-710,1591,15587,-2107,3613,-3922,3f2e1edb,3d56ac9c,bcc478f0,bf3b1570,3f2e1edb,3d56ac97,bcc478eb,bf3b156f,1,35257782

10267,190,67,26,-727,1525,15603,-2107,3613,-3922,3f2e1f2d,3d56ce3e,bcc2fefd,bf3b155f,3f2e1f2f,3d56ce3b,bcc2fefb,bf3b155f,1,35266301

10268,154,59,41,-777,1586,15625,-2055,3585,-3970,3f2e1ba2,3d57135a,bcc261d4,bf3b1886,3f2e1ba2,3d571355,bcc261cf,bf3b1883,1,35274819

10269,136,62,42,-860,1698,15607,-2089,3585,-3977,3f2e1924,3d57f27f,bcc1c1da,bf3b19ff,3f2e1927,3d57f27d,bcc1c1d9,bf3b19fe,1,35283338

10270,140,82,33,-839,1841,15615,-2089,3585,-3977,3f2e1719,3d58ee50,bcc1f9b2,bf3b1ab4,3f2e171b,3d58ee4c,bcc1f9b0,bf3b1ab2,1,35291857

10271,163,96,32,-884,1903,15609,-2139,3585,-3925,3f2e1772,3d5a354b,bcc1b4d6,bf3b18f8,3f2e1773,3d5a3545,bcc1b4d2,bf3b18f4,1,35300375

10272,217,116,32,-954,1789,15579,-2047,3595,-3918,3f2e13cf,3d5aac0a,bcc14e39,bf3b1be9,3f2e13d1,3d5aac05,bcc14e36,bf3b1be6,1,35308894

10273,255,159,34,-916,1649,15611,-2097,3581,-3984,3f2e124f,3d5ab51d,bcbffe26,bf3b1d9b,3f2e1250,3d5ab518,bcbffe22,bf3b1d97,1,35317413

10274,250,211,23,-749,1680,15623,-2097,3581,-3984,3f2e11c1,3d5a3f4a,bcbff49f,bf3b1eaa,3f2e11c3,3d5a3f47,bcbff49d,bf3b1ea8,1,35325931

10275,243,200,9,-780,1629,15591,-2061,3581,-3938,3f2e1075,3d59b14f,bcbfe71c,bf3b2088,3f2e1076,3d59b14b,bcbfe719,bf3b2085,1,35334450

10276,233,193,1,-629,1578,15621,-2085,3565,-4057,3f2e10eb,3d58d09b,bcc015af,bf3b2114,3f2e10ec,3d58d097,bcc015ad,bf3b2111,1,35342968

10277,222,165,-6,-709,1595,15630,-2085,3565,-4057,3f2e1197,3d58541f,bcbfde51,bf3b2112,3f2e1198,3d58541b,bcbfde50,bf3b210f,1,35350986

10278,191,128,-18,-759,1564,15609,-2043,3609,-3948,3f2e1159,3d580d52,bcbfa9af,bf3b21ab,3f2e115b,3d580d4f,bcbfa9af,bf3b21a9,1,35359505

10279,159,130,-13,-777,1542,15622,-2069,3587,-3973,3f2e119e,3d57f57f,bcbf4f27,bf3b219e,3f2e11a0,3d57f57c,bcbf4f27,bf3b219c,1,35368024

10280,124,124,-4,-792,1656,15640,-2069,3587,-3973,3f2e110d,3d58457f,bcbf9d37,bf3b21b3,3f2e110e,3d58457c,bcbf9d37,bf3b21b0,1,35376542

10281,115,129,0,-632,1743,15617,-2069,3617,-4008,3f2e1098,3d586f61,bcc101e9,bf3b2194,3f2e109b,3d586f61,bcc101eb,bf3b2193,1,35385061

10282,118,110,9,-629,1814,15592,-2109,3599,-3985,3f2e1167,3d58f9aa,bcc23159,bf3b1fe5,3f2e1169,3d58f9a9,bcc2315a,bf3b1fe3,1,35393579

10283,160,69,31,-809,1721,15602,-2109,3599,-3985,3f2e10c0,3d59b840,bcc18ef3,bf3b1fce,3f2e10c2,3d59b83f,bcc18ef4,bf3b1fcc,1,35402098

10284,188,68,47,-888,1676,15608,-2055,3583,-4042,3f2e0c74,3d5a2bd9,bcc0c372,bf3b237b,3f2e0c76,3d5a2bd8,bcc0c373,bf3b2379,1,35410617

10285,183,108,48,-845,1720,15609,-2071,3645,-3986,3f2e091b,3d5a8da7,bcc0762c,bf3b2639,3f2e091d,3d5a8da6,bcc0762d,bf3b2637,1,35419135

10286,196,136,35,-786,1778,15629,-2117,3603,-3936,3f2e08b5,3d5af65c,bcc05361,bf3b2627,3f2e08b8,3d5af65c,bcc05363,bf3b2626,1,35427654

10287,215,135,23,-815,1733,15616,-2117,3603,-3936,3f2e0916,3d5b45d0,bcbfbd38,bf3b2596,3f2e0917,3d5b45ce,bcbfbd39,bf3b2594,1,35436172

10288,238,131,22,-812,1698,15599,-2031,3647,-3927,3f2e0611,3d5b15d8,bcbf973c,bf3b28a7,3f2e0612,3d5b15d6,bcbf973e,bf3b28a5,1,35444691

10289,239,148,26,-707,1619,15636,-2065,3587,-3968,3f2e042e,3d5a8cf0,bcbf669b,bf3b2b15,3f2e042f,3d5a8cef,bcbf669e,bf3b2b13,1,35452709

10290,222,135,20,-823,1691,15611,-2065,3587,-3968,3f2e0244,3d5a8976,bcbf1a56,bf3b2cf4,3f2e0245,3d5a8975,bcbf1a59,bf3b2cf2,1,35461228

10291,219,134,16,-731,1644,15589,-2073,3593,-3957,3f2e0140,3d5a4b14,bcbeea8a,bf3b2e3a,3f2e0141,3d5a4b13,bcbeea8d,bf3b2e38,1,35469746

10292,203,141,27,-768,1651,15604,-2041,3609,-3908,3f2dfe2a,3d5a114a,bcbf0a53,bf3b3155,3f2dfe2b,3d5a114a,bcbf0a57,bf3b3153,1,35478265

10293,199,126,31,-879,1594,15625,-2041,3609,-3908,3f2dfaa4,3d5a0776,bcbe710a,bf3b34cc,3f2dfaa5,3d5a0776,bcbe710e,bf3b34ca,1,35486783

10294,187,135,41,-940,1679,15588,-2057,3651,-3901,3f2df71d,3d5a5b47,bcbdf531,bf3b37d2,3f2df71e,3d5a5b47,bcbdf535,bf3b37d0,1,35495302

10295,178,173,54,-936,1731,15611,-2071,3599,-3938,3f2df2f1,3d5ab39a,bcbdefa8,bf3b3b4c,3f2df2f2,3d5ab399,bcbdefac,bf3b3b4a,1,35503821

10296,193,220,47,-877,1708,15596,-2071,3599,-3938,3f2def53,3d5aa589,bcbe4616,bf3b3ea2,3f2def54,3d5aa588,bcbe461a,bf3b3ea0,1,35512339

10297,207,254,32,-843,1760,15591,-2041,3601,-3869,3f2deb8e,3d5a50af,bcbf5358,bf3b4242,3f2deb8f,3d5a50ae,bcbf535c,bf3b4240,1,35520858

10298,220,279,21,-732,1647,15594,-2093,3655,-3968,3f2deb28,3d59a29c,bcbfebbe,bf3b4344,3f2deb29,3d59a29b,bcbfebc2,bf3b4342,1,35529376

10299,221,281,28,-680,1626,15605,-2057,3593,-4005,3f2de898,3d58a098,bcc103b0,bf3b4688,3f2de89a,3d58a099,bcc103b5,bf3b4688,1,35537895

10300,215,254,45,-726,1531,15614,-2057,3593,-4005,3f2de504,3d57ae56,bcc15116,bf3b4add,3f2de506,3d57ae55,bcc1511a,bf3b4adc,1,35545913

10301,181,229,59,-733,1642,15618,-2077,3581,-3968,3f2de14f,3d574cee,bcc1edc6,bf3b4e98,3f2de150,3d574cec,bcc1edc9,bf3b4e95,1,35554432

10302,161,217,66,-650,1694,15610,-2083,3607,-3846,3f2ddde1,3d570997,bcc300aa,bf3b51cc,3f2ddde3,3d570996,bcc300ad,bf3b51ca,1,35562950

10303,162,203,66,-732,1808,15603,-2083,3607,-3846,3f2dda39,3d57361c,bcc41588,bf3b54b5,3f2dda3b,3d57361a,bcc4158a,bf3b54b2,1,35571469

10304,190,186,56,-706,1748,15597,-2077,3591,-3913,3f2dd706,3d572744,bcc4c5f0,bf3b5791,3f2dd708,3d572741,bcc4c5f2,bf3b578e,1,35579987

10305,226,172,54,-802,1721,15607,-2037,3591,-3972,3f2dd21c,3d56fe40,bcc4f7df,bf3b5c41,3f2dd21e,3d56fe3e,bcc4f7e3,bf3b5c3f,1,35588506

10306,245,184,61,-799,1769,15608,-2037,3591,-3972,3f2dccd4,3d56cefd,bcc54b9d,bf3b6147,3f2dccd6,3d56cefb,bcc54ba2,bf3b6145,1,35597025

10307,266,190,46,-655,1656,15622,-2077,3589,-3933,3f2dcacf,3d562da8,bcc5363d,bf3b63e6,3f2dcad1,3d562da5,bcc53641,bf3b63e3,1,35605544

10308,270,175,33,-680,1617,15637,-2095,3623,-3960,3f2dca90,3d55a9c2,bcc4878f,bf3b64e5,3f2dca92,3d55a9bf,bcc48794,bf3b64e2,1,35614062

10309,247,156,16,-603,1573,15626,-2095,3623,-3960,3f2dcb89,3d550f43,bcc4090b,bf3b64ce,3f2dcb8c,3d550f40,bcc40911,bf3b64cc,1,35622581

10310,232,121,34,-698,1605,15603,-2089,3571,-4003,3f2dca95,3d54e259,bcc34327,bf3b6618,3f2dca97,3d54e255,bcc3432c,bf3b6615,1,35631099

10311,211,98,45,-740,1609,15604,-2041,3627,-3923,3f2dc6fc,3d54d1e6,bcc2c330,bf3b69a1,3f2dc6ff,3d54d1e3,bcc2c337,bf3b699f,1,35639618

10312,200,91,48,-809,1586,15622,-2089,3629,-3928,3f2dc52b,3d551c2f,bcc17be1,bf3b6b50,3f2dc52e,3d551c2c,bcc17be8,bf3b6b4e,1,35648137

10313,189,104,37,-845,1672,15591,-2089,3629,-3928,3f2dc3c3,3d55a04c,bcc0a83c,bf3b6c3f,3f2dc3c5,3d55a047,bcc0a842,bf3b6c3c,1,35656155

10314,177,135,18,-786,1714,15601,-2101,3639,-3892,3f2dc42a,3d560f59,bcc07380,bf3b6b6e,3f2dc42c,3d560f53,bcc07386,bf3b6b6b,1,35664673

10315,188,164,7,-853,1670,15596,-2125,3627,-3904,3f2dc62f,3d567fed,bcbfb5a1,bf3b693f,3f2dc631,3d567fe7,bcbfb5a8,bf3b693d,1,35673192

10316,185,189,4,-771,1678,15612,-2125,3627,-3904,3f2dc885,3d56ae79,bcbf8aba,bf3b66e9,3f2dc888,3d56ae74,bcbf8ac1,bf3b66e8,1,35681711

10317,189,200,11,-583,1641,15599,-2065,3621,-3928,3f2dc7fd,3d5613fd,bcc094c0,bf3b67d4,3f2dc800,3d5613f8,bcc094c7,bf3b67d3,1,35690229

10318,191,163,13,-741,1693,15598,-2091,3589,-3957,3f2dc809,3d562739,bcc0b658,bf3b67ac,3f2dc80b,3d562732,bcc0b65d,bf3b67a9,1,35698748

10319,197,147,15,-624,1675,15612,-2091,3589,-3957,3f2dc857,3d55f7b3,bcc113fd,bf3b6781,3f2dc859,3d55f7ad,bcc11403,bf3b677f,1,35707266

10320,190,132,7,-708,1676,15611,-2069,3627,-3947,3f2dc812,3d55f9e7,bcc1363a,bf3b67b5,3f2dc814,3d55f9e1,bcc13640,bf3b67b3,1,35715785

10321,185,122,13,-784,1649,15644,-2035,3583,-3937,3f2dc5a4,3d55fc07,bcc13ef1,bf3b69f2,3f2dc5a6,3d55fc01,bcc13ef7,bf3b69f0,1,35724304

10322,185,126,8,-741,1752,15639,-2035,3583,-3937,3f2dc390,3d56158c,bcc1e276,bf3b6b99,3f2dc392,3d561587,bcc1e27c,bf3b6b97,1,35732822

10323,201,120,8,-791,1719,15621,-2055,3633,-3948,3f2dc284,3d564a28,bcc1cd2b,bf3b6c5a,3f2dc286,3d564a22,bcc1cd30,bf3b6c57,1,35741341

10324,221,115,5,-843,1751,15597,-2035,3613,-3890,3f2dc0ca,3d568496,bcc1a535,bf3b6dbb,3f2dc0cc,3d568490,bcc1a53a,bf3b6db8,1,35749859

10325,247,151,15,-788,1668,15602,-2041,3617,-3905,3f2dbee6,3d5647a3,bcc15f2e,bf3b6fd4,3f2dbee7,3d56479c,bcc15f32,bf3b6fd0,1,35758378

10326,263,174,12,-730,1614,15614,-2041,3617,-3905,3f2dbd64,3d55af58,bcc12485,bf3b71f6,3f2dbd66,3d55af53,bcc1248a,bf3b71f3,1,35766396

10327,260,180,15,-756,1396,15622,-2103,3603,-3979,3f2dbe78,3d54ef73,bcbf527a,bf3b7248,3f2dbe7a,3d54ef6e,bcbf5280,bf3b7246,1,35774915

10328,234,176,10,-776,1688,15642,-2105,3669,-4013,3f2dbfaa,3d54f5ca,bcbee596,bf3b7142,3f2dbfac,3d54f5c4,bcbee59a,bf3b713f,1,35783433

10329,191,162,15,-691,1578,15608,-2105,3669,-4013,3f2dc0b3,3d54cce3,bcbe94cc,bf3b708f,3f2dc0b5,3d54ccdc,bcbe94d0,bf3b708c,1,35791952

10330,188,175,19,-755,1625,15624,-2105,3645,-3989,3f2dc133,3d54d4c9,bcbe55b2,bf3b701e,3f2dc135,3d54d4c3,bcbe55b7,bf3b701c,1,35800470

10331,167,155,14,-691,1697,15609,-2025,3627,-3939,3f2dbe8d,3d54b2d8,bcbf5f6b,bf3b7276,3f2dbe90,3d54b2d3,bcbf5f70,bf3b7274,1,35808989

10332,177,154,24,-718,1543,15636,-2025,3627,-3939,3f2dbb64,3d544e5c,bcbf9866,bf3b75c6,3f2dbb67,3d544e57,bcbf986b,bf3b75c4,1,35817508

10333,152,132,18,-688,1731,15623,-2085,3613,-3981,3f2dbaf5,3d549dd9,bcc03a59,bf3b75aa,3f2dbaf7,3d549dd2,bcc03a5d,bf3b75a7,1,35826026

10334,170,136,21,-695,1665,15617,-2041,3655,-3984,3f2db8b1,3d549110,bcc0c5e5,bf3b77af,3f2db8b3,3d549109,bcc0c5e9,bf3b77ac,1,35834545

10335,184,116,21,-790,1698,15623,-2041,3655,-3984,3f2db64d,3d54cb1c,bcc0d485,bf3b79a0,3f2db64f,3d54cb15,bcc0d48a,bf3b799d,1,35843064

10336,189,128,3,-813,1673,15617,-2071,3599,-3819,3f2db651,3d55120c,bcc07d39,bf3b7962,3f2db654,3d551206,bcc07d3f,bf3b7960,1,35851582

10337,186,147,-1,-771,1627,15615,-2093,3615,-3891,3f2db79d,3d5533f6,bcc01457,bf3b7823,3f2db7a0,3d5533ef,bcc0145d,bf3b7820,1,35860101

10338,189,162,8,-729,1649,15607,-2079,3633,-4007,3f2db79e,3d55267c,bcc02cf0,bf3b782b,3f2db7a1,3d552675,bcc02cf7,bf3b7828,1,35868119

10339,176,149,12,-741,1626,15614,-2079,3633,-4007,3f2db757,3d552c92,bcc01fd6,bf3b7869,3f2db759,3d552c8a,bcc01fdd,bf3b7866,1,35876638

10340,159,149,10,-685,1591,15616,-2075,3643,-3971,3f2db731,3d55102c,bcc04d17,bf3b78a0,3f2db733,3d551024,bcc04d1e,bf3b789d,1,35885156

10341,140,132,4,-693,1671,15592,-2087,3559,-3992,3f2db77b,3d554994,bcc0c8ed,bf3b77fc,3f2db77d,3d55498d,bcc0c8f5,bf3b77f9,1,35893675

10342,141,115,0,-712,1723,15607,-2087,3559,-3992,3f2db7f5,3d55b727,bcc147ef,bf3b76ed,3f2db7f7,3d55b720,bcc147f7,bf3b76ea,1,35902194

10343,156,111,-10,-704,1700,15606,-2107,3609,-4016,3f2dba45,3d5621cf,bcc15351,bf3b744c,3f2dba48,3d5621c9,bcc1535a,bf3b7449,1,35910712

10344,172,104,-20,-799,1757,15633,-2105,3615,-3978,3f2dbcf4,3d56cf54,bcc10fb3,bf3b711a,3f2dbcf7,3d56cf4f,bcc10fbd,bf3b7117,1,35919231

10345,180,116,-17,-734,1695,15595,-2105,3615,-3978,3f2dbfa9,3d5724c6,bcc0d609,bf3b6e45,3f2dbfac,3d5724c1,bcc0d614,bf3b6e42,1,35927750

10346,181,113,0,-735,1709,15613,-2049,3607,-3979,3f2dbeba,3d5740fb,bcc129c5,bf3b6eed,3f2dbebc,3d5740f5,bcc129cf,bf3b6ee9,1,35936268

10347,196,94,7,-770,1735,15621,-2111,3627,-3958,3f2dc04b,3d57c8e7,bcc098c6,bf3b6d01,3f2dc04e,3d57c8e2,bcc098d1,bf3b6cfe,1,35944787

10348,218,87,9,-781,1730,15611,-2111,3627,-3958,3f2dc1cc,3d584402,bcbfc475,bf3b6b45,3f2dc1d0,3d5843fe,bcbfc481,bf3b6b42,1,35953305

10349,239,100,13,-829,1644,15607,-2103,3599,-4020,3f2dc271,3d587f7d,bcbe6ac9,bf3b6ac0,3f2dc274,3d587f79,bcbe6ad4,bf3b6abc,1,35961824

10350,224,132,27,-813,1589,15600,-2071,3635,-4036,3f2dc0cb,3d585f48,bcbd9645,bf3b6ca1,3f2dc0ce,3d585f45,bcbd9651,bf3b6c9e,1,35969842

10351,211,153,47,-884,1664,15605,-2049,3643,-3937,3f2dbcdc,3d586c9a,bcbd3f9c,bf3b704d,3f2dbcdf,3d586c97,bcbd3fa8,bf3b704a,1,35978360

10352,212,183,36,-639,1591,15584,-2049,3643,-3937,3f2dba2c,3d57be4c,bcbdbf60,bf3b7373,3f2dba30,3d57be4a,bcbdbf6e,bf3b7371,1,35986879

10353,188,178,10,-708,1605,15603,-2085,3601,-3859,3f2dba6b,3d5778d9,bcbddd91,bf3b7382,3f2dba6e,3d5778d5,bcbddd9d,bf3b737f,1,35995397

10354,173,151,-19,-586,1648,15624,-2079,3583,-3949,3f2dbc37,3d571f96,bcbeb0e8,bf3b7208,3f2dbc3a,3d571f92,bcbeb0f4,bf3b7205,1,36003916

10355,166,117,-47,-853,1622,15611,-2079,3583,-3949,3f2dbf20,3d577803,bcbe2193,bf3b6f15,3f2dbf22,3d5777fe,bcbe219f,bf3b6f11,1,36012435

10356,165,127,-55,-997,1708,15597,-2067,3663,-3984,3f2dc1d5,3d582c07,bcbd9856,bf3b6be4,3f2dc1d8,3d582c04,bcbd9863,bf3b6be1,1,36020953

10357,172,206,-52,-802,1583,15608,-2037,3611,-3917,3f2dc358,3d57c927,bcbe18b3,bf3b6ad1,3f2dc35a,3d57c924,bcbe18bf,bf3b6acd,1,36029472

10358,160,221,-89,-657,1621,15627,-2037,3611,-3917,3f2dc761,3d572b21,bcbf7b7e,bf3b676d,3f2dc764,3d572b1e,bcbf7b8b,bf3b676a,1,36037990

10359,139,201,-124,-636,1637,15648,-2101,3639,-3956,3f2dd080,3d56f055,bcc06ec3,bf3b5efe,3f2dd083,3d56f051,bcc06ed0,bf3b5efa,1,36046509

10360,128,140,-176,-531,1633,15637,-2085,3681,-3984,3f2ddc78,3d56b63d,bcc18ca9,bf3b53db,3f2ddc7c,3d56b63a,bcc18cb6,bf3b53d7,1,36055027

10361,108,75,-207,-643,1601,15607,-2085,3681,-3984,3f2dea1f,3d56fbbe,bcc1cb8e,bf3b46ce,3f2dea23,3d56fbba,bcc1cb9b,bf3b46ca,1,36063046

10362,85,18,-223,-803,1697,15600,-2089,3633,-3996,3f2df83a,3d5811db,bcc1987c,bf3b3882,3f2df83e,3d5811d7,bcc19889,bf3b387e,1,36071564

10363,72,43,-144,-921,1636,15597,-2123,3603,-4007,3f2e027f,3d59608a,bcc09030,bf3b2db7,3f2e0282,3d596085,bcc0903d,bf3b2db2,1,36080083

10364,62,108,-50,-795,1719,15635,-2047,3631,-3954,3f2e03c9,3d59fd96,bcc1a220,bf3b2b87,3f2e03cd,3d59fd91,bcc1a22e,bf3b2b83,1,36088601

10365,72,132,-36,-706,1659,15634,-2047,3631,-3954,3f2e0476,3d5a2d57,bcc2dcd0,bf3b2a5d,3f2e0479,3d5a2d50,bcc2dcde,bf3b2a58,1,36097120

10366,77,118,-61,-714,1686,15590,-2111,3663,-3925,3f2e09b8,3d5abe63,bcc36bc3,bf3b24aa,3f2e09bc,3d5abe5c,bcc36bd2,bf3b24a6,1,36105639

10367,54,101,-61,-732,1701,15591,-2111,3591,-3953,3f2e0e8b,3d5b7df7,bcc410b5,bf3b1f23,3f2e0e8f,3d5b7def,bcc410c4,bf3b1f1e,1,36114157

10368,50,97,-5,-783,1770,15617,-2111,3591,-3953,3f2e0fb1,3d5c8007,bcc4c262,bf3b1cb4,3f2e0fb4,3d5c7ffe,bcc4c270,bf3b1cae,1,36122676

10369,70,112,29,-736,1915,15635,-2059,3639,-3945,3f2e0cad,3d5d4b36,bcc686e7,bf3b1e19,3f2e0cb1,3d5d4b2f,bcc686f6,bf3b1e15,1,36131194

10370,117,130,28,-746,1922,15622,-2027,3609,-3985,3f2e0872,3d5dbc50,bcc8542b,bf3b2107,3f2e0876,3d5dbc49,bcc8543a,bf3b2103,1,36139713

10371,177,129,34,-734,1887,15601,-2027,3609,-3985,3f2e042f,3d5de206,bcc98a87,bf3b247e,3f2e0433,3d5de1ff,bcc98a96,bf3b247a,1,36148232

10372,224,117,40,-622,1774,15626,-2107,3649,-3936,3f2e03d7,3d5dcd94,bcc9872b,bf3b24ea,3f2e03da,3d5dcd8c,bcc98739,bf3b24e5,1,36156750

10373,242,77,61,-640,1689,15619,-2101,3577,-3945,3f2e01e0,3d5da0fa,bcc8c557,bf3b2726,3f2e01e4,3d5da0f3,bcc8c566,bf3b2722,1,36165269

10374,223,26,70,-694,1620,15602,-2101,3577,-3945,3f2dff4a,3d5db4ad,bcc74771,bf3b29dc,3f2dff4e,3d5db4a6,bcc74780,bf3b29d8,1,36173287

10375,201,7,78,-560,1621,15642,-2127,3613,-3974,3f2dfde2,3d5dbcb5,bcc62372,bf3b2b6f,3f2dfde5,3d5dbcae,bcc62380,bf3b2b6a,1,36181805

10376,188,-26,48,-887,1676,15596,-2081,3635,-3909,3f2dfb5b,3d5e975b,bcc44a52,bf3b2d42,3f2dfb5e,3d5e9754,bcc44a61,bf3b2d3d,1,36190324

10377,174,-16,18,-937,1611,15613,-2153,3603,-3883,3f2dfddc,3d5fbba1,bcc1792a,bf3b2a4c,3f2dfde1,3d5fbb9c,bcc1793b,bf3b2a49,1,36198842

10378,149,18,8,-719,1663,15632,-2153,3603,-3883,3f2e0161,3d606cc2,bcc041bb,bf3b2684,3f2e0164,3d606cbc,bcc041ca,bf3b2680,1,36207361

10379,142,10,14,-803,1697,15628,-2133,3621,-3909,3f2e031a,3d614efc,bcbf1960,bf3b2425,3f2e031e,3d614ef6,bcbf1970,bf3b2422,1,36215880

10380,129,5,36,-1165,1692,15578,-2091,3669,-3994,3f2e0083,3d62c2d4,bcbd1f1b,bf3b254d,3f2e0086,3d62c2cd,bcbd1f2a,bf3b2549,1,36224399

10381,120,76,79,-1138,1715,15612,-2091,3669,-3994,3f2dfb16,3d63ec80,bcbbeccc,bf3b293d,3f2dfb18,3d63ec78,bcbbecda,bf3b2938,1,36232917

10382,116,169,68,-1044,1722,15601,-2095,3599,-3924,3f2df656,3d6492d7,bcbbc9e3,bf3b2ce4,3f2df65a,3d6492d2,bcbbc9f3,bf3b2ce1,1,36241436

10383,111,238,39,-783,1941,15588,-2127,3561,-3860,3f2df534,3d64feb9,bcbdd964,bf3b2ce7,3f2df538,3d64feb4,bcbdd974,bf3b2ce4,1,36249954

10384,147,270,47,-688,1840,15589,-2127,3561,-3860,3f2df419,3d64c23b,bcbfc56b,bf3b2dbd,3f2df41c,3d64c235,bcbfc57a,bf3b2db9,1,36258473

10385,187,246,33,-616,1786,15642,-2129,3653,-3926,3f2df49d,3d643927,bcc12312,bf3b2d8f,3f2df4a0,3d643922,bcc12322,bf3b2d8b,1,36266992

10386,200,194,16,-634,1753,15630,-2143,3651,-3941,3f2df70b,3d63e2f7,bcc1ae7a,bf3b2b92,3f2df70f,3d63e2f3,bcc1ae8b,bf3b2b8f,1,36275511

10387,203,140,43,-614,1792,15615,-2143,3651,-3941,3f2df7f2,3d63ccbc,bcc20a7d,bf3b2abe,3f2df7f6,3d63ccb8,bcc20a8e,bf3b2abb,1,36283529

10388,207,85,68,-715,1859,15608,-2117,3635,-3983,3f2df5ac,3d64249b,bcc219e6,bf3b2c6d,3f2df5af,3d642496,bcc219f6,bf3b2c6a,1,36292047

10389,236,55,94,-918,1817,15595,-2077,3575,-3960,3f2def7b,3d64a7d4,bcc122de,bf3b31ce,3f2def7e,3d64a7cf,bcc122ee,bf3b31cb,1,36300566

10390,251,91,133,-1164,1796,15659,-2141,3625,-4005,3f2de93f,3d65af4b,bcbea6b7,bf3b36f8,3f2de942,3d65af46,bcbea6c7,bf3b36f5,1,36309085

10391,251,182,151,-824,1616,15617,-2141,3625,-4005,3f2de2e2,3d654c98,bcbd5b2a,bf3b3dae,3f2de2e5,3d654c93,bcbd5b3a,bf3b3dab,1,36317603

10392,265,183,104,-917,1745,15568,-2133,3595,-3889,3f2dded3,3d655231,bcbc5040,bf3b41af,3f2dded6,3d65522c,bcbc5050,bf3b41ac,1,36326122

10393,250,227,60,-939,1565,15623,-2093,3641,-3949,3f2ddb91,3d64b819,bcbb4dc0,bf3b45b3,3f2ddb93,3d64b813,bcbb4dcf,bf3b45b0,1,36334640

10394,234,265,18,-927,1598,15614,-2093,3641,-3949,3f2ddabf,3d641411,bcbaea41,bf3b4756,3f2ddac2,3d64140d,bcbaea51,bf3b4755,1,36343159

10395,204,313,2,-822,1694,15588,-2113,3647,-3984,3f2ddbc1,3d636de7,bcbbbd12,bf3b46fd,3f2ddbc2,3d636de1,bcbbbd21,bf3b46fb,1,36351678

10396,194,352,2,-706,1771,15629,-2107,3657,-3936,3f2ddcc0,3d628fe6,bcbdb00e,bf3b469f,3f2ddcc2,3d628fe2,bcbdb01e,bf3b469e,1,36360196

10397,208,341,16,-743,1837,15619,-2107,3657,-3936,3f2ddcdd,3d61eb0b,bcbf8381,bf3b46d6,3f2ddcde,3d61eb05,bcbf838f,bf3b46d4,1,36368715

10398,237,321,22,-704,1726,15600,-2069,3687,-3958,3f2ddb60,3d60d8d2,bcc0ec13,bf3b4925,3f2ddb61,3d60d8cc,bcc0ec21,bf3b4923,1,36377234

10399,233,302,55,-530,1674,15608,-2071,3619,-3921,3f2dd84b,3d5f6e83,bcc2a418,bf3b4d41,3f2dd84b,3d5f6e7c,bcc2a425,bf3b4d3e,1,36385252

10400,231,237,90,-493,1756,15609,-2071,3619,-3921,3f2dd344,3d5e6606,bcc44aaa,bf3b52b8,3f2dd344,3d5e6600,bcc44ab7,bf3b52b6,1,36393770

10401,226,156,125,-416,1813,15600,-2069,3623,-3949,3f2dcc50,3d5dad8b,bcc5d9ba,bf3b599c,3f2dcc51,3d5dad86,bcc5d9c7,bf3b599a,1,36402289

10402,245,66,141,-549,1712,15625,-2037,3635,-3901,3f2dc337,3d5d3df0,bcc5e254,bf3b628d,3f2dc338,3d5d3deb,bcc5e261,bf3b628b,1,36410808

10403,255,17,137,-657,1758,15620,-2037,3635,-3901,3f2dba3e,3d5d40bd,bcc549b3,bf3b6b04,3f2dba3f,3d5d40b8,bcc549c0,bf3b6b02,1,36419326

10404,257,-19,152,-1003,1587,15590,-2085,3629,-3958,3f2db1ae,3d5df528,bcc20e93,bf3b72f6,3f2db1af,3d5df523,bcc20ea0,bf3b72f4,1,36427845

10405,225,28,134,-956,1742,15628,-2105,3627,-3978,3f2daac8,3d5eda0c,bcc01ccb,bf3b78cc,3f2daaca,3d5eda08,bcc01cd8,bf3b78cb,1,36436363

10406,214,72,101,-1011,1747,15593,-2091,3597,-3960,3f2da4e0,3d5fa74d,bcbe9b16,bf3b7db2,3f2da4e2,3d5fa749,bcbe9b22,bf3b7db1,1,36444882

10407,231,141,81,-860,1795,15595,-2091,3597,-3960,3f2da075,3d5fe2fa,bcbe4ef6,bf3b8195,3f2da076,3d5fe2f6,bcbe4f01,bf3b8193,1,36453400

10408,255,180,82,-814,1746,15609,-2099,3603,-3924,3f2d9ca6,3d5fb8cb,bcbdfc6e,bf3b8563,3f2d9ca8,3d5fb8c8,bcbdfc7a,bf3b8562,1,36461919

10409,267,196,96,-815,1639,15604,-1981,3613,-3960,3f2d9341,3d5ed33b,bcbe4ad5,bf3b8f13,3f2d9342,3d5ed337,bcbe4adf,bf3b8f11,1,36470438

10410,261,207,72,-649,1691,15620,-1981,3613,-3960,3f2d8bc0,3d5db732,bcbf749a,bf3b9708,3f2d8bc3,3d5db72f,bcbf74a6,bf3b9707,1,36478455

10411,252,194,36,-753,1565,15600,-2069,3589,-3923,3f2d89b9,3d5cf393,bcbefffe,bf3b99ee,3f2d89bb,3d5cf38e,bcbf0008,bf3b99eb,1,36486974

10412,214,187,42,-726,1701,15611,-2105,3587,-3913,3f2d88dc,3d5cbb4b,bcbf1ee7,bf3b9af6,3f2d88de,3d5cbb47,bcbf1ef2,bf3b9af4,1,36495493

10413,202,175,43,-720,1642,15594,-2105,3587,-3913,3f2d87fb,3d5c7ab7,bcbf02b0,bf3b9c18,3f2d87fd,3d5c7ab3,bcbf02ba,bf3b9c16,1,36504011

10414,196,148,51,-709,1729,15601,-2095,3597,-3881,3f2d8631,3d5c790c,bcbf3eed,bf3b9db2,3f2d8633,3d5c7908,bcbf3ef7,bf3b9db0,1,36512530

10415,198,125,69,-697,1802,15606,-2025,3555,-3961,3f2d7ff8,3d5c595f,bcc053a5,bf3ba352,3f2d7ffa,3d5c595b,bcc053af,bf3ba350,1,36521049

10416,234,104,69,-639,1839,15620,-2025,3555,-3961,3f2d7a21,3d5c2248,bcc14b9b,bf3ba8b9,3f2d7a24,3d5c2244,bcc14ba6,bf3ba8b7,1,36529567

10417,273,56,64,-751,1815,15605,-2083,3619,-3933,3f2d7767,3d5c6c21,bcc0826a,bf3bab1b,3f2d776a,3d5c6c1d,bcc08275,bf3bab19,1,36538086

10418,310,45,49,-867,1678,15604,-2109,3571,-3894,3f2d76bb,3d5cb641,bcbe1cbf,bf3babff,3f2d76bd,3d5cb63c,bcbe1cc9,bf3babfd,1,36546604

10419,323,73,33,-889,1574,15627,-2035,3603,-3877,3f2d73d7,3d5c5db8,bcbc1c1e,bf3baf95,3f2d73d9,3d5c5db3,bcbc1c28,bf3baf93,1,36555123

10420,292,103,37,-823,1716,15587,-2035,3603,-3877,3f2d708c,3d5c289b,bcbb66d6,bf3bb30c,3f2d708d,3d5c2896,bcbb66e0,bf3bb309,1,36563642

10421,273,137,56,-681,1533,15602,-2037,3607,-3879,3f2d6c7e,3d5b4b1a,bcbadd1f,bf3bb7f0,3f2d6c7f,3d5b4b16,bcbadd29,bf3bb7ee,1,36572160

10422,234,109,58,-700,1693,15608,-2061,3653,-3947,3f2d692a,3d5b1d57,bcbac446,bf3bbb3e,3f2d692c,3d5b1d54,bcbac452,bf3bbb3e,1,36580679

10423,229,81,38,-746,1596,15636,-2061,3653,-3947,3f2d6714,3d5af7bf,bcb9f407,bf3bbd8d,3f2d6714,3d5af7b9,bcb9f411,bf3bbd8a,1,36588697

10424,202,71,34,-852,1652,15598,-2103,3595,-3981,3f2d666f,3d5b74f3,bcb8c160,bf3bbdde,3f2d6670,3d5b74ed,bcb8c16a,bf3bbddb,1,36597215

10425,192,103,40,-795,1621,15603,-2103,3599,-3917,3f2d659e,3d5ba956,bcb7f9a9,bf3bbe93,3f2d65a0,3d5ba951,bcb7f9b3,bf3bbe90,1,36605734

10426,177,110,52,-786,1621,15619,-2103,3599,-3917,3f2d63fe,3d5bdcc2,bcb7688f,bf3bbffa,3f2d6400,3d5bdcbd,bcb76899,bf3bbff7,1,36614253

10427,178,112,55,-762,1564,15617,-2031,3635,-3898,3f2d5f3b,3d5ba2f5,bcb75eff,bf3bc4a4,3f2d5f3f,3d5ba2f1,bcb75f0b,bf3bc4a3,1,36622771

10428,153,109,45,-863,1721,15639,-2083,3635,-3990,3f2d5cba,3d5c30c7,bcb7514f,bf3bc653,3f2d5cbc,3d5c30c1,bcb75158,bf3bc650,1,36631290

10429,167,106,56,-869,1778,15604,-2083,3635,-3990,3f2d5988,3d5cd309,bcb75bad,bf3bc882,3f2d598c,3d5cd304,bcb75bb8,bf3bc881,1,36639808

10430,191,129,69,-897,1775,15592,-2087,3633,-3965,3f2d55c1,3d5d57dd,bcb735bd,bf3bcb6d,3f2d55c4,3d5d57d7,bcb735c6,bf3bcb6a,1,36648327

10431,228,152,78,-853,1774,15627,-2083,3625,-3989,3f2d5167,3d5d8254,bcb7273d,bf3bcf44,3f2d516a,3d5d824d,bcb72745,bf3bcf40,1,36656855

10432,258,163,75,-842,1754,15616,-2099,3633,-3958,3f2d4e3a,3d5d8a2e,bcb6bd81,bf3bd243,3f2d4e3d,3d5d8a27,bcb6bd89,bf3bd23f,1,36665373

10433,275,171,61,-755,1680,15622,-2099,3633,-3958,3f2d4c45,3d5d25aa,bcb64c57,bf3bd4a2,3f2d4c48,3d5d25a3,bcb64c61,bf3bd49f,1,36673892

10434,275,175,28,-762,1578,15625,-2135,3613,-3955,3f2d4e2d,3d5cb586,bcb5106f,bf3bd3b1,3f2d4e30,3d5cb580,bcb5107b,bf3bd3ae,1,36682411

10435,257,166,34,-699,1572,15643,-2051,3635,-3948,3f2d4be2,3d5be7d7,bcb4f814,bf3bd6c4,3f2d4be6,3d5be7d2,bcb4f821,bf3bd6c2,1,36690428

10436,235,136,37,-814,1465,15604,-2051,3635,-3948,3f2d492d,3d5b5c06,bcb3f7e8,bf3bda25,3f2d4931,3d5b5c00,bcb3f7f4,bf3bda22,1,36698947

10437,183,134,32,-852,1476,15595,-2071,3643,-3974,3f2d474e,3d5b3068,bcb31352,bf3bdc48,3f2d4753,3d5b3063,bcb3135f,bf3bdc45,1,36707466

10438,134,150,29,-866,1600,15597,-2121,3607,-3970,3f2d4774,3d5b9e2e,bcb2a7f3,bf3bdbbe,3f2d4778,3d5b9e28,bcb2a7ff,bf3bdbba,1,36715985

10439,128,187,20,-910,1667,15589,-2121,3607,-3970,3f2d47db,3d5c257c,bcb2b296,bf3bdac0,3f2d47df,3d5c2576,bcb2b2a2,bf3bdabc,1,36724503

10440,140,215,5,-869,1739,15604,-2041,3597,-4001,3f2d4585,3d5c2f20,bcb41fdc,bf3bdc83,3f2d4589,3d5c2f1a,bcb41fe8,bf3bdc7f,1,36733022

10441,148,243,-1,-614,1622,15621,-2119,3655,-3985,3f2d4821,3d5ba734,bcb56431,bf3bda6e,3f2d4825,3d5ba72e,bcb5643d,bf3bda6a,1,36741541

10442,135,204,5,-616,1688,15637,-2119,3655,-3985,3f2d4a55,3d5b7865,bcb6b76c,bf3bd849,3f2d4a59,3d5b785f,bcb6b778,bf3bd845,1,36750059

10443,127,137,15,-522,1713,15644,-2075,3635,-3981,3f2d4a16,3d5b413e,bcb86e2e,bf3bd859,3f2d4a1a,3d5b4139,bcb86e3a,bf3bd855,1,36758578

10444,134,58,42,-620,1727,15610,-2035,3625,-3923,3f2d4677,3d5b6fdd,bcb96f6c,bf3bdb3a,3f2d467c,3d5b6fd9,bcb96f78,bf3bdb37,1,36767097

10445,150,2,65,-714,1690,15628,-2077,3645,-3951,3f2d4343,3d5c0c01,bcb90c61,bf3bdd90,3f2d4347,3d5c0bfc,bcb90c6c,bf3bdd8c,1,36775615

10446,162,-18,52,-903,1700,15637,-2077,3645,-3951,3f2d407a,3d5d13a5,bcb7c460,bf3bdf3e,3f2d407d,3d5d139f,bcb7c46a,bf3bdf39,1,36783633

10447,173,8,44,-931,1703,15601,-2103,3675,-3939,3f2d3f62,3d5e206c,bcb64a19,bf3bdf5e,3f2d3f65,3d5e2066,bcb64a23,bf3bdf5a,1,36792152

10448,174,41,41,-888,1652,15612,-2093,3659,-3983,3f2d3dea,3d5ec962,bcb52278,bf3be039,3f2d3dee,3d5ec95d,bcb52283,bf3be035,1,36800670

10449,176,64,35,-928,1757,15611,-2093,3659,-3983,3f2d3c91,3d5f9c13,bcb474a3,bf3be0a5,3f2d3c96,3d5f9c0f,bcb474b0,bf3be0a2,1,36809189

10450,189,91,26,-879,1753,15613,-2079,3691,-3850,3f2d3ba9,3d6018cf,bcb41de3,bf3be0fd,3f2d3bad,3d6018ca,bcb41df0,bf3be0f9,1,36817707

10451,210,117,44,-1030,1698,15578,-2095,3663,-3936,3f2d39c5,3d60abaa,bcb2f178,bf3be253,3f2d39c8,3d60aba3,bcb2f184,bf3be24f,1,36826226

10452,217,171,61,-1129,1479,15584,-2095,3663,-3936,3f2d36aa,3d60c980,bcb0e77d,bf3be588,3f2d36ad,3d60c979,bcb0e789,bf3be584,1,36834745

10453,202,257,66,-726,1712,15599,-2007,3591,-3923,3f2d2fdf,3d5fe58b,bcb2d3db,bf3bec66,3f2d2fe2,3d5fe585,bcb2d3e8,bf3bec63,1,36843263

10454,220,254,34,-665,1748,15622,-2063,3627,-3966,3f2d2dac,3d5f1cad,bcb477c4,bf3beef7,3f2d2dae,3d5f1ca6,bcb477cf,bf3beef4,1,36851782

10455,225,201,9,-519,1584,15641,-2063,3627,-3966,3f2d2dad,3d5ded32,bcb588b5,bf3bf01c,3f2d2daf,3d5ded2c,bcb588c1,bf3bf01a,1,36860301

10456,190,133,8,-603,1694,15639,-2079,3645,-3922,3f2d2e4d,3d5d9cd5,bcb64e4c,bf3befb8,3f2d2e4f,3d5d9cce,bcb64e57,bf3befb5,1,36868819

10457,175,76,11,-657,1540,15626,-2135,3605,-3957,3f2d3167,3d5d92df,bcb56894,bf3bed1e,3f2d316b,3d5d92da,bcb568a1,bf3bed1c,1,36877338

10458,148,44,0,-783,1643,15618,-2079,3575,-3979,3f2d31ae,3d5dfe37,bcb5147f,bf3bec73,3f2d31b2,3d5dfe32,bcb5148c,bf3bec71,1,36885857

10459,143,25,-2,-902,1687,15603,-2079,3575,-3979,3f2d31b9,3d5ed92f,bcb4616d,bf3beb91,3f2d31bd,3d5ed929,bcb4617a,bf3beb8f,1,36893874

10460,137,61,-10,-815,1702,15618,-2101,3617,-3952,3f2d339e,3d5f826c,bcb42b4a,bf3be917,3f2d33a0,3d5f8264,bcb42b55,bf3be913,1,36902393

10461,137,85,-44,-868,1875,15636,-2067,3603,-3882,3f2d35d2,3d6052e9,bcb4ef30,bf3be5e6,3f2d35d4,3d6052e1,bcb4ef3b,bf3be5e2,1,36910912

10462,188,96,-70,-945,1880,15614,-2067,3603,-3882,3f2d39a6,3d610e71,bcb52108,bf3be173,3f2d39a8,3d610e68,bcb52113,bf3be16f,1,36919430

10463,257,135,-91,-917,1813,15640,-2097,3637,-3971,3f2d4063,3d615646,bcb4a935,bf3bdb03,3f2d4066,3d61563e,bcb4a941,bf3bdaff,1,36927949

10464,317,167,-113,-778,1749,15621,-2091,3663,-3959,3f2d48eb,3d60d926,bcb44a09,bf3bd3d1,3f2d48ef,3d60d91f,bcb44a15,bf3bd3ce,1,36936468

10465,342,181,-147,-821,1859,15653,-2091,3663,-3959,3f2d536d,3d60800c,bcb41ea1,bf3bca94,3f2d5371,3d608005,bcb41ead,bf3bca91,1,36944986

10466,405,186,-156,-888,1779,15689,-2111,3633,-3976,3f2d5f66,3d5ffbf7,bcb2c688,bf3bc075,3f2d5f6b,3d5ffbf1,bcb2c695,bf3bc073,1,36953505

10467,449,200,-179,-962,1597,15604,-2089,3589,-3986,3f2d6b9f,3d5efc0f,bcb069ab,bf3bb6eb,3f2d6ba2,3d5efc07,bcb069b6,bf3bb6e8,1,36962023

10468,441,260,-215,-1150,1875,15766,-2089,3589,-3986,3f2d7949,3d5ea199,bcaf11e2,bf3bab08,3f2d794c,3d5ea190,bcaf11ed,bf3bab05,1,36970542

10469,607,381,-212,-998,1425,15511,-2061,3635,-3888,3f2d86ff,3d5c141f,bcac5fe8,bf3ba1fc,3f2d8702,3d5c1416,bcac5ff3,bf3ba1f9,1,36979061

10470,552,440,-129,-1291,1236,15585,-2077,3609,-3949,3f2d8f3e,3d59ceb9,bca8ad60,bf3b9dd9,3f2d8f41,3d59ceb1,bca8ad6d,bf3b9dd7,1,36987579

10471,616,518,78,-806,1873,15677,-2051,3603,-3941,3f2d8a65,3d572680,bca9697d,bf3ba53b,3f2d8a67,3d572676,bca96989,bf3ba538,1,36996098

10472,635,531,291,-871,1348,15680,-2051,3603,-3941,3f2d78a8,3d539fdb,bca79894,bf3bba0c,3f2d78ab,3d539fd3,bca798a2,bf3bba0b,1,37004116

10473,566,496,429,-1061,1280,15583,-2069,3643,-3942,3f2d5ed1,3d50f5e8,bca4e216,bf3bd57d,3f2d5ed3,3d50f5de,bca4e223,bf3bd57b,1,37012634

10474,467,569,551,-937,1599,15659,-2095,3615,-3913,3f2d3e27,3d4ee2d9,bca4e1f3,bf3bf5eb,3f2d3e29,3d4ee2cf,bca4e200,bf3bf5e9,1,37021153

10475,478,631,668,-764,-1737,15974,-2095,3615,-3913,3f2d1745,3d49cfd5,bca0d601,bf3c201d,3f2d1747,3d49cfcb,bca0d60e,bf3c201b,1,37029672

10476,337,558,983,339,2703,15674,-2079,3663,-3877,3f2cdc86,3d47d4a3,bca76c54,bf3c56c6,3f2cdc89,3d47d49a,bca76c62,bf3c56c5,1,37038190

10477,465,362,533,-259,1934,15589,-2019,3601,-4015,3f2cbbc7,3d45c7e9,bcaa0479,bf3c7665,3f2cbbc9,3d45c7df,bcaa0486,bf3c7662,1,37046709

10478,461,211,469,-563,1870,15714,-2019,3601,-4015,3f2c9ea7,3d44cdf9,bcaa6da6,bf3c9201,3f2c9ea9,3d44cdf0,bcaa6db4,bf3c91ff,1,37055227

10479,507,159,553,-835,965,15032,-2115,3659,-3939,3f2c8116,3d435f59,bca493bb,bf3cafd6,3f2c8117,3d435f4f,bca493c9,bf3cafd4,1,37063746

10480,281,281,315,72,2148,15795,-2039,3609,-3891,3f2c6ed3,3d4237d6,bca9017b,bf3cc0bd,3f2c6ed4,3d4237cc,bca90189,bf3cc0bb,1,37072265

10481,97,227,-31,-1035,2993,15695,-2039,3609,-3891,3f2c6f99,3d444501,bcad45d8,bf3cbcf2,3f2c6f9b,3d4444f7,bcad45e7,bf3cbcf1,1,37080783

10482,393,165,23,-712,939,15643,-2061,3649,-3875,3f2c7099,3d4296f9,bca96f70,bf3cbea3,3f2c709b,3d4296ef,bca96f7f,bf3cbea2,1,37089302

10483,346,213,63,-374,347,15512,-1997,3649,-3952,3f2c6d4d,3d3f969a,bca671fb,bf3cc563,3f2c6d4f,3d3f9690,bca6720a,bf3cc562,1,37097820

10484,61,125,38,-721,2109,15672,-2061,3649,-3905,3f2c6b4a,3d41462b,bca94950,bf3cc4e0,3f2c6b4b,3d414620,bca9495d,bf3cc4de,1,37105838

10485,-2,82,57,-1068,1105,15586,-2061,3649,-3905,3f2c67df,3d425c63,bca76680,bf3cc74e,3f2c67e0,3d425c58,bca7668d,bf3cc74c,1,37114357

10486,-25,188,136,-641,1577,16144,-2005,3655,-3890,3f2c5d7f,3d42c3d6,bcaa12e9,bf3ccfc2,3f2c5d81,3d42c3cd,bcaa12f7,bf3ccfc1,1,37122876

10487,76,131,250,-463,1901,15592,-2055,3619,-3916,3f2c4ea9,3d439272,bcad11c0,bf3cdbca,3f2c4eaa,3d439269,bcad11ce,bf3cdbc9,1,37131394

10488,60,182,268,-590,1642,15979,-2055,3619,-3916,3f2c3e9a,3d43ed05,bcaef9d5,bf3ce9a0,3f2c3e9b,3d43ecfc,bcaef9e3,bf3ce99f,1,37139913

10489,159,110,348,-515,1830,15506,-2037,3591,-3879,3f2c2944,3d447205,bcb0c33e,bf3cfc1d,3f2c2946,3d4471fd,bcb0c34c,bf3cfc1d,1,37148431

10490,163,115,230,-414,1578,15649,-1999,3615,-3974,3f2c1a21,3d44169c,bcb23f53,bf3d09ec,3f2c1a22,3d441693,bcb23f60,bf3d09eb,1,37156950

10491,153,78,112,-639,1740,15705,-1999,3615,-3974,3f2c11d4,3d449f26,bcb360a8,bf3d10a8,3f2c11d5,3d449f1d,bcb360b5,bf3d10a7,1,37165469

10492,205,48,159,-680,1416,15671,-2037,3609,-3925,3f2c08a7,3d44bbb8,bcb210f2,bf3d1934,3f2c08a8,3d44bbae,bcb210ff,bf3d1933,1,37173987

10493,212,29,196,-1344,1403,15541,-2043,3657,-3863,3f2bfc92,3d46200a,bcae74af,bf3d2394,3f2bfc93,3d462000,bcae74bc,bf3d2393,1,37182506

10494,216,159,83,-1713,1713,15792,-2043,3657,-3863,3f2bf6af,3d47b8ae,bcac1943,bf3d27cb,3f2bf6af,3d47b8a3,bcac194e,bf3d27c9,1,37191024

10495,388,361,49,-121,1553,15421,-2083,3617,-3964,3f2bf79c,3d4536a4,bcae33af,bf3d2919,3f2bf79e,3d45369b,bcae33bb,bf3d2918,1,37199543

10496,345,448,102,-241,1103,15782,-2055,3627,-3904,3f2bf3de,3d41ea68,bcaef1df,bf3d2fbd,3f2bf3e0,3d41ea5f,bcaef1ea,bf3d2fbc,1,37207561

10497,324,219,42,-1445,1525,15429,-2029,3613,-3969,3f2bf067,3d42906d,bcac297b,bf3d32dd,3f2bf068,3d429063,bcac2985,bf3d32db,1,37216080

10498,331,346,32,-1311,1336,15839,-2029,3613,-3969,3f2beda0,3d4215b5,bca9d99c,bf3d3665,3f2beda2,3d4215ac,bca9d9a7,bf3d3664,1,37224598

10499,406,476,180,-1028,1412,15546,-1985,3587,-3920,3f2be029,3d4064aa,bca97841,bf3d4471,3f2be02b,3d4064a2,bca9784c,bf3d4471,1,37233117

10500,365,523,360,-1131,879,15617,-2007,3669,-3982,3f2bc8e3,3d3e190b,bca73d50,bf3d5c61,3f2bc8e4,3d3e1902,bca73d5a,bf3d5c60,1,37241635

10501,182,701,527,-552,128,15226,-2007,3669,-3982,3f2ba7d4,3d3a0b2b,bca78e25,bf3d7e4e,3f2ba7d5,3d3a0b21,bca78e2e,bf3d7e4d,1,37250154

10502,-197,847,935,-483,1710,15962,-1989,3663,-3994,3f2b6a2a,3d38b657,bcb0e8da,bf3db547,3f2b6a2b,3d38b64e,bcb0e8e3,bf3db546,1,37258673

10503,-379,803,1879,-1767,1754,15768,-1981,3659,-3892,3f2aef75,3d3a3868,bcb73760,bf3e20e6,3f2aef76,3d3a385f,bcb73769,bf3e20e5,1,37267191

10504,-244,946,2640,-1356,2069,15551,-1981,3659,-3892,3f2a459d,3d3ac3f1,bcbeeac9,bf3eb6a5,3f2a459e,3d3ac3e8,bcbeead2,bf3eb6a4,1,37275716

10505,-324,1094,3290,176,2112,15950,-2001,3611,-3929,3f297519,3d38d080,bccc12c0,bf3f6e83,3f29751a,3d38d079,bccc12ca,bf3f6e83,1,37284235

10506,-252,1006,3202,791,1402,15628,-1937,3615,-3937,3f28a975,3d354e9d,bcd72ae3,bf402258,3f28a976,3d354e97,bcd72aed,bf402258,1,37292753

10507,-240,601,2749,163,2256,15594,-1937,3615,-3937,3f27f9de,3d353c1a,bce094d7,bf40b950,3f27f9de,3d353c12,bce094e0,bf40b94e,1,37300771

10508,-281,183,2654,-186,2727,16177,-1913,3631,-3992,3f274fa0,3d37dfdb,bce755c5,bf4148b1,3f274fa2,3d37dfd6,bce755d0,bf4148b2,1,37309290

10509,-180,-168,2645,8,1846,15779,-1891,3617,-3948,3f26a6fc,3d3a1f0c,bce97caa,bf41d762,3f26a6fc,3d3a1f05,bce97cb2,bf41d760,1,37317809

10510,-312,-658,2581,-837,2177,16051,-1947,3651,-3946,3f2603ab,3d40ca61,bce76008,bf425d75,3f2603ab,3d40ca5a,bce76010,bf425d73,1,37326327

10511,-430,-1075,2619,-1563,1864,16135,-1947,3651,-3946,3f255d21,3d49ea59,bce082a7,bf42e3fd,3f255d22,3d49ea53,bce082af,bf42e3fc,1,37334846

10512,-635,-1422,3066,-1821,1143,16365,-1939,3557,-3886,3f249892,3d545c1e,bcd665bb,bf4381df,3f249894,3d545c19,bcd665c4,bf4381df,1,37343364

10513,-1179,-1837,3582,-117,1269,15772,-1957,3587,-3997,3f23b486,3d5f9f5d,bcd222bc,bf4435a0,3f23b487,3d5f9f57,bcd222c5,bf44359f,1,37351883

10514,-1709,-2562,3890,-1008,2785,16995,-1957,3587,-3997,3f22b7b3,3d72e236,bccf3d9c,bf44f172,3f22b7b6,3d72e231,bccf3da6,bf44f172,1,37360401

10515,-1936,-3141,4030,-2012,3539,17419,-1991,3581,-3960,3f21af48,3d852930,bcc92d2d,bf45ae24,3f21af49,3d85292d,bcc92d36,bf45ae22,1,37368920

10516,-1975,-3135,4249,-3242,4908,17625,-2035,3621,-4004,3f2095b4,3d9129e5,bcc334c1,bf4672f9,3f2095b7,3d9129e3,bcc334cb,bf4672f9,1,37377439

10517,-1918,-2589,4440,-3894,4563,17967,-2035,3621,-4004,3f1f6c34,3d9bfa06,bcbf148e,bf47429c,3f1f6c35,3d9bfa02,bcbf1494,bf47429a,1,37385957

10518,-1830,-1651,4287,-3386,3673,17676,-2015,3485,-3988,3f1e48cd,3da4992c,bcbfeee1,bf480e90,3f1e48ce,3da49929,bcbfeee8,bf480e8f,1,37394476

10519,-2466,-1026,4478,-3764,6432,16673,-1951,3487,-4021,3f1d10d2,3dacfcfc,bcccf4ee,bf48e476,3f1d10d3,3dacfcf9,bcccf4f5,bf48e475,1,37402994

10520,-2546,-827,5553,-4296,6381,16471,-1951,3487,-4021,3f1b8e4e,3db5377f,bcda54fc,bf49eff8,3f1b8e4f,3db5377c,bcda5503,bf49eff7,1,37411012

10521,-2313,-5,6915,-5621,6274,16348,-1911,3443,-4036,3f19aced,3dbb8868,bce88436,bf4b4465,3f19acef,3dbb8867,bce8843f,bf4b4465,1,37419531

10522,-2322,1412,7952,-3823,5624,16205,-1885,3429,-4058,3f177f79,3dbeccc9,bcfff6bf,bf4cd221,3f177f7b,3dbeccc7,bcfff6c8,bf4cd220,1,37428050

10523,-2418,2468,8791,-3266,4742,17524,-1813,3433,-4005,3f15106c,3dbfcedc,bd0ed82d,bf4e8bd4,3f15106d,3dbfced9,bd0ed832,bf4e8bd2,1,37436568

10524,-2198,3329,9135,-2056,3194,16753,-1813,3433,-4005,3f128635,3dbde053,bd1ea338,bf5056b4,3f128637,3dbde051,bd1ea33e,bf5056b3,1,37445087

10525,-2224,3672,9201,-1499,1227,16534,-1811,3401,-4030,3f0ff2c1,3db9ea83,bd2cf293,bf522355,3f0ff2c3,3db9ea82,bd2cf29a,bf522354,1,37453606

10526,-2544,3521,8884,-653,1454,15759,-1753,3339,-4010,3f0d6ed6,3db64880,bd3d7960,bf53d54c,3f0d6ed8,3db6487e,bd3d7967,bf53d54a,1,37462124

10527,-2791,2870,8095,1396,1489,12714,-1753,3339,-4010,3f0b2058,3db40dbb,bd4f7675,bf5551c7,3f0b205a,3db40db9,bd4f767c,bf5551c5,1,37470643

10528,-1970,1797,7555,-2121,4444,9834,-1631,3295,-4090,3f08f4da,3db5c5fe,bd5bc07a,bf56a60a,3f08f4dc,3db5c5fd,bd5bc082,bf56a609,1,37479162

10529,-922,2972,7063,-4002,2748,14448,-1603,3269,-4055,3f06e8ce,3db34ec9,bd63b870,bf57f0e7,3f06e8d0,3db34ec7,bd63b877,bf57f0e6,1,37487680

10530,-856,4360,6773,-2636,3783,16454,-1603,3269,-4055,3f04eb0f,3dad6dfe,bd70a764,bf593144,3f04eb12,3dad6dfd,bd70a76c,bf593144,1,37496199

10531,-540,4728,7237,-1592,3339,17029,-1455,3257,-4044,3f02c86c,3da56a31,bd7d4b8d,bf5a86b2,3f02c86e,3da56a2f,bd7d4b93,bf5a86b0,1,37504717

10532,33,4529,7861,-912,3430,17441,-1429,3247,-4038,3f007c55,3d9cc0f7,bd837c28,bf5bf081,3f007c57,3d9cc0f5,bd837c2b,bf5bf07f,1,37513236

10533,490,4283,8242,38,2477,18383,-1429,3247,-4038,3efc3120,3d933644,bd865c6f,bf5d64c3,3efc3124,3d933642,bd865c72,bf5d64c1,1,37521254

10534,428,3598,8308,822,1613,17865,-1371,3215,-3964,3ef75d40,3d8b0ae0,bd885da2,bf5ed064,3ef75d47,3d8b0ae0,bd885da7,bf5ed065,1,37529773

10535,70,2315,8545,507,2345,16045,-1333,3257,-3966,3ef26b27,3d8694f1,bd89e05d,bf60326c,3ef26b2b,3d8694ef,bd89e060,bf60326b,1,37538291

10536,-238,1020,8605,-63,2944,15662,-1317,3177,-3970,3eed709d,3d8610c9,bd8ac296,bf618579,3eed70a1,3d8610c7,bd8ac299,bf618578,1,37546810

10537,-647,352,8360,-1324,5020,15768,-1317,3177,-3970,3ee88f25,3d88ecc6,bd8c54d1,bf62bf5b,3ee88f28,3d88ecc4,bd8c54d4,bf62bf59,1,37555328

10538,-496,-3,8397,-1048,5582,15077,-1265,3107,-3993,3ee3a55d,3d8c47e8,bd8d6143,bf63f2d3,3ee3a561,3d8c47e6,bd8d6146,bf63f2d1,1,37563847

10539,547,-311,9193,-544,6244,13228,-1205,3099,-4032,3ede4cef,3d8f20e4,bd8bb0ee,bf654099,3ede4cf3,3d8f20e2,bd8bb0f1,bf654097,1,37572366

10540,2082,-545,10174,-1434,6011,12730,-1205,3099,-4032,3ed86be9,3d913da6,bd85be30,bf66b057,3ed86bed,3d913da4,bd85be33,bf66b055,1,37580884

10541,3617,-429,10905,-1666,5268,12269,-1235,3109,-4003,3ed2246f,3d9196c8,bd77fdb8,bf68377e,3ed22474,3d9196c7,bd77fdbf,bf68377d,1,37589403

10542,4726,116,11181,-1553,4589,12729,-1153,3113,-4034,3ecbaf30,3d8f55b6,bd602290,bf69c44e,3ecbaf35,3d8f55b5,bd602297,bf69c44d,1,37597922

10543,4636,758,11339,-1655,3785,14300,-1153,3113,-4034,3ec51124,3d8b8cc4,bd495a71,bf6b4bef,3ec51128,3d8b8cc3,bd495a77,bf6b4bed,1,37606440

10544,3610,1433,11184,-1362,2286,15788,-1051,3105,-3981,3ebe6d02,3d8663bc,bd375cba,bf6cc378,3ebe6d06,3d8663bb,bd375cc0,bf6cc376,1,37614959

10545,2895,2087,11044,-1071,436,15199,-1011,3069,-3886,3eb7c442,3d7f6c06,bd2849f5,bf6e2d26,3eb7c447,3d7f6c05,bd2849fb,bf6e2d25,1,37622977

10546,2008,2696,10796,945,889,15212,-1011,3069,-3886,3eb131d8,3d6f03bb,bd207d43,bf6f8155,3eb131dc,3d6f03b9,bd207d49,bf6f8153,1,37631495

10547,1536,2722,10450,2126,2773,14210,-959,3101,-3956,3eaaca21,3d5fa2a6,bd1d3699,bf70bb5a,3eaaca26,3d5fa2a6,bd1d36a2,bf70bb5a,1,37640014

10548,2062,1568,10545,2143,4298,14194,-919,3009,-3884,3ea45402,3d55d9ba,bd16103a,bf71e7e8,3ea45407,3d55d9b9,bd161043,bf71e7e7,1,37648533

10549,3476,-135,10974,367,3084,14074,-935,2955,-3895,3e9da771,3d52c9db,bd049315,bf73105f,3e9da775,3d52c9d9,bd04931d,bf73105d,1,37657051

10550,4370,-842,11398,-1568,1320,13783,-935,2955,-3895,3e96b606,3d53bb71,bcd547ab,bf74357e,3e96b609,3d53bb6d,bcd547ba,bf74357b,1,37665570

10551,4125,-145,11381,-2531,502,12983,-829,2995,-3866,3e8fb4e3,3d524252,bca4067b,bf754ddf,3e8fb4e8,3d524250,bca4068d,bf754dde,1,37674089

10552,3108,1244,11048,-1391,2236,12260,-775,2957,-3845,3e88d717,3d4a7e80,bc8763d4,bf765385,3e88d71b,3d4a7e7d,bc8763e5,bf765383,1,37682607

10553,2277,2511,10252,-378,2113,12936,-775,2957,-3845,3e826c44,3d3bfc44,bc6f3310,bf773f6e,3e826c48,3d3bfc41,bc6f3332,bf773f6c,1,37691126

10554,2097,2997,9238,-1167,-1266,13765,-723,2911,-3832,3e792bc3,3d2b1654,bc45864f,bf780e53,3e792bcb,3d2b1651,bc458672,bf780e51,1,37699644

10555,2195,3441,8907,-1266,-616,13539,-627,2891,-3823,3e6ddf1c,3d183048,bc1f3815,bf78cd8f,3e6ddf24,3d183045,bc1f3839,bf78cd8d,1,37708163

10556,2534,4045,8649,-139,-65,12832,-627,2891,-3823,3e62e844,3d0089e2,bbf2b40d,bf797fd7,3e62e84d,3d0089df,bbf2b458,bf797fd6,1,37716181

10557,3022,4359,7893,2646,1071,12297,-621,2857,-3713,3e58e792,3cca7398,bba57806,bf7a1b8d,3e58e79c,3cca7392,bba57855,bf7a1b8d,1,37724700

10558,3532,3399,6866,1310,1669,13083,-589,2901,-3743,3e503b24,3c9e85cc,bb01396b,bf7a9a07,3e503b2c,3c9e85c5,bb013a0c,bf7a9a05,1,37733218

10559,3612,2529,6731,-2858,1863,12575,-589,2901,-3743,3e47b278,3c83df11,3ad64d1f,bf7b0cf4,3e47b281,3c83df0a,3ad64bd9,bf7b0cf4,1,37741737

10560,3645,3119,7673,-1594,2418,14593,-481,2795,-3777,3e3de63c,3c41ab84,3ba0c337,bf7b89c0,3e3de644,3c41ab76,3ba0c2e5,bf7b89bf,1,37750256

10561,3382,4176,8058,-1840,2513,15266,-421,2805,-3707,3e339592,3bcec274,3bf9d42c,bf7c050b,3e33959a,3bcec258,3bf9d3d8,bf7c050a,1,37758774

10562,2864,4939,8549,-365,2392,15543,-383,2791,-3613,3e289b88,b9a39fd9,3c1ae5dd,bf7c7e88,3e289b91,b9a3a199,3c1ae5b3,bf7c7e88,1,37767293

10563,2512,5140,9002,1107,2067,16940,-383,2791,-3613,3e1d0598,bbf1f46d,3c315e07,bf7cf339,3e1d05a1,bbf1f489,3c315ddd,bf7cf339,1,37775812

10564,2401,4981,9060,1970,61,17110,-297,2705,-3611,3e114c03,bc6ca335,3c4b54f7,bf7d5cea,3e114c0c,bc6ca342,3c4b54cb,bf7d5ce9,1,37784331

10565,2058,4539,8921,1539,-1547,16546,-267,2629,-3599,3e05b609,bcaa657e,3c6510a0,bf7dba20,3e05b613,bcaa6586,3c651075,bf7dba21,1,37792849

10566,1613,3993,8564,2135,-3650,15086,-267,2629,-3599,3df5312f,bcd89905,3c7cae98,bf7e09b2,3df53141,bcd8990b,3c7cae6a,bf7e09b1,1,37801368

10567,1104,2967,8226,2128,-5119,14228,-243,2573,-3498,3ddfd020,bcfae5ba,3c871f2c,bf7e4f94,3ddfd033,bcfae5c1,3c871f16,bf7e4f94,1,37809886

10568,495,1462,8535,458,-4567,13912,-205,2575,-3467,3dc99ea1,bd0551b2,3c8b6709,bf7e9536,3dc99eb5,bd0551b5,3c8b66f4,bf7e9537,1,37818405

10569,21,650,8997,137,-3273,13489,-205,2575,-3467,3db239c8,bd085437,3c8abe0b,bf7ed97a,3db239db,bd085439,3c8abdf6,bf7ed97a,1,37826423

10570,-220,1053,8914,2027,-133,14811,-209,2481,-3534,3d9af791,bd0ecbcf,3c812a31,bf7f13fd,3d9af7a4,bd0ecbd0,3c812a1b,bf7f13fc,1,37834942

10571,285,1712,7323,3355,113,15506,-217,2437,-3490,3d87d599,bd198843,3c7956d6,bf7f39ec,3d87d5ac,bd198844,3c7956aa,bf7f39eb,1,37843460

10572,1068,1680,5510,3132,-111,16167,-217,2437,-3490,3d72c8f4,bd23fe3a,3c8199dc,bf7f4fe8,3d72c91a,bd23fe3c,3c8199c7,bf7f4fe8,1,37851979

10573,1248,1292,4089,995,-464,17089,-173,2417,-3465,3d5d4f88,bd2a58eb,3c89fb5b,bf7f5e2a,3d5d4faf,bd2a58ee,3c89fb47,bf7f5e2b,1,37860498

10574,410,907,3173,1364,-688,17585,-169,2367,-3508,3d4cb69a,bd2ea37d,3c8a57b6,bf7f6910,3d4cb6c0,bd2ea380,3c8a57a1,bf7f6910,1,37869016

10575,-1117,455,2913,2232,-443,17073,-149,2367,-3441,3d3dc810,bd30e9ee,3c7548d7,bf7f7508,3d3dc835,bd30e9f0,3c7548ac,bf7f7507,1,37877535

10576,-2693,-213,2511,1790,1069,16974,-149,2367,-3441,3d314150,bd2ec8ed,3c3127e8,bf7f8304,3d314176,bd2ec8ef,3c3127be,bf7f8304,1,37886053

10577,-3719,-807,1750,735,828,16470,-177,2305,-3481,3d28e1e2,bd285817,3bb3216f,bf7f8fde,3d28e208,bd285819,3bb3211c,bf7f8fdf,1,37894572

10578,-3823,-941,925,1059,-599,15922,-205,2241,-3465,3d24d827,bd2195b4,39d3ee8f,bf7f97d8,3d24d84c,bd2195b4,39d3e950,bf7f97d8,1,37903091

10579,-3342,-767,410,1728,-1230,15580,-205,2241,-3465,3d237b51,bd1c9efa,bb7ae8ca,bf7f9b55,3d237b76,bd1c9ef9,bb7ae96f,bf7f9b54,1,37911609

10580,-2779,-547,60,1766,-1320,15926,-169,2187,-3486,3d23c83d,bd18f651,bbef98b8,bf7f9c15,3d23c863,bd18f652,bbef990c,bf7f9c16,1,37920128

10581,-2669,-380,-210,2020,-545,16133,-177,2199,-3528,3d257e99,bd167799,bc30bc4d,bf7f9a65,3d257ebf,bd16779a,bc30bc77,bf7f9a66,1,37928646

10582,-2904,-459,-273,1833,1190,15415,-177,2199,-3528,3d278d9b,bd1355f7,bc74e702,bf7f975e,3d278dc0,bd1355f7,bc74e72a,bf7f975d,1,37936664

10583,-2780,-754,-170,1465,2572,14790,-201,2133,-3457,3d28f88e,bd0e4590,bc9d338f,bf7f948d,3d28f8b3,bd0e458f,bc9d33a4,bf7f948d,1,37945183

10584,-2183,-990,12,1087,2783,14303,-213,2083,-3484,3d294e43,bd07ce5f,bcb9f37f,bf7f9305,3d294e68,bd07ce5e,bcb9f394,bf7f9305,1,37953702

10585,-1211,-949,374,526,3605,13852,-213,2083,-3484,3d27971b,bd0151cb,bccd3e4d,bf7f93d2,3d279740,bd0151ca,bccd3e61,bf7f93d2,1,37962220

10586,-78,-605,799,-220,3211,13813,-187,2099,-3511,3d2370be,bcf8757e,bcd45e2e,bf7f9794,3d2370e2,bcf8757c,bcd45e42,bf7f9794,1,37970739

10587,120,-14,996,-206,3058,13998,-233,2091,-3580,3d1e2799,bcf47498,bcd9a878,bf7f9ac2,3d1e27bd,bcf47496,bcd9a88c,bf7f9ac2,1,37979257

10588,-475,530,1097,-575,2384,14166,-221,2057,-3490,3d184f66,bcf52f65,bce46afe,bf7f9bc9,3d184f8b,bcf52f64,bce46b13,bf7f9bca,1,37987776

10589,-1287,781,1614,1018,3847,15962,-221,2057,-3490,3d0fe1bd,bcfabbda,bcf9467f,bf7f9a74,3d0fe1e1,bcfabbd7,bcf94692,bf7f9a73,1,37996294

10590,-1651,820,1829,594,3850,16760,-205,2085,-3575,3d066e11,bcffbd3d,bd08e4b8,bf7f9815,3d066e36,bcffbd3a,bd08e4c3,bf7f9815,1,38004813

10591,-1497,847,1650,585,3027,17285,-219,2037,-3504,3cfbafd4,bd028154,bd13cb8e,bf7f950d,3cfbb01f,bd028154,bd13cb99,bf7f950e,1,38013332

10592,-1230,791,1552,1179,1127,17831,-219,2037,-3504,3ceba4ae,bd0566d4,bd1b92d1,bf7f92c5,3ceba4f8,bd0566d3,bd1b92db,bf7f92c5,1,38021850

10593,-1056,542,1464,1613,-692,17361,-141,2019,-3598,3cdcba7b,bd077a2a,bd20bef8,bf7f91ce,3cdcbac4,bd077a29,bd20bf01,bf7f91cd,1,38030369

10594,-1191,217,1284,1766,-1323,16816,-241,1981,-3463,3ccfd507,bd08007e,bd262e42,bf7f90c1,3ccfd54f,bd08007d,bd262e4a,bf7f90bf,1,38038387

10595,-1537,-131,974,1713,-562,16741,-241,1981,-3463,3cc6725c,bd06b5df,bd2dc43c,bf7f8e41,3cc672a5,bd06b5df,bd2dc445,bf7f8e41,1,38046906

10596,-1786,-547,583,1646,-41,16424,-169,1953,-3434,3cc152e7,bd0341e3,bd36ff58,bf7f8a97,3cc1532f,bd0341e2,bd36ff60,bf7f8a96,1,38055424

10597,-1720,-937,325,1245,903,15046,-201,1945,-3464,3cbf0007,bcfb2b2a,bd40a14a,bf7f86cd,3cbf004f,bcfb2b28,bd40a152,bf7f86cc,1,38063943

10598,-1014,-1412,645,1503,1251,14705,-201,1945,-3464,3cb96271,bceb8811,bd46decd,bf7f86c6,3cb962b8,bceb880e,bd46ded4,bf7f86c4,1,38072462

10599,-3,-1701,1381,1566,2191,14566,-229,1975,-3487,3cac0103,bcd8e2f4,bd48bed2,bf7f8bc6,3cac014a,bcd8e2f2,bd48beda,bf7f8bc5,1,38080980

10600,724,-1296,1812,476,3358,14565,-227,1963,-3565,3c99904c,bcc84fd9,bd47de87,bf7f92c8,3c999093,bcc84fd7,bd47de8e,bf7f92c7,1,38089499

10601,1149,-902,1894,-255,2504,14987,-273,1903,-3599,3c85c3fe,bcba6ca4,bd44325e,bf7f9b09,3c85c444,bcba6ca3,bd443266,bf7f9b09,1,38098018

10602,1086,-487,2258,-989,1793,13950,-273,1903,-3599,3c5be332,bcaf3c38,bd4050d2,bf7fa2cc,3c5be3bf,bcaf3c38,bd4050da,bf7fa2cd,1,38106536

10603,1084,272,3201,-1506,443,13720,-259,1879,-3590,3c17af5f,bcaace7e,bd3b3f36,bf7faa69,3c17afe9,bcaace7d,bd3b3f3d,bf7faa68,1,38115055

10604,1283,1624,4272,335,-449,13174,-229,1873,-3540,3b700963,bcb7efad,bd3442fa,bf7faf87,3b700b8c,bcb7efac,bd344301,bf7faf86,1,38123574

10605,1683,2678,4855,1807,-1141,13821,-229,1873,-3540,bb327b17,bcd2a242,bd2af05e,bf7fb0fa,bb3278ed,bcd2a242,bd2af066,bf7fb0fa,1,38131591

10606,1931,3375,4351,2727,-1516,14905,-203,1813,-3441,bc0b975a,bcf5a65b,bd2061c4,bf7fadde,bc0b96d1,bcf5a65c,bd2061cd,bf7faddf,1,38140110

10607,1897,3269,2822,4095,-924,15930,-221,1845,-3463,bc4a0905,bd0cb7d0,bd165466,bf7fa825,bc4a087a,bd0cb7d0,bd16546e,bf7fa824,1,38148629

10608,1866,2333,1431,3198,-1609,16958,-221,1845,-3463,bc6a93ec,bd19454b,bd0bb446,bf7fa537,bc6a9364,bd19454c,bd0bb44f,bf7fa539,1,38157147

10609,1530,1226,567,2433,-1654,17707,-221,1835,-3533,bc780e7e,bd1f99d2,bd029bb7,bf7fa55b,bc780df4,bd1f99d1,bd029bbf,bf7fa55b,1,38165666

10610,827,554,112,1378,44,18748,-183,1895,-3559,bc7af6b0,bd219f36,bcfc7c0e,bf7fa61b,bc7af626,bd219f35,bcfc7c1e,bf7fa61b,1,38174185

10611,215,335,-102,1248,3461,18847,-183,1895,-3559,bc7928e3,bd2281c0,bcffb6d5,bf7fa4da,bc792858,bd2281be,bcffb6e4,bf7fa4d9,1,38182703

10612,892,-17,-125,1667,4545,17474,-201,1879,-3530,bc774b60,bd21dd83,bcfcfd44,bf7fa60c,bc774ad6,bd21dd82,bcfcfd54,bf7fa60c,1,38191222

10613,2503,-847,201,376,2438,16769,-141,1935,-3484,bc7cc377,bd1ba971,bce76419,bf7faeaf,bc7cc2ec,bd1ba970,bce76428,bf7faeae,1,38199740

10614,3086,-1435,393,980,831,15881,-253,1889,-3449,bc83480f,bd12dcf5,bcc9843b,bf7fb997,bc8347ca,bd12dcf5,bcc9844b,bf7fb997,1,38208259

10615,2886,-1762,394,692,-1171,15235,-253,1889,-3449,bc87ec4f,bd082df8,bcaa2305,bf7fc498,bc87ec09,bd082df7,bcaa2314,bf7fc497,1,38216778

10616,2422,-1908,362,489,-1107,15774,-187,1919,-3564,bc8bfb8f,bcf93cf1,bc8fe414,bf7fcdf9,bc8bfb49,bcf93cf0,bc8fe424,bf7fcdf9,1,38225296

10617,1891,-1648,118,376,-23,16371,-237,1895,-3534,bc8d9cf5,bce4cb14,bc7b0e6b,bf7fd4f1,bc8d9cb0,bce4cb15,bc7b0e8b,bf7fd4f2,1,38233815

10618,1714,-1471,-192,152,870,15964,-237,1895,-3534,bc8c0c6f,bcd212f8,bc5e08f2,bf7fdad9,bc8c0c2b,bcd212fa,bc5e0912,bf7fdada,1,38241833

10619,1548,-1449,-392,-1131,2164,15837,-289,1955,-3522,bc8830f6,bcbdf09a,bc483878,bf7fe06d,bc8830b0,bcbdf09a,bc483895,bf7fe06c,1,38250351

10620,1307,-1098,-517,-1765,1703,16075,-271,1987,-3683,bc82e3aa,bcac8a84,bc35b174,bf7fe510,bc82e365,bcac8a85,bc35b192,bf7fe510,1,38258870

10621,772,-351,-712,-2293,994,16668,-271,1987,-3683,bc76fa28,bca284ac,bc2bad13,bf7fe80e,bc76f99f,bca284ae,bc2bad31,bf7fe80f,1,38267389

10622,163,717,-943,-659,-96,16822,-259,2011,-3546,bc631ce0,bca61432,bc2a13a8,bf7fe8b4,bc631c56,bca61433,bc2a13c5,bf7fe8b3,1,38275907

10623,-155,1377,-1081,456,-628,16521,-249,2005,-3556,bc4c580e,bcb2c451,bc2cb35e,bf7fe7a6,bc4c5786,bcb2c454,bc2cb37d,bf7fe7a6,1,38284426

10624,-387,1525,-1169,1056,-677,16298,-249,2005,-3556,bc33a3a3,bcc23219,bc33ea79,bf7fe5b1,bc33a31b,bcc2321c,bc33ea98,bf7fe5b1,1,38292945

10625,-458,1249,-1153,1058,-351,15935,-231,2073,-3551,bc1ab6b2,bcceab12,bc3d594b,bf7fe3d8,bc1ab62a,bcceab15,bc3d596b,bf7fe3d8,1,38301463

10626,-619,989,-1166,877,301,15868,-309,2003,-3514,bc02022b,bcd7f841,bc4d9c03,bf7fe1ff,bc0201a3,bcd7f843,bc4d9c22,bf7fe1fe,1,38309982

10627,-730,775,-1177,713,650,15853,-277,2015,-3475,bbd1d232,bcde9992,bc6182f0,bf7fe03f,bbd1d123,bcde9994,bc61830e,bf7fe03f,1,38318501

10628,-692,625,-1114,720,1256,15738,-277,2015,-3475,bba257e0,bce3a199,bc770926,bf7fde6f,bba256d1,bce3a19a,bc770944,bf7fde6f,1,38327019

10629,-535,555,-877,421,1402,15513,-237,2011,-3477,bb7a1a40,bce7426b,bc84e74a,bf7fdcc6,bb7a1821,bce7426b,bc84e758,bf7fdcc5,1,38335538

10630,-351,566,-567,20,1494,15411,-223,2033,-3543,bb497403,bcea1508,bc8c7dd1,bf7fdb4a,bb4971e4,bcea1508,bc8c7dde,bf7fdb49,1,38343556

10631,-149,756,-378,-743,1462,16057,-223,2033,-3543,bb2986a4,bced7e44,bc91a8b6,bf7fd9de,bb298487,bced7e46,bc91a8c4,bf7fd9de,1,38352074

10632,141,1098,-141,-68,1774,15779,-183,2007,-3470,bb1f6ebe,bcf5be76,bc947c9d,bf7fd78a,bb1f6ca2,bcf5be77,bc947caa,bf7fd789,1,38360593

10633,395,1535,106,1592,920,15845,-201,2005,-3492,bb2ab05f,bd02d3a0,bc932836,bf7fd3c3,bb2aae43,bd02d3a0,bc932843,bf7fd3c3,1,38369111

10634,465,1543,404,2277,-57,15597,-201,2005,-3492,bb4e7b69,bd0b624b,bc8f47bf,bf7fcfb0,bb4e794f,bd0b624c,bc8f47cd,bf7fcfb1,1,38377630

10635,320,910,948,2340,-460,15746,-211,1993,-3458,bb8f6225,bd1084f0,bc8c7d08,bf7fccec,bb8f6118,bd1084f0,bc8c7d15,bf7fccec,1,38386149

10636,-85,274,1708,1662,151,15907,-221,2001,-3509,bbd67a2b,bd11a410,bc8f4acb,bf7fcb1f,bbd6791d,bd11a40f,bc8f4ad8,bf7fcb1e,1,38394667

10637,-276,32,1996,792,216,15602,-221,2001,-3509,bc149b1c,bd108bf8,bc944b03,bf7fc9bd,bc149a95,bd108bf7,bc944b10,bf7fc9bc,1,38403186

10638,-401,69,1980,685,1510,15450,-227,1915,-3471,bc3e458c,bd0f999a,bc9d96b4,bf7fc727,bc3e4507,bd0f999a,bc9d96c2,bf7fc728,1,38411705

10639,-310,278,1785,366,727,15545,-227,1895,-3543,bc63f9b1,bd0f5beb,bca43b8a,bf7fc452,bc63f92b,bd0f5bea,bca43b97,bf7fc451,1,38420223

10640,-330,594,1613,1273,905,15467,-143,1939,-3482,bc82d8bf,bd11cf80,bcaaf44a,bf7fbfd1,bc82d87c,bd11cf7f,bcaaf457,bf7fbfd0,1,38428742

10641,-422,700,1580,862,1657,15544,-143,1939,-3482,bc935e71,bd146743,bcb3f657,bf7fba87,bc935e2d,bd146742,bcb3f664,bf7fba86,1,38436760

10642,-258,640,1389,106,1077,15753,-197,1915,-3433,bca1fe93,bd15e212,bcba1279,bf7fb65c,bca1fe4f,bd15e211,bcba1286,bf7fb65b,1,38445278

10643,-144,739,1178,1377,654,15696,-195,1895,-3565,bcae6767,bd192d92,bcbdf570,bf7fb1a8,bcae6723,bd192d91,bcbdf57d,bf7fb1a7,1,38453797

10644,-200,545,1099,1629,1091,15591,-195,1895,-3565,bcb9e6b8,bd1bbab2,bcc35176,bf7fad14,bcb9e674,bd1bbab2,bcc35184,bf7fad15,1,38462316

10645,-220,138,1058,1344,391,15568,-187,1871,-3512,bcc4e35d,bd1bcf18,bcc77d82,bf7faa2c,bcc4e318,bd1bcf18,bcc77d8f,bf7faa2c,1,38470834

10646,-323,-116,1083,1354,1072,15751,-201,1863,-3453,bcd01884,bd1a9157,bcce3a77,bf7fa75d,bcd0183f,bd1a9157,bcce3a84,bf7fa75d,1,38479353

10647,-339,-414,1061,1187,1636,15671,-201,1863,-3453,bcdafe31,bd17a01a,bcd63b20,bf7fa535,bcdafdec,bd17a019,bcd63b2d,bf7fa535,1,38487872

10648,-170,-599,920,-29,1273,15864,-173,1865,-3448,bce4695f,bd12862f,bcdba0af,bf7fa4fa,bce4691b,bd12862f,bcdba0bd,bf7fa4fb,1,38496390

10649,-48,-574,777,-15,2092,15481,-197,1875,-3529,bcec5b4c,bd0da89f,bce13053,bf7fa4b5,bcec5b07,bd0da89e,bce13060,bf7fa4b5,1,38504909

10650,158,-314,367,-149,2439,15592,-197,1875,-3529,bcf02370,bd0a279d,bce4c9f6,bf7fa4f1,bcf0232a,bd0a279c,bce4ca02,bf7fa4f0,1,38513428

10651,473,-15,-92,185,304,15427,-195,1863,-3623,bcef2e3b,bd08560c,bce0a744,bf7fa710,bcef2df6,bd08560c,bce0a751,bf7fa710,1,38521947

10652,469,202,-200,1008,914,15530,-229,1839,-3493,bced4732,bd08a31b,bcddfa8f,bf7fa7ed,bced46ec,bd08a31a,bcddfa9b,bf7fa7ec,1,38530465

10653,406,84,-231,786,1371,15597,-159,1835,-3490,bceb083a,bd081cad,bcdcee62,bf7fa8f4,bceb07f6,bd081cad,bcdcee6f,bf7fa8f5,1,38538984

10654,439,-5,-385,489,846,15871,-159,1835,-3490,bce726bc,bd06cc9b,bcda71b0,bf7fab11,bce72677,bd06cc9b,bcda71bc,bf7fab11,1,38547002

10655,434,25,-459,421,1374,15580,-155,1881,-3509,bce2604f,bd05a205,bcd8ee40,bf7fad12,bce2600a,bd05a205,bcd8ee4c,bf7fad12,1,38555521

10656,595,25,-412,429,273,15761,-229,1825,-3517,bcde5175,bd045d65,bcd3b0c3,bf7fafb8,bcde5130,bd045d65,bcd3b0ce,bf7fafb8,1,38564039

10657,511,-25,-392,2178,151,15686,-229,1825,-3517,bcda5019,bd04ac14,bccf25b1,bf7fb15a,bcda4fd4,bd04ac14,bccf25bc,bf7fb15a,1,38572558

10658,245,-365,-401,2468,-169,15560,-177,1903,-3482,bcd5bfd3,bd03658a,bcccbbde,bf7fb375,bcd5bf8e,bd03658a,bcccbbe9,bf7fb375,1,38581076

10659,-78,-973,-173,1632,521,15713,-221,1905,-3459,bcd3697d,bcfc8907,bccf3988,bf7fb606,bcd36939,bcfc8908,bccf3994,bf7fb607,1,38589595

10660,-272,-1384,-83,690,1014,15632,-221,1905,-3459,bcd1edaa,bcec26c0,bcd4f6cc,bf7fb911,bcd1ed65,bcec26c1,bcd4f6d7,bf7fb911,1,38598114

10661,-299,-1505,-96,244,680,15814,-249,1941,-3487,bcd01f72,bcd9a205,bcda1590,bf7fbc77,bcd01f2e,bcd9a206,bcda159a,bf7fbc77,1,38606632

10662,-303,-1360,-11,-799,1572,15674,-307,1887,-3458,bccf8ac8,bcc6ecba,bce14510,bf7fbed5,bccf8a84,bcc6ecbc,bce1451a,bf7fbed6,1,38615151

10663,-199,-1023,33,-1202,1969,15721,-307,1887,-3458,bccf8bc2,bcb76033,bce7d138,bf7fc047,bccf8b7d,bcb76035,bce7d141,bf7fc047,1,38623670

10664,39,-506,90,-993,1853,15606,-267,1853,-3463,bcd06e5b,bcad9593,bceba489,bf7fc0ef,bcd06e16,bcad9595,bceba492,bf7fc0ef,1,38632188

10665,277,-43,192,512,752,15581,-209,1885,-3565,bcd252bd,bcab496f,bcea8af4,bf7fc130,bcd25278,bcab4971,bcea8afe,bf7fc130,1,38640707

10666,224,35,373,1235,231,15653,-249,1849,-3488,bcd636b4,bcab47ac,bce91665,bf7fc0b6,bcd6366e,bcab47ad,bce9166e,bf7fc0b5,1,38649225

10667,3,-224,443,1163,396,15645,-249,1849,-3488,bcdab8fd,bca876d8,bcea6333,bf7fbfed,bcdab8b9,bca876da,bcea633e,bf7fbfee,1,38657243

10668,-181,-544,436,531,1119,15733,-245,1855,-3507,bcdf0e0f,bca10f6c,bcef3709,bf7fbf11,bcdf0dca,bca10f6d,bcef3713,bf7fbf11,1,38665762

10669,-214,-725,381,-15,1087,15742,-267,1831,-3475,bce2dc57,bc96b0d5,bcf47204,bf7fbe92,bce2dc12,bc96b0d6,bcf4720e,bf7fbe92,1,38674281

10670,-193,-725,358,-331,1225,15693,-267,1831,-3475,bce66d32,bc8bcbf6,bcf9ae2f,bf7fbe0f,bce66ced,bc8bcbf7,bcf9ae39,bf7fbe0f,1,38682799

10671,-139,-568,410,-786,1911,15734,-291,1823,-3548,bcea9ef5,bc81d60e,bcff96e9,bf7fbcf6,bcea9eb1,bc81d60f,bcff96f4,bf7fbcf7,1,38691318

10672,50,-222,393,-548,1539,15722,-319,1831,-3546,bceebc54,bc77a213,bd0158a3,bf7fbbf9,bceebc10,bc77a214,bd0158a9,bf7fbbfa,1,38699837

10673,214,96,373,299,1059,15641,-319,1831,-3546,bcf2b3ab,bc75c359,bd017409,bf7fbb19,bcf2b365,bc75c358,bd01740e,bf7fbb18,1,38708355

10674,225,145,339,747,795,15660,-315,1857,-3560,bcf62cd8,bc76fc16,bd011994,bf7fba60,bcf62c92,bc76fc15,bd011999,bf7fba5f,1,38716874

10675,141,-24,304,481,878,15573,-335,1841,-3580,bcf94b64,bc738769,bd015c44,bf7fb9b1,bcf94b1f,bc738769,bd015c49,bf7fb9b1,1,38725392

10676,33,-230,394,-156,1021,15743,-335,1841,-3580,bcfd50c6,bc68d488,bd02662d,bf7fb8cd,bcfd5082,bc68d489,bd026633,bf7fb8ce,1,38733911

10677,-7,-191,408,-78,1305,15631,-295,1833,-3562,bd00bfc9,bc5f91d8,bd03f471,bf7fb77a,bd00bfa7,bc5f91d7,bd03f476,bf7fb77a,1,38742430

10678,-4,-99,411,81,1052,15662,-299,1869,-3521,bd02cb37,bc58fed4,bd051745,bf7fb634,bd02cb15,bc58fed2,bd05174a,bf7fb633,1,38750948

10679,-22,-66,329,242,855,15524,-301,1855,-3506,bd046d4f,bc53f011,bd061cf3,bf7fb518,bd046d2d,bc53f010,bd061cf9,bf7fb518,1,38758966

10680,-111,-87,377,110,977,15712,-301,1855,-3506,bd064da3,bc4def88,bd07b8e8,bf7fb393,bd064d81,bc4def87,bd07b8ee,bf7fb393,1,38767485

10681,-194,-103,296,183,1518,15763,-289,1837,-3580,bd07c3d7,bc48273d,bd0a5c2a,bf7fb1ac,bd07c3b5,bc48273c,bd0a5c30,bf7fb1ac,1,38776003

10682,-161,-165,166,-51,1373,15773,-295,1861,-3650,bd087b98,bc400d9f,bd0c97bc,bf7fb076,bd087b76,bc400d9e,bd0c97c2,bf7fb076,1,38784522

10683,-110,-158,159,-258,1280,15650,-295,1861,-3650,bd092b42,bc372d4f,bd0e7077,bf7faf7b,bd092b20,bc372d4e,bd0e707d,bf7faf7b,1,38793041

10684,-74,-75,217,-213,1588,15689,-363,1883,-3589,bd0a257f,bc305025,bd1060cc,bf7fae2b,bd0a255d,bc305024,bd1060d2,bf7fae2b,1,38801559

10685,15,28,245,-18,1597,15663,-387,1881,-3660,bd0b4727,bc2c6698,bd11d7c5,bf7face3,bd0b4705,bc2c6696,bd11d7ca,bf7face2,1,38810078

10686,110,41,288,137,1142,15712,-387,1881,-3660,bd0c9fbb,bc295d89,bd1236f1,bf7fac11,bd0c9f99,bc295d87,bd1236f7,bf7fac11,1,38818597

10687,119,-14,259,114,1650,15750,-391,1883,-3627,bd0dd01a,bc253975,bd132791,bf7fab0a,bd0dcff7,bc253972,bd132797,bf7fab09,1,38827115

10688,204,-19,88,-376,1395,15666,-405,1875,-3554,bd0e2659,bc1ec622,bd136029,bf7faafc,bd0e2636,bc1ec620,bd13602f,bf7faafb,1,38835634

10689,262,45,86,125,1016,15665,-405,1875,-3554,bd0e76ab,bc1bf44f,bd12ce65,bf7fab3e,bd0e7688,bc1bf44d,bd12ce6b,bf7fab3d,1,38844152

10690,239,46,129,127,1259,15647,-371,1865,-3508,bd0f06ce,bc1940ad,bd12af0a,bf7fab19,bd0f06ab,bc1940ac,bd12af10,bf7fab19,1,38852671

10691,211,-8,156,-318,1558,15685,-331,1859,-3577,bd0fbca5,bc138183,bd130fc2,bf7faab3,bd0fbc82,bc138182,bd130fc8,bf7faab3,1,38860689

10692,275,50,128,180,1279,15668,-403,1837,-3607,bd10567c,bc1128e4,bd12d60b,bf7faa93,bd105659,bc1128e3,bd12d611,bf7faa93,1,38869208

10693,282,62,99,348,1027,15654,-403,1837,-3607,bd10c76e,bc0fe5bc,bd124110,bf7faab4,bd10c74b,bc0fe5bb,bd124116,bf7faab4,1,38877726

10694,225,-28,55,104,845,15663,-367,1829,-3662,bd10fb90,bc0b953d,bd11c721,bf7fab01,bd10fb6c,bc0b953c,bd11c726,bf7fab00,1,38886245

10695,101,-122,47,-130,1070,15713,-385,1859,-3634,bd1114b2,bc0453c8,bd1230c4,bf7faaf4,bd11148f,bc0453c8,bd1230ca,bf7faaf5,1,38894771

10696,25,-103,73,-275,1167,15687,-385,1859,-3634,bd115241,bbf9cc92,bd131f30,bf7faa85,bd11521d,bbf9cc90,bd131f36,bf7faa85,1,38903289

10697,19,-60,93,-407,1317,15690,-327,1817,-3596,bd11c0ef,bbec0ed5,bd14565a,bf7fa9c6,bd11c0cb,bbec0ed2,bd145660,bf7fa9c6,1,38911808

10698,48,18,75,-23,1299,15686,-381,1849,-3647,bd120735,bbe50281,bd1545a8,bf7fa92d,bd120710,bbe5027d,bd1545ad,bf7fa92c,1,38920326

10699,76,50,57,184,1391,15675,-381,1849,-3647,bd12341e,bbe16f13,bd16252a,bf7fa89d,bd1233f9,bbe16f0f,bd16252f,bf7fa89c,1,38928845

10700,109,-9,28,322,1307,15715,-429,1819,-3596,bd12482f,bbdcbb49,bd16d562,bf7fa83a,bd12480a,bbdcbb45,bd16d567,bf7fa839,1,38937364

10701,127,-138,-14,340,1320,15655,-401,1873,-3588,bd120077,bbd2ddb7,bd174ed4,bf7fa83d,bd120052,bbd2ddb3,bd174eda,bf7fa83d,1,38945882

10702,128,-283,-59,-190,1317,15668,-401,1873,-3588,bd117afe,bbbdf289,bd17d0b1,bf7fa87d,bd117ada,bbbdf286,bd17d0b7,bf7fa87e,1,38953900

10703,133,-287,-76,-597,1472,15686,-383,1837,-3607,bd10f38d,bba578d4,bd189105,bf7fa89b,bd10f368,bba578cf,bd18910a,bf7fa89b,1,38962419

10704,166,-160,-42,-520,1433,15658,-329,1873,-3614,bd108b6f,bb93413c,bd18f6be,bf7fa8c6,bd108b4a,bb934138,bd18f6c3,bf7fa8c6,1,38970937

10705,209,-21,-3,-23,1166,15650,-345,1823,-3601,bd107242,bb8b4c91,bd18e995,bf7fa8ef,bd10721d,bb8b4c8d,bd18e99a,bf7fa8ef,1,38979456

10706,191,-29,29,-245,1159,15674,-345,1823,-3601,bd1085f5,bb80fd4d,bd18f50d,bf7fa8f2,bd1085d0,bb80fd49,bd18f512,bf7fa8f2,1,38987975

10707,150,-25,51,-305,1182,15680,-401,1867,-3584,bd10a459,bb6ca1a5,bd192525,bf7fa8d8,bd10a434,bb6ca19d,bd19252a,bf7fa8d8,1,38996493

10708,111,17,33,-441,1373,15675,-423,1813,-3634,bd10c835,bb5871db,bd19e7f1,bf7fa861,bd10c811,bb5871d5,bd19e7f7,bf7fa862,1,39005012

10709,111,75,15,-372,1235,15672,-423,1813,-3634,bd10d594,bb4a8830,bd1a79e4,bf7fa80d,bd10d56f,bb4a8829,bd1a79e9,bf7fa80c,1,39013531

10710,116,143,40,-782,1382,15668,-407,1885,-3642,bd10e780,bb3afe81,bd1afe64,bf7fa7be,bd10e75c,bb3afe7c,bd1afe69,bf7fa7be,1,39022049

10711,129,328,62,-33,1199,15710,-379,1847,-3641,bd1128dc,bb4925cb,bd1b3e6c,bf7fa768,bd1128b7,bb4925c5,bd1b3e71,bf7fa767,1,39030568

10712,134,349,69,-47,1317,15705,-379,1847,-3641,bd1174bc,bb58b5b8,bd1b9ac3,bf7fa6f7,bd117498,bb58b5b2,bd1b9ac9,bf7fa6f7,1,39039087

10713,129,300,89,21,1343,15681,-351,1853,-3601,bd11d58d,bb655665,bd1c0244,bf7fa676,bd11d568,bb65565f,bd1c024a,bf7fa675,1,39047605

10714,129,243,92,39,1497,15689,-365,1839,-3600,bd123e76,bb6d7f96,bd1ca255,bf7fa5d2,bd123e51,bb6d7f92,bd1ca25b,bf7fa5d1,1,39056124

10715,172,178,80,-199,1341,15657,-365,1839,-3600,bd12965f,bb6b756e,bd1cdea8,bf7fa57c,bd12963b,bb6b756c,bd1cdeaf,bf7fa57d,1,39064142

10716,200,172,75,-30,1392,15667,-389,1797,-3599,bd12fb21,bb6c07c4,bd1d1fd3,bf7fa51a,bd12fafc,bb6c07c0,bd1d1fd9,bf7fa51a,1,39072661

10717,222,168,74,-122,1320,15672,-357,1781,-3613,bd136515,bb6a6e0f,bd1d348c,bf7fa4d2,bd1364f0,bb6a6e0a,bd1d3492,bf7fa4d1,1,39081179

10718,229,163,75,-107,1271,15671,-381,1889,-3618,bd139a86,bb689420,bd1ceada,bf7fa4e2,bd139a61,bb68941c,bd1ceae1,bf7fa4e2,1,39089698

10719,222,168,88,-160,1294,15680,-381,1889,-3618,bd13e262,bb66252a,bd1cb2a2,bf7fa4dd,bd13e23c,bb662525,bd1cb2a9,bf7fa4dc,1,39098217

10720,217,169,95,-186,1321,15659,-381,1829,-3583,bd145377,bb637597,bd1cb3f7,bf7fa49d,bd145351,bb637593,bd1cb3fe,bf7fa49c,1,39106735

10721,202,164,110,-130,1255,15689,-389,1859,-3572,bd14c90b,bb616088,bd1ca162,bf7fa466,bd14c8e6,bb616086,bd1ca16a,bf7fa466,1,39115254

10722,176,141,145,-81,1107,15680,-389,1859,-3572,bd156b82,bb5e2afe,bd1c85bd,bf7fa41b,bd156b5d,bb5e2afc,bd1c85c5,bf7fa41b,1,39123772

10723,129,131,135,-307,1359,15721,-407,1839,-3555,bd160db6,bb564bb2,bd1d0609,bf7fa373,bd160d91,bb564baf,bd1d0611,bf7fa373,1,39132291

10724,132,147,129,-407,1294,15662,-391,1829,-3613,bd16ab94,bb4dbfeb,bd1d7235,bf7fa2da,bd16ab6f,bb4dbfe8,bd1d723d,bf7fa2da,1,39140810

10725,156,242,117,-100,1344,15679,-391,1829,-3613,bd173a32,bb531d38,bd1dc37d,bf7fa250,bd173a0d,bb531d35,bd1dc385,bf7fa250,1,39149328

10726,179,246,158,-9,1269,15666,-353,1833,-3625,bd17fad7,bb5a4a57,bd1dd763,bf7fa1cc,bd17fab3,bb5a4a53,bd1dd76b,bf7fa1cc,1,39157847

10727,170,235,181,39,1298,15666,-367,1801,-3531,bd18eceb,bb615cd4,bd1e1829,bf7fa10e,bd18ecc6,bb615cce,bd1e1830,bf7fa10d,1,39165865

10728,166,191,194,221,1206,15651,-367,1801,-3531,bd19eb99,bb67eb48,bd1e42fa,bf7fa055,bd19eb74,bb67eb44,bd1e4301,bf7fa054,1,39174384

10729,147,97,163,60,1268,15663,-309,1813,-3604,bd1ab1eb,bb63d024,bd1e904e,bf7f9fb0,bd1ab1c6,bb63d020,bd1e9055,bf7f9faf,1,39182902

10730,117,1,119,25,1294,15674,-327,1815,-3532,bd1b3a55,bb57530a,bd1f134d,bf7f9f17,bd1b3a31,bb575307,bd1f1355,bf7f9f17,1,39191421

10731,101,-49,86,-394,1395,15657,-327,1815,-3532,bd1b97b0,bb3fa811,bd1fcd12,bf7f9e7d,bd1b978c,bb3fa80e,bd1fcd1a,bf7f9e7d,1,39199940

10732,118,-5,70,-422,1561,15665,-341,1833,-3628,bd1bd618,bb2b1772,bd208fe7,bf7f9deb,bd1bd5f3,bb2b176d,bd208fee,bf7f9dea,1,39208458

10733,176,98,71,-317,1367,15659,-383,1837,-3545,bd1c1c2c,bb20f611,bd20c6a4,bf7f9da5,bd1c1c08,bb20f60d,bd20c6ac,bf7f9da5,1,39216977

10734,207,193,75,-189,1313,15679,-325,1849,-3538,bd1c6347,bb213e22,bd20b23c,bf7f9d86,bd1c6323,bb213e1e,bd20b243,bf7f9d85,1,39225495

10735,206,229,74,-74,1308,15670,-325,1849,-3538,bd1ca98e,bb26941d,bd209af6,bf7f9d66,bd1ca96a,bb26941a,bd209afd,bf7f9d65,1,39234014

10736,205,206,65,-13,1234,15695,-369,1811,-3605,bd1cf394,bb2af192,bd208677,bf7f9d43,bd1cf370,bb2af18f,bd20867e,bf7f9d42,1,39242533

10737,194,163,52,-57,1377,15639,-371,1845,-3632,bd1d1859,bb2afe72,bd209905,bf7f9d20,bd1d1835,bb2afe70,bd20990c,bf7f9d1f,1,39251051

10738,186,129,53,404,1358,15788,-371,1845,-3632,bd1d3720,bb30f500,bd20a875,bf7f9cff,bd1d36fd,bb30f4ff,bd20a87d,bf7f9d00,1,39259069

10739,185,34,97,-302,1333,15641,-333,1811,-3651,bd1da2f6,bb216524,bd20d584,bf7f9cac,bd1da2d2,bb216523,bd20d58b,bf7f9cac,1,39268089

10740,192,5,40,-505,1476,15692,-373,1813,-3595,bd1dc550,bb0c34cc,bd212796,bf7f9c6f,bd1dc52d,bb0c34cb,bd21279d,bf7f9c70,1,39276107

10741,231,88,29,-235,1329,15663,-373,1813,-3595,bd1dda08,bb02d9f0,bd211310,bf7f9c75,bd1dd9e4,bb02d9ee,bd211316,bf7f9c74,1,39284625

10742,234,163,24,-237,1245,15688,-377,1817,-3610,bd1de99f,baff71c7,bd20d9eb,bf7f9c91,bd1de97b,baff71c3,bd20d9f1,bf7f9c90,1,39293144

10743,224,179,24,-193,1278,15674,-351,1809,-3651,bd1dfaeb,bafdaf89,bd20b9ba,bf7f9c9b,bd1dfac7,bafdaf85,bd20b9c0,bf7f9c9a,1,39301662

10744,230,202,35,-121,1303,15687,-351,1809,-3651,bd1e1b5e,bb013e17,bd209721,bf7f9c9b,bd1e1b3b,bb013e17,bd209728,bf7f9c9b,1,39310181

10745,226,183,57,-91,1199,15662,-423,1809,-3682,bd1e59df,bb024d48,bd205da6,bf7f9c98,bd1e59bc,bb024d47,bd205dac,bf7f9c97,1,39318700

10746,208,148,74,-99,1262,15686,-341,1805,-3619,bd1eae5d,bb008539,bd205303,bf7f9c6b,bd1eae3b,bb00853a,bd205309,bf7f9c6b,1,39327218

10747,183,131,58,-137,1264,15669,-375,1793,-3547,bd1ef6ed,baf99204,bd2078ff,bf7f9c28,bd1ef6cb,baf99206,bd207905,bf7f9c28,1,39335737

10748,175,143,38,-143,1318,15648,-375,1793,-3547,bd1f250b,baf43be8,bd20b8c5,bf7f9be5,bd1f24e9,baf43bea,bd20b8cb,bf7f9be5,1,39344255

10749,168,152,22,-212,1387,15663,-417,1793,-3574,bd1f3fa5,baedd857,bd2118fe,bf7f9b99,bd1f3f83,baedd859,bd211904,bf7f9b98,1,39352774

10750,189,159,24,-133,1311,15670,-403,1787,-3645,bd1f5bd3,baeb425f,bd2143f0,bf7f9b6d,bd1f5bb1,baeb4262,bd2143f6,bf7f9b6c,1,39361293

10751,198,155,15,-76,1256,15701,-403,1787,-3645,bd1f6af2,baea30bc,bd214fa0,bf7f9b5c,bd1f6ad0,baea30bf,bd214fa6,bf7f9b5b,1,39369311

10752,188,144,11,-169,1297,15698,-389,1787,-3639,bd1f74aa,bae3e03f,bd21761f,bf7f9b3f,bd1f7489,bae3e044,bd217626,bf7f9b40,1,39377830

10753,175,134,19,-152,1393,15689,-381,1801,-3577,bd1f832a,badd0e70,bd21c2da,bf7f9b07,bd1f8308,badd0e71,bd21c2e1,bf7f9b07,1,39386348

10754,195,138,17,-125,1269,15663,-381,1801,-3577,bd1f8ed1,bad7a56c,bd21cf1c,bf7f9af9,bd1f8eaf,bad7a56d,bd21cf23,bf7f9af9,1,39394867

10755,201,133,22,-128,1296,15666,-333,1795,-3606,bd1fa095,bad1652c,bd21da9d,bf7f9ae8,bd1fa074,bad1652e,bd21daa4,bf7f9ae8,1,39403386

10756,191,123,7,-82,1336,15680,-317,1801,-3590,bd1f9a0b,bacb82e1,bd21fa40,bf7f9ada,bd1f99ea,bacb82e3,bd21fa47,bf7f9ada,1,39411904

10757,207,109,1,-37,1282,15694,-317,1801,-3590,bd1f8a2e,bac4cf4c,bd21f46e,bf7f9ae8,bd1f8a0e,bac4cf4e,bd21f476,bf7f9ae9,1,39420423

10758,195,82,-1,-103,1341,15664,-359,1805,-3636,bd1f74f2,bab73c63,bd2211eb,bf7f9ae6,bd1f74d1,bab73c62,bd2211f1,bf7f9ae5,1,39428942

10759,202,61,5,-386,1437,15659,-393,1835,-3609,bd1f5d68,ba9b8ed9,bd2236bd,bf7f9ae0,bd1f5d48,ba9b8eda,bd2236c4,bf7f9ae1,1,39437460

10760,236,112,7,-314,1223,15660,-411,1831,-3607,bd1f4d2c,ba8a9c7b,bd21ec5e,bf7f9b1d,bd1f4d0b,ba8a9c7b,bd21ec63,bf7f9b1c,1,39445979

10761,233,177,0,-330,1406,15653,-411,1831,-3607,bd1f3737,ba848a5a,bd21dc72,bf7f9b36,bd1f3716,ba848a5a,bd21dc78,bf7f9b36,1,39454497

10762,246,240,6,-213,1346,15656,-367,1827,-3618,bd1f2b3e,ba8d8d2a,bd21a37a,bf7f9b60,bd1f2b1d,ba8d8d2a,bd21a380,bf7f9b60,1,39463016

10763,268,281,37,-173,1292,15665,-363,1799,-3618,bd1f588b,ba9e6f4f,bd214c91,bf7f9b78,bd1f5869,ba9e6f4d,bd214c97,bf7f9b77,1,39471535

10764,265,301,53,-16,1179,15695,-363,1799,-3618,bd1f9ac6,bab835c4,bd20d4e6,bf7f9b96,bd1f9aa4,bab835c3,bd20d4ed,bf7f9b96,1,39479553

10765,257,273,55,1,1193,15693,-369,1797,-3570,bd1fe15a,bacdbf7e,bd2072fe,bf7f9ba3,bd1fe138,bacdbf7d,bd207305,bf7f9ba3,1,39488071

10766,231,232,41,-42,1226,15674,-359,1777,-3610,bd201b73,badadf05,bd204c44,bf7f9b95,bd201b51,badadf03,bd204c4a,bf7f9b94,1,39496590

10767,207,204,34,-17,1250,15669,-359,1777,-3610,bd204a54,bae45caa,bd204e92,bf7f9b74,bd204a33,bae45ca8,bd204e99,bf7f9b74,1,39505109

10768,196,179,38,17,1135,15657,-365,1779,-3590,bd207cfd,baeabbe1,bd203e42,bf7f9b5d,bd207cdb,baeabbde,bd203e49,bf7f9b5c,1,39513627

10769,169,125,33,-221,1390,15659,-387,1809,-3629,bd209926,badf7543,bd20919a,bf7f9b19,bd209905,badf7541,bd2091a1,bf7f9b19,1,39522146

10770,179,116,45,-160,1416,15676,-387,1809,-3629,bd20c3f4,bad507cb,bd20ddbc,bf7f9ad1,bd20c3d3,bad507c9,bd20ddc3,bf7f9ad1,1,39530665

10771,214,138,48,-101,1345,15695,-359,1785,-3649,bd20fcfc,bad04e10,bd20ee94,bf7f9aa3,bd20fcdb,bad04e10,bd20ee9b,bf7f9aa3,1,39539183

10772,232,142,44,-53,1212,15665,-327,1831,-3573,bd211b49,bacdfff7,bd20a35c,bf7f9ac0,bd211b28,bacdfff6,bd20a363,bf7f9ac0,1,39547702

10773,224,131,16,-69,1269,15658,-371,1843,-3578,bd210f09,bac98711,bd206f14,bf7f9ae9,bd210ee8,bac98710,bd206f1b,bf7f9ae9,1,39556220

10774,203,115,-5,-33,1221,15682,-371,1843,-3578,bd20e56a,bac3f63f,bd204919,bf7f9b1c,bd20e549,bac3f63e,bd204920,bf7f9b1c,1,39564739

10775,199,84,-27,-148,1251,15654,-343,1803,-3554,bd20b1c0,bab5520c,bd204ea0,bf7f9b3c,bd20b19e,bab5520a,bd204ea6,bf7f9b3b,1,39573258

10776,184,74,1,-302,1329,15681,-377,1833,-3569,bd2096da,ba9f55fa,bd206f56,bf7f9b3c,bd2096b8,ba9f55f9,bd206f5c,bf7f9b3b,1,39581275

10777,184,124,18,-201,1325,15685,-377,1833,-3569,bd209421,ba958b4a,bd208ab5,bf7f9b2e,bd209400,ba958b4b,bd208abc,bf7f9b2e,1,39589794

10778,212,168,28,-102,1260,15658,-411,1829,-3634,bd20a0b6,ba9655c2,bd206b33,bf7f9b3a,bd20a094,ba9655c3,bd206b3a,bf7f9b39,1,39598313

10779,203,187,37,-126,1258,15678,-377,1807,-3564,bd20c72c,ba999d95,bd20664d,bf7f9b24,bd20c70a,ba999d97,bd206655,bf7f9b24,1,39606831

10780,192,179,38,-300,1313,15670,-377,1807,-3564,bd20f06e,ba95448b,bd2082e2,bf7f9af9,bd20f04b,ba95448b,bd2082e9,bf7f9af8,1,39615350

10781,206,212,26,-130,1299,15687,-357,1799,-3638,bd210987,ba9c9d6b,bd208520,bf7f9ae7,bd210965,ba9c9d6c,bd208527,bf7f9ae7,1,39623868

10782,220,228,1,-63,1291,15678,-383,1835,-3569,bd20f2e0,baa93e70,bd205dae,bf7f9b0c,bd20f2bd,baa93e70,bd205db4,bf7f9b0b,1,39632387

10783,224,210,-11,109,1195,15671,-383,1835,-3569,bd20c959,bab91ae5,bd2013b7,bf7f9b52,bd20c937,bab91ae4,bd2013be,bf7f9b52,1,39640906

10784,207,161,-9,156,1227,15690,-353,1813,-3593,bd20a88b,bac26f47,bd1ff853,bf7f9b76,bd20a869,bac26f45,bd1ff85a,bf7f9b76,1,39649425

10785,195,60,13,-12,1255,15661,-325,1847,-3564,bd209173,bab47adb,bd1fe89a,bf7f9b90,bd209151,bab47ad8,bd1fe8a1,bf7f9b90,1,39657943

10786,187,18,20,-210,1271,15677,-403,1831,-3595,bd208d5b,ba97fe26,bd1ff8fa,bf7f9b8e,bd208d39,ba97fe24,bd1ff901,bf7f9b8e,1,39666462

10787,186,32,20,-300,1274,15693,-403,1831,-3595,bd208af4,ba756adb,bd200b54,bf7f9b88,bd208ad1,ba756ad9,bd200b5b,bf7f9b87,1,39674480

10788,190,89,14,-408,1295,15702,-361,1809,-3595,bd208dd2,ba476051,bd2027fd,bf7f9b75,bd208db0,ba476053,bd202805,bf7f9b76,1,39682998

10789,199,178,16,-350,1281,15659,-377,1821,-3577,bd2092b4,ba3b8fc8,bd2029ec,bf7f9b73,bd209292,ba3b8fc8,bd2029f3,bf7f9b73,1,39691517

10790,211,261,6,-173,1244,15662,-377,1821,-3577,bd208c79,ba58aef1,bd200a3c,bf7f9b89,bd208c57,ba58aef0,bd200a43,bf7f9b89,1,39700036

10791,212,283,6,-87,1314,15678,-375,1763,-3543,bd20a489,ba81b802,bd2021a0,bf7f9b69,bd20a466,ba81b800,bd2021a6,bf7f9b68,1,39708554

10792,216,258,31,3,1185,15687,-371,1793,-3561,bd20cc30,ba95b6f8,bd1ff9d7,bf7f9b66,bd20cc0d,ba95b6f5,bd1ff9dd,bf7f9b65,1,39717073

10793,214,218,45,41,1197,15692,-371,1793,-3561,bd210427,baa42a85,bd1fda3e,bf7f9b54,bd210404,baa42a84,bd1fda44,bf7f9b54,1,39725591

10794,186,160,49,-40,1373,15660,-363,1821,-3611,bd212f05,baa63376,bd200511,bf7f9b1e,bd212ee2,baa63373,bd200517,bf7f9b1d,1,39734110

10795,199,135,58,-33,1222,15688,-351,1851,-3559,bd215736,baa3f101,bd1fe04d,bf7f9b1c,bd215714,baa3f100,bd1fe054,bf7f9b1c,1,39742629

10796,207,137,50,-101,1196,15689,-351,1851,-3559,bd217593,ba9f853f,bd1faa35,bf7f9b2b,bd217570,ba9f853e,bd1faa3b,bf7f9b2a,1,39751147

10797,173,125,23,-279,1274,15668,-339,1841,-3551,bd2175ea,ba93515c,bd1fc23f,bf7f9b1e,bd2175c7,ba93515b,bd1fc245,bf7f9b1d,1,39759666

10798,172,157,-2,-98,1267,15663,-361,1841,-3585,bd2153a9,ba9320ec,bd1fd4f7,bf7f9b28,bd215387,ba9320ec,bd1fd4fd,bf7f9b27,1,39768184

10799,164,167,-5,-425,1135,15662,-339,1767,-3646,bd2152e3,ba881609,bd1ff939,bf7f9b13,bd2152c2,ba88160a,bd1ff940,bf7f9b14,1,39776703

10800,136,227,18,52,1415,15655,-339,1767,-3646,bd216e2f,ba99982e,bd208dcb,bf7f9aa2,bd216e0d,ba99982b,bd208dd1,bf7f9aa1,1,39784721

10801,147,255,31,-153,1337,15666,-329,1801,-3639,bd218df9,baa7c5c8,bd20e53e,bf7f9a55,bd218dd7,baa7c5c6,bd20e544,bf7f9a54,1,39793240

10802,167,244,51,-238,1399,15669,-363,1795,-3664,bd21cc49,bab05a64,bd213b14,bf7f99f6,bd21cc28,bab05a63,bd213b1a,bf7f99f5,1,39801758

10803,191,288,73,184,1102,15676,-363,1795,-3664,bd222556,bacfd688,bd210c27,bf7f99d5,bd222536,bacfd688,bd210c2e,bf7f99d5,1,39810277

10804,169,234,68,-6,1219,15691,-367,1757,-3606,bd228c6f,baded20e,bd21403d,bf7f996f,bd228c4e,baded20e,bd214044,bf7f996e,1,39818796

10805,152,181,42,-166,1197,15698,-393,1849,-3701,bd229ec7,bade9bff,bd2145e7,bf7f9960,bd229ea6,bade9bff,bd2145ee,bf7f995f,1,39827314

10806,144,185,24,-108,1244,15690,-393,1849,-3701,bd229854,bae1ad13,bd21649d,bf7f9950,bd229833,bae1ad15,bd2164a4,bf7f994f,1,39835833

10807,147,192,4,-174,1303,15679,-367,1731,-3588,bd22b626,bae3d037,bd21e32c,bf7f98ed,bd22b606,bae3d03a,bd21e334,bf7f98ed,1,39844352

10808,153,205,-21,-95,1289,15685,-423,1747,-3631,bd22abcf,baeaefb1,bd224d99,bf7f98ae,bd22abaf,baeaefb4,bd224da1,bf7f98ae,1,39852870

10809,160,220,-26,105,1222,15671,-423,1747,-3631,bd229903,bafc5d59,bd229536,bf7f9888,bd2298e2,bafc5d5c,bd22953e,bf7f9887,1,39861389

10810,149,181,-12,66,1346,15676,-335,1741,-3668,bd229384,bb02d019,bd230cb2,bf7f983e,bd229364,bb02d01c,bd230cbb,bf7f983e,1,39869907

10811,154,124,-2,32,1304,15656,-337,1755,-3652,bd2292a0,bb01e9e4,bd236b31,bf7f9803,bd22927f,bb01e9e6,bd236b3a,bf7f9802,1,39878426

10812,157,91,3,-136,1370,15668,-361,1759,-3586,bd229a3d,baf64dc5,bd23dcf3,bf7f97b8,bd229a1c,baf64dcb,bd23dcfc,bf7f97b7,1,39886945

10813,171,92,2,-21,1283,15659,-361,1759,-3586,bd229f1c,baed1b8f,bd241fec,bf7f978c,bd229efc,baed1b95,bd241ff5,bf7f978b,1,39894963

10814,175,100,0,-93,1305,15654,-357,1779,-3609,bd229769,bae2b21e,bd2455e7,bf7f9771,bd229749,bae2b225,bd2455f0,bf7f9770,1,39903481

10815,179,104,8,-105,1311,15688,-369,1777,-3584,bd229d3b,bad88b0e,bd2489ed,bf7f974e,bd229d1b,bad88b15,bd2489f6,bf7f974d,1,39912000

10816,192,121,-2,-105,1267,15678,-369,1777,-3584,bd229678,bad13e0e,bd249e21,bf7f9747,bd229658,bad13e17,bd249e2a,bf7f9746,1,39920518

10817,188,121,-13,-92,1220,15648,-351,1775,-3627,bd227f2e,baca7bb3,bd24a7f5,bf7f9751,bd227f0e,baca7bbf,bd24a7fe,bf7f9750,1,39929037

10818,167,121,-16,-89,1308,15684,-381,1787,-3608,bd225fee,bac42ebd,bd24e2da,bf7f9740,bd225fce,bac42ecb,bd24e2e4,bf7f9740,1,39937556

10819,164,136,-22,-38,1312,15682,-381,1787,-3608,bd2238b5,bac2781d,bd2520f9,bf7f9731,bd223895,bac2782d,bd252103,bf7f9731,1,39946074

10820,177,129,-15,-91,1307,15664,-301,1777,-3632,bd221b5b,babd91d1,bd254c3c,bf7f9728,bd221b3b,babd91e0,bd254c46,bf7f9728,1,39954593

10821,185,130,-10,-80,1308,15654,-317,1743,-3667,bd221456,bab909e4,bd2581dd,bf7f970b,bd221435,bab909f2,bd2581e6,bf7f970a,1,39963112

10822,191,143,3,-174,1402,15676,-317,1743,-3667,bd222047,bab34025,bd25ca67,bf7f96d6,bd222026,bab34034,bd25ca70,bf7f96d5,1,39971630

10823,220,156,13,-24,1298,15696,-355,1781,-3660,bd22284f,bab4f1d9,bd25b4af,bf7f96de,bd22282e,bab4f1ea,bd25b4b9,bf7f96de,1,39980149

10824,226,155,13,-45,1256,15656,-305,1765,-3591,bd2238c4,bab59e32,bd25953f,bf7f96e8,bd2238a3,bab59e42,bd259549,bf7f96e8,1,39988667

10825,213,142,21,-94,1310,15679,-307,1783,-3587,bd224b63,bab27e02,bd258d33,bf7f96e2,bd224b42,bab27e11,bd258d3d,bf7f96e2,1,39996685

10826,225,150,17,-20,1180,15685,-307,1783,-3587,bd225853,bab3262c,bd254e76,bf7f9702,bd225831,bab3263a,bd254e7f,bf7f9701,1,40005204

10827,208,132,19,-12,1175,15678,-327,1747,-3622,bd227803,bab110ca,bd253c33,bf7f96fa,bd2277e2,bab110db,bd253c3d,bf7f96fa,1,40013722

10828,173,115,20,-106,1219,15679,-331,1775,-3631,bd228b53,baa8fe35,bd255663,bf7f96de,bd228b31,baa8fe45,bd25566d,bf7f96dd,1,40022241

10829,155,111,18,-143,1247,15689,-331,1775,-3631,bd229c01,ba9f1fbc,bd259122,bf7f96af,bd229bdf,ba9f1fcd,bd25912c,bf7f96ae,1,40030760

10830,155,129,23,-154,1273,15674,-367,1813,-3676,bd22a162,ba97ba0c,bd25b9a8,bf7f9693,bd22a140,ba97ba1e,bd25b9b2,bf7f9692,1,40039278

10831,152,151,25,-181,1295,15662,-315,1837,-3687,bd229ce4,ba9342c2,bd25d99f,bf7f9682,bd229cc2,ba9342d5,bd25d9aa,bf7f9682,1,40047797

10832,150,174,17,-192,1303,15676,-315,1837,-3687,bd228ef7,ba925cf9,bd25fcdd,bf7f9674,bd228ed5,ba925d0c,bd25fce8,bf7f9674,1,40056316

10833,153,207,-2,-139,1210,15687,-353,1767,-3632,bd228e8d,ba98f2a9,bd262e8e,bf7f9653,bd228e6b,ba98f2bb,bd262e99,bf7f9653,1,40064834

10834,133,236,7,-95,1157,15649,-357,1759,-3678,bd229d8c,baa5e1ee,bd266bdd,bf7f961f,bd229d6a,baa5e202,bd266be7,bf7f961e,1,40073353

10835,81,253,35,-39,1328,15692,-357,1759,-3678,bd22d1eb,bab82c6c,bd2720bb,bf7f9585,bd22d1c9,bab82c83,bd2720c5,bf7f9584,1,40081871

10836,79,247,58,155,1235,15691,-353,1803,-3652,bd230d34,bad08b07,bd279b6d,bf7f9509,bd230d13,bad08b1f,bd279b78,bf7f9509,1,40090390

10837,59,181,77,258,1156,15666,-359,1805,-3707,bd2359a5,bae1cf5e,bd281472,bf7f9486,bd235984,bae1cf74,bd28147d,bf7f9485,1,40098408

10838,15,81,131,-268,1395,15697,-341,1775,-3597,bd24016f,bace50ad,bd293312,bf7f9362,bd24014e,bace50c3,bd29331d,bf7f9361,1,40106927

10839,13,85,174,-120,1320,15687,-341,1775,-3597,bd24e092,bac0aa67,bd2a3959,bf7f9226,bd24e072,bac0aa82,bd2a3963,bf7f9226,1,40115445

10840,38,124,183,-194,1401,15661,-337,1763,-3593,bd25d3a2,bab6e4e9,bd2b38c4,bf7f90e0,bd25d381,bab6e502,bd2b38cd,bf7f90df,1,40123964

10841,74,148,174,-294,1657,15659,-315,1761,-3686,bd26b81b,baada69b,bd2c4bc6,bf7f8f94,bd26b7fa,baada6b4,bd2c4bcf,bf7f8f93,1,40132482

10842,174,223,152,-148,1413,15647,-315,1761,-3686,bd278115,bab581c5,bd2c87eb,bf7f8ee7,bd2780f4,bab581dd,bd2c87f5,bf7f8ee7,1,40141001

10843,208,279,110,113,1319,15668,-351,1799,-3649,bd2801c2,bad09769,bd2c5d95,bf7f8eaa,bd2801a1,bad09783,bd2c5da0,bf7f8eab,1,40149520

10844,209,241,95,260,1263,15673,-323,1803,-3592,bd2869c2,baea313a,bd2c2197,bf7f8e89,bd2869a0,baea3151,bd2c21a0,bf7f8e88,1,40158038

10845,182,149,77,18,1430,15656,-323,1803,-3592,bd28b73f,baebe73b,bd2c4312,bf7f8e3e,bd28b71d,baebe752,bd2c431b,bf7f8e3d,1,40166557

10846,185,100,64,-166,1430,15653,-305,1785,-3712,bd28f5cd,bade7543,bd2c6a84,bf7f8dfe,bd28f5ab,bade755e,bd2c6a8d,bf7f8dfe,1,40175075

10847,190,119,55,-57,1380,15666,-337,1757,-3636,bd2939c6,bad86ccc,bd2c8fd8,bf7f8db9,bd2939a3,bad86ce7,bd2c8fe1,bf7f8db8,1,40183594

10848,208,148,30,-168,1412,15664,-337,1757,-3636,bd295efe,bad34479,bd2ca59d,bf7f8d92,bd295edb,bad34497,bd2ca5a6,bf7f8d91,1,40191612

10849,223,161,18,-183,1368,15675,-355,1815,-3560,bd295c6f,bacfe7fd,bd2c78ef,bf7f8db3,bd295c4d,bacfe81d,bd2c78f9,bf7f8db3,1,40200131

10850,238,226,18,-35,1278,15674,-339,1793,-3725,bd295f47,badc8b7c,bd2c1bc9,bf7f8ded,bd295f25,badc8b9a,bd2c1bd3,bf7f8ded,1,40208649

10851,244,225,20,-75,1280,15662,-341,1765,-3693,bd2974ab,bae745a3,bd2bcdd6,bf7f8e11,bd297489,bae745c2,bd2bcde0,bf7f8e11,1,40217168

10852,232,220,6,7,1320,15678,-341,1765,-3693,bd297605,baf48100,bd2b9c1b,bf7f8e2e,bd2975e4,baf4811f,bd2b9c25,bf7f8e2e,1,40225686

10853,235,199,2,-22,1330,15661,-315,1739,-3652,bd297e54,bafcf791,bd2b7c3d,bf7f8e3c,bd297e33,bafcf7b1,bd2b7c47,bf7f8e3c,1,40234205

10854,240,176,-3,34,1299,15662,-297,1759,-3651,bd29739f,bb01ca98,bd2b3fbb,bf7f8e6b,bd29737e,bb01caa6,bd2b3fc5,bf7f8e6a,1,40242724

10855,243,150,-8,9,1297,15662,-297,1759,-3651,bd29613c,bb026e67,bd2b0113,bf7f8ea1,bd29611b,bb026e76,bd2b011d,bf7f8ea0,1,40251242

10856,243,135,-6,18,1325,15673,-321,1767,-3680,bd294cd0,bb01ff90,bd2ac74c,bf7f8ed5,bd294caf,bb01ff9f,bd2ac756,bf7f8ed4,1,40259761

10857,231,102,-8,-32,1287,15658,-309,1855,-3655,bd290a99,bafbbcc1,bd2a5f0b,bf7f8f48,bd290a79,bafbbce1,bd2a5f16,bf7f8f48,1,40268279

10858,218,87,-15,-141,1326,15663,-309,1855,-3655,bd28bfd2,baed29f0,bd2a1759,bf7f8fac,bd28bfb2,baed2a0f,bd2a1764,bf7f8fac,1,40276798

10859,217,113,-18,-114,1281,15666,-335,1823,-3602,bd2884c9,bae4237f,bd29dadc,bf7f8ffd,bd2884a9,bae4239e,bd29dae7,bf7f8ffd,1,40285317

10860,212,135,-15,-123,1291,15661,-295,1709,-3624,bd288372,bade79e6,bd29ea20,bf7f8ff5,bd288352,bade7a05,bd29ea2b,bf7f8ff5,1,40293835

10861,206,162,-13,-69,1315,15651,-295,1709,-3624,bd28858d,badf6aa6,bd2a064b,bf7f8fe1,bd28856d,badf6ac4,bd2a0656,bf7f8fe1,1,40301853

10862,210,176,-4,-61,1352,15688,-325,1763,-3660,bd287ab3,bae3040d,bd2a066d,bf7f8fe7,bd287a93,bae3042d,bd2a0678,bf7f8fe7,1,40310371

10863,220,183,1,4,1235,15680,-321,1795,-3498,bd286d21,bae9f423,bd29ca6f,bf7f9016,bd286d02,bae9f442,bd29ca7a,bf7f9016,1,40318890

10864,213,170,2,-1,1209,15678,-327,1767,-3580,bd286afd,baee6fc6,bd299e6e,bf7f9034,bd286ade,baee6fe3,bd299e78,bf7f9033,1,40327409

10865,193,153,20,20,1298,15678,-327,1767,-3580,bd287fc9,baf0efa3,bd29a84c,bf7f901f,bd287fab,baf0efc0,bd29a856,bf7f901f,1,40335927

10866,186,135,17,-6,1296,15673,-303,1791,-3524,bd28855e,baef9185,bd29aeed,bf7f9017,bd288540,baef91a2,bd29aef7,bf7f9018,1,40344446

10867,193,117,14,-108,1324,15656,-305,1765,-3493,bd2894d5,bae7b162,bd29c6b8,bf7f8fff,bd2894b6,bae7b17c,bd29c6c1,bf7f8ffe,1,40352964

10868,194,131,13,-41,1314,15682,-305,1765,-3493,bd28a2e7,bae48025,bd29d810,bf7f8feb,bd28a2c8,bae48041,bd29d819,bf7f8fea,1,40361483

10869,200,139,-8,-96,1307,15675,-373,1807,-3569,bd28814f,bae0a3da,bd29c6b9,bf7f900e,bd288130,bae0a3f9,bd29c6c2,bf7f900e,1,40370001

10870,206,141,-30,-3,1279,15668,-295,1795,-3595,bd2842f8,bae0afdb,bd29a6ab,bf7f904c,bd2842d9,bae0aff8,bd29a6b4,bf7f904c,1,40378520

10871,199,135,-27,-49,1287,15678,-295,1795,-3595,bd280906,bade1d03,bd299371,bf7f9080,bd2808e6,bade1d1e,bd299379,bf7f907f,1,40387039

10872,194,117,-12,4,1283,15686,-315,1809,-3618,bd27dac9,bada5ea9,bd297d55,bf7f90ae,bd27daa9,bada5ec4,bd297d5d,bf7f90ad,1,40395558

10873,184,106,-9,-110,1264,15674,-307,1737,-3612,bd27d404,bad09254,bd299db1,bf7f909f,bd27d3e5,bad09270,bd299db9,bf7f909f,1,40403575

10874,180,107,-18,-7,1278,15654,-307,1737,-3612,bd27bfe1,bacae3a1,bd29c64b,bf7f9092,bd27bfc2,bacae3bd,bd29c653,bf7f9092,1,40412094

10875,170,104,-15,-148,1395,15675,-315,1763,-3557,bd27a720,bac00b6c,bd2a1158,bf7f9072,bd27a701,bac00b86,bd2a115f,bf7f9071,1,40420613

10876,180,122,-7,-49,1267,15684,-329,1799,-3535,bd27890e,babb89ef,bd2a1410,bf7f9086,bd2788f0,babb8a0a,bd2a1417,bf7f9086,1,40429131

10877,185,143,3,-80,1182,15670,-295,1739,-3586,bd27935b,bab927d7,bd2a16dd,bf7f907d,bd27933d,bab927f0,bd2a16e3,bf7f907c,1,40437650

10878,152,150,10,-23,1221,15685,-295,1739,-3586,bd27a6a3,baba3d30,bd2a4fa4,bf7f904a,bd27a686,baba3d4b,bd2a4faa,bf7f904a,1,40446169

10879,128,147,6,-51,1301,15673,-311,1797,-3559,bd279a70,baba395d,bd2a9f1b,bf7f901d,bd279a53,baba3977,bd2a9f21,bf7f901d,1,40454687

10880,128,136,-13,16,1258,15662,-321,1777,-3540,bd277e18,babac9ea,bd2aef16,bf7f8ffa,bd277dfb,babaca04,bd2aef1c,bf7f8ffa,1,40463206

10881,113,125,-13,12,1148,15680,-321,1777,-3540,bd276120,bab94db7,bd2b3378,bf7f8fe0,bd276102,bab94dd1,bd2b337e,bf7f8fdf,1,40471725

10882,80,104,5,-87,1268,15655,-321,1781,-3626,bd2756a6,bab0f3d0,bd2bc14c,bf7f8f89,bd275688,bab0f3ec,bd2bc152,bf7f8f88,1,40480243

10883,58,107,8,-271,1412,15659,-291,1801,-3677,bd274568,baa2b9e6,bd2c8705,bf7f8f12,bd27454b,baa2ba03,bd2c870b,bf7f8f12,1,40488762

10884,75,163,12,-366,1209,15643,-291,1801,-3677,bd273da2,ba9a0160,bd2cf609,bf7f8ecd,bd273d86,ba9a017f,bd2cf610,bf7f8ece,1,40497280

10885,64,266,18,199,1602,15657,-333,1805,-3633,bd273d96,bab83a68,bd2ddb75,bf7f8e2d,bd273d79,bab83a84,bd2ddb7b,bf7f8e2d,1,40505799

10886,122,220,17,-79,1403,15671,-305,1823,-3601,bd273474,bac38c2c,bd2e3069,bf7f8df7,bd273457,bac38c47,bd2e306f,bf7f8df7,1,40513817

10887,157,201,16,-27,1356,15650,-305,1823,-3601,bd272833,bacd27be,bd2e48d9,bf7f8dec,bd272815,bacd27d7,bd2e48df,bf7f8deb,1,40522335

10888,151,210,12,-114,1449,15662,-297,1727,-3592,bd2745e4,bad53599,bd2ebcf0,bf7f8d88,bd2745c6,bad535b2,bd2ebcf6,bf7f8d87,1,40530854

10889,166,212,4,45,1361,15647,-285,1769,-3628,bd274100,bae323e0,bd2ee5fb,bf7f8d6c,bd2740e3,bae323f9,bd2ee602,bf7f8d6c,1,40539372

10890,186,212,4,-77,1303,15663,-289,1777,-3610,bd273ac5,baec5414,bd2ee068,bf7f8d72,bd273aa8,baec542c,bd2ee06f,bf7f8d72,1,40547891

10891,171,218,12,-55,1310,15662,-289,1777,-3610,bd273f5c,baf74aad,bd2ef083,bf7f8d61,bd273f3e,baf74ac4,bd2ef089,bf7f8d60,1,40556410

10892,161,233,2,-33,1318,15702,-289,1749,-3553,bd2746ba,bb02ce98,bd2f214e,bf7f8d37,bd27469c,bb02cea5,bd2f2155,bf7f8d37,1,40564928

10893,168,236,0,-30,1248,15667,-345,1807,-3597,bd273015,bb0a20bf,bd2f116d,bf7f8d4d,bd272ff7,bb0a20ca,bd2f1173,bf7f8d4c,1,40573447

10894,160,238,7,-8,1379,15663,-345,1807,-3597,bd2722b8,bb121037,bd2f3328,bf7f8d3a,bd27229b,bb121044,bd2f332e,bf7f8d3a,1,40581965

10895,154,229,14,59,1320,15673,-287,1759,-3610,bd2731b0,bb1a5322,bd2f6485,bf7f8d0a,bd273192,bb1a532e,bd2f648b,bf7f8d09,1,40590484

10896,158,202,4,104,1310,15655,-273,1739,-3642,bd27388b,bb2112ca,bd2f97e1,bf7f8cde,bd27386d,bb2112d7,bd2f97e7,bf7f8cdd,1,40599003

10897,153,163,-19,-58,1355,15655,-273,1739,-3642,bd272029,bb21b05e,bd2fe251,bf7f8cba,bd27200c,bb21b06c,bd2fe258,bf7f8cba,1,40607021

10898,155,154,-28,-155,1527,15677,-291,1735,-3578,bd270158,bb200791,bd30602f,bf7f8c79,bd27013a,bb20079d,bd306035,bf7f8c78,1,40615539

10899,200,196,-27,1,1372,15645,-275,1781,-3636,bd26cbbc,bb2466c2,bd305368,bf7f8ca2,bd26cb9e,bb2466cf,bd30536e,bf7f8ca2,1,40624058

10900,218,208,-13,-9,1482,15655,-275,1781,-3636,bd26a9e7,bb298799,bd304d90,bf7f8cb9,bd26a9c9,bb2987a6,bd304d96,bf7f8cb9,1,40632576

10901,243,213,9,38,1299,15666,-293,1755,-3634,bd26b2c8,bb2f90e9,bd300148,bf7f8ce3,bd26b2aa,bb2f90f6,bd30014e,bf7f8ce3,1,40641095

10902,239,211,21,56,1328,15646,-297,1783,-3562,bd26c157,bb35b420,bd2fb72f,bf7f8d08,bd26c139,bb35b42d,bd2fb735,bf7f8d08,1,40649614

10903,217,188,15,43,1314,15641,-273,1757,-3655,bd26ce4a,bb39b67e,bd2f9257,bf7f8d16,bd26ce2c,bb39b68b,bd2f925d,bf7f8d16,1,40658132

10904,209,154,17,3,1345,15682,-273,1757,-3655,bd26dc81,bb3a24a6,bd2f82fe,bf7f8d17,bd26dc62,bb3a24b4,bd2f8303,bf7f8d16,1,40666651

10905,220,146,7,-22,1361,15656,-323,1745,-3649,bd26e595,bb396799,bd2f766e,bf7f8d1b,bd26e577,bb3967a7,bd2f7673,bf7f8d1b,1,40675169

10906,223,155,-6,-43,1313,15661,-293,1749,-3699,bd26d89b,bb390850,bd2f5019,bf7f8d3e,bd26d87d,bb39085d,bd2f501e,bf7f8d3d,1,40683688

10907,225,159,-11,-13,1324,15660,-293,1749,-3699,bd26c4dd,bb399673,bd2f2a4e,bf7f8d64,bd26c4bf,bb399680,bd2f2a54,bf7f8d64,1,40692207

10908,219,169,-6,-1,1329,15672,-325,1761,-3567,bd26b98a,bb3b3dda,bd2f0e9b,bf7f8d7d,bd26b96c,bb3b3de7,bd2f0ea1,bf7f8d7d,1,40700725

10909,213,177,-1,76,1258,15665,-283,1793,-3530,bd26a4d2,bb3ee24d,bd2ed309,bf7f8db1,bd26a4b3,bb3ee259,bd2ed30e,bf7f8db0,1,40709244

10910,194,152,-3,65,1317,15677,-283,1793,-3530,bd268c34,bb4051dc,bd2ec31a,bf7f8dcb,bd268c16,bb4051e9,bd2ec320,bf7f8dcb,1,40717262

10911,180,128,-2,45,1276,15658,-305,1777,-3545,bd267bcc,bb3f65d0,bd2ec64e,bf7f8dd4,bd267bae,bb3f65dd,bd2ec654,bf7f8dd4,1,40725780

10912,173,116,5,-40,1241,15668,-301,1785,-3577,bd266fca,bb3beeb0,bd2ec385,bf7f8de0,bd266fac,bb3beebc,bd2ec38b,bf7f8de0,1,40734299

10913,153,123,20,10,1278,15670,-301,1785,-3577,bd26779f,bb3a0573,bd2ee542,bf7f8dc5,bd267781,bb3a057f,bd2ee548,bf7f8dc5,1,40742818

10914,132,123,32,-138,1359,15640,-317,1719,-3580,bd26b17f,bb357935,bd2f651c,bf7f8d4c,bd26b161,bb357941,bd2f6522,bf7f8d4c,1,40751336

10915,138,148,30,-74,1341,15668,-303,1791,-3590,bd26c555,bb3443db,bd2fa685,bf7f8d12,bd26c536,bb3443e5,bd2fa68a,bf7f8d11,1,40759855

10916,139,178,20,-21,1384,15660,-275,1767,-3559,bd26d826,bb36a043,bd2ffdc4,bf7f8cc8,bd26d807,bb36a04e,bd2ffdca,bf7f8cc8,1,40768373

10917,147,192,10,46,1406,15643,-275,1767,-3559,bd26dd5f,bb3b5503,bd304e38,bf7f8c8a,bd26dd40,bb3b550e,bd304e3e,bf7f8c8a,1,40776892

10918,161,187,17,40,1406,15655,-299,1771,-3558,bd26eae4,bb3f6761,bd308a7d,bf7f8c55,bd26eac5,bb3f676c,bd308a82,bf7f8c54,1,40785410

10919,179,177,20,82,1385,15675,-337,1749,-3589,bd270670,bb4343d7,bd30b694,bf7f8c21,bd270651,bb4343e2,bd30b69a,bf7f8c21,1,40793929

10920,192,155,11,48,1368,15661,-337,1749,-3589,bd271504,bb4499ad,bd30cda3,bf7f8c06,bd2714e4,bb4499b7,bd30cda8,bf7f8c05,1,40802448

10921,199,133,-1,73,1371,15669,-293,1801,-3626,bd26f546,bb44965b,bd30b7fe,bf7f8c2a,bd26f527,bb449667,bd30b804,bf7f8c2b,1,40810966

10922,201,116,1,32,1339,15669,-281,1791,-3585,bd26dde2,bb425d6c,bd309ffb,bf7f8c4c,bd26ddc1,bb425d77,bd30a000,bf7f8c4b,1,40818984

10923,203,105,3,43,1256,15666,-281,1791,-3585,bd26c87f,bb3f5c17,bd306ea2,bf7f8c7e,bd26c85e,bb3f5c23,bd306ea8,bf7f8c7e,1,40827503

10924,181,98,-7,-48,1349,15684,-315,1797,-3574,bd26a550,bb3a5553,bd30753f,bf7f8c94,bd26a52f,bb3a555f,bd307545,bf7f8c94,1,40836021

10925,171,100,-5,-88,1284,15663,-289,1753,-3616,bd2697b9,bb34be4f,bd308e74,bf7f8c90,bd269797,bb34be59,bd308e7a,bf7f8c8f,1,40844540

10926,163,131,-17,-23,1322,15666,-289,1753,-3616,bd267ae5,bb33145f,bd30ba87,bf7f8c85,bd267ac3,bb331469,bd30ba8d,bf7f8c84,1,40853058

10927,155,149,-14,-143,1375,15650,-321,1765,-3647,bd265f05,bb30b7cc,bd30faa1,bf7f8c6d,bd265ee3,bb30b7d6,bd30faa7,bf7f8c6c,1,40861577

10928,165,188,1,-116,1419,15655,-371,1797,-3678,bd264a41,bb31f806,bd312488,bf7f8c5d,bd264a20,bb31f811,bd31248e,bf7f8c5d,1,40870096

10929,183,230,16,-108,1371,15665,-317,1733,-3649,bd266a01,bb36d581,bd314b31,bf7f8c29,bd2669e0,bb36d58b,bd314b37,bf7f8c29,1,40878614

10930,194,278,12,2,1325,15664,-317,1733,-3649,bd2685c7,bb41ae26,bd3150f7,bf7f8c0b,bd2685a6,bb41ae2f,bd3150fc,bf7f8c0a,1,40887133

10931,201,278,5,102,1398,15658,-339,1745,-3698,bd269008,bb4e6ddf,bd315a50,bf7f8bf4,bd268fe8,bb4e6de9,bd315a56,bf7f8bf4,1,40895651

10932,210,255,-7,222,1418,15667,-327,1763,-3651,bd268004,bb5b64cc,bd315258,bf7f8bf9,bd267fe4,bb5b64d7,bd31525e,bf7f8bf9,1,40904170

10933,219,199,-7,178,1344,15672,-327,1763,-3651,bd266d8a,bb62a2ea,bd312bb3,bf7f8c1a,bd266d69,bb62a2f4,bd312bb8,bf7f8c19,1,40912188

10934,227,137,-9,117,1364,15662,-261,1777,-3675,bd264b54,bb636de9,bd30f789,bf7f8c54,bd264b34,bb636df4,bd30f78e,bf7f8c54,1,40920706

10935,226,104,7,74,1318,15662,-311,1775,-3588,bd264400,bb608f09,bd30c2cd,bf7f8c7f,bd2643e1,bb608f15,bd30c2d3,bf7f8c80,1,40929225

10936,212,92,26,5,1355,15676,-311,1775,-3588,bd265663,bb5b75cb,bd30ad62,bf7f8c87,bd265643,bb5b75d4,bd30ad66,bf7f8c86,1,40937744

10937,202,85,30,-74,1349,15669,-319,1725,-3552,bd2688a3,bb5461fe,bd30c5a5,bf7f8c5b,bd268883,bb546209,bd30c5aa,bf7f8c5b,1,40946262

10938,214,110,25,-124,1296,15659,-313,1779,-3594,bd269a12,bb4e815e,bd309a93,bf7f8c73,bd2699f2,bb4e816a,bd309a98,bf7f8c73,1,40954781

10939,218,164,19,-76,1330,15661,-313,1779,-3594,bd26a602,bb4e1e2f,bd3070db,bf7f8c88,bd26a5e1,bb4e1e3a,bd3070df,bf7f8c87,1,40963299

10940,219,195,12,75,1228,15657,-317,1693,-3624,bd26d119,bb52ebe2,bd30588c,bf7f8c79,bd26d0f8,bb52ebed,bd305890,bf7f8c78,1,40971818

10941,210,194,8,54,1261,15665,-317,1765,-3597,bd26d544,bb5762de,bd302b65,bf7f8c91,bd26d523,bb5762e9,bd302b69,bf7f8c90,1,40980336

10942,192,179,9,0,1281,15667,-303,1737,-3687,bd26e3bb,bb599454,bd3029bf,bf7f8c87,bd26e39a,bb59945e,bd3029c3,bf7f8c86,1,40988855

10943,168,176,13,16,1299,15665,-303,1737,-3687,bd26f70e,bb5be341,bd304dc9,bf7f8c60,bd26f6ed,bb5be34c,bd304dcd,bf7f8c5f,1,40997374

10944,151,175,23,-71,1356,15668,-313,1757,-3592,bd27136a,bb5c9f69,bd3092ed,bf7f8c1c,bd271349,bb5c9f74,bd3092f1,bf7f8c1b,1,41005893

10945,142,191,28,119,1326,15671,-291,1769,-3578,bd272ea4,bb621e97,bd30cf9c,bf7f8bdc,bd272e84,bb621ea3,bd30cfa1,bf7f8bdc,1,41014411

10946,139,194,40,90,1438,15668,-291,1769,-3578,bd275a50,bb6759f8,bd312f84,bf7f8b78,bd275a30,bb675a03,bd312f88,bf7f8b77,1,41022429

10947,170,175,23,27,1430,15657,-311,1775,-3592,bd276c2d,bb69c612,bd3161be,bf7f8b47,bd276c0d,bb69c61d,bd3161c2,bf7f8b47,1,41030948

10948,198,171,16,43,1357,15645,-289,1815,-3525,bd2762f2,bb6c05b3,bd3143c2,bf7f8b60,bd2762d1,bb6c05bd,bd3143c5,bf7f8b5f,1,41039466

10949,199,174,33,22,1388,15646,-289,1815,-3525,bd277110,bb6e18e9,bd312d75,bf7f8b64,bd2770ef,bb6e18f2,bd312d79,bf7f8b63,1,41047985

10950,210,170,50,81,1334,15668,-329,1749,-3586,bd27b421,bb70b162,bd311f2f,bf7f8b40,bd27b400,bb70b16b,bd311f33,bf7f8b3f,1,41056503

10951,218,158,56,44,1304,15659,-333,1761,-3531,bd27fbaf,bb71876f,bd30fa8a,bf7f8b29,bd27fb8f,bb71877a,bd30fa90,bf7f8b2a,1,41065022

10952,200,166,55,86,1255,15680,-333,1761,-3531,bd2841ba,bb73cef8,bd30deea,bf7f8b0c,bd28419a,bb73cf00,bd30deee,bf7f8b0b,1,41073541

10953,186,152,50,16,1286,15676,-337,1751,-3601,bd288324,bb73b10c,bd30e34f,bf7f8ade,bd288304,bb73b115,bd30e353,bf7f8add,1,41082059

10954,166,143,38,57,1281,15659,-323,1757,-3548,bd28b1c8,bb73b4ef,bd30ff9f,bf7f8aac,bd28b1a9,bb73b4f9,bd30ffa4,bf7f8aac,1,41090578

10955,144,137,32,85,1275,15664,-333,1743,-3614,bd28dbf7,bb73d13e,bd313cb7,bf7f8a66,bd28dbd8,bb73d148,bd313cbc,bf7f8a66,1,41099096

10956,132,126,38,41,1289,15663,-333,1743,-3614,bd290ddc,bb7236a8,bd318e7c,bf7f8a0e,bd290dbd,bb7236b1,bd318e81,bf7f8a0e,1,41107615

10957,122,129,42,12,1366,15681,-331,1771,-3687,bd293479,bb706902,bd31eda1,bf7f89b4,bd29345a,bb70690b,bd31eda6,bf7f89b4,1,41116134

10958,126,125,40,49,1395,15663,-337,1761,-3593,bd29608a,bb6f0542,bd325a7f,bf7f894c,bd29606b,bb6f0549,bd325a84,bf7f894b,1,41124653

10959,139,130,43,113,1385,15660,-337,1761,-3593,bd298fd8,bb6f2f0c,bd32b0a4,bf7f88f0,bd298fb9,bb6f2f13,bd32b0a9,bf7f88ef,1,41132670

10960,150,105,43,93,1384,15670,-279,1743,-3598,bd29c360,bb6cce92,bd32fe75,bf7f889a,bd29c341,bb6cce99,bd32fe7a,bf7f8899,1,41141189

10961,164,78,46,91,1358,15674,-271,1723,-3620,bd2a014d,bb680e3d,bd333ccf,bf7f8849,bd2a012f,bb680e45,bd333cd5,bf7f8849,1,41149708

10962,174,66,51,-21,1447,15646,-271,1723,-3620,bd2a464f,bb605a88,bd3388dd,bf7f87ed,bd2a4631,bb605a90,bd3388e3,bf7f87ed,1,41158226

10963,194,63,46,42,1418,15664,-285,1735,-3593,bd2a7fa3,bb5987a5,bd33aae8,bf7f87b4,bd2a7f85,bb5987ad,bd33aaee,bf7f87b4,1,41166745

10964,210,70,31,-58,1418,15649,-269,1711,-3502,bd2ab46e,bb51a574,bd33c6d1,bf7f8784,bd2ab450,bb51a57b,bd33c6d7,bf7f8784,1,41175264

10965,224,76,18,-13,1409,15658,-269,1711,-3502,bd2ad77e,bb4b13ac,bd33cc0d,bf7f876e,bd2ad760,bb4b13b3,bd33cc13,bf7f876e,1,41183782

10966,244,105,6,18,1393,15667,-277,1733,-3589,bd2ade51,bb477d69,bd33a136,bf7f878b,bd2ade33,bb477d70,bd33a13c,bf7f878b,1,41192301

10967,252,107,-3,49,1343,15650,-277,1783,-3657,bd2abe67,bb44a906,bd333c87,bf7f87e9,bd2abe48,bb44a90b,bd333c8c,bf7f87e8,1,41200820

10968,246,99,-1,101,1257,15664,-305,1745,-3573,bd2ab73c,bb420832,bd32e50b,bf7f882d,bd2ab71d,bb420837,bd32e510,bf7f882c,1,41209338

10969,223,72,18,51,1301,15669,-305,1745,-3573,bd2ac8ad,bb3c4e90,bd32bc12,bf7f8843,bd2ac88f,bb3c4e97,bd32bc18,bf7f8843,1,41217857

10970,205,54,24,-60,1280,15655,-243,1765,-3618,bd2ad440,bb3335d4,bd3296fd,bf7f885b,bd2ad422,bb3335da,bd329703,bf7f885b,1,41226376

10971,198,74,18,-108,1323,15687,-313,1785,-3681,bd2ad054,bb2ae8ab,bd32798b,bf7f8878,bd2ad035,bb2ae8b0,bd327990,bf7f8877,1,41234394

10972,193,112,9,-25,1312,15658,-313,1785,-3681,bd2ac173,bb277def,bd325d55,bf7f8898,bd2ac155,bb277df6,bd325d5b,bf7f8898,1,41242912

10973,193,124,1,-69,1322,15650,-309,1781,-3666,bd2aab96,bb24546f,bd3247f3,bf7f88b8,bd2aab78,bb245476,bd3247f9,bf7f88b8,1,41251431

10974,192,151,6,11,1325,15675,-273,1819,-3571,bd2a8d88,bb24f768,bd322018,bf7f88e7,bd2a8d6a,bb24f76f,bd32201e,bf7f88e7,1,41259949

10975,192,164,12,42,1316,15676,-273,1819,-3571,bd2a780d,bb27337c,bd31f522,bf7f8912,bd2a77ee,bb273384,bd31f527,bf7f8911,1,41268468

10976,201,145,30,-31,1383,15655,-283,1721,-3588,bd2aa8c5,bb2670ac,bd320cc3,bf7f88e2,bd2aa8a6,bb2670b5,bd320cc8,bf7f88e1,1,41276987

10977,200,142,29,17,1363,15660,-283,1767,-3576,bd2ac1fd,bb2652bb,bd3204d8,bf7f88d6,bd2ac1df,bb2652c5,bd3204dd,bf7f88d6,1,41285505

10978,203,149,26,1,1320,15663,-283,1767,-3576,bd2ad7cc,bb267b20,bd31ec8e,bf7f88d8,bd2ad7ae,bb267b2b,bd31ec93,bf7f88d9,1,41294024

10979,203,155,22,-5,1328,15683,-309,1729,-3577,bd2afc14,bb270132,bd31ee31,bf7f88bf,bd2afbf5,bb27013b,bd31ee34,bf7f88be,1,41302543

10980,203,158,16,-31,1337,15658,-279,1759,-3641,bd2b0647,bb275d45,bd31dbf4,bf7f88c4,bd2b0628,bb275d4d,bd31dbf7,bf7f88c3,1,41311061

10981,200,173,6,67,1302,15672,-279,1759,-3641,bd2b02b9,bb2ac8b9,bd31c157,bf7f88d7,bd2b029a,bb2ac8c1,bd31c15a,bf7f88d6,1,41319580

10982,204,169,7,37,1374,15674,-293,1747,-3660,bd2b0645,bb2d526d,bd31be77,bf7f88d5,bd2b0626,bb2d5274,bd31be7a,bf7f88d4,1,41328098

10983,197,153,7,74,1285,15667,-277,1781,-3666,bd2af753,bb2f2799,bd319570,bf7f88fa,bd2af735,bb2f27a2,bd319574,bf7f88fa,1,41336116

10984,189,137,2,41,1326,15664,-317,1793,-3649,bd2addb5,bb2f1a42,bd31803b,bf7f891a,bd2add97,bb2f1a4b,bd31803e,bf7f8919,1,41344635

10985,181,127,13,-20,1377,15678,-317,1793,-3649,bd2ad320,bb2d17f8,bd31865a,bf7f891e,bd2ad302,bb2d1801,bd31865d,bf7f891d,1,41353154

10986,196,140,16,-56,1370,15653,-271,1795,-3665,bd2aca8d,bb2b7bb2,bd31727c,bf7f8933,bd2aca6f,bb2b7bba,bd317280,bf7f8932,1,41361672

10987,207,162,2,-1,1335,15657,-299,1707,-3658,bd2adb3b,bb2ca490,bd317b72,bf7f8921,bd2adb1d,bb2ca499,bd317b76,bf7f8920,1,41370191

10988,206,179,5,15,1289,15665,-299,1707,-3658,bd2af0c2,bb2f78c7,bd3176ad,bf7f8914,bd2af0a4,bb2f78d0,bd3176b1,bf7f8913,1,41378709

10989,203,179,5,15,1335,15654,-271,1749,-3604,bd2af309,bb326477,bd316ad7,bf7f8918,bd2af2eb,bb326480,bd316adb,bf7f8917,1,41387228

10990,193,174,10,58,1290,15690,-307,1745,-3643,bd2afd44,bb35a0bd,bd31610d,bf7f8916,bd2afd26,bb35a0c6,bd316111,bf7f8915,1,41395747

10991,179,161,16,102,1300,15677,-307,1745,-3643,bd2b0e2f,bb389932,bd316da2,bf7f8900,bd2b0e11,bb38993b,bd316da6,bf7f88ff,1,41404265

10992,182,134,22,17,1288,15655,-301,1773,-3682,bd2b174a,bb37acf7,bd31616a,bf7f8903,bd2b172d,bb37ad01,bd31616e,bf7f8903,1,41412784

10993,172,132,26,51,1357,15692,-317,1775,-3609,bd2b27ed,bb374b77,bd3179e4,bf7f88e7,bd2b27cf,bb374b81,bd3179e7,bf7f88e6,1,41421303

10994,164,130,15,48,1318,15656,-317,1775,-3609,bd2b299e,bb36bcf0,bd31925d,bf7f88d5,bd2b2981,bb36bcfb,bd319261,bf7f88d5,1,41429321

10995,166,114,8,89,1303,15670,-285,1785,-3651,bd2b188d,bb359c18,bd31996c,bf7f88dd,bd2b1870,bb359c22,bd319970,bf7f88dd,1,41437839

10996,168,96,-1,67,1352,15659,-289,1763,-3628,bd2b063f,bb329fc7,bd31bc76,bf7f88d3,bd2b0622,bb329fd0,bd31bc7a,bf7f88d3,1,41446358

10997,176,83,-6,86,1292,15662,-313,1775,-3688,bd2ae4f0,bb2eec1d,bd31b915,bf7f88ee,bd2ae4d2,bb2eec26,bd31b918,bf7f88ed,1,41454876

10998,165,48,-3,3,1300,15661,-313,1775,-3688,bd2ac6b8,bb26c325,bd31ca17,bf7f88fc,bd2ac69b,bb26c32f,bd31ca1b,bf7f88fc,1,41463395

10999,149,43,18,-121,1346,15662,-269,1759,-3629,bd2ace06,bb1c1033,bd320ae8,bf7f88d1,bd2acde9,bb1c103d,bd320aec,bf7f88d1,1,41471914

11000,159,85,15,-128,1339,15663,-285,1733,-3611,bd2ae172,bb14cc6a,bd324a83,bf7f889c,bd2ae155,bb14cc73,bd324a87,bf7f889c,1,41480432

11001,175,132,13,-156,1376,15656,-285,1733,-3611,bd2af510,bb1105a6,bd327c46,bf7f886e,bd2af4f2,bb1105ad,bd327c4a,bf7f886d,1,41488951

11002,182,182,10,-60,1387,15680,-283,1753,-3650,bd2afb1b,bb132eba,bd3294f8,bf7f8857,bd2afafe,bb132ec1,bd3294fd,bf7f8857,1,41497470

11003,200,213,8,59,1304,15658,-305,1753,-3629,bd2b00bb,bb19fc43,bd327cbc,bf7f8860,bd2b009e,bb19fc4a,bd327cc0,bf7f885f,1,41505988

11004,186,197,7,93,1382,15661,-305,1753,-3629,bd2b039f,bb201ee1,bd328ed2,bf7f884e,bd2b0382,bb201eea,bd328ed7,bf7f884e,1,41514507

11005,186,160,11,51,1360,15672,-283,1737,-3647,bd2b1014,bb2247a6,bd32a3ee,bf7f8836,bd2b0ff7,bb2247ae,bd32a3f3,bf7f8835,1,41523025

11006,193,140,12,23,1343,15650,-225,1803,-3583,bd2afe68,bb223740,bd3286df,bf7f8856,bd2afe4b,bb223748,bd3286e4,bf7f8855,1,41531544

11007,193,140,19,-13,1323,15665,-225,1803,-3583,bd2af6a6,bb217efd,bd3264cb,bf7f8873,bd2af68a,bb217f05,bd3264d0,bf7f8873,1,41539562

11008,187,160,17,40,1333,15663,-265,1725,-3570,bd2b135b,bb235d1d,bd327ac4,bf7f8850,bd2b133f,bb235d24,bd327ac8,bf7f884f,1,41548081

11009,203,160,14,46,1353,15670,-289,1801,-3644,bd2b05eb,bb255b8f,bd3250fb,bf7f8874,bd2b05d0,bb255b97,bd325100,bf7f8874,1,41556599

11010,209,139,12,50,1288,15654,-323,1795,-3594,bd2afae6,bb25958b,bd321628,bf7f88a5,bd2afacb,bb259593,bd32162d,bf7f88a5,1,41565118

11011,206,114,10,1,1320,15660,-323,1795,-3594,bd2aec7c,bb22dad1,bd31eb47,bf7f88ce,bd2aec61,bb22dad7,bd31eb4b,bf7f88cd,1,41573637

11012,196,110,12,-49,1338,15676,-283,1821,-3658,bd2ad0b2,bb1eebc3,bd31bec3,bf7f8902,bd2ad097,bb1eebc9,bd31bec7,bf7f8901,1,41582155

11013,198,119,23,-83,1367,15660,-333,1743,-3671,bd2aebcd,bb1b07f7,bd31cbc8,bf7f88e9,bd2aebb2,bb1b07fe,bd31cbcc,bf7f88e8,1,41590674

11014,211,154,21,-19,1324,15659,-333,1743,-3671,bd2b0568,bb1b43ea,bd31b743,bf7f88e6,bd2b054d,bb1b43f3,bd31b747,bf7f88e5,1,41599193

11015,215,182,5,-6,1328,15659,-309,1785,-3585,bd2af929,bb1e3345,bd31861c,bf7f890f,bd2af90e,bb1e334f,bd318621,bf7f890e,1,41607711

11016,217,193,5,36,1356,15665,-249,1769,-3652,bd2aef90,bb22cce2,bd315ca7,bf7f892f,bd2aef76,bb22cced,bd315cad,bf7f892f,1,41616230

11017,226,191,6,88,1327,15680,-249,1769,-3652,bd2ae6b8,bb281150,bd311e6e,bf7f895d,bd2ae69d,bb28115a,bd311e74,bf7f895c,1,41624748

11018,224,173,3,62,1295,15659,-317,1743,-3611,bd2aea7a,bb2b4be9,bd30f1c9,bf7f8977,bd2aea5f,bb2b4bf4,bd30f1cf,bf7f8977,1,41633267

11019,214,151,6,37,1360,15700,-327,1727,-3673,bd2af6f8,bb2c3fdc,bd30eed5,bf7f8970,bd2af6dd,bb2c3fe6,bd30eeda,bf7f896f,1,41641786

11020,214,134,30,45,1192,15658,-327,1727,-3673,bd2b22c2,bb2bb4c9,bd30baa1,bf7f8977,bd2b22a8,bb2bb4d3,bd30baa7,bf7f8977,1,41649803

11021,210,135,43,15,1265,15650,-273,1755,-3613,bd2b52b9,bb2ac1ed,bd309247,bf7f8974,bd2b529e,bb2ac1f7,bd30924c,bf7f8973,1,41658322

11022,189,140,34,-60,1348,15679,-259,1757,-3605,bd2b766d,bb2916b0,bd309c57,bf7f8956,bd2b7653,bb2916bc,bd309c5d,bf7f8956,1,41666841

11023,200,166,29,-1,1282,15666,-297,1733,-3640,bd2b9fff,bb2a892d,bd3091a2,bf7f8940,bd2b9fe5,bb2a8938,bd3091a8,bf7f8940,1,41675359

11024,197,175,25,68,1248,15696,-297,1733,-3640,bd2bc3d4,bb2dfe71,bd307ee9,bf7f8933,bd2bc3ba,bb2dfe7c,bd307eef,bf7f8933,1,41683878

11025,177,151,15,65,1320,15667,-279,1739,-3623,bd2bd5ad,bb2f8371,bd309a3e,bf7f8913,bd2bd594,bb2f837b,bd309a44,bf7f8913,1,41692396

11026,162,132,20,12,1271,15657,-273,1749,-3685,bd2be625,bb2e790d,bd30b35b,bf7f88f7,bd2be60c,bb2e7916,bd30b361,bf7f88f7,1,41700915

11027,157,134,14,-32,1335,15671,-273,1749,-3685,bd2bef18,bb2ce1e3,bd30e5e2,bf7f88cf,bd2beeff,bb2ce1ec,bd30e5e8,bf7f88cf,1,41709434

11028,157,137,12,-61,1388,15661,-261,1727,-3688,bd2bff56,bb2b1056,bd313400,bf7f8890,bd2bff3c,bb2b105f,bd313405,bf7f888f,1,41717952

11029,171,168,7,-45,1304,15653,-251,1757,-3604,bd2bff43,bb2c250d,bd31461d,bf7f8882,bd2bff2a,bb2c2517,bd314622,bf7f8882,1,41726471

11030,178,204,4,-18,1380,15680,-251,1757,-3604,bd2bfce2,bb30c0d4,bd3160da,bf7f886e,bd2bfcc9,bb30c0de,bd3160df,bf7f886e,1,41734990

11031,195,216,-2,68,1340,15662,-317,1753,-3644,bd2bf570,bb37cf1b,bd315c83,bf7f8871,bd2bf556,bb37cf24,bd315c87,bf7f8870,1,41743508

11032,195,201,-1,104,1346,15678,-281,1789,-3558,bd2bdee2,bb3e2455,bd3146dc,bf7f888b,bd2bdec9,bb3e245f,bd3146e1,bf7f888b,1,41751526

11033,197,178,-6,89,1344,15660,-281,1789,-3558,bd2bc096,bb423e47,bd313022,bf7f88ac,bd2bc07c,bb423e50,bd313026,bf7f88ab,1,41760045

11034,208,159,-13,149,1347,15687,-277,1709,-3566,bd2bbc89,bb45abb3,bd31391f,bf7f88a6,bd2bbc6f,bb45abbc,bd313923,bf7f88a5,1,41768563

11035,209,129,-13,52,1347,15673,-277,1751,-3627,bd2ba1a2,bb44ed66,bd3128e1,bf7f88c4,bd2ba188,bb44ed70,bd3128e5,bf7f88c3,1,41777082

11036,203,115,-3,89,1230,15672,-251,1711,-3606,bd2ba557,bb4383e6,bd3116cd,bf7f88cf,bd2ba53d,bb4383f1,bd3116d1,bf7f88ce,1,41785600

11037,196,110,3,0,1238,15659,-251,1711,-3606,bd2bb1e2,bb40236f,bd311234,bf7f88cc,bd2bb1c8,bb40237a,bd311238,bf7f88cb,1,41794119

11038,181,101,7,-25,1347,15665,-285,1689,-3631,bd2bcea0,bb3ba21b,bd315017,bf7f8891,bd2bce86,bb3ba227,bd31501b,bf7f8890,1,41802638

11039,183,132,1,29,1284,15665,-269,1767,-3627,bd2bbed4,bb3ad1c9,bd3146c2,bf7f88a3,bd2bbeba,bb3ad1d5,bd3146c6,bf7f88a2,1,41811156

11040,185,132,3,-5,1344,15670,-269,1767,-3627,bd2bb22b,bb396e9a,bd314c65,bf7f88a8,bd2bb212,bb396ea7,bd314c6a,bf7f88a8,1,41819675

11041,188,152,-3,51,1361,15670,-249,1737,-3630,bd2baaf2,bb3abd33,bd31611a,bf7f889e,bd2baad8,bb3abd40,bd31611e,bf7f889d,1,41828193

11042,189,153,-9,10,1317,15663,-267,1713,-3623,bd2ba8b1,bb3b56fb,bd3177f5,bf7f888f,bd2ba897,bb3b5708,bd3177f9,bf7f888e,1,41836712

11043,194,155,-10,116,1288,15655,-267,1713,-3623,bd2ba3e7,bb3df7a5,bd317e61,bf7f888c,bd2ba3cd,bb3df7b3,bd317e65,bf7f888b,1,41844730

11044,190,137,-11,16,1261,15654,-293,1731,-3597,bd2b97fb,bb3d489e,bd317d1d,bf7f8895,bd2b97e1,bb3d48ad,bd317d21,bf7f8894,1,41853249

11045,177,128,-5,60,1262,15656,-277,1749,-3456,bd2b8f77,bb3ca67e,bd3189b7,bf7f8893,bd2b8f5e,bb3ca68e,bd3189bc,bf7f8893,1,41861767

11046,158,128,-3,-6,1286,15666,-277,1749,-3456,bd2b8a48,bb3b01bc,bd31b68d,bf7f8878,bd2b8a2f,bb3b01cc,bd31b692,bf7f8878,1,41870286

11047,150,141,6,-47,1298,15671,-277,1761,-3595,bd2b86ef,bb39b493,bd31e292,bf7f885d,bd2b86d5,bb39b4a2,bd31e296,bf7f885c,1,41878805

11048,149,157,0,18,1334,15664,-297,1759,-3582,bd2b7df6,bb3af5c8,bd321b1e,bf7f883b,bd2b7ddc,bb3af5d7,bd321b22,bf7f883a,1,41887323

11049,152,176,-3,31,1320,15658,-263,1779,-3637,bd2b6499,bb3e0896,bd323950,bf7f8834,bd2b647f,bb3e08a5,bd323954,bf7f8833,1,41895850

11050,160,168,-8,59,1345,15655,-263,1779,-3637,bd2b43bb,bb40ec26,bd3253d7,bf7f8836,bd2b43a1,bb40ec35,bd3253db,bf7f8835,1,41904369

11051,160,148,-13,99,1361,15670,-241,1745,-3624,bd2b29fc,bb42d089,bd328631,bf7f8822,bd2b29e2,bb42d098,bd328635,bf7f8821,1,41912888

11052,163,139,-15,89,1303,15648,-269,1783,-3604,bd2afd58,bb43be1d,bd329133,bf7f8838,bd2afd3e,bb43be2c,bd329137,bf7f8837,1,41921407

11053,161,119,2,16,1348,15681,-269,1783,-3604,bd2ae74c,bb41a8fc,bd32ace6,bf7f8835,bd2ae732,bb41a90b,bd32acea,bf7f8834,1,41929925

11054,164,130,17,14,1326,15680,-259,1781,-3563,bd2ae845,bb406926,bd32c0b9,bf7f8827,bd2ae82b,bb406935,bd32c0bd,bf7f8826,1,41938444

11055,164,138,15,-46,1327,15669,-231,1767,-3568,bd2aece0,bb3ed56a,bd32db80,bf7f8813,bd2aecc6,bb3ed579,bd32db84,bf7f8812,1,41946962

11056,163,153,14,1,1301,15670,-231,1767,-3568,bd2af064,bb3f50c9,bd32eeda,bf7f8802,bd2af04a,bb3f50d8,bd32eede,bf7f8801,1,41954980

11057,160,173,24,20,1340,15655,-221,1773,-3614,bd2afd2f,bb41cbd3,bd330977,bf7f87e5,bd2afd15,bb41cbe2,bd33097c,bf7f87e5,1,41963499

11058,151,180,16,151,1291,15677,-311,1753,-3619,bd2b0aff,bb473e17,bd332f07,bf7f87bd,bd2b0ae4,bb473e25,bd332f0b,bf7f87bc,1,41972018

11059,133,146,14,21,1290,15664,-311,1753,-3619,bd2b15ac,bb477752,bd336fce,bf7f8788,bd2b1591,bb477760,bd336fd2,bf7f8787,1,41980536

11060,127,140,14,-81,1422,15662,-281,1763,-3600,bd2b1ba7,bb458282,bd33d8b0,bf7f873c,bd2b1b8d,bb458291,bd33d8b5,bf7f873c,1,41989055

11061,157,170,28,-70,1391,15651,-265,1749,-3572,bd2b3cf5,bb46239f,bd341629,bf7f86fa,bd2b3cdb,bb4623ac,bd34162d,bf7f86f9,1,41997573

11062,175,221,25,87,1333,15655,-297,1775,-3591,bd2b4f86,bb4db886,bd341728,bf7f86e7,bd2b4f6d,bb4db894,bd34172c,bf7f86e7,1,42006092

11063,165,226,17,80,1341,15666,-297,1775,-3591,bd2b57b5,bb559997,bd342750,bf7f86cf,bd2b579c,bb5599a5,bd342754,bf7f86cf,1,42014611

11064,172,220,13,104,1308,15666,-265,1743,-3580,bd2b6823,bb5d42b5,bd343669,bf7f86b3,bd2b680a,bb5d42c3,bd34366d,bf7f86b3,1,42023129

11065,165,200,1,76,1375,15645,-267,1731,-3594,bd2b6cb1,bb62cd28,bd3469c7,bf7f8687,bd2b6c98,bb62cd35,bd3469ca,bf7f8686,1,42031648

11066,167,168,4,160,1352,15658,-267,1731,-3594,bd2b7245,bb670eb5,bd3493ec,bf7f8662,bd2b722c,bb670ec2,bd3493ef,bf7f8661,1,42040166

11067,174,141,5,73,1370,15670,-215,1767,-3641,bd2b63a7,bb677d43,bd34a1a4,bf7f8662,bd2b638e,bb677d51,bd34a1a7,bf7f8662,1,42048685

11068,181,140,18,28,1335,15658,-269,1727,-3563,bd2b7f4e,bb66e9dc,bd34bab9,bf7f863e,bd2b7f35,bb66e9ea,bd34babc,bf7f863e,1,42057204

11069,171,142,26,-27,1346,15644,-269,1727,-3563,bd2ba653,bb65919c,bd34e4d6,bf7f8607,bd2ba639,bb6591a8,bd34e4d8,bf7f8606,1,42065222

11070,172,169,39,85,1344,15673,-233,1785,-3611,bd2bc02b,bb686f26,bd34e38d,bf7f85f3,bd2bc012,bb686f32,bd34e390,bf7f85f3,1,42073740

11071,174,161,37,55,1325,15676,-323,1825,-3566,bd2bc90b,bb6a0f13,bd34c832,bf7f85ff,bd2bc8f2,bb6a0f1f,bd34c835,bf7f85ff,1,42082259

11072,160,160,33,41,1258,15660,-323,1825,-3566,bd2bcca5,bb6b5915,bd34ad25,bf7f860f,bd2bcc8c,bb6b5921,bd34ad28,bf7f860f,1,42090778

11073,150,157,33,37,1310,15651,-309,1739,-3663,bd2bf52a,bb6c5819,bd34ddb7,bf7f85d0,bd2bf510,bb6c5825,bd34ddb9,bf7f85cf,1,42099296

11074,136,159,30,16,1390,15658,-319,1777,-3662,bd2c07ea,bb6d3f84,bd35211c,bf7f8593,bd2c07d0,bb6d3f91,bd35211f,bf7f8592,1,42107815

11075,134,169,48,48,1324,15666,-231,1729,-3638,bd2c469d,bb6f771c,bd356b4d,bf7f8533,bd2c4684,bb6f772a,bd356b51,bf7f8533,1,42116333

11076,148,182,63,22,1312,15679,-231,1729,-3638,bd2c9a5f,bb722e3b,bd359db6,bf7f84d4,bd2c9a45,bb722e48,bd359db9,bf7f84d3,1,42124852

11077,143,197,83,-1,1358,15662,-273,1773,-3636,bd2cf744,bb75b37f,bd35cba7,bf7f8472,bd2cf72a,bb75b38d,bd35cbab,bf7f8472,1,42133370

11078,146,207,131,13,1382,15683,-241,1745,-3592,bd2da254,bb7a231f,bd360b90,bf7f83cb,bd2da23a,bb7a232c,bd360b94,bf7f83ca,1,42141889

11079,151,225,172,78,1293,15663,-241,1745,-3592,bd2e8458,bb8078eb,bd3629f4,bf7f8315,bd2e843f,bb8078f1,bd3629f9,bf7f8315,1,42149907

11080,135,231,164,45,1364,15669,-269,1771,-3553,bd2f528e,bb83e3dd,bd36653a,bf7f8256,bd2f5275,bb83e3e2,bd36653e,bf7f8255,1,42158926

11081,123,239,141,91,1318,15657,-251,1761,-3571,bd300481,bb881031,bd36a5dd,bf7f81a5,bd300469,bb881036,bd36a5e1,bf7f81a5,1,42166944

11082,116,245,121,143,1294,15684,-251,1761,-3571,bd309ae5,bb8cf1df,bd36e67b,bf7f8104,bd309acd,bb8cf1e3,bd36e67f,bf7f8104,1,42175463

11083,93,238,107,59,1273,15678,-287,1755,-3614,bd312145,bb90d115,bd37424f,bf7f805d,bd31212d,bb90d118,bd374253,bf7f805d,1,42183981

11084,62,234,101,80,1379,15717,-275,1737,-3582,bd31a7db,bb94c744,bd37efad,bf7f7f7a,bd31a7c2,bb94c746,bd37efb0,bf7f7f79,1,42192500

11085,53,246,96,-63,1347,15701,-275,1737,-3582,bd3229ad,bb97f70f,bd389f58,bf7f7e99,bd322996,bb97f711,bd389f5b,bf7f7e98,1,42201019

11086,68,285,77,-86,1388,15651,-249,1707,-3515,bd32a398,bb9ca58e,bd395533,bf7f7db5,bd32a381,bb9ca590,bd395537,bf7f7db5,1,42209537

11087,76,356,54,-4,1457,15703,-301,1677,-3651,bd330cfb,bba4e63b,bd3a1cac,bf7f7cc5,bd330ce4,bba4e63d,bd3a1cb0,bf7f7cc5,1,42218056

11088,111,396,14,69,1475,15704,-273,1733,-3563,bd3329a8,bbaf824d,bd3a935f,bf7f7c3f,bd332990,bbaf824d,bd3a9362,bf7f7c3e,1,42226575

11089,152,406,-16,111,1382,15692,-273,1733,-3563,bd331e50,bbbac368,bd3ab6e4,bf7f7c0d,bd331e39,bbbac369,bd3ab6e7,bf7f7c0d,1,42235093

11090,133,405,-1,186,1429,15694,-237,1711,-3519,bd333050,bbc685be,bd3b0b62,bf7f7ba0,bd333038,bbc685be,bd3b0b64,bf7f7b9f,1,42243612

11091,116,379,24,181,1302,15775,-255,1739,-3533,bd335568,bbd1015d,bd3b4469,bf7f7b3a,bd335550,bbd1015d,bd3b446b,bf7f7b39,1,42252130

11092,70,383,51,52,1646,15684,-255,1739,-3533,bd33a02f,bbdaa5f8,bd3c1adb,bf7f7a48,bd33a017,bbdaa5f8,bd3c1add,bf7f7a47,1,42260148

11093,58,430,27,463,1555,15744,-279,1709,-3680,bd33d070,bbe9ea25,bd3cebd5,bf7f7955,bd33d059,bbe9ea26,bd3cebd8,bf7f7955,1,42268667

11094,98,362,6,50,1524,15720,-241,1775,-3539,bd33cb71,bbf2737b,bd3d6214,bf7f78e1,bd33cb5a,bbf2737c,bd3d6217,bf7f78e1,1,42277186

11095,106,372,-29,129,1524,15640,-241,1775,-3539,bd339711,bbfc10ff,bd3dcc8e,bf7f7892,bd3396fa,bbfc1100,bd3dcc92,bf7f7892,1,42285704

11096,104,408,-51,-878,-1152,15112,-241,1729,-3544,bd3361b1,bbff7107,bd3c0a98,bf7f79f6,bd33619a,bbff7108,bd3c0a9c,bf7f79f6,1,42294223

11097,-144,548,240,446,2260,15325,-307,1685,-3592,bd34c4d0,bc099f7f,bd3ec0a8,bf7f76a7,bd34c4b8,bc099f7e,bd3ec0ab,bf7f76a6,1,42302741

11098,-183,614,332,709,2077,15661,-307,1685,-3592,bd36a291,bc15d852,bd41636d,bf7f72e9,bd36a279,bc15d852,bd416371,bf7f72e9,1,42311260

11099,-29,422,286,226,1472,15848,-263,1741,-3519,bd38244e,bc1bac08,bd427809,bf7f70cc,bd382435,bc1bac07,bd42780c,bf7f70cb,1,42319779

11100,-42,405,265,617,1674,15873,-235,1699,-3481,bd39966a,bc22b8ff,bd43e08c,bf7f6e65,bd399652,bc22b8fe,bd43e090,bf7f6e65,1,42328297

11101,-14,316,396,898,1775,15704,-257,1661,-3451,bd3bc19d,bc28cc71,bd45562e,bf7f6b72,bd3bc185,bc28cc70,bd455632,bf7f6b72,1,42336816

11102,76,94,483,-244,2256,16258,-257,1661,-3451,bd3e6073,bc25a4a5,bd46cb9b,bf7f6880,bd3e605c,bc25a4a5,bd46cba0,bf7f6881,1,42345335

11103,268,157,496,-836,1464,16546,-259,1679,-3505,bd41122f,bc2125a5,bd466f73,bf7f66f0,bd411218,bc2125a5,bd466f78,bf7f66f1,1,42353853

11104,345,479,591,-1018,632,17059,-257,1687,-3444,bd4456da,bc22c2fd,bd44d163,bf7f65a2,bd4456c2,bc22c2fc,bd44d167,bf7f65a2,1,42362372

11105,158,944,647,-1967,1129,18176,-257,1687,-3444,bd480765,bc2bf562,bd4483eb,bf7f62a0,bd48074d,bc2bf561,bd4483ee,bf7f629f,1,42370390

11106,-330,1700,389,-1774,1362,18124,-273,1633,-3540,bd4a99bd,bc45dbe6,bd46d0ca,bf7f5da5,bd4a99a5,bc45dbe6,bd46d0ce,bf7f5da5,1,42378908

11107,-570,2402,224,-1683,2147,17407,-197,1657,-3561,bd4c67bc,bc6f4c2d,bd4ac49f,bf7f56e2,bd4c67a5,bc6f4c2e,bd4ac4a4,bf7f56e3,1,42387433

11108,-438,2850,265,1768,915,17259,-197,1657,-3561,bd4e65c1,bc96923f,bd4caddd,bf7f4faa,bd4e65aa,bc969240,bd4cade3,bf7f4fac,1,42395952

11109,5,2708,704,2066,501,17816,-181,1671,-3516,bd52a6e3,bcb3907c,bd4bf69d,bf7f4814,bd52a6c9,bcb3907a,bd4bf6a0,bf7f4813,1,42404471

11110,356,2151,1111,635,54,19294,-197,1635,-3527,bd590be5,bcc7996a,bd494114,bf7f4127,bd590bcb,bcc79968,bd494117,bf7f4126,1,42412989

11111,414,2115,1167,1404,-1315,19104,-197,1635,-3527,bd5fa91a,bcdc2181,bd457435,bf7f3a30,bd5fa902,bcdc2181,bd45743a,bf7f3a31,1,42421508

11112,88,2139,1254,1668,-2490,17441,-157,1635,-3499,bd66a418,bcf1415a,bd42f0b5,bf7f3123,bd66a3fe,bcf14158,bd42f0b9,bf7f3122,1,42430026

11113,-516,1648,1833,1188,-1030,16810,-137,1643,-3441,bd7074de,bd006183,bd446b04,bf7f2329,bd7074c5,bd006183,bd446b09,bf7f2329,1,42438545

11114,-825,1158,2155,427,622,16312,-167,1553,-3428,bd7c01a3,bd04e96b,bd491c9e,bf7f1209,bd7c018a,bd04e96a,bd491ca3,bf7f1209,1,42447064

11115,-535,722,2094,-333,1077,16661,-167,1553,-3428,bd839760,bd06653b,bd4cd245,bf7f0303,bd839753,bd06653a,bd4cd24a,bf7f0303,1,42455582

11116,122,372,2263,-1090,237,18257,-169,1571,-3427,bd8999cc,bd054a8d,bd4c7edc,bf7ef72b,bd8999bf,bd054a8c,bd4c7ee1,bf7ef72b,1,42464101

11117,404,545,2628,-1252,-419,17164,-115,1607,-3437,bd908f7b,bd04ddb8,bd4a39c3,bf7ee9cb,bd908f6e,bd04ddb6,bd4a39c7,bf7ee9ca,1,42472119

11118,171,977,3004,-644,45,16689,-115,1607,-3437,bd988676,bd070849,bd49465f,bf7ed6d7,bd98866a,bd070848,bd494665,bf7ed6d8,1,42480637

11119,108,1182,3325,-291,-410,16867,-85,1575,-3391,bda158d9,bd0a8327,bd485223,bf7ebffe,bda158cd,bd0a8325,bd485228,bf7ebffe,1,42489156

11120,250,1197,3644,-187,-1242,16646,-55,1501,-3439,bdab0886,bd0e0199,bd4635d1,bf7ea66f,bdab087b,bd0e0197,bd4635d7,bf7ea670,1,42497675

11121,292,1219,3890,-139,207,16161,-55,1501,-3439,bdb55f77,bd117f59,bd44d87b,bf7e88e7,bdb55f6b,bd117f56,bd44d87f,bf7e88e6,1,42506193

11122,699,1196,3823,176,1422,15733,-93,1533,-3403,bdbf8b58,bd150603,bd425be0,bf7e6af5,bdbf8b4e,bd150601,bd425be6,bf7e6af6,1,42514712

11123,1351,1073,3968,-103,1207,15509,-191,1491,-3363,bdca2ede,bd17383c,bd3c7ea9,bf7e4d23,bdca2ed2,bd173838,bd3c7ead,bf7e4d23,1,42523231

11124,1763,1002,4733,-184,773,16389,-191,1491,-3363,bdd6d2dc,bd1887c3,bd343853,bf7e28e3,bdd6d2d1,bd1887c0,bd343858,bf7e28e4,1,42531749

11125,1874,1188,5603,373,359,16780,-135,1465,-3391,bde5baed,bd1affdd,bd2b0784,bf7df995,bde5bae0,bd1affd9,bd2b0786,bf7df994,1,42540268

11126,1652,1525,6302,83,1375,16053,-121,1467,-3346,bdf6751e,bd1f10b5,bd23ed8e,bf7dbcff,bdf67511,bd1f10b1,bd23ed90,bf7dbcfe,1,42548787

11127,1508,1879,6212,393,2976,13901,-123,1401,-3361,be037ebe,bd25a829,bd1eea87,bf7d798c,be037eb7,bd25a825,bd1eea89,bf7d798b,1,42557305

11128,1791,1919,5675,320,2947,12763,-123,1401,-3361,be0b1074,bd2c5583,bd18689a,bf7d386d,be0b106e,bd2c5580,bd18689d,bf7d386e,1,42565323

11129,2214,1742,5077,452,1072,12835,-147,1445,-3286,be11d51f,bd31a7af,bd0de9fd,bf7cfde6,be11d519,bd31a7ab,bd0de9ff,bf7cfde6,1,42573842

11130,2137,1622,4847,710,470,12977,-79,1355,-3339,be184c19,bd369609,bd034765,bf7cc328,be184c13,bd369605,bd034767,bf7cc328,1,42582360

11131,1700,1459,5039,882,543,12862,-79,1355,-3339,be1ef6a6,bd3b2835,bcf65873,bf7c8231,be1ef6a0,bd3b2831,bcf65877,bf7c8231,1,42590879

11132,1181,1201,5453,1108,803,12536,-187,1357,-3342,be261f7f,bd3f0b2d,bceccd0a,bf7c37c8,be261f79,bd3f0b29,bceccd0e,bf7c37c8,1,42599398

11133,717,862,5690,1135,2709,11514,-99,1265,-3304,be2d9035,bd41e416,bcec979f,bf7be571,be2d902f,bd41e412,bcec97a3,bf7be571,1,42607916

11134,716,493,5222,1251,3484,11176,-99,1265,-3304,be345dfc,bd43109f,bced8b14,bf7b97c9,be345df7,bd43109c,bced8b19,bf7b97ca,1,42616435

11135,1023,38,4622,1454,2684,11990,-143,1275,-3317,be3a6131,bd41c40d,bceabfdc,bf7b534a,be3a612c,bd41c40a,bceabfe2,bf7b534c,1,42624954

11136,1100,-344,4502,1721,3344,14350,-159,1251,-3439,be4038d8,bd3e779b,bce82124,bf7b0ffa,be4038d3,bd3e7797,bce82129,bf7b0ffb,1,42633472

11137,905,-404,4468,3199,5275,17505,-159,1251,-3439,be45fced,bd3ba538,bce7f320,bf7aca6a,be45fce9,bd3ba535,bce7f326,bf7aca6c,1,42641991

11138,834,-281,4176,2881,5810,19262,-203,1219,-3393,be4b61d4,bd3949cf,bce85fbd,bf7a86f8,be4b61d0,bd3949cb,bce85fc2,bf7a86f9,1,42650509

11139,934,147,3833,1329,5179,18168,-191,1223,-3362,be5059b6,bd385ad1,bce6e437,bf7a46a6,be5059b1,bd385acc,bce6e43b,bf7a46a6,1,42659028

11140,1866,588,3060,12,5795,12453,-171,1217,-3373,be5465bd,bd38700d,bcdbce29,bf7a12a2,be5465b8,bd387008,bcdbce2d,bf7a12a2,1,42667547

11141,5346,219,1765,-294,-572,14581,-171,1217,-3373,be56efdf,bd31680f,bca51cf1,bf79ff86,be56efda,bd316809,bca51cf4,bf79ff85,1,42675565

11142,7277,25,2204,51,-990,14292,-151,1217,-3365,be5a1f5c,bd277d04,bc357f41,bf79e3b9,be5a1f58,bd277cff,bc357f49,bf79e3ba,1,42684083

11143,7578,10,2566,-4131,-3021,12480,-141,1269,-3425,be5dc518,bd1b762c,badd55c7,bf79bc25,be5dc512,bd1b7626,badd5606,bf79bc24,1,42692602

11144,7212,-193,3914,4448,4387,12752,-141,1269,-3425,be631bdf,bd14024a,3bd1a541,bf797295,be631bda,bd140245,3bd1a530,bf797295,1,42701121

11145,7594,-493,3860,2471,2118,14103,-171,1291,-3417,be6860c2,bd09c6c9,3c752050,bf792498,be6860bd,bd09c6c4,3c752049,bf792498,1,42709639

11146,7395,-607,2425,-956,-1525,13182,-171,1313,-3462,be6bc234,bcf7129a,3cc34fe0,bf78ed9e,be6bc230,bcf71291,3cc34fdd,bf78ed9f,1,42718158

11147,6305,-366,2096,-1693,-1893,13426,-171,1313,-3462,be6ea5bf,bcdee1a3,3d00a09a,bf78b930,be6ea5b9,bcdee198,3d00a098,bf78b92f,1,42726677

11148,4617,470,2443,-1168,-1850,13921,-245,1301,-3539,be71e31c,bcd3ddb9,3d17c9d5,bf787c6f,be71e319,bcd3ddb0,3d17c9d5,bf787c71,1,42735195

11149,2800,1521,2706,-1443,-779,16046,-169,1329,-3478,be7553f2,bcd8a1f5,3d25d318,bf783c6f,be7553ec,bcd8a1ea,3d25d316,bf783c6e,1,42743714

11150,1440,2857,2781,-58,1420,16986,-169,1329,-3478,be78c325,bcf166f0,3d2d2716,bf77faff,be78c31f,bcf166e5,3d2d2714,bf77fafe,1,42752232

11151,997,4051,2908,2153,644,17997,-169,1313,-3419,be7c463a,bd0d13d4,3d3492ea,bf77b224,be7c4634,bd0d13ce,3d3492e8,bf77b223,1,42760751

11152,900,4527,3407,4300,-440,17707,-139,1233,-3448,be803285,bd25105c,3d3d1831,bf775934,be803282,bd251055,3d3d1830,bf775934,1,42769270

11153,297,4150,4360,5101,360,16787,-139,1219,-3434,be82dad3,bd3c8281,3d4182ae,bf76ebe0,be82dacf,bd3c8279,3d4182ac,bf76ebdf,1,42777288

11154,-892,2997,5760,5401,-684,16668,-139,1219,-3434,be86625b,bd4ff946,3d3eaa57,bf7664ff,be866258,bd4ff940,3d3eaa57,bf766500,1,42785806

11155,-2242,1942,6721,5404,-568,15311,-131,1233,-3375,be8a7d05,bd603cb5,3d335dce,bf75cd97,be8a7d02,bd603cae,3d335dcd,bf75cd97,1,42794325

11156,-3217,949,6634,2904,2348,16639,-209,1175,-3425,be8e8a62,bd6bb8c6,3d1f50f0,bf753c3c,be8e8a60,bd6bb8c1,3d1f50f1,bf753c3e,1,42802843

11157,-3749,729,5432,1679,4147,14420,-209,1175,-3425,be91ce68,bd7632af,3d07e4e8,bf74c50d,be91ce66,bd7632a9,3d07e4e9,bf74c50e,1,42811362

11158,-3329,461,4782,1811,3486,13177,-235,1183,-3337,be94ab27,bd7eb4ff,3ce535c2,bf7458f5,be94ab24,bd7eb4f8,3ce535c3,bf7458f5,1,42819881

11159,-2336,51,4086,2364,3378,14339,-281,1085,-3299,be97243b,bd81d725,3cc43dee,bf73f9b9,be972439,bd81d723,3cc43df0,bf73f9ba,1,42828399

11160,-1198,34,3132,974,4769,16081,-281,1085,-3299,be990efe,bd82ecb9,3cae56e8,bf73af08,be990efb,bd82ecb7,3cae56e9,bf73af08,1,42836918

11161,433,678,1982,1922,4026,16055,-241,1071,-3390,be9a4eb8,bd84801e,3cac2e77,bf737993,be9a4eb5,bd84801d,3cac2e79,bf737994,1,42845436

11162,1943,1263,722,3419,1059,15401,-205,1069,-3277,be9accb2,bd869939,3cbff31e,bf735d47,be9accaf,bd869938,3cbff320,bf735d48,1,42853955

11163,2672,1231,295,3280,-3035,15499,-205,1069,-3277,be9b0928,bd876c5e,3ce060f1,bf734ae4,be9b0925,bd876c5d,3ce060f3,bf734ae5,1,42862474

11164,2333,850,891,3481,-4933,15746,-229,1075,-3314,be9ba243,bd8779cc,3cfcbd2a,bf732b5f,be9ba240,bd8779cb,3cfcbd2c,bf732b60,1,42870992

11165,1166,369,1984,2633,-3336,16550,-255,1089,-3371,be9ce086,bd872c01,3d0504ba,bf72f55a,be9ce083,bd872c00,3d0504bb,bf72f55a,1,42879511

11166,-82,416,2765,620,-82,16800,-261,1067,-3425,be9e941e,bd878d94,3d0264cd,bf72af32,be9e941b,bd878d93,3d0264ce,bf72af32,1,42887529

11167,-733,1072,2689,1565,66,15392,-261,1067,-3425,bea02f5f,bd8a8f8a,3cfb9fcd,bf726741,bea02f5d,bd8a8f8a,3cfb9fd0,bf726742,1,42896047

11168,-1024,1233,2602,1817,-1155,14002,-281,1025,-3306,bea1b5c1,bd8e309f,3cf2f2fd,bf722037,bea1b5bf,bd8e309f,3cf2f2ff,bf722038,1,42904566

11169,-1293,745,3184,4504,-6892,11701,-323,963,-3312,bea3930c,bd913e7f,3cea0d9b,bf71caf2,bea39309,bd913e7e,3cea0d9b,bf71caf1,1,42913084

11170,-1837,-11,4787,2130,-4817,14695,-323,963,-3312,bea66bb4,bd926bc5,3cd70951,bf715017,bea66bb2,bd926bc5,3cd70952,bf715018,1,42921603

11171,-2667,-154,5396,618,-907,14719,-339,921,-3324,bea9a0a7,bd9392b2,3cb60c39,bf70c502,bea9a0a4,bd9392b0,3cb60c38,bf70c501,1,42930122

11172,-2712,-34,5379,2554,779,13627,-363,849,-3306,beacd2f6,bd964d9f,3c9354bf,bf703287,beacd2f4,bd964d9e,3c9354bf,bf703288,1,42938640

11173,-2144,-426,5220,3182,1087,14490,-363,849,-3306,beafeeea,bd97c4e6,3c6a7d2f,bf6fa25a,beafeee7,bd97c4e4,3c6a7d2e,bf6fa25a,1,42947159

11174,-1690,-940,4896,2694,2789,13022,-415,775,-3270,beb2e0cc,bd9799c5,3c2ea914,bf6f1a4b,beb2e0c8,bd9799c3,3c2ea913,bf6f1a4a,1,42955677

11175,16,-637,5260,8408,3816,14153,-391,765,-3238,beb61738,bd976639,3c1bbaca,bf6e803a,beb61735,bd976638,3c1bbaca,bf6e803b,1,42964196

11176,2605,-607,6778,3763,4297,15198,-391,765,-3238,beba5b7a,bd944cc4,3c33b2e4,bf6db3b3,beba5b77,bd944cc3,3c33b2e4,bf6db3b4,1,42972715

11177,3568,-915,8659,2000,853,16245,-479,717,-3269,bebfcdcb,bd8e9a1d,3c5e2047,bf6ca98b,bebfcdc8,bd8e9a1c,3c5e2047,bf6ca98c,1,42981233

11178,3715,-567,9397,1718,374,15839,-497,719,-3300,bec5a9e0,bd8975e1,3c872bb9,bf6b7d41,bec5a9dc,bd8975df,3c872bb9,bf6b7d41,1,42989251

11179,3978,-122,9322,1822,1416,16371,-589,697,-3298,becb77af,bd855742,3ca19932,bf6a4565,becb77ab,bd855740,3ca19932,bf6a4565,1,42997770

11180,4384,-76,9469,309,2313,16604,-589,697,-3298,bed1572e,bd8084d3,3cbe30a3,bf68fec2,bed1572a,bd8084d1,3cbe30a3,bf68fec3,1,43006289

11181,4508,-483,10011,19,1635,16837,-609,599,-3335,bed783bc,bd74bf3f,3cda454e,bf679c87,bed783b7,bd74bf3a,3cda454d,bf679c87,1,43014807

11182,4474,-787,10433,-1877,-1103,16820,-679,693,-3383,bedde05d,bd656d6b,3cf74ce3,bf662343,bedde05a,bd656d68,3cf74ce4,bf662345,1,43023326

11183,4355,-293,10054,-2233,-1816,16943,-679,693,-3383,bee3f16e,bd58836e,3d0b28d7,bf64aa43,bee3f16a,bd58836a,3d0b28d7,bf64aa45,1,43031844

11184,4283,404,9175,-2049,-2613,17018,-649,653,-3377,bee96c32,bd4ee67c,3d1ca84a,bf6344f8,bee96c2c,bd4ee676,3d1ca849,bf6344f8,1,43040363

11185,4260,755,7896,-1233,-2499,15791,-715,679,-3410,beee1bb9,bd46d1e4,3d2f678b,bf620686,beee1bb3,bd46d1de,3d2f678a,bf620686,1,43048882

11186,4081,981,6548,324,-2028,13668,-715,679,-3410,bef1f603,bd40af5f,3d42bca4,bf60f581,bef1f5ff,bd40af5a,3d42bca5,bf60f583,1,43057400

11187,3464,956,5160,955,-306,12874,-727,631,-3482,bef4fdca,bd3cea61,3d51f960,bf6018aa,bef4fdc5,bd3cea5c,3d51f961,bf6018ac,1,43065919

11188,2559,457,4399,1940,-1451,12567,-799,617,-3437,bef78eaf,bd395d63,3d5dc43b,bf5f5b7b,bef78eaa,bd395d5e,3d5dc43c,bf5f5b7d,1,43074438

11189,1416,-271,3987,1993,134,13550,-799,617,-3437,bef9e2fb,bd3638aa,3d609e8e,bf5eb4f9,bef9e2f6,bd3638a5,3d609e8f,bf5eb4fb,1,43082455

11190,906,-1020,3977,1458,489,14860,-845,641,-3436,befc38b4,bd306e5e,3d5e6cde,bf5e1329,befc38af,bd306e59,3d5e6cdf,bf5e132b,1,43090974

11191,1158,-1678,4043,665,-136,16198,-895,631,-3451,befe9dec,bd25c5df,3d5bbaf0,bf5d6ee0,befe9de5,bd25c5d9,3d5bbaef,bf5d6ee1,1,43099493

11192,1458,-2056,4314,648,407,17201,-921,617,-3431,bf009721,bd1908b0,3d58f2b2,bf5cbce2,bf00971e,bd1908aa,3d58f2b2,bf5cbce4,1,43108011

11193,1865,-2459,4743,882,641,17236,-921,617,-3431,bf01ff12,bd09f4e1,3d56dc52,bf5bf5af,bf01ff0f,bd09f4db,3d56dc52,bf5bf5b1,1,43116530

11194,2292,-2944,5128,461,97,16557,-965,593,-3458,bf038417,bcee32d4,3d558125,bf5b1a58,bf038413,bcee32c7,3d558124,bf5b1a58,1,43125048

11195,2430,-3139,5457,155,51,15523,-997,579,-3478,bf051f52,bcc5e203,3d5418be,bf5a2ce4,bf051f4f,bcc5e1f9,3d5418c0,bf5a2ce5,1,43133567

11196,2184,-2888,5739,916,-90,14893,-997,579,-3478,bf06c918,bca31889,3d52d5ff,bf592f52,bf06c914,bca31880,3d52d600,bf592f52,1,43142086

11197,1927,-2339,5810,2384,106,14968,-1061,577,-3577,bf0873ca,bc8a003c,3d52ac43,bf5828c2,bf0873c7,bc8a0034,3d52ac47,bf5828c3,1,43150604

11198,1674,-1849,5682,3335,-183,14631,-1115,543,-3462,bf0a10b6,bc6ee173,3d539440,bf5723d1,bf0a10b4,bc6ee165,3d539446,bf5723d4,1,43159123

11199,1352,-1375,5300,1934,-1997,13258,-1115,543,-3462,bf0b8b72,bc4d885c,3d55ac9b,bf562f00,bf0b8b6f,bc4d884e,3d55aca1,bf562f02,1,43167642

11200,712,-38,3923,2930,843,12059,-1163,647,-3536,bf0ca015,bc53a32b,3d56e1d4,bf557830,bf0ca012,bc53a31e,3d56e1db,bf557833,1,43176160

11201,-277,1120,4041,5780,-86,13206,-1215,627,-3528,bf0db5b4,bc79db1c,3d58913a,bf54bbfd,bf0db5b0,bc79db0d,3d589140,bf54bbfe,1,43184679

11202,-477,1030,4363,5760,1034,13338,-1215,627,-3528,bf0ee114,bc910ce8,3d5876ac,bf53f045,bf0ee110,bc910ce2,3d5876b3,bf53f047,1,43192697

11203,136,-299,5316,3898,-1704,14856,-1225,647,-3595,bf105212,bc93c760,3d5859b7,bf52f553,bf10520f,bc93c75b,3d5859bf,bf52f556,1,43201215

11204,432,-1694,6052,131,-85,17046,-1257,573,-3548,bf11fcb5,bc847597,3d516de9,bf51d88b,bf11fcb2,bc847592,3d516df1,bf51d88e,1,43209734

11205,630,-1796,5348,590,-1492,16929,-1307,561,-3568,bf137438,bc62e821,3d4cc816,bf50d8c1,bf137435,bc62e817,3d4cc81d,bf50d8c4,1,43218253

11206,627,-1420,5361,2402,-646,17213,-1307,561,-3568,bf14e8fa,bc4df38e,3d49cbd9,bf4fd3e7,bf14e8f7,bc4df382,3d49cbdf,bf4fd3e9,1,43226771

11207,1024,-1729,5597,1897,-1474,16651,-1367,545,-3497,bf166d50,bc2ae6ec,3d481a82,bf4ebf25,bf166d4c,bc2ae6df,3d481a87,bf4ebf26,1,43235290

11208,1063,-2157,5565,967,-1042,16029,-1401,539,-3547,bf17ef97,bbfb41ce,3d441ece,bf4da9cd,bf17ef93,bbfb41b4,3d441ed3,bf4da9ce,1,43243809

11209,1079,-1989,5268,1184,-1124,15760,-1401,539,-3547,bf195987,bba88363,3d41365f,bf4ca093,bf195984,bba8834a,3d413665,bf4ca094,1,43252327

11210,1197,-1311,5037,2710,-1541,15745,-1517,589,-3520,bf1ab148,bb650189,3d4259bb,bf4b9cb2,bf1ab145,bb65015a,3d4259c2,bf4b9cb4,1,43260846

11211,745,-1009,4818,3508,-1337,15661,-1515,571,-3674,bf1bf744,bb2e0f59,3d42ab44,bf4aa353,bf1bf741,bb2e0f2d,3d42ab4b,bf4aa355,1,43269364

11212,403,-984,4443,3735,-399,16274,-1515,571,-3674,bf1d22db,bb12957b,3d40e401,bf49bd25,bf1d22d8,bb12954f,3d40e408,bf49bd27,1,43277883

11213,403,-959,3809,3851,-1405,15545,-1539,615,-3621,bf1e221a,badb84c4,3d4017e6,bf48f62c,bf1e2218,badb8470,3d4017ed,bf48f62e,1,43286402

11214,157,-1037,3240,2621,-964,15774,-1557,583,-3580,bf1efb7a,ba96e178,3d3d434f,bf484d21,bf1efb78,ba96e125,3d3d4356,bf484d23,1,43294420

11215,86,-879,2844,1950,-818,15392,-1557,583,-3580,bf1fb8f1,ba444163,3d3a30a5,bf47b91a,bf1fb8ee,ba4440b8,3d3a30ac,bf47b91b,1,43302938

11216,195,-737,2750,1347,-1725,15249,-1597,621,-3740,bf206ebf,34a876b2,3d38be16,bf47288c,bf206ebc,34adcda4,3d38be1d,bf47288d,1,43311457

11217,-199,-634,2926,285,-1304,15831,-1597,553,-3586,bf212ef9,3a0c3893,3d343ab3,bf46913b,bf212ef7,3a0c393e,3d343ab9,bf46913c,1,43319975

11218,-411,-351,2939,455,-1314,16250,-1663,575,-3609,bf21f02b,3a1d824f,3d2fd34c,bf45f7c2,bf21f028,3a1d82ff,3d2fd351,bf45f7c3,1,43328494

11219,-526,-67,2941,1313,-1296,16075,-1663,575,-3609,bf22af65,b7584b5c,3d2cf9ef,bf455d43,bf22af63,b7581e27,3d2cf9f5,bf455d46,1,43337013

11220,-764,-81,2741,2477,-636,15873,-1671,515,-3563,bf2361ce,ba9cf490,3d2949ac,bf44ccd2,bf2361cb,ba9cf436,3d2949b1,bf44ccd4,1,43345531

11221,-705,-409,2497,2440,-759,15892,-1683,507,-3631,bf240505,bb00e394,3d24e80f,bf44487f,bf240502,bb00e367,3d24e815,bf444882,1,43354050

11222,-527,-879,2413,3463,-104,15340,-1683,507,-3631,bf24a3bf,bb176188,3d1fa305,bf43c7bc,bf24a3bc,bb176159,3d1fa30a,bf43c7be,1,43362569

11223,-507,-1409,2291,560,-297,16853,-1659,529,-3551,bf253a18,bacc2ec8,3d167ecb,bf43504c,bf253a15,bacc2e64,3d167ed1,bf43504f,1,43371087

11224,-491,-1102,2024,-1184,-422,16292,-1713,505,-3660,bf25beea,ba1f003d,3d0d6835,bf42e688,bf25bee6,ba1eff68,3d0d683b,bf42e68b,1,43379606

11225,-564,-329,1875,-1939,-737,15475,-1713,505,-3660,bf2636bd,b9a8226d,3d06d844,bf42850e,bf2636ba,b9a820ba,3d06d84a,bf428512,1,43387624

11226,-848,389,1921,-1803,-664,15371,-1745,505,-3572,bf26af91,ba82268f,3d019b04,bf422116,bf26af8e,ba82261e,3d019b0a,bf422119,1,43396643

11227,-1093,972,1967,-593,39,16011,-1721,475,-3625,bf27293d,bb370b74,3cfa78fb,bf41baf0,bf272939,bb370b37,3cfa7904,bf41baf1,1,43404661

11228,-1102,1443,1921,622,36,16543,-1721,475,-3625,bf279e1d,bbb0cda5,3cf714b3,bf415603,bf279e1a,bbb0cd87,3cf714bc,bf415605,1,43413180

11229,-1051,1654,1728,1919,806,17352,-1723,467,-3543,bf280617,bc0b8844,3cf6b5bb,bf40f9e8,bf280614,bc0b8835,3cf6b5c4,bf40f9ea,1,43421698

11230,-875,1347,1500,2075,548,18361,-1735,465,-3552,bf286041,bc3673ee,3cf62509,bf40a933,bf28603e,bc3673df,3cf62512,bf40a935,1,43430217

11231,-419,797,1373,1920,341,17892,-1721,455,-3542,bf28b351,bc512b11,3cf5a934,bf405ef0,bf28b34d,bc512b01,3cf5a93b,bf405ef1,1,43438735

11232,-39,231,1248,1424,-141,15835,-1721,455,-3542,bf28ffb4,bc5aae49,3cf4cc4e,bf401b75,bf28ffb2,bc5aae3a,3cf4cc56,bf401b77,1,43447254

11233,-57,-418,1095,120,-487,15206,-1763,429,-3670,bf2945c2,bc50d755,3cecf141,bf3fe0e3,bf2945c1,bc50d747,3cecf149,bf3fe0e6,1,43455773

11234,-328,-957,935,-274,-257,15241,-1705,441,-3593,bf298041,bc42a20d,3cde7aa5,bf3fb27e,bf29803e,bc42a1fd,3cde7aaa,bf3fb27e,1,43464291

11235,-378,-1227,907,-2,-466,15146,-1705,441,-3593,bf29b886,bc3151af,3ccf0e5b,bf3f860e,bf29b884,bc3151a0,3ccf0e62,bf3f8610,1,43472810

11236,-275,-1313,900,1002,1209,14758,-1769,505,-3583,bf29f2ec,bc291bf0,3cbe4895,bf3f570f,bf29f2ea,bc291be1,3cbe489b,bf3f5710,1,43481329

11237,85,-1487,772,757,-62,14982,-1809,461,-3596,bf2a2602,bc130baa,3cb158d6,bf3f2de4,bf2a2600,bc130b9c,3cb158dd,bf3f2de5,1,43489847

11238,-2,-1603,738,379,-58,15586,-1809,461,-3596,bf2a565a,bbf4d0e5,3ca218b9,bf3f074b,bf2a5658,bbf4d0c9,3ca218bf,bf3f074c,1,43497865

11239,-128,-1324,671,208,230,15157,-1771,407,-3482,bf2a7ff3,bbd274e9,3c9361e3,bf3ee5ca,bf2a7ff2,bbd274cc,3c9361e9,bf3ee5cc,1,43506384

11240,-154,-1048,613,-367,110,15076,-1817,435,-3595,bf2aa692,bbb1c4dd,3c853cc6,bf3ec665,bf2aa690,bbb1c4be,3c853ccb,bf3ec666,1,43514902

11241,-274,-683,489,-174,-1097,14077,-1817,435,-3595,bf2ac3b8,bb96ca26,3c79c27f,bf3eae14,bf2ac3b7,bb96ca06,3c79c28a,bf3eae16,1,43523421

11242,-869,-368,424,-1025,85,15057,-1811,413,-3507,bf2adc4a,bb9b0db3,3c5b0380,bf3e9a60,bf2adc47,bb9b0d90,3c5b0389,bf3e9a60,1,43531939

11243,-1087,191,410,-1906,-2083,20337,-1865,397,-3559,bf2af441,bbaa8084,3c46b47e,bf3e8610,bf2af440,bbaa8063,3c46b489,bf3e8612,1,43540458

11244,-1463,1343,841,-896,1217,19681,-1869,381,-3524,bf2b2661,bbfe2e82,3c345a29,bf3e58ba,bf2b265f,bbfe2e5f,3c345a32,bf3e58bb,1,43548977

11245,-1046,1802,989,2733,2792,16691,-1869,381,-3524,bf2b60f7,bc3695a3,3c362b5f,bf3e210d,bf2b60f4,bc369591,3c362b66,bf3e210d,1,43557495

11246,-178,1252,798,4278,2068,16362,-1851,375,-3535,bf2b9016,bc59642e,3c42b3df,bf3df379,bf2b9015,bc59641f,3c42b3e8,bf3df37b,1,43566014

11247,332,224,719,2440,252,15226,-1789,377,-3559,bf2bba18,bc6110dc,3c4bc5e6,bf3dcc57,bf2bba17,bc6110cd,3c4bc5ee,bf3dcc58,1,43574533

11248,438,-276,206,584,-359,15376,-1789,377,-3559,bf2bc444,bc56019f,3c4c770d,bf3dc3e2,bf2bc444,bc560191,3c4c7714,bf3dc3e4,1,43583051

11249,222,-234,-269,1205,-339,15151,-1857,345,-3497,bf2bb2d9,bc517857,3c4c95a2,bf3dd3f5,bf2bb2d8,bc517848,3c4c95a7,bf3dd3f6,1,43591570

11250,-185,-293,-69,275,-503,15341,-1849,371,-3492,bf2bad5c,bc4c1043,3c420474,bf3dd9fb,bf2bad5a,bc4c1033,3c420478,bf3dd9fc,1,43600089

11251,-528,-230,84,-1368,-1338,15025,-1849,371,-3492,bf2bb11d,bc4561f2,3c304cef,bf3dd81b,bf2bb11c,bc4561e3,3c304cf4,bf3dd81e,1,43608106

11252,-892,-29,218,-2066,-993,15461,-1855,379,-3519,bf2bbce4,bc470817,3c18da4f,bf3dce9e,bf2bbce2,bc470807,3c18da53,bf3dcea0,1,43616625

11253,-1228,225,512,-1633,-811,16152,-1843,373,-3449,bf2bd9e2,bc527447,3c0048d4,bf3db4bd,bf2bd9e0,bc527438,3c0048d9,bf3db4c0,1,43625144

11254,-1336,626,927,-1974,116,15707,-1843,373,-3449,bf2c1062,bc679df9,3bcf756f,bf3d82b5,bf2c1060,bc679dea,3bcf7578,bf3d82b8,1,43633663

11255,-1326,1253,1115,-1404,23,15745,-1857,353,-3466,bf2c5245,bc835ab0,3bb2f8b3,bf3d44b8,bf2c5243,bc835aa8,3bb2f8ba,bf3d44bb,1,43642181

11256,-1351,1841,1295,-961,-914,15791,-1863,375,-3428,bf2c9e8e,bc96a4c0,3bb11d93,bf3cfb96,bf2c9e8c,bc96a4b8,3bb11d98,bf3cfb98,1,43650700

11257,-1599,2402,1245,-267,-5,15522,-1863,375,-3428,bf2ce67c,bcb2455d,3bb44a82,bf3cb3b8,bf2ce67a,bcb24555,3bb44a85,bf3cb3ba,1,43659218

11258,-1798,2848,972,280,179,15626,-1829,329,-3422,bf2d1b00,bcd453e2,3bc1ff03,bf3c7a84,bf2d1afe,bcd453da,3bc1ff04,bf3c7a86,1,43667737

11259,-1863,2964,698,956,1073,15944,-1827,275,-3424,bf2d3dca,bcfad33f,3bce53e7,bf3c4e81,bf2d3dc8,bcfad337,3bce53e5,bf3c4e83,1,43676255

11260,-1764,2880,518,333,1411,15685,-1797,279,-3400,bf2d54d8,bd0f6ae5,3bd3d47e,bf3c2c53,bf2d54d6,bd0f6ae1,3bd3d47a,bf3c2c55,1,43684774

11261,-1611,2935,388,-887,1679,15728,-1797,279,-3400,bf2d6511,bd1fef8b,3bd7f9d6,bf3c0ffd,bf2d650f,bd1fef87,3bd7f9cf,bf3c0fff,1,43693293

11262,-1456,3419,346,-944,2514,16044,-1813,243,-3384,bf2d7321,bd323621,3bec0a4e,bf3bf234,bf2d731f,bd32361d,3bec0a45,bf3bf236,1,43701811

11263,-1155,4245,298,404,3579,15539,-1747,225,-3345,bf2d7c01,bd4830d9,3c122a62,bf3bd2a2,bf2d7bff,bd4830d6,3c122a5c,bf3bd2a5,1,43709829

11264,-618,4887,194,287,1933,15759,-1747,225,-3345,bf2d7f5e,bd5d68c0,3c416c8b,bf3bb50a,bf2d7f5b,bd5d68bb,3c416c82,bf3bb50c,1,43718348

11265,-279,5351,-115,1334,2389,15152,-1715,227,-3375,bf2d6e35,bd7473bc,3c7ea8f6,bf3ba3bb,bf2d6e32,bd7473b7,3c7ea8eb,bf3ba3bd,1,43726867

11266,36,5562,-677,2836,1184,15402,-1655,219,-3377,bf2d36ea,bd859fde,3ca6ebde,bf3baff4,bf2d36e7,bd859fdc,3ca6ebd7,bf3baff6,1,43735385

11267,84,5378,-587,3867,439,15408,-1655,219,-3377,bf2d0394,bd907c53,3ccf7a12,bf3bb501,bf2d0391,bd907c51,3ccf7a0a,bf3bb503,1,43743904

11268,-83,4468,582,10001,810,12065,-1589,223,-3326,bf2d169c,bd9a82f1,3ceff7c5,bf3b79cd,bf2d169a,bd9a82f0,3ceff7bd,bf3b79d0,1,43752423

11269,-250,1367,3073,10269,4701,13781,-1605,199,-3291,bf2dc995,bd9f5f40,3cf4c672,bf3ac20c,bf2dc993,bd9f5f3e,3cf4c669,bf3ac20e,1,43760941

11270,681,-748,3242,2874,-4386,15872,-1605,199,-3291,bf2e9196,bd9c14d5,3cf49d64,bf3a125d,bf2e9193,bd9c14d2,3cf49d59,bf3a125e,1,43769460

11271,-462,-1332,2527,1957,303,15542,-1655,205,-3391,bf2f29ff,bd9a0c2a,3ce3b85d,bf398f18,bf2f29fc,bd9a0c27,3ce3b853,bf398f19,1,43777979

11272,-1239,-1531,2057,1422,4435,15366,-1665,197,-3362,bf2fa29c,bd9a4bcd,3cc63a76,bf392499,bf2fa29b,bd9a4bcb,3cc63a6e,bf39249c,1,43786497

11273,-324,-2018,2058,2254,4148,15164,-1683,223,-3293,bf301fe4,bd983689,3cad6baf,bf38ba97,bf301fe1,bd983685,3cad6ba5,bf38ba98,1,43795016

11274,693,-2484,2394,146,2488,15624,-1683,223,-3293,bf30b90b,bd92395e,3c976062,bf38405c,bf30b908,bd92395a,3c976058,bf38405d,1,43803034

11275,1105,-2207,2380,538,950,15703,-1787,207,-3363,bf3153e1,bd8b55b3,3c88cc97,bf37c3a2,bf3153e0,bd8b55b1,3c88cc8e,bf37c3a5,1,43811552

11276,1121,-1516,2004,1764,2500,15428,-1777,219,-3390,bf31d3bd,bd8736e2,3c7ec545,bf3755f5,bf31d3bb,bd8736e0,3c7ec532,bf3755f7,1,43820071

11277,1318,-1263,1754,2961,2532,15228,-1777,219,-3390,bf3242a0,bd83af6b,3c77f2cc,bf36f508,bf32429e,bd83af68,3c77f2b8,bf36f509,1,43828590

11278,1558,-1353,1389,1047,2311,15516,-1827,275,-3381,bf329fe4,bd7d5b6c,3c6cb3a1,bf36a913,bf329fe3,bd7d5b67,3c6cb38f,bf36a915,1,43837108

11279,1521,-1124,406,438,30,15211,-1855,237,-3370,bf32c183,bd716560,3c6c9057,bf369864,bf32c182,bd71655b,3c6c9045,bf369866,1,43845627

11280,1096,-366,-120,1273,202,15393,-1855,237,-3370,bf32bed7,bd6ad0de,3c74eb14,bf36a2e6,bf32bed5,bd6ad0d8,3c74eb01,bf36a2e8,1,43854145

11281,709,158,-402,2538,1335,15565,-1829,227,-3383,bf32a679,bd6a5ccf,3c7fb648,bf36ba65,bf32a675,bd6a5cc7,3c7fb633,bf36ba65,1,43862664

11282,750,21,-262,1797,607,15638,-1797,235,-3418,bf329684,bd67cc5b,3c84b52d,bf36cc64,bf329682,bd67cc56,3c84b523,bf36cc66,1,43871183

11283,703,-204,80,1075,-693,15253,-1797,235,-3418,bf329be3,bd62a9b2,3c88554a,bf36cceb,bf329be1,bd62a9ad,3c88553f,bf36ccec,1,43879701

11284,308,-155,315,1183,323,15384,-1861,249,-3402,bf32afae,bd5ff410,3c871e7e,bf36bd24,bf32afac,bd5ff40b,3c871e73,bf36bd24,1,43888220

11285,-22,-53,513,1412,523,15645,-1817,233,-3382,bf32cb87,bd5f8bf2,3c8457bf,bf36a2e5,bf32cb86,bd5f8bee,3c8457b5,bf36a2e7,1,43896738

11286,-120,-26,634,2025,1525,15668,-1851,263,-3402,bf32eeea,bd615fc9,3c7fc896,bf367ec6,bf32eee9,bd615fc5,3c7fc881,bf367ec8,1,43905257

11287,8,-117,797,2161,1489,15708,-1851,263,-3402,bf331c67,bd6279d1,3c782f3b,bf36516d,bf331c65,bd6279cd,3c782f24,bf36516e,1,43913275

11288,204,-337,801,1662,1532,15558,-1853,249,-3414,bf334be3,bd619863,3c6dde42,bf3624ae,bf334be2,bd61985f,3c6dde2c,bf3624b0,1,43921793

11289,366,-559,778,1412,1282,15518,-1895,249,-3459,bf337cc3,bd5ea418,3c622cde,bf35f918,bf337cc0,bd5ea413,3c622cc6,bf35f918,1,43930312

11290,379,-568,511,1207,1160,15275,-1895,249,-3459,bf339d8b,bd5b4481,3c56a9b5,bf35ddb4,bf339d89,bd5b447e,3c56a9a0,bf35ddb6,1,43938830

11291,374,-530,279,1335,1219,15662,-1879,243,-3391,bf33aef3,bd58539c,3c4ce38f,bf35d0bc,bf33aef1,bd585398,3c4ce37a,bf35d0be,1,43947349

11292,359,-446,133,997,890,15646,-1875,295,-3431,bf33b78d,bd54f04a,3c445511,bf35ccd3,bf33b78b,bd54f046,3c4454fc,bf35ccd5,1,43955868

11293,318,-315,15,270,824,15784,-1875,295,-3431,bf33b980,bd51585f,3c3a8803,bf35cfb6,bf33b97f,bd51585c,3c3a87ef,bf35cfb9,1,43964386

11294,261,26,44,-1082,159,15226,-1905,243,-3376,bf33bdd7,bd4e1847,3c343d7d,bf35cf89,bf33bdd4,bd4e1842,3c343d68,bf35cf8b,1,43972905

11295,143,672,335,422,1031,15627,-1909,295,-3334,bf33d18f,bd4f53e1,3c35c6dc,bf35ba89,bf33d18c,bd4f53dc,3c35c6c7,bf35ba8b,1,43981423

11296,3,1146,518,1718,3823,15126,-1909,295,-3334,bf33edf6,bd560404,3c3a570f,bf35965d,bf33edf4,bd560400,3c3a56fb,bf359660,1,43989942

11297,268,1255,-346,1157,-1027,15431,-1893,237,-3371,bf33d726,bd57ded1,3c52bc55,bf35a918,bf33d724,bd57decd,3c52bc41,bf35a91b,1,43998461

11298,29,957,-307,1638,-507,15549,-1857,299,-3385,bf33c068,bd5a50f9,3c63b6e9,bf35bb65,bf33c065,bd5a50f3,3c63b6d3,bf35bb67,1,44006979

11299,-544,807,-176,1049,1827,15689,-1867,255,-3430,bf33b14d,bd601433,3c5c9dc4,bf35c3df,bf33b14b,bd60142e,3c5c9dae,bf35c3e2,1,44015498

11300,-404,887,-187,2536,2254,15666,-1867,255,-3430,bf33a081,bd672ea0,3c5dd5d9,bf35cb7c,bf33a07e,bd672e99,3c5dd5c1,bf35cb7e,1,44023516

11301,-3,686,-177,5083,7139,14831,-1843,285,-3348,bf339236,bd6cfe19,3c5ff58c,bf35d1f5,bf339233,bd6cfe13,3c5ff574,bf35d1f8,1,44032034

11302,1115,-216,118,1880,-2368,15213,-1837,281,-3404,bf339b88,bd66614a,3c72165a,bf35cfcd,bf339b85,bd666145,3c721643,bf35cfd0,1,44040553

11303,733,-526,136,792,642,15526,-1837,281,-3404,bf33a5e3,bd60af70,3c6e0d77,bf35cd06,bf33a5e1,bd60af6d,3c6e0d61,bf35cd0a,1,44049072

11304,321,-364,96,1158,1754,15632,-1843,247,-3421,bf33abae,bd5eed34,3c6316ed,bf35ca57,bf33abac,bd5eed31,3c6316d7,bf35ca5b,1,44057590

11305,492,-274,306,939,935,15552,-1847,271,-3461,bf33beb9,bd5baa51,3c5e39d2,bf35bbdc,bf33beb6,bd5baa4d,3c5e39ba,bf35bbdf,1,44066109

11306,513,-178,699,422,256,15577,-1847,271,-3461,bf33e96d,bd576cac,3c5bdc02,bf3596d8,bf33e96b,bd576ca9,3c5bdbea,bf3596dc,1,44074628

11307,373,72,986,1453,976,15639,-1853,329,-3379,bf34228a,bd56caeb,3c5c503a,bf355ee9,bf342287,bd56cae6,3c5c5020,bf355eec,1,44083146

11308,292,186,1050,1808,740,15574,-1919,249,-3397,bf3460c7,bd56e1b8,3c5f8db7,bf3520a7,bf3460c3,bd56e1b2,3c5f8d9b,bf3520a9,1,44091665

11309,241,168,831,2219,573,15476,-1919,249,-3397,bf3490e5,bd576052,3c64a3c6,bf34efb4,bf3490e3,bd57604f,3c64a3ac,bf34efb8,1,44100183

11310,86,75,418,2349,689,15572,-1885,289,-3445,bf34a6a2,bd5865a9,3c66a954,bf34d89f,bf34a69f,bd5865a4,3c66a937,bf34d8a1,1,44108702

11311,-47,-180,61,2028,633,15561,-1879,287,-3462,bf34a706,bd5889b4,3c626c9f,bf34d866,bf34a703,bd5889ae,3c626c82,bf34d867,1,44117221

11312,-168,-451,-74,1494,800,15496,-1867,245,-3343,bf349f13,bd57ba17,3c554e23,bf34e24f,bf349f10,bd57ba11,3c554e06,bf34e250,1,44125239

11313,-256,-511,-92,951,1000,15614,-1867,245,-3343,bf34966e,bd569960,3c42924d,bf34ed98,bf34966b,bd56995a,3c429230,bf34ed99,1,44133757

11314,-262,-419,10,517,1422,15590,-1905,231,-3416,bf3495e7,bd55c0fb,3c2cef19,bf34f07d,bf3495e6,bd55c0f7,3c2ceefd,bf34f080,1,44142276

11315,-178,-223,198,1157,1474,15593,-1911,227,-3433,bf349fe9,bd562b34,3c1df661,bf34e6de,bf349fe7,bd562b2e,3c1df643,bf34e6df,1,44150794

11316,-74,-90,280,1201,1329,15590,-1911,227,-3433,bf34aed8,bd5694c9,3c13866a,bf34d804,bf34aed7,bd5694c4,3c13864e,bf34d805,1,44159313

11317,-24,-55,264,1304,1171,15549,-1937,263,-3397,bf34bd96,bd56d1a7,3c0b9604,bf34c964,bf34bd96,bd56d1a3,3c0b95e9,bf34c965,1,44167832

11318,-13,-98,236,2187,873,15014,-1923,303,-3391,bf34c89d,bd57aedd,3c096f61,bf34bd71,bf34c89d,bd57aed8,3c096f45,bf34bd71,1,44176350

11319,-47,-277,239,782,1272,15572,-1923,303,-3391,bf34d5fd,bd56a8ff,3bf6003c,bf34b1ee,bf34d5fd,bd56a8f9,3bf60004,bf34b1ed,1,44184869

11320,37,-259,167,1339,1061,15065,-1947,243,-3422,bf34df53,bd55e69d,3be45ddb,bf34a9d9,bf34df53,bd55e698,3be45da4,bf34a9d8,1,44193388

11321,87,-226,209,1505,997,15611,-1923,261,-3343,bf34e9c1,bd553148,3bd85a28,bf34a078,bf34e9c2,bd553144,3bd859f3,bf34a078,1,44201906

11322,1,-242,230,1339,1077,15867,-1923,261,-3343,bf34f539,bd549ad6,3bc6f0a1,bf3495fc,bf34f539,bd549ad0,3bc6f06b,bf3495fa,1,44210425

11323,-44,-315,230,772,1196,15485,-1927,267,-3364,bf350171,bd536941,3bab24b3,bf348b95,bf350171,bd53693c,3bab2480,bf348b94,1,44218943

11324,-84,-357,216,1034,921,15331,-1903,317,-3359,bf350af8,bd524f05,3b93916a,bf3483a3,bf350af8,bd524f00,3b939138,bf3483a2,1,44226961

11325,-151,-268,241,520,1163,15645,-1939,273,-3378,bf3517cf,bd5150d0,3b68cf73,bf347846,bf3517d0,bd5150cc,3b68cf13,bf347846,1,44235480

11326,-145,-69,243,832,1114,15599,-1939,273,-3378,bf352406,bd5163a7,3b3ec3ed,bf346c1f,bf352407,bd5163a3,3b3ec38f,bf346c1f,1,44243998

11327,-179,46,266,1047,1114,15609,-1931,269,-3472,bf3530ed,bd524d8a,3b1ea6a2,bf345e3a,bf3530ec,bd524d85,3b1ea645,bf345e38,1,44252517

11328,-205,101,253,1329,1297,15518,-1963,267,-3434,bf353d91,bd541500,3b01db5f,bf344f87,bf353d91,bd5414fc,3b01db07,bf344f85,1,44261036

11329,-207,49,210,1364,1450,15590,-1963,267,-3434,bf35478d,bd55e1b9,3abfffaf,bf344371,bf35478d,bd55e1b5,3abfff07,bf344370,1,44269554

11330,-189,-78,181,1038,1553,15626,-1959,217,-3358,bf354ff4,bd56d166,3a4149e2,bf3439f4,bf354ff4,bd56d161,3a414899,bf3439f3,1,44278073

11331,-119,-108,176,1301,1791,15568,-1973,301,-3434,bf35589e,bd580152,3838bde1,bf342fd7,bf35589f,bd58014e,3838a9f6,bf342fd7,1,44286592

11332,-10,-141,172,1514,1564,15411,-1973,301,-3434,bf35610d,bd58b23d,b9e00e80,bf342684,bf35610d,bd58b239,b9e010f1,bf342683,1,44295110

11333,97,-189,196,903,1474,15575,-1977,219,-3270,bf356beb,bd57d7e6,ba81f167,bf341c8e,bf356bec,bd57d7e2,ba81f1ff,bf341c8e,1,44303629

11334,186,-177,168,1981,1229,15821,-1955,259,-3371,bf357357,bd57ae71,ba8a3d43,bf341545,bf357357,bd57ae6b,ba8a3dd5,bf341543,1,44312147

11335,189,-283,236,665,1277,15615,-1955,259,-3371,bf358097,bd55a027,bad55539,bf340a4c,bf358097,bd55a021,bad555c5,bf340a4a,1,44320165

11336,202,-326,268,600,1261,15574,-1911,243,-3372,bf358def,bd53726d,bb101d4f,bf33ff4f,bf358df1,bd537269,bb101d93,bf33ff4f,1,44328684

11337,164,-269,258,1076,1206,15497,-1959,257,-3360,bf359b61,bd521533,bb2ac804,bf33f341,bf359b62,bd52152e,bb2ac845,bf33f33f,1,44337203

11338,131,-206,306,574,1188,15587,-1981,245,-3417,bf35ad38,bd504c2d,bb4f3236,bf33e32a,bf35ad39,bd504c28,bb4f3274,bf33e329,1,44345721

11339,129,-106,382,759,1546,15575,-1981,245,-3417,bf35c2fd,bd4facba,bb70d818,bf33cdb9,bf35c2fd,bd4facb5,bb70d853,bf33cdb8,1,44354240

11340,105,-59,408,644,1112,15634,-1997,221,-3435,bf35daf8,bd4e814a,bb85560a,bf33b6ad,bf35daf9,bd4e8146,bb855628,bf33b6ad,1,44362758

11341,78,54,377,1154,1230,15584,-1957,263,-3330,bf35ee27,bd4ee2e1,bb89f12c,bf33a2c4,bf35ee26,bd4ee2db,bb89f148,bf33a2c3,1,44371277

11342,58,89,388,768,1109,15578,-1957,263,-3330,bf360265,bd4ecfd6,bb90ce53,bf338e40,bf360265,bd4ecfd1,bb90ce6f,bf338e41,1,44379795

11343,28,115,330,995,1210,15599,-1979,253,-3432,bf3613cd,bd4f4c12,bb96c358,bf337bf8,bf3613cc,bd4f4c0c,bb96c372,bf337bf7,1,44388314

11344,-25,135,252,1098,1232,15601,-2001,305,-3355,bf3620e2,bd502c5a,bb9cddbe,bf336d99,bf3620e2,bd502c55,bb9cddd8,bf336d98,1,44396832

11345,-73,79,148,923,1377,15585,-2001,305,-3355,bf3627d2,bd50fa84,bba95828,bf336570,bf3627d2,bd50fa80,bba95841,bf33656f,1,44405351

11346,-83,62,62,1060,1453,15536,-1989,269,-3347,bf3628d0,bd521580,bbb52427,bf3362f6,bf3628d0,bd52157c,bbb5243f,bf3362f5,1,44413870

11347,-58,35,-13,974,1579,15546,-2047,193,-3280,bf3627bc,bd52df15,bbc3ef08,bf3362e3,bf3627bc,bd52df11,bbc3ef20,bf3362e2,1,44422388

11348,-5,18,-22,1050,1696,15606,-2047,193,-3280,bf362627,bd539e56,bbd1c043,bf33635f,bf362627,bd539e53,bbd1c05c,bf33635f,1,44430406

11349,72,3,15,1057,1606,15616,-1981,211,-3249,bf362459,bd541033,bbdb1fd5,bf336480,bf362459,bd541031,bbdb1fee,bf336480,1,44438925

11350,125,-50,70,479,1677,15535,-2001,245,-3383,bf3627f0,bd536dd5,bbec3a88,bf336145,bf3627ef,bd536dd2,bbec3a9f,bf336144,1,44447444

11351,167,-46,57,795,1515,15652,-1985,287,-3328,bf36299a,bd52e6ff,bbf63424,bf335ffb,bf36299b,bd52e6ff,bbf6343c,bf335ffc,1,44455962

11352,191,6,69,626,1382,15612,-1985,287,-3328,bf362c55,bd5216e9,bbfe3ac4,bf335dfe,bf362c54,bd5216e8,bbfe3ada,bf335dfe,1,44464487

11353,186,46,117,903,1583,15573,-2009,257,-3302,bf36323c,bd5208ff,bc025c0b,bf3357ea,bf36323c,bd5208ff,bc025c17,bf3357eb,1,44473006

11354,177,34,145,896,1383,15574,-2043,233,-3302,bf363b32,bd519878,bc05473b,bf334f32,bf363b30,bd519877,bc054745,bf334f32,1,44481525

11355,186,41,122,795,1241,15604,-2043,233,-3302,bf3642f9,bd50d1d2,bc07a83c,bf334815,bf3642f8,bd50d1d2,bc07a847,bf334816,1,44490043

11356,131,49,153,475,1274,15638,-2069,203,-3291,bf364dbe,bd4fd9cf,bc0cd4d8,bf333e01,bf364dbd,bd4fd9cf,bc0cd4e3,bf333e02,1,44498562

11357,66,144,240,410,1221,15632,-2009,173,-3357,bf365b0b,bd4f8537,bc10f359,bf3330a7,bf365b0a,bd4f8538,bc10f365,bf3330a9,1,44507080

11358,23,308,308,963,1164,15519,-2009,173,-3357,bf366b5b,bd509df1,bc1003ae,bf331ed1,bf366b5a,bd509df1,bc1003ba,bf331ed3,1,44515599

11359,-39,365,291,1060,1553,15594,-1967,235,-3401,bf3678b4,bd52e092,bc10378c,bf330e8f,bf3678b2,bd52e091,bc103797,bf330e90,1,44524118

11360,-43,316,143,1239,1571,15635,-2029,259,-3338,bf367f58,bd550ac9,bc10d39e,bf330533,bf367f56,bd550ac8,bc10d3a8,bf330535,1,44532636

11361,-8,194,54,1213,1581,15527,-2029,259,-3338,bf3680e1,bd569acc,bc12dbb0,bf3301aa,bf3680df,bd569acb,bc12dbba,bf3301ac,1,44540654

11362,36,92,37,1152,1749,15557,-2065,225,-3342,bf36831b,bd57a3ae,bc175ca3,bf32fdea,bf368319,bd57a3ad,bc175cae,bf32fdec,1,44549173

11363,96,13,59,1106,1636,15564,-2037,193,-3334,bf3685b3,bd58003c,bc1b6adb,bf32fa9f,bf3685b1,bd58003b,bc1b6ae6,bf32faa1,1,44557692

11364,151,-47,78,862,1435,15564,-2009,247,-3347,bf3688f2,bd576ba2,bc1f846f,bf32f7c9,bf3688ef,bd576ba0,bc1f8479,bf32f7ca,1,44566210

11365,149,-69,78,731,1401,15602,-2009,247,-3347,bf368c51,bd568bc7,bc247030,bf32f51e,bf368c4f,bd568bc7,bc24703b,bf32f521,1,44574729

11366,114,-50,71,574,1454,15628,-2049,219,-3387,bf36910f,bd559adf,bc2b2f74,bf32f103,bf36910b,bd559add,bc2b2f7e,bf32f105,1,44583247

11367,81,-1,75,599,1487,15574,-2039,207,-3338,bf36952a,bd552300,bc315d71,bf32ed01,bf369527,bd5522fd,bc315d7d,bf32ed04,1,44591766

11368,87,71,74,799,1662,15620,-2039,207,-3338,bf3698d3,bd556b63,bc361295,bf32e8a2,bf3698d0,bd556b60,bc3612a1,bf32e8a5,1,44600285

11369,122,116,70,841,1612,15602,-2095,215,-3360,bf369eea,bd558d0a,bc39cd70,bf32e206,bf369ee6,bd558d05,bc39cd7c,bf32e208,1,44608803

11370,152,122,80,1137,1434,15525,-2057,239,-3316,bf36a374,bd55e4df,bc39c4a4,bf32dcfb,bf36a371,bd55e4db,bc39c4b2,bf32dcfe,1,44617322

11371,142,68,101,846,1351,15590,-2057,239,-3316,bf36a9ad,bd5588f9,bc3be46f,bf32d6eb,bf36a9a9,bd5588f4,bc3be47d,bf32d6ee,1,44625840

11372,97,24,149,756,1488,15589,-2041,265,-3281,bf36b1bb,bd555180,bc406364,bf32cea6,bf36b1b7,bd55517b,bc406373,bf32cea9,1,44634359

11373,66,56,162,671,1399,15584,-2075,257,-3353,bf36bc44,bd54f3cc,bc4551cb,bf32c3fc,bf36bc40,bd54f3c7,bc4551da,bf32c3ff,1,44642377

11374,44,122,123,739,1527,15552,-2075,257,-3353,bf36c430,bd5538ef,bc49c6ff,bf32bb3f,bf36c42c,bd5538e8,bc49c70e,bf32bb41,1,44650896

11375,22,130,106,842,1445,15600,-2051,225,-3327,bf36c9a6,bd55b742,bc4ce3ea,bf32b4db,bf36c9a2,bd55b73b,bc4ce3f9,bf32b4dd,1,44659414

11376,-8,126,135,826,1595,15606,-2049,197,-3351,bf36d088,bd567d8a,bc515c82,bf32ac91,bf36d084,bd567d83,bc515c92,bf32ac93,1,44667933

11377,3,133,163,1087,1771,15588,-2041,257,-3331,bf36d83e,bd57d952,bc54ed53,bf32a2c6,bf36d83b,bd57d94d,bc54ed64,bf32a2c9,1,44676451

11378,45,101,194,1079,1638,15604,-2041,257,-3331,bf36e1fb,bd58ba1e,bc57a96d,bf329787,bf36e1f8,bd58ba19,bc57a97f,bf32978a,1,44684970

11379,91,33,203,964,1577,15598,-2043,271,-3338,bf36ecb0,bd58ee81,bc5b0cbf,bf328c10,bf36ecac,bd58ee7b,bc5b0cd1,bf328c12,1,44693489

11380,96,-10,188,920,1565,15589,-2057,233,-3380,bf36f729,bd58d6c1,bc5f4c76,bf32811c,bf36f726,bd58d6bc,bc5f4c89,bf32811e,1,44702007

11381,112,-45,166,909,1628,15610,-2057,233,-3380,bf370047,bd58a2f7,bc6423f2,bf3277a0,bf370045,bd58a2f4,bc642407,bf3277a3,1,44710526

11382,128,-71,185,815,1603,15579,-2047,255,-3373,bf370a35,bd5827ed,bc695d62,bf326d9b,bf370a31,bd5827e9,bc695d75,bf326d9d,1,44719044

11383,135,-100,202,806,1661,15615,-2043,249,-3346,bf3714c3,bd57a1fc,bc6f1a26,bf3262ef,bf3714bf,bd57a1f9,bc6f1a3b,bf3262f2,1,44727563

11384,146,-89,223,656,1467,15576,-2043,249,-3346,bf3720d5,bd56a4db,bc74396b,bf32574c,bf3720d1,bd56a4d9,bc743982,bf325750,1,44735581

11385,140,-70,232,673,1553,15556,-2051,263,-3342,bf372d91,bd55e505,bc798b43,bf324aaa,bf372d8c,bd55e502,bc798b5a,bf324aad,1,44744100

11386,132,-38,238,444,1427,15582,-2027,229,-3384,bf373a04,bd54e207,bc7eb4f3,bf323e9e,bf373a01,bd54e206,bc7eb50c,bf323ea2,1,44752618

11387,116,57,217,515,1546,15642,-2027,229,-3384,bf3744fc,bd548fb4,bc81625f,bf32335b,bf3744f8,bd548fb2,bc81626b,bf32335f,1,44761137

11388,93,131,168,720,1686,15651,-2065,231,-3338,bf374e13,bd54fa9a,bc82f73f,bf322939,bf374e0f,bd54fa98,bc82f74c,bf32293c,1,44769656

11389,86,155,134,834,1548,15577,-2079,267,-3386,bf3755ce,bd556f0d,bc83c889,bf322092,bf3755ca,bd556f0b,bc83c896,bf322095,1,44778174

11390,86,117,86,725,1564,15594,-2091,199,-3347,bf375b27,bd5596d0,bc853d8e,bf321a9d,bf375b23,bd5596ce,bc853d9c,bf321aa0,1,44786693

11391,80,92,54,807,1683,15598,-2091,199,-3347,bf375e4e,bd55f6ed,bc86f963,bf321697,bf375e49,bd55f6eb,bc86f971,bf32169a,1,44795211

11392,86,81,-5,714,1756,15580,-2091,169,-3342,bf375e03,bd56422d,bc891f90,bf32161f,bf375dff,bd56422c,bc891f9e,bf321622,1,44803730

11393,122,68,-40,612,1853,15597,-2083,193,-3328,bf375b8d,bd566253,bc8b88ea,bf321809,bf375b89,bd566252,bc8b88f8,bf32180c,1,44812248

11394,189,106,-65,566,1824,15587,-2083,193,-3328,bf375809,bd564cb0,bc8d2cf3,bf321b6f,bf375806,bd564cb0,bc8d2d02,bf321b73,1,44820767

11395,253,157,-56,676,1771,15557,-2143,205,-3303,bf3757ef,bd560e4b,bc8de500,bf321bb1,bf3757eb,bd560e4a,bc8de510,bf321bb4,1,44829286

11396,307,202,-19,798,1698,15566,-2037,225,-3338,bf375595,bd562858,bc8cb502,bf321e3a,bf375591,bd562857,bc8cb513,bf321e3d,1,44837804

11397,348,200,-3,748,1561,15603,-2037,225,-3338,bf375486,bd55d4b7,bc8b07e8,bf322008,bf375483,bd55d4b7,bc8b07fa,bf32200b,1,44845822

11398,354,180,-17,838,1609,15558,-2101,239,-3306,bf375537,bd556b73,bc89bbe3,bf322012,bf375534,bd556b73,bc89bbf6,bf322015,1,44854341

11399,342,138,-20,626,1403,15605,-2079,201,-3384,bf37553a,bd545a6b,bc88c6c1,bf322183,bf375537,bd545a6c,bc88c6d5,bf322187,1,44862859

11400,305,149,-29,694,1442,15634,-2079,201,-3384,bf375468,bd53a27e,bc87ebb5,bf322362,bf375465,bd53a27e,bc87ebc8,bf322365,1,44871378

11401,274,177,-36,769,1550,15618,-2057,211,-3386,bf3751ef,bd537cb0,bc870d0d,bf322644,bf3751ec,bd537caf,bc870d21,bf322647,1,44879897

11402,265,182,-46,686,1480,15629,-2017,185,-3336,bf374d4c,bd534f8e,bc8604c2,bf322b71,bf374d49,bd534f8d,bc8604d6,bf322b74,1,44888415

11403,238,191,-41,839,1472,15578,-2049,209,-3325,bf3749e7,bd5360da,bc84df6f,bf322f12,bf3749e3,bd5360d9,bc84df82,bf322f14,1,44896934

11404,210,192,-11,730,1510,15613,-2049,209,-3325,bf374855,bd537291,bc845d41,bf3230b2,bf374851,bd53728f,bc845d54,bf3230b5,1,44905452

11405,191,174,8,899,1513,15618,-1999,209,-3350,bf3745a1,bd53e0f3,bc837058,bf323321,bf37459e,bd53e0f3,bc83706c,bf323326,1,44913971

11406,167,154,27,906,1600,15591,-2011,259,-3304,bf374442,bd546c14,bc832084,bf3233f3,bf37443f,bd546c13,bc832098,bf3233f8,1,44922490

11407,171,104,39,869,1614,15610,-2011,259,-3304,bf37439e,bd54b9a7,bc834f1c,bf323437,bf374399,bd54b9a4,bc834f2f,bf32343b,1,44931008

11408,180,53,32,852,1643,15604,-1983,227,-3406,bf3741b6,bd54e3f2,bc83cb62,bf3235e2,bf3741b2,bd54e3f0,bc83cb76,bf3235e7,1,44939527

11409,202,24,11,885,1606,15595,-2001,199,-3351,bf373f2b,bd54cec0,bc843a91,bf323885,bf373f27,bd54cebe,bc843aa6,bf32388a,1,44947545

11410,209,-2,6,728,1435,15580,-2001,199,-3351,bf373c9d,bd542e8e,bc84c517,bf323bcc,bf373c98,bd542e8a,bc84c52b,bf323bd0,1,44956063

11411,192,-14,8,701,1425,15585,-2061,267,-3372,bf373caa,bd535300,bc85e952,bf323c8d,bf373ca4,bd5352fc,bc85e965,bf323c90,1,44964582

11412,144,-7,-10,705,1444,15669,-2011,223,-3314,bf373927,bd52e4cf,bc870b8c,bf324075,bf373922,bd52e4cc,bc870ba0,bf324079,1,44973101

11413,98,8,8,573,1389,15579,-2011,223,-3314,bf3736b5,bd52771e,bc889e11,bf32432d,bf3736b0,bd52771c,bc889e27,bf324332,1,44981619

11414,56,47,-5,545,1525,15606,-2019,233,-3373,bf3733c3,bd5272d4,bc8aae2e,bf3245d3,bf3733bd,bd5272d1,bc8aae43,bf3245d7,1,44990138

11415,46,88,10,579,1543,15610,-2055,263,-3388,bf37332e,bd528fe7,bc8cb033,bf3245e5,bf373329,bd528fe4,bc8cb048,bf3245e9,1,44998656

11416,35,126,26,595,1703,15590,-2069,205,-3358,bf3733d5,bd5315b9,bc8ee5ca,bf32442b,bf3733d0,bd5315b7,bc8ee5e0,bf32442f,1,45007175

11417,50,163,60,625,1802,15561,-2069,205,-3358,bf373673,bd53dcca,bc90e1d4,bf324028,bf37366e,bd53dcc7,bc90e1ea,bf32402b,1,45015693

11418,107,179,102,883,1770,15562,-2095,179,-3363,bf373c76,bd54b49f,bc91a699,bf3238d0,bf373c72,bd54b49d,bc91a6b0,bf3238d3,1,45024212

11419,160,174,136,824,1791,15555,-2101,221,-3363,bf37451d,bd55402d,bc925e73,bf322f1e,bf374519,bd55402c,bc925e8b,bf322f21,1,45032731

11420,212,157,159,781,1578,15587,-2101,221,-3363,bf374f8c,bd5525a7,bc92591b,bf322482,bf374f89,bd5525a7,bc925934,bf322486,1,45041249

11421,216,130,170,679,1598,15576,-2097,177,-3285,bf375a43,bd54dc0c,bc92c614,bf3219bd,bf375a40,bd54dc0c,bc92c62e,bf3219c1,1,45049768

11422,213,145,132,637,1608,15588,-2097,217,-3397,bf37631b,bd5490ce,bc935026,bf3210de,bf376318,bd5490ce,bc935040,bf3210e2,1,45057786

11423,211,168,86,596,1661,15597,-2097,217,-3397,bf376941,bd54653b,bc93ecf4,bf320a9c,bf37693d,bd546539,bc93ed0d,bf320a9f,1,45066305

11424,224,202,64,595,1615,15596,-2037,241,-3377,bf376ba0,bd5470b8,bc93a33e,bf32082f,bf376b9c,bd5470b6,bc93a357,bf320832,1,45074823

11425,239,237,54,667,1637,15602,-2073,227,-3391,bf376eed,bd549281,bc930ef7,bf3204bd,bf376ee9,bd54927f,bc930f10,bf3204c0,1,45083342

11426,240,251,15,741,1555,15577,-2073,227,-3391,bf376fe8,bd54be61,bc91e668,bf3203c3,bf376fe5,bd54be61,bc91e683,bf3203c8,1,45091860

11427,226,240,-8,740,1534,15598,-2041,269,-3405,bf376e37,bd54fceb,bc90affc,bf320577,bf376e33,bd54fcea,bc90b016,bf32057b,1,45100379

11428,187,229,-7,745,1560,15594,-2075,263,-3409,bf376de4,bd554379,bc90252a,bf320594,bf376ddf,bd554377,bc902543,bf320598,1,45108898

11429,174,226,-21,715,1604,15584,-2005,219,-3378,bf3769be,bd55d1b2,bc8f7f18,bf320951,bf3769b9,bd55d1b0,bc8f7f31,bf320955,1,45117417

11430,175,223,-18,852,1584,15576,-2005,219,-3378,bf37659f,bd5680ca,bc8e7409,bf320cf2,bf37659b,bd5680c9,bc8e7424,bf320cf7,1,45125935

11431,192,214,5,806,1636,15587,-1995,239,-3343,bf376292,bd571c18,bc8d9690,bf320f88,bf37628d,bd571c15,bc8d96aa,bf320f8c,1,45134454

11432,203,196,28,760,1696,15586,-2049,217,-3347,bf376313,bd577845,bc8d681f,bf320e9d,bf37630e,bd577843,bc8d683a,bf320ea2,1,45142972

11433,227,199,50,774,1564,15622,-2049,217,-3347,bf37650c,bd5791f3,bc8ca3b4,bf320c9c,bf376507,bd5791f1,bc8ca3cf,bf320ca1,1,45150990

11434,244,205,53,696,1659,15610,-2055,233,-3411,bf3767c7,bd57a079,bc8c4831,bf3209cd,bf3767c2,bd57a077,bc8c484d,bf3209d2,1,45159509

11435,256,211,52,696,1670,15601,-2039,195,-3330,bf3769a0,bd57bc6e,bc8baa72,bf3207e2,bf37699a,bd57bc6b,bc8baa8e,bf3207e6,1,45168027

11436,270,232,40,700,1549,15593,-2039,195,-3330,bf376aee,bd57b5f2,bc8a768e,bf3206cf,bf376ae9,bd57b5f0,bc8a76ab,bf3206d4,1,45176546

11437,275,252,38,712,1561,15607,-2031,241,-3384,bf376bfb,bd57c80a,bc89112c,bf3205e8,bf376bf6,bd57c807,bc891149,bf3205ec,1,45185065

11438,258,260,13,815,1588,15581,-1989,219,-3420,bf3769cc,bd583ec7,bc874c4a,bf3207ef,bf3769c8,bd583ec5,bc874c68,bf3207f3,1,45193583

11439,250,244,-38,763,1821,15585,-1989,219,-3420,bf3764a2,bd58ea28,bc867950,bf320c98,bf37649e,bd58ea26,bc86796e,bf320c9c,1,45202102

11440,291,237,-99,861,1593,15590,-2041,231,-3365,bf375df8,bd591530,bc84caa2,bf321393,bf375df3,bd59152e,bc84cabf,bf321396,1,45210621

11441,314,217,-136,754,1855,15398,-2033,207,-3397,bf375504,bd595cd1,bc841a92,bf321c92,bf375500,bd595cd0,bc841ab0,bf321c96,1,45219139

11442,363,195,-171,1004,1513,15582,-1967,253,-3348,bf374784,bd595ee6,bc813e3a,bf322afa,bf374780,bd595ee4,bc813e58,bf322afd,1,45227658

11443,359,193,-192,753,1372,15589,-1967,253,-3348,bf373937,bd58e0f9,bc7d7cd7,bf323abb,bf373933,bd58e0f7,bc7d7d13,bf323abe,1,45236177

11444,313,196,-144,895,1542,15606,-2015,249,-3301,bf372f07,bd58d93d,bc79e6f3,bf32458f,bf372f03,bd58d93b,bc79e72f,bf324592,1,45244695

11445,277,166,-30,739,1356,15638,-2081,219,-3401,bf372ec1,bd581a31,bc7820f7,bf3246e5,bf372ebe,bd581a30,bc782135,bf3246e9,1,45253214

11446,227,163,59,1062,1452,15614,-2081,219,-3401,bf3732ce,bd582a30,bc75e0da,bf3242db,bf3732ca,bd582a2d,bc75e116,bf3242de,1,45261231

11447,170,103,103,532,1506,15627,-2023,253,-3405,bf37378d,bd57b887,bc7838ef,bf323e50,bf373789,bd57b885,bc78392c,bf323e53,1,45269750

11448,120,102,136,1063,1382,15570,-2073,267,-3425,bf373f4f,bd57e439,bc77fc53,bf323626,bf373f4c,bd57e438,bc77fc91,bf32362a,1,45278269

11449,78,62,160,1026,1291,15613,-2073,267,-3425,bf374858,bd57dce6,bc78a785,bf322cd4,bf374855,bd57dce5,bc78a7c3,bf322cd8,1,45286787

11450,21,22,177,995,1481,15592,-2075,279,-3352,bf3751ec,bd5828aa,bc7c1f57,bf322251,bf3751e8,bd5828a8,bc7c1f94,bf322255,1,45295306

11451,0,-15,197,880,1496,15539,-2035,237,-3346,bf375ad9,bd586522,bc805d7d,bf32186f,bf375ad5,bd58651f,bc805d9c,bf321873,1,45303824

11452,1,-16,261,884,1576,15594,-2035,237,-3346,bf376768,bd58b973,bc82dd3b,bf320aa4,bf376764,bd58b970,bc82dd5a,bf320aa8,1,45312343

11453,30,-3,325,797,1648,15585,-2089,273,-3411,bf377a72,bd58ca00,bc85e33f,bf31f663,bf377a6e,bd58c9fd,bc85e35e,bf31f667,1,45320862

11454,56,-16,314,783,1597,15604,-2059,229,-3292,bf378b29,bd58bd34,bc885ce4,bf31e4bc,bf378b24,bd58bd2f,bc885d03,bf31e4bf,1,45329380

11455,70,-42,267,947,1859,15583,-2053,247,-3306,bf379872,bd59239c,bc8b11ae,bf31d603,bf37986e,bd592399,bc8b11ce,bf31d607,1,45337899

11456,133,-98,262,832,1759,15622,-2053,247,-3306,bf37a5c8,bd58cfa6,bc8dbc55,bf31c81b,bf37a5c4,bd58cfa3,bc8dbc75,bf31c81f,1,45346418

11457,154,-125,260,460,1794,15573,-2097,259,-3335,bf37b580,bd57b944,bc91e186,bf31b859,bf37b57c,bd57b941,bc91e1a6,bf31b85d,1,45354936

11458,210,-80,289,501,1680,15569,-2085,227,-3305,bf37c663,bd569055,bc94a63d,bf31a7b8,bf37c65f,bd569050,bc94a65c,bf31a7bb,1,45362954

11459,212,-28,255,415,1567,15589,-2085,227,-3305,bf37d56d,bd555583,bc96dd12,bf31992d,bf37d569,bd55557e,bc96dd31,bf319930,1,45371473

11460,187,40,212,292,1552,15627,-2073,281,-3396,bf37e1d1,bd5441bf,bc990519,bf318d2d,bf37e1cd,bd5441ba,bc990538,bf318d30,1,45379991

11461,163,126,120,424,1540,15588,-2105,213,-3372,bf37e9be,bd53b714,bc9a53f0,bf318554,bf37e9ba,bd53b70f,bc9a540f,bf318557,1,45388510

11462,136,203,64,692,1583,15594,-2105,213,-3372,bf37edde,bd5405d0,bc9a832a,bf3180a5,bf37edda,bd5405cb,bc9a8348,bf3180a8,1,45397029

11463,124,213,35,683,1581,15618,-2109,257,-3419,bf37f0af,bd5459c9,bc9ac6a0,bf317d47,bf37f0ab,bd5459c4,bc9ac6be,bf317d4a,1,45405547

11464,120,184,-12,795,1727,15651,-2089,221,-3349,bf37ef43,bd550b9e,bc9b2830,bf317dd6,bf37ef40,bd550b99,bc9b284f,bf317dd9,1,45414066

11465,142,156,-53,574,1603,15578,-2089,221,-3349,bf37ebfb,bd551252,bc9be146,bf31810d,bf37ebf8,bd55124d,bc9be165,bf318110,1,45422585

11466,169,154,-80,833,1820,15529,-2099,193,-3352,bf37e705,bd55a539,bc9c4b34,bf318567,bf37e702,bd55a534,bc9c4b54,bf31856b,1,45431103

11467,211,158,-54,757,1631,15543,-2123,261,-3387,bf37e56e,bd559669,bc9c46e7,bf318722,bf37e569,bd559661,bc9c4706,bf318725,1,45439622

11468,210,186,-41,727,1697,15577,-2087,199,-3367,bf37e2d0,bd55d081,bc9c1283,bf31899d,bf37e2cb,bd55d07a,bc9c12a3,bf3189a0,1,45448141

11469,239,190,-34,856,1899,15595,-2087,199,-3367,bf37e068,bd566428,bc9bceb5,bf318b76,bf37e063,bd566422,bc9bced6,bf318b7a,1,45456159

11470,285,151,-26,894,1807,15593,-2017,275,-3328,bf37dbe2,bd56bf7c,bc9ac1c9,bf318ff2,bf37dbdd,bd56bf77,bc9ac1ea,bf318ff6,1,45464677

11471,349,99,-11,639,1747,15603,-2093,247,-3375,bf37dc17,bd5605c7,bc9ab8d9,bf31909d,bf37dc12,bd5605c3,bc9ab8fa,bf3190a1,1,45473196

11472,414,129,143,-995,2504,15399,-2093,247,-3375,bf37e69e,bd54611e,bc9e5943,bf3186e4,bf37e699,bd54611a,bc9e5964,bf3186e8,1,45481714

11473,635,562,600,811,819,15441,-2103,265,-3369,bf380ce5,bd5321a1,bc95e711,bf316287,bf380ce0,bd53219d,bc95e732,bf31628b,1,45490233

11474,459,634,406,1044,1217,15706,-2103,227,-3444,bf38269e,bd53b29c,bc8e8d07,bf3148a9,bf382699,bd53b298,bc8e8d28,bf3148ae,1,45498752

11475,257,500,200,933,1492,15655,-2103,227,-3444,bf383358,bd54d0f4,bc8ad888,bf313ad5,bf383353,bd54d0ef,bc8ad8aa,bf313ada,1,45507270

11476,215,342,82,792,1459,15556,-2031,265,-3372,bf3835f5,bd5583fb,bc889365,bf3137b9,bf3835f0,bd5583f6,bc889387,bf3137be,1,45515789

11477,196,317,-1,713,1698,15558,-2103,249,-3361,bf3836b0,bd5632d8,bc87fb0c,bf313640,bf3836aa,bd5632d3,bc87fb2e,bf313645,1,45524307

11478,228,354,23,1207,1458,15583,-2103,249,-3361,bf383853,bd573902,bc84b9ac,bf3133ed,bf38384d,bd5738fd,bc84b9cf,bf3133f2,1,45532826

11479,211,242,3,978,1433,15565,-2061,277,-3429,bf383771,bd57a794,bc82d6c2,bf3134ab,bf38376c,bd57a78f,bc82d6e5,bf3134b1,1,45541345

11480,183,147,11,827,1545,15563,-2075,265,-3321,bf383760,bd57c102,bc82c5a1,bf3134a1,bf38375a,bd57c0fc,bc82c5c4,bf3134a6,1,45549863

11481,176,139,51,687,1762,15565,-2095,227,-3424,bf383abd,bd57e3ed,bc840c0b,bf3130ba,bf383ab7,bd57e3e7,bc840c2e,bf3130bf,1,45558382

11482,211,156,76,741,1503,15571,-2095,227,-3424,bf383fce,bd57a223,bc840245,bf312bc7,bf383fc9,bd57a21e,bc840269,bf312bcd,1,45566400

11483,236,154,110,774,1440,15629,-2033,291,-3369,bf384434,bd576ff1,bc8324a1,bf31279b,bf38442f,bd576feb,bc8324c5,bf3127a1,1,45574918

11484,203,148,124,639,1548,15611,-2075,229,-3356,bf384b15,bd5730c9,bc8387b5,bf3120af,bf384b0f,bd5730c1,bc8387d8,bf3120b4,1,45583437

11485,205,179,156,726,1402,15614,-2075,229,-3356,bf3853c4,bd56f5bb,bc830105,bf311805,bf3853bf,bd56f5b4,bc830128,bf31180a,1,45591956

11486,166,205,180,935,1330,15625,-2083,235,-3416,bf385ddb,bd571ed6,bc81c96c,bf310d8a,bf385dd6,bd571ecf,bc81c98f,bf310d8f,1,45600475

11487,105,188,160,889,1383,15591,-2079,241,-3385,bf38664c,bd577d9f,bc816d0b,bf31045e,bf386647,bd577d98,bc816d2e,bf310463,1,45608993

11488,75,149,117,1021,1568,15594,-2079,241,-3385,bf386bb3,bd584b3c,bc81b448,bf30fdb4,bf386bae,bd584b35,bc81b46b,bf30fdb9,1,45617512

11489,51,92,106,973,1653,15600,-2081,267,-3447,bf387097,bd590651,bc82fe64,bf30f77b,bf387092,bd59064a,bc82fe87,bf30f780,1,45626030

11490,67,78,77,823,1692,15580,-2077,253,-3391,bf3873c0,bd597e10,bc84c2ad,bf30f349,bf3873bb,bd597e08,bc84c2d0,bf30f34e,1,45634549

11491,107,55,88,758,1682,15589,-2077,253,-3391,bf3877ca,bd599bc1,bc868d8a,bf30ee97,bf3877c5,bd599bb9,bc868dad,bf30ee9c,1,45643067

11492,134,55,97,705,1666,15574,-2099,249,-3463,bf387dad,bd596f6f,bc8870c8,bf30e84d,bf387da9,bd596f68,bc8870eb,bf30e852,1,45651586

11493,163,75,68,750,1619,15627,-2093,263,-3373,bf388179,bd594108,bc898716,bf30e45b,bf388174,bd594100,bc898739,bf30e45f,1,45660105

11494,171,92,16,673,1673,15617,-2053,223,-3366,bf388091,bd59390e,bc8a7a07,bf30e527,bf38808c,bd593907,bc8a7a2a,bf30e52c,1,45668623

11495,192,72,-14,667,1632,15602,-2053,223,-3366,bf387e00,bd58faf7,bc8b4cf5,bf30e7f9,bf387dfb,bd58faf0,bc8b4d19,bf30e7fe,1,45676641

11496,206,93,-43,693,1569,15593,-2061,223,-3445,bf387a51,bd58ac63,bc8bab0f,bf30ec1d,bf387a4b,bd58ac5b,bc8bab32,bf30ec21,1,45685160

11497,210,109,-47,689,1583,15581,-2067,265,-3358,bf38768e,bd586cac,bc8bf218,bf30f04a,bf387688,bd586ca4,bc8bf23b,bf30f04e,1,45693678

11498,221,136,-49,874,1672,15632,-2067,265,-3358,bf387265,bd589da0,bc8ba0e7,bf30f473,bf38725f,bd589d98,bc8ba10a,bf30f477,1,45702197

11499,240,136,-85,664,1509,15597,-2063,249,-3361,bf386c85,bd583869,bc8b4d0f,bf30fb1e,bf386c80,bd583861,bc8b4d33,bf30fb23,1,45710716

11500,246,135,-117,722,1588,15601,-2071,265,-3351,bf386504,bd57fa5f,bc8b0780,bf310349,bf386500,bd57fa57,bc8b07a5,bf31034e,1,45719234

11501,241,151,-146,817,1593,15579,-2071,265,-3351,bf385bae,bd57f6fc,bc8a661e,bf310d27,bf385ba9,bd57f6f2,bc8a6642,bf310d2b,1,45727753

11502,254,160,-176,865,1626,15594,-2113,223,-3392,bf38527a,bd57e99e,bc89cfe3,bf3116e9,bf385275,bd57e995,bc89d007,bf3116ee,1,45736271

11503,286,144,-225,971,1717,15591,-2061,225,-3372,bf384411,bd581ce0,bc88bcd4,bf3125dd,bf38440c,bd581cd7,bc88bcf8,bf3125e2,1,45744790

11504,327,94,-279,762,1555,15528,-2061,225,-3372,bf38331f,bd577967,bc87e6e9,bf31386e,bf38331a,bd57795d,bc87e70d,bf313873,1,45753309

11505,295,71,-80,187,1644,15416,-2077,275,-3341,bf382f2d,bd562a57,bc899f19,bf313dc8,bf382f28,bd562a4d,bc899f3e,bf313dcd,1,45761827

11506,163,223,282,367,1621,15629,-2083,281,-3416,bf384015,bd5600fc,bc8addbe,bf312c27,bf384010,bd5600f2,bc8adde3,bf312c2c,1,45770346

11507,324,277,155,834,1664,15578,-2057,205,-3431,bf384844,bd564c09,bc88f190,bf3123ab,bf38483f,bd564bff,bc88f1b5,bf3123b0,1,45778364

11508,290,323,157,892,1559,15649,-2057,205,-3431,bf385077,bd56cb55,bc8679a8,bf311b01,bf385072,bd56cb4b,bc8679cd,bf311b06,1,45786882

11509,302,287,154,589,1409,15584,-2047,225,-3443,bf3858c3,bd567d70,bc84a8b3,bf311314,bf3858be,bd567d65,bc84a8d8,bf311319,1,45795401

11510,256,324,112,864,1391,15606,-2061,249,-3420,bf385e8f,bd56d364,bc8216c8,bf310d1e,bf385e89,bd56d358,bc8216ed,bf310d22,1,45803919

11511,208,295,72,785,1598,15554,-2061,249,-3420,bf3861d3,bd577153,bc80f6c0,bf31092c,bf3861cd,bd577147,bc80f6e5,bf310930,1,45812438

11512,178,259,68,853,1512,15556,-2087,249,-3371,bf3865a9,bd57ebb8,bc800878,bf3104c2,bf3865a4,bd57ebad,bc80089e,bf3104c7,1,45820957

11513,188,262,99,743,1430,15658,-2087,251,-3378,bf386ba9,bd580cad,bc7e4100,bf30fe85,bf386ba3,bd580ca1,bc7e414b,bf30fe89,1,45829475

11514,201,314,110,779,1641,15595,-2087,251,-3378,bf387236,bd58b3e3,bc7c876e,bf30f70c,bf387231,bd58b3d9,bc7c87bc,bf30f711,1,45837994

11515,239,311,131,1176,1659,15621,-2011,241,-3341,bf38767a,bd59e930,bc77630f,bf30f191,bf387675,bd59e926,bc77635d,bf30f196,1,45846512

11516,287,178,7,971,986,15626,-2065,247,-3404,bf38767f,bd591715,bc71603d,bf30f313,bf38767b,bd59170c,bc71608c,bf30f319,1,45855031

11517,251,108,-111,1130,1674,15494,-2065,247,-3404,bf386ec5,bd596cae,bc6fe4b9,bf30fad9,bf386ec0,bd596ca3,bc6fe506,bf30fadd,1,45863550

11518,273,-12,-59,359,1344,15635,-2067,231,-3405,bf386ba2,bd57a0b9,bc72ab12,bf310012,bf386b9e,bd57a0b0,bc72ab61,bf310017,1,45872068

11519,218,54,-67,709,1053,15643,-2089,249,-3406,bf386859,bd564481,bc71a920,bf31053b,bf386855,bd564478,bc71a96f,bf310540,1,45880086

11520,171,142,-81,769,1413,15684,-2025,217,-3465,bf386137,bd564455,bc70ff64,bf310cb9,bf386133,bd56444c,bc70ffb3,bf310cbe,1,45888605

11521,161,116,-37,455,1238,15692,-2025,217,-3465,bf385d39,bd5580ac,bc71cf17,bf3111bc,bf385d33,bd5580a1,bc71cf64,bf3111c0,1,45897124

11522,99,214,-6,775,1268,15605,-2061,199,-3411,bf385b98,bd55c031,bc70bde5,bf311339,bf385b94,bd55c028,bc70be34,bf31133e,1,45905642

11523,88,218,66,603,1453,15448,-2087,223,-3447,bf385f90,bd55fcc4,bc7265b8,bf310ea8,bf385f8b,bd55fcbb,bc726606,bf310eac,1,45914161

11524,65,228,80,1019,1490,15631,-2087,223,-3447,bf38637f,bd56fb5f,bc71cb75,bf310969,bf38637a,bd56fb56,bc71cbc3,bf31096d,1,45922679

11525,62,190,124,928,1582,15568,-2055,277,-3349,bf38688e,bd57f377,bc7294fd,bf3102e5,bf386889,bd57f36e,bc72954b,bf3102e9,1,45931198

11526,72,164,161,1036,1567,15533,-2051,215,-3356,bf386f68,bd58e754,bc72ed02,bf30fa8f,bf386f63,bd58e74b,bc72ed50,bf30fa93,1,45939716

11527,77,108,151,931,1457,15620,-2051,215,-3356,bf3875de,bd594fd1,bc73fd28,bf30f33d,bf3875d9,bd594fc7,bc73fd75,bf30f340,1,45948235

11528,66,72,111,962,1635,15610,-2083,249,-3428,bf387b4c,bd59d56a,bc76e846,bf30ecae,bf387b47,bd59d560,bc76e893,bf30ecb1,1,45956754

11529,82,45,85,814,1650,15584,-2089,197,-3390,bf387f8b,bd59fe59,bc7ae742,bf30e7b5,bf387f87,bd59fe50,bc7ae790,bf30e7b8,1,45965272

11530,100,41,76,925,1671,15583,-2089,197,-3390,bf388316,bd5a4224,bc7e129c,bf30e367,bf388312,bd5a421b,bc7e12ea,bf30e36a,1,45973290

11531,136,25,59,804,1692,15592,-2043,199,-3476,bf38843f,bd5a51c9,bc809e9a,bf30e1d3,bf38843c,bd5a51c1,bc809ec2,bf30e1d7,1,45981809

11532,180,20,47,671,1586,15585,-2081,259,-3422,bf3886bd,bd59b97f,bc823caf,bf30dfab,bf3886b9,bd59b976,bc823cd7,bf30dfae,1,45990327

11533,195,39,71,597,1571,15547,-2061,221,-3385,bf3889bf,bd591f76,bc8395e0,bf30dd04,bf3889bb,bd591f6e,bc839609,bf30dd08,1,45998846

11534,197,86,80,685,1629,15585,-2061,221,-3385,bf388d1c,bd58e5a4,bc846f94,bf30d9a0,bf388d19,bd58e59d,bc846fbe,bf30d9a5,1,46007365

11535,208,129,68,676,1572,15595,-2051,237,-3433,bf388f9d,bd58b6f0,bc84b0aa,bf30d730,bf388f99,bd58b6e8,bc84b0d3,bf30d733,1,46015883

11536,208,151,29,676,1510,15587,-2039,317,-3391,bf388f65,bd5890f0,bc847ec2,bf30d7a2,bf388f62,bd5890e9,bc847eeb,bf30d7a5,1,46024402

11537,191,191,49,653,1421,15588,-2039,317,-3391,bf389069,bd5874e5,bc83f15a,bf30d6d0,bf389066,bd5874de,bc83f183,bf30d6d3,1,46032921

11538,160,219,80,759,1500,15579,-2007,291,-3452,bf3891b9,bd58f106,bc832742,bf30d500,bf3891b5,bd58f0fe,bc83276b,bf30d502,1,46041439

11539,135,231,93,871,1500,15624,-2031,229,-3375,bf38944a,bd59a259,bc824b09,bf30d1a0,bf389446,bd59a252,bc824b33,bf30d1a3,1,46049958

11540,117,223,97,837,1480,15595,-2031,229,-3375,bf389715,bd5a4933,bc81af6e,bf30ce03,bf389713,bd5a492e,bc81af98,bf30ce08,1,46058476

11541,89,214,81,1001,1500,15560,-2065,235,-3414,bf389a03,bd5b28e3,bc811d3d,bf30c9fa,bf3899ff,bd5b28dd,bc811d65,bf30c9fe,1,46066995

11542,76,169,58,948,1695,15637,-2075,257,-3359,bf389bdb,bd5c11a2,bc81bbc9,bf30c6d1,bf389bd6,bd5c119c,bc81bbf1,bf30c6d5,1,46075514

11543,92,109,36,807,1568,15571,-2075,257,-3359,bf389cbd,bd5c5179,bc82bd08,bf30c566,bf389cb8,bd5c5174,bc82bd30,bf30c56a,1,46083531

11544,90,116,15,924,1605,15543,-2123,243,-3333,bf389e3a,bd5cace5,bc83b54f,bf30c336,bf389e36,bd5cace1,bc83b578,bf30c33b,1,46092050

11545,117,94,27,734,1596,15584,-2021,195,-3443,bf389cb1,bd5cdd59,bc849767,bf30c46b,bf389cab,bd5cdd54,bc84978f,bf30c46f,1,46100569

11546,125,98,35,762,1604,15570,-2079,237,-3349,bf389dcb,bd5ceb61,bc85a451,bf30c300,bf389dc7,bd5ceb5c,bc85a47a,bf30c305,1,46109087

11547,135,123,62,740,1694,15595,-2079,237,-3349,bf38a082,bd5d1ed2,bc86bd09,bf30bfb5,bf38a07e,bd5d1ecd,bc86bd32,bf30bfba,1,46117606

11548,152,134,80,696,1620,15594,-2091,263,-3307,bf38a4f1,bd5d1652,bc879c21,bf30baf4,bf38a4ec,bd5d164c,bc879c49,bf30baf7,1,46126124

11549,153,149,70,810,1626,15580,-2059,233,-3329,bf38a735,bd5d61ab,bc87d2e5,bf30b82c,bf38a731,bd5d61a6,bc87d30d,bf30b830,1,46134643

11550,153,148,64,784,1606,15590,-2059,233,-3329,bf38a92e,bd5d9a57,bc880e77,bf30b5ca,bf38a92a,bd5d9a52,bc880e9f,bf30b5ce,1,46143161

11551,150,141,64,787,1568,15592,-2045,275,-3314,bf38aa96,bd5dccbe,bc882a75,bf30b40e,bf38aa91,bd5dccb8,bc882a9c,bf30b411,1,46151680

11552,139,147,46,916,1569,15585,-2049,177,-3287,bf38aab6,bd5e38a3,bc87f8c5,bf30b36e,bf38aab1,bd5e389d,bc87f8ec,bf30b372,1,46160199

11553,125,120,12,825,1556,15583,-2049,177,-3287,bf38a8ec,bd5e766b,bc8846a1,bf30b4ef,bf38a8e8,bd5e7666,bc8846c9,bf30b4f4,1,46168718

11554,112,93,-23,784,1578,15575,-2055,233,-3405,bf38a5a3,bd5e97bd,bc8917a2,bf30b80c,bf38a59e,bd5e97b6,bc8917ca,bf30b810,1,46177236

11555,106,98,-53,829,1714,15588,-2029,191,-3381,bf389f56,bd5f1723,bc89f6dd,bf30bdd5,bf389f51,bd5f171c,bc89f705,bf30bdd9,1,46185755

11556,130,103,-40,862,1825,15582,-2029,191,-3381,bf3899d6,bd5fb1ce,bc8ad28a,bf30c2a5,bf3899d0,bd5fb1c6,bc8ad2b2,bf30c2a9,1,46193773

11557,189,94,-16,815,1784,15594,-2051,237,-3331,bf3896e1,bd5fdca0,bc8b77e0,bf30c565,bf3896dc,bd5fdc98,bc8b7808,bf30c569,1,46202291

11558,241,81,7,806,1754,15584,-2141,251,-3354,bf389999,bd5f702c,bc8c6583,bf30c2e7,bf389995,bd5f7025,bc8c65ab,bf30c2eb,1,46210810

11559,275,90,19,832,1609,15551,-2083,223,-3360,bf389a77,bd5ef4ec,bc8c1dcb,bf30c2aa,bf389a73,bd5ef4e3,bc8c1df2,bf30c2ae,1,46219329

11560,285,91,26,747,1564,15590,-2083,223,-3360,bf389bf4,bd5e40aa,bc8be207,bf30c20c,bf389bf0,bd5e40a1,bc8be22d,bf30c210,1,46227847

11561,275,94,54,640,1500,15583,-2131,201,-3358,bf38a152,bd5d3173,bc8c237b,bf30bdb7,bf38a14d,bd5d3169,bc8c23a0,bf30bdba,1,46236366

11562,244,131,36,674,1481,15578,-1999,203,-3296,bf389fd5,bd5ce318,bc8b6609,bf30bfce,bf389fd1,bd5ce30f,bc8b662f,bf30bfd1,1,46244885

11563,209,166,17,768,1503,15595,-1999,203,-3296,bf389cff,bd5cfcfa,bc8a7555,bf30c2d2,bf389cfc,bd5cfcf2,bc8a757c,bf30c2d6,1,46253403

11564,176,169,7,847,1544,15610,-2067,193,-3305,bf389bec,bd5d2fac,bc89fb28,bf30c3c9,bf389be9,bd5d2fa4,bc89fb4f,bf30c3cd,1,46261922

11565,163,150,3,833,1589,15589,-2027,279,-3407,bf389940,bd5d849c,bc89b3b1,bf30c639,bf38993c,bd5d8493,bc89b3d8,bf30c63c,1,46270440

11566,155,123,2,813,1617,15574,-2027,279,-3407,bf38967b,bd5dcaa0,bc89d592,bf30c8bc,bf389678,bd5dca9a,bc89d5ba,bf30c8c1,1,46278959

11567,165,120,7,765,1659,15594,-2069,245,-3366,bf3895ba,bd5ddf87,bc8a6aff,bf30c950,bf3895b6,bd5ddf7e,bc8a6b26,bf30c954,1,46287478

11568,170,122,23,646,1639,15595,-2083,245,-3329,bf3896a8,bd5db443,bc8b5074,bf30c862,bf3896a3,bd5db438,bc8b509a,bf30c864,1,46295495

11569,168,165,26,732,1597,15562,-2083,245,-3329,bf3897a8,bd5dc4dd,bc8b8480,bf30c738,bf3897a3,bd5dc4d3,bc8b84a6,bf30c73a,1,46304014

11570,175,188,32,730,1608,15603,-2045,213,-3342,bf389774,bd5e044f,bc8b4b37,bf30c727,bf389771,bd5e0447,bc8b4b5e,bf30c72a,1,46312533

11571,179,202,25,828,1589,15591,-2055,203,-3377,bf389737,bd5e5ef4,bc8aabf2,bf30c714,bf389735,bd5e5eed,bc8aac19,bf30c718,1,46321051

11572,167,204,15,768,1562,15596,-2045,209,-3279,bf3895e1,bd5eb22b,bc8a263a,bf30c82b,bf3895de,bd5eb224,bc8a2660,bf30c82f,1,46329570

11573,158,196,20,830,1672,15585,-2045,209,-3279,bf3894a8,bd5f3f52,bc89e27e,bf30c8ce,bf3894a4,bd5f3f4a,bc89e2a4,bf30c8d1,1,46338089

11574,164,186,19,857,1729,15580,-2043,249,-3273,bf38934b,bd5fd980,bc89b9ba,bf30c980,bf389347,bd5fd978,bc89b9e0,bf30c983,1,46346607

11575,199,174,18,842,1660,15568,-2035,221,-3337,bf3891e4,bd602cf9,bc893d86,bf30caa3,bf3891e0,bd602cf1,bc893dac,bf30caa6,1,46355126

11576,224,158,22,818,1760,15594,-2035,221,-3337,bf3890d8,bd6070a5,bc8908b1,bf30cb70,bf3890d5,bd60709e,bc8908d8,bf30cb74,1,46363644

11577,251,149,17,870,1614,15571,-2035,239,-3394,bf388fc0,bd60705d,bc882e58,bf30ccc0,bf388fbd,bd607056,bc882e7e,bf30ccc4,1,46372163

11578,258,134,11,878,1602,15590,-2069,201,-3450,bf388fcb,bd603c9f,bc878bfa,bf30cd14,bf388fc8,bd603c98,bc878c20,bf30cd18,1,46380682

11579,256,120,3,770,1540,15595,-2069,201,-3450,bf388f96,bd5fbdf4,bc872ffe,bf30cdfd,bf388f92,bd5fbdec,bc873023,bf30ce00,1,46388700

11580,239,112,-7,613,1476,15609,-2073,209,-3341,bf388eed,bd5efe69,bc874737,bf30cf9b,bf388eea,bd5efe62,bc87475c,bf30cf9e,1,46397218

11581,206,158,-8,688,1427,15592,-2089,223,-3324,bf388eab,bd5e87c2,bc86fe77,bf30d083,bf388ea8,bd5e87ba,bc86fe9c,bf30d086,1,46405737

11582,159,208,-14,694,1469,15604,-2089,223,-3324,bf388ddf,bd5e809d,bc86c565,bf30d16e,bf388ddc,bd5e8095,bc86c58a,bf30d171,1,46414255

11583,126,236,-26,765,1474,15581,-2001,185,-3399,bf3888bc,bd5f14c6,bc85ea3d,bf30d63a,bf3888b9,bd5f14be,bc85ea62,bf30d63d,1,46422774

11584,93,247,-31,794,1576,15594,-2049,205,-3384,bf3884f0,bd5fda01,bc85ae37,bf30d940,bf3884ec,bd5fd9f8,bc85ae5c,bf30d943,1,46431293

11585,82,251,-34,831,1665,15585,-2049,205,-3384,bf3880dc,bd60d7c6,bc85a4a1,bf30dc41,bf3880d9,bd60d7be,bc85a4c7,bf30dc45,1,46439811

11586,101,247,-21,900,1663,15578,-2033,153,-3338,bf387ccd,bd61dbc6,bc8536c5,bf30df48,bf387cc9,bd61dbbc,bc8536ea,bf30df4a,1,46448330

11587,133,239,-5,877,1743,15592,-2067,221,-3237,bf387b0a,bd62b202,bc850f8b,bf30e012,bf387b07,bd62b1f8,bc850fb1,bf30e014,1,46456849

11588,158,216,8,916,1703,15585,-2057,235,-3330,bf3879f0,bd635d64,bc84af0b,bf30e06f,bf3879ed,bd635d5a,bc84af31,bf30e071,1,46465367

11589,184,197,12,933,1697,15564,-2057,235,-3330,bf38792c,bd63dfb5,bc843646,bf30e0ab,bf38792a,bd63dfab,bc84366c,bf30e0ad,1,46473886

11590,207,167,13,927,1643,15566,-2041,253,-3354,bf387805,bd6423bf,bc839889,bf30e1a3,bf387803,bd6423b4,bc8398ad,bf30e1a4,1,46482405

11591,226,137,10,828,1640,15589,-2051,261,-3355,bf38775f,bd640ac3,bc836acd,bf30e279,bf38775d,bd640ab8,bc836af1,bf30e27a,1,46490923

11592,229,126,4,791,1696,15566,-2051,261,-3355,bf387668,bd63ee05,bc8391ae,bf30e399,bf387667,bd63edfc,bc8391d3,bf30e39a,1,46498941

11593,258,122,-14,788,1618,15584,-2073,233,-3368,bf387581,bd638098,bc8372df,bf30e51c,bf387580,bd63808f,bc837303,bf30e51d,1,46507460

11594,265,147,-13,827,1565,15592,-2067,213,-3351,bf387456,bd632653,bc82c657,bf30e6e7,bf387456,bd63264b,bc82c67c,bf30e6e9,1,46515978

11595,248,161,-10,827,1542,15609,-2067,213,-3351,bf38734e,bd62e151,bc82109b,bf30e876,bf38734d,bd62e148,bc8210bf,bf30e877,1,46524497

11596,226,150,-7,859,1520,15586,-2067,227,-3366,bf387258,bd62ab33,bc8176ba,bf30e9d8,bf387257,bd62ab29,bc8176dd,bf30e9d8,1,46533016

11597,200,143,-3,807,1443,15599,-2031,237,-3372,bf387028,bd627620,bc80d9b8,bf30ec80,bf387027,bd627616,bc80d9da,bf30ec80,1,46541534

11598,165,154,9,811,1532,15588,-2031,237,-3372,bf386e78,bd629053,bc80a9ce,bf30ee29,bf386e78,bd62904a,bc80a9ef,bf30ee29,1,46550053

11599,142,165,13,831,1579,15601,-2087,253,-3355,bf386f42,bd62b2bb,bc80f8e8,bf30ed1d,bf386f41,bd62b2b1,bc80f909,bf30ed1c,1,46558572

11600,133,171,12,860,1596,15576,-2069,251,-3298,bf386eef,bd630850,bc8120e8,bf30ecfe,bf386eef,bd630848,bc81210a,bf30ecfe,1,46567090

11601,130,167,23,869,1700,15584,-2033,255,-3366,bf386dd8,bd639e01,bc8169b2,bf30ed54,bf386dd7,bd639df8,bc8169d2,bf30ed54,1,46575609

11602,151,159,27,881,1728,15599,-2033,255,-3366,bf386d0f,bd64228f,bc81a55a,bf30ed6f,bf386d0f,bd642287,bc81a579,bf30ed70,1,46584127

11603,186,146,23,864,1687,15579,-2073,225,-3339,bf386dd0,bd64455e,bc81e167,bf30ec6f,bf386dcf,bd644555,bc81e184,bf30ec70,1,46592646

11604,207,143,16,819,1638,15574,-2055,173,-3358,bf386d91,bd643de2,bc81dbec,bf30ecba,bf386d8f,bd643dd8,bc81dc08,bf30ecbb,1,46600664

11605,220,129,9,861,1582,15580,-2055,173,-3358,bf386ceb,bd641729,bc819343,bf30eda7,bf386ce8,bd64171f,bc81935e,bf30eda7,1,46609183

11606,201,126,-7,920,1577,15554,-2057,219,-3297,bf386b26,bd6414ba,bc8145ef,bf30ef91,bf386b23,bd6414b1,bc81460b,bf30ef92,1,46617701

11607,203,96,-13,901,1559,15586,-2045,191,-3378,bf3868b9,bd63ec62,bc812277,bf30f253,bf3868b6,bd63ec59,bc812293,bf30f254,1,46626220

11608,191,74,-1,753,1595,15572,-2045,191,-3378,bf386724,bd63958f,bc81c881,bf30f449,bf386721,bd639588,bc81c89d,bf30f44a,1,46634739

11609,178,94,21,793,1608,15593,-2095,171,-3384,bf3868ce,bd6347e8,bc8295c0,bf30f2cd,bf3868cb,bd6347e1,bc8295dc,bf30f2cf,1,46643257

11610,171,123,31,789,1601,15593,-2081,195,-3369,bf386a6e,bd632500,bc831e79,bf30f12e,bf386a6c,bd6324fa,bc831e96,bf30f130,1,46651776

11611,177,132,30,751,1517,15592,-2081,195,-3369,bf386c24,bd62d82b,bc8367d2,bf30efbb,bf386c21,bd62d824,bc8367ef,bf30efbc,1,46660294

11612,153,155,28,758,1526,15565,-2051,223,-3344,bf386c50,bd62db40,bc8383b0,bf30ef84,bf386c4d,bd62db39,bc8383cd,bf30ef85,1,46668813

11613,133,174,20,778,1590,15571,-2057,185,-3351,bf386c16,bd631de6,bc83c3aa,bf30ef5d,bf386c15,bd631de0,bc83c3c7,bf30ef5f,1,46677332

11614,119,192,19,841,1659,15577,-2067,191,-3366,bf386c16,bd63a3cb,bc840c68,bf30eea3,bf386c14,bd63a3c3,bc840c84,bf30eea4,1,46685850

11615,116,190,20,884,1699,15597,-2067,191,-3366,bf386c0d,bd6444da,bc8459a3,bf30edd1,bf386c0a,bd6444d1,bc8459bf,bf30edd1,1,46693868

11616,134,183,24,877,1757,15582,-2013,157,-3386,bf386a3d,bd650196,bc84724d,bf30eebb,bf386a3b,bd65018f,bc84726a,bf30eebc,1,46702887

11617,161,160,32,867,1673,15571,-2063,219,-3383,bf386b15,bd65492b,bc84a0f3,bf30ed74,bf386b14,bd654925,bc84a111,bf30ed76,1,46710905

11618,185,141,41,875,1667,15590,-2063,219,-3383,bf386c89,bd6565ff,bc84bd72,bf30ebc6,bf386c87,bd6565f8,bc84bd8f,bf30ebc7,1,46719424

11619,220,139,51,821,1602,15558,-2065,203,-3408,bf386efa,bd6531e4,bc849d14,bf30e983,bf386ef9,bd6531de,bc849d31,bf30e984,1,46727942

11620,224,146,53,786,1623,15585,-2049,195,-3448,bf387106,bd650692,bc847c2b,bf30e79f,bf387105,bd65068c,bc847c47,bf30e7a0,1,46736461

11621,219,156,45,857,1618,15576,-2049,195,-3448,bf387275,bd65031a,bc84161f,bf30e638,bf387274,bd650315,bc84163b,bf30e63a,1,46744980

11622,217,161,35,913,1606,15584,-2027,155,-3432,bf387247,bd6526a9,bc8357ad,bf30e65e,bf387245,bd6526a3,bc8357c8,bf30e65f,1,46753498

11623,213,139,23,863,1480,15595,-2057,199,-3356,bf387297,bd64e4ce,bc82bdd6,bf30e67d,bf387295,bd64e4c9,bc82bdf2,bf30e67f,1,46762017

11624,181,122,16,849,1508,15610,-2057,199,-3356,bf387254,bd64b7cf,bc829f5f,bf30e702,bf387252,bd64b7ca,bc829f7b,bf30e704,1,46770535

11625,139,111,12,850,1519,15584,-2059,201,-3377,bf3871bf,bd64accc,bc82efa0,bf30e79d,bf3871bc,bd64acc5,bc82efbb,bf30e79e,1,46779054

11626,114,104,11,747,1534,15577,-2039,185,-3282,bf387013,bd64ad23,bc83ad27,bf30e937,bf387012,bd64ad1e,bc83ad43,bf30e939,1,46787573

11627,89,124,15,825,1623,15586,-2049,173,-3303,bf386ecd,bd6507ef,bc8483bb,bf30e9ef,bf386eca,bd6507e7,bc8483d5,bf30e9ef,1,46796092

11628,79,140,26,854,1648,15573,-2049,173,-3303,bf386e14,bd658c89,bc854974,bf30e9de,bf386e12,bd658c82,bc85498f,bf30e9df,1,46804110

11629,87,150,50,907,1707,15588,-2069,193,-3304,bf386f88,bd6626e7,bc860cd6,bf30e76c,bf386f85,bd6626e0,bc860cf1,bf30e76c,1,46812628

11630,109,144,57,964,1749,15546,-2063,227,-3355,bf387149,bd66cd20,bc86a440,bf30e4a3,bf387148,bd66cd1b,bc86a45c,bf30e4a4,1,46821147

11631,139,102,69,902,1707,15567,-2063,227,-3355,bf3873f7,bd670640,bc876480,bf30e169,bf3873f6,bd67063a,bc87649c,bf30e169,1,46829665

11632,167,74,70,885,1730,15569,-2039,171,-3299,bf3875a4,bd671cfe,bc88151c,bf30df6a,bf3875a3,bd671cf8,bc881538,bf30df6a,1,46838184

11633,191,57,54,767,1673,15575,-2075,163,-3360,bf387846,bd66b50f,bc891b8d,bf30dd00,bf387844,bd66b509,bc891ba8,bf30dcff,1,46846702

11634,207,49,44,729,1614,15593,-2075,163,-3360,bf387a73,bd6614ca,bc89ff12,bf30db5f,bf387a72,bd6614c6,bc89ff2e,bf30db60,1,46855221

11635,204,87,35,743,1627,15577,-2045,193,-3439,bf387b0f,bd65baef,bc8a75ff,bf30db1b,bf387b0d,bd65baea,bc8a761b,bf30db1b,1,46863740

11636,192,121,31,741,1631,15588,-2067,205,-3406,bf387c41,bd657d33,bc8ae1cb,bf30da15,bf387c3f,bd657d2e,bc8ae1e7,bf30da15,1,46872258

11637,196,144,30,764,1586,15586,-2067,205,-3406,bf387d69,bd65499f,bc8ae473,bf30d923,bf387d67,bd65499b,bc8ae490,bf30d924,1,46880777

11638,176,161,25,797,1621,15572,-2043,205,-3310,bf387ce4,bd656ccf,bc8abf43,bf30d988,bf387ce2,bd656ccb,bc8abf60,bf30d989,1,46889295

11639,176,158,18,799,1669,15572,-2027,179,-3297,bf387b45,bd65a9d9,bc8aa67a,bf30daef,bf387b43,bd65a9d4,bc8aa695,bf30daef,1,46897814

11640,185,155,20,838,1662,15568,-2075,177,-3329,bf387bbc,bd65c12f,bc8aa9df,bf30da52,bf387bbb,bd65c12b,bc8aa9fb,bf30da53,1,46906332

11641,192,165,22,856,1648,15584,-2075,177,-3329,bf387c59,bd65dae7,bc8a75d9,bf30d997,bf387c58,bd65dae3,bc8a75f5,bf30d998,1,46914350

11642,194,162,22,880,1624,15581,-2039,191,-3365,bf387b96,bd660904,bc89f359,bf30da41,bf387b95,bd6608ff,bc89f374,bf30da41,1,46922869

11643,193,144,20,884,1691,15566,-2005,235,-3291,bf38793d,bd66585b,bc8990f5,bf30dc60,bf38793c,bd665856,bc899110,bf30dc60,1,46931387

11644,197,117,19,870,1659,15569,-2005,235,-3291,bf3876df,bd667a14,bc8951d5,bf30deb9,bf3876dd,bd667a0e,bc8951f0,bf30deb9,1,46939906

11645,213,106,20,851,1662,15570,-2157,173,-3344,bf387b34,bd6601f2,bc89fb43,bf30daae,bf387b32,bd6601ec,bc89fb5e,bf30daae,1,46948425

11646,224,93,23,841,1613,15586,-2103,199,-3325,bf387d42,bd658e3b,bc8a3769,bf30d915,bf387d40,bd658e35,bc8a3784,bf30d915,1,46956943

11647,225,88,26,738,1543,15595,-2103,199,-3325,bf387faf,bd64d726,bc8a9518,bf30d769,bf387faf,bd64d723,bc8a9533,bf30d76a,1,46965462

11648,192,105,39,725,1545,15588,-2113,201,-3377,bf38834e,bd64404e,bc8b305b,bf30d445,bf38834e,bd64404b,bc8b3075,bf30d446,1,46973980

11649,171,127,34,767,1559,15573,-2059,185,-3400,bf388418,bd641b8e,bc8b5be7,bf30d39a,bf388417,bd641b8a,bc8b5bff,bf30d39a,1,46982499

11650,147,147,37,830,1558,15543,-2059,185,-3400,bf3884d7,bd64394b,bc8b5d9c,bf30d2ab,bf3884d6,bd643948,bc8b5db4,bf30d2ac,1,46991017

11651,129,153,44,786,1681,15557,-2057,211,-3366,bf3885cd,bd648ced,bc8be9ea,bf30d122,bf3885cc,bd648cea,bc8bea02,bf30d123,1,46999536

11652,137,153,61,831,1731,15602,-2135,203,-3345,bf388b10,bd64b75b,bc8cdf4a,bf30cb3d,bf388b0e,bd64b757,bc8cdf61,bf30cb3e,1,47008055

11653,159,157,56,834,1718,15587,-2033,181,-3420,bf388be1,bd651d1f,bc8cfbbc,bf30c9db,bf388bdf,bd651d1b,bc8cfbd3,bf30c9dc,1,47016072

11654,187,160,66,841,1701,15587,-2033,181,-3420,bf388d6a,bd6564ff,bc8cceb2,bf30c7eb,bf388d68,bd6564fb,bc8ccec8,bf30c7ec,1,47024591

11655,198,150,61,853,1636,15553,-2091,187,-3336,bf3890e9,bd655c77,bc8cb905,bf30c455,bf3890e7,bd655c73,bc8cb91b,bf30c456,1,47033110

11656,203,151,47,808,1681,15587,-2065,207,-3396,bf3892bd,bd65612c,bc8cb723,bf30c267,bf3892bb,bd656128,bc8cb738,bf30c268,1,47041629

11657,203,158,32,836,1655,15566,-2065,207,-3396,bf3893a8,bd656e5e,bc8c7dd4,bf30c16a,bf3893a7,bd656e5b,bc8c7dea,bf30c16c,1,47050147

11658,219,135,18,787,1630,15584,-2131,187,-3403,bf3896d6,bd64fff4,bc8ccb81,bf30be97,bf3896d6,bd64fff2,bc8ccb96,bf30be9a,1,47058666

11659,209,141,-1,816,1599,15566,-2065,197,-3334,bf3895ba,bd64e1b0,bc8c8378,bf30bff7,bf3895b8,bd64e1ab,bc8c838b,bf30bff8,1,47067184

11660,191,140,-6,793,1615,15586,-2065,197,-3334,bf389446,bd64d11b,bc8c7a9f,bf30c193,bf389444,bd64d116,bc8c7ab2,bf30c194,1,47075703

11661,184,146,-9,762,1569,15584,-2067,183,-3342,bf3892c9,bd64b038,bc8c6c70,bf30c34d,bf3892c8,bd64b034,bc8c6c84,bf30c34f,1,47084221

11662,170,156,-2,835,1645,15590,-2051,221,-3322,bf3890d6,bd64e758,bc8c4edd,bf30c515,bf3890d5,bd64e753,bc8c4ef0,bf30c517,1,47092740

11663,163,165,23,827,1605,15578,-2051,221,-3322,bf38905f,bd651b88,bc8c1c10,bf30c559,bf38905d,bd651b82,bc8c1c23,bf30c55a,1,47101259

11664,159,163,30,802,1653,15579,-2103,203,-3300,bf389273,bd6530ba,bc8c7415,bf30c2ff,bf389272,bd6530b5,bc8c7429,bf30c301,1,47109777

11665,157,169,29,812,1656,15551,-2049,211,-3437,bf38927a,bd657966,bc8c7a84,bf30c298,bf389278,bd657960,bc8c7a97,bf30c299,1,47118296

11666,167,165,39,846,1680,15583,-2089,191,-3387,bf389498,bd65a886,bc8ca50f,bf30c01b,bf389498,bd65a882,bc8ca523,bf30c01d,1,47126314

11667,177,162,31,867,1702,15584,-2089,191,-3387,bf38963d,bd65da99,bc8cc095,bf30be1e,bf38963b,bd65da93,bc8cc0a8,bf30be1f,1,47134832

11668,190,153,12,778,1651,15569,-2089,185,-3357,bf3896ef,bd65c6b8,bc8ced47,bf30bd75,bf3896ee,bd65c6b3,bc8ced5a,bf30bd77,1,47143351

11669,195,165,-1,826,1656,15587,-2039,131,-3319,bf3894a3,bd65f3e5,bc8c89ce,bf30bfb5,bf3894a1,bd65f3df,bc8c89e0,bf30bfb6,1,47151870

11670,199,165,-10,821,1651,15566,-2039,131,-3319,bf3891dc,bd661a44,bc8c2072,bf30c27e,bf3891da,bd661a3e,bc8c2084,bf30c27f,1,47160389

11671,205,159,-12,822,1670,15570,-2039,225,-3285,bf388f02,bd663bb3,bc8bc4ab,bf30c560,bf388f00,bd663bac,bc8bc4bc,bf30c560,1,47168907

11672,208,168,-8,868,1659,15571,-2057,209,-3328,bf388d2b,bd665ee7,bc8b4867,bf30c736,bf388d29,bd665ee0,bc8b4878,bf30c736,1,47177426

11673,215,163,5,825,1649,15581,-2057,209,-3328,bf388c36,bd66628c,bc8ae53b,bf30c844,bf388c34,bd666285,bc8ae54c,bf30c844,1,47185944

11674,215,168,15,785,1608,15575,-2045,161,-3397,bf388b8f,bd665569,bc8a6ec0,bf30c91a,bf388b8e,bd665563,bc8a6ed1,bf30c91b,1,47194463

11675,212,173,14,787,1599,15586,-2103,179,-3363,bf388d40,bd661d6f,bc8a4159,bf30c7a9,bf388d3e,bd661d68,bc8a416a,bf30c7a9,1,47202982

11676,195,181,9,831,1593,15588,-2103,179,-3363,bf388e7e,bd660c30,bc89fd7e,bf30c681,bf388e7c,bd660c2a,bc89fd90,bf30c682,1,47210999

11677,190,188,-5,883,1598,15580,-2085,191,-3345,bf388dfe,bd662bd3,bc8975ff,bf30c6f6,bf388dfc,bd662bcd,bc897611,bf30c6f7,1,47220019

11678,180,186,-8,796,1623,15576,-2075,183,-3378,bf388d11,bd6643d9,bc894dee,bf30c7d6,bf388d0f,bd6643d3,bc894e00,bf30c7d7,1,47228037

11679,179,188,-5,849,1734,15569,-2085,131,-3319,bf388c57,bd66957d,bc894e3c,bf30c830,bf388c54,bd669576,bc894e4d,bf30c830,1,47236555

11680,198,193,-8,867,1728,15576,-2085,131,-3319,bf388b84,bd66db91,bc89108f,bf30c8ba,bf388b82,bd66db8b,bc8910a1,bf30c8bb,1,47245074

11681,212,183,-5,893,1698,15566,-2055,183,-3335,bf3889d1,bd671d0d,bc8882d1,bf30ca48,bf3889cf,bd671d07,bc8882e3,bf30ca49,1,47253592

11682,234,164,5,896,1669,15549,-2067,223,-3263,bf38892e,bd672674,bc87ed56,bf30cb01,bf38892c,bd67266e,bc87ed68,bf30cb02,1,47262111

11683,251,160,10,841,1639,15591,-2067,223,-3263,bf38890c,bd66fbb8,bc8754c4,bf30cb7b,bf38890a,bd66fbb3,bc8754d7,bf30cb7d,1,47270630

11684,248,161,20,875,1597,15571,-2055,203,-3351,bf388920,bd66d8f9,bc86830a,bf30cbba,bf38891e,bd66d8f4,bc86831d,bf30cbbc,1,47279148

11685,240,152,19,856,1573,15576,-2047,207,-3386,bf3888eb,bd66aad8,bc85c834,bf30cc52,bf3888e9,bd66aad3,bc85c847,bf30cc54,1,47287667

11686,231,148,7,873,1612,15578,-2047,207,-3386,bf3887eb,bd6696e4,bc853658,bf30cd92,bf3887e9,bd6696df,bc85366b,bf30cd94,1,47296185

11687,228,142,6,790,1634,15614,-2069,213,-3334,bf3887ca,bd6659b1,bc852086,bf30ce09,bf3887c8,bd6659ad,bc852099,bf30ce0b,1,47304704

11688,222,151,1,793,1592,15596,-2071,173,-3331,bf38875d,bd661f1d,bc84e440,bf30ced3,bf38875b,bd661f19,bc84e453,bf30ced5,1,47313223

11689,220,174,9,808,1623,15589,-2071,173,-3331,bf38875f,bd660d4d,bc848beb,bf30cef7,bf38875d,bd660d49,bc848bfe,bf30cef9,1,47321241

11690,223,188,13,824,1589,15592,-2045,209,-3355,bf3886b1,bd6610f0,bc83cff8,bf30cfcd,bf3886ae,bd6610ea,bc83d00b,bf30cfce,1,47329759

11691,220,183,23,867,1621,15575,-2047,163,-3256,bf388649,bd662fdc,bc831bae,bf30d032,bf388647,bd662fd7,bc831bc3,bf30d034,1,47338278

11692,216,198,31,869,1602,15587,-2057,187,-3312,bf3886ee,bd664fba,bc8258d2,bf30cf7f,bf3886ec,bd664fb5,bc8258e7,bf30cf81,1,47346796

11693,200,184,17,866,1586,15588,-2057,187,-3312,bf3886b2,bd666b01,bc81c72a,bf30cfb5,bf3886b0,bd666afc,bc81c73f,bf30cfb7,1,47355315

11694,196,173,3,935,1608,15572,-2031,205,-3366,bf38849e,bd66b10f,bc81103d,bf30d1a8,bf38849b,bd66b109,bc811051,bf30d1a9,1,47363834

11695,193,154,-2,899,1636,15564,-2033,189,-3379,bf38825f,bd66e34c,bc80b762,bf30d3ce,bf38825d,bd66e347,bc80b776,bf30d3cf,1,47372352

11696,202,144,-2,847,1643,15577,-2033,189,-3379,bf388044,bd66f269,bc808d17,bf30d5f5,bf388041,bd66f263,bc808d2b,bf30d5f6,1,47380871

11697,208,137,5,908,1581,15576,-2047,185,-3380,bf387f13,bd66e8f0,bc8023ac,bf30d752,bf387f10,bd66e8eb,bc8023c0,bf30d753,1,47389389

11698,205,126,9,993,1643,15551,-2073,211,-3424,bf387f22,bd66f8f0,bc7fdade,bf30d737,bf387f20,bd66f8ed,bc7fdb08,bf30d73a,1,47397908

11699,209,112,28,818,1518,15562,-2073,211,-3424,bf3880b8,bd668484,bc7ff35b,bf30d626,bf3880b5,bd668480,bc7ff384,bf30d629,1,47406427

11700,188,99,41,760,1567,15574,-2041,207,-3404,bf388194,bd663579,bc806426,bf30d594,bf388191,bd663574,bc80643b,bf30d597,1,47414945

11701,173,129,40,771,1616,15598,-2071,195,-3391,bf38837b,bd660f89,bc80f3b4,bf30d3af,bf388378,bd660f84,bc80f3c9,bf30d3b2,1,47423464

11702,167,149,36,902,1543,15579,-2071,195,-3391,bf3884ed,bd661814,bc80cc18,bf30d229,bf3884ea,bd66180f,bc80cc2d,bf30d22c,1,47431482

11703,150,154,33,903,1482,15571,-2069,215,-3337,bf3885f9,bd6623e0,bc808965,bf30d10f,bf3885f5,bd6623da,bc808979,bf30d111,1,47440000

11704,131,134,42,919,1639,15590,-2043,195,-3344,bf38863b,bd6680ec,bc80d196,bf30d042,bf388639,bd6680e7,bc80d1ac,bf30d045,1,47448519

11705,132,122,33,838,1667,15590,-2021,185,-3432,bf38856c,bd66ccbe,bc81618d,bf30d09d,bf388569,bd66ccb7,bc8161a2,bf30d09e,1,47457037

11706,142,118,19,832,1694,15566,-2021,185,-3432,bf3883d8,bd671342,bc81faa5,bf30d1cb,bf3883d6,bd67133c,bc81faba,bf30d1cd,1,47465564

11707,158,136,22,880,1656,15564,-2027,251,-3388,bf3882aa,bd6759fd,bc821a54,bf30d2a3,bf3882a8,bd6759f7,bc821a69,bf30d2a5,1,47474083

11708,178,137,29,855,1697,15573,-2019,147,-3317,bf38817d,bd67977f,bc822e9a,bf30d389,bf38817b,bd679778,bc822eae,bf30d38a,1,47482602

11709,198,135,23,889,1699,15588,-2019,147,-3317,bf388005,bd67c96e,bc820ae8,bf30d4d8,bf388003,bd67c968,bc820afb,bf30d4d9,1,47491120

11710,214,127,16,868,1626,15594,-2071,209,-3426,bf3880b2,bd679800,bc820b5c,bf30d462,bf3880b0,bd6797fa,bc820b6f,bf30d463,1,47499639

11711,231,116,14,869,1619,15579,-2041,187,-3328,bf387fcc,bd67689c,bc81c670,bf30d59e,bf387fca,bd676896,bc81c683,bf30d59f,1,47508158

11712,227,119,27,819,1571,15583,-2041,187,-3328,bf387fbe,bd671e55,bc8188e2,bf30d618,bf387fbd,bd671e50,bc8188f5,bf30d61a,1,47516676

11713,204,122,34,830,1570,15578,-2061,171,-3398,bf3880ee,bd66de57,bc818a7c,bf30d52f,bf3880ec,bd66de51,bc818a8e,bf30d530,1,47525195

11714,193,136,31,876,1642,15546,-2041,189,-3338,bf3880d7,bd66f4d9,bc8175cf,bf30d52e,bf3880d5,bd66f4d3,bc8175e1,bf30d52f,1,47533213

11715,200,126,48,874,1637,15582,-2041,189,-3338,bf3881c5,bd66f616,bc816767,bf30d436,bf3881c4,bd66f611,bc81677a,bf30d437,1,47541731

11716,207,121,53,798,1602,15583,-2077,163,-3426,bf3884d4,bd66a3e8,bc81b198,bf30d162,bf3884d3,bd66a3e2,bc81b1ab,bf30d163,1,47550250

11717,212,133,44,812,1617,15584,-2061,175,-3307,bf388664,bd66784d,bc81b411,bf30cff9,bf388662,bd667845,bc81b423,bf30cff9,1,47558769

11718,216,145,29,883,1589,15588,-2053,209,-3379,bf3886e5,bd666522,bc8149d3,bf30cf9e,bf3886e5,bd66651c,bc8149e6,bf30cfa0,1,47567287

11719,210,143,10,817,1452,15587,-2053,209,-3379,bf388678,bd660bf7,bc80bc67,bf30d09f,bf388677,bd660bf0,bc80bc79,bf30d0a0,1,47575806

11720,188,144,10,861,1560,15574,-2069,185,-3273,bf388628,bd65fd49,bc809461,bf30d10d,bf388627,bd65fd42,bc809473,bf30d10e,1,47584324

11721,168,149,22,895,1629,15586,-2055,187,-3308,bf3885e0,bd663268,bc808fd1,bf30d114,bf3885df,bd663261,bc808fe3,bf30d115,1,47592843

11722,162,138,32,888,1665,15587,-2055,187,-3308,bf388622,bd666c1b,bc80caaf,bf30d079,bf388621,bd666c14,bc80cac1,bf30d07a,1,47601361

11723,176,124,38,902,1657,15592,-2043,179,-3318,bf388650,bd669420,bc80e76b,bf30d011,bf38864f,bd669419,bc80e77d,bf30d012,1,47609880

11724,186,114,38,878,1663,15568,-2095,209,-3352,bf3888df,bd6679f9,bc816c5b,bf30cd6d,bf3888de,bd6679f1,bc816c6d,bf30cd6d,1,47618398

11725,202,110,47,836,1644,15586,-2095,209,-3352,bf388c1a,bd6635a6,bc81eb8d,bf30ca51,bf388c19,bd66359e,bc81eb9e,bf30ca51,1,47626416

11726,202,119,61,792,1615,15565,-2087,195,-3345,bf388fce,bd65e9b0,bc825662,bf30c6c1,bf388fcd,bd65e9a8,bc825673,bf30c6c1,1,47634935

11727,210,140,45,786,1573,15601,-2075,201,-3364,bf389233,bd65a02e,bc825a47,bf30c4a1,bf389233,bd65a027,bc825a58,bf30c4a1,1,47643454

11728,196,145,32,850,1531,15600,-2075,201,-3364,bf3893ab,bd6571fa,bc821d42,bf30c360,bf3893ab,bd6571f3,bc821d52,bf30c360,1,47651972

11729,167,148,32,819,1618,15582,-2071,195,-3390,bf3894e0,bd657c2a,bc8263b6,bf30c202,bf3894e0,bd657c22,bc8263c5,bf30c201,1,47660491

11730,158,138,27,811,1663,15591,-2085,199,-3318,bf389625,bd658b72,bc82fe6e,bf30c07e,bf389626,bd658b6c,bc82fe7d,bf30c07e,1,47669009

11731,166,151,22,883,1635,15574,-2111,213,-3316,bf38983e,bd6598db,bc834d92,bf30be2e,bf38983e,bd6598d4,bc834d9f,bf30be2d,1,47677528

11732,174,155,28,909,1641,15576,-2111,213,-3316,bf389aab,bd65adaa,bc8375c5,bf30bb83,bf389aaa,bd65ada2,bc8375d1,bf30bb81,1,47686047

11733,180,135,38,886,1615,15579,-2041,203,-3392,bf389ae5,bd65cd74,bc835757,bf30bb22,bf389ae5,bd65cd6e,bc835764,bf30bb21,1,47694565

11734,177,122,32,849,1618,15585,-2077,277,-3384,bf389c73,bd65b703,bc83b039,bf30b990,bf389c72,bd65b6fc,bc83b046,bf30b98e,1,47703084

11735,173,128,41,813,1590,15562,-2077,277,-3384,bf389e94,bd6592f5,bc840c8f,bf30b773,bf389e93,bd6592ee,bc840c9c,bf30b771,1,47711603

11736,162,141,59,782,1633,15574,-2089,257,-3365,bf38a22d,bd65826e,bc84ac42,bf30b3a9,bf38a22d,bd658269,bc84ac4f,bf30b3a8,1,47720121

11737,175,152,60,783,1679,15561,-2009,185,-3394,bf38a287,bd65c382,bc84bbfe,bf30b2f2,bf38a288,bd65c37e,bc84bc0c,bf30b2f2,1,47728640

11738,180,181,58,735,1648,15587,-2009,185,-3394,bf38a2ee,bd65fd44,bc84960e,bf30b243,bf38a2ee,bd65fd3f,bc84961b,bf30b242,1,47736658

11739,194,208,36,858,1690,15587,-2161,201,-3363,bf38a878,bd65feb1,bc84cc97,bf30ac6c,bf38a878,bd65fead,bc84cca4,bf30ac6b,1,47745176

11740,215,211,5,846,1596,15555,-2013,219,-3322,bf38a5d8,bd66471c,bc83b39e,bf30af02,bf38a5d8,bd664718,bc83b3ab,bf30af01,1,47753695

11741,209,203,-8,844,1583,15589,-2013,219,-3322,bf38a279,bd6685a6,bc82b034,bf30b267,bf38a27a,bd6685a2,bc82b041,bf30b266,1,47762213

11742,195,205,-26,929,1640,15577,-2107,211,-3378,bf38a1e2,bd66b92b,bc823a5f,bf30b2d5,bf38a1e3,bd66b927,bc823a6c,bf30b2d4,1,47770732

11743,191,187,-32,959,1616,15579,-2069,227,-3307,bf389f12,bd670226,bc818c4f,bf30b588,bf389f12,bd670221,bc818c5a,bf30b586,1,47779251

11744,201,162,-14,673,1513,15589,-2087,261,-3351,bf389eeb,bd66835b,bc81b3a3,bf30b64d,bf389eec,bd668358,bc81b3ae,bf30b64c,1,47787769

11745,189,160,-14,854,1654,15589,-2087,261,-3351,bf389e42,bd668b5e,bc81cf15,bf30b6f0,bf389e42,bd668b5a,bc81cf1f,bf30b6ee,1,47796288

11746,176,180,-4,933,1721,15612,-2097,269,-3333,bf389e60,bd66df90,bc81dee7,bf30b660,bf389e61,bd66df8e,bc81def1,bf30b65e,1,47804806

11747,201,178,17,936,1689,15598,-2061,273,-3354,bf389e50,bd672acd,bc817740,bf30b621,bf389e51,bd672acb,bc817749,bf30b61f,1,47813325

11748,218,175,26,831,1674,15589,-2061,273,-3354,bf389f12,bd6735d4,bc813f74,bf30b553,bf389f12,bd6735d1,bc813f7d,bf30b550,1,47821844

11749,225,172,33,653,1560,15588,-2017,191,-3311,bf389ea1,bd66f96c,bc80e68f,bf30b627,bf389ea3,bd66f96b,bc80e699,bf30b625,1,47830362

11750,210,218,49,894,1623,15623,-2087,163,-3343,bf38a189,bd6724fa,bc8037ae,bf30b304,bf38a18a,bd6724f8,bc8037b8,bf30b301,1,47838380

11751,198,225,56,920,1635,15582,-2087,163,-3343,bf38a4c1,bd677194,bc7f17aa,bf30af64,bf38a4c2,bd677193,bc7f17be,bf30af61,1,47846899

11752,193,213,64,1021,1483,15618,-2097,187,-3306,bf38a8b7,bd67990b,bc7cb6d1,bf30ab43,bf38a8b8,bd67990a,bc7cb6e4,bf30ab40,1,47855417

11753,163,179,90,693,1795,15558,-2033,257,-3328,bf38abe2,bd67eeea,bc7e3e19,bf30a75c,bf38abe5,bd67eeeb,bc7e3e2d,bf30a75b,1,47863936

11754,161,140,146,1084,1743,15641,-2033,257,-3328,bf38b19f,bd688c91,bc7df11f,bf30a094,bf38b1a2,bd688c91,bc7df131,bf30a092,1,47872455

11755,196,116,158,1320,1567,15680,-2077,251,-3323,bf38b9aa,bd68dfa3,bc7bb3d7,bf3097f3,bf38b9ad,bd68dfa2,bc7bb3e7,bf3097f0,1,47880973

11756,189,48,268,1432,2218,15643,-2115,211,-3358,bf38c8ef,bd69d443,bc7e07b7,bf30867f,bf38c8f2,bd69d442,bc7e07c6,bf30867c,1,47889492

11757,257,-52,703,1164,1752,15560,-2037,291,-3307,bf38ef1e,bd69717b,bc7f8fd6,bf305edd,bf38ef21,bd69717b,bc7f8fe5,bf305edb,1,47898010

11758,337,-102,1064,1465,1483,15691,-2037,291,-3307,bf392a0f,bd688722,bc7e21a9,bf302253,bf392a11,bd688720,bc7e21b5,bf302250,1,47906529

11759,297,-221,1478,1769,2144,15641,-2103,295,-3369,bf397e24,bd68570a,bc81082a,bf2fc9a7,bf397e26,bd685709,bc81082f,bf2fc9a5,1,47915048

11760,290,-516,2087,1018,2054,15839,-2109,245,-3357,bf39f5d6,bd66121e,bc8761c1,bf2f4ccf,bf39f5d7,bd66121c,bc8761c5,bf2f4ccc,1,47923566

11761,216,-693,2919,933,697,15925,-2109,245,-3357,bf3a9c97,bd6172c9,bc8c9c4e,bf2ea040,bf3a9c98,bd6172c8,bc8c9c52,bf2ea03e,1,47932085

11762,-131,-768,3059,423,893,15571,-2131,281,-3386,bf3b49f8,bd5d7255,bc96c918,bf2de943,bf3b49f9,bd5d7254,bc96c91c,bf2de941,1,47940108

11763,-491,-456,2734,3316,1768,14054,-2213,255,-3315,bf3bdff5,bd5fdf37,bc9dec57,bf2d427a,bf3bdff8,bd5fdf37,bc9dec5d,bf2d427a,1,47948627

11764,-715,-389,2342,-4666,2571,11171,-2213,255,-3315,bf3c6210,bd5fa445,bcafb3c1,bf2cb0fd,bf3c6211,bd5fa442,bcafb3c5,bf2cb0fb,1,47957146

11765,-130,910,1232,-3933,5465,15284,-2183,233,-3234,bf3ca84c,bd6345b5,bcb33558,bf2c5e99,bf3ca84f,bd6345b4,bcb3355d,bf2c5e99,1,47965664

11766,1019,2177,196,-1474,1957,15832,-2189,235,-3346,bf3cbcd3,bd6581e3,bca22431,bf2c4963,bf3cbcd3,bd6581de,bca22433,bf2c4960,1,47974183

11767,1395,3014,-466,-53,921,15715,-2189,235,-3346,bf3cae90,bd68e0a8,bc835a12,bf2c5b08,bf3cae92,bd68e0a5,bc835a15,bf2c5b07,1,47982702

11768,1257,3422,-800,686,1028,15995,-2127,239,-3418,bf3c898e,bd6f39ae,bc40f011,bf2c8097,bf3c898f,bd6f39aa,bc40f016,bf2c8095,1,47991220

11769,1221,3778,-1068,1538,1846,15794,-2075,247,-3371,bf3c514f,bd7947c8,bbec9b71,bf2cb3f8,bf3c5151,bd7947c5,bbec9b7b,bf2cb3f7,1,47999739

11770,1469,4127,-923,2007,2625,15483,-2037,205,-3314,bf3c20c3,bd824286,bb14a514,bf2cda8e,bf3c20c4,bd824284,bb14a525,bf2cda8c,1,48008257

11771,1990,4329,-712,1875,2181,15599,-2037,205,-3314,bf3bfe70,bd86f400,3b5925f3,bf2cf135,bf3bfe71,bd86f3ff,3b5925e4,bf2cf134,1,48016776

11772,2440,4409,-427,2241,1713,15457,-1959,275,-3426,bf3beb8a,bd8adec0,3c1bff7d,bf2cf57b,bf3beb8a,bd8adebe,3c1bff78,bf2cf579,1,48025295

11773,2745,4560,-122,2661,1613,15658,-1977,239,-3399,bf3bea8b,bd8e7a14,3c843eda,bf2ce294,bf3bea8b,bd8e7a12,3c843ed7,bf2ce292,1,48033814

11774,2939,4548,76,3217,1271,16388,-1977,239,-3399,bf3bf42b,bd9195b4,3cbc89b1,bf2cc0af,bf3bf42d,bd9195b3,3cbc89af,bf2cc0af,1,48041831

11775,2996,4491,302,3758,642,16864,-1941,297,-3437,bf3c084c,bd944c7d,3cf5d929,bf2c8f82,bf3c084c,bd944c7a,3cf5d924,bf2c8f80,1,48050350

11776,2790,4326,466,8237,3756,22247,-1909,277,-3426,bf3c22b7,bd980a23,3d15446f,bf2c50e0,bf3c22b8,bd980a21,3d15446d,bf2c50e0,1,48058869

11777,2444,3593,767,10725,2816,21492,-1909,277,-3426,bf3c4c48,bd9b14af,3d2c10ed,bf2c034e,bf3c4c49,bd9b14ad,3d2c10ec,bf2c034e,1,48067387

11778,2595,2004,1745,14658,1437,21075,-1855,357,-3478,bf3cb1ce,bd9aff8e,3d3d5e06,bf2b81fc,bf3cb1cf,bd9aff8b,3d3d5e04,bf2b81fb,1,48075906

11779,2935,66,3037,15405,-1991,20105,-1905,411,-3443,bf3d68a7,bd96a867,3d4864af,bf2abaec,bf3d68a8,bd96a864,3d4864ad,bf2abaeb,1,48084425

11780,2508,-2364,4890,8964,-5783,19015,-1905,411,-3443,bf3e8cee,bd8e2978,3d481c22,bf299228,bf3e8cef,bd8e2975,3d481c20,bf299227,1,48092943

11781,438,-4947,6867,3827,-2110,18651,-1989,405,-3378,bf401c25,bd84db5a,3d34db8b,bf2801ad,bf401c26,bd84db56,3d34db87,bf2801ac,1,48101462

11782,-1407,-6763,7041,2312,316,17452,-2097,431,-3446,bf41b159,bd78556e,3d11660b,bf266b88,bf41b15b,bd785568,3d116607,bf266b88,1,48109980

11783,-1899,-7714,6500,2895,-144,15424,-2263,401,-3474,bf4321c1,bd6603cb,3cd5e1db,bf24f2fc,bf4321c1,bd6603c3,3cd5e1d1,bf24f2fa,1,48118499

11784,-1763,-8168,6298,2966,-591,14969,-2263,401,-3474,bf447bfb,bd51d27f,3c87c955,bf238605,bf447bfc,bd51d279,3c87c94c,bf238603,1,48127018

11785,-1431,-8099,6572,2393,63,15312,-2427,361,-3420,bf45e296,bd3c7789,3bed8ee3,bf21f91f,bf45e297,bd3c7783,3bed8ec1,bf21f91d,1,48135536

11786,-1006,-7744,6916,-353,-10148,15344,-2521,363,-3413,bf474f3b,bd24598f,bac9514a,bf2054c2,bf474f3e,bd24598a,bac951d3,bf2054c1,1,48144055

11787,-3991,-6389,4216,-7576,-19052,17006,-2521,363,-3413,bf481c5f,bd1c972c,bc3b0a5a,bf1f5583,bf481c61,bd1c9727,bc3b0a6b,bf1f5581,1,48152073

11788,-11448,-2367,2831,-4248,-24,11971,-2613,313,-3382,bf48855e,bd4164d7,bcc3bbf9,bf1e916c,bf488560,bd4164d3,bcc3bc02,bf1e916b,1,48160591

11789,-12504,1278,1838,-3988,10428,7526,-2611,241,-3241,bf48ac81,bd7a9a8a,bd09f30a,bf1df1b3,bf48ac83,bd7a9a86,bd09f30e,bf1df1b2,1,48169110

11790,-8095,4416,2633,2424,29081,7805,-2611,241,-3241,bf490f45,bd966d09,bd15f18c,bf1d10d1,bf490f47,bd966d07,bd15f18f,bf1d10d0,1,48177629

11791,1625,5218,5581,4818,17488,9027,-2563,219,-3270,bf4a4152,bd9ca136,bcff9cdf,bf1b8135,bf4a4153,bd9ca134,bcff9ce4,bf1b8134,1,48186147

11792,9606,5543,7446,1821,-1959,10551,-2529,219,-3311,bf4c01f8,bd901dba,bc96df9f,bf19868d,bf4c01f9,bd901db8,bc96dfa4,bf19868c,1,48194666

11793,10387,6101,7976,-1967,-14712,15579,-2529,219,-3311,bf4dd2a8,bd823619,bb9d9e3d,bf175955,bf4dd2a9,bd823618,bb9d9e54,bf175954,1,48203184

11794,6029,7326,7827,-2121,-9325,17863,-2577,327,-3429,bf4f7582,bd7e950e,3bda68e6,bf152211,bf4f7583,bd7e950b,3bda68cf,bf152210,1,48211703

11795,1922,9379,7850,1237,-3429,17807,-2541,377,-3419,bf50f498,bd8866f9,3c8e43b7,bf12d80f,bf50f498,bd8866f7,3c8e43b1,bf12d80d,1,48220222

11796,394,10852,8373,2578,2146,17733,-2545,371,-3483,bf527351,bd992cdc,3ce60990,bf1051fb,bf527351,bd992cda,3ce6098a,bf1051f9,1,48228740

11797,890,10826,9144,3363,5234,16758,-2545,371,-3483,bf5406db,bda99463,3d1e8ab8,bf0d89d6,bf5406dc,bda99461,3d1e8ab6,bf0d89d4,1,48237259

11798,1718,8884,8250,3842,3255,14298,-2509,377,-3442,bf556c2a,bdb52d7f,3d45a16b,bf0b0058,bf556c2b,bdb52d7d,3d45a169,bf0b0056,1,48245777

11799,2315,6253,7328,5385,103,13734,-2513,409,-3459,bf56a955,bdba5046,3d66267d,bf08c62e,bf56a956,bdba5044,3d66267b,bf08c62c,1,48253795

11800,2228,3915,7289,6257,-83,13727,-2513,409,-3459,bf57e67f,bdbc655f,3d7c211a,bf069c6c,bf57e682,bdbc655e,3d7c211a,bf069c6b,1,48262314

11801,2002,1777,7753,5225,353,14551,-2555,477,-3517,bf593d42,bdbbdcbc,3d83d0b7,bf045d20,bf593d43,bdbbdcb8,3d83d0b6,bf045d1e,1,48270833

11802,2069,219,8551,2988,-288,14956,-2603,463,-3566,bf5abf80,bdb7ac2a,3d84fb9b,bf01ee20,bf5abf82,bdb7ac26,3d84fb9a,bf01ee1f,1,48279351

11803,1983,-550,9598,4365,1027,14957,-2603,463,-3566,bf5c650d,bdb470c5,3d84bec3,befe62eb,bf5c650d,bdb470bf,3d84bec1,befe62e7,1,48287870

11804,2308,-1001,10913,4785,-293,14540,-2671,551,-3526,bf5e3b9d,bdaf6c91,3d83df62,bef82945,bf5e3b9c,bdaf6c8b,3d83df60,bef82940,1,48296389

11805,2901,-1265,12278,3146,-2556,15390,-2801,645,-3534,bf6045fb,bda7ee7c,3d820c28,bef11a25,bf6045fb,bda7ee77,3d820c28,bef11a21,1,48304907

11806,2971,-854,13565,1050,-2492,16373,-2801,645,-3534,bf627255,bda0d047,3d803653,bee93662,bf627256,bda0d043,3d803653,bee93660,1,48313426

11807,2663,398,14273,569,-814,16931,-2897,665,-3592,bf64a002,bd9c1843,3d803067,bee0c243,bf64a003,bd9c183f,3d803067,bee0c241,1,48321944

11808,2539,1998,14850,1149,1257,15899,-2949,799,-3581,bf66c805,bd9a1125,3d82fbd3,bed7c002,bf66c806,bd9a1121,3d82fbd3,bed7c000,1,48330463

11809,3127,3262,14867,1277,2701,14222,-3019,865,-3568,bf68d650,bd992e10,3d890d3e,bece856d,bf68d651,bd992e0c,3d890d3e,bece856b,1,48338982

11810,4186,3836,13991,-352,2352,9188,-3019,865,-3568,bf6ab0a2,bd9629cc,3d91aba9,bec5b6d7,bf6ab0a3,bd9629c8,3d91abaa,bec5b6d5,1,48347000

11811,4750,3709,11965,-2874,393,8397,-3085,939,-3637,bf6c39ad,bd902b03,3d9b1c77,bebe1558,bf6c39af,bd902aff,3d9b1c79,bebe1557,1,48355518

11812,4878,3637,9447,-2906,-3000,10849,-3021,991,-3623,bf6d64c6,bd8898b0,3da5920d,beb7f5e9,bf6d64c7,bd8898ab,3da5920e,beb7f5e7,1,48364037

11813,4146,3899,8249,-79,-2782,11967,-3021,991,-3623,bf6e595f,bd829339,3db09f0c,beb29222,bf6e595e,bd829333,3db09f0c,beb2921f,1,48372556

11814,3044,4275,7973,-4256,-2774,11642,-3075,1031,-3725,bf6f3567,bd7fc53e,3dbaeb68,bead5d3b,bf6f3566,bd7fc531,3dbaeb68,bead5d38,1,48381074

11815,1969,4752,7784,5440,-3891,14637,-3047,1047,-3660,bf6ff275,bd802f95,3dc7ab3a,bea84e4c,bf6ff275,bd802f90,3dc7ab3b,bea84e49,1,48389593

11816,955,3471,7916,3654,-2881,15427,-3047,1047,-3660,bf70b28f,bd818f83,3dcfc355,bea3442d,bf70b290,bd818f7d,3dcfc357,bea3442b,1,48398112

11817,265,1761,8685,3886,-3249,15079,-3083,1127,-3751,bf718a9a,bd8368b1,3dd2f239,be9dd7ef,bf718a9b,bd8368ab,3dd2f23a,be9dd7ec,1,48406630

11818,-479,438,9656,2285,-3716,14314,-3175,1131,-3708,bf727c66,bd863112,3dd19718,be97e7d3,bf727c67,bd86310c,3dd19719,be97e7d0,1,48415149

11819,-1105,267,11211,3505,-1777,14132,-3175,1131,-3708,bf738700,bd8ada6d,3dcf6bc5,be91026e,bf738701,bd8ada67,3dcf6bc6,be91026b,1,48423667

11820,-1275,166,11790,59,5410,14374,-3185,1231,-3671,bf749525,bd928055,3dcad2aa,be89a7af,bf749527,bd92804f,3dcad2ac,be89a7ad,1,48432186

11821,-257,193,11071,8324,7237,12094,-3259,1229,-3656,bf7581b2,bd97fe76,3dc946c1,be82aaf6,bf7581b3,bd97fe70,3dc946c3,be82aaf3,1,48440705

11822,618,749,7127,3642,-5345,14726,-3305,1311,-3751,bf761765,bd977e18,3dca246e,be7c48e2,bf761766,bd977e12,3dca2470,be7c48dc,1,48449223

11823,-391,855,6917,4485,27,13108,-3305,1311,-3751,bf769a71,bd9a0f13,3dcb7ac1,be7379fd,bf769a71,bd9a0f0c,3dcb7ac2,be7379f6,1,48457241

11824,-477,433,8423,2111,1354,14480,-3327,1309,-3653,bf77422f,bd9d1ea5,3dc8d7dd,be68a944,bf774231,bd9d1e9f,3dc8d7e0,be68a93f,1,48465760

11825,233,42,8549,792,2604,14230,-3359,1405,-3643,bf77eb19,bd9f040b,3dc543df,be5d9b9d,bf77eb19,bd9f0404,3dc543e1,be5d9b96,1,48474279

11826,561,-276,7580,-461,3925,13943,-3359,1405,-3643,bf787e0a,bda019f0,3dc13dc1,be53cb97,bf787e0a,bda019e9,3dc13dc3,be53cb90,1,48482797

11827,878,-232,5805,109,2921,13758,-3373,1401,-3694,bf78ef9e,bd9fa434,3dbdd0ec,be4c2f19,bf78ef9e,bd9fa42d,3dbdd0ee,be4c2f12,1,48491316

11828,959,-88,4517,997,2829,13515,-3413,1483,-3671,bf7948bb,bd9ec0ef,3dbb1b17,be4618bb,bf7948bb,bd9ec0e8,3dbb1b19,be4618b4,1,48499835

11829,977,-387,4123,706,2650,13360,-3413,1483,-3671,bf799b71,bd9d748e,3db7b0a4,be409163,bf799b71,bd9d7487,3db7b0a6,be40915c,1,48508353

11830,1104,-804,3560,297,2450,13617,-3437,1527,-3664,bf79e782,bd9b43d8,3db36340,be3bcd36,bf79e782,bd9b43d1,3db36342,be3bcd2f,1,48516872

11831,1207,-807,2877,704,1292,13661,-3431,1497,-3622,bf7a2893,bd97f752,3daf7d56,be37f196,bf7a2891,bd97f74b,3daf7d56,be37f18d,1,48525390

11832,1060,-688,2547,1890,623,14099,-3431,1497,-3622,bf7a60ef,bd945e1d,3daca2f7,be348743,bf7a60ef,bd945e17,3daca2f9,be34873c,1,48533909

11833,802,-778,3113,2375,-558,14169,-3431,1505,-3711,bf7a9d1c,bd91589b,3da9f8ab,be3082f4,bf7a9d1c,bd915895,3da9f8ad,be3082ed,1,48542428

11834,436,-1158,4435,1486,-728,13324,-3445,1513,-3638,bf7aebe8,bd8f6de6,3da589eb,be2adeb6,bf7aebe8,bd8f6de0,3da589ed,be2adeaf,1,48550946

11835,-140,-1725,5792,128,1768,12863,-3481,1579,-3705,bf7b4cb6,bd903e51,3d9def20,be2371f2,bf7b4cb6,bd903e4b,3d9def22,be2371eb,1,48559465

11836,-610,-3064,6605,163,3306,10236,-3481,1579,-3705,bf7bb553,bd933dc2,3d92bbf9,be1b1cf5,bf7bb553,bd933dbc,3d92bbfb,be1b1cee,1,48567483

11837,-1286,-5580,6540,-1665,7702,13019,-3539,1561,-3733,bf7c1ec0,bd97354a,3d80f09c,be1335ce,bf7c1ec1,bd973545,3d80f09e,be1335c7,1,48576001

11838,-1132,-6236,5362,-2744,10616,15090,-3617,1611,-3593,bf7c754e,bd9a5d35,3d5b8a4a,be0cde70,bf7c754f,bd9a5d30,3d5b8a4e,be0cde69,1,48584520

11839,447,-5118,4302,-1700,5921,16202,-3617,1611,-3593,bf7cbf66,bd993c55,3d3bd856,be07a3ee,bf7cbf67,bd993c50,3d3bd85a,be07a3e7,1,48593039

11840,842,-3885,4329,-424,2661,17191,-3665,1657,-3582,bf7d0670,bd9626ae,3d22998a,be02270a,bf7d066f,bd9626a9,3d22998d,be022702,1,48601557

11841,23,-2987,5186,17,2068,18108,-3697,1731,-3460,bf7d4b44,bd950119,3d0ddef7,bdf6ea02,bf7d4b45,bd950116,3d0ddefb,bdf6e9f5,1,48610076

11842,-721,-2238,6025,505,2589,17982,-3697,1731,-3460,bf7d8da0,bd963c34,3cf88f6c,bde6ffbe,bf7d8da1,bd963c31,3cf88f74,bde6ffb1,1,48618595

11843,-683,-1698,6176,114,3502,17900,-3741,1775,-3473,bf7dc99b,bd986532,3cd9d428,bdd67754,bf7dc99a,bd98652e,3cd9d42f,bdd67746,1,48627113

11844,142,-1319,5658,-229,2387,18345,-3731,1761,-3549,bf7e01ca,bd977944,3cc15178,bdc76ebe,bf7e01c9,bd977940,3cc1517f,bdc76eb1,1,48635632

11845,944,-854,5165,-147,2173,18761,-3731,1761,-3549,bf7e365e,bd9459d7,3caf82a9,bdb993fe,bf7e365d,bd9459d3,3caf82af,bdb993f1,1,48644151

11846,1741,-175,4351,-193,5043,19179,-3769,1805,-3446,bf7e6060,bd918e0e,3ca5cb5f,bdad9220,bf7e6061,bd918e0b,3ca5cb67,bdad9215,1,48652669

11847,3210,1013,3787,-1293,5935,18748,-3797,1837,-3558,bf7e8a2c,bd8b2749,3ca9d3ed,bda2eed8,bf7e8a2c,bd8b2745,3ca9d3f5,bda2eecd,1,48661188

11848,4192,1977,2960,-1571,3364,19231,-3751,1865,-3539,bf7eb2d5,bd811469,3cb7c1f9,bd9a2923,bf7eb2d5,bd811465,3cb7c200,bd9a2918,1,48669206

11849,2374,1656,2525,219,4973,19684,-3751,1865,-3539,bf7eca07,bd7a627a,3cc45e7d,bd92a096,bf7eca08,bd7a6273,3cc45e85,bd92a08c,1,48677724

11850,632,643,2611,1537,12998,25168,-3741,1889,-3538,bf7ed7cb,bd7bf44c,3cc7d6c3,bd8b824f,bf7ed7cb,bd7bf444,3cc7d6ca,bd8b8243,1,48686243

11851,886,387,2224,217,2596,18621,-3751,1935,-3522,bf7eebaf,bd77381f,3cc4c4d9,bd84a53c,bf7eebaf,bd773817,3cc4c4df,bd84a530,1,48694762

11852,-39,-300,2010,-600,1976,16420,-3751,1935,-3522,bf7ef9b0,bd7717b3,3cb8fc4e,bd7dd1c1,bf7ef9b0,bd7717ab,3cb8fc54,bd7dd1a9,1,48703280

11853,-881,-142,2193,-867,2865,14203,-3753,1943,-3496,bf7f0109,bd7dcb7d,3cadb5fc,bd7185be,bf7f0107,bd7dcb73,3cadb601,bd7185a4,1,48711799

11854,-376,419,2737,-71,2593,13997,-3797,1977,-3539,bf7f0cae,bd80e9bf,3ca91de1,bd6137e0,bf7f0cae,bd80e9bb,3ca91de7,bd6137c7,1,48720318

11855,0,501,3183,136,3221,15436,-3797,1977,-3539,bf7f1992,bd8290d4,3ca69425,bd4e81f8,bf7f1992,bd8290d0,3ca6942b,bd4e81e0,1,48728836

11856,128,462,3087,561,3041,15962,-3801,1995,-3622,bf7f2657,bd839c01,3ca60924,bd3b4b91,bf7f2658,bd839bfe,3ca6092b,bd3b4b7a,1,48737355

11857,286,415,2822,934,1217,15158,-3793,2037,-3627,bf7f3485,bd81f954,3ca883c9,bd2b502a,bf7f3484,bd81f950,3ca883cf,bd2b5012,1,48745874

11858,633,140,2696,1863,-208,14919,-3793,2037,-3627,bf7f42c9,bd7edb31,3ca9e17e,bd1cc0eb,bf7f42c8,bd7edb29,3ca9e184,bd1cc0d3,1,48754392

11859,1315,-189,2643,2248,-74,16022,-3793,1995,-3563,bf7f53ad,bd764949,3ca8cb24,bd0e974e,bf7f53ae,bd764943,3ca8cb2c,bd0e9737,1,48762911

11860,2466,-401,1930,2110,217,15638,-3807,1983,-3547,bf7f675a,bd67aae2,3ca6ad32,bd041827,bf7f675b,bd67aadc,3ca6ad3a,bd041810,1,48770929

11861,3060,-628,1335,847,1952,16111,-3789,2045,-3571,bf7f7c2d,bd5649d2,3ca08bee,bcf575c4,bf7f7c2e,bd5649cc,3ca08bf6,bcf57595,1,48779448

11862,3486,-601,772,1107,718,15635,-3789,2045,-3571,bf7f8f9c,bd41d12b,3c9ba156,bceb9391,bf7f8f9b,bd41d122,3c9ba15d,bceb9360,1,48787966

11863,2921,-803,452,61,2738,15313,-3785,2061,-3486,bf7f9c03,bd35df7d,3c8eae4b,bce3ecd7,bf7f9c04,bd35df76,3c8eae53,bce3eca9,1,48796485

11864,1143,-1371,788,-1380,6913,15923,-3825,2121,-3520,bf7fa1c4,bd33d316,3c780586,bcdb6036,bf7fa1c4,bd33d30f,3c780595,bcdb6007,1,48805003

11865,-438,-1593,1386,-1042,4863,15259,-3825,2121,-3520,bf7fa2eb,bd39ed2b,3c4b7702,bccc9bd3,bf7fa2ed,bd39ed25,3c4b7713,bccc9ba6,1,48813522

11866,-1049,-1401,1475,-763,2305,15312,-3851,2111,-3523,bf7fa2e7,bd412926,3c1cebfc,bcbb675e,bf7fa2e7,bd41291e,3c1cec0b,bcbb672f,1,48822041

11867,-1175,-1147,1176,-1551,3761,15477,-3897,2075,-3467,bf7f9f3e,bd4a81a4,3bec694d,bcae9b28,bf7f9f3f,bd4a819d,3bec696c,bcae9af9,1,48830559

11868,-930,-729,1045,-1639,3825,15383,-3897,2075,-3467,bf7f9b62,bd529819,3bb0f58b,bca2ef4d,bf7f9b63,bd529812,3bb0f5aa,bca2ef1e,1,48839078

11869,-461,-175,1058,-753,3076,15288,-3877,2099,-3482,bf7f9907,bd583e33,3b8ecbd5,bc95a720,bf7f9907,bd583e2b,3b8ecbf3,bc95a6f1,1,48847597

11870,-111,81,992,-321,2757,15397,-3859,2079,-3519,bf7f97ca,bd5c23d2,3b770934,bc87df6c,bf7f97c9,bd5c23c9,3b77096f,bc87df3d,1,48856115

11871,108,167,978,-487,1752,15774,-3859,2079,-3519,bf7f9ae1,bd5ab4ee,3b509b5f,bc7465c9,bf7f9ae0,bd5ab4e6,3b509b95,bc74656c,1,48864133

11872,100,317,1128,234,2967,16509,-3869,2113,-3510,bf7f9a00,bd5dbd4f,3b649b53,bc5406af,bf7f9a01,bd5dbd49,3b649b86,bc540655,1,48872652

11873,332,539,1469,1118,3154,14996,-3867,2189,-3468,bf7f9a5d,bd5efcae,3b93db32,bc2fdf64,bf7f9a5d,bd5efca7,3b93db4b,bc2fdf09,1,48881171

11874,869,431,1738,533,2551,15214,-3895,2197,-3567,bf7f9e3f,bd5c3de5,3bad26e1,bc00dc21,bf7f9e3e,bd5c3dde,3bad26f9,bc00dbc6,1,48889689

11875,1130,308,1537,410,2190,15833,-3895,2197,-3567,bf7fa45a,bd563192,3bbd74ac,bbaa7f05,bf7fa459,bd56318b,3bbd74c4,bbaa7e4d,1,48898208

11876,1152,236,1262,596,1523,16186,-3905,2203,-3480,bf7fab03,bd4e95b0,3bcaa05e,bb5006d7,bf7fab02,bd4e95a9,3bcaa077,bb500568,1,48906727

11877,985,176,1324,872,282,15866,-3921,2263,-3493,bf7fb0ed,bd475a35,3bd2b65d,baa5b8dc,bf7fb0ee,bd475a30,3bd2b678,baa5b601,1,48915245

11878,550,59,1377,-159,694,15547,-3921,2263,-3493,bf7fb4ed,bd425e4e,3bc82fbc,3a4fdf59,bf7fb4ec,bd425e47,3bc82fd4,3a4fe511,1,48923764

11879,275,143,1348,-599,2405,15623,-3883,2207,-3487,bf7fb45d,bd431ad1,3bb0f1a2,3b433eaf,bf7fb45d,bd431acc,3bb0f1bb,3b434019,1,48932283

11880,243,289,1260,-798,1632,15658,-3931,2245,-3531,bf7fb554,bd415ce6,3ba02a26,3ba429e3,bf7fb554,bd415ce1,3ba02a3e,3ba42a98,1,48940801

11881,145,408,1171,-114,2092,15449,-3931,2245,-3531,bf7fb430,bd41a2a7,3ba09e68,3bef6385,bf7fb430,bd41a2a3,3ba09e7f,3bef6439,1,48949320

11882,85,409,840,146,2709,15629,-3917,2229,-3594,bf7fb0c3,bd44da13,3bad2bab,3c11ba2d,bf7fb0c4,bd44da10,3bad2bc2,3c11ba86,1,48957839

11883,48,286,473,-244,2381,15672,-3895,2231,-3496,bf7fae60,bd47077d,3ba57388,3c26203c,bf7fae60,bd47077a,3ba5739f,3c262094,1,48966357

11884,-70,164,181,1567,-1440,15410,-3895,2231,-3496,bf7faf71,bd453dd7,3bb0b46c,3c2b0825,bf7faf71,bd453dd4,3bb0b483,3c2b087d,1,48974375

11885,-555,47,502,-679,2223,15654,-3921,2269,-3580,bf7fabaa,bd495e3b,3b96abf4,3c3da975,bf7fabaa,bd495e38,3b96ac0a,3c3da9cd,1,48982894

11886,-728,-112,588,-213,4459,14532,-3909,2255,-3484,bf7fa486,bd5187af,3b88eaf5,3c4c4a7e,bf7fa487,bd5187ad,3b88eb0c,3c4c4ad7,1,48991413

11887,-16,-8,527,-393,2845,15489,-3909,2255,-3484,bf7fa0e5,bd54e843,3b6bd6df,3c5f30a0,bf7fa0e5,bd54e840,3b6bd70d,3c5f30f8,1,48999931

11888,316,72,710,152,1102,15747,-3883,2283,-3546,bf7fa2d6,bd512a38,3b6920ca,3c737401,bf7fa2d4,bd512a33,3b6920f6,3c737457,1,49008450

11889,34,58,1029,309,2027,15388,-3855,2269,-3532,bf7fa0f6,bd50e096,3b7937ed,3c89dbde,bf7fa0f7,bd50e094,3b793822,3c89dc0a,1,49016968

11890,-59,123,1336,-92,2766,15249,-3911,2279,-3529,bf7f9b3c,bd54a0b1,3b6d88a5,3c9c79d1,bf7f9b3d,bd54a0af,3b6d88dc,3c9c79fd,1,49025487

11891,-6,217,1357,-4,3366,15434,-3911,2279,-3529,bf7f9506,bd58b782,3b702ff5,3cada14c,bf7f9507,bd58b780,3b70302b,3cada178,1,49034006

11892,56,282,1180,223,3215,15630,-3945,2255,-3522,bf7f8f1b,bd5c5e9d,3b81d98a,3cbcf3f1,bf7f8f1b,bd5c5e9a,3b81d9a4,3cbcf41c,1,49042524

11893,60,229,838,-201,2614,15561,-3933,2277,-3607,bf7f8a64,bd5eaa91,3b78ff43,3ccb5f10,bf7f8a64,bd5eaa8e,3b78ff72,3ccb5f3b,1,49051043

11894,87,132,388,-537,2826,15498,-3933,2277,-3607,bf7f86aa,bd612df6,3b58df0e,3cd36dcb,bf7f86ab,bd612df5,3b58df3d,3cd36df6,1,49059561

11895,213,104,45,-264,3421,15406,-3903,2261,-3488,bf7f8374,bd64205e,3b4d3899,3cd67b5b,bf7f8374,bd64205d,3b4d38c9,3cd67b85,1,49068080

11896,548,183,42,24,2252,15692,-3885,2253,-3498,bf7f841c,bd61a963,3b576af8,3cdd814b,bf7f841c,bd61a962,3b576b2a,3cdd8175,1,49076599

11897,642,193,110,-76,1776,15556,-3885,2253,-3498,bf7f871a,bd5cca7b,3b566248,3ce3456f,bf7f871a,bd5cca7a,3b566275,3ce34599,1,49084616

11898,515,205,251,-1,1867,15583,-3873,2271,-3496,bf7f88a6,bd58e48c,3b5cf60c,3ceb19f4,bf7f88a6,bd58e48b,3b5cf638,3ceb1a1e,1,49093135

11899,402,219,469,61,2019,15542,-3935,2311,-3496,bf7f8837,bd564e05,3b6ae6e3,3cf6035d,bf7f8837,bd564e04,3b6ae70f,3cf60387,1,49101654

11900,355,195,569,32,2044,15596,-3935,2311,-3496,bf7f86ef,bd543268,3b73bc2b,3d011b53,bf7f86ef,bd543267,3b73bc53,3d011b68,1,49110172

11901,338,142,406,-68,1729,15665,-3867,2267,-3503,bf7f873b,bd510c62,3b6cf915,3d05a25b,bf7f8739,bd510c5f,3b6cf938,3d05a26f,1,49118691

11902,259,108,231,17,1783,15633,-3857,2339,-3549,bf7f876c,bd4e6868,3b6e5b67,3d09504b,bf7f876a,bd4e6865,3b6e5b87,3d09505f,1,49127209

11903,154,99,159,-105,2278,15629,-3875,2297,-3488,bf7f8460,bd4f8134,3b63e930,3d0d53fc,bf7f8460,bd4f8134,3b63e956,3d0d5411,1,49135728

11904,151,106,54,-83,1763,15644,-3875,2297,-3488,bf7f8460,bd4d8ff2,3b5c91a7,3d103256,bf7f8460,bd4d8ff2,3b5c91cb,3d10326b,1,49144247

11905,80,96,-30,321,2206,15349,-3935,2309,-3563,bf7f8206,bd4eacc6,3b7c0476,3d128aa2,bf7f8205,bd4eacc5,3b7c049a,3d128ab7,1,49152765

11906,7,93,-114,-186,2807,15317,-3897,2275,-3512,bf7f7e57,bd52940a,3b70cd1e,3d137a84,bf7f7e57,bd529409,3b70cd42,3d137a9a,1,49161284

11907,134,108,-180,-330,2363,15606,-3897,2275,-3512,bf7f7c12,bd545c5f,3b544710,3d1505dd,bf7f7c12,bd545c5f,3b544734,3d1505f3,1,49169802

11908,249,141,-128,-450,1627,15803,-3957,2297,-3452,bf7f7d72,bd51e080,3b3907c0,3d164fa6,bf7f7d72,bd51e080,3b3907e3,3d164fbc,1,49178321

11909,266,178,-57,-544,1924,15638,-3889,2281,-3410,bf7f7d64,bd50aae5,3b1544d1,3d183d3f,bf7f7d64,bd50aae6,3b1544f1,3d183d55,1,49186339

11910,239,292,57,-117,2251,15585,-3889,2281,-3410,bf7f7a86,bd519e7e,3b1d9ba4,3d1baa8d,bf7f7a86,bd519e7f,3b1d9bbf,3d1baaa3,1,49194858

11911,324,351,36,-668,3145,15403,-3917,2277,-3459,bf7f77fc,bd53bd15,3b17a5df,3d1cfba2,bf7f77fc,bd53bd16,3b17a5fb,3d1cfbb8,1,49203376

11912,550,455,-15,-766,2207,15680,-3881,2279,-3515,bf7f782b,bd5230aa,3b03cc4d,3d1ed339,bf7f782c,bd5230ac,3b03cc68,3d1ed350,1,49211895

11913,629,668,-132,-176,1703,15740,-3881,2279,-3515,bf7f7ada,bd4d6840,3b25fc54,3d20a1eb,bf7f7adb,bd4d6842,3b25fc70,3d20a202,1,49220413

11914,521,808,-158,1162,1484,15722,-3863,2273,-3526,bf7f7d2e,bd49fca8,3b868bb2,3d20ba04,bf7f7d2d,bd49fca9,3b868bbd,3d20ba18,1,49228932

11915,353,567,-110,1217,1889,15576,-3855,2295,-3516,bf7f7db3,bd487551,3bb26e86,3d2125c7,bf7f7db4,bd487553,3bb26e93,3d2125dd,1,49237451

11916,238,182,2,24,2260,15473,-3897,2287,-3519,bf7f7aa5,bd4a087b,3bb4b588,3d23f3d9,bf7f7aa5,bd4a087c,3bb4b595,3d23f3ef,1,49245969

11917,267,99,29,-99,1945,15521,-3897,2287,-3519,bf7f7951,bd492277,3baad281,3d2742f3,bf7f7952,bd492279,3baad290,3d27430a,1,49254488

11918,236,127,-4,93,2012,15660,-3879,2263,-3518,bf7f770e,bd493a3a,3baf64eb,3d2a7f3d,bf7f770f,bd493a3c,3baf64fb,3d2a7f54,1,49263006

11919,196,120,-7,65,1819,15620,-3837,2295,-3491,bf7f7664,bd4791af,3bb13432,3d2d632a,bf7f7663,bd4791ae,3bb13442,3d2d633f,1,49271525

11920,136,106,-10,-41,2154,15599,-3837,2295,-3491,bf7f7344,bd48ee65,3bacdeb2,3d307542,bf7f7344,bd48ee65,3bacdec3,3d307558,1,49279550

11921,140,115,-24,-39,2547,15468,-3901,2313,-3532,bf7f6fa5,bd4bce12,3bab3317,3d326ab0,bf7f6fa5,bd4bce12,3bab3326,3d326ac6,1,49288068

11922,224,122,-51,-7,2215,15590,-3893,2267,-3542,bf7f6c8e,bd4d8564,3ba96b74,3d34e249,bf7f6c8f,bd4d8566,3ba96b82,3d34e260,1,49296587

11923,277,130,-34,33,2140,15535,-3893,2267,-3542,bf7f69c5,bd4e7200,3baa9a20,3d37ba07,bf7f69c5,bd4e7201,3baa9a2f,3d37ba1c,1,49305106

11924,306,122,3,139,1935,15580,-3919,2277,-3524,bf7f686c,bd4d3486,3bb266f6,3d3ad893,bf7f686b,bd4d3486,3bb26708,3d3ad8a7,1,49313624

11925,278,96,-62,82,1838,15598,-3907,2269,-3516,bf7f67c1,bd4b7cd3,3bb44b15,3d3d9773,bf7f67c1,bd4b7cd4,3bb44b25,3d3d9787,1,49322143

11926,220,92,-127,34,1904,15598,-3907,2269,-3516,bf7f664a,bd4ae05c,3bb2c1f7,3d403a4b,bf7f6649,bd4ae05c,3bb2c204,3d403a5e,1,49330662

11927,191,63,-147,77,1974,15600,-3861,2281,-3522,bf7f6473,bd4ac8a6,3bb45de0,3d42ba13,bf7f6474,bd4ac8a8,3bb45df0,3d42ba27,1,49339180

11928,190,36,-135,20,1835,15535,-3869,2307,-3537,bf7f63de,bd4957c9,3bb0aa6f,3d4505da,bf7f63df,bd4957cb,3bb0aa80,3d4505ee,1,49347699

11929,183,4,-122,261,2459,15495,-3839,2235,-3510,bf7f6113,bd4c4fe8,3bb533f3,3d4584ee,bf7f6114,bd4c4fea,3bb53404,3d458502,1,49356218

11930,166,-41,-89,-202,1676,15650,-3839,2235,-3510,bf7f6140,bd4acaee,3b9dd8de,3d472a3a,bf7f6140,bd4acaf0,3b9dd8ee,3d472a4d,1,49364736

11931,122,-40,-54,-120,1783,15636,-3899,2275,-3565,bf7f603d,bd49c5e9,3b8d833e,3d49aced,bf7f603c,bd49c5ea,3b8d834b,3d49acff,1,49373255

11932,80,13,-28,-27,1862,15605,-3865,2227,-3490,bf7f5d09,bd4acf0c,3b84a67c,3d4cc38c,bf7f5d0a,bd4acf0f,3b84a68d,3d4cc39f,1,49381773

11933,49,19,11,18,2097,15592,-3865,2227,-3490,bf7f58a7,bd4e124e,3b8251f9,3d4efb8b,bf7f58a7,bd4e1250,3b82520b,3d4efb9d,1,49389791

11934,63,7,24,-360,2083,15639,-3899,2255,-3504,bf7f557c,bd50097b,3b545310,3d512065,bf7f557c,bd50097d,3b545336,3d512077,1,49398310

11935,102,45,-10,1,2583,15511,-3881,2323,-3476,bf7f515a,bd532405,3b557a2b,3d530c5b,bf7f515a,bd532407,3b557a53,3d530c6c,1,49406829

11936,217,115,-36,27,2251,15596,-3881,2323,-3476,bf7f4e2c,bd5419d9,3b6185f9,3d55dde2,bf7f4e2c,bd5419db,3b618621,3d55ddf3,1,49415347

11937,282,113,-68,74,2100,15584,-3861,2269,-3517,bf7f4b9b,bd547b3d,3b739c9f,3d58755c,bf7f4b9b,bd547b3f,3b739cc5,3d58756d,1,49423866

11938,290,60,-100,106,1897,15583,-3885,2303,-3533,bf7f4b38,bd529217,3b806f28,3d5ab5e4,bf7f4b38,bd529219,3b806f3e,3d5ab5f5,1,49432384

11939,271,16,-93,31,2106,15546,-3885,2303,-3533,bf7f48c6,bd52bd86,3b818f91,3d5d5fd1,bf7f48c7,bd52bd88,3b818fab,3d5d5fe3,1,49440903

11940,300,-11,-72,-316,1989,15694,-3903,2251,-3497,bf7f474f,bd52cac8,3b4f647e,3d5f3798,bf7f474f,bd52cac9,3b4f64b1,3d5f37a9,1,49449422

11941,327,5,-70,-449,1751,15613,-3885,2279,-3436,bf7f47a6,bd50e019,3b1c3846,3d60caad,bf7f47a7,bd50e01b,3b1c3878,3d60cabf,1,49457940

11942,319,81,-73,-145,2339,15525,-3913,2253,-3516,bf7f44bd,bd532298,3b11d04d,3d6200d9,bf7f44be,bd53229a,3b11d07b,3d6200ea,1,49466459

11943,356,174,-64,9,2007,15638,-3913,2253,-3516,bf7f4248,bd532c93,3b25f6c8,3d64acf5,bf7f4248,bd532c95,3b25f6ed,3d64ad05,1,49474978

11944,362,177,-43,1,1789,15615,-3885,2275,-3486,bf7f4224,bd507d69,3b33ae48,3d673f06,bf7f4224,bd507d6b,3b33ae6c,3d673f16,1,49483496

11945,314,149,-53,-15,1858,15573,-3831,2251,-3464,bf7f4064,bd4f46ec,3b3dde49,3d6a35d2,bf7f4064,bd4f46ee,3b3dde68,3d6a35e2,1,49491514

11946,259,138,-58,1,1949,15589,-3831,2251,-3464,bf7f3d63,bd4fbbef,3b4abb28,3d6d04fa,bf7f3d63,bd4fbbf1,3b4abb44,3d6d050a,1,49500033

11947,239,127,-57,8,1994,15571,-3827,2209,-3566,bf7f39d5,bd51d96a,3b555380,3d6ef058,bf7f39d5,bd51d96c,3b555399,3d6ef068,1,49508551

11948,241,112,-46,115,2084,15589,-3881,2233,-3500,bf7f369b,bd53cecd,3b6d7d62,3d7090a6,bf7f369b,bd53cecf,3b6d7d7c,3d7090b6,1,49517070

11949,221,62,5,169,1898,15616,-3881,2233,-3500,bf7f343d,bd53de1b,3b86dc5d,3d72e162,bf7f343d,bd53de1d,3b86dc6a,3d72e173,1,49525589

11950,210,-19,1,116,1939,15649,-3839,2185,-3532,bf7f30c0,bd55f791,3b8edd06,3d74a048,bf7f30c1,bd55f793,3b8edd13,3d74a05a,1,49534107

11951,190,-81,17,128,2060,15572,-3899,2241,-3461,bf7f2cec,bd57ecfc,3b92c3b4,3d76d9f1,bf7f2ced,bd57ecfe,3b92c3c2,3d76da03,1,49542626

11952,174,-146,33,-92,1953,15527,-3899,2241,-3461,bf7f292a,bd590c73,3b7b22ec,3d79eb45,bf7f292b,bd590c75,3b7b2303,3d79eb57,1,49551145

11953,186,-165,61,-230,2022,15538,-3851,2307,-3426,bf7f2626,bd590a78,3b49f2fa,3d7d28fd,bf7f2626,bd590a79,3b49f310,3d7d290e,1,49559663

11954,186,-106,51,-273,2071,15622,-3869,2271,-3422,bf7f2288,bd5a3e9b,3b17114f,3d7fe4ee,bf7f2289,bd5a3e9c,3b171166,3d7fe500,1,49568182

11955,196,-41,23,-133,2082,15588,-3867,2259,-3508,bf7f1e3f,bd5bc296,3b0171bd,3d817299,bf7f1e40,bd5bc298,3b0171d2,3d8172a2,1,49576700

11956,221,-18,-1,-211,1954,15589,-3867,2259,-3508,bf7f1b71,bd5b8538,3abd14f7,3d82f35b,bf7f1b71,bd5b8539,3abd1515,3d82f363,1,49584718

11957,223,0,12,-142,2007,15570,-3831,2301,-3473,bf7f1896,bd5adfd2,3aa5ebf4,3d849bf1,bf7f1897,bd5adfd3,3aa5ec09,3d849bfa,1,49593237

11958,214,27,38,-97,1970,15600,-3875,2341,-3461,bf7f1649,bd5997b6,3aa3cfd8,3d863c3a,bf7f164a,bd5997b7,3aa3cfe9,3d863c43,1,49601756

11959,192,18,52,-72,2035,15635,-3875,2341,-3461,bf7f131f,bd590c9f,3aa9b412,3d87f19e,bf7f131f,bd590c9f,3aa9b41d,3d87f1a7,1,49610274

11960,199,-9,35,-184,2273,15634,-3921,2271,-3478,bf7f0eb3,bd5be16a,3a8738fe,3d88e35a,bf7f0eb3,bd5be16a,3a873917,3d88e363,1,49618793

11961,269,-19,-34,-115,1930,15675,-3885,2307,-3450,bf7f0cdd,bd5a6206,3a7145f2,3d8a56c5,bf7f0cdd,bd5a6207,3a714627,3d8a56ce,1,49627312

11962,279,-10,-58,-134,1984,15636,-3885,2307,-3450,bf7f0a43,bd59a93e,3a507262,3d8bd0d1,bf7f0a43,bd59a93f,3a50728d,3d8bd0da,1,49635830

11963,291,-5,-46,20,2140,15627,-3875,2297,-3496,bf7f0726,bd5a8223,3a8a0af2,3d8ce4f6,bf7f0726,bd5a8225,3a8a0afe,3d8ce4ff,1,49644349

11964,332,-56,-4,-57,1656,15708,-3889,2325,-3426,bf7f07c8,bd573081,3a731643,3d8de297,bf7f07c9,bd573084,3a731660,3d8de2a0,1,49652868

11965,298,-107,32,478,1656,15884,-3889,2325,-3426,bf7f084a,bd54ecd1,3aa47ab6,3d8e800f,bf7f084b,bd54ecd4,3aa47ac9,3d8e8018,1,49661386

11966,194,-257,0,1025,796,15931,-3863,2291,-3403,bf7f0a13,bd527d00,3aaa5c02,3d8e9af1,bf7f0a12,bd527d02,3aaa5c12,3d8e9af9,1,49669905

11967,-62,-673,-99,69,2398,15496,-3885,2247,-3559,bf7f0639,bd573032,3a176223,3d8e9772,bf7f063a,bd573035,3a17623b,3d8e977b,1,49678424

11968,-51,-1139,-248,-179,1592,15683,-3869,2259,-3457,bf7f06dd,bd561e40,ba96f650,3d8eb1d5,bf7f06de,bd561e43,ba96f650,3d8eb1de,1,49686942

11969,-11,-1419,-257,-578,1547,15423,-3869,2259,-3457,bf7f070b,bd560b0d,bb7678d3,3d8e73d2,bf7f070b,bd560b0f,bb7678d2,3d8e73da,1,49694960

11970,-79,-1466,-305,-1661,2564,15108,-3851,2205,-3483,bf7f04c4,bd5a03e3,bbd34e15,3d8d8f1f,bf7f04c3,bd5a03e5,bbd34e14,3d8d8f27,1,49703479

11971,-34,-1008,-15,-1615,3199,15240,-3923,2247,-3431,bf7f0041,bd5e4323,bc09c83d,3d8d8289,bf7f0041,bd5e4326,bc09c83d,3d8d8291,1,49712003

11972,243,-270,150,-698,1174,15623,-3923,2247,-3431,bf7f00d9,bd5b1d2d,bc184f43,3d8e3c99,bf7f00d9,bd5b1d30,bc184f42,3d8e3ca1,1,49720522

11973,118,43,17,-461,2401,15588,-3949,2223,-3472,bf7efcdd,bd5edcb2,bc19dbbd,3d8e899e,bf7efcde,bd5edcb6,bc19dbbc,3d8e89a6,1,49729041

11974,119,68,1,-54,2245,15545,-3923,2217,-3425,bf7efa46,bd619e07,bc119551,3d8ebf4e,bf7efa46,bd619e0a,bc11954f,3d8ebf56,1,49737559

11975,191,-30,13,-220,1982,15637,-3923,2217,-3425,bf7ef7b3,bd632d3e,bc0a26da,3d8f6496,bf7ef7b3,bd632d41,bc0a26d8,3d8f649e,1,49746078

11976,190,-175,3,-475,1887,15657,-3911,2263,-3369,bf7ef4aa,bd62567e,bc135b94,3d90ec41,bf7ef4aa,bd625681,bc135b94,3d90ec49,1,49754597

11977,153,-254,-33,-762,1927,15690,-3913,2259,-3543,bf7ef1e9,bd627b35,bc268a1e,3d91c053,bf7ef1e9,bd627b38,bc268a1e,3d91c05b,1,49763115

11978,130,-237,-97,-1062,1815,15576,-3913,2259,-3543,bf7ef06e,bd6267ce,bc3acf4c,3d920b6c,bf7ef06e,bd6267d1,bc3acf4c,3d920b74,1,49771634

11979,79,-101,-151,-951,2083,15511,-3951,2215,-3479,bf7eed8b,bd64efed,bc4a7d85,3d91fd19,bf7eed8c,bd64eff1,bc4a7d85,3d91fd22,1,49780152

11980,83,52,-106,-553,2255,15543,-3933,2225,-3498,bf7ee987,bd68b763,bc4b5b98,3d923acc,bf7ee987,bd68b766,bc4b5b96,3d923ad4,1,49788671

11981,125,106,18,-575,2159,15623,-3917,2253,-3434,bf7ee440,bd6b6160,bc4bb514,3d9373de,bf7ee440,bd6b6163,bc4bb513,3d9373e6,1,49797190

11982,140,109,91,-546,1903,15622,-3917,2253,-3434,bf7ee16f,bd6a1cd1,bc4b4021,3d952c91,bf7ee16f,bd6a1cd4,bc4b401e,3d952c99,1,49805208

11983,101,93,133,-572,1913,15622,-3905,2261,-3429,bf7eddbd,bd693ed9,bc4c8405,3d970d5c,bf7eddbe,bd693edd,bc4c8404,3d970d64,1,49813726

11984,60,67,213,-686,2287,15631,-3949,2221,-3488,bf7ed79b,bd6d14a9,bc515a76,3d9809ea,bf7ed79b,bd6d14ac,bc515a76,3d9809f1,1,49822245

11985,98,34,236,-748,2181,15624,-3949,2221,-3488,bf7ed142,bd703b87,bc5a447e,3d9942e7,bf7ed142,bd703b8a,bc5a447e,3d9942ee,1,49830770

11986,151,20,178,-565,2148,15577,-3951,2231,-3505,bf7ecb14,bd730287,bc5a6ef4,3d9ab9c1,bf7ecb14,bd73028a,bc5a6ef4,3d9ab9c8,1,49839289

11987,189,71,179,-669,2086,15574,-3909,2273,-3539,bf7ec5ff,bd72c463,bc5e9a53,3d9cce3a,bf7ec600,bd72c467,bc5e9a54,3d9cce41,1,49847807

11988,194,85,188,-556,2059,15604,-3909,2273,-3539,bf7ec1cc,bd721439,bc5ba536,3d9ed453,bf7ec1cc,bd72143c,bc5ba535,3d9ed459,1,49856326

11989,184,103,180,-477,1860,15590,-3965,2271,-3477,bf7ec04a,bd6fe6c2,bc56cd58,3da05af1,bf7ec04b,bd6fe6c6,bc56cd56,3da05af8,1,49864845

11990,144,103,185,-680,2137,15599,-3917,2219,-3482,bf7eba25,bd72fcdd,bc5bfe50,3da18559,bf7eba25,bd72fce0,bc5bfe4d,3da1855f,1,49873363

11991,129,102,236,-693,2242,15570,-3917,2219,-3482,bf7eb3c0,bd7662a2,bc6009ac,3da2a9ba,bf7eb3c1,bd7662a6,bc6009aa,3da2a9c0,1,49881882

11992,151,71,256,-617,2097,15545,-3909,2225,-3445,bf7eac83,bd78e909,bc619f11,3da47ddd,bf7eac82,bd78e90b,bc619f0d,3da47de2,1,49890401

11993,152,64,254,-639,1912,15608,-3897,2215,-3462,bf7ea8ec,bd771b60,bc66799b,3da671a8,bf7ea8ed,bd771b64,bc667996,3da671ae,1,49898919

11994,130,73,227,-550,2158,15584,-3945,2231,-3475,bf7ea2b6,bd79ffeb,bc626c32,3da7d2c0,bf7ea2b5,bd79ffed,bc626c2d,3da7d2c4,1,49906937

11995,140,72,181,-571,2055,15619,-3945,2231,-3475,bf7e9cc5,bd7b37bc,bc5e3ed9,3da9b279,bf7e9cc5,bd7b37c0,bc5e3ed2,3da9b27e,1,49915456

11996,173,79,109,-589,2089,15563,-3905,2275,-3464,bf7e984c,bd7acf2b,bc5c34f2,3dab8e73,bf7e984c,bd7acf2f,bc5c34ec,3dab8e78,1,49923974

11997,181,107,102,-594,2018,15610,-3949,2261,-3348,bf7e93ac,bd7a6dd8,bc5aa321,3dad6e7c,bf7e93ac,bd7a6ddc,bc5aa31e,3dad6e81,1,49932493

11998,174,122,140,-703,2137,15630,-3949,2261,-3348,bf7e8d3a,bd7c8aad,bc60686e,3daee915,bf7e8d39,bd7c8aaf,bc60686b,3daee91a,1,49941011

11999,158,107,217,-716,2220,15558,-3941,2261,-3387,bf7e8620,bd7f3f78,bc652905,3db068ca,bf7e8620,bd7f3f7b,bc652901,3db068cf,1,49949530

12000,183,98,297,-817,2307,15578,-3967,2275,-3479,bf7e7eb0,bd80c992,bc6c98c7,3db21611,bf7e7eb0,bd80c993,bc6c98c2,3db21616,1,49958049

12001,236,96,326,-564,1909,15553,-3967,2275,-3479,bf7e7ca3,bd7ebc8d,bc69b997,3db3e344,bf7e7ca3,bd7ebc8f,bc69b993,3db3e349,1,49966567

12002,244,139,287,-594,1909,15591,-3933,2225,-3506,bf7e7aab,bd7be41c,bc664270,3db5a5a4,bf7e7aab,bd7be41d,bc664270,3db5a5a9,1,49975086

12003,197,162,195,-547,1989,15585,-3903,2239,-3463,bf7e76fc,bd7b42ee,bc5cb402,3db754e9,bf7e76fd,bd7b42f0,bc5cb402,3db754ed,1,49983605

12004,191,177,129,-520,2056,15606,-3903,2239,-3463,bf7e72a3,bd7c6ed0,bc523507,3db8a043,bf7e72a4,bd7c6ed2,bc523506,3db8a047,1,49992123

12005,198,159,79,-505,1985,15604,-3957,2269,-3474,bf7e705e,bd7b168e,bc49bd7f,3dba0286,bf7e705e,bd7b168f,bc49bd7f,3dba028a,1,50000642

12006,187,153,7,-625,2133,15595,-3921,2263,-3414,bf7e6aac,bd7d8bc6,bc4b1307,3dbb1979,bf7e6aac,bd7d8bc7,bc4b1307,3dbb197c,1,50008660

12007,199,147,-13,-608,2049,15609,-3907,2233,-3481,bf7e64fe,bd7f6ee9,bc4ccff4,3dbc5a67,bf7e64fe,bd7f6eea,bc4ccff5,3dbc5a6a,1,50017178

12008,208,144,-9,-667,2014,15590,-3907,2233,-3481,bf7e60a3,bd7fcfa1,bc55993b,3dbd8a3e,bf7e60a3,bd7fcfa2,bc55993e,3dbd8a41,1,50025697

12009,186,139,7,-693,2033,15604,-3901,2267,-3361,bf7e5c24,bd7fa633,bc5c6516,3dbef995,bf7e5c24,bd7fa634,bc5c6518,3dbef998,1,50034216

12010,175,150,44,-646,2015,15619,-3873,2243,-3459,bf7e5736,bd7f4636,bc5e09e5,3dc0b494,bf7e5735,bd7f4636,bc5e09e6,3dc0b496,1,50042734

12011,158,152,84,-648,2004,15608,-3873,2243,-3459,bf7e51cf,bd7effec,bc5fb8f0,3dc28a12,bf7e51cf,bd7effed,bc5fb8f4,3dc28a15,1,50051253

12012,158,155,144,-550,2042,15570,-3875,2285,-3462,bf7e4dfb,bd7e2410,bc57e439,3dc433a6,bf7e4dfc,bd7e2412,bc57e43c,3dc433aa,1,50059772

12013,159,145,106,-598,2026,15582,-3881,2285,-3372,bf7e490a,bd7d9ea8,bc540db4,3dc6070a,bf7e490a,bd7d9ea9,bc540daf,3dc6070d,1,50068291

12014,152,140,29,-651,2221,15595,-3881,2285,-3372,bf7e430d,bd804951,bc5412ae,3dc6ff64,bf7e430d,bd804951,bc5412a7,3dc6ff67,1,50076809

12015,178,140,0,-646,2074,15621,-3911,2259,-3459,bf7e3ce8,bd8128ef,bc5633a6,3dc85aa6,bf7e3ce8,bd8128ef,bc5633a0,3dc85aa9,1,50085328

12016,192,135,-21,-688,2141,15581,-3931,2279,-3394,bf7e372b,bd8242ea,bc5a31cd,3dc9648d,bf7e372c,bd8242eb,bc5a31c5,3dc96490,1,50093846

12017,199,141,-25,-662,1987,15624,-3931,2279,-3394,bf7e3520,bd813ebf,bc5c9475,3dcaa595,bf7e3520,bd813ebe,bc5c946c,3dcaa597,1,50101864

12018,178,146,11,-680,2167,15584,-3913,2293,-3464,bf7e2ecf,bd821272,bc5d4707,3dcc14df,bf7e2ecf,bd821271,bc5d46fe,3dcc14e0,1,50110383

12019,191,153,32,-655,2067,15586,-3931,2215,-3411,bf7e2bce,bd83baeb,bc5f40ef,3dcbeba9,bf7e2bce,bd83baea,bc5f40e6,3dcbebaa,1,50118902

12020,209,151,24,-593,2040,15580,-3925,2245,-3435,bf7e2830,bd83f13e,bc554ef9,3dcd12dd,bf7e2830,bd83f13e,bc554ef4,3dcd12de,1,50127420

12021,197,152,26,-613,2044,15606,-3925,2245,-3435,bf7e226d,bd84683f,bc518e7f,3dce9cac,bf7e226d,bd84683f,bc518e82,3dce9cad,1,50135939

12022,196,148,44,-608,2003,15602,-3973,2277,-3463,bf7e2091,bd83408f,bc4f843d,3dcff34a,bf7e2091,bd83408f,bc4f8440,3dcff34b,1,50144458

12023,183,148,62,-546,2040,15593,-3959,2261,-3418,bf7e1d2a,bd83a191,bc440c10,3dd0eb95,bf7e1d2a,bd83a191,bc440c13,3dd0eb96,1,50152976

12024,166,140,26,-597,2005,15578,-3959,2261,-3418,bf7e1872,bd8346ab,bc4578bf,3dd28da1,bf7e1873,bd8346ab,bc4578c5,3dd28da3,1,50161495

12025,160,138,-22,-648,2046,15601,-3889,2253,-3457,bf7e1311,bd83bf05,bc4d0549,3dd3c3fa,bf7e1311,bd83bf05,bc4d054d,3dd3c3fc,1,50170013

12026,157,129,-15,-680,2068,15596,-3937,2271,-3419,bf7e0d8d,bd847071,bc5544c5,3dd4db31,bf7e0d8d,bd847071,bc5544c8,3dd4db33,1,50178532

12027,158,127,3,-703,2214,15578,-3937,2271,-3419,bf7e0845,bd860c8f,bc58d75a,3dd55e20,bf7e0844,bd860c8e,bc58d75b,3dd55e21,1,50187051

12028,170,142,11,-651,2218,15581,-3947,2267,-3424,bf7e0311,bd87ac2a,bc57da51,3dd5e822,bf7e0311,bd87ac29,bc57da52,3dd5e823,1,50195569

12029,201,146,6,-669,2198,15575,-3943,2283,-3405,bf7dfcb4,bd88ba62,bc5833f9,3dd71cef,bf7dfcb5,bd88ba61,bc5833fa,3dd71cf1,1,50204088

12030,225,146,-13,-677,2119,15562,-3943,2283,-3405,bf7df821,bd885b72,bc5ad52b,3dd8a71c,bf7df821,bd885b71,bc5ad529,3dd8a71d,1,50212106

12031,243,151,-7,-670,2137,15609,-3939,2259,-3455,bf7df20e,bd893eb8,bc5c8873,3dd9d731,bf7df20e,bd893eb8,bc5c8879,3dd9d731,1,50220624

12032,258,142,-10,-677,2130,15590,-3895,2303,-3365,bf7def08,bd8853a5,bc5c3c46,3ddb4c4a,bf7def08,bd8853a5,bc5c3c49,3ddb4c4a,1,50229143

12033,277,152,-23,-643,2067,15620,-3989,2235,-3551,bf7debcb,bd89a968,bc58c322,3ddb7476,bf7debcb,bd89a967,bc58c322,3ddb7476,1,50237662

12034,293,154,-41,-622,2130,15604,-3989,2235,-3551,bf7de962,bd8ae8e6,bc52f53f,3ddb74a5,bf7de962,bd8ae8e5,bc52f53e,3ddb74a5,1,50246180

12035,319,162,-89,-565,1987,15628,-3933,2287,-3468,bf7dec24,bd89153e,bc4e6a08,3ddbdf49,bf7dec24,bd89153d,bc4e6a07,3ddbdf49,1,50254699

12036,319,175,-126,-546,1787,15615,-3945,2277,-3474,bf7df099,bd8715dc,bc4b895e,3ddbdd9e,bf7df099,bd8715db,bc4b895d,3ddbdd9e,1,50263218

12037,257,151,-115,-584,1890,15605,-3945,2277,-3474,bf7df3ce,bd8549de,bc49a2bd,3ddc100a,bf7df3ce,bd8549dd,bc49a2bc,3ddc100a,1,50271736

12038,208,141,-72,-636,1915,15588,-3951,2287,-3454,bf7df52c,bd83b6b4,bc4b9371,3ddc968f,bf7df52c,bd83b6b3,bc4b936e,3ddc968f,1,50280255

12039,175,138,-16,-608,1997,15586,-3937,2273,-3427,bf7df133,bd833e91,bc48c2dd,3dde0be8,bf7df133,bd833e91,bc48c2d2,3dde0be8,1,50288774

12040,159,126,1,-583,2000,15615,-3937,2273,-3427,bf7ded79,bd834a4d,bc3fc2b6,3ddf3492,bf7ded7a,bd834a4d,bc3fc2ae,3ddf3492,1,50297292

12041,146,130,-11,-596,1935,15639,-4011,2267,-3464,bf7df099,bd81ded5,bc45feec,3ddf102b,bf7df09a,bd81ded6,bc45fef0,3ddf102b,1,50305811

12042,135,131,-27,-594,2058,15611,-3961,2247,-3451,bf7dee6f,bd83af76,bc452f71,3dde9fc4,bf7dee70,bd83af77,bc452f70,3dde9fc4,1,50314329

12043,118,130,-50,-595,2030,15614,-3961,2247,-3451,bf7dec96,bd8587a5,bc446574,3dde1038,bf7dec96,bd8587a5,bc44656e,3dde1038,1,50322347

12044,119,122,-52,-680,2103,15595,-3949,2255,-3458,bf7de8d4,bd871d67,bc4c0203,3dde1298,bf7de8d4,bd871d67,bc4c01ff,3dde1298,1,50330866

12045,119,127,-47,-697,2122,15584,-3915,2287,-3512,bf7de396,bd873dc2,bc521119,3ddf668f,bf7de395,bd873dc2,bc521115,3ddf668e,1,50339384

12046,141,138,-2,-728,2149,15572,-3939,2203,-3393,bf7de1df,bd88df41,bc56f9aa,3dded20b,bf7de1df,bd88df42,bc56f9a5,3dded20b,1,50347903

12047,160,139,31,-717,2146,15579,-3939,2203,-3393,bf7de018,bd8a72f0,bc5bb011,3dde47d0,bf7de019,bd8a72f1,bc5bb00f,3dde47d1,1,50356422

12048,174,140,37,-656,2137,15571,-3923,2239,-3455,bf7ddb3d,bd8c2070,bc5aec9b,3ddea0bd,bf7ddb3d,bd8c2071,bc5aec98,3ddea0bd,1,50364940

12049,197,145,25,-631,2155,15602,-3907,2279,-3496,bf7dd8b8,bd8b40c7,bc557a57,3ddff8ab,bf7dd8b9,bd8b40c8,bc557a54,3ddff8ac,1,50373459

12050,218,151,25,-625,2170,15608,-3907,2279,-3496,bf7dd4f3,bd8abdbf,bc4f487a,3de171be,bf7dd4f2,bd8abdbf,bc4f4879,3de171bd,1,50381978

12051,245,154,24,-595,2061,15599,-3925,2253,-3390,bf7dd6ca,bd899596,bc444d33,3de1c9a6,bf7dd6ca,bd899597,bc444d32,3de1c9a6,1,50390496

12052,250,164,31,-652,2074,15612,-3867,2245,-3483,bf7dd407,bd88bb3b,bc4c7971,3de2f74f,bf7dd408,bd88bb3d,bc4c7972,3de2f74f,1,50399015

12053,255,171,49,-621,2035,15597,-3867,2245,-3483,bf7dd3ba,bd8726ee,bc4a293c,3de406c2,bf7dd3b9,bd8726ee,bc4a2946,3de406c0,1,50407033

12054,258,169,53,-573,1865,15578,-3895,2239,-3410,bf7dd844,bd854cb4,bc478c94,3de3e38a,bf7dd845,bd854cb5,bc478ca2,3de3e38b,1,50416052

12055,237,160,47,-596,1965,15583,-3895,2253,-3489,bf7dd980,bd839e06,bc43c246,3de492f0,bf7dd980,bd839e07,bc43c249,3de492f1,1,50424070

12056,213,148,12,-628,2039,15600,-3895,2253,-3489,bf7dd574,bd852781,bc4746b6,3de4c28a,bf7dd573,bd852781,bc4746bc,3de4c28a,1,50432589

12057,216,134,-9,-670,2035,15622,-3927,2289,-3451,bf7dd150,bd84c897,bc4f64c0,3de60200,bf7dd150,bd84c897,bc4f64cb,3de60201,1,50441107

12058,209,134,-21,-619,2020,15580,-3937,2269,-3482,bf7dcc61,bd85d661,bc49e114,3de6d513,bf7dcc61,bd85d661,bc49e116,3de6d513,1,50449626

12059,200,141,-16,-578,1883,15589,-3917,2267,-3519,bf7dcf0f,bd84297c,bc472251,3de71989,bf7dcf0f,bd84297d,bc47224f,3de71989,1,50458144

12060,180,134,2,-651,1979,15596,-3917,2267,-3519,bf7dcc5d,bd839a1c,bc51685c,3de8040c,bf7dcc5c,bd839a1b,bc51685a,3de8040c,1,50466663

12061,156,138,35,-651,2059,15582,-3931,2243,-3376,bf7dcab4,bd8548bb,bc532412,3de77be3,bf7dcab5,bd8548bb,bc532412,3de77be5,1,50475182

12062,158,140,80,-671,2193,15605,-3865,2269,-3356,bf7dc5ec,bd870b49,bc53df0a,3de7c3cb,bf7dc5ec,bd870b49,bc53df0a,3de7c3cc,1,50483700

12063,182,140,128,-641,2124,15598,-3865,2269,-3356,bf7dc030,bd88a9af,bc51cbfa,3de869a1,bf7dc030,bd88a9af,bc51cbf9,3de869a2,1,50492219

12064,213,151,153,-621,2110,15593,-3903,2231,-3410,bf7dbdef,bd8a2d47,bc5023dc,3de827d6,bf7dbdef,bd8a2d47,bc5023de,3de827d7,1,50500738

12065,226,154,137,-627,2143,15599,-3877,2289,-3521,bf7db95b,bd89713b,bc4afa43,3de9e84b,bf7db95b,bd89713b,bc4afa45,3de9e84c,1,50509256

12066,255,165,99,-641,2072,15576,-3877,2289,-3521,bf7db6f5,bd8815a3,bc49b0a9,3deb5d5f,bf7db6f6,bd8815a3,bc49b0ac,3deb5d61,1,50517274

12067,265,165,47,-709,2066,15611,-3895,2209,-3485,bf7db663,bd892c6d,bc50be66,3deaca25,bf7db664,bd892c6c,bc50be6b,3deaca27,1,50525793

12068,277,169,25,-700,2092,15573,-3915,2283,-3494,bf7db1f8,bd88b5f7,bc584eee,3dec2485,bf7db1f8,bd88b5f5,bc584ef1,3dec2487,1,50534311

12069,277,188,23,-669,2010,15598,-3915,2283,-3494,bf7db227,bd8701a8,bc587883,3ded11a1,bf7db227,bd8701a6,bc587885,3ded11a4,1,50542830

12070,270,198,17,-610,1915,15597,-3879,2279,-3477,bf7db473,bd852e09,bc5409b0,3ded8cee,bf7db471,bd852e06,bc5409ad,3ded8cf0,1,50551349

12071,251,207,-23,-563,1885,15603,-3931,2279,-3477,bf7db816,bd838302,bc4c039c,3ded9e4c,bf7db816,bd838300,bc4c039b,3ded9e50,1,50559867

12072,242,198,-65,-462,1920,15607,-3901,2261,-3421,bf7dbbd6,bd830e39,bc3da14b,3ded0e4f,bf7dbbd6,bd830e38,bc3da149,3ded0e53,1,50568386

12073,230,168,-88,-495,1918,15607,-3901,2261,-3421,bf7dc055,bd82a100,bc303d77,3dec3f3e,bf7dc055,bd82a100,bc303d75,3dec3f42,1,50576904

12074,212,132,-94,-605,1979,15600,-3949,2257,-3568,bf7dbfca,bd83ecfb,bc381199,3deb93f4,bf7dbfca,bd83ecfc,bc381193,3deb93f8,1,50585423

12075,201,132,-79,-652,1985,15590,-3883,2325,-3520,bf7dbea6,bd82b88e,bc3b16dd,3dec8475,bf7dbea5,bd82b88f,bc3b16d8,3dec8478,1,50593942

12076,191,132,-51,-684,2044,15604,-3883,2325,-3520,bf7dba86,bd824647,bc40f360,3dedcb36,bf7dba86,bd824649,bc40f35d,3dedcb3a,1,50602460

12077,189,128,-25,-685,2017,15598,-3961,2283,-3443,bf7db82d,bd839afe,bc499dd7,3ded9313,bf7db82e,bd839b01,bc499dd6,3ded9317,1,50610979

12078,195,135,-9,-641,2062,15591,-3941,2305,-3461,bf7db1eb,bd84cf10,bc49e4c6,3dee91fd,bf7db1ea,bd84cf11,bc49e4c6,3dee9200,1,50619498

12079,200,136,-28,-639,1979,15604,-3941,2305,-3461,bf7db09c,bd8388b0,bc4b325d,3def9a98,bf7db09c,bd8388b1,bc4b3260,3def9a9c,1,50627516

12080,201,136,-55,-621,2022,15588,-3917,2227,-3543,bf7db0c6,bd851176,bc4b8076,3deeb536,bf7db0c7,bd851178,bc4b807a,3deeb53b,1,50636034

12081,210,148,-86,-592,1999,15602,-3931,2327,-3478,bf7db07e,bd83dd35,bc45e802,3def85ee,bf7db07e,bd83dd35,bc45e805,3def85f2,1,50644553

12082,213,159,-77,-513,2075,15598,-3931,2327,-3478,bf7daef0,bd83c390,bc39b71d,3df023ec,bf7daef0,bd83c390,bc39b71e,3df023f0,1,50653071

12083,223,158,-82,-514,2005,15621,-3929,2283,-3488,bf7dafb0,bd840027,bc2be315,3deff943,bf7dafb0,bd840027,bc2be316,3deff946,1,50661590

12084,217,139,-110,-593,1989,15588,-3929,2289,-3509,bf7dacc7,bd838dff,bc33bd0a,3df0e5c3,bf7dacc7,bd838dff,bc33bd07,3df0e5c7,1,50670108

12085,207,126,-128,-652,2008,15595,-3917,2269,-3503,bf7dabce,bd84afb1,bc3dbe2c,3df06959,bf7dabce,bd84afb0,bc3dbe2d,3df0695d,1,50678627

12086,188,125,-126,-647,1926,15617,-3917,2269,-3503,bf7daedc,bd8394eb,bc485d93,3df013d9,bf7daedc,bd8394eb,bc485d99,3df013dc,1,50687146

12087,180,128,-88,-643,1996,15600,-3879,2265,-3451,bf7dad47,bd852461,bc4dcdf9,3def9034,bf7dad48,bd852462,bc4dce00,3def9038,1,50695664

12088,185,139,-33,-614,1983,15622,-3909,2265,-3539,bf7dae6b,bd84423d,bc42dd8e,3defe4ca,bf7dae6a,bd84423b,bc42dd92,3defe4cb,1,50704183

12089,195,144,-3,-596,1986,15595,-3909,2265,-3539,bf7daca6,bd853b95,bc38822d,3deff338,bf7daca7,bd853b97,bc38823c,3deff33a,1,50712701

12090,186,150,12,-597,2009,15598,-3909,2303,-3511,bf7daa39,bd8421f7,bc3692dd,3df137cd,bf7daa3a,bd8421f8,bc3692ee,3df137cf,1,50721220

12091,195,153,5,-563,2002,15601,-3951,2253,-3491,bf7daac4,bd859067,bc341f98,3df050a8,bf7daac4,bd859067,bc341fa8,3df050a9,1,50729238

12092,192,159,-27,-608,2055,15593,-3951,2253,-3491,bf7daa06,bd871e97,bc3675f6,3def9cbf,bf7daa07,bd871e97,bc367605,3def9cc1,1,50737756

12093,205,148,-32,-600,2020,15593,-3941,2245,-3478,bf7dab74,bd886697,bc397fcc,3dee782b,bf7dab74,bd886696,bc397fda,3dee782c,1,50746275

12094,201,143,-24,-605,1896,15602,-3947,2273,-3434,bf7daf6f,bd86aff6,bc3bfd6e,3dee5a94,bf7daf6f,bd86aff5,bc3bfd7a,3dee5a95,1,50754794

12095,176,138,-6,-637,1998,15599,-3947,2273,-3434,bf7dafb3,bd86f28f,bc4946df,3dedf728,bf7dafb4,bd86f28f,bc4946eb,3dedf72a,1,50763312

12096,171,142,7,-575,1971,15587,-3971,2301,-3435,bf7db102,bd859bd6,bc422bad,3dee7745,bf7db102,bd859bd6,bc422bb7,3dee7746,1,50771831

12097,176,140,10,-589,1914,15603,-3919,2287,-3511,bf7db294,bd84040e,bc4033c5,3deef59a,bf7db294,bd84040e,bc4033cf,3deef59b,1,50780349

12098,153,134,4,-593,2008,15619,-3939,2271,-3452,bf7db155,bd85b1a3,bc3dd032,3dee62a4,bf7db156,bd85b1a3,bc3dd036,3dee62a6,1,50788868

12099,155,122,1,-583,2002,15620,-3939,2271,-3452,bf7db263,bd86ce84,bc35409b,3ded94e4,bf7db263,bd86ce83,bc35409f,3ded94e4,1,50797386

12100,162,125,-2,-578,2035,15598,-3963,2265,-3476,bf7db1d8,bd8869ec,bc33b3ef,3decd382,bf7db1d8,bd8869ec,bc33b3f2,3decd382,1,50805905

12101,169,137,-13,-589,1989,15607,-3965,2297,-3512,bf7db288,bd86eaba,bc338daa,3ded8031,bf7db288,bd86eaba,bc338daf,3ded8031,1,50814424

12102,164,131,-27,-606,2052,15592,-3965,2297,-3512,bf7dadbf,bd869064,bc3663b0,3deef087,bf7dadbf,bd869064,bc3663af,3deef087,1,50822442

12103,168,137,-36,-617,1974,15585,-3951,2245,-3429,bf7db06c,bd8782df,bc3d2f2e,3ded9bb6,bf7db06c,bd8782df,bc3d2f34,3ded9bb6,1,50830960

12104,158,128,-31,-639,2057,15576,-3971,2247,-3527,bf7daf8f,bd890b95,bc42d555,3dece2d8,bf7daf8f,bd890b95,bc42d557,3dece2d8,1,50839479

12105,160,125,1,-651,2010,15613,-3971,2247,-3527,bf7db1e7,bd892dea,bc4f201a,3dec0472,bf7db1e7,bd892dea,bc4f201d,3dec0472,1,50847997

12106,156,133,41,-659,2018,15586,-3945,2249,-3529,bf7db3be,bd88af1f,bc5bab02,3deba1c4,bf7db3be,bd88af1f,bc5bab04,3deba1c4,1,50856516

12107,150,137,54,-631,2028,15615,-3929,2257,-3481,bf7db5a5,bd8834fe,bc4edbf3,3deb93fd,bf7db5a5,bd8834fe,bc4edbf4,3deb93fd,1,50865035

12108,153,138,57,-573,2063,15600,-3929,2257,-3481,bf7db4db,bd8904fa,bc428f98,3deb7b9c,bf7db4dc,bd8904fa,bc428f9a,3deb7b9d,1,50873554

12109,175,142,41,-596,1995,15602,-3985,2281,-3517,bf7db639,bd877116,bc3ff764,3dec0f5a,bf7db638,bd877115,bc3ff763,3dec0f59,1,50882072

12110,170,139,19,-602,2039,15626,-3987,2309,-3585,bf7db46f,bd864936,bc3d1f04,3ded3b88,bf7db46f,bd864936,bc3d1f08,3ded3b88,1,50890591

12111,176,143,8,-552,2007,15586,-3909,2255,-3451,bf7db610,bd871325,bc322f1e,3dec7aeb,bf7db611,bd871325,bc322f26,3dec7aec,1,50899109

12112,169,138,6,-627,2045,15593,-3909,2255,-3451,bf7db438,bd885a57,bc3b4f21,3dec21e1,bf7db439,bd885a57,bc3b4f28,3dec21e1,1,50907628

12113,176,145,4,-627,2007,15612,-3995,2245,-3458,bf7db67d,bd894013,bc4244ae,3deae923,bf7db67e,bd894013,bc4244b0,3deae922,1,50916147

12114,172,140,2,-641,1995,15594,-3903,2235,-3498,bf7dba0f,bd8882ea,bc4d4b01,3dea3aa0,bf7dba10,bd8882ea,bc4d4b03,3dea3a9f,1,50924665

12115,172,133,9,-609,1984,15606,-3903,2235,-3498,bf7dc09c,bd874ae7,bc491044,3de937f9,bf7dc09b,bd874ae5,bc491039,3de937f8,1,50932683

12116,154,137,21,-613,2006,15622,-3937,2239,-3487,bf7dc340,bd886687,bc494017,3de7d912,bf7dc340,bd886688,bc494022,3de7d912,1,50941202

12117,153,140,21,-582,2042,15611,-3993,2245,-3463,bf7dc49b,bd89a606,bc4362f8,3de6d10a,bf7dc49a,bd89a605,bc4362f9,3de6d109,1,50949721

12118,163,132,8,-583,2009,15595,-3993,2245,-3463,bf7dcb14,bd895c1e,bc3e38cf,3de5455f,bf7dcb15,bd895c1f,bc3e38c8,3de5455f,1,50958239

12119,168,136,1,-585,2005,15575,-3953,2215,-3443,bf7dceac,bd8a3c11,bc3f3822,3de3bbb1,bf7dceab,bd8a3c10,bc3f381b,3de3bbaf,1,50966758

12120,162,137,-15,-639,2089,15593,-3893,2239,-3494,bf7dcacb,bd8ac8a1,bc4ae0c0,3de45252,bf7dcaca,bd8ac8a2,bc4ae0b6,3de4524f,1,50975277

12121,180,136,-28,-683,2064,15591,-3893,2239,-3494,bf7dc9cf,bd8a4b0a,bc5756ee,3de4b663,bf7dc9ce,bd8a4b0a,bc5756e1,3de4b661,1,50983795

12122,184,132,-27,-679,2033,15591,-3905,2245,-3469,bf7dcabe,bd89089a,bc5fd6df,3de515aa,bf7dcabe,bd89089b,bc5fd6d9,3de515a9,1,50992314

12123,187,136,-3,-681,2052,15602,-3927,2239,-3531,bf7dc779,bd89d038,bc6b35ad,3de55871,bf7dc778,bd89d037,bc6b35af,3de5586f,1,51000832

12124,196,142,15,-610,2024,15592,-3915,2267,-3569,bf7dc844,bd8886f8,bc639209,3de60378,bf7dc843,bd8886f7,bc63920c,3de60376,1,51009351

12125,190,141,15,-604,2022,15603,-3915,2267,-3569,bf7dc8b2,bd875532,bc5b6c4c,3de6b956,bf7dc8b3,bd875532,bc5b6c52,3de6b956,1,51017870

12126,196,152,16,-553,2000,15602,-3931,2243,-3580,bf7dca90,bd86b9dd,bc4e4532,3de6c15a,bf7dca91,bd86b9dd,bc4e4539,3de6c15a,1,51026389

12127,197,147,-5,-594,2065,15592,-3899,2245,-3474,bf7dc8da,bd8820e4,bc46e08b,3de680b6,bf7dc8da,bd8820e3,bc46e08c,3de680b5,1,51034907

12128,200,146,-35,-589,1994,15619,-3899,2245,-3474,bf7dccf6,bd868f7f,bc40a0c0,3de66084,bf7dccf6,bd868f7e,bc40a0bf,3de66083,1,51042925

12129,206,154,-52,-611,2039,15596,-3903,2257,-3518,bf7dc79a,bd86a75d,bc41e21d,3de7c6a8,bf7dc79b,bd86a75d,bc41e225,3de7c6a7,1,51051444

12130,211,150,-48,-642,2016,15603,-3901,2299,-3537,bf7dc6bf,bd8554aa,bc4326f5,3de8c18c,bf7dc6c1,bd8554aa,bc4326fc,3de8c18c,1,51059962

12131,215,151,-30,-648,2008,15594,-3901,2299,-3537,bf7dc518,bd841cd0,bc454f43,3de9deeb,bf7dc518,bd841ccf,bc454f43,3de9dee9,1,51068481

12132,206,154,-15,-633,2029,15589,-3975,2297,-3509,bf7dbedd,bd848d98,bc47d333,3deb4666,bf7dbede,bd848d98,bc47d340,3deb4665,1,51077000

12133,205,151,-1,-629,2050,15588,-3885,2205,-3488,bf7dbe84,bd860cf4,bc492406,3dea8021,bf7dbe85,bd860cf4,bc492411,3dea8020,1,51085518

12134,217,163,7,-634,2012,15564,-3885,2205,-3488,bf7dbf18,bd875f78,bc4b8deb,3de98cc1,bf7dbf18,bd875f77,bc4b8df2,3de98cbf,1,51094037

12135,212,169,6,-672,1996,15605,-3919,2305,-3516,bf7dbe65,bd85f19f,bc4d651c,3dea897a,bf7dbe66,bd85f19e,bc4d6524,3dea8979,1,51102556

12136,210,175,15,-695,2044,15616,-3947,2263,-3464,bf7dbbfe,bd87172a,bc5635ed,3dea67bd,bf7dbbfe,bd871729,bc5635f3,3dea67bb,1,51111074

12137,219,201,17,-592,2093,15586,-3933,2289,-3526,bf7db8fd,bd871416,bc4a030d,3deb64de,bf7db8fd,bd871415,bc4a0315,3deb64dc,1,51119593

12138,229,206,-6,-501,2072,15641,-3933,2289,-3526,bf7db8d8,bd86a1b2,bc3be50d,3debde8e,bf7db8d8,bd86a1b1,bc3be516,3debde8c,1,51128111

12139,234,176,-61,-511,1981,15624,-3919,2287,-3486,bf7dbae9,bd855272,bc3202b6,3dec2d68,bf7dbaea,bd855272,bc3202bd,3dec2d67,1,51136630

12140,213,131,-98,-573,1977,15587,-3925,2285,-3542,bf7dbbab,bd83d822,bc30733a,3decd24b,bf7dbbaa,bd83d821,bc307335,3decd248,1,51144648

12141,240,129,-80,-596,1974,15597,-3925,2285,-3542,bf7dba9c,bd829aa9,bc34f726,3dedbc71,bf7dba9d,bd829aaa,bc34f72a,3dedbc70,1,51153167

12142,245,139,-84,-655,2058,15604,-3895,2287,-3532,bf7db657,bd839318,bc3cabc2,3dee3f39,bf7db657,bd839318,bc3cabc4,3dee3f37,1,51161685

12143,259,143,-71,-661,2072,15582,-3919,2281,-3538,bf7db2a3,bd84cbe5,bc42f0e0,3dee79bc,bf7db2a3,bd84cbe5,bc42f0e3,3dee79ba,1,51170204

12144,262,144,-51,-681,1977,15598,-3919,2281,-3538,bf7db1b7,bd83efcb,bc4e02ea,3def0d3c,bf7db1b7,bd83efcb,bc4e02e9,3def0d3b,1,51178723

12145,226,134,-13,-783,2293,15462,-3947,2261,-3490,bf7daf0a,bd8576b1,bc524334,3deedb38,bf7daf0b,bd8576b2,bc524333,3deedb38,1,51187241

12146,200,122,89,-743,2089,15645,-3923,2213,-3477,bf7dad49,bd86e308,bc5851ad,3dee6fd1,bf7dad49,bd86e309,bc5851ac,3dee6fd0,1,51195760

12147,213,153,195,-654,1962,15591,-3923,2213,-3477,bf7dae6c,bd87d22e,bc5b33f4,3ded8fb1,bf7dae6c,bd87d22f,bc5b33f5,3ded8fb0,1,51204279

12148,220,199,184,-642,1911,15609,-3899,2315,-3457,bf7dade0,bd862578,bc58d36b,3deeb13f,bf7dadde,bd862578,bc58d36a,3deeb13c,1,51212797

12149,200,239,95,-707,1928,15590,-3919,2353,-3445,bf7daca4,bd84a7ac,bc58620e,3defdb2a,bf7daca3,bd84a7ac,bc586210,3defdb28,1,51221316

12150,203,279,74,-637,1958,15594,-3913,2283,-3544,bf7dac38,bd8328a9,bc51ca37,3df0e11d,bf7dac37,bd8328a9,bc51ca35,3df0e11b,1,51229835

12151,226,325,73,-388,1858,15610,-3913,2283,-3544,bf7dae33,bd8215ff,bc428487,3df123be,bf7dae34,bd821600,bc428487,3df123be,1,51237852

12152,227,299,30,-241,1889,15621,-3887,2283,-3515,bf7db013,bd816347,bc324d83,3df1381a,bf7db012,bd816347,bc324d82,3df13819,1,51246371

12153,211,217,-25,-279,1857,15616,-3937,2321,-3566,bf7db1ff,bd805fb2,bc255d9f,3df16622,bf7db200,bd805fb3,bc255da0,3df16623,1,51254890

12154,191,145,-65,-544,2003,15609,-3937,2321,-3566,bf7dad43,bd805fa9,bc1ff275,3df2b243,bf7dad43,bd805fa8,bc1ff276,3df2b243,1,51263408

12155,186,134,-77,-593,1904,15618,-3843,2299,-3541,bf7dace5,bd7e3593,bc2503d3,3df367fb,bf7dace5,bd7e3591,bc2503d8,3df367fb,1,51271927

12156,184,140,-81,-569,1934,15605,-3881,2259,-3511,bf7dad0b,bd80a399,bc28ac47,3df2853b,bf7dad0c,bd80a399,bc28ac48,3df2853c,1,51280445

12157,169,135,-77,-638,1955,15598,-3881,2259,-3511,bf7dac5c,bd81d559,bc32842e,3df1f3fa,bf7dac5d,bd81d559,bc328430,3df1f3fb,1,51288964

12158,146,129,-52,-650,2033,15577,-3879,2341,-3557,bf7da815,bd8157f2,bc35a1e0,3df34bc0,bf7da815,bd8157f2,bc35a1e3,3df34bc0,1,51297483

12159,148,136,-13,-602,2028,15582,-3931,2281,-3533,bf7da4eb,bd832268,bc36bf20,3df3260f,bf7da4eb,bd832268,bc36bf23,3df32610,1,51306001

12160,163,139,15,-595,1981,15609,-3931,2281,-3533,bf7da077,bd84b9dd,bc38eb3b,3df36b8c,bf7da078,bd84b9dd,bc38eb48,3df36b8e,1,51314520

12161,162,139,24,-562,1986,15599,-3941,2295,-3452,bf7da028,bd846752,bc2c1ea4,3df3d2f0,bf7da029,bd846752,bc2c1eae,3df3d2f1,1,51323039

12162,159,136,15,-527,2015,15604,-3905,2315,-3511,bf7d9df2,bd83a513,bc23ec08,3df4e4b9,bf7d9df2,bd83a512,bc23ec13,3df4e4b9,1,51331557

12163,169,132,9,-533,2002,15590,-3897,2243,-3498,bf7d9e27,bd852e1a,bc22a071,3df4059f,bf7d9e28,bd852e19,bc22a07a,3df405a0,1,51340076

12164,175,138,-11,-525,1991,15598,-3897,2243,-3498,bf7da00f,bd867a34,bc1fa0a2,3df2d808,bf7da010,bd867a32,bc1fa0a3,3df2d809,1,51348094

12165,176,141,-32,-578,2020,15597,-3891,2301,-3521,bf7d9e5a,bd855027,bc219163,3df3e8d7,bf7d9e5a,bd855024,bc219165,3df3e8d7,1,51356612

12166,175,130,-47,-580,2000,15601,-3877,2251,-3503,bf7d9ebe,bd8698b1,bc2924de,3df30556,bf7d9ebe,bd8698af,bc2924de,3df30557,1,51365131

12167,175,135,-60,-613,2018,15589,-3877,2251,-3503,bf7d9e88,bd87a487,bc339d79,3df26029,bf7d9e88,bd87a486,bc339d73,3df2602a,1,51373650

12168,183,138,-53,-608,2067,15592,-3913,2293,-3584,bf7d9b14,bd86e59f,bc33a847,3df3b132,bf7d9b14,bd86e59f,bc33a844,3df3b133,1,51382168

12169,195,143,-42,-559,1945,15580,-3887,2189,-3511,bf7d9eeb,bd87dec9,bc33d12f,3df22527,bf7d9eeb,bd87dec9,bc33d12a,3df22528,1,51390687

12170,184,135,-46,-599,1951,15598,-3887,2189,-3511,bf7da2bd,bd88c086,bc37deb7,3df09890,bf7da2bd,bd88c086,bc37deb3,3df09891,1,51399206

12171,172,131,-40,-577,1971,15610,-3911,2241,-3389,bf7da980,bd88d5e8,bc381b1a,3deec16e,bf7da980,bd88d5e8,bc381b16,3deec16f,1,51407724

12172,163,131,-24,-573,1967,15612,-3911,2279,-3465,bf7dabcc,bd874372,bc35e0f7,3def11d8,bf7dabcc,bd874372,bc35e0f3,3def11d9,1,51416243

12173,168,131,-3,-596,2027,15611,-3911,2279,-3465,bf7da96a,bd863abc,bc369bfc,3df04584,bf7da96a,bd863abc,bc369c03,3df04585,1,51424762

12174,170,134,-1,-592,2042,15623,-3929,2253,-3433,bf7da93f,bd87cb11,bc378b9a,3def6cbb,bf7da93f,bd87cb11,bc378ba0,3def6cbc,1,51433280

12175,188,140,5,-576,2059,15590,-3925,2231,-3531,bf7da95b,bd8948fb,bc3616d7,3dee8f82,bf7da95c,bd8948fb,bc3616da,3dee8f84,1,51441799

12176,200,142,-11,-606,2038,15606,-3929,2315,-3466,bf7da8ad,bd87e59f,bc35a1c1,3def8a2f,bf7da8ad,bd87e59e,bc35a1c3,3def8a30,1,51449817

12177,211,150,-21,-594,2159,15591,-3929,2315,-3466,bf7da2a7,bd888b17,bc313ef4,3df0d0c9,bf7da2a7,bd888b17,bc313ef9,3df0d0ca,1,51458335

12178,230,148,-46,-558,1925,15613,-3923,2233,-3508,bf7daa7c,bd8738a5,bc30bbf6,3def7fdd,bf7daa7c,bd8738a5,bc30bbf7,3def7fde,1,51466854

12179,214,147,-91,-602,2036,15597,-3947,2253,-3434,bf7dabd8,bd888796,bc34e600,3dee58f7,bf7dabd8,bd888796,bc34e5fe,3dee58f8,1,51475372

12180,197,141,-120,-573,2072,15600,-3947,2253,-3434,bf7dad20,bd8a00bc,bc32e68b,3ded2d69,bf7dad21,bd8a00bc,bc32e688,3ded2d6b,1,51483891

12181,193,135,-134,-591,1983,15607,-3989,2267,-3460,bf7db359,bd886586,bc3676e5,3dec6617,bf7db35a,bd886586,bc3676e2,3dec6619,1,51492409

12182,191,149,-117,-607,1980,15635,-3923,2233,-3507,bf7db9cf,bd87ffd2,bc3eb02a,3deac9db,bf7db9ce,bd87ffd2,bc3eb029,3deac9dc,1,51500928

12183,204,153,-77,-549,1859,15584,-3923,2233,-3507,bf7dbfe9,bd86598d,bc3bc1be,3dea201a,bf7dbfe8,bd86598d,bc3bc1c1,3dea201b,1,51509447

12184,203,167,-36,-617,1821,15576,-3917,2299,-3505,bf7dc212,bd84ab19,bc3c9abc,3dea7d0c,bf7dc211,bd84ab19,bc3c9abb,3dea7d0d,1,51517965

12185,194,195,-45,-559,1951,15577,-3911,2257,-3447,bf7dc79d,bd841f1d,bc3077a2,3de971a8,bf7dc79c,bd841f1d,bc3077a2,3de971a9,1,51526484

12186,184,217,-43,-459,1858,15597,-3911,2257,-3447,bf7dcc1d,bd82d1e6,bc2609ad,3de9125a,bf7dcc1c,bd82d1e6,bc2609af,3de9125b,1,51535003

12187,152,186,-43,-430,1982,15606,-3937,2235,-3511,bf7dcdb1,bd83cd11,bc1ab27b,3de83591,bf7dcdb1,bd83cd12,bc1ab27b,3de83593,1,51543521

12188,142,147,-15,-546,1967,15594,-3913,2287,-3503,bf7dcc80,bd8299b5,bc1c7bc9,3de9314a,bf7dcc81,bd8299b7,bc1c7bc9,3de9314d,1,51552040

12189,138,127,16,-556,1910,15618,-3959,2237,-3474,bf7dcf12,bd837721,bc23d6df,3de7ec7a,bf7dcf13,bd837723,bc23d6e5,3de7ec7d,1,51560058

12190,116,124,31,-550,1938,15604,-3959,2237,-3474,bf7dd125,bd84a04a,bc283ebb,3de6a4b2,bf7dd126,bd84a04b,bc283ebe,3de6a4b4,1,51568576

12191,100,121,32,-578,2022,15599,-3957,2271,-3514,bf7dcb1b,bd85e509,bc3041c3,3de77a27,bf7dcb1c,bd85e509,bc3041d3,3de77a2a,1,51577095

12192,101,122,48,-572,2024,15589,-3929,2281,-3579,bf7dc7f9,bd850995,bc2e7393,3de8d8ea,bf7dc7f9,bd850994,bc2e7399,3de8d8ed,1,51585614

12193,106,122,61,-574,2035,15591,-3929,2281,-3579,bf7dc26b,bd84c03c,bc2cf04c,3dea894e,bf7dc26c,bd84c03c,bc2cf04d,3dea8951,1,51594132

12194,112,128,55,-587,2097,15600,-3887,2309,-3547,bf7dbc0c,bd84be6f,bc2b6c87,3dec4654,bf7dbc0c,bd84be6f,bc2b6c8a,3dec4656,1,51602651

12195,134,137,50,-542,2054,15587,-3939,2305,-3494,bf7db6c5,bd84d6c7,bc23b82e,3dedb7b8,bf7db6c6,bd84d6c8,bc23b830,3dedb7bb,1,51611170

12196,157,131,3,-581,2106,15597,-3939,2305,-3494,bf7db005,bd861943,bc24e470,3deecc0d,bf7db004,bd861943,bc24e47a,3deecc0e,1,51619688

12197,177,134,-36,-538,2073,15599,-3945,2301,-3507,bf7dab72,bd864c25,bc1d21ef,3deffa7a,bf7dab72,bd864c26,bc1d21f0,3deffa7b,1,51628207

12198,197,144,-47,-567,2041,15601,-3937,2295,-3496,bf7da726,bd85e0e0,bc2185ec,3df14cce,bf7da725,bd85e0e1,bc2185e7,3df14cce,1,51636725

12199,204,142,-58,-588,2002,15592,-3937,2295,-3496,bf7da5cc,bd84dfb6,bc290d7e,3df220b5,bf7da5cc,bd84dfb7,bc290d7d,3df220b6,1,51645244

12200,197,136,-48,-547,1945,15596,-3943,2273,-3498,bf7dacbc,bd837117,bc2525ef,3df121db,bf7dacbc,bd837117,bc2525f7,3df121dd,1,51653762

12201,181,129,-24,-598,2028,15575,-3969,2239,-3480,bf7daca9,bd84f1eb,bc29066d,3df048be,bf7daca9,bd84f1eb,bc290671,3df048c0,1,51661780

12202,175,133,-6,-586,2019,15588,-3917,2275,-3525,bf7da793,bd861c96,bc30afbf,3df0e430,bf7da794,bd861c97,bc30afbf,3df0e433,1,51670299

12203,183,141,0,-567,2086,15592,-3917,2275,-3525,bf7da385,bd87a7fe,bc2bdd22,3df125dc,bf7da386,bd87a7ff,bc2bdd23,3df125df,1,51678817

12204,207,144,-17,-580,2026,15621,-3885,2253,-3481,bf7da55a,bd88b5a5,bc31c2b8,3df00092,bf7da55b,bd88b5a5,bc31c2b5,3df00094,1,51687336

12205,210,150,-27,-558,2027,15612,-3957,2279,-3522,bf7da712,bd875045,bc2a130f,3df06d0b,bf7da711,bd875043,bc2a1312,3df06d0b,1,51695855

12206,208,156,-25,-564,2042,15602,-3957,2279,-3522,bf7da2b5,bd87dd1f,bc22a404,3df15829,bf7da2b5,bd87dd21,bc22a3f4,3df15827,1,51704373

12207,215,157,-26,-536,1979,15592,-3923,2293,-3459,bf7da4a1,bd86339e,bc1f8e52,3df1cd63,bf7da4a0,bd8633a0,bc1f8e41,3df1cd60,1,51712892

12208,210,152,-32,-554,1954,15585,-3965,2277,-3533,bf7da8af,bd847f85,bc2345a3,3df1a3ce,bf7da8ae,bd847f87,bc23459b,3df1a3cc,1,51721410

12209,199,156,-26,-533,2054,15594,-3965,2277,-3533,bf7da6cb,bd861346,bc1eff86,3df14f2c,bf7da6cc,bd86134a,bc1eff89,3df14f2c,1,51729929

12210,202,157,-19,-531,1976,15595,-3929,2273,-3450,bf7dadff,bd84e33c,bc1995b5,3df02058,bf7dadff,bd84e33b,bc1995ae,3df0205c,1,51738448

12211,193,155,-15,-603,2079,15605,-3955,2299,-3530,bf7da8de,bd85e613,bc218707,3df0d615,bf7da8df,bd85e612,bc218705,3df0d61a,1,51746966

12212,201,151,-14,-553,2067,15593,-3955,2299,-3530,bf7da2bb,bd8680ee,bc1da659,3df22681,bf7da2bc,bd8680ee,bc1da650,3df22685,1,51754984

12213,220,146,-10,-564,1976,15591,-3913,2275,-3490,bf7da4f2,bd84f5e4,bc2488d5,3df259e8,bf7da4f3,bd84f5e5,bc2488d2,3df259ec,1,51763503

12214,217,149,-12,-576,1952,15591,-3943,2245,-3548,bf7da829,bd85a738,bc2bc0d7,3df10c4e,bf7da828,bd85a738,bc2bc0ce,3df10c50,1,51772021

12215,202,143,-6,-565,2003,15599,-3947,2259,-3561,bf7da8f6,bd870c02,bc2b6865,3df00fc5,bf7da8f7,bd870c03,bc2b687a,3df00fc9,1,51780540

12216,193,143,-1,-530,1930,15607,-3947,2259,-3561,bf7dad7b,bd856d01,bc270c26,3defd2bf,bf7dad7a,bd856d01,bc270c31,3defd2c1,1,51789058

12217,183,140,11,-552,1982,15611,-3917,2279,-3489,bf7dae39,bd83eb6c,bc240139,3df07dbe,bf7dae39,bd83eb6d,bc24014b,3df07dc2,1,51797577

12218,174,136,8,-552,2086,15589,-3979,2317,-3471,bf7da873,bd855102,bc20b95f,3df14738,bf7da873,bd855103,bc20b963,3df1473b,1,51806096

12219,189,138,-15,-538,2003,15591,-3979,2317,-3471,bf7da6ca,bd843489,bc1c933d,3df25d61,bf7da6ca,bd84348a,bc1c9341,3df25d64,1,51814614

12220,194,136,-28,-552,2030,15596,-3931,2275,-3579,bf7da2b1,bd85ce21,bc1e3f91,3df28a76,bf7da2b2,bd85ce22,bc1e3f98,3df28a7a,1,51823133

12221,191,131,-28,-554,2041,15589,-3931,2307,-3529,bf7d9ef6,bd8517c6,bc1cba41,3df3ebe5,bf7d9ef6,bd8517c7,bc1cba39,3df3ebe8,1,51831651

12222,191,134,-16,-567,1995,15594,-3931,2307,-3529,bf7d9d22,bd83e68b,bc1f5ad4,3df5039d,bf7d9d23,bd83e68d,bc1f5ace,3df503a1,1,51840170

12223,194,144,-1,-567,2016,15591,-3937,2267,-3570,bf7d9b6d,bd857a23,bc22deb1,3df490e1,bf7d9b6d,bd857a24,bc22deaf,3df490e4,1,51848689

12224,196,141,12,-554,2026,15598,-3915,2303,-3486,bf7d9764,bd84d42a,bc1ef3d3,3df60015,bf7d9765,bd84d42b,bc1ef3d5,3df60019,1,51857207

12225,190,142,19,-533,1980,15602,-3915,2303,-3486,bf7d96c1,bd8381f6,bc1a2db7,3df6eb8b,bf7d96c2,bd8381f6,bc1a2dbd,3df6eb8f,1,51865225

12226,187,144,14,-560,1966,15590,-3909,2313,-3554,bf7d94f3,bd823cf2,bc1b9c4b,3df80a30,bf7d94f4,bd823cf1,bc1b9c4d,3df80a34,1,51873744

12227,177,141,4,-546,1927,15595,-3995,2309,-3575,bf7d9575,bd80bda8,bc1e592b,3df8aa21,bf7d9575,bd80bda5,bc1e5926,3df8aa24,1,51882262

12228,174,138,-1,-568,1984,15591,-3943,2283,-3466,bf7d9475,bd82591f,bc215c52,3df80cb7,bf7d9475,bd82591c,bc215c49,3df80cba,1,51890781

12229,167,139,3,-547,1991,15606,-3943,2283,-3466,bf7d93d1,bd83fae6,bc212167,3df75a4a,bf7d93d1,bd83fae3,bc21215e,3df75a4d,1,51899300

12230,168,140,0,-536,2097,15597,-3925,2339,-3447,bf7d8deb,bd84a27a,bc1a659b,3df8945b,bf7d8deb,bd84a278,bc1a658f,3df8945e,1,51907818

12231,190,132,-24,-545,2044,15594,-3955,2303,-3525,bf7d8937,bd862744,bc189549,3df8fae6,bf7d8938,bd862744,bc189548,3df8fae9,1,51916337

12232,199,138,-44,-577,2051,15603,-3955,2303,-3525,bf7d8456,bd87133d,bc20b056,3df9a4b9,bf7d8456,bd87133b,bc20b05e,3df9a4ba,1,51924855

12233,215,147,-42,-577,2023,15598,-3949,2301,-3621,bf7d8305,bd85c85a,bc2254d5,3dfaa784,bf7d8306,bd85c858,bc2254d9,3dfaa787,1,51933374

12234,220,142,-27,-570,2008,15591,-3875,2287,-3484,bf7d7ec7,bd857f99,bc27623d,3dfbd2bd,bf7d7ec7,bd857f99,bc27624f,3dfbd2be,1,51941892

12235,211,139,-10,-534,1947,15607,-3875,2287,-3484,bf7d81f0,bd83f180,bc20cf5a,3dfbea61,bf7d81f0,bd83f180,bc20cf6a,3dfbea62,1,51950411

12236,202,132,-14,-578,1980,15603,-3933,2351,-3490,bf7d800f,bd82b25f,bc21275e,3dfd07e7,bf7d800f,bd82b25f,bc21276b,3dfd07e8,1,51958930

12237,187,139,4,-562,1968,15618,-3939,2273,-3553,bf7d80a5,bd8423d0,bc237e20,3dfc1c13,bf7d80a4,bd8423cf,bc237e28,3dfc1c12,1,51966947

12238,184,143,11,-533,1979,15599,-3939,2273,-3553,bf7d8230,bd856888,bc1e8932,3dfb1a25,bf7d8230,bd856889,bc1e893b,3dfb1a25,1,51975466

12239,177,142,8,-541,2023,15601,-3979,2293,-3548,bf7d80ec,bd86fa09,bc1a6eae,3dfa9fa8,bf7d80ec,bd86fa0a,bc1a6ea8,3dfa9fa8,1,51983985

12240,184,140,6,-563,2049,15587,-3915,2275,-3559,bf7d7e1b,bd8892c1,bc1e7ae0,3dfa6e22,bf7d7e1b,bd8892c2,bc1e7ae2,3dfa6e22,1,51992503

12241,197,149,4,-544,1994,15573,-3913,2257,-3478,bf7d83f7,bd88ef51,bc1edc8d,3df8bd53,bf7d83f7,bd88ef51,bc1edc94,3df8bd53,1,52001022

12242,193,154,-10,-555,1964,15595,-3913,2257,-3478,bf7d8b25,bd87d809,bc2287fc,3df7783c,bf7d8b25,bd87d809,bc2287f7,3df7783c,1,52009540

12243,186,143,-15,-563,2028,15616,-3933,2335,-3466,bf7d8a18,bd8689ed,bc20a43c,3df87809,bf7d8a18,bd8689ed,bc20a430,3df87809,1,52018059

12244,194,149,-7,-512,1945,15612,-3961,2323,-3528,bf7d8b61,bd8500ad,bc1c2386,3df9034d,bf7d8b60,bd8500ac,bc1c237b,3df9034c,1,52026578

12245,187,142,-9,-565,2046,15609,-3961,2323,-3528,bf7d8532,bd8513ab,bc1c79ae,3dfa89e3,bf7d8532,bd8513ab,bc1c79ac,3dfa89e3,1,52035096

12246,196,143,-3,-552,2020,15612,-3959,2289,-3555,bf7d8337,bd86b15b,bc1cef2d,3dfa2bc2,bf7d8338,bd86b15b,bc1cef27,3dfa2bc3,1,52043615

12247,200,147,0,-564,1981,15602,-3981,2257,-3454,bf7d8617,bd87b46b,bc20b797,3df8db21,bf7d8616,bd87b469,bc20b790,3df8db20,1,52052133

12248,196,146,-3,-523,2055,15585,-3981,2257,-3454,bf7d8756,bd890fbb,bc1e66f3,3df7d0d1,bf7d8757,bd890fbc,bc1e66f1,3df7d0d2,1,52060151

12249,202,139,2,-532,2000,15610,-3943,2259,-3575,bf7d8e47,bd87ce41,bc1977cb,3df6c6c5,bf7d8e48,bd87ce41,bc1977db,3df6c6c6,1,52069171

12250,201,136,-1,-555,1967,15603,-3933,2269,-3494,bf7d93d1,bd867b72,bc206459,3df60238,bf7d93d0,bd867b70,bc206458,3df60237,1,52077188

12251,189,135,-2,-542,1978,15599,-3933,2269,-3494,bf7d9b1a,bd8637dd,bc1f2c42,3df44873,bf7d9b1b,bd8637de,bc1f2c57,3df44874,1,52085707

12252,191,131,1,-565,1996,15599,-3945,2281,-3516,bf7d9bec,bd856a74,bc2b0d0a,3df46244,bf7d9bec,bd856a71,bc2b0d0e,3df46245,1,52094226

12253,180,132,-3,-554,1992,15596,-3907,2275,-3538,bf7d9c2f,bd848f65,bc20a8fd,3df4e3e0,bf7d9c2e,bd848f64,bc20a8f5,3df4e3e0,1,52102744

12254,173,139,3,-541,2004,15605,-3947,2271,-3521,bf7d9c0b,bd861e18,bc1f2603,3df417a8,bf7d9c0b,bd861e18,bc1f2602,3df417aa,1,52111263

12255,171,142,-4,-548,2067,15609,-3947,2271,-3521,bf7d9a14,bd87d1a6,bc1e3c93,3df3abeb,bf7d9a15,bd87d1a6,bc1e3c8d,3df3abee,1,52119781

12256,185,139,-11,-564,2013,15621,-3931,2269,-3528,bf7d9cfe,bd86ab4d,bc283615,3df37269,bf7d9cff,bd86ab4f,bc283617,3df3726b,1,52128300

12257,191,137,-24,-527,1966,15596,-3945,2287,-3520,bf7d9f8e,bd852c3f,bc21e8b9,3df3ab53,bf7d9f8f,bd852c41,bc21e8bd,3df3ab55,1,52136818

12258,188,133,-28,-582,2035,15616,-3945,2287,-3520,bf7d9b57,bd867f3c,bc290d7b,3df3f6ce,bf7d9b56,bd867f3d,bc290d85,3df3f6ce,1,52145337

12259,184,131,-28,-546,1999,15605,-3973,2279,-3581,bf7d9de6,bd8570b9,bc1e9d02,3df3fcb5,bf7d9de7,bd8570b9,bc1e9d1d,3df3fcb7,1,52153856

12260,185,141,-15,-558,2005,15608,-3977,2273,-3552,bf7d9e20,bd86d546,bc235b8a,3df31cea,bf7d9e21,bd86d546,bc235b9d,3df31cec,1,52162374

12261,196,145,-5,-542,1954,15602,-3977,2273,-3552,bf7da355,bd85264d,bc21e5c4,3df2b2a2,bf7da354,bd85264c,bc21e5c3,3df2b2a1,1,52170392

12262,188,149,-8,-550,1996,15591,-3899,2241,-3540,bf7da45f,bd868a65,bc231ea9,3df1a4e9,bf7da460,bd868a66,bc231eaa,3df1a4ea,1,52178911

12263,189,143,-19,-582,2051,15590,-3917,2315,-3477,bf7da0e5,bd85b3a1,bc2429d3,3df301b8,bf7da0e5,bd85b3a2,bc2429d2,3df301b7,1,52187430

12264,189,139,-17,-588,2007,15607,-3917,2315,-3477,bf7d9eff,bd848675,bc2684da,3df41e4a,bf7d9f00,bd848676,bc2684da,3df41e4a,1,52195948

12265,187,132,-8,-560,2051,15572,-3947,2275,-3565,bf7d9c3e,bd863604,bc25871e,3df3ec75,bf7d9c3d,bd863604,bc25871d,3df3ec74,1,52204467

12266,193,141,-6,-564,1899,15628,-3973,2309,-3496,bf7d9e60,bd848857,bc264525,3df4479e,bf7d9e5f,bd848857,bc264528,3df4479d,1,52212985

12267,175,131,0,-554,2018,15604,-3927,2259,-3512,bf7d9df8,bd862005,bc26028f,3df38434,bf7d9df7,bd862005,bc26028c,3df38433,1,52221504

12268,174,131,1,-535,2026,15589,-3927,2259,-3512,bf7d9e42,bd87917c,bc2165a1,3df2b0b2,bf7d9e43,bd87917d,bc2165a5,3df2b0b4,1,52230023

12269,170,140,-3,-554,2070,15590,-3905,2281,-3542,bf7d9882,bd87bf2a,bc1cae0a,3df42298,bf7d9882,bd87bf29,bc1cae06,3df4229a,1,52238541

12270,188,143,-6,-521,2001,15607,-3949,2345,-3486,bf7d9835,bd865c8a,bc1959de,3df502d2,bf7d9835,bd865c89,bc1959da,3df502d4,1,52247060

12271,186,140,-3,-554,1996,15610,-3949,2345,-3486,bf7d972c,bd850419,bc18d942,3df60411,bf7d972d,bd850418,bc18d941,3df60414,1,52255578

12272,187,134,6,-538,1949,15604,-3945,2279,-3502,bf7d9d7a,bd83c156,bc1de9b9,3df504c0,bf7d9d79,bd83c155,bc1de9ae,3df504c0,1,52264097

12273,189,142,5,-558,2015,15598,-3939,2275,-3489,bf7d9c32,bd8558a8,bc2056e3,3df476b8,bf7d9c32,bd8558a8,bc2056de,3df476ba,1,52272616

12274,178,141,9,-530,1998,15604,-3939,2275,-3489,bf7d9db9,bd86826b,bc198d5d,3df37f15,bf7d9db9,bd86826b,bc198d5c,3df37f17,1,52280633

12275,180,133,10,-564,2014,15593,-3931,2271,-3509,bf7d9d0e,bd875be3,bc2517b2,3df3151e,bf7d9d0d,bd875be4,bc2517b0,3df3151f,1,52289152

12276,185,130,3,-574,2041,15591,-3939,2287,-3511,bf7d980e,bd870bca,bc28ef9d,3df483ad,bf7d980f,bd870bcb,bc28efab,3df483af,1,52297671

12277,191,135,-6,-567,2011,15591,-3939,2287,-3511,bf7d97e5,bd85a3e6,bc26d91b,3df559b4,bf7d97e5,bd85a3e6,bc26d90f,3df559b5,1,52306189

12278,198,140,-8,-563,1972,15605,-3923,2263,-3537,bf7d9e23,bd85ace3,bc2b25b5,3df3aa27,bf7d9e23,bd85ace4,bc2b25a8,3df3aa28,1,52314708

12279,184,139,-4,-574,2030,15605,-3893,2261,-3498,bf7d9cc1,bd874f43,bc2bdd9a,3df31d0f,bf7d9cc2,bd874f44,bc2bdd98,3df31d11,1,52323226

12280,190,146,-7,-577,2031,15587,-3913,2293,-3441,bf7d9a07,bd8655fb,bc2a4e2a,3df460d9,bf7d9a08,bd8655fb,bc2a4e35,3df460db,1,52331745

12281,206,148,6,-523,1978,15592,-3913,2293,-3441,bf7d9bd0,bd85074c,bc214f3d,3df4ba00,bf7d9bcf,bd85074b,bc214f48,3df4ba00,1,52340264

12282,200,151,2,-542,1976,15601,-3945,2313,-3554,bf7d9b53,bd839c8e,bc1e5a22,3df5a571,bf7d9b54,bd839c8e,bc1e5a2c,3df5a573,1,52348782

12283,194,152,-1,-521,2023,15609,-3933,2281,-3434,bf7d9aa7,bd852484,bc1a9b63,3df5080d,bf7d9aa7,bd852484,bc1a9b6a,3df5080e,1,52357301

12284,200,139,-4,-529,2027,15607,-3933,2281,-3434,bf7d9a12,bd86ad37,bc18735a,3df45d4d,bf7d9a12,bd86ad37,bc18735c,3df45d4e,1,52365820

12285,212,141,-16,-513,1994,15589,-3919,2279,-3558,bf7d9baf,bd8530d4,bc12182e,3df4d1d6,bf7d9bb0,bd8530d4,bc121828,3df4d1d8,1,52374338

12286,209,138,-32,-549,1930,15585,-3937,2265,-3523,bf7da0a3,bd845b60,bc1c7b17,3df3e301,bf7da0a4,bd845b60,bc1c7b16,3df3e303,1,52382356

12287,196,135,-37,-535,2014,15592,-3937,2265,-3523,bf7da079,bd85ea25,bc1bef87,3df31598,bf7da07a,bd85ea25,bc1bef86,3df3159a,1,52390875

12288,182,133,-33,-573,1996,15590,-3909,2349,-3542,bf7d9f82,bd849c34,bc1c0666,3df40c41,bf7d9f82,bd849c34,bc1c0664,3df40c42,1,52399393

12289,179,132,-38,-589,1994,15593,-3845,2299,-3542,bf7d9dbd,bd837d4f,bc20113d,3df51220,bf7d9dbe,bd837d50,bc20113c,3df51222,1,52407912

12290,192,137,-10,-564,1950,15587,-3845,2299,-3542,bf7d9d08,bd82154f,bc20b2b8,3df5fef4,bf7d9d08,bd821550,bc20b2b2,3df5fef5,1,52416430

12291,185,137,19,-570,2008,15618,-3897,2277,-3494,bf7d9a75,bd83ba15,bc23c8c1,3df5c0ba,bf7d9a75,bd83ba16,bc23c8bb,3df5c0bb,1,52424949

12292,177,135,26,-486,2030,15593,-3943,2305,-3615,bf7d980e,bd83a930,bc17b466,3df6874e,bf7d980e,bd83a931,bc17b461,3df6874f,1,52433468

12293,180,140,10,-539,2040,15591,-3909,2291,-3495,bf7d93b6,bd85510e,bc16d6a7,3df6c374,bf7d93b6,bd85510f,bc16d6a7,3df6c375,1,52441986

12294,188,131,-11,-555,2024,15622,-3909,2291,-3495,bf7d8e20,bd85f67a,bc1e2aff,3df7c643,bf7d8e20,bd85f67b,bc1e2b01,3df7c644,1,52450505

12295,197,135,-25,-553,2027,15599,-3883,2275,-3428,bf7d8d93,bd878533,bc1f3bdb,3df70eaf,bf7d8d92,bd878533,bc1f3bd9,3df70eaf,1,52459024

12296,196,138,-29,-585,1971,15601,-3937,2335,-3495,bf7d8dc3,bd8606f8,bc20962f,3df7cf0d,bf7d8dc3,bd8606f9,bc209630,3df7cf0e,1,52467542

12297,191,136,-13,-578,1999,15593,-3937,2335,-3495,bf7d8c63,bd84bac5,bc214ae1,3df8d992,bf7d8c63,bd84bac6,bc214ae1,3df8d993,1,52475560

12298,195,135,-6,-550,1970,15571,-3913,2285,-3487,bf7d929f,bd84403f,bc1f182e,3df788ab,bf7d929f,bd84403c,bc1f1807,3df788ad,1,52484079

12299,192,128,-2,-532,1913,15616,-3957,2291,-3496,bf7d977a,bd8291b8,bc1db0b1,3df732a4,bf7d977a,bd8291b4,bc1db0aa,3df732a5,1,52492597

12300,175,135,7,-552,2016,15612,-3957,2291,-3496,bf7d954d,bd84442e,bc1e894f,3df6d883,bf7d954d,bd84442a,bc1e894a,3df6d884,1,52501116

12301,185,145,9,-534,1978,15608,-3895,2281,-3481,bf7d96cf,bd847722,bc123179,3df67860,bf7d96cf,bd847728,bc123189,3df6785e,1,52509634

12302,181,136,6,-556,1995,15602,-3921,2277,-3472,bf7d963e,bd85b430,bc1aa437,3df5dd87,bf7d963e,bd85b434,bc1aa454,3df5dd85,1,52518153

12303,178,136,4,-541,1984,15604,-3921,2277,-3472,bf7d9c13,bd85cfcc,bc1f26a3,3df440d6,bf7d9c15,bd85cfc6,bc1f26a2,3df440d4,1,52526672

12304,180,143,6,-572,1999,15598,-3891,2243,-3546,bf7d9cbf,bd870a4f,bc25be7a,3df35529,bf7d9cbe,bd870a48,bc25be77,3df35525,1,52535190

12305,187,137,9,-567,2028,15607,-3929,2283,-3428,bf7d9b24,bd887546,bc297dd1,3df2eb74,bf7d9b25,bd887542,bc297dc8,3df2eb73,1,52543709

12306,194,142,21,-518,1967,15603,-3925,2233,-3424,bf7da080,bd88d171,bc255983,3df15bc3,bf7da07f,bd88d16d,bc25597f,3df15bc0,1,52552227

12307,196,141,30,-541,1985,15610,-3925,2233,-3424,bf7da54a,bd895b3e,bc258006,3defc8e8,bf7da54b,bd895b3d,bc258008,3defc8e6,1,52560746

12308,181,136,32,-552,1987,15600,-3921,2313,-3437,bf7da59e,bd87d6bd,bc24227f,3df093da,bf7da59f,bd87d6bc,bc242283,3df093d8,1,52569265

12309,175,143,39,-505,2029,15589,-3887,2281,-3484,bf7da56c,bd86d953,bc1a576c,3df1494d,bf7da56d,bd86d952,bc1a576d,3df1494a,1,52577783

12310,182,133,10,-571,2011,15601,-3887,2281,-3484,bf7da41a,bd85b479,bc21313e,3df232b2,bf7da41a,bd85b478,bc21313c,3df232ae,1,52585801

12311,190,140,-15,-566,1994,15605,-3877,2259,-3461,bf7da576,bd86a3ce,bc2a1747,3df139ca,bf7da576,bd86a3cd,bc2a1749,3df139c7,1,52594320

12312,190,149,-14,-548,2002,15604,-3877,2263,-3486,bf7da810,bd8588b5,bc1f7834,3df14548,bf7da810,bd8588b3,bc1f7840,3df14545,1,52602838

12313,185,144,-18,-572,1979,15617,-3877,2263,-3486,bf7da987,bd84c8ec,bc2ba635,3df12b3a,bf7da987,bd84c8ea,bc2ba642,3df12b37,1,52611357

12314,191,142,-23,-539,2019,15591,-3867,2251,-3455,bf7da98c,bd864000,bc26fee5,3df066e3,bf7da98c,bd863fff,bc26fef7,3df066e1,1,52619876

12315,200,139,-15,-558,1974,15595,-3853,2269,-3500,bf7daac5,bd84a2b7,bc264267,3df0fbb5,bf7daac4,bd84a2b5,bc26426f,3df0fbb2,1,52628394

12316,199,138,-16,-537,2085,15584,-3853,2269,-3500,bf7da716,bd861d90,bc20d984,3df130ee,bf7da716,bd861d8f,bc20d98e,3df130ec,1,52636913

12317,209,144,-29,-559,1978,15607,-3903,2297,-3490,bf7da778,bd849377,bc212213,3df1f013,bf7da777,bd849375,bc212216,3df1f010,1,52645432

12318,213,142,-28,-573,2009,15598,-3865,2261,-3506,bf7da4fa,bd85e0da,bc28df96,3df1ca96,bf7da4f9,bd85e0d8,bc28df98,3df1ca93,1,52653950

12319,209,140,-11,-568,1957,15599,-3865,2261,-3506,bf7da80b,bd8423f2,bc2b27f1,3df1ead3,bf7da80c,bd8423f1,bc2b27e7,3df1ead2,1,52662469

12320,203,147,1,-514,1966,15608,-3873,2241,-3501,bf7daac8,bd84fcc0,bc22d64f,3df0d2b6,bf7daac9,bd84fcbf,bc22d64a,3df0d2b4,1,52670988

12321,193,145,-3,-515,1964,15600,-3885,2255,-3470,bf7dafb8,bd8501dd,bc18a882,3def9cd0,bf7dafb9,bd8501dc,bc18a87b,3def9ccf,1,52679506

12322,192,141,-21,-544,2006,15597,-3895,2211,-3458,bf7db0df,bd865e30,bc1b157f,3dee858a,bf7db0df,bd865e2f,bc1b1578,3dee8588,1,52688025

12323,194,135,-20,-558,1980,15617,-3895,2211,-3458,bf7db347,bd8771b8,bc1faf10,3ded390b,bf7db347,bd8771b7,bc1faf09,3ded3909,1,52696042

12324,192,139,-10,-583,1973,15616,-3933,2247,-3488,bf7db6fc,bd871047,bc2b4e77,3dec51c7,bf7db6fc,bd871046,bc2b4e72,3dec51c6,1,52704561

12325,180,137,4,-568,1960,15600,-3959,2257,-3533,bf7dbbd1,bd857c08,bc2ed6f0,3debe139,bf7dbbd1,bd857c07,bc2ed6ec,3debe137,1,52713080

12326,183,140,10,-565,1972,15606,-3959,2257,-3533,bf7dc2a3,bd852c62,bc30460b,3dea32b0,bf7dc2a3,bd852c63,bc3045f5,3dea32ae,1,52721598

12327,180,144,18,-548,2030,15618,-3917,2225,-3544,bf7dc26f,bd86b140,bc2df8a2,3de96902,bf7dc270,bd86b142,bc2df896,3de96901,1,52730117

12328,184,145,3,-574,2019,15594,-3973,2247,-3518,bf7dc30d,bd881088,bc30fd18,3de86893,bf7dc30d,bd881089,bc30fd29,3de86891,1,52738635

12329,196,148,-4,-540,1983,15583,-3973,2247,-3518,bf7dc949,bd86fa78,bc293f77,3de76dc9,bf7dc949,bd86fa79,bc293f82,3de76dc8,1,52747154

12330,191,142,7,-492,1974,15602,-3951,2257,-3544,bf7dcc07,bd85be88,bc1fa1bc,3de77fed,bf7dcc07,bd85be89,bc1fa1c6,3de77fec,1,52755673

12331,180,133,-4,-557,1958,15602,-3929,2263,-3507,bf7dcdc4,bd843748,bc24c0cf,3de7d899,bf7dcdc2,bd843748,bc24c0db,3de7d896,1,52764191

12332,176,133,-2,-561,1974,15632,-3929,2263,-3507,bf7dcd9e,bd8333ad,bc2e8066,3de8599b,bf7dcd9e,bd8333ad,bc2e8068,3de8599b,1,52772710

12333,174,137,-2,-591,1987,15607,-3891,2313,-3466,bf7dcb4d,bd821cf7,bc2f2ade,3de9952d,bf7dcb4d,bd821cf7,bc2f2adf,3de9952d,1,52781228

12334,185,136,3,-580,2021,15601,-3929,2299,-3518,bf7dc4f6,bd8267e1,bc2e9cb1,3deb24c6,bf7dc4f6,bd8267e1,bc2e9cb8,3deb24c6,1,52789747

12335,190,143,12,-546,2064,15588,-3909,2277,-3465,bf7dc161,bd84001b,bc2a7346,3deb44c6,bf7dc161,bd84001b,bc2a734c,3deb44c6,1,52797765

12336,207,148,10,-527,1959,15599,-3909,2277,-3465,bf7dc282,bd82b4a1,bc21dbfe,3debc7c3,bf7dc283,bd82b4a1,bc21dc00,3debc7c4,1,52806284

12337,199,145,6,-466,1912,15598,-3899,2269,-3481,bf7dc53b,bd81993e,bc17145a,3debc5e7,bf7dc53a,bd81993d,bc17145c,3debc5e6,1,52814802

12338,177,128,-25,-561,1982,15609,-3935,2277,-3513,bf7dc1e9,bd82d13d,bc209301,3debe4b9,bf7dc1e9,bd82d13c,bc209309,3debe4b9,1,52823321

12339,172,122,-31,-563,1965,15630,-3935,2277,-3513,bf7dbf9e,bd8283d0,bc2c325c,3dec8c3d,bf7dbf9e,bd8283d0,bc2c3262,3dec8c3d,1,52831848

12340,180,129,-21,-598,2028,15606,-3977,2273,-3465,bf7dbddb,bd8421d4,bc304446,3dec1336,bf7dbddb,bd8421d4,bc30444c,3dec1336,1,52840367

12341,175,135,-17,-603,2046,15589,-3893,2273,-3439,bf7db9c5,bd85bac2,bc34b2bf,3dec38c2,bf7db9c5,bd85bac2,bc34b2c3,3dec38c2,1,52848885

12342,192,145,-4,-570,1996,15600,-3893,2273,-3439,bf7db997,bd8484b7,bc2e0342,3ded07b7,bf7db998,bd8484b8,bc2e0348,3ded07b7,1,52857404

12343,194,145,10,-576,2038,15593,-3905,2285,-3519,bf7db33a,bd84da99,bc2be32a,3dee9021,bf7db33a,bd84da9a,bc2be31e,3dee9021,1,52865923

12344,202,144,19,-503,2001,15605,-3903,2269,-3436,bf7db407,bd854633,bc1edefe,3dee41b7,bf7db408,bd854635,bc1edef3,3dee41b8,1,52874441

12345,206,142,14,-541,1994,15596,-3903,2269,-3436,bf7db527,bd8669c9,bc20ed31,3ded4b59,bf7db528,bd8669c8,bc20ed4a,3ded4b58,1,52882960

12346,199,145,9,-530,1967,15597,-3921,2269,-3498,bf7db7f3,bd84b90d,bc1df3af,3ded87a8,bf7db7f2,bd84b90b,bc1df3b4,3ded87a5,1,52891478

12347,195,139,13,-542,1967,15592,-3947,2321,-3564,bf7db731,bd83512c,bc1cd56b,3dee85ed,bf7db732,bd83512b,bc1cd56b,3dee85ec,1,52899496

12348,184,135,5,-583,2051,15581,-3919,2299,-3478,bf7db116,bd84687d,bc22c870,3def7a80,bf7db115,bd84687b,bc22c874,3def7a7d,1,52908015

12349,195,136,-8,-575,1986,15608,-3919,2299,-3478,bf7daf14,bd8343d7,bc2696c8,3df0987b,bf7daf14,bd8343d6,bc2696cb,3df09879,1,52916534

12350,200,150,-7,-556,1984,15605,-3939,2281,-3516,bf7dab23,bd84bce3,bc2543b7,3df0d774,bf7dab24,bd84bce3,bc25439c,3df0d773,1,52925052

12351,204,145,-6,-554,2002,15597,-3931,2279,-3489,bf7da7bc,bd863018,bc22e063,3df0f5ce,bf7da7bd,bd863019,bc22e077,3df0f5cd,1,52933571

12352,202,148,-3,-551,1998,15596,-3931,2279,-3489,bf7da8c0,bd84a1f3,bc213d02,3df1919d,bf7da8c1,bd84a1f4,bc213cf7,3df1919b,1,52942089

12353,203,149,1,-534,1950,15592,-3943,2271,-3553,bf7dad7e,bd82f71a,bc1d3cd9,3df1466d,bf7dad7e,bd82f71a,bc1d3ce2,3df1466a,1,52950608

12354,182,145,-12,-547,2014,15602,-3955,2233,-3467,bf7dade2,bd84750a,bc1ea447,3df0578d,bf7dade2,bd84750a,bc1ea44e,3df0578a,1,52959127

12355,182,137,-18,-531,1970,15592,-3955,2233,-3467,bf7db003,bd85b7b5,bc1f9714,3def11db,bf7db003,bd85b7b5,bc1f971a,3def11d8,1,52967645

12356,184,138,-8,-565,1989,15593,-3933,2227,-3440,bf7db1a4,bd86f3d3,bc23829a,3dede63f,bf7db1a4,bd86f3d3,bc2382a1,3dede63c,1,52976164

12357,195,140,-3,-556,2011,15604,-3943,2253,-3466,bf7db3c6,bd88179a,bc26b572,3deca484,bf7db3c6,bd88179a,bc26b578,3deca481,1,52984682

12358,196,150,2,-577,2089,15593,-3943,2253,-3466,bf7db249,bd89aba8,bc290a4a,3dec1a18,bf7db249,bd89aba8,bc290a54,3dec1a15,1,52992700

12359,219,154,-11,-578,2035,15606,-3931,2219,-3537,bf7db504,bd8a9611,bc2db364,3deac6a2,bf7db504,bd8a9611,bc2db370,3deac69f,1,53001219

12360,228,155,-16,-551,2026,15602,-3949,2297,-3466,bf7db621,bd88fbe1,bc2a59bd,3deb73e4,bf7db620,bd88fbe0,bc2a59c7,3deb73e0,1,53009738

12361,225,157,-23,-565,1977,15600,-3949,2325,-3453,bf7db6f1,bd8760b2,bc291344,3dec2d2e,bf7db6f2,bd8760b2,bc29134f,3dec2d2c,1,53018256

12362,221,152,-19,-549,1985,15590,-3949,2325,-3453,bf7db736,bd85db4f,bc26ab6e,3decff20,bf7db737,bd85db4f,bc26ab79,3decff1e,1,53026775

12363,222,159,-5,-574,1966,15589,-3933,2287,-3508,bf7db7d1,bd84411d,bc28d4b2,3dedb53c,bf7db7d1,bd84411c,bc28d4be,3dedb539,1,53035293

12364,220,171,1,-592,1880,15601,-3913,2293,-3464,bf7db97e,bd829301,bc2bdbe8,3dee2881,bf7db97e,bd829301,bc2bdbf6,3dee287e,1,53043812

12365,197,185,-13,-546,1962,15601,-3913,2293,-3464,bf7db7f8,bd81961c,bc2416a8,3def2fa6,bf7db7f7,bd81961c,bc2416b0,3def2fa1,1,53052331

12366,193,188,-10,-486,1943,15616,-3887,2285,-3525,bf7db843,bd80b688,bc1810dd,3defb411,bf7db843,bd80b688,bc1810e6,3defb40c,1,53060849

12367,188,180,-11,-500,1933,15597,-3915,2239,-3485,bf7db9dd,bd820c34,bc165c66,3dee92be,bf7db9dd,bd820c34,bc165c6f,3dee92b9,1,53069368

12368,190,162,-27,-493,1964,15594,-3915,2239,-3485,bf7dbb3c,bd836cc6,bc14107e,3ded7924,bf7dbb3d,bd836cc5,bc141081,3ded7920,1,53077887

12369,183,154,-43,-533,2004,15604,-3975,2329,-3475,bf7db857,bd828851,bc134990,3deebe69,bf7db858,bd828850,bc134992,3deebe65,1,53086405

12370,187,147,-38,-545,1968,15594,-3895,2351,-3531,bf7db710,bd8146d1,bc12c6fc,3defc48d,bf7db711,bd8146cf,bc12c6ff,3defc489,1,53094924

12371,194,146,-22,-549,2014,15596,-3895,2351,-3531,bf7db3c8,bd80619a,bc1244ea,3df11e08,bf7db3c8,bd806198,bc1244e9,3df11e03,1,53102942

12372,194,146,-12,-559,1993,15602,-3909,2275,-3515,bf7db13d,bd81e446,bc17fcc5,3df0ec3d,bf7db13d,bd81e444,bc17fcc5,3df0ec38,1,53111460

12373,193,148,-2,-555,1990,15599,-3963,2309,-3456,bf7dabb1,bd82e513,bc1e85bd,3df1c585,bf7dabb3,bd82e512,bc1e85bb,3df1c582,1,53119979

12374,194,163,15,-527,2035,15589,-3921,2279,-3487,bf7da902,bd8482bf,bc1adc79,3df1a233,bf7da901,bd8482bd,bc1adc79,3df1a22d,1,53128497

12375,195,159,26,-507,1919,15600,-3921,2279,-3487,bf7dac5f,bd82d842,bc1689dc,3df1b3c7,bf7dac5e,bd82d840,bc1689dd,3df1b3c2,1,53137016

12376,185,151,14,-513,1954,15604,-3945,2291,-3594,bf7dabc3,bd8183b8,bc11ffd4,3df29e6f,bf7dabc3,bd8183b7,bc11ffda,3df29e6c,1,53145535

12377,187,143,-2,-525,1920,15626,-3949,2255,-3504,bf7dae3d,bd829b89,bc160564,3df15868,bf7dae3d,bd829b89,bc16056c,3df15865,1,53154053

12378,172,141,-7,-565,2034,15600,-3949,2255,-3504,bf7dad20,bd84346f,bc19a6e7,3df0baf7,bf7dad20,bd84346f,bc19a6ef,3df0baf5,1,53162572

12379,183,140,-5,-535,1973,15606,-3911,2263,-3552,bf7db06b,bd844b6f,bc22f8d2,3defb779,bf7db06b,bd844b6d,bc22f8d0,3defb777,1,53171091

12380,184,142,-5,-565,2006,15582,-3873,2275,-3580,bf7dac50,bd839a2f,bc245bcc,3df129f7,bf7dac50,bd839a2e,bc245bca,3df129f6,1,53179609

12381,181,141,4,-544,2010,15602,-3873,2275,-3580,bf7da766,bd8398e1,bc1d7043,3df2871e,bf7da765,bd8398e0,bc1d7041,3df2871c,1,53188128

12382,175,136,22,-507,2034,15608,-3923,2297,-3540,bf7da33e,bd840fa0,bc12f544,3df376b2,bf7da33e,bd840fa0,bc12f545,3df376b0,1,53196647

12383,184,135,23,-504,1855,15625,-3861,2301,-3553,bf7da477,bd82728b,bc11f294,3df405fb,bf7da477,bd82728b,bc11f297,3df405f9,1,53205165

12384,174,139,-3,-554,2001,15588,-3861,2301,-3553,bf7d9fc8,bd81ec47,bc155542,3df57c1c,bf7d9fc9,bd81ec47,bc155544,3df57c1a,1,53213183

12385,182,148,-9,-539,1938,15584,-3891,2211,-3545,bf7da134,bd8341a4,bc181293,3df4612e,bf7da133,bd8341a3,bc181294,3df4612a,1,53221702

12386,186,149,-10,-530,1995,15601,-3889,2253,-3532,bf7da0ee,bd84d16e,bc1858fe,3df399e7,bf7da0ef,bd84d16f,bc185901,3df399e5,1,53230220

12387,187,154,-12,-532,1967,15605,-3921,2235,-3511,bf7da371,bd85fa52,bc1a3c93,3df24ae1,bf7da370,bd85fa52,bc1a3c97,3df24adc,1,53238739

12388,188,151,-10,-536,1972,15611,-3921,2235,-3511,bf7da6d9,bd86ee57,bc1cae3b,3df0d759,bf7da6da,bd86ee59,bc1cae3b,3df0d756,1,53247258

12389,180,151,-1,-501,2041,15609,-3921,2279,-3552,bf7da5d8,bd86657d,bc10dd3f,3df184b7,bf7da5d9,bd86657e,bc10dd44,3df184b5,1,53255776

12390,190,147,-13,-553,2019,15598,-3911,2263,-3544,bf7da470,bd86ee2b,bc1d8b95,3df17778,bf7da46f,bd86ee29,bc1d8b9c,3df17774,1,53264295

12391,198,144,-26,-545,2012,15594,-3911,2263,-3544,bf7da6c2,bd85620e,bc1f2ed4,3df1b354,bf7da6c2,bd85620d,bc1f2edf,3df1b353,1,53272813

12392,209,141,-23,-528,1942,15607,-3843,2271,-3515,bf7da8bd,bd83b7ac,bc1cc857,3df21e83,bf7da8bb,bd83b7aa,bc1cc85e,3df21e80,1,53281332

12393,199,142,-25,-526,1941,15606,-3847,2253,-3598,bf7dab6a,bd820d1e,bc198ac8,3df2598d,bf7dab6b,bd820d1e,bc198ac9,3df2598d,1,53289851

12394,185,145,-24,-543,1993,15583,-3847,2253,-3598,bf7da823,bd83b69c,bc1baf45,3df24a25,bf7da822,bd83b69b,bc1baf4c,3df24a23,1,53298369

12395,183,149,-20,-543,1980,15604,-3903,2245,-3546,bf7da8f4,bd852241,bc1e21fe,3df1458b,bf7da8f4,bd852241,bc1e2201,3df1458a,1,53306888

12396,180,150,-3,-546,2028,15599,-3909,2259,-3598,bf7da560,bd86cfb2,bc1d96db,3df14947,bf7da560,bd86cfb2,bc1d96ea,3df14947,1,53314906

12397,189,149,-5,-529,1993,15595,-3909,2259,-3598,bf7da7cd,bd853cb8,bc187eb4,3df19315,bf7da7cd,bd853cb8,bc187eb7,3df19315,1,53323425

12398,200,146,-11,-543,1943,15595,-3915,2285,-3558,bf7da90d,bd839c45,bc19db09,3df21fe5,bf7da90e,bd839c47,bc19db0e,3df21fe6,1,53331943

12399,197,148,-24,-541,1978,15602,-3845,2289,-3513,bf7da794,bd8259f2,bc190a48,3df33247,bf7da794,bd8259f3,bc190a46,3df33246,1,53340462

12400,184,150,-28,-546,2042,15603,-3875,2301,-3589,bf7da16e,bd829d79,bc16ea4c,3df4ac95,bf7da16e,bd829d79,bc16ea52,3df4ac95,1,53348980

12401,195,152,-25,-517,1955,15606,-3875,2301,-3589,bf7da0c5,bd8146f1,bc1362f9,3df59688,bf7da0c6,bd8146f3,bc1362fe,3df59689,1,53357499

12402,199,155,-25,-502,1987,15605,-3885,2279,-3464,bf7d9f94,bd82d4dc,bc0f3851,3df51c3a,bf7d9f94,bd82d4dd,bc0f384f,3df51c3a,1,53366018

12403,195,141,-30,-503,2005,15614,-3901,2239,-3460,bf7da066,bd844b0b,bc0f3427,3df41c8b,bf7da066,bd844b0c,bc0f3421,3df41c8a,1,53374536

12404,205,148,-19,-526,1948,15620,-3901,2239,-3460,bf7da39c,bd853dde,bc13380e,3df2b8a3,bf7da39c,bd853ddf,bc13380b,3df2b8a2,1,53383055

12405,206,145,-27,-519,1895,15607,-3915,2259,-3461,bf7daa53,bd83d010,bc1643dd,3df1b744,bf7daa53,bd83d011,bc1643e1,3df1b743,1,53391574

12406,186,134,-30,-562,1979,15611,-3953,2293,-3574,bf7da848,bd82f521,bc1e7ca7,3df2a200,bf7da847,bd82f521,bc1e7ca4,3df2a1fe,1,53400092

12407,180,141,-15,-524,1935,15596,-3953,2293,-3574,bf7da945,bd817b2a,bc1a3a45,3df3350f,bf7da946,bd817b2b,bc1a3a49,3df33510,1,53408110

12408,182,144,-3,-523,1995,15578,-3899,2293,-3510,bf7da402,bd82b427,bc1492ad,3df3fae4,bf7da403,bd82b428,bc1492a8,3df3fae5,1,53416629

12409,188,136,-3,-523,1984,15605,-3971,2303,-3469,bf7da05f,bd843e8e,bc130aae,3df41c2e,bf7da060,bd843e8f,bc130ab0,3df41c2f,1,53425148

12410,182,136,-3,-511,1963,15608,-3971,2303,-3469,bf7da222,bd82bb85,bc0e6f21,3df48253,bf7da221,bd82bb86,bc0e6f1c,3df48252,1,53433667

12411,180,134,-2,-513,1976,15587,-3899,2289,-3514,bf7d9cc9,bd82b299,bc0c1388,3df5ee73,bf7d9cc8,bd82b298,bc0c1393,3df5ee72,1,53442185

12412,180,142,-5,-515,1980,15612,-3935,2231,-3467,bf7d9de6,bd8419a5,bc0dcf87,3df4e059,bf7d9de6,bd8419a5,bc0dcf92,3df4e059,1,53450704

12413,174,140,-1,-543,2001,15597,-3941,2329,-3460,bf7d9aab,bd832e58,bc103fa1,3df62ea9,bf7d9aab,bd832e58,bc103fa7,3df62ea9,1,53459222

12414,175,134,3,-522,1968,15585,-3941,2329,-3460,bf7d98a1,bd820351,bc0f2fa5,3df75548,bf7d98a2,bd820351,bc0f2faf,3df75549,1,53467741

12415,178,139,-1,-540,2008,15594,-3935,2301,-3502,bf7d9468,bd839a70,bc12fbc3,3df78a49,bf7d9468,bd839a70,bc12fbc7,3df78a49,1,53476259

12416,189,136,-10,-554,2020,15607,-3931,2287,-3514,bf7d91b1,bd8527b9,bc182e6b,3df75b3e,bf7d91b0,bd8527b8,bc182e69,3df75b3d,1,53484778

12417,206,143,-14,-535,1989,15600,-3931,2287,-3514,bf7d92e6,bd84125e,bc1518a1,3df7a871,bf7d92e6,bd84125f,bc151884,3df7a872,1,53493297

12418,210,150,-10,-507,2002,15596,-3969,2249,-3549,bf7d9411,bd856fd0,bc13e37c,3df6a2ae,bf7d9411,bd856fd1,bc13e364,3df6a2ae,1,53501815

12419,207,146,-28,-537,1936,15594,-3879,2209,-3552,bf7d97d3,bd864ab1,bc17ea27,3df52996,bf7d97d3,bd864ab2,bc17ea15,3df52997,1,53510334

12420,208,143,-23,-540,1963,15608,-3879,2209,-3552,bf7d9b3b,bd873bc0,bc1b3a49,3df3ba3a,bf7d9b3b,bd873bc1,bc1b3a3b,3df3ba3b,1,53518352

12421,197,144,-5,-544,1967,15595,-3929,2243,-3488,bf7da066,bd87a326,bc1f7717,3df21c76,bf7da066,bd87a327,bc1f7713,3df21c78,1,53526870

12422,196,150,11,-538,1977,15600,-3897,2279,-3507,bf7da20d,bd85fcce,bc1d8abf,3df29db8,bf7da20d,bd85fccf,bc1d8abb,3df29dba,1,53535389

12423,196,148,13,-503,1985,15593,-3897,2279,-3507,bf7da353,bd84bdfa,bc146d8b,3df30e7e,bf7da353,bd84bdfa,bc146d8d,3df30e80,1,53543908

12424,195,150,1,-504,1948,15583,-3881,2251,-3505,bf7daa2b,bd84903a,bc101a96,3df16762,bf7daa2b,bd84903a,bc101a92,3df16764,1,53552426

12425,194,144,-14,-525,1951,15610,-3869,2285,-3505,bf7daad5,bd8300aa,bc10fd33,3df21276,bf7daad4,bd8300aa,bc10fd31,3df21277,1,53560945

12426,189,137,-27,-535,1942,15605,-3923,2225,-3527,bf7dacf0,bd84305b,bc153bf3,3df0d4ee,bf7dacf1,bd84305c,bc153bef,3df0d4f1,1,53569464

12427,191,141,-9,-518,1945,15600,-3923,2225,-3527,bf7dafeb,bd853f13,bc172e07,3def7144,bf7dafea,bd853f13,bc172e05,3def7145,1,53577982

12428,180,144,-7,-522,1983,15606,-3865,2265,-3516,bf7db096,bd83c0c8,bc146e7a,3df01de8,bf7db097,bd83c0c9,bc146e71,3df01deb,1,53586501

12429,171,140,-12,-539,2030,15588,-3897,2311,-3449,bf7dab43,bd8380e6,bc143cde,3df1a861,bf7dab43,bd8380e6,bc143cda,3df1a863,1,53595020

12430,187,137,-16,-534,1977,15618,-3897,2311,-3449,bf7da98c,bd8249e4,bc145179,3df2c2de,bf7da98c,bd8249e4,bc145171,3df2c2e0,1,53603538

12431,195,140,-16,-519,2026,15595,-3867,2289,-3512,bf7da3c6,bd835e9b,bc0fe037,3df3ba76,bf7da3c6,bd835e9c,bc0fe030,3df3ba77,1,53612057

12432,199,141,-22,-512,1955,15605,-3887,2255,-3480,bf7da6a3,bd847a6e,bc11c464,3df25ca1,bf7da6a3,bd847a6f,bc11c45d,3df25ca2,1,53620075

12433,195,142,-29,-520,1903,15620,-3887,2255,-3480,bf7dad0c,bd83159c,bc15db26,3df1664a,bf7dad0e,bd83159e,bc15db20,3df1664d,1,53628594

12434,179,140,-47,-546,2019,15604,-3893,2247,-3462,bf7dacd7,bd84a7c3,bc187b54,3df091f3,bf7dacd8,bd84a7c4,bc187b50,3df091f4,1,53637112

12435,184,132,-65,-524,1970,15602,-3883,2277,-3541,bf7dada7,bd8330e5,bc163ed7,3df12e1d,bf7dada7,bd8330e5,bc163ecc,3df12e1d,1,53645631

12436,182,136,-66,-529,2019,15604,-3883,2277,-3541,bf7da843,bd847912,bc141ddc,3df1ea7a,bf7da843,bd847912,bc141dd0,3df1ea7b,1,53654149

12437,194,146,-58,-580,2041,15608,-3855,2281,-3492,bf7da3ba,bd8518a7,bc1d8585,3df2ab36,bf7da3ba,bd8518a6,bc1d857e,3df2ab36,1,53662668

12438,198,140,-41,-550,1989,15604,-3859,2289,-3503,bf7da311,bd83bc4a,bc1d059b,3df39651,bf7da312,bd83bc4a,bc1d0595,3df39652,1,53671187

12439,205,150,-25,-606,1985,15604,-3923,2289,-3530,bf7da0cd,bd83aec3,bc298403,3df412e9,bf7da0ce,bd83aec3,bc2983fb,3df412eb,1,53679705

12440,214,178,-8,-602,2023,15564,-3923,2289,-3530,bf7d9c0d,bd84e7a8,bc2f75b2,3df4945c,bf7d9c0d,bd84e7a6,bc2f75ae,3df4945d,1,53688224

12441,216,227,-22,-509,1801,15606,-3975,2253,-3513,bf7da2dd,bd836464,bc2a46bf,3df3aff3,bf7da2dd,bd836463,bc2a46bb,3df3aff4,1,53696742

12442,195,237,-37,-440,1995,15626,-3849,2221,-3500,bf7da4b8,bd84654a,bc1f5852,3df2c631,bf7da4b6,bd846548,bc1f584c,3df2c630,1,53705261

12443,200,217,-24,-419,1940,15613,-3849,2221,-3500,bf7da87c,bd84b954,bc12be32,3df1bb90,bf7da87c,bd84b954,bc12be30,3df1bb91,1,53713779

12444,207,182,-9,-516,1988,15603,-3887,2229,-3533,bf7daa1d,bd85ff5a,bc1307ba,3df0991d,bf7daa1e,bd85ff5a,bc1307b7,3df0991e,1,53721797

12445,202,180,4,-493,1945,15596,-3869,2249,-3501,bf7dafcc,bd84766f,bc0d6f39,3df0004a,bf7dafcd,bd84766f,bc0d6f35,3df0004b,1,53730316

12446,195,186,0,-452,1990,15606,-3869,2249,-3501,bf7db19a,bd851601,bc00fd7c,3def49ca,bf7db19a,bd851601,bc00fd76,3def49ca,1,53738835

12447,205,167,-34,-438,1892,15604,-3915,2257,-3501,bf7db734,bd837be7,bbf81972,3deebaaa,bf7db734,bd837be7,bbf8196a,3deebaaa,1,53747353

12448,195,145,-66,-473,1887,15619,-3909,2281,-3551,bf7db9f9,bd81cbb6,bbf8fe72,3deee9bf,bf7db9f9,bd81cbb6,bbf8fe6c,3deee9bf,1,53755872

12449,167,129,-56,-542,2007,15617,-3909,2281,-3551,bf7db67d,bd82bbee,bc075368,3def3c0c,bf7db67e,bd82bbee,bc075364,3def3c0d,1,53764391

12450,173,137,-24,-531,1987,15600,-3887,2257,-3525,bf7db505,bd84159b,bc0faad1,3deece1d,bf7db505,bd84159b,bc0faac8,3deece1d,1,53772909

12451,184,143,7,-526,1963,15596,-3915,2251,-3505,bf7db71d,bd850ae9,bc16a0a0,3deda5e9,bf7db71c,bd850ae8,bc16a094,3deda5e8,1,53781428

12452,187,162,18,-502,1942,15604,-3899,2225,-3581,bf7dbd3e,bd851fe5,bc14048c,3debfc8f,bf7dbd3d,bd851fe5,bc140485,3debfc8e,1,53789946

12453,184,165,9,-483,2016,15612,-3899,2225,-3581,bf7dbdd7,bd867b5c,bc0e983f,3deb1b56,bf7dbdd7,bd867b5d,bc0e983e,3deb1b56,1,53798465

12454,183,166,1,-442,1938,15611,-3887,2223,-3500,bf7dc3d6,bd85eb5b,bc057eee,3de9e3fd,bf7dc3d6,bd85eb5c,bc057eef,3de9e3fd,1,53806984

12455,176,151,-4,-459,1946,15597,-3895,2283,-3573,bf7dc4d9,bd8468ac,bc0224a2,3dea817a,bf7dc4d9,bd8468ad,bc0224a3,3dea817a,1,53815502

12456,179,145,-12,-514,1957,15596,-3895,2283,-3573,bf7dc4b6,bd82fed4,bc04dfc3,3deb4f0d,bf7dc4b6,bd82fed5,bc04dfc6,3deb4f0d,1,53823520

12457,182,141,-7,-537,2010,15601,-3925,2261,-3491,bf7dc2e5,bd846017,bc0cb260,3deaf4a8,bf7dc2e6,bd846018,bc0cb269,3deaf4a8,1,53832039

12458,181,148,7,-476,1947,15584,-3927,2237,-3462,bf7dc6da,bd8531de,bc0ac39a,3de96fba,bf7dc6db,bd8531de,bc0ac39f,3de96fba,1,53840557

12459,181,142,-1,-498,1944,15616,-3927,2237,-3462,bf7dcc56,bd856757,bc0ee19c,3de7c885,bf7dcc57,bd856756,bc0ee19d,3de7c885,1,53849076

12460,165,140,-1,-485,1998,15592,-3875,2271,-3564,bf7dcbc4,bd8425d2,bc0a72b6,3de8b2d5,bf7dcbc3,bd8425d0,bc0a72b7,3de8b2d3,1,53857594

12461,171,148,-4,-459,1935,15612,-3883,2259,-3533,bf7dcdf6,bd82a783,bc04b95e,3de8fefa,bf7dcdf5,bd82a781,bc04b95c,3de8fef8,1,53866113

12462,162,136,-8,-511,1975,15609,-3883,2259,-3533,bf7dcaa8,bd82da5c,bc10a817,3de9abec,bf7dcaa9,bd82da5d,bc10a818,3de9abeb,1,53874632

12463,167,131,-7,-502,1945,15618,-3897,2283,-3512,bf7dca91,bd817375,bc0f16d3,3dea7d9e,bf7dca92,bd817375,bc0f16d8,3dea7d9c,1,53883150

12464,167,134,-8,-514,2042,15597,-3953,2259,-3568,bf7dc819,bd833165,bc0fbeab,3dea2ec7,bf7dc81b,bd833166,bc0fbeac,3dea2ec6,1,53891669

12465,188,141,-9,-507,1992,15607,-3895,2275,-3516,bf7dc410,bd829d67,bc0d08d3,3deb9ee8,bf7dc410,bd829d65,bc0d08df,3deb9ee4,1,53900188

12466,192,136,-14,-501,1981,15594,-3895,2275,-3516,bf7dbf4e,bd825c1d,bc09f8ef,3ded115f,bf7dbf4f,bd825c1c,bc09f8f1,3ded115c,1,53908706

12467,197,139,-23,-483,1966,15606,-3887,2203,-3531,bf7dc0b2,bd83b77b,bc0a7524,3debf028,bf7dc0b3,bd83b77a,bc0a7522,3debf025,1,53917225

12468,188,144,-20,-476,1905,15603,-3847,2239,-3528,bf7dc5f2,bd82158f,bc080f84,3deb743e,bf7dc5f3,bd82158e,bc080f82,3deb743b,1,53925743

12469,186,134,-13,-506,1978,15597,-3847,2239,-3528,bf7dc4d4,bd83a1f2,bc0c5c64,3deada80,bf7dc4d5,bd83a1f2,bc0c5c62,3deada7e,1,53933761

12470,172,130,-8,-503,1967,15596,-3889,2221,-3577,bf7dc648,bd84f42b,bc0f4259,3de9afdc,bf7dc648,bd84f42b,bc0f4260,3de9afda,1,53942280

12471,178,136,-11,-525,1981,15606,-3861,2229,-3541,bf7dc80d,bd85bd9b,bc18fb7c,3de8a87d,bf7dc80d,bd85bd9b,bc18fb84,3de8a87b,1,53950798

12472,187,134,-12,-515,2000,15587,-3861,2229,-3541,bf7dca43,bd86e8b6,bc154fc4,3de76a84,bf7dca43,bd86e8b6,bc154fcd,3de76a82,1,53959317

12473,192,146,-5,-506,1948,15602,-3901,2265,-3568,bf7dcbf3,bd854711,bc13d7a2,3de7e9d4,bf7dcbf3,bd854711,bc13d7a9,3de7e9d2,1,53967835

12474,198,146,1,-465,1945,15597,-3887,2303,-3529,bf7dcc79,bd83ce73,bc0f8fb6,3de8a6df,bf7dcc79,bd83ce73,bc0f8fbb,3de8a6dd,1,53976354

12475,186,147,-8,-479,1967,15611,-3887,2303,-3529,bf7dcc14,bd82773e,bc0b9a58,3de98cec,bf7dcc14,bd82773e,bc0b9a5c,3de98cea,1,53984873

12476,183,136,-15,-491,1938,15622,-3891,2217,-3489,bf7dce67,bd83a779,bc0d5795,3de83b00,bf7dce67,bd83a779,bc0d579a,3de83afe,1,53993391

12477,197,134,-30,-494,1951,15617,-3891,2247,-3470,bf7dd550,bd837de4,bc0ecbde,3de66a1f,bf7dd550,bd837de4,bc0ecbce,3de66a1c,1,54001910

12478,193,130,-52,-523,1943,15606,-3899,2295,-3452,bf7dd58b,bd820b74,bc108d0b,3de7277c,bf7dd58c,bd820b75,bc108cff,3de7277a,1,54010429

12479,187,133,-64,-507,1962,15583,-3899,2295,-3452,bf7dd409,bd80eb5c,bc0f768b,3de834db,bf7dd40a,bd80eb5d,bc0f7689,3de834d9,1,54018947

12480,179,135,-51,-479,1956,15587,-3885,2233,-3486,bf7dd4ea,bd82683b,bc0dcb5f,3de72622,bf7dd4eb,bd82683c,bc0dcb59,3de7261f,1,54027466

12481,177,135,-42,-516,1970,15607,-3867,2297,-3489,bf7dd380,bd8138b2,bc0deb06,3de8331d,bf7dd381,bd8138b3,bc0deafb,3de8331a,1,54035484

12482,172,138,-17,-498,1986,15590,-3867,2297,-3489,bf7dd00a,bd808058,bc0ae106,3de991fa,bf7dd00a,bd808058,bc0ae101,3de991f6,1,54044002

12483,184,141,-13,-474,2009,15595,-3901,2273,-3474,bf7dccfa,bd821a28,bc065bb0,3de98ed0,bf7dccfa,bd821a28,bc065bb3,3de98ecd,1,54052521

12484,185,132,-14,-491,1964,15602,-3881,2277,-3458,bf7dc9f0,bd813837,bc070ae1,3deadcb4,bf7dc9f0,bd813837,bc070ae0,3deadcb1,1,54061040

12485,183,143,-14,-520,1965,15602,-3881,2277,-3458,bf7dc5c8,bd81c8dc,bc119ca9,3deb9309,bf7dc5c8,bd81c8dc,bc119ca4,3deb9306,1,54069558

12486,177,134,-11,-497,1999,15615,-3909,2283,-3483,bf7dc0ef,bd82eef2,bc0ac9c4,3dec4e89,bf7dc0f0,bd82eef3,bc0ac9c5,3dec4e88,1,54078077

12487,178,136,-3,-493,1968,15613,-3935,2237,-3505,bf7dc23f,bd844c36,bc0beebe,3deb2e7b,bf7dc240,bd844c37,bc0beec0,3deb2e7a,1,54086596

12488,179,144,4,-490,1962,15599,-3935,2237,-3505,bf7dc51f,bd855e6d,bc0c7881,3de9cad0,bf7dc51e,bd855e6d,bc0c787a,3de9cacc,1,54095115

12489,177,148,7,-474,1979,15619,-3925,2265,-3477,bf7dc83d,bd842061,bc0306e3,3de9bc9b,bf7dc83e,bd842062,bc0306e0,3de9bc99,1,54103633

12490,185,144,1,-485,1986,15616,-3887,2253,-3506,bf7dc883,bd8528b7,bc09d1bb,3de903ed,bf7dc883,bd8528b8,bc09d1a0,3de903ea,1,54112152

12491,185,142,-6,-511,1971,15606,-3919,2237,-3458,bf7dcb59,bd86080f,bc0fd512,3de7ae7e,bf7dcb59,bd86080f,bc0fd505,3de7ae7c,1,54120671

12492,182,136,-11,-510,1980,15602,-3919,2237,-3458,bf7dcf60,bd86b9b0,bc142b67,3de620c9,bf7dcf60,bd86b9b0,bc142b5b,3de620c7,1,54128689

12493,184,140,-8,-503,1959,15606,-3893,2227,-3476,bf7dd699,bd85e3e7,bc14d96f,3de49cfb,bf7dd699,bd85e3e7,bc14d96d,3de49cf9,1,54137207

12494,174,141,-5,-509,1954,15602,-3949,2271,-3506,bf7dd843,bd844aa3,bc143eb4,3de51640,bf7dd843,bd844aa3,bc143eb8,3de5163f,1,54145726

12495,170,134,-5,-524,1989,15610,-3949,2271,-3506,bf7dd606,bd834eaf,bc18d716,3de63914,bf7dd605,bd834eaf,bc18d711,3de63912,1,54154245

12496,163,134,-2,-489,1966,15592,-3887,2265,-3568,bf7dd5ae,bd822846,bc12174a,3de7098d,bf7dd5ae,bd822846,bc121744,3de7098c,1,54162763

12497,167,135,7,-519,1970,15619,-3925,2235,-3516,bf7dd5bc,bd83a379,bc158432,3de625c7,bf7dd5bd,bd83a37a,bc158430,3de625c7,1,54171282

12498,166,134,17,-493,1988,15625,-3925,2235,-3516,bf7dd659,bd85124c,bc12b3ed,3de52e62,bf7dd65a,bd85124d,bc12b3f6,3de52e62,1,54179800

12499,167,135,23,-507,2003,15590,-3917,2301,-3521,bf7dd4ca,bd83dd67,bc109cc5,3de653dc,bf7dd4c9,bd83dd67,bc109ccb,3de653d9,1,54188319

12500,182,137,23,-490,2012,15592,-3915,2299,-3457,bf7dd1ef,bd82ffb7,bc0ba5c9,3de7a6b1,bf7dd1f0,bd82ffb8,bc0ba5cf,3de7a6b0,1,54196837

12501,193,140,17,-519,1999,15597,-3915,2299,-3457,bf7dce16,bd8236ee,bc0d9d41,3de92021,bf7dce15,bd8236ed,bc0d9d3a,3de9201f,1,54205356

12502,195,142,2,-508,1955,15613,-3911,2287,-3471,bf7dcc93,bd80f16d,bc0e74e4,3dea3b82,bf7dcc93,bd80f16d,bc0e74da,3dea3b81,1,54213875

12503,183,143,-7,-506,1959,15603,-3917,2239,-3504,bf7dccd3,bd826de7,bc105bce,3de95286,bf7dccd3,bd826de7,bc105bcb,3de95285,1,54222393

12504,179,138,-4,-490,1930,15597,-3937,2207,-3497,bf7dcf01,bd83a50f,bc113e1d,3de80919,bf7dcf01,bd83a50f,bc113e1b,3de80918,1,54230912

12505,180,136,-2,-516,1975,15593,-3937,2207,-3497,bf7dd028,bd84fcd2,bc13bf63,3de6ed6d,bf7dd028,bd84fcd2,bc13bf60,3de6ed6c,1,54238930

12506,174,146,3,-500,1972,15602,-3875,2211,-3506,bf7dd2ab,bd861f24,bc13ef77,3de59328,bf7dd2ab,bd861f25,bc13ef79,3de59327,1,54247448

12507,174,151,10,-485,2025,15601,-3907,2301,-3546,bf7dd18a,bd84ee2d,bc0f2cb4,3de69fe1,bf7dd18b,bd84ee2e,bc0f2cba,3de69fe1,1,54255967

12508,174,146,3,-481,2010,15604,-3907,2301,-3546,bf7dd04a,bd83c138,bc0abe9e,3de7af0e,bf7dd049,bd83c137,bc0abea3,3de7af0d,1,54264486

12509,181,135,-2,-520,1973,15611,-3889,2241,-3586,bf7dcfde,bd83b49a,bc187a02,3de7b10f,bf7dcfde,bd83b49c,bc187a07,3de7b10f,1,54273004

12510,178,138,7,-522,1980,15609,-3891,2221,-3583,bf7dd068,bd85229f,bc1a7a2e,3de6b42c,bf7dd068,bd8522a0,bc1a7a38,3de6b42c,1,54281523

12511,180,139,18,-498,1975,15605,-3891,2221,-3583,bf7dd480,bd85a0a5,bc12d990,3de55e02,bf7dd480,bd85a0a4,bc12d98d,3de55e03,1,54290042

12512,182,140,31,-507,1978,15608,-3809,2237,-3589,bf7dd4e4,bd841a1e,bc1192a2,3de62798,bf7dd4e4,bd841a1d,bc11929e,3de62799,1,54298560

12513,189,153,28,-495,1953,15598,-3887,2243,-3498,bf7ddb0b,bd82b4d5,bc0de626,3de54a6a,bf7ddb0b,bd82b4d5,bc0de624,3de54a69,1,54307079

12514,180,143,6,-490,2075,15570,-3887,2243,-3498,bf7dd864,bd84688b,bc0c5238,3de50f99,bf7dd865,bd84688c,bc0c5237,3de50f98,1,54315598

12515,191,141,-13,-507,2012,15588,-3905,2213,-3478,bf7dd8cf,bd85d73f,bc0ea01a,3de416f5,bf7dd8ce,bd85d73f,bc0ea018,3de416f2,1,54324116

12516,198,151,-18,-515,1994,15603,-3881,2269,-3490,bf7dd8a8,bd846503,bc0f501d,3de4f769,bf7dd8a8,bd846503,bc0f501c,3de4f767,1,54332635

12517,201,148,-22,-494,2012,15609,-3879,2219,-3482,bf7dd926,bd85d6bb,bc0f1fe0,3de3fdcb,bf7dd927,bd85d6bc,bc0f1fde,3de3fdca,1,54341154

12518,213,144,-24,-524,2008,15620,-3879,2219,-3482,bf7dda5a,bd86fa5f,bc1522a4,3de2ebb0,bf7dda5a,bd86fa5f,bc1522a6,3de2ebae,1,54349171

12519,217,150,-26,-500,1982,15613,-3873,2227,-3512,bf7ddfbd,bd8544de,bc1232c3,3de2742b,bf7ddfbd,bd8544de,bc1232ba,3de27429,1,54357690

12520,233,156,-14,-482,1887,15623,-3823,2285,-3501,bf7de144,bd83931e,bc103667,3de30992,bf7de144,bd83931e,bc10365f,3de30990,1,54366209

12521,206,155,-19,-552,2003,15597,-3823,2285,-3501,bf7ddf51,bd826eb0,bc12eb9f,3de435b9,bf7ddf51,bd826eb0,bc12eb97,3de435b7,1,54374727

12522,207,170,-21,-520,1978,15584,-3883,2247,-3508,bf7ddc6b,bd83d440,bc18dd53,3de42703,bf7ddc6b,bd83d43f,bc18dd57,3de42701,1,54383246

12523,205,180,-22,-469,1920,15597,-3879,2225,-3560,bf7de1a2,bd82a2fa,bc0efc4e,3de37c9b,bf7de1a2,bd82a2f9,bc0efc4d,3de37c99,1,54391765

12524,194,191,-30,-427,1949,15620,-3879,2225,-3560,bf7de47e,bd82c083,bc0121d7,3de2c088,bf7de47e,bd82c082,bc0121d6,3de2c087,1,54400284

12525,199,177,-24,-445,1957,15595,-3883,2275,-3606,bf7de47b,bd815dca,bbf8771e,3de39707,bf7de47b,bd815dca,bbf8771d,3de39706,1,54408802

12526,189,162,-10,-472,1932,15594,-3871,2287,-3547,bf7de3e3,bd7ff30c,bbf76024,3de48b83,bf7de3e3,bd7ff30c,bbf7601e,3de48b82,1,54417321

12527,173,150,-5,-499,2031,15591,-3871,2287,-3547,bf7ddd5c,bd809e00,bbfcc512,3de5f830,bf7ddd5c,bd809e00,bbfcc50f,3de5f82f,1,54425839

12528,176,153,-3,-483,1945,15603,-3835,2265,-3553,bf7ddb3b,bd7f002b,bc00182c,3de72961,bf7ddb3b,bd7f002b,bc00182a,3de72960,1,54434358

12529,175,147,8,-514,1986,15606,-3901,2233,-3511,bf7dda01,bd810fae,bc045e24,3de69807,bf7dda02,bd810fb0,bc045e21,3de69807,1,54442877

12530,178,144,21,-466,1981,15601,-3885,2215,-3498,bf7dd9df,bd8296c5,bc0437bc,3de5c537,bf7dd9de,bd8296c6,bc0437b7,3de5c535,1,54450895

12531,181,146,11,-469,1933,15601,-3885,2215,-3498,bf7ddc86,bd83a8f0,bc055aff,3de4697b,bf7ddc85,bd83a8f1,bc055af8,3de46979,1,54459414

12532,171,129,5,-514,1983,15600,-3899,2243,-3435,bf7ddc5b,bd84dbc6,bc0e1146,3de3ae5b,bf7ddc5b,bd84dbc8,bc0e1144,3de3ae5a,1,54467932

12533,173,131,18,-481,1928,15586,-3861,2253,-3518,bf7dddf0,bd834563,bc0c5175,3de42d67,bf7dddf0,bd834565,bc0c5179,3de42d66,1,54476451

12534,169,131,13,-481,1938,15610,-3861,2253,-3518,bf7ddf14,bd81bcc5,bc0a0061,3de4c23a,bf7ddf14,bd81bcc7,bc0a0065,3de4c239,1,54484970

12535,154,139,14,-484,2022,15603,-3905,2249,-3548,bf7ddbbc,bd83816c,bc083877,3de4b186,bf7ddbbc,bd83816e,bc08387a,3de4b186,1,54493488

12536,168,135,22,-485,1994,15592,-3849,2259,-3480,bf7dd821,bd82c817,bc05085f,3de6223f,bf7dd821,bd82c817,bc050861,3de6223e,1,54502007

12537,168,139,13,-503,2027,15617,-3849,2259,-3480,bf7dd225,bd842d1c,bc088427,3de6f47e,bf7dd225,bd842d1b,bc08842a,3de6f47d,1,54510525

12538,179,143,1,-496,1992,15609,-3861,2233,-3511,bf7dd21f,bd85a019,bc0c2863,3de61744,bf7dd21f,bd85a018,bc0c2864,3de61743,1,54519044

12539,185,133,-7,-468,1957,15609,-3873,2257,-3527,bf7dd3dc,bd8414a0,bc0815d2,3de68ac9,bf7dd3dc,bd84149f,bc0815d3,3de68ac8,1,54527563

12540,183,135,-9,-495,1988,15598,-3873,2257,-3527,bf7dd207,bd82ec20,bc08f0d3,3de7b1e4,bf7dd207,bd82ec1f,bc08f0ce,3de7b1e4,1,54536082

12541,175,132,-11,-484,1929,15606,-3923,2289,-3484,bf7dd2a4,bd816c5c,bc07c6fc,3de8615c,bf7dd2a4,bd816c5b,bc07c6f6,3de8615c,1,54544600

12542,171,131,1,-510,1987,15590,-3887,2295,-3509,bf7dce62,bd80cd98,bc094b0d,3de9de62,bf7dce62,bd80cd98,bc094b0e,3de9de62,1,54552618

12543,174,135,10,-512,1993,15612,-3885,2245,-3500,bf7dccc1,bd8270e7,bc0c615f,3de95f5c,bf7dccc1,bd8270e7,bc0c6160,3de95f5c,1,54561137

12544,186,141,20,-507,1977,15622,-3885,2245,-3500,bf7dcc11,bd83f2ed,bc0fbd68,3de8adc3,bf7dcc11,bd83f2ed,bc0fbd69,3de8adc3,1,54569655

12545,187,148,22,-497,2015,15583,-3891,2239,-3482,bf7dcb38,bd8585b6,bc0ecefd,3de80522,bf7dcb39,bd8585b6,bc0ecefe,3de80523,1,54578174

12546,189,149,20,-488,2011,15606,-3909,2237,-3553,bf7dcbe7,bd86ceba,bc09152a,3de7246e,bf7dcbe8,bd86cebb,bc091534,3de7246f,1,54586693

12547,194,148,5,-492,2001,15593,-3909,2237,-3553,bf7dd2c1,bd85874d,bc0abbf1,3de5fc51,bf7dd2c2,bd85874d,bc0abbe3,3de5fc53,1,54595211

12548,199,147,-4,-495,1967,15611,-3865,2225,-3487,bf7dd8d0,bd85689f,bc0f35f2,3de455cc,bf7dd8cf,bd85689f,bc0f35f4,3de455ce,1,54603730

12549,194,135,-4,-480,1983,15603,-3857,2239,-3532,bf7ddaae,bd83f56f,bc089e3c,3de4b8a9,bf7ddaaf,bd83f571,bc089e34,3de4b8ab,1,54612249

12550,197,137,-12,-458,1938,15597,-3857,2239,-3532,bf7ddde6,bd8263f2,bc02d3ed,3de4c813,bf7ddde5,bd8263f3,bc02d3ee,3de4c813,1,54620767

12551,192,137,-33,-491,1956,15601,-3865,2247,-3486,bf7dddb0,bd8277d1,bc1050d3,3de4ab30,bf7dddb0,bd8277d1,bc1050d5,3de4ab31,1,54629286

12552,189,140,-32,-480,2040,15623,-3839,2227,-3516,bf7ddc0b,bd8417f7,bc0cf5ae,3de43951,bf7ddc0c,bd8417f7,bc0cf5ab,3de43953,1,54637804

12553,202,142,-37,-493,1999,15608,-3839,2227,-3516,bf7ddb5e,bd85a7df,bc0c150a,3de38271,bf7ddb5e,bd85a7de,bc0c150e,3de38271,1,54645822

12554,206,144,-36,-491,1949,15595,-3859,2193,-3573,bf7de0f1,bd85ed1f,bc0f4c15,3de1c224,bf7de0f1,bd85ed1e,bc0f4c1d,3de1c224,1,54654341

12555,204,142,-19,-522,2029,15600,-3873,2227,-3519,bf7ddf3b,bd873d91,bc1726db,3de15fed,bf7ddf3c,bd873d92,bc1726d2,3de15fee,1,54662859

12556,210,136,0,-498,1980,15607,-3875,2269,-3470,bf7de038,bd85a915,bc14bb57,3de21032,bf7de035,bd85a914,bc14bb50,3de2102f,1,54671378

12557,208,143,8,-491,1946,15618,-3875,2269,-3470,bf7de179,bd840a4a,bc126050,3de2afeb,bf7de178,bd840a4a,bc12604f,3de2afea,1,54679897

12558,198,145,3,-469,1938,15612,-3855,2231,-3493,bf7de606,bd82b12e,bc0a2b67,3de24650,bf7de605,bd82b12f,bc0a2b60,3de2464f,1,54688415

12559,191,146,-2,-476,1942,15605,-3895,2219,-3374,bf7de858,bd83d404,bc0b0780,3de0f3d0,bf7de857,bd83d405,bc0b0778,3de0f3cf,1,54696934

12560,186,141,-1,-505,1936,15608,-3895,2219,-3374,bf7deb63,bd84a4f8,bc106871,3ddf8e2f,bf7deb64,bd84a4f9,bc106873,3ddf8e31,1,54705452

12561,187,146,5,-495,1960,15600,-3881,2255,-3534,bf7debf6,bd831e07,bc0f1e31,3de04df4,bf7debf6,bd831e07,bc0f1e37,3de04df5,1,54713971

12562,178,142,2,-498,1965,15608,-3899,2237,-3508,bf7deda2,bd841c6b,bc15e791,3ddf2da2,bf7deda1,bd841c6a,bc15e788,3ddf2da1,1,54722490

12563,170,140,0,-495,1965,15595,-3899,2237,-3508,bf7df17c,bd82b0c3,bc0edb45,3ddefd47,bf7df17b,bd82b0c0,bc0edb50,3ddefd46,1,54731008

12564,171,131,5,-487,1989,15602,-3905,2255,-3515,bf7decdd,bd8298fb,bc09136a,3de069d0,bf7decdd,bd8298fa,bc09137c,3de069cf,1,54739527

12565,176,133,10,-486,1982,15601,-3905,2229,-3507,bf7dec5b,bd84261c,bc0aff3d,3ddfa081,bf7dec5a,bd84261a,bc0aff4c,3ddfa07f,1,54748046

12566,183,137,9,-469,1967,15606,-3905,2229,-3507,bf7df138,bd846b5a,bc0438f9,3dde252b,bf7df139,bd846b5c,bc043912,3dde252a,1,54756063

12567,187,140,7,-491,1977,15616,-3859,2197,-3540,bf7df2a8,bd858427,bc0a2a59,3ddd0544,bf7df2a7,bd858428,bc0a2a6a,3ddd0541,1,54764582

12568,185,143,4,-479,1976,15601,-3873,2283,-3443,bf7df294,bd841707,bc0855a5,3dddea2b,bf7df294,bd841708,bc0855b7,3dddea29,1,54773101

12569,182,148,-11,-516,1971,15612,-3897,2257,-3525,bf7df21d,bd82cc11,bc0d3539,3ddec392,bf7df21d,bd82cc12,bc0d3547,3ddec390,1,54781619

12570,188,142,-16,-505,1967,15603,-3897,2257,-3525,bf7df0c0,bd819573,bc0fed67,3ddfd502,bf7df0c1,bd819574,bc0fed73,3ddfd501,1,54790138

12571,186,134,-8,-518,1957,15596,-3877,2235,-3487,bf7defaf,bd82d756,bc189d7b,3ddf4fe5,bf7defaf,bd82d757,bc189d86,3ddf4fe4,1,54798656

12572,178,136,8,-515,1986,15605,-3867,2269,-3553,bf7dedbc,bd81b7ef,bc16d674,3de0896d,bf7dedbd,bd81b7f1,bc16d680,3de0896d,1,54807175

12573,182,138,18,-485,1928,15604,-3867,2269,-3553,bf7ded92,bd805488,bc1323d9,3de16aca,bf7ded92,bd805489,bc1323de,3de16ac9,1,54815694

12574,173,142,18,-486,1971,15607,-3875,2243,-3497,bf7deb22,bd81fb2e,bc0f3973,3de132af,bf7deb23,bd81fb2f,bc0f3975,3de132af,1,54824212

12575,171,137,13,-486,2004,15593,-3893,2251,-3472,bf7de7be,bd83a930,bc0c04fc,3de135a9,bf7de7bf,bd83a931,bc0c0501,3de135a9,1,54832731

12576,184,142,11,-502,1970,15630,-3893,2251,-3472,bf7de801,bd82521e,bc127b65,3de1d9aa,bf7de802,bd82521e,bc127b57,3de1d9aa,1,54841250

12577,183,141,11,-497,2043,15593,-3863,2249,-3485,bf7de3e8,bd83f69a,bc0fbcf1,3de21387,bf7de3e9,bd83f69b,bc0fbce9,3de21387,1,54849768

12578,192,135,9,-486,1960,15607,-3893,2287,-3487,bf7de3ad,bd828b1c,bc0d4d23,3de2fc6c,bf7de3ac,bd828b1c,bc0d4d1e,3de2fc6a,1,54858287

12579,184,141,6,-503,1974,15616,-3893,2287,-3487,bf7de1d6,bd815c22,bc0cacdb,3de42e6f,bf7de1d7,bd815c23,bc0cacd6,3de42e6e,1,54866305

12580,180,142,5,-492,1967,15599,-3911,2273,-3403,bf7ddd4f,bd82e40c,bc0bc62f,3de49384,bf7ddd4f,bd82e40d,bc0bc638,3de49383,1,54874823

12581,191,139,14,-489,1994,15593,-3863,2275,-3460,bf7dd9fc,bd82171b,bc082c87,3de5fc76,bf7dd9fd,bd82171d,bc082c90,3de5fc76,1,54883342

12582,194,140,17,-433,1942,15598,-3909,2249,-3469,bf7ddc99,bd827ab2,bbf95943,3de524fa,bf7ddc9a,bd827ab2,bbf95951,3de524fa,1,54891861

12583,191,145,-9,-504,1988,15600,-3909,2249,-3469,bf7ddb6e,bd83c80c,bc04ab1e,3de4a6d0,bf7ddb6e,bd83c80c,bc04ab25,3de4a6cf,1,54900379

12584,185,141,-12,-493,1992,15612,-3863,2227,-3468,bf7ddbb2,bd853154,bc08a494,3de3b8f2,bf7ddbb3,bd853154,bc08a49d,3de3b8f3,1,54908898

12585,190,140,-12,-524,1973,15600,-3903,2273,-3561,bf7ddb90,bd83c70d,bc0bc297,3de48d48,bf7ddb8f,bd83c70c,bc0bc298,3de48d48,1,54917416

12586,191,138,-8,-548,2060,15641,-3903,2273,-3561,bf7dd5cc,bd843f77,bc12c7d2,3de5ceef,bf7dd5cc,bd843f78,bc12c7d0,3de5cef0,1,54925935

12587,211,150,-3,-378,1698,15625,-3893,2309,-3492,bf7dd831,bd829378,bc0ef858,3de6240e,bf7dd831,bd829379,bc0ef857,3de6240f,1,54934453

12588,193,135,-15,-508,2014,15612,-3893,2267,-3514,bf7dd1ff,bd83a53b,bc0e719c,3de73e1c,bf7dd1ff,bd83a53c,bc0e7195,3de73e1d,1,54942972

12589,174,133,-24,-518,1928,15623,-3893,2267,-3514,bf7dd35e,bd821a03,bc1158fc,3de7b5db,bf7dd35e,bd821a04,bc1158f8,3de7b5db,1,54951490

12590,188,141,-21,-507,2020,15598,-3881,2277,-3588,bf7dce19,bd821561,bc0d8464,3de93247,bf7dce1a,bd821562,bc0d8460,3de93248,1,54960009

12591,188,141,-20,-495,1989,15609,-3895,2271,-3502,bf7dc8ac,bd8309b4,bc083d3d,3dea2f7a,bf7dc8ab,bd8309b3,bc083d33,3dea2f7a,1,54968027

12592,191,144,-6,-508,1991,15592,-3895,2271,-3502,bf7dc30c,bd837130,bc0ea9f2,3deb6bb7,bf7dc30b,bd837131,bc0ea9fa,3deb6bb5,1,54976546

12593,185,146,8,-504,1971,15595,-3919,2235,-3573,bf7dc41d,bd84cbe1,bc104c59,3dea5aee,bf7dc41d,bd84cbe3,bc104c5d,3dea5aed,1,54985064

12594,190,145,14,-476,1972,15592,-3849,2273,-3555,bf7dc430,bd836897,bc0b3507,3deb2996,bf7dc42f,bd836899,bc0b3507,3deb2993,1,54993583

12595,193,143,10,-504,2018,15603,-3927,2283,-3542,bf7dbdea,bd83bcbc,bc0919d7,3decaf8f,bf7dbdeb,bd83bcbd,bc0919d2,3decaf8f,1,55002102

12596,204,140,3,-507,1997,15615,-3927,2283,-3542,bf7dba2b,bd82f19e,bc0a5a0d,3dee1d74,bf7dba2b,bd82f19f,bc0a5a16,3dee1d73,1,55010620

12597,216,145,-5,-470,2045,15591,-3925,2293,-3478,bf7db642,bd840d13,bc020e6e,3dee9dee,bf7db643,bd840d15,bc020e7a,3dee9dee,1,55019139

12598,220,152,-34,-486,1935,15620,-3951,2329,-3536,bf7db6bc,bd827ccc,bc00dbba,3def5bfb,bf7db6bc,bd827ccd,bc00dbc6,3def5bfa,1,55027658

12599,225,149,-35,-489,1978,15629,-3951,2329,-3536,bf7db54e,bd813492,bbfeb2fb,3df071b1,bf7db54f,bd813494,bbfeb30a,3df071b0,1,55036177

12600,219,147,-39,-472,1903,15594,-3891,2249,-3471,bf7db9d0,bd81f211,bc01cc1f,3deed48f,bf7db9d1,bd81f212,bc01cc2b,3deed48e,1,55044695

12601,202,142,-39,-512,2004,15588,-3875,2303,-3543,bf7db5c4,bd814f37,bc038361,3df03b67,bf7db5c3,bd814f36,bc038367,3df03b64,1,55053214

12602,208,138,-28,-478,1922,15594,-3875,2303,-3543,bf7db5ab,bd7fb0d2,bc01820c,3df10eaa,bf7db5ac,bd7fb0d2,bc018211,3df10ea9,1,55061232

12603,208,142,-18,-514,1952,15595,-3861,2279,-3459,bf7db2b8,bd810e16,bc0a3316,3df11caf,bf7db2b9,bd810e16,bc0a3318,3df11cae,1,55069751

12604,189,155,-16,-500,1956,15603,-3877,2233,-3548,bf7db356,bd8283ba,bc0b65ba,3df026cc,bf7db356,bd8283ba,bc0b65ba,3df026ca,1,55078269

12605,194,157,-26,-475,1928,15602,-3877,2233,-3548,bf7db77c,bd835e8e,bc0815d5,3dee9dba,bf7db77a,bd835e8d,bc0815ce,3dee9db6,1,55086788

12606,182,154,-20,-455,1946,15607,-3891,2257,-3572,bf7dbaa8,bd8252d8,bbf9e02d,3dee70b0,bf7dbaa8,bd8252d8,bbf9e025,3dee70ae,1,55095306

12607,181,148,-7,-462,1936,15622,-3899,2269,-3506,bf7dbf0f,bd80b6af,bbf1a4cb,3dee2d3f,bf7dbf0e,bd80b6af,bbf1a4a2,3dee2d3d,1,55103825

12608,180,142,6,-448,1917,15604,-3881,2251,-3542,bf7dc34c,bd817c4f,bbec0c12,3deca5b2,bf7dc34c,bd817c50,bbec0bff,3deca5b1,1,55112344

12609,176,140,0,-500,1978,15618,-3881,2251,-3542,bf7dc1a9,bd82d24f,bbfce35d,3dec484e,bf7dc1a9,bd82d250,bbfce355,3dec484d,1,55120862

12610,168,135,-5,-503,2005,15608,-3867,2219,-3487,bf7dc183,bd84579e,bc0202a5,3deb7180,bf7dc182,bd84579e,bc0202a1,3deb717e,1,55129381

12611,180,137,-3,-488,1959,15618,-3903,2221,-3544,bf7dc446,bd855d80,bc05ea36,3dea157c,bf7dc445,bd855d81,bc05ea2e,3dea157a,1,55137899

12612,181,136,-8,-519,1978,15592,-3903,2221,-3544,bf7dc61a,bd865956,bc0d886a,3de8f46b,bf7dc619,bd865958,bc0d885f,3de8f469,1,55146418

12613,184,141,-5,-482,1952,15596,-3879,2217,-3503,bf7dcca1,bd86470a,bc0c33a0,3de738e2,bf7dcca1,bd86470c,bc0c339a,3de738e1,1,55154937

12614,180,134,8,-493,1972,15612,-3925,2273,-3566,bf7dcd6c,bd84bdb2,bc0ad80b,3de7e764,bf7dcd6c,bd84bdb4,bc0ad803,3de7e763,1,55163455

12615,174,140,22,-497,2000,15593,-3925,2273,-3566,bf7dcb6c,bd839717,bc08ffaf,3de91ec4,bf7dcb6c,bd839718,bc08ffb5,3de91ec3,1,55171473

12616,186,140,24,-477,1947,15597,-3903,2261,-3507,bf7dce10,bd81fb8e,bc0490f7,3de9580d,bf7dce10,bd81fb8e,bc049100,3de9580c,1,55179992

12617,184,144,14,-489,1948,15604,-3853,2263,-3497,bf7dccf0,bd80aa06,bc06d43e,3dea5bbc,bf7dccf0,bd80aa07,bc06d44a,3dea5bbb,1,55188510

12618,186,142,9,-462,1937,15597,-3853,2263,-3497,bf7dcc33,bd802d85,bbf58709,3deaedb5,bf7dcc33,bd802d85,bbf5871e,3deaedb4,1,55197029

12619,187,143,12,-464,1945,15601,-3915,2219,-3496,bf7dccf5,bd819497,bbf8aec3,3de9f082,bf7dccf5,bd819497,bbf8aed6,3de9f081,1,55205547

12620,170,127,2,-485,1954,15622,-3865,2235,-3480,bf7dcd76,bd82f3e7,bc0187f9,3de8fda0,bf7dcd75,bd82f3e6,bc0187f8,3de8fd9e,1,55214066

12621,170,126,-12,-504,2003,15625,-3869,2259,-3461,bf7dca24,bd846343,bc09475f,3de9042f,bf7dca23,bd846343,bc094754,3de9042d,1,55222584

12622,172,141,-10,-490,1971,15605,-3869,2259,-3461,bf7dcbee,bd82cc3c,bc07d9c1,3de9706d,bf7dcbef,bd82cc3d,bc07d9d4,3de9706e,1,55231103

12623,172,137,-2,-477,2021,15578,-3859,2271,-3530,bf7dc69f,bd833345,bc009d71,3deab78a,bf7dc6a0,bd833345,bc009d80,3deab78b,1,55239622

12624,177,134,-5,-497,1965,15619,-3895,2223,-3522,bf7dc7e1,bd8477f9,bc056951,3de99ebd,bf7dc7e0,bd8477f8,bc056954,3de99ebb,1,55248140

12625,189,142,2,-480,1956,15602,-3895,2223,-3522,bf7dcb79,bd85578a,bc0722a8,3de8205f,bf7dcb7a,bd85578b,bc0722ae,3de82060,1,55256659

12626,186,140,-6,-483,1971,15603,-3941,2231,-3484,bf7dcee4,bd8645b1,bc08b6fe,3de6a31c,bf7dcee5,bd8645b2,bc08b6fd,3de6a31d,1,55265177

12627,184,138,-9,-485,1948,15605,-3915,2261,-3506,bf7dd16b,bd849a1d,bc08327c,3de6e9bd,bf7dd16a,bd849a1d,bc08327b,3de6e9bc,1,55273195

12628,179,140,-9,-488,1998,15593,-3915,2261,-3506,bf7dce06,bd8413ef,bc03f2f8,3de82e4b,bf7dce07,bd8413f2,bc03f2e8,3de82e4d,1,55281714

12629,180,136,-7,-500,1980,15612,-3887,2219,-3490,bf7dcf39,bd855c69,bc08495e,3de71406,bf7dcf39,bd855c6c,bc084954,3de71406,1,55290232

12630,172,143,-3,-507,1973,15597,-3917,2225,-3471,bf7dd1ab,bd865c8f,bc0d9675,3de5c619,bf7dd1ab,bd865c91,bc0d966e,3de5c619,1,55298751

12631,173,137,8,-472,2011,15606,-3917,2225,-3471,bf7dd3a1,bd878f7c,bc0a2994,3de48eb9,bf7dd3a1,bd878f7e,bc0a2988,3de48eb9,1,55307270

12632,180,133,3,-502,2000,15598,-3889,2249,-3513,bf7dd507,bd85f822,bc0ba8d4,3de5175e,bf7dd505,bd85f822,bc0ba8c9,3de5175c,1,55315788

12633,181,138,1,-475,2011,15601,-3913,2275,-3519,bf7dd477,bd84b994,bc0683e2,3de60484,bf7dd477,bd84b995,bc0683db,3de60484,1,55324307

12634,192,143,-4,-484,1941,15607,-3881,2291,-3484,bf7dd4f7,bd833217,bc057b32,3de6c415,bf7dd4f7,bd833218,bc057b2e,3de6c415,1,55332826

12635,191,144,-12,-498,2010,15605,-3881,2291,-3484,bf7dd1ad,bd82576d,bc0503b5,3de827b8,bf7dd1ad,bd82576e,bc0503ae,3de827b8,1,55341344

12636,203,149,-4,-475,1969,15595,-3901,2245,-3501,bf7dd21e,bd83c62e,bc04723b,3de73a4c,bf7dd21d,bd83c62f,bc047230,3de73a4a,1,55349863

12637,207,142,-3,-453,1958,15591,-3881,2283,-3493,bf7dd262,bd8255fc,bbff99ce,3de80277,bf7dd261,bd8255fd,bbff99ca,3de80275,1,55358381

12638,200,139,-17,-458,1914,15596,-3881,2283,-3493,bf7dd35d,bd80c331,bbfb7b7d,3de8a345,bf7dd35c,bd80c332,bbfb7b73,3de8a343,1,55366399

12639,185,141,-20,-499,1981,15599,-3887,2297,-3452,bf7dce81,bd807b0c,bc02079c,3dea1391,bf7dce81,bd807b0d,bc0207a0,3dea1390,1,55375419

12640,180,137,-7,-519,1962,15614,-3931,2257,-3512,bf7dcd7b,bd81ddf1,bc095b5a,3de98600,bf7dcd7c,bd81ddf2,bc095b61,3de98600,1,55383437

12641,172,138,4,-503,1996,15596,-3931,2257,-3512,bf7dcbb7,bd8388db,bc0b8e09,3de90c7f,bf7dcbb8,bd8388dc,bc0b8e0e,3de90c7f,1,55391955

12642,176,140,16,-494,2035,15604,-3909,2273,-3525,bf7dc5bf,bd84b27c,bc06e509,3dea0e70,bf7dc5bf,bd84b27d,bc06e502,3dea0e6f,1,55400474

12643,196,145,14,-457,1946,15605,-3893,2305,-3492,bf7dc604,bd8337a4,bc033c43,3dead911,bf7dc604,bd8337a5,bc033c3a,3dead910,1,55408992

12644,200,145,1,-469,1961,15602,-3893,2305,-3492,bf7dc564,bd81d691,bc0032ec,3debcebe,bf7dc565,bd81d693,bc0032e2,3debcebe,1,55417511

12645,195,135,0,-475,1942,15617,-3949,2261,-3509,bf7dc7ce,bd82f3d3,bc02f4eb,3dea83d0,bf7dc7cf,bd82f3d4,bc02f4e1,3dea83cf,1,55426030

12646,194,139,-3,-462,1977,15604,-3913,2245,-3465,bf7dc8f9,bd844ecd,bc0125a3,3de97384,bf7dc8f9,bd844ecd,bc01259a,3de97382,1,55434548

12647,191,139,-10,-491,1982,15606,-3899,2233,-3567,bf7dca58,bd857423,bc075d6d,3de85eb1,bf7dca57,bd857422,bc075d63,3de85eaf,1,55443067

12648,184,142,-12,-496,1968,15596,-3899,2233,-3567,bf7dd051,bd84aaf3,bc0ece4a,3de71dd3,bf7dd050,bd84aaf3,bc0ece4c,3de71dd1,1,55451585

12649,186,146,-11,-505,1971,15600,-3919,2295,-3515,bf7dd003,bd8341ff,bc0d95cc,3de803ad,bf7dd004,bd834200,bc0d95cf,3de803ad,1,55460104

12650,195,139,-9,-481,1971,15599,-3945,2229,-3479,bf7dd1a5,bd848ce8,bc0d22ac,3de6d5a8,bf7dd1a4,bd848ce7,bc0d22ad,3de6d5a6,1,55468623

12651,195,136,-9,-508,1969,15591,-3945,2229,-3479,bf7dd3d7,bd85a808,bc10fa18,3de58d84,bf7dd3d6,bd85a808,bc10fa14,3de58d82,1,55476641

12652,193,132,-8,-479,1952,15594,-3939,2255,-3465,bf7dd8df,bd842076,bc0bb8ef,3de51910,bf7dd8de,bd842076,bc0bb8e8,3de5190e,1,55485159

12653,184,130,0,-475,1927,15614,-3885,2261,-3530,bf7dda8e,bd828741,bc09778c,3de59153,bf7dda8d,bd828741,bc097791,3de59151,1,55493678

12654,167,139,7,-485,1965,15602,-3885,2261,-3530,bf7dd8c8,bd816931,bc068d63,3de6b6e1,bf7dd8c7,bd816932,bc068d69,3de6b6e0,1,55502196

12655,174,143,8,-449,1964,15601,-3891,2263,-3544,bf7dd71f,bd813439,bbf479b9,3de76481,bf7dd71f,bd813439,bbf479cc,3de76482,1,55510715

12656,177,134,-5,-518,2016,15591,-3911,2305,-3538,bf7dd20e,bd81007d,bbff70a2,3de8d859,bf7dd20e,bd81007e,bbff70b6,3de8d85a,1,55519234

12657,181,139,-10,-516,1978,15599,-3911,2305,-3538,bf7dce92,bd803ad7,bc03c136,3dea2ed9,bf7dce92,bd803ad7,bc03c13e,3dea2eda,1,55527752

12658,184,142,-3,-488,1975,15588,-3867,2239,-3534,bf7dcd4a,bd81dbb8,bc056e36,3de99d9a,bf7dcd4a,bd81dbb8,bc056e42,3de99d9b,1,55536271

12659,184,134,-5,-498,1992,15616,-3875,2263,-3508,bf7dc84e,bd8357fd,bc090eb6,3dea1b4d,bf7dc84d,bd8357fd,bc090ea4,3dea1b4d,1,55544790

12660,190,141,-10,-503,2004,15594,-3851,2249,-3505,bf7dc506,bd84f93a,bc0bd415,3dea0cd0,bf7dc506,bd84f93a,bc0bd40d,3dea0cd1,1,55553308

12661,185,139,-7,-490,1960,15613,-3851,2249,-3505,bf7dc7d9,bd834dea,bc09acf8,3dea3ec5,bf7dc7d9,bd834dea,bc09acf4,3dea3ec6,1,55561827

12662,188,143,1,-485,1969,15603,-3909,2241,-3562,bf7dc97c,bd849883,bc087442,3de9156f,bf7dc97d,bd849883,bc087442,3de91571,1,55570346

12663,190,139,0,-486,1975,15615,-3931,2217,-3525,bf7dcb91,bd85ca3b,bc09c873,3de7d1d7,bf7dcb90,bd85ca3a,bc09c871,3de7d1d8,1,55578864

12664,190,141,3,-463,1979,15597,-3931,2217,-3525,bf7dcec1,bd86c09c,bc070e60,3de66902,bf7dcec0,bd86c09b,bc070e62,3de66904,1,55586882

12665,192,137,-7,-473,1959,15603,-3913,2265,-3529,bf7dd0ac,bd851e3c,bc051435,3de6d931,bf7dd0ad,bd851e3c,bc051437,3de6d935,1,55595401

12666,190,134,-15,-516,1982,15610,-3887,2227,-3448,bf7dd26a,bd861a9d,bc0cc7cb,3de5b9e5,bf7dd269,bd861a9c,bc0cc7ca,3de5b9e7,1,55603920

12667,195,140,-13,-497,1963,15591,-3887,2227,-3448,bf7dd854,bd862951,bc1081f9,3de40437,bf7dd853,bd862952,bc1081f2,3de40438,1,55612438

12668,195,138,-12,-488,1949,15613,-3907,2255,-3567,bf7dda5d,bd8483f0,bc0e8b39,3de46e0c,bf7dda5e,bd8483f2,bc0e8b36,3de46e0e,1,55620957

12669,183,139,1,-492,1982,15632,-3913,2211,-3533,bf7ddc1f,bd85c4a0,bc0f5bc4,3de33395,bf7ddc1e,bd85c49f,bc0f5bba,3de33396,1,55629475

12670,177,143,12,-500,1962,15613,-3913,2211,-3533,bf7de08c,bd864a7e,bc12bce3,3de19ded,bf7de08b,bd864a7d,bc12bce5,3de19def,1,55637994

12671,178,138,16,-500,1996,15604,-3935,2233,-3482,bf7de48e,bd8703a2,bc130dfc,3de00c7e,bf7de48f,bd8703a3,bc130df8,3de00c82,1,55646513

12672,179,138,22,-467,2009,15607,-3883,2289,-3536,bf7de43f,bd85af0c,bc0ec1c9,3de0f9ac,bf7de440,bd85af0d,bc0ec1ca,3de0f9b0,1,55655031

12673,183,135,20,-455,1948,15611,-3895,2195,-3516,bf7de8d7,bd862930,bc0acbb3,3ddf6dc7,bf7de8d6,bd862930,bc0acbb2,3ddf6dca,1,55663550

12674,182,140,-2,-465,1969,15604,-3895,2195,-3516,bf7decfa,bd86df83,bc095b46,3dddd52d,bf7decfb,bd86df84,bc095b40,3dddd532,1,55672068

12675,189,139,-11,-477,1981,15621,-3891,2257,-3544,bf7dedfd,bd855446,bc07a84d,3dde7e8a,bf7dedfc,bd855445,bc07a849,3dde7e8d,1,55680587

12676,182,133,-23,-523,2026,15609,-3925,2261,-3524,bf7deb12,bd84af27,bc0f5202,3ddfa1fa,bf7deb12,bd84af28,bc0f5208,3ddfa1fe,1,55688605

12677,196,137,-23,-520,2032,15605,-3925,2261,-3524,bf7de5ce,bd84b35b,bc13ffee,3de110a8,bf7de5ce,bd84b35c,bc13fff5,3de110ac,1,55697124

12678,209,138,-23,-523,2005,15604,-3931,2283,-3521,bf7de455,bd837767,bc14546d,3de232e3,bf7de456,bd837769,bc145471,3de232e7,1,55705642

12679,224,149,-16,-488,1965,15617,-3863,2283,-3576,bf7de44d,bd820210,bc10f50b,3de31547,bf7de44d,bd820211,bc10f50f,3de31549,1,55714161

12680,223,153,-19,-483,1951,15602,-3863,2283,-3576,bf7de3fb,bd8097ba,bc0d6eb1,3de402cf,bf7de3fc,bd8097bc,bc0d6eb4,3de402d2,1,55722679

12681,223,147,-20,-467,1939,15603,-3917,2255,-3460,bf7de530,bd81b98c,bc065da4,3de3194a,bf7de530,bd81b98c,bc065d9d,3de3194b,1,55731198

12682,211,150,-14,-465,1956,15631,-3893,2269,-3527,bf7de482,bd8070e2,bc016723,3de40f92,bf7de483,bd8070e2,bc01671e,3de40f94,1,55739717

12683,209,145,-16,-471,1868,15620,-3893,2269,-3527,bf7de654,bd7d7ed6,bc020bff,3de47ec6,bf7de655,bd7d7ed6,bc020c00,3de47ec8,1,55748235

12684,205,142,-11,-479,1963,15592,-3899,2281,-3523,bf7de018,bd7e92e7,bc01da1c,3de5ecf2,bf7de018,bd7e92e6,bc01da22,3de5ecf3,1,55756754

12685,195,138,-6,-438,1899,15586,-3863,2251,-3578,bf7de166,bd7c4556,bbf03e49,3de64836,bf7de166,bd7c4557,bbf03e45,3de64837,1,55765272

12686,184,138,6,-490,1948,15621,-3885,2255,-3510,bf7ddf10,bd7f3a95,bbfdc5db,3de60db6,bf7ddf10,bd7f3a95,bbfdc5df,3de60db7,1,55773791

12687,186,135,-8,-503,1963,15606,-3885,2255,-3510,bf7ddc6c,bd8109a2,bc066fd9,3de5eb8f,bf7ddc6d,bd8109a2,bc066fdf,3de5eb91,1,55781809

12688,195,147,-17,-520,1962,15621,-3923,2259,-3476,bf7ddb2b,bd823df9,bc0f6a7c,3de580e0,bf7ddb2c,bd823df9,bc0f6a7f,3de580e1,1,55790328

12689,193,145,-12,-515,1970,15596,-3905,2243,-3496,bf7ddac4,bd83abd7,bc14492b,3de4bfc2,bf7ddac5,bd83abd7,bc144929,3de4bfc3,1,55798846

12690,200,145,-1,-452,1943,15591,-3905,2243,-3496,bf7dde88,bd8316e6,bc07f686,3de428a6,bf7dde89,bd8316e6,bc07f684,3de428a7,1,55807365

12691,194,140,6,-441,1944,15598,-3883,2223,-3516,bf7de239,bd83a42f,bbff7842,3de2e29a,bf7de23a,bd83a42f,bbff7832,3de2e29b,1,55815883

12692,176,133,-7,-461,1953,15603,-3909,2223,-3512,bf7de5ad,bd849010,bc01261a,3de15d55,bf7de5ac,bd84900f,bc012611,3de15d54,1,55824402

12693,164,133,-22,-505,1947,15633,-3909,2223,-3512,bf7de926,bd848514,bc0c83d7,3de04d34,bf7de927,bd848514,bc0c83d0,3de04d35,1,55832921

12694,161,133,-13,-522,2012,15606,-3877,2201,-3468,bf7de938,bd85fbf9,bc10e2de,3ddf5e29,bf7de937,bd85fbf9,bc10e2d1,3ddf5e28,1,55841439

12695,170,133,-4,-529,1983,15597,-3861,2237,-3491,bf7de9fc,bd84a9a8,bc180b0b,3ddfdd3f,bf7de9fd,bd84a9aa,bc180b0e,3ddfdd40,1,55849958

12696,174,137,7,-495,2022,15606,-3861,2237,-3491,bf7de6cf,bd85acb5,bc0dbadd,3de04477,bf7de6cf,bd85acb3,bc0dbad1,3de04477,1,55858477

12697,184,143,17,-452,1956,15595,-3871,2233,-3508,bf7de9d2,bd843b97,bc066749,3de05726,bf7de9d2,bd843b95,bc06673f,3de05726,1,55866995

12698,181,147,15,-436,1904,15602,-3865,2211,-3541,bf7def6f,bd82edec,bc007d59,3ddf91d1,bf7def6f,bd82ede9,bc007d59,3ddf91d0,1,55875514

12699,174,130,6,-466,1992,15604,-3885,2261,-3529,bf7deca1,bd82057f,bbfc2bc1,3de0e981,bf7deca1,bd82057d,bbfc2bbd,3de0e981,1,55884033

12700,185,130,-8,-480,1942,15620,-3885,2261,-3529,bf7dec5a,bd80a06c,bc0134da,3de1c39f,bf7dec5b,bd80a06a,bc0134dc,3de1c3a0,1,55892050

12701,180,132,-6,-514,1989,15621,-3905,2241,-3496,bf7dea88,bd821d97,bc07d7bd,3de15c46,bf7dea88,bd821d94,bc07d7b9,3de15c47,1,55900569

12702,177,133,-3,-526,1975,15599,-3909,2189,-3511,bf7dead7,bd838185,bc0c838e,3de06bb0,bf7dead7,bd838182,bc0c8387,3de06bb2,1,55909088

12703,190,136,0,-517,1988,15601,-3909,2189,-3511,bf7deb65,bd84dd03,bc103650,3ddf6d1a,bf7deb64,bd84dd00,bc10364c,3ddf6d1b,1,55917606

12704,180,141,9,-480,1979,15589,-3895,2199,-3501,bf7ded3d,bd8614f8,bc0facb6,3dde2d13,bf7ded3c,bd8614f6,bc0facba,3dde2d14,1,55926125

12705,185,148,4,-443,1939,15601,-3883,2197,-3580,bf7df2f3,bd852a0f,bc074904,3ddd2ca6,bf7df2f2,bd852a0e,bc074901,3ddd2ca6,1,55934643

12706,176,132,5,-478,1987,15598,-3883,2197,-3580,bf7df4ec,bd8653ad,bc09b273,3ddbe0ea,bf7df4eb,bd8653ac,bc09b267,3ddbe0ea,1,55943162

12707,181,134,4,-477,1990,15600,-3877,2241,-3553,bf7df59c,bd84d2d3,bc07f2c3,3ddc9c7d,bf7df599,bd84d2d1,bc07f2bd,3ddc9c7b,1,55951680

12708,184,132,3,-493,2034,15593,-3875,2199,-3555,bf7df499,bd8664c1,bc0a9d68,3ddbec2c,bf7df49a,bd8664c1,bc0a9d69,3ddbec2e,1,55960199

12709,185,140,4,-479,1969,15595,-3875,2199,-3555,bf7dfb5d,bd85912e,bc0c6b0f,3dda7355,bf7dfb5c,bd85912c,bc0c6b14,3dda7357,1,55968717

12710,201,138,-2,-511,1993,15601,-3915,2245,-3579,bf7dfb27,bd84257b,bc0f96ca,3ddb5748,bf7dfb26,bd842579,bc0f96d0,3ddb574a,1,55977236

12711,197,137,-15,-485,1960,15602,-3891,2217,-3582,bf7e000c,bd82742b,bc0df7b5,3ddaf3f1,bf7e000d,bd82742a,bc0df7a6,3ddaf3f2,1,55985755

12712,195,143,-8,-480,1906,15601,-3897,2225,-3479,bf7e0677,bd811c7f,bc0ff479,3dd9dd93,bf7e0678,bd811c7e,bc0ff468,3dd9dd92,1,55994273

12713,183,130,-3,-498,1992,15610,-3897,2225,-3479,bf7e04d3,bd82c1c4,bc11f0a2,3dd95760,bf7e04d3,bd82c1c2,bc11f095,3dd9575e,1,56002291

12714,184,134,3,-480,1946,15611,-3915,2251,-3536,bf7e053f,bd814da0,bc0ef38e,3dda1e34,bf7e053e,bd814d9e,bc0ef384,3dda1e31,1,56010810

12715,180,134,12,-500,1980,15619,-3863,2277,-3604,bf7e0348,bd802b7b,bc0df71c,3ddb5d37,bf7e0349,bd802b7a,bc0df712,3ddb5d36,1,56019329

12716,185,131,9,-470,1982,15593,-3863,2277,-3604,bf7e00b8,bd7e86e8,bc09b091,3ddcac16,bf7e00b8,bd7e86e5,bc09b08a,3ddcac14,1,56027847

12717,192,138,-2,-488,1980,15611,-3869,2267,-3474,bf7dfa74,bd7fb0e9,bc0956c5,3dde23b4,bf7dfa74,bd7fb0e8,bc0956b8,3dde23b2,1,56036366

12718,201,137,-12,-468,1913,15601,-3915,2223,-3553,bf7dfc70,bd810c83,bc099d7a,3ddcde70,bf7dfc70,bd810c82,bc099d7c,3ddcde6e,1,56044884

12719,197,145,-15,-500,1981,15600,-3915,2223,-3553,bf7dfb37,bd8295bb,bc0d71d8,3ddc4755,bf7dfb37,bd8295ba,bc0d71db,3ddc4753,1,56053403

12720,196,145,-14,-508,1969,15616,-3903,2233,-3543,bf7df96b,bd831b3e,bc1a150f,3ddc5aa4,bf7df96b,bd831b3f,bc1a150c,3ddc5aa3,1,56061922

12721,197,138,-10,-495,1960,15610,-3893,2277,-3538,bf7df928,bd81bc09,bc16f0ea,3ddd45fa,bf7df929,bd81bc0a,bc16f0e7,3ddd45fa,1,56070441

12722,192,146,-3,-476,1958,15612,-3893,2277,-3538,bf7df85d,bd8084de,bc11a222,3dde435d,bf7df85e,bd8084df,bc11a222,3dde435d,1,56078959

12723,184,142,4,-485,1991,15596,-3861,2227,-3591,bf7df510,bd822c67,bc0e609a,3dde46f4,bf7df511,bd822c69,bc0e609e,3dde46f4,1,56087478

12724,189,142,10,-475,1954,15606,-3917,2243,-3552,bf7df582,bd81395e,bc03e9b0,3ddecdbe,bf7df583,bd81395e,bc03e9b9,3ddecdbd,1,56095996

12725,192,131,1,-447,1933,15621,-3923,2261,-3573,bf7df5bf,bd7fb4d6,bbfd96ca,3ddf9271,bf7df5bf,bd7fb4d4,bbfd96df,3ddf926f,1,56104014

12726,192,136,-21,-488,1917,15612,-3923,2261,-3573,bf7df4e2,bd7d72bd,bc062b05,3de06434,bf7df4e2,bd7d72bc,bc062b13,3de06432,1,56112533

12727,186,140,-23,-508,1953,15619,-3883,2229,-3519,bf7df3c5,bd803cd9,bc0b55b5,3ddfcbab,bf7df3c4,bd803cd8,bc0b55be,3ddfcba9,1,56121051

12728,179,137,-11,-512,1923,15618,-3895,2249,-3540,bf7df2b5,bd7f3433,bc16ef09,3de057dc,bf7df2b6,bd7f3434,bc16ef12,3de057db,1,56129570

12729,168,140,5,-483,1938,15613,-3895,2249,-3540,bf7df051,bd807003,bc0b5d00,3de0a945,bf7df051,bd807002,bc0b5d02,3de0a943,1,56138089

12730,167,140,18,-503,2017,15595,-3901,2275,-3509,bf7de9a4,bd819239,bc0bd466,3de1e332,bf7de9a4,bd819238,bc0bd468,3de1e330,1,56146607

12731,180,141,22,-472,1996,15593,-3901,2297,-3584,bf7de700,bd80a346,bc074909,3de33351,bf7de701,bd80a346,bc07490c,3de33350,1,56155126

12732,187,138,23,-497,1997,15609,-3901,2297,-3584,bf7de306,bd7fccff,bc0666c3,3de4bbba,bf7de305,bd7fccfd,bc0666c5,3de4bbb6,1,56163645

12733,183,140,23,-484,1963,15604,-3909,2275,-3542,bf7ddcd6,bd8018b5,bc053101,3de65837,bf7ddcd6,bd8018b6,bc0530ec,3de65833,1,56172163

12734,179,142,22,-493,1953,15603,-3903,2267,-3509,bf7dd791,bd815b33,bc0b6563,3de708fe,bf7dd791,bd815b32,bc0b6563,3de708fb,1,56180682

12735,177,138,26,-494,1986,15597,-3903,2267,-3509,bf7dd221,bd82e00e,bc0a10a1,3de7af29,bf7dd221,bd82e00d,bc0a1099,3de7af26,1,56189201

12736,188,143,14,-489,1969,15600,-3943,2229,-3571,bf7dd2fd,bd843f74,bc0b4918,3de6a7af,bf7dd2fd,bd843f73,bc0b4910,3de6a7ac,1,56197719

12737,188,146,-1,-489,1971,15605,-3893,2261,-3616,bf7dd304,bd82cc0d,bc08fa75,3de77edb,bf7dd305,bd82cc0d,bc08fa6d,3de77ed9,1,56205737

12738,194,141,-12,-484,1957,15616,-3921,2253,-3534,bf7dd858,bd8323be,bc05f9d9,3de5dc88,bf7dd858,bd8323b9,bc05f9e4,3de5dc84,1,56214256

12739,199,140,-16,-475,1967,15609,-3921,2253,-3534,bf7ddbaf,bd82cedf,bbf58f87,3de53a13,bf7ddbb0,bd82ceee,bbf58f85,3de53a0d,1,56222774

12740,195,142,-15,-485,1942,15604,-3931,2237,-3575,bf7dde42,bd8318f7,bc06328a,3de43f1a,bf7dde3f,bd8318f7,bc06329b,3de43f10,1,56231293

12741,179,142,-1,-499,1982,15594,-3945,2293,-3504,bf7ddc06,bd8200ee,bc0738b0,3de57b04,bf7ddc07,bd8200f1,bc0738c2,3de57afe,1,56239812

12742,182,132,-4,-491,1919,15598,-3945,2293,-3504,bf7ddc26,bd808686,bc07df28,3de6454c,bf7ddc26,bd808689,bc07df3a,3de64545,1,56248330

12743,183,128,-18,-488,1997,15622,-3937,2267,-3550,bf7dd853,bd823362,bc078097,3de662d1,bf7dd854,bd823364,bc0780a1,3de662cd,1,56256849

12744,193,128,-13,-477,1942,15615,-3961,2265,-3517,bf7dded8,bd8103e4,bc02ef60,3de54c1b,bf7dded9,bd8103dc,bc02efb2,3de54c1e,1,56265367

12745,193,134,7,-502,1965,15607,-3961,2265,-3517,bf7ddcb0,bd825b46,bc0b11a8,3de50f77,bf7ddcb0,bd825b42,bc0b11ca,3de50f77,1,56273886

12746,190,140,0,-469,1941,15611,-3969,2261,-3534,bf7de129,bd818bd7,bc002018,3de460f1,bf7de12a,bd818bda,bc00201c,3de460f1,1,56282405

12747,192,137,-11,-501,1973,15613,-3921,2245,-3572,bf7ddf54,bd82d45e,bc08df8d,3de413cb,bf7ddf55,bd82d460,bc08df9e,3de413cb,1,56290923

12748,188,136,-4,-517,1975,15594,-3921,2245,-3572,bf7ddd71,bd83adeb,bc14b9c5,3de3ff30,bf7ddd72,bd83adec,bc14b9d8,3de3ff30,1,56298941

12749,191,139,1,-478,1967,15601,-3929,2239,-3565,bf7de050,bd83edeb,bc08b72d,3de32b2b,bf7de050,bd83edea,bc08b73a,3de32b2b,1,56307460

12750,190,139,-10,-479,1992,15605,-3959,2223,-3510,bf7de15c,bd854cd7,bc094235,3de21164,bf7de15c,bd854cd5,bc094244,3de21163,1,56315979

12751,201,138,-12,-465,1939,15600,-3879,2199,-3525,bf7de720,bd85847e,bc0863f4,3de0529f,bf7de720,bd85847d,bc0863fe,3de0529e,1,56324497

12752,195,137,-13,-501,1963,15617,-3879,2199,-3525,bf7deaaf,bd861f78,bc0f1a80,3ddee27c,bf7deaaf,bd861f78,bc0f1a7e,3ddee27b,1,56333016

12753,188,139,-6,-460,1933,15594,-3923,2219,-3586,bf7def8c,bd849189,bc0a689c,3dde79b5,bf7def8e,bd84918a,bc0a689f,3dde79b6,1,56341535

12754,197,135,-5,-491,1995,15615,-3909,2219,-3503,bf7df080,bd85e030,bc0d717a,3ddd63b7,bf7df080,bd85e02f,bc0d7188,3ddd63b6,1,56350053

12755,185,135,-2,-484,1988,15600,-3909,2219,-3503,bf7df569,bd865767,bc0d5670,3ddbb13c,bf7df569,bd865767,bc0d566a,3ddbb13c,1,56358572

12756,185,146,-2,-484,1973,15612,-3913,2193,-3453,bf7df8bb,bd8734d8,bc0f07f5,3dda2e8f,bf7df8bb,bd8734d8,bc0f07f3,3dda2e8f,1,56367090

12757,189,143,-1,-521,2050,15588,-3933,2229,-3405,bf7df803,bd8892f4,bc1543ae,3dd978ba,bf7df802,bd8892f5,bc1543a8,3dd978b9,1,56375609

12758,203,142,4,-474,1894,15600,-3933,2229,-3405,bf7dfc8e,bd86daf8,bc140548,3dd93ae9,bf7dfc8f,bd86dafa,bc140544,3dd93aea,1,56384128

12759,195,144,7,-503,2052,15624,-3907,2255,-3475,bf7dfa43,bd85d81f,bc113f18,3dda8cf7,bf7dfa44,bd85d820,bc113f1d,3dda8cf7,1,56392646

12760,204,147,-1,-479,1959,15604,-3929,2265,-3565,bf7dfb31,bd8447a8,bc0ed0b8,3ddb41d5,bf7dfb32,bd8447a9,bc0ed0bc,3ddb41d5,1,56401165

12761,223,147,-19,-506,1976,15604,-3929,2265,-3565,bf7dfb0a,bd82cd60,bc0f6598,3ddc2e24,bf7dfb0a,bd82cd60,bc0f6599,3ddc2e23,1,56409183

12762,222,151,-29,-477,1939,15624,-3887,2223,-3546,bf7e00fd,bd814260,bc0a1d34,3ddb6dcf,bf7e00fb,bd81425f,bc0a1d35,3ddb6dcd,1,56417701

12763,214,150,-22,-504,1975,15624,-3921,2261,-3520,bf7dfce1,bd80daa6,bc0fb080,3ddccb92,bf7dfce1,bd80daa7,bc0fb085,3ddccb93,1,56426220

12764,215,156,-9,-485,1948,15603,-3855,2259,-3551,bf7dfbb9,bd7f2351,bc0cc43e,3ddde624,bf7dfbba,bd7f2354,bc0cc43e,3ddde626,1,56434739

12765,217,160,-7,-499,1920,15600,-3855,2259,-3551,bf7dfa85,bd7c782c,bc0deceb,3ddefe52,bf7dfa86,bd7c782e,bc0decdc,3ddefe54,1,56443257

12766,210,164,-27,-529,1958,15618,-3937,2267,-3621,bf7df568,bd7da8d6,bc1564f7,3de0085b,bf7df569,bd7da8d5,bc1564f8,3de0085c,1,56451776

12767,204,173,-59,-464,1893,15606,-3913,2273,-3581,bf7df614,bd7afafb,bc0e6b57,3de0aad2,bf7df614,bd7afaf9,bc0e6b56,3de0aad1,1,56460295

12768,190,181,-62,-434,1937,15599,-3913,2273,-3581,bf7df43c,bd7afe82,bc01a5f0,3de14dab,bf7df43c,bd7afe81,bc01a5f0,3de14daa,1,56468813

12769,188,176,-49,-445,1951,15606,-3913,2243,-3547,bf7df326,bd7e3c7b,bbfc978c,3de0bb07,bf7df326,bd7e3c7a,bbfc978c,3de0bb06,1,56477332

12770,192,159,-13,-486,1936,15603,-3905,2289,-3530,bf7df0a0,bd7c319e,bc004cfc,3de1ff1b,bf7df0a2,bd7c319f,bc004cfe,3de1ff1c,1,56485851

12771,178,146,10,-469,1931,15613,-3905,2289,-3530,bf7ded1a,bd7a93e6,bbfe2b8f,3de37172,bf7ded1a,bd7a93e4,bbfe2b94,3de37171,1,56494369

12772,177,144,26,-467,1965,15611,-3871,2245,-3534,bf7dea56,bd7e029d,bbff244c,3de341ee,bf7dea56,bd7e029b,bbff2446,3de341ed,1,56502888

12773,175,144,21,-473,1953,15614,-3921,2275,-3579,bf7de458,bd7e1c24,bbff8462,3de4e5c5,bf7de459,bd7e1c23,bbff847f,3de4e5c5,1,56511406

12774,165,135,14,-473,1968,15613,-3921,2275,-3579,bf7ddda3,bd800249,bbfe53ea,3de639e3,bf7ddda3,bd800247,bbfe5410,3de639e2,1,56519424

12775,163,135,-3,-467,1997,15617,-3895,2249,-3614,bf7dd9f3,bd81c0b4,bbfbf670,3de6470b,bf7dd9f3,bd81c0b2,bbfbf68b,3de6470a,1,56527943

12776,181,132,-10,-455,1948,15621,-3915,2247,-3532,bf7ddc57,bd82e881,bbf5f7ed,3de4fc50,bf7ddc58,bd82e881,bbf5f807,3de4fc51,1,56536461

12777,179,131,-4,-487,2003,15610,-3899,2249,-3506,bf7dd9c8,bd846666,bc01d8f9,3de4c6b3,bf7dd9c9,bd846666,bc01d906,3de4c6b4,1,56544980

12778,177,141,-2,-488,1961,15629,-3899,2249,-3506,bf7ddc6a,bd82e5b0,bc07f522,3de4db59,bf7ddc69,bd82e5af,bc07f528,3de4db58,1,56553499

12779,188,132,2,-473,1955,15620,-3897,2233,-3543,bf7ddff1,bd83c8e0,bc055a62,3de36349,bf7ddff1,bd83c8e0,bc055a67,3de3634a,1,56562017

12780,179,135,8,-466,1916,15609,-3909,2293,-3561,bf7de06b,bd8248fc,bc03b0e5,3de4220e,bf7de069,bd8248fb,bc03b0e8,3de4220d,1,56570536

12781,172,132,4,-486,1955,15609,-3909,2293,-3561,bf7ddf4d,bd80feba,bc035243,3de52dbc,bf7ddf4d,bd80feba,bc035248,3de52dbd,1,56579055

12782,167,133,7,-488,1990,15600,-3863,2267,-3475,bf7dd8c8,bd8222ba,bc053917,3de6518e,bf7dd8c8,bd8222ba,bc053919,3de6518f,1,56587573

12783,187,138,-1,-506,1970,15621,-3899,2301,-3483,bf7dd6ca,bd80f80f,bc0689fe,3de781f8,bf7dd6cb,bd80f80f,bc0689ff,3de781fa,1,56596092

12784,192,141,12,-443,1988,15588,-3899,2301,-3483,bf7dd3e2,bd806d3d,bbfba352,3de8ae1e,bf7dd3e2,bd806d3c,bbfba354,3de8ae1f,1,56604610

12785,190,139,3,-513,1926,15603,-3919,2253,-3527,bf7dd3e2,bd8138da,bc094ebb,3de8234e,bf7dd3e3,bd8138da,bc094ebd,3de82350,1,56613129

12786,189,134,13,-452,1878,15606,-3917,2237,-3542,bf7dda75,bd80a812,bc03c8f1,3de6b384,bf7dda74,bd80a811,bc03c8f0,3de6b384,1,56621147

12787,162,134,25,-500,1922,15595,-3917,2237,-3542,bf7ddb33,bd81d13d,bc0b568c,3de5c687,bf7ddb32,bd81d13d,bc0b5689,3de5c688,1,56629666

12788,153,132,32,-498,2015,15613,-3911,2233,-3456,bf7dda01,bd837c41,bc0c8eb7,3de52523,bf7dda01,bd837c42,bc0c8eb6,3de52525,1,56638184

12789,157,136,34,-477,1986,15601,-3935,2267,-3420,bf7dd93b,bd84b9ec,bc03a7f9,3de4b9cb,bf7dd93a,bd84b9ec,bc03a7f3,3de4b9cc,1,56646703

12790,168,139,24,-452,2019,15605,-3859,2295,-3548,bf7dd7af,bd8397e9,bbfe1ca9,3de5d8b2,bf7dd7ae,bd8397e9,bbfe1ca6,3de5d8b3,1,56655221

12791,180,135,-6,-467,1969,15621,-3859,2295,-3548,bf7dd71b,bd823d9a,bbfa6854,3de6ca62,bf7dd71a,bd823d9a,bbfa6850,3de6ca63,1,56663740

12792,193,141,-34,-459,1948,15604,-3883,2257,-3457,bf7ddda2,bd81519c,bbef6292,3de58e8e,bf7ddda1,bd81519f,bbef62b2,3de58e8b,1,56672259

12793,185,133,-48,-497,1964,15615,-3921,2205,-3563,bf7dde63,bd82adf6,bbf9bf89,3de4885a,bf7dde63,bd82adfa,bbf9bfab,3de48858,1,56680777

12794,194,130,-55,-526,1984,15600,-3921,2205,-3563,bf7ddeef,bd83f763,bc03aa60,3de3946e,bf7ddeee,bd83f765,bc03aa70,3de3946c,1,56689296

12795,191,135,-39,-506,1952,15598,-3865,2259,-3515,bf7ddf88,bd82848d,bc07f22b,3de4353d,bf7ddf87,bd82848f,bc07f23b,3de4353b,1,56697814

12796,195,143,-11,-509,2000,15612,-3897,2183,-3501,bf7ddffa,bd83eec8,bc0a8670,3de33e85,bf7ddffa,bd83eeca,bc0a8682,3de33e83,1,56706333

12797,196,152,14,-488,1990,15591,-3897,2183,-3501,bf7de0d4,bd8546b2,bc0bad5d,3de235c9,bf7de0d4,bd8546b4,bc0bad6d,3de235c6,1,56714351

12798,208,150,18,-440,1933,15610,-3895,2205,-3491,bf7de652,bd855042,bc058d97,3de0b2c9,bf7de652,bd855042,bc058daa,3de0b2c6,1,56722870

12799,199,141,7,-464,1906,15613,-3871,2247,-3535,bf7de89e,bd839e15,bc048243,3de10f39,bf7de89e,bd839e15,bc048256,3de10f36,1,56731388

12800,194,144,0,-470,1945,15619,-3871,2247,-3535,bf7dea0d,bd81fe4f,bc0336be,3de19c60,bf7dea0d,bd81fe50,bc0336c9,3de19c5d,1,56739907

12801,191,142,1,-480,1998,15596,-3905,2253,-3557,bf7de429,bd83504d,bc03d5d1,3de27ed8,bf7de42a,bd83504f,bc03d5bc,3de27ed6,1,56748425

12802,197,146,2,-436,1935,15603,-3887,2245,-3578,bf7de63d,bd81d6b8,bbf9e498,3de2d308,bf7de63c,bd81d6b8,bbf9e484,3de2d304,1,56756944

12803,188,143,-14,-503,2022,15602,-3887,2245,-3578,bf7de251,bd834a35,bc0353d3,3de307ec,bf7de251,bd834a36,bc0353ca,3de307ea,1,56765462

12804,192,149,-14,-486,1966,15624,-3927,2277,-3512,bf7de1ce,bd81e583,bc03ee32,3de3f75e,bf7de1ce,bd81e583,bc03ee27,3de3f75b,1,56773981

12805,200,148,-14,-471,2001,15601,-3861,2237,-3504,bf7ddff8,bd838730,bc029911,3de38dd0,bf7ddff9,bd838730,bc029916,3de38dce,1,56782500

12806,201,138,-24,-469,1926,15604,-3913,2241,-3542,bf7de50b,bd81d3f7,bc03b525,3de31ad5,bf7de50a,bd81d3f5,bc03b529,3de31ad2,1,56791018

12807,181,135,-26,-515,2042,15627,-3913,2241,-3542,bf7de2a2,bd837667,bc07dd71,3de2cc9e,bf7de2a3,bd837666,bc07dd6e,3de2cc9c,1,56799537

12808,159,133,-20,-420,1899,15613,-3931,2215,-3469,bf7de810,bd83affc,bc01bfd0,3de13324,bf7de811,bd83affb,bc01bfce,3de13322,1,56808055

12809,188,144,2,-486,1968,15624,-3881,2213,-3546,bf7de9bc,bd84bbe0,bc080407,3de00d9a,bf7de9bd,bd84bbdf,bc080407,3de00d98,1,56816574

12810,191,144,-3,-482,1954,15610,-3881,2213,-3546,bf7df00d,bd8454b1,bc0c6578,3dde7426,bf7df00e,bd8454b1,bc0c6575,3dde7423,1,56824592

12811,196,141,-3,-457,1975,15598,-3879,2277,-3538,bf7deffb,bd82f6af,bc0804f2,3ddf530c,bf7deffb,bd82f6af,bc0804f2,3ddf5308,1,56833111

12812,197,139,-10,-446,1928,15593,-3883,2261,-3532,bf7df11d,bd8175e8,bc037b7d,3ddfebf8,bf7df11d,bd8175e8,bc037b7f,3ddfebf4,1,56841629

12813,197,142,-27,-484,1902,15611,-3883,2261,-3532,bf7df237,bd7fc19d,bc054404,3de07fed,bf7df237,bd7fc19d,bc054403,3de07fe9,1,56850148

12814,179,132,-19,-507,1984,15605,-3887,2289,-3580,bf7dee6a,bd7e6bc0,bc0726c1,3de1ee89,bf7dee6a,bd7e6bc0,bc0726bb,3de1ee85,1,56858666

12815,183,139,-2,-481,1938,15624,-3873,2269,-3501,bf7dea88,bd7d166c,bc064277,3de36689,bf7dea88,bd7d166b,bc06427d,3de36685,1,56867185

12816,178,141,5,-463,1996,15596,-3873,2269,-3501,bf7de5c6,bd800743,bc019f9f,3de3f031,bf7de5c7,bd800743,bc019fa6,3de3f02e,1,56875704

12817,182,141,15,-474,1991,15606,-3883,2265,-3571,bf7ddf43,bd81036e,bbff12c5,3de53617,bf7ddf44,bd81036e,bbff12d7,3de53614,1,56884222

12818,189,147,9,-473,2003,15615,-3901,2281,-3508,bf7dd8ec,bd818446,bbfa1b73,3de6b34b,bf7dd8ec,bd818445,bbfa1b5c,3de6b347,1,56892741

12819,198,147,-12,-454,1923,15598,-3901,2279,-3483,bf7dd996,bd7ff619,bbf506a2,3de764ee,bf7dd996,bd7ff617,bbf50685,3de764ea,1,56901259

12820,201,138,-32,-481,1915,15611,-3901,2279,-3483,bf7dd913,bd7d8007,bc012dfd,3de82774,bf7dd914,bd7d8009,bc012e0c,3de82770,1,56909778

12821,184,132,-28,-512,1953,15612,-3903,2233,-3497,bf7dd8da,bd803b84,bc05ef5f,3de75bd2,bf7dd8db,bd803b85,bc05ef6d,3de75bce,1,56918296

12822,185,141,-4,-479,1910,15620,-3859,2235,-3512,bf7ddbe4,bd813501,bc0935d8,3de5f264,bf7ddbe4,bd813500,bc0935db,3de5f25e,1,56926314

12823,185,142,13,-510,2014,15600,-3859,2235,-3512,bf7dd9a2,bd82db3d,bc0be4a2,3de59cd7,bf7dd9a3,bd82db3c,bc0be4a8,3de59cd3,1,56934833

12824,190,150,30,-462,1984,15599,-3895,2245,-3510,bf7dd932,bd8404a6,bc029195,3de52743,bf7dd932,bd8404a4,bc02919c,3de5273e,1,56943352

12825,190,148,29,-450,2013,15596,-3905,2295,-3521,bf7dd733,bd82f960,bbf99b00,3de65a2d,bf7dd734,bd82f95e,bbf99b0f,3de65a2a,1,56951870

12826,200,147,13,-411,1860,15606,-3905,2295,-3521,bf7dd8a5,bd815ef4,bbf25a93,3de6e409,bf7dd8a4,bd815ef1,bbf25a99,3de6e404,1,56960389

12827,183,137,-9,-506,1990,15611,-3883,2245,-3521,bf7dd6b3,bd82c1d2,bc011c86,3de693d5,bf7dd6b4,bd82c1d1,bc011c86,3de693d1,1,56968907

12828,180,131,-16,-477,1962,15591,-3919,2209,-3565,bf7dd7f6,bd841bd2,bc0387de,3de56f4e,bf7dd7f5,bd841bd0,bc0387e1,3de56f48,1,56977426

12829,195,138,-9,-505,1952,15603,-3919,2209,-3565,bf7dda41,bd850925,bc0a405a,3de43341,bf7dda40,bd850924,bc0a4064,3de4333b,1,56985945

12830,191,137,-12,-492,1953,15609,-3863,2213,-3474,bf7ddee1,bd858a97,bc0e41a6,3de292fc,bf7ddee0,bd858a96,bc0e41b1,3de292f6,1,56994463

12831,195,147,-1,-431,1966,15574,-3873,2285,-3531,bf7ddf68,bd842949,bc084b58,3de34ac4,bf7ddf69,bd842949,bc084b64,3de34abf,1,57002982

12832,192,147,7,-462,1924,15626,-3907,2201,-3528,bf7de41f,bd84b37d,bc07b691,3de1a907,bf7de420,bd84b37d,bc07b695,3de1a902,1,57011501

12833,182,140,11,-471,1981,15607,-3907,2201,-3528,bf7de5d8,bd85f0a9,bc07f73d,3de0704e,bf7de5d7,bd85f0a7,bc07f741,3de07047,1,57019518

12834,188,144,5,-453,1930,15600,-3877,2325,-3552,bf7de627,bd8477f2,bc056426,3de13f68,bf7de628,bd8477f1,bc05642b,3de13f63,1,57028538

12835,184,139,-1,-516,1991,15593,-3923,2257,-3463,bf7de496,bd845809,bc1284f9,3de1a228,bf7de497,bd845807,bc1284fc,3de1a223,1,57036556

12836,189,141,-8,-486,1950,15601,-3923,2257,-3463,bf7de784,bd82b80c,bc0e58ad,3de1cca4,bf7de784,bd82b809,bc0e58ab,3de1cc9f,1,57045074

12837,175,147,-5,-483,1998,15612,-3913,2251,-3522,bf7de3ef,bd842857,bc077fe7,3de20867,bf7de3ef,bd842857,bc07800f,3de20863,1,57053593

12838,188,147,-4,-478,1958,15599,-3899,2281,-3520,bf7de3fd,bd82b3f6,bc05b1b8,3de2e0f3,bf7de3fd,bd82b3f6,bc05b1d9,3de2e0ef,1,57062111

12839,188,154,-6,-462,1971,15610,-3899,2281,-3520,bf7de30a,bd8177a3,bc012563,3de3e433,bf7de309,bd8177a2,bc012584,3de3e42e,1,57070630

12840,191,149,-10,-462,1985,15603,-3923,2289,-3538,bf7ddff9,bd80aec4,bbf938e1,3de539cc,bf7ddff9,bd80aec4,bbf938fe,3de539c7,1,57079149

12841,192,146,-12,-490,1954,15603,-3965,2233,-3491,bf7de08c,bd820ac7,bc00c2b0,3de4431e,bf7de08c,bd820ac8,bc00c2bc,3de44319,1,57087667

12842,183,147,-17,-493,1989,15605,-3965,2233,-3491,bf7de0a6,bd838209,bc03fc1a,3de35d27,bf7de0a7,bd83820b,bc03fc28,3de35d23,1,57096186

12843,191,156,-17,-502,1996,15593,-3945,2271,-3530,bf7ddcc0,bd8315e2,bc0aa4ba,3de4a145,bf7ddcc1,bd8315e1,bc0aa4a7,3de4a142,1,57104704

12844,200,168,-28,-552,1973,15611,-3967,2265,-3465,bf7ddc3a,bd83a67a,bc16c851,3de45477,bf7ddc3a,bd83a679,bc16c83e,3de45474,1,57113223

12845,188,172,-40,-537,2107,15622,-3927,2193,-3481,bf7ddbda,bd853742,bc176ae4,3de384c4,bf7ddbdc,bd853742,bc176ad5,3de384c3,1,57121741

12846,170,164,-28,-369,1861,15609,-3927,2193,-3481,bf7de14d,bd84f59a,bc0d44e6,3de23f0e,bf7de14d,bd84f599,bc0d44d7,3de23f0b,1,57129759

12847,196,167,-13,-456,1929,15601,-3907,2261,-3511,bf7de385,bd835c21,bc08554e,3de29ada,bf7de385,bd835c1f,bc085544,3de29ad8,1,57138278

12848,201,171,-18,-450,1927,15603,-3929,2279,-3423,bf7de57e,bd81cb83,bc029f0b,3de30249,bf7de57c,bd81cb80,bc029ef8,3de30246,1,57146796

12849,199,183,-20,-472,1966,15602,-3929,2279,-3423,bf7de179,bd8155cf,bbff3411,3de46abb,bf7de178,bd8155d2,bbff344b,3de46abb,1,57155315

12850,199,188,-19,-350,1891,15594,-3891,2265,-3534,bf7de390,bd8031ad,bbe866ef,3de49307,bf7de38f,bd8031b0,bbe86727,3de49306,1,57163833

12851,198,170,-16,-401,1938,15628,-3895,2231,-3453,bf7de54c,bd8168fd,bbde8ef4,3de3714b,bf7de54c,bd816900,bbde8f26,3de3714a,1,57172352

12852,190,152,-18,-449,1932,15613,-3895,2231,-3453,bf7de77b,bd827979,bbe89504,3de22f20,bf7de77b,bd82797b,bbe8953c,3de22f1f,1,57180871

12853,188,146,-6,-466,1956,15606,-3911,2269,-3564,bf7de6b3,bd8122de,bbeddb83,3de32559,bf7de6b3,bd8122e0,bbeddba7,3de32558,1,57189389

12854,192,143,4,-455,1910,15604,-3925,2235,-3521,bf7dea9a,bd81b037,bbf9f860,3de1afa0,bf7dea9a,bd81b038,bbf9f869,3de1af9e,1,57197908

12855,180,137,-7,-481,1960,15606,-3925,2235,-3521,bf7deaa2,bd8309e0,bc031335,3de0d75d,bf7deaa2,bd8309e2,bc031334,3de0d75b,1,57206426

12856,171,126,-13,-456,1914,15620,-3915,2249,-3478,bf7deec6,bd81663c,bc014c4f,3de0a33f,bf7deec6,bd81663e,bc014c4c,3de0a33d,1,57214945

12857,167,136,-9,-460,1967,15598,-3919,2247,-3506,bf7ded40,bd8311a9,bbfea06b,3de01e0b,bf7ded40,bd8311ac,bbfea07d,3de01e09,1,57223463

12858,175,142,-4,-464,1945,15595,-3881,2241,-3473,bf7df1a7,bd817668,bc02846b,3ddfc66d,bf7df1a7,bd81766a,bc028467,3ddfc66d,1,57231982

12859,167,141,2,-454,1963,15601,-3881,2241,-3473,bf7df0b4,bd82fd3b,bbfa5901,3ddf33a0,bf7df0b4,bd82fd3d,bbfa58dc,3ddf33a0,1,57240000

12860,170,144,12,-446,1957,15605,-3907,2267,-3523,bf7df079,bd81a049,bbf3b017,3de01749,bf7df078,bd81a04a,bbf3aff1,3de01747,1,57248519

12861,179,142,16,-427,1924,15621,-3899,2297,-3476,bf7df03b,bd803d45,bbecf44c,3de0fc13,bf7df03b,bd803d47,bbecf433,3de0fc12,1,57257037

12862,179,137,9,-487,1992,15599,-3899,2297,-3476,bf7deb6a,bd7fb96f,bbf496eb,3de28526,bf7deb6a,bd7fb971,bbf496e6,3de28525,1,57265556

12863,175,141,18,-465,1967,15614,-3875,2257,-3543,bf7de4e5,bd80ed66,bbf94395,3de3b87c,bf7de4e6,bd80ed67,bbf94398,3de3b87c,1,57274074

12864,178,138,8,-465,1968,15607,-3943,2251,-3469,bf7de44f,bd827ded,bbfcefae,3de2f9ae,bf7de44f,bd827ded,bbfcefbf,3de2f9ac,1,57282593

12865,177,136,0,-471,1975,15613,-3943,2251,-3469,bf7de443,bd83f88a,bc01994f,3de21aad,bf7de443,bd83f88a,bc01995b,3de21aab,1,57291111

12866,186,141,-9,-461,1959,15610,-3925,2289,-3550,bf7de444,bd828b64,bbfe9822,3de2f2fa,bf7de445,bd828b66,bbfe9834,3de2f2f9,1,57299630

12867,183,143,0,-439,1913,15615,-3905,2217,-3449,bf7de87d,bd8343af,bbfc0dad,3de15c03,bf7de87c,bd8343af,bbfc0dc6,3de15c00,1,57308149

12868,176,143,1,-448,1960,15604,-3905,2217,-3449,bf7dea89,bd847a23,bbfbb809,3de0126d,bf7dea88,bd847a23,bbfbb829,3de0126a,1,57316667

12869,175,136,3,-452,1921,15605,-3893,2293,-3437,bf7deb2c,bd82f94c,bbf8f6fe,3de0c962,bf7deb2b,bd82f94c,bbf8f71e,3de0c95f,1,57325186

12870,162,135,7,-472,1975,15620,-3901,2293,-3512,bf7de9c6,bd81c051,bbf80840,3de1e3d3,bf7de9c7,bd81c052,bbf80856,3de1e3d1,1,57333705

12871,167,135,16,-444,1968,15611,-3887,2283,-3488,bf7de7f4,bd80abbf,bbefae17,3de30d33,bf7de7f5,bd80abc0,bbefae32,3de30d31,1,57341722

12872,174,136,8,-466,1976,15617,-3887,2283,-3488,bf7de3a1,bd801600,bbf14e41,3de49453,bf7de3a1,bd801600,bbf14e3d,3de49450,1,57350241

12873,179,140,7,-418,1988,15607,-3895,2229,-3531,bf7de2e5,bd81a687,bbea74ef,3de3edc9,bf7de2e5,bd81a687,bbea74ec,3de3edc6,1,57358760

12874,190,133,-2,-474,1973,15598,-3903,2251,-3487,bf7de129,bd82fe32,bbfab416,3de3938b,bf7de12a,bd82fe31,bbfab41a,3de39389,1,57367278

12875,185,138,-6,-455,1938,15605,-3903,2251,-3487,bf7de586,bd814ea3,bbf79e64,3de35654,bf7de585,bd814ea1,bbf79e6c,3de35650,1,57375797

12876,179,141,-1,-459,1959,15602,-3907,2247,-3511,bf7de49c,bd82e6ca,bbfa5325,3de2aad0,bf7de49d,bd82e6ca,bbfa5301,3de2aace,1,57384315

12877,174,134,-1,-480,1968,15606,-3883,2237,-3501,bf7de4be,bd83f57d,bc06c530,3de1edea,bf7de4be,bd83f57a,bc06c52e,3de1ede8,1,57392834

12878,183,141,0,-471,1991,15618,-3883,2237,-3501,bf7de4eb,bd85406b,bbffceea,3de12ece,bf7de4ec,bd854069,bbffcef6,3de12ece,1,57401352

12879,187,144,1,-468,2023,15620,-3887,2257,-3459,bf7de1a0,bd848a30,bbf7b141,3de28fbc,bf7de1a0,bd848a2e,bbf7b142,3de28fbb,1,57409871

12880,207,146,-5,-448,1978,15613,-3943,2239,-3562,bf7de7ae,bd8438e9,bbe84b47,3de11c0f,bf7de7af,bd8438ec,bbe84b2f,3de11c0f,1,57418390

12881,211,146,-3,-425,1952,15599,-3943,2239,-3562,bf7ded22,bd82b4db,bbdcfcb8,3de08055,bf7ded21,bd82b4db,bbdcfcc3,3de08056,1,57426908

12882,202,137,-12,-440,1930,15590,-3871,2251,-3477,bf7def03,bd810d94,bbe28167,3de0e77c,bf7def04,bd810d95,bbe2817a,3de0e77f,1,57435427

12883,200,136,-17,-464,1955,15595,-3933,2247,-3531,bf7dee0e,bd822f3d,bbf5ce46,3de07173,bf7dee0e,bd822f3f,bbf5ce4f,3de07174,1,57443445

12884,193,137,-8,-470,1903,15622,-3869,2269,-3525,bf7deee4,bd809dc3,bbf81ac0,3de119b4,bf7deee2,bd809dc4,bbf81acb,3de119b3,1,57451963

12885,185,140,1,-447,1909,15611,-3869,2269,-3525,bf7def1d,bd7e4696,bbf43a3c,3de1e469,bf7def1d,bd7e469a,bbf43a47,3de1e469,1,57460482

12886,172,139,2,-472,1968,15598,-3887,2291,-3518,bf7dea9b,bd7d4148,bbf55e43,3de36fa2,bf7dea9a,bd7d4149,bbf55e47,3de36fa0,1,57469001

12887,176,139,5,-483,1948,15612,-3871,2231,-3444,bf7de9fc,bd802620,bbfd8e9d,3de2b879,bf7de9fb,bd802621,bbfd8e9f,3de2b878,1,57477520

12888,184,144,12,-477,1960,15607,-3871,2231,-3444,bf7de97a,bd81aa28,bc01b0dd,3de1f953,bf7de97a,bd81aa2a,bc01b0e0,3de1f952,1,57486038

12889,184,147,22,-427,1920,15602,-3917,2267,-3481,bf7deaee,bd8055a9,bbf31a2e,3de2654a,bf7deaef,bd8055ab,bbf31a33,3de2654a,1,57494557

12890,176,138,14,-453,1979,15604,-3865,2211,-3494,bf7dea71,bd81e753,bbf50f2f,3de1a0d6,bf7dea70,bd81e754,bbf50f34,3de1a0d4,1,57503075

12891,178,138,3,-432,1953,15602,-3865,2211,-3494,bf7debd4,bd8339e2,bbf19495,3de07bba,bf7debd3,bd8339e3,bbf1948f,3de07bb8,1,57511594

12892,182,132,-2,-468,1986,15611,-3887,2255,-3537,bf7de97f,bd8230e5,bbf7cacd,3de1b737,bf7de980,bd8230e6,bbf7cad6,3de1b735,1,57520112

12893,184,138,-4,-467,2046,15535,-3875,2217,-3555,bf7de79d,bd83dd80,bbf961ac,3de1444a,bf7de79e,bd83dd81,bbf961b4,3de14448,1,57528631

12894,193,150,2,-449,1951,15594,-3875,2217,-3555,bf7dee06,bd83ba3b,bbf5caa0,3ddf8cb1,bf7dee07,bd83ba38,bbf5cab0,3ddf8cb0,1,57536649

12895,183,138,-4,-440,2005,15604,-3847,2265,-3537,bf7dec8f,bd829d44,bbecb59c,3de0a7b0,bf7dec8e,bd829d40,bbecb5ae,3de0a7ad,1,57545668

12896,196,140,-20,-412,1888,15605,-3869,2237,-3563,bf7defcf,bd80f4b7,bbe51b37,3de0b9ba,bf7defce,bd80f4b3,bbe51b36,3de0b9b7,1,57553686

12897,183,138,-35,-496,1971,15602,-3863,2225,-3563,bf7dee73,bd821e7c,bbf90e9b,3de05ae8,bf7dee73,bd821e78,bbf90e92,3de05ae6,1,57562205

12898,180,133,-27,-490,1983,15626,-3863,2225,-3563,bf7decb3,bd836d08,bc056f8a,3de0025d,bf7decb3,bd836d05,bc056f80,3de0025b,1,57570723

12899,182,133,-3,-472,1956,15595,-3873,2211,-3551,bf7defaa,bd846a6e,bc077ce3,3dde8ff7,bf7defa8,bd846a6c,bc077ce4,3dde8ff4,1,57579242

12900,190,140,12,-443,1950,15618,-3893,2195,-3540,bf7df37f,bd851fa6,bc038dc5,3ddd1426,bf7df37f,bd851fa6,bc038dc9,3ddd1424,1,57587761

12901,183,139,16,-430,1977,15601,-3893,2195,-3540,bf7df64e,bd860640,bbfc6b57,3ddbc5db,bf7df64c,bd86063f,bbfc6b5c,3ddbc5d7,1,57596279

12902,190,140,6,-438,1939,15607,-3915,2187,-3567,bf7dfc75,bd85e6f4,bbfae232,3dda1247,bf7dfc75,bd85e6f4,bbfae22f,3dda1244,1,57604798

12903,191,131,-10,-424,1929,15618,-3865,2265,-3462,bf7dfdee,bd845528,bbf5a02e,3dda9f45,bf7dfdee,bd845528,bbf5a02d,3dda9f42,1,57613316

12904,177,124,-16,-479,1951,15626,-3865,2265,-3462,bf7dfe4e,bd82e100,bbfa0563,3ddb5e03,bf7dfe4f,bd82e101,bbfa0563,3ddb5e01,1,57621835

12905,163,129,-18,-479,2008,15612,-3837,2243,-3508,bf7df98e,bd82a884,bc018380,3ddcd400,bf7df98e,bd82a883,bc018381,3ddcd3fd,1,57630354

12906,184,126,-12,-488,1982,15607,-3849,2221,-3479,bf7df88a,bd84092b,bc08f3c2,3ddc3abf,bf7df88a,bd84092a,bc08f3bd,3ddc3abc,1,57638872

12907,184,137,5,-478,2006,15586,-3849,2221,-3479,bf7df6c2,bd85b014,bc08726e,3ddbc004,bf7df6c3,bd85b014,bc08726d,3ddbc002,1,57646890

12908,193,148,18,-418,1948,15601,-3949,2227,-3525,bf7dfb04,bd849399,bbfd1c64,3ddb490e,bf7dfb03,bd849397,bbfd1c6a,3ddb490a,1,57655409

12909,181,142,15,-427,2008,15598,-3867,2189,-3472,bf7dfbb9,bd85f318,bbf83a35,3dda440a,bf7dfbb8,bd85f316,bbf83a3e,3dda4406,1,57663927

12910,186,133,-9,-450,1946,15624,-3905,2217,-3454,bf7e0230,bd84aabe,bbfc8f2f,3dd9259a,bf7e022f,bd84aabc,bbfc8f3b,3dd92595,1,57672446

12911,197,137,-15,-462,1915,15601,-3905,2217,-3454,bf7e0826,bd835c86,bc03352b,3dd8263c,bf7e0825,bd835c84,bc03353d,3dd82637,1,57680964

12912,187,137,1,-490,1970,15606,-3845,2291,-3491,bf7e075e,bd8205fa,bc033ef2,3dd92f2c,bf7e075e,bd8205fa,bc033f02,3dd92f28,1,57689483

12913,189,141,14,-479,1978,15611,-3835,2245,-3487,bf7e0477,bd8113b0,bc04e4b4,3dda93c7,bf7e0477,bd8113b0,bc04e4b7,3dda93c3,1,57698002

12914,192,138,24,-450,1985,15590,-3835,2245,-3487,bf7e0008,bd813070,bbf8ccda,3ddbdf7a,bf7e0007,bd81306f,bbf8ccd9,3ddbdf74,1,57706520

12915,192,147,23,-423,1942,15592,-3901,2263,-3523,bf7dff7f,bd7fe7e8,bbebfe8c,3ddcce12,bf7dff7f,bd7fe7e7,bbebfe94,3ddcce0d,1,57715039

12916,188,130,12,-435,1931,15605,-3925,2251,-3536,bf7dfce1,bd7e5f4e,bbe2d8d0,3dde08c8,bf7dfce0,bd7e5f4a,bbe2d8e3,3dde08c4,1,57723557

12917,182,132,6,-464,1953,15598,-3925,2251,-3536,bf7df9b1,bd808b00,bbf3a1b1,3dde1860,bf7df9af,bd808afe,bbf3a1c6,3dde185b,1,57732076

12918,185,133,-2,-472,1958,15613,-3877,2259,-3491,bf7df5a3,bd801b5d,bc004ec2,3ddf71d3,bf7df5a4,bd801b5f,bc004ed7,3ddf71d1,1,57740594

12919,188,131,2,-449,1963,15596,-3857,2261,-3447,bf7df0e9,bd8071ce,bbf0f7c9,3de0a8a0,bf7df0e9,bd8071cd,bbf0f7ce,3de0a89c,1,57749113

12920,184,141,9,-466,1968,15614,-3857,2261,-3447,bf7deadd,bd81053c,bbfb9823,3de1fcc9,bf7deadd,bd81053b,bbfb983c,3de1fcc4,1,57757131

12921,186,148,4,-449,1996,15605,-3901,2229,-3588,bf7de934,bd82a95e,bbf75440,3de18765,bf7de935,bd82a95d,bbf7544e,3de18761,1,57765650

12922,195,137,-7,-386,1892,15614,-3843,2233,-3480,bf7ded08,bd81592f,bbe5def0,3de14816,bf7ded07,bd81592e,bbe5deef,3de14810,1,57774168

12923,183,138,-32,-510,2023,15613,-3899,2261,-3441,bf7dea03,bd82aa5a,bbf7112c,3de14c9a,bf7dea04,bd82aa5a,bbf7112d,3de14c96,1,57782687

12924,180,136,-27,-486,1978,15614,-3899,2261,-3441,bf7de737,bd82c70b,bc078d1f,3de1ea16,bf7de737,bd82c708,bc078d1c,3de1ea13,1,57791206

12925,192,133,-19,-508,1975,15613,-3871,2261,-3531,bf7de55e,bd81acfe,bc0bd125,3de30660,bf7de55e,bd81acfc,bc0bd12a,3de3065e,1,57799724

12926,187,135,-13,-475,2006,15595,-3895,2249,-3522,bf7de279,bd8347bf,bc078a7e,3de2f414,bf7de278,bd8347bc,bc078a89,3de2f411,1,57808243

12927,187,141,-6,-566,2022,15774,-3895,2249,-3522,bf7de014,bd83dc49,bc142c80,3de32956,bf7de015,bd83dc47,bc142c8c,3de32955,1,57816762

12928,159,120,30,-237,1803,15597,-3903,2209,-3553,bf7de349,bd831ddc,bc090296,3de2ce91,bf7de348,bd831dd9,bc0902a1,3de2ce8e,1,57825280

12929,215,128,30,-452,1767,15622,-3911,2255,-3528,bf7de65f,bd8158c5,bc089ac6,3de2f68d,bf7de65e,bd8158c2,bc089ad1,3de2f68a,1,57833799

12930,181,127,-26,-521,1998,15614,-3911,2255,-3528,bf7de2d7,bd82c6d8,bc10090b,3de30f28,bf7de2d7,bd82c6d6,bc10090f,3de30f26,1,57842317

12931,191,137,-32,-442,1923,15624,-3901,2241,-3463,bf7de7ac,bd822ded,bc04d32f,3de22812,bf7de7ac,bd822dec,bc04d332,3de22810,1,57850836

12932,193,137,-15,-543,1960,15597,-3897,2245,-3471,bf7de6f5,bd82cd4b,bc118893,3de1e02b,bf7de6f4,bd82cd4a,bc118893,3de1e028,1,57858854

12933,189,146,-6,-474,1977,15596,-3897,2245,-3471,bf7de704,bd83ea9e,bc07efe8,3de14dbe,bf7de705,bd83ea9f,bc07eff4,3de14dbd,1,57867372

12934,190,150,13,-446,2012,15594,-3907,2267,-3509,bf7de509,bd835d95,bbfaf03c,3de24686,bf7de509,bd835d94,bbfaf051,3de24684,1,57875891

12935,193,148,27,-401,1932,15608,-3901,2235,-3559,bf7de84e,bd825752,bbe4effd,3de20ad1,bf7de84e,bd825752,bbe4f002,3de20acf,1,57884410

12936,193,147,16,-416,1907,15624,-3915,2239,-3553,bf7ded22,bd80c165,bbdc7183,3de1a0cb,bf7ded22,bd80c165,bbdc7189,3de1a0c9,1,57892928

12937,189,131,-11,-483,1911,15622,-3915,2239,-3553,bf7dee66,bd80ad05,bbf7b7b6,3de134aa,bf7dee65,bd80ad04,bbf7b7bb,3de134a7,1,57901447

12938,176,125,-23,-513,1957,15612,-3879,2301,-3538,bf7dec8c,bd7f2907,bbfed007,3de2516c,bf7dec8d,bd7f2907,bbfed00b,3de2516c,1,57909965

12939,170,125,-14,-520,1970,15589,-3885,2227,-3569,bf7deae9,bd810c48,bc06d2c3,3de1e0c5,bf7deaea,bd810c48,bc06d2c7,3de1e0c6,1,57918484

12940,165,135,-9,-488,2009,15601,-3885,2227,-3569,bf7de8cc,bd82c6dc,bc0807f0,3de176f0,bf7de8cd,bd82c6dc,bc0807f7,3de176f1,1,57927002

12941,173,146,11,-448,1999,15604,-3877,2267,-3453,bf7de647,bd8281a6,bbfa24a2,3de26d76,bf7de647,bd8281a5,bbfa24b3,3de26d76,1,57935521

12942,186,145,23,-428,2006,15622,-3927,2267,-3461,bf7de3ac,bd83649c,bbe37b5b,3de2bd2c,bf7de3ad,bd83649d,bbe37b6d,3de2bd2c,1,57944040

12943,193,150,18,-431,1973,15598,-3927,2267,-3461,bf7de3b9,bd820fad,bbd78da3,3de38944,bf7de3ba,bd820fae,bbd78d96,3de38943,1,57952057

12944,201,142,20,-391,1955,15601,-3891,2233,-3481,bf7de5b2,bd831098,bbca4970,3de27499,bf7de5b2,bd831099,bbca4961,3de27497,1,57960576

12945,194,131,-8,-475,1930,15603,-3895,2293,-3557,bf7de599,bd81a47a,bbd1a9e1,3de34658,bf7de598,bd81a47b,bbd1a9d3,3de34655,1,57969095

12946,181,134,-24,-503,1972,15599,-3895,2293,-3557,bf7de395,bd80b6c0,bbdf61ed,3de44fdd,bf7de395,bd80b6c2,bbdf61db,3de44fdb,1,57977613

12947,180,134,-10,-473,1925,15602,-3903,2243,-3520,bf7de45d,bd815931,bbf763cb,3de3a35c,bf7de45e,bd815932,bbf763c7,3de3a35b,1,57986132

12948,178,140,1,-458,1953,15598,-3925,2255,-3510,bf7de347,bd82ec86,bbfa193d,3de306f7,bf7de347,bd82ec85,bbfa195d,3de306f5,1,57994650

12949,166,137,14,-445,1976,15593,-3941,2249,-3522,bf7de385,bd843dbf,bbec7464,3de2406b,bf7de385,bd843dbe,bbec7480,3de2406a,1,58003169

12950,172,134,9,-445,1903,15594,-3941,2249,-3522,bf7de742,bd829525,bbeec61d,3de22846,bf7de742,bd829524,bbeec634,3de22845,1,58011687

12951,168,129,2,-470,1953,15609,-3903,2269,-3499,bf7de695,bd8145f1,bbf5f603,3de31122,bf7de695,bd8145f0,bbf5f619,3de31121,1,58020206

12952,167,130,-14,-481,1978,15617,-3973,2293,-3468,bf7de185,bd813877,bc009a5c,3de4758e,bf7de185,bd813876,bc009a67,3de4758d,1,58028725

12953,175,129,-11,-483,1973,15600,-3973,2293,-3468,bf7ddbf1,bd814d90,bc03e66e,3de5eda7,bf7ddbf2,bd814d91,bc03e672,3de5eda7,1,58037244

12954,163,134,6,-483,1998,15611,-3903,2255,-3507,bf7dd8f9,bd830dc8,bc04aaf4,3de5c01f,bf7dd8f8,bd830dc8,bc04aaf4,3de5c01d,1,58045762

12955,171,133,18,-486,2006,15609,-3887,2275,-3518,bf7dd495,bd827d75,bc02fc2b,3de74b12,bf7dd494,bd827d76,bc02fc2f,3de74b12,1,58054281

12956,183,139,32,-434,2004,15606,-3887,2275,-3518,bf7dd1e5,bd824e17,bbef37d3,3de83aba,bf7dd1e5,bd824e18,bbef37d8,3de83abb,1,58062299

12957,188,139,12,-464,1959,15608,-3885,2201,-3535,bf7dd2ef,bd83a2ba,bbf4476e,3de72c21,bf7dd2ef,bd83a2bb,bbf44777,3de72c22,1,58070817

12958,188,140,-9,-458,1993,15594,-3887,2287,-3506,bf7dd150,bd8276bb,bbeeb089,3de84d11,bf7dd150,bd8276bc,bbeeb098,3de84d12,1,58079336

12959,197,145,-11,-490,1975,15608,-3887,2287,-3506,bf7dcf29,bd81610c,bbf6baa5,3de975e1,bf7dcf2a,bd81610e,bbf6baa8,3de975e3,1,58087854

12960,200,147,-9,-466,2006,15611,-3925,2315,-3535,bf7dcb81,bd80a5a4,bbf066c9,3deae171,bf7dcb81,bd80a5a5,bbf066ca,3deae171,1,58096373

12961,206,144,-10,-460,1966,15595,-3913,2231,-3511,bf7dcbf7,bd821465,bbf310f8,3de9f425,bf7dcbf7,bd821466,bbf310f2,3de9f425,1,58104891

12962,205,145,-10,-439,1923,15610,-3867,2281,-3578,bf7dcc89,bd808e8d,bbec5499,3deaaa6f,bf7dcc89,bd808e8e,bbec5495,3deaaa6f,1,58113410

12963,193,139,-10,-457,1903,15625,-3867,2281,-3578,bf7dccda,bd7e0fc0,bbebd2f9,3deb69ce,bf7dccdb,bd7e0fc3,bbebd2fa,3deb69cf,1,58121929

12964,186,143,-9,-476,1980,15608,-3891,2265,-3539,bf7dc9dd,bd80ad12,bbf24704,3deb4ceb,bf7dc9dc,bd80ad13,bbf2470d,3deb4cea,1,58130447

12965,179,142,-1,-470,1965,15590,-3893,2207,-3502,bf7dca5e,bd8222f0,bbf6190f,3dea57a6,bf7dca5e,bd8222f1,bbf61915,3dea57a6,1,58138966

12966,173,136,3,-480,2027,15595,-3893,2207,-3502,bf7dca05,bd83b454,bbf994ef,3de98ba9,bf7dca04,bd83b455,bbf994f4,3de98ba8,1,58147485

12967,193,146,-5,-476,1981,15632,-3891,2243,-3453,bf7dcb6d,bd84f76c,bc0002b0,3de86ae2,bf7dcb6d,bd84f76d,bc0002bd,3de86ae3,1,58156003

12968,195,148,-4,-472,1965,15619,-3951,2273,-3526,bf7dcd36,bd834f0d,bbfdfedf,3de8e194,bf7dcd37,bd834f0e,bbfdfee8,3de8e196,1,58164522

12969,187,141,0,-482,1960,15613,-3951,2273,-3526,bf7dcde5,bd81db99,bc0407d0,3de976ed,bf7dcde6,bd81db99,bc0407c9,3de976ef,1,58172540

12970,193,137,7,-441,1952,15601,-3929,2213,-3514,bf7dcf73,bd8324b6,bc02356e,3de85605,bf7dcf74,bd8324b6,bc023567,3de85607,1,58181058

12971,193,140,11,-442,1897,15619,-3885,2269,-3445,bf7dd244,bd818106,bbfc4ca4,3de885c9,bf7dd243,bd818105,bbfc4ca1,3de885ca,1,58189577

12972,181,141,4,-473,1932,15620,-3885,2269,-3445,bf7dd3c9,bd7ff3f8,bc029ce1,3de8e9f7,bf7dd3c9,bd7ff3f8,bc029ce4,3de8e9f9,1,58198096

12973,175,138,-5,-475,1973,15600,-3927,2239,-3462,bf7dd3ae,bd818938,bc037a91,3de8124b,bf7dd3ae,bd818938,bc037a95,3de8124d,1,58206614

12974,177,135,-11,-485,1987,15605,-3901,2253,-3464,bf7dd27d,bd832d16,bc0524b7,3de775c7,bf7dd27d,bd832d16,bc0524c2,3de775c9,1,58215133

12975,173,134,-7,-482,2008,15599,-3871,2199,-3451,bf7dd2e3,bd84abb4,bc0649bb,3de67ca5,bf7dd2e3,bd84abb4,bc0649c5,3de67ca7,1,58223651

12976,178,138,-2,-465,2009,15606,-3871,2199,-3451,bf7dd3d5,bd861408,bc05db8c,3de569d8,bf7dd3d5,bd861408,bc05db94,3de569da,1,58232170

12977,194,144,5,-463,2005,15596,-3935,2219,-3411,bf7dd5c4,bd87481a,bc051fc7,3de42d01,bf7dd5c4,bd87481a,bc051fca,3de42d03,1,58240689

12978,210,142,-2,-425,1954,15611,-3939,2229,-3478,bf7ddbe7,bd866246,bbfa0121,3de311a1,bf7ddbe7,bd866246,bbfa012b,3de311a3,1,58249207

12979,205,144,-24,-420,1908,15608,-3939,2229,-3478,bf7de273,bd84ffdf,bbf180ff,3de2164d,bf7de273,bd84ffdf,bbf18101,3de2164f,1,58257726

12980,184,133,-39,-469,1916,15612,-3909,2241,-3542,bf7de5fc,bd835b81,bbf886ca,3de206a2,bf7de5fa,bd835b80,bbf886cb,3de206a2,1,58266244

12981,176,132,-27,-498,1918,15616,-3895,2251,-3456,bf7de883,bd821521,bc054122,3de1f905,bf7de883,bd821522,bc054126,3de1f906,1,58274263

12982,165,130,-8,-509,1994,15612,-3895,2251,-3456,bf7de5d4,bd839227,bc0cb13a,3de1cb99,bf7de5d4,bd839228,bc0cb13e,3de1cb9a,1,58282781

12983,171,136,8,-467,1961,15618,-3923,2237,-3554,bf7de9f7,bd83338d,bc012893,3de0f3f0,bf7de9f5,bd83338c,bc01288e,3de0f3f1,1,58291300

12984,180,133,16,-472,2031,15609,-3941,2295,-3442,bf7de4e8,bd82f5eb,bbfc6feb,3de28a86,bf7de4e8,bd82f5ec,bbfc6fe9,3de28a89,1,58299818

12985,189,140,15,-438,1986,15600,-3941,2295,-3442,bf7de334,bd81f544,bbef4d0c,3de3a5ff,bf7de334,bd81f545,bbef4d12,3de3a602,1,58308337

12986,193,138,-1,-451,2005,15618,-3945,2225,-3489,bf7de329,bd83756c,bbf0e36e,3de2ca60,bf7de32a,bd83756d,bbf0e376,3de2ca64,1,58316856

12987,202,132,-10,-451,1965,15602,-3907,2281,-3502,bf7de2e9,bd8206ef,bbedccee,3de3b21a,bf7de2ea,bd8206f0,bbedccfa,3de3b21e,1,58325374

12988,196,129,-13,-475,1966,15601,-3937,2233,-3485,bf7de38d,bd835747,bbf81e23,3de2b7f2,bf7de38d,bd835746,bbf81e35,3de2b7f5,1,58333893

12989,198,133,-11,-483,1932,15619,-3937,2233,-3485,bf7de773,bd83a2ad,bc0503b6,3de15f2d,bf7de773,bd83a2ad,bc0503ba,3de15f30,1,58342412

12990,191,139,-4,-485,1991,15614,-3905,2281,-3495,bf7de5d8,bd826d66,bc043471,3de2884f,bf7de5d8,bd826d66,bc04346f,3de28852,1,58350930

12991,189,136,-7,-458,1966,15608,-3933,2217,-3554,bf7de70b,bd83c819,bc03656f,3de16ab5,bf7de70c,bd83c819,bc036566,3de16ab9,1,58359449

12992,191,141,6,-464,1955,15607,-3933,2217,-3554,bf7dea46,bd84b53d,bc0403d4,3ddff40e,bf7dea45,bd84b53c,bc0403ce,3ddff411,1,58367467

12993,188,152,17,-446,1963,15603,-3933,2219,-3468,bf7dedca,bd8585c5,bc00e26e,3dde7f07,bf7dedcb,bd8585c5,bc00e274,3dde7f0c,1,58375985

12994,183,145,16,-385,1938,15611,-3959,2239,-3448,bf7df21d,bd84ab34,bbec561a,3ddddd64,bf7df21c,bd84ab33,bbec5628,3ddddd67,1,58384504

12995,184,131,-5,-484,1974,15621,-3959,2239,-3448,bf7df413,bd852128,bc01997d,3ddced39,bf7df412,bd852129,bc01997a,3ddced3b,1,58393022

12996,167,128,-23,-484,1979,15611,-3929,2215,-3509,bf7df6a5,bd860638,bc087d1c,3ddb940b,bf7df6a4,bd860639,bc087d21,3ddb940d,1,58401541

12997,182,136,-14,-482,1968,15603,-3861,2205,-3509,bf7dfd0e,bd851eba,bc0d605d,3dda385c,bf7dfd0f,bd851ebc,bc0d6063,3dda385f,1,58410060

12998,184,142,0,-468,2012,15592,-3861,2205,-3509,bf7dfd62,bd868289,bc08dd79,3dd95135,bf7dfd63,bd86828b,bc08dd88,3dd95137,1,58418578

12999,192,146,13,-452,1980,15610,-3899,2271,-3462,bf7dfde9,bd850823,bc055f1b,3dda1ad5,bf7dfde8,bd850824,bc055f2a,3dda1ad5,1,58427097

13000,192,145,16,-418,1972,15568,-3825,2239,-3467,bf7dfedb,bd83b980,bbfb23bd,3ddab24b,bf7dfeda,bd83b982,bbfb23d2,3ddab24b,1,58435616

13001,194,136,7,-429,1901,15615,-3909,2275,-3503,bf7e0008,bd822512,bbf69182,3ddb5194,bf7e0009,bd822515,bbf69198,3ddb5196,1,58444134

13002,181,132,-15,-489,1976,15605,-3909,2275,-3503,bf7dfdec,bd811f60,bbfecd30,3ddc7e64,bf7dfdec,bd811f62,bbfecd3a,3ddc7e65,1,58452653

13003,184,124,-9,-468,1926,15622,-3891,2213,-3489,bf7dffef,bd8239c7,bc0439ec,3ddb3803,bf7dffef,bd8239c9,bc0439ef,3ddb3803,1,58461171

13004,177,133,-9,-503,2025,15609,-3905,2241,-3599,bf7dfa6e,bd836e6f,bc0a8e47,3ddc07cb,bf7dfa6e,bd836e71,bc0a8e44,3ddc07cb,1,58469690

13005,178,137,-6,-497,1979,15613,-3905,2241,-3599,bf7df911,bd823a5c,bc0d70ef,3ddd1b6f,bf7df912,bd823a5e,bc0d70f0,3ddd1b70,1,58477708

13006,189,130,-5,-491,2020,15619,-3877,2297,-3567,bf7df6a9,bd813c4d,bc0b0139,3dde66a1,bf7df6a9,bd813c4f,bc0b013b,3dde66a1,1,58486226

13007,203,141,-6,-437,1981,15592,-3923,2279,-3576,bf7df4fd,bd806da1,bc026303,3ddf6cdc,bf7df4fd,bd806da2,bc026309,3ddf6cdc,1,58494745

13008,197,139,-21,-469,1998,15617,-3923,2279,-3576,bf7df028,bd803dff,bbfe3916,3de0ee06,bf7df029,bd803e00,bbfe3924,3de0ee07,1,58503264

13009,199,141,-30,-494,1974,15613,-3895,2285,-3494,bf7dec39,bd7f5828,bc02c309,3de253e9,bf7dec39,bd7f5827,bc02c306,3de253e9,1,58511782

13010,193,142,-28,-476,1975,15612,-3877,2265,-3508,bf7de638,bd80b978,bc01faa7,3de36b57,bf7de638,bd80b978,bc01fab2,3de36b57,1,58520301

13011,195,138,-25,-452,1962,15601,-3877,2265,-3508,bf7de341,bd805ebd,bbf25536,3de48570,bf7de341,bd805ebd,bbf2553c,3de4856f,1,58528819

13012,198,142,-27,-456,1956,15582,-3927,2273,-3517,bf7ddd6b,bd80e339,bbf0b37d,3de5da98,bf7ddd6c,bd80e339,bbf0b367,3de5da98,1,58537338

13013,200,146,-19,-438,1962,15601,-3901,2255,-3556,bf7ddae3,bd820913,bbde1e4a,3de5fa8b,bf7ddae4,bd820914,bbde1e54,3de5fa8c,1,58545857

13014,199,143,-20,-449,1957,15611,-3899,2285,-3502,bf7dd9e9,bd80b3db,bbdf0f4e,3de6fde3,bf7dd9ea,bd80b3dc,bbdf0f5b,3de6fde3,1,58554375

13015,197,146,-13,-442,1951,15595,-3899,2285,-3502,bf7dd78f,bd7f4202,bbdd191f,3de83d24,bf7dd78e,bd7f4201,bbdd1922,3de83d21,1,58562894

13016,198,143,-6,-454,1997,15586,-3903,2241,-3515,bf7dd660,bd8137e4,bbe10c31,3de7aae5,bf7dd660,bd8137e4,bbe10c35,3de7aae4,1,58571412

13017,195,138,-20,-470,1945,15600,-3913,2269,-3470,bf7dd577,bd817fe3,bbfbb6df,3de7a710,bf7dd578,bd817fe5,bbfbb6e1,3de7a710,1,58579931

13018,194,138,-16,-479,1971,15615,-3913,2269,-3470,bf7dd21c,bd82f70c,bc035559,3de7b347,bf7dd21c,bd82f70e,bc03555b,3de7b348,1,58587949

13019,189,136,-6,-452,1925,15602,-3919,2273,-3482,bf7dd45f,bd816597,bbfd13c7,3de80095,bf7dd45d,bd816598,bbfd13d7,3de80094,1,58596467

13020,184,132,-5,-468,1940,15600,-3883,2255,-3506,bf7dd6e5,bd81e3e2,bc05a628,3de6f8eb,bf7dd6e5,bd81e3e4,bc05a5f6,3de6f8e9,1,58604986

13021,182,136,4,-474,1943,15597,-3883,2255,-3506,bf7dd910,bd808047,bbfe90ee,3de735e4,bf7dd90f,bd808040,bbfe91a4,3de735e5,1,58613505

13022,178,137,7,-461,1971,15615,-3925,2263,-3487,bf7dd741,bd822a80,bbfb518f,3de6c9bc,bf7dd742,bd822a7a,bbfb5200,3de6c9be,1,58622023

13023,165,137,-1,-445,1971,15615,-3917,2279,-3548,bf7dd5ba,bd813185,bbedd9b8,3de7cef3,bf7dd5bb,bd813182,bbedd9ed,3de7cef5,1,58630542

13024,167,140,-10,-441,1952,15606,-3917,2279,-3548,bf7dd425,bd80253f,bbe36287,3de8dc93,bf7dd426,bd80253d,bbe362bc,3de8dc96,1,58639061

13025,168,140,-13,-481,1964,15610,-3913,2257,-3561,bf7dd1f3,bd818d73,bbf3835a,3de89e11,bf7dd1f4,bd818d72,bbf38377,3de89e14,1,58647579

13026,171,134,-7,-473,1980,15594,-3897,2267,-3510,bf7dccc8,bd82f903,bbfc7a37,3de931dd,bf7dccc8,bd82f903,bbfc7a1c,3de931de,1,58656098

13027,179,136,6,-477,1986,15620,-3861,2271,-3496,bf7dc9ca,bd820670,bbfb5e04,3dea89e8,bf7dc9c9,bd820670,bbfb5dfd,3dea89e8,1,58664616

13028,175,135,10,-482,1978,15622,-3861,2271,-3496,bf7dc4cc,bd81aad5,bc006d1e,3dec0f3f,bf7dc4cd,bd81aad6,bc006d10,3dec0f42,1,58673135

13029,183,142,9,-448,1968,15605,-3901,2289,-3528,bf7dc2e6,bd80d32d,bbf062b9,3ded18a3,bf7dc2e7,bd80d32d,bbf062a3,3ded18a6,1,58681654

13030,183,142,8,-475,1978,15595,-3899,2261,-3564,bf7dc016,bd82780c,bbf6edfd,3dececb3,bf7dc016,bd82780c,bbf6edd6,3dececb5,1,58689672

13031,185,135,3,-450,1949,15609,-3899,2261,-3564,bf7dc290,bd814be9,bbe36ac5,3decfab1,bf7dc290,bd814beb,bbe36a88,3decfab3,1,58698190

13032,180,136,3,-447,1962,15597,-3909,2281,-3570,bf7dbefb,bd808d48,bbdd7efa,3dee5c5d,bf7dbefc,bd808d4a,bbdd7ec6,3dee5c5f,1,58706709

13033,182,141,-3,-452,1994,15594,-3915,2239,-3535,bf7dbe82,bd82213f,bbe05554,3ded9e98,bf7dbe83,bd822141,bbe0552a,3ded9e9a,1,58715227

13034,184,135,-12,-474,1964,15605,-3915,2239,-3535,bf7dbf3a,bd83742b,bbeb2ea4,3deca7a3,bf7dbf3a,bd83742d,bbeb2e88,3deca7a4,1,58723746

13035,191,140,-14,-472,1965,15609,-3919,2215,-3538,bf7dc0f3,bd84b1f7,bbf1f340,3deb78c6,bf7dc0f3,bd84b1f9,bbf1f322,3deb78c6,1,58732264

13036,185,140,-5,-438,1945,15598,-3867,2277,-3485,bf7dc24d,bd83271c,bbea86f8,3dec005e,bf7dc24d,bd83271e,bbea86df,3dec005e,1,58740783

13037,180,134,-7,-477,1995,15608,-3867,2277,-3485,bf7dbe06,bd82a66e,bbf43165,3ded6304,bf7dbe06,bd82a66e,bbf4314c,3ded6303,1,58749302

13038,186,129,-5,-454,1922,15603,-3873,2267,-3549,bf7dbfe0,bd810636,bbf07541,3dedcbf0,bf7dbfe0,bd810636,bbf07532,3dedcbef,1,58757820

13039,168,131,-7,-494,2011,15611,-3955,2273,-3598,bf7dbc9e,bd82ada5,bbf98367,3dedb9a2,bf7dbc9e,bd82ada6,bbf98351,3dedb9a1,1,58766339

13040,164,131,-4,-461,1966,15613,-3941,2231,-3542,bf7dbdf8,bd8413b1,bbfaa586,3dec95c3,bf7dbdf6,bd8413b1,bbfaa57a,3dec95c0,1,58774857

13041,169,134,9,-476,2010,15593,-3941,2231,-3542,bf7dbe21,bd85975a,bbfd9567,3debad53,bf7dbe20,bd85975b,bbfd9565,3debad51,1,58782875

13042,175,133,22,-464,2009,15599,-3925,2189,-3507,bf7dbf36,bd86f44b,bbff264d,3dea9987,bf7dbf35,bd86f44c,bbff2651,3dea9985,1,58791394

13043,181,136,15,-472,2028,15602,-3923,2273,-3480,bf7dbe68,bd85beb5,bbf49d58,3deb8da8,bf7dbe67,bd85beb6,bbf49d60,3deb8da6,1,58799912

13044,197,141,-2,-458,1984,15608,-3923,2273,-3480,bf7dc09b,bd841acc,bbedee79,3debe952,bf7dc09b,bd841acf,bbedee66,3debe951,1,58808431

13045,205,140,-15,-470,1950,15608,-3869,2209,-3543,bf7dc392,bd850faa,bbf662bb,3dea89b1,bf7dc394,bd850fae,bbf662b0,3dea89b1,1,58816950

13046,199,141,-34,-467,1966,15614,-3917,2251,-3489,bf7dcae1,bd847382,bbfd9c1a,3de8df44,bf7dcae1,bd84737d,bbfd9c07,3de8df46,1,58825468

13047,195,137,-44,-449,1952,15621,-3917,2251,-3489,bf7dd1b7,bd83649a,bbf03128,3de7a966,bf7dd1b5,bd836499,bbf03106,3de7a962,1,58833987

13048,193,135,-20,-454,1982,15608,-3937,2277,-3528,bf7dd057,bd823886,bbe9a25e,3de8b948,bf7dd056,bd823885,bbe9a285,3de8b946,1,58842505

13049,194,139,-9,-471,1959,15611,-3921,2249,-3539,bf7dd0f2,bd835663,bbf9e9b9,3de7dcab,bf7dd0f2,bd835664,bbf9e9cc,3de7dcaa,1,58851024

13050,192,141,-2,-446,1979,15598,-3921,2249,-3539,bf7dd210,bd8471a9,bbe9de3a,3de6fd84,bf7dd211,bd8471a9,bbe9de38,3de6fd84,1,58859543

13051,192,142,6,-467,1927,15607,-3923,2227,-3640,bf7dd6fb,bd8328f6,bbf88693,3de64fb5,bf7dd6fc,bd8328f6,bbf88691,3de64fb6,1,58868061

13052,183,136,6,-482,1984,15599,-3903,2241,-3488,bf7dd6cd,bd84906e,bc018329,3de58300,bf7dd6cc,bd84906d,bc018328,3de582ff,1,58876580

13053,188,141,7,-465,1994,15592,-3953,2249,-3529,bf7dd7ef,bd85def5,bbfc63b2,3de47717,bf7dd7ef,bd85def5,bbfc63a2,3de47718,1,58885098

13054,192,144,3,-478,1943,15607,-3953,2249,-3529,bf7ddc00,bd843a96,bc01fe95,3de44288,bf7ddbfe,bd843a96,bc01fe95,3de44287,1,58893116

13055,189,136,1,-481,1959,15616,-3879,2283,-3536,bf7ddbeb,bd82c4a1,bc0176ec,3de5206f,bf7ddbec,bd82c4a2,bc0176ee,3de52071,1,58901635

13056,194,144,2,-457,1996,15599,-3899,2249,-3491,bf7dda84,bd844b08,bbf957fa,3de4ae13,bf7dda84,bd844b08,bbf957e5,3de4ae14,1,58910153

13057,194,147,7,-455,1957,15599,-3899,2249,-3491,bf7ddec3,bd82980e,bbf449bf,3de48042,bf7ddec3,bd82980e,bbf449bd,3de48043,1,58918672

13058,192,143,3,-447,1976,15601,-3903,2217,-3497,bf7ddfa3,bd83fa19,bbf47d1d,3de37558,bf7ddfa4,bd83fa1a,bbf47d1c,3de3755a,1,58927191

13059,191,140,-2,-471,1979,15592,-3859,2249,-3505,bf7ddeee,bd82a7f3,bbfc8de2,3de461b5,bf7ddeee,bd82a7f4,bbfc8def,3de461b6,1,58935709

13060,197,143,-13,-454,1957,15598,-3859,2249,-3505,bf7ddfc5,bd81452f,bbf009cf,3de4fd82,bf7ddfc6,bd814530,bbf009d5,3de4fd83,1,58944228

13061,201,143,-13,-448,1982,15602,-3853,2271,-3570,bf7ddcec,bd8063e7,bbe825f6,3de64d33,bf7ddcec,bd8063e6,bbe825f5,3de64d33,1,58952746

13062,186,139,-13,-463,1976,15600,-3905,2245,-3526,bf7ddba1,bd81fc11,bbeeaaf8,3de5bca4,bf7ddba2,bd81fc11,bbeeaaf4,3de5bca5,1,58961265

13063,192,136,-10,-470,1942,15600,-3905,2245,-3526,bf7ddd7b,bd828d6f,bc025e40,3de4ced5,bf7ddd7c,bd828d6f,bc025e3a,3de4ced5,1,58969783

13064,183,133,-11,-477,1978,15602,-3899,2211,-3522,bf7dde1f,bd83fceb,bc043cea,3de3c9eb,bf7dde20,bd83fceb,bc043ce8,3de3c9eb,1,58978302

13065,178,137,9,-480,1970,15595,-3879,2241,-3551,bf7ddf4b,bd826a89,bc05f1ba,3de459f0,bf7ddf4b,bd826a88,bc05f1bd,3de459ef,1,58986821

13066,180,139,15,-477,1981,15613,-3909,2245,-3439,bf7ddf20,bd83f04b,bc0656e2,3de384b0,bf7ddf21,bd83f04b,bc0656e3,3de384b0,1,58994839

13067,192,142,5,-444,1958,15608,-3909,2245,-3439,bf7de39b,bd83e17f,bbf78fd4,3de26476,bf7de39a,bd83e17e,bbf78fd1,3de26476,1,59003357

13068,186,136,8,-466,1941,15617,-3903,2239,-3523,bf7de7ff,bd82526b,bc00a358,3de205b0,bf7de7fe,bd82526a,bc00a35c,3de205b0,1,59011876

13069,183,140,13,-473,2009,15609,-3927,2225,-3524,bf7de729,bd83e6f4,bc01d366,3de153ba,bf7de72a,bd83e6f4,bc01d372,3de153bc,1,59020395

13070,190,142,15,-457,1945,15613,-3927,2225,-3524,bf7deca9,bd8422aa,bc011413,3ddfa420,bf7decaa,bd8422ab,bc01141f,3ddfa422,1,59028913

13071,177,139,19,-477,1990,15611,-3965,2249,-3531,bf7debaa,bd851d88,bc0b4a10,3ddf3fb1,bf7debaa,bd851d89,bc0b4a10,3ddf3fb0,1,59037432

13072,182,137,14,-434,2036,15595,-3899,2293,-3495,bf7dea30,bd842718,bc03f975,3de04e6a,bf7dea2f,bd842718,bc03f975,3de04e68,1,59045950

13073,189,142,-4,-478,1946,15613,-3899,2293,-3495,bf7dea4b,bd82ae7a,bc031870,3de1250c,bf7dea4c,bd82ae7b,bc031872,3de1250b,1,59054469

13074,202,139,-10,-452,1956,15614,-3909,2281,-3530,bf7dea1f,bd814be3,bbfe90e6,3de20683,bf7dea20,bd814be4,bbfe90e8,3de20682,1,59062988

13075,192,139,-12,-456,1969,15593,-3915,2237,-3574,bf7de907,bd82e564,bbfb21b5,3de16cbf,bf7de907,bd82e564,bbfb2193,3de16cbc,1,59071506

13076,188,136,-9,-476,1969,15613,-3915,2237,-3574,bf7de8d6,bd83a105,bc096fcd,3de0f1a9,bf7de8d6,bd83a103,bc096fc8,3de0f1a7,1,59080025

13077,191,140,-5,-453,1991,15602,-3871,2293,-3563,bf7de80c,bd8261e7,bc04e1bb,3de1ef1e,bf7de80c,bd8261e5,bc04e1b7,3de1ef1c,1,59088543

13078,192,145,-8,-473,1927,15600,-3911,2269,-3507,bf7de8e3,bd80d10d,bc040a43,3de29a59,bf7de8e3,bd80d10b,bc040a3d,3de29a57,1,59096561

13079,191,141,2,-473,1953,15603,-3911,2269,-3507,bf7de529,bd802374,bc01d9d6,3de40bc6,bf7de529,bd802374,bc01d9cb,3de40bc5,1,59105080

13080,180,140,11,-479,1923,15613,-3883,2243,-3527,bf7de5bf,bd812aaa,bc0abc60,3de3382c,bf7de5bf,bd812aa9,bc0abc61,3de3382c,1,59113598

13081,180,142,10,-461,1995,15606,-3933,2281,-3547,bf7de1ba,bd812922,bc018d7a,3de46d86,bf7de1ba,bd812921,bc018d7b,3de46d86,1,59122117

13082,187,140,14,-470,1974,15601,-3913,2251,-3564,bf7dde46,bd82d46d,bc00bc7f,3de471cb,bf7dde46,bd82d46c,bc00bc81,3de471cb,1,59130636

13083,192,137,9,-469,1964,15608,-3913,2251,-3564,bf7dde1a,bd816c24,bbfe30fc,3de54e54,bf7dde1a,bd816c24,bbfe30eb,3de54e54,1,59139154

13084,188,146,9,-457,1992,15600,-3919,2277,-3478,bf7dd8ce,bd82631a,bbf09f78,3de6480d,bf7dd8ce,bd82631a,bbf09f71,3de6480d,1,59147673

13085,188,145,6,-471,1929,15612,-3933,2193,-3494,bf7ddabc,bd838c94,bbf700e8,3de50f36,bf7ddabc,bd838c94,bbf700e2,3de50f36,1,59156191

13086,190,138,-2,-466,1930,15615,-3933,2193,-3494,bf7ddd63,bd8496dc,bbfcb815,3de3b24d,bf7ddd63,bd8496dc,bbfcb80b,3de3b24d,1,59164710

13087,186,138,-5,-471,1975,15624,-3879,2249,-3592,bf7ddde0,bd83124a,bbfc4ff3,3de47042,bf7ddddf,bd83124a,bbfc4feb,3de47041,1,59173228

13088,191,140,-1,-494,1984,15624,-3911,2253,-3567,bf7ddad6,bd82fb66,bc09c7c7,3de53a57,bf7ddad6,bd82fb68,bc09c7bb,3de53a58,1,59181747

13089,198,136,-4,-475,1992,15606,-3911,2253,-3567,bf7dd764,bd83b6ed,bbff1881,3de5da9a,bf7dd764,bd83b6ee,bbff1876,3de5da9d,1,59190266

13090,205,143,-6,-475,1995,15619,-3913,2319,-3546,bf7dd630,bd8269f1,bbfb5816,3de6f127,bf7dd630,bd8269f2,bbfb580d,3de6f12a,1,59198784

13091,201,144,-11,-457,1987,15611,-3941,2281,-3524,bf7dd2b7,bd81ee8a,bbeda5f9,3de83850,bf7dd2b8,bd81ee8b,bbeda5f1,3de83854,1,59206802

13092,209,143,-35,-456,1948,15631,-3941,2281,-3524,bf7dd2d7,bd8071d5,bbecdf5b,3de903eb,bf7dd2d8,bd8071d6,bbecdf49,3de903ee,1,59215320

13093,209,133,-59,-481,1918,15632,-3903,2223,-3566,bf7dd4f8,bd8183ad,bbf9e5e7,3de7c939,bf7dd4f9,bd8183ae,bbf9e5e0,3de7c93c,1,59223839

13094,174,126,-75,-479,2013,15597,-3891,2231,-3505,bf7dd498,bd8326d2,bbfdb4e2,3de6f386,bf7dd498,bd8326d3,bbfdb4d4,3de6f388,1,59232358

13095,163,118,-79,-455,1942,15602,-3921,2251,-3528,bf7ddb52,bd81e4bd,bbf3bb85,3de5dad9,bf7ddb50,bd81e4bd,bbf3bb70,3de5dad9,1,59240876

13096,183,126,-82,-480,1919,15604,-3921,2251,-3528,bf7ddf27,bd812621,bc05b835,3de51c38,bf7ddf27,bd812623,bc05b82e,3de51c3a,1,59249395

13097,182,127,-76,-499,1956,15592,-3929,2269,-3489,bf7ddbf8,bd820438,bc1027c8,3de56746,bf7ddbf9,bd820439,bc1027cc,3de56748,1,59257914

13098,175,129,-47,-505,1983,15605,-3885,2229,-3468,bf7ddc26,bd83919a,bc11e2d0,3de472c6,bf7ddc25,bd83919a,bc11e2d6,3de472c5,1,59266432

13099,191,147,-17,-526,1979,15590,-3885,2229,-3468,bf7ddca5,bd84df18,bc1751be,3de37fcf,bf7ddca5,bd84df19,bc1751bd,3de37fcf,1,59274951

13100,192,173,10,-456,1924,15598,-3881,2255,-3476,bf7ddf25,bd83600c,bc0ff3f1,3de3bf3b,bf7ddf23,bd83600c,bc0ff3f1,3de3bf39,1,59283469

13101,185,200,-3,-352,1915,15597,-3881,2275,-3456,bf7de0cf,bd824ae1,bc0439c0,3de403b0,bf7de0cf,bd824ae2,bc0439c0,3de403b0,1,59291988

13102,172,180,-9,-448,2035,15672,-3881,2275,-3456,bf7ddcac,bd82ea7e,bbf2db10,3de4e70c,bf7ddcad,bd82ea7f,bbf2db15,3de4e70d,1,59300006

13103,181,148,-4,-434,1854,15640,-3893,2261,-3504,bf7ddf8d,bd813d4d,bbeff87c,3de511ad,bf7ddf8c,bd813d4d,bbeff881,3de511ad,1,59308524

13104,197,147,2,-487,2001,15590,-3905,2237,-3495,bf7dde52,bd82c25f,bbf8315d,3de482d5,bf7dde53,bd82c260,bbf83159,3de482d7,1,59317043

13105,193,153,1,-479,1970,15619,-3905,2237,-3495,bf7ddef0,bd840239,bc01b3cd,3de39245,bf7ddef0,bd840238,bc01b3c9,3de39246,1,59325562

13106,193,144,7,-441,1969,15609,-3893,2249,-3503,bf7de119,bd82e8fb,bbee10d9,3de3b200,bf7de119,bd82e8fa,bbee10cd,3de3b201,1,59334080

13107,188,143,-2,-445,1912,15619,-3901,2251,-3488,bf7de509,bd813316,bbeeb72f,3de39265,bf7de509,bd813315,bbeeb723,3de39266,1,59342599

13108,185,151,-6,-465,1980,15603,-3921,2243,-3448,bf7de496,bd82b95b,bbf40223,3de2cdaf,bf7de496,bd82b95a,bbf40219,3de2cdb0,1,59351117

13109,191,147,4,-431,1922,15604,-3921,2243,-3448,bf7deb24,bd8256bf,bbea44e7,3de139ac,bf7deb24,bd8256bf,bbea44f1,3de139ad,1,59359636

13110,181,150,13,-437,1999,15597,-3873,2205,-3462,bf7deb25,bd83d67f,bbea6fbb,3de0592b,bf7deb24,bd83d67f,bbea6fc1,3de0592b,1,59368154

13111,176,147,-10,-468,1964,15610,-3893,2225,-3415,bf7ded37,bd84d50f,bbf73aa6,3ddf1ead,bf7ded36,bd84d50f,bbf73aba,3ddf1ead,1,59376673

13112,186,143,-4,-474,1950,15599,-3893,2225,-3415,bf7df1b8,bd84f22c,bc039f3c,3dddb1b1,bf7df1b9,bd84f22e,bc039f3e,3dddb1b1,1,59385192

13113,184,142,3,-471,1992,15612,-3925,2241,-3526,bf7df302,bd835ef9,bc0259e0,3dde4648,bf7df302,bd835ef9,bc0259e5,3dde4646,1,59393710

13114,188,144,9,-456,1973,15599,-3883,2249,-3458,bf7df2fd,bd8229aa,bbf62306,3ddf0df4,bf7df2fe,bd8229ac,bbf622f1,3ddf0df2,1,59402229

13115,187,146,23,-433,1952,15624,-3883,2249,-3458,bf7df480,bd8110fe,bbe1553b,3ddf58ca,bf7df480,bd8110fc,bbe15549,3ddf58c8,1,59410247

13116,186,145,35,-465,1991,15603,-3881,2237,-3486,bf7df210,bd8298ba,bbec7c9b,3ddf1ae0,bf7df210,bd8298b8,bbec7cac,3ddf1ade,1,59418765

13117,186,149,34,-428,1951,15603,-3861,2239,-3532,bf7df305,bd81269c,bbe07876,3ddfb8eb,bf7df305,bd81269b,bbe07876,3ddfb8e9,1,59427284

13118,190,152,23,-433,2013,15585,-3861,2239,-3532,bf7def1c,bd82d0ac,bbdd69d3,3ddfe07e,bf7def1c,bd82d0ab,bbdd69e7,3ddfe07c,1,59435803

13119,196,145,1,-458,1944,15609,-3877,2257,-3418,bf7df013,bd817843,bbecffd8,3de052a0,bf7df013,bd817841,bbecffd9,3de0529e,1,59444321

13120,195,150,-11,-466,1972,15603,-3881,2175,-3451,bf7df0e2,bd82d587,bbf19ecb,3ddf480f,bf7df0e2,bd82d585,bbf19ec8,3ddf480d,1,59452840

13121,195,146,-2,-464,1961,15601,-3855,2233,-3500,bf7df193,bd8246f6,bc05a101,3ddf4b6d,bf7df193,bd8246f7,bc05a108,3ddf4b6a,1,59461358

13122,199,147,-2,-466,1981,15593,-3855,2233,-3500,bf7def3a,bd83d4df,bc01252f,3ddf176c,bf7def3a,bd83d4e0,bc01253b,3ddf176a,1,59469877

13123,196,156,-13,-460,1962,15612,-3883,2237,-3458,bf7df60e,bd82846c,bbfc5f7c,3dddf238,bf7df60c,bd82846a,bbfc5f60,3dddf236,1,59478396

13124,202,161,-27,-460,1958,15625,-3857,2235,-3475,bf7df996,bd80e900,bc02256d,3dddd67b,bf7df996,bd80e904,bc0225be,3dddd67b,1,59486914

13125,198,158,-22,-482,1985,15613,-3857,2235,-3475,bf7df71e,bd8281ee,bc056348,3ddd9469,bf7df71e,bd8281f3,bc056377,3ddd9469,1,59495433

13126,195,168,-17,-403,1982,15598,-3845,2203,-3437,bf7df84d,bd83b1d2,bbfc4e27,3ddc9a46,bf7df84d,bd83b1d6,bbfc4e71,3ddc9a45,1,59503951

13127,189,176,-40,-431,1919,15614,-3897,2229,-3573,bf7dfbf8,bd820b9e,bbf2de1a,3ddc9132,bf7dfbf8,bd820ba3,bbf2de4f,3ddc9131,1,59511969

13128,172,152,-49,-434,2028,15594,-3897,2229,-3573,bf7df97f,bd83b8ba,bbeaed2a,3ddc512c,bf7df97f,bd83b8bf,bbeaed43,3ddc512c,1,59520488

13129,194,150,-19,-440,1933,15613,-3851,2255,-3549,bf7dfa82,bd82275d,bbe8b63d,3ddcf73c,bf7dfa82,bd822762,bbe8b652,3ddcf73b,1,59529007

13130,198,161,3,-453,1939,15615,-3879,2213,-3541,bf7dfd23,bd82d8d0,bbf7c5ac,3ddbbbe3,bf7dfd23,bd82d8d2,bbf7c5c2,3ddbbbe1,1,59537525

13131,195,169,8,-410,1972,15605,-3879,2213,-3541,bf7dfe99,bd83b3dc,bbe313c5,3ddae2d1,bf7dfe9a,bd83b3dd,bbe313be,3ddae2d1,1,59546044

13132,199,165,16,-423,1991,15615,-3857,2203,-3588,bf7dff1a,bd850c3f,bbdb7fc8,3dd9f41c,bf7dff1b,bd850c3f,bbdb7fa4,3dd9f41c,1,59554563

13133,204,143,18,-425,1937,15602,-3891,2281,-3520,bf7dffa2,bd837c07,bbd98840,3ddac121,bf7dffa3,bd837c07,bbd9881e,3ddac121,1,59563081

13134,199,148,3,-446,1899,15618,-3879,2245,-3467,bf7e01e2,bd81d404,bbe02d8d,3ddb109e,bf7e01e1,bd81d402,bbe02d64,3ddb109c,1,59571600

13135,188,147,-1,-444,2011,15601,-3879,2245,-3467,bf7dfd2f,bd8364ed,bbe5192d,3ddb78f4,bf7dfd2f,bd8364eb,bbe5191b,3ddb78f2,1,59580118

13136,194,155,-2,-432,1958,15620,-3887,2221,-3548,bf7e0389,bd81f732,bbe6a973,3dda79f6,bf7e0389,bd81f731,bbe6a99a,3dda79f3,1,59588637

13137,192,145,-1,-446,1976,15595,-3877,2219,-3536,bf7e0243,bd837aaf,bbef84a9,3dd9e73d,bf7e0243,bd837aae,bbef84c4,3dd9e73a,1,59597156

13138,201,153,-1,-440,1939,15623,-3877,2219,-3536,bf7e06c5,bd81c142,bbf09ea8,3dd99e18,bf7e06c5,bd81c141,bbf09ec8,3dd99e16,1,59605173

13139,195,154,3,-423,1956,15597,-3799,2267,-3496,bf7e062c,bd806cb5,bbe90c4a,3dda9c5c,bf7e062d,bd806cb5,bbe90c68,3dda9c5b,1,59613692

13140,203,149,11,-416,1923,15613,-3893,2297,-3480,bf7e05a5,bd7e12de,bbe2c6f8,3ddb999a,bf7e05a4,bd7e12dc,bbe2c70d,3ddb9997,1,59622211

13141,184,142,5,-467,2011,15609,-3893,2297,-3480,bf7e0020,bd7dee10,bbe662df,3ddd3756,bf7e0020,bd7dee0f,bbe662ea,3ddd3754,1,59630729

13142,180,148,9,-431,1919,15604,-3899,2289,-3516,bf7dfebb,bd7b7362,bbe23ad2,3dde56d0,bf7dfebb,bd7b7361,bbe23ad9,3dde56ce,1,59639248

13143,186,145,6,-421,1932,15618,-3897,2263,-3530,bf7df95e,bd7c547a,bbd584b2,3ddfaa70,bf7df95f,bd7c547a,bbd584cc,3ddfaa70,1,59647767

13144,187,142,1,-452,1982,15605,-3897,2263,-3530,bf7df484,bd7f4296,bbdec982,3de02d0e,bf7df485,bd7f4295,bbdec9a0,3de02d0e,1,59656285

13145,186,142,-3,-438,1988,15619,-3917,2275,-3489,bf7dee59,bd80c52a,bbdd2c56,3de14653,bf7dee5a,bd80c52a,bbdd2c74,3de14653,1,59664804

13146,189,141,-6,-449,1981,15592,-3981,2233,-3542,bf7dedfd,bd824789,bbe2e843,3de07bf5,bf7dedfc,bd824788,bbe2e85a,3de07bf4,1,59673322

13147,193,138,-10,-441,1947,15595,-3907,2275,-3580,bf7dedaf,bd80db97,bbe17ceb,3de1651f,bf7dedb0,bd80db97,bbe17d04,3de16520,1,59681841

13148,197,149,-14,-448,1964,15610,-3907,2275,-3580,bf7deb4a,bd7f9844,bbe1a453,3de2ab06,bf7deb4a,bd7f9843,bbe1a471,3de2ab05,1,59690359

13149,191,142,-14,-454,1964,15593,-3899,2261,-3534,bf7de614,bd810815,bbecc2d8,3de36266,bf7de613,bd810814,bbecc2f7,3de36263,1,59698878

13150,190,142,-5,-444,1954,15598,-3917,2223,-3548,bf7de6b9,bd8274cb,bbeea905,3de2618f,bf7de6b8,bd8274ca,bbeea91f,3de2618c,1,59707397

13151,196,141,4,-433,1952,15603,-3917,2223,-3548,bf7de903,bd839735,bbeb5b91,3de117b9,bf7de902,bd839734,bbeb5b99,3de117b7,1,59715415

13152,198,144,8,-409,1936,15609,-3855,2239,-3486,bf7dec1f,bd821b0b,bbdcd364,3de12328,bf7dec1e,bd821b0b,bbdcd367,3de12326,1,59723933

13153,196,140,-1,-442,1921,15623,-3871,2283,-3552,bf7dec44,bd80997f,bbdc974f,3de1f5eb,bf7dec45,bd809980,bbdc9752,3de1f5eb,1,59732452

13154,189,138,-4,-459,1988,15616,-3871,2283,-3552,bf7de893,bd7fb0c1,bbdfc5c1,3de368b9,bf7de892,bd7fb0c0,bbdfc5b5,3de368b7,1,59740971

13155,196,142,7,-442,1947,15603,-3863,2261,-3554,bf7de4bb,bd7e334b,bbe1085a,3de4e39e,bf7de4bc,bd7e334d,bbe1086d,3de4e39d,1,59749489

13156,198,147,14,-425,1960,15620,-3867,2283,-3509,bf7de0cb,bd7d1bc2,bbd5be1b,3de6521c,bf7de0ca,bd7d1bc1,bbd5be35,3de65219,1,59758008

13157,190,153,15,-417,1949,15613,-3867,2283,-3509,bf7ddc6a,bd7c4925,bbca8b52,3de7c9d4,bf7ddc6b,bd7c4927,bbca8b59,3de7c9d3,1,59766526

13158,193,147,16,-408,2022,15612,-3895,2263,-3519,bf7dd982,bd7f9e9b,bbc6aee0,3de7af1b,bf7dd983,bd7f9e9d,bbc6aee9,3de7af1a,1,59775045

13159,196,153,-2,-429,1936,15632,-3827,2283,-3540,bf7dd81a,bd7d0488,bbc69cd0,3de8c7fe,bf7dd81a,bd7d0488,bbc69cda,3de8c7fc,1,59783564

13160,201,146,-17,-452,1958,15602,-3855,2211,-3557,bf7dd7ec,bd7feefa,bbce6cc8,3de80195,bf7dd7ec,bd7feefa,bbce6cd1,3de80193,1,59792082

13161,195,150,-6,-449,1936,15598,-3855,2211,-3557,bf7dd880,bd814cf8,bbd79bda,3de712f1,bf7dd881,bd814cf8,bbd79be3,3de712f0,1,59800601

13162,194,154,5,-442,1931,15603,-3875,2255,-3471,bf7ddb6c,bd80d711,bbef87dd,3de66f5b,bf7ddb6c,bd80d711,bbef87e7,3de66f59,1,59809119

13163,187,160,11,-451,1972,15599,-3907,2245,-3528,bf7dda58,bd827133,bbef0db9,3de5d4d3,bf7dda59,bd827133,bbef0dc1,3de5d4d2,1,59817638

13164,186,167,19,-369,1955,15592,-3907,2245,-3528,bf7ddc07,bd82866a,bbd34e30,3de56ceb,bf7ddc06,bd828669,bbd34e37,3de56ce9,1,59825656

13165,193,158,-1,-397,1975,15599,-3897,2257,-3487,bf7ddc2d,bd82d583,bbb7dff8,3de54cea,bf7ddc2d,bd82d584,bbb7e006,3de54ce8,1,59834174

13166,193,150,-16,-426,1936,15603,-3937,2293,-3480,bf7ddc88,bd8157b5,bbbcf4df,3de607cc,bf7ddc88,bd8157b6,bbbcf4e6,3de607ca,1,59842693

13167,185,140,-9,-440,1927,15611,-3937,2293,-3480,bf7ddc3d,bd800387,bbc7678b,3de6d1b2,bf7ddc3d,bd800388,bbc76786,3de6d1b0,1,59851212

13168,175,141,-16,-468,2007,15604,-3875,2287,-3484,bf7dd699,bd80bd47,bbd6096b,3de7e9dd,bf7dd699,bd80bd47,bbd6096d,3de7e9dc,1,59859730

13169,187,137,-20,-457,1934,15617,-3919,2255,-3523,bf7dd75f,bd818d01,bbebf200,3de72a53,bf7dd75e,bd818d01,bbebf201,3de72a51,1,59868249

13170,185,137,-18,-459,1967,15605,-3919,2255,-3523,bf7dd645,bd831ce2,bbf333dd,3de68edb,bf7dd645,bd831ce2,bbf333f8,3de68edb,1,59876767

13171,187,144,-13,-447,1995,15606,-3903,2269,-3538,bf7dd37d,bd827836,bbe48d7f,3de7be6c,bf7dd37d,bd827837,bbe48d7e,3de7be6b,1,59885286

13172,203,150,-4,-403,1982,15625,-3913,2271,-3471,bf7dd342,bd8283c8,bbc91b92,3de7e146,bf7dd342,bd8283c7,bbc91b90,3de7e145,1,59893804

13173,204,153,-6,-433,1961,15604,-3937,2239,-3417,bf7dd4f9,bd83b50a,bbcf9e77,3de6b639,bf7dd4f7,bd83b508,bbcf9e73,3de6b636,1,59902323

13174,213,156,-17,-478,1972,15624,-3937,2239,-3417,bf7dd68d,bd84a78c,bbdf30ec,3de5ad02,bf7dd68b,bd84a78b,bbdf30e5,3de5acff,1,59910842

13175,202,149,-29,-456,1905,15640,-3909,2271,-3553,bf7dd89a,bd82fb23,bbe1aa23,3de60edd,bf7dd89a,bd82fb23,bbe1aa24,3de60edc,1,59919360

13176,153,144,-35,-393,2029,15521,-3893,2205,-3494,bf7dd8c4,bd848f53,bbdbde35,3de5215c,bf7dd8c4,bd848f53,bbdbde36,3de5215b,1,59927378

13177,190,166,-19,-475,1846,15613,-3893,2205,-3494,bf7dde63,bd83c325,bbeb6251,3de3f864,bf7dde63,bd83c325,bbeb6252,3de3f863,1,59935897

13178,177,168,-35,-580,2025,15605,-3955,2225,-3532,bf7dddc8,bd84e651,bbfdc0a4,3de36679,bf7dddc9,bd84e651,bbfdc0a8,3de3667a,1,59944415

13179,182,222,-24,-516,1907,15592,-3923,2227,-3484,bf7de20d,bd8449f3,bc080846,3de27af0,bf7de20c,bd8449f2,bc080846,3de27aef,1,59952934

13180,205,271,-7,-280,1882,15610,-3923,2227,-3484,bf7de5bc,bd8395fb,bbf23340,3de1fd45,bf7de5bd,bd8395fb,bbf23341,3de1fd45,1,59961453

13181,192,253,1,-252,2004,15616,-3893,2241,-3531,bf7de6b8,bd838b01,bbd20690,3de1dcff,bf7de6b7,bd838b00,bbd20690,3de1dcfd,1,59969971

13182,203,200,4,-341,1921,15617,-3933,2231,-3465,bf7deb82,bd83386c,bbbaa2f9,3de0c891,bf7deb81,bd83386b,bbbaa2f4,3de0c88f,1,59978490

13183,199,162,9,-397,1911,15614,-3933,2231,-3465,bf7df1f7,bd82bca3,bbc17818,3ddf367c,bf7df1f6,bd82bca3,bbc17818,3ddf367a,1,59987009

13184,195,155,-12,-373,1927,15597,-3919,2259,-3565,bf7df398,bd812ebf,bbb7d79d,3ddfaf55,bf7df399,bd812ec0,bbb7d7a2,3ddfaf55,1,59995527

13185,183,150,-30,-402,1946,15608,-3881,2233,-3550,bf7df4e8,bd8205eb,bbcb5f54,3ddec20c,bf7df4e8,bd8205e9,bbcb5f6b,3ddec20b,1,60004046

13186,175,139,-27,-417,1952,15592,-3837,2211,-3531,bf7df691,bd834115,bbd3c284,3ddd873c,bf7df691,bd834114,bbd3c281,3ddd873c,1,60012565

13187,175,140,-15,-426,1958,15592,-3837,2211,-3531,bf7dfa8b,bd83ac59,bbe2feba,3ddc13e1,bf7dfa8b,bd83ac5a,bbe2feb2,3ddc13e1,1,60020583

13188,176,143,-5,-438,1959,15599,-3895,2235,-3502,bf7dfda7,bd820de8,bbea5959,3ddc1cfd,bf7dfda7,bd820de9,bbea5944,3ddc1cfd,1,60029101

13189,184,143,6,-378,1964,15613,-3877,2229,-3493,bf7dfed6,bd826349,bbcfff47,3ddbad50,bf7dfed6,bd82634a,bbcfff31,3ddbad50,1,60037620

13190,178,135,0,-386,1914,15615,-3877,2229,-3493,bf7e035d,bd80e2db,bbc55bba,3ddb4b10,bf7e035d,bd80e2db,bbc55bc9,3ddb4b10,1,60046138

13191,176,131,-12,-415,2000,15613,-3909,2251,-3503,bf7dfe75,bd827718,bbc97fc4,3ddbc3ae,bf7dfe75,bd827718,bbc97fc9,3ddbc3ae,1,60054657

13192,185,137,-13,-382,1932,15593,-3919,2259,-3535,bf7dffa1,bd80f89d,bbc1167c,3ddc55e9,bf7dff9f,bd80f89c,bbc11679,3ddc55e8,1,60063175

13193,175,142,-4,-425,1969,15620,-3919,2259,-3535,bf7dfbcf,bd8090b0,bbcf7c35,3ddd9ecf,bf7dfbce,bd8090b1,bbcf7c33,3ddd9ed0,1,60071694

13194,168,133,4,-427,1994,15613,-3881,2225,-3531,bf7df9e7,bd824154,bbd3f680,3ddd2967,bf7df9e8,bd824156,bbd3f679,3ddd296a,1,60080213

13195,180,137,15,-397,1940,15603,-3897,2241,-3466,bf7dfe5b,bd812600,bbc17afe,3ddc9923,bf7dfe5a,bd8125fe,bbc17b16,3ddc9924,1,60088731

13196,180,137,15,-407,1976,15598,-3897,2241,-3466,bf7dfc59,bd82caa9,bbc69f7e,3ddc3022,bf7dfc59,bd82caa7,bbc69fbc,3ddc3025,1,60097250

13197,184,145,11,-384,1983,15614,-3903,2241,-3525,bf7dfba6,bd8287e4,bbac8a3d,3ddca16f,bf7dfba6,bd8287e6,bbac8a65,3ddca16f,1,60105768

13198,190,140,-10,-406,1969,15615,-3893,2239,-3523,bf7dfb23,bd820cb7,bbc5ec27,3ddcfa99,bf7dfb23,bd820cb5,bbc5ec3c,3ddcfa9a,1,60114287

13199,194,138,-18,-409,1961,15607,-3875,2257,-3516,bf7dfa75,bd80b3b7,bbc49eec,3dddf723,bf7dfa74,bd80b3b5,bbc49f14,3dddf724,1,60122805

13200,194,141,-15,-426,1972,15597,-3875,2257,-3516,bf7df5bf,bd808470,bbcfc038,3ddf6036,bf7df5bf,bd808470,bbcfc052,3ddf6038,1,60130823

13201,193,139,-10,-412,1908,15596,-3831,2239,-3540,bf7df73e,bd7dc553,bbcf02a2,3ddfe2b0,bf7df73d,bd7dc552,bbcf02ab,3ddfe2b1,1,60139342

13202,183,135,-4,-432,2029,15592,-3907,2247,-3534,bf7df451,bd8097ef,bbd1588f,3ddfbb54,bf7df451,bd8097ee,bbd15898,3ddfbb55,1,60147861

13203,191,142,-9,-398,1877,15616,-3907,2247,-3534,bf7df7fa,bd7dcac6,bbccbc75,3ddfadf3,bf7df7fa,bd7dcac4,bbccbc73,3ddfadf4,1,60156379

13204,194,134,-11,-424,2011,15614,-3885,2267,-3564,bf7df1f9,bd801ccf,bbcb6b7e,3de0b132,bf7df1fa,bd801ccf,bbcb6b80,3de0b133,1,60164898

13205,193,141,-6,-404,1903,15602,-3849,2259,-3527,bf7df2a0,bd7d23be,bbc80210,3de1649a,bf7df2a0,bd7d23bd,bbc8020f,3de1649b,1,60173417

13206,178,141,-6,-435,1978,15609,-3849,2259,-3527,bf7decdd,bd7fab55,bbd0b67c,3de2451b,bf7decdd,bd7fab55,bbd0b677,3de2451c,1,60181935

13207,173,140,-1,-411,1947,15614,-3861,2239,-3476,bf7dec60,bd816c9f,bbceb586,3de18221,bf7dec61,bd816c9f,bbceb593,3de18223,1,60190454

13208,182,142,16,-406,1975,15605,-3897,2249,-3524,bf7de943,bd82d1e2,bbc004b1,3de1a18f,bf7de944,bd82d1e2,bbc004bd,3de1a191,1,60198972

13209,183,142,15,-395,1952,15617,-3897,2249,-3524,bf7deb6b,bd81344a,bbb91c10,3de1fa66,bf7deb6b,bd813449,bbb91c14,3de1fa67,1,60207491

13210,184,144,14,-390,1941,15632,-3861,2207,-3583,bf7ded33,bd826ec4,bbbaab82,3de0c3d3,bf7ded33,bd826ec3,bbbaab77,3de0c3d5,1,60216010

13211,189,141,13,-380,2040,15618,-3889,2343,-3491,bf7deade,bd8168ac,bbb2b9f1,3de20940,bf7deadf,bd8168ab,bbb2b9ec,3de20943,1,60224528

13212,201,141,-6,-418,1962,15624,-3867,2247,-3516,bf7de8d8,bd817a34,bbcc7f4a,3de27aa1,bf7de8d8,bd817a34,bbcc7f46,3de27aa3,1,60233047

13213,209,143,-20,-375,2001,15598,-3867,2247,-3516,bf7de70c,bd827f68,bbb75d6b,3de277b1,bf7de70c,bd827f69,bbb75d6d,3de277b2,1,60241065

13214,205,143,-58,-422,1882,15613,-3915,2237,-3581,bf7deb57,bd80f380,bbc3ead6,3de21bac,bf7deb57,bd80f380,bbc3ead0,3de21bad,1,60249584

13215,187,139,-71,-404,1946,15606,-3817,2213,-3506,bf7decfd,bd825262,bbc6558a,3de0d8ed,bf7decfd,bd825262,bbc65587,3de0d8ee,1,60258102

13216,187,144,-55,-417,1964,15619,-3817,2213,-3506,bf7dee93,bd839776,bbce926d,3ddfa114,bf7dee92,bd839776,bbce9268,3ddfa114,1,60266621

13217,185,143,-30,-412,1953,15602,-3887,2229,-3517,bf7df5c7,bd8280e5,bbcf9203,3dde36a4,bf7df5c6,bd8280e6,bbcf922a,3dde36a3,1,60275140

13218,189,132,-19,-402,1962,15611,-3875,2241,-3609,bf7df600,bd81216d,bbc6b091,3ddefb5d,bf7df600,bd81216d,bbc6b0c9,3ddefb5d,1,60283658

13219,189,135,-9,-399,1991,15603,-3875,2241,-3609,bf7df0bc,bd81f6a8,bbb91b6f,3de00a4c,bf7df0bc,bd81f6a7,bbb91b88,3de00a4b,1,60292177

13220,190,139,-12,-401,1934,15602,-3873,2207,-3607,bf7df43c,bd82b399,bbc407e1,3dde946b,bf7df43a,bd82b398,bbc407e1,3dde9469,1,60300696

13221,180,136,-5,-398,1963,15613,-3871,2217,-3487,bf7df64f,bd83e746,bbc4af1b,3ddd45d7,bf7df64f,bd83e747,bbc4af24,3ddd45d7,1,60309214

13222,180,138,8,-413,1952,15613,-3871,2217,-3487,bf7dfb92,bd83c2d0,bbd28223,3ddbca9d,bf7dfb92,bd83c2d0,bbd2821d,3ddbca9d,1,60317733

13223,182,142,11,-418,1969,15604,-3879,2273,-3514,bf7dfb2f,bd825d73,bbcf9492,3ddcbee2,bf7dfb2f,bd825d73,bbcf948d,3ddcbee2,1,60326251

13224,196,144,10,-377,1947,15610,-3889,2267,-3470,bf7dfb96,bd80ffdc,bbc31523,3ddd7971,bf7dfb95,bd80ffdc,bbc3151a,3ddd7970,1,60334770

13225,193,146,-4,-420,1958,15610,-3889,2267,-3470,bf7df94a,bd7fe905,bbc9290d,3ddeb6c2,bf7df94a,bd7fe906,bbc9290d,3ddeb6c2,1,60342788

13226,197,149,-12,-405,1946,15621,-3895,2245,-3523,bf7df6b2,bd818ba2,bbc4fe2c,3dde8c5f,bf7df6b2,bd818ba3,bbc4fe1e,3dde8c5f,1,60351307

13227,195,143,-14,-410,1912,15606,-3849,2311,-3440,bf7df69f,bd801824,bbc2e70a,3ddf6a23,bf7df69e,bd801825,bbc2e700,3ddf6a22,1,60359825

13228,186,142,-23,-425,1962,15592,-3839,2267,-3526,bf7df3c0,bd7e62c3,bbc67aea,3de0bac8,bf7df3c1,bd7e62c7,bbc67aec,3de0bac7,1,60368344

13229,171,146,-21,-403,1952,15598,-3839,2267,-3526,bf7df097,bd7ce552,bbbf2c1d,3de210e2,bf7df097,bd7ce553,bbbf2c1a,3de210df,1,60376862

13230,179,141,2,-419,1964,15624,-3863,2241,-3428,bf7def56,bd800eb3,bbc4dd98,3de17d4b,bf7def57,bd800eb4,bbc4dda1,3de17d48,1,60385381

13231,183,142,27,-398,1966,15626,-3917,2219,-3494,bf7def65,bd818a36,bbc550b7,3de09ff6,bf7def64,bd818a36,bbc550c3,3de09ff1,1,60393900

13232,188,141,27,-383,1933,15601,-3917,2219,-3494,bf7df1c1,bd829fc5,bbc2089d,3ddf564f,bf7df1c0,bd829fc6,bbc208a6,3ddf564a,1,60402418

13233,180,137,17,-425,2038,15598,-3867,2269,-3522,bf7debfc,bd82949e,bbc2d8b1,3de0fe65,bf7debfc,bd82949e,bbc2d8c9,3de0fe61,1,60410937

13234,184,140,18,-388,1902,15605,-3917,2229,-3418,bf7df1da,bd829fa6,bbc31d40,3ddf4e24,bf7df1da,bd829fa6,bbc31d46,3ddf4e20,1,60419455

13235,172,134,8,-414,1986,15619,-3917,2229,-3418,bf7df24e,bd840e1f,bbc840fa,3dde5092,bf7df24d,bd840e1f,bbc84104,3dde508d,1,60427974

13236,166,138,6,-413,1981,15599,-3923,2283,-3530,bf7df18f,bd82be0c,bbc58c73,3ddf4f9b,bf7df18f,bd82be0d,bbc58c83,3ddf4f97,1,60436492

13237,175,136,7,-402,1947,15614,-3901,2231,-3536,bf7df877,bd81fb5f,bbc657c5,3dddc85f,bf7df877,bd81fb5d,bbc65796,3dddc85c,1,60444510

13238,170,130,5,-406,1996,15606,-3901,2231,-3536,bf7df6a3,bd83adf6,bbc66e7c,3ddd4e39,bf7df6a3,bd83adf4,bbc66e85,3ddd4e37,1,60453029

13239,181,140,9,-369,2027,15593,-3897,2271,-3512,bf7df467,bd83039b,bbb4cbe0,3dde659d,bf7df467,bd83039a,bbb4cbe0,3dde659b,1,60461548

13240,188,140,-2,-389,1897,15616,-3857,2275,-3584,bf7df549,bd8173db,bbb32cd3,3ddf106b,bf7df549,bd8173da,bbb32cd9,3ddf1069,1,60470066

13241,172,134,-13,-477,2043,15591,-3913,2231,-3567,bf7df2f5,bd82e60f,bbc2c61f,3dded4ac,bf7df2f6,bd82e60f,bbc2c626,3dded4ab,1,60478585

13242,190,135,-17,-385,1865,15605,-3913,2231,-3567,bf7df756,bd8133dc,bbc18514,3dde93a5,bf7df757,bd8133dc,bbc18512,3dde93a4,1,60487103

13243,186,135,-6,-425,2002,15601,-3851,2213,-3505,bf7df637,bd82c77e,bbc822b5,3dddf3cf,bf7df637,bd82c77e,bbc822b2,3dddf3cd,1,60495622

13244,177,138,0,-414,1956,15606,-3885,2235,-3467,bf7dfaaf,bd82e30a,bbd8b8b9,3ddc8b84,bf7dfab0,bd82e309,bbd8b8c6,3ddc8b83,1,60504141

13245,169,140,4,-385,1931,15605,-3885,2235,-3467,bf7dfeb3,bd81b12e,bbc6b73c,3ddc2919,bf7dfeb4,bd81b12e,bbc6b735,3ddc2918,1,60512659

13246,162,130,5,-402,1968,15597,-3871,2263,-3568,bf7dfd36,bd808789,bbc23e5b,3ddd48b2,bf7dfd37,bd808789,bbc23e52,3ddd48b1,1,60521178

13247,163,132,4,-397,2005,15608,-3929,2221,-3464,bf7dfc81,bd822857,bbc2f511,3ddc8824,bf7dfc82,bd822857,bbc2f506,3ddc8823,1,60529696

13248,178,133,5,-414,1963,15605,-3929,2221,-3464,bf7dfd80,bd8376b2,bbca780a,3ddb712f,bf7dfd81,bd8376b3,bbca77f6,3ddb712e,1,60537714

13249,178,135,11,-386,1971,15590,-3857,2249,-3564,bf7dfd64,bd821fd8,bbc18018,3ddc4d43,bf7dfd63,bd821fd7,bbc18012,3ddc4d41,1,60546233

13250,180,139,-2,-405,1934,15614,-3875,2253,-3453,bf7dfe8a,bd808d10,bbc3a286,3ddce2be,bf7dfe89,bd808d0f,bbc3a28c,3ddce2bc,1,60554751

13251,177,136,2,-428,2020,15623,-3875,2253,-3453,bf7dfa27,bd822c92,bbca611a,3ddd2c4b,bf7dfa26,bd822c90,bbca612d,3ddd2c49,1,60563270

13252,174,134,0,-421,1957,15603,-3903,2237,-3515,bf7dfb44,bd828143,bbe3ca9e,3ddc8f60,bf7dfb44,bd828148,bbe3ca91,3ddc8f5d,1,60571789

13253,174,133,-4,-432,1989,15594,-3855,2283,-3483,bf7df997,bd8160c9,bbdf0c07,3dddb948,bf7df996,bd8160cd,bbdf0c05,3dddb943,1,60580307

13254,175,144,6,-421,1979,15603,-3893,2253,-3456,bf7df54c,bd82bff4,bbd22f17,3dde3203,bf7df54d,bd82bff5,bbd22ee3,3dde3203,1,60588826

13255,175,143,10,-411,1995,15603,-3893,2253,-3456,bf7df09e,bd839948,bbc16197,3ddf16bb,bf7df09f,bd839948,bbc16161,3ddf16bd,1,60597344

13256,183,144,9,-426,1978,15610,-3861,2289,-3523,bf7defba,bd82418d,bbc143fc,3de020f5,bf7defba,bd82418c,bbc143d6,3de020f6,1,60605863

13257,188,143,8,-398,1994,15612,-3883,2271,-3579,bf7ded92,bd8132f0,bbb9f436,3de15f83,bf7ded93,bd8132f0,bbb9f424,3de15f85,1,60614382

13258,189,142,5,-390,1971,15596,-3883,2271,-3579,bf7deb83,bd801e13,bbb2a548,3de296bb,bf7deb84,bd801e13,bbb2a52e,3de296bd,1,60622900

13259,192,136,-4,-404,1945,15610,-3885,2241,-3442,bf7debe4,bd817ded,bbbb7a0a,3de1abe4,bf7debe4,bd817dec,bbbb79e8,3de1abe4,1,60631419

13260,193,134,-11,-405,1979,15606,-3897,2237,-3462,bf7debbd,bd82ff28,bbbfa8e9,3de0d4d8,bf7debbc,bd82ff26,bbbfa8ce,3de0d4d7,1,60639937

13261,202,144,0,-387,1968,15616,-3897,2237,-3462,bf7deecc,bd83e644,bbb68e48,3ddf773d,bf7deecb,bd83e643,bbb68e54,3ddf773c,1,60647955

13262,197,144,-5,-408,1978,15614,-3915,2279,-3383,bf7dee93,bd8276fd,bbba13f0,3de05bb7,bf7dee94,bd8276fd,bbba140f,3de05bb8,1,60656474

13263,196,141,-5,-378,1968,15593,-3899,2271,-3465,bf7dee0a,bd813b38,bbae2fe7,3de14244,bf7dee0a,bd813b39,bbae2fea,3de14243,1,60664993

13264,197,141,-14,-397,1934,15606,-3899,2271,-3465,bf7dee3b,bd7f7f8a,bbb2e037,3de208dc,bf7dee3a,bd7f7f8b,bbb2e03f,3de208da,1,60673511

13265,190,134,-13,-413,1969,15593,-3917,2225,-3484,bf7dee2c,bd813ad6,bbb98eef,3de1300c,bf7dee2d,bd813ad8,bbb98efe,3de1300c,1,60682030

13266,197,141,-10,-398,1957,15598,-3921,2227,-3542,bf7deefd,bd829b02,bbbd6355,3de025e5,bf7deefd,bd829b04,bbbd6357,3de025e3,1,60690548

13267,184,136,-5,-438,1948,15605,-3877,2251,-3516,bf7def2c,bd81664e,bbcdfc64,3de0bc9c,bf7def2b,bd816650,bbcdfc57,3de0bc99,1,60699067

13268,170,135,-2,-444,1975,15595,-3877,2251,-3516,bf7deabe,bd820ed8,bbe2d2d8,3de18774,bf7deabf,bd820ed9,bbe2d2d3,3de18774,1,60707586

13269,179,130,10,-409,1945,15596,-3909,2283,-3468,bf7dea83,bd80c116,bbd8b7f2,3de260f5,bf7dea83,bd80c116,bbd8b7f4,3de260f4,1,60716104

13270,177,129,27,-406,1964,15614,-3913,2277,-3531,bf7de80a,bd7fe6af,bbcab55f,3de39361,bf7de80a,bd7fe6af,bbcab55d,3de39360,1,60724623

13271,166,140,19,-396,2008,15618,-3913,2277,-3531,bf7de2b8,bd81091e,bbbbefe3,3de47eb1,bf7de2b9,bd81091e,bbbbefda,3de47eb1,1,60733142

13272,172,141,19,-382,1964,15600,-3933,2261,-3527,bf7de121,bd8235dd,bba835d1,3de45473,bf7de121,bd8235de,bba835d0,3de45473,1,60741660

13273,183,142,19,-403,1991,15591,-3887,2293,-3491,bf7dde56,bd812ead,bba8f4c1,3de5af04,bf7dde56,bd812eae,bba8f4c0,3de5af03,1,60750179

13274,177,141,11,-403,1946,15611,-3887,2293,-3491,bf7ddd0b,bd7fc7a1,bbaaeb74,3de6c17b,bf7ddd0a,bd7fc7a1,bbaaeb78,3de6c179,1,60758197

13275,183,139,-7,-433,2042,15591,-3903,2273,-3556,bf7dd872,bd816dd8,bbb381ad,3de722f9,bf7dd872,bd816dd8,bbb381b6,3de722f8,1,60766716

13276,187,140,-13,-398,1953,15611,-3947,2257,-3537,bf7dd9d5,bd82bab4,bbb92897,3de60107,bf7dd9d5,bd82bab4,bbb928b6,3de60106,1,60775234

13277,188,138,-14,-420,1953,15607,-3947,2257,-3537,bf7ddcb3,bd825ccd,bbd24d2f,3de55620,bf7ddcb3,bd825ccd,bbd24d4b,3de5561e,1,60783753

13278,178,140,-5,-415,1953,15594,-3911,2219,-3541,bf7dde89,bd83a21c,bbd326a1,3de41867,bf7dde89,bd83a21c,bbd326bd,3de41865,1,60792271

13279,173,144,14,-402,1966,15609,-3901,2277,-3492,bf7dde91,bd824788,bbc93d74,3de4e5c3,bf7dde91,bd824788,bbc93d8b,3de4e5c0,1,60800790

13280,176,141,24,-416,1993,15607,-3905,2247,-3503,bf7ddd11,bd83ed0d,bbc96b41,3de45e82,bf7ddd11,bd83ed0d,bbc96b3c,3de45e7f,1,60809309

13281,172,149,31,-367,1969,15592,-3905,2247,-3503,bf7ddf7a,bd837c9a,bbaf506a,3de409a2,bf7ddf78,bd837c98,bbaf5063,3de4099e,1,60817827

13282,184,140,26,-407,1951,15614,-3917,2273,-3511,bf7ddfe2,bd81f546,bbb38d75,3de4c94a,bf7ddfe1,bd81f545,bbb38d71,3de4c947,1,60826346

13283,178,145,27,-420,2029,15594,-3893,2241,-3570,bf7ddcce,bd83a0fc,bbb9cc7f,3de4aa04,bf7ddcce,bd83a0fc,bbb9cc8b,3de4aa02,1,60834865

13284,180,140,33,-425,1979,15607,-3893,2241,-3570,bf7ddca8,bd83655b,bbd4e7e7,3de4bf81,bf7ddca8,bd83655a,bbd4e7f1,3de4bf80,1,60843383

13285,187,141,36,-405,1995,15596,-3903,2253,-3602,bf7ddac1,bd82cbd6,bbbfd6dd,3de5b0a9,bf7ddac2,bd82cbd6,bbbfd6e7,3de5b0a9,1,60851902

13286,188,143,28,-414,1959,15616,-3923,2303,-3562,bf7dd9d9,bd8168fc,bbbdae24,3de6badc,bf7dd9da,bd8168fd,bbbdae29,3de6badc,1,60859920

13287,180,143,21,-425,2051,15598,-3923,2303,-3562,bf7dd368,bd81aba6,bbbb0cdc,3de85bb6,bf7dd368,bd81aba7,bbbb0cd3,3de85bb5,1,60868439

13288,188,142,14,-366,1921,15604,-3923,2315,-3578,bf7dd342,bd804363,bbb2deee,3de933da,bf7dd342,bd804364,bbb2dee3,3de933d9,1,60876957

13289,185,138,-3,-440,2011,15620,-3933,2277,-3506,bf7dcfdc,bd81cc19,bbbe6889,3de93e81,bf7dcfdc,bd81cc19,bbbe6891,3de93e80,1,60885476

13290,187,137,-9,-404,1961,15609,-3933,2277,-3506,bf7dce28,bd80eed8,bbb1c25f,3dea3941,bf7dce28,bd80eed8,bbb1c23d,3dea393f,1,60893994

13291,189,141,-7,-426,2014,15606,-3909,2291,-3508,bf7dc7da,bd81df18,bbb95533,3deb6311,bf7dc7da,bd81df17,bbb95528,3deb630f,1,60902513

13292,187,136,-12,-446,2016,15613,-3949,2261,-3548,bf7dc623,bd836924,bbc40a36,3deaf5c7,bf7dc624,bd836923,bbc40a37,3deaf5c5,1,60911032

13293,196,139,-1,-417,1960,15659,-3921,2231,-3540,bf7dc93b,bd84659c,bbc8916b,3de98d55,bf7dc93c,bd84659c,bbc89178,3de98d53,1,60919551

13294,201,144,1,-385,1923,15577,-3921,2231,-3540,bf7dd005,bd83e402,bbbe6217,3de805a3,bf7dd004,bd83e401,bbbe620f,3de805a0,1,60928069

13295,201,141,-3,-420,1980,15637,-3883,2227,-3511,bf7dd210,bd8501d5,bbc6741b,3de6cbf3,bf7dd211,bd8501d5,bbc6741d,3de6cbf3,1,60936588

13296,187,145,-1,-416,1990,15597,-3889,2255,-3499,bf7dd3c3,bd83634e,bbc2e20b,3de744a7,bf7dd3c3,bd83634e,bbc2e220,3de744a5,1,60945106

13297,197,143,13,-417,1914,15605,-3889,2255,-3499,bf7dd723,bd81ac95,bbc76a84,3de74bbc,bf7dd723,bd81ac95,bbc76a8c,3de74bba,1,60953124

13298,192,142,10,-413,2020,15601,-3895,2285,-3470,bf7dd110,bd827541,bbbd9884,3de88cbc,bf7dd111,bd827541,bbbd9873,3de88cba,1,60961643

13299,202,141,-1,-406,1945,15598,-3877,2299,-3553,bf7dd0bf,bd8100fd,bbba4e58,3de97495,bf7dd0be,bd8100fc,bbba4e4e,3de97491,1,60970162

13300,193,138,-5,-423,1934,15600,-3877,2299,-3553,bf7dcfe9,bd7f3f6d,bbbb6354,3dea6f85,bf7dcfea,bd7f3f6d,bbbb6353,3dea6f83,1,60978680

13301,187,136,-2,-400,1933,15610,-3921,2309,-3583,bf7dce76,bd7cc1a2,bbb68e2d,3deb83e0,bf7dce76,bd7cc1a1,bbb68e21,3deb83dc,1,60987199

13302,181,133,3,-404,1987,15595,-3901,2253,-3559,bf7dccab,bd800ff8,bbb779b4,3deb15de,bf7dccac,bd800ff7,bbb779ad,3deb15db,1,60995718

13303,180,142,21,-384,1948,15610,-3901,2253,-3559,bf7dcc88,bd8185ee,bbaec318,3dea58be,bf7dcc89,bd8185ed,bbaec30f,3dea58bb,1,61004236

13304,166,141,10,-387,1984,15613,-3921,2205,-3447,bf7dcd4f,bd82f926,bbb027d1,3de95335,bf7dcd4c,bd82f923,bbb027c2,3de9532f,1,61012755

13305,178,140,7,-417,1989,15626,-3909,2291,-3493,bf7dcaf5,bd81e257,bbb424e1,3dea8eb2,bf7dcaf6,bd81e258,bbb424d6,3dea8eb1,1,61021273

13306,186,136,1,-420,1982,15605,-3911,2257,-3465,bf7dca92,bd835ab0,bbbd1fb6,3de9d090,bf7dca93,bd835ab1,bbbd1fb5,3de9d08f,1,61029792

#END

q = [-0.7094 +0.6906 -0.0948 +0.1044]  |q|^2=+1.0000  muestras=23226  err=0

q2= [-0.7094 +0.6906 -0.0948 +0.1044]  dang(orig,opt2)=+0.0000 deg

   roll=-88.4 pitch=-0.5 yaw=-16.2 deg

   raw g=(194,142,26) a=(115,-16363,523) m=(-3641,4259,-911) |m_comp|=2654

q = [-0.7098 +0.6902 -0.0946 +0.1041]  |q|^2=+1.0000  muestras=23253  err=0

q2= [-0.7098 +0.6902 -0.0946 +0.1041]  dang(orig,opt2)=+0.0000 deg

   roll=-88.3 pitch=-0.5 yaw=-16.2 deg

   raw g=(188,137,24) a=(127,-16362,497) m=(-3699,4211,-918) |m_comp|=2649

q = [-0.7099 +0.6902 -0.0946 +0.1041]  |q|^2=+1.0000  muestras=23278  err=0

q2= [-0.7099 +0.6902 -0.0946 +0.1041]  dang(orig,opt2)=+0.0000 deg

   roll=-88.3 pitch=-0.5 yaw=-16.2 deg

   raw g=(183,145,28) a=(119,-16357,520) m=(-3667,4241,-942) |m_comp|=2650

q = [-0.7101 +0.6900 -0.0946 +0.1040]  |q|^2=+1.0000  muestras=23304  err=0

q2= [-0.7101 +0.6900 -0.0946 +0.1040]  dang(orig,opt2)=+0.0000 deg

   roll=-88.3 pitch=-0.5 yaw=-16.2 deg

   raw g=(195,134,27) a=(116,-16369,504) m=(-3697,4231,-977) |m_comp|=2655

q = [-0.7099 +0.6901 -0.0947 +0.1042]  |q|^2=+1.0000  muestras=23330  err=0

q2= [-0.7099 +0.6901 -0.0947 +0.1042]  dang(orig,opt2)=+0.0000 deg

   roll=-88.3 pitch=-0.5 yaw=-16.2 deg

   raw g=(190,144,25) a=(120,-16365,529) m=(-3681,4205,-922) |m_comp|=2633

q = [-0.7099 +0.6901 -0.0948 +0.1043]  |q|^2=+1.0000  muestras=23355  err=0

q2= [-0.7099 +0.6901 -0.0948 +0.1043]  dang(orig,opt2)=+0.0000 deg

   roll=-88.3 pitch=-0.5 yaw=-16.2 deg

   raw g=(194,140,19) a=(126,-16361,512) m=(-3651,4233,-909) |m_comp|=2640

q = [-0.7098 +0.6901 -0.0949 +0.1044]  |q|^2=+1.0000  muestras=23381  err=0

q2= [-0.7098 +0.6901 -0.0949 +0.1044]  dang(orig,opt2)=+0.0000 deg

   roll=-88.3 pitch=-0.5 yaw=-16.2 deg

   raw g=(196,134,23) a=(124,-16355,516) m=(-3653,4267,-839) |m_comp|=2680

q = [-0.7094 +0.6904 -0.0952 +0.1049]  |q|^2=+1.0000  muestras=23407  err=0

q2= [-0.7094 +0.6904 -0.0952 +0.1049]  dang(orig,opt2)=+0.0000 deg

   roll=-88.4 pitch=-0.6 yaw=-16.3 deg

   raw g=(190,141,23) a=(123,-16357,523) m=(-3653,4215,-849) |m_comp|=2637

q = [-0.7093 +0.6905 -0.0953 +0.1050]  |q|^2=+1.0000  muestras=23432  err=0

q2= [-0.7093 +0.6905 -0.0953 +0.1050]  dang(orig,opt2)=+0.0000 deg

   roll=-88.4 pitch=-0.6 yaw=-16.3 deg

   raw g=(189,142,24) a=(117,-16358,524) m=(-3657,4249,-962) |m_comp|=2648

q = [-0.7094 +0.6903 -0.0954 +0.1051]  |q|^2=+1.0000  muestras=23458  err=0

q2= [-0.7094 +0.6903 -0.0954 +0.1051]  dang(orig,opt2)=+0.0000 deg

   roll=-88.4 pitch=-0.6 yaw=-16.3 deg

   raw g=(190,139,24) a=(119,-16359,531) m=(-3693,4261,-903) |m_comp|=2688

q = [-0.7095 +0.6903 -0.0955 +0.1052]  |q|^2=+1.0000  muestras=23483  err=0

q2= [-0.7095 +0.6903 -0.0955 +0.1052]  dang(orig,opt2)=+0.0000 deg

   roll=-88.4 pitch=-0.6 yaw=-16.3 deg

   raw g=(193,140,21) a=(121,-16360,510) m=(-3659,4233,-892) |m_comp|=2647

q = [-0.7091 +0.6906 -0.0959 +0.1056]  |q|^2=+1.0000  muestras=23509  err=0

q2= [-0.7091 +0.6906 -0.0959 +0.1056]  dang(orig,opt2)=+0.0000 deg

   roll=-88.4 pitch=-0.6 yaw=-16.4 deg

   raw g=(193,149,24) a=(120,-16351,545) m=(-3637,4237,-900) |m_comp|=2636

q = [-0.7088 +0.6907 -0.0961 +0.1059]  |q|^2=+1.0000  muestras=23535  err=0

q2= [-0.7088 +0.6907 -0.0961 +0.1059]  dang(orig,opt2)=+0.0000 deg

   roll=-88.4 pitch=-0.6 yaw=-16.4 deg

   raw g=(196,139,20) a=(119,-16354,527) m=(-3645,4165,-903) |m_comp|=2583

q = [-0.7089 +0.6906 -0.0962 +0.1060]  |q|^2=+1.0000  muestras=23560  err=0

q2= [-0.7089 +0.6906 -0.0962 +0.1060]  dang(orig,opt2)=+0.0000 deg

   roll=-88.4 pitch=-0.6 yaw=-16.5 deg

   raw g=(194,141,27) a=(116,-16362,541) m=(-3629,4203,-945) |m_comp|=2597

q = [-0.7090 +0.6905 -0.0963 +0.1061]  |q|^2=+1.0000  muestras=23586  err=0

q2= [-0.7090 +0.6905 -0.0963 +0.1061]  dang(orig,opt2)=+0.0000 deg

   roll=-88.4 pitch=-0.6 yaw=-16.5 deg

   raw g=(197,133,26) a=(119,-16350,520) m=(-3605,4219,-881) |m_comp|=2607

q = [-0.7092 +0.6902 -0.0964 +0.1061]  |q|^2=+1.0000  muestras=23612  err=0

q2= [-0.7092 +0.6902 -0.0964 +0.1061]  dang(orig,opt2)=+0.0000 deg

   roll=-88.4 pitch=-0.6 yaw=-16.5 deg

   raw g=(196,145,24) a=(117,-16369,499) m=(-3609,4189,-950) |m_comp|=2574

q = [-0.7094 +0.6901 -0.0965 +0.1062]  |q|^2=+1.0000  muestras=23637  err=0

q2= [-0.7094 +0.6901 -0.0965 +0.1062]  dang(orig,opt2)=+0.0000 deg

   roll=-88.3 pitch=-0.6 yaw=-16.5 deg

   raw g=(193,142,26) a=(127,-16356,529) m=(-3659,4207,-926) |m_comp|=2621

q = [-0.7096 +0.6899 -0.0964 +0.1061]  |q|^2=+1.0000  muestras=23663  err=0

q2= [-0.7096 +0.6899 -0.0964 +0.1061]  dang(orig,opt2)=+0.0000 deg

   roll=-88.3 pitch=-0.5 yaw=-16.5 deg

   raw g=(197,142,19) a=(131,-16370,513) m=(-3635,4239,-930) |m_comp|=2632

q = [-0.7096 +0.6899 -0.0965 +0.1061]  |q|^2=+1.0000  muestras=23689  err=0

q2= [-0.7096 +0.6899 -0.0965 +0.1061]  dang(orig,opt2)=+0.0000 deg

   roll=-88.3 pitch=-0.5 yaw=-16.5 deg

   raw g=(190,143,15) a=(112,-16382,518) m=(-3633,4231,-942) |m_comp|=2623

q = [-0.7101 +0.6895 -0.0963 +0.1058]  |q|^2=+1.0000  muestras=23714  err=0

q2= [-0.7101 +0.6895 -0.0963 +0.1058]  dang(orig,opt2)=+0.0000 deg

   roll=-88.2 pitch=-0.5 yaw=-16.4 deg

   raw g=(196,140,16) a=(105,-16363,524) m=(-3643,4203,-907) |m_comp|=2612

q = [-0.7101 +0.6894 -0.0963 +0.1057]  |q|^2=+1.0000  muestras=23740  err=0

q2= [-0.7101 +0.6894 -0.0963 +0.1057]  dang(orig,opt2)=+0.0000 deg

   roll=-88.2 pitch=-0.5 yaw=-16.4 deg

   raw g=(193,143,24) a=(124,-16358,528) m=(-3637,4161,-915) |m_comp|=2573

q = [-0.7101 +0.6894 -0.0962 +0.1056]  |q|^2=+1.0000  muestras=23766  err=0

q2= [-0.7101 +0.6894 -0.0962 +0.1056]  dang(orig,opt2)=+0.0000 deg

   roll=-88.2 pitch=-0.5 yaw=-16.4 deg

   raw g=(194,147,23) a=(108,-16368,521) m=(-3621,4197,-908) |m_comp|=2594

q = [-0.7104 +0.6892 -0.0961 +0.1054]  |q|^2=+1.0000  muestras=23791  err=0

q2= [-0.7104 +0.6892 -0.0961 +0.1054]  dang(orig,opt2)=+0.0000 deg

   roll=-88.2 pitch=-0.5 yaw=-16.4 deg

   raw g=(194,136,23) a=(127,-16350,514) m=(-3659,4181,-995) |m_comp|=2591

