

=== Madgwick en FPGA: comprobacion minima ===

NAV STATUS=0x0000000e  busy=0 cfg_done=1 ag=1 mag=1 err=0 [whoami_ag=0 whoami_mag=0 timeout=0 overrun=0]

WHO_AM_I leido: A/G=0x68 (esperado 0x68)  Mag=0x3d (esperado 0x3D)

Calibrando gyro: NO MUEVAS la placa...

*** AVISO 1/1 ***

  dispersion p5-p95: (22, 19, 16)

  gyro offset = (191, 137, 17) cuentas

*** AVISO 1/2 ***

*** AVISO 2/2 ***

Preparado: tienes 3 s para coger la placa (pitido = empieza)...

Calibrando magnetometro 30 s: gira la placa despacio por TODAS las orientaciones

  (cada eje hacia arriba y hacia abajo, y giros en 8). LEJOS de moviles, auriculares, altavoces, portatil.

*** AVISO 1/1 ***

  29 s restantes

  28 s restantes

  27 s restantes

  26 s restantes

  25 s restantes

  24 s restantes

  23 s restantes

  22 s restantes

  21 s restantes

  20 s restantes

  19 s restantes

  18 s restantes

  17 s restantes

  16 s restantes

  15 s restantes

  14 s restantes

  13 s restantes

  12 s restantes

  11 s restantes

  10 s restantes

  9 s restantes

  8 s restantes

  7 s restantes

  6 s restantes

  5 s restantes

  4 s restantes

  3 s restantes

  2 s restantes

  1 s restantes

  0 s restantes

*** AVISO 1/3 ***

*** AVISO 2/3 ***

*** AVISO 3/3 ***

  rango mag: x[-4997,997] y[-825,5087] z[-4183,1277]

  picos aislados descartados: 0

  1er ajuste: radio=2796 residuo=6%  (atipicos descartados: 164 de 3570)

  ajuste: centro=(-2099, 2114, -1381) radio=2801  residuo=+5.3%

  mag offset = (-2099, 2114, -1381)  -> copialos a MAG_PRESET_X/Y/Z para fijarlos

Leyendo q_out (orig y opt2) cada 200 ms. Teclas: g=gyro m=mag c=borrar offsets r=reset filtro 1/2=ejes 0x018/0x039  l/L=captura CSV 60 s (L reinicia antes)  d=volcar de nuevo

q = [-0.9809 -0.0182 +0.0011 +0.1935]  |q|^2=+1.0000  muestras=4567  err=0

q2= [-0.9809 -0.0182 +0.0011 +0.1935]  dang(orig,opt2)=+0.0000 deg

   roll=+2.1 pitch=+0.3 yaw=-22.3 deg

   raw g=(-7789,-859,324) a=(-1475,16105,-737) m=(-3861,79,-1658) |m_comp|=2705

q = [-0.8398 -0.5363 +0.0293 +0.0790]  |q|^2=+1.0000  muestras=4593  err=0

q2= [-0.8398 -0.5363 +0.0293 +0.0790]  dang(orig,opt2)=+0.0000 deg

   roll=+65.0 pitch=+2.0 yaw=-9.5 deg

   raw g=(-24268,-768,-241) a=(379,7948,-14523) m=(-3771,445,-158) |m_comp|=2660

q = [-0.0283 -0.9943 -0.1017 -0.0170]  |q|^2=+1.0000  muestras=4619  err=0

q2= [-0.0283 -0.9943 -0.1017 -0.0170]  dang(orig,opt2)=+0.0000 deg

   roll=+176.6 pitch=-1.6 yaw=+11.7 deg

   raw g=(-5603,-3065,-4202) a=(3538,-13775,-10512) m=(-3521,3871,295) |m_comp|=2814

q = [+0.4354 -0.8982 +0.0115 -0.0600]  |q|^2=+1.0000  muestras=4644  err=0

q2= [+0.4354 -0.8982 +0.0115 -0.0600]  dang(orig,opt2)=+0.0000 deg

   roll=-128.1 pitch=-5.6 yaw=-4.2 deg

   raw g=(-4660,2725,988) a=(-2594,-15936,3143) m=(-3789,4285,-831) |m_comp|=2805

q = [+0.6254 -0.7788 +0.0001 +0.0488]  |q|^2=+1.0000  muestras=4670  err=0

q2= [+0.6254 -0.7788 +0.0001 +0.0488]  dang(orig,opt2)=+0.0000 deg

   roll=-102.3 pitch=+4.4 yaw=+3.5 deg

   raw g=(150,827,1226) a=(-1628,-17219,1772) m=(-3965,4165,-1198) |m_comp|=2778

q = [+0.6869 -0.7261 +0.0079 +0.0291]  |q|^2=+1.0000  muestras=4696  err=0

q2= [+0.6869 -0.7261 +0.0079 +0.0291]  dang(orig,opt2)=+0.0000 deg

   roll=-93.1 pitch=+3.0 yaw=+1.6 deg

   raw g=(53,-1471,2712) a=(-1942,-15584,2445) m=(-3841,4135,-1042) |m_comp|=2689

q = [+0.7085 -0.7045 +0.0406 -0.0039]  |q|^2=+1.0000  muestras=4721  err=0

q2= [+0.7085 -0.7045 +0.0406 -0.0039]  dang(orig,opt2)=+0.0000 deg

   roll=-89.8 pitch=+3.0 yaw=-3.6 deg

   raw g=(-109,495,-336) a=(-1344,-16361,539) m=(-3851,4183,-1055) |m_comp|=2730

q = [+0.7190 -0.6919 +0.0626 -0.0168]  |q|^2=+1.0000  muestras=4747  err=0

q2= [+0.7190 -0.6919 +0.0626 -0.0168]  dang(orig,opt2)=+0.0000 deg

   roll=-88.0 pitch=+3.8 yaw=-6.4 deg

   raw g=(-54,110,-776) a=(-1067,-15792,1504) m=(-3903,4157,-1060) |m_comp|=2743

q = [+0.7206 -0.6864 +0.0960 -0.0191]  |q|^2=+1.0000  muestras=4773  err=0

q2= [+0.7206 -0.6864 +0.0960 -0.0191]  dang(orig,opt2)=+0.0000 deg

   roll=-87.7 pitch=+6.4 yaw=-9.2 deg

   raw g=(230,257,-498) a=(-1870,-16198,911) m=(-3955,4057,-1019) |m_comp|=2710

q = [+0.7228 -0.6814 +0.1122 -0.0274]  |q|^2=+1.0000  muestras=4798  err=0

q2= [+0.7228 -0.6814 +0.1122 -0.0274]  dang(orig,opt2)=+0.0000 deg

   roll=-87.3 pitch=+7.2 yaw=-11.2 deg

   raw g=(119,144,-99) a=(-2250,-16135,1040) m=(-4027,4071,-1019) |m_comp|=2770

q = [+0.7245 -0.6782 +0.1180 -0.0352]  |q|^2=+1.0000  muestras=4824  err=0

q2= [+0.7245 -0.6782 +0.1180 -0.0352]  dang(orig,opt2)=+0.0000 deg

   roll=-87.0 pitch=+7.1 yaw=-12.3 deg

   raw g=(171,116,80) a=(-2048,-16277,1002) m=(-3969,4111,-1110) |m_comp|=2748

q = [+0.7234 -0.6778 +0.1243 -0.0417]  |q|^2=+1.0000  muestras=4850  err=0

q2= [+0.7234 -0.6778 +0.1243 -0.0417]  dang(orig,opt2)=+0.0000 deg

   roll=-87.1 pitch=+7.1 yaw=-13.3 deg

   raw g=(-71,76,-34) a=(-1799,-16482,1010) m=(-3959,4099,-1080) |m_comp|=2736

q = [+0.7246 -0.6756 +0.1288 -0.0441]  |q|^2=+1.0000  muestras=4875  err=0

q2= [+0.7246 -0.6756 +0.1288 -0.0441]  dang(orig,opt2)=+0.0000 deg

   roll=-86.9 pitch=+7.3 yaw=-13.9 deg

   raw g=(172,131,7) a=(-2147,-16359,964) m=(-3955,4053,-1080) |m_comp|=2700

q = [+0.7236 -0.6764 +0.1302 -0.0441]  |q|^2=+1.0000  muestras=4901  err=0

q2= [+0.7236 -0.6764 +0.1302 -0.0441]  dang(orig,opt2)=+0.0000 deg

   roll=-87.1 pitch=+7.4 yaw=-14.0 deg

   raw g=(192,130,-70) a=(-2178,-16228,862) m=(-4033,4087,-1043) |m_comp|=2783

q = [+0.7230 -0.6762 +0.1365 -0.0377]  |q|^2=+1.0000  muestras=4927  err=0

q2= [+0.7230 -0.6762 +0.1365 -0.0377]  dang(orig,opt2)=+0.0000 deg

   roll=-87.2 pitch=+8.4 yaw=-14.0 deg

   raw g=(245,654,-281) a=(-2115,-16300,899) m=(-4051,4053,-1060) |m_comp|=2769

q = [+0.7266 -0.6729 +0.1363 -0.0266]  |q|^2=+1.0001  muestras=4953  err=0

q2= [+0.7266 -0.6729 +0.1361 -0.0268]  dang(orig,opt2)=+0.0322 deg

   roll=-86.7 pitch=+9.3 yaw=-13.0 deg

   raw g=(238,91,-97) a=(-2791,-16146,1006) m=(-4059,4019,-1104) |m_comp|=2746

q = [+0.7257 -0.6737 +0.1370 -0.0270]  |q|^2=+1.0000  muestras=4978  err=0

q2= [+0.7257 -0.6737 +0.1370 -0.0270]  dang(orig,opt2)=+0.0000 deg

   roll=-86.8 pitch=+9.3 yaw=-13.1 deg

   raw g=(211,139,1) a=(-2687,-16214,950) m=(-4005,4015,-1060) |m_comp|=2710

q = [+0.7242 -0.6752 +0.1375 -0.0269]  |q|^2=+1.0000  muestras=5004  err=0

q2= [+0.7242 -0.6752 +0.1375 -0.0269]  dang(orig,opt2)=+0.0000 deg

   roll=-87.1 pitch=+9.4 yaw=-13.2 deg

   raw g=(218,156,40) a=(-2818,-16182,907) m=(-3981,3949,-1032) |m_comp|=2651

q = [+0.7216 -0.6794 +0.1289 -0.0329]  |q|^2=+1.0000  muestras=5029  err=0

q2= [+0.7216 -0.6794 +0.1289 -0.0329]  dang(orig,opt2)=+0.0000 deg

   roll=-87.5 pitch=+8.1 yaw=-13.0 deg

   raw g=(302,430,412) a=(-2118,-16261,807) m=(-4039,4003,-1017) |m_comp|=2731

q = [+0.7209 -0.6812 +0.1209 -0.0405]  |q|^2=+1.0000  muestras=5055  err=0

q2= [+0.7209 -0.6812 +0.1209 -0.0405]  dang(orig,opt2)=+0.0000 deg

   roll=-87.5 pitch=+6.8 yaw=-13.0 deg

   raw g=(142,138,6) a=(-2016,-16199,851) m=(-3955,4067,-1033) |m_comp|=2716

q = [+0.7201 -0.6822 +0.1196 -0.0428]  |q|^2=+1.0000  muestras=5081  err=0

q2= [+0.7201 -0.6822 +0.1196 -0.0428]  dang(orig,opt2)=+0.0000 deg

   roll=-87.7 pitch=+6.5 yaw=-13.1 deg

   raw g=(263,79,44) a=(-1916,-16324,683) m=(-3971,4063,-1066) |m_comp|=2720

q = [+0.7183 -0.6835 +0.1211 -0.0461]  |q|^2=+1.0000  muestras=5106  err=0

q2= [+0.7183 -0.6835 +0.1211 -0.0461]  dang(orig,opt2)=+0.0000 deg

   roll=-87.9 pitch=+6.4 yaw=-13.5 deg

   raw g=(200,-11,131) a=(-1959,-16314,542) m=(-3915,4059,-1078) |m_comp|=2677

q = [+0.7171 -0.6848 +0.1204 -0.0479]  |q|^2=+1.0000  muestras=5132  err=0

q2= [+0.7171 -0.6848 +0.1204 -0.0479]  dang(orig,opt2)=+0.0000 deg

   roll=-88.1 pitch=+6.1 yaw=-13.6 deg

   raw g=(308,130,84) a=(-1927,-16392,172) m=(-3921,4065,-1057) |m_comp|=2688

q = [+0.7185 -0.6836 +0.1193 -0.0467]  |q|^2=+1.0000  muestras=5158  err=0

q2= [+0.7185 -0.6836 +0.1193 -0.0467]  dang(orig,opt2)=+0.0000 deg

   roll=-87.9 pitch=+6.2 yaw=-13.4 deg

   raw g=(204,143,13) a=(-1838,-16359,611) m=(-3933,4037,-1066) |m_comp|=2675

q = [+0.7192 -0.6829 +0.1189 -0.0467]  |q|^2=+1.0000  muestras=5183  err=0

q2= [+0.7192 -0.6829 +0.1189 -0.0467]  dang(orig,opt2)=+0.0000 deg

   roll=-87.8 pitch=+6.2 yaw=-13.4 deg

   raw g=(161,138,24) a=(-1790,-16233,708) m=(-3979,4001,-1018) |m_comp|=2687

q = [+0.7191 -0.6829 +0.1193 -0.0470]  |q|^2=+1.0000  muestras=5209  err=0

q2= [+0.7191 -0.6829 +0.1193 -0.0470]  dang(orig,opt2)=+0.0000 deg

   roll=-87.8 pitch=+6.2 yaw=-13.4 deg

   raw g=(184,143,35) a=(-1811,-16315,621) m=(-3999,4083,-1029) |m_comp|=2758

q = [+0.7196 -0.6825 +0.1193 -0.0472]  |q|^2=+1.0000  muestras=5235  err=0

q2= [+0.7196 -0.6825 +0.1193 -0.0472]  dang(orig,opt2)=+0.0000 deg

   roll=-87.7 pitch=+6.2 yaw=-13.4 deg

   raw g=(212,134,20) a=(-1805,-16282,690) m=(-3993,4049,-1080) |m_comp|=2723

q = [+0.7202 -0.6819 +0.1190 -0.0471]  |q|^2=+1.0000  muestras=5260  err=0

q2= [+0.7202 -0.6819 +0.1190 -0.0471]  dang(orig,opt2)=+0.0000 deg

   roll=-87.6 pitch=+6.2 yaw=-13.4 deg

   raw g=(211,131,34) a=(-1808,-16325,692) m=(-3961,4099,-1091) |m_comp|=2736

q = [+0.7201 -0.6820 +0.1190 -0.0470]  |q|^2=+1.0000  muestras=5286  err=0

q2= [+0.7201 -0.6820 +0.1190 -0.0470]  dang(orig,opt2)=+0.0000 deg

   roll=-87.6 pitch=+6.2 yaw=-13.4 deg

   raw g=(176,141,23) a=(-1751,-16256,756) m=(-3987,4049,-999) |m_comp|=2729

q = [+0.7201 -0.6819 +0.1193 -0.0472]  |q|^2=+1.0000  muestras=5312  err=0

q2= [+0.7201 -0.6819 +0.1193 -0.0472]  dang(orig,opt2)=+0.0000 deg

   roll=-87.6 pitch=+6.2 yaw=-13.4 deg

   raw g=(135,154,30) a=(-1823,-16291,668) m=(-3989,4099,-1132) |m_comp|=2751

q = [+0.7200 -0.6820 +0.1190 -0.0479]  |q|^2=+1.0000  muestras=5337  err=0

q2= [+0.7200 -0.6820 +0.1190 -0.0479]  dang(orig,opt2)=+0.0000 deg

   roll=-87.6 pitch=+6.1 yaw=-13.5 deg

   raw g=(209,122,64) a=(-1804,-16318,619) m=(-3929,4135,-1082) |m_comp|=2742

q = [+0.7202 -0.6818 +0.1189 -0.0482]  |q|^2=+1.0000  muestras=5363  err=0

q2= [+0.7202 -0.6818 +0.1189 -0.0482]  dang(orig,opt2)=+0.0000 deg

   roll=-87.6 pitch=+6.1 yaw=-13.5 deg

   raw g=(180,145,8) a=(-1778,-16298,686) m=(-3949,4081,-1111) |m_comp|=2713

q = [+0.7173 -0.6854 +0.1183 -0.0415]  |q|^2=+1.0000  muestras=5389  err=0

q2= [+0.7173 -0.6854 +0.1183 -0.0415]  dang(orig,opt2)=+0.0000 deg

   roll=-88.1 pitch=+6.5 yaw=-12.9 deg

   raw g=(306,413,-149) a=(-2312,-16300,372) m=(-3901,3985,-1057) |m_comp|=2617

q = [+0.7216 -0.6817 +0.1140 -0.0401]  |q|^2=+1.0000  muestras=5414  err=0

q2= [+0.7216 -0.6817 +0.1140 -0.0401]  dang(orig,opt2)=+0.0000 deg

   roll=-87.4 pitch=+6.3 yaw=-12.4 deg

   raw g=(12,134,-56) a=(-1815,-16170,888) m=(-3975,4041,-1136) |m_comp|=2700

q = [+0.7249 -0.6771 +0.1216 -0.0351]  |q|^2=+1.0000  muestras=5440  err=0

q2= [+0.7249 -0.6771 +0.1216 -0.0351]  dang(orig,opt2)=+0.0000 deg

   roll=-86.9 pitch=+7.4 yaw=-12.6 deg

   raw g=(-51,119,-33) a=(-2131,-16241,1003) m=(-3971,4011,-1084) |m_comp|=2681

q = [+0.7235 -0.6791 +0.1178 -0.0386]  |q|^2=+1.0000  muestras=5466  err=0

q2= [+0.7235 -0.6791 +0.1178 -0.0386]  dang(orig,opt2)=+0.0000 deg

   roll=-87.1 pitch=+6.8 yaw=-12.6 deg

   raw g=(257,171,382) a=(-1799,-16265,864) m=(-3959,3981,-1138) |m_comp|=2646

q = [+0.7223 -0.6816 +0.1080 -0.0450]  |q|^2=+1.0000  muestras=5491  err=0

q2= [+0.7223 -0.6816 +0.1080 -0.0450]  dang(orig,opt2)=+0.0000 deg

   roll=-87.3 pitch=+5.4 yaw=-12.3 deg

   raw g=(59,136,286) a=(-1643,-16372,730) m=(-3931,4137,-1074) |m_comp|=2746

q = [+0.7228 -0.6809 +0.1067 -0.0504]  |q|^2=+1.0000  muestras=5517  err=0

q2= [+0.7228 -0.6809 +0.1067 -0.0504]  dang(orig,opt2)=+0.0000 deg

   roll=-87.1 pitch=+4.9 yaw=-12.6 deg

   raw g=(217,121,130) a=(-1477,-16322,766) m=(-3811,4117,-1096) |m_comp|=2649

q = [+0.7226 -0.6812 +0.1064 -0.0506]  |q|^2=+1.0000  muestras=5543  err=0

q2= [+0.7226 -0.6812 +0.1064 -0.0506]  dang(orig,opt2)=+0.0000 deg

   roll=-87.2 pitch=+4.9 yaw=-12.6 deg

   raw g=(122,173,29) a=(-1405,-16294,854) m=(-3917,4079,-1076) |m_comp|=2693

q = [+0.7210 -0.6828 +0.1070 -0.0496]  |q|^2=+1.0000  muestras=5568  err=0

q2= [+0.7210 -0.6828 +0.1070 -0.0496]  dang(orig,opt2)=+0.0000 deg

   roll=-87.4 pitch=+5.0 yaw=-12.6 deg

   raw g=(173,153,29) a=(-1476,-16312,681) m=(-3905,4057,-1106) |m_comp|=2666

q = [+0.7214 -0.6824 +0.1070 -0.0495]  |q|^2=+1.0000  muestras=5594  err=0

q2= [+0.7214 -0.6824 +0.1070 -0.0495]  dang(orig,opt2)=+0.0000 deg

   roll=-87.4 pitch=+5.0 yaw=-12.6 deg

   raw g=(176,141,10) a=(-1488,-16314,716) m=(-3921,4149,-1137) |m_comp|=2741

q = [+0.7218 -0.6823 +0.1057 -0.0470]  |q|^2=+1.0000  muestras=5620  err=0

q2= [+0.7218 -0.6823 +0.1057 -0.0470]  dang(orig,opt2)=+0.0000 deg

   roll=-87.3 pitch=+5.1 yaw=-12.3 deg

   raw g=(202,271,-12) a=(-1581,-16295,719) m=(-3895,4079,-1170) |m_comp|=2670

q = [+0.7208 -0.6875 +0.0853 -0.0235]  |q|^2=+1.0000  muestras=5645  err=0

q2= [+0.7208 -0.6875 +0.0853 -0.0235]  dang(orig,opt2)=+0.0000 deg

   roll=-87.7 pitch=+5.2 yaw=-8.7 deg

   raw g=(145,2260,331) a=(-1523,-15841,762) m=(-3881,4073,-1298) |m_comp|=2649

q = [+0.7522 -0.6466 -0.0817 +0.0972]  |q|^2=+1.0000  muestras=5671  err=0

q2= [+0.7522 -0.6466 -0.0817 +0.0973]  dang(orig,opt2)=+0.0000 deg

   roll=-81.4 pitch=+0.2 yaw=+14.6 deg

   raw g=(-2670,10473,347) a=(623,-15728,1025) m=(-3773,4115,-2162) |m_comp|=2722

q = [+0.6890 -0.6081 -0.2611 +0.2956]  |q|^2=+1.0000  muestras=5697  err=0

q2= [+0.6890 -0.6081 -0.2611 +0.2956]  dang(orig,opt2)=+0.0000 deg

   roll=-82.9 pitch=+0.0 yaw=+46.5 deg

   raw g=(2863,5543,550) a=(1238,-17704,2374) m=(-3349,4071,-2965) |m_comp|=2810

q = [+0.5387 -0.6284 -0.3534 +0.4360]  |q|^2=+1.0000  muestras=5723  err=0

q2= [+0.5387 -0.6284 -0.3534 +0.4360]  dang(orig,opt2)=+0.0000 deg

   roll=-92.3 pitch=+9.6 yaw=+68.0 deg

   raw g=(319,6093,1274) a=(-2029,-16614,-3860) m=(-3005,4175,-2951) |m_comp|=2743

q = [+0.5277 -0.5586 -0.4102 +0.4912]  |q|^2=+1.0000  muestras=5748  err=0

q2= [+0.5277 -0.5586 -0.4102 +0.4912]  dang(orig,opt2)=+0.0000 deg

   roll=-87.7 pitch=+6.7 yaw=+79.5 deg

   raw g=(-1443,1405,1106) a=(-861,-16950,134) m=(-2587,4229,-3236) |m_comp|=2854

q = [+0.5060 -0.5031 -0.4687 +0.5207]  |q|^2=+1.0000  muestras=5774  err=0

q2= [+0.5060 -0.5031 -0.4687 +0.5207]  dang(orig,opt2)=+0.0000 deg

   roll=-86.9 pitch=+2.8 yaw=+89.0 deg

   raw g=(866,4662,-1042) a=(-802,-17055,719) m=(-2103,4179,-3306) |m_comp|=2822

q = [+0.4291 -0.3802 -0.5400 +0.6162]  |q|^2=+1.0000  muestras=5800  err=0

q2= [+0.4291 -0.3802 -0.5400 +0.6162]  dang(orig,opt2)=+0.0000 deg

   roll=-82.7 pitch=+0.3 yaw=+110.0 deg

   raw g=(-148,8483,-1024) a=(85,-17525,701) m=(-1227,3989,-3116) |m_comp|=2698

q = [+0.2684 -0.2716 -0.6057 +0.6981]  |q|^2=+1.0000  muestras=5825  err=0

q2= [+0.2684 -0.2716 -0.6057 +0.6981]  dang(orig,opt2)=+0.0000 deg

   roll=-83.2 pitch=+3.1 yaw=+135.2 deg

   raw g=(1204,4833,486) a=(899,-15287,-567) m=(-861,4249,-2579) |m_comp|=2743

q = [+0.1573 -0.2042 -0.6284 +0.7339]  |q|^2=+1.0000  muestras=5851  err=0

q2= [+0.1573 -0.2042 -0.6284 +0.7339]  dang(orig,opt2)=+0.0000 deg

   roll=-82.7 pitch=+5.9 yaw=+150.6 deg

   raw g=(181,3212,190) a=(-1297,-17128,-85) m=(-729,4203,-2215) |m_comp|=2633

q = [+0.0724 -0.2155 -0.6300 +0.7426]  |q|^2=+1.0000  muestras=5877  err=0

q2= [+0.0724 -0.2155 -0.6300 +0.7426]  dang(orig,opt2)=+0.0000 deg

   roll=-83.3 pitch=+13.2 yaw=+157.1 deg

   raw g=(850,1376,-449) a=(-5719,-13061,1934) m=(-1065,4473,-2090) |m_comp|=2671

q = [+0.0680 -0.2383 -0.7259 +0.6416]  |q|^2=+1.0000  muestras=5902  err=0

q2= [+0.0680 -0.2383 -0.7259 +0.6416]  dang(orig,opt2)=+0.0000 deg

   roll=-99.9 pitch=+12.0 yaw=+153.7 deg

   raw g=(-3174,3187,-266) a=(-908,-14472,-6889) m=(-1117,4721,-1441) |m_comp|=2786

q = [+0.0905 -0.0697 -0.6825 +0.7219]  |q|^2=+1.0000  muestras=5928  err=0

q2= [+0.0905 -0.0697 -0.6825 +0.7219]  dang(orig,opt2)=+0.0000 deg

   roll=-86.6 pitch=-1.3 yaw=+166.9 deg

   raw g=(-2999,4880,-882) a=(1812,-15762,816) m=(-379,4315,-1652) |m_comp|=2806

q = [+0.0031 -0.0444 -0.7003 +0.7124]  |q|^2=+1.0000  muestras=5954  err=0

q2= [+0.0031 -0.0444 -0.7003 +0.7124]  dang(orig,opt2)=+0.0000 deg

   roll=-89.1 pitch=+3.4 yaw=+176.2 deg

   raw g=(359,-25,-1449) a=(-1675,-15275,844) m=(-623,4569,-1327) |m_comp|=2865

q = [+0.0596 -0.0764 -0.6868 +0.7203]  |q|^2=+1.0000  muestras=5980  err=0

q2= [+0.0596 -0.0764 -0.6868 +0.7203]  dang(orig,opt2)=+0.0000 deg

   roll=-87.4 pitch=+1.6 yaw=+169.0 deg

   raw g=(-507,229,962) a=(267,-16072,764) m=(-393,4437,-1703) |m_comp|=2900

q = [+0.0539 -0.0774 -0.6874 +0.7202]  |q|^2=+1.0000  muestras=6005  err=0

q2= [+0.0539 -0.0774 -0.6874 +0.7202]  dang(orig,opt2)=+0.0000 deg

   roll=-87.5 pitch=+2.1 yaw=+169.4 deg

   raw g=(109,187,330) a=(-902,-16220,238) m=(-569,4573,-1640) |m_comp|=2907

q = [+0.0617 -0.0675 -0.6878 +0.7201]  |q|^2=+1.0000  muestras=6031  err=0

q2= [+0.0617 -0.0675 -0.6878 +0.7201]  dang(orig,opt2)=+0.0000 deg

   roll=-87.4 pitch=+0.7 yaw=+169.5 deg

   raw g=(152,-67,589) a=(-224,-16490,372) m=(-545,4523,-1660) |m_comp|=2880

q = [+0.0623 -0.0694 -0.6869 +0.7207]  |q|^2=+1.0000  muestras=6057  err=0

q2= [+0.0623 -0.0694 -0.6869 +0.7207]  dang(orig,opt2)=+0.0000 deg

   roll=-87.3 pitch=+0.8 yaw=+169.3 deg

   raw g=(124,-34,-155) a=(-283,-16483,549) m=(-497,4465,-1583) |m_comp|=2852

q = [+0.0576 -0.0737 -0.6909 +0.7169]  |q|^2=+1.0000  muestras=6082  err=0

q2= [+0.0576 -0.0737 -0.6909 +0.7169]  dang(orig,opt2)=+0.0000 deg

   roll=-88.0 pitch=+1.5 yaw=+169.4 deg

   raw g=(501,443,-95) a=(-780,-16385,67) m=(-503,4439,-1695) |m_comp|=2837

q = [+0.0501 -0.0647 -0.6904 +0.7188]  |q|^2=+1.0000  muestras=6108  err=0

q2= [+0.0501 -0.0647 -0.6904 +0.7188]  dang(orig,opt2)=+0.0000 deg

   roll=-87.8 pitch=+1.4 yaw=+170.7 deg

   raw g=(18,38,314) a=(-163,-16146,609) m=(-591,4563,-1642) |m_comp|=2888

q = [+0.0459 -0.0699 -0.6899 +0.7190]  |q|^2=+1.0000  muestras=6134  err=0

q2= [+0.0461 -0.0697 -0.6898 +0.7191]  dang(orig,opt2)=+0.0421 deg

   roll=-87.8 pitch=+2.1 yaw=+170.6 deg

   raw g=(292,168,-175) a=(-866,-16380,101) m=(-685,4745,-1669) |m_comp|=3000

q = [+0.0493 -0.0677 -0.6894 +0.7195]  |q|^2=+1.0000  muestras=6159  err=0

q2= [+0.0493 -0.0677 -0.6894 +0.7195]  dang(orig,opt2)=+0.0000 deg

   roll=-87.7 pitch=+1.7 yaw=+170.5 deg

   raw g=(230,64,26) a=(-487,-16467,490) m=(-663,4685,-1728) |m_comp|=2965

q = [+0.0521 -0.0711 -0.6913 +0.7172]  |q|^2=+1.0000  muestras=6185  err=0

q2= [+0.0521 -0.0711 -0.6913 +0.7172]  dang(orig,opt2)=+0.0000 deg

   roll=-88.0 pitch=+1.7 yaw=+170.0 deg

   raw g=(269,121,-14) a=(-468,-16421,479) m=(-571,4659,-1675) |m_comp|=2983

q = [+0.0508 -0.0725 -0.6928 +0.7157]  |q|^2=+1.0000  muestras=6210  err=0

q2= [+0.0508 -0.0725 -0.6928 +0.7157]  dang(orig,opt2)=+0.0000 deg

   roll=-88.3 pitch=+1.9 yaw=+170.0 deg

   raw g=(171,173,23) a=(-568,-16301,531) m=(-631,4679,-1633) |m_comp|=2966

q = [+0.0501 -0.0738 -0.6944 +0.7141]  |q|^2=+1.0000  muestras=6236  err=0

q2= [+0.0501 -0.0738 -0.6944 +0.7141]  dang(orig,opt2)=+0.0000 deg

   roll=-88.6 pitch=+2.0 yaw=+170.0 deg

   raw g=(367,71,-134) a=(-565,-16411,372) m=(-605,4629,-1687) |m_comp|=2941

q = [+0.0508 -0.0738 -0.6944 +0.7140]  |q|^2=+1.0000  muestras=6262  err=0

q2= [+0.0508 -0.0738 -0.6944 +0.7140]  dang(orig,opt2)=+0.0000 deg

   roll=-88.6 pitch=+2.0 yaw=+169.9 deg

   raw g=(179,133,126) a=(-460,-16409,362) m=(-615,4661,-1640) |m_comp|=2959

q = [+0.0512 -0.0737 -0.6938 +0.7145]  |q|^2=+1.0000  muestras=6287  err=0

q2= [+0.0512 -0.0737 -0.6938 +0.7145]  dang(orig,opt2)=+0.0000 deg

   roll=-88.5 pitch=+2.0 yaw=+169.9 deg

   raw g=(223,134,-118) a=(-521,-16359,509) m=(-601,4667,-1676) |m_comp|=2974

q = [+0.0508 -0.0734 -0.6936 +0.7148]  |q|^2=+1.0000  muestras=6313  err=0

q2= [+0.0508 -0.0734 -0.6936 +0.7148]  dang(orig,opt2)=+0.0000 deg

   roll=-88.5 pitch=+2.0 yaw=+169.9 deg

   raw g=(74,192,78) a=(-481,-16412,427) m=(-589,4603,-1648) |m_comp|=2923

q = [+0.0526 -0.0719 -0.6928 +0.7156]  |q|^2=+1.0000  muestras=6339  err=0

q2= [+0.0526 -0.0719 -0.6928 +0.7156]  dang(orig,opt2)=+0.0000 deg

   roll=-88.3 pitch=+1.7 yaw=+169.9 deg

   raw g=(199,105,190) a=(-433,-16422,451) m=(-537,4601,-1626) |m_comp|=2947

q = [+0.0538 -0.0711 -0.6926 +0.7158]  |q|^2=+1.0000  muestras=6364  err=0

q2= [+0.0538 -0.0711 -0.6926 +0.7158]  dang(orig,opt2)=+0.0000 deg

   roll=-88.2 pitch=+1.6 yaw=+169.9 deg

   raw g=(156,122,-10) a=(-363,-16421,446) m=(-563,4537,-1736) |m_comp|=2890

q = [+0.0537 -0.0726 -0.6919 +0.7163]  |q|^2=+1.0000  muestras=6390  err=0

q2= [+0.0537 -0.0726 -0.6919 +0.7163]  dang(orig,opt2)=+0.0000 deg

   roll=-88.2 pitch=+1.7 yaw=+169.8 deg

   raw g=(172,26,-220) a=(-461,-16334,496) m=(-623,4613,-1744) |m_comp|=2925

q = [+0.0521 -0.0757 -0.6925 +0.7156]  |q|^2=+1.0000  muestras=6416  err=0

q2= [+0.0521 -0.0757 -0.6925 +0.7156]  dang(orig,opt2)=+0.0000 deg

   roll=-88.3 pitch=+2.1 yaw=+169.7 deg

   raw g=(209,85,-278) a=(-625,-16382,497) m=(-639,4641,-1676) |m_comp|=2933

q = [+0.0525 -0.0751 -0.6911 +0.7169]  |q|^2=+1.0000  muestras=6441  err=0

q2= [+0.0525 -0.0751 -0.6911 +0.7169]  dang(orig,opt2)=+0.0000 deg

   roll=-88.1 pitch=+2.0 yaw=+169.7 deg

   raw g=(141,128,43) a=(-411,-16391,574) m=(-637,4689,-1762) |m_comp|=2985

q = [+0.0515 -0.0766 -0.6918 +0.7162]  |q|^2=+1.0000  muestras=6467  err=0

q2= [+0.0515 -0.0766 -0.6918 +0.7162]  dang(orig,opt2)=+0.0000 deg

   roll=-88.2 pitch=+2.2 yaw=+169.6 deg

   raw g=(180,128,-35) a=(-479,-16418,493) m=(-593,4635,-1650) |m_comp|=2948

q = [+0.0520 -0.0767 -0.6919 +0.7160]  |q|^2=+1.0000  muestras=6493  err=0

q2= [+0.0520 -0.0767 -0.6919 +0.7160]  dang(orig,opt2)=+0.0000 deg

   roll=-88.2 pitch=+2.2 yaw=+169.6 deg

   raw g=(121,77,-156) a=(-632,-16483,322) m=(-635,4583,-1809) |m_comp|=2902

q = [+0.0511 -0.0781 -0.6906 +0.7172]  |q|^2=+1.0000  muestras=6518  err=0

q2= [+0.0511 -0.0781 -0.6906 +0.7172]  dang(orig,opt2)=+0.0000 deg

   roll=-88.1 pitch=+2.4 yaw=+169.6 deg

   raw g=(139,114,-12) a=(-613,-16378,564) m=(-655,4673,-1724) |m_comp|=2958

q = [+0.0507 -0.0779 -0.6904 +0.7174]  |q|^2=+1.0000  muestras=6544  err=0

q2= [+0.0507 -0.0779 -0.6904 +0.7174]  dang(orig,opt2)=+0.0000 deg

   roll=-88.0 pitch=+2.4 yaw=+169.6 deg

   raw g=(154,137,-64) a=(-596,-16405,534) m=(-649,4681,-1723) |m_comp|=2968

q = [+0.0494 -0.0786 -0.6902 +0.7176]  |q|^2=+1.0000  muestras=6570  err=0

q2= [+0.0494 -0.0786 -0.6902 +0.7176]  dang(orig,opt2)=+0.0000 deg

   roll=-88.0 pitch=+2.6 yaw=+169.6 deg

   raw g=(202,140,-47) a=(-660,-16424,530) m=(-603,4677,-1683) |m_comp|=2983

Capturando 60 s... (avisos: MOV / QUIETO / LISTO; el volcado empieza al terminar)

t=8.0 LISTO - mueve

t=8.8 MOV

t=10.3 QUIETO

t=13.3 LISTO - mueve

t=13.7 MOV

t=15.3 QUIETO

t=18.3 LISTO - mueve

t=19.1 MOV

t=21.0 QUIETO

t=24.0 LISTO - mueve

t=24.6 MOV

t=26.4 QUIETO

t=26.5 MOV

t=26.8 QUIETO

t=29.8 LISTO - mueve

t=31.1 MOV

t=32.4 QUIETO

t=35.4 LISTO - mueve

t=36.0 MOV

t=37.5 QUIETO

t=37.9 MOV

t=38.1 QUIETO

t=41.2 LISTO - mueve

t=41.6 MOV

t=43.5 QUIETO

t=46.5 LISTO - mueve

t=47.8 MOV

t=49.2 QUIETO

t=52.2 LISTO - mueve

t=59.8 MOV

t=60.0 QUIETO

Captura terminada: 7200 filas, 61030 ms. Volcando CSV...



#HDR,axis_cfg=0x039,fs_g=1,dt_hz=119,beta_start=1.0,beta_run=0.1,beta_start_ms=3000,goff=191/137/17,moff=-2099/2114/-1381,cnt0=6607,n=7200,gt_hz=333335830

#COLS,cnt,gx,gy,gz,ax,ay,az,mx,my,mz,qa0,qa1,qa2,qa3,qb0,qb1,qb2,qb3,ok,t_us  (qa=original, qb=opt2, hex de float32)

6608,197,146,174,-562,-16374,642,-555,4649,-1750,bf800000,00000000,00000000,3e4ccccd,bf800000,00000000,00000000,3e4ccccd,1,0

6609,246,142,151,-516,-16304,665,-555,4649,-1750,bf7ad50c,3befe202,ba85df5e,3e4c9282,bf7ad50d,3befe202,ba85df60,3e4c9283,1,8018

6610,306,138,121,-536,-16384,633,-583,4653,-1747,bf7a9f19,3c73e4f4,bb0a9f59,3e503ba2,bf7a9f1a,3c73e4f4,bb0a9f59,3e503ba3,1,16537

6611,347,125,92,-546,-16308,598,-623,4643,-1745,bf7a654a,3cb83300,bb53ae06,3e53d190,bf7a654a,3cb832ff,bb53ae06,3e53d190,1,25056

6612,373,110,63,-516,-16404,547,-623,4643,-1745,bf7a27b2,3cf69794,bb8e56a0,3e575370,bf7a27b2,3cf69792,bb8e56a0,3e575370,1,33575

6613,383,105,25,-476,-16426,506,-605,4607,-1729,bf79e67c,3d1a77c1,bbb2b234,3e5abf7a,bf79e67d,3d1a77c0,bbb2b235,3e5abf7b,1,42093

6614,372,104,-30,-516,-16477,431,-671,4633,-1780,bf79a28d,3d3997a5,bbd4f75e,3e5e079a,bf79a28d,3d3997a3,bbd4f75e,3e5e079a,1,50612

6615,335,116,-77,-478,-16424,456,-613,4605,-1748,bf795b65,3d586bef,bbf6d35c,3e6139a9,bf795b65,3d586bed,bbf6d35c,3e6139a9,1,59130

6616,296,103,-125,-507,-16428,445,-613,4605,-1748,bf79116e,3d76f2be,bc0c7a3b,3e64513d,bf79116f,3d76f2bd,bc0c7a3c,3e64513e,1,67649

6617,268,93,-169,-565,-16474,355,-617,4629,-1719,bf78c47d,3d8a93ec,bc1ea881,3e6753a6,bf78c47e,3d8a93eb,bc1ea882,3e6753a7,1,76168

6618,216,77,-165,-599,-16327,577,-613,4615,-1731,bf787424,3d997f86,bc30a0c8,3e6a4c90,bf787425,3d997f85,bc30a0c9,3e6a4c91,1,84687

6619,225,99,-165,-333,-16358,656,-613,4615,-1731,bf782026,3da86f0e,bc402524,3e6d3b2b,bf782025,3da86f0c,bc402523,3e6d3b2a,1,93205

6620,293,106,-303,-636,-16389,463,-609,4623,-1674,bf77ca8e,3db7678b,bc5359f1,3e6ff79d,bf77ca8f,3db7678b,bc5359f3,3e6ff79e,1,101724

6621,286,92,-352,-713,-16389,423,-603,4601,-1706,bf7772c2,3dc65326,bc6666f8,3e72947e,bf7772c3,3dc65325,bc6666f9,3e72947f,1,109742

6622,280,109,-310,-743,-16371,506,-603,4601,-1706,bf7716c6,3dd52e4f,bc790128,3e75342b,bf7716c6,3dd52e4d,bc790127,3e75342a,1,118261

6623,282,121,-275,-780,-16411,473,-607,4709,-1716,bf76b6dc,3de3fd39,bc85c4c2,3e77d1d3,bf76b6dd,3de3fd38,bc85c4c3,3e77d1d3,1,126779

6624,273,129,-214,-822,-16425,457,-587,4671,-1699,bf76525e,3df2b512,bc8f0223,3e7a7a6c,bf76525d,3df2b510,bc8f0223,3e7a7a6a,1,135298

6625,231,125,-117,-854,-16444,398,-587,4671,-1699,bf75e918,3e00a184,bc9813c1,3e7d3694,bf75e917,3e00a183,bc9813c1,3e7d3692,1,143817

6626,179,135,-6,-805,-16389,479,-677,4665,-1644,bf757ab0,3e07ca6b,bca12c48,3e800880,bf757aaf,3e07ca6a,bca12c48,3e80087f,1,152335

6627,158,149,80,-799,-16394,443,-721,4585,-1716,bf750842,3e0ef287,bca8ff10,3e817691,bf750842,3e0ef287,bca8ff10,3e817690,1,160854

6628,142,158,149,-790,-16390,417,-597,4649,-1680,bf7490fb,3e160863,bcb0d83b,3e82ef04,bf7490fa,3e160862,bcb0d83a,3e82ef03,1,169373

6629,131,167,202,-760,-16415,427,-597,4649,-1680,bf7415b5,3e1d142a,bcb84f94,3e8469d8,bf7415b5,3e1d142a,bcb84f95,3e8469d8,1,177891

6630,111,175,246,-697,-16420,466,-609,4689,-1635,bf739687,3e240c53,bcbfd221,3e85e8f1,bf739687,3e240c53,bcbfd222,3e85e8f1,1,186410

6631,97,163,269,-621,-16417,471,-649,4657,-1709,bf7314c2,3e2b02b3,bcc6522d,3e875f2c,bf7314c2,3e2b02b3,bcc6522e,3e875f2c,1,194929

6632,72,147,292,-588,-16398,448,-649,4657,-1709,bf72900a,3e31e830,bcccb596,3e88d325,bf72900a,3e31e830,bcccb597,3e88d325,1,202947

6633,34,138,289,-544,-16443,435,-639,4623,-1784,bf7209c8,3e38c390,bcd21cba,3e8a3a80,bf7209c9,3e38c391,bcd21cbc,3e8a3a80,1,211465

6634,-2,127,273,-537,-16350,564,-589,4665,-1695,bf7180e5,3e3f7bae,bcd84e33,3e8ba38e,bf7180e5,3e3f7bae,bcd84e33,3e8ba38d,1,219984

6635,38,157,227,-502,-16378,527,-589,4665,-1695,bf70f5fc,3e463b04,bcde3e33,3e8cfddd,bf70f5fe,3e463b05,bcde3e35,3e8cfddd,1,228502

6636,71,165,151,-552,-16411,497,-647,4627,-1717,bf706a49,3e4d0018,bce44b2e,3e8e411b,bf706a49,3e4d0018,bce44b2e,3e8e411a,1,237021

6637,84,172,96,-551,-16330,569,-643,4619,-1770,bf6fddae,3e53c72f,bce9e9d1,3e8f70b8,bf6fddae,3e53c72f,bce9e9d1,3e8f70b7,1,245540

6638,123,187,70,-536,-16425,532,-643,4619,-1770,bf6f4eb8,3e5a9382,bcef78b4,3e9094d9,bf6f4eb8,3e5a9382,bcef78b4,3e9094d8,1,254058

6639,113,177,40,-539,-16417,562,-633,4665,-1681,bf6ebd9c,3e61457f,bcf5f6fa,3e91b6b2,bf6ebd9d,3e614580,bcf5f6fb,3e91b6b1,1,262577

6640,122,159,24,-551,-16402,571,-653,4653,-1717,bf6e2ad9,3e67f471,bcfc6d15,3e92cc35,bf6e2ad8,3e67f471,bcfc6d13,3e92cc33,1,271096

6641,131,146,24,-549,-16394,570,-653,4653,-1717,bf6d95b7,3e6e9bd5,bd018137,3e93dbda,bf6d95b8,3e6e9bd7,bd018137,3e93dbda,1,279614

6642,148,122,3,-503,-16334,601,-621,4647,-1695,bf6cfe21,3e753945,bd04ebf8,3e94e733,bf6cfe20,3e753945,bd04ebf7,3e94e732,1,288133

6643,190,101,-36,-520,-16361,545,-615,4693,-1682,bf6c6480,3e7bd641,bd08aa4c,3e95e723,bf6c6480,3e7bd642,bd08aa4b,3e95e723,1,296651

6644,226,96,-81,-501,-16403,496,-615,4703,-1687,bf6bc93a,3e813aa1,bd0c7e6f,3e96d930,bf6bc93a,3e813aa1,bd0c7e6e,3e96d930,1,305170

6645,223,87,-119,-529,-16388,545,-615,4703,-1687,bf6b2cea,3e8483a7,bd1071e2,3e97bff7,bf6b2ce9,3e8483a7,bd1071e1,3e97bff6,1,313188

6646,224,86,-159,-552,-16390,552,-633,4661,-1657,bf6a8f5f,3e87c5bc,bd14916c,3e989d6b,bf6a8f60,3e87c5bd,bd14916c,3e989d6b,1,321707

6647,227,98,-192,-577,-16384,509,-631,4639,-1604,bf69f03a,3e8b0055,bd18e36b,3e9974b8,bf69f03b,3e8b0056,bd18e36c,3e9974b8,1,330225

6648,228,124,-211,-610,-16403,498,-631,4639,-1604,bf694fcc,3e8e3735,bd1d272a,3e9a41ec,bf694fcd,3e8e3736,bd1d272b,3e9a41ec,1,338744

6649,211,137,-209,-684,-16420,483,-617,4705,-1735,bf68af57,3e916f65,bd210ab8,3e9afa7b,bf68af56,3e916f65,bd210ab8,3e9afa7a,1,347262

6650,195,152,-192,-687,-16397,503,-649,4661,-1670,bf680cab,3e949d02,bd250391,3e9bb513,bf680caa,3e949d02,bd250391,3e9bb512,1,355781

6651,199,143,-161,-702,-16388,522,-649,4661,-1670,bf67676e,3e97c5c6,bd290202,3e9c6f06,bf67676e,3e97c5c7,bd290203,3e9c6f05,1,364299

6652,206,123,-129,-691,-16364,525,-597,4661,-1772,bf66c001,3e9aeffc,bd2ca423,3e9d21bc,bf66c001,3e9aeffd,bd2ca423,3e9d21bb,1,372818

6653,213,116,-107,-685,-16399,508,-663,4639,-1594,bf66150d,3e9e0b18,bd30e8c4,3e9de12d,bf66150e,3e9e0b1a,bd30e8c4,3e9de12d,1,381337

6654,206,109,-81,-654,-16355,535,-663,4639,-1594,bf6567fa,3ea11fc8,bd351a43,3e9e9fed,bf6567fa,3ea11fc9,bd351a41,3e9e9fed,1,389855

6655,211,116,-74,-641,-16374,519,-711,4691,-1669,bf64ba7f,3ea43620,bd392715,3e9f4c78,bf64ba7f,3ea43621,bd392713,3e9f4c78,1,398374

6656,222,138,-77,-619,-16394,501,-647,4605,-1707,bf640ac5,3ea74c61,bd3cbff7,3e9ff4ad,bf640ac5,3ea74c62,bd3cbff5,3e9ff4ad,1,406893

6657,208,145,-81,-648,-16421,488,-671,4645,-1684,bf635a71,3eaa5a66,bd4084ef,3ea09507,bf635a71,3eaa5a67,bd4084ed,3ea09507,1,414910

6658,194,138,-80,-640,-16443,465,-671,4645,-1684,bf62a920,3ead6118,bd444a87,3ea13001,bf62a921,3ead6119,bd444a86,3ea13002,1,423429

6659,163,124,-79,-708,-16454,449,-719,4675,-1688,bf61f83c,3eb05dcf,bd485472,3ea1bfb1,bf61f83b,3eb05dce,bd48546f,3ea1bfb0,1,431948

6660,123,92,-56,-708,-16389,488,-723,4677,-1631,bf614611,3eb349ed,bd4c93ca,3ea255c3,bf614611,3eb349ed,bd4c93c8,3ea255c3,1,440466

6661,107,67,-30,-759,-16359,478,-723,4677,-1631,bf609299,3eb62d3e,bd50f7ab,3ea2eaaa,bf609299,3eb62d3e,bd50f7a9,3ea2eaaa,1,448985

6662,111,95,5,-694,-16406,481,-649,4645,-1718,bf5fdcd4,3eb912ef,bd54a7b1,3ea37bfb,bf5fdcd5,3eb912f0,bd54a7af,3ea37bfc,1,457503

6663,104,116,29,-617,-16389,510,-691,4601,-1661,bf5f2532,3ebbf0c0,bd583b09,3ea41007,bf5f2533,3ebbf0c1,bd583b07,3ea41008,1,466022

6664,97,133,35,-729,-16423,519,-691,4601,-1661,bf5e6d09,3ebec8b5,bd5bebb1,3ea49c47,bf5e6d08,3ebec8b5,bd5bebad,3ea49c47,1,474541

6665,99,156,35,-701,-16398,539,-659,4647,-1656,bf5db3c6,3ec19c39,bd5f7df6,3ea523bb,bf5db3c7,3ec19c3a,bd5f7df5,3ea523bc,1,483059

6666,93,139,58,-715,-16427,495,-667,4717,-1703,bf5cfa4f,3ec46c3c,bd6329fb,3ea59f93,bf5cfa50,3ec46c3c,bd6329f9,3ea59f93,1,491578

6667,63,118,86,-710,-16384,549,-667,4717,-1703,bf5c4038,3ec73133,bd66d805,3ea61bce,bf5c4039,3ec73133,bd66d803,3ea61bce,1,500097

6668,60,110,115,-734,-16385,564,-679,4707,-1695,bf5b84d1,3ec9efb0,bd6a98e5,3ea696ac,bf5b84d2,3ec9efb0,bd6a98e3,3ea696ac,1,508615

6669,76,116,157,-699,-16350,604,-731,4705,-1770,bf5ac8d6,3eccb06f,bd6e429f,3ea702d0,bf5ac8d7,3eccb06f,bd6e429c,3ea702d0,1,517134

6670,104,132,190,-663,-16403,594,-679,4661,-1711,bf5a0874,3ecf6d96,bd71a904,3ea77c61,bf5a0874,3ecf6d95,bd71a900,3ea77c61,1,525152

6671,116,143,212,-651,-16420,540,-679,4661,-1711,bf594682,3ed22897,bd750115,3ea7f18f,bf594682,3ed22896,bd750111,3ea7f18f,1,533670

6672,107,142,227,-549,-16387,588,-689,4683,-1729,bf588442,3ed4ddf6,bd783365,3ea860e0,bf588442,3ed4ddf5,bd783362,3ea860e0,1,542189

6673,105,125,206,-498,-16404,587,-675,4701,-1742,bf57c210,3ed78d43,bd7b7086,3ea8c840,bf57c211,3ed78d43,bd7b7084,3ea8c841,1,550707

6674,131,125,142,-582,-16347,617,-675,4701,-1742,bf5700b8,3eda392e,bd7f136d,3ea91e63,bf5700b8,3eda392e,bd7f136a,3ea91e64,1,559226

6675,154,141,98,-580,-16390,580,-645,4685,-1700,bf563e2e,3edce124,bd815f6f,3ea970cf,bf563e2d,3edce123,bd815f6d,3ea970cf,1,567744

6676,183,156,70,-593,-16389,563,-699,4697,-1771,bf557d63,3edf8c65,bd835484,3ea9a5f8,bf557d63,3edf8c65,bd835482,3ea9a5f8,1,576263

6677,184,156,64,-619,-16422,520,-699,4697,-1771,bf54bc8a,3ee2325f,bd8557cc,3ea9d32e,bf54bc8a,3ee2325f,bd8557ca,3ea9d32e,1,584782

6678,159,152,77,-559,-16409,584,-669,4663,-1796,bf53fb4b,3ee4cf8f,bd8731c8,3eaa01dd,bf53fb4b,3ee4cf8f,bd8731c6,3eaa01dd,1,593300

6679,153,149,85,-538,-16365,629,-647,4699,-1678,bf5337ef,3ee75f1e,bd89163e,3eaa3eed,bf5337ef,3ee75f1e,bd89163c,3eaa3eed,1,601819

6680,171,153,56,-508,-16396,596,-647,4699,-1678,bf527476,3ee9ebed,bd8b037d,3eaa7221,bf527477,3ee9ebee,bd8b037b,3eaa7221,1,609837

6681,185,149,22,-519,-16417,565,-687,4671,-1770,bf51b376,3eec797c,bd8d0d36,3eaa8900,bf51b377,3eec797d,bd8d0d34,3eaa8900,1,618856

6682,194,132,-14,-521,-16366,596,-735,4685,-1711,bf50f36a,3eeefdc2,bd8f5314,3eaa9770,bf50f36c,3eeefdc4,bd8f5312,3eaa9771,1,626874

6683,219,124,-50,-549,-16417,580,-709,4659,-1682,bf50320d,3ef17d1b,bd91a7d5,3eaaa521,bf50320e,3ef17d1c,bd91a7d2,3eaaa521,1,635393

6684,223,114,-84,-563,-16402,543,-709,4659,-1682,bf4f717f,3ef3f65e,bd9416b2,3eaaa8ed,bf4f717f,3ef3f65e,bd9416ae,3eaaa8ec,1,643911

6685,206,103,-93,-597,-16418,568,-655,4647,-1679,bf4eb085,3ef6653b,bd96797f,3eaab13c,bf4eb086,3ef6653c,bd96797c,3eaab13c,1,652430

6686,193,99,-80,-625,-16402,584,-641,4671,-1635,bf4def31,3ef8c960,bd98e6ee,3eaabd7a,bf4def32,3ef8c960,bd98e6eb,3eaabd7a,1,660948

6687,188,93,-65,-615,-16370,580,-641,4671,-1635,bf4d2dc5,3efb2687,bd9b53fe,3eaac7ef,bf4d2dc5,3efb2686,bd9b53fa,3eaac7ef,1,669467

6688,211,118,-56,-649,-16368,552,-683,4611,-1707,bf4c6d76,3efd85ae,bd9dc61c,3eaabd7a,bf4c6d76,3efd85ad,bd9dc618,3eaabd7a,1,677986

6689,224,160,-45,-554,-16413,567,-705,4637,-1664,bf4bac86,3effe135,bda02027,3eaab069,bf4bac86,3effe135,bda02023,3eaab069,1,686504

6690,227,144,-58,-594,-16431,529,-705,4637,-1664,bf4aec4c,3f011af8,bda29896,3eaa9c31,bf4aec4d,3f011af9,bda29892,3eaa9c32,1,695023

6691,220,133,-69,-570,-16382,570,-683,4689,-1743,bf4a2edc,3f02422e,bda51e76,3eaa777b,bf4a2edd,3f02422f,bda51e71,3eaa777c,1,703542

6692,221,124,-79,-584,-16388,559,-669,4671,-1737,bf497159,3f0365a6,bda7a63e,3eaa52a5,bf497159,3f0365a6,bda7a638,3eaa52a5,1,712060

6693,225,113,-87,-598,-16416,553,-669,4671,-1737,bf48b47e,3f04858c,bdaa4061,3eaa28e6,bf48b47e,3f04858d,bdaa405c,3eaa28e7,1,720078

6694,220,103,-92,-619,-16396,511,-681,4627,-1735,bf47f83f,3f05a1aa,bdace334,3ea9fc17,bf47f840,3f05a1ac,bdace330,3ea9fc19,1,728597

6695,191,108,-90,-665,-16419,510,-685,4701,-1734,bf473fb8,3f06b82c,bdafad97,3ea9c1aa,bf473fb8,3f06b82d,bdafad92,3ea9c1ab,1,737115

6696,177,117,-83,-660,-16404,525,-633,4647,-1690,bf46848c,3f07c9a3,bdb233cf,3ea99d2c,bf46848c,3f07c9a4,bdb233ca,3ea99d2d,1,745634

6697,184,140,-65,-590,-16419,521,-633,4647,-1690,bf45c90a,3f08d90f,bdb49761,3ea97865,bf45c90b,3f08d910,bdb4975c,3ea97867,1,754153

6698,164,126,-74,-727,-16487,467,-697,4657,-1740,bf45147c,3f09e3d0,bdb76a74,3ea9304d,bf45147b,3f09e3d0,bdb76a6d,3ea9304d,1,762671

6699,119,124,-39,-724,-16408,505,-663,4669,-1715,bf44605c,3f0ae751,bdba132c,3ea8f67a,bf44605c,3f0ae752,bdba1326,3ea8f67b,1,771190

6700,75,139,15,-659,-16422,546,-663,4669,-1715,bf43ada9,3f0be4d9,bdbc8540,3ea8c3ae,bf43ada9,3f0be4db,bdbc853c,3ea8c3b0,1,779709

6701,64,136,40,-668,-16358,596,-669,4687,-1637,bf42fade,3f0cdc8d,bdbefadb,3ea89b01,bf42fadd,3f0cdc8d,bdbefad7,3ea89b02,1,788227

6702,72,135,65,-742,-16477,326,-695,4681,-1678,bf424980,3f0dd4fe,bdc19a68,3ea85cfe,bf42497f,3f0dd4fe,bdc19a64,3ea85cff,1,796746

6703,-6,113,148,-455,-16390,800,-695,4681,-1678,bf419b41,3f0ebf30,bdc3bb79,3ea840c2,bf419b42,3f0ebf31,bdc3bb77,3ea840c5,1,805265

6704,64,134,68,-452,-16208,890,-637,4681,-1669,bf40ebae,3f0fa7df,bdc5d2f8,3ea82825,bf40ebaf,3f0fa7e0,bdc5d2f5,3ea82827,1,813783

6705,255,149,-79,-695,-16372,545,-649,4631,-1648,bf403785,3f109c24,bdc891c8,3ea7e7d9,bf403785,3f109c24,bdc891c4,3ea7e7da,1,822302

6706,266,143,-43,-723,-16235,602,-649,4631,-1648,bf3f845a,3f118b9c,bdcb5900,3ea7a9a3,bf3f845a,3f118b9d,bdcb58fd,3ea7a9a4,1,830320

6707,295,174,23,-577,-16368,625,-621,4723,-1671,bf3ed02f,3f127a77,bdcddf54,3ea76df5,bf3ed02f,3f127a77,bdcddf50,3ea76df6,1,838838

6708,323,188,22,-593,-16398,515,-621,4641,-1686,bf3e1a72,3f13687e,bdd04470,3ea735da,bf3e1a72,3f13687e,bdd0446b,3ea735db,1,847357

6709,306,157,-2,-519,-16499,488,-623,4661,-1720,bf3d68c3,3f145091,bdd2b5c5,3ea6f686,bf3d68c3,3f145091,bdd2b5c0,3ea6f687,1,855875

6710,253,111,-28,-536,-16395,551,-623,4661,-1720,bf3cbd3f,3f152d7b,bdd54880,3ea6b7e8,bf3cbd3f,3f152d7b,bdd5487b,3ea6b7e9,1,864394

6711,238,98,-76,-597,-16408,523,-651,4621,-1725,bf3c1736,3f1603c7,bdd81336,3ea66bb7,bf3c1736,3f1603c8,bdd81332,3ea66bb8,1,872913

6712,222,101,-94,-654,-16399,490,-647,4715,-1689,bf3b75ff,3f16d51f,bddb2649,3ea60e07,bf3b75fe,3f16d51f,bddb2644,3ea60e07,1,881431

6713,192,95,-73,-691,-16396,484,-647,4715,-1689,bf3ad86f,3f179f6e,bdde3a4c,3ea5b1c9,bf3ad870,3f179f70,bdde3a4a,3ea5b1c9,1,889950

6714,168,108,-49,-677,-16234,598,-615,4685,-1713,bf3a3e11,3f185fe7,bde0ffcd,3ea56ad1,bf3a3e12,3f185fe8,bde0ffca,3ea56ad1,1,898469

6715,183,155,-45,-597,-16278,570,-651,4715,-1704,bf39a6f6,3f191f54,bde3c64c,3ea51255,bf39a6f7,3f191f55,bde3c649,3ea51255,1,906987

6716,222,177,-67,-625,-16474,559,-651,4715,-1704,bf39119a,3f19dc56,bde698d5,3ea4b36b,bf39119a,3f19dc56,bde698d2,3ea4b36a,1,915506

6717,237,183,-101,-573,-16466,627,-651,4689,-1646,bf387bbc,3f1a9480,bde940bf,3ea4663f,bf387bbc,3f1a9480,bde940bd,3ea4663f,1,924024

6718,269,177,-154,-650,-16481,573,-639,4693,-1763,bf37ef97,3f1b4499,bdec2d63,3ea3ffab,bf37ef98,3f1b4499,bdec2d62,3ea3ffac,1,932042

6719,266,140,-169,-661,-16423,491,-639,4693,-1763,bf376572,3f1befb5,bdef2b5d,3ea39b9c,bf376573,3f1befb5,bdef2b5c,3ea39b9d,1,940561

6720,234,115,-151,-616,-16377,465,-697,4709,-1720,bf36dfd5,3f1c962b,bdf25f1c,3ea32a5e,bf36dfd6,3f1c962b,bdf25f1b,3ea32a5f,1,949080

6721,205,91,-149,-601,-16437,369,-681,4687,-1714,bf3659cc,3f1d37b4,bdf55341,3ea2ce4c,bf3659ce,3f1d37b4,bdf55341,3ea2ce4e,1,957598

6722,145,66,-176,-639,-16423,474,-651,4697,-1653,bf35d7ca,3f1dcd64,bdf82e85,3ea28b62,bf35d7ca,3f1dcd63,bdf82e83,3ea28b62,1,966117

6723,83,47,-204,-785,-16390,528,-651,4697,-1653,bf35614f,3f1e54de,bdfb5625,3ea2404c,bf35614f,3f1e54dd,bdfb5623,3ea2404c,1,974635

6724,80,56,-162,-815,-16425,544,-689,4657,-1697,bf34f3b1,3f1ed2be,bdfe86de,3ea1ee1d,bf34f3b2,3f1ed2bf,bdfe86de,3ea1ee1e,1,983154

6725,103,84,-106,-721,-16415,547,-725,4709,-1665,bf34868e,3f1f51fe,be00d9ec,3ea190e3,bf34868e,3f1f51fd,be00d9eb,3ea190e2,1,991673

6726,116,85,-84,-594,-16344,566,-725,4709,-1665,bf341982,3f1fccd9,be023fc8,3ea14a8b,bf341983,3f1fccda,be023fc8,3ea14a8c,1,1000191

6727,121,71,-104,-708,-16314,576,-683,4683,-1774,bf33bb15,3f20331a,be039858,3ea1142d,bf33bb16,3f20331b,be039858,3ea1142d,1,1008710

6728,155,83,-108,-703,-16373,575,-741,4657,-1661,bf3355d6,3f20a1ef,be050cef,3ea0d17c,bf3355d6,3f20a1f0,be050cee,3ea0d17b,1,1017228

6729,170,79,-100,-703,-16366,583,-741,4657,-1661,bf32f3b9,3f210ad8,be06786f,3ea09759,bf32f3b9,3f210ad8,be06786e,3ea09757,1,1025246

6730,176,80,-113,-802,-16452,534,-737,4689,-1701,bf329b5f,3f216b41,be08085b,3ea0494e,bf329b61,3f216b42,be08085b,3ea0494d,1,1033765

6731,157,91,-102,-774,-16446,541,-713,4657,-1672,bf3240a8,3f21c69a,be0951b1,3ea026a7,bf3240a9,3f21c69b,be0951b0,3ea026a5,1,1042283

6732,135,104,-70,-837,-16387,511,-713,4657,-1672,bf31eaf8,3f221bc8,be0a9b99,3ea00436,bf31eaf8,3f221bc8,be0a9b98,3ea00433,1,1050802

6733,123,122,-28,-662,-16389,511,-717,4675,-1625,bf318f16,3f227467,be0ba40a,3e9ffb70,bf318f17,3f227468,be0ba40a,3e9ffb6d,1,1059321

6734,94,106,-21,-607,-16419,525,-701,4707,-1690,bf313ff5,3f22bd30,be0c91e1,3e9ffe79,bf313ff4,3f22bd30,be0c91df,3e9ffe75,1,1067839

6735,81,58,-63,-663,-16389,550,-745,4753,-1679,bf30fc1d,3f22ff9d,be0de975,3e9fd088,bf30fc1e,3f22ff9f,be0de975,3e9fd086,1,1076358

6736,69,26,-69,-732,-16397,573,-745,4753,-1679,bf30bf41,3f233826,be0f522d,3e9fa6a2,bf30bf41,3f233828,be0f522c,3e9fa69f,1,1084876

6737,59,2,-58,-873,-16479,533,-781,4699,-1646,bf30839d,3f236f5a,be10e5b3,3e9f7197,bf30839c,3f236f5b,be10e5b1,3e9f7194,1,1093395

6738,29,16,-3,-933,-16413,590,-747,4713,-1694,bf305626,3f23922e,be124dea,3e9f59bb,bf305625,3f23922f,be124de8,3e9f59b8,1,1101913

6739,47,70,62,-835,-16406,641,-747,4713,-1694,bf3028d7,3f23b1e4,be1368c0,3e9f5ec2,bf3028d6,3f23b1e5,be1368bd,3e9f5ebf,1,1110432

6740,69,113,77,-801,-16374,594,-719,4725,-1748,bf30011e,3f23c94f,be144236,3e9f7b9e,bf30011f,3f23c951,be144234,3e9f7b9d,1,1118951

6741,82,163,81,-715,-16357,563,-723,4727,-1666,bf2fc7c1,3f23f462,be14fe63,3e9f9bcd,bf2fc7c2,3f23f463,be14fe60,3e9f9bcc,1,1127469

6742,83,186,75,-660,-16407,609,-723,4727,-1666,bf2f92ec,3f24195e,be159e05,3e9fc70d,bf2f92eb,3f24195d,be159e01,3e9fc70a,1,1135487

6743,84,177,60,-830,-16458,486,-735,4693,-1704,bf2f6671,3f24387d,be167817,3e9fd754,bf2f6671,3f24387e,be167814,3e9fd753,1,1144006

6744,42,170,82,-817,-16352,577,-721,4693,-1735,bf2f499a,3f2441ac,be172690,3ea006f7,bf2f4999,3f2441ac,be17268c,3ea006f5,1,1152524

6745,17,178,158,-735,-16392,679,-721,4693,-1735,bf2f31fb,3f2440c2,be17968a,3ea057a4,bf2f31fb,3f2440c3,be179687,3ea057a2,1,1161043

6746,42,181,174,-736,-16407,641,-715,4699,-1649,bf2f047f,3f245797,be181a9b,3ea0a166,bf2f047f,3f245798,be181a98,3ea0a164,1,1169561

6747,45,182,170,-691,-16399,658,-681,4685,-1667,bf2ed9a3,3f2464e2,be185b96,3ea11623,bf2ed9a3,3f2464e3,be185b93,3ea11621,1,1178080

6748,38,162,169,-722,-16422,674,-721,4701,-1673,bf2eb834,3f246eb3,be18f10c,3ea15bb6,bf2eb833,3f246eb3,be18f109,3ea15bb3,1,1186598

6749,52,156,174,-665,-16366,667,-721,4701,-1673,bf2e9525,3f2478fb,be197494,3ea1aa46,bf2e9525,3f2478fc,be197492,3ea1aa43,1,1195117

6750,65,176,178,-829,-16418,449,-727,4733,-1638,bf2e64b8,3f249b22,be1a5c7b,3ea1b915,bf2e64b9,3f249b23,be1a5c78,3ea1b911,1,1203636

6751,-12,219,264,-851,-16391,588,-693,4673,-1661,bf2e4401,3f24a0f0,be1acce4,3ea2138e,bf2e4402,3f24a0f1,be1acce0,3ea2138a,1,1212154

6752,-57,261,393,-767,-16364,674,-693,4673,-1661,bf2e27a6,3f249ef6,be1af3ca,3ea28c0b,bf2e27a8,3f249ef7,be1af3c5,3ea28c07,1,1220673

6753,-49,287,466,-505,-16303,740,-715,4663,-1661,bf2e075f,3f249efb,be1abb65,3ea32365,bf2e0761,3f249efb,be1abb5e,3ea32360,1,1229191

6754,-10,280,418,-375,-16381,771,-655,4651,-1643,bf2ddbd3,3f24a0c5,be1a269b,3ea3f890,bf2ddbd6,3f24a0c5,be1a2695,3ea3f88c,1,1237710

6755,34,228,294,-501,-16364,747,-655,4651,-1643,bf2db5c3,3f24a0e9,be1a12c8,3ea49dae,bf2db5c6,3f24a0e9,be1a12c1,3ea49daa,1,1245728

6756,73,202,211,-566,-16372,745,-655,4691,-1631,bf2d9206,3f24a47c,be1a6934,3ea511d0,bf2d9207,3f24a47b,be1a692c,3ea511cb,1,1254246

6757,115,190,197,-449,-16425,739,-643,4661,-1598,bf2d607f,3f24b133,be1a8cdb,3ea5a6a1,bf2d6082,3f24b134,be1a8cd5,3ea5a69d,1,1262765

6758,139,156,131,-333,-16346,805,-643,4661,-1598,bf2d3245,3f24b7c6,be1aa907,3ea6470c,bf2d3247,3f24b7c7,be1aa900,3ea64707,1,1271283

6759,176,113,40,-468,-16403,691,-631,4661,-1679,bf2d1324,3f24b120,be1b0f89,3ea6cafc,bf2d1326,3f24b121,be1b0f82,3ea6caf7,1,1279802

6760,192,62,-2,-531,-16423,640,-683,4661,-1668,bf2cf549,3f24b230,be1bf540,3ea70d11,bf2cf54a,3f24b230,be1bf538,3ea70d0b,1,1288321

6761,152,46,-22,-511,-16315,734,-693,4623,-1596,bf2cd1b3,3f24b487,be1ccfa2,3ea763f8,bf2cd1b3,3f24b487,be1ccf9a,3ea763f2,1,1296839

6762,164,65,-48,-624,-16364,706,-693,4623,-1596,bf2cb1ca,3f24b5f7,be1dd8af,3ea7a3b3,bf2cb1cb,3f24b5f8,be1dd8a8,3ea7a3ae,1,1305358

6763,201,103,-52,-505,-16402,699,-697,4639,-1588,bf2c8b8e,3f24bf2c,be1ebb35,3ea7e77c,bf2c8b8d,3f24bf2c,be1ebb2d,3ea7e776,1,1313876

6764,187,102,-70,-642,-16429,624,-691,4673,-1660,bf2c77f5,3f24b9af,be1fd8e9,3ea809c6,bf2c77f4,3f24b9b0,be1fd8e2,3ea809c1,1,1322395

6765,163,110,-41,-603,-16368,747,-691,4673,-1660,bf2c6d80,3f24a604,be20cbd6,3ea847cf,bf2c6d81,3f24a606,be20cbd1,3ea847cb,1,1330914

6766,181,126,-20,-584,-16386,674,-679,4665,-1611,bf2c4e30,3f24a6ea,be21a3a1,3ea890d5,bf2c4e31,3f24a6ec,be21a39c,3ea890d1,1,1339432

6767,184,135,-28,-624,-16298,695,-685,4671,-1672,bf2c426b,3f24945d,be22876d,3ea8d2a1,bf2c426b,3f24945d,be228768,3ea8d29d,1,1347450

6768,192,161,-15,-620,-16319,746,-685,4671,-1672,bf2c3977,3f247ddd,be2358cb,3ea91c43,bf2c3979,3f247dde,be2358c8,3ea91c41,1,1355968

6769,219,173,-9,-534,-16388,697,-677,4661,-1695,bf2c2ae5,3f246aa5,be23ebc7,3ea97eb8,bf2c2ae6,3f246aa5,be23ebc2,3ea97eb5,1,1364487

6770,233,168,-36,-502,-16360,773,-721,4651,-1642,bf2c1798,3f246113,be24b776,3ea9c0de,bf2c1799,3f246113,be24b771,3ea9c0db,1,1373006

6771,252,142,-63,-497,-16424,697,-721,4651,-1642,bf2bfd8b,3f245f02,be258f44,3ea9fde9,bf2bfd8d,3f245f04,be258f41,3ea9fde6,1,1381524

6772,258,108,-92,-611,-16327,745,-693,4637,-1709,bf2bfb59,3f243c49,be265d4d,3eaa5aa3,bf2bfb5a,3f243c4a,be265d49,3eaa5a9f,1,1390043

6773,273,73,-65,-632,-16323,766,-693,4609,-1666,bf2bec2e,3f2422e8,be272c28,3eaac6f7,bf2bec2f,3f2422e8,be272c24,3eaac6f2,1,1398562

6774,307,51,-16,-610,-16445,704,-683,4659,-1670,bf2bd36b,3f2415df,be280a92,3eab261c,bf2bd36c,3f2415e0,be280a8f,3eab2617,1,1407080

6775,347,62,1,-591,-16421,678,-683,4659,-1670,bf2bb5bf,3f240e15,be28e09f,3eab864e,bf2bb5c0,3f240e16,be28e09c,3eab8649,1,1415599

6776,358,62,0,-617,-16420,641,-707,4693,-1731,bf2ba817,3f23fc49,be29ebc6,3eabbf0e,bf2ba818,3f23fc4a,be29ebc1,3eabbf09,1,1424117

6777,345,51,15,-651,-16399,611,-673,4701,-1704,bf2b8f86,3f23f13c,be2addaa,3eac0f5b,bf2b8f87,3f23f13d,be2adda5,3eac0f57,1,1432636

6778,331,62,40,-578,-16423,573,-673,4701,-1704,bf2b7150,3f23eb62,be2ba6ea,3eac6bf2,bf2b7152,3f23eb64,be2ba6e5,3eac6bee,1,1440653

6779,292,72,46,-484,-16547,527,-691,4673,-1694,bf2b4cfb,3f23ec31,be2c4a75,3eacd06a,bf2b4cfd,3f23ec32,be2c4a6e,3eacd066,1,1449172

6780,242,71,-8,-543,-16461,586,-693,4665,-1749,bf2b4314,3f23d014,be2cf6c5,3ead372c,bf2b4315,3f23d014,be2cf6bd,3ead3728,1,1457691

6781,226,110,-69,-536,-16421,606,-693,4665,-1749,bf2b3cb7,3f23b246,be2da33e,3ead95cd,bf2b3cb9,3f23b246,be2da337,3ead95c9,1,1466209

6782,199,120,-109,-563,-16408,621,-699,4641,-1718,bf2b3276,3f2398f5,be2e5dd6,3eadeedc,bf2b3278,3f2398f5,be2e5dce,3eadeed7,1,1474728

6783,187,122,-144,-593,-16337,668,-747,4643,-1743,bf2b397a,3f2374c7,be2f5ff0,3eae1a6d,bf2b397b,3f2374c6,be2f5fe7,3eae1a67,1,1483247

6784,191,125,-168,-678,-16310,570,-747,4643,-1743,bf2b3a11,3f235a5e,be3084c7,3eae313d,bf2b3a13,3f235a5e,be3084bf,3eae3139,1,1491765

6785,184,144,-107,-654,-16297,675,-727,4687,-1700,bf2b338b,3f23448e,be31888b,3eae5aaf,bf2b338d,3f23448e,be318882,3eae5aab,1,1500284

6786,199,157,-55,-601,-16389,712,-731,4661,-1636,bf2b1b0c,3f233dee,be325eb8,3eae9cfb,bf2b1b0e,3f233def,be325eb0,3eae9cf8,1,1508803

6787,234,154,-41,-671,-16414,684,-707,4635,-1673,bf2b072a,3f232c9d,be331780,3eaefc41,bf2b072c,3f232c9e,be331778,3eaefc3e,1,1517321

6788,274,161,-16,-635,-16475,631,-707,4635,-1673,bf2aea9e,3f2324f2,be33c3a3,3eaf5c2d,bf2aeaa0,3f2324f2,be33c39a,3eaf5c2a,1,1525840

6789,265,152,2,-586,-16354,618,-685,4661,-1718,bf2ad548,3f231294,be3446f1,3eafd1dd,bf2ad548,3f231293,be3446e7,3eafd1d9,1,1534358

6790,258,144,-2,-581,-16415,589,-709,4705,-1629,bf2aad5a,3f231ce7,be35250a,3eb00d8a,bf2aad5c,3f231ce8,be352502,3eb00d88,1,1542877

6791,266,141,-27,-511,-16418,612,-709,4705,-1629,bf2a8649,3f23247b,be35eb18,3eb055c3,bf2a864a,3f23247b,be35eb11,3eb055c0,1,1550895

6792,252,122,-72,-518,-16458,624,-715,4677,-1686,bf2a6fda,3f2317c2,be36a32d,3eb0abf2,bf2a6fda,3f2317c1,be36a325,3eb0abee,1,1559413

6793,240,96,-132,-595,-16434,590,-669,4693,-1673,bf2a55b7,3f230a95,be3765c6,3eb10ee5,bf2a55b9,3f230a96,be3765c1,3eb10ee3,1,1567932

6794,226,75,-167,-710,-16334,601,-669,4693,-1673,bf2a437c,3f22f5a8,be386211,3eb16084,bf2a437f,3f22f5a8,be38620c,3eb16083,1,1576450

6795,234,86,-129,-715,-16387,573,-691,4659,-1660,bf2a2b86,3f22e75e,be395957,3eb1b07a,bf2a2b87,3f22e75d,be395950,3eb1b078,1,1584969

6796,229,106,-63,-683,-16389,625,-703,4669,-1761,bf2a2f79,3f22ba4c,be3a1dfa,3eb21314,bf2a2f7a,3f22ba4b,be3a1df4,3eb21312,1,1593488

6797,236,111,-42,-614,-16387,653,-703,4669,-1761,bf2a2ee5,3f229019,be3abc75,3eb285d4,bf2a2ee6,3f229018,be3abc6f,3eb285d2,1,1602006

6798,269,128,-55,-620,-16417,632,-675,4659,-1710,bf2a199e,3f22791f,be3b4e1c,3eb30449,bf2a19a0,3f22791f,be3b4e17,3eb30448,1,1610525

6799,278,124,-75,-647,-16413,555,-719,4655,-1667,bf29f9c1,3f227746,be3c3c1f,3eb3459c,bf29f9c1,3f227745,be3c3c18,3eb3459a,1,1619043

6800,274,117,-78,-671,-16396,606,-681,4683,-1689,bf29e20a,3f22670d,be3d0da1,3eb3a319,bf29e20b,3f22670e,be3d0d9c,3eb3a319,1,1627562

6801,277,129,-60,-656,-16440,511,-681,4683,-1689,bf29c210,3f22618c,be3dd973,3eb3fa19,bf29c210,3f22618c,be3dd96d,3eb3fa16,1,1636080

6802,247,128,-55,-680,-16400,489,-683,4675,-1710,bf29a8a1,3f2254b5,be3ea302,3eb452fb,bf29a8a3,3f2254b7,be3ea2fe,3eb452fb,1,1644599

6803,194,124,-25,-663,-16416,527,-691,4661,-1697,bf2990ef,3f22442f,be3f5a3a,3eb4b704,bf2990f0,3f22442f,be3f5a34,3eb4b702,1,1653117

6804,158,127,-13,-706,-16418,552,-691,4661,-1697,bf297eaf,3f222dac,be401aaf,3eb5192f,bf297eaf,3f222dac,be401aa8,3eb5192d,1,1661135

6805,143,118,8,-591,-16388,558,-667,4681,-1650,bf295bf6,3f2224b7,be40aabb,3eb594cc,bf295bf6,3f2224b7,be40aab4,3eb594ca,1,1669654

6806,122,113,1,-615,-16386,618,-713,4719,-1732,bf295852,3f220371,be417dac,3eb5e106,bf295852,3f220371,be417da5,3eb5e104,1,1678172

6807,129,89,-16,-621,-16382,643,-713,4719,-1732,bf29550a,3f21dffd,be425655,3eb631b1,bf29550b,3f21dffe,be425651,3eb631b0,1,1686691

6808,165,84,-34,-653,-16386,604,-679,4679,-1625,bf293167,3f21d80e,be431f51,3eb69c7b,bf293168,3f21d80f,be431f4d,3eb69c7a,1,1695209

6809,199,94,-48,-603,-16364,623,-611,4639,-1725,bf291b70,3f21b027,be434ead,3eb76e23,bf291b71,3f21b028,be434ea9,3eb76e22,1,1703728

6810,227,97,-69,-601,-16361,637,-611,4639,-1725,bf2904d5,3f218a77,be43997b,3eb831f8,bf2904d5,3f218a78,be439976,3eb831f7,1,1712247

6811,251,94,-100,-647,-16410,588,-695,4607,-1731,bf28f402,3f216d19,be446148,3eb8a16d,bf28f400,3f216d19,be446142,3eb8a16b,1,1720765

6812,268,93,-116,-745,-16388,557,-669,4635,-1693,bf28d952,3f215b5d,be455be2,3eb8fe2b,bf28d952,3f215b5f,be455bdf,3eb8fe2b,1,1729284

6813,262,123,-99,-644,-16393,531,-645,4627,-1677,bf28b2eb,3f21519a,be460913,3eb97df3,bf28b2ea,3f21519b,be460910,3eb97df3,1,1737803

6814,245,132,-101,-606,-16427,549,-645,4627,-1677,bf288e36,3f2145aa,be46a826,3eba0236,bf288e37,3f2145ac,be46a825,3eba0236,1,1746321

6815,225,108,-146,-640,-16396,539,-717,4635,-1724,bf287ecd,3f212f90,be47b170,3eba3f9f,bf287ecd,3f212f91,be47b16e,3eba3f9e,1,1754840

6816,210,96,-176,-744,-16437,520,-685,4651,-1694,bf2869c5,3f211cde,be48d1b7,3eba7ee8,bf2869c5,3f211cdf,be48d1b5,3eba7ee8,1,1762858

6817,186,102,-150,-762,-16418,525,-685,4651,-1694,bf28563f,3f210786,be49e6d6,3ebac450,bf28563f,3f210786,be49e6d3,3ebac44f,1,1771376

6818,165,106,-102,-819,-16402,516,-665,4681,-1726,bf2849f2,3f20e8ef,be4af351,3ebb114b,bf2849f2,3f20e8ef,be4af34f,3ebb114b,1,1779895

6819,157,118,-56,-716,-16444,483,-687,4703,-1692,bf282fcf,3f20ddd1,be4bf452,3ebb4fa6,bf282fcf,3f20ddd1,be4bf450,3ebb4fa5,1,1788414

6820,114,132,-27,-719,-16406,609,-687,4703,-1692,bf2820e9,3f20c337,be4cd938,3ebba1fb,bf2820e9,3f20c337,be4cd937,3ebba1fa,1,1796932

6821,110,116,-21,-726,-16416,552,-679,4645,-1675,bf28072e,3f20adac,be4d99ff,3ebc1321,bf28072e,3f20adac,be4d99fe,3ebc1320,1,1805451

6822,107,121,-13,-789,-16390,566,-691,4703,-1698,bf27f8e7,3f209385,be4e9dc9,3ebc5841,bf27f8e7,3f209385,be4e9dc8,3ebc5840,1,1813969

6823,98,137,25,-754,-16389,558,-691,4703,-1698,bf27e738,3f207c21,be4f8117,3ebca888,bf27e739,3f207c22,be4f8117,3ebca888,1,1822488

6824,85,152,45,-736,-16389,597,-723,4673,-1668,bf27d321,3f206903,be5065bf,3ebcf1ff,bf27d322,3f206904,be5065bf,3ebcf1ff,1,1831007

6825,92,150,63,-692,-16416,602,-707,4629,-1609,bf27ad82,3f2060d3,be511502,3ebd62dd,bf27ad83,3f2060d3,be511501,3ebd62dc,1,1839525

6826,90,139,59,-677,-16392,603,-689,4631,-1655,bf279023,3f204bc0,be51a755,3ebde99c,bf279023,3f204bc1,be51a755,3ebde99c,1,1848044

6827,101,151,38,-657,-16418,642,-689,4631,-1655,bf277507,3f203447,be5238bd,3ebe701b,bf277507,3f203447,be5238bc,3ebe701a,1,1856061

6828,120,149,12,-644,-16355,672,-681,4665,-1640,bf2758b9,3f201fe4,be52e419,3ebee8ac,bf2758ba,3f201fe5,be52e418,3ebee8ab,1,1864580

6829,144,156,-16,-875,-16296,510,-705,4633,-1712,bf274c35,3f20023a,be53f56e,3ebf2c58,bf274c34,3f20023a,be53f56c,3ebf2c57,1,1873099

6830,134,201,45,-817,-16348,580,-705,4633,-1712,bf274055,3f1fe1c2,be54c983,3ebf878f,bf274055,3f1fe1c2,be54c983,3ebf878e,1,1881618

6831,123,226,145,-722,-16322,652,-687,4595,-1668,bf272587,3f1fc751,be5534dd,3ec01f56,bf272588,3f1fc751,be5534de,3ec01f56,1,1890136

6832,147,229,190,-668,-16331,678,-689,4665,-1769,bf272151,3f1f98b4,be559a85,3ec0ac8e,bf272152,3f1f98b4,be559a86,3ec0ac8e,1,1898655

6833,192,205,188,-590,-16389,609,-689,4665,-1769,bf270e90,3f1f7a1c,be55fc07,3ec137af,bf270e90,3f1f7a1b,be55fc07,3ec137ae,1,1907173

6834,204,174,184,-584,-16374,628,-685,4621,-1686,bf26e757,3f1f6ccd,be566859,3ec1ccf9,bf26e757,3f1f6ccd,be56685a,3ec1ccf8,1,1915692

6835,216,136,149,-551,-16381,634,-669,4675,-1713,bf26c58c,3f1f5a79,be56ed28,3ec2589f,bf26c58c,3f1f5a79,be56ed29,3ec2589e,1,1924211

6836,248,116,101,-541,-16420,620,-669,4675,-1713,bf26a23a,3f1f4a3d,be578acc,3ec2db42,bf26a23a,3f1f4a3e,be578acd,3ec2db41,1,1932729

6837,262,94,35,-510,-16422,579,-635,4691,-1631,bf266a2b,3f1f4e2c,be583b76,3ec35cea,bf266a2a,3f1f4e2d,be583b75,3ec35ce8,1,1941248

6838,262,73,-37,-592,-16390,558,-687,4667,-1688,bf264742,3f1f42b4,be593e04,3ec3b16c,bf264741,3f1f42b5,be593e03,3ec3b16a,1,1949766

6839,253,85,-88,-642,-16429,512,-687,4669,-1733,bf262fa9,3f1f2d06,be5a4f97,3ec3fc01,bf262fa8,3f1f2d08,be5a4f97,3ec3fbff,1,1958285

6840,230,97,-108,-675,-16424,510,-687,4669,-1733,bf261b34,3f1f1484,be5b666c,3ec44314,bf261b33,3f1f1486,be5b666c,3ec44313,1,1966303

6841,188,113,-113,-705,-16386,564,-673,4621,-1658,bf25fb9e,3f1f00f6,be5c5dd5,3ec4a7ee,bf25fb9e,3f1f00f9,be5c5dd6,3ec4a7ee,1,1974822

6842,184,110,-94,-718,-16384,532,-721,4653,-1786,bf25fc56,3f1ed400,be5d7be6,3ec4e679,bf25fc55,3f1ed402,be5d7be5,3ec4e679,1,1983340

6843,176,123,-69,-732,-16372,630,-721,4653,-1786,bf2602f8,3f1e9d8e,be5e82a6,3ec53588,bf2602f7,3f1e9d8f,be5e82a5,3ec53588,1,1991859

6844,187,135,-30,-722,-16391,611,-641,4613,-1609,bf25d373,3f1e9203,be5f3e03,3ec5c571,bf25d373,3f1e9205,be5f3e04,3ec5c571,1,2000377

6845,206,132,1,-727,-16383,617,-663,4685,-1681,bf25b64a,3f1e7c1b,be602a57,3ec62a87,bf25b649,3f1e7c1c,be602a56,3ec62a86,1,2008896

6846,217,135,14,-666,-16388,597,-663,4685,-1681,bf259424,3f1e6ae2,be60fe6f,3ec69793,bf259423,3f1e6ae3,be60fe6e,3ec69792,1,2017415

6847,222,128,18,-633,-16416,578,-671,4631,-1746,bf257c04,3f1e48b7,be619adc,3ec72870,bf257c03,3f1e48b9,be619add,3ec72870,1,2025933

6848,225,113,0,-662,-16403,530,-697,4645,-1630,bf254d57,3f1e4865,be629b82,3ec77b8e,bf254d58,3f1e4867,be629b84,3ec77b8f,1,2034452

6849,197,109,-14,-650,-16440,549,-697,4645,-1630,bf252280,3f1e42bf,be639418,3ec7d497,bf252280,3f1e42c0,be639418,3ec7d498,1,2042971

6850,176,106,-29,-683,-16389,493,-697,4649,-1663,bf24feb4,3f1e36bd,be6497b0,3ec826c4,bf24feb3,3f1e36bd,be6497af,3ec826c4,1,2051489

6851,153,109,-21,-715,-16389,540,-669,4681,-1681,bf24e2d3,3f1e1eb6,be658c93,3ec88873,bf24e2d4,3f1e1eb7,be658c94,3ec88875,1,2060008

6852,125,126,8,-698,-16380,572,-687,4639,-1642,bf24c1ca,3f1e0abf,be666ceb,3ec8f395,bf24c1c9,3f1e0abd,be666cea,3ec8f395,1,2068026

6853,131,132,22,-701,-16387,608,-687,4639,-1642,bf24a2d9,3f1df362,be67483d,3ec96360,bf24a2d9,3f1df363,be67483e,3ec96362,1,2076544

6854,152,147,38,-668,-16396,557,-729,4601,-1635,bf247f5c,3f1de5e6,be682ed0,3ec9bf43,bf247f5d,3f1de5e8,be682ed2,3ec9bf46,1,2085063

6855,154,138,43,-667,-16376,594,-671,4681,-1653,bf245f04,3f1dd072,be690203,3eca2ed8,bf245f03,3f1dd073,be690203,3eca2ed9,1,2093581

6856,152,131,44,-601,-16429,608,-671,4681,-1653,bf243c9f,3f1dbb96,be69bda4,3ecaa97c,bf243c9e,3f1dbb97,be69bda5,3ecaa97e,1,2102100

6857,162,124,14,-634,-16388,640,-675,4669,-1683,bf2424bf,3f1d99ec,be6a83d0,3ecb2639,bf2424c0,3f1d99ed,be6a83d2,3ecb263c,1,2110619

6858,185,124,-10,-576,-16409,591,-663,4651,-1726,bf240ce9,3f1d7421,be6b1d4d,3ecbbbe7,bf240ce9,3f1d7421,be6b1d4d,3ecbbbe8,1,2119137

6859,183,105,-54,-621,-16374,592,-663,4651,-1726,bf23f7d9,3f1d4bf3,be6bdd7c,3ecc4424,bf23f7d9,3f1d4bf4,be6bdd7d,3ecc4426,1,2127656

6860,177,101,-83,-657,-16373,591,-673,4689,-1728,bf23e715,3f1d25da,be6cd78a,3ecca6da,bf23e714,3f1d25db,be6cd78a,3ecca6db,1,2136174

6861,180,96,-100,-632,-16441,582,-667,4607,-1765,bf23d88c,3f1cf188,be6d80c6,3ecd44be,bf23d88a,3f1cf188,be6d80c5,3ecd44be,1,2144693

6862,173,87,-120,-698,-16422,579,-667,4607,-1765,bf23cc04,3f1cbc2e,be6e518d,3ecdd31b,bf23cc04,3f1cbc2f,be6e518f,3ecdd31d,1,2153212

6863,176,91,-123,-751,-16392,580,-661,4695,-1658,bf23ac4e,3f1ca769,be6f8919,3ece1ccc,bf23ac4d,3f1ca769,be6f891a,3ece1ccd,1,2161730

6864,176,100,-94,-771,-16411,521,-727,4665,-1705,bf239762,3f1c8fba,be70e26b,3ece4298,bf239761,3f1c8fba,be70e26c,3ece4299,1,2169748

6865,159,125,-50,-731,-16375,614,-677,4689,-1684,bf237dd5,3f1c7304,be71e87b,3ece9e00,bf237dd5,3f1c7305,be71e87d,3ece9e02,1,2178267

6866,163,143,-26,-707,-16389,578,-677,4689,-1684,bf235fad,3f1c5be8,be72dcef,3ecefba1,bf235fad,3f1c5be8,be72dcf0,3ecefba2,1,2186785

6867,170,147,-30,-724,-16386,604,-679,4665,-1686,bf2343ad,3f1c3f80,be73c78a,3ecf64bb,bf2343ad,3f1c3f80,be73c78c,3ecf64bd,1,2195304

6868,189,152,-14,-666,-16386,582,-639,4679,-1693,bf231fb4,3f1c2556,be747bd7,3ecfef8d,bf231fb4,3f1c2556,be747bd9,3ecfef8f,1,2203822

6869,184,141,-3,-703,-16350,606,-639,4679,-1693,bf22ff0f,3f1c069a,be75412f,3ed077f4,bf22ff0f,3f1c069a,be754131,3ed077f6,1,2212341

6870,193,127,4,-668,-16389,614,-667,4749,-1696,bf22e1b0,3f1bef39,be76417e,3ed0ce26,bf22e1b0,3f1bef39,be764180,3ed0ce28,1,2220859

6871,201,112,-2,-673,-16394,610,-707,4651,-1755,bf22d10a,3f1bc497,be7722e1,3ed13ead,bf22d10a,3f1bc497,be7722e3,3ed13eaf,1,2229378

6872,214,92,-6,-679,-16390,592,-707,4651,-1755,bf22bd06,3f1b9cd1,be780ed0,3ed1ad6d,bf22bd05,3f1b9cd0,be780ed1,3ed1ad6e,1,2237896

6873,219,93,-11,-695,-16408,562,-687,4691,-1697,bf2299e3,3f1b8812,be7918ac,3ed2092b,bf2299e1,3f1b8811,be7918ae,3ed2092d,1,2246415

6874,208,80,-17,-681,-16433,552,-663,4673,-1723,bf227812,3f1b69cc,be79f43f,3ed28a18,bf227811,3f1b69cc,be79f443,3ed28a1a,1,2254934

6875,195,81,-23,-694,-16420,503,-663,4673,-1723,bf225489,3f1b4ee9,be7adc13,3ed30208,bf225488,3f1b4ee9,be7adc17,3ed3020a,1,2262951

6876,175,96,-40,-685,-16408,515,-637,4679,-1739,bf2233ff,3f1b2c9d,be7ba3c6,3ed38f6e,bf2233fe,3f1b2c9d,be7ba3ca,3ed38f70,1,2271470

6877,148,103,-57,-686,-16391,546,-669,4657,-1716,bf221598,3f1b0c34,be7c850f,3ed4086f,bf221597,3f1b0c34,be7c8513,3ed40871,1,2279989

6878,133,113,-70,-748,-16361,561,-703,4625,-1695,bf21fab0,3f1aec3b,be7d902a,3ed46864,bf21fab0,3f1aec3b,be7d902e,3ed46866,1,2288507

6879,139,127,-51,-739,-16385,612,-703,4625,-1695,bf21e15a,3f1ac8e0,be7e88f1,3ed4d240,bf21e15a,3f1ac8de,be7e88f3,3ed4d240,1,2297026

6880,141,136,-17,-748,-16389,576,-667,4667,-1772,bf21d176,3f1a974d,be7f5b63,3ed5538d,bf21d177,3f1a974e,be7f5b67,3ed5538f,1,2305545

6881,146,129,-1,-740,-16381,617,-719,4667,-1744,bf21c0fb,3f1a6f62,be803233,3ed5a9ac,bf21c0fb,3f1a6f62,be803233,3ed5a9ad,1,2314063

6882,156,123,13,-687,-16374,624,-719,4667,-1744,bf21abf4,3f1a4a53,be80a996,3ed60c95,bf21abf3,3f1a4a52,be80a995,3ed60c94,1,2322582

6883,173,120,18,-671,-16389,600,-701,4623,-1777,bf219617,3f1a1c67,be810291,3ed69d2d,bf219618,3f1a1c67,be810292,3ed69d2e,1,2331100

6884,179,125,-1,-661,-16399,599,-705,4635,-1670,bf216b04,3f1a0b89,be817586,3ed709ee,bf216b05,3f1a0b88,be817587,3ed709ef,1,2339619

6885,191,114,-36,-654,-16388,615,-705,4635,-1670,bf2141cc,3f19f7bc,be81ec7a,3ed77689,bf2141cd,3f19f7bb,be81ec7b,3ed7768a,1,2348137

6886,193,99,-66,-709,-16391,594,-679,4649,-1685,bf211b7f,3f19dd48,be8268e0,3ed7e970,bf211b81,3f19dd48,be8268e2,3ed7e972,1,2356656

6887,199,83,-81,-701,-16411,568,-713,4647,-1673,bf20f49c,3f19c977,be82f978,3ed83e5a,bf20f49c,3f19c975,be82f979,3ed83e5b,1,2365175

6888,188,94,-88,-740,-16408,570,-713,4647,-1673,bf20d108,3f19b239,be838d59,3ed8907d,bf20d108,3f19b238,be838d5b,3ed8907f,1,2373193

6889,180,99,-83,-793,-16388,551,-679,4667,-1802,bf20c5e4,3f197871,be84095b,3ed909e3,bf20c5e4,3f197871,be84095e,3ed909e6,1,2381711

6890,169,110,-58,-826,-16360,569,-677,4663,-1628,bf2099ff,3f1965e6,be849caf,3ed96668,bf2099ff,3f1965e5,be849cb2,3ed9666b,1,2390230

6891,166,129,-7,-787,-16387,606,-671,4667,-1682,bf207688,3f19467f,be85156f,3ed9ddd8,bf207689,3f19467e,be851573,3ed9dddc,1,2398748

6892,185,144,35,-700,-16389,565,-671,4667,-1682,bf204a68,3f1930c8,be857ced,3eda5d67,bf204a67,3f1930c6,be857cf0,3eda5d6a,1,2407267

6893,186,150,26,-700,-16379,619,-685,4681,-1718,bf202b2b,3f190f34,be85e856,3edad560,bf202b2b,3f190f33,be85e85a,3edad564,1,2415785

6894,195,146,10,-722,-16391,604,-755,4711,-1787,bf2021ab,3f18e546,be867d02,3edb0b3d,bf2021aa,3f18e545,be867d05,3edb0b40,1,2424304

6895,195,137,0,-692,-16434,596,-755,4711,-1787,bf20143a,3f18bdf2,be87088a,3edb4a6d,bf201439,3f18bdf1,be87088d,3edb4a70,1,2432823

6896,198,140,-29,-696,-16432,557,-703,4733,-1721,bf1ff282,3f18a78e,be878b46,3edb9a7a,bf1ff281,3f18a78d,be878b49,3edb9a7e,1,2441341

6897,181,126,-47,-712,-16396,560,-675,4667,-1697,bf1fc9d8,3f188bce,be87f61b,3edc1bd4,bf1fc9d7,3f188bcd,be87f61e,3edc1bd7,1,2449860

6898,158,119,-59,-725,-16405,548,-675,4667,-1697,bf1fa2c5,3f186e81,be8865d9,3edc9929,bf1fa2c6,3f186e81,be8865dd,3edc992d,1,2458379

6899,139,122,-62,-742,-16412,574,-711,4685,-1752,bf1f8de2,3f18443b,be88e3bc,3edcfc50,bf1f8de3,3f18443b,be88e3c0,3edcfc54,1,2466897

6900,139,130,-50,-780,-16417,569,-701,4709,-1666,bf1f697a,3f182dd0,be89728a,3edd4a82,bf1f697a,3f182dce,be89728d,3edd4a84,1,2475416

6901,131,136,-35,-755,-16408,557,-701,4709,-1666,bf1f437a,3f181873,be89f88a,3edd9f3d,bf1f437a,3f181872,be89f88e,3edd9f40,1,2483434

6902,106,135,-31,-756,-16398,559,-717,4657,-1755,bf1f2ef7,3f17ea38,be8a672e,3ede13e3,bf1f2ef7,3f17ea37,be8a6732,3ede13e5,1,2491952

6903,95,126,-19,-738,-16355,603,-669,4671,-1756,bf1f1692,3f17b5c9,be8abc11,3edeb400,bf1f1692,3f17b5c9,be8abc16,3edeb403,1,2500471

6904,105,130,6,-764,-16387,597,-711,4627,-1765,bf1f014a,3f17819a,be8b1cf6,3edf4249,bf1f014a,3f17819a,be8b1cfb,3edf424c,1,2508990

6905,110,141,29,-734,-16375,658,-711,4627,-1765,bf1eec36,3f174b93,be8b7350,3edfdaca,bf1eec35,3f174b92,be8b7354,3edfdacc,1,2517508

6906,143,149,29,-724,-16362,678,-687,4691,-1721,bf1ecc0b,3f1725fe,be8bd9f7,3ee05b7a,bf1ecc0a,3f1725fd,be8bd9fb,3ee05b7d,1,2526027

6907,183,145,21,-718,-16385,657,-691,4661,-1770,bf1eb08c,3f16f749,be8c3750,3ee0eca1,bf1eb08c,3f16f749,be8c3755,3ee0eca5,1,2534545

6908,217,144,0,-683,-16425,578,-691,4661,-1770,bf1e8c2e,3f16d4ea,be8c9ab4,3ee1713d,bf1e8c2e,3f16d4e9,be8c9ab8,3ee17142,1,2543064

6909,228,157,-32,-703,-16395,594,-653,4679,-1741,bf1e6203,3f16b58a,be8cfe90,3ee1fd3b,bf1e6202,3f16b588,be8cfe93,3ee1fd3f,1,2551583

6910,220,135,-49,-735,-16389,571,-693,4679,-1729,bf1e3b0d,3f169ad5,be8d82d0,3ee25edc,bf1e3b0d,3f169ad4,be8d82d4,3ee25ee2,1,2560101

6911,221,127,-49,-693,-16387,608,-693,4679,-1729,bf1e1439,3f167d72,be8dfd40,3ee2ccc2,bf1e1439,3f167d71,be8dfd44,3ee2ccc8,1,2568620

6912,212,118,-66,-737,-16388,581,-685,4647,-1726,bf1dec52,3f165c81,be8e7750,3ee346b2,bf1dec51,3f165c7f,be8e7753,3ee346b7,1,2577138

6913,206,127,-71,-759,-16417,582,-657,4647,-1620,bf1db297,3f164cf4,be8ef8e0,3ee3beae,bf1db297,3f164cf2,be8ef8e4,3ee3beb4,1,2585156

6914,194,136,-60,-788,-16406,575,-657,4647,-1620,bf1d7b73,3f163ae4,be8f7d7d,3ee43372,bf1d7b73,3f163ae2,be8f7d80,3ee43378,1,2593674

6915,199,130,-43,-789,-16414,557,-659,4709,-1697,bf1d51e8,3f161eb1,be9007f2,3ee498fc,bf1d51e8,3f161eb0,be9007f5,3ee49903,1,2602193

6916,187,138,0,-806,-16388,571,-713,4655,-1751,bf1d36b9,3f15f47b,be908f3c,3ee4fd23,bf1d36b9,3f15f479,be908f3f,3ee4fd2a,1,2610712

6917,170,154,30,-792,-16387,582,-651,4651,-1708,bf1d0c17,3f15cf09,be90f6cc,3ee59288,bf1d0c17,3f15cf07,be90f6cf,3ee5928f,1,2619230

6918,178,174,47,-771,-16376,614,-651,4651,-1708,bf1ce1d9,3f15a920,be91584c,3ee62b1d,bf1ce1d9,3f15a91e,be91584f,3ee62b24,1,2627749

6919,193,189,59,-759,-16386,592,-655,4601,-1730,bf1cb70d,3f157f21,be91ab3f,3ee6d837,bf1cb70c,3f157f1e,be91ab41,3ee6d83d,1,2636267

6920,194,199,65,-738,-16387,607,-679,4635,-1744,bf1c9290,3f155774,be920dbc,3ee76394,bf1c9290,3f155771,be920dbe,3ee7639a,1,2644786

6921,187,190,61,-703,-16420,536,-679,4635,-1744,bf1c6800,3f15380b,be9271a7,3ee7e876,bf1c6800,3f153809,be9271a8,3ee7e87c,1,2653304

6922,162,176,43,-662,-16383,572,-691,4627,-1711,bf1c3b08,3f151c24,be92d849,3ee86879,bf1c3b07,3f151c21,be92d84a,3ee8687e,1,2661823

6923,142,147,11,-618,-16389,630,-643,4591,-1707,bf1c0998,3f14f3a2,be931d6f,3ee9292d,bf1c0997,3f14f3a1,be931d70,3ee92932,1,2670342

6924,147,114,-38,-614,-16399,602,-643,4591,-1707,bf1bd78a,3f14cc5e,be9372fe,3ee9dd0c,bf1bd789,3f14cc5d,be937300,3ee9dd12,1,2678359

6925,151,69,-106,-698,-16383,647,-623,4635,-1739,bf1bb2be,3f149480,be93e22a,3eea86bb,bf1bb2bd,3f14947f,be93e22c,3eea86c1,1,2686878

6926,174,46,-132,-744,-16379,614,-693,4649,-1754,bf1b97cb,3f14622f,be94839f,3eeae799,bf1b97cb,3f14622e,be9483a1,3eeae79e,1,2695397

6927,179,41,-139,-767,-16388,580,-693,4649,-1754,bf1b7a7c,3f143260,be952943,3eeb44ed,bf1b7a7a,3f14325e,be952944,3eeb44f0,1,2703915

6928,162,43,-130,-831,-16378,586,-703,4613,-1767,bf1b624a,3f13f92d,be95ccb7,3eebacef,bf1b6248,3f13f92b,be95ccb8,3eebacf2,1,2712434

6929,148,44,-97,-798,-16365,609,-659,4677,-1671,bf1b3589,3f13d626,be966cf6,3eec14a9,bf1b3587,3f13d625,be966cf7,3eec14ad,1,2720952

6930,175,55,-81,-822,-16386,584,-699,4595,-1700,bf1b0c1a,3f13ad4e,be970832,3eec8497,bf1b0c19,3f13ad4e,be970834,3eec849d,1,2729471

6931,190,87,-60,-847,-16380,598,-699,4595,-1700,bf1ae39a,3f138406,be97a111,3eecf3e2,bf1ae397,3f138404,be97a112,3eecf3e4,1,2737990

6932,194,118,-42,-809,-16394,591,-631,4653,-1756,bf1abc33,3f135107,be981806,3eed8d53,bf1abc31,3f135107,be981809,3eed8d57,1,2746508

6933,200,139,-31,-859,-16379,563,-717,4667,-1740,bf1a9c7e,3f132c55,be98c128,3eedce53,bf1a9c7d,3f132c56,be98c12b,3eedce58,1,2755027

6934,201,168,-2,-838,-16391,547,-717,4667,-1740,bf1a79b6,3f130b51,be995d40,3eee15ef,bf1a79b4,3f130b52,be995d43,3eee15f4,1,2763545

6935,181,175,39,-774,-16361,584,-669,4663,-1611,bf1a3d32,3f12fd41,be99e082,3eee80ce,bf1a3d30,3f12fd42,be99e085,3eee80d3,1,2772064

6936,178,167,45,-740,-16381,615,-625,4661,-1695,bf1a085d,3f12d8cb,be9a3f7e,3eef25aa,bf1a085a,3f12d8cb,be9a3f80,3eef25ae,1,2780583

6937,195,161,24,-756,-16390,615,-625,4661,-1695,bf19d49f,3f12b382,be9aa8ff,3eefc20c,bf19d49e,3f12b384,be9aa902,3eefc213,1,2788600

6938,205,146,15,-777,-16426,575,-667,4599,-1654,bf199b6a,3f12977e,be9b2623,3ef0484c,bf199b68,3f12977f,be9b2626,3ef04851,1,2797119

6939,198,136,10,-812,-16447,555,-709,4681,-1704,bf197376,3f12794a,be9bc823,3ef08f3a,bf197374,3f12794b,be9bc825,3ef08f3f,1,2805637

6940,175,122,24,-766,-16429,517,-709,4681,-1704,bf194784,3f125dde,be9c5f9c,3ef0dfbb,bf194783,3f125ddf,be9c5f9e,3ef0dfbf,1,2814156

6941,137,126,27,-784,-16378,544,-629,4667,-1671,bf1911f5,3f123abd,be9cd60c,3ef17027,bf1911f4,3f123abd,be9cd60e,3ef1702b,1,2822674

6942,110,126,28,-786,-16424,565,-689,4709,-1668,bf18e712,3f121c62,be9d6a71,3ef1c5b9,bf18e710,3f121c62,be9d6a72,3ef1c5bc,1,2831193

6943,86,132,40,-790,-16404,583,-667,4709,-1628,bf18b687,3f11ffba,be9df58c,3ef22ae1,bf18b685,3f11ffba,be9df58d,3ef22ae4,1,2839712

6944,84,148,54,-815,-16384,606,-667,4709,-1628,bf1888ba,3f11dfb6,be9e7f61,3ef29167,bf1888b7,3f11dfb5,be9e7f61,3ef29169,1,2848230

6945,89,148,73,-799,-16389,613,-665,4691,-1744,bf1869ff,3f11a729,be9eee6b,3ef31dc4,bf1869fd,3f11a729,be9eee6e,3ef31dc7,1,2856749

6946,94,151,99,-730,-16387,649,-697,4639,-1700,bf1841d2,3f117981,be9f558b,3ef3ac24,bf1841cf,3f117981,be9f558d,3ef3ac26,1,2865268

6947,100,141,100,-732,-16372,623,-697,4639,-1700,bf181774,3f114e76,be9fc244,3ef4355d,bf181772,3f114e77,be9fc248,3ef43561,1,2873786

6948,111,146,91,-718,-16358,664,-687,4619,-1711,bf17ee1a,3f111c3b,bea02227,3ef4d4cc,bf17ee17,3f111c3b,bea0222a,3ef4d4ce,1,2882305

6949,138,161,74,-700,-16377,654,-697,4633,-1673,bf17bea8,3f10f811,bea09295,3ef5566b,bf17bea6,3f10f812,bea09299,3ef5566f,1,2890823

6950,148,161,50,-702,-16367,696,-697,4633,-1673,bf17923d,3f10cf8e,bea104f1,3ef5d8d8,bf17923b,3f10cf8f,bea104f5,3ef5d8dc,1,2898841

6951,175,139,32,-688,-16383,670,-687,4671,-1735,bf176c70,3f109f22,bea178f5,3ef65bd3,bf176c6d,3f109f22,bea178f8,3ef65bd6,1,2907360

6952,216,126,1,-715,-16387,632,-645,4667,-1735,bf173f39,3f106e15,bea1eb5c,3ef6f2c3,bf173f36,3f106e15,bea1eb5f,3ef6f2c6,1,2915878

6953,217,117,-17,-750,-16393,588,-645,4667,-1735,bf17117c,3f103ef6,bea26b71,3ef77ca4,bf17117a,3f103ef7,bea26b74,3ef77ca8,1,2924397

6954,206,115,-15,-775,-16390,599,-633,4619,-1784,bf16e9de,3f0ffc86,bea2d5c7,3ef831ee,bf16e9dc,3f0ffc87,bea2d5ca,3ef831f2,1,2932916

6955,185,113,-8,-751,-16389,596,-651,4617,-1702,bf16b5dc,3f0fd050,bea352c4,3ef8c496,bf16b5d9,3f0fd051,bea352c6,3ef8c499,1,2941434

6956,177,125,1,-766,-16389,582,-659,4631,-1701,bf1683c2,3f0fa6ad,bea3d822,3ef9464f,bf1683bf,3f0fa6ae,bea3d825,3ef94652,1,2949953

6957,167,140,12,-775,-16395,574,-659,4631,-1701,bf165229,3f0f7d49,bea45c86,3ef9c618,bf165226,3f0f7d4a,bea45c8a,3ef9c61b,1,2958471

6958,164,139,39,-778,-16390,596,-727,4653,-1799,bf16391d,3f0f442f,bea4edb4,3efa25b7,bf163919,3f0f442f,bea4edb8,3efa25b9,1,2966990

6959,156,147,55,-722,-16395,606,-633,4607,-1705,bf160066,3f0f16ef,bea5509b,3efad3ee,bf160063,3f0f16f0,bea550a0,3efad3f1,1,2975508

6960,144,151,54,-709,-16378,641,-633,4607,-1705,bf15c9e7,3f0ee6ca,bea5b1ad,3efb83b3,bf15c9e3,3f0ee6ca,bea5b1b1,3efb83b4,1,2984027

6961,151,148,44,-698,-16390,632,-707,4697,-1783,bf15aab1,3f0eb5a8,bea63b1f,3efbe2d7,bf15aaae,3f0eb5aa,bea63b24,3efbe2da,1,2992546

6962,165,149,27,-715,-16376,645,-659,4657,-1667,bf157475,3f0e92fa,bea6bd85,3efc5be9,bf157472,3f0e92fb,bea6bd8a,3efc5bec,1,3000563

6963,166,146,10,-726,-16364,648,-659,4657,-1667,bf153ff5,3f0e6e02,bea743c3,3efcd2bc,bf153ff2,3f0e6e02,bea743c8,3efcd2bf,1,3009082

6964,176,131,-1,-739,-16347,651,-665,4687,-1706,bf151371,3f0e4239,bea7d210,3efd4004,bf15136f,3f0e4239,bea7d215,3efd4007,1,3017601

6965,196,149,1,-737,-16358,649,-653,4651,-1693,bf14e10f,3f0e16f1,bea854b4,3efdc0ec,bf14e10d,3f0e16f1,bea854b8,3efdc0ee,1,3026120

6966,208,152,14,-762,-16405,588,-653,4651,-1693,bf14db78,3f0e1452,bea862df,3efdca86,bf14db76,3f0e1452,bea862e3,3efdca89,1,3034639

6967,196,145,28,-707,-16400,627,-665,4651,-1748,bf14d67d,3f0e101e,bea86dca,3efdd85a,bf14d67b,3f0e101e,bea86dce,3efdd85d,1,3043157

6968,184,142,23,-654,-16396,618,-683,4589,-1754,bf14d1e5,3f0e0aef,bea876c7,3efde8c2,bf14d1e3,3f0e0aef,bea876cb,3efde8c5,1,3051676

6969,185,123,-9,-668,-16395,605,-683,4589,-1754,bf14ce11,3f0e042d,bea88510,3efdf761,bf14ce0e,3f0e042c,bea88513,3efdf763,1,3060194

6970,181,103,-54,-715,-16385,614,-661,4599,-1742,bf14cba0,3f0dfaf8,bea89986,3efe041d,bf14cb9d,3f0dfaf7,bea89988,3efe041f,1,3068713

6971,179,99,-66,-742,-16407,601,-645,4631,-1682,bf14c8da,3f0df281,bea8b0fa,3efe0df8,bf14c8d8,3f0df281,bea8b0fd,3efe0dfc,1,3077231

6972,175,104,-69,-772,-16389,618,-637,4591,-1669,bf14c644,3f0de98b,bea8c746,3efe193e,bf14c641,3f0de98a,bea8c748,3efe1940,1,3085750

6973,178,123,-60,-756,-16430,568,-637,4591,-1669,bf14c356,3f0de24f,bea8db29,3efe230b,bf14c354,3f0de24f,bea8db2c,3efe230f,1,3093768

6974,156,143,-56,-822,-16394,613,-661,4601,-1718,bf14c358,3f0dd988,bea8ebcc,3efe2b94,bf14c355,3f0dd987,bea8ebce,3efe2b96,1,3102286

6975,135,146,-37,-774,-16368,581,-667,4629,-1693,bf14c310,3f0dd1b2,bea8f942,3efe34c5,bf14c30e,3f0dd1b2,bea8f944,3efe34c8,1,3110805

6976,136,157,-8,-796,-16386,593,-667,4629,-1693,bf14c1f6,3f0dcaff,bea90340,3efe3fa8,bf14c1f4,3f0dcaff,bea90342,3efe3fab,1,3119323

6977,121,174,19,-785,-16388,644,-625,4647,-1690,bf14c0a2,3f0dc47a,bea9064b,3efe4f46,bf14c0a0,3f0dc47a,bea9064d,3efe4f49,1,3127842

6978,117,163,46,-757,-16389,654,-639,4625,-1656,bf14bd93,3f0dbebd,bea907a4,3efe6256,bf14bd91,3f0dbebd,bea907a6,3efe6259,1,3136361

6979,124,153,64,-793,-16382,649,-639,4625,-1656,bf14b94e,3f0db94e,bea9098b,3efe772a,bf14b94b,3f0db94d,bea9098d,3efe772c,1,3144879

6980,121,147,92,-740,-16356,674,-675,4597,-1700,bf14b48f,3f0db395,bea9082c,3efe8fec,bf14b48c,3f0db394,bea9082e,3efe8fef,1,3153398

6981,140,140,104,-719,-16381,656,-591,4647,-1659,bf14accd,3f0daf86,bea906d6,3efeabf5,bf14accb,3f0daf86,bea906d9,3efeabf9,1,3161916

6982,146,136,91,-678,-16360,675,-591,4647,-1659,bf14a51d,3f0dab47,bea906f9,3efec744,bf14a51a,3f0dab46,bea906fb,3efec747,1,3170435

6983,160,125,70,-645,-16389,667,-681,4623,-1671,bf149e33,3f0da756,bea90d3b,3efedc00,bf149e31,3f0da756,bea90d3f,3efedc05,1,3178953

6984,182,116,36,-717,-16358,648,-623,4613,-1758,bf14982b,3f0da08e,bea916fb,3efef2af,bf149828,3f0da08d,bea916fe,3efef2b2,1,3187472

6985,197,122,11,-697,-16391,653,-677,4597,-1676,bf149200,3f0d9c35,bea9265f,3eff0080,bf1491fd,3f0d9c34,bea92662,3eff0083,1,3195990

6986,195,108,-2,-715,-16386,622,-677,4597,-1676,bf148c07,3f0d96f9,bea938ac,3eff0de5,bf148c05,3f0d96fa,bea938b1,3eff0dea,1,3204008

6987,189,110,-13,-730,-16368,605,-609,4607,-1725,bf1486bd,3f0d8fc7,bea948c2,3eff1f83,bf1486ba,3f0d8fc8,bea948c7,3eff1f87,1,3212527

6988,174,121,-11,-697,-16389,661,-607,4605,-1773,bf14831c,3f0d86f6,bea95448,3eff33e9,bf148318,3f0d86f6,bea9544c,3eff33ec,1,3221045

6989,179,119,-29,-736,-16388,660,-607,4605,-1773,bf14801e,3f0d7d9e,bea962c8,3eff45f5,bf14801a,3f0d7d9f,bea962cd,3eff45f9,1,3229564

6990,184,115,-31,-757,-16338,671,-643,4617,-1601,bf147b47,3f0d77df,bea976ef,3eff5091,bf147b43,3f0d77e0,bea976f4,3eff5095,1,3238082

6991,214,126,-7,-747,-16378,637,-647,4605,-1730,bf1475b6,3f0d72a5,bea98830,3eff5da6,bf1475b1,3f0d72a6,bea98834,3eff5da9,1,3246601

6992,219,127,6,-756,-16381,611,-647,4605,-1730,bf146f4e,3f0d6e3f,bea998e2,3eff6b34,bf146f49,3f0d6e40,bea998e6,3eff6b37,1,3255119

6993,213,142,12,-717,-16388,650,-641,4623,-1691,bf1468d8,3f0d6b13,bea9a6fd,3eff77e0,bf1468d3,3f0d6b14,bea9a701,3eff77e3,1,3263638

6994,217,140,9,-698,-16383,664,-621,4671,-1666,bf1461f6,3f0d6885,bea9b642,3eff8360,bf1461f1,3f0d6886,bea9b646,3eff8363,1,3272157

6995,224,130,-11,-715,-16387,624,-621,4671,-1666,bf145b3a,3f0d658f,bea9c97c,3eff8ccf,bf145b34,3f0d6590,bea9c97f,3eff8cd1,1,3280675

6996,229,122,-22,-717,-16411,620,-627,4581,-1713,bf1454aa,3f0d60b2,bea9dc74,3eff9a31,bf1454a5,3f0d60b4,bea9dc78,3eff9a34,1,3289194

6997,216,100,-30,-718,-16391,619,-583,4657,-1678,bf144de6,3f0d5ae7,bea9f20f,3effa858,bf144de2,3f0d5aea,bea9f213,3effa85c,1,3297713

6998,208,93,-47,-745,-16387,596,-625,4597,-1765,bf14495d,3f0d5220,beaa0854,3effb777,bf144959,3f0d5222,beaa0858,3effb77a,1,3305730

6999,195,91,-42,-757,-16407,571,-625,4597,-1765,bf144513,3f0d48f5,beaa1d99,3effc78d,bf14450f,3f0d48f7,beaa1d9d,3effc790,1,3314249

7000,176,93,-28,-807,-16389,576,-597,4645,-1676,bf144025,3f0d40f8,beaa3229,3effd6f0,bf144021,3f0d40fa,beaa322d,3effd6f2,1,3322768

7001,163,112,-9,-767,-16388,644,-635,4633,-1727,bf143cb3,3f0d3890,beaa4108,3effe79b,bf143caf,3f0d3892,beaa410c,3effe79d,1,3331286

7002,164,121,13,-777,-16387,609,-635,4633,-1727,bf143863,3f0d3179,beaa4d7e,3efff8f1,bf14385f,3f0d317b,beaa4d82,3efff8f3,1,3339805

7003,159,131,45,-761,-16389,614,-633,4583,-1686,bf14325b,3f0d2be9,beaa54de,3f000722,bf143257,3f0d2beb,beaa54e2,3f000723,1,3348323

7004,153,133,65,-743,-16360,664,-617,4615,-1704,bf142c31,3f0d261a,beaa58f7,3f00134d,bf142c2d,3f0d261c,beaa58fa,3f00134e,1,3356842

7005,163,123,73,-699,-16374,661,-617,4615,-1704,bf1424b7,3f0d20de,beaa5d8d,3f002032,bf1424b3,3f0d20df,beaa5d90,3f002033,1,3365360

7006,175,118,59,-693,-16388,629,-609,4581,-1686,bf141c74,3f0d1bf2,beaa6486,3f002cd9,bf141c71,3f0d1bf4,beaa6489,3f002cdb,1,3373879

7007,180,108,26,-736,-16386,640,-639,4627,-1755,bf1416dc,3f0d14d6,beaa7166,3f0036db,bf1416d9,3f0d14d8,beaa7168,3f0036dc,1,3382397

7008,195,109,20,-693,-16400,631,-639,4627,-1755,bf141093,3f0d0eaa,beaa7f65,3f004041,bf141090,3f0d0eac,beaa7f67,3f004042,1,3390916

7009,202,104,7,-752,-16379,640,-611,4571,-1703,bf140963,3f0d0837,beaa8f59,3f004a55,bf140960,3f0d0839,beaa8f5a,3f004a56,1,3399435

7010,208,100,5,-730,-16399,608,-621,4653,-1766,bf140304,3f0d01b5,beaaa14f,3f0052de,bf140301,3f0d01b7,beaaa150,3f0052df,1,3407453

7011,200,88,8,-756,-16385,615,-631,4599,-1743,bf13fc40,3f0cfa4e,beaab364,3f005ccb,bf13fc3d,3f0cfa4f,beaab364,3f005ccc,1,3415971

7012,193,94,29,-769,-16370,604,-631,4599,-1743,bf13f51b,3f0cf36c,beaac2ab,3f006781,bf13f518,3f0cf36d,beaac2ab,3f006782,1,3424490

7013,181,102,51,-739,-16412,534,-569,4539,-1686,bf13eb86,3f0cedcc,beaacc0b,3f007598,bf13eb84,3f0cedce,beaacc0b,3f00759a,1,3433008

7014,149,114,48,-774,-16380,623,-591,4591,-1778,bf13e645,3f0ce4bb,beaad1c9,3f0083b0,bf13e642,3f0ce4bd,beaad1c8,3f0083b2,1,3441527

7015,143,125,62,-682,-16431,637,-591,4591,-1778,bf13e090,3f0cdcae,beaad319,3f0092a2,bf13e08d,3f0cdcb0,beaad318,3f0092a4,1,3450045

7016,149,111,62,-689,-16376,665,-563,4559,-1783,bf13d9ef,3f0cd35a,beaad487,3f00a3fe,bf13d9eb,3f0cd35c,beaad485,3f00a400,1,3458564

7017,160,102,27,-670,-16393,641,-607,4549,-1678,bf13d2e7,3f0ccc26,beaade68,3f00b0b0,bf13d2e2,3f0ccc28,beaade65,3f00b0b1,1,3467083

7018,165,76,-1,-769,-16333,628,-607,4549,-1678,bf13cc86,3f0cc2e1,beaaef8b,3f00bc74,bf13cc82,3f0cc2e4,beaaef89,3f00bc76,1,3475601

7019,176,77,1,-718,-16388,617,-595,4577,-1675,bf13c53e,3f0cbad0,beab00e5,3f00c7de,bf13c53a,3f0cbad3,beab00e3,3f00c7e0,1,3484120

7020,188,79,0,-730,-16388,611,-619,4577,-1714,bf13be4a,3f0cb2d8,beab137b,3f00d261,bf13be46,3f0cb2db,beab1379,3f00d263,1,3492638

7021,186,99,-7,-796,-16380,601,-619,4577,-1714,bf13b890,3f0cab2c,beab25bd,3f00db44,bf13b88b,3f0cab2e,beab25ba,3f00db46,1,3501157

7022,185,107,14,-728,-16387,551,-597,4577,-1753,bf13b1de,3f0ca42c,beab3318,3f00e623,bf13b1da,3f0ca42f,beab3315,3f00e625,1,3509676

7023,165,105,21,-719,-16386,581,-571,4581,-1751,bf13ab86,3f0c9bf2,beab3d48,3f00f2ff,bf13ab82,3f0c9bf5,beab3d45,3f00f301,1,3517693

7024,131,102,15,-730,-16385,653,-569,4575,-1771,bf13a788,3f0c908e,beab4478,3f010199,bf13a785,3f0c9091,beab4476,3f01019c,1,3526212

7025,144,99,13,-753,-16363,671,-569,4575,-1771,bf13a322,3f0c8559,beab4d8f,3f010fd2,bf13a31e,3f0c855b,beab4d8c,3f010fd4,1,3534730

7026,173,95,26,-771,-16297,624,-581,4629,-1708,bf139c36,3f0c7e00,beab5bd0,3f011b03,bf139c32,3f0c7e02,beab5bcd,3f011b05,1,3543249

7027,188,92,64,-735,-16331,677,-549,4565,-1647,bf139181,3f0c786c,beab660a,3f0129ec,bf13917d,3f0c786e,beab6607,3f0129ee,1,3551768

7028,211,80,64,-655,-16355,667,-549,4565,-1647,bf1384fe,3f0c73f2,beab7253,3f0138fe,bf1384fb,3f0c73f5,beab7252,3f013900,1,3560286

7029,236,85,25,-675,-16415,622,-563,4553,-1763,bf137a7f,3f0c6dd2,beab826c,3f01464b,bf137a7c,3f0c6dd5,beab826b,3f01464d,1,3568805

7030,232,94,-3,-733,-16399,614,-535,4533,-1726,bf1370f7,3f0c6733,beab947f,3f01525c,bf1370f4,3f0c6735,beab947d,3f01525e,1,3577323

7031,217,87,-11,-744,-16392,565,-535,4533,-1726,bf13681b,3f0c5fb1,beaba754,3f015e5a,bf136818,3f0c5fb3,beaba753,3f015e5d,1,3585842

7032,190,80,-12,-792,-16401,573,-599,4559,-1712,bf13615c,3f0c5753,beabbc08,3f016842,bf136157,3f0c5753,beabbc05,3f016843,1,3594360

7033,171,86,2,-760,-16408,559,-587,4515,-1773,bf135b36,3f0c4d29,beabca5b,3f017583,bf135b33,3f0c4d2b,beabca5a,3f017586,1,3602879

7034,141,91,18,-770,-16364,590,-587,4515,-1773,bf13561f,3f0c41de,beabd427,3f01844b,bf13561c,3f0c41e0,beabd426,3f01844e,1,3610897

7035,132,92,29,-728,-16379,616,-539,4571,-1674,bf134f69,3f0c38a9,beabdd00,3f0192f8,bf134f65,3f0c38a9,beabdcfd,3f0192fa,1,3619415

7036,126,80,46,-726,-16343,612,-565,4525,-1663,bf1347cb,3f0c2f3f,beabe50a,3f01a324,bf1347c8,3f0c2f3f,beabe508,3f01a326,1,3627934

7037,123,80,49,-707,-16385,636,-539,4541,-1719,bf13409d,3f0c2485,beabeaaa,3f01b503,bf13409b,3f0c2486,beabeaaa,3f01b506,1,3636452

7038,129,90,35,-699,-16393,611,-539,4541,-1719,bf1339e0,3f0c1a6d,beabf158,3f01c55b,bf1339de,3f0c1a6e,beabf158,3f01c55d,1,3644971

7039,134,96,7,-715,-16388,657,-563,4555,-1725,bf1334fe,3f0c0fcb,beabfb4c,3f01d313,bf1334fc,3f0c0fcc,beabfb4c,3f01d315,1,3653489

7040,147,91,-13,-794,-16399,622,-547,4551,-1697,bf132fdf,3f0c0552,beac0a3e,3f01df38,bf132fdd,3f0c0553,beac0a3e,3f01df3a,1,3662008

7041,145,101,-16,-776,-16377,638,-547,4551,-1697,bf132b3b,3f0bfb11,beac17fa,3f01eafd,bf132b39,3f0bfb12,beac17f9,3f01eafe,1,3670527

7042,141,109,5,-746,-16344,624,-573,4535,-1744,bf1326ad,3f0bf0f9,beac21e1,3f01f7ba,bf1326ac,3f0bf0fb,beac21e1,3f01f7bc,1,3679045

7043,137,105,10,-742,-16332,679,-533,4473,-1682,bf132095,3f0be69a,beac29c6,3f02072e,bf132093,3f0be69b,beac29c4,3f02072f,1,3687564

7044,150,110,11,-734,-16360,638,-533,4473,-1682,bf1319c1,3f0bdd8d,beac3280,3f0215c2,bf1319bf,3f0bdd8e,beac327e,3f0215c3,1,3696082

7045,171,108,0,-756,-16358,663,-545,4523,-1714,bf131368,3f0bd4b2,beac3f23,3f022242,bf131367,3f0bd4b4,beac3f23,3f022244,1,3704601

7046,185,101,0,-709,-16329,658,-483,4543,-1714,bf130b5e,3f0bcc23,beac4bc8,3f02305b,bf130b5b,3f0bcc24,beac4bc6,3f02305c,1,3713120

7047,195,96,-9,-698,-16357,671,-483,4543,-1714,bf13031a,3f0bc391,beac5a5e,3f023e0f,bf130317,3f0bc392,beac5a5d,3f023e11,1,3721138

7048,219,87,-33,-745,-16362,622,-529,4533,-1720,bf12fb10,3f0bbb7c,beac702b,3f024897,bf12fb0d,3f0bbb7e,beac702b,3f02489a,1,3729656

7049,222,78,-36,-764,-16379,643,-549,4525,-1746,bf12f372,3f0bb25b,beac875d,3f02534a,bf12f370,3f0bb25e,beac875f,3f02534d,1,3738175

7050,230,64,-25,-763,-16381,621,-549,4529,-1726,bf12ea42,3f0ba9fe,beaca03b,3f025e61,bf12ea3f,3f0baa01,beaca03c,3f025e64,1,3746693

7051,222,46,-15,-744,-16391,590,-549,4529,-1726,bf12e042,3f0ba120,beacb92d,3f026ae2,bf12e03e,3f0ba122,beacb92c,3f026ae4,1,3755212

7052,206,57,-29,-764,-16425,611,-509,4567,-1662,bf12d724,3f0b9873,beacd1f3,3f02763c,bf12d720,3f0b9875,beacd1f2,3f02763e,1,3763730

7053,193,82,-42,-810,-16400,583,-561,4553,-1727,bf12d13b,3f0b8ef6,beace951,3f027f4d,bf12d136,3f0b8ef7,beace950,3f027f4e,1,3772249

7054,177,93,-34,-833,-16395,558,-561,4553,-1727,bf12cc02,3f0b857f,beacfe0b,3f02886d,bf12cbfd,3f0b8581,beacfe0c,3f02886f,1,3780768

7055,150,110,-5,-841,-16385,571,-545,4517,-1696,bf12c692,3f0b7c4a,bead0b8f,3f0293e5,bf12c68e,3f0b7c4d,bead0b91,3f0293e7,1,3789286

7056,124,127,37,-854,-16384,556,-573,4509,-1714,bf12c17d,3f0b73ab,bead1203,3f02a0ad,bf12c179,3f0b73ae,bead1204,3f02a0ae,1,3797805

7057,100,145,73,-806,-16379,610,-573,4509,-1714,bf12bc78,3f0b6b80,bead104c,3f02af98,bf12bc75,3f0b6b82,bead104e,3f02af9a,1,3806323

7058,83,149,90,-740,-16374,624,-503,4515,-1777,bf12b74c,3f0b617e,bead071a,3f02c31f,bf12b749,3f0b617f,bead071a,3f02c320,1,3814842

7059,84,158,87,-736,-16343,676,-507,4521,-1699,bf12b1d8,3f0b592f,beacfef7,3f02d4c7,bf12b1d5,3f0b5930,beacfef7,3f02d4c8,1,3822860

7060,102,156,84,-719,-16329,687,-507,4521,-1699,bf12ab9c,3f0b519b,beacf8ae,3f02e5e9,bf12ab99,3f0b519c,beacf8ae,3f02e5ea,1,3831378

7061,125,138,73,-721,-16317,706,-569,4535,-1720,bf12a575,3f0b4a2d,beacf8be,3f02f4b1,bf12a572,3f0b4a2d,beacf8be,3f02f4b2,1,3839897

7062,152,131,52,-720,-16370,666,-549,4505,-1733,bf129e4c,3f0b42d8,beacfcb1,3f030333,bf129e4a,3f0b42d9,beacfcb2,3f030335,1,3848416

7063,171,127,35,-732,-16321,672,-591,4505,-1769,bf1297fb,3f0b3b3d,bead0500,3f030f99,bf1297f9,3f0b3b3f,bead0501,3f030f9c,1,3856934

7064,188,127,22,-727,-16378,655,-591,4505,-1769,bf12914f,3f0b3453,bead1015,3f031abe,bf12914c,3f0b3454,bead1015,3f031ac0,1,3865453

7065,188,132,8,-715,-16387,645,-567,4503,-1697,bf128a17,3f0b2ea9,bead1c86,3f0324b8,bf128a14,3f0b2eab,bead1c87,3f0324ba,1,3873971

7066,182,118,-16,-739,-16386,605,-523,4479,-1789,bf128422,3f0b250f,bead2931,3f033162,bf12841e,3f0b2511,bead2931,3f033164,1,3882490

7067,174,111,-34,-763,-16327,661,-523,4479,-1789,bf127f86,3f0b1996,bead3777,3f033e00,bf127f81,3f0b1997,bead3776,3f033e01,1,3891008

7068,185,114,-32,-742,-16377,627,-589,4541,-1729,bf127a8b,3f0b11d4,bead4a93,3f034577,bf127a86,3f0b11d5,bead4a92,3f034578,1,3899527

7069,191,111,-35,-787,-16353,641,-531,4565,-1699,bf1274b7,3f0b0a08,bead5eb1,3f034d95,bf1274b3,3f0b0a0a,bead5eb1,3f034d97,1,3908046

7070,183,109,-25,-750,-16366,638,-531,4565,-1699,bf126e8e,3f0b0246,bead70d6,3f0356aa,bf126e8b,3f0b0248,bead70d6,3f0356ad,1,3916064

7071,192,118,-18,-747,-16403,642,-571,4511,-1720,bf126850,3f0afb0e,bead81d4,3f035faa,bf12684c,3f0afb0f,bead81d2,3f035fac,1,3924582

7072,197,120,-32,-767,-16364,652,-561,4529,-1668,bf12620f,3f0af497,bead958f,3f0366f4,bf12620b,3f0af498,bead958d,3f0366f6,1,3933101

7073,188,115,-42,-776,-16380,636,-561,4529,-1668,bf125c79,3f0aed48,beadaa22,3f036e1b,bf125c75,3f0aed49,beadaa20,3f036e1d,1,3941620

7074,190,107,-35,-768,-16312,668,-541,4529,-1737,bf1256e9,3f0ae423,beadbce6,3f0377c1,bf1256e6,3f0ae425,beadbce5,3f0377c3,1,3950138

7075,201,114,-33,-748,-16380,647,-597,4533,-1733,bf125165,3f0adcdf,beadd15d,3f037ed2,bf125162,3f0adce1,beadd15c,3f037ed4,1,3958657

7076,209,112,-46,-748,-16374,617,-555,4555,-1721,bf124b5b,3f0ad5d1,beade78a,3f0385a7,bf124b57,3f0ad5d3,beade789,3f0385a8,1,3967175

7077,200,101,-74,-656,-16381,615,-555,4555,-1721,bf124629,3f0acd8e,beadff1f,3f038c59,bf124626,3f0acd91,beadff1e,3f038c5b,1,3975694

7078,192,81,-122,-708,-16378,639,-557,4517,-1760,bf12436a,3f0ac116,beae1b68,3f039330,bf124367,3f0ac119,beae1b67,3f039332,1,3984212

7079,189,46,-175,-804,-16387,632,-561,4533,-1683,bf1241c2,3f0ab2bb,beae42e9,3f03971c,bf1241be,3f0ab2bd,beae42e6,3f03971d,1,3992731

7080,188,38,-173,-791,-16377,631,-561,4533,-1683,bf123fb5,3f0aa41e,beae6a92,3f039ba6,bf123fb1,3f0aa420,beae6a8f,3f039ba7,1,4001249

7081,176,28,-154,-810,-16360,584,-543,4573,-1782,bf123e18,3f0a9392,beae8f8b,3f03a29d,bf123e14,3f0a9394,beae8f89,3f03a29e,1,4009768

7082,151,15,-131,-774,-16312,544,-559,4555,-1706,bf123b14,3f0a83f2,beaeb289,3f03aacd,bf123b11,3f0a83f5,beaeb288,3f03aacf,1,4018287

7083,95,17,-69,-927,-16386,628,-559,4555,-1706,bf1238fe,3f0a7211,beaecc70,3f03b754,bf1238fa,3f0a7214,beaecc6e,3f03b756,1,4026304

7084,101,45,-41,-961,-16306,663,-499,4589,-1738,bf123662,3f0a611c,beaee072,3f03c567,bf12365e,3f0a611f,beaee070,3f03c569,1,4034823

7085,116,82,-8,-912,-16388,663,-527,4549,-1804,bf123352,3f0a523b,beaeed23,3f03d434,bf12334d,3f0a523d,beaeed20,3f03d436,1,4043342

7086,118,107,14,-865,-16333,719,-527,4549,-1804,bf122ff2,3f0a44ed,beaef46f,3f03e378,bf122fee,3f0a44f1,beaef46e,3f03e37b,1,4051860

7087,149,110,21,-831,-16381,683,-545,4573,-1773,bf122a82,3f0a3b2e,beaefef7,3f03f03a,bf122a7d,3f0a3b32,beaefef5,3f03f03c,1,4060379

7088,160,112,24,-861,-16362,664,-525,4539,-1777,bf122426,3f0a3190,beaf0956,3f03fde5,bf122421,3f0a3194,beaf0954,3f03fde8,1,4068898

7089,172,121,21,-856,-16366,679,-521,4563,-1830,bf121e75,3f0a27b6,beaf1362,3f040b2f,bf121e6f,3f0a27ba,beaf135f,3f040b32,1,4077416

7090,185,114,26,-829,-16384,643,-521,4563,-1830,bf121768,3f0a1edf,beaf1eb6,3f041878,bf121762,3f0a1ee3,beaf1eb3,3f04187b,1,4085935

7091,182,118,21,-816,-16360,651,-517,4539,-1773,bf120fe3,3f0a16f3,beaf2a2b,3f042544,bf120fdd,3f0a16f7,beaf2a28,3f042547,1,4094453

7092,181,117,24,-832,-16379,651,-579,4505,-1728,bf12085b,3f0a102a,beaf377f,3f043044,bf120855,3f0a102e,beaf377d,3f043047,1,4102972

7093,190,107,18,-808,-16381,655,-579,4505,-1728,bf120049,3f0a094d,beaf46c0,3f043b49,bf120044,3f0a0952,beaf46bf,3f043b4d,1,4111490

7094,191,115,2,-805,-16377,658,-533,4549,-1776,bf11f95d,3f0a0156,beaf557e,3f04465a,bf11f958,3f0a015b,beaf557d,3f04465e,1,4120009

7095,182,110,-10,-822,-16377,634,-535,4543,-1751,bf11f2e5,3f09f8fe,beaf65e9,3f0450c1,bf11f2df,3f09f902,beaf65e7,3f0450c4,1,4128528

7096,174,87,-9,-793,-16388,659,-535,4543,-1751,bf11ec09,3f09ef40,beaf771c,3f045cc5,bf11ec03,3f09ef44,beaf771a,3f045cc8,1,4136545

7097,165,69,-22,-854,-16334,689,-527,4529,-1718,bf11e583,3f09e3c6,beaf8b4c,3f04693a,bf11e57e,3f09e3cb,beaf8b4a,3f04693d,1,4145064

7098,195,93,-35,-854,-16368,654,-533,4541,-1754,bf11df42,3f09da2f,beafa101,3f0472e7,bf11df3d,3f09da34,beafa0ff,3f0472ea,1,4153582

7099,217,120,-23,-884,-16355,622,-533,4541,-1754,bf11d843,3f09d349,beafb5ab,3f047aee,bf11d83e,3f09d34e,beafb5a9,3f047af1,1,4162101

7100,213,137,-5,-896,-16338,639,-585,4569,-1691,bf11d162,3f09cf28,beafc9b8,3f048029,bf11d15c,3f09cf2c,beafc9b5,3f04802b,1,4170620

7101,199,144,20,-879,-16380,606,-591,4513,-1745,bf11ca5c,3f09ca4f,beafd7ce,3f048842,bf11ca56,3f09ca53,beafd7cb,3f048844,1,4179138

7102,184,163,38,-864,-16386,630,-565,4543,-1739,bf11c39b,3f09c61a,beafe0b7,3f04911b,bf11c395,3f09c61e,beafe0b4,3f04911d,1,4187657

7103,174,163,50,-883,-16350,668,-565,4543,-1739,bf11bd10,3f09c14e,beafe7bd,3f049af3,bf11bd0a,3f09c152,beafe7ba,3f049af5,1,4196175

7104,191,166,73,-848,-16385,650,-537,4515,-1755,bf11b43f,3f09bda5,beafebe8,3f04a70d,bf11b439,3f09bda9,beafebe5,3f04a70f,1,4204694

7105,187,165,85,-851,-16380,631,-545,4473,-1737,bf11aaa3,3f09ba4d,beafeebd,3f04b421,bf11aa9f,3f09ba52,beafeebc,3f04b424,1,4213213

7106,172,147,85,-823,-16386,628,-545,4473,-1737,bf11a110,3f09b5a3,beaff1b1,3f04c280,bf11a10c,3f09b5a7,beaff1b0,3f04c282,1,4221731

7107,164,147,74,-787,-16370,654,-553,4519,-1714,bf11986d,3f09b12c,beaff5d9,3f04cf37,bf119869,3f09b130,beaff5d8,3f04cf39,1,4230250

7108,170,146,68,-835,-16325,669,-563,4527,-1734,bf11907b,3f09ac25,beaffbff,3f04db1c,bf119077,3f09ac29,beaffbfe,3f04db1e,1,4238267

7109,184,142,62,-838,-16359,675,-563,4527,-1734,bf118816,3f09a764,beb0045b,3f04e677,bf118811,3f09a767,beb00458,3f04e678,1,4246786

7110,189,139,66,-826,-16376,631,-525,4525,-1664,bf117dc5,3f09a438,beb00d65,3f04f20a,bf117dc2,3f09a43d,beb00d63,3f04f20c,1,4255304

7111,199,141,49,-828,-16372,650,-539,4567,-1661,bf117450,3f09a173,beb019c4,3f04fb2b,bf11744c,3f09a177,beb019c0,3f04fb2c,1,4263823

7112,197,138,32,-786,-16373,620,-539,4567,-1661,bf116b4f,3f099e63,beb0276a,3f0503a9,bf116b4b,3f099e67,beb02766,3f0503aa,1,4272342

7113,186,144,14,-846,-16355,642,-565,4539,-1715,bf1164d6,3f099919,beb03547,3f050b9d,bf1164d2,3f09991d,beb03542,3f050b9e,1,4280860

7114,182,143,28,-892,-16349,643,-547,4545,-1710,bf115de7,3f0993b3,beb0420b,3f05148d,bf115de3,3f0993b7,beb04206,3f05148e,1,4289379

7115,184,153,64,-853,-16352,666,-549,4475,-1657,bf115487,3f099049,beb049a4,3f051fca,bf115483,3f09904d,beb0499f,3f051fcb,1,4297897

7116,189,156,93,-816,-16363,639,-549,4475,-1657,bf11497e,3f098e7d,beb04e7f,3f052c17,bf11497a,3f098e81,beb04e7a,3f052c18,1,4306416

7117,181,155,88,-830,-16340,665,-573,4479,-1727,bf114047,3f098abc,beb052d8,3f053893,bf114044,3f098ac1,beb052d5,3f053895,1,4314935

7118,194,156,90,-802,-16368,655,-577,4481,-1747,bf11368a,3f098798,beb05797,3f0544db,bf113687,3f09879d,beb05794,3f0544dc,1,4323453

7119,206,146,88,-770,-16365,643,-577,4481,-1747,bf112be0,3f0984ce,beb05e39,3f05512a,bf112bdc,3f0984d2,beb05e36,3f05512a,1,4331471

7120,215,137,73,-768,-16380,635,-563,4541,-1683,bf1120b1,3f098349,beb069d1,3f055b14,bf1120ad,3f09834c,beb069ce,3f055b13,1,4339990

7121,211,132,38,-763,-16374,657,-503,4519,-1741,bf1116eb,3f097e55,beb07594,3f0566eb,bf1116e9,3f097e59,beb07592,3f0566eb,1,4348508

7122,215,131,14,-814,-16361,664,-503,4519,-1741,bf110e4b,3f097878,beb084c2,3f057152,bf110e49,3f09787c,beb084c0,3f057152,1,4357027

7123,221,127,1,-782,-16386,653,-549,4525,-1711,bf1105ea,3f0973ae,beb09774,3f05792c,bf1105e8,3f0973b2,beb09771,3f05792b,1,4365545

7124,220,116,-5,-832,-16363,633,-531,4533,-1709,bf10fd83,3f096e00,beb0ac46,3f058142,bf10fd81,3f096e04,beb0ac43,3f058141,1,4374064

7125,228,119,4,-812,-16352,633,-531,4533,-1709,bf10f45b,3f09692d,beb0c065,3f058982,bf10f45a,3f096932,beb0c063,3f058981,1,4382582

7126,223,115,19,-824,-16376,610,-535,4509,-1722,bf10eaa7,3f096414,beb0d2e4,3f05932b,bf10eaa5,3f096419,beb0d2e1,3f05932a,1,4391101

7127,207,121,24,-781,-16388,608,-537,4503,-1719,bf10e15d,3f095ee2,beb0e251,3f059d78,bf10e15b,3f095ee7,beb0e24e,3f059d77,1,4399620

7128,201,126,24,-886,-16347,622,-481,4545,-1730,bf10d8cd,3f09588c,beb0f181,3f05a83e,bf10d8cb,3f095891,beb0f17e,3f05a83d,1,4408138

7129,213,139,50,-838,-16385,617,-481,4545,-1730,bf10ceac,3f09546d,beb0fd7d,3f05b37d,bf10ceaa,3f095472,beb0fd7a,3f05b37c,1,4416657

7130,204,147,76,-803,-16380,617,-551,4531,-1718,bf10c484,3f0951e7,beb106d0,3f05bdfe,bf10c481,3f0951eb,beb106cc,3f05bdfd,1,4425175

7131,196,148,72,-806,-16389,612,-517,4483,-1624,bf10b952,3f094fdc,beb10f9b,3f05c94a,bf10b950,3f094fe1,beb10f98,3f05c949,1,4433694

7132,189,142,65,-782,-16392,598,-517,4483,-1624,bf10ae72,3f094d3a,beb118d1,3f05d4b4,bf10ae71,3f094d3f,beb118ce,3f05d4b4,1,4441712

7133,182,139,61,-797,-16388,619,-511,4523,-1816,bf10a65c,3f09464f,beb11f80,3f05e254,bf10a65a,3f094652,beb11f7b,3f05e253,1,4450231

7134,173,140,56,-818,-16330,621,-545,4499,-1733,bf109e5d,3f094098,beb12815,3f05edfa,bf109e5c,3f09409c,beb12811,3f05edfa,1,4458749

7135,169,137,61,-802,-16352,636,-545,4499,-1733,bf10963b,3f093aae,beb12fdb,3f05fa40,bf109639,3f093ab2,beb12fd6,3f05fa40,1,4467268

7136,167,138,75,-765,-16381,660,-525,4523,-1740,bf108d80,3f093508,beb1353d,3f0607ae,bf108d7f,3f09350c,beb13538,3f0607ae,1,4475786

7137,184,142,68,-768,-16380,624,-541,4555,-1706,bf108457,3f093186,beb13e5a,3f061222,bf108456,3f09318a,beb13e55,3f061222,1,4484305

7138,184,139,53,-766,-16389,582,-541,4555,-1706,bf107b97,3f092dcb,beb1496f,3f061bb8,bf107b95,3f092dcd,beb14969,3f061bb7,1,4492823

7139,161,131,44,-833,-16329,646,-531,4513,-1698,bf10742f,3f092722,beb153c3,3f062716,bf10742e,3f092724,beb153bd,3f062715,1,4501342

7140,165,120,57,-807,-16353,664,-549,4547,-1757,bf106cbe,3f091fe0,beb15e09,3f063321,bf106cbd,3f091fe2,beb15e02,3f06331f,1,4509861

7141,183,121,71,-763,-16366,640,-513,4531,-1750,bf1062f2,3f091a0d,beb166f0,3f0640ab,bf1062f2,3f091a10,beb166eb,3f0640aa,1,4518379

7142,203,108,67,-791,-16348,658,-513,4531,-1750,bf10584a,3f09142b,beb17396,3f064df6,bf105849,3f09142d,beb17391,3f064df5,1,4526898

7143,212,93,64,-777,-16307,651,-507,4481,-1660,bf104b87,3f090f46,beb18314,3f065b8a,bf104b87,3f090f49,beb18311,3f065b8b,1,4535416

7144,231,112,59,-764,-16355,643,-527,4509,-1693,bf103f58,3f090bf2,beb19343,3f0666ac,bf103f57,3f090bf4,beb1933e,3f0666ac,1,4543935

7145,244,132,49,-745,-16384,616,-527,4509,-1693,bf10336b,3f090a20,beb1a38c,3f066ff0,bf10336b,3f090a23,beb1a388,3f066ff1,1,4551953

7146,245,134,28,-734,-16389,581,-535,4505,-1737,bf1028cb,3f09075d,beb1b52a,3f067856,bf1028ca,3f09075f,beb1b525,3f067856,1,4560471

7147,223,136,5,-751,-16381,624,-533,4487,-1654,bf101f8a,3f0903d5,beb1c79f,3f067fc1,bf101f89,3f0903d7,beb1c79b,3f067fc1,1,4568990

7148,224,117,-18,-760,-16389,622,-533,4487,-1654,bf1016be,3f08feca,beb1de2e,3f0686dc,bf1016bd,3f08fecb,beb1de29,3f0686dc,1,4577508

7149,222,119,-32,-807,-16352,607,-591,4517,-1648,bf100fb7,3f08fa09,beb1f873,3f068a8a,bf100fb6,3f08fa0b,beb1f86f,3f068a8b,1,4586027

7150,212,126,-27,-816,-16374,586,-545,4535,-1685,bf100902,3f08f478,beb20f94,3f068fbd,bf100900,3f08f479,beb20f90,3f068fbe,1,4594545

7151,211,137,-2,-821,-16359,578,-545,4535,-1685,bf10018e,3f08f016,beb2236c,3f06959c,bf10018d,3f08f017,beb22369,3f06959d,1,4603064

7152,202,151,24,-780,-16387,611,-535,4509,-1729,bf0ff9dd,3f08eb77,beb23089,3f069e31,bf0ff9dc,3f08eb78,beb23087,3f069e32,1,4611583

7153,190,143,18,-781,-16385,590,-551,4543,-1683,bf0ff29e,3f08e731,beb23fd1,3f06a53e,bf0ff29d,3f08e731,beb23fcf,3f06a53e,1,4620101

7154,194,138,23,-782,-16378,614,-533,4515,-1695,bf0feaa7,3f08e233,beb24e30,3f06ae10,bf0feaa7,3f08e234,beb24e30,3f06ae11,1,4628620

7155,182,138,18,-798,-16369,624,-533,4515,-1695,bf0fe394,3f08dc52,beb25c26,3f06b6fb,bf0fe393,3f08dc52,beb25c24,3f06b6fb,1,4637138

7156,201,139,26,-800,-16388,576,-535,4519,-1731,bf0fdb8f,3f08d762,beb26aee,3f06bfa8,bf0fdb8f,3f08d763,beb26aee,3f06bfa9,1,4645657

7157,197,142,32,-792,-16386,589,-509,4523,-1623,bf0fd241,3f08d428,beb27964,3f06c815,bf0fd240,3f08d428,beb27963,3f06c816,1,4653675

7158,191,144,31,-771,-16376,587,-509,4523,-1623,bf0fc93e,3f08d0cc,beb286f8,3f06d09d,bf0fc93d,3f08d0cc,beb286f7,3f06d09e,1,4662193

7159,169,135,20,-817,-16354,574,-541,4529,-1656,bf0fc253,3f08cb56,beb2959b,3f06d8b0,bf0fc252,3f08cb56,beb2959a,3f06d8b1,1,4670712

7160,163,132,23,-822,-16342,615,-485,4521,-1759,bf0fbbfb,3f08c2a7,beb2a070,3f06e4aa,bf0fbbfa,3f08c2a7,beb2a06f,3f06e4ab,1,4679230

7161,168,143,56,-742,-16359,659,-485,4521,-1759,bf0fb40c,3f08bbc1,beb2a62c,3f06f235,bf0fb40b,3f08bbc0,beb2a62b,3f06f236,1,4687749

7162,190,138,45,-764,-16358,654,-515,4519,-1707,bf0fab5c,3f08b694,beb2b164,3f06fcfb,bf0fab5c,3f08b694,beb2b164,3f06fcfd,1,4696268

7163,210,124,32,-806,-16355,633,-551,4549,-1756,bf0fa33f,3f08b0ef,beb2c275,3f0705b0,bf0fa33e,3f08b0ee,beb2c274,3f0705b1,1,4704786

7164,216,107,43,-789,-16370,601,-551,4549,-1756,bf0f99a6,3f08ab82,beb2d4a7,3f070f5e,bf0f99a5,3f08ab81,beb2d4a6,3f070f5f,1,4713305

7165,213,97,49,-782,-16382,575,-549,4501,-1647,bf0f8e0d,3f08a776,beb2e7b7,3f071979,bf0f8e0d,3f08a776,beb2e7b7,3f07197b,1,4721823

7166,196,90,44,-772,-16389,562,-533,4509,-1703,bf0f838d,3f08a13f,beb2f94c,3f072519,bf0f838c,3f08a13e,beb2f94a,3f07251a,1,4730342

7167,190,111,30,-796,-16372,554,-553,4511,-1592,bf0f79e6,3f089d29,beb30c12,3f072d42,bf0f79e4,3f089d28,beb30c0f,3f072d42,1,4738861

7168,185,131,32,-830,-16335,585,-553,4511,-1592,bf0f7140,3f08995b,beb31ca4,3f0734ca,bf0f7140,3f08995b,beb31ca3,3f0734cb,1,4746878

7169,177,147,57,-772,-16370,593,-451,4485,-1693,bf0f67a1,3f08940f,beb323b2,3f074202,bf0f67a0,3f08940e,beb323b0,3f074202,1,4755397

7170,169,148,61,-764,-16377,610,-499,4531,-1653,bf0f5ec4,3f088ff8,beb32be6,3f074cd0,bf0f5ec4,3f088ff8,beb32be6,3f074cd2,1,4763915

7171,175,154,50,-781,-16382,596,-499,4531,-1653,bf0f5657,3f088c1f,beb33576,3f075674,bf0f5657,3f088c1f,beb33575,3f075676,1,4772434

7172,178,151,51,-764,-16374,596,-527,4537,-1751,bf0f4eef,3f0886ec,beb33e9b,3f076086,bf0f4eee,3f0886ec,beb33e9a,3f076087,1,4780953

7173,164,148,42,-767,-16387,568,-555,4493,-1654,bf0f4771,3f088289,beb34936,3f07695c,bf0f4770,3f088289,beb34935,3f07695d,1,4789471

7174,163,151,39,-776,-16357,631,-555,4493,-1654,bf0f4085,3f087d97,beb35379,3f077247,bf0f4084,3f087d97,beb35378,3f077248,1,4797990

7175,180,146,41,-729,-16375,614,-553,4499,-1672,bf0f387f,3f087961,beb35ecc,3f077b3e,bf0f387e,3f087961,beb35ecb,3f077b3f,1,4806508

7176,172,135,13,-740,-16375,602,-541,4553,-1739,bf0f32a9,3f0872a3,beb36cf1,3f078386,bf0f32a8,3f0872a3,beb36cf0,3f078387,1,4815027

7177,167,131,-4,-764,-16376,617,-541,4553,-1739,bf0f2ddd,3f086abb,beb37ccd,3f078b4e,bf0f2ddb,3f086abb,beb37ccb,3f078b4e,1,4823546

7178,167,129,-20,-780,-16379,596,-557,4521,-1687,bf0f2925,3f086334,beb38f3a,3f0791c3,bf0f2923,3f086334,beb38f39,3f0791c4,1,4832064

7179,159,134,-18,-813,-16348,588,-563,4543,-1750,bf0f25da,3f085a86,beb3a085,3f07983e,bf0f25d8,3f085a86,beb3a084,3f07983f,1,4840583

7180,158,138,7,-839,-16334,627,-557,4535,-1642,bf0f20a2,3f085416,beb3b055,3f079efd,bf0f209f,3f085416,beb3b054,3f079efd,1,4849101

7181,168,147,45,-768,-16371,608,-557,4535,-1642,bf0f191e,3f085029,beb3bbe1,3f07a708,bf0f191c,3f08502a,beb3bbe1,3f07a709,1,4857119

7182,168,151,49,-788,-16371,585,-567,4519,-1643,bf0f1195,3f084c8e,beb3c71d,3f07aee0,bf0f1193,3f084c8f,beb3c71c,3f07aee1,1,4865638

7183,154,151,56,-773,-16357,637,-531,4551,-1710,bf0f0af1,3f0846ec,beb3ceb3,3f07b906,bf0f0aef,3f0846ed,beb3ceb2,3f07b907,1,4874157

7184,167,153,60,-721,-16387,613,-531,4551,-1710,bf0f033f,3f08429a,beb3d65a,3f07c2f0,bf0f033d,3f08429b,beb3d659,3f07c2f1,1,4882675

7185,185,139,35,-752,-16377,640,-535,4491,-1734,bf0efba2,3f083c6a,beb3e214,3f07cd47,bf0efba0,3f083c6b,beb3e213,3f07cd48,1,4891194

7186,193,125,15,-764,-16378,614,-477,4553,-1681,bf0ef348,3f083688,beb3f297,3f07d680,bf0ef346,3f083689,beb3f297,3f07d682,1,4899712

7187,188,123,21,-761,-16385,610,-477,4553,-1681,bf0eeacc,3f08308b,beb4024e,3f07e038,bf0eeacb,3f08308c,beb4024f,3f07e03b,1,4908231

7188,183,127,15,-777,-16364,615,-531,4545,-1719,bf0ee400,3f0829ee,beb41294,3f07e89e,bf0ee3fd,3f0829ee,beb41293,3f07e89f,1,4916750

7189,175,122,6,-756,-16360,628,-549,4515,-1695,bf0edd89,3f0822ce,beb42344,3f07f104,bf0edd87,3f0822cf,beb42345,3f07f106,1,4925268

7190,186,118,3,-785,-16369,624,-549,4515,-1695,bf0ed6b6,3f081bd1,beb43609,3f07f8f7,bf0ed6b4,3f081bd2,beb43609,3f07f8f9,1,4933787

7191,192,113,0,-786,-16374,603,-543,4497,-1770,bf0ed024,3f081342,beb44896,3f080248,bf0ed022,3f081343,beb44896,3f08024a,1,4942305

7192,191,126,21,-802,-16388,599,-579,4507,-1674,bf0ec898,3f080e1b,beb45abf,3f080957,bf0ec895,3f080e1c,beb45abf,3f080959,1,4950824

7193,170,128,33,-788,-16382,583,-545,4521,-1717,bf0ec17f,3f0807a0,beb4687a,3f0812b8,bf0ec17c,3f0807a1,beb4687a,3f0812ba,1,4958842

7194,163,135,44,-788,-16373,603,-545,4521,-1717,bf0eba82,3f08014a,beb473d6,3f081c9e,bf0eba7f,3f08014b,beb473d6,3f081ca0,1,4967361

7195,157,122,55,-777,-16381,569,-525,4509,-1699,bf0eb239,3f07facd,beb47e8f,3f08283c,bf0eb236,3f07face,beb47e8f,3f08283e,1,4975879

7196,144,127,59,-740,-16321,643,-531,4493,-1706,bf0eaaa9,3f07f364,beb4860c,3f083512,bf0eaaa6,3f07f365,beb4860c,3f083514,1,4984398

7197,158,123,52,-724,-16364,640,-531,4493,-1706,bf0ea290,3f07ec67,beb48fa2,3f084158,bf0ea28d,3f07ec68,beb48fa2,3f08415a,1,4992916

7198,169,101,20,-740,-16367,654,-551,4521,-1789,bf0e9c40,3f07e28c,beb49f06,3f084cad,bf0e9c3d,3f07e28d,beb49f06,3f084caf,1,5001435

7199,178,84,1,-801,-16373,618,-549,4457,-1692,bf0e9481,3f07d928,beb4b3fd,3f085732,bf0e947e,3f07d92a,beb4b3fd,3f085735,1,5009953

7200,179,61,8,-768,-16364,605,-549,4457,-1692,bf0e8b80,3f07cf46,beb4ca2f,3f086319,bf0e8b7c,3f07cf47,beb4ca30,3f08631b,1,5018472

7201,187,88,-6,-753,-16388,611,-531,4437,-1735,bf0e8395,3f07c568,beb4de0c,3f086e9d,bf0e8391,3f07c569,beb4de0d,3f086e9f,1,5026990

7202,184,121,-20,-754,-16347,645,-569,4499,-1743,bf0e7e8a,3f07bcef,beb4f19f,3f0875d2,bf0e7e88,3f07bcf1,beb4f1a2,3f0875d5,1,5035509

7203,203,113,-19,-794,-16394,579,-569,4499,-1743,bf0e7842,3f07b565,beb50899,3f087c43,bf0e783e,3f07b565,beb5089a,3f087c44,1,5044027

7204,200,123,-16,-796,-16303,627,-505,4509,-1703,bf0e715c,3f07ae09,beb51cfa,3f088404,bf0e7158,3f07ae09,beb51cfc,3f088405,1,5052546

7205,203,134,-6,-777,-16376,626,-519,4507,-1666,bf0e69e2,3f07a885,beb5303b,3f088ae7,bf0e69df,3f07a886,beb5303e,3f088ae9,1,5061065

7206,214,134,-10,-799,-16374,615,-571,4519,-1711,bf0e634f,3f07a327,beb54613,3f088fd9,bf0e634c,3f07a328,beb54616,3f088fdb,1,5069082

7207,212,146,-7,-803,-16365,611,-571,4519,-1711,bf0e5d0e,3f079e4f,beb55a66,3f089470,bf0e5d0b,3f079e50,beb55a69,3f089472,1,5077601

7208,213,147,7,-785,-16382,586,-503,4535,-1720,bf0e5553,3f07999a,beb56bcf,3f089b62,bf0e5550,3f07999b,beb56bd2,3f089b63,1,5086120

7209,205,143,12,-798,-16381,591,-567,4527,-1636,bf0e4d9e,3f079650,beb57f1c,3f08a044,bf0e4d9b,3f079651,beb57f1f,3f08a045,1,5094638

7210,201,139,28,-805,-16374,594,-567,4527,-1636,bf0e454e,3f07930e,beb59110,3f08a632,bf0e454b,3f07930f,beb59113,3f08a633,1,5103156

7211,187,139,49,-819,-16351,586,-559,4503,-1699,bf0e3d14,3f078e65,beb59eb9,3f08aed7,bf0e3d11,3f078e66,beb59ebc,3f08aed8,1,5111675

7212,189,141,76,-772,-16366,602,-531,4525,-1794,bf0e3445,3f0788df,beb5a76e,3f08ba96,bf0e3443,3f0788e1,beb5a771,3f08ba97,1,5120194

7213,194,145,80,-771,-16377,573,-531,4525,-1794,bf0e2b0e,3f078426,beb5b024,3f08c5f4,bf0e2b0c,3f078428,beb5b027,3f08c5f5,1,5128712

7214,178,142,65,-748,-16374,607,-553,4553,-1698,bf0e229c,3f078043,beb5bb07,3f08cef8,bf0e2299,3f078044,beb5bb09,3f08cef9,1,5137231

7215,174,136,42,-750,-16351,609,-513,4459,-1778,bf0e1af5,3f07785d,beb5c434,3f08dbb2,bf0e1af1,3f07785e,beb5c435,3f08dbb2,1,5145749

7216,188,131,31,-736,-16359,632,-513,4459,-1778,bf0e130c,3f077075,beb5cfbe,3f08e7e4,bf0e1309,3f077077,beb5cfbf,3f08e7e5,1,5154268

7217,193,128,5,-749,-16368,626,-567,4479,-1717,bf0e0c33,3f0769da,beb5e167,3f08efac,bf0e0c2f,3f0769dc,beb5e167,3f08efad,1,5162786

7218,196,116,-16,-754,-16355,610,-553,4531,-1689,bf0e05a6,3f076323,beb5f781,3f08f5c4,bf0e05a2,3f076325,beb5f781,3f08f5c5,1,5170804

7219,214,126,-22,-801,-16349,610,-517,4549,-1718,bf0dff0f,3f075c90,beb60e81,3f08fb73,bf0dff0c,3f075c93,beb60e82,3f08fb75,1,5179323

7220,218,132,-15,-788,-16386,587,-517,4549,-1718,bf0df7fc,3f0756ed,beb6249a,3f090104,bf0df7f8,3f0756ef,beb6249b,3f090105,1,5187842

7221,213,124,-6,-817,-16361,587,-525,4567,-1706,bf0df0bb,3f075138,beb63b44,3f0906a3,bf0df0b6,3f07513a,beb63b45,3f0906a3,1,5196360

7222,211,134,6,-788,-16349,612,-563,4479,-1679,bf0de8e7,3f074c41,beb64ee2,3f090d1e,bf0de8e2,3f074c44,beb64ee4,3f090d1e,1,5204879

7223,217,128,15,-801,-16384,569,-563,4479,-1679,bf0de01d,3f0747d9,beb66341,3f0913ca,bf0de018,3f0747dc,beb66343,3f0913ca,1,5213397

7224,208,135,24,-774,-16388,587,-547,4567,-1709,bf0dd825,3f0743a3,beb67596,3f091a17,bf0dd820,3f0743a6,beb67598,3f091a17,1,5221916

7225,195,129,18,-792,-16379,562,-543,4499,-1647,bf0dcfc9,3f073ee8,beb687d1,3f092158,bf0dcfc4,3f073eeb,beb687d3,3f092158,1,5230434

7226,187,128,19,-812,-16359,577,-543,4499,-1647,bf0dc7dc,3f07398b,beb69984,3f0928ee,bf0dc7d8,3f07398e,beb69986,3f0928ef,1,5238953

7227,182,139,38,-762,-16383,577,-569,4509,-1649,bf0dbfca,3f07358e,beb6a81a,3f093059,bf0dbfc6,3f073590,beb6a81c,3f09305a,1,5247471

7228,179,131,44,-773,-16368,586,-585,4531,-1765,bf0db8f6,3f072f54,beb6b5fe,3f0938ea,bf0db8f2,3f072f56,beb6b600,3f0938eb,1,5255990

7229,172,134,32,-769,-16367,591,-585,4531,-1765,bf0db313,3f072888,beb6c3f5,3f094109,bf0db30f,3f07288a,beb6c3f7,3f09410a,1,5264008

7230,163,143,32,-789,-16387,590,-511,4497,-1637,bf0dab8d,3f0722f9,beb6cff5,3f094a47,bf0dab89,3f0722fb,beb6cff8,3f094a48,1,5272526

7231,160,134,32,-751,-16365,600,-545,4521,-1699,bf0da4e3,3f071c71,beb6dc48,3f09537b,bf0da4df,3f071c72,beb6dc4a,3f09537b,1,5281045

7232,149,128,17,-812,-16324,585,-577,4507,-1775,bf0da097,3f071323,beb6ea05,3f095c7d,bf0da095,3f071325,beb6ea08,3f095c7e,1,5289564

7233,146,131,27,-761,-16344,610,-577,4507,-1775,bf0d9be3,3f070a3b,beb6f55c,3f096653,bf0d9be0,3f070a3d,beb6f55f,3f096653,1,5298082

7234,158,134,23,-800,-16348,612,-545,4499,-1684,bf0d95af,3f070318,beb702d1,3f096f3d,bf0d95ac,3f07031a,beb702d4,3f096f3d,1,5306601

7235,165,131,16,-798,-16389,641,-571,4519,-1747,bf0d9098,3f06faf8,beb711b3,3f097783,bf0d9095,3f06faf9,beb711b5,3f097783,1,5315119

7236,176,125,22,-803,-16376,622,-571,4519,-1747,bf0d8a81,3f06f366,beb721d2,3f097fd9,bf0d8a7e,3f06f367,beb721d4,3f097fd8,1,5323638

7237,179,124,40,-771,-16363,621,-569,4489,-1662,bf0d8230,3f06edef,beb730dc,3f0988c2,bf0d822d,3f06edf0,beb730de,3f0988c1,1,5332156

7238,196,121,50,-810,-16361,584,-571,4457,-1684,bf0d78a6,3f06e8de,beb740d7,3f099236,bf0d78a3,3f06e8e0,beb740da,3f099236,1,5340675

7239,195,120,57,-785,-16375,609,-571,4457,-1684,bf0d6ecb,3f06e3da,beb74fb2,3f099c52,bf0d6ec9,3f06e3dc,beb74fb5,3f099c53,1,5349193

7240,192,122,65,-743,-16368,565,-571,4469,-1757,bf0d653c,3f06de4a,beb75c3e,3f09a769,bf0d653a,3f06de4c,beb75c41,3f09a76a,1,5357712

7241,182,124,61,-728,-16383,579,-549,4509,-1703,bf0d5bca,3f06d963,beb768c9,3f09b1bd,bf0d5bc8,3f06d964,beb768cc,3f09b1be,1,5366230

7242,185,124,49,-771,-16344,605,-549,4509,-1703,bf0d5318,3f06d3cb,beb77729,3f09bb5c,bf0d5315,3f06d3cb,beb7772b,3f09bb5d,1,5374248

7243,197,118,35,-765,-16454,575,-535,4489,-1688,bf0d49b2,3f06ce5a,beb7880e,3f09c4b4,bf0d49ae,3f06ce59,beb7880f,3f09c4b4,1,5382767

7244,191,111,26,-821,-16381,566,-583,4455,-1727,bf0d41ca,3f06c731,beb79ac6,3f09cd94,bf0d41c6,3f06c730,beb79ac8,3f09cd95,1,5391285

7245,154,105,43,-738,-16387,542,-573,4481,-1790,bf0d3ac8,3f06be0f,beb7a76d,3f09d978,bf0d3ac6,3f06be0f,beb7a771,3f09d97a,1,5399804

7246,141,116,30,-803,-16324,583,-573,4481,-1790,bf0d35cd,3f06b3af,beb7b3c7,3f09e497,bf0d35cb,3f06b3af,beb7b3ca,3f09e498,1,5408322

7247,128,130,31,-737,-16381,600,-525,4541,-1737,bf0d30aa,3f06aadd,beb7bd30,3f09ef56,bf0d30a8,3f06aadd,beb7bd33,3f09ef57,1,5416841

7248,133,123,20,-752,-16379,640,-549,4499,-1654,bf0d2b09,3f06a295,beb7c9aa,3f09f906,bf0d2b06,3f06a295,beb7c9ac,3f09f906,1,5425360

7249,141,116,9,-740,-16387,621,-549,4499,-1654,bf0d2534,3f069a40,beb7d878,3f0a022f,bf0d2532,3f069a41,beb7d87c,3f0a0230,1,5433878

7250,148,106,-1,-794,-16364,597,-567,4535,-1806,bf0d216a,3f068efa,beb7e9a8,3f0a0b53,bf0d2168,3f068efb,beb7e9ac,3f0a0b54,1,5442397

7251,143,117,2,-773,-16360,583,-517,4575,-1685,bf0d1c3b,3f068684,beb7fa06,3f0a136b,bf0d1c39,3f068685,beb7fa0a,3f0a136c,1,5450915

7252,134,137,2,-767,-16374,599,-517,4575,-1685,bf0d1810,3f067e78,beb80784,3f0a1b06,bf0d180e,3f067e79,beb80788,3f0a1b07,1,5459434

7253,126,132,1,-758,-16339,641,-599,4519,-1796,bf0d1617,3f0673a6,beb813f6,3f0a236c,bf0d1615,3f0673a7,beb813fa,3f0a236d,1,5467952

7254,138,135,-9,-794,-16349,658,-575,4559,-1701,bf0d133f,3f066aee,beb823ed,3f0a297f,bf0d133c,3f066aee,beb823f0,3f0a297e,1,5475970

7255,148,133,-5,-798,-16387,612,-575,4559,-1701,bf0d0f86,3f066316,beb834f4,3f0a2f41,bf0d0f83,3f066316,beb834f8,3f0a2f41,1,5484489

7256,161,137,1,-798,-16352,628,-593,4501,-1736,bf0d0b59,3f065b19,beb8451a,3f0a35e5,bf0d0b56,3f065b1a,beb8451f,3f0a35e5,1,5493007

7257,158,148,9,-775,-16367,619,-573,4553,-1740,bf0d0739,3f065420,beb8535a,3f0a3c22,bf0d0735,3f065421,beb8535e,3f0a3c21,1,5501526

7258,165,156,20,-797,-16365,618,-553,4499,-1678,bf0d016c,3f064e8b,beb86036,3f0a4332,bf0d0168,3f064e8c,beb8603a,3f0a4331,1,5510045

7259,161,169,18,-791,-16356,623,-553,4499,-1678,bf0cfc45,3f064949,beb86b93,3f0a49c3,bf0cfc41,3f06494a,beb86b97,3f0a49c2,1,5518563

7260,165,158,31,-808,-16361,627,-545,4523,-1671,bf0cf61c,3f06443b,beb877b3,3f0a50e6,bf0cf619,3f06443c,beb877b7,3f0a50e6,1,5527082

7261,165,156,47,-762,-16375,641,-599,4531,-1676,bf0cefbe,3f064032,beb88347,3f0a5772,bf0cefba,3f064032,beb8834b,3f0a5772,1,5535600

7262,173,144,48,-767,-16377,639,-599,4531,-1676,bf0ce8a2,3f063bff,beb890b3,3f0a5e49,bf0ce89f,3f063c00,beb890b8,3f0a5e4a,1,5544119

7263,168,138,43,-720,-16379,630,-595,4531,-1713,bf0ce1d9,3f0636c7,beb89d7f,3f0a65fe,bf0ce1d5,3f0636c7,beb89d83,3f0a65ff,1,5552637

7264,179,116,19,-743,-16371,639,-593,4465,-1727,bf0cdad9,3f062f47,beb8ae40,3f0a6ecc,bf0cdad5,3f062f47,beb8ae44,3f0a6ecd,1,5561156

7265,191,117,0,-773,-16345,631,-593,4465,-1727,bf0cd456,3f0627b2,beb8c231,3f0a7620,bf0cd452,3f0627b2,beb8c235,3f0a7621,1,5569174

7266,198,133,-10,-762,-16388,595,-557,4507,-1687,bf0ccdad,3f0621fa,beb8d6a7,3f0a7b9b,bf0ccda9,3f0621fa,beb8d6ab,3f0a7b9c,1,5578193

7267,194,127,-21,-782,-16362,611,-561,4535,-1721,bf0cc83a,3f061ae2,beb8ec8f,3f0a80b3,bf0cc837,3f061ae3,beb8ec93,3f0a80b4,1,5586211

7268,176,123,-24,-788,-16384,611,-561,4535,-1721,bf0cc39a,3f0612a9,beb9017f,3f0a8660,bf0cc397,3f0612aa,beb90183,3f0a8661,1,5594729

7269,171,133,-7,-822,-16375,618,-539,4513,-1634,bf0cbdb2,3f060c05,beb91430,3f0a8c8f,bf0cbdb0,3f060c07,beb91435,3f0a8c90,1,5603248

7270,173,143,4,-807,-16385,588,-567,4557,-1669,bf0cb83d,3f06069d,beb92614,3f0a915c,bf0cb83a,3f06069e,beb92617,3f0a915b,1,5611767

7271,151,145,23,-808,-16360,602,-575,4543,-1793,bf0cb449,3f05fe64,beb9325d,3f0a9938,bf0cb446,3f05fe65,beb93261,3f0a9937,1,5620285

7272,147,144,43,-764,-16370,650,-575,4543,-1793,bf0caf85,3f05f668,beb93b98,3f0aa2af,bf0caf83,3f05f66a,beb93b9d,3f0aa2af,1,5628804

7273,157,144,40,-748,-16333,673,-595,4499,-1738,bf0ca9d7,3f05ef9a,beb94628,3f0aab80,bf0ca9d4,3f05ef9c,beb9462c,3f0aab80,1,5637322

7274,179,152,40,-799,-16334,634,-553,4493,-1697,bf0ca28d,3f05ea8b,beb95274,3f0ab3ac,bf0ca289,3f05ea8d,beb95278,3f0ab3ac,1,5645841

7275,189,159,51,-783,-16374,624,-553,4493,-1697,bf0c9a68,3f05e6c8,beb95de5,3f0abbbc,bf0c9a64,3f05e6ca,beb95de9,3f0abbbc,1,5654359

7276,184,141,65,-752,-16384,617,-573,4515,-1776,bf0c9253,3f05e17d,beb968b2,3f0ac56e,bf0c924f,3f05e17f,beb968b7,3f0ac56e,1,5662878

7277,180,136,58,-729,-16377,629,-567,4447,-1692,bf0c8925,3f05dc8a,beb973b1,3f0acfd1,bf0c8921,3f05dc8c,beb973b6,3f0acfd1,1,5671397

7278,172,136,34,-735,-16385,608,-567,4447,-1692,bf0c8161,3f05d6a0,beb9805d,3f0ad927,bf0c815c,3f05d6a1,beb98061,3f0ad926,1,5679414

7279,171,129,5,-777,-16350,666,-547,4533,-1721,bf0c7bd1,3f05cec5,beb990fa,3f0ae0cd,bf0c7bcd,3f05cec7,beb990ff,3f0ae0cc,1,5687933

7280,179,124,0,-791,-16365,625,-559,4525,-1802,bf0c76d6,3f05c596,beb9a2ad,3f0ae8c5,bf0c76d3,3f05c599,beb9a2b3,3f0ae8c4,1,5696452

7281,197,123,8,-808,-16354,630,-559,4525,-1802,bf0c70c4,3f05bd4c,beb9b59e,3f0af08d,bf0c70c1,3f05bd4f,beb9b5a5,3f0af08d,1,5704970

7282,201,123,17,-785,-16354,626,-529,4525,-1750,bf0c6903,3f05b670,beb9c7d8,3f0af8e7,bf0c6900,3f05b672,beb9c7de,3f0af8e6,1,5713488

7283,196,129,34,-764,-16384,595,-607,4467,-1746,bf0c6136,3f05b0d1,beb9d870,3f0b00a3,bf0c6133,3f05b0d3,beb9d876,3f0b00a2,1,5722007

7284,186,139,30,-735,-16392,601,-583,4503,-1658,bf0c5952,3f05accf,beb9e857,3f0b0726,bf0c594e,3f05acd0,beb9e85c,3f0b0725,1,5730526

7285,179,140,8,-778,-16380,620,-583,4503,-1658,bf0c530e,3f05a777,beb9f9e9,3f0b0cbd,bf0c530a,3f05a778,beb9f9ef,3f0b0cbc,1,5739044

7286,189,136,2,-789,-16389,598,-563,4527,-1696,bf0c4cba,3f05a1b2,beba0d02,3f0b1248,bf0c4cb6,3f05a1b3,beba0d08,3f0b1247,1,5747563

7287,173,133,13,-782,-16363,619,-597,4519,-1690,bf0c46dd,3f059b99,beba1e7c,3f0b1835,bf0c46da,3f059b9b,beba1e83,3f0b1835,1,5756081

7288,163,137,22,-822,-16345,602,-597,4519,-1690,bf0c4149,3f059568,beba2e8d,3f0b1e68,bf0c4145,3f059569,beba2e93,3f0b1e68,1,5764600

7289,155,144,46,-815,-16384,578,-607,4513,-1746,bf0c3bad,3f058f2d,beba3aa0,3f0b2600,bf0c3ba9,3f058f2e,beba3aa6,3f0b2600,1,5773118

7290,134,155,67,-782,-16376,631,-561,4521,-1734,bf0c35c1,3f0588bb,beba4036,3f0b3048,bf0c35bd,3f0588bb,beba403c,3f0b3047,1,5781637

7291,130,166,76,-762,-16384,633,-561,4521,-1734,bf0c2fd7,3f0582fd,beba4363,3f0b3aae,bf0c2fd4,3f0582fe,beba436b,3f0b3aae,1,5789655

7292,131,163,80,-702,-16391,620,-577,4521,-1740,bf0c2985,3f057dc5,beba4634,3f0b451a,bf0c2982,3f057dc6,beba463c,3f0b451a,1,5798173

7293,140,150,59,-710,-16369,607,-583,4513,-1700,bf0c2303,3f05787e,beba4dbd,3f0b4e31,bf0c2300,3f05787f,beba4dc5,3f0b4e30,1,5806692

7294,154,132,25,-808,-16361,614,-583,4513,-1700,bf0c1d67,3f05716d,beba5c90,3f0b55a6,bf0c1d64,3f05716e,beba5c98,3f0b55a5,1,5815210

7295,132,141,58,-698,-16367,642,-565,4501,-1692,bf0c16b7,3f056b01,beba635f,3f0b603f,bf0c16b3,3f056b02,beba6366,3f0b603d,1,5823729

7296,114,134,50,-781,-16331,646,-513,4551,-1716,bf0c1151,3f056237,beba6a61,3f0b6bbc,bf0c114e,3f056239,beba6a68,3f0b6bba,1,5832247

7297,113,128,55,-754,-16300,670,-513,4551,-1716,bf0c0b84,3f055938,beba70ec,3f0b77fa,bf0c0b81,3f05593a,beba70f3,3f0b77f8,1,5840766

7298,138,140,67,-727,-16361,703,-543,4517,-1761,bf0c04fe,3f055158,beba766e,3f0b8435,bf0c04fb,3f05515b,beba7675,3f0b8434,1,5849285

7299,165,132,62,-809,-16306,780,-573,4529,-1787,bf0bfed2,3f0548e1,beba80e8,3f0b8efc,bf0bfecf,3f0548e4,beba80ef,3f0b8efb,1,5857803

7300,219,129,77,-750,-16401,540,-545,4495,-1702,bf0bf2be,3f0546b7,beba9025,3f0b9815,bf0bf2bb,3f0546ba,beba902c,3f0b9814,1,5866322

7301,195,143,91,-905,-16313,639,-545,4495,-1702,bf0be8ae,3f0542d2,beba9c3b,3f0ba1d7,bf0be8aa,3f0542d5,beba9c42,3f0ba1d6,1,5874840

7302,167,173,159,-750,-16303,722,-541,4531,-1819,bf0bdeaa,3f053f1e,beba98ff,3f0bb07b,bf0bdea7,3f053f22,beba9907,3f0bb07b,1,5883359

7303,220,172,190,-603,-16387,638,-551,4495,-1663,bf0bce29,3f054317,beba98af,3f0bbd54,bf0bce25,3f05431a,beba98b6,3f0bbd53,1,5891377

7304,245,156,132,-655,-16384,710,-551,4495,-1663,bf0bbf4a,3f0544d4,bebaa18b,3f0bc796,bf0bbf46,3f0544d6,bebaa191,3f0bc794,1,5899895

7305,268,133,73,-600,-16425,549,-533,4483,-1716,bf0bb0c6,3f05451a,bebab2d8,3f0bd00f,bf0bb0c2,3f05451c,bebab2de,3f0bd00d,1,5908414

7306,241,119,21,-850,-16300,577,-537,4491,-1753,bf0ba743,3f053f9b,bebacaa2,3f0bd6d6,bf0ba740,3f053f9f,bebacaaa,3f0bd6d5,1,5916932

7307,204,153,58,-652,-16388,639,-537,4491,-1753,bf0b9df0,3f053bba,bebad545,3f0be04b,bf0b9ded,3f053bbe,bebad54d,3f0be04a,1,5925451

7308,216,152,62,-671,-16392,550,-527,4483,-1732,bf0b9345,3f053951,bebae1b4,3f0be917,bf0b9341,3f053954,bebae1bb,3f0be915,1,5933969

7309,190,145,16,-739,-16388,570,-585,4509,-1700,bf0b8caa,3f0534c5,bebaf38b,3f0bee0d,bf0b8ca5,3f0534c8,bebaf391,3f0bee0b,1,5942488

7310,147,151,24,-695,-16384,626,-537,4555,-1727,bf0b87b8,3f052e04,bebafe6e,3f0bf5c7,bf0b87b3,3f052e08,bebafe74,3f0bf5c5,1,5951006

7311,154,143,32,-670,-16385,634,-537,4555,-1727,bf0b81c0,3f05278a,bebb0997,3f0bfe27,bf0b81bb,3f05278f,bebb099e,3f0bfe26,1,5959525

7312,156,138,9,-648,-16369,660,-537,4521,-1685,bf0b7bfe,3f052093,bebb16f3,3f0c060e,bf0b7bf8,3f052097,bebb16f9,3f0c060c,1,5968044

7313,169,122,-31,-706,-16369,653,-513,4511,-1778,bf0b77c8,3f0515ec,bebb292e,3f0c0e47,bf0b77c3,3f0515f1,bebb2936,3f0c0e47,1,5976562

7314,190,111,-46,-738,-16379,648,-513,4511,-1778,bf0b731f,3f050b28,bebb402a,3f0c1579,bf0b731a,3f050b2c,bebb4031,3f0c1578,1,5984580

7315,189,109,-41,-721,-16373,618,-531,4527,-1669,bf0b6d4f,3f05030f,bebb5905,3f0c1aa3,bf0b6d4a,3f050313,bebb590c,3f0c1aa2,1,5993599

7316,186,110,-32,-776,-16331,628,-559,4483,-1684,bf0b67b6,3f04fa69,bebb7118,3f0c205e,bf0b67b1,3f04fa6d,bebb711f,3f0c205d,1,6001617

7317,184,123,-6,-753,-16369,625,-559,4483,-1684,bf0b6141,3f04f33b,bebb852a,3f0c26e4,bf0b613b,3f04f33e,bebb8530,3f0c26e2,1,6010136

7318,184,123,6,-733,-16385,609,-503,4537,-1672,bf0b59ac,3f04ecc4,bebb97c8,3f0c2e54,bf0b59a7,3f04ecc9,bebb97cf,3f0c2e53,1,6018654

7319,181,129,18,-736,-16356,649,-533,4523,-1815,bf0b53b1,3f04e3e0,bebba69c,3f0c37bd,bf0b53ac,3f04e3e5,bebba6a3,3f0c37bc,1,6027173

7320,184,132,27,-774,-16322,642,-533,4523,-1815,bf0b4d6e,3f04db5e,bebbb551,3f0c4119,bf0b4d69,3f04db63,bebbb558,3f0c4118,1,6035691

7321,192,142,49,-753,-16369,631,-559,4503,-1668,bf0b44ac,3f04d784,bebbc418,3f0c4880,bf0b44a7,3f04d789,bebbc41e,3f0c487f,1,6044210

7322,204,156,70,-717,-16372,626,-529,4535,-1663,bf0b3a7e,3f04d5c5,bebbd052,3f0c502b,bf0b3a79,3f04d5c9,bebbd057,3f0c5029,1,6052729

7323,202,150,71,-683,-16388,614,-529,4535,-1663,bf0b2ffd,3f04d3ef,bebbdc79,3f0c5843,bf0b2ff8,3f04d3f2,bebbdc7d,3f0c5840,1,6061247

7324,187,142,49,-715,-16388,588,-543,4569,-1675,bf0b277a,3f04d092,bebbeb40,3f0c5ef0,bf0b2776,3f04d096,bebbeb46,3f0c5eee,1,6069766

7325,172,147,43,-675,-16387,629,-541,4515,-1751,bf0b2051,3f04caaa,bebbf5dd,3f0c6810,bf0b204d,3f04caae,bebbf5e3,3f0c680e,1,6078284

7326,163,136,23,-702,-16384,641,-573,4543,-1706,bf0b1a79,3f04c459,bebc04a8,3f0c6ee1,bf0b1a75,3f04c45c,bebc04ae,3f0c6edf,1,6086803

7327,165,125,5,-714,-16341,653,-573,4543,-1706,bf0b1525,3f04bcdf,bebc164d,3f0c754f,bf0b1523,3f04bce3,bebc1655,3f0c754e,1,6094821

7328,191,128,-5,-711,-16383,620,-545,4509,-1665,bf0b0e29,3f04b6db,bebc2a65,3f0c7b30,bf0b0e26,3f04b6de,bebc2a6c,3f0c7b2e,1,6103339

7329,193,142,-8,-697,-16386,667,-559,4529,-1707,bf0b086e,3f04b0c6,bebc3d35,3f0c804e,bf0b086b,3f04b0c9,bebc3d3c,3f0c804c,1,6111858

7330,196,117,-8,-735,-16366,592,-559,4529,-1707,bf0b01b3,3f04aa0a,bebc539d,3f0c85d0,bf0b01b0,3f04aa0d,bebc53a3,3f0c85cd,1,6120377

7331,178,129,8,-856,-16386,513,-555,4509,-1708,bf0afb81,3f04a349,bebc6798,3f0c8ba1,bf0afb7e,3f04a34c,bebc679e,3f0c8b9e,1,6128895

7332,117,186,56,-803,-16366,610,-573,4515,-1648,bf0af756,3f049e94,bebc6c68,3f0c9293,bf0af754,3f049e98,bebc6c6e,3f0c9290,1,6137414

7333,103,222,116,-703,-16382,584,-573,4515,-1648,bf0af190,3f049d78,bebc6646,3f0c9b62,bf0af18d,3f049d7c,bebc664b,3f0c9b5e,1,6145932

7334,102,233,110,-693,-16458,526,-559,4565,-1713,bf0aece3,3f049c68,bebc5f96,3f0ca33d,bf0aece1,3f049c6c,bebc5f9b,3f0ca33a,1,6154451

7335,61,257,84,-659,-16332,745,-589,4573,-1702,bf0aecf6,3f0498be,bebc5460,3f0caa60,bf0aecf3,3f0498c2,bebc5464,3f0caa5c,1,6162969

7336,85,251,63,-654,-16245,740,-589,4573,-1702,bf0aecc2,3f04954d,bebc4dd5,3f0cb003,bf0aecbf,3f049551,bebc4dd9,3f0cafff,1,6171488

7337,137,218,58,-793,-16182,754,-553,4535,-1734,bf0ae9eb,3f049065,bebc4f77,3f0cb6e3,bf0ae9e9,3f04906a,bebc4f7d,3f0cb6e0,1,6180006

7338,187,211,112,-796,-16366,733,-551,4567,-1759,bf0ae27b,3f048f33,bebc5207,3f0cbe80,bf0ae279,3f048f37,bebc520c,3f0cbe7d,1,6188525

7339,232,227,185,-510,-16428,623,-575,4579,-1715,bf0ad44c,3f04969d,bebc4f28,3f0cc677,bf0ad44a,3f0496a2,bebc4f2e,3f0cc674,1,6197043

7340,225,198,91,-616,-16412,669,-575,4579,-1715,bf0acaa0,3f04987f,bebc57bb,3f0ccb5e,bf0aca9d,3f049883,bebc57c0,3f0ccb5a,1,6205061

7341,222,180,29,-575,-16388,622,-601,4539,-1740,bf0ac35c,3f049781,bebc667c,3f0cce86,bf0ac359,3f049785,bebc6681,3f0cce82,1,6213580

7342,209,169,1,-800,-16416,586,-583,4607,-1652,bf0abdfe,3f049565,bebc7c6e,3f0cce76,bf0abdfb,3f049568,bebc7c73,3f0cce72,1,6222098

7343,168,184,31,-747,-16414,555,-583,4607,-1652,bf0ab922,3f04937d,bebc8a06,3f0cd07d,bf0ab920,3f049381,bebc8a0c,3f0cd07a,1,6230617

7344,112,203,68,-690,-16386,637,-595,4513,-1806,bf0ab6b1,3f048d4f,bebc88f0,3f0cd913,bf0ab6af,3f048d53,bebc88f6,3f0cd910,1,6239135

7345,81,188,79,-705,-16389,620,-567,4507,-1729,bf0ab36a,3f0486ad,bebc8613,3f0ce380,bf0ab368,3f0486b1,bebc8619,3f0ce37d,1,6247654

7346,64,174,101,-771,-16378,600,-567,4507,-1729,bf0aafae,3f047f22,bebc8229,3f0cef96,bf0aafab,3f047f25,bebc822d,3f0cef91,1,6256172

7347,39,180,154,-695,-16385,673,-619,4533,-1738,bf0aab91,3f0478cc,bebc76fb,3f0cfd51,bf0aab8e,3f0478cf,bebc76ff,3f0cfd4d,1,6264691

7348,30,170,204,-636,-16358,744,-581,4491,-1753,bf0aa49d,3f0471de,bebc644a,3f0d10e9,bf0aa49b,3f0471e2,bebc644e,3f0d10e5,1,6273209

7349,68,157,211,-567,-16296,763,-581,4491,-1753,bf0a9b09,3f046c88,bebc54c5,3f0d2482,bf0a9b07,3f046c8c,bebc54c9,3f0d247e,1,6281728

7350,110,146,187,-523,-16348,760,-591,4487,-1792,bf0a90af,3f046772,bebc4b5b,3f0d3693,bf0a90ae,3f046777,bebc4b60,3f0d368f,1,6290247

7351,156,130,133,-566,-16333,710,-525,4549,-1739,bf0a856e,3f046339,bebc4df0,3f0d44b6,bf0a856c,3f04633d,bebc4df3,3f0d44b1,1,6298765

7352,181,138,93,-501,-16384,719,-557,4569,-1688,bf0a7afd,3f0460e5,bebc5695,3f0d4e40,bf0a7afb,3f0460e9,bebc5698,3f0d4e3b,1,6306783

7353,213,132,33,-525,-16323,722,-557,4569,-1688,bf0a71ec,3f045db0,bebc6855,3f0d5438,bf0a71ea,3f045db4,bebc6857,3f0d5433,1,6315302

7354,239,134,-20,-550,-16330,723,-583,4599,-1710,bf0a6b14,3f045a14,bebc8225,3f0d55b3,bf0a6b12,3f045a18,bebc8228,3f0d55af,1,6323820

7355,262,121,-73,-571,-16389,688,-577,4571,-1780,bf0a65ac,3f0453e8,bebca2bf,3f0d55e6,bf0a65aa,3f0453ec,bebca2c2,3f0d55e2,1,6332339

7356,277,106,-118,-624,-16372,697,-577,4571,-1780,bf0a618a,3f044bea,bebcca97,3f0d5420,bf0a6188,3f044bee,bebcca9a,3f0d541c,1,6340857

7357,278,90,-135,-614,-16386,725,-537,4557,-1757,bf0a5cda,3f044270,bebcf3f1,3f0d53c4,bf0a5cd9,3f044275,bebcf3f5,3f0d53c0,1,6349376

7358,295,78,-148,-681,-16379,658,-553,4515,-1710,bf0a572f,3f043991,bebd22b0,3f0d51fd,bf0a572e,3f043996,bebd22b3,3f0d51f8,1,6357895

7359,301,76,-143,-719,-16389,646,-553,4515,-1710,bf0a5112,3f0430e2,bebd5227,3f0d5034,bf0a5110,3f0430e6,bebd5229,3f0d502f,1,6366413

7360,304,78,-109,-664,-16414,580,-651,4583,-1741,bf0a4aac,3f042b36,bebd8199,3f0d4bdf,bf0a4aaa,3f042b3a,bebd819a,3f0d4bdb,1,6374932

7361,273,88,-92,-770,-16388,605,-593,4591,-1666,bf0a4467,3f042509,bebdac40,3f0d4979,bf0a4466,3f04250e,bebdac42,3f0d4975,1,6383451

7362,246,112,-45,-735,-16374,632,-593,4591,-1666,bf0a3dcb,3f042025,bebdcd5c,3f0d4967,bf0a3dca,3f04202a,bebdcd5e,3f0d4963,1,6391969

7363,245,134,0,-646,-16390,621,-607,4547,-1721,bf0a35ba,3f041d0f,bebde632,3f0d4bd6,bf0a35b9,3f041d14,bebde633,3f0d4bd1,1,6400488

7364,229,146,-4,-624,-16417,595,-533,4565,-1673,bf0a2d87,3f041a33,bebdfbbd,3f0d4f49,bf0a2d86,3f041a38,bebdfbbe,3f0d4f44,1,6408506

7365,207,137,-18,-629,-16389,645,-579,4559,-1600,bf0a26cd,3f041675,bebe12d3,3f0d5199,bf0a26cc,3f04167a,bebe12d4,3f0d5194,1,6417024

7366,206,121,-31,-616,-16388,628,-579,4559,-1600,bf0a201d,3f0411ae,bebe2c49,3f0d540a,bf0a201c,3f0411b3,bebe2c4a,3f0d5405,1,6425543

7367,196,89,-64,-709,-16359,646,-599,4621,-1712,bf0a1c70,3f040849,bebe4be0,3f0d55c7,bf0a1c6e,3f04084e,bebe4be0,3f0d55c2,1,6434061

7368,196,86,-46,-657,-16356,668,-591,4603,-1621,bf0a16a7,3f040090,bebe69bb,3f0d5898,bf0a16a6,3f040095,bebe69bb,3f0d5893,1,6442580

7369,220,92,-34,-724,-16391,580,-591,4603,-1621,bf0a0f72,3f03fade,bebe8989,3f0d5a3e,bf0a0f70,3f03fae3,bebe8988,3f0d5a38,1,6451098

7370,210,99,-19,-733,-16358,596,-595,4541,-1700,bf0a089c,3f03f3b6,bebea4a7,3f0d5e73,bf0a089c,3f03f3bd,bebea4a8,3f0d5e6f,1,6459617

7371,191,122,24,-672,-16384,621,-577,4547,-1685,bf0a00ca,3f03ee5e,bebeb6f9,3f0d64e7,bf0a00c8,3f03ee63,bebeb6f7,3f0d64e1,1,6468135

7372,179,140,31,-666,-16374,631,-577,4547,-1685,bf09f9bd,3f03e977,bebec5c8,3f0d6b5b,bf09f9bc,3f03e97e,bebec5c7,3f0d6b57,1,6476654

7373,178,139,13,-601,-16388,674,-579,4621,-1736,bf09f452,3f03e3af,bebed598,3f0d70b4,bf09f450,3f03e3b5,bebed597,3f0d70af,1,6485173

7374,194,125,-33,-625,-16377,683,-613,4565,-1750,bf09f047,3f03dbec,bebeec18,3f0d744a,bf09f046,3f03dbf2,bebeec18,3f0d7446,1,6493691

7375,220,105,-59,-686,-16388,655,-613,4565,-1750,bf09ebde,3f03d37d,bebf0a15,3f0d7655,bf09ebdc,3f03d382,bebf0a13,3f0d7650,1,6501709

7376,235,96,-56,-733,-16353,665,-609,4565,-1724,bf09e658,3f03cb7b,bebf2abf,3f0d7826,bf09e656,3f03cb81,bebf2abe,3f0d7821,1,6510227

7377,241,83,-26,-722,-16388,565,-583,4641,-1763,bf09decc,3f03c49f,bebf4b25,3f0d7af1,bf09deca,3f03c4a5,bebf4b24,3f0d7aec,1,6518746

7378,218,88,-2,-747,-16337,615,-609,4561,-1653,bf09d66e,3f03be8e,bebf6763,3f0d7f31,bf09d66c,3f03be94,bebf6762,3f0d7f2c,1,6527264

7379,215,107,37,-680,-16387,582,-609,4561,-1653,bf09cc88,3f03bb0c,bebf7d82,3f0d849f,bf09cc86,3f03bb12,bebf7d81,3f0d849a,1,6535783

7380,213,100,54,-678,-16363,611,-597,4609,-1767,bf09c301,3f03b5c9,bebf9179,3f0d8c09,bf09c2ff,3f03b5cf,bebf9177,3f0d8c03,1,6544301

7381,209,101,51,-629,-16382,642,-545,4559,-1758,bf09b8a7,3f03af8c,bebfa228,3f0d9645,bf09b8a5,3f03af92,bebfa227,3f0d9640,1,6552820

7382,213,116,25,-591,-16389,614,-545,4559,-1758,bf09af83,3f03a9cc,bebfb3d0,3f0d9e86,bf09af81,3f03a9d2,bebfb3cf,3f0d9e81,1,6561339

7383,218,121,-25,-620,-16388,638,-605,4555,-1699,bf09a90f,3f03a427,bebfcc5a,3f0da1bf,bf09a90d,3f03a42d,bebfcc59,3f0da1ba,1,6569857

7384,218,104,-59,-641,-16381,618,-605,4567,-1604,bf09a2fc,3f039e24,bebfeb17,3f0da2d2,bf09a2fb,3f039e2b,bebfeb16,3f0da2ce,1,6578376

7385,229,100,-82,-687,-16384,618,-605,4567,-1604,bf099d94,3f039778,bec00db3,3f0da28c,bf099d92,3f03977f,bec00db1,3f0da287,1,6586894

7386,228,94,-91,-661,-16369,608,-577,4551,-1677,bf09986c,3f038eed,bec02f54,3f0da417,bf099869,3f038ef4,bec02f52,3f0da411,1,6595413

7387,233,103,-101,-705,-16379,618,-619,4585,-1713,bf09950f,3f038676,bec0530d,3f0da318,bf09950d,3f03867e,bec0530d,3f0da313,1,6603931

7388,238,113,-98,-703,-16385,592,-619,4585,-1713,bf099184,3f037efa,bec07615,3f0da197,bf099181,3f037f01,bec07613,3f0da191,1,6611949

7389,236,116,-95,-769,-16373,626,-581,4537,-1666,bf098d43,3f037709,bec097c1,3f0da1a7,bf098d40,3f037711,bec097c0,3f0da1a2,1,6620468

7390,230,119,-66,-810,-16385,561,-639,4555,-1799,bf098a1b,3f036e67,bec0b711,3f0da215,bf098a17,3f036e6e,bec0b70f,3f0da20f,1,6628986

7391,220,122,-18,-797,-16396,536,-595,4571,-1761,bf098428,3f0367bb,bec0d085,3f0da562,bf098425,3f0367c3,bec0d084,3f0da55e,1,6637505

7392,190,140,20,-729,-16386,578,-595,4571,-1761,bf097e1e,3f0361c3,bec0e0f3,3f0dab31,bf097e1b,3f0361cb,bec0e0f2,3f0dab2d,1,6646023

7393,165,150,44,-664,-16366,612,-639,4561,-1747,bf097883,3f035c91,bec0ec17,3f0db1a7,bf097880,3f035c98,bec0ec16,3f0db1a3,1,6654542

7394,178,147,30,-709,-16386,610,-613,4583,-1810,bf097398,3f0355d7,bec0f95c,3f0db825,bf097395,3f0355dd,bec0f95b,3f0db821,1,6663060

7395,186,131,24,-700,-16386,639,-613,4583,-1810,bf096e2b,3f034e5a,bec108f8,3f0dbf08,bf096e28,3f034e60,bec108f6,3f0dbf03,1,6671579

7396,200,121,21,-675,-16387,614,-585,4571,-1705,bf09663f,3f0348ea,bec11b76,3f0dc574,bf09663d,3f0348f0,bec11b75,3f0dc570,1,6680098

7397,197,114,12,-710,-16362,618,-621,4557,-1714,bf095f49,3f03428e,bec13014,3f0dcb10,bf095f47,3f034294,bec13013,3f0dcb0c,1,6688616

7398,205,113,9,-678,-16390,599,-621,4557,-1714,bf0957d8,3f033cbe,bec14572,3f0dd05f,bf0957d5,3f033cc3,bec14570,3f0dd05b,1,6697135

7399,206,106,1,-705,-16388,581,-623,4623,-1698,bf0950d9,3f033728,bec15e12,3f0dd3ea,bf0950d7,3f03372e,bec15e11,3f0dd3e7,1,6705653

7400,217,99,-6,-692,-16389,575,-611,4569,-1748,bf094963,3f03303a,bec176df,3f0dd918,bf094962,3f033040,bec176de,3f0dd915,1,6714172

7401,206,97,-13,-732,-16377,546,-611,4569,-1748,bf0942c1,3f03287a,bec1902a,3f0dde10,bf0942c0,3f03287f,bec19028,3f0dde0c,1,6722190

7402,193,119,-6,-732,-16380,555,-639,4569,-1723,bf093d2e,3f032204,bec1a698,3f0de1c6,bf093d2d,3f032209,bec1a696,3f0de1c2,1,6730708

7403,183,137,-1,-714,-16388,555,-599,4585,-1717,bf0937d4,3f031c0c,bec1b90f,3f0de62a,bf0937d2,3f031c10,bec1b90c,3f0de626,1,6739227

7404,175,138,4,-732,-16393,599,-585,4563,-1702,bf09326c,3f03156d,bec1c9a1,3f0debda,bf09326a,3f031572,bec1c99f,3f0debd6,1,6747745

7405,176,127,13,-736,-16382,554,-585,4563,-1702,bf092c0e,3f030ef1,bec1dae0,3f0df21a,bf092c0d,3f030ef6,bec1dadf,3f0df217,1,6756264

7406,173,134,33,-733,-16388,582,-595,4537,-1758,bf0925ac,3f0307ef,bec1e837,3f0dfa2e,bf0925ab,3f0307f4,bec1e836,3f0dfa2b,1,6764782

7407,160,134,37,-704,-16383,595,-619,4519,-1709,bf091f49,3f030186,bec1f488,3f0e0210,bf091f48,3f03018b,bec1f487,3f0e020d,1,6773301

7408,172,128,33,-652,-16378,627,-619,4519,-1709,bf09183c,3f02fb48,bec201e9,3f0e0a0f,bf09183a,3f02fb4c,bec201e7,3f0e0a0b,1,6781819

7409,197,110,11,-768,-16368,539,-639,4581,-1757,bf0911e9,3f02f484,bec21863,3f0e0eba,bf0911e7,3f02f488,bec21861,3f0e0eb6,1,6790338

7410,187,130,13,-711,-16346,622,-625,4565,-1651,bf090b5a,3f02ef76,bec22b40,3f0e1345,bf090b58,3f02ef7a,bec22b3f,3f0e1342,1,6798857

7411,195,142,29,-672,-16387,592,-625,4565,-1651,bf0903c7,3f02ec43,bec23c0d,3f0e17c7,bf0903c5,3f02ec47,bec23c0c,3f0e17c4,1,6807375

7412,204,138,8,-649,-16393,597,-645,4587,-1729,bf08fda2,3f02e7ca,bec24f63,3f0e1b37,bf08fda1,3f02e7cf,bec24f62,3f0e1b34,1,6815894

7413,215,129,-33,-686,-16381,590,-601,4509,-1700,bf08f782,3f02e15b,bec26680,3f0e1f23,bf08f780,3f02e160,bec2667e,3f0e1f1f,1,6823911

7414,220,126,-60,-734,-16392,589,-601,4509,-1700,bf08f28f,3f02d9e3,bec28149,3f0e21a2,bf08f28c,3f02d9e7,bec28146,3f0e219d,1,6832430

7415,210,115,-57,-757,-16390,566,-601,4561,-1653,bf08ed7f,3f02d2c3,bec29dbf,3f0e2352,bf08ed7e,3f02d2c9,bec29dbf,3f0e234f,1,6840949

7416,197,118,-31,-760,-16379,591,-591,4593,-1692,bf08e860,3f02cb57,bec2b60e,3f0e26c2,bf08e85f,3f02cb5d,bec2b60e,3f0e26bf,1,6849467

7417,197,131,-9,-754,-16387,571,-609,4569,-1694,bf08e29b,3f02c55b,bec2cb54,3f0e2a89,bf08e29a,3f02c561,bec2cb53,3f0e2a85,1,6857986

7418,188,136,3,-738,-16387,614,-609,4569,-1694,bf08dce6,3f02bf55,bec2ddb6,3f0e2f46,bf08dce4,3f02bf5b,bec2ddb4,3f0e2f42,1,6866504

7419,196,125,5,-768,-16388,576,-603,4585,-1774,bf08d730,3f02b7f6,bec2f155,3f0e34d2,bf08d72f,3f02b7fd,bec2f154,3f0e34ce,1,6875023

7420,198,119,26,-753,-16386,581,-573,4569,-1717,bf08cf23,3f02b1c1,bec30362,3f0e3c18,bf08cf21,3f02b1c7,bec3035f,3f0e3c12,1,6883541

7421,186,126,46,-738,-16382,579,-573,4569,-1717,bf08c6ce,3f02ac0f,bec311c4,3f0e4467,bf08c6cd,3f02ac15,bec311c3,3f0e4462,1,6892060

7422,197,130,59,-729,-16391,575,-597,4571,-1681,bf08bd77,3f02a862,bec320be,3f0e4b9f,bf08bd76,3f02a868,bec320bc,3f0e4b9a,1,6900579

7423,183,117,60,-720,-16369,561,-587,4597,-1722,bf08b496,3f02a30f,bec32f22,3f0e541c,bf08b495,3f02a315,bec32f20,3f0e5417,1,6909097

7424,173,116,59,-703,-16363,568,-587,4597,-1722,bf08ac1a,3f029d3c,bec33c80,3f0e5d04,bf08ac19,3f029d41,bec33c7e,3f0e5cff,1,6917115

7425,179,119,52,-701,-16340,588,-587,4545,-1780,bf08a417,3f0295e1,bec348cb,3f0e673c,bf08a416,3f0295e6,bec348c9,3f0e6737,1,6925634

7426,190,128,40,-684,-16379,593,-551,4597,-1711,bf089b9f,3f029089,bec35732,3f0e6f52,bf089b9e,3f02908e,bec35730,3f0e6f4d,1,6934152

7427,200,142,26,-708,-16384,587,-551,4597,-1711,bf0893ee,3f028bc1,bec366de,3f0e75b4,bf0893ee,3f028bc6,bec366dd,3f0e75b0,1,6942671

7428,212,141,27,-706,-16370,585,-561,4583,-1814,bf088ca7,3f028580,bec3760b,3f0e7d35,bf088ca7,3f028585,bec3760a,3f0e7d31,1,6951189

7429,218,133,23,-665,-16386,578,-573,4535,-1754,bf08840d,3f028033,bec386bc,3f0e8494,bf08840d,3f028038,bec386bb,3f0e8490,1,6959708

7430,208,125,-3,-668,-16388,553,-607,4559,-1697,bf087cd7,3f027af3,bec39bcc,3f0e890f,bf087cd7,3f027af8,bec39bcb,3f0e890b,1,6968227

7431,199,118,-24,-692,-16389,566,-607,4559,-1697,bf0876f1,3f02740e,bec3b2a5,3f0e8d30,bf0876f1,3f027412,bec3b2a3,3f0e8d2b,1,6976745

7432,191,101,-36,-688,-16389,583,-637,4585,-1663,bf0871a9,3f026c83,bec3ccae,3f0e9031,bf0871aa,3f026c87,bec3ccac,3f0e902d,1,6985264

7433,196,96,-49,-717,-16377,565,-609,4515,-1726,bf086c74,3f0262a3,bec3e673,3f0e955e,bf086c74,3f0262a6,bec3e671,3f0e955a,1,6993782

7434,203,84,-52,-659,-16388,616,-609,4515,-1726,bf086692,3f025857,bec400ee,3f0e9b50,bf086693,3f02585b,bec400ed,3f0e9b4d,1,7002301

7435,210,64,-72,-760,-16346,560,-625,4579,-1719,bf086181,3f024d75,bec422f9,3f0e9e66,bf086182,3f024d78,bec422f8,3f0e9e62,1,7010819

7436,209,70,-65,-706,-16388,571,-613,4549,-1755,bf085c13,3f02423c,bec4417b,3f0ea359,bf085c15,3f02423f,bec4417b,3f0ea355,1,7019338

7437,219,48,-68,-801,-16374,552,-613,4549,-1755,bf08560b,3f0235f0,bec4648c,3f0ea846,bf08560d,3f0235f3,bec4648c,3f0ea842,1,7027356

7438,204,42,-36,-876,-16330,524,-553,4533,-1759,bf084e65,3f0228ad,bec48361,3f0eb111,bf084e66,3f0228af,bec48361,3f0eb10c,1,7035874

7439,198,69,33,-696,-16388,565,-605,4557,-1682,bf0843f6,3f022174,bec49942,3f0eba17,bf0843f7,3f022176,bec49942,3f0eba12,1,7044393

7440,206,82,24,-771,-16389,567,-605,4557,-1682,bf083a68,3f021a79,bec4b078,3f0ec195,bf083a69,3f021a7b,bec4b078,3f0ec190,1,7052911

7441,208,95,22,-762,-16392,553,-583,4549,-1715,bf083125,3f02136d,bec4c5b6,3f0ec984,bf083127,3f021370,bec4c5b6,3f0ec97f,1,7061430

7442,217,98,42,-712,-16389,539,-581,4569,-1694,bf08264c,3f020e70,bec4d9d6,3f0ed17a,bf08264d,3f020e73,bec4d9d6,3f0ed174,1,7069949

7443,214,89,47,-781,-16344,560,-617,4573,-1760,bf081c92,3f0207a9,bec4eedf,3f0ed9aa,bf081c94,3f0207ad,bec4eedf,3f0ed9a5,1,7078467

7444,221,119,58,-719,-16411,515,-617,4573,-1760,bf08127b,3f0203b0,bec50066,3f0ee0d9,bf08127c,3f0203b3,bec50064,3f0ee0d3,1,7086986

7445,208,117,48,-690,-16388,519,-593,4585,-1699,bf08087e,3f01ffbe,bec511cd,3f0ee7f3,bf080880,3f01ffc2,bec511cc,3f0ee7ee,1,7095504

7446,189,112,30,-725,-16391,511,-593,4573,-1706,bf080023,3f01f9c5,bec523a3,3f0eef2f,bf080025,3f01f9c9,bec523a2,3f0eef2a,1,7104023

7447,163,104,10,-745,-16388,524,-593,4573,-1706,bf07f9b8,3f01f165,bec535a0,3f0ef6b4,bf07f9ba,3f01f168,bec5359f,3f0ef6af,1,7112542

7448,145,108,18,-754,-16395,530,-569,4537,-1643,bf07f2dc,3f01e911,bec544b0,3f0eff97,bf07f2df,3f01e915,bec544b0,3f0eff92,1,7121060

7449,141,111,34,-753,-16387,573,-547,4573,-1727,bf07ec4e,3f01df99,bec55049,3f0f0a6e,bf07ec50,3f01df9c,bec55047,3f0f0a68,1,7129579

7450,141,103,42,-752,-16366,549,-547,4573,-1727,bf07e505,3f01d636,bec55c23,3f0f15c9,bf07e507,3f01d639,bec55c21,3f0f15c3,1,7137597

7451,136,114,47,-722,-16387,547,-585,4547,-1674,bf07ddc1,3f01ce88,bec566fa,3f0f1fe8,bf07ddc4,3f01ce8b,bec566f8,3f0f1fe2,1,7146115

7452,142,109,50,-742,-16372,555,-571,4605,-1701,bf07d67c,3f01c6b4,bec5730f,3f0f29be,bf07d67f,3f01c6b7,bec5730e,3f0f29b8,1,7154634

7453,145,108,60,-767,-16375,561,-571,4605,-1701,bf07ceb9,3f01bf1c,bec57efb,3f0f33df,bf07cebc,3f01bf1f,bec57efa,3f0f33d9,1,7163153

7454,143,113,78,-746,-16325,581,-561,4567,-1673,bf07c5c3,3f01b841,bec587e9,3f0f3f80,bf07c5c6,3f01b843,bec587e8,3f0f3f79,1,7171671

7455,159,128,94,-717,-16389,561,-567,4545,-1676,bf07bb95,3f01b382,bec58f30,3f0f4aee,bf07bb99,3f01b385,bec58f31,3f0f4ae8,1,7180190

7456,164,138,95,-683,-16372,585,-563,4575,-1733,bf07b205,3f01aeb8,bec594f0,3f0f5656,bf07b208,3f01aebb,bec594f0,3f0f564f,1,7188708

7457,179,129,75,-646,-16345,603,-563,4575,-1733,bf07a861,3f01a995,bec59e0a,3f0f60fb,bf07a864,3f01a998,bec59e0b,3f0f60f5,1,7197227

7458,206,115,50,-597,-16389,600,-569,4541,-1706,bf079dad,3f01a4bb,bec5ac75,3f0f6a84,bf079db0,3f01a4be,bec5ac76,3f0f6a7e,1,7205745

7459,226,116,-20,-629,-16388,595,-593,4585,-1696,bf07961c,3f019f24,bec5c49a,3f0f6e68,bf07961f,3f019f27,bec5c49b,3f0f6e62,1,7214264

7460,236,98,-85,-669,-16377,601,-593,4585,-1696,bf0790cf,3f0196be,bec5e542,3f0f6fbd,bf0790d2,3f0196c1,bec5e543,3f0f6fb7,1,7222782

7461,255,93,-102,-747,-16388,535,-547,4569,-1696,bf078acf,3f018de7,bec609b2,3f0f70d3,bf078ad2,3f018dea,bec609b3,3f0f70cd,1,7231301

7462,253,87,-95,-786,-16334,578,-593,4569,-1653,bf0784eb,3f018575,bec62f9a,3f0f70ee,bf0784ee,3f018577,bec62f9a,3f0f70e8,1,7239319

7463,258,99,-65,-745,-16386,485,-593,4569,-1653,bf077d3d,3f017fa9,bec65253,3f0f716b,bf077d40,3f017fab,bec65252,3f0f7165,1,7247838

7464,244,118,-55,-753,-16406,497,-615,4605,-1724,bf07776b,3f0179ac,bec67148,3f0f719d,bf07776f,3f0179af,bec67149,3f0f7198,1,7256356

7465,212,113,-50,-774,-16389,517,-555,4519,-1715,bf07715f,3f0170bf,bec68a90,3f0f76a1,bf077163,3f0170c2,bec68a91,3f0f769c,1,7264875

7466,190,114,-20,-734,-16385,535,-555,4519,-1715,bf076abb,3f0167f4,bec69e66,3f0f7dfa,bf076abf,3f0167f6,bec69e66,3f0f7df4,1,7273393

7467,188,116,-10,-733,-16386,508,-483,4555,-1704,bf0762f2,3f015f85,bec6b06f,3f0f86ac,bf0762f6,3f015f87,bec6b06f,3f0f86a6,1,7281912

7468,176,110,-11,-734,-16381,544,-589,4543,-1716,bf075cf4,3f0156a8,bec6c39f,3f0f8dae,bf075cf7,3f0156a9,bec6c39e,3f0f8da8,1,7290430

7469,181,118,-21,-748,-16383,526,-521,4561,-1684,bf075684,3f014e2b,bec6d6fc,3f0f94b2,bf075687,3f014e2c,bec6d6fa,3f0f94ac,1,7298949

7470,194,124,-33,-768,-16371,545,-521,4561,-1684,bf075071,3f0145e4,bec6ec28,3f0f9a89,bf075075,3f0145e5,bec6ec27,3f0f9a83,1,7307468

7471,198,134,-22,-813,-16341,553,-531,4545,-1732,bf074aa9,3f013d66,bec6ffa0,3f0fa0e2,bf074aad,3f013d68,bec6ff9f,3f0fa0de,1,7315986

7472,207,141,12,-732,-16357,570,-573,4609,-1695,bf074361,3f0138aa,bec711bb,3f0fa5bc,bf074363,3f0138ab,bec711b8,3f0fa5b7,1,7324505

7473,220,132,17,-756,-16388,503,-573,4609,-1695,bf073ae4,3f01349d,bec72637,3f0faa45,bf073ae6,3f01349e,bec72635,3f0faa41,1,7332523

7474,206,140,15,-788,-16364,567,-565,4545,-1657,bf0732f2,3f012f99,bec7381d,3f0fb00d,bf0732f4,3f012f9b,bec7381d,3f0fb00a,1,7341041

7475,221,141,55,-739,-16378,548,-579,4603,-1719,bf07293d,3f012c94,bec747c9,3f0fb677,bf07293e,3f012c96,bec747c8,3f0fb673,1,7349560

7476,234,121,72,-708,-16398,538,-579,4603,-1719,bf071d58,3f0129fb,bec758ac,3f0fbe20,bf071d59,3f0129fd,bec758ac,3f0fbe1c,1,7358079

7477,232,95,55,-736,-16369,575,-593,4591,-1719,bf0711e5,3f01250f,bec76d60,3f0fc621,bf0711e6,3f012512,bec76d61,3f0fc61e,1,7366597

7478,258,85,51,-735,-16390,504,-571,4579,-1697,bf07046e,3f012147,bec785e2,3f0fcdac,bf07046e,3f012149,bec785e2,3f0fcda8,1,7375115

7479,252,112,45,-707,-16407,519,-571,4579,-1697,bf06f851,3f011e51,bec79b71,3f0fd438,bf06f851,3f011e53,bec79b71,3f0fd434,1,7383634

7480,240,131,16,-703,-16400,479,-581,4541,-1764,bf06ef02,3f0119a4,bec7af76,3f0fda37,bf06ef02,3f0119a6,bec7af76,3f0fda33,1,7392153

7481,231,132,-8,-691,-16400,444,-577,4559,-1717,bf06e6bd,3f011519,bec7c59c,3f0fde59,bf06e6bd,3f01151c,bec7c59d,3f0fde56,1,7400672

7482,207,135,-36,-715,-16390,485,-577,4559,-1717,bf06e12e,3f010e40,bec7db94,3f0fe214,bf06e12e,3f010e42,bec7db94,3f0fe211,1,7409190

7483,186,124,-59,-742,-16386,495,-545,4575,-1739,bf06dd4b,3f010465,bec7f1e9,3f0fe6ce,bf06dd4b,3f010467,bec7f1e9,3f0fe6cb,1,7417709

7484,185,121,-62,-747,-16379,479,-599,4573,-1726,bf06d9fa,3f00fb16,bec80a3c,3f0fe9cf,bf06d9fa,3f00fb18,bec80a3c,3f0fe9cc,1,7426227

7485,158,127,-50,-736,-16388,531,-605,4573,-1702,bf06d768,3f00f167,bec81e53,3f0fede9,bf06d769,3f00f169,bec81e54,3f0fede6,1,7434746

7486,149,127,-48,-769,-16381,557,-605,4573,-1702,bf06d55c,3f00e704,bec83195,3f0ff270,bf06d55c,3f00e705,bec83195,3f0ff26c,1,7442764

7487,171,130,-33,-781,-16387,512,-561,4577,-1732,bf06d15f,3f00dd9e,bec8446f,3f0ff807,bf06d15f,3f00dda0,bec8446f,3f0ff803,1,7451282

7488,183,133,-14,-788,-16387,492,-613,4553,-1785,bf06cd01,3f00d4eb,bec856ca,3f0ffd83,bf06cd02,3f00d4ee,bec856cb,3f0ffd80,1,7459801

7489,169,129,9,-764,-16387,500,-613,4553,-1785,bf06c7e6,3f00cc40,bec865cd,3f1004d3,bf06c7e6,3f00cc43,bec865cd,3f1004d0,1,7468320

7490,162,139,21,-736,-16383,527,-593,4575,-1685,bf06c1cf,3f00c5ea,bec8730f,3f100b94,bf06c1d0,3f00c5ed,bec8730f,3f100b92,1,7476838

7491,169,138,16,-739,-16390,536,-591,4575,-1713,bf06bbdf,3f00bf1c,bec88102,3f10125d,bf06bbdf,3f00bf1f,bec88101,3f10125b,1,7485357

7492,173,142,8,-764,-16371,519,-591,4575,-1713,bf06b657,3f00b864,bec89020,3f101847,bf06b656,3f00b866,bec8901f,3f101844,1,7493875

7493,171,139,3,-706,-16358,564,-625,4585,-1737,bf06b196,3f00b13d,bec89f42,3f101dd8,bf06b195,3f00b13f,bec89f41,3f101dd5,1,7502394

7494,183,136,-5,-736,-16377,556,-569,4527,-1726,bf06ab8c,3f00a946,bec8aebe,3f102536,bf06ab8b,3f00a949,bec8aebd,3f102533,1,7510913

7495,204,124,-15,-736,-16382,520,-569,4527,-1726,bf06a48e,3f00a1a0,bec8c269,3f102bb6,bf06a48d,3f00a1a3,bec8c268,3f102bb3,1,7519431

7496,212,124,-34,-726,-16388,509,-569,4573,-1717,bf069e43,3f009a67,bec8d948,3f103014,bf069e42,3f009a69,bec8d946,3f103010,1,7527950

7497,211,118,-53,-731,-16390,551,-607,4561,-1762,bf0699a9,3f00914c,bec8f1db,3f1033ee,bf0699a9,3f00914f,bec8f1db,3f1033eb,1,7536469

7498,223,111,-66,-796,-16392,492,-615,4577,-1734,bf0694fa,3f0088ca,bec90f79,3f103590,bf0694fa,3f0088cd,bec90f79,3f10358d,1,7544987

7499,214,113,-55,-812,-16388,508,-615,4577,-1734,bf069057,3f00801e,bec92b20,3f1037fb,bf069057,3f008021,bec92b20,3f1037f8,1,7553005

7500,202,117,-31,-835,-16385,502,-573,4549,-1794,bf068b20,3f0075f5,bec9411a,3f103e3a,bf068b21,3f0075f8,bec9411a,3f103e38,1,7561524

7501,191,128,-5,-793,-16388,492,-647,4589,-1745,bf0685f5,3f006f13,bec955a1,3f104206,bf0685f5,3f006f15,bec955a0,3f104202,1,7570042

7502,180,134,24,-803,-16388,501,-647,4589,-1745,bf068025,3f0068cf,bec96627,3f10473e,bf068026,3f0068d2,bec96627,3f10473b,1,7578561

7503,165,147,51,-780,-16380,488,-601,4615,-1713,bf067946,3f0063f0,bec97157,3f104e16,bf067947,3f0063f3,bec97157,3f104e13,1,7587079

7504,162,145,58,-790,-16383,514,-605,4589,-1595,bf06714c,3f006065,bec97cfb,3f10549a,bf06714d,3f006067,bec97cfb,3f105497,1,7595598

7505,161,145,62,-738,-16388,538,-605,4589,-1595,bf066906,3f005d09,bec98767,3f105baa,bf066906,3f005d0a,bec98765,3f105ba5,1,7604117

7506,160,142,58,-735,-16390,501,-615,4571,-1767,bf066214,3f0056de,bec9901f,3f106490,bf066215,3f0056e0,bec9901f,3f10648c,1,7612635

7507,159,116,39,-743,-16385,526,-601,4539,-1676,bf065a38,3f004fc3,bec99d1e,3f106da8,bf065a39,3f004fc5,bec99d1e,3f106da4,1,7621154

7508,171,115,14,-724,-16382,526,-601,4539,-1676,bf0652ea,3f00486a,bec9ad39,3f10755a,bf0652ec,3f00486d,bec9ad3a,3f107557,1,7629672

7509,178,111,-7,-748,-16387,474,-633,4571,-1626,bf064c58,3f004202,bec9c2b2,3f1079a8,bf064c5a,3f004204,bec9c2b2,3f1079a4,1,7638191

7510,167,115,-18,-740,-16382,490,-601,4595,-1701,bf064739,3f00399f,bec9d618,3f107f16,bf06473a,3f0039a1,bec9d617,3f107f12,1,7646710

7511,159,110,-25,-760,-16385,524,-607,4579,-1690,bf0642b1,3f00302b,bec9e9c5,3f1084d0,bf0642b2,3f00302e,bec9e9c5,3f1084cc,1,7654727

7512,159,107,-32,-810,-16379,539,-607,4579,-1690,bf063eac,3f0025f6,bec9fed0,3f108a3f,bf063ead,3f0025f9,bec9fed0,3f108a3b,1,7663246

7513,168,120,-10,-920,-16384,493,-641,4577,-1676,bf063a4e,3f001dc9,beca1461,3f108e04,bf063a4e,3f001dcc,beca1460,3f108dff,1,7671764

7514,167,136,47,-682,-16378,572,-617,4561,-1676,bf063280,3f001894,beca1f1a,3f10961f,bf063280,3f001897,beca1f1a,3f10961b,1,7680283

7515,187,132,29,-773,-16366,549,-617,4561,-1676,bf062af6,3f001320,beca2efe,3f109c66,bf062af6,3f001324,beca2eff,3f109c63,1,7688802

7516,212,128,11,-762,-16369,509,-657,4579,-1659,bf06235c,3f000f19,beca44bb,3f109f6a,bf06235c,3f000f1d,beca44bb,3f109f66,1,7697320

7517,223,137,8,-744,-16389,525,-635,4567,-1672,bf061b78,3f000b5c,beca59af,3f10a2b7,bf061b78,3f000b60,beca59af,3f10a2b3,1,7705839

7518,215,131,-6,-784,-16385,515,-635,4567,-1672,bf06148c,3f000659,beca7022,3f10a5b7,bf06148b,3f00065c,beca7022,3f10a5b3,1,7714357

7519,214,133,-7,-744,-16404,481,-615,4599,-1734,bf060de8,3f0000da,beca853f,3f10a958,bf060de8,3f0000dd,beca853f,3f10a954,1,7722876

7520,199,133,-16,-781,-16388,449,-605,4599,-1708,bf060812,3efff57d,beca9a82,3f10acb6,bf060812,3efff584,beca9a83,3f10acb2,1,7731395

7521,171,130,-17,-788,-16389,491,-605,4599,-1708,bf060389,3effe5bd,becaad30,3f10b157,bf060389,3effe5c5,becaad31,3f10b153,1,7739913

7522,162,130,0,-759,-16389,492,-595,4595,-1681,bf05fe10,3effd740,becabd3e,3f10b731,bf05fe10,3effd748,becabd3f,3f10b72d,1,7748432

7523,145,123,-7,-778,-16388,487,-599,4593,-1647,bf05f943,3effc711,becacdab,3f10bd09,bf05f943,3effc718,becacdab,3f10bd04,1,7756450

7524,136,120,2,-843,-16363,518,-623,4601,-1702,bf05f57c,3effb41b,becadd4f,3f10c36d,bf05f57c,3effb423,becadd50,3f10c369,1,7764968

7525,135,130,34,-787,-16393,485,-623,4601,-1702,bf05f022,3effa54f,becae8c6,3f10cae5,bf05f022,3effa557,becae8c7,3f10cae1,1,7773487

7526,132,130,54,-807,-16390,500,-573,4555,-1679,bf05e908,3eff963a,becaf0e4,3f10d546,bf05e908,3eff9641,becaf0e4,3f10d541,1,7782005

7527,119,125,63,-790,-16379,502,-617,4575,-1735,bf05e2eb,3eff858e,becaf7c6,3f10dfdd,bf05e2eb,3eff8596,becaf7c7,3f10dfd8,1,7790524

7528,109,133,71,-740,-16386,536,-617,4575,-1735,bf05dcf9,3eff7566,becafb73,3f10eb32,bf05dcf9,3eff756e,becafb74,3f10eb2d,1,7799043

7529,117,138,65,-750,-16366,559,-563,4557,-1709,bf05d648,3eff6526,becafed2,3f10f759,bf05d649,3eff6530,becafed5,3f10f755,1,7807562

7530,132,138,63,-738,-16381,549,-599,4539,-1705,bf05cf40,3eff56fa,becb0461,3f110222,bf05cf40,3eff5701,becb0463,3f11021d,1,7816080

7531,146,129,46,-750,-16363,529,-599,4539,-1705,bf05c824,3eff4837,becb0de0,3f110bde,bf05c824,3eff483e,becb0de2,3f110bd9,1,7824599

7532,161,128,29,-764,-16373,568,-585,4541,-1693,bf05c121,3eff38ff,becb1a1f,3f1114be,bf05c121,3eff3906,becb1a21,3f1114b9,1,7833117

7533,179,141,23,-739,-16342,557,-593,4543,-1604,bf05b96d,3eff2f84,becb28c2,3f111ae3,bf05b96d,3eff2f8c,becb28c4,3f111adf,1,7841636

7534,184,141,16,-743,-16382,565,-593,4543,-1604,bf05b1e2,3eff25de,becb386f,3f112096,bf05b1e2,3eff25e6,becb3871,3f112092,1,7849654

7535,196,130,-4,-753,-16335,566,-571,4567,-1655,bf05aabc,3eff192a,becb4b30,3f112631,bf05aabc,3eff1930,becb4b31,3f11262e,1,7858172

7536,226,123,-15,-764,-16387,544,-591,4599,-1676,bf05a32c,3eff0e22,becb633c,3f112994,bf05a32c,3eff0e28,becb633d,3f112991,1,7866691

7537,242,129,-14,-728,-16388,555,-585,4593,-1678,bf059adc,3eff0512,becb7b56,3f112cc5,bf059adc,3eff0518,becb7b57,3f112cc2,1,7875209

7538,236,119,-21,-749,-16386,533,-585,4593,-1678,bf0592d4,3efefa17,becb94b7,3f113016,bf0592d4,3efefa1d,becb94b9,3f113013,1,7883728

7539,257,111,-36,-751,-16413,486,-569,4595,-1763,bf058aaf,3efeecad,becbb0c4,3f1133a1,bf058aae,3efeecb2,becbb0c5,3f11339e,1,7892246

7540,245,110,-53,-748,-16412,466,-647,4579,-1654,bf0583bd,3efee20b,becbd059,3f11339c,bf0583bb,3efee20f,becbd059,3f113398,1,7900765

7541,225,122,-64,-780,-16400,455,-647,4579,-1654,bf057eaa,3efed5cb,becbee44,3f113323,bf057eaa,3efed5d2,becbee47,3f113321,1,7909284

7542,204,123,-64,-844,-16352,452,-609,4617,-1679,bf057ac6,3efec62e,becc0a3c,3f1133bf,bf057ac5,3efec633,becc0a3d,3f1133bc,1,7917802

7543,173,144,-37,-802,-16392,501,-569,4621,-1656,bf0576ea,3efeb76e,becc1d9e,3f1136f4,bf0576e9,3efeb772,becc1d9e,3f1136f0,1,7926321

7544,169,139,-15,-845,-16339,528,-569,4621,-1656,bf05724f,3efea86b,becc2f89,3f113b79,bf05724e,3efea86f,becc2f89,3f113b75,1,7934839

7545,174,148,5,-812,-16379,503,-623,4605,-1751,bf056ddc,3efe9a75,becc3edb,3f11404a,bf056ddc,3efe9a7b,becc3edd,3f114047,1,7943358

7546,173,168,31,-763,-16393,521,-605,4557,-1732,bf0567ff,3efe8fe5,becc4861,3f1146f5,bf0567fe,3efe8fea,becc4862,3f1146f2,1,7951877

7547,173,141,24,-758,-16383,539,-605,4557,-1732,bf05619a,3efe820e,becc54a8,3f114e92,bf05619a,3efe8214,becc54aa,3f114e8f,1,7959894

7548,186,139,17,-762,-16393,502,-597,4587,-1689,bf055a94,3efe7707,becc6443,3f11545c,bf055a94,3efe770d,becc6445,3f115459,1,7968413

7549,178,131,8,-817,-16385,524,-609,4577,-1741,bf0554e8,3efe673c,becc7470,3f115aca,bf0554e8,3efe6741,becc7472,3f115ac6,1,7976931

7550,178,129,17,-763,-16384,529,-567,4595,-1671,bf054d8a,3efe5a40,becc83aa,3f1161df,bf054d8a,3efe5a45,becc83ac,3f1161db,1,7985450

7551,188,131,24,-776,-16386,512,-567,4595,-1671,bf05457e,3efe4ee5,becc9362,3f1168ae,bf05457e,3efe4eeb,becc9365,3f1168aa,1,7993969

7552,178,121,25,-773,-16370,506,-613,4593,-1674,bf053e02,3efe429b,becca3e8,3f116f19,bf053e02,3efe42a1,becca3eb,3f116f15,1,8002487

7553,187,125,22,-765,-16388,532,-597,4567,-1602,bf0535a2,3efe3866,beccb521,3f11752c,bf0535a2,3efe386d,beccb525,3f117528,1,8011015

7554,197,126,10,-765,-16389,502,-597,4567,-1602,bf052d5c,3efe2ebc,beccc86e,3f117a2d,bf052d5b,3efe2ec2,beccc871,3f117a29,1,8019534

7555,204,129,6,-787,-16381,525,-613,4533,-1688,bf0525d5,3efe224f,beccdb2c,3f117fe6,bf0525d5,3efe2256,beccdb30,3f117fe2,1,8028053

7556,195,128,7,-791,-16388,508,-577,4617,-1702,bf051ec4,3efe1572,becced85,3f118585,bf051ec3,3efe1578,becced89,3f118580,1,8036571

7557,191,123,11,-779,-16395,495,-577,4617,-1702,bf051766,3efe0857,beccff84,3f118ba4,bf051766,3efe085e,beccff89,3f118ba0,1,8045090

7558,189,118,17,-801,-16388,497,-615,4571,-1650,bf050f91,3efdfc53,becd1264,3f119167,bf050f90,3efdfc58,becd1268,3f119163,1,8053608

7559,175,122,24,-802,-16389,498,-589,4603,-1715,bf05087e,3efdedd2,becd21f8,3f1198b4,bf05087d,3efdedd7,becd21fc,3f1198b0,1,8061626

7560,169,131,34,-775,-16374,532,-589,4603,-1715,bf05017b,3efde01a,becd2ebc,3f11a097,bf05017a,3efde01f,becd2ec0,3f11a093,1,8070145

7561,178,144,36,-813,-16373,483,-607,4573,-1731,bf04fa9e,3efdd429,becd3baa,3f11a783,bf04fa9d,3efdd42e,becd3bae,3f11a77f,1,8078664

7562,175,147,46,-772,-16387,510,-639,4597,-1717,bf04f3d0,3efdca7a,becd47d4,3f11ada8,bf04f3ce,3efdca7e,becd47d7,3f11ada3,1,8087182

7563,160,145,66,-737,-16389,510,-603,4583,-1685,bf04ebab,3efdc128,becd5002,3f11b643,bf04ebaa,3efdc12e,becd5006,3f11b63f,1,8095701

7564,159,137,57,-741,-16376,466,-603,4583,-1685,bf04e39e,3efdb6f2,becd59fb,3f11be89,bf04e39d,3efdb6f8,becd59ff,3f11be85,1,8104220

7565,162,135,33,-733,-16368,543,-617,4607,-1721,bf04dd5a,3efda99a,becd65ec,3f11c5d9,bf04dd59,3efda9a0,becd65ef,3f11c5d5,1,8112738

7566,169,123,17,-734,-16385,556,-597,4563,-1750,bf04d6e9,3efd9847,becd7324,3f11ce99,bf04d6e8,3efd984e,becd7327,3f11ce96,1,8121257

7567,192,123,6,-757,-16382,532,-597,4563,-1750,bf04d010,3efd8857,becd8402,3f11d5d1,bf04d00f,3efd885d,becd8404,3f11d5ce,1,8129775

7568,203,123,2,-726,-16388,520,-641,4555,-1700,bf04c8d5,3efd7c23,becd97a8,3f11dac7,bf04c8d4,3efd7c29,becd97aa,3f11dac4,1,8138294

7569,201,121,-18,-770,-16385,492,-591,4589,-1644,bf04c1ec,3efd6f69,becdade5,3f11dec5,bf04c1ea,3efd6f6e,becdade5,3f11dec2,1,8146813

7570,193,118,-30,-797,-16374,478,-591,4589,-1644,bf04bbe6,3efd60be,becdc504,3f11e277,bf04bbe4,3efd60c3,becdc504,3f11e274,1,8154830

7571,175,133,-26,-802,-16367,505,-589,4591,-1671,bf04b737,3efd50f0,becdd835,3f11e6d2,bf04b736,3efd50f7,becdd836,3f11e6d0,1,8163349

7572,169,131,-6,-765,-16388,540,-581,4601,-1767,bf04b262,3efd3e61,becde703,3f11ee0b,bf04b261,3efd3e67,becde703,3f11ee08,1,8171868

7573,177,129,-6,-813,-16385,514,-581,4601,-1767,bf04ad4b,3efd2c32,becdf7a0,3f11f4b2,bf04ad4a,3efd2c39,becdf7a1,3f11f4b0,1,8180386

7574,189,135,4,-790,-16388,504,-607,4615,-1680,bf04a6fa,3efd2077,bece09ec,3f11f912,bf04a6f9,3efd207e,bece09ed,3f11f910,1,8188905

7575,185,134,20,-784,-16384,508,-577,4605,-1739,bf04a008,3efd12ad,bece18bf,3f120021,bf04a006,3efd12b2,bece18bf,3f12001e,1,8197423

7576,183,135,24,-770,-16388,523,-573,4601,-1741,bf0498ed,3efd04ca,bece2675,3f1207c0,bf0498ec,3efd04d1,bece2677,3f1207be,1,8205942

7577,183,143,25,-753,-16390,513,-573,4601,-1741,bf0491ed,3efcf818,bece3344,3f120f15,bf0491ec,3efcf81f,bece3346,3f120f13,1,8214461

7578,175,133,17,-818,-16385,492,-619,4617,-1737,bf048c32,3efcea11,bece4348,3f1214b6,bf048c30,3efcea17,bece434a,3f1214b4,1,8222979

7579,165,139,36,-789,-16388,534,-585,4565,-1636,bf0484af,3efcde84,bece4f67,3f121c3f,bf0484ad,3efcde8a,bece4f69,3f121c3d,1,8231498

7580,171,135,38,-751,-16366,531,-585,4565,-1636,bf047c82,3efcd3a9,bece5bda,3f1223f4,bf047c80,3efcd3af,bece5bdc,3f1223f2,1,8240016

7581,181,142,20,-757,-16388,485,-575,4569,-1765,bf0475bb,3efcc54f,bece686b,3f122bdc,bf0475b9,3efcc556,bece686e,3f122bdb,1,8248535

7582,182,132,3,-780,-16355,502,-567,4585,-1703,bf046f1c,3efcb6b8,bece78a4,3f123272,bf046f19,3efcb6be,bece78a6,3f123271,1,8257054

7583,178,123,9,-787,-16389,469,-567,4585,-1703,bf0467f8,3efca7c2,bece891a,3f123991,bf0467f5,3efca7c8,bece891c,3f123990,1,8265071

7584,164,134,9,-773,-16370,524,-607,4561,-1727,bf04626a,3efc9781,bece96c6,3f1240ca,bf046267,3efc9787,bece96c8,3f1240c9,1,8273590

7585,165,136,-2,-797,-16388,472,-617,4597,-1665,bf045d3b,3efc8a15,becea7ae,3f12454c,bf045d39,3efc8a1c,becea7b1,3f12454c,1,8282108

7586,153,136,13,-816,-16369,489,-617,4597,-1665,bf0457fa,3efc7c2c,beceb64b,3f124ae6,bf0457f7,3efc7c31,beceb64c,3f124ae5,1,8290627

7587,144,149,32,-746,-16387,558,-613,4583,-1657,bf04524d,3efc6fc7,becebfba,3f12520b,bf04524a,3efc6fcc,becebfbb,3f12520a,1,8299145

7588,158,142,19,-764,-16388,543,-615,4607,-1694,bf044ce9,3efc6254,bececc70,3f12583b,bf044ce6,3efc6259,bececc71,3f12583a,1,8307664

7589,179,129,7,-738,-16388,519,-571,4599,-1685,bf0445ee,3efc549e,becedc2b,3f125ee5,bf0445eb,3efc54a1,becedc2a,3f125ee3,1,8316183

7590,183,118,-7,-773,-16383,502,-571,4599,-1685,bf043f33,3efc4516,beceeefa,3f126505,bf043f30,3efc451a,beceeefa,3f126504,1,8324701

7591,170,126,-18,-807,-16381,526,-579,4613,-1670,bf043a20,3efc348b,becf0194,3f126a27,bf043a1d,3efc348e,becf0193,3f126a26,1,8333220

7592,176,123,-6,-778,-16386,526,-535,4587,-1677,bf043354,3efc23ef,becf1236,3f12718f,bf043352,3efc23f3,becf1236,3f12718f,1,8341738

7593,179,118,6,-799,-16375,521,-535,4587,-1677,bf042bc0,3efc13c0,becf22e2,3f127979,bf042bbd,3efc13c3,becf22e1,3f127978,1,8350257

7594,178,120,13,-805,-16383,501,-593,4611,-1718,bf042508,3efc0485,becf33ee,3f12800c,bf042506,3efc048b,becf33ef,3f12800d,1,8358775

7595,182,137,22,-840,-16376,496,-611,4573,-1740,bf041e9d,3efbf683,becf431d,3f128680,bf041e9a,3efbf688,becf431e,3f128681,1,8367294

7596,176,141,45,-767,-16387,515,-611,4573,-1740,bf041727,3efbea7f,becf4e58,3f128e6c,bf041723,3efbea81,becf4e57,3f128e6c,1,8375312

7597,177,147,51,-782,-16388,536,-601,4591,-1676,bf040f3b,3efbe14f,becf59bb,3f12957a,bf040f37,3efbe152,becf59bb,3f12957b,1,8383831

7598,188,141,44,-743,-16389,514,-593,4587,-1688,bf0406b1,3efbd82b,becf668f,3f129c8e,bf0406ae,3efbd82f,becf6690,3f129c8f,1,8392349

7599,187,129,21,-704,-16383,537,-593,4587,-1688,bf03feca,3efbcc4c,becf7593,3f12a376,bf03fec7,3efbcc4f,becf7593,3f12a376,1,8400868

7600,191,122,-4,-777,-16383,486,-591,4597,-1678,bf03f7db,3efbbeb9,becf893b,3f12a893,bf03f7d8,3efbbebc,becf893b,3f12a893,1,8409386

7601,191,114,-18,-675,-16347,559,-601,4685,-1629,bf03f169,3efbb23e,becf9f13,3f12abff,bf03f166,3efbb240,becf9f12,3f12abfe,1,8417905

7602,206,103,-43,-835,-16383,463,-599,4593,-1797,bf03ec4c,3efb9cff,becfb839,3f12b0ce,bf03ec49,3efb9d02,becfb83a,3f12b0cd,1,8426423

7603,200,108,-43,-849,-16377,475,-599,4593,-1797,bf03e7b3,3efb875c,becfd064,3f12b5aa,bf03e7b0,3efb875f,becfd065,3f12b5a9,1,8434942

7604,182,132,17,-845,-16367,541,-575,4583,-1778,bf03e16f,3efb75a9,becfdeae,3f12bdcf,bf03e16d,3efb75ae,becfdeb1,3f12bdcf,1,8443460

7605,205,133,59,-735,-16431,518,-667,4587,-1703,bf03d81c,3efb6f38,becfedd0,3f12c398,bf03d819,3efb6f3b,becfedd1,3f12c396,1,8451979

7606,200,125,58,-909,-16390,468,-667,4587,-1703,bf03cf7f,3efb6632,becfffd4,3f12c8ce,bf03cf7d,3efb6637,becfffd7,3f12c8cd,1,8460497

7607,173,150,100,-842,-16374,434,-615,4603,-1659,bf03c58e,3efb61e2,bed0089f,3f12d077,bf03c58c,3efb61e6,bed008a2,3f12d076,1,8469016

7608,152,172,194,-887,-16380,451,-601,4601,-1698,bf03b918,3efb6209,bed0055c,3f12dcbc,bf03b916,3efb620d,bed0055f,3f12dcbb,1,8477034

7609,108,189,252,-674,-16386,546,-601,4601,-1698,bf03ab88,3efb64f6,becff443,3f12edb2,bf03ab86,3efb64fa,becff446,3f12edb1,1,8485553

7610,107,181,221,-700,-16384,563,-575,4615,-1674,bf039f17,3efb64d4,becfe6bb,3f12fdb0,bf039f14,3efb64d7,becfe6bd,3f12fdaf,1,8494071

7611,124,168,181,-719,-16332,588,-579,4573,-1653,bf03934f,3efb61a1,becfdf46,3f130c3c,bf03934d,3efb61a5,becfdf49,3f130c3b,1,8502590

7612,150,143,171,-904,-16452,582,-579,4573,-1653,bf0386f9,3efb5bbd,becfdfcb,3f13199b,bf0386f7,3efb5bc1,becfdfce,3f13199a,1,8511108

7613,166,135,169,-688,-16386,569,-591,4605,-1672,bf03793a,3efb58ef,becfe0b3,3f1326c4,bf037938,3efb58f4,becfe0b6,3f1326c4,1,8519627

7614,215,149,160,-734,-16357,511,-613,4561,-1690,bf036a91,3efb5a89,becfe697,3f133119,bf036a8e,3efb5a8d,becfe699,3f133118,1,8528145

7615,207,119,153,-666,-16390,507,-613,4561,-1690,bf035b3d,3efb58d7,becfee1d,3f133cd8,bf035b3a,3efb58db,becfee1f,3f133cd7,1,8536664

7616,196,106,148,-686,-16377,528,-569,4545,-1680,bf034bad,3efb5336,becff53c,3f134a9d,bf034baa,3efb533a,becff53e,3f134a9c,1,8545183

7617,220,106,130,-696,-16381,519,-609,4541,-1737,bf033ced,3efb4d24,bed0005b,3f135669,bf033cea,3efb4d28,bed0005d,3f135668,1,8553701

7618,224,109,126,-692,-16225,696,-557,4549,-1656,bf032dcf,3efb4682,bed00ad2,3f136304,bf032dcc,3efb4686,bed00ad4,3f136303,1,8562220

7619,257,40,120,-468,-16508,410,-557,4549,-1656,bf031943,3efb4254,bed01e7d,3f137021,bf031940,3efb4259,bed01e7f,3f137020,1,8570238

7620,263,6,33,-780,-16328,515,-579,4585,-1613,bf0309a4,3efb328b,bed04185,3f137860,bf0309a1,3efb3290,bed04187,3f13785f,1,8578756

7621,271,114,10,-697,-16394,508,-611,4593,-1656,bf02fec2,3efb2ccd,bed05d22,3f137abd,bf02febf,3efb2cd2,bed05d24,3f137abc,1,8587275

7622,281,119,32,-718,-16393,403,-611,4593,-1656,bf02f25a,3efb2b08,bed0786f,3f137cdc,bf02f257,3efb2b0d,bed07871,3f137cdb,1,8595793

7623,226,95,58,-696,-16402,439,-559,4585,-1664,bf02e58e,3efb2251,bed08c6c,3f1384de,bf02e58b,3efb2255,bed08c6d,3f1384dc,1,8604312

7624,186,111,36,-638,-16417,440,-625,4597,-1688,bf02dcc5,3efb177b,bed09d85,3f138b3c,bf02dcc2,3efb177f,bed09d86,3f138b3a,1,8612830

7625,167,128,-8,-653,-16358,492,-625,4597,-1688,bf02d7bf,3efb08aa,bed0aebd,3f138fe6,bf02d7bc,3efb08ae,bed0aebe,3f138fe4,1,8621349

7626,176,130,-34,-645,-16389,512,-567,4529,-1640,bf02d23d,3efaf832,bed0c0f4,3f139559,bf02d23a,3efaf837,bed0c0f5,3f139558,1,8629868

7627,175,121,-56,-681,-16403,486,-599,4583,-1654,bf02ce6d,3efae63d,bed0d784,3f13985f,bf02ce6a,3efae643,bed0d786,3f13985f,1,8638386

7628,183,118,-45,-752,-16353,522,-599,4583,-1654,bf02ca1b,3efad41c,bed0eec6,3f139bac,bf02ca18,3efad421,bed0eec7,3f139bac,1,8646905

7629,202,138,-22,-648,-16404,476,-581,4553,-1748,bf02c41d,3efac510,bed100eb,3f13a0f4,bf02c41a,3efac515,bed100ec,3f13a0f4,1,8655423

7630,177,140,-43,-670,-16380,466,-551,4569,-1659,bf02bf76,3efab522,bed11395,3f13a53c,bf02bf73,3efab527,bed11396,3f13a53c,1,8663942

7631,159,119,-68,-691,-16409,522,-559,4599,-1748,bf02bd34,3efa9c92,bed12754,3f13aaab,bf02bd31,3efa9c97,bed12755,3f13aaab,1,8672460

7632,166,102,-62,-702,-16384,495,-559,4599,-1748,bf02b9b7,3efa83ae,bed13d10,3f13b09e,bf02b9b4,3efa83b3,bed13d11,3f13b09e,1,8680478

7633,177,95,-75,-665,-16390,485,-587,4603,-1738,bf02b633,3efa6bc0,bed155f0,3f13b50f,bf02b62f,3efa6bc4,bed155f0,3f13b50f,1,8688997

7634,168,89,-78,-677,-16373,489,-663,4595,-1669,bf02b369,3efa5599,bed17167,3f13b72d,bf02b366,3efa559f,bed17169,3f13b72e,1,8697515

7635,161,89,-84,-720,-16385,499,-663,4595,-1669,bf02b16a,3efa3dd9,bed18d0c,3f13b936,bf02b165,3efa3dde,bed18d0c,3f13b935,1,8706034

7636,161,89,-87,-730,-16389,500,-593,4597,-1698,bf02aef3,3efa2395,bed1a6f8,3f13bd50,bf02aeef,3efa239c,bed1a6f9,3f13bd50,1,8714552

7637,158,86,-74,-766,-16386,497,-571,4577,-1676,bf02ab76,3efa094f,bed1bfbf,3f13c2b9,bf02ab72,3efa0956,bed1bfc0,3f13c2ba,1,8723071

7638,154,96,-51,-735,-16366,521,-571,4577,-1676,bf02a743,3ef9f143,bed1d4c1,3f13c927,bf02a73f,3ef9f149,bed1d4c1,3f13c927,1,8731589

7639,167,108,-48,-716,-16388,517,-593,4633,-1633,bf02a301,3ef9de82,bed1eb64,3f13cccf,bf02a2fd,3ef9de88,bed1eb65,3f13cccf,1,8740108

7640,171,106,-52,-712,-16386,561,-621,4685,-1648,bf029f88,3ef9cbe1,bed203a8,3f13cf22,bf029f84,3ef9cbe7,bed203a9,3f13cf22,1,8748626

7641,206,102,-62,-768,-16388,515,-621,4685,-1648,bf029b12,3ef9bb32,bed2216b,3f13cf8b,bf029b0e,3ef9bb39,bed2216c,3f13cf8c,1,8757145

7642,222,113,-55,-755,-16355,520,-577,4659,-1695,bf029596,3ef9aaeb,bed23cf4,3f13d17a,bf029591,3ef9aaf0,bed23cf3,3f13d17a,1,8765663

7643,233,122,-42,-716,-16389,473,-617,4627,-1634,bf028ed6,3ef9a07a,bed258bd,3f13d1f7,bf028ed1,3ef9a080,bed258bd,3f13d1f8,1,8774182

7644,223,105,-46,-714,-16412,462,-641,4589,-1669,bf02884f,3ef99254,bed274d1,3f13d3b6,bf02884a,3ef9925a,bed274d1,3f13d3b7,1,8782701

7645,210,88,-68,-524,-16425,437,-641,4589,-1669,bf0281c8,3ef98247,bed290ac,3f13d655,bf0281c3,3ef9824c,bed290ab,3f13d656,1,8790718

7646,158,-19,-122,-414,-16632,238,-627,4567,-1731,bf027b34,3ef9612e,bed2b38f,3f13ddac,bf027b2f,3ef96134,bed2b38f,3f13ddad,1,8799237

7647,41,-260,-204,-688,-16305,714,-627,4615,-1725,bf027847,3ef90fca,bed2e6b5,3f13f051,bf027842,3ef90fcf,bed2e6b4,3f13f051,1,8807756

7648,137,-368,-233,-553,-16399,538,-627,4615,-1725,bf026d99,3ef8bea8,bed32e75,3f140245,bf026d94,3ef8bead,bed32e74,3f140245,1,8816274

7649,179,-532,-316,-555,-16503,399,-603,4649,-1701,bf025ebe,3ef85e41,bed3906c,3f1414d8,bf025eb9,3ef85e47,bed3906c,3f1414d9,1,8824793

7650,149,-711,-429,-696,-16356,626,-625,4657,-1742,bf02524a,3ef7dc5c,bed40794,3f142b9a,bf025244,3ef7dc61,bed40793,3f142b9b,1,8833311

7651,166,-772,-497,-513,-16461,308,-625,4657,-1742,bf024418,3ef75804,bed48b0e,3f144048,bf024412,3ef75809,bed48b0d,3f144049,1,8841830

7652,105,-914,-565,-535,-16376,375,-663,4633,-1770,bf023746,3ef6ba33,bed5198d,3f145a23,bf023741,3ef6ba39,bed5198d,3f145a24,1,8850348

7653,-68,-1151,-674,-630,-16658,147,-595,4661,-1701,bf022ce2,3ef5f219,bed5b682,3f147ddb,bf022cdd,3ef5f220,bed5b683,3f147ddd,1,8858867

7654,-311,-1457,-835,-1082,-16186,667,-595,4661,-1701,bf022cea,3ef4df9d,bed663de,3f14b0bb,bf022ce4,3ef4dfa3,bed663de,3f14b0bd,1,8867385

7655,-249,-1639,-659,-1126,-16573,590,-649,4657,-1766,bf021bac,3ef3cd50,bed71914,3f14ef08,bf021ba6,3ef3cd57,bed71915,3f14ef0a,1,8875910

7656,-247,-2025,-472,-884,-16726,489,-663,4575,-1710,bf01f093,3ef2a815,bed7dd5e,3f154548,bf01f08c,3ef2a81a,bed7dd5e,3f154549,1,8884429

7657,-306,-2605,-437,-1104,-16547,134,-659,4623,-1723,bf01b144,3ef14992,bed8cf6e,3f15b285,bf01b13d,3ef14997,bed8cf6e,3f15b286,1,8892447

7658,-361,-3383,-412,-1277,-16433,-105,-659,4623,-1723,bf01567c,3eef9c1b,bed9fea7,3f163f2c,bf015675,3eef9c21,bed9fea8,3f163f2d,1,8900965

7659,-431,-4644,-418,-1070,-15809,100,-713,4663,-1740,bf00d0f9,3eed6ae1,bedb8ee2,3f16fe6e,bf00d0f2,3eed6ae7,bedb8ee4,3f16fe70,1,8909484

7660,-387,-6377,-153,-1833,-16285,184,-649,4569,-1943,befffffa,3eea8e1a,bedda16c,3f180bc1,beffffec,3eea8e20,bedda16e,3f180bc3,1,8918003

7661,-127,-7853,131,-2660,-16049,-180,-649,4569,-1943,befdc173,3ee73fd3,bee03b0e,3f194b4f,befdc166,3ee73fd9,bee03b11,3f194b52,1,8926521

7662,146,-9188,105,-3216,-16271,-448,-655,4585,-1907,befb07b6,3ee379c5,bee36018,3f1aa9d8,befb07a8,3ee379cb,bee3601a,3f1aa9db,1,8935040

7663,506,-9907,-296,-2652,-16254,63,-659,4583,-1953,bef81a14,3edf5e1a,bee6f129,3f1c03b9,bef81a06,3edf5e1f,bee6f12b,3f1c03bc,1,8943559

7664,901,-9978,-887,-1169,-15696,97,-659,4583,-1953,bef52b39,3edb36b1,beeac07f,3f1d3873,bef52b2b,3edb36b6,beeac081,3f1d3876,1,8952077

7665,1016,-10154,-1105,-1649,-15963,543,-709,4515,-2016,bef239ee,3ed6dae2,beeead66,3f1e6215,bef239e0,3ed6dae7,beeead68,3f1e6218,1,8960596

7666,911,-10252,-997,-1405,-16109,982,-695,4569,-2062,beef3144,3ed2662e,bef27921,3f1f95da,beef3135,3ed26632,bef27922,3f1f95dd,1,8969115

7667,744,-10391,-643,-2317,-16409,729,-695,4569,-2062,beec0012,3ecddfc2,bef6277f,3f20d5cf,beec0003,3ecddfc6,bef62780,3f20d5d2,1,8977633

7668,451,-10624,-136,-2436,-16725,789,-721,4579,-2180,bee8921f,3ec94019,bef99795,3f223771,bee89211,3ec9401e,bef99797,3f223775,1,8986152

7669,208,-10752,397,-2926,-16554,-347,-805,4609,-2134,bee4e2c4,3ec4b47c,befcdb38,3f23a690,bee4e2b5,3ec4b47f,befcdb38,3f23a692,1,8994170

7670,67,-10683,613,-2618,-17132,-383,-843,4569,-2228,bee11bfd,3ec02da0,beffeb65,3f251ba0,bee11bf0,3ec02da5,beffeb67,3f251ba4,1,9002688

7671,-191,-10726,499,-2597,-16668,-286,-843,4569,-2228,bedd62f8,3ebb7a4b,bf016e44,3f26907e,bedd62ea,3ebb7a4f,bf016e44,3f269082,1,9011207

7672,-191,-10575,-74,-2396,-16267,-708,-823,4559,-2310,bed9e515,3eb6a10a,bf02ed44,3f27e340,bed9e507,3eb6a10d,bf02ed44,3f27e344,1,9019726

7673,-148,-10342,-243,6837,-16308,1726,-903,4621,-2361,bed65348,3eb2176f,bf043a05,3f293b24,bed65339,3eb21771,bf043a04,3f293b27,1,9028244

7674,-242,-10912,1487,-63,-15525,1767,-903,4621,-2361,bed1eab1,3ead8fec,bf0564e4,3f2add65,bed1eaa5,3ead8ff0,bf0564e5,3f2add6a,1,9036763

7675,-759,-10566,2986,-3220,-16310,652,-847,4589,-2451,becd2f59,3ea95654,bf065194,3f2ca0d4,becd2f4c,3ea95657,bf065194,3f2ca0d7,1,9045282

7676,-572,-10170,4157,-2713,-16660,134,-865,4525,-2450,bec7f069,3ea5c488,bf071610,3f2e6ccd,bec7f05c,3ea5c48b,bf071610,3f2e6ccf,1,9053801

7677,-569,-10067,4920,-2148,-16445,-691,-865,4525,-2450,bec24d41,3ea28f66,bf07bf50,3f303fe6,bec24d34,3ea28f69,bf07bf50,3f303fe7,1,9062319

7678,-626,-10098,5209,-1592,-15801,-1282,-869,4533,-2474,bebc7824,3e9f71c1,bf085920,3f321242,bebc7817,3e9f71c4,bf085920,3f321243,1,9070838

7679,-576,-10011,5139,-1908,-16135,-1357,-933,4487,-2466,beb6ac99,3e9c4e26,bf08efdb,3f33d107,beb6ac8c,3e9c4e28,bf08efdb,3f33d109,1,9079356

7680,-368,-9643,4876,-1805,-16699,-8,-933,4487,-2466,beb11395,3e99321f,bf098172,3f3571ac,beb11388,3e993221,bf098172,3f3571ae,1,9087374

7681,-99,-9017,4419,-591,-16291,354,-921,4511,-2557,beabc6ca,3e9647a2,bf0a0e99,3f36e723,beabc6bd,3e9647a3,bf0a0e99,3f36e724,1,9095893

7682,88,-8467,3843,12,-17263,347,-929,4491,-2613,bea6d935,3e9375a7,bf0a9db7,3f38309a,bea6d929,3e9375aa,bf0a9db8,3f38309c,1,9104412

7683,478,-7997,2793,2515,-16648,1297,-919,4491,-2650,bea25edf,3e90b121,bf0b36b7,3f3948f8,bea25ed3,3e90b124,bf0b36b8,3f3948fa,1,9112930

7684,434,-8173,1966,1720,-16243,696,-919,4491,-2650,be9e3df2,3e8d7b30,bf0beb42,3f3a439c,be9e3de5,3e8d7b33,bf0beb43,3f3a439f,1,9121449

7685,348,-8828,1307,1626,-16113,1415,-975,4475,-2750,be9a33ce,3e899c5b,bf0cab77,3f3b4491,be9a33c0,3e899c5d,bf0cab77,3f3b4495,1,9129967

7686,646,-9641,965,477,-16543,1883,-977,4499,-2718,be960de3,3e85235c,bf0d97ea,3f3c3857,be960dd3,3e85235c,bf0d97e9,3f3c3859,1,9138486

7687,827,-10557,1196,-938,-16002,1038,-977,4499,-2718,be917d1b,3e8041d2,bf0ead33,3f3d24b1,be917d0a,3e8041d1,bf0ead31,3f3d24b2,1,9147004

7688,897,-10983,1699,-1166,-16690,761,-1097,4519,-2740,be8c80f7,3e76b315,bf0fc3c4,3f3e1341,be8c80e8,3e76b317,bf0fc3c4,3f3e1345,1,9155523

7689,1101,-10764,2033,-316,-15798,514,-1159,4509,-2817,be87531f,3e6d70f2,bf10d1b8,3f3ef2f8,be87530f,3e6d70f2,bf10d1b7,3f3ef2fb,1,9164042

7690,1038,-10307,2274,23,-16408,191,-1159,4509,-2817,be82255d,3e64d8cf,bf11c7ae,3f3fc5a5,be82254d,3e64d8d0,bf11c7ad,3f3fc5a8,1,9172560

7691,1074,-9743,2086,-400,-15911,-192,-1181,4491,-2823,be7a8a08,3e5c9b1d,bf12b58f,3f407a41,be7a89e6,3e5c9b1c,bf12b58c,3f407a43,1,9181079

7692,1226,-8891,1766,-309,-16099,374,-1201,4543,-2784,be71acee,3e54f86b,bf139775,3f410c44,be71accd,3e54f86b,bf139773,3f410c46,1,9189598

7693,1423,-8236,1687,841,-16430,411,-1201,4543,-2784,be692133,3e4e2564,bf147076,3f41846a,be692114,3e4e2566,bf147075,3f41846d,1,9197616

7694,936,-7978,1833,214,-16966,631,-1253,4519,-2816,be60da65,3e475383,bf151e2c,3f420db1,be60da45,3e475384,bf151e2a,3f420db3,1,9206134

7695,731,-7814,2096,-44,-15472,585,-1327,4501,-2945,be588c6a,3e40987e,bf15b18e,3f429fde,be588c4b,3e409880,bf15b18c,3f429fe1,1,9214653

7696,863,-8036,2374,266,-16902,992,-1333,4483,-2928,be4fb2da,3e39e03f,bf1642e1,3f433289,be4fb2bb,3e39e041,bf1642df,3f43328c,1,9223172

7697,1154,-8242,2557,1831,-16048,1193,-1333,4483,-2928,be461944,3e337964,bf16d6b2,3f43bfd7,be461926,3e337966,bf16d6b0,3f43bfda,1,9231690

7698,1036,-8394,2748,1650,-16815,1351,-1321,4515,-2968,be3c407c,3e2ce67f,bf175cf8,3f445221,be3c405d,3e2ce680,bf175cf5,3f445223,1,9240209

7699,1001,-8406,2717,1891,-16910,372,-1403,4495,-2941,be32684a,3e266579,bf17ecc6,3f44cfe8,be32682c,3e26657a,bf17ecc3,3f44cfeb,1,9248727

7700,1036,-8073,2240,1575,-16588,-75,-1403,4495,-2941,be29588b,3e1fd16a,bf1882a6,3f453336,be29586c,3e1fd16a,bf1882a3,3f453338,1,9257246

7701,1060,-7361,1387,1615,-16319,-397,-1405,4529,-2997,be21ae79,3e194923,bf191a12,3f4577ba,be21ae5a,3e194923,bf191a10,3f4577bd,1,9265765

7702,952,-6581,444,2220,-16960,-301,-1451,4507,-2958,be1b8504,3e12de05,bf19a659,3f45a7fc,be1b84e5,3e12de04,bf19a657,3f45a7ff,1,9274283

7703,508,-5672,-725,1464,-16342,255,-1451,4507,-2958,be176d2e,3e0c2817,bf1a114b,3f45d586,be176d0f,3e0c2816,bf1a1149,3f45d589,1,9282802

7704,221,-4660,-1375,150,-16304,-9,-1503,4505,-2984,be15116d,3e05af2d,bf1a684b,3f45f605,be15114f,3e05af2c,bf1a6849,3f45f608,1,9291321

7705,22,-3841,-1017,31,-16483,-274,-1533,4565,-2982,be1305a6,3e005a13,bf1aa633,3f4616a1,be13058a,3e005a12,bf1aa631,3f4616a5,1,9299339

7706,11,-3297,-639,556,-16383,-162,-1533,4565,-2982,be10ecb7,3df7e51a,bf1ad640,3f4636b2,be10ec9a,3df7e517,bf1ad63d,3f4636b4,1,9307857

7707,-35,-2984,-474,571,-16231,-425,-1607,4577,-2956,be0eeb6e,3df014a9,bf1b002f,3f4653ad,be0eeb51,3df014a6,bf1b002c,3f4653af,1,9316376

7708,38,-2690,-687,1228,-16832,7,-1629,4577,-2953,be0d3ed6,3de8b1ff,bf1b2823,3f466ad6,be0d3eba,3de8b1fe,bf1b2821,3f466ad9,1,9324894

7709,259,-2469,-1274,750,-16726,0,-1611,4597,-2975,be0c5ece,3de0bfbe,bf1b61a3,3f466c6a,be0c5eb1,3de0bfbc,bf1b61a1,3f466c6c,1,9333413

7710,323,-2221,-1786,558,-16840,256,-1611,4597,-2975,be0c3794,3dd86998,bf1b9df0,3f4663f5,be0c3778,3dd86997,bf1b9dee,3f4663f7,1,9341932

7711,490,-2037,-2169,96,-16602,158,-1683,4589,-3008,be0ca840,3dcfaec5,bf1be6ba,3f464b24,be0ca825,3dcfaec4,bf1be6b8,3f464b26,1,9350450

7712,780,-2149,-2008,-546,-16106,754,-1705,4633,-2934,be0ce7cb,3dc6f39b,bf1c3ce2,3f46284f,be0ce7b1,3dc6f39c,bf1c3ce2,3f462852,1,9358969

7713,1007,-2412,-1337,-874,-15970,-113,-1705,4633,-2934,be0c3742,3dbf01a8,bf1ca73c,3f45fb6d,be0c3726,3dbf01a6,bf1ca73b,3f45fb6e,1,9367487

7714,1202,-2814,-681,-611,-16075,254,-1741,4645,-2988,be0a7de9,3db73d83,bf1d1821,3f45d2ba,be0a7dcd,3db73d81,bf1d1820,3f45d2bb,1,9376006

7715,947,-3053,235,-458,-17142,-136,-1791,4673,-2980,be07a350,3db089f7,bf1d775d,3f45bf06,be07a335,3db089f5,bf1d775c,3f45bf08,1,9384525

7716,1043,-2782,609,837,-16571,-40,-1791,4673,-2980,be0462ee,3dab71ee,bf1dd3b2,3f45aa99,be0462d2,3dab71eb,bf1dd3b0,3f45aa9a,1,9392542

7717,611,-2558,749,711,-16595,-278,-1775,4627,-3026,be013abb,3da6b8a2,bf1e10f2,3f45ab3f,be013aa0,3da6b89f,bf1e10f0,3f45ab40,1,9401562

7718,213,-2104,459,911,-16452,269,-1805,4607,-3006,bdfd7557,3da23f16,bf1e2939,3f45c09d,bdfd7523,3da23f14,bf1e2938,3f45c09f,1,9409580

7719,4,-1646,136,115,-15976,-219,-1805,4607,-3006,bdfa3cf5,3d9dec9b,bf1e38fd,3f45d266,bdfa3cc1,3d9dec98,bf1e38fc,3f45d268,1,9418098

7720,333,-1281,-604,1621,-16971,1107,-1817,4619,-2989,bdf85665,3d99b908,bf1e4647,3f45de96,bdf85631,3d99b905,bf1e4645,3f45de97,1,9426617

7721,112,-1062,-773,806,-16545,277,-1833,4651,-3028,bdf798e3,3d954bf7,bf1e5566,3f45e3c1,bdf798b0,3d954bf4,bf1e5564,3f45e3c2,1,9435136

7722,-36,-602,-672,-104,-15804,61,-1847,4639,-2977,bdf7cb33,3d91bc46,bf1e5aad,3f45e92b,bdf7cb02,3d91bc44,bf1e5aac,3f45e92d,1,9443654

7723,288,-91,-802,920,-16127,1409,-1847,4639,-2977,bdf885d6,3d8f48fe,bf1e54d7,3f45f156,bdf885a5,3d8f48fc,bf1e54d6,3f45f157,1,9452173

7724,348,4,-714,554,-16194,696,-1867,4607,-3009,bdf965be,3d8d0025,bf1e607e,3f45ea2d,bdf9658e,3d8d0023,bf1e607d,3f45ea2e,1,9460691

7725,302,-60,-751,624,-16752,64,-1795,4659,-2942,bdfa34a5,3d8affcc,bf1e766b,3f45da34,bdfa3476,3d8affcb,bf1e766a,3f45da36,1,9469210

7726,344,-258,-669,-894,-15940,-534,-1795,4659,-2942,bdfafd7d,3d885a0d,bf1e96c1,3f45c3af,bdfafd4e,3d885a0c,bf1e96c0,3f45c3b1,1,9477728

7727,848,-755,-444,-587,-16290,-438,-1837,4637,-3002,bdfa5aa0,3d852535,bf1ed9d3,3f4599ce,bdfa5a71,3d852534,bf1ed9d2,3f4599d0,1,9486247

7728,1054,-1167,-198,169,-16465,84,-1869,4637,-2939,bdf843d6,3d81cc41,bf1f27d9,3f456e74,bdf843a7,3d81cc40,bf1f27d8,3f456e76,1,9494766

7729,772,-1548,46,639,-16728,-227,-1869,4637,-2939,bdf4edc1,3d7c7506,bf1f6853,3f45545a,bdf4ed92,3d7c7504,bf1f6852,3f45545c,1,9502784

7730,476,-1808,-69,760,-16659,167,-1891,4695,-3032,bdf158ee,3d735a8d,bf1f917e,3f45502a,bdf158be,3d735a8a,bf1f917d,3f45502c,1,9511302

7731,499,-1340,-379,354,-16668,17,-1923,4647,-2989,bdef5d5a,3d6ad77c,bf1fbbef,3f4541cd,bdef5d2a,3d6ad778,bf1fbbed,3f4541ce,1,9519821

7732,142,-1090,-403,-13,-16575,-495,-1923,4647,-2989,bdee073e,3d6307d0,bf1fd2bc,3f453ef1,bdee0711,3d6307ce,bf1fd2bc,3f453ef4,1,9528340

7733,-191,-1159,-290,-98,-16512,-512,-1921,4663,-3041,bdec6837,3d5ae9de,bf1fd374,3f454f56,bdec6809,3d5ae9da,bf1fd374,3f454f58,1,9536858

7734,-513,-1370,2,2188,-15821,1144,-1961,4715,-3011,bde8dee0,3d54edf8,bf1fa1fb,3f458eb8,bde8deb2,3d54edf4,bf1fa1fb,3f458eba,1,9545377

7735,-371,-1375,-303,-3,-16361,578,-1923,4667,-3000,bde6e688,3d4b8af0,bf1f8b40,3f45b436,bde6e65a,3d4b8aeb,bf1f8b3f,3f45b437,1,9553896

7736,3,-1305,-629,-74,-16376,420,-1923,4667,-3000,bde5aa3f,3d41b397,bf1f90c6,3f45bf65,bde5aa11,3d41b392,bf1f90c5,3f45bf66,1,9562414

7737,327,-951,-759,-196,-16486,58,-1909,4667,-2954,bde53ed3,3d397231,bf1faecd,3f45b102,bde53ea6,3d39722d,bf1faecd,3f45b104,1,9570933

7738,438,-1067,-522,-834,-16408,-223,-1965,4663,-2992,bde46214,3d311059,bf1fd65c,3f459cb9,bde461e6,3d311054,bf1fd65a,3f459cba,1,9579452

7739,364,-1700,367,-1068,-16200,-191,-1965,4663,-2992,bde0bf88,3d28da99,bf1ffae7,3f459700,bde0bf5b,3d28da94,bf1ffae6,3f459702,1,9587970

7740,294,-2256,1455,-806,-16052,-82,-1969,4609,-3010,bdd9ed07,3d21c700,bf20197f,3f45a2b6,bdd9ecda,3d21c6fb,bf20197e,3f45a2b7,1,9596489

7741,244,-2388,2161,-430,-16222,15,-1949,4651,-2991,bdd15058,3d1cd2cf,bf2032cb,3f45b76f,bdd1502c,3d1cd2cb,bf2032ca,3f45b771,1,9605007

7742,197,-2238,2612,2543,-16830,-1539,-1949,4651,-2991,bdc74b7d,3d1c57b6,bf204ff7,3f45c994,bdc74b52,3d1c57b2,bf204ff6,3f45c996,1,9613025

7743,-287,-3328,2598,849,-16762,-254,-1917,4611,-2964,bdbbdb0a,3d15c654,bf204dab,3f45fd47,bdbbdadf,3d15c650,bf204daa,3f45fd49,1,9621544

7744,-255,-4134,2440,543,-15924,148,-1915,4677,-3048,bdaf8267,3d0abe26,bf204cfa,3f46332a,bdaf823b,3d0abe21,bf204cf9,3f46332b,1,9630063

7745,164,-3878,1970,1326,-16511,-1,-1915,4677,-3048,bda4362e,3d002a0e,bf2067c3,3f464b58,bda43602,3d002a09,bf2067c2,3f464b5a,1,9638581

7746,77,-3435,1210,1274,-16864,-112,-1923,4619,-3022,bd9b44fd,3ce956a5,bf207c58,3f465e97,bd9b44d1,3ce9569a,bf207c57,3f465e99,1,9647100

7747,-185,-2953,675,447,-16552,-102,-1959,4579,-3052,bd949bb9,3cd05ed4,bf207c83,3f4679cf,bd949b8d,3cd05ec8,bf207c82,3f4679d1,1,9655618

7748,-328,-2304,596,671,-16646,-57,-1959,4579,-3052,bd8f138b,3cbc68df,bf206eb4,3f469a36,bd8f1360,3cbc68d4,bf206eb3,3f469a38,1,9664137

7749,-452,-1511,397,638,-16395,34,-1931,4581,-3051,bd8b3dbf,3cad9ab7,bf205356,3f46be94,bd8b3d94,3cad9aab,bf205354,3f46be95,1,9672656

7750,-563,-1072,256,887,-16618,-87,-1929,4599,-2982,bd885c57,3ca2b822,bf20321d,3f46e3a4,bd885c2d,3ca2b816,bf20321b,3f46e3a5,1,9681174

7751,-624,-847,106,555,-16018,209,-1957,4479,-3002,bd8640e0,3c96da54,bf2005d3,3f470f5a,bd8640b6,3c96da48,bf2005d1,3f470f5b,1,9689693

7752,-578,-789,85,544,-16256,339,-1957,4479,-3002,bd8446dc,3c8b4eee,bf1fdaca,3f47394e,bd8446b4,3c8b4ee3,bf1fdac9,3f473951,1,9698211

7753,-471,-811,172,831,-16293,646,-1907,4505,-3018,bd81d81d,3c80dfd7,bf1fb17f,3f476291,bd81d7f4,3c80dfca,bf1fb17d,3f476293,1,9706730

7754,-304,-1105,254,1664,-15905,371,-1935,4483,-3068,bd7c9dcb,3c6c9860,bf1f976b,3f478228,bd7c9d7a,3c6c9846,bf1f9769,3f47822a,1,9714748

7755,-169,-1456,-142,166,-16197,900,-1935,4483,-3068,bd77a7a2,3c457fe3,bf1f8053,3f479d80,bd77a751,3c457fc8,bf1f8051,3f479d81,1,9723267

7756,-56,-1333,-91,1676,-16551,290,-1913,4491,-3036,bd716b1a,3c29889a,bf1f7bfb,3f47aa37,bd716acb,3c29887e,bf1f7bfa,3f47aa39,1,9731785

7757,-106,-1616,-308,1059,-16181,256,-1885,4477,-3081,bd6b906c,3c02d5d1,bf1f7562,3f47b84c,bd6b901c,3c02d5b2,bf1f7561,3f47b84d,1,9740304

7758,-184,-1770,-559,518,-16572,335,-1885,4477,-3081,bd66c145,3ba8454c,bf1f698c,3f47c8ed,bd66c0f4,3ba8450d,bf1f698a,3f47c8ed,1,9748822

7759,-106,-1634,-476,2210,-17263,-114,-1921,4497,-3054,bd60f5d4,3b419f97,bf1f6886,3f47d117,bd60f586,3b419f18,bf1f6885,3f47d119,1,9757341

7760,-178,-1616,-894,-92,-16300,435,-1915,4521,-3152,bd5e8f1d,b929898c,bf1f5979,3f47e026,bd5e8ece,b92991aa,bf1f5977,3f47e028,1,9765860

7761,-197,-1565,-864,771,-16760,131,-1915,4521,-3152,bd5b555c,bb4331d7,bf1f4e22,3f47ec61,bd5b550f,bb433258,bf1f4e20,3f47ec64,1,9774378

7762,-291,-1637,-914,575,-16454,339,-1961,4423,-3082,bd583111,bbc4477e,bf1f3963,3f47ff32,bd5830c5,bbc447bf,bf1f3961,3f47ff35,1,9782897

7763,-323,-1450,-662,-1152,-16244,725,-2007,4469,-3215,bd562553,bc124db9,bf1f1961,3f481905,bd562508,bc124dd9,bf1f195f,3f481908,1,9791415

7764,-322,-909,-498,-530,-16034,554,-1933,4467,-3131,bd548bc7,bc35287d,bf1efbae,3f48308c,bd548b7b,bc35289c,bf1efbab,3f48308d,1,9799934

7765,-163,-463,-373,271,-16334,892,-1933,4467,-3131,bd52f25d,bc4d0025,bf1ee059,3f48467e,bd52f213,bc4d0043,bf1ee057,3f484680,1,9807952

7766,3,-342,-600,736,-16158,565,-1985,4483,-3158,bd5240af,bc63abb3,bf1ed587,3f484e47,bd524065,bc63abd0,bf1ed585,3f484e48,1,9816470

7767,172,-511,-815,200,-16346,744,-2033,4481,-3112,bd529700,bc80ec00,bf1ed466,3f484c86,bd5296b8,bc80ec10,bf1ed465,3f484c88,1,9824989

7768,278,-522,-868,91,-16117,499,-2033,4481,-3112,bd533751,bc902a16,bf1edeab,3f48411f,bd53370b,bc902a27,bf1edeaa,3f484122,1,9833508

7769,345,-579,-728,910,-16242,177,-2141,4461,-3124,bd526012,bc9dbb90,bf1ef320,3f482f38,bd525fcb,bc9dbba1,bf1ef31e,3f482f3a,1,9842026

7770,450,-1157,-537,1322,-16936,677,-2079,4409,-3165,bd4dec88,bcae699a,bf1f0429,3f4822db,bd4dec42,bcae69ab,bf1f0427,3f4822dd,1,9850545

7771,605,-2060,-647,435,-16332,39,-2079,4409,-3165,bd4837d4,bcc88dc7,bf1f2ed6,3f480095,bd48378f,bcc88dd8,bf1f2ed4,3f480097,1,9859064

7772,499,-2051,-696,-917,-16157,612,-2153,4471,-3163,bd4423f5,bce50aae,bf1f47eb,3f47e901,bd4423af,bce50abe,bf1f47e8,3f47e902,1,9867582

7773,455,-1873,-650,-476,-16192,565,-2099,4489,-3171,bd3fd8db,bcff2a27,bf1f5dce,3f47d3d0,bd3fd896,bcff2a37,bf1f5dcc,3f47d3d3,1,9876101

7774,412,-1693,-407,181,-16494,429,-2099,4489,-3171,bd3a503d,bd0a8227,bf1f7344,3f47c0a7,bd3a4ff9,bd0a822e,bf1f7341,3f47c0aa,1,9884620

7775,341,-1734,-328,516,-16652,373,-2177,4469,-3124,bd340bde,bd150bb2,bf1f8647,3f47afa1,bd340b9c,bd150bb9,bf1f8645,3f47afa5,1,9893138

7776,260,-1863,-490,649,-16623,286,-2179,4429,-3125,bd2dc8f4,bd20970d,bf1f9433,3f47a11b,bd2dc8b1,bd209714,bf1f942f,3f47a11e,1,9901657

7777,194,-1844,-813,605,-16227,393,-2193,4495,-3134,bd28e497,bd2cfeeb,bf1f9b29,3f47955e,bd28e458,bd2cfef4,bf1f9b26,3f479563,1,9910176

7778,216,-1674,-1194,-1667,-16637,1244,-2193,4495,-3134,bd285e87,bd3b7cac,bf1f925c,3f478fc4,bd285e49,bd3b7cb4,bf1f9259,3f478fc8,1,9918193

7779,172,-992,-1153,-2045,-15979,1182,-2193,4437,-3105,bd2a1612,bd471540,bf1f84d5,3f478de3,bd2a15d3,bd471547,bf1f84d2,3f478de6,1,9926712

7780,157,-225,-937,-948,-15952,637,-2169,4453,-3120,bd2c6e05,bd4e756b,bf1f7bfe,3f478b73,bd2c6dc5,bd4e7571,bf1f7bfb,3f478b75,1,9935231

7781,300,169,-553,-903,-16402,376,-2169,4453,-3120,bd2e64d2,bd52b374,bf1f81cb,3f4780ad,bd2e6492,bd52b37a,bf1f81c8,3f4780af,1,9943749

7782,310,290,-181,-286,-16546,329,-2159,4487,-3130,bd2e83b8,bd549c97,bf1f8b94,3f4776b7,bd2e8378,bd549c9c,bf1f8b91,3f4776b8,1,9952268

7783,253,243,-19,-329,-16303,415,-2197,4479,-3146,bd2ddb8d,bd5680fa,bf1f8fb8,3f4771f3,bd2ddb4f,bd568100,bf1f8fb5,3f4771f4,1,9960787

7784,228,203,82,-469,-16233,489,-2197,4479,-3146,bd2cca72,bd5863f8,bf1f910a,3f476fc9,bd2cca35,bd5863fe,bf1f9108,3f476fcb,1,9969305

7785,271,200,239,-589,-16145,633,-2135,4453,-3128,bd2b1013,bd59c37c,bf1f92f0,3f476e42,bd2b0fd6,bd59c382,bf1f92ee,3f476e44,1,9977824

7786,357,278,435,-591,-16238,465,-2193,4433,-3116,bd28f803,bd5a3ec4,bf1f9e36,3f47667e,bd28f7c6,bd5a3eca,bf1f9e34,3f476680,1,9986342

7787,419,295,733,-344,-16436,286,-2193,4433,-3116,bd257c4f,bd59617f,bf1fb281,3f475a1c,bd257c13,bd596184,bf1fb27f,3f475a1d,1,9994861

7788,409,244,996,-31,-16493,266,-2195,4423,-3086,bd207568,bd578139,bf1fc8c4,3f474e6b,bd20752d,bd57813f,bf1fc8c2,3f474e6c,1,10003380

7789,356,140,1092,198,-16553,276,-2207,4465,-3151,bd1a6c55,bd55c8eb,bf1fdafa,3f47466e,bd1a6c1a,bd55c8f1,bf1fdaf8,3f474670,1,10011899

7790,294,52,1002,403,-16542,235,-2179,4423,-3166,bd142b02,bd54afaa,bf1fe848,3f4741af,bd142ac6,bd54afae,bf1fe845,3f4741af,1,10020417

7791,224,-2,770,401,-16427,278,-2179,4423,-3166,bd0eb27e,bd54ad3c,bf1fef07,3f474045,bd0eb243,bd54ad41,bf1fef04,3f474046,1,10028435

7792,188,2,454,398,-16494,287,-2159,4371,-3114,bd0a8e82,bd55a106,bf1ff249,3f473f8f,bd0a8e48,bd55a10b,bf1ff246,3f473f90,1,10036954

7793,156,47,135,-30,-16263,378,-2131,4431,-3129,bd085ce6,bd57bc12,bf1ff0a2,3f474021,bd085cad,bd57bc18,bf1ff0a0,3f474024,1,10045472

7794,155,150,30,-350,-16213,411,-2131,4431,-3129,bd075173,bd5a0e49,bf1fed2f,3f474115,bd07513b,bd5a0e50,bf1fed2d,3f474118,1,10053991

7795,197,262,212,-140,-16297,400,-2105,4421,-3114,bd0599cd,bd5b0021,bf1feded,3f47409c,bd059996,bd5b0028,bf1fedeb,3f47409f,1,10062510

7796,251,353,414,3,-16384,402,-2065,4401,-3136,bd031869,bd5acd16,bf1ff201,3f473f37,bd031833,bd5acd1d,bf1ff1ff,3f473f3a,1,10071028

7797,291,377,503,277,-16315,381,-2065,4401,-3136,bd0004c1,bd59ea34,bf1ff9b3,3f473c05,bd000489,bd59ea39,bf1ff9af,3f473c06,1,10079547

7798,316,259,498,343,-16373,360,-2073,4447,-3171,bcf91ce3,bd59811a,bf2003b4,3f4736a1,bcf91c75,bd59811f,bf2003b0,3f4736a2,1,10088066

7799,317,53,464,-13,-16494,379,-2101,4425,-3089,bcf23f54,bd5a4559,bf200f4c,3f472e97,bcf23ee9,bd5a4560,bf200f49,3f472e9a,1,10096584

7800,331,7,503,-182,-16277,403,-2101,4425,-3089,bceb2e57,bd5b4be5,bf201b28,3f47260d,bceb2dec,bd5b4beb,bf201b24,3f47260f,1,10105103

7801,363,35,573,521,-16536,241,-2101,4425,-3087,bce25881,bd5b2c89,bf202d49,3f471a2a,bce25819,bd5b2c8f,bf202d45,3f471a2d,1,10113622

7802,321,-43,437,277,-16441,118,-2093,4447,-3148,bcda9f4b,bd5c4550,bf203c86,3f470ed9,bcda9ee4,bd5c4554,bf203c81,3f470edb,1,10122140

7803,210,-24,342,15,-16391,174,-2093,4417,-3085,bcd46739,bd5dbf7b,bf20439e,3f47092e,bcd466d4,bd5dbf7e,bf20439a,3f470930,1,10130158

7804,138,96,380,132,-16384,279,-2093,4417,-3085,bcce4b10,bd5e92f3,bf204426,3f470970,bcce4aae,bd5e92f6,bf204423,3f470973,1,10138677

7805,107,170,401,248,-16326,376,-2055,4433,-3178,bcc7d6b1,bd5f35e3,bf203e61,3f470f03,bcc7d650,bd5f35e5,bf203e5e,3f470f06,1,10147196

7806,118,139,429,107,-16285,372,-2131,4437,-3172,bcc1a5a5,bd603df5,bf20396c,3f471360,bcc1a546,bd603df7,bf20396a,3f471363,1,10155714

7807,147,76,510,405,-16404,284,-2131,4437,-3172,bcb9bcac,bd60ee61,bf203937,3f4714a6,bcb9bc4d,bd60ee61,bf203935,3f4714a8,1,10164233

7808,139,34,494,345,-16430,313,-2045,4381,-3113,bcb1a38c,bd61937d,bf2038e2,3f471609,bcb1a32e,bd61937d,bf2038e0,3f47160b,1,10172751

7809,114,1,440,118,-16295,324,-2033,4381,-3102,bcaa4e4b,bd62b594,bf2036a6,3f471826,bcaa4dee,bd62b593,bf2036a4,3f471828,1,10181270

7810,124,53,499,149,-16260,321,-2033,4381,-3102,bca2ce68,bd636a10,bf203569,3f4719e9,bca2ce0b,bd636a0e,bf203566,3f4719ea,1,10189789

7811,137,140,594,342,-16359,326,-2069,4415,-3074,bc9af780,bd632425,bf203717,3f471a6e,bc9af724,bd632423,bf203714,3f471a6f,1,10198307

7812,117,129,625,417,-16379,324,-2079,4403,-3033,bc92d18d,bd62a3ce,bf2038c0,3f471b36,bc92d133,bd62a3cd,bf2038bf,3f471b39,1,10206826

7813,110,115,594,432,-16387,350,-2079,4403,-3033,bc8ad622,bd6253c5,bf203963,3f471c7c,bc8ad5c9,bd6253c3,bf203962,3f471c7e,1,10215345

7814,110,133,529,575,-16436,328,-2075,4413,-3108,bc830c20,bd625458,bf20382e,3f471ec6,bc830bc8,bd625456,bf20382d,3f471ec8,1,10223863

7815,108,124,413,569,-16398,311,-2079,4421,-3135,bc785dc6,bd62e335,bf2035fe,3f4720ff,bc785d19,bd62e333,bf2035fd,3f472101,1,10231881

7816,87,129,315,546,-16352,333,-2089,4411,-3151,bc6c5d06,bd63f177,bf2030bd,3f4724ee,bc6c5c5b,bd63f175,bf2030bc,3f4724f0,1,10240400

7817,85,129,260,636,-16390,353,-2089,4411,-3151,bc60d8ec,bd6518d8,bf202af2,3f47291a,bc60d841,bd6518d7,bf202af1,3f47291c,1,10248918

7818,79,79,178,540,-16359,348,-2055,4425,-3164,bc565631,bd66b938,bf2024ad,3f472cfe,bc565586,bd66b936,bf2024ab,3f472d00,1,10257437

7819,82,38,113,443,-16281,427,-2085,4423,-3197,bc4cc44e,bd691cf8,bf201b5d,3f473254,bc4cc3a4,bd691cf5,bf201b5a,3f473255,1,10265956

7820,104,24,122,476,-16300,421,-2085,4423,-3197,bc42ba4c,bd6b7afe,bf2013eb,3f473627,bc42b9a7,bd6b7afc,bf2013e9,3f473629,1,10274474

7821,144,21,118,522,-16378,377,-2053,4399,-3128,bc38a9cf,bd6d7679,bf20121b,3f4735db,bc38a92c,bd6d7676,bf201219,3f4735dc,1,10282993

7822,163,63,47,668,-16423,296,-2039,4403,-3100,bc300168,bd6f1eaa,bf2013ff,3f4732d8,bc3000c8,bd6f1ea7,bf2013fd,3f4732d9,1,10291511

7823,143,113,-119,523,-16366,353,-2039,4403,-3100,bc2b31ea,bd714dbc,bf201272,3f4731b7,bc2b314c,bd714dba,bf201271,3f4731b9,1,10300030

7824,130,123,-199,316,-16341,373,-2019,4405,-3210,bc281018,bd745126,bf200bc5,3f473393,bc280f7c,bd745124,bf200bc4,3f473395,1,10308556

7825,132,143,-131,160,-16342,373,-2051,4451,-3047,bc25d016,bd766607,bf200b36,3f473194,bc25cf7c,bd766604,bf200b35,3f473195,1,10317075

7826,152,162,31,271,-16309,377,-2051,4451,-3047,bc20ab3b,bd77bf4f,bf200ce2,3f472ed4,bc20aaa3,bd77bf4c,bf200ce1,3f472ed5,1,10325093

7827,159,160,183,399,-16380,380,-2105,4443,-3084,bc1887e8,bd78d7a1,bf200e76,3f472c98,bc188750,bd78d79d,bf200e74,3f472c98,1,10333611

7828,151,141,232,674,-16370,365,-2081,4465,-3104,bc0e0286,bd797ca7,bf201072,3f472aac,bc0e01f3,bd797ca4,bf201071,3f472aad,1,10342130

7829,146,143,114,732,-16378,390,-2023,4393,-3136,bc045a0f,bd7aa8d7,bf200eb4,3f472b05,bc04597d,bd7aa8d4,bf200eb3,3f472b06,1,10350649

7830,158,120,-60,518,-16332,402,-2023,4393,-3136,bbfc6e0a,bd7cc10d,bf200c5f,3f472a7f,bbfc6ce8,bd7cc10a,bf200c5e,3f472a80,1,10359167

7831,163,130,-111,408,-16336,381,-2067,4421,-3112,bbf42226,bd7f057c,bf200b90,3f47286b,bbf42107,bd7f057a,bf200b8f,3f47286c,1,10367686

7832,179,151,-74,352,-16295,379,-2045,4407,-3112,bbeb46a1,bd808c92,bf200bb9,3f4725c7,bbeb4586,bd808c91,bf200bb9,3f4725c9,1,10376205

7833,177,155,-3,394,-16368,360,-2045,4407,-3112,bbdfd4d2,bd816e92,bf200c97,3f472302,bbdfd3b8,bd816e91,bf200c96,3f472304,1,10384723

7834,160,149,35,465,-16388,319,-2073,4387,-3071,bbd30958,bd8233b6,bf200e15,3f472005,bbd3083e,bd8233b4,bf200e12,3f472005,1,10393242

7835,139,151,39,465,-16388,347,-1997,4441,-3144,bbc4e416,bd82ebab,bf200d1b,3f471f25,bbc4e302,bd82ebaa,bf200d19,3f471f27,1,10401761

7836,124,123,40,461,-16371,370,-1997,4441,-3144,bbb5e193,bd83b35c,bf200ac6,3f471f30,bbb5e081,bd83b35a,bf200ac4,3f471f31,1,10410280

7837,105,120,24,445,-16304,396,-2073,4399,-3162,bba7834a,bd84c20b,bf20048d,3f472193,bba7823c,bd84c209,bf20048b,3f472194,1,10418798

7838,106,126,27,453,-16316,402,-2043,4405,-3194,bb987d56,bd85cb57,bf1ffdca,3f47246d,bb987c4a,bd85cb54,bf1ffdc8,3f47246d,1,10427317

7839,110,131,32,413,-16308,405,-2043,4405,-3194,bb89cf2f,bd86d3ef,bf1ff753,3f4726fe,bb89ce27,bd86d3ec,bf1ff751,3f4726fe,1,10435335

7840,103,141,41,474,-16372,376,-1987,4409,-3111,bb762356,bd87824c,bf1ff446,3f4727be,bb762153,bd87824a,bf1ff446,3f4727c0,1,10443853

7841,100,128,41,403,-16358,398,-2095,4371,-3164,bb59a150,bd889cf9,bf1fed46,3f472a7a,bb599f50,bd889cf6,bf1fed46,3f472a7b,1,10452372

7842,98,130,35,484,-16342,414,-1997,4383,-3177,bb3991c1,bd89844e,bf1fe6b2,3f472d66,bb398fc6,bd89844b,bf1fe6b2,3f472d67,1,10460890

7843,109,152,12,436,-16320,434,-1997,4383,-3177,bb1cf9b2,bd8a7064,bf1fe05a,3f473007,bb1cf7ba,bd8a7062,bf1fe05b,3f473009,1,10469409

7844,128,166,4,364,-16298,441,-2035,4421,-3085,bb06655d,bd8b2eaf,bf1fde8e,3f472f77,bb066363,bd8b2ead,bf1fde8e,3f472f78,1,10477927

7845,149,168,40,443,-16312,437,-2035,4369,-3088,bad68e56,bd8be89b,bf1fdd4a,3f472e83,bad68a6d,bd8be899,bf1fdd4a,3f472e84,1,10486446

7846,170,177,45,465,-16333,442,-2035,4369,-3088,baa00a29,bd8c9897,bf1fdd6a,3f472c86,baa00645,bd8c9896,bf1fdd6a,3f472c87,1,10494965

7847,182,159,43,483,-16358,430,-2011,4367,-3074,ba4f06e3,bd8d3e78,bf1fdf24,3f472958,ba4eff1f,bd8d3e75,bf1fdf22,3f472957,1,10503483

7848,198,144,42,460,-16298,406,-2027,4399,-3116,b9ba5014,bd8e0010,bf1fe19d,3f472539,b9ba40e3,bd8e000e,bf1fe19d,3f47253b,1,10512002

7849,194,137,28,482,-16350,426,-2027,4399,-3116,38a5e9fa,bd8ec961,bf1fe368,3f47218b,38a62665,bd8ec960,bf1fe368,3f47218d,1,10520521

7850,196,124,24,494,-16387,422,-2039,4345,-3100,3a0a9b4a,bd8fac49,bf1fe488,3f471e14,3a0aa2cf,bd8fac48,bf1fe487,3f471e15,1,10529039

7851,206,116,-3,491,-16334,378,-2079,4433,-3115,3a712c1e,bd9090aa,bf1fe853,3f47186e,3a713386,bd9090a9,bf1fe851,3f47186e,1,10537057

7852,199,113,-32,521,-16361,398,-2079,4433,-3115,3aaa0427,bd917f91,bf1feb20,3f47136d,3aaa07c8,bd917f90,bf1feb1f,3f47136e,1,10545576

7853,182,105,-79,516,-16384,420,-1995,4357,-3097,3adb9345,bd927a02,bf1feb67,3f471047,3adb96dd,bd927a01,bf1feb67,3f471049,1,10554095

7854,178,84,-119,423,-16328,408,-1983,4387,-3048,3b01d183,bd937039,bf1fed68,3f470bc9,3b01d34e,bd937036,bf1fed67,3f470bc9,1,10562613

7855,178,73,-131,297,-16296,397,-2055,4397,-3124,3b13d9a9,bd94c42e,bf1fecc4,3f47084d,3b13db6d,bd94c42c,bf1fecc3,3f47084e,1,10571132

7856,182,81,-76,288,-16297,424,-2055,4397,-3124,3b294d6c,bd95fda6,bf1fec33,3f470503,3b294f29,bd95fda3,bf1fec31,3f470503,1,10579650

7857,191,100,2,355,-16302,376,-1993,4435,-3186,3b45ac71,bd96f7e6,bf1fed34,3f470125,3b45ae27,bd96f7e4,bf1fed33,3f470126,1,10588169

7858,184,109,48,359,-16328,426,-2023,4371,-3117,3b643cd3,bd97dc7a,bf1fed7d,3f46fe12,3b643e83,bd97dc78,bf1fed7c,3f46fe13,1,10596688

7859,190,107,87,440,-16377,402,-2023,4371,-3117,3b8352dc,bd98a517,bf1fef0a,3f46fa43,3b8353b0,bd98a514,bf1fef09,3f46fa43,1,10605206

7860,197,100,85,553,-16361,427,-2005,4367,-3094,3b959466,bd99509f,bf1ff180,3f46f604,3b959538,bd99509d,bf1ff180,3f46f605,1,10613725

7861,197,93,14,432,-16375,411,-2051,4403,-3070,3ba387a9,bd9a25b5,bf1ff4d4,3f46f099,3ba3887b,bd9a25b3,bf1ff4d4,3f46f09b,1,10622244

7862,196,102,-20,378,-16317,398,-2051,4403,-3070,3bafa7f1,bd9b0b35,bf1ff7ef,3f46eb26,3bafa8c3,bd9b0b33,bf1ff7ef,3f46eb28,1,10630762

7863,207,120,-6,498,-16384,344,-2039,4417,-3073,3bbc8226,bd9bc586,bf1ffd45,3f46e467,3bbc82f5,bd9bc583,bf1ffd44,3f46e468,1,10639281

7864,184,128,-28,497,-16387,366,-2025,4375,-3187,3bca833e,bd9ccf82,bf1ffc3f,3f46e1bf,3bca8409,bd9ccf7e,bf1ffc3d,3f46e1bf,1,10647299

7865,168,105,-65,315,-16283,418,-2025,4375,-3187,3bd6839e,bd9e0f0b,bf1ff88d,3f46e093,3bd68465,bd9e0f08,bf1ff88b,3f46e093,1,10655817

7866,168,86,-22,321,-16286,462,-2081,4363,-3117,3be38a2e,bd9f3f03,bf1ff5bb,3f46ded3,3be38af2,bd9f3f00,bf1ff5b9,3f46ded3,1,10664336

7867,189,61,56,433,-16345,401,-2059,4383,-3132,3bf4cc87,bda03d61,bf1ff67b,3f46dab3,3bf4cd48,bda03d5f,bf1ff67b,3f46dab4,1,10672855

7868,195,67,59,441,-16388,406,-2039,4415,-3151,3c0316b5,bda12af2,bf1ff7ea,3f46d634,3c031715,bda12af0,bf1ff7ea,3f46d635,1,10681373

7869,186,68,35,431,-16369,401,-2039,4415,-3151,3c0b55be,bda2232a,bf1ff8a8,3f46d21c,3c0b561e,bda22328,bf1ff8a8,3f46d21c,1,10689892

7870,190,61,11,383,-16343,398,-2031,4371,-3138,3c13379b,bda336c7,bf1ff8de,3f46ce0f,3c1337fc,bda336c6,bf1ff8df,3f46ce10,1,10698411

7871,186,77,0,304,-16317,415,-2059,4435,-3047,3c197add,bda41031,bf1ffc4b,3f46c835,3c197b3c,bda4102e,bf1ffc4b,3f46c835,1,10706929

7872,191,102,55,286,-16321,391,-2059,4435,-3047,3c20321b,bda4c6c1,bf2000c1,3f46c1ef,3c203279,bda4c6bd,bf2000c0,3f46c1ee,1,10715448

7873,191,119,130,369,-16365,385,-2087,4405,-3096,3c288a6f,bda57db6,bf2003ad,3f46bcc4,3c288acd,bda57db3,bf2003ae,3f46bcc4,1,10723967

7874,179,106,185,401,-16320,420,-2035,4403,-3162,3c32d232,bda63109,bf2003d0,3f46b9c2,3c32d28e,bda63105,bf2003d0,3f46b9c1,1,10732485

7875,187,90,209,543,-16362,440,-2035,4403,-3162,3c3e58e7,bda6d010,bf200489,3f46b66e,3c3e5942,bda6d00c,bf200489,3f46b66d,1,10740503

7876,199,56,178,507,-16358,398,-2007,4477,-3179,3c495764,bda772f7,bf2007f2,3f46b0dc,3c4957be,bda772f4,bf2007f2,3f46b0dc,1,10749022

7877,207,27,133,543,-16378,422,-2073,4411,-3190,3c543f8d,bda87186,bf2008b0,3f46ac31,3c543fe5,bda87183,bf2008b0,3f46ac30,1,10757541

7878,219,17,83,538,-16388,384,-2073,4411,-3190,3c5e538f,bda9899b,bf200a9f,3f46a638,3c5e53e6,bda98998,bf200aa0,3f46a638,1,10766059

7879,206,18,5,556,-16326,418,-2013,4429,-3138,3c67296a,bdaa83c5,bf200d03,3f46a052,3c6729c0,bdaa83c1,bf200d03,3f46a051,1,10774578

7880,207,14,-60,355,-16355,432,-2073,4373,-3165,3c6e35e4,bdabf6fc,bf200b97,3f469bf3,3c6e3639,bdabf6f9,bf200b97,3f469bf2,1,10783096

7881,219,10,-37,395,-16313,422,-2073,4373,-3165,3c75e69d,bdad5b24,bf200b63,3f4696b0,3c75e6f0,bdad5b20,bf200b62,3f4696ae,1,10791615

7882,234,-8,25,401,-16333,373,-2025,4425,-3145,3c7eae35,bdae760d,bf200fd2,3f468e8b,3c7eae8a,bdae760c,bf200fd3,3f468e8d,1,10800134

7883,237,-19,51,374,-16324,393,-2015,4415,-3230,3c843d4a,bdafbb3f,bf201175,3f4687f3,3c843d74,bdafbb3d,bf201174,3f4687f3,1,10808652

7884,226,3,54,386,-16367,368,-2055,4449,-3154,3c88aefd,bdb0cd58,bf20159b,3f46800b,3c88af26,bdb0cd57,bf20159b,3f46800b,1,10817171

7885,225,19,74,402,-16367,382,-2055,4449,-3154,3c8d3e80,bdb1cd50,bf201992,3f467879,3c8d3ea8,bdb1cd4e,bf201991,3f467879,1,10825689

7886,214,22,88,373,-16331,407,-2037,4381,-3133,3c920194,bdb2d37b,bf201b86,3f46725c,3c9201bd,bdb2d37a,bf201b85,3f46725d,1,10834208

7887,213,30,111,465,-16387,388,-2057,4393,-3108,3c96f18b,bdb3b474,bf201f08,3f466b6d,3c96f1b2,bdb3b472,bf201f07,3f466b6d,1,10842727

7888,221,48,96,515,-16380,385,-2057,4393,-3108,3c9bbc80,bdb48bd8,bf202319,3f46642b,3c9bbca6,bdb48bd6,bf202318,3f46642b,1,10850745

7889,220,38,55,434,-16324,390,-2131,4449,-3173,3c9ff5e7,bdb5b351,bf202516,3f465d80,3c9ff60c,bdb5b350,bf202516,3f465d81,1,10859263

7890,216,40,58,505,-16377,387,-2115,4393,-3202,3ca4965c,bdb6ec44,bf2024e1,3f46583b,3ca49681,bdb6ec43,bf2024e1,3f46583c,1,10867782

7891,216,60,31,450,-16310,431,-2115,4393,-3202,3ca8c75c,bdb82ec1,bf20236d,3f4653dc,3ca8c780,bdb82ec0,bf20236c,3f4653dd,1,10876300

7892,220,67,-4,435,-16280,419,-2009,4381,-3222,3cacf170,bdb95b9c,bf202277,3f464f5c,3cacf194,bdb95b9b,bf202276,3f464f5d,1,10884819

7893,241,72,-2,421,-16386,378,-2039,4397,-3042,3cb063cb,bdba2d8a,bf202933,3f464617,3cb063ef,bdba2d89,bf202932,3f464618,1,10893338

7894,243,71,2,406,-16309,397,-2039,4397,-3042,3cb3e120,bdbb0173,bf202f9b,3f463d03,3cb3e144,bdbb0172,bf202f9a,3f463d04,1,10901856

7895,239,45,26,395,-16359,368,-2033,4447,-3167,3cb7f69d,bdbc06fd,bf2033ba,3f4634e1,3cb7f6be,bdbc06fb,bf2033b9,3f4634e1,1,10910375

7896,242,66,62,439,-16364,347,-2079,4425,-3112,3cbc12b9,bdbcea2b,bf203990,3f462bd2,3cbc12db,bdbcea2b,bf203990,3f462bd4,1,10918893

7897,238,67,54,427,-16354,357,-2097,4395,-3001,3cbfc882,bdbda819,bf204152,3f4621d3,3cbfc8a4,bdbda819,bf204152,3f4621d5,1,10927412

7898,235,64,23,338,-16387,322,-2097,4395,-3001,3cc30b9a,bdbe8022,bf2048e0,3f4617ad,3cc30bbb,bdbe8021,bf2048df,3f4617ae,1,10935931

7899,223,71,30,420,-16334,349,-2057,4377,-3042,3cc6cd4d,bdbf55e6,bf204e02,3f460f5f,3cc6cd6e,bdbf55e5,bf204e01,3f460f60,1,10944449

7900,215,85,45,461,-16401,327,-2085,4411,-3061,3cca9465,bdc0207f,bf205329,3f46072d,3cca9487,bdc0207f,bf205328,3f46072f,1,10952467

7901,199,91,40,427,-16328,393,-2085,4411,-3061,3cce4ebd,bdc0f1ec,bf2055e1,3f4600d5,3cce4edc,bdc0f1e9,bf2055de,3f4600d5,1,10960986

7902,206,73,47,464,-16340,373,-2109,4413,-3091,3cd24c88,bdc1decd,bf205865,3f45fa21,3cd24ca7,bdc1decb,bf205863,3f45fa23,1,10969504

7903,217,46,46,505,-16350,415,-2055,4411,-3141,3cd6ddb6,bdc2da93,bf2059a6,3f45f407,3cd6ddd4,bdc2da91,bf2059a4,3f45f409,1,10978023

7904,229,7,35,433,-16363,352,-2055,4411,-3141,3cdb593b,bdc3f6fa,bf205c8a,3f45ec11,3cdb5957,bdc3f6f8,bf205c88,3f45ec13,1,10986542

7905,232,2,49,379,-16297,334,-2057,4397,-3156,3cdfe808,bdc52491,bf205f10,3f45e412,3cdfe824,bdc5248e,bf205f0e,3f45e414,1,10995060

7906,226,30,66,451,-16355,324,-2123,4449,-3098,3ce42766,bdc61a9a,bf206426,3f45dae5,3ce42781,bdc61a97,bf206424,3f45dae7,1,11003579

7907,215,63,38,479,-16388,272,-2123,4449,-3098,3ce7f89d,bdc7052c,bf20694c,3f45d1ef,3ce7f8b6,bdc70528,bf206949,3f45d1f0,1,11012098

7908,181,92,-27,441,-16389,306,-2097,4441,-3182,3ceb6164,bdc82798,bf206873,3f45cd09,3ceb617d,bdc82793,bf206870,3f45cd0a,1,11020616

7909,161,126,-61,375,-16365,332,-2089,4447,-3165,3cee2a0f,bdc940c9,bf20662a,3f45c998,3cee2a28,bdc940c4,bf206627,3f45c99a,1,11029135

7910,148,131,-50,370,-16361,362,-2095,4425,-3148,3cf10a79,bdca55e2,bf206284,3f45c744,3cf10a92,bdca55de,bf206282,3f45c746,1,11037654

7911,166,104,-16,393,-16361,377,-2095,4425,-3148,3cf47053,bdcb673c,bf206011,3f45c3d5,3cf4706a,bdcb6737,bf20600e,3f45c3d5,1,11045671

7912,179,86,10,436,-16337,378,-2049,4417,-3046,3cf80ff9,bdcc2842,bf206222,3f45bdea,3cf81010,bdcc283e,bf206220,3f45bdec,1,11054190

7913,184,85,24,397,-16306,378,-2045,4459,-3197,3cfc162f,bdcd277d,bf2060e9,3f45b982,3cfc1645,bdcd2779,bf2060e7,3f45b984,1,11062709

7914,196,95,46,389,-16295,404,-2045,4459,-3197,3d001d00,bdce1a45,bf206027,3f45b4d9,3d001d0b,bdce1a40,bf206024,3f45b4da,1,11071227

7915,218,107,61,404,-16332,360,-2067,4463,-3135,3d02122c,bdcee47e,bf2063a6,3f45ad6e,3d021236,bdcee479,bf2063a3,3f45ad6f,1,11079746

7916,232,108,78,406,-16369,350,-2101,4407,-3221,3d043349,bdcff668,bf206412,3f45a72f,3d043352,bdcff661,bf20640e,3f45a730,1,11088265

7917,228,111,105,407,-16389,291,-2101,4407,-3221,3d066799,bdd0f802,bf2065ac,3f45a027,3d0667a2,bdd0f7fd,bf2065aa,3f45a02a,1,11096783

7918,207,116,108,485,-16353,337,-2063,4403,-3201,3d08c473,bdd1d43f,bf206617,3f459a8b,3d08c47b,bdd1d43a,bf206615,3f459a8d,1,11105302

7919,191,114,76,452,-16335,337,-2039,4421,-3089,3d0ad14f,bdd2790a,bf20691a,3f4593ef,3d0ad156,bdd27903,bf206917,3f4593ef,1,11113820

7920,195,105,62,479,-16360,344,-2039,4421,-3089,3d0cddf5,bdd325cc,bf206c21,3f458d24,3d0cddfc,bdd325c6,bf206c1f,3f458d26,1,11122339

7921,186,83,62,378,-16335,350,-2039,4357,-3102,3d0efbbb,bdd40c81,bf206c3d,3f4587ab,3d0efbc2,bdd40c7c,bf206c3c,3f4587ae,1,11130858

7922,191,119,72,392,-16320,343,-2065,4415,-3208,3d1113c5,bdd50451,bf206ae2,3f458314,3d1113cb,bdd5044a,bf206ae0,3f458316,1,11139376

7923,199,139,96,439,-16385,311,-2049,4349,-3211,3d134ff7,bdd5f1b6,bf2069af,3f457e64,3d134ffc,bdd5f1af,bf2069ad,3f457e66,1,11147895

7924,180,126,91,487,-16386,321,-2049,4349,-3211,3d15a43b,bdd6e157,bf20671b,3f457aaa,3d15a440,bdd6e150,bf20671a,3f457aad,1,11155913

7925,169,121,62,461,-16367,339,-2103,4451,-3168,3d17a605,bdd7c116,bf20663f,3f457605,3d17a609,bdd7c10e,bf20663d,3f457607,1,11164431

7926,167,126,51,398,-16359,361,-2091,4397,-3153,3d1994ef,bdd8b476,bf2063e0,3f45724a,3d1994f1,bdd8b46d,bf2063dd,3f45724b,1,11172950

7927,182,128,79,434,-16322,382,-2091,4397,-3153,3d1bac05,bdd996cf,bf20626c,3f456df2,3d1bac06,bdd996c5,bf206269,3f456df3,1,11181468

7928,198,123,99,427,-16317,349,-2023,4437,-3189,3d1de58b,bdda57e0,bf20636e,3f456807,3d1de58d,bdda57d9,bf20636d,3f45680a,1,11189987

7929,203,115,110,443,-16372,337,-2065,4373,-3103,3d201b25,bddb1556,bf2065c5,3f456111,3d201b26,bddb154e,bf2065c3,3f456114,1,11198506

7930,201,111,113,511,-16359,339,-2065,4373,-3103,3d226a9b,bddbcaaa,bf206819,3f455a23,3d226a9b,bddbcaa2,bf206816,3f455a25,1,11207024

7931,204,106,91,500,-16387,323,-2097,4473,-3124,3d2482cd,bddc7f6f,bf206bf6,3f45521d,3d2482cd,bddc7f67,bf206bf3,3f45521f,1,11215543

7932,201,96,57,552,-16379,331,-2099,4409,-3207,3d26be87,bddd8574,bf206b2f,3f454c49,3d26be87,bddd856d,bf206b2c,3f454c4c,1,11224061

7933,201,90,6,478,-16313,369,-2099,4409,-3207,3d28b9b6,bddeaf70,bf2068ea,3f454734,3d28b9b5,bddeaf68,bf2068e7,3f454737,1,11232580

7934,198,103,-21,460,-16320,349,-2075,4447,-3123,3d2a6846,bddf9b36,bf206a5c,3f45406a,3d2a6843,bddf9b2d,bf206a58,3f45406c,1,11241099

7935,197,106,-18,434,-16336,325,-2041,4413,-3127,3d2c205e,bde08728,bf206b94,3f4539bd,3d2c205b,bde08720,bf206b90,3f4539c0,1,11249618

7936,189,110,-14,402,-16320,349,-2117,4361,-3108,3d2dc833,bde1a0fe,bf206a48,3f453451,3d2dc830,bde1a0f7,bf206a45,3f453455,1,11258136

7937,195,105,21,366,-16381,313,-2117,4361,-3108,3d2f8856,bde2b0d4,bf206a51,3f452ddf,3d2f8852,bde2b0ca,bf206a4d,3f452de2,1,11266154

7938,198,83,77,353,-16376,306,-2067,4403,-3050,3d317f6e,bde36f92,bf206e45,3f452576,3d317f6a,bde36f88,bf206e42,3f452579,1,11274673

7939,190,78,134,402,-16374,343,-2081,4417,-3124,3d33dec5,bde43c0d,bf206f96,3f451e8d,3d33dec0,bde43c02,bf206f92,3f451e8f,1,11283191

7940,185,68,162,474,-16354,332,-2081,4417,-3124,3d3676a6,bde4f7c8,bf20712e,3f451777,3d3676a1,bde4f7bd,bf20712a,3f451779,1,11291710

7941,183,62,154,524,-16373,322,-2065,4477,-3113,3d3902cc,bde58ff8,bf2074a3,3f450f82,3d3902c8,bde58fee,bf20749f,3f450f85,1,11300228

7942,177,75,106,540,-16384,318,-2079,4413,-3125,3d3b6ab1,bde65934,bf20757a,3f4508e2,3d3b6aab,bde65928,bf207575,3f4508e4,1,11308747

7943,169,87,48,507,-16357,337,-2079,4413,-3125,3d3d86b0,bde73a70,bf2074ce,3f450349,3d3d86aa,bde73a66,bf2074cb,3f45034c,1,11317266

7944,162,99,18,431,-16354,317,-2121,4399,-3069,3d3f44b9,bde82634,bf207490,3f44fd77,3d3f44b4,bde8262b,bf20748e,3f44fd7a,1,11325784

7945,151,108,24,421,-16332,337,-2063,4407,-3080,3d411592,bde8f55f,bf2073b6,3f44f892,3d41158b,bde8f554,bf2073b3,3f44f893,1,11334302

7946,151,117,42,441,-16318,354,-2063,4407,-3080,3d42f9e6,bde9b5fe,bf2072d0,3f44f3df,3d42f9e0,bde9b5f5,bf2072cf,3f44f3e2,1,11342821

7947,160,97,72,510,-16350,351,-2053,4369,-3110,3d453807,bdea84d2,bf20714d,3f44ef07,3d4537ff,bdea84c7,bf20714b,3f44ef08,1,11351340

7948,170,92,74,455,-16340,374,-2075,4435,-3154,3d476640,bdeb6590,bf206fc4,3f44e9e4,3d476639,bdeb6587,bf206fc3,3f44e9e7,1,11359858

7949,182,91,78,445,-16346,354,-2065,4457,-3122,3d498165,bdec28e3,bf2070fd,3f44e319,3d49815e,bdec28da,bf2070fc,3f44e31c,1,11367876

7950,191,95,84,481,-16325,337,-2065,4457,-3122,3d4ba4d8,bdece28f,bf20733f,3f44db92,3d4ba4d1,bdece285,bf20733e,3f44db94,1,11376395

7951,187,107,75,489,-16357,336,-2071,4389,-3073,3d4db616,bded9c4b,bf20751d,3f44d467,3d4db610,bded9c42,bf20751d,3f44d469,1,11384914

7952,181,119,57,471,-16354,349,-2047,4349,-3072,3d4fb91b,bdee5f33,bf207584,3f44ce47,3d4fb913,bdee5f29,bf207583,3f44ce48,1,11393432

7953,180,133,61,459,-16375,345,-2047,4349,-3072,3d51aff1,bdef1aff,bf2075fb,3f44c841,3d51afe9,bdef1af5,bf2075fa,3f44c842,1,11401951

7954,179,126,70,516,-16386,322,-2051,4411,-3122,3d53c193,bdefd1ef,bf2076df,3f44c1d6,3d53c18c,bdefd1e6,bf2076de,3f44c1d8,1,11410469

7955,174,112,43,446,-16344,345,-2095,4405,-3108,3d55a59b,bdf0b50e,bf207637,3f44bbff,3d55a593,bdf0b503,bf207635,3f44bbff,1,11418988

7956,166,102,51,444,-16341,341,-2095,4405,-3108,3d579aad,bdf1998b,bf207525,3f44b65b,3d579aa6,bdf19981,bf207523,3f44b65c,1,11427507

7957,168,85,90,541,-16375,341,-2113,4425,-3118,3d59dbae,bdf26e63,bf2074c9,3f44b012,3d59dba6,bdf26e59,bf2074c7,3f44b013,1,11436025

7958,168,77,88,561,-16339,355,-2081,4423,-3062,3d5c1a1f,bdf31abb,bf20762a,3f44a91f,3d5c1a17,bdf31ab0,bf207628,3f44a920,1,11444544

7959,167,72,48,535,-16342,331,-2081,4423,-3062,3d5e276d,bdf3de31,bf20775d,3f44a20e,3d5e2763,bdf3de25,bf20775a,3f44a20f,1,11453063

7960,165,92,-9,468,-16355,353,-2079,4375,-3166,3d600cb9,bdf50069,bf20730b,3f449dca,3d600cb0,bdf50060,bf20730a,3f449dce,1,11461581

7961,176,116,-25,483,-16358,350,-2071,4439,-3141,3d61b9f9,bdf5f23e,bf2071e7,3f449818,3d61b9ed,bdf5f233,bf2071e5,3f44981a,1,11469599

7962,184,119,-22,495,-16331,355,-2045,4371,-3031,3d635988,bdf6b4d1,bf207359,3f44913b,3d63597b,bdf6b4c6,bf207357,3f44913e,1,11478118

7963,180,104,-28,456,-16330,349,-2045,4371,-3031,3d64f569,bdf786d5,bf207459,3f448a6b,3d64f55b,bdf786ca,bf207457,3f448a6e,1,11486637

7964,183,112,-10,428,-16350,355,-2083,4375,-3122,3d66ae99,bdf88fed,bf207264,3f4484c7,3d66ae8a,bdf88fe1,bf207261,3f4484c9,1,11495155

7965,186,121,14,429,-16337,347,-2133,4465,-3132,3d6856c0,bdf98223,bf207249,3f447e1d,3d6856b1,bdf98217,bf207246,3f447e1f,1,11503674

7966,189,124,36,486,-16369,325,-2133,4465,-3132,3d6a20d2,bdfa606a,bf207338,3f4476d0,3d6a20c4,bdfa605f,bf207335,3f4476d2,1,11512193

7967,192,123,32,450,-16338,339,-2075,4415,-3141,3d6bff91,bdfb43fc,bf20731e,3f44701e,3d6bff83,bdfb43f0,bf20731b,3f447020,1,11520711

7968,191,138,26,467,-16379,336,-2065,4479,-3094,3d6dadc9,bdfbebd3,bf2075f8,3f446868,3d6dadbb,bdfbebc7,bf2075f5,3f44686a,1,11529230

7969,185,137,33,450,-16373,363,-2065,4479,-3094,3d6f6533,bdfc94ba,bf2077ea,3f446156,3d6f6525,bdfc94af,bf2077e7,3f446158,1,11537749

7970,192,136,41,482,-16352,373,-2039,4433,-3156,3d71595e,bdfd5c34,bf2077b8,3f445b16,3d71594f,bdfd5c28,bf2077b5,3f445b18,1,11546267

7971,195,126,38,526,-16358,367,-2047,4407,-3155,3d7362d3,bdfe3061,bf207737,3f4454b3,3d7362c4,bdfe3055,bf207734,3f4454b5,1,11554786

7972,203,103,11,472,-16317,370,-2047,4407,-3155,3d7553a9,bdff23d1,bf207693,3f444de0,3d75539b,bdff23c5,bf207691,3f444de2,1,11562804

7973,219,93,6,479,-16333,357,-1997,4425,-3094,3d7730c1,bdffe3fd,bf2079f0,3f4444e1,3d7730b2,bdffe3f0,bf2079ed,3f4444e2,1,11571323

7974,223,87,15,447,-16332,354,-2009,4397,-3161,3d7932a9,be006bdb,bf207ad0,3f443ca6,3d79329c,be006bd5,bf207acf,3f443ca9,1,11579841

7975,239,64,19,379,-16265,366,-2049,4419,-3177,3d7b2f92,be00f87d,bf207b9b,3f4433b3,3d7b2f83,be00f876,bf207b99,3f4433b4,1,11588360

7976,260,66,66,435,-16301,344,-2049,4419,-3177,3d7d658c,be0176b5,bf207ed9,3f442903,3d7d657c,be0176ae,bf207ed7,3f442904,1,11596879

7977,245,89,100,456,-16360,313,-2075,4387,-3141,3d7fa4db,be01e8b9,bf208234,3f441ea3,3d7fa4cb,be01e8b2,bf208232,3f441ea4,1,11605397

7978,241,93,108,509,-16367,298,-2033,4447,-3116,3d80f1e2,be023a0e,bf208859,3f44134c,3d80f1da,be023a07,bf208857,3f44134d,1,11613916

7979,223,109,88,515,-16389,253,-2033,4447,-3116,3d81fe42,be028ab1,bf208de1,3f4408a4,3d81fe3a,be028aaa,bf208ddf,3f4408a5,1,11622434

7980,194,124,48,497,-16389,266,-2091,4425,-3135,3d82f1c5,be02f674,bf208f27,3f440093,3d82f1be,be02f66e,bf208f26,3f440096,1,11630953

7981,155,145,8,478,-16345,300,-2033,4429,-3131,3d83d077,be0357fc,bf208dc4,3f43fb4c,3d83d06f,be0357f6,bf208dc2,3f43fb4f,1,11639472

7982,140,151,-6,509,-16376,324,-2033,4429,-3131,3d84acc3,be03b8d4,bf208afb,3f43f733,3d84acba,be03b8ce,bf208af8,3f43f735,1,11647990

7983,143,170,-12,463,-16326,359,-2071,4423,-3159,3d857c4a,be042a09,bf208624,3f43f434,3d857c40,be042a03,bf208621,3f43f435,1,11656509

7984,167,167,-4,445,-16351,350,-2035,4353,-3241,3d8662bf,be04b0e7,bf207fb5,3f43f150,3d8662b5,be04b0e1,bf207fb3,3f43f152,1,11665028

7985,188,152,17,492,-16345,359,-2035,4353,-3241,3d8760c8,be053419,bf207ad1,3f43ed05,3d8760bd,be053412,bf207acf,3f43ed06,1,11673046

7986,202,135,6,431,-16357,343,-2031,4417,-3126,3d883d05,be059c83,bf207b96,3f43e58f,3d883cfa,be059c7c,bf207b94,3f43e590,1,11681564

7987,204,124,19,453,-16362,331,-2047,4421,-3102,3d892004,be06001b,bf207d6b,3f43dd55,3d891ffa,be060014,bf207d6a,3f43dd58,1,11690083

7988,208,136,31,479,-16349,326,-2137,4399,-3107,3d8a0073,be067649,bf207e08,3f43d54e,3d8a0068,be067641,bf207e06,3f43d550,1,11698602

7989,204,124,29,417,-16355,299,-2137,4399,-3107,3d8ad9fe,be06f346,bf207e92,3f43cd15,3d8ad9f1,be06f33b,bf207e90,3f43cd16,1,11707120

7990,187,128,38,448,-16366,309,-2049,4413,-3133,3d8bcbce,be075ab0,bf207eb5,3f43c5d3,3d8bcbc0,be075aa6,bf207eb3,3f43c5d4,1,11715639

7991,176,139,67,542,-16384,302,-2071,4443,-3037,3d8cbaf1,be0799ae,bf208215,3f43bda6,3d8cbae3,be0799a4,bf208215,3f43bda8,1,11724157

7992,155,126,39,545,-16355,330,-2071,4443,-3037,3d8da5a5,be07e207,bf208334,3f43b6f4,3d8da595,be07e1fc,bf208332,3f43b6f4,1,11732676

7993,150,121,7,447,-16329,312,-2087,4437,-3096,3d8e7f00,be084ca0,bf208185,3f43b13d,3d8e7ef0,be084c95,bf208184,3f43b13f,1,11741195

7994,143,163,13,498,-16317,325,-2137,4459,-3151,3d8f53ca,be08bca4,bf207dd4,3f43acf2,3d8f53ba,be08bc99,bf207dd3,3f43acf4,1,11749713

7995,150,169,4,469,-16354,360,-2137,4459,-3151,3d901f48,be092fad,bf2079c5,3f43a8e8,3d901f38,be092fa2,bf2079c4,3f43a8ea,1,11758232

7996,155,166,4,407,-16340,356,-2041,4421,-3118,3d90ed76,be09907d,bf20775c,3f43a441,3d90ed66,be099072,bf20775b,3f43a443,1,11766750

7997,171,160,38,447,-16341,351,-2059,4421,-3107,3d91cf98,be09ea3a,bf2076ab,3f439e40,3d91cf88,be09ea30,bf2076aa,3f439e43,1,11775269

7998,174,150,50,536,-16375,342,-2059,4421,-3107,3d92c6f3,be0a3dbd,bf2076ba,3f4397a0,3d92c6e3,be0a3db3,bf2076b9,3f4397a3,1,11783287

7999,181,144,22,456,-16377,329,-2099,4383,-3047,3d939b02,be0a9f43,bf207747,3f43905f,3d939af0,be0a9f39,bf207745,3f439061,1,11791805

8000,179,132,16,439,-16343,340,-2071,4425,-3161,3d94820f,be0b14b1,bf20751b,3f438a35,3d9481fd,be0b14a7,bf207519,3f438a36,1,11800324

8001,185,134,30,534,-16361,326,-2131,4381,-3129,3d9574b0,be0b8e3c,bf207336,3f438376,3d95749e,be0b8e32,bf207334,3f438377,1,11808842

8002,184,141,-3,507,-16321,353,-2131,4381,-3129,3d965219,be0c0f0f,bf207041,3f437d79,3d965208,be0c0f06,bf207040,3f437d7b,1,11817361

8003,180,134,-42,433,-16306,342,-2125,4419,-3056,3d970274,be0c82f6,bf206fcf,3f437685,3d970263,be0c82ec,bf206fcd,3f437686,1,11825880

8004,185,143,-36,440,-16350,342,-2055,4367,-3030,3d97bd07,be0ce60a,bf20705a,3f436f5b,3d97bcf6,be0ce600,bf207059,3f436f5c,1,11834398

8005,188,143,-27,441,-16345,323,-2055,4367,-3030,3d987ad0,be0d46d6,bf207180,3f4367bd,3d987abf,be0d46cc,bf20717f,3f4367be,1,11842917

8006,182,145,-5,393,-16335,331,-2057,4449,-3047,3d99359c,be0d9bd2,bf20735d,3f436013,3d99358c,be0d9bc8,bf20735d,3f436015,1,11851435

8007,184,145,35,473,-16366,321,-2029,4373,-3210,3d9a386e,be0e107c,bf207049,3f435a22,3d9a385e,be0e1072,bf207049,3f435a24,1,11859954

8008,185,144,34,480,-16353,331,-2029,4373,-3210,3d9b3ceb,be0e851d,bf206d1b,3f435436,3d9b3cdb,be0e8513,bf206d1b,3f435438,1,11868472

8009,181,140,11,473,-16376,331,-2073,4455,-3056,3d9c0bdc,be0ed6d0,bf206f08,3f434c52,3d9c0bcb,be0ed6c4,bf206f07,3f434c52,1,11876991

8010,180,141,-17,501,-16354,351,-2089,4441,-3033,3d9ccd97,be0f2ca5,bf207079,3f4344c9,3d9ccd87,be0f2c9b,bf207079,3f4344cb,1,11885009

8011,177,146,-46,424,-16349,344,-2089,4441,-3033,3d9d7414,be0f8c97,bf207135,3f433daf,3d9d7403,be0f8c8c,bf207134,3f433db0,1,11893528

8012,187,149,-31,417,-16330,362,-2097,4389,-3116,3d9e36d8,be1009fc,bf206e8a,3f4337a5,3d9e36c7,be1009f1,bf206e89,3f4337a6,1,11902046

8013,204,130,-1,422,-16348,329,-2057,4431,-3120,3d9f0d63,be107538,bf206f4b,3f432f59,3d9f0d51,be10752d,bf206f4a,3f432f5a,1,11910565

8014,205,128,15,436,-16338,340,-2041,4447,-3144,3d9ff3b5,be10dc3e,bf206ff6,3f432715,3d9ff3a3,be10dc33,bf206ff5,3f432716,1,11919084

8015,208,132,22,520,-16369,321,-2041,4447,-3144,3da0e54a,be113ab8,bf207191,3f431e46,3da0e538,be113aad,bf207190,3f431e47,1,11927602

8016,205,131,-17,486,-16348,300,-2099,4405,-3098,3da1b54c,be11ad17,bf207258,3f43159f,3da1b53a,be11ad0b,bf207256,3f43159f,1,11936121

8017,189,130,-32,371,-16382,329,-2049,4435,-3052,3da26a79,be120f0a,bf207397,3f430daa,3da26a68,be120eff,bf207397,3f430dab,1,11944639

8018,186,132,7,387,-16353,353,-2049,4435,-3052,3da337c2,be126759,bf2074b9,3f4305ea,3da337b0,be12674d,bf2074b9,3f4305ea,1,11953158

8019,179,125,50,355,-16290,404,-2047,4371,-3138,3da4371d,be12db03,bf2070b6,3f43006d,3da4370c,be12daf8,bf2070b7,3f43006f,1,11961676

8020,218,146,77,464,-16399,127,-2039,4417,-3061,3da51a8b,be131cc5,bf207840,3f42f421,3da51a79,be131cb9,bf207840,3f42f421,1,11970195

8021,206,140,88,546,-16384,329,-2039,4417,-3061,3da6234c,be135af3,bf207c0c,3f42ea8c,3da6233a,be135ae8,bf207c0d,3f42ea8d,1,11978213

8022,181,121,35,403,-16355,341,-2091,4453,-3118,3da70a39,be13c633,bf207b01,3f42e340,3da70a26,be13c627,bf207b01,3f42e340,1,11986731

8023,190,125,34,434,-16337,340,-2111,4409,-3052,3da7ea33,be142abc,bf207b6c,3f42db21,3da7ea20,be142ab0,bf207b6c,3f42db21,1,11995250

8024,199,125,47,459,-16358,319,-2111,4409,-3052,3da8d1a7,be148aba,bf207d08,3f42d21c,3da8d194,be148aae,bf207d08,3f42d21c,1,12003769

8025,199,125,48,380,-16315,324,-2083,4381,-3053,3da9b65d,be14ef36,bf207dea,3f42c97a,3da9b64b,be14ef2b,bf207deb,3f42c97b,1,12012287

8026,195,136,84,462,-16388,320,-2031,4395,-3145,3daac7b2,be154ba8,bf207dc4,3f42c172,3daac7a0,be154b9d,bf207dc5,3f42c173,1,12020806

8027,201,127,90,544,-16390,306,-2067,4395,-3135,3dabe453,be15a95a,bf207e4e,3f42b899,3dabe442,be15a94f,bf207e4e,3f42b89a,1,12029324

8028,187,96,34,445,-16316,320,-2067,4395,-3135,3dace5bf,be1621b7,bf207c54,3f42b0df,3dace5af,be1621ad,bf207c54,3f42b0e1,1,12037843

8029,190,107,30,506,-16353,325,-2123,4399,-3077,3dadd880,be169246,bf207bbd,3f42a88c,3dadd86f,be16923c,bf207bbc,3f42a88e,1,12046362

8030,181,120,13,515,-16382,312,-2045,4431,-3030,3daeb679,be16df4c,bf207ddb,3f429ff7,3daeb669,be16df43,bf207ddb,3f429ff9,1,12054880

8031,168,110,-28,409,-16334,336,-2045,4431,-3030,3daf79f5,be173ee9,bf207db4,3f4298b4,3daf79e5,be173edf,bf207db3,3f4298b6,1,12063399

8032,176,120,-27,413,-16347,312,-2117,4381,-3037,3db038c4,be17b5f0,bf207c49,3f429163,3db038b4,be17b5e6,bf207c48,3f429165,1,12071917

8033,174,123,-11,428,-16337,321,-2093,4455,-3202,3db1176f,be183c10,bf2077e3,3f428b4f,3db1175f,be183c06,bf2077e2,3f428b51,1,12080436

8034,168,130,1,396,-16332,315,-2093,4455,-3202,3db1f514,be18bf32,bf207357,3f42857a,3db1f504,be18bf28,bf207356,3f42857c,1,12088454

8035,166,147,23,345,-16341,324,-2051,4433,-3088,3db2c598,be191c7d,bf20723f,3f427ed0,3db2c587,be191c72,bf20723d,3f427ed1,1,12096973

8036,170,143,74,382,-16354,326,-2079,4429,-3154,3db3bfb1,be198432,bf206fa4,3f42783e,3db3bfa0,be198427,bf206fa3,3f427840,1,12105491

8037,164,132,119,430,-16355,342,-2079,4429,-3154,3db4de55,be19e208,bf206d08,3f42719c,3db4de44,be19e1fd,bf206d07,3f42719e,1,12114010

8038,165,142,140,486,-16375,333,-2089,4385,-3169,3db6108e,be1a4252,bf2069a1,3f426b2f,3db6107d,be1a4247,bf2069a0,3f426b31,1,12122528

8039,167,138,124,504,-16364,308,-2067,4441,-3166,3db736c8,be1a962b,bf20686c,3f4263b2,3db736b7,be1a9620,bf20686b,3f4263b4,1,12131047

8040,164,137,91,478,-16366,339,-2067,4441,-3166,3db84b2a,be1af3cd,bf2065e3,3f425d0c,3db84b19,be1af3c2,bf2065e2,3f425d0e,1,12139566

8041,161,132,72,493,-16344,346,-2093,4407,-3153,3db95a1b,be1b5eb5,bf2061fd,3f4256e6,3db95a09,be1b5eaa,bf2061fc,3f4256e8,1,12148084

8042,168,126,59,472,-16349,334,-2031,4365,-3113,3dba646b,be1bbf11,bf205fcb,3f424fe9,3dba6459,be1bbf06,bf205fca,3f424feb,1,12156603

8043,171,140,49,478,-16337,330,-2047,4427,-3048,3dbb4cdc,be1c0701,bf2060dc,3f4247f0,3dbb4cc8,be1c06f4,bf2060da,3f4247f0,1,12165121

8044,167,132,37,525,-16367,337,-2047,4427,-3048,3dbc390f,be1c508e,bf20617a,3f424029,3dbc38fb,be1c5082,bf206179,3f42402b,1,12173640

8045,165,124,13,513,-16353,357,-2089,4405,-3127,3dbd2b9b,be1cc2dd,bf205da5,3f4239e3,3dbd2b87,be1cc2d1,bf205da4,3f4239e5,1,12182158

8046,173,133,-28,494,-16352,339,-2017,4385,-3121,3dbe07e0,be1d2e34,bf205b18,3f423336,3dbe07cb,be1d2e27,bf205b16,3f423337,1,12190176

8047,177,139,-59,431,-16344,332,-2017,4385,-3121,3dbec858,be1da2bd,bf205855,3f422ca4,3dbec842,be1da2b0,bf205854,3f422ca5,1,12198695

8048,176,147,-55,391,-16362,324,-2033,4443,-3082,3dbf7179,be1e0742,bf2057b6,3f422571,3dbf7164,be1e0736,bf2057b6,3f422573,1,12207213

8049,168,158,-26,411,-16341,321,-2049,4393,-3039,3dc02621,be1e6289,bf205721,3f421e7b,3dc0260d,be1e627d,bf205721,3f421e7d,1,12215732

8050,157,145,5,371,-16351,325,-2049,4393,-3039,3dc0ec78,be1ebcf4,bf2055e7,3f4217ce,3dc0ec64,be1ebce8,bf2055e7,3f4217d0,1,12224250

8051,161,154,49,452,-16384,317,-2109,4433,-3021,3dc1c074,be1f07ef,bf205691,3f42101f,3dc1c060,be1f07e3,bf205692,3f421022,1,12232769

8052,160,167,60,525,-16387,337,-2069,4435,-3079,3dc2aeb8,be1f4dc5,bf205637,3f42091c,3dc2aea2,be1f4db8,bf205636,3f42091c,1,12241288

8053,149,153,27,468,-16368,350,-2069,4435,-3079,3dc38c59,be1fa23a,bf20541f,3f420304,3dc38c45,be1fa22e,bf20541f,3f420306,1,12249806

8054,150,133,8,447,-16351,351,-2069,4433,-3079,3dc465f8,be2001a4,bf205189,3f41fcce,3dc465e3,be200198,bf205188,3f41fccf,1,12258325

8055,173,126,16,434,-16316,363,-2053,4423,-3112,3dc54c75,be2068e0,bf204f3b,3f41f5ba,3dc54c60,be2068d4,bf204f3a,3f41f5bb,1,12266843

8056,186,114,11,426,-16322,365,-2053,4447,-3088,3dc62b60,be20cb54,bf204ec3,3f41ed77,3dc62b4b,be20cb48,bf204ec2,3f41ed78,1,12275362

8057,196,107,21,428,-16358,345,-2053,4447,-3088,3dc70f97,be212d6e,bf204f5c,3f41e43a,3dc70f84,be212d63,bf204f5c,3f41e43c,1,12283380

8058,205,101,45,458,-16337,314,-2055,4457,-3060,3dc7fbf1,be218203,bf205264,3f41d985,3dc7fbdd,be2181f8,bf205264,3f41d987,1,12292399

8059,192,115,40,417,-16353,335,-2087,4395,-3131,3dc8ef79,be21f9bc,bf205014,3f41d143,3dc8ef65,be21f9b1,bf205014,3f41d145,1,12300417

8060,190,132,28,454,-16338,358,-2087,4395,-3131,3dc9ddcc,be226d48,bf204d4e,3f41c9a3,3dc9ddb8,be226d3c,bf204d4d,3f41c9a5,1,12308936

8061,193,134,35,455,-16356,325,-2041,4413,-3091,3dcac661,be22c741,bf204ddb,3f41c0ad,3dcac64c,be22c734,bf204dd9,3f41c0ae,1,12317454

8062,187,133,36,446,-16387,337,-2029,4391,-3117,3dcbb8cc,be232924,bf204cb2,3f41b882,3dcbb8b8,be232917,bf204cb2,3f41b884,1,12325973

8063,178,125,32,505,-16383,313,-2029,4391,-3117,3dccb32e,be238934,bf204b86,3f41b04b,3dccb319,be238926,bf204b85,3f41b04b,1,12334491

8064,171,124,10,486,-16355,336,-2057,4381,-3076,3dcd9af4,be23ee0c,bf204998,3f41a8b9,3dcd9ae1,be23edff,bf204998,3f41a8ba,1,12343010

8065,169,117,-12,415,-16367,334,-2061,4353,-3091,3dce7692,be246767,bf2045c5,3f41a1cf,3dce767f,be24675a,bf2045c5,3f41a1d0,1,12351528

8066,170,126,-11,426,-16372,346,-2061,4353,-3091,3dcf51c4,be24dd65,bf2041f0,3f419b0c,3dcf51b0,be24dd58,bf2041ef,3f419b0d,1,12360047

8067,169,115,6,421,-16358,353,-2067,4433,-3201,3dd04145,be255ef5,bf203c80,3f4194a0,3dd04132,be255eea,bf203c81,3f4194a3,1,12368566

8068,169,103,16,437,-16351,336,-2087,4415,-3071,3dd126f2,be25c9c7,bf203aa3,3f418c97,3dd126dd,be25c9ba,bf203aa3,3f418c99,1,12377084

8069,170,107,9,451,-16347,340,-2071,4431,-3090,3dd20c6c,be263234,bf2038ca,3f4184a3,3dd20c57,be263227,bf2038ca,3f4184a5,1,12385603

8070,170,132,-8,417,-16350,350,-2071,4431,-3090,3dd2daff,be269a4a,bf203696,3f417d5b,3dd2daea,be269a3d,bf203696,3f417d5d,1,12393621

8071,160,141,0,423,-16367,337,-2081,4427,-3111,3dd3ae12,be270532,bf203355,3f4176b1,3dd3adfb,be270523,bf203353,3f4176b2,1,12402139

8072,177,146,18,426,-16344,329,-2043,4395,-3045,3dd48188,be27586f,bf20337e,3f416e6f,3dd48172,be275862,bf20337e,3f416e73,1,12410658

8073,170,147,37,356,-16337,368,-2043,4395,-3045,3dd5593c,be27ac98,bf203275,3f416707,3dd55924,be27ac89,bf203273,3f41670a,1,12419177

8074,170,150,78,334,-16344,378,-2033,4407,-3053,3dd642de,be27f6ca,bf2031e8,3f415f6d,3dd642c6,be27f6bb,bf2031e6,3f415f70,1,12427695

8075,181,142,136,421,-16364,359,-2075,4409,-3111,3dd75c6e,be2847f5,bf203112,3f4156d2,3dd75c55,be2847e6,bf203110,3f4156d5,1,12436214

8076,182,138,159,575,-16360,365,-2075,4409,-3111,3dd89907,be288ad8,bf20311d,3f414d9d,3dd898f0,be288acb,bf20311c,3f414da1,1,12444732

8077,183,130,99,510,-16348,374,-2057,4423,-3063,3dd9a738,be28d001,bf2031e4,3f414476,3dd9a71f,be28cff2,bf2031e1,3f414478,1,12453251

8078,186,126,56,454,-16338,377,-2047,4377,-3140,3ddaad9e,be293b0b,bf202eb8,3f413c9b,3ddaad86,be293afd,bf202eb6,3f413c9e,1,12461770

8079,196,120,67,487,-16354,348,-2047,4377,-3140,3ddbbccb,be29a2e5,bf202d04,3f413385,3ddbbcb4,be29a2d7,bf202d03,3f413389,1,12470288

8080,198,124,56,463,-16333,345,-2087,4383,-3038,3ddcaa5f,be29fe55,bf202dbe,3f4129ab,3ddcaa46,be29fe45,bf202dbb,3f4129ac,1,12478807

8081,190,125,40,479,-16344,343,-2047,4367,-3137,3ddda93d,be2a6c11,bf202b30,3f41212e,3ddda926,be2a6c03,bf202b2f,3f412131,1,12487326

8082,191,106,42,461,-16336,320,-2065,4345,-3041,3dde9d05,be2ad0f2,bf202af2,3f41176d,3dde9cee,be2ad0e4,bf202af1,3f411770,1,12495844

8083,175,120,44,472,-16353,326,-2065,4345,-3041,3ddf8fac,be2b30b7,bf2029c0,3f410ebc,3ddf8f95,be2b30a9,bf2029bf,3f410ebf,1,12503862

8084,172,156,31,449,-16370,350,-2095,4409,-3092,3de06977,be2b940a,bf20274d,3f410750,3de0695f,be2b93fb,bf20274a,3f410751,1,12512381

8085,182,144,28,498,-16351,372,-2069,4417,-3113,3de153ed,be2bf597,bf202522,3f40ff6a,3de153d6,be2bf589,bf202520,3f40ff6c,1,12520899

8086,188,134,-4,480,-16341,366,-2069,4417,-3113,3de22e82,be2c61c6,bf2022d5,3f40f74c,3de22e6a,be2c61b8,bf2022d3,3f40f74e,1,12529418

8087,201,122,-24,412,-16362,360,-2017,4421,-3072,3de2f44e,be2cc481,bf2022fa,3f40ee06,3de2f437,be2cc473,bf2022f9,3f40ee09,1,12537937

8088,202,131,-13,421,-16367,348,-2065,4439,-3074,3de3b6c0,be2d29d4,bf202327,3f40e49f,3de3b6a9,be2d29c6,bf202326,3f40e4a2,1,12546455

8089,201,133,6,414,-16337,346,-2065,4439,-3074,3de4817c,be2d8af7,bf202382,3f40db1f,3de48165,be2d8ae9,bf202381,3f40db22,1,12554974

8090,196,126,33,448,-16360,346,-2093,4401,-3085,3de566d0,be2df543,bf202253,3f40d1df,3de566b6,be2df533,bf202251,3f40d1df,1,12563492

8091,199,114,60,467,-16374,334,-2085,4381,-3012,3de655fc,be2e4b9a,bf2023ce,3f40c74f,3de655e4,be2e4b8c,bf2023cd,3f40c750,1,12572011

8092,194,109,51,517,-16304,344,-2085,4381,-3012,3de74b43,be2ea1b5,bf2024c3,3f40bd0e,3de74b2c,be2ea1a8,bf2024c2,3f40bd10,1,12580529

8093,196,100,26,438,-16335,338,-2065,4415,-3132,3de83e6a,be2f16dd,bf20229a,3f40b3a3,3de83e53,be2f16d0,bf202299,3f40b3a5,1,12589048

8094,203,111,35,420,-16345,358,-2055,4451,-3109,3de92860,be2f7b99,bf20224a,3f40a9c1,3de92849,be2f7b8c,bf202249,3f40a9c3,1,12597567

8095,214,104,66,431,-16356,348,-2063,4381,-3059,3dea240b,be2fdd22,bf202312,3f409ec5,3dea23f5,be2fdd16,bf202312,3f409ec8,1,12605585

8096,213,98,91,454,-16357,336,-2063,4381,-3059,3deb30f5,be303959,bf20245e,3f40934e,3deb30df,be30394c,bf20245e,3f409351,1,12614103

8097,213,86,98,476,-16364,320,-2089,4439,-3089,3dec4328,be3098e0,bf2025e3,3f408754,3dec4312,be3098d3,bf2025e3,3f408756,1,12622622

8098,194,92,66,486,-16385,313,-2075,4415,-3124,3ded4fad,be310544,bf20249b,3f407d03,3ded4f96,be310536,bf20249a,3f407d05,1,12631141

8099,169,111,34,413,-16332,325,-2075,4415,-3124,3dee3daf,be3177bd,bf2020db,3f4074f3,3dee3d97,be3177af,bf2020da,3f4074f5,1,12639659

8100,163,124,54,405,-16370,314,-2089,4415,-3126,3def2d9b,be31e65f,bf201d06,3f406d1a,3def2d83,be31e651,bf201d05,3f406d1c,1,12648178

8101,162,145,75,450,-16337,362,-2031,4373,-3088,3df02e9a,be3239a7,bf201a3e,3f406599,3df02e81,be323999,bf201a3d,3f40659b,1,12656696

8102,161,142,64,472,-16362,342,-2031,4373,-3088,3df12bcf,be328e5c,bf2017b3,3f405ddc,3df12bb6,be328e4e,bf2017b2,3f405dde,1,12665215

8103,167,132,61,463,-16358,355,-2003,4411,-3128,3df22e00,be32e3df,bf20154b,3f4055d3,3df22de8,be32e3d0,bf20154a,3f4055d6,1,12673733

8104,183,133,50,512,-16348,351,-2063,4361,-3096,3df32ba6,be334788,bf2012ba,3f404d29,3df32b8d,be334778,bf2012b9,3f404d2b,1,12682252

8105,182,128,28,463,-16335,326,-2063,4361,-3096,3df416d3,be33b40d,bf200ff9,3f404477,3df416ba,be33b3fd,bf200ff8,3f404479,1,12690771

8106,185,134,24,468,-16368,344,-2063,4409,-3082,3df4f69d,be3414a9,bf200e92,3f403b88,3df4f685,be34149a,bf200e92,3f403b8b,1,12699289

8107,191,139,19,439,-16357,344,-2075,4391,-3048,3df5c86b,be347530,bf200dc5,3f40325c,3df5c851,be347520,bf200dc4,3f40325e,1,12707808

8108,185,138,21,445,-16329,341,-2033,4399,-3085,3df6a5de,be34d260,bf200c84,3f402981,3df6a5c4,be34d250,bf200c83,3f402983,1,12715826

8109,182,134,51,452,-16358,331,-2033,4399,-3085,3df79444,be352999,bf200bac,3f402047,3df7942a,be352989,bf200bab,3f402049,1,12724344

8110,176,126,65,491,-16357,328,-2069,4361,-3101,3df897e4,be358f49,bf2008cc,3f40176e,3df897cb,be358f3a,bf2008cc,3f401771,1,12732863

8111,160,122,53,443,-16351,348,-2053,4427,-3077,3df9885d,be35e759,bf20068c,3f400f3a,3df98842,be35e748,bf20068a,3f400f3b,1,12741381

8112,164,132,59,515,-16350,356,-2053,4427,-3077,3dfa8162,be3636f4,bf2004ec,3f4006cc,3dfa8147,be3636e4,bf2004eb,3f4006cd,1,12749900

8113,170,139,36,453,-16334,362,-2037,4411,-3122,3dfb6e12,be369782,bf2001a0,3f3ffefb,3dfb6df8,be369773,bf20019f,3f3ffefc,1,12758418

8114,182,133,39,431,-16339,383,-2013,4423,-3050,3dfc4eee,be36e3cf,bf200166,3f3ff605,3dfc4ed5,be36e3c1,bf200165,3f3ff607,1,12766937

8115,196,127,60,473,-16347,348,-2013,4423,-3050,3dfd3ce4,be372ad7,bf200312,3f3feb7e,3dfd3ccb,be372ac9,bf200311,3f3feb80,1,12775456

8116,198,117,70,501,-16354,358,-2081,4387,-3087,3dfe3fb6,be378ea1,bf2001aa,3f3fe15c,3dfe3f9d,be378e93,bf2001a9,3f3fe15e,1,12783974

8117,206,123,61,519,-16367,341,-2057,4379,-3095,3dff3f6f,be37ef2d,bf200124,3f3fd6b6,3dff3f57,be37ef20,bf200124,3f3fd6b8,1,12792493

8118,197,136,26,512,-16364,313,-2057,4379,-3095,3e00129e,be3853b1,bf20001e,3f3fccc0,3e001292,be3853a4,bf20001e,3f3fccc2,1,12800511

8119,188,145,-1,436,-16351,340,-2037,4411,-3053,3e00744a,be38ad87,bf1fff9b,3f3fc3b0,3e00743d,be38ad79,bf1fff9a,3f3fc3b3,1,12809530

8120,190,151,4,468,-16363,337,-2065,4369,-3066,3e00dae9,be3912f9,bf1ffdb9,3f3fbad9,3e00dadb,be3912ea,bf1ffdb6,3f3fbadb,1,12817548

8121,178,145,13,444,-16385,331,-2081,4379,-3158,3e014993,be398f07,bf1ff859,3f3fb32e,3e014986,be398ef8,bf1ff857,3f3fb330,1,12826067

8122,168,137,15,433,-16378,343,-2081,4379,-3158,3e01baf2,be3a0cbd,bf1ff209,3f3fac0c,3e01bae5,be3a0cae,bf1ff208,3f3fac0e,1,12834585

8123,162,135,34,443,-16357,339,-2147,4401,-3193,3e022f24,be3a9844,bf1fe9f5,3f3fa563,3e022f17,be3a9835,bf1fe9f4,3f3fa565,1,12843104

8124,160,140,62,438,-16335,345,-2073,4419,-3115,3e02a808,be3af827,bf1fe64a,3f3f9d76,3e02a7fa,be3af817,bf1fe649,3f3f9d78,1,12851622

8125,163,141,57,472,-16344,361,-2073,4419,-3115,3e032255,be3b56d5,bf1fe29e,3f3f9586,3e032247,be3b56c4,bf1fe29c,3f3f9587,1,12860141

8126,165,143,66,531,-16363,368,-2045,4429,-3067,3e039e69,be3b9c52,bf1fe196,3f3f8cd1,3e039e5c,be3b9c42,bf1fe194,3f3f8cd3,1,12868659

8127,175,118,64,458,-16331,357,-2121,4393,-3121,3e041c66,be3c122e,bf1fdcc4,3f3f8431,3e041c59,be3c121f,bf1fdcc2,3f3f8434,1,12877178

8128,184,125,54,477,-16346,374,-2121,4393,-3121,3e049817,be3c8794,bf1fd834,3f3f7b72,3e04980a,be3c8785,bf1fd832,3f3f7b75,1,12885697

8129,188,154,52,464,-16361,356,-2063,4421,-3076,3e050868,be3cda13,bf1fd7a8,3f3f71f3,3e05085a,be3cda03,bf1fd7a6,3f3f71f5,1,12894215

8130,200,127,51,508,-16358,333,-2065,4403,-3151,3e0586b1,be3d44b0,bf1fd590,3f3f679f,3e0586a3,be3d44a0,bf1fd58e,3f3f67a1,1,12902734

8131,195,122,33,526,-16353,334,-2065,4403,-3151,3e060322,be3db2e0,bf1fd2df,3f3f5d9f,3e060314,be3db2d0,bf1fd2dd,3f3f5da1,1,12910752

8132,182,133,-4,490,-16359,321,-2089,4361,-3122,3e0670b3,be3e2e14,bf1fce61,3f3f54ea,3e0670a5,be3e2e06,bf1fce61,3f3f54ee,1,12919270

8133,170,141,-17,459,-16354,342,-2093,4393,-3142,3e06d867,be3eab83,bf1fc885,3f3f4d72,3e06d859,be3eab75,bf1fc885,3f3f4d76,1,12927789

8134,160,141,0,445,-16352,340,-2061,4453,-3097,3e073e24,be3f0a6e,bf1fc591,3f3f4583,3e073e15,be3f0a5f,bf1fc58f,3f3f4585,1,12936307

8135,152,153,26,478,-16347,356,-2061,4453,-3097,3e07ab79,be3f5e4d,bf1fc284,3f3f3dfa,3e07ab69,be3f5e3e,bf1fc283,3f3f3dfc,1,12944826

8136,168,147,37,511,-16360,367,-2043,4405,-3040,3e081cd5,be3fa6ba,bf1fc18f,3f3f3537,3e081cc4,be3fa6ab,bf1fc18d,3f3f3538,1,12953345

8137,177,128,24,511,-16327,383,-2093,4403,-3086,3e0891e8,be400de2,bf1fbdf9,3f3f2c85,3e0891d8,be400dd4,bf1fbdf8,3f3f2c87,1,12961863

8138,186,115,15,432,-16328,358,-2093,4403,-3086,3e08ffdd,be407f9a,bf1fbac4,3f3f2321,3e08ffce,be407f8d,bf1fbac4,3f3f2324,1,12970382

8139,195,114,21,411,-16335,349,-2039,4411,-3144,3e097397,be40f053,bf1fb7e4,3f3f193d,3e097387,be40f044,bf1fb7e3,3f3f193f,1,12978901

8140,186,128,60,437,-16370,354,-2057,4349,-3143,3e09f3af,be4160c0,bf1fb390,3f3f0ffb,3e09f39f,be4160b1,bf1fb38f,3f3f0ffd,1,12987419

8141,193,135,84,545,-16388,348,-2057,4349,-3143,3e0a7f5f,be41c325,bf1fb0d1,3f3f05bb,3e0a7f4f,be41c316,bf1fb0cf,3f3f05bc,1,12995938

8142,197,128,50,496,-16381,309,-2021,4471,-3076,3e0af139,be42088a,bf1fb341,3f3efa1e,3e0af12a,be42087d,bf1fb341,3f3efa21,1,13004456

8143,181,126,16,485,-16327,323,-2041,4429,-3074,3e0b5e44,be426021,bf1fb2a0,3f3ef01c,3e0b5e35,be426014,bf1fb2a0,3f3ef01f,1,13012975

8144,170,138,11,439,-16365,327,-2041,4429,-3074,3e0bc547,be42b897,bf1fb10a,3f3ee719,3e0bc538,be42b88a,bf1fb109,3f3ee71b,1,13020993

8145,164,151,30,419,-16327,359,-2029,4439,-3141,3e0c347a,be431564,bf1fad5d,3f3edf28,3e0c346b,be431557,bf1fad5c,3f3edf2a,1,13029511

8146,167,149,54,455,-16362,352,-2067,4397,-3066,3e0ca6f6,be436a51,bf1fab10,3f3ed662,3e0ca6e7,be436a44,bf1fab0f,3f3ed664,1,13038030

8147,175,144,69,444,-16350,363,-2061,4391,-3004,3e0d185e,be43b021,bf1fab03,3f3eccba,3e0d184e,be43b013,bf1fab01,3f3eccbb,1,13046548

8148,171,145,86,506,-16378,327,-2061,4391,-3004,3e0d9011,be43edb9,bf1fabe4,3f3ec27e,3e0d9001,be43edac,bf1fabe2,3f3ec280,1,13055067

8149,152,151,79,513,-16386,335,-2037,4383,-3041,3e0e0b34,be442e9c,bf1faa9c,3f3eb9ad,3e0e0b25,be442e8f,bf1faa9a,3f3eb9af,1,13063586

8150,143,150,46,493,-16352,343,-2073,4445,-3042,3e0e78a1,be447692,bf1fa87d,3f3eb1b8,3e0e7892,be447685,bf1fa87b,3f3eb1ba,1,13072104

8151,132,151,37,473,-16375,347,-2073,4445,-3042,3e0ee2e7,be44c141,bf1fa55e,3f3eaa8c,3e0ee2d9,be44c135,bf1fa55e,3f3eaa90,1,13080623

8152,118,166,30,475,-16247,448,-2063,4421,-3070,3e0f5317,be451195,bf1f9e5d,3f3ea5f8,3e0f5308,be451188,bf1f9e5c,3f3ea5fa,1,13089141

8153,137,154,34,486,-16314,400,-2113,4397,-3128,3e0fc762,be45806a,bf1f962c,3f3ea02f,3e0fc753,be45805d,bf1f962b,3f3ea031,1,13097660

8154,157,139,66,472,-16357,380,-2113,4397,-3128,3e104352,be45ed86,bf1f9006,3f3e9868,3e104344,be45ed7a,bf1f9006,3f3e986b,1,13106178

8155,165,136,74,511,-16324,375,-2083,4395,-3139,3e10c696,be465250,bf1f8b1d,3f3e8fbf,3e10c686,be465241,bf1f8b1b,3f3e8fc0,1,13114697

8156,173,133,62,545,-16343,371,-2079,4419,-3072,3e1141ec,be46a4f4,bf1f895a,3f3e85fa,3e1141dd,be46a4e6,bf1f8959,3f3e85fc,1,13122715

8157,182,140,23,549,-16370,374,-2079,4419,-3072,3e11b194,be46fe72,bf1f878c,3f3e7c53,3e11b185,be46fe64,bf1f878b,3f3e7c55,1,13131234

8158,185,135,-9,525,-16357,380,-2081,4433,-3080,3e121871,be4761d2,bf1f851a,3f3e72f3,3e121862,be4761c4,bf1f8519,3f3e72f5,1,13139752

8159,181,104,-21,431,-16361,345,-2061,4395,-3117,3e1280fc,be47de79,bf1f8089,3f3e6995,3e1280ee,be47de6c,bf1f8088,3f3e6998,1,13148271

8160,186,127,-8,455,-16366,332,-2033,4367,-3073,3e12e7f5,be48451f,bf1f7e6d,3f3e5fa7,3e12e7e7,be484512,bf1f7e6c,3f3e5faa,1,13156790

8161,169,175,15,451,-16347,355,-2033,4367,-3073,3e134cc7,be489a80,bf1f7bbe,3f3e5769,3e134cb9,be489a73,bf1f7bbd,3f3e576c,1,13165308

8162,156,162,50,437,-16355,359,-2071,4421,-3036,3e13b520,be48e44c,bf1f79ef,3f3e4f02,3e13b511,be48e43e,bf1f79ed,3f3e4f04,1,13173827

8163,145,148,89,467,-16357,386,-2021,4363,-3133,3e143bac,be493985,bf1f7496,3f3e4753,3e143b9c,be493976,bf1f7495,3f3e4754,1,13182345

8164,155,138,103,488,-16356,394,-2021,4363,-3133,3e14c8aa,be498d7a,bf1f6ff6,3f3e3ec3,3e14c89b,be498d6c,bf1f6ff6,3f3e3ec5,1,13190864

8165,164,122,105,504,-16341,392,-2073,4359,-3157,3e1559ad,be49f659,bf1f69e5,3f3e35cc,3e15599e,be49f64b,bf1f69e5,3f3e35cf,1,13199383

8166,180,118,99,514,-16330,406,-2045,4367,-3181,3e15ec8d,be4a5e54,bf1f64a7,3f3e2c0f,3e15ec7e,be4a5e45,bf1f64a6,3f3e2c11,1,13207901

8167,196,131,90,492,-16346,378,-2045,4367,-3181,3e167611,be4ac6ef,bf1f60e8,3f3e2171,3e167603,be4ac6e1,bf1f60e8,3f3e2174,1,13215919

8168,200,127,87,497,-16336,363,-2017,4427,-3064,3e16f22e,be4b0958,bf1f62c0,3f3e1552,3e16f21f,be4b0948,bf1f62bf,3f3e1553,1,13224938

8169,197,129,83,538,-16338,343,-2027,4455,-3079,3e176dbf,be4b4ab8,bf1f64c6,3f3e091d,3e176daf,be4b4aa8,bf1f64c5,3f3e091e,1,13232956

8170,187,139,54,538,-16357,365,-2027,4455,-3079,3e17e179,be4b8fd9,bf1f655a,3f3dfe3a,3e17e169,be4b8fca,bf1f655a,3f3dfe3c,1,13241475

8171,182,138,34,510,-16373,360,-2111,4425,-3083,3e184e1a,be4bf489,bf1f62ad,3f3df449,3e184e0a,be4bf479,bf1f62ac,3f3df44b,1,13249993

8172,180,139,44,493,-16330,360,-2015,4419,-3064,3e18bdda,be4c3e29,bf1f6264,3f3de9fa,3e18bdca,be4c3e19,bf1f6263,3f3de9fc,1,13258512

8173,177,138,48,565,-16326,381,-2111,4401,-3114,3e193776,be4ca6d8,bf1f5dfb,3f3de083,3e193766,be4ca6c8,bf1f5dfa,3f3de085,1,13267030

8174,174,131,23,540,-16356,383,-2111,4401,-3114,3e19aa8e,be4d180e,bf1f58b7,3f3dd77a,3e19aa7e,be4d17fe,bf1f58b7,3f3dd77c,1,13275549

8175,186,116,6,500,-16335,398,-2051,4339,-3142,3e1a21f5,be4d9437,bf1f5279,3f3dce47,3e1a21e3,be4d9425,bf1f5277,3f3dce48,1,13284068

8176,202,115,8,512,-16329,383,-2023,4403,-3082,3e1a911a,be4df2d7,bf1f515f,3f3dc323,3e1a9108,be4df2c6,bf1f515e,3f3dc325,1,13292586

8177,211,127,-7,528,-16337,388,-2023,4403,-3082,3e1afab0,be4e510f,bf1f50b0,3f3db7ee,3e1afa9e,be4e50ff,bf1f50b0,3f3db7f1,1,13301105

8178,218,125,-25,476,-16357,371,-2029,4447,-3053,3e1b55ca,be4eac13,bf1f51ab,3f3dac41,3e1b55b8,be4eac02,bf1f51ab,3f3dac44,1,13309633

8179,223,128,-10,462,-16383,343,-2013,4443,-3081,3e1bb48a,be4f074a,bf1f5315,3f3da000,3e1bb478,be4f0739,bf1f5315,3f3da003,1,13318151

8180,218,120,11,448,-16358,351,-2013,4443,-3081,3e1c1a41,be4f60e3,bf1f5425,3f3d93c2,3e1c1a2f,be4f60d1,bf1f5424,3f3d93c5,1,13326169

8181,205,130,28,438,-16344,351,-2033,4415,-3061,3e1c8212,be4fb8e0,bf1f5448,3f3d8846,3e1c8200,be4fb8ce,bf1f5447,3f3d8849,1,13334688

8182,187,141,56,491,-16358,343,-2053,4401,-3093,3e1cf60a,be501163,bf1f52a7,3f3d7d92,3e1cf5f8,be501151,bf1f52a6,3f3d7d95,1,13343206

8183,179,130,61,512,-16345,359,-2053,4401,-3093,3e1d7053,be506a01,bf1f5041,3f3d732a,3e1d7041,be5069ee,bf1f5040,3f3d732d,1,13351725

8184,174,119,61,498,-16331,388,-2033,4425,-3054,3e1de925,be50b5c3,bf1f4ed4,3f3d68de,3e1de911,be50b5af,bf1f4ed3,3f3d68e0,1,13360244

8185,173,133,58,489,-16319,378,-2071,4399,-3051,3e1e5d78,be510b99,bf1f4c46,3f3d5f06,3e1e5d65,be510b86,bf1f4c46,3f3d5f09,1,13368762

8186,180,131,72,494,-16321,412,-2059,4377,-3021,3e1ed64c,be51595d,bf1f4a70,3f3d54df,3e1ed63a,be51594b,bf1f4a71,3f3d54e3,1,13377281

8187,205,126,89,500,-16355,373,-2059,4377,-3021,3e1f50bd,be51a5a4,bf1f4b21,3f3d4897,3e1f50aa,be51a591,bf1f4b20,3f3d4899,1,13385799

8188,216,127,98,505,-16348,350,-2027,4433,-3043,3e1fca79,be51e534,bf1f4e37,3f3d3b2c,3e1fca67,be51e522,bf1f4e37,3f3d3b2f,1,13394318

8189,211,132,95,570,-16368,313,-2093,4421,-3141,3e204c44,be524582,bf1f4d81,3f3d2e3a,3e204c32,be524570,bf1f4d81,3f3d2e3d,1,13402836

8190,196,138,67,527,-16366,356,-2093,4421,-3141,3e20c5cd,be52ad16,bf1f4a4e,3f3d2345,3e20c5bb,be52ad04,bf1f4a4d,3f3d2347,1,13411355

8191,189,134,44,519,-16381,350,-2077,4417,-3097,3e213764,be530e28,bf1f47d6,3f3d188b,3e213753,be530e17,bf1f47d5,3f3d188e,1,13419874

8192,172,150,33,561,-16361,370,-2019,4423,-3148,3e21ad7d,be5365b3,bf1f442e,3f3d0f34,3e21ad6d,be5365a4,bf1f442e,3f3d0f39,1,13428392

8193,168,128,16,508,-16371,346,-2019,4423,-3148,3e221f2b,be53c984,bf1f3fdd,3f3d05c7,3e221f19,be53c972,bf1f3fda,3f3d05c9,1,13436410

8194,163,140,6,564,-16379,325,-2051,4413,-3126,3e228cf1,be542c8f,bf1f3b9b,3f3cfc87,3e228ce0,be542c7e,bf1f3b98,3f3cfc8a,1,13444929

8195,151,164,-19,550,-16375,362,-2051,4409,-3098,3e22ef36,be548a3d,bf1f366d,3f3cf505,3e22ef26,be548a2d,bf1f366b,3f3cf50a,1,13453447

8196,144,151,-52,492,-16344,383,-2051,4409,-3098,3e2349a8,be54f597,bf1f2f5c,3f3cee8a,3e234997,be54f586,bf1f2f5a,3f3cee8e,1,13461966

8197,138,141,-54,467,-16313,377,-2023,4453,-3068,3e239fab,be555159,bf1f2a2b,3f3ce7cc,3e239f9b,be555148,bf1f2a29,3f3ce7d0,1,13470485

8198,142,140,-28,468,-16352,392,-2079,4403,-3074,3e23fee4,be55bde8,bf1f22f1,3f3ce10c,3e23fed5,be55bdd8,bf1f22f1,3f3ce111,1,13479003

8199,153,129,-4,454,-16346,388,-2071,4407,-3059,3e246358,be562363,bf1f1d76,3f3cd908,3e246346,be562350,bf1f1d73,3f3cd90a,1,13487522

8200,169,129,21,485,-16341,391,-2071,4407,-3059,3e24cf46,be56821e,bf1f198d,3f3ccfb9,3e24cf36,be56820c,bf1f198c,3f3ccfbd,1,13496040

8201,176,127,35,477,-16341,393,-2075,4427,-3047,3e253baf,be56da85,bf1f16e8,3f3cc5bf,3e253b9e,be56da71,bf1f16e6,3f3cc5c2,1,13504559

8202,181,121,56,459,-16308,392,-2041,4411,-3084,3e25b221,be5733c0,bf1f141f,3f3cbb41,3e25b20f,be5733aa,bf1f141e,3f3cbb43,1,13513078

8203,193,119,82,506,-16355,367,-2041,4411,-3084,3e263037,be578561,bf1f133e,3f3caf3d,3e263025,be57854c,bf1f133e,3f3caf3f,1,13521596

8204,188,124,84,518,-16372,350,-1995,4415,-3052,3e26ab54,be57c2eb,bf1f1477,3f3ca305,3e26ab42,be57c2d6,bf1f1477,3f3ca307,1,13530115

8205,176,136,66,504,-16340,381,-2021,4433,-3030,3e271d60,be5800a8,bf1f1480,3f3c9844,3e271d4e,be580093,bf1f1480,3f3c9846,1,13538133

8206,167,145,52,545,-16369,354,-2021,4433,-3030,3e278b8c,be583c25,bf1f147d,3f3c8de8,3e278b7c,be583c12,bf1f147f,3f3c8deb,1,13546652

8207,160,140,41,534,-16355,388,-2017,4387,-3060,3e27ff46,be5887f7,bf1f116b,3f3c849f,3e27ff35,be5887e2,bf1f116c,3f3c84a1,1,13555170

8208,169,129,30,544,-16335,397,-2033,4421,-3039,3e286e7c,be58d30a,bf1f0f5c,3f3c7ac4,3e286e6b,be58d2f5,bf1f0f5d,3f3c7ac6,1,13563689

8209,179,119,30,555,-16329,417,-2033,4421,-3039,3e28e0b1,be59209c,bf1f0d74,3f3c7067,3e28e0a0,be592087,bf1f0d74,3f3c7069,1,13572208

8210,197,116,14,502,-16330,391,-2011,4405,-3019,3e2948e1,be59701f,bf1f0d39,3f3c6506,3e2948d1,be59700b,bf1f0d3a,3f3c6508,1,13580726

8211,207,112,9,473,-16368,377,-2079,4429,-2995,3e29a7ee,be59cb24,bf1f0d2b,3f3c5926,3e29a7de,be59cb11,bf1f0d2d,3f3c5929,1,13589245

8212,204,109,20,455,-16383,366,-2021,4433,-3029,3e2a0d2c,be5a1f33,bf1f0d80,3f3c4d17,3e2a0d1a,be5a1f1d,bf1f0d80,3f3c4d18,1,13597763

8213,208,110,34,721,-16227,484,-2021,4433,-3029,3e2a8d0c,be5a5d81,bf1f0da5,3f3c4139,3e2a8cf9,be5a5d6a,bf1f0da5,3f3c413a,1,13606282

8214,261,99,-17,616,-16179,384,-2065,4409,-3021,3e2af2f1,be5abffb,bf1f0fe1,3f3c3269,3e2af2de,be5abfe4,bf1f0fe1,3f3c326a,1,13614801

8215,273,93,-115,313,-16507,326,-2069,4439,-3104,3e2b2d29,be5b5b5d,bf1f0e7c,3f3c24fa,3e2b2d16,be5b5b46,bf1f0e7c,3f3c24fb,1,13623319

8216,253,104,-42,256,-16403,335,-2069,4439,-3104,3e2b7612,be5be686,bf1f0cc2,3f3c1823,3e2b75ff,be5be670,bf1f0cc2,3f3c1824,1,13631337

8217,235,134,80,484,-16371,274,-2035,4421,-3037,3e2be27f,be5c2d01,bf1f111c,3f3c091b,3e2be26c,be5c2cec,bf1f111d,3f3c091d,1,13639856

8218,193,137,104,563,-16395,307,-2029,4459,-3086,3e2c5fd4,be5c6a24,bf1f12a3,3f3bfc2c,3e2c5fc0,be5c6a0e,bf1f12a4,3f3bfc2d,1,13648374

8219,158,128,76,496,-16388,309,-2029,4459,-3086,3e2cd629,be5cb265,bf1f10df,3f3bf192,3e2cd615,be5cb250,bf1f10e0,3f3bf194,1,13656893

8220,124,129,68,468,-16353,376,-2065,4433,-3133,3e2d5275,be5d129a,bf1f08ba,3f3bea3e,3e2d5261,be5d1285,bf1f08bb,3f3bea40,1,13665411

8221,125,138,93,429,-16369,390,-2067,4435,-3031,3e2dc84c,be5d58ee,bf1f03c5,3f3be277,3e2dc838,be5d58d9,bf1f03c6,3f3be279,1,13673930

8222,134,143,152,349,-16388,414,-2067,4435,-3031,3e2e4634,be5d97ea,bf1eff9f,3f3bda0b,3e2e4620,be5d97d6,bf1effa1,3f3bda0e,1,13682449

8223,141,151,243,538,-16362,431,-2059,4445,-3019,3e2ee47c,be5dafc7,bf1eff35,3f3bcf6f,3e2ee467,be5dafb2,bf1eff37,3f3bcf72,1,13690967

8224,151,150,286,822,-16409,347,-2049,4419,-3074,3e2fa08a,be5db913,bf1f0173,3f3bc1e2,3e2fa074,be5db8fd,bf1f0174,3f3bc1e4,1,13699486

8225,145,161,190,921,-16488,350,-2049,4419,-3074,3e3047ce,be5dcdee,bf1f0227,3f3bb5f3,3e3047b9,be5dcdd9,bf1f0228,3f3bb5f6,1,13708005

8226,100,108,8,833,-16490,367,-2037,4435,-3022,3e30c4d1,be5e0b31,bf1efd21,3f3bae56,3e30c4bb,be5e0b1b,bf1efd21,3f3bae57,1,13716523

8227,44,9,-67,1300,-17160,65,-2037,4429,-3008,3e314b44,be5e5225,bf1ef886,3f3ba510,3e314b2d,be5e520f,bf1ef886,3f3ba510,1,13725042

8228,-115,-264,64,2162,-17639,-249,-1999,4431,-3028,3e32445d,be5e8fb2,bf1eee18,3f3b9a93,3e324448,be5e8f9f,bf1eee1a,3f3b9a95,1,13733560

8229,-343,-796,47,384,-16309,563,-1999,4431,-3028,3e339548,be5fa373,bf1ebbba,3f3b9ca4,3e339533,be5fa360,bf1ebbbc,3f3b9ca6,1,13741578

8230,-308,-886,-172,714,-16278,295,-2065,4453,-3112,3e34cbcc,be60ffe3,bf1e8a1d,3f3b99ea,3e34cbb6,be60ffd0,bf1e8a1e,3f3b99eb,1,13750097

8231,-375,-895,-107,1114,-15463,587,-2081,4439,-3082,3e3646d4,be62264c,bf1e52d1,3f3b9b91,3e3646bf,be62263a,bf1e52d3,3f3b9b93,1,13758616

8232,-341,-982,-70,415,-16061,745,-2081,4439,-3082,3e37ac7f,be63961c,bf1e15a2,3f3b9d90,3e37ac68,be639608,bf1e15a3,3f3b9d90,1,13767134

8233,-111,-895,-355,-299,-15901,904,-2109,4489,-3094,3e386f69,be656499,bf1ddbed,3f3b9eff,3e386f54,be656487,bf1ddbef,3f3b9f01,1,13775653

8234,75,-716,-336,-44,-16098,658,-2139,4431,-3111,3e3912f3,be670bae,bf1db5d5,3f3b9485,3e3912dd,be670b9b,bf1db5d6,3f3b9487,1,13784178

8235,138,-630,-59,644,-16835,288,-2139,4431,-3111,3e3a06bb,be683623,bf1da628,3f3b7b97,3e3a06a4,be683610,bf1da628,3f3b7b99,1,13792696

8236,112,-801,329,846,-16433,-76,-2141,4465,-3050,3e3b7354,be69177b,bf1da1be,3f3b571c,3e3b733d,be691767,bf1da1bd,3f3b571d,1,13801215

8237,114,-930,597,1970,-15532,-433,-2061,4431,-3092,3e3d60d9,be699fa6,bf1da7e9,3f3b2845,3e3d60c3,be699f93,bf1da7ea,3f3b2848,1,13809734

8238,182,-1392,618,3678,-16284,-1354,-2061,4431,-3092,3e3faf75,be6a7261,bf1db1b4,3f3ae9ef,3e3faf5f,be6a724d,bf1db1b5,3f3ae9f1,1,13818252

8239,461,-2297,712,2374,-16440,-943,-2135,4455,-3163,3e42b151,be6c542a,bf1dbc24,3f3a8961,3e42b13b,be6c5416,bf1dbc25,3f3a8963,1,13826771

8240,488,-2955,960,1041,-16333,-446,-2083,4481,-3079,3e46506d,be6ecd90,bf1dbb6b,3f3a1a68,3e465057,be6ecd7c,bf1dbb6c,3f3a1a6a,1,13835289

8241,683,-3547,1175,1834,-16197,-499,-2165,4453,-3051,3e4aac2a,be719a7b,bf1dc2fc,3f398ed2,3e4aac14,be719a68,bf1dc2fe,3f398ed4,1,13843307

8242,912,-4141,1316,1146,-16576,-334,-2165,4453,-3051,3e4f7935,be75118e,bf1dcb1b,3f38ea08,3e4f791e,be75117a,bf1dcb1c,3f38ea09,1,13851826

8243,1051,-4723,1414,1061,-15952,-564,-2211,4437,-3077,3e54bd32,be791b3a,bf1dd278,3f382d53,3e54bd1a,be791b25,bf1dd27a,3f382d53,1,13860345

8244,1360,-5216,1362,1628,-16713,-507,-2265,4497,-3102,3e5a595a,be7da854,bf1de192,3f37536f,3e5a5943,be7da841,bf1de195,3f375370,1,13868863

8245,1626,-5778,1211,2349,-15975,-1012,-2265,4497,-3102,3e60348b,be81625b,bf1df78c,3f365c79,3e603474,be816252,bf1df78e,3f365c79,1,13877382

8246,1986,-6283,1150,-929,-17119,-680,-2287,4501,-3049,3e65bdec,be847fa2,bf1e01d0,3f355576,3e65bdd5,be847f99,bf1e01d2,3f355576,1,13885901

8247,2281,-6367,495,4111,-16627,-526,-2337,4491,-3005,3e6b63de,be878af5,bf1e1d23,3f3438e0,3e6b63c7,be878aec,bf1e1d25,3f3438e0,1,13894419

8248,2425,-7415,-549,1351,-15390,-877,-2337,4491,-3005,3e7078f3,be8bc38b,bf1e0bda,3f330d5e,3e7078dc,be8bc382,bf1e0bdd,3f330d5e,1,13902938

8249,2659,-7714,-311,801,-16488,-445,-2389,4519,-3002,3e75dbdf,be902357,bf1df7ac,3f31cb0f,3e75dbc9,be90234e,bf1df7b0,3f31cb10,1,13911457

8250,2980,-7576,284,1631,-16346,-266,-2441,4573,-3004,3e7bd28d,be942632,bf1e03c7,3f306658,3e7bd277,be942629,bf1e03cb,3f306659,1,13919975

8251,3246,-7990,429,1387,-15208,-1616,-2441,4573,-3004,3e80e7b1,be984f85,bf1e227a,3f2edbe7,3e80e7a7,be984f7b,bf1e227e,3f2edbe7,1,13928494

8252,3635,-8270,841,-102,-17045,-267,-2529,4565,-2987,3e84047f,be9cac8a,bf1e3657,3f2d3ca8,3e840475,be9cac80,bf1e365b,3f2d3ca8,1,13937012

8253,3949,-8297,1264,-571,-16024,-658,-2503,4669,-2867,3e872d41,bea0dce9,bf1e677c,3f2b7bd9,3e872d37,bea0dcde,bf1e6780,3f2b7bd9,1,13945531

8254,3922,-8406,1024,-376,-16541,-416,-2585,4697,-2845,3e8a46d5,bea53125,bf1e80f8,3f29bc71,3e8a46cb,bea5311b,bf1e80fc,3f29bc72,1,13953549

8255,3514,-8533,749,433,-16939,-243,-2585,4697,-2845,3e8d8145,bea991f5,bf1e6d95,3f280dce,3e8d813b,bea991eb,bf1e6d99,3f280dcf,1,13962068

8256,3018,-8560,511,539,-16676,-602,-2681,4707,-2803,3e90b2c3,beadf5f4,bf1e36a0,3f267264,3e90b2b8,beadf5e9,bf1e36a3,3f267264,1,13970586

8257,2461,-8605,30,334,-16759,-1376,-2673,4681,-2732,3e93bbf7,beb267ab,bf1dd947,3f24f185,3e93bbed,beb267a1,bf1dd94c,3f24f187,1,13979105

8258,1871,-8166,-231,-167,-17108,-669,-2673,4681,-2732,3e969697,beb6ab92,bf1d4872,3f23aaa7,3e96968d,beb6ab88,bf1d4877,3f23aaa9,1,13987624

8259,1453,-7268,-266,-2285,-14875,-893,-2771,4699,-2658,3e98fb6e,beba76b8,bf1cb594,3f2296be,3e98fb65,beba76af,bf1cb599,3f2296c1,1,13996142

8260,496,-5866,724,-403,-17963,-118,-2761,4749,-2761,3e9b9eb6,bebd0db9,bf1c1fb2,3f21c6ca,3e9b9ead,bebd0db0,bf1c1fb7,3f21c6cd,1,14004661

8261,-1129,-4880,1516,1359,-16928,-1049,-2761,4749,-2761,3e9ec6d7,bebe8451,bf1b7b91,3f21326b,3e9ec6ce,bebe8447,bf1b7b96,3f21326e,1,14013179

8262,-1279,-5571,533,-88,-17137,-2391,-2795,4695,-2717,3ea18ce0,bec0aae0,bf1aa5f8,3f20abb5,3ea18cd7,bec0aad4,bf1aa5fb,3f20abb6,1,14021698

8263,-1247,-5506,502,1969,-16448,-899,-2811,4743,-2777,3ea4a00e,bec2ae4c,bf19cca5,3f2018f8,3ea4a006,bec2ae42,bf19cca9,3f2018fa,1,14030216

8264,-783,-4887,848,2702,-14921,-1333,-2811,4743,-2777,3ea77404,bec44619,bf193746,3f1f6fa7,3ea773fd,bec44610,bf19374b,3f1f6faa,1,14038735

8265,-297,-4596,1189,1773,-17026,-1226,-2803,4751,-2671,3eaa1236,bec5d5b0,bf18c1a3,3f1eb348,3eaa122e,bec5d5a5,bf18c1a7,3f1eb34a,1,14047254

8266,-457,-4579,1416,967,-16282,-915,-2809,4747,-2686,3eacba83,bec759f9,bf183d2e,3f1e0102,3eacba7b,bec759ef,bf183d33,3f1e0105,1,14055272

8267,-297,-4424,1233,214,-16040,-651,-2841,4719,-2646,3eaf19de,bec8f442,bf17b42b,3f1d5b65,3eaf19d4,bec8f437,bf17b42f,3f1d5b67,1,14063790

8268,66,-4328,1205,1444,-16355,-987,-2841,4719,-2646,3eb174c6,beca85b2,bf174e1f,3f1c93a2,3eb174bc,beca85a7,bf174e23,3f1c93a4,1,14072309

8269,203,-4540,1277,1325,-16570,-1085,-2919,4735,-2652,3eb3d3f4,becc3705,bf16e809,3f1bbbaf,3eb3d3ea,becc36fa,bf16e80d,3f1bbbb2,1,14080828

8270,274,-5083,938,1168,-16378,-642,-2923,4719,-2709,3eb64685,bece4cf7,bf165c54,3f1adc25,3eb6467b,bece4cec,bf165c58,3f1adc28,1,14089346

8271,226,-5544,501,1033,-16116,-527,-2923,4719,-2709,3eb8b867,bed0b858,bf15ac3a,3f19fd37,3eb8b85d,bed0b84d,bf15ac3e,3f19fd3a,1,14097865

8272,150,-5633,42,886,-17179,-309,-2909,4747,-2691,3ebb059a,bed34fdb,bf14dde7,3f1930a9,3ebb0590,bed34fd0,bf14ddea,3f1930ac,1,14106384

8273,-256,-5492,-236,1250,-16014,-564,-2981,4719,-2654,3ebd473b,bed5d85d,bf13fcdc,3f1877eb,3ebd4733,bed5d854,bf13fce1,3f1877f0,1,14114902

8274,-745,-5482,-193,1795,-16806,-501,-2981,4719,-2654,3ebfc4c2,bed82c2f,bf1306b3,3f17cc7b,3ebfc4b9,bed82c25,bf1306b7,3f17cc7f,1,14123421

8275,-1247,-5695,-172,2222,-16579,-265,-2971,4735,-2613,3ec293bc,beda55b5,bf11f398,3f172ad7,3ec293b2,beda55aa,bf11f39b,3f172adb,1,14131939

8276,-1610,-5790,-324,1324,-16645,261,-3027,4713,-2719,3ec558f2,bedc9390,bf10ad4d,3f16ae32,3ec558e6,bedc9383,bf10ad4f,3f16ae34,1,14140458

8277,-1556,-5454,-277,456,-16046,212,-3027,4713,-2719,3ec7d892,bedeb93a,bf0f723f,3f163e58,3ec7d888,bedeb92f,bf0f7242,3f163e5b,1,14148476

8278,-1356,-4632,59,1107,-15975,-272,-3043,4729,-2704,3eca26d9,bee07821,bf0e7604,3f15c270,3eca26d0,bee07817,bf0e7608,3f15c273,1,14156994

8279,-1129,-4307,409,1726,-15960,-24,-3091,4743,-2655,3ecc83c5,bee1f240,bf0d9f1e,3f153283,3ecc83bd,bee1f237,bf0d9f23,3f153287,1,14165513

8280,-986,-4624,767,2034,-16776,290,-3095,4701,-2671,3ecf256a,bee363c4,bf0ccd8e,3f1483c6,3ecf2561,bee363b9,bf0ccd92,3f1483c9,1,14174032

8281,-732,-5295,1023,2250,-16354,-422,-3095,4701,-2671,3ed1f0a8,bee50d33,bf0c0c44,3f139b4d,3ed1f09f,bee50d29,bf0c0c48,3f139b51,1,14182550

8282,-460,-6041,1231,2924,-16396,-341,-3233,4677,-2654,3ed504ac,bee6f51c,bf0b46d3,3f127cb5,3ed504a3,bee6f512,bf0b46d7,3f127cb9,1,14191069

8283,-341,-6788,1244,2305,-16114,-1313,-3275,4709,-2681,3ed8251b,bee938f7,bf0a6eac,3f113d6f,3ed82511,bee938ec,bf0a6eb0,3f113d72,1,14199587

8284,-266,-7364,1254,2852,-16777,-1761,-3275,4709,-2681,3edb704d,beeba83d,bf098840,3f0fdf15,3edb7043,beeba832,bf098844,3f0fdf18,1,14208106

8285,-249,-7920,1384,3333,-16553,-769,-3273,4807,-2579,3edf0d29,beee2a85,bf088ffe,3f0e5d8f,3edf0d21,beee2a7c,bf089003,3f0e5d94,1,14216625

8286,-254,-8521,1576,2037,-17008,278,-3313,4785,-2574,3ee2e80b,bef0f2d2,bf0765bc,3f0cc6a3,3ee2e803,bef0f2c9,bf0765c1,3f0cc6a8,1,14225143

8287,-517,-9128,1292,1566,-16534,308,-3313,4785,-2574,3ee6dbe7,bef3f72a,bf060392,3f0b2f65,3ee6dbdd,bef3f71f,bf060395,3f0b2f69,1,14233662

8288,-764,-9495,980,289,-16508,495,-3399,4795,-2601,3eeabe53,bef71e6e,bf046eb7,3f09acf7,3eeabe4b,bef71e64,bf046ebb,3f09acfc,1,14242180

8289,-699,-9250,870,-1681,-14758,956,-3431,4821,-2562,3eee60bb,befa2630,bf02d9d7,3f08404e,3eee60b2,befa2624,bf02d9da,3f084052,1,14250699

8290,-25,-8211,891,-2741,-12638,2580,-3431,4821,-2562,3ef179a7,befcdd41,bf0185f0,3f06e585,3ef179a0,befcdd37,bf0185f4,3f06e58a,1,14258717

8291,1421,-6973,760,-1965,-14878,819,-3445,4797,-2511,3ef38c08,beffbe3e,bf009e30,3f05779e,3ef38bff,beffbe32,bf009e33,3f0577a2,1,14267235

8292,2327,-6201,391,-221,-16918,481,-3489,4805,-2401,3ef4f32f,bf016512,beffde17,3f0401c6,3ef4f327,bf01650c,beffde1e,3f0401ca,1,14275754

8293,2230,-6028,-197,1348,-17512,142,-3531,4837,-2430,3ef63276,bf02f6a9,befe6085,3f0297aa,3ef63271,bf02f6a4,befe608e,3f0297af,1,14284273

8294,1883,-6103,-477,1990,-17725,12,-3531,4837,-2430,3ef7893f,bf048240,befcaeaf,3f01374f,3ef7893a,bf04823b,befcaeb8,3f013754,1,14292791

8295,1490,-6227,-423,2725,-16883,-648,-3573,4773,-2443,3ef91105,bf05f5ed,befaf03e,3effa6ed,3ef91100,bf05f5e8,befaf047,3effa6f7,1,14301310

8296,1161,-6429,-229,2488,-16461,-1618,-3587,4865,-2332,3efaba27,bf07582f,bef91eec,3efce03a,3efaba21,bf07582a,bef91ef4,3efce043,1,14309828

8297,873,-6688,101,2740,-17182,-1041,-3587,4865,-2332,3efcb6d3,bf08a824,bef733bb,3ef9f0d3,3efcb6cd,bf08a81f,bef733c3,3ef9f0dd,1,14318347

8298,499,-7016,557,1865,-16747,-767,-3667,4835,-2412,3eff0890,bf09e98b,bef5189b,3ef6e1c2,3eff088a,bf09e986,bef518a2,3ef6e1cb,1,14326866

8299,349,-7397,1176,1493,-16392,-1095,-3697,4823,-2332,3f00d20d,bf0b18be,bef30534,3ef38bcf,3f00d20a,bf0b18ba,bef3053a,3ef38bd7,1,14335385

8300,478,-7805,1739,1271,-16412,-1219,-3697,4823,-2332,3f023aab,bf0c4398,bef104c4,3eefd509,3f023aa8,bf0c4394,bef104cb,3eefd512,1,14343903

8301,1104,-8228,1685,1895,-16889,-3534,-3689,4861,-2179,3f038bd2,bf0d8eb0,beef24fd,3eebc256,3f038bcf,bf0d8eac,beef2504,3eebc25f,1,14352422

8302,1652,-9021,1220,2098,-16594,-3365,-3723,4873,-2190,3f04ccf3,bf0f1d27,beecf81a,3ee757ab,3f04ccf0,bf0f1d23,beecf821,3ee757b5,1,14360440

8303,1157,-9420,2155,52,-15717,-1187,-3723,4873,-2190,3f064f37,bf10854c,beeaa011,3ee2b3d3,3f064f34,bf108548,beeaa017,3ee2b3dc,1,14368958

8304,1343,-9328,2227,486,-16522,-1576,-3801,4841,-2138,3f07c274,bf11e934,bee863bd,3eddf013,3f07c272,bf11e930,bee863c4,3eddf01d,1,14377477

8305,1455,-9202,2087,515,-16606,-1100,-3783,4915,-2045,3f09218b,bf134d00,bee61c3f,3ed937b9,3f092189,bf134cfc,bee61c46,3ed937c3,1,14385995

8306,1574,-9232,1774,605,-17020,-66,-3819,4851,-2015,3f0a720d,bf14bdfb,bee3979b,3ed48e7c,3f0a720b,bf14bdf5,bee397a1,3ed48e85,1,14394514

8307,1468,-9135,1526,612,-16429,773,-3819,4851,-2015,3f0bbf68,bf162265,bee0e11a,3ed012ab,3f0bbf67,bf162260,bee0e122,3ed012b7,1,14403033

8308,1375,-8901,1380,-101,-15995,1724,-3807,4885,-1926,3f0d0172,bf176ea3,bede200f,3ecbd4cf,3f0d0171,bf176e9e,bede2017,3ecbd4db,1,14411551

8309,1506,-8543,1268,-916,-16305,3250,-3863,4889,-1970,3f0e2b7a,bf18a78e,bedb8057,3ec7c052,3f0e2b78,bf18a788,bedb805e,3ec7c05d,1,14420070

8310,1559,-7707,908,-799,-16156,4645,-3863,4889,-1970,3f0f2927,bf19c7d3,bed911f9,3ec416a8,3f0f2925,bf19c7cd,bed91200,3ec416b3,1,14428589

8311,1556,-6619,580,-892,-15601,7497,-3847,4871,-1888,3f0ff4bd,bf1ac663,bed6f0cf,3ec0f370,3f0ff4bc,bf1ac65e,bed6f0d8,3ec0f37c,1,14437107

8312,1458,-5333,330,-1488,-15939,11219,-3815,4851,-1844,3f108d8c,bf1b9b93,bed52cf6,3ebe6da1,3f108d8b,bf1b9b8d,bed52cfd,3ebe6dac,1,14445626

8313,1112,-3765,-229,-1422,-16457,11481,-3815,4851,-1844,3f10ee62,bf1c410a,bed3ad63,3ebcd36a,3f10ee61,bf1c4105,bed3ad6a,3ebcd375,1,14453644

8314,716,-2294,-1124,-2185,-15604,7082,-3855,4865,-1852,3f111085,bf1cc97b,bed237cd,3ebc4755,3f111084,bf1cc976,bed237d4,3ebc4760,1,14462162

8315,1060,-1104,-1837,325,-16386,1085,-3829,4807,-1784,3f10d67e,bf1d73d5,bed0dcde,3ebc437c,3f10d67d,bf1d73d0,bed0dce5,3ebc4387,1,14470681

8316,1378,-498,-1596,1862,-16770,-140,-3829,4807,-1784,3f107cc7,bf1e1af4,bed00bab,3ebc0e9f,3f107cc5,bf1e1aef,bed00bb1,3ebc0ea9,1,14479200

8317,1020,-566,-1217,2103,-16548,348,-3825,4793,-1814,3f1051ab,bf1e9d45,becf3c69,3ebbc0df,3f1051a9,bf1e9d40,becf3c6f,3ebbc0e9,1,14487718

8318,818,-939,-982,1844,-16915,179,-3861,4805,-1771,3f103e6c,bf1f1df0,bece52f5,3ebb497c,3f103e6c,bf1f1ded,bece52fd,3ebb4987,1,14496237

8319,646,-1251,-833,2032,-16779,132,-3893,4891,-1750,3f104552,bf1f98e1,becd5817,3ebaa53d,3f104551,bf1f98dd,becd581e,3ebaa548,1,14504756

8320,395,-1593,-680,2739,-16481,-32,-3893,4891,-1750,3f106e88,bf200555,becc59c7,3eb9c8ea,3f106e86,bf200551,becc59ce,3eb9c8f4,1,14513274

8321,166,-2098,-436,2551,-16193,402,-3911,4869,-1686,3f10c090,bf206b3e,becb2928,3eb8b74b,3f10c08e,bf206b3a,becb292f,3eb8b755,1,14521793

8322,80,-2563,-304,1879,-15886,869,-3939,4809,-1676,3f112a02,bf20d52f,bec9baf2,3eb78c38,3f112a00,bf20d52b,bec9baf9,3eb78c42,1,14530312

8323,162,-2789,-223,2156,-16461,492,-3939,4809,-1676,3f119570,bf214b03,bec84e33,3eb62868,3f11956e,bf214aff,bec84e3a,3eb62872,1,14538830

8324,55,-2773,-140,340,-16349,881,-3955,4893,-1688,3f11fbcd,bf21b9e1,bec6c108,3eb509b1,3f11fbcb,bf21b9dd,bec6c10f,3eb509bb,1,14547349

8325,-23,-2354,-191,338,-15963,1091,-4019,4841,-1635,3f1257ea,bf2217e0,bec553db,3eb41ed6,3f1257e8,bf2217dc,bec553e2,3eb41ee0,1,14555867

8326,151,-1615,-362,1167,-16065,1398,-4019,4841,-1635,3f12986e,bf22651e,bec42fd4,3eb3755e,3f12986c,bf22651a,bec42fdb,3eb37568,1,14563885

8327,293,-1187,-472,1015,-16239,1171,-3981,4897,-1683,3f12befc,bf22b22a,bec32ae9,3eb2fc89,3f12befa,bf22b226,bec32af1,3eb2fc93,1,14572404

8328,455,-984,-635,1227,-16396,442,-3967,4843,-1730,3f12cb69,bf231058,bec237e2,3eb2851d,3f12cb67,bf231054,bec237ea,3eb28527,1,14580922

8329,450,-914,-549,813,-16221,698,-3967,4843,-1730,3f12d8b0,bf2365fe,bec14a95,3eb221a9,3f12d8ae,bf2365fa,bec14a9d,3eb221b3,1,14589441

8330,473,-746,-655,734,-16473,555,-3979,4849,-1643,3f12d70f,bf23bfae,bec06574,3eb1d58f,3f12d70f,bf23bfab,bec0657e,3eb1d59a,1,14597960

8331,471,-582,-1011,463,-16189,791,-3987,4809,-1731,3f12c9a7,bf24196b,bebf6482,3eb1cc3e,3f12c9a5,bf241967,bebf648a,3eb1cc48,1,14606478

8332,534,-528,-934,375,-15766,1311,-3991,4821,-1716,3f12bf11,bf246874,bebe786e,3eb1c8a9,3f12bf0f,bf246870,bebe7876,3eb1c8b3,1,14614997

8333,838,-460,-643,1006,-16667,647,-3991,4821,-1716,3f12aa02,bf24c3e0,bebdc856,3eb177d8,3f12aa00,bf24c3dc,bebdc85e,3eb177e2,1,14623516

8334,871,-642,-347,1136,-16544,12,-4007,4801,-1618,3f1295ed,bf252687,bebd3b99,3eb0e176,3f1295ec,bf252684,bebd3ba2,3eb0e181,1,14632034

8335,779,-1132,-332,720,-16773,505,-4003,4761,-1688,3f129d1b,bf258bc0,bebc65bc,3eb0331c,3f129d1a,bf258bbd,bebc65c5,3eb03327,1,14640553

8336,628,-1362,-175,796,-16801,297,-4003,4761,-1688,3f12b688,bf25ed56,bebb8560,3eaf5e29,3f12b685,bf25ed52,bebb8568,3eaf5e33,1,14649072

8337,501,-1257,58,704,-16366,403,-4003,4825,-1646,3f12db3a,bf263cec,bebabd7e,3eae8a94,3f12db38,bf263ce9,bebabd88,3eae8a9f,1,14657590

8338,460,-1164,255,1046,-16368,594,-3967,4789,-1600,3f130b7d,bf267cb7,beba1710,3eada604,3f130b7b,bf267cb4,beba171a,3eada60f,1,14666109

8339,417,-1154,368,1083,-16430,447,-3967,4789,-1600,3f133f12,bf26b88d,beb97d87,3eacb527,3f133f10,bf26b88a,beb97d91,3eacb532,1,14674127

8340,324,-1060,423,1025,-16443,386,-3975,4737,-1715,3f13780b,bf26e929,beb8eb8c,3eabd2e7,3f137808,bf26e925,beb8eb94,3eabd2f1,1,14682645

8341,238,-801,449,1227,-16537,417,-3953,4811,-1610,3f13aefb,bf270db9,beb8759c,3eab0648,3f13aefa,bf270db6,beb875a6,3eab0653,1,14691164

8342,139,-538,433,1531,-16503,403,-3953,4811,-1610,3f13e5dc,bf2723ca,beb81c3f,3eaa5249,3f13e5da,bf2723c6,beb81c48,3eaa5253,1,14699683

8343,0,-390,308,1772,-16422,482,-4009,4801,-1590,3f141d74,bf2730cf,beb7c384,3ea9bd82,3f141d72,bf2730cb,beb7c38d,3ea9bd8c,1,14708201

8344,-102,-419,85,1532,-16242,782,-3979,4813,-1608,3f1458dc,bf273b90,beb73f21,3ea95299,3f1458da,bf273b8c,beb73f2a,3ea952a3,1,14716720

8345,-103,-421,-115,1254,-16353,708,-3979,4813,-1608,3f148ab8,bf2750a3,beb69ad0,3ea901eb,3f148ab8,bf2750a1,beb69ada,3ea901f7,1,14725239

8346,-17,-165,-259,1099,-16199,732,-4001,4885,-1585,3f14aab7,bf27683a,beb5ffdd,3ea8db11,3f14aab6,bf276837,beb5ffe6,3ea8db1c,1,14733757

8347,83,38,-309,1246,-16097,769,-4027,4771,-1592,3f14be30,bf277fb6,beb57fbd,3ea8c33f,3f14be2d,bf277fb2,beb57fc4,3ea8c349,1,14742276

8348,163,26,-332,1233,-16351,738,-3979,4839,-1623,3f14cf78,bf279a34,beb4fe5b,3ea8a806,3f14cf76,bf279a31,beb4fe63,3ea8a811,1,14750795

8349,263,-23,-328,1278,-16516,528,-3979,4839,-1623,3f14da06,bf27be8a,beb48161,3ea87838,3f14da02,bf27be85,beb48167,3ea87842,1,14759313

8350,313,-73,-275,1312,-16386,619,-3969,4783,-1598,3f14e5cf,bf27e3c3,beb40994,3ea83a5a,3f14e5cc,bf27e3c0,beb4099b,3ea83a66,1,14767832

8351,298,-201,-257,1697,-16599,513,-4001,4849,-1609,3f14f914,bf2808bd,beb39659,3ea7dd81,3f14f911,bf2808ba,beb39660,3ea7dd8d,1,14775850

8352,98,-598,-38,3976,-16635,-588,-4001,4849,-1609,3f152028,bf282167,beb3588d,3ea731ab,3f152025,bf282164,beb35894,3ea731b7,1,14784368

8353,-532,-2061,552,1976,-15607,694,-4007,4811,-1605,3f15b2df,bf28311d,beb26791,3ea5e694,3f15b2dc,bf28311a,beb26798,3ea5e6a0,1,14792887

8354,-521,-2545,417,-53,-16521,322,-3979,4781,-1551,3f1631f6,bf2867fa,beb10871,3ea4b376,3f1631f4,bf2867f7,beb10879,3ea4b382,1,14801406

8355,-614,-1821,141,-349,-16291,1290,-3979,4781,-1551,3f16a3af,bf288076,beafc74e,3ea40778,3f16a3ad,bf288073,beafc756,3ea40784,1,14809924

8356,-414,-999,-215,314,-16037,1204,-4009,4857,-1591,3f16efe9,bf28941a,beaebd3b,3ea3baab,3f16efe6,bf289417,beaebd42,3ea3bab5,1,14818443

8357,-156,-600,-533,858,-16156,963,-4041,4855,-1614,3f171d2e,bf28b45d,beadcd69,3ea38dfb,3f171d2b,bf28b45b,beadcd70,3ea38e05,1,14826961

8358,-50,-406,-689,597,-16242,1108,-4041,4855,-1614,3f1739b1,bf28d7e4,beace0ae,3ea38cce,3f1739ae,bf28d7e2,beace0b5,3ea38cd8,1,14835480

8359,55,-139,-882,888,-16581,762,-4007,4829,-1601,3f174205,bf290418,beac0523,3ea39ed7,3f174202,bf290416,beac052a,3ea39ee1,1,14843999

8360,42,-7,-938,911,-16226,1178,-4061,4791,-1506,3f174895,bf292917,beab3309,3ea3ca00,3f174892,bf292915,beab3310,3ea3ca0a,1,14852518

8361,190,63,-916,43,-16077,344,-3975,4765,-1613,3f173305,bf29607a,beaa690e,3ea40743,3f173303,bf296078,beaa6916,3ea4074d,1,14861036

8362,404,407,-775,1114,-15829,1384,-3975,4765,-1613,3f172802,bf297a3d,bea9f3d2,3ea43f09,3f172800,bf297a3b,bea9f3da,3ea43f13,1,14869054

8363,449,449,-470,789,-16893,388,-4031,4811,-1554,3f170c61,bf29a549,bea9a16b,3ea44822,3f170c5e,bf29a546,bea9a172,3ea4482b,1,14877573

8364,350,289,-254,857,-16466,802,-4025,4821,-1594,3f170cc9,bf29bf58,bea94af5,3ea43421,3f170cc7,bf29bf56,bea94afd,3ea4342c,1,14886091

8365,342,242,-123,854,-16429,726,-4025,4821,-1594,3f17118b,bf29d7be,bea8ff2f,3ea40bbd,3f171188,bf29d7ba,bea8ff36,3ea40bc7,1,14894610

8366,343,216,-36,1065,-16308,792,-3993,4815,-1621,3f171f0b,bf29e8a2,bea8c2ed,3ea3d20b,3f171f09,bf29e89f,bea8c2f5,3ea3d216,1,14903129

8367,325,184,-30,785,-16862,432,-3999,4789,-1565,3f1720d9,bf2a05d1,bea87f59,3ea397d1,3f1720d6,bf2a05cc,bea87f60,3ea397db,1,14911647

8368,324,200,-74,1097,-16515,608,-3999,4789,-1565,3f17290f,bf2a1d3d,bea84012,3ea35921,3f17290c,bf2a1d39,bea84019,3ea3592b,1,14920166

8369,204,175,-98,1008,-16472,518,-4035,4799,-1637,3f1737e7,bf2a3027,bea7f22f,3ea3237c,3f1737e5,bf2a3024,bea7f237,3ea32387,1,14928684

8370,89,154,-156,976,-16301,723,-3975,4737,-1538,3f174cd0,bf2a3ed5,bea7929b,3ea2fae9,3f174cce,bf2a3ed2,bea792a3,3ea2faf4,1,14937203

8371,69,156,-185,895,-16169,925,-3975,4737,-1538,3f1764f9,bf2a498f,bea72a9b,3ea2df2b,3f1764f7,bf2a498c,bea72aa3,3ea2df36,1,14945722

8372,134,167,-194,1087,-16245,884,-3959,4713,-1633,3f177d7b,bf2a524c,bea6cf6a,3ea2bce9,3f177d7a,bf2a524a,bea6cf74,3ea2bcf5,1,14954240

8373,173,128,-182,1012,-16436,795,-3941,4727,-1633,3f1793d9,bf2a5fc5,bea670d0,3ea29209,3f1793d8,bf2a5fc3,bea670da,3ea29215,1,14962759

8374,189,63,-143,794,-16343,651,-3955,4727,-1546,3f17a332,bf2a77bc,bea60b12,3ea25c4c,3f17a331,bf2a77b9,bea60b1a,3ea25c57,1,14971278

8375,198,62,-65,719,-16522,795,-3955,4727,-1546,3f17b632,bf2a8bcf,bea5a97d,3ea224a7,3f17b631,bf2a8bcc,bea5a985,3ea224b2,1,14979296

8376,183,31,6,806,-16327,769,-3913,4643,-1609,3f17d028,bf2a9aaa,bea54faf,3ea1e08b,3f17d026,bf2a9aa7,bea54fb6,3ea1e095,1,14987814

8377,205,22,68,854,-16187,876,-3891,4673,-1596,3f17edfd,bf2aa589,bea4fee7,3ea19515,3f17edfc,bf2aa588,bea4feef,3ea19520,1,14996333

8378,246,-5,177,1132,-16312,955,-3891,4673,-1596,3f181085,bf2aac16,bea4c5da,3ea13194,3f181083,bf2aac14,bea4c5e1,3ea1319e,1,15004852

8379,308,-190,216,865,-16393,739,-3893,4647,-1559,3f182d27,bf2ac347,bea47707,3ea0b38b,3f182d26,bf2ac346,bea4770f,3ea0b396,1,15013370

8380,295,-252,239,792,-16501,625,-3873,4633,-1678,3f184f59,bf2ad7f0,bea42142,3ea0319a,3f184f58,bf2ad7ef,bea4214a,3ea031a5,1,15021889

8381,218,-174,279,1079,-16416,726,-3873,4633,-1678,3f187986,bf2ae048,bea3dfe0,3e9fb050,3f187983,bf2ae044,bea3dfe6,3e9fb058,1,15030408

8382,181,-240,244,1117,-16416,924,-3827,4639,-1617,3f18a8e0,bf2ae652,bea39221,3e9f30ff,3f18a8dd,bf2ae64f,bea39227,3e9f3107,1,15038926

8383,178,-343,134,885,-16199,865,-3821,4611,-1579,3f18d361,bf2af798,bea3225b,3e9eb623,3f18d360,bf2af796,bea32263,3e9eb62c,1,15047445

8384,247,-322,69,855,-16270,854,-3821,4611,-1579,3f18f6ff,bf2b0e2e,bea2af91,3e9e4142,3f18f6fc,bf2b0e2b,bea2af98,3e9e414a,1,15055964

8385,345,-205,41,1009,-16288,818,-3811,4573,-1602,3f1912ca,bf2b25b9,bea251b3,3e9dd025,3f1912c9,bf2b25b7,bea251bb,3e9dd02e,1,15064483

8386,416,-141,-2,1183,-16429,695,-3797,4537,-1541,3f1923a6,bf2b446d,bea20283,3e9d5ab4,3f1923a5,bf2b446b,bea2028b,3e9d5abd,1,15073001

8387,437,-139,-114,1264,-16374,483,-3729,4555,-1603,3f1931ad,bf2b6418,bea1b2e9,3e9cebe0,3f1931ac,bf2b6416,bea1b2f1,3e9cebe9,1,15081019

8388,380,-133,-286,1149,-16580,489,-3729,4555,-1603,3f193da2,bf2b8653,bea146d6,3e9c96b1,3f193da1,bf2b8650,bea146dd,3e9c96b9,1,15089538

8389,273,-73,-488,1161,-16487,644,-3701,4505,-1526,3f19491f,bf2ba713,bea0c272,3e9c624a,3f19491e,bf2ba710,bea0c279,3e9c6252,1,15098056

8390,212,-30,-700,1269,-16545,598,-3657,4415,-1521,3f195108,bf2bc917,bea02dfc,3e9c4633,3f195108,bf2bc915,bea02e04,3e9c463c,1,15106575

8391,138,-62,-974,1072,-16407,765,-3657,4415,-1521,3f1959df,bf2bed2c,be9f6809,3e9c4f2f,3f1959df,bf2bed29,be9f680f,3e9c4f37,1,15115093

8392,121,-77,-1235,882,-16276,644,-3629,4343,-1520,3f195901,bf2c1bb2,be9e7d5a,3e9c746a,3f195902,bf2c1bb0,be9e7d61,3e9c7473,1,15123612

8393,127,-84,-1325,1408,-15565,394,-3611,4283,-1520,3f195492,bf2c4a92,be9dac1d,3e9c8ad4,3f195492,bf2c4a8f,be9dac23,3e9c8add,1,15132131

8394,183,-122,-1280,174,-16644,592,-3611,4283,-1520,3f194703,bf2c845d,be9ca581,3e9cc8f2,3f194703,bf2c845a,be9ca587,3e9cc8fb,1,15140649

8395,166,-158,-1135,-490,-16265,644,-3549,4253,-1577,3f193c83,bf2cb71d,be9b9dbc,3e9d191c,3f193c83,bf2cb71a,be9b9dc2,3e9d1925,1,15149168

8396,118,134,-818,-262,-16681,654,-3575,4193,-1619,3f193ac3,bf2cd5b9,be9ad6a6,3e9d5de8,3f193ac3,bf2cd5b6,be9ad6ac,3e9d5df1,1,15157686

8397,-30,393,-613,681,-16545,478,-3575,4193,-1619,3f19498f,bf2cdbcc,be9a6065,3e9d7dc2,3f19498f,bf2cdbc9,be9a606b,3e9d7dcb,1,15166205

8398,-152,391,-626,456,-16418,554,-3577,4195,-1548,3f195a0f,bf2ce0db,be99d7e7,3e9dacd0,3f195a10,bf2ce0d9,be99d7ed,3e9dacd9,1,15174724

8399,-191,297,-512,490,-16324,819,-3565,4207,-1546,3f19797d,bf2cdc4d,be994f8d,3e9dcb4a,3f19797e,bf2cdc4b,be994f92,3e9dcb53,1,15183242

8400,-116,237,-419,637,-15496,1348,-3523,4143,-1626,3f19a1f9,bf2cc977,be98e0b9,3e9debc0,3f19a1f8,bf2cc974,be98e0bd,3e9debc8,1,15191260

8401,234,143,-77,90,-15669,817,-3523,4143,-1626,3f19b85b,bf2cd176,be9881b3,3e9dcd7b,3f19b85a,bf2cd173,be9881b7,3e9dcd82,1,15199779

8402,490,48,339,617,-16585,443,-3533,4197,-1566,3f19c5a3,bf2ce561,be98797d,3e9d4a2d,3f19c5a2,bf2ce55e,be987982,3e9d4a34,1,15208298

8403,422,99,183,406,-16448,444,-3563,4213,-1564,3f19cee8,bf2cfb6b,be9854c1,3e9ce877,3f19cee7,bf2cfb68,be9854c7,3e9ce87e,1,15216817

8404,303,116,123,420,-16237,889,-3563,4213,-1564,3f19e8f1,bf2d0214,be981a23,3e9c9dc4,3f19e8f0,bf2d0211,be981a29,3e9c9dcb,1,15225335

8405,297,126,124,376,-16243,790,-3623,4217,-1550,3f19fd81,bf2d0e71,be97ddd8,3e9c50b8,3f19fd81,bf2d0e6f,be97dddf,3e9c50c0,1,15233854

8406,368,84,251,535,-16388,531,-3643,4185,-1549,3f1a0c78,bf2d21ac,be97bb92,3e9be1af,3f1a0c77,bf2d21a9,be97bb98,3e9be1b6,1,15242372

8407,270,51,222,427,-16369,648,-3643,4185,-1549,3f1a22f6,bf2d3013,be97850e,3e9b7da8,3f1a22f5,bf2d3011,be978514,3e9b7db0,1,15250891

8408,217,31,214,477,-16393,616,-3617,4251,-1576,3f1a4005,bf2d389b,be974d22,3e9b1ab8,3f1a4003,bf2d3898,be974d27,3e9b1abf,1,15259410

8409,172,13,222,495,-16385,679,-3665,4179,-1624,3f1a61e2,bf2d3e30,be970ebc,3e9ab7b5,3f1a61e0,bf2d3e2d,be970ec2,3e9ab7bc,1,15267928

8410,147,24,189,540,-16374,642,-3665,4179,-1624,3f1a8387,bf2d438a,be96cec8,3e9a57a7,3f1a8386,bf2d4388,be96cece,3e9a57af,1,15276447

8411,115,53,142,623,-16372,709,-3627,4229,-1563,3f1aa5a7,bf2d46ab,be968f6a,3e99fea4,3f1aa5a7,bf2d46ab,be968f72,3e99fead,1,15284965

8412,103,83,84,641,-16382,711,-3617,4245,-1529,3f1ac4a3,bf2d4b20,be964da4,3e99ae47,3f1ac4a1,bf2d4b1e,be964daa,3e99ae4e,1,15292983

8413,98,106,17,516,-16493,575,-3685,4255,-1621,3f1ae089,bf2d51c4,be96005b,3e996b51,3f1ae088,bf2d51c3,be960062,3e996b59,1,15301502

8414,90,71,-89,960,-16013,1013,-3685,4255,-1621,3f1b0668,bf2d4d61,be95b69b,3e992e2d,3f1b0665,bf2d4d5e,be95b6a0,3e992e34,1,15310027

8415,172,-79,-273,150,-16383,622,-3663,4251,-1559,3f1b147a,bf2d68c7,be952b26,3e99012f,3f1b1479,bf2d68c7,be952b2d,3e990138,1,15318546

8416,152,-42,-249,229,-16377,484,-3657,4237,-1568,3f1b21be,bf2d82c5,be94ace8,3e98d063,3f1b21bb,bf2d82c3,be94acee,3e98d06a,1,15327065

8417,112,94,-59,514,-16449,626,-3657,4237,-1568,3f1b39ea,bf2d8d01,be9458d9,3e989158,3f1b39e7,bf2d8cff,be9458df,3e98915f,1,15335584

8418,57,136,-81,408,-16660,620,-3675,4281,-1507,3f1b4e6a,bf2d9814,be9401e0,3e985ff2,3f1b4e68,bf2d9813,be9401e7,3e985ffa,1,15344102

8419,22,140,-125,452,-16346,732,-3641,4233,-1591,3f1b6ce8,bf2d9a43,be93a219,3e983681,3f1b6ce5,bf2d9a42,be93a220,3e983688,1,15352621

8420,0,132,-150,248,-16162,841,-3641,4233,-1591,3f1b8c68,bf2d9b6e,be9332fc,3e981c12,3f1b8c65,bf2d9b6d,be933303,3e981c19,1,15361140

8421,56,152,-75,301,-16198,822,-3629,4245,-1518,3f1ba62b,bf2da115,be92d5ee,3e97f2ca,3f1ba627,bf2da113,be92d5f5,3e97f2d1,1,15369658

8422,147,169,10,417,-16194,861,-3607,4261,-1541,3f1bc110,bf2da428,be928ed0,3e97bb18,3f1bc10e,bf2da429,be928ed8,3e97bb20,1,15378177

8423,206,169,65,487,-16309,765,-3607,4261,-1541,3f1bd7d3,bf2daaae,be925708,3e977588,3f1bd7cf,bf2daaae,be92570f,3e97758f,1,15386195

8424,212,168,68,-93,-16087,251,-3631,4221,-1575,3f1bdb3d,bf2dbefb,be9218a3,3e974688,3f1bdb3b,bf2dbefd,be9218ab,3e974690,1,15394713

8425,143,117,155,825,-16269,883,-3657,4279,-1500,3f1bfb4f,bf2dbf2f,be91f0c2,3e96e7c3,3f1bfb4c,bf2dbf30,be91f0c8,3e96e7ca,1,15403232

8426,212,126,101,221,-16741,698,-3633,4285,-1558,3f1c0ed6,bf2dca13,be91adb6,3e96a59a,3f1c0ed3,bf2dca14,be91adbc,3e96a5a1,1,15411750

8427,122,122,137,562,-16249,720,-3633,4285,-1558,3f1c2d82,bf2dcb27,be9179b4,3e96539f,3f1c2d7f,bf2dcb28,be9179ba,3e9653a6,1,15420269

8428,105,153,52,416,-16366,748,-3629,4315,-1535,3f1c4822,bf2dce5b,be913769,3e961630,3f1c481f,bf2dce5c,be91376f,3e961637,1,15428788

8429,113,140,28,415,-16583,702,-3653,4285,-1574,3f1c61c4,bf2dd38e,be90f049,3e95d808,3f1c61c0,bf2dd38d,be90f04d,3e95d80d,1,15437306

8430,63,117,85,334,-16257,874,-3653,4285,-1574,3f1c840b,bf2dd1e8,be90a32b,3e959af8,3f1c840a,bf2dd1e8,be90a331,3e959afe,1,15445825

8431,136,115,155,339,-16352,682,-3693,4329,-1570,3f1c9dc2,bf2dd7cf,be9066a7,3e954e41,3f1c9dc1,bf2dd7cf,be9066ad,3e954e47,1,15454344

8432,135,105,242,328,-16388,666,-3711,4289,-1550,3f1cb706,bf2dded0,be903233,3e94f62e,3f1cb705,bf2dded0,be903239,3e94f635,1,15462862

8433,73,106,355,186,-16207,683,-3711,4289,-1550,3f1cd575,bf2de0a8,be900116,3e949cdc,3f1cd573,bf2de0a7,be90011c,3e949ce3,1,15471381

8434,32,166,501,681,-16202,960,-3697,4347,-1619,3f1d08f7,bf2dcade,be8ff899,3e943154,3f1d08f6,bf2dcade,be8ff89f,3e94315b,1,15479900

8435,94,154,471,872,-16420,781,-3709,4329,-1579,3f1d31c1,bf2dc006,be8ff873,3e93b72a,3f1d31bf,bf2dc005,be8ff878,3e93b730,1,15488418

8436,128,84,259,773,-16259,799,-3709,4329,-1579,3f1d54a0,bf2dbe88,be8fd3d0,3e934d37,3f1d54a0,bf2dbe89,be8fd3d6,3e934d3e,1,15496436

8437,133,71,102,549,-16272,784,-3737,4329,-1597,3f1d7169,bf2dc423,be8f8f31,3e92fa9c,3f1d7167,bf2dc421,be8f8f35,3e92faa1,1,15504955

8438,144,90,55,657,-16352,820,-3673,4403,-1665,3f1d9478,bf2dc08d,be8f51fc,3e92b0f3,3f1d9476,bf2dc08b,be8f5200,3e92b0f8,1,15513473

8439,127,119,-29,544,-16475,769,-3689,4381,-1622,3f1daf83,bf2dc452,be8f0602,3e9274f9,3f1daf81,bf2dc451,be8f0606,3e9274ff,1,15521992

8440,86,102,-32,504,-16400,772,-3689,4381,-1622,3f1dccd2,bf2dc6c0,be8eb42a,3e923af4,3f1dccd0,bf2dc6bf,be8eb42e,3e923afa,1,15530510

8441,92,118,-52,385,-16402,654,-3729,4389,-1607,3f1de22e,bf2dcfab,be8e5f4c,3e9206fd,3f1de22c,bf2dcfaa,be8e5f50,3e920703,1,15539029

8442,88,121,-60,449,-16185,970,-3755,4393,-1629,3f1e0161,bf2dcfe9,be8e04e2,3e91d6dd,3f1e0161,bf2dcfe9,be8e04e7,3e91d6e4,1,15547548

8443,190,110,13,557,-16342,801,-3755,4393,-1629,3f1e194c,bf2dd755,be8dbf6b,3e918f50,3f1e194b,bf2dd755,be8dbf70,3e918f57,1,15556066

8444,203,112,11,364,-16427,684,-3727,4403,-1557,3f1e272f,bf2de68b,be8d7824,3e914f94,3f1e272e,bf2de68b,be8d7829,3e914f9b,1,15564585

8445,165,109,79,561,-16311,760,-3711,4381,-1661,3f1e4435,bf2de847,be8d3bfd,3e910348,3f1e4434,bf2de847,be8d3c02,3e91034f,1,15573103

8446,184,92,102,476,-16383,791,-3711,4381,-1661,3f1e60c0,bf2deb42,be8cfc25,3e90b669,3f1e60bf,bf2deb42,be8cfc2a,3e90b670,1,15581622

8447,178,87,125,554,-16260,885,-3713,4411,-1620,3f1e7f42,bf2dec7c,be8cc107,3e906461,3f1e7f41,bf2dec7c,be8cc10c,3e906468,1,15590140

8448,201,93,126,604,-16255,843,-3711,4397,-1630,3f1e9be8,bf2def03,be8c8b04,3e900ee0,3f1e9be6,bf2def02,be8c8b08,3e900ee7,1,15598158

8449,243,110,91,577,-16363,802,-3711,4397,-1630,3f1eb326,bf2df5b4,be8c5404,3e8fbdb7,3f1eb325,bf2df5b4,be8c5408,3e8fbdbe,1,15606677

8450,250,119,58,593,-16409,692,-3745,4375,-1632,3f1ec4ef,bf2e015a,be8c1c29,3e8f6d26,3f1ec4ed,bf2e0159,be8c1c2c,3e8f6d2c,1,15615196

8451,223,113,13,626,-16431,721,-3765,4371,-1630,3f1ed7d2,bf2e0ca6,be8bdd13,3e8f2025,3f1ed7d1,bf2e0ca6,be8bdd18,3e8f202c,1,15623714

8452,168,126,-42,600,-16449,709,-3757,4399,-1572,3f1ee890,bf2e18ca,be8b97b4,3e8ede6c,3f1ee88f,bf2e18c9,be8b97b8,3e8ede72,1,15632233

8453,118,140,-130,496,-16393,802,-3757,4399,-1572,3f1efb77,bf2e22f0,be8b3f92,3e8eaed1,3f1efb76,bf2e22f0,be8b3f96,3e8eaed7,1,15640752

8454,102,138,-127,649,-16338,878,-3719,4383,-1617,3f1f1686,bf2e251a,be8aeddf,3e8e7b39,3f1f1684,bf2e2519,be8aede2,3e8e7b3e,1,15649270

8455,125,54,-87,348,-16299,726,-3757,4395,-1652,3f1f2d33,bf2e2f0d,be8a8c8d,3e8e43fd,3f1f2d32,bf2e2f0e,be8a8c91,3e8e4404,1,15657789

8456,128,96,-52,373,-16231,885,-3757,4395,-1652,3f1f4848,bf2e332d,be8a3193,3e8e0ef9,3f1f4846,bf2e332d,be8a3196,3e8e0eff,1,15666308

8457,170,105,61,546,-16326,779,-3725,4409,-1625,3f1f612a,bf2e37e3,be89f48c,3e8dc37a,3f1f6128,bf2e37e4,be89f48f,3e8dc380,1,15674826

8458,189,96,72,548,-16359,782,-3765,4379,-1553,3f1f73a6,bf2e4399,be89b77d,3e8d7207,3f1f73a4,bf2e439b,be89b780,3e8d720e,1,15683345

8459,180,101,40,607,-16284,833,-3765,4379,-1553,3f1f87dd,bf2e4db4,be897810,3e8d22a8,3f1f87db,bf2e4db6,be897813,3e8d22af,1,15691362

8460,201,131,-19,554,-16346,772,-3693,4417,-1507,3f1f9558,bf2e5a88,be893b0a,3e8ce1a2,3f1f9556,bf2e5a8a,be893b0c,3e8ce1a8,1,15699881

8461,194,143,-64,594,-16338,812,-3697,4353,-1549,3f1fa58b,bf2e65a6,be88f6d8,3e8ca385,3f1fa588,bf2e65a7,be88f6da,3e8ca38a,1,15708400

8462,190,91,-98,670,-16346,866,-3697,4353,-1549,3f1fb88d,bf2e708c,be88ab8f,3e8c6048,3f1fb88b,bf2e708e,be88ab91,3e8c604d,1,15716918

8463,192,27,-152,357,-16337,743,-3757,4359,-1530,3f1fc31c,bf2e860c,be88477f,3e8c268d,3f1fc31a,bf2e860e,be884781,3e8c2692,1,15725437

8464,184,122,-108,461,-16329,835,-3723,4387,-1536,3f1fd20e,bf2e932d,be87f5b0,3e8bf070,3f1fd20c,bf2e932e,be87f5b2,3e8bf075,1,15733955

8465,213,112,-71,505,-16330,841,-3695,4393,-1569,3f1fe3e1,bf2e9d73,be87ab88,3e8bb39c,3f1fe3e0,bf2e9d75,be87ab8b,3e8bb3a1,1,15742474

8466,243,59,-73,627,-16306,872,-3695,4393,-1569,3f1ff726,bf2ea88c,be8762d9,3e8b6a5a,3f1ff723,bf2ea88c,be8762db,3e8b6a5d,1,15750993

8467,345,-54,-176,-117,-17359,-65,-3775,4403,-1546,3f1fe743,bf2ed143,be870c9f,3e8b3ab1,3f1fe742,bf2ed144,be870ca2,3e8b3ab5,1,15759511

8468,306,-342,-366,104,-16504,483,-3691,4393,-1576,3f1fe9e3,bf2ef9e4,be86728c,3e8af78d,3f1fe9e1,bf2ef9e4,be86728e,3e8af790,1,15768030

8469,197,-152,-230,78,-16399,609,-3691,4393,-1576,3f1ff588,bf2f12db,be85f0e8,3e8ac156,3f1ff587,bf2f12dc,be85f0eb,3e8ac15a,1,15776548

8470,138,92,-68,401,-16377,774,-3747,4363,-1633,3f200dfc,bf2f183b,be859d3a,3e8a860c,3f200dfa,bf2f183a,be859d3c,3e8a8610,1,15785067

8471,134,152,-58,424,-16297,762,-3737,4403,-1553,3f2020c9,bf2f1f63,be8555e8,3e8a4f9c,3f2020c7,bf2f1f63,be8555eb,3e8a4fa0,1,15793586

8472,130,172,-82,439,-16340,799,-3737,4403,-1553,3f2033ef,bf2f257e,be850da0,3e8a1d8b,3f2033ee,bf2f257f,be850da3,3e8a1d90,1,15801603

8473,194,155,-172,-155,-16932,439,-3709,4405,-1585,3f20338a,bf2f39b8,be84b47a,3e8a0e87,3f203389,bf2f39b8,be84b47d,3e8a0e8b,1,15810122

8474,167,42,-202,377,-16329,666,-3741,4377,-1618,3f20446a,bf2f4722,be8452ca,3e89d9d4,3f204468,bf2f4721,be8452cc,3e89d9d7,1,15818641

8475,145,101,-115,293,-16318,767,-3741,4377,-1618,3f205988,bf2f4e6d,be83f957,3e89a837,3f205987,bf2f4e6d,be83f959,3e89a83a,1,15827159

8476,135,153,-38,401,-16337,835,-3707,4411,-1562,3f207017,bf2f513b,be83b5a9,3e89718e,3f207016,bf2f513b,be83b5ab,3e897191,1,15835678

8477,153,148,-28,361,-16344,783,-3737,4321,-1575,3f20834f,bf2f58a2,be836e86,3e893614,3f20834d,bf2f58a1,be836e87,3e893615,1,15844197

8478,167,125,-24,384,-16350,781,-3737,4321,-1575,3f20966b,bf2f60fd,be832794,3e88f5c2,3f20966a,bf2f60fd,be832796,3e88f5c3,1,15852715

8479,178,131,-15,400,-16360,769,-3707,4357,-1612,3f20ac23,bf2f6586,be82e691,3e88b6c7,3f20ac22,bf2f6586,be82e693,3e88b6c8,1,15861234

8480,178,135,-24,376,-16386,745,-3687,4337,-1620,3f20c143,bf2f6a1f,be82a4e5,3e887a9f,3f20c143,bf2f6a20,be82a4e7,3e887aa1,1,15869753

8481,165,112,-20,378,-16364,784,-3739,4349,-1580,3f20d521,bf2f71bf,be825e10,3e883970,3f20d521,bf2f71c0,be825e12,3e883972,1,15878271

8482,153,109,-26,382,-16396,752,-3739,4349,-1580,3f20e89d,bf2f7991,be82173c,3e87f8bf,3f20e89d,bf2f7991,be82173d,3e87f8c1,1,15886790

8483,131,106,-32,402,-16338,814,-3751,4333,-1539,3f20fc55,bf2f81d9,be81cd5d,3e87b72f,3f20fc55,bf2f81d9,be81cd5e,3e87b731,1,15895309

8484,145,110,-44,388,-16259,878,-3711,4347,-1620,3f21170c,bf2f82b9,be818248,3e877b7f,3f21170d,bf2f82ba,be818249,3e877b82,1,15903827

8485,180,109,-68,409,-16325,796,-3711,4347,-1620,3f212ca3,bf2f8804,be8139b9,3e873ea0,3f212ca3,bf2f8805,be8139ba,3e873ea2,1,15911845

8486,189,110,-85,374,-16370,740,-3779,4385,-1604,3f213cfc,bf2f9278,be80ee25,3e870276,3f213cfc,bf2f9279,be80ee26,3e870278,1,15920364

8487,189,122,-96,448,-16295,813,-3779,4355,-1562,3f214cdc,bf2f9d6b,be80a3f2,3e86c46f,3f214cdb,bf2f9d6a,be80a3f2,3e86c470,1,15928882

8488,196,113,-123,452,-16360,785,-3779,4355,-1562,3f215b1a,bf2fa9f9,be805761,3e8687ae,3f215b1a,bf2fa9f9,be805762,3e8687b0,1,15937401

8489,206,48,-157,285,-16300,756,-3733,4383,-1598,3f216a92,bf2fb6e2,be7ff7b3,3e865130,3f216a92,bf2fb6e2,be7ff7b5,3e865132,1,15945920

8490,285,36,-221,197,-16628,637,-3777,4399,-1586,3f216e2a,bf2fceab,be7f364c,3e861f65,3f216e2a,bf2fceab,be7f364f,3e861f67,1,15954438

8491,226,-23,-178,30,-16349,607,-3777,4399,-1586,3f217584,bf2fe4df,be7e61a0,3e85ec80,3f217584,bf2fe4e0,be7e61a4,3e85ec82,1,15962957

8492,165,109,-72,210,-16323,814,-3733,4337,-1590,3f2188ec,bf2fec1b,be7dbcb0,3e85b713,3f2188ec,bf2fec1c,be7dbcb4,3e85b714,1,15971476

8493,181,131,20,268,-16429,765,-3749,4333,-1521,3f21971d,bf2ff6e5,be7d3f3f,3e85751a,3f21971c,bf2ff6e6,be7d3f42,3e85751a,1,15979994

8494,168,127,35,288,-16345,815,-3693,4345,-1558,3f21abba,bf2ffb29,be7cc646,3e8533fa,3f21abba,bf2ffb2b,be7cc649,3e8533fa,1,15988513

8495,168,112,59,308,-16348,798,-3693,4345,-1558,3f21c0b9,bf2fff7d,be7c533d,3e84eda9,3f21c0b8,bf2fff7d,be7c533e,3e84eda8,1,15997031

8496,192,120,71,323,-16379,776,-3791,4323,-1569,3f21d29c,bf30080f,be7bde5f,3e84a075,3f21d29c,bf300811,be7bde62,3e84a075,1,16005550

8497,190,121,65,324,-16351,762,-3773,4347,-1562,3f21e422,bf301039,be7b6c97,3e84557d,3f21e421,bf301039,be7b6c98,3e84557c,1,16013568

8498,184,117,55,306,-16310,796,-3773,4347,-1562,3f21f6bd,bf3017b2,be7af2de,3e840c50,3f21f6bd,bf3017b2,be7af2e0,3e840c50,1,16022087

8499,193,111,61,322,-16333,796,-3757,4337,-1586,3f220af1,bf301dbc,be7a7bb8,3e83c170,3f220af2,bf301dbc,be7a7bbb,3e83c170,1,16030605

8500,201,114,66,292,-16354,771,-3813,4361,-1605,3f221e04,bf302517,be7a01bf,3e83761d,3f221e04,bf302516,be7a01c1,3e83761c,1,16039124

8501,201,120,64,346,-16383,759,-3813,4361,-1605,3f2230f9,bf302c21,be798efe,3e832941,3f2230fa,bf302c21,be798f01,3e832940,1,16047642

8502,194,122,48,314,-16352,788,-3773,4369,-1613,3f2245db,bf3030a8,be791737,3e82e26a,3f2245dc,bf3030a9,be79173b,3e82e269,1,16056161

8503,199,122,38,288,-16351,741,-3761,4339,-1607,3f225813,bf303786,be789d22,3e829d11,3f225812,bf303786,be789d24,3e829d0f,1,16064680

8504,190,126,49,291,-16364,768,-3761,4339,-1607,3f226bbf,bf303ced,be78245d,3e825767,3f226bc0,bf303cef,be782461,3e825766,1,16073198

8505,181,120,67,330,-16358,762,-3741,4399,-1609,3f22816b,bf303f62,be77b96e,3e8210d7,3f22816a,bf303f63,be77b96f,3e8210d5,1,16081717

8506,182,119,69,355,-16371,748,-3745,4313,-1572,3f22939f,bf30461d,be774bf1,3e81c55d,3f22939d,bf30461e,be774bf0,3e81c55a,1,16090236

8507,184,107,54,344,-16389,738,-3781,4359,-1568,3f22a4a3,bf304e4b,be76d83f,3e817a9d,3f22a4a1,bf304e4c,be76d83e,3e817a9a,1,16098754

8508,162,93,51,438,-16381,793,-3781,4359,-1568,3f22b98e,bf3053a0,be7664ca,3e812b5b,3f22b98c,bf3053a2,be7664ca,3e812b59,1,16106772

8509,142,58,35,419,-16383,832,-3793,4439,-1611,3f22d411,bf305477,be75e465,3e80de36,3f22d40f,bf305479,be75e465,3e80de34,1,16115291

8510,137,-63,21,561,-16409,832,-3807,4371,-1486,3f22e951,bf305f9c,be755148,3e807bba,3f22e94f,bf305f9e,be755148,3e807bb8,1,16123809

8511,161,-268,-26,329,-16299,810,-3807,4371,-1486,3f22fe09,bf307355,be7474f7,3e800f15,3f22fe08,bf307358,be7474f8,3e800f13,1,16132328

8512,171,-256,-36,99,-16266,731,-3751,4423,-1599,3f231575,bf3081f7,be738d90,3e7f6a7f,3f231573,bf3081f9,be738d8f,3e7f6a7a,1,16140846

8513,157,-136,33,322,-16325,849,-3789,4385,-1550,3f232e69,bf308c35,be72d82e,3e7ea69d,3f232e68,bf308c37,be72d82d,3e7ea699,1,16149365

8514,268,-152,-42,501,-16698,550,-3789,4385,-1550,3f23382f,bf30a29c,be723d8a,3e7ddcd8,3f23382e,bf30a29e,be723d88,3e7ddcd2,1,16157884

8515,236,-383,-106,120,-16368,610,-3813,4355,-1551,3f2345c2,bf30bfc6,be7134c7,3e7d0822,3f2345c1,bf30bfc8,be7134c5,3e7d081c,1,16166402

8516,182,-311,-6,102,-16438,621,-3739,4361,-1595,3f235b15,bf30d1a5,be705151,3e7c3c51,3f235b14,bf30d1a7,be70514f,3e7c3c4b,1,16174921

8517,166,-153,63,36,-16288,710,-3739,4361,-1595,3f2371f8,bf30dc40,be6f916b,3e7b8e65,3f2371f6,bf30dc42,be6f9168,3e7b8e5e,1,16183439

8518,178,-81,75,180,-16338,733,-3819,4425,-1633,3f238aaf,bf30e324,be6eed09,3e7adc0a,3f238aad,bf30e326,be6eed06,3e7adc03,1,16191958

8519,176,-24,103,287,-16411,744,-3771,4353,-1492,3f239b77,bf30eedf,be6e6a9b,3e7a2459,3f239b75,bf30eee1,be6e6a98,3e7a2452,1,16200477

8520,152,18,120,353,-16326,775,-3743,4387,-1540,3f23b248,bf30f2c8,be6dfa55,3e7973fb,3f23b245,bf30f2c9,be6dfa51,3e7973f3,1,16208995

8521,162,6,105,545,-16420,777,-3743,4387,-1540,3f23c9a0,bf30f64f,be6d9826,3e78b407,3f23c99f,bf30f652,be6d9825,3e78b402,1,16217013

8522,175,-141,73,1501,-15766,1447,-3823,4415,-1547,3f23f19c,bf30ec3c,be6d5491,3e77c13b,3f23f19b,bf30ec3f,be6d5490,3e77c136,1,16225532

8523,282,-324,-82,216,-16477,686,-3823,4423,-1477,3f23fa70,bf3109e2,be6c6d00,3e76edee,3f23fa6e,bf3109e5,be6c6cfe,3e76ede8,1,16234050

8524,188,-378,-86,-152,-16223,623,-3823,4423,-1477,3f2405be,bf312607,be6b5aed,3e763871,3f2405be,bf31260b,be6b5aeb,3e76386c,1,16242569

8525,158,-165,-26,55,-16379,712,-3771,4371,-1483,3f241483,bf3137aa,be6a8af9,3e759623,3f241483,bf3137ad,be6a8af5,3e75961d,1,16251087

8526,155,-19,47,238,-16409,751,-3803,4391,-1547,3f242872,bf313fd5,be69f2f9,3e74f36c,3f242872,bf313fd8,be69f2f5,3e74f366,1,16259606

8527,147,0,45,466,-16441,849,-3803,4391,-1547,3f244116,bf31433c,be696efe,3e744171,3f244115,bf31433e,be696ef9,3e74416a,1,16268125

8528,181,-82,6,398,-16285,793,-3829,4399,-1554,3f24569b,bf314cad,be68cd0c,3e73866f,3f24569c,bf314cb0,be68cd09,3e73866a,1,16276643

8529,217,-126,-26,239,-16459,678,-3779,4417,-1524,3f246429,bf315d1d,be681ddc,3e72db9b,3f246429,bf315d1e,be681dd7,3e72db94,1,16285162

8530,215,-89,-42,221,-16379,786,-3779,4417,-1524,3f24740a,bf316ab2,be676906,3e723d3d,3f24740a,bf316ab3,be676901,3e723d36,1,16293681

8531,222,-99,-81,118,-16631,561,-3771,4371,-1542,3f247c83,bf317e18,be66af53,3e71aed4,3f247c82,bf317e19,be66af4d,3e71aecc,1,16302199

8532,233,-158,-118,235,-16387,694,-3811,4433,-1535,3f248950,bf3190a3,be65e237,3e710ca9,3f248950,bf3190a6,be65e233,3e710ca2,1,16310718

8533,161,-154,-82,160,-16222,815,-3819,4401,-1616,3f24a37f,bf3197ae,be65034d,3e706f90,3f24a37e,bf3197b0,be650348,3e706f89,1,16318736

8534,169,-66,-34,231,-16405,749,-3819,4401,-1616,3f24baab,bf319dbe,be6450cc,3e6fd396,3f24baa9,bf319dbf,be6450c6,3e6fd38f,1,16327254

8535,163,-75,-7,366,-16488,717,-3793,4411,-1534,3f24cdcb,bf31a6e0,be63b828,3e6f25f7,3f24cdca,bf31a6e1,be63b823,3e6f25f1,1,16335773

8536,185,-122,1,230,-16212,816,-3801,4373,-1529,3f24e25a,bf31b1a9,be63008b,3e6e7154,3f24e259,bf31b1aa,be630086,3e6e714e,1,16344291

8537,200,-119,2,106,-16303,745,-3801,4373,-1529,3f24f2ae,bf31bf8c,be62453c,3e6dc8e5,3f24f2ad,bf31bf8d,be624537,3e6dc8df,1,16352810

8538,204,-62,22,281,-16447,757,-3801,4385,-1540,3f250499,bf31c9b5,be61ac65,3e6d195d,3f250499,bf31c9b7,be61ac60,3e6d1958,1,16361329

8539,220,-39,29,212,-16371,741,-3803,4421,-1496,3f2511dc,bf31d6a3,be611a6d,3e6c7512,3f2511db,bf31d6a4,be611a67,3e6c750b,1,16369847

8540,209,-44,13,238,-16324,801,-3803,4421,-1496,3f2521a9,bf31e1c0,be6080bb,3e6bd0b6,3f2521a9,bf31e1c2,be6080b6,3e6bd0b0,1,16378366

8541,220,-21,-7,368,-16297,778,-3841,4409,-1598,3f253682,bf31e7c6,be5ff0c1,3e6b270d,3f253680,bf31e7c6,be5ff0ba,3e6b2705,1,16386884

8542,207,-41,-23,388,-16416,762,-3839,4369,-1578,3f254a13,bf31effb,be5f57e6,3e6a78b9,3f254a13,bf31effd,be5f57e1,3e6a78b3,1,16395403

8543,183,-112,-19,297,-16424,758,-3839,4369,-1578,3f255f9a,bf31f8e3,be5ea578,3e69c329,3f255f9a,bf31f8e4,be5ea572,3e69c322,1,16403922

8544,185,-210,0,339,-16465,713,-3831,4323,-1595,3f257710,bf320383,be5de736,3e68ecab,3f257710,bf320384,be5de730,3e68eca4,1,16412440

8545,175,-283,1,184,-16432,755,-3843,4379,-1605,3f259149,bf320dc8,be5d08d9,3e6817f7,3f259149,bf320dc9,be5d08d3,3e6817f0,1,16420959

8546,198,-265,-12,-433,-16675,384,-3797,4437,-1504,3f25962e,bf3225c0,be5c2d4e,3e678a49,3f25962f,bf3225c2,be5c2d49,3e678a43,1,16428977

8547,219,-255,-65,76,-16417,673,-3797,4437,-1504,3f25a383,bf323884,be5b5411,3e66d88c,3f25a383,bf323885,be5b540a,3e66d885,1,16437496

8548,155,-153,22,20,-16382,699,-3809,4389,-1503,3f25b48a,bf3244f3,be5a9520,3e66304b,3f25b489,bf3244f4,be5a9518,3e663042,1,16446014

8549,166,-31,73,269,-16377,740,-3839,4435,-1581,3f25cbc8,bf32477d,be5a10d1,3e65824f,3f25cbc7,bf32477e,be5a10c9,3e658246,1,16454533

8550,170,-42,58,383,-16358,808,-3839,4435,-1581,3f25e582,bf324836,be598f3f,3e64ca8c,3f25e582,bf324838,be598f38,3e64ca84,1,16463051

8551,178,-122,13,386,-16280,790,-3817,4399,-1488,3f25f8d9,bf3251c0,be58f305,3e64073e,3f25f8d8,bf3251c1,be58f2fd,3e640736,1,16471570

8552,166,-97,17,185,-16372,691,-3849,4379,-1468,3f2606b9,bf325f5a,be584ca5,3e635928,3f2606b9,bf325f5c,be584c9e,3e635920,1,16480089

8553,137,-52,27,256,-16294,894,-3849,4379,-1468,3f261c0b,bf3265ba,be57a856,3e62abd5,3f261c0b,bf3265bc,be57a84f,3e62abcd,1,16488607

8554,181,-64,47,297,-16470,700,-3869,4363,-1565,3f262f6e,bf326d89,be57154d,3e61f17d,3f262f6e,bf326d8b,be571546,3e61f175,1,16497126

8555,192,-137,70,185,-16432,648,-3813,4365,-1487,3f263d8e,bf327b4b,be5679ef,3e6130c8,3f263d8e,bf327b4d,be5679e8,3e6130c0,1,16505644

8556,196,-147,51,193,-16493,735,-3813,4365,-1487,3f264db7,bf328802,be55d285,3e606f86,3f264db5,bf328802,be55d27c,3e606f7c,1,16514163

8557,188,-149,8,142,-16460,684,-3863,4377,-1585,3f266168,bf3291cc,be55173d,3e5fbb35,3f266167,bf3291ce,be551735,3e5fbb2d,1,16522681

8558,183,-130,-9,354,-16263,788,-3863,4423,-1526,3f26763a,bf3299d1,be546f67,3e5efc55,3f267638,bf3299d2,be546f5e,3e5efc4c,1,16530699

8559,161,-118,-34,920,-15891,1255,-3851,4387,-1524,3f269a16,bf32924a,be53efbc,3e5e2956,3f269a16,bf32924d,be53efb5,3e5e294f,1,16539218

8560,208,-217,-149,167,-16398,701,-3851,4387,-1524,3f26a7a0,bf32a38a,be530805,3e5d855f,3f26a79f,bf32a38c,be5307fd,3e5d8557,1,16547737

8561,154,-273,-130,-3,-16365,661,-3839,4375,-1584,3f26bb0a,bf32b09e,be5206c4,3e5ce705,3f26bb09,bf32b0a0,be5206bc,3e5ce6fd,1,16556255

8562,140,-173,-87,124,-16390,773,-3837,4415,-1520,3f26cef8,bf32b9e5,be512f7f,3e5c4a57,3f26cef7,bf32b9e7,be512f77,3e5c4a4f,1,16564774

8563,160,-144,-60,169,-16315,785,-3837,4415,-1520,3f26e28d,bf32c270,be506ad6,3e5ba845,3f26e28c,bf32c272,be506ace,3e5ba83e,1,16573292

8564,164,-145,-69,224,-16388,703,-3879,4357,-1518,3f26f2f7,bf32ce9d,be4fa758,3e5afb08,3f26f2f6,bf32ce9f,be4fa750,3e5afb01,1,16581811

8565,148,-104,-95,216,-16349,753,-3827,4419,-1544,3f270700,bf32d4a6,be4eec1b,3e5a68b6,3f270700,bf32d4a9,be4eec13,3e5a68b0,1,16590330

8566,139,-146,-113,370,-16432,864,-3827,4419,-1544,3f27203f,bf32d784,be4e2d6f,3e59c240,3f27203e,bf32d786,be4e2d66,3e59c239,1,16598848

8567,163,-193,-132,59,-16370,644,-3831,4403,-1537,3f272f05,bf32e4a8,be4d502b,3e5930ee,3f272f04,bf32e4ab,be4d5023,3e5930e8,1,16607367

8568,182,-181,-182,-31,-16562,569,-3803,4365,-1509,3f273769,bf32f68d,be4c6bf5,3e58b4d9,3f273768,bf32f68f,be4c6bed,3e58b4d2,1,16615885

8569,130,-146,-164,197,-16294,770,-3803,4365,-1509,3f274a6c,bf32fec0,be4b962a,3e5826d3,3f274a6c,bf32fec3,be4b9623,3e5826cd,1,16623903

8570,117,-58,-100,170,-16425,740,-3837,4389,-1520,3f275d0a,bf33043d,be4ae0f4,3e57a1bd,3f275d0a,bf330440,be4ae0ec,3e57a1b6,1,16632422

8571,112,-60,-70,191,-16296,838,-3825,4347,-1511,3f27732c,bf330749,be4a2c28,3e570ffc,3f27732c,bf33074c,be4a2c1f,3e570ff5,1,16640940

8572,122,-53,-47,119,-16255,848,-3805,4341,-1516,3f278938,bf3309d4,be497979,3e5682d1,3f278938,bf3309d7,be497970,3e5682c9,1,16649459

8573,140,-61,-27,166,-16399,755,-3805,4341,-1516,3f279bdc,bf330f1f,be48d77a,3e55eae5,3f279bdb,bf330f22,be48d770,3e55eadc,1,16657978

8574,119,-133,-35,274,-16321,935,-3823,4379,-1498,3f27b5d5,bf331098,be4823b9,3e5539b5,3f27b5d3,bf33109a,be4823ae,3e5539ab,1,16666496

8575,153,-227,-72,-59,-16477,724,-3817,4337,-1487,3f27c4e6,bf331e38,be474243,3e5497d3,3f27c4e6,bf331e3c,be47423a,3e5497ca,1,16675015

8576,149,-272,-88,-140,-16313,732,-3817,4337,-1487,3f27d48e,bf332c94,be464bd9,3e53f6ae,3f27d48c,bf332c96,be464bce,3e53f6a3,1,16683534

8577,142,-122,17,-21,-16478,726,-3877,4377,-1561,3f27e8c9,bf333222,be459545,3e535570,3f27e8c8,bf333226,be45953c,3e535567,1,16692052

8578,165,-29,67,148,-16388,838,-3861,4375,-1511,3f27fcbd,bf33355c,be450c77,3e52ab74,3f27fcbc,bf333560,be450c6e,3e52ab6b,1,16700571

8579,168,-81,7,323,-16409,848,-3861,4375,-1511,3f28119d,bf33393b,be447c00,3e51f2f9,3f28119c,bf33393f,be447bf7,3e51f2ef,1,16709089

8580,177,-145,-47,45,-16295,684,-3813,4387,-1508,3f281fac,bf3343af,be43c6d5,3e51591d,3f281faa,bf3343b2,be43c6ca,3e515912,1,16717608

8581,160,-96,-45,73,-16391,732,-3851,4355,-1464,3f282ca2,bf334eaa,be431674,3e50c077,3f282ca0,bf334ead,be431669,3e50c06c,1,16726126

8582,125,-24,-38,390,-16274,944,-3851,4355,-1464,3f2842ed,bf334f99,be42872c,3e5019c1,3f2842eb,bf334f9c,be428721,3e5019b6,1,16734144

8583,128,-92,-98,282,-16368,874,-3819,4339,-1503,3f2858d0,bf335258,be41d648,3e4f7d86,3f2858cf,bf33525b,be41d63f,3e4f7d7c,1,16742663

8584,137,-224,-159,127,-16451,695,-3851,4363,-1506,3f2868b8,bf335df3,be40f602,3e4edf35,3f2868b7,bf335df5,be40f5f8,3e4edf2b,1,16751181

8585,158,-227,-185,-191,-16527,597,-3853,4403,-1550,3f28748a,bf336bf5,be3fff06,3e4e6889,3f287489,bf336bf8,be3ffefd,3e4e6880,1,16759700

8586,137,-289,-220,-156,-16200,802,-3853,4403,-1550,3f2888d6,bf337514,be3ee3ef,3e4de717,3f2888d4,bf337516,be3ee3e5,3e4de70e,1,16768219

8587,131,-198,-129,25,-16408,746,-3855,4359,-1484,3f2898e9,bf337f8a,be3e07df,3e4d4de8,3f2898e7,bf337f8c,be3e07d5,3e4d4ddf,1,16776737

8588,144,-148,-81,36,-16316,843,-3841,4365,-1537,3f28aee5,bf3382f3,be3d3f95,3e4cb622,3f28aee3,bf3382f5,be3d3f8b,3e4cb619,1,16785256

8589,181,-210,-60,-220,-16238,758,-3841,4365,-1537,3f28bf4f,bf338ca6,be3c5f63,3e4c240d,3f28bf4e,bf338ca9,be3c5f5a,3e4c2404,1,16793774

8590,195,-181,-29,-207,-16382,679,-3893,4377,-1535,3f28cc2f,bf3398cf,be3b929f,3e4b8b04,3f28cc2c,bf3398d0,be3b9294,3e4b8af9,1,16802293

8591,195,-101,17,-123,-16417,735,-3853,4363,-1459,3f28d6e4,bf33a470,be3aec85,3e4af14c,3f28d6e2,bf33a472,be3aec7a,3e4af142,1,16810812

8592,173,-29,55,8,-16365,786,-3853,4363,-1459,3f28e4e4,bf33ab16,be3a65cc,3e4a544a,3f28e4e3,bf33ab18,be3a65c1,3e4a5440,1,16819330

8593,167,-7,70,91,-16369,799,-3839,4425,-1506,3f28f72b,bf33ac18,be39f476,3e49b9e8,3f28f72a,bf33ac1a,be39f46b,3e49b9de,1,16827849

8594,186,-15,53,78,-16387,818,-3801,4405,-1473,3f2906ad,bf33afae,be397ed0,3e49231c,3f2906ad,bf33afb0,be397ec6,3e492313,1,16835867

8595,190,-33,21,20,-16389,783,-3801,4405,-1473,3f291443,bf33b551,be38face,3e489536,3f291442,bf33b552,be38fac3,3e48952c,1,16844385

8596,185,-3,11,37,-16372,765,-3895,4389,-1519,3f292340,bf33ba03,be38719c,3e4805c0,3f292340,bf33ba04,be387191,3e4805b6,1,16852904

8597,181,59,11,41,-16372,794,-3895,4381,-1491,3f2930b2,bf33be76,be37f462,3e478309,3f2930b2,bf33be77,be37f456,3e4782ff,1,16861422

8598,172,68,0,68,-16417,764,-3895,4381,-1491,3f293d9a,bf33c2e0,be377b0e,3e4703c9,3f293d9a,bf33c2e0,be377b01,3e4703be,1,16869941

8599,153,56,-4,88,-16383,800,-3845,4405,-1486,3f294d06,bf33c475,be370412,3e468884,3f294d06,bf33c476,be370406,3e468879,1,16878460

8600,140,32,-25,11,-16372,757,-3915,4389,-1514,3f295c9a,bf33c765,be367496,3e460d3d,3f295c9a,bf33c767,be36748b,3e460d33,1,16886978

8601,132,44,-21,-9,-16388,801,-3821,4409,-1564,3f29719b,bf33c32b,be35f0c4,3e45a460,3f29719b,bf33c32e,be35f0b9,3e45a457,1,16895497

8602,125,39,-2,2,-16386,817,-3821,4409,-1564,3f2987bd,bf33be00,be3570de,3e453558,3f2987bd,bf33be03,be3570d3,3e45354f,1,16904016

8603,132,26,12,-32,-16348,838,-3827,4401,-1465,3f2997ac,bf33bf99,be34ec44,3e44bc8c,3f2997ac,bf33bf9c,be34ec39,3e44bc83,1,16912534

8604,154,28,34,-1,-16334,820,-3873,4373,-1539,3f29aa85,bf33bf07,be346b36,3e44372a,3f29aa84,bf33bf09,be346b2a,3e443720,1,16921053

8605,169,64,50,5,-16389,762,-3873,4373,-1539,3f29ba39,bf33bff2,be33fc1b,3e43b657,3f29ba38,bf33bff4,be33fc0f,3e43b64e,1,16929071

8606,153,85,56,66,-16388,768,-3881,4419,-1465,3f29c6d5,bf33c2dc,be339b2a,3e433568,3f29c6d5,bf33c2df,be339b1f,3e433561,1,16938090

8607,137,90,40,62,-16388,783,-3857,4435,-1491,3f29d60c,bf33c2a5,be3338e1,3e42bf0a,3f29d60a,bf33c2a7,be3338d4,3e42bf01,1,16946108

8608,115,80,19,76,-16391,770,-3857,4435,-1491,3f29e5fa,bf33c1e7,be32d057,3e424ba4,3f29e5f8,bf33c1e9,be32d04a,3e424b9b,1,16954627

8609,94,74,5,51,-16381,796,-3903,4387,-1525,3f29f92c,bf33bf65,be325517,3e41d551,3f29f92a,bf33bf68,be32550b,3e41d549,1,16963145

8610,92,81,-11,23,-16326,853,-3837,4397,-1445,3f2a0925,bf33bf0b,be31da20,3e416b3e,3f2a0923,bf33bf0e,be31da14,3e416b36,1,16971664

8611,102,80,-9,-9,-16346,829,-3837,4397,-1445,3f2a1796,bf33bfee,be315f7a,3e41036c,3f2a1794,bf33bff1,be315f6e,3e410363,1,16980182

8612,122,87,6,-35,-16366,833,-3827,4443,-1497,3f2a27f7,bf33bdfb,be30ed7c,3e40a20e,3f2a27f4,bf33bdfd,be30ed6f,3e40a204,1,16988701

8613,129,98,22,-19,-16335,847,-3877,4407,-1462,3f2a3605,bf33bf0e,be307b39,3e4033e4,3f2a3604,bf33bf11,be307b2e,3e4033db,1,16997220

8614,139,109,33,4,-16325,863,-3869,4419,-1472,3f2a44b0,bf33bf04,be3011cb,3e3fc525,3f2a44b0,bf33bf08,be3011c1,3e3fc51d,1,17005738

8615,164,120,39,37,-16352,842,-3869,4419,-1472,3f2a514c,bf33c06f,be2fb2bf,3e3f53d9,3f2a514a,bf33c071,be2fb2b2,3e3f53cf,1,17014257

8616,192,121,32,76,-16362,861,-3849,4419,-1498,3f2a5e81,bf33c0f4,be2f58e9,3e3ee230,3f2a5e80,bf33c0f7,be2f58dc,3e3ee226,1,17022775

8617,198,137,-3,79,-16356,833,-3883,4395,-1472,3f2a67f7,bf33c51c,be2ef749,3e3e75f4,3f2a67f6,bf33c51f,be2ef73c,3e3e75ea,1,17031294

8618,211,137,-21,6,-16331,836,-3883,4395,-1472,3f2a700f,bf33ca7d,be2e8b4a,3e3e13b4,3f2a700f,bf33ca81,be2e8b3e,3e3e13ab,1,17039312

8619,230,129,-11,19,-16389,795,-3857,4371,-1460,3f2a75ac,bf33d219,be2e2671,3e3dac87,3f2a75aa,bf33d21b,be2e2663,3e3dac7c,1,17047831

8620,227,120,1,16,-16373,824,-3899,4385,-1508,3f2a7f41,bf33d6a7,be2dbc6d,3e3d3ea1,3f2a7f3f,bf33d6a9,be2dbc5f,3e3d3e96,1,17056349

8621,230,109,14,6,-16354,812,-3899,4385,-1508,3f2a88aa,bf33db95,be2d533f,3e3ccc60,3f2a88a8,bf33db97,be2d5332,3e3ccc55,1,17064868

8622,231,95,17,41,-16384,842,-3903,4421,-1509,3f2a9370,bf33df64,be2cec16,3e3c54fe,3f2a9370,bf33df68,be2cec0b,3e3c54f5,1,17073386

8623,239,64,6,2,-16408,706,-3885,4383,-1478,3f2a9845,bf33e91e,be2c803d,3e3bdd0c,3f2a9844,bf33e920,be2c8031,3e3bdd02,1,17081905

8624,223,86,0,27,-16438,744,-3885,4383,-1478,3f2a9ee7,bf33f0ad,be2c16ca,3e3b6986,3f2a9ee4,bf33f0ae,be2c16bd,3e3b697b,1,17090424

8625,191,119,-28,28,-16380,770,-3869,4389,-1485,3f2aa7e3,bf33f4dc,be2bac9f,3e3b0795,3f2aa7e1,bf33f4df,be2bac94,3e3b078b,1,17098942

8626,169,136,-56,7,-16382,766,-3911,4411,-1478,3f2ab0b9,bf33f8ee,be2b3a7f,3e3ab06d,3f2ab0b7,bf33f8f0,be2b3a74,3e3ab062,1,17107461

8627,165,144,-72,5,-16325,831,-3869,4353,-1580,3f2ac219,bf33f49e,be2ac2e9,3e3a6243,3f2ac217,bf33f4a1,be2ac2de,3e3a6238,1,17115979

8628,175,146,-74,-5,-16365,777,-3869,4353,-1580,3f2ad0b2,bf33f28c,be2a4f48,3e3a15f0,3f2ad0af,bf33f28f,be2a4f3c,3e3a15e4,1,17124498

8629,183,143,-67,-40,-16315,825,-3873,4389,-1500,3f2adb07,bf33f4c0,be29d8e1,3e39c833,3f2adb05,bf33f4c4,be29d8d6,3e39c828,1,17133016

8630,212,128,-52,-24,-16350,823,-3871,4391,-1416,3f2adf73,bf33fd03,be296866,3e396db3,3f2adf70,bf33fd06,be29685a,3e396da7,1,17141535

8631,224,112,-31,-86,-16343,784,-3871,4391,-1416,3f2ae285,bf3406ba,be28f7bb,3e391043,3f2ae282,bf3406bd,be28f7af,3e391037,1,17149553

8632,229,135,9,-85,-16382,786,-3887,4423,-1494,3f2ae9d4,bf340b86,be2895ea,3e38b2c1,3f2ae9d1,bf340b89,be2895de,3e38b2b5,1,17158071

8633,235,131,55,-44,-16389,744,-3839,4377,-1455,3f2aeec1,bf341265,be2846bc,3e3846a7,3f2aeec0,bf34126a,be2846b2,3e38469d,1,17166590

8634,220,112,84,255,-16315,858,-3839,4377,-1455,3f2afa29,bf34143b,be280ddd,3e37b459,3f2afa26,bf34143e,be280dd0,3e37b44d,1,17175109

8635,222,102,86,-79,-16304,817,-3841,4411,-1493,3f2b04d5,bf34165f,be27b830,3e374207,3f2b04d2,bf341662,be27b824,3e3741fb,1,17183627

8636,213,99,140,-13,-16382,766,-3911,4395,-1493,3f2b0f57,bf34198e,be276f00,3e36b5bd,3f2b0f55,bf341991,be276ef5,3e36b5b1,1,17192146

8637,229,107,137,39,-16388,778,-3911,4395,-1493,3f2b1963,bf341cfb,be272b9c,3e3626a6,3f2b1960,bf341cfd,be272b90,3e362699,1,17200665

8638,233,112,111,14,-16348,796,-3909,4373,-1541,3f2b2618,bf341dd3,be26de0d,3e35a12d,3f2b2617,bf341dd7,be26de03,3e35a122,1,17209183

8639,239,128,87,15,-16401,707,-3893,4433,-1447,3f2b2a2d,bf342557,be269a98,3e352a31,3f2b2a2b,bf34255a,be269a8d,3e352a24,1,17217702

8640,229,138,69,31,-16454,693,-3905,4397,-1523,3f2b3213,bf34292a,be2652cb,3e34b7cc,3f2b3211,bf34292d,be2652c0,3e34b7bf,1,17226220

8641,201,136,37,25,-16460,685,-3905,4397,-1523,3f2b3af2,bf342c05,be260113,3e344ec7,3f2b3af1,bf342c09,be260108,3e344eba,1,17234739

8642,158,132,14,30,-16482,670,-3887,4389,-1566,3f2b4840,bf342a55,be25aa25,3e33ef68,3f2b483f,bf342a59,be25aa1a,3e33ef5b,1,17243258

8643,110,135,-11,117,-16448,675,-3859,4395,-1529,3f2b568c,bf342752,be2555c1,3e33936c,3f2b568b,bf342755,be2555b6,3e33935f,1,17251275

8644,71,135,-83,57,-16412,754,-3859,4395,-1529,3f2b67ec,bf3421a8,be24e3f6,3e334d9f,3f2b67ea,bf3421aa,be24e3eb,3e334d91,1,17259794

8645,53,166,-155,39,-16389,731,-3827,4385,-1508,3f2b76dc,bf341d00,be2469bf,3e332438,3f2b76da,bf341d03,be2469b5,3e33242b,1,17268313

8646,36,193,-215,172,-16521,770,-3845,4433,-1481,3f2b856c,bf3417dd,be23f327,3e330447,3f2b856c,bf3417e2,be23f31f,3e33043b,1,17276831

8647,7,181,-268,-86,-16308,844,-3845,4433,-1481,3f2b95c6,bf341191,be23507c,3e3303b3,3f2b95c4,bf341193,be235072,3e3303a5,1,17285350

8648,53,168,-234,124,-16354,966,-3845,4359,-1505,3f2baa17,bf3408f3,be22bfa8,3e32da99,3f2baa16,bf3408f6,be22bf9f,3e32da8c,1,17293868

8649,139,108,-151,-500,-16312,865,-3831,4373,-1439,3f2bb06e,bf340e13,be220ec2,3e32c73a,3f2bb06e,bf340e17,be220eb9,3e32c72e,1,17302387

8650,194,43,99,-351,-16375,986,-3831,4373,-1439,3f2bbc2d,bf3410bc,be21918f,3e325923,3f2bbc2c,bf3410bf,be219184,3e325915,1,17310906

8651,298,-16,351,-209,-16376,750,-3785,4339,-1558,3f2bc7dc,bf34138f,be2166d1,3e319ddc,3f2bc7da,bf341391,be2166c6,3e319dcd,1,17319424

8652,260,-46,473,-26,-16467,747,-3811,4313,-1498,3f2bd51e,bf3416a8,be215a0f,3e30a972,3f2bd51c,bf3416aa,be215a04,3e30a963,1,17327943

8653,236,28,279,105,-16508,405,-3803,4307,-1525,3f2bd9d6,bf341e0d,be214b4c,3e2ff464,3f2bd9d4,bf341e0f,be214b41,3e2ff456,1,17336461

8654,153,142,-119,155,-16223,417,-3803,4307,-1525,3f2bdcf5,bf3423c1,be20f560,3e2fb4d7,3f2bdcf3,bf3423c3,be20f555,3e2fb4c9,1,17344479

8655,63,63,27,283,-16788,231,-3779,4317,-1477,3f2be3dd,bf342716,be20bc15,3e2f4661,3f2be3dc,bf34271a,be20bc0c,3e2f4655,1,17352998

8656,-101,165,-340,-448,-15676,1007,-3737,4275,-1503,3f2bfead,bf3416e5,be1fd089,3e2f82f9,3f2bfeac,bf3416e8,be1fd07e,3e2f82ec,1,17361516

8657,83,154,-112,99,-16474,695,-3737,4275,-1503,3f2c0af9,bf341415,be1f6f92,3e2f488a,3f2c0af8,bf341418,be1f6f87,3e2f487d,1,17370035

8658,64,171,-181,-115,-16329,825,-3791,4367,-1533,3f2c1b32,bf340d24,be1ee8b0,3e2f366a,3f2c1b31,bf340d26,be1ee8a5,3e2f365e,1,17378553

8659,74,163,-154,-33,-16319,819,-3755,4309,-1464,3f2c2770,bf340a8d,be1e6e9b,3e2f0f0a,3f2c276e,bf340a8f,be1e6e8f,3e2f0efd,1,17387072

8660,84,174,-171,-115,-16323,831,-3755,4309,-1464,3f2c3271,bf3408c8,be1decda,3e2ef458,3f2c326f,bf3408c9,be1deccd,3e2ef44a,1,17395591

8661,96,164,-138,-175,-16323,816,-3761,4285,-1527,3f2c4029,bf34048c,be1d6c01,3e2ed5f5,3f2c4028,bf34048e,be1d6bf5,3e2ed5e8,1,17404109

8662,97,142,-97,-143,-16298,825,-3763,4245,-1500,3f2c4d53,bf340201,be1cefa3,3e2ea013,3f2c4d53,bf340204,be1cef98,3e2ea008,1,17412628

8663,112,132,-60,-162,-16312,848,-3763,4245,-1500,3f2c5aa7,bf33ff9d,be1c7897,3e2e5fda,3f2c5aa6,bf33ff9e,be1c788b,3e2e5fcf,1,17421146

8664,130,121,-3,-154,-16316,830,-3789,4265,-1514,3f2c6805,bf33fd75,be1c0f68,3e2e0e30,3f2c6805,bf33fd77,be1c0f5d,3e2e0e26,1,17429665

8665,147,109,57,-123,-16356,807,-3737,4257,-1484,3f2c7344,bf33fd17,be1bbc88,3e2dac21,3f2c7344,bf33fd19,be1bbc7d,3e2dac17,1,17438183

8666,140,94,92,-75,-16361,770,-3773,4303,-1544,3f2c822d,bf33f936,be1b7618,3e2d3e8f,3f2c822d,bf33f938,be1b760d,3e2d3e84,1,17446702

8667,128,97,68,-59,-16330,805,-3773,4303,-1544,3f2c9266,bf33f412,be1b2968,3e2cd61b,3f2c9267,bf33f415,be1b295e,3e2cd611,1,17454720

8668,132,114,39,-52,-16404,795,-3751,4287,-1555,3f2ca206,bf33eeb9,be1add24,3e2c79d3,3f2ca206,bf33eeba,be1add19,3e2c79c9,1,17463238

8669,122,124,2,-86,-16355,816,-3759,4255,-1508,3f2caeec,bf33ec5d,be1a806b,3e2c25ae,3f2caeec,bf33ec5d,be1a805f,3e2c25a3,1,17471757

8670,117,125,-21,-107,-16364,792,-3759,4255,-1508,3f2cbae3,bf33eaad,be1a1e3c,3e2bd9c7,3f2cbae4,bf33eaaf,be1a1e31,3e2bd9bd,1,17480275

8671,105,123,-25,-118,-16387,796,-3749,4253,-1512,3f2cc7bd,bf33e803,be19ba68,3e2b910a,3f2cc7be,bf33e805,be19ba5c,3e2b9100,1,17488794

8672,106,116,-14,-126,-16342,830,-3763,4253,-1548,3f2cd7c4,bf33e293,be1954b0,3e2b44f4,3f2cd7c5,bf33e294,be1954a3,3e2b44e9,1,17497312

8673,104,114,-6,-122,-16317,867,-3763,4253,-1548,3f2ce904,bf33dc1b,be18ef16,3e2af5cf,3f2ce905,bf33dc1c,be18ef09,3e2af5c4,1,17505831

8674,120,117,4,-188,-16326,818,-3759,4245,-1455,3f2cf20d,bf33dd8c,be188a0e,3e2aa589,3f2cf20e,bf33dd8c,be188a01,3e2aa57d,1,17514350

8675,127,106,36,-166,-16365,827,-3737,4245,-1468,3f2cfc51,bf33ddd3,be182ea4,3e2a4beb,3f2cfc53,bf33ddd3,be182e97,3e2a4be0,1,17522868

8676,121,100,73,-134,-16356,835,-3737,4245,-1468,3f2d07de,bf33dd10,be17dccc,3e29e5f2,3f2d07e0,bf33dd10,be17dcbe,3e29e5e7,1,17531387

8677,135,109,72,-99,-16291,849,-3699,4261,-1540,3f2d1786,bf33d735,be1796e8,3e29884e,3f2d1788,bf33d735,be1796da,3e298843,1,17539906

8678,145,105,70,-50,-16374,840,-3735,4225,-1493,3f2d233d,bf33d62c,be174d3c,3e291c11,3f2d2340,bf33d62d,be174d2e,3e291c07,1,17548424

8679,149,107,43,-137,-16342,820,-3801,4259,-1449,3f2d2abc,bf33d98d,be16f300,3e28b868,3f2d2abe,bf33d98d,be16f2f1,3e28b85c,1,17556943

8680,162,105,56,-142,-16338,856,-3801,4259,-1449,3f2d3287,bf33dcd2,be169997,3e28506a,3f2d3289,bf33dcd1,be169987,3e28505d,1,17564961

8681,161,102,72,-121,-16318,848,-3821,4297,-1439,3f2d3a17,bf33e042,be164694,3e27e32e,3f2d3a18,bf33e040,be164684,3e27e321,1,17573479

8682,166,103,81,-112,-16359,828,-3757,4303,-1417,3f2d4041,bf33e436,be15fef4,3e27799a,3f2d4042,bf33e434,be15fee4,3e27798d,1,17581998

8683,170,106,71,-82,-16389,831,-3757,4303,-1417,3f2d4639,bf33e841,be15b80c,3e27109d,3f2d463a,bf33e840,be15b7fd,3e271090,1,17590517

8684,161,123,40,-44,-16352,836,-3799,4273,-1503,3f2d50b9,bf33e7ec,be156a7d,3e26ad58,3f2d50ba,bf33e7eb,be156a6e,3e26ad4b,1,17599035

8685,168,129,8,-106,-16305,870,-3751,4271,-1495,3f2d5aa6,bf33e786,be15142a,3e265c2f,3f2d5aa8,bf33e786,be15141c,3e265c23,1,17607554

8686,180,139,0,-180,-16334,827,-3751,4271,-1495,3f2d6201,bf33e913,be14bb5f,3e261639,3f2d6203,bf33e913,be14bb51,3e26162d,1,17616073

8687,199,133,42,-196,-16298,850,-3733,4283,-1613,3f2d7110,bf33e250,be14711b,3e25d241,3f2d7111,bf33e24f,be14710d,3e25d235,1,17624591

8688,210,118,81,-156,-16358,841,-3755,4273,-1421,3f2d7475,bf33e88d,be142a0a,3e256cab,3f2d7476,bf33e88d,be1429fd,3e256ca0,1,17633110

8689,211,118,104,-126,-16381,787,-3755,4273,-1421,3f2d7725,bf33ef3f,be13edc8,3e2500c6,3f2d7726,bf33ef3e,be13edbb,3e2500ba,1,17641628

8690,205,114,105,-85,-16387,770,-3771,4277,-1475,3f2d7ca8,bf33f339,be13b39b,3e2492a4,3f2d7caa,bf33f339,be13b38f,3e249299,1,17650147

8691,182,121,81,3,-16377,751,-3785,4309,-1544,3f2d86ca,bf33f20f,be137fc7,3e242a62,3f2d86cb,bf33f20e,be137fba,3e242a56,1,17658665

8692,151,120,33,-91,-16349,834,-3787,4301,-1590,3f2d96da,bf33eb30,be1332ab,3e23d851,3f2d96db,bf33eb30,be13329e,3e23d846,1,17666683

8693,152,125,21,-137,-16356,846,-3787,4301,-1590,3f2da67c,bf33e48d,be12df01,3e238ed7,3f2da67f,bf33e48e,be12def5,3e238ecd,1,17675202

8694,151,115,34,-137,-16330,794,-3799,4225,-1561,3f2db2e3,bf33e211,be128667,3e23373a,3f2db2e6,bf33e212,be12865a,3e233730,1,17683720

8695,147,106,47,-126,-16379,797,-3805,4259,-1497,3f2dbc10,bf33e2f4,be1230c4,3e22d808,3f2dbc13,bf33e2f5,be1230b7,3e22d7fe,1,17692239

8696,146,104,57,-139,-16345,815,-3805,4259,-1497,3f2dc5de,bf33e352,be11dad7,3e227721,3f2dc5e0,bf33e352,be11dac9,3e227716,1,17700758

8697,138,109,55,-54,-16374,828,-3799,4275,-1546,3f2dd3a1,bf33df5a,be118fc2,3e221531,3f2dd3a3,bf33df5a,be118fb4,3e221526,1,17709276

8698,135,118,23,-80,-16388,839,-3795,4313,-1475,3f2ddd12,bf33df3e,be113d8b,3e21beb2,3f2ddd14,bf33df3d,be113d7d,3e21bea6,1,17717795

8699,144,121,-9,-173,-16294,861,-3795,4313,-1475,3f2de5ab,bf33dfda,be10dba8,3e2177a5,3f2de5ad,bf33dfd9,be10db9a,3e217799,1,17726313

8700,157,121,16,-160,-16388,854,-3771,4315,-1565,3f2df2d9,bf33db39,be1087bb,3e213236,3f2df2db,bf33db38,be1087ad,3e21322a,1,17734832

8701,175,119,48,-145,-16373,858,-3787,4281,-1520,3f2dfcb1,bf33da9a,be103777,3e20db23,3f2dfcb3,bf33da9a,be103769,3e20db17,1,17743351

8702,171,125,74,-122,-16293,876,-3787,4281,-1520,3f2e07b9,bf33d8c4,be0fef7d,3e207d78,3f2e07bb,bf33d8c4,be0fef6f,3e207d6c,1,17751869

8703,187,120,85,-94,-16327,851,-3791,4277,-1559,3f2e13ab,bf33d5e6,be0faed6,3e201b63,3f2e13ac,bf33d5e5,be0faec7,3e201b55,1,17760388

8704,188,117,82,-75,-16354,815,-3731,4283,-1545,3f2e1dee,bf33d3ef,be0f76c8,3e1fbe4d,3f2e1def,bf33d3ee,be0f76b9,3e1fbe3f,1,17768406

8705,177,120,60,-82,-16365,796,-3799,4291,-1523,3f2e2647,bf33d468,be0f32cc,3e1f6109,3f2e2648,bf33d467,be0f32bd,3e1f60fb,1,17776924

8706,175,123,36,-143,-16309,832,-3799,4291,-1523,3f2e2f12,bf33d46f,be0ee20f,3e1f0f3a,3f2e2f13,bf33d46e,be0ee200,3e1f0f2c,1,17785443

8707,175,125,37,-156,-16347,827,-3823,4265,-1517,3f2e3720,bf33d58d,be0e8ce5,3e1eba50,3f2e3721,bf33d58c,be0e8cd6,3e1eba42,1,17793962

8708,177,128,50,-165,-16347,830,-3747,4279,-1522,3f2e3fdb,bf33d4f4,be0e4401,3e1e6d03,3f2e3fdd,bf33d4f4,be0e43f2,3e1e6cf6,1,17802480

8709,182,128,60,-83,-16336,837,-3747,4279,-1522,3f2e48ff,bf33d402,be0e04d0,3e1e15d7,3f2e4902,bf33d403,be0e04c1,3e1e15ca,1,17810999

8710,194,135,54,-91,-16328,854,-3803,4283,-1488,3f2e4f80,bf33d632,be0dbe85,3e1dba53,3f2e4f82,bf33d632,be0dbe75,3e1dba44,1,17819517

8711,213,131,60,-123,-16365,825,-3781,4263,-1502,3f2e54ea,bf33d93c,be0d79ac,3e1d60d5,3f2e54ec,bf33d93c,be0d799c,3e1d60c6,1,17828036

8712,222,122,72,-96,-16384,810,-3781,4263,-1502,3f2e59d4,bf33dce9,be0d3953,3e1d0033,3f2e59d5,bf33dce8,be0d3943,3e1d0023,1,17836555

8713,207,116,84,-69,-16356,781,-3787,4315,-1521,3f2e6059,bf33dea5,be0d0135,3e1c9eef,3f2e605b,bf33dea5,be0d0125,3e1c9ee0,1,17845073

8714,196,115,63,-111,-16357,812,-3763,4291,-1499,3f2e66c6,bf33e094,be0cbdce,3e1c457c,3f2e66c7,bf33e093,be0cbdbd,3e1c456c,1,17853592

8715,188,115,48,-141,-16335,814,-3763,4291,-1499,3f2e6d6a,bf33e23f,be0c73ba,3e1bf2ac,3f2e6d6c,bf33e23e,be0c73aa,3e1bf29c,1,17861610

8716,200,111,70,-96,-16365,782,-3809,4277,-1460,3f2e70fc,bf33e798,be0c2e35,3e1b8e93,3f2e70fd,bf33e797,be0c2e25,3e1b8e83,1,17870128

8717,193,109,74,-124,-16349,799,-3765,4255,-1585,3f2e7c7d,bf33e461,be0bec19,3e1b36f0,3f2e7c80,bf33e462,be0bec0b,3e1b36e1,1,17878647

8718,195,112,75,-101,-16387,794,-3731,4285,-1561,3f2e8657,bf33e23d,be0bb221,3e1ae19b,3f2e8659,bf33e23d,be0bb213,3e1ae18c,1,17887165

8719,172,102,68,-78,-16376,790,-3731,4285,-1561,3f2e9182,bf33df05,be0b754d,3e1a8ad8,3f2e9183,bf33df03,be0b753e,3e1a8ac8,1,17895684

8720,168,112,50,-98,-16369,805,-3797,4213,-1496,3f2e98ce,bf33e0e4,be0b2524,3e1a2c3b,3f2e98d1,bf33e0e3,be0b2517,3e1a2c2c,1,17904202

8721,164,122,36,-127,-16368,810,-3753,4305,-1498,3f2ea065,bf33e10c,be0adc6e,3e19e135,3f2ea067,bf33e10b,be0adc61,3e19e125,1,17912721

8722,159,121,37,-114,-16363,829,-3753,4305,-1498,3f2ea8cf,bf33e078,be0a93c5,3e1994a8,3f2ea8d1,bf33e076,be0a93b8,3e199497,1,17921240

8723,159,121,44,-145,-16343,814,-3785,4293,-1479,3f2eafaa,bf33e1ca,be0a46c9,3e194471,3f2eafad,bf33e1c9,be0a46bd,3e194461,1,17929759

8724,160,117,61,-119,-16356,815,-3749,4313,-1486,3f2eb762,bf33e1d9,be0a0443,3e18f271,3f2eb765,bf33e1d8,be0a0437,3e18f261,1,17938277

8725,163,122,63,-134,-16320,846,-3749,4313,-1486,3f2ebf95,bf33e166,be09c09f,3e18a209,3f2ebf96,bf33e163,be09c092,3e18a1f8,1,17946796

8726,180,121,77,-92,-16388,780,-3793,4347,-1541,3f2ec819,bf33e053,be09884c,3e184ce8,3f2ec81b,bf33e051,be098840,3e184cd8,1,17955314

8727,182,120,78,-95,-16354,791,-3735,4287,-1466,3f2ecd33,bf33e2d7,be094df6,3e17f41a,3f2ecd37,bf33e2d7,be094deb,3e17f40b,1,17963833

8728,182,116,70,-107,-16348,788,-3735,4287,-1466,3f2ed22a,bf33e58c,be090fe8,3e179d7c,3f2ed22d,bf33e58b,be090fdd,3e179d6c,1,17971851

8729,178,100,77,-71,-16379,757,-3799,4287,-1497,3f2ed84a,bf33e7d5,be08cf23,3e173b75,3f2ed84d,bf33e7d4,be08cf18,3e173b65,1,17980369

8730,159,100,68,-78,-16384,799,-3765,4309,-1543,3f2ee306,bf33e503,be088f08,3e16e451,3f2ee309,bf33e502,be088efd,3e16e441,1,17988888

8731,151,115,52,-60,-16385,779,-3815,4303,-1508,3f2eeb40,bf33e4e2,be084a44,3e168c49,3f2eeb43,bf33e4e1,be084a38,3e168c39,1,17997407

8732,151,117,33,-85,-16383,780,-3815,4303,-1508,3f2ef31a,bf33e505,be07ff5c,3e163b7e,3f2ef31c,bf33e503,be07ff4f,3e163b6e,1,18005925

8733,141,116,10,-93,-16332,821,-3757,4287,-1522,3f2efd49,bf33e279,be07b063,3e15f5b9,3f2efd4b,bf33e277,be07b056,3e15f5a9,1,18014444

8734,133,121,-5,-118,-16331,832,-3703,4245,-1471,3f2f054a,bf33e1f4,be075ceb,3e15b5a6,3f2f054d,bf33e1f3,be075cdf,3e15b597,1,18022962

8735,145,121,-4,-123,-16361,805,-3703,4245,-1471,3f2f0be5,bf33e2aa,be070bc3,3e1575ad,3f2f0be8,bf33e2a9,be070bb7,3e15759e,1,18031481

8736,145,117,17,-121,-16359,789,-3791,4297,-1536,3f2f1567,bf33e0b4,be06bd68,3e152feb,3f2f156a,bf33e0b3,be06bd5c,3e152fdc,1,18039999

8737,136,110,21,-140,-16335,837,-3759,4293,-1544,3f2f214c,bf33dc5c,be066d3c,3e14ec99,3f2f214f,bf33dc5b,be066d30,3e14ec8a,1,18048518

8738,138,110,42,-105,-16364,805,-3759,4293,-1544,3f2f2c7b,bf33d89a,be06276b,3e14a1a3,3f2f2c7e,bf33d899,be06275f,3e14a195,1,18057037

8739,147,108,41,-124,-16378,802,-3797,4305,-1485,3f2f33a0,bf33d958,be05db59,3e145103,3f2f33a3,bf33d957,be05db4e,3e1450f6,1,18065555

8740,147,111,41,-135,-16327,825,-3745,4261,-1559,3f2f3f86,bf33d4d3,be05927a,3e140963,3f2f3f8a,bf33d4d3,be059270,3e140957,1,18074074

8741,150,117,44,-104,-16362,815,-3745,4261,-1559,3f2f4ae8,bf33d09e,be054f9f,3e13bfbf,3f2f4aea,bf33d09c,be054f93,3e13bfb1,1,18082092

8742,161,124,51,-93,-16324,834,-3753,4287,-1597,3f2f5863,bf33c9da,be05145e,3e1378e0,3f2f5867,bf33c9da,be051453,3e1378d4,1,18090610

8743,176,129,39,-91,-16312,850,-3775,4327,-1534,3f2f612d,bf33c7f1,be04d478,3e133075,3f2f6130,bf33c7f0,be04d46c,3e133068,1,18099129

8744,188,129,47,-154,-16340,826,-3775,4327,-1534,3f2f6856,bf33c77c,be049308,3e12ebc8,3f2f6859,bf33c77c,be0492fc,3e12ebbb,1,18107647

8745,188,119,79,-147,-16369,781,-3739,4347,-1472,3f2f6c1b,bf33ca55,be045c72,3e129d39,3f2f6c1d,bf33ca53,be045c65,3e129d2b,1,18116166

8746,171,103,104,-140,-16349,825,-3765,4335,-1620,3f2f7a4f,bf33c2d3,be0429ca,3e124e35,3f2f7a51,bf33c2d1,be0429be,3e124e27,1,18124685

8747,170,95,118,-103,-16340,830,-3751,4327,-1529,3f2f83c2,bf33c0bc,be03f6cd,3e11efe5,3f2f83c4,bf33c0ba,be03f6c1,3e11efd7,1,18133203

8748,176,102,134,-56,-16335,816,-3751,4327,-1529,3f2f8cc4,bf33bee2,be03ce00,3e118bd5,3f2f8cc6,bf33bee0,be03cdf4,3e118bc8,1,18141722

8749,189,99,121,-16,-16388,769,-3739,4331,-1574,3f2f9636,bf33bc15,be03ab68,3e112bd5,3f2f9639,bf33bc14,be03ab5c,3e112bc9,1,18150240

8750,173,105,74,-71,-16365,797,-3779,4317,-1547,3f2f9ebb,bf33baac,be0371c7,3e10d725,3f2f9ebd,bf33baaa,be0371ba,3e10d719,1,18158759

8751,163,107,41,-78,-16367,789,-3779,4317,-1547,3f2fa722,bf33b93d,be03301f,3e108c01,3f2fa724,bf33b93c,be033013,3e108bf5,1,18167277

8752,156,118,24,-73,-16337,802,-3775,4317,-1513,3f2fae3b,bf33b8fd,be02eb5c,3e104527,3f2fae3e,bf33b8fd,be02eb50,3e10451b,1,18175796

8753,157,117,17,-74,-16359,790,-3761,4311,-1501,3f2fb45a,bf33b9a1,be02a5e4,3e10001a,3f2fb45b,bf33b9a0,be02a5d7,3e10000d,1,18183814

8754,153,113,7,-103,-16358,809,-3761,4311,-1501,3f2fbaef,bf33b9e9,be0259e4,3e0fbeca,3f2fbaf1,bf33b9e9,be0259d8,3e0fbebe,1,18192332

8755,153,112,4,-93,-16364,822,-3725,4335,-1481,3f2fc10b,bf33ba59,be021168,3e0f801d,3f2fc10d,bf33ba58,be02115c,3e0f8010,1,18200851

8756,148,110,1,-134,-16378,790,-3781,4305,-1515,3f2fc7d9,bf33ba76,be01c074,3e0f4194,3f2fc7dc,bf33ba76,be01c069,3e0f4188,1,18209369

8757,141,115,15,-124,-16333,839,-3781,4305,-1515,3f2fd06d,bf33b8e1,be01723d,3e0effba,3f2fd06f,bf33b8e0,be017231,3e0effad,1,18217888

8758,145,119,33,-108,-16334,809,-3761,4289,-1599,3f2fdcf2,bf33b29e,be013212,3e0ec158,3f2fdcf4,bf33b29d,be013206,3e0ec14b,1,18226407

8759,144,119,23,-99,-16308,856,-3763,4353,-1555,3f2fe7f5,bf33ade0,be00ef6f,3e0e8407,3f2fe7f6,bf33adde,be00ef62,3e0e83fa,1,18234925

8760,159,126,19,-94,-16370,786,-3795,4309,-1558,3f2ff003,bf33ac26,be00acd8,3e0e43d7,3f2ff005,bf33ac25,be00accc,3e0e43cb,1,18243444

8761,167,139,3,-109,-16336,799,-3795,4309,-1558,3f2ff785,bf33aaac,be006817,3e0e0b57,3f2ff785,bf33aaa9,be00680a,3e0e0b4a,1,18251962

8762,143,138,-7,-96,-16378,783,-3775,4285,-1573,3f3000ce,bf33a742,be002320,3e0dd686,3f3000cf,bf33a741,be002314,3e0dd67a,1,18260481

8763,133,136,-3,-129,-16354,822,-3793,4287,-1529,3f300918,bf33a559,bdffabe9,3e0d9e26,3f30091a,bf33a559,bdffabd3,3e0d9e1b,1,18268999

8764,141,138,2,-153,-16340,832,-3793,4287,-1529,3f30110c,bf33a3b7,bdff114e,3e0d66b9,3f30110d,bf33a3b6,bdff1136,3e0d66ac,1,18277017

8765,151,137,19,-158,-16318,841,-3761,4255,-1583,3f301bf8,bf339ec4,bdfe8536,3e0d30b0,3f301bfa,bf339ec4,bdfe851f,3e0d30a4,1,18285536

8766,150,134,41,-122,-16341,815,-3787,4297,-1503,3f302233,bf339ee0,bdfe052d,3e0cebbc,3f302235,bf339ee0,bdfe0516,3e0cebb0,1,18294055

8767,146,125,44,-101,-16357,836,-3787,4297,-1503,3f302954,bf339e58,bdfd83d8,3e0ca22a,3f302956,bf339e58,bdfd83c1,3e0ca21e,1,18302573

8768,153,125,32,-100,-16339,829,-3757,4325,-1576,3f3033aa,bf3399c3,bdfd0eea,3e0c6554,3f3033ab,bf3399c2,bdfd0ed2,3e0c6548,1,18311101

8769,165,119,34,-104,-16325,840,-3751,4309,-1515,3f303a59,bf339950,bdfc9049,3e0c2122,3f303a59,bf339950,bdfc9032,3e0c2116,1,18319619

8770,178,114,37,-131,-16336,833,-3751,4309,-1515,3f30400b,bf3399e5,bdfc0e93,3e0bdd07,3f30400b,bf3399e6,bdfc0e7d,3e0bdcfb,1,18328138

8771,174,113,44,-131,-16356,836,-3799,4307,-1521,3f30462f,bf339a67,bdfb875a,3e0b9386,3f30462f,bf339a68,bdfb8743,3e0b937a,1,18336657

8772,162,119,44,-74,-16378,804,-3805,4307,-1533,3f304cfe,bf339a02,bdfb0ef7,3e0b4819,3f304cff,bf339a03,bdfb0ee1,3e0b480e,1,18345175

8773,158,127,13,-143,-16344,844,-3767,4297,-1494,3f305287,bf339ab2,bdfa7e27,3e0b0b0e,3f305286,bf339ab1,bdfa7e0e,3e0b0b02,1,18353694

8774,158,130,17,-188,-16344,828,-3767,4297,-1494,3f30578a,bf339bbc,bdf9eb9d,3e0ad1c7,3f30578a,bf339bbb,bdf9eb86,3e0ad1bc,1,18362213

8775,160,121,60,-128,-16353,824,-3747,4279,-1461,3f305bc0,bf339de3,bdf9730b,3e0a85ac,3f305bc1,bf339de2,bdf972f5,3e0a85a2,1,18370731

8776,164,112,75,-86,-16351,834,-3797,4309,-1512,3f306293,bf339dae,bdf9027c,3e0a319b,3f306294,bf339dad,bdf90266,3e0a3191,1,18379250

8777,157,120,57,-124,-16345,838,-3797,4309,-1512,3f306971,bf339d33,bdf885b9,3e09e74f,3f306972,bf339d32,bdf885a3,3e09e745,1,18387267

8778,165,127,51,-134,-16340,829,-3757,4319,-1474,3f306ddc,bf339ec0,bdf80ee2,3e09a1fc,3f306ddd,bf339ebf,bdf80ecc,3e09a1f2,1,18395786

8779,166,120,58,-111,-16329,794,-3835,4285,-1554,3f307528,bf339de3,bdf79455,3e09556b,3f30752a,bf339de3,bdf79440,3e095561,1,18404305

8780,169,116,51,-111,-16364,780,-3835,4285,-1554,3f307bd1,bf339da7,bdf716b4,3e0909e0,3f307bd3,bf339da6,bdf7169e,3e0909d6,1,18412823

8781,171,118,38,-92,-16384,808,-3787,4267,-1490,3f308002,bf339feb,bdf69513,3e08be30,3f308004,bf339fea,bdf694fd,3e08be26,1,18421342

8782,145,128,13,-98,-16373,807,-3861,4323,-1506,3f3085d3,bf33a07e,bdf6052f,3e087abe,3f3085d5,bf33a07d,bdf60519,3e087ab4,1,18429861

8783,140,134,0,-68,-16375,830,-3861,4323,-1506,3f308c5f,bf33a043,bdf574c5,3e08390a,3f308c61,bf33a043,bdf574b0,3e083901,1,18438379

8784,147,141,-25,-136,-16287,861,-3741,4267,-1549,3f30956b,bf339c92,bdf4dfd4,3e080e58,3f30956d,bf339c92,bdf4dfbf,3e080e4f,1,18446898

8785,171,143,-13,-220,-16293,853,-3809,4287,-1538,3f309b95,bf339c14,bdf43c2a,3e07e23a,3f309b97,bf339c14,bdf43c15,3e07e231,1,18455416

8786,177,123,33,-166,-16339,834,-3757,4307,-1459,3f309e55,bf339f43,bdf3b807,3e07a0eb,3f309e57,bf339f43,bdf3b7f2,3e07a0e2,1,18463935

8787,171,121,71,-152,-16313,833,-3757,4307,-1459,3f30a1fd,bf33a1a0,bdf346ae,3e07558e,3f30a1ff,bf33a19f,bdf34698,3e075584,1,18472453

8788,185,129,79,-127,-16320,833,-3767,4277,-1455,3f30a4b2,bf33a500,bdf2dc64,3e070502,3f30a4b3,bf33a4ff,bdf2dc4d,3e0704f7,1,18480972

8789,188,139,77,-110,-16381,811,-3743,4329,-1558,3f30abb3,bf33a2d6,bdf28e5c,3e06c346,3f30abb5,bf33a2d7,bdf28e46,3e06c33b,1,18489491

8790,193,145,59,-130,-16361,804,-3743,4329,-1558,3f30b1de,bf33a152,bdf2380f,3e0688f5,3f30b1e0,bf33a152,bdf237f8,3e0688e9,1,18497509

8791,196,149,49,-113,-16383,771,-3797,4299,-1552,3f30b65c,bf33a1dd,bdf1d7db,3e064a4b,3f30b65e,bf33a1dc,bdf1d7c3,3e064a3f,1,18506027

8792,184,133,43,-111,-16337,815,-3805,4319,-1466,3f30b8b7,bf33a558,bdf16218,3e06032e,3f30b8b8,bf33a556,bdf161ff,3e060322,1,18514546

8793,185,130,39,-65,-16316,817,-3805,4319,-1466,3f30bb48,bf33a8ad,bdf0f00d,3e05b8b9,3f30bb49,bf33a8ab,bdf0eff5,3e05b8ad,1,18523064

8794,192,128,31,-91,-16395,760,-3775,4309,-1519,3f30be80,bf33aac9,bdf08332,3e057826,3f30be82,bf33aac8,bdf0831b,3e05781a,1,18531583

8795,178,125,24,-156,-16362,791,-3795,4323,-1460,3f30c058,bf33aeb5,bdeffd8e,3e0538c2,3f30c059,bf33aeb4,bdeffd77,3e0538b5,1,18540102

8796,179,120,40,-144,-16333,847,-3795,4323,-1460,3f30c39d,bf33b17a,bdef7a01,3e04f2a7,3f30c39e,bf33b17a,bdef79ec,3e04f29b,1,18548620

8797,182,110,69,-172,-16302,850,-3821,4295,-1460,3f30c709,bf33b4a5,bdeef34e,3e04a1e5,3f30c709,bf33b4a4,bdeef337,3e04a1d8,1,18557139

8798,186,115,89,-122,-16355,810,-3791,4337,-1551,3f30ce21,bf33b312,bdee96cf,3e04564c,3f30ce22,bf33b312,bdee96ba,3e045640,1,18565658

8799,182,109,103,-68,-16371,811,-3793,4309,-1513,3f30d3f4,bf33b344,bdee3ed1,3e03fd1a,3f30d3f4,bf33b343,bdee3ebc,3e03fd0d,1,18574176

8800,171,108,83,-99,-16367,784,-3793,4309,-1513,3f30d97c,bf33b3a4,bdedd8d3,3e03ac19,3f30d97d,bf33b3a4,bdedd8bf,3e03ac0d,1,18582695

8801,169,119,57,-93,-16339,793,-3735,4367,-1537,3f30e070,bf33b194,bded7d8d,3e036d13,3f30e06f,bf33b192,bded7d77,3e036d06,1,18591213

8802,166,119,39,-85,-16374,796,-3813,4297,-1460,3f30e382,bf33b492,bdecffb8,3e032222,3f30e383,bf33b491,bdecffa4,3e032216,1,18599231

8803,171,125,25,-127,-16305,824,-3813,4297,-1460,3f30e69b,bf33b772,bdec7520,3e02de97,3f30e69c,bf33b771,bdec750d,3e02de8c,1,18607750

8804,174,130,22,-114,-16388,770,-3749,4349,-1544,3f30ec70,bf33b63c,bdec0ae2,3e02ab13,3f30ec71,bf33b63a,bdec0acf,3e02ab07,1,18616268

8805,170,131,18,-155,-16356,828,-3771,4317,-1615,3f30f77e,bf33afb5,bdeb9685,3e027f8e,3f30f781,bf33afb4,bdeb9674,3e027f83,1,18624787

8806,172,126,20,-154,-16350,820,-3771,4317,-1615,3f31021e,bf33a9ac,bdeb227c,3e025239,3f310221,bf33a9ab,bdeb226b,3e02522e,1,18633306

8807,180,127,50,-116,-16378,806,-3747,4289,-1577,3f310a33,bf33a65f,bdeac13d,3e02172f,3f310a35,bf33a65d,bdeac12c,3e021723,1,18641824

8808,172,127,51,-112,-16350,822,-3745,4341,-1516,3f310ffd,bf33a57e,bdea5d90,3e01d976,3f310fff,bf33a57c,bdea5d7e,3e01d969,1,18650343

8809,174,123,41,-93,-16325,793,-3745,4341,-1516,3f311506,bf33a55b,bde9f8ca,3e019c00,3f311508,bf33a559,bde9f8b8,3e019bf3,1,18658861

8810,173,119,33,-148,-16304,820,-3821,4331,-1560,3f311c4f,bf33a362,bde97aba,3e01613a,3f311c51,bf33a360,bde97aa8,3e01612d,1,18667380

8811,180,120,47,-161,-16338,790,-3815,4313,-1578,3f312367,bf33a169,bde906a8,3e0125dc,3f31236a,bf33a169,bde90699,3e0125d1,1,18675898

8812,184,119,66,-180,-16298,827,-3757,4303,-1505,3f3127e8,bf33a232,bde895af,3e00e470,3f3127e9,bf33a231,bde8959e,3e00e464,1,18684417

8813,192,113,103,-111,-16357,772,-3757,4303,-1505,3f312b69,bf33a3fe,bde8441c,3e0093e8,3f312b6b,bf33a3fe,bde8440d,3e0093dd,1,18692435

8814,195,111,99,-103,-16325,822,-3763,4265,-1523,3f3130b6,bf33a448,bde7e910,3e004192,3f3130b8,bf33a448,bde7e901,3e004187,1,18700953

8815,199,107,84,-94,-16371,780,-3771,4329,-1574,3f313729,bf33a2d1,bde796f7,3dfff1f0,3f31372a,bf33a2d0,bde796e6,3dfff1d8,1,18709472

8816,194,108,75,-111,-16376,797,-3771,4329,-1574,3f313e19,bf33a0d7,bde73c42,3dff68fd,3f313e1a,bf33a0d7,bde73c32,3dff68e6,1,18717991

8817,182,114,56,-85,-16387,767,-3817,4321,-1584,3f314516,bf339ee1,bde6da8e,3dfee2eb,3f314517,bf339ee1,bde6da7e,3dfee2d4,1,18726509

8818,166,113,37,-71,-16340,816,-3709,4353,-1528,3f314bbf,bf339cdd,bde678a3,3dfe6de2,3f314bc0,bf339cdd,bde67893,3dfe6dcb,1,18735028

8819,164,112,13,-127,-16329,835,-3709,4353,-1528,3f315278,bf339ac8,bde6009a,3dfe0ca5,3f315279,bf339ac8,bde6008a,3dfe0c8e,1,18743546

8820,176,122,20,-177,-16320,798,-3779,4323,-1623,3f315c01,bf339587,bde58bb6,3dfdba71,3f315c00,bf339586,bde58ba4,3dfdba58,1,18752065

8821,172,115,55,-130,-16334,816,-3841,4355,-1451,3f315e30,bf339908,bde511ca,3dfd27d1,3f315e31,bf339909,bde511ba,3dfd27ba,1,18760584

8822,178,114,86,-169,-16303,837,-3841,4355,-1451,3f3160b7,bf339c46,bde49eaa,3dfc8b82,3f3160b6,bf339c45,bde49e98,3dfc8b69,1,18769102

8823,200,108,106,-124,-16335,812,-3799,4321,-1485,3f316365,bf339f27,bde441e9,3dfbe342,3f316366,bf339f27,bde441d9,3dfbe32b,1,18777621

8824,214,110,100,-105,-16355,801,-3727,4291,-1492,3f31659d,bf33a210,bde3f047,3dfb446b,3f31659e,bf33a210,bde3f037,3dfb4454,1,18786139

8825,216,114,93,-122,-16380,764,-3767,4305,-1569,3f316a3b,bf33a222,bde3a1c5,3dfab778,3f316a3c,bf33a222,bde3a1b5,3dfab761,1,18794658

8826,205,115,82,-107,-16368,765,-3767,4305,-1569,3f316f75,bf33a190,bde34fc9,3dfa2ef6,3f316f76,bf33a190,bde34fb9,3dfa2edf,1,18802676

8827,202,115,82,-101,-16346,794,-3797,4315,-1565,3f31753d,bf33a0ac,bde2f7c4,3df9a14f,3f31753d,bf33a0ab,bde2f7b3,3df9a138,1,18811195

8828,202,122,83,-97,-16321,817,-3789,4383,-1463,3f3176df,bf33a401,bde29fd3,3df90d2e,3f3176e0,bf33a401,bde29fc4,3df90d19,1,18819713

8829,211,128,73,-106,-16363,776,-3789,4383,-1463,3f317704,bf33a893,bde2488d,3df882d2,3f317705,bf33a893,bde2487d,3df882bc,1,18828232

8830,220,135,74,-83,-16382,774,-3765,4315,-1468,3f3176de,bf33ad69,bde1f5e6,3df7f4e8,3f3176df,bf33ad6a,bde1f5d7,3df7f4d3,1,18836750

8831,214,140,68,-126,-16344,799,-3741,4347,-1447,3f3176b5,bf33b203,bde19ec4,3df77641,3f3176b5,bf33b203,bde19eb4,3df7762b,1,18845269

8832,210,139,69,-87,-16385,730,-3741,4347,-1447,3f3175b7,bf33b74e,bde15210,3df6f365,3f3175b8,bf33b74e,bde15201,3df6f350,1,18853788

8833,194,142,60,-47,-16330,766,-3769,4311,-1504,3f3178ae,bf33b8be,bde101a6,3df67186,3f3178ae,bf33b8bd,bde10196,3df67170,1,18862306

8834,187,139,32,-63,-16353,791,-3813,4311,-1472,3f317ab3,bf33bb9c,bde093d3,3df5f270,3f317ab3,bf33bb9b,bde093c3,3df5f25a,1,18870825

8835,193,137,12,-110,-16320,795,-3813,4311,-1472,3f317c2f,bf33bf02,bde01472,3df582d2,3f317c2f,bf33bf01,bde01462,3df582bc,1,18879343

8836,211,138,30,-144,-16339,757,-3751,4313,-1565,3f318076,bf33be9b,bddfb175,3df52a4a,3f318077,bf33be9b,bddfb167,3df52a36,1,18887862

8837,215,127,50,-96,-16366,732,-3741,4353,-1529,3f3182b5,bf33c067,bddf5dea,3df4ba10,3f3182b4,bf33c066,bddf5ddb,3df4b9fa,1,18896381

8838,206,124,50,-93,-16380,740,-3793,4329,-1512,3f3184b1,bf33c301,bddefc60,3df43c3f,3f3184b1,bf33c301,bddefc52,3df43c2a,1,18904399

8839,198,125,33,-66,-16377,769,-3793,4329,-1512,3f3187bb,bf33c498,bdde94a1,3df3c2af,3f3187bb,bf33c498,bdde9493,3df3c29a,1,18912917

8840,187,146,12,-137,-16357,763,-3799,4335,-1552,3f318c89,bf33c3bb,bdde2579,3df37083,3f318c89,bf33c3bb,bdde256b,3df3706e,1,18921436

8841,176,150,20,-161,-16353,773,-3757,4335,-1492,3f318f92,bf33c4a8,bdddb6ea,3df31c12,3f318f91,bf33c4a8,bdddb6dc,3df31bfc,1,18929954

8842,179,128,47,-154,-16356,772,-3757,4335,-1492,3f3192e9,bf33c5b3,bddd4cb0,3df2af58,3f3192e9,bf33c5b4,bddd4ca3,3df2af43,1,18938473

8843,176,128,78,-76,-16354,763,-3739,4333,-1518,3f319812,bf33c4b7,bddd02f1,3df22f40,3f319811,bf33c4b8,bddd02e3,3df22f2a,1,18946992

8844,176,131,82,-18,-16375,754,-3785,4307,-1555,3f319ec5,bf33c249,bddcc26b,3df1a2d3,3f319ec5,bf33c24b,bddcc25e,3df1a2be,1,18955510

8845,169,131,44,-81,-16362,752,-3785,4307,-1555,3f31a532,bf33c011,bddc649d,3df133ea,3f31a531,bf33c011,bddc648f,3df133d3,1,18964029

8846,159,130,14,-119,-16352,760,-3789,4285,-1461,3f31a7ab,bf33c261,bddbe3b7,3df0c695,3f31a7ab,bf33c261,bddbe3aa,3df0c67f,1,18972547

8847,165,126,33,-103,-16365,758,-3817,4343,-1509,3f31ac07,bf33c290,bddb740e,3df0557b,3f31ac07,bf33c290,bddb7401,3df05565,1,18981066

8848,165,128,43,-91,-16360,757,-3817,4343,-1509,3f31b080,bf33c29a,bddb0c4e,3defdef4,3f31b080,bf33c29a,bddb0c41,3defdede,1,18989585

8849,155,130,34,-72,-16379,752,-3799,4309,-1528,3f31b64f,bf33c12a,bddaa56d,3def6df2,3f31b64f,bf33c12b,bddaa561,3def6ddd,1,18998103

8850,143,133,16,-139,-16331,772,-3791,4331,-1554,3f31be23,bf33bd5e,bdda30eb,3def1abf,3f31be22,bf33bd5f,bdda30de,3def1aa9,1,19006622

8851,146,127,27,-140,-16338,760,-3749,4369,-1489,3f31c2d7,bf33bcbe,bdd9c320,3deebd1c,3f31c2d6,bf33bcbf,bdd9c313,3deebd06,1,19014640

8852,156,120,53,-127,-16329,814,-3749,4369,-1489,3f31c864,bf33bb83,bdd95d60,3dee4c69,3f31c863,bf33bb84,bdd95d53,3dee4c53,1,19023158

8853,179,125,74,-96,-16312,805,-3781,4331,-1480,3f31cc1c,bf33bc61,bdd901e9,3dedc487,3f31cc1a,bf33bc61,bdd901db,3dedc471,1,19031677

8854,208,125,87,-80,-16335,762,-3771,4353,-1475,3f31cd44,bf33bf8f,bdd8b7bb,3ded3659,3f31cd44,bf33bf91,bdd8b7af,3ded3645,1,19040196

8855,208,115,85,-126,-16332,761,-3771,4353,-1475,3f31ce64,bf33c2f0,bdd860e1,3decabe2,3f31ce62,bf33c2f1,bdd860d4,3decabcd,1,19048714

8856,214,121,74,-169,-16323,793,-3799,4355,-1512,3f31d112,bf33c4a2,bdd7fe62,3dec327b,3f31d111,bf33c4a4,bdd7fe56,3dec3267,1,19057233

8857,212,115,100,-141,-16365,734,-3775,4257,-1556,3f31d523,bf33c4f2,bdd7ad28,3deba967,3f31d521,bf33c4f2,bdd7ad1b,3deba951,1,19065751

8858,211,109,120,-92,-16373,752,-3775,4257,-1556,3f31da1b,bf33c486,bdd76921,3deb0c0f,3f31da19,bf33c487,bdd76916,3deb0bfa,1,19074270

8859,203,103,130,-66,-16441,766,-3857,4347,-1508,3f31dd67,bf33c648,bdd720a2,3dea5887,3f31dd66,bf33c64a,bdd72098,3dea5873,1,19082788

8860,197,86,135,-83,-16493,761,-3781,4379,-1522,3f31e1ff,bf33c669,bdd6defc,3de9aed3,3f31e1fd,bf33c66a,bdd6def1,3de9aebe,1,19091307

8861,182,80,165,-121,-16392,986,-3781,4379,-1522,3f31ed13,bf33c0a0,bdd68ef4,3de8f926,3f31ed12,bf33c0a3,bdd68eea,3de8f913,1,19099826

8862,222,66,241,-187,-16234,831,-3823,4357,-1465,3f31effa,bf33c38f,bdd6526c,3de811b7,3f31eff8,bf33c392,bdd65260,3de811a3,1,19108344

8863,268,49,380,-83,-16433,830,-3767,4289,-1493,3f31f332,bf33c661,bdd6668b,3de6d4ad,3f31f330,bf33c664,bdd6667f,3de6d499,1,19116362

8864,257,7,503,68,-16589,679,-3811,4365,-1535,3f31f781,bf33c85b,bdd6c786,3de541e9,3f31f77e,bf33c85d,bdd6c779,3de541d4,1,19124881

8865,154,-79,594,1527,-15718,1586,-3811,4365,-1535,3f32197c,bf33ae75,bdd7eb98,3de2a642,3f32197a,bf33ae78,bdd7eb8d,3de2a62f,1,19133399

8866,174,-368,694,1223,-16440,1317,-3823,4347,-1419,3f32324c,bf33a41b,bdd86b69,3ddf52fa,3f32324b,bf33a41d,bdd86b5f,3ddf52e8,1,19141918

8867,161,-934,922,-2193,-13733,1052,-3835,4379,-1430,3f32461d,bf33a69a,bdd6c111,3ddc7585,3f32461c,bf33a69c,bdd6c107,3ddc7573,1,19150436

8868,512,-1592,3662,-656,-18394,279,-3835,4379,-1430,3f3259d5,bf33b46e,bdd9cf83,3dd26d6f,3f3259d3,bf33b46e,bdd9cf77,3dd26d5c,1,19158955

8869,675,-2033,5883,-42,-15921,999,-3779,4421,-1495,3f3289eb,bf33a99e,bde02574,3dc358bf,3f3289ea,bf33a99f,bde02569,3dc358ac,1,19167480

8870,569,-2246,5837,1199,-16313,1282,-3729,4449,-1426,3f32c44b,bf339210,bde68fcf,3db349ca,3f32c44b,bf339212,bde68fc5,3db349b8,1,19175999

8871,920,-2452,6297,425,-16019,1336,-3729,4449,-1426,3f32ec95,bf338981,bdecc26a,3da28585,3f32ec95,bf338982,bdecc25e,3da28572,1,19184517

8872,1175,-2397,6283,544,-16476,2190,-3703,4477,-1406,3f331379,bf337b18,bdf2dcec,3d91f097,3f331379,bf337b19,bdf2dce0,3d91f084,1,19193036

8873,1577,-2098,5926,3981,-17776,1022,-3661,4577,-1416,3f330029,bf339715,bdfa8c0e,3d8151e1,3f330029,bf339715,bdfa8c01,3d8151cd,1,19201555

8874,965,-2490,4170,6454,-17944,1875,-3661,4577,-1416,3f330f00,bf3398e4,bdfe66ce,3d66890c,3f330f00,bf3398e5,bdfe66c2,3d6688e5,1,19209572

8875,175,-3510,1684,3476,-17763,2066,-3681,4629,-1409,3f3356bf,bf337eb7,bdfb14af,3d50ad08,3f3356bf,bf337eb8,bdfb14a3,3d50ace0,1,19218091

8876,-840,-4060,5,2718,-17341,1648,-3677,4581,-1387,3f33d2f3,bf3340cb,bdf3225e,3d3ffecc,3f33d2f2,bf3340cb,bdf32252,3d3ffea4,1,19226610

8877,-1306,-4389,-1020,1487,-20064,2096,-3715,4651,-1321,3f3465dc,bf32f674,bde7aafc,3d33da59,3f3465db,bf32f675,bde7aaf1,3d33da32,1,19235129

8878,-2274,-4152,-1273,868,-18941,560,-3715,4651,-1321,3f35135b,bf328945,bddc63c4,3d2a7762,3f35135a,bf328946,bddc63b9,3d2a773c,1,19243647

8879,-2948,-3707,-1257,875,-17737,-118,-3719,4617,-1285,3f35dbe6,bf31f5f3,bdd219c2,3d22d40a,3f35dbe5,bf31f5f4,bdd219b7,3d22d3e4,1,19252166

8880,-2913,-3396,-1419,1218,-18496,-21,-3735,4607,-1291,3f369d08,bf316320,bdc832fb,3d1cac77,3f369d07,bf316321,bdc832f1,3d1cac51,1,19260685

8881,-2886,-3425,-1236,1933,-19063,359,-3735,4607,-1291,3f375d25,bf30ccb3,bdbec35b,3d153cdc,3f375d25,bf30ccb5,bdbec352,3d153cb6,1,19269203

8882,-2824,-3801,-1745,2366,-18894,1584,-3725,4613,-1386,3f3825f1,bf302fb4,bdb3d7d3,3d0db5d7,3f3825ef,bf302fb4,bdb3d7c8,3d0db5af,1,19277722

8883,-2700,-4228,-2628,2820,-18297,2658,-3845,4607,-1317,3f38f3cf,bf2f90d7,bda6b410,3d06df3b,3f38f3ce,bf2f90d9,bda6b407,3d06df14,1,19286241

8884,-2611,-4756,-3218,4583,-17538,3538,-3845,4607,-1317,3f39be34,bf2ef52e,bd980e22,3d0012fd,3f39be33,bf2ef531,bd980e1a,3d0012d7,1,19294759

8885,-3124,-5481,-4211,902,-16221,4267,-3881,4659,-1387,3f3ab59b,bf2e2df9,bd84ef96,3cf9d043,3f3ab59a,bf2e2dfc,bd84ef8e,3cf9cff7,1,19303278

8886,-5315,-3580,-4697,-8874,-15714,1155,-3895,4597,-1349,3f3bf12e,bf2d048d,bd6735d1,3d05a958,3f3bf12d,bf2d0490,bd6735c1,3d05a932,1,19311797

8887,-6897,-828,-2041,-3015,-10286,2366,-3895,4597,-1349,3f3d888d,bf2b52be,bd582572,3d0e29dd,3f3d888b,bf2b52c0,bd582562,3d0e29b6,1,19319815

8888,-5013,-33,1654,2947,-11614,1615,-3945,4663,-1478,3f3eb1a5,bf2a0689,bd5e242f,3d063cff,3f3eb1a3,bf2a068b,bd5e2420,3d063cd8,1,19328333

8889,-3821,46,3240,5774,-10780,2870,-3979,4757,-1469,3f3fa1c6,bf28f1a1,bd6a9498,3ceff314,3f3fa1c4,bf28f1a3,bd6a9489,3ceff2c6,1,19336852

8890,-3394,-1217,4155,5359,-13790,2496,-3979,4757,-1469,3f4078b6,bf27fbf6,bd7531bd,3cc311df,3f4078b6,bf27fbfa,bd7531b1,3cc31193,1,19345371

8891,-3216,-2201,2479,3838,-11152,5200,-3949,4849,-1550,3f415b78,bf27005a,bd754cf7,3c9e3e8d,3f415b75,bf27005b,bd754ce7,3c9e3e3f,1,19353889

8892,-2866,-2110,372,6094,-8261,9650,-3985,4899,-1554,3f422390,bf262621,bd6e2008,3c8be390,3f42238e,bf262624,bd6e1ffb,3c8be343,1,19362408

8893,-1700,-3904,-497,18815,-9273,8763,-3963,4781,-1500,3f42a6c7,bf25a7bc,bd5dfed3,3c637fa1,3f42a6c5,bf25a7bf,bd5dfec6,3c637f06,1,19370926

8894,473,-11015,-1616,11593,-13302,4319,-3963,4781,-1500,3f42c73e,bf25c2df,bd2e3853,3bb7f894,3f42c73c,bf25c2e2,bd2e3847,3bb7f758,1,19379445

8895,1202,-13038,739,1641,-15362,-369,-3923,4737,-1357,3f42a42a,bf2618ae,bcf85208,bbcc4338,3f42a426,bf2618b0,bcf851ee,bbcc4479,1,19387964

8896,47,-11567,3041,10696,-16589,1819,-3949,4751,-1333,3f42ba8e,bf26033a,bcb3f594,bc9fb6d2,3f42ba8b,bf26033d,bcb3f57e,bc9fb725,1,19396482

8897,1282,-15607,543,-2058,-18257,-26,-3949,4751,-1333,3f427f19,bf263b41,bbdc1e2d,bd07117b,3f427f16,bf263b44,bbdc1dda,bd0711a5,1,19405001

8898,1183,-14367,3260,2264,-20652,1124,-3885,4755,-1245,3f422dcb,bf265c2b,3b9a2e3f,bd463398,3f422dc9,bf265c2f,3b9a2e8a,bd4633c2,1,19413520

8899,916,-13976,3279,2777,-20820,1822,-3827,4777,-1068,3f41da9c,bf265c4f,3c806bde,bd8227b9,3f41da99,bf265c52,3c806bef,bd8227cd,1,19421538

8900,831,-14852,2742,207,-18958,1223,-3827,4777,-1068,3f417bc6,bf2642a2,3ce6acda,bda1221c,3f417bc3,bf2642a6,3ce6acea,bda12232,1,19430056

8901,240,-14731,3901,1059,-19489,890,-3775,4795,-1048,3f4121d5,bf25f711,3d215d13,bdc24aec,3f4121d2,bf25f715,3d215d1a,bdc24b03,1,19438575

8902,-248,-14932,3885,-919,-17770,629,-3683,4761,-1032,3f40d018,bf257901,3d50a20c,bde365bc,3f40d015,bf257905,3d50a211,bde365d4,1,19447093

8903,-1407,-13605,4777,1519,-14310,623,-3683,4761,-1032,3f40a680,bf24b2b0,3d75c99b,be024182,3f40a67d,bf24b2b4,3d75c99e,be02418e,1,19455612

8904,-2007,-12486,5484,2955,-14139,651,-3579,4775,-968,3f408a2b,bf23c7c4,3d89845b,be12b227,3f408a26,bf23c7c7,3d89845b,be12b232,1,19464131

8905,-2186,-11417,4620,-412,-13735,-61,-3537,4805,-875,3f407aa5,bf22ce09,3d981dfc,be2109c3,3f407aa1,bf22ce0d,3d981dfb,be2109ce,1,19472649

8906,-2737,-9573,5105,1949,-12103,919,-3491,4861,-771,3f40813f,bf21c1bb,3da17218,be2e9a2b,3f40813b,bf21c1bf,3da17216,be2e9a36,1,19481168

8907,-2305,-9190,3902,740,-13758,1311,-3491,4861,-771,3f407db0,bf20c438,3dac8de6,be3a6caa,3f407dac,bf20c43c,3dac8de3,be3a6cb5,1,19489687

8908,-1834,-9715,1906,951,-12194,860,-3417,4875,-848,3f407267,bf1fc8d3,3dbc195c,be449f77,3f407263,bf1fc8d7,3dbc1959,be449f81,1,19498205

8909,-1597,-10603,-378,554,-13793,78,-3407,4881,-805,3f406e28,bf1eb76d,3dd15132,be4d2cec,3f406e25,bf1eb772,3dd15131,be4d2cf8,1,19506724

8910,-995,-11656,-2262,-1771,-16002,2374,-3407,4881,-805,3f4060cf,bf1d954f,3dec7ee0,be546c99,3f4060cb,bf1d9553,3dec7edd,be546ca3,1,19514742

8911,0,-12965,-2072,-2229,-18340,3798,-3397,4863,-830,3f4007ca,bf1c8b9d,3e05419b,be5cb10f,3f4007c5,bf1c8ba0,3e054198,be5cb118,1,19523261

8912,9,-14397,-1934,-4384,-19487,4101,-3271,4817,-720,3f3f8c8c,bf1b5bb8,3e159c27,be661fea,3f3f8c89,bf1b5bbc,3e159c25,be661ff5,1,19531779

8913,-484,-13844,-2342,-6777,-18125,1779,-3271,4817,-720,3f3f23ab,bf1a0a44,3e25920c,be6eaa3b,3f3f23a8,bf1a0a47,3e259208,be6eaa45,1,19540298

8914,43,-10854,-1408,-3659,-15497,1341,-3209,4697,-682,3f3ea435,bf191b8d,3e31d7ff,be75b3f4,3f3ea432,bf191b90,3e31d7fb,be75b3fe,1,19548816

8915,955,-10455,-1026,-1625,-19069,4110,-3179,4715,-610,3f3ded8c,bf1866b7,3e3d8199,be7cc072,3f3ded89,bf1866ba,3e3d8195,be7cc07c,1,19557335

8916,737,-12237,-1693,-4890,-18330,1176,-3179,4715,-610,3f3d25ff,bf17718f,3e4b7a96,be822b3e,3f3d25fc,bf177192,3e4b7a92,be822b43,1,19565854

8917,-549,-12211,-202,-5167,-15264,1096,-3147,4649,-594,3f3c746e,bf16393a,3e57d711,be86c9dd,3f3c746b,bf16393d,3e57d70d,be86c9e2,1,19574372

8918,-820,-11119,1312,-4419,-15645,1546,-3131,4609,-600,3f3bb697,bf151a04,3e61ca1e,be8bbea4,3f3bb693,bf151a05,3e61ca19,be8bbea8,1,19582891

8919,-448,-9853,2001,-2965,-15754,3520,-3099,4661,-547,3f3ae9b5,bf142c82,3e6a01b6,be908584,3f3ae9b3,bf142c85,3e6a01b3,be908589,1,19591410

8920,-92,-9054,1712,-1997,-15437,3495,-3099,4661,-547,3f3a189a,bf135e34,3e71ab75,be94d141,3f3a1896,bf135e36,3e71ab70,be94d145,1,19599928

8921,128,-8420,1339,-1499,-14872,4320,-3015,4647,-511,3f395093,bf129905,3e78f9b7,be98b2f8,3f395091,bf129908,3e78f9b5,be98b2fd,1,19608447

8922,235,-8434,1661,-1624,-17324,4787,-2981,4665,-436,3f387216,bf11df3a,3e80054c,be9cb6df,3f387212,bf11df3b,3e80054a,be9cb6e2,1,19616965

8923,-32,-8854,1773,-1678,-16930,3651,-2981,4665,-436,3f3789de,bf110ee0,3e83a76c,bea0ede3,3f3789db,bf110ee2,3e83a76a,bea0ede7,1,19624983

8924,-462,-8685,1540,-1988,-16781,3474,-2925,4689,-453,3f36b9be,bf101ed9,3e87339f,bea501a3,3f36b9bb,bf101edb,3e87339d,bea501a7,1,19633502

8925,-699,-8373,1295,13007,2845,-2787,-2905,4781,-496,3f35ef9b,bf0f325e,3e8a49e9,bea91aa5,3f35ef9a,bf0f3261,3e8a49e8,bea91aab,1,19642021

8926,2437,-10200,-829,577,-15356,6116,-2905,4781,-496,3f34b794,bf0e721d,3e8fb8f4,beac4ecb,3f34b792,bf0e721f,3e8fb8f2,beac4ecf,1,19650539

8927,4925,-10569,-963,-6715,-17961,4805,-2845,4751,-425,3f32fd60,bf0e300d,3e9652a1,beaeb946,3f32fd5e,bf0e300f,3e96529f,beaeb94a,1,19659058

8928,3796,-9879,209,-6094,-18433,3028,-2829,4661,-375,3f315528,bf0ddff2,3e9bdd22,beb19efc,3f315524,bf0ddff3,3e9bdd1e,beb19eff,1,19667577

8929,2541,-8965,-597,-7735,-17509,3137,-2829,4661,-375,3f3013e8,bf0d4067,3ea101b5,beb3ff87,3f3013e5,bf0d4068,3ea101b1,beb3ff8a,1,19676095

8930,1885,-7900,-1270,-6351,-15377,2961,-2803,4607,-363,3f2f1bf6,bf0c8293,3ea5b9d6,beb5ce81,3f2f1bf4,bf0c8294,3ea5b9d2,beb5ce85,1,19684614

8931,1796,-7030,-1112,-4756,-13537,3055,-2749,4639,-333,3f2e3760,bf0bd806,3ea9ed5e,beb76847,3f2e375e,bf0bd807,3ea9ed5a,beb7684b,1,19693133

8932,2280,-6299,-621,-3397,-14063,3028,-2713,4607,-276,3f2d390a,bf0b6fc2,3eada6ed,beb8eaad,3f2d3909,bf0b6fc4,3eada6ea,beb8eab2,1,19701651

8933,3033,-5775,320,-3153,-14319,2728,-2713,4607,-276,3f2c04d3,bf0b5df6,3eb0f499,beba7bcc,3f2c04d2,bf0b5df8,3eb0f496,beba7bd1,1,19710170

8934,3876,-5122,1508,-4121,-14740,2445,-2675,4619,-275,3f2a967d,bf0bae8f,3eb3c5cc,bebc1919,3f2a967b,bf0bae90,3eb3c5c8,bebc191e,1,19718689

8935,4555,-4408,2474,-4326,-15334,2221,-2647,4547,-157,3f28fbca,bf0c562e,3eb6150d,bebdb664,3f28fbc7,bf0c562f,3eb61509,bebdb668,1,19727207

8936,4897,-3637,3448,-2919,-16380,1881,-2647,4547,-157,3f2741b9,bf0d4a1a,3eb7b6cb,bebf6c77,3f2741b8,bf0d4a1c,3eb7b6c9,bebf6c7c,1,19735225

8937,4884,-3174,3900,-959,-14902,2229,-2525,4509,-146,3f2581ef,bf0e5920,3eb8dd06,bec140ab,3f2581ec,bf0e5920,3eb8dd01,bec140ae,1,19743744

8938,5261,-3157,3567,-1533,-14742,1880,-2495,4509,-92,3f23b9ef,bf0f6dbf,3eba3f9f,bec2ca35,3f23b9ee,bf0f6dc0,3eba3f9b,bec2ca3a,1,19752262

8939,5649,-2997,3422,-3354,-15782,2062,-2495,4509,-92,3f21ee19,bf108b97,3ebbc8c9,bec4041e,3f21ee17,bf108b97,3ebbc8c4,bec40422,1,19760781

8940,5605,-2687,2745,-5048,-21198,797,-2527,4413,-4,3f203c10,bf119f65,3ebd7260,bec4cc63,3f203c0f,bf119f66,3ebd725d,bec4cc68,1,19769300

8941,4402,-2083,2035,-5621,-20085,822,-2411,4449,42,3f1eed1c,bf126bfb,3ebed42a,bec5559e,3f1eed1a,bf126bfb,3ebed426,bec555a2,1,19777818

8942,3120,-1214,1800,-4953,-19009,376,-2411,4449,42,3f1dfc6e,bf130acb,3ebf9b13,bec5c16d,3f1dfc6c,bf130acb,3ebf9b10,bec5c172,1,19786337

8943,2020,-675,1713,-4989,-16626,440,-2449,4473,19,3f1d57f9,bf137b47,3ebfef84,bec62cd9,3f1d57f7,bf137b47,3ebfef81,bec62cde,1,19794856

8944,1645,-130,285,-4435,-16886,-386,-2457,4425,-20,3f1d00cf,bf13c214,3ec07963,bec5e8aa,3f1d00cd,bf13c214,3ec07960,bec5e8af,1,19803374

8945,1125,208,958,-3459,-17207,-150,-2471,4439,41,3f1cb622,bf140f81,3ec0752b,bec5f207,3f1cb621,bf140f83,3ec0752a,bec5f20d,1,19811893

8946,605,200,1349,-1961,-16473,723,-2471,4439,41,3f1c781b,bf144d53,3ec01b2d,bec65485,3f1c7818,bf144d53,3ec01b2a,bec65489,1,19820411

8947,451,145,1306,-1038,-16199,939,-2463,4491,-19,3f1c3ff9,bf148185,3ebfb5d4,bec6cb3e,3f1c3ff7,bf148186,3ebfb5d3,bec6cb44,1,19828930

8948,538,156,787,-1551,-16334,842,-2463,4475,80,3f1c15c0,bf14a8b2,3ebf8eae,bec7007f,3f1c15be,bf14a8b3,3ebf8ead,bec70085,1,19836948

8949,558,109,443,-1884,-16326,907,-2463,4475,80,3f1bf615,bf14c2a7,3ebf92f3,bec7121d,3f1bf612,bf14c2a8,3ebf92f1,bec71222,1,19845467

8950,588,109,388,-1910,-16223,913,-2485,4439,30,3f1bd7cc,bf14dbc4,3ebf9f48,bec71a08,3f1bd7c9,bf14dbc5,3ebf9f46,bec71a0d,1,19853985

8951,593,275,449,-2031,-15882,1143,-2427,4469,41,3f1bbdc5,bf14fa5b,3ebf951f,bec719bb,3f1bbdc2,bf14fa5c,3ebf951d,bec719c0,1,19862504

8952,566,621,793,-2221,-15934,409,-2427,4469,41,3f1ba130,bf1531e0,3ebf48ec,bec7161e,3f1ba12d,bf1531e0,3ebf48e9,bec71622,1,19871022

8953,672,574,763,-897,-15761,-230,-2431,4445,86,3f1b77de,bf1573c3,3ebf0070,bec7172b,3f1b77dc,bf1573c3,3ebf006e,bec71730,1,19879541

8954,506,315,495,-1977,-17936,-8,-2419,4403,76,3f1b5ae6,bf159848,3ebee9a5,bec719c7,3f1b5ae4,bf159848,3ebee9a3,bec719cb,1,19888060

8955,-8,20,606,-1803,-16280,1254,-2419,4403,76,3f1b5131,bf15944f,3ebebfca,bec76c12,3f1b512e,bf15944f,3ebebfc7,bec76c15,1,19896578

8956,98,11,601,-615,-16949,12,-2427,4443,37,3f1b3824,bf15a0f4,3ebe9712,bec7baff,3f1b3822,bf15a0f5,3ebe970f,bec7bb03,1,19905097

8957,-158,-52,29,-1431,-16699,263,-2385,4433,108,3f1b3f2d,bf1588db,3ebea35c,bec7e194,3f1b3f2b,bf1588dc,3ebea359,bec7e198,1,19913616

8958,-477,-99,-184,-1366,-16532,340,-2435,4403,22,3f1b5ca4,bf1557c0,3ebeb418,bec808e1,3f1b5ca2,bf1557c1,3ebeb416,bec808e6,1,19922134

8959,-658,-263,1,-945,-16495,306,-2435,4403,22,3f1b7607,bf151f8a,3ebeb337,bec8627c,3f1b7605,bf151f8b,3ebeb335,bec86281,1,19930152

8960,-834,-471,11,-1430,-16383,779,-2439,4433,36,3f1b94ec,bf14d37d,3ebebe3a,bec8da1f,3f1b94e9,bf14d37c,3ebebe36,bec8da23,1,19938671

8961,-838,-580,75,-2283,-16041,920,-2393,4473,6,3f1bb19f,bf1481e1,3ebed693,bec95b7a,3f1bb19e,bf1481e2,3ebed692,bec95b80,1,19947189

8962,-661,-532,260,-2399,-16004,910,-2393,4473,6,3f1bc110,bf144088,3ebee504,bec9de7d,3f1bc10e,bf144088,3ebee502,bec9de81,1,19955708

8963,-419,-405,515,-1892,-15369,916,-2445,4455,-37,3f1bbfee,bf1418a1,3ebed99a,beca61c5,3f1bbfec,bf1418a1,3ebed998,beca61c9,1,19964226

8964,16,-378,878,-2004,-16183,1124,-2415,4489,-42,3f1b9ee3,bf141258,3ebec462,becaedaa,3f1b9ee1,bf141259,3ebec461,becaedaf,1,19972745

8965,412,-218,956,248,-15632,533,-2415,4489,-42,3f1b624b,bf143396,3ebe9b58,becb6cb7,3f1b6249,bf143397,3ebe9b57,becb6cbc,1,19981263

8966,987,38,614,1152,-16302,814,-2403,4485,-11,3f1b1b40,bf14718b,3ebe9498,becb9731,3f1b1b3d,bf14718b,3ebe9495,becb9734,1,19989782

8967,1231,102,445,-4050,-16500,2734,-2391,4455,61,3f1aed76,bf14986c,3ebed8a4,becb7172,3f1aed75,bf14986e,3ebed8a3,becb7178,1,19998301

8968,891,36,354,-3450,-17314,1121,-2391,4455,61,3f1ac3bd,bf14b7e2,3ebf13c6,becb5d04,3f1ac3ba,bf14b7e1,3ebf13c2,becb5d07,1,20006819

8969,247,-123,-52,-2860,-16676,782,-2437,4465,58,3f1abfe7,bf14a76f,3ebf5862,becb584d,3f1abfe5,bf14a76f,3ebf5860,becb5851,1,20015338

8970,116,144,-321,-2201,-16311,879,-2421,4439,16,3f1ad278,bf149206,3ebf8cc8,becb2d01,3f1ad276,bf149206,3ebf8cc6,becb2d05,1,20023857

8971,118,289,-239,-1362,-16389,809,-2399,4417,17,3f1ae2d4,bf1487dd,3ebfa121,becb059f,3f1ae2d2,bf1487de,3ebfa120,becb05a3,1,20032375

8972,105,201,-302,-1526,-16523,763,-2399,4417,17,3f1af34c,bf1477fc,3ebfc571,becadf84,3f1af34a,bf1477fd,3ebfc570,becadf88,1,20040393

8973,74,185,-418,-1325,-16357,833,-2409,4461,69,3f1b082e,bf146298,3ebff20b,becab418,3f1b082c,bf146299,3ebff20a,becab41c,1,20048912

8974,87,205,-592,-1678,-16258,798,-2415,4423,29,3f1b2413,bf1447ef,3ec0326e,beca6fba,3f1b2411,bf1447ef,3ec0326c,beca6fbd,1,20057431

8975,51,151,-650,-1441,-16455,458,-2415,4423,29,3f1b3f18,bf142ae5,3ec079d8,beca2e00,3f1b3f18,bf142ae6,3ec079d7,beca2e04,1,20065949

8976,-107,47,-610,-1280,-16376,808,-2417,4457,-34,3f1b5ea4,bf140228,3ec0b9c6,beca0780,3f1b5ea4,bf140229,3ec0b9c4,beca0783,1,20074468

8977,-170,-41,-739,-1326,-16432,802,-2415,4483,38,3f1b8221,bf13cf5c,3ec10b23,bec9e15c,3f1b8221,bf13cf5d,3ec10b21,bec9e15f,1,20082986

8978,-217,-137,-872,-1415,-16561,702,-2415,4483,38,3f1ba8ac,bf139347,3ec17108,bec9b8d0,3f1ba8ac,bf139348,3ec17105,bec9b8d3,1,20091505

8979,-259,-303,-795,-1391,-16091,915,-2385,4463,35,3f1bc9d4,bf1350e1,3ec1dbdd,bec9ae05,3f1bc9d3,bf1350e1,3ec1dbd9,bec9ae08,1,20100023

8980,-216,-461,-679,-1648,-16511,744,-2411,4441,-69,3f1be072,bf130f6c,3ec251b1,bec9b5cb,3f1be072,bf130f6c,3ec251ae,bec9b5cf,1,20108542

8981,-202,-566,-647,-1666,-16274,700,-2411,4441,-69,3f1bf1a1,bf12cc6b,3ec2d048,bec9c9c6,3f1bf1a1,bf12cc6b,3ec2d045,bec9c9ca,1,20117061

8982,-202,-616,-704,-2241,-16357,636,-2457,4455,17,3f1c0493,bf12843b,3ec35fc1,bec9d65f,3f1c0493,bf12843b,3ec35fbe,bec9d663,1,20125579

8983,-165,-579,-684,-2816,-15875,745,-2453,4485,-13,3f1c18ed,bf123cd8,3ec3f1a2,bec9d91a,3f1c18ec,bf123cd8,3ec3f19f,bec9d91e,1,20134098

8984,-35,-445,-437,-3063,-15593,1121,-2449,4481,-83,3f1c26ad,bf1204b3,3ec4682b,bec9ddf0,3f1c26ac,bf1204b3,3ec46828,bec9ddf4,1,20142116

8985,173,-138,-190,-2506,-16061,902,-2449,4481,-83,3f1c2831,bf11ed91,3ec4af0e,bec9d71f,3f1c2831,bf11ed92,3ec4af0c,bec9d724,1,20150634

8986,243,23,39,-2067,-15842,758,-2439,4491,-40,3f1c214c,bf11e953,3ec4cfda,bec9d8c6,3f1c214c,bf11e954,3ec4cfd8,bec9d8cb,1,20159153

8987,368,42,241,-2040,-16794,1022,-2417,4459,0,3f1c0e57,bf11f203,3ec4e0c8,bec9e9c3,3f1c0e56,bf11f203,3ec4e0c4,bec9e9c5,1,20167672

8988,270,29,368,-1947,-16255,627,-2417,4459,0,3f1bf996,bf11fb94,3ec4e1ba,beca0d51,3f1bf995,bf11fb94,3ec4e1b6,beca0d53,1,20176190

8989,226,3,419,-1332,-16089,271,-2451,4395,-12,3f1be174,bf120759,3ec4d95d,beca3de9,3f1be173,bf120759,3ec4d959,beca3deb,1,20184709

8990,406,26,510,474,-15127,284,-2419,4489,90,3f1bb84d,bf12261b,3ec4beb8,beca7dbc,3f1bb84d,bf12261c,3ec4beb6,beca7dc0,1,20193228

8991,697,-139,469,-994,-17259,341,-2419,4489,90,3f1b81b2,bf1247f0,3ec4dae0,becaa880,3f1b81b1,bf1247f0,3ec4dadd,becaa883,1,20201746

8992,621,-480,415,-1414,-16930,507,-2405,4429,13,3f1b47db,bf12564a,3ec51d75,becaefb3,3f1b47da,bf12564a,3ec51d72,becaefb6,1,20210265

8993,456,-610,549,-834,-16725,263,-2413,4427,-21,3f1b0afb,bf125f02,3ec550ed,becb5e91,3f1b0afb,bf125f03,3ec550ec,becb5e95,1,20218784

8994,401,-778,844,-1037,-16275,117,-2413,4427,-21,3f1ac1c8,bf12687d,3ec5788d,becbfb97,3f1ac1c7,bf12687e,3ec5788b,becbfb9a,1,20227302

8995,368,-1022,1281,-2345,-16217,362,-2441,4469,53,3f1a6931,bf12700d,3ec5994c,beccd249,3f1a692f,bf12700e,3ec5994a,beccd24b,1,20235821

8996,228,-1097,1865,-2452,-16149,719,-2379,4461,22,3f1a02e2,bf127e34,3ec57fa0,becdf5db,3f1a02e0,bf127e35,3ec57f9e,becdf5dd,1,20244339

8997,116,-1060,2162,-2539,-16550,1177,-2361,4465,86,3f199b3a,bf128e0f,3ec53cf4,becf3d40,3f199b39,bf128e11,3ec53cf3,becf3d43,1,20252357

8998,-61,-1017,1872,-2221,-16748,971,-2361,4465,86,3f19451a,bf128f18,3ec503a4,bed06f09,3f194518,bf128f1a,3ec503a2,bed06f0b,1,20260876

8999,-203,-938,1262,-2308,-16045,1381,-2339,4487,-41,3f19116e,bf127377,3ec4f3d7,bed162f8,3f19116b,bf127378,3ec4f3d4,bed162f8,1,20269394

9000,-137,-672,649,-2046,-16191,1139,-2353,4487,-35,3f18f5d6,bf125322,3ec5076c,bed1fb61,3f18f5d5,bf125325,3ec5076d,bed1fb65,1,20277913

9001,-67,-529,344,-1917,-15897,1234,-2353,4487,-35,3f18e670,bf1230cd,3ec52d71,bed2641f,3f18e66e,bf1230cf,3ec52d70,bed26421,1,20286432

9002,67,-453,283,-2100,-16247,1570,-2393,4549,21,3f18d842,bf1212a8,3ec55b82,bed2b5d9,3f18d83f,bf1212a9,3ec55b80,bed2b5da,1,20294950

9003,107,-378,235,-1379,-16157,1413,-2353,4517,22,3f18c798,bf11fbe1,3ec5815b,bed301cd,3f18c795,bf11fbe3,3ec58159,bed301cf,1,20303469

9004,176,-376,209,-1457,-16253,1183,-2353,4517,22,3f18b363,bf11e93a,3ec5b08e,bed343ac,3f18b360,bf11e93b,3ec5b08b,bed343ad,1,20311987

9005,226,-379,244,-1121,-16196,803,-2381,4545,7,3f1898c3,bf11dd9b,3ec5deb7,bed38578,3f1898c0,bf11dd9c,3ec5deb5,bed3857a,1,20320506

9006,309,-417,345,-1378,-16483,936,-2303,4529,-28,3f1875d9,bf11d6e7,3ec60df4,bed3d064,3f1875d6,bf11d6e8,3ec60df2,bed3d066,1,20329025

9007,218,-432,305,-1631,-16514,722,-2303,4529,-28,3f185814,bf11ca1b,3ec63ff0,bed41a80,3f185813,bf11ca1d,3ec63ff0,bed41a84,1,20337543

9008,112,-392,297,-1052,-16271,508,-2369,4515,10,3f183ee3,bf11bbdd,3ec6631c,bed46911,3f183ee1,bf11bbde,3ec6631b,bed46913,1,20346062

9009,70,-464,382,-1721,-16697,882,-2369,4515,14,3f18267b,bf11a74c,3ec6878f,bed4c54f,3f182678,bf11a74d,3ec6878e,bed4c550,1,20354080

9010,19,-482,409,-1309,-16542,638,-2323,4527,-96,3f180c41,bf119372,3ec6a435,bed52bce,3f180c3f,bf119374,3ec6a435,bed52bd0,1,20362598

9011,-36,-509,438,-1220,-16407,733,-2323,4527,-96,3f17f307,bf117c79,3ec6bbbe,bed59c6e,3f17f305,bf117c7b,3ec6bbbe,bed59c70,1,20371117

9012,-50,-521,424,-1496,-16313,715,-2323,4505,99,3f17da77,bf11630c,3ec6d7fd,bed60d24,3f17da75,bf11630e,3ec6d7fd,bed60d26,1,20379635

9013,-25,-472,444,-1437,-16339,932,-2359,4523,35,3f17c383,bf114bcd,3ec6ee13,bed678c8,3f17c381,bf114bcf,3ec6ee13,bed678ca,1,20388154

9014,-76,-409,306,-1702,-16126,1110,-2359,4523,35,3f17b81b,bf112d4e,3ec709db,bed6d1d3,3f17b819,bf112d4f,3ec709da,bed6d1d4,1,20396673

9015,-40,-284,193,-1744,-16242,1618,-2347,4555,56,3f17b613,bf110d93,3ec7242c,bed714db,3f17b611,bf110d94,3ec7242c,bed714dd,1,20405191

9016,33,-176,61,-1796,-16089,1418,-2317,4553,34,3f17b73f,bf10f273,3ec74706,bed73a68,3f17b73d,bf10f274,3ec74706,bed73a6a,1,20413710

9017,101,-11,-153,-890,-15816,1674,-2317,4553,34,3f17c052,bf10db15,3ec765c1,bed74346,3f17c050,bf10db16,3ec765c1,bed74348,1,20422228

9018,423,-68,-175,-741,-16561,505,-2297,4503,50,3f17b132,bf10d9bf,3ec7a87a,bed733a7,3f17b130,bf10d9c0,3ec7a87a,bed733a9,1,20430747

9019,498,-243,-276,-1720,-16520,785,-2295,4517,-7,3f17a14b,bf10cd8d,3ec81416,bed71d62,3f17a149,bf10cd8e,3ec81416,bed71d64,1,20439266

9020,403,-180,-292,-1045,-16297,852,-2295,4517,-7,3f179691,bf10c03d,3ec86c90,bed70d1b,3f17968f,bf10c03e,3ec86c90,bed70d1d,1,20447283

9021,381,-286,-239,-803,-16243,964,-2261,4553,-7,3f1786b2,bf10b045,3ec8c4f5,bed71260,3f1786b0,bf10b046,3ec8c4f5,bed71262,1,20455802

9022,455,-448,-174,-629,-16395,897,-2297,4529,9,3f176b13,bf10a14b,3ec92b29,bed728fa,3f176b11,bf10a14c,3ec92b29,bed728fc,1,20464321

9023,486,-667,-133,-1047,-16710,564,-2335,4539,69,3f174575,bf108d9d,3ec9abd3,bed74f39,3f174574,bf108d9f,3ec9abd4,bed74f3c,1,20472839

9024,387,-804,-26,-1756,-16664,614,-2335,4539,69,3f171ef3,bf1070c9,3eca2fa4,bed78d25,3f171ef1,bf1070cb,3eca2fa4,bed78d27,1,20481358

9025,275,-831,96,-1894,-16451,539,-2301,4501,85,3f16f81b,bf105165,3ecaa3ea,bed7e0dd,3f16f81a,bf105167,3ecaa3ea,bed7e0df,1,20489876

9026,121,-805,201,-1492,-16414,504,-2297,4523,-43,3f16d4c4,bf103041,3ecafccb,bed848a7,3f16d4c2,bf103042,3ecafccb,bed848a8,1,20498395

9027,-7,-855,339,-1207,-16471,507,-2297,4523,-43,3f16afe9,bf100c8c,3ecb4177,bed8cdee,3f16afe8,bf100c8e,3ecb4178,bed8cdf0,1,20506914

9028,-93,-865,312,-859,-16300,553,-2275,4481,24,3f168e1a,bf0fe450,3ecb7fa7,bed95c3f,3f168e19,bf0fe452,3ecb7fa7,bed95c40,1,20515432

9029,-102,-837,105,-1198,-16413,558,-2287,4561,38,3f167671,bf0fb45f,3ecbd18a,bed9cfc9,3f167670,bf0fb461,3ecbd18a,bed9cfca,1,20523951

9030,-64,-726,-77,-853,-16142,760,-2287,4561,38,3f1666f7,bf0f8436,3ecc27b4,beda28d3,3f1666f4,bf0f8436,3ecc27b2,beda28d1,1,20532470

9031,57,-776,138,-2752,-16377,1330,-2271,4529,51,3f1651ec,bf0f54d6,3ecc8822,beda8503,3f1651ea,bf0f54d7,3ecc8822,beda8502,1,20540988

9032,135,-636,204,-2426,-16298,1067,-2285,4563,-17,3f16397c,bf0f334e,3eccd81d,bedad531,3f16397a,bf0f334f,3eccd81e,bedad531,1,20549507

9033,170,-374,277,-2557,-16132,1030,-2285,4563,-17,3f1625f8,bf0f1ef7,3ecd0b85,bedb0fd1,3f1625f6,bf0f1ef8,3ecd0b86,bedb0fd1,1,20557524

9034,272,-130,544,-1850,-16196,881,-2303,4551,105,3f16087d,bf0f2506,3ecd0e90,bedb4de8,3f16087a,bf0f2506,3ecd0e90,bedb4de7,1,20566043

9035,315,-30,838,-1535,-16396,780,-2263,4537,-13,3f15dff7,bf0f3caf,3eccebfc,bedb9f31,3f15dff4,bf0f3cb0,3eccebfd,bedb9f31,1,20574562

9036,299,-4,974,-1061,-16405,891,-2263,4537,-13,3f15b329,bf0f5a01,3eccb38b,bedc0176,3f15b326,bf0f5a02,3eccb38d,bedc0177,1,20583080

9037,298,-15,991,-966,-16343,866,-2281,4537,67,3f158519,bf0f7799,3ecc7a36,bedc66ce,3f158516,bf0f779a,3ecc7a38,bedc66cf,1,20591599

9038,313,-36,871,-1166,-16443,698,-2277,4509,31,3f155a1f,bf0f9129,3ecc52a8,bedcbd62,3f155a1c,bf0f912a,3ecc52ab,bedcbd64,1,20600117

9039,276,-37,755,-1072,-16598,449,-2265,4565,25,3f1533a3,bf0fa69f,3ecc33c3,bedd0a31,3f1533a0,bf0fa6a0,3ecc33c6,bedd0a33,1,20608636

9040,120,-73,809,-1540,-16475,542,-2265,4565,25,3f1513a6,bf0fb285,3ecc0c8a,bedd65bd,3f1513a2,bf0fb286,3ecc0c8c,bedd65be,1,20617154

9041,24,-56,925,-1640,-16712,456,-2249,4529,-14,3f14f45f,bf0fbe63,3ecbd2f8,beddd00c,3f14f45b,bf0fbe65,3ecbd2fb,beddd00e,1,20625673

9042,-129,-2,1126,-1441,-16579,461,-2197,4519,-36,3f14d597,bf0fcc2f,3ecb73e4,bede560a,3f14d594,bf0fcc32,3ecb73e8,bede560d,1,20634192

9043,-187,95,1166,-436,-16360,806,-2197,4519,-36,3f14b978,bf0fdd88,3ecaf7c0,bedee5b5,3f14b975,bf0fdd8b,3ecaf7c3,bedee5b8,1,20642710

9044,-86,110,781,-638,-16331,833,-2213,4565,14,3f14a853,bf0fe655,3ecaa8af,bedf449e,3f14a84f,bf0fe657,3ecaa8b1,bedf449f,1,20651229

9045,-134,131,438,-1209,-16485,660,-2229,4569,-4,3f14a85e,bf0fe0e4,3eca7bda,bedf7b2a,3f14a85a,bf0fe0e5,3eca7bdb,bedf7b2a,1,20659747

9046,-235,102,551,-394,-16173,1017,-2229,4569,-4,3f14a6e5,bf0fda0c,3eca354e,bedfd088,3f14a6e2,bf0fda0e,3eca3550,bedfd08a,1,20667765

9047,-146,36,455,155,-16248,1134,-2205,4549,-21,3f14a094,bf0fd39a,3ec9fdd6,bee023e7,3f14a091,bf0fd39b,3ec9fdd7,bee023e9,1,20676284

9048,-19,-36,191,-925,-16043,1114,-2223,4547,18,3f14a00b,bf0fc37b,3ec9fcb4,bee04faf,3f14a008,bf0fc37c,3ec9fcb4,bee04fb0,1,20684802

9049,79,-74,123,-900,-16071,1052,-2223,4547,18,3f149ba4,bf0fb50d,3eca0d12,bee07198,3f149ba1,bf0fb50e,3eca0d12,bee07199,1,20693321

9050,180,-71,112,-1354,-16504,776,-2239,4527,13,3f14933f,bf0fab79,3eca2bcd,bee084ac,3f14933d,bf0fab7b,3eca2bce,bee084af,1,20701840

9051,177,-87,281,-1495,-16486,856,-2229,4527,37,3f1484e2,bf0fa5d5,3eca3cdf,bee0a9ba,3f1484e0,bf0fa5d7,3eca3ce0,bee0a9bd,1,20710358

9052,103,-11,524,-612,-16413,863,-2229,4523,39,3f147069,bf0faa9c,3eca2103,bee0ecb4,3f147065,bf0faa9c,3eca2102,bee0ecb5,1,20718877

9053,106,-34,572,-683,-16164,952,-2229,4523,39,3f145a29,bf0faf42,3eca0398,bee135e4,3f145a26,bf0faf43,3eca0399,bee135e7,1,20727395

9054,151,-86,517,-1268,-16255,919,-2193,4559,-10,3f1443eb,bf0fb07c,3ec9fa0b,bee175e1,3f1443e8,bf0fb07d,3ec9fa0c,bee175e4,1,20735914

9055,134,4,542,-792,-16385,891,-2231,4531,-3,3f142f2d,bf0fb6c5,3ec9dfc2,bee1b3ea,3f142f2a,bf0fb6c6,3ec9dfc3,bee1b3ed,1,20744433

9056,165,44,493,-682,-16351,920,-2231,4531,-3,3f141bf5,bf0fbe8f,3ec9c763,bee1e84e,3f141bf2,bf0fbe90,3ec9c765,bee1e852,1,20752951

9057,174,63,406,-705,-16344,921,-2187,4551,41,3f140b76,bf0fc4b6,3ec9b5fe,bee21369,3f140b73,bf0fc4b7,3ec9b600,bee2136d,1,20761470

9058,202,89,335,-910,-16064,935,-2207,4539,32,3f13fe90,bf0fc9a2,3ec9ad6f,bee2304c,3f13fe8c,bf0fc9a2,3ec9ad70,bee2304f,1,20769488

9059,221,139,427,-1007,-16131,909,-2207,4539,32,3f13ef45,bf0fd428,3ec999fd,bee24edd,3f13ef42,bf0fd429,3ec99a00,bee24ee2,1,20778006

9060,267,148,671,-900,-16619,803,-2171,4579,74,3f13d347,bf0feabf,3ec970f7,bee28317,3f13d344,bf0feac0,3ec970fa,bee2831c,1,20786525

9061,249,131,815,-627,-16555,765,-2173,4513,-8,3f13b179,bf100595,3ec9384f,bee2c964,3f13b176,bf100596,3ec93852,bee2c969,1,20795043

9062,190,130,744,-722,-16406,892,-2173,4513,-8,3f139643,bf1019d9,3ec902c0,bee30c38,3f139640,bf1019d9,3ec902c2,bee30c3c,1,20803562

9063,174,138,757,-559,-16139,909,-2167,4561,-14,3f137b58,bf102e53,3ec8c864,bee351c7,3f137b55,bf102e53,3ec8c866,bee351cb,1,20812081

9064,190,115,791,0,-16327,823,-2167,4579,-50,3f135b5d,bf104660,3ec888f6,bee39fa6,3f135b5a,bf104660,3ec888f8,bee39faa,1,20820599

9065,203,83,551,5,-16500,901,-2167,4555,14,3f1342d3,bf105570,3ec8643a,bee3d94d,3f1342d0,bf105570,3ec8643c,bee3d951,1,20829118

9066,213,10,298,127,-16465,710,-2167,4555,14,3f132fba,bf105b49,3ec85f5d,bee4001d,3f132fb7,bf105b49,3ec85f5f,bee40021,1,20837636

9067,207,-130,126,-459,-16607,630,-2173,4507,-34,3f1320cd,bf10542b,3ec87e95,bee41d33,3f1320cb,bf10542c,3ec87e98,bee41d38,1,20846155

9068,92,-87,49,-540,-16414,848,-2153,4581,84,3f131c57,bf10451c,3ec897dd,bee43899,3f131c54,bf10451c,3ec897df,bee4389d,1,20854673

9069,86,-74,-64,-803,-16496,816,-2153,4581,84,3f131d98,bf1031cd,3ec8bcfe,bee44581,3f131d95,bf1031cd,3ec8bd00,bee44585,1,20862691

9070,107,-99,-75,-752,-16351,950,-2161,4575,-76,3f131ece,bf101d6b,3ec8e61e,bee451b2,3f131ecc,bf101d6c,3ec8e621,bee451b7,1,20871210

9071,76,-78,10,-381,-16173,1039,-2179,4585,-65,3f131e4a,bf100bd9,3ec8fe5f,bee46a06,3f131e47,bf100bd9,3ec8fe61,bee46a0a,1,20879728

9072,172,-123,21,-448,-16096,1040,-2179,4585,-65,3f13179b,bf0ffd50,3ec921db,bee480a9,3f131799,bf0ffd51,3ec921de,bee480af,1,20888247

9073,279,-178,-20,-339,-16239,954,-2153,4597,-39,3f130a14,bf0ff1c2,3ec9557e,bee49322,3f130a12,bf0ff1c2,3ec95580,bee49327,1,20896766

9074,288,-208,-47,-385,-16330,959,-2223,4591,-23,3f12fd70,bf0fe3fd,3ec9906b,bee4a263,3f12fd6e,bf0fe3fd,3ec9906e,bee4a269,1,20905284

9075,317,-300,-97,-789,-16516,677,-2223,4591,-23,3f12ee4c,bf0fd2bc,3ec9e0b6,bee4ade8,3f12ee49,bf0fd2bc,3ec9e0b9,bee4aded,1,20913803

9076,300,-339,-81,-691,-16474,743,-2137,4549,-27,3f12dc8b,bf0fc02f,3eca2f82,bee4c48d,3f12dc88,bf0fc02f,3eca2f85,bee4c491,1,20922322

9077,188,-329,21,-742,-16360,878,-2229,4543,-45,3f12cf20,bf0faa57,3eca6c23,bee4e845,3f12cf1d,bf0faa57,3eca6c26,bee4e849,1,20930840

9078,206,-332,49,-628,-16288,823,-2177,4601,-119,3f12be8f,bf0f972d,3ecaa646,bee50f65,3f12be8c,bf0f972c,3ecaa649,bee50f68,1,20939359

9079,220,-337,51,-843,-16459,759,-2177,4601,-119,3f12ad86,bf0f8432,3ecae443,bee533c2,3f12ad83,bf0f8432,3ecae447,bee533c5,1,20947877

9080,141,-270,114,-465,-16415,791,-2145,4559,8,3f129d9d,bf0f7382,3ecb0b38,bee563c2,3f129d99,bf0f7381,3ecb0b3b,bee563c4,1,20956396

9081,136,-222,123,-831,-16392,823,-2171,4555,-101,3f1291b2,bf0f62df,3ecb3069,bee58ade,3f1291af,bf0f62df,3ecb306e,bee58ae2,1,20964915

9082,119,-133,109,-775,-16339,891,-2171,4555,-101,3f128a3c,bf0f5412,3ecb4c27,bee5aa50,3f128a38,bf0f5411,3ecb4c2a,bee5aa53,1,20972933

9083,137,-39,96,-614,-16389,883,-2129,4557,10,3f1283a4,bf0f4a45,3ecb5f2c,bee5c2c1,3f1283a1,bf0f4a45,3ecb5f31,bee5c2c6,1,20981451

9084,158,3,82,-687,-16377,855,-2103,4527,-25,3f127dcd,bf0f429f,3ecb71ab,bee5d45b,3f127dca,bf0f429f,3ecb71b0,bee5d460,1,20989970

9085,153,24,86,-574,-16376,826,-2103,4527,-25,3f127830,bf0f3c3e,3ecb805b,bee5e58e,3f12782c,bf0f3c3e,3ecb8060,bee5e593,1,20998488

9086,146,34,110,-459,-16404,804,-2163,4537,-13,3f1272bd,bf0f36f1,3ecb8aea,bee5f750,3f1272b8,bf0f36f1,3ecb8aee,bee5f754,1,21007007

9087,136,22,88,-376,-16388,840,-2109,4563,-102,3f126d9c,bf0f305c,3ecb9640,bee60ac2,3f126d97,bf0f305c,3ecb9644,bee60ac6,1,21015532

9088,123,2,21,-368,-16380,804,-2109,4563,-102,3f126ac2,bf0f2662,3ecba8f6,bee61a48,3f126abd,bf0f2662,3ecba8fa,bee61a4c,1,21024051

9089,122,-37,-47,-537,-16369,816,-2149,4515,43,3f1269d8,bf0f17b8,3ecbc7e8,bee625ad,3f1269d5,bf0f17ba,3ecbc7ef,bee625b4,1,21032569

9090,104,-37,-53,-672,-16390,827,-2149,4489,-75,3f126afc,bf0f076c,3ecbe761,bee62f6f,3f126af6,bf0f076c,3ecbe765,bee62f72,1,21041088

9091,89,-3,15,-620,-16391,847,-2071,4545,-84,3f126a1e,bf0efa87,3ecbfa5a,bee640dc,3f126a19,bf0efa87,3ecbfa5f,bee640e0,1,21049607

9092,94,20,64,-536,-16304,896,-2071,4545,-84,3f1267d9,bf0ef069,3ecc05b9,bee655b0,3f1267d4,bf0ef069,3ecc05be,bee655b4,1,21058125

9093,95,35,73,-566,-16357,928,-2125,4557,3,3f126677,bf0ee6a7,3ecc0fb7,bee6688c,3f126673,bf0ee6a8,3ecc0fbd,bee66891,1,21066644

9094,120,45,76,-632,-16288,934,-2137,4509,-31,3f1264ac,bf0ede32,3ecc1b33,bee677e7,3f1264a9,bf0ede34,3ecc1b3a,bee677ed,1,21074662

9095,141,78,72,-456,-16222,993,-2137,4509,-31,3f1262c6,bf0ed82d,3ecc233f,bee6848c,3f1262c2,bf0ed82e,3ecc2344,bee68490,1,21083181

9096,195,99,-2,-461,-16361,972,-2137,4507,45,3f12615f,bf0ed343,3ecc3485,bee68501,3f12615b,bf0ed343,3ecc348a,bee68504,1,21091699

9097,245,77,-65,-615,-16385,906,-2125,4455,28,3f125f47,bf0ecdac,3ecc536d,bee67cbf,3f125f44,bf0ecdae,3ecc5374,bee67cc3,1,21100218

9098,263,70,-40,-476,-16326,898,-2125,4455,28,3f125a9c,bf0eca15,3ecc7087,bee677b9,3f125a98,bf0eca16,3ecc708d,bee677bb,1,21108737

9099,256,77,-49,-559,-16485,780,-2137,4497,-83,3f12574e,bf0ec672,3ecc8ecc,bee66e41,3f12574a,bf0ec673,3ecc8ed2,bee66e43,1,21117255

9100,235,90,-90,-666,-16476,765,-2091,4505,-27,3f125658,bf0ec0db,3eccae99,bee66252,3f125654,bf0ec0dc,3eccae9f,bee66254,1,21125774

9101,189,87,-43,-672,-16381,821,-2091,4505,-27,3f1255f2,bf0eba27,3eccc67a,bee65eb6,3f1255ee,bf0eba28,3eccc681,bee65eb9,1,21134293

9102,160,81,53,-704,-16380,850,-2145,4497,-40,3f12543d,bf0eb47b,3eccd484,bee664a1,3f125439,bf0eb47c,3eccd48a,bee664a4,1,21142811

9103,151,81,143,-678,-16413,816,-2075,4541,24,3f124dfb,bf0eb217,3eccd87e,bee676e4,3f124df8,bf0eb219,3eccd885,bee676e8,1,21151330

9104,144,69,212,-543,-16344,847,-2099,4545,-5,3f124538,bf0eb169,3eccd560,bee691a0,3f124533,bf0eb16a,3eccd565,bee691a2,1,21159848

9105,144,64,224,-503,-16342,848,-2099,4545,-5,3f123bb6,bf0eb10f,3eccd142,bee6ae3f,3f123bb1,bf0eb110,3eccd147,bee6ae41,1,21167866

9106,154,74,186,-441,-16321,860,-2109,4549,92,3f12332f,bf0eb05c,3eccd00d,bee6c6af,3f12332a,bf0eb05d,3eccd013,bee6c6b2,1,21176885

9107,156,69,121,-395,-16331,892,-2051,4541,-39,3f122c6c,bf0eadab,3eccd428,bee6dacf,3f122c67,bf0eadac,3eccd42e,bee6dad2,1,21184903

9108,172,66,41,-460,-16394,874,-2051,4541,-39,3f122803,bf0ea8cf,3ecce218,bee6e5a0,3f1227fd,bf0ea8d0,3ecce21d,bee6e5a2,1,21193422

9109,174,47,3,-469,-16372,847,-2137,4553,72,3f12252f,bf0ea1b5,3eccf6de,bee6ebe5,3f122529,bf0ea1b6,3eccf6e4,bee6ebe8,1,21201941

9110,160,26,2,-412,-16420,790,-2067,4513,-49,3f122120,bf0e9a06,3ecd0b85,bee6f6d3,3f12211b,bf0e9a07,3ecd0b8c,bee6f6d5,1,21210459

9111,150,12,-13,-421,-16391,813,-2067,4513,-49,3f121dc4,bf0e90a8,3ecd2219,bee70265,3f121dbf,bf0e90a9,3ecd2220,bee70267,1,21218978

9112,143,-22,24,-644,-16408,846,-2085,4521,-54,3f12197c,bf0e85ce,3ecd3a45,bee71286,3f121978,bf0e85d0,3ecd3a4d,bee71289,1,21227496

9113,130,-29,81,-719,-16407,836,-2125,4545,-59,3f12145f,bf0e7b8b,3ecd4e1b,bee72726,3f12145a,bf0e7b8c,3ecd4e21,bee72727,1,21236015

9114,118,-1,130,-637,-16357,883,-2125,4545,-59,3f120ed5,bf0e7371,3ecd58a7,bee73fc1,3f120ed1,bf0e7373,3ecd58ae,bee73fc4,1,21244534

9115,119,14,174,-496,-16339,867,-2105,4591,-45,3f12072f,bf0e6e2f,3ecd5c1a,bee75cf9,3f12072b,bf0e6e31,3ecd5c20,bee75cfc,1,21253052

9116,128,38,133,-510,-16352,904,-2145,4549,-79,3f120272,bf0e685d,3ecd6243,bee771c7,3f12026e,bf0e685f,3ecd6249,bee771ca,1,21261571

9117,129,72,77,-518,-16283,967,-2133,4541,-10,3f1200cb,bf0e61a9,3ecd6a12,bee77f83,3f1200c7,bf0e61ab,3ecd6a18,bee77f85,1,21270089

9118,142,92,34,-490,-16382,858,-2133,4541,-10,3f12002a,bf0e5bb0,3ecd7550,bee785d1,3f120026,bf0e5bb3,3ecd7555,bee785d4,1,21278107

9119,145,88,7,-554,-16384,872,-2105,4527,43,3f11ffe5,bf0e54a2,3ecd83f8,bee78ad8,3f11ffe0,bf0e54a5,3ecd83fd,bee78ada,1,21286626

9120,155,104,19,-466,-16356,857,-2097,4559,-74,3f11ff3a,bf0e4f8a,3ecd8fb9,bee78e9f,3f11ff35,bf0e4f8d,3ecd8fbe,bee78ea1,1,21295144

9121,156,111,23,-550,-16341,892,-2097,4559,-74,3f11ff14,bf0e4a5f,3ecd9b2b,bee79188,3f11ff10,bf0e4a62,3ecd9b31,bee7918a,1,21303663

9122,163,109,47,-501,-16383,877,-2103,4545,8,3f11fd15,bf0e468e,3ecda4be,bee7977a,3f11fd0f,bf0e468f,3ecda4c1,bee79779,1,21312182

9123,171,95,57,-569,-16397,898,-2101,4555,-32,3f11fa59,bf0e428e,3ecdafdd,bee79e48,3f11fa54,bf0e4291,3ecdafe2,bee79e49,1,21320700

9124,182,101,60,-569,-16388,890,-2101,4555,-32,3f11f729,bf0e3f76,3ecdbb02,bee7a406,3f11f724,bf0e3f79,3ecdbb07,bee7a407,1,21329219

9125,192,101,70,-499,-16366,870,-2117,4489,-26,3f11f2df,bf0e3d78,3ecdc58e,bee7aa61,3f11f2d9,bf0e3d7a,3ecdc592,bee7aa60,1,21337737

9126,199,92,70,-461,-16391,853,-2117,4543,-103,3f11ee27,bf0e3bb3,3ecdd12d,bee7b049,3f11ee22,bf0e3bb5,3ecdd132,bee7b049,1,21346256

9127,199,88,59,-571,-16433,865,-2117,4543,-103,3f11ea33,bf0e38eb,3ecddf4b,bee7b488,3f11ea2e,bf0e38ed,3ecddf50,bee7b488,1,21354774

9128,179,97,61,-565,-16477,771,-2129,4533,30,3f11e694,bf0e361c,3ecdeb64,bee7b9ca,3f11e68f,bf0e361e,3ecdeb6a,bee7b9cb,1,21363293

9129,150,95,75,-394,-16366,839,-2101,4545,40,3f11e2f6,bf0e32ac,3ecdf1b6,bee7c5ba,3f11e2f0,bf0e32ae,3ecdf1bb,bee7c5bb,1,21371812

9130,133,79,57,-394,-16354,843,-2089,4539,-9,3f11e04a,bf0e2d3e,3ecdf9c4,bee7d29e,3f11e044,bf0e2d40,3ecdf9c9,bee7d29f,1,21380331

9131,129,70,14,-461,-16309,846,-2089,4539,-9,3f11df6a,bf0e258a,3ece0716,bee7dbde,3f11df65,bf0e258d,3ece071c,bee7dbe1,1,21388348

9132,140,80,-3,-423,-16361,859,-2103,4537,-65,3f11df55,bf0e1e34,3ece1588,bee7e13b,3f11df50,bf0e1e36,3ece158d,bee7e13d,1,21396867

9133,149,88,-55,-512,-16388,902,-2063,4569,-38,3f11e0ea,bf0e1580,3ece28ea,bee7e15c,3f11e0e5,bf0e1582,3ece28ee,bee7e15d,1,21405385

9134,156,85,-64,-565,-16392,902,-2063,4569,-38,3f11e295,bf0e0c89,3ece3e74,bee7dffb,3f11e291,bf0e0c8b,3ece3e79,bee7dffd,1,21413904

9135,155,79,-28,-565,-16371,879,-2097,4573,-83,3f11e353,bf0e0478,3ece51a0,bee7e0d3,3f11e34f,bf0e047a,3ece51a5,bee7e0d5,1,21422423

9136,164,78,-3,-579,-16358,894,-2101,4587,-7,3f11e28e,bf0dfd80,3ece634f,bee7e413,3f11e28a,bf0dfd82,3ece6354,bee7e415,1,21430941

9137,171,78,39,-571,-16382,903,-2101,4587,-7,3f11dfd9,bf0df84c,3ece7171,bee7eb0f,3f11dfd6,bf0df84e,3ece7177,bee7eb11,1,21439460

9138,180,81,76,-519,-16372,918,-2111,4573,-71,3f11dbad,bf0df4f0,3ece7bfb,bee7f465,3f11dba9,bf0df4f2,3ece7c01,bee7f466,1,21447978

9139,186,103,83,-528,-16367,909,-2147,4543,39,3f11d7ca,bf0df2c6,3ece84ca,bee7fb9e,3f11d7c6,bf0df2c8,3ece84d0,bee7fb9f,1,21456497

9140,194,112,80,-459,-16358,921,-2147,4543,39,3f11d3c1,bf0df16c,3ece8cd4,bee801eb,3f11d3bd,bf0df16e,3ece8cda,bee801ec,1,21465016

9141,229,124,66,-478,-16464,851,-2145,4549,62,3f11cea3,bf0df21a,3ece9847,bee802ee,3f11cea0,bf0df21c,3ece984d,bee802ef,1,21473534

9142,217,121,49,-606,-16430,836,-2069,4573,0,3f11ca28,bf0df178,3ecea52d,bee8043f,3f11ca25,bf0df17a,3ecea533,bee80440,1,21482053

9143,193,128,82,-495,-16355,862,-2145,4565,53,3f11c67f,bf0df0ec,3eceac13,bee808a6,3f11c67c,bf0df0ee,3eceac19,bee808a7,1,21490071

9144,180,129,115,-494,-16369,825,-2145,4565,53,3f11c20c,bf0df11e,3eceaf01,bee810bc,3f11c209,bf0df120,3eceaf07,bee810bd,1,21498590

9145,172,140,115,-410,-16340,905,-2173,4525,14,3f11bef8,bf0df108,3eceaf3e,bee81877,3f11bef4,bf0df109,3eceaf43,bee81876,1,21507108

9146,188,150,63,-324,-16408,857,-2147,4533,-104,3f11bcf5,bf0df111,3eceb3ba,bee81971,3f11bcf1,bf0df112,3eceb3bf,bee81970,1,21515627

9147,187,134,-23,-463,-16388,845,-2147,4533,-104,3f11be3a,bf0ded0a,3ecec33a,bee8124f,3f11be36,bf0ded0c,3ecec340,bee8124f,1,21524145

9148,178,138,-59,-556,-16385,865,-2119,4551,-108,3f11c170,bf0de737,3eced579,bee8083c,3f11c16c,bf0de739,3eced57f,bee8083c,1,21532664

9149,177,141,-22,-574,-16389,853,-2149,4505,24,3f11c33a,bf0de299,3ecee46b,bee801af,3f11c337,bf0de29b,3ecee472,bee801b0,1,21541183

9150,179,136,29,-532,-16362,895,-2149,4505,24,3f11c2d7,bf0ddf8b,3eceee84,bee8011e,3f11c2d4,bf0ddf8d,3eceee8b,bee8011f,1,21549701

9151,179,132,54,-453,-16389,860,-2153,4569,-31,3f11c14b,bf0dddad,3ecef60c,bee802df,3f11c147,bf0dddae,3ecef613,bee802df,1,21558220

9152,182,127,33,-399,-16368,850,-2131,4603,-27,3f11bfad,bf0ddb6e,3eceff74,bee8040c,3f11bfa8,bf0ddb6e,3eceff7a,bee8040b,1,21566738

9153,179,117,3,-449,-16426,805,-2131,4603,-27,3f11bef6,bf0dd7b9,3ecf0d28,bee802af,3f11bef1,bf0dd7b9,3ecf0d2e,bee802ae,1,21575257

9154,150,119,-32,-489,-16398,827,-2093,4589,-18,3f11c096,bf0dd16f,3ecf1b85,bee80124,3f11c092,bf0dd170,3ecf1b8c,bee80123,1,21583775

9155,124,127,-31,-438,-16313,880,-2131,4561,-59,3f11c46e,bf0dc9ea,3ecf269b,bee7fffd,3f11c46a,bf0dc9eb,3ecf26a2,bee7fffc,1,21591793

9156,130,130,-43,-509,-16390,853,-2117,4545,-55,3f11c85a,bf0dc267,3ecf33ae,bee7fccb,3f11c857,bf0dc269,3ecf33b6,bee7fccb,1,21600312

9157,142,123,-31,-592,-16393,852,-2117,4545,-55,3f11cb4e,bf0dbb53,3ecf420f,bee7f9d7,3f11cb4a,bf0dbb54,3ecf4216,bee7f9d6,1,21608831

9158,148,123,20,-464,-16318,926,-2123,4527,-13,3f11cbc7,bf0db64e,3ecf4a63,bee7fd78,3f11cbc3,bf0db64f,3ecf4a6a,bee7fd77,1,21617349

9159,169,129,11,-518,-16319,901,-2121,4585,25,3f11cbd8,bf0db22c,3ecf5543,bee7fdb3,3f11cbd4,bf0db22d,3ecf554a,bee7fdb2,1,21625868

9160,197,139,-22,-431,-16361,858,-2121,4585,25,3f11cba4,bf0daf3e,3ecf63b0,bee7f877,3f11cba0,bf0daf3f,3ecf63b7,bee7f876,1,21634386

9161,196,134,-58,-428,-16393,848,-2099,4561,89,3f11cbfe,bf0dab06,3ecf75ad,bee7f1cd,3f11cbfa,bf0dab07,3ecf75b4,bee7f1cc,1,21642905

9162,187,132,-85,-508,-16380,867,-2111,4571,-11,3f11ceaa,bf0da4ee,3ecf8a64,bee7e76e,3f11cea6,bf0da4ef,3ecf8a6b,bee7e76d,1,21651424

9163,183,125,-84,-564,-16388,846,-2111,4571,-11,3f11d154,bf0d9e58,3ecfa002,bee7dd7b,3f11d150,bf0d9e59,3ecfa009,bee7dd7a,1,21659942

9164,188,127,-47,-620,-16383,794,-2147,4581,61,3f11d2ae,bf0d993d,3ecfb393,bee7d500,3f11d2ab,bf0d993f,3ecfb39c,bee7d501,1,21668461

9165,175,119,-5,-520,-16412,816,-2103,4581,-19,3f11d20f,bf0d9528,3ecfc145,bee7d444,3f11d20b,bf0d9529,3ecfc14c,bee7d443,1,21676979

9166,182,120,4,-512,-16390,849,-2103,4581,-19,3f11d0ec,bf0d919a,3ecfce42,bee7d430,3f11d0e8,bf0d919b,3ecfce49,bee7d42f,1,21684997

9167,172,103,24,-530,-16380,867,-2113,4615,15,3f11cf27,bf0d8d61,3ecfda6b,bee7d80b,3f11cf23,bf0d8d62,3ecfda72,bee7d80a,1,21694017

9168,177,101,17,-448,-16301,896,-2143,4551,36,3f11cd78,bf0d890c,3ecfe71a,bee7db7c,3f11cd74,bf0d890d,3ecfe721,bee7db7b,1,21702034

9169,192,98,-20,-513,-16389,873,-2187,4553,53,3f11cd29,bf0d83be,3ecff9ea,bee7d857,3f11cd26,bf0d83bf,3ecff9f2,bee7d857,1,21710553

9170,213,95,-37,-491,-16380,856,-2187,4553,53,3f11cc3e,bf0d7ef0,3ed01002,bee7d290,3f11cc3a,bf0d7ef0,3ed01009,bee7d28f,1,21719072

9171,210,104,-50,-525,-16463,808,-2109,4533,-4,3f11cb0b,bf0d7a78,3ed025ee,bee7cccc,3f11cb08,bf0d7a7a,3ed025f7,bee7cccd,1,21727590

9172,183,99,-55,-516,-16390,815,-2073,4563,26,3f11ca88,bf0d747e,3ed03a25,bee7ca89,3f11ca84,bf0d747e,3ed03a2c,bee7ca88,1,21736109

9173,159,95,-42,-505,-16388,821,-2073,4563,26,3f11ca78,bf0d6dad,3ed04b7f,bee7cbbc,3f11ca74,bf0d6dad,3ed04b86,bee7cbbb,1,21744627

9174,147,99,-50,-501,-16393,821,-2095,4563,56,3f11cb9a,bf0d6615,3ed05c7e,bee7cc22,3f11cb96,bf0d6615,3ed05c85,bee7cc21,1,21753146

9175,133,97,-54,-591,-16400,846,-2077,4579,46,3f11cdb0,bf0d5d3d,3ed06d80,bee7cd2f,3f11cdac,bf0d5d3d,3ed06d87,bee7cd2e,1,21761665

9176,121,89,-10,-487,-16397,845,-2077,4579,46,3f11cdf4,bf0d5572,3ed07929,bee7d508,3f11cdf1,bf0d5572,3ed07931,bee7d508,1,21770184

9177,126,91,-5,-588,-16388,864,-2139,4531,22,3f11cf47,bf0d4d5b,3ed08628,bee7d9ba,3f11cf45,bf0d4d5a,3ed08631,bee7d9bb,1,21778702

9178,149,116,-31,-583,-16343,894,-2121,4559,66,3f11d119,bf0d465f,3ed0947e,bee7d94a,3f11d117,bf0d465d,3ed09486,bee7d94a,1,21787221

9179,159,121,-18,-546,-16326,893,-2121,4559,66,3f11d1f7,bf0d40a9,3ed0a17c,bee7d956,3f11d1f5,bf0d40a7,3ed0a183,bee7d956,1,21795239

9180,175,136,-30,-558,-16383,878,-2145,4573,2,3f11d3a6,bf0d3bd5,3ed0afc6,bee7d404,3f11d3a4,bf0d3bd3,3ed0afcd,bee7d404,1,21803757

9181,189,151,-19,-598,-16387,876,-2175,4581,-27,3f11d586,bf0d3850,3ed0bd64,bee7cb9c,3f11d584,bf0d384d,3ed0bd6b,bee7cb9b,1,21812276

9182,184,142,8,-570,-16380,863,-2145,4575,-92,3f11d5dc,bf0d357c,3ed0c863,bee7c7c0,3f11d5da,bf0d357a,3ed0c86b,bee7c7c0,1,21820794

9183,186,139,40,-598,-16388,851,-2145,4575,-92,3f11d4d1,bf0d33b5,3ed0d130,bee7c6c7,3f11d4cf,bf0d33b3,3ed0d138,bee7c6c7,1,21829313

9184,182,130,74,-564,-16374,851,-2115,4587,-8,3f11d171,bf0d32e0,3ed0d6a4,bee7cc65,3f11d16f,bf0d32de,3ed0d6ac,bee7cc65,1,21837832

9185,181,129,95,-450,-16386,840,-2171,4575,-91,3f11ce02,bf0d32d7,3ed0d9b6,bee7d25a,3f11ce00,bf0d32d5,3ed0d9be,bee7d25a,1,21846350

9186,172,122,74,-444,-16385,874,-2171,4575,-91,3f11cbb4,bf0d3135,3ed0de71,bee7d7da,3f11cbb3,bf0d3134,3ed0de79,bee7d7db,1,21854869

9187,183,123,31,-535,-16390,839,-2133,4537,35,3f11c991,bf0d2ebe,3ed0e8a7,bee7da05,3f11c98f,bf0d2ebc,3ed0e8ae,bee7da05,1,21863387

9188,187,121,29,-527,-16390,839,-2157,4633,-54,3f11c81f,bf0d2c38,3ed0f3b2,bee7d9dd,3f11c81e,bf0d2c36,3ed0f3ba,bee7d9de,1,21871906

9189,164,103,56,-595,-16420,853,-2157,4633,-54,3f11c66a,bf0d2880,3ed0fccf,bee7deff,3f11c669,bf0d287d,3ed0fcd6,bee7deff,1,21880425

9190,156,89,95,-574,-16390,811,-2121,4559,-34,3f11c20c,bf0d25b9,3ed102a3,bee7eb7d,3f11c20b,bf0d25b7,3ed102ab,bee7eb7e,1,21888943

9191,138,74,143,-523,-16378,841,-2117,4591,5,3f11bbfc,bf0d2334,3ed10358,bee8003a,3f11bbfb,bf0d2332,3ed10360,bee8003b,1,21897462

9192,130,67,172,-527,-16362,858,-2117,4591,5,3f11b511,bf0d20e6,3ed1016a,bee818f4,3f11b50f,bf0d20e3,3ed10171,bee818f4,1,21905480

9193,127,73,176,-533,-16360,884,-2145,4543,47,3f11aeb7,bf0d1e7a,3ed0fea2,bee8314c,3f11aeb5,bf0d1e78,3ed0fea9,bee8314d,1,21913998

9194,133,70,180,-445,-16358,889,-2159,4533,53,3f11a7b9,bf0d1c97,3ed0fb7c,bee84a3e,3f11a7b7,bf0d1c95,3ed0fb83,bee84a3e,1,21922517

9195,149,67,162,-422,-16346,915,-2141,4537,7,3f11a086,bf0d1ac1,3ed0faf7,bee86139,3f11a084,bf0d1abf,3ed0fafe,bee86139,1,21931035

9196,162,74,112,-474,-16372,888,-2141,4537,7,3f119af7,bf0d1809,3ed1002d,bee87113,3f119af5,bf0d1807,3ed10034,bee87113,1,21939554

9197,170,94,67,-463,-16379,865,-2159,4553,26,3f11978e,bf0d14fd,3ed10880,bee87987,3f11978c,bf0d14fb,3ed10887,bee87987,1,21948073

9198,177,101,53,-457,-16383,854,-2173,4551,-45,3f119508,bf0d120d,3ed11227,bee87e4b,3f119507,bf0d120c,3ed1122f,bee87e4c,1,21956591

9199,182,91,41,-519,-16341,889,-2173,4551,-45,3f1192d3,bf0d0e18,3ed11eaf,bee88228,3f1192d2,bf0d0e17,3ed11eb7,bee88229,1,21965110

9200,189,96,40,-528,-16382,896,-2109,4531,-26,3f118f5e,bf0d0af1,3ed12aa9,bee887b1,3f118f5c,bf0d0aef,3ed12aaf,bee887b0,1,21973628

9201,201,113,54,-501,-16420,834,-2117,4561,-40,3f118b40,bf0d09eb,3ed134ca,bee88b61,3f118b3e,bf0d09e9,3ed134d0,bee88b60,1,21982147

9202,198,123,63,-564,-16372,819,-2117,4561,-40,3f118778,bf0d0940,3ed13da4,bee88e80,3f118776,bf0d093e,3ed13daa,bee88e7f,1,21990666

9203,172,114,92,-489,-16445,803,-2153,4589,-35,3f1183b7,bf0d0831,3ed14265,bee8962b,3f1183b5,bf0d0830,3ed1426c,bee8962b,1,21999184

9204,154,101,131,-428,-16467,821,-2111,4561,44,3f117db6,bf0d0779,3ed1423e,bee8a715,3f117db4,bf0d0777,3ed14244,bee8a714,1,22007202

9205,138,69,153,-377,-16294,858,-2111,4561,44,3f11768e,bf0d0570,3ed1412a,bee8bee3,3f11768d,bf0d056e,3ed14131,bee8bee3,1,22015721

9206,135,53,142,-448,-16421,818,-2139,4565,10,3f11700e,bf0d021b,3ed143bc,bee8d4e0,3f11700e,bf0d021a,3ed143c4,bee8d4e1,1,22024239

9207,128,26,148,-363,-16337,780,-2149,4599,-39,3f1168ac,bf0cfe0e,3ed1474a,bee8edef,3f1168ab,bf0cfe0c,3ed14750,bee8edee,1,22032758

9208,131,11,142,-425,-16388,902,-2151,4577,23,3f116171,bf0cf872,3ed14d0a,bee90865,3f116171,bf0cf872,3ed14d12,bee90866,1,22041276

9209,123,29,92,-372,-16306,934,-2151,4577,23,3f115d1a,bf0cf16a,3ed1545d,bee91daa,3f115d1a,bf0cf169,3ed15464,bee91daa,1,22049795

9210,133,47,48,-427,-16374,902,-2133,4559,33,3f115a48,bf0cea20,3ed15f72,bee92c5e,3f115a47,bf0cea1e,3ed15f79,bee92c5d,1,22058314

9211,152,57,17,-413,-16346,886,-2183,4533,-87,3f115942,bf0ce2e1,3ed16e6e,bee932fb,3f115941,bf0ce2df,3ed16e75,bee932fa,1,22066832

9212,153,76,-13,-495,-16388,869,-2183,4533,-87,3f115a33,bf0cdb2e,3ed17f69,bee933fe,3f115a32,bf0cdb2c,3ed17f70,bee933fd,1,22075351

9213,167,107,-25,-492,-16371,897,-2161,4519,27,3f115b42,bf0cd4f6,3ed18f16,bee9324a,3f115b41,bf0cd4f4,3ed18f1d,bee93249,1,22083870

9214,168,118,-32,-429,-16384,866,-2119,4515,-11,3f115bf2,bf0ccfa2,3ed19d72,bee93088,3f115bf1,bf0ccfa0,3ed19d79,bee93087,1,22092388

9215,173,123,-34,-460,-16335,871,-2119,4515,-11,3f115cca,bf0cca84,3ed1ac26,bee92d94,3f115cc9,bf0cca82,3ed1ac2d,bee92d93,1,22100406

9216,178,121,-29,-403,-16388,845,-2083,4565,74,3f115c05,bf0cc647,3ed1ba26,bee92d22,3f115c04,bf0cc645,3ed1ba2d,bee92d21,1,22108925

9217,182,137,-43,-492,-16392,865,-2143,4547,9,3f115db3,bf0cc1a4,3ed1c997,bee92641,3f115db2,bf0cc1a2,3ed1c99e,bee92640,1,22117443

9218,178,145,-34,-537,-16389,862,-2143,4547,9,3f115fa3,bf0cbd48,3ed1d78f,bee91f61,3f115fa2,bf0cbd47,3ed1d796,bee91f61,1,22125962

9219,172,145,21,-530,-16330,877,-2157,4557,-18,3f116024,bf0cba62,3ed1dfec,bee91d99,3f116022,bf0cba60,3ed1dff1,bee91d97,1,22134480

9220,170,135,63,-486,-16418,809,-2103,4559,-34,3f115d72,bf0cb957,3ed1e480,bee922b7,3f115d70,bf0cb955,3ed1e485,bee922b5,1,22142999

9221,163,127,81,-425,-16387,858,-2161,4569,61,3f115ab8,bf0cb7ed,3ed1e762,bee92a53,3f115ab7,bf0cb7ec,3ed1e769,bee92a52,1,22151517

9222,156,121,85,-454,-16380,862,-2161,4569,61,3f11581a,bf0cb5f1,3ed1ea3a,bee93315,3f115818,bf0cb5f0,3ed1ea40,bee93313,1,22160036

9223,150,119,88,-376,-16372,864,-2123,4543,34,3f1154bc,bf0cb42e,3ed1eb51,bee93ec3,3f1154ba,bf0cb42d,3ed1eb57,bee93ec1,1,22168555

9224,156,129,48,-399,-16387,878,-2111,4539,-23,3f11531f,bf0cb19c,3ed1ef9d,bee9451e,3f11531d,bf0cb19b,3ed1efa3,bee9451c,1,22177073

9225,159,123,15,-444,-16389,870,-2111,4539,-23,3f115290,bf0cadaf,3ed1f849,bee9482a,3f11528e,bf0cadae,3ed1f84f,bee94828,1,22185592

9226,160,116,13,-432,-16374,871,-2175,4513,26,3f115294,bf0ca92c,3ed20277,bee949d9,3f115292,bf0ca92a,3ed2027c,bee949d7,1,22194110

9227,163,121,1,-405,-16369,881,-2153,4547,-4,3f1152d2,bf0ca4c1,3ed20ce2,bee94a81,3f1152d1,bf0ca4c0,3ed20ce8,bee94a80,1,22202629

9228,174,120,-16,-418,-16376,890,-2153,4547,-4,3f115341,bf0ca026,3ed219dd,bee948d8,3f115340,bf0ca025,3ed219e3,bee948d7,1,22210647

9229,183,132,-37,-473,-16351,899,-2101,4561,39,3f1153c4,bf0c9bb6,3ed22842,bee9454e,3f1153c3,bf0c9bb5,3ed22848,bee9454d,1,22219165

9230,196,130,-31,-438,-16367,879,-2149,4569,3,3f11540b,bf0c980d,3ed2377f,bee93fb6,3f11540a,bf0c980c,3ed23785,bee93fb5,1,22227684

9231,200,132,-33,-414,-16379,856,-2149,4569,3,3f115410,bf0c94d3,3ed246e1,bee93995,3f11540f,bf0c94d2,3ed246e7,bee93994,1,22236202

9232,185,140,-68,-488,-16423,853,-2113,4513,14,3f1155e9,bf0c8fe9,3ed257f3,bee9316e,3f1155e8,bf0c8fe8,3ed257f9,bee9316d,1,22244721

9233,178,137,-69,-468,-16399,866,-2121,4539,56,3f115803,bf0c8a7a,3ed2689e,bee92a3d,3f115802,bf0c8a79,3ed268a3,bee92a3b,1,22253240

9234,166,136,-60,-483,-16363,872,-2135,4565,-1,3f115ad6,bf0c8499,3ed277ca,bee923af,3f115ad5,bf0c8498,3ed277ce,bee923ac,1,22261758

9235,158,127,-47,-456,-16500,831,-2135,4565,-1,3f115cda,bf0c7ed9,3ed285ed,bee91fc0,3f115cda,bf0c7ed8,3ed285f2,bee91fbe,1,22270277

9236,160,116,-13,-499,-16403,830,-2111,4619,-33,3f115d18,bf0c79e5,3ed2923c,bee91ffa,3f115d17,bf0c79e4,3ed29240,bee91ff7,1,22278795

9237,170,126,-9,-429,-16385,875,-2115,4579,-19,3f115cee,bf0c75f3,3ed29cfe,bee9202b,3f115cee,bf0c75f3,3ed29d04,bee9202a,1,22287314

9238,165,124,-4,-518,-16394,862,-2115,4579,-19,3f115d03,bf0c7198,3ed2a816,bee92071,3f115d02,bf0c7197,3ed2a81a,bee9206e,1,22295833

9239,161,116,6,-450,-16377,869,-2123,4517,-15,3f115c61,bf0c6d45,3ed2b20d,bee9236f,3f115c60,bf0c6d45,3ed2b212,bee9236d,1,22304351

9240,162,125,4,-508,-16393,877,-2101,4529,67,3f115bba,bf0c6919,3ed2bbc8,bee92650,3f115bb9,bf0c6919,3ed2bbcd,bee9264e,1,22312870

9241,161,121,14,-490,-16389,860,-2101,4529,67,3f115a73,bf0c653d,3ed2c4cc,bee92aa2,3f115a72,bf0c653d,3ed2c4d1,bee92aa0,1,22320888

9242,146,125,24,-455,-16381,870,-2143,4505,12,3f115a57,bf0c610e,3ed2cb55,bee92f12,3f115a56,bf0c610e,3ed2cb5a,bee92f10,1,22329407

9243,147,126,30,-475,-16365,878,-2117,4505,77,3f115976,bf0c5d29,3ed2d13d,bee93553,3f115974,bf0c5d28,3ed2d140,bee9354f,1,22337925

9244,154,112,32,-474,-16384,869,-2117,4505,77,3f1157a4,bf0c5931,3ed2d8df,bee93c80,3f1157a3,bf0c5931,3ed2d8e3,bee93c7e,1,22346444

9245,158,114,38,-480,-16381,890,-2117,4615,32,3f1155f2,bf0c5599,3ed2dfe3,bee94309,3f1155f1,bf0c5599,3ed2dfe7,bee94307,1,22354962

9246,158,134,27,-472,-16388,877,-2103,4583,0,3f115519,bf0c5292,3ed2e5d7,bee9470c,3f115518,bf0c5292,3ed2e5da,bee94709,1,22363481

9247,165,141,31,-443,-16373,882,-2115,4623,-94,3f115487,bf0c5050,3ed2eb0c,bee94934,3f115486,bf0c5050,3ed2eb0f,bee94931,1,22371999

9248,168,140,33,-416,-16344,899,-2115,4623,-94,3f1153b0,bf0c4e3b,3ed2effc,bee94bd8,3f1153af,bf0c4e3b,3ed2efff,bee94bd5,1,22380518

9249,178,136,7,-440,-16343,891,-2147,4549,-4,3f11535c,bf0c4b5a,3ed2f92c,bee94b45,3f11535c,bf0c4b5b,3ed2f930,bee94b43,1,22389037

9250,191,124,-20,-422,-16367,897,-2131,4545,71,3f115278,bf0c47d3,3ed3069f,bee949d0,3f115277,bf0c47d3,3ed306a2,bee949cc,1,22397555

9251,193,121,-37,-468,-16392,859,-2131,4545,71,3f115206,bf0c43bb,3ed316c2,bee9462b,3f115205,bf0c43bb,3ed316c5,bee94627,1,22406074

9252,192,117,-46,-446,-16386,838,-2147,4521,-32,3f115237,bf0c3f42,3ed32802,bee940d6,3f115237,bf0c3f43,3ed32806,bee940d3,1,22414592

9253,180,126,-60,-445,-16381,862,-2149,4461,-5,3f1153ba,bf0c39ef,3ed3389b,bee93ad7,3f1153ba,bf0c39ef,3ed3389f,bee93ad3,1,22422610

9254,174,115,-79,-520,-16400,842,-2149,4461,-5,3f115608,bf0c3315,3ed34c64,bee933a8,3f115608,bf0c3315,3ed34c68,bee933a4,1,22431129

9255,163,110,-53,-519,-16389,853,-2075,4485,78,3f115649,bf0c2cb1,3ed35c90,bee933bd,3f115649,bf0c2cb0,3ed35c93,bee933b8,1,22439647

9256,162,122,-32,-477,-16374,888,-2141,4503,29,3f115769,bf0c2726,3ed36980,bee93289,3f115769,bf0c2726,3ed36984,bee93285,1,22448166

9257,161,123,-40,-496,-16385,883,-2141,4503,29,3f1158f2,bf0c214a,3ed37730,bee9305d,3f1158f2,bf0c214a,3ed37734,bee93059,1,22456685

9258,157,123,-57,-485,-16387,875,-2121,4573,3,3f115b1d,bf0c1ae0,3ed385c2,bee92d30,3f115b1c,bf0c1ae0,3ed385c5,bee92d2b,1,22465203

9259,177,126,-56,-483,-16388,873,-2091,4529,65,3f115ba0,bf0c15b5,3ed3952f,bee92a4e,3f115ba0,bf0c15b6,3ed39533,bee92a4a,1,22473722

9260,180,134,-61,-529,-16381,886,-2039,4607,-59,3f115c72,bf0c10e6,3ed3a40d,bee92658,3f115c71,bf0c10e6,3ed3a40f,bee92652,1,22482240

9261,180,124,-34,-546,-16385,856,-2039,4607,-59,3f115bcc,bf0c0cc0,3ed3b1b5,bee92586,3f115bcc,bf0c0cc1,3ed3b1b8,bee92581,1,22490759

9262,171,125,5,-512,-16356,866,-2073,4577,-31,3f115a63,bf0c0976,3ed3bb03,bee9287e,3f115a62,bf0c0977,3ed3bb06,bee92878,1,22499277

9263,171,124,34,-510,-16388,886,-2131,4563,-45,3f1158d7,bf0c06c3,3ed3c245,bee92c3f,3f1158d6,bf0c06c4,3ed3c249,bee92c3a,1,22507796

9264,173,121,34,-443,-16353,880,-2131,4563,-45,3f1156d2,bf0c0454,3ed3c94b,bee930c0,3f1156d1,bf0c0455,3ed3c94f,bee930bb,1,22515814

9265,178,113,9,-455,-16395,853,-2081,4535,-4,3f11542f,bf0c0150,3ed3d387,bee93547,3f11542d,bf0c0150,3ed3d38a,bee93541,1,22524332

9266,170,120,-17,-453,-16389,866,-2103,4591,-75,3f1153e3,bf0bfd21,3ed3deeb,bee935b3,3f1153e2,bf0bfd22,3ed3deef,bee935ae,1,22532851

9267,171,130,-38,-504,-16382,884,-2103,4591,-75,3f1154f8,bf0bf85b,3ed3ebc1,bee932cf,3f1154f8,bf0bf85c,3ed3ebc6,bee932cb,1,22541370

9268,179,133,-52,-545,-16388,871,-2103,4575,26,3f115608,bf0bf37e,3ed3fac0,bee92e34,3f115608,bf0bf37f,3ed3fac5,bee92e30,1,22549888

9269,172,113,-5,-485,-16325,955,-2137,4585,35,3f115599,bf0beec1,3ed405f2,bee93079,3f115599,bf0beec1,3ed405f6,bee93074,1,22558407

9270,178,104,9,-529,-16359,884,-2137,4585,35,3f1153dd,bf0beab1,3ed41215,bee93385,3f1153dd,bf0beab2,3ed41218,bee93381,1,22566925

9271,182,106,23,-467,-16380,867,-2137,4503,-71,3f115161,bf0be7bb,3ed41c77,bee9375d,3f115161,bf0be7bb,3ed41c79,bee93758,1,22575444

9272,174,104,8,-525,-16388,864,-2137,4571,-64,3f115012,bf0be396,3ed42867,bee939ba,3f115011,bf0be396,3ed42868,bee939b4,1,22583962

9273,178,103,6,-540,-16400,834,-2073,4577,-51,3f114d7b,bf0bdff9,3ed43478,bee93de0,3f114d7b,bf0bdff9,3ed4347a,bee93ddb,1,22592481

9274,167,105,17,-512,-16388,852,-2073,4577,-51,3f114b04,bf0bdc4d,3ed43e11,bee94414,3f114b05,bf0bdc4e,3ed43e14,bee94410,1,22601000

9275,160,112,27,-532,-16389,854,-2109,4605,58,3f114914,bf0bd89f,3ed4463d,bee94a4c,3f114915,bf0bd8a0,3ed44640,bee94a48,1,22609518

9276,153,115,44,-531,-16383,854,-2159,4575,-47,3f114803,bf0bd511,3ed44c8a,bee94fbd,3f114804,bf0bd511,3ed44c8c,bee94fb8,1,22618037

9277,148,110,66,-507,-16381,880,-2159,4575,-47,3f114630,bf0bd1ce,3ed4507d,bee95885,3f114631,bf0bd1ce,3ed4507f,bee95880,1,22626055

9278,159,105,72,-486,-16366,893,-2169,4585,8,3f11436b,bf0bcf0b,3ed45504,bee961e8,3f11436c,bf0bcf0b,3ed45506,bee961e3,1,22634573

9279,155,102,62,-467,-16387,882,-2153,4563,29,3f11409c,bf0bcbdb,3ed45a2d,bee96bd4,3f11409e,bf0bcbdc,3ed45a30,bee96bd1,1,22643092

9280,154,91,57,-462,-16336,895,-2153,4563,29,3f113db9,bf0bc7f3,3ed460a4,bee9767e,3f113dba,bf0bc7f3,3ed460a5,bee97679,1,22651610

9281,164,106,30,-533,-16387,856,-2145,4521,14,3f113bdf,bf0bc425,3ed469da,bee97bd7,3f113be0,bf0bc425,3ed469db,bee97bd2,1,22660129

9282,181,110,32,-549,-16406,845,-2161,4583,-45,3f1139e0,bf0bc14d,3ed4742c,bee97e3c,3f1139e1,bf0bc14c,3ed4742d,bee97e36,1,22668648

9283,173,113,58,-555,-16380,873,-2161,4583,-45,3f113785,bf0bbee7,3ed47b12,bee9838e,3f113786,bf0bbee6,3ed47b13,bee98389,1,22677166

9284,171,123,75,-505,-16388,865,-2141,4561,-82,3f11347c,bf0bbdbe,3ed47e98,bee98aaa,3f11347d,bf0bbdbd,3ed47e99,bee98aa5,1,22685685

9285,164,134,88,-443,-16387,878,-2111,4555,37,3f113096,bf0bbd6f,3ed47e5a,bee99552,3f113098,bf0bbd6f,3ed47e5b,bee9954e,1,22694203

9286,172,126,89,-474,-16388,880,-2159,4555,51,3f112cdd,bf0bbcda,3ed4803e,bee99e3e,3f112cdf,bf0bbcda,3ed4803e,bee99e39,1,22702722

9287,170,123,95,-459,-16375,882,-2159,4555,51,3f1128de,bf0bbc4e,3ed48190,bee9a847,3f1128e0,bf0bbc4f,3ed48191,bee9a843,1,22711240

9288,170,120,96,-501,-16385,870,-2165,4543,-60,3f112554,bf0bbb87,3ed483ab,bee9b105,3f112555,bf0bbb87,3ed483ab,bee9b0ff,1,22719759

9289,177,107,112,-461,-16391,854,-2179,4587,-69,3f112084,bf0bbb4e,3ed485f0,bee9bb73,3f112086,bf0bbb4e,3ed485f1,bee9bb6e,1,22728278

9290,164,96,138,-433,-16386,864,-2179,4587,-69,3f111ae0,bf0bbafd,3ed48589,bee9ca95,3f111ae2,bf0bbafd,3ed4858a,bee9ca91,1,22736296

9291,158,78,131,-402,-16389,863,-2145,4583,-61,3f111472,bf0bb9c4,3ed4865b,bee9dcba,3f111474,bf0bb9c4,3ed4865b,bee9dcb5,1,22744814

9292,160,67,113,-376,-16288,901,-2165,4543,51,3f110e3c,bf0bb751,3ed489cd,bee9eeda,3f110e3d,bf0bb750,3ed489cc,bee9eed4,1,22753333

9293,162,83,67,-457,-16304,945,-2165,4543,51,3f110acc,bf0bb364,3ed490b3,bee9fa7c,3f110ace,bf0bb364,3ed490b4,bee9fa78,1,22761851

9294,200,101,-11,-209,-16190,982,-2157,4581,-59,3f1108ca,bf0bb00b,3ed49cdd,bee9fc68,3f1108cb,bf0bb00a,3ed49cdc,bee9fc62,1,22770370

9295,273,80,-106,-726,-16819,676,-2151,4533,3,3f110659,bf0babf0,3ed4c099,bee9ebc4,3f11065c,bf0babf0,3ed4c09a,bee9ebc1,1,22778889

9296,193,90,-81,-487,-16444,846,-2151,4533,3,3f1106ee,bf0ba529,3ed4d773,bee9e5ba,3f1106f0,bf0ba529,3ed4d773,bee9e5b6,1,22787407

9297,137,97,-68,-498,-16263,863,-2175,4587,27,3f110a61,bf0b9c1f,3ed4e84e,bee9e36a,3f110a62,bf0b9c1e,3ed4e84c,bee9e364,1,22795926

9298,137,99,-35,-569,-16346,876,-2183,4573,-73,3f110d65,bf0b93f1,3ed4f6ae,bee9e264,3f110d66,bf0b93f0,3ed4f6ad,bee9e25f,1,22804445

9299,154,105,20,-444,-16397,888,-2135,4557,-3,3f110c27,bf0b8f7d,3ed4fec2,bee9e8b8,3f110c28,bf0b8f7c,3ed4fec1,bee9e8b3,1,22812963

9300,159,107,23,-493,-16384,918,-2135,4557,-3,3f110af8,bf0b8b19,3ed50711,bee9ee93,3f110afa,bf0b8b1a,3ed50712,bee9ee90,1,22821482

9301,171,101,18,-479,-16334,916,-2187,4605,26,3f1109ff,bf0b86a6,3ed511b9,bee9f1e3,3f110a01,bf0b86a7,3ed511ba,bee9f1e0,1,22830000

9302,199,111,-1,-468,-16356,905,-2153,4585,-51,3f110865,bf0b838e,3ed51ee5,bee9f142,3f110865,bf0b838e,3ed51ee4,bee9f13e,1,22838018

9303,215,104,8,-456,-16385,867,-2153,4585,-51,3f110539,bf0b818c,3ed52d3b,bee9f0dc,3f11053a,bf0b818c,3ed52d3b,bee9f0d8,1,22846537

9304,220,87,24,-467,-16365,862,-2187,4553,-25,3f110112,bf0b7f76,3ed53c99,bee9f21e,3f110113,bf0b7f76,3ed53c99,bee9f21a,1,22855055

9305,218,92,28,-484,-16395,855,-2109,4537,70,3f10fb74,bf0b7df8,3ed54a67,bee9f704,3f10fb75,bf0b7df8,3ed54a67,bee9f700,1,22863574

9306,209,86,52,-486,-16412,822,-2109,4537,70,3f10f4fd,bf0b7cd1,3ed5561a,bee9ff1a,3f10f4fe,bf0b7cd1,3ed5561a,bee9ff16,1,22872093

9307,189,76,88,-425,-16389,818,-2119,4509,11,3f10edc8,bf0b7bce,3ed55d61,beea0cc3,3f10edc9,bf0b7bce,3ed55d61,beea0cbf,1,22880611

9308,163,50,112,-274,-16387,808,-2119,4581,-30,3f10e594,bf0b7a0d,3ed56161,beea2199,3f10e595,bf0b7a0d,3ed56161,beea2195,1,22889130

9309,153,34,118,-525,-16407,840,-2119,4581,-30,3f10de2e,bf0b763d,3ed56806,beea36f2,3f10de2d,bf0b763c,3ed56804,beea36ed,1,22897648

9310,145,42,102,-470,-16385,866,-2129,4529,-34,3f10d80f,bf0b71c9,3ed56e2f,beea4b10,3f10d80f,bf0b71c9,3ed56e2f,beea4b0d,1,22906167

9311,143,75,88,-434,-16366,883,-2119,4557,15,3f10d368,bf0b6e19,3ed571ca,beea5c0d,3f10d369,bf0b6e1a,3ed571cb,beea5c0b,1,22914686

9312,153,68,88,-423,-16362,892,-2119,4557,15,3f10ce10,bf0b6a9b,3ed576b0,beea6d1a,3f10ce11,bf0b6a9c,3ed576b1,beea6d18,1,22923204

9313,159,83,63,-427,-16405,866,-2133,4583,2,3f10ca25,bf0b672c,3ed57d4b,beea78f3,3f10ca25,bf0b672d,3ed57d4b,beea78f0,1,22931723

9314,156,102,27,-469,-16373,875,-2139,4625,-135,3f10c949,bf0b62c7,3ed5859c,beea7df1,3f10c949,bf0b62c8,3ed5859c,beea7dee,1,22939741

9315,151,109,9,-435,-16400,864,-2115,4547,-9,3f10c86f,bf0b5e24,3ed58dfa,beea8374,3f10c86e,bf0b5e24,3ed58df9,beea8370,1,22948259

9316,146,105,10,-422,-16391,867,-2115,4547,-9,3f10c797,bf0b5930,3ed59615,beea89f0,3f10c796,bf0b5930,3ed59615,beea89ed,1,22956778

9317,149,97,20,-379,-16388,861,-2109,4575,-10,3f10c5b3,bf0b54aa,3ed59dc5,beea925b,3f10c5b3,bf0b54aa,3ed59dc5,beea9259,1,22965297

9318,157,76,43,-305,-16346,856,-2151,4569,37,3f10c206,bf0b509c,3ed5a5b5,beea9dcf,3f10c206,bf0b509c,3ed5a5b5,beea9dcd,1,22973815

9319,164,40,57,-456,-16383,914,-2151,4569,37,3f10bd14,bf0b4b16,3ed5b187,beeaac60,3f10bd14,bf0b4b16,3ed5b188,beeaac5f,1,22982334

9320,169,35,22,-472,-16372,889,-2147,4581,75,3f10b8de,bf0b4477,3ed5c1b9,beeab7c0,3f10b8dd,bf0b4476,3ed5c1b9,beeab7bd,1,22990852

9321,177,61,-17,-471,-16368,904,-2145,4555,-81,3f10b73a,bf0b3dc8,3ed5d370,beeabb82,3f10b73b,bf0b3dc8,3ed5d372,beeabb81,1,22999371

9322,186,76,-29,-550,-16385,892,-2145,4555,-81,3f10b667,bf0b3772,3ed5e667,beeabb4c,3f10b666,bf0b3771,3ed5e667,beeabb48,1,23007890

9323,187,89,-4,-477,-16382,890,-2149,4583,91,3f10b43d,bf0b32d5,3ed5f534,beeabe12,3f10b43d,bf0b32d5,3ed5f536,beeabe10,1,23016408

9324,187,109,6,-445,-16382,893,-2179,4529,-33,3f10b31d,bf0b2f4b,3ed6011a,beeabe65,3f10b31d,bf0b2f4b,3ed6011c,beeabe63,1,23024927

9325,185,103,11,-493,-16366,893,-2179,4529,-33,3f10b1de,bf0b2b69,3ed60d6f,beeabf72,3f10b1de,bf0b2b69,3ed60d71,beeabf70,1,23032945

9326,204,106,35,-440,-16404,828,-2149,4555,-5,3f10add8,bf0b2a26,3ed61845,beeac27d,3f10add8,bf0b2a26,3ed61847,beeac27b,1,23041464

9327,194,108,59,-471,-16413,830,-2149,4585,30,3f10a97c,bf0b2931,3ed6203c,beeac836,3f10a97c,bf0b2930,3ed6203e,beeac833,1,23049982

9328,172,101,91,-396,-16386,840,-2167,4531,-2,3f10a4c0,bf0b282d,3ed6239c,beead339,3f10a4c0,bf0b282c,3ed6239e,beead337,1,23058501

9329,170,100,83,-382,-16356,877,-2167,4531,-2,3f10a084,bf0b2693,3ed62747,beeade18,3f10a085,bf0b2693,3ed62749,beeade17,1,23067019

9330,184,104,57,-403,-16387,839,-2145,4547,-26,3f109c71,bf0b2520,3ed62e45,beeae532,3f109c71,bf0b251f,3ed62e46,beeae52f,1,23075538

9331,171,114,24,-398,-16381,885,-2165,4577,-75,3f109b57,bf0b21ec,3ed6362c,beeae847,3f109b58,bf0b21ec,3ed6362e,beeae845,1,23084057

9332,164,121,-1,-360,-16378,884,-2165,4577,-75,3f109b9d,bf0b1df2,3ed63ec0,beeae939,3f109b9d,bf0b1df2,3ed63ec1,beeae936,1,23092575

9333,167,120,-47,-390,-16371,902,-2157,4563,27,3f109d2b,bf0b184a,3ed64bf4,beeae6bb,3f109d2c,bf0b184b,3ed64bf6,beeae6b9,1,23101094

9334,181,116,-81,-487,-16410,878,-2171,4571,-4,3f109fd8,bf0b11a7,3ed65f00,beeade80,3f109fd7,bf0b11a6,3ed65f00,beeade7b,1,23109612

9335,171,105,-61,-494,-16389,859,-2171,4571,-4,3f10a1ba,bf0b0ae8,3ed6709e,beead9bf,3f10a1ba,bf0b0ae8,3ed6709f,beead9bb,1,23118131

9336,170,110,-34,-505,-16389,854,-2187,4545,21,3f10a2ed,bf0b052c,3ed67f7b,beead6c9,3f10a2ed,bf0b052c,3ed67f7c,beead6c5,1,23126649

9337,177,108,2,-474,-16388,857,-2151,4537,29,3f10a196,bf0b0146,3ed68b09,beead8c4,3f10a196,bf0b0146,3ed68b0a,beead8c0,1,23135168

9338,176,106,22,-429,-16385,875,-2151,4537,29,3f109f5a,bf0afe0b,3ed69444,beeadd7e,3f109f5a,bf0afe0b,3ed69446,beeadd7b,1,23143186

9339,172,110,5,-487,-16384,862,-2203,4525,14,3f109f2c,bf0af9bc,3ed69f91,beeaddce,3f109f2c,bf0af9bc,3ed69f93,beeaddcb,1,23151705

9340,170,115,14,-520,-16402,837,-2127,4541,9,3f109daf,bf0af644,3ed6a918,beeae0fa,3f109daf,bf0af644,3ed6a91a,beeae0f7,1,23160223

9341,158,119,56,-468,-16385,866,-2141,4537,-20,3f109b83,bf0af3d8,3ed6ace1,beeae89d,3f109b82,bf0af3d8,3ed6ace2,beeae899,1,23168742

9342,154,115,85,-448,-16378,878,-2141,4537,-20,3f10983e,bf0af21b,3ed6adce,beeaf3e9,3f10983d,bf0af21b,3ed6adcf,beeaf3e6,1,23177260

9343,157,112,91,-391,-16375,873,-2089,4583,-52,3f10939c,bf0af124,3ed6ad86,beeb01dc,3f10939b,bf0af124,3ed6ad87,beeb01d9,1,23185779

9344,160,105,68,-377,-16357,876,-2099,4567,-22,3f108f7f,bf0aef32,3ed6b041,beeb0e11,3f108f7f,bf0aef32,3ed6b043,beeb0e0f,1,23194298

9345,174,106,45,-416,-16393,859,-2099,4567,-22,3f108bc0,bf0aed15,3ed6b6a0,beeb1676,3f108bc0,bf0aed15,3ed6b6a2,beeb1674,1,23202816

9346,176,115,16,-461,-16389,871,-2117,4567,5,3f1089ca,bf0aea0b,3ed6bf8f,beeb1a51,3f1089c9,bf0aea0b,3ed6bf90,beeb1a4e,1,23211335

9347,167,128,10,-459,-16388,878,-2117,4575,63,3f1088c9,bf0ae6d2,3ed6c715,beeb1d88,3f1088c9,bf0ae6d3,3ed6c717,beeb1d86,1,23219853

9348,170,134,17,-473,-16402,860,-2117,4575,63,3f10878d,bf0ae446,3ed6cde1,beeb2062,3f10878d,bf0ae446,3ed6cde2,beeb205f,1,23228372

9349,168,133,43,-457,-16389,859,-2145,4571,-7,3f1085f7,bf0ae273,3ed6d254,beeb2486,3f1085f7,bf0ae273,3ed6d255,beeb2483,1,23236890

9350,168,127,72,-436,-16388,867,-2109,4539,-7,3f10825f,bf0ae1a2,3ed6d40c,beeb2db5,3f108260,bf0ae1a2,3ed6d40e,beeb2db3,1,23245409

9351,165,117,84,-459,-16381,891,-2109,4539,-7,3f107e4f,bf0ae07b,3ed6d57c,beeb3919,3f107e50,bf0ae07a,3ed6d57e,beeb3917,1,23253427

9352,177,119,97,-387,-16307,891,-2137,4601,20,3f10797f,bf0ae08d,3ed6d609,beeb4445,3f10797f,bf0ae08b,3ed6d60b,beeb4442,1,23261945

9353,192,118,81,-340,-16367,863,-2107,4591,22,3f1073c6,bf0ae138,3ed6d8b8,beeb4e47,3f1073c6,bf0ae136,3ed6d8bb,beeb4e45,1,23270464

9354,197,119,24,-372,-16389,873,-2173,4611,-42,3f10718e,bf0adfa0,3ed6e1df,beeb4f24,3f10718e,bf0adf9e,3ed6e1e2,beeb4f22,1,23278983

9355,186,109,-14,-429,-16390,853,-2173,4611,-42,3f107115,bf0adba8,3ed6ef4f,beeb4d65,3f107115,bf0adba6,3ed6ef52,beeb4d63,1,23287501

9356,176,116,-23,-500,-16389,848,-2141,4521,-15,3f107126,bf0ad715,3ed6fc89,beeb4bee,3f107127,bf0ad715,3ed6fc8e,beeb4bee,1,23296020

9357,171,122,-3,-490,-16390,857,-2101,4585,-32,3f107062,bf0ad36f,3ed7064c,beeb4d85,3f107061,bf0ad36e,3ed7064f,beeb4d82,1,23304538

9358,165,126,22,-468,-16387,869,-2101,4585,-32,3f106f07,bf0ad090,3ed70c9a,beeb51dc,3f106f07,bf0ad08f,3ed70c9e,beeb51da,1,23313057

9359,164,128,44,-440,-16372,871,-2129,4577,49,3f106d06,bf0ace70,3ed710b4,beeb580d,3f106d06,bf0ace6f,3ed710b8,beeb580b,1,23321576

9360,156,123,58,-452,-16380,893,-2141,4529,11,3f106b0c,bf0acc01,3ed7137d,beeb6014,3f106b0d,bf0acc01,3ed71382,beeb6013,1,23330094

9361,159,125,67,-400,-16384,874,-2141,4529,11,3f10685f,bf0aca6d,3ed7151a,beeb68e5,3f10685f,bf0aca6c,3ed7151d,beeb68e2,1,23338613

9362,172,131,69,-363,-16352,876,-2121,4557,-71,3f10651a,bf0aca02,3ed7164c,beeb70cf,3f10651b,bf0aca02,3ed71650,beeb70cd,1,23347132

9363,180,129,46,-366,-16369,890,-2121,4565,-35,3f106244,bf0ac8fd,3ed71a5e,beeb7675,3f106244,bf0ac8fc,3ed71a60,beeb7671,1,23355149

9364,174,129,9,-398,-16378,870,-2121,4565,-35,3f10612d,bf0ac65a,3ed721d3,beeb7888,3f10612e,bf0ac65a,3ed721d7,beeb7886,1,23363668

9365,179,131,5,-405,-16388,850,-2099,4613,33,3f105f8a,bf0ac413,3ed729d4,beeb7a9c,3f105f8b,bf0ac412,3ed729d7,beeb7a99,1,23372187

9366,172,124,8,-470,-16412,877,-2097,4549,62,3f105dfe,bf0ac0e2,3ed73236,beeb7e41,3f105dff,bf0ac0e1,3ed73238,beeb7e3d,1,23380705

9367,174,122,42,-476,-16420,841,-2119,4595,-32,3f105b8b,bf0abf05,3ed73844,beeb8320,3f105b8c,bf0abf04,3ed73845,beeb831c,1,23389224

9368,162,110,71,-431,-16384,872,-2119,4595,-32,3f105813,bf0abd26,3ed73b34,beeb8d5d,3f105814,bf0abd25,3ed73b35,beeb8d59,1,23397743

9369,158,115,79,-382,-16337,872,-2081,4577,-44,3f1053e4,bf0abbed,3ed73bae,beeb9a0c,3f1053e4,bf0abbec,3ed73bb0,beeb9a09,1,23406262

9370,171,119,76,-377,-16357,900,-2167,4625,40,3f1050ad,bf0abacb,3ed73dd4,beeba2a1,3f1050ae,bf0abaca,3ed73dd7,beeba29e,1,23414780

9371,176,122,54,-407,-16369,893,-2167,4625,40,3f104e49,bf0ab926,3ed74278,beeba81f,3f104e4a,bf0ab925,3ed7427b,beeba81c,1,23423299

9372,178,119,38,-405,-16369,871,-2115,4561,-3,3f104b69,bf0ab74d,3ed74898,beebade9,3f104b6a,bf0ab74c,3ed7489b,beebade6,1,23431817

9373,193,125,36,-397,-16380,857,-2161,4559,-65,3f104902,bf0ab632,3ed75001,beebafa2,3f104903,bf0ab631,3ed75004,beebaf9f,1,23440336

9374,199,127,31,-408,-16422,850,-2161,4559,-65,3f104699,bf0ab547,3ed7584c,beebb01d,3f10469a,bf0ab547,3ed7584f,beebb01a,1,23448354

9375,184,121,48,-389,-16389,853,-2071,4579,-33,3f10426e,bf0ab488,3ed75d2c,beebb79f,3f10426f,bf0ab488,3ed75d2f,beebb79c,1,23456872

9376,177,119,52,-403,-16388,851,-2093,4563,30,3f103e8c,bf0ab353,3ed761d6,beebbfb5,3f103e8c,bf0ab352,3ed761d7,beebbfb1,1,23465391

9377,171,123,51,-396,-16388,859,-2093,4563,30,3f103b23,bf0ab1ef,3ed765a1,beebc7de,3f103b23,bf0ab1ee,3ed765a2,beebc7da,1,23473910

9378,171,124,45,-388,-16387,871,-2109,4549,35,3f10383d,bf0ab03f,3ed769e8,beebcf03,3f10383e,bf0ab040,3ed769eb,beebcf00,1,23482428

9379,168,124,34,-389,-16364,888,-2107,4545,33,3f1035f6,bf0aadef,3ed76ed6,beebd585,3f1035f7,bf0aadef,3ed76ed7,beebd581,1,23490947

9380,170,127,15,-384,-16350,884,-2119,4571,-48,3f1034e5,bf0aab29,3ed77564,beebd8aa,3f1034e6,bf0aab29,3ed77565,beebd8a6,1,23499465

9381,183,127,26,-411,-16383,884,-2119,4571,-48,3f1032e7,bf0aa94c,3ed77c3c,beebdbad,3f1032e8,bf0aa94c,3ed77c3c,beebdba8,1,23507984

9382,186,115,50,-375,-16390,856,-2087,4601,10,3f102e85,bf0aa867,3ed781bc,beebe376,3f102e86,bf0aa867,3ed781bc,beebe371,1,23516502

9383,183,106,42,-406,-16389,848,-2169,4599,-46,3f102bdc,bf0aa63a,3ed789de,beebe7a9,3f102bdc,bf0aa63a,3ed789dd,beebe7a3,1,23525021

9384,171,106,54,-448,-16389,853,-2169,4599,-46,3f10297a,bf0aa3b4,3ed7905f,beebed7a,3f10297a,bf0aa3b4,3ed7905f,beebed75,1,23533539

9385,163,112,84,-394,-16381,869,-2061,4595,4,3f10247b,bf0aa2c4,3ed79116,beebfb3c,3f10247b,bf0aa2c5,3ed79117,beebfb38,1,23542058

9386,176,113,80,-379,-16384,839,-2125,4589,55,3f101fbf,bf0aa23c,3ed793eb,beec0576,3f101fbf,bf0aa23d,3ed793ec,beec0572,1,23550577

9387,179,120,67,-402,-16387,856,-2125,4589,55,3f101bce,bf0aa177,3ed797a5,beec0d7d,3f101bcd,bf0aa177,3ed797a5,beec0d78,1,23558594

9388,165,130,51,-350,-16389,843,-2107,4559,73,3f1018da,bf0aa030,3ed79a39,beec1559,3f1018d9,bf0aa031,3ed79a3a,beec1555,1,23567113

9389,153,129,28,-368,-16384,874,-2095,4541,-49,3f1017a7,bf0a9d59,3ed79dcb,beec1bb0,3f1017a6,bf0a9d59,3ed79dcc,beec1bab,1,23575632

9390,153,125,11,-397,-16354,882,-2095,4541,-49,3f101721,bf0a9995,3ed7a389,beec2090,3f101721,bf0a9995,3ed7a38b,beec208c,1,23584150

9391,165,119,18,-386,-16384,886,-2167,4563,10,3f101691,bf0a960f,3ed7aad0,beec238e,3f101690,bf0a960e,3ed7aad1,beec2389,1,23592669

9392,172,113,40,-402,-16388,850,-2129,4585,56,3f1013c8,bf0a93be,3ed7b139,beec29ef,3f1013c8,bf0a93be,3ed7b13b,beec29ec,1,23601187

9393,172,113,50,-354,-16363,870,-2127,4589,-20,3f1010bb,bf0a91e2,3ed7b605,beec3161,3f1010bb,bf0a91e2,3ed7b607,beec315e,1,23609706

9394,180,118,44,-333,-16386,845,-2127,4589,-20,3f100d86,bf0a909a,3ed7bb77,beec3735,3f100d86,bf0a909a,3ed7bb79,beec3732,1,23618224

9395,169,114,12,-382,-16389,850,-2145,4591,6,3f100c5c,bf0a8d31,3ed7c40a,beec3a3c,3f100c5c,bf0a8d31,3ed7c40c,beec3a39,1,23626743

9396,158,111,13,-360,-16385,856,-2097,4603,16,3f100ab6,bf0a8979,3ed7cb25,beec407a,3f100ab6,bf0a897a,3ed7cb27,beec4078,1,23635262

9397,160,111,12,-390,-16392,869,-2097,4603,16,3f10092e,bf0a85a1,3ed7d2b8,beec464e,3f10092e,bf0a85a2,3ed7d2ba,beec464c,1,23643780

9398,151,117,16,-397,-16392,858,-2099,4603,-6,3f100831,bf0a81c5,3ed7d8ce,beec4c38,3f100830,bf0a81c5,3ed7d8d0,beec4c35,1,23652299

9399,160,116,27,-355,-16379,868,-2117,4577,-46,3f100694,bf0a7eb7,3ed7de5d,beec523d,3f100692,bf0a7eb7,3ed7de5e,beec5239,1,23660818

9400,156,111,24,-312,-16345,890,-2117,4577,-46,3f100506,bf0a7b38,3ed7e3bf,beec594f,3f100505,bf0a7b39,3ed7e3c1,beec594d,1,23668835

9401,168,103,13,-380,-16390,865,-2091,4573,-22,3f1002b6,bf0a7797,3ed7ec6e,beec5f82,3f1002b4,bf0a7797,3ed7ec70,beec5f7f,1,23677354

9402,169,108,7,-375,-16388,884,-2087,4575,10,3f1000ac,bf0a73eb,3ed7f511,beec652f,3f1000ab,bf0a73eb,3ed7f514,beec652d,1,23685872

9403,168,122,-3,-367,-16385,869,-2087,4575,10,3f0fff78,bf0a7080,3ed7fd39,beec68ac,3f0fff76,bf0a7080,3ed7fd3c,beec68a9,1,23694391

9404,179,124,-10,-407,-16387,867,-2113,4575,49,3f0ffe8b,bf0a6d27,3ed8076a,beec6973,3f0ffe8a,bf0a6d28,3ed8076f,beec6972,1,23702910

9405,167,120,3,-377,-16384,856,-2095,4579,-2,3f0ffd38,bf0a69d5,3ed80f5f,beec6d31,3f0ffd36,bf0a69d5,3ed80f63,beec6d2f,1,23711428

9406,165,119,10,-382,-16378,869,-2079,4567,44,3f0ffb5b,bf0a6695,3ed81677,beec72da,3f0ffb59,bf0a6695,3ed8167b,beec72d7,1,23719947

9407,164,116,7,-405,-16380,893,-2079,4567,44,3f0ff9bd,bf0a62d9,3ed81e1b,beec788d,3f0ff9bb,bf0a62d9,3ed81e20,beec788b,1,23728465

9408,166,99,22,-406,-16389,861,-2101,4531,-30,3f0ff734,bf0a5f2d,3ed8268e,beec7f9a,3f0ff732,bf0a5f2d,3ed82693,beec7f98,1,23736984

9409,175,104,37,-392,-16388,849,-2093,4563,-71,3f0ff3cc,bf0a5cd6,3ed82da9,beec86e2,3f0ff3ca,bf0a5cd6,3ed82dae,beec86e1,1,23745503

9410,171,105,64,-334,-16389,850,-2093,4563,-71,3f0fef58,bf0a5b87,3ed8314b,beec9174,3f0fef56,bf0a5b87,3ed83151,beec9174,1,23754021

9411,158,101,65,-218,-16388,835,-2089,4573,60,3f0fea63,bf0a59fb,3ed8333f,beec9f5b,3f0fea61,bf0a59fa,3ed83344,beec9f5b,1,23762540

9412,155,79,73,-434,-16355,907,-2133,4547,-65,3f0fe6b3,bf0a5642,3ed83874,beecac43,3f0fe6b1,bf0a5641,3ed83879,beecac43,1,23770558

9413,160,76,50,-426,-16375,881,-2133,4547,-65,3f0fe36c,bf0a5206,3ed8408b,beecb6c1,3f0fe36a,bf0a5205,3ed84090,beecb6c1,1,23779076

9414,167,101,15,-352,-16380,872,-2107,4629,4,3f0fe13b,bf0a4e56,3ed848ff,beecbcfa,3f0fe139,bf0a4e55,3ed84905,beecbcfb,1,23787595

9415,164,108,-2,-370,-16387,879,-2117,4575,-50,3f0fe06c,bf0a4a05,3ed85255,beecc07d,3f0fe06a,bf0a4a03,3ed8525b,beecc07d,1,23796113

9416,159,113,-8,-413,-16388,891,-2117,4575,-50,3f0fe078,bf0a4537,3ed85bb4,beecc309,3f0fe076,bf0a4535,3ed85bba,beecc309,1,23804632

9417,163,111,4,-402,-16385,878,-2157,4559,-27,3f0fe040,bf0a40db,3ed864e8,beecc558,3f0fe03f,bf0a40d9,3ed864ee,beecc559,1,23813151

9418,161,114,13,-390,-16383,882,-2077,4559,95,3f0fde33,bf0a3d37,3ed86bf4,beeccc63,3f0fde32,bf0a3d35,3ed86bfa,beeccc64,1,23821670

9419,158,103,25,-395,-16388,886,-2093,4543,-4,3f0fdbf5,bf0a3960,3ed872c8,beecd491,3f0fdbf4,bf0a395e,3ed872ce,beecd492,1,23830188

9420,160,101,34,-374,-16389,874,-2093,4543,-4,3f0fd911,bf0a3606,3ed87902,beecddb9,3f0fd910,bf0a3604,3ed87908,beecddba,1,23838707

9421,159,107,20,-405,-16389,884,-2089,4597,84,3f0fd6ee,bf0a322c,3ed88025,beece560,3f0fd6ed,bf0a322a,3ed8802c,beece562,1,23847225

9422,169,121,28,-375,-16387,864,-2141,4577,-43,3f0fd57f,bf0a2fa1,3ed88650,beece92a,3f0fd57c,bf0a2f9e,3ed88655,beece92b,1,23855744

9423,158,123,18,-372,-16382,866,-2141,4577,-43,3f0fd504,bf0a2c49,3ed88c49,beececa7,3f0fd502,bf0a2c48,3ed88c51,beececab,1,23863762

9424,159,120,19,-363,-16388,879,-2103,4521,23,3f0fd375,bf0a290e,3ed89201,beecf2c3,3f0fd372,bf0a290c,3ed89208,beecf2c6,1,23872280

9425,166,126,26,-351,-16379,894,-2121,4571,-4,3f0fd1fd,bf0a268a,3ed896f9,beecf7aa,3f0fd1fa,bf0a2687,3ed896ff,beecf7ac,1,23880799

9426,165,117,28,-331,-16363,894,-2121,4571,-4,3f0fd018,bf0a23c5,3ed89c51,beecfdd3,3f0fd015,bf0a23c3,3ed89c58,beecfdd6,1,23889317

9427,175,107,39,-383,-16364,900,-2139,4527,-24,3f0fcd7d,bf0a2122,3ed8a318,beed0418,3f0fcd79,bf0a2120,3ed8a31e,beed041a,1,23897836

9428,183,90,65,-357,-16377,858,-2147,4525,-57,3f0fc8d9,bf0a1f70,3ed8a9d7,beed0d25,3f0fc8d5,bf0a1f6e,3ed8a9de,beed0d28,1,23906355

9429,188,78,69,-379,-16397,856,-2147,4525,-57,3f0fc37b,bf0a1d92,3ed8b200,beed170d,3f0fc378,bf0a1d90,3ed8b207,beed1711,1,23914873

9430,169,87,59,-369,-16392,860,-2079,4539,-39,3f0fbe88,bf0a1b28,3ed8b7d8,beed2357,3f0fbe85,bf0a1b26,3ed8b7df,beed235b,1,23923392

9431,172,102,48,-383,-16395,860,-2095,4533,-1,3f0fba9d,bf0a18ea,3ed8bde3,beed2c88,3f0fba9a,bf0a18e8,3ed8bdea,beed2c8c,1,23931910

9432,163,103,55,-347,-16386,884,-2119,4521,-30,3f0fb74d,bf0a1670,3ed8c237,beed365f,3f0fb74a,bf0a166e,3ed8c23e,beed3663,1,23940429

9433,158,104,56,-288,-16348,912,-2119,4521,-30,3f0fb41f,bf0a13df,3ed8c52a,beed415a,3f0fb41c,bf0a13dd,3ed8c531,beed415d,1,23948948

9434,163,112,2,-362,-16388,895,-2063,4549,32,3f0fb24a,bf0a0ff9,3ed8cd02,beed47b2,3f0fb248,bf0a0ff8,3ed8cd0a,beed47b6,1,23957466

9435,174,113,-13,-376,-16391,887,-2099,4549,46,3f0fb120,bf0a0bee,3ed8d793,beed4a4d,3f0fb11d,bf0a0bec,3ed8d799,beed4a4f,1,23965985

9436,177,118,12,-408,-16384,880,-2099,4549,46,3f0faf1d,bf0a0904,3ed8dffc,beed4e41,3f0faf1a,bf0a0902,3ed8e001,beed4e42,1,23974003

9437,175,112,37,-399,-16384,883,-2057,4513,-9,3f0fab6a,bf0a06e4,3ed8e5e8,beed56bd,3f0fab68,bf0a06e4,3ed8e5ee,beed56c0,1,23982521

9438,176,113,59,-390,-16372,880,-2101,4567,19,3f0fa786,bf0a057b,3ed8ea3f,beed5f7c,3f0fa782,bf0a0579,3ed8ea42,beed5f7c,1,23991040

9439,180,118,62,-361,-16370,893,-2101,4567,19,3f0fa377,bf0a049a,3ed8edc6,beed6820,3f0fa373,bf0a0498,3ed8edc9,beed6821,1,23999558

9440,182,124,58,-361,-16389,862,-2069,4535,-98,3f0f9f54,bf0a0443,3ed8f103,beed6ff4,3f0f9f52,bf0a0443,3ed8f108,beed6ff8,1,24008077

9441,179,130,53,-340,-16385,866,-2145,4535,-3,3f0f9ca7,bf0a037b,3ed8f49d,beed74f6,3f0f9ca4,bf0a037b,3ed8f4a1,beed74f9,1,24016604

9442,178,140,44,-337,-16375,875,-2145,4535,-3,3f0f9ac5,bf0a02ad,3ed8f7eb,beed785f,3f0f9ac2,bf0a02ad,3ed8f7ef,beed7862,1,24025123

9443,180,140,39,-342,-16387,868,-2155,4561,-15,3f0f9938,bf0a01c2,3ed8fc08,beed7a80,3f0f9935,bf0a01c1,3ed8fc0b,beed7a83,1,24033641

9444,177,128,35,-361,-16401,851,-2067,4557,-36,3f0f9629,bf0a008c,3ed900b7,beed806d,3f0f9626,bf0a008b,3ed900ba,beed8070,1,24042160

9445,162,124,33,-343,-16387,864,-2067,4573,14,3f0f939c,bf09fe5f,3ed90493,beed8820,3f0f9399,bf09fe5f,3ed90497,beed8824,1,24050678

9446,153,109,41,-369,-16389,868,-2067,4573,14,3f0f90be,bf09fb58,3ed908ac,beed925a,3f0f90ba,bf09fb57,3ed908ae,beed925c,1,24059197

9447,158,105,56,-326,-16356,887,-2071,4577,-18,3f0f8d01,bf09f8fe,3ed90b9c,beed9e29,3f0f8cfe,bf09f8fe,3ed90ba0,beed9e2c,1,24067716

9448,162,113,42,-354,-16385,878,-2113,4533,-16,3f0f8a95,bf09f65e,3ed91040,beeda5da,3f0f8a92,bf09f65e,3ed91044,beeda5dd,1,24075733

9449,173,115,28,-357,-16375,886,-2113,4533,-16,3f0f8856,bf09f3c9,3ed916d0,beedab4a,3f0f8854,bf09f3c9,3ed916d5,beedab4e,1,24084252

9450,176,127,22,-368,-16386,868,-2065,4523,34,3f0f85a8,bf09f1d8,3ed91cce,beedb0cb,3f0f85a6,bf09f1d8,3ed91cd3,beedb0cf,1,24092771

9451,175,132,18,-335,-16371,903,-2097,4543,-33,3f0f841e,bf09efbd,3ed92247,beedb465,3f0f841b,bf09efbd,3ed9224b,beedb468,1,24101289

9452,182,130,16,-337,-16386,860,-2097,4543,-33,3f0f8216,bf09ee0b,3ed928fd,beedb71d,3f0f8213,bf09ee0b,3ed92902,beedb721,1,24109808

9453,182,130,17,-355,-16385,880,-2073,4563,-23,3f0f7fcc,bf09ec51,3ed92f5e,beedbad2,3f0f7fc8,bf09ec50,3ed92f62,beedbad4,1,24118326

9454,182,132,12,-320,-16374,895,-2111,4531,1,3f0f7e32,bf09ea5a,3ed93602,beedbd30,3f0f7e2f,bf09ea5a,3ed93607,beedbd34,1,24126845

9455,174,124,0,-365,-16385,878,-2111,4531,1,3f0f7d3d,bf09e72e,3ed93e6f,beedbf29,3f0f7d3a,bf09e72e,3ed93e74,beedbf2d,1,24135364

9456,183,126,-4,-348,-16415,842,-2145,4547,77,3f0f7c38,bf09e477,3ed94831,beedbf00,3f0f7c34,bf09e476,3ed94835,beedbf04,1,24143882

9457,181,126,4,-379,-16389,874,-2057,4521,-58,3f0f7a2c,bf09e219,3ed95012,beedc23d,3f0f7a27,bf09e217,3ed95015,beedc241,1,24152401

9458,168,112,27,-351,-16307,907,-2137,4591,29,3f0f7888,bf09dee4,3ed95690,beedc7b2,3f0f7884,bf09dee2,3ed95694,beedc7b7,1,24160919

9459,170,108,32,-361,-16388,854,-2137,4591,29,3f0f763c,bf09dc15,3ed95d9f,beedcd4e,3f0f7639,bf09dc13,3ed95da4,beedcd53,1,24168937

9460,173,122,26,-303,-16412,846,-2059,4551,47,3f0f72f0,bf09da5b,3ed962d5,beedd47d,3f0f72ed,bf09da59,3ed962da,beedd482,1,24177456

9461,163,116,16,-345,-16393,852,-2117,4593,3,3f0f718f,bf09d722,3ed969aa,beedd908,3f0f718d,bf09d721,3ed969b0,beedd90e,1,24185974

9462,163,110,13,-385,-16389,869,-2117,4593,3,3f0f7052,bf09d351,3ed9719f,beeddd99,3f0f704f,bf09d350,3ed971a4,beeddd9e,1,24194493

9463,167,119,34,-339,-16359,901,-2107,4537,-71,3f0f6e56,bf09d0db,3ed9764a,beede3d1,3f0f6e52,bf09d0da,3ed9764e,beede3d5,1,24203012

9464,172,128,31,-329,-16381,893,-2093,4531,21,3f0f6bfb,bf09cf02,3ed97aab,beede9c9,3f0f6bf7,bf09cf01,3ed97aaf,beede9cd,1,24211530

9465,175,128,19,-350,-16382,903,-2093,4531,21,3f0f6a17,bf09ccbb,3ed98084,beedee48,3f0f6a13,bf09ccba,3ed98088,beedee4c,1,24220049

9466,178,124,26,-368,-16388,882,-2121,4579,-31,3f0f684d,bf09ca9d,3ed986e8,beedf1a3,3f0f684a,bf09ca9c,3ed986ed,beedf1a8,1,24228568

9467,180,118,32,-337,-16376,882,-2115,4611,70,3f0f6586,bf09c8b5,3ed98d25,beedf711,3f0f6583,bf09c8b4,3ed98d2a,beedf716,1,24237086

9468,198,120,28,-323,-16361,884,-2115,4611,70,3f0f621e,bf09c79e,3ed994cb,beedfacb,3f0f621b,bf09c79c,3ed994cf,beedfacf,1,24245605

9469,194,128,14,-290,-16386,871,-2133,4553,-19,3f0f6000,bf09c649,3ed99c8b,beedfbe5,3f0f5ffd,bf09c647,3ed99c8f,beedfbe9,1,24254123

9470,180,121,6,-349,-16402,864,-2035,4533,67,3f0f5cfa,bf09c3eb,3ed9a450,beee0193,3f0f5cf6,bf09c3e8,3ed9a453,beee0196,1,24262642

9471,163,118,12,-340,-16401,837,-2117,4577,-13,3f0f5bca,bf09c0b8,3ed9ab52,beee056b,3f0f5bc7,bf09c0b7,3ed9ab58,beee0570,1,24271161

9472,159,116,18,-346,-16383,875,-2117,4577,-13,3f0f5aac,bf09bd3e,3ed9b173,beee0a8e,3f0f5aa9,bf09bd3d,3ed9b179,beee0a93,1,24279179

9473,150,114,25,-353,-16381,876,-2125,4605,-63,3f0f59f8,bf09b973,3ed9b68e,beee105b,3f0f59f4,bf09b971,3ed9b693,beee105f,1,24287697

9474,155,117,31,-325,-16389,876,-2053,4523,68,3f0f5728,bf09b69c,3ed9ba57,beee1a3b,3f0f5725,bf09b69b,3ed9ba5d,beee1a41,1,24296216

9475,162,125,21,-349,-16371,884,-2053,4523,68,3f0f54d9,bf09b3e8,3ed9bf06,beee21c4,3f0f54d5,bf09b3e7,3ed9bf0b,beee21c9,1,24304734

9476,161,116,24,-344,-16373,893,-2093,4551,-31,3f0f531a,bf09b0c7,3ed9c45e,beee2853,3f0f5316,bf09b0c5,3ed9c462,beee2857,1,24313253

9477,175,113,22,-336,-16388,866,-2093,4585,-122,3f0f50dc,bf09ae53,3ed9cb4f,beee2d0a,3f0f50d9,bf09ae52,3ed9cb55,beee2d10,1,24321771

9478,169,122,14,-321,-16413,852,-2093,4585,-122,3f0f4f66,bf09abcd,3ed9d19b,beee30a5,3f0f4f61,bf09abcb,3ed9d19f,beee30a9,1,24330290

9479,156,110,16,-330,-16373,881,-2103,4539,1,3f0f4dec,bf09a7fa,3ed9d7ec,beee3742,3f0f4de8,bf09a7f9,3ed9d7f2,beee3748,1,24338809

9480,162,102,29,-323,-16381,897,-2147,4571,27,3f0f4c1d,bf09a451,3ed9de90,beee3dfd,3f0f4c19,bf09a450,3ed9de96,beee3e03,1,24347327

9481,161,102,32,-357,-16387,855,-2147,4571,27,3f0f4a2d,bf09a0d0,3ed9e581,beee4468,3f0f4a29,bf09a0cf,3ed9e587,beee446e,1,24355846

9482,156,109,24,-368,-16386,898,-2087,4545,-42,3f0f4871,bf099d18,3ed9eb3d,beee4beb,3f0f486d,bf099d17,3ed9eb43,beee4bf1,1,24364364

9483,174,100,41,-353,-16392,875,-2095,4645,-62,3f0f4516,bf099aa7,3ed9f1c2,beee53ae,3f0f4512,bf099aa6,3ed9f1c8,beee53b4,1,24372883

9484,173,104,65,-329,-16385,860,-2127,4563,-42,3f0f412a,bf09992b,3ed9f5e8,beee5cba,3f0f4126,bf09992a,3ed9f5ee,beee5cc0,1,24381401

9485,166,106,67,-322,-16391,865,-2127,4563,-42,3f0f3d8f,bf099781,3ed9f90d,beee665e,3f0f3d8b,bf09977f,3ed9f912,beee6663,1,24389419

9486,162,111,65,-306,-16383,865,-2119,4567,10,3f0f3a11,bf0995dd,3ed9fb63,beee706c,3f0f3a0d,bf0995db,3ed9fb68,beee7072,1,24397938

9487,163,105,78,-290,-16378,874,-2095,4599,2,3f0f357b,bf0994a1,3ed9fcb2,beee7d16,3f0f3577,bf09949f,3ed9fcb8,beee7d1d,1,24406456

9488,155,92,93,-363,-16385,877,-2095,4599,2,3f0f3084,bf0992ba,3ed9fe03,beee8c31,3f0f3080,bf0992b7,3ed9fe08,beee8c37,1,24414975

9489,160,94,83,-333,-16394,874,-2085,4559,32,3f0f2b5f,bf0990ef,3eda0021,beee9abd,3f0f2b5b,bf0990ec,3eda0026,beee9ac3,1,24423493

9490,163,94,70,-315,-16371,885,-2113,4551,-47,3f0f2744,bf098eb4,3eda03a9,beeea682,3f0f2741,bf098eb2,3eda03b0,beeea68a,1,24432012

9491,165,101,67,-311,-16376,880,-2113,4551,-47,3f0f2368,bf098cc5,3eda06fa,beeeb12e,3f0f2365,bf098cc3,3eda0700,beeeb135,1,24440530

9492,163,123,48,-321,-16384,901,-2103,4569,-66,3f0f213c,bf098ad4,3eda09a2,beeeb873,3f0f2138,bf098ad1,3eda09a7,beeeb87a,1,24449049

9493,160,129,37,-273,-16372,891,-2119,4535,-26,3f0f1fb6,bf0988bd,3eda0c48,beeebe82,3f0f1fb2,bf0988ba,3eda0c4d,beeebe89,1,24457568

9494,166,121,25,-332,-16364,901,-2119,4535,-26,3f0f1e62,bf0985e2,3eda11c8,beeec33c,3f0f1e5f,bf0985e0,3eda11ce,beeec344,1,24466086

9495,173,123,11,-310,-16383,877,-2097,4557,-4,3f0f1cc5,bf098346,3eda189e,beeec6e0,3f0f1cc2,bf098343,3eda18a3,beeec6e7,1,24474605

9496,177,125,16,-328,-16407,887,-2143,4557,-8,3f0f1bba,bf0980c3,3eda1fbb,beeec8aa,3f0f1bb7,bf0980c0,3eda1fc0,beeec8b1,1,24483124

9497,175,125,26,-354,-16385,868,-2095,4577,5,3f0f199c,bf097ebe,3eda25a8,beeeccfb,3f0f1999,bf097ebb,3eda25ad,beeecd02,1,24491141

9498,170,123,39,-295,-16342,891,-2095,4577,5,3f0f1706,bf097cfa,3eda296b,beeed3cf,3f0f1703,bf097cf7,3eda2970,beeed3d6,1,24499660

9499,174,119,39,-329,-16389,880,-2085,4589,32,3f0f13fb,bf097b37,3eda2e3b,beeedac5,3f0f13f8,bf097b34,3eda2e40,beeedacc,1,24508178

9500,174,125,40,-353,-16389,889,-2109,4629,-28,3f0f11dd,bf09797b,3eda32c8,beeedfad,3f0f11da,bf097978,3eda32cd,beeedfb4,1,24516697

9501,171,125,71,-340,-16390,879,-2109,4629,-28,3f0f0e93,bf0978d2,3eda343c,beeee7bf,3f0f0e90,bf0978cf,3eda3441,beeee7c6,1,24525216

9502,165,118,87,-313,-16429,869,-2085,4555,107,3f0f09ad,bf097863,3eda342b,beeef489,3f0f09a9,bf097860,3eda342f,beeef48f,1,24533734

9503,152,105,111,-261,-16482,836,-2105,4565,-70,3f0f046c,bf097811,3eda31ea,beef03ea,3f0f0468,bf09780f,3eda31ef,beef03f1,1,24542253

9504,119,75,130,-299,-16503,827,-2105,4565,-70,3f0efef6,bf097595,3eda2eac,beef19a5,3f0efef2,bf097593,3eda2eb1,beef19ac,1,24550771

9505,95,36,154,-207,-16386,821,-2057,4565,13,3f0ef6ef,bf0971d6,3eda29bb,beef39f2,3f0ef6eb,bf0971d4,3eda29c0,beef39f9,1,24559290

9506,113,-9,233,-185,-16353,794,-2065,4581,43,3f0ee94d,bf097026,3eda2377,beef641c,3f0ee949,bf097024,3eda237c,beef6423,1,24567809

9507,141,-70,302,-325,-16400,846,-2065,4581,43,3f0ed64f,bf096eff,3eda2012,beef972e,3f0ed64a,bf096efd,3eda2016,beef9734,1,24576327

9508,151,-88,339,-331,-16292,982,-2085,4583,-72,3f0ec222,bf096e04,3eda1b21,beefcdfd,3f0ec21e,bf096e04,3eda1b27,beefce05,1,24584846

9509,170,-81,327,-512,-16354,1052,-2067,4541,60,3f0eae30,bf096ca4,3eda199f,bef001fd,3f0eae2b,bf096ca3,3eda19a3,bef00204,1,24592864

9510,161,-18,275,-152,-16472,900,-2041,4591,-49,3f0e9cd8,bf096dee,3eda1342,bef02e06,3f0e9cd3,bf096dee,3eda1347,bef02e0e,1,24601382

9511,149,-23,243,154,-16625,830,-2041,4591,-49,3f0e8bb4,bf096ee0,3eda0ced,bef05a51,3f0e8bae,bf096edf,3eda0cf1,bef05a58,1,24609901

9512,137,-191,211,338,-16467,680,-2013,4539,-61,3f0e74b9,bf0968e7,3eda174e,bef094fd,3f0e74b5,bf0968e7,3eda1754,bef09507,1,24618420

9513,139,-411,213,-112,-16490,577,-2049,4553,80,3f0e574c,bf0958db,3eda3c07,bef0ddfd,3f0e5747,bf0958da,3eda3c0b,bef0de05,1,24626938

9514,133,-450,250,162,-16684,532,-2049,4553,80,3f0e3629,bf09497f,3eda5e62,bef1301e,3f0e3624,bf09497e,3eda5e66,bef13026,1,24635457

9515,131,-658,323,333,-16442,396,-2079,4569,-53,3f0e0a75,bf093590,3eda8cd6,bef19a55,3f0e0a70,bf09358f,3eda8cda,bef19a5d,1,24643976

9516,144,-943,441,650,-16469,217,-2091,4589,-31,3f0dcdc2,bf091cdd,3edacab5,bef228e1,3f0dcdbd,bf091cdc,3edacab9,bef228e9,1,24652494

9517,121,-1035,351,1253,-16237,22,-2091,4589,-31,3f0d8fcd,bf08fedc,3edb1342,bef2bc0a,3f0d8fc8,bf08fedb,3edb1346,bef2bc11,1,24661013

9518,186,-1117,86,1431,-16868,422,-2077,4557,-56,3f0d570e,bf08d611,3edb7c40,bef33d63,3f0d5708,bf08d60f,3edb7c43,bef33d69,1,24669532

9519,200,-1545,93,-919,-16093,626,-2077,4563,25,3f0d1749,bf0892f6,3edc2210,bef3d249,3f0d1744,bf0892f5,3edc2214,bef3d251,1,24678056

9520,405,-1457,-175,-43,-16849,-113,-2077,4563,25,3f0cd60f,bf0859bb,3edce3aa,bef43a15,3f0cd60a,bf0859ba,3edce3ae,bef43a1d,1,24686074

9521,632,-1400,-110,-2005,-14916,2925,-2075,4577,-24,3f0ca682,bf080ff9,3eddaac6,bef497c4,3f0ca67d,bf080ff8,3eddaacb,bef497cd,1,24694593

9522,1262,-1073,-359,80,-16921,-445,-2033,4499,9,3f0c5223,bf080860,3ede9d8f,bef48e01,3f0c521e,bf08085f,3ede9d93,bef48e09,1,24703111

9523,1356,-1045,-531,-9,-16949,-8,-2033,4499,9,3f0c02f5,bf07fdd0,3edfa270,bef46cfb,3f0c02f1,bf07fdcf,3edfa275,bef46d04,1,24711630

9524,711,-1395,-161,-329,-16931,270,-2053,4515,48,3f0bb71b,bf07d27d,3ee07359,bef4bb70,3f0bb717,bf07d27b,3ee0735d,bef4bb78,1,24720148

9525,649,-1687,65,-784,-17418,-107,-1989,4563,32,3f0b5989,bf07a0e5,3ee14a58,bef5392c,3f0b5985,bf07a0e3,3ee14a5c,bef53934,1,24728667

9526,216,-1845,168,-1035,-17354,137,-2023,4557,-45,3f0b0787,bf0756a3,3ee204a7,bef5ebc5,3f0b0782,bf0756a0,3ee204aa,bef5ebcc,1,24737186

9527,-355,-2030,373,-1201,-17663,28,-2023,4557,-45,3f0abfb4,bf06f21e,3ee290d5,bef6e97a,3f0abfaf,bf06f21c,3ee290d9,bef6e982,1,24745704

9528,-747,-2266,793,-147,-17462,-148,-1995,4593,-56,3f0a6ab4,bf0685e5,3ee2e536,bef84618,3f0a6aaf,bf0685e3,3ee2e53a,bef84620,1,24754223

9529,-551,-2636,1436,41,-17456,33,-1929,4575,79,3f09e398,bf062aee,3ee32f03,bef9f2c4,3f09e393,bf062aed,3ee32f08,bef9f2cd,1,24762742

9530,281,-3093,2185,-632,-18371,-242,-1929,4575,79,3f09090a,bf05fcc2,3ee3aa72,befbc49e,3f090906,bf05fcc1,3ee3aa78,befbc4a8,1,24771260

9531,512,-3314,2901,1928,-18176,-1641,-1937,4583,-16,3f07f45a,bf05f418,3ee401a2,befdddef,3f07f456,bf05f417,3ee401a7,befdddf8,1,24779779

9532,17,-3470,3387,1425,-15665,-139,-1915,4589,-13,3f06ddba,bf05db64,3ee40b05,bf002c80,3f06ddb5,bf05db63,3ee40b09,bf002c85,1,24788298

9533,344,-3672,3452,1571,-16417,-572,-1915,4589,-13,3f05acac,bf05ca9b,3ee43d31,bf0165c4,3f05aca6,bf05ca9a,3ee43d34,bf0165c9,1,24796315

9534,740,-3798,3587,1304,-16327,-328,-1785,4543,-25,3f045ef3,bf05c76b,3ee48e0f,bf029b02,3f045eed,bf05c76a,3ee48e11,bf029b06,1,24804834

9535,722,-3939,3496,597,-16130,484,-1777,4591,31,3f0314ec,bf05b21a,3ee4f0e4,bf03d0fc,3f0314e6,bf05b219,3ee4f0e6,bf03d100,1,24813353

9536,1278,-3995,3274,784,-15743,251,-1777,4591,31,3f01b7f2,bf05a96a,3ee59a78,bf04e821,3f01b7ed,bf05a96a,3ee59a7b,bf04e825,1,24821871

9537,2404,-4039,3168,1919,-15833,-590,-1745,4491,90,3f0024f1,bf05cf3e,3ee6acfd,bf05d161,3f0024eb,bf05cf3d,3ee6acfe,bf05d164,1,24830390

9538,2909,-4300,3093,1669,-14169,63,-1643,4463,81,3efce986,bf05f710,3ee800b4,bf06b11c,3efce97b,bf05f710,3ee800b6,bf06b11f,1,24838909

9539,3043,-4710,2595,412,-12387,1023,-1605,4427,55,3ef99c53,bf05f0a3,3ee9ad47,bf0787ca,3ef99c49,bf05f0a4,3ee9ad49,bf0787cd,1,24847427

9540,3225,-5106,1596,344,-13900,296,-1605,4427,55,3ef67122,bf05bb8c,3eebe7b5,bf0837d8,3ef67117,bf05bb8d,3eebe7b6,bf0837db,1,24855946

9541,2375,-5451,347,942,-14879,-588,-1557,4409,28,3ef3d6c8,bf05280f,3eee5bb7,bf08e265,3ef3d6bc,bf052810,3eee5bb7,bf08e268,1,24864464

9542,764,-5631,-816,1564,-15210,-919,-1559,4465,41,3ef21b24,bf041f7d,3ef0ac4f,bf09a3de,3ef21b18,bf041f7e,3ef0ac4f,bf09a3e1,1,24872983

9543,-320,-5586,-1905,2128,-16429,-812,-1559,4465,41,3ef11db7,bf02c1d8,3ef2edbf,bf0a62db,3ef11dab,bf02c1d9,3ef2edbf,bf0a62de,1,24881502

9544,-738,-5609,-2717,2588,-17602,-325,-1543,4491,133,3ef087ad,bf012fcf,3ef546fa,bf0b1423,3ef087a2,bf012fd1,3ef546fb,bf0b1426,1,24890020

9545,-298,-5869,-2637,1424,-18040,-651,-1555,4511,41,3eefb1fa,beff43bc,3ef7dbaf,bf0bba91,3eefb1ef,beff43c0,3ef7dbb0,bf0bba94,1,24898539

9546,864,-6035,-1520,681,-18216,-653,-1555,4511,41,3eee06ec,befcc65e,3efa8a8f,bf0c601e,3eee06e1,befcc662,3efa8a90,bf0c6021,1,24906557

9547,1893,-6090,351,1527,-17569,-882,-1513,4469,23,3eeb48bd,befb3163,3efcf745,bf0d26f6,3eeb48b2,befb3167,3efcf746,bf0d26f9,1,24915076

9548,2632,-6157,1786,112,-12047,-665,-1491,4459,-24,3ee7c7d9,befa38b2,3eff3b89,bf0e028c,3ee7c7cc,befa38b4,3eff3b88,bf0e028e,1,24923594

9549,4077,-6140,1404,-1290,-11342,470,-1491,4459,-24,3ee40f9a,bef969df,3f0112f1,bf0e8d67,3ee40f8e,bef969e2,3f0112f1,bf0e8d69,1,24932113

9550,4828,-5670,-438,2401,-15563,-1160,-1407,4397,56,3ee0b85b,bef88d12,3f02d6f7,bf0ea547,3ee0b850,bef88d17,3f02d6f8,bf0ea54a,1,24940632

9551,4842,-5583,-478,468,-13750,-1245,-1373,4411,161,3edd73c9,bef7a318,3f049dc3,bf0eae1d,3edd73bd,bef7a31c,3f049dc3,bf0eae1f,1,24949150

9552,6502,-5506,-800,-372,-19715,5625,-1291,4225,102,3ed9ff81,bef6d022,3f069f4d,bf0e7cfa,3ed9ff76,bef6d027,3f069f4d,bf0e7cfd,1,24957669

9553,5718,-4778,-1621,759,-13706,-1581,-1291,4225,102,3ed7157e,bef6020a,3f0897eb,bf0e111b,3ed71573,bef6020e,3f0897eb,bf0e111e,1,24966187

9554,3014,-5553,-2165,860,-11864,2265,-1317,4363,142,3ed51602,bef3c72c,3f0a2478,bf0e4856,3ed515f7,bef3c730,3f0a2478,bf0e4859,1,24974706

9555,3196,-4635,-2256,897,-12567,-2833,-1299,4273,226,3ed33355,bef219d6,3f0bb9a6,bf0e27de,3ed33348,bef219d8,3f0bb9a4,bf0e27df,1,24983225

9556,3417,-4761,-2378,633,-13882,-947,-1299,4273,226,3ed14829,bef0514a,3f0d59e3,bf0e039b,3ed1481e,bef0514f,3f0d59e3,bf0e039e,1,24991743

9557,3989,-4276,-2805,5104,-21904,-1274,-1329,4217,202,3ecf6931,beeec773,3f0f0741,bf0dab5b,3ecf6925,beeec777,3f0f0740,bf0dab5e,1,25000262

9558,2773,-5003,-3298,754,-20936,-2757,-1273,4257,214,3ecde2e0,beec630c,3f10b31d,bf0d87f2,3ecde2d4,beec6310,3f10b31c,bf0d87f5,1,25008280

9559,395,-5697,-3315,-5331,-18656,-1795,-1273,4257,214,3eccfd3e,bee8ee7a,3f121244,bf0de11b,3eccfd32,bee8ee7e,3f121243,bf0de11e,1,25016799

9560,-860,-5712,-2489,-3546,-25983,-1567,-1299,4241,155,3ecc1806,bee5799b,3f130ce9,bf0e98d4,3ecc17fb,bee579a0,3f130ce8,bf0e98d8,1,25025317

9561,-2421,-5928,-2253,-1919,-19368,-928,-1265,4291,84,3ecb738c,bee19e06,3f13b6c3,bf0facf8,3ecb7381,bee19e0b,3f13b6c2,bf0facfc,1,25033836

9562,-2835,-6382,-3047,-892,-17702,-753,-1265,4291,84,3ecaff3b,bedd31c3,3f147355,bf10cacb,3ecaff2e,bedd31c6,3f147352,bf10cace,1,25042354

9563,-3082,-6569,-3592,146,-16730,-1271,-1289,4351,78,3ecaab30,bed87732,3f15398a,bf11e4cd,3ecaab24,bed87736,3f153987,bf11e4d0,1,25050873

9564,-3230,-6934,-3491,77,-16173,-107,-1301,4415,59,3eca3436,bed38c9d,3f15f7b2,bf131760,3eca342c,bed38ca2,3f15f7af,bf131764,1,25059392

9565,-3452,-7304,-2916,-633,-16502,610,-1317,4465,54,3ec97685,bece95c5,3f169d80,bf147104,3ec9767b,bece95ca,3f169d7d,bf147108,1,25067910

9566,-3471,-7719,-2466,-1196,-17268,347,-1317,4465,54,3ec85f8a,bec99ae3,3f173ff5,bf15deb1,3ec85f81,bec99ae9,3f173ff2,bf15deb6,1,25076429

9567,-3222,-7824,-2438,-1698,-17902,-827,-1271,4563,-87,3ec71bf0,bec4a936,3f17f21a,bf17392d,3ec71be6,bec4a93b,3f17f217,bf173931,1,25084948

9568,-3008,-7531,-2635,-1958,-17995,-1428,-1331,4563,-102,3ec5f342,bebfcc24,3f18a9d3,bf18700e,3ec5f338,bebfcc28,3f18a9d0,bf187012,1,25093466

9569,-2950,-7070,-2858,-1290,-17433,-844,-1331,4563,-102,3ec501eb,bebb0825,3f1954c9,bf198c92,3ec501e1,bebb0829,3f1954c6,bf198c96,1,25101484

9570,-2952,-6393,-2672,-1132,-17131,-1145,-1339,4631,-217,3ec437a9,beb69a96,3f19e092,bf1a95b0,3ec437a1,beb69a9b,3f19e090,bf1a95b5,1,25110003

9571,-2773,-5805,-2059,-165,-16367,-1717,-1315,4687,-260,3ec34fa5,beb2b9ed,3f1a4c65,bf1b94e1,3ec34f9d,beb2b9f1,3f1a4c62,bf1b94e5,1,25118521

9572,-2704,-5575,-1395,821,-15483,-1072,-1315,4687,-260,3ec22c0a,beaf3cf1,3f1a9983,bf1ca0a1,3ec22c02,beaf3cf5,3f1a9980,bf1ca0a5,1,25127040

9573,-3015,-5794,-677,214,-15559,-286,-1245,4669,-223,3ec0bcf7,beabd390,3f1ac448,bf1dd871,3ec0bcee,beabd393,3f1ac444,bf1dd874,1,25135559

9574,-3472,-6080,-53,301,-14167,13,-1289,4731,-426,3ebf03db,bea86d36,3f1ac982,bf1f4241,3ebf03d4,bea86d3b,3f1ac97f,bf1f4246,1,25144077

9575,-3581,-6508,660,133,-14269,652,-1289,4731,-426,3ebcdb02,bea5136e,3f1abc65,bf20d269,3ebcdafa,bea51372,3f1abc62,bf20d26d,1,25152596

9576,-3560,-6955,1335,376,-14072,-256,-1345,4751,-407,3eba33c8,bea1d35c,3f1aae95,bf2276f8,3eba33c0,bea1d360,3f1aae92,bf2276fc,1,25161115

9577,-4459,-7247,1689,-273,-13858,-22,-1275,4799,-405,3eb77aab,be9e53f9,3f1a6d0f,bf245564,3eb77aa4,be9e53fe,3f1a6d0c,bf245568,1,25169633

9578,-5079,-7680,1754,-1007,-13406,728,-1311,4801,-572,3eb4b4d8,be9a734d,3f1a0ec3,bf265b83,3eb4b4cf,be9a7351,3f1a0ebf,bf265b86,1,25178152

9579,-3928,-7899,1875,-1330,-15167,-1301,-1311,4801,-572,3eb18361,be96cf53,3f19f781,bf28206e,3eb18359,be96cf58,3f19f77d,bf282072,1,25186670

9580,-1127,-8423,1954,-815,-18001,-2017,-1259,4825,-562,3ead7dab,be939e76,3f1a8310,bf29612b,3ead7da4,be939e7c,3f1a830d,bf296130,1,25195189

9581,512,-9001,2077,-1112,-15882,463,-1201,4805,-652,3ea8e37b,be9085a6,3f1b6b2d,bf2a60ad,3ea8e374,be9085ac,3f1b6b29,bf2a60b2,1,25203708

9582,1446,-9221,2654,701,-17317,-379,-1201,4805,-652,3ea3ae4f,be8dd1cb,3f1c793f,bf2b3f8b,3ea3ae48,be8dd1d0,3f1c793a,bf2b3f90,1,25211726

9583,1880,-9629,3528,-1214,-16702,719,-1131,4747,-621,3e9de6e7,be8b42cc,3f1d8f2c,bf2c21c9,3e9de6e0,be8b42d1,3f1d8f27,bf2c21ce,1,25220244

9584,1785,-9609,3927,-1543,-14814,1605,-1039,4727,-745,3e97fccf,be88c287,3f1e885f,bf2d1165,3e97fcc7,be88c28b,3f1e8859,bf2d116a,1,25228763

9585,1785,-9294,3524,-1715,-17637,1686,-1039,4727,-745,3e925ad3,be863746,3f1f7d15,bf2de63b,3e925acb,be86374a,3f1f7d0f,bf2de640,1,25237281

9586,1559,-8834,2625,-2316,-19238,1788,-983,4691,-778,3e8d58f7,be836b43,3f2067fc,bf2e9f98,3e8d58ef,be836b47,3f2067f6,bf2e9f9c,1,25245800

9587,789,-8492,1719,-1755,-17696,1544,-901,4663,-791,3e88fad4,be804207,3f212bc7,bf2f6017,3e88facd,be80420b,3f212bc2,bf2f601c,1,25254318

9588,322,-8319,1224,-1414,-16346,1155,-901,4663,-791,3e84f49d,be79c7aa,3f21d7ab,bf302327,3e84f497,be79c7b2,3f21d7a6,bf30232d,1,25262837

9589,313,-8124,1429,-1997,-14863,1247,-885,4657,-824,3e80f28e,be73437b,3f227631,bf30e172,3e80f288,be734382,3f22762c,bf30e178,1,25271356

9590,560,-7864,1653,-2491,-16491,1247,-839,4633,-929,3e79cb75,be6d30d3,3f2314c5,bf318d26,3e79cb6a,be6d30da,3f2314c0,bf318d2c,1,25279874

9591,588,-7614,1446,-2706,-17588,974,-857,4655,-890,3e720ea4,be672f02,3f23b26c,bf322610,3e720e99,be672f08,3f23b267,bf322615,1,25288393

9592,298,-7159,942,-2295,-16835,839,-857,4655,-890,3e6b346e,be61166a,3f243bde,bf32b719,3e6b3462,be61166e,3f243bd8,bf32b71e,1,25296911

9593,95,-6951,303,-2179,-16512,545,-883,4627,-967,3e652204,be5a945b,3f24be9b,bf333e09,3e6521f8,be5a945f,3f24be95,bf333e0e,1,25305430

9594,-126,-6865,90,-2166,-16226,23,-817,4681,-977,3e5f58c3,be53ea5c,3f253561,bf33c568,3e5f58b8,be53ea61,3f25355c,bf33c56e,1,25313948

9595,-483,-6782,147,-2984,-16956,398,-817,4681,-977,3e59ba5c,be4d2ef3,3f2590cd,bf345c4b,3e59ba50,be4d2ef6,3f2590c7,bf345c50,1,25321966

9596,-719,-6520,264,-3005,-16114,570,-805,4667,-980,3e5449ef,be46b0c2,3f25d3dd,bf34fa79,3e5449e3,be46b0c5,3f25d3d6,bf34fa7e,1,25330485

9597,-771,-6146,159,-3808,-16492,5,-849,4609,-1135,3e4f4763,be406444,3f260ec7,bf358e05,3e4f4757,be406447,3f260ec0,bf358e0a,1,25339004

9598,-884,-5586,-223,-3574,-16597,268,-849,4609,-1135,3e4b1c3b,be3a4162,3f263bcd,bf361664,3e4b1c2f,be3a4165,3f263bc6,bf36166a,1,25347522

9599,-1115,-4933,-546,-3462,-16513,941,-871,4707,-1134,3e47e088,be345ae6,3f265027,bf369be4,3e47e07e,be345aeb,3f265021,bf369beb,1,25356041

9600,-1081,-4329,-738,-2857,-16157,1811,-863,4693,-1125,3e4553a7,be2ed8fe,3f2657ab,bf3716f8,3e45539c,be2ed902,3f2657a4,bf3716fe,1,25364559

9601,-769,-3889,-744,-2218,-15638,2437,-863,4693,-1125,3e43109c,be29d5c1,3f2662f0,bf377ee4,3e431092,be29d5c6,3f2662e9,bf377eea,1,25373078

9602,-314,-3633,-758,-4245,-17216,2659,-873,4757,-1256,3e410f0c,be24ffa9,3f26872b,bf37c683,3e410f02,be24ffae,3f268724,bf37c688,1,25381597

9603,-486,-2895,-1244,-2708,-17191,1580,-885,4739,-1266,3e3ffd9a,be2099c3,3f26a001,bf380033,3e3ffd92,be2099ca,3f269ffc,bf38003a,1,25390115

9604,-1019,-2038,-1795,-2270,-15479,2243,-903,4799,-1310,3e404ebe,be1c5cd8,3f268982,bf3849a0,3e404eb5,be1c5cde,3f26897c,bf3849a5,1,25398634

9605,-720,-1646,-1543,-2902,-16085,1537,-903,4799,-1310,3e40a6e3,be18cd1c,3f26837a,bf387917,3e40a6db,be18cd23,3f268375,bf38791d,1,25407153

9606,-553,-1164,-1091,-3037,-16347,1245,-875,4745,-1336,3e40eb32,be1623ad,3f267bb9,bf389e94,3e40eb29,be1623b3,3f267bb3,bf389e9a,1,25415671

9607,-430,-722,-598,-286,-13122,2522,-911,4709,-1333,3e40d56c,be1497f2,3f265698,bf38d573,3e40d563,be1497f8,3f265692,bf38d579,1,25423689

9608,230,-1070,398,-2262,-16312,898,-911,4709,-1333,3e3f8620,be139920,3f266c16,bf38e4a7,3e3f8616,be139925,3f266c10,bf38e4ac,1,25432208

9609,564,-947,1183,-2409,-17445,262,-867,4725,-1285,3e3d7d14,be13828d,3f268e26,bf38e8a8,3e3d7d0a,be138292,3f268e20,bf38e8ad,1,25440726

9610,217,-663,1733,353,-15900,926,-827,4693,-1309,3e3b029b,be14508c,3f268759,bf390cd8,3e3b0292,be145093,3f268755,bf390cdd,1,25449245

9611,293,-1245,2970,-3,-14729,1433,-827,4693,-1309,3e36e41c,be1594be,3f267a67,bf394a05,3e36e412,be1594c4,3f267a62,bf394a08,1,25457764

9612,822,-1840,4133,-976,-16042,2375,-753,4585,-1292,3e3130d8,be1736df,3f268167,bf398717,3e3130cf,be1736e5,3f268163,bf39871b,1,25466282

9613,1220,-1495,2792,-1493,-17946,901,-765,4639,-1358,3e2cfcd3,be181fd4,3f26b870,bf39893c,3e2cfcca,be181fd9,3f26b86b,bf39893f,1,25474801

9614,1005,-653,1031,-312,-16840,1276,-765,4639,-1358,3e2b22c4,be185ec2,3f26e733,bf397771,3e2b22bb,be185ec8,3f26e72f,bf397774,1,25483320

9615,869,-758,584,-646,-16449,1392,-757,4597,-1326,3e29b146,be180dcf,3f27144a,bf396836,3e29b13d,be180dd5,3f271446,bf396839,1,25491839

9616,910,-957,450,-1106,-17419,300,-765,4571,-1294,3e2837b9,be177237,3f275046,bf394f92,3e2837b0,be17723d,3f275042,bf394f95,1,25500357

9617,633,-824,370,-1267,-16981,72,-719,4603,-1303,3e26ff03,be16d23d,3f277b5c,bf39427a,3e26fefa,be16d243,3f277b58,bf39427d,1,25508876

9618,300,-539,484,-1166,-16453,23,-719,4603,-1303,3e25f877,be167fe9,3f278cde,bf394594,3e25f86f,be167fef,3f278cdb,bf394598,1,25516894

9619,202,-41,584,-1444,-16395,265,-699,4569,-1307,3e255362,be16ad00,3f278f43,bf394a59,3e255359,be16ad05,3f278f3f,bf394a5c,1,25525412

9620,156,499,639,-1074,-16209,-979,-731,4567,-1276,3e250d9f,be177b9e,3f278c43,bf39466a,3e250d97,be177ba4,3f278c40,bf39466e,1,25533931

9621,185,998,767,-1263,-16351,350,-731,4567,-1276,3e2520ae,be18d0ed,3f277d08,bf39419b,3e2520a7,be18d0f4,3f277d05,bf3941a0,1,25542450

9622,87,1111,848,-506,-17001,475,-651,4463,-1325,3e252855,be1a5c12,3f276250,bf3944dc,3e25284d,be1a5c18,3f27624c,bf3944df,1,25550968

9623,-75,1040,683,-208,-15924,447,-755,4547,-1306,3e254ed3,be1bb25e,3f274149,bf394ea2,3e254ecb,be1bb264,3f274145,bf394ea5,1,25559487

9624,80,914,419,-715,-16425,-591,-755,4547,-1306,3e2599ad,be1cb38a,3f2734ad,bf39484a,3e2599a6,be1cb391,3f2734aa,bf39484e,1,25568005

9625,197,881,574,30,-16333,85,-663,4519,-1270,3e25a38a,be1de0e4,3f272952,bf3941ff,3e25a383,be1de0ea,3f27294e,bf394202,1,25576524

9626,145,384,804,-444,-16734,950,-647,4479,-1218,3e251ac6,be1eb305,3f271acd,bf394b81,3e251abf,be1eb30b,3f271ac9,bf394b84,1,25585043

9627,34,444,610,187,-16138,1750,-647,4479,-1218,3e24c888,be1f6c6b,3f26ffe7,bf395e5f,3e24c881,be1f6c71,3f26ffe3,bf395e62,1,25593561

9628,194,372,394,308,-15562,1655,-665,4479,-1328,3e248a6f,be1fed38,3f26f0ae,bf396899,3e248a69,be1fed3e,3f26f0aa,bf39689c,1,25602080

9629,956,108,346,-125,-15398,1656,-697,4465,-1296,3e240639,be203eee,3f27158d,bf394a4b,3e240634,be203ef5,3f27158a,bf394a4f,1,25610599

9630,1379,-9,461,-698,-16328,858,-659,4491,-1224,3e234282,be209fe1,3f275cb6,bf390f96,3e23427c,be209fe7,3f275cb3,bf390f9a,1,25619117

9631,1543,79,500,-312,-16581,885,-659,4491,-1224,3e2276ea,be2130b6,3f27aaf0,bf38cc0f,3e2276e4,be2130bc,3f27aaed,bf38cc13,1,25627135

9632,1584,61,177,-500,-16783,-210,-613,4401,-1329,3e21ed97,be217685,3f280467,bf387e75,3e21ed90,be21768a,3f280464,bf387e78,1,25635654

9633,1681,-114,-45,-22,-15541,2983,-647,4437,-1202,3e217b30,be215406,3f284e54,bf384332,3e217b2a,be21540c,3f284e52,bf384336,1,25644172

9634,125,371,-177,158,-17841,790,-647,4437,-1202,3e21d3ea,be2155bb,3f284a99,bf3841a6,3e21d3e3,be2155c0,3f284a96,bf3841a9,1,25652691

9635,305,954,-77,-758,-15991,2255,-639,4483,-1241,3e22ae3c,be21d3c6,3f283c73,bf383ba4,3e22ae35,be21d3cb,3f283c70,bf383ba7,1,25661210

9636,509,1691,-584,-210,-16896,629,-661,4471,-1207,3e248080,be22c794,3f2844f4,bf380c8d,3e248079,be22c799,3f2844f1,bf380c90,1,25669728

9637,317,1414,-371,-7,-15614,1430,-661,4471,-1207,3e25ea4e,be239a07,3f283b6f,bf37f549,3e25ea47,be239a0c,3f283b6c,bf37f54c,1,25678247

9638,700,1192,-260,256,-15985,1395,-717,4485,-1274,3e26e945,be246bc5,3f28496f,bf37ce5d,3e26e93c,be246bc9,3f28496b,bf37ce5f,1,25686765

9639,1049,991,-280,912,-17166,245,-653,4457,-1245,3e279ba5,be2533f3,3f287714,bf378f25,3e279b9c,be2533f8,3f287711,bf378f27,1,25695284

9640,701,368,-312,1346,-17030,648,-653,4457,-1245,3e27d401,be2554bc,3f28951c,bf376e80,3e27d3f9,be2554c2,3f289519,bf376e83,1,25703803

9641,152,-321,-242,-96,-17015,-274,-649,4461,-1234,3e27a00d,be24a2c9,3f28a209,bf376f97,3e27a006,be24a2cf,3f28a206,bf376f9a,1,25712321

9642,-434,-812,-4,-469,-16308,-52,-657,4411,-1258,3e26ed5c,be23832d,3f288e3f,bf379c04,3e26ed55,be238333,3f288e3c,bf379c07,1,25720840

9643,-852,-1353,30,-213,-16455,609,-657,4411,-1258,3e25cd74,be21d2c0,3f2863e0,bf37eb15,3e25cd6d,be21d2c6,3f2863dd,bf37eb18,1,25728858

9644,-784,-1490,-16,426,-16146,930,-631,4443,-1186,3e248a9d,be200cfe,3f283dec,bf3838b0,3e248a96,be200d04,3f283de9,bf3838b3,1,25737377

9645,-602,-1517,-336,-348,-16579,470,-685,4441,-1276,3e2394b2,be1df0d7,3f282b24,bf38749f,3e2394ab,be1df0dd,3f282b21,bf3874a2,1,25745895

9646,-445,-1320,-478,-516,-16188,762,-651,4519,-1256,3e22eacd,be1be785,3f281fb9,bf38a41f,3e22eac6,be1be78b,3f281fb6,bf38a422,1,25754414

9647,-215,-966,-454,-333,-16465,660,-651,4519,-1256,3e22776f,be1a4d06,3f281dbd,bf38c1d4,3e227769,be1a4d0c,3f281dbb,bf38c1d7,1,25762932

9648,184,-722,-310,211,-15824,986,-741,4483,-1264,3e21f6ae,be19310e,3f282bca,bf38cae0,3e21f6a7,be193114,3f282bc8,bf38cae2,1,25771451

9649,487,-793,-250,-497,-15783,795,-689,4565,-1306,3e21588c,be180c65,3f284e37,bf38c347,3e215885,be180c6b,3f284e35,bf38c349,1,25779970

9650,592,-1142,-242,-911,-16674,251,-689,4565,-1306,3e206bfb,be16965d,3f287f8a,bf38b657,3e206bf4,be169663,3f287f87,bf38b658,1,25788488

9651,489,-1317,-195,-610,-17069,129,-713,4507,-1257,3e1f4bb5,be1505cf,3f28acdc,bf38b0e0,3e1f4bae,be1505d5,3f28acd9,bf38b0e2,1,25797007

9652,201,-1429,-119,-1482,-15819,1463,-689,4485,-1311,3e1e2d5e,be132dfc,3f28c00d,bf38c65e,3e1e2d57,be132e02,3f28c00a,bf38c660,1,25805525

9653,88,-1303,-259,-1153,-16661,620,-689,4485,-1311,3e1d3fce,be11685f,3f28d25c,bf38d8c3,3e1d3fc6,be116864,3f28d258,bf38d8c4,1,25814044

9654,-16,-1281,-250,-790,-16733,318,-733,4575,-1338,3e1c4fec,be0fb229,3f28df45,bf38ef19,3e1c4fe5,be0fb22f,3f28df43,bf38ef1c,1,25822562

9655,-245,-1446,-321,-495,-16765,756,-745,4555,-1349,3e1b5157,be0dbc60,3f28ddc6,bf39160e,3e1b514e,be0dbc65,3f28ddc2,bf391610,1,25831081

9656,-258,-1504,-620,85,-16777,813,-745,4555,-1349,3e1a7fdc,be0b8650,3f28de70,bf393b46,3e1a7fd3,be0b8655,3f28de6c,bf393b48,1,25839099

9657,-252,-1854,-945,-89,-16455,742,-771,4579,-1356,3e19b38c,be08b024,3f28e83c,bf395ec9,3e19b385,be08b029,3f28e839,bf395ecc,1,25847618

9658,-346,-2204,-1136,-659,-15920,1001,-759,4553,-1348,3e18dba2,be054307,3f28f159,bf39898a,3e18db9b,be05430c,3f28f156,bf39898d,1,25856136

9659,-330,-2217,-1293,-790,-16174,1065,-729,4551,-1408,3e182524,be01aac5,3f28fb9b,bf39b24f,3e18251d,be01aaca,3f28fb98,bf39b252,1,25864655

9660,-325,-2105,-1286,-829,-16610,652,-729,4551,-1408,3e1781e6,bdfc6b0c,3f290798,bf39d5d9,3e1781dd,bdfc6b13,3f290794,bf39d5da,1,25873173

9661,-319,-2010,-1196,-998,-16354,1135,-803,4581,-1397,3e16e542,bdf5ca73,3f290eb9,bf39fada,3e16e539,bdf5ca7b,3f290eb5,bf39fadc,1,25881692

9662,-169,-1700,-1168,-1091,-16430,733,-751,4579,-1470,3e167b19,bdefda60,3f291c59,bf3a12d7,3e167b10,bdefda69,3f291c56,bf3a12d9,1,25890211

9663,-96,-1703,-927,-1115,-16111,943,-751,4579,-1470,3e15d314,bdea5708,3f292a37,bf3a2ace,3e15d30c,bdea5711,3f292a34,bf3a2ad0,1,25898729

9664,-26,-1766,-782,-1205,-16053,886,-751,4591,-1436,3e14f910,bde4feac,3f293caa,bf3a3f93,3e14f908,bde4feb5,3f293ca8,bf3a3f96,1,25907248

9665,69,-1768,-615,-1359,-16189,926,-751,4601,-1450,3e13f4a3,bddff0d5,3f2952e0,bf3a50ef,3e13f49b,bddff0de,3f2952de,bf3a50f2,1,25915767

9666,141,-1732,-483,-1461,-16617,597,-751,4601,-1450,3e12d3f4,bddb3be9,3f296e1b,bf3a5cd8,3e12d3eb,bddb3bf1,3f296e18,bf3a5cdb,1,25924285

9667,80,-1697,-391,-1609,-16727,440,-743,4613,-1523,3e11a647,bdd6b06d,3f298438,bf3a6cb1,3e11a63d,bdd6b074,3f298435,bf3a6cb3,1,25932804

9668,-68,-1801,-212,-1515,-16095,749,-831,4589,-1420,3e103fb3,bdd23d2f,3f29904f,bf3a8767,3e103fa9,bdd23d36,3f29904c,bf3a8769,1,25940822

9669,-66,-1943,-19,-1561,-15978,1199,-831,4589,-1420,3e0e8e4e,bdcdcea1,3f29990c,bf3aa80a,3e0e8e44,bdcdcea8,3f299909,bf3aa80c,1,25949340

9670,61,-1833,120,-1553,-16278,916,-793,4603,-1475,3e0cc935,bdc9e30a,3f29a82f,bf3ac0e5,3e0cc92d,bdc9e313,3f29a82d,bf3ac0e8,1,25957859

9671,101,-1576,206,-1535,-16502,718,-809,4665,-1478,3e0b2581,bdc6a7c9,3f29b796,bf3ad46c,3e0b2578,bdc6a7d1,3f29b793,bf3ad46e,1,25966377

9672,21,-1418,232,-1528,-16511,862,-833,4601,-1521,3e09a05c,bdc3b6d7,3f29be23,bf3aece4,3e09a054,bdc3b6df,3f29be21,bf3aece6,1,25974896

9673,7,-1248,244,-1570,-16356,1052,-833,4601,-1521,3e08417c,bdc1161f,3f29c055,bf3b05e4,3e084174,bdc11626,3f29c053,bf3b05e6,1,25983415

9674,71,-983,242,-1332,-16233,1030,-773,4581,-1469,3e071624,bdbf0f4d,3f29c411,bf3b1866,3e07161c,bdbf0f53,3f29c40e,bf3b1867,1,25991933

9675,173,-860,241,-1271,-16213,1086,-789,4605,-1548,3e05ffe7,bdbd4803,3f29cae1,bf3b25f1,3e05ffe1,bdbd480b,3f29cae0,bf3b25f5,1,26000452

9676,275,-834,224,-1398,-16250,1073,-789,4605,-1548,3e04f433,bdbb8768,3f29d816,bf3b2cf3,3e04f42c,bdbb876e,3f29d814,bf3b2cf5,1,26008971

9677,346,-615,161,-1185,-16437,860,-751,4613,-1515,3e041ff6,bdba31d5,3f29e9b4,bf3b2bb0,3e041fef,bdba31da,3f29e9b1,bf3b2bb1,1,26017489

9678,349,-340,27,-997,-16623,693,-773,4617,-1519,3e03a470,bdb9367c,3f29fa8e,bf3b25b9,3e03a469,bdb93681,3f29fa8b,bf3b25ba,1,26026008

9679,258,-287,-90,-840,-16503,892,-773,4617,-1519,3e0350c9,bdb81f36,3f2a046d,bf3b24bc,3e0350c2,bdb81f3b,3f2a046a,bf3b24bd,1,26034026

9680,198,-372,-210,-952,-16447,852,-795,4587,-1534,3e030bcf,bdb69bbd,3f2a0c85,bf3b2655,3e030bc8,bdb69bc2,3f2a0c82,bf3b2656,1,26042544

9681,210,-316,-379,-1066,-16488,669,-753,4551,-1461,3e030067,bdb4eb7f,3f2a185a,bf3b22a5,3e030060,bdb4eb84,3f2a1857,bf3b22a6,1,26051063

9682,130,-203,-496,-1101,-16415,817,-753,4551,-1461,3e032e5d,bdb33448,3f2a1dde,bf3b2237,3e032e57,bdb3344e,3f2a1ddd,bf3b223a,1,26059581

9683,91,-106,-553,-788,-16368,932,-707,4587,-1534,3e03750c,bdb19a70,3f2a1de2,bf3b2535,3e037506,bdb19a75,3f2a1de0,bf3b2538,1,26068100

9684,116,-366,-446,-1249,-16480,1005,-773,4547,-1502,3e03748a,bdaf9c03,3f2a220c,bf3b28f9,3e037483,bdaf9c07,3f2a2209,bf3b28fa,1,26076619

9685,176,-670,-419,-1130,-16566,945,-707,4565,-1460,3e03244e,bdad2640,3f2a2dda,bf3b2aed,3e032447,bdad2644,3f2a2dd7,bf3b2aee,1,26085137

9686,149,-524,-657,-1322,-16249,961,-707,4565,-1460,3e033533,bdaa7fc3,3f2a3801,bf3b2aaf,3e03352d,bdaa7fc8,3f2a3800,bf3b2ab1,1,26093656

9687,182,-408,-712,-885,-15763,982,-725,4559,-1519,3e035e74,bda810d4,3f2a417d,bf3b290d,3e035e6e,bda810d8,3f2a417b,bf3b290f,1,26102174

9688,228,-521,-569,-1251,-16174,950,-677,4525,-1514,3e035175,bda59a67,3f2a4e9d,bf3b2677,3e03516f,bda59a6b,3f2a4e9b,bf3b2679,1,26110693

9689,280,-658,-500,-1571,-16656,559,-677,4525,-1514,3e03187b,bda2fc1a,3f2a62f7,bf3b1fa0,3e031875,bda2fc1e,3f2a62f5,bf3b1fa2,1,26119212

9690,213,-459,-598,-1614,-16502,702,-737,4559,-1515,3e0328a1,bda08b8c,3f2a70e8,bf3b1aa9,3e03289b,bda08b90,3f2a70e6,bf3b1aab,1,26127730

9691,152,-342,-665,-1639,-16313,887,-747,4537,-1603,3e0362ed,bd9e219a,3f2a773f,bf3b1a8d,3e0362e7,bd9e219e,3f2a773d,bf3b1a8f,1,26136249

9692,189,-287,-630,-1542,-16363,778,-747,4537,-1603,3e039bb9,bd9befe7,3f2a7fc3,bf3b17a8,3e039bb4,bd9befec,3f2a7fc1,bf3b17ab,1,26144267

9693,166,-317,-549,-1604,-16329,804,-695,4529,-1571,3e03bba3,bd99d1d0,3f2a86e0,bf3b16ca,3e03bb9e,bd99d1d5,3f2a86de,bf3b16cd,1,26152785

9694,140,-438,-327,-1617,-16272,847,-669,4523,-1570,3e0389f6,bd97d88f,3f2a8bdd,bf3b1adf,3e0389f1,bd97d894,3f2a8bdb,bf3b1ae2,1,26161304

9695,167,-444,-177,-1652,-16292,855,-669,4523,-1570,3e0331df,bd962108,3f2a919b,bf3b1f0c,3e0331d9,bd96210c,3f2a9198,bf3b1f0f,1,26169823

9696,209,-341,-229,-1506,-16387,840,-761,4529,-1467,3e02fde3,bd94a095,3f2a9b19,bf3b1d77,3e02fddd,bd94a099,3f2a9b16,bf3b1d7a,1,26178341

9697,228,-273,-327,-1708,-16347,669,-691,4535,-1505,3e02f280,bd930950,3f2aa61d,bf3b18f1,3e02f27a,bd930954,3f2aa61a,bf3b18f4,1,26186860

9698,261,-187,-151,-1268,-16430,799,-739,4567,-1641,3e02bdfd,bd91f9ab,3f2aadbf,bf3b1798,3e02bdf8,bd91f9b1,3f2aadbe,bf3b179d,1,26195379

9699,259,-129,-92,-1457,-16363,855,-739,4567,-1641,3e028d71,bd91142d,3f2ab3f2,bf3b16da,3e028d6a,bd911431,3f2ab3ef,bf3b16dd,1,26203897

9700,257,-186,-307,-1401,-16394,895,-763,4571,-1557,3e02872c,bd8fc084,3f2abd24,bf3b12d6,3e028725,bd8fc088,3f2abd20,bf3b12d8,1,26212416

9701,314,-248,-421,-1604,-16216,958,-761,4489,-1494,3e029517,bd8e180e,3f2acba3,bf3b0a0f,3e029511,bd8e1813,3f2acba0,bf3b0a12,1,26220935

9702,380,-197,-386,-1737,-16376,777,-761,4489,-1494,3e02a610,bd8c9b17,3f2adecd,bf3afc50,3e02a60a,bd8c9b1c,3f2adeca,bf3afc53,1,26229453

9703,385,-61,-376,-1754,-16532,528,-753,4519,-1600,3e02cdac,bd8b5e85,3f2af0c0,bf3aeddf,3e02cda6,bd8b5e8a,3f2af0bd,bf3aede2,1,26237972

9704,285,18,-357,-1732,-16327,726,-753,4521,-1573,3e0305d1,bd8a498f,3f2afa76,bf3ae5bf,3e0305cc,bd8a4994,3f2afa74,bf3ae5c2,1,26245989

9705,218,49,-303,-1638,-16388,713,-753,4521,-1573,3e0335ec,bd895d5f,3f2aff64,bf3ae1d9,3e0335e7,bd895d64,3f2aff62,bf3ae1dc,1,26254508

9706,205,11,-247,-1497,-16401,831,-729,4557,-1545,3e034d52,bd8881aa,3f2b031f,bf3adfee,3e034d4c,bd8881ae,3f2b031d,bf3adff0,1,26263027

9707,196,-72,-228,-1444,-16413,759,-755,4573,-1557,3e034bb9,bd878987,3f2b0776,bf3adedb,3e034bb2,bd87898a,3f2b0772,bf3adedc,1,26271545

9708,181,-229,-245,-1576,-16409,672,-755,4573,-1557,3e032e63,bd863550,3f2b0d5f,bf3ade91,3e032e5d,bd863554,3f2b0d5c,bf3ade93,1,26280064

9709,129,-355,-257,-1593,-16394,760,-783,4521,-1577,3e02f83d,bd849523,3f2b1070,bf3ae2c6,3e02f837,bd849527,3f2b106d,bf3ae2c9,1,26288582

9710,115,-447,-277,-1574,-16390,733,-763,4573,-1545,3e02b357,bd82c453,3f2b1490,bf3ae721,3e02b350,bd82c457,3f2b148d,bf3ae724,1,26297101

9711,126,-576,-340,-1651,-16320,939,-795,4581,-1533,3e02644c,bd80944d,3f2b19de,bf3aebcc,3e026445,bd809451,3f2b19db,bf3aebcf,1,26305620

9712,198,-669,-463,-1829,-16248,919,-795,4581,-1533,3e02219e,bd7bf74f,3f2b2576,bf3aeb27,3e022197,bd7bf757,3f2b2573,bf3aeb2a,1,26314138

9713,294,-615,-520,-2032,-16289,731,-769,4593,-1592,3e01f88c,bd76baa3,3f2b371a,bf3ae3c5,3e01f885,bd76baac,3f2b3718,bf3ae3c8,1,26322657

9714,304,-397,-452,-2095,-16222,692,-773,4585,-1540,3e01f264,bd729b2d,3f2b47be,bf3ada2f,3e01f25e,bd729b37,3f2b47bd,bf3ada33,1,26331176

9715,275,-169,-324,-2034,-16292,763,-773,4585,-1540,3e01fe7f,bd6fd21f,3f2b52e7,bf3ad306,3e01fe77,bd6fd226,3f2b52e4,bf3ad308,1,26339694

9716,278,-68,-222,-2015,-16349,685,-793,4591,-1557,3e02067e,bd6dcce3,3f2b5cf3,bf3acc0b,3e020676,bd6dcceb,3f2b5cf1,bf3acc0e,1,26348213

9717,291,-20,-136,-2254,-16392,449,-779,4603,-1616,3e020699,bd6c25e6,3f2b67a9,bf3ac44e,3e020690,bd6c25ed,3f2b67a6,bf3ac451,1,26356231

9718,255,126,-25,-1964,-16390,599,-779,4603,-1616,3e0205ae,bd6b897b,3f2b6cc2,bf3ac070,3e0205a6,bd6b8984,3f2b6cc0,bf3ac074,1,26364749

9719,169,130,57,-1822,-16310,743,-767,4589,-1554,3e01f209,bd6b4597,3f2b6bf0,bf3ac263,3e01f1ff,bd6b459e,3f2b6bec,bf3ac265,1,26373268

9720,146,81,119,-1599,-16412,647,-775,4591,-1596,3e01bc7d,bd6b1b1d,3f2b69d4,bf3ac6db,3e01bc74,bd6b1b25,3f2b69d1,bf3ac6dd,1,26381786

9721,112,-55,71,-1743,-16373,748,-775,4591,-1596,3e017929,bd6a2583,3f2b66ab,bf3acde2,3e017920,bd6a258b,3f2b66a8,bf3acde4,1,26390305

9722,77,-162,7,-1676,-16363,703,-819,4633,-1619,3e012c7f,bd688f99,3f2b62ee,bf3ad69a,3e012c76,bd688fa2,3f2b62ec,bf3ad69d,1,26398824

9723,65,-162,-41,-1721,-16489,716,-809,4627,-1571,3e00ee6e,bd66d316,3f2b5f85,bf3ade91,3e00ee65,bd66d31e,3f2b5f82,bf3ade94,1,26407342

9724,68,-133,-115,-1784,-16471,683,-805,4571,-1609,3e00c864,bd64df85,3f2b5bd8,bf3ae5fb,3e00c85b,bd64df8c,3f2b5bd4,bf3ae5fd,1,26415861

9725,56,-98,-171,-1870,-16327,733,-805,4571,-1609,3e00bafb,bd62cd3c,3f2b5701,bf3aed84,3e00baf3,bd62cd44,3f2b56fe,bf3aed87,1,26424379

9726,60,-51,-162,-1941,-16378,735,-823,4609,-1586,3e00b8fd,bd60f3ab,3f2b5285,bf3af3f3,3e00b8f5,bd60f3b3,3f2b5282,bf3af3f6,1,26432898

9727,63,-30,-135,-1970,-16193,823,-845,4599,-1510,3e00b9a1,bd5f51cd,3f2b4e95,bf3af97d,3e00b998,bd5f51d3,3f2b4e91,bf3af97e,1,26441417

9728,98,-26,-79,-1963,-16266,792,-845,4599,-1510,3e00abf6,bd5df04d,3f2b4cc5,bf3afd61,3e00abee,bd5df054,3f2b4cc2,bf3afd63,1,26449434

9729,115,-59,25,-1893,-16215,834,-851,4649,-1583,3e007925,bd5cc874,3f2b4a64,bf3b031d,3e00791d,bd5cc87b,3f2b4a61,bf3b031f,1,26457953

9730,167,-128,163,-1981,-16311,803,-823,4637,-1459,3e001a04,bd5bf22c,3f2b4da2,bf3b0534,3e0019fc,bd5bf233,3f2b4d9f,bf3b0536,1,26466479

9731,197,-151,277,-1999,-16368,707,-823,4637,-1459,3dff3256,bd5b71bd,3f2b531c,bf3b0648,3dff3246,bd5b71c4,3f2b5319,bf3b064a,1,26474997

9732,171,-153,398,-2020,-16352,711,-817,4599,-1554,3dfdef19,bd5b3f8d,3f2b54d3,bf3b0bd1,3dfdef08,bd5b3f93,3f2b54cf,bf3b0bd2,1,26483516

9733,140,-133,518,-1854,-16298,703,-837,4617,-1566,3dfc7363,bd5b9886,3f2b53bc,bf3b146f,3dfc7354,bd5b988e,3f2b53ba,bf3b1471,1,26492034

9734,128,-136,588,-1840,-16452,647,-837,4617,-1566,3dfad381,bd5c2f04,3f2b5215,bf3b1e00,3dfad370,bd5c2f0b,3f2b5212,bf3b1e01,1,26500553

9735,118,-100,600,-1899,-16384,718,-787,4601,-1589,3df94025,bd5cde2f,3f2b4e60,bf3b2903,3df94014,bd5cde35,3f2b4e5c,bf3b2903,1,26509072

9736,109,-23,585,-1758,-16390,686,-835,4619,-1468,3df7dbe1,bd5df4a3,3f2b4bb5,bf3b318e,3df7dbd1,bd5df4a9,3f2b4bb2,bf3b318f,1,26517590

9737,112,28,602,-1724,-16356,710,-899,4591,-1579,3df67eb2,bd5f39b8,3f2b46c1,bf3b3bc6,3df67ea3,bd5f39bf,3f2b46bf,bf3b3bc8,1,26526109

9738,107,-6,718,-1516,-16308,678,-899,4591,-1579,3df4cf7b,bd60dc19,3f2b4170,bf3b4786,3df4cf6b,bd60dc1f,3f2b416e,bf3b4787,1,26534628

9739,75,-120,834,-1560,-16361,810,-801,4589,-1568,3df2b7c4,bd62648d,3f2b39c9,bf3b5791,3df2b7b4,bd626493,3f2b39c7,bf3b5792,1,26543146

9740,86,-269,911,-1606,-16291,853,-799,4587,-1612,3df0384f,bd638c38,3f2b32d8,bf3b6962,3df0383f,bd638c3e,3f2b32d6,bf3b6963,1,26551665

9741,123,-408,1012,-1550,-16376,554,-799,4587,-1612,3ded4487,bd6497c3,3f2b3159,bf3b7885,3ded4478,bd6497ca,3f2b3158,bf3b7887,1,26559683

9742,118,-557,1192,-1352,-16244,817,-787,4605,-1564,3de9b2c4,bd65c89c,3f2b2ee1,bf3b8b40,3de9b2b5,bd65c8a2,3f2b2ee0,bf3b8b42,1,26568207

9743,146,-664,1238,-1373,-16373,874,-763,4611,-1567,3de5dc26,bd66b509,3f2b2e73,bf3b9d7c,3de5dc14,bd66b50d,3f2b2e70,bf3b9d7b,1,26576726

9744,205,-694,1160,-1292,-16334,828,-763,4611,-1567,3de21ad4,bd674c12,3f2b328b,bf3bab44,3de21ac5,bd674c1a,3f2b328b,bf3bab46,1,26585244

9745,236,-698,1066,-1405,-16328,819,-735,4581,-1566,3dde8c94,bd677ad8,3f2b38ff,bf3bb627,3dde8c83,bd677adf,3f2b38fe,bf3bb628,1,26593763

9746,266,-613,967,-1510,-16521,789,-813,4579,-1592,3ddb5b83,bd67981d,3f2b4104,bf3bbdba,3ddb5b71,bd679823,3f2b4102,bf3bbdba,1,26602282

9747,253,-450,746,-1443,-16483,551,-813,4579,-1592,3dd8deaa,bd679768,3f2b496b,bf3bc19f,3dd8de9a,bd679770,3f2b496a,bf3bc1a1,1,26610800

9748,187,-321,584,-1481,-16477,615,-763,4587,-1514,3dd6f6f1,bd6780a1,3f2b4e0b,bf3bc648,3dd6f6e0,bd6780a7,3f2b4e08,bf3bc649,1,26619319

9749,118,-281,549,-1387,-16482,717,-745,4563,-1570,3dd52cef,bd676158,3f2b4c7d,bf3bd002,3dd52cde,bd67615e,3f2b4c7a,bf3bd003,1,26627837

9750,89,-259,516,-1256,-16510,611,-743,4557,-1551,3dd37949,bd6749e9,3f2b4a14,bf3bda03,3dd3793a,bd6749f1,3f2b4a12,bf3bda05,1,26636356

9751,52,-273,584,-1224,-16355,659,-743,4557,-1551,3dd19f9c,bd675c45,3f2b44d8,bf3be6fd,3dd19f8c,bd675c4c,3f2b44d5,bf3be6fe,1,26644875

9752,40,-335,820,-1128,-16386,763,-743,4593,-1558,3dcf32d1,bd680b76,3f2b3d85,bf3bf793,3dcf32c2,bd680b7d,3f2b3d83,bf3bf795,1,26653393

9753,62,-431,1019,-1034,-16264,791,-733,4607,-1661,3dcc2cc5,bd690248,3f2b355f,bf3c0b0a,3dcc2cb5,bd69024f,3f2b355c,bf3c0b0b,1,26661411

9754,103,-485,1071,-1188,-16326,895,-733,4607,-1661,3dc8fede,bd69de35,3f2b2f4a,bf3c1d35,3dc8fece,bd69de3c,3f2b2f47,bf3c1d36,1,26669930

9755,137,-428,980,-1095,-16435,749,-743,4605,-1636,3dc614c0,bd6ab804,3f2b2ce6,bf3c2aaf,3dc614b0,bd6ab80b,3f2b2ce3,bf3c2ab0,1,26678448

9756,115,-413,905,-1126,-16379,794,-763,4567,-1685,3dc357d7,bd6b4397,3f2b2815,bf3c39d5,3dc357c8,bd6b439f,3f2b2813,bf3c39d7,1,26686967

9757,104,-382,848,-1009,-16372,726,-763,4567,-1685,3dc0c0d3,bd6bc66d,3f2b231d,bf3c4864,3dc0c0c3,bd6bc674,3f2b231b,bf3c4865,1,26695486

9758,78,-434,873,-872,-16399,659,-769,4523,-1620,3dbe05a2,bd6c462c,3f2b1e53,bf3c5738,3dbe0591,bd6c4632,3f2b1e50,bf3c5738,1,26704004

9759,76,-472,931,-1007,-16088,988,-749,4591,-1656,3dbb2733,bd6cae85,3f2b165d,bf3c696d,3dbb2722,bd6cae8c,3f2b165b,bf3c696e,1,26712523

9760,161,-430,876,-973,-16375,801,-749,4591,-1656,3db871fb,bd6d2273,3f2b1548,bf3c7484,3db871ea,bd6d227a,3f2b1546,bf3c7485,1,26721042

9761,207,-336,676,-996,-16386,826,-731,4523,-1641,3db64acf,bd6d3e6c,3f2b1735,bf3c7b03,3db64abe,bd6d3e73,3f2b1733,bf3c7b04,1,26729560

9762,231,-264,524,-941,-16431,821,-709,4513,-1630,3db48cbc,bd6d223a,3f2b1afb,bf3c7e6e,3db48cab,bd6d2241,3f2b1af9,bf3c7e6f,1,26738079

9763,228,-197,326,-968,-16557,695,-729,4531,-1610,3db35320,bd6c9b61,3f2b2072,bf3c7ed0,3db35310,bd6c9b69,3f2b2070,bf3c7ed2,1,26746597

9764,199,-92,130,-890,-16424,732,-729,4531,-1610,3db2a7f8,bd6bcf26,3f2b23f1,bf3c7f2d,3db2a7e9,bd6bcf2e,3f2b23ef,bf3c7f2f,1,26754615

9765,183,24,-1,-803,-16550,664,-671,4569,-1602,3db26d72,bd6b0be9,3f2b26ce,bf3c7e66,3db26d63,bd6b0bf1,3f2b26cb,bf3c7e68,1,26763634

9766,160,97,-123,-772,-16357,773,-723,4515,-1596,3db290ba,bd6a21d6,3f2b2782,bf3c7e5f,3db290ab,bd6a21df,3f2b2780,bf3c7e62,1,26771652

9767,157,108,-188,-751,-16365,805,-723,4515,-1596,3db2d7cb,bd690a96,3f2b2804,bf3c7e36,3db2d7bc,bd690a9e,3f2b2801,bf3c7e38,1,26780171

9768,188,91,-222,-786,-16339,771,-685,4543,-1628,3db3253c,bd67bdbf,3f2b2a71,bf3c7c76,3db3252e,bd67bdc8,3f2b2a6e,bf3c7c79,1,26788690

9769,212,73,-224,-710,-16372,667,-677,4531,-1695,3db35f72,bd665ca7,3f2b2e03,bf3c7a0c,3db35f64,bd665cb0,3f2b2e00,bf3c7a0f,1,26797208

9770,219,-2,-116,-1039,-16379,733,-677,4531,-1695,3db35422,bd64ea28,3f2b31bf,bf3c7895,3db35415,bd64ea32,3f2b31bc,bf3c7899,1,26805727

9771,174,-29,-28,-1021,-16349,774,-685,4555,-1664,3db314db,bd63b1ed,3f2b32c3,bf3c7a14,3db314ce,bd63b1f6,3f2b32c0,bf3c7a17,1,26814245

9772,170,-22,1,-890,-16389,743,-679,4535,-1674,3db2c156,bd62a88c,3f2b3348,bf3c7c1a,3db2c148,bd62a893,3f2b3343,bf3c7c1c,1,26822764

9773,169,-56,13,-805,-16449,796,-679,4535,-1674,3db253c3,bd619236,3f2b3380,bf3c7ed3,3db253b6,bd61923f,3f2b337c,bf3c7ed7,1,26831282

9774,193,-114,4,-779,-16413,811,-743,4495,-1719,3db1cb1d,bd60349b,3f2b34a0,bf3c8171,3db1cb10,bd6034a4,3f2b349c,bf3c8175,1,26839801

9775,213,-159,-37,-909,-16381,665,-707,4533,-1687,3db14ba5,bd5e84fd,3f2b396d,bf3c80f6,3db14b98,bd5e8506,3f2b3969,bf3c80fa,1,26848320

9776,207,-149,-63,-831,-16473,590,-707,4533,-1687,3db0d8d7,bd5cd3dd,3f2b3e6b,bf3c801a,3db0d8c9,bd5cd3e6,3f2b3e67,bf3c801d,1,26856338

9777,156,-120,-61,-1106,-16389,684,-721,4507,-1664,3db084e8,bd5b1c8f,3f2b3fd1,bf3c820e,3db084db,bd5b1c9a,3f2b3fcf,bf3c8212,1,26865357

9778,119,-58,-90,-993,-16411,675,-683,4527,-1654,3db0563a,bd59958d,3f2b3ece,bf3c8570,3db0562d,bd599596,3f2b3eca,bf3c8572,1,26873375

9779,101,-11,-108,-858,-16396,755,-713,4503,-1607,3db042f1,bd5844c2,3f2b3c8d,bf3c8947,3db042e4,bd5844cc,3f2b3c8a,bf3c8949,1,26881894

9780,104,0,-98,-949,-16425,804,-713,4503,-1607,3db0343d,bd56fd6d,3f2b3a19,bf3c8d2e,3db03430,bd56fd77,3f2b3a16,bf3c8d30,1,26890412

9781,134,-17,-33,-1038,-16233,832,-647,4507,-1660,3daffc22,bd55c861,3f2b3823,bf3c9127,3daffc15,bd55c86d,3f2b3821,bf3c912a,1,26898937

9782,187,-21,33,-1026,-16323,776,-699,4533,-1655,3dafa0a4,bd54d96b,3f2b39e6,bf3c91f1,3dafa096,bd54d975,3f2b39e3,bf3c91f3,1,26907456

9783,212,-4,32,-948,-16389,715,-699,4533,-1655,3daf47a4,bd540930,3f2b3d86,bf3c90dd,3daf4796,bd54093a,3f2b3d83,bf3c90df,1,26915975

9784,206,4,82,-1100,-16379,722,-739,4491,-1628,3daee432,bd5360a4,3f2b40ef,bf3c8ff1,3daee425,bd5360b0,3f2b40ed,bf3c8ff4,1,26924493

9785,207,24,86,-1057,-16385,677,-733,4523,-1591,3dae88a8,bd52df71,3f2b453b,bf3c8def,3dae889b,bd52df7c,3f2b4538,bf3c8df1,1,26933012

9786,203,40,84,-964,-16492,631,-733,4523,-1591,3dae3012,bd527864,3f2b4972,bf3c8bd7,3dae3005,bd52786f,3f2b496f,bf3c8bd9,1,26941531

9787,151,30,107,-948,-16353,795,-667,4487,-1672,3dadc0a9,bd51fc7c,3f2b479a,bf3c8fa7,3dadc09d,bd51fc88,3f2b4797,bf3c8faa,1,26950049

9788,170,43,90,-970,-16442,706,-665,4541,-1624,3dad64da,bd518e79,3f2b489a,bf3c908c,3dad64ce,bd518e84,3f2b4896,bf3c908f,1,26958568

9789,160,47,52,-962,-16392,681,-665,4541,-1624,3dad1dc9,bd510227,3f2b4948,bf3c918f,3dad1dbd,bd510231,3f2b4943,bf3c9191,1,26966586

9790,140,85,28,-993,-16366,743,-703,4519,-1614,3dacf7a0,bd5080eb,3f2b484e,bf3c938d,3dacf794,bd5080f6,3f2b4849,bf3c938f,1,26975105

9791,165,142,21,-970,-16345,789,-679,4517,-1543,3dacf1f4,bd5044d2,3f2b4946,bf3c9302,3dacf1e9,bd5044dd,3f2b4942,bf3c9305,1,26983623

9792,197,175,35,-984,-16382,745,-713,4525,-1638,3dacecb0,bd50260e,3f2b4ac9,bf3c91da,3daceca4,bd502618,3f2b4ac4,bf3c91db,1,26992142

9793,207,188,64,-972,-16421,683,-713,4525,-1638,3dacdd84,bd5032a9,3f2b4d23,bf3c8fdf,3dacdd79,bd5032b5,3f2b4d20,bf3c8fe2,1,27000660

9794,201,185,91,-971,-16392,711,-697,4507,-1611,3dacc16d,bd5057e7,3f2b4f2d,bf3c8e43,3dacc161,bd5057f2,3f2b4f2a,bf3c8e45,1,27009179

9795,206,203,116,-988,-16296,790,-687,4575,-1641,3daca169,bd509c9b,3f2b5059,bf3c8d5c,3daca15c,bd509ca6,3f2b5055,bf3c8d5d,1,27017698

9796,257,231,157,-904,-16254,804,-687,4575,-1641,3dac73a0,bd5130f5,3f2b5420,bf3c89f1,3dac7394,bd513101,3f2b541d,bf3c89f2,1,27026216

9797,331,239,190,-829,-16335,774,-719,4529,-1732,3dac2a75,bd51e558,3f2b5ab4,bf3c8438,3dac2a6a,bd51e565,3f2b5ab2,bf3c8439,1,27034735

9798,386,219,185,-859,-16425,721,-689,4595,-1612,3dabe523,bd52a39b,3f2b6788,bf3c78b7,3dabe51a,bd52a3a8,3f2b6787,bf3c78b9,1,27043254

9799,393,215,185,-896,-16687,529,-689,4595,-1612,3dab9eab,bd535ee7,3f2b761e,bf3c6ba1,3dab9ea1,bd535ef3,3f2b761d,bf3c6ba2,1,27051772

9800,266,236,285,-1849,-16499,-564,-725,4589,-1650,3dab5a6f,bd5429e2,3f2b8227,bf3c60c1,3dab5a65,bd5429ee,3f2b8226,bf3c60c2,1,27060291

9801,-140,490,662,-644,-16580,484,-747,4571,-1631,3daaa947,bd577ef6,3f2b6b7a,bf3c7420,3daaa93d,bd577f01,3f2b6b78,bf3c7420,1,27068810

9802,-310,506,633,-260,-15413,1696,-747,4571,-1631,3da9ffe9,bd5aceaf,3f2b3eab,bf3c9b6c,3da9ffdf,bd5aceba,3f2b3ea9,bf3c9b6c,1,27076828

9803,-51,297,558,-404,-16123,1103,-751,4555,-1692,3da91943,bd5d0f2e,3f2b2951,bf3caf69,3da91939,bd5d0f3a,3f2b2950,bf3caf6a,1,27085346

9804,194,171,460,-519,-16495,846,-761,4511,-1563,3da8347f,bd5ea4c3,3f2b294f,bf3cb0c0,3da83474,bd5ea4ce,3f2b294e,bf3cb0c0,1,27093865

9805,297,116,260,-687,-16376,608,-711,4557,-1624,3da79ade,bd5f3cad,3f2b31b4,bf3caa91,3da79ad4,bd5f3cb9,3f2b31b5,bf3caa92,1,27102383

9806,244,105,202,-725,-16419,661,-711,4557,-1624,3da71d96,bd5f8914,3f2b36c8,bf3ca759,3da71d8b,bd5f891e,3f2b36c7,bf3ca758,1,27110902

9807,187,77,177,-598,-16450,739,-745,4547,-1657,3da69999,bd5fa391,3f2b3771,bf3ca873,3da6998e,bd5fa39b,3f2b3770,bf3ca872,1,27119420

9808,182,73,99,-543,-16488,665,-747,4555,-1633,3da63a14,bd5f80af,3f2b3926,bf3ca860,3da63a0a,bd5f80ba,3f2b3926,bf3ca861,1,27127939

9809,182,63,1,-624,-16357,739,-747,4555,-1633,3da60bac,bd5eef7f,3f2b3ada,bf3ca824,3da60ba1,bd5eef89,3f2b3ad9,bf3ca824,1,27136458

9810,205,65,-80,-637,-16388,719,-741,4495,-1662,3da60227,bd5e0fa1,3f2b3dcc,bf3ca6a0,3da6021c,bd5e0fab,3f2b3dcb,bf3ca6a0,1,27144976

9811,243,86,-146,-682,-16233,819,-707,4565,-1657,3da62575,bd5d085b,3f2b42b4,bf3ca2e5,3da6256b,bd5d0866,3f2b42b4,bf3ca2e6,1,27153495

9812,291,57,-162,-701,-16385,733,-707,4565,-1657,3da641ed,bd5bdc95,3f2b4b8a,bf3c9bda,3da641e3,bd5bdca0,3f2b4b8a,bf3c9bdb,1,27162013

9813,311,16,-154,-772,-16535,633,-719,4551,-1585,3da64fa7,bd5a9c38,3f2b57c3,bf3c9204,3da64f9d,bd5a9c42,3f2b57c2,bf3c9204,1,27170532

9814,270,28,-169,-830,-16519,628,-687,4529,-1646,3da66845,bd594095,3f2b6051,bf3c8b78,3da6683b,bd59409f,3f2b6050,bf3c8b78,1,27178550

9815,206,49,-148,-878,-16422,648,-687,4529,-1646,3da6849d,bd57ffa7,3f2b647c,bf3c88ba,3da68493,bd57ffb1,3f2b647b,bf3c88ba,1,27187069

9816,159,53,-105,-910,-16428,607,-709,4491,-1621,3da691d5,bd56e758,3f2b6629,bf3c8846,3da691cb,bd56e762,3f2b6628,bf3c8846,1,27195587

9817,130,76,-40,-910,-16396,653,-713,4523,-1659,3da68800,bd561513,3f2b64b8,bf3c8aa7,3da687f7,bd56151e,3f2b64b8,bf3c8aa8,1,27204106

9818,109,102,22,-817,-16421,626,-745,4539,-1628,3da669fe,bd55a78f,3f2b6252,bf3c8dbd,3da669f4,bd55a799,3f2b6251,bf3c8dbd,1,27212624

9819,91,128,51,-825,-16381,690,-745,4539,-1628,3da64ab2,bd556989,3f2b5e10,bf3c9250,3da64aa9,bd556994,3f2b5e0f,bf3c9251,1,27221143

9820,103,131,77,-798,-16353,701,-681,4541,-1679,3da6189b,bd553c55,3f2b595d,bf3c9777,3da61892,bd553c60,3f2b595c,bf3c9778,1,27229662

9821,111,127,102,-777,-16379,730,-709,4563,-1697,3da5d6c2,bd552237,3f2b54ad,bf3c9cc0,3da5d6b8,bd552240,3f2b54aa,bf3c9cc0,1,27238180

9822,125,123,112,-700,-16427,703,-709,4563,-1697,3da58959,bd551932,3f2b510d,bf3ca125,3da5894f,bd55193c,3f2b510b,bf3ca125,1,27246699

9823,124,123,87,-731,-16436,668,-735,4561,-1594,3da55316,bd550df2,3f2b4f93,bf3ca348,3da5530d,bd550dfc,3f2b4f92,bf3ca349,1,27255218

9824,105,134,62,-760,-16420,710,-709,4533,-1687,3da52803,bd54d9a4,3f2b4afa,bf3ca846,3da527fa,bd54d9ae,3f2b4af9,bf3ca847,1,27263736

9825,99,133,48,-690,-16414,718,-709,4533,-1687,3da4ffda,bd549fab,3f2b4602,bf3cad96,3da4ffd2,bd549fb6,3f2b4602,bf3cad97,1,27271754

9826,105,118,17,-708,-16383,756,-721,4523,-1641,3da4e539,bd54433b,3f2b4236,bf3cb1ce,3da4e530,bd544344,3f2b4235,bf3cb1ce,1,27280273

9827,129,116,4,-709,-16389,723,-727,4527,-1724,3da4c8a5,bd53c8e3,3f2b3ec6,bf3cb5da,3da4c89d,bd53c8ed,3f2b3ec5,bf3cb5db,1,27288792

9828,132,111,-17,-713,-16382,742,-727,4527,-1724,3da4b45d,bd533664,3f2b3b88,bf3cb9b7,3da4b455,bd53366e,3f2b3b87,bf3cb9b8,1,27297310

9829,144,82,-39,-758,-16349,742,-707,4545,-1641,3da4a6d0,bd5283b2,3f2b3ae3,bf3cbb42,3da4a6c7,bd5283bb,3f2b3ae1,bf3cbb43,1,27305829

9830,177,61,-47,-748,-16418,689,-719,4507,-1708,3da48b8c,bd51aa7f,3f2b3b9e,bf3cbbeb,3da48b83,bd51aa89,3f2b3b9c,bf3cbbec,1,27314348

9831,170,36,-35,-715,-16325,723,-727,4471,-1640,3da462a9,bd50d4c1,3f2b3cd8,bf3cbc49,3da462a0,bd50d4cb,3f2b3cd5,bf3cbc49,1,27322866

9832,189,16,-12,-777,-16352,724,-727,4471,-1640,3da427eb,bd4ffb03,3f2b3f52,bf3cbbc6,3da427e4,bd4ffb0e,3f2b3f50,bf3cbbc7,1,27331385

9833,201,12,44,-841,-16382,734,-709,4581,-1667,3da3d272,bd4f4780,3f2b421e,bf3cbb2b,3da3d26a,bd4f478a,3f2b421c,bf3cbb2c,1,27339904

9834,192,38,66,-827,-16423,711,-699,4557,-1662,3da37cc1,bd4ec309,3f2b4442,bf3cbaf4,3da37cb9,bd4ec313,3f2b4440,bf3cbaf5,1,27348422

9835,197,59,58,-796,-16394,712,-699,4557,-1662,3da332c3,bd4e503e,3f2b4692,bf3cba59,3da332bb,bd4e5048,3f2b4690,bf3cba5a,1,27356941

9836,210,69,48,-706,-16391,697,-691,4539,-1649,3da2ed67,bd4decd1,3f2b49df,bf3cb8b6,3da2ed5f,bd4decdb,3f2b49de,bf3cb8b7,1,27365459

9837,220,85,22,-725,-16461,685,-677,4535,-1700,3da2b80f,bd4d74b5,3f2b4d01,bf3cb71a,3da2b807,bd4d74bf,3f2b4d00,bf3cb71b,1,27373978

9838,214,93,-3,-748,-16422,676,-677,4535,-1700,3da29442,bd4cea95,3f2b4fe0,bf3cb590,3da29439,bd4cea9e,3f2b4fde,bf3cb591,1,27381996

9839,185,77,-8,-720,-16442,638,-757,4601,-1586,3da27734,bd4c6b51,3f2b5389,bf3cb32b,3da2772b,bd4c6b5a,3f2b5387,bf3cb32c,1,27390514

9840,146,56,10,-840,-16421,672,-737,4509,-1693,3da244e1,bd4bb85a,3f2b528e,bf3cb57d,3da244d9,bd4bb863,3f2b528c,bf3cb57e,1,27399033

9841,121,78,9,-836,-16377,728,-737,4509,-1693,3da21dc8,bd4b16c5,3f2b4f77,bf3cb982,3da21dbf,bd4b16cd,3f2b4f74,bf3cb982,1,27407552

9842,129,98,3,-751,-16360,750,-679,4539,-1700,3da1fc6a,bd4a8cd6,3f2b4c78,bf3cbd40,3da1fc62,bd4a8cdf,3f2b4c76,bf3cbd41,1,27416070

9843,149,89,17,-754,-16361,713,-731,4575,-1689,3da1d261,bd4a0fa6,3f2b4b64,bf3cbf51,3da1d25a,bd4a0faf,3f2b4b62,bf3cbf52,1,27424589

9844,171,75,26,-734,-16386,702,-723,4535,-1552,3da1a5e6,bd49acfb,3f2b4dfa,bf3cbdfa,3da1a5df,bd49ad04,3f2b4df8,bf3cbdfb,1,27433108

9845,191,69,15,-721,-16382,736,-723,4535,-1552,3da17af2,bd493d92,3f2b51a5,bf3cbbb0,3da17aea,bd493d9a,3f2b51a2,bf3cbbb1,1,27441626

9846,206,47,9,-750,-16368,734,-705,4573,-1656,3da141de,bd489cb0,3f2b54c6,bf3cba46,3da141d7,bd489cb9,3f2b54c4,bf3cba48,1,27450145

9847,230,20,0,-757,-16387,725,-707,4607,-1643,3da1025e,bd47df6c,3f2b59fe,bf3cb72b,3da10257,bd47df74,3f2b59fc,bf3cb72c,1,27458663

9848,252,22,-4,-792,-16391,685,-707,4607,-1643,3da0c6c0,bd471fa0,3f2b60dd,bf3cb284,3da0c6b9,bd471fa8,3f2b60db,bf3cb285,1,27467182

9849,259,51,6,-819,-16446,640,-737,4589,-1606,3da09738,bd468c69,3f2b68da,bf3cac7f,3da09730,bd468c71,3f2b68d7,bf3cac80,1,27475700

9850,233,59,19,-812,-16426,639,-653,4553,-1683,3da05cac,bd45f5fe,3f2b6d97,bf3ca997,3da05ca4,bd45f606,3f2b6d94,bf3ca998,1,27484219

9851,202,78,27,-784,-16396,675,-653,4553,-1683,3da0264d,bd4578c3,3f2b6ff2,bf3ca8af,3da02645,bd4578cc,3f2b6fef,bf3ca8b0,1,27492237

9852,199,93,39,-771,-16418,676,-689,4553,-1581,3d9ff930,bd452dc1,3f2b73aa,bf3ca635,3d9ff929,bd452dca,3f2b73a7,bf3ca637,1,27500755

9853,194,90,49,-765,-16429,645,-705,4549,-1571,3d9fc693,bd44ebc9,3f2b776d,bf3ca3bc,3d9fc68c,bd44ebd2,3f2b776a,bf3ca3be,1,27509274

9854,172,89,49,-737,-16391,696,-705,4549,-1571,3d9f930a,bd44a891,3f2b7972,bf3ca2d9,3d9f9303,bd44a89a,3f2b796f,bf3ca2db,1,27517793

9855,181,84,38,-713,-16331,760,-687,4555,-1702,3d9f563c,bd443bc4,3f2b795f,bf3ca42a,3d9f5635,bd443bcd,3f2b795c,bf3ca42c,1,27526311

9856,212,62,28,-681,-16398,697,-721,4527,-1639,3d9f16ea,bd43c78a,3f2b7cf6,bf3ca234,3d9f16e3,bd43c794,3f2b7cf3,bf3ca237,1,27534830

9857,223,23,34,-669,-16332,691,-701,4539,-1650,3d9ec11f,bd4331d6,3f2b8148,bf3ca002,3d9ec118,bd4331df,3f2b8145,bf3ca005,1,27543349

9858,238,-4,54,-765,-16359,707,-701,4539,-1650,3d9e5a11,bd42891f,3f2b868e,bf3c9d40,3d9e5a09,bd428927,3f2b868a,bf3c9d42,1,27551867

9859,269,7,43,-819,-16434,609,-705,4559,-1653,3d9dff44,bd41e0e4,3f2b8e76,bf3c97ed,3d9dff3d,bd41e0ee,3f2b8e73,bf3c97f0,1,27560386

9860,263,37,16,-809,-16439,611,-733,4561,-1681,3d9dbd74,bd4138fd,3f2b956e,bf3c931f,3d9dbd6c,bd413906,3f2b956b,bf3c9321,1,27568904

9861,250,63,18,-795,-16389,641,-733,4561,-1681,3d9d8625,bd40ac01,3f2b9b23,bf3c8f35,3d9d861e,bd40ac0b,3f2b9b21,bf3c8f38,1,27577423

9862,236,80,41,-775,-16410,646,-727,4611,-1705,3d9d4971,bd404219,3f2b9f6d,bf3c8c85,3d9d4969,bd404222,3f2b9f6b,bf3c8c88,1,27585942

9863,233,77,40,-768,-16446,618,-719,4585,-1729,3d9d08d0,bd3fce43,3f2ba33d,bf3c8a5b,3d9d08c8,bd3fce4b,3f2ba33a,bf3c8a5d,1,27593959

9864,210,94,45,-771,-16417,636,-719,4585,-1729,3d9cce65,bd3f6c59,3f2ba557,bf3c8998,3d9cce5e,bd3f6c61,3f2ba554,bf3c899a,1,27602478

9865,200,103,44,-775,-16387,652,-783,4565,-1602,3d9ca429,bd3f2e65,3f2ba8e4,bf3c8727,3d9ca421,bd3f2e6c,3f2ba8e1,bf3c8728,1,27610997

9866,195,103,50,-733,-16406,639,-767,4567,-1584,3d9c75f2,bd3efdb2,3f2bac6e,bf3c84b9,3d9c75eb,bd3efdba,3f2bac6c,bf3c84ba,1,27619515

9867,200,118,54,-703,-16426,626,-767,4567,-1584,3d9c4ab8,bd3ee3b1,3f2bb03b,bf3c81ed,3d9c4ab1,bd3ee3b9,3f2bb039,bf3c81ee,1,27628034

9868,182,115,47,-733,-16399,661,-747,4541,-1656,3d9c1d3e,bd3ea95a,3f2bb162,bf3c81b1,3d9c1d38,bd3ea963,3f2bb161,bf3c81b3,1,27636553

9869,194,95,44,-738,-16417,622,-787,4561,-1617,3d9bec6c,bd3e6478,3f2bb481,bf3c7fc0,3d9bec66,bd3e6481,3f2bb47f,bf3c7fc1,1,27645071

9870,188,86,42,-772,-16381,617,-733,4577,-1747,3d9bafb7,bd3df063,3f2bb506,bf3c8086,3d9bafb1,bd3df06c,3f2bb504,bf3c8087,1,27653590

9871,181,89,61,-753,-16349,596,-733,4577,-1747,3d9b6a2e,bd3d927f,3f2bb52b,bf3c81a9,3d9b6a28,bd3d9288,3f2bb529,bf3c81aa,1,27662108

9872,185,87,111,-634,-16439,608,-761,4561,-1721,3d9b063e,bd3d760f,3f2bb5b3,bf3c8292,3d9b0638,bd3d7618,3f2bb5b1,bf3c8293,1,27670627

9873,176,57,171,-822,-16309,706,-769,4571,-1705,3d9a849d,bd3d5a96,3f2bb548,bf3c84b9,3d9a8496,bd3d5a9e,3f2bb546,bf3c84b9,1,27679146

9874,212,66,193,-811,-16389,614,-769,4571,-1705,3d99fa4d,bd3d6341,3f2bb7b2,bf3c8442,3d99fa46,bd3d6349,3f2bb7b0,bf3c8442,1,27687164

9875,218,117,194,-746,-16422,619,-731,4579,-1688,3d998398,bd3daac6,3f2bba5e,bf3c830e,3d998391,bd3daace,3f2bba5c,bf3c830f,1,27695682

9876,209,123,198,-708,-16388,645,-727,4637,-1716,3d990b4f,bd3dfa0b,3f2bbbdd,bf3c82e9,3d990b47,bd3dfa12,3f2bbbda,bf3c82ea,1,27704201

9877,208,110,201,-678,-16388,666,-727,4637,-1716,3d988a75,bd3e418f,3f2bbd2f,bf3c830e,3d988a6d,bd3e4196,3f2bbd2d,bf3c8310,1,27712719

9878,230,96,210,-685,-16388,641,-763,4605,-1683,3d9801a1,bd3e8bb2,3f2bc0a8,bf3c8153,3d980199,bd3e8bb9,3f2bc0a6,bf3c8155,1,27721238

9879,230,107,223,-640,-16372,602,-755,4553,-1674,3d9774b4,bd3ef13f,3f2bc441,bf3c7f6b,3d9774ac,bd3ef145,3f2bc43e,bf3c7f6c,1,27729757

9880,222,95,230,-672,-16427,599,-755,4553,-1674,3d96e150,bd3f4bdc,3f2bc770,bf3c7e01,3d96e148,bd3f4be3,3f2bc76e,bf3c7e03,1,27738275

9881,192,93,218,-646,-16422,597,-727,4577,-1702,3d9650ac,bd3f9299,3f2bc85b,bf3c7eb2,3d9650a4,bd3f92a0,3f2bc859,bf3c7eb4,1,27746794

9882,189,113,183,-649,-16446,594,-731,4609,-1763,3d95d72b,bd3fbec0,3f2bc822,bf3c803d,3d95d723,bd3fbec6,3f2bc81f,bf3c803e,1,27755312

9883,191,125,160,-629,-16393,601,-727,4539,-1646,3d95757b,bd3ffc28,3f2bc9d9,bf3c7fa4,3d957574,bd3ffc2e,3f2bc9d7,bf3c7fa5,1,27763831

9884,186,119,149,-601,-16340,640,-727,4539,-1646,3d9515aa,bd402af7,3f2bcb06,bf3c7f92,3d9515a3,bd402afd,3f2bcb04,bf3c7f93,1,27772350

9885,202,113,147,-593,-16421,627,-755,4555,-1679,3d94b181,bd404edb,3f2bccda,bf3c7eff,3d94b179,bd404ee0,3f2bccd7,bf3c7eff,1,27780868

9886,212,129,129,-615,-16403,620,-709,4563,-1663,3d945f47,bd40729b,3f2bcf91,bf3c7d64,3d945f40,bd4072a1,3f2bcf8e,bf3c7d65,1,27789387

9887,217,130,108,-605,-16384,627,-709,4563,-1663,3d94177f,bd408555,3f2bd297,bf3c7b70,3d941778,bd40855c,3f2bd295,bf3c7b72,1,27797405

9888,228,117,109,-615,-16382,618,-741,4613,-1646,3d93ccbe,bd40926b,3f2bd6e9,bf3c785f,3d93ccb7,bd409271,3f2bd6e6,bf3c7860,1,27805923

9889,246,132,123,-606,-16393,601,-703,4573,-1556,3d9386be,bd40ccae,3f2bdd8d,bf3c72ef,3d9386b7,bd40ccb4,3f2bdd8b,bf3c72f1,1,27814442

9890,250,118,144,-588,-16449,550,-703,4573,-1556,3d932eef,bd410ee9,3f2be4bd,bf3c6d30,3d932ee8,bd410eee,3f2be4ba,bf3c6d31,1,27822961

9891,224,104,129,-592,-16461,572,-719,4529,-1682,3d92ceaf,bd4116a8,3f2be828,bf3c6b36,3d92cea8,bd4116ae,3f2be826,bf3c6b38,1,27831479

9892,202,99,110,-563,-16392,610,-671,4557,-1690,3d927414,bd41060d,3f2be9e1,bf3c6ace,3d92740d,bd410612,3f2be9de,bf3c6ad0,1,27839998

9893,220,118,85,-577,-16437,512,-671,4557,-1690,3d922eb9,bd40f384,3f2bed6f,bf3c687b,3d922eb2,bd40f389,3f2bed6c,bf3c687d,1,27848516

9894,192,129,73,-528,-16433,566,-659,4557,-1681,3d91f32a,bd40e488,3f2beef1,bf3c67e2,3d91f323,bd40e48d,3f2beeed,bf3c67e3,1,27857035

9895,180,123,48,-499,-16391,613,-713,4625,-1722,3d91bf69,bd40b592,3f2beefe,bf3c68a7,3d91bf63,bd40b599,3f2beefb,bf3c68a9,1,27865554

9896,187,100,2,-525,-16443,568,-689,4527,-1748,3d919461,bd40385f,3f2bef66,bf3c694c,3d91945c,bd403866,3f2bef64,bf3c694f,1,27874072

9897,184,103,-29,-570,-16384,621,-689,4527,-1748,3d917ccc,bd3f9add,3f2bef54,bf3c6a47,3d917cc6,bd3f9ae3,3f2bef51,bf3c6a4a,1,27882591

9898,194,77,-34,-598,-16398,594,-733,4571,-1650,3d9166f6,bd3ef8d9,3f2bf233,bf3c6890,3d9166ef,bd3ef8de,3f2bf22f,bf3c6892,1,27891110

9899,181,66,-5,-617,-16392,559,-719,4543,-1757,3d9135a9,bd3e47b4,3f2bf279,bf3c699c,3d9135a2,bd3e47ba,3f2bf275,bf3c699e,1,27899628

9900,172,81,20,-652,-16421,529,-719,4543,-1757,3d9100eb,bd3db7f1,3f2bf246,bf3c6afd,3d9100e5,bd3db7f8,3f2bf243,bf3c6b01,1,27907646

9901,157,87,51,-649,-16482,503,-715,4545,-1753,3d90bff3,bd3d4b5f,3f2bf14b,bf3c6d17,3d90bfec,bd3d4b65,3f2bf147,bf3c6d1a,1,27916165

9902,123,107,78,-608,-16538,460,-703,4577,-1572,3d908818,bd3d36e4,3f2bf14e,bf3c6dd5,3d908810,bd3d36e9,3f2bf14a,bf3c6dd7,1,27924684

9903,60,127,85,-581,-16443,516,-703,4577,-1572,3d9056d0,bd3d3830,3f2bece5,bf3c7270,3d9056c9,bd3d3836,3f2bece2,bf3c7273,1,27933202

9904,16,143,77,-560,-16431,590,-739,4551,-1689,3d9027f3,bd3d26e4,3f2be34b,bf3c7bd4,3d9027eb,bd3d26e9,3f2be347,bf3c7bd6,1,27941721

9905,9,147,75,-552,-16389,594,-755,4555,-1624,3d9001a1,bd3d26dc,3f2bda6c,bf3c845f,3d90019a,bd3d26e4,3f2bda69,bf3c8463,1,27950239

9906,21,145,67,-507,-16393,621,-755,4555,-1624,3d8fdbc1,bd3d23d5,3f2bd22f,bf3c8c58,3d8fdbba,bd3d23dc,3f2bd22c,bf3c8c5b,1,27958758

9907,35,132,58,-501,-16389,625,-761,4561,-1724,3d8fabe7,bd3cf7f8,3f2bc933,bf3c9547,3d8fabdf,bd3cf7fd,3f2bc92e,bf3c9548,1,27967276

9908,45,101,38,-535,-16404,618,-717,4565,-1748,3d8f76fc,bd3c913f,3f2bc0c4,bf3c9dfb,3d8f76f5,bd3c9145,3f2bc0c1,bf3c9dfd,1,27975795

9909,57,95,19,-521,-16342,669,-717,4565,-1748,3d8f47d1,bd3c1554,3f2bb8d5,bf3ca640,3d8f47ca,bd3c155a,3f2bb8d1,bf3ca642,1,27984314

9910,74,82,37,-528,-16369,646,-749,4553,-1735,3d8f0b3d,bd3ba232,3f2bb272,bf3cad3b,3d8f0b36,bd3ba238,3f2bb26e,bf3cad3d,1,27992832

9911,99,56,69,-606,-16299,689,-745,4575,-1724,3d8eb86f,bd3b2d4f,3f2bada5,bf3cb308,3d8eb869,bd3b2d56,3f2bada2,bf3cb30b,1,28001351

9912,131,66,83,-583,-16373,652,-707,4601,-1608,3d8e69db,bd3aefb2,3f2bad13,bf3cb4b8,3d8e69d5,bd3aefb8,3f2bad0f,bf3cb4ba,1,28009369

9913,146,82,78,-560,-16428,615,-707,4601,-1608,3d8e2341,bd3ac246,3f2bada0,bf3cb53a,3d8e233b,bd3ac24c,3f2bad9c,bf3cb53c,1,28017888

9914,140,103,58,-520,-16484,602,-701,4557,-1746,3d8de1d6,bd3a7bcb,3f2bab64,bf3cb84c,3d8de1d0,bd3a7bd1,3f2bab60,bf3cb84e,1,28026406

9915,113,115,33,-555,-16392,631,-727,4525,-1690,3d8db9bc,bd3a2f8e,3f2ba83d,bf3cbbee,3d8db9b6,bd3a2f95,3f2ba83a,bf3cbbf0,1,28034925

9916,114,128,24,-583,-16366,653,-727,4525,-1690,3d8d9d9e,bd39e453,3f2ba4fb,bf3cbf83,3d8d9d98,bd39e45a,3f2ba4f8,bf3cbf85,1,28043443

9917,122,135,40,-566,-16381,664,-693,4561,-1648,3d8d7f18,bd39bb60,3f2ba2d6,bf3cc1fa,3d8d7f12,bd39bb67,3f2ba2d3,bf3cc1fc,1,28051962

9918,145,137,61,-565,-16379,650,-691,4535,-1745,3d8d4dbf,bd3991d2,3f2ba061,bf3cc4f3,3d8d4db9,bd3991d9,3f2ba05e,bf3cc4f5,1,28060481

9919,171,147,73,-545,-16390,649,-691,4535,-1745,3d8d1920,bd398204,3f2b9f74,bf3cc677,3d8d191a,bd39820b,3f2b9f71,bf3cc679,1,28068999

9920,183,136,78,-520,-16388,668,-705,4547,-1723,3d8cddd6,bd397611,3f2b9f9d,bf3cc70f,3d8cddd0,bd397617,3f2b9f99,bf3cc710,1,28077518

9921,197,124,84,-521,-16393,634,-701,4517,-1747,3d8c9726,bd395d8d,3f2ba06d,bf3cc73c,3d8c9720,bd395d94,3f2ba06a,bf3cc73e,1,28086036

9922,211,130,71,-475,-16384,669,-701,4517,-1747,3d8c56b9,bd394555,3f2ba1d4,bf3cc6ce,3d8c56b3,bd39455c,3f2ba1d1,bf3cc6d0,1,28094555

9923,219,117,56,-470,-16407,637,-723,4561,-1734,3d8c1a13,bd391ae3,3f2ba47e,bf3cc53f,3d8c1a0d,bd391aea,3f2ba47b,bf3cc541,1,28103074

9924,219,92,52,-491,-16416,639,-711,4545,-1776,3d8bd153,bd38c52c,3f2ba677,bf3cc49f,3d8bd14d,bd38c533,3f2ba675,bf3cc4a2,1,28111092

9925,212,90,57,-562,-16420,601,-711,4535,-1639,3d8b948b,bd388959,3f2baab3,bf3cc1b5,3d8b9485,bd388960,3f2baab0,bf3cc1b7,1,28119610

9926,207,96,62,-577,-16393,572,-711,4535,-1639,3d8b5905,bd3855f0,3f2baec0,bf3cbee9,3d8b58ff,bd3855f6,3f2baebc,bf3cbeea,1,28128129

9927,188,108,79,-551,-16389,617,-681,4535,-1704,3d8b13df,bd382ea5,3f2bb002,bf3cbeb4,3d8b13da,bd382ead,3f2bafff,bf3cbeb7,1,28136647

9928,181,112,113,-497,-16413,605,-661,4529,-1742,3d8ab945,bd3825ff,3f2bb00f,bf3cbfbc,3d8ab93f,bd382606,3f2bb00b,bf3cbfbe,1,28145166

9929,168,113,103,-507,-16392,618,-661,4529,-1742,3d8a6554,bd38122b,3f2baf3f,bf3cc184,3d8a654e,bd381233,3f2baf3c,bf3cc186,1,28153684

9930,172,111,97,-504,-16375,652,-719,4495,-1675,3d8a1977,bd3806d5,3f2baf9a,bf3cc21a,3d8a1971,bd3806dd,3f2baf98,bf3cc21c,1,28162203

9931,186,123,103,-494,-16436,587,-679,4513,-1748,3d89c89c,bd37fe8f,3f2baff7,bf3cc2bb,3d89c895,bd37fe96,3f2baff4,bf3cc2bb,1,28170722

9932,195,117,92,-470,-16460,636,-679,4513,-1748,3d897907,bd37e8f7,3f2bb096,bf3cc327,3d897900,bd37e8fe,3f2bb093,bf3cc328,1,28179240

9933,194,118,79,-441,-16407,570,-707,4509,-1827,3d8928d2,bd37b7ff,3f2bb030,bf3cc49b,3d8928cb,bd37b807,3f2bb02e,bf3cc49c,1,28187759

9934,186,101,52,-460,-16367,613,-651,4541,-1717,3d88e8e9,bd3776d5,3f2bb144,bf3cc49a,3d88e8e2,bd3776dd,3f2bb142,bf3cc49b,1,28196277

9935,197,97,55,-466,-16401,575,-651,4541,-1717,3d88a5c8,bd37356f,3f2bb354,bf3cc3bc,3d88a5c1,bd373576,3f2bb352,bf3cc3bd,1,28204295

9936,181,100,50,-449,-16415,592,-649,4545,-1751,3d886344,bd36eaa4,3f2bb3b1,bf3cc470,3d88633e,bd36eaac,3f2bb3b0,bf3cc472,1,28213315

9937,175,97,36,-472,-16406,614,-683,4547,-1770,3d88270d,bd368870,3f2bb347,bf3cc5dd,3d882707,bd368878,3f2bb345,bf3cc5de,1,28221332

9938,168,94,24,-501,-16405,584,-673,4565,-1730,3d87f4e8,bd361fa1,3f2bb382,bf3cc69d,3d87f4e2,bd361fa9,3f2bb380,bf3cc69e,1,28229851

9939,167,107,36,-489,-16384,625,-673,4565,-1730,3d87c216,bd35cf1c,3f2bb340,bf3cc7b9,3d87c211,bd35cf25,3f2bb33f,bf3cc7bb,1,28238369

9940,152,110,43,-478,-16410,600,-659,4521,-1738,3d878b0a,bd3583f2,3f2bb1f2,bf3cc9d0,3d878b05,bd3583fc,3f2bb1f1,bf3cc9d2,1,28246888

9941,151,118,41,-462,-16437,577,-657,4541,-1775,3d87551e,bd353916,3f2bb022,bf3ccc58,3d875519,bd35391f,3f2bb021,bf3ccc5a,1,28255407

9942,130,115,32,-461,-16385,607,-657,4541,-1775,3d872304,bd34e098,3f2bacd9,bf3cd03a,3d8722fe,bd34e0a0,3f2bacd7,bf3cd03b,1,28263925

9943,127,109,26,-444,-16406,577,-687,4553,-1713,3d86f670,bd34902c,3f2baad3,bf3cd2dd,3d86f66a,bd349034,3f2baad1,bf3cd2de,1,28272444

9944,121,105,26,-459,-16460,585,-581,4551,-1742,3d86c4a9,bd342fc6,3f2ba7df,bf3cd677,3d86c4a4,bd342fce,3f2ba7dd,bf3cd679,1,28280962

9945,106,110,15,-465,-16410,608,-581,4551,-1742,3d869b7d,bd33c7e3,3f2ba3d9,bf3cdaf7,3d869b78,bd33c7eb,3f2ba3d6,bf3cdaf8,1,28289481

9946,103,110,-3,-481,-16385,601,-647,4567,-1708,3d8680b1,bd335867,3f2ba072,bf3cdec4,3d8680ac,bd335870,3f2ba070,bf3cdec6,1,28297999

9947,111,120,-2,-482,-16419,581,-661,4535,-1728,3d866789,bd32ef56,3f2b9d41,bf3ce256,3d866784,bd32ef5f,3f2b9d3f,bf3ce258,1,28306518

9948,104,137,-9,-436,-16405,646,-661,4535,-1728,3d865721,bd3294e0,3f2b9914,bf3ce6a6,3d86571c,bd3294e9,3f2b9913,bf3ce6a8,1,28314536

9949,106,137,-19,-469,-16402,628,-683,4535,-1739,3d864cf5,bd322c1d,3f2b9512,bf3ceacb,3d864cef,bd322c25,3f2b9510,bf3ceacb,1,28323054

9950,105,126,-32,-446,-16388,634,-649,4541,-1760,3d8640b1,bd31a9e8,3f2b90b5,bf3cef5e,3d8640ac,bd31a9f2,3f2b90b3,bf3cef5f,1,28331573

9951,109,123,-37,-476,-16386,645,-661,4537,-1710,3d863b6d,bd31295f,3f2b8d76,bf3cf2d8,3d863b69,bd31296a,3f2b8d74,bf3cf2da,1,28340092

9952,123,103,-40,-471,-16385,678,-661,4537,-1710,3d862dd9,bd3093fd,3f2b8afc,bf3cf5ca,3d862dd5,bd309408,3f2b8afa,bf3cf5cc,1,28348610

9953,134,94,-34,-497,-16369,658,-673,4567,-1704,3d861ba8,bd2ffcc5,3f2b8999,bf3cf7cd,3d861ba3,bd2ffccf,3f2b8996,bf3cf7ce,1,28357129

9954,145,81,-24,-530,-16413,626,-693,4549,-1618,3d860703,bd2f71d0,3f2b8a94,bf3cf7a4,3d8606ff,bd2f71dc,3f2b8a93,bf3cf7a7,1,28365648

9955,137,79,-22,-517,-16388,663,-693,4549,-1618,3d85f002,bd2ee71f,3f2b8acf,bf3cf831,3d85effc,bd2ee729,3f2b8acc,bf3cf832,1,28374166

9956,138,89,-13,-517,-16385,675,-713,4527,-1759,3d85cd17,bd2e4e2d,3f2b8876,bf3cfb43,3d85cd11,bd2e4e37,3f2b8873,bf3cfb44,1,28382685

9957,155,86,-5,-519,-16415,635,-635,4535,-1678,3d85a9e7,bd2dcdb7,3f2b88da,bf3cfbc3,3d85a9e1,bd2dcdc1,3f2b88d7,bf3cfbc4,1,28391203

9958,146,79,-2,-478,-16419,625,-635,4535,-1678,3d858012,bd2d4d7f,3f2b88c4,bf3cfcc2,3d85800d,bd2d4d8a,3f2b88c2,bf3cfcc3,1,28399722

9959,140,72,-5,-506,-16352,641,-657,4523,-1672,3d8556fa,bd2cc0d5,3f2b8858,bf3cfe1a,3d8556f5,bd2cc0e0,3f2b8856,bf3cfe1b,1,28408241

9960,150,68,10,-517,-16355,662,-655,4513,-1646,3d8526e9,bd2c424e,3f2b88c5,bf3cfeb0,3d8526e4,bd2c425a,3f2b88c4,bf3cfeb2,1,28416759

9961,165,77,25,-465,-16397,646,-655,4513,-1646,3d84f02d,bd2be243,3f2b8a22,bf3cfe67,3d84f027,bd2be24e,3f2b8a20,bf3cfe67,1,28424777

9962,166,92,17,-443,-16430,596,-655,4519,-1665,3d84c16d,bd2b89c2,3f2b8b8e,bf3cfdf0,3d84c167,bd2b89ce,3f2b8b8c,bf3cfdf0,1,28433296

9963,146,86,4,-486,-16388,638,-663,4545,-1712,3d849609,bd2b0ef3,3f2b8ad6,bf3cff80,3d849604,bd2b0f00,3f2b8ad5,bf3cff81,1,28441814

9964,146,81,-2,-521,-16387,599,-695,4541,-1790,3d846761,bd2a73ae,3f2b8920,bf3d021d,3d84675c,bd2a73ba,3f2b891e,bf3d021d,1,28450333

9965,158,98,1,-512,-16397,635,-695,4541,-1790,3d843df5,bd29edc9,3f2b87cb,bf3d043e,3d843df1,bd29edd5,3f2b87ca,bf3d043f,1,28458851

9966,159,108,-3,-508,-16419,639,-657,4555,-1727,3d841f90,bd297eba,3f2b879f,bf3d051f,3d841f8c,bd297ec6,3f2b879d,bf3d051f,1,28467370

9967,146,108,-18,-503,-16381,664,-661,4523,-1796,3d84022b,bd28ee12,3f2b852e,bf3d082a,3d840227,bd28ee1e,3f2b852c,bf3d082a,1,28475889

9968,151,116,-22,-489,-16378,646,-661,4523,-1796,3d83e964,bd2864ca,3f2b832e,bf3d0aba,3d83e961,bd2864d6,3f2b832d,bf3d0abb,1,28484407

9969,162,100,-15,-499,-16388,629,-653,4527,-1749,3d83ca1a,bd27de94,3f2b82f0,bf3d0bc2,3d83ca16,bd27de9e,3f2b82ed,bf3d0bc2,1,28492926

9970,154,87,-10,-518,-16424,630,-709,4571,-1648,3d83adec,bd276771,3f2b8423,bf3d0b62,3d83ade9,bd27677d,3f2b8421,bf3d0b64,1,28501444

9971,143,91,-3,-513,-16391,637,-709,4571,-1648,3d83901b,bd26fa2f,3f2b848e,bf3d0bb5,3d839017,bd26fa3a,3f2b848b,bf3d0bb6,1,28509963

9972,141,94,2,-513,-16383,631,-693,4481,-1807,3d83617d,bd266956,3f2b81cb,bf3d0f36,3d83617a,bd266961,3f2b81c9,bf3d0f38,1,28518481

9973,146,83,14,-515,-16388,625,-681,4513,-1725,3d832f87,bd25eff9,3f2b8105,bf3d10e2,3d832f84,bd25f003,3f2b8102,bf3d10e3,1,28526499

9974,148,80,36,-403,-16460,589,-681,4513,-1725,3d82eb04,bd259656,3f2b808c,bf3d125c,3d82eb01,bd25965f,3f2b8088,bf3d125c,1,28535018

9975,130,58,73,-637,-16364,647,-681,4523,-1702,3d8299f9,bd252ea3,3f2b7f0c,bf3d14f3,3d8299f6,bd252ead,3f2b7f09,bf3d14f3,1,28543537

9976,126,72,79,-534,-16431,607,-619,4537,-1640,3d824b32,bd24f3a2,3f2b7e6c,bf3d1691,3d824b2f,bd24f3ad,3f2b7e6a,bf3d1692,1,28552055

9977,124,107,45,-483,-16395,644,-675,4503,-1756,3d8210de,bd24a792,3f2b7b61,bf3d1a36,3d8210db,bd24a79e,3f2b7b5f,bf3d1a37,1,28560574

9978,121,112,25,-488,-16373,671,-675,4503,-1756,3d81e336,bd244d0d,3f2b7803,bf3d1e11,3d81e333,bd244d19,3f2b7801,bf3d1e12,1,28569092

9979,141,95,21,-474,-16380,630,-649,4575,-1742,3d81b112,bd23e8fc,3f2b76c4,bf3d2012,3d81b10f,bd23e908,3f2b76c2,bf3d2013,1,28577611

9980,141,98,24,-477,-16389,637,-653,4549,-1704,3d8181b2,bd2391c9,3f2b7607,bf3d2189,3d8181af,bd2391d5,3f2b7605,bf3d218a,1,28586130

9981,146,114,13,-486,-16413,631,-653,4549,-1704,3d815f5b,bd234034,3f2b759e,bf3d228d,3d815f58,bd234040,3f2b759c,bf3d228e,1,28594648

9982,135,120,10,-524,-16378,638,-653,4543,-1736,3d8140d4,bd22e48d,3f2b73ec,bf3d24ba,3d8140d1,bd22e499,3f2b73ea,bf3d24bb,1,28603167

9983,139,130,21,-522,-16332,669,-717,4521,-1761,3d811fc4,bd2296fa,3f2b71af,bf3d275f,3d811fc0,bd229705,3f2b71ac,bf3d275f,1,28611686

9984,163,137,50,-505,-16387,648,-717,4521,-1761,3d80f1c7,bd226f84,3f2b70fe,bf3d289e,3d80f1c4,bd226f90,3f2b70fb,bf3d289f,1,28619703

9985,163,135,58,-488,-16435,637,-663,4511,-1696,3d80c25a,bd225d43,3f2b716f,bf3d28c8,3d80c257,bd225d4f,3f2b716c,bf3d28c9,1,28628222

9986,142,142,52,-460,-16503,617,-665,4565,-1697,3d80992e,bd2250cd,3f2b70d7,bf3d29cd,3d80992b,bd2250d9,3f2b70d4,bf3d29ce,1,28636740

9987,101,127,33,-475,-16419,657,-665,4565,-1697,3d8074d4,bd221e01,3f2b6d8e,bf3d2d55,3d8074d2,bd221e0d,3f2b6d8c,bf3d2d57,1,28645259

9988,95,113,18,-476,-16334,712,-679,4557,-1758,3d804cf3,bd21bfd3,3f2b688d,bf3d329a,3d804cf1,bd21bfdf,3f2b688b,bf3d329c,1,28653778

9989,126,118,20,-470,-16412,655,-651,4525,-1657,3d802ca2,bd2181c9,3f2b6781,bf3d341a,3d802ca0,bd2181d5,3f2b677e,bf3d341b,1,28662296

9990,122,117,14,-477,-16436,648,-701,4567,-1716,3d800bf8,bd213308,3f2b6585,bf3d3683,3d800bf6,bd213314,3f2b6582,bf3d3684,1,28670815

9991,101,113,0,-468,-16387,658,-701,4567,-1716,3d7fe13b,bd20d2d5,3f2b6239,bf3d3a1b,3d7fe138,bd20d2e1,3f2b6237,bf3d3a1c,1,28679333

9992,115,106,-1,-542,-16297,696,-647,4545,-1774,3d7fa07f,bd205186,3f2b5e79,bf3d3e45,3d7fa07c,bd205192,3f2b5e78,bf3d3e46,1,28687852

9993,140,107,29,-494,-16349,739,-673,4509,-1743,3d7f4049,bd1ffaa0,3f2b5c54,bf3d4101,3d7f4047,bd1ffaad,3f2b5c54,bf3d4103,1,28696371

9994,163,116,58,-508,-16437,666,-673,4509,-1743,3d7ecba6,bd1fc8e3,3f2b5c14,bf3d4203,3d7ecba2,bd1fc8ed,3f2b5c12,bf3d4204,1,28704889

9995,173,133,55,-502,-16437,635,-687,4539,-1767,3d7e6641,bd1fa370,3f2b5c49,bf3d427b,3d7e663c,bd1fa379,3f2b5c47,bf3d427b,1,28713408

9996,145,140,45,-465,-16341,682,-665,4541,-1733,3d7e13f0,bd1f848b,3f2b5af0,bf3d443b,3d7e13ec,bd1f8495,3f2b5aef,bf3d443c,1,28721927

9997,164,138,48,-501,-16333,726,-665,4541,-1733,3d7dc00d,bd1f62a2,3f2b5a7b,bf3d4534,3d7dc007,bd1f62ab,3f2b5a78,bf3d4533,1,28729944

9998,210,127,68,-498,-16375,697,-721,4565,-1798,3d7d4419,bd1f3f16,3f2b5c08,bf3d448f,3d7d4415,bd1f3f20,3f2b5c06,bf3d4490,1,28738463

9999,227,128,83,-472,-16425,643,-665,4543,-1802,3d7cb290,bd1f2c46,3f2b5edc,bf3d42d2,3d7cb28c,bd1f2c50,3f2b5eda,bf3d42d3,1,28746982

10000,201,120,85,-440,-16465,590,-665,4543,-1802,3d7c15fa,bd1f160c,3f2b6080,bf3d423a,3d7c15f6,bd1f1616,3f2b607e,bf3d423b,1,28755500

10001,176,121,75,-476,-16371,656,-635,4589,-1668,3d7ba189,bd1f0f87,3f2b6274,bf3d4115,3d7ba186,bd1f0f92,3f2b6273,bf3d4117,1,28764019

10002,170,131,75,-457,-16392,646,-659,4589,-1733,3d7b2a87,bd1f078b,3f2b6305,bf3d4136,3d7b2a84,bd1f0796,3f2b6304,bf3d4138,1,28772538

10003,164,123,83,-445,-16396,647,-653,4535,-1742,3d7a9f96,bd1efaaf,3f2b62e8,bf3d4213,3d7a9f93,bd1efaba,3f2b62e7,bf3d4215,1,28781056

10004,167,121,81,-461,-16398,674,-653,4535,-1742,3d7a16c7,bd1ee79c,3f2b62d1,bf3d42ed,3d7a16c2,bd1ee7a6,3f2b62cf,bf3d42ee,1,28789575

10005,175,127,63,-432,-16421,662,-667,4539,-1784,3d799b69,bd1ec4e7,3f2b62a0,bf3d43d9,3d799b64,bd1ec4f2,3f2b629e,bf3d43da,1,28798093

10006,165,122,56,-458,-16375,652,-629,4547,-1714,3d79316a,bd1ea2db,3f2b6324,bf3d440a,3d793165,bd1ea2e6,3f2b6322,bf3d440b,1,28806612

10007,185,141,41,-431,-16373,665,-629,4547,-1714,3d78e3ac,bd1e8abd,3f2b64c0,bf3d4311,3d78e3a7,bd1e8ac8,3f2b64be,bf3d4312,1,28815131

10008,193,140,54,-442,-16334,723,-645,4509,-1722,3d788684,bd1e782f,3f2b6627,bf3d4255,3d78867f,bd1e783a,3f2b6625,bf3d4256,1,28823649

10009,219,128,58,-430,-16388,642,-651,4527,-1735,3d7816d7,bd1e604f,3f2b69a7,bf3d3fd0,3d7816d3,bd1e605b,3f2b69a6,bf3d3fd1,1,28832168

10010,227,124,45,-433,-16382,649,-651,4527,-1735,3d77b09c,bd1e38a3,3f2b6da5,bf3d3cd9,3d77b097,bd1e38ae,3f2b6da3,bf3d3cda,1,28840186

10011,218,123,34,-436,-16321,675,-655,4487,-1769,3d774dc4,bd1df9b1,3f2b702e,bf3d3b43,3d774dc0,bd1df9bc,3f2b702d,bf3d3b44,1,28848704

10012,244,113,50,-443,-16360,659,-673,4501,-1739,3d76d803,bd1dc978,3f2b7509,bf3d379f,3d76d7fe,bd1dc982,3f2b7507,bf3d37a0,1,28857223

10013,262,112,62,-434,-16415,616,-673,4501,-1739,3d765393,bd1da657,3f2b7b46,bf3d32c2,3d76538d,bd1da660,3f2b7b44,bf3d32c2,1,28865741

10014,255,113,56,-431,-16443,628,-687,4553,-1692,3d75e0c6,bd1d8b90,3f2b81ed,bf3d2d65,3d75e0c2,bd1d8b9a,3f2b81ed,bf3d2d66,1,28874260

10015,239,98,47,-424,-16421,595,-721,4519,-1635,3d757312,bd1d6482,3f2b88bf,bf3d27e5,3d75730c,bd1d648a,3f2b88be,bf3d27e5,1,28882779

10016,219,98,31,-436,-16396,608,-621,4505,-1712,3d7506f4,bd1d180d,3f2b8cda,bf3d24f8,3d7506ee,bd1d1815,3f2b8cd9,bf3d24f8,1,28891297

10017,203,109,18,-423,-16396,613,-621,4505,-1712,3d74b123,bd1ccae1,3f2b8fe4,bf3d22e6,3d74b11e,bd1ccaea,3f2b8fe3,bf3d22e7,1,28899816

10018,195,115,14,-450,-16420,598,-595,4515,-1695,3d746a92,bd1c801d,3f2b92cc,bf3d20db,3d746a8c,bd1c8025,3f2b92cb,bf3d20dc,1,28908334

10019,186,120,10,-443,-16401,625,-649,4531,-1606,3d743db9,bd1c4a48,3f2b966a,bf3d1dfa,3d743db2,bd1c4a4f,3f2b9668,bf3d1dfa,1,28916853

10020,184,116,14,-451,-16367,632,-649,4531,-1606,3d740a47,bd1c12c9,3f2b99d9,bf3d1b4d,3d740a40,bd1c12cf,3f2b99d7,bf3d1b4d,1,28925372

10021,191,117,23,-443,-16390,622,-669,4553,-1728,3d73ba35,bd1bce3a,3f2b9bdf,bf3d1a17,3d73ba2f,bd1bce40,3f2b9bdd,bf3d1a18,1,28933890

10022,201,115,35,-410,-16423,616,-623,4525,-1656,3d73621d,bd1ba48a,3f2b9f8e,bf3d1752,3d736217,bd1ba490,3f2b9f8c,bf3d1753,1,28941908

10023,189,116,33,-422,-16444,580,-623,4525,-1656,3d730ed2,bd1b7819,3f2ba2bb,bf3d1500,3d730ecc,bd1b781f,3f2ba2b9,bf3d1501,1,28950427

10024,165,122,18,-402,-16403,585,-669,4513,-1706,3d72c757,bd1b3a53,3f2ba398,bf3d14c6,3d72c751,bd1b3a59,3f2ba396,bf3d14c7,1,28958945

10025,149,114,3,-440,-16357,675,-639,4547,-1714,3d728baf,bd1adea0,3f2ba2d9,bf3d160c,3d728ba8,bd1adea5,3f2ba2d6,bf3d160c,1,28967464

10026,170,97,3,-417,-16382,643,-639,4547,-1714,3d723d0f,bd1a774e,3f2ba3bb,bf3d15f8,3d723d09,bd1a7754,3f2ba3b9,bf3d15f9,1,28975982

10027,185,91,4,-415,-16389,618,-653,4517,-1649,3d71f180,bd1a19c2,3f2ba6bb,bf3d13eb,3d71f17b,bd1a19c9,3f2ba6ba,bf3d13ed,1,28984501

10028,193,91,6,-453,-16359,644,-637,4535,-1717,3d719c2e,bd19ab6c,3f2ba8f7,bf3d12aa,3d719c28,bd19ab72,3f2ba8f6,bf3d12ab,1,28993019

10029,208,79,18,-439,-16393,626,-637,4535,-1717,3d712db7,bd193f65,3f2bac48,bf3d108d,3d712daf,bd193f6a,3f2bac46,bf3d108c,1,29001538

10030,213,87,33,-471,-16441,548,-655,4503,-1714,3d70ba77,bd18e680,3f2bb05b,bf3d0db4,3d70ba71,bd18e686,3f2bb05a,bf3d0db4,1,29010057

10031,187,109,39,-431,-16469,555,-639,4547,-1662,3d705c34,bd18b80a,3f2bb38a,bf3d0b6e,3d705c2d,bd18b810,3f2bb389,bf3d0b6e,1,29018575

10032,143,108,35,-454,-16372,603,-687,4511,-1638,3d700a31,bd188267,3f2bb403,bf3d0b94,3d700a2b,bd18826d,3f2bb403,bf3d0b95,1,29027094

10033,142,107,40,-432,-16413,584,-687,4511,-1638,3d6fb003,bd185324,3f2bb48b,bf3d0bb1,3d6faffb,bd185328,3f2bb48a,bf3d0bb1,1,29035112

10034,141,109,42,-426,-16419,615,-661,4561,-1705,3d6f4ae8,bd181b3d,3f2bb3ce,bf3d0d09,3d6f4ae1,bd181b42,3f2bb3cd,bf3d0d09,1,29043631

10035,124,119,22,-424,-16449,595,-655,4541,-1663,3d6f0999,bd17e260,3f2bb2cd,bf3d0e73,3d6f0992,bd17e265,3f2bb2cc,bf3d0e73,1,29052149

10036,97,109,11,-432,-16352,617,-655,4541,-1663,3d6eccbd,bd179205,3f2bb00b,bf3d1181,3d6eccb6,bd17920a,3f2bb00a,bf3d1181,1,29060668

10037,100,103,-7,-416,-16274,687,-621,4509,-1726,3d6e8d63,bd171c5d,3f2babe6,bf3d15f3,3d6e8d5c,bd171c62,3f2babe5,bf3d15f2,1,29069186

10038,151,108,-1,-430,-16313,706,-609,4495,-1791,3d6e3ed6,bd16a233,3f2ba99a,bf3d18cd,3d6e3ed1,bd16a239,3f2ba99a,bf3d18ce,1,29077705

10039,193,101,16,-431,-16429,632,-609,4495,-1791,3d6dd71e,bd1635d6,3f2baa87,bf3d18cf,3d6dd717,bd1635db,3f2baa86,bf3d18ce,1,29086223

10040,176,105,3,-437,-16412,608,-635,4511,-1660,3d6d99fc,bd15e003,3f2bacd2,bf3d174b,3d6d99f5,bd15e008,3f2bacd1,bf3d174a,1,29094742

10041,166,99,-3,-456,-16360,622,-643,4537,-1697,3d6d5ae4,bd1574df,3f2badeb,bf3d16ef,3d6d5ade,bd1574e4,3f2badea,bf3d16ef,1,29103261

10042,185,105,2,-428,-16383,625,-643,4537,-1697,3d6d1820,bd15193c,3f2bb01f,bf3d158b,3d6d181b,bd151941,3f2bb01f,bf3d158b,1,29111779

10043,188,124,1,-416,-16421,615,-663,4543,-1681,3d6ce973,bd14d5c2,3f2bb2ca,bf3d138f,3d6ce96d,bd14d5c7,3f2bb2c9,bf3d138f,1,29120298

10044,180,123,-2,-448,-16450,588,-641,4497,-1648,3d6cc3d7,bd148f23,3f2bb589,bf3d1177,3d6cc3d1,bd148f28,3f2bb588,bf3d1177,1,29128816

10045,160,107,-9,-448,-16388,582,-605,4495,-1679,3d6c9154,bd142940,3f2bb6a0,bf3d1109,3d6c914e,bd142945,3f2bb69f,bf3d1109,1,29137335

10046,145,99,1,-433,-16373,607,-605,4495,-1679,3d6c4cbb,bd13c4c7,3f2bb69c,bf3d11b1,3d6c4cb5,bd13c4cc,3f2bb69b,bf3d11b1,1,29145353

10047,160,116,1,-415,-16400,619,-595,4485,-1750,3d6c0753,bd1363a2,3f2bb62f,bf3d12b7,3d6c074f,bd1363a7,3f2bb62f,bf3d12b8,1,29153871

10048,168,102,-10,-449,-16401,599,-665,4497,-1701,3d6bced2,bd12f55e,3f2bb768,bf3d1236,3d6bcecd,bd12f562,3f2bb767,bf3d1237,1,29162390

10049,166,107,-14,-463,-16425,577,-665,4497,-1701,3d6ba041,bd12873e,3f2bb8a9,bf3d11a3,3d6ba03b,bd128742,3f2bb8a7,bf3d11a3,1,29170908

10050,150,109,-4,-451,-16329,613,-663,4511,-1667,3d6b6f82,bd122b87,3f2bb930,bf3d11ac,3d6b6f7d,bd122b8b,3f2bb92f,bf3d11ac,1,29179427

10051,157,115,18,-473,-16330,645,-683,4553,-1655,3d6b3473,bd11ebd8,3f2bba2d,bf3d1141,3d6b346d,bd11ebdc,3f2bba2c,bf3d1140,1,29187946

10052,190,137,40,-411,-16364,680,-683,4553,-1655,3d6aef06,bd11df84,3f2bbcc8,bf3d0f43,3d6aef00,bd11df88,3f2bbcc7,bf3d0f42,1,29196464

10053,225,123,42,-431,-16458,590,-661,4467,-1678,3d6a9385,bd11bff1,3f2bc1a1,bf3d0b65,3d6a9380,bd11bff6,3f2bc1a0,bf3d0b65,1,29204983

10054,211,121,30,-440,-16458,551,-665,4507,-1684,3d6a4488,bd119240,3f2bc5ea,bf3d0806,3d6a4482,bd119244,3f2bc5e9,bf3d0805,1,29213502

10055,166,123,16,-435,-16386,614,-665,4507,-1684,3d6a070c,bd1155c0,3f2bc6f6,bf3d078d,3d6a0707,bd1155c4,3f2bc6f6,bf3d078c,1,29222020

10056,157,126,17,-449,-16388,626,-633,4567,-1676,3d69cff7,bd111dfe,3f2bc79c,bf3d0765,3d69cff2,bd111e02,3f2bc79c,bf3d0764,1,29230539

10057,173,111,28,-429,-16383,624,-681,4497,-1759,3d696dcb,bd10cff6,3f2bc7bc,bf3d07fd,3d696dc6,bd10cffa,3f2bc7bc,bf3d07fc,1,29239057

10058,172,110,42,-447,-16395,592,-701,4529,-1721,3d690798,bd109718,3f2bc8c9,bf3d07b2,3d690793,bd10971c,3f2bc8c9,bf3d07b1,1,29247576

10059,175,112,41,-430,-16408,558,-701,4529,-1721,3d68a258,bd10621d,3f2bca42,bf3d0701,3d68a253,bd106221,3f2bca42,bf3d0700,1,29255594

10060,156,100,34,-419,-16373,628,-647,4503,-1693,3d683b31,bd101d45,3f2bca76,bf3d0784,3d683b2c,bd101d49,3f2bca76,bf3d0783,1,29264112

10061,162,93,28,-405,-16412,617,-711,4511,-1676,3d67d70a,bd0fd421,3f2bcb8d,bf3d073b,3d67d705,bd0fd425,3f2bcb8d,bf3d073a,1,29272631

10062,163,86,26,-435,-16393,594,-711,4511,-1676,3d6771ec,bd0f7ef0,3f2bcce8,bf3d06bb,3d6771e8,bd0f7ef4,3f2bcce8,bf3d06ba,1,29281150

10063,151,109,21,-449,-16420,552,-679,4527,-1725,3d67200c,bd0f2f4a,3f2bcced,bf3d0758,3d672008,bd0f2f4e,3f2bcced,bf3d0757,1,29289668

10064,135,118,27,-469,-16372,646,-643,4523,-1658,3d66dd92,bd0ef679,3f2bcc49,bf3d0869,3d66dd8e,bd0ef67d,3f2bcc49,bf3d0868,1,29298187

10065,145,119,41,-438,-16356,637,-643,4523,-1658,3d668a70,bd0ecfcf,3f2bcc46,bf3d08ef,3d668a6b,bd0ecfd2,3f2bcc45,bf3d08ed,1,29306705

10066,169,119,45,-421,-16398,611,-671,4539,-1620,3d663845,bd0eb9ac,3f2bce99,bf3d0746,3d663841,bd0eb9af,3f2bce98,bf3d0745,1,29315224

10067,169,124,47,-405,-16402,583,-653,4539,-1650,3d65e175,bd0ea627,3f2bd093,bf3d05f3,3d65e172,bd0ea62a,3f2bd092,bf3d05f3,1,29323743

10068,162,114,27,-412,-16382,629,-653,4539,-1650,3d6596c0,bd0e7486,3f2bd1e7,bf3d053e,3d6596be,bd0e7489,3f2bd1e7,bf3d053f,1,29332261

10069,169,107,19,-418,-16389,642,-685,4569,-1700,3d654784,bd0e2bff,3f2bd2ef,bf3d04e5,3d654781,bd0e2c01,3f2bd2ee,bf3d04e5,1,29340780

10070,171,103,12,-434,-16401,618,-663,4529,-1672,3d64ffe8,bd0ddb90,3f2bd4a2,bf3d03ec,3d64ffe5,bd0ddb92,3f2bd4a1,bf3d03ec,1,29349298

10071,170,116,17,-407,-16387,615,-711,4489,-1591,3d64ca45,bd0daf43,3f2bd774,bf3d01be,3d64ca42,bd0daf45,3f2bd773,bf3d01be,1,29357316

10072,175,114,22,-463,-16385,594,-711,4489,-1591,3d649368,bd0d7fa0,3f2bdab8,bf3cff2c,3d649365,bd0d7fa2,3f2bdab7,bf3cff2c,1,29365835

10073,171,130,24,-442,-16388,602,-691,4477,-1706,3d645209,bd0d4af7,3f2bdba8,bf3cfec8,3d645206,bd0d4af9,3f2bdba7,bf3cfec8,1,29374354

10074,174,132,33,-444,-16379,601,-655,4487,-1733,3d640455,bd0d19a8,3f2bdc4b,bf3cfeb7,3d640452,bd0d19aa,3f2bdc4a,bf3cfeb7,1,29382872

10075,175,131,40,-416,-16399,612,-655,4487,-1733,3d63aba9,bd0cf106,3f2bdce4,bf3cfeb5,3d63aba6,bd0cf108,3f2bdce3,bf3cfeb5,1,29391391

10076,164,106,45,-437,-16376,627,-707,4515,-1668,3d634869,bd0cc177,3f2bde07,bf3cfe47,3d634866,bd0cc179,3f2bde06,bf3cfe47,1,29399909

10077,185,108,57,-440,-16379,603,-645,4471,-1623,3d62df1c,bd0ca633,3f2be11c,bf3cfc0c,3d62df19,bd0ca635,3f2be11b,bf3cfc0c,1,29408428

10078,191,100,69,-368,-16402,633,-645,4471,-1623,3d625b04,bd0c9618,3f2be455,bf3cf9c8,3d625b01,bd0c961b,3f2be454,bf3cf9c8,1,29416947

10079,200,101,58,-379,-16401,608,-699,4499,-1680,3d61dc0c,bd0c7344,3f2be787,bf3cf793,3d61dc0a,bd0c7348,3f2be786,bf3cf794,1,29425465

10080,197,94,36,-397,-16392,610,-649,4485,-1658,3d6170e9,bd0c35c8,3f2beade,bf3cf535,3d6170e7,bd0c35cc,3f2beadd,bf3cf536,1,29433984

10081,206,87,32,-400,-16386,624,-649,4485,-1658,3d610371,bd0bedbe,3f2beeb4,bf3cf270,3d61036e,bd0bedc2,3f2beeb3,bf3cf270,1,29442503

10082,209,95,26,-428,-16431,563,-659,4501,-1682,3d60a2af,bd0ba1cc,3f2bf2cb,bf3cef63,3d60a2ac,bd0ba1d1,3f2bf2ca,bf3cef63,1,29451021

10083,189,97,25,-438,-16427,550,-659,4501,-1643,3d604d76,bd0b5c7c,3f2bf652,bf3cecc5,3d604d73,bd0b5c81,3f2bf651,bf3cecc5,1,29459039

10084,161,108,32,-451,-16324,603,-649,4521,-1715,3d5ff25b,bd0b14b4,3f2bf687,bf3ced37,3d5ff258,bd0b14b9,3f2bf686,bf3ced37,1,29467558

10085,176,112,50,-413,-16375,621,-649,4521,-1715,3d5f840b,bd0ae6ce,3f2bf777,bf3ced00,3d5f8408,bd0ae6d3,3f2bf776,bf3ced00,1,29476077

10086,200,117,65,-400,-16406,578,-649,4489,-1646,3d5f13df,bd0adcd1,3f2bfb2b,bf3cea2d,3d5f13dc,bd0adcd6,3f2bfb2a,bf3cea2d,1,29484595

10087,194,121,53,-388,-16421,568,-689,4531,-1628,3d5eb7fb,bd0ad2ce,3f2bff02,bf3ce722,3d5eb7f8,bd0ad2d3,3f2bff01,bf3ce722,1,29493114

10088,182,118,36,-397,-16425,581,-689,4531,-1628,3d5e6be5,bd0ab42b,3f2c0211,bf3ce4c9,3d5e6be3,bd0ab430,3f2c0211,bf3ce4ca,1,29501632

10089,157,109,31,-423,-16416,567,-657,4495,-1708,3d5e10bc,bd0a7048,3f2c024c,bf3ce531,3d5e10b8,bd0a704b,3f2c024a,bf3ce531,1,29510151

10090,151,112,23,-394,-16388,626,-681,4517,-1750,3d5db7b2,bd0a21e1,3f2c0111,bf3ce6f2,3d5db7af,bd0a21e6,3f2c0110,bf3ce6f2,1,29518670

10091,163,110,12,-435,-16342,626,-681,4517,-1750,3d5d6c1d,bd09c339,3f2c00a3,bf3ce7f4,3d5d6c1b,bd09c33f,3f2c00a3,bf3ce7f4,1,29527188

10092,190,100,8,-387,-16383,607,-617,4479,-1664,3d5d2097,bd096fe7,3f2c0363,bf3ce608,3d5d2094,bd096fec,3f2c0362,bf3ce608,1,29535707

10093,197,80,15,-393,-16389,570,-625,4501,-1693,3d5cb84f,bd090a44,3f2c067d,bf3ce3f9,3d5cb84b,bd090a48,3f2c067b,bf3ce3f8,1,29544225

10094,192,84,5,-400,-16422,571,-625,4501,-1693,3d5c5e76,bd089e78,3f2c0948,bf3ce224,3d5c5e73,bd089e7d,3f2c0946,bf3ce224,1,29552243

10095,180,82,-4,-391,-16398,559,-653,4509,-1720,3d5c07bb,bd0823de,3f2c0b07,bf3ce14b,3d5c07b8,bd0823e3,3f2c0b05,bf3ce14b,1,29560762

10096,165,91,-5,-441,-16439,517,-673,4467,-1656,3d5bca0f,bd07b7e0,3f2c0d10,bf3ce006,3d5bca0c,bd07b7e5,3f2c0d0e,bf3ce006,1,29569281

10097,130,113,-4,-438,-16365,610,-659,4513,-1698,3d5b9aad,bd075774,3f2c0b97,bf3ce1da,3d5b9aab,bd075779,3f2c0b96,bf3ce1da,1,29577799

10098,137,125,-5,-420,-16377,613,-659,4513,-1698,3d5b74c0,bd0704f1,3f2c0a7c,bf3ce342,3d5b74bf,bd0704f6,3f2c0a7c,bf3ce342,1,29586318

10099,152,114,2,-422,-16391,555,-665,4499,-1712,3d5b3ab0,bd06ac25,3f2c0a81,bf3ce3c0,3d5b3aaf,bd06ac29,3f2c0a80,bf3ce3c0,1,29594836

10100,168,112,12,-412,-16384,627,-681,4459,-1711,3d5af1e3,bd065a8c,3f2c0ae6,bf3ce3f3,3d5af1e2,bd065a90,3f2c0ae5,bf3ce3f3,1,29603355

10101,178,112,17,-399,-16410,592,-681,4459,-1711,3d5aa24b,bd061078,3f2c0c28,bf3ce35e,3d5aa24a,bd06107c,3f2c0c27,bf3ce35e,1,29611873

10102,173,86,13,-390,-16432,559,-661,4465,-1556,3d5a59cf,bd05c911,3f2c0fe3,bf3ce07f,3d5a59cf,bd05c916,3f2c0fe2,bf3ce080,1,29620392

10103,159,79,-2,-433,-16389,566,-699,4483,-1718,3d5a0440,bd0547c7,3f2c104c,bf3ce0dd,3d5a0440,bd0547cc,3f2c104b,bf3ce0de,1,29628910

10104,147,94,-6,-431,-16387,596,-699,4483,-1718,3d59c06b,bd04d0df,3f2c0fb2,bf3ce20c,3d59c06a,bd04d0e3,3f2c0fb0,bf3ce20c,1,29637429

10105,139,94,1,-446,-16398,603,-675,4483,-1750,3d597145,bd0455ba,3f2c0df9,bf3ce44f,3d597146,bd0455bf,3f2c0df8,bf3ce450,1,29645948

10106,155,101,5,-457,-16389,578,-693,4457,-1699,3d592d5b,bd03f107,3f2c0e3a,bf3ce4a8,3d592d5c,bd03f10c,3f2c0e39,bf3ce4a9,1,29654466

10107,165,128,12,-465,-16385,559,-693,4457,-1699,3d58fb55,bd03ada0,3f2c0f1b,bf3ce444,3d58fb55,bd03ada5,3f2c0f19,bf3ce445,1,29662484

10108,156,124,26,-399,-16377,637,-679,4517,-1722,3d58aed7,bd03763d,3f2c0e93,bf3ce53d,3d58aed7,bd037642,3f2c0e91,bf3ce53e,1,29671003

10109,173,110,41,-371,-16409,608,-627,4519,-1696,3d58465c,bd03485f,3f2c0fc0,bf3ce4c4,3d58465c,bd034864,3f2c0fbe,bf3ce4c4,1,29679521

10110,179,96,20,-400,-16389,600,-623,4493,-1706,3d57e64b,bd02f31a,3f2c113e,bf3ce411,3d57e64c,bd02f31f,3f2c113c,bf3ce412,1,29688040

10111,187,97,8,-390,-16433,551,-623,4493,-1706,3d5791b0,bd029693,3f2c139b,bf3ce28a,3d5791b1,bd029699,3f2c1399,bf3ce28b,1,29696559

10112,170,94,-3,-399,-16390,584,-619,4499,-1698,3d57488c,bd022c42,3f2c14db,bf3ce204,3d57488e,bd022c49,3f2c14d9,bf3ce205,1,29705077

10113,169,107,-16,-424,-16389,593,-623,4441,-1732,3d571252,bd01b588,3f2c1540,bf3ce237,3d571254,bd01b590,3f2c153e,bf3ce238,1,29713596

10114,168,96,-13,-420,-16385,587,-623,4441,-1732,3d56ceb1,bd013756,3f2c15aa,bf3ce279,3d56ceb3,bd01375e,3f2c15a8,bf3ce27a,1,29722114

10115,167,85,-2,-435,-16390,545,-651,4483,-1779,3d56725a,bd00ae27,3f2c15ac,bf3ce33f,3d56725c,bd00ae2f,3f2c15aa,bf3ce340,1,29730633

10116,175,95,12,-435,-16409,539,-671,4491,-1790,3d560fd9,bd003a74,3f2c15fa,bf3ce3b6,3d560fda,bd003a7b,3f2c15f8,bf3ce3b7,1,29739151

10117,150,106,10,-428,-16410,563,-671,4491,-1790,3d55b971,bcff9d5d,3f2c1482,bf3ce5b7,3d55b972,bcff9d6c,3f2c1480,bf3ce5b8,1,29747670

10118,133,110,17,-416,-16393,599,-615,4507,-1677,3d5571f5,bcff0ed9,3f2c13a4,bf3ce703,3d5571f6,bcff0ee7,3f2c13a1,bf3ce703,1,29756189

10119,140,108,33,-430,-16388,609,-677,4487,-1731,3d551177,bcfe7f5a,3f2c1234,bf3ce8ef,3d55117a,bcfe7f6a,3f2c1232,bf3ce8f1,1,29764707

10120,137,107,31,-412,-16404,585,-677,4487,-1731,3d54b05a,bcfdef38,3f2c10c8,bf3cead9,3d54b05c,bcfdef47,3f2c10c5,bf3ceada,1,29772725

10121,129,95,42,-426,-16315,610,-667,4555,-1723,3d543f9d,bcfd5ee1,3f2c0f06,bf3ced22,3d543f9f,bcfd5ef0,3f2c0f03,bf3ced23,1,29781244

10122,148,95,49,-449,-16342,660,-635,4493,-1710,3d53c892,bcfcd61b,3f2c0e22,bf3ceea5,3d53c894,bcfcd62a,3f2c0e1f,bf3ceea6,1,29789762

10123,184,100,42,-428,-16391,617,-625,4527,-1743,3d5354bb,bcfc49af,3f2c0f54,bf3cee3e,3d5354be,bcfc49bf,3f2c0f52,bf3cee3f,1,29798281

10124,201,97,38,-424,-16443,512,-625,4527,-1743,3d52e154,bcfbb6e8,3f2c125f,bf3cec2b,3d52e157,bcfbb6f9,3f2c125d,bf3cec2c,1,29806800

10125,172,97,21,-433,-16395,555,-655,4497,-1657,3d528f80,bcfb21d4,3f2c14aa,bf3ceaa1,3d528f84,bcfb21e6,3f2c14a9,bf3ceaa3,1,29815319

10126,155,107,6,-415,-16377,610,-655,4521,-1733,3d52481d,bcfa6684,3f2c1450,bf3ceb81,3d52481f,bcfa6694,3f2c144e,bf3ceb81,1,29823837

10127,175,109,18,-378,-16419,608,-655,4521,-1733,3d51f197,bcf9d152,3f2c152e,bf3ceb47,3d51f19b,bcf9d164,3f2c152e,bf3ceb49,1,29832356

10128,169,97,5,-408,-16444,534,-657,4503,-1669,3d51ab4a,bcf92178,3f2c174e,bf3ce9e1,3d51ab4d,bcf92189,3f2c174d,bf3ce9e3,1,29840875

10129,136,91,0,-434,-16385,559,-645,4527,-1692,3d51655d,bcf848cc,3f2c16ec,bf3ceacf,3d51655f,bcf848dc,3f2c16ea,bf3cead0,1,29849393

10130,127,80,1,-409,-16414,589,-645,4527,-1692,3d511204,bcf7609b,3f2c15d3,bf3cec77,3d511206,bcf760ab,3f2c15d1,bf3cec78,1,29857912

10131,128,80,5,-431,-16390,571,-647,4505,-1673,3d50bfa4,bcf681ac,3f2c152c,bf3cedb4,3d50bfa7,bcf681be,3f2c152a,bf3cedb6,1,29866430

10132,140,96,11,-461,-16401,589,-659,4495,-1680,3d50772f,bcf5c49f,3f2c14f4,bf3cee75,3d507730,bcf5c4af,3f2c14f0,bf3cee75,1,29874448

10133,136,100,21,-465,-16414,565,-659,4495,-1680,3d5028fa,bcf5211b,3f2c149e,bf3cef4d,3d5028fd,bcf5212d,3f2c149b,bf3cef4f,1,29882967

10134,125,129,21,-455,-16400,583,-687,4489,-1746,3d4fe99b,bcf499d0,3f2c123f,bf3cf1e8,3d4fe99e,bcf499e2,3f2c123c,bf3cf1ea,1,29891485

10135,122,133,27,-419,-16284,657,-673,4491,-1694,3d4fad04,bcf442e2,3f2c0ffe,bf3cf454,3d4fad07,bcf442f4,3f2c0ffb,bf3cf456,1,29900013

10136,149,118,29,-375,-16370,668,-589,4481,-1664,3d4f5de8,bcf3e8e9,3f2c0fd4,bf3cf4ef,3d4f5deb,bcf3e8fb,3f2c0fd1,bf3cf4f1,1,29908531

10137,182,108,19,-419,-16399,597,-589,4481,-1664,3d4f132e,bcf36510,3f2c1249,bf3cf32f,3d4f1331,bcf36523,3f2c1246,bf3cf331,1,29917050

10138,186,115,18,-429,-16425,542,-613,4477,-1690,3d4ecc81,bcf2e2a7,3f2c14f0,bf3cf13b,3d4ecc86,bcf2e2bc,3f2c14ee,bf3cf13e,1,29925568

10139,155,108,13,-442,-16379,599,-613,4461,-1732,3d4e7f00,bcf22b6f,3f2c1493,bf3cf21f,3d4e7f04,bcf22b82,3f2c1490,bf3cf221,1,29934087

10140,161,111,17,-439,-16377,626,-613,4461,-1732,3d4e2fa2,bcf1825a,3f2c1460,bf3cf2db,3d4e2fa6,bcf1826d,3f2c145c,bf3cf2dc,1,29942606

10141,175,108,35,-434,-16389,624,-683,4479,-1645,3d4ddc8b,bcf12255,3f2c1693,bf3cf153,3d4ddc92,bcf1226b,3f2c1691,bf3cf156,1,29951124

10142,190,99,50,-427,-16443,556,-625,4543,-1745,3d4d60cc,bcf0a890,3f2c18aa,bf3cf019,3d4d60d3,bcf0a8a5,3f2c18a8,bf3cf01c,1,29959643

10143,160,95,55,-444,-16386,575,-625,4543,-1745,3d4cdfd4,bcf02677,3f2c18bf,bf3cf0bb,3d4cdfda,bcf0268a,3f2c18bc,bf3cf0bd,1,29967661

10144,157,107,62,-426,-16297,604,-657,4493,-1706,3d4c66d6,bcefd9d5,3f2c18e1,bf3cf138,3d4c66db,bcefd9e7,3f2c18de,bf3cf139,1,29976179

10145,172,91,76,-367,-16389,616,-601,4507,-1641,3d4bd542,bcefb0b7,3f2c1aed,bf3cf005,3d4bd547,bcefb0c9,3f2c1aea,bf3cf006,1,29984698

10146,188,85,62,-371,-16435,581,-601,4507,-1641,3d4b4c32,bcef6406,3f2c1e43,bf3ceda7,3d4b4c38,bcef6419,3f2c1e41,bf3ceda9,1,29993217

10147,174,91,46,-398,-16426,540,-611,4497,-1677,3d4ad5a6,bceeefd0,3f2c2072,bf3cec4e,3d4ad5ac,bceeefe2,3f2c206f,bf3cec4f,1,30001735

10148,154,99,24,-396,-16394,559,-607,4505,-1737,3d4a72a1,bcee46b3,3f2c2054,bf3ced09,3d4a72a8,bcee46c5,3f2c2051,bf3ced0b,1,30010254

10149,138,105,19,-431,-16383,596,-613,4461,-1746,3d4a1b21,bced8c8b,3f2c1eb0,bf3cef20,3d4a1b29,bced8c9e,3f2c1eae,bf3cef23,1,30018773

10150,149,110,31,-423,-16374,598,-613,4461,-1746,3d49bb08,bcecf597,3f2c1dae,bf3cf0a1,3d49bb0f,bcecf5a9,3f2c1dab,bf3cf0a3,1,30027291

10151,153,120,43,-415,-16402,574,-619,4495,-1704,3d49602d,bceca28b,3f2c1dd3,bf3cf0fb,3d496034,bceca29d,3f2c1dcf,bf3cf0fc,1,30035810

10152,138,125,52,-428,-16414,567,-591,4517,-1800,3d48f291,bcec37fa,3f2c1b84,bf3cf3ab,3d48f299,bcec380e,3f2c1b81,bf3cf3ae,1,30044328

10153,112,152,89,-27,-16244,675,-591,4517,-1800,3d484bba,bceca34a,3f2c1664,bf3cf8e4,3d484bc2,bceca35e,3f2c1661,bf3cf8e7,1,30052847

10154,126,93,140,-426,-16353,615,-605,4497,-1710,3d477a4b,bcecbe7a,3f2c1467,bf3cfb89,3d477a53,bcecbe8d,3f2c1464,bf3cfb8b,1,30061366

10155,220,86,123,-373,-16524,520,-653,4467,-1675,3d46b0b3,bcecd72c,3f2c1987,bf3cf7ac,3d46b0bb,bcecd73f,3f2c1984,bf3cf7ae,1,30069884

10156,187,106,62,-325,-16424,589,-653,4467,-1675,3d46327f,bcecacf5,3f2c1c26,bf3cf5da,3d463287,bcecad08,3f2c1c23,bf3cf5dc,1,30077902

10157,181,73,33,-379,-16387,608,-641,4479,-1618,3d45c3d6,bcec1591,3f2c1f63,bf3cf38a,3d45c3df,bcec15a4,3f2c1f61,bf3cf38d,1,30086421

10158,175,58,17,-399,-16382,609,-657,4505,-1699,3d454d00,bceb1f20,3f2c2121,bf3cf2bd,3d454d07,bceb1f31,3f2c211e,bf3cf2bf,1,30094939

10159,184,69,18,-407,-16418,540,-657,4505,-1699,3d44dfb0,bcea41c9,3f2c23df,bf3cf0f5,3d44dfb6,bcea41d9,3f2c23dc,bf3cf0f6,1,30103458

10160,176,91,23,-418,-16391,562,-673,4505,-1677,3d448700,bce99ee7,3f2c2639,bf3cef5f,3d448707,bce99ef8,3f2c2637,bf3cef61,1,30111976

10161,164,108,43,-429,-16363,589,-631,4481,-1693,3d4426df,bce9326a,3f2c2728,bf3cef09,3d4426e5,bce9327b,3f2c2726,bf3cef0b,1,30120495

10162,172,122,65,-411,-16395,582,-623,4511,-1692,3d43bc81,bce911a3,3f2c289e,bf3cee2d,3d43bc87,bce911b4,3f2c289c,bf3cee2f,1,30129014

10163,176,125,66,-355,-16419,600,-623,4511,-1692,3d434dd5,bce905b0,3f2c2a2d,bf3ced39,3d434dda,bce905c0,3f2c2a2a,bf3ced3a,1,30137532

10164,166,109,54,-379,-16421,555,-633,4529,-1701,3d42df45,bce8bbf2,3f2c2b6d,bf3cec9e,3d42df4b,bce8bc03,3f2c2b6b,bf3ceca0,1,30146051

10165,140,106,49,-342,-16406,592,-631,4529,-1699,3d427069,bce8682a,3f2c2ad9,bf3cedb2,3d42706f,bce8683a,3f2c2ad6,bf3cedb3,1,30154570

10166,132,107,33,-346,-16380,613,-631,4529,-1699,3d42134f,bce7f6a1,3f2c29a9,bf3cef48,3d421355,bce7f6b1,3f2c29a6,bf3cef49,1,30163088

10167,142,117,23,-357,-16408,582,-633,4493,-1668,3d41ce58,bce790b6,3f2c29ba,bf3cef9f,3d41ce5d,bce790c5,3f2c29b7,bf3cef9f,1,30171607

10168,151,106,18,-387,-16383,607,-597,4459,-1721,3d417bc8,bce6e9bf,3f2c2947,bf3cf090,3d417bce,bce6e9cf,3f2c2945,bf3cf091,1,30180126

10169,155,98,13,-402,-16385,573,-597,4459,-1721,3d412893,bce627fc,3f2c295f,bf3cf10a,3d412899,bce6280c,3f2c295d,bf3cf10a,1,30188144

10170,158,97,17,-377,-16418,556,-579,4485,-1744,3d40ca3f,bce569c5,3f2c2977,bf3cf18f,3d40ca47,bce569d6,3f2c2975,bf3cf190,1,30196662

10171,154,100,20,-389,-16351,619,-619,4457,-1692,3d40763c,bce4c85b,3f2c29a1,bf3cf1ee,3d407644,bce4c86c,3f2c299f,bf3cf1ef,1,30205181

10172,161,108,21,-383,-16384,610,-619,4457,-1692,3d40278f,bce43b86,3f2c2a46,bf3cf1d3,3d402797,bce43b97,3f2c2a44,bf3cf1d4,1,30213700

10173,157,101,32,-368,-16386,577,-615,4475,-1657,3d3fcd21,bce3c8ad,3f2c2b7d,bf3cf136,3d3fcd2a,bce3c8bf,3f2c2b7b,bf3cf137,1,30222218

10174,170,97,21,-358,-16394,562,-633,4505,-1592,3d3f8556,bce3597c,3f2c2eb7,bf3ceeb0,3d3f855e,bce3598d,3f2c2eb5,bf3ceeb0,1,30230737

10175,170,97,13,-363,-16393,589,-617,4461,-1662,3d3f37e2,bce2bbb4,3f2c3097,bf3ced78,3d3f37ea,bce2bbc6,3f2c3095,bf3ced79,1,30239255

10176,164,98,7,-393,-16422,555,-617,4461,-1662,3d3ef4a6,bce20e5e,3f2c3256,bf3cec58,3d3ef4ae,bce20e70,3f2c3254,bf3cec59,1,30247774

10177,147,85,7,-413,-16401,563,-599,4469,-1705,3d3ea0b3,bce12da1,3f2c325a,bf3cecec,3d3ea0ba,bce12db2,3f2c3258,bf3ceced,1,30256293

10178,130,84,13,-396,-16408,566,-623,4463,-1755,3d3e3c21,bce040b7,3f2c3075,bf3cef53,3d3e3c28,bce040c9,3f2c3073,bf3cef54,1,30264811

10179,115,101,14,-397,-16370,614,-623,4463,-1755,3d3de697,bcdf73e6,3f2c2d39,bf3cf2d8,3d3de69e,bcdf73f8,3f2c2d37,bf3cf2d9,1,30273330

10180,128,107,23,-384,-16372,598,-625,4445,-1655,3d3d9d11,bcdef4f8,3f2c2c7e,bf3cf3f1,3d3d9d18,bcdef50a,3f2c2c7c,bf3cf3f2,1,30281848

10181,146,112,40,-400,-16388,582,-615,4489,-1721,3d3d3e03,bcde842c,3f2c2bff,bf3cf4e6,3d3d3e0b,bcde843f,3f2c2bfd,bf3cf4e7,1,30289866

10182,145,93,47,-364,-16365,606,-615,4489,-1721,3d3cc318,bcde0201,3f2c2b51,bf3cf625,3d3cc320,bcde0214,3f2c2b4f,bf3cf626,1,30298385

10183,157,85,51,-351,-16357,607,-599,4511,-1706,3d3c3e85,bcdd8397,3f2c2bb2,bf3cf675,3d3c3e8d,bcdd83ab,3f2c2bb1,bf3cf677,1,30306904

10184,180,79,27,-354,-16424,599,-619,4485,-1763,3d3bc13b,bcdcb484,3f2c2ca7,bf3cf651,3d3bc141,bcdcb497,3f2c2ca4,bf3cf651,1,30315422

10185,174,70,2,-380,-16420,592,-619,4485,-1763,3d3b57df,bcdb9f85,3f2c2d63,bf3cf65f,3d3b57e5,bcdb9f99,3f2c2d60,bf3cf660,1,30323941

10186,158,71,-15,-397,-16404,581,-607,4483,-1765,3d3b0213,bcda66b4,3f2c2d36,bf3cf738,3d3b0219,bcda66c9,3f2c2d33,bf3cf739,1,30332459

10187,139,78,-8,-433,-16388,593,-581,4501,-1644,3d3ac55c,bcd97411,3f2c2db5,bf3cf746,3d3ac562,bcd97426,3f2c2db2,bf3cf747,1,30340978

10188,132,101,6,-459,-16375,572,-581,4501,-1644,3d3a926d,bcd8c26f,3f2c2dcb,bf3cf797,3d3a9273,bcd8c284,3f2c2dc8,bf3cf798,1,30349496

10189,139,111,31,-422,-16388,595,-611,4505,-1664,3d3a48dc,bcd85456,3f2c2dce,bf3cf7fc,3d3a48e2,bcd8546b,3f2c2dcb,bf3cf7fd,1,30358015

10190,147,114,50,-415,-16297,634,-631,4479,-1627,3d39f481,bcd81d8c,3f2c2e83,bf3cf7ba,3d39f487,bcd81da1,3f2c2e81,bf3cf7bb,1,30366534

10191,179,116,56,-360,-16387,614,-585,4493,-1655,3d398f93,bcd7fb13,3f2c30e0,bf3cf600,3d398f99,bcd7fb28,3f2c30de,bf3cf601,1,30375052

10192,194,110,53,-337,-16396,589,-585,4493,-1655,3d39257a,bcd7ce85,3f2c3459,bf3cf34a,3d392580,bcd7ce9b,3f2c3458,bf3cf34c,1,30383070

10193,186,106,36,-349,-16406,607,-627,4475,-1757,3d38b83f,bcd749ce,3f2c3591,bf3cf2bf,3d38b844,bcd749e2,3f2c358e,bf3cf2c0,1,30391589

10194,169,93,20,-358,-16412,585,-609,4479,-1633,3d3866d4,bcd6c031,3f2c37f8,bf3cf104,3d3866da,bcd6c046,3f2c37f6,bf3cf106,1,30400107

10195,160,90,7,-363,-16419,570,-609,4479,-1633,3d382075,bcd6172b,3f2c39f3,bf3cefab,3d38207b,bcd6173f,3f2c39f0,bf3cefac,1,30408626

10196,151,91,-7,-389,-16393,575,-585,4453,-1705,3d37ddb2,bcd52eb5,3f2c3a29,bf3ceffc,3d37ddb8,bcd52ec9,3f2c3a26,bf3ceffd,1,30417144

10197,153,96,-8,-395,-16362,593,-607,4479,-1730,3d379e10,bcd44474,3f2c3a06,bf3cf09c,3d379e17,bcd44489,3f2c3a03,bf3cf09e,1,30425663

10198,154,96,1,-382,-16400,578,-607,4479,-1730,3d3753ed,bcd36ed5,3f2c3a0c,bf3cf11a,3d3753f4,bcd36eeb,3f2c3a09,bf3cf11c,1,30434182

10199,164,103,3,-405,-16377,556,-591,4459,-1776,3d370703,bcd28e9d,3f2c3a02,bf3cf1ad,3d37070a,bcd28eb3,3f2c39ff,bf3cf1af,1,30442700

10200,157,105,10,-387,-16387,592,-615,4481,-1699,3d36c236,bcd1e8fb,3f2c3a98,bf3cf195,3d36c23d,bcd1e911,3f2c3a95,bf3cf197,1,30451219

10201,155,99,29,-341,-16411,613,-615,4481,-1699,3d366024,bcd1644b,3f2c3ae3,bf3cf1d5,3d36602c,bcd16462,3f2c3ae0,bf3cf1d7,1,30459738

10202,148,88,30,-269,-16423,552,-611,4485,-1789,3d35dbac,bcd0b427,3f2c39b6,bf3cf397,3d35dbb5,bcd0b43f,3f2c39b4,bf3cf39a,1,30468256

10203,141,54,49,-458,-16339,608,-575,4497,-1673,3d354edd,bccfe7dd,3f2c39c0,bf3cf44c,3d354ee6,bccfe7f4,3f2c39be,bf3cf44e,1,30476775

10204,129,52,50,-394,-16361,624,-645,4501,-1658,3d34bd3b,bccf2faf,3f2c3941,bf3cf57f,3d34bd43,bccf2fc5,3f2c393f,bf3cf580,1,30485293

10205,129,67,32,-396,-16391,593,-645,4501,-1658,3d344b67,bcce7513,3f2c38f8,bf3cf661,3d344b6f,bcce7529,3f2c38f7,bf3cf663,1,30493311

10206,146,72,31,-447,-16389,602,-653,4489,-1667,3d33e249,bccdb449,3f2c3985,bf3cf67b,3d33e251,bccdb45e,3f2c3983,bf3cf67c,1,30501829

10207,136,90,46,-430,-16352,603,-661,4479,-1738,3d336cd1,bccd1493,3f2c3820,bf3cf85a,3d336cd9,bccd14a8,3f2c381e,bf3cf85b,1,30510348

10208,143,113,66,-391,-16388,622,-661,4479,-1738,3d32f3c5,bcccd0dd,3f2c36ec,bf3cf9f8,3d32f3cd,bcccd0f2,3f2c36ea,bf3cf9f9,1,30518867

10209,144,132,69,-360,-16412,592,-641,4501,-1691,3d328e75,bcccd6d9,3f2c36c4,bf3cfa7c,3d328e7c,bcccd6ed,3f2c36c1,bf3cfa7c,1,30527386

10210,145,140,60,-370,-16384,592,-633,4441,-1699,3d3236e9,bcccd102,3f2c365e,bf3cfb2c,3d3236f1,bcccd117,3f2c365c,bf3cfb2d,1,30535904

10211,153,124,55,-326,-16369,614,-633,4441,-1699,3d31d112,bcccacd1,3f2c3660,bf3cfb94,3d31d11a,bcccace6,3f2c365e,bf3cfb95,1,30544423

10212,169,118,46,-339,-16407,606,-619,4511,-1703,3d317167,bccc6ecb,3f2c3798,bf3cfae1,3d317170,bccc6ee1,3f2c3797,bf3cfae3,1,30552941

10213,165,111,33,-343,-16391,587,-645,4477,-1771,3d310c5e,bccbe87e,3f2c3786,bf3cfb76,3d310c66,bccbe892,3f2c3784,bf3cfb76,1,30561460

10214,141,115,15,-354,-16385,594,-645,4477,-1771,3d30befb,bccb43d0,3f2c35f1,bf3cfd5b,3d30bf03,bccb43e6,3f2c35f0,bf3cfd5b,1,30569979

10215,150,113,5,-385,-16356,613,-631,4533,-1708,3d3089d0,bccaa407,3f2c360b,bf3cfda0,3d3089d9,bccaa41e,3f2c360b,bf3cfda1,1,30578497

10216,173,120,5,-399,-16377,607,-629,4475,-1726,3d30564a,bcca0505,3f2c3727,bf3cfcf8,3d305652,bcca051b,3f2c3726,bf3cfcf9,1,30587016

10217,179,117,20,-389,-16355,616,-657,4513,-1662,3d301cff,bcc99dcd,3f2c39b5,bf3cfaf5,3d301d07,bcc99de3,3f2c39b4,bf3cfaf6,1,30595534

10218,188,118,37,-356,-16378,600,-657,4513,-1662,3d2fcfdb,bcc96089,3f2c3cdf,bf3cf86a,3d2fcfe3,bcc9609e,3f2c3cde,bf3cf86b,1,30603552

10219,183,123,45,-838,-16511,463,-653,4525,-1636,3d2fb52d,bcc8dcf2,3f2c411e,bf3cf4c7,3d2fb536,bcc8dd07,3f2c411e,bf3cf4c9,1,30612071

10220,151,146,122,-163,-15943,898,-631,4499,-1700,3d2f101d,bcc982ad,3f2c3e92,bf3cf788,3d2f1024,bcc982bf,3f2c3e90,bf3cf788,1,30620590

10221,208,76,108,-353,-16662,362,-631,4499,-1700,3d2e4e80,bcc9693a,3f2c43e9,bf3cf364,3d2e4e87,bcc9694c,3f2c43e7,bf3cf364,1,30629108

10222,184,138,91,-316,-16362,703,-623,4471,-1749,3d2dc89b,bcc98eb4,3f2c4441,bf3cf384,3d2dc8a2,bcc98ec6,3f2c443f,bf3cf384,1,30637627

10223,167,101,46,-340,-16437,559,-651,4483,-1633,3d2d6787,bcc948a2,3f2c46c5,bf3cf1a5,3d2d678f,bcc948b5,3f2c46c3,bf3cf1a6,1,30646146

10224,180,93,24,-345,-16390,578,-651,4483,-1633,3d2d155f,bcc8ca57,3f2c4a06,bf3cef1b,3d2d1567,bcc8ca6a,3f2c4a04,bf3cef1c,1,30654664

10225,166,117,7,-391,-16390,579,-573,4519,-1658,3d2cea5d,bcc84676,3f2c4bf7,bf3ceda0,3d2cea65,bcc84688,3f2c4bf6,bf3ceda0,1,30663183

10226,157,124,17,-370,-16376,576,-613,4489,-1737,3d2cabd5,bcc7c382,3f2c4c03,bf3cedf0,3d2cabdd,bcc7c395,3f2c4c03,bf3cedf1,1,30671702

10227,143,113,30,-362,-16392,595,-613,4489,-1737,3d2c55f7,bcc74252,3f2c4b14,bf3cef3b,3d2c55ff,bcc74264,3f2c4b13,bf3cef3c,1,30680220

10228,147,117,43,-344,-16388,597,-605,4485,-1638,3d2c0613,bcc70ee8,3f2c4be7,bf3ceed1,3d2c061a,bcc70ef9,3f2c4be6,bf3ceed1,1,30688739

10229,144,120,47,-337,-16378,578,-581,4477,-1696,3d2ba974,bcc6d0f7,3f2c4bb6,bf3cef63,3d2ba97b,bcc6d108,3f2c4bb5,bf3cef63,1,30697258

10230,144,107,46,-327,-16359,619,-597,4507,-1684,3d2b44a2,bcc68088,3f2c4b8f,bf3ceff7,3d2b44a9,bcc68098,3f2c4b8d,bf3ceff6,1,30705276

10231,157,97,52,-338,-16429,602,-597,4507,-1684,3d2ad1a8,bcc62693,3f2c4c60,bf3cefb7,3d2ad1b0,bcc626a5,3f2c4c5f,bf3cefb7,1,30713794

10232,164,102,53,-348,-16392,561,-587,4493,-1670,3d2a6534,bcc5dba1,3f2c4e0e,bf3ceea5,3d2a653c,bcc5dbb3,3f2c4e0d,bf3ceea5,1,30722313

10233,156,111,51,-344,-16397,591,-609,4467,-1642,3d2a0763,bcc5a852,3f2c4f65,bf3cedce,3d2a076b,bcc5a864,3f2c4f64,bf3cedce,1,30730831

10234,143,118,55,-333,-16389,605,-609,4467,-1642,3d29ab66,bcc58aa5,3f2c4fcc,bf3cedcb,3d29ab6d,bcc58ab6,3f2c4fca,bf3cedcb,1,30739350

10235,144,116,56,-315,-16386,587,-629,4505,-1713,3d294003,bcc5552e,3f2c4f5d,bf3cee9e,3d29400b,bcc55541,3f2c4f5c,bf3cee9f,1,30747869

10236,137,112,46,-297,-16393,604,-611,4457,-1728,3d28d47d,bcc4fd25,3f2c4e09,bf3cf04b,3d28d484,bcc4fd37,3f2c4e08,bf3cf04c,1,30756387

10237,133,104,25,-327,-16391,610,-611,4457,-1728,3d287a32,bcc46755,3f2c4c83,bf3cf226,3d287a39,bcc46767,3f2c4c82,bf3cf227,1,30764906

10238,125,111,9,-310,-16371,620,-591,4507,-1701,3d283afd,bcc3d502,3f2c4b00,bf3cf3e6,3d283b03,bcc3d513,3f2c4afe,bf3cf3e7,1,30773424

10239,141,98,7,-348,-16371,621,-593,4483,-1679,3d27f8b5,bcc325df,3f2c4ad6,bf3cf473,3d27f8bc,bcc325f1,3f2c4ad5,bf3cf476,1,30781943

10240,155,96,4,-347,-16394,580,-593,4483,-1679,3d27b711,bcc27064,3f2c4bd8,bf3cf3f1,3d27b718,bcc27075,3f2c4bd7,bf3cf3f3,1,30790462

10241,156,89,8,-350,-16320,618,-627,4427,-1692,3d2767cc,bcc1a9ca,3f2c4c54,bf3cf3fa,3d2767d1,bcc1a9d9,3f2c4c52,bf3cf3fb,1,30798980

10242,178,89,9,-337,-16345,647,-579,4491,-1660,3d271c6a,bcc0fb09,3f2c4e9f,bf3cf253,3d271c6f,bcc0fb18,3f2c4e9d,bf3cf254,1,30806998

10243,208,78,19,-318,-16388,595,-597,4501,-1715,3d26b118,bcc03bf0,3f2c524f,bf3cef86,3d26b11d,bcc03bff,3f2c524d,bf3cef87,1,30815517

10244,224,70,32,-338,-16400,600,-597,4501,-1715,3d263346,bcbf8160,3f2c56f2,bf3cebe9,3d26334b,bcbf8170,3f2c56f1,bf3cebeb,1,30824035

10245,212,66,41,-348,-16398,583,-605,4493,-1667,3d25b2c2,bcbedfac,3f2c5bad,bf3ce831,3d25b2c7,bcbedfbb,3f2c5bab,bf3ce832,1,30832554

10246,205,80,43,-386,-16410,561,-613,4505,-1747,3d253419,bcbe3219,3f2c5ed1,bf3ce5ef,3d25341e,bcbe3227,3f2c5ece,bf3ce5ef,1,30841073

10247,182,110,33,-362,-16390,543,-613,4505,-1747,3d24d8d2,bcbdb169,3f2c608e,bf3ce4c9,3d24d8d8,bcbdb178,3f2c608c,bf3ce4cb,1,30849591

10248,169,127,26,-355,-16388,606,-635,4491,-1730,3d249648,bcbd4b99,3f2c613c,bf3ce47e,3d24964d,bcbd4ba7,3f2c613a,bf3ce47f,1,30858110

10249,165,147,23,-329,-16424,585,-617,4483,-1657,3d247260,bcbd2cb1,3f2c62e8,bf3ce31e,3d247265,bcbd2cbe,3f2c62e6,bf3ce31e,1,30866628

10250,157,137,9,-349,-16385,619,-617,4483,-1657,3d2455be,bcbcda17,3f2c63e8,bf3ce263,3d2455c3,bcbcda25,3f2c63e7,bf3ce263,1,30875147

10251,155,124,12,-338,-16377,631,-609,4503,-1703,3d24219c,bcbc631e,3f2c6407,bf3ce290,3d2421a1,bcbc632c,3f2c6406,bf3ce290,1,30883666

10252,173,135,14,-353,-16346,654,-639,4519,-1722,3d23f479,bcbbfd19,3f2c64cc,bf3ce21e,3d23f47e,bcbbfd27,3f2c64cb,bf3ce21e,1,30892184

10253,202,168,19,-334,-16364,626,-639,4519,-1722,3d23dd47,bcbbea3c,3f2c6771,bf3cdfcb,3d23dd4d,bcbbea4c,3f2c6771,bf3cdfcc,1,30900202

10254,245,192,4,-314,-16387,656,-619,4507,-1674,3d23eeab,bcbc079a,3f2c6d3c,bf3cda6c,3d23eeb1,bcbc07aa,3f2c6d3c,bf3cda6c,1,30908721

10255,272,204,-28,-303,-16322,685,-629,4541,-1719,3d2421f5,bcbbf6d6,3f2c73ca,bf3cd448,3d2421fb,bcbbf6e6,3f2c73c9,bf3cd447,1,30917239

10256,317,199,-63,-317,-16449,530,-613,4519,-1692,3d24771e,bcbbab6e,3f2c7ead,bf3cca1e,3d247724,bcbbab80,3f2c7ead,bf3cca1e,1,30925758

10257,338,198,-94,-453,-16291,462,-613,4519,-1692,3d24f7e0,bcbb08fd,3f2c8b50,bf3cbe4a,3d24f7e6,bcbb090f,3f2c8b50,bf3cbe4a,1,30934276

10258,323,178,-86,-366,-16534,418,-671,4543,-1694,3d255628,bcba6581,3f2c9760,bf3cb318,3d25562d,bcba6592,3f2c975f,bf3cb317,1,30942795

10259,258,155,-11,-400,-16424,560,-653,4549,-1745,3d2551a0,bcb9f2c6,3f2c9d71,bf3cadaa,3d2551a7,bcb9f2d9,3f2c9d72,bf3cadab,1,30951314

10260,231,155,28,-294,-16424,570,-653,4549,-1745,3d251b1c,bcb9dd93,3f2ca19f,bf3caa0c,3d251b22,bcb9dda5,3f2ca1a0,bf3caa0c,1,30959832

10261,228,141,21,-342,-16424,514,-663,4547,-1619,3d24f9f4,bcb9c872,3f2ca818,bf3ca444,3d24f9f9,bcb9c882,3f2ca818,bf3ca443,1,30968351

10262,200,129,5,-374,-16398,538,-691,4531,-1673,3d24d8fc,bcb95e35,3f2cabd9,bf3ca10a,3d24d901,bcb95e45,3f2cabd9,bf3ca109,1,30976869

10263,200,137,9,-327,-16381,605,-691,4531,-1673,3d24b601,bcb914e2,3f2caf11,bf3c9e48,3d24b606,bcb914f2,3f2caf11,bf3c9e47,1,30985388

10264,209,149,1,-341,-16431,565,-645,4537,-1641,3d24abce,bcb8dee0,3f2cb395,bf3c9a3d,3d24abd2,bcb8deef,3f2cb394,bf3c9a3c,1,30993907

10265,215,175,-1,-454,-16428,512,-679,4525,-1684,3d24c021,bcb8ae9e,3f2cb80e,bf3c961e,3d24c025,bcb8aeae,3f2cb80d,bf3c961d,1,31002425

10266,240,234,1,-498,-16415,483,-679,4525,-1684,3d250bd6,bcb8efcc,3f2cbe0c,bf3c904f,3d250bda,bcb8efdc,3f2cbe0b,bf3c904e,1,31010443

10267,208,324,66,-103,-16437,266,-657,4547,-1666,3d2543cd,bcbabc1c,3f2cc332,bf3c8af4,3d2543d3,bcbabc2e,3f2cc333,bf3c8af5,1,31018962

10268,8,266,177,-546,-16845,315,-667,4517,-1617,3d2512ae,bcbc782f,3f2cbc67,bf3c90ea,3d2512b3,bcbc7840,3f2cbc67,bf3c90e9,1,31027480

10269,-186,281,199,-242,-15975,1104,-679,4581,-1699,3d24b47d,bcbe7972,3f2ca22a,bf3ca8c1,3d24b483,bcbe7984,3f2ca22b,bf3ca8c2,1,31035999

10270,37,340,114,-380,-16181,635,-679,4581,-1699,3d24ebd1,bcc054f3,3f2c99dc,bf3cafb2,3d24ebd5,bcc05503,3f2c99dc,bf3cafb2,1,31044517

10271,178,331,110,-277,-16398,509,-673,4561,-1640,3d251882,bcc2584f,3f2c9c2b,bf3cacea,3d251886,bcc2585f,3f2c9c2b,bf3cacea,1,31053036

10272,191,360,141,-391,-16416,597,-699,4597,-1648,3d254d2a,bcc4b12a,3f2c9e89,bf3ca9f5,3d254d2e,bcc4b13a,3f2c9e89,bf3ca9f5,1,31061554

10273,191,399,134,-261,-16409,668,-699,4597,-1648,3d259e58,bcc766e0,3f2ca03a,bf3ca76d,3d259e5b,bcc766ef,3f2ca03a,bf3ca76c,1,31070073

10274,249,444,111,-231,-16426,601,-695,4629,-1615,3d2630e1,bcca6635,3f2ca66e,bf3ca073,3d2630e4,bcca6644,3f2ca66e,bf3ca072,1,31078592

10275,296,484,19,-307,-16364,566,-737,4625,-1705,3d273c32,bcccdeaf,3f2cae54,bf3c979f,3d273c35,bcccdebe,3f2cae54,bf3c979e,1,31087110

10276,309,552,-39,-254,-16376,636,-737,4625,-1705,3d28b7c2,bccf80b6,3f2cb64f,bf3c8e46,3d28b7c5,bccf80c4,3f2cb64f,bf3c8e45,1,31095629

10277,380,611,-53,-353,-16321,719,-721,4595,-1672,3d2a833d,bcd27520,3f2cc24d,bf3c80db,3d2a8341,bcd2752e,3f2cc24e,bf3c80db,1,31104147

10278,450,660,-86,-159,-16205,631,-767,4589,-1587,3d2c924d,bcd5e768,3f2cd46f,bf3c6d64,3d2c924f,bcd5e775,3f2cd46e,bf3c6d62,1,31112666

10279,485,751,-164,-381,-16480,463,-767,4589,-1587,3d2f5666,bcd95230,3f2ce99e,bf3c566b,3d2f5669,bcd9523e,3f2ce99d,bf3c566a,1,31120684

10280,443,956,-204,-633,-16818,281,-735,4613,-1629,3d330e54,bcddc330,3f2cfbee,bf3c40cc,3d330e58,bcddc33f,3f2cfbee,bf3c40cc,1,31129202

10281,292,1180,-241,-826,-16428,701,-723,4669,-1582,3d37dbe8,bce36fb0,3f2d020b,bf3c34db,3d37dbec,bce36fbf,3f2d020b,bf3c34db,1,31137721

10282,377,1657,-233,-636,-16323,585,-747,4647,-1614,3d3e33ec,bced07aa,3f2d0b86,bf3c22e0,3d3e33ef,bced07b8,3f2d0b85,bf3c22e0,1,31146240

10283,604,2358,-163,-726,-16195,698,-747,4647,-1614,3d46c4b0,bcfc8797,3f2d1ed8,bf3c0332,3d46c4b2,bcfc87a5,3f2d1ed7,bf3c0332,1,31154759

10284,804,2875,-106,-929,-16820,-245,-711,4591,-1577,3d50f340,bd08449f,3f2d419a,bf3bd11f,3d50f343,bd0844a6,3f2d419a,bf3bd120,1,31163283

10285,560,2954,194,-629,-16580,34,-707,4629,-1582,3d5a316a,bd13a9cd,3f2d51b6,bf3baf21,3d5a316c,bd13a9d2,3f2d51b5,bf3baf21,1,31171802

10286,297,2930,478,89,-16740,195,-707,4629,-1582,3d62056a,bd203002,3f2d4ecd,bf3b9e48,3d62056c,bd203007,3f2d4ecc,bf3b9e48,1,31180321

10287,154,2904,117,-492,-16713,238,-713,4597,-1514,3d6b726c,bd2b0eaf,3f2d4488,bf3b9293,3d6b726e,bd2b0eb4,3f2d4487,bf3b9293,1,31188840

10288,21,3038,-313,-454,-16479,421,-641,4595,-1541,3d76fed8,bd34d731,3f2d3082,bf3b8d09,3d76feda,bd34d736,3f2d3081,bf3b8d09,1,31197358

10289,-47,3265,-579,-619,-16347,339,-641,4595,-1541,3d8238b8,bd3e748a,3f2d17ed,bf3b8805,3d8238ba,bd3e7490,3f2d17ec,bf3b8806,1,31205877

10290,-86,3450,-606,-609,-15968,803,-685,4557,-1501,3d8957db,bd48a9ff,3f2cf887,bf3b8606,3d8957dd,bd48aa04,3f2cf885,bf3b8606,1,31214396

10291,24,3652,-508,-344,-15841,1110,-665,4601,-1511,3d908d44,bd54236c,3f2cda93,bf3b7f57,3d908d47,bd542372,3f2cda92,bf3b7f59,1,31222414

10292,403,3940,-599,-279,-15889,619,-665,4601,-1511,3d985d6e,bd6097c9,3f2cd55b,bf3b5ce3,3d985d70,bd6097ce,3f2cd55a,bf3b5ce4,1,31230932

10293,619,4088,-410,-1523,-15902,710,-745,4649,-1490,3da052bb,bd6dcb7d,3f2cdae8,bf3b2ce3,3da052bd,bd6dcb82,3f2cdae7,bf3b2ce4,1,31239451

10294,875,4255,306,-5798,-15382,652,-719,4635,-1474,3da7cf1a,bd7ce931,3f2cebc1,bf3aef3a,3da7cf1c,bd7ce936,3f2cebc0,bf3aef3b,1,31247970

10295,1072,4727,2344,932,-16829,-188,-679,4611,-1470,3dab07a0,bd8bcbe2,3f2cfaf6,bf3aaf6f,3dab07a2,bd8bcbe4,3f2cfaf5,bf3aaf70,1,31256488

10296,863,4576,3031,-220,-16585,488,-679,4611,-1470,3daceb69,bd99bfcc,3f2cf4d5,bf3a8241,3daceb69,bd99bfcc,3f2cf4d2,bf3a8241,1,31265007

10297,666,4546,2610,651,-17316,-27,-669,4547,-1349,3daf7ea6,bda70606,3f2ce717,bf3a57b1,3daf7ea6,bda70607,3f2ce715,bf3a57b2,1,31273526

10298,291,4512,1722,-264,-17053,-29,-635,4569,-1326,3db3f66d,bdb25fdf,3f2cc7a4,bf3a39ba,3db3f66e,bdb25fe0,3f2cc7a3,bf3a39bc,1,31282044

10299,-160,4662,925,-678,-17160,-67,-635,4569,-1326,3dba65d9,bdbc6536,3f2c901b,bf3a2c6d,3dba65da,bdbc6536,3f2c9019,bf3a2c6e,1,31290563

10300,-400,5005,287,-1763,-16217,789,-631,4545,-1306,3dc2f9aa,bdc595aa,3f2c4698,bf3a2744,3dc2f9ab,bdc595aa,3f2c4697,bf3a2745,1,31299081

10301,-444,5612,-209,-517,-16497,-520,-645,4515,-1298,3dcd4766,bdcf5df6,3f2bfda7,bf3a13d7,3dcd4767,bdcf5df5,3f2bfda5,bf3a13d8,1,31307600

10302,-573,5754,-122,-1340,-16578,386,-645,4515,-1298,3dd7ddc6,bdd95168,3f2ba4b8,bf3a089d,3dd7ddc7,bdd95167,3f2ba4b7,bf3a089e,1,31315618

10303,-827,5760,-466,-415,-16946,297,-633,4445,-1228,3de3034d,bde2cc06,3f2b3d3c,bf3a05a4,3de3034e,bde2cc05,3f2b3d3b,bf3a05a5,1,31324136

10304,-1049,5698,-618,-927,-16428,1091,-641,4563,-1215,3dee88d5,bdeba8da,3f2ac3e9,bf3a0f6f,3dee88d7,bdeba8da,3f2ac3e9,bf3a0f71,1,31332655

10305,-1190,5744,-791,-1139,-16489,1104,-641,4563,-1215,3dfa8691,bdf43567,3f2a4114,bf3a1c33,3dfa8691,bdf43565,3f2a4113,bf3a1c34,1,31341174

10306,-1075,5783,-865,-63,-15777,1778,-633,4517,-1198,3e033cf5,bdfcec44,3f29bc43,bf3a2515,3e033cf4,bdfcec42,3f29bc41,bf3a2516,1,31349692

10307,-943,5759,-1007,-987,-16164,1776,-637,4505,-1176,3e0965ea,be029542,3f29412e,bf3a207f,3e0965e8,be029541,3f29412c,bf3a2080,1,31358211

10308,-746,6219,-1157,-592,-16417,1720,-605,4525,-1184,3e100022,be071793,3f28cbd2,bf3a07ba,3e100020,be071792,3f28cbd0,bf3a07bb,1,31366729

10309,-677,6669,-1505,-693,-16583,1829,-605,4525,-1184,3e174e55,be0bb85f,3f285590,bf39df65,3e174e53,be0bb85e,3f28558e,bf39df66,1,31375248

10310,-523,7301,-2014,-604,-15981,1825,-603,4461,-1088,3e1f998b,be108da1,3f27e3d3,bf399c1a,3e1f998a,be108da1,3f27e3d2,bf399c1b,1,31383767

10311,-320,8019,-2532,-645,-16357,961,-615,4471,-1066,3e28ebfb,be15b00b,3f277cfd,bf3933c8,3e28ebfa,be15b00b,3f277cfc,bf3933c9,1,31392286

10312,-229,8485,-2648,-1440,-16296,527,-615,4471,-1066,3e32c262,be1b1c5a,3f271467,bf38b6f1,3e32c261,be1b1c5a,3f271466,bf38b6f2,1,31400804

10313,-340,9215,-2628,-1848,-16333,-142,-651,4491,-1078,3e3d339a,be213099,3f26975c,bf382dfc,3e3d339a,be21309a,3f26975b,bf382dfe,1,31409323

10314,-340,10226,-2368,-1807,-15944,212,-653,4525,-899,3e484030,be286e19,3f25ffc2,bf37940c,3e48402e,be286e18,3f25ffc0,bf37940d,1,31417842

10315,-56,11152,-2132,-1517,-15695,1130,-653,4525,-899,3e53c31a,be30c556,3f255962,bf36ddb1,3e53c318,be30c555,3f255960,bf36ddb2,1,31425859

10316,465,11766,-2067,-938,-16032,1299,-733,4521,-940,3e5f81a5,be39e64b,3f24bb13,bf35fb8b,3e5f81a3,be39e64a,3f24bb11,bf35fb8c,1,31434378

10317,756,12138,-2097,-1093,-16738,359,-787,4537,-817,3e6b7733,be436c87,3f2423c5,bf34f28f,3e6b7731,be436c87,3f2423c3,bf34f290,1,31442897

10318,684,12183,-2044,-1627,-16647,-557,-787,4537,-817,3e7760aa,be4cf29c,3f237fa3,bf33df76,3e7760a9,be4cf29d,3f237fa2,bf33df78,1,31451415

10319,537,11905,-1761,-1600,-16262,-195,-869,4549,-727,3e816575,be565a5b,3f22c8ed,bf32d408,3e816574,be565a5c,3f22c8ec,bf32d40a,1,31459934

10320,456,11634,-1440,-1487,-16445,-86,-865,4513,-684,3e86d1b6,be5fb59c,3f220332,bf31cf1a,3e86d1b4,be5fb59c,3f220330,bf31cf1b,1,31468453

10321,536,11526,-1371,-2221,-16051,-97,-907,4545,-611,3e8c273f,be68f2f9,3f213b9f,bf30bde1,3e8c273e,be68f2fb,3f213b9f,bf30bde3,1,31476971

10322,645,11710,-1292,-1920,-16399,-66,-907,4545,-611,3e9176ff,be726e66,3f206a81,bf2f9c89,3e9176fd,be726e67,3f206a80,bf2f9c8a,1,31485490

10323,605,12095,-1150,-1298,-16898,-417,-977,4607,-487,3e96d323,be7c5ec4,3f1f822e,bf2e6db9,3e96d321,be7c5ec6,3f1f822e,bf2e6dbb,1,31494009

10324,375,12312,-1192,-1169,-16400,-339,-1035,4547,-472,3e9c4a6f,be83295c,3f1e7de0,bf2d3b09,3e9c4a6d,be83295c,3f1e7de0,bf2d3b0a,1,31502527

10325,321,12270,-1605,-1056,-16466,-66,-1035,4547,-472,3ea1e386,be87e86f,3f1d74fe,bf2bf839,3ea1e385,be87e86f,3f1d74fe,bf2bf83b,1,31511046

10326,353,12284,-1818,-1847,-16410,-285,-1125,4565,-408,3ea79154,be8c8633,3f1c6af1,bf2aa014,3ea79153,be8c8632,3f1c6af0,bf2aa016,1,31519564

10327,568,13085,-1344,-6682,-15715,1140,-1129,4573,-380,3ead71ec,be918089,3f1b43f5,bf2928fc,3ead71ea,be918087,3f1b43f3,bf2928fd,1,31528083

10328,1042,15618,-157,28,-17038,-1642,-1129,4573,-380,3eb36c9b,be985f1b,3f19c1d4,bf277545,3eb36c9a,be985f19,3f19c1d3,bf277546,1,31536101

10329,628,16263,-730,1000,-16456,-1897,-1149,4555,-354,3eb9e277,be9f294d,3f1812d7,bf25a51f,3eb9e276,be9f294c,3f1812d6,bf25a521,1,31544619

10330,495,15195,-1417,-2128,-17357,-2857,-1259,4575,-224,3ec03f70,bea50f40,3f168702,bf23c9c0,3ec03f6f,bea50f3f,3f168701,bf23c9c2,1,31553138

10331,695,13266,-1326,-1560,-15736,-113,-1259,4575,-224,3ec5bdfa,beaa2633,3f152cf1,bf221421,3ec5bdf9,beaa2632,3f152cf0,bf221423,1,31561657

10332,675,12325,-1018,868,-16809,-208,-1355,4583,-220,3ecaa06c,beaf0061,3f13d7d4,bf207dee,3ecaa06a,beaf0060,3f13d7d3,bf207df0,1,31570175

10333,307,11505,-1125,1499,-16744,-574,-1351,4495,-178,3ecf4240,beb35c2d,3f128467,bf1f04f5,3ecf423c,beb35c2b,3f128465,bf1f04f5,1,31578694

10334,-204,9854,-1270,-370,-16053,-265,-1351,4495,-178,3ed37546,beb6c2b7,3f114f4c,bf1dc5b2,3ed37544,beb6c2b6,3f114f4b,bf1dc5b3,1,31587213

10335,95,8463,-1153,-2085,-15777,-239,-1459,4551,-173,3ed70ce2,beb9a3fc,3f105664,bf1c9b21,3ed70ce0,beb9a3fc,3f105663,bf1c9b23,1,31595731

10336,592,7794,-763,-1795,-16055,-575,-1501,4511,-85,3eda156f,bebc8828,3f0f7eee,bf1b7688,3eda156e,bebc8829,3f0f7eee,bf1b768a,1,31604250

10337,644,7358,-451,-2114,-16015,-248,-1559,4521,-21,3edcd1de,bebf5806,3f0eacdc,bf1a63e2,3edcd1db,bebf5807,3f0eacdb,bf1a63e3,1,31612769

10338,697,7053,-73,-2000,-15896,3,-1559,4521,-21,3edf436a,bec22b54,3f0dd886,bf196407,3edf4367,bec22b55,3f0dd885,bf196408,1,31621287

10339,843,6709,69,1562,-15431,2287,-1599,4539,-21,3ee1665f,bec50680,3f0cf837,bf188117,3ee1665d,bec50681,3f0cf836,bf188119,1,31629806

10340,247,7693,553,-2131,-18231,-614,-1639,4559,-17,3ee3e531,bec82e8c,3f0bdd0c,bf1790a6,3ee3e52e,bec82e8d,3f0bdd0b,bf1790a7,1,31637824

10341,576,7988,1625,-1801,-16465,-830,-1639,4559,-17,3ee5f693,becbebfb,3f0aa0b6,bf16ab9b,3ee5f690,becbebfc,3f0aa0b5,bf16ab9c,1,31646342

10342,981,7910,915,55,-16675,495,-1631,4487,18,3ee81ec6,becf81df,3f098626,bf15a0a1,3ee81ec3,becf81e1,3f098625,bf15a0a3,1,31654861

10343,745,8108,-69,171,-16888,48,-1701,4471,1,3eeac24d,bed2bd56,3f0877e7,bf146e3c,3eeac24a,bed2bd58,3f0877e6,bf146e3e,1,31663380

10344,352,7763,326,-1,-16490,218,-1701,4471,1,3eed3718,bed5d44e,3f07526b,bf136546,3eed3716,bed5d451,3f07526b,bf136548,1,31671898

10345,13,7486,708,590,-16349,487,-1723,4477,42,3eef7da4,bed8d63e,3f0613bc,bf12831d,3eef7da0,bed8d63f,3f0613bb,bf12831e,1,31680417

10346,-261,7160,1024,807,-15907,114,-1719,4479,63,3ef193d2,bedbbd90,3f04c736,bf11c154,3ef193cf,bedbbd91,3f04c736,bf11c156,1,31688935

10347,-188,6623,1215,724,-16343,156,-1719,4479,63,3ef35fc0,bede821c,3f038a5c,bf111434,3ef35fbc,bede821c,3f038a5b,bf111436,1,31697454

10348,-86,5988,1034,671,-16724,-96,-1803,4491,146,3ef4fcbd,bee0ff18,3f0271e8,bf106dae,3ef4fcba,bee0ff19,3f0271e8,bf106db1,1,31705973

10349,-194,5228,638,1002,-16419,86,-1755,4455,124,3ef68006,bee307cf,3f017df3,bf0fd875,3ef68002,bee307cf,3f017df2,bf0fd878,1,31714491

10350,-358,4556,187,1582,-16957,27,-1775,4437,93,3ef7fafd,bee49f40,3f00ab8d,bf0f50d7,3ef7faf7,bee49f3f,3f00ab8b,bf0f50d9,1,31723010

10351,-556,4140,167,295,-16221,135,-1775,4437,93,3ef96a81,bee5f1f2,3effc928,bf0edbd9,3ef96a7c,bee5f1f1,3effc925,bf0edbdc,1,31731028

10352,-628,4038,111,681,-16273,38,-1813,4455,97,3efad7f3,bee73277,3efe3dbf,bf0e6ad8,3efad7ef,bee73277,3efe3dbd,bf0e6adc,1,31739547

10353,-657,3974,-64,1230,-16711,240,-1795,4443,56,3efc4d30,bee85d92,3efcbb6c,bf0df80a,3efc4d2c,bee85d92,3efcbb6a,bf0df80e,1,31748065

10354,-708,3859,-510,1153,-16415,88,-1795,4443,56,3efde43c,bee95399,3efb5ff3,bf0d77bf,3efde436,bee95397,3efb5fef,bf0d77c2,1,31756584

10355,-827,3604,-859,1864,-15044,941,-1845,4433,129,3eff8cc0,beea0c3b,3efa1a38,bf0cfc88,3eff8cbb,beea0c3a,3efa1a34,bf0cfc8c,1,31765102

10356,-431,3247,-1082,623,-13384,-506,-1847,4437,29,3f008725,beeab01b,3ef93c14,bf0c6b43,3f008722,beeab019,3ef93c0f,bf0c6b47,1,31773621

10357,968,3047,-745,2621,-17431,-94,-1847,4437,29,3f00f50e,beebdbc9,3ef8c5bb,bf0bbd02,3f00f50b,beebdbc7,3ef8c5b6,bf0bbd06,1,31782140

10358,728,2540,-194,-368,-17621,-759,-1829,4439,66,3f014521,beece038,3ef84ecb,bf0b398a,3f01451e,beece036,3ef84ec6,bf0b398e,1,31790658

10359,183,2636,-554,-1193,-17651,-1185,-1867,4421,83,3f01c053,beed9dd4,3ef7bf9a,bf0ab5b0,3f01c051,beed9dd2,3ef7bf96,bf0ab5b5,1,31799177

10360,-53,2860,-858,-961,-16410,-954,-1867,4421,83,3f025af2,beee4292,3ef71d2a,bf0a2638,3f025af0,beee4290,3ef71d26,bf0a263d,1,31807695

10361,-39,2696,-1115,148,-16550,-552,-1925,4423,122,3f02f769,beeec99e,3ef694ab,bf09949d,3f02f766,beeec99b,3ef694a7,bf0994a1,1,31816214

10362,111,2221,-1103,383,-15790,-459,-1915,4485,81,3f0378b8,beef34c6,3ef63e76,bf091119,3f0378b6,beef34c3,3ef63e73,bf09111e,1,31824733

10363,247,1687,-1022,-71,-16238,-150,-1917,4487,82,3f03dd21,beef7cfa,3ef61cff,bf089ff9,3f03dd1e,beef7cf6,3ef61cfb,bf089ffd,1,31833251

10364,233,1340,-778,-967,-16441,-241,-1917,4487,82,3f042b73,beefb279,3ef60b35,bf0844bb,3f042b70,beefb275,3ef60b31,bf0844bf,1,31841269

10365,78,1307,-573,-961,-16162,-538,-1899,4501,122,3f047425,beefe9d1,3ef5df05,bf07f9a7,3f047423,beefe9ce,3ef5df02,bf07f9ac,1,31849788

10366,3,1329,-138,-19,-16262,-98,-1973,4497,183,3f04abe0,bef043e6,3ef57f6f,bf07c6b3,3f04abde,bef043e3,3ef57f6c,bf07c6b8,1,31858307

10367,47,1174,96,367,-16369,178,-1973,4497,183,3f04d061,bef0a824,3ef51a1a,bf07a462,3f04d05f,bef0a821,3ef51a17,bf07a467,1,31866825

10368,57,807,-3,223,-16741,-628,-1949,4451,184,3f04e89e,bef0e74d,3ef4e2e3,bf078989,3f04e89c,bef0e74a,3ef4e2e0,bf07898e,1,31875344

10369,33,539,-238,121,-16420,-719,-1989,4517,14,3f0501de,bef0f9ba,3ef4d4f5,bf076eda,3f0501dc,bef0f9b7,3ef4d4f2,bf076edf,1,31883863

10370,-6,387,-470,150,-16222,-137,-1989,4517,14,3f0521e6,bef0e603,3ef4dfcc,bf07533d,3f0521e3,bef0e5fe,3ef4dfc7,bf075341,1,31892381

10371,326,321,-562,-2288,-15615,-280,-1983,4513,67,3f053e14,bef0d06b,3ef5274d,bf0720b5,3f053e13,bef0d069,3ef5274b,bf0720bb,1,31900900

10372,336,781,-41,-1148,-17377,432,-1965,4463,113,3f05529b,bef1132e,3ef51195,bf06f887,3f05529a,bef1132c,3ef51192,bf06f88d,1,31909418

10373,-29,271,341,33,-16190,556,-1965,4463,113,3f054c7f,bef12f59,3ef4e008,bf070876,3f054c7d,bef12f55,3ef4e003,bf07087b,1,31917937

10374,-32,93,194,-950,-16375,387,-1963,4489,119,3f0548fb,bef128e6,3ef4d26f,bf0714fa,3f0548f9,bef128e2,3ef4d26a,bf0714fe,1,31926456

10375,-110,218,182,-859,-16115,882,-2005,4461,158,3f055035,bef1221d,3ef4b0b4,bf072026,3f055034,bef1221a,3ef4b0b0,bf07202a,1,31934974

10376,-26,123,300,-765,-16284,712,-1971,4483,48,3f05496e,bef12666,3ef49577,bf07313f,3f05496d,bef12662,3ef49572,bf073142,1,31942992

10377,57,143,332,-853,-16356,816,-1971,4483,48,3f053f76,bef134b5,3ef47d7a,bf073f89,3f053f76,bef134b2,3ef47d76,bf073f8c,1,31951511

10378,166,196,352,-1021,-16170,816,-1955,4445,130,3f0532f7,bef15124,3ef46a55,bf0747d0,3f0532f7,bef15120,3ef46a50,bf0747d3,1,31960030

10379,277,250,408,-922,-15922,1005,-1969,4481,132,3f052280,bef17f54,3ef45612,bf074c90,3f052281,bef17f51,3ef4560e,bf074c94,1,31968548

10380,373,423,362,-459,-16335,937,-1969,4481,132,3f05150d,bef1c66c,3ef43b73,bf074613,3f05150d,bef1c667,3ef43b6d,bf074616,1,31977067

10381,303,652,-24,-210,-16812,776,-1979,4459,89,3f05234f,bef2002b,3ef42477,bf072894,3f052350,bef20027,3ef42472,bf072898,1,31985585

10382,161,779,-585,753,-16375,661,-1961,4501,46,3f05510a,bef21467,3ef41ad0,bf06f6c5,3f05510b,bef21462,3ef41aca,bf06f6c9,1,31994104

10383,91,653,-1149,738,-16344,847,-1961,4501,46,3f0595d1,bef1e8ea,3ef4410e,bf06b4e6,3f0595d2,bef1e8e5,3ef44107,bf06b4e9,1,32002623

10384,199,360,-1603,-331,-15630,559,-1947,4473,110,3f05e15b,bef1817a,3ef4b8e5,bf0661d4,3f05e15d,bef18178,3ef4b8e0,bf0661d8,1,32011142

10385,442,160,-1592,-1139,-16397,317,-1957,4507,104,3f061c63,bef11a7c,3ef55ddd,bf0609e3,3f061c64,bef11a79,3ef55dd6,bf0609e6,1,32019660

10386,433,236,-1341,-1284,-16666,281,-1957,4507,104,3f064f9a,bef0cd1a,3ef5e7b3,bf05ba23,3f064f9b,bef0cd18,3ef5e7ad,bf05ba27,1,32028179

10387,280,301,-1165,-789,-16539,282,-1997,4417,134,3f068236,bef089d5,3ef64c68,bf057724,3f068237,bef089d2,3ef64c61,bf057727,1,32036698

10388,245,241,-1109,-436,-16653,383,-1999,4471,100,3f06b002,bef04531,3ef6aaf6,bf053c2a,3f06b002,bef0452c,3ef6aaed,bf053c2c,1,32045216

10389,153,138,-1325,-417,-16320,457,-2007,4527,58,3f06e6a4,beefddbc,3ef71a67,bf04ffce,3f06e6a5,beefddba,3ef71a61,bf04ffd2,1,32053234

10390,129,6,-1528,-1109,-16476,299,-2007,4527,58,3f072346,beef53f2,3ef7a91a,bf04bde2,3f072347,beef53ef,3ef7a913,bf04bde6,1,32061753

10391,32,7,-1595,-1541,-16384,446,-2049,4417,207,3f0768db,beeeb762,3ef8369c,bf047b51,3f0768dc,beeeb75f,3ef83695,bf047b55,1,32070271

10392,-43,24,-1409,-1624,-16335,435,-2057,4441,120,3f07a9c6,beee248d,3ef8ad73,bf044336,3f07a9c6,beee2488,3ef8ad6b,bf044339,1,32078790

10393,-74,79,-1137,-2193,-16207,580,-2057,4441,120,3f07e47c,beeda444,3ef90a5c,bf0414e2,3f07e47d,beeda440,3ef90a55,bf0414e6,1,32087309

10394,-71,182,-750,-1781,-16149,623,-2065,4471,103,3f0810e4,beed5032,3ef93c4f,bf03f563,3f0810e5,beed502e,3ef93c48,bf03f567,1,32095828

10395,-88,242,-367,-1525,-16305,713,-2067,4449,97,3f082edc,beed2111,3ef9469a,bf03e6c9,3f082edc,beed210c,3ef94692,bf03e6cc,1,32104346

10396,-39,271,-218,-1690,-16295,498,-2067,4449,97,3f08455d,beed0589,3ef94975,bf03da90,3f08455e,beed0586,3ef9496f,bf03da94,1,32112865

10397,-16,431,-177,-897,-16091,909,-2105,4505,89,3f085eb7,beed00c0,3ef933d0,bf03ccbd,3f085eb8,beed00bc,3ef933c9,bf03ccc0,1,32121383

10398,70,400,-274,-1203,-16316,776,-2113,4507,95,3f08784a,beecf7a6,3ef93385,bf03b67b,3f08784c,beecf7a3,3ef9337e,bf03b67f,1,32129902

10399,180,368,-342,-1333,-16248,769,-2113,4507,95,3f088f9c,beecef0a,3ef945ed,bf039977,3f088f9e,beecef06,3ef945e5,bf03997a,1,32138421

10400,254,373,-294,-1608,-16343,770,-2109,4487,24,3f08a2fd,beecef4e,3ef95c86,bf037a84,3f08a2ff,beecef4b,3ef95c7f,bf037a88,1,32146939

10401,260,300,-232,-1549,-16654,583,-2111,4511,70,3f08af5f,beecf144,3ef975be,bf0360ca,3f08af61,beecf141,3ef975b7,bf0360ce,1,32154957

10402,185,293,-256,-1238,-16384,555,-2151,4479,42,3f08bed5,beecec5d,3ef9890e,bf0349bc,3f08bed7,beecec59,3ef98906,bf0349bf,1,32163476

10403,124,453,-411,-1423,-16286,617,-2151,4479,42,3f08dec4,beece0fa,3ef995c4,bf032789,3f08dec6,beece0f6,3ef995bc,bf03278c,1,32171995

10404,93,526,-473,-1332,-16217,667,-2165,4489,36,3f09057c,beecd46a,3ef99cf0,bf030159,3f09057e,beecd466,3ef99ce8,bf03015c,1,32180513

10405,120,490,-450,-1631,-16397,661,-2157,4469,132,3f09296e,beecc6d9,3ef9a9ee,bf02dba6,3f092971,beecc6d6,3ef9a9e7,bf02dba9,1,32189032

10406,138,463,-391,-1773,-16173,729,-2157,4469,132,3f0949c7,beecbb81,3ef9b6ed,bf02b8a5,3f0949ca,beecbb7d,3ef9b6e5,bf02b8a8,1,32197550

10407,135,461,-187,-1888,-16227,614,-2179,4507,72,3f096185,beecc08c,3ef9b5a1,bf029e06,3f096188,beecc088,3ef9b599,bf029e09,1,32206069

10408,127,407,138,-1754,-16237,660,-2179,4503,93,3f096902,beecdbc2,3ef99dc1,bf02953a,3f096904,beecdbbc,3ef99db7,bf02953c,1,32214588

10409,143,418,308,-1393,-16309,732,-2179,4503,93,3f0967e5,beed09ec,3ef97590,bf0294a9,3f0967e8,beed09e8,3ef97588,bf0294ac,1,32223106

10410,182,364,325,-1409,-16339,776,-2141,4469,128,3f096204,beed37ea,3ef953cf,bf029612,3f096208,beed37e7,3ef953c8,bf029616,1,32231625

10411,238,331,276,-1403,-16403,660,-2153,4499,127,3f095a7a,beed64ff,3ef93e8c,bf0293ac,3f095a7e,beed64fc,3ef93e84,bf0293b0,1,32240144

10412,228,345,212,-1231,-16364,616,-2153,4499,127,3f0955ee,beed8ec9,3ef92b1a,bf028ebc,3f0955f2,beed8ec5,3ef92b11,bf028ec0,1,32248161

10413,198,337,179,-1209,-16293,663,-2155,4503,81,3f0953d0,beedb22f,3ef917ef,bf028a01,3f0953d3,beedb229,3ef917e4,bf028a04,1,32256680

10414,195,270,249,-1254,-16281,645,-2157,4493,82,3f094c42,beedd4eb,3ef905a0,bf028add,3f094c45,beedd4e6,3ef90596,bf028ae1,1,32265199

10415,173,206,310,-1205,-16359,600,-2165,4543,22,3f094017,beedf5f4,3ef8f273,bf0291c0,3f09401a,beedf5ee,3ef8f268,bf0291c4,1,32273717

10416,152,158,273,-1554,-16423,549,-2165,4543,22,3f09358a,beee0b46,3ef8e7e7,bf029825,3f09358e,beee0b41,3ef8e7dd,bf029829,1,32282236

10417,102,164,311,-1528,-16284,669,-2165,4517,59,3f092c0c,beee1ead,3ef8d4af,bf02a26c,3f092c10,beee1ea9,3ef8d4a6,bf02a270,1,32290755

10418,85,174,425,-1496,-16307,670,-2141,4541,113,3f091e4d,beee3b08,3ef8b5c1,bf02b2a8,3f091e51,beee3b03,3ef8b5b7,bf02b2ac,1,32299273

10419,71,178,532,-1478,-16329,672,-2141,4541,113,3f090cae,beee5f39,3ef88cd8,bf02c818,3f090cb1,beee5f33,3ef88ccc,bf02c81b,1,32307792

10420,70,195,630,-1389,-16301,724,-2119,4523,55,3f08f734,beee8d12,3ef85986,bf02e20d,3f08f738,beee8d0e,3ef8597c,bf02e211,1,32316310

10421,81,212,696,-1364,-16303,699,-2117,4497,103,3f08df15,beeec2e0,3ef8209a,bf02fdbd,3f08df19,beeec2dc,3ef82090,bf02fdc1,1,32324829

10422,90,218,756,-1246,-16277,702,-2117,4497,103,3f08c3fa,beeeff96,3ef7e26d,bf031bc8,3f08c3fe,beeeff92,3ef7e263,bf031bcc,1,32333348

10423,105,214,796,-975,-16297,709,-2155,4541,136,3f08a61a,beef4268,3ef7a101,bf033b5e,3f08a61e,beef4263,3ef7a0f6,bf033b62,1,32341866

10424,96,185,728,-965,-16330,675,-2175,4491,19,3f088aa4,beef7c5e,3ef7675c,bf0358b0,3f088aa8,beef7c59,3ef76751,bf0358b4,1,32350385

10425,84,162,611,-1001,-16399,608,-2175,4491,19,3f0873cb,beefa9b9,3ef738e9,bf03719a,3f0873ce,beefa9b3,3ef738dd,bf03719e,1,32358403

10426,67,202,490,-983,-16428,660,-2133,4487,119,3f08640f,beefcee2,3ef70e2d,bf038510,3f086413,beefcede,3ef70e23,bf038515,1,32366921

10427,36,201,375,-973,-16390,743,-2139,4485,69,3f085aed,beefe71c,3ef6e97e,bf0394b6,3f085af0,beefe716,3ef6e972,bf0394ba,1,32375440

10428,48,175,299,-952,-16375,724,-2125,4523,32,3f08533b,beeff857,3ef6ce21,bf03a1aa,3f08533e,beeff851,3ef6ce15,bf03a1ae,1,32383959

10429,41,177,199,-916,-16340,730,-2125,4523,32,3f085029,bef0012b,3ef6b9a1,bf03aa6c,3f08502d,bef00126,3ef6b997,bf03aa71,1,32392477

10430,38,185,93,-993,-16337,793,-2123,4499,97,3f0852a9,bef00090,3ef6acc6,bf03ae23,3f0852ac,bef00089,3ef6acba,bf03ae27,1,32400996

10431,61,196,21,-957,-16280,834,-2133,4549,63,3f0857fb,beeffd12,3ef6a623,bf03ad54,3f0857ff,beeffd0c,3ef6a618,bf03ad59,1,32409515

10432,116,194,-30,-999,-16166,938,-2133,4549,63,3f085dda,beeff8dc,3ef6a811,bf03a843,3f085dde,beeff8d5,3ef6a805,bf03a848,1,32418033

10433,230,208,-114,-1106,-16245,786,-2119,4511,92,3f086300,beeff9bf,3ef6bb0e,bf0399a0,3f086304,beeff9b7,3ef6bb01,bf0399a5,1,32426552

10434,259,210,-104,-1557,-16234,785,-2135,4483,114,3f0868a1,beeffa2a,3ef6d368,bf03882e,3f0868a5,beeffa21,3ef6d35a,bf038833,1,32435070

10435,231,215,42,-1025,-16252,746,-2135,4483,114,3f086704,bef0095d,3ef6d910,bf038044,3f086708,bef00954,3ef6d902,bf038049,1,32443589

10436,244,207,112,-1222,-16388,672,-2155,4483,88,3f08624b,bef01d98,3ef6dd4c,bf0379f0,3f086250,bef01d91,3ef6dd40,bf0379f6,1,32452115

10437,220,196,138,-1294,-16395,612,-2147,4517,122,3f085ce4,bef030b0,3ef6df41,bf0375e8,3f085ce8,bef030a8,3ef6df34,bf0375ed,1,32460634

10438,185,222,234,-1103,-16421,659,-2147,4517,122,3f085540,bef04be4,3ef6d265,bf037771,3f085544,bef04bdd,3ef6d259,bf037776,1,32468652

10439,125,253,284,-1038,-16405,733,-2089,4495,119,3f084e42,bef06893,3ef6b81d,bf037de8,3f084e46,bef0688c,3ef6b811,bf037ded,1,32477170

10440,99,280,251,-896,-16349,751,-2119,4505,117,3f084ade,bef08368,3ef69ad3,bf0382e4,3f084ae2,bef08361,3ef69ac7,bf0382e9,1,32485689

10441,106,255,177,-873,-16338,701,-2123,4561,137,3f084938,bef09738,3ef6867f,bf038513,3f08493c,bef09731,3ef68673,bf038518,1,32494208

10442,101,256,79,-872,-16317,744,-2123,4561,137,3f084c38,bef0a257,3ef67920,bf038323,3f084c3c,bef0a250,3ef67914,bf038328,1,32502726

10443,94,233,6,-933,-16365,711,-2127,4507,53,3f0851e2,bef0a4b9,3ef673ca,bf037eaf,3f0851e6,bef0a4b2,3ef673be,bf037eb4,1,32511245

10444,90,216,-50,-1018,-16344,743,-2129,4533,84,3f0859e5,bef09fba,3ef6748c,bf03784d,3f0859e9,bef09fb3,3ef67480,bf037852,1,32519763

10445,80,185,-75,-1111,-16342,736,-2129,4533,84,3f08626d,bef0946e,3ef679fd,bf037211,3f086272,bef09469,3ef679f3,bf037217,1,32528282

10446,68,181,-41,-1087,-16256,797,-2147,4527,91,3f086a38,bef08a0a,3ef67b96,bf036dfd,3f086a3c,bef08a04,3ef67b8c,bf036e02,1,32536801

10447,83,179,-1,-1081,-16274,823,-2125,4551,52,3f086f47,bef08422,3ef67b08,bf036bb2,3f086f4b,bef0841c,3ef67afe,bf036bb7,1,32545319

10448,118,164,38,-1194,-16256,833,-2125,4551,52,3f087122,bef08227,3ef67ca8,bf0369eb,3f087126,bef08220,3ef67c9d,bf0369ef,1,32553838

10449,156,150,123,-1239,-16345,713,-2133,4491,29,3f086d10,bef089e6,3ef67d57,bf036a46,3f086d14,bef089e0,3ef67d4c,bf036a4a,1,32562357

10450,144,148,250,-1057,-16248,803,-2153,4497,30,3f0863ed,bef09b46,3ef67137,bf03717e,3f0863f1,bef09b40,3ef6712c,bf037182,1,32570375

10451,151,176,298,-1151,-16348,707,-2153,4497,30,3f085995,bef0b38d,3ef660e4,bf0378c3,3f085999,bef0b386,3ef660d8,bf0378c6,1,32578893

10452,143,206,325,-868,-16337,790,-2139,4555,-84,3f084e9f,bef0d1cb,3ef6480c,bf0381ee,3f084ea3,bef0d1c4,3ef64800,bf0381f1,1,32587412

10453,132,202,327,-888,-16176,836,-2133,4529,103,3f08442c,bef0ede9,3ef62e47,bf038bf1,3f084431,bef0ede3,3ef62e3c,bf038bf5,1,32595930

10454,150,165,298,-1057,-16380,687,-2155,4505,95,3f083937,bef105c5,3ef61e6b,bf0393c6,3f08393b,bef105be,3ef61e5f,bf0393ca,1,32604449

10455,156,180,291,-1033,-16389,713,-2155,4505,95,3f082eff,bef11ecc,3ef60dfc,bf039a92,3f082f04,bef11ec6,3ef60df1,bf039a97,1,32612968

10456,138,214,333,-887,-16294,756,-2115,4539,43,3f082417,bef13d8f,3ef5f3d1,bf03a3fc,3f08241c,bef13d88,3ef5f3c5,bf03a401,1,32621486

10457,127,202,334,-1089,-16413,706,-2063,4525,121,3f0818f2,bef1592f,3ef5db53,bf03ae4b,3f0818f6,bef15928,3ef5db46,bf03ae50,1,32630005

10458,93,192,402,-1004,-16391,697,-2063,4525,121,3f080b87,bef1770c,3ef5bada,bf03bda0,3f080b8b,bef17706,3ef5bace,bf03bda5,1,32638523

10459,58,205,448,-1162,-16277,930,-2139,4531,32,3f0800d9,bef192a6,3ef59331,bf03ce7c,3f0800dd,bef192a0,3ef59325,bf03ce81,1,32647042

10460,99,285,453,-1110,-16611,661,-2085,4495,111,3f07f566,bef1bc6b,3ef56869,bf03db11,3f07f56a,bef1bc64,3ef5685d,bf03db15,1,32655561

10461,101,267,486,-478,-16227,870,-2085,4495,111,3f07e63f,bef1eaca,3ef53625,bf03eccc,3f07e643,bef1eac3,3ef53619,bf03ecd0,1,32663579

10462,106,208,446,-658,-16402,739,-2061,4493,71,3f07d62f,bef210cf,3ef50f3e,bf03fdfc,3f07d632,bef210c8,3ef50f31,bf03fdff,1,32672097

10463,91,165,389,-692,-16278,788,-2085,4527,94,3f07c842,bef22c21,3ef4efb7,bf040e68,3f07c846,bef22c1b,3ef4efac,bf040e6c,1,32680616

10464,128,202,303,-885,-16416,699,-2085,4527,94,3f07be8b,bef2460d,3ef4d951,bf0416e2,3f07be8f,bef24607,3ef4d946,bf0416e6,1,32689134

10465,171,225,273,-795,-16374,754,-2079,4513,134,3f07b531,bef26391,3ef4c5e5,bf041bf5,3f07b535,bef2638c,3ef4c5db,bf041bfa,1,32697653

10466,141,209,271,-587,-16349,815,-2043,4511,70,3f07ab65,bef27e46,3ef4aef6,bf042464,3f07ab68,bef27e40,3ef4aeeb,bf042468,1,32706172

10467,130,209,161,-652,-16396,743,-2095,4507,50,3f07a7a6,bef28edf,3ef4a17b,bf0426db,3f07a7a9,bef28ed9,3ef4a171,bf0426df,1,32714690

10468,84,196,71,-641,-16354,702,-2095,4507,50,3f07a8fa,bef29359,3ef49893,bf04278e,3f07a8fd,bef29353,3ef49889,bf042792,1,32723209

10469,58,177,14,-637,-16353,800,-2023,4497,58,3f07ac47,bef28ede,3ef4923e,bf042928,3f07ac4b,bef28ed9,3ef49235,bf04292c,1,32731728

10470,37,165,-25,-737,-16354,824,-2091,4561,108,3f07b324,bef282f9,3ef48f9f,bf0428c9,3f07b328,bef282f3,3ef48f95,bf0428cb,1,32740246

10471,37,159,-71,-483,-16371,885,-2091,4561,108,3f07baf1,bef274aa,3ef48e8a,bf0427d7,3f07baf5,bef274a4,3ef48e80,bf0427d9,1,32748765

10472,41,121,-180,-809,-16284,851,-2069,4573,106,3f07c698,bef25830,3ef49cbb,bf04225c,3f07c69b,bef25829,3ef49cb0,bf04225e,1,32757283

10473,90,157,-196,-938,-16270,850,-2043,4501,67,3f07d273,bef24107,3ef4ae05,bf0418ca,3f07d276,bef24101,3ef4adfc,bf0418cd,1,32765802

10474,107,132,-123,-841,-16289,896,-2043,4501,67,3f07d92a,bef22fa7,3ef4bbf3,bf041365,3f07d92c,bef22fa0,3ef4bbe9,bf041368,1,32773820

10475,163,161,-92,-663,-16738,493,-2105,4507,28,3f07dc31,bef22d03,3ef4cb71,bf040a50,3f07dc33,bef22cfd,3ef4cb68,bf040a53,1,32782338

10476,182,139,3,-736,-16278,865,-2043,4549,58,3f07da2a,bef22e5e,3ef4d468,bf0407a1,3f07da2c,bef22e57,3ef4d45e,bf0407a3,1,32790857

10477,127,97,13,-910,-16278,842,-2043,4549,58,3f07d8cc,bef226a2,3ef4dd2f,bf040881,3f07d8cf,bef2269c,3ef4dd26,bf040883,1,32799376

10478,153,100,32,-1049,-16195,1104,-2045,4529,-4,3f07d74d,bef21f6f,3ef4e5ba,bf040963,3f07d750,bef21f69,3ef4e5b1,bf040965,1,32807894

10479,206,131,43,-794,-16460,712,-2039,4547,77,3f07d1d7,bef2264c,3ef4efc7,bf040730,3f07d1db,bef22647,3ef4efbe,bf040733,1,32816413

10480,145,89,12,-765,-16413,787,-2121,4535,80,3f07cfe5,bef220c2,3ef4fabf,bf0406a3,3f07cfea,bef220be,3ef4fab7,bf0406a6,1,32824932

10481,128,98,-74,-825,-16269,854,-2121,4535,80,3f07d341,bef2125e,3ef50a4c,bf040291,3f07d346,bef2125a,3ef50a44,bf040294,1,32833450

10482,128,109,-82,-907,-16302,879,-2123,4491,138,3f07d7d1,bef2035e,3ef519f9,bf03fd79,3f07d7d5,bef20359,3ef519f0,bf03fd7c,1,32841969

10483,148,110,-39,-874,-16312,834,-2103,4523,94,3f07d917,bef1fa95,3ef527af,bf03f9d4,3f07d91b,bef1fa90,3ef527a6,bf03f9d7,1,32850488

10484,144,112,10,-918,-16306,853,-2103,4523,94,3f07d8b4,bef1f507,3ef5312b,bf03f85d,3f07d8b8,bef1f502,3ef53122,bf03f860,1,32859006

10485,156,114,54,-894,-16194,928,-2089,4485,106,3f07d607,bef1f3c9,3ef53720,bf03f8ed,3f07d60a,bef1f3c2,3ef53716,bf03f8ef,1,32867525

10486,185,105,101,-871,-16322,864,-2089,4533,71,3f07cf6a,bef1f90c,3ef53ce8,bf03faa3,3f07cf6d,bef1f906,3ef53cdf,bf03faa6,1,32876043

10487,208,94,128,-862,-16301,860,-2089,4533,71,3f07c642,bef201a2,3ef54377,bf03fd13,3f07c646,bef2019d,3ef5436f,bf03fd17,1,32884061

10488,225,103,140,-1394,-15608,1346,-2113,4501,105,3f07c17c,bef20291,3ef54b37,bf03fdf5,3f07c17e,bef20289,3ef54b2c,bf03fdf7,1,32892580

10489,286,148,175,-750,-16374,774,-2071,4507,136,3f07b461,bef21c39,3ef54f7a,bf03fdb0,3f07b464,bef21c34,3ef54f72,bf03fdb3,1,32901098

10490,186,88,174,-715,-16389,749,-2071,4507,136,3f07a8b7,bef22817,3ef55061,bf0403d3,3f07a8b9,bef22811,3ef55059,bf0403d5,1,32909617

10491,158,98,75,-810,-16370,757,-2083,4539,64,3f07a377,bef2296b,3ef556b4,bf0405a8,3f07a379,bef22966,3ef556ad,bf0405ab,1,32918135

10492,126,110,50,-767,-16356,810,-2069,4523,31,3f07a0e0,bef226f2,3ef55a4a,bf0407ca,3f07a0e3,bef226ee,3ef55a44,bf0407ce,1,32926654

10493,106,109,23,-763,-16324,844,-2093,4537,-4,3f07a0b6,bef2200d,3ef55e57,bf04093d,3f07a0b8,bef22008,3ef55e4f,bf040940,1,32935173

10494,119,109,-9,-796,-16337,828,-2093,4537,-4,3f07a179,bef2179a,3ef56676,bf04088e,3f07a17b,bef21796,3ef5666f,bf040891,1,32943691

10495,117,117,-34,-727,-16356,835,-2035,4497,56,3f07a290,bef20e75,3ef56e72,bf0407eb,3f07a292,bef20e71,3ef56e6b,bf0407ee,1,32952210

10496,99,123,-78,-790,-16369,786,-2107,4517,-3,3f07a7af,bef20042,3ef5796a,bf040412,3f07a7b0,bef2003d,3ef57963,bf040414,1,32960729

10497,77,123,-111,-1529,-15848,1398,-2107,4517,-3,3f07b526,bef1dfec,3ef58739,bf03fe9f,3f07b528,bef1dfe9,3ef58734,bf03fea2,1,32969247

10498,139,197,-116,-787,-16382,718,-2069,4515,62,3f07bc59,bef1d989,3ef59209,bf03f51b,3f07bc5b,bef1d985,3ef59203,bf03f51e,1,32977766

10499,67,130,-101,-677,-16381,828,-2107,4497,7,3f07c390,bef1c81e,3ef599f5,bf03f1fb,3f07c392,bef1c819,3ef599ee,bf03f1fe,1,32985784

10500,56,122,-203,-830,-16315,868,-2107,4497,7,3f07d00b,bef1ab20,3ef5aabc,bf03ea9d,3f07d00d,bef1ab1c,3ef5aab6,bf03eaa0,1,32994302

10501,58,113,-241,-851,-16349,901,-2099,4479,68,3f07ddb8,bef18a23,3ef5bf43,bf03e215,3f07ddb9,bef18a1d,3ef5bf3c,bf03e217,1,33002821

10502,58,95,-244,-927,-16285,899,-2079,4535,38,3f07eab1,bef166ed,3ef5d602,bf03da3b,3f07eab2,bef166e7,3ef5d5fb,bf03da3d,1,33011340

10503,72,85,-209,-1129,-16296,871,-2079,4535,38,3f07f5c8,bef14583,3ef5edeb,bf03d2ee,3f07f5ca,bef1457e,3ef5ede5,bf03d2f0,1,33019858

10504,82,99,-90,-945,-16235,914,-2133,4549,49,3f07fc27,bef130cd,3ef5fa93,bf03cff1,3f07fc29,bef130c8,3ef5fa8d,bf03cff3,1,33028377

10505,97,106,-13,-917,-16293,905,-2087,4573,68,3f07fdea,bef124fc,3ef6011b,bf03d079,3f07fdec,bef124f7,3ef60115,bf03d07b,1,33036895

10506,118,116,4,-942,-16322,942,-2105,4517,36,3f07ff04,bef11cb4,3ef60754,bf03d03a,3f07ff06,bef11caf,3ef6074e,bf03d03c,1,33045414

10507,137,115,27,-897,-16283,930,-2105,4517,36,3f07fe1a,bef1185f,3ef60d23,bf03d06e,3f07fe1c,bef1185a,3ef60d1d,bf03d070,1,33053933

10508,153,111,39,-960,-16295,904,-2101,4523,61,3f07fbf5,bef115c9,3ef61471,bf03d06d,3f07fbf7,bef115c4,3ef6146b,bf03d06f,1,33062452

10509,159,112,68,-904,-16300,906,-2097,4537,37,3f07f813,bef116b1,3ef61950,bf03d1bd,3f07f815,bef116ac,3ef6194a,bf03d1bf,1,33070970

10510,161,105,92,-909,-16304,885,-2097,4537,37,3f07f2bf,bef1193c,3ef61d47,bf03d439,3f07f2c1,bef11938,3ef61d42,bf03d43c,1,33078988

10511,159,94,120,-870,-16336,891,-2071,4557,39,3f07eb4e,bef11d5b,3ef61f2f,bf03d91d,3f07eb50,bef11d57,3ef61f2a,bf03d920,1,33087507

10512,151,95,118,-892,-16337,875,-2075,4529,32,3f07e46d,bef1208f,3ef620da,bf03ddf9,3f07e46e,bef12089,3ef620d3,bf03ddfa,1,33096025

10513,143,108,116,-1296,-15697,1237,-2075,4529,32,3f07e204,bef11c06,3ef621c8,bf03e217,3f07e206,bef11c01,3ef621c1,bf03e219,1,33104544

10514,190,153,186,-713,-16349,823,-2069,4489,76,3f07d80f,bef12f1f,3ef61b1c,bf03e6bb,3f07d811,bef12f1a,3ef61b15,bf03e6bd,1,33113063

10515,111,104,197,-840,-16409,854,-2027,4553,36,3f07cec2,bef136bd,3ef61189,bf03f14b,3f07cec4,bef136b8,3ef61182,bf03f14d,1,33121581

10516,97,122,126,-833,-16257,913,-2027,4553,36,3f07ca18,bef1384f,3ef60a57,bf03f8ba,3f07ca1a,bef1384b,3ef60a51,bf03f8bd,1,33130100

10517,104,137,122,-815,-16276,938,-2039,4553,-1,3f07c622,bef13b6c,3ef60289,bf03ff05,3f07c624,bef13b68,3ef60283,bf03ff08,1,33138618

10518,129,146,100,-782,-16252,961,-2019,4563,11,3f07c22f,bef13fe9,3ef5fd34,bf040383,3f07c230,bef13fe4,3ef5fd2d,bf040386,1,33147137

10519,166,134,76,-738,-16269,941,-2091,4511,33,3f07be39,bef144ce,3ef5fe9f,bf0404b1,3f07be3a,bef144c9,3ef5fe98,bf0404b4,1,33155656

10520,189,137,30,-782,-16313,951,-2091,4511,33,3f07bbae,bef147d3,3ef605b9,bf04029e,3f07bbae,bef147cd,3ef605b1,bf0402a0,1,33164174

10521,252,175,-19,-539,-16658,606,-2057,4509,95,3f07b799,bef154d7,3ef612ec,bf03fab5,3f07b79b,bef154d4,3ef612e7,bf03fab9,1,33172693

10522,225,146,-40,-715,-16353,892,-2071,4505,107,3f07b641,bef15745,3ef62181,bf03f42f,3f07b642,bef15741,3ef6217a,bf03f431,1,33181211

10523,198,139,-114,-881,-16328,890,-2071,4505,107,3f07b98d,bef14f3b,3ef6359f,bf03eb16,3f07b98e,bef14f38,3ef63598,bf03eb18,1,33189229

10524,199,131,-113,-790,-16306,899,-2063,4517,47,3f07bbf3,bef14788,3ef64968,bf03e2e7,3f07bbf4,bef14786,3ef64962,bf03e2e9,1,33197748

10525,199,127,-125,-781,-16370,878,-2103,4487,74,3f07bf30,bef13e9a,3ef65ee5,bf03d99f,3f07bf31,bef13e98,3ef65edf,bf03d9a1,1,33206267

10526,186,121,-183,-879,-16360,880,-2103,4487,74,3f07c592,bef12e70,3ef67920,bf03ce2f,3f07c592,bef12e6d,3ef67919,bf03ce30,1,33214785

10527,181,123,-184,-821,-16524,752,-2129,4533,122,3f07cbe0,bef11f88,3ef6935a,bf03c23e,3f07cbe0,bef11f85,3ef69353,bf03c23f,1,33223304

10528,156,97,-151,-902,-16344,872,-2043,4527,90,3f07d01c,bef10d7d,3ef6aa0a,bf03bb82,3f07d01d,bef10d7b,3ef6aa04,bf03bb83,1,33231822

10529,123,93,-152,-954,-16273,909,-2043,4527,90,3f07d5dc,bef0f74e,3ef6be68,bf03b633,3f07d5dc,bef0f74b,3ef6be61,bf03b633,1,33240341

10530,114,90,-111,-937,-16282,940,-2087,4505,119,3f07dac3,bef0e314,3ef6cefd,bf03b2a0,3f07dac3,bef0e312,3ef6cef7,bf03b2a0,1,33248860

10531,126,87,-76,-996,-16304,920,-2023,4605,-13,3f07dca2,bef0d2d4,3ef6ddf4,bf03b11c,3f07dca3,bef0d2d4,3ef6ddf0,bf03b11d,1,33257378

10532,148,95,-30,-958,-16290,923,-2023,4605,-13,3f07dbce,bef0c94e,3ef6ea12,bf03b0a2,3f07dbcf,bef0c94e,3ef6ea0e,bf03b0a3,1,33265897

10533,163,94,11,-951,-16345,912,-2125,4555,45,3f07da16,bef0c3db,3ef6f570,bf03af92,3f07da17,bef0c3db,3ef6f56c,bf03af92,1,33274416

10534,165,108,44,-1034,-16357,905,-2133,4573,17,3f07d7d9,bef0c1c5,3ef6fdf6,bf03aed7,3f07d7da,bef0c1c5,3ef6fdf2,bf03aed7,1,33282934

10535,151,104,91,-937,-16289,900,-2127,4537,94,3f07d384,bef0c2b9,3ef70101,bf03b172,3f07d385,bef0c2b8,3ef700fc,bf03b171,1,33291453

10536,146,101,118,-795,-16286,924,-2127,4537,94,3f07cda1,bef0c638,3ef70052,bf03b63d,3f07cda2,bef0c637,3ef7004d,bf03b63c,1,33299471

10537,157,101,83,-793,-16329,909,-2087,4535,78,3f07c821,bef0c83b,3ef7031c,bf03b9af,3f07c822,bef0c83a,3ef70317,bf03b9ae,1,33307990

10538,163,108,24,-730,-16345,913,-2073,4577,82,3f07c4c8,bef0c735,3ef709be,bf03ba7c,3f07c4ca,bef0c736,3ef709bb,bf03ba7c,1,33316508

10539,164,96,-67,-800,-16342,902,-2073,4577,82,3f07c518,bef0bd50,3ef7196a,bf03b757,3f07c519,bef0bd50,3ef71966,bf03b756,1,33325027

10540,157,93,-134,-922,-16333,917,-2133,4551,133,3f07c9f2,bef0ab82,3ef72f81,bf03b01d,3f07c9f3,bef0ab81,3ef72f7c,bf03b01b,1,33333545

10541,148,91,-132,-992,-16352,853,-2097,4571,120,3f07ce63,bef09919,3ef74580,bf03a99e,3f07ce65,bef0991a,3ef7457d,bf03a99d,1,33342064

10542,119,92,-95,-925,-16373,869,-2097,4571,120,3f07d228,bef087bb,3ef75532,bf03a649,3f07d22a,bef087bc,3ef7552f,bf03a648,1,33350583

10543,86,108,-86,-942,-16300,912,-2107,4549,71,3f07d7dd,bef074fe,3ef75fc5,bf03a3fe,3f07d7df,bef074fe,3ef75fc1,bf03a3fd,1,33359101

10544,75,98,-71,-896,-16325,922,-2099,4523,74,3f07dca0,bef06212,3ef76880,bf03a39d,3f07dca2,bef06212,3ef7687c,bf03a39c,1,33367620

10545,76,88,-76,-908,-16288,965,-2099,4523,74,3f07e15a,bef04d85,3ef7725a,bf03a37d,3f07e15c,bef04d84,3ef77255,bf03a37b,1,33376138

10546,89,92,-82,-1049,-16293,979,-2123,4503,3,3f07e6f5,bef0388a,3ef77eca,bf03a16e,3f07e6f8,bef0388b,3ef77ec7,bf03a16d,1,33384657

10547,130,117,-38,-630,-16627,655,-2119,4555,-24,3f07e6f7,bef033bb,3ef787c6,bf039f64,3f07e6f9,bef033bb,3ef787c1,bf039f62,1,33393176

10548,153,114,93,-887,-16260,965,-2111,4563,144,3f07e272,bef0363b,3ef78876,bf03a297,3f07e274,bef0363c,3ef78872,bf03a295,1,33401194

10549,121,105,115,-1016,-16318,971,-2111,4563,144,3f07de68,bef035b3,3ef7868e,bf03a7e6,3f07de6a,bef035b4,3ef7868a,bf03a7e4,1,33409713

10550,134,104,158,-977,-16302,978,-2091,4541,65,3f07d783,bef03a29,3ef781e7,bf03af2a,3f07d786,bef03a2b,3ef781e4,bf03af29,1,33418231

10551,137,110,201,-910,-16284,976,-2121,4525,51,3f07cf24,bef04349,3ef77959,bf03b7a9,3f07cf26,bef0434a,3ef77955,bf03b7a7,1,33426750

10552,147,118,190,-948,-16289,975,-2121,4525,51,3f07c75d,bef04cb3,3ef77237,bf03bebc,3f07c75e,bef04cb3,3ef77232,bf03beb9,1,33435268

10553,159,136,170,-820,-16334,951,-2091,4567,38,3f07bf9f,bef058b1,3ef76ae5,bf03c4ae,3f07bfa1,bef058b3,3ef76ae2,bf03c4ac,1,33443787

10554,173,144,123,-821,-16300,975,-2015,4551,181,3f07b8bb,bef062a1,3ef76712,bf03c90c,3f07b8bd,bef062a3,3ef7670f,bf03c90a,1,33452306

10555,178,150,75,-819,-16300,943,-2015,4551,181,3f07b3df,bef069da,3ef76730,bf03cab1,3f07b3e2,bef069dd,3ef7672e,bf03caaf,1,33460825

10556,184,152,33,-837,-16330,953,-2021,4515,121,3f07b0d9,bef06e2d,3ef76b0d,bf03ca06,3f07b0db,bef06e2e,3ef76b09,bf03ca03,1,33469343

10557,186,151,-19,-836,-16310,957,-2107,4575,32,3f07b14a,bef06e06,3ef773fa,bf03c570,3f07b14d,bef06e08,3ef773f7,bf03c56e,1,33477862

10558,191,152,-39,-960,-16326,950,-2107,4575,32,3f07b2e8,bef06bbd,3ef77ff2,bf03bf35,3f07b2ea,bef06bbd,3ef77fed,bf03bf32,1,33486380

10559,195,139,-7,-870,-16305,954,-2075,4541,90,3f07b19a,bef06c2a,3ef789b5,bf03bbc4,3f07b19d,bef06c2b,3ef789b2,bf03bbc2,1,33494899

10560,202,138,9,-1201,-16198,1084,-2081,4507,117,3f07b14e,bef06a0a,3ef794df,bf03b7cc,3f07b151,bef06a0b,3ef794dc,bf03b7ca,1,33502917

10561,205,151,17,-867,-16383,882,-2073,4515,101,3f07aeb7,bef06f04,3ef79cfa,bf03b462,3f07aeba,bef06f05,3ef79cf7,bf03b460,1,33511436

10562,184,127,10,-944,-16337,942,-2073,4515,101,3f07acd5,bef06e3c,3ef7a624,bf03b25f,3f07acd8,bef06e3d,3ef7a621,bf03b25d,1,33519954

10563,168,116,32,-964,-16301,924,-2097,4543,102,3f07aa98,bef06caf,3ef7adab,bf03b1d9,3f07aa9b,bef06cb0,3ef7ada8,bf03b1d7,1,33528473

10564,162,116,81,-793,-16272,956,-2103,4511,77,3f07a605,bef06fcd,3ef7af17,bf03b478,3f07a607,bef06fcd,3ef7af13,bf03b475,1,33536991

10565,167,107,52,-782,-16297,959,-2103,4511,77,3f07a21d,bef0704c,3ef7b3ed,bf03b5fe,3f07a21f,bef0704c,3ef7b3e9,bf03b5fb,1,33545510

10566,173,91,-5,-842,-16350,954,-2107,4551,147,3f07a012,bef06ac6,3ef7bfd2,bf03b506,3f07a014,bef06ac7,3ef7bfce,bf03b503,1,33554029

10567,173,91,-36,-937,-16346,953,-2135,4527,100,3f07a033,bef061bc,3ef7cf39,bf03b1c5,3f07a035,bef061be,3ef7cf36,bf03b1c3,1,33562547

10568,166,102,-30,-887,-16283,938,-2135,4527,100,3f07a08b,bef05a11,3ef7dc32,bf03aed1,3f07a08c,bef05a11,3ef7dc2d,bf03aece,1,33571066

10569,175,102,-21,-918,-16308,952,-2055,4501,121,3f079f04,bef053f3,3ef7e8a3,bf03ad53,3f079f06,bef053f4,3ef7e89f,bf03ad51,1,33579585

10570,179,110,-8,-920,-16345,936,-2075,4549,85,3f079d52,bef05015,3ef7f3f1,bf03ab83,3f079d54,bef05016,3ef7f3ed,bf03ab81,1,33588103

10571,177,107,-1,-863,-16359,936,-2075,4549,85,3f079b0b,bef04ce0,3ef7fe40,bf03aa76,3f079b0d,bef04ce2,3ef7fe3d,bf03aa75,1,33596121

10572,165,107,-27,-965,-16360,943,-2085,4523,129,3f079af9,bef04565,3ef80a83,bf03a82e,3f079afb,bef04567,3ef80a80,bf03a82d,1,33605140

10573,159,114,-15,-932,-16296,936,-2057,4521,106,3f079a50,bef03f6d,3ef81424,bf03a70c,3f079a52,bef03f6e,3ef81420,bf03a70a,1,33613158

10574,148,122,8,-962,-16338,955,-2141,4537,92,3f079af0,bef03a38,3ef81b28,bf03a579,3f079af1,bef03a38,3ef81b23,bf03a577,1,33621677

10575,150,127,23,-889,-16298,982,-2141,4537,92,3f079adb,bef03741,3ef81fd4,bf03a4b4,3f079add,bef03742,3ef81fd0,bf03a4b3,1,33630196

10576,165,121,29,-945,-16313,967,-2107,4529,35,3f079942,bef0357b,3ef82624,bf03a42d,3f079945,bef0357d,3ef82621,bf03a42d,1,33638714

10577,173,127,37,-939,-16320,944,-2117,4519,125,3f079753,bef035b9,3ef82c33,bf03a337,3f079755,bef035b9,3ef82c2e,bf03a336,1,33647233

10578,162,125,68,-867,-16312,958,-2117,4519,125,3f07942b,bef037da,3ef82e46,bf03a483,3f07942d,bef037da,3ef82e41,bf03a482,1,33655751

10579,160,133,61,-925,-16298,969,-2123,4549,126,3f07921d,bef0393e,3ef8307f,bf03a4f3,3f07921f,bef0393e,3ef8307a,bf03a4f2,1,33664270

10580,174,117,68,-887,-16254,981,-2129,4541,191,3f078e96,bef03b2e,3ef8346b,bf03a5da,3f078e98,bef03b2e,3ef83466,bf03a5d9,1,33672789

10581,193,118,77,-809,-16332,949,-2129,4541,191,3f07897f,bef040ac,3ef838be,bf03a68c,3f078981,bef040ac,3ef838b9,bf03a68b,1,33681307

10582,200,112,44,-875,-16332,941,-2071,4545,59,3f07849a,bef04371,3ef840e4,bf03a67c,3f07849b,bef04370,3ef840de,bf03a67a,1,33689826

10583,191,112,24,-1479,-16029,1251,-2119,4551,100,3f0785c6,bef03a62,3ef84d56,bf03a388,3f0785c9,bef03a64,3ef84d53,bf03a387,1,33698344

10584,224,130,59,-897,-16359,883,-2119,4551,100,3f0780a7,bef04213,3ef855d5,bf03a14c,3f0780a9,bef04213,3ef855d0,bf03a14a,1,33706362

10585,189,111,64,-915,-16285,961,-2067,4503,101,3f077b84,bef044b9,3ef85ba7,bf03a2a2,3f077b86,bef044b9,3ef85ba2,bf03a2a0,1,33714881

10586,187,125,60,-894,-16327,969,-2111,4527,170,3f0777df,bef047f2,3ef86087,bf03a29d,3f0777e1,bef047f1,3ef86081,bf03a29a,1,33723399

10587,197,120,57,-828,-16324,967,-2059,4547,138,3f0772aa,bef04c41,3ef865e8,bf03a377,3f0772ac,bef04c41,3ef865e3,bf03a374,1,33731918

10588,193,120,26,-873,-16344,941,-2059,4547,138,3f076f0d,bef04d7c,3ef86dfb,bf03a2d1,3f076f0f,bef04d7d,3ef86df7,bf03a2cf,1,33740437

10589,186,109,3,-868,-16333,912,-2125,4517,131,3f076d31,bef04b2f,3ef878fd,bf03a094,3f076d33,bef04b30,3ef878f9,bf03a092,1,33748955

10590,166,115,4,-874,-16346,901,-2053,4527,76,3f076b22,bef04830,3ef88113,bf03a03f,3f076b25,bef04832,3ef88110,bf03a03e,1,33757474

10591,161,117,1,-858,-16349,936,-2053,4527,76,3f07698c,bef04488,3ef8885b,bf03a01c,3f07698f,bef04489,3ef88857,bf03a01b,1,33765992

10592,148,121,2,-952,-16320,938,-2141,4513,68,3f076a6d,bef03ebe,3ef88fb8,bf039e5f,3f076a6f,bef03ebd,3ef88fb2,bf039e5d,1,33774511

10593,138,125,33,-958,-16313,942,-2087,4529,1,3f0769a2,bef03b45,3ef892de,bf039f49,3f0769a5,bef03b45,3ef892d9,bf039f47,1,33783030

10594,146,108,84,-923,-16291,960,-2087,4529,1,3f076591,bef03b58,3ef893bd,bf03a306,3f076594,bef03b59,3ef893b9,bf03a305,1,33791548

10595,144,106,126,-851,-16266,959,-2087,4549,126,3f075f73,bef03eff,3ef890bc,bf03a90f,3f075f76,bef03eff,3ef890b7,bf03a90e,1,33800067

10596,140,102,116,-811,-16336,975,-2079,4557,120,3f075988,bef04173,3ef88e04,bf03af52,3f07598b,bef04173,3ef88dff,bf03af51,1,33808585

10597,148,111,66,-817,-16339,987,-2079,4557,120,3f0755ea,bef0411c,3ef88f1e,bf03b2aa,3f0755ed,bef0411c,3ef88f19,bf03b2a9,1,33816603

10598,165,115,20,-844,-16320,969,-2073,4515,146,3f0753c3,bef03eb9,3ef89556,bf03b308,3f0753c6,bef03eb9,3ef89551,bf03b307,1,33825122

10599,172,115,6,-881,-16321,962,-2117,4557,143,3f0752c4,bef03b56,3ef89e01,bf03b182,3f0752c7,bef03b56,3ef89dfc,bf03b181,1,33833641

10600,167,129,-2,-864,-16334,950,-2069,4521,217,3f075206,bef03879,3ef8a530,bf03b02f,3f07520a,bef0387a,3ef8a52c,bf03b02e,1,33842159

10601,155,134,-6,-857,-16336,953,-2069,4521,217,3f07521d,bef034b2,3ef8ab1b,bf03af07,3f075220,bef034b1,3ef8ab15,bf03af05,1,33850678

10602,149,138,-18,-856,-16302,947,-2073,4505,132,3f075322,bef02fda,3ef8b116,bf03ad5d,3f075325,bef02fda,3ef8b111,bf03ad5b,1,33859197

10603,160,138,-38,-864,-16291,994,-2095,4533,144,3f075525,bef029c8,3ef8b975,bf03aa1c,3f075528,bef029c8,3ef8b970,bf03aa1a,1,33867715

10604,165,133,-37,-851,-16302,974,-2095,4533,144,3f07568e,bef02422,3ef8c2a3,bf03a6e5,3f075692,bef02423,3ef8c29f,bf03a6e3,1,33876234

10605,161,133,-53,-909,-16306,982,-2093,4565,71,3f075901,bef01c58,3ef8cd18,bf03a2fd,3f075905,bef01c58,3ef8cd13,bf03a2fb,1,33884752

10606,170,133,-40,-966,-16294,984,-2147,4563,78,3f075bab,bef01589,3ef8d846,bf039e14,3f075bae,bef01588,3ef8d840,bf039e11,1,33893271

10607,188,129,2,-982,-16301,982,-2147,4563,78,3f075bac,bef0134f,3ef8e228,bf039a6a,3f075bb0,bef01350,3ef8e224,bf039a68,1,33901789

10608,198,152,44,-911,-16381,913,-2115,4545,122,3f075947,bef018e9,3ef8e720,bf0397f8,3f07594b,bef018ea,3ef8e71c,bf0397f6,1,33910308

10609,174,142,67,-880,-16333,993,-2111,4569,135,3f075695,bef01cf1,3ef8e822,bf03986e,3f075698,bef01cf1,3ef8e81c,bf03986b,1,33918326

10610,163,136,69,-922,-16318,981,-2111,4569,135,3f075422,bef01f54,3ef8e909,bf039971,3f075425,bef01f54,3ef8e903,bf03996e,1,33926844

10611,176,137,79,-844,-16285,996,-2119,4521,44,3f0750aa,bef0244d,3ef8e96e,bf039a8c,3f0750ad,bef0244d,3ef8e968,bf039a89,1,33935363

10612,182,133,73,-872,-16320,963,-2117,4485,23,3f074d03,bef02905,3ef8ebb0,bf039b15,3f074d06,bef02905,3ef8ebaa,bf039b12,1,33943882

10613,188,132,64,-816,-16354,968,-2097,4527,115,3f0748f3,bef02dfd,3ef8ee8d,bf039ba3,3f0748f6,bef02dfd,3ef8ee87,bf039ba0,1,33952400

10614,174,134,42,-877,-16347,961,-2097,4527,115,3f0746b6,bef02f8c,3ef8f25a,bf039b6c,3f0746ba,bef02f8d,3ef8f255,bf039b69,1,33960919

10615,176,139,45,-880,-16298,965,-2133,4551,37,3f074519,bef031b0,3ef8f5f6,bf039a65,3f07451e,bef031b2,3ef8f5f2,bf039a63,1,33969437

10616,175,130,62,-875,-16315,959,-2123,4491,92,3f07423e,bef03478,3ef8f8d9,bf039ab4,3f074242,bef03478,3ef8f8d3,bf039ab1,1,33977956

10617,174,131,71,-771,-16334,978,-2123,4491,92,3f073eba,bef038c7,3ef8f9c3,bf039bec,3f073ebe,bef038c7,3ef8f9bd,bf039be9,1,33986475

10618,171,133,26,-782,-16360,957,-2095,4545,18,3f073cd2,bef039a5,3ef8fdc3,bf039b95,3f073cd6,bef039a6,3ef8fdbe,bf039b93,1,33994993

10619,170,132,-39,-822,-16341,937,-2101,4521,53,3f073df0,bef034b8,3ef9077d,bf039816,3f073df4,bef034b8,3ef90777,bf039814,1,34003512

10620,147,126,-73,-828,-16365,953,-2101,4521,53,3f074140,bef02a4e,3ef91252,bf039451,3f074144,bef02a4e,3ef9124c,bf03944f,1,34011530

10621,131,124,-92,-878,-16309,991,-2055,4513,62,3f074588,bef01c2d,3ef91d16,bf039143,3f07458c,bef01c2e,3ef91d10,bf039141,1,34020048

10622,129,119,-87,-927,-16293,992,-2123,4491,-13,3f074ac3,bef00d10,3ef928c7,bf038d3e,3f074ac7,bef00d11,3ef928c1,bf038d3c,1,34028567

10623,137,114,-58,-857,-16298,988,-2123,4491,-13,3f074ddf,bef0015b,3ef932ab,bf038ab4,3f074de3,bef0015b,3ef932a4,bf038ab1,1,34037086

10624,145,112,-60,-908,-16312,984,-2109,4535,136,3f0750a1,beeff5a4,3ef93deb,bf0387e2,3f0750a5,beeff5a5,3ef93de5,bf0387e0,1,34045604

10625,146,118,-60,-870,-16298,989,-2053,4511,43,3f07527d,beefeb40,3ef947b8,bf03860e,3f075281,beefeb41,3ef947b2,bf03860c,1,34054123

10626,154,127,-71,-900,-16293,1016,-2097,4513,63,3f0755d1,beefe0b4,3ef952be,bf038239,3f0755d5,beefe0b4,3ef952b7,bf038237,1,34062641

10627,160,132,-87,-920,-16295,1013,-2097,4513,63,3f0759d8,beefd5b0,3ef95f40,bf037d2b,3f0759dc,beefd5af,3ef95f38,bf037d29,1,34071160

10628,173,126,-66,-954,-16298,1017,-2137,4547,89,3f075d01,beefcc78,3ef96c5b,bf0377e9,3f075d05,beefcc77,3ef96c53,bf0377e7,1,34079679

10629,185,126,-34,-897,-16292,981,-2083,4549,92,3f075d03,beefc823,3ef97731,bf0374bb,3f075d07,beefc822,3ef97729,bf0374b9,1,34088197

10630,182,130,-23,-1174,-16242,1141,-2083,4549,92,3f075ea5,beefc0b2,3ef981b0,bf037177,3f075eaa,beefc0b2,3ef981a9,bf037175,1,34096716

10631,209,156,-31,-897,-16394,934,-2123,4511,24,3f075f31,beefc1b0,3ef98c5e,bf036b62,3f075f35,beefc1af,3ef98c56,bf036b60,1,34105234

10632,169,132,-35,-914,-16346,986,-2079,4491,138,3f07601c,beefbc33,3ef9955d,bf0368ac,3f076020,beefbc31,3ef99554,bf0368a9,1,34113753

10633,165,133,-43,-971,-16254,991,-2079,4491,138,3f0761d9,beefb523,3ef99efc,bf036587,3f0761de,beefb523,3ef99ef5,bf036585,1,34121771

10634,171,126,-5,-888,-16302,992,-2043,4463,66,3f076071,beefb231,3ef9a596,bf03652f,3f076076,beefb231,3ef9a58f,bf03652d,1,34130289

10635,174,119,-7,-904,-16301,1000,-2123,4583,106,3f07601b,beefae22,3ef9ae05,bf03635e,3f076020,beefae22,3ef9adfe,bf03635c,1,34138808

10636,175,121,-31,-914,-16295,988,-2123,4583,106,3f0760d8,beefa864,3ef9b86b,bf03604c,3f0760dc,beefa863,3ef9b863,bf036049,1,34147326

10637,189,117,-35,-915,-16320,1000,-2085,4543,58,3f07606f,beefa364,3ef9c42f,bf035d67,3f076074,beefa365,3ef9c429,bf035d65,1,34155845

10638,187,107,-44,-876,-16365,994,-2089,4575,75,3f075fef,beef9d10,3ef9d114,bf035aac,3f075ff3,beef9d11,3ef9d10d,bf035aa9,1,34164363

10639,173,103,-73,-918,-16340,969,-2121,4561,-7,3f0761a5,beef9273,3ef9e03b,bf03568b,3f0761a9,beef9274,3ef9e034,bf035688,1,34172882

10640,168,103,-88,-1038,-16345,963,-2121,4561,-7,3f0764a5,beef8522,3ef9f134,bf035174,3f0764a8,beef8523,3ef9f12d,bf035171,1,34181401

10641,173,137,-45,-970,-16238,1020,-2099,4519,96,3f0766a3,beef7ece,3ef9fae1,bf034dae,3f0766a7,beef7ed1,3ef9fadc,bf034dac,1,34189919

10642,183,123,-1,-926,-16384,975,-2053,4527,106,3f076496,beef7cfa,3efa02b7,bf034ce5,3f07649a,beef7cfd,3efa02b2,bf034ce3,1,34198438

10643,189,124,-1,-976,-16326,1015,-2053,4527,106,3f0762b9,beef7ae9,3efa0b13,bf034bc8,3f0762bc,beef7aea,3efa0b0d,bf034bc5,1,34206956

10644,206,127,-4,-954,-16346,951,-2115,4509,37,3f076114,beef7add,3efa15bb,bf03486d,3f076118,beef7adf,3efa15b6,bf03486a,1,34215475

10645,181,119,10,-954,-16313,985,-2121,4491,58,3f075fc0,beef78a7,3efa1d97,bf03470f,3f075fc4,beef78a9,3efa1d92,bf03470c,1,34223994

10646,171,120,16,-938,-16316,985,-2121,4491,58,3f075e87,beef7649,3efa23dc,bf034669,3f075e8b,beef764a,3efa23d6,bf034666,1,34232012

10647,174,111,20,-961,-16307,989,-2047,4497,77,3f075b8e,beef73de,3efa2a55,bf034780,3f075b92,beef73df,3efa2a4f,bf03477d,1,34240530

10648,179,117,33,-941,-16331,996,-2099,4547,120,3f0758db,beef7355,3efa2ff0,bf0347da,3f0758df,beef7355,3efa2fe9,bf0347d6,1,34249049

10649,184,125,46,-989,-16320,985,-2099,4547,120,3f0755e6,beef74a1,3efa34c0,bf034804,3f0755ea,beef74a2,3efa34ba,bf034801,1,34257567

10650,182,137,66,-942,-16309,1009,-2101,4493,33,3f075295,beef78a9,3efa361c,bf0348f2,3f075299,beef78ab,3efa3617,bf0348ef,1,34266086

10651,176,142,90,-889,-16308,992,-2115,4523,79,3f074ea4,beef7f12,3efa3472,bf034ae1,3f074ea8,beef7f14,3efa346d,bf034ade,1,34274605

10652,172,139,80,-931,-16327,1009,-2045,4563,120,3f074a4f,beef83d8,3efa3318,bf034dd1,3f074a53,beef83da,3efa3313,bf034dce,1,34283123

10653,175,130,76,-899,-16293,1007,-2045,4563,120,3f07458e,beef8805,3efa32dd,bf0350ea,3f074592,beef8806,3efa32d7,bf0350e7,1,34291642

10654,186,126,72,-930,-16321,978,-2095,4557,130,3f074133,beef8c33,3efa3542,bf03525c,3f074137,beef8c34,3efa353c,bf035259,1,34300160

10655,186,125,77,-854,-16311,978,-2097,4585,82,3f073c4c,beef916b,3efa36a7,bf03545b,3f073c51,beef916d,3efa36a2,bf035458,1,34308679

10656,193,120,59,-854,-16341,979,-2097,4585,82,3f0737b5,beef9558,3efa3a84,bf035574,3f0737ba,beef9559,3efa3a7e,bf035571,1,34317198

10657,191,115,25,-868,-16320,982,-2121,4503,75,3f0734f9,beef9579,3efa41ac,bf0354ce,3f0734fe,beef9579,3efa41a5,bf0354cb,1,34325716

10658,176,118,4,-919,-16317,997,-2099,4501,104,3f0733c7,beef9248,3efa490a,bf0353fb,3f0733cc,beef9248,3efa4903,bf0353f8,1,34333734

10659,171,114,-8,-955,-16306,984,-2099,4501,104,3f07333b,beef8d15,3efa51ae,bf0352cb,3f073341,beef8d16,3efa51a8,bf0352c9,1,34342253

10660,186,119,6,-915,-16311,986,-2067,4541,110,3f073102,beef8b5a,3efa595e,bf035235,3f073108,beef8b5b,3efa5958,bf035233,1,34350771

10661,183,130,6,-948,-16342,998,-2053,4545,141,3f072f51,beef89f4,3efa5fe5,bf03517a,3f072f56,beef89f3,3efa5fdd,bf035177,1,34359290

10662,185,135,8,-929,-16326,990,-2053,4545,141,3f072d92,beef898d,3efa65df,bf03509c,3f072d97,beef898d,3efa65d8,bf035099,1,34367808

10663,185,135,27,-942,-16306,986,-2099,4623,79,3f072bbf,beef8a7a,3efa6ad8,bf034fb2,3f072bc4,beef8a79,3efa6ad0,bf034faf,1,34376327

10664,183,134,52,-924,-16310,970,-2073,4561,89,3f072858,beef8d98,3efa6d7e,bf035082,3f07285d,beef8d97,3efa6d76,bf03507f,1,34384846

10665,184,131,66,-919,-16349,995,-2083,4549,126,3f07246e,beef9170,3efa6f46,bf0351f0,3f072474,beef9170,3efa6f3f,bf0351ee,1,34393364

10666,182,130,64,-905,-16303,1002,-2083,4549,126,3f0720a6,beef94d8,3efa70f3,bf03537b,3f0720ab,beef94d8,3efa70eb,bf035378,1,34401883

10667,180,127,71,-900,-16325,979,-2101,4551,53,3f071cad,beef989d,3efa7271,bf035523,3f071cb2,beef989d,3efa7269,bf035520,1,34410401

10668,173,122,65,-917,-16306,1004,-2149,4529,117,3f071a12,beef9a0b,3efa74a9,bf03561b,3f071a17,beef9a0c,3efa74a1,bf035618,1,34418920

10669,170,128,66,-925,-16296,1011,-2149,4529,117,3f0717dc,beef9ba4,3efa7604,bf0356ff,3f0717e2,beef9ba6,3efa75fd,bf0356fc,1,34426938

10670,183,133,77,-957,-16321,977,-2101,4557,48,3f071406,beefa01e,3efa774d,bf03584b,3f07140b,beefa01e,3efa7744,bf035847,1,34435957

10671,177,142,90,-938,-16312,981,-2131,4561,72,3f0710b3,beefa5ca,3efa7658,bf035994,3f0710b9,beefa5cc,3efa7651,bf035991,1,34443975

10672,177,143,102,-895,-16373,972,-2131,4561,72,3f070cac,beefad0e,3efa740e,bf035b80,3f070cb2,beefad10,3efa7407,bf035b7d,1,34452493

10673,166,127,108,-976,-16269,978,-2141,4555,-4,3f0708c0,beefb173,3efa7290,bf035e3b,3f0708c6,beefb175,3efa7289,bf035e38,1,34461012

10674,163,140,153,-793,-16229,1028,-2085,4553,113,3f07021f,beefbbe5,3efa698b,bf036496,3f070224,beefbbe5,3efa6982,bf036492,1,34469531

10675,166,129,147,-788,-16390,1019,-2085,4553,113,3f06fb16,beefc562,3efa6255,bf036aeb,3f06fb1c,beefc563,3efa624d,bf036ae8,1,34478049

10676,180,119,88,-842,-16350,997,-2091,4533,74,3f06f5ea,beefc9fc,3efa629d,bf036dff,3f06f5ef,beefc9fc,3efa6294,bf036dfc,1,34486568

10677,186,126,46,-782,-16287,987,-2115,4551,82,3f06f2c3,beefccae,3efa65e0,bf036e71,3f06f2c9,beefccb0,3efa65d9,bf036e70,1,34495086

10678,181,133,11,-904,-16366,968,-2089,4521,117,3f06f19c,beefcbd9,3efa6be3,bf036d26,3f06f1a1,beefcbda,3efa6bdb,bf036d24,1,34503605

10679,167,139,-6,-859,-16306,1007,-2089,4521,117,3f06f1fb,beefc8e8,3efa70be,bf036bcb,3f06f200,beefc8e8,3efa70b5,bf036bc9,1,34512123

10680,172,141,-1,-891,-16303,1001,-2077,4517,111,3f06f1ed,beefc6d2,3efa75ac,bf036a74,3f06f1f3,beefc6d3,3efa75a4,bf036a73,1,34520642

10681,173,127,6,-882,-16317,1006,-2063,4577,73,3f06f0ae,beefc46a,3efa7b0b,bf036a46,3f06f0b3,beefc46a,3efa7b01,bf036a44,1,34529161

10682,175,130,18,-836,-16328,1005,-2063,4577,73,3f06eec2,beefc3e2,3efa7ef5,bf036a9f,3f06eec7,beefc3e2,3efa7eeb,bf036a9d,1,34537178

10683,173,125,10,-879,-16307,1002,-2085,4559,115,3f06ed9d,beefc17e,3efa846e,bf036a48,3f06eda2,beefc17f,3efa8465,bf036a46,1,34545697

10684,171,115,11,-834,-16304,995,-2119,4511,-58,3f06ec65,beefbe8c,3efa8a72,bf036a03,3f06ec6a,beefbe8d,3efa8a6a,bf036a01,1,34554216

10685,171,121,-4,-908,-16301,1011,-2119,4511,-58,3f06ec73,beefba07,3efa91a3,bf036897,3f06ec77,beefba08,3efa919a,bf036894,1,34562734

10686,177,124,2,-934,-16306,1014,-2089,4527,39,3f06ebc2,beefb6ac,3efa9881,bf03678c,3f06ebc7,beefb6af,3efa987a,bf03678b,1,34571253

10687,190,128,31,-1127,-16058,1153,-2085,4569,8,3f06eaf1,beefb3d0,3efa9e58,bf0366e8,3f06eaf6,beefb3d2,3efa9e50,bf0366e7,1,34579771

10688,209,139,51,-893,-16336,964,-2085,4569,8,3f06e705,beefb993,3efaa2bc,bf036637,3f06e70a,beefb995,3efaa2b4,bf036636,1,34588290

10689,184,123,54,-906,-16320,1019,-2085,4507,22,3f06e39b,beefbb47,3efaa5d1,bf036779,3f06e39f,beefbb48,3efaa5c8,bf036778,1,34596809

10690,183,129,65,-922,-16331,986,-2121,4587,63,3f06e08b,beefbe37,3efaa833,bf036824,3f06e08f,beefbe38,3efaa82a,bf036823,1,34605328

10691,186,125,87,-884,-16349,989,-2121,4587,63,3f06dc1c,beefc336,3efaa919,bf0369fd,3f06dc1f,beefc336,3efaa90f,bf0369fc,1,34613846

10692,183,131,91,-861,-16356,990,-2081,4515,-26,3f06d71a,beefc949,3efaa83e,bf036cc2,3f06d71e,beefc94b,3efaa836,bf036cc2,1,34622365

10693,176,126,89,-831,-16323,996,-2115,4541,62,3f06d2cb,beefce00,3efaa777,bf036f65,3f06d2cf,beefce01,3efaa76e,bf036f65,1,34630884

10694,174,126,87,-872,-16318,1009,-2021,4567,121,3f06cd68,beefd24c,3efaa618,bf03739d,3f06cd6c,beefd24d,3efaa60f,bf03739d,1,34639402

10695,180,128,101,-841,-16299,1010,-2021,4567,121,3f06c72c,beefd8ad,3efaa3b5,bf03783e,3f06c730,beefd8ad,3efaa3ab,bf03783d,1,34647420

10696,175,125,100,-816,-16289,1028,-2073,4543,88,3f06c1dd,beefde0e,3efaa157,bf037c5c,3f06c1e1,beefde0e,3efaa14d,bf037c5b,1,34655939

10697,186,127,87,-771,-16309,1005,-2021,4563,197,3f06bbbf,beefe434,3efaa042,bf038058,3f06bbc3,beefe433,3efaa037,bf038056,1,34664457

10698,198,126,55,-811,-16310,1017,-2021,4563,197,3f06b6bb,beefe82e,3efaa316,bf038250,3f06b6c0,beefe82f,3efaa30d,bf03824f,1,34672976

10699,212,126,14,-861,-16294,1002,-2073,4521,119,3f06b3e5,beefe97c,3efaab51,bf0380b4,3f06b3ea,beefe97d,3efaab48,bf0380b3,1,34681494

10700,207,127,1,-886,-16349,994,-2091,4531,70,3f06b22f,beefe933,3efab474,bf037e3b,3f06b234,beefe934,3efab46c,bf037e3a,1,34690013

10701,205,130,14,-864,-16327,995,-2091,4531,70,3f06b009,beefea3c,3efabbe4,bf037c69,3f06b00e,beefea3c,3efabbdb,bf037c68,1,34698531

10702,194,135,24,-847,-16350,984,-2027,4515,50,3f06aced,beefec31,3efac06c,bf037c8c,3f06acf2,beefec31,3efac063,bf037c8b,1,34707050

10703,189,135,26,-848,-16359,980,-2023,4567,13,3f06a9d7,beefee03,3efac445,bf037d09,3f06a9dc,beefee03,3efac43c,bf037d08,1,34715568

10704,183,127,15,-851,-16320,1004,-2023,4567,13,3f06a746,beefed6b,3efac8fe,bf037db1,3f06a74a,beefed6a,3efac8f4,bf037daf,1,34724087

10705,175,138,29,-829,-16292,1014,-2099,4505,119,3f06a622,beefedae,3efacb87,bf037d87,3f06a627,beefedae,3efacb7e,bf037d85,1,34732606

10706,178,133,35,-841,-16319,987,-2061,4511,119,3f06a3b7,beefee9f,3eface4a,bf037e43,3f06a3bc,beefee9f,3eface41,bf037e41,1,34741124

10707,187,125,34,-860,-16341,993,-2063,4553,50,3f06a0c0,beefef78,3efad2ab,bf037ed2,3f06a0c5,beefef79,3efad2a3,bf037ed0,1,34749142

10708,179,132,53,-804,-16289,997,-2063,4553,50,3f069d62,beeff233,3efad3b1,bf038088,3f069d67,beeff233,3efad3a8,bf038085,1,34757661

10709,177,126,57,-836,-16351,1007,-2091,4543,105,3f069a53,beeff3fd,3efad549,bf038216,3f069a59,beeff3fe,3efad542,bf038214,1,34766179

10710,183,125,59,-837,-16315,1016,-2057,4563,90,3f069668,beeff676,3efad6ee,bf038431,3f06966d,beeff675,3efad6e5,bf03842e,1,34774698

10711,193,123,61,-878,-16321,1027,-2057,4563,90,3f069227,beeff94d,3efad9bb,bf0385e7,3f06922c,beeff94d,3efad9b3,bf0385e5,1,34783216

10712,207,138,78,-864,-16301,1009,-2067,4529,127,3f068d50,bef00034,3efadb42,bf0386fc,3f068d55,bef00033,3efadb39,bf0386f9,1,34791735

10713,224,142,98,-805,-16321,998,-2101,4543,136,3f068763,bef00b0a,3efadc30,bf0387a7,3f068768,bef00b0a,3efadc28,bf0387a5,1,34800254

10714,221,143,79,-788,-16318,987,-2101,4543,136,3f06825c,bef01457,3efade37,bf038797,3f068261,bef01457,3efade30,bf038795,1,34808772

10715,228,144,60,-784,-16353,988,-2065,4561,104,3f067d4e,bef01d09,3efae1dc,bf03870d,3f067d53,bef01d08,3efae1d4,bf03870b,1,34817291

10716,227,141,35,-754,-16312,982,-2077,4573,104,3f067956,bef02383,3efae787,bf038573,3f06795b,bef02382,3efae77f,bf038571,1,34825809

10717,212,139,2,-804,-16382,972,-2077,4573,104,3f067774,bef0256e,3efaef34,bf0382d6,3f06777a,bef0256e,3efaef2d,bf0382d4,1,34834328

10718,196,144,-14,-780,-16348,972,-2095,4579,88,3f06774e,bef02525,3efaf63a,bf037fc5,3f067753,bef02523,3efaf631,bf037fc2,1,34842847

10719,183,134,-20,-828,-16366,966,-2085,4513,65,3f067784,bef02206,3efafdda,bf037d58,3f067789,bef02204,3efafdd1,bf037d55,1,34851365

10720,165,144,-28,-818,-16323,1001,-2111,4573,137,3f0679c1,bef01d14,3efb037f,bf037a9d,3f0679c6,bef01d13,3efb0377,bf037a9b,1,34859383

10721,172,139,-22,-858,-16301,1009,-2111,4573,137,3f067b73,bef0185d,3efb09fb,bf0377f0,3f067b78,bef0185c,3efb09f2,bf0377ed,1,34867902

10722,185,127,9,-855,-16331,1013,-2129,4533,129,3f067b17,bef0163d,3efb1047,bf037644,3f067b1d,bef0163d,3efb103f,bf037642,1,34876421

10723,186,129,39,-857,-16355,980,-2097,4535,126,3f0678cb,bef01759,3efb141e,bf037647,3f0678d1,bef01759,3efb1416,bf037645,1,34884939

10724,187,130,45,-814,-16308,1010,-2097,4535,126,3f067636,bef01934,3efb16d3,bf0376c8,3f06763c,bef01933,3efb16ca,bf0376c6,1,34893458

10725,190,138,38,-766,-16320,998,-2103,4525,145,3f067401,bef01bef,3efb195e,bf037693,3f067407,bef01bee,3efb1955,bf037691,1,34901976

10726,182,137,9,-856,-16329,994,-2073,4521,93,3f06732c,bef01ae1,3efb1e23,bf0375a1,3f067332,bef01ae0,3efb1e1a,bf03759f,1,34910495

10727,195,140,8,-805,-16308,1004,-2073,4521,93,3f0671d4,bef01b84,3efb2349,bf037442,3f0671da,bef01b82,3efb233f,bf03743f,1,34919013

10728,194,146,21,-784,-16350,984,-2079,4521,111,3f067022,bef01e02,3efb26d4,bf037328,3f067029,bef01e01,3efb26cb,bf037326,1,34927532

10729,187,138,13,-804,-16336,980,-2083,4523,48,3f066ed9,bef01e67,3efb2b4c,bf037229,3f066ee0,bef01e66,3efb2b43,bf037227,1,34936051

10730,193,145,6,-839,-16307,979,-2083,4523,48,3f066e13,bef01efe,3efb3085,bf03702f,3f066e1a,bef01efd,3efb307c,bf03702d,1,34944569

10731,187,136,10,-823,-16337,985,-2069,4503,87,3f066cba,bef01ec2,3efb3566,bf036f58,3f066cc1,bef01ec0,3efb355c,bf036f55,1,34953088

10732,180,133,10,-855,-16362,984,-2091,4561,9,3f066bf9,bef01d5c,3efb3a5b,bf036e61,3f066c00,bef01d5a,3efb3a51,bf036e5e,1,34961106

10733,176,132,23,-807,-16347,977,-2109,4535,88,3f066ae5,bef01ce5,3efb3dde,bf036e06,3f066aec,bef01ce2,3efb3dd3,bf036e02,1,34969624

10734,174,143,30,-827,-16331,998,-2109,4535,88,3f066a3a,bef01d60,3efb3faa,bf036d9f,3f066a42,bef01d5f,3efb3fa1,bf036d9c,1,34978143

10735,171,143,28,-766,-16341,994,-2045,4517,26,3f066865,bef01e7e,3efb402d,bf036ebe,3f06686c,bef01e7c,3efb4023,bf036ebb,1,34986662

10736,169,142,7,-788,-16317,1003,-2103,4553,61,3f0668a2,bef01ceb,3efb42fa,bf036de2,3f0668a8,bef01ce8,3efb42ef,bf036ddf,1,34995180

10737,165,138,-10,-792,-16300,1005,-2103,4553,61,3f06699e,bef0192c,3efb4720,bf036c98,3f0669a5,bef0192a,3efb4716,bf036c95,1,35003699

10738,172,134,-18,-805,-16390,1004,-2073,4543,51,3f066a02,bef0153c,3efb4cb1,bf036b58,3f066a09,bef0153a,3efb4ca8,bf036b55,1,35012217

10739,170,133,-22,-799,-16333,984,-2097,4525,10,3f066ae8,bef010c4,3efb52cc,bf03698c,3f066aee,bef010c1,3efb52c2,bf036988,1,35020736

10740,171,131,-39,-841,-16294,1017,-2097,4525,10,3f066cbd,bef00a15,3efb5a91,bf036701,3f066cc3,bef00a13,3efb5a88,bf0366fd,1,35029255

10741,176,133,-31,-887,-16305,1026,-2077,4497,68,3f066e02,bef00441,3efb6220,bf0364c0,3f066e08,bef0043f,3efb6217,bf0364bc,1,35037773

10742,190,142,13,-844,-16319,1015,-2097,4529,53,3f066d49,bef00485,3efb667a,bf03634b,3f066d4f,bef00485,3efb6673,bf036348,1,35046292

10743,194,136,31,-857,-16319,987,-2097,4529,53,3f066b51,bef0063b,3efb6aa0,bf03628a,3f066b57,bef0063b,3efb6a99,bf036287,1,35054310

10744,193,134,36,-822,-16353,993,-2069,4543,107,3f066883,bef00882,3efb6ddd,bf0362d1,3f066888,bef00881,3efb6dd5,bf0362cd,1,35062829

10745,186,126,28,-851,-16360,971,-2117,4581,82,3f0666d1,bef0087c,3efb72b4,bf03623f,3f0666d7,bef0087c,3efb72ad,bf03623c,1,35071347

10746,173,127,36,-856,-16377,962,-2063,4493,43,3f066468,bef0086d,3efb754a,bf03637f,3f06646e,bef0086d,3efb7543,bf03637c,1,35079866

10747,173,135,48,-813,-16314,990,-2063,4493,43,3f0661c8,bef00a22,3efb7599,bf036543,3f0661cd,bef00a21,3efb7591,bf03653f,1,35088385

10748,164,126,61,-863,-16334,1000,-2081,4543,110,3f065f28,bef00aa2,3efb757b,bf0367c6,3f065f2e,bef00aa3,3efb7575,bf0367c3,1,35096903

10749,159,118,81,-828,-16338,997,-2069,4503,84,3f065b2d,bef00c11,3efb73aa,bf036c0c,3f065b33,bef00c12,3efb73a4,bf036c09,1,35105422

10750,165,119,105,-801,-16312,995,-2069,4503,84,3f0655e1,bef01054,3efb7032,bf03712f,3f0655e6,bef01053,3efb702a,bf03712b,1,35113940

10751,165,122,104,-827,-16329,971,-2075,4511,50,3f0650dc,bef014b7,3efb6d0a,bf0375d2,3f0650e1,bef014b8,3efb6d03,bf0375ce,1,35122459

10752,154,129,85,-777,-16301,1005,-2071,4521,32,3f064d44,bef01753,3efb6909,bf037a36,3f064d4a,bef01755,3efb6903,bf037a32,1,35130977

10753,147,140,75,-794,-16302,1025,-2071,4521,32,3f064b02,bef01914,3efb6442,bf037e00,3f064b08,bef01915,3efb643b,bf037dfc,1,35139496

10754,153,135,61,-802,-16328,1024,-2047,4519,-2,3f064887,bef019eb,3efb615f,bf03818a,3f06488c,bef019eb,3efb6157,bf038186,1,35148015

10755,163,133,59,-804,-16335,1019,-2103,4569,110,3f0646a1,bef01add,3efb6065,bf038380,3f0646a7,bef01ade,3efb605f,bf03837d,1,35156533

10756,168,130,69,-785,-16301,1022,-2103,4569,110,3f0643f1,bef01ced,3efb5f24,bf0385e8,3f0643f6,bef01cec,3efb5f1c,bf0385e4,1,35164551

10757,177,131,70,-809,-16311,1036,-2123,4551,153,3f06416e,bef01f6c,3efb5ecc,bf03877e,3f064173,bef01f6c,3efb5ec5,bf03877b,1,35173070

10758,188,129,71,-790,-16298,1030,-2105,4501,30,3f063ded,bef0232e,3efb5f33,bf038929,3f063df3,bef0232f,3efb5f2d,bf038927,1,35181588

10759,200,133,83,-762,-16327,997,-2137,4531,90,3f0639ea,bef029a8,3efb5fb2,bf038a10,3f0639f0,bef029a9,3efb5fac,bf038a0e,1,35190107

10760,199,127,77,-765,-16337,993,-2137,4531,90,3f0635f7,bef02f04,3efb612d,bf038af1,3f0635fd,bef02f04,3efb6126,bf038aee,1,35198626

10761,189,125,63,-771,-16347,995,-2105,4567,48,3f063266,bef03252,3efb62cc,bf038c4b,3f06326c,bef03252,3efb62c5,bf038c48,1,35207144

10762,185,131,59,-779,-16312,1019,-2047,4525,47,3f062e9c,bef03575,3efb6328,bf038e8d,3f062ea3,bef03576,3efb6322,bf038e8b,1,35215663

10763,190,131,42,-781,-16327,1018,-2047,4525,47,3f062b5f,bef0379c,3efb6555,bf038fd5,3f062b66,bef0379c,3efb654e,bf038fd2,1,35224181

10764,190,136,28,-790,-16318,1013,-2065,4517,38,3f062947,bef038de,3efb687a,bf038fe5,3f06294e,bef038de,3efb6873,bf038fe2,1,35232700

10765,196,146,21,-766,-16372,1005,-2089,4519,129,3f0627f5,bef03b0b,3efb6bf5,bf038e96,3f0627fc,bef03b0b,3efb6bee,bf038e93,1,35241219

10766,184,145,14,-823,-16346,999,-2089,4519,129,3f06279b,bef03afa,3efb6f96,bf038d3e,3f0627a1,bef03af9,3efb6f8e,bf038d3a,1,35249737

10767,182,149,30,-777,-16333,1001,-2077,4519,174,3f062672,bef03cd2,3efb70e9,bf038cf3,3f062678,bef03cd2,3efb70e2,bf038cef,1,35258256

10768,169,142,36,-794,-16339,1024,-2065,4541,162,3f062536,bef03d20,3efb7115,bf038dfc,3f06253c,bef03d20,3efb710e,bf038df8,1,35266774

10769,159,135,42,-774,-16300,1034,-2065,4541,162,3f0623cd,bef03c7f,3efb7045,bf039019,3f0623d3,bef03c7f,3efb703e,bf039015,1,35274792

10770,183,140,52,-789,-16342,1027,-2121,4505,130,3f062230,bef03ee5,3efb70fd,bf039050,3f062235,bef03ee5,3efb70f5,bf03904c,1,35283311

10771,174,140,59,-764,-16308,1039,-2061,4481,156,3f061f94,bef04171,3efb6f8d,bf03927d,3f061f9a,bef04172,3efb6f86,bf039279,1,35291829

10772,176,140,70,-748,-16342,1010,-2065,4549,74,3f061c40,bef0459f,3efb6d7c,bf0394f7,3f061c47,bef045a1,3efb6d75,bf0394f3,1,35300348

10773,185,141,67,-777,-16302,1018,-2065,4549,74,3f0618ee,bef04a05,3efb6c8d,bf0396ca,3f0618f4,bef04a06,3efb6c84,bf0396c5,1,35308867

10774,195,131,67,-775,-16358,979,-2107,4459,50,3f061559,bef04e89,3efb6e1d,bf0397a0,3f061560,bef04e8d,3efb6e16,bf03979c,1,35317385

10775,188,144,61,-709,-16307,1010,-2099,4517,108,3f061299,bef05361,3efb6d77,bf039888,3f06129f,bef05364,3efb6d6f,bf039884,1,35325904

10776,185,137,28,-734,-16327,1013,-2099,4517,108,3f06113a,bef0545b,3efb6ffc,bf039847,3f061140,bef0545d,3efb6ff3,bf039843,1,35334422

10777,188,135,2,-773,-16345,999,-2105,4533,110,3f0610fb,bef05302,3efb7584,bf039680,3f061101,bef05305,3efb757b,bf03967c,1,35342941

10778,189,133,-4,-751,-16310,1019,-2081,4497,60,3f061073,bef05141,3efb7b24,bf039527,3f061079,bef05144,3efb7b1b,bf039523,1,35351460

10779,186,141,4,-787,-16326,994,-2081,4497,60,3f061010,bef0507d,3efb7fb4,bf0393b8,3f061016,bef05080,3efb7fab,bf0393b4,1,35359978

10780,194,148,3,-797,-16345,1024,-2095,4557,23,3f061010,bef05092,3efb8453,bf039179,3f061015,bef05095,3efb844a,bf039175,1,35368497

10781,194,150,29,-753,-16361,991,-2117,4503,126,3f060f1e,bef05377,3efb86d8,bf038fe8,3f060f23,bef0537a,3efb86cf,bf038fe4,1,35376515

10782,186,143,39,-788,-16363,1021,-2117,4503,126,3f060e0c,bef05544,3efb888b,bf038f5c,3f060e12,bef05548,3efb8883,bf038f59,1,35385033

10783,189,139,51,-774,-16308,1000,-2069,4503,42,3f060b33,bef0589b,3efb8979,bf03904d,3f060b38,bef0589d,3efb896f,bf039049,1,35393552

10784,185,138,58,-745,-16327,1015,-2113,4509,82,3f0608e1,bef05be7,3efb89a2,bf039114,3f0608e6,bef05bea,3efb8999,bf039111,1,35402071

10785,185,139,61,-779,-16337,1014,-2113,4509,82,3f06069f,bef05f36,3efb89cc,bf0391cb,3f0606a4,bef05f39,3efb89c3,bf0391c8,1,35410589

10786,190,135,67,-748,-16316,1014,-2063,4527,79,3f0602c5,bef063af,3efb8984,bf0393ce,3f0602ca,bef063b2,3efb897b,bf0393cb,1,35419108

10787,194,131,57,-696,-16338,1008,-2091,4513,162,3f05ff4e,bef067a1,3efb8aa2,bf0394ff,3f05ff54,bef067a5,3efb8a99,bf0394fd,1,35427626

10788,198,135,25,-729,-16311,1014,-2065,4513,160,3f05fcfd,bef0695a,3efb8e4e,bf0394d2,3f05fd02,bef0695c,3efb8e43,bf0394cf,1,35436145

10789,190,136,4,-728,-16340,1017,-2065,4513,160,3f05fbf0,bef068b6,3efb92cf,bf039406,3f05fbf5,bef068b9,3efb92c5,bf039404,1,35444664

10790,190,130,-10,-739,-16337,1016,-2087,4515,123,3f05fba4,bef06638,3efb9932,bf039269,3f05fba9,bef0663b,3efb9928,bf039267,1,35453191

10791,192,130,-25,-808,-16312,1026,-2041,4543,99,3f05fb79,bef06234,3efba101,bf0390b0,3f05fb7d,bef06236,3efba0f6,bf0390ae,1,35461710

10792,204,141,-2,-787,-16308,1035,-2041,4543,99,3f05fa3b,bef06236,3efba6c3,bf038f31,3f05fa3f,bef06238,3efba6b8,bf038f2f,1,35469728

10793,207,145,26,-801,-16351,999,-2113,4603,151,3f05f8ef,bef064ef,3efbab51,bf038d17,3f05f8f4,bef064f3,3efbab48,bf038d16,1,35478246

10794,204,140,42,-717,-16345,995,-2115,4521,89,3f05f686,bef06919,3efbae0f,bf038c55,3f05f68b,bef0691c,3efbae05,bf038c53,1,35486765

10795,199,137,31,-739,-16371,996,-2115,4521,89,3f05f4c2,bef06b6f,3efbb1af,bf038b52,3f05f4c7,bef06b72,3efbb1a5,bf038b50,1,35495283

10796,189,133,13,-763,-16346,1000,-2077,4561,135,3f05f382,bef06af9,3efbb610,bf038ab7,3f05f386,bef06afb,3efbb605,bf038ab5,1,35503802

10797,186,134,15,-699,-16309,1007,-2125,4559,23,3f05f2df,bef06ac8,3efbb9aa,bf0389bb,3f05f2e3,bef06aca,3efbb99f,bf0389b9,1,35512320

10798,191,125,-9,-772,-16335,991,-2125,4559,23,3f05f2f0,bef067ba,3efbc131,bf038774,3f05f2f4,bef067bc,3efbc126,bf038772,1,35520839

10799,184,133,-18,-786,-16323,1015,-2127,4557,53,3f05f436,bef0639e,3efbc807,bf0384c4,3f05f43a,bef063a0,3efbc7fc,bf0384c2,1,35529358

10800,191,142,-11,-791,-16340,1022,-2129,4533,105,3f05f55f,bef0615b,3efbce1c,bf0381b6,3f05f563,bef0615e,3efbce11,bf0381b4,1,35537876

10801,189,150,7,-762,-16329,1015,-2113,4549,65,3f05f5b3,bef06194,3efbd17e,bf037fa6,3f05f5b8,bef06198,3efbd174,bf037fa4,1,35546395

10802,190,151,16,-757,-16309,1012,-2113,4549,65,3f05f59e,bef062c7,3efbd422,bf037dec,3f05f5a2,bef062ca,3efbd417,bf037dea,1,35554913

10803,185,144,30,-724,-16342,1006,-2155,4525,59,3f05f567,bef0642e,3efbd5fa,bf037c9c,3f05f56c,bef06432,3efbd5f0,bf037c9b,1,35563432

10804,184,144,-1,-744,-16356,998,-2119,4561,64,3f05f5f6,bef0631a,3efbda18,bf037a91,3f05f5fb,bef0631d,3efbda0d,bf037a8f,1,35571950

10805,189,140,-14,-754,-16291,1003,-2119,4561,64,3f05f6cf,bef060d8,3efbe00a,bf0377e4,3f05f6d3,bef060da,3efbdffe,bf0377e2,1,35579968

10806,186,145,-9,-812,-16339,1015,-2149,4521,40,3f05f895,bef05e52,3efbe596,bf037495,3f05f899,bef05e55,3efbe58a,bf037493,1,35588487

10807,190,139,9,-843,-16336,1007,-2075,4503,94,3f05f7fb,bef05d62,3efbea3b,bf037365,3f05f7ff,bef05d65,3efbea2f,bf037363,1,35597006

10808,199,147,49,-804,-16320,1014,-2075,4503,94,3f05f57f,bef06188,3efbeb5c,bf03737d,3f05f584,bef0618c,3efbeb51,bf03737c,1,35605524

10809,191,142,83,-744,-16338,999,-2115,4507,57,3f05f204,bef067d6,3efbe97e,bf03750c,3f05f209,bef067d9,3efbe972,bf03750b,1,35614043

10810,178,134,78,-738,-16350,988,-2095,4479,78,3f05ee8b,bef06c21,3efbe77f,bf037795,3f05ee90,bef06c24,3efbe773,bf037794,1,35622561

10811,185,135,75,-698,-16372,985,-2095,4479,78,3f05eacb,bef07146,3efbe5ef,bf0379cd,3f05ead0,bef07149,3efbe5e3,bf0379cc,1,35631080

10812,172,136,41,-716,-16330,1014,-2087,4519,130,3f05e92d,bef07212,3efbe5b5,bf037b31,3f05e931,bef07214,3efbe5a8,bf037b2f,1,35639599

10813,159,126,19,-749,-16327,1015,-2105,4525,47,3f05e909,bef06ea9,3efbe763,bf037c16,3f05e90e,bef06ead,3efbe758,bf037c15,1,35648117

10814,155,133,18,-721,-16274,1031,-2109,4455,29,3f05e970,bef06b74,3efbe7d4,bf037cef,3f05e975,bef06b77,3efbe7c8,bf037ced,1,35656636

10815,174,145,3,-754,-16317,1024,-2109,4455,29,3f05ea53,bef06982,3efbea69,bf037bae,3f05ea58,bef06985,3efbea5d,bf037bac,1,35665155

10816,190,150,-13,-756,-16356,1025,-2115,4525,115,3f05eb95,bef06809,3efbef45,bf0378bf,3f05eb9a,bef0680d,3efbef3a,bf0378bd,1,35673674

10817,194,142,-34,-752,-16330,1023,-2123,4515,135,3f05ed62,bef06477,3efbf6dc,bf0374e8,3f05ed67,bef0647b,3efbf6d1,bf0374e6,1,35681692

10818,197,142,-40,-778,-16366,1018,-2123,4515,135,3f05ef62,bef06084,3efbff6e,bf037090,3f05ef67,bef06088,3efbff63,bf03708e,1,35690210

10819,194,142,-31,-798,-16351,1007,-2117,4563,35,3f05f0fc,bef05d13,3efc072f,bf036cca,3f05f100,bef05d16,3efc0723,bf036cc8,1,35698729

10820,185,147,-7,-799,-16324,997,-2107,4529,86,3f05f1ee,bef05b5b,3efc0bd0,bf036a65,3f05f1f2,bef05b5e,3efc0bc4,bf036a63,1,35707248

10821,184,148,29,-790,-16345,1002,-2107,4529,86,3f05f15e,bef05cb0,3efc0d47,bf0369a9,3f05f162,bef05cb3,3efc0d3b,bf0369a7,1,35715766

10822,173,147,50,-735,-16313,1020,-2141,4473,69,3f05f0c5,bef05ec6,3efc0bdb,bf0369fe,3f05f0c9,bef05eca,3efc0bd0,bf0369fc,1,35724285

10823,171,154,27,-665,-16305,1034,-2103,4515,71,3f05f09b,bef06032,3efc0a57,bf036a3d,3f05f09f,bef06037,3efc0a4d,bf036a3b,1,35732803

10824,183,154,-20,-755,-16332,1035,-2103,4515,71,3f05f260,bef05def,3efc0e66,bf036785,3f05f264,bef05df5,3efc0e5d,bf036783,1,35741322

10825,201,152,-25,-750,-16342,1022,-2083,4513,35,3f05f31d,bef05d06,3efc146a,bf03644c,3f05f321,bef05d0c,3efc1461,bf03644a,1,35749841

10826,192,153,-37,-793,-16358,1003,-2049,4517,75,3f05f44e,bef05a5e,3efc1ac1,bf036143,3f05f451,bef05a63,3efc1ab8,bf036141,1,35758359

10827,183,154,-19,-838,-16370,1005,-2075,4527,58,3f05f5b9,bef057f2,3efc1f66,bf035eb2,3f05f5bd,bef057f8,3efc1f5e,bf035eb0,1,35766878

10828,185,159,22,-837,-16358,1011,-2075,4527,58,3f05f584,bef0597b,3efc2074,bf035db2,3f05f587,bef0597f,3efc206a,bf035daf,1,35775396

10829,175,169,62,-816,-16387,994,-2101,4481,77,3f05f4b0,bef05e7b,3efc1cd8,bf035dfc,3f05f4b3,bef05e7f,3efc1cce,bf035df9,1,35783915

10830,163,176,98,-706,-16371,1002,-2115,4557,55,3f05f2dc,bef066ea,3efc13c6,bf036058,3f05f2e0,bef066ef,3efc13be,bf036056,1,35791932

10831,148,189,74,-773,-16387,1035,-2115,4557,55,3f05f3a3,bef06c32,3efc0a83,bf036193,3f05f3a7,bef06c37,3efc0a7b,bf036191,1,35800451

10832,149,201,41,-626,-16296,1054,-2131,4517,6,3f05f610,bef070eb,3efc0181,bf036143,3f05f614,bef070f0,3efc0179,bf036140,1,35808970

10833,177,197,-18,-778,-16230,1046,-2087,4523,106,3f05f9b0,bef071a4,3efc010e,bf035d73,3f05f9b4,bef071a9,3efc0106,bf035d70,1,35817488

10834,194,203,-25,-871,-16291,1044,-2087,4523,106,3f05fd8a,bef07302,3efc02f6,bf0357fc,3f05fd8e,bef07307,3efc02ee,bf0357f9,1,35826007

10835,202,205,48,-770,-16314,1054,-2101,4501,111,3f05fdd7,bef07c1a,3efbfeb4,bf03558e,3f05fdda,bef07c1e,3efbfeab,bf03558b,1,35834525

10836,216,205,67,-752,-16297,1050,-2097,4613,99,3f05fc97,bef08844,3efbf9f0,bf03538c,3f05fc9b,bef08848,3efbf9e8,bf03538a,1,35843044

10837,233,183,85,-800,-16327,1022,-2097,4613,99,3f05f912,bef0954e,3efbf7da,bf035229,3f05f916,bef09552,3efbf7d1,bf035227,1,35851562

10838,240,174,129,-700,-16351,1006,-2089,4497,90,3f05f26a,bef0a6e7,3efbf2e3,bf035347,3f05f26d,bef0a6ea,3efbf2d9,bf035345,1,35860081

10839,241,153,141,-662,-16373,1016,-2095,4507,96,3f05ea58,bef0b7f2,3efbee8b,bf0355c8,3f05ea5b,bef0b7f6,3efbee82,bf0355c6,1,35868600

10840,243,133,124,-699,-16355,1016,-2103,4493,106,3f05e276,bef0c585,3efbedea,bf0357e6,3f05e279,bef0c589,3efbede1,bf0357e4,1,35877118

10841,242,120,118,-708,-16339,1024,-2103,4493,106,3f05da76,bef0d124,3efbeed6,bf035a48,3f05da7a,bef0d129,3efbeece,bf035a47,1,35885136

10842,239,112,110,-714,-16301,993,-2125,4497,18,3f05d2e7,bef0db2c,3efbf15a,bf035c2f,3f05d2ea,bef0db30,3efbf150,bf035c2d,1,35893655

10843,254,129,90,-951,-15961,1290,-2087,4465,67,3f05ce4d,bef0e0ce,3efbf452,bf035cde,3f05ce50,bef0e0d2,3efbf448,bf035cdc,1,35902173

10844,308,171,52,-600,-16344,974,-2087,4465,67,3f05c7c8,bef0f297,3efbfaff,bf035825,3f05c7cc,bef0f29c,3efbfaf7,bf035824,1,35910692

10845,267,125,-4,-753,-16363,992,-2087,4515,18,3f05c41f,bef0f695,3efc07c3,bf0353ec,3f05c422,bef0f699,3efc07ba,bf0353ea,1,35919210

10846,262,127,-13,-799,-16326,984,-2093,4487,22,3f05c16e,bef0f912,3efc1525,bf034f19,3f05c171,bef0f916,3efc151c,bf034f17,1,35927729

10847,268,135,23,-726,-16331,1013,-2093,4487,22,3f05bd18,bef1002d,3efc1e81,bf034bc3,3f05bd1b,bef10032,3efc1e79,bf034bc2,1,35936247

10848,284,150,38,-615,-16529,860,-2089,4457,68,3f05b6e7,bef10db8,3efc2718,bf0347bc,3f05b6e9,bef10dbc,3efc270f,bf0347ba,1,35944766

10849,273,142,71,-669,-16389,976,-2093,4451,46,3f05b03a,bef11aa3,3efc2c3f,bf034620,3f05b03d,bef11aa8,3efc2c37,bf03461e,1,35953285

10850,258,137,67,-1104,-16012,1289,-2093,4451,46,3f05adbe,bef11d8a,3efc31fe,bf034490,3f05adc1,bef11d8f,3efc31f6,bf03448e,1,35961803

10851,287,153,27,-575,-16286,965,-2087,4503,36,3f05a861,bef129e5,3efc39f6,bf034086,3f05a863,bef129e9,3efc39ed,bf034084,1,35970322

10852,275,120,-33,-714,-16344,992,-2141,4529,94,3f05a665,bef12b65,3efc4a0f,bf033a1e,3f05a667,bef12b69,3efc4a06,bf033a1c,1,35978840

10853,306,139,-67,-750,-16144,1025,-2145,4485,87,3f05a5ee,bef12d85,3efc5dd3,bf03301c,3f05a5f1,bef12d8a,3efc5dcb,bf03301a,1,35987359

10854,348,147,-27,-575,-16390,967,-2145,4485,87,3f05a143,bef139d1,3efc702f,bf032662,3f05a146,bef139d5,3efc7026,bf03265f,1,35995377

10855,318,103,-57,-829,-16412,1050,-2121,4489,125,3f059e4d,bef13a1b,3efc877f,bf031e0a,3f059e51,bef13a21,3efc8778,bf031e08,1,36003895

10856,338,112,-79,-593,-16543,790,-2101,4509,82,3f059959,bef13fea,3efca160,bf0313f3,3f05995d,bef13ff0,3efca159,bf0313f1,1,36012414

10857,318,98,-34,-639,-16330,927,-2101,4509,82,3f059381,bef144af,3efcb642,bf030da8,3f059384,bef144b4,3efcb63a,bf030da5,1,36020933

10858,330,113,-34,-512,-16232,1041,-2109,4505,107,3f058def,bef14bcb,3efcc893,bf030739,3f058df2,bef14bd0,3efcc88b,bf030736,1,36029451

10859,393,103,-93,-479,-16246,1063,-2087,4453,107,3f058794,bef152dd,3efce51e,bf02fcad,3f058797,bef152e1,3efce515,bf02fcaa,1,36037970

10860,481,96,-194,-538,-16157,1181,-2087,4453,107,3f05829d,bef156d6,3efd110b,bf02eab1,3f0582a1,bef156db,3efd1103,bf02eaaf,1,36046488

10861,599,69,-314,-663,-16331,1241,-2107,4421,99,3f057e23,bef15706,3efd5396,bf02cefd,3f057e26,bef1570a,3efd538d,bf02cefb,1,36055007

10862,744,27,-311,-798,-16309,1084,-2091,4503,99,3f057194,bef160d6,3efda853,bf02ae35,3f057197,bef160da,3efda849,bf02ae33,1,36063526

10863,854,65,-323,-933,-16103,1213,-2091,4503,99,3f056416,bef17381,3efe03ac,bf0286fa,3f056419,bef17384,3efe03a1,bf0286f8,1,36072044

10864,1004,153,-325,-2755,-16594,3618,-2119,4517,143,3f056d0f,bef166c2,3efe5c31,bf025891,3f056d13,bef166c6,3efe5c27,bf025890,1,36080563

10865,1504,1119,62,36,-16685,73,-2139,4511,76,3f05595c,bef23ec2,3efe7552,bf01fc27,3f055960,bef23ec6,3efe7548,bf01fc26,1,36089081

10866,1466,1730,149,-50,-15954,1738,-2115,4489,184,3f0563d2,bef33eff,3efe3c6f,bf019576,3f0563d6,bef33f02,3efe3c64,bf019575,1,36097600

10867,782,1465,-321,-1441,-16768,1328,-2115,4489,184,3f05967c,bef3bbb6,3efe18d9,bf013801,3f059681,bef3bbba,3efe18cf,bf013801,1,36105623

10868,765,1894,-937,175,-19162,-402,-2131,4439,125,3f05e904,bef4430f,3efdff3a,bf00aeff,3f05e908,bef44312,3efdff2e,bf00aefe,1,36114142

10869,371,2884,-2659,-306,-13914,1037,-2181,4423,127,3f06c528,bef45a8f,3efdec0c,beff8d54,3f06c52c,bef45a94,3efdec02,beff8d54,1,36122661

10870,2144,3471,-5239,-2832,-18222,1309,-2181,4423,127,3f07e5ca,bef45239,3eff19e1,befbfef8,3f07e5cd,bef4523c,3eff19d5,befbfef6,1,36131180

10871,1266,3977,-6253,-2341,-16465,3205,-2141,4441,130,3f09713a,bef3b14f,3f00003a,bef85032,3f09713e,bef3b153,3f000035,bef85031,1,36139698

10872,-10,4092,-6217,-3135,-16832,3068,-2289,4433,105,3f0b3347,bef2a0dc,3f003a29,bef4f2cb,3f0b334b,bef2a0e0,3f003a24,bef4f2ca,1,36148217

10873,-516,3932,-5665,-3229,-16528,2271,-2289,4433,105,3f0ce17d,bef18cfa,3f0051e5,bef1f541,3f0ce180,bef18cfd,3f0051df,bef1f53e,1,36156735

10874,-758,3872,-5329,-3263,-16148,2408,-2311,4407,145,3f0e8684,bef0750c,3f005121,beef2f55,3f0e8687,bef07510,3f00511b,beef2f51,1,36165254

10875,-825,3975,-5125,-2725,-15744,1754,-2459,4501,179,3f1021c9,beef7c39,3f003ee2,beec724f,3f1021cd,beef7c3f,3f003edd,beec724c,1,36173773

10876,-812,4177,-4959,-2316,-15771,1514,-2459,4501,179,3f11b5f2,beeea9fb,3f0018fb,bee9b628,3f11b5f5,beeeaa00,3f0018f6,bee9b624,1,36182291

10877,-761,4437,-4303,-2439,-15467,1464,-2469,4481,66,3f13363f,beee257a,3eff99ee,bee71cbf,3f133643,beee2580,3eff99e5,bee71cbc,1,36190810

10878,-618,4978,-3243,-1712,-15310,897,-2543,4477,138,3f149694,beee3cea,3efe8051,bee4b241,3f149698,beee3cef,3efe8047,bee4b23d,1,36199328

10879,-355,5747,-2606,-631,-15577,708,-2543,4477,138,3f15ec99,beeee70e,3efcf16b,bee23b0d,3f15ec9e,beeee714,3efcf161,bee23b09,1,36207346

10880,110,6369,-2285,-170,-16825,771,-2623,4451,82,3f173a59,bef0091a,3efb260c,bedf8b2c,3f173a5e,bef00920,3efb2602,bedf8b28,1,36215865

10881,206,6809,-1791,-474,-18617,1293,-2687,4475,94,3f18834e,bef1762e,3ef90768,bedcdf0c,3f188352,bef17633,3ef9075d,bedcdf07,1,36224383

10882,-314,7119,-1447,-1699,-19171,1846,-2737,4521,63,3f19e319,bef2d103,3ef68755,beda5d31,3f19e31d,bef2d108,3ef6874a,beda5d2c,1,36232902

10883,-1263,7510,-1482,-3454,-17820,2441,-2737,4521,63,3f1b802a,bef3c659,3ef3a3ba,bed7f408,3f1b802f,bef3c660,3ef3a3b1,bed7f405,1,36241421

10884,-1832,8013,-1890,-4219,-16399,3039,-2801,4537,6,3f1d5cd6,bef466ae,3ef08263,bed557e3,3f1d5cd9,bef466b2,3ef08257,bed557dd,1,36249939

10885,-1895,8474,-2479,-3715,-15616,3395,-2869,4515,-80,3f1f6146,bef4e5df,3eed49a0,bed25ed1,3f1f614a,bef4e5e4,3eed4995,bed25ecc,1,36258458

10886,-1938,8650,-2759,-3516,-15197,3303,-2869,4515,-80,3f216e82,bef554ca,3eea091c,becf3a35,3f216e87,bef554d0,3eea0912,becf3a30,1,36266976

10887,-1713,8594,-2678,-3405,-15057,3174,-2947,4547,-100,3f23656a,bef5db8d,3ee6d098,becc085f,3f23656e,bef5db91,3ee6d08c,becc0859,1,36275495

10888,-1481,8601,-2508,-3250,-14809,2841,-2951,4529,-125,3f2541f3,bef68b93,3ee3954c,bec8cf9a,3f2541f6,bef68b98,3ee39541,bec8cf95,1,36284014

10889,-1306,8699,-2243,-2721,-14511,2506,-2951,4529,-125,3f2705ed,bef76f4e,3ee03bf8,bec59db3,3f2705f0,bef76f53,3ee03bed,bec59dae,1,36292532

10890,-944,8639,-1862,-2148,-14435,2428,-2999,4571,-84,3f28a310,bef89514,3edcd49b,bec2807e,3f28a314,bef8951a,3edcd491,bec2807a,1,36301051

10891,-608,8440,-1227,-1914,-14248,2244,-3083,4537,-309,3f2a1122,bef9fe99,3ed95e24,bebf9733,3f2a1124,bef9fe9d,3ed95e18,bebf972e,1,36309069

10892,-108,8230,-646,-2055,-15079,2186,-3083,4537,-309,3f2b49f9,befbb833,3ed5ed1c,bebcd4cb,3f2b49fb,befbb837,3ed5ed10,bebcd4c6,1,36317588

10893,350,8183,-68,-2502,-15734,1994,-3081,4527,-201,3f2c562b,befdc43f,3ed2710d,beba2ce2,3f2c562d,befdc443,3ed27101,beba2cdd,1,36326106

10894,631,8351,657,-2883,-16629,2104,-3167,4557,-264,3f2d42e2,bf001170,3eceb506,beb7aa0b,3f2d42e4,bf001172,3eceb4fb,beb7aa07,1,36334625

10895,670,8734,1367,-3226,-16043,2217,-3167,4547,-332,3f2e2290,bf015f90,3eca932f,beb549eb,3f2e2292,bf015f92,3eca9324,beb549e7,1,36343144

10896,705,9201,1319,-2564,-16095,2554,-3167,4547,-332,3f2f0b55,bf02b8ed,3ec6315b,beb2bda6,3f2f0b58,bf02b8f0,3ec63151,beb2bda2,1,36351662

10897,654,9477,788,-2386,-16119,2562,-3163,4551,-331,3f3007ab,bf040232,3ec1d2d9,beafdaff,3f3007ae,bf040235,3ec1d2cf,beafdafb,1,36360181

10898,604,9502,456,-2520,-16597,2946,-3289,4557,-310,3f310d31,bf0536ec,3ebd83c7,beacc904,3f310d33,bf0536ef,3ebd83bd,beacc900,1,36368699

10899,497,9527,248,-3276,-16102,3388,-3289,4557,-310,3f321d42,bf06526f,3eb94064,bea9948d,3f321d43,bf065271,3eb94059,bea99488,1,36377218

10900,404,9543,-116,-2837,-15581,3759,-3303,4597,-351,3f333827,bf075612,3eb50599,bea63b7e,3f333828,bf075614,3eb5058e,bea63b79,1,36385737

10901,458,9148,-659,-3763,-16094,4095,-3359,4557,-471,3f345423,bf0834dd,3eb1351d,bea2a97e,3f345426,bf0834e0,3eb13514,bea2a97a,1,36394255

10902,276,8686,-883,-4236,-16001,4302,-3359,4557,-471,3f356cd9,bf08edef,3eada795,be9f269f,3f356cdc,bf08edf2,3eada78c,be9f269b,1,36402273

10903,158,8299,-987,-4334,-15964,3912,-3407,4547,-419,3f367877,bf0993be,3eaa4bff,be9bba47,3f367878,bf0993c0,3eaa4bf4,be9bba42,1,36410792

10904,342,8030,-1178,-4478,-16261,3316,-3399,4539,-545,3f376ee9,bf0a3b04,3ea72b99,be983ce3,3f376ee9,bf0a3b06,3ea72b8f,be983cde,1,36419310

10905,701,7797,-1267,-4331,-15792,2812,-3399,4539,-545,3f384828,bf0af075,3ea43e2d,be94b3f5,3f384828,bf0af077,3ea43e23,be94b3f0,1,36427829

10906,1566,7621,-1007,-4020,-15125,2330,-3461,4527,-536,3f38e7b8,bf0bdcc1,3ea17430,be9128b2,3f38e7b8,bf0bdcc4,3ea17427,be9128ae,1,36436348

10907,3105,7391,-302,-1963,-12652,1317,-3437,4557,-517,3f391cc0,bf0d3b6b,3e9eb6e2,be8dc797,3f391cc0,bf0d3b6e,3e9eb6d9,be8dc793,1,36444866

10908,4916,7105,2177,-3297,-13526,1562,-3461,4553,-483,3f38bb28,bf0f37ce,3e9b9728,be8b3d70,3f38bb27,bf0f37d0,3e9b971f,be8b3d6b,1,36453385

10909,6228,7120,3098,-2071,-13846,2287,-3461,4553,-483,3f38022d,bf1195e4,3e983f1e,be88ec48,3f38022c,bf1195e7,3e983f16,be88ec43,1,36461903

10910,6062,7785,2376,-1016,-13501,1586,-3441,4545,-497,3f3765a3,bf13e797,3e94c2cf,be861065,3f3765a3,bf13e79a,3e94c2c7,be861060,1,36470422

10911,4790,8731,1815,4976,-12681,-624,-3491,4483,-477,3f3717fa,bf15fd28,3e90a278,be82f065,3f3717fa,bf15fd2b,3e90a270,be82f060,1,36478941

10912,4155,8948,4009,-421,-13027,-2276,-3491,4483,-477,3f36b827,bf181a27,3e8ba783,be80aa86,3f36b827,bf181a29,3e8ba77a,be80aa80,1,36487459

10913,4876,8785,5903,-415,-13299,-1040,-3437,4541,-505,3f360198,bf1a7fa6,3e8616d9,be7e6620,3f360198,bf1a7fa9,3e8616d1,be7e6616,1,36495978

10914,6584,9266,2286,2519,-15600,-636,-3443,4477,-445,3f353ece,bf1cffa6,3e81dd83,be77446b,3f353ecd,bf1cffa9,3e81dd7b,be774460,1,36504496

10915,6751,9099,1270,-442,-18380,-543,-3443,4477,-445,3f347e96,bf1f620b,3e7c7af9,be6f0528,3f347e96,bf1f620e,3e7c7aea,be6f051e,1,36512514

10916,6155,7771,3302,-2266,-18184,-1062,-3481,4495,-432,3f33939f,bf21a643,3e74b71e,be69bf05,3f3393a0,bf21a646,3e74b710,be69befc,1,36521033

10917,6362,6716,3263,-5825,-17692,-242,-3491,4385,-437,3f328c4a,bf23cef9,3e6e3be0,be64f3a1,3f328c4b,bf23cefc,3e6e3bd2,be64f398,1,36529551

10918,5995,7640,1780,-4253,-17122,-817,-3491,4385,-437,3f31bc7f,bf25d427,3e67ecf7,be5e29eb,3f31bc7e,bf25d429,3e67ece6,be5e29e0,1,36538070

10919,4737,8755,491,-3410,-16644,-731,-3501,4449,-392,3f315699,bf278561,3e614240,be55a28c,3f31569b,bf278565,3e614232,be55a284,1,36546589

10920,3699,9208,-556,-3274,-16707,20,-3503,4369,-445,3f3142b2,bf28e29f,3e5ac58e,be4c019d,3f3142b3,bf28e2a2,3e5ac57f,be4c0194,1,36555107

10921,3068,9447,-1207,-4683,-22813,142,-3547,4401,-448,3f315b9b,bf2a0abf,3e5472b7,be41b3cc,3f315b9b,bf2a0ac1,3e5472a7,be41b3c1,1,36563626

10922,1731,9602,-857,-4680,-22011,1336,-3547,4401,-448,3f31bd01,bf2ade62,3e4d5819,be37e562,3f31bd00,bf2ade63,3e4d5808,be37e557,1,36572145

10923,275,9936,-493,-4014,-18250,778,-3581,4377,-549,3f326895,bf2b628d,3e453e3c,be2e730b,3f326895,bf2b628e,3e453e2c,be2e7301,1,36580663

10924,-3,10633,-1043,-4923,-16830,1562,-3615,4341,-575,3f333715,bf2bc792,3e3cfbd6,be23d4a6,3f333715,bf2bc793,3e3cfbc6,be23d49c,1,36589182

10925,-70,11294,-1457,-3108,-17558,4224,-3615,4341,-575,3f342583,bf2c0ca1,3e342834,be1882b1,3f342585,bf2c0ca3,3e342826,be1882a8,1,36597701

10926,-1154,11161,-1132,-2091,-19120,4709,-3615,4293,-634,3f3543d6,bf2c096f,3e2abcae,be0e01d5,3f3543d8,bf2c0970,3e2abc9f,be0e01cb,1,36606220

10927,-3105,10239,-510,-1647,-17494,5400,-3621,4291,-722,3f36b223,bf2b889e,3e2125f7,be055992,3f36b223,bf2b889e,3e2125e7,be055987,1,36614738

10928,-4952,9185,338,-960,-14950,3938,-3621,4291,-722,3f38685c,bf2a8f7d,3e1767f9,bdfdc3b0,3f38685d,bf2a8f7e,3e1767eb,bdfdc39c,1,36622756

10929,-5593,8207,1961,-1524,-14391,1651,-3629,4363,-845,3f39ffea,bf29904b,3e0d4cd0,bdf554f0,3f39ffeb,bf29904c,3e0d4cc2,bdf554dc,1,36631275

10930,-3802,7703,2846,-1885,-12533,54,-3623,4361,-855,3f3b0c80,bf29101c,3e033d30,bdeea8e8,3f3b0c81,bf29101d,3e033d22,bdeea8d4,1,36639793

10931,-1152,7747,2842,-1069,-15978,-2367,-3623,4361,-855,3f3b77a9,bf293875,3df2c69b,bde73b35,3f3b77a9,bf293875,3df2c67d,bde73b1e,1,36648312

10932,224,7943,2510,-297,-16863,-3485,-3609,4381,-927,3f3b9479,bf29b180,3ddf8ed1,bdde6c8c,3f3b9479,bf29b180,3ddf8eb3,bdde6c76,1,36656831

10933,305,7711,2575,78,-16984,-3187,-3603,4419,-994,3f3ba547,bf2a2909,3dcca145,bdd61cfe,3f3ba546,bf2a2909,3dcca126,bdd61ce7,1,36665350

10934,183,7374,2504,-303,-16205,-3002,-3589,4415,-959,3f3bb5f9,bf2a90e8,3dba7e70,bdce369b,3f3bb5f9,bf2a90e9,3dba7e51,bdce3685,1,36673868

10935,329,7196,1894,-366,-16419,-1974,-3589,4415,-959,3f3bbf7e,bf2af5c2,3da9d1a5,bdc56263,3f3bbf7f,bf2af5c3,3da9d186,bdc5624e,1,36682387

10936,535,7085,1116,55,-17001,-1437,-3661,4393,-938,3f3bbf8a,bf2b5c86,3d9ab6dd,bdbb40bd,3f3bbf8a,bf2b5c86,3d9ab6bd,bdbb40a7,1,36690906

10937,525,6805,819,428,-16123,-671,-3565,4403,-1009,3f3bbeab,bf2bb94a,3d8c95f9,bdb11716,3f3bbeab,bf2bb94a,3d8c95d9,bdb11700,1,36699425

10938,477,6454,956,612,-15954,1805,-3565,4403,-1009,3f3bc722,bf2bff50,3d7d8ae1,bda80db0,3f3bc722,bf2bff50,3d7d8aa1,bda80d9a,1,36707943

10939,819,6271,1600,1038,-15583,3002,-3589,4351,-1060,3f3bc813,bf2c42de,3d5fd682,bda0e3b0,3f3bc812,bf2c42dd,3d5fd641,bda0e39a,1,36716462

10940,1339,6098,1838,1535,-18298,4419,-3575,4389,-1097,3f3bb132,bf2c977c,3d41f0f0,bd9a77a4,3f3bb131,bf2c977d,3d41f0b0,bd9a778f,1,36724480

10941,1047,5974,1767,760,-15660,4090,-3575,4389,-1097,3f3bada9,bf2cd023,3d255f14,bd93dfa1,3f3bada7,bf2cd024,3d255ed4,bd93df8c,1,36732998

10942,463,5864,905,-1822,-16774,-43,-3595,4409,-1117,3f3b9f5c,bf2d1263,3d0d8a1c,bd8af388,3f3b9f5c,bf2d1266,3d0d89de,bd8af374,1,36741517

10943,476,6109,40,-538,-17400,-1530,-3601,4427,-1154,3f3b8d9b,bf2d57af,3cee4c42,bd802ec1,3f3b8d9a,bf2d57b1,3cee4bc5,bd802eac,1,36750036

10944,153,6202,300,2232,-15732,-2660,-3601,4427,-1154,3f3b86c4,bf2d8abb,3cbcdcec,bd6c5a81,3f3b86c2,bf2d8abc,3cbcdc70,bd6c5a55,1,36758554

10945,100,5495,154,3792,-16763,-4033,-3645,4423,-1159,3f3b7e28,bf2db5de,3c915626,bd5a829d,3f3b7e27,bf2db5e1,3c9155ab,bd5a8273,1,36767073

10946,-106,4494,-99,3366,-16600,-4789,-3607,4385,-1174,3f3b7e20,bf2dced4,3c5effb6,bd4b1e94,3f3b7e1e,bf2dced6,3c5efebf,bd4b1e68,1,36775591

10947,-997,3657,-216,3336,-17549,-2633,-3655,4423,-1285,3f3bb24c,bf2da8b3,3c283869,bd3e7361,3f3bb249,bf2da8b5,3c283772,bd3e7333,1,36784110

10948,-2171,2840,-82,1770,-16568,-1124,-3655,4423,-1285,3f3c29a9,bf2d33cc,3bf8ee9d,bd34fdaa,3f3c29a6,bf2d33ce,3bf8ecb2,bd34fd7c,1,36792629

10949,-1922,2155,-420,1643,-15050,694,-3655,4377,-1268,3f3c99a8,bf2cc325,3bbf5dc0,bd2d00be,3f3c99a5,bf2cc328,3bbf5bd7,bd2d008f,1,36801147

10950,-438,1885,-1327,815,-15781,1925,-3671,4425,-1199,3f3cc105,bf2ca2e0,3bb08918,bd2230b6,3f3cc101,bf2ca2e2,3bb08732,bd223086,1,36809666

10951,517,1888,-2205,-122,-16408,2637,-3671,4425,-1199,3f3cbe83,bf2cb2bb,3bc4aa84,bd132dca,3f3cbe7f,bf2cb2bd,3bc4a8a0,bd132d9a,1,36817684

10952,691,2091,-2426,292,-15820,2508,-3689,4399,-1169,3f3cb043,bf2ccedf,3bd50186,bd03326f,3f3cb040,bf2ccee2,3bd4ffa6,bd03323f,1,36826202

10953,855,2120,-2473,338,-16284,1576,-3707,4331,-1224,3f3c8bfa,bf2d01da,3be3050c,bce593e6,3f3c8bf6,bf2d01dc,3be3032e,bce59385,1,36834721

10954,957,2110,-2189,-232,-15970,210,-3707,4331,-1224,3f3c5801,bf2d43ed,3bea33dc,bcc64b49,3f3c57ff,bf2d43f0,3bea3202,bcc64aea,1,36843239

10955,919,2168,-1750,170,-16441,-235,-3735,4311,-1266,3f3c2327,bf2d84ec,3be09d70,bcaa5d8b,3f3c2325,bf2d84ef,3be09b99,bcaa5d2c,1,36851758

10956,409,2124,-1086,344,-16689,-608,-3723,4349,-1201,3f3c083e,bf2da7b6,3bc44590,bc94352e,3f3c083b,bf2da7b8,3bc443ba,bc9434ce,1,36860277

10957,-591,1872,-359,591,-17198,-966,-3723,4349,-1201,3f3c23f2,bf2d8d4f,3b994eb3,bc85b12c,3f3c23f0,bf2d8d53,3b994cdf,bc85b0cd,1,36868795

10958,-1616,1545,232,1223,-16224,-653,-3715,4323,-1281,3f3c79e7,bf2d31e3,3b485205,bc7d390c,3f3c79e4,bf2d31e6,3b484e5c,bc7d384b,1,36877314

10959,-1152,1367,421,727,-12518,-1805,-3699,4321,-1215,3f3cb0ea,bf2cf727,3ac4b9a6,bc7396bc,3f3cb0e7,bf2cf72a,3ac4b258,bc7395fa,1,36885832

10960,753,1345,-29,769,-22671,-335,-3725,4311,-1303,3f3c80d2,bf2d2d12,39dc0d59,bc630bba,3f3c80cf,bf2d2d14,39dbf029,bc630af8,1,36894351

10961,-402,1157,1265,138,-13797,1450,-3725,4311,-1303,3f3c9de8,bf2d0cc5,bac806f1,bc6927c0,3f3c9de6,bf2d0cc7,bac80e39,bc6926fe,1,36902870

10962,-335,1091,191,-857,-15759,2303,-3707,4323,-1314,3f3cc281,bf2ce5dd,bb0e7354,bc5b6713,3f3cc27e,bf2ce5de,bb0e76f4,bc5b6650,1,36911388

10963,590,1218,-679,-981,-17958,5936,-3725,4255,-1326,3f3ccd04,bf2cdc69,bb18ccd4,bc3faf16,3f3ccd01,bf2cdc6a,bb18d070,bc3fae53,1,36919907

10964,-245,1066,-221,-166,-15362,615,-3725,4255,-1326,3f3cd949,bf2ccffc,bb3ca467,bc2ec2a0,3f3cd947,bf2ccffe,bb3ca802,bc2ec1de,1,36927925

10965,-652,652,-554,-303,-16258,201,-3707,4275,-1324,3f3cfac5,bf2cac66,bb346256,bc1e4cd7,3f3cfac3,bf2cac68,bb3465ed,bc1e4c15,1,36936444

10966,-345,873,-963,202,-17058,1180,-3695,4265,-1316,3f3d0faa,bf2c96dd,bb259aee,bc05d80c,3f3d0fa7,bf2c96de,bb259e81,bc05d749,1,36944962

10967,-805,770,-627,-3823,-13391,-6610,-3695,4265,-1316,3f3d2f39,bf2c7548,bb1ab56f,bbe03acb,3f3d2f37,bf2c754a,bb1ab901,bbe03945,1,36953481

10968,-135,843,-676,3990,-15596,615,-3699,4251,-1375,3f3d3856,bf2c6ba9,bb3b35a5,bbc5d34a,3f3d3854,bf2c6bab,bb3b3936,bbc5d1c5,1,36961999

10969,957,487,-1392,95,-16643,-236,-3693,4243,-1316,3f3cfc99,bf2cae28,baf9f7fc,bb91da92,3f3cfc97,bf2cae2a,baf9ff1c,bb91d90e,1,36970518

10970,949,45,-1823,-1478,-17329,-324,-3693,4243,-1316,3f3cc1bf,bf2cef45,b671b59c,bb301560,3f3cc1bc,bf2cef46,b67feefe,bb301258,1,36979037

10971,426,184,-947,1113,-18735,-4494,-3787,4257,-1259,3f3c9d71,bf2d1706,3a473ad7,baef8966,3f3c9d6f,bf2d1708,3a472ca1,baef835b,1,36987555

10972,-934,161,-75,1874,-17223,-631,-3731,4239,-1289,3f3ccc46,bf2ce3eb,3a2fc4ef,bafffa99,3f3ccc44,bf2ce3ed,3a2fb6bc,bafff48c,1,36996074

10973,-1165,591,-263,3361,-16498,422,-3731,4171,-1362,3f3d0e30,bf2c9be4,38f2ab5b,bae0f399,3f3d0e2e,bf2c9be6,38f239f4,bae0ed8c,1,37004593

10974,-200,643,-530,-115,-15234,664,-3731,4171,-1362,3f3d17e6,bf2c915e,39467c0f,ba535cf1,3f3d17e4,bf2c9160,3946438f,ba5350d4,1,37013111

10975,-177,303,-283,-2135,-15364,2921,-3717,4231,-1306,3f3d3979,bf2c6c8b,3a6b617f,b81b3c57,3f3d3977,bf2c6c8d,3a6b536c,b81a79f9,1,37021630

10976,223,871,-187,-1295,-16380,1498,-3695,4151,-1391,3f3d3200,bf2c74b7,3a369b6f,3a792610,3f3d31fd,bf2c74b8,3a368d6b,3a79323d,1,37030148

10977,186,830,-130,1028,-16570,900,-3695,4151,-1391,3f3d277a,bf2c8039,3822c73c,3abfb282,3f3d2778,bf2c803a,3821e788,3abfb898,1,37038166

10978,177,407,-494,-1269,-16346,1347,-3683,4151,-1310,3f3d1f56,bf2c88fd,3a0998e4,3b158d01,3f3d1f53,bf2c88fd,3a098aed,3b15900c,1,37046685

10979,202,289,-333,-1811,-16017,1081,-3725,4139,-1287,3f3d1418,bf2c951a,3a88c5b2,3b3e71c6,3f3d1417,bf2c951c,3a88beb7,3b3e74d2,1,37055203

10980,204,435,-351,-1696,-16259,373,-3725,4139,-1287,3f3d04c1,bf2ca5a5,3ab1e21f,3b6da412,3f3d04bf,bf2ca5a6,3ab1db28,3b6da71e,1,37063722

10981,154,427,-348,-1321,-16356,404,-3661,4181,-1367,3f3cf929,bf2cb206,3ad3ddbd,3b8d7c51,3f3cf927,bf2cb207,3ad3d6c8,3b8d7dd7,1,37072240

10982,78,251,18,-744,-16501,798,-3697,4153,-1339,3f3cf34c,bf2cb864,3ada9300,3b90f98b,3f3cf34b,bf2cb866,3ada8c0e,3b90fb11,1,37080759

10983,13,-46,187,-136,-16571,608,-3697,4153,-1339,3f3cf00d,bf2cbc16,3ae5ab13,3b83f869,3f3cf00c,bf2cbc18,3ae5a423,3b83f9ee,1,37089278

10984,-69,-281,381,103,-16347,816,-3685,4159,-1321,3f3cf285,bf2cb9a8,3af3ddcb,3b51ae67,3f3cf283,bf2cb9a9,3af3d6de,3b51b170,1,37097796

10985,-95,-389,430,82,-15967,1159,-3705,4111,-1362,3f3cf992,bf2cb229,3b05033b,3b1245cb,3f3cf990,bf2cb22a,3b04ffc5,3b1248d3,1,37106315

10986,74,-474,361,34,-16141,1004,-3705,4111,-1362,3f3cf5a4,bf2cb68f,3b19e603,3aa735ed,3f3cf5a3,bf2cb691,3b19e290,3aa73bfe,1,37114834

10987,172,-504,224,641,-16715,495,-3705,4169,-1379,3f3ce96c,bf2cc3e8,3b31d403,39c06d34,3f3ce96b,bf2cc3ea,3b31d090,39c08571,1,37123352

10988,16,-526,-2,649,-16591,708,-3689,4167,-1330,3f3ce6ab,bf2cc6c0,3b587a34,b9c0c9e3,3f3ce6a8,bf2cc6c0,3b5876bf,b9c0b1b1,1,37131871

10989,-87,-697,-161,-815,-16054,1119,-3709,4119,-1307,3f3cec15,bf2cc05b,3b921349,ba6a3423,3f3cec14,bf2cc05d,3b92118f,ba6a2810,1,37139889

10990,82,-635,-133,-1024,-16313,690,-3709,4119,-1307,3f3ce52a,bf2cc75b,3bb51f71,bab35bc1,3f3ce528,bf2cc75d,3bb51db8,bab355b7,1,37148407

10991,127,-384,-86,-127,-16182,691,-3705,4151,-1377,3f3cdca5,bf2cd03e,3bc9e89b,bae90d49,3f3cdca2,bf2cd040,3bc9e6e1,bae9073f,1,37156926

10992,118,-330,85,-49,-16217,759,-3671,4193,-1317,3f3cd460,bf2cd8e8,3bd80b56,bb18e798,3f3cd45e,bf2cd8ea,3bd8099d,bb18e494,1,37165444

10993,144,-456,259,-116,-16229,993,-3671,4193,-1317,3f3ccc0d,bf2ce17f,3be5a3ea,bb4ee449,3f3ccc0c,bf2ce182,3be5a232,bb4ee144,1,37173963

10994,146,-618,363,257,-16292,878,-3693,4151,-1332,3f3cc2f4,bf2ceac0,3bf31a4f,bb8be7ed,3f3cc2f2,bf2ceac2,3bf31895,bb8be66b,1,37182482

10995,143,-762,380,-214,-16387,798,-3723,4203,-1352,3f3cb9bc,bf2cf3cf,3c0387a5,bbb2237b,3f3cb9ba,bf2cf3d1,3c0386c8,bbb221f8,1,37191000

10996,98,-831,485,-420,-16516,656,-3723,4203,-1352,3f3cb223,bf2cfad6,3c0d94eb,bbdc6bf3,3f3cb221,bf2cfad8,3c0d940e,bbdc6a6e,1,37199519

10997,33,-806,604,-345,-16310,846,-3645,4193,-1365,3f3cafc8,bf2cfbfe,3c156419,bc04e758,3f3cafc6,bf2cfc00,3c15633c,bc04e696,1,37208038

10998,22,-755,603,364,-16503,893,-3655,4203,-1334,3f3cadc5,bf2cfca7,3c1a944b,bc1cc8cc,3f3cadc3,bf2cfca9,3c1a936d,bc1cc80b,1,37216556

10999,22,-803,646,-693,-16353,860,-3655,4203,-1334,3f3cabb4,bf2cfd14,3c22dda4,bc333aa6,3f3cabb1,bf2cfd15,3c22dcc6,bc3339e3,1,37225075

11000,3,-703,618,-876,-16148,959,-3623,4195,-1333,3f3cabb8,bf2cfb37,3c2a9e40,bc4740e4,3f3cabb6,bf2cfb38,3c2a9d63,bc474021,1,37233594

11001,52,-427,648,-173,-16191,910,-3663,4185,-1278,3f3ca77c,bf2cfe59,3c2be684,bc59eaf7,3f3ca77b,bf2cfe5a,3c2be5a8,bc59ea35,1,37241612

11002,55,-359,620,50,-16186,1076,-3657,4185,-1244,3f3ca3b7,bf2d00f9,3c2c1b7e,bc6bf283,3f3ca3b6,bf2d00fa,3c2c1aa2,bc6bf1c1,1,37250130

11003,94,-479,591,433,-16315,1063,-3657,4185,-1244,3f3c9d80,bf2d05dd,3c2d8fa7,bc800e3d,3f3c9d7f,bf2d05de,3c2d8ecc,bc800ddc,1,37258649

11004,144,-562,734,-105,-16352,840,-3663,4203,-1334,3f3c943f,bf2d0dc1,3c2f82b3,bc8acb71,3f3c943f,bf2d0dc2,3c2f81d9,bc8acb11,1,37267167

11005,142,-572,762,-187,-16201,1085,-3627,4183,-1281,3f3c8c04,bf2d1445,3c31c684,bc95db07,3f3c8c04,bf2d1446,3c31c5ab,bc95daa7,1,37275686

11006,222,-483,652,-227,-16244,911,-3627,4183,-1281,3f3c7e48,bf2d20f4,3c34535a,bc9f4ea2,3f3c7e47,bf2d20f5,3c345281,bc9f4e40,1,37284204

11007,286,-337,493,17,-16298,881,-3611,4207,-1292,3f3c6d4d,bf2d3192,3c363466,bca6b787,3f3c6d4b,bf2d3192,3c36338c,bca6b724,1,37292723

11008,315,-244,405,91,-16368,817,-3625,4195,-1335,3f3c5b44,bf2d439f,3c37998e,bcacb6f4,3f3c5b44,bf2d43a0,3c3798b5,bcacb692,1,37301242

11009,303,-197,390,51,-16282,770,-3625,4195,-1335,3f3c49d3,bf2d551e,3c389b1f,bcb22dbf,3f3c49d3,bf2d551f,3c389a47,bcb22d5d,1,37309760

11010,290,-148,379,18,-16125,959,-3655,4213,-1331,3f3c3ac7,bf2d6420,3c393948,bcb72bb3,3f3c3ac6,bf2d6420,3c393871,bcb72b50,1,37318279

11011,330,-99,346,-4,-16235,934,-3603,4211,-1314,3f3c291e,bf2d7618,3c39ae1f,bcbb8ca5,3f3c291d,bf2d7618,3c39ad48,bcbb8c42,1,37326797

11012,378,-61,319,552,-16738,899,-3603,4211,-1314,3f3c1451,bf2d8b79,3c386660,bcc02104,3f3c1450,bf2d8b79,3c38658a,bcc020a2,1,37334815

11013,371,-154,203,81,-16395,852,-3589,4203,-1288,3f3bffa2,bf2da099,3c3b9e5b,bcc3eb67,3f3bffa2,bf2da09a,3c3b9d87,bcc3eb07,1,37343835

11014,352,-119,251,69,-16193,869,-3543,4215,-1304,3f3becac,bf2db3e7,3c3d9378,bcc7c237,3f3becaa,bf2db3e7,3c3d92a3,bcc7c1d6,1,37351852

11015,373,-70,317,727,-16472,939,-3609,4199,-1291,3f3bd889,bf2dc85a,3c3c105f,bccca847,3f3bd889,bf2dc85b,3c3c0f8b,bccca7e7,1,37360371

11016,322,-191,407,-20,-16424,635,-3609,4199,-1291,3f3bc537,bf2ddb89,3c3d2cfa,bcd211d3,3f3bc537,bf2ddb8a,3c3d2c26,bcd21173,1,37368890

11017,250,-237,417,288,-16625,709,-3637,4177,-1320,3f3bb6d9,bf2de920,3c3df45f,bcd82ed4,3f3bb6d9,bf2de921,3c3df38b,bcd82e74,1,37377409

11018,189,-282,313,78,-16265,900,-3595,4219,-1325,3f3bae28,bf2df096,3c4186cc,bcdd8643,3f3bae27,bf2df096,3c4185f7,bcdd85e2,1,37385927

11019,193,-333,336,69,-16156,709,-3595,4219,-1325,3f3ba3b9,bf2df9ad,3c458700,bce35c93,3f3ba3b7,bf2df9ac,3c45862b,bce35c31,1,37394446

11020,213,-248,364,88,-16389,587,-3595,4217,-1295,3f3b96c5,bf2e05a5,3c47d6c3,bce8e29c,3f3b96c4,bf2e05a5,3c47d5ef,bce8e23c,1,37402964

11021,143,-176,482,280,-16331,803,-3585,4209,-1232,3f3b8dfd,bf2e0d02,3c47119e,bcef3d55,3f3b8dfd,bf2e0d03,3c4710cb,bcef3cf6,1,37411483

11022,108,-199,552,495,-16453,788,-3585,4209,-1232,3f3b86d9,bf2e124c,3c4517be,bcf68858,3f3b86da,bf2e124d,3c4516ec,bcf687fa,1,37420001

11023,58,-307,513,-245,-15913,962,-3659,4199,-1245,3f3b84d3,bf2e11e2,3c479bda,bcfd43e8,3f3b84d3,bf2e11e2,3c479b07,bcfd4388,1,37428520

11024,88,-242,561,-7,-16331,790,-3585,4269,-1338,3f3b813c,bf2e1354,3c474c3e,bd01f4df,3f3b813c,bf2e1354,3c474b6b,bd01f4af,1,37437039

11025,81,-201,602,280,-16176,895,-3585,4269,-1338,3f3b7ecf,bf2e136e,3c44fe37,bd057aab,3f3b7ecf,bf2e136e,3c44fd64,bd057a7b,1,37445057

11026,68,-257,564,134,-16141,881,-3605,4281,-1360,3f3b7db5,bf2e11fe,3c44852a,bd08e508,3f3b7db7,bf2e1200,3c448459,bd08e4d9,1,37453575

11027,118,-103,563,215,-16103,1043,-3645,4295,-1323,3f3b7a9c,bf2e132d,3c41bab2,bd0bdb80,3f3b7a9b,bf2e132c,3c41b9de,bd0bdb4f,1,37462094

11028,173,-2,432,26,-16352,878,-3649,4291,-1314,3f3b731b,bf2e19cf,3c3fe2f6,bd0dcec7,3f3b731b,bf2e19cf,3c3fe223,bd0dce96,1,37470612

11029,203,81,373,282,-16368,888,-3649,4291,-1314,3f3b6a1c,bf2e2264,3c3ce69e,bd0f66b5,3f3b6a1c,bf2e2264,3c3ce5cb,bd0f6684,1,37479131

11030,227,158,306,383,-16349,815,-3629,4259,-1337,3f3b5fe4,bf2e2cbb,3c395496,bd107b9c,3f3b5fe4,bf2e2cbb,3c3953c3,bd107b6b,1,37487650

11031,214,157,277,467,-16217,855,-3569,4281,-1257,3f3b553d,bf2e3772,3c3636d8,bd11a0ea,3f3b553c,bf2e3772,3c363605,bd11a0b9,1,37496168

11032,225,164,267,503,-16178,905,-3569,4281,-1257,3f3b4a76,bf2e424e,3c331364,bd12bb71,3f3b4a76,bf2e424f,3c331292,bd12bb40,1,37504687

11033,264,176,256,421,-16400,763,-3599,4279,-1358,3f3b3e8a,bf2e4ea7,3c2fd909,bd13852f,3f3b3e8a,bf2e4ea8,3c2fd837,bd1384fe,1,37513206

11034,248,183,239,561,-16445,775,-3627,4281,-1292,3f3b3245,bf2e5b48,3c2c9c88,bd1466d6,3f3b3246,bf2e5b4a,3c2c9bb7,bd1466a6,1,37521724

11035,188,177,186,485,-16467,764,-3627,4281,-1292,3f3b29a2,bf2e6425,3c2a6d14,bd150b2a,3f3b29a1,bf2e6425,3c2a6c42,bd150af8,1,37530243

11036,133,157,125,440,-16451,767,-3601,4265,-1293,3f3b2470,bf2e6963,3c29858e,bd157d81,3f3b2470,bf2e6963,3c2984bd,bd157d4f,1,37538761

11037,51,136,88,430,-16389,794,-3593,4273,-1265,3f3b23c2,bf2e69c2,3c298880,bd15e881,3f3b23c2,bf2e69c2,3c2987b0,bd15e84f,1,37547280

11038,16,122,88,459,-16251,943,-3593,4273,-1265,3f3b265d,bf2e6687,3c29b173,bd166983,3f3b265d,bf2e6687,3c29b0a3,bd166951,1,37555298

11039,35,120,80,462,-16187,930,-3585,4211,-1271,3f3b27e1,bf2e6476,3c2a0202,bd16e332,3f3b27e1,bf2e6476,3c2a0132,bd16e300,1,37563817

11040,86,134,61,463,-16209,946,-3573,4259,-1316,3f3b27c6,bf2e6454,3c2a3d40,bd172a24,3f3b27c6,bf2e6454,3c2a3c70,bd1729f2,1,37572342

11041,111,132,48,457,-16418,795,-3653,4255,-1311,3f3b24b5,bf2e6764,3c2abe18,bd176171,3f3b24b5,bf2e6764,3c2abd48,bd17613f,1,37580860

11042,96,109,37,443,-16429,781,-3653,4255,-1311,3f3b2270,bf2e698f,3c2bc8d3,bd17a024,3f3b2270,bf2e698f,3c2bc804,bd179ff2,1,37589379

11043,30,114,17,513,-16413,827,-3575,4249,-1283,3f3b23c2,bf2e67dc,3c2cdde5,bd17e072,3f3b23c1,bf2e67db,3c2cdd16,bd17e03f,1,37597898

11044,-21,149,-46,515,-16320,915,-3629,4221,-1370,3f3b2b3c,bf2e5ff8,3c2dec13,bd17a25c,3f3b2b3c,bf2e5ff8,3c2deb44,bd17a22a,1,37606416

11045,-4,182,-93,323,-16261,902,-3629,4221,-1370,3f3b31e0,bf2e5954,3c2fca49,bd16f20f,3f3b31e0,bf2e5954,3c2fc97b,bd16f1dd,1,37614935

11046,9,173,-21,362,-16311,846,-3633,4217,-1269,3f3b346d,bf2e56aa,3c30ffea,bd16c4fa,3f3b346c,bf2e56aa,3c30ff1b,bd16c4c7,1,37623454

11047,-16,163,28,500,-16236,953,-3611,4209,-1286,3f3b397d,bf2e5119,3c312c42,bd16e7c5,3f3b397d,bf2e511a,3c312b74,bd16e794,1,37631972

11048,3,142,52,580,-16369,857,-3611,4209,-1286,3f3b3c5c,bf2e4db9,3c31157c,bd174043,3f3b3c5a,bf2e4db9,3c3114ad,bd174011,1,37640491

11049,10,80,16,537,-16072,1208,-3617,4319,-1256,3f3b41ba,bf2e476c,3c32bbbf,bd17bc42,3f3b41ba,bf2e476e,3c32baf2,bd17bc11,1,37649009

11050,126,58,-22,419,-16100,1216,-3569,4229,-1316,3f3b4248,bf2e4674,3c358d27,bd17f5a0,3f3b4247,bf2e4675,3c358c5a,bd17f56c,1,37657027

11051,297,87,-32,294,-16177,1063,-3569,4229,-1316,3f3b376f,bf2e51f1,3c388daa,bd17ec89,3f3b376e,bf2e51f2,3c388cdd,bd17ec55,1,37665546

11052,401,106,29,383,-16281,948,-3587,4179,-1306,3f3b250b,bf2e6567,3c3a30c0,bd182021,3f3b250a,bf2e6568,3c3a2ff3,bd181fed,1,37674065

11053,410,55,98,346,-16387,790,-3533,4201,-1243,3f3b0f3f,bf2e7c0e,3c3bd8a6,bd18d609,3f3b0f3d,bf2e7c0e,3c3bd7d9,bd18d5d4,1,37682583

11054,352,10,151,456,-16375,858,-3527,4221,-1286,3f3afe23,bf2e8d5a,3c3cf402,bd19ec71,3f3afe22,bf2e8d5b,3c3cf337,bd19ec3d,1,37691102

11055,267,3,172,576,-16405,742,-3527,4221,-1286,3f3af0f2,bf2e9a55,3c3d6ff3,bd1b2fad,3f3af0f2,bf2e9a56,3c3d6f29,bd1b2f7a,1,37699620

11056,163,-35,98,446,-16408,883,-3545,4181,-1290,3f3aeb5f,bf2e9f35,3c3fea25,bd1c380a,3f3aeb5f,bf2e9f35,3c3fe95a,bd1c37d6,1,37708139

11057,103,-47,53,411,-16419,904,-3555,4173,-1315,3f3aea4b,bf2e9f62,3c433352,bd1d0e42,3f3aea4b,bf2e9f62,3c433287,bd1d0e0e,1,37716658

11058,89,7,22,469,-16295,938,-3555,4173,-1315,3f3aea90,bf2e9e63,3c45e675,bd1da0d7,3f3aea8f,bf2e9e62,3c45e5aa,bd1da0a2,1,37725176

11059,97,67,-16,376,-16220,876,-3559,4181,-1310,3f3ae9ef,bf2e9ebf,3c4884d5,bd1dc699,3f3ae9ee,bf2e9ebe,3c48840b,bd1dc666,1,37733695

11060,108,134,7,391,-16282,853,-3529,4161,-1244,3f3ae6d3,bf2ea1de,3c49f3c2,bd1de41a,3f3ae6d2,bf2ea1de,3c49f2f9,bd1de3e8,1,37742214

11061,100,184,42,449,-16231,985,-3529,4161,-1244,3f3ae547,bf2ea368,3c49fa1a,bd1e0448,3f3ae547,bf2ea369,3c49f953,bd1e0417,1,37750231

11062,123,177,65,496,-16300,941,-3571,4233,-1340,3f3ae46b,bf2ea447,3c494028,bd1e1f46,3f3ae46b,bf2ea448,3c493f61,bd1e1f15,1,37758750

11063,134,141,33,543,-16359,864,-3565,4217,-1265,3f3ae04e,bf2ea86c,3c49b2f5,bd1e6044,3f3ae04e,bf2ea86d,3c49b22e,bd1e6014,1,37767269

11064,96,138,-40,628,-16303,994,-3565,4217,-1265,3f3adfce,bf2ea8cf,3c4af715,bd1e70cc,3f3adfcc,bf2ea8cf,3c4af64c,bd1e709b,1,37775787

11065,97,119,-162,555,-16473,812,-3541,4173,-1312,3f3adf04,bf2ea9d7,3c4e4c94,bd1df59b,3f3adf02,bf2ea9d7,3c4e4bcb,bd1df56a,1,37784306

11066,36,72,-238,482,-16401,897,-3571,4191,-1273,3f3ae1dd,bf2ea6e7,3c53c31b,bd1d6187,3f3ae1dc,bf2ea6e8,3c53c253,bd1d6156,1,37792824

11067,-31,24,-281,378,-16318,895,-3541,4171,-1287,3f3ae903,bf2e9f4e,3c5abfc1,bd1cba85,3f3ae901,bf2e9f4e,3c5abef8,bd1cba53,1,37801343

11068,-46,-14,-300,71,-16148,1108,-3541,4171,-1287,3f3af378,bf2e941d,3c63a067,bd1bed93,3f3af378,bf2e941e,3c639fa0,bd1bed62,1,37809862

11069,25,1,-187,102,-16042,1250,-3517,4195,-1335,3f3afca8,bf2e8a23,3c6a71c8,bd1b72fd,3f3afca8,bf2e8a23,3c6a7100,bd1b72cb,1,37818380

11070,154,74,-72,277,-16237,1052,-3487,4179,-1292,3f3afa0a,bf2e8cb5,3c6dffbc,bd1b5f05,3f3afa0a,bf2e8cb4,3c6dfef3,bd1b5ed2,1,37826899

11071,234,121,-2,332,-16175,1075,-3487,4179,-1292,3f3af2f2,bf2e941a,3c6fb3ff,bd1b6f38,3f3af2f3,bf2e941a,3c6fb337,bd1b6f06,1,37835418

11072,280,149,8,236,-16291,1022,-3533,4153,-1274,3f3ae857,bf2e9f5f,3c714157,bd1b6227,3f3ae858,bf2e9f5f,3c71408f,bd1b61f5,1,37843936

11073,300,155,-32,219,-16375,940,-3511,4181,-1276,3f3adc07,bf2eac97,3c7346a1,bd1b22f3,3f3adc09,bf2eac97,3c7345da,bd1b22c1,1,37852455

11074,279,176,-103,380,-16522,860,-3511,4181,-1276,3f3ad064,bf2eb947,3c75752f,bd1aa68e,3f3ad066,bf2eb947,3c757469,bd1aa65c,1,37860473

11075,208,179,-182,496,-16550,825,-3497,4175,-1291,3f3ac923,bf2ec16f,3c783f7f,bd19e9e6,3f3ac925,bf2ec16f,3c783eba,bd19e9b4,1,37868991

11076,129,152,-286,469,-16364,934,-3519,4137,-1358,3f3ac9d1,bf2ec152,3c7ca1f9,bd18c5ce,3f3ac9d1,bf2ec150,3c7ca132,bd18c59a,1,37877510

11077,74,89,-378,574,-16424,919,-3519,4137,-1358,3f3acd91,bf2ebdc3,3c816f8d,bd17995c,3f3acd93,bf2ebdc2,3c816f2b,bd179929,1,37886029

11078,37,-42,-471,543,-16493,809,-3541,4129,-1305,3f3ad0f2,bf2eba15,3c866035,bd16999b,3f3ad0f2,bf2eba12,3c865fd2,bd169967,1,37894547

11079,-49,-183,-498,546,-16372,941,-3537,4169,-1321,3f3adadf,bf2eaec2,3c8c7920,bd1604f1,3f3adae0,bf2eaec1,3c8c78be,bd1604be,1,37903066

11080,-80,-326,-616,403,-16406,955,-3537,4169,-1321,3f3ae6d4,bf2ea0c9,3c94b31d,bd1568af,3f3ae6d6,bf2ea0c9,3c94b2bb,bd15687d,1,37911584

11081,-113,-469,-668,266,-16163,1113,-3525,4151,-1227,3f3af3ba,bf2e90f1,3c9ec1bf,bd15353b,3f3af3b9,bf2e90ef,3c9ec15c,bd153508,1,37920103

11082,-79,-531,-703,185,-16211,1240,-3499,4121,-1231,3f3affe0,bf2e817c,3ca9a636,bd150fac,3f3affe0,bf2e817b,3ca9a5d3,bd150f79,1,37928622

11083,22,-531,-779,193,-15945,1204,-3555,4101,-1233,3f3b065d,bf2e7808,3cb50ff1,bd14a395,3f3b065d,bf2e7807,3cb50f8e,bd14a362,1,37937141

11084,139,-512,-728,124,-15525,1443,-3555,4101,-1233,3f3b0974,bf2e7205,3cc01d8c,bd145634,3f3b0974,bf2e7204,3cc01d2a,bd145601,1,37945659

11085,358,-538,-639,-18,-15963,1193,-3521,4069,-1286,3f3afda9,bf2e7bba,3ccad614,bd143650,3f3afdab,bf2e7bbb,3ccad5b3,bd14361e,1,37954184

11086,511,-633,-476,-196,-16486,854,-3547,4095,-1191,3f3ae28e,bf2e94dd,3cd5711a,bd1513dc,3f3ae28f,bf2e94dd,3cd570b8,bd1513aa,1,37962702

11087,447,-558,-285,-98,-16665,675,-3547,4095,-1191,3f3ac974,bf2eabe5,3cdddbf1,bd167a44,3f3ac975,bf2eabe5,3cdddb8f,bd167a12,1,37970720

11088,276,-433,-185,-313,-16248,965,-3563,4135,-1246,3f3abe50,bf2eb496,3ce4d22e,bd179a6c,3f3abe51,bf2eb496,3ce4d1cc,bd179a3a,1,37979239

11089,226,-342,-94,-538,-16373,921,-3533,4091,-1220,3f3ab50d,bf2ebb9a,3ceabbcd,bd18a9e2,3f3ab50e,bf2ebb9a,3ceabb6b,bd18a9b0,1,37987758

11090,210,-247,43,250,-16363,942,-3533,4091,-1220,3f3aac43,bf2ec266,3cedbc5b,bd1a78bf,3f3aac44,bf2ec266,3cedbbf9,bd1a788d,1,37996276

11091,168,-331,124,634,-16328,1010,-3555,4083,-1367,3f3aaa90,bf2ec14e,3cefaeec,bd1cfad6,3f3aaa90,bf2ec14e,3cefae89,bd1cfaa3,1,38004795

11092,147,-497,42,11,-16279,1110,-3533,4117,-1353,3f3aab22,bf2ebce4,3cf4acf3,bd1f4517,3f3aab21,bf2ebce4,3cf4ac8e,bd1f44e3,1,38013314

11093,177,-520,-19,-293,-16140,1171,-3533,4117,-1353,3f3aab5f,bf2eb8bc,3cfadbb6,bd21225c,3f3aab5f,bf2eb8bc,3cfadb52,bd212228,1,38021832

11094,237,-432,-65,-365,-16324,1052,-3529,4111,-1236,3f3aa309,bf2ebdf7,3d007e19,bd22b3c1,3f3aa309,bf2ebdf7,3d007de8,bd22b38e,1,38030351

11095,251,-337,-113,51,-16601,783,-3497,4093,-1264,3f3a980e,bf2ec6a1,3d02fd0d,bd23fd9e,3f3a980d,bf2ec6a0,3d02fcdb,bd23fd6b,1,38038869

11096,161,-316,-229,-529,-15940,1119,-3547,4091,-1239,3f3a9685,bf2ec560,3d0653db,bd246128,3f3a9685,bf2ec55f,3d0653a9,bd2460f6,1,38047388

11097,214,-209,-180,-884,-16306,939,-3547,4091,-1239,3f3a9035,bf2ec9da,3d0948ac,bd245823,3f3a9035,bf2ec9d9,3d09487a,bd2457f1,1,38055907

11098,236,-28,-4,-251,-16312,919,-3509,4121,-1249,3f3a8807,bf2ed145,3d0a69f8,bd24c7d9,3f3a8808,bf2ed145,3d0a69c6,bd24c7a7,1,38064425

11099,201,17,87,-86,-16386,937,-3521,4089,-1297,3f3a833d,bf2ed567,3d0adcd4,bd25714c,3f3a833f,bf2ed568,3d0adca4,bd25711a,1,38072443

11100,166,2,85,-152,-16281,959,-3521,4089,-1297,3f3a80da,bf2ed6e0,3d0b6cdf,bd261a4a,3f3a80da,bf2ed6e0,3d0b6cae,bd261a17,1,38080962

11101,142,-13,111,-241,-16482,839,-3539,4113,-1280,3f3a7df1,bf2ed8c3,3d0c0587,bd26e1f2,3f3a7df0,bf2ed8c2,3d0c0556,bd26e1be,1,38089480

11102,85,-12,149,40,-16138,1172,-3501,4071,-1252,3f3a80fb,bf2ed423,3d0c4961,bd281ad0,3f3a80fb,bf2ed422,3d0c4931,bd281a9d,1,38097999

11103,131,-38,88,255,-16375,1083,-3501,4071,-1252,3f3a801b,bf2ed38d,3d0cb3a6,bd295464,3f3a801c,bf2ed38d,3d0cb378,bd295432,1,38106517

11104,196,-173,-83,154,-16359,974,-3579,4087,-1241,3f3a7a87,bf2ed73b,3d0e5b72,bd2a49dd,3f3a7a87,bf2ed73a,3d0e5b43,bd2a49ab,1,38115036

11105,135,-294,-260,-569,-16298,686,-3533,4091,-1198,3f3a758c,bf2ed98f,3d11a34d,bd2a9317,3f3a758d,bf2ed98f,3d11a31f,bd2a92e6,1,38123555

11106,56,-229,-168,-710,-15914,1154,-3533,4091,-1198,3f3a79db,bf2ed23f,3d14866f,bd2ade95,3f3a79dc,bf2ed23f,3d148642,bd2ade64,1,38132073

11107,103,-58,147,-328,-15164,1072,-3563,4069,-1170,3f3a7980,bf2ed0b9,3d155b43,bd2c17dd,3f3a7980,bf2ed0b8,3d155b16,bd2c17ac,1,38140592

11108,288,117,438,280,-16275,913,-3527,4101,-1285,3f3a6e49,bf2edc08,3d13dd01,bd2e0692,3f3a6e4a,bf2edc09,3d13dcd5,bd2e0662,1,38149111

11109,292,18,304,-86,-16064,1129,-3543,4093,-1205,3f3a6394,bf2ee5ff,3d13a495,bd2fa91e,3f3a6394,bf2ee5ff,3d13a469,bd2fa8ee,1,38157629

11110,316,-56,308,-171,-16352,812,-3543,4093,-1205,3f3a540e,bf2ef49f,3d13bddb,bd3179a7,3f3a540f,bf2ef4a0,3d13bdb0,bd317978,1,38165647

11111,285,-49,288,-105,-16319,1020,-3541,4067,-1208,3f3a489e,bf2efee7,3d13da52,bd333d86,3f3a489e,bf2efee7,3d13da26,bd333d56,1,38174166

11112,257,-15,276,-111,-16533,960,-3543,4143,-1176,3f3a3d83,bf2f0906,3d13e35f,bd34e022,3f3a3d83,bf2f0906,3d13e333,bd34dff2,1,38182684

11113,214,48,107,-175,-16353,975,-3543,4143,-1176,3f3a3618,bf2f0fc8,3d14565b,bd3597b9,3f3a3618,bf2f0fc8,3d14562f,bd359789,1,38191203

11114,208,110,24,-73,-16229,1003,-3569,4135,-1238,3f3a31be,bf2f13f3,3d14b891,bd35bada,3f3a31be,bf2f13f3,3d14b865,bd35baaa,1,38199722

11115,216,119,-19,-51,-16351,940,-3545,4099,-1183,3f3a2ac3,bf2f1adc,3d154172,bd35c906,3f3a2ac2,bf2f1adb,3d154146,bd35c8d5,1,38208247

11116,215,144,-68,-5,-16397,906,-3545,4099,-1183,3f3a23c8,bf2f21fb,3d15d48d,bd35982c,3f3a23c9,bf2f21fc,3d15d462,bd3597fd,1,38216766

11117,172,142,-148,170,-16388,977,-3499,4111,-1239,3f3a21a9,bf2f2420,3d167e01,bd3529af,3f3a21a7,bf2f241f,3d167dd5,bd35297e,1,38225284

11118,138,92,-284,-30,-16314,997,-3547,4173,-1174,3f3a2095,bf2f24c4,3d18095c,bd345ac6,3f3a2094,bf2f24c3,3d180931,bd345a95,1,38233803

11119,120,38,-349,-134,-16299,1024,-3547,4173,-1174,3f3a20fa,bf2f2380,3d1a16a6,bd336e68,3f3a20fa,bf2f2380,3d1a167d,bd336e39,1,38242322

11120,145,38,-375,-287,-16201,1049,-3573,4127,-1230,3f3a223f,bf2f2172,3d1c51b9,bd3230b7,3f3a223f,bf2f2172,3d1c5190,bd323088,1,38250841

11121,184,54,-297,-368,-16288,995,-3613,4129,-1224,3f3a205a,bf2f22c5,3d1e4504,bd3122ae,3f3a2059,bf2f22c5,3d1e44db,bd31227e,1,38259359

11122,183,69,-191,-403,-16256,1059,-3597,4153,-1227,3f3a1f05,bf2f2387,3d1fcbc4,bd306a51,3f3a1f05,bf2f2388,3d1fcb9c,bd306a22,1,38267878

11123,197,91,-96,-346,-16354,1001,-3597,4153,-1227,3f3a1bd3,bf2f265c,3d20d4fd,bd30083d,3f3a1bd2,bf2f265c,3d20d4d4,bd30080d,1,38275896

11124,173,123,-31,-329,-16341,1001,-3605,4147,-1232,3f3a1a1a,bf2f27d5,3d217bca,bd2fcb1b,3f3a1a19,bf2f27d5,3d217ba2,bd2fcaec,1,38284415

11125,167,147,0,-242,-16246,1093,-3531,4159,-1109,3f3a15f7,bf2f2bb2,3d21f1f6,bd2fe5d4,3f3a15f7,bf2f2bb3,3d21f1cf,bd2fe5a6,1,38292933

11126,209,157,18,-200,-16197,1083,-3531,4159,-1109,3f3a0f56,bf2f3246,3d2247a2,bd300e39,3f3a0f55,bf2f3247,3d22477a,bd300e0a,1,38301452

11127,261,154,16,-216,-16235,1017,-3599,4109,-1212,3f3a082f,bf2f39a1,3d2296b2,bd2fffb6,3f3a082f,bf2f39a3,3d22968b,bd2fff88,1,38309971

11128,292,141,15,-151,-16160,1119,-3633,4133,-1203,3f3a0067,bf2f418b,3d22ea76,bd300cc6,3f3a0065,bf2f418b,3d22ea4d,bd300c96,1,38318489

11129,346,111,18,-183,-16324,981,-3633,4133,-1203,3f39f3ba,bf2f4e6f,3d235f91,bd302c1e,3f39f3ba,bf2f4e71,3d235f69,bd302bef,1,38327008

11130,362,92,7,-218,-16431,827,-3597,4147,-1154,3f39e33e,bf2f5f23,3d23feae,bd305f0d,3f39e33e,bf2f5f24,3d23fe86,bd305edd,1,38335526

11131,287,111,-39,-177,-16487,772,-3641,4137,-1153,3f39d6fc,bf2f6b84,3d24a996,bd305cb9,3f39d6fb,bf2f6b85,3d24a96d,bd305c88,1,38344045

11132,194,112,-102,-192,-16375,847,-3641,4137,-1153,3f39d12e,bf2f7111,3d258c12,bd301ffd,3f39d12c,bf2f7111,3d258be9,bd301fcb,1,38352564

11133,152,99,-152,-551,-16170,1005,-3613,4105,-1139,3f39cf8a,bf2f7210,3d26f732,bd2f86ba,3f39cf89,bf2f7211,3d26f70a,bd2f868b,1,38361082

11134,176,116,-48,-351,-16346,884,-3673,4123,-1231,3f39cd7a,bf2f73dc,3d27afff,bd2f3893,3f39cd7a,bf2f73dd,3d27afd7,bd2f3865,1,38369601

11135,166,145,49,-295,-16280,986,-3641,4139,-1210,3f39cc33,bf2f74eb,3d27ebe0,bd2f4903,3f39cc34,bf2f74ec,3d27ebb9,bd2f48d6,1,38378120

11136,155,141,68,-308,-16359,952,-3641,4139,-1210,3f39cb0d,bf2f75d3,3d281add,bd2f6da5,3f39cb0d,bf2f75d3,3d281ab6,bd2f6d77,1,38386137

11137,136,133,100,-294,-16364,898,-3587,4149,-1149,3f39c862,bf2f781c,3d2839a5,bd2fdb44,3f39c862,bf2f781c,3d28397f,bd2fdb16,1,38394656

11138,122,138,115,-188,-16289,1048,-3629,4155,-1234,3f39cadd,bf2f752f,3d281ec2,bd30408f,3f39cadc,bf2f752e,3d281e9b,bd304060,1,38403175

11139,130,142,96,-215,-16388,937,-3629,4155,-1234,3f39cb7f,bf2f7442,3d2816d3,bd3087be,3f39cb7f,bf2f7443,3d2816ad,bd308791,1,38411693

11140,116,138,58,-169,-16297,1004,-3607,4151,-1171,3f39cbdd,bf2f736a,3d283c86,bd30d6ff,3f39cbdd,bf2f736c,3d283c61,bd30d6d3,1,38420212

11141,109,158,9,-217,-16153,1144,-3629,4153,-1229,3f39d0cd,bf2f6e0f,3d287a35,bd30bf14,3f39d0cc,bf2f6e0f,3d287a0f,bd30bee7,1,38428730

11142,183,158,-20,-224,-16256,1054,-3629,4153,-1229,3f39d033,bf2f6e92,3d28d646,bd3084f3,3f39d032,bf2f6e93,3d28d621,bd3084c7,1,38437249

11143,233,138,-18,-274,-16302,993,-3635,4065,-1191,3f39cabe,bf2f73f7,3d295d85,bd3064f6,3f39cabf,bf2f73f9,3d295d61,bd3064cb,1,38445768

11144,225,135,-29,-255,-16255,997,-3613,4127,-1155,3f39c4bc,bf2f79d5,3d29f19c,bd3053c7,3f39c4bc,bf2f79d5,3d29f176,bd30539a,1,38454286

11145,234,118,-15,-334,-16285,985,-3613,4127,-1155,3f39be14,bf2f8041,3d2a98f9,bd305003,3f39be14,bf2f8041,3d2a98d3,bd304fd6,1,38462805

11146,235,114,41,-283,-16247,1013,-3649,4133,-1186,3f39b89a,bf2f8579,3d2affeb,bd308064,3f39b89c,bf2f857a,3d2affc6,bd308039,1,38471323

11147,246,96,74,-323,-16348,861,-3655,4185,-1135,3f39af53,bf2f8e78,3d2b66bc,bd30eda9,3f39af53,bf2f8e78,3d2b6696,bd30ed7c,1,38479842

11148,215,101,103,-324,-16353,925,-3647,4171,-1155,3f39a8f8,bf2f9471,3d2baa82,bd316c38,3f39a8f7,bf2f9470,3d2baa5a,bd316c0a,1,38487860

11149,171,116,129,-325,-16388,918,-3647,4171,-1155,3f39a514,bf2f97e4,3d2bc517,bd31f7e4,3f39a514,bf2f97e3,3d2bc4f0,bd31f7b6,1,38496379

11150,143,112,153,-237,-16285,1010,-3621,4169,-1125,3f39a2cd,bf2f9982,3d2bc237,bd32c10a,3f39a2cd,bf2f9981,3d2bc210,bd32c0dc,1,38504897

11151,148,104,172,-206,-16283,1028,-3649,4129,-1202,3f39a2cf,bf2f98dc,3d2ba0a7,bd338460,3f39a2cf,bf2f98db,3d2ba080,bd338432,1,38513416

11152,176,83,154,-230,-16153,1110,-3649,4129,-1202,3f39a26d,bf2f9873,3d2bae5b,bd344287,3f39a26e,bf2f9873,3d2bae35,bd34425a,1,38521935

11153,236,86,134,-220,-16349,952,-3633,4155,-1218,3f399ce5,bf2f9d94,3d2bc4a0,bd34df27,3f399ce6,bf2f9d94,3d2bc47a,bd34defa,1,38530453

11154,244,81,104,-195,-16301,933,-3603,4163,-1170,3f39954c,bf2fa4bc,3d2c0201,bd357e5b,3f39954d,bf2fa4bc,3d2c01da,bd357e2e,1,38538972

11155,222,106,47,-239,-16312,914,-3603,4163,-1170,3f398f2d,bf2faa89,3d2c6333,bd35c656,3f398f2e,bf2faa89,3d2c630c,bd35c629,1,38547490

11156,208,137,-14,-215,-16338,956,-3631,4177,-1240,3f398d01,bf2faca2,3d2cc75d,bd359960,3f398d00,bf2faca1,3d2cc735,bd359932,1,38556009

11157,197,152,-55,-261,-16390,904,-3629,4129,-1234,3f398ae1,bf2faec8,3d2d4d5a,bd353055,3f398ae1,bf2faec8,3d2d4d32,bd353028,1,38564528

11158,171,154,-72,-266,-16280,984,-3629,4129,-1234,3f398b76,bf2fae16,3d2de13a,bd34b66a,3f398b75,bf2fae16,3d2de111,bd34b63c,1,38573046

11159,159,136,-58,-313,-16203,1022,-3589,4155,-1171,3f398ae6,bf2fae42,3d2e9114,bd347567,3f398ae5,bf2fae42,3d2e90ea,bd347539,1,38581565

11160,188,127,-23,-408,-16359,906,-3611,4207,-1230,3f398904,bf2faff0,3d2f2bd8,bd342cb3,3f398905,bf2faff1,3d2f2baf,bd342c87,1,38589583

11161,168,125,38,-298,-16267,977,-3651,4143,-1253,3f398a00,bf2faea3,3d2f73d3,bd3429a1,3f3989ff,bf2faea2,3d2f73a8,bd342973,1,38598101

11162,148,127,63,-310,-16271,947,-3651,4143,-1253,3f398ba3,bf2faca7,3d2fa377,bd343bf9,3f398ba2,bf2faca6,3d2fa34c,bd343bcb,1,38606620

11163,147,130,85,-273,-16277,1014,-3619,4131,-1229,3f398d1b,bf2faac0,3d2fbb4b,bd34787b,3f398d1c,bf2faac1,3d2fbb21,bd34784e,1,38615139

11164,166,118,98,-277,-16354,934,-3641,4103,-1154,3f398a14,bf2fad4d,3d2fe7cd,bd34ee75,3f398a14,bf2fad4d,3d2fe7a2,bd34ee46,1,38623657

11165,153,114,92,-252,-16260,1050,-3641,4103,-1154,3f39893e,bf2fad7d,3d301afc,bd3569dd,3f39893e,bf2fad7e,3d301ad1,bd3569ae,1,38632176

11166,169,119,88,-287,-16310,1002,-3585,4173,-1110,3f39857a,bf2fb0b6,3d30573d,bd35e84a,3f39857a,bf2fb0b7,3d305712,bd35e81b,1,38640694

11167,188,106,92,-322,-16216,1023,-3625,4143,-1154,3f398259,bf2fb347,3d30a0df,bd3658c5,3f398258,bf2fb348,3d30a0b3,bd365896,1,38649213

11168,205,139,105,-275,-16310,987,-3625,4143,-1154,3f397dd3,bf2fb790,3d30b401,bd36bf32,3f397dd3,bf2fb791,3d30b3d6,bd36bf03,1,38657732

11169,210,134,112,-267,-16318,976,-3639,4095,-1227,3f397b57,bf2fb9e1,3d30b34c,bd370bb3,3f397b56,bf2fb9e2,3d30b320,bd370b83,1,38666250

11170,199,153,92,-205,-16241,1022,-3543,4117,-1198,3f3978c2,bf2fbc55,3d30aba5,bd3755a8,3f3978c1,bf2fbc56,3d30ab79,bd375578,1,38674769

11171,224,140,71,-324,-16369,887,-3543,4117,-1198,3f39733d,bf2fc1cf,3d30dbf5,bd377bc0,3f39733e,bf2fc1d1,3d30dbcb,bd377b91,1,38682787

11172,203,143,85,-288,-16286,975,-3595,4141,-1213,3f3970b7,bf2fc432,3d30f24e,bd37aacc,3f3970b7,bf2fc432,3d30f223,bd37aa9c,1,38691305

11173,193,132,111,-286,-16251,972,-3591,4105,-1159,3f396ced,bf2fc7a7,3d3108d9,bd38193d,3f396cee,bf2fc7a8,3d3108ae,bd38190d,1,38699824

11174,198,121,138,-248,-16333,909,-3647,4103,-1224,3f396a3e,bf2fca12,3d30f820,bd388e02,3f396a3d,bf2fca12,3d30f7f3,bd388dd1,1,38708342

11175,176,125,140,-194,-16290,1019,-3647,4103,-1224,3f396a56,bf2fc994,3d30d5f9,bd390e5f,3f396a55,bf2fc994,3d30d5cc,bd390e2e,1,38716861

11176,168,118,118,-189,-16271,1060,-3587,4125,-1166,3f396925,bf2fca33,3d30dde0,bd39a1fe,3f396924,bf2fca33,3d30ddb3,bd39a1cd,1,38725380

11177,198,117,90,-234,-16307,987,-3631,4071,-1183,3f396644,bf2fccaa,3d310a39,bd3a0398,3f396643,bf2fccaa,3d310a0c,bd3a0367,1,38733898

11178,211,130,70,-255,-16280,959,-3631,4071,-1183,3f39627d,bf2fd02e,3d31418d,bd3a3f71,3f39627c,bf2fd02e,3d314161,bd3a3f41,1,38742417

11179,200,130,69,-274,-16278,994,-3605,4089,-1202,3f39605b,bf2fd204,3d3177ab,bd3a6e9e,3f39605a,bf2fd204,3d31777f,bd3a6e6e,1,38750935

11180,212,130,78,-266,-16210,1045,-3641,4067,-1171,3f395d65,bf2fd49f,3d31affa,bd3ab65a,3f395d64,bf2fd49f,3d31afcf,bd3ab62b,1,38759454

11181,251,116,91,-289,-16304,977,-3641,4067,-1171,3f395731,bf2fda88,3d31ef41,bd3b0f44,3f395730,bf2fda89,3d31ef17,bd3b0f16,1,38767973

11182,253,110,120,-272,-16361,885,-3621,4119,-1202,3f395087,bf2fe100,3d3208fe,bd3b7d19,3f395085,bf2fe101,3d3208d3,bd3b7cea,1,38776491

11183,212,108,132,-252,-16341,921,-3605,4103,-1259,3f394e9e,bf2fe29d,3d320362,bd3be149,3f394e9c,bf2fe29f,3d320337,bd3be11b,1,38785010

11184,189,117,123,-153,-16315,986,-3605,4103,-1259,3f394efd,bf2fe1e7,3d31e5a2,bd3c4b65,3f394efb,bf2fe1e9,3d31e578,bd3c4b37,1,38793028

11185,201,117,85,-230,-16314,943,-3603,4103,-1261,3f394e55,bf2fe24a,3d31fdaa,bd3c7c9c,3f394e53,bf2fe24c,3d31fd7f,bd3c7c6d,1,38801547

11186,197,129,67,-273,-16283,952,-3573,4151,-1191,3f394b90,bf2fe4c6,3d32364a,bd3caf01,3f394b8f,bf2fe4c8,3d323620,bd3caed2,1,38810065

11187,192,142,74,-260,-16279,1002,-3625,4079,-1144,3f394883,bf2fe77c,3d3269af,bd3cf524,3f394882,bf2fe77e,3d326985,bd3cf4f5,1,38818584

11188,204,142,89,-248,-16217,1020,-3625,4079,-1144,3f394503,bf2feaa9,3d328e19,bd3d4ba5,3f394502,bf2feaab,3d328def,bd3d4b76,1,38827103

11189,233,118,115,-231,-16303,930,-3561,4103,-1170,3f393f0d,bf2ff055,3d32a481,bd3dc74d,3f393f0c,bf2ff057,3d32a457,bd3dc71e,1,38835621

11190,228,110,123,-215,-16244,955,-3575,4103,-1200,3f393ac3,bf2ff445,3d32b151,bd3e4581,3f393ac2,bf2ff447,3d32b127,bd3e4552,1,38844140

11191,227,120,121,-243,-16319,931,-3575,4103,-1200,3f39364d,bf2ff878,3d32bc09,bd3eb1bb,3f39364b,bf2ff879,3d32bbdf,bd3eb18b,1,38852659

11192,221,131,119,-229,-16292,975,-3631,4121,-1221,3f3933e2,bf2ffaad,3d32b5a7,bd3f0604,3f3933e1,bf2ffaaf,3d32b57e,bd3f05d5,1,38861177

11193,222,125,117,-198,-16368,937,-3603,4165,-1183,3f392f63,bf2ffeea,3d32b864,bd3f78b2,3f392f61,bf2ffeeb,3d32b83a,bd3f7881,1,38869696

11194,206,126,111,-209,-16280,987,-3603,4165,-1183,3f392c95,bf30015e,3d32c29e,bd3fe31b,3f392c93,bf30015f,3d32c275,bd3fe2ea,1,38878214

11195,207,122,95,-213,-16269,965,-3611,4149,-1192,3f3929e6,bf3003b5,3d32dee6,bd403ae0,3f3929e4,bf3003b6,3d32debd,bd403aaf,1,38886733

11196,215,107,96,-242,-16329,931,-3591,4157,-1186,3f3925fd,bf300734,3d330fe5,bd409e54,3f3925fc,bf300736,3d330fbd,bd409e24,1,38895252

11197,210,119,104,-211,-16305,999,-3591,4157,-1186,3f392344,bf300987,3d332833,bd41058a,3f392341,bf300988,3d33280a,bd410558,1,38903270

11198,217,123,101,-247,-16293,966,-3615,4123,-1180,3f391fc7,bf300cac,3d334ac7,bd415eb5,3f391fc6,bf300caf,3d334aa0,bd415e85,1,38911788

11199,216,126,103,-181,-16343,900,-3561,4105,-1220,3f391c90,bf300fae,3d334e13,bd41b2e4,3f391c8f,bf300fb0,3d334deb,bd41b2b4,1,38920307

11200,194,132,87,-191,-16285,942,-3613,4103,-1133,3f3918bf,bf301318,3d33739f,bd42196f,3f3918be,bf30131a,3d337377,bd42193f,1,38928825

11201,185,132,63,-229,-16360,902,-3613,4103,-1133,3f391521,bf301654,3d33b5ca,bd426028,3f391520,bf301656,3d33b5a2,bd425ff8,1,38937344

11202,181,137,53,-198,-16292,990,-3571,4123,-1132,3f3912a3,bf30186a,3d33f595,bd42a298,3f3912a2,bf30186c,3d33f56d,bd42a268,1,38945863

11203,178,148,34,-247,-16281,963,-3587,4141,-1098,3f390f4d,bf301b64,3d344c04,bd42cca7,3f390f4b,bf301b65,3d344bda,bd42cc76,1,38954381

11204,179,137,44,-238,-16289,970,-3587,4141,-1098,3f390bed,bf301e50,3d34a203,bd430c77,3f390bec,bf301e52,3d34a1d9,bd430c47,1,38962900

11205,196,134,65,-236,-16302,920,-3611,4115,-1174,3f39095b,bf302098,3d34d826,bd433c44,3f39095a,bf30209a,3d34d7fd,bd433c13,1,38971419

11206,190,140,71,-235,-16334,909,-3631,4129,-1090,3f39049d,bf3024f4,3d351480,bd4393f6,3f39049b,bf3024f5,3d351456,bd4393c4,1,38979937

11207,160,151,71,-198,-16258,1014,-3631,4129,-1090,3f3902df,bf302638,3d353fb0,bd43ed28,3f3902dd,bf302639,3d353f85,bd43ecf5,1,38988455

11208,182,149,68,-207,-16311,946,-3599,4131,-1207,3f3902a0,bf302648,3d3553fe,bd440820,3f39029f,bf30264a,3d3553d4,bd4407ed,1,38996974

11209,192,144,72,-198,-16336,924,-3649,4139,-1130,3f38ff37,bf302963,3d357bf6,bd444fea,3f38ff36,bf302965,3d357bcc,bd444fb7,1,39004992

11210,175,153,67,-188,-16246,1001,-3649,4139,-1130,3f38fddf,bf302a63,3d359e9b,bd448ef6,3f38fdde,bf302a65,3d359e71,bd448ec3,1,39013510

11211,191,139,63,-220,-16324,893,-3607,4117,-1111,3f38f988,bf302e61,3d35dbcb,bd44d87a,3f38f986,bf302e62,3d35dba0,bd44d847,1,39022029

11212,171,134,65,-230,-16337,970,-3603,4111,-1164,3f38f8e1,bf302e9a,3d36127c,bd450f49,3f38f8e0,bf302e9c,3d361251,bd450f17,1,39030548

11213,155,148,64,-213,-16229,1036,-3603,4111,-1164,3f38fa27,bf302ce8,3d363964,bd453d91,3f38fa25,bf302ce9,3d363937,bd453d5d,1,39039066

11214,179,131,81,-218,-16235,1006,-3619,4117,-1127,3f38f85b,bf302e2d,3d366c59,bd459ad8,3f38f859,bf302e2f,3d366c2c,bd459aa5,1,39047585

11215,205,134,96,-279,-16290,974,-3631,4165,-1144,3f38f53f,bf3030eb,3d36967b,bd45eaae,3f38f53d,bf3030ed,3d36964e,bd45ea7b,1,39056103

11216,212,133,124,-224,-16258,972,-3607,4151,-1157,3f38f1e8,bf3033eb,3d36995e,bd465c55,3f38f1e6,bf3033ed,3d369931,bd465c22,1,39064622

11217,207,127,140,-166,-16256,976,-3607,4151,-1157,3f38eecf,bf303699,3d3686c3,bd46eee0,3f38eecd,bf30369b,3d368696,bd46eead,1,39073141

11218,233,118,131,-172,-16328,947,-3583,4143,-1166,3f38ea04,bf303b05,3d3685e4,bd4779b4,3f38ea02,bf303b07,3d3685b7,bd477981,1,39081659

11219,235,116,107,-206,-16291,926,-3607,4117,-1200,3f38e65c,bf303e5c,3d369d51,bd47d3c5,3f38e65a,bf303e5d,3d369d23,bd47d391,1,39090178

11220,226,121,104,-233,-16246,978,-3607,4117,-1200,3f38e415,bf30404b,3d36b983,bd4820a3,3f38e414,bf30404d,3d36b956,bd482070,1,39098196

11221,235,135,114,-268,-16346,879,-3625,4141,-1197,3f38dfee,bf30444f,3d36c559,bd4861d4,3f38dfed,bf304451,3d36c52c,bd4861a1,1,39107215

11222,214,133,135,-222,-16325,879,-3623,4181,-1147,3f38db4c,bf3048a5,3d36bf33,bd48dc71,3f38db4b,bf3048a7,3d36bf06,bd48dc3e,1,39115233

11223,173,142,165,-149,-16324,940,-3623,4181,-1147,3f38d9ab,bf3049e2,3d3683fb,bd497d76,3f38d9a9,bf3049e3,3d3683ce,bd497d42,1,39123751

11224,158,149,151,-99,-16254,1028,-3609,4151,-1207,3f38dc3c,bf3046f4,3d363502,bd49f9ee,3f38dc39,bf3046f5,3d3634d4,bd49f9b9,1,39132270

11225,179,130,102,-167,-16330,914,-3603,4153,-1153,3f38da43,bf304881,3d3644d1,bd4a60e7,3f38da41,bf304882,3d3644a4,bd4a60b3,1,39140788

11226,179,141,71,-166,-16300,950,-3603,4153,-1153,3f38d8f0,bf304977,3d36677b,bd4a9fde,3f38d8ee,bf304978,3d36674e,bd4a9faa,1,39149307

11227,178,144,59,-178,-16306,933,-3597,4149,-1164,3f38d7e1,bf304a37,3d3691f6,bd4ac869,3f38d7e0,bf304a3a,3d3691cb,bd4ac837,1,39157826

11228,170,142,55,-175,-16270,1027,-3589,4127,-1099,3f38d65c,bf304b37,3d36d2bb,bd4b127c,3f38d65a,bf304b39,3d36d28f,bd4b124a,1,39166344

11229,186,139,61,-200,-16267,964,-3593,4129,-1188,3f38d61f,bf304b25,3d37009e,bd4b30a0,3f38d61d,bf304b27,3d370072,bd4b306e,1,39174863

11230,191,130,66,-179,-16277,972,-3593,4129,-1188,3f38d5a0,bf304b44,3d372e27,bd4b6055,3f38d59e,bf304b46,3d372dfc,bd4b6023,1,39183381

11231,192,139,54,-195,-16375,902,-3627,4107,-1216,3f38d566,bf304b4d,3d3758ed,bd4b662e,3f38d565,bf304b50,3d3758c3,bd4b65fd,1,39191900

11232,178,150,40,-176,-16296,966,-3601,4137,-1134,3f38d3f8,bf304c67,3d3796b2,bd4b8620,3f38d3f6,bf304c69,3d379687,bd4b85ee,1,39200418

11233,172,155,34,-184,-16215,988,-3601,4137,-1134,3f38d34b,bf304cc3,3d37d70b,bd4b9ab7,3f38d349,bf304cc5,3d37d6e0,bd4b9a85,1,39208436

11234,201,143,34,-196,-16239,992,-3561,4119,-1208,3f38d352,bf304c84,3d381428,bd4b9302,3f38d350,bf304c86,3d3813fd,bd4b92d0,1,39216955

11235,231,125,45,-193,-16273,984,-3573,4139,-1207,3f38d15f,bf304e32,3d385907,bd4ba59a,3f38d15c,bf304e34,3d3858dc,bd4ba568,1,39225474

11236,240,105,61,-213,-16379,901,-3573,4139,-1207,3f38cd9b,bf30519d,3d38a5ad,bd4bd50c,3f38cd99,bf3051a0,3d38a582,bd4bd4db,1,39233992

11237,223,112,71,-204,-16382,851,-3625,4175,-1101,3f38c738,bf305786,3d38f637,bd4c3936,3f38c735,bf305788,3d38f60c,bd4c3904,1,39242511

11238,166,130,67,-213,-16359,900,-3599,4129,-1146,3f38c60d,bf305838,3d392ff8,bd4c7803,3f38c60b,bf30583c,3d392fcf,bd4c77d2,1,39251029

11239,131,143,68,-193,-16371,898,-3599,4129,-1146,3f38c6ee,bf3056e4,3d395570,bd4cb1c8,3f38c6ea,bf3056e6,3d395546,bd4cb196,1,39259548

11240,104,158,54,-163,-16230,1021,-3589,4127,-1161,3f38cb8f,bf3051c8,3d396fc4,bd4cd324,3f38cb8b,bf3051ca,3d396f9a,bd4cd2f3,1,39268067

11241,126,163,35,-164,-16253,1005,-3569,4129,-1143,3f38cdfb,bf304ef9,3d399c40,bd4ce5d3,3f38cdf8,bf304efc,3d399c17,bd4ce5a3,1,39276585

11242,149,161,35,-149,-16240,1013,-3563,4163,-1249,3f38d301,bf3049cb,3d39a9e8,bd4cc6d4,3f38d2fe,bf3049cd,3d39a9bf,bd4cc6a3,1,39285104

11243,185,143,40,-188,-16277,1002,-3563,4163,-1249,3f38d59d,bf3046fe,3d39cfc6,bd4cb2e0,3f38d59b,bf304701,3d39cf9e,bd4cb2af,1,39293622

11244,209,123,50,-207,-16301,948,-3577,4131,-1190,3f38d3d4,bf30486d,3d3a169b,bd4cd2f7,3f38d3d1,bf30486f,3d3a1673,bd4cd2c5,1,39302141

11245,212,124,64,-206,-16338,902,-3535,4111,-1224,3f38d235,bf3049cd,3d3a4565,bd4cf0d6,3f38d232,bf3049cf,3d3a453e,bd4cf0a5,1,39310660

11246,189,133,70,-200,-16300,945,-3535,4111,-1224,3f38d28d,bf30492d,3d3a637c,bd4d0efd,3f38d28a,bf30492f,3d3a6355,bd4d0ecc,1,39318678

11247,180,129,65,-190,-16270,964,-3559,4169,-1239,3f38d454,bf304715,3d3a81da,bd4d260f,3f38d452,bf304718,3d3a81b4,bd4d25df,1,39327196

11248,184,136,63,-194,-16281,969,-3627,4123,-1198,3f38d4ea,bf30462c,3d3aa994,bd4d4342,3f38d4e8,bf30462f,3d3aa96d,bd4d4312,1,39335715

11249,188,149,58,-168,-16293,993,-3627,4123,-1198,3f38d5a4,bf304538,3d3ac3a9,bd4d557a,3f38d5a2,bf30453a,3d3ac381,bd4d5549,1,39344234

11250,190,149,51,-189,-16328,954,-3623,4123,-1137,3f38d396,bf3046fc,3d3af914,bd4d7ba6,3f38d394,bf3046fe,3d3af8ec,bd4d7b75,1,39352752

11251,195,139,38,-176,-16253,985,-3579,4151,-1118,3f38d0d9,bf304951,3d3b445a,bd4dac46,3f38d0d7,bf304953,3d3b4433,bd4dac16,1,39361271

11252,211,145,38,-201,-16288,944,-3579,4151,-1118,3f38ccc3,bf304d1e,3d3b8ef0,bd4dd04f,3f38ccc2,bf304d21,3d3b8eca,bd4dd020,1,39369789

11253,221,140,35,-170,-16289,980,-3575,4189,-1209,3f38cb91,bf304e28,3d3bc3e3,bd4dd042,3f38cb8f,bf304e2a,3d3bc3bc,bd4dd013,1,39378308

11254,228,145,36,-238,-16363,894,-3607,4135,-1152,3f38c72d,bf305268,3d3c1155,bd4dd74e,3f38c72b,bf30526a,3d3c112e,bd4dd71f,1,39386827

11255,193,147,48,-228,-16320,919,-3619,4155,-1214,3f38c758,bf30521a,3d3c3c82,bd4dcbe0,3f38c755,bf30521c,3d3c3c5b,bd4dcbb0,1,39395345

11256,163,156,64,-202,-16291,970,-3619,4155,-1214,3f38c9ef,bf304f51,3d3c488d,bd4dcfb3,3f38c9ed,bf304f54,3d3c4867,bd4dcf83,1,39403864

11257,161,152,76,-188,-16296,965,-3641,4141,-1238,3f38cd91,bf304b82,3d3c4221,bd4dd6fc,3f38cd8f,bf304b84,3d3c41fa,bd4dd6cb,1,39412382

11258,168,143,89,-192,-16266,961,-3543,4155,-1129,3f38cc26,bf304c81,3d3c5644,bd4e304d,3f38cc23,bf304c82,3d3c561d,bd4e301b,1,39420400

11259,184,131,101,-217,-16276,977,-3543,4155,-1129,3f38c9ec,bf304e3a,3d3c71bb,bd4e9a4c,3f38c9ea,bf304e3d,3d3c7196,bd4e9a1c,1,39428919

11260,192,130,112,-202,-16352,904,-3597,4165,-1259,3f38cb16,bf304cdf,3d3c5e4d,bd4ecc4b,3f38cb12,bf304ce1,3d3c5e27,bd4ecc1a,1,39437438

11261,171,131,118,-149,-16258,977,-3683,4145,-1227,3f38cde6,bf3049af,3d3c40b6,bd4f1965,3f38cde3,bf3049b2,3d3c4091,bd4f1935,1,39445956

11262,180,129,96,-176,-16333,962,-3683,4145,-1227,3f38cff8,bf304749,3d3c40fb,bd4f4bb7,3f38cff5,bf30474c,3d3c40d5,bd4f4b87,1,39454475

11263,179,124,78,-171,-16307,955,-3613,4105,-1233,3f38d1e4,bf304500,3d3c5550,bd4f7403,3f38d1e0,bf304502,3d3c5529,bd4f73d2,1,39462994

11264,183,115,70,-170,-16251,953,-3581,4185,-1222,3f38d2ca,bf3043a9,3d3c7c7d,bd4fa6d6,3f38d2c6,bf3043ac,3d3c7c56,bd4fa6a6,1,39471512

11265,194,110,69,-178,-16268,987,-3581,4185,-1222,3f38d380,bf30427a,3d3cac46,bd4fdb1a,3f38d37c,bf30427d,3d3cac1f,bd4fdaea,1,39480031

11266,214,105,66,-199,-16297,902,-3609,4137,-1216,3f38d1e2,bf3043b1,3d3ceb79,bd500ac0,3f38d1de,bf3043b5,3d3ceb53,bd500a91,1,39488549

11267,192,101,78,-178,-16286,985,-3687,4157,-1158,3f38d100,bf3043e5,3d3d2e9f,bd50694f,3f38d0fb,bf3043e9,3d3d2e78,bd50691e,1,39497068

11268,188,96,90,-184,-16332,964,-3597,4137,-1198,3f38d0de,bf304363,3d3d60dc,bd50c80b,3f38d0da,bf304366,3d3d60b5,bd50c7db,1,39505587

11269,183,98,80,-190,-16319,903,-3597,4137,-1198,3f38d048,bf304361,3d3d9ac7,bd511945,3f38d045,bf304365,3d3d9aa1,bd511916,1,39513605

11270,159,117,72,-168,-16300,954,-3579,4161,-1187,3f38d15a,bf3041c1,3d3dc612,bd515e97,3f38d156,bf3041c4,3d3dc5ec,bd515e68,1,39522624

11271,140,119,74,-174,-16313,977,-3603,4149,-1170,3f38d35f,bf303f17,3d3df305,bd51ab0e,3f38d35c,bf303f1b,3d3df2e0,bd51aae0,1,39530642

11272,149,120,65,-177,-16294,943,-3603,4149,-1170,3f38d479,bf303d69,3d3e283d,bd51ebf7,3f38d476,bf303d6d,3d3e2818,bd51ebc9,1,39539160

11273,144,131,63,-182,-16274,986,-3577,4129,-1149,3f38d59f,bf303bb0,3d3e5bcd,bd522ceb,3f38d59c,bf303bb4,3d3e5ba8,bd522cbd,1,39547679

11274,150,136,66,-175,-16257,991,-3549,4139,-1231,3f38d94a,bf3037a5,3d3e6fcb,bd52452a,3f38d945,bf3037a8,3d3e6fa5,bd5244f9,1,39556198

11275,171,120,77,-192,-16297,946,-3549,4139,-1231,3f38daed,bf303597,3d3e8e01,bd5271d6,3f38dae9,bf30359a,3d3e8ddb,bd5271a6,1,39564716

11276,169,113,96,-196,-16292,946,-3557,4135,-1165,3f38da44,bf3035a7,3d3eb3fa,bd52d792,3f38da3f,bf3035a9,3d3eb3d4,bd52d761,1,39573235

11277,162,108,100,-209,-16316,958,-3605,4105,-1173,3f38dab6,bf303489,3d3edda3,bd533bf5,3f38dab2,bf30348d,3d3edd7f,bd533bc6,1,39581753

11278,142,118,96,-179,-16299,972,-3605,4105,-1173,3f38dc8a,bf30320d,3d3ef9a0,bd539abd,3f38dc85,bf303210,3d3ef97b,bd539a8e,1,39590272

11279,142,130,80,-140,-16293,1009,-3603,4131,-1224,3f38e0d4,bf302d4b,3d3f0036,bd53ccc1,3f38e0d0,bf302d4f,3d3f0012,bd53cc93,1,39598791

11280,151,138,60,-168,-16292,984,-3575,4185,-1210,3f38e380,bf302a3e,3d3f1c21,bd53e73c,3f38e37c,bf302a41,3d3f1bfd,bd53e70d,1,39607309

11281,151,143,49,-176,-16292,961,-3571,4147,-1143,3f38e3a4,bf3029ad,3d3f50e9,bd5411c0,3f38e39f,bf3029af,3d3f50c4,bd541191,1,39615828

11282,167,144,48,-147,-16208,1060,-3571,4147,-1143,3f38e423,bf3028b9,3d3f8243,bd544178,3f38e41f,bf3028bc,3d3f8220,bd54414a,1,39623846

11283,207,136,40,-186,-16267,996,-3617,4163,-1132,3f38e168,bf302b14,3d3fcfa5,bd546735,3f38e164,bf302b17,3d3fcf82,bd546707,1,39632364

11284,225,132,44,-181,-16268,998,-3613,4133,-1188,3f38df99,bf302ca0,3d400fa0,bd54785d,3f38df95,bf302ca3,3d400f7d,bd54782f,1,39640883

11285,233,130,50,-219,-16320,947,-3613,4133,-1188,3f38dc9d,bf302f63,3d4053ec,bd54880a,3f38dc9b,bf302f66,3d4053cb,bd5487dd,1,39649402

11286,218,141,54,-191,-16306,972,-3593,4121,-1146,3f38d952,bf303269,3d408ddc,bd54afc8,3f38d94f,bf30326a,3d408db9,bd54af9a,1,39657920

11287,200,138,60,-212,-16374,930,-3569,4163,-1181,3f38d786,bf3033f6,3d40bcb0,bd54cc35,3f38d783,bf3033f7,3d40bc8d,bd54cc07,1,39666439

11288,178,144,74,-190,-16311,931,-3569,4163,-1181,3f38d706,bf303430,3d40d28a,bd54f671,3f38d704,bf303432,3d40d268,bd54f644,1,39674957

11289,157,158,74,-178,-16239,985,-3649,4171,-1169,3f38d89f,bf303252,3d40db4f,bd551884,3f38d89d,bf303254,3d40db2e,bd551857,1,39683476

11290,165,159,83,-146,-16237,986,-3543,4183,-1154,3f38d884,bf303227,3d40d67e,bd55566b,3f38d882,bf303229,3d40d65d,bd55563e,1,39691994

11291,189,141,72,-157,-16330,969,-3543,4183,-1154,3f38d6bf,bf303399,3d40f121,bd5595f0,3f38d6bd,bf30339b,3d40f100,bd5595c3,1,39700513

11292,195,145,57,-184,-16310,999,-3581,4159,-1214,3f38d789,bf30329c,3d410e29,bd559d01,3f38d787,bf30329e,3d410e08,bd559cd4,1,39709032

11293,196,146,52,-171,-16266,954,-3575,4185,-1189,3f38d6b6,bf30333d,3d4131be,bd55adfe,3f38d6b4,bf30333f,3d41319d,bd55add1,1,39717550

11294,190,155,52,-153,-16235,1024,-3577,4145,-1179,3f38d6ee,bf3032cf,3d414cc6,bd55c0b1,3f38d6ec,bf3032d1,3d414ca5,bd55c084,1,39726069

11295,210,144,56,-177,-16272,1013,-3577,4145,-1179,3f38d5c5,bf3033ba,3d417547,bd55dadc,3f38d5c3,bf3033bc,3d417527,bd55daaf,1,39734087

11296,229,135,64,-212,-16358,909,-3531,4143,-1065,3f38ce75,bf303aac,3d41bc25,bd563321,3f38ce73,bf303aad,3d41bc04,bd5632f3,1,39742605

11297,210,145,79,-206,-16340,925,-3599,4173,-1132,3f38caba,bf303e28,3d41dd7e,bd56704d,3f38cab9,bf303e2a,3d41dd5e,bd567020,1,39751124

11298,174,147,91,-232,-16339,897,-3599,4173,-1132,3f38c8c6,bf303fc7,3d41f42b,bd56b381,3f38c8c4,bf303fc8,3d41f40a,bd56b353,1,39759642

11299,156,155,115,-191,-16322,948,-3535,4175,-1132,3f38c80a,bf30402b,3d41e288,bd571410,3f38c808,bf30402c,3d41e268,bd5713e2,1,39768161

11300,141,158,137,-115,-16292,1000,-3551,4149,-1161,3f38c9ba,bf303e1b,3d41a473,bd5789e1,3f38c9b8,bf303e1c,3d41a453,bd5789b3,1,39776680

11301,148,156,124,-98,-16259,980,-3551,4149,-1161,3f38cacb,bf303caf,3d4171d5,bd57f6ca,3f38caca,bf303cb1,3d4171b5,bd57f69d,1,39785198

11302,165,138,99,-125,-16196,1086,-3577,4099,-1234,3f38cfa3,bf303770,3d415b9c,bd582d72,3f38cfa2,bf303772,3d415b7c,bd582d45,1,39793717

11303,199,135,74,-161,-16258,1022,-3551,4113,-1154,3f38ce36,bf303873,3d4181dd,bd5870a1,3f38ce34,bf303874,3d4181bc,bd587073,1,39802236

11304,246,130,62,-169,-16313,964,-3551,4113,-1154,3f38c959,bf303d09,3d41bc16,bd58a6d2,3f38c958,bf303d0b,3d41bbf6,bd58a6a5,1,39810754

11305,242,131,60,-149,-16249,991,-3593,4139,-1190,3f38c6b3,bf303f74,3d41e8c7,bd58c95c,3f38c6b2,bf303f76,3d41e8a7,bd58c92f,1,39819273

11306,237,130,65,-184,-16377,909,-3587,4157,-1143,3f38c193,bf30444f,3d4222e1,bd590155,3f38c192,bf304450,3d4222c1,bd590127,1,39827792

11307,220,126,71,-201,-16384,865,-3635,4135,-1195,3f38beec,bf3046bb,3d4250d1,bd5921c4,3f38beec,bf3046bd,3d4250b2,bd592197,1,39835810

11308,170,140,69,-165,-16282,967,-3635,4135,-1195,3f38c0b8,bf30449c,3d4268b8,bd593ecf,3f38c0b7,bf30449d,3d426899,bd593ea1,1,39844328

11309,151,144,65,-186,-16269,972,-3593,4141,-1171,3f38c290,bf30425e,3d428a88,bd5960f9,3f38c28e,bf30425f,3d428a68,bd5960cb,1,39852847

11310,175,141,60,-158,-16294,1009,-3569,4157,-1106,3f38c11a,bf304355,3d42be44,bd59a767,3f38c119,bf304356,3d42be25,bd59a73a,1,39861365

11311,191,145,48,-148,-16303,978,-3569,4157,-1106,3f38be6e,bf30459e,3d42f7ad,bd59de71,3f38be6e,bf3045a0,3d42f78f,bd59de46,1,39869884

11312,188,154,40,-162,-16300,948,-3605,4147,-1216,3f38bfad,bf304449,3d431675,bd59c8d6,3f38bfac,bf30444b,3d431656,bd59c8aa,1,39878403

11313,184,158,39,-166,-16329,926,-3593,4135,-1115,3f38bd54,bf304663,3d434d39,bd59e1dc,3f38bd53,bf304666,3d434d1b,bd59e1b1,1,39886921

11314,169,158,31,-179,-16353,936,-3593,4135,-1115,3f38bc07,bf304766,3d438cf8,bd59f1b0,3f38bc04,bf304768,3d438cd9,bd59f184,1,39895440

11315,150,161,25,-134,-16283,1011,-3611,4129,-1146,3f38bdf5,bf304526,3d43be6f,bd59f4ec,3f38bdf2,bf304528,3d43be50,bd59f4c0,1,39903958

11316,158,151,28,-186,-16297,952,-3611,4157,-1185,3f38bff2,bf3042e6,3d43f664,bd59e3c4,3f38bff1,bf3042e9,3d43f646,bd59e399,1,39912477

11317,167,153,30,-168,-16268,1005,-3611,4157,-1185,3f38c222,bf304076,3d442779,bd59d70b,3f38c221,bf304077,3d44275b,bd59d6e0,1,39920996

11318,175,150,44,-189,-16264,997,-3615,4141,-1192,3f38c3fb,bf303e5d,3d4451f4,bd59d197,3f38c3f9,bf303e5d,3d4451d5,bd59d16b,1,39929514

11319,178,140,43,-200,-16316,940,-3623,4147,-1154,3f38c37a,bf303e84,3d4492b7,bd59e4de,3f38c37a,bf303e85,3d449298,bd59e4b3,1,39938033

11320,171,147,52,-174,-16288,1005,-3637,4191,-1213,3f38c671,bf303b4f,3d44acbd,bd59e1e0,3f38c670,bf303b4f,3d44ac9d,bd59e1b4,1,39946051

11321,168,152,57,-183,-16291,996,-3637,4191,-1213,3f38c969,bf303824,3d44befa,bd59dd84,3f38c969,bf303824,3d44bedb,bd59dd59,1,39954569

11322,190,143,58,-154,-16273,985,-3605,4159,-1192,3f38c9e5,bf303765,3d44dad8,bd59f4c8,3f38c9e5,bf303765,3d44dab9,bd59f49d,1,39963088

11323,196,140,61,-157,-16306,969,-3615,4139,-1162,3f38c8c7,bf303833,3d4500a9,bd5a1f22,3f38c8c7,bf303833,3d45008a,bd5a1ef7,1,39971607

11324,201,133,59,-144,-16355,947,-3615,4139,-1162,3f38c707,bf30399b,3d452c1c,bd5a5002,3f38c707,bf30399b,3d452bfc,bd5a4fd6,1,39980125

11325,180,124,39,-143,-16238,1011,-3579,4119,-1232,3f38ca02,bf30363d,3d455d30,bd5a5589,3f38ca02,bf30363d,3d455d10,bd5a555d,1,39988644

11326,201,127,20,-155,-16316,974,-3603,4127,-1206,3f38ca58,bf303598,3d45a8a6,bd5a4e24,3f38ca58,bf303598,3d45a886,bd5a4df8,1,39997163

11327,203,135,3,-177,-16330,950,-3603,4127,-1206,3f38ca57,bf303562,3d460096,bd5a2a04,3f38ca56,bf303562,3d460075,bd5a29d7,1,40005681

11328,172,150,-13,-204,-16357,894,-3609,4165,-1174,3f38ca62,bf30352a,3d466318,bd59f53d,3f38ca61,bf30352a,3d4662f7,bd59f510,1,40014200

11329,141,164,-10,-189,-16239,1041,-3565,4133,-1204,3f38cf2f,bf303026,3d46a99b,bd59b151,3f38cf2d,bf303026,3d46a979,bd59b123,1,40022719

11330,149,169,0,-254,-16332,946,-3565,4133,-1204,3f38d213,bf302d2c,3d46ef2d,bd596445,3f38d213,bf302d2e,3d46ef0c,bd596418,1,40031237

11331,148,171,25,-250,-16289,973,-3603,4129,-1145,3f38d371,bf302b9b,3d472a79,bd594b49,3f38d370,bf302b9c,3d472a57,bd594b1b,1,40039756

11332,136,181,44,-240,-16280,988,-3603,4169,-1104,3f38d44a,bf302a84,3d474e92,bd5952c1,3f38d44a,bf302a86,3d474e71,bd595295,1,40047774

11333,138,176,66,-217,-16259,1004,-3625,4153,-1142,3f38d674,bf30281f,3d475757,bd59656b,3f38d673,bf302820,3d475735,bd59653f,1,40056292

11334,148,173,89,-178,-16292,993,-3625,4153,-1142,3f38d7b0,bf3026a7,3d474582,bd5998ba,3f38d7b0,bf3026a9,3d474561,bd59988f,1,40064811

11335,148,171,88,-122,-16245,1044,-3617,4169,-1206,3f38dbda,bf302254,3d4717d4,bd59b9a7,3f38dbd8,bf302255,3d4717b2,bd59b97a,1,40073329

11336,174,170,67,-134,-16277,1024,-3593,4157,-1161,3f38dc6c,bf30219a,3d471117,bd59dac3,3f38dc69,bf30219a,3d4710f5,bd59da96,1,40081848

11337,202,162,37,-184,-16383,925,-3593,4157,-1161,3f38da2d,bf3023cb,3d473984,bd59d7ed,3f38da2b,bf3023cc,3d473964,bd59d7c2,1,40090366

11338,175,173,25,-174,-16309,1017,-3521,4159,-1202,3f38dbd4,bf30221b,3d47543f,bd59b526,3f38dbd3,bf30221d,3d47541f,bd59b4fd,1,40098885

11339,177,181,8,-208,-16301,959,-3599,4171,-1119,3f38da6d,bf302374,3d4791f4,bd5995e4,3f38da6c,bf302376,3d4791d4,bd5995bb,1,40107404

11340,167,186,14,-162,-16202,1030,-3599,4171,-1119,3f38da81,bf302347,3d47bbdc,bd5983d4,3f38da7f,bf302348,3d47bbbb,bd5983aa,1,40115923

11341,188,165,22,-159,-16256,1041,-3613,4189,-1215,3f38dcd9,bf3020e2,3d47d8d5,bd595bdd,3f38dcd8,bf3020e4,3d47d8b5,bd595bb4,1,40124441

11342,218,144,25,-206,-16276,960,-3621,4131,-1100,3f38d869,bf302502,3d483307,bd5976c3,3f38d868,bf302504,3d4832e7,bd59769a,1,40132960

11343,226,141,31,-195,-16291,1007,-3621,4131,-1100,3f38d40f,bf302901,3d48895d,bd599d3b,3f38d40e,bf302902,3d48893c,bd599d11,1,40140978

11344,216,146,32,-205,-16336,965,-3579,4163,-1179,3f38d227,bf302ac2,3d48c4e9,bd59990b,3f38d226,bf302ac4,3d48c4c9,bd5998e2,1,40149496

11345,202,148,24,-195,-16292,988,-3619,4153,-1215,3f38d315,bf3029b7,3d48f878,bd5978a2,3f38d313,bf3029b8,3d48f858,bd597878,1,40158015

11346,195,162,19,-226,-16301,971,-3609,4165,-1117,3f38d0c6,bf302bd3,3d494239,bd597310,3f38d0c7,bf302bd6,3d49421b,bd5972e9,1,40166534

11347,190,166,31,-208,-16320,984,-3609,4165,-1117,3f38cee2,bf302d8b,3d497892,bd5979fa,3f38cee1,bf302d8c,3d497872,bd5979d1,1,40175052

11348,183,149,55,-209,-16267,1003,-3641,4157,-1214,3f38d131,bf302b0b,3d498f59,bd59743c,3f38d130,bf302b0c,3d498f39,bd597413,1,40183571

11349,182,148,60,-213,-16297,974,-3685,4171,-1135,3f38d07b,bf302b6c,3d49b928,bd5999c2,3f38d07a,bf302b6d,3d49b908,bd599999,1,40192089

11350,187,138,74,-171,-16258,1014,-3685,4171,-1135,3f38cfe9,bf302b8c,3d49d73a,bd59df9e,3f38cfe7,bf302b8c,3d49d719,bd59df74,1,40200608

11351,198,125,75,-197,-16318,1012,-3627,4173,-1248,3f38d27a,bf3028b2,3d49e577,bd59f46c,3f38d278,bf3028b2,3d49e556,bd59f442,1,40209127

11352,210,117,69,-189,-16247,1037,-3655,4169,-1173,3f38d1fe,bf3028ac,3d4a180f,bd5a31f2,3f38d1fd,bf3028ad,3d4a17ef,bd5a31c9,1,40217645

11353,222,118,49,-230,-16368,926,-3655,4169,-1173,3f38cf55,bf302afa,3d4a6483,bd5a500a,3f38cf54,bf302afb,3d4a6463,bd5a4fe1,1,40226164

11354,192,136,42,-201,-16387,915,-3571,4181,-1165,3f38cd9c,bf302c68,3d4a9e15,bd5a68a8,3f38cd9b,bf302c69,3d4a9df5,bd5a687f,1,40234682

11355,162,148,40,-201,-16328,967,-3611,4157,-1125,3f38cd55,bf302c4c,3d4ad760,bd5a87f6,3f38cd54,bf302c4d,3d4ad740,bd5a87cd,1,40243201

11356,146,147,43,-202,-16265,1002,-3611,4157,-1125,3f38ce71,bf302ab3,3d4b0e8f,bd5aacae,3f38ce70,bf302ab3,3d4b0e6e,bd5aac85,1,40251219

11357,150,150,49,-224,-16222,1024,-3593,4129,-1135,3f38cfe0,bf3028d0,3d4b4148,bd5acc91,3f38cfdf,bf3028d0,3d4b4127,bd5acc68,1,40259738

11358,165,152,49,-188,-16297,1002,-3631,4109,-1146,3f38d0b1,bf3027a2,3d4b68cc,bd5ae918,3f38d0b0,bf3027a3,3d4b68ab,bd5ae8f0,1,40268256

11359,180,141,54,-205,-16292,1008,-3589,4109,-1160,3f38d0e4,bf30270f,3d4b9711,bd5b0bc4,3f38d0e1,bf30270e,3d4b96ee,bd5b0b9a,1,40276775

11360,179,143,65,-223,-16277,977,-3589,4109,-1160,3f38d0b8,bf3026e0,3d4bbca5,bd5b32f0,3f38d0b7,bf3026e0,3d4bbc83,bd5b32c7,1,40285294

11361,172,138,69,-231,-16294,977,-3601,4165,-1114,3f38cf6f,bf3027ab,3d4bed55,bd5b76e9,3f38cf6e,bf3027ab,3d4bed34,bd5b76c1,1,40293812

11362,165,147,72,-216,-16314,983,-3609,4131,-1150,3f38cfe4,bf3026d6,3d4c07e3,bd5ba713,3f38cfe3,bf3026d6,3d4c07c2,bd5ba6eb,1,40302331

11363,170,146,76,-195,-16287,984,-3609,4131,-1150,3f38d00c,bf30264f,3d4c1b92,bd5be006,3f38d00c,bf30264f,3d4c1b72,bd5bdfdf,1,40310849

11364,180,135,82,-184,-16238,1023,-3597,4141,-1164,3f38d081,bf302567,3d4c2f37,bd5c24b6,3f38d080,bf302566,3d4c2f16,bd5c248e,1,40319368

11365,183,131,77,-183,-16295,1025,-3613,4149,-1219,3f38d2f9,bf302293,3d4c3a91,bd5c49cf,3f38d2f9,bf302294,3d4c3a71,bd5c49a9,1,40327887

11366,188,126,72,-193,-16309,1024,-3613,4149,-1219,3f38d51b,bf302010,3d4c523e,bd5c6c0f,3f38d51b,bf302011,3d4c521e,bd5c6be9,1,40336405

11367,202,124,61,-218,-16297,999,-3637,4161,-1214,3f38d60e,bf301ec7,3d4c7dff,bd5c7f80,3f38d60d,bf301ec6,3d4c7ddd,bd5c7f58,1,40344924

11368,205,123,60,-209,-16274,988,-3597,4143,-1121,3f38d321,bf30212e,3d4cc334,bd5cc796,3f38d321,bf30212d,3d4cc313,bd5cc76f,1,40353443

11369,204,136,57,-204,-16349,958,-3597,4143,-1121,3f38cff4,bf3023f9,3d4cfc88,bd5d0105,3f38cff4,bf3023f9,3d4cfc67,bd5d00df,1,40361461

11370,172,145,58,-190,-16294,1012,-3617,4139,-1224,3f38d34d,bf302063,3d4d0ac5,bd5d01ef,3f38d34e,bf302064,3d4d0aa5,bd5d01ca,1,40369979

11371,174,131,56,-222,-16277,971,-3627,4117,-1183,3f38d469,bf301ee0,3d4d3d19,bd5d1b82,3f38d469,bf301edf,3d4d3cf7,bd5d1b5c,1,40378498

11372,180,141,55,-197,-16251,1030,-3555,4157,-1150,3f38d44a,bf301e97,3d4d6927,bd5d472e,3f38d44a,bf301e96,3d4d6905,bd5d4708,1,40387016

11373,186,144,62,-216,-16312,966,-3555,4157,-1150,3f38d2f8,bf301f96,3d4d8f28,bd5d7168,3f38d2f8,bf301f95,3d4d8f06,bd5d7142,1,40395535

11374,185,146,65,-230,-16333,928,-3615,4163,-1212,3f38d3c3,bf301ea5,3d4da2a9,bd5d757a,3f38d3c3,bf301ea5,3d4da288,bd5d7555,1,40404054

11375,152,150,70,-195,-16234,1046,-3597,4175,-1154,3f38d5e0,bf301c1e,3d4db48c,bd5da4fd,3f38d5df,bf301c1d,3d4db46a,bd5da4d7,1,40412572

11376,169,135,78,-208,-16297,991,-3597,4175,-1154,3f38d61d,bf301b6b,3d4dd0db,bd5de547,3f38d61d,bf301b6a,3d4dd0ba,bd5de522,1,40421091

11377,170,131,94,-191,-16261,1015,-3599,4165,-1200,3f38d83a,bf3018e0,3d4dd2cd,bd5e24eb,3f38d83b,bf3018e0,3d4dd2ac,bd5e24c8,1,40429609

11378,180,118,106,-197,-16293,975,-3633,4129,-1179,3f38d88e,bf301805,3d4ddf13,bd5e8171,3f38d88e,bf301804,3d4ddef1,bd5e814d,1,40438128

11379,187,118,106,-176,-16258,1026,-3633,4129,-1179,3f38d936,bf3016d1,3d4de7ec,bd5ee255,3f38d935,bf3016cf,3d4de7ca,bd5ee230,1,40446647

11380,199,124,100,-173,-16310,989,-3579,4111,-1196,3f38d8ef,bf3016b1,3d4dec37,bd5f31f1,3f38d8ef,bf3016b0,3d4dec16,bd5f31cd,1,40455165

11381,192,130,78,-151,-16296,994,-3629,4155,-1211,3f38da1a,bf301532,3d4df398,bd5f6021,3f38da1b,bf301532,3d4df378,bd5f5ffe,1,40463183

11382,184,136,59,-183,-16315,953,-3629,4155,-1211,3f38db42,bf3013cb,3d4e0d97,bd5f6f31,3f38db42,bf3013ca,3d4e0d76,bd5f6f0d,1,40471702

11383,167,148,40,-177,-16339,988,-3581,4153,-1083,3f38d962,bf301535,3d4e4b6f,bd5fa613,3f38d962,bf301534,3d4e4b4e,bd5fa5ef,1,40480220

11384,161,152,29,-178,-16298,989,-3581,4229,-1144,3f38d9da,bf30146d,3d4e7f0e,bd5fb12a,3f38d9da,bf30146d,3d4e7eee,bd5fb107,1,40488739

11385,158,153,26,-188,-16249,1028,-3605,4145,-1140,3f38db1f,bf3012c7,3d4ebb34,bd5fb8af,3f38db1e,bf3012c7,3d4ebb13,bd5fb88b,1,40497257

11386,174,144,31,-194,-16208,1046,-3605,4145,-1140,3f38dbac,bf3011cd,3d4efe16,bd5fcb96,3f38dbac,bf3011ce,3d4efdf6,bd5fcb73,1,40505776

11387,207,123,42,-225,-16274,1018,-3587,4125,-1131,3f38d95f,bf301395,3d4f5638,bd5ff97a,3f38d95e,bf301395,3d4f5617,bd5ff956,1,40514295

11388,235,115,72,-186,-16275,1011,-3637,4123,-1191,3f38d7b1,bf3014e1,3d4f82db,bd602eeb,3f38d7b0,bf3014e1,3d4f82ba,bd602ec7,1,40522813

11389,226,113,72,-204,-16356,928,-3637,4123,-1191,3f38d553,bf3016e2,3d4fb3e3,bd6061ed,3f38d552,bf3016e2,3d4fb3c2,bd6061c9,1,40531332

11390,199,118,74,-192,-16332,985,-3631,4173,-1213,3f38d612,bf3015be,3d4fd23d,bd608cb8,3f38d611,bf3015be,3d4fd21c,bd608c94,1,40539851

11391,178,129,67,-192,-16320,946,-3583,4171,-1175,3f38d5e3,bf301585,3d4ff5d1,bd60bec8,3f38d5e3,bf301586,3d4ff5b1,bd60bea5,1,40548369

11392,154,139,39,-142,-16308,1005,-3583,4171,-1175,3f38d800,bf3012fd,3d501d4c,bd60d964,3f38d7ff,bf3012fd,3d501d2b,bd60d940,1,40556387

11393,143,160,0,-104,-16264,1057,-3611,4159,-1162,3f38db71,bf300f3a,3d504f1f,bd60c984,3f38db70,bf300f3a,3d504efe,bd60c960,1,40564906

11394,177,153,-53,-163,-16333,964,-3583,4125,-1199,3f38dd06,bf300d85,3d50bdde,bd606b54,3f38dd05,bf300d85,3d50bdbd,bd606b30,1,40573424

11395,176,144,-80,-206,-16285,1013,-3583,4125,-1199,3f38df80,bf300ace,3d51578e,bd5ff36a,3f38df7f,bf300ace,3d51576d,bd5ff346,1,40581943

11396,168,132,-57,-299,-16227,1050,-3613,4159,-1129,3f38e086,bf30093c,3d520cfc,bd5fad7c,3f38e086,bf30093c,3d520cdc,bd5fad59,1,40590461

11397,201,135,-7,-291,-16243,1017,-3597,4099,-1138,3f38df36,bf300a22,3d529020,bd5f9265,3f38df36,bf300a22,3d529000,bd5f9242,1,40598980

11398,228,135,47,-247,-16346,954,-3611,4141,-1118,3f38da9c,bf300e69,3d52da48,bd5fbb86,3f38da9d,bf300e6a,3d52da28,bd5fbb64,1,40607499

11399,213,131,85,-223,-16315,1001,-3611,4141,-1118,3f38d750,bf301143,3d52ffa9,bd601403,3f38d74f,bf301142,3d52ff87,bd6013df,1,40616017

11400,196,129,92,-208,-16284,1017,-3601,4135,-1073,3f38d3bd,bf301438,3d5326ae,bd608f9e,3f38d3bd,bf301438,3d53268e,bd608f7c,1,40624536

11401,199,125,88,-232,-16358,937,-3609,4161,-1151,3f38d189,bf3015fd,3d534679,bd60dd15,3f38d18a,bf3015fe,3d53465a,bd60dcf4,1,40633054

11402,176,127,79,-212,-16358,959,-3609,4161,-1151,3f38d102,bf301608,3d536709,bd6125ab,3f38d101,bf301608,3d5366e8,bd612588,1,40641573

11403,149,137,69,-171,-16294,1021,-3635,4165,-1201,3f38d4fc,bf3011a4,3d536e0c,bd614afe,3f38d4fb,bf3011a4,3d536deb,bd614adb,1,40650092

11404,153,136,58,-185,-16254,1037,-3609,4149,-1245,3f38daa8,bf300ba3,3d53760a,bd614d2c,3f38daa6,bf300ba3,3d5375e9,bd614d08,1,40658610

11405,174,134,36,-208,-16294,1015,-3609,4149,-1245,3f38dec2,bf300746,3d539b7f,bd61356f,3f38dec0,bf300747,3d539b5f,bd61354c,1,40666628

11406,188,145,21,-196,-16321,1009,-3661,4119,-1130,3f38de09,bf3007a0,3d53e5c7,bd614040,3f38de07,bf3007a1,3d53e5a6,bd61401d,1,40675147

11407,176,149,16,-217,-16362,957,-3673,4113,-1130,3f38dd74,bf3007e3,3d5433a6,bd613d31,3f38dd72,bf3007e4,3d543385,bd613d0e,1,40683666

11408,173,155,11,-219,-16307,986,-3673,4113,-1130,3f38dd87,bf300783,3d5480c1,bd613049,3f38dd84,bf300783,3d5480a0,bd613025,1,40692184

11409,159,158,16,-212,-16261,1031,-3603,4123,-1113,3f38ddfa,bf3006ad,3d54c710,bd61368c,3f38ddf8,bf3006ad,3d54c6ef,bd613669,1,40700703

11410,172,149,23,-250,-16250,1039,-3623,4135,-1175,3f38e013,bf300444,3d550857,bd61217b,3f38e012,bf300445,3d550837,bd612158,1,40709222

11411,189,144,45,-245,-16240,1049,-3623,4135,-1175,3f38e130,bf3002d7,3d5539ee,bd6126ee,3f38e12f,bf3002d8,3d5539ce,bd6126cb,1,40717740

11412,202,133,77,-255,-16317,991,-3641,4141,-1150,3f38dfb1,bf3003f3,3d55614b,bd615dff,3f38dfaf,bf3003f3,3d55612a,bd615ddc,1,40726259

11413,203,123,112,-212,-16261,1034,-3603,4165,-1228,3f38e131,bf300218,3d555162,bd61a418,3f38e130,bf300219,3d555142,bd61a3f6,1,40734777

11414,215,117,132,-185,-16311,997,-3675,4141,-1221,3f38e18d,bf300165,3d553009,bd620424,3f38e18c,bf300166,3d552fe9,bd620402,1,40743296

11415,217,119,119,-223,-16306,938,-3675,4141,-1221,3f38e102,bf3001ac,3d5522ae,bd624bcb,3f38e100,bf3001ac,3d55228e,bd624ba8,1,40751814

11416,194,135,101,-202,-16376,936,-3611,4151,-1200,3f38e09c,bf3001d2,3d5517b8,bd628aa9,3f38e09b,bf3001d3,3d55179a,bd628a88,1,40760333

11417,161,139,87,-182,-16318,975,-3621,4197,-1118,3f38e001,bf3001f1,3d55240d,bd62e638,3f38dfff,bf3001f1,3d5523ee,bd62e616,1,40768852

11418,152,153,59,-185,-16208,1053,-3621,4197,-1118,3f38e12b,bf300053,3d553e49,bd631aff,3f38e12b,bf300054,3d553e2c,bd631ade,1,40776870

11419,171,144,45,-205,-16283,986,-3611,4187,-1211,3f38e389,bf2ffdbd,3d555ac7,bd631655,3f38e387,bf2ffdbc,3d555aa7,bd631633,1,40785388

11420,176,147,44,-212,-16300,1001,-3631,4143,-1084,3f38e1a4,bf2fff27,3d559987,bd634a78,3f38e1a5,bf2fff28,3d559969,bd634a59,1,40793907

11421,177,144,41,-180,-16243,1077,-3631,4143,-1084,3f38e0a8,bf2fff97,3d55d894,bd638724,3f38e0a7,bf2fff96,3d55d875,bd638704,1,40802425

11422,204,131,49,-203,-16236,1049,-3593,4143,-1195,3f38e159,bf2ffe8d,3d5605cc,bd639a25,3f38e159,bf2ffe8d,3d5605af,bd639a06,1,40810944

11423,241,117,60,-225,-16294,990,-3645,4191,-1197,3f38df43,bf300057,3d563b7d,bd63b82d,3f38df42,bf300056,3d563b5f,bd63b80d,1,40819463

11424,236,113,72,-223,-16358,954,-3645,4191,-1197,3f38dcdb,bf30026a,3d56686d,bd63e62a,3f38dcdc,bf30026b,3d566851,bd63e60d,1,40827981

11425,207,130,65,-188,-16309,1034,-3615,4163,-1214,3f38dded,bf30010f,3d567d17,bd6400f1,3f38ddee,bf300110,3d567cfa,bd6400d3,1,40836500

11426,204,144,48,-216,-16296,997,-3625,4171,-1132,3f38dbe7,bf3002c6,3d56b0be,bd64211c,3f38dbe8,bf3002c7,3d56b0a1,bd6420fe,1,40845018

11427,212,143,44,-233,-16331,951,-3639,4155,-1146,3f38d96e,bf300504,3d56e9a2,bd64317c,3f38d96d,bf300503,3d56e983,bd64315b,1,40853537

11428,210,150,34,-234,-16329,958,-3639,4155,-1146,3f38d746,bf3006fe,3d5724e1,bd6431b8,3f38d747,bf3006ff,3d5724c4,bd64319a,1,40862056

11429,179,159,38,-214,-16319,982,-3653,4121,-1144,3f38d751,bf3006bd,3d574eb7,bd643480,3f38d751,bf3006bd,3d574e99,bd643461,1,40870574

11430,162,156,41,-191,-16295,981,-3643,4187,-1151,3f38d867,bf300563,3d576e05,bd64404b,3f38d866,bf300562,3d576de6,bd64402b,1,40878592

11431,163,164,31,-187,-16286,1018,-3643,4187,-1151,3f38da00,bf300394,3d578e39,bd643c8e,3f38d9ff,bf300393,3d578e1b,bd643c6f,1,40887111

11432,172,166,7,-206,-16290,1003,-3661,4159,-1211,3f38dd64,bf30002b,3d57b5bd,bd63f994,3f38dd63,bf30002a,3d57b59f,bd63f976,1,40895630

11433,176,164,-9,-184,-16290,1027,-3597,4151,-1233,3f38e152,bf2ffc3b,3d57e2d7,bd63a894,3f38e151,bf2ffc3b,3d57e2b9,bd63a877,1,40904148

11434,189,163,-31,-231,-16303,995,-3597,4151,-1233,3f38e417,bf2ff983,3d5830d0,bd633854,3f38e416,bf2ff984,3d5830b2,bd633837,1,40912667

11435,196,160,-18,-241,-16260,1036,-3661,4217,-1135,3f38e3b1,bf2ff9bb,3d58922d,bd630461,3f38e3af,bf2ff9bc,3d58920e,bd630444,1,40921186

11436,202,155,10,-283,-16325,992,-3609,4153,-1254,3f38e660,bf2ff719,3d58c63b,bd62abbb,3f38e660,bf2ff71b,3d58c61e,bd62ab9f,1,40929704

11437,191,155,56,-243,-16302,1007,-3609,4153,-1254,3f38e9a8,bf2ff3d3,3d58c4bb,bd628a8b,3f38e9a7,bf2ff3d4,3d58c49d,bd628a6d,1,40938223

11438,191,147,88,-235,-16294,969,-3601,4185,-1192,3f38e99d,bf2ff3b2,3d58be9e,bd62b44d,3f38e99c,bf2ff3b3,3d58be7f,bd62b42f,1,40946741

11439,186,128,110,-217,-16232,995,-3613,4157,-1181,3f38e9c8,bf2ff31b,3d58b664,bd630d66,3f38e9c7,bf2ff31c,3d58b645,bd630d48,1,40955260

11440,184,134,110,-181,-16386,943,-3581,4193,-1191,3f38e958,bf2ff33f,3d589ca9,bd63659e,3f38e957,bf2ff340,3d589c8a,bd636580,1,40963779

11441,167,142,81,-178,-16340,1013,-3581,4193,-1191,3f38eb06,bf2ff13e,3d5894dd,bd639c77,3f38eb05,bf2ff13f,3d5894be,bd639c59,1,40971797

11442,169,148,45,-198,-16240,1052,-3617,4159,-1163,3f38ecb1,bf2fef39,3d58b659,bd63b1bd,3f38ecb0,bf2fef3a,3d58b63a,bd63b19f,1,40980315

11443,188,140,35,-210,-16297,960,-3619,4231,-1206,3f38ed67,bf2fee51,3d58de9f,bd63aac5,3f38ed65,bf2fee51,3d58de7f,bd63aaa6,1,40988834

11444,187,139,31,-188,-16286,1010,-3619,4231,-1206,3f38eedb,bf2fec9d,3d590668,bd63a665,3f38eed9,bf2fec9e,3d590649,bd63a647,1,40997352

11445,184,135,29,-255,-16343,947,-3669,4159,-1178,3f38ef0d,bf2fec20,3d594b02,bd639e00,3f38ef0b,bf2fec21,3d594ae3,bd639de2,1,41005871

11446,175,132,27,-210,-16314,1016,-3677,4193,-1133,3f38ef1f,bf2feb8e,3d599553,bd63b88c,3f38ef1d,bf2feb8f,3d599534,bd63b86e,1,41014389

11447,182,138,25,-235,-16226,1044,-3677,4193,-1133,3f38ef4d,bf2feaec,3d59e231,bd63c644,3f38ef4c,bf2feaee,3d59e213,bd63c627,1,41022908

11448,205,130,24,-275,-16317,948,-3629,4141,-1200,3f38eee7,bf2feb15,3d5a2fa0,bd63b012,3f38eee5,bf2feb16,3d5a2f81,bd63aff4,1,41031427

11449,175,133,49,-228,-16310,993,-3645,4149,-1201,3f38f0dd,bf2fe8c9,3d5a5508,bd63bac8,3f38f0dc,bf2fe8cb,3d5a54ea,bd63baab,1,41039945

11450,161,140,62,-258,-16308,991,-3645,4149,-1201,3f38f395,bf2fe5c0,3d5a6d78,bd63c620,3f38f394,bf2fe5c1,3d5a6d59,bd63c602,1,41048464

11451,145,156,62,-218,-16260,1055,-3683,4157,-1260,3f38fafd,bf2fde3a,3d5a556f,bd63a833,3f38fafc,bf2fde3b,3d5a5550,bd63a815,1,41056982

11452,165,150,64,-221,-16237,1071,-3645,4187,-1181,3f38fdba,bf2fdb2c,3d5a601e,bd63c0dc,3f38fdba,bf2fdb2e,3d5a6000,bd63c0bf,1,41065501

11453,201,139,62,-203,-16243,1052,-3659,4119,-1199,3f38fef5,bf2fd9b0,3d5a70ec,bd63d700,3f38fef4,bf2fd9b1,3d5a70cc,bd63d6e1,1,41074020

11454,224,143,59,-249,-16245,1008,-3659,4119,-1199,3f38fe42,bf2fda45,3d5a8d47,bd63d9d7,3f38fe40,bf2fda46,3d5a8d26,bd63d9b8,1,41082037

11455,236,134,58,-207,-16311,1003,-3671,4179,-1203,3f38fcc5,bf2fdb9e,3d5aa760,bd63eb12,3f38fcc4,bf2fdba1,3d5aa740,bd63eaf5,1,41090556

11456,231,128,52,-232,-16371,938,-3607,4163,-1201,3f38fa32,bf2fde06,3d5ad396,bd63fcb4,3f38fa30,bf2fde07,3d5ad374,bd63fc95,1,41099075

11457,209,127,46,-225,-16325,930,-3607,4163,-1201,3f38f8df,bf2fdf1b,3d5b0301,bd640c40,3f38f8de,bf2fdf1d,3d5b02e0,bd640c23,1,41107593

11458,184,131,37,-231,-16291,986,-3617,4163,-1269,3f38fca2,bf2fdb2e,3d5b1fdc,bd63eaee,3f38fca0,bf2fdb2f,3d5b1fba,bd63ead0,1,41116112

11459,166,132,40,-247,-16291,1013,-3663,4213,-1168,3f38fe1b,bf2fd943,3d5b59aa,bd63fc71,3f38fe19,bf2fd944,3d5b5988,bd63fc53,1,41124631

11460,178,128,42,-251,-16280,1012,-3663,4213,-1168,3f38fed6,bf2fd813,3d5b9719,bd641209,3f38fed6,bf2fd816,3d5b96f8,bd6411ed,1,41133149

11461,193,132,56,-225,-16251,1044,-3661,4205,-1114,3f38fd43,bf2fd927,3d5bcd40,bd64515d,3f38fd41,bf2fd928,3d5bcd1c,bd64513e,1,41141668

11462,205,119,68,-237,-16320,958,-3685,4167,-1220,3f38fd9e,bf2fd882,3d5bea18,bd646b15,3f38fd9c,bf2fd882,3d5be9f3,bd646af5,1,41150187

11463,193,128,66,-240,-16387,924,-3685,4167,-1220,3f38fe2b,bf2fd7c0,3d5bff7c,bd647ad5,3f38fe29,bf2fd7c0,3d5bff56,bd647ab5,1,41158705

11464,154,151,54,-199,-16304,1006,-3685,4139,-1200,3f3901a5,bf2fd408,3d5c0439,bd648039,3f3901a4,bf2fd409,3d5c0414,bd64801a,1,41167224

11465,150,152,44,-198,-16278,1009,-3621,4179,-1157,3f39035c,bf2fd1fd,3d5c1e0a,bd649789,3f39035b,bf2fd1fe,3d5c1de5,bd64976a,1,41175743

11466,159,157,37,-193,-16253,1027,-3665,4171,-1201,3f3906c3,bf2fce68,3d5c2ba1,bd648a42,3f3906c2,bf2fce69,3d5c2b7c,bd648a23,1,41184261

11467,180,149,33,-227,-16291,1021,-3665,4171,-1201,3f3908cd,bf2fcc30,3d5c4e27,bd647797,3f3908cb,bf2fcc30,3d5c4e01,bd647777,1,41192279

11468,188,134,35,-231,-16315,993,-3659,4171,-1199,3f3909bc,bf2fcafb,3d5c7f3b,bd647508,3f3909ba,bf2fcafc,3d5c7f16,bd6474e9,1,41200798

11469,189,133,37,-259,-16260,1003,-3677,4173,-1185,3f390a68,bf2fc9fb,3d5cb9ff,bd64750e,3f390a67,bf2fc9fd,3d5cb9db,bd6474f0,1,41209325

11470,194,139,57,-231,-16275,1026,-3677,4173,-1185,3f390b01,bf2fc91d,3d5cd606,bd648973,3f390aff,bf2fc91d,3d5cd5e0,bd648954,1,41217844

11471,201,131,61,-224,-16331,999,-3673,4151,-1092,3f390799,bf2fcc03,3d5d0e69,bd64d8ff,3f390799,bf2fcc05,3d5d0e46,bd64d8e3,1,41226362

11472,195,135,60,-238,-16310,984,-3661,4197,-1232,3f390922,bf2fca50,3d5d1e0b,bd64daf0,3f390920,bf2fca50,3d5d1de7,bd64dad2,1,41234881

11473,183,135,57,-233,-16316,982,-3661,4197,-1232,3f390b50,bf2fc7ef,3d5d2e49,bd64dc20,3f390b4e,bf2fc7ef,3d5d2e25,bd64dc02,1,41243399

11474,180,149,49,-220,-16299,990,-3679,4247,-1166,3f390b7f,bf2fc787,3d5d47cc,bd64ecb8,3f390b7d,bf2fc787,3d5d47a8,bd64ec9a,1,41251918

11475,168,155,40,-225,-16323,1004,-3671,4139,-1149,3f390c1d,bf2fc6a6,3d5d6b79,bd64f7cc,3f390c1c,bf2fc6a6,3d5d6b56,bd64f7af,1,41260437

11476,156,149,32,-228,-16265,1002,-3671,4139,-1149,3f390d74,bf2fc4f4,3d5d9c32,bd6500d4,3f390d72,bf2fc4f4,3d5d9c0e,bd6500b6,1,41268955

11477,153,138,34,-234,-16286,1044,-3619,4173,-1219,3f3911a0,bf2fc06f,3d5dc1ca,bd64f5da,3f39119f,bf2fc070,3d5dc1a7,bd64f5bd,1,41277474

11478,168,145,35,-255,-16283,1022,-3671,4161,-1104,3f3910f2,bf2fc0a5,3d5e0528,bd651667,3f3910f2,bf2fc0a7,3d5e0506,bd65164b,1,41285992

11479,177,142,36,-263,-16291,1006,-3629,4167,-1164,3f39113f,bf2fc005,3d5e3cc5,bd651d40,3f39113e,bf2fc006,3d5e3ca1,bd651d22,1,41294010

11480,179,141,56,-208,-16290,1053,-3629,4167,-1164,3f3911e7,bf2fbf00,3d5e56c0,bd65451c,3f3911e6,bf2fbf01,3d5e569c,bd6544fe,1,41302529

11481,191,131,65,-245,-16301,995,-3683,4257,-1163,3f39113b,bf2fbf50,3d5e78c3,bd6571fb,3f39113a,bf2fbf51,3d5e789f,bd6571dd,1,41311047

11482,195,138,60,-200,-16292,1031,-3649,4175,-1242,3f3913b8,bf2fbcab,3d5e77da,bd65763b,3f3913b8,bf2fbcad,3d5e77b7,bd65761e,1,41319566

11483,203,120,49,-222,-16301,1017,-3649,4175,-1242,3f39157a,bf2fbaa1,3d5e98ae,bd657ad2,3f39157a,bf2fbaa2,3d5e988a,bd657ab4,1,41328085

11484,206,124,44,-237,-16321,947,-3635,4163,-1240,3f3915e4,bf2fba0a,3d5ebf1f,bd65755c,3f3915e3,bf2fba0a,3d5ebefa,bd65753d,1,41336603

11485,183,141,35,-212,-16267,1029,-3655,4181,-1219,3f391841,bf2fb778,3d5edbdf,bd65691d,3f391840,bf2fb778,3d5edbba,bd6568fe,1,41345122

11486,183,145,25,-236,-16338,1007,-3655,4181,-1219,3f391a49,bf2fb54a,3d5f0341,bd654a63,3f391a48,bf2fb54a,3d5f031c,bd654a44,1,41353641

11487,186,135,30,-302,-16305,996,-3643,4167,-1183,3f391a9b,bf2fb4a9,3d5f4a21,bd653f08,3f391a9b,bf2fb4aa,3d5f49fd,bd653eea,1,41362159

11488,177,136,59,-251,-16229,1001,-3667,4199,-1184,3f391b88,bf2fb367,3d5f67bb,bd6558cb,3f391b88,bf2fb368,3d5f6798,bd6558ad,1,41370678

11489,175,132,89,-259,-16331,937,-3667,4199,-1184,3f391b79,bf2fb325,3d5f6e53,bd65917b,3f391b79,bf2fb326,3d5f6e30,bd65915d,1,41379197

11490,158,137,102,-205,-16300,1014,-3709,4185,-1159,3f391cc8,bf2fb166,3d5f5e4a,bd65e8e3,3f391cc8,bf2fb166,3d5f5e27,bd65e8c4,1,41387715

11491,157,138,88,-183,-16319,1021,-3679,4185,-1166,3f391e4e,bf2faf74,3d5f53d6,bd66350e,3f391e4e,bf2faf73,3d5f53b3,bd6634ee,1,41395733

11492,152,140,61,-244,-16295,1014,-3669,4191,-1171,3f392055,bf2fad08,3d5f6cea,bd6655f2,3f392056,bf2fad07,3d5f6cc8,bd6655d3,1,41404252

11493,165,153,45,-232,-16238,1052,-3669,4191,-1171,3f392247,bf2faacf,3d5f86d4,bd665d61,3f392248,bf2faacf,3d5f86b3,bd665d42,1,41412770

11494,182,153,40,-207,-16286,1070,-3673,4203,-1151,3f3922ba,bf2faa18,3d5fa60f,bd666e98,3f3922ba,bf2faa17,3d5fa5ee,bd666e78,1,41421289

11495,208,145,28,-238,-16292,1035,-3617,4195,-1149,3f3920d4,bf2fabc0,3d5fe16d,bd667755,3f3920d4,bf2fabbf,3d5fe14c,bd667735,1,41429807

11496,226,144,29,-240,-16262,1012,-3617,4195,-1149,3f391da6,bf2faec1,3d601e3c,bd667fd9,3f391da6,bf2faec0,3d601e1b,bd667fb9,1,41438326

11497,228,135,39,-246,-16294,1011,-3665,4219,-1164,3f391b0c,bf2fb124,3d605710,bd668e54,3f391b0d,bf2fb123,3d6056f0,bd668e35,1,41446845

11498,238,134,52,-230,-16291,1045,-3713,4185,-1111,3f3916db,bf2fb4fd,3d60911f,bd66c476,3f3916dc,bf2fb4fc,3d6090ff,bd66c457,1,41455363

11499,240,129,51,-255,-16383,914,-3713,4185,-1111,3f3910f0,bf2fbaa3,3d60d455,bd66f5d2,3f3910f0,bf2fbaa1,3d60d434,bd66f5b2,1,41463882

11500,213,129,50,-182,-16297,1017,-3671,4175,-1138,3f390e85,bf2fbcab,3d6100dc,bd672f36,3f390e85,bf2fbca9,3d6100bb,bd672f16,1,41472400

11501,197,126,47,-250,-16297,988,-3639,4183,-1221,3f390f77,bf2fbb73,3d612916,bd6732b0,3f390f78,bf2fbb72,3d6128f7,bd673292,1,41480919

11502,207,130,48,-251,-16302,1001,-3639,4183,-1221,3f391006,bf2fbaae,3d614d49,bd6732c5,3f391006,bf2fbaac,3d614d29,bd6732a6,1,41489438

11503,212,130,58,-240,-16289,990,-3659,4205,-1192,3f390f1a,bf2fbb5b,3d616e1c,bd674c68,3f390f1b,bf2fbb5a,3d616dfd,bd674c4a,1,41497456

11504,220,117,76,-231,-16296,991,-3633,4185,-1213,3f390e37,bf2fbbef,3d6183c7,bd677c04,3f390e37,bf2fbbee,3d6183a7,bd677be5,1,41505974

11505,211,120,63,-240,-16298,1015,-3665,4177,-1179,3f390d45,bf2fbc7c,3d61ade1,bd67a981,3f390d45,bf2fbc7a,3d61adc0,bd67a962,1,41514493

11506,218,132,69,-250,-16325,968,-3665,4177,-1179,3f390b4e,bf2fbe38,3d61c928,bd67ce6b,3f390b4f,bf2fbe38,3d61c909,bd67ce4d,1,41523011

11507,232,132,70,-220,-16288,1030,-3645,4149,-1239,3f390bae,bf2fbdc1,3d61cae6,bd67db40,3f390baf,bf2fbdc1,3d61cac7,bd67db22,1,41531530

11508,241,148,60,-227,-16233,1094,-3623,4173,-1224,3f390bd8,bf2fbd94,3d61cec6,bd67d8d6,3f390bd8,bf2fbd92,3d61cea5,bd67d8b7,1,41540049

11509,288,144,49,-263,-16331,973,-3623,4173,-1224,3f390776,bf2fc226,3d61ec6a,bd67c377,3f390776,bf2fc224,3d61ec49,bd67c358,1,41548567

11510,298,149,48,-267,-16473,917,-3673,4197,-1185,3f390099,bf2fc941,3d62110e,bd67b709,3f390099,bf2fc93f,3d6210ed,bd67b6ea,1,41557086

11511,262,183,14,-335,-16392,970,-3609,4201,-1181,3f38fc80,bf2fcdbd,3d624209,bd67664b,3f38fc81,bf2fcdbc,3d6241e9,bd67662d,1,41565604

11512,258,280,-107,-255,-16357,971,-3609,4201,-1181,3f38f9a9,bf2fd1de,3d627244,bd6657b3,3f38f9aa,bf2fd1dd,3d627224,bd665795,1,41574123

11513,278,374,-279,-251,-16383,1018,-3647,4209,-1142,3f38f66f,bf2fd738,3d62ef42,bd645cf3,3f38f66f,bf2fd736,3d62ef21,bd645cd4,1,41582641

11514,321,433,-385,-260,-16385,890,-3651,4171,-1147,3f38f021,bf2fe065,3d6395ea,bd61bdd6,3f38f021,bf2fe063,3d6395ca,bd61bdb8,1,41591160

11515,303,496,-476,-218,-16575,852,-3651,4171,-1147,3f38eafd,bf2fe8ea,3d6444bb,bd5e9989,3f38eafe,bf2fe8e9,3d64449c,bd5e996c,1,41599178

11516,263,535,-551,-400,-16635,834,-3643,4167,-1113,3f38e794,bf2fefc9,3d653895,bd5afcbf,3f38e796,bf2fefc9,3d653877,bd5afca3,1,41607697

11517,177,588,-609,-691,-16586,880,-3675,4191,-1221,3f38ee10,bf2fed0d,3d664869,bd568dc1,3f38ee12,bf2fed0d,3d66484b,bd568da5,1,41616215

11518,110,744,-696,-764,-16434,875,-3645,4179,-1193,3f38f850,bf2fe787,3d671d3d,bd5149a1,3f38f852,bf2fe787,3d671d1f,bd514984,1,41624734

11519,111,989,-800,-605,-16221,1104,-3645,4179,-1193,3f39070b,bf2fdf57,3d6742ce,bd4ae3f0,3f39070c,bf2fdf56,3d6742af,bd4ae3d2,1,41633252

11520,213,1268,-917,-610,-16293,1083,-3743,4169,-1228,3f391315,bf2fdc62,3d66bad3,bd42ed00,3f391316,bf2fdc61,3d66bab4,bd42ece2,1,41641771

11521,332,1618,-1022,-324,-16337,1195,-3699,4133,-1206,3f391a28,bf2fe13c,3d64fe4d,bd39a7f0,3f391a29,bf2fe13b,3d64fe2e,bd39a7d3,1,41650290

11522,435,1986,-1078,-192,-15967,1407,-3699,4133,-1206,3f3920f2,bf2fe8fd,3d61e5a0,bd2f0705,3f3920f3,bf2fe8fc,3d61e581,bd2f06e8,1,41658814

11523,632,2388,-1068,35,-16006,1794,-3703,4127,-1176,3f3923a2,bf2ff79a,3d5cfaad,bd2362d0,3f3923a2,bf2ff798,3d5cfa8d,bd2362b2,1,41667333

11524,788,2784,-736,361,-16441,1925,-3701,4159,-1216,3f391fd4,bf300fe3,3d54e7d4,bd17d7f0,3f391fd5,bf300fe2,3d54e7b5,bd17d7d3,1,41675851

11525,714,3139,-22,253,-17179,1731,-3701,4159,-1216,3f391979,bf302d01,3d491516,bd0d9947,3f39197a,bf302d00,3d4914f7,bd0d992a,1,41684370

11526,226,3482,654,42,-18255,1944,-3659,4157,-1326,3f3935d4,bf302789,3d396c3e,bd046640,3f3935d5,bf302788,3d396c1f,bd046624,1,41692889

11527,-577,3833,1010,-455,-18426,2893,-3683,4093,-1329,3f399020,bf2fe137,3d2787c7,bcf5eb29,3f399022,bf2fe137,3d2787aa,bcf5eaf2,1,41701407

11528,-1465,4199,951,758,-16975,3201,-3683,4093,-1329,3f3a1c0b,bf2f65dc,3d133e8b,bce2909f,3f3a1c0d,bf2f65dc,3d133e6d,bce29068,1,41709425

11529,-1820,4310,726,871,-15895,3188,-3751,4141,-1261,3f3ab9c5,bf2ed412,3cfea295,bccd7cac,3f3ab9c6,bf2ed411,3cfea258,bccd7c74,1,41717944

11530,-921,3940,-106,-503,-16787,3554,-3721,4141,-1282,3f3b2807,bf2e6f3a,3ce2ef3b,bcb1a398,3f3b2808,bf2e6f3a,3ce2eeff,bcb1a361,1,41726463

11531,23,3860,-781,-1836,-16918,1683,-3717,4157,-1336,3f3b3fce,bf2e63ec,3ccf3392,bc8e725f,3f3b3fce,bf2e63eb,3ccf3355,bc8e7229,1,41734981

11532,462,4292,-1224,-750,-16268,-206,-3717,4157,-1336,3f3b2c80,bf2e85d7,3cb90ff9,bc4d6eff,3f3b2c7f,bf2e85d6,3cb90fbb,bc4d6e93,1,41743500

11533,784,4599,-1475,-930,-15599,-470,-3787,4133,-1408,3f3b052d,bf2ebab0,3ca27e9a,bbe9c591,3f3b052d,bf2ebab0,3ca27e5f,bbe9c4be,1,41752019

11534,1081,4991,-1446,-711,-15333,77,-3765,4095,-1375,3f3acde7,bf2efda7,3c889e05,babe2227,3f3acde7,bf2efda7,3c889dca,babe1edc,1,41760537

11535,1142,5581,-1221,-303,-14453,101,-3765,4095,-1375,3f3a91b8,bf2f428e,3c5008e6,3b924184,3f3a91b7,bf2f428d,3c50086f,3b924257,1,41769056

11536,1298,6156,-919,-350,-14309,511,-3761,4107,-1416,3f3a4eeb,bf2f89d7,3c01ae0f,3c2dcea6,3f3a4eec,bf2f89d8,3c01ad9b,3c2dcf10,1,41777575

11537,1617,6743,-765,-79,-15829,1243,-3759,4087,-1439,3f3a013e,bf2fd664,3b1a5f92,3c8b867c,3f3a013e,bf2fd664,3b1a5dc1,3c8b86b0,1,41786093

11538,1525,7305,-500,239,-17177,1827,-3759,4087,-1439,3f39bf35,bf300ef8,bb850ce3,3cc11d8f,3f39bf35,bf300ef9,bb850dc9,3cc11dc3,1,41794612

11539,824,7673,21,583,-17755,2162,-3749,4103,-1472,3f39a8e1,bf30111f,bc3a2205,3cf4b4e0,3f39a8e0,bf30111e,bc3a2277,3cf4b513,1,41803130

11540,-97,7989,645,250,-18434,2420,-3695,4081,-1542,3f39cbe9,bf2fcd1d,bc9ee8b7,3d13709b,3f39cbe9,bf2fcd1e,bc9ee8f1,3d1370b7,1,41811148

11541,-943,8279,1145,279,-17910,2402,-3695,4081,-1542,3f3a1a70,bf2f5047,bce5fbb1,3d2ba1f2,3f3a1a70,bf2f5047,bce5fbea,3d2ba20d,1,41819667

11542,-1177,8326,1121,608,-16910,2678,-3715,4123,-1550,3f3a747b,bf2ebbfc,bd16c3f7,3d43bdab,3f3a747b,bf2ebbfd,bd16c415,3d43bdc6,1,41828185

11543,-596,8023,723,679,-15909,2309,-3789,4147,-1651,3f3aa48f,bf2e4b4b,bd384dc9,3d5c2867,3f3aa48f,bf2e4b4c,bd384de7,3d5c2882,1,41836704

11544,292,7572,430,42,-16058,1137,-3713,4159,-1568,3f3a7cdb,bf2e3313,bd561c19,3d74a44e,3f3a7cda,bf2e3312,bd561c35,3d74a468,1,41845223

11545,966,7129,133,-667,-16208,764,-3713,4159,-1568,3f3a25cb,bf2e4966,bd70bdfd,3d8688e0,3f3a25cc,bf2e4966,bd70be1a,3d8688ee,1,41853741

11546,1384,7022,-10,-1651,-15865,-104,-3689,4139,-1658,3f39ae6a,bf2e7b20,bd852018,3d93108d,3f39ae69,bf2e7b20,bd852026,3d93109b,1,41862260

11547,1832,7137,33,-2933,-15845,-1466,-3763,4127,-1733,3f3914e3,bf2ec7af,bd922cca,3d9fc77f,3f3914e1,bf2ec7ae,bd922cd7,3d9fc78c,1,41870778

11548,2528,7373,-252,-3272,-15384,-2933,-3763,4127,-1733,3f3848b6,bf2f3dcd,bd9f6328,3dad3bd4,3f3848b5,bf2f3dcd,bd9f6336,3dad3be1,1,41879297

11549,3357,7507,-792,-4014,-15819,-3702,-3723,4129,-1691,3f374287,bf2fe4ba,bdac0413,3dbbc862,3f374286,bf2fe4ba,bdac0421,3dbbc86f,1,41887816

11550,3732,7773,-1011,-3626,-16252,-3105,-3721,4147,-1718,3f361ebf,bf309b46,bdb8d09f,3dcb20bc,3f361ebe,bf309b46,bdb8d0ad,3dcb20c9,1,41896334

11551,3474,8239,-1151,-2917,-16494,-1355,-3721,4147,-1718,3f35036a,bf3135c0,bdc604be,3ddbb0ac,3f35036a,bf3135c1,bdc604ce,3ddbb0bb,1,41904352

11552,2727,8610,-1010,-1627,-16918,282,-3723,4121,-1834,3f3417d9,bf318cd2,bdd3daa5,3decee79,3f3417d8,bf318cd3,bdd3dab4,3decee87,1,41912871

11553,1241,8197,-220,-1408,-18332,925,-3727,4179,-1853,3f3394a4,bf3177c9,bde1cc26,3dfc6354,3f3394a3,bf3177c9,bde1cc34,3dfc6362,1,41921389

11554,-1357,6193,960,-1728,-18438,1340,-3727,4179,-1853,3f33c98b,bf30c9b9,bded1805,3e03774a,3f33c98b,bf30c9b9,bded1814,3e037751,1,41929908

11555,-2779,5740,2259,206,-17712,3321,-3693,4155,-1850,3f347ad1,bf2fa1b1,bdfa5923,3e06e591,3f347ad1,bf2fa1b1,bdfa5932,3e06e598,1,41938427

11556,-1616,7251,2510,-476,-17157,3203,-3633,4161,-1880,3f34d661,bf2ea8ef,be056dd0,3e0b6e21,3f34d661,bf2ea8ef,be056dd8,3e0b6e28,1,41946945

11557,-579,7444,1561,-953,-16598,840,-3657,4185,-1990,3f34c085,bf2e176e,be0d1710,3e10ec9d,3f34c085,bf2e176e,be0d1718,3e10eca4,1,41955464

11558,-359,6728,871,-328,-15761,-310,-3657,4185,-1990,3f348d5f,bf2dad5b,be13c533,3e161d1e,3f348d5d,bf2dad59,be13c53a,3e161d24,1,41963983

11559,-189,5943,678,-404,-15539,515,-3629,4151,-1935,3f345a6a,bf2d521d,be196c6e,3e1ac9e7,3f345a6a,bf2d521c,be196c76,3e1ac9ee,1,41972501

11560,309,5635,512,-345,-15721,1891,-3655,4181,-2175,3f343389,bf2ceadd,be1ea656,3e1f7f1c,3f343389,bf2ceadc,be1ea65f,3e1f7f23,1,41981020

11561,1073,5829,133,159,-16581,2751,-3655,4181,-2175,3f33dc03,bf2cac74,be240b25,3e245dbc,3f33dc03,bf2cac73,be240b2e,3e245dc3,1,41989538

11562,1450,5901,-281,730,-17571,2553,-3639,4181,-2073,3f3368c2,bf2c8677,be294878,3e2957df,3f3368c2,bf2c8676,be294880,3e2957e6,1,41998057

11563,904,5726,-431,1162,-17949,2757,-3601,4163,-2169,3f3310a3,bf2c4201,be2e470c,3e2e6305,3f3310a3,bf2c4200,be2e4714,3e2e630c,1,42006576

11564,10,5473,-328,702,-19254,3159,-3601,4163,-2169,3f32ee49,bf2bc91f,be32c078,3e3370f8,3f32ee49,bf2bc91e,be32c07f,3e3370ff,1,42014594

11565,-933,5470,-118,-460,-20293,3160,-3579,4167,-2194,3f32fca2,bf2b1961,be36e315,3e38cb81,3f32fca2,bf2b1960,be36e31c,3e38cb88,1,42023112

11566,-1946,5665,-124,-1528,-19596,3501,-3605,4135,-2292,3f33367f,bf2a2fd7,be3adf37,3e3eaff2,3f33367f,bf2a2fd6,be3adf3e,3e3eaff9,1,42031631

11567,-2303,5931,-535,-3927,-17969,485,-3605,4135,-2292,3f3351c1,bf29580f,be3e8dd2,3e455522,3f3351c1,bf29580f,be3e8dda,3e45552a,1,42040149

11568,-1869,6034,-931,-5276,-17762,-4716,-3515,4135,-2327,3f333c98,bf28a90a,be4264f0,3e4c0ae7,3f333c98,bf28a90a,be4264f8,3e4c0aef,1,42048668

11569,-1060,6292,-424,-2483,-17863,-5876,-3471,4157,-2354,3f32fc2a,bf281a56,be474e50,3e521bf1,3f32fc29,bf281a54,be474e56,3e521bf7,1,42057187

11570,-350,6261,736,-975,-16666,-4251,-3393,4119,-2387,3f32a82c,bf279dd5,be4d71af,3e56d3f8,3f32a82c,bf279dd4,be4d71b6,3e56d3ff,1,42065706

11571,216,6040,770,-2076,-15480,-3647,-3393,4119,-2387,3f323599,bf274482,be537178,3e5b42c1,3f323599,bf274481,be537180,3e5b42c9,1,42074224

11572,564,5932,40,-2726,-17625,-3080,-3427,4129,-2406,3f31a291,bf270b5a,be58ba40,3e6039b4,3f31a291,bf270b59,be58ba48,3e6039bc,1,42082743

11573,552,6281,132,-2567,-18630,-875,-3391,4113,-2454,3f310d0c,bf26c246,be5e44ce,3e658771,3f310d0b,bf26c244,be5e44d5,3e658778,1,42091261

11574,405,6831,540,209,-16456,1116,-3391,4113,-2454,3f30945d,bf26406f,be64d9a3,3e6ab33d,3f30945d,bf26406e,be64d9ac,3e6ab346,1,42099780

11575,-423,7990,1962,5442,-4204,1686,-3327,4097,-2365,3f3056ef,bf254b86,be6de084,3e6f605e,3f3056ee,bf254b84,be6de08b,3e6f6065,1,42108299

11576,-4164,11557,5993,4522,-7644,1736,-3269,4105,-2590,3f30e737,bf22dc09,be7c64eb,3e7482fc,3f30e736,bf22dc07,be7c64f2,3e748303,1,42116817

11577,-3341,11729,5453,4961,-13236,3997,-3269,4105,-2590,3f31352f,bf2090f6,be85522a,3e7a1092,3f31352e,bf2090f4,be85522d,3e7a1099,1,42124835

11578,-1402,10672,4742,266,-12635,3295,-3183,4203,-2695,3f311b1f,bf1ed0a4,be8ba840,3e7f39c6,3f311b1e,bf1ed0a2,be8ba843,3e7f39cd,1,42133354

11579,-116,10680,5538,782,-15523,892,-3089,4241,-2688,3f30a047,bf1d65e9,be92a024,3e817718,3f30a045,bf1d65e7,be92a026,3e81771b,1,42141872

11580,561,10943,5588,3292,-17628,-1371,-3089,4241,-2688,3f2febbe,bf1c1873,be99f91a,3e831307,3f2febbe,bf1c1872,be99f91d,3e83130b,1,42150391

11581,560,10606,5155,4232,-17168,53,-2989,4253,-2728,3f2f36a5,bf1ac601,bea1056d,3e84a833,3f2f36a4,bf1ac5ff,bea1056e,3e84a836,1,42158909

11582,249,10054,4348,4536,-15592,1023,-2957,4297,-2799,3f2e91aa,bf196b8c,bea77103,3e86625d,3f2e91a9,bf196b8b,bea77104,3e866260,1,42167428

11583,251,9455,3556,5584,-14664,1388,-2863,4303,-2744,3f2de8eb,bf1826f0,bead4174,3e882fd9,3f2de8eb,bf1826f0,bead4176,3e882fdc,1,42175947

11584,301,8443,2703,6163,-16039,1088,-2863,4303,-2744,3f2d3c9f,bf171363,beb244a5,3e89ee5c,3f2d3c9f,bf171361,beb244a6,3e89ee5f,1,42184465

11585,0,6988,1916,3563,-16517,-324,-2803,4285,-2871,3f2c9d42,bf163b29,beb6268a,3e8ba8ef,3f2c9d43,bf163b28,beb6268c,3e8ba8f2,1,42192984

11586,-271,6023,1227,1988,-16232,441,-2773,4313,-2857,3f2c1317,bf1581e9,beb91899,3e8d8b71,3f2c1316,bf1581e7,beb9189a,3e8d8b73,1,42201502

11587,49,5846,1010,2947,-15485,816,-2773,4313,-2857,3f2b832c,bf14d54b,bebc03d6,3e8f4247,3f2b832c,bf14d54b,bebc03d9,3e8f424a,1,42210021

11588,543,5833,581,3759,-14075,887,-2751,4329,-2827,3f2ad903,bf14437b,bebef42a,3e90e6e1,3f2ad902,bf144379,bebef42c,3e90e6e2,1,42218540

11589,1054,5609,-70,3727,-13413,1881,-2697,4343,-2855,3f2a2231,bf13ce50,bec18ed0,3e92aad6,3f2a2231,bf13ce4f,bec18ed4,3e92aad8,1,42226558

11590,1965,5730,-774,4710,-15298,1253,-2697,4343,-2855,3f291a00,bf13ab0b,bec43437,3e947823,3f291a00,bf13ab0a,bec4343b,3e947825,1,42235076

11591,2674,5704,-1079,1450,-17786,1346,-2701,4325,-2878,3f27cf6e,bf13d9bb,bec6695f,3e96a75f,3f27cf6e,bf13d9ba,bec66963,3e96a761,1,42243595

11592,2247,6293,-1211,2475,-18947,1943,-2679,4345,-2896,3f269678,bf13ccca,bec8b7c7,3e9933e7,3f269678,bf13ccc9,bec8b7cb,3e9933e9,1,42252113

11593,544,7099,-1023,4400,-14669,-506,-2679,4345,-2896,3f258340,bf134f65,becb8cf8,3e9bfce3,3f258340,bf134f64,becb8cfc,3e9bfce5,1,42260632

11594,342,6463,-506,4204,-11830,-2742,-2557,4365,-2922,3f248d68,bf12cde3,bece4416,3e9e5fdf,3f248d68,bf12cde2,bece441a,3e9e5fe1,1,42269151

11595,2356,5763,-442,439,-12695,-559,-2571,4381,-2805,3f2345bc,bf12d644,bed0cba9,3ea039fd,3f2345bb,bf12d642,bed0cbac,3ea039fe,1,42277669

11596,3561,5838,-76,1010,-15667,3859,-2537,4423,-2845,3f21f1dc,bf12e54e,bed39bba,3ea1b426,3f21f1dc,bf12e54d,bed39bbf,3ea1b428,1,42286188

11597,2334,6660,1531,4069,-14284,-212,-2537,4423,-2845,3f20d6d4,bf126863,bed77f85,3ea2bf48,3f20d6d4,bf126861,bed77f89,3ea2bf49,1,42294706

11598,2450,6009,3251,3630,-18996,-4038,-2497,4369,-2847,3f1fdd02,bf11dec7,bedbb576,3ea2e4d8,3f1fdd02,bf11dec5,bedbb57a,3ea2e4d9,1,42303225

11599,3063,4850,4895,5578,-21256,-4120,-2427,4443,-2829,3f1f1cc2,bf114f9c,bee0346c,3ea1b438,3f1f1cc2,bf114f9b,bee03471,3ea1b43a,1,42311744

11600,1975,3596,6176,3401,-16831,-3053,-2427,4443,-2829,3f1ed951,bf107b56,bee45d65,3e9fe154,3f1ed951,bf107b55,bee45d6a,3e9fe156,1,42319762

11601,1625,3228,6061,-438,-14784,-2403,-2379,4397,-2851,3f1ea58b,bf0fac36,bee80fb5,3e9e44e1,3f1ea58a,bf0fac33,bee80fb8,3e9e44e2,1,42328781

11602,1848,4208,4985,474,-13868,-130,-2277,4403,-2781,3f1e31c3,bf0eeab8,beeba55b,3e9d84dc,3f1e31c3,bf0eeab6,beeba560,3e9d84de,1,42336799

11603,1291,5301,3573,2117,-12946,328,-2277,4403,-2781,3f1d9cde,bf0e1053,beef0141,3e9de075,3f1d9cde,bf0e1051,beef0146,3e9de076,1,42345317

11604,135,5721,2285,1661,-13592,-2810,-2251,4405,-2857,3f1ce781,bf0d3835,bef214d5,3e9f0992,3f1ce781,bf0d3833,bef214da,3e9f0993,1,42353836

11605,-769,5252,1345,-682,-12643,-4550,-2201,4391,-2870,3f1c4d5a,bf0c67fb,bef4692c,3ea0b7d6,3f1c4d5a,bf0c67f9,bef46931,3ea0b7d7,1,42362355

11606,-131,5258,-189,1563,-13391,-3963,-2201,4391,-2870,3f1b6fd5,bf0bee64,bef65bf7,3ea2be87,3f1b6fd5,bf0bee62,bef65bfc,3ea2be88,1,42370873

11607,847,5544,-1996,-9454,-10333,-7113,-2193,4435,-2850,3f1a1e39,bf0bf362,bef7d36f,3ea571dd,3f1a1e3a,bf0bf361,bef7d375,3ea571df,1,42379392

11608,2113,7362,-5218,-3618,-13776,-6423,-2167,4419,-2844,3f17ee5c,bf0c8310,bef92752,3ea99656,3f17ee5b,bf0c830d,bef92755,3ea99656,1,42387910

11609,2255,9129,-7957,7432,-18695,-2994,-2191,4437,-2856,3f153ef8,bf0d2a98,befa6331,3eaf0b9e,3f153ef8,bf0d2a96,befa6336,3eaf0b9f,1,42396429

11610,-1338,5733,-7057,5627,-12803,-4725,-2191,4437,-2856,3f13c8ec,bf0d62ba,bef9cf4c,3eb40cd0,3f13c8ec,bf0d62b7,bef9cf50,3eb40cd1,1,42404948

11611,-904,3931,-6788,1744,-14142,-3153,-2203,4423,-2775,3f128204,bf0de3ab,bef88ed7,3eb8524f,3f128204,bf0de3a8,bef88edc,3eb85250,1,42413466

11612,-192,3419,-7360,-109,-14098,-2840,-2281,4399,-2875,3f1113eb,bf0eb14b,bef6f373,3ebc7a9a,3f1113eb,bf0eb148,bef6f378,3ebc7a9b,1,42421985

11613,-189,3985,-8299,1648,-15701,-2751,-2281,4399,-2875,3f0f7655,bf0f847e,bef544b0,3ec10fb6,3f0f7655,bf0f847b,bef544b5,3ec10fb7,1,42430003

11614,-786,4045,-8205,3205,-14838,-2683,-2345,4447,-2856,3f0dfc94,bf102537,bef39133,3ec5a724,3f0dfc94,bf102534,bef39139,3ec5a726,1,42438521

11615,-1473,3209,-7808,2479,-15588,-2672,-2405,4363,-2833,3f0cca66,bf10b0ac,bef17894,3eca01d0,3f0cca66,bf10b0aa,bef17899,3eca01d2,1,42447040

11616,-1371,2107,-7143,-3770,-17058,-4840,-2405,4363,-2833,3f0bb8e2,bf115e2a,beef0a15,3ecde20f,3f0bb8e1,bf115e27,beef0a1a,3ecde210,1,42455559

11617,-556,1940,-6091,-5928,-17367,-3040,-2395,4397,-2908,3f0aa892,bf120927,beed0956,3ed12891,3f0aa892,bf120924,beed095c,3ed12892,1,42464077

11618,-95,2783,-3840,1383,-19864,-3892,-2473,4387,-2870,3f09bedc,bf1241a2,beec8dee,3ed37cca,3f09bedc,bf12419f,beec8df4,3ed37ccb,1,42472596

11619,-154,2282,-3068,1304,-19972,-3484,-2473,4387,-2870,3f0907c4,bf12677f,beec29ef,3ed55d68,3f0907c4,bf12677b,beec29f5,3ed55d68,1,42481114

11620,-1221,1274,-2327,-575,-16464,-3025,-2469,4353,-2929,3f08ba99,bf126bf8,beeb52b2,3ed70353,3f08ba99,bf126bf4,beeb52b8,3ed70353,1,42489633

11621,-875,962,-1337,-1772,-17433,-2534,-2451,4351,-2952,3f0887f3,bf126712,beeac1bf,3ed82f0a,3f0887f3,bf12670e,beeac1c5,3ed82f0a,1,42498152

11622,-204,1310,-357,-2143,-18054,-1688,-2451,4351,-2952,3f084c15,bf124c19,beeac9aa,3ed90631,3f084c14,bf124c14,beeac9af,3ed90630,1,42506670

11623,-350,1883,-6,-1358,-17016,-1070,-2411,4363,-2834,3f0815b8,bf12001e,beeb1a30,3eda0389,3f0815b8,bf12001b,beeb1a37,3eda038a,1,42515189

11624,-769,2506,337,-596,-16086,-1228,-2433,4305,-2940,3f07eb6f,bf1179d9,beebbb55,3edb2557,3f07eb6f,bf1179d5,beebbb5b,3edb2557,1,42523708

11625,-1484,2640,960,79,-14580,-1234,-2411,4351,-2919,3f07fa04,bf10b09c,beec8655,3edc3aa1,3f07fa05,bf10b099,beec865c,3edc3aa2,1,42532226

11626,-2107,2340,1484,507,-14230,-1171,-2411,4351,-2919,3f084884,bf0fbdf5,beed4410,3edd278e,3f084885,bf0fbdf2,beed4416,3edd278e,1,42540244

11627,-1832,2292,1773,7746,-17491,2948,-2377,4297,-2916,3f08b511,bf0eafe8,beee32dc,3eddd624,3f08b511,bf0eafe4,beee32e1,3eddd623,1,42548763

11628,-1427,2848,1211,7769,-17683,1540,-2359,4325,-2886,3f08e298,bf0db5bc,beef471c,3edebd80,3f08e298,bf0db5b8,beef4721,3edebd7f,1,42557281

11629,-3018,2534,1918,1179,-17220,17,-2359,4325,-2886,3f097a9a,bf0c678f,beefe882,3edfe725,3f097a9b,bf0c678b,beefe887,3edfe725,1,42565800

11630,-3503,3274,2298,-183,-17308,410,-2319,4275,-2992,3f0a0933,bf0ae48b,bef0921a,3ee19625,3f0a0934,bf0ae487,bef0921f,3ee19625,1,42574319

11631,-3843,4074,1805,-1269,-16279,-1295,-2247,4273,-3120,3f0a52a3,bf09654c,bef1622c,3ee3ac3f,3f0a52a4,bf096548,bef16230,3ee3ac3f,1,42582837

11632,-3682,4102,964,-261,-16258,-3104,-2247,4273,-3120,3f0a73c4,bf080be8,bef21182,3ee5dc7f,3f0a73c5,bf080be4,bef21186,3ee5dc7f,1,42591356

11633,-3197,3086,131,-213,-16557,-2084,-2255,4251,-3067,3f0a8817,bf070e0e,bef234e6,3ee7dad1,3f0a8817,bf070e0b,bef234eb,3ee7dad2,1,42599875

11634,-2381,2137,-445,-1242,-16171,61,-2237,4187,-3048,3f0a8844,bf066ecc,bef1d39e,3ee9b048,3f0a8845,bf066eca,bef1d3a4,3ee9b04a,1,42608393

11635,-1834,2089,-1007,-2219,-16022,340,-2237,4187,-3048,3f0a5933,bf060397,bef157aa,3eeb9453,3f0a5933,bf060395,bef157af,3eeb9454,1,42616912

11636,-1896,2313,-1582,-1122,-15399,231,-2235,4227,-3086,3f0a1100,bf059ea9,bef0c6ab,3eedb4f7,3f0a1101,bf059ea7,bef0c6b1,3eedb4f9,1,42625431

11637,-2029,2367,-2120,-306,-15716,-165,-2241,4219,-3149,3f09bae9,bf05418c,bef02218,3eeff19c,3f09bae9,bf054189,bef0221c,3eeff19c,1,42633949

11638,-2021,2072,-2632,527,-15863,-932,-2241,4193,-3136,3f095e17,bf0500f1,beef5477,3ef220bd,3f095e17,bf0500ee,beef547a,3ef220bd,1,42641967

11639,-1741,1565,-2860,1166,-16393,-1023,-2241,4193,-3136,3f0903be,bf04e49f,beee65ac,3ef4153f,3f0903be,bf04e49c,beee65af,3ef4153f,1,42650486

11640,-1194,947,-2907,1809,-17021,-810,-2295,4173,-3233,3f08ad36,bf04f5ca,beed6d46,3ef5a2c3,3f08ad37,bf04f5c8,beed6d4a,3ef5a2c4,1,42659004

11641,-400,459,-3075,2897,-17720,-629,-2299,4237,-3185,3f084762,bf053c99,beec82b7,3ef6cd2d,3f084762,bf053c96,beec82b9,3ef6cd2c,1,42667523

11642,128,68,-3577,2185,-17966,-927,-2299,4237,-3185,3f07bf2c,bf05c364,beeb6f11,3ef7dcc1,3f07bf2d,bf05c362,beeb6f15,3ef7dcc2,1,42676041

11643,321,-350,-3966,1369,-17870,-987,-2349,4207,-3179,3f0729c6,bf067791,beea1b31,3ef8dec9,3f0729c6,bf06778e,beea1b34,3ef8dec8,1,42684560

11644,439,-896,-4324,1916,-18697,-972,-2383,4217,-3166,3f06991f,bf07501f,bee88524,3ef9bf21,3f069920,bf07501d,bee88529,3ef9bf22,1,42693079

11645,609,-1504,-4553,1385,-19115,-463,-2383,4217,-3166,3f061053,bf084d92,bee6ae5d,3efa7282,3f061053,bf084d8f,bee6ae61,3efa7283,1,42701597

11646,751,-1979,-3893,319,-19513,-323,-2461,4227,-3140,3f05a8c0,bf0950fb,bee4e49b,3efabd0d,3f05a8c0,bf0950f8,bee4e49f,3efabd0e,1,42710116

11647,671,-2336,-2698,-1722,-18985,-549,-2475,4221,-3224,3f0571a8,bf0a4131,bee33fa8,3efaa152,3f0571a8,bf0a412f,bee33fad,3efaa154,1,42718634

11648,307,-2360,-1793,-2559,-18532,-186,-2475,4221,-3224,3f056cb4,bf0b0245,bee1b7d1,3efa62bb,3f056cb4,bf0b0243,bee1b7d7,3efa62be,1,42727153

11649,-443,-2206,-1082,-1982,-17443,-839,-2509,4209,-3193,3f05a2ae,bf0b80d3,bee0553d,3efa14ad,3f05a2ad,bf0b80d1,bee05543,3efa14b0,1,42735672

11650,-1205,-2407,-573,-5282,-15124,-2737,-2517,4183,-3171,3f0609b2,bf0be004,bedebcaf,3ef9d09f,3f0609b0,bf0be002,bedebcb6,3ef9d0a3,1,42744190

11651,-1765,-956,1229,-18112,-7076,-12854,-2475,4117,-3178,3f069732,bf0bb043,bede178e,3ef99e2a,3f069730,bf0bb041,bede1794,3ef99e2d,1,42752208

11652,-2047,4323,6981,-4633,-15040,-2470,-2475,4117,-3178,3f0763c9,bf09becc,bee1435b,3ef95df1,3f0763c7,bf09beca,bee14361,3ef95df4,1,42760727

11653,-2396,9630,14741,24207,-17953,12821,-2211,4067,-3235,3f08e646,bf057fb7,bee8fdc0,3ef8344f,3f08e644,bf057fb5,bee8fdc6,3ef83452,1,42769245

11654,1160,5160,8867,8150,-21603,-549,-2173,4109,-3132,3f0973d7,bf037335,beee55b4,3ef64660,3f0973d5,bf037333,beee55ba,3ef64663,1,42777764

11655,611,692,2076,743,-14661,-954,-2173,4109,-3132,3f09981b,bf0323f1,beef810b,3ef57bb3,3f099818,bf0323ee,beef8110,3ef57bb5,1,42786282

11656,-107,537,1254,1009,-17832,-1122,-2153,4133,-3217,3f09c059,bf02d9bf,bef01dd5,3ef5268d,3f09c056,bf02d9bc,bef01dda,3ef5268f,1,42794801

11657,-301,933,916,1577,-17788,235,-2125,4149,-3340,3f09e135,bf0273a6,bef0b5b5,3ef5215f,3f09e133,bf0273a4,bef0b5bb,3ef52163,1,42803320

11658,-914,62,-90,-154,-16189,-266,-2125,4149,-3340,3f0a0351,bf0250f6,bef05ce5,3ef5757b,3f0a034e,bf0250f4,bef05cea,3ef5757e,1,42811838

11659,-1115,-4,-159,1316,-16315,-283,-2121,4095,-3245,3f0a3997,bf021e5e,bef0010d,3ef5c085,3f0a3994,bf021e5c,bef00112,3ef5c088,1,42820357

11660,-1126,-266,35,1686,-13838,616,-2171,4101,-3314,3f0a92e7,bf01dd7c,beef9f58,3ef5dff0,3f0a92e4,bf01dd7a,beef9f5d,3ef5dff4,1,42828876

11661,-481,-793,-357,1776,-13830,326,-2171,4101,-3314,3f0ad07b,bf01e419,beef23d2,3ef5bf47,3f0ad079,bf01e417,beef23d8,3ef5bf4c,1,42837394

11662,382,-1176,-842,2640,-16562,133,-2189,4087,-3223,3f0ae45f,bf0235ad,beeea650,3ef55f96,3f0ae45d,bf0235aa,beeea655,3ef55f9a,1,42845913

11663,384,-1936,-1350,1209,-18172,786,-2251,4103,-3246,3f0afeac,bf02be35,beed9c4d,3ef503b3,3f0afeaa,bf02be32,beed9c52,3ef503b7,1,42853931

11664,-213,-2534,-2232,-3075,-17298,708,-2287,4093,-3228,3f0b0651,bf0387b6,beeb9266,3ef53ae0,3f0b0650,bf0387b4,beeb926c,3ef53ae4,1,42862449

11665,-699,-2036,-2287,-4039,-16396,632,-2287,4093,-3228,3f0b0af5,bf042957,bee986d6,3ef5c95e,3f0b0af3,bf042954,bee986db,3ef5c961,1,42870968

11666,-735,-742,-1281,-1102,-15340,576,-2307,4109,-3266,3f0b10c2,bf0463f9,bee862ab,3ef652c9,3f0b10c1,bf0463f7,bee862b1,3ef652cd,1,42879486

11667,-346,37,-746,19,-15181,485,-2253,4085,-3207,3f0b0a29,bf046c65,bee7fde3,3ef6ae82,3f0b0a27,bf046c62,bee7fde7,3ef6ae84,1,42888005

11668,233,266,-587,-204,-15419,-431,-2253,4085,-3207,3f0adf52,bf048a2d,bee7f05b,3ef6dbc4,3f0adf50,bf048a2a,bee7f05f,3ef6dbc6,1,42896524

11669,603,608,-265,366,-15039,1213,-2279,4085,-3274,3f0ac093,bf047f4b,bee83217,3ef6fa7d,3f0ac091,bf047f48,bee8321c,3ef6fa80,1,42905042

11670,1112,368,-238,-1158,-17656,704,-2263,4095,-3266,3f0a7828,bf04b401,bee86e96,3ef6f2f1,3f0a7828,bf04b3ff,bee86e9d,3ef6f2f6,1,42913561

11671,1096,404,-76,-802,-16679,375,-2263,4095,-3266,3f0a36f2,bf04df09,bee8c953,3ef6d30c,3f0a36f1,bf04df06,bee8c958,3ef6d30f,1,42922080

11672,885,704,85,-819,-16515,698,-2309,4079,-3247,3f09fc20,bf04ed88,bee92c76,3ef6d9e1,3f09fc1f,bf04ed85,bee92c7b,3ef6d9e4,1,42930598

11673,816,897,167,-32,-14698,829,-2271,4099,-3214,3f09cee6,bf04dc76,bee9b82e,3ef6df92,3f09cee5,bf04dc74,bee9b833,3ef6df96,1,42939117

11674,1227,1016,184,-479,-15515,699,-2271,4099,-3214,3f098256,bf04e2cd,beea654d,3ef6d88f,3f098255,bf04e2cb,beea6552,3ef6d893,1,42947135

11675,1700,923,252,-727,-16924,769,-2209,4079,-3293,3f0925b9,bf04fd97,beeb36ce,3ef6a5a5,3f0925b7,bf04fd94,beeb36d2,3ef6a5a7,1,42955653

11676,1848,837,595,2701,-14716,-849,-2171,4075,-3192,3f08e104,bf050ae3,beec6ac9,3ef5faf1,3f08e102,bf050ae1,beec6acd,3ef5faf4,1,42964172

11677,2507,-20,862,-111,-15013,291,-2225,4139,-3113,3f08a120,bf0557e0,beed6db9,3ef4e847,3f08a11e,bf0557df,beed6dbe,3ef4e84b,1,42972690

11678,2806,-394,539,-948,-17316,505,-2225,4139,-3113,3f084e86,bf05d450,beee2cc2,3ef3d6cc,3f084e84,bf05d44f,beee2cc6,3ef3d6cf,1,42981209

11679,2320,-271,24,-1777,-17861,-81,-2243,4175,-3162,3f07ee38,bf065481,beee9dfe,3ef324ec,3f07ee36,bf065480,beee9e01,3ef324ee,1,42989728

11680,1589,207,24,-1526,-17341,85,-2195,4145,-3138,3f079e2d,bf069b3b,beef0167,3ef2d991,3f079e2b,bf069b3a,beef016a,3ef2d993,1,42998246

11681,1110,668,106,-899,-15531,503,-2195,4145,-3138,3f075e33,bf06ab4e,beef6a90,3ef2dd1b,3f075e31,bf06ab4e,beef6a94,3ef2dd1e,1,43006765

11682,843,902,-637,866,-16952,-208,-2223,4161,-3128,3f070ed1,bf06bab0,beefcb7e,3ef30c1d,3f070ecf,bf06bab0,beefcb81,3ef30c1f,1,43015283

11683,405,831,-1397,54,-20450,-1681,-2223,4143,-3126,3f06a771,bf06e821,beefb88a,3ef39f41,3f06a76f,bf06e821,beefb88d,3ef39f43,1,43023802

11684,-620,923,-935,-512,-16791,-1118,-2223,4143,-3126,3f0679cd,bf06d45b,beef7ade,3ef46c33,3f0679cb,bf06d45a,beef7ae0,3ef46c34,1,43032320

11685,-874,1183,-74,-112,-16253,-1173,-2215,4157,-3106,3f06727c,bf068622,beef941c,3ef50fbc,3f06727b,bf068622,beef941f,3ef50fbf,1,43040839

11686,-639,1211,446,623,-16010,-774,-2185,4119,-3157,3f067ccf,bf06230e,beeffc40,3ef56c57,3f067cce,bf06230e,beeffc42,3ef56c59,1,43049358

11687,-499,968,471,936,-16301,-833,-2185,4119,-3157,3f068cee,bf05cdc3,bef05fba,3ef5a1dd,3f068ced,bf05cdc4,bef05fbd,3ef5a1e0,1,43057375

11688,-470,724,121,614,-16456,-586,-2203,4105,-3170,3f069638,bf0592a2,bef08a3d,3ef5e498,3f069636,bf0592a2,bef08a3e,3ef5e499,1,43065894

11689,-516,602,-233,541,-16528,-1320,-2179,4113,-3099,3f06924b,bf056e83,bef088a5,3ef63d20,3f069249,bf056e83,bef088a7,3ef63d22,1,43074413

11690,-781,412,-428,78,-17929,-1908,-2235,4151,-3131,3f069437,bf055503,bef04894,3ef6aea2,3f069434,bf055503,bef04895,3ef6aea3,1,43082931

11691,-1548,-164,-606,2131,-16504,-1540,-2235,4151,-3131,3f06d4a9,bf052a4a,beef9de0,3ef7241d,3f06d4a7,bf052a4a,beef9de2,3ef7241f,1,43091450

11692,-2207,-936,-1408,-83,-16559,-1823,-2313,4127,-3198,3f07201e,bf05320c,beee18bb,3ef7e658,3f07201c,bf05320c,beee18bd,3ef7e65a,1,43099968

11693,-2712,-758,-1538,-2837,-17762,759,-2287,4099,-3175,3f076ec8,bf052568,beec1d4a,3ef93a3a,3f076ec7,bf052569,beec1d4d,3ef93a3d,1,43108487

11694,-2586,237,-808,-248,-16050,1563,-2287,4099,-3175,3f07d9e3,bf04aab3,beead705,3efa8a2e,3f07d9e2,bf04aab2,beead707,3efa8a30,1,43117006

11695,-1901,-71,-1127,-1034,-16189,908,-2289,4135,-3247,3f080711,bf0486ab,bee99961,3efb9cc7,3f080710,bf0486ab,bee99964,3efb9cca,1,43125524

11696,-1394,-134,-983,-917,-16238,624,-2355,4057,-3278,3f082396,bf047c67,bee897d1,3efc6303,3f082394,bf047c66,bee897d3,3efc6305,1,43134043

11697,-1206,90,-685,-788,-15968,545,-2355,4057,-3278,3f083c5c,bf04649f,bee7dd52,3efd0ad5,3f083c5a,bf04649e,bee7dd54,3efd0ad7,1,43142562

11698,-1113,154,-509,-2735,-15435,163,-2295,4039,-3262,3f084641,bf045551,bee72831,3efdbb09,3f08463f,bf045550,bee72833,3efdbb0b,1,43151080

11699,-1083,171,207,518,-15057,2430,-2361,4095,-3240,3f08a9af,bf03ec89,bee6c324,3efe1b42,3f08a9ae,bf03ec89,bee6c328,3efe1b46,1,43159599

11700,-613,295,607,-860,-16878,263,-2361,4095,-3240,3f08d366,bf03b8fc,bee6c735,3efe28c1,3f08d365,bf03b8fc,bee6c739,3efe28c5,1,43167617

11701,-614,186,804,1020,-15665,1557,-2299,4107,-3324,3f092ff3,bf035681,bee6ef7c,3efe0875,3f092ff2,bf035680,bee6ef7e,3efe0878,1,43176135

11702,-533,-75,375,-759,-17585,135,-2345,4085,-3304,3f095a00,bf033ead,bee6ca19,3efe00d0,3f0959ff,bf033eac,bee6ca1b,3efe00d3,1,43184654

11703,-779,-337,251,-65,-16031,1352,-2341,4089,-3270,3f09aa2f,bf03131d,bee66554,3efe089e,3f09aa2e,bf03131d,bee66557,3efe08a2,1,43193172

11704,-488,-312,-9,-1187,-16282,700,-2341,4089,-3270,3f09c913,bf0317bc,bee5f675,3efe2091,3f09c911,bf0317bb,bee5f676,3efe2093,1,43201691

11705,-461,-118,178,-690,-16110,939,-2307,4057,-3288,3f09eeb4,bf030498,bee5b74b,3efe2f87,3f09eeb2,bf030497,bee5b74c,3efe2f89,1,43210209

11706,-321,40,378,-806,-16162,898,-2289,4045,-3338,3f0a0ec6,bf02ea91,bee5a435,3efe30c2,3f0a0ec5,bf02ea91,bee5a436,3efe30c5,1,43218728

11707,-275,118,572,-1273,-16451,877,-2289,4045,-3338,3f0a2cc2,bf02cdcf,bee5a160,3efe2d5e,3f0a2cc1,bf02cdcf,bee5a161,3efe2d61,1,43227247

11708,-243,237,972,-1000,-16392,920,-2307,4021,-3395,3f0a580f,bf029c52,bee5d296,3efe0874,3f0a580e,bf029c53,bee5d298,3efe0878,1,43235765

11709,-239,322,1241,-273,-16462,972,-2269,4051,-3285,3f0a93f0,bf0252de,bee6385f,3efdc09b,3f0a93ee,bf0252de,bee63860,3efdc09d,1,43244284

11710,-224,310,1193,-234,-16406,890,-2269,4051,-3285,3f0acc3d,bf020e2d,bee69a5d,3efd797b,3f0acc3b,bf020e2d,bee69a5d,3efd797c,1,43252803

11711,-255,273,1093,-776,-16207,908,-2315,4049,-3335,3f0afbd5,bf01d736,bee6d791,3efd4a28,3f0afbd3,bf01d736,bee6d791,3efd4a29,1,43261321

11712,-265,406,1148,-337,-15864,1330,-2245,4015,-3268,3f0b337a,bf01893d,bee72b5f,3efd232f,3f0b3379,bf01893d,bee72b60,3efd2331,1,43269339

11713,-123,481,1311,-221,-16113,1190,-2245,4015,-3268,3f0b6745,bf013aeb,bee7a607,3efce122,3f0b6744,bf013aeb,bee7a608,3efce124,1,43277858

11714,25,423,1464,-168,-16815,885,-2223,4027,-3229,3f0b9986,bf00f3ff,bee83c81,3efc78f3,3f0b9985,bf00f3ff,bee83c82,3efc78f5,1,43286376

11715,4,379,1633,382,-16039,1282,-2279,4009,-3266,3f0be0a9,bf009d98,bee8daec,3efbf9b9,3f0be0a7,bf009d97,bee8daec,3efbf9ba,1,43294895

11716,22,320,1583,665,-16271,1123,-2231,4035,-3313,3f0c264c,bf004ae0,bee97d85,3efb7104,3f0c264b,bf004ae0,bee97d87,3efb7107,1,43303413

11717,115,168,1270,271,-16144,1214,-2231,4035,-3313,3f0c5c91,bf001378,bee9efbc,3efafea7,3f0c5c90,bf001377,bee9efbc,3efafea8,1,43311932

11718,195,163,1016,501,-16264,1036,-2215,4009,-3274,3f0c84a2,beffd3fe,beea5b64,3efa950d,3f0c84a1,beffd3fc,beea5b64,3efa950e,1,43320450

11719,260,200,707,462,-16545,804,-2265,4011,-3318,3f0c97a7,beffa99b,beeab27e,3efa4411,3f0c97a6,beffa99a,beeab27f,3efa4413,1,43328969

11720,168,176,381,593,-16495,868,-2265,4011,-3318,3f0ca3e6,beff8e15,beeae57f,3efa14ca,3f0ca3e5,beff8e14,beeae580,3efa14cc,1,43337487

11721,67,125,89,497,-16287,1014,-2229,4003,-3284,3f0cab39,beff7f16,beeaf03c,3efa098c,3f0cab37,beff7f13,beeaf03c,3efa098c,1,43346006

11722,16,36,-102,47,-15943,1242,-2179,4013,-3292,3f0cae2d,beff8090,beead0dc,3efa1ede,3f0cae2b,beff808e,beead0dd,3efa1edf,1,43354525

11723,119,8,-105,-112,-16011,1205,-2179,4013,-3292,3f0cab39,beff93bf,beeab3d1,3efa2d23,3f0cab39,beff93c0,beeab3d4,3efa2d27,1,43362543

11724,204,88,71,-74,-15871,1260,-2213,4017,-3288,3f0ca9eb,beff9bbf,beeaaf40,3efa2c33,3f0ca9ea,beff9bbf,beeaaf42,3efa2c36,1,43371061

11725,301,190,209,422,-16456,936,-2211,4033,-3323,3f0ca812,beff9595,beeadf21,3efa09b7,3f0ca811,beff9595,beeadf23,3efa09ba,1,43379580

11726,350,153,125,-217,-16557,820,-2211,4033,-3323,3f0c9a61,beffaed9,beeaf9de,3ef9f58d,3f0c9a60,beffaed8,beeaf9df,3ef9f58f,1,43388098

11727,238,166,235,304,-16127,1142,-2227,3973,-3306,3f0c9e94,beffa125,beeb1aa1,3ef9db4e,3f0c9e93,beffa125,beeb1aa3,3ef9db51,1,43396617

11728,300,143,250,282,-16441,919,-2215,4027,-3270,3f0c9e86,beffa075,beeb4403,3ef9b52e,3f0c9e84,beffa074,beeb4405,3ef9b530,1,43405135

11729,274,96,195,152,-16386,933,-2231,4021,-3271,3f0c9da8,beffaa47,beeb5c55,3ef99625,3f0c9da6,beffaa47,beeb5c58,3ef99628,1,43413654

11730,192,81,198,280,-16649,785,-2231,4021,-3271,3f0ca0d1,beffadbf,beeb72d1,3ef97641,3f0ca0cf,beffadbf,beeb72d4,3ef97644,1,43422173

11731,112,53,148,297,-16380,1020,-2247,4017,-3226,3f0ca8e9,beffaca7,beeb7514,3ef962fc,3f0ca8e7,beffaca6,beeb7516,3ef962fe,1,43430691

11732,73,25,110,286,-16073,1091,-2201,4009,-3332,3f0cb386,beffa430,beeb7227,3ef95679,3f0cb384,beffa430,beeb722a,3ef9567c,1,43439210

11733,107,17,176,148,-16511,942,-2201,4009,-3332,3f0cbbff,beffa2e8,beeb7667,3ef940a4,3f0cbbfc,beffa2e7,beeb7669,3ef940a6,1,43447729

11734,109,-13,268,739,-16390,1006,-2229,4013,-3197,3f0cd0a8,beff9114,beeb8a21,3ef9119c,3f0cd0a5,beff9114,beeb8a24,3ef9119e,1,43456247

11735,77,-158,112,372,-16195,1072,-2267,3991,-3234,3f0ce216,beffa08e,beeb7095,3ef8f271,3f0ce213,beffa08e,beeb7098,3ef8f273,1,43464766

11736,51,-207,-28,371,-16123,1098,-2267,3991,-3234,3f0cf124,beffbb98,beeb43e8,3ef8ded2,3f0cf121,beffbb98,beeb43eb,3ef8ded4,1,43472784

11737,83,-159,-177,41,-16148,1092,-2265,3987,-3326,3f0cf2af,beffe8e1,beeb098a,3ef8e3e9,3f0cf2ac,beffe8e1,beeb098d,3ef8e3eb,1,43481302

11738,151,-31,-255,150,-16277,1104,-2265,4053,-3356,3f0cead1,bf0009fe,beeade4b,3ef8f237,3f0cead0,bf0009ff,beeade50,3ef8f23b,1,43489821

11739,182,28,-309,514,-16402,1304,-2265,4053,-3356,3f0ce510,bf0017f6,beeabd90,3ef90165,3f0ce50e,bf0017f5,beeabd93,3ef90166,1,43498339

11740,253,-3,-432,-225,-16408,1084,-2255,4039,-3307,3f0ccc3a,bf003c22,beea85f4,3ef92379,3f0ccc39,bf003c23,beea85fa,3ef9237d,1,43506858

11741,281,44,-425,13,-16267,1107,-2221,4017,-3258,3f0cb47c,bf00596e,beea601c,3ef94064,3f0cb47a,bf00596e,beea6020,3ef94066,1,43515377

11742,299,97,-355,142,-15991,898,-2253,3993,-3212,3f0c9c51,bf0074ec,beea4bde,3ef95156,3f0c9c4f,bf0074ec,beea4be1,3ef95157,1,43523895

11743,288,91,-297,-185,-16401,944,-2253,3993,-3212,3f0c8407,bf00914d,beea31c1,3ef96623,3f0c8405,bf00914c,beea31c3,3ef96623,1,43532414

11744,226,159,-73,135,-16071,1142,-2237,3995,-3282,3f0c7ba9,bf00969d,beea32b1,3ef96d28,3f0c7ba8,bf00969d,beea32b4,3ef96d29,1,43540932

11745,284,176,-6,347,-16262,1058,-2251,4035,-3231,3f0c744f,bf009af3,beea462f,3ef96276,3f0c744d,bf009af3,beea4632,3ef96276,1,43549451

11746,336,155,-121,-8,-16336,1019,-2251,4035,-3231,3f0c61fa,bf00ac51,beea4873,3ef965c8,3f0c61f8,bf00ac50,beea4875,3ef965c7,1,43557976

11747,321,125,-223,-4,-16336,935,-2259,4071,-3407,3f0c4ca3,bf00c240,beea4185,3ef96f0d,3f0c4ca1,bf00c23f,beea4187,3ef96f0c,1,43566495

11748,299,92,-208,-160,-16346,948,-2271,4059,-3266,3f0c3880,bf00daf2,beea2f9a,3ef97a25,3f0c387f,bf00daf3,beea2f9e,3ef97a26,1,43575014

11749,240,93,-61,-152,-16358,981,-2271,4059,-3266,3f0c2d80,bf00ea6c,beea251c,3ef97cbf,3f0c2d7e,bf00ea6c,beea251f,3ef97cbf,1,43583031

11750,214,98,109,49,-16204,1067,-2265,4085,-3269,3f0c2e2a,bf00ed7c,beea2ba1,3ef96ecf,3f0c2e29,bf00ed7c,beea2ba5,3ef96ed0,1,43591550

11751,227,105,179,266,-16065,1185,-2213,4043,-3339,3f0c35f2,bf00e545,beea4455,3ef95716,3f0c35f0,bf00e544,beea4458,3ef95716,1,43600069

11752,301,124,102,231,-16267,1051,-2213,4043,-3339,3f0c33f5,bf00e5e8,beea5feb,3ef94050,3f0c33f3,bf00e5e7,beea5fee,3ef94050,1,43608587

11753,338,136,-6,275,-16127,1057,-2271,4071,-3234,3f0c2bf3,bf00ef2f,beea6f6f,3ef93091,3f0c2bf1,bf00ef2d,beea6f71,3ef93090,1,43617106

11754,362,148,-158,420,-16373,920,-2245,4033,-3242,3f0c1c3c,bf00fd6d,beea7f5e,3ef9276e,3f0c1c3a,bf00fd6b,beea7f60,3ef9276d,1,43625625

11755,338,149,-377,17,-16386,947,-2253,4049,-3273,3f0c001f,bf0117fa,beea6e29,3ef93fd0,3f0c001e,bf0117f9,beea6e2d,3ef93fd1,1,43634143

11756,294,168,-426,-80,-16425,917,-2253,4049,-3273,3f0be1f9,bf0132bf,beea5576,3ef96345,3f0be1f7,bf0132bd,beea5578,3ef96344,1,43642662

11757,257,167,-380,-47,-16420,900,-2239,4061,-3301,3f0bc803,bf01485b,beea4157,3ef98396,3f0bc802,bf01485a,beea415b,3ef98397,1,43651180

11758,199,159,-331,-28,-16338,903,-2215,4045,-3269,3f0bb39e,bf0157c1,beea2f10,3ef9a281,3f0bb39d,bf0157c0,beea2f14,3ef9a282,1,43659699

11759,159,164,-303,158,-16264,998,-2215,4045,-3269,3f0ba58a,bf015fdd,beea2022,3ef9bf30,3f0ba58a,bf015fdd,beea2026,3ef9bf32,1,43668218

11760,175,147,-381,37,-16234,1042,-2251,4059,-3346,3f0b9336,bf016ed5,beea02e4,3ef9e48e,3f0b9335,bf016ed4,beea02e6,3ef9e48e,1,43676736

11761,207,132,-413,-143,-16227,1001,-2251,4019,-3300,3f0b7c23,bf018416,bee9dfe0,3efa0cd0,3f0b7c23,bf018415,bee9dfe3,3efa0cd1,1,43684754

11762,217,118,-325,-175,-16265,1035,-2251,4019,-3300,3f0b690d,bf019688,bee9c2d4,3efa2c4e,3f0b690d,bf019687,bee9c2d6,3efa2c4e,1,43693273

11763,229,109,-208,-159,-16397,946,-2269,4031,-3328,3f0b59d0,bf01a704,bee9b1e8,3efa3be6,3f0b59d0,bf01a704,bee9b1eb,3efa3be7,1,43701791

11764,224,131,-137,-170,-16339,975,-2247,4049,-3317,3f0b4d7c,bf01b1ce,bee9aa38,3efa482f,3f0b4d7b,bf01b1cd,bee9aa39,3efa482e,1,43710310

11765,199,152,-99,-88,-16233,981,-2247,4049,-3317,3f0b444d,bf01b7a3,bee9a80c,3efa5295,3f0b444c,bf01b7a1,bee9a80c,3efa5293,1,43718829

11766,197,152,-82,17,-16334,1008,-2297,4073,-3326,3f0b3d4a,bf01bddc,bee9a455,3efa58be,3f0b3d49,bf01bddb,bee9a456,3efa58bd,1,43727347

11767,203,113,-115,31,-16348,959,-2243,4055,-3292,3f0b3625,bf01c48b,bee9a239,3efa5cbf,3f0b3625,bf01c48a,bee9a23b,3efa5cbf,1,43735866

11768,192,62,-152,-79,-16327,953,-2261,4033,-3242,3f0b2e63,bf01d104,bee991c9,3efa6378,3f0b2e63,bf01d103,bee991cb,3efa6378,1,43744384

11769,183,60,-179,-113,-16272,965,-2261,4033,-3242,3f0b25de,bf01de3d,bee97d03,3efa6e5e,3f0b25de,bf01de3c,bee97d05,3efa6e5e,1,43752903

11770,187,59,-152,-186,-16173,978,-2261,4085,-3230,3f0b1dca,bf01eb42,bee96824,3efa78c0,3f0b1dca,bf01eb42,bee96827,3efa78c1,1,43761422

11771,195,74,-84,-117,-16273,997,-2273,4037,-3338,3f0b18b4,bf01f419,bee95d54,3efa7bc8,3f0b18b3,bf01f418,bee95d55,3efa7bc7,1,43769940

11772,203,80,-54,-151,-16424,969,-2273,4037,-3338,3f0b137c,bf01fcbc,bee95670,3efa7bdf,3f0b137b,bf01fcbc,bee95672,3efa7bdf,1,43777958

11773,189,73,-55,-117,-16354,967,-2261,4057,-3304,3f0b0fbe,bf0203e7,bee94fb9,3efa7b8d,3f0b0fbc,bf0203e7,bee94fba,3efa7b8c,1,43786977

11774,163,64,-75,-78,-16286,1018,-2229,4039,-3278,3f0b0e24,bf0207c5,bee947bb,3efa7e88,3f0b0e21,bf0207c4,bee947bb,3efa7e86,1,43794995

11775,172,64,-106,-208,-16331,1022,-2229,4039,-3278,3f0b0942,bf020eee,bee939f7,3efa8751,3f0b0940,bf020eee,bee939f8,3efa8750,1,43803514

11776,175,53,-77,-366,-16337,1015,-2277,4055,-3381,3f0b036a,bf021a1c,bee924d8,3efa90b8,3f0b0368,bf021a1c,bee924d9,3efa90b7,1,43812032

11777,180,71,12,-233,-16383,971,-2255,4095,-3324,3f0b01d7,bf021ef6,bee92115,3efa8da3,3f0b01d6,bf021ef7,bee92118,3efa8da4,1,43820551

11778,167,100,80,-247,-16347,981,-2255,4095,-3324,3f0b0282,bf021f62,bee92403,3efa888d,3f0b0281,bf021f63,bee92405,3efa888d,1,43829070

11779,156,118,137,-114,-16311,975,-2271,4061,-3246,3f0b06cc,bf021c07,bee92df3,3efa7cc0,3f0b06cb,bf021c08,bee92df5,3efa7cc0,1,43837588

11780,160,127,154,2,-16306,982,-2245,4041,-3328,3f0b0cfa,bf02142a,bee9419b,3efa6d0e,3f0b0cf9,bf02142b,bee9419d,3efa6d0e,1,43846107

11781,166,131,99,-37,-16311,998,-2247,4031,-3271,3f0b1017,bf020f62,bee94eaf,3efa63e5,3f0b1016,bf020f63,bee94eb1,3efa63e5,1,43854626

11782,166,116,52,-72,-16222,1050,-2247,4031,-3271,3f0b121f,bf020cae,bee953a1,3efa6066,3f0b121d,bf020cae,bee953a2,3efa6064,1,43863144

11783,188,104,35,-44,-16245,1061,-2235,4017,-3214,3f0b1388,bf020b34,bee9592d,3efa5b26,3f0b1387,bf020b35,bee9592f,3efa5b25,1,43871663

11784,220,92,18,-58,-16294,1045,-2285,4013,-3268,3f0b1283,bf020fb8,bee95942,3efa53f7,3f0b1282,bf020fb9,bee95944,3efa53f6,1,43880181

11785,240,69,7,-64,-16264,1049,-2285,4013,-3268,3f0b111c,bf021673,bee9578c,3efa4ab0,3f0b111b,bf021674,bee9578d,3efa4aae,1,43888199

11786,262,52,6,-92,-16291,965,-2281,4013,-3286,3f0b0de8,bf022025,bee95836,3efa3d05,3f0b0de8,bf022027,bee95838,3efa3d04,1,43896718

11787,259,48,-8,-138,-16281,958,-2295,4075,-3276,3f0b09b4,bf022bfe,bee953e0,3efa31c4,3f0b09b3,bf022bff,bee953e0,3efa31c1,1,43905237

11788,250,64,-16,-307,-16320,990,-2295,4075,-3276,3f0b0333,bf0238e2,bee94962,3efa2f29,3f0b0333,bf0238e4,bee94964,3efa2f27,1,43913755

11789,230,91,21,-331,-16451,952,-2319,4083,-3286,3f0afd21,bf02447f,bee940fb,3efa2c4e,3f0afd21,bf024482,bee940fe,3efa2c4d,1,43922274

11790,210,126,53,-277,-16499,908,-2283,4061,-3250,3f0af883,bf024a13,bee943fd,3efa2824,3f0af882,bf024a15,bee943ff,3efa2822,1,43930793

11791,180,150,78,-130,-16390,894,-2283,4061,-3250,3f0af714,bf024a6a,bee94d75,3efa21cc,3f0af713,bf024a6c,bee94d76,3efa21c9,1,43939311

11792,134,142,60,-24,-16401,919,-2261,4025,-3223,3f0af900,bf0246b2,bee9559a,3efa1dab,3f0af8ff,bf0246b3,bee9559a,3efa1da7,1,43947830

11793,90,133,8,-145,-16332,964,-2287,4053,-3306,3f0af9db,bf02457e,bee94db3,3efa25a7,3f0af9da,bf02457f,bee94db3,3efa25a3,1,43956348

11794,57,134,17,-155,-16285,989,-2287,4053,-3306,3f0afcab,bf024226,bee942f7,3efa305f,3f0afcaa,bf024227,bee942f7,3efa305b,1,43964867

11795,56,135,61,-57,-16228,1023,-2295,4063,-3309,3f0b0313,bf023b90,bee93d59,3efa3518,3f0b0312,bf023b91,bee93d59,3efa3514,1,43973386

11796,71,158,55,-70,-16249,1025,-2289,4019,-3296,3f0b0778,bf0234ed,bee93ac2,3efa3b8c,3f0b0778,bf0234ef,bee93ac4,3efa3b8a,1,43981904

11797,82,157,32,-26,-16257,1068,-2283,4049,-3282,3f0b0bb4,bf022e2e,bee937d5,3efa42e7,3f0b0bb4,bf022e30,bee937d6,3efa42e4,1,43990423

11798,119,152,-10,-65,-16294,1021,-2283,4049,-3282,3f0b0b78,bf022c6e,bee93406,3efa4aa2,3f0b0b76,bf022c6f,bee93405,3efa4a9d,1,43998441

11799,128,151,-66,-175,-16296,1085,-2293,4045,-3284,3f0b07e2,bf022e92,bee92555,3efa5bd6,3f0b07e0,bf022e93,bee92554,3efa5bd1,1,44006959

11800,133,162,-69,-274,-16293,1047,-2289,4069,-3261,3f0b01b8,bf02326d,bee91643,3efa6f80,3f0b01b8,bf023270,bee91646,3efa6f7f,1,44015478

11801,162,175,5,-245,-16237,1060,-2289,4069,-3261,3f0afd8d,bf023378,bee911d9,3efa7ab5,3f0afd8c,bf02337a,bee911d9,3efa7ab2,1,44023996

11802,174,177,87,-224,-16313,1036,-2305,4049,-3330,3f0afc02,bf02327c,bee91644,3efa7c10,3f0afc02,bf02327f,bee91645,3efa7c0e,1,44032515

11803,183,177,134,-224,-16384,981,-2281,4033,-3248,3f0afb6e,bf022fe4,bee92328,3efa76bd,3f0afb6e,bf022fe6,bee92329,3efa76bb,1,44041033

11804,153,181,168,-184,-16413,957,-2281,4033,-3248,3f0afd91,bf022a4e,bee932a0,3efa6f3b,3f0afd90,bf022a4e,bee9329e,3efa6f37,1,44049552

11805,116,190,157,-56,-16389,984,-2295,4053,-3246,3f0b025a,bf0221e9,bee9402c,3efa696c,3f0b025a,bf0221ea,bee9402c,3efa696a,1,44058071

11806,86,179,123,-47,-16388,999,-2305,4055,-3293,3f0b07a1,bf021a0c,bee94660,3efa6847,3f0b07a1,bf021a0d,bee94660,3efa6845,1,44066590

11807,73,161,74,52,-16295,1043,-2305,4055,-3293,3f0b0e25,bf02121c,bee94768,3efa6956,3f0b0e25,bf02121d,bee94768,3efa6954,1,44075108

11808,62,122,-2,142,-16261,1104,-2269,4035,-3358,3f0b15d4,bf02092e,bee943fa,3efa6dfe,3f0b15d5,bf02092f,bee943fa,3efa6dfd,1,44083627

11809,88,72,-126,223,-16291,1077,-2349,4051,-3286,3f0b1972,bf020d64,bee92c23,3efa736f,3f0b1972,bf020d64,bee92c21,3efa736c,1,44092145

11810,122,2,-320,353,-16273,1125,-2265,4011,-3317,3f0b1929,bf021504,bee90e16,3efa8034,3f0b1929,bf021504,bee90e14,3efa8031,1,44100163

11811,154,-52,-608,23,-16382,985,-2265,4011,-3317,3f0b0712,bf023277,bee8ce82,3efaa644,3f0b0713,bf023277,bee8ce81,3efaa642,1,44108682

11812,146,-43,-757,-226,-16295,1029,-2313,4019,-3359,3f0aec34,bf0259e0,bee874fa,3efae302,3f0aec34,bf0259df,bee874f8,3efae2fe,1,44117200

11813,111,-20,-760,-757,-16071,1120,-2353,4013,-3277,3f0acc01,bf028789,bee80072,3efb371d,3f0acc03,bf028789,bee80073,3efb371c,1,44125719

11814,142,52,-531,-611,-16147,1224,-2353,4013,-3277,3f0ab4e9,bf02a6b9,bee7aaac,3efb786a,3f0ab4ea,bf02a6b9,bee7aaac,3efb7868,1,44134238

11815,248,105,-239,-280,-16184,1112,-2297,4041,-3285,3f0aa779,bf02b523,bee795ba,3efb8b69,3f0aa779,bf02b522,bee795b8,3efb8b65,1,44142756

11816,275,67,-147,-369,-16316,986,-2327,3989,-3366,3f0a9b0f,bf02c74b,bee78656,3efb8f29,3f0a9b10,bf02c74c,bee78657,3efb8f28,1,44151275

11817,249,54,-90,-568,-16294,999,-2327,3989,-3366,3f0a9058,bf02d8f0,bee771f5,3efb94d8,3f0a9059,bf02d8f0,bee771f5,3efb94d6,1,44159793

11818,229,88,16,-226,-16387,998,-2303,4005,-3337,3f0a8e79,bf02ddc2,bee77680,3efb8ac2,3f0a8e7a,bf02ddc1,bee7767f,3efb8abf,1,44168312

11819,198,82,18,-95,-16388,991,-2325,4019,-3266,3f0a8fd0,bf02e163,bee778d4,3efb7e1d,3f0a8fd2,bf02e163,bee778d4,3efb7e1b,1,44176831

11820,170,88,-79,-439,-16293,1047,-2325,4019,-3266,3f0a8a30,bf02eb4f,bee763a0,3efb895a,3f0a8a32,bf02eb4e,bee7639f,3efb8957,1,44185349

11821,166,110,-53,-415,-16277,1070,-2321,4057,-3290,3f0a85d3,bf02f1c4,bee753b1,3efb942f,3f0a85d5,bf02f1c4,bee753b1,3efb942d,1,44193868

11822,182,135,17,-272,-16273,1049,-2331,4027,-3261,3f0a846f,bf02f435,bee75170,3efb943f,3f0a846f,bf02f434,bee7516e,3efb943b,1,44201886

11823,203,155,17,-298,-16254,1073,-2339,4029,-3392,3f0a8172,bf02f64d,bee751f2,3efb95fc,3f0a8172,bf02f64c,bee751f1,3efb95f9,1,44210405

11824,206,153,7,-71,-16311,1027,-2339,4029,-3392,3f0a8090,bf02f64a,bee75b02,3efb8fa1,3f0a8090,bf02f649,bee75b01,3efb8f9e,1,44218923

11825,201,132,-94,-178,-16283,1063,-2315,4057,-3305,3f0a7ba8,bf02facb,bee75601,3efb95a3,3f0a7ba9,bf02facb,bee75602,3efb95a2,1,44227442

11826,199,112,-187,-414,-16237,1100,-2309,4049,-3332,3f0a7111,bf0305d0,bee73ef9,3efbab30,3f0a7111,bf0305d0,bee73ef9,3efbab2e,1,44235960

11827,209,103,-138,-472,-16345,1047,-2309,4049,-3332,3f0a66f9,bf03114a,bee72cc1,3efbba3a,3f0a66f9,bf031149,bee72cc0,3efbba37,1,44244479

11828,202,107,-25,-431,-16317,1010,-2291,4041,-3294,3f0a6218,bf0316c7,bee7289c,3efbbd53,3f0a6218,bf0316c6,bee7289b,3efbbd50,1,44252998

11829,198,121,54,-482,-16242,1075,-2305,4025,-3303,3f0a6041,bf0318f8,bee726c3,3efbbe80,3f0a6041,bf0318f8,bee726c3,3efbbe7e,1,44261516

11830,224,148,121,-312,-16353,1037,-2305,4025,-3303,3f0a60de,bf0316cc,bee73680,3efbb339,3f0a60de,bf0316cc,bee7367f,3efbb336,1,44270035

11831,227,163,137,-287,-16305,1039,-2295,4035,-3320,3f0a61e5,bf031269,bee74b14,3efba730,3f0a61e5,bf031269,bee74b13,3efba72d,1,44278554

11832,215,156,104,-243,-16312,1031,-2321,4009,-3357,3f0a62a3,bf031004,bee759c8,3efb9d08,3f0a62a4,bf031005,bee759c8,3efb9d06,1,44287072

11833,210,137,88,-255,-16267,1061,-2321,4009,-3357,3f0a63f2,bf030e7c,bee76351,3efb9493,3f0a63f2,bf030e7d,bee76350,3efb9490,1,44295591

11834,207,118,79,-234,-16260,1035,-2303,4043,-3290,3f0a65b7,bf030d66,bee76cb9,3efb8a4e,3f0a65b6,bf030d66,bee76cb7,3efb8a4a,1,44304110

11835,214,110,55,-200,-16385,993,-2279,4071,-3310,3f0a6666,bf030ca7,bee77930,3efb7edf,3f0a6666,bf030ca8,bee77930,3efb7edd,1,44312128

11836,195,86,14,-232,-16310,1014,-2295,3985,-3271,3f0a66e0,bf030edf,bee77a2d,3efb784b,3f0a66e0,bf030ee0,bee77a2d,3efb7849,1,44320646

11837,184,87,-36,-299,-16300,1052,-2295,3985,-3271,3f0a655c,bf0312c6,bee772b5,3efb7a5e,3f0a655c,bf0312c7,bee772b5,3efb7a5c,1,44329165

11838,185,88,-75,-474,-16295,1070,-2303,4037,-3305,3f0a5ff4,bf031ab3,bee7611e,3efb85ed,3f0a5ff4,bf031ab4,bee7611e,3efb85ea,1,44337683

11839,192,111,-37,-440,-16322,1027,-2319,4007,-3298,3f0a5ac6,bf0321b0,bee75628,3efb8cd5,3f0a5ac6,bf0321b1,bee75628,3efb8cd2,1,44346202

11840,194,139,15,-432,-16333,1044,-2319,4007,-3298,3f0a5706,bf032521,bee75261,3efb9164,3f0a5705,bf032521,bee7525f,3efb915f,1,44354721

11841,203,160,64,-346,-16257,1082,-2267,4045,-3311,3f0a565d,bf0320c4,bee75e22,3efb9123,3f0a565c,bf0320c4,bee75e21,3efb911f,1,44363239

11842,222,184,103,-226,-16296,1050,-2261,4049,-3312,3f0a56bd,bf031962,bee77657,3efb896d,3f0a56bd,bf031962,bee77657,3efb896a,1,44371758

11843,228,162,101,-246,-16306,1037,-2261,4049,-3312,3f0a5714,bf0313e7,bee78c2f,3efb8001,3f0a5715,bf0313e8,bee78c30,3efb7fff,1,44380277

11844,230,143,95,-407,-16295,1062,-2269,4009,-3325,3f0a55cf,bf0311e1,bee798f0,3efb7b43,3f0a55cf,bf0311e1,bee798ef,3efb7b3f,1,44388795

11845,236,120,197,-471,-16281,1050,-2301,4009,-3310,3f0a5813,bf031088,bee7a671,3efb6ca7,3f0a5813,bf031088,bee7a670,3efb6ca3,1,44397314

11846,225,93,336,43,-16317,1035,-2301,4009,-3310,3f0a6888,bf03033d,bee7cdec,3efb3fbb,3f0a6888,bf03033d,bee7cdeb,3efb3fb7,1,44405332

11847,245,69,225,-375,-16299,961,-2279,4047,-3285,3f0a6d98,bf030273,bee7e102,3efb2499,3f0a6d99,bf030274,bee7e103,3efb2497,1,44413850

11848,194,108,186,-474,-16279,1043,-2293,4007,-3307,3f0a7145,bf03003f,bee7e87c,3efb1a2d,3f0a7146,bf030040,bee7e87d,3efb1a2b,1,44422369

11849,208,143,202,-250,-16425,975,-2273,4053,-3302,3f0a75e2,bf02f967,bee80172,3efb073d,3f0a75e1,bf02f966,bee80170,3efb0738,1,44430888

11850,179,150,185,-232,-16379,990,-2273,4053,-3302,3f0a7b26,bf02f138,bee816d7,3efaf8e9,3f0a7b26,bf02f138,bee816d7,3efaf8e6,1,44439406

11851,165,163,148,-304,-16185,1085,-2261,3985,-3309,3f0a7f67,bf02e7e0,bee8250b,3efaf5df,3f0a7f67,bf02e7e0,bee8250b,3efaf5dc,1,44447925

11852,199,174,153,-248,-16295,986,-2301,4041,-3283,3f0a80f1,bf02e344,bee8369b,3efaebdb,3f0a80f1,bf02e344,bee8369b,3efaebd8,1,44456444

11853,183,176,178,-215,-16387,962,-2301,4041,-3283,3f0a8421,bf02dcf1,bee84ac9,3efadf54,3f0a8421,bf02dcf2,bee84aca,3efadf52,1,44464962

11854,157,177,160,-258,-16263,1076,-2253,4057,-3331,3f0a8903,bf02d19a,bee85cc8,3efadb8c,3f0a8902,bf02d19b,bee85cc9,3efadb89,1,44473481

11855,162,176,163,-78,-16298,1055,-2235,4037,-3330,3f0a8fde,bf02c372,bee8777e,3efad129,3f0a8fdd,bf02c373,bee8777f,3efad126,1,44481999

11856,186,162,125,-121,-16309,1036,-2235,4037,-3330,3f0a93a4,bf02b99c,bee88e44,3efac834,3f0a93a3,bf02b99d,bee88e45,3efac831,1,44490518

11857,191,147,88,-165,-16229,1083,-2265,4011,-3316,3f0a9632,bf02b3ae,bee89a20,3efac3ef,3f0a9631,bf02b3af,bee89a21,3efac3ec,1,44499036

11858,217,134,90,-242,-16230,1054,-2287,4023,-3281,3f0a967c,bf02b2d1,bee8a1c6,3efabe01,3f0a967b,bf02b2d2,bee8a1c7,3efabdfe,1,44507555

11859,239,128,125,-218,-16230,1101,-2287,4023,-3281,3f0a988e,bf02b0b7,bee8ace7,3efab37b,3f0a988c,bf02b0b8,bee8ace7,3efab377,1,44515573

11860,266,138,152,-199,-16292,1003,-2265,4001,-3289,3f0a990b,bf02ae6c,bee8c3d7,3efaa1e1,3f0a990a,bf02ae6e,bee8c3d9,3efaa1df,1,44524092

11861,264,132,139,-57,-16375,963,-2287,4059,-3279,3f0a9a77,bf02acfd,bee8db65,3efa8bd8,3f0a9a76,bf02acff,bee8db67,3efa8bd6,1,44532610

11862,233,117,79,-139,-16394,922,-2249,4057,-3357,3f0a99dd,bf02ac3f,bee8ed12,3efa7e4b,3f0a99dc,bf02ac41,bee8ed13,3efa7e49,1,44541129

11863,202,124,13,-175,-16323,993,-2249,4057,-3357,3f0a9820,bf02aba6,bee8f414,3efa7cde,3f0a981f,bf02aba8,bee8f415,3efa7cdc,1,44549647

11864,181,129,-23,-264,-16293,1005,-2251,4037,-3282,3f0a949e,bf02acd4,bee8f266,3efa83be,3f0a949d,bf02acd6,bee8f267,3efa83bc,1,44558166

11865,176,131,0,-129,-16326,1004,-2263,4017,-3298,3f0a93eb,bf02ab81,bee8f5bd,3efa84f0,3f0a93e9,bf02ab82,bee8f5bc,3efa84ec,1,44566685

11866,169,119,-18,-209,-16298,1028,-2263,4017,-3298,3f0a9281,bf02abca,bee8f28b,3efa8a71,3f0a9280,bf02abcc,bee8f28c,3efa8a6f,1,44575204

11867,176,125,-42,-176,-16294,1019,-2259,4033,-3311,3f0a8ff2,bf02ac68,bee8f06d,3efa90cb,3f0a8ff1,bf02ac6a,bee8f06e,3efa90c9,1,44583722

11868,174,122,-50,-153,-16355,998,-2335,4059,-3347,3f0a8cca,bf02b20d,bee8e59a,3efa960f,3f0a8cc9,bf02b20e,bee8e59b,3efa960d,1,44592241

11869,160,108,-76,-219,-16332,1022,-2335,4059,-3347,3f0a8931,bf02b922,bee8d33b,3efaa04f,3f0a8930,bf02b923,bee8d33c,3efaa04d,1,44600759

11870,154,110,-66,-105,-16320,1000,-2251,4049,-3361,3f0a8807,bf02b89f,bee8d0bc,3efaa646,3f0a8806,bf02b89f,bee8d0bc,3efaa643,1,44609278

11871,138,85,-105,-328,-16293,1035,-2245,4051,-3255,3f0a8480,bf02bcaf,bee8becf,3efab63d,3f0a847f,bf02bcb0,bee8bed0,3efab63b,1,44617797

11872,146,101,-82,-358,-16298,1061,-2245,4051,-3255,3f0a80f8,bf02bf7b,bee8afa0,3efac64c,3f0a80f7,bf02bf7c,bee8afa2,3efac64b,1,44625814

11873,157,118,-29,-323,-16334,1044,-2253,4091,-3298,3f0a7ebb,bf02c00b,bee8a8e6,3efad04b,3f0a7eba,bf02c00c,bee8a8e8,3efad04a,1,44634333

11874,154,134,10,-142,-16314,1040,-2277,4015,-3291,3f0a7fe3,bf02bd2a,bee8a9ee,3efad2cb,3f0a7fe2,bf02bd2b,bee8a9f0,3efad2ca,1,44642852

11875,158,126,-21,-109,-16294,1036,-2259,4009,-3315,3f0a805b,bf02ba5a,bee8ab8a,3efad622,3f0a805a,bf02ba5b,bee8ab8c,3efad621,1,44651370

11876,158,115,-88,-73,-16286,1064,-2259,4009,-3315,3f0a7f66,bf02b98c,bee8a6da,3efade47,3f0a7f64,bf02b98d,bee8a6db,3efade45,1,44659889

11877,170,105,-144,-141,-16229,1078,-2247,3999,-3363,3f0a7b52,bf02bb87,bee89ce2,3efaec67,3f0a7b50,bf02bb88,bee89ce3,3efaec65,1,44668407

11878,187,88,-201,-378,-16223,1123,-2301,4059,-3348,3f0a71e9,bf02c76c,bee87d39,3efb05b6,3f0a71e7,bf02c76d,bee87d39,3efb05b3,1,44676926

11879,227,110,-183,-526,-16291,1069,-2301,4059,-3348,3f0a63ef,bf02d664,bee86239,3efb1e51,3f0a63ef,bf02d665,bee8623a,3efb1e4f,1,44685445

11880,245,140,-84,-310,-16354,1005,-2255,4071,-3245,3f0a5ad5,bf02dc67,bee86269,3efb25b4,3f0a5ad4,bf02dc67,bee86268,3efb25b0,1,44693963

11881,241,155,-43,-231,-16360,998,-2277,4067,-3295,3f0a53e7,bf02dff1,bee867ed,3efb2877,3f0a53e7,bf02dff2,bee867ee,3efb2875,1,44702482

11882,220,143,-63,-285,-16309,1007,-2277,4067,-3295,3f0a4d01,bf02e44d,bee866ce,3efb2fa1,3f0a4d01,bf02e44e,bee866cf,3efb2f9f,1,44711001

11883,210,132,-74,-173,-16294,1062,-2243,4035,-3306,3f0a4918,bf02e446,bee86985,3efb35c8,3f0a4918,bf02e447,bee86986,3efb35c6,1,44719519

11884,205,107,-94,-254,-16354,1014,-2295,4045,-3340,3f0a4368,bf02eacb,bee8609f,3efb3cf1,3f0a4368,bf02eacc,bee860a0,3efb3cef,1,44727537

11885,199,86,-113,-283,-16282,1058,-2295,4045,-3340,3f0a3e61,bf02f221,bee85177,3efb46bd,3f0a3e60,bf02f222,bee85178,3efb46ba,1,44736056

11886,209,94,-121,-224,-16349,982,-2235,4031,-3313,3f0a385f,bf02f6d1,bee84e70,3efb4cf9,3f0a385f,bf02f6d3,bee84e72,3efb4cf7,1,44744574

11887,202,106,-151,-337,-16336,1028,-2315,4081,-3298,3f0a2fa9,bf030198,bee83a8a,3efb5c10,3f0a2fa8,bf030199,bee83a8a,3efb5c0c,1,44753093

11888,184,120,-175,-309,-16395,973,-2321,4109,-3287,3f0a25e3,bf030c8e,bee826b1,3efb6d05,3f0a25e2,bf030c8f,bee826b1,3efb6d01,1,44761611

11889,159,108,-201,-280,-16360,993,-2321,4109,-3287,3f0a1d71,bf0316e0,bee80e30,3efb80b0,3f0a1d70,bf0316e2,bee80e31,3efb80ac,1,44770130

11890,136,98,-217,-329,-16281,1086,-2291,4049,-3294,3f0a16cd,bf031e11,bee7f157,3efb9ae0,3f0a16cd,bf031e14,bee7f159,3efb9add,1,44778649

11891,146,83,-208,-364,-16225,1078,-2323,4053,-3349,3f0a0fff,bf03282f,bee7d09a,3efbb2e4,3f0a0ffe,bf032831,bee7d09a,3efbb2e0,1,44787167

11892,177,83,-185,-327,-16330,1052,-2323,4053,-3349,3f0a0905,bf033286,bee7b78e,3efbc3b1,3f0a0904,bf033289,bee7b78f,3efbc3ae,1,44795686

11893,189,78,-197,-328,-16272,1066,-2295,4047,-3356,3f0a01c3,bf033bb4,bee7a1b9,3efbd495,3f0a01c1,bf033bb6,bee7a1b8,3efbd490,1,44804205

11894,181,78,-199,-483,-16365,1005,-2271,4079,-3287,3f09f803,bf0346ae,bee78a7d,3efbe86b,3f09f801,bf0346b0,bee78a7c,3efbe866,1,44812723

11895,176,90,-173,-457,-16340,1048,-2271,4079,-3287,3f09f033,bf034e9d,bee77644,3efbfb93,3f09f031,bf034ea0,bee77644,3efbfb8f,1,44820741

11896,174,106,-127,-417,-16262,1034,-2321,4041,-3276,3f09e9de,bf0356c4,bee76289,3efc0a90,3f09e9dc,bf0356c6,bee76289,3efc0a8b,1,44829260

11897,184,101,-110,-439,-16369,1008,-2281,4043,-3330,3f09e3b0,bf035c9f,bee7574f,3efc162f,3f09e3af,bf035ca2,bee75750,3efc162c,1,44837778

11898,168,111,-100,-501,-16328,1027,-2281,4043,-3330,3f09ddbe,bf036162,bee74a22,3efc255b,3f09ddbd,bf036165,bee74a22,3efc2557,1,44846297

11899,155,124,-73,-393,-16331,1024,-2329,4087,-3285,3f09da33,bf0365af,bee73c9d,3efc308a,3f09da31,bf0365b1,bee73c9c,3efc3085,1,44854815

11900,153,122,-78,-491,-16276,1080,-2377,4033,-3277,3f09d5a8,bf036e47,bee721d3,3efc411e,3f09d5a6,bf036e49,bee721d2,3efc4119,1,44863334

11901,163,126,-63,-445,-16284,1078,-2381,4087,-3304,3f09d1ef,bf03759e,bee70bfc,3efc4df6,3f09d1ed,bf0375a0,bee70bfb,3efc4df1,1,44871853

11902,179,130,-27,-450,-16308,1040,-2381,4087,-3304,3f09ce48,bf037ca3,bee6fcc3,3efc553d,3f09ce48,bf037ca6,bee6fcc4,3efc553a,1,44880371

11903,188,136,-3,-506,-16281,1051,-2311,4069,-3204,3f09cb07,bf037f45,bee6f70a,3efc5c1a,3f09cb06,bf037f48,bee6f70b,3efc5c16,1,44888890

11904,198,152,41,-349,-16344,1020,-2321,4043,-3373,3f09ca53,bf037db0,bee6fefb,3efc59a6,3f09ca52,bf037db2,bee6fefb,3efc59a1,1,44897409

11905,188,136,21,-403,-16372,1024,-2321,4043,-3373,3f09c918,bf037ddd,bee700ed,3efc5a33,3f09c917,bf037ddf,bee700ed,3efc5a2e,1,44905927

11906,171,126,-17,-346,-16317,1051,-2293,4085,-3353,3f09c8d8,bf037c26,bee70190,3efc5dc1,3f09c8d7,bf037c28,bee70190,3efc5dbc,1,44914446

11907,152,124,-66,-354,-16350,1025,-2327,4079,-3332,3f09c6b6,bf037e5e,bee6f834,3efc6652,3f09c6b6,bf037e61,bee6f836,3efc664f,1,44922964

11908,145,115,-110,-506,-16302,1051,-2327,4079,-3332,3f09c1a7,bf038418,bee6e3b1,3efc7838,3f09c1a6,bf03841a,bee6e3b2,3efc7833,1,44930982

11909,150,121,-95,-599,-16224,1134,-2327,4049,-3297,3f09bcb6,bf03895f,bee6cad4,3efc8eb7,3f09bcb6,bf038962,bee6cad6,3efc8eb3,1,44939501

11910,181,142,-20,-439,-16325,1056,-2267,4087,-3252,3f09ba75,bf038792,bee6cd5b,3efc951a,3f09ba74,bf038794,bee6cd5c,3efc9516,1,44948020

11911,190,136,5,-413,-16343,1032,-2267,4087,-3252,3f09b914,bf03858c,bee6d3b8,3efc9681,3f09b913,bf03858e,bee6d3b9,3efc967d,1,44956538

11912,190,137,-21,-386,-16329,1056,-2325,4063,-3343,3f09b6ec,bf0386a9,bee6d1fe,3efc9a75,3f09b6eb,bf0386ab,bee6d1ff,3efc9a71,1,44965057

11913,177,115,-47,-394,-16373,1018,-2299,4039,-3341,3f09b488,bf038841,bee6cf2a,3efc9ef4,3f09b486,bf038842,bee6cf2a,3efc9eef,1,44973575

11914,147,93,-66,-469,-16386,1006,-2287,4055,-3297,3f09b265,bf038ae5,bee6c51b,3efca748,3f09b264,bf038ae7,bee6c51c,3efca744,1,44982094

11915,129,95,-50,-703,-16292,1043,-2287,4055,-3297,3f09aef7,bf038eb4,bee6b254,3efcb7f8,3f09aef6,bf038eb6,bee6b255,3efcb7f4,1,44990613

11916,128,112,53,-515,-16239,1088,-2313,4055,-3230,3f09b25b,bf038c58,bee6aa9c,3efcbc8e,3f09b25a,bf038c5a,bee6aa9d,3efcbc8a,1,44999131

11917,151,141,128,-624,-16300,1066,-2305,4075,-3311,3f09b4e7,bf0387fb,bee6ad68,3efcbd84,3f09b4e7,bf0387fe,bee6ad6a,3efcbd81,1,45007650

11918,156,165,210,-491,-16280,1101,-2305,4075,-3311,3f09bc1d,bf037d36,bee6bd38,3efcb5cb,3f09bc1c,bf037d37,bee6bd37,3efcb5c5,1,45016168

11919,173,170,271,-318,-16296,1102,-2321,4057,-3244,3f09c739,bf036fbf,bee6d6c3,3efca243,3f09c738,bf036fc0,bee6d6c2,3efca23d,1,45024687

11920,188,157,235,-410,-16333,1079,-2289,4065,-3246,3f09cef5,bf0364ee,bee6ee88,3efc9229,3f09cef4,bf0364ef,bee6ee87,3efc9223,1,45033206

11921,194,154,196,-321,-16269,1097,-2289,4065,-3246,3f09d662,bf035a82,bee70503,3efc8315,3f09d662,bf035a84,bee70504,3efc8311,1,45041223

11922,198,150,156,-251,-16251,1074,-2287,4083,-3256,3f09dca5,bf03515d,bee71ad3,3efc7475,3f09dca5,bf03515e,bee71ad3,3efc7470,1,45049742

11923,209,142,90,-348,-16288,1105,-2273,4085,-3287,3f09df09,bf034b9c,bee728dc,3efc6e5e,3f09df08,bf034b9c,bee728db,3efc6e58,1,45058261

11924,225,132,31,-392,-16300,1086,-2273,4085,-3287,3f09ddae,bf034a5a,bee73107,3efc6c76,3f09ddae,bf034a5b,bee73108,3efc6c72,1,45066779

11925,239,132,23,-389,-16228,1130,-2251,4083,-3298,3f09dc44,bf0347c4,bee73b2f,3efc6ba1,3f09dc44,bf0347c5,bee73b2f,3efc6b9d,1,45075298

11926,253,131,26,-348,-16312,1076,-2273,4057,-3278,3f09d9f5,bf0347a5,bee74690,3efc667d,3f09d9f5,bf0347a7,bee74691,3efc667a,1,45083816

11927,270,119,9,-370,-16309,1029,-2313,4101,-3349,3f09d572,bf034c9b,bee74d11,3efc6016,3f09d571,bf034c9b,bee74d10,3efc6011,1,45092335

11928,257,126,-1,-370,-16355,989,-2313,4101,-3349,3f09d046,bf0351aa,bee75365,3efc5b09,3f09d046,bf0351ab,bee75366,3efc5b06,1,45100854

11929,235,120,-6,-487,-16387,1008,-2279,4093,-3258,3f09cb0c,bf0355ee,bee755ac,3efc5b7d,3f09cb0c,bf0355ef,bee755ac,3efc5b7a,1,45109372

11930,207,118,1,-498,-16385,999,-2277,4065,-3316,3f09c729,bf035880,bee756e8,3efc5d7c,3f09c72a,bf035882,bee756e9,3efc5d7a,1,45117891

11931,184,132,26,-487,-16358,1028,-2277,4065,-3316,3f09c55c,bf0357cf,bee75931,3efc60c5,3f09c55c,bf0357d0,bee75930,3efc60c1,1,45126410

11932,171,149,53,-559,-16302,1052,-2297,4041,-3302,3f09c3c5,bf0356ca,bee75836,3efc6748,3f09c3c5,bf0356cb,bee75834,3efc6743,1,45134928

11933,169,172,119,-485,-16286,1100,-2335,4055,-3288,3f09c59b,bf0352fa,bee75a3f,3efc6953,3f09c59b,bf0352fb,bee75a3d,3efc694e,1,45142946

11934,172,176,176,-410,-16354,1013,-2335,4055,-3288,3f09c93f,bf034d52,bee7678f,3efc60f0,3f09c93f,bf034d53,bee7678d,3efc60eb,1,45151465

11935,176,181,206,-408,-16367,1005,-2297,4055,-3284,3f09cde7,bf03443f,bee77d33,3efc55cf,3f09cde7,bf034441,bee77d32,3efc55cb,1,45159983

11936,142,186,210,-351,-16350,1045,-2343,4031,-3286,3f09d4f4,bf033b08,bee78af8,3efc4cf4,3f09d4f3,bf033b0a,bee78af6,3efc4cef,1,45168502

11937,134,174,190,-292,-16323,1053,-2343,4031,-3286,3f09dcdd,bf0331d6,bee796b0,3efc4407,3f09dcdd,bf0331d9,bee796b0,3efc4404,1,45177021

11938,129,162,167,-238,-16244,1051,-2297,4121,-3320,3f09e57b,bf0325d8,bee7a6ec,3efc3b3b,3f09e57a,bf0325da,bee7a6eb,3efc3b36,1,45185539

11939,127,152,101,-157,-16250,1106,-2291,4049,-3336,3f09edbb,bf031a30,bee7b252,3efc36ee,3f09edbb,bf031a33,bee7b253,3efc36eb,1,45194058

11940,148,135,7,-377,-16281,1084,-2333,4071,-3326,3f09edd2,bf031aa3,bee7a8dd,3efc3e81,3f09edd1,bf031aa5,bee7a8dc,3efc3e7c,1,45202577

11941,158,129,4,-349,-16348,1068,-2333,4071,-3326,3f09edb6,bf031bc1,bee7a158,3efc4355,3f09edb5,bf031bc3,bee7a157,3efc4350,1,45211095

11942,164,118,10,-357,-16303,1080,-2369,4063,-3314,3f09edd7,bf031fe7,bee793dc,3efc46ce,3f09edd7,bf031fea,bee793dd,3efc46cb,1,45219614

11943,167,116,7,-489,-16297,1073,-2279,4081,-3333,3f09ec7f,bf03202d,bee78eb3,3efc4de9,3f09ec7e,bf03202f,bee78eb2,3efc4de4,1,45228132

11944,166,123,65,-535,-16370,1026,-2279,4081,-3333,3f09ec0f,bf031f59,bee78f46,3efc5012,3f09ec0d,bf031f5b,bee78f44,3efc500c,1,45236150

11945,148,138,147,-401,-16345,1036,-2243,4033,-3374,3f09f150,bf03158d,bee79f93,3efc49f6,3f09f14f,bf031590,bee79f92,3efc49f1,1,45244669

11946,124,160,147,-287,-16293,1115,-2261,4071,-3299,3f09f970,bf030843,bee7ae27,3efc466d,3f09f96f,bf030846,bee7ae26,3efc4668,1,45253188

11947,136,164,106,-317,-16333,1063,-2261,4071,-3299,3f09fdca,bf02fe96,bee7baab,3efc4582,3f09fdc9,bf02fe99,bee7baaa,3efc457d,1,45261706

11948,140,155,72,-250,-16297,1096,-2305,4061,-3276,3f0a0205,bf02f82b,bee7bef3,3efc45a5,3f0a0204,bf02f82e,bee7bef2,3efc45a0,1,45270225

11949,143,148,35,-338,-16205,1140,-2275,4043,-3282,3f0a046e,bf02f230,bee7bf07,3efc4cb9,3f0a046e,bf02f233,bee7bf07,3efc4cb5,1,45278744

11950,180,149,33,-352,-16214,1128,-2275,4043,-3282,3f0a04a8,bf02ee76,bee7c1fd,3efc513d,3f0a04a8,bf02ee79,bee7c1fd,3efc5139,1,45287262

11951,207,144,56,-328,-16302,1073,-2303,4051,-3299,3f0a041a,bf02edbb,bee7c7e5,3efc4e90,3f0a0419,bf02edbd,bee7c7e4,3efc4e8a,1,45295781

11952,211,152,57,-319,-16312,1063,-2279,4073,-3302,3f0a033f,bf02eb53,bee7d290,3efc4b9c,3f0a033e,bf02eb56,bee7d290,3efc4b97,1,45304300

11953,212,163,27,-322,-16326,1101,-2307,4049,-3328,3f0a0102,bf02eab6,bee7d71e,3efc4d98,3f0a0102,bf02eab9,bee7d71f,3efc4d94,1,45312818

11954,207,164,7,-309,-16357,1052,-2307,4049,-3328,3f09fd8d,bf02eb40,bee7db95,3efc4fee,3f09fd8d,bf02eb43,bee7db96,3efc4fea,1,45321337

11955,193,158,-8,-327,-16299,1050,-2291,4035,-3294,3f09fa2c,bf02eb66,bee7ddf2,3efc54d8,3f09fa2c,bf02eb68,bee7ddf2,3efc54d3,1,45329856

11956,173,141,-19,-365,-16347,1065,-2329,4039,-3358,3f09f749,bf02ee31,bee7d667,3efc5c4e,3f09f749,bf02ee33,bee7d667,3efc5c49,1,45338374

11957,162,137,-31,-475,-16283,1094,-2329,4039,-3358,3f09f36a,bf02f23a,bee7c7b1,3efc69e2,3f09f36a,bf02f23c,bee7c7b1,3efc69dd,1,45346392

11958,159,150,9,-399,-16346,1081,-2309,4043,-3272,3f09f1e8,bf02f241,bee7c28c,3efc71dd,3f09f1e7,bf02f243,bee7c28b,3efc71d7,1,45354911

11959,160,156,36,-357,-16369,1063,-2329,4017,-3388,3f09f17f,bf02f145,bee7c170,3efc75d3,3f09f17e,bf02f147,bee7c16f,3efc75ce,1,45363430

11960,154,160,49,-359,-16257,1122,-2329,4017,-3388,3f09f2b2,bf02ee4e,bee7befc,3efc7b9d,3f09f2b1,bf02ee4f,bee7befa,3efc7b97,1,45371948

11961,166,158,60,-324,-16240,1124,-2239,4093,-3316,3f09f4ee,bf02e5da,bee7ca47,3efc7de3,3f09f4ee,bf02e5dc,bee7ca47,3efc7ddf,1,45380467

11962,181,156,50,-278,-16248,1150,-2319,4069,-3343,3f09f6ca,bf02e236,bee7cc71,3efc7f62,3f09f6ca,bf02e238,bee7cc71,3efc7f5e,1,45388985

11963,208,147,25,-305,-16271,1087,-2319,4069,-3343,3f09f549,bf02e2c5,bee7cef6,3efc7f32,3f09f548,bf02e2c7,bee7cef5,3efc7f2d,1,45397504

11964,212,141,1,-369,-16365,1043,-2287,4067,-3304,3f09f16f,bf02e49e,bee7d22c,3efc80d7,3f09f16e,bf02e4a0,bee7d22b,3efc80d2,1,45406023

11965,189,148,-8,-430,-16330,1069,-2313,4041,-3289,3f09ed46,bf02e7b6,bee7ccc9,3efc8876,3f09ed45,bf02e7b8,bee7ccc8,3efc8871,1,45414541

11966,174,154,35,-366,-16362,1068,-2303,4033,-3295,3f09ec54,bf02e686,bee7ce45,3efc8ba0,3f09ec53,bf02e688,bee7ce44,3efc8b9c,1,45423060

11967,167,149,53,-364,-16298,1115,-2303,4033,-3295,3f09ed65,bf02e3ad,bee7ceb1,3efc8ecf,3f09ed64,bf02e3ae,bee7ceb0,3efc8eca,1,45431578

11968,167,151,64,-354,-16233,1145,-2287,4013,-3273,3f09ef93,bf02deb2,bee7d15a,3efc91ee,3f09ef92,bf02deb4,bee7d15a,3efc91ea,1,45440097

11969,185,146,78,-318,-16280,1103,-2311,4083,-3305,3f09f168,bf02dbe4,bee7d620,3efc8f5e,3f09f166,bf02dbe5,bee7d61f,3efc8f59,1,45448616

11970,205,138,65,-355,-16260,1093,-2311,4083,-3305,3f09f16b,bf02db99,bee7d993,3efc8cc2,3f09f16b,bf02db9b,bee7d994,3efc8cbf,1,45456634

11971,206,148,51,-339,-16352,1054,-2291,4071,-3301,3f09f027,bf02dab3,bee7e142,3efc8a58,3f09f027,bf02dab5,bee7e142,3efc8a54,1,45465152

11972,180,142,62,-246,-16385,1046,-2277,4029,-3310,3f09f1e6,bf02d65b,bee7ec44,3efc856f,3f09f1e6,bf02d65d,bee7ec44,3efc856b,1,45473671

11973,157,131,8,-272,-16329,1085,-2277,4029,-3310,3f09f307,bf02d334,bee7ed8e,3efc8850,3f09f307,bf02d336,bee7ed8e,3efc884c,1,45482189

11974,147,129,-35,-330,-16252,1146,-2287,4051,-3350,3f09f2fc,bf02d171,bee7e561,3efc938d,3f09f2fb,bf02d173,bee7e560,3efc9389,1,45490708

11975,163,116,-38,-334,-16260,1104,-2299,4091,-3262,3f09f1d2,bf02d33c,bee7dbb0,3efc9b48,3f09f1d1,bf02d33e,bee7dbaf,3efc9b44,1,45499227

11976,174,123,-45,-431,-16263,1141,-2299,4091,-3262,3f09eecb,bf02d651,bee7ce94,3efca78a,3f09eecb,bf02d654,bee7ce94,3efca787,1,45507745

11977,182,136,-11,-481,-16295,1119,-2243,4029,-3333,3f09eba9,bf02d502,bee7cdfc,3efcb1a4,3f09eba8,bf02d504,bee7cdfb,3efcb1a0,1,45516264

11978,201,146,64,-321,-16341,1070,-2257,4033,-3333,3f09ebdf,bf02d0b1,bee7db42,3efcadef,3f09ebde,bf02d0b3,bee7db41,3efcadeb,1,45524782

11979,201,152,72,-340,-16294,1088,-2271,4041,-3303,3f09ec20,bf02ccd2,bee7e648,3efcab48,3f09ec1f,bf02ccd4,bee7e647,3efcab44,1,45533301

11980,188,154,54,-354,-16344,1088,-2271,4041,-3303,3f09ebd9,bf02c947,bee7ee57,3efcabd2,3f09ebd8,bf02c949,bee7ee56,3efcabce,1,45541820

11981,187,151,39,-293,-16316,1081,-2251,4073,-3309,3f09ebfb,bf02c473,bee7f939,3efcab8a,3f09ebfa,bf02c475,bee7f938,3efcab86,1,45550338

11982,175,144,18,-342,-16320,1105,-2291,4029,-3307,3f09eb64,bf02c2fe,bee7f939,3efcafdc,3f09eb62,bf02c2ff,bee7f937,3efcafd7,1,45558356

11983,166,148,-4,-435,-16286,1119,-2291,4029,-3307,3f09e8fe,bf02c2f7,bee7f33a,3efcbaa5,3f09e8fd,bf02c2f9,bee7f33a,3efcbaa2,1,45566874

11984,174,143,26,-315,-16307,1072,-2325,4001,-3322,3f09e884,bf02c383,bee7f16c,3efcbc35,3f09e882,bf02c385,bee7f16b,3efcbc31,1,45575393

11985,167,134,34,-340,-16359,1046,-2269,4031,-3306,3f09e89d,bf02c118,bee7f60a,3efcbcc6,3f09e89b,bf02c119,bee7f608,3efcbcc1,1,45583911

11986,147,138,24,-381,-16349,1092,-2269,4031,-3306,3f09e911,bf02bdd5,bee7f5d4,3efcc2b6,3f09e910,bf02bdd7,bee7f5d4,3efcc2b3,1,45592430

11987,141,136,52,-359,-16306,1077,-2249,4089,-3286,3f09eb4e,bf02b833,bee7fa8e,3efcc527,3f09eb4d,bf02b835,bee7fa8e,3efcc524,1,45600949

11988,126,141,63,-350,-16317,1095,-2287,4035,-3313,3f09ee78,bf02b314,bee7fac7,3efcc8a2,3f09ee76,bf02b314,bee7fac5,3efcc89d,1,45609467

11989,120,149,47,-378,-16309,1115,-2287,4035,-3313,3f09f0c3,bf02ae1f,bee7f843,3efcd02f,3f09f0c2,bf02ae21,bee7f844,3efcd02c,1,45617986

11990,111,151,55,-424,-16336,1104,-2297,4037,-3361,3f09f2bd,bf02a9b3,bee7f40b,3efcd8de,3f09f2bc,bf02a9b5,bee7f40c,3efcd8db,1,45626505

11991,100,172,90,-297,-16235,1153,-2253,4015,-3225,3f09f8b6,bf029dc7,bee7faa3,3efcde73,3f09f8b4,bf029dc8,bee7faa3,3efcde6f,1,45635023

11992,120,170,88,-319,-16249,1150,-2267,4081,-3316,3f09fd3d,bf0293e5,bee800fa,3efce328,3f09fd3b,bf0293e6,bee800fa,3efce324,1,45643542

11993,134,166,85,-328,-16290,1163,-2267,4081,-3316,3f0a011f,bf028b09,bee80729,3efce74c,3f0a011e,bf028b0b,bee8072b,3efce749,1,45651560

11994,149,156,93,-288,-16300,1142,-2303,4051,-3302,3f0a04fe,bf028549,bee80b56,3efce6e2,3f0a04fd,bf02854b,bee80b58,3efce6df,1,45660078

11995,157,148,83,-234,-16224,1202,-2277,4053,-3304,3f0a0a55,bf027cf9,bee811e3,3efce663,3f0a0a53,bf027cfa,bee811e4,3efce65f,1,45668597

11996,186,153,47,-262,-16242,1174,-2277,4053,-3304,3f0a0bbb,bf02784c,bee817f3,3efce76b,3f0a0bb9,bf02784d,bee817f4,3efce767,1,45677115

11997,210,143,18,-297,-16263,1166,-2277,4067,-3412,3f0a0a8d,bf027664,bee81ce8,3efce961,3f0a0a8b,bf027666,bee81ce9,3efce95e,1,45685634

11998,222,134,5,-335,-16316,1132,-2259,4039,-3295,3f0a07a9,bf0276b5,bee821a0,3efceab4,3f0a07a7,bf0276b7,bee821a2,3efceab2,1,45694153

11999,223,134,0,-367,-16311,1118,-2259,4039,-3295,3f0a03e4,bf0277f3,bee82547,3efced02,3f0a03e2,bf0277f5,bee82549,3efced00,1,45702671

12000,222,141,4,-349,-16357,1104,-2333,4075,-3352,3f09ffa1,bf027d25,bee821f9,3efceea0,3f09ff9f,bf027d27,bee821fb,3efcee9e,1,45711190

12001,194,143,0,-356,-16349,1122,-2261,4049,-3269,3f09fd0d,bf027ca4,bee823e7,3efcf386,3f09fd0b,bf027ca6,bee823e9,3efcf384,1,45719709

12002,180,148,5,-312,-16265,1162,-2261,4049,-3269,3f09fc64,bf0279a6,bee825ae,3efcf983,3f09fc62,bf0279a8,bee825b0,3efcf981,1,45728227

12003,188,146,1,-384,-16274,1156,-2291,4053,-3300,3f09f9ef,bf027a44,bee821ab,3efd0147,3f09f9ed,bf027a46,bee821ad,3efd0145,1,45736746

12004,204,149,21,-359,-16266,1157,-2247,4029,-3244,3f09f834,bf0277c5,bee82721,3efd052e,3f09f832,bf0277c7,bee82722,3efd052b,1,45745264

12005,213,155,55,-299,-16290,1133,-2247,4029,-3244,3f09f7bb,bf0273bc,bee83373,3efd033c,3f09f7b9,bf0273bd,bee83373,3efd0338,1,45753282

12006,220,142,54,-255,-16218,1160,-2301,4087,-3285,3f09f835,bf02729e,bee838d4,3efcff90,3f09f833,bf02729f,bee838d5,3efcff8d,1,45762302

12007,237,143,24,-300,-16317,1102,-2279,4065,-3322,3f09f527,bf02738f,bee840d6,3efcfcef,3f09f525,bf027390,bee840d7,3efcfcec,1,45770319

12008,242,131,1,-345,-16366,1106,-2301,4067,-3408,3f09f0ac,bf02779b,bee842d9,3efcfc85,3f09f0aa,bf02779c,bee842da,3efcfc82,1,45778838

12009,226,128,5,-320,-16319,1095,-2301,4067,-3408,3f09ed72,bf027a95,bee844a9,3efcfbbd,3f09ed71,bf027a97,bee844ab,3efcfbbb,1,45787357

12010,213,121,-8,-340,-16305,1092,-2219,4065,-3313,3f09eab9,bf0279b0,bee84beb,3efcfcdc,3f09eab8,bf0279b1,bee84bec,3efcfcd9,1,45795875

12011,195,121,-20,-381,-16364,1085,-2243,4059,-3300,3f09e776,bf027a99,bee84ca6,3efd016d,3f09e774,bf027a99,bee84ca6,3efd0169,1,45804394

12012,184,131,-10,-447,-16305,1113,-2243,4059,-3300,3f09e43e,bf027a9d,bee84b3b,3efd09b3,3f09e43d,bf027a9e,bee84b3d,3efd09b1,1,45812912

12013,189,155,41,-313,-16287,1146,-2285,4081,-3308,3f09e42a,bf0277e1,bee84efa,3efd0c12,3f09e42a,bf0277e2,bee84efd,3efd0c11,1,45821431

12014,188,152,48,-284,-16257,1119,-2299,4053,-3270,3f09e46d,bf02762a,bee8524b,3efd0c00,3f09e46d,bf02762a,bee8524d,3efd0bfe,1,45829950

12015,188,146,21,-338,-16317,1114,-2299,4053,-3270,3f09e2df,bf0276b9,bee85128,3efd0f4a,3f09e2de,bf0276b9,bee85129,3efd0f47,1,45838469

12016,192,146,28,-338,-16301,1135,-2229,4029,-3355,3f09e220,bf0271f9,bee85a58,3efd1245,3f09e220,bf0271f9,bee85a59,3efd1243,1,45846987

12017,192,148,35,-308,-16304,1114,-2297,4073,-3367,3f09e161,bf0270ea,bee85d5d,3efd134b,3f09e161,bf0270eb,bee85d5f,3efd134a,1,45855506

12018,199,143,26,-301,-16281,1139,-2297,4073,-3367,3f09e0a7,bf02702d,bee85f1e,3efd14ca,3f09e0a7,bf02702e,bee85f20,3efd14c9,1,45863524

12019,200,141,21,-307,-16269,1140,-2277,4087,-3347,3f09dfce,bf026ead,bee8626d,3efd16b1,3f09dfcd,bf026ead,bee8626d,3efd16ae,1,45872042

12020,200,136,10,-407,-16326,1105,-2307,4045,-3338,3f09dc75,bf027203,bee85e06,3efd1b2a,3f09dc74,bf027203,bee85e06,3efd1b27,1,45880561

12021,197,144,33,-389,-16326,1116,-2313,4077,-3283,3f09da4a,bf027439,bee85aed,3efd1e2a,3f09da4a,bf02743a,bee85aef,3efd1e29,1,45889079

12022,198,147,64,-304,-16299,1133,-2313,4077,-3283,3f09dad2,bf027381,bee85d3b,3efd1c62,3f09dad2,bf027381,bee85d3c,3efd1c60,1,45897598

12023,206,144,60,-315,-16294,1141,-2329,4065,-3288,3f09dacc,bf027493,bee85ca4,3efd1ac3,3f09dacd,bf027494,bee85ca6,3efd1ac2,1,45906117

12024,213,143,47,-320,-16299,1085,-2277,4031,-3296,3f09d969,bf0273f5,bee8642d,3efd1825,3f09d969,bf0273f5,bee8642e,3efd1822,1,45914635

12025,198,139,48,-248,-16313,1093,-2277,4031,-3296,3f09d9fc,bf02719a,bee86c49,3efd144a,3f09d9fd,bf02719a,bee86c4b,3efd1448,1,45923154

12026,186,142,4,-304,-16315,1120,-2287,4077,-3252,3f09d8aa,bf027198,bee86b3f,3efd1822,3f09d8ab,bf027198,bee86b41,3efd181f,1,45931672

12027,184,141,-20,-379,-16302,1135,-2329,4051,-3287,3f09d54d,bf027609,bee85f64,3efd2136,3f09d54e,bf027608,bee85f65,3efd2132,1,45940191

12028,193,152,-2,-311,-16288,1156,-2329,4051,-3287,3f09d353,bf02782e,bee858b2,3efd273a,3f09d355,bf02782e,bee858b4,3efd2737,1,45948709

12029,206,144,6,-332,-16270,1124,-2317,4083,-3325,3f09d0c5,bf027a98,bee855d2,3efd2a74,3f09d0c7,bf027a97,bee855d3,3efd2a70,1,45957228

12030,200,129,5,-422,-16339,1074,-2335,4097,-3367,3f09ccd6,bf02807b,bee84e0b,3efd2e01,3f09ccd8,bf02807a,bee84e0c,3efd2dfd,1,45965747

12031,183,157,41,-337,-16320,1125,-2335,4097,-3367,3f09cc28,bf0280d7,bee84bc4,3efd30da,3f09cc2a,bf0280d6,bee84bc5,3efd30d6,1,45973765

12032,168,174,43,-271,-16367,1118,-2331,4057,-3283,3f09cc5c,bf027f33,bee84bfd,3efd3396,3f09cc5d,bf027f32,bee84bfd,3efd3391,1,45982283

12033,157,158,6,-348,-16275,1170,-2265,4035,-3352,3f09cc3d,bf027a89,bee84bf7,3efd3d7e,3f09cc3e,bf027a88,bee84bf7,3efd3d79,1,45990802

12034,166,157,7,-249,-16277,1165,-2315,4069,-3352,3f09ccf7,bf027819,bee849a3,3efd430f,3f09ccf9,bf027818,bee849a4,3efd430b,1,45999320

12035,197,140,-6,-309,-16263,1144,-2315,4069,-3352,3f09cb33,bf0279a0,bee845ca,3efd4748,3f09cb35,bf0279a0,bee845cc,3efd4745,1,46007839

12036,212,136,-8,-314,-16293,1135,-2327,4101,-3321,3f09c88b,bf027d4c,bee840f5,3efd49f0,3f09c88d,bf027d4c,bee840f6,3efd49ec,1,46016358

12037,220,122,9,-468,-16292,1095,-2305,4079,-3283,3f09c422,bf0282f7,bee83b91,3efd4cc8,3f09c423,bf0282f7,bee83b90,3efd4cc2,1,46024876

12038,202,140,61,-481,-16349,1070,-2305,4079,-3283,3f09c180,bf028593,bee83b77,3efd4d39,3f09c182,bf028594,bee83b78,3efd4d35,1,46033395

12039,186,167,103,-278,-16389,1089,-2305,4073,-3322,3f09c372,bf028125,bee846ef,3efd479b,3f09c373,bf028125,bee846ee,3efd4795,1,46041914

12040,174,166,88,-332,-16330,1127,-2235,4095,-3438,3f09c56c,bf027832,bee856a3,3efd4757,3f09c56d,bf027833,bee856a3,3efd4752,1,46050432

12041,172,162,65,-263,-16284,1155,-2235,4095,-3438,3f09c801,bf026ec7,bee86505,3efd47eb,3f09c802,bf026ec9,bee86506,3efd47e7,1,46058951

12042,187,153,46,-222,-16282,1162,-2231,4045,-3339,3f09ca23,bf0266c0,bee872ba,3efd473d,3f09ca24,bf0266c2,bee872bb,3efd4739,1,46067469

12043,200,140,10,-235,-16233,1156,-2271,4067,-3378,3f09ca4a,bf0263b5,bee87828,3efd4831,3f09ca4b,bf0263b6,bee87828,3efd482d,1,46075988

12044,226,120,-16,-255,-16243,1150,-2271,4067,-3378,3f09c897,bf026425,bee87b24,3efd4846,3f09c898,bf026426,bee87b24,3efd4842,1,46084006

12045,248,105,-29,-263,-16364,1078,-2281,4043,-3345,3f09c49e,bf0268ff,bee87dd2,3efd4472,3f09c49f,bf0268ff,bee87dd2,3efd446d,1,46092525

12046,228,64,5,104,-16380,1078,-2271,4019,-3338,3f09c98f,bf026782,bee88acb,3efd30db,3f09c990,bf026782,bee88acb,3efd30d6,1,46101043

12047,189,-13,29,-779,-16328,1090,-2355,4045,-3241,3f09c765,bf02795b,bee865e3,3efd32a8,3f09c767,bf02795c,bee865e4,3efd32a4,1,46109562

12048,187,22,85,-813,-16200,1144,-2355,4045,-3241,3f09c6a8,bf028714,bee84562,3efd35ca,3f09c6aa,bf028715,bee84563,3efd35c6,1,46118081

12049,180,101,269,-274,-16381,1076,-2289,4017,-3316,3f09d22f,bf027e03,bee85abf,3efd1bcc,3f09d230,bf027e03,bee85abe,3efd1bc6,1,46126599

12050,209,146,191,-349,-16321,1126,-2313,4051,-3282,3f09d6e6,bf0279ab,bee86779,3efd0ece,3f09d6e7,bf0279ab,bee86778,3efd0ec8,1,46135118

12051,175,163,158,-232,-16267,1153,-2313,4051,-3282,3f09dd38,bf027215,bee872de,3efd0635,3f09dd3a,bf027215,bee872de,3efd0630,1,46143636

12052,190,147,134,-153,-16297,1091,-2331,4013,-3330,3f09e27a,bf026dba,bee87ec0,3efcf8cf,3f09e27c,bf026dba,bee87ebf,3efcf8c9,1,46152155

12053,188,142,88,-273,-16317,1057,-2281,4061,-3315,3f09e403,bf026a95,bee88901,3efcf285,3f09e405,bf026a95,bee88900,3efcf27f,1,46160674

12054,167,147,85,-448,-16264,1137,-2281,4061,-3315,3f09e4cb,bf0267ba,bee88914,3efcf6a4,3f09e4cc,bf0267ba,bee88913,3efcf69e,1,46169192

12055,165,166,113,-280,-16340,1107,-2321,4055,-3265,3f09e7b0,bf0263fd,bee88df6,3efcf38f,3f09e7b1,bf0263fd,bee88df6,3efcf38a,1,46177711

12056,173,192,98,-258,-16378,1088,-2273,4073,-3391,3f09e8ea,bf025c49,bee89db5,3efcf24b,3f09e8ea,bf025c48,bee89db4,3efcf245,1,46185729

12057,144,189,58,-249,-16292,1143,-2273,4073,-3391,3f09eacc,bf0253d9,bee8a5ad,3efcf83d,3f09eacd,bf0253d9,bee8a5ae,3efcf839,1,46194247

12058,145,185,32,-149,-16235,1161,-2299,4055,-3317,3f09ed5b,bf024ce0,bee8a984,3efcfd7d,3f09ed5c,bf024ce0,bee8a984,3efcfd78,1,46202766

12059,167,162,-9,-241,-16242,1159,-2301,4037,-3394,3f09eca6,bf024aaf,bee8a712,3efd05ca,3f09eca7,bf024aaf,bee8a712,3efd05c6,1,46211284

12060,184,146,-26,-267,-16234,1176,-2331,4057,-3403,3f09eae3,bf024cab,bee89d9e,3efd0e3d,3f09eae4,bf024cab,bee89d9e,3efd0e39,1,46219803

12061,215,124,-14,-286,-16220,1167,-2331,4057,-3403,3f09e8bc,bf0250e9,bee89594,3efd1198,3f09e8bc,bf0250e8,bee89593,3efd1193,1,46228322

12062,228,129,-12,-342,-16316,1123,-2293,4079,-3297,3f09e489,bf025531,bee89314,3efd1437,3f09e48a,bf025531,bee89315,3efd1434,1,46236840

12063,223,141,3,-283,-16379,1089,-2319,4055,-3324,3f09e0e7,bf02595f,bee892bf,3efd13d1,3f09e0e8,bf02595f,bee892c1,3efd13cf,1,46245359

12064,211,139,4,-290,-16370,1077,-2319,4055,-3324,3f09ddb0,bf025d44,bee8917b,3efd13f9,3f09ddb1,bf025d44,bee8917d,3efd13f7,1,46253878

12065,188,137,-15,-327,-16293,1161,-2307,4013,-3324,3f09dbad,bf025f2e,bee889d5,3efd1b70,3f09dbae,bf025f2d,bee889d6,3efd1b6d,1,46262396

12066,176,137,2,-342,-16291,1132,-2245,4067,-3361,3f09da9d,bf025c67,bee88be1,3efd2195,3f09da9e,bf025c67,bee88be2,3efd2192,1,46270915

12067,197,140,32,-338,-16300,1134,-2245,4067,-3361,3f09d9da,bf025941,bee8929e,3efd238d,3f09d9db,bf025941,bee8929f,3efd238a,1,46278933

12068,204,144,65,-292,-16301,1118,-2295,4047,-3308,3f09da1f,bf02580b,bee89803,3efd2081,3f09da1f,bf02580a,bee89802,3efd207d,1,46287452

12069,201,147,65,-249,-16315,1109,-2331,4079,-3275,3f09da97,bf0258c1,bee899dc,3efd1c50,3f09da98,bf0258c1,bee899db,3efd1c4d,1,46295970

12070,187,147,42,-290,-16300,1119,-2331,4079,-3275,3f09da44,bf025a2f,bee896b0,3efd1d01,3f09da44,bf025a2e,bee896ae,3efd1cfd,1,46304489

12071,178,144,32,-265,-16286,1157,-2309,4025,-3331,3f09db3e,bf0258bb,bee89502,3efd1f63,3f09db3f,bf0258bb,bee89502,3efd1f61,1,46313007

12072,191,142,21,-304,-16309,1103,-2251,4029,-3321,3f09da24,bf02564e,bee89b2e,3efd211f,3f09da25,bf02564e,bee89b2d,3efd211c,1,46321526

12073,189,147,14,-312,-16287,1132,-2301,4051,-3427,3f09d8b8,bf0255fe,bee89aa4,3efd255d,3f09d8b9,bf0255fe,bee89aa3,3efd255a,1,46330044

12074,188,160,24,-302,-16297,1120,-2301,4051,-3427,3f09d738,bf0254c4,bee89cd6,3efd2921,3f09d73a,bf0254c4,bee89cd6,3efd291f,1,46338563

12075,186,159,24,-283,-16283,1152,-2291,3997,-3309,3f09d6a7,bf0252b9,bee89e30,3efd2d55,3f09d6a8,bf0252b8,bee89e2f,3efd2d52,1,46347082

12076,186,155,13,-267,-16290,1159,-2275,4043,-3308,3f09d636,bf024fe0,bee8a0c6,3efd31cb,3f09d637,bf024fdf,bee8a0c5,3efd31c8,1,46355600

12077,199,145,3,-335,-16295,1131,-2275,4043,-3308,3f09d3ba,bf024fff,bee8a12d,3efd3693,3f09d3bc,bf024fff,bee8a12e,3efd3692,1,46364119

12078,199,150,9,-277,-16310,1129,-2303,4025,-3276,3f09d1ef,bf0250e4,bee8a078,3efd394a,3f09d1f0,bf0250e4,bee8a078,3efd3948,1,46372637

12079,192,147,5,-319,-16294,1147,-2295,4037,-3360,3f09d02a,bf0250f4,bee89ebc,3efd3e9d,3f09d02b,bf0250f3,bee89ebb,3efd3e9a,1,46381156

12080,207,147,12,-250,-16292,1150,-2295,4037,-3360,3f09cf22,bf025044,bee8a13a,3efd3ff8,3f09cf23,bf025044,bee8a13a,3efd3ff6,1,46389174

12081,212,137,13,-245,-16296,1133,-2283,4035,-3351,3f09ce29,bf024fb6,bee8a575,3efd3f59,3f09ce29,bf024fb5,bee8a573,3efd3f55,1,46397693

12082,209,127,-7,-283,-16312,1121,-2299,4095,-3258,3f09cc01,bf0252a0,bee8a298,3efd40ac,3f09cc01,bf0252a0,bee8a296,3efd40a9,1,46406211

12083,200,131,-23,-297,-16272,1153,-2299,4095,-3258,3f09c9c8,bf025528,bee89c69,3efd45fb,3f09c9c8,bf025528,bee89c67,3efd45f8,1,46414730

12084,201,136,-18,-336,-16309,1104,-2325,4055,-3351,3f09c615,bf0259ea,bee89552,3efd4ac0,3f09c615,bf0259eb,bee89551,3efd4abe,1,46423248

12085,197,137,-2,-325,-16328,1123,-2295,4049,-3320,3f09c3dc,bf025b71,bee892ff,3efd4e91,3f09c3dd,bf025b72,bee892fe,3efd4e90,1,46431767

12086,191,149,16,-325,-16304,1111,-2265,4051,-3320,3f09c23c,bf0259bc,bee89715,3efd51dd,3f09c23d,bf0259bc,bee89713,3efd51db,1,46440286

12087,196,138,28,-292,-16307,1109,-2265,4051,-3320,3f09c1bf,bf0257d1,bee89cbe,3efd51b0,3f09c1bf,bf0257d0,bee89cbc,3efd51ad,1,46448804

12088,194,135,25,-311,-16280,1139,-2291,4021,-3341,3f09c160,bf025757,bee89ce3,3efd5358,3f09c160,bf025756,bee89ce1,3efd5355,1,46457323

12089,199,145,15,-283,-16288,1141,-2273,4041,-3266,3f09c086,bf0255e2,bee89fe9,3efd5568,3f09c087,bf0255e1,bee89fe8,3efd5566,1,46465841

12090,197,136,15,-274,-16304,1135,-2273,4041,-3266,3f09c01f,bf0254b6,bee8a273,3efd565c,3f09c020,bf0254b5,bee8a272,3efd565a,1,46474360

12091,199,132,3,-347,-16307,1111,-2289,4015,-3300,3f09bdbf,bf0256a6,bee8a041,3efd598f,3f09bdc0,bf0256a5,bee8a040,3efd598d,1,46482878

12092,202,139,6,-342,-16294,1145,-2293,4073,-3343,3f09bbbd,bf025795,bee89e5f,3efd5dbd,3f09bbbe,bf025794,bee89e5e,3efd5dbb,1,46490896

12093,203,150,20,-266,-16296,1142,-2293,4073,-3343,3f09baf3,bf025668,bee8a193,3efd5eef,3f09baf3,bf025666,bee8a191,3efd5eec,1,46499415

12094,197,147,9,-307,-16313,1112,-2273,4061,-3297,3f09b919,bf0255b0,bee8a49a,3efd61a6,3f09b91a,bf0255af,bee8a49a,3efd61a5,1,46507933

12095,204,147,17,-307,-16269,1144,-2277,4029,-3362,3f09b7c3,bf025440,bee8a817,3efd6450,3f09b7c4,bf02543f,bee8a817,3efd644f,1,46516452

12096,207,148,23,-267,-16317,1098,-2277,4029,-3362,3f09b657,bf0252f2,bee8af32,3efd638e,3f09b657,bf0252f1,bee8af31,3efd638c,1,46524971

12097,203,145,5,-296,-16302,1108,-2311,4073,-3367,3f09b40b,bf0254b0,bee8ae6c,3efd65ac,3f09b40c,bf0254b0,bee8ae6d,3efd65ac,1,46533489

12098,199,143,-3,-344,-16296,1136,-2293,4041,-3357,3f09b182,bf0255bf,bee8ac2c,3efd6b13,3f09b183,bf0255bf,bee8ac2c,3efd6b12,1,46542008

12099,195,147,0,-305,-16290,1138,-2309,4075,-3382,3f09afb1,bf02568b,bee8a9c2,3efd6f9b,3f09afb1,bf02568a,bee8a9c0,3efd6f98,1,46550526

12100,200,153,1,-299,-16320,1108,-2309,4075,-3382,3f09ad17,bf0257b1,bee8a9b7,3efd72ee,3f09ad18,bf0257b1,bee8a9b6,3efd72ec,1,46559054

12101,206,147,5,-306,-16299,1122,-2313,4065,-3340,3f09aabe,bf025993,bee8a82a,3efd7597,3f09aabe,bf025993,bee8a828,3efd7594,1,46567572

12102,215,151,9,-294,-16298,1146,-2285,4081,-3369,3f09a8c6,bf0258df,bee8abe6,3efd77e1,3f09a8c7,bf0258df,bee8abe5,3efd77df,1,46576091

12103,218,154,-1,-303,-16300,1088,-2285,4081,-3369,3f09a523,bf0259b8,bee8b0ab,3efd79ab,3f09a523,bf0259b7,bee8b0a8,3efd79a7,1,46584610

12104,210,150,-9,-288,-16308,1104,-2337,4063,-3280,3f09a1bf,bf025e3c,bee8ab9d,3efd7c61,3f09a1c0,bf025e3c,bee8ab9b,3efd7c5e,1,46593128

12105,211,141,-21,-359,-16293,1154,-2311,4073,-3336,3f099e31,bf026196,bee8a512,3efd8334,3f099e32,bf026196,bee8a510,3efd8331,1,46601146

12106,214,144,-2,-338,-16321,1115,-2311,4073,-3336,3f099aed,bf02647d,bee8a2fd,3efd863a,3f099aee,bf02647d,bee8a2fb,3efd8637,1,46609665

12107,227,145,18,-335,-16293,1119,-2357,4127,-3288,3f0997a5,bf026a76,bee89cda,3efd86b1,3f0997a6,bf026a76,bee89cd8,3efd86ad,1,46618183

12108,229,143,36,-341,-16309,1115,-2339,4051,-3318,3f09953d,bf026e99,bee89b0b,3efd8514,3f09953e,bf026e99,bee89b09,3efd8510,1,46626702

12109,225,149,54,-320,-16328,1098,-2339,4051,-3318,3f09939d,bf02717e,bee89c6f,3efd8161,3f09939e,bf02717f,bee89c6d,3efd815d,1,46635220

12110,210,148,46,-335,-16321,1118,-2309,4083,-3328,3f0992ac,bf0271ba,bee89ee7,3efd80ab,3f0992ad,bf0271ba,bee89ee4,3efd80a6,1,46643739

12111,210,145,44,-399,-16316,1104,-2321,4051,-3325,3f099085,bf027441,bee89d5c,3efd818c,3f099087,bf027442,bee89d5a,3efd8188,1,46652258

12112,199,154,63,-312,-16319,1117,-2287,4029,-3337,3f099102,bf027137,bee8a4c4,3efd7ff1,3f099104,bf027138,bee8a4c2,3efd7fed,1,46660776

12113,207,159,74,-293,-16289,1130,-2287,4029,-3337,3f0991e7,bf026d67,bee8ae49,3efd7d18,3f0991e9,bf026d68,bee8ae47,3efd7d14,1,46669295

12114,216,145,77,-225,-16296,1053,-2307,4069,-3319,3f0992b7,bf026c3d,bee8b931,3efd73bc,3f0992b8,bf026c3e,bee8b92e,3efd73b7,1,46677813

12115,189,128,35,-333,-16388,1042,-2309,4089,-3295,3f0991c6,bf026e56,bee8b8e4,3efd71be,3f0991c7,bf026e57,bee8b8e1,3efd71b9,1,46686332

12116,146,138,-15,-404,-16327,1126,-2309,4089,-3295,3f099079,bf026fab,bee8ac51,3efd7d5f,3f09907a,bf026fac,bee8ac4f,3efd7d5b,1,46694350

12117,148,157,11,-323,-16293,1140,-2309,4111,-3312,3f0990ef,bf026d96,bee8a6a4,3efd85db,3f0990f0,bf026d96,bee8a6a1,3efd85d7,1,46702869

12118,172,159,26,-260,-16232,1176,-2367,4093,-3311,3f09922b,bf026e6c,bee89cda,3efd8a71,3f09922c,bf026e6d,bee89cd8,3efd8a6e,1,46711387

12119,198,158,22,-282,-16241,1165,-2367,4093,-3311,3f099198,bf02712c,bee894a2,3efd8d91,3f099199,bf02712d,bee894a0,3efd8d8e,1,46719906

12120,220,141,29,-370,-16344,1049,-2319,4095,-3341,3f098e32,bf0274ff,bee895fb,3efd8bd6,3f098e33,bf027500,bee895f9,3efd8bd3,1,46728425

12121,194,147,56,-394,-16354,1053,-2301,4099,-3331,3f098cb3,bf02757b,bee89951,3efd8b04,3f098cb4,bf02757b,bee8994e,3efd8b00,1,46736943

12122,152,172,48,-359,-16404,1077,-2301,4099,-3331,3f098c89,bf027276,bee89b45,3efd8fcc,3f098c8a,bf027276,bee89b42,3efd8fc8,1,46745462

12123,128,184,35,-291,-16297,1155,-2307,4067,-3325,3f098ea0,bf026c5f,bee899da,3efd991a,3f098ea1,bf026c5f,bee899d7,3efd9916,1,46753980

12124,135,190,18,-194,-16219,1185,-2275,4087,-3332,3f099198,bf0262cc,bee89ed8,3efda1c6,3f099199,bf0262cc,bee89ed5,3efda1c2,1,46762499

12125,159,192,-27,-283,-16387,1089,-2311,4091,-3316,3f098e42,bf0261cb,bee89d64,3efdac65,3f098e44,bf0261cc,bee89d62,3efdac62,1,46771018

12126,167,170,-26,-290,-16210,1185,-2311,4091,-3316,3f098d18,bf026044,bee896ea,3efdb7ff,3f098d1a,bf026045,bee896e8,3efdb7fc,1,46779536

12127,191,157,0,-193,-16225,1138,-2303,4081,-3427,3f098d35,bf025d7f,bee89b33,3efdb986,3f098d37,bf025d80,bee89b31,3efdb983,1,46788055

12128,204,122,-6,-436,-16289,1102,-2319,3991,-3324,3f098972,bf026356,bee891ff,3efdbe1f,3f098973,bf026357,bee891fc,3efdbe1b,1,46796573

12129,194,142,11,-488,-16374,1077,-2319,3991,-3324,3f0984fb,bf026854,bee88aca,3efdc420,3f0984fd,bf026856,bee88ac9,3efdc41e,1,46804591

12130,165,169,67,-300,-16390,1089,-2281,4073,-3326,3f098644,bf02630d,bee893bd,3efdc3ff,3f098644,bf02630d,bee893b9,3efdc3fa,1,46813110

12131,136,177,49,-361,-16332,1151,-2283,4097,-3314,3f0987c9,bf025ce5,bee894e0,3efdcc4e,3f0987cb,bf025ce6,bee894df,3efdcc4c,1,46821628

12132,131,182,45,-289,-16273,1183,-2283,4097,-3314,3f098abc,bf0254c9,bee8970e,3efdd498,3f098abd,bf0254c8,bee8970a,3efdd493,1,46830147

12133,159,174,47,-201,-16255,1160,-2283,4077,-3255,3f098db3,bf024dbc,bee89df3,3efdd652,3f098db4,bf024dbc,bee89df1,3efdd64f,1,46838665

12134,185,164,17,-264,-16208,1186,-2273,4031,-3330,3f098e2f,bf0248e2,bee8a293,3efddaff,3f098e30,bf0248e2,bee8a291,3efddafc,1,46847184

12135,222,142,10,-267,-16242,1166,-2273,4031,-3330,3f098d2d,bf02476f,bee8a835,3efddafc,3f098d2e,bf024770,bee8a834,3efddafa,1,46855703

12136,249,129,21,-263,-16301,1126,-2339,4087,-3370,3f098b07,bf024c25,bee8a90a,3efdd536,3f098b07,bf024c25,bee8a907,3efdd532,1,46864221

12137,250,110,12,-315,-16275,1109,-2287,4051,-3313,3f09887c,bf024ff4,bee8ac46,3efdcfef,3f09887d,bf024ff5,bee8ac44,3efdcfed,1,46872740

12138,234,96,21,-386,-16337,1093,-2257,4045,-3305,3f09867c,bf0252c0,bee8afa3,3efdcb6e,3f09867d,bf0252c1,bee8afa1,3efdcb6b,1,46881258

12139,223,109,32,-509,-16387,1047,-2257,4045,-3305,3f0982a6,bf025693,bee8b19b,3efdca19,3f0982a6,bf025693,bee8b198,3efdca15,1,46889777

12140,176,153,79,-380,-16393,1058,-2249,4061,-3305,3f098317,bf02521b,bee8bc6d,3efdc863,3f098318,bf02521b,bee8bc6b,3efdc860,1,46898296

12141,140,184,87,-367,-16312,1153,-2271,4015,-3259,3f09859e,bf024a3e,bee8c1c5,3efdce2b,3f09859f,bf024a3e,bee8c1c2,3efdce27,1,46906314

12142,135,216,85,-294,-16271,1167,-2271,4015,-3259,3f09884c,bf023f99,bee8cb4e,3efdd576,3f09884e,bf023f99,bee8cb4c,3efdd573,1,46914832

12143,159,219,75,-270,-16266,1180,-2273,4057,-3323,3f0989e4,bf02359a,bee8d70b,3efddbc3,3f0989e5,bf023599,bee8d708,3efddbbf,1,46923351

12144,184,209,60,-236,-16285,1145,-2251,4015,-3203,3f098a14,bf022d58,bee8e630,3efdde67,3f098a16,bf022d57,bee8e62f,3efdde64,1,46931869

12145,194,196,43,-235,-16274,1151,-2251,4015,-3203,3f0989ac,bf0226b7,bee8f329,3efde0f7,3f0989ae,bf0226b6,bee8f328,3efde0f4,1,46940388

12146,211,183,21,-229,-16311,1106,-2215,4047,-3304,3f09878e,bf02208e,bee9050d,3efde1c3,3f098790,bf02208e,bee9050c,3efde1c1,1,46948906

12147,212,162,12,-206,-16303,1124,-2275,4067,-3391,3f098628,bf021e12,bee90e3b,3efde17b,3f09862a,bf021e12,bee90e3a,3efde179,1,46957425

12148,210,140,-13,-264,-16311,1114,-2275,4067,-3391,3f0983a3,bf021e76,bee91155,3efde349,3f0983a5,bf021e75,bee91153,3efde346,1,46965943

12149,201,123,-27,-333,-16303,1153,-2317,4065,-3290,3f0980e7,bf022379,bee90663,3efde8fb,3f0980e9,bf022378,bee90662,3efde8f9,1,46974462

12150,199,127,-12,-374,-16324,1106,-2313,4067,-3264,3f097d75,bf0228d6,bee8fda8,3efded73,3f097d76,bf0228d4,bee8fda7,3efded70,1,46982981

12151,197,133,15,-311,-16268,1156,-2321,4057,-3359,3f097cdb,bf022acc,bee8f835,3efdefbc,3f097cdd,bf022acb,bee8f835,3efdefba,1,46991499

12152,206,130,28,-318,-16273,1147,-2321,4057,-3359,3f097c4a,bf022d07,bee8f48a,3efdefc5,3f097c4c,bf022d06,bee8f48a,3efdefc3,1,47000018

12153,217,128,36,-301,-16292,1142,-2269,4113,-3319,3f097c24,bf022c21,bee8f9b6,3efded2d,3f097c26,bf022c1f,bee8f9b5,3efded2a,1,47008537

12154,230,122,36,-298,-16301,1141,-2325,4053,-3265,3f097b45,bf023031,bee8f71d,3efde91b,3f097b47,bf023030,bee8f71c,3efde918,1,47016555

12155,232,120,31,-325,-16312,1100,-2325,4053,-3265,3f09792a,bf0235a7,bee8f4a3,3efde4c1,3f09792c,bf0235a6,bee8f4a2,3efde4be,1,47025073

12156,215,115,34,-390,-16365,1077,-2261,4029,-3342,3f097755,bf023705,bee8f8ab,3efde238,3f097757,bf023704,bee8f8aa,3efde235,1,47033592

12157,197,140,54,-297,-16324,1104,-2293,4079,-3403,3f0977c0,bf023588,bee8fdf9,3efddf7b,3f0977c2,bf023587,bee8fdf8,3efddf78,1,47042110

12158,190,146,48,-243,-16301,1116,-2293,4079,-3403,3f0978f9,bf0232ae,bee90410,3efddd1b,3f0978fb,bf0232ad,bee9040f,3efddd18,1,47050629

12159,187,144,6,-273,-16263,1140,-2257,4085,-3294,3f0978c3,bf022fd0,bee90786,3efde043,3f0978c5,bf022fcf,bee90786,3efde041,1,47059148

12160,188,147,-16,-321,-16291,1141,-2257,4061,-3238,3f0976c0,bf022ec9,bee90739,3efde701,3f0976c2,bf022ec8,bee90739,3efde6ff,1,47067666

12161,196,143,5,-343,-16267,1137,-2257,4061,-3238,3f097513,bf022ddb,bee90862,3efdeb79,3f097515,bf022dda,bee90862,3efdeb77,1,47076185

12162,213,151,20,-301,-16292,1138,-2345,4041,-3270,3f0972fe,bf023212,bee9027d,3efdecc3,3f0972ff,bf023210,bee9027c,3efdecc0,1,47084703

12163,225,142,21,-314,-16363,1077,-2335,4055,-3315,3f096fc1,bf023732,bee90112,3efdea8d,3f096fc2,bf023730,bee90111,3efdea8a,1,47093222

12164,207,144,15,-298,-16283,1134,-2249,4037,-3326,3f096eaf,bf023497,bee907f0,3efdebe8,3f096eb0,bf023495,bee907ef,3efdebe4,1,47101740

12165,184,145,11,-309,-16345,1101,-2249,4037,-3326,3f096daf,bf0231e8,bee90d36,3efdeebd,3f096db1,bf0231e6,bee90d36,3efdeeba,1,47109758

12166,179,143,0,-334,-16292,1140,-2289,4059,-3345,3f096c93,bf023195,bee909d4,3efdf4e9,3f096c95,bf023193,bee909d4,3efdf4e6,1,47118276

12167,179,139,1,-341,-16267,1120,-2317,4033,-3279,3f096b0d,bf02342c,bee901cf,3efdfa41,3f096b0f,bf02342a,bee901cf,3efdfa3e,1,47126795

12168,186,138,8,-346,-16296,1138,-2317,4033,-3279,3f0969c7,bf023699,bee8fa54,3efdfee5,3f0969c9,bf023697,bee8fa54,3efdfee2,1,47135314

12169,185,143,14,-289,-16318,1126,-2299,3995,-3311,3f09696c,bf02365c,bee8f946,3efe0120,3f09696e,bf02365a,bee8f946,3efe011d,1,47143832

12170,200,136,5,-317,-16295,1134,-2265,4057,-3303,3f09683f,bf023582,bee8fb52,3efe0387,3f096841,bf023580,bee8fb53,3efe0385,1,47152351

12171,203,139,7,-295,-16289,1147,-2265,4057,-3303,3f096770,bf023405,bee8fe68,3efe0580,3f096772,bf023403,bee8fe69,3efe057d,1,47160869

12172,203,132,3,-373,-16333,1099,-2289,4059,-3348,3f0964b4,bf023654,bee8fcc6,3efe0830,3f0964b6,bf023652,bee8fcc8,3efe082e,1,47169388

12173,190,147,11,-307,-16280,1143,-2273,4073,-3297,3f096414,bf023484,bee8fe6d,3efe0bba,3f096416,bf023482,bee8fe6f,3efe0bb8,1,47177907

12174,201,152,23,-354,-16333,1114,-2273,4073,-3297,3f096220,bf0233d3,bee901e3,3efe0e36,3f096222,bf0233d1,bee901e5,3efe0e34,1,47186425

12175,194,147,25,-354,-16301,1137,-2305,4035,-3347,3f0960ec,bf02345d,bee8ffe4,3efe1188,3f0960ee,bf02345b,bee8ffe5,3efe1186,1,47194944

12176,196,158,42,-278,-16301,1131,-2297,4015,-3241,3f0960f9,bf0232eb,bee90321,3efe1169,3f0960fa,bf0232e9,bee90323,3efe1168,1,47203463

12177,204,142,48,-285,-16292,1122,-2243,4005,-3296,3f096190,bf022ec2,bee90dde,3efe0ed3,3f096190,bf022ebf,bee90dde,3efe0ed0,1,47211981

12178,202,138,35,-280,-16273,1148,-2243,4005,-3296,3f09624b,bf022aab,bee91638,3efe0df6,3f09624c,bf022aa9,bee9163a,3efe0df5,1,47219999

12179,210,138,11,-316,-16348,1089,-2273,4029,-3306,3f09600e,bf022b65,bee919ed,3efe0deb,3f09600d,bf022b62,bee919ed,3efe0de8,1,47228518

12180,199,143,11,-294,-16309,1117,-2303,4065,-3272,3f095eb1,bf022cb8,bee9188f,3efe0f62,3f095eb1,bf022cb6,bee91891,3efe0f61,1,47237036

12181,197,141,7,-341,-16309,1109,-2303,4065,-3272,3f095c88,bf022f07,bee9152f,3efe126f,3f095c88,bf022f05,bee91530,3efe126d,1,47245555

12182,196,143,20,-367,-16279,1165,-2319,4049,-3281,3f095b4f,bf023135,bee90dea,3efe1747,3f095b4f,bf023133,bee90deb,3efe1745,1,47254074

12183,210,147,40,-318,-16297,1145,-2279,4055,-3320,3f095ae2,bf022f9c,bee912ac,3efe171d,3f095ae3,bf022f9b,bee912af,3efe171d,1,47262592

12184,221,146,60,-339,-16318,1113,-2279,4055,-3320,3f095a08,bf022eb6,bee91a35,3efe13e3,3f095a08,bf022eb5,bee91a37,3efe13e2,1,47271111

12185,225,151,66,-253,-16299,1109,-2311,4057,-3391,3f095a23,bf022df4,bee92298,3efe0d80,3f095a23,bf022df3,bee92298,3efe0d7f,1,47279630

12186,227,144,42,-301,-16330,1100,-2293,4067,-3322,3f09589b,bf022eb0,bee9288a,3efe09db,3f09589b,bf022eaf,bee9288a,3efe09da,1,47288148

12187,204,136,15,-306,-16308,1127,-2293,4067,-3322,3f09579e,bf022f56,bee9285f,3efe0ad2,3f09579e,bf022f55,bee9285f,3efe0ad1,1,47296667

12188,199,141,24,-297,-16307,1100,-2311,4071,-3322,3f0956a5,bf0230b5,bee927c6,3efe0aab,3f0956a4,bf0230b4,bee927c6,3efe0aaa,1,47305185

12189,210,144,21,-299,-16281,1122,-2293,4027,-3303,3f095568,bf02311c,bee9296a,3efe0b03,3f095567,bf02311b,bee9296b,3efe0b02,1,47313704

12190,216,138,23,-312,-16291,1131,-2291,4061,-3314,3f095433,bf0231c8,bee92ae9,3efe0adf,3f095433,bf0231c8,bee92aeb,3efe0adf,1,47322223

12191,223,134,35,-301,-16301,1128,-2291,4061,-3314,3f095379,bf02325a,bee92e26,3efe0850,3f095378,bf02325a,bee92e27,3efe084f,1,47330240

12192,226,131,43,-263,-16295,1117,-2251,4073,-3323,3f0953a8,bf022fef,bee938d8,3efe030c,3f0953a7,bf022fef,bee938d9,3efe030b,1,47338759

12193,229,139,26,-245,-16319,1105,-2285,4091,-3347,3f095294,bf022fec,bee93fe2,3efdfeef,3f095293,bf022fec,bee93fe3,3efdfeee,1,47347278

12194,222,131,1,-401,-16325,1091,-2285,4091,-3347,3f094e9b,bf023380,bee93e85,3efe0172,3f094e99,bf023380,bee93e85,3efe0170,1,47355796

12195,207,136,11,-269,-16275,1157,-2261,4101,-3248,3f094eab,bf023190,bee941a0,3efe026f,3f094ea9,bf023190,bee941a0,3efe026d,1,47364315

12196,213,138,15,-326,-16308,1108,-2307,4053,-3380,3f094ca8,bf0233af,bee940c4,3efe0337,3f094ca6,bf0233b0,bee940c5,3efe0336,1,47372834

12197,221,134,3,-360,-16328,1079,-2307,4053,-3380,3f094908,bf0237c5,bee93f0c,3efe043f,3f094906,bf0237c6,bee93f0d,3efe043e,1,47381352

12198,218,142,27,-257,-16292,1128,-2275,4055,-3343,3f0948bd,bf023611,bee945a0,3efe0257,3f0948ba,bf023611,bee945a0,3efe0255,1,47389871

12199,220,141,20,-286,-16314,1103,-2295,4065,-3264,3f094720,bf023779,bee947c9,3efe00f7,3f09471d,bf023779,bee947ca,3efe00f6,1,47398390

12200,210,136,7,-337,-16293,1095,-2295,4065,-3264,3f0944c1,bf023a02,bee945f5,3efe028e,3f0944bf,bf023a03,bee945f8,3efe028f,1,47406908

12201,199,135,6,-281,-16315,1078,-2337,4061,-3273,3f094322,bf023e61,bee93ffa,3efe0298,3f094320,bf023e62,bee93ffd,3efe0299,1,47415427

12202,198,133,2,-421,-16334,1087,-2305,4091,-3308,3f093fda,bf024263,bee9395f,3efe0789,3f093fd7,bf024263,bee93960,3efe0788,1,47423946

12203,186,147,39,-367,-16299,1110,-2303,4053,-3297,3f093f4e,bf024281,bee9375f,3efe0a4c,3f093f4c,bf024282,bee93762,3efe0a4d,1,47431963

12204,199,145,61,-317,-16254,1140,-2303,4053,-3297,3f094079,bf024119,bee938d2,3efe0957,3f094077,bf02411a,bee938d4,3efe0957,1,47440482

12205,212,157,67,-285,-16277,1115,-2273,4113,-3339,3f09411a,bf023d52,bee94377,3efe05f6,3f094117,bf023d52,bee94378,3efe05f5,1,47449001

12206,215,153,52,-198,-16301,1107,-2297,4081,-3315,3f094216,bf023af8,bee94c6b,3efe006a,3f094213,bf023af9,bee94c6d,3efe006a,1,47457519

12207,222,142,14,-287,-16300,1098,-2297,4081,-3315,3f09401f,bf023c72,bee94ebd,3efdff81,3f09401c,bf023c73,bee94ec0,3efdff82,1,47466038

12208,213,129,-3,-276,-16296,1101,-2257,4087,-3331,3f093ec8,bf023bdc,bee95340,3efdff78,3f093ec5,bf023bdd,bee95342,3efdff79,1,47474556

12209,209,126,-21,-360,-16321,1094,-2211,4023,-3277,3f093be2,bf023ad3,bee9583b,3efe0346,3f093bdf,bf023ad4,bee9583d,3efe0347,1,47483075

12210,199,133,-16,-327,-16321,1107,-2211,4023,-3277,3f0939ff,bf023828,bee95e22,3efe0768,3f0939fc,bf023829,bee95e24,3efe0769,1,47491594

12211,208,133,13,-372,-16320,1113,-2243,4055,-3259,3f093845,bf023757,bee96160,3efe09d4,3f093842,bf023758,bee96162,3efe09d5,1,47500112

12212,210,138,53,-210,-16241,1094,-2289,4085,-3303,3f0939cb,bf023554,bee968fe,3efe03a9,3f0939c9,bf023555,bee96901,3efe03ab,1,47508631

12213,205,131,42,-374,-16517,932,-2289,4085,-3303,3f093696,bf0238f4,bee96e3f,3efdfe54,3f093694,bf0238f5,bee96e42,3efdfe56,1,47517149

12214,147,132,12,-255,-16270,1078,-2299,4081,-3318,3f09385b,bf02377a,bee96a37,3efe013d,3f093858,bf02377a,bee96a38,3efe013e,1,47525668

12215,130,141,-22,-294,-16230,1182,-2313,4099,-3397,3f093a38,bf023552,bee95cdc,3efe0de5,3f093a36,bf023552,bee95cde,3efe0de7,1,47533686

12216,163,128,-47,-498,-16222,1201,-2267,4061,-3285,3f093777,bf0236bb,bee94c57,3efe201e,3f093775,bf0236bb,bee94c59,3efe2020,1,47542204

12217,201,146,15,-291,-16240,1152,-2267,4061,-3285,3f093757,bf02344c,bee94f43,3efe22b6,3f093755,bf02344b,bee94f44,3efe22b7,1,47550723

12218,234,136,48,-361,-16327,1090,-2285,4101,-3335,3f093567,bf0235a6,bee954c5,3efe1f13,3f093565,bf0235a5,bee954c6,3efe1f14,1,47559242

12219,235,152,63,-327,-16315,1102,-2293,4107,-3343,3f093418,bf023583,bee95ccf,3efe1acb,3f093416,bf023583,bee95cd0,3efe1acd,1,47567760

12220,235,154,71,-248,-16386,1059,-2293,4107,-3343,3f09337b,bf023494,bee969b5,3efe122e,3f09337a,bf023495,bee969b7,3efe1231,1,47576279

12221,212,144,38,-292,-16339,1070,-2299,4071,-3299,3f09325c,bf02356f,bee96d7e,3efe0f61,3f093259,bf02356f,bee96d7d,3efe0f61,1,47584797

12222,184,141,14,-325,-16359,1049,-2297,4049,-3299,3f0930c4,bf0236ce,bee96c5e,3efe110d,3f0930c1,bf0236cd,bee96c5e,3efe110e,1,47593316

12223,172,150,9,-367,-16284,1123,-2297,4049,-3299,3f092fb5,bf0236cb,bee9669d,3efe18a3,3f092fb3,bf0236cb,bee9669f,3efe18a6,1,47601834

12224,177,159,34,-357,-16297,1124,-2281,4063,-3327,3f092f68,bf02343d,bee9674c,3efe1de4,3f092f66,bf02343c,bee9674c,3efe1de5,1,47610353

12225,196,154,60,-346,-16273,1123,-2275,4099,-3349,3f092fc5,bf023118,bee96cc4,3efe1e88,3f092fc3,bf023117,bee96cc4,3efe1e89,1,47618872

12226,214,159,77,-270,-16293,1113,-2275,4099,-3349,3f0930ca,bf022cfb,bee97880,3efe19f8,3f0930c9,bf022cfb,bee97881,3efe19fa,1,47626889

12227,219,155,54,-278,-16353,1070,-2235,4047,-3303,3f093019,bf022900,bee9879b,3efe15be,3f093017,bf022900,bee9879b,3efe15bf,1,47635909

12228,201,144,27,-281,-16321,1104,-2233,4029,-3340,3f092fe3,bf0224df,bee9914c,3efe15bf,3f092fe2,bf0224e0,bee9914d,3efe15c1,1,47643927

12229,199,139,14,-276,-16324,1101,-2281,4049,-3410,3f092f3b,bf0223ee,bee9941f,3efe167f,3f092f3a,bf0223ee,bee9941f,3efe1680,1,47652445

12230,202,139,-3,-311,-16298,1102,-2281,4049,-3410,3f092d42,bf022449,bee99469,3efe19c4,3f092d41,bf022449,bee99469,3efe19c5,1,47660964

12231,207,132,-9,-377,-16316,1095,-2271,4053,-3275,3f092a16,bf02269e,bee991cd,3efe1e3d,3f092a16,bf02269f,bee991ce,3efe1e3f,1,47669482

12232,207,137,2,-368,-16303,1122,-2283,4057,-3356,3f0927b4,bf0227fa,bee98f69,3efe22cb,3f0927b4,bf0227fa,bee98f6a,3efe22cc,1,47678001

12233,210,153,32,-348,-16284,1136,-2283,4057,-3356,3f092664,bf02270a,bee9918a,3efe2599,3f092663,bf022709,bee9918a,3efe2599,1,47686520

12234,228,158,54,-339,-16355,1072,-2291,4037,-3272,3f09240f,bf0227e9,bee997ed,3efe22fa,3f09240e,bf0227e8,bee997ed,3efe22fa,1,47695038

12235,230,170,61,-325,-16366,1065,-2265,4077,-3297,3f0921c8,bf022626,bee9a47b,3efe1ff3,3f0921c7,bf022626,bee9a47c,3efe1ff4,1,47703557

12236,205,185,49,-364,-16322,1113,-2265,4077,-3297,3f091fae,bf0222dc,bee9ac46,3efe2412,3f091fad,bf0222dc,bee9ac47,3efe2413,1,47712075

12237,208,209,36,-291,-16265,1156,-2331,4055,-3279,3f091d62,bf0221fb,bee9ac8a,3efe2a96,3f091d60,bf0221fb,bee9ac8a,3efe2a96,1,47720594

12238,232,241,8,-196,-16307,1061,-2285,4025,-3207,3f0917bc,bf021f57,bee9bb81,3efe2e66,3f0917ba,bf021f58,bee9bb82,3efe2e67,1,47729113

12239,238,249,-66,-160,-16327,1047,-2285,4025,-3207,3f090ebb,bf021f35,bee9c6da,3efe37a8,3f090eb9,bf021f36,bee9c6db,3efe37a9,1,47737130

12240,218,229,-146,-229,-16240,1180,-2295,4069,-3272,3f09055e,bf0220d4,bee9c09b,3efe4e47,3f09055b,bf0220d4,bee9c09b,3efe4e47,1,47745649

12241,235,205,-197,-342,-16257,1157,-2279,4053,-3299,3f08f814,bf022719,bee9b4eb,3efe68d1,3f08f812,bf02271a,bee9b4ec,3efe68d1,1,47754168

12242,280,206,-212,-389,-16251,1227,-2285,4061,-3259,3f08e8c6,bf022fcf,bee9a6a1,3efe8511,3f08e8c4,bf022fcf,bee9a6a2,3efe8510,1,47762686

12243,313,227,-212,-351,-16297,1257,-2285,4061,-3259,3f08d88e,bf0237a7,bee99df3,3efe9fdd,3f08d88d,bf0237a7,bee99df5,3efe9fdd,1,47771205

12244,326,264,-183,-311,-16238,1076,-2281,4023,-3276,3f08c560,bf023f81,bee9a4ad,3efeb2d8,3f08c55f,bf023f81,bee9a4af,3efeb2d8,1,47779723

12245,338,263,-178,-407,-16439,1126,-2263,4011,-3277,3f08b170,bf024716,bee9ab19,3efec840,3f08b16e,bf024715,bee9ab1a,3efec83f,1,47788242

12246,347,265,-168,-582,-16396,1128,-2263,4011,-3277,3f089b28,bf0250f9,bee9ad52,3efee1ca,3f089b26,bf0250f8,bee9ad53,3efee1c9,1,47796760

12247,348,270,-44,-649,-16394,1185,-2283,4091,-3263,3f0889c9,bf025722,bee9b3a4,3efef49e,3f0889c7,bf025721,bee9b3a5,3efef49d,1,47805279

12248,411,278,142,-1134,-16379,1560,-2295,4047,-3372,3f087ba8,bf025a09,bee9ae6e,3eff11b6,3f087ba6,bf025a08,bee9ae6f,3eff11b5,1,47813797

12249,430,446,479,-1164,-16657,1726,-2295,4047,-3372,3f0876b4,bf024736,bee9cffd,3eff2408,3f0876b3,bf024736,bee9d000,3eff2409,1,47822316

12250,360,714,951,-635,-16242,1600,-2251,4083,-3259,3f0885cc,bf020994,beea46e0,3eff146f,3f0885cb,bf020993,beea46e2,3eff1470,1,47830835

12251,370,933,1325,-515,-16697,1620,-2247,4003,-3343,3f089cc2,bf01b338,beeaf7a4,3efef089,3f089cc1,bf01b337,beeaf7a6,3efef08a,1,47839353

12252,335,1149,1573,-244,-16659,1557,-2247,4003,-3343,3f08b992,bf0146e4,beebd751,3efec04d,3f08b990,bf0146e2,beebd751,3efec04c,1,47847371

12253,240,1392,1814,684,-16833,1219,-2209,4083,-3307,3f08de60,bf00bea8,beed00d7,3efe710a,3f08de5f,bf00bea7,beed00d9,3efe710b,1,47855896

12254,127,1477,1910,1044,-15960,682,-2167,4079,-3291,3f090345,bf002ee8,beee3bfa,3efe1d8e,3f090343,bf002ee7,beee3bfb,3efe1d8e,1,47864415

12255,186,1454,1583,3736,-17095,793,-2197,4055,-3244,3f092557,beff47ca,beef6ecc,3efdcb84,3f092556,beff47c9,beef6ece,3efdcb85,1,47872933

12256,99,1550,1525,2209,-17005,13,-2197,4055,-3244,3f09368a,befe449d,bef09642,3efd9314,3f093688,befe449b,bef09643,3efd9314,1,47881452

12257,-233,1242,1579,2009,-16095,1156,-2133,4045,-3216,3f097083,befd18ca,bef1843b,3efd5f32,3f097082,befd18ca,bef1843e,3efd5f34,1,47889971

12258,-242,1064,1455,769,-16477,1516,-2191,3987,-3293,3f09a8fd,befc1294,bef22cc5,3efd4914,3f09a8fc,befc1294,bef22cc7,3efd4916,1,47898489

12259,50,1256,1508,491,-17594,1595,-2191,3987,-3293,3f09c8ce,befb2364,bef2f3e3,3efd32cc,3f09c8cc,befb2363,bef2f3e4,3efd32cd,1,47907008

12260,266,1654,2198,447,-17331,1961,-2061,3997,-3330,3f09f10c,bef9d340,bef42b22,3efcfc3f,3f09f10a,bef9d340,bef42b24,3efcfc41,1,47915526

12261,659,2148,3083,660,-17626,2403,-2031,4009,-3247,3f0a2222,bef822b1,bef5ee09,3efc85f9,3f0a2220,bef822b1,bef5ee0b,3efc85fb,1,47924045

12262,1033,2698,3783,912,-18955,3075,-2031,4009,-3247,3f0a4fe0,bef6248f,bef82922,3efbe62b,3f0a4fde,bef6248f,bef82924,3efbe62d,1,47932564

12263,1069,3257,4069,1540,-19928,4153,-1943,4025,-3301,3f0a72eb,bef3d962,befab515,3efb4e7d,3f0a72e9,bef3d962,befab517,3efb4e7f,1,47941082

12264,901,3579,3522,512,-21044,4669,-1951,4005,-3307,3f0a6dbf,bef1aabc,befd03dc,3efb2572,3f0a6dbd,bef1aabc,befd03de,3efb2574,1,47949100

12265,602,3974,2745,-1127,-22814,4799,-1951,4005,-3307,3f0a3333,beefa593,beff0d64,3efb8661,3f0a3331,beefa593,beff0d66,3efb8663,1,47957619

12266,-252,4714,2656,-1685,-22874,4403,-1845,4003,-3307,3f09ef95,beed23ff,bf0085c1,3efc7331,3f09ef94,beed2400,bf0085c3,3efc7334,1,47966137

12267,-1407,5695,2744,447,-21432,3903,-1897,3987,-3346,3f09bf47,bee9c499,bf018354,3efdfa6d,3f09bf46,bee9c49a,bf018356,3efdfa6f,1,47974656

12268,-2279,6314,2579,2255,-19509,3326,-1811,3987,-3330,3f099df9,bee5bcc8,bf028617,3effdc80,3f099df8,bee5bcc9,bf028619,3effdc82,1,47983175

12269,-2642,6651,2115,3331,-18437,2627,-1811,3987,-3330,3f096539,bee19d2e,bf038737,3f00f87c,3f096537,bee19d2e,bf038739,3f00f87c,1,47991694

12270,-2909,6833,1744,2947,-18668,3986,-1727,3993,-3251,3f091f5c,bedd6759,bf046264,3f02340e,3f091f5a,bedd6759,bf046266,3f02340e,1,48000212

12271,-3504,6709,1160,2503,-15264,2725,-1741,3997,-3376,3f08d67c,bed93c50,bf05092a,3f039632,3f08d67a,bed93c51,bf05092c,3f039633,1,48008731

12272,-3892,6783,292,4019,-11641,1046,-1741,3997,-3376,3f08648c,bed5415e,bf05a2f9,3f050f37,3f086489,bed5415e,bf05a2fb,3f050f37,1,48017250

12273,-3592,6976,-288,4780,-11306,820,-1719,3995,-3299,3f07c18f,bed17ef9,bf063de5,3f0695eb,3f07c18c,bed17ef8,bf063de6,3f0695eb,1,48025768

12274,-3245,7212,-293,5653,-10702,693,-1675,3951,-3344,3f0704f7,becdbea3,bf06f0c9,3f081104,3f0704f6,becdbea5,bf06f0cc,3f081105,1,48034287

12275,-2928,7316,-228,6121,-10015,1208,-1675,3951,-3344,3f063cf8,bec9fc82,bf07b2a4,3f097c97,3f063cf6,bec9fc82,bf07b2a6,3f097c98,1,48042805

12276,-2387,7245,-289,5806,-10484,1313,-1557,3963,-3330,3f055e8c,bec670bf,bf0884b2,3f0acdfa,3f055e8a,bec670bf,bf0884b4,3f0acdfb,1,48051324

12277,-1775,7381,-73,5147,-11684,1431,-1533,3887,-3439,3f046aaf,bec2fb6f,bf097b70,3f0bfc4d,3f046aad,bec2fb6f,bf097b72,3f0bfc4e,1,48059342

12278,-1406,7775,449,3529,-12761,2301,-1533,3887,-3439,3f0372a4,bebf4ad9,bf0a930a,3f0d1715,3f0372a1,bebf4ad8,bf0a9309,3f0d1715,1,48067861

12279,-1268,8397,1201,3726,-13078,3425,-1501,3925,-3345,3f028231,bebb10af,bf0bd061,3f0e26f0,3f028230,bebb10b0,bf0bd062,3f0e26f3,1,48076379

12280,-890,9186,2225,3876,-13882,4599,-1425,3889,-3400,3f018b1d,beb64ec8,bf0d524c,3f0f161d,3f018b1c,beb64ec9,bf0d524d,3f0f1620,1,48084898

12281,-390,9868,3139,3872,-14138,4995,-1255,3923,-3379,3f00891d,beb11976,bf0f1daa,3f0fd853,3f00891c,beb11977,bf0f1daa,3f0fd856,1,48093416

12282,111,10469,3982,1920,-15069,5866,-1255,3923,-3379,3efeddec,beabacc9,bf1119f6,3f107aac,3efedde8,beabacc8,bf1119f5,3f107aae,1,48101935

12283,332,11189,4745,1467,-15132,5603,-1171,3845,-3184,3efc8962,bea5c4fc,bf134a28,3f1102d0,3efc895e,bea5c4fb,bf134a27,3f1102d2,1,48110454

12284,313,11833,5349,1664,-15601,5669,-1005,3801,-3182,3efa2017,be9f55fe,bf159b37,3f117c87,3efa2013,be9f55fd,bf159b36,3f117c89,1,48118972

12285,110,12425,5349,1866,-16160,5815,-1005,3801,-3182,3ef77499,be989bee,bf17eefb,3f1204a0,3ef77495,be989bed,bf17eefa,3f1204a2,1,48127491

12286,-222,12993,5096,2641,-16211,6081,-895,3809,-3187,3ef47f68,be9193e2,bf1a38e4,3f12a867,3ef47f64,be9193e1,bf1a38e3,3f12a869,1,48136009

12287,-477,13261,4503,3387,-16417,5257,-801,3817,-3071,3ef133a4,be8a85b6,bf1c66bd,3f136bc8,3ef1339f,be8a85b4,bf1c66bb,3f136bc9,1,48144528

12288,-783,13253,3835,4100,-15990,4156,-801,3817,-3071,3eeda91a,be83998a,bf1e6cc8,3f1447f5,3eeda918,be83998a,bf1e6cc8,3f1447f8,1,48152546

12289,-1150,13103,3084,4396,-15441,3450,-677,3781,-3024,3ee9ddf5,be79bee4,bf20499b,3f153d13,3ee9ddf2,be79bee4,bf20499b,3f153d16,1,48161065

12290,-1482,12991,2302,4586,-14951,2893,-561,3791,-2926,3ee5c679,be6cbe18,bf220130,3f164b5a,3ee5c674,be6cbe16,bf22012e,3f164b5c,1,48169583

12291,-1774,13025,1556,4257,-14601,2765,-561,3791,-2926,3ee15747,be603923,bf238b7a,3f177ff6,3ee15742,be603921,bf238b78,3f177ff8,1,48178102

12292,-2085,13047,718,3526,-14819,3099,-501,3755,-2959,3edc806f,be5457b0,bf24e19a,3f18e515,3edc806b,be5457af,bf24e199,3f18e517,1,48186620

12293,-2305,13098,324,2893,-14548,3119,-449,3773,-2852,3ed768cf,be48a943,bf261ae3,3f1a5d31,3ed768cd,be48a943,bf261ae3,3f1a5d35,1,48195139

12294,-2202,13311,341,2424,-14866,3195,-341,3727,-2658,3ed21bf3,be3ccdc6,bf27592c,3f1bc6a3,3ed21bef,be3ccdc3,bf27592a,3f1bc6a5,1,48203658

12295,-2034,13452,507,2997,-14992,2739,-341,3727,-2658,3eccc03f,be30b21b,bf289f6d,3f1d115a,3eccc03b,be30b218,bf289f6b,3f1d115c,1,48212176

12296,-1873,13468,620,3514,-15421,1985,-291,3733,-2686,3ec75ae5,be247d58,bf29ed21,3f1e38fe,3ec75ae2,be247d55,bf29ed1f,3f1e3900,1,48220695

12297,-1728,13481,725,4139,-15173,918,-211,3731,-2620,3ec1ef3a,be181c7d,bf2b4375,3f1f3c60,3ec1ef38,be181c7a,bf2b4374,3f1f3c62,1,48229214

12298,-1466,13438,966,3771,-15710,758,-211,3731,-2620,3ebc857e,be0bbd44,bf2c9a2a,3f201f28,3ebc857b,be0bbd3f,bf2c9a28,3f201f28,1,48237732

12299,-1532,13352,1114,5199,-15663,-341,-111,3689,-2617,3eb734a1,bdfe2b95,bf2de77b,3f20e99a,3eb7349f,bdfe2b8d,bf2de77a,3f20e99b,1,48246251

12300,-2116,12866,1021,5550,-14623,-520,-103,3669,-2507,3eb21641,bde513d5,bf2efac1,3f21c516,3eb2163f,bde513cc,bf2efabf,3f21c517,1,48254770

12301,-2524,12010,349,6429,-12722,-507,-103,3669,-2507,3ead21a2,bdcde42b,bf2fcd85,3f22b4da,3ead21a1,bdcde423,bf2fcd84,3f22b4dc,1,48262788

12302,-2223,10563,-576,5981,-11126,259,-37,3671,-2436,3ea86eb3,bdbad416,bf3070d8,3f239b1b,3ea86eb2,bdbad40d,bf3070d6,3f239b1c,1,48271306

12303,-1281,9667,-2072,1349,-12108,-517,-47,3717,-2303,3ea3246b,bdadfaef,bf311afe,3f247276,3ea3246d,bdadfae7,bf311afd,3f247278,1,48279825

12304,-936,10435,-2456,-3482,-12682,-3413,-47,3717,-2303,3e9d3527,bda11f5c,bf31e7a5,3f253b70,3e9d3529,bda11f54,bf31e7a4,3f253b72,1,48288344

12305,-1328,11962,-943,601,-12775,-467,91,3733,-2225,3e974417,bd8e529d,bf32beaa,3f25faf5,3e974418,bd8e5293,bf32bea8,3f25faf6,1,48296862

12306,-1654,11646,-584,3219,-10674,740,83,3733,-2156,3e91c6cd,bd74d846,bf336a30,3f26bb4f,3e91c6ce,bd74d832,bf336a2e,3f26bb50,1,48305381

12307,-1024,10673,-2204,1787,-12303,349,129,3791,-2096,3e8bdc01,bd5845c3,bf341292,3f27714b,3e8bdc02,bd5845b0,bf341291,3f27714c,1,48313900

12308,-307,10131,-3508,406,-14800,-29,129,3791,-2096,3e858696,bd43e0b0,bf34c858,3f281124,3e858698,bd43e09d,bf34c858,3f281125,1,48322418

12309,-142,9939,-3464,1193,-15766,-305,77,3851,-2008,3e7e9886,bd2fe23d,bf357c0d,3f289aa2,3e7e9889,bd2fe229,bf357c0c,3f289aa3,1,48330937

12310,-571,9688,-3240,7180,-21775,111,85,3837,-1882,3e72ebf3,bd19a42c,bf360b1c,3f29297f,3e72ebf5,bd19a417,bf360b1a,3f29297f,1,48339455

12311,-2076,8333,-4110,3357,-17060,-733,85,3837,-1882,3e679921,bd0a49a8,bf362448,3f2a1918,3e679925,bd0a4994,bf362448,3f2a1919,1,48347974

12312,-2406,7740,-3844,2660,-16113,-2102,85,3905,-1930,3e5d06a1,bcf76257,bf361f52,3f2b0a09,3e5d06a4,bcf7622e,bf361f51,3f2b0a0a,1,48356493

12313,-1991,7710,-2896,2842,-16021,-2715,67,3977,-1824,3e534b73,bcd3d9c4,bf363065,3f2bc823,3e534b76,bcd3d99a,bf363064,3f2bc824,1,48364511

12314,-1876,7480,-2196,2526,-17147,-1250,67,3977,-1824,3e4a56d7,bcad698d,bf363a0c,3f2c74da,3e4a56d9,bcad6963,bf363a0a,3f2c74da,1,48373030

12315,-2224,7014,-1975,2404,-15873,-1506,97,4007,-1750,3e4204a0,bc879e07,bf36260e,3f2d2b0f,3e4204a2,bc879ddc,bf36260c,3f2d2b0f,1,48381548

12316,-2453,6487,-1978,2124,-15366,-1703,61,3971,-1699,3e3a2abb,bc4a4157,bf35f9a2,3f2de924,3e3a2abe,bc4a4102,bf35f9a1,3f2de924,1,48390067

12317,-2524,5961,-2145,1207,-15061,-1541,61,3971,-1699,3e329588,bc1020dd,bf35bc60,3f2eab9f,3e32958b,bc102088,bf35bc5f,3f2eab9f,1,48398585

12318,-2605,5373,-2368,-860,-14617,-1427,79,4027,-1574,3e2b32c8,bbc6d206,bf356e58,3f2f748e,3e2b32cb,bbc6d15c,bf356e57,3f2f748e,1,48407104

12319,-2652,5044,-2279,-988,-13212,-1756,-1,3995,-1625,3e243394,bb68072a,bf35176b,3f303a17,3e243398,bb6805d6,bf35176b,3f303a18,1,48415623

12320,-2263,5056,-1975,35,-13719,-1359,61,4025,-1732,3e1d87d0,ba4918f9,bf34d243,3f30e2c9,3e1d87d2,ba4913a0,bf34d241,3f30e2c9,1,48424141

12321,-1837,4888,-2174,-3,-14880,-1137,61,4025,-1732,3e16d306,3acf2fa0,bf349f9f,3f3173b9,3e16d308,3acf3252,bf349f9e,3f3173ba,1,48432660

12322,-1856,4467,-2623,427,-13754,-1763,13,4087,-1553,3e1024b5,3b54e390,bf3468f8,3f32038f,3e1024b6,3b54e4e9,bf3468f6,3f32038f,1,48441179

12323,-1602,4079,-3097,2352,-14417,-2101,-31,4093,-1633,3e098bdb,3b8acf36,bf343b01,3f32851a,3e098bdc,3b8acfe4,bf343aff,3f32851a,1,48449697

12324,-1084,3563,-3685,3431,-16496,-2328,-31,4093,-1633,3e02f282,3b89999a,bf342363,3f32ec3b,3e02f284,3b899a49,bf342362,3f32ec3d,1,48458216

12325,-991,2748,-3984,2735,-17158,-1961,-69,4131,-1667,3df99241,3b4a8b0f,bf34050e,3f33517b,3df99245,3b4a8c70,bf34050d,3f33517d,1,48466734

12326,-1106,2007,-3974,723,-17358,-2053,-105,4173,-1653,3dee5df4,3a9ed931,bf33d6db,3f33bd12,3dee5df7,3a9edbf9,bf33d6d9,3f33bd12,1,48474752

12327,-1294,1829,-3563,-93,-16823,-2327,-105,4173,-1653,3de42d14,b9f28ec9,bf339b3a,3f342d83,3de42d1a,b9f2839d,bf339b3a,3f342d85,1,48483271

12328,-1478,2189,-2970,578,-17144,-2138,-51,4179,-1615,3dda83cc,ba9c83d8,bf33569d,3f34a190,3dda83d0,ba9c810c,bf33569c,3f34a191,1,48491790

12329,-1743,2308,-2631,612,-17498,-1038,-119,4233,-1524,3dd13cdf,bac14b4c,bf32ff4e,3f3523e2,3dd13ce3,bac1487c,bf32ff4d,3f3523e3,1,48500308

12330,-1956,2114,-2691,-34,-17704,-201,-119,4233,-1524,3dc8183b,bb0424c1,bf3294fa,3f35b5d6,3dc8183f,bb042357,bf3294f9,3f35b5d7,1,48508827

12331,-2022,1823,-2606,-712,-17037,-216,-161,4253,-1562,3dbf907a,bb36f257,bf32230b,3f364a09,3dbf907d,bb36f0ec,bf322309,3f364a0a,1,48517346

12332,-1849,1559,-2238,-609,-16676,-665,-127,4225,-1563,3db843df,bb630e67,bf31baf8,3f36cd57,3db843e1,bb630cf9,bf31baf5,3f36cd58,1,48525864

12333,-1637,1288,-1896,88,-16347,-878,-147,4253,-1688,3db23fa7,bb853024,bf315d3f,3f373fe3,3db23faa,bb852f6c,bf315d3c,3f373fe4,1,48534383

12334,-1477,959,-1860,224,-15758,-1094,-147,4253,-1688,3dacf11c,bba1722b,bf310797,3f37a697,3dacf11f,bba17172,bf310794,3f37a698,1,48542901

12335,-1214,617,-2073,161,-16247,-1024,-175,4271,-1606,3da7d652,bbceaa86,bf30bf5a,3f37fe52,3da7d655,bbcea9cb,bf30bf57,3f37fe53,1,48551420

12336,-916,302,-2154,748,-17528,-735,-185,4305,-1604,3da33c73,bc03a0ca,bf30857d,3f38453e,3da33c77,bc03a06d,bf30857b,3f384540,1,48559939

12337,-464,82,-1905,2551,-20778,577,-185,4305,-1604,3d9fc018,bc1e452b,bf306000,3f387407,3d9fc01c,bc1e44cd,bf305ffe,3f387409,1,48567957

12338,742,24,-570,3948,-28219,-5142,-121,4321,-1559,3d9ed5d0,bc286e2d,bf309090,3f384826,3d9ed5d3,bc286dce,bf30908d,3f384828,1,48576475

12339,493,165,1709,7500,-21482,-3300,-149,4211,-1563,3da260fd,bc0bba35,bf30b2be,3f381c83,3da26100,bc0bb9d6,bf30b2bb,3f381c85,1,48584994

12340,216,-308,1347,1981,-18426,-958,-149,4211,-1563,3da5a72d,bbfd63a2,bf30bc62,3f38082d,3da5a730,bbfd62e5,bf30bc5f,3f380830,1,48593512

12341,274,-916,143,-4241,-13552,-1070,-131,4259,-1564,3da6eab5,bc1398e7,bf30c3a9,3f37fba3,3da6eab7,bc139888,bf30c3a6,3f37fba5,1,48602031

12342,905,-257,17,-4139,-14768,-586,-163,4281,-1596,3da6bb53,bc21992b,bf30f325,3f37cde8,3da6bb55,bc2198cc,bf30f322,3f37cdea,1,48610550

12343,853,189,-8,-1521,-16538,-317,-163,4281,-1596,3da601fc,bc2664a7,bf312240,3f37a2e0,3da601fe,bc266447,bf31223d,3f37a2e2,1,48619068

12344,-226,-17,-787,167,-13367,911,-169,4307,-1516,3da46b47,bc35aa65,bf310723,3f37c1d2,3da46b49,bc35aa04,bf310720,3f37c1d4,1,48627587

12345,-788,-862,-2373,402,-11322,1195,-229,4345,-1642,3da18105,bc67b855,bf30bac9,3f381212,3da18107,bc67b7f3,bf30bac6,3f381214,1,48636105

12346,241,-1446,-3580,466,-13251,1706,-231,4335,-1636,3d9d57a4,bc9ac867,bf30a34f,3f382fda,3d9d57a6,bc9ac836,bf30a34c,3f382fdc,1,48644624

12347,1562,-1621,-3532,1230,-16525,1529,-231,4335,-1636,3d99b796,bcc2cd7b,bf30dff8,3f37f85b,3d99b798,bcc2cd4b,bf30dff6,3f37f85e,1,48653143

12348,1801,-1960,-3053,1524,-16397,-299,-255,4341,-1682,3d97aa02,bce9dcde,bf31342b,3f37a2b0,3d97aa03,bce9dcae,bf313429,3f37a2b3,1,48661662

12349,1615,-2235,-2918,2637,-14506,-1746,-259,4339,-1586,3d9688fa,bd087fc6,bf31815d,3f374e46,3d9688f9,bd087fae,bf31815b,3f374e48,1,48670180

12350,1815,-2191,-3226,2031,-15970,-1549,-259,4339,-1586,3d94a33b,bd1d48e7,bf31d76e,3f36f04d,3d94a33a,bd1d48d0,bf31d76c,3f36f04f,1,48678198

12351,1768,-2131,-3259,961,-16763,-921,-267,4377,-1682,3d9275d7,bd3247ee,bf3225d9,3f3697b0,3d9275d5,bd3247d7,bf3225d6,3f3697b1,1,48686717

12352,1434,-1962,-2733,1254,-16355,-391,-327,4425,-1599,3d911190,bd445a2e,bf32606d,3f365057,3d91118f,bd445a18,bf32606c,3f36505a,1,48695235

12353,1320,-1936,-2412,532,-15848,-471,-327,4425,-1599,3d902185,bd55554e,bf3294b7,3f360d01,3d902183,bd555537,bf3294b5,3f360d03,1,48703754

12354,1281,-1924,-2069,-1918,-28928,275,-345,4427,-1621,3d8f833b,bd65a237,bf32c270,3f35ce35,3d8f8339,bd65a220,bf32c26e,3f35ce37,1,48712273

12355,-658,-1238,-321,-1772,-22814,-2282,-389,4359,-1708,3d913d8e,bd6c3f2d,bf328fbc,3f35f20f,3d913d8b,bd6c3f15,bf328fba,3f35f210,1,48720791

12356,-3115,229,1723,1285,-18014,-142,-389,4359,-1708,3d94ec04,bd64093b,bf31d6ab,3f36a58c,3d94ec01,bd640922,bf31d6a8,3f36a58c,1,48729310

12357,-3344,489,1893,139,-18052,-1455,-345,4483,-1748,3d983ca3,bd5aa3c3,bf311726,3f375fd1,3d983ca2,bd5aa3ab,bf311724,3f375fd3,1,48737829

12358,-3544,402,1719,1217,-15296,1132,-341,4411,-1827,3d9bbe0c,bd518bce,bf303945,3f3833ec,3d9bbe0b,bd518bb6,bf303943,3f3833ed,1,48746347

12359,-3003,-32,1391,548,-16514,1579,-289,4455,-1820,3d9f1b9e,bd4be5b2,bf2f750e,3f38e9b9,3d9f1b9d,bd4be59a,bf2f750c,3f38e9ba,1,48754866

12360,-2136,-364,1132,403,-16315,1486,-289,4455,-1820,3da265f7,bd48e430,bf2ee3ed,3f396ae2,3da265f6,bd48e418,bf2ee3eb,3f396ae3,1,48763385

12361,-1300,-214,945,385,-15519,1382,-319,4391,-1772,3da4ebc2,bd464efb,bf2e87f5,3f39bb57,3da4ebc1,bd464ee4,bf2e87f4,3f39bb59,1,48771903

12362,-332,355,324,536,-16494,1155,-255,4405,-1772,3da52041,bd4423f6,bf2e6bb8,3f39d76f,3da5203f,bd4423df,bf2e6bb6,3f39d771,1,48780422

12363,65,1316,-433,1025,-17062,-791,-255,4405,-1772,3da22b68,bd4115f0,bf2e7583,3f39dbdb,3da22b66,bd4115d9,bf2e7581,3f39dbdd,1,48788440

12364,-511,1761,-1013,524,-16890,-603,-313,4373,-1808,3d9d5285,bd3e5bb3,bf2e5b52,3f3a07e3,3d9d5283,bd3e5b9c,bf2e5b50,3f3a07e5,1,48796958

12365,-1087,2267,-1559,918,-16912,-193,-335,4419,-1763,3d96aa0e,bd3b3ade,bf2e1da5,3f3a5ace,3d96aa0b,bd3b3ac6,bf2e1da1,3f3a5ace,1,48805477

12366,-1331,2461,-2144,825,-15811,794,-335,4419,-1763,3d8e9890,bd394b08,bf2dc9f7,3f3ac420,3d8e988e,bd394af2,bf2dc9f4,3f3ac421,1,48813996

12367,-1016,1835,-2466,-351,-15304,1837,-351,4453,-1844,3d86c074,bd3baa35,bf2d786b,3f3b24c6,3d86c072,bd3baa1f,bf2d7868,3f3b24c7,1,48822514

12368,-362,1019,-2226,-1111,-15120,1958,-361,4473,-1800,3d808b00,bd40e130,bf2d4aa2,3f3b5b51,3d808aff,bd40e11b,bf2d4aa1,3f3b5b54,1,48831033

12369,321,545,-1293,-136,-15619,854,-361,4473,-1800,3d7a5b32,bd442ed4,bf2d52e7,3f3b595c,3d7a5b2e,bd442ebe,bf2d52e4,3f3b595d,1,48839551

12370,465,291,-240,-209,-17247,468,-403,4497,-1721,3d7880f0,bd44b721,bf2d6a96,3f3b4557,3d7880ee,bd44b70c,bf2d6a94,3f3b455a,1,48848070

12371,279,201,261,671,-16462,485,-361,4487,-1804,3d79556b,bd436e9b,bf2d7763,3f3b39ba,3d795568,bd436e85,bf2d7760,3f3b39bc,1,48856589

12372,190,251,19,323,-16166,1010,-387,4485,-1762,3d78ef17,bd42e3fc,bf2d7af3,3f3b3786,3d78ef13,bd42e3e6,bf2d7af0,3f3b3788,1,48865107

12373,351,250,-142,359,-16046,1023,-387,4485,-1762,3d77e5a9,bd42f57a,bf2d879a,3f3b2d1b,3d77e5a4,bd42f563,bf2d8797,3f3b2d1c,1,48873626

12374,553,261,-252,808,-15980,974,-371,4485,-1755,3d768a54,bd433917,bf2da0db,3f3b1731,3d768a50,bd433900,bf2da0d9,3f3b1733,1,48882145

12375,713,202,-546,396,-16560,573,-367,4497,-1815,3d741154,bd451250,bf2dc3f7,3f3af7e6,3d74114f,bd451239,bf2dc3f5,3f3af7e7,1,48890163

12376,662,187,-785,10,-16900,141,-367,4497,-1815,3d709818,bd47fb02,bf2de4e7,3f3adaac,3d709813,bd47faeb,bf2de4e5,3f3adaad,1,48898681

12377,382,256,-777,30,-16489,485,-391,4517,-1777,3d6cfc37,bd4a7574,bf2df365,3f3acf20,3d6cfc32,bd4a755d,bf2df363,3f3acf21,1,48907200

12378,260,339,-774,-330,-16349,635,-385,4519,-1765,3d68fc12,bd4cb451,bf2df9b9,3f3acbd0,3d68fc0d,bd4cb43b,bf2df9b8,3f3acbd2,1,48915719

12379,261,424,-726,-128,-16391,627,-385,4519,-1765,3d64f693,bd4e5962,bf2e00cd,3f3ac864,3d64f68d,bd4e594b,bf2e00cb,3f3ac865,1,48924237

12380,259,449,-616,-461,-16489,491,-419,4513,-1750,3d61261f,bd4fa1ab,bf2e0910,3f3ac3e7,3d61261a,bd4fa195,bf2e090f,3f3ac3e9,1,48932756

12381,214,509,-481,-431,-16360,551,-427,4501,-1791,3d5db202,bd503379,bf2e0e55,3f3ac27e,3d5db1fc,bd503362,bf2e0e53,3f3ac280,1,48941274

12382,162,612,-339,-322,-16556,368,-427,4501,-1791,3d5a7d29,bd4fcbe3,bf2e129f,3f3ac2b9,3d5a7d24,bd4fcbcd,bf2e129d,3f3ac2bc,1,48949793

12383,67,723,-276,-231,-16349,566,-415,4491,-1751,3d572c4e,bd4ea377,bf2e112c,3f3ac937,3d572c47,bd4ea35e,bf2e1129,3f3ac938,1,48958312

12384,51,847,-279,454,-16458,724,-421,4523,-1783,3d53b9d0,bd4cb714,bf2e0e27,3f3ad215,3d53b9ca,bd4cb6fb,bf2e0e25,3f3ad217,1,48966830

12385,76,763,-284,444,-16407,791,-441,4521,-1791,3d50914c,bd4b2449,bf2e0b99,3f3ad9bc,3d509145,bd4b242f,bf2e0b96,3f3ad9bd,1,48975349

12386,88,492,-259,406,-16219,858,-441,4521,-1791,3d4e771d,bd4a8763,bf2e0820,3f3adff7,3d4e7717,bd4a874a,bf2e081e,3f3adff8,1,48983367

12387,142,160,-108,-358,-16209,717,-437,4521,-1855,3d4dcfb2,bd4b15be,bf2e06b6,3f3ae165,3d4dcfae,bd4b15a7,bf2e06b6,3f3ae168,1,48991885

12388,181,77,53,467,-16579,845,-451,4483,-1771,3d4e6082,bd4aefb6,bf2e0900,3f3adece,3d4e607d,bd4aef9e,bf2e08ff,3f3adecf,1,49000404

12389,181,-10,-41,87,-16283,672,-451,4483,-1771,3d4eb8df,bd4ba41f,bf2e0b66,3f3adb6e,3d4eb8da,bd4ba407,bf2e0b65,3f3adb6f,1,49008923

12390,185,-65,-154,-444,-16752,80,-417,4479,-1756,3d4e9a45,bd4d2e9b,bf2e10bf,3f3ad4e4,3d4e9a3f,bd4d2e83,bf2e10bd,3f3ad4e4,1,49017441

12391,-48,-22,-32,-645,-16182,781,-395,4477,-1751,3d4ec2e3,bd4e2558,bf2e0442,3f3adf47,3d4ec2de,bd4e2542,bf2e0442,3f3adf49,1,49025960

12392,-28,105,130,-151,-16635,791,-395,4477,-1751,3d4f4bc7,bd4dd16f,bf2dfaac,3f3ae7fb,3d4f4bbf,bd4dd156,bf2dfaaa,3f3ae7fb,1,49034479

12393,71,211,196,119,-16387,640,-441,4499,-1839,3d4fd968,bd4cd3f0,bf2df797,3f3aeb52,3d4fd961,bd4cd3d8,bf2df796,3f3aeb52,1,49042997

12394,81,208,31,145,-16379,523,-395,4527,-1802,3d4fbf92,bd4c679c,bf2df5e2,3f3aed7b,3d4fbf8b,bd4c6785,bf2df5e2,3f3aed7c,1,49051516

12395,8,238,-137,236,-16363,698,-395,4527,-1802,3d4ef5fa,bd4c65c6,bf2dee0c,3f3af5a9,3d4ef5f2,bd4c65ae,bf2dee0c,3f3af5a9,1,49060035

12396,12,322,-328,-111,-16382,773,-447,4531,-1773,3d4cfb0e,bd4ce3ba,bf2de5bf,3f3aff05,3d4cfb05,bd4ce3a1,bf2de5be,3f3aff04,1,49068553

12397,77,369,-456,-251,-16198,778,-399,4479,-1860,3d4a52e8,bd4dcd96,bf2ddf88,3f3b06b0,3d4a52e0,bd4dcd7e,bf2ddf88,3f3b06b0,1,49077072

12398,171,399,-478,-336,-15975,1025,-407,4473,-1797,3d476230,bd4eae98,bf2dde2d,3f3b0a23,3d476227,bd4eae7f,bf2dde2d,3f3b0a22,1,49085591

12399,352,390,-428,-541,-15993,1025,-407,4473,-1797,3d4488fc,bd4f8e1b,bf2de7f8,3f3b0314,3d4488f4,bd4f8e03,bf2de7f8,3f3b0314,1,49093608

12400,570,424,-292,-308,-16158,807,-463,4529,-1796,3d422534,bd4fbfff,bf2e0195,3f3aed87,3d42252c,bd4fbfe7,bf2e0195,3f3aed87,1,49102127

12401,676,452,-201,-342,-16462,571,-381,4501,-1776,3d3ff40c,bd4f8709,bf2e2408,3f3acff5,3d3ff404,bd4f86f1,bf2e2408,3f3acff5,1,49110646

12402,643,504,-132,-492,-16599,338,-381,4501,-1776,3d3dcbdc,bd4eea46,bf2e4609,3f3ab31d,3d3dcbd5,bd4eea2e,bf2e4609,3f3ab31e,1,49119164

12403,483,575,-16,-345,-16421,512,-421,4493,-1777,3d3bf064,bd4d855d,bf2e5db7,3f3aa06d,3d3bf05c,bd4d8543,bf2e5db6,3f3aa06c,1,49127683

12404,346,658,92,-354,-16462,517,-429,4457,-1742,3d3a3704,bd4b5ef1,bf2e6e03,3f3a9546,3d3a36fd,bd4b5ed7,bf2e6e03,3f3a9546,1,49136202

12405,279,689,143,34,-16266,665,-429,4457,-1742,3d38c1f5,bd48baf8,bf2e799b,3f3a8ebe,3d38c1ed,bd48badf,bf2e799b,3f3a8ebd,1,49144720

12406,295,653,159,-109,-16292,725,-417,4485,-1698,3d3764c5,bd46358e,bf2e8644,3f3a86f1,3d3764bd,bd463575,bf2e8644,3f3a86f0,1,49153239

12407,361,585,126,156,-16292,720,-411,4461,-1794,3d364fec,bd440904,bf2e9511,3f3a7c73,3d364fe4,bd4408eb,bf2e9511,3f3a7c72,1,49161757

12408,406,501,78,207,-16366,708,-411,4461,-1794,3d355b7c,bd42590b,bf2ea61c,3f3a6f30,3d355b74,bd4258f2,bf2ea61c,3f3a6f2f,1,49170276

12409,450,448,-28,19,-16469,746,-405,4431,-1661,3d33ffd4,bd413fed,bf2ebad6,3f3a5e39,3d33ffcc,bd413fd4,bf2ebad6,3f3a5e38,1,49178795

12410,507,436,-86,-157,-16517,520,-375,4449,-1663,3d325ff4,bd408127,bf2ed3ed,3f3a4905,3d325fec,bd40810e,bf2ed3ed,3f3a4904,1,49187313

12411,474,384,-103,-124,-16352,520,-389,4471,-1783,3d30fa2d,bd4015b2,bf2ee8d4,3f3a372a,3d30fa24,bd401598,bf2ee8d3,3f3a3728,1,49195832

12412,392,348,-54,-92,-16448,474,-389,4471,-1783,3d2feed1,bd3f9845,bf2ef8f6,3f3a297e,3d2feeca,bd3f982c,bf2ef8f7,3f3a297e,1,49203850

12413,349,327,-47,-126,-16384,526,-395,4423,-1736,3d2ef64a,bd3f21b5,bf2f0694,3f3a1e16,3d2ef642,bd3f219b,bf2f0694,3f3a1e15,1,49212369

12414,345,368,-68,-129,-16411,510,-397,4485,-1755,3d2dc6af,bd3e99ae,bf2f13d2,3f3a1349,3d2dc6a8,bd3e9995,bf2f13d2,3f3a1349,1,49220887

12415,326,419,-91,-66,-16509,288,-397,4485,-1755,3d2c58ca,bd3dee7e,bf2f2155,3f3a0895,3d2c58c3,bd3dee65,bf2f2155,3f3a0895,1,49229406

12416,243,461,-163,-280,-16402,371,-353,4459,-1701,3d2a64c1,bd3d63f5,bf2f29ae,3f3a0313,3d2a64ba,bd3d63dc,bf2f29ae,3f3a0313,1,49237925

12417,184,474,-187,-299,-16307,467,-429,4419,-1764,3d285c64,bd3ceffe,bf2f2c9c,3f3a02a0,3d285c5d,bd3cefe5,bf2f2c9c,3f3a02a0,1,49246443

12418,159,414,-101,-375,-16352,592,-429,4419,-1764,3d26da33,bd3c6dfc,bf2f2d38,3f3a03ed,3d26da2b,bd3c6de2,bf2f2d38,3f3a03ec,1,49254962

12419,156,313,29,-314,-16192,663,-351,4473,-1702,3d262ef1,bd3bbfb8,bf2f2e74,3f3a040d,3d262ee9,bd3bbf9e,bf2f2e74,3f3a040c,1,49263480

12420,173,251,158,-212,-16315,584,-335,4425,-1773,3d265176,bd3adb43,bf2f3079,3f3a02ec,3d26516e,bd3adb29,bf2f3079,3f3a02eb,1,49271999

12421,210,236,216,-215,-16363,528,-335,4425,-1773,3d26b706,bd39d37b,bf2f354c,3f39ff10,3d26b6ff,bd39d362,bf2f354c,3f39ff10,1,49280518

12422,227,246,224,-129,-16367,573,-411,4425,-1705,3d27188c,bd38a6c7,bf2f3bde,3f39f9b3,3d271885,bd38a6ae,bf2f3bde,3f39f9b3,1,49289036

12423,215,223,227,-53,-16368,515,-381,4431,-1724,3d279c8d,bd37890f,bf2f41c0,3f39f4cb,3d279c86,bd3788f6,bf2f41c0,3f39f4cb,1,49297562

12424,185,189,215,-55,-16366,524,-351,4449,-1688,3d282dae,bd368fe2,bf2f4620,3f39f11e,3d282da7,bd368fc9,bf2f4620,3f39f11e,1,49305580

12425,172,154,172,24,-16385,527,-351,4449,-1688,3d28bd4e,bd35d800,bf2f4969,3f39ee38,3d28bd46,bd35d7e6,bf2f4968,3f39ee37,1,49314098

12426,174,229,137,-444,-16453,242,-359,4463,-1729,3d28ba8d,bd353484,bf2f4de2,3f39eaa0,3d28ba87,bd35346c,bf2f4de3,3f39eaa1,1,49322617

12427,87,403,272,304,-16453,695,-357,4457,-1695,3d28eb95,bd330961,bf2f4c1c,3f39ee3c,3d28eb8d,bd330947,bf2f4c1b,3f39ee3a,1,49331136

12428,96,189,37,-379,-16274,525,-357,4457,-1695,3d28afe1,bd32d92b,bf2f4a07,3f39f096,3d28afdb,bd32d913,bf2f4a08,3f39f096,1,49339654

12429,124,262,66,-189,-16389,431,-379,4459,-1716,3d28639e,bd323801,bf2f4a67,3f39f11c,3d286397,bd3237e8,bf2f4a66,3f39f11b,1,49348173

12430,85,348,92,-52,-16302,541,-397,4463,-1737,3d27f6ea,bd311d43,bf2f47c7,3f39f506,3d27f6e3,bd311d2a,bf2f47c6,3f39f505,1,49356692

12431,84,336,50,-266,-16323,521,-397,4463,-1737,3d275470,bd304e57,bf2f44f0,3f39f90b,3d27546a,bd304e3f,bf2f44f0,3f39f90a,1,49365210

12432,105,386,86,-221,-16366,480,-447,4479,-1712,3d26a72d,bd2f25ef,bf2f4455,3f39fb50,3d26a727,bd2f25d7,bf2f4455,3f39fb4f,1,49373729

12433,111,446,126,-109,-16232,634,-349,4453,-1798,3d2603ab,bd2da0cd,bf2f4223,3f39ff61,3d2603a5,bd2da0b5,bf2f4223,3f39ff60,1,49382248

12434,127,432,141,20,-16361,702,-349,4453,-1798,3d2589b3,bd2c0d44,bf2f4084,3f3a02cc,3d2589ae,bd2c0d2d,bf2f4084,3f3a02cb,1,49390766

12435,180,355,109,251,-16342,807,-363,4503,-1721,3d25406d,bd2ab95e,bf2f4265,3f3a0281,3d254068,bd2ab947,bf2f4265,3f3a0280,1,49399285

12436,243,214,6,38,-16300,689,-401,4435,-1714,3d24f75d,bd2a6d7a,bf2f47f5,3f39fdc9,3d24f757,bd2a6d63,bf2f47f5,3f39fdc8,1,49407303

12437,306,134,-59,-75,-16357,586,-401,4435,-1714,3d24a7e3,bd2abd3d,bf2f5180,3f39f4c7,3d24a7dd,bd2abd27,bf2f5180,3f39f4c6,1,49415821

12438,312,108,-60,-75,-16316,519,-323,4467,-1675,3d246691,bd2b1eb9,bf2f5c61,3f39ea66,3d24668b,bd2b1ea3,bf2f5c61,3f39ea65,1,49424340

12439,251,78,-34,-49,-16454,403,-395,4469,-1741,3d246d28,bd2b8dae,bf2f6334,3f39e389,3d246d23,bd2b8d98,bf2f6335,3f39e389,1,49432858

12440,159,78,-41,-16,-16544,433,-471,4509,-1712,3d247263,bd2bf59e,bf2f649a,3f39e1d4,3d24725c,bd2bf587,bf2f649a,3f39e1d3,1,49441377

12441,89,102,-137,73,-16634,424,-471,4509,-1712,3d24116a,bd2c9082,bf2f6191,3f39e475,3d241163,bd2c906b,bf2f6191,3f39e474,1,49449895

12442,31,191,-299,-136,-16505,449,-395,4491,-1731,3d22afc9,bd2d7f8d,bf2f5a3d,3f39ebb8,3d22afc2,bd2d7f76,bf2f5a3d,3f39ebb7,1,49458414

12443,-36,319,-402,-322,-16270,632,-413,4495,-1811,3d207228,bd2e7308,bf2f4c28,3f39fa0c,3d207222,bd2e72f2,bf2f4c29,3f39fa0c,1,49466932

12444,-16,322,-301,-349,-16017,823,-413,4495,-1811,3d1e9265,bd2f0989,bf2f3e1f,3f3a0855,3d1e925e,bd2f0972,bf2f3e1f,3f3a0854,1,49475451

12445,72,210,-131,-310,-16186,752,-393,4521,-1634,3d1da26c,bd2f486b,bf2f3982,3f3a0d3e,3d1da266,bd2f4855,bf2f3982,3f3a0d3e,1,49483970

12446,176,127,9,-144,-16394,611,-437,4495,-1691,3d1d9f60,bd2f550e,bf2f3b9f,3f3a0b38,3d1d9f59,bd2f54f8,bf2f3b9e,3f3a0b37,1,49492488

12447,199,113,0,-256,-16286,682,-437,4495,-1691,3d1d92e7,bd2f85a0,bf2f3e7b,3f3a0863,3d1d92e0,bd2f858a,bf2f3e7a,3f3a0862,1,49500506

12448,219,102,4,-115,-16305,643,-381,4519,-1785,3d1db230,bd2fbec3,bf2f4172,3f3a0547,3d1db229,bd2fbeae,bf2f4172,3f3a0547,1,49509025

12449,221,74,-10,-159,-16400,444,-411,4485,-1739,3d1dd069,bd301e5b,bf2f4662,3f3a002d,3d1dd062,bd301e46,bf2f4662,3f3a002d,1,49517543

12450,207,98,-19,-161,-16234,598,-411,4485,-1739,3d1dd14f,bd306d68,bf2f4968,3f39fd07,3d1dd147,bd306d54,bf2f4967,3f39fd06,1,49526062

12451,220,146,7,-154,-16304,669,-407,4461,-1685,3d1db6be,bd306a63,bf2f4dd5,3f39f8f4,3d1db6b8,bd306a50,bf2f4dd5,3f39f8f5,1,49534580

12452,251,151,30,-17,-16216,759,-421,4543,-1711,3d1dc0c5,bd3041f8,bf2f5348,3f39f3f0,3d1dc0be,bd3041e5,bf2f5347,3f39f3f0,1,49543099

12453,319,124,-15,-67,-16482,553,-433,4545,-1725,3d1daf2c,bd306bf6,bf2f5dd8,3f39e9e1,3d1daf25,bd306be3,bf2f5dd7,3f39e9e1,1,49551618

12454,344,125,-85,-61,-16417,546,-433,4545,-1725,3d1d57ca,bd30d624,bf2f69a6,3f39dea2,3d1d57c4,bd30d611,bf2f69a5,3f39dea3,1,49560136

12455,317,96,-172,-215,-16426,614,-447,4489,-1661,3d1cad9a,bd31b179,bf2f73b9,3f39d4df,3d1cad93,bd31b166,bf2f73b8,3f39d4df,1,49568655

12456,324,63,-185,-271,-16450,518,-407,4507,-1670,3d1c1040,bd32c025,bf2f7e86,3f39ca2c,3d1c103a,bd32c013,bf2f7e85,3f39ca2d,1,49577173

12457,301,72,-177,-170,-16407,530,-407,4507,-1670,3d1b7fb4,bd33b116,bf2f87df,3f39c0e8,3d1b7fad,bd33b104,bf2f87dd,3f39c0e8,1,49585692

12458,285,85,-214,-245,-16147,617,-467,4525,-1680,3d1abb82,bd34c134,bf2f8f37,3f39b994,3d1abb7b,bd34c122,bf2f8f35,3f39b994,1,49594210

12459,381,92,-229,230,-15311,1215,-367,4447,-1665,3d1a185a,bd3591e8,bf2f97c9,3f39b134,3d1a1855,bd3591d8,bf2f97c9,3f39b135,1,49602729

12460,646,64,-274,-967,-18004,-397,-367,4447,-1665,3d18dab5,bd373c45,bf2fba26,3f399013,3d18daaf,bd373c35,bf2fba25,3f399014,1,49610747

12461,360,122,-160,-391,-16183,510,-469,4583,-1662,3d18153e,bd380566,bf2fc711,3f3983b2,3d181538,bd380556,bf2fc710,3f3983b3,1,49619265

12462,245,177,-34,-177,-16415,425,-455,4527,-1661,3d17b783,bd380559,bf2fce35,3f397d3b,3d17b77d,bd38054a,bf2fce34,3f397d3d,1,49627784

12463,252,135,-87,-626,-16706,207,-455,4527,-1661,3d171eaa,bd38910d,bf2fd68a,3f397546,3d171ea4,bd3890fe,bf2fd689,3f397548,1,49636302

12464,142,215,31,-230,-16072,489,-437,4519,-1723,3d16e8ef,bd383b7f,bf2fd631,3f39761c,3d16e8e9,bd383b70,bf2fd62f,3f39761d,1,49644821

12465,112,276,93,-342,-16282,583,-417,4539,-1733,3d16ae2b,bd377dce,bf2fd3a8,3f397970,3d16ae26,bd377dc0,bf2fd3a6,3f397972,1,49653340

12466,160,250,137,-239,-16375,552,-379,4509,-1673,3d16b40c,bd369b13,bf2fd566,3f3978a3,3d16b406,bd369b05,bf2fd564,3f3978a4,1,49661858

12467,162,243,169,-155,-16386,619,-379,4509,-1673,3d16e885,bd35981a,bf2fd6ef,3f397802,3d16e87f,bd35980c,bf2fd6ed,3f397803,1,49670377

12468,181,223,134,-219,-16430,552,-433,4519,-1726,3d170e6f,bd34de0f,bf2fd8f1,3f3976b1,3d170e69,bd34de02,bf2fd8f0,3f3976b3,1,49678895

12469,195,195,103,-61,-16381,598,-391,4505,-1740,3d1742ad,bd344c35,bf2fdb24,3f397500,3d1742a6,bd344c26,bf2fdb22,3f397500,1,49687414

12470,231,157,46,-172,-16346,571,-391,4505,-1740,3d175315,bd3423ed,bf2fdf51,3f397124,3d17530e,bd3423df,bf2fdf50,3f397125,1,49695933

12471,244,128,-22,-132,-16401,474,-373,4469,-1632,3d172bd0,bd343fa4,bf2fe63c,3f396a98,3d172bc9,bd343f97,bf2fe63c,3f396a9a,1,49704451

12472,211,117,-35,-250,-16444,381,-409,4491,-1700,3d1703b4,bd348b2c,bf2fea8f,3f396656,3d1703ac,bd348b1d,bf2fea8e,3f396657,1,49712970

12473,152,124,74,-254,-16310,537,-409,4491,-1700,3d174321,bd3467c0,bf2feaa0,3f396636,3d174318,bd3467b0,bf2fea9d,3f396635,1,49720988

12474,120,106,59,-170,-16360,610,-377,4503,-1690,3d178d86,bd34551d,bf2fe864,3f396828,3d178d7e,bd34550f,bf2fe862,3f396829,1,49729506

12475,159,97,23,-205,-16355,575,-423,4513,-1745,3d17c0f5,bd347efb,bf2fe7a5,3f396889,3d17c0ed,bd347eed,bf2fe7a4,3f39688b,1,49738025

12476,221,105,-1,-245,-16311,528,-423,4513,-1745,3d17ccee,bd34bf6e,bf2feaef,3f396524,3d17cce5,bd34bf5e,bf2feaed,3f396525,1,49746544

12477,231,145,6,-180,-16395,517,-435,4491,-1682,3d17b736,bd34bf18,bf2ff011,3f396057,3d17b72e,bd34bf09,bf2ff010,3f396058,1,49755062

12478,220,148,-10,-208,-16453,479,-387,4495,-1751,3d1797b4,bd34da1f,bf2ff3ad,3f395ce8,3d1797ac,bd34da11,bf2ff3ac,3f395ce9,1,49763581

12479,190,136,-41,-254,-16395,513,-385,4503,-1737,3d175f89,bd351e2c,bf2ff541,3f395b55,3d175f81,bd351e1e,bf2ff540,3f395b56,1,49772099

12480,171,127,-46,-298,-16400,509,-385,4503,-1737,3d172758,bd35738d,bf2ff5a0,3f395ad5,3d17274f,bd35737f,bf2ff59f,3f395ad5,1,49780618

12481,153,125,-21,-319,-16374,509,-441,4515,-1741,3d1709c9,bd35b74f,bf2ff4d3,3f395b6e,3d1709bf,bd35b740,bf2ff4d1,3f395b6e,1,49789137

12482,146,143,16,-311,-16384,561,-433,4473,-1698,3d16fa77,bd35bcc5,bf2ff41c,3f395c23,3d16fa6e,bd35bcb7,bf2ff41b,3f395c24,1,49797655

12483,162,144,60,-229,-16420,526,-433,4473,-1698,3d171d33,bd358fdb,bf2ff4d4,3f395b82,3d171d2a,bd358fcc,bf2ff4d3,3f395b83,1,49806174

12484,163,125,58,-236,-16380,540,-429,4477,-1717,3d1751c2,bd357c0b,bf2ff521,3f395b22,3d1751b9,bd357bfc,bf2ff520,3f395b23,1,49814692

12485,150,114,67,-242,-16376,545,-413,4501,-1660,3d178ebb,bd355f29,bf2ff592,3f395aa3,3d178eb1,bd355f1a,bf2ff591,3f395aa4,1,49822710

12486,161,94,64,-247,-16452,506,-413,4501,-1660,3d17d9d2,bd355a0d,bf2ff6df,3f39592e,3d17d9c8,bd3559fe,bf2ff6de,3f39592f,1,49831229

12487,169,70,30,-83,-16253,662,-399,4491,-1695,3d183250,bd357e32,bf2ff6d9,3f3958c7,3d183246,bd357e23,bf2ff6d8,3f3958c8,1,49839748

12488,188,55,-1,-190,-16378,516,-453,4517,-1690,3d186c41,bd35dc84,bf2ff8de,3f395650,3d186c37,bd35dc74,bf2ff8dc,3f395650,1,49848266

12489,205,38,-46,-279,-16438,462,-453,4517,-1690,3d187f1c,bd368062,bf2ffc06,3f39529f,3d187f12,bd368053,bf2ffc05,3f3952a0,1,49856785

12490,200,17,-98,-175,-16445,465,-417,4493,-1649,3d18773d,bd375400,bf2fff47,3f394ebf,3d187733,bd3753f1,bf2fff46,3f394ec0,1,49865303

12491,195,-4,-132,-328,-16432,462,-431,4523,-1735,3d186044,bd387ceb,bf3000a1,3f394c63,3d186039,bd387cda,bf30009f,3f394c63,1,49873822

12492,174,-13,-135,-208,-16435,472,-435,4531,-1719,3d185b80,bd399df3,bf3000e8,3f394b02,3d185b76,bd399de3,bf3000e7,3f394b02,1,49882341

12493,139,0,-157,-213,-16375,507,-435,4531,-1719,3d1837b2,bd3ac471,bf2ffec3,3f394c02,3d1837a8,bd3ac461,bf2ffec2,3f394c02,1,49890859

12494,97,20,-192,-973,-15777,474,-421,4529,-1666,3d178283,bd3c45af,bf2ffa91,3f394f0b,3d178279,bd3c459f,bf2ffa90,3f394f0b,1,49899378

12495,100,191,-14,-106,-16579,312,-431,4527,-1682,3d1741cf,bd3c17fc,bf2ff92e,3f3950c0,3d1741c5,bd3c17ec,bf2ff92d,3f3950c0,1,49907897

12496,66,160,34,-243,-16233,723,-431,4527,-1682,3d1741ae,bd3be69b,bf2ff2e6,3f3956ea,3d1741a3,bd3be68a,bf2ff2e4,3f3956e9,1,49915914

12497,89,180,-13,-284,-16300,637,-455,4455,-1746,3d170746,bd3be2a5,bf2fed53,3f395c67,3d17073c,bd3be295,bf2fed53,3f395c67,1,49924433

12498,114,202,-5,-321,-16373,650,-405,4491,-1689,3d16af44,bd3bb96a,bf2fea70,3f395f97,3d16af3a,bd3bb95a,bf2fea6f,3f395f96,1,49932952

12499,169,173,-7,-277,-16370,560,-405,4491,-1689,3d167161,bd3bac5b,bf2feb75,3f395edd,3d167158,bd3bac4c,bf2feb75,3f395ede,1,49941470

12500,185,144,14,-298,-16351,587,-397,4525,-1691,3d165f8c,bd3bab0f,bf2fed41,3f395d39,3d165f83,bd3bab00,bf2fed41,3f395d3a,1,49949989

12501,216,123,16,-243,-16388,585,-407,4503,-1698,3d16690f,bd3bb926,bf2ff0c3,3f3959cf,3d166905,bd3bb917,bf2ff0c3,3f3959cf,1,49958507

12502,251,112,-12,-289,-16375,568,-407,4503,-1698,3d165a20,bd3bf327,bf2ff654,3f395457,3d165a16,bd3bf317,bf2ff653,3f395456,1,49967026

12503,268,103,-17,-334,-16386,442,-421,4505,-1666,3d164349,bd3c3b8d,bf2ffe29,3f394cb0,3d16433f,bd3c3b7e,bf2ffe29,3f394cb0,1,49975544

12504,222,118,-6,-375,-16388,467,-455,4489,-1736,3d163479,bd3c7c68,bf3001de,3f3948f5,3d16346e,bd3c7c58,bf3001dd,3f3948f4,1,49984063

12505,168,143,11,-260,-16435,461,-427,4481,-1700,3d1628fc,bd3c7ce0,bf300322,3f3947c9,3d1628f2,bd3c7cd1,bf300323,3f3947ca,1,49992582

12506,152,142,29,-194,-16390,647,-427,4481,-1700,3d163976,bd3c63a2,bf300237,3f3948b6,3d16396b,bd3c6391,bf300237,3f3948b5,1,50001100

12507,219,136,85,-403,-16397,430,-419,4503,-1740,3d166f91,bd3c41ae,bf300661,3f3944b7,3d166f86,bd3c419d,bf300661,3f3944b6,1,50009619

12508,173,156,100,-297,-16359,537,-399,4517,-1726,3d16addc,bd3bebf3,bf30076a,3f3943e0,3d16add3,bd3bebe2,bf30076b,3f3943e0,1,50018138

12509,153,162,115,-302,-16382,540,-399,4517,-1726,3d16f595,bd3b8278,bf300748,3f394431,3d16f58b,bd3b8266,bf300748,3f394430,1,50026155

12510,149,158,120,-236,-16369,566,-413,4459,-1751,3d1752bb,bd3b16e9,bf30063e,3f39454f,3d1752b1,bd3b16d7,bf30063e,3f39454e,1,50034674

12511,145,152,104,-251,-16373,587,-393,4465,-1678,3d179669,bd3ab26c,bf3005fb,3f3945bd,3d17965f,bd3ab25a,bf3005fb,3f3945bc,1,50043193

12512,158,156,70,-265,-16359,572,-393,4465,-1678,3d17b278,bd3a6c55,bf30067b,3f394572,3d17b26d,bd3a6c42,bf30067b,3f394570,1,50051711

12513,159,155,54,-308,-16330,537,-419,4473,-1690,3d17bd2e,bd3a3e91,bf3006f8,3f394521,3d17bd24,bd3a3e7f,bf3006f9,3f394520,1,50060230

12514,145,147,59,-274,-16381,588,-387,4473,-1701,3d17da4d,bd3a106d,bf300623,3f394600,3d17da43,bd3a105b,bf300624,3f3945ff,1,50068748

12515,149,144,47,-276,-16300,623,-387,4473,-1701,3d17ede2,bd39f0d4,bf30053c,3f3946ee,3d17edd8,bd39f0c2,bf30053d,3f3946ed,1,50077267

12516,166,143,44,-282,-16292,611,-421,4501,-1811,3d181148,bd39ef94,bf30037a,3f39487c,3d18113e,bd39ef82,bf30037b,3f39487b,1,50085786

12517,194,163,66,-347,-16246,583,-429,4439,-1766,3d182710,bd39c6ef,bf300477,3f3947a2,3d182706,bd39c6de,bf300479,3f3947a1,1,50094304

12518,201,208,125,-306,-16374,490,-399,4461,-1739,3d184af5,bd393063,bf300785,3f394536,3d184aea,bd393051,bf300786,3f394535,1,50102823

12519,167,215,151,-285,-16417,520,-399,4461,-1739,3d1885f4,bd387733,bf300867,3f3944e6,3d1885e9,bd387721,bf300868,3f3944e5,1,50111342

12520,131,199,149,-249,-16391,668,-437,4513,-1741,3d18d4d2,bd37ca0f,bf3005e7,3f3947b2,3d18d4c6,bd37c9fd,bf3005e7,3f3947b0,1,50119860

12521,149,190,116,-208,-16404,625,-427,4497,-1822,3d191d3b,bd375360,bf300340,3f394a71,3d191d30,bd37534f,bf300341,3f394a70,1,50128379

12522,181,177,81,-163,-16347,649,-427,4497,-1822,3d1952c7,bd37060f,bf300233,3f394b90,3d1952bc,bd3705ff,bf300234,3f394b8f,1,50136397

12523,209,159,49,-197,-16369,595,-473,4485,-1747,3d1966c2,bd36de6e,bf300454,3f3949a1,3d1966b7,bd36de5e,bf300455,3f3949a0,1,50144915

12524,220,147,34,-197,-16328,565,-361,4527,-1734,3d197118,bd36cb3e,bf3007b8,3f394672,3d19710d,bd36cb2e,bf3007b9,3f394671,1,50153434

12525,238,132,13,-265,-16296,616,-361,4527,-1734,3d196c49,bd36e305,bf300ba6,3f3942a5,3d196c3d,bd36e2f4,bf300ba5,3f3942a2,1,50161953

12526,238,134,14,-283,-16318,597,-385,4519,-1721,3d1962e4,bd36f82d,bf300fdb,3f393e97,3d1962da,bd36f81f,bf300fdc,3f393e96,1,50170471

12527,246,135,28,-249,-16381,550,-337,4535,-1653,3d195ce2,bd36edc6,bf301616,3f3938ba,3d195cd8,bd36edb8,bf301617,3f3938b9,1,50178990

12528,250,137,30,-295,-16327,576,-337,4535,-1653,3d1951c5,bd36e50c,bf301c54,3f3932dc,3d1951bb,bd36e4fe,bf301c55,3f3932db,1,50187508

12529,252,149,45,-237,-16386,529,-369,4457,-1672,3d1954d7,bd36c149,bf3022b2,3f392cef,3d1954cd,bd36c13b,bf3022b3,3f392cee,1,50196027

12530,234,165,45,-252,-16377,553,-395,4461,-1682,3d194ae2,bd369160,bf30279e,3f392877,3d194ad8,bd369152,bf3027a0,3f392877,1,50204546

12531,219,166,47,-251,-16402,525,-375,4477,-1684,3d1942b7,bd365df0,bf302bd1,3f3924b3,3d1942ac,bd365de1,bf302bd1,3f3924b1,1,50213064

12532,199,163,34,-238,-16346,565,-375,4477,-1684,3d193360,bd3636f2,bf302e6e,3f392268,3d193355,bd3636e4,bf302e6e,3f392267,1,50221583

12533,190,165,23,-254,-16389,550,-389,4519,-1733,3d191e9f,bd3623a5,bf302fc7,3f392145,3d191e93,bd362396,bf302fc7,3f392143,1,50230102

12534,190,156,12,-197,-16377,575,-377,4459,-1767,3d1914d4,bd362436,bf303045,3f3920d5,3d1914c9,bd362428,bf303046,3f3920d4,1,50238119

12535,181,144,-8,-229,-16372,583,-377,4459,-1767,3d18ffa3,bd364655,bf303005,3f392101,3d18ff98,bd364647,bf303006,3f392100,1,50246638

12536,184,128,-21,-263,-16390,547,-377,4443,-1714,3d18df34,bd367cf0,bf3030fa,3f391ffd,3d18df29,bd367ce2,bf3030fb,3f391ffc,1,50255156

12537,161,129,-25,-340,-16358,554,-395,4473,-1711,3d18b254,bd36bd8f,bf303079,3f39205c,3d18b249,bd36bd81,bf30307a,3f39205b,1,50263675

12538,155,136,-1,-285,-16373,572,-395,4473,-1711,3d189d40,bd36d9ee,bf302fa0,3f392120,3d189d34,bd36d9df,bf302fa1,3f39211f,1,50272194

12539,145,137,30,-335,-16326,560,-375,4455,-1750,3d18a6fa,bd36e62a,bf302db7,3f3922df,3d18a6ee,bd36e61a,bf302db7,3f3922dd,1,50280712

12540,155,139,61,-291,-16343,567,-423,4497,-1727,3d18cdbc,bd36cab4,bf302cdc,3f3923aa,3d18cdb1,bd36caa5,bf302cdc,3f3923a9,1,50289231

12541,169,147,79,-306,-16366,545,-423,4497,-1727,3d18fbc7,bd369983,bf302d1c,3f392377,3d18fbbc,bd369974,bf302d1c,3f392376,1,50297749

12542,160,160,91,-216,-16299,658,-419,4515,-1753,3d19391d,bd364a3a,bf302ba6,3f3924f6,3d193912,bd364a2b,bf302ba6,3f3924f5,1,50306268

12543,181,151,83,-217,-16384,576,-401,4487,-1669,3d1965d1,bd35fbbc,bf302d7a,3f392361,3d1965c7,bd35fbae,bf302d7a,3f392361,1,50314787

12544,195,145,64,-209,-16341,587,-383,4463,-1749,3d19939a,bd35d4ed,bf302ea4,3f392246,3d199390,bd35d4df,bf302ea4,3f392246,1,50323305

12545,198,125,44,-238,-16378,563,-383,4463,-1749,3d19bc9f,bd35d807,bf303005,3f3920d2,3d19bc95,bd35d7f8,bf303004,3f3920d2,1,50331323

12546,199,110,38,-238,-16362,589,-365,4487,-1635,3d19d8e0,bd35d7e3,bf303315,3f391dce,3d19d8d6,bd35d7d4,bf303314,3f391dce,1,50340342

12547,209,114,24,-191,-16375,588,-387,4483,-1693,3d19f32f,bd35e771,bf3035c7,3f391b19,3d19f326,bd35e763,bf3035c7,3f391b1a,1,50348360

12548,220,100,6,-218,-16367,580,-387,4483,-1693,3d1a0534,bd361922,bf30390e,3f3917bb,3d1a052b,bd361914,bf30390e,3f3917bc,1,50356879

12549,233,81,-13,-176,-16383,563,-399,4481,-1701,3d1a1c05,bd366c87,bf303cf6,3f39139e,3d1a1bfb,bd366c77,bf303cf5,3f39139d,1,50365397

12550,226,47,-47,-253,-16378,553,-405,4507,-1770,3d1a34f6,bd3717be,bf303f10,3f3910e0,3d1a34ed,bd3717ae,bf303f0f,3f3910df,1,50373916

12551,215,36,-68,-252,-16387,547,-405,4507,-1770,3d1a44c6,bd37dff8,bf30406c,3f390ec1,3d1a44bd,bd37dfe8,bf30406a,3f390ec0,1,50382435

12552,215,42,-81,-50,-16243,600,-375,4459,-1782,3d1a5d25,bd389785,bf304136,3f390d34,3d1a5d1d,bd389777,bf304136,3f390d35,1,50390953

12553,236,-6,-119,-704,-16430,417,-369,4525,-1752,3d1a2aa2,bd39e7c3,bf3044a4,3f3908cc,3d1a2a99,bd39e7b4,bf3044a2,3f3908cb,1,50399472

12554,206,28,-69,-360,-16396,529,-369,4525,-1752,3d1a32a1,bd3abdd5,bf3045e3,3f3906bd,3d1a329a,bd3abdc7,bf3045e2,3f3906bd,1,50407990

12555,177,90,5,-315,-16359,577,-393,4523,-1709,3d1a49cc,bd3b0329,bf30462e,3f39061b,3d1a49c5,bd3b031b,bf30462d,3f39061b,1,50416509

12556,177,110,6,-291,-16305,614,-393,4483,-1742,3d1a5899,bd3b386d,bf3045aa,3f390657,3d1a5893,bd3b3860,bf3045aa,3f390658,1,50425028

12557,190,114,32,-244,-16339,590,-409,4479,-1799,3d1a8c3d,bd3b5a0e,bf304537,3f390678,3d1a8c36,bd3b5a00,bf304536,3f390677,1,50433546

12558,204,115,27,-219,-16381,612,-409,4479,-1799,3d1abc65,bd3b7cc4,bf304575,3f3905f1,3d1abc5f,bd3b7cb7,bf304574,3f3905f1,1,50441564

12559,226,94,-1,-252,-16362,612,-359,4501,-1750,3d1ad540,bd3bc61a,bf3047dc,3f390348,3d1ad53a,bd3bc60d,bf3047db,3f390348,1,50450083

12560,258,66,-17,-267,-16366,621,-401,4521,-1690,3d1aeafe,bd3c3125,bf304cec,3f38fdf6,3d1aeaf8,bd3c3119,bf304ceb,3f38fdf7,1,50458601

12561,271,60,-30,-287,-16369,538,-401,4521,-1690,3d1af67a,bd3cb17d,bf305341,3f38f761,3d1af674,bd3cb171,bf305340,3f38f762,1,50467120

12562,276,70,-39,-303,-16331,550,-379,4497,-1721,3d1af358,bd3d3849,bf30593f,3f38f123,3d1af352,bd3d383d,bf30593e,3f38f124,1,50475639

12563,265,102,-53,-336,-16369,512,-413,4535,-1793,3d1ace79,bd3dc096,bf305d96,3f38ec92,3d1ace73,bd3dc08a,bf305d95,3f38ec93,1,50484157

12564,238,114,-46,-315,-16391,464,-413,4535,-1793,3d1aa9a3,bd3e326f,bf3060b5,3f38e941,3d1aa99d,bd3e3263,bf3060b4,3f38e942,1,50492676

12565,189,125,-44,-262,-16346,517,-407,4527,-1744,3d1a7e22,bd3e836d,bf306159,3f38e877,3d1a7e1c,bd3e8360,bf306157,3f38e878,1,50501194

12566,158,133,-55,-293,-16374,596,-381,4517,-1746,3d1a3fbc,bd3ed80c,bf305f7f,3f38ea17,3d1a3fb6,bd3ed7ff,bf305f7d,3f38ea18,1,50509713

12567,177,138,-58,-307,-16361,601,-381,4517,-1746,3d19f751,bd3f2ccf,bf305ec4,3f38eaae,3d19f74c,bd3f2cc3,bf305ec3,3f38eab0,1,50518231

12568,203,136,-15,-232,-16201,736,-385,4483,-1772,3d19e84b,bd3f592b,bf305e33,3f38eb18,3d19e844,bd3f591f,bf305e31,3f38eb19,1,50526750

12569,263,145,28,-353,-16372,623,-365,4547,-1762,3d19e4e1,bd3f6358,bf3062a9,3f38e6ce,3d19e4da,bd3f634d,bf3062a8,3f38e6d0,1,50535269

12570,288,149,25,-279,-16119,649,-351,4513,-1714,3d19d96b,bd3f5aca,bf306932,3f38e0a5,3d19d963,bd3f5abe,bf306931,3f38e0a7,1,50543787

12571,338,140,16,-158,-16504,459,-351,4513,-1714,3d19d780,bd3f58a4,bf30742d,3f38d62e,3d19d777,bd3f5896,bf30742a,3f38d62e,1,50551805

12572,349,77,-36,-558,-16570,385,-463,4525,-1751,3d19b7f3,bd3ffe6d,bf307ee1,3f38cb64,3d19b7ea,bd3ffe61,bf307ee0,3f38cb65,1,50560324

12573,286,96,-6,-298,-16417,497,-421,4491,-1721,3d19c0ed,bd404c35,bf3085b9,3f38c482,3d19c0e4,bd404c29,bf3085b8,3f38c483,1,50568842

12574,279,144,-21,-138,-16321,488,-421,4491,-1721,3d19a1ae,bd4065f1,bf308c51,3f38be35,3d19a1a5,bd4065e5,bf308c50,3f38be36,1,50577361

12575,257,134,-129,-313,-16414,465,-395,4519,-1691,3d190a9a,bd40fa43,bf3091bc,3f38b8ea,3d190a90,bd40fa37,bf3091ba,3f38b8eb,1,50585879

12576,245,107,-175,-347,-16478,510,-443,4497,-1748,3d1868f7,bd41e369,bf3094b6,3f38b5a2,3d1868ed,bd41e35d,bf3094b4,3f38b5a3,1,50594398

12577,240,98,-153,-362,-16453,437,-443,4497,-1748,3d17e427,bd42c1c1,bf3097f4,3f38b20c,3d17e41d,bd42c1b5,bf3097f2,3f38b20d,1,50602917

12578,203,103,-121,-418,-16360,455,-391,4439,-1739,3d1774dc,bd437ec1,bf309919,3f38b088,3d1774d3,bd437eb6,bf309918,3f38b08a,1,50611435

12579,151,113,-86,-437,-16406,440,-471,4485,-1692,3d171903,bd44082a,bf30980c,3f38b143,3d1718fa,bd44081f,bf30980b,3f38b144,1,50619954

12580,109,137,-50,-476,-16362,591,-471,4485,-1692,3d16c8d1,bd445a60,bf30938d,3f38b57a,3d16c8c7,bd445a54,bf30938a,3f38b57a,1,50628473

12581,126,147,5,-371,-16328,596,-393,4483,-1683,3d16ad13,bd445f7a,bf3090ae,3f38b84a,3d16ad0a,bd445f70,bf3090ac,3f38b84b,1,50636991

12582,167,162,25,-193,-16358,582,-433,4539,-1738,3d16b32b,bd443b84,bf308faa,3f38b964,3d16b322,bd443b7a,bf308fa8,3f38b965,1,50645510

12583,212,156,-37,-199,-16253,658,-433,4529,-1736,3d167f50,bd445918,bf309082,3f38b89f,3d167f47,bd44590e,bf309080,3f38b8a0,1,50653528

12584,274,148,-103,-260,-16405,540,-433,4529,-1736,3d1606f5,bd44c6df,bf3095be,3f38b38c,3d1606ec,bd44c6d6,bf3095bc,3f38b38d,1,50662046

12585,302,130,-158,-278,-16413,450,-367,4513,-1699,3d155e51,bd4573ea,bf309db8,3f38abbb,3d155e48,bd4573e1,bf309db7,3f38abbd,1,50670565

12586,294,116,-201,-413,-16417,476,-419,4565,-1651,3d148402,bd465c8c,bf30a570,3f38a410,3d1483f7,bd465c81,bf30a56d,3f38a411,1,50679083

12587,264,111,-215,-586,-16408,446,-419,4565,-1651,3d1390a5,bd4768cd,bf30ab53,3f389e10,3d13909b,bd4768c2,bf30ab50,3f389e12,1,50687602

12588,214,117,-128,-613,-16374,390,-395,4491,-1734,3d12fb3e,bd482f37,bf30ad82,3f389b9a,3d12fb34,bd482f2c,bf30ad7f,3f389b9c,1,50696120

12589,131,156,-29,-673,-16352,427,-467,4503,-1735,3d12a1d1,bd487911,bf30aab7,3f389e3d,3d12a1c7,bd487906,bf30aab4,3f389e3f,1,50704639

12590,61,177,122,-590,-16435,435,-467,4503,-1735,3d12d64a,bd481436,bf30a462,3f38a48e,3d12d641,bd48142c,bf30a460,3f38a491,1,50713158

12591,27,187,259,-599,-16425,439,-457,4565,-1763,3d138a5b,bd472bc3,bf309c31,3f38acd1,3d138a51,bd472bb8,bf309c2e,3f38acd3,1,50721676

12592,22,222,351,-625,-16444,500,-423,4495,-1728,3d146eaf,bd45c727,bf30945f,3f38b512,3d146ea5,bd45c71c,bf30945c,3f38b514,1,50730195

12593,2,233,451,-583,-16562,349,-423,4495,-1728,3d15aeae,bd43f62e,bf308cef,3f38bd1d,3d15aea5,bd43f624,bf308ced,3f38bd1f,1,50738713

12594,-67,263,522,-353,-16489,482,-409,4471,-1762,3d173a28,bd41b119,bf30804f,3f38ca50,3d173a1f,bd41b10e,bf30804c,3f38ca51,1,50747232

12595,-71,277,458,-224,-16392,639,-413,4513,-1705,3d187d58,bd3f7ecf,bf30732e,3f38d819,3d187d4f,bd3f7ec5,bf30732c,3f38d81a,1,50755750

12596,-53,274,394,-75,-16138,707,-427,4511,-1716,3d199626,bd3d7d6a,bf306631,3f38e5a6,3d19961d,bd3d7d60,bf30662f,3f38e5a7,1,50763768

12597,24,235,346,-2,-16155,711,-427,4511,-1716,3d1aa63c,bd3bcb0a,bf305da7,3f38eea4,3d1aa632,bd3bcaff,bf305da5,3f38eea4,1,50772287

12598,78,199,223,59,-16334,772,-433,4469,-1704,3d1b60df,bd3aa834,bf3057a2,3f38f4eb,3d1b60d5,bd3aa829,bf3057a0,3f38f4eb,1,50780806

12599,166,132,77,-99,-16342,680,-345,4497,-1710,3d1baffe,bd3a6722,bf3056f3,3f38f591,3d1baff4,bd3a6717,bf3056f1,3f38f591,1,50789324

12600,207,87,-28,-187,-16313,688,-345,4497,-1710,3d1bb5c8,bd3ac010,bf30581a,3f38f419,3d1bb5bf,bd3ac005,bf305818,3f38f419,1,50797843

12601,240,58,-73,-267,-16313,647,-355,4499,-1781,3d1bac4f,bd3b79fa,bf305a02,3f38f194,3d1bac46,bd3b79f0,bf305a01,3f38f195,1,50806362

12602,263,54,-94,-319,-16369,585,-395,4503,-1767,3d1b88f0,bd3c5053,bf305dd3,3f38ed34,3d1b88e7,bd3c5048,bf305dd1,3f38ed35,1,50814880

12603,279,68,-89,-342,-16350,586,-395,4503,-1767,3d1b5a60,bd3d1773,bf3062a0,3f38e7fb,3d1b5a58,bd3d1769,bf30629f,3f38e7fd,1,50823399

12604,290,84,-71,-339,-16335,593,-381,4495,-1819,3d1b37ce,bd3dca01,bf30673a,3f38e2fe,3d1b37c6,bd3dc9f6,bf306738,3f38e300,1,50831917

12605,294,93,-51,-357,-16391,517,-413,4501,-1642,3d1b0058,bd3e3dca,bf306faa,3f38daa9,3d1b004f,bd3e3dbe,bf306fa8,3f38daaa,1,50840436

12606,277,105,-39,-312,-16385,535,-413,4501,-1642,3d1acffc,bd3e944c,bf307700,3f38d377,3d1acff3,bd3e9440,bf3076fe,3f38d378,1,50848954

12607,254,108,-47,-271,-16375,587,-383,4473,-1722,3d1aa981,bd3ef81b,bf307b39,3f38cf28,3d1aa978,bd3ef80f,bf307b37,3f38cf29,1,50857473

12608,259,101,-57,-292,-16368,606,-413,4505,-1712,3d1a7c0d,bd3f6cb2,bf307fa5,3f38ca9c,3d1a7c04,bd3f6ca6,bf307fa3,3f38ca9d,1,50865491

12609,270,86,-75,-265,-16379,561,-361,4475,-1712,3d1a4ce7,bd3ffcb3,bf308502,3f38c50f,3d1a4cde,bd3ffca7,bf308500,3f38c510,1,50874010

12610,270,79,-105,-256,-16379,562,-361,4475,-1712,3d1a08b2,bd40adca,bf308a31,3f38bf9c,3d1a08a9,bd40adbe,bf308a2f,3f38bf9d,1,50882528

12611,275,69,-129,-321,-16306,581,-447,4471,-1695,3d19ae19,bd41850a,bf308f73,3f38ba00,3d19ae10,bd4184fe,bf308f71,3f38ba01,1,50891047

12612,292,70,-132,-306,-16356,530,-465,4533,-1771,3d195ddd,bd426cf6,bf3094c2,3f38b43b,3d195dd3,bd426ceb,bf3094c0,3f38b43d,1,50899565

12613,284,72,-144,-380,-16342,577,-465,4533,-1771,3d18f8de,bd436616,bf309916,3f38af65,3d18f8d4,bd43660b,bf309914,3f38af67,1,50908084

12614,272,64,-134,-378,-16361,568,-439,4533,-1764,3d18a550,bd445960,bf309cf4,3f38aaf5,3d18a545,bd445954,bf309cf1,3f38aaf6,1,50916603

12615,301,77,-109,-444,-16298,588,-435,4483,-1721,3d184e40,bd45286e,bf30a33a,3f38a461,3d184e36,bd452863,bf30a338,3f38a462,1,50925121

12616,318,82,-53,-367,-16378,504,-435,4483,-1721,3d183166,bd45b596,bf30ab6b,3f389c0b,3d18315c,bd45b58b,bf30ab69,3f389c0c,1,50933640

12617,296,57,-15,-454,-16412,468,-423,4501,-1660,3d183dd4,bd46339a,bf30b394,3f3893ab,3d183dca,bd46338e,bf30b391,3f3893ab,1,50942159

12618,254,54,37,-476,-16401,467,-409,4485,-1685,3d188421,bd46894f,bf30b8ef,3f388df3,3d188418,bd468944,bf30b8ec,3f388df4,1,50950677

12619,212,65,92,-527,-16388,483,-409,4485,-1685,3d18f292,bd46a529,bf30bbd5,3f388ab4,3d18f289,bd46a51f,bf30bbd3,3f388ab5,1,50958695

12620,185,110,147,-509,-16388,478,-387,4483,-1643,3d1968c8,bd4655f2,bf30be31,3f388863,3d1968bf,bd4655e8,bf30be2f,3f388864,1,50967214

12621,161,122,181,-324,-16385,530,-387,4537,-1712,3d1a162b,bd45d266,bf30bdea,3f3888a5,3d1a1623,bd45d25d,bf30bde8,3f3888a6,1,50975732

12622,143,119,177,-223,-16392,485,-397,4505,-1733,3d1ad26b,bd454e80,bf30bc7f,3f3889f0,3d1ad263,bd454e77,bf30bc7d,3f3889f1,1,50984251

12623,127,139,142,-314,-16347,522,-397,4505,-1733,3d1b5001,bd44e280,bf30b9b5,3f388ca5,3d1b4ff9,bd44e277,bf30b9b3,3f388ca6,1,50992770

12624,126,143,122,-318,-16381,541,-391,4529,-1699,3d1baf4f,bd447e75,bf30b74a,3f388f11,3d1baf46,bd447e6b,bf30b748,3f388f11,1,51001288

12625,125,136,97,-297,-16386,584,-389,4535,-1709,3d1c00bb,bd4437e9,bf30b43c,3f389203,3d1c00b2,bd4437e0,bf30b43a,3f389204,1,51009807

12626,134,125,80,-428,-16336,563,-389,4535,-1709,3d1c3b69,bd441cba,bf30b1b8,3f389457,3d1c3b60,bd441caf,bf30b1b6,3f389458,1,51018325

12627,128,129,73,-126,-16368,591,-395,4507,-1659,3d1c861f,bd43d5f7,bf30af9c,3f389669,3d1c8616,bd43d5eb,bf30af9a,3f389669,1,51026844

12628,150,119,46,-223,-16370,545,-391,4507,-1646,3d1cb068,bd43bce8,bf30af32,3f3896c4,3d1cb060,bd43bcdd,bf30af32,3f3896c5,1,51035363

12629,159,96,21,-333,-16361,545,-391,4507,-1646,3d1ccab3,bd43ded6,bf30af1a,3f3896a1,3d1ccaab,bd43deca,bf30af1a,3f3896a1,1,51043881

12630,158,79,-5,-335,-16382,533,-429,4517,-1676,3d1ce145,bd44304a,bf30ae56,3f3896f3,3d1ce13e,bd44303f,bf30ae57,3f3896f3,1,51052400

12631,147,105,7,-353,-16347,552,-427,4515,-1728,3d1cf307,bd446994,bf30abfe,3f3898e6,3d1cf2ff,bd446987,bf30abfd,3f3898e5,1,51060918

12632,156,117,11,-301,-16358,551,-427,4515,-1728,3d1d031f,bd448d63,bf30aa4d,3f389a50,3d1d0317,bd448d56,bf30aa4c,3f389a4f,1,51068936

12633,156,123,18,-322,-16304,619,-371,4509,-1705,3d1d0d23,bd44a0a5,bf30a8a6,3f389bc7,3d1d0d1b,bd44a098,bf30a8a5,3f389bc6,1,51077455

12634,173,115,10,-285,-16367,611,-399,4567,-1713,3d1d1b90,bd44c128,bf30a7ef,3f389c47,3d1d1b88,bd44c11b,bf30a7ef,3f389c47,1,51085973

12635,191,113,6,-307,-16366,619,-447,4503,-1728,3d1d2891,bd44f006,bf30a7c8,3f389c2f,3d1d2889,bd44eff9,bf30a7c8,3f389c2f,1,51094492

12636,213,100,-1,-346,-16312,554,-447,4503,-1728,3d1d3457,bd453851,bf30a95c,3f389a56,3d1d344f,bd453844,bf30a95c,3f389a56,1,51103011

12637,210,115,-1,-311,-16385,558,-397,4509,-1682,3d1d2db4,bd45623e,bf30abb4,3f3897f0,3d1d2dac,bd456231,bf30abb4,3f3897f0,1,51111529

12638,206,129,-8,-359,-16327,600,-411,4519,-1701,3d1d11b9,bd458e96,bf30ad1f,3f38967e,3d1d11b1,bd458e89,bf30ad1f,3f38967e,1,51120048

12639,217,129,3,-336,-16345,575,-411,4519,-1701,3d1d0281,bd45ae6f,bf30af71,3f389430,3d1d0279,bd45ae63,bf30af71,3f389430,1,51128566

12640,218,139,6,-350,-16321,572,-391,4553,-1706,3d1ceb75,bd45c3bf,bf30b1d8,3f3891e0,3d1ceb6d,bd45c3b3,bf30b1d8,3f3891e0,1,51137085

12641,214,148,6,-317,-16371,564,-441,4501,-1737,3d1cd75b,bd45d489,bf30b368,3f389061,3d1cd752,bd45d47c,bf30b367,3f389060,1,51145603

12642,217,145,8,-321,-16394,544,-441,4501,-1737,3d1cc758,bd45e705,bf30b54a,3f388e8c,3d1cc751,bd45e6fa,bf30b54b,3f388e8c,1,51154122

12643,210,138,5,-325,-16369,541,-401,4479,-1769,3d1cc023,bd460990,bf30b63b,3f388d88,3d1cc01c,bd460984,bf30b63b,3f388d87,1,51162641

12644,199,138,-3,-383,-16389,508,-419,4545,-1697,3d1c9e2e,bd462a1d,bf30b7f4,3f388bda,3d1c9e27,bd462a11,bf30b7f4,3f388bd9,1,51171159

12645,178,135,18,-386,-16378,528,-419,4545,-1697,3d1c94a0,bd463926,bf30b853,3f388b78,3d1c9499,bd463919,bf30b852,3f388b77,1,51179177

12646,168,136,35,-352,-16368,567,-389,4543,-1705,3d1ca03b,bd46335f,bf30b7ce,3f388bf3,3d1ca035,bd463353,bf30b7ce,3f388bf3,1,51187696

12647,171,145,42,-308,-16355,591,-415,4529,-1697,3d1cae7d,bd461841,bf30b772,3f388c5c,3d1cae76,bd461834,bf30b771,3f388c5c,1,51196215

12648,181,154,38,-324,-16361,583,-407,4521,-1692,3d1cace3,bd45f992,bf30b7da,3f388c1a,3d1cacdc,bd45f987,bf30b7da,3f388c1b,1,51204733

12649,197,153,21,-322,-16371,562,-407,4521,-1692,3d1c9acc,bd45ec75,bf30b950,3f388ad3,3d1c9ac4,bd45ec69,bf30b94f,3f388ad3,1,51213252

12650,202,147,9,-317,-16339,574,-443,4557,-1697,3d1c8439,bd45f1a0,bf30bac6,3f388979,3d1c8431,bd45f194,bf30bac5,3f388979,1,51221770

12651,198,138,3,-324,-16382,558,-401,4543,-1706,3d1c7094,bd460691,bf30bbf9,3f38884d,3d1c708c,bd460686,bf30bbf9,3f38884e,1,51230289

12652,208,128,9,-377,-16386,552,-401,4543,-1706,3d1c6555,bd462681,bf30bdc8,3f38867a,3d1c654c,bd462675,bf30bdc7,3f38867a,1,51238807

12653,203,130,24,-345,-16347,551,-397,4517,-1695,3d1c691a,bd46304d,bf30bf87,3f3884c0,3d1c6911,bd463041,bf30bf86,3f3884c0,1,51247326

12654,194,129,35,-347,-16278,589,-379,4509,-1721,3d1c7d27,bd463599,bf30c00a,3f38842c,3d1c7d1e,bd46358c,bf30c008,3f38842b,1,51255845

12655,197,131,30,-293,-16325,566,-379,4509,-1721,3d1c908d,bd463741,bf30c0ee,3f38833f,3d1c9085,bd463736,bf30c0ee,3f388340,1,51264363

12656,202,130,3,-317,-16383,527,-427,4507,-1794,3d1c9548,bd466840,bf30c0e1,3f388313,3d1c9540,bd466834,bf30c0e0,3f388313,1,51272882

12657,189,130,-23,-312,-16384,550,-451,4549,-1742,3d1c794e,bd46a3f7,bf30c0b0,3f388319,3d1c7946,bd46a3eb,bf30c0af,3f388319,1,51280900

12658,181,132,-40,-381,-16356,587,-451,4549,-1742,3d1c439d,bd46f561,bf30bf9d,3f3883f6,3d1c4395,bd46f555,bf30bf9c,3f3883f6,1,51289418

12659,179,132,-15,-429,-16390,602,-477,4509,-1676,3d1c16ae,bd4727a5,bf30bf82,3f388401,3d1c16a6,bd472799,bf30bf81,3f388401,1,51297937

12660,200,139,28,-461,-16385,571,-433,4511,-1736,3d1c115d,bd473bd6,bf30c01b,3f38835c,3d1c1155,bd473bca,bf30c01a,3f38835c,1,51306456

12661,218,148,86,-350,-16354,509,-375,4493,-1721,3d1c43fb,bd470044,bf30c2f3,3f3880b8,3d1c43f3,bd470038,bf30c2f2,3f3880b8,1,51314974

12662,217,147,99,-307,-16344,553,-375,4493,-1721,3d1c8926,bd46b47c,bf30c576,3f387e68,3d1c891d,bd46b46f,bf30c574,3f387e68,1,51323493

12663,213,142,92,-348,-16380,545,-461,4551,-1784,3d1cd32e,bd468959,bf30c669,3f387d6e,3d1cd325,bd46894c,bf30c667,3f387d6e,1,51332011

12664,210,125,83,-396,-16323,552,-449,4575,-1767,3d1d1abc,bd4678b5,bf30c75c,3f387c5a,3d1d1ab3,bd4678a9,bf30c75b,3f387c5b,1,51340530

12665,205,129,110,-384,-16388,530,-449,4575,-1767,3d1d7a52,bd464978,bf30c852,3f387b4f,3d1d7a49,bd46496c,bf30c851,3f387b50,1,51349049

12666,188,135,134,-317,-16370,559,-389,4543,-1748,3d1df09c,bd45ef80,bf30c8a4,3f387afc,3d1df092,bd45ef74,bf30c8a2,3f387afc,1,51357567

12667,185,152,122,-229,-16491,474,-407,4469,-1735,3d1e53e1,bd4584df,bf30c99c,3f387a2c,3d1e53d8,bd4584d4,bf30c99b,3f387a2d,1,51366086

12668,154,163,66,-273,-16387,531,-407,4469,-1735,3d1e7361,bd45479f,bf30c808,3f387bd6,3d1e7358,bd454794,bf30c806,3f387bd6,1,51374104

12669,127,159,30,-322,-16322,627,-389,4521,-1813,3d1e7cdc,bd454538,bf30c28a,3f388114,3d1e7cd4,bd45452e,bf30c289,3f388114,1,51382622

12670,138,144,13,-344,-16391,506,-405,4509,-1694,3d1e6b4d,bd454a67,bf30c0a8,3f3882ec,3d1e6b45,bd454a5d,bf30c0a7,3f3882ec,1,51391141

12671,146,155,24,-339,-16330,550,-405,4509,-1694,3d1e5a53,bd453a4c,bf30bf03,3f38849d,3d1e5a4c,bd453a43,bf30bf03,3f38849d,1,51399660

12672,128,152,44,-389,-16312,625,-425,4515,-1710,3d1e5e2c,bd45233d,bf30bb74,3f38881c,3d1e5e25,bd452334,bf30bb74,3f38881c,1,51408178

12673,145,155,92,-377,-16387,594,-377,4539,-1656,3d1e83a8,bd44cf8e,bf30ba73,3f38894a,3d1e83a1,bd44cf85,bf30ba73,3f38894a,1,51416697

12674,175,164,123,-329,-16346,645,-441,4511,-1690,3d1ec995,bd445aec,bf30ba56,3f3889a7,3d1ec98d,bd445ae3,bf30ba55,3f3889a6,1,51425216

12675,202,170,130,-306,-16350,617,-441,4511,-1690,3d1f1119,bd43d945,bf30bc21,3f38883c,3d1f1111,bd43d93c,bf30bc20,3f38883b,1,51433734

12676,214,164,134,-282,-16381,553,-425,4515,-1759,3d1f6f1e,bd4366d2,bf30bdf1,3f3886a7,3d1f6f18,bd4366ca,bf30bdf2,3f3886a7,1,51442253

12677,207,155,115,-252,-16374,577,-379,4527,-1785,3d1fca4d,bd430f82,bf30beb5,3f3885f9,3d1fca47,bd430f79,bf30beb5,3f3885f8,1,51450771

12678,204,152,96,-244,-16344,542,-379,4527,-1785,3d20162e,bd42cc50,bf30bf78,3f388543,3d201628,bd42cc47,bf30bf78,3f388542,1,51459290

12679,187,158,65,-226,-16357,608,-391,4503,-1820,3d204902,bd42a638,bf30bddf,3f3886c8,3d2048fb,bd42a62e,bf30bdde,3f3886c6,1,51467808

12680,193,148,28,-273,-16341,604,-395,4485,-1753,3d204f04,bd42a32b,bf30bdad,3f3886f5,3d204efe,bd42a322,bf30bdae,3f3886f4,1,51476327

12681,215,136,3,-310,-16362,525,-395,4485,-1753,3d20419d,bd42c903,bf30bf46,3f388551,3d204197,bd42c8fa,bf30bf47,3f388550,1,51484345

12682,204,135,3,-292,-16345,540,-349,4477,-1788,3d203d9d,bd42f39d,bf30bf95,3f3884dc,3d203d96,bd42f394,bf30bf96,3f3884da,1,51492863

12683,176,136,15,-322,-16374,545,-405,4539,-1709,3d203542,bd43037d,bf30bf7e,3f3884e8,3d20353b,bd430374,bf30bf7f,3f3884e6,1,51501382

12684,163,139,15,-316,-16388,595,-405,4539,-1709,3d202bfb,bd430ea7,bf30be42,3f388613,3d202bf4,bd430e9e,bf30be43,3f388611,1,51509901

12685,173,140,20,-399,-16368,625,-327,4515,-1675,3d201565,bd431575,bf30be19,3f388648,3d20155e,bd43156c,bf30be1a,3f388646,1,51518419

12686,186,147,71,-326,-16380,602,-475,4487,-1733,3d203e91,bd42ef0d,bf30bdce,3f388695,3d203e8a,bd42ef04,bf30bdcf,3f388693,1,51526938

12687,197,153,104,-333,-16312,627,-423,4573,-1735,3d207eaa,bd42a3c1,bf30be48,3f388636,3d207ea3,bd42a3b8,bf30be49,3f388634,1,51535457

12688,225,128,123,-236,-16350,558,-423,4573,-1735,3d20f184,bd42551a,bf30c10d,3f38837e,3d20f17d,bd425511,bf30c10e,3f38837c,1,51543975

12689,250,118,118,-272,-16341,568,-423,4505,-1704,3d215dd0,bd42153f,bf30c5a6,3f387efb,3d215dc9,bd421536,bf30c5a7,3f387ef9,1,51552494

12690,263,135,99,-213,-16368,492,-447,4505,-1710,3d21aeb5,bd41d303,bf30cb6e,3f387970,3d21aead,bd41d2f9,bf30cb6e,3f38796e,1,51561013

12691,245,129,84,-279,-16342,532,-447,4505,-1710,3d21efff,bd41abe2,bf30cfa9,3f387551,3d21eff8,bd41abd9,bf30cfab,3f387551,1,51569531

12692,236,135,76,-229,-16371,580,-385,4481,-1725,3d222c2d,bd41818a,bf30d2d5,3f38723f,3d222c24,bd41817f,bf30d2d5,3f38723d,1,51578050

12693,242,136,52,-234,-16388,532,-427,4485,-1690,3d22494a,bd4167cc,bf30d722,3f386e20,3d224942,bd4167c2,bf30d723,3f386e1f,1,51586568

12694,230,126,13,-274,-16365,540,-427,4485,-1690,3d2245ff,bd41805b,bf30da68,3f386ae6,3d2245f7,bd418051,bf30da69,3f386ae5,1,51594586

12695,221,126,-11,-296,-16369,505,-437,4461,-1731,3d223115,bd41bafa,bf30dc80,3f3868b9,3d22310d,bd41baf0,bf30dc81,3f3868b8,1,51603105

12696,208,138,-4,-271,-16365,532,-395,4499,-1725,3d221999,bd41dc6c,bf30dde9,3f386750,3d221991,bd41dc61,bf30ddea,3f38674f,1,51611623

12697,191,140,-2,-294,-16374,535,-395,4499,-1725,3d2200cb,bd41fbce,bf30de44,3f3866ee,3d2200c3,bd41fbc2,bf30de44,3f3866ec,1,51620142

12698,188,145,-8,-299,-16422,516,-393,4469,-1739,3d21e00e,bd421f94,bf30de51,3f3866d9,3d21e007,bd421f88,bf30de51,3f3866d8,1,51628660

12699,161,144,-10,-340,-16374,551,-375,4455,-1786,3d21c3bc,bd42542d,bf30db9d,3f386951,3d21c3b5,bd425421,bf30db9d,3f386950,1,51637179

12700,153,147,7,-347,-16395,532,-429,4495,-1763,3d21b11d,bd427203,bf30d8fa,3f386bca,3d21b116,bd4271f7,bf30d8fa,3f386bc9,1,51645697

12701,139,145,43,-331,-16370,574,-429,4495,-1763,3d21c654,bd426d58,bf30d551,3f386f3f,3d21c64d,bd426d4c,bf30d551,3f386f3e,1,51654216

12702,152,160,76,-319,-16316,588,-395,4483,-1722,3d21e652,bd423063,bf30d35c,3f387143,3d21e64b,bd423057,bf30d35c,3f387142,1,51662735

12703,160,161,85,-286,-16365,569,-429,4503,-1763,3d2218df,bd41f0c8,bf30d14e,3f387353,3d2218d8,bd41f0bc,bf30d14d,3f387351,1,51671253

12704,161,157,89,-263,-16375,535,-429,4503,-1763,3d225522,bd41aee8,bf30cf9c,3f387503,3d22551c,bd41aedd,bf30cf9c,3f387502,1,51679772

12705,166,163,91,-270,-16360,603,-429,4471,-1731,3d228770,bd415fa1,bf30ce45,3f387671,3d22876a,bd415f96,bf30ce45,3f387670,1,51688290

12706,178,161,90,-288,-16330,603,-393,4469,-1700,3d22b10f,bd410e9f,bf30ce47,3f3876a0,3d22b109,bd410e94,bf30ce47,3f38769f,1,51696308

12707,203,168,88,-253,-16388,539,-393,4469,-1700,3d22d42a,bd40b679,bf30d051,3f3874e8,3d22d425,bd40b66e,bf30d052,3f3874e8,1,51704827

12708,198,167,88,-260,-16383,529,-377,4527,-1832,3d230d91,bd407d42,bf30cfde,3f387561,3d230d8b,bd407d37,bf30cfdf,3f387560,1,51713346

12709,175,161,88,-242,-16370,572,-413,4519,-1775,3d234704,bd403a2f,bf30ce96,3f3876ad,3d2346fe,bd403a23,bf30ce97,3f3876ab,1,51721864

12710,161,159,89,-230,-16342,625,-413,4519,-1775,3d2385b6,bd3ff5fe,bf30cc0a,3f38792e,3d2385b0,bd3ff5f2,bf30cc0a,3f38792c,1,51730383

12711,185,146,74,-224,-16346,607,-399,4465,-1761,3d23be90,bd3fca5b,bf30cb43,3f3879e8,3d23be8a,bd3fca4f,bf30cb43,3f3879e6,1,51738901

12712,202,135,48,-240,-16362,580,-367,4501,-1752,3d23e234,bd3fc13c,bf30cbde,3f38793d,3d23e230,bd3fc131,bf30cbe0,3f38793c,1,51747420

12713,205,135,22,-289,-16330,596,-369,4505,-1737,3d23e3f4,bd3fd338,bf30cca8,3f387867,3d23e3ee,bd3fd32b,bf30cca8,3f387865,1,51755939

12714,224,144,24,-283,-16366,566,-369,4505,-1737,3d23debb,bd3fdaf2,bf30cede,3f387645,3d23deb6,bd3fdae6,bf30cee0,3f387644,1,51764457

12715,222,148,32,-239,-16361,566,-341,4535,-1790,3d23eb48,bd3fdc8f,bf30d02e,3f3874f7,3d23eb42,bd3fdc82,bf30d02f,3f3874f4,1,51772976

12716,220,151,23,-238,-16374,550,-419,4503,-1709,3d23e02d,bd3fd44d,bf30d2aa,3f3872a7,3d23e028,bd3fd441,bf30d2ac,3f3872a5,1,51781495

12717,212,143,14,-228,-16376,559,-419,4503,-1709,3d23d591,bd3fda7e,bf30d486,3f3870e2,3d23d58c,bd3fda72,bf30d488,3f3870e0,1,51790013

12718,218,145,-3,-256,-16383,572,-355,4499,-1820,3d23c7a4,bd4009cb,bf30d4bd,3f387088,3d23c79f,bd4009bf,bf30d4bf,3f387086,1,51798532

12719,217,133,-12,-266,-16380,556,-425,4445,-1674,3d23a306,bd402fd2,bf30d74d,3f386e0c,3d23a301,bd402fc6,bf30d74f,3f386e0a,1,51806550

12720,212,130,1,-294,-16351,577,-425,4445,-1674,3d238b27,bd404f86,bf30d969,3f386bfa,3d238b21,bd404f79,bf30d96a,3f386bf8,1,51815068

12721,209,140,15,-294,-16365,543,-401,4523,-1736,3d238165,bd406464,bf30dab4,3f386aaf,3d23815f,bd406458,bf30dab5,3f386aae,1,51823587

12722,219,151,35,-271,-16361,541,-397,4485,-1721,3d2380b0,bd4056b5,bf30dcf9,3f386891,3d2380ab,bd4056aa,bf30dcfb,3f386891,1,51832105

12723,202,152,31,-232,-16356,558,-397,4485,-1721,3d2380eb,bd40461e,bf30de14,3f386794,3d2380e5,bd404613,bf30de15,3f386793,1,51840624

12724,209,146,9,-270,-16375,539,-377,4485,-1797,3d237980,bd4065c8,bf30de51,3f38673f,3d23797a,bd4065bd,bf30de52,3f38673e,1,51849142

12725,211,145,1,-293,-16364,561,-391,4491,-1778,3d23656e,bd408c7e,bf30dec3,3f3866bb,3d236568,bd408c72,bf30dec3,3f3866ba,1,51857661

12726,201,150,14,-288,-16387,565,-375,4517,-1683,3d23497d,bd408b36,bf30e05e,3f386549,3d234978,bd408b2a,bf30e05f,3f386549,1,51866180

12727,198,152,24,-287,-16382,558,-375,4517,-1683,3d2335c0,bd407e76,bf30e1e1,3f3863f5,3d2335ba,bd407e69,bf30e1e2,3f3863f4,1,51874698

12728,198,152,27,-296,-16337,563,-427,4503,-1708,3d232956,bd4076e6,bf30e2cb,3f386329,3d232950,bd4076d9,bf30e2cc,3f386328,1,51883217

12729,196,149,47,-237,-16377,535,-395,4513,-1700,3d2337eb,bd4055d3,bf30e41c,3f3861fb,3d2337e4,bd4055c6,bf30e41c,3f3861fa,1,51891736

12730,187,142,43,-253,-16323,584,-395,4513,-1700,3d2347ef,bd40409e,bf30e472,3f3861b0,3d2347e8,bd404091,bf30e472,3f3861af,1,51899754

12731,191,150,31,-244,-16381,561,-371,4491,-1783,3d23541c,bd404018,bf30e3c4,3f38624c,3d235415,bd40400c,bf30e3c5,3f38624c,1,51908272

12732,195,139,19,-285,-16390,526,-411,4455,-1795,3d235ced,bd405fb3,bf30e322,3f3862c0,3d235ce5,bd405fa6,bf30e322,3f3862be,1,51916791

12733,191,148,23,-298,-16378,552,-411,4455,-1795,3d23602a,bd40742a,bf30e217,3f3863a7,3d236023,bd40741d,bf30e218,3f3863a6,1,51925309

12734,182,154,33,-300,-16337,571,-319,4489,-1818,3d2369b4,bd407af4,bf30e052,3f38654b,3d2369ad,bd407ae7,bf30e053,3f38654a,1,51933828

12735,171,159,50,-263,-16380,554,-365,4505,-1703,3d237059,bd404f04,bf30e009,3f3865b8,3d237051,bd404ef6,bf30e009,3f3865b6,1,51942346

12736,171,154,58,-261,-16363,577,-365,4505,-1703,3d238398,bd402047,bf30df98,3f386644,3d238391,bd40203b,bf30df99,3f386643,1,51950865

12737,176,151,42,-277,-16380,556,-395,4447,-1658,3d2380d1,bd3ffdbd,bf30e031,3f3865d7,3d2380ca,bd3ffdb0,bf30e032,3f3865d6,1,51959383

12738,175,141,36,-300,-16339,541,-367,4501,-1739,3d238bf7,bd3ffd5d,bf30df7a,3f38667d,3d238bf1,bd3ffd51,bf30df7b,3f38667d,1,51967902

12739,157,149,32,-256,-16378,551,-375,4461,-1729,3d239107,bd3ff0ff,bf30ddc4,3f386829,3d239100,bd3ff0f3,bf30ddc5,3f386828,1,51976420

12740,158,147,25,-230,-16311,622,-375,4461,-1729,3d239475,bd3fe9aa,bf30db8c,3f386a4f,3d23946e,bd3fe99e,bf30db8d,3f386a4e,1,51984939

12741,189,137,28,-238,-16350,596,-375,4477,-1748,3d23a442,bd3ff004,bf30db15,3f386aad,3d23a43b,bd3feff8,bf30db15,3f386aac,1,51993458

12742,205,123,22,-264,-16352,593,-369,4487,-1801,3d23c05f,bd4019c6,bf30da97,3f386ae1,3d23c058,bd4019ba,bf30da97,3f386ae0,1,52001976

12743,211,131,9,-267,-16371,580,-369,4487,-1801,3d23c7a4,bd404876,bf30da8e,3f386ab3,3d23c79e,bd40486b,bf30da8e,3f386ab2,1,52009994

12744,225,128,8,-298,-16378,537,-357,4507,-1715,3d23bc52,bd406b48,bf30dd3c,3f386807,3d23bc4c,bd406b3d,bf30dd3d,3f386806,1,52018513

12745,233,136,19,-302,-16378,519,-391,4511,-1859,3d23ccd7,bd40a077,bf30ddeb,3f38671a,3d23ccd1,bd40a06c,bf30ddec,3f386719,1,52027032

12746,210,142,31,-302,-16387,503,-391,4511,-1859,3d23e4ce,bd40c34b,bf30dd68,3f38675e,3d23e4c8,bd40c340,bf30dd69,3f38675d,1,52035550

12747,200,154,39,-265,-16379,549,-351,4535,-1688,3d23dff8,bd40a493,bf30df2e,3f3865ce,3d23dff2,bd40a488,bf30df2f,3f3865cd,1,52044069

12748,181,156,36,-265,-16375,561,-341,4513,-1798,3d23eaec,bd409dbd,bf30ddcf,3f38671c,3d23eae6,bd409db1,bf30ddcf,3f38671a,1,52052587

12749,184,156,37,-261,-16384,559,-341,4513,-1798,3d23f70f,bd4095a3,bf30dca8,3f386835,3d23f70a,bd409598,bf30dca9,3f386834,1,52061106

12750,167,149,43,-247,-16337,577,-379,4551,-1744,3d2408fa,bd40807a,bf30db38,3f38699b,3d2408f5,bd40806f,bf30db39,3f38699a,1,52069624

12751,171,156,46,-283,-16363,566,-373,4497,-1718,3d240e99,bd406138,bf30da91,3f386a57,3d240e94,bd40612d,bf30da92,3f386a56,1,52078143

12752,170,153,51,-245,-16366,552,-423,4495,-1678,3d241a24,bd4034cd,bf30da95,3f386a79,3d241a1e,bd4034c1,bf30da95,3f386a77,1,52086662

12753,166,156,57,-249,-16344,595,-423,4495,-1678,3d242889,bd40000c,bf30da0f,3f386b23,3d242883,bd400000,bf30da0f,3f386b21,1,52095180

12754,176,151,41,-240,-16325,593,-415,4515,-1687,3d242d91,bd3fe02a,bf30d9f4,3f386b5a,3d242d8b,bd3fe01e,bf30d9f4,3f386b58,1,52103699

12755,189,144,32,-261,-16366,576,-411,4505,-1625,3d242221,bd3fc6a9,bf30dbc0,3f3869c5,3d24221b,bd3fc69d,bf30dbc0,3f3869c3,1,52111717

12756,185,145,23,-253,-16360,566,-411,4505,-1625,3d240e2c,bd3fb393,bf30dd56,3f386866,3d240e26,bd3fb387,bf30dd56,3f386864,1,52120235

12757,189,150,12,-252,-16357,574,-353,4523,-1666,3d23f0bd,bd3fac40,bf30de7d,3f38676c,3d23f0b8,bd3fac35,bf30de7d,3f38676b,1,52128754

12758,198,140,8,-278,-16374,588,-433,4485,-1707,3d23de73,bd3fc0b0,bf30df20,3f3866cb,3d23de6d,bd3fc0a4,bf30df1f,3f3866c9,1,52137272

12759,187,144,9,-248,-16384,579,-433,4485,-1707,3d23cdb6,bd3fcbfd,bf30df32,3f3866bc,3d23cdb1,bd3fcbf2,bf30df31,3f3866bb,1,52145791

12760,189,140,2,-249,-16343,580,-401,4515,-1724,3d23bbbd,bd3fe459,bf30df1f,3f3866c5,3d23bbb8,bd3fe44e,bf30df1e,3f3866c4,1,52154309

12761,195,131,-7,-316,-16386,553,-363,4543,-1735,3d23a208,bd40173b,bf30df74,3f386656,3d23a203,bd401730,bf30df73,3f386655,1,52162828

12762,185,135,5,-346,-16382,555,-363,4543,-1735,3d238d89,bd403dff,bf30df34,3f38667c,3d238d85,bd403df5,bf30df34,3f38667d,1,52171347

12763,174,148,39,-291,-16356,561,-397,4487,-1715,3d2392f8,bd402e5a,bf30deab,3f38670b,3d2392f3,bd402e4e,bf30deaa,3f38670b,1,52179865

12764,169,153,54,-232,-16333,584,-399,4519,-1748,3d23af21,bd400b59,bf30dd31,3f386881,3d23af1c,bd400b4d,bf30dd30,3f386881,1,52188384

12765,178,149,48,-249,-16371,590,-379,4495,-1726,3d23c279,bd3fef43,bf30dc9d,3f38691c,3d23c274,bd3fef37,bf30dc9c,3f38691c,1,52196903

12766,187,153,34,-296,-16330,540,-379,4495,-1726,3d23bdfa,bd3fe2f9,bf30dce2,3f3868ea,3d23bdf5,bd3fe2ed,bf30dce1,3f3868ea,1,52205421

12767,185,159,43,-271,-16341,567,-373,4501,-1735,3d23c13b,bd3fc6f9,bf30dcc2,3f386923,3d23c136,bd3fc6ed,bf30dcc1,3f386923,1,52213940

12768,180,158,42,-257,-16374,579,-423,4509,-1688,3d23bf18,bd3fa229,bf30dcf8,3f386917,3d23bf13,bd3fa21d,bf30dcf7,3f386917,1,52221958

12769,183,150,38,-263,-16372,573,-423,4509,-1688,3d23bf85,bd3f89de,bf30dd5b,3f3868d1,3d23bf81,bd3f89d3,bf30dd5b,3f3868d2,1,52230476

12770,182,146,41,-245,-16346,560,-401,4461,-1784,3d23d9d8,bd3f860f,bf30dc11,3f3869fa,3d23d9d4,bd3f8604,bf30dc11,3f3869fa,1,52238995

12771,165,154,37,-261,-16386,565,-427,4497,-1771,3d23e599,bd3f7c72,bf30d9ed,3f386c07,3d23e595,bd3f7c67,bf30d9ed,3f386c07,1,52247513

12772,162,152,41,-265,-16362,573,-427,4497,-1771,3d23f6b8,bd3f716a,bf30d78f,3f386e49,3d23f6b4,bd3f7160,bf30d78f,3f386e49,1,52256032

12773,160,161,45,-281,-16379,567,-383,4491,-1778,3d2401ec,bd3f5c1b,bf30d52c,3f38709e,3d2401e8,bd3f5c11,bf30d52c,3f38709e,1,52264550

12774,151,152,48,-294,-16344,572,-393,4503,-1711,3d240b89,bd3f3ef2,bf30d35d,3f387270,3d240b85,bd3f3ee8,bf30d35d,3f387270,1,52273069

12775,148,151,67,-272,-16372,584,-393,4503,-1711,3d242b3c,bd3f0e39,bf30d162,3f38746c,3d242b37,bd3f0e2e,bf30d161,3f38746b,1,52281588

12776,153,158,78,-264,-16370,587,-415,4529,-1679,3d244a19,bd3ec5ba,bf30d04d,3f3875a5,3d244a14,bd3ec5af,bf30d04c,3f3875a4,1,52290106

12777,147,155,79,-254,-16362,582,-363,4543,-1728,3d24754e,bd3e869d,bf30ce2b,3f3877cc,3d247549,bd3e8692,bf30ce2a,3f3877cb,1,52298633

12778,153,158,81,-227,-16317,614,-403,4501,-1650,3d2495a7,bd3e3161,bf30cd6b,3f3878be,3d2495a3,bd3e3157,bf30cd6b,3f3878be,1,52307152

12779,174,156,65,-198,-16350,608,-403,4501,-1650,3d24aa1a,bd3deaf2,bf30cdf1,3f387874,3d24aa16,bd3deae8,bf30cdf1,3f387874,1,52315170

12780,195,148,37,-239,-16334,611,-369,4473,-1786,3d24bc9c,bd3de969,bf30cd34,3f38791b,3d24bc98,bd3de95f,bf30cd34,3f38791b,1,52323689

12781,207,154,26,-249,-16363,600,-395,4479,-1758,3d24b832,bd3de856,bf30cdb5,3f3878a6,3d24b82d,bd3de84c,bf30cdb4,3f3878a5,1,52332207

12782,217,150,11,-260,-16376,591,-395,4479,-1758,3d24a6ff,bd3dfafd,bf30cece,3f387793,3d24a6fb,bd3dfaf3,bf30cece,3f387793,1,52340726

12783,213,146,9,-265,-16363,594,-411,4539,-1735,3d2492cd,bd3e0e42,bf30d007,3f387664,3d2492c9,bd3e0e37,bf30d007,3f387663,1,52349244

12784,209,141,16,-263,-16356,583,-415,4503,-1720,3d248875,bd3e1c9d,bf30d154,3f387521,3d248871,bd3e1c92,bf30d154,3f387520,1,52357763

12785,199,148,16,-251,-16357,606,-415,4503,-1720,3d2479e0,bd3e21ff,bf30d1dd,3f3874a5,3d2479dc,bd3e21f4,bf30d1dd,3f3874a4,1,52366282

12786,210,148,14,-269,-16369,565,-441,4577,-1672,3d245dfa,bd3e2267,bf30d437,3f38727c,3d245df7,bd3e225c,bf30d438,3f38727b,1,52374800

12787,196,150,13,-287,-16388,558,-411,4499,-1773,3d244fbd,bd3e3911,bf30d3f3,3f3872b2,3d244fba,bd3e3906,bf30d3f4,3f3872b1,1,52383319

12788,176,150,22,-290,-16368,544,-411,4499,-1773,3d244b10,bd3e46a1,bf30d29e,3f3873f0,3d244b0d,bd3e4696,bf30d29f,3f3873ef,1,52391838

12789,153,152,46,-314,-16341,607,-431,4517,-1733,3d2453d9,bd3e34a8,bf30d02e,3f387651,3d2453d6,bd3e349c,bf30d02e,3f38764f,1,52400356

12790,156,157,81,-273,-16373,617,-423,4499,-1749,3d248190,bd3dfbe6,bf30cdc2,3f3878b6,3d24818d,bd3dfbda,bf30cdc2,3f3878b4,1,52408875

12791,175,161,95,-214,-16387,592,-427,4489,-1733,3d24bbe5,bd3da8df,bf30cd13,3f38797e,3d24bbe3,bd3da8d3,bf30cd13,3f38797d,1,52417393

12792,181,164,79,-207,-16362,635,-427,4489,-1733,3d24e452,bd3d616c,bf30cc5d,3f387a51,3d24e450,bd3d6160,bf30cc5d,3f387a50,1,52425411

12793,188,152,57,-208,-16375,597,-447,4539,-1741,3d2502ad,bd3d3cc5,bf30cc1a,3f387a9b,3d2502ab,bd3d3cb9,bf30cc1a,3f387a9a,1,52433930

12794,189,146,36,-221,-16353,580,-399,4551,-1710,3d2509d2,bd3d2b48,bf30cc9b,3f387a2b,3d2509d0,bd3d2b3c,bf30cc9b,3f387a2a,1,52442448

12795,189,143,15,-199,-16339,614,-399,4551,-1710,3d250226,bd3d2d5d,bf30ccc3,3f387a0a,3d250224,bd3d2d51,bf30ccc3,3f387a09,1,52450967

12796,192,140,-9,-230,-16330,631,-391,4511,-1752,3d24e9f9,bd3d55ea,bf30cc13,3f387a9f,3d24e9f7,bd3d55df,bf30cc13,3f387a9e,1,52459486

12797,209,137,-31,-208,-16324,627,-431,4539,-1775,3d24c581,bd3d99e9,bf30cbd8,3f387ab2,3d24c57f,bd3d99de,bf30cbd8,3f387ab1,1,52468004

12798,226,130,-39,-242,-16365,578,-431,4539,-1775,3d249a74,bd3df12e,bf30ccfc,3f387967,3d249a72,bd3df123,bf30ccfc,3f387966,1,52476523

12799,223,132,-52,-263,-16348,614,-435,4495,-1777,3d246052,bd3e55f7,bf30cd7e,3f3878b7,3d246050,bd3e55ec,bf30cd7e,3f3878b6,1,52485042

12800,237,134,-53,-249,-16363,593,-369,4521,-1759,3d241f9d,bd3eb18d,bf30cf93,3f387692,3d241f9b,bd3eb183,bf30cf94,3f387692,1,52493560

12801,238,132,-61,-267,-16389,548,-369,4521,-1759,3d23d6fa,bd3f1885,bf30d204,3f387411,3d23d6f7,bd3f187a,bf30d204,3f387410,1,52502079

12802,224,137,-73,-287,-16343,592,-421,4471,-1808,3d2387c0,bd3f9578,bf30d215,3f3873c6,3d2387bd,bd3f956d,bf30d215,3f3873c5,1,52510598

12803,230,137,-75,-294,-16391,574,-457,4513,-1672,3d231e10,bd3ff642,bf30d51a,3f3870d9,3d231e0d,bd3ff638,bf30d51a,3f3870d8,1,52519116

12804,234,134,-73,-312,-16387,529,-409,4491,-1733,3d22c0fd,bd406616,bf30d7ad,3f386e40,3d22c0f9,bd40660b,bf30d7ad,3f386e3e,1,52527134

12805,207,142,-48,-291,-16383,560,-409,4491,-1733,3d22799a,bd40b24f,bf30d87e,3f386d67,3d227997,bd40b244,bf30d87f,3f386d66,1,52535653

12806,182,136,-38,-281,-16388,568,-417,4517,-1759,3d224914,bd40fde1,bf30d74a,3f386e6a,3d224911,bd40fdd6,bf30d74b,3f386e69,1,52544172

12807,175,134,-30,-272,-16361,586,-425,4511,-1776,3d222753,bd414660,bf30d534,3f38703b,3d22274f,bd414655,bf30d535,3f38703a,1,52552690

12808,175,142,-37,-319,-16340,581,-425,4511,-1776,3d21f1ca,bd419344,bf30d325,3f387213,3d21f1c6,bd419339,bf30d326,3f387212,1,52561209

12809,176,144,-28,-359,-16388,547,-437,4485,-1826,3d21c7b7,bd41e7fc,bf30d075,3f387472,3d21c7b3,bd41e7f1,bf30d076,3f387471,1,52569727

12810,165,158,-1,-371,-16347,555,-399,4495,-1775,3d21a0a2,bd420826,bf30ce4a,3f387686,3d21a09e,bd42081b,bf30ce4b,3f387685,1,52578246

12811,141,164,26,-317,-16374,590,-399,4495,-1775,3d21969a,bd420103,bf30ca92,3f387a27,3d219695,bd4200f7,bf30ca92,3f387a25,1,52586764

12812,137,160,47,-302,-16316,617,-443,4527,-1713,3d219c34,bd41daf7,bf30c788,3f387d34,3d219c31,bd41daec,bf30c78a,3f387d33,1,52595283

12813,160,157,62,-278,-16341,608,-437,4533,-1750,3d21baad,bd41b020,bf30c562,3f387f55,3d21baab,bd41b015,bf30c564,3f387f54,1,52603802

12814,174,159,60,-279,-16376,569,-437,4533,-1750,3d21d3e6,bd418658,bf30c46b,3f388058,3d21d3e3,bd41864c,bf30c46c,3f388056,1,52612320

12815,162,149,57,-300,-16317,633,-473,4461,-1732,3d21f056,bd4168fb,bf30c252,3f388260,3d21f053,bd4168f0,bf30c253,3f38825f,1,52620839

12816,176,158,78,-240,-16384,608,-427,4527,-1730,3d221cc2,bd41261a,bf30c1ab,3f38831f,3d221cbf,bd41260f,bf30c1ac,3f38831e,1,52629357

12817,193,150,67,-265,-16369,604,-411,4479,-1736,3d2242da,bd40fafd,bf30c1e1,3f3882f6,3d2242d6,bd40faf1,bf30c1e2,3f3882f5,1,52637375

12818,199,140,45,-255,-16340,624,-411,4479,-1736,3d225d9a,bd40ed3f,bf30c22d,3f3882a5,3d225d96,bd40ed32,bf30c22d,3f3882a4,1,52645894

12819,207,134,33,-273,-16349,595,-393,4547,-1710,3d2269ab,bd40ec82,bf30c3ab,3f38812e,3d2269a7,bd40ec75,bf30c3aa,3f38812c,1,52654412

12820,224,139,22,-249,-16378,597,-427,4525,-1732,3d226d01,bd40f4f5,bf30c5aa,3f387f37,3d226cff,bd40f4e9,bf30c5ab,3f387f36,1,52662931

12821,217,129,1,-230,-16304,611,-427,4525,-1732,3d22680b,bd4117ea,bf30c6fe,3f387dd3,3d226808,bd4117dd,bf30c6ff,3f387dd1,1,52671450

12822,225,124,-4,-279,-16378,567,-395,4495,-1730,3d225bd2,bd4149db,bf30c92d,3f387b90,3d225bcf,bd4149ce,bf30c92e,3f387b8e,1,52679968

12823,221,125,-7,-333,-16381,566,-373,4497,-1711,3d224226,bd417f07,bf30cb76,3f38793f,3d224223,bd417ef9,bf30cb76,3f38793d,1,52688487

12824,210,135,10,-353,-16381,544,-373,4497,-1711,3d222e31,bd419c77,bf30cd50,3f38776b,3d222e2f,bd419c6a,bf30cd51,3f387769,1,52697005

12825,191,141,28,-323,-16369,585,-391,4525,-1807,3d223bc1,bd41b4d7,bf30cc0e,3f38787a,3d223bbf,bd41b4cb,bf30cc0f,3f387878,1,52705524

12826,196,148,39,-312,-16383,560,-397,4489,-1755,3d2245eb,bd41af66,bf30cc49,3f38783e,3d2245e9,bd41af5a,bf30cc4a,3f38783c,1,52714043

12827,185,160,45,-297,-16367,558,-397,4489,-1755,3d224d25,bd41966a,bf30cbef,3f3878a9,3d224d23,bd41965e,bf30cbf0,3f3878a7,1,52722561

12828,168,167,51,-285,-16359,609,-411,4497,-1740,3d2253f0,bd416b7c,bf30ca72,3f387a3c,3d2253ef,bd416b71,bf30ca74,3f387a3c,1,52731080

12829,162,164,34,-238,-16374,606,-427,4505,-1763,3d225746,bd4152cd,bf30c81f,3f387c8e,3d225744,bd4152c2,bf30c820,3f387c8d,1,52739098

12830,168,159,7,-266,-16335,605,-427,4517,-1673,3d223111,bd41485b,bf30c7ac,3f387d29,3d22310f,bd414850,bf30c7ad,3f387d28,1,52747616

12831,164,147,-10,-301,-16351,576,-427,4517,-1673,3d2201b4,bd415d79,bf30c713,3f387dcf,3d2201b1,bd415d6d,bf30c713,3f387dcd,1,52756135

12832,155,140,-5,-367,-16380,570,-419,4541,-1767,3d21e64f,bd419028,bf30c451,3f388057,3d21e64c,bd41901c,bf30c451,3f388056,1,52764653

12833,144,146,39,-422,-16391,545,-419,4557,-1784,3d21eca7,bd419e02,bf30c0fc,3f388374,3d21eca4,bd419df6,bf30c0fc,3f388373,1,52773172

12834,96,165,106,-426,-16369,601,-419,4557,-1784,3d222505,bd415927,bf30baa2,3f38899f,3d222503,bd41591c,bf30baa3,3f38899f,1,52781691

12835,79,185,184,-292,-16339,722,-435,4489,-1744,3d22a28c,bd409e70,bf30b366,3f3890e1,3d22a289,bd409e64,bf30b366,3f3890e1,1,52790209

12836,153,185,201,-228,-16328,700,-435,4493,-1710,3d232c4b,bd3fc8fa,bf30b19f,3f3892fa,3d232c48,bd3fc8ee,bf30b19f,3f3892fa,1,52798728

12837,256,175,126,-157,-16346,627,-435,4493,-1710,3d237726,bd3f4105,bf30b660,3f388eb7,3d237723,bd3f40f9,bf30b660,3f388eb7,1,52807246

12838,253,169,107,-11,-16365,573,-387,4489,-1735,3d23c90c,bd3ec3ca,bf30baf8,3f388a8b,3d23c908,bd3ec3bd,bf30baf8,3f388a8a,1,52815765

12839,230,144,-21,-340,-16305,597,-417,4517,-1644,3d23812b,bd3eeada,bf30beb8,3f38870a,3d238128,bd3eeace,bf30beb9,3f38870a,1,52824284

12840,221,146,-4,-287,-16370,574,-417,4517,-1644,3d234ef6,bd3ef93a,bf30c22e,3f3883d7,3d234ef2,bd3ef92d,bf30c22e,3f3883d5,1,52832301

12841,214,141,25,-152,-16333,609,-385,4469,-1814,3d236cbe,bd3f0511,bf30c218,3f3883c5,3d236cbb,bd3f0504,bf30c219,3f3883c4,1,52840820

12842,217,125,-38,-251,-16321,609,-399,4519,-1787,3d234a7b,bd3f60b0,bf30c257,3f388349,3d234a78,bd3f60a3,bf30c258,3f388348,1,52849339

12843,222,117,-70,-316,-16384,586,-427,4513,-1731,3d22ff93,bd3fddd1,bf30c3d9,3f388198,3d22ff8f,bd3fddc3,bf30c3d9,3f388196,1,52857857

12844,216,123,-49,-290,-16348,596,-427,4513,-1731,3d22c770,bd403d94,bf30c502,3f388049,3d22c76c,bd403d86,bf30c503,3f388047,1,52866376

12845,208,122,-32,-289,-16353,606,-397,4529,-1794,3d22ac0b,bd409aec,bf30c49a,3f388063,3d22ac07,bd409ade,bf30c49b,3f388061,1,52874895

12846,213,133,-20,-317,-16355,621,-399,4525,-1602,3d226d87,bd40bd8e,bf30c7cf,3f387d63,3d226d84,bd40bd81,bf30c7d1,3f387d61,1,52883413

12847,239,137,2,-307,-16300,625,-399,4525,-1602,3d224048,bd40c7fb,bf30cca2,3f3878e1,3d224045,bd40c7ee,bf30cca4,3f3878e0,1,52891932

12848,251,139,16,-341,-16308,624,-385,4525,-1773,3d2237a6,bd40eb4b,bf30cf42,3f387640,3d2237a2,bd40eb3d,bf30cf43,3f38763e,1,52900451

12849,268,140,29,-232,-16388,570,-395,4533,-1709,3d223b72,bd40e6fb,bf30d493,3f387129,3d223b6e,bd40e6ed,bf30d494,3f387127,1,52908969

12850,261,137,14,-300,-16386,526,-395,4533,-1709,3d222bd8,bd40fbc9,bf30d9a7,3f386c42,3d222bd4,bd40fbbc,bf30d9a8,3f386c41,1,52917488

12851,238,141,16,-333,-16383,549,-413,4511,-1781,3d22254d,bd411ea9,bf30dbc9,3f386a17,3d222549,bd411e9c,bf30dbca,3f386a16,1,52926006

12852,204,148,33,-292,-16367,569,-355,4501,-1701,3d222109,bd41105b,bf30dd58,3f3868ab,3d222104,bd41104e,bf30dd59,3f3868a9,1,52934525

12853,191,141,41,-311,-16380,561,-355,4501,-1701,3d2229a7,bd410313,bf30de2b,3f3867e7,3d2229a3,bd410307,bf30de2c,3f3867e5,1,52942543

12854,173,146,63,-313,-16381,555,-413,4511,-1767,3d22503a,bd40ec3e,bf30dcc1,3f386938,3d225036,bd40ec32,bf30dcc2,3f386937,1,52951062

12855,164,160,83,-284,-16359,594,-451,4481,-1765,3d22821d,bd40b273,bf30da87,3f386b6c,3d228218,bd40b266,bf30da87,3f386b6b,1,52959580

12856,158,175,88,-277,-16385,581,-423,4443,-1750,3d22a913,bd406093,bf30d877,3f386d98,3d22a90f,bd406087,bf30d878,3f386d98,1,52968099

12857,160,170,87,-254,-16367,595,-423,4443,-1750,3d22d611,bd401201,bf30d66a,3f386fbb,3d22d60c,bd4011f4,bf30d66a,3f386fba,1,52976618

12858,173,162,81,-218,-16347,614,-395,4505,-1712,3d22ffa8,bd3fc329,bf30d5ca,3f387081,3d22ffa2,bd3fc31b,bf30d5c9,3f387080,1,52985136

12859,178,158,56,-244,-16298,594,-403,4537,-1758,3d2318c9,bd3f9d64,bf30d4ab,3f3871a6,3d2318c4,bd3f9d57,bf30d4aa,3f3871a5,1,52993655

12860,177,157,34,-235,-16350,634,-403,4537,-1758,3d231ee6,bd3f8bb3,bf30d31a,3f387333,3d231ee1,bd3f8ba6,bf30d319,3f387332,1,53002173

12861,193,149,27,-262,-16368,618,-401,4507,-1676,3d231301,bd3f7b2d,bf30d407,3f38726b,3d2312fd,bd3f7b21,bf30d407,3f38726b,1,53010692

12862,210,143,22,-274,-16373,575,-373,4517,-1762,3d2313a2,bd3f8967,bf30d4d1,3f387199,3d23139e,bd3f895b,bf30d4d1,3f387199,1,53019211

12863,206,142,27,-298,-16387,570,-373,4517,-1762,3d231778,bd3f96ae,bf30d569,3f3870f8,3d231773,bd3f96a1,bf30d568,3f3870f7,1,53027729

12864,202,145,39,-291,-16362,589,-391,4535,-1742,3d2321f0,bd3f909c,bf30d5fc,3f387067,3d2321ed,bd3f9090,bf30d5fc,3f387068,1,53036248

12865,186,144,54,-260,-16341,599,-367,4551,-1724,3d233cc5,bd3f7424,bf30d5f7,3f387071,3d233cc2,bd3f7418,bf30d5f7,3f387072,1,53044766

12866,186,145,64,-242,-16377,568,-367,4551,-1724,3d236235,bd3f4b7e,bf30d63f,3f387036,3d236231,bd3f4b71,bf30d63e,3f387037,1,53052784

12867,188,154,48,-271,-16368,590,-409,4479,-1753,3d2372f9,bd3f354d,bf30d5bd,3f3870bb,3d2372f5,bd3f3540,bf30d5bc,3f3870bc,1,53061303

12868,177,154,39,-264,-16311,582,-399,4481,-1657,3d236af9,bd3f1155,bf30d64b,3f38705f,3d236af5,bd3f1148,bf30d64a,3f387060,1,53069822

12869,170,159,29,-230,-16312,620,-385,4489,-1675,3d235bfd,bd3ef05b,bf30d5dd,3f3870f8,3d235bf8,bd3ef04d,bf30d5db,3f3870f9,1,53078340

12870,187,151,21,-215,-16373,621,-385,4489,-1675,3d234d68,bd3edda3,bf30d66c,3f38708e,3d234d63,bd3edd95,bf30d66a,3f38708f,1,53086859

12871,208,136,3,-283,-16338,585,-363,4521,-1741,3d233cc9,bd3f00f3,bf30d748,3f386fa6,3d233cc4,bd3f00e4,bf30d746,3f386fa7,1,53095377

12872,199,127,7,-288,-16369,616,-397,4487,-1742,3d233a05,bd3f2ac0,bf30d735,3f386f90,3d233a00,bd3f2ab1,bf30d733,3f386f91,1,53103896

12873,208,133,26,-267,-16385,583,-397,4487,-1742,3d2345ef,bd3f3af1,bf30d80c,3f386ea6,3d2345ea,bd3f3ae2,bf30d80a,3f386ea7,1,53112414

12874,212,133,22,-284,-16352,588,-389,4511,-1737,3d234a5b,bd3f4f8c,bf30d92f,3f386d77,3d234a56,bd3f4f7d,bf30d92d,3f386d78,1,53120933

12875,199,146,17,-265,-16341,586,-425,4549,-1701,3d233af7,bd3f5211,bf30da29,3f386c92,3d233af2,bd3f5202,bf30da27,3f386c93,1,53129452

12876,203,148,17,-263,-16369,585,-425,4549,-1701,3d2329cf,bd3f528d,bf30db64,3f386b71,3d2329ca,bd3f527e,bf30db62,3f386b72,1,53137970

12877,211,146,15,-271,-16356,578,-377,4505,-1702,3d2316cb,bd3f578a,bf30dd2d,3f3869c7,3d2316c6,bd3f577c,bf30dd2c,3f3869c8,1,53146489

12878,211,146,20,-251,-16385,572,-399,4531,-1728,3d230fcd,bd3f5b53,bf30de8d,3f386877,3d230fc8,bd3f5b45,bf30de8c,3f386878,1,53154507

12879,206,150,16,-279,-16359,571,-399,4531,-1728,3d22fe38,bd3f6231,bf30df99,3f38677e,3d22fe33,bd3f6222,bf30df97,3f38677f,1,53163025

12880,201,146,20,-274,-16388,571,-367,4511,-1769,3d22fc18,bd3f70b6,bf30dfaf,3f38675c,3d22fc14,bd3f70a7,bf30dfae,3f38675e,1,53171544

12881,196,137,20,-290,-16346,607,-371,4541,-1742,3d22fbe2,bd3f832e,bf30dfa1,3f386757,3d22fbde,bd3f831f,bf30dfa0,3f386759,1,53180062

12882,191,145,33,-282,-16382,566,-419,4531,-1703,3d22fc3c,bd3f79b6,bf30e040,3f3866c8,3d22fc37,bd3f79a6,bf30e03e,3f3866c9,1,53188581

12883,194,155,43,-290,-16371,570,-419,4531,-1703,3d22fbd7,bd3f5e75,bf30e115,3f386618,3d22fbd3,bd3f5e65,bf30e114,3f38661a,1,53197100

12884,195,156,56,-293,-16367,571,-427,4535,-1770,3d231248,bd3f45e0,bf30e0c7,3f386668,3d231243,bd3f45cf,bf30e0c7,3f38666a,1,53205618

12885,187,159,74,-278,-16358,584,-375,4507,-1719,3d23301d,bd3f0aa6,bf30e103,3f386652,3d233017,bd3f0a94,bf30e102,3f386653,1,53214137

12886,177,154,78,-253,-16313,617,-375,4507,-1719,3d2359ef,bd3ecd1b,bf30e062,3f386708,3d2359e9,bd3ecd09,bf30e061,3f386709,1,53222656

12887,205,147,70,-244,-16379,587,-427,4485,-1640,3d2374a9,bd3e8fec,bf30e2e6,3f3864c6,3d2374a2,bd3e8fda,bf30e2e4,3f3864c6,1,53231174

12888,198,145,58,-231,-16366,602,-399,4511,-1694,3d23904c,bd3e6808,bf30e3f2,3f3863d5,3d239045,bd3e67f7,bf30e3f0,3f3863d5,1,53239693

12889,188,145,41,-236,-16358,583,-399,4511,-1694,3d239b3e,bd3e505e,bf30e474,3f386367,3d239b37,bd3e504d,bf30e472,3f386367,1,53247711

12890,195,138,19,-256,-16375,577,-377,4527,-1664,3d238eba,bd3e501c,bf30e5e0,3f386215,3d238eb4,bd3e500c,bf30e5df,3f386216,1,53256730

12891,203,135,10,-257,-16370,598,-413,4489,-1788,3d2392e7,bd3e7859,bf30e53b,3f386287,3d2392e1,bd3e7849,bf30e53a,3f386288,1,53264748

12892,207,143,3,-270,-16380,592,-413,4489,-1788,3d238711,bd3ea10e,bf30e4e1,3f3862bd,3d23870b,bd3ea0fe,bf30e4e0,3f3862be,1,53273266

12893,211,139,11,-261,-16338,593,-385,4469,-1737,3d237e2f,bd3eb880,bf30e5c7,3f3861cf,3d237e29,bd3eb870,bf30e5c6,3f3861d0,1,53281785

12894,208,141,17,-244,-16374,578,-409,4529,-1661,3d236df5,bd3eb64c,bf30e7fb,3f385fc4,3d236def,bd3eb63b,bf30e7f9,3f385fc4,1,53290304

12895,218,148,15,-288,-16368,547,-367,4491,-1748,3d235e38,bd3ec6c2,bf30e98b,3f385e40,3d235e33,bd3ec6b2,bf30e98a,3f385e41,1,53298822

12896,210,151,11,-289,-16356,563,-367,4491,-1748,3d234863,bd3ed7a4,bf30ea7c,3f385d5c,3d23485e,bd3ed794,bf30ea7b,3f385d5d,1,53307341

12897,188,153,20,-239,-16364,585,-367,4505,-1684,3d233568,bd3ec8da,bf30eb1c,3f385ce3,3d233563,bd3ec8c8,bf30eb1a,3f385ce3,1,53315859

12898,188,144,29,-273,-16369,587,-395,4529,-1712,3d2334dd,bd3ec4f2,bf30eb2d,3f385cd6,3d2334d7,bd3ec4e0,bf30eb2b,3f385cd6,1,53324378

12899,195,145,33,-296,-16354,568,-395,4529,-1712,3d2333fb,bd3ebfb2,bf30ebd1,3f385c3f,3d2333f7,bd3ebfa1,bf30ebd0,3f385c40,1,53332897

12900,185,149,41,-262,-16348,601,-393,4491,-1679,3d233668,bd3ea39a,bf30ec35,3f385bfa,3d233664,bd3ea388,bf30ec34,3f385bfa,1,53341415

12901,198,153,51,-245,-16364,589,-433,4481,-1756,3d234e97,bd3e8b59,bf30ec0b,3f385c26,3d234e93,bd3e8b47,bf30ec0a,3f385c26,1,53349934

12902,217,156,41,-262,-16381,561,-433,4481,-1756,3d2356be,bd3e7cd8,bf30ed39,3f385b0c,3d2356b9,bd3e7cc6,bf30ed37,3f385b0b,1,53357952

12903,211,149,32,-259,-16388,552,-363,4521,-1705,3d235280,bd3e6f11,bf30ef27,3f385943,3d23527c,bd3e6f01,bf30ef26,3f385944,1,53366470

12904,186,152,31,-226,-16382,571,-397,4497,-1757,3d235a3d,bd3e6693,bf30ee6b,3f3859fa,3d235a39,bd3e6683,bf30ee69,3f3859fb,1,53374989

12905,187,151,18,-253,-16331,606,-397,4497,-1757,3d235327,bd3e6e84,bf30ed63,3f385af5,3d235323,bd3e6e74,bf30ed61,3f385af6,1,53383508

12906,197,150,12,-268,-16345,589,-389,4523,-1657,3d2332a7,bd3e6985,bf30eee0,3f3859aa,3d2332a4,bd3e6976,bf30eedf,3f3859ac,1,53392026

12907,203,148,7,-251,-16362,586,-343,4495,-1758,3d232219,bd3e7db0,bf30ef0e,3f385977,3d232216,bd3e7da1,bf30ef0d,3f385979,1,53400545

12908,194,146,5,-278,-16365,594,-395,4523,-1763,3d231077,bd3e9ad7,bf30ee63,3f385a0d,3d231073,bd3e9ac7,bf30ee61,3f385a0f,1,53409064

12909,199,152,16,-259,-16356,608,-395,4523,-1763,3d230617,bd3ea5a5,bf30edfb,3f385a6e,3d230613,bd3ea595,bf30edf9,3f385a70,1,53417582

12910,204,146,25,-241,-16353,591,-407,4519,-1689,3d22fefb,bd3e9c1e,bf30ef57,3f385931,3d22fef7,bd3e9c0e,bf30ef55,3f385933,1,53426101

12911,212,139,16,-277,-16372,532,-433,4525,-1639,3d22e896,bd3e9daa,bf30f25a,3f385660,3d22e892,bd3e9d9a,bf30f258,3f385662,1,53434619

12912,199,147,13,-275,-16385,575,-433,4525,-1639,3d22c927,bd3e98f5,bf30f443,3f3854aa,3d22c922,bd3e98e5,bf30f440,3f3854ab,1,53443138

12913,169,152,27,-294,-16387,569,-403,4497,-1676,3d22b871,bd3e89cc,bf30f3d9,3f38552e,3d22b86d,bd3e89bd,bf30f3d6,3f385530,1,53451656

12914,157,154,41,-246,-16333,602,-407,4489,-1644,3d22b438,bd3e5edf,bf30f313,3f38561d,3d22b435,bd3e5ed0,bf30f311,3f38561f,1,53460175

12915,162,152,27,-230,-16350,575,-407,4489,-1644,3d22a5a6,bd3e4191,bf30f2c0,3f385697,3d22a5a3,bd3e4182,bf30f2be,3f385699,1,53468193

12916,157,149,14,-267,-16379,548,-353,4475,-1697,3d2291af,bd3e40f8,bf30f171,3f3857eb,3d2291ac,bd3e40e8,bf30f16e,3f3857ed,1,53476712

12917,142,145,12,-308,-16345,570,-477,4445,-1778,3d228ce1,bd3e6168,bf30ed2f,3f385be4,3d228cdf,bd3e6159,bf30ed2d,3f385be7,1,53485230

12918,123,143,26,-333,-16354,576,-477,4445,-1778,3d2295b1,bd3e78ae,bf30e7cc,3f3860f0,3d2295ad,bd3e789e,bf30e7c9,3f3860f2,1,53493749

12919,118,151,60,-273,-16362,623,-401,4463,-1737,3d22b6d0,bd3e538c,bf30e2fe,3f386595,3d22b6cd,bd3e537d,bf30e2fb,3f386598,1,53502267

12920,155,163,80,-221,-16336,630,-423,4511,-1726,3d22e1b4,bd3e0963,bf30e0b9,3f3867e9,3d22e1b1,bd3e0954,bf30e0b6,3f3867ec,1,53510786

12921,189,159,67,-186,-16338,609,-429,4483,-1628,3d22f3dd,bd3db991,bf30e258,3f38669c,3d22f3d8,bd3db982,bf30e254,3f38669f,1,53519305

12922,203,153,31,-227,-16338,626,-429,4483,-1628,3d22e306,bd3d96cd,bf30e480,3f3864be,3d22e300,bd3d96be,bf30e47c,3f3864c0,1,53527823

12923,216,149,14,-251,-16376,584,-447,4535,-1741,3d22d598,bd3da342,bf30e5a4,3f3863a4,3d22d592,bd3da334,bf30e5a1,3f3863a7,1,53536342

12924,209,142,0,-227,-16384,571,-425,4515,-1700,3d22bd06,bd3db6d4,bf30e72c,3f38622f,3d22bd00,bd3db6c5,bf30e729,3f386231,1,53544861

12925,193,127,-13,-275,-16355,568,-425,4515,-1700,3d22a13a,bd3dea00,bf30e79c,3f3861a6,3d22a134,bd3de9f1,bf30e799,3f3861a8,1,53553379

12926,181,133,-16,-289,-16371,583,-403,4497,-1706,3d227d2d,bd3e1bb3,bf30e724,3f386206,3d227d27,bd3e1ba5,bf30e722,3f386209,1,53561898

12927,182,138,-2,-294,-16360,589,-417,4465,-1747,3d226988,bd3e45fc,bf30e5f4,3f38630f,3d226982,bd3e45ed,bf30e5f1,3f386311,1,53569916

12928,180,139,16,-306,-16385,598,-417,4465,-1747,3d226552,bd3e5faa,bf30e4a9,3f386436,3d22654d,bd3e5f9c,bf30e4a7,3f386439,1,53578434

12929,182,150,20,-318,-16384,596,-429,4465,-1793,3d2261a6,bd3e782e,bf30e2a8,3f38660e,3d22619f,bd3e781e,bf30e2a4,3f38660e,1,53586953

12930,176,152,45,-335,-16365,601,-395,4519,-1710,3d2262ba,bd3e63d1,bf30e206,3f3866bb,3d2262b5,bd3e63c2,bf30e204,3f3866bd,1,53595472

12931,175,157,79,-277,-16365,613,-395,4519,-1710,3d228701,bd3e23d9,bf30e16e,3f386770,3d2286fb,bd3e23c9,bf30e16b,3f386772,1,53603990

12932,172,160,97,-222,-16369,573,-389,4455,-1819,3d22d498,bd3de3f6,bf30df0c,3f3869b7,3d22d492,bd3de3e5,bf30df09,3f3869b9,1,53612509

12933,156,148,81,-236,-16379,568,-343,4481,-1656,3d22fdec,bd3d99a8,bf30dea2,3f386a44,3d22fde6,bd3d9997,bf30de9f,3f386a46,1,53621027

12934,141,151,57,-246,-16359,631,-395,4459,-1797,3d2327f0,bd3d8429,bf30da1c,3f386e8b,3d2327ea,bd3d8418,bf30da19,3f386e8d,1,53629546

12935,154,152,48,-252,-16360,630,-395,4459,-1797,3d23467f,bd3d778d,bf30d662,3f387211,3d234678,bd3d777c,bf30d65e,3f387212,1,53638064

12936,161,152,45,-278,-16355,606,-415,4469,-1743,3d23549f,bd3d64f5,bf30d43c,3f387427,3d235498,bd3d64e4,bf30d438,3f387428,1,53646583

12937,168,157,57,-269,-16335,632,-373,4485,-1704,3d23625d,bd3d3773,bf30d333,3f387547,3d236256,bd3d3762,bf30d330,3f387548,1,53655101

12938,178,160,65,-237,-16371,637,-373,4485,-1704,3d23781e,bd3cfc4f,bf30d2ce,3f3875d1,3d237817,bd3cfc3e,bf30d2cc,3f3875d3,1,53663620

12939,192,162,58,-215,-16315,608,-377,4459,-1701,3d238643,bd3cc405,bf30d37a,3f387559,3d23863c,bd3cc3f4,bf30d378,3f38755b,1,53672139

12940,212,166,34,-199,-16299,670,-379,4521,-1698,3d23793f,bd3c9beb,bf30d4e7,3f38742f,3d237937,bd3c9bd9,bf30d4e5,3f387431,1,53680157

12941,233,155,20,-210,-16388,559,-379,4521,-1698,3d2365b5,bd3c8ec8,bf30d85b,3f3870fe,3d2365ad,bd3c8eb6,bf30d859,3f387100,1,53688675

12942,216,144,10,-214,-16324,621,-405,4549,-1718,3d235777,bd3c9982,bf30d9cf,3f386f9c,3d23576f,bd3c9970,bf30d9cd,3f386f9e,1,53697194

12943,224,136,-11,-182,-16356,617,-391,4515,-1830,3d23541a,bd3cd5f8,bf30d99c,3f386f92,3d235412,bd3cd5e6,bf30d99a,3f386f94,1,53705712

12944,231,133,-37,-287,-16337,600,-391,4515,-1830,3d232cc6,bd3d3b48,bf30d9ce,3f386f1c,3d232cbd,bd3d3b36,bf30d9cc,3f386f1d,1,53714231

12945,225,131,-44,-290,-16360,580,-375,4485,-1734,3d22f013,bd3d916a,bf30db90,3f386d4a,3d22f00a,bd3d9158,bf30db8f,3f386d4b,1,53722750

12946,220,132,-26,-288,-16374,587,-397,4529,-1788,3d22ce1f,bd3de19e,bf30dc07,3f386ca4,3d22ce15,bd3de18c,bf30dc05,3f386ca4,1,53731268

12947,226,136,-10,-294,-16356,602,-393,4511,-1799,3d22b965,bd3e22af,bf30dc96,3f386be9,3d22b95b,bd3e229e,bf30dc95,3f386bea,1,53739787

12948,228,144,10,-280,-16345,587,-393,4511,-1799,3d22b248,bd3e478d,bf30dd80,3f386aea,3d22b23d,bd3e477a,bf30dd7e,3f386ae9,1,53748306

12949,233,153,17,-263,-16348,612,-395,4499,-1711,3d229c3c,bd3e4707,bf30e02a,3f38686f,3d229c31,bd3e46f4,bf30e029,3f38686e,1,53756824

12950,237,153,12,-226,-16384,580,-383,4527,-1759,3d228d63,bd3e50d8,bf30e282,3f386633,3d228d58,bd3e50c6,bf30e281,3f386633,1,53765343

12951,242,154,-15,-224,-16366,549,-383,4527,-1759,3d226338,bd3e72f6,bf30e545,3f38638e,3d22632e,bd3e72e5,bf30e545,3f38638f,1,53773360

12952,234,144,-53,-278,-16318,603,-361,4519,-1691,3d220be2,bd3eb8b4,bf30e821,3f3860d6,3d220bd7,bd3eb8a2,bf30e81f,3f3860d5,1,53781879

12953,239,141,-43,-285,-16369,607,-385,4543,-1800,3d21d3b1,bd3f11af,bf30e946,3f385f91,3d21d3a7,bd3f119e,bf30e945,3f385f91,1,53790397

12954,255,142,-46,-304,-16370,596,-385,4543,-1800,3d2194a3,bd3f6f60,bf30eb74,3f385d50,3d21949a,bd3f6f4f,bf30eb74,3f385d50,1,53798916

12955,257,138,-28,-307,-16371,575,-405,4521,-1738,3d216076,bd3fb2c5,bf30ef06,3f3859ca,3d21606d,bd3fb2b4,bf30ef06,3f3859ca,1,53807435

12956,242,141,-18,-323,-16382,567,-371,4519,-1712,3d212d7b,bd3fe42b,bf30f24e,3f38569c,3d212d72,bd3fe41a,bf30f24e,3f38569c,1,53815953

12957,221,144,-2,-277,-16371,566,-371,4519,-1712,3d210e2d,bd3ffcee,bf30f466,3f38549c,3d210e23,bd3ffcdc,bf30f465,3f38549c,1,53824472

12958,222,147,12,-295,-16368,576,-405,4521,-1786,3d210549,bd4019c3,bf30f517,3f3853dc,3d210540,bd4019b2,bf30f517,3f3853dd,1,53832990

12959,215,157,10,-290,-16357,588,-405,4461,-1752,3d20ed41,bd40266e,bf30f5dd,3f385326,3d20ed37,bd40265b,bf30f5db,3f385326,1,53841509

12960,211,147,11,-291,-16381,558,-389,4491,-1783,3d20e458,bd404225,bf30f61b,3f3852d5,3d20e44f,bd404213,bf30f61a,3f3852d6,1,53850027

12961,210,151,22,-321,-16383,560,-389,4491,-1783,3d20deee,bd40535b,bf30f650,3f385295,3d20dee5,bd405348,bf30f64e,3f385296,1,53858546

12962,209,154,41,-326,-16337,586,-389,4517,-1787,3d20e8fd,bd405127,bf30f643,3f38529b,3d20e8f3,bd405113,bf30f641,3f38529c,1,53867065

12963,201,155,57,-283,-16362,580,-403,4511,-1701,3d20f87a,bd402640,bf30f763,3f3851a5,3d20f870,bd40262c,bf30f761,3f3851a6,1,53875583

12964,201,161,65,-277,-16384,560,-403,4511,-1701,3d210aa6,bd3feda7,bf30f8b8,3f385089,3d210a9c,bd3fed93,bf30f8b6,3f38508a,1,53883601

12965,201,156,65,-274,-16362,570,-415,4509,-1758,3d212c01,bd3fc6ce,bf30f8e2,3f38506d,3d212bf6,bd3fc6b9,bf30f8df,3f38506d,1,53892120

12966,197,153,47,-286,-16360,587,-387,4531,-1708,3d2133db,bd3fa8c5,bf30f993,3f384fdb,3d2133d1,bd3fa8b1,bf30f990,3f384fdb,1,53900638

12967,206,165,52,-269,-16368,587,-387,4531,-1708,3d2136c4,bd3f78fb,bf30fae0,3f384eca,3d2136bb,bd3f78e7,bf30fadd,3f384ecb,1,53909157

12968,224,161,53,-258,-16383,578,-389,4527,-1717,3d214013,bd3f4df9,bf30fd28,3f384cbd,3d21400a,bd3f4de5,bf30fd26,3f384cbf,1,53917676

12969,217,150,42,-243,-16377,583,-409,4571,-1756,3d2151d9,bd3f3e6e,bf30fe2b,3f384bc6,3d2151cf,bd3f3e59,bf30fe29,3f384bc7,1,53926194

12970,218,147,16,-247,-16335,600,-409,4571,-1756,3d214cb0,bd3f4aa0,bf30fef7,3f384af9,3d214ca6,bd3f4a8b,bf30fef5,3f384afa,1,53934713

12971,238,142,1,-216,-16350,593,-445,4597,-1634,3d212b8c,bd3f4ea0,bf310318,3f38471b,3d212b81,bd3f4e8b,bf310316,3f38471c,1,53943232

12972,240,132,-29,-246,-16345,582,-399,4547,-1701,3d20fe19,bd3f8852,bf31061b,3f384423,3d20fe0f,bd3f883e,bf31061a,3f384423,1,53951750

12973,247,125,-48,-298,-16363,572,-393,4561,-1750,3d20c6a1,bd3feb65,bf3108a0,3f384180,3d20c696,bd3feb52,bf31089f,3f384180,1,53960269

12974,263,132,-48,-303,-16370,539,-393,4561,-1750,3d208747,bd4048e3,bf310c61,3f383dbb,3d20873c,bd4048d0,bf310c60,3f383dbb,1,53968788

12975,261,131,-32,-332,-16377,521,-437,4535,-1752,3d2056ce,bd409ddf,bf310ffe,3f383a13,3d2056c3,bd409dcd,bf310ffe,3f383a13,1,53977306

12976,252,142,-11,-341,-16387,504,-439,4547,-1764,3d20321a,bd40d7c7,bf311312,3f383701,3d20320f,bd40d7b4,bf311312,3f383700,1,53985825

12977,234,145,11,-343,-16359,509,-439,4547,-1764,3d20210e,bd40f97f,bf311517,3f3834fc,3d202103,bd40f96d,bf311517,3f3834fb,1,53993843

12978,204,149,31,-305,-16350,565,-431,4547,-1762,3d20263b,bd40fd63,bf3114ff,3f38350a,3d202630,bd40fd51,bf3114ff,3f383509,1,54002361

12979,192,151,41,-261,-16378,565,-389,4563,-1792,3d203da2,bd40f534,bf3113d7,3f38361b,3d203d97,bd40f522,bf3113d7,3f38361a,1,54010880

12980,204,150,29,-310,-16362,546,-389,4563,-1792,3d204344,bd410027,bf31137f,3f383660,3d204339,bd410015,bf31137f,3f38365f,1,54019399

12981,200,153,32,-304,-16389,515,-413,4523,-1712,3d203d09,bd40f381,bf311488,3f383572,3d203cfe,bd40f36f,bf311488,3f383571,1,54027917

12982,200,158,40,-306,-16369,533,-405,4487,-1639,3d202d20,bd40cbd3,bf3116b6,3f383392,3d202d15,bd40cbc2,bf3116b7,3f383391,1,54036436

12983,204,152,46,-299,-16316,550,-405,4487,-1639,3d202913,bd40a3d9,bf3118fd,3f38318f,3d202908,bd40a3c7,bf3118fe,3f38318d,1,54044954

12984,207,152,53,-259,-16356,562,-399,4531,-1690,3d2038e9,bd407a8c,bf311a91,3f383027,3d2038de,bd407a7b,bf311a93,3f383026,1,54053473

12985,209,150,46,-285,-16367,527,-425,4503,-1720,3d204668,bd4064c9,bf311bdd,3f382ef3,3d20465c,bd4064b8,bf311bde,3f382ef1,1,54061992

12986,196,150,46,-293,-16355,546,-405,4559,-1788,3d205e80,bd405dbe,bf311b10,3f382faa,3d205e74,bd405dae,bf311b12,3f382fa9,1,54070510

12987,194,158,41,-286,-16379,531,-405,4559,-1788,3d206b1d,bd4052a8,bf311a4a,3f38306a,3d206b10,bd405298,bf311a4b,3f383068,1,54079029

12988,197,161,35,-254,-16352,577,-413,4533,-1785,3d207336,bd404644,bf311953,3f38315d,3d20732a,bd404634,bf311955,3f38315c,1,54087548

12989,196,149,22,-288,-16329,572,-387,4523,-1688,3d206432,bd403f71,bf311a0f,3f3830bc,3d206425,bd403f61,bf311a11,3f3830ba,1,54095565

12990,202,145,20,-282,-16358,536,-387,4523,-1688,3d205735,bd403e1f,bf311b6a,3f382f7c,3d205727,bd403e0e,bf311b6b,3f382f79,1,54104084

12991,201,139,21,-283,-16374,539,-393,4483,-1661,3d204c7b,bd403c96,bf311d14,3f382ded,3d204c6d,bd403c85,bf311d15,3f382dea,1,54112603

12992,203,137,17,-282,-16383,561,-379,4537,-1693,3d2044d9,bd40465f,bf311e31,3f382cd7,3d2044cb,bd40464e,bf311e32,3f382cd4,1,54121121

12993,211,135,10,-286,-16356,546,-379,4537,-1693,3d203745,bd4059a3,bf311fda,3f382b36,3d203737,bd405992,bf311fdb,3f382b33,1,54129640

12994,197,137,9,-295,-16365,547,-389,4489,-1712,3d202ad1,bd4070e9,bf312041,3f382ac5,3d202ac4,bd4070d9,bf312043,3f382ac4,1,54138159

12995,181,145,14,-278,-16356,539,-373,4489,-1741,3d2023a5,bd407ed0,bf311f54,3f382ba1,3d202397,bd407ec0,bf311f55,3f382b9f,1,54146677

12996,175,141,14,-302,-16377,556,-373,4489,-1741,3d201dec,bd409304,bf311de5,3f382cf1,3d201ddf,bd4092f5,bf311de7,3f382cf0,1,54155196

12997,183,137,8,-301,-16363,556,-425,4561,-1751,3d201782,bd40b3ef,bf311ca6,3f382e08,3d201774,bd40b3de,bf311ca7,3f382e06,1,54163715

12998,179,136,14,-319,-16358,567,-383,4543,-1746,3d2014a8,bd40cfd8,bf311b49,3f382f3c,3d20149a,bd40cfc7,bf311b4a,3f382f3a,1,54172233

12999,179,141,24,-288,-16361,568,-409,4585,-1710,3d20146d,bd40d212,bf311a9d,3f382fe0,3d20145f,bd40d201,bf311a9e,3f382fde,1,54180752

13000,179,143,20,-284,-16362,566,-409,4585,-1710,3d200eed,bd40d591,bf3119f5,3f383083,3d200edf,bd40d580,bf3119f6,3f383081,1,54188770

13001,178,139,13,-277,-16366,575,-399,4557,-1754,3d200f17,bd40ec14,bf311858,3f3831f9,3d200f09,bd40ec03,bf311859,3f3831f7,1,54197288

13002,186,136,2,-292,-16360,539,-407,4541,-1715,3d1ffe6f,bd4109df,bf31181d,3f383220,3d1ffe61,bd4109ce,bf31181e,3f38321e,1,54205807

13003,189,122,-8,-311,-16380,550,-407,4541,-1715,3d1feee6,bd4140c5,bf3117e5,3f38322a,3d1feed8,bd4140b4,bf3117e6,3f383228,1,54214325

13004,195,136,-8,-337,-16321,581,-391,4505,-1692,3d1fcb24,bd416843,bf31183d,3f3831cc,3d1fcb17,bd416833,bf31183e,3f3831ca,1,54222844

13005,211,144,11,-312,-16367,565,-357,4551,-1780,3d1fc2a7,bd418607,bf311859,3f383198,3d1fc29a,bd4185f8,bf31185a,3f383197,1,54231363

13006,214,140,23,-309,-16379,558,-357,4551,-1780,3d1fc9bc,bd419c28,bf3118bd,3f38311b,3d1fc9af,bd419c1a,bf3118be,3f38311a,1,54239881

13007,214,145,23,-301,-16362,534,-397,4533,-1714,3d1fc27c,bd419f2a,bf311a62,3f382f89,3d1fc26f,bd419f1c,bf311a63,3f382f88,1,54248400

13008,208,143,12,-307,-16381,528,-415,4527,-1736,3d1fb668,bd41b435,bf311b37,3f382eb2,3d1fb65a,bd41b425,bf311b36,3f382eb0,1,54256919

13009,196,134,14,-317,-16380,515,-415,4527,-1736,3d1fb438,bd41d0ae,bf311b62,3f382e6b,3d1fb42a,bd41d09f,bf311b62,3f382e6b,1,54265437

13010,176,144,14,-305,-16374,544,-387,4471,-1705,3d1fa64c,bd41d99d,bf311abb,3f382f0e,3d1fa63e,bd41d98e,bf311abb,3f382f0e,1,54273956

13011,175,138,13,-316,-16350,586,-387,4507,-1678,3d1f96da,bd41e447,bf311a2b,3f382f9a,3d1f96cb,bd41e437,bf311a2b,3f382f9a,1,54282475

13012,185,133,22,-305,-16381,550,-387,4507,-1678,3d1f9561,bd41eab4,bf311a85,3f382f3f,3d1f9552,bd41eaa4,bf311a85,3f382f3f,1,54290492

13013,189,140,31,-330,-16346,529,-365,4511,-1724,3d1f9a5e,bd41ee82,bf311a8f,3f382f2d,3d1f9a4e,bd41ee71,bf311a8e,3f382f2c,1,54299011

13014,186,146,42,-326,-16364,550,-355,4467,-1740,3d1fa866,bd41e53a,bf311a09,3f382fab,3d1fa856,bd41e52a,bf311a09,3f382fab,1,54307530

13015,182,151,60,-311,-16373,533,-395,4467,-1740,3d1fc5d5,bd41c5b4,bf311967,3f38304f,3d1fc5c6,bd41c5a4,bf311967,3f38304f,1,54316048

13016,180,154,63,-290,-16378,549,-395,4467,-1740,3d1fe5f0,bd419ddf,bf31188f,3f38312c,3d1fe5e1,bd419dce,bf31188f,3f38312b,1,54324567

13017,176,155,62,-274,-16357,563,-345,4489,-1714,3d20002e,bd416c7b,bf3117f9,3f3831d9,3d20001f,bd416c6a,bf3117f9,3f3831d8,1,54333086

13018,179,154,48,-289,-16372,552,-353,4481,-1707,3d200aa2,bd414a15,bf3117b1,3f38323b,3d200a92,bd414a03,bf3117b0,3f383239,1,54341604

13019,180,148,38,-289,-16327,561,-353,4481,-1707,3d2010c7,bd413700,bf311754,3f3832a2,3d2010b8,bd4136ee,bf311753,3f3832a1,1,54350123

13020,182,155,39,-265,-16385,539,-419,4523,-1662,3d200d03,bd4111b6,bf3117fc,3f38322b,3d200cf5,bd4111a4,bf3117fc,3f38322b,1,54358641

13021,183,152,31,-290,-16372,573,-357,4505,-1747,3d200f5a,bd410a4d,bf311704,3f383320,3d200f4c,bd410a3b,bf311704,3f383320,1,54367160

13022,184,142,32,-327,-16376,557,-357,4505,-1747,3d20175f,bd41104e,bf311631,3f3833dd,3d201750,bd41103b,bf311630,3f3833dd,1,54375679

13023,188,142,45,-299,-16381,571,-371,4525,-1746,3d202ef2,bd4106dd,bf311591,3f38346c,3d202ee3,bd4106ca,bf311590,3f38346c,1,54384197

13024,182,150,58,-292,-16374,564,-353,4457,-1727,3d2049c8,bd40e478,bf31150d,3f3834f8,3d2049b9,bd40e464,bf31150b,3f3834f8,1,54392716

13025,184,156,56,-292,-16345,570,-387,4445,-1789,3d2068fb,bd40ce68,bf311362,3f38368d,3d2068ed,bd40ce55,bf311361,3f38368f,1,54401234

13026,188,151,53,-264,-16370,575,-387,4445,-1789,3d208cfc,bd40bcb3,bf3111ed,3f3837e7,3d208cec,bd40bc9f,bf3111ec,3f3837e8,1,54409252

13027,190,151,53,-295,-16359,535,-381,4495,-1835,3d20b3cc,bd40b9bf,bf31101c,3f383987,3d20b3bc,bd40b9ab,bf31101b,3f383988,1,54417771

13028,186,154,44,-288,-16345,551,-431,4471,-1754,3d20c309,bd40a946,bf310f3e,3f383a61,3d20c2f9,bd40a932,bf310f3d,3f383a62,1,54426290

13029,184,160,42,-264,-16363,573,-431,4471,-1754,3d20cde4,bd4091af,bf310e1d,3f383b86,3d20cdd4,bd40919b,bf310e1c,3f383b87,1,54434808

13030,186,154,38,-283,-16350,567,-395,4481,-1740,3d20d47c,bd4081ad,bf310d7c,3f383c2d,3d20d46c,bd408199,bf310d7b,3f383c2e,1,54443327

13031,200,148,38,-263,-16369,575,-369,4545,-1787,3d20e926,bd407ee4,bf310ce7,3f383cac,3d20e916,bd407ed0,bf310ce6,3f383cad,1,54451846

13032,204,145,34,-275,-16376,551,-369,4545,-1787,3d20fac0,bd408491,bf310cbc,3f383cc0,3d20fab0,bd40847d,bf310cbb,3f383cc1,1,54460364

13033,194,144,29,-281,-16365,547,-395,4509,-1761,3d2104b9,bd408b6c,bf310c55,3f383d13,3d2104a9,bd408b57,bf310c53,3f383d13,1,54468883

13034,186,146,30,-275,-16369,562,-321,4519,-1751,3d210bc2,bd408972,bf310bbc,3f383da3,3d210bb2,bd40895e,bf310bbb,3f383da4,1,54477401

13035,192,143,30,-305,-16328,545,-321,4519,-1751,3d211173,bd408e84,bf310b99,3f383dba,3d211163,bd408e70,bf310b98,3f383dbb,1,54485920

13036,192,145,36,-308,-16367,565,-319,4495,-1754,3d211bbc,bd408d29,bf310b48,3f383e00,3d211bab,bd408d14,bf310b47,3f383e00,1,54494438

13037,186,154,39,-283,-16380,559,-351,4493,-1756,3d2124d5,bd407e70,bf310a96,3f383eb2,3d2124c5,bd407e5c,bf310a96,3f383eb2,1,54502957

13038,184,153,45,-282,-16335,588,-353,4461,-1739,3d21325a,bd406776,bf3109d5,3f383f78,3d213249,bd406761,bf3109d4,3f383f77,1,54510975

13039,190,154,37,-258,-16369,548,-353,4461,-1739,3d213952,bd405492,bf3109bf,3f383f9b,3d213941,bd40547c,bf3109be,3f383f9a,1,54519494

13040,194,150,26,-249,-16361,568,-407,4475,-1690,3d213256,bd404592,bf310a70,3f383f06,3d213246,bd40457c,bf310a70,3f383f05,1,54528012

13041,198,147,15,-297,-16376,562,-417,4487,-1725,3d2123ed,bd4051a7,bf310ab4,3f383ec6,3d2123dd,bd405191,bf310ab4,3f383ec5,1,54536531

13042,192,140,16,-299,-16378,526,-417,4487,-1725,3d211cfe,bd406398,bf310adc,3f383e92,3d211cee,bd406383,bf310adc,3f383e91,1,54545049

13043,191,139,30,-292,-16343,570,-421,4445,-1740,3d212903,bd406c73,bf310a58,3f383efe,3d2128f2,bd406c5d,bf310a57,3f383efc,1,54553568

13044,197,141,32,-275,-16356,580,-405,4501,-1778,3d213c90,bd407755,bf310987,3f383faa,3d213c80,bd407740,bf310986,3f383fa9,1,54562086

13045,206,145,28,-269,-16380,557,-405,4501,-1778,3d21487b,bd4081cb,bf310974,3f383fa5,3d21486c,bd4081b8,bf310975,3f383fa6,1,54570605

13046,206,139,11,-293,-16322,566,-399,4495,-1826,3d214f20,bd40b0ed,bf31084d,3f38408b,3d214f10,bd40b0d7,bf31084c,3f38408a,1,54579124

13047,197,139,4,-247,-16365,579,-357,4481,-1818,3d215381,bd40dc89,bf3106cf,3f3841c9,3d215371,bd40dc73,bf3106ce,3f3841c8,1,54587642

13048,205,142,-2,-276,-16368,570,-357,4481,-1818,3d214b36,bd410ebe,bf3105db,3f384284,3d214b26,bd410ea8,bf3105db,3f384284,1,54596161

13049,218,138,-11,-311,-16374,540,-397,4517,-1792,3d21342f,bd414c82,bf310642,3f3841f5,3d21341f,bd414c6c,bf310642,3f3841f5,1,54604679

13050,207,136,-5,-327,-16321,537,-383,4499,-1719,3d2116f7,bd4176c6,bf31075a,3f3840d7,3d2116e7,bd4176b0,bf31075a,3f3840d7,1,54612697

13051,186,143,14,-309,-16375,539,-383,4499,-1719,3d210961,bd4184fc,bf310745,3f3840e7,3d210951,bd4184e6,bf310745,3f3840e7,1,54621216

13052,184,146,29,-319,-16383,557,-365,4463,-1742,3d210ad6,bd418843,bf31069c,3f384185,3d210ac6,bd41882d,bf31069c,3f384185,1,54629735

13053,178,157,42,-313,-16389,543,-387,4513,-1713,3d210a5d,bd416d7f,bf310649,3f3841f0,3d210a4d,bd416d69,bf310649,3f3841f0,1,54638253

13054,167,160,53,-319,-16342,537,-363,4515,-1779,3d211c92,bd41541d,bf310447,3f3843e9,3d211c82,bd415408,bf310448,3f3843e9,1,54646772

13055,157,154,62,-289,-16375,568,-363,4515,-1779,3d214175,bd4133cf,bf31017a,3f38469c,3d214163,bd4133b8,bf31017a,3f38469a,1,54655290

13056,146,153,69,-301,-16348,601,-385,4511,-1692,3d215e57,bd40fc2c,bf30ff46,3f3848da,3d215e46,bd40fc16,bf30ff46,3f3848d9,1,54663809

13057,156,162,72,-278,-16368,571,-377,4469,-1719,3d217c86,bd40bd0c,bf30fd7d,3f384ab9,3d217c75,bd40bcf7,bf30fd7d,3f384ab8,1,54672328

13058,162,158,69,-271,-16374,585,-377,4469,-1719,3d219bcc,bd408430,bf30fbf3,3f384c53,3d219bbb,bd40841b,bf30fbf3,3f384c52,1,54680846

13059,170,163,60,-278,-16375,584,-371,4491,-1754,3d21b20b,bd4057cf,bf30fa4d,3f384e04,3d21b1fa,bd4057ba,bf30fa4c,3f384e02,1,54689365

13060,166,168,64,-309,-16345,567,-359,4473,-1668,3d21b473,bd4013e5,bf30fa0e,3f384e84,3d21b464,bd4013d2,bf30fa0f,3f384e84,1,54697883

13061,170,159,71,-290,-16331,580,-359,4473,-1668,3d21c7c7,bd3fd04d,bf30f9f7,3f384ed1,3d21c7b7,bd3fd03a,bf30f9f7,3f384ed0,1,54705901

13062,175,163,80,-278,-16376,576,-405,4467,-1711,3d21e9b3,bd3f89e5,bf30f96d,3f384f7f,3d21e9a3,bd3f89d3,bf30f96e,3f384f7f,1,54714920

13063,183,165,73,-279,-16387,571,-323,4441,-1759,3d220972,bd3f5188,bf30f8bd,3f385047,3d220962,bd3f5175,bf30f8be,3f385047,1,54722938

13064,177,162,68,-294,-16333,563,-323,4441,-1759,3d222562,bd3f2297,bf30f7b4,3f38515e,3d222552,bd3f2283,bf30f7b4,3f38515d,1,54731457

13065,182,164,69,-266,-16355,585,-349,4477,-1729,3d223e02,bd3ee747,bf30f752,3f3851e3,3d223df2,bd3ee733,bf30f752,3f3851e2,1,54739976

13066,179,165,67,-244,-16389,567,-419,4423,-1761,3d225e48,bd3eb48d,bf30f61b,3f385326,3d225e38,bd3eb47a,bf30f61c,3f385326,1,54748494

13067,182,161,59,-303,-16327,637,-345,4519,-1731,3d226b40,bd3e8a1f,bf30f543,3f385417,3d226b2f,bd3e8a0b,bf30f544,3f385416,1,54757013

13068,186,166,59,-250,-16378,555,-345,4519,-1731,3d227906,bd3e5505,bf30f55b,3f38542b,3d2278f5,bd3e54f1,bf30f55c,3f38542a,1,54765532

13069,182,160,52,-262,-16330,592,-373,4565,-1704,3d227fcd,bd3e2831,bf30f54b,3f385461,3d227fbd,bd3e281e,bf30f54d,3f385461,1,54774050

13070,180,154,41,-210,-16352,618,-365,4443,-1683,3d2284d9,bd3e0152,bf30f52d,3f3854a3,3d2284c8,bd3e013e,bf30f52e,3f3854a2,1,54782569

13071,201,146,18,-245,-16351,618,-365,4443,-1683,3d22759b,bd3dfd05,bf30f631,3f3853bb,3d22758a,bd3dfcf1,bf30f632,3f3853ba,1,54791087

13072,223,147,6,-251,-16310,606,-363,4499,-1778,3d22683d,bd3e198a,bf30f6ec,3f3852f6,3d22682c,bd3e1976,bf30f6ed,3f3852f5,1,54799606

13073,223,139,-2,-231,-16382,546,-351,4459,-1726,3d225393,bd3e371d,bf30f902,3f3850e8,3d225382,bd3e370a,bf30f904,3f3850e7,1,54808124

13074,215,135,-14,-258,-16353,591,-351,4459,-1726,3d2234c9,bd3e6642,bf30fa2d,3f384fb3,3d2234b7,bd3e662f,bf30fa2f,3f384fb2,1,54816142

13075,225,128,-26,-271,-16342,581,-343,4481,-1746,3d22120c,bd3ead53,bf30fba0,3f384e23,3d2211fa,bd3ead40,bf30fba2,3f384e22,1,54824661

13076,235,124,-25,-280,-16356,591,-367,4479,-1719,3d21ee58,bd3ef357,bf30fe00,3f384bb3,3d21ee46,bd3ef343,bf30fe01,3f384bb1,1,54833179

13077,248,123,-14,-259,-16350,585,-367,4479,-1719,3d21d81f,bd3f2e04,bf31013e,3f38486e,3d21d80c,bd3f2df0,bf31013e,3f38486b,1,54841698

13078,251,115,-15,-268,-16388,555,-387,4503,-1728,3d21c8fd,bd3f74de,bf3104a8,3f3844ea,3d21c8eb,bd3f74cc,bf3104a9,3f3844e8,1,54850217

13079,242,114,-24,-267,-16388,519,-387,4449,-1778,3d21bc74,bd3fd0b3,bf3106cd,3f384285,3d21bc62,bd3fd0a1,bf3106ce,3f384283,1,54858735

13080,237,106,-26,-310,-16385,513,-433,4467,-1696,3d21a2f3,bd402950,bf3109fc,3f383f30,3d21a2e1,bd40293f,bf3109fd,3f383f2e,1,54867254

13081,209,105,-30,-317,-16370,544,-433,4467,-1696,3d2187e2,bd408596,bf310b32,3f383dbe,3d2187d1,bd408586,bf310b34,3f383dbd,1,54875772

13082,194,116,-20,-337,-16359,541,-395,4503,-1680,3d216750,bd40ca7b,bf310bf6,3f383cd5,3d21673f,bd40ca6a,bf310bf8,3f383cd4,1,54884291

13083,186,119,-9,-333,-16374,528,-433,4513,-1775,3d2160c0,bd411791,bf310a9d,3f383dd7,3d2160ad,bd41177d,bf310a9d,3f383dd5,1,54892810

13084,184,129,6,-321,-16342,572,-433,4513,-1775,3d21616b,bd414b13,bf3108e2,3f383f49,3d21615a,bd414b00,bf3108e4,3f383f49,1,54901328

13085,180,140,20,-293,-16356,573,-399,4493,-1696,3d215adb,bd415019,bf31088e,3f383f9b,3d215ac8,bd415004,bf31088f,3f383f99,1,54909847

13086,188,151,16,-299,-16358,559,-407,4503,-1725,3d214a1a,bd4155d8,bf31084f,3f383fe0,3d214a07,bd4155c3,bf310850,3f383fde,1,54918365

13087,189,149,20,-320,-16381,558,-407,4503,-1725,3d213ca0,bd415c57,bf310824,3f38400f,3d213c8d,bd415c42,bf310825,3f38400d,1,54926383

13088,183,157,37,-349,-16364,549,-399,4489,-1696,3d213010,bd41480c,bf310845,3f38400f,3d212ffd,bd4147f7,bf310846,3f38400d,1,54934902

13089,175,159,64,-310,-16379,547,-419,4483,-1787,3d21515e,bd412946,bf31065c,3f3841e8,3d21514b,bd412931,bf31065d,3f3841e6,1,54943420

13090,165,154,84,-309,-16382,543,-419,4483,-1787,3d218b33,bd40fc35,bf3103f4,3f384434,3d218b21,bd40fc21,bf3103f6,3f384433,1,54951939

13091,152,161,81,-321,-16332,594,-385,4517,-1723,3d21ae87,bd40bb8e,bf3101aa,3f38468c,3d21ae74,bd40bb79,bf3101ab,3f384689,1,54960458

13092,163,166,89,-332,-16386,530,-331,4529,-1755,3d21d6d8,bd40763c,bf310031,3f38481b,3d21d6c7,bd407628,bf310033,3f384819,1,54968976

13093,157,164,108,-285,-16357,570,-411,4537,-1732,3d2216a4,bd401889,bf30fe59,3f384a0a,3d221692,bd401874,bf30fe5a,3f384a08,1,54977495

13094,159,174,112,-280,-16369,562,-411,4537,-1732,3d225105,bd3fad58,bf30fcc1,3f384bce,3d2250f4,bd3fad43,bf30fcc3,3f384bcd,1,54986013

13095,151,170,110,-226,-16346,584,-361,4505,-1809,3d22a10e,bd3f51e6,bf30f939,3f384f4b,3d22a0fd,bd3f51d1,bf30f93b,3f384f4a,1,54994532

13096,161,169,88,-202,-16332,599,-387,4481,-1779,3d22da16,bd3f03c3,bf30f692,3f3851f6,3d22da04,bd3f03ac,bf30f693,3f3851f4,1,55003051

13097,178,143,62,-230,-16361,595,-387,4481,-1779,3d230d3e,bd3eebb0,bf30f4cd,3f385394,3d230d2c,bd3eeb9a,bf30f4ce,3f385393,1,55011569

13098,197,142,34,-238,-16354,591,-379,4515,-1723,3d231917,bd3ee353,bf30f52c,3f385336,3d231906,bd3ee33e,bf30f52e,3f385336,1,55020088

13099,205,138,16,-265,-16365,597,-421,4457,-1777,3d231edd,bd3f01fc,bf30f4ba,3f385380,3d231eca,bd3f01e6,bf30f4ba,3f38537e,1,55028106

13100,212,132,7,-257,-16349,584,-421,4457,-1777,3d2321f1,bd3f2e26,bf30f4c2,3f385348,3d2321de,bd3f2e10,bf30f4c2,3f385346,1,55036624

13101,210,135,6,-289,-16335,580,-389,4469,-1769,3d231b4a,bd3f58e8,bf30f4f2,3f3852f3,3d231b38,bd3f58d4,bf30f4f3,3f3852f2,1,55045143

13102,212,140,12,-271,-16363,579,-383,4501,-1798,3d231c90,bd3f7d37,bf30f4d5,3f3852e8,3d231c7d,bd3f7d23,bf30f4d5,3f3852e7,1,55053662

13103,212,142,16,-255,-16377,569,-383,4501,-1798,3d2321d0,bd3f99b8,bf30f4d6,3f3852c6,3d2321bd,bd3f99a4,bf30f4d6,3f3852c5,1,55062180

13104,225,154,20,-274,-16385,542,-403,4503,-1804,3d231de0,bd3fac1b,bf30f5b7,3f3851dd,3d231dcd,bd3fac07,bf30f5b7,3f3851dc,1,55070699

13105,206,154,16,-262,-16333,585,-385,4445,-1773,3d23141f,bd3fb85c,bf30f5a7,3f3851e8,3d23140c,bd3fb848,bf30f5a7,3f3851e7,1,55079217

13106,208,140,15,-271,-16380,578,-389,4471,-1704,3d23088c,bd3fc438,bf30f6fa,3f3850a1,3d230878,bd3fc423,bf30f6f9,3f3850a0,1,55087736

13107,197,141,5,-276,-16355,585,-389,4471,-1704,3d22f28b,bd3fd863,bf30f786,3f385019,3d22f277,bd3fd84e,bf30f785,3f385018,1,55096255

13108,199,138,7,-289,-16371,585,-417,4515,-1782,3d22ed8a,bd400174,bf30f6b8,3f3850b8,3d22ed77,bd400160,bf30f6b8,3f3850b8,1,55104773

13109,206,139,14,-287,-16365,573,-425,4515,-1785,3d22eedb,bd40240c,bf30f665,3f3850e3,3d22eec8,bd4023f8,bf30f665,3f3850e3,1,55113292

13110,206,134,15,-284,-16389,530,-425,4515,-1785,3d22f5ea,bd404a18,bf30f66b,3f3850af,3d22f5d7,bd404a04,bf30f66b,3f3850af,1,55121810

13111,201,129,18,-281,-16383,564,-393,4529,-1765,3d23013b,bd406b52,bf30f658,3f385095,3d230127,bd406b3d,bf30f657,3f385094,1,55130329

13112,192,138,24,-258,-16367,582,-397,4451,-1682,3d22ff93,bd40696b,bf30f70c,3f384feb,3d22ff80,bd406956,bf30f70c,3f384fea,1,55138347

13113,200,149,21,-270,-16324,584,-397,4451,-1682,3d22eed9,bd40619b,bf30f83a,3f384ee1,3d22eec5,bd406185,bf30f839,3f384edf,1,55146865

13114,199,142,13,-275,-16364,576,-391,4435,-1792,3d22f093,bd4081e5,bf30f75e,3f384f90,3d22f080,bd4081d0,bf30f75e,3f384f8f,1,55155384

13115,199,136,5,-258,-16359,579,-419,4473,-1809,3d22f542,bd40b1cb,bf30f60f,3f38509b,3d22f52f,bd40b1b6,bf30f60f,3f38509a,1,55163903

13116,204,134,1,-269,-16350,563,-419,4473,-1809,3d22f629,bd40e8e1,bf30f52b,3f38513c,3d22f617,bd40e8cc,bf30f52b,3f38513c,1,55172421

13117,215,135,-2,-282,-16313,614,-401,4433,-1771,3d22ead6,bd411a48,bf30f542,3f3850fd,3d22eac3,bd411a33,bf30f541,3f3850fc,1,55180940

13118,225,132,-1,-297,-16370,577,-393,4491,-1818,3d22e818,bd415a5a,bf30f571,3f38508e,3d22e805,bd415a46,bf30f571,3f38508e,1,55189458

13119,229,123,9,-299,-16357,551,-403,4531,-1817,3d22f606,bd419986,bf30f61c,3f384f9b,3d22f5f3,bd419972,bf30f61c,3f384f9b,1,55197977

13120,222,133,15,-282,-16375,571,-403,4531,-1817,3d23035a,bd41c6a8,bf30f642,3f384f3c,3d230346,bd41c693,bf30f641,3f384f3b,1,55206496

13121,223,143,24,-267,-16371,569,-393,4457,-1784,3d230d1b,bd41d88e,bf30f726,3f384e45,3d230d08,bd41d87a,bf30f726,3f384e45,1,55215014

13122,233,137,17,-279,-16360,554,-423,4547,-1776,3d23112d,bd41f68d,bf30f8d6,3f384c83,3d23111a,bd41f678,bf30f8d5,3f384c82,1,55223533

13123,229,141,17,-306,-16329,563,-423,4547,-1776,3d230e92,bd4213e4,bf30fa30,3f384b1b,3d230e80,bd4213d0,bf30fa30,3f384b1a,1,55231551

13124,217,146,22,-287,-16374,556,-409,4441,-1713,3d230561,bd4216fa,bf30fc04,3f38495f,3d23054e,bd4216e5,bf30fc03,3f38495d,1,55240069

13125,211,138,29,-281,-16392,575,-355,4461,-1739,3d230f0f,bd421e19,bf30fd05,3f384858,3d230efd,bd421e04,bf30fd05,3f384858,1,55248588

13126,207,131,22,-298,-16369,555,-355,4461,-1739,3d231692,bd423482,bf30fddc,3f38476a,3d23167f,bd42346c,bf30fddb,3f38476a,1,55257106

13127,209,131,26,-294,-16382,549,-355,4505,-1739,3d2321c9,bd42464f,bf30feec,3f384648,3d2321b7,bd424639,bf30feec,3f384649,1,55265625

13128,200,132,28,-290,-16362,561,-401,4473,-1743,3d233123,bd425700,bf30ff22,3f3845f5,3d233111,bd4256ea,bf30ff22,3f3845f6,1,55274143

13129,197,131,30,-270,-16355,551,-401,4473,-1743,3d2345d6,bd426438,bf30ff41,3f3845b8,3d2345c3,bd426420,bf30ff3f,3f3845b8,1,55282662

13130,192,143,24,-264,-16323,554,-419,4457,-1804,3d235638,bd427a04,bf30fdda,3f3846ea,3d235626,bd4279ed,bf30fdd9,3f3846eb,1,55291180

13131,195,143,16,-289,-16369,569,-427,4505,-1739,3d234f8f,bd428a38,bf30fdba,3f3846fe,3d234f7d,bd428a21,bf30fdb9,3f3846ff,1,55299699

13132,206,144,15,-257,-16361,567,-433,4511,-1713,3d23459d,bd42914a,bf30fec4,3f384601,3d23458b,bd429133,bf30fec3,3f384602,1,55308218

13133,211,136,6,-289,-16375,573,-433,4511,-1713,3d233663,bd42ac9b,bf30fff9,3f3844c7,3d233652,bd42ac85,bf30fff8,3f3844c9,1,55316737

13134,216,133,4,-278,-16374,557,-351,4505,-1705,3d232608,bd42c79c,bf3101e8,3f3842de,3d2325f6,bd42c785,bf3101e6,3f3842e0,1,55325255

13135,218,134,5,-295,-16383,532,-423,4435,-1700,3d2314e2,bd42e482,bf310402,3f3840ca,3d2314cf,bd42e46a,bf3103ff,3f3840cc,1,55333774

13136,214,134,6,-304,-16364,567,-423,4435,-1700,3d230434,bd43011b,bf310597,3f383f37,3d230420,bd430103,bf310593,3f383f38,1,55341792

13137,213,142,18,-273,-16370,576,-465,4479,-1736,3d23027b,bd430fbb,bf310661,3f383e65,3d230268,bd430fa5,bf310660,3f383e67,1,55350310

13138,221,150,14,-308,-16381,525,-413,4479,-1804,3d22fb7e,bd432df7,bf3106f1,3f383dc2,3d22fb6a,bd432de0,bf3106ef,3f383dc3,1,55358829

13139,225,145,18,-304,-16357,533,-413,4479,-1804,3d22fd60,bd434cf6,bf3107ab,3f383cec,3d22fd4c,bd434cdf,bf3107a9,3f383ced,1,55367348

13140,218,149,25,-325,-16386,531,-353,4507,-1744,3d22f43e,bd4352e6,bf31094f,3f383b5a,3d22f42a,bd4352cf,bf31094d,3f383b5b,1,55375866

13141,217,154,32,-315,-16378,520,-367,4469,-1743,3d22ef09,bd434ced,bf310af6,3f3839cf,3d22eef5,bd434cd7,bf310af5,3f3839d0,1,55384385

13142,202,150,48,-286,-16369,543,-367,4469,-1743,3d23018b,bd433794,bf310b95,3f38393c,3d230176,bd43377d,bf310b93,3f38393d,1,55392903

13143,205,153,52,-280,-16387,556,-415,4527,-1755,3d231805,bd431e98,bf310c04,3f3838d9,3d2317f0,bd431e80,bf310c02,3f3838da,1,55401422

13144,201,157,52,-271,-16359,556,-349,4487,-1724,3d232596,bd42f821,bf310ce7,3f38381b,3d232581,bd42f80a,bf310ce6,3f38381d,1,55409940

13145,198,157,49,-264,-16363,551,-417,4473,-1785,3d233db6,bd42e416,bf310c54,3f3838a7,3d233da0,bd42e3ff,bf310c52,3f3838a9,1,55418459

13146,199,155,36,-267,-16386,539,-417,4473,-1785,3d234a7f,bd42de9b,bf310bde,3f383914,3d234a68,bd42de84,bf310bdb,3f383915,1,55426978

13147,203,146,30,-266,-16340,558,-431,4507,-1812,3d235e43,bd42ee35,bf310ae4,3f3839e2,3d235e2d,bd42ee1f,bf310ae1,3f3839e3,1,55435496

13148,198,148,31,-266,-16369,561,-365,4481,-1774,3d2369c8,bd42ef5e,bf310a87,3f383a2f,3d2369b3,bd42ef49,bf310a85,3f383a31,1,55444015

13149,199,144,26,-298,-16361,545,-365,4481,-1774,3d23701e,bd42fd29,bf310a4d,3f383a53,3d237008,bd42fd13,bf310a4b,3f383a54,1,55452033

13150,200,145,23,-299,-16356,540,-379,4505,-1799,3d2376b6,bd431318,bf3109b0,3f383acd,3d2376a0,bd431302,bf3109ae,3f383ace,1,55460551

13151,198,142,32,-275,-16370,539,-399,4479,-1763,3d238642,bd4318cc,bf310996,3f383ad2,3d23862c,bd4318b6,bf310994,3f383ad3,1,55469070

13152,198,143,32,-277,-16358,561,-399,4479,-1763,3d2394c0,bd431dbb,bf310950,3f383b04,3d2394ab,bd431da6,bf31094e,3f383b05,1,55477588

13153,204,146,23,-260,-16375,556,-417,4517,-1757,3d23981d,bd4324f8,bf310984,3f383ac5,3d239809,bd4324e3,bf310983,3f383ac7,1,55486107

13154,208,146,19,-248,-16363,551,-337,4465,-1706,3d238e7b,bd4321b0,bf310b0d,3f38395a,3d238e67,bd43219a,bf310b0b,3f38395c,1,55494626

13155,218,137,7,-297,-16378,525,-337,4465,-1706,3d237b48,bd4338cb,bf310d43,3f383731,3d237b34,bd4338b5,bf310d41,3f383733,1,55503144

13156,221,134,8,-303,-16376,496,-367,4469,-1726,3d236f0c,bd435809,bf310f73,3f383502,3d236ef8,bd4357f3,bf310f71,3f383504,1,55511663

13157,207,136,18,-319,-16384,523,-381,4495,-1762,3d23703b,bd43755d,bf310ff6,3f383462,3d237027,bd437546,bf310ff4,3f383464,1,55520181

13158,196,142,27,-282,-16364,507,-361,4519,-1806,3d23808e,bd4388c4,bf310f4c,3f3834e4,3d238079,bd4388ad,bf310f49,3f3834e5,1,55528700

13159,188,136,28,-287,-16374,544,-361,4519,-1806,3d2397ab,bd43a118,bf310dd7,3f38361d,3d239795,bd43a100,bf310dd3,3f38361d,1,55537219

13160,188,147,21,-287,-16362,554,-367,4515,-1695,3d238a6a,bd439c62,bf310e43,3f3835c4,3d238a55,bd439c4b,bf310e41,3f3835c6,1,55545737

13161,187,155,23,-279,-16377,516,-411,4455,-1726,3d237f7f,bd4395c2,bf310e44,3f3835d4,3d237f69,bd4395aa,bf310e41,3f3835d5,1,55553755

13162,189,145,20,-262,-16328,573,-411,4455,-1726,3d237d2c,bd439966,bf310de7,3f38362c,3d237d16,bd43994e,bf310de4,3f38362d,1,55562274

13163,204,136,12,-293,-16363,556,-385,4503,-1759,3d237b8d,bd43b7f7,bf310e06,3f3835ef,3d237b78,bd43b7e1,bf310e04,3f3835f1,1,55570792

13164,210,140,8,-293,-16383,534,-387,4471,-1730,3d236d37,bd43d07e,bf310f2b,3f3834c8,3d236d22,bd43d068,bf310f29,3f3834c9,1,55579311

13165,206,139,13,-307,-16379,518,-387,4471,-1730,3d236347,bd43e6d4,bf311031,3f3833bd,3d236333,bd43e6bf,bf311030,3f3833bf,1,55587830

13166,196,141,28,-315,-16380,513,-359,4501,-1664,3d235967,bd43deb4,bf3111e7,3f38322a,3d235952,bd43de9e,bf3111e5,3f38322b,1,55596348

13167,185,148,39,-287,-16361,533,-375,4485,-1706,3d235f78,bd43cacb,bf31121f,3f383204,3d235f63,bd43cab5,bf31121c,3f383204,1,55604867

13168,179,144,36,-293,-16388,536,-375,4485,-1706,3d23660d,bd43bdf4,bf3111ee,3f38323b,3d2365f9,bd43bde0,bf3111ed,3f38323c,1,55613385

13169,177,150,33,-302,-16370,564,-403,4483,-1734,3d2368da,bd43b613,bf3110d7,3f38334c,3d2368c7,bd43b5ff,bf3110d7,3f38334e,1,55621904

13170,186,157,42,-319,-16358,549,-403,4453,-1713,3d2367b8,bd439d4c,bf3110d2,3f38336c,3d2367a4,bd439d36,bf3110d1,3f38336d,1,55630423

13171,197,151,56,-291,-16375,520,-395,4499,-1746,3d238140,bd438157,bf311137,3f383313,3d23812c,bd438141,bf311136,3f383314,1,55638941

13172,197,152,46,-244,-16381,522,-395,4499,-1746,3d2395a5,bd436811,bf311194,3f3832c3,3d239590,bd4367fa,bf311193,3f3832c3,1,55646959

13173,198,152,28,-252,-16346,524,-397,4481,-1712,3d2391a2,bd435985,bf31127a,3f3831f8,3d23918d,bd43596e,bf311279,3f3831f8,1,55655477

13174,194,145,22,-277,-16358,565,-381,4555,-1684,3d238605,bd435307,bf311357,3f383134,3d2385f0,bd4352f0,bf311356,3f383134,1,55663996

13175,194,142,22,-285,-16378,571,-381,4555,-1684,3d237c5d,bd435058,bf311425,3f38307a,3d237c48,bd435042,bf311425,3f38307b,1,55672515

13176,202,136,13,-300,-16357,549,-369,4523,-1750,3d2378ba,bd436c5a,bf311460,3f383027,3d2378a4,bd436c44,bf31145f,3f383028,1,55681033

13177,208,143,13,-263,-16366,540,-337,4531,-1735,3d236f3c,bd4378ed,bf31156e,3f382f1f,3d236f26,bd4378d7,bf31156d,3f382f20,1,55689552

13178,211,148,4,-240,-16357,551,-337,4531,-1735,3d235b08,bd43864d,bf311690,3f382e0b,3d235af2,bd438637,bf31168f,3f382e0c,1,55698070

13179,226,142,-29,-267,-16389,531,-411,4515,-1773,3d2330c4,bd43c75a,bf3117b3,3f382cd3,3d2330ae,bd43c744,bf3117b2,3f382cd4,1,55706589

13180,216,133,-55,-294,-16405,411,-371,4525,-1688,3d22e32a,bd441888,bf311a8d,3f382a04,3d22e314,bd441872,bf311a8c,3f382a05,1,55715108

13181,146,129,-52,-309,-16225,657,-371,4525,-1688,3d22a023,bd44673b,bf311747,3f382d12,3d22a00c,bd446724,bf311745,3f382d12,1,55723626

13182,193,136,-58,-225,-16339,624,-343,4499,-1720,3d225d7a,bd44b2b0,bf3116b0,3f382d8d,3d225d63,bd44b299,bf3116ae,3f382d8e,1,55732145

13183,246,127,-65,-352,-16459,411,-393,4553,-1754,3d220f90,bd452880,bf311a2a,3f3829fc,3d220f7a,bd45286a,bf311a28,3f3829fe,1,55740663

13184,209,123,-49,-329,-16227,608,-413,4523,-1740,3d21d990,bd458bb2,bf311a05,3f3829e5,3d21d97a,bd458b9c,bf311a03,3f3829e7,1,55749182

13185,219,121,-24,-352,-16394,502,-413,4523,-1740,3d21ba51,bd45dc88,bf311b73,3f38284a,3d21ba3a,bd45dc72,bf311b70,3f38284b,1,55757200

13186,217,125,-8,-323,-16352,543,-331,4525,-1750,3d21ab03,bd461633,bf311c8d,3f38270a,3d21aaec,bd46161d,bf311c8b,3f38270b,1,55765718

13187,214,141,-1,-351,-16365,533,-381,4503,-1744,3d2190d2,bd463d77,bf311d92,3f3825fb,3d2190bb,bd463d60,bf311d90,3f3825fc,1,55774237

13188,211,136,15,-342,-16387,500,-381,4503,-1744,3d218c0d,bd465954,bf311eb7,3f3824c7,3d218bf7,bd46593e,bf311eb6,3f3824c9,1,55782756

13189,190,142,25,-312,-16379,523,-391,4491,-1756,3d2192fd,bd46645d,bf311e3b,3f38252d,3d2192e6,bd466447,bf311e3a,3f38252e,1,55791274

13190,178,145,20,-299,-16345,549,-415,4555,-1759,3d2194e5,bd466f6e,bf311cbc,3f382690,3d2194cd,bd466f56,bf311cba,3f38268f,1,55799793

13191,192,137,11,-324,-16377,527,-415,4555,-1759,3d21917c,bd468e71,bf311c34,3f3826f4,3d219166,bd468e5b,bf311c33,3f3826f5,1,55808311

13192,195,135,10,-340,-16369,519,-341,4545,-1803,3d219336,bd46ba5b,bf311b52,3f38279d,3d219320,bd46ba45,bf311b51,3f38279e,1,55816830

13193,192,144,16,-324,-16374,531,-383,4531,-1748,3d218c1e,bd46ca6c,bf311b15,3f3827cd,3d218c08,bd46ca56,bf311b14,3f3827ce,1,55825348

13194,193,151,20,-324,-16371,545,-383,4531,-1748,3d218274,bd46cfea,bf311ad5,3f38280c,3d21825e,bd46cfd5,bf311ad5,3f38280d,1,55833867

13195,200,154,19,-324,-16347,575,-381,4553,-1802,3d217ddd,bd46e006,bf3119cd,3f3828fd,3d217dc5,bd46dff0,bf3119cc,3f3828fd,1,55842386

13196,210,143,17,-323,-16356,563,-391,4471,-1713,3d21728f,bd46e9b5,bf311af7,3f3827dd,3d217277,bd46e99f,bf311af6,3f3827dd,1,55850904

13197,215,144,13,-318,-16384,525,-389,4509,-1728,3d2164d7,bd46f8cb,bf311c7c,3f382664,3d2164c0,bd46f8b6,bf311c7b,3f382665,1,55859423

13198,213,140,20,-341,-16362,510,-389,4509,-1728,3d215eff,bd470804,bf311dfb,3f3824e8,3d215ee7,bd4707ee,bf311df9,3f3824e8,1,55867441

13199,213,143,22,-354,-16367,531,-393,4511,-1759,3d215c69,bd471b1b,bf311ec1,3f382416,3d215c53,bd471b06,bf311ec0,3f382418,1,55875959

13200,208,141,34,-349,-16383,502,-421,4553,-1744,3d21657f,bd472112,bf311fba,3f382318,3d216568,bd4720fc,bf311fb9,3f38231a,1,55884478

13201,191,137,43,-336,-16368,503,-421,4553,-1744,3d217da7,bd472013,bf311faf,3f38230f,3d217d8f,bd471ffc,bf311fae,3f382311,1,55892996

13202,183,144,47,-321,-16366,510,-371,4541,-1760,3d21976a,bd471481,bf311efd,3f3823b0,3d219752,bd471469,bf311efc,3f3823b1,1,55901515

13203,178,148,44,-308,-16414,529,-351,4509,-1668,3d219c5b,bd46f211,bf311f77,3f38235c,3d219c42,bd46f1f8,bf311f75,3f38235c,1,55910034

13204,172,140,28,-342,-16349,532,-351,4509,-1668,3d219593,bd46ea2f,bf311f6d,3f382373,3d21957c,bd46ea18,bf311f6c,3f382374,1,55918552

13205,182,149,27,-309,-16338,580,-401,4541,-1684,3d218c60,bd46db33,bf311f56,3f3823a2,3d218c48,bd46db1b,bf311f55,3f3823a2,1,55927071

13206,190,149,17,-303,-16356,554,-423,4567,-1850,3d21968d,bd46fc64,bf311cc2,3f3825f0,3d219675,bd46fc4c,bf311cc1,3f3825f0,1,55935589

13207,203,143,15,-300,-16359,542,-423,4567,-1850,3d21a3c8,bd47255d,bf311b12,3f382759,3d21a3af,bd472544,bf311b10,3f382758,1,55944108

13208,225,155,-1,-247,-16358,541,-427,4553,-1718,3d2184b2,bd472cf0,bf311d33,3f38255f,3d218499,bd472cd8,bf311d32,3f38255f,1,55952627

13209,283,159,-53,-261,-16382,581,-447,4539,-1795,3d2138e5,bd4777f8,bf3120c5,3f3821df,3d2138cd,bd4777e1,bf3120c5,3f3821e0,1,55961145

13210,292,158,-69,-392,-16385,495,-473,4485,-1795,3d20ced7,bd47e600,bf31254d,3f381d6c,3d20cebd,bd47e5e7,bf31254b,3f381d6b,1,55969163

13211,268,153,-45,-344,-16388,506,-473,4485,-1795,3d2088e6,bd483a9e,bf31285b,3f381a5b,3d2088cd,bd483a86,bf31285a,3f381a5b,1,55977682

13212,259,146,-32,-354,-16378,502,-397,4529,-1754,3d204c96,bd487d14,bf312bf3,3f3816d2,3d204c7d,bd487cfc,bf312bf2,3f3816d2,1,55986200

13213,260,146,-28,-375,-16352,515,-425,4513,-1799,3d201a80,bd48ca55,bf312e89,3f38142c,3d201a67,bd48ca3d,bf312e88,3f38142c,1,55994719

13214,260,152,-14,-374,-16388,477,-425,4513,-1799,3d1ff0a7,bd490445,bf313180,3f381135,3d1ff08e,bd49042d,bf31317f,3f381135,1,56003237

13215,241,145,7,-384,-16388,471,-425,4477,-1785,3d1fe024,bd492e99,bf3133a3,3f380f08,3d1fe00b,bd492e81,bf3133a2,3f380f08,1,56011756

13216,227,149,26,-357,-16418,445,-445,4561,-1778,3d1fe046,bd493cd6,bf31355f,3f380d4c,3d1fe02d,bd493cbe,bf31355e,3f380d4c,1,56020275

13217,211,161,35,-352,-16336,475,-445,4561,-1778,3d1fdfb4,bd4935c5,bf3135f3,3f380cc7,3d1fdf9b,bd4935ad,bf3135f2,3f380cc7,1,56028793

13218,205,159,37,-343,-16388,501,-441,4521,-1814,3d1feb9a,bd493698,bf313541,3f380d66,3d1feb81,bd493680,bf313540,3f380d66,1,56037312

13219,203,161,34,-362,-16348,508,-397,4515,-1764,3d1fe707,bd492ce5,bf313571,3f380d47,3d1fe6ee,bd492ccd,bf313570,3f380d47,1,56045831

13220,210,171,43,-337,-16368,481,-397,4515,-1764,3d1fe43b,bd490e7c,bf31365a,3f380c8a,3d1fe422,bd490e64,bf313659,3f380c8a,1,56054349

13221,205,166,34,-337,-16362,491,-429,4541,-1809,3d1fe5bf,bd4908b4,bf3135e7,3f380cfe,3d1fe5a6,bd49089c,bf3135e6,3f380cfe,1,56062868

13222,197,163,30,-342,-16365,511,-411,4519,-1793,3d1fe387,bd49057a,bf313521,3f380dc3,3d1fe36e,bd490561,bf31351f,3f380dc2,1,56070886

13223,210,167,32,-324,-16383,495,-421,4569,-1780,3d1fdde2,bd48f753,bf31358f,3f380d6c,3d1fddcb,bd48f73c,bf31358f,3f380d6d,1,56079405

13224,207,160,43,-354,-16377,515,-421,4569,-1780,3d1fe60c,bd48e95b,bf3135a7,3f380d5e,3d1fe5f5,bd48e943,bf3135a6,3f380d5f,1,56087923

13225,196,157,43,-338,-16373,496,-419,4509,-1747,3d1fee97,bd48d4e3,bf3135cb,3f380d4b,3d1fee80,bd48d4ca,bf3135ca,3f380d4c,1,56096442

13226,188,157,44,-353,-16342,523,-431,4493,-1740,3d1ff612,bd48bff2,bf31354d,3f380dd3,3d1ff5fc,bd48bfd9,bf31354c,3f380dd4,1,56104960

13227,184,155,46,-336,-16377,499,-431,4493,-1740,3d200380,bd48a8da,bf3134c8,3f380e61,3d20036a,bd48a8c1,bf3134c7,3f380e62,1,56113479

13228,188,164,49,-324,-16369,518,-451,4517,-1704,3d20066c,bd487d54,bf313508,3f380e51,3d200656,bd487d3b,bf313507,3f380e52,1,56121998

13229,183,162,53,-332,-16382,494,-421,4513,-1720,3d20107a,bd4853a4,bf3134f3,3f380e89,3d201063,bd48538a,bf3134f1,3f380e8a,1,56130516

13230,182,160,44,-308,-16374,474,-421,4513,-1720,3d201652,bd483190,bf3134ed,3f380eaf,3d20163b,bd483175,bf3134ea,3f380eb0,1,56139035

13231,180,145,38,-311,-16374,511,-405,4481,-1786,3d20301b,bd4832f6,bf31333d,3f381037,3d203004,bd4832dc,bf31333a,3f381039,1,56147554

13232,185,137,38,-358,-16385,493,-393,4489,-1774,3d20489e,bd483ecc,bf313239,3f38110f,3d204887,bd483eb2,bf313236,3f381111,1,56156072

13233,166,140,36,-358,-16378,501,-393,4489,-1774,3d205da2,bd484895,bf313001,3f381315,3d205d8b,bd48487c,bf312fff,3f381318,1,56164591

13234,163,138,48,-360,-16392,493,-385,4491,-1786,3d2081e5,bd484bbf,bf312d8a,3f381551,3d2081ce,bd484ba6,bf312d88,3f381554,1,56173109

13235,164,146,59,-393,-16365,492,-413,4525,-1804,3d20a812,bd484631,bf312ad0,3f3817d6,3d20a7fa,bd484616,bf312acd,3f3817d8,1,56181127

13236,157,153,81,-354,-16372,496,-429,4499,-1735,3d20d6d4,bd48108c,bf3128fd,3f3819a9,3d20d6bd,bd481071,bf3128fa,3f3819ab,1,56189646

13237,153,162,83,-324,-16355,538,-429,4499,-1735,3d2102ef,bd47cc7e,bf3126a8,3f381c0a,3d2102d9,bd47cc64,bf3126a6,3f381c0d,1,56198164

13238,151,154,80,-303,-16356,549,-375,4505,-1841,3d2147d8,bd47a84c,bf31224e,3f382026,3d2147c0,bd47a831,bf31224b,3f382028,1,56206683

13239,160,153,72,-288,-16383,526,-411,4469,-1769,3d217af6,bd477b3f,bf311fe5,3f38227b,3d217ade,bd477b25,bf311fe2,3f38227e,1,56215201

13240,172,151,53,-303,-16338,536,-411,4469,-1769,3d219aac,bd476493,bf311e0a,3f382440,3d219a93,bd476479,bf311e07,3f382443,1,56223720

13241,192,153,46,-311,-16374,507,-433,4503,-1769,3d21af0e,bd4754e8,bf311d96,3f3824af,3d21aef5,bd4754ce,bf311d93,3f3824b2,1,56232239

13242,182,145,36,-306,-16366,506,-447,4477,-1718,3d21b9ef,bd474a46,bf311d59,3f3824ec,3d21b9d5,bd474a2b,bf311d55,3f3824ee,1,56240757

13243,185,142,42,-335,-16371,508,-447,4477,-1718,3d21c9bd,bd4740b7,bf311d46,3f3824fa,3d21c9a4,bd47409c,bf311d43,3f3824fd,1,56249276

13244,178,143,34,-305,-16378,532,-417,4521,-1792,3d21e0e7,bd474932,bf311b56,3f3826ba,3d21e0cd,bd474916,bf311b52,3f3826bc,1,56257794

13245,180,149,25,-326,-16373,519,-421,4495,-1742,3d21de92,bd474bb4,bf311a80,3f382788,3d21de79,bd474b99,bf311a7c,3f38278a,1,56266313

13246,193,145,24,-306,-16362,542,-421,4495,-1742,3d21e0aa,bd475119,bf311a43,3f3827b9,3d21e092,bd475100,bf311a41,3f3827bd,1,56274331

13247,189,140,21,-323,-16368,534,-433,4481,-1714,3d21de26,bd475a3f,bf311a48,3f3827ae,3d21de0d,bd475a25,bf311a45,3f3827b0,1,56282849

13248,207,148,15,-342,-16369,510,-381,4505,-1741,3d21ce4c,bd4768c3,bf311b3b,3f3826c2,3d21ce35,bd4768ab,bf311b39,3f3826c4,1,56291368

13249,205,145,12,-337,-16362,529,-371,4493,-1776,3d21c566,bd47840f,bf311b48,3f3826a0,3d21c54e,bd4783f6,bf311b45,3f3826a1,1,56299887

13250,216,142,27,-326,-16376,506,-371,4493,-1776,3d21ce56,bd479375,bf311c3c,3f38259c,3d21ce3f,bd47935c,bf311c3a,3f38259e,1,56308405

13251,205,144,25,-336,-16333,515,-409,4515,-1753,3d21cf60,bd479f1d,bf311cc2,3f38250f,3d21cf48,bd479f03,bf311cbf,3f382510,1,56316924

13252,209,146,23,-338,-16379,502,-377,4533,-1669,3d21bce5,bd479806,bf311f2a,3f3822d6,3d21bcce,bd4797ec,bf311f27,3f3822d8,1,56325442

13253,213,156,29,-340,-16378,493,-377,4533,-1669,3d21a678,bd47823a,bf3121ea,3f38205c,3d21a660,bd478220,bf3121e7,3f38205e,1,56333961

13254,201,151,23,-317,-16383,524,-399,4519,-1755,3d21a20c,bd47866f,bf31221c,3f38202a,3d21a1f5,bd478656,bf31221a,3f38202d,1,56342480

13255,204,153,13,-341,-16384,515,-483,4477,-1686,3d21850d,bd4788cd,bf312384,3f381ee7,3d2184f6,bd4788b4,bf312382,3f381eea,1,56350998

13256,205,156,12,-338,-16360,513,-483,4477,-1686,3d2164a1,bd4788e9,bf3124fd,3f381d99,3d216489,bd4788ce,bf3124f9,3f381d9b,1,56359517

13257,202,151,19,-317,-16343,519,-427,4483,-1753,3d215d1e,bd4791d7,bf31252a,3f381d6b,3d215d07,bd4791be,bf312527,3f381d6f,1,56368035

13258,208,135,15,-329,-16382,502,-459,4499,-1714,3d21585d,bd47a7a7,bf312668,3f381c26,3d215845,bd47a78d,bf312664,3f381c29,1,56376554

13259,199,129,10,-339,-16365,521,-459,4499,-1714,3d2153e9,bd47c891,bf3126e6,3f381b8c,3d2153d2,bd47c878,bf3126e3,3f381b90,1,56384572

13260,208,141,24,-333,-16383,506,-405,4509,-1731,3d2153d0,bd47d287,bf3127fd,3f381a74,3d2153b8,bd47d26e,bf3127fa,3f381a77,1,56393090

13261,192,143,31,-310,-16384,508,-353,4463,-1727,3d215b2e,bd47ce66,bf31284d,3f381a27,3d215b15,bd47ce4c,bf312849,3f381a28,1,56401609

13262,179,142,28,-334,-16353,519,-407,4527,-1740,3d216138,bd47d42e,bf312763,3f381afc,3d216120,bd47d415,bf312761,3f381afe,1,56410128

13263,185,145,19,-356,-16380,501,-407,4527,-1740,3d2158ad,bd47e275,bf3126f4,3f381b5e,3d215895,bd47e25c,bf3126f2,3f381b60,1,56418646

13264,180,147,25,-338,-16358,531,-403,4471,-1728,3d21553b,bd47e459,bf312635,3f381c17,3d215523,bd47e440,bf312632,3f381c19,1,56427165

13265,179,153,39,-312,-16372,531,-443,4517,-1747,3d216087,bd47d523,bf312514,3f381d33,3d21606f,bd47d50b,bf312512,3f381d35,1,56435684

13266,191,144,31,-331,-16363,540,-443,4517,-1747,3d216954,bd47d920,bf31248a,3f381dac,3d21693b,bd47d907,bf312487,3f381dad,1,56444202

13267,196,141,23,-311,-16376,510,-461,4493,-1710,3d216935,bd47ddd4,bf312520,3f381d17,3d21691c,bd47ddbb,bf31251e,3f381d18,1,56452721

13268,194,147,28,-332,-16334,545,-421,4481,-1744,3d216b7e,bd47e112,bf3124ce,3f381d60,3d216b65,bd47e0f8,bf3124cc,3f381d61,1,56461239

13269,200,145,27,-312,-16381,522,-421,4481,-1744,3d21709b,bd47e4fe,bf31250b,3f381d1d,3d217083,bd47e4e5,bf31250a,3f381d1f,1,56469758

13270,201,138,19,-336,-16369,531,-465,4493,-1733,3d217058,bd47f8e3,bf312549,3f381ccb,3d217040,bd47f8ca,bf312548,3f381ccd,1,56478276

13271,208,141,24,-357,-16383,494,-383,4497,-1767,3d21735a,bd480d64,bf3125e2,3f381c21,3d217341,bd480d4a,bf3125e0,3f381c22,1,56486294

13272,206,149,32,-357,-16368,515,-383,4497,-1767,3d2176ef,bd48128a,bf31263e,3f381bc0,3d2176d6,bd481270,bf31263c,3f381bc1,1,56494813

13273,206,153,48,-338,-16384,506,-447,4525,-1702,3d217e16,bd47f5ac,bf3127c8,3f381a5c,3d217dfd,bd47f592,bf3127c6,3f381a5d,1,56503332

13274,201,158,55,-304,-16354,490,-429,4483,-1713,3d218d76,bd47cb95,bf312900,3f381950,3d218d5d,bd47cb7a,bf3128fe,3f381951,1,56511850

13275,193,156,52,-294,-16380,514,-409,4525,-1830,3d21b15f,bd47bf0a,bf312778,3f381ab9,3d21b147,bd47bef0,bf312776,3f381aba,1,56520369

13276,184,148,39,-301,-16367,544,-409,4525,-1830,3d21cffe,bd47c6d0,bf31250f,3f381ce6,3d21cfe5,bd47c6b5,bf31250d,3f381ce7,1,56528888

13277,184,143,28,-327,-16378,512,-385,4537,-1739,3d21d47c,bd47ca31,bf3124a1,3f381d49,3d21d464,bd47ca17,bf3124a0,3f381d4b,1,56537406

13278,186,149,17,-325,-16374,500,-447,4493,-1776,3d21d103,bd47dd23,bf312380,3f381e4e,3d21d0ea,bd47dd08,bf31237d,3f381e4e,1,56545925

13279,176,147,8,-316,-16355,533,-447,4493,-1776,3d21c8b8,bd47f88e,bf312177,3f38202c,3d21c8a0,bd47f874,bf312174,3f38202d,1,56554443

13280,183,137,10,-338,-16368,559,-421,4529,-1649,3d21b1a4,bd480183,bf312208,3f381fab,3d21b18e,bd48016b,bf312206,3f381fad,1,56562962

13281,200,144,14,-342,-16361,520,-457,4521,-1736,3d21a60d,bd48151a,bf312250,3f381f5b,3d21a5f7,bd481502,bf31224e,3f381f5d,1,56571481

13282,202,141,19,-323,-16351,542,-457,4521,-1736,3d21a476,bd482480,bf31228e,3f381f0f,3d21a460,bd482468,bf31228c,3f381f11,1,56579999

13283,207,139,19,-326,-16373,536,-425,4495,-1793,3d21ade9,bd48434a,bf312226,3f381f49,3d21add2,bd484331,bf312223,3f381f4b,1,56588518

13284,220,147,16,-328,-16372,509,-445,4527,-1719,3d219eb7,bd484d00,bf312419,3f381d6b,3d219ea0,bd484ce7,bf312416,3f381d6d,1,56596536

13285,222,138,18,-338,-16381,497,-445,4527,-1719,3d21988e,bd485eec,bf31263a,3f381b52,3d219878,bd485ed3,bf312637,3f381b54,1,56605054

13286,215,133,22,-347,-16375,505,-479,4495,-1774,3d21a502,bd488109,bf3126b1,3f381ab0,3d21a4ec,bd4880f0,bf3126ae,3f381ab2,1,56613573

13287,219,151,25,-329,-16357,508,-433,4537,-1795,3d21a7b8,bd488fa4,bf31273d,3f381a16,3d21a7a2,bd488f8c,bf31273b,3f381a19,1,56622091

13288,222,154,33,-342,-16359,508,-415,4521,-1703,3d219d9d,bd488030,bf3129b8,3f3817cd,3d219d86,bd488016,bf3129b4,3f3817cf,1,56630610

13289,217,146,30,-355,-16387,491,-415,4521,-1703,3d2196df,bd487cb0,bf312bf7,3f3815ad,3d2196c9,bd487c97,bf312bf4,3f3815b0,1,56639129

13290,216,154,35,-333,-16397,455,-397,4517,-1798,3d21a022,bd487f5c,bf312cd4,3f3814cf,3d21a00c,bd487f42,bf312cd0,3f3814d1,1,56647647

13291,197,155,38,-477,-16250,556,-395,4469,-1780,3d219917,bd488be8,bf312bea,3f3815a8,3d219901,bd488bce,bf312be6,3f3815aa,1,56656166

13292,188,163,56,-320,-16389,528,-395,4469,-1780,3d21afe1,bd486b4f,bf312aeb,3f3816ad,3d21afcb,bd486b36,bf312ae7,3f3816b0,1,56664684

13293,200,170,62,-326,-16374,493,-437,4507,-1791,3d21c617,bd48439c,bf312aaa,3f381703,3d21c601,bd484384,bf312aa7,3f381707,1,56673203

13294,192,159,48,-338,-16370,492,-415,4525,-1734,3d21cd51,bd482675,bf312af7,3f3816d2,3d21cd39,bd48265c,bf312af2,3f3816d5,1,56681722

13295,187,164,50,-326,-16360,519,-415,4525,-1734,3d21d3a5,bd4800e0,bf312ac8,3f381723,3d21d38e,bd4800c8,bf312ac3,3f381727,1,56689739

13296,187,172,53,-320,-16357,540,-389,4511,-1763,3d21daf2,bd47d609,bf312a02,3f38180a,3d21dadb,bd47d5f1,bf3129fd,3f38180e,1,56698258

13297,191,171,48,-314,-16384,495,-457,4497,-1881,3d21f4cb,bd47d1ee,bf31274a,3f381a95,3d21f4b5,bd47d1d7,bf312746,3f381a99,1,56706777

13298,182,166,42,-324,-16347,525,-457,4497,-1881,3d220cf1,bd47d93b,bf3123ba,3f381de6,3d220cd9,bd47d923,bf3123b5,3f381de9,1,56715295

13299,179,166,44,-305,-16350,529,-447,4523,-1773,3d2215b3,bd47be86,bf312234,3f381f72,3d22159b,bd47be6e,bf31222f,3f381f75,1,56723814

13300,190,156,45,-329,-16355,539,-421,4479,-1759,3d2222bd,bd47ac9b,bf31218a,3f38201d,3d2222a5,bd47ac83,bf312186,3f382020,1,56732332

13301,206,160,43,-318,-16366,517,-411,4491,-1754,3d2228eb,bd47969f,bf31222b,3f381f95,3d2228d2,bd479687,bf312227,3f381f97,1,56740851

13302,198,152,47,-293,-16339,512,-411,4491,-1754,3d223dc6,bd47814e,bf312258,3f381f6e,3d223dae,bd478137,bf312255,3f381f71,1,56749370

13303,203,157,42,-310,-16365,536,-373,4525,-1756,3d224609,bd476cef,bf3122b9,3f381f1e,3d2245f2,bd476cd9,bf3122b7,3f381f22,1,56757888

13304,204,144,32,-305,-16381,537,-439,4461,-1750,3d22525d,bd476f87,bf3122f2,3f381edb,3d225245,bd476f6f,bf3122ef,3f381edd,1,56766407

13305,208,147,14,-315,-16385,508,-439,4461,-1750,3d2248cb,bd47818f,bf312391,3f381e36,3d2248b3,bd478177,bf31238e,3f381e38,1,56774925

13306,213,149,7,-325,-16364,527,-449,4471,-1694,3d222b57,bd478d12,bf312550,3f381c95,3d222b3f,bd478cfa,bf31254d,3f381c97,1,56783444

13307,206,149,3,-324,-16360,491,-427,4485,-1708,3d220c6d,bd479e3d,bf3126b0,3f381b4b,3d220c56,bd479e26,bf3126ae,3f381b4e,1,56791963

13308,203,142,-6,-323,-16333,503,-427,4485,-1708,3d21ebcc,bd47be2c,bf3127b7,3f381a49,3d21ebb4,bd47be13,bf3127b4,3f381a4a,1,56799981

13309,208,140,0,-319,-16384,503,-381,4511,-1796,3d21e185,bd47ec6c,bf3127a2,3f381a34,3d21e16e,bd47ec55,bf3127a0,3f381a36,1,56808499

13310,207,136,-4,-346,-16374,484,-411,4499,-1699,3d21c3be,bd481074,bf31293a,3f38189e,3d21c3a7,bd48105d,bf312938,3f3818a0,1,56817018

13311,207,139,6,-351,-16379,501,-411,4499,-1699,3d21ac8a,bd4828a1,bf312abc,3f381725,3d21ac73,bd48288a,bf312aba,3f381727,1,56825536

13312,210,141,23,-344,-16362,535,-405,4515,-1707,3d21a5ec,bd482f87,bf312c1f,3f3815ce,3d21a5d5,bd482f70,bf312c1c,3f3815cf,1,56834055

13313,207,148,29,-331,-16373,518,-425,4509,-1746,3d21a797,bd4831c1,bf312cbf,3f381530,3d21a781,bd4831aa,bf312cbc,3f381532,1,56842573

13314,216,153,26,-334,-16358,487,-393,4497,-1755,3d21a1a4,bd483424,bf312e11,3f3813ed,3d21a18e,bd48340d,bf312e0e,3f3813ee,1,56851092

13315,206,147,21,-334,-16347,497,-393,4497,-1755,3d219d30,bd484074,bf312ea8,3f381353,3d219d1a,bd48405d,bf312ea5,3f381354,1,56859610

13316,210,147,28,-315,-16382,505,-419,4461,-1733,3d219ec0,bd484030,bf312fc3,3f381241,3d219eab,bd48401a,bf312fc1,3f381243,1,56868129

13317,201,142,28,-337,-16375,495,-435,4493,-1697,3d219c83,bd483f43,bf3130fe,3f381115,3d219c6d,bd483f2c,bf3130fc,3f381116,1,56876648

13318,192,141,28,-331,-16383,496,-435,4493,-1697,3d219c8b,bd483e19,bf3131aa,3f381071,3d219c74,bd483e01,bf3131a7,3f381071,1,56885166

13319,188,151,37,-335,-16378,489,-439,4477,-1767,3d21a84c,bd483b81,bf3130e9,3f381122,3d21a837,bd483b6c,bf3130e8,3f381124,1,56893685

13320,184,146,36,-334,-16356,520,-373,4511,-1715,3d21ad5a,bd482fdb,bf3130cd,3f381146,3d21ad44,bd482fc6,bf3130cb,3f381147,1,56902203

13321,187,150,37,-329,-16379,499,-373,4511,-1715,3d21afee,bd481f14,bf31310e,3f381118,3d21afd8,bd481efd,bf31310b,3f381118,1,56910221

13322,189,148,34,-334,-16378,522,-433,4495,-1720,3d21b312,bd4816be,bf3130fd,3f38112f,3d21b2fd,bd4816a8,bf3130fb,3f381130,1,56918740

13323,188,145,37,-342,-16346,550,-463,4485,-1753,3d21c19e,bd481838,bf312fea,3f381228,3d21c189,bd481821,bf312fe8,3f381229,1,56927258

13324,194,146,45,-337,-16369,498,-463,4485,-1753,3d21d6ce,bd481119,bf312fad,3f381257,3d21d6ba,bd481103,bf312fac,3f381259,1,56935777

13325,206,153,49,-311,-16381,510,-431,4497,-1694,3d21e087,bd47ee7b,bf31314d,3f3810e5,3d21e072,bd47ee64,bf31314b,3f3810e5,1,56944296

13326,207,150,42,-320,-16383,515,-431,4477,-1791,3d21f692,bd47ed46,bf313118,3f381106,3d21f67e,bd47ed31,bf313117,3f381108,1,56952814

13327,211,149,33,-318,-16363,483,-401,4531,-1779,3d2200dd,bd47f0b2,bf3131b5,3f381061,3d2200c9,bd47f09d,bf3131b4,3f381063,1,56961333

13328,213,156,37,-338,-16371,504,-401,4531,-1779,3d220621,bd47ec31,bf31324e,3f380fce,3d22060c,bd47ec1a,bf31324c,3f380fcf,1,56969851

13329,201,150,39,-331,-16365,511,-427,4519,-1729,3d220c8c,bd47df98,bf3132ef,3f380f3c,3d220c77,bd47df81,bf3132ed,3f380f3d,1,56978370

13330,198,147,46,-317,-16376,479,-445,4477,-1777,3d222783,bd47da0e,bf3132af,3f380f68,3d22276e,bd47d9f6,bf3132ad,3f380f68,1,56986889

13331,189,150,46,-330,-16365,488,-445,4477,-1777,3d223ea5,bd47d2d9,bf3131d2,3f38102f,3d223e91,bd47d2c2,bf3131d1,3f381030,1,56995407

13332,185,147,42,-297,-16368,516,-437,4511,-1719,3d224e34,bd47bfa2,bf31319f,3f381068,3d224e20,bd47bf8b,bf31319e,3f381068,1,57003926

13333,192,152,29,-312,-16387,500,-411,4511,-1747,3d224e85,bd47bb87,bf31317e,3f38108d,3d224e72,bd47bb71,bf31317d,3f38108d,1,57011944

13334,188,149,18,-309,-16386,501,-411,4511,-1747,3d22479b,bd47c3fa,bf31310e,3f3810f4,3d224789,bd47c3e5,bf31310e,3f3810f4,1,57020463

13335,178,145,8,-320,-16356,502,-435,4487,-1794,3d22432e,bd47e6e6,bf312efb,3f3812d3,3d22431c,bd47e6d1,bf312efa,3f3812d2,1,57028981

13336,187,148,5,-311,-16345,535,-423,4433,-1723,3d222d9b,bd47f81b,bf312e82,3f381346,3d222d89,bd47f806,bf312e82,3f381345,1,57037500

13337,199,137,5,-318,-16376,488,-423,4433,-1723,3d222083,bd481581,bf312f18,3f3812a1,3d222072,bd48156e,bf312f19,3f3812a1,1,57046018

13338,200,143,5,-327,-16366,501,-427,4489,-1694,3d220738,bd48274c,bf313034,3f381193,3d220726,bd482737,bf313034,3f381191,1,57054537

13339,191,146,9,-313,-16361,516,-465,4467,-1713,3d21f5ce,bd48359a,bf31303c,3f38118c,3d21f5bd,bd483587,bf31303d,3f38118b,1,57063055

13340,202,136,4,-329,-16355,504,-435,4445,-1749,3d21ec59,bd485c67,bf31305b,3f38114c,3d21ec48,bd485c54,bf31305c,3f38114b,1,57071574

13341,200,139,-1,-304,-16345,505,-435,4445,-1749,3d21de80,bd4881a1,bf313059,3f381132,3d21de6e,bd48818d,bf31305a,3f381130,1,57080092

13342,196,134,3,-355,-16373,511,-411,4465,-1709,3d21cbb8,bd48a39a,bf3130d5,3f3810a5,3d21cba6,bd48a386,bf3130d6,3f3810a3,1,57088611

13343,196,140,10,-362,-16364,493,-445,4501,-1676,3d21b3e7,bd48b3c2,bf313207,3f380f81,3d21b3d6,bd48b3b0,bf313209,3f380f81,1,57097130

13344,198,141,18,-327,-16379,477,-445,4501,-1676,3d21a6eb,bd48b762,bf313384,3f380e1a,3d21a6d9,bd48b750,bf313385,3f380e1a,1,57105148

13345,192,133,26,-337,-16385,506,-461,4521,-1799,3d21be00,bd48d882,bf31321d,3f380f3c,3d21bded,bd48d86e,bf31321c,3f380f3b,1,57113666

13346,193,141,28,-342,-16369,498,-441,4489,-1710,3d21bf5a,bd48db68,bf313292,3f380ec7,3d21bf47,bd48db55,bf313292,3f380ec7,1,57122185

13347,196,149,35,-347,-16359,490,-441,4489,-1710,3d21bf2d,bd48d0e6,bf313350,3f380e1b,3d21bf1a,bd48d0d3,bf313350,3f380e1b,1,57130703

13348,198,158,39,-325,-16345,496,-435,4489,-1753,3d21c469,bd48c103,bf31336b,3f380e0e,3d21c456,bd48c0ef,bf31336a,3f380e0e,1,57139222

13349,186,150,32,-326,-16365,497,-469,4519,-1793,3d21d22d,bd48c94f,bf3131e5,3f380f71,3d21d21a,bd48c93b,bf3131e5,3f380f71,1,57147740

13350,189,152,30,-314,-16363,523,-469,4519,-1793,3d21dda0,bd48d00b,bf31305a,3f3810dc,3d21dd8d,bd48cff7,bf31305a,3f3810dc,1,57156259

13351,196,146,35,-316,-16367,516,-445,4461,-1698,3d21e226,bd48c245,bf31311c,3f38102c,3d21e213,bd48c231,bf31311c,3f38102c,1,57164778

13352,196,145,26,-337,-16378,502,-429,4541,-1718,3d21deb4,bd48c3b2,bf3131a9,3f380fa5,3d21dea1,bd48c39d,bf3131a9,3f380fa5,1,57173296

13353,203,145,24,-327,-16366,498,-413,4489,-1822,3d21ecb2,bd48df18,bf3130bd,3f38105f,3d21ec9f,bd48df03,bf3130bd,3f38105f,1,57181815

13354,203,147,27,-337,-16375,496,-413,4489,-1822,3d21fa80,bd48f6ed,bf312fdc,3f381112,3d21fa6d,bd48f6d8,bf312fdc,3f381112,1,57190333

13355,192,149,36,-316,-16374,503,-463,4497,-1716,3d220096,bd48e942,bf313027,3f3810d2,3d220083,bd48e92d,bf313027,3f3810d2,1,57198852

13356,187,142,33,-330,-16378,499,-437,4497,-1722,3d22096e,bd48e73b,bf313016,3f3810dd,3d22095a,bd48e725,bf313016,3f3810dc,1,57207370

13357,189,140,33,-336,-16366,519,-437,4497,-1722,3d221359,bd48e7ee,bf312ffa,3f3810ee,3d221346,bd48e7d9,bf312ffb,3f3810ee,1,57215388

13358,192,147,38,-322,-16362,506,-437,4497,-1810,3d222c7a,bd48f0c9,bf312e8e,3f38122d,3d222c66,bd48f0b3,bf312e8e,3f38122d,1,57223907

13359,200,148,36,-324,-16365,501,-461,4519,-1780,3d223ca1,bd48f435,bf312e2d,3f381279,3d223c8d,bd48f41f,bf312e2d,3f381279,1,57232425

13360,203,147,31,-335,-16360,489,-461,4519,-1780,3d22472c,bd48fedf,bf312e0c,3f381284,3d224717,bd48fec9,bf312e0c,3f381284,1,57240944

13361,204,141,31,-338,-16382,480,-397,4505,-1788,3d225748,bd490f96,bf312e15,3f38125b,3d225733,bd490f80,bf312e15,3f38125b,1,57249462

13362,202,149,35,-326,-16383,493,-429,4479,-1746,3d225f16,bd490aaf,bf312e97,3f3811db,3d225f01,bd490a99,bf312e97,3f3811db,1,57257981

13363,195,153,34,-345,-16382,485,-429,4479,-1746,3d226052,bd4904e7,bf312ebd,3f3811bd,3d22603c,bd4904d0,bf312ebc,3f3811bc,1,57266500

13364,195,149,40,-331,-16368,492,-383,4533,-1697,3d2262b4,bd48ef03,bf312fdc,3f3810be,3d22629f,bd48eeed,bf312fdc,3f3810bd,1,57275018

13365,199,149,41,-322,-16377,496,-429,4507,-1689,3d226698,bd48d730,bf313138,3f380f85,3d226683,bd48d71b,bf313139,3f380f85,1,57283537

13366,203,148,38,-353,-16384,492,-453,4535,-1789,3d2275d3,bd48de8a,bf3130f1,3f380fb4,3d2275be,bd48de75,bf3130f2,3f380fb4,1,57292055

13367,196,158,38,-337,-16374,505,-453,4535,-1789,3d227e3c,bd48d9cf,bf31302d,3f38106f,3d227e27,bd48d9b9,bf31302d,3f38106e,1,57300574

13368,199,156,50,-326,-16370,496,-391,4505,-1741,3d228c0b,bd48bdad,bf3130c3,3f380ff1,3d228bf6,bd48bd96,bf3130c3,3f380fef,1,57309093

13369,190,156,53,-292,-16360,514,-409,4535,-1767,3d22a5f7,bd48a042,bf313030,3f381086,3d22a5e3,bd48a02d,bf313032,3f381085,1,57317611

13370,194,152,41,-301,-16345,535,-409,4535,-1767,3d22b6a4,bd48934f,bf312fa1,3f381111,3d22b690,bd48933a,bf312fa2,3f38110f,1,57325629

13371,197,155,27,-316,-16387,499,-435,4491,-1757,3d22b40f,bd4891c9,bf312f90,3f381125,3d22b3fb,bd4891b4,bf312f91,3f381123,1,57334148

13372,199,148,26,-331,-16360,500,-425,4529,-1723,3d22ae71,bd489178,bf31303f,3f381081,3d22ae5f,bd489165,bf313041,3f381081,1,57342666

13373,197,150,44,-335,-16369,498,-425,4529,-1723,3d22b80f,bd487eda,bf3130e6,3f380fec,3d22b7fc,bd487ec6,bf3130e7,3f380fea,1,57351185

13374,191,154,48,-315,-16362,506,-465,4507,-1724,3d22c5c6,bd48639a,bf313106,3f380fdf,3d22c5b3,bd486386,bf313107,3f380fdd,1,57359703

13375,184,159,43,-297,-16359,504,-383,4519,-1859,3d22e294,bd486398,bf312e7d,3f381237,3d22e281,bd486384,bf312e7e,3f381235,1,57368222

13376,201,160,31,-303,-16369,534,-383,4519,-1859,3d22f134,bd486f6c,bf312cb3,3f3813d7,3d22f120,bd486f58,bf312cb3,3f3813d4,1,57376740

13377,212,147,18,-322,-16378,461,-411,4491,-1748,3d22e903,bd487d05,bf312e05,3f38128a,3d22e8f0,bd487cf2,bf312e05,3f381288,1,57385259

13378,208,151,8,-295,-16367,517,-447,4537,-1830,3d22e5d5,bd48a0ce,bf312d00,3f381361,3d22e5c3,bd48a0bd,bf312d01,3f381360,1,57393778

13379,201,144,7,-295,-16358,499,-419,4513,-1826,3d22e7c5,bd48ca2a,bf312bda,3f38144c,3d22e7b3,bd48ca19,bf312bdb,3f38144b,1,57402296

13380,207,136,10,-308,-16373,483,-419,4513,-1826,3d22f1fc,bd48fa48,bf312b31,3f3814b0,3d22f1ea,bd48fa36,bf312b32,3f3814af,1,57410815

13381,205,134,9,-330,-16384,494,-443,4503,-1755,3d22eee8,bd491f55,bf312b8f,3f381431,3d22eed5,bd491f42,bf312b8f,3f38142f,1,57419334

13382,202,139,16,-367,-16383,479,-437,4491,-1740,3d22e729,bd4939da,bf312c2a,3f381385,3d22e717,bd4939c9,bf312c2c,3f381385,1,57427352

13383,196,141,23,-320,-16373,479,-437,4491,-1740,3d22ea61,bd4945bf,bf312c77,3f38132c,3d22ea4e,bd4945ad,bf312c77,3f38132a,1,57435870

13384,193,145,28,-312,-16361,513,-445,4553,-1687,3d22e665,bd493bed,bf312d56,3f381263,3d22e654,bd493bdc,bf312d58,3f381262,1,57444389

13385,187,145,23,-333,-16375,498,-383,4515,-1826,3d22f2c9,bd495789,bf312b8b,3f3813f3,3d22f2b7,bd495777,bf312b8d,3f3813f1,1,57452907

13386,187,146,17,-335,-16371,490,-383,4515,-1826,3d22f81d,bd4977eb,bf3129d0,3f381576,3d22f80a,bd4977d8,bf3129d1,3f381574,1,57461426

13387,185,136,23,-318,-16320,528,-401,4545,-1790,3d23088b,bd499144,bf312848,3f3816c5,3d230878,bd499131,bf312849,3f3816c3,1,57469945

13388,185,139,31,-336,-16386,504,-429,4547,-1780,3d231a66,bd49a0f0,bf31271c,3f3817c6,3d231a53,bd49a0dd,bf31271d,3f3817c4,1,57478463

13389,205,138,33,-347,-16375,508,-429,4547,-1780,3d232c6a,bd49b225,bf31271d,3f3817a1,3d232c58,bd49b213,bf31271f,3f3817a0,1,57486982

13390,198,146,43,-338,-16373,468,-429,4505,-1766,3d234020,bd49ae33,bf31274f,3f381763,3d23400e,bd49ae20,bf312750,3f381761,1,57495500

13391,185,145,47,-312,-16377,512,-395,4567,-1791,3d235fad,bd49a744,bf312619,3f38187a,3d235f9b,bd49a733,bf31261a,3f381878,1,57504019

13392,186,151,48,-346,-16352,483,-403,4539,-1752,3d236fe7,bd4995c3,bf3125d9,3f3818bd,3d236fd5,bd4995b1,bf3125d9,3f3818bb,1,57512537

13393,184,153,49,-314,-16379,493,-403,4539,-1752,3d238338,bd497d4c,bf31256f,3f38192c,3d238327,bd497d3b,bf31256f,3f38192b,1,57520555

13394,182,148,53,-306,-16377,482,-411,4519,-1750,3d23a001,bd496513,bf3124fd,3f38199b,3d239ff1,bd496502,bf3124fd,3f38199b,1,57529074

13395,175,145,42,-323,-16378,503,-427,4493,-1723,3d23af4c,bd495677,bf312450,3f381a43,3d23af3c,bd495665,bf312450,3f381a42,1,57537592

13396,181,145,37,-341,-16370,500,-427,4493,-1723,3d23b71c,bd494f23,bf312400,3f381a92,3d23b70c,bd494f11,bf312400,3f381a91,1,57546111

13397,175,148,36,-304,-16362,498,-461,4571,-1739,3d23c267,bd4944be,bf31230e,3f381b7c,3d23c257,bd4944ac,bf31230e,3f381b7b,1,57554629

13398,168,145,32,-329,-16385,502,-375,4503,-1681,3d23bf1e,bd493560,bf3122c8,3f381bd3,3d23bf0e,bd49354e,bf3122c8,3f381bd2,1,57563148

13399,165,149,26,-326,-16381,489,-375,4503,-1681,3d23b2c2,bd492756,bf312269,3f381c47,3d23b2b2,bd492744,bf312269,3f381c46,1,57571667

13400,170,151,29,-348,-16383,485,-405,4523,-1718,3d23ab58,bd492002,bf3121b6,3f381d04,3d23ab48,bd491ff0,bf3121b6,3f381d03,1,57580185

13401,159,152,38,-347,-16376,486,-385,4515,-1815,3d23bcfe,bd4924aa,bf311eb0,3f381fd6,3d23bcef,bd492499,bf311eb1,3f381fd6,1,57588704

13402,148,157,46,-325,-16340,531,-385,4515,-1815,3d23d560,bd4919a1,bf311ab7,3f3823a1,3d23d550,bd49198f,bf311ab6,3f38239f,1,57597222

13403,151,150,48,-287,-16367,530,-339,4497,-1798,3d23f6d5,bd490942,bf31176b,3f3826bf,3d23f6c7,bd490932,bf31176c,3f3826bf,1,57605741

13404,178,149,40,-301,-16380,508,-399,4517,-1813,3d241130,bd490a0f,bf311576,3f382888,3d241122,bd4909fe,bf311576,3f382888,1,57614260

13405,182,157,33,-320,-16382,498,-413,4503,-1752,3d24105f,bd48fe66,bf3114e5,3f382922,3d241051,bd48fe55,bf3114e5,3f382922,1,57622778

13406,168,149,26,-289,-16352,529,-413,4503,-1752,3d2414fc,bd48fc53,bf311332,3f382ac2,3d2414ed,bd48fc41,bf311331,3f382ac1,1,57630796

13407,167,139,14,-314,-16375,514,-419,4497,-1762,3d241637,bd4914bb,bf311145,3f382c81,3d241628,bd4914a9,bf311144,3f382c80,1,57639315

13408,168,139,17,-305,-16356,500,-381,4527,-1760,3d2419b7,bd492728,bf310fb5,3f382de9,3d2419a9,bd492717,bf310fb5,3f382de9,1,57647833

13409,174,142,10,-320,-16377,505,-381,4527,-1760,3d24118f,bd493f34,bf310e75,3f382f09,3d241181,bd493f23,bf310e75,3f382f09,1,57656352

13410,169,143,14,-334,-16360,537,-395,4493,-1724,3d2405a6,bd494c88,bf310d41,3f38302e,3d240598,bd494c76,bf310d40,3f38302d,1,57664871

13411,177,141,34,-344,-16351,528,-379,4487,-1806,3d241b71,bd495d9b,bf310b3e,3f3831f7,3d241b64,bd495d8a,bf310b3e,3f3831f7,1,57673389

13412,179,146,52,-333,-16378,506,-379,4487,-1806,3d243f02,bd4957be,bf3109a6,3f383366,3d243ef5,bd4957ad,bf3109a6,3f383366,1,57681908

13413,170,156,61,-312,-16373,499,-421,4551,-1738,3d2458ee,bd492d7f,bf3108d2,3f383449,3d2458e1,bd492d6d,bf3108d1,3f383448,1,57690426

13414,168,152,62,-307,-16372,535,-377,4539,-1752,3d247a03,bd490754,bf310771,3f3835a7,3d2479f7,bd490744,bf310772,3f3835a8,1,57698945

13415,165,147,57,-326,-16374,530,-377,4539,-1752,3d24989b,bd48ed04,bf3105e3,3f383727,3d24988e,bd48ecf3,bf3105e3,3f383727,1,57707464

13416,167,149,57,-316,-16334,527,-405,4491,-1741,3d24b55a,bd48ced8,bf310492,3f383873,3d24b54d,bd48cec7,bf310492,3f383873,1,57715982

13417,163,151,57,-293,-16385,521,-371,4477,-1816,3d24e008,bd48bc8f,bf3101d5,3f383b02,3d24dffb,bd48bc7e,bf3101d5,3f383b02,1,57724501

13418,156,158,52,-326,-16385,514,-417,4523,-1818,3d24fbe8,bd48ad73,bf30fe94,3f383e1a,3d24fbda,bd48ad61,bf30fe94,3f383e19,1,57733019

13419,144,155,58,-308,-16339,523,-417,4523,-1818,3d252332,bd4898d4,bf30fa8f,3f3841e9,3d252324,bd4898c2,bf30fa8f,3f3841e8,1,57741037

13420,152,148,66,-302,-16376,526,-417,4473,-1883,3d25657f,bd489591,bf30f5bf,3f384651,3d256572,bd489580,bf30f5c0,3f384651,1,57749556

13421,159,146,52,-298,-16372,546,-365,4493,-1766,3d258595,bd4880d9,bf30f392,3f384862,3d258587,bd4880c8,bf30f392,3f384861,1,57758074

13422,166,148,53,-327,-16386,548,-365,4493,-1766,3d25a0bf,bd486d41,bf30f1d1,3f384a0e,3d25a0b1,bd486d30,bf30f1d1,3f384a0d,1,57766593

13423,169,158,68,-295,-16361,546,-385,4479,-1814,3d25cdbd,bd484adb,bf30ef6f,3f384c55,3d25cdae,bd484ac9,bf30ef6e,3f384c53,1,57775112

13424,168,153,64,-275,-16363,553,-407,4499,-1777,3d25f748,bd482603,bf30ed8f,3f384e24,3d25f73b,bd4825f3,bf30ed90,3f384e24,1,57783630

13425,175,156,46,-287,-16348,547,-407,4499,-1777,3d260a64,bd48111a,bf30ec18,3f384f91,3d260a56,bd481109,bf30ec18,3f384f90,1,57792149

13426,168,159,41,-284,-16354,538,-375,4459,-1752,3d2611ec,bd47f6fb,bf30eac9,3f3850e8,3d2611de,bd47f6eb,bf30eaca,3f3850e8,1,57800667

13427,167,148,44,-303,-16334,562,-383,4469,-1829,3d263258,bd47f9e0,bf30e7c6,3f3853ac,3d263249,bd47f9cf,bf30e7c6,3f3853ab,1,57809186

13428,179,147,50,-314,-16378,549,-383,4469,-1829,3d265730,bd47fa19,bf30e5a5,3f385596,3d265721,bd47fa08,bf30e5a5,3f385595,1,57817705

13429,188,146,56,-312,-16353,538,-391,4455,-1772,3d26784b,bd47e87c,bf30e531,3f3855fb,3d26783b,bd47e86a,bf30e531,3f3855f9,1,57826223

13430,186,140,77,-285,-16381,519,-383,4533,-1775,3d26b5a2,bd47c52e,bf30e4e5,3f385632,3d26b592,bd47c51c,bf30e4e5,3f385630,1,57834742

13431,185,147,72,-281,-16373,544,-383,4521,-1816,3d26ef77,bd47a947,bf30e397,3f38575c,3d26ef68,bd47a936,bf30e398,3f38575b,1,57842760

13432,184,148,65,-282,-16358,551,-383,4521,-1816,3d272151,bd479331,bf30e227,3f3858a9,3d272141,bd47931f,bf30e227,3f3858a7,1,57851278

13433,191,147,63,-268,-16385,536,-367,4495,-1803,3d2750e3,bd477b66,bf30e189,3f38592e,3d2750d4,bd477b56,bf30e18b,3f38592e,1,57859797

13434,195,151,52,-288,-16363,561,-395,4499,-1752,3d2766da,bd4761ba,bf30e1c3,3f3858fe,3d2766ca,bd4761a9,bf30e1c4,3f3858fd,1,57868316

13435,187,154,45,-277,-16348,536,-395,4499,-1752,3d2774c2,bd474a27,bf30e1ae,3f38591f,3d2774b2,bd474a15,bf30e1af,3f38591d,1,57876834

13436,199,151,49,-277,-16368,539,-425,4501,-1766,3d278b8d,bd4736a0,bf30e1fb,3f3858d7,3d278b7d,bd47368f,bf30e1fc,3f3858d5,1,57885353

13437,202,156,40,-290,-16362,542,-405,4511,-1821,3d279c3d,bd4734fd,bf30e175,3f38594a,3d279c2d,bd4734ec,bf30e176,3f385948,1,57893871

13438,203,154,37,-308,-16386,519,-405,4511,-1821,3d27a962,bd473a6d,bf30e12a,3f385980,3d27a952,bd473a5c,bf30e12b,3f38597e,1,57902390

13439,192,155,46,-314,-16373,512,-415,4511,-1813,3d27bcf9,bd47351f,bf30e06a,3f385a2d,3d27bce8,bd47350d,bf30e06a,3f385a2a,1,57910908

13440,185,158,60,-314,-16384,522,-365,4477,-1834,3d27df3b,bd472377,bf30defd,3f385b7e,3d27df2c,bd472367,bf30defe,3f385b7d,1,57919427

13441,182,169,66,-308,-16367,534,-365,4477,-1834,3d27fdea,bd4700cb,bf30dd5b,3f385d18,3d27fddb,bd4700bb,bf30dd5c,3f385d17,1,57927945

13442,173,174,63,-283,-16350,537,-395,4527,-1764,3d280bde,bd46c7fe,bf30dc66,3f385e33,3d280bd0,bd46c7ef,bf30dc68,3f385e33,1,57936464

13443,165,170,62,-231,-16322,551,-361,4487,-1768,3d2823b1,bd468dab,bf30dad9,3f385fda,3d2823a1,bd468d9b,bf30dad9,3f385fd8,1,57944983

13444,170,160,50,-252,-16327,578,-397,4493,-1816,3d283faf,bd4677be,bf30d850,3f386246,3d283fa0,bd4677b0,bf30d852,3f386245,1,57953001

13445,172,160,36,-267,-16342,577,-397,4493,-1816,3d284bfa,bd4670e2,bf30d5de,3f38649b,3d284beb,bd4670d5,bf30d5e0,3f38649a,1,57961519

13446,188,153,29,-238,-16355,562,-413,4533,-1803,3d285799,bd467126,bf30d4ba,3f3865a9,3d285789,bd467118,bf30d4bb,3f3865a7,1,57970038

13447,194,143,11,-239,-16352,564,-449,4509,-1886,3d286a80,bd46a3d4,bf30d20a,3f3867f5,3d286a70,bd46a3c6,bf30d20b,3f3867f3,1,57978556

13448,199,138,3,-270,-16361,529,-449,4509,-1886,3d287594,bd46e6e6,bf30cfeb,3f3869aa,3d287584,bd46e6d8,bf30cfec,3f3869a8,1,57987075

13449,195,138,-1,-274,-16357,554,-373,4523,-1812,3d286e26,bd4716fd,bf30cf14,3f386a4b,3d286e16,bd4716ef,bf30cf15,3f386a49,1,57995593

13450,206,137,3,-282,-16379,555,-347,4521,-1793,3d286631,bd47404b,bf30cf57,3f3869e6,3d286621,bd47403d,bf30cf58,3f3869e4,1,58004112

13451,207,144,-6,-276,-16355,552,-347,4521,-1793,3d284fb7,bd476a64,bf30cfaa,3f38697c,3d284fa7,bd476a56,bf30cfab,3f38697a,1,58012631

13452,208,133,-1,-283,-16370,544,-415,4475,-1744,3d2840eb,bd4792dd,bf30d0bd,3f386857,3d2840dd,bd4792d0,bf30d0bf,3f386856,1,58021149

13453,204,133,-6,-273,-16372,533,-389,4507,-1787,3d28356b,bd47c70b,bf30d0f7,3f3867f2,3d28355c,bd47c6fc,bf30d0f7,3f3867ef,1,58029668

13454,209,128,-4,-301,-16350,529,-389,4507,-1787,3d282ce7,bd4801d4,bf30d17e,3f386738,3d282cda,bd4801c7,bf30d17f,3f386736,1,58038186

13455,207,138,3,-291,-16352,536,-385,4471,-1780,3d2822af,bd482999,bf30d204,3f386695,3d2822a2,bd48298c,bf30d205,3f386693,1,58046705

13456,195,136,8,-300,-16379,539,-407,4493,-1758,3d281b52,bd484a38,bf30d227,3f386656,3d281b46,bd484a2c,bf30d229,3f386655,1,58054723

13457,198,132,9,-302,-16382,543,-403,4515,-1747,3d28160d,bd486b2c,bf30d2a9,3f3865bb,3d281601,bd486b20,bf30d2ab,3f3865ba,1,58063241

13458,182,133,14,-318,-16360,506,-403,4515,-1747,3d2813af,bd4887b3,bf30d27d,3f3865c9,3d2813a3,bd4887a6,bf30d27e,3f3865c7,1,58071760

13459,175,125,27,-308,-16346,557,-355,4489,-1780,3d282c88,bd48a445,bf30d10d,3f3866f3,3d282c7d,bd48a43a,bf30d10f,3f3866f3,1,58080279

13460,170,137,39,-265,-16372,555,-367,4507,-1823,3d2852ef,bd48aec4,bf30ceac,3f38690f,3d2852e3,bd48aeb7,bf30ceac,3f38690d,1,58088797

13461,180,141,36,-259,-16359,548,-367,4507,-1823,3d28728e,bd48b7fc,bf30ccf7,3f386a89,3d287282,bd48b7f1,bf30ccf9,3f386a89,1,58097316

13462,186,143,26,-290,-16351,531,-387,4557,-1738,3d287328,bd48b949,bf30cd39,3f386a48,3d28731a,bd48b93c,bf30cd39,3f386a47,1,58105834

13463,185,141,24,-301,-16359,541,-403,4497,-1753,3d28762a,bd48c416,bf30ccf7,3f386a7a,3d28761c,bd48c409,bf30ccf7,3f386a79,1,58114353

13464,192,136,31,-291,-16378,564,-403,4497,-1753,3d288584,bd48cc32,bf30ccf9,3f386a60,3d288577,bd48cc26,bf30ccfa,3f386a60,1,58122872

13465,182,141,36,-292,-16358,545,-387,4517,-1760,3d28960e,bd48cb58,bf30cc7f,3f386ac8,3d2895ff,bd48cb4b,bf30cc7e,3f386ac7,1,58131390

13466,182,144,36,-302,-16360,531,-415,4525,-1830,3d28af00,bd48da7c,bf30cac7,3f386c46,3d28aef1,bd48da6f,bf30cac6,3f386c46,1,58139909

13467,186,141,43,-301,-16373,537,-415,4525,-1830,3d28d161,bd48e609,bf30c94a,3f386d87,3d28d152,bd48e5fc,bf30c949,3f386d87,1,58147927

13468,186,147,43,-317,-16385,527,-409,4451,-1735,3d28dc89,bd48d806,bf30c995,3f386d44,3d28dc7b,bd48d7fa,bf30c995,3f386d44,1,58156445

13469,180,146,55,-339,-16371,546,-405,4517,-1754,3d28f474,bd48c5a6,bf30c923,3f386db0,3d28f465,bd48c599,bf30c922,3f386daf,1,58164964

13470,175,155,78,-315,-16377,535,-383,4533,-1814,3d2926f4,bd489f26,bf30c79c,3f386f21,3d2926e6,bd489f1a,bf30c79d,3f386f22,1,58173483

13471,173,155,99,-303,-16360,549,-383,4533,-1814,3d296f33,bd4863bc,bf30c5f4,3f3870b7,3d296f24,bd4863af,bf30c5f3,3f3870b6,1,58182001

13472,182,162,103,-278,-16371,559,-381,4519,-1768,3d29af21,bd4810cb,bf30c5a7,3f38711f,3d29af13,bd4810bf,bf30c5a8,3f38711f,1,58190520

13473,189,163,101,-259,-16382,544,-355,4515,-1801,3d29f2d3,bd47c40a,bf30c564,3f387175,3d29f2c6,bd47c3fe,bf30c565,3f387175,1,58199038

13474,181,160,89,-283,-16344,557,-355,4515,-1801,3d2a2b01,bd47884e,bf30c475,3f387267,3d2a2af3,bd478841,bf30c476,3f387266,1,58207557

13475,176,171,82,-185,-16442,505,-391,4543,-1805,3d2a5e98,bd473def,bf30c392,3f387361,3d2a5e89,bd473de3,bf30c392,3f38735f,1,58216076

13476,155,149,67,-502,-16145,629,-377,4511,-1751,3d2a6a1b,bd47315e,bf30c106,3f3875d5,3d2a6a0c,bd473152,bf30c106,3f3875d3,1,58224594

13477,159,168,79,-236,-16380,607,-377,4511,-1751,3d2a8f93,bd46e5c2,bf30bf3e,3f3877b8,3d2a8f84,bd46e5b6,bf30bf3e,3f3877b6,1,58233113

13478,187,173,88,-229,-16353,572,-399,4531,-1813,3d2ac2a8,bd469ce9,bf30be52,3f3878ba,3d2ac29a,bd469cdd,bf30be52,3f3878b8,1,58241631

13479,190,173,75,-225,-16369,524,-387,4495,-1784,3d2ae3d8,bd4659a2,bf30be74,3f3878c3,3d2ae3ca,bd465997,bf30be74,3f3878c2,1,58250150

13480,177,164,62,-211,-16365,557,-387,4495,-1784,3d2b0358,bd4628d3,bf30bd76,3f3879cd,3d2b034b,bd4628c8,bf30bd76,3f3879cd,1,58258168

13481,175,156,45,-232,-16353,572,-369,4487,-1736,3d2b0e76,bd4606ee,bf30bd04,3f387a55,3d2b0e69,bd4606e3,bf30bd04,3f387a55,1,58266686

13482,181,147,36,-251,-16357,568,-397,4503,-1765,3d2b1bfc,bd46000c,bf30bc52,3f387afb,3d2b1bef,bd460001,bf30bc52,3f387afb,1,58275205

13483,183,138,32,-258,-16285,668,-403,4463,-1788,3d2b3283,bd460c9b,bf30ba64,3f387cb1,3d2b3276,bd460c90,bf30ba64,3f387cb1,1,58283724

13484,224,148,11,-299,-16367,526,-403,4463,-1788,3d2b22b7,bd462aa3,bf30bc0e,3f387b07,3d2b22aa,bd462a97,bf30bc0e,3f387b06,1,58292242

13485,253,146,-8,-98,-16133,810,-357,4457,-1722,3d2b0dc2,bd463288,bf30be7b,3f3878bf,3d2b0db5,bd46327c,bf30be7b,3f3878be,1,58300761

13486,347,158,-83,-385,-16408,397,-401,4463,-1817,3d2a8bdf,bd46b68d,bf30c7aa,3f386fdd,3d2a8bd3,bd46b682,bf30c7aa,3f386fdc,1,58309279

13487,353,157,-76,-249,-16422,488,-401,4463,-1817,3d2a22f8,bd47241b,bf30d089,3f386746,3d2a22ec,bd472411,bf30d08a,3f386745,1,58317798

13488,283,149,-46,-300,-16284,601,-377,4523,-1748,3d29d0d4,bd476d7f,bf30d59f,3f386263,3d29d0c8,bd476d75,bf30d5a0,3f386262,1,58326317

13489,302,160,-56,-301,-16393,484,-375,4485,-1780,3d296f68,bd47be58,bf30dc27,3f385c21,3d296f5c,bd47be4e,bf30dc27,3f385c1f,1,58334835

13490,282,156,-55,-297,-16358,522,-375,4485,-1780,3d29153d,bd48102f,bf30e11e,3f385757,3d291532,bd481026,bf30e11f,3f385756,1,58343354

13491,260,160,-49,-316,-16388,508,-379,4477,-1798,3d28c036,bd485de7,bf30e484,3f38540d,3d28c02b,bd485dde,bf30e485,3f38540b,1,58351872

13492,258,169,-23,-328,-16388,455,-397,4515,-1844,3d28824e,bd489760,bf30e777,3f385133,3d288243,bd489757,bf30e778,3f385131,1,58360391

13493,218,170,10,-316,-16387,470,-397,4515,-1844,3d286804,bd48ad3f,bf30e7ff,3f3850b1,3d2867f9,bd48ad36,bf30e800,3f3850af,1,58368409

13494,182,165,32,-303,-16366,526,-359,4495,-1788,3d286215,bd48a0d8,bf30e718,3f3851a1,3d28620b,bd48a0d0,bf30e719,3f3851a0,1,58376927

13495,170,166,42,-288,-16388,496,-405,4495,-1814,3d286cbb,bd488fa7,bf30e527,3f385387,3d286cb1,bd488fa0,bf30e529,3f385387,1,58385446

13496,167,163,55,-272,-16368,534,-421,4521,-1818,3d2889a8,bd48742f,bf30e2ad,3f3855eb,3d28899d,bd487427,bf30e2af,3f3855ea,1,58393965

13497,160,139,62,-250,-16357,538,-421,4521,-1818,3d28c6a7,bd486659,bf30dfb8,3f385899,3d28c69c,bd486650,bf30dfb9,3f385897,1,58402483

13498,161,136,47,-264,-16383,531,-427,4429,-1805,3d28f54a,bd4869fb,bf30dcf8,3f385b0e,3d28f540,bd4869f3,bf30dcf9,3f385b0d,1,58411002

13499,157,137,42,-269,-16355,561,-435,4493,-1736,3d29109c,bd48607f,bf30db0a,3f385cd8,3d291092,bd486077,bf30db0b,3f385cd7,1,58419520

13500,173,138,37,-286,-16355,552,-435,4493,-1736,3d2922e5,bd485dc8,bf30da24,3f385da7,3d2922db,bd485dc1,bf30da26,3f385da7,1,58428039

13501,177,137,34,-255,-16386,539,-369,4497,-1788,3d293e49,bd4864f4,bf30d8da,3f385ec3,3d293e3e,bd4864eb,bf30d8db,3f385ec1,1,58436557

13502,177,134,28,-260,-16335,542,-373,4517,-1746,3d294e4f,bd486ba5,bf30d83f,3f385f42,3d294e44,bd486b9c,bf30d840,3f385f40,1,58445076

13503,195,130,14,-275,-16349,544,-373,4517,-1746,3d295189,bd488603,bf30d8a5,3f385ec1,3d29517d,bd4885f9,bf30d8a5,3f385ebf,1,58453595

13504,195,135,9,-271,-16381,549,-373,4477,-1816,3d2958ea,bd48b076,bf30d7b8,3f385f6f,3d2958de,bd48b06c,bf30d7b9,3f385f6e,1,58462113

13505,195,137,5,-309,-16349,532,-375,4453,-1797,3d2952e8,bd48dd32,bf30d738,3f385fbf,3d2952dc,bd48dd28,bf30d739,3f385fbe,1,58470131

13506,200,137,20,-301,-16364,540,-375,4453,-1797,3d295c40,bd48fb0d,bf30d708,3f385fc4,3d295c33,bd48fb03,bf30d708,3f385fc2,1,58478650

13507,199,144,30,-301,-16362,550,-393,4453,-1767,3d2963ef,bd49021f,bf30d743,3f385f7d,3d2963e2,bd490215,bf30d743,3f385f7b,1,58487169

13508,202,149,20,-270,-16358,544,-393,4517,-1738,3d295abc,bd4902ac,bf30d847,3f385e8b,3d295aaf,bd4902a2,bf30d847,3f385e89,1,58495687

13509,200,134,20,-289,-16349,536,-407,4495,-1823,3d296cd9,bd4928d4,bf30d78f,3f385f01,3d296ccd,bd4928cb,bf30d790,3f385f00,1,58504206

13510,200,131,22,-284,-16387,530,-407,4495,-1823,3d298454,bd494f36,bf30d6e8,3f385f61,3d298448,bd494f2d,bf30d6e9,3f385f60,1,58512724

13511,207,135,28,-284,-16384,509,-391,4547,-1762,3d299186,bd495cb5,bf30d819,3f385e23,3d29917a,bd495cac,bf30d819,3f385e22,1,58521243

13512,196,132,21,-316,-16356,519,-413,4465,-1763,3d29996c,bd4978fc,bf30d851,3f385dc6,3d299960,bd4978f2,bf30d851,3f385dc5,1,58529762

13513,191,140,34,-312,-16355,500,-413,4465,-1763,3d29a732,bd4980ac,bf30d877,3f385d8d,3d29a726,bd4980a1,bf30d877,3f385d8c,1,58538280

13514,191,152,55,-297,-16381,514,-349,4557,-1737,3d29b923,bd495e73,bf30d957,3f385ccb,3d29b917,bd495e68,bf30d957,3f385cca,1,58546799

13515,178,153,58,-275,-16370,532,-325,4525,-1781,3d29d7f2,bd493e67,bf30d898,3f385d89,3d29d7e6,bd493e5c,bf30d898,3f385d88,1,58555317

13516,181,159,47,-278,-16346,543,-325,4525,-1781,3d29e5d9,bd492373,bf30d7ea,3f385e40,3d29e5ce,bd492368,bf30d7eb,3f385e40,1,58563335

13517,175,163,42,-273,-16381,536,-371,4433,-1751,3d29e8ed,bd490442,bf30d742,3f385f01,3d29e8e1,bd490436,bf30d741,3f385eff,1,58571854

13518,170,153,36,-252,-16363,542,-357,4491,-1742,3d29ef90,bd48ee79,bf30d671,3f385fda,3d29ef85,bd48ee6d,bf30d671,3f385fd9,1,58580373

13519,177,145,31,-279,-16343,556,-357,4491,-1742,3d29f529,bd48e8c3,bf30d5e2,3f386065,3d29f51d,bd48e8b6,bf30d5e1,3f386063,1,58588891

13520,177,151,32,-310,-16378,544,-349,4499,-1751,3d29f3cf,bd48e1bc,bf30d54f,3f3860fb,3d29f3c4,bd48e1af,bf30d54e,3f3860fa,1,58597410

13521,179,153,40,-289,-16380,527,-341,4467,-1778,3d29ff91,bd48d53c,bf30d490,3f3861b4,3d29ff86,bd48d52f,bf30d48f,3f3861b3,1,58605928

13522,176,151,40,-295,-16371,541,-403,4501,-1815,3d2a13ec,bd48d5df,bf30d2b3,3f38636c,3d2a13e1,bd48d5d2,bf30d2b2,3f38636b,1,58614447

13523,176,156,44,-280,-16347,551,-403,4501,-1815,3d2a2949,bd48cc11,bf30d0cd,3f386534,3d2a293f,bd48cc05,bf30d0cd,3f386534,1,58622966

13524,168,154,46,-271,-16368,548,-393,4457,-1715,3d2a328e,bd48a9e7,bf30d040,3f3865d7,3d2a3283,bd48a9da,bf30d040,3f3865d6,1,58631484

13525,175,151,52,-254,-16344,550,-383,4483,-1755,3d2a4c74,bd488bc3,bf30cf7b,3f38669d,3d2a4c69,bd488bb7,bf30cf7c,3f38669d,1,58640003

13526,181,150,46,-264,-16350,548,-383,4483,-1755,3d2a5fba,bd4875db,bf30cf10,3f386709,3d2a5fae,bd4875cf,bf30cf10,3f386709,1,58648521

13527,196,142,31,-266,-16365,559,-419,4475,-1739,3d2a68af,bd48745f,bf30cf91,3f386687,3d2a68a2,bd487452,bf30cf91,3f386686,1,58657040

13528,201,140,35,-275,-16363,518,-409,4485,-1825,3d2a8483,bd4886af,bf30cf2a,3f3866bc,3d2a8477,bd4886a4,bf30cf2b,3f3866bd,1,58665558

13529,200,135,21,-296,-16378,543,-409,4485,-1825,3d2a9526,bd48ad5e,bf30ce6c,3f38673a,3d2a9519,bd48ad52,bf30ce6c,3f38673a,1,58673576

13530,197,138,23,-305,-16365,539,-419,4451,-1758,3d2a98e8,bd48c0b4,bf30ceb7,3f3866d8,3d2a98dc,bd48c0a9,bf30ceb8,3f3866d9,1,58682095

13531,192,147,29,-302,-16360,516,-449,4473,-1744,3d2a9882,bd48c2a9,bf30cf23,3f386670,3d2a9875,bd48c29d,bf30cf23,3f386670,1,58690614

13532,181,151,33,-289,-16358,552,-449,4473,-1744,3d2a9ac6,bd48baa5,bf30cea5,3f3866ee,3d2a9ab9,bd48ba99,bf30cea4,3f3866ee,1,58699132

13533,176,150,46,-283,-16359,542,-367,4479,-1873,3d2ac0c1,bd48c361,bf30cbdf,3f38696b,3d2ac0b3,bd48c355,bf30cbde,3f38696b,1,58707651

13534,179,144,55,-299,-16384,528,-389,4503,-1762,3d2adf0f,bd48b0a8,bf30cb66,3f3869d7,3d2adf01,bd48b09c,bf30cb65,3f3869d7,1,58716169

13535,173,141,64,-267,-16361,534,-401,4473,-1743,3d2b0a2e,bd4890d7,bf30cad7,3f386a5c,3d2b0a20,bd4890cb,bf30cad6,3f386a5c,1,58724688

13536,161,150,68,-280,-16367,546,-401,4473,-1743,3d2b2ff6,bd48659b,bf30c982,3f386bae,3d2b2fe7,bd48658e,bf30c980,3f386bae,1,58733207

13537,167,151,70,-276,-16362,541,-435,4471,-1761,3d2b5a76,bd483ce0,bf30c82e,3f386cf8,3d2b5a68,bd483cd4,bf30c82d,3f386cf8,1,58741725

13538,170,150,71,-274,-16358,560,-409,4473,-1782,3d2b89fa,bd481845,bf30c698,3f386e7a,3d2b89ec,bd48183a,bf30c697,3f386e7b,1,58750244

13539,170,153,65,-273,-16357,568,-409,4473,-1782,3d2bb0d2,bd47f65d,bf30c4f0,3f387011,3d2bb0c4,bd47f652,bf30c4ef,3f387012,1,58758763

13540,176,162,55,-254,-16357,572,-445,4531,-1696,3d2bb83d,bd47c07f,bf30c523,3f387012,3d2bb82f,bd47c073,bf30c522,3f387013,1,58767281

13541,169,150,46,-261,-16377,544,-385,4461,-1764,3d2bcce8,bd47ad22,bf30c3ec,3f38713e,3d2bccda,bd47ad16,bf30c3eb,3f38713f,1,58775800

13542,173,147,45,-270,-16357,539,-385,4461,-1764,3d2be1e0,bd479f12,bf30c2f9,3f387223,3d2be1d2,bd479f06,bf30c2f8,3f387224,1,58783818

13543,169,153,53,-269,-16374,539,-373,4443,-1832,3d2c0599,bd4793d5,bf30c0a4,3f38744a,3d2c058b,bd4793c9,bf30c0a3,3f38744b,1,58792336

13544,166,160,56,-263,-16384,528,-345,4503,-1715,3d2c1031,bd47617c,bf30c070,3f3874a7,3d2c1022,bd47616f,bf30c06f,3f3874a8,1,58800855

13545,152,161,58,-263,-16343,562,-345,4503,-1715,3d2c1cae,bd472b8b,bf30bf25,3f387614,3d2c1c9f,bd472b7e,bf30bf24,3f387615,1,58809373

13546,157,156,56,-247,-16333,578,-379,4509,-1780,3d2c3968,bd4709fd,bf30bcd0,3f38785a,3d2c3958,bd4709ef,bf30bccf,3f38785a,1,58817892

13547,167,152,55,-240,-16365,563,-445,4509,-1685,3d2c4982,bd46da78,bf30bcbc,3f387891,3d2c4972,bd46da6a,bf30bcbb,3f387891,1,58826411

13548,166,150,52,-249,-16377,541,-387,4521,-1828,3d2c6edf,bd46cf1d,bf30ba58,3f387ac4,3d2c6ed0,bd46cf10,bf30ba57,3f387ac5,1,58834929

13549,154,153,46,-276,-16356,560,-387,4521,-1828,3d2c8917,bd46c93b,bf30b70e,3f387dd9,3d2c8908,bd46c92e,bf30b70e,3f387dda,1,58843448

13550,152,156,44,-254,-16359,551,-369,4509,-1756,3d2c946a,bd46ae12,bf30b518,3f387fcd,3d2c945a,bd46ae04,bf30b516,3f387fcc,1,58851966

13551,153,163,38,-240,-16380,567,-329,4503,-1715,3d2c8d07,bd468620,bf30b3e1,3f388129,3d2c8cf8,bd468613,bf30b3e0,3f388129,1,58860485

13552,159,168,24,-244,-16322,601,-329,4503,-1715,3d2c729a,bd466715,bf30b2ba,3f38827e,3d2c728a,bd466707,bf30b2b8,3f38827d,1,58869003

13553,172,164,13,-228,-16355,577,-405,4511,-1770,3d2c5d61,bd46632b,bf30b160,3f3883e1,3d2c5d52,bd46631f,bf30b15f,3f3883e1,1,58877522

13554,181,154,-7,-58,-16447,516,-333,4463,-1716,3d2c45ab,bd465af9,bf30b212,3f388354,3d2c459c,bd465aed,bf30b211,3f388354,1,58885540

13555,174,105,-35,-383,-16263,574,-333,4463,-1716,3d2c1c19,bd46c211,bf30b16d,3f3883ab,3d2c1c0b,bd46c206,bf30b16d,3f3883ab,1,58894058

13556,172,124,-14,-273,-16358,602,-415,4511,-1819,3d2c15e1,bd470f25,bf30aeaa,3f388604,3d2c15d3,bd470f1a,bf30aeaa,3f388604,1,58902577

13557,177,125,-24,-245,-16386,561,-451,4537,-1741,3d2bfab5,bd474f8c,bf30ade8,3f388690,3d2bfaa7,bd474f81,bf30ade8,3f388690,1,58911096

13558,171,123,-27,-263,-16371,571,-451,4537,-1741,3d2bdcfd,bd479641,bf30acaf,3f38878a,3d2bdcee,bd479636,bf30acae,3f38878a,1,58919614

13559,159,128,-29,-267,-16325,606,-395,4519,-1798,3d2bc279,bd47e4e6,bf30a990,3f388a4c,3d2bc26b,bd47e4dc,bf30a98f,3f388a4d,1,58928133

13560,165,138,-35,-246,-16346,622,-395,4525,-1778,3d2b97c6,bd4827c9,bf30a719,3f388c87,3d2b97b8,bd4827bf,bf30a718,3f388c88,1,58936651

13561,174,130,-39,-263,-16360,597,-419,4473,-1817,3d2b7652,bd4883a0,bf30a47f,3f388ec0,3d2b7643,bd488395,bf30a47d,3f388ec1,1,58945170

13562,187,121,-46,-202,-16376,579,-419,4473,-1817,3d2b5d21,bd48e736,bf30a2d3,3f389004,3d2b5d12,bd48e72b,bf30a2d1,3f389005,1,58953688

13563,186,110,-59,-368,-16357,549,-437,4513,-1757,3d2b22c9,bd4967af,bf30a241,3f38903a,3d2b22ba,bd4967a4,bf30a23f,3f38903b,1,58962207

13564,168,123,-41,-289,-16373,599,-397,4497,-1826,3d2b04e2,bd49ce90,bf309f33,3f3892d1,3d2b04d4,bd49ce86,bf309f32,3f3892d3,1,58970726

13565,159,117,-29,-270,-16390,578,-397,4497,-1826,3d2afb33,bd4a2cb7,bf309bd8,3f3895a9,3d2afb25,bd4a2cac,bf309bd6,3f3895ab,1,58978743

13566,155,111,-31,-306,-16369,552,-439,4469,-1774,3d2ae91d,bd4a8be8,bf30993a,3f3897d4,3d2ae90e,bd4a8bdd,bf309937,3f3897d5,1,58987763

13567,143,121,-34,-326,-16368,589,-447,4489,-1809,3d2acfb1,bd4aee04,bf3094f3,3f389b96,3d2acfa2,bd4aedf9,bf3094f1,3f389b97,1,58995781

13568,135,120,-25,-341,-16375,585,-447,4489,-1809,3d2abed8,bd4b49af,bf309049,3f389fb7,3d2abec9,bd4b49a4,bf309047,3f389fb8,1,59004299

13569,137,129,-7,-296,-16365,561,-425,4501,-1762,3d2ab392,bd4b79d1,bf308d0d,3f38a2a5,3d2ab383,bd4b79c6,bf308d0b,3f38a2a6,1,59012818

13570,128,144,2,-305,-16387,578,-387,4497,-1718,3d2a9a7d,bd4b8885,bf308a1c,3f38a57b,3d2a9a6e,bd4b887a,bf308a1a,3f38a57c,1,59021336

13571,118,157,-1,-337,-16314,633,-387,4497,-1718,3d2a6f92,bd4b905c,bf30862c,3f38a95f,3d2a6f84,bd4b9052,bf30862a,3f38a960,1,59029855

13572,127,154,2,-293,-16384,608,-373,4501,-1696,3d2a4abf,bd4b8e58,bf308371,3f38ac1e,3d2a4ab1,bd4b8e4e,bf30836f,3f38ac1f,1,59038374

13573,122,144,-1,-291,-16341,607,-395,4485,-1702,3d2a2e7b,bd4b9a34,bf308038,3f38af40,3d2a2e6d,bd4b9a2a,bf308036,3f38af41,1,59046892

13574,115,142,5,-275,-16294,698,-385,4483,-1813,3d2a30b9,bd4bb839,bf3079ea,3f38b523,3d2a30ac,bd4bb830,bf3079e8,3f38b525,1,59055411

13575,152,128,5,-293,-16303,690,-385,4483,-1813,3d2a3b24,bd4be7f0,bf3075ea,3f38b8b7,3d2a3b17,bd4be7e7,bf3075e7,3f38b8b9,1,59063929

13576,183,110,9,-305,-16363,620,-427,4541,-1823,3d2a579e,bd4c2b78,bf307417,3f38ba10,3d2a5792,bd4c2b70,bf307415,3f38ba12,1,59072448

13577,195,93,19,-283,-16390,599,-391,4515,-1783,3d2a880a,bd4c699d,bf307403,3f38b9b2,3d2a87fe,bd4c6995,bf307401,3f38b9b4,1,59080967

13578,185,77,20,-300,-16361,651,-391,4515,-1783,3d2ac740,bd4cb7a1,bf3072d9,3f38ba3d,3d2ac734,bd4cb798,bf3072d6,3f38ba3f,1,59088984

13579,183,68,32,-312,-16312,651,-379,4489,-1769,3d2b16a7,bd4d0159,bf3071d6,3f38ba9a,3d2b169b,bd4d014f,bf3071d3,3f38ba9c,1,59097503

13580,196,72,40,-291,-16387,603,-403,4485,-1805,3d2b726a,bd4d4729,bf30715b,3f38ba6d,3d2b725f,bd4d4720,bf307159,3f38ba6f,1,59106021

13581,191,65,37,-253,-16369,641,-403,4485,-1805,3d2bd6df,bd4d9150,bf307041,3f38bacb,3d2bd6d4,bd4d9147,bf30703f,3f38bacd,1,59114540

13582,192,61,19,-241,-16364,646,-415,4469,-1768,3d2c2896,bd4de681,bf306fbb,3f38ba9f,3d2c288a,bd4de677,bf306fb8,3f38baa1,1,59123059

13583,200,51,2,-298,-16338,644,-419,4523,-1810,3d2c7253,bd4e65e6,bf306ed4,3f38baa9,3d2c7247,bd4e65dc,bf306ed1,3f38baab,1,59131578

13584,227,37,-2,-271,-16390,604,-419,4523,-1810,3d2cc667,bd4ef46e,bf306fdd,3f38b8bd,3d2cc65b,bd4ef464,bf306fdb,3f38b8c0,1,59140096

13585,229,26,-23,-316,-16351,618,-361,4513,-1773,3d2d0359,bd4f9c37,bf307193,3f38b627,3d2d034b,bd4f9c2a,bf30718f,3f38b628,1,59148615

13586,235,29,-36,-406,-16387,560,-431,4545,-1744,3d2d21e0,bd5053e0,bf30745c,3f38b291,3d2d21d4,bd5053d5,bf30745a,3f38b294,1,59157133

13587,228,63,-33,-431,-16325,580,-421,4523,-1800,3d2d2b0b,bd50f6ff,bf3075a7,3f38b095,3d2d2afe,bd50f6f3,bf3075a4,3f38b097,1,59165652

13588,210,105,-14,-458,-16311,578,-421,4523,-1800,3d2d1e00,bd5161b5,bf307613,3f38afc1,3d2d1df3,bd5161a9,bf307610,3f38afc3,1,59174171

13589,202,133,19,-473,-16404,605,-439,4539,-1761,3d2d1011,bd518a9b,bf3076bc,3f38aefe,3d2d1004,bd518a8f,bf3076b9,3f38af00,1,59182689

13590,192,169,62,-417,-16355,615,-453,4557,-1791,3d2d16d8,bd516878,bf307675,3f38af62,3d2d16cc,bd51686d,bf307672,3f38af65,1,59191208

13591,190,202,101,-336,-16370,614,-453,4557,-1791,3d2d2edb,bd50f7cb,bf307668,3f38afd8,3d2d2ecf,bd50f7c0,bf307665,3f38afdb,1,59199226

13592,188,223,108,-237,-16350,654,-495,4523,-1754,3d2d4155,bd505920,bf30769a,3f38b04a,3d2d4149,bd505915,bf307697,3f38b04d,1,59207744

13593,204,228,84,-198,-16280,722,-467,4521,-1828,3d2d48c3,bd4fd896,bf3075ba,3f38b1a9,3d2d48b8,bd4fd88c,bf3075b8,3f38b1ad,1,59216263

13594,241,200,52,-220,-16324,666,-467,4521,-1828,3d2d44c5,bd4f9692,bf30775b,3f38b069,3d2d44b8,bd4f9686,bf307758,3f38b06b,1,59224782

13595,276,181,25,-182,-16364,584,-463,4541,-1840,3d2d3b30,bd4f8005,bf307b71,3f38aca4,3d2d3b23,bd4f7ff9,bf307b6e,3f38aca6,1,59233300

13596,278,155,-17,-227,-16328,589,-471,4587,-1793,3d2d127a,bd4fa3f2,bf308030,3f38a818,3d2d126d,bd4fa3e6,bf30802e,3f38a81b,1,59241819

13597,264,139,-44,-336,-16453,498,-471,4587,-1793,3d2cd1c7,bd4ffd96,bf308494,3f38a3be,3d2cd1ba,bd4ffd8a,bf308492,3f38a3c1,1,59250337

13598,226,121,-51,-306,-16424,499,-433,4545,-1828,3d2ca777,bd50709b,bf3085f8,3f38a20f,3d2ca76a,bd50708e,bf3085f5,3f38a212,1,59258856

13599,173,111,-38,-345,-16347,582,-397,4545,-1800,3d2c8d76,bd50daac,bf308415,3f38a37e,3d2c8d69,bd50da9f,bf308412,3f38a381,1,59267375

13600,148,114,-1,-377,-16415,577,-485,4527,-1766,3d2c8ef7,bd511cfa,bf308140,3f38a5e6,3d2c8eea,bd511ced,bf30813d,3f38a5e9,1,59275893

13601,145,113,33,-313,-16378,568,-485,4527,-1766,3d2cba46,bd513856,bf307e80,3f38a840,3d2cba39,bd513849,bf307e7d,3f38a843,1,59284412

13602,113,108,61,-231,-16415,551,-425,4467,-1784,3d2d13e4,bd513598,bf3079e7,3f38ac54,3d2d13d6,bd51358b,bf3079e3,3f38ac57,1,59292931

13603,106,111,37,-294,-16395,525,-473,4531,-1769,3d2d4959,bd514b0b,bf307530,3f38b08b,3d2d494b,bd514afe,bf30752c,3f38b08e,1,59301449

13604,63,136,15,-435,-16372,559,-473,4531,-1769,3d2d4456,bd516bab,bf306d8b,3f38b7b8,3d2d4448,bd516b9e,bf306d87,3f38b7bb,1,59309467

13605,22,160,37,-267,-16294,665,-483,4559,-1798,3d2d5b1b,bd514f00,bf30624f,3f38c27e,3d2d5b0c,bd514ef2,bf30624b,3f38c280,1,59317986

13606,29,148,44,-213,-16354,603,-471,4515,-1738,3d2d7ec2,bd51240a,bf30593e,3f38cb33,3d2d7eb3,bd5123fc,bf30593a,3f38cb35,1,59326504

13607,34,141,-2,-164,-16398,566,-471,4515,-1738,3d2d810a,bd512506,bf3050a5,3f38d365,3d2d80fb,bd5124f8,bf3050a1,3f38d367,1,59335023

13608,11,178,-91,-205,-16259,756,-447,4531,-1744,3d2d091d,bd5156e1,bf3044df,3f38ded6,3d2d090f,bd5156d4,bf3044dc,3f38ded9,1,59343542

13609,39,194,-164,-295,-16143,964,-447,4499,-1783,3d2c37eb,bd51d18f,bf3037eb,3f38eb68,3d2c37dd,bd51d182,bf3037e8,3f38eb6b,1,59352060

13610,194,154,-164,-327,-16161,911,-447,4499,-1783,3d2b7d31,bd527f26,bf3034cc,3f38ee49,3d2b7d23,bd527f19,bf3034c9,3f38ee4c,1,59360579

13611,328,94,-141,-335,-16358,646,-461,4585,-1746,3d2afe0c,bd53512b,bf303cc4,3f38e638,3d2afdfd,bd53511e,bf303cc0,3f38e63a,1,59369097

13612,356,94,-121,-302,-16298,702,-463,4597,-1739,3d2a9457,bd540b6d,bf304627,3f38dcd1,3d2a9448,bd540b61,bf304625,3f38dcd4,1,59377616

13613,364,90,-123,-231,-16351,690,-503,4547,-1752,3d2a3930,bd54c6aa,bf304fb0,3f38d336,3d2a3921,bd54c69f,bf304fae,3f38d339,1,59386135

13614,394,59,-130,-299,-16386,633,-503,4547,-1752,3d29e9fe,bd55b0a0,bf305b41,3f38c767,3d29e9ee,bd55b094,bf305b3e,3f38c769,1,59394653

13615,407,20,-130,-427,-16411,527,-501,4555,-1814,3d29b8f1,bd56df65,bf306701,3f38bafe,3d29b8e1,bd56df59,bf3066fe,3f38bb00,1,59403172

13616,381,24,-132,-475,-16498,404,-481,4633,-1741,3d297215,bd57fdb1,bf307379,3f38ae09,3d297205,bd57fda6,bf307376,3f38ae0c,1,59411189

13617,290,76,-148,-449,-16389,530,-481,4633,-1741,3d28f62a,bd58ef2f,bf307983,3f38a79a,3d28f619,bd58ef22,bf30797f,3f38a79d,1,59419708

13618,223,102,-117,-515,-16415,550,-453,4629,-1849,3d288ebd,bd59c65a,bf307990,3f38a6ed,3d288eae,bd59c64e,bf30798e,3f38a6f1,1,59428227

13619,196,106,-72,-536,-16568,302,-489,4573,-1790,3d284739,bd5a639e,bf307b09,3f38a50e,3d284729,bd5a6391,bf307b05,3f38a511,1,59436745

13620,103,143,-26,-614,-16464,345,-489,4573,-1790,3d2807fb,bd5ab672,bf3076d0,3f38a8ed,3d2807eb,bd5ab665,bf3076cc,3f38a8f0,1,59445264

13621,-29,195,65,-586,-16412,483,-481,4599,-1810,3d280096,bd5a7bb1,bf3069db,3f38b59a,3d280086,bd5a7ba5,bf3069d8,3f38b59e,1,59453782

13622,-91,247,145,-467,-16385,592,-459,4607,-1727,3d281be1,bd599e1a,bf305a8f,3f38c524,3d281bcf,bd599e0c,bf305a8a,3f38c526,1,59462301

13623,-101,291,183,-381,-16396,567,-459,4607,-1727,3d283d43,bd586801,bf304b4f,3f38d4fd,3d283d30,bd5867f4,bf304b4b,3f38d500,1,59470820

13624,-120,305,174,-333,-16388,597,-473,4557,-1810,3d285e25,bd57395b,bf303933,3f38e785,3d285e12,bd57394e,bf30392f,3f38e788,1,59479338

13625,-144,311,127,-234,-16350,740,-485,4563,-1899,3d286ac1,bd5638b5,bf302289,3f38fe3a,3d286ab0,bd5638a9,bf302286,3f38fe3e,1,59487857

13626,-139,322,60,-344,-16232,866,-427,4571,-1756,3d28022e,bd5554eb,bf300e03,3f391329,3d28021c,bd5554de,bf300dff,3f39132d,1,59496376

13627,-59,314,49,-341,-16213,905,-427,4571,-1756,3d2790bb,bd5486de,bf2ffe13,3f3923a5,3d2790a9,bd5486d1,bf2ffe0f,3f3923a9,1,59504393

13628,18,258,77,-273,-16110,969,-505,4581,-1738,3d276ff0,bd53ce5f,bf2ff269,3f392fac,3d276fde,bd53ce51,bf2ff265,3f392faf,1,59512912

13629,115,187,123,-259,-16136,977,-465,4613,-1775,3d27bd93,bd533a8b,bf2fec08,3f39361d,3d27bd81,bd533a7d,bf2fec04,3f393620,1,59521431

13630,226,142,144,-246,-16283,827,-465,4613,-1775,3d284120,bd52c535,bf2fedc7,3f393482,3d28410d,bd52c527,bf2fedc4,3f393485,1,59529949

13631,300,99,137,-346,-16292,740,-455,4639,-1798,3d28d5ef,bd529723,bf2ff41e,3f392e2a,3d28d5dc,bd529714,bf2ff41b,3f392e2c,1,59538468

13632,333,86,136,-325,-16372,646,-415,4567,-1738,3d296b0d,bd5269d4,bf2ffe41,3f392433,3d296afa,bd5269c5,bf2ffe3e,3f392435,1,59546986

13633,331,92,117,-328,-16385,667,-415,4567,-1738,3d29e7b7,bd524901,bf3007fc,3f391aa6,3d29e7a4,bd5248f2,bf3007f9,3f391aa8,1,59555505

13634,316,108,98,-327,-16422,630,-467,4573,-1740,3d2a4535,bd522bdb,bf3010da,3f391201,3d2a4523,bd522bcc,bf3010d8,3f391204,1,59564024

13635,296,129,83,-338,-16403,598,-447,4593,-1743,3d2a803c,bd5208fe,bf3018b2,3f390a7d,3d2a8029,bd5208ed,bf3018af,3f390a7e,1,59572542

13636,269,134,71,-328,-16449,563,-447,4593,-1743,3d2aadc5,bd51ea2e,bf301f15,3f390461,3d2aadb4,bd51ea1f,bf301f13,3f390464,1,59581061

13637,234,153,44,-287,-16442,576,-419,4579,-1742,3d2ab606,bd51ca58,bf30233c,3f39008a,3d2ab5f5,bd51ca49,bf30233a,3f39008d,1,59589579

13638,202,157,3,-318,-16374,650,-455,4553,-1734,3d2a914e,bd51ce00,bf3024b2,3f38ff43,3d2a913c,bd51cdef,bf3024af,3f38ff45,1,59598098

13639,189,168,-23,-309,-16357,640,-489,4557,-1744,3d2a4d8b,bd51e047,bf30251a,3f38ff0a,3d2a4d79,bd51e036,bf302517,3f38ff0c,1,59606616

13640,178,171,-52,-310,-16361,641,-489,4557,-1744,3d29ebba,bd5209c1,bf3024b7,3f38ff93,3d29eba8,bd5209b0,bf3024b4,3f38ff95,1,59614634

13641,186,190,-86,-308,-16360,670,-479,4569,-1692,3d294e4b,bd5234da,bf30257d,3f38ff36,3d294e39,bd5234c9,bf30257a,3f38ff38,1,59623153

13642,183,222,-141,-373,-16301,736,-483,4587,-1762,3d2862d3,bd52897f,bf302415,3f390104,3d2862c1,bd52896e,bf302412,3f390106,1,59631671

13643,215,254,-182,-536,-16189,816,-483,4587,-1762,3d271c2a,bd52fb58,bf3023be,3f3901fd,3d271c19,bd52fb47,bf3023bb,3f390200,1,59640190

13644,272,285,-181,-122,-16351,753,-463,4601,-1766,3d25eaea,bd5319e2,bf3027cf,3f38ff0d,3d25ead9,bd5319d1,bf3027cc,3f38ff10,1,59648709

13645,322,241,-190,-266,-16350,760,-485,4601,-1882,3d24daa7,bd539c8d,bf302c1c,3f38fb52,3d24da96,bd539c7c,bf302c19,3f38fb55,1,59657227

13646,341,224,-215,-396,-16522,538,-485,4601,-1882,3d23aec4,bd545849,bf30334c,3f38f4ae,3d23aeb3,bd545838,bf303349,3f38f4b1,1,59665746

13647,311,228,-215,-304,-16292,703,-509,4565,-1815,3d228564,bd54f23f,bf303860,3f38f02c,3d228552,bd54f22d,bf30385c,3f38f02f,1,59674264

13648,296,215,-200,-376,-16393,613,-501,4593,-1774,3d2167c0,bd558867,bf303e1e,3f38eb00,3d2167ad,bd558856,bf303e1a,3f38eb03,1,59682783

13649,288,186,-202,-483,-16389,603,-501,4593,-1774,3d2057c0,bd5648d5,bf30433b,3f38e62e,3d2057ad,bd5648c3,bf304337,3f38e631,1,59691302

13650,267,176,-154,-508,-16330,681,-497,4593,-1796,3d1f8320,bd56ec89,bf30461f,3f38e367,3d1f830c,bd56ec77,bf30461a,3f38e36a,1,59699820

13651,272,187,-101,-486,-16296,712,-487,4571,-1844,3d1ee3c0,bd575d01,bf304856,3f38e151,3d1ee3ac,bd575cef,bf304851,3f38e154,1,59708339

13652,298,174,-44,-468,-16400,605,-455,4607,-1744,3d1e76b4,bd578a4d,bf304f4f,3f38dad4,3d1e76a0,bd578a3b,bf304f4a,3f38dad7,1,59716357

13653,284,181,-5,-494,-16414,539,-455,4607,-1744,3d1e2739,bd578f3f,bf305610,3f38d4a1,3d1e2726,bd578f2e,bf30560d,3f38d4a5,1,59724875

13654,235,211,26,-484,-16382,543,-465,4553,-1761,3d1de29e,bd575b42,bf30599c,3f38d1b5,3d1de289,bd575b30,bf305998,3f38d1b8,1,59733394

13655,188,257,46,-432,-16388,548,-469,4617,-1782,3d1d932e,bd56e323,bf305a31,3f38d1f7,3d1d931a,bd56e310,bf305a2d,3f38d1fa,1,59741913

13656,146,281,39,-456,-16354,602,-469,4617,-1782,3d1d26fe,bd565b29,bf3057ce,3f38d537,3d1d26e9,bd565b16,bf3057ca,3f38d53a,1,59750431

13657,113,309,46,-494,-16430,580,-455,4549,-1793,3d1ca821,bd55b7ad,bf30537d,3f38da7f,3d1ca80b,bd55b799,bf305379,3f38da81,1,59758950

13658,105,364,53,-800,-16473,453,-503,4631,-1829,3d1bdcd5,bd5507b7,bf304f09,3f38e035,3d1bdcc1,bd5507a5,bf304f06,3f38e038,1,59767468

13659,41,498,104,-646,-16301,613,-503,4631,-1829,3d1addfc,bd539106,bf304617,3f38eb41,3d1adde8,bd5390f4,bf304614,3f38eb44,1,59775987

13660,64,523,205,-509,-16175,871,-481,4531,-1740,3d1a2cf8,bd517f0d,bf303eaa,3f38f543,3d1a2ce4,bd517efb,bf303ea7,3f38f546,1,59784506

13661,143,447,309,-599,-16188,820,-495,4523,-1753,3d1a1828,bd4f6b90,bf303c59,3f38f9e1,3d1a1814,bd4f6b7e,bf303c56,3f38f9e4,1,59793024

13662,231,382,420,-425,-16234,825,-495,4523,-1753,3d1aba43,bd4d1f79,bf303fb5,3f38f8b7,3d1aba2e,bd4d1f66,bf303fb1,3f38f8b9,1,59801543

13663,299,349,489,-440,-16304,714,-451,4567,-1829,3d1bc0ce,bd4acbdf,bf3046f9,3f38f37e,3d1bc0ba,bd4acbcd,bf3046f6,3f38f381,1,59810061

13664,311,313,600,-916,-16510,550,-403,4581,-1789,3d1d11cb,bd4865fa,bf305148,3f38eb2b,3d1d11b6,bd4865e7,bf305144,3f38eb2e,1,59818580

13665,238,319,847,-767,-16516,316,-429,4559,-1827,3d1f6735,bd450c1c,bf305928,3f38e542,3d1f6721,bd450c0a,bf305925,3f38e547,1,59826598

13666,66,330,1184,-440,-16408,531,-429,4559,-1827,3d232784,bd40441f,bf30565d,3f38e9af,3d23276f,bd40440d,bf30565a,3f38e9b4,1,59835117

13667,-39,378,1280,-1073,-16744,-36,-337,4521,-1859,3d26da71,bd3b3b7a,bf30510c,3f38f09e,3d26da5b,bd3b3b67,bf305108,3f38f0a2,1,59843635

13668,-234,733,1279,971,-16707,495,-359,4479,-1854,3d2a2f88,bd33ea8a,bf303e46,3f3906bb,3d2a2f73,bd33ea78,bf303e43,3f3906c0,1,59852154

13669,-395,636,1113,-212,-15736,1187,-359,4479,-1854,3d2cbe6e,bd2e1ff0,bf30196e,3f392cf7,3d2cbe58,bd2e1fdd,bf30196a,3f392cfa,1,59860679

13670,-172,572,833,420,-16241,919,-351,4445,-1850,3d2eb302,bd2952a3,bf30047c,3f39437f,3d2eb2ec,bd295290,bf300478,3f394382,1,59869198

13671,30,613,481,745,-16232,934,-333,4409,-1788,3d2f3457,bd257c6f,bf2ffc1b,3f394e72,3d2f3441,bd257c5c,bf2ffc17,3f394e75,1,59877716

13672,125,490,250,1073,-16234,817,-333,4409,-1788,3d2f613d,bd22d6c4,bf2ff964,3f395333,3d2f6129,bd22d6b3,bf2ff962,3f395338,1,59886235

13673,146,204,97,132,-16122,805,-323,4403,-1717,3d2f81f7,bd223d7d,bf2ff74d,3f395598,3d2f81e2,bd223d6b,bf2ff749,3f39559b,1,59894754

13674,186,84,4,-137,-16326,650,-309,4435,-1911,3d2fb652,bd22c1ce,bf2ff4b7,3f395766,3d2fb63e,bd22c1bd,bf2ff4b4,3f39576a,1,59903272

13675,214,121,-14,-185,-16296,760,-309,4435,-1911,3d2fb0bb,bd233ad0,bf2ff2f7,3f3958ac,3d2fb0a6,bd233abe,bf2ff2f3,3f3958af,1,59911791

13676,248,215,12,20,-16220,788,-305,4391,-1802,3d2f71cb,bd230bcc,bf2ff58a,3f39569e,3d2f71b6,bd230bba,bf2ff586,3f3956a1,1,59920310

13677,297,287,10,-23,-16210,681,-333,4425,-1844,3d2eed84,bd22abb2,bf2ffb5c,3f3951ea,3d2eed6f,bd22aba0,bf2ffb58,3f3951ed,1,59928328

13678,334,301,6,67,-16385,703,-245,4443,-1790,3d2e5513,bd2228e6,bf30048a,3f394a32,3d2e54fe,bd2228d4,bf300486,3f394a35,1,59936846

13679,309,252,-35,-14,-16372,785,-245,4443,-1790,3d2dbb27,bd220412,bf300b27,3f39449b,3d2dbb12,bd220400,bf300b22,3f39449e,1,59945365

13680,342,258,-77,127,-16308,788,-215,4381,-1775,3d2cff2b,bd21edbc,bf3013e3,3f393d12,3d2cff16,bd21edaa,bf3013de,3f393d15,1,59953884

13681,407,220,-146,116,-16326,746,-285,4381,-1811,3d2c27a1,bd224b87,bf301fa9,3f393257,3d2c278c,bd224b75,bf301fa4,3f39325a,1,59962403

13682,445,145,-259,44,-16380,614,-285,4381,-1811,3d2b1cac,bd2365d1,bf302e04,3f3924af,3d2b1c97,bd2365bf,bf302dff,3f3924b2,1,59970921

13683,424,119,-358,8,-16388,554,-251,4383,-1806,3d29c5d5,bd24f4ea,bf303b2b,3f391804,3d29c5c0,bd24f4d8,bf303b26,3f391807,1,59979440

13684,372,118,-419,-120,-16314,634,-259,4411,-1815,3d282cf9,bd26c9fb,bf304407,3f390f63,3d282ce4,bd26c9e9,bf304402,3f390f66,1,59987959

13685,336,77,-401,-176,-16223,733,-259,4411,-1815,3d26ca0e,bd28b90b,bf3049b7,3f390979,3d26c9fb,bd28b8fa,bf3049b3,3f39097d,1,59996477

13686,337,23,-329,-190,-16385,662,-229,4413,-1770,3d25d67e,bd2a8d72,bf3050eb,3f3901c9,3d25d66b,bd2a8d61,bf3050e7,3f3901cd,1,60004996

13687,343,22,-290,-264,-16381,548,-271,4409,-1750,3d24ffa1,bd2c42e9,bf305996,3f38f8b2,3d24ff8d,bd2c42d6,bf305991,3f38f8b5,1,60013515

13688,317,47,-231,-344,-16351,518,-271,4409,-1750,3d24450b,bd2dafc5,bf306114,3f38f0dd,3d2444f8,bd2dafb3,bf306110,3f38f0e2,1,60021533

13689,272,77,-145,-325,-16423,451,-355,4379,-1845,3d23da5f,bd2ec498,bf3064e7,3f38ec91,3d23da4c,bd2ec486,bf3064e3,3f38ec96,1,60030051

13690,203,107,-71,-323,-16421,536,-319,4465,-1738,3d238cc7,bd2f5646,bf30663b,3f38eb08,3d238cb3,bd2f5633,bf306636,3f38eb0c,1,60038570

13691,155,117,-3,-265,-16353,613,-319,4465,-1738,3d2381f8,bd2f9537,bf30645e,3f38ec9d,3d2381e4,bd2f9524,bf306459,3f38eca1,1,60047095

13692,140,135,42,-179,-16336,654,-311,4431,-1767,3d23a2d7,bd2f942e,bf30610d,3f38efab,3d23a2c3,bd2f941a,bf306108,3f38efaf,1,60055614

13693,140,133,55,-159,-16301,686,-281,4499,-1766,3d23d2cc,bd2f846e,bf305db3,3f38f2c0,3d23d2b8,bd2f845a,bf305dae,3f38f2c4,1,60064133

13694,160,127,46,-99,-16301,742,-341,4435,-1812,3d2410b6,bd2f8a09,bf305a11,3f38f5fb,3d2410a2,bd2f89f6,bf305a0d,3f38f600,1,60072651

13695,171,125,59,122,-16305,809,-341,4435,-1812,3d24781d,bd2f6975,bf3056b9,3f38f8ef,3d247808,bd2f6960,bf3056b3,3f38f8f2,1,60081170

13696,135,128,132,-101,-16171,1074,-331,4423,-1861,3d25170c,bd2f29c3,bf304ded,3f3900ff,3d2516f8,bd2f29b0,bf304de9,3f390104,1,60089689

13697,160,106,69,-9,-16278,786,-343,4393,-1850,3d259130,bd2f2e1a,bf304954,3f3904f1,3d25911b,bd2f2e07,bf30494f,3f3904f6,1,60098208

13698,292,52,-94,-46,-16314,376,-343,4393,-1850,3d258cfa,bd300ad2,bf304f48,3f38fe76,3d258ce5,bd300abf,bf304f43,3f38fe7b,1,60106726

13699,406,32,-248,-236,-16370,392,-385,4447,-1821,3d24e49b,bd319f3e,bf305bbc,3f38f1ac,3d24e486,bd319f2b,bf305bb7,3f38f1b1,1,60115245

13700,462,50,-341,-454,-16405,581,-347,4511,-1872,3d23bd80,bd339ff2,bf3068ee,3f38e42b,3d23bd6b,bd339fde,bf3068e9,3f38e430,1,60123763

13701,408,76,-317,-347,-16424,635,-347,4511,-1872,3d22a87e,bd355ef5,bf307288,3f38da43,3d22a869,bd355ee1,bf307283,3f38da48,1,60131781

13702,327,96,-202,-208,-16387,565,-421,4519,-1790,3d21fa89,bd367628,bf307989,3f38d318,3d21fa73,bd367613,bf307983,3f38d31c,1,60140300

13703,288,100,-110,-241,-16388,516,-385,4497,-1842,3d21aa42,bd374113,bf307dff,3f38ce53,3d21aa2c,bd3740ff,bf307dfa,3f38ce58,1,60148819

13704,244,113,-85,-291,-16388,559,-385,4497,-1842,3d2163fc,bd37eb7a,bf307f86,3f38cc72,3d2163e6,bd37eb66,bf307f81,3f38cc77,1,60157338

13705,201,123,-92,-243,-16390,471,-315,4463,-1793,3d210cae,bd387bfd,bf30802c,3f38cb8f,3d210c98,bd387be8,bf308027,3f38cb94,1,60165856

13706,174,118,-132,-242,-16387,375,-383,4467,-1769,3d2091dc,bd39312b,bf307ff3,3f38cb7c,3d2091c5,bd393116,bf307fed,3f38cb81,1,60174375

13707,143,121,-138,271,-16633,343,-395,4507,-1787,3d204d4c,bd39ade4,bf307e11,3f38cd07,3d204d34,bd39adce,bf307e0b,3f38cd0b,1,60182894

13708,36,143,-188,-461,-16306,649,-395,4507,-1787,3d1f78b1,bd3a94f3,bf3072d6,3f38d790,3d1f7899,bd3a94dd,bf3072d0,3f38d794,1,60191412

13709,-49,178,-98,-351,-16418,616,-443,4561,-1764,3d1eea8c,bd3aeddb,bf3063af,3f38e625,3d1eea74,bd3aedc5,bf3063a9,3f38e629,1,60199931

13710,-97,174,-4,-198,-16188,741,-365,4497,-1843,3d1edffe,bd3aee33,bf304fbb,3f38f936,3d1edfe5,bd3aee1e,bf304fb6,3f38f93a,1,60208450

13711,-28,155,-11,46,-16379,774,-365,4497,-1843,3d1efa93,bd3aea38,bf303ff3,3f39082b,3d1efa7a,bd3aea24,bf303fef,3f390830,1,60216969

13712,96,147,-198,-221,-16209,786,-397,4529,-1827,3d1e3a89,bd3bc0ab,bf3036fb,3f391081,3d1e3a70,bd3bc096,bf3036f7,3f391085,1,60225487

13713,141,155,-265,-396,-16231,691,-431,4541,-1809,3d1d1691,bd3ce1c5,bf30318e,3f39157f,3d1d1677,bd3ce1b0,bf303189,3f391582,1,60234006

13714,160,131,-182,-390,-16174,686,-431,4541,-1809,3d1c5a5e,bd3dcbec,bf302d96,3f3918f5,3d1c5a45,bd3dcbd8,bf302d92,3f3918f9,1,60242024

13715,121,109,-85,-382,-16334,696,-437,4513,-1800,3d1c14e9,bd3e6b4d,bf3027b0,3f391e29,3d1c14d0,bd3e6b39,bf3027ac,3f391e2d,1,60250543

13716,102,122,-15,-359,-16247,888,-413,4549,-1810,3d1c0ddc,bd3eb963,bf301f3e,3f3925e7,3d1c0dc3,bd3eb950,bf301f3b,3f3925ec,1,60259061

13717,166,107,74,-261,-16333,692,-413,4549,-1810,3d1c720e,bd3eb9eb,bf301cd6,3f3927dd,3d1c71f4,bd3eb9d6,bf301cd1,3f3927e1,1,60267580

13718,230,110,121,-171,-16414,591,-417,4541,-1802,3d1d0590,bd3e82e4,bf301f8a,3f392506,3d1d0575,bd3e82ce,bf301f84,3f39250a,1,60276099

13719,236,104,65,-404,-16328,581,-429,4443,-1754,3d1d4501,bd3e9a52,bf3022fd,3f392170,3d1d44e6,bd3e9a3b,bf3022f8,3f392174,1,60284617

13720,195,106,73,-243,-16422,570,-391,4499,-1734,3d1d9a85,bd3e8ca6,bf3024a3,3f391fa4,3d1d9a6a,bd3e8c8e,bf30249e,3f391fa8,1,60293136

13721,140,95,47,-279,-16366,669,-391,4499,-1734,3d1de083,bd3ea2f5,bf302209,3f3921cb,3d1de068,bd3ea2dd,bf302204,3f3921cf,1,60301655

13722,121,80,16,-137,-16250,811,-429,4473,-1759,3d1e2f16,bd3ed7c3,bf301c76,3f39269f,3d1e2efb,bd3ed7ab,bf301c71,3f3926a3,1,60310173

13723,168,61,-43,-206,-16307,722,-481,4525,-1771,3d1e4c17,bd3f64a7,bf3019e1,3f392869,3d1e4bfd,bd3f648f,bf3019dd,3f39286e,1,60318692

13724,202,33,-111,-272,-16397,622,-481,4525,-1771,3d1e3626,bd4055c7,bf3019d4,3f39278f,3d1e360b,bd4055ae,bf3019cf,3f392793,1,60327211

13725,225,25,-149,-298,-16281,743,-411,4483,-1754,3d1dfb9b,bd416fbf,bf301a73,3f392603,3d1dfb80,bd416fa5,bf301a6e,3f392607,1,60335729

13726,271,13,-136,-483,-16284,864,-439,4535,-1784,3d1dc58c,bd42a992,bf301c2a,3f392348,3d1dc571,bd42a978,bf301c25,3f39234c,1,60343747

13727,319,31,-60,-375,-16373,777,-439,4535,-1784,3d1dd3e1,bd437e9b,bf3021fc,3f391cd1,3d1dd3c7,bd437e82,bf3021f8,3f391cd5,1,60352266

13728,352,45,29,-387,-16222,655,-447,4519,-1788,3d1e28b2,bd43f8a4,bf302b00,3f391375,3d1e2898,bd43f88b,bf302afc,3f391379,1,60360785

13729,308,75,66,-310,-16280,640,-423,4529,-1707,3d1e835b,bd441491,bf303338,3f390b35,3d1e8341,bd441478,bf303334,3f390b39,1,60369303

13730,276,111,97,-320,-16484,453,-423,4529,-1707,3d1edb3d,bd43f175,bf303b10,3f390397,3d1edb22,bd43f15b,bf303b0b,3f39039a,1,60377822

13731,234,154,63,-415,-16360,565,-405,4505,-1743,3d1ee82c,bd43d491,bf303ed7,3f390011,3d1ee811,bd43d478,bf303ed3,3f390015,1,60386341

13732,214,182,32,-385,-16407,545,-433,4559,-1781,3d1ec7cd,bd43bd57,bf3040db,3f38fe5a,3d1ec7b2,bd43bd3e,bf3040d6,3f38fe5d,1,60394859

13733,201,194,38,-354,-16364,583,-393,4517,-1836,3d1eb059,bd439ce3,bf3040ea,3f38fe81,3d1eb03e,bd439cca,bf3040e5,3f38fe84,1,60403378

13734,174,190,49,-276,-16404,636,-393,4517,-1836,3d1eb30c,bd436ab8,bf303efd,3f39008a,3d1eb2f1,bd436aa1,bf303ef9,3f39008e,1,60411896

13735,148,181,39,-403,-16348,588,-385,4537,-1802,3d1e9fa4,bd4350ab,bf303c63,3f390331,3d1e9f89,bd435093,bf303c5f,3f390334,1,60420415

13736,133,177,61,-268,-16411,525,-429,4487,-1813,3d1eb982,bd431991,bf30392b,3f390666,3d1eb968,bd43197a,bf303928,3f390669,1,60428934

13737,109,188,65,-412,-16311,588,-429,4487,-1813,3d1ebd6c,bd42e524,bf3033f7,3f390b8e,3d1ebd51,bd42e50c,bf3033f3,3f390b91,1,60436952

13738,103,197,86,-221,-16449,473,-405,4531,-1838,3d1ee6b1,bd42809d,bf302f43,3f39104f,3d1ee697,bd428085,bf302f40,3f391052,1,60445470

13739,51,211,54,-356,-16412,648,-391,4493,-1823,3d1ed61b,bd4236d8,bf302628,3f391955,3d1ed602,bd4236c0,bf302625,3f391958,1,60453989

13740,21,232,45,-355,-16328,810,-391,4493,-1823,3d1eac36,bd41df43,bf3019f1,3f392573,3d1eac1c,bd41df2a,bf3019ee,3f392576,1,60462507

13741,45,260,95,-334,-16415,616,-391,4495,-1758,3d1e8cf8,bd412d85,bf30125d,3f392d7e,3d1e8cde,bd412d6b,bf301259,3f392d80,1,60471026

13742,27,267,90,-584,-16449,665,-407,4455,-1830,3d1e5351,bd40aa75,bf3007d9,3f393836,3d1e5337,bd40aa5b,bf3007d5,3f393838,1,60479545

13743,14,343,129,-336,-16278,687,-407,4455,-1830,3d1e176e,bd3f9a05,bf2ffce8,3f3943ea,3d1e1754,bd3f99eb,bf2ffce4,3f3943ec,1,60488063

13744,24,397,186,-303,-16355,730,-377,4479,-1806,3d1ddeec,bd3e155e,bf2ff34d,3f394eca,3d1dded2,bd3e1544,bf2ff349,3f394ecc,1,60496582

13745,62,384,147,312,-14633,2286,-437,4511,-1737,3d1df527,bd3c380c,bf2fda2e,3f396874,3d1df50e,bd3c37f3,bf2fda2b,3f396878,1,60505101

13746,361,321,108,-62,-16769,305,-381,4495,-1760,3d1daf26,bd3b3415,bf2fe8c2,3f395be2,3d1daf0c,bd3b33fb,bf2fe8be,3f395be6,1,60513619

13747,318,222,146,-321,-16359,646,-381,4495,-1760,3d1dd1a5,bd3a88a7,bf2ff1e1,3f3953c9,3d1dd18a,bd3a888c,bf2ff1dc,3f3953cd,1,60522138

13748,269,208,140,-202,-16468,613,-391,4495,-1903,3d1e258c,bd3a02e6,bf2ff5a1,3f39507a,3d1e2571,bd3a02cb,bf2ff59c,3f39507f,1,60530657

13749,186,198,129,-255,-16260,788,-361,4459,-1819,3d1e6879,bd397e9b,bf2ff44e,3f395205,3d1e685f,bd397e80,bf2ff44a,3f39520b,1,60539175

13750,163,201,142,-208,-16425,655,-361,4459,-1819,3d1ebabf,bd38e4f2,bf2ff2cf,3f3953c5,3d1ebaa4,bd38e4d6,bf2ff2ca,3f3953ca,1,60547193

13751,158,210,147,-170,-16354,765,-359,4469,-1782,3d1f07a0,bd383045,bf2ff0df,3f39560d,3d1f0785,bd383029,bf2ff0da,3f395612,1,60555712

13752,168,199,135,-170,-16300,691,-395,4427,-1797,3d1f5547,bd37986e,bf2fef9e,3f395792,3d1f552b,bd379851,bf2fef98,3f395797,1,60564231

13753,184,161,92,-207,-16357,640,-395,4427,-1797,3d1f95d6,bd375383,bf2fef74,3f3957c7,3d1f95b9,bd375366,bf2fef6d,3f3957cc,1,60572749

13754,184,158,33,-189,-16292,701,-375,4421,-1834,3d1fa8a6,bd374e92,bf2fedf1,3f39592a,3d1fa88a,bd374e75,bf2fedeb,3f395930,1,60581268

13755,196,151,-17,-233,-16275,679,-385,4399,-1820,3d1f88f7,bd378239,bf2fed50,3f3959ac,3d1f88d9,bd37821b,bf2fed49,3f3959b1,1,60589787

13756,216,158,-27,-325,-16355,682,-385,4399,-1820,3d1f4d4b,bd37c467,bf2fedd9,3f39591c,3d1f4d2d,bd37c449,bf2fedd2,3f395921,1,60598305

13757,236,165,-10,-347,-16395,680,-367,4447,-1841,3d1f1ab1,bd37f71f,bf2fef6e,3f395796,3d1f1a92,bd37f700,bf2fef68,3f39579b,1,60606824

13758,219,151,30,-332,-16396,607,-385,4467,-1855,3d1f20cb,bd381351,bf2ff05e,3f39568f,3d1f20ad,bd381333,bf2ff059,3f395695,1,60615343

13759,169,155,113,-354,-16423,580,-415,4475,-1837,3d1f7175,bd37db52,bf2fef0a,3f3957c5,3d1f7158,bd37db33,bf2fef05,3f3957cb,1,60623861

13760,110,154,177,-259,-16269,806,-415,4475,-1837,3d2011ae,bd375ab3,bf2fe87e,3f395df1,3d20118f,bd375a92,bf2fe877,3f395df6,1,60632380

13761,153,160,198,-228,-16241,789,-353,4473,-1875,3d20c6dc,bd36c749,bf2fe45c,3f3961d1,3d20c6be,bd36c729,bf2fe455,3f3961d7,1,60640898

13762,246,143,169,-159,-16258,902,-369,4473,-1798,3d216482,bd3648ba,bf2fe640,3f395ff9,3d216463,bd36489a,bf2fe639,3f395fff,1,60649417

13763,380,113,130,-237,-16204,729,-369,4473,-1798,3d21e404,bd361e1c,bf2ff167,3f39551e,3d21e3e5,bd361dfc,bf2ff161,3f395524,1,60657435

13764,457,82,147,-86,-16245,761,-377,4489,-1780,3d229aec,bd35ef40,bf300146,3f39459a,3d229acd,bd35ef20,bf300140,3f3945a0,1,60665954

13765,472,14,135,-164,-16274,785,-341,4445,-1831,3d23842d,bd362515,bf301090,3f393610,3d23840d,bd3624f4,bf301089,3f393615,1,60674472

13766,533,-44,129,-49,-16425,625,-341,4445,-1831,3d24a535,bd368eff,bf3024a2,3f392191,3d24a517,bd368edf,bf30249c,3f392198,1,60682991

13767,549,-50,42,-79,-16430,549,-409,4497,-1770,3d256730,bd374806,bf303ab2,3f390b2e,3d256711,bd3747e6,bf303aab,3f390b35,1,60691510

13768,486,-59,-72,-59,-16444,414,-363,4467,-1797,3d25cbe3,bd3873d8,bf304ced,3f38f84a,3d25cbc3,bd3873b8,bf304ce7,3f38f851,1,60700028

13769,389,-54,-184,-173,-16406,618,-363,4467,-1797,3d25ba9b,bd3a09cd,bf305728,3f38ed04,3d25ba7b,bd3a09ad,bf305721,3f38ed0a,1,60708547

13770,379,-26,-240,-92,-16272,670,-387,4517,-1782,3d2561e9,bd3ba8d6,bf30606d,3f38e2d8,3d2561ca,bd3ba8b6,bf306067,3f38e2de,1,60717066

13771,397,-21,-289,-348,-16581,416,-439,4543,-1834,3d24be4e,bd3d9dbf,bf306b6e,3f38d6ec,3d24be2e,bd3d9d9e,bf306b66,3f38d6f0,1,60725584

13772,422,-47,-326,-530,-16861,217,-413,4517,-1746,3d23ed92,bd3fccc1,bf307a74,3f38c70c,3d23ed73,bd3fcca0,bf307a6d,3f38c710,1,60734103

13773,275,-15,-390,-397,-15898,636,-413,4517,-1746,3d22d924,bd4201c2,bf307d2c,3f38c319,3d22d907,bd4201a2,bf307d26,3f38c31f,1,60742622

13774,182,56,-439,-447,-16214,633,-407,4525,-1793,3d215def,bd442819,bf307987,3f38c59c,3d215dd2,bd4427f8,bf307981,3f38c5a2,1,60751140

13775,275,27,-280,-458,-16270,466,-391,4525,-1745,3d208a6c,bd45cec9,bf307e46,3f38c008,3d208a4e,bd45cea8,bf307e40,3f38c00e,1,60759158

13776,253,38,-187,-537,-16266,531,-391,4525,-1745,3d2000f6,bd471b43,bf30818c,3f38bbfb,3d2000d6,bd471b21,bf308185,3f38bc00,1,60767677

13777,223,113,-76,-401,-16338,548,-463,4523,-1782,3d1fb864,bd47af58,bf3082ca,3f38ba69,3d1fb845,bd47af38,bf3082c5,3f38ba6f,1,60776196

13778,215,147,-41,-314,-16372,582,-459,4473,-1812,3d1f845f,bd47fddb,bf3082f9,3f38ba14,3d1f843f,bd47fdbb,bf3082f3,3f38ba19,1,60784714

13779,223,163,-51,-345,-16339,607,-459,4473,-1812,3d1f33ff,bd484a27,bf30836b,3f38b99a,3d1f33e0,bd484a08,bf308366,3f38b99f,1,60793233

13780,250,159,-46,-351,-16349,609,-451,4553,-1817,3d1ee951,bd4896ca,bf308582,3f38b789,3d1ee931,bd4896a9,bf30857b,3f38b78d,1,60801752

13781,267,160,-47,-323,-16359,572,-411,4557,-1780,3d1e9803,bd48d637,bf3089bf,3f38b37c,3d1e97e3,bd48d617,bf3089b9,3f38b381,1,60810270

13782,277,169,-71,-341,-16381,500,-411,4557,-1780,3d1e243d,bd4925e6,bf308f0c,3f38ae78,3d1e241c,bd4925c5,bf308f05,3f38ae7c,1,60818789

13783,280,173,-99,-324,-16389,542,-399,4549,-1676,3d1d825c,bd49733e,bf3095de,3f38a828,3d1d823c,bd49731f,bf3095d9,3f38a82e,1,60827308

13784,274,188,-119,-518,-16440,417,-437,4559,-1698,3d1cae66,bd49e0a1,bf309c9e,3f38a1f0,3d1cae46,bd49e082,bf309c99,3f38a1f6,1,60835826

13785,220,263,-92,-489,-16434,370,-441,4551,-1787,3d1bc4e9,bd49f930,bf309f3e,3f38a019,3d1bc4c9,bd49f90f,bf309f38,3f38a01e,1,60844345

13786,142,363,-76,-682,-16420,337,-441,4551,-1787,3d1a7d9d,bd49b4b0,bf309da1,3f38a301,3d1a7d7d,bd49b490,bf309d9b,3f38a306,1,60852363

13787,44,476,-2,-586,-16453,405,-379,4499,-1814,3d192c8a,bd48b1b2,bf3095ef,3f38ac90,3d192c6b,bd48b193,bf3095e9,3f38ac96,1,60860881

13788,-33,532,34,-452,-16401,476,-373,4545,-1696,3d17cb14,bd47281b,bf308b7a,3f38b95d,3d17caf5,bd4727fc,bf308b74,3f38b962,1,60869400

13789,-64,524,50,-440,-16325,605,-373,4545,-1696,3d168406,bd459440,bf307e48,3f38c8b6,3d1683e8,bd459422,bf307e43,3f38c8ba,1,60877919

13790,-64,512,69,-388,-16327,640,-371,4515,-1692,3d156009,bd43f393,bf3070ff,3f38d80d,3d155fea,bd43f375,bf3070fa,3f38d811,1,60886437

13791,-51,518,70,-319,-16304,775,-399,4553,-1753,3d144a4b,bd425122,bf306270,3f38e88b,3d144a2c,bd425104,bf30626b,3f38e88f,1,60894956

13792,11,462,58,-189,-16146,850,-399,4553,-1753,3d136907,bd40e260,bf3056e1,3f38f5c6,3d1368e8,bd40e242,bf3056dc,3f38f5ca,1,60903474

13793,120,347,84,-178,-16117,847,-433,4507,-1806,3d13115f,bd3fdda5,bf30508f,3f38fd21,3d131141,bd3fdd87,bf30508b,3f38fd25,1,60911993

13794,234,265,136,-276,-16322,729,-389,4519,-1806,3d1321b7,bd3f0a3a,bf305262,3f38fc31,3d132198,bd3f0a1b,bf30525e,3f38fc34,1,60920511

13795,302,219,149,-418,-16277,753,-389,4519,-1806,3d135312,bd3e6df7,bf3057ef,3f38f761,3d1352f3,bd3e6dd8,bf3057eb,3f38f764,1,60929030

13796,351,200,193,-426,-16339,584,-353,4517,-1829,3d13becf,bd3dc3df,bf30619f,3f38ee7c,3d13beb0,bd3dc3c0,bf30619b,3f38ee7f,1,60937549

13797,345,215,262,-532,-16396,458,-381,4487,-1791,3d144d30,bd3cd0fb,bf306cab,3f38e47a,3d144d10,bd3cd0db,bf306ca6,3f38e47c,1,60946067

13798,277,257,323,-587,-16514,406,-403,4499,-1770,3d14e9f7,bd3b7c76,bf30748e,3f38ddce,3d14e9d9,bd3b7c59,bf30748b,3f38ddd2,1,60954586

13799,180,313,369,-523,-16592,344,-403,4499,-1770,3d158bb1,bd39bbe4,bf307754,3f38dc6b,3d158b93,bd39bbc7,bf307750,3f38dc6f,1,60962604

13800,51,402,345,-567,-16650,377,-377,4467,-1789,3d15c8cf,bd37bf83,bf3071e1,3f38e369,3d15c8b1,bd37bf65,bf3071dc,3f38e36d,1,60971122

13801,-50,493,278,-354,-16465,449,-359,4447,-1716,3d15806a,bd357c71,bf306719,3f38f02a,3d15804c,bd357c53,bf306714,3f38f02e,1,60979641

13802,-126,573,224,-239,-16501,377,-359,4447,-1716,3d14c90b,bd330e77,bf305851,3f390133,3d14c8ee,bd330e5a,bf30584c,3f390138,1,60988160

13803,-206,652,160,-118,-16379,513,-351,4495,-1853,3d13b476,bd309af8,bf304197,3f391a12,3d13b458,bd309ada,bf304192,3f391a16,1,60996678

13804,-256,685,72,123,-16369,626,-339,4497,-1781,3d123d69,bd2e280e,bf30283c,3f3935af,3d123d4c,bd2e27f1,bf302839,3f3935b4,1,61005197

13805,-244,662,-23,-7,-16276,741,-339,4497,-1781,3d107004,bd2c337e,bf300e53,3f39518f,3d106fe5,bd2c335f,bf300e4f,3f395193,1,61013716

13806,-208,575,-47,44,-16240,803,-311,4493,-1813,3d0ee5f7,bd2aab18,bf2ff565,3f396bd7,3d0ee5d8,bd2aaaf9,bf2ff560,3f396bda,1,61022234

13807,-151,462,-55,36,-16050,955,-389,4501,-1827,3d0dbfbd,bd299f04,bf2fddc0,3f39841b,3d0dbf9f,bd299ee6,bf2fddbc,3f398420,1,61030753

#END

q = [+0.1524 -0.0397 -0.7030 +0.6935]  |q|^2=+1.0000  muestras=23710  err=0

q2= [+0.1524 -0.0397 -0.7030 +0.6935]  dang(orig,opt2)=+0.0000 deg

   roll=-89.5 pitch=-9.2 yaw=+164.3 deg

   raw g=(147,155,-65) a=(2761,-15919,511) m=(-1015,2165,-1530) |m_comp|=1095

q = [+0.1506 -0.0372 -0.7025 +0.6946]  |q|^2=+1.0000  muestras=23737  err=0

q2= [+0.1506 -0.0372 -0.7025 +0.6946]  dang(orig,opt2)=+0.0000 deg

   roll=-89.4 pitch=-9.2 yaw=+164.6 deg

   raw g=(162,141,-2) a=(2754,-16024,505) m=(-919,2225,-1565) |m_comp|=1199

q = [+0.1507 -0.0355 -0.7023 +0.6948]  |q|^2=+1.0000  muestras=23762  err=0

q2= [+0.1507 -0.0355 -0.7023 +0.6948]  dang(orig,opt2)=+0.0000 deg

   roll=-89.4 pitch=-9.3 yaw=+164.8 deg

   raw g=(170,141,20) a=(2691,-15869,628) m=(-835,2245,-1696) |m_comp|=1309

q = [+0.1494 -0.0335 -0.7017 +0.6958]  |q|^2=+1.0000  muestras=23788  err=0

q2= [+0.1494 -0.0335 -0.7017 +0.6958]  dang(orig,opt2)=+0.0000 deg

   roll=-89.2 pitch=-9.4 yaw=+165.0 deg

   raw g=(156,304,7) a=(2775,-16060,522) m=(-865,2325,-1738) |m_comp|=1302

q = [+0.1476 -0.0325 -0.7010 +0.6969]  |q|^2=+1.0000  muestras=23814  err=0

q2= [+0.1476 -0.0325 -0.7010 +0.6969]  dang(orig,opt2)=+0.0000 deg

   roll=-89.1 pitch=-9.3 yaw=+165.2 deg

   raw g=(285,52,-69) a=(2651,-16149,465) m=(-909,2301,-1658) |m_comp|=1236

q = [+0.1508 -0.0316 -0.7015 +0.6958]  |q|^2=+1.0000  muestras=23839  err=0

q2= [+0.1508 -0.0316 -0.7015 +0.6958]  dang(orig,opt2)=+0.0000 deg

   roll=-89.2 pitch=-9.6 yaw=+165.1 deg

   raw g=(229,77,88) a=(2833,-16064,370) m=(-833,2369,-1698) |m_comp|=1330

q = [+0.1508 -0.0306 -0.7012 +0.6961]  |q|^2=+1.0000  muestras=23865  err=0

q2= [+0.1508 -0.0306 -0.7012 +0.6961]  dang(orig,opt2)=+0.0000 deg

   roll=-89.1 pitch=-9.7 yaw=+165.1 deg

   raw g=(183,152,37) a=(2852,-16058,451) m=(-901,2511,-1627) |m_comp|=1286

q = [+0.1495 -0.0288 -0.7010 +0.6967]  |q|^2=+1.0000  muestras=23891  err=0

q2= [+0.1495 -0.0288 -0.7010 +0.6967]  dang(orig,opt2)=+0.0000 deg

   roll=-89.1 pitch=-9.8 yaw=+165.4 deg

   raw g=(70,409,-92) a=(2839,-16026,499) m=(-713,2317,-1661) |m_comp|=1428

q = [+0.1472 -0.0277 -0.7003 +0.6979]  |q|^2=+1.0000  muestras=23916  err=0

q2= [+0.1472 -0.0277 -0.7003 +0.6979]  dang(orig,opt2)=+0.0000 deg

   roll=-89.0 pitch=-9.6 yaw=+165.7 deg

   raw g=(164,261,0) a=(2595,-16027,522) m=(-737,2343,-1815) |m_comp|=1447

q = [+0.1471 -0.0252 -0.7000 +0.6984]  |q|^2=+1.0000  muestras=23942  err=0

q2= [+0.1471 -0.0252 -0.7000 +0.6984]  dang(orig,opt2)=+0.0000 deg

   roll=-88.9 pitch=-9.8 yaw=+165.9 deg

   raw g=(148,184,-30) a=(2846,-15967,600) m=(-701,2297,-1766) |m_comp|=1461

q = [+0.1477 -0.0255 -0.6997 +0.6986]  |q|^2=+1.0000  muestras=23968  err=0

q2= [+0.1477 -0.0255 -0.6997 +0.6986]  dang(orig,opt2)=+0.0000 deg

   roll=-88.9 pitch=-9.9 yaw=+165.8 deg

   raw g=(213,124,-74) a=(2766,-16080,339) m=(-785,2421,-1661) |m_comp|=1378

q = [+0.1478 -0.0259 -0.6990 +0.6991]  |q|^2=+1.0000  muestras=23993  err=0

q2= [+0.1478 -0.0259 -0.6990 +0.6991]  dang(orig,opt2)=+0.0000 deg

   roll=-88.8 pitch=-9.8 yaw=+165.7 deg

   raw g=(240,134,25) a=(2798,-15937,323) m=(-607,2261,-1837) |m_comp|=1567

q = [+0.1489 -0.0262 -0.6986 +0.6993]  |q|^2=+1.0000  muestras=24019  err=0

q2= [+0.1489 -0.0262 -0.6986 +0.6993]  dang(orig,opt2)=+0.0000 deg

   roll=-88.7 pitch=-9.9 yaw=+165.6 deg

   raw g=(211,124,9) a=(2839,-16043,496) m=(-777,2405,-1775) |m_comp|=1410

q = [+0.1493 -0.0267 -0.6983 +0.6996]  |q|^2=+1.0000  muestras=24045  err=0

q2= [+0.1493 -0.0267 -0.6983 +0.6996]  dang(orig,opt2)=+0.0000 deg

   roll=-88.6 pitch=-9.8 yaw=+165.5 deg

   raw g=(202,132,20) a=(2819,-16043,479) m=(-725,2351,-1769) |m_comp|=1447

q = [+0.1490 -0.0268 -0.6979 +0.7000]  |q|^2=+1.0000  muestras=24070  err=0

q2= [+0.1490 -0.0268 -0.6979 +0.7000]  dang(orig,opt2)=+0.0000 deg

   roll=-88.6 pitch=-9.8 yaw=+165.5 deg

   raw g=(269,125,133) a=(2794,-15844,785) m=(-841,2323,-1663) |m_comp|=1306

q = [+0.1497 -0.0281 -0.6978 +0.6999]  |q|^2=+1.0000  muestras=24096  err=0

q2= [+0.1497 -0.0281 -0.6978 +0.6999]  dang(orig,opt2)=+0.0000 deg

   roll=-88.6 pitch=-9.8 yaw=+165.4 deg

   raw g=(139,212,-143) a=(2710,-15807,634) m=(-663,2295,-1719) |m_comp|=1486

q = [+0.1499 -0.0276 -0.6986 +0.6991]  |q|^2=+1.0000  muestras=24122  err=0

q2= [+0.1499 -0.0276 -0.6986 +0.6991]  dang(orig,opt2)=+0.0000 deg

   roll=-88.7 pitch=-9.8 yaw=+165.4 deg

   raw g=(164,127,39) a=(2853,-16098,551) m=(-659,2389,-1783) |m_comp|=1520

q = [+0.1473 -0.0271 -0.6980 +0.7003]  |q|^2=+1.0000  muestras=24147  err=0

q2= [+0.1473 -0.0271 -0.6980 +0.7003]  dang(orig,opt2)=+0.0000 deg

   roll=-88.6 pitch=-9.7 yaw=+165.7 deg

   raw g=(103,101,-23) a=(2708,-16015,635) m=(-857,2483,-1696) |m_comp|=1333

q = [+0.1490 -0.0297 -0.6969 +0.7009]  |q|^2=+1.0000  muestras=24173  err=0

q2= [+0.1490 -0.0297 -0.6969 +0.7009]  dang(orig,opt2)=+0.0000 deg

   roll=-88.4 pitch=-9.6 yaw=+165.3 deg

   raw g=(188,138,-2) a=(2685,-16041,481) m=(-1049,2489,-1907) |m_comp|=1232

q = [+0.1508 -0.0326 -0.6955 +0.7018]  |q|^2=+1.0000  muestras=24199  err=0

q2= [+0.1508 -0.0326 -0.6955 +0.7018]  dang(orig,opt2)=+0.0000 deg

   roll=-88.2 pitch=-9.4 yaw=+164.9 deg

   raw g=(200,142,13) a=(2679,-16043,470) m=(-1161,2531,-1831) |m_comp|=1120

q = [+0.1525 -0.0347 -0.6944 +0.7024]  |q|^2=+1.0000  muestras=24224  err=0

q2= [+0.1525 -0.0347 -0.6944 +0.7024]  dang(orig,opt2)=+0.0000 deg

   roll=-88.1 pitch=-9.4 yaw=+164.6 deg

   raw g=(193,139,21) a=(2684,-16042,489) m=(-1159,2589,-1850) |m_comp|=1152

q = [+0.1544 -0.0370 -0.6929 +0.7034]  |q|^2=+1.0000  muestras=24250  err=0

q2= [+0.1544 -0.0370 -0.6929 +0.7034]  dang(orig,opt2)=+0.0000 deg

   roll=-87.8 pitch=-9.3 yaw=+164.2 deg

   raw g=(192,144,22) a=(2680,-16055,499) m=(-1219,2565,-1818) |m_comp|=1081

q = [+0.1580 -0.0414 -0.6908 +0.7043]  |q|^2=+1.0000  muestras=24276  err=0

q2= [+0.1580 -0.0414 -0.6908 +0.7043]  dang(orig,opt2)=+0.0000 deg

   roll=-87.6 pitch=-9.2 yaw=+163.5 deg

   raw g=(190,146,20) a=(2705,-16045,492) m=(-1293,2507,-1838) |m_comp|=1006

q = [+0.1609 -0.0449 -0.6895 +0.7048]  |q|^2=+1.0000  muestras=24301  err=0

q2= [+0.1609 -0.0449 -0.6895 +0.7048]  dang(orig,opt2)=+0.0000 deg

   roll=-87.4 pitch=-9.1 yaw=+163.0 deg

   raw g=(197,140,20) a=(2688,-16047,492) m=(-1263,2471,-1890) |m_comp|=1041

q = [+0.1642 -0.0488 -0.6879 +0.7053]  |q|^2=+1.0000  muestras=24327  err=0

q2= [+0.1642 -0.0488 -0.6879 +0.7053]  dang(orig,opt2)=+0.0000 deg

   roll=-87.2 pitch=-9.0 yaw=+162.4 deg

   raw g=(187,134,20) a=(2670,-16058,492) m=(-1299,2525,-1843) |m_comp|=1011

q = [+0.1666 -0.0513 -0.6874 +0.7050]  |q|^2=+1.0000  muestras=24353  err=0

q2= [+0.1666 -0.0513 -0.6874 +0.7050]  dang(orig,opt2)=+0.0000 deg

   roll=-87.1 pitch=-9.0 yaw=+162.0 deg

   raw g=(196,146,7) a=(2651,-16313,548) m=(-1179,2157,-1810) |m_comp|=1016

q = [+0.1678 -0.0522 -0.6878 +0.7043]  |q|^2=+1.0000  muestras=24378  err=0

q2= [+0.1678 -0.0522 -0.6878 +0.7043]  dang(orig,opt2)=+0.0000 deg

   roll=-87.2 pitch=-9.1 yaw=+161.8 deg

   raw g=(198,138,18) a=(2679,-16087,481) m=(-811,2415,-1849) |m_comp|=1403

q = [+0.1688 -0.0529 -0.6880 +0.7038]  |q|^2=+1.0000  muestras=24404  err=0

q2= [+0.1688 -0.0529 -0.6880 +0.7038]  dang(orig,opt2)=+0.0000 deg

   roll=-87.2 pitch=-9.1 yaw=+161.7 deg

   raw g=(186,143,15) a=(2684,-16039,498) m=(-895,2469,-1960) |m_comp|=1382

q = [+0.1704 -0.0545 -0.6878 +0.7035]  |q|^2=+1.0000  muestras=24430  err=0

q2= [+0.1704 -0.0545 -0.6878 +0.7035]  dang(orig,opt2)=+0.0000 deg

   roll=-87.2 pitch=-9.1 yaw=+161.4 deg

   raw g=(187,140,23) a=(2699,-16053,505) m=(-967,2495,-1857) |m_comp|=1285

q = [+0.1717 -0.0556 -0.6878 +0.7031]  |q|^2=+1.0000  muestras=24455  err=0

q2= [+0.1717 -0.0556 -0.6878 +0.7031]  dang(orig,opt2)=+0.0000 deg

   roll=-87.2 pitch=-9.1 yaw=+161.2 deg

   raw g=(196,149,25) a=(2684,-16053,487) m=(-1033,2423,-1817) |m_comp|=1192

q = [+0.1736 -0.0573 -0.6876 +0.7027]  |q|^2=+1.0000  muestras=24481  err=0

q2= [+0.1736 -0.0573 -0.6876 +0.7027]  dang(orig,opt2)=+0.0000 deg

   roll=-87.2 pitch=-9.1 yaw=+160.9 deg

   raw g=(190,137,13) a=(2678,-16049,486) m=(-999,2447,-1852) |m_comp|=1242

q = [+0.1753 -0.0590 -0.6874 +0.7023]  |q|^2=+1.0000  muestras=24507  err=0

q2= [+0.1753 -0.0590 -0.6874 +0.7023]  dang(orig,opt2)=+0.0001 deg

   roll=-87.2 pitch=-9.1 yaw=+160.6 deg

   raw g=(194,140,16) a=(2680,-16039,486) m=(-1035,2463,-1772) |m_comp|=1186

q = [+0.1776 -0.0615 -0.6869 +0.7020]  |q|^2=+1.0000  muestras=24532  err=0

q2= [+0.1776 -0.0615 -0.6869 +0.7020]  dang(orig,opt2)=+0.0001 deg

   roll=-87.2 pitch=-9.1 yaw=+160.2 deg

   raw g=(192,144,20) a=(2687,-16053,486) m=(-1067,2437,-1944) |m_comp|=1219

q = [+0.1800 -0.0640 -0.6863 +0.7018]  |q|^2=+1.0000  muestras=24558  err=0

q2= [+0.1800 -0.0640 -0.6863 +0.7018]  dang(orig,opt2)=+0.0000 deg

   roll=-87.1 pitch=-9.0 yaw=+159.8 deg

   raw g=(195,144,16) a=(2679,-16054,482) m=(-1095,2417,-1960) |m_comp|=1197

q = [+0.1821 -0.0662 -0.6859 +0.7014]  |q|^2=+1.0000  muestras=24584  err=0

q2= [+0.1821 -0.0662 -0.6859 +0.7014]  dang(orig,opt2)=+0.0001 deg

   roll=-87.1 pitch=-9.0 yaw=+159.5 deg

   raw g=(191,142,12) a=(2692,-16037,493) m=(-1225,2419,-1875) |m_comp|=1049

q = [+0.1841 -0.0683 -0.6855 +0.7011]  |q|^2=+1.0000  muestras=24609  err=0

q2= [+0.1841 -0.0683 -0.6855 +0.7011]  dang(orig,opt2)=+0.0000 deg

   roll=-87.1 pitch=-9.0 yaw=+159.1 deg

   raw g=(193,146,22) a=(2661,-16043,479) m=(-1129,2465,-1827) |m_comp|=1123

q = [+0.1859 -0.0701 -0.6853 +0.7006]  |q|^2=+1.0000  muestras=24635  err=0

q2= [+0.1859 -0.0701 -0.6853 +0.7006]  dang(orig,opt2)=+0.0000 deg

   roll=-87.0 pitch=-9.0 yaw=+158.8 deg

   raw g=(204,150,17) a=(2682,-16043,502) m=(-1135,2443,-1836) |m_comp|=1115

q = [+0.1873 -0.0714 -0.6854 +0.7000]  |q|^2=+1.0000  muestras=24661  err=0

q2= [+0.1873 -0.0714 -0.6854 +0.7000]  dang(orig,opt2)=+0.0000 deg

   roll=-87.1 pitch=-9.0 yaw=+158.6 deg

   raw g=(195,150,19) a=(2691,-16048,496) m=(-1161,2443,-1868) |m_comp|=1106

