

=== Madgwick en FPGA: comprobacion minima ===

NAV STATUS=0x0000000e  busy=0 cfg_done=1 ag=1 mag=1 err=0 [whoami_ag=0 whoami_mag=0 timeout=0 overrun=0]

WHO_AM_I leido: A/G=0x68 (esperado 0x68)  Mag=0x3d (esperado 0x3D)

Calibrando gyro: NO MUEVAS la placa...

*** AVISO 1/1 ***

  dispersion p5-p95: (69, 143, 40)

  gyro offset = (188, 124, 2) cuentas

*** AVISO 1/2 ***

*** AVISO 2/2 ***

Preparado: tienes 3 s para coger la placa (pitido = empieza)...

Calibrando magnetometro 30 s: gira la placa despacio por TODAS las orientaciones

  (cada eje hacia arriba y hacia abajo, y giros en 8). LEJOS de moviles, auriculares, altavoces, portatil.

*** AVISO 1/1 ***

  29 s restantes

  28 s restantes

  27 s restantes

  26 s restantes

  25 s restantes

  24 s restantes

  23 s restantes

  22 s restantes

  21 s restantes

  20 s restantes

  19 s restantes

  18 s restantes

  17 s restantes

  16 s restantes

  15 s restantes

  14 s restantes

  13 s restantes

  12 s restantes

  11 s restantes

  10 s restantes

  9 s restantes

  8 s restantes

  7 s restantes

  6 s restantes

  5 s restantes

  4 s restantes

  3 s restantes

  2 s restantes

  1 s restantes

  0 s restantes

*** AVISO 1/3 ***

*** AVISO 2/3 ***

*** AVISO 3/3 ***

  rango mag: x[-4979,785] y[-843,5623] z[-4252,1532]

  picos aislados descartados: 0

  1er ajuste: radio=2824 residuo=5%  (atipicos descartados: 141 de 3570)

  ajuste: centro=(-2153, 2099, -1377) radio=2822  residuo=+3.9%

  mag offset = (-2153, 2099, -1377)  -> copialos a MAG_PRESET_X/Y/Z para fijarlos

Leyendo q_out (orig y opt2) cada 200 ms. Teclas: g=gyro m=mag c=borrar offsets r=reset filtro 1/2=ejes 0x018/0x039  l/L=captura CSV 60 s (L reinicia antes)  d=volcar de nuevo

q = [-0.9811 +0.0027 -0.0083 +0.1933]  |q|^2=+1.0000  muestras=4567  err=0

q2= [-0.9811 +0.0027 -0.0083 +0.1933]  dang(orig,opt2)=+0.0000 deg

   roll=-0.5 pitch=+0.9 yaw=-22.3 deg

   raw g=(-2728,-2053,-1130) a=(-2422,-2416,16129) m=(-4329,2635,-2930) |m_comp|=2725

q = [-0.9888 -0.0303 -0.1011 +0.1054]  |q|^2=+1.0000  muestras=4593  err=0

q2= [-0.9888 -0.0303 -0.1011 +0.1054]  dang(orig,opt2)=+0.0000 deg

   roll=+2.3 pitch=+11.9 yaw=-11.9 deg

   raw g=(-236,177,332) a=(-3939,1564,16356) m=(-4291,2421,-2984) |m_comp|=2693

q = [-0.9893 -0.0053 -0.1214 +0.0811]  |q|^2=+1.0000  muestras=4619  err=0

q2= [-0.9893 -0.0053 -0.1214 +0.0811]  dang(orig,opt2)=+0.0000 deg

   roll=-0.5 pitch=+13.9 yaw=-9.4 deg

   raw g=(-308,-51,32) a=(-4109,378,15457) m=(-4279,2341,-3015) |m_comp|=2693

q = [-0.9898 -0.0362 -0.0891 +0.1055]  |q|^2=+1.0000  muestras=4644  err=0

q2= [-0.9898 -0.0362 -0.0891 +0.1055]  dang(orig,opt2)=+0.0000 deg

   roll=+3.1 pitch=+10.6 yaw=-11.9 deg

   raw g=(404,90,24) a=(-3052,212,15505) m=(-4207,2433,-3049) |m_comp|=2668

q = [-0.9905 -0.0145 -0.0882 +0.1048]  |q|^2=+1.0000  muestras=4670  err=0

q2= [-0.9905 -0.0145 -0.0882 +0.1048]  dang(orig,opt2)=+0.0000 deg

   roll=+0.6 pitch=+10.2 yaw=-12.0 deg

   raw g=(248,138,57) a=(-2910,249,15836) m=(-4135,2397,-3154) |m_comp|=2677

q = [-0.9933 -0.0124 -0.0666 +0.0934]  |q|^2=+1.0000  muestras=4696  err=0

q2= [-0.9933 -0.0124 -0.0666 +0.0934]  dang(orig,opt2)=+0.0000 deg

   roll=+0.7 pitch=+7.7 yaw=-10.7 deg

   raw g=(310,141,256) a=(-2243,12,15678) m=(-4079,2407,-3153) |m_comp|=2637

q = [-0.9914 -0.0147 -0.0456 +0.1222]  |q|^2=+1.0000  muestras=4721  err=0

q2= [-0.9914 -0.0147 -0.0456 +0.1222]  dang(orig,opt2)=+0.0000 deg

   roll=+1.0 pitch=+5.4 yaw=-14.0 deg

   raw g=(284,329,30) a=(-1668,181,15546) m=(-4051,2445,-3276) |m_comp|=2706

q = [-0.9923 -0.0104 -0.0459 +0.1143]  |q|^2=+1.0000  muestras=4747  err=0

q2= [-0.9923 -0.0104 -0.0459 +0.1143]  dang(orig,opt2)=+0.0000 deg

   roll=+0.6 pitch=+5.4 yaw=-13.1 deg

   raw g=(292,125,24) a=(-1427,123,15701) m=(-4025,2471,-3269) |m_comp|=2686

q = [-0.9915 -0.0116 -0.0681 +0.1101]  |q|^2=+1.0000  muestras=4773  err=0

q2= [-0.9915 -0.0116 -0.0681 +0.1101]  dang(orig,opt2)=+0.0000 deg

   roll=+0.5 pitch=+7.9 yaw=-12.6 deg

   raw g=(120,-220,-41) a=(-2106,254,15792) m=(-4091,2423,-3150) |m_comp|=2645

q = [-0.9897 +0.0149 -0.0980 +0.1035]  |q|^2=+1.0000  muestras=4798  err=0

q2= [-0.9897 +0.0149 -0.0980 +0.1035]  dang(orig,opt2)=+0.0000 deg

   roll=-2.9 pitch=+11.0 yaw=-12.2 deg

   raw g=(224,-1332,-337) a=(-6337,-3610,17056) m=(-4171,2497,-3075) |m_comp|=2666

q = [-0.9917 -0.0214 -0.0768 +0.1008]  |q|^2=+1.0000  muestras=4824  err=0

q2= [-0.9917 -0.0214 -0.0768 +0.1008]  dang(orig,opt2)=+0.0000 deg

   roll=+1.6 pitch=+9.0 yaw=-11.5 deg

   raw g=(-83,547,-306) a=(-2422,551,15716) m=(-4125,2429,-3173) |m_comp|=2686

q = [-0.9914 -0.0306 -0.0840 +0.0954]  |q|^2=+1.0000  muestras=4850  err=0

q2= [-0.9914 -0.0306 -0.0840 +0.0954]  dang(orig,opt2)=+0.0000 deg

   roll=+2.6 pitch=+9.9 yaw=-10.8 deg

   raw g=(245,108,90) a=(-2774,488,15679) m=(-4147,2413,-3101) |m_comp|=2653

q = [-0.9911 -0.0201 -0.0884 +0.0977]  |q|^2=+1.0000  muestras=4875  err=0

q2= [-0.9911 -0.0201 -0.0884 +0.0977]  dang(orig,opt2)=+0.0000 deg

   roll=+1.3 pitch=+10.3 yaw=-11.1 deg

   raw g=(349,179,44) a=(-2054,-119,15212) m=(-4175,2373,-3216) |m_comp|=2746

q = [-0.9918 -0.0092 -0.0791 +0.0998]  |q|^2=+1.0000  muestras=4901  err=0

q2= [-0.9918 -0.0092 -0.0791 +0.0998]  dang(orig,opt2)=+0.0000 deg

   roll=+0.1 pitch=+9.1 yaw=-11.5 deg

   raw g=(250,503,121) a=(-2496,3,15692) m=(-4123,2399,-3205) |m_comp|=2703

q = [-0.9916 -0.0171 -0.0740 +0.1046]  |q|^2=+1.0000  muestras=4927  err=0

q2= [-0.9916 -0.0171 -0.0740 +0.1046]  dang(orig,opt2)=+0.0000 deg

   roll=+1.1 pitch=+8.6 yaw=-12.0 deg

   raw g=(207,-124,-32) a=(-2725,256,15807) m=(-4109,2385,-3155) |m_comp|=2657

q = [-0.9917 -0.0113 -0.0797 +0.0999]  |q|^2=+1.0000  muestras=4952  err=0

q2= [-0.9917 -0.0113 -0.0797 +0.0999]  dang(orig,opt2)=+0.0000 deg

   roll=+0.4 pitch=+9.2 yaw=-11.5 deg

   raw g=(141,97,-22) a=(-2503,-14,15682) m=(-4129,2417,-3140) |m_comp|=2666

q = [-0.9914 -0.0142 -0.0822 +0.1007]  |q|^2=+1.0000  muestras=4978  err=0

q2= [-0.9914 -0.0142 -0.0822 +0.1007]  dang(orig,opt2)=+0.0000 deg

   roll=+0.7 pitch=+9.6 yaw=-11.5 deg

   raw g=(191,140,7) a=(-2559,56,15662) m=(-4123,2441,-3095) |m_comp|=2635

q = [-0.9913 -0.0153 -0.0817 +0.1017]  |q|^2=+1.0000  muestras=5003  err=0

q2= [-0.9913 -0.0153 -0.0817 +0.1017]  dang(orig,opt2)=+0.0000 deg

   roll=+0.8 pitch=+9.5 yaw=-11.7 deg

   raw g=(56,75,-27) a=(-2598,143,15699) m=(-4179,2451,-3121) |m_comp|=2695

q = [-0.9919 -0.0206 -0.0669 +0.1064]  |q|^2=+1.0000  muestras=5029  err=0

q2= [-0.9919 -0.0206 -0.0669 +0.1064]  dang(orig,opt2)=+0.0000 deg

   roll=+1.5 pitch=+7.9 yaw=-12.1 deg

   raw g=(272,-45,339) a=(-3096,-23,17195) m=(-4105,2373,-3193) |m_comp|=2679

q = [-0.9924 -0.0176 -0.0643 +0.1034]  |q|^2=+1.0000  muestras=5055  err=0

q2= [-0.9924 -0.0176 -0.0643 +0.1034]  dang(orig,opt2)=+0.0000 deg

   roll=+1.2 pitch=+7.5 yaw=-11.8 deg

   raw g=(187,-305,-107) a=(-2042,-79,15819) m=(-4099,2395,-3251) |m_comp|=2716

q = [-0.9917 -0.0189 -0.0747 +0.1026]  |q|^2=+1.0000  muestras=5080  err=0

q2= [-0.9917 -0.0189 -0.0747 +0.1026]  dang(orig,opt2)=+0.0000 deg

   roll=+1.3 pitch=+8.7 yaw=-11.7 deg

   raw g=(217,-53,-84) a=(-2513,383,15822) m=(-4159,2419,-3195) |m_comp|=2725

q = [-0.9920 -0.0175 -0.0755 +0.0992]  |q|^2=+1.0000  muestras=5106  err=0

q2= [-0.9920 -0.0175 -0.0755 +0.0992]  dang(orig,opt2)=+0.0000 deg

   roll=+1.1 pitch=+8.8 yaw=-11.3 deg

   raw g=(533,-659,-138) a=(-3138,-47,16109) m=(-4149,2407,-3206) |m_comp|=2723

q = [-0.9932 -0.0125 -0.0723 +0.0908]  |q|^2=+1.0000  muestras=5132  err=0

q2= [-0.9932 -0.0125 -0.0723 +0.0908]  dang(orig,opt2)=+0.0000 deg

   roll=+0.7 pitch=+8.4 yaw=-10.4 deg

   raw g=(333,-269,-71) a=(-2414,84,15611) m=(-4109,2407,-3240) |m_comp|=2717

q = [-0.9931 -0.0079 -0.0725 +0.0918]  |q|^2=+1.0000  muestras=5157  err=0

q2= [-0.9931 -0.0079 -0.0725 +0.0918]  dang(orig,opt2)=+0.0000 deg

   roll=+0.1 pitch=+8.4 yaw=-10.5 deg

   raw g=(8,-325,-22) a=(-2671,58,15833) m=(-4131,2377,-3225) |m_comp|=2720

q = [-0.9927 -0.0169 -0.0740 +0.0933]  |q|^2=+1.0000  muestras=5183  err=0

q2= [-0.9927 -0.0169 -0.0740 +0.0933]  dang(orig,opt2)=+0.0000 deg

   roll=+1.1 pitch=+8.6 yaw=-10.7 deg

   raw g=(143,134,45) a=(-2623,1044,15879) m=(-4139,2401,-3253) |m_comp|=2747

q = [-0.9925 -0.0092 -0.0748 +0.0965]  |q|^2=+1.0000  muestras=5209  err=0

q2= [-0.9925 -0.0092 -0.0748 +0.0965]  dang(orig,opt2)=+0.0000 deg

   roll=+0.2 pitch=+8.6 yaw=-11.1 deg

   raw g=(693,170,41) a=(-2238,-204,15468) m=(-4125,2445,-3200) |m_comp|=2706

q = [-0.9923 -0.0095 -0.0797 +0.0946]  |q|^2=+1.0000  muestras=5234  err=0

q2= [-0.9923 -0.0095 -0.0797 +0.0946]  dang(orig,opt2)=+0.0000 deg

   roll=+0.2 pitch=+9.2 yaw=-10.9 deg

   raw g=(112,-31,-13) a=(-2474,79,15704) m=(-4175,2369,-3192) |m_comp|=2729

q = [-0.9915 -0.0134 -0.0877 +0.0949]  |q|^2=+1.0000  muestras=5260  err=0

q2= [-0.9915 -0.0134 -0.0877 +0.0949]  dang(orig,opt2)=+0.0000 deg

   roll=+0.6 pitch=+10.2 yaw=-10.9 deg

   raw g=(402,634,36) a=(-2452,98,15525) m=(-4147,2425,-3145) |m_comp|=2684

q = [-0.9923 -0.0106 -0.0851 +0.0891]  |q|^2=+1.0000  muestras=5286  err=0

q2= [-0.9923 -0.0106 -0.0851 +0.0891]  dang(orig,opt2)=+0.0000 deg

   roll=+0.3 pitch=+9.8 yaw=-10.2 deg

   raw g=(260,359,67) a=(-2786,-59,15746) m=(-4215,2427,-3170) |m_comp|=2751

q = [-0.9926 -0.0117 -0.0801 +0.0910]  |q|^2=+1.0000  muestras=5311  err=0

q2= [-0.9926 -0.0117 -0.0801 +0.0910]  dang(orig,opt2)=+0.0000 deg

   roll=+0.5 pitch=+9.3 yaw=-10.4 deg

   raw g=(215,146,5) a=(-2639,312,15765) m=(-4161,2381,-3158) |m_comp|=2698

q = [-0.9927 -0.0067 -0.0770 +0.0931]  |q|^2=+1.0000  muestras=5337  err=0

q2= [-0.9927 -0.0067 -0.0770 +0.0931]  dang(orig,opt2)=+0.0000 deg

   roll=-0.1 pitch=+8.9 yaw=-10.7 deg

   raw g=(97,366,60) a=(-2017,182,15431) m=(-4099,2461,-3178) |m_comp|=2675

q = [-0.9922 -0.0056 -0.0707 +0.1024]  |q|^2=+1.0000  muestras=5363  err=0

q2= [-0.9922 -0.0056 -0.0707 +0.1024]  dang(orig,opt2)=+0.0000 deg

   roll=-0.2 pitch=+8.1 yaw=-11.8 deg

   raw g=(62,416,342) a=(-2063,97,15663) m=(-4091,2451,-3267) |m_comp|=2729

q = [-0.9925 -0.0071 -0.0671 +0.1024]  |q|^2=+1.0000  muestras=5388  err=0

q2= [-0.9925 -0.0071 -0.0671 +0.1024]  dang(orig,opt2)=+0.0000 deg

   roll=+0.0 pitch=+7.7 yaw=-11.8 deg

   raw g=(137,316,-1) a=(-1945,96,15645) m=(-4105,2409,-3191) |m_comp|=2681

q = [-0.9928 -0.0090 -0.0650 +0.1004]  |q|^2=+1.0000  muestras=5414  err=0

q2= [-0.9928 -0.0090 -0.0650 +0.1004]  dang(orig,opt2)=+0.0000 deg

   roll=+0.3 pitch=+7.5 yaw=-11.5 deg

   raw g=(238,141,152) a=(-2023,476,15788) m=(-4069,2435,-3291) |m_comp|=2728

q = [-0.9923 -0.0092 -0.0644 +0.1055]  |q|^2=+1.0000  muestras=5439  err=0

q2= [-0.9923 -0.0092 -0.0644 +0.1055]  dang(orig,opt2)=+0.0000 deg

   roll=+0.3 pitch=+7.5 yaw=-12.1 deg

   raw g=(178,130,21) a=(-2096,55,15771) m=(-4093,2397,-3236) |m_comp|=2702

q = [-0.9923 -0.0074 -0.0625 +0.1066]  |q|^2=+1.0000  muestras=5465  err=0

q2= [-0.9923 -0.0074 -0.0625 +0.1066]  dang(orig,opt2)=+0.0000 deg

   roll=+0.1 pitch=+7.2 yaw=-12.3 deg

   raw g=(141,116,27) a=(-2069,8,15780) m=(-4117,2491,-3223) |m_comp|=2722

Capturando 60 s... (avisos: MOV / QUIETO / LISTO; el volcado empieza al terminar)

t=8.0 LISTO - mueve

t=9.5 MOV

t=10.6 QUIETO

t=13.6 LISTO - mueve

t=18.3 MOV

t=20.3 QUIETO

t=21.0 MOV

t=22.1 QUIETO

t=25.1 LISTO - mueve

t=25.8 MOV

t=27.0 QUIETO

t=30.0 LISTO - mueve

t=31.2 MOV

t=32.2 QUIETO

t=35.2 LISTO - mueve

t=36.3 MOV

t=37.5 QUIETO

t=40.5 LISTO - mueve

t=41.4 MOV

t=42.4 QUIETO

t=45.4 LISTO - mueve

t=45.9 MOV

t=46.7 QUIETO

t=49.7 LISTO - mueve

t=51.3 MOV

t=52.2 QUIETO

t=55.2 LISTO - mueve

Captura terminada: 7200 filas, 61027 ms. Volcando CSV...



#HDR,axis_cfg=0x039,fs_g=1,dt_hz=119,beta_start=1.0,beta_run=0.1,beta_start_ms=3000,goff=188/124/2,moff=-2153/2099/-1377,cnt0=5503,n=7200,gt_hz=333335634

#COLS,cnt,gx,gy,gz,ax,ay,az,mx,my,mz,qa0,qa1,qa2,qa3,qb0,qb1,qb2,qb3,ok,t_us  (qa=original, qb=opt2, hex de float32)

5504,240,157,-19,-1958,45,15795,-4099,2447,-3268,bf800000,00000000,00000000,3e4ccccd,bf800000,00000000,00000000,3e4ccccd,1,0

5505,236,158,-13,-1954,5,15783,-4071,2509,-3281,bf7b287b,bb7e15bc,bbda0023,3e460f20,bf7b287a,bb7e15bd,bbda0024,3e460f1f,1,8519

5506,235,164,-8,-1936,14,15766,-4071,2469,-3226,bf7b4879,bbfcec41,bc5bbe89,3e4305c4,bf7b487a,bbfcec41,bc5bbe8c,3e4305c5,1,17038

5507,239,169,-4,-1931,-16,15754,-4097,2503,-3247,bf7b637e,bc34c9e1,bca79f9a,3e400373,bf7b637f,bc34c9e2,bca79f9b,3e400374,1,25556

5508,235,165,3,-1922,-14,15740,-4097,2503,-3247,bf7b7c24,bc66c5a8,bce1d551,3e3cd44a,bf7b7c23,bc66c5a8,bce1d550,3e3cd44a,1,33574

5509,207,160,2,-2107,-19,15879,-4071,2451,-3232,bf7b9318,bc8be4a9,bd0dc5ec,3e396968,bf7b9319,bc8be4aa,bd0dc5ed,3e396969,1,42093

5510,188,209,-1,-1985,-5,15792,-4087,2445,-3304,bf7bacd2,bca32491,bd297cf7,3e356fce,bf7bacd1,bca32493,bd297cf6,3e356fcd,1,50612

5511,147,260,-11,-1601,13,15543,-4087,2445,-3304,bf7be4b5,bcb794f7,bd3ccfc2,3e2ef9f0,bf7be4b6,bcb794fa,bd3ccfc1,3e2ef9f1,1,59130

5512,125,166,-12,-1848,28,15718,-4089,2505,-3202,bf7c0678,bcb2a305,bd584164,3e29f5f6,bf7c0678,bcb2a307,bd584160,3e29f5f5,1,67649

5513,119,97,-18,-1899,8,15733,-4085,2461,-3240,bf7c3a95,bcb307ec,bd6d88f7,3e233692,bf7c3a94,bcb307eb,bd6d88f4,3e233690,1,76168

5514,105,81,-40,-1942,66,15774,-4085,2461,-3240,bf7c7e16,bcb114bc,bd7ac38e,3e1b4b5b,bf7c7e16,bcb114b9,bd7ac38a,3e1b4b59,1,84686

5515,107,75,-46,-1903,38,15719,-4043,2531,-3273,bf7c992a,bc5f61fc,bd755359,3e1a07a8,bf7c992b,bc5f61f2,bd75535e,3e1a07a8,1,93205

5516,104,77,-44,-1969,123,15794,-4069,2453,-3293,bf7cc4eb,bca1d6df,bd7ae907,3e142c7e,bf7cc4ec,bca1d6dd,bd7ae904,3e142c7e,1,101724

5517,123,83,-39,-1937,68,15781,-4069,2453,-3293,bf7d113d,bc871abe,bd7963f7,3e0c6882,bf7d113c,bc871abd,bd7963f9,3e0c6881,1,110242

5518,142,92,-29,-1908,25,15738,-4087,2445,-3265,bf7d5ccd,bc74fa00,bd76bcc8,3e041eb1,bf7d5ccd,bc74f9fb,bd76bcca,3e041eb0,1,118761

5519,117,92,-26,-1937,64,15772,-4113,2473,-3281,bf7d90ba,bc335acc,bd7b7fb4,3dfb2a3e,bf7d90bb,bc335ac4,bd7b7fb3,3dfb2a3d,1,127280

5520,110,78,-27,-1965,95,15789,-4115,2469,-3279,bf7db84d,bc860092,bd7bbdf4,3def9d68,bf7db84e,bc860093,bd7bbdf7,3def9d68,1,135298

5521,118,92,-30,-1986,145,15785,-4115,2469,-3279,bf7dbbfe,bc0e6c74,bd7ccc59,3df00a15,bf7dbbfe,bc0e6c71,bd7ccc51,3df00a15,1,143816

5522,142,106,-28,-1973,71,15791,-4105,2435,-3232,bf7ddd38,bc781dce,bd7dd1bf,3de568a4,bf7ddd37,bc781dcb,bd7dd1c3,3de568a3,1,152335

5523,151,107,-16,-1950,71,15769,-4101,2435,-3309,bf7df14c,bbeff318,bd775639,3de33786,bf7df14d,bbeff315,bd77563b,3de33786,1,160854

5524,158,109,-12,-1925,53,15754,-4101,2435,-3309,bf7e0c5a,bc655a38,bd7853cf,3dd9e1f2,bf7e0c5b,bc655a39,bd7853c7,3dd9e1f2,1,169372

5525,154,105,-5,-1932,53,15758,-4109,2475,-3216,bf7e0282,bbcc5fb4,bd767346,3ddebd9b,bf7e0282,bbcc5fb4,bd767341,3ddebd9a,1,177891

5526,143,109,-5,-1906,62,15726,-4113,2483,-3221,bf7e0620,bc4cfb75,bd71271a,3dde0d30,bf7e0620,bc4cfb75,bd712720,3dde0d31,1,186410

5527,124,100,-22,-1915,65,15735,-4113,2483,-3221,bf7df43a,bba9d39b,bd75cf8f,3de30fe9,bf7df439,bba9d39b,bd75cf95,3de30fe8,1,194928

5528,108,90,-34,-1912,70,15723,-4029,2471,-3239,bf7df7d9,bc517294,bd7500ad,3de0fef4,bf7df7d9,bc517293,bd7500ad,3de0fef4,1,203447

5529,92,81,-51,-1967,119,15797,-4081,2445,-3277,bf7df12b,bbfd7428,bd828e0e,3ddf4fb3,bf7df12b,bbfd7421,bd828e0e,3ddf4fb4,1,211966

5530,101,88,-57,-2015,148,15807,-4081,2445,-3277,bf7e027f,bc7c5062,bd7eb9a0,3dda830b,bf7e027f,bc7c5060,bd7eb9a2,3dda830c,1,220484

5531,135,90,-41,-1989,132,15773,-4083,2429,-3205,bf7e093b,bbf945a6,bd7cacf9,3ddade32,bf7e093c,bbf945ab,bd7caced,3ddade33,1,229003

5532,152,106,-26,-1999,166,15788,-4045,2439,-3375,bf7e0a97,bc7ca689,bd7f4ea6,3dd7f7ae,bf7e0a96,bc7ca680,bd7f4eae,3dd7f7ae,1,237021

5533,173,120,6,-1989,151,15795,-4049,2471,-3267,bf7dfc90,bc046b52,bd7af6e2,3ddeed1f,bf7dfc91,bc046b4d,bd7af6e4,3ddeed21,1,245540

5534,202,136,25,-1923,46,15725,-4049,2471,-3267,bf7dfb29,bbb212ea,bd6b8013,3de3d423,bf7dfb2a,bbb21335,bd6b8006,3de3d422,1,254058

5535,201,139,28,-1939,84,15759,-4053,2461,-3206,bf7df699,bc46531f,bd7b42d5,3ddfc6d6,bf7df69a,bc465323,bd7b42d7,3ddfc6d6,1,262577

5536,170,125,18,-1908,18,15726,-4077,2465,-3249,bf7df82e,bb91be65,bd72cf38,3de2d403,bf7df82e,bb91be70,bd72cf35,3de2d401,1,271096

5537,157,111,12,-1940,82,15737,-4077,2465,-3249,bf7dfbd4,bc45f1c7,bd7a2ae0,3dde9a10,bf7dfbd5,bc45f1ce,bd7a2adc,3dde9a10,1,279614

5538,146,106,2,-1971,123,15789,-4059,2455,-3255,bf7df036,bbc7e0c6,bd7b7e36,3de2884e,bf7df035,bbc7e0c6,bd7b7e47,3de2884b,1,288133

5539,143,111,-4,-1947,131,15789,-4055,2453,-3254,bf7dfde0,bc648aad,bd77be9c,3dde3cdd,bf7dfddf,bc648aa6,bd77be9c,3dde3cdb,1,296652

5540,152,113,-5,-1972,131,15777,-4055,2453,-3254,bf7deef9,bbdbde2d,bd7cb7bd,3de27726,bf7deef9,bbdbde29,bd7cb7c1,3de27725,1,305170

5541,165,117,-2,-1968,128,15774,-4057,2483,-3278,bf7de9f1,bc62d975,bd77d7a5,3de3dc29,bf7de9f1,bc62d970,bd77d7a7,3de3dc28,1,313689

5542,168,126,-1,-1987,160,15781,-4077,2469,-3153,bf7dd56b,bbff836e,bd80a6e3,3de81ee4,bf7dd56a,bbff836c,bd80a6e4,3de81ee4,1,322207

5543,181,134,4,-1993,154,15783,-4077,2469,-3153,bf7de3a7,bc7c0339,bd7c29dd,3de4037b,bf7de3a8,bc7c033b,bd7c29e4,3de4037d,1,330225

5544,198,139,8,-1954,114,15747,-4075,2455,-3192,bf7de61f,bbf5d636,bd77b905,3de6313f,bf7de620,bbf5d63c,bd77b908,3de63141,1,338744

5545,202,138,5,-1964,92,15782,-4073,2443,-3228,bf7df645,bc6d81cb,bd7d4375,3ddeb53d,bf7df644,bc6d81d1,bd7d436d,3ddeb53c,1,347263

5546,202,133,6,-1935,73,15767,-4035,2445,-3302,bf7df7fc,bbd9eea3,bd759e99,3de1e623,bf7df7fb,bbd9ee99,bd759ea0,3de1e623,1,355781

5547,202,132,2,-1921,61,15726,-4035,2445,-3302,bf7e057f,bc5f9544,bd78927e,3ddbe506,bf7e0580,bc5f9547,bd78927e,3ddbe508,1,364300

5548,189,136,0,-1938,95,15745,-4109,2409,-3204,bf7e315b,bc171020,bd79da1e,3dcf79bf,bf7e315c,bc171022,bd79da21,3dcf79c1,1,372818

5549,189,129,1,-1966,141,15771,-4085,2405,-3237,bf7e4196,bc832cef,bd7d1adb,3dc7a322,bf7e4197,bc832cf0,bd7d1ade,3dc7a323,1,381337

5550,206,134,8,-1980,114,15762,-4085,2405,-3237,bf7e403b,bc00e9d8,bd7c9865,3dca41e0,bf7e403a,bc00e9d8,bd7c9855,3dca41de,1,389856

5551,208,141,16,-1973,101,15768,-4091,2445,-3301,bf7e2d99,bc20191b,bd793c6c,3dd0b40f,bf7e2d9a,bc201925,bd793ca0,3dd0b40f,1,398374

5552,220,141,23,-1950,48,15745,-4057,2439,-3250,bf7e223d,bb4669a9,bd7af01d,3dd47bce,bf7e223d,bb4668d3,bd7aefc1,3dd47bd0,1,406893

5553,206,140,30,-1944,89,15726,-4057,2439,-3250,bf7e2c7a,bc33edaa,bd79c53b,3dd0a213,bf7e2c7a,bc33ed7c,bd79c53a,3dd0a214,1,415411

5554,182,132,17,-1910,53,15716,-4097,2499,-3292,bf7e1ade,bb83913f,bd737f04,3dd8bdfe,bf7e1add,bb8390f5,bd737f01,3dd8be00,1,423930

5555,165,119,1,-1919,83,15750,-3999,2497,-3257,bf7df5b7,bc0d94a0,bd74dfcc,3de274e1,bf7df5b7,bc0d94d7,bd74dfd2,3de274dd,1,432448

5556,165,118,-8,-1931,60,15732,-3999,2497,-3257,bf7dd26a,bb5c6e54,bd76c864,3dec3570,bf7dd26b,bb5c6e10,bd76c857,3dec356b,1,440466

5557,149,114,-14,-1962,129,15780,-4137,2471,-3330,bf7dde83,bc392d0a,bd79d98d,3de71006,bf7dde84,bc392cf9,bd79d983,3de71001,1,448985

5558,151,106,-10,-1977,120,15772,-4093,2485,-3313,bf7dc7a9,bbe0aaac,bd7e4f2f,3decc8c6,bf7dc7aa,bbe0aace,bd7e4f43,3decc8c2,1,457504

5559,158,115,-5,-2008,159,15787,-4095,2497,-3270,bf7dc6f9,bc708518,bd7f318e,3deb3b75,bf7dc6f9,bc70852d,bd7f3178,3deb3b72,1,466022

5560,186,125,15,-1991,122,15786,-4095,2497,-3270,bf7dbb0b,bbef6a61,bd7b14c1,3df0eeec,bf7dbb0a,bbef6a6b,bd7b14ce,3df0eee8,1,474541

5561,210,144,34,-1970,105,15763,-4047,2497,-3210,bf7db947,bc6918d6,bd7b0833,3df01c6e,bf7db947,bc6918d3,bd7b0826,3df01c6c,1,483059

5562,216,148,35,-1995,121,15781,-4079,2475,-3274,bf7db2cf,bbeb0bc4,bd805b26,3df1a210,bf7db2ce,bbeb0bd5,bd805b26,3df1a20d,1,491578

5563,225,151,49,-1959,124,15780,-4079,2475,-3274,bf7dc8eb,bc6e7408,bd78343b,3dec9b6e,bf7dc8eb,bc6e740c,bd783436,3dec9b6d,1,500097

5564,234,154,59,-1924,94,15740,-4055,2423,-3276,bf7df5e3,bc112f81,bd751d84,3de24e7a,bf7df5e3,bc112f75,bd751d94,3de24e7a,1,508616

5565,224,146,51,-1881,15,15715,-4075,2465,-3311,bf7e02a3,bb5a551a,bd6b1d9b,3de201c0,bf7e02a3,bb5a55e1,bd6b1d76,3de201c0,1,517134

5566,189,138,28,-1914,103,15753,-4075,2465,-3311,bf7e0305,bc33ed9d,bd746efe,3dde61e7,bf7e0304,bc33ed9e,bd746efe,3dde61e7,1,525653

5567,169,124,6,-1925,68,15745,-4093,2445,-3309,bf7e09f4,bbbb8d60,bd7d0693,3ddacc6f,bf7e09f4,bbbb8d60,bd7d0694,3ddacc70,1,534172

5568,149,108,-12,-1657,-173,15402,-4075,2449,-3316,bf7e2b17,bada984e,bd5f60d5,3dd9881a,bf7e2b16,bada984d,bd5f60d6,3dd9881a,1,542190

5569,128,82,-16,-2030,657,15720,-4075,2449,-3316,bf7e274d,bc207019,bd68292c,3dd76e03,bf7e274d,bc20701a,bd68292d,3dd76e04,1,550708

5570,261,110,16,-2435,213,16382,-4083,2439,-3321,bf7e084f,bc462282,bd843051,3dd6cbeb,bf7e084e,bc462281,bd843052,3dd6cbeb,1,559227

5571,295,149,27,-1910,-29,15646,-4051,2479,-3230,bf7e083d,bb9bb612,bd7ad12c,3ddc06ab,bf7e083d,bb9bb607,bd7ad132,3ddc06ac,1,567745

5572,338,218,45,-1809,-278,15539,-4045,2481,-3335,bf7e0a2a,3b5082ef,bd6fb56e,3ddeab63,bf7e0a2a,3b5082e1,bd6fb56c,3ddeab64,1,576264

5573,196,139,18,-1797,-268,15702,-4045,2481,-3335,bf7e2a70,bb3ffad6,bd676434,3dd7901e,bf7e2a6f,bb3ffadb,bd676431,3dd7901d,1,584782

5574,80,78,-11,-2000,94,15823,-4079,2509,-3320,bf7e052d,bc00755a,bd7f99b4,3ddb2908,bf7e052d,bc007555,bd7f99b3,3ddb2908,1,593301

5575,72,76,-16,-1974,216,15733,-4063,2465,-3241,bf7e04fa,bc801c68,bd7875f6,3ddb855d,bf7e04f9,bc801c69,bd7875fb,3ddb855b,1,601820

5576,113,98,-5,-2039,340,15862,-4063,2465,-3241,bf7dd375,bc67aeb7,bd82c938,3de632a8,bf7dd375,bc67aead,bd82c932,3de632a9,1,610338

5577,189,119,1,-1951,171,15734,-4061,2485,-3343,bf7dd3dc,bc093b03,bd7230f7,3dec7c50,bf7dd3dc,bc093af1,bd7230f2,3dec7c52,1,618857

5578,229,131,26,-1816,29,15652,-4057,2505,-3288,bf7dd236,bb7146d3,bd5ef42d,3df2180e,bf7dd237,bb7146e3,bd5ef42c,3df21811,1,627376

5579,209,127,28,-1985,52,15739,-4057,2505,-3288,bf7dbee4,bc0e07b1,bd789efe,3df05df5,bf7dbee5,bc0e07b2,bd789efd,3df05df8,1,635393

5580,154,91,18,-1627,61,15564,-4061,2477,-3336,bf7de2c8,bc129142,bd56aeaa,3def0630,bf7de2c7,bc129146,bd56aea7,3def0631,1,643912

5581,167,-49,20,-1363,166,15383,-4091,2477,-3287,bf7e0313,bc3e451d,bd3775e8,3dec73e5,bf7e0314,bc3e4529,bd3775e8,3dec73e7,1,652431

5582,207,-325,47,-2429,145,16080,-4091,2477,-3287,bf7de695,bc4918c1,bd5bb684,3dec3c21,bf7de696,bc4918c8,bd5bb683,3dec3c24,1,660949

5583,229,-215,32,-2400,229,16027,-4107,2457,-3370,bf7dc8e3,bc699b8c,bd7e3342,3deb17cd,bf7dc8e3,bc699b8f,bd7e3341,3deb17cf,1,669468

5584,279,-36,27,-2231,136,15921,-4143,2501,-3245,bf7da1b8,bc2d3b5b,bd8d3ef1,3dee61b9,bf7da1b9,bc2d3b61,bd8d3ef1,3dee61bb,1,677986

5585,309,52,41,-1946,-56,15712,-4111,2481,-3338,bf7dc175,bbc2df1f,bd7e2ae5,3dee947c,bf7dc175,bbc2df19,bd7e2ae5,3dee947d,1,686505

5586,318,50,52,-1897,-131,15664,-4111,2481,-3338,bf7df2d7,bb169c6e,bd6c78e3,3de61b83,bf7df2d8,bb169c98,bd6c78ea,3de61b82,1,695024

5587,255,2,48,-2052,-29,15781,-4097,2443,-3241,bf7df28a,bc04f9e1,bd80aa5e,3ddff5e8,bf7df28b,bc04f9f8,bd80aa5e,3ddff5e6,1,703542

5588,190,1,42,-2023,-179,15673,-4121,2495,-3245,bf7de2f2,b9a9bc49,bd83d795,3de32079,bf7de2f3,b9a9be67,bd83d792,3de32078,1,712061

5589,119,29,16,-2248,182,15907,-4121,2495,-3245,bf7ddcbd,bc060185,bd8974d4,3de0e7c8,bf7ddcbe,bc060190,bd8974d4,3de0e7c7,1,720580

5590,123,90,-4,-2117,147,15848,-4123,2475,-3305,bf7de861,bc78419d,bd8326e4,3ddfdd44,bf7de861,bc784199,bd8326e1,3ddfdd42,1,729098

5591,163,125,-5,-1928,-49,15638,-4079,2489,-3282,bf7de6ba,bbf20378,bd7e0dad,3de44ee3,bf7de6b9,bbf20368,bd7e0dab,3de44ee0,1,737617

5592,163,122,-8,-2048,255,15758,-4079,2489,-3282,bf7dda64,bc7a2879,bd81a830,3de49e6c,bf7dda65,bc7a2872,bd81a831,3de49e6a,1,745635

5593,194,127,9,-1953,54,15642,-4075,2487,-3256,bf7dd5df,bbf83bdc,bd7bc794,3de9893c,bf7dd5e0,bbf83bd0,bd7bc794,3de98939,1,754154

5594,214,124,14,-2041,96,15773,-4095,2467,-3214,bf7dd6e7,bc66ca0e,bd84b123,3de429ad,bf7dd6e6,bc66ca04,bd84b123,3de429aa,1,762672

5595,205,115,15,-2128,75,15843,-4095,2467,-3214,bf7dc9a8,bbd9302c,bd882b12,3de732dc,bf7dc9a8,bbd93019,bd882b12,3de732db,1,771191

5596,226,137,42,-2104,0,15821,-4071,2457,-3231,bf7de88f,bc4df4fa,bd85291b,3ddf4c2d,bf7de890,bc4df4fa,bd85291e,3ddf4c2d,1,779710

5597,225,158,69,-2089,138,15791,-4115,2543,-3243,bf7dcb35,bbd0b20f,bd832129,3de9b3a6,bf7dcb36,bbd0b217,bd832123,3de9b3a5,1,788228

5598,259,168,87,-1996,88,15690,-4093,2487,-3267,bf7dd9f1,bc5bf5a3,bd7bb1c1,3de75771,bf7dd9f0,bc5bf5a9,bd7bb1bb,3de7576e,1,796747

5599,300,183,99,-1927,-10,15706,-4093,2487,-3267,bf7dd4f8,bbae1fa0,bd777c01,3deb2fd3,bf7dd4f8,bbae1fad,bd777bfe,3deb2fd2,1,805265

5600,244,156,67,-1784,14,15279,-4091,2477,-3269,bf7df7cc,bc38459a,bd65787d,3de567fa,bf7df7cd,bc3845a2,bd65787d,3de567f9,1,813784

5601,131,80,-4,-2221,-217,16243,-4085,2447,-3346,bf7de22f,bbd4ef6e,bd808b98,3de4d56c,bf7de22f,bbd4ef70,bd808b96,3de4d56a,1,822302

5602,46,31,-50,-2126,121,15932,-4085,2447,-3346,bf7de1e2,bc62dbdb,bd86ed3c,3ddfd158,bf7de1e1,bc62dbd0,bd86ed3c,3ddfd157,1,830821

5603,81,112,-32,-1824,25,15505,-4047,2507,-3284,bf7de74e,bbf9ce45,bd7a634c,3de5201d,bf7de74e,bbf9ce29,bd7a634e,3de5201d,1,839339

5604,27,80,-72,-1964,59,15666,-4081,2475,-3267,bf7de53f,bc50b73c,bd814ccf,3de2720c,bf7de541,bc50b768,bd814cc4,3de2720c,1,847858

5605,10,49,-68,-2105,177,15841,-4081,2475,-3267,bf7dbe9d,bc1fc9f5,bd89bb9f,3de8d52e,bf7dbe9d,bc1fc9d4,bd89bba1,3de8d528,1,855876

5606,46,63,-39,-2037,117,15762,-4079,2463,-3265,bf7de39d,bc5ea1bd,bd779f87,3de5bd9a,bf7de39e,bc5ea1ae,bd779f8b,3de5bd98,1,864394

5607,75,83,-18,-2060,119,15781,-4095,2473,-3253,bf7dc690,bc0cdccc,bd86d553,3de88dd4,bf7dc691,bc0cdcab,bd86d550,3de88dd4,1,872913

5608,88,80,0,-2120,228,15841,-4095,2473,-3253,bf7dcb9f,bc88555f,bd85aa9c,3de600e9,bf7dcba0,bc885551,bd85aa9e,3de600e8,1,881432

5609,140,98,23,-2050,180,15748,-4131,2471,-3255,bf7dcf33,bc1b3a7b,bd8020c0,3de9d7b5,bf7dcf34,bc1b3a71,bd8020bd,3de9d7b4,1,889950

5610,176,113,26,-2009,69,15703,-4095,2437,-3265,bf7debb3,bc780c26,bd82d535,3ddf1d0d,bf7debb3,bc780c28,bd82d531,3ddf1d0c,1,898469

5611,169,113,28,-2024,25,15726,-4115,2511,-3235,bf7dde3d,bbf56e6d,bd81767c,3de54886,bf7dde3d,bbf56e6e,bd81767b,3de54885,1,906988

5612,155,113,32,-1990,-32,15736,-4115,2511,-3235,bf7dd007,baca5e57,bd7bd5f5,3deb982f,bf7dd007,baca5e43,bd7bd5f4,3deb982e,1,915507

5613,96,91,22,-2006,13,15717,-4125,2483,-3260,bf7dda3b,bc189456,bd8119a3,3de65054,bf7dda3b,bc189453,bd8119a3,3de65054,1,924025

5614,56,74,12,-2029,130,15737,-4137,2459,-3187,bf7deb54,bc85bff1,bd8297c0,3ddf0219,bf7deb54,bc85bff2,bd8297bc,3ddf0219,1,932544

5615,55,76,12,-2099,323,15808,-4137,2459,-3187,bf7dd007,bc8f0009,bd870b9e,3de3b756,bf7dd007,bc8f000a,bd870ba6,3de3b754,1,941062

5616,93,92,9,-2078,251,15780,-4103,2481,-3209,bf7dc900,bc353b92,bd810100,3deabfc3,bf7dc900,bc353ba3,bd810102,3deabfc0,1,949581

5617,140,111,-6,-2035,146,15754,-4111,2473,-3265,bf7dcfd2,bc83025c,bd8326a9,3de67c66,bf7dcfd1,bc830244,bd8326b1,3de67c64,1,957599

5618,149,108,-6,-2023,136,15724,-4111,2473,-3265,bf7dce30,bc09b544,bd7feea7,3dea6056,bf7dce32,bc09b527,bd7feeaa,3dea6057,1,966118

5619,147,106,-16,-2032,133,15722,-4127,2469,-3303,bf7dd5cd,bc8090c4,bd833060,3de4e5af,bf7dd5cd,bc8090bb,bd83305e,3de4e5af,1,974636

5620,148,102,-17,-2026,96,15712,-4119,2469,-3273,bf7dd4e0,bc00df5f,bd81125f,3de806b3,bf7dd4df,bc00df4e,bd81125f,3de806b2,1,983155

5621,133,96,-20,-2096,188,15773,-4119,2469,-3273,bf7dd39a,bc7d31f1,bd85ae3c,3de421cd,bf7dd399,bc7d31df,bd85ae3e,3de421cc,1,991674

5622,163,100,-18,-2047,106,15743,-4085,2511,-3365,bf7dc761,bc05ba4d,bd825374,3deaf462,bf7dc762,bc05ba41,bd825375,3deaf463,1,1000192

5623,171,102,-9,-2117,189,15813,-4071,2437,-3272,bf7dced1,bc808094,bd8626c0,3de51e70,bf7dced0,bc808093,bd8626bb,3de51e6f,1,1008711

5624,184,126,6,-2111,228,15814,-4099,2437,-3322,bf7de75b,bc5bd698,bd82fca4,3de0b6b0,bf7de75c,bc5bd6a3,bd82fcb9,3de0b6ae,1,1017230

5625,215,139,14,-2010,43,15713,-4099,2437,-3322,bf7df738,bbb80ec0,bd7fc389,3ddf6766,bf7df738,bbb80f2a,bd7fc35b,3ddf6766,1,1025748

5626,202,135,19,-2023,45,15719,-4079,2427,-3248,bf7e0714,bc4fbc15,bd83019e,3dd7bd99,bf7e0713,bc4fbc1b,bd83019c,3dd7bd97,1,1034267

5627,174,120,12,-2035,74,15717,-4107,2473,-3208,bf7df9c3,bbaf06fa,bd81a07f,3dddb291,bf7df9c3,bbaf0704,bd81a07f,3dddb291,1,1042786

5628,141,104,0,-2024,49,15727,-4107,2473,-3208,bf7dfe4d,bc4eb014,bd8263b0,3ddab1b1,bf7dfe4e,bc4eb017,bd8263b0,3ddab1b1,1,1050803

5629,98,84,-6,-2000,66,15716,-4097,2457,-3273,bf7dfd6f,bbabe288,bd7d8e6a,3dde4d1f,bf7dfd6f,bbabe28b,bd7d8e68,3dde4d1e,1,1059322

5630,65,70,-21,-2048,153,15742,-4093,2461,-3168,bf7dfca5,bc56ea1b,bd82d6dc,3ddac859,bf7dfca6,bc56ea1b,bd82d6dd,3ddac859,1,1067841

5631,58,66,-32,-2107,246,15798,-4093,2461,-3168,bf7dd815,bc750d12,bd8938d8,3de0e644,bf7dd815,bc750d07,bd8938d6,3de0e644,1,1076359

5632,88,77,-27,-2090,263,15784,-4119,2513,-3205,bf7dc894,bc2d5739,bd80f664,3deafaa3,bf7dc894,bc2d573b,bd80f661,3deafaa4,1,1084878

5633,134,98,-16,-2130,251,15809,-4077,2503,-3250,bf7da367,bc83f556,bd890bba,3def1602,bf7da368,bc83f554,bd890bbb,3def1605,1,1093397

5634,168,116,-7,-2052,167,15751,-4077,2503,-3250,bf7da2e4,bc1e3cee,bd80fc64,3df51657,bf7da2e5,bc1e3cf6,bd80fc62,3df51659,1,1101915

5635,185,124,5,-2132,286,15777,-4035,2459,-3210,bf7da20d,bc8d80fa,bd85a716,3df103f6,bf7da20d,bc8d80fb,bd85a715,3df103f7,1,1110434

5636,227,137,18,-2066,145,15772,-4083,2435,-3207,bf7dc995,bc2ae658,bd8181be,3dea6f5e,bf7dc996,bc2ae65b,bd8181bd,3dea6f60,1,1118952

5637,238,146,22,-2070,119,15769,-4097,2457,-3218,bf7dd38b,bc816f50,bd877617,3de2ff4e,bf7dd38a,bc816f4a,bd877619,3de2ff4e,1,1127471

5638,231,137,22,-2002,84,15690,-4097,2457,-3218,bf7de10e,bc0af92f,bd7f7942,3de5538e,bf7de10e,bc0af92b,bd7f7942,3de5538f,1,1135990

5639,215,127,12,-2009,44,15698,-4073,2509,-3292,bf7dbe49,bb6f8d9c,bd814a86,3dee6e6e,bf7dbe48,bb6f8db7,bd814a88,3dee6e6e,1,1144509

5640,176,107,3,-1993,47,15712,-4079,2475,-3256,bf7dd01c,bc3b0d4f,bd807d49,3de907ef,bf7dd01d,bc3b0d55,bd807d4c,3de907f1,1,1153027

5641,152,68,5,-1542,203,15407,-4079,2475,-3256,bf7def71,bc411b44,bd5eecec,3de92fe6,bf7def72,bc411b46,bd5eecf1,3de92fe8,1,1161045

5642,151,-49,20,-2286,37,15878,-4105,2471,-3323,bf7dd042,bc31c44b,bd809457,3de90deb,bf7dd042,bc31c44b,bd809459,3de90dec,1,1169564

5643,121,-29,20,-2253,160,15870,-4083,2501,-3158,bf7da2d8,bc3fbecc,bd8fec01,3dec404a,bf7da2d8,bc3fbed1,bd8fec03,3dec404c,1,1178082

5644,107,47,2,-2178,131,15823,-4083,2501,-3158,bf7da887,bc1811aa,bd83a356,3df24379,bf7da886,bc1811b1,bd83a356,3df2437a,1,1186601

5645,99,86,2,-2104,148,15774,-4093,2435,-3200,bf7dbb9f,bc86b6ec,bd867d83,3de9f5e6,bf7dbb9f,bc86b6f0,bd867d84,3de9f5e8,1,1195119

5646,109,107,6,-2140,223,15785,-4081,2449,-3276,bf7db982,bc365734,bd8944db,3dea3bd1,bf7db983,bc365733,bd8944d6,3dea3bd3,1,1203638

5647,125,119,15,-2133,188,15779,-4081,2449,-3276,bf7dcd95,bc95c3f1,bd863916,3de49c84,bf7dcd95,bc95c3f4,bd863916,3de49c84,1,1212157

5648,140,137,16,-2079,143,15724,-4093,2519,-3226,bf7dbf41,bc32a4f5,bd840ecd,3debb655,bf7dbf41,bc32a4fd,bd840ecc,3debb655,1,1220675

5649,143,130,25,-2086,130,15764,-4111,2429,-3222,bf7dd9db,bc8cfe9c,bd863c40,3de18674,bf7dd9db,bc8cfe9b,bd863c43,3de18674,1,1229194

5650,141,125,39,-2101,249,15775,-4095,2425,-3251,bf7df5c8,bc471226,bd81e0f0,3ddd8ff4,bf7df5c9,bc471222,bd81e0f4,3ddd8ff6,1,1237712

5651,155,142,47,-2114,291,15765,-4095,2425,-3251,bf7df324,bc9f7570,bd86e9b2,3dd91376,bf7df325,bc9f7572,bd86e9b2,3dd91377,1,1246231

5652,196,157,58,-2051,143,15717,-4105,2397,-3210,bf7e08da,bc3b71c7,bd82a7b6,3dd7b8a5,bf7e08da,bc3b71c7,bd82a7b8,3dd7b8a5,1,1254750

5653,212,152,64,-2097,164,15744,-4083,2445,-3221,bf7dee5e,bc500690,bd8bec60,3dd9675a,bf7dee5f,bc500696,bd8bec5e,3dd9675d,1,1262767

5654,212,156,70,-2073,143,15757,-4083,2445,-3221,bf7e0742,bc192d4f,bd7a9a1e,3ddbc061,bf7e0742,bc192d6f,bd7a9a13,3ddbc061,1,1271286

5655,198,158,60,-2090,163,15779,-4115,2441,-3281,bf7dfa95,bc751a5b,bd87ba2e,3dd7e336,bf7dfa95,bc751a43,bd87ba30,3dd7e337,1,1279804

5656,195,159,55,-2061,147,15730,-4105,2485,-3293,bf7df146,bc030654,bd828d61,3ddf3e5f,bf7df146,bc030649,bd828d5f,3ddf3e60,1,1288323

5657,185,160,39,-2080,166,15747,-4105,2485,-3293,bf7ddd9c,bc71e506,bd85a37d,3de18cdf,bf7ddd9c,bc71e508,bd85a37a,3de18cde,1,1296842

5658,176,156,20,-2088,115,15771,-4093,2483,-3233,bf7dd07e,bbf198c1,bd840818,3de7a069,bf7dd07e,bbf198c1,bd84081b,3de7a068,1,1305360

5659,143,152,13,-2125,147,15787,-4085,2481,-3248,bf7dc870,bc71b981,bd8845b3,3de5e413,bf7dc870,bc71b992,bd8845af,3de5e412,1,1313879

5660,126,166,3,-2087,188,15752,-4085,2481,-3248,bf7dc43b,bc12a8d7,bd80b45c,3dec927d,bf7dc43c,bc12a8cf,bd80b45f,3dec927f,1,1322398

5661,135,185,-2,-2071,182,15756,-4075,2439,-3221,bf7dcf84,bc860506,bd83fcaa,3de5fb97,bf7dcf83,bc860502,bd83fcab,3de5fb97,1,1330916

5662,144,184,2,-2052,246,15745,-4095,2411,-3211,bf7e01d0,bca19512,bd80117e,3dd8d550,bf7e01d0,bca19517,bd801179,3dd8d552,1,1339435

5663,166,181,1,-2008,248,15729,-4095,2411,-3211,bf7e0a3d,bc3f90b6,bd7e118f,3dd96989,bf7e0a3e,bc3f90be,bd7e1196,3dd9698c,1,1347954

5664,188,161,-2,-2031,384,15810,-4069,2439,-3293,bf7e0480,bca1c214,bd7e94d0,3dd87ed7,bf7e0481,bca1c21a,bd7e94c9,3dd87ed9,1,1356472

5665,215,144,-1,-2020,137,15680,-4063,2479,-3216,bf7df722,bc43c37e,bd7f3503,3dde8a61,bf7df723,bc43c38a,bd7f34ff,3dde8a63,1,1364490

5666,214,153,16,-2096,124,15809,-4117,2481,-3237,bf7dd21e,bbf7b708,bd894e6a,3de40ffe,bf7dd21e,bbf7b6ed,bd894e64,3de40fff,1,1373009

5667,203,156,31,-2137,131,15790,-4117,2481,-3237,bf7dd815,bc746e19,bd86cc21,3de25f0c,bf7dd815,bc746e19,bd86cc24,3de25f0c,1,1381527

5668,187,182,21,-2088,257,15758,-4053,2449,-3250,bf7ddce9,bc60f8ea,bd7986ae,3de709ab,bf7ddce9,bc60f8f7,bd7986a2,3de709a9,1,1390046

5669,209,207,22,-1909,77,15644,-4089,2451,-3330,bf7deae0,bbc54d76,bd7259cf,3de67dfd,bf7deae0,bbc54d5e,bd7259e5,3de67dfd,1,1398564

5670,206,160,23,-2008,158,15721,-4089,2451,-3330,bf7dea8a,bc598f81,bd7eb663,3de1eed0,bf7dea8a,bc598f8a,bd7eb66c,3de1eecf,1,1407083

5671,182,133,19,-2023,195,15739,-4079,2473,-3177,bf7dcdd2,bc19b7e3,bd81f836,3de936d4,bf7dcdd3,bc19b7bd,bd81f828,3de936d5,1,1415602

5672,179,127,11,-2022,160,15750,-4075,2441,-3199,bf7de36c,bc889999,bd810091,3de20e31,bf7de36d,bc88998d,bd81009a,3de20e34,1,1424120

5673,166,117,-8,-2062,196,15778,-4075,2441,-3199,bf7ddcde,bc1b90ec,bd84857f,3de3993b,bf7ddcdf,bc1b90be,bd848574,3de3993b,1,1432639

5674,170,122,-15,-2077,191,15770,-4045,2437,-3229,bf7de915,bc8c3e63,bd840b8e,3dde8a80,bf7de916,bc8c3e52,bd840b8e,3dde8a81,1,1441158

5675,177,125,-14,-2034,174,15747,-4051,2487,-3298,bf7ddd37,bc20e5eb,bd80d4ef,3de58db6,bf7ddd37,bc20e5d0,bd80d4eb,3de58db6,1,1449676

5676,180,118,-9,-2063,197,15758,-4051,2487,-3298,bf7dbbb0,bc7317fb,bd84dfcf,3deb4ffd,bf7dbbb1,bc731808,bd84dfd8,3deb4ff8,1,1457694

5677,180,114,-3,-2060,214,15768,-4071,2435,-3241,bf7de946,bc92e63e,bd7c81c3,3de18f9b,bf7de946,bc92e60d,bd7c81a5,3de18f9a,1,1466213

5678,198,117,2,-2045,119,15752,-4075,2481,-3281,bf7dd847,bc273c2c,bd809da2,3de6f678,bf7dd848,bc273be5,bd809da3,3de6f678,1,1474731

5679,197,119,10,-2046,161,15756,-4049,2489,-3233,bf7db3a6,bc44c749,bd83d9aa,3deeb544,bf7db3a5,bc44c800,bd83d9aa,3deeb539,1,1483250

5680,193,120,14,-2066,190,15754,-4049,2489,-3233,bf7da1d1,bc5ca608,bd803ebc,3df5007e,bf7da1d0,bc5ca370,bd803ebc,3df50096,1,1491769

5681,197,131,7,-2067,176,15775,-4077,2451,-3290,bf7daf1e,bc92b8e6,bd87c876,3dec245c,bf7daf1d,bc92ba29,bd87c82f,3dec2488,1,1500287

5682,206,137,9,-2088,162,15785,-4041,2463,-3198,bf7db12f,bc27f398,bd836be4,3deff089,bf7db130,bc27f520,bd836c04,3deff0b7,1,1508806

5683,213,144,9,-2017,77,15726,-4041,2463,-3198,bf7dd96e,bc56a1e5,bd78e36e,3de850f4,bf7dd970,bc569e91,bd78e2af,3de85128,1,1517324

5684,184,139,6,-2034,114,15765,-4085,2451,-3259,bf7dce4d,bc255e2e,bd88e30f,3de4f681,bf7dce4e,bc2566b0,bd88e35f,3de4f654,1,1525843

5685,164,123,2,-2017,142,15748,-4075,2503,-3263,bf7dd352,bc0d7a74,bd75681c,3debc2f6,bf7dd351,bc0d72e4,bd756958,3debc2f1,1,1534362

5686,153,116,-2,-2012,161,15719,-4075,2503,-3263,bf7db2db,bc605628,bd8436ba,3dee564e,bf7db2e0,bc605ce3,bd843601,3dee55b7,1,1542880

5687,149,103,-6,-2012,105,15715,-4069,2503,-3305,bf7dab67,bbe14926,bd7d6fa9,3df475f3,bf7dab68,bbe14d4f,bd7d70b7,3df47568,1,1551399

5688,126,92,-12,-2020,116,15752,-4093,2485,-3244,bf7db3a9,bc6cbe30,bd81b329,3def5065,bf7db3ab,bc6cc0b4,bd81b329,3def4fe6,1,1559917

5689,110,76,-19,-2060,256,15778,-4093,2485,-3244,bf7da071,bc845ae2,bd821f68,3df3ae59,bf7da070,bc845444,bd821f4b,3df3aeae,1,1567935

5690,121,86,-25,-2084,231,15743,-4147,2465,-3273,bf7dafa3,bc8d5e04,bd897236,3deb3e2a,bf7dafa4,bc8d737b,bd8971bf,3deb3d91,1,1576454

5691,140,89,-27,-2076,211,15778,-4093,2487,-3175,bf7db2ee,bc32c564,bd812603,3df096c9,bf7db2ea,bc32d6d1,bd812955,3df09638,1,1584972

5692,160,90,-21,-1993,205,15717,-4057,2489,-3243,bf7db631,bc8ac591,bd75b2da,3df19003,bf7db63a,bc8ab820,bd75a73a,3df191b9,1,1593491

5693,180,49,-6,-1871,186,15606,-4057,2489,-3243,bf7db1f1,bc1d5db7,bd6cf7fa,3df67fd2,bf7db1ec,bc1d3de4,bd6cf773,3df681cc,1,1602009

5694,193,-3,12,-2238,157,15864,-4085,2411,-3269,bf7dad10,bc6fe0b2,bd82e793,3df05b3e,bf7dad0e,bc6fcd76,bd82e5fe,3df05d1e,1,1610528

5695,179,44,0,-2055,234,15761,-4037,2445,-3217,bf7dc6f9,bc9f99dd,bd811e19,3de8ee12,bf7dc6e7,bc9facbe,bd8122fe,3de8ef8a,1,1619046

5696,201,51,9,-2106,212,15759,-4037,2445,-3217,bf7db8a4,bc44160f,bd863b0f,3dec0c8f,bf7db8a0,bc44249e,bd86388f,3dec0ebd,1,1627565

5697,209,48,18,-2054,114,15724,-4061,2461,-3292,bf7dd7af,bc288f15,bd77c9e7,3de9ad20,bf7dd7a3,bc286b57,bd77d1f0,3de9aec8,1,1636084

5698,194,51,16,-2160,144,15787,-4077,2445,-3239,bf7dc7a1,bc6b3c04,bd899c21,3de56c41,bf7dc7a0,bc6b46d5,bd899c36,3de56c4e,1,1644602

5699,187,66,12,-2105,212,15769,-4077,2445,-3239,bf7de9b7,bc6fdea2,bd7967ae,3de349c1,bf7de9b4,bc6fbe99,bd7966fd,3de34b17,1,1653121

5700,184,77,12,-2043,115,15722,-4075,2469,-3287,bf7dd105,bc00b4c2,bd83c710,3de78f67,bf7dd0fd,bc00a6fd,bd83c9c9,3de79031,1,1661639

5701,160,63,6,-2086,135,15750,-4099,2557,-3239,bf7d9f25,bbdf6311,bd8383f9,3df51cd1,bf7d9f26,bbdf810f,bd838258,3df51dbd,1,1669657

5702,141,58,3,-2117,225,15771,-4099,2557,-3239,bf7d82f9,bc63d1ce,bd859850,3df9f82f,bf7d82f0,bc63d7d8,bd8598d2,3df9f9f9,1,1678176

5703,142,72,13,-2109,158,15760,-4011,2451,-3239,bf7da05b,bc88a837,bd8810bf,3df048fe,bf7da05b,bc88a678,bd880f9f,3df049e9,1,1686694

5704,145,82,16,-2132,221,15789,-4087,2505,-3270,bf7d8eb7,bc26ab08,bd850095,3df80dfa,bf7d8eb1,bc26a863,bd8500dc,3df80f01,1,1695213

5705,158,94,18,-2143,163,15782,-4107,2459,-3326,bf7d9a44,bc8d8f18,bd89253e,3df11960,bf7d9a40,bc8d8e86,bd89250d,3df11a59,1,1703732

5706,164,109,14,-2111,134,15772,-4107,2459,-3326,bf7da936,bc1d7317,bd84a9de,3df178b2,bf7da934,bc1d7239,bd84a9d1,3df17944,1,1712250

5707,147,116,26,-2150,174,15802,-4071,2487,-3248,bf7d9d70,bc8671f1,bd8a71ca,3defc60a,bf7d9d70,bc867211,bd8a71af,3defc663,1,1720769

5708,149,135,51,-2159,242,15775,-4097,2477,-3221,bf7d9fd5,bc443214,bd83c51b,3df3f755,bf7d9fd5,bc4432ee,bd83c52b,3df3f785,1,1729288

5709,169,145,53,-2100,195,15742,-4097,2477,-3221,bf7da459,bc974d11,bd87525b,3def1a03,bf7da459,bc974d52,bd875254,3def1a22,1,1737806

5710,167,152,58,-2103,115,15761,-4039,2487,-3325,bf7d9bf5,bc2eb044,bd8567e7,3df45729,bf7d9bf4,bc2eb0b4,bd8567e7,3df45744,1,1746325

5711,154,144,70,-2109,160,15772,-4061,2471,-3182,bf7da79e,bc8fde63,bd86cbb6,3deed11b,bf7da79d,bc8fde85,bd86cbb3,3deed12d,1,1754843

5712,162,154,97,-2110,138,15782,-4061,2471,-3182,bf7da3d7,bc1f5fa3,bd85641c,3df27541,bf7da3d7,bc1f5fdc,bd85641c,3df27550,1,1762861

5713,172,178,162,-2210,220,15781,-4095,2483,-3193,bf7d993d,bc88b6c6,bd8c4df1,3defb91f,bf7d993d,bc88b6da,bd8c4df4,3defb92d,1,1771380

5714,184,216,187,-2223,434,15822,-4075,2503,-3261,bf7d79bf,bca990b8,bd86c2aa,3df9b5e3,bf7d79c0,bca990c2,bd86c2a8,3df9b5f1,1,1779899

5715,182,278,126,-1933,220,15678,-4075,2503,-3261,bf7d8330,bc665b57,bd79d003,3dfe5564,bf7d8331,bc665b69,bd79cffe,3dfe5570,1,1788417

5716,175,230,78,-1972,218,15707,-4055,2511,-3255,bf7d6be4,bc4bda8c,bd781fdc,3e026929,bf7d6be4,bc4bdaa8,bd781ff1,3e02692c,1,1796936

5717,165,180,54,-1963,263,15696,-4087,2481,-3235,bf7d7cbc,bca2f48b,bd799e7e,3dfe5afc,bf7d7cbd,bca2f49c,bd799e77,3dfe5b01,1,1805454

5718,178,155,37,-1994,222,15716,-4047,2467,-3301,bf7d7bf3,bc45c94a,bd7e29ab,3dff7c4c,bf7d7bf2,bc45c95e,bd7e299a,3dff7c4e,1,1813973

5719,187,126,16,-2026,204,15726,-4047,2467,-3301,bf7d8944,bc9c372f,bd8212d0,3df8ccb8,bf7d8944,bc9c372e,bd8212d5,3df8ccbb,1,1822492

5720,190,101,-1,-2056,252,15748,-4023,2423,-3333,bf7db1c3,bc6b20b4,bd8327f8,3def0c6c,bf7db1c3,bc6b20be,bd8327e9,3def0c6b,1,1831010

5721,195,94,-13,-2007,266,15712,-4073,2495,-3261,bf7dabb2,bc5dbeed,bd6ff687,3df69bf0,bf7dabb2,bc5dbec3,bd6ff6a5,3df69bfd,1,1839529

5722,208,48,-5,-1425,279,15299,-4073,2495,-3261,bf7dc812,bc641452,bd4e126c,3df6e1fb,bf7dc811,bc641452,bd4e1289,3df6e204,1,1848047

5723,242,-127,20,-2242,147,15828,-4037,2469,-3255,bf7dab6b,bc645231,bd7128c8,3df64b8f,bf7dab6b,bc64523c,bd7128e5,3df64b98,1,1856566

5724,228,-140,-1,-2035,228,15759,-4045,2467,-3186,bf7d987c,bc8be5ca,bd86cb55,3df2f2a6,bf7d987d,bc8be5ec,bd86cb5c,3df2f2aa,1,1865084

5725,220,-133,-13,-2241,198,15862,-4045,2467,-3186,bf7d7ce4,bc441f30,bd91db4b,3df50758,bf7d7ce3,bc441f05,bd91db46,3df5075d,1,1873102

5726,227,-126,-28,-2163,75,15781,-4083,2465,-3208,bf7db1fa,bc49116d,bd8397be,3def3cc0,bf7db1fb,bc4911d3,bd8397bf,3def3cc0,1,1881621

5727,204,-101,-30,-2098,112,15720,-4031,2447,-3224,bf7dbab9,bc5fb0e2,bd8cb046,3de74c1a,bf7dbaba,bc5fafc8,bd8cb04c,3de74c1f,1,1890140

5728,181,-104,-26,-2278,241,15864,-4031,2447,-3224,bf7da704,bc97c988,bd93e341,3de6c962,bf7da705,bc97ca41,bd93e325,3de6c948,1,1898658

5729,199,-72,-29,-2244,174,15806,-4047,2485,-3292,bf7da2b4,bc3a6511,bd8edcbc,3decff3c,bf7da2b5,bc3a6612,bd8edcc2,3decff22,1,1907177

5730,203,-31,-38,-2292,127,15840,-4041,2471,-3257,bf7d8bf4,bc57a3da,bd95e077,3dee5bf9,bf7d8bf3,bc57a050,bd95e075,3dee5c15,1,1915695

5731,203,5,-33,-2231,150,15772,-4023,2467,-3215,bf7da6cc,bc3b59dc,bd86ef4e,3df082b0,bf7da6cd,bc3b5e7c,bd86ef14,3df0828b,1,1924214

5732,182,32,-34,-2319,234,15832,-4023,2467,-3215,bf7d8be9,bc874e3b,bd932e9c,3def2c23,bf7d8be8,bc874e0d,bd932ed9,3def2c32,1,1932732

5733,198,81,-31,-2289,151,15826,-4059,2445,-3207,bf7da45e,bc227716,bd8e058d,3ded5521,bf7da45f,bc227822,bd8e053c,3ded5524,1,1941251

5734,200,129,-35,-2215,110,15785,-4065,2463,-3290,bf7db632,bc844f92,bd8bc16c,3de86d44,bf7db631,bc844fa6,bd8bc1cc,3de86d40,1,1949770

5735,176,141,-34,-2187,125,15757,-4065,2463,-3290,bf7db05c,bc0b3271,bd8a8978,3dec6aa9,bf7db05c,bc0b32af,bd8a895f,3dec6aa7,1,1958288

5736,149,145,-35,-2281,150,15796,-4101,2431,-3238,bf7db76e,bc7e2caa,bd903b84,3de584e6,bf7db76d,bc7e2ca0,bd903b83,3de584e6,1,1966807

5737,144,186,-32,-2398,160,15902,-4035,2465,-3193,bf7d94d2,bc23f655,bd98a62a,3deadbfe,bf7d94d2,bc23f665,bd98a62e,3deadbfe,1,1974825

5738,140,280,-32,-2202,203,15774,-4035,2465,-3193,bf7db58b,bc707391,bd8a5432,3de9dd49,bf7db58a,bc70737e,bd8a5433,3de9dd49,1,1983343

5739,154,298,-22,-2154,228,15750,-4085,2449,-3197,bf7dd325,bc95a0f1,bd841ac8,3de44e85,bf7dd326,bc95a109,bd841ad3,3de44e85,1,1991862

5740,182,307,-2,-2219,245,15787,-4089,2469,-3214,bf7db33a,bc4b830b,bd8cb75f,3de99d6f,bf7db33b,bc4b82e4,bd8cb75b,3de99d72,1,2000381

5741,207,328,15,-2267,196,15806,-4089,2469,-3214,bf7da308,bc8b90b2,bd92eb94,3de8f8b5,bf7da308,bc8b90c2,bd92eb96,3de8f8b2,1,2008899

5742,212,375,12,-2218,112,15784,-4073,2465,-3261,bf7dabc3,bc1dd36c,bd8bc278,3decbf80,bf7dabc3,bc1dd386,bd8bc27b,3decbf7e,1,2017418

5743,188,417,-6,-2122,170,15759,-4101,2441,-3256,bf7dcacb,bc890bf6,bd864939,3de5d7fd,bf7dcaca,bc890bfc,bd864936,3de5d7fa,1,2025937

5744,167,426,-22,-1757,-138,15620,-4039,2455,-3252,bf7ddd65,bc1c78c1,bd797f30,3de7cb66,bf7ddd64,bc1c78c3,bd797f2f,3de7cb64,1,2034455

5745,122,360,-41,-2043,519,15717,-4039,2455,-3252,bf7ddb0f,bc91ea67,bd7b9eb2,3de5ce73,bf7ddb0f,bc91ea68,bd7b9eb4,3de5ce72,1,2042974

5746,160,290,-25,-1931,190,15662,-4087,2471,-3282,bf7dd828,bc26c7da,bd73f4b2,3dea9363,bf7dd828,bc26c7e0,bd73f4ae,3dea9362,1,2051492

5747,187,218,-30,-2104,244,15767,-4091,2443,-3253,bf7dd12f,bc86f975,bd8355b8,3de5dc54,bf7dd130,bc86f977,bd8355b6,3de5dc55,1,2060011

5748,188,200,-34,-1995,97,15695,-4091,2443,-3253,bf7ddffc,bc0cb19e,bd7d566f,3de6329b,bf7ddffc,bc0cb19e,bd7d566f,3de6329b,1,2068029

5749,169,173,-43,-1889,133,15633,-4087,2463,-3234,bf7dfd03,bc72ba61,bd6b1078,3de1aa8b,bf7dfd03,bc72ba61,bd6b1078,3de1aa8b,1,2076547

5750,143,120,-44,-1983,145,15666,-4049,2499,-3190,bf7ddacf,bc0d3c54,bd7a048c,3de883c8,bf7ddad0,bc0d3c52,bd7a048c,3de883c9,1,2085066

5751,119,76,-55,-2021,170,15720,-4049,2499,-3190,bf7db89a,bc63bae0,bd83dfb4,3decf129,bf7db89a,bc63badb,bd83dfb5,3decf129,1,2093585

5752,92,58,-77,-2078,230,15773,-4069,2479,-3281,bf7da783,bc600aa3,bd814d1e,3df2e9dd,bf7da783,bc600ab1,bd814d20,3df2e9dc,1,2102103

5753,101,49,-83,-1978,214,15694,-4071,2477,-3252,bf7dbfb2,bc80c202,bd6bf564,3df1d77b,bf7dbfb2,bc80c1e3,bd6bf556,3df1d77e,1,2110622

5754,111,7,-66,-1708,187,15506,-4071,2477,-3252,bf7dd3e8,bc295f58,bd5432a8,3df34145,bf7dd3e8,bc295f23,bd54329e,3df34146,1,2119141

5755,122,-123,-28,-2242,145,15807,-4033,2477,-3252,bf7db6f7,bc44a9ad,bd767883,3df26726,bf7db6f7,bc44a995,bd767877,3df26725,1,2127659

5756,111,-107,-30,-2050,140,15700,-4115,2449,-3282,bf7db7bb,bc85c13f,bd8743b8,3dea9a36,bf7db7bc,bc85c133,bd8743b6,3dea9a39,1,2136178

5757,94,-106,-35,-2111,248,15738,-4057,2463,-3243,bf7db1e4,bc389760,bd82afd6,3deff683,bf7db1e4,bc38976b,bd82afdd,3deff684,1,2144696

5758,111,-125,-27,-2236,318,15801,-4057,2463,-3243,bf7da137,bc950d3f,bd8bdf57,3ded653b,bf7da137,bc950d4c,bd8bdf5a,3ded653c,1,2153215

5759,134,-103,-15,-2286,255,15831,-4059,2503,-3227,bf7d7f58,bc42b808,bd8f819f,3df5cc1c,bf7d7f57,bc42b815,bd8f81a0,3df5cc1b,1,2161734

5760,148,-43,-13,-2374,240,15909,-4089,2469,-3270,bf7d7768,bc9aa071,bd9664a3,3df1dc74,bf7d7768,bc9aa073,bd9664a7,3df1dc75,1,2170252

5761,179,5,-10,-2063,389,15510,-4089,2469,-3270,bf7d9774,bc9ca7ee,bd85b0b6,3df32fc5,bf7d9773,bc9ca7eb,bd85b0b9,3df32fc5,1,2178270

5762,301,6,8,-2024,263,15563,-4067,2477,-3208,bf7d9bbd,bc48fa96,bd7d776f,3df79c3f,bf7d9bbd,bc48fa8e,bd7d7778,3df79c40,1,2186789

5763,342,-23,-6,-2226,-323,15858,-4047,2493,-3154,bf7d88ee,bba5dbd0,bd87f7e6,3df89577,bf7d88ed,bba5dbad,bd87f7e8,3df89577,1,2195307

5764,235,-12,-10,-2524,128,15989,-4047,2493,-3154,bf7d73eb,bc2b8b5d,bd947c4c,3df60e18,bf7d73ec,bc2b8b54,bd947c4e,3df60e19,1,2203826

5765,118,73,-29,-2300,292,15816,-4095,2531,-3248,bf7d6cdd,bc8def2a,bd8e6bfb,3df9cdaa,bf7d6cde,bc8def1f,bd8e6bf6,3df9cda9,1,2212345

5766,168,142,-13,-2227,207,15765,-4095,2441,-3257,bf7da550,bc923bb6,bd8b9a00,3dec916d,bf7da550,bc923bd7,bd8b9a00,3dec916a,1,2220863

5767,175,155,-16,-2232,526,15915,-4095,2441,-3257,bf7da7e8,bcd355b4,bd89a094,3de9f066,bf7da7e8,bcd355d3,bd89a094,3de9f065,1,2229382

5768,239,179,-23,-2111,599,15629,-4111,2477,-3218,bf7d9ee5,bcb203d7,bd7f223b,3df39dec,bf7d9ee4,bcb203d2,bd7f2240,3df39de8,1,2237900

5769,308,195,-10,-2172,252,15735,-4079,2487,-3213,bf7d85eb,bc724e69,bd873280,3df82441,bf7d85ea,bc724e63,bd873283,3df8243d,1,2246419

5770,322,185,-9,-2006,-313,15667,-4121,2413,-3239,bf7da409,bbdb2102,bd85a369,3df2b3ff,bf7da409,bbdb20f8,bd85a36b,3df2b3fd,1,2254938

5771,192,144,-15,-2405,116,15918,-4121,2413,-3239,bf7da565,bc51b20e,bd8ef4be,3debea28,bf7da564,bc51b20f,bd8ef4be,3debea24,1,2263456

5772,130,209,-17,-2458,215,15936,-4119,2443,-3260,bf7d9612,bc91dd06,bd9a877b,3de7544f,bf7d9613,bc91dd01,bd9a877e,3de7544e,1,2271975

5773,143,340,-18,-2144,235,15744,-4089,2493,-3267,bf7da9d7,bc5b845d,bd8c4d6e,3dec2c1e,bf7da9d6,bc5b8465,bd8c4d6d,3dec2c1a,1,2280493

5774,161,344,-13,-1907,769,15848,-4089,2493,-3267,bf7db950,bca43da5,bd814536,3dec563e,bf7db950,bca43daa,bd814535,3dec563c,1,2288511

5775,258,268,2,-1883,521,15501,-4083,2465,-3198,bf7dc900,bcbd8cc9,bd63c80c,3deed78b,bf7dc901,bcbd8cc2,bd63c808,3deed78b,1,2297030

5776,323,181,9,-2233,121,15760,-4101,2433,-3229,bf7db5cb,bc93980a,bd7ee0cf,3deef2d5,bf7db5cd,bc939806,bd7ee0cd,3deef2d6,1,2305548

5777,327,189,20,-1937,-366,15654,-4101,2433,-3229,bf7dbe1c,bc1aabbc,bd7f6fc1,3deea90d,bf7dbe1d,bc1aabb4,bd7f6fbf,3deea90c,1,2314067

5778,180,142,6,-2202,311,15787,-4151,2433,-3231,bf7dbfd9,bc8808e9,bd8629c1,3de8f3e4,bf7dbfd9,bc8808e6,bd8629be,3de8f3e2,1,2322585

5779,166,159,-4,-2441,370,15958,-4083,2439,-3219,bf7da0f5,bca5050d,bd94a48f,3de765ce,bf7da0f5,bca50507,bd94a48c,3de765cc,1,2331104

5780,212,252,-6,-2024,45,15696,-4083,2439,-3219,bf7dbb71,bc5c6426,bd89ec07,3de8cf67,bf7dbb72,bc5c6412,bd89ec05,3de8cf66,1,2339622

5781,195,249,-9,-1905,161,15632,-4087,2447,-3172,bf7de7db,bc57a033,bd71820e,3de64c81,bf7de7db,bc57a03a,bd718209,3de64c7e,1,2348141

5782,179,172,1,-2087,274,15721,-4097,2407,-3190,bf7de5e8,bc9a2591,bd82dd71,3ddf918f,bf7de5e7,bc9a258d,bd82dd71,3ddf918d,1,2356660

5783,189,141,-4,-2071,124,15725,-4119,2467,-3168,bf7dddb1,bc3187ab,bd8386c0,3de3b181,bf7dddb2,bc3187a5,bd8386c2,3de3b181,1,2365178

5784,184,135,-2,-2076,141,15739,-4119,2467,-3168,bf7de0d3,bc7b71ec,bd868c1f,3ddfefda,bf7de0d4,bc7b7206,bd868c15,3ddfefd8,1,2373196

5785,160,118,-5,-2095,237,15745,-4123,2467,-3221,bf7dd8f1,bc2a30bc,bd81262b,3de672f1,bf7dd8f2,bc2a307b,bd81263a,3de672f1,1,2381715

5786,159,101,-15,-2134,210,15790,-4097,2457,-3248,bf7dcead,bc8a887c,bd896b99,3de2d7b1,bf7dcead,bc8a888c,bd896b93,3de2d7ae,1,2390233

5787,182,109,-18,-2134,196,15779,-4097,2457,-3248,bf7dce59,bc1e012f,bd856e01,3de70fee,bf7dce59,bc1e0135,bd856e06,3de70fed,1,2398752

5788,183,115,-17,-2094,177,15721,-4073,2441,-3333,bf7dda78,bc8ca831,bd85f682,3de18715,bf7dda78,bc8ca833,bd85f685,3de18715,1,2407271

5789,169,116,-22,-2076,115,15721,-4077,2473,-3178,bf7dd320,bc1a4981,bd8433c6,3de67ee9,bf7dd31f,bc1a4985,bd8433c5,3de67ee8,1,2415789

5790,170,108,-21,-2111,590,15892,-4077,2473,-3178,bf7dd2b9,bc912ade,bd8328de,3de52589,bf7dd2b9,bc912ae1,bd8328df,3de52589,1,2424308

5791,244,110,-14,-2076,523,15662,-4093,2453,-3294,bf7dc71a,bccfb566,bd8155cd,3de6635c,bf7dc71a,bccfb566,bd8155c7,3de6635d,1,2432826

5792,320,103,-15,-1605,435,15421,-4083,2467,-3305,bf7ddbd8,bca88f13,bd671296,3de9fabb,bf7ddbd8,bca88f0d,bd67128d,3de9fabd,1,2441345

5793,368,-14,-4,-2378,-326,15964,-4083,2467,-3305,bf7dc8c3,bc60a77f,bd7c358d,3debcc9e,bf7dc8c3,bc60a779,bd7c3586,3debcc9f,1,2449864

5794,242,3,-15,-2347,121,15904,-4055,2455,-3200,bf7da88b,bc551bad,bd8ed5cf,3deb176c,bf7da88b,bc551baf,bd8ed5cc,3deb176c,1,2458382

5795,192,105,-26,-2244,319,15834,-4051,2427,-3276,bf7db5f7,bca9f670,bd8d1ffa,3de61ec4,bf7db5f7,bca9f672,bd8d1ffa,3de61ec4,1,2466901

5796,234,141,-7,-2112,100,15719,-4097,2451,-3291,bf7dbe02,bc50fcf3,bd88a187,3de9095e,bf7dbe02,bc50fcfa,bd88a186,3de9095e,1,2475420

5797,234,148,-6,-2094,129,15707,-4097,2451,-3291,bf7de96b,bc472d3f,bd7e116d,3de2b182,bf7de96c,bc472d29,bd7e116b,3de2b184,1,2483437

5798,228,140,0,-2087,92,15714,-4059,2421,-3202,bf7de743,bc4ef97f,bd8c7606,3ddb23c6,bf7de744,bc4ef9a9,bd8c7603,3ddb23c5,1,2491956

5799,211,128,10,-2142,98,15769,-4095,2449,-3288,bf7df291,bbd3102c,bd841ef7,3dde29a7,bf7df291,bbd31012,bd841efb,3dde29a7,1,2500475

5800,227,126,20,-1979,243,15608,-4095,2449,-3288,bf7e0116,bc69b190,bd7fcaed,3ddaee86,bf7e0116,bc69b180,bd7fcaf1,3ddaee86,1,2508993

5801,269,149,23,-2220,527,15737,-4105,2467,-3313,bf7ddfb7,bcaa1f00,bd88c19c,3ddd0faa,bf7ddfb7,bcaa1efc,bd88c19c,3ddd0fa9,1,2517512

5802,356,178,-5,-1917,-422,15555,-4097,2453,-3289,bf7de692,bc4a04d6,bd85fdb9,3ddf6bd5,bf7de693,bc4a04cf,bd85fdb9,3ddf6bd4,1,2526031

5803,240,122,-37,-2083,44,15758,-4097,2453,-3289,bf7de8c5,bb9ad1b6,bd84b7e4,3de0c58b,bf7de8c6,bb9ad1ac,bd84b7de,3de0c58b,1,2534549

5804,176,88,-36,-2093,284,15692,-4089,2391,-3245,bf7df7bf,bc4ea955,bd856216,3ddacaa1,bf7df7c0,bc4ea94f,bd856211,3ddacaa0,1,2543068

5805,223,71,-15,-2158,-77,15700,-4079,2433,-3311,bf7dec62,bba51fa3,bd8bc405,3ddb62bb,bf7dec62,bba51faa,bd8bc402,3ddb62b9,1,2551586

5806,176,74,-47,-2126,-131,15783,-4079,2433,-3311,bf7e22a3,bbca7cf4,bd8549e7,3dcf40a0,bf7e22a5,bbca7ccf,bd8549e5,3dcf409f,1,2560105

5807,97,74,-65,-2154,276,15770,-4069,2439,-3284,bf7e1be4,bc6b342f,bd880f2e,3dcdd11f,bf7e1be4,bc6b3419,bd880f2c,3dcdd11d,1,2568623

5808,106,85,-41,-2207,317,15808,-4083,2417,-3261,bf7dfed2,bc9f3a1b,bd8fbf48,3dcfcd88,bf7dfed1,bc9f3a12,bd8fbf4e,3dcfcd83,1,2577142

5809,185,114,-28,-2176,243,15782,-4071,2449,-3260,bf7dfd08,bc49eaff,bd8a20f5,3dd65682,bf7dfd08,bc49eafb,bd8a20f8,3dd6567e,1,2585160

5810,223,125,-17,-2129,179,15729,-4071,2449,-3260,bf7df819,bc191a99,bd81dcf1,3ddd7a4d,bf7df81a,bc191a98,bd81dce9,3ddd7a49,1,2593678

5811,228,124,-24,-2072,86,15727,-4061,2411,-3194,bf7e08ba,bc75c029,bd8797ae,3dd3c2c7,bf7e08ba,bc75c00b,bd8797b1,3dd3c2c4,1,2602197

5812,212,97,-21,-2023,-48,15682,-4031,2441,-3322,bf7e0934,bbe5d45b,bd84329d,3dd778fa,bf7e0934,bbe5d427,bd84329e,3dd778f7,1,2610715

5813,148,59,-30,-2217,66,15818,-4031,2441,-3322,bf7decc9,bc315b61,bd91b6e9,3dd6776b,bf7decc9,bc315b72,bd91b6e6,3dd67767,1,2619234

5814,112,69,-42,-2156,185,15765,-4089,2449,-3219,bf7e067e,bc5afb29,bd828f26,3dd802b3,bf7e067e,bc5afb0a,bd828f22,3dd802b2,1,2627753

5815,115,89,-41,-2175,171,15791,-4077,2441,-3237,bf7de32f,bc329a2b,bd901ca1,3dda5700,bf7de32f,bc329a63,bd901ca3,3dda56fc,1,2636271

5816,121,94,-34,-2211,200,15806,-4077,2441,-3237,bf7df537,bc8bafb0,bd878abd,3dd8ee49,bf7df535,bc8baf9e,bd878ab3,3dd8ee4b,1,2644790

5817,153,119,-19,-2169,174,15781,-4069,2483,-3190,bf7ddfde,bc2184bc,bd885071,3de06ed9,bf7ddfdd,bc2184a3,bd88506f,3de06edd,1,2653308

5818,165,134,-12,-2177,207,15745,-4073,2449,-3164,bf7dddf2,bc8d992a,bd8b7b13,3ddd1fa4,bf7dddf3,bc8d9920,bd8b7b15,3ddd1fa8,1,2661827

5819,191,144,-4,-2169,194,15760,-4073,2449,-3164,bf7dda04,bc215d32,bd88685c,3de20719,bf7dda04,bc215d29,bd886857,3de2071c,1,2670346

5820,199,137,-4,-2141,178,15764,-4113,2465,-3114,bf7de0ae,bc8b6442,bd87ef9e,3ddea0dd,bf7de0ae,bc8b6441,bd87efa2,3ddea0de,1,2678864

5821,206,142,-8,-2119,133,15726,-4095,2479,-3260,bf7dd570,bc195e89,bd867ea4,3de48861,bf7dd56f,bc195e89,bd867ea4,3de48860,1,2687383

5822,201,147,-5,-2143,94,15763,-4087,2401,-3261,bf7deb44,bc8134db,bd8a0625,3ddaacf1,bf7deb44,bc8134d8,bd8a062a,3ddaacf0,1,2695401

5823,185,134,-6,-2148,107,15780,-4087,2401,-3261,bf7e05ad,bc096499,bd887592,3dd5a47b,bf7e05ad,bc09649a,bd887589,3dd5a47a,1,2703919

5824,173,131,-1,-2154,165,15757,-4093,2451,-3236,bf7dff5d,bc805f0b,bd89b2ac,3dd500c7,bf7dff5d,bc805f03,bd89b2b6,3dd500c6,1,2712438

5825,171,135,4,-2065,53,15693,-4071,2415,-3247,bf7e0ca2,bc00c771,bd845618,3dd6406a,bf7e0ca2,bc00c775,bd84561a,3dd64069,1,2720956

5826,145,119,-2,-2145,160,15778,-4071,2415,-3247,bf7e0df8,bc786bfb,bd897ae2,3dd0e786,bf7e0df9,bc786c05,bd897ae1,3dd0e785,1,2729475

5827,128,113,-7,-2107,111,15724,-4091,2499,-3257,bf7dff94,bc04398e,bd86846d,3dd8b732,bf7dff94,bc043997,bd86846b,3dd8b730,1,2737994

5828,125,106,-13,-2168,174,15772,-4089,2447,-3176,bf7df907,bc7d8293,bd8b4e58,3dd5e746,bf7df907,bc7d8290,bd8b4e59,3dd5e744,1,2746512

5829,121,112,-12,-2162,208,15761,-4089,2447,-3176,bf7df241,bc151b5e,bd86b645,3ddc4c10,bf7df241,bc151b58,bd86b648,3ddc4c0e,1,2755031

5830,139,116,-13,-2154,199,15759,-4103,2523,-3189,bf7dbfa3,bc26d046,bd887ae3,3de9367a,bf7dbfa3,bc26d041,bd887ae4,3de93678,1,2763549

5831,159,115,-8,-2137,218,15765,-4117,2475,-3201,bf7dc668,bc91ced8,bd870a1a,3de64677,bf7dc668,bc91ced6,bd870a1a,3de64675,1,2772068

5832,167,119,-13,-2177,199,15785,-4117,2475,-3201,bf7db42b,bc2cf99d,bd8a311d,3deb3ec0,bf7db42c,bc2cf999,bd8a311c,3deb3ec0,1,2780587

5833,182,128,-8,-2136,128,15743,-4081,2461,-3145,bf7dcfd6,bc872651,bd8614a1,3de4a357,bf7dcfd6,bc87264d,bd86149b,3de4a357,1,2789105

5834,172,126,-4,-2209,253,15792,-4009,2443,-3288,bf7dab99,bc489ce5,bd90202b,3de9a5a3,bf7dab99,bc489d03,bd90202b,3de9a5a1,1,2797123

5835,180,131,6,-2103,49,15718,-4083,2383,-3199,bf7deac5,bc7b5c59,bd866ce8,3ddd2cd4,bf7deac4,bc7b5c4a,bd866ce4,3ddd2cd1,1,2805642

5836,169,130,6,-2128,128,15744,-4083,2383,-3199,bf7e1269,bc64fc3b,bd8b803f,3dce8c5e,bf7e1268,bc64fc52,bd8b8041,3dce8c5d,1,2814160

5837,158,128,5,-2128,189,15720,-4093,2421,-3238,bf7e220a,bc180f72,bd81013b,3dd1a602,bf7e220a,bc180f54,bd810143,3dd1a603,1,2822679

5838,152,125,5,-2166,206,15765,-4115,2427,-3217,bf7e1253,bc7c1939,bd8b1258,3dce7150,bf7e1252,bc7c194f,bd8b1257,3dce714e,1,2831198

5839,165,134,4,-2133,231,15759,-4115,2427,-3217,bf7e1adc,bc2416cf,bd81e1ec,3dd3227f,bf7e1adb,bc2416b8,bd81e1f2,3dd3227f,1,2839716

5840,175,134,7,-2116,172,15732,-4085,2457,-3256,bf7df112,bc499c74,bd8cbfaa,3dd82c36,bf7df112,bc499cac,bd8cbfad,3dd82c34,1,2848235

5841,172,119,5,-2118,177,15733,-4081,2493,-3212,bf7de67d,bbfeb7eb,bd83a186,3de1b285,bf7de67c,bbfeb7e8,bd83a18b,3de1b280,1,2856753

5842,157,112,-5,-2117,155,15742,-4081,2493,-3212,bf7dc9b2,bc6275a1,bd891b7a,3de54a75,bf7dc9b3,bc6275a2,bd891b7c,3de54a74,1,2865272

5843,155,115,-8,-2201,285,15792,-4089,2471,-3282,bf7dabaa,bc97155b,bd8ca78b,3dea096b,bf7dabab,bc971560,bd8ca780,3dea096d,1,2873791

5844,173,121,-18,-2138,233,15734,-4113,2471,-3283,bf7db255,bc3fc182,bd84faf6,3dee7e68,bf7db256,bc3fc161,bd84faf8,3dee7e6b,1,2882309

5845,196,130,-23,-2146,225,15760,-4113,2471,-3283,bf7dae9b,bc984444,bd8a17b1,3deab784,bf7dae9b,bc98443d,bd8a17af,3deab784,1,2890327

5846,214,127,-22,-2148,182,15745,-4095,2483,-3272,bf7da77d,bc333f86,bd87aafd,3df002d7,bf7da77c,bc333f74,bd87aafe,3df002d7,1,2898846

5847,224,120,-25,-2085,180,15699,-4087,2421,-3210,bf7dc659,bc924c87,bd85d100,3de6fc22,bf7dc659,bc924c81,bd85d103,3de6fc24,1,2907364

5848,234,70,-15,-1853,199,15552,-4087,2421,-3210,bf7df1c2,bc69d504,bd6d6619,3de45a1c,bf7df1c1,bc69d511,bd6d661b,3de45a1c,1,2915883

5849,277,-34,9,-2347,129,15858,-4105,2445,-3247,bf7dd2ce,bc5e4ed5,bd87d207,3de397c9,bf7dd2ce,bc5e4ed9,bd87d208,3de397ca,1,2924401

5850,258,27,-5,-2207,94,15782,-4137,2469,-3315,bf7dbb94,bbf518c4,bd904f7b,3de602ca,bf7dbb94,bbf518b3,bd904f79,3de602cb,1,2932920

5851,241,46,-4,-2247,173,15817,-4119,2449,-3242,bf7dcb5b,bc78ec5c,bd8f1e58,3de0bfcc,bf7dcb5b,bc78ec52,bd8f1e56,3de0bfcc,1,2941439

5852,232,84,-3,-2142,152,15732,-4119,2449,-3242,bf7de476,bc1dccaa,bd839f4f,3de1f8d1,bf7de475,bc1dcca8,bd839f4c,3de1f8cf,1,2949957

5853,232,76,0,-2126,91,15722,-4133,2439,-3253,bf7dea2f,bc721ded,bd8c3199,3dd9e648,bf7dea30,bc721dc8,bd8c31a0,3dd9e64c,1,2958476

5854,215,59,1,-2237,196,15792,-4093,2459,-3246,bf7dcfdf,bc0fa505,bd8e8000,3de14dd2,bf7dcfde,bc0fa4f8,bd8e7ff6,3de14dd6,1,2966994

5855,224,82,6,-2173,168,15754,-4093,2459,-3246,bf7de10f,bc81acbd,bd883186,3ddebb1a,bf7de10f,bc81acd3,bd883190,3ddebb1d,1,2975513

5856,234,84,10,-2137,175,15721,-4049,2485,-3121,bf7dcc5e,bc10dc8b,bd872680,3de6bd7b,bf7dcc5f,bc10dcad,bd87267e,3de6bd7e,1,2984032

5857,234,76,14,-2142,197,15718,-4089,2449,-3272,bf7dd2be,bc871d6a,bd890dfb,3de20dc4,bf7dd2be,bc871d77,bd890dfb,3de20dc6,1,2992550

5858,251,60,23,-2194,124,15737,-4089,2449,-3272,bf7dc650,bc107f78,bd8cd1ea,3de502e3,bf7dc651,bc107f8f,bd8cd1eb,3de502e4,1,3000568

5859,260,57,25,-2207,137,15781,-4071,2431,-3265,bf7dd6fd,bc841b89,bd8d17c7,3dde763d,bf7dd6fe,bc841b92,bd8d17c8,3dde763d,1,3009087

5860,258,72,17,-2164,106,15749,-4087,2429,-3276,bf7de345,bc07873f,bd88eacf,3ddf5f21,bf7de346,bc07874e,bd88ead0,3ddf5f21,1,3017605

5861,228,66,6,-2200,86,15759,-4087,2429,-3276,bf7de8be,bc708b48,bd8f1f43,3dd86ff4,bf7de8be,bc708b53,bd8f1f43,3dd86ff4,1,3026124

5862,211,65,-1,-2271,150,15799,-4127,2493,-3296,bf7de642,bc64fef5,bd8f469c,3dd94215,bf7de643,bc64ff00,bd8f469d,3dd94216,1,3034643

5863,207,90,-12,-2240,146,15786,-4049,2429,-3196,bf7de689,bc5a80ed,bd8f19cd,3dd97607,bf7de689,bc5a80f5,bd8f19ce,3dd97608,1,3043162

5864,208,109,-6,-2191,163,15763,-4079,2423,-3259,bf7dea69,bc5823b9,bd8dec8f,3dd9235c,bf7dea6a,bc5823be,bd8dec91,3dd9235e,1,3051680

5865,205,121,8,-2191,123,15726,-4079,2423,-3259,bf7ded0e,bc4fb00b,bd8d502c,3dd8e4a9,bf7ded0e,bc4fb00f,bd8d502d,3dd8e4aa,1,3060199

5866,210,122,9,-2149,100,15701,-4109,2449,-3207,bf7dee60,bc45349c,bd8c81bf,3dd92eca,bf7dee60,bc45349f,bd8c81c0,3dd92ecb,1,3068718

5867,214,117,14,-2164,147,15717,-4067,2439,-3280,bf7def70,bc41561e,bd8ba534,3dd97b8d,bf7def70,bc415621,bd8ba535,3dd97b8d,1,3077236

5868,199,101,20,-2169,120,15739,-4067,2439,-3280,bf7defa5,bc3ad0e3,bd8b416c,3dd9c276,bf7defa6,bc3ad0e4,bd8b416d,3dd9c277,1,3085755

5869,205,99,13,-2254,146,15807,-4109,2455,-3263,bf7dec31,bc3b2d8a,bd8c5c18,3dda0d4c,bf7dec31,bc3b2d8a,bd8c5c19,3dda0d4c,1,3094273

5870,199,121,5,-2186,122,15748,-4119,2493,-3196,bf7de9e4,bc325632,bd8c13b2,3ddb04e7,bf7de9e4,bc325632,bd8c13b3,3ddb04e7,1,3102291

5871,197,130,0,-2202,137,15771,-4119,2493,-3196,bf7de6da,bc2c4c4f,bd8bef62,3ddc1019,bf7de6db,bc2c4c50,bd8bef62,3ddc101a,1,3110810

5872,201,131,2,-2207,207,15753,-4085,2433,-3269,bf7de79a,bc384225,bd8bffb7,3ddba78f,bf7de79a,bc384225,bd8bffb6,3ddba78e,1,3119329

5873,215,143,3,-2202,187,15772,-4099,2443,-3188,bf7de86d,bc4247bc,bd8bf1a4,3ddb5068,bf7de86d,bc4247bb,bd8bf1a5,3ddb5068,1,3127847

5874,235,149,5,-2162,62,15735,-4099,2443,-3188,bf7dea3c,bc36e976,bd8b807f,3ddb3a02,bf7dea3b,bc36e974,bd8b807e,3ddb3a01,1,3136366

5875,224,150,7,-2154,82,15714,-4091,2433,-3312,bf7ded76,bc32847a,bd8ae64e,3ddabb2d,bf7ded75,bc328479,bd8ae64e,3ddabb2c,1,3144884

5876,207,127,-3,-2167,127,15732,-4095,2447,-3238,bf7dee2e,bc357e3c,bd8ab114,3dda9db6,bf7dee2e,bc357e3c,bd8ab115,3dda9db6,1,3153403

5877,195,111,-12,-2086,66,15680,-4051,2481,-3282,bf7dedaf,bc2b180f,bd8a076a,3ddb4f51,bf7dedb0,bc2b180e,bd8a076b,3ddb4f52,1,3161921

5878,188,75,-9,-2013,167,15647,-4051,2481,-3282,bf7dee57,bc28c186,bd88b57b,3ddbf924,bf7dee58,bc28c186,bd88b57c,3ddbf925,1,3170440

5879,196,17,3,-2211,142,15746,-4099,2509,-3270,bf7de8ec,bc236f7e,bd898676,3ddd1679,bf7de8eb,bc236f7c,bd898676,3ddd1678,1,3178959

5880,205,11,7,-2192,107,15748,-4101,2481,-3352,bf7de464,bc1f61c1,bd8a5985,3dddeb3f,bf7de464,bc1f61c1,bd8a5987,3dddeb3f,1,3187477

5881,206,17,0,-2203,144,15750,-4101,2481,-3352,bf7de019,bc22b698,bd8b166c,3ddea58e,bf7de019,bc22b699,bd8b166d,3ddea58e,1,3195495

5882,206,15,-6,-2228,148,15724,-4053,2511,-3276,bf7ddac3,bc1dc86c,bd8baf44,3ddfd8b7,bf7ddac3,bc1dc86d,bd8baf45,3ddfd8b7,1,3204014

5883,204,20,-11,-2205,111,15768,-4095,2485,-3208,bf7dd746,bc1e0cee,bd8c1a53,3de091aa,bf7dd746,bc1e0cee,bd8c1a54,3de091aa,1,3212532

5884,199,15,-14,-2220,84,15720,-4095,2485,-3208,bf7dd36d,bc1b4176,bd8cda8b,3de13780,bf7dd36c,bc1b4175,bd8cda8b,3de1377f,1,3221051

5885,188,15,-17,-2308,170,15856,-4113,2439,-3181,bf7dd310,bc26c1f9,bd8dc534,3de09d14,bf7dd311,bc26c1f8,bd8dc536,3de09d15,1,3229569

5886,195,40,-10,-2280,150,15729,-4137,2493,-3275,bf7dcea1,bc2a85ff,bd8ec26f,3de13246,bf7dcea1,bc2a85fc,bd8ec271,3de13246,1,3238088

5887,206,62,-5,-2288,185,15776,-4137,2493,-3275,bf7dcaf0,bc314fb4,bd8f65eb,3de1bf8b,bf7dcaf0,bc314fb3,bd8f65ec,3de1bf8b,1,3246607

5888,222,80,0,-2197,60,15717,-4077,2469,-3278,bf7dcb0c,bc27e9fc,bd8ed278,3de23189,bf7dcb0c,bc27e9fb,bd8ed279,3de23189,1,3255125

5889,232,86,0,-2328,130,15810,-4087,2515,-3236,bf7dc5ca,bc22d0cf,bd8f96b7,3de33d51,bf7dc5ca,bc22d0cd,bd8f96b8,3de33d51,1,3263644

5890,239,115,3,-2274,62,15771,-4081,2477,-3259,bf7dc333,bc1d1474,bd900669,3de3bf83,bf7dc332,bc1d1472,bd900669,3de3bf82,1,3272162

5891,246,137,4,-2296,141,15779,-4081,2477,-3259,bf7dc11e,bc2456af,bd906c8b,3de3fece,bf7dc11f,bc2456ad,bd906c8d,3de3fecf,1,3280681

5892,240,153,-6,-2261,148,15741,-4107,2487,-3298,bf7dbfb3,bc2990b3,bd9023da,3de48256,bf7dbfb2,bc2990b0,bd9023db,3de48254,1,3289199

5893,249,158,-3,-2228,48,15747,-4103,2479,-3300,bf7dbfe0,bc20274b,bd8f91a6,3de4ecf9,bf7dbfe0,bc202748,bd8f91a9,3de4ecf8,1,3297718

5894,237,151,9,-2206,-6,15718,-4103,2479,-3300,bf7dc046,bc14b717,bd8f1187,3de53fbf,bf7dc045,bc14b714,bd8f118a,3de53fbd,1,3305736

5895,205,148,9,-2222,38,15756,-4057,2427,-3227,bf7dc3ec,bc1d5a6c,bd8ef33d,3de43895,bf7dc3ed,bc1d5a69,bd8ef341,3de43895,1,3314255

5896,178,139,7,-2237,89,15731,-4097,2459,-3228,bf7dc52e,bc2643f7,bd8ef975,3de3c182,bf7dc52e,bc2643f5,bd8ef976,3de3c181,1,3322773

5897,175,144,9,-2257,98,15749,-4097,2459,-3228,bf7dc579,bc2daf01,bd8f4902,3de364a8,bf7dc579,bc2daeff,bd8f4903,3de364a7,1,3331292

5898,168,151,8,-2401,115,15863,-4093,2487,-3327,bf7dc0ea,bc2d04e3,bd908716,3de3e303,bf7dc0e9,bc2d04df,bd908716,3de3e301,1,3339811

5899,166,208,6,-2328,130,15809,-4079,2463,-3242,bf7dbf4a,bc33c56e,bd911cf9,3de3e296,bf7dbf4a,bc33c569,bd911cf9,3de3e295,1,3348329

5900,172,263,3,-2171,72,15696,-4079,2463,-3242,bf7dc2fa,bc2f0b20,bd8f5fe7,3de403cb,bf7dc2fa,bc2f0b1a,bd8f5fe7,3de403ca,1,3356848

5901,170,253,8,-2187,41,15717,-4085,2499,-3155,bf7dc2d7,bc2530c0,bd8e724c,3de4bfbb,bf7dc2d7,bc2530bb,bd8e724c,3de4bfba,1,3365366

5902,160,249,11,-2191,80,15743,-4061,2449,-3239,bf7dc6d6,bc2b01c5,bd8d5fc6,3de43d4c,bf7dc6d5,bc2b01c2,bd8d5fc6,3de43d4a,1,3373885

5903,150,244,6,-2142,121,15730,-4047,2497,-3254,bf7dc6a3,bc260922,bd8c0e87,3de5298d,bf7dc6a2,bc26091e,bd8c0e87,3de5298c,1,3382404

5904,151,225,-1,-2189,126,15723,-4047,2497,-3254,bf7dc408,bc22d03a,bd8b87e2,3de63cd0,bf7dc407,bc22d037,bd8b87e2,3de63ccf,1,3390922

5905,150,219,-1,-2169,119,15751,-4083,2451,-3281,bf7dc6bf,bc2de3d6,bd8b0aa5,3de5a868,bf7dc6c0,bc2de3d4,bd8b0aa7,3de5a869,1,3399441

5906,146,224,-5,-2261,215,15809,-4077,2471,-3184,bf7dc592,bc393369,bd8b684f,3de59fdc,bf7dc591,bc393369,bd8b684e,3de59fdb,1,3407459

5907,177,245,-3,-2229,130,15773,-4077,2471,-3184,bf7dc3df,bc3a67ed,bd8bce16,3de5d611,bf7dc3df,bc3a67ee,bd8bce17,3de5d610,1,3415977

5908,208,259,-1,-2229,170,15787,-4027,2511,-3216,bf7dc06f,bc33d0f6,bd8b85b3,3de708db,bf7dc06f,bc33d0f6,bd8b85b4,3de708da,1,3424496

5909,218,272,0,-2232,151,15802,-4109,2477,-3217,bf7dbfbc,bc39df59,bd8bb53d,3de70a50,bf7dbfbc,bc39df59,bd8bb53d,3de70a4f,1,3433015

5910,224,290,4,-2185,116,15773,-4109,2477,-3217,bf7dc0b1,bc379da7,bd8b070f,3de7373b,bf7dc0b1,bc379da5,bd8b070f,3de7373a,1,3441533

5911,233,306,8,-2110,135,15701,-4075,2459,-3227,bf7dc517,bc3b3c36,bd89650b,3de6f0b1,bf7dc517,bc3b3c34,bd89650b,3de6f0b0,1,3450052

5912,238,300,10,-2080,99,15712,-4063,2445,-3243,bf7dcae1,bc3af687,bd87b733,3de6585a,bf7dcae1,bc3af685,bd87b733,3de65859,1,3458570

5913,229,279,16,-2116,18,15733,-4063,2445,-3243,bf7dcd81,bc2f6e91,bd876c90,3de5ef81,bf7dcd81,bc2f6e8f,bd876c90,3de5ef80,1,3467089

5914,211,269,7,-2127,89,15763,-4125,2455,-3296,bf7dd0a2,bc33f332,bd874588,3de51b18,bf7dd0a1,bc33f330,bd874587,3de51b16,1,3475607

5915,197,271,3,-2081,42,15720,-4091,2449,-3254,bf7dd543,bc2cdede,bd865f01,3de46fdb,bf7dd544,bc2cdeda,bd865f03,3de46fdb,1,3484126

5916,182,257,8,-2114,61,15767,-4043,2455,-3253,bf7dd5b1,bc263f88,bd864b14,3de470ac,bf7dd5b2,bc263f84,bd864b15,3de470ac,1,3492645

5917,168,251,8,-2095,111,15744,-4043,2455,-3253,bf7dd733,bc2c4276,bd85c218,3de443e7,bf7dd734,bc2c4273,bd85c218,3de443e7,1,3500663

5918,162,251,-1,-2055,79,15725,-4097,2473,-3294,bf7dd8d3,bc264075,bd84a7e8,3de486a6,bf7dd8d3,bc264071,bd84a7e8,3de486a5,1,3509181

5919,148,227,-4,-2055,113,15720,-4105,2497,-3218,bf7dd7a7,bc22f58c,bd83e08d,3de55699,bf7dd7a7,bc22f589,bd83e08d,3de55699,1,3517700

5920,149,205,-3,-2040,59,15710,-4105,2497,-3218,bf7dd6c2,bc1ae611,bd8351b8,3de5fe18,bf7dd6c2,bc1ae60e,bd8351b8,3de5fe18,1,3526218

5921,143,171,-7,-2020,84,15677,-4089,2439,-3261,bf7ddaaa,bc2573c7,bd82f389,3de50230,bf7ddaab,bc2573c6,bd82f388,3de50231,1,3534737

5922,127,133,-10,-2111,185,15766,-4083,2447,-3238,bf7ddb00,bc322f58,bd836d0b,3de47e20,bf7ddb00,bc322f56,bd836d09,3de47e20,1,3543256

5923,152,126,-10,-2100,133,15742,-4083,2447,-3238,bf7ddb7d,bc3b01e6,bd841d78,3de3d910,bf7ddb7d,bc3b01e4,bd841d76,3de3d910,1,3551774

5924,175,129,-7,-2142,157,15768,-4067,2495,-3210,bf7dd704,bc36d043,bd84cec8,3de4be06,bf7dd704,bc36d042,bd84cec7,3de4be06,1,3560293

5925,177,131,-6,-2107,133,15761,-4099,2461,-3223,bf7dd71c,bc3c6f0f,bd854d3e,3de45bf0,bf7dd71b,bc3c6f0f,bd854d3c,3de45bef,1,3568812

5926,179,146,-2,-2148,165,15779,-4099,2461,-3223,bf7dd5fb,bc437be3,bd8616b7,3de41e29,bf7dd5fb,bc437be1,bd8616b7,3de41e29,1,3577330

5927,188,160,2,-2144,110,15795,-4043,2449,-3149,bf7dd55b,bc402ef3,bd86cd0c,3de3ea9e,bf7dd55b,bc402ef2,bd86cd0c,3de3ea9e,1,3585849

5928,189,178,1,-2234,104,15849,-4059,2443,-3227,bf7dd3ad,bc408372,bd881145,3de3a074,bf7dd3ae,bc408372,bd881145,3de3a075,1,3594367

5929,184,219,0,-2136,120,15784,-4055,2465,-3199,bf7dd31f,bc39e8c2,bd87b4d3,3de414db,bf7dd31f,bc39e8c2,bd87b4d2,3de414db,1,3602886

5930,190,240,-3,-2063,75,15742,-4055,2465,-3199,bf7dd525,bc30da6d,bd867a37,3de45c32,bf7dd524,bc30da6d,bd867a36,3de45c31,1,3610904

5931,185,240,-1,-2086,120,15749,-4079,2483,-3311,bf7dd477,bc2b56c7,bd85a128,3de51c61,bf7dd476,bc2b56c7,bd85a128,3de51c60,1,3619422

5932,172,236,-1,-2084,96,15786,-4087,2467,-3186,bf7dd675,bc2c6b7f,bd8501d9,3de4e8db,bf7dd675,bc2c6b7e,bd8501da,3de4e8db,1,3627941

5933,173,240,-5,-2091,100,15776,-4087,2467,-3186,bf7dd770,bc2dcc70,bd84d418,3de4b926,bf7dd770,bc2dcc70,bd84d419,3de4b926,1,3636459

5934,177,250,-11,-2065,161,15770,-4049,2451,-3263,bf7dd9cd,bc37cb63,bd84162a,3de46038,bf7dd9cc,bc37cb62,bd841629,3de46037,1,3644978

5935,186,246,-7,-2037,103,15751,-4099,2479,-3244,bf7dda9c,bc300b02,bd831a74,3de4cfe0,bf7dda9b,bc300b03,bd831a72,3de4cfdf,1,3653497

5936,196,234,-2,-2041,140,15751,-4099,2479,-3244,bf7ddad1,bc316e8f,bd825955,3de52b1d,bf7ddad1,bc316e8e,bd825954,3de52b1d,1,3662015

5937,193,213,1,-1963,52,15699,-4069,2443,-3287,bf7de037,bc2c83e3,bd80ef16,3de48820,bf7de038,bc2c83e2,bd80ef16,3de48821,1,3670534

5938,181,190,1,-1985,131,15734,-4069,2409,-3294,bf7de436,bc36f6ec,bd808911,3de38431,bf7de436,bc36f6ea,bd808910,3de38431,1,3679053

5939,181,162,2,-1976,149,15675,-4069,2409,-3294,bf7de804,bc415c2f,bd8035b0,3de280c7,bf7de805,bc415c2e,bd8035b0,3de280c8,1,3687571

5940,190,136,-1,-1993,78,15779,-4067,2489,-3243,bf7de6b2,bc35f399,bd7fdf2e,3de32cbb,bf7de6b2,bc35f397,bd7fdf2d,3de32cbb,1,3696090

5941,175,116,0,-2069,170,15744,-4037,2519,-3239,bf7de20c,bc2f5cc8,bd804c90,3de4587a,bf7de20c,bc2f5cc7,bd804c90,3de4587a,1,3704609

5942,190,120,-6,-2043,147,15694,-4077,2455,-3223,bf7de1e6,bc37ab9f,bd80f9b1,3de3e786,bf7de1e6,bc37ab9d,bd80f9b2,3de3e786,1,3712627

5943,196,121,-12,-2058,120,15778,-4077,2455,-3223,bf7de19c,bc395609,bd81c587,3de382d3,bf7de19b,bc395607,bd81c588,3de382d2,1,3721145

5944,189,114,-13,-2033,70,15741,-4115,2453,-3215,bf7de41f,bc343d99,bd8208c4,3de2b965,bf7de41e,bc343d97,bd8208c5,3de2b964,1,3729664

5945,180,110,-16,-2052,130,15741,-4043,2419,-3214,bf7de6a0,bc3dd15a,bd826078,3de1b344,bf7de6a0,bc3dd159,bd826079,3de1b344,1,3738182

5946,177,113,-11,-2069,138,15770,-4043,2419,-3214,bf7de8d1,bc464efd,bd82da34,3de0b16b,bf7de8d2,bc464efe,bd82da35,3de0b16c,1,3746701

5947,188,108,-5,-2069,155,15769,-3981,2461,-3263,bf7de5fb,bc3dfc2f,bd82ed76,3de18f49,bf7de5fc,bc3dfc30,bd82ed77,3de18f4a,1,3755220

5948,208,102,3,-2036,88,15740,-4049,2451,-3313,bf7de615,bc33a354,bd82bf43,3de1c502,bf7de615,bc33a355,bd82bf43,3de1c502,1,3763738

5949,201,91,5,-2084,124,15778,-4049,2451,-3313,bf7de443,bc3420fd,bd838ed7,3de1ce0a,bf7de442,bc3420fd,bd838ed7,3de1ce09,1,3772257

5950,207,96,7,-2072,110,15766,-4083,2461,-3281,bf7de350,bc309208,bd83d803,3de1f26b,bf7de351,bc309208,bd83d805,3de1f26b,1,3780775

5951,208,104,12,-2101,124,15787,-4095,2453,-3285,bf7de2eb,bc35c5c1,bd8490f1,3de19235,bf7de2ea,bc35c5c2,bd8490f1,3de19234,1,3789294

5952,209,106,7,-2057,75,15760,-4095,2453,-3285,bf7de4ce,bc2e54b7,bd843d20,3de15352,bf7de4ce,bc2e54ba,bd843d20,3de15352,1,3797813

5953,206,106,6,-2068,86,15768,-4049,2459,-3278,bf7de3ff,bc26cd83,bd842acb,3de1af06,bf7de3fe,bc26cd84,bd842acc,3de1af05,1,3806331

5954,184,117,-1,-2055,56,15749,-4079,2491,-3285,bf7de234,bc1cbae1,bd83f667,3de26aec,bf7de235,bc1cbae3,bd83f668,3de26aed,1,3814349

5955,164,113,-3,-2064,93,15750,-4033,2435,-3266,bf7de450,bc265dd4,bd840c0c,3de1ab82,bf7de44f,bc265dd6,bd840c0a,3de1ab81,1,3822868

5956,161,107,-4,-2068,116,15755,-4033,2435,-3266,bf7de615,bc2ff34b,bd841f6d,3de10371,bf7de615,bc2ff34d,bd841f6d,3de10370,1,3831386

5957,164,112,-7,-2079,108,15771,-4047,2433,-3284,bf7de7f4,bc36721a,bd846654,3de03da4,bf7de7f4,bc36721b,bd846654,3de03da3,1,3839905

5958,174,112,-6,-2077,168,15775,-4103,2459,-3273,bf7de83d,bc3e8aca,bd84463e,3de020bf,bf7de83c,bc3e8aca,bd84463c,3de020bd,1,3848423

5959,189,115,-5,-2088,143,15778,-4103,2459,-3273,bf7de791,bc3e45af,bd848275,3de02ec9,bf7de791,bc3e45ae,bd848273,3de02ec9,1,3856942

5960,204,126,1,-2054,124,15759,-4071,2457,-3251,bf7de825,bc3805a2,bd83e70e,3de0756d,bf7de826,bc3805a2,bd83e70d,3de0756e,1,3865461

5961,203,115,-1,-2083,170,15781,-4089,2467,-3275,bf7de65e,bc3b7bf0,bd840034,3de0db9b,bf7de65f,bc3b7bf0,bd840033,3de0db9c,1,3873979

5962,207,122,2,-2063,93,15766,-4089,2467,-3275,bf7de5a1,bc31876c,bd83dd91,3de14561,bf7de5a2,bc31876c,bd83dd90,3de14562,1,3882498

5963,206,131,7,-2090,151,15781,-4089,2465,-3194,bf7de48a,bc36d8da,bd842e61,3de153ff,bf7de48b,bc36d8dc,bd842e60,3de15401,1,3891016

5964,215,142,13,-2048,62,15746,-4109,2447,-3258,bf7de7e7,bc2feda4,bd83d4ca,3de0abc1,bf7de7e7,bc2feda6,bd83d4c8,3de0abc2,1,3899535

5965,210,129,9,-2037,46,15748,-4109,2447,-3258,bf7deb64,bc28b647,bd836f35,3de000dc,bf7deb64,bc28b649,bd836f33,3de000dc,1,3907553

5966,183,114,4,-2025,86,15753,-4133,2453,-3180,bf7def86,bc2cc623,bd82dad4,3ddf1ed7,bf7def86,bc2cc625,bd82dad3,3ddf1ed7,1,3916572

5967,174,97,8,-1974,45,15707,-4049,2461,-3202,bf7df05d,bc231c34,bd820f6b,3ddf7586,bf7df05e,bc231c35,bd820f6c,3ddf7587,1,3924590

5968,157,62,7,-2054,125,15752,-4093,2439,-3230,bf7df181,bc2de945,bd8285c7,3ddebcd5,bf7df180,bc2de945,bd8285c7,3ddebcd4,1,3933109

5969,150,46,1,-2093,97,15767,-4093,2439,-3230,bf7df156,bc33248c,bd83abdc,3dde0b18,bf7df156,bc33248f,bd83abdb,3dde0b16,1,3941627

5970,152,48,-7,-2131,77,15794,-4101,2497,-3218,bf7ded86,bc2aa95a,bd846558,3ddece46,bf7ded86,bc2aa95d,bd846557,3ddece44,1,3950146

5971,144,63,-9,-2099,129,15770,-4087,2467,-3322,bf7deaaa,bc2be521,bd84eff0,3ddf481d,bf7deaaa,bc2be520,bd84efef,3ddf481b,1,3958664

5972,147,74,-12,-2090,144,15786,-4087,2467,-3322,bf7de8e6,bc2f87c1,bd84f399,3ddfbb6c,bf7de8e6,bc2f87bf,bd84f398,3ddfbb6a,1,3967183

5973,152,78,-8,-2071,73,15745,-4109,2451,-3244,bf7deb01,bc2cefa3,bd84f3cf,3ddf2a30,bf7deb00,bc2cefa0,bd84f3ce,3ddf2a2d,1,3975701

5974,165,87,-3,-2154,182,15810,-4085,2451,-3240,bf7de9a3,bc37543a,bd85c83d,3ddeed90,bf7de9a4,bc375438,bd85c83d,3ddeed8f,1,3984220

5975,185,107,5,-2132,145,15797,-4085,2451,-3240,bf7de898,bc3c50d4,bd866c19,3ddec65f,bf7de897,bc3c50d1,bd866c17,3ddec65c,1,3992739

5976,193,115,8,-2085,162,15779,-4039,2481,-3229,bf7de66e,bc35c202,bd85e040,3ddfcdb3,bf7de66e,bc35c200,bd85e03f,3ddfcdb2,1,4001257

5977,218,129,14,-2107,135,15791,-4109,2481,-3238,bf7de410,bc3086f6,bd85ca24,3de096f6,bf7de411,bc3086f5,bd85ca24,3de096f6,1,4009776

5978,229,137,17,-2068,70,15748,-4109,2481,-3238,bf7de367,bc25e79a,bd85580c,3de12afe,bf7de366,bc25e796,bd85580b,3de12afc,1,4017794

5979,221,129,10,-2055,53,15731,-4087,2467,-3279,bf7de3e9,bc1cb764,bd84cf2c,3de1713d,bf7de3e9,bc1cb761,bd84cf2d,3de1713d,1,4026312

5980,200,113,9,-2049,77,15755,-4117,2481,-3220,bf7de422,bc196c0c,bd842418,3de1cedd,bf7de422,bc196c0b,bd842418,3de1cedd,1,4034831

5981,187,107,10,-2072,93,15746,-4109,2527,-3217,bf7de07c,bc121ffd,bd840f58,3de2f3fb,bf7de07c,bc121ffd,bd840f58,3de2f3fb,1,4043349

5982,182,105,10,-2047,60,15740,-4109,2527,-3217,bf7ddd8a,bc0a0fa9,bd83cbd8,3de401e1,bf7ddd8a,bc0a0fa9,bd83cbd8,3de401e1,1,4051868

5983,171,95,12,-2112,100,15792,-4073,2475,-3262,bf7ddb71,bc128379,bd848d05,3de4124e,bf7ddb72,bc128379,bd848d05,3de4124e,1,4060386

5984,168,100,7,-2098,98,15784,-4039,2491,-3254,bf7dd788,bc10ee2b,bd84c5d8,3de50b57,bf7dd787,bc10ee28,bd84c5d7,3de50b56,1,4068905

5985,166,110,3,-2133,130,15785,-4039,2491,-3254,bf7dd348,bc155d83,bd85686b,3de5cebd,bf7dd348,bc155d82,bd85686a,3de5cebd,1,4077423

5986,177,121,6,-2105,124,15768,-4073,2497,-3212,bf7dd017,bc18d41a,bd857909,3de69cfc,bf7dd016,bc18d419,bd857908,3de69cfb,1,4085942

5987,183,126,5,-2085,102,15762,-4085,2475,-3255,bf7dd069,bc203625,bd854c0c,3de68c44,bf7dd06a,bc203626,bd854c0c,3de68c45,1,4094461

5988,178,127,-3,-2094,130,15783,-4085,2475,-3255,bf7dd047,bc28ca6c,bd853c4c,3de68651,bf7dd045,bc28ca6b,bd853c4b,3de68650,1,4102979

5989,184,125,-2,-2085,123,15768,-4087,2501,-3209,bf7dcda6,bc251395,bd84f6b2,3de77231,bf7dcda6,bc251395,bd84f6b2,3de77232,1,4111498

5990,196,122,-6,-2069,102,15744,-4107,2505,-3289,bf7dcb83,bc1f756d,bd849acb,3de84c52,bf7dcb83,bc1f756d,bd849aca,3de84c53,1,4120017

5991,192,120,-10,-2080,90,15770,-4107,2505,-3289,bf7dc8fc,bc1a91e8,bd8481b0,3de917e4,bf7dc8fb,bc1a91e8,bd8481af,3de917e4,1,4128034

5992,186,116,-6,-2058,75,15749,-4081,2517,-3251,bf7dc672,bc135731,bd842dd3,3dea0a6e,bf7dc674,bc135732,bd842dd5,3dea0a71,1,4136553

5993,170,110,-11,-2102,114,15788,-4097,2453,-3252,bf7dc7f6,bc1f0277,bd8489be,3de94e80,bf7dc7f7,bc1f0278,bd8489c0,3de94e82,1,4145072

5994,161,105,-8,-2067,81,15745,-4133,2491,-3204,bf7dc86a,bc21c352,bd846a43,3de939b8,bf7dc86a,bc21c355,bd846a42,3de939b9,1,4153590

5995,153,102,-11,-2065,124,15761,-4133,2491,-3204,bf7dc8ec,bc2a2a17,bd842ccf,3de92141,bf7dc8eb,bc2a2a19,bd842ccc,3de92141,1,4162109

5996,168,99,-7,-2036,98,15728,-4077,2471,-3273,bf7dcae3,bc2be6a8,bd837410,3de8fb89,bf7dcae2,bc2be6aa,bd83740e,3de8fb89,1,4170627

5997,174,81,4,-2173,154,15817,-4083,2479,-3235,bf7dc7cb,bc3234d8,bd84bf72,3de90451,bf7dc7ca,bc3234d9,bd84bf70,3de90451,1,4179146

5998,188,86,4,-2113,149,15780,-4083,2479,-3235,bf7dc5d5,bc37d304,bd854c97,3de92b0a,bf7dc5d4,bc37d302,bd854c96,3de92b0a,1,4187665

5999,199,101,3,-2079,89,15753,-4083,2451,-3210,bf7dc960,bc3adecf,bd854b68,3de82acc,bf7dc95f,bc3adecf,bd854b67,3de82acc,1,4196183

6000,200,102,2,-2086,90,15749,-4111,2499,-3264,bf7dc771,bc31207d,bd853e05,3de8d7f3,bf7dc772,bc31207f,bd853e06,3de8d7f5,1,4204702

6001,196,88,3,-2120,155,15769,-4111,2499,-3264,bf7dc3e9,bc32e535,bd85aeac,3de987dc,bf7dc3e8,bc32e535,bd85aeab,3de987dc,1,4213221

6002,200,91,2,-2131,100,15798,-4107,2439,-3245,bf7dc60c,bc3b129a,bd8648fb,3de880ba,bf7dc60d,bc3b129c,bd8648fb,3de880bc,1,4221739

6003,199,99,-3,-2109,88,15759,-4055,2427,-3214,bf7dc99f,bc411523,bd869907,3de74445,bf7dc99f,bc411524,bd869906,3de74446,1,4229757

6004,199,101,-3,-2103,95,15754,-4055,2427,-3214,bf7dcdbb,bc45b978,bd86b71e,3de6013c,bf7dcdbb,bc45b97a,bd86b71d,3de6013d,1,4238276

6005,190,106,-7,-2151,143,15803,-4081,2463,-3204,bf7dcc75,bc461ae7,bd876933,3de5f16c,bf7dcc75,bc461ae8,bd876933,3de5f16d,1,4246794

6006,204,119,0,-2121,79,15760,-4053,2525,-3284,bf7dca13,bc3ad56d,bd8749ac,3de6d1c1,bf7dca14,bc3ad56f,bd8749ac,3de6d1c3,1,4255313

6007,198,132,1,-2107,72,15755,-4097,2451,-3220,bf7dcdbc,bc386fc8,bd872542,3de5ecac,bf7dcdbc,bc386fca,bd872541,3de5ecad,1,4263831

6008,196,124,5,-2106,89,15779,-4097,2451,-3220,bf7dd14f,bc39ac8d,bd86ec41,3de50d8f,bf7dd14e,bc39ac8d,bd86ec41,3de50d8f,1,4272350

6009,190,123,12,-2122,91,15756,-4095,2465,-3292,bf7dd0d8,bc3397b0,bd871f94,3de52388,bf7dd0d9,bc3397b2,bd871f94,3de52389,1,4280868

6010,189,129,10,-2094,82,15755,-4083,2433,-3236,bf7dd554,bc394807,bd86dc5f,3de3fa07,bf7dd555,bc394809,bd86dc5e,3de3fa08,1,4289387

6011,201,140,8,-2109,81,15766,-4083,2433,-3236,bf7dd949,bc3c2a69,bd86e824,3de2cef6,bf7dd94a,bc3c2a6b,bd86e824,3de2cef7,1,4297906

6012,189,130,9,-2118,119,15783,-4013,2479,-3194,bf7dd6cf,bc335223,bd86bd15,3de3b65e,bf7dd6ce,bc335224,bd86bd14,3de3b65e,1,4306424

6013,197,139,13,-2079,68,15739,-4093,2495,-3243,bf7dd58a,bc28e388,bd864c5d,3de472e7,bf7dd589,bc28e389,bd864c5d,3de472e7,1,4314943

6014,192,127,13,-2096,107,15768,-4093,2495,-3243,bf7dd342,bc233603,bd85f9c2,3de555b1,bf7dd342,bc233604,bd85f9c3,3de555b2,1,4322960

6015,189,132,11,-2069,76,15736,-4087,2469,-3201,bf7dd524,bc2318f4,bd855760,3de52f71,bf7dd524,bc2318f6,bd855761,3de52f71,1,4331479

6016,170,125,8,-2101,101,15756,-4093,2487,-3258,bf7dd29f,bc218460,bd857cc3,3de5d062,bf7dd29e,bc218461,bd857cc3,3de5d061,1,4339998

6017,165,117,1,-2095,92,15759,-4093,2487,-3258,bf7dd0a0,bc1f83fa,bd857e5c,3de661ef,bf7dd0a0,bc1f83f9,bd857e5e,3de661ef,1,4348516

6018,161,116,-1,-2131,140,15787,-4059,2449,-3248,bf7dd112,bc2b082e,bd85f01e,3de5df63,bf7dd112,bc2b082e,bd85f01f,3de5df63,1,4357035

6019,166,119,-3,-2100,109,15765,-4065,2499,-3258,bf7dce39,bc24954a,bd85c702,3de6d30c,bf7dce38,bc249549,bd85c701,3de6d30b,1,4365553

6020,176,119,1,-2101,82,15780,-4067,2507,-3226,bf7dcb4b,bc1cc3bf,bd85af89,3de7c415,bf7dcb4c,bc1cc3c0,bd85af89,3de7c415,1,4374072

6021,185,124,4,-2134,137,15771,-4067,2507,-3226,bf7dc6e2,bc1d543c,bd860a8e,3de8c291,bf7dc6e3,bc1d543d,bd860a8e,3de8c291,1,4382590

6022,197,128,7,-2131,94,15775,-4097,2439,-3238,bf7dc8e5,bc274a8f,bd866fa9,3de7df8d,bf7dc8e6,bc274a91,bd866fa8,3de7df8d,1,4391109

6023,196,132,15,-2101,100,15777,-4113,2511,-3069,bf7dc67d,bc22518f,bd862732,3de8bfd9,bf7dc67d,bc22518f,bd862732,3de8bfd8,1,4399628

6024,197,140,18,-2095,113,15759,-4113,2511,-3069,bf7dc42b,bc211b28,bd85d25f,3de99560,bf7dc42b,bc211b27,bd85d25f,3de9955f,1,4408146

6025,204,141,11,-2099,94,15760,-4083,2465,-3256,bf7dc5ae,bc28b595,bd85e10c,3de90e77,bf7dc5ad,bc28b594,bd85e10c,3de90e75,1,4416665

6026,201,138,6,-2083,66,15756,-4037,2459,-3276,bf7dc738,bc25a34a,bd8591f6,3de8d910,bf7dc738,bc25a349,bd8591f7,3de8d90f,1,4425183

6027,184,122,3,-2094,127,15762,-4037,2459,-3276,bf7dc7e7,bc2eb62f,bd8587c2,3de894de,bf7dc7e7,bc2eb62e,bd8587c3,3de894dd,1,4433201

6028,187,126,4,-2110,110,15783,-4045,2491,-3236,bf7dc4e0,bc28afba,bd859957,3de96f62,bf7dc4df,bc28afb7,bd859957,3de96f60,1,4441720

6029,197,136,1,-2073,74,15754,-4095,2491,-3201,bf7dc480,bc225cbb,bd852567,3de9dd67,bf7dc480,bc225cbb,bd852565,3de9dd66,1,4450238

6030,184,132,1,-2103,99,15758,-4095,2491,-3201,bf7dc2bb,bc240383,bd856c1a,3dea2b6d,bf7dc2bb,bc240382,bd856c19,3dea2b6c,1,4458757

6031,180,127,0,-2098,114,15773,-4047,2497,-3204,bf7dbfce,bc21ae54,bd855226,3deb0b27,bf7dbfcf,bc21ae54,bd855227,3deb0b27,1,4467276

6032,178,121,0,-2097,119,15743,-4063,2445,-3211,bf7dc1ee,bc2cc0bc,bd857ee6,3dea3f6b,bf7dc1ed,bc2cc0ba,bd857ee6,3dea3f69,1,4475794

6033,186,120,-3,-2067,69,15742,-4063,2445,-3211,bf7dc660,bc320316,bd853ef1,3de91ebf,bf7dc661,bc320315,bd853ef2,3de91ebf,1,4484313

6034,166,116,-8,-2099,82,15747,-4073,2421,-3222,bf7dc9c6,bc3ab371,bd85927d,3de7e65e,bf7dc9c7,bc3ab371,bd85927d,3de7e65d,1,4492831

6035,164,108,-7,-2091,96,15763,-4075,2465,-3229,bf7dca74,bc36a05a,bd858c39,3de7c760,bf7dca75,bc36a059,bd858c38,3de7c75f,1,4501350

6036,168,108,-4,-2122,119,15773,-4075,2489,-3264,bf7dc74c,bc315b0d,bd85e6b2,3de8805f,bf7dc74b,bc315b0a,bd85e6b0,3de8805b,1,4509869

6037,174,111,2,-2106,77,15773,-4075,2489,-3264,bf7dc53d,bc28ea9a,bd85f654,3de9204c,bf7dc53c,bc28ea97,bd85f653,3de92048,1,4518387

6038,181,118,3,-2128,110,15796,-4079,2423,-3132,bf7dc7e6,bc331ebb,bd86481f,3de818ac,bf7dc7e7,bc331eb9,bd86481f,3de818aa,1,4526906

6039,181,118,4,-2163,151,15785,-4095,2485,-3154,bf7dc523,bc37dfb0,bd871935,3de851fb,bf7dc523,bc37dfad,bd871935,3de851f8,1,4534924

6040,197,141,5,-2081,70,15747,-4095,2485,-3154,bf7dc592,bc2e9f33,bd867c10,3de8ab39,bf7dc592,bc2e9f30,bd867c0f,3de8ab36,1,4543442

6041,196,146,4,-2115,81,15768,-4051,2485,-3200,bf7dc39e,bc26d555,bd86786e,3de94c63,bf7dc39e,bc26d551,bd86786c,3de94c60,1,4551961

6042,183,144,3,-2093,63,15760,-4087,2483,-3186,bf7dc3d1,bc21a2e4,bd8623cf,3de97dd4,bf7dc3d1,bc21a2de,bd8623d0,3de97dd1,1,4560480

6043,181,145,3,-2090,95,15770,-4087,2483,-3186,bf7dc455,bc24e0e4,bd85bc44,3de98c18,bf7dc455,bc24e0de,bd85bc46,3de98c15,1,4568998

6044,183,147,5,-2083,108,15769,-4041,2447,-3189,bf7dc72f,bc2e9c9a,bd85839c,3de8c9c7,bf7dc730,bc2e9c95,bd85839e,3de8c9c5,1,4577517

6045,187,143,4,-2080,118,15767,-4057,2405,-3195,bf7dcacb,bc38dbff,bd8574c1,3de7b5f6,bf7dcacb,bc38dbf9,bd8574c2,3de7b5f3,1,4586036

6046,196,135,-2,-2064,81,15744,-4057,2405,-3195,bf7dcf9b,bc406d73,bd8552be,3de65e77,bf7dcf9c,bc406d6e,bd8552bf,3de65e75,1,4594554

6047,189,139,0,-2087,145,15778,-4123,2465,-3199,bf7dd1bf,bc45d9ab,bd851a55,3de5d5a4,bf7dd1be,bc45d9a5,bd851a53,3de5d5a0,1,4603073

6048,199,134,-6,-2089,81,15771,-4137,2441,-3194,bf7dd627,bc4677a5,bd855169,3de47b58,bf7dd627,bc46779f,bd855168,3de47b56,1,4611591

6049,199,125,-2,-2098,91,15759,-4087,2503,-3247,bf7dd3ee,bc3b6acd,bd854a53,3de54287,bf7dd3ee,bc3b6ac7,bd854a52,3de54285,1,4620110

6050,198,123,-4,-2104,70,15763,-4087,2503,-3247,bf7dd194,bc3082e4,bd855bbe,3de60107,bf7dd194,bc3082de,bd855bbd,3de60106,1,4628128

6051,193,113,-5,-2097,46,15759,-4077,2491,-3242,bf7dcfab,bc25bf43,bd857571,3de6993c,bf7dcfab,bc25bf3d,bd857570,3de6993b,1,4636647

6052,175,113,-11,-2105,102,15768,-4085,2479,-3210,bf7dce5c,bc2759ca,bd85b85f,3de6c9ed,bf7dce5c,bc2759c6,bd85b85f,3de6c9ec,1,4645165

6053,179,118,4,-2095,90,15758,-4085,2479,-3210,bf7dcd82,bc25bd87,bd85b2da,3de70d8c,bf7dcd83,bc25bd85,bd85b2da,3de70d8b,1,4653684

6054,171,114,1,-2091,93,15742,-4107,2463,-3220,bf7dcf8a,bc2d2cd1,bd85c4bf,3de65e69,bf7dcf89,bc2d2ccc,bd85c4bf,3de65e66,1,4662202

6055,173,115,-9,-2090,74,15763,-4111,2447,-3224,bf7dd344,bc331951,bd85d8c1,3de538ff,bf7dd343,bc33194d,bd85d8c1,3de538fc,1,4670721

6056,169,117,-2,-2116,142,15777,-4111,2447,-3224,bf7dd512,bc3d7377,bd861c2d,3de47049,bf7dd512,bc3d7373,bd861c2d,3de47046,1,4679239

6057,179,120,1,-2124,124,15760,-4105,2467,-3200,bf7dd453,bc3d1a1b,bd8696b3,3de45e34,bf7dd454,bc3d1a18,bd8696b3,3de45e32,1,4687758

6058,184,131,-1,-2107,90,15733,-4079,2513,-3216,bf7dd1db,bc32f100,bd8673fb,3de5429f,bf7dd1db,bc32f0fd,bd8673fa,3de5429c,1,4696276

6059,186,127,-4,-2124,115,15783,-4079,2513,-3216,bf7dcea1,bc2acb88,bd866a60,3de6450d,bf7dcea1,bc2acb85,bd866a5f,3de6450a,1,4704795

6060,184,128,1,-2103,80,15759,-4059,2481,-3266,bf7dccf0,bc235be7,bd8647bc,3de6e5f2,bf7dccef,bc235be3,bd8647bb,3de6e5ee,1,4713313

6061,187,133,-2,-2099,93,15729,-4103,2513,-3211,bf7dca1a,bc1cd08d,bd861870,3de7dac0,bf7dca19,bc1cd089,bd86186f,3de7dabc,1,4721832

6062,184,123,-2,-2082,84,15750,-4111,2485,-3203,bf7dcae0,bc1fc621,bd85ad75,3de7da4e,bf7dcadf,bc1fc61c,bd85ad74,3de7da4a,1,4730351

6063,178,121,-2,-2095,77,15755,-4111,2485,-3203,bf7dca8d,bc206aab,bd85bbd7,3de7e6ff,bf7dca8d,bc206aa8,bd85bbd7,3de7e6fc,1,4738368

6064,182,119,-5,-2097,97,15760,-4103,2493,-3237,bf7dc8d8,bc203629,bd85ae37,3de86696,bf7dc8d7,bc203623,bd85ae37,3de86692,1,4746887

6065,177,117,-12,-2137,146,15771,-4081,2483,-3174,bf7dc744,bc29426a,bd863738,3de86c5e,bf7dc745,bc294266,bd863739,3de86c5b,1,4755406

6066,178,121,-4,-2076,71,15741,-4081,2483,-3174,bf7dc77f,bc239d10,bd85b4ba,3de8b7d2,bf7dc780,bc239d0b,bd85b4ba,3de8b7cf,1,4763924

6067,171,115,-1,-2128,108,15773,-4093,2507,-3209,bf7dc3a4,bc20d60c,bd861385,3de99525,bf7dc3a6,bc20d608,bd861385,3de99523,1,4772443

6068,167,120,3,-2105,74,15776,-4131,2459,-3209,bf7dc680,bc29b6c7,bd8641c3,3de89a61,bf7dc681,bc29b6c3,bd8641c1,3de89a5f,1,4780962

6069,164,120,8,-2124,100,15775,-4131,2459,-3209,bf7dc86e,bc32ce99,bd86a080,3de7c13c,bf7dc86e,bc32ce95,bd86a07f,3de7c139,1,4789480

6070,175,118,7,-2092,63,15744,-4105,2469,-3222,bf7dca2a,bc2d25dc,bd86639d,3de77c18,bf7dca29,bc2d25d6,bd86639c,3de77c15,1,4797999

6071,170,116,1,-2094,113,15780,-4101,2461,-3211,bf7dccc3,bc353a0f,bd862453,3de6d1b4,bf7dccc3,bc353a0b,bd862454,3de6d1b2,1,4806517

6072,167,116,2,-2073,95,15739,-4101,2461,-3211,bf7dd01b,bc369d21,bd85920a,3de63687,bf7dd01c,bc369d1e,bd85920c,3de63686,1,4815036

6073,158,111,-7,-2090,104,15748,-4099,2471,-3144,bf7dd0d8,bc35c874,bd858c7a,3de6081d,bf7dd0d8,bc35c86e,bd858c7c,3de6081b,1,4823554

6074,151,112,-10,-2126,138,15774,-4151,2465,-3202,bf7dd1c4,bc3ef1e8,bd861496,3de559fe,bf7dd1c4,bc3ef1e3,bd861498,3de559fc,1,4832073

6075,167,115,-14,-2109,127,15771,-4109,2457,-3157,bf7dd3ea,bc441152,bd86402d,3de496f1,bf7dd3ea,bc44114f,bd86402d,3de496ef,1,4840091

6076,179,120,-9,-2135,121,15776,-4109,2457,-3157,bf7dd48f,bc454b27,bd86eaa2,3de40060,bf7dd48e,bc454b22,bd86eaa2,3de4005d,1,4848609

6077,187,122,-3,-2124,128,15773,-4123,2413,-3263,bf7dd807,bc4e07d3,bd871dc8,3de2cb74,bf7dd808,bc4e07d0,bd871dca,3de2cb73,1,4857128

6078,205,130,1,-2139,101,15773,-4087,2447,-3237,bf7dd878,bc463043,bd879192,3de28254,bf7dd878,bc46303d,bd879193,3de28252,1,4865647

6079,204,143,6,-2086,64,15751,-4087,2447,-3237,bf7ddb24,bc3bcdce,bd86f604,3de242ee,bf7ddb24,bc3bcdc8,bd86f605,3de242ec,1,4874165

6080,190,141,6,-2111,107,15764,-4075,2461,-3171,bf7ddb4d,bc3661f2,bd86c5e6,3de265d8,bf7ddb4d,bc3661ec,bd86c5e8,3de265d6,1,4882684

6081,196,135,11,-2096,53,15747,-4141,2479,-3245,bf7ddb26,bc2ba229,bd869250,3de2b109,bf7ddb25,bc2ba222,bd869252,3de2b106,1,4891202

6082,184,137,11,-2112,123,15776,-4141,2479,-3245,bf7ddac0,bc2f2c14,bd8678fa,3de2d1c5,bf7ddac0,bc2f2c0d,bd8678fb,3de2d1c3,1,4899721

6083,190,143,7,-2088,100,15750,-4073,2433,-3270,bf7dde6f,bc3689db,bd863313,3de1db45,bf7dde6f,bc3689d5,bd863313,3de1db43,1,4908240

6084,191,130,2,-2088,95,15768,-4103,2515,-3220,bf7ddc28,bc2cb5cb,bd85e809,3de2ca2f,bf7ddc29,bc2cb5c6,bd85e80a,3de2ca2e,1,4916758

6085,183,124,2,-2067,43,15721,-4103,2515,-3220,bf7dda49,bc221ca5,bd859f0e,3de39a69,bf7dda49,bc221c9f,bd859f0e,3de39a67,1,4925277

6086,172,120,-1,-2115,106,15785,-4047,2495,-3140,bf7dd6b1,bc1d5710,bd85bcb2,3de49683,bf7dd6b1,bc1d570b,bd85bcb2,3de49681,1,4933795

6087,162,113,-4,-2106,87,15746,-4045,2491,-3214,bf7dd371,bc184de6,bd85d65a,3de57b5f,bf7dd370,bc184de0,bd85d65a,3de57b5c,1,4941813

6088,159,108,-7,-2093,130,15738,-4059,2461,-3132,bf7dd47d,bc23e2ea,bd85d4d7,3de51262,bf7dd47c,bc23e2e4,bd85d4d7,3de5125f,1,4950332

6089,160,112,-10,-2113,161,15791,-4059,2461,-3132,bf7dd4eb,bc2f8301,bd85f0f8,3de4c0f7,bf7dd4ea,bc2f82fb,bd85f0f9,3de4c0f4,1,4958850

6090,159,118,-6,-2120,154,15782,-4091,2445,-3227,bf7dd65d,bc3adb00,bd862e3a,3de41218,bf7dd65d,bc3adaf9,bd862e3c,3de41217,1,4967369

6091,171,125,-7,-2104,118,15759,-4075,2475,-3303,bf7dd4b2,bc341a30,bd860ee1,3de4b0b0,bf7dd4b2,bc341a2a,bd860ee3,3de4b0af,1,4975888

6092,184,128,-8,-2110,133,15764,-4075,2475,-3303,bf7dd2bd,bc32463c,bd860df2,3de541b4,bf7dd2bd,bc324637,bd860df4,3de541b3,1,4984406

6093,191,129,-9,-2099,102,15775,-4095,2437,-3295,bf7dd617,bc3a0d2a,bd86185e,3de43547,bf7dd616,bc3a0d24,bd861860,3de43545,1,4992925

6094,190,129,-9,-2122,141,15781,-4073,2447,-3218,bf7dd74a,bc418d9e,bd8669ca,3de39685,bf7dd74a,bc418d9a,bd8669cb,3de39684,1,5001444

6095,197,141,-2,-2099,139,15769,-4073,2447,-3218,bf7dd9cb,bc45821a,bd861b45,3de3044b,bf7dd9cb,bc458219,bd861b44,3de3044a,1,5009962

6096,209,142,-1,-2090,86,15768,-4109,2407,-3305,bf7ddebc,bc4a92b6,bd8615c9,3de192cf,bf7ddebd,bc4a92b5,bd8615ca,3de192cf,1,5018481

6097,208,141,3,-2094,67,15763,-4105,2493,-3279,bf7ddd5a,bc3e654d,bd85ec5b,3de23938,bf7ddd5a,bc3e654b,bd85ec5b,3de23937,1,5026999

6098,200,139,2,-2066,62,15724,-4105,2493,-3279,bf7ddc55,bc32d368,bd859147,3de2de28,bf7ddc54,bc32d365,bd859147,3de2de26,1,5035017

6099,194,137,-4,-2110,116,15767,-4095,2437,-3338,bf7dde4e,bc3aa761,bd85e7bc,3de2042c,bf7dde4d,bc3aa75d,bd85e7bc,3de2042a,1,5043536

6100,191,125,-2,-2100,72,15760,-4035,2473,-3243,bf7ddc9c,bc2fc36c,bd85dec8,3de2a5e7,bf7ddc9c,bc2fc369,bd85dec8,3de2a5e6,1,5052054

6101,184,129,1,-2095,43,15760,-4075,2425,-3259,bf7de0b5,bc312e91,bd861a78,3de157a2,bf7de0b5,bc312e8e,bd861a78,3de157a2,1,5060572

6102,164,129,-3,-2126,124,15819,-4075,2425,-3259,bf7de2e4,bc3b157b,bd8665c9,3de06cb1,bf7de2e3,bc3b1578,bd8665c8,3de06cb0,1,5069091

6103,152,137,-2,-2186,73,15823,-4057,2473,-3284,bf7ddfcd,bc328d7f,bd87166b,3de0fe13,bf7ddfcd,bc328d7f,bd87166a,3de0fe13,1,5077610

6104,153,173,-12,-1993,92,15698,-4105,2455,-3222,bf7de44e,bc317849,bd85642b,3de0bf6e,bf7de44d,bc317849,bd85642a,3de0bf6d,1,5086128

6105,158,152,-18,-2044,114,15727,-4105,2455,-3222,bf7de7fb,bc34ae45,bd84591a,3de04953,bf7de7fa,bc34ae44,bd84591a,3de04952,1,5094647

6106,159,125,-5,-2117,154,15769,-4099,2485,-3233,bf7de41e,bc332c1d,bd84dd10,3de11773,bf7de41e,bc332c1d,bd84dd12,3de11773,1,5103165

6107,166,113,-5,-2128,141,15774,-4089,2497,-3139,bf7ddff8,bc2ed7bc,bd85511f,3de20b6f,bf7ddff8,bc2ed7bc,bd855121,3de20b6f,1,5111684

6108,187,115,-5,-2133,144,15766,-4089,2497,-3139,bf7ddbc4,bc2c0542,bd85cb7a,3de2f939,bf7ddbc4,bc2c0541,bd85cb7d,3de2f939,1,5120203

6109,197,129,-4,-2090,102,15752,-4061,2421,-3269,bf7ddf0b,bc350e9e,bd85d41d,3de1ecae,bf7ddf0b,bc350e9d,bd85d41e,3de1ecae,1,5128721

6110,198,132,-8,-2133,120,15790,-4069,2489,-3203,bf7ddbb8,bc2dbdcd,bd8619ce,3de2c96e,bf7ddbb9,bc2dbdcd,bd8619cf,3de2c96f,1,5137240

6111,199,140,1,-2136,103,15764,-4069,2489,-3203,bf7dd853,bc26c64c,bd8670a4,3de39d58,bf7dd853,bc26c64c,bd8670a5,3de39d58,1,5145258

6112,203,144,7,-2100,101,15769,-4099,2493,-3159,bf7dd665,bc21bbbc,bd862084,3de464a3,bf7dd665,bc21bbbd,bd862085,3de464a3,1,5153776

6113,201,145,11,-2262,19,15850,-4057,2461,-3265,bf7dd367,bc1e4942,bd878c46,3de46c96,bf7dd367,bc1e4942,bd878c47,3de46c97,1,5162295

6114,186,200,5,-2096,165,15770,-4087,2459,-3260,bf7dd578,bc29b33d,bd86ea4f,3de41842,bf7dd579,bc29b33e,bd86ea50,3de41844,1,5170813

6115,174,252,-6,-2002,122,15697,-4087,2459,-3260,bf7dda02,bc2d769b,bd851945,3de3db39,bf7dda02,bc2d769b,bd851945,3de3db3a,1,5179332

6116,190,197,5,-2014,115,15714,-4075,2421,-3283,bf7ddeed,bc362c50,bd843410,3de2e661,bf7ddeed,bc362c51,bd843411,3de2e662,1,5187851

6117,186,174,1,-1980,67,15688,-4079,2485,-3229,bf7ddf8e,bc2c645e,bd832d6a,3de36f7a,bf7ddf8f,bc2c645f,bd832d6b,3de36f7b,1,5196369

6118,161,143,-9,-1994,143,15716,-4079,2485,-3229,bf7ddfd3,bc2b6bb5,bd81fac4,3de40f80,bf7ddfd2,bc2b6bb4,bd81fac4,3de40f80,1,5204888

6119,164,124,-11,-2016,78,15734,-4099,2487,-3231,bf7ddee1,bc234d40,bd81a347,3de49c5f,bf7ddee2,bc234d40,bd81a348,3de49c61,1,5213406

6120,163,100,-15,-2082,204,15751,-4061,2477,-3179,bf7ddce3,bc2e59e9,bd822c9d,3de4bb1e,bf7ddce3,bc2e59e8,bd822c9e,3de4bb1f,1,5221925

6121,169,95,-19,-2044,118,15744,-4061,2477,-3179,bf7ddb06,bc2bb819,bd824125,3de53b6c,bf7ddb05,bc2bb819,bd824123,3de53b6c,1,5230444

6122,169,93,-22,-2087,165,15773,-4105,2433,-3191,bf7ddca0,bc3737f8,bd82be1b,3de45f5e,bf7ddca0,bc3737f9,bd82be19,3de45f5f,1,5238962

6123,192,95,-13,-1923,176,15645,-4109,2465,-3223,bf7de00b,bc3c41da,bd815957,3de4265d,bf7de00c,bc3c41dc,bd815955,3de4265f,1,5247481

6124,223,42,1,-2112,74,15765,-4109,2465,-3223,bf7ddd9f,bc368afb,bd82cde0,3de41126,bf7ddda0,bc368afe,bd82cddf,3de41128,1,5255499

6125,222,20,-2,-2180,124,15828,-4079,2497,-3282,bf7dd894,bc30ebc2,bd842edc,3de4be56,bf7dd893,bc30ebc3,bd842ed9,3de4be56,1,5264017

6126,221,59,-4,-2153,55,15807,-4079,2495,-3281,bf7dd4e5,bc272f2e,bd8513a2,3de55c3d,bf7dd4e4,bc272f30,bd85139f,3de55c3d,1,5272536

6127,219,84,-4,-2150,92,15791,-4083,2445,-3199,bf7dd524,bc2d9f6a,bd861cb7,3de49d1c,bf7dd524,bc2d9f6b,bd861cb4,3de49d1d,1,5281054

6128,220,98,-2,-2110,58,15760,-4083,2445,-3199,bf7dd7a2,bc2e01ed,bd869ae8,3de3a00a,bf7dd7a2,bc2e01ee,bd869ae7,3de3a00b,1,5289573

6129,201,112,0,-2108,67,15767,-4155,2429,-3215,bf7ddb93,bc350bdb,bd86cec2,3de25160,bf7ddb93,bc350bdc,bd86cec1,3de25161,1,5298091

6130,185,112,2,-2106,66,15745,-4083,2447,-3227,bf7dddaf,bc3075e1,bd86e74b,3de1b9c6,bf7dddaf,bc3075e4,bd86e74a,3de1b9c7,1,5306610

6131,164,114,-3,-2108,76,15775,-4083,2447,-3227,bf7de024,bc2fe6b2,bd86def0,3de10f33,bf7de024,bc2fe6b6,bd86def0,3de10f34,1,5315129

6132,166,120,-4,-2094,71,15751,-4093,2435,-3204,bf7de47b,bc33a42b,bd86b1f9,3ddfe408,bf7de47b,bc33a42e,bd86b1f9,3ddfe409,1,5323647

6133,167,123,-5,-2100,121,15782,-4053,2459,-3193,bf7de43d,bc31370f,bd864194,3de04125,bf7de43c,bc313712,bd864194,3de04125,1,5332166

6134,164,121,-2,-2074,109,15752,-4053,2459,-3193,bf7de4d5,bc2dd72b,bd85887b,3de08f08,bf7de4d4,bc2dd72e,bd85887b,3de08f08,1,5340684

6135,159,109,-14,-2089,113,15763,-4109,2465,-3217,bf7de53a,bc2fda9a,bd856e15,3de07b6b,bf7de53b,bc2fda9c,bd856e17,3de07b6d,1,5349203

6136,167,115,-15,-2093,114,15747,-4083,2479,-3188,bf7de319,bc2ab50f,bd85647f,3de12b18,bf7de318,bc2ab510,bd85647f,3de12b18,1,5357220

6137,164,116,-6,-2107,132,15774,-4083,2479,-3188,bf7de078,bc2affa6,bd858d36,3de1cfab,bf7de078,bc2affa9,bd858d36,3de1cfab,1,5365739

6138,185,119,-3,-2116,103,15766,-4067,2449,-3271,bf7de078,bc2f4d75,bd861ff8,3de16b22,bf7de078,bc2f4d78,bd861ff7,3de16b22,1,5374258

6139,194,128,6,-2122,123,15789,-4101,2445,-3221,bf7de1f5,bc378515,bd8673f7,3de0b355,bf7de1f6,bc378518,bd8673f8,3de0b356,1,5382776

6140,195,132,11,-2125,159,15763,-4091,2441,-3214,bf7de32c,bc412350,bd86b085,3de016cf,bf7de32c,bc412351,bd86b085,3de016cf,1,5391295

6141,214,135,13,-2086,73,15755,-4091,2441,-3214,bf7de650,bc38eb49,bd864886,3ddf8d0d,bf7de651,bc38eb4a,bd864888,3ddf8d0e,1,5399813

6142,207,139,11,-2081,102,15745,-4053,2467,-3231,bf7de566,bc2f80e7,bd85d29b,3de0349a,bf7de565,bc2f80e6,bd85d29d,3de03499,1,5408332

6143,212,138,7,-2083,89,15752,-4091,2463,-3265,bf7de584,bc28e62f,bd857dea,3de07284,bf7de585,bc28e62f,bd857ded,3de07285,1,5416851

6144,206,134,7,-2074,68,15760,-4091,2463,-3265,bf7de607,bc21b1fb,bd85215a,3de09a03,bf7de607,bc21b1fb,bd85215d,3de09a03,1,5425369

6145,196,130,5,-2096,78,15777,-4085,2473,-3189,bf7de46b,bc1d3aca,bd854af5,3de10268,bf7de46a,bc1d3ac8,bd854af6,3de10267,1,5433888

6146,197,140,3,-2099,67,15757,-4095,2421,-3198,bf7de779,bc25d4ed,bd858eb2,3ddfe3c5,bf7de779,bc25d4ec,bd858eb3,3ddfe3c4,1,5442407

6147,188,132,1,-2078,62,15761,-4095,2421,-3198,bf7debb5,bc2cdcf2,bd85882d,3dde9e23,bf7debb6,bc2cdcf0,bd85882f,3dde9e23,1,5450424

6148,186,128,1,-2095,72,15763,-4079,2451,-3198,bf7dec4c,bc28023b,bd85b2b8,3dde6890,bf7dec4c,bc280238,bd85b2bb,3dde688f,1,5458943

6149,182,129,4,-2083,73,15757,-4069,2429,-3217,bf7defeb,bc2cf801,bd85a418,3ddd5910,bf7defeb,bc2cf7ff,bd85a419,3ddd590f,1,5467462

6150,168,121,7,-2096,139,15770,-4069,2429,-3217,bf7df1e5,bc376524,bd85ae75,3ddc9f9b,bf7df1e6,bc376523,bd85ae76,3ddc9f9b,1,5475980

6151,175,116,4,-2093,75,15762,-4085,2493,-3219,bf7defa9,bc2cfabd,bd85990c,3ddd7288,bf7defa9,bc2cfabb,bd85990c,3ddd7287,1,5484499

6152,179,124,-2,-2116,133,15767,-4105,2443,-3270,bf7df05a,bc35abd4,bd8602c9,3ddce3c9,bf7df059,bc35abd1,bd8602c8,3ddce3c7,1,5493017

6153,180,132,-1,-2087,87,15758,-4073,2453,-3308,bf7df02a,bc2ccddd,bd85bc00,3ddd3927,bf7df02a,bc2ccddb,bd85bbff,3ddd3926,1,5501536

6154,178,131,3,-2111,103,15786,-4073,2453,-3308,bf7deee9,bc2a1e2f,bd85fdf5,3ddd7565,bf7deee8,bc2a1e2c,bd85fdf4,3ddd7564,1,5510055

6155,173,128,4,-2098,109,15748,-4081,2461,-3266,bf7dedc4,bc2835c2,bd85e89f,3ddddc42,bf7dedc4,bc2835c0,bd85e8a1,3ddddc43,1,5518573

6156,193,130,9,-2073,84,15751,-4113,2481,-3215,bf7decbf,bc206840,bd856dbd,3dde87c8,bf7decbe,bc20683f,bd856dbd,3dde87c8,1,5527092

6157,188,120,10,-2075,95,15786,-4113,2481,-3215,bf7deb9a,bc1cae48,bd84f723,3ddf2cf9,bf7deb99,bc1cae47,bd84f724,3ddf2cf9,1,5535611

6158,186,123,3,-2064,138,15732,-4095,2435,-3193,bf7dee04,bc280cf3,bd84d380,3dde70ba,bf7dee04,bc280cf2,bd84d381,3dde70ba,1,5544129

6159,184,116,3,-2056,104,15733,-4091,2477,-3220,bf7decd8,bc22a432,bd845336,3ddf22ad,bf7decd9,bc22a432,bd845336,3ddf22ad,1,5552648

6160,178,113,2,-2093,130,15777,-4091,2477,-3220,bf7dea20,bc24ce72,bd8492d6,3ddfbc3e,bf7dea20,bc24ce70,bd8492d5,3ddfbc3d,1,5560666

6161,196,115,-4,-2105,111,15770,-4079,2457,-3258,bf7de90f,bc292353,bd852e77,3ddfa03e,bf7de90e,bc292351,bd852e75,3ddfa03c,1,5569184

6162,188,118,-10,-2075,77,15752,-4085,2489,-3248,bf7de71f,bc1fe05d,bd84fa27,3de066c0,bf7de71f,bc1fe05a,bd84fa27,3de066c0,1,5577703

6163,188,113,-12,-2098,124,15763,-4085,2489,-3248,bf7de3d1,bc1e314b,bd85142f,3de14b3d,bf7de3d1,bc1e3149,bd85142e,3de14b3d,1,5586221

6164,201,96,-1,-1571,169,15436,-4073,2433,-3269,bf7de7c7,bc20d6aa,bd837d29,3de114df,bf7de7c7,bc20d6a8,bd837d28,3de114df,1,5594740

6165,221,-3,18,-2426,29,15925,-4115,2455,-3259,bf7de3f9,bc20e28b,bd8578cb,3de0fc9d,bf7de3f9,bc20e289,bd8578ca,3de0fc9d,1,5603259

6166,202,47,2,-2180,109,15814,-4071,2499,-3265,bf7dded0,bc1c2b24,bd867ff8,3de1e1b1,bf7ddecf,bc1c2b22,bd867ff6,3de1e1b0,1,5611777

6167,192,97,-3,-2115,56,15758,-4071,2499,-3265,bf7ddbd6,bc133880,bd869751,3de2c14c,bf7ddbd6,bc13387f,bd869751,3de2c14b,1,5620296

6168,185,119,-1,-2124,92,15782,-4081,2471,-3236,bf7ddaf8,bc19c8bc,bd86dc12,3de2c55f,bf7ddaf8,bc19c8bc,bd86dc12,3de2c55e,1,5628814

6169,193,118,7,-2146,70,15785,-4103,2513,-3248,bf7dd724,bc1242da,bd872027,3de3c23a,bf7dd725,bc1242db,bd872028,3de3c23a,1,5637333

6170,193,126,5,-2110,109,15772,-4103,2513,-3248,bf7dd400,bc0ffb65,bd86c937,3de4db06,bf7dd401,bc0ffb66,bd86c938,3de4db06,1,5645852

6171,188,133,7,-2101,80,15751,-4083,2469,-3240,bf7dd4f4,bc17dea6,bd869d91,3de49c7b,bf7dd4f3,bc17dea4,bd869d90,3de49c7a,1,5654370

6172,183,126,14,-2095,129,15754,-4103,2473,-3237,bf7dd5b6,bc222f4a,bd865431,3de4752b,bf7dd5b7,bc222f49,bd865432,3de4752c,1,5662388

6173,193,128,8,-2083,98,15746,-4103,2473,-3237,bf7dd6cb,bc258d48,bd85d21b,3de46b72,bf7dd6cb,bc258d48,bd85d21c,3de46b72,1,5670907

6174,192,123,3,-2080,114,15769,-4101,2435,-3269,bf7dd9ee,bc2fc97f,bd85ade2,3de38279,bf7dd9ee,bc2fc97f,bd85ade3,3de38279,1,5679425

6175,203,123,4,-2056,80,15747,-4085,2467,-3234,bf7ddb48,bc2917c2,bd84eb21,3de3a827,bf7ddb49,bc2917c2,bd84eb21,3de3a828,1,5687944

6176,205,95,3,-1702,136,15507,-4085,2467,-3234,bf7ddeb5,bc28e6b9,bd8348c5,3de3a6ff,bf7ddeb5,bc28e6b8,bd8348c4,3de3a6ff,1,5696462

6177,207,5,4,-2239,98,15837,-4101,2463,-3267,bf7ddb3a,bc2b0609,bd851e3b,3de38880,bf7ddb3a,bc2b0608,bd851e3a,3de38880,1,5704981

6178,216,-4,-5,-2119,30,15781,-4089,2457,-3240,bf7dda47,bc23bfd0,bd86383e,3de33be2,bf7dda48,bc23bfcf,bd86383d,3de33be2,1,5713500

6179,198,8,-10,-2187,98,15795,-4103,2459,-3170,bf7dd89e,bc29911d,bd87a4f7,3de2c8dc,bf7dd89e,bc29911a,bd87a4f6,3de2c8db,1,5722018

6180,187,20,-21,-2179,126,15782,-4103,2459,-3170,bf7dd7b5,bc31b0d6,bd88b083,3de25069,bf7dd7b6,bc31b0d3,bd88b082,3de25069,1,5730537

6181,187,39,-20,-2239,73,15820,-4101,2449,-3259,bf7dd5de,bc329a50,bd8a3cba,3de1e0b3,bf7dd5df,bc329a4d,bd8a3cb9,3de1e0b3,1,5739056

6182,193,75,-11,-2228,80,15796,-4061,2449,-3227,bf7dd405,bc315056,bd8b73a6,3de1aa7b,bf7dd406,bc315054,bd8b73a4,3de1aa7b,1,5747574

6183,184,98,-17,-2201,88,15792,-4061,2449,-3227,bf7dd431,bc310249,bd8bd953,3de16049,bf7dd431,bc310246,bd8bd954,3de16049,1,5755592

6184,186,122,-13,-2146,69,15760,-4149,2479,-3233,bf7dd57f,bc29b8ae,bd8b0a85,3de19867,bf7dd580,bc29b8ac,bd8b0a87,3de19868,1,5764111

6185,187,130,0,-2129,60,15743,-4051,2527,-3231,bf7dd37f,bc1fc76a,bd8a965a,3de28cce,bf7dd380,bc1fc769,bd8a965c,3de28ccf,1,5772629

6186,186,133,-1,-2144,119,15777,-4051,2527,-3231,bf7dd0b5,bc18bc9b,bd8a1504,3de3b655,bf7dd0b6,bc18bc9a,bd8a1506,3de3b656,1,5781148

6187,192,130,-1,-2122,50,15726,-4087,2489,-3262,bf7dd00b,bc11c39c,bd896dd8,3de45cf4,bf7dd00b,bc11c39d,bd896dda,3de45cf4,1,5789666

6188,193,134,1,-2116,69,15741,-4131,2475,-3207,bf7dd29e,bc187a32,bd88ca6a,3de3f62b,bf7dd29e,bc187a32,bd88ca6b,3de3f62b,1,5798185

6189,186,128,-3,-2132,56,15739,-4131,2475,-3207,bf7dd3ed,bc1af7bd,bd88b5d4,3de39e9b,bf7dd3ed,bc1af7bb,bd88b5d6,3de39e9b,1,5806704

6190,175,123,-5,-2161,109,15790,-4107,2465,-3225,bf7dd464,bc24aa41,bd88f887,3de339e6,bf7dd463,bc24aa41,bd88f887,3de339e5,1,5815222

6191,176,124,-2,-2099,62,15730,-4089,2493,-3200,bf7dd39a,bc1c8f70,bd8852be,3de3ed07,bf7dd398,bc1c8f6f,bd8852be,3de3ed05,1,5823741

6192,183,124,-2,-2148,139,15819,-4125,2471,-3170,bf7dd473,bc279164,bd88568f,3de38ed9,bf7dd472,bc279164,bd885690,3de38ed8,1,5832259

6193,194,123,-1,-2134,110,15753,-4125,2471,-3170,bf7dd56f,bc2dcf69,bd884e0a,3de33a79,bf7dd570,bc2dcf69,bd884e0d,3de33a7b,1,5840778

6194,198,137,0,-2129,126,15749,-4081,2495,-3239,bf7dd2e1,bc283ccb,bd87fb4a,3de43315,bf7dd2e2,bc283ccb,bd87fb4c,3de43316,1,5849297

6195,202,130,3,-2137,88,15750,-4123,2455,-3202,bf7dd512,bc2ef180,bd883aae,3de35cb4,bf7dd512,bc2ef181,bd883aae,3de35cb4,1,5857815

6196,208,140,-6,-2151,30,15749,-4123,2455,-3202,bf7dd68d,bc294b2c,bd88cd73,3de2abae,bf7dd68e,bc294b2c,bd88cd73,3de2abae,1,5865833

6197,203,128,-3,-2150,56,15749,-4069,2487,-3216,bf7dd450,bc1f7e35,bd88db69,3de35fc8,bf7dd450,bc1f7e33,bd88db69,3de35fc7,1,5874351

6198,200,128,1,-2128,35,15743,-4011,2445,-3170,bf7dd61b,bc1b4763,bd88b65a,3de30190,bf7dd61c,bc1b4761,bd88b65b,3de30190,1,5882870

6199,190,121,1,-2126,44,15757,-4011,2445,-3170,bf7dd815,bc1acd13,bd888361,3de293cd,bf7dd815,bc1acd12,bd888361,3de293cc,1,5891389

6200,183,120,6,-2110,61,15749,-4057,2477,-3242,bf7dd739,bc14d5e5,bd87faf8,3de33374,bf7dd73a,bc14d5e5,bd87faf9,3de33374,1,5899907

6201,178,119,7,-2117,35,15738,-4065,2491,-3235,bf7dd515,bc0c87a0,bd87d291,3de3f94b,bf7dd515,bc0c879f,bd87d292,3de3f94a,1,5908426

6202,160,110,1,-2102,20,15723,-4065,2491,-3235,bf7dd364,bc0506d2,bd878bdf,3de4adb4,bf7dd365,bc0506d2,bd878be0,3de4adb4,1,5916945

6203,136,103,-4,-2154,114,15764,-4131,2485,-3186,bf7dd2cf,bc11129f,bd87f26a,3de47d3d,bf7dd2ce,bc1112a0,bd87f269,3de47d3b,1,5925463

6204,128,102,-6,-2151,62,15764,-4097,2489,-3171,bf7dd042,bc122caa,bd886a2f,3de4e7bd,bf7dd043,bc122cad,bd886a30,3de4e7bd,1,5933982

6205,128,102,-7,-2165,104,15771,-4097,2489,-3171,bf7dcdf8,bc19a18c,bd88da46,3de53454,bf7dcdf8,bc19a18e,bd88da44,3de53454,1,5942500

6206,136,117,-5,-2185,154,15767,-4123,2461,-3219,bf7dce69,bc265a8c,bd893b53,3de4b748,bf7dce6a,bc265a8f,bd893b52,3de4b748,1,5951019

6207,158,127,-3,-2153,160,15770,-4061,2489,-3277,bf7dcbb6,bc29dcb7,bd88f15f,3de59850,bf7dcbb6,bc29dcb9,bd88f15c,3de5984f,1,5959537

6208,185,134,-2,-2142,106,15752,-4105,2475,-3226,bf7dcbdd,bc2cdfd9,bd88cb72,3de59b33,bf7dcbdd,bc2cdfd8,bd88cb71,3de59b32,1,5967555

6209,193,143,4,-2159,144,15774,-4105,2475,-3226,bf7dcb55,bc345a21,bd88e238,3de59c38,bf7dcb55,bc345a1f,bd88e237,3de59c37,1,5976074

6210,211,152,8,-2121,84,15743,-4117,2463,-3230,bf7dce58,bc32da31,bd885a6d,3de51c80,bf7dce57,bc32da2e,bd885a6a,3de51c7e,1,5984592

6211,210,154,11,-2131,99,15765,-4089,2459,-3162,bf7dd07d,bc34fb67,bd882c57,3de498cf,bf7dd07d,bc34fb64,bd882c57,3de498cf,1,5993111

6212,215,153,16,-2086,23,15736,-4089,2459,-3162,bf7dd300,bc2a2f7e,bd8787ad,3de46997,bf7dd300,bc2a2f7b,bd8787ad,3de46997,1,6001629

6213,199,146,14,-2135,74,15739,-4079,2501,-3160,bf7dd01c,bc21441c,bd878f87,3de54bc6,bf7dd01d,bc21441a,bd878f87,3de54bc7,1,6010148

6214,196,145,12,-2091,37,15733,-4127,2433,-3204,bf7dd4fb,bc27c085,bd8757ed,3de40012,bf7dd4fa,bc27c082,bd8757ed,3de40011,1,6018666

6215,181,132,7,-2096,33,15730,-4127,2433,-3204,bf7dd9e6,bc2c5bbb,bd87448c,3de29e7d,bf7dd9e6,bc2c5bbb,bd87448c,3de29e7d,1,6027185

6216,174,118,-6,-2122,109,15756,-4105,2479,-3163,bf7dd8a3,bc2b3aa4,bd8741f0,3de2fdc7,bf7dd8a2,bc2b3aa3,bd8741ef,3de2fdc7,1,6035704

6217,167,114,-15,-2128,55,15750,-4101,2497,-3246,bf7dd658,bc21c799,bd875989,3de3af3b,bf7dd659,bc21c79a,bd87598a,3de3af3d,1,6044222

6218,161,108,-14,-2124,66,15728,-4101,2497,-3246,bf7dd3c4,bc1a85dd,bd876ed4,3de46e53,bf7dd3c4,bc1a85dd,bd876ed5,3de46e53,1,6052741

6219,152,107,-13,-2138,129,15789,-4141,2453,-3267,bf7dd56e,bc26b53c,bd87a1ad,3de3b751,bf7dd56e,bc26b53c,bd87a1ad,3de3b751,1,6061259

6220,167,111,-12,-2167,106,15767,-4091,2449,-3244,bf7dd5cf,bc2f3e52,bd885aea,3de313f6,bf7dd5d0,bc2f3e53,bd885aeb,3de313f7,1,6069277

6221,181,125,-1,-2139,87,15792,-4115,2473,-3202,bf7dd5ad,bc2b8b00,bd884f2b,3de32f6d,bf7dd5ad,bc2b8b01,bd884f2b,3de32f6d,1,6077796

6222,166,128,-4,-2157,68,15744,-4115,2473,-3202,bf7dd47f,bc277e5f,bd88d863,3de33db8,bf7dd47e,bc277e5e,bd88d864,3de33db7,1,6086314

6223,172,131,6,-2153,109,15809,-4101,2517,-3187,bf7dd137,bc20d958,bd88a9f2,3de45689,bf7dd137,bc20d957,bd88a9f4,3de45688,1,6094833

6224,171,130,6,-2151,113,15752,-4141,2497,-3208,bf7dcef6,bc234109,bd88bb70,3de4e52f,bf7dcef7,bc234108,bd88bb72,3de4e52e,1,6103352

6225,183,137,10,-2151,63,15787,-4141,2497,-3208,bf7dcd14,bc1cfd6f,bd88c663,3de5759f,bf7dcd14,bc1cfd6e,bd88c664,3de5759d,1,6111870

6226,179,140,7,-2173,99,15730,-4093,2487,-3223,bf7dca31,bc1f204b,bd894e01,3de5eb12,bf7dca30,bc1f2048,bd894e02,3de5eb0f,1,6120389

6227,182,166,4,-2401,135,15899,-4103,2499,-3311,bf7dc604,bc216416,bd8aafb5,3de637a6,bf7dc605,bc216413,bd8aafb7,3de637a4,1,6128907

6228,176,235,-3,-1902,50,15586,-4103,2499,-3311,bf7dc91a,bc1c7b9a,bd88d6df,3de68618,bf7dc91a,bc1c7b97,bd88d6e0,3de68615,1,6137426

6229,184,173,7,-2060,143,15747,-4109,2487,-3171,bf7dcb6d,bc233615,bd877b61,3de69ccd,bf7dcb6e,bc233611,bd877b62,3de69ccc,1,6145944

6230,182,138,11,-2139,89,15691,-4125,2491,-3121,bf7dc999,bc243006,bd87f359,3de6d49f,bf7dc998,bc243001,bd87f358,3de6d49c,1,6154463

6231,192,126,2,-2128,160,15804,-4125,2491,-3121,bf7dc992,bc2d8d9a,bd87a7a5,3de6e75f,bf7dc991,bc2d8d94,bd87a7a4,3de6e75c,1,6162481

6232,199,130,-7,-2087,66,15737,-4073,2539,-3276,bf7dc771,bc234387,bd8743f5,3de7d55f,bf7dc772,bc234383,bd8743f5,3de7d55f,1,6170999

6233,198,125,-14,-2147,137,15754,-4115,2529,-3203,bf7dc33a,bc1fe7d3,bd876284,3de8f364,bf7dc33a,bc1fe7cf,bd876284,3de8f364,1,6179518

6234,203,127,-15,-2102,78,15747,-4139,2477,-3262,bf7dc5de,bc25a491,bd8714e9,3de857f9,bf7dc5dd,bc25a48c,bd8714e9,3de857f8,1,6188037

6235,205,131,-11,-2127,112,15785,-4139,2477,-3262,bf7dc6fa,bc2d9049,bd873346,3de7e19c,bf7dc6fb,bc2d9045,bd873347,3de7e19d,1,6196555

6236,213,129,-6,-2111,60,15803,-4117,2443,-3175,bf7dcb85,bc32d1c5,bd8730c6,3de6944e,bf7dcb85,bc32d1c2,bd8730c5,3de6944e,1,6205074

6237,199,128,-3,-2132,72,15769,-4095,2489,-3232,bf7dc991,bc29a3f9,bd8754d3,3de72430,bf7dc992,bc29a3f7,bd8754d2,3de72431,1,6213592

6238,201,133,0,-2099,6,15749,-4095,2489,-3232,bf7dc8f8,bc1df73b,bd872211,3de78c70,bf7dc8f9,bc1df739,bd872211,3de78c71,1,6222111

6239,194,122,-1,-2113,52,15720,-4097,2457,-3197,bf7dcba8,bc236c99,bd875d16,3de69de9,bf7dcba9,bc236c98,bd875d15,3de69dea,1,6230629

6240,173,121,1,-2117,61,15727,-4089,2455,-3239,bf7dce02,bc27f1cd,bd878f7d,3de5cd4c,bf7dce02,bc27f1ce,bd878f7a,3de5cd4d,1,6239148

6241,160,106,-8,-2119,110,15818,-4089,2455,-3239,bf7dd05f,bc311f34,bd876361,3de52465,bf7dd05e,bc311f36,bd87635e,3de52465,1,6247667

6242,157,109,-11,-2129,94,15739,-4107,2503,-3216,bf7dcda1,bc29a637,bd876f75,3de5f633,bf7dcda1,bc29a63a,bd876f75,3de5f634,1,6256185

6243,154,108,-13,-2154,129,15778,-4103,2457,-3213,bf7dce66,bc3401e6,bd87e8c1,3de558b3,bf7dce67,bc3401ea,bd87e8c1,3de558b5,1,6264704

6244,168,122,-5,-2134,111,15795,-4103,2457,-3213,bf7dd07b,bc39fce6,bd87eed3,3de4ae09,bf7dd07b,bc39fcea,bd87eed1,3de4ae0a,1,6272722

6245,178,129,1,-2128,83,15797,-4107,2501,-3300,bf7dce8c,bc2ffebe,bd87bc73,3de574a6,bf7dce8d,bc2ffec3,bd87bc72,3de574a8,1,6281240

6246,178,131,1,-2119,106,15795,-4083,2463,-3245,bf7dcff4,bc323615,bd875e7c,3de541bd,bf7dcff4,bc323619,bd875e7c,3de541be,1,6289759

6247,186,127,1,-2125,80,15742,-4089,2523,-3209,bf7dcd19,bc288203,bd874854,3de635c9,bf7dcd19,bc288207,bd874854,3de635ca,1,6298277

6248,181,122,-3,-2126,124,15757,-4089,2523,-3209,bf7dc98e,bc22563f,bd872400,3de7562c,bf7dc98d,bc225642,bd872400,3de7562d,1,6306796

6249,194,124,-2,-2121,72,15775,-4131,2485,-3298,bf7dc921,bc20be32,bd87360d,3de76e01,bf7dc920,bc20be34,bd87360d,3de76e02,1,6315315

6250,189,126,-1,-2119,117,15747,-4113,2449,-3254,bf7dcb6b,bc2b9030,bd874989,3de6a29f,bf7dcb6c,bc2b9033,bd87498a,3de6a2a2,1,6323833

6251,187,129,-5,-2128,87,15768,-4113,2449,-3254,bf7dce1e,bc32ff41,bd878761,3de5a94a,bf7dce1e,bc32ff43,bd878761,3de5a94c,1,6332352

6252,194,123,-6,-2117,61,15743,-4079,2529,-3213,bf7dcb99,bc2880d0,bd876296,3de69033,bf7dcb9a,bc2880d3,bd876298,3de69036,1,6340871

6253,193,128,-6,-2109,92,15800,-4053,2497,-3144,bf7dc99b,bc215eb9,bd86fd08,3de76c30,bf7dc99a,bc215ebc,bd86fd08,3de76c30,1,6349389

6254,191,131,-4,-2117,82,15782,-4053,2497,-3144,bf7dc713,bc1b36c9,bd86d787,3de8440d,bf7dc712,bc1b36cb,bd86d787,3de8440d,1,6357908

6255,192,133,2,-2128,81,15763,-4091,2465,-3178,bf7dc857,bc2335bb,bd872c32,3de7a40a,bf7dc857,bc2335bf,bd872c33,3de7a40b,1,6366426

6256,185,130,5,-2099,54,15760,-4105,2447,-3164,bf7dcc99,bc29cf7c,bd870cce,3de67845,bf7dcc9a,bc29cf80,bd870cd0,3de67847,1,6374444

6257,179,126,1,-2119,80,15740,-4105,2447,-3164,bf7dcf95,bc3154c6,bd874847,3de56bfd,bf7dcf94,bc3154c9,bd874847,3de56bfc,1,6382963

6258,165,118,-1,-2081,23,15728,-4083,2515,-3196,bf7dcdf6,bc26a5a4,bd86fbd4,3de62b69,bf7dcdf6,bc26a5a7,bd86fbd6,3de62b69,1,6391482

6259,151,111,-1,-2140,126,15777,-4079,2531,-3145,bf7dc9cd,bc2123cd,bd87036a,3de75b94,bf7dc9ce,bc2123d1,bd87036c,3de75b95,1,6400000

6260,148,105,-2,-2151,124,15747,-4127,2501,-3175,bf7dc6b3,bc25de45,bd87959c,3de7d1f5,bf7dc6b3,bc25de47,bd87959e,3de7d1f5,1,6408519

6261,155,112,-7,-2141,118,15739,-4127,2501,-3175,bf7dc41b,bc282818,bd87d77e,3de85a6d,bf7dc41b,bc282818,bd87d780,3de85a6d,1,6417037

6262,161,126,-2,-2152,123,15780,-4085,2527,-3242,bf7dc02e,bc2277d0,bd87d55a,3de97dce,bf7dc02e,bc2277d0,bd87d55b,3de97dce,1,6425556

6263,175,121,3,-2156,125,15757,-4095,2465,-3212,bf7dc0c7,bc2cf8b2,bd883925,3de8fb73,bf7dc0c7,bc2cf8b2,bd883926,3de8fb73,1,6434074

6264,188,128,4,-2144,130,15805,-4095,2465,-3212,bf7dc22b,bc363dd8,bd883de0,3de87b83,bf7dc22b,bc363dd7,bd883de1,3de87b83,1,6442593

6265,201,139,8,-2112,58,15797,-4119,2515,-3263,bf7dc0b0,bc2b6e24,bd87db4e,3de93d6e,bf7dc0b1,bc2b6e24,bd87db4e,3de93d6e,1,6451112

6266,199,143,10,-2146,76,15725,-4089,2449,-3192,bf7dc2e2,bc31e008,bd8850d7,3de84be0,bf7dc2e2,bc31e009,bd8850d6,3de84bdf,1,6459630

6267,200,141,7,-2093,62,15773,-4089,2449,-3192,bf7dc83e,bc33105b,bd878905,3de74635,bf7dc83e,bc33105b,bd878904,3de74634,1,6467648

6268,201,137,8,-2135,98,15772,-4095,2523,-3218,bf7dc52c,bc29d8aa,bd87707f,3de84766,bf7dc52d,bc29d8aa,bd87707f,3de84766,1,6476667

6269,195,130,2,-2088,73,15704,-4063,2485,-3227,bf7dc492,bc226931,bd86e56b,3de8d72e,bf7dc492,bc22692f,bd86e56b,3de8d72d,1,6484685

6270,183,123,-3,-2146,129,15786,-4063,2485,-3227,bf7dc215,bc278943,bd874b4a,3de93ae5,bf7dc215,bc278941,bd874b4a,3de93ae4,1,6493204

6271,184,126,0,-2123,67,15735,-4053,2471,-3198,bf7dc1ae,bc24988e,bd877dae,3de942a5,bf7dc1ae,bc24988b,bd877dae,3de942a4,1,6501723

6272,185,126,-4,-2137,134,15768,-4131,2459,-3251,bf7dc37d,bc2fba00,bd87a752,3de88b7a,bf7dc37e,bc2fb9fe,bd87a751,3de88b7a,1,6510241

6273,194,123,-4,-2150,114,15752,-4089,2483,-3248,bf7dc14b,bc2f65f5,bd881688,3de8e4d1,bf7dc14a,bc2f65f2,bd881686,3de8e4cf,1,6518760

6274,212,136,-1,-2125,89,15778,-4089,2483,-3248,bf7dc0d0,bc29ffa5,bd87c899,3de94398,bf7dc0d0,bc29ffa4,bd87c898,3de94396,1,6527278

6275,218,144,10,-2130,69,15746,-4101,2443,-3199,bf7dc432,bc30d7ce,bd87f9c8,3de8263f,bf7dc432,bc30d7cd,bd87f9c7,3de8263d,1,6535797

6276,204,138,13,-2144,92,15739,-4121,2483,-3225,bf7dc327,bc2e59ea,bd884a62,3de847b8,bf7dc326,bc2e59e7,bd884a63,3de847b6,1,6544315

6277,200,143,14,-2087,41,15710,-4121,2483,-3225,bf7dc487,bc252f8d,bd8795dc,3de86c34,bf7dc487,bc252f8a,bd8795dd,3de86c32,1,6552834

6278,198,141,8,-2131,111,15797,-4079,2481,-3267,bf7dc386,bc27efc1,bd877676,3de8bc1a,bf7dc386,bc27efbd,bd877675,3de8bc19,1,6561353

6279,202,141,7,-2103,67,15741,-4067,2487,-3201,bf7dc29e,bc205dfc,bd87133b,3de94a78,bf7dc29f,bc205df9,bd87133b,3de94a77,1,6569871

6280,191,132,3,-2095,142,15801,-4067,2487,-3201,bf7dc29d,bc271159,bd866113,3de99eeb,bf7dc29d,bc271154,bd866112,3de99ee9,1,6577889

6281,191,134,-7,-2103,40,15750,-4063,2517,-3274,bf7dc044,bc1ca0e3,bd864349,3dea6fcd,bf7dc045,bc1ca0de,bd864348,3dea6fcc,1,6586408

6282,180,119,-3,-2107,105,15767,-4055,2483,-3206,bf7dbf49,bc21c919,bd863aaf,3deaaa97,bf7dbf48,bc21c912,bd863aae,3deaaa95,1,6594926

6283,184,122,-3,-2092,59,15750,-4055,2483,-3206,bf7dbea0,bc1c7bbc,bd8608e1,3deb02fd,bf7dbea0,bc1c7bb8,bd8608e2,3deb02fd,1,6603445

6284,186,123,-3,-2124,61,15777,-4063,2465,-3192,bf7dbf74,bc21c887,bd869a6c,3dea680d,bf7dbf74,bc21c884,bd869a6d,3dea680d,1,6611963

6285,179,113,1,-2157,114,15795,-4095,2493,-3215,bf7dbcb5,bc261286,bd875055,3deab1a4,bf7dbcb4,bc261283,bd875056,3deab1a3,1,6620482

6286,198,117,-2,-2144,88,15779,-4079,2449,-3218,bf7dbeb7,bc2eae46,bd87bf35,3de9cd4c,bf7dbeb6,bc2eae43,bd87bf36,3de9cd4b,1,6629000

6287,203,123,0,-2132,85,15757,-4079,2449,-3218,bf7dc17d,bc35306e,bd87faac,3de8d5dc,bf7dc17d,bc35306d,bd87faac,3de8d5dc,1,6637519

6288,210,130,0,-2102,49,15744,-4083,2475,-3237,bf7dc235,bc2af759,bd879072,3de9008e,bf7dc236,bc2af75a,bd879073,3de9008f,1,6646037

6289,197,136,-2,-2130,72,15795,-4053,2505,-3245,bf7dbfb2,bc219da0,bd876f39,3de9dcf9,bf7dbfb2,bc219da0,bd876f39,3de9dcf9,1,6654556

6290,200,132,3,-2124,42,15764,-4053,2505,-3245,bf7dbd3e,bc17d4bf,bd875f68,3deaaa4e,bf7dbd3d,bc17d4be,bd875f68,3deaaa4d,1,6663074

6291,193,129,8,-2122,69,15735,-4049,2437,-3191,bf7dbffb,bc219dfd,bd878cf7,3de9b808,bf7dbffa,bc219dfb,bd878cf7,3de9b807,1,6671593

6292,194,131,8,-2089,7,15758,-4065,2481,-3228,bf7dc04d,bc174245,bd871ab9,3de9ff6d,bf7dc04d,bc174244,bd871aba,3de9ff6d,1,6680111

6293,176,117,4,-2092,62,15709,-4065,2481,-3228,bf7dc094,bc1810c3,bd86b829,3dea2325,bf7dc093,bc1810c2,bd86b829,3dea2324,1,6688129

6294,162,114,-5,-2137,125,15808,-4093,2507,-3203,bf7dbd82,bc1cdf1f,bd86e544,3dead120,bf7dbd82,bc1cdf20,bd86e544,3dead120,1,6696648

6295,175,123,5,-2101,61,15742,-4071,2525,-3205,bf7dbaa4,bc14c841,bd86a989,3debce39,bf7dbaa4,bc14c842,bd86a989,3debce39,1,6705167

6296,172,123,-3,-2159,115,15782,-4071,2525,-3205,bf7db5e0,bc13f805,bd871253,3decdbe5,bf7db5df,bc13f805,bd871253,3decdbe4,1,6713685

6297,171,119,1,-2156,57,15760,-4055,2521,-3189,bf7db1ae,bc0e3923,bd87775a,3dedcf6c,bf7db1af,bc0e3924,bd87775a,3dedcf6d,1,6722204

6298,175,137,6,-2155,111,15819,-4093,2505,-3279,bf7daf94,bc16558d,bd87b6e8,3dee26c5,bf7daf93,bc16558d,bd87b6e7,3dee26c4,1,6730722

6299,184,143,12,-2113,97,15753,-4093,2505,-3279,bf7dae63,bc19fd2a,bd8745e7,3deeae7b,bf7dae64,bc19fd2a,bd8745e8,3deeae7c,1,6739241

6300,188,138,14,-2116,98,15765,-4043,2487,-3229,bf7dadc1,bc1f97dd,bd870e3c,3deeea47,bf7dadc1,bc1f97dd,bd870e3a,3deeea47,1,6747759

6301,193,137,11,-2082,50,15745,-4093,2469,-3224,bf7db1f0,bc24b066,bd868dc9,3dee088c,bf7db1f0,bc24b066,bd868dc7,3dee088c,1,6756278

6302,191,144,10,-2094,92,15776,-4113,2489,-3242,bf7db365,bc2923ba,bd861cab,3dedd860,bf7db364,bc2923ba,bd861caa,3dedd85f,1,6764797

6303,197,135,9,-2096,47,15752,-4113,2489,-3242,bf7db3da,bc231cd6,bd861801,3dedccab,bf7db3da,bc231cd6,bd861800,3dedccab,1,6773315

6304,188,129,3,-2072,74,15738,-4077,2505,-3257,bf7db29e,bc1ce87c,bd858973,3dee8123,bf7db29e,bc1ce87c,bd858972,3dee8123,1,6781834

6305,165,123,0,-2099,124,15801,-4095,2501,-3244,bf7db198,bc246b8a,bd856722,3deec63f,bf7db198,bc246b89,bd856722,3deec63f,1,6789851

6306,180,122,-4,-2103,88,15743,-4095,2501,-3244,bf7daf90,bc236bfa,bd85a4c4,3def3048,bf7daf90,bc236bfa,bd85a4c4,3def3048,1,6798370

6307,181,118,-6,-2143,123,15773,-4089,2491,-3211,bf7dae18,bc2b1885,bd8657c8,3def1a61,bf7dae17,bc2b1884,bd8657c7,3def1a61,1,6806889

6308,197,124,-7,-2112,81,15745,-4129,2481,-3244,bf7dafec,bc300b9c,bd869f7d,3dee671d,bf7dafeb,bc300b99,bd869f7e,3dee671e,1,6815407

6309,195,133,3,-2156,72,15775,-4129,2481,-3244,bf7dafba,bc315083,bd8787e8,3dedecd0,bf7dafba,bc315082,bd8787e9,3dedecd2,1,6823926

6310,195,127,5,-2123,22,15754,-4093,2499,-3274,bf7dae74,bc262b58,bd878e3b,3dee6088,bf7dae74,bc262b57,bd878e3c,3dee608a,1,6832445

6311,202,128,18,-2135,56,15752,-4059,2463,-3276,bf7dafcf,bc28f3d9,bd87fb4c,3dedbdc2,bf7dafcf,bc28f3db,bd87fb4c,3dedbdc4,1,6840963

6312,189,137,14,-2106,75,15749,-4059,2463,-3276,bf7db2eb,bc2d2a33,bd877f96,3ded23e9,bf7db2ec,bc2d2a36,bd877f96,3ded23eb,1,6849482

6313,176,141,9,-2109,48,15768,-4091,2479,-3274,bf7db411,bc26c3c3,bd87363a,3ded113b,bf7db412,bc26c3c6,bd87363a,3ded113d,1,6858000

6314,171,140,10,-2209,42,15824,-4073,2455,-3276,bf7db397,bc29e5cf,bd886885,3dec7931,bf7db397,bc29e5d3,bd886884,3dec7932,1,6866519

6315,158,179,-6,-2124,81,15774,-4073,2441,-3298,bf7db797,bc333f95,bd882978,3deb6ef3,bf7db798,bc333f98,bd882979,3deb6ef5,1,6875037

6316,148,219,-13,-1962,84,15666,-4073,2441,-3298,bf7dbd94,bc366825,bd865d79,3dead07d,bf7dbd94,bc366826,bd865d7a,3dead07e,1,6883055

6317,151,143,2,-2078,77,15728,-4097,2467,-3200,bf7dc0fd,bc353808,bd85d67b,3dea34eb,bf7dc0fd,bc353809,bd85d67c,3dea34eb,1,6891574

6318,150,137,1,-2141,113,15812,-4071,2493,-3288,bf7dbda4,bc304891,bd863f5c,3deaefb2,bf7dbda5,bc304891,bd863f5c,3deaefb2,1,6900092

6319,167,142,1,-2109,120,15774,-4071,2493,-3288,bf7dbb63,bc2d157e,bd861083,3debaf93,bf7dbb63,bc2d157e,bd861082,3debaf93,1,6908611

6320,192,145,10,-2090,131,15745,-4093,2481,-3214,bf7dbc41,bc33f4f1,bd85b7b4,3deb9196,bf7dbc43,bc33f4f2,bd85b7b4,3deb9198,1,6917130

6321,208,148,17,-2089,81,15754,-4023,2497,-3165,bf7dba14,bc2a2c32,bd857b4b,3dec66d2,bf7dba14,bc2a2c32,bd857b4b,3dec66d2,1,6925648

6322,206,145,14,-2084,68,15770,-4023,2497,-3165,bf7db804,bc2106b6,bd85392d,3ded32d3,bf7db804,bc2106b7,bd85392d,3ded32d3,1,6934167

6323,201,147,8,-2084,78,15743,-4087,2475,-3199,bf7db9e3,bc26da11,bd853a69,3deca1b7,bf7db9e4,bc26da12,bd853a69,3deca1b8,1,6942685

6324,199,140,5,-2083,43,15761,-4097,2493,-3203,bf7db963,bc1eaf2f,bd852977,3dece45a,bf7db962,bc1eaf2e,bd852975,3dece459,1,6951204

6325,202,140,-6,-2101,74,15780,-4097,2493,-3203,bf7db888,bc1f1304,bd856743,3decfaf6,bf7db887,bc1f1302,bd856741,3decfaf5,1,6959722

6326,190,127,-5,-2072,65,15779,-4071,2487,-3251,bf7db8eb,bc1c8b5d,bd84eb92,3ded2cbc,bf7db8eb,bc1c8b5b,bd84eb92,3ded2cbc,1,6968241

6327,183,122,2,-2094,80,15780,-4097,2519,-3259,bf7db5b8,bc173a4d,bd84eda1,3dee13f2,bf7db5b7,bc173a4a,bd84eda0,3dee13f1,1,6976760

6328,179,131,4,-2095,75,15751,-4065,2453,-3254,bf7db7e4,bc215511,bd85337e,3ded3e17,bf7db7e4,bc21550f,bd85337e,3ded3e17,1,6985278

6329,189,129,9,-2101,46,15770,-4065,2453,-3254,bf7dba64,bc26c4bf,bd85a490,3dec439a,bf7dba64,bc26c4be,bd85a490,3dec439a,1,6993296

6330,188,127,8,-2101,37,15769,-4051,2459,-3200,bf7dbc6a,bc257f5a,bd860257,3deb869b,bf7dbc6b,bc257f5a,bd860259,3deb869c,1,7001815

6331,183,128,5,-2099,65,15778,-4025,2443,-3164,bf7dbfab,bc2c50af,bd861d7f,3dea82d0,bf7dbfab,bc2c50ae,bd861d80,3dea82d0,1,7010333

6332,179,120,8,-2099,84,15765,-4025,2443,-3164,bf7dc2a7,bc3333cc,bd8630e5,3de99413,bf7dc2a7,bc3333cb,bd8630e6,3de99413,1,7018852

6333,184,123,5,-2125,95,15784,-4091,2479,-3236,bf7dc160,bc304ad0,bd8696e7,3de9baca,bf7dc15f,bc304ace,bd8696e7,3de9bac9,1,7027371

6334,196,131,8,-2116,115,15789,-4085,2399,-3237,bf7dc4ab,bc3a5ccc,bd86b2e8,3de8a638,bf7dc4ab,bc3a5ccb,bd86b2e8,3de8a638,1,7035889

6335,203,142,8,-2116,111,15773,-4085,2399,-3237,bf7dc842,bc438c26,bd86cd6c,3de77d27,bf7dc841,bc438c24,bd86cd6c,3de77d26,1,7044408

6336,210,144,11,-2087,56,15776,-4039,2469,-3173,bf7dc84e,bc37a88b,bd866a1e,3de7da5a,bf7dc84e,bc37a88a,bd866a1e,3de7da5a,1,7052926

6337,205,140,13,-2076,52,15762,-4067,2449,-3269,bf7dcbed,bc30bf31,bd85debb,3de742d6,bf7dcbee,bc30bf32,bd85debb,3de742d7,1,7061445

6338,203,144,19,-2095,73,15747,-4067,2449,-3269,bf7dce69,bc310482,bd85f6b5,3de6857e,bf7dce69,bc310482,bd85f6b5,3de6857e,1,7069964

6339,203,135,15,-2132,130,15781,-4043,2497,-3185,bf7dca83,bc2b1796,bd8627ef,3de78cdc,bf7dca82,bc2b1796,bd8627ef,3de78cdb,1,7078482

6340,203,130,10,-2047,-39,15729,-4083,2455,-3229,bf7dcd39,bc1f4c44,bd85b382,3de73337,bf7dcd3a,bc1f4c45,bd85b383,3de73338,1,7087001

6341,189,123,7,-2107,119,15736,-4109,2519,-3180,bf7dc95b,bc1c2d2e,bd85b999,3de8475a,bf7dc95b,bc1c2d2e,bd85b999,3de8475a,1,7095019

6342,186,129,4,-2084,69,15749,-4109,2519,-3180,bf7dc6bd,bc14ff75,bd857987,3de93573,bf7dc6be,bc14ff75,bd857988,3de93574,1,7103537

6343,183,124,3,-2116,85,15741,-4105,2423,-3253,bf7dc933,bc1faee6,bd85cc7f,3de83de3,bf7dc934,bc1faee7,bd85cc80,3de83de4,1,7112056

6344,192,123,2,-2095,80,15728,-4103,2505,-3234,bf7dc695,bc1a03eb,bd85c01e,3de90b30,bf7dc694,bc1a03eb,bd85c01e,3de90b2f,1,7120574

6345,197,118,1,-2109,51,15779,-4103,2505,-3234,bf7dc3ef,bc130862,bd85ec0f,3de9bc0c,bf7dc3f0,bc130863,bd85ec10,3de9bc0d,1,7129093

6346,187,111,1,-2118,86,15780,-4099,2503,-3264,bf7dc0fc,bc141fac,bd8632ba,3dea5dbb,bf7dc0fc,bc141fad,bd8632b9,3dea5dba,1,7137611

6347,181,121,-3,-2085,65,15747,-4099,2479,-3208,bf7dc2dc,bc1aaf56,bd85f536,3de9ed78,bf7dc2dc,bc1aaf56,bd85f535,3de9ed77,1,7146130

6348,185,121,-1,-2089,80,15763,-4099,2479,-3208,bf7dc43f,bc20ca76,bd85c9bb,3de995d4,bf7dc43f,bc20ca75,bd85c9bb,3de995d3,1,7154649

6349,176,117,-8,-2113,103,15760,-4085,2449,-3246,bf7dc635,bc2b34cc,bd8618b0,3de8c271,bf7dc634,bc2b34c9,bd8618af,3de8c26f,1,7163167

6350,194,128,-3,-2103,36,15755,-4055,2469,-3147,bf7dc65a,bc22dc9d,bd864592,3de8b613,bf7dc659,bc22dc9c,bd864593,3de8b611,1,7171686

6351,197,131,2,-2114,75,15781,-4055,2469,-3147,bf7dc6a4,bc24688a,bd867f24,3de87c7f,bf7dc6a4,bc24688b,bd867f23,3de87c7e,1,7180205

6352,208,138,3,-2092,80,15780,-4101,2457,-3222,bf7dca25,bc2b561c,bd8640c1,3de7973f,bf7dca25,bc2b561d,bd8640c0,3de7973e,1,7188723

6353,217,145,7,-2122,73,15769,-4089,2471,-3238,bf7dc9ba,bc282f6e,bd86ace7,3de77ec9,bf7dc9b9,bc282f6c,bd86ace4,3de77ec7,1,7196741

6354,212,140,13,-2075,7,15744,-4053,2539,-3329,bf7dc7ae,bc1c7648,bd865dfc,3de85cd4,bf7dc7ae,bc1c7647,bd865df9,3de85cd3,1,7205260

6355,203,141,10,-2107,73,15767,-4053,2539,-3329,bf7dc47b,bc13007c,bd862a0b,3de97277,bf7dc47c,bc13007c,bd862a09,3de97277,1,7213778

6356,204,133,7,-2076,44,15765,-4053,2475,-3293,bf7dc568,bc11187b,bd8595ba,3de98c40,bf7dc567,bc111879,bd8595b8,3de98c3e,1,7222297

6357,193,130,3,-2085,31,15743,-4093,2433,-3185,bf7dc91f,bc19dc90,bd85b7c4,3de85f3f,bf7dc91f,bc19dc8f,bd85b7c3,3de85f3e,1,7230816

6358,178,122,-4,-2097,97,15756,-4093,2433,-3185,bf7dcbfd,bc24b914,bd85d825,3de76587,bf7dcbfe,bc24b915,bd85d824,3de76586,1,7239334

6359,174,118,0,-2055,18,15771,-4127,2469,-3197,bf7dcfda,bc1eeb67,bd852fd7,3de6c7b3,bf7dcfdb,bc1eeb67,bd852fd6,3de6c7b2,1,7247853

6360,169,116,-8,-2081,47,15735,-4101,2525,-3163,bf7dcd1d,bc15f864,bd8518a7,3de7ad27,bf7dcd1e,bc15f864,bd8518a7,3de7ad26,1,7256371

6361,161,111,-11,-2093,55,15767,-4101,2525,-3163,bf7dc9e1,bc0ecba4,bd851bac,3de89fc6,bf7dc9e1,bc0ecba4,bd851bac,3de89fc4,1,7264890

6362,155,110,-4,-2102,39,15759,-4125,2425,-3191,bf7dccfd,bc18ff0f,bd857225,3de77a82,bf7dccfd,bc18ff0f,bd857225,3de77a80,1,7273409

6363,147,109,-7,-2113,86,15784,-4101,2445,-3261,bf7dcefd,bc23f3f1,bd85d0b8,3de69918,bf7dcefd,bc23f3f0,bd85d0b8,3de69916,1,7281927

6364,164,108,-9,-2089,59,15742,-4101,2445,-3261,bf7dd27b,bc2acd4e,bd85f678,3de578c6,bf7dd27c,bc2acd4e,bd85f678,3de578c4,1,7289945

6365,159,106,-11,-2097,50,15745,-4083,2495,-3213,bf7dd07f,bc21662f,bd85f7f3,3de61f38,bf7dd080,bc21662f,bd85f7f3,3de61f36,1,7298464

6366,156,109,-10,-2099,79,15757,-4101,2447,-3235,bf7dd34d,bc2a92a4,bd86257b,3de5238a,bf7dd34d,bc2a92a3,bd86257a,3de52387,1,7306982

6367,159,106,-17,-2076,66,15764,-4097,2439,-3228,bf7dd7ff,bc30c702,bd85e563,3de3e88c,bf7dd7ff,bc30c700,bd85e563,3de3e889,1,7315501

6368,158,110,-18,-2141,161,15800,-4097,2439,-3228,bf7dd933,bc3c2e61,bd865962,3de329e7,bf7dd934,bc3c2e60,bd865963,3de329e4,1,7324019

6369,176,117,-10,-2089,41,15753,-4071,2479,-3274,bf7dd841,bc30b405,bd86335d,3de3a8c0,bf7dd842,bc30b404,bd86335d,3de3a8bd,1,7332538

6370,172,120,-10,-2118,99,15769,-4103,2527,-3193,bf7dd514,bc280c26,bd862c2b,3de4a969,bf7dd513,bc280c23,bd862c2a,3de4a964,1,7341057

6371,175,121,-9,-2137,158,15786,-4103,2527,-3193,bf7dd0a7,bc2495a2,bd864544,3de5de36,bf7dd0a8,bc2495a1,bd864544,3de5de33,1,7349575

6372,207,134,-2,-2139,108,15790,-4113,2471,-3124,bf7dd0d6,bc2b7f44,bd86d1a1,3de56ad3,bf7dd0d6,bc2b7f41,bd86d1a0,3de56acf,1,7358094

6373,223,148,2,-2104,38,15760,-4095,2525,-3158,bf7dce97,bc2033ca,bd86a007,3de6470e,bf7dce96,bc2033c6,bd86a007,3de64709,1,7366613

6374,220,146,5,-2094,23,15750,-4095,2525,-3158,bf7dcc5a,bc152e88,bd8666e3,3de72371,bf7dcc5a,bc152e85,bd8666e3,3de7236d,1,7375131

6375,210,140,-1,-2079,36,15763,-4057,2469,-3164,bf7dce5e,bc130a21,bd85de7b,3de6eabb,bf7dce5d,bc130a1d,bd85de79,3de6eab6,1,7383650

6376,200,133,0,-2112,57,15770,-4051,2463,-3275,bf7dce62,bc170dec,bd864765,3de6a1fb,bf7dce63,bc170de6,bd864765,3de6a1f8,1,7392169

6377,202,132,-1,-2058,56,15719,-4051,2463,-3275,bf7dd0f8,bc17c151,bd856471,3de66de4,bf7dd0f7,bc17c149,bd856470,3de66ddf,1,7400187

6378,194,124,-10,-2061,78,15757,-4073,2467,-3164,bf7dd37f,bc1dbfbc,bd84d915,3de5fb97,bf7dd37f,bc1dbfb5,bd84d916,3de5fb94,1,7408705

6379,183,123,-12,-2123,103,15788,-4093,2501,-3289,bf7dcf9f,bc1af60b,bd855623,3de6cc57,bf7dcfa0,bc1af604,bd855625,3de6cc55,1,7417224

6380,198,124,-14,-2088,29,15743,-4093,2501,-3289,bf7dcd9a,bc1129e8,bd855a33,3de77174,bf7dcd9a,bc1129e1,bd855a34,3de77171,1,7425742

6381,192,125,-16,-2089,52,15764,-4093,2467,-3203,bf7dcf9a,bc17ba5d,bd85814e,3de6bd54,bf7dcf9a,bc17ba56,bd85814f,3de6bd51,1,7434261

6382,190,124,-16,-2102,68,15762,-4067,2491,-3210,bf7dcd26,bc1390d7,bd85a68c,3de75f59,bf7dcd24,bc1390cf,bd85a68c,3de75f54,1,7442780

6383,192,124,-13,-2102,12,15744,-4123,2477,-3172,bf7dce33,bc11a56a,bd862741,3de6cf79,bf7dce33,bc11a563,bd862743,3de6cf76,1,7451298

6384,184,119,-11,-2097,45,15764,-4123,2477,-3172,bf7dd001,bc16233e,bd8639eb,3de639eb,bf7dd001,bc162338,bd8639ec,3de639e8,1,7459817

6385,183,124,-7,-2088,38,15759,-4085,2463,-3175,bf7dd2cf,bc18db57,bd8619ac,3de57f46,bf7dd2cf,bc18db4f,bd8619ae,3de57f44,1,7468336

6386,176,118,-4,-2089,40,15757,-4131,2523,-3185,bf7dd05d,bc1022bf,bd85ec54,3de65ced,bf7dd05e,bc1022b8,bd85ec56,3de65cec,1,7476854

6387,179,121,3,-2106,67,15796,-4131,2523,-3185,bf7dcd11,bc0b1bfe,bd85dec5,3de75985,bf7dcd12,bc0b1bf7,bd85dec6,3de75984,1,7485373

6388,178,116,3,-2130,100,15792,-4087,2491,-3239,bf7dcadc,bc12893a,bd8651e3,3de79f40,bf7dcadb,bc128935,bd8651e2,3de79f3e,1,7493891

6389,195,129,11,-2138,107,15807,-4081,2455,-3190,bf7dcbee,bc1d42f9,bd86ac0c,3de70345,bf7dcbee,bc1d42f3,bd86ac0c,3de70343,1,7501909

6390,208,147,14,-2122,68,15782,-4081,2455,-3190,bf7dcdef,bc23e18f,bd86ef3f,3de63cb2,bf7dcdee,bc23e18a,bd86ef3e,3de63caf,1,7510428

6391,219,155,15,-2092,61,15778,-4103,2457,-3175,bf7dd1f7,bc27465e,bd8683c5,3de554cc,bf7dd1f6,bc274659,bd8683c5,3de554c8,1,7518947

6392,219,151,20,-2067,37,15747,-4093,2485,-3204,bf7dd1fb,bc1cc60c,bd85e98d,3de5cbc2,bf7dd1fb,bc1cc609,bd85e98d,3de5cbbf,1,7527465

6393,208,144,19,-2069,2,15727,-4093,2485,-3204,bf7dd1ad,bc11bdec,bd859c45,3de62aff,bf7dd1ae,bc11bdea,bd859c46,3de62afd,1,7535984

6394,194,132,11,-2071,30,15727,-4115,2459,-3253,bf7dd536,bc16f33a,bd857bdc,3de53668,bf7dd536,bc16f336,bd857bdd,3de53666,1,7544502

6395,183,134,1,-2055,30,15740,-4085,2499,-3241,bf7dd408,bc0dd0a7,bd84ffa0,3de5e962,bf7dd408,bc0dd0a3,bd84ffa1,3de5e960,1,7553021

6396,179,118,-3,-2070,59,15759,-4113,2491,-3261,bf7dd366,bc0e2702,bd84b8e4,3de63e29,bf7dd365,bc0e26fe,bd84b8e5,3de63e26,1,7561540

6397,168,116,1,-2083,74,15755,-4113,2491,-3261,bf7dd205,bc11f1fe,bd84d554,3de6855b,bf7dd205,bc11f1fa,bd84d557,3de68559,1,7570058

6398,172,116,4,-2093,74,15776,-4065,2459,-3273,bf7dd2e4,bc1ab330,bd852342,3de603f1,bf7dd2e3,bc1ab32d,bd852344,3de603ee,1,7578577

6399,183,122,-4,-2113,69,15787,-4089,2435,-3278,bf7dd51e,bc23e998,bd859841,3de508f8,bf7dd51f,bc23e996,bd859844,3de508f6,1,7587096

6400,190,126,-1,-2110,66,15769,-4089,2435,-3278,bf7dd7ba,bc2b408a,bd860625,3de3f9b4,bf7dd7bb,bc2b408a,bd860627,3de3f9b1,1,7595113

6401,188,130,5,-2077,76,15785,-4107,2465,-3200,bf7dda48,bc295c69,bd8570c4,3de3a102,bf7dda48,bc295c64,bd8570c5,3de3a0fe,1,7603632

6402,190,135,7,-2118,78,15754,-4059,2503,-3197,bf7dd6f5,bc205efd,bd859abf,3de48ed6,bf7dd6f4,bc205ef7,bd859ac0,3de48ed1,1,7612151

6403,203,139,11,-2075,27,15747,-4059,2503,-3197,bf7dd4f8,bc158b33,bd855e92,3de55c59,bf7dd4f8,bc158b2f,bd855e94,3de55c55,1,7620669

6404,194,138,5,-2087,80,15779,-4075,2413,-3233,bf7dd827,bc1fde73,bd856c0a,3de45664,bf7dd828,bc1fde6f,bd856c0d,3de45661,1,7629188

6405,193,133,1,-2084,17,15752,-4051,2489,-3299,bf7dd660,bc14d1e7,bd8557d8,3de4fe39,bf7dd661,bc14d1e2,bd8557da,3de4fe36,1,7637707

6406,187,133,2,-2094,49,15738,-4051,2489,-3299,bf7dd3b3,bc0d5081,bd8568d4,3de5c4d3,bf7dd3b2,bc0d507b,bd8568d5,3de5c4cf,1,7646225

6407,192,134,3,-2081,27,15744,-4099,2531,-3240,bf7dd0d4,bc041005,bd853dcc,3de6beb0,bf7dd0d5,bc041000,bd853dce,3de6beae,1,7654744

6408,185,127,6,-2101,81,15747,-4121,2461,-3198,bf7dd274,bc0f2959,bd857e10,3de60c3f,bf7dd274,bc0f2954,bd857e11,3de60c3c,1,7663262

6409,184,124,12,-2079,56,15753,-4093,2515,-3296,bf7dcf9a,bc080366,bd853d14,3de70c02,bf7dcf99,bc080361,bd853d13,3de70bfe,1,7671781

6410,176,126,7,-2120,73,15766,-4093,2515,-3296,bf7dcb4e,bc057e0e,bd859a82,3de809a9,bf7dcb4e,bc057e09,bd859a81,3de809a6,1,7680300

6411,181,131,13,-2158,97,15768,-4107,2489,-3182,bf7dc997,bc0e7a0a,bd86643e,3de7f7b2,bf7dc998,bc0e7a04,bd86643d,3de7f7b0,1,7688818

6412,190,172,8,-2436,69,15975,-4091,2421,-3234,bf7dc8a7,bc150959,bd879dc5,3de77225,bf7dc8a7,bc150953,bd879dc4,3de77222,1,7697337

6413,193,271,-5,-1915,96,15647,-4091,2421,-3234,bf7dce83,bc1c5be3,bd860d0c,3de6aca3,bf7dce83,bc1c5bdd,bd860d0b,3de6aca0,1,7705355

6414,212,219,6,-2026,56,15717,-4115,2483,-3148,bf7dd1e4,bc1986d6,bd8494ac,3de6a001,bf7dd1e4,bc1986d0,bd8494ab,3de69ffe,1,7713873

6415,218,199,8,-2071,56,15747,-4111,2505,-3154,bf7dd01f,bc11f5d4,bd8449e7,3de75ad1,bf7dd01f,bc11f5ce,bd8449e6,3de75ace,1,7722392

6416,213,191,13,-2063,24,15723,-4111,2505,-3154,bf7dce88,bc09512a,bd841703,3de7fc73,bf7dce87,bc095123,bd841701,3de7fc70,1,7730911

6417,213,197,13,-2027,39,15727,-4047,2493,-3166,bf7dce1e,bc03d285,bd8337d9,3de8a4b7,bf7dce1e,bc03d281,bd8337d7,3de8a4b5,1,7739429

6418,198,181,9,-2027,17,15772,-4061,2451,-3228,bf7dd257,bc0b2e34,bd82d0c4,3de7a666,bf7dd257,bc0b2e31,bd82d0c2,3de7a664,1,7747948

6419,187,162,8,-2015,30,15728,-4061,2451,-3228,bf7dd67b,bc11fa45,bd82636b,3de6b047,bf7dd67a,bc11fa42,bd826368,3de6b044,1,7756466

6420,176,150,8,-2026,19,15745,-4079,2465,-3218,bf7dd8fc,bc107123,bd823c5f,3de619cf,bf7dd8fd,bc107120,bd823c60,3de619ce,1,7764985

6421,163,122,4,-2022,77,15727,-4109,2485,-3276,bf7dd918,bc14c630,bd81e948,3de635d4,bf7dd917,bc14c62b,bd81e948,3de635d1,1,7773503

6422,159,113,-4,-2037,63,15724,-4109,2523,-3295,bf7dd5d7,bc0d56ec,bd81e699,3de72f38,bf7dd5d6,bc0d56e7,bd81e699,3de72f35,1,7782022

6423,158,108,-10,-2044,79,15718,-4109,2523,-3295,bf7dd207,bc09026a,bd820065,3de83685,bf7dd206,bc090266,bd820065,3de83683,1,7790541

6424,154,103,-20,-2056,82,15755,-4097,2473,-3235,bf7dd2ad,bc13a7a3,bd826d2e,3de7b1c4,bf7dd2ad,bc13a79f,bd826d2f,3de7b1c3,1,7799059

6425,172,101,-10,-2049,37,15710,-4067,2433,-3145,bf7dd5d5,bc1c27c4,bd82d8a8,3de680d1,bf7dd5d5,bc1c27c0,bd82d8aa,3de680d0,1,7807578

6426,162,103,-12,-2112,109,15749,-4067,2433,-3145,bf7dd70c,bc26a462,bd838df2,3de5a649,bf7dd70d,bc26a461,bd838df4,3de5a649,1,7815596

6427,171,110,-8,-2060,18,15746,-4137,2477,-3232,bf7dd782,bc1dacbd,bd83cb00,3de57bfd,bf7dd783,bc1dacbb,bd83cb00,3de57bfd,1,7824114

6428,169,115,0,-2079,64,15734,-4083,2479,-3198,bf7dd5d1,bc1aca1b,bd843ea2,3de5b8ae,bf7dd5d1,bc1aca17,bd843ea1,3de5b8ad,1,7832633

6429,177,111,5,-2064,14,15728,-4083,2479,-3198,bf7dd520,bc11dbb5,bd8459a9,3de5f1c5,bf7dd521,bc11dbb3,bd8459aa,3de5f1c5,1,7841152

6430,162,108,-3,-2060,43,15747,-4071,2511,-3128,bf7dd27a,bc0a5f86,bd842d71,3de6d81f,bf7dd27a,bc0a5f84,bd842d70,3de6d81e,1,7849670

6431,146,102,-8,-2078,92,15761,-4091,2483,-3187,bf7dd223,bc141dd0,bd845978,3de6bebb,bf7dd224,bc141dce,bd845978,3de6bebb,1,7858189

6432,155,99,-2,-2089,76,15753,-4091,2483,-3187,bf7dd0d2,bc187614,bd84ca9d,3de6cf1d,bf7dd0d1,bc187612,bd84ca9b,3de6cf1c,1,7866707

6433,151,109,-4,-2089,84,15745,-4113,2519,-3138,bf7dcd4f,bc1435b7,bd84d870,3de7c8d2,bf7dcd4f,bc1435b5,bd84d870,3de7c8d2,1,7875226

6434,157,105,-1,-2100,102,15755,-4113,2503,-3275,bf7dca3d,bc17551f,bd852368,3de86cdc,bf7dca3c,bc17551e,bd852367,3de86cdb,1,7883745

6435,178,117,0,-2087,70,15776,-4099,2535,-3219,bf7dc6e7,bc0fbf0f,bd850042,3de97cc1,bf7dc6e8,bc0fbf0e,bd850042,3de97cc2,1,7892263

6436,186,125,1,-2114,123,15782,-4099,2535,-3219,bf7dc251,bc0e6f0e,bd851d81,3deaad48,bf7dc251,bc0e6f0b,bd851d7f,3deaad47,1,7900281

6437,195,133,0,-2107,74,15754,-4103,2519,-3238,bf7dbe99,bc0baec4,bd855905,3deb9308,bf7dbe99,bc0baec1,bd855904,3deb9307,1,7909300

6438,215,141,11,-2068,6,15746,-4079,2531,-3194,bf7dbc1f,bc01af2e,bd851396,3dec7b61,bf7dbc1f,bc01af2a,bd851396,3dec7b60,1,7917318

6439,205,138,12,-2092,52,15770,-4079,2531,-3194,bf7db85b,bbfa0f84,bd850399,3ded9052,bf7db85b,bbfa0f7c,bd850399,3ded9051,1,7925837

6440,194,141,16,-2072,37,15764,-4091,2537,-3215,bf7db51a,bbefa957,bd84b5ca,3deea454,bf7db51a,bbefa950,bd84b5ca,3deea453,1,7934355

6441,188,138,17,-2049,18,15738,-4087,2515,-3230,bf7db3ef,bbedb13d,bd842d16,3def418f,bf7db3ef,bbedb136,bd842d16,3def418e,1,7942874

6442,168,129,11,-2056,12,15748,-4087,2515,-3230,bf7db246,bbecadcb,bd83f6d6,3defd141,bf7db245,bbecadc3,bd83f6d6,3defd13f,1,7951392

6443,155,122,7,-2035,13,15747,-4111,2495,-3174,bf7db4ea,bbfe15be,bd839be8,3def3e51,bf7db4e9,bbfe15b5,bd839be8,3def3e4f,1,7959911

6444,143,114,6,-2062,63,15777,-4097,2505,-3216,bf7db477,bc0806a7,bd839a9e,3def49e6,bf7db476,bc0806a2,bd839a9e,3def49e4,1,7968430

6445,142,104,-3,-2076,62,15781,-4097,2505,-3216,bf7db324,bc0e441c,bd83e47c,3def6c34,bf7db324,bc0e441a,bd83e47c,3def6c33,1,7976948

6446,143,102,-4,-2082,93,15777,-4119,2549,-3213,bf7daee5,bc0c0463,bd83e9b9,3df08e06,bf7daee6,bc0c0461,bd83e9b8,3df08e06,1,7985467

6447,152,101,1,-2100,120,15786,-4115,2545,-3256,bf7daa49,bc0e560a,bd8425a6,3df19e41,bf7daa48,bc0e5607,bd8425a4,3df19e3f,1,7993985

6448,164,106,3,-2084,108,15801,-4091,2535,-3257,bf7da676,bc0fa06c,bd84169c,3df2a38d,bf7da676,bc0fa069,bd84169b,3df2a38c,1,8002504

6449,175,119,3,-2078,101,15780,-4091,2535,-3257,bf7da2dc,bc0ff553,bd83fa4d,3df3a2cd,bf7da2dc,bc0ff551,bd83fa4c,3df3a2cc,1,8010531

6450,191,126,3,-2102,117,15786,-4107,2497,-3253,bf7da2fb,bc1aeab5,bd8453b3,3df34f13,bf7da2fb,bc1aeab2,bd8453b2,3df34f12,1,8019050

6451,203,127,7,-2092,68,15786,-4113,2505,-3297,bf7da20e,bc1d3193,bd84adcc,3df355fe,bf7da20f,bc1d3192,bd84adcb,3df355fd,1,8027568

6452,205,141,9,-2089,70,15786,-4113,2505,-3297,bf7da180,bc1eba9b,bd84cc67,3df36683,bf7da180,bc1eba99,bd84cc65,3df36681,1,8036087

6453,201,145,15,-2078,59,15782,-4089,2519,-3298,bf7d9f5e,bc17e62b,bd84923d,3df425bd,bf7d9f5d,bc17e629,bd84923a,3df425ba,1,8044605

6454,208,144,12,-2069,75,15775,-4091,2495,-3255,bf7da0ca,bc1ea130,bd845a78,3df3d420,bf7da0ca,bc1ea12d,bd845a76,3df3d41f,1,8053124

6455,210,135,11,-2068,63,15775,-4091,2495,-3255,bf7da1e8,bc20a917,bd8435fe,3df39804,bf7da1e7,bc20a912,bd8435fd,3df39802,1,8061643

6456,205,134,4,-2047,23,15753,-4093,2491,-3204,bf7da482,bc1c0c5d,bd83d95b,3df328e4,bf7da481,bc1c0c5a,bd83d95b,3df328e2,1,8070161

6457,198,137,6,-2038,36,15737,-4115,2507,-3300,bf7da51b,bc167b04,bd835a68,3df3542f,bf7da51a,bc167b01,bd835a69,3df3542d,1,8078680

6458,184,121,5,-2051,25,15759,-4115,2507,-3300,bf7da4f5,bc11f45d,bd83552c,3df36bb8,bf7da4f4,bc11f459,bd83552d,3df36bb7,1,8087198

6459,170,118,-1,-2079,109,15772,-4093,2509,-3227,bf7da3d4,bc1b14f7,bd839592,3df37d77,bf7da3d4,bc1b14f5,bd839593,3df37d77,1,8095717

6460,168,128,-1,-2083,72,15773,-4069,2453,-3296,bf7da645,bc2565f3,bd83ec17,3df2907d,bf7da644,bc2565f1,bd83ec18,3df2907c,1,8104235

6461,176,129,-1,-2052,35,15754,-4069,2453,-3296,bf7daacf,bc2adda2,bd83e906,3df15238,bf7daacf,bc2adda0,bd83e908,3df15238,1,8112253

6462,175,121,5,-2076,105,15756,-4139,2465,-3227,bf7dad98,bc34e42f,bd841ce7,3df05c94,bf7dad9a,bc34e42f,bd841cea,3df05c96,1,8120772

6463,183,122,3,-2065,58,15755,-4123,2475,-3271,bf7db0c2,bc335dbf,bd84336b,3def7ed7,bf7db0c1,bc335dbe,bd84336a,3def7ed5,1,8129290

6464,181,122,0,-2054,44,15733,-4123,2495,-3228,bf7db153,bc2a3c28,bd8406d8,3def8b6c,bf7db153,bc2a3c28,bd8406d7,3def8b6a,1,8137809

6465,174,114,-2,-2089,92,15780,-4123,2495,-3228,bf7db0f0,bc2cda24,bd8470b0,3def63f9,bf7db0f0,bc2cda22,bd8470af,3def63f7,1,8146328

6466,185,119,-2,-2071,54,15758,-4129,2497,-3188,bf7db178,bc270977,bd84736e,3def4ebc,bf7db179,bc270973,bd84736e,3def4ebb,1,8154846

6467,189,118,2,-2090,96,15764,-4103,2531,-3243,bf7dadf5,bc20659f,bd847a1f,3df04ae3,bf7dadf5,bc20659b,bd847a1e,3df04ae1,1,8163365

6468,200,123,2,-2086,81,15778,-4103,2531,-3243,bf7daab2,bc19bdf0,bd8471d0,3df13cc4,bf7daab2,bc19bdec,bd8471d0,3df13cc2,1,8171883

6469,208,126,2,-2117,95,15788,-4089,2469,-3277,bf7dabbe,bc236157,bd84f92b,3df09248,bf7dabbf,bc236154,bd84f92c,3df09247,1,8180402

6470,214,128,4,-2097,49,15764,-4099,2507,-3231,bf7da9d7,bc1c29a0,bd853699,3df103fe,bf7da9d7,bc1c299d,bd85369a,3df103fd,1,8188921

6471,215,136,-6,-2056,18,15767,-4099,2507,-3231,bf7da9fe,bc131c81,bd84b634,3df1572f,bf7da9fd,bc131c7d,bd84b634,3df1572d,1,8197439

6472,192,125,-3,-2036,31,15737,-4061,2507,-3280,bf7da991,bc0c53e7,bd84065d,3df1e459,bf7da991,bc0c53e3,bd84065d,3df1e458,1,8205958

6473,179,113,1,-2046,6,15719,-4103,2543,-3191,bf7da704,bc039b0d,bd83d3e9,3df2be2b,bf7da703,bc039b09,bd83d3e7,3df2be29,1,8214476

6474,167,116,-5,-2069,48,15747,-4103,2543,-3191,bf7da372,bc00947a,bd83d2a1,3df3b3b7,bf7da373,bc009478,bd83d2a1,3df3b3b7,1,8222494

6475,158,111,-8,-2062,48,15745,-4099,2485,-3240,bf7da58d,bc0bb840,bd83f567,3df2fbbe,bf7da58d,bc0bb83d,bd83f567,3df2fbbd,1,8231013

6476,155,106,-8,-2070,52,15757,-4121,2527,-3251,bf7da336,bc0b9554,bd840402,3df39021,bf7da337,bc0b9554,bd840402,3df39021,1,8239531

6477,144,107,-10,-2090,113,15789,-4093,2493,-3165,bf7da405,bc17fdb2,bd843eab,3df31cad,bf7da406,bc17fdb2,bd843eaa,3df31cad,1,8248050

6478,147,116,-7,-2106,119,15790,-4093,2493,-3165,bf7da447,bc235916,bd849f16,3df2b98b,bf7da448,bc235915,bd849f15,3df2b98b,1,8256569

6479,171,127,0,-2092,41,15777,-4079,2467,-3265,bf7da6e9,bc2831be,bd850f3c,3df1be50,bf7da6e9,bc2831bd,bd850f3b,3df1be4f,1,8265087

6480,170,124,0,-2100,109,15801,-4099,2467,-3194,bf7da94f,bc328ca6,bd853c47,3df0e64b,bf7da950,bc328ca5,bd853c47,3df0e64b,1,8273606

6481,177,132,-2,-2091,60,15782,-4099,2467,-3194,bf7dacee,bc355e3c,bd8569c8,3defd028,bf7dacee,bc355e3b,bd8569c7,3defd027,1,8282125

6482,182,131,1,-2082,74,15766,-4123,2513,-3185,bf7dabb5,bc2ced71,bd852e02,3df05ceb,bf7dabb5,bc2ced70,bd852e01,3df05cea,1,8290643

6483,184,131,6,-2072,81,15745,-4069,2487,-3261,bf7dac0a,bc29f01f,bd84d2b9,3df08152,bf7dac09,bc29f01e,bd84d2b7,3df08150,1,8299162

6484,190,126,5,-2063,77,15752,-4069,2487,-3261,bf7dacb9,bc276a56,bd84644c,3df09752,bf7dacb9,bc276a55,bd84644d,3df09751,1,8307680

6485,195,136,5,-2044,78,15756,-4111,2479,-3209,bf7db09a,bc2ceb8a,bd83da7b,3defcd3b,bf7db09a,bc2ceb88,bd83da7c,3defcd3a,1,8316199

6486,191,137,-2,-2059,105,15753,-4113,2509,-3262,bf7daf36,bc299f81,bd838a55,3df060b6,bf7daf36,bc299f80,bd838a55,3df060b5,1,8324217

6487,188,127,-2,-2038,50,15751,-4113,2509,-3262,bf7daea7,bc20ccf7,bd8329c2,3df0d324,bf7daea7,bc20ccf6,bd8329c2,3df0d323,1,8332736

6488,178,120,-1,-2091,67,15774,-4099,2445,-3267,bf7db129,bc2a1a21,bd83acba,3defc8c1,bf7db12a,bc2a1a21,bd83acbb,3defc8c1,1,8341254

6489,177,118,-7,-2085,69,15770,-4123,2511,-3217,bf7daf00,bc2440e2,bd8406c6,3df03986,bf7daf01,bc2440e1,bd8406c6,3df03987,1,8349773

6490,175,121,-11,-2086,34,15761,-4103,2519,-3296,bf7dac8f,bc1afdcd,bd8439b4,3df0daca,bf7dac8f,bc1afdcb,bd8439b3,3df0daca,1,8358292

6491,181,125,-4,-2095,84,15782,-4103,2519,-3296,bf7da958,bc18d8f0,bd8477d2,3df196b7,bf7da958,bc18d8ee,bd8477d1,3df196b7,1,8366810

6492,181,130,2,-2078,69,15756,-4125,2473,-3276,bf7dac01,bc2281b5,bd849eca,3df0b4e2,bf7dac02,bc2281b5,bd849eca,3df0b4e3,1,8375329

6493,188,136,7,-2075,63,15762,-4129,2477,-3311,bf7daee7,bc28fbce,bd84aeb8,3defd67e,bf7daee7,bc28fbcc,bd84aeb9,3defd67f,1,8383847

6494,188,129,3,-2088,91,15764,-4129,2477,-3311,bf7db0e4,bc30935d,bd84e7cb,3def1a34,bf7db0e4,bc30935b,bd84e7cc,3def1a35,1,8392366

6495,190,130,3,-2047,9,15731,-4065,2505,-3280,bf7db002,bc24ec9c,bd84969a,3defa43a,bf7db002,bc24ec9b,bd84969a,3defa43b,1,8400884

6496,184,121,-2,-2072,54,15772,-4075,2459,-3314,bf7db378,bc2a5f0c,bd84a771,3deea0d5,bf7db378,bc2a5f0c,bd84a771,3deea0d6,1,8409403

6497,168,114,-6,-2072,62,15774,-4075,2459,-3314,bf7db6e3,bc2eb43e,bd84aba3,3deda8d0,bf7db6e4,bc2eb440,bd84aba3,3deda8d2,1,8417421

6498,164,118,-7,-2095,77,15780,-4073,2465,-3258,bf7db868,bc31c6da,bd851b34,3decf90e,bf7db868,bc31c6de,bd851b33,3decf90f,1,8425940

6499,163,117,-3,-2084,102,15779,-4107,2459,-3317,bf7dbb64,bc3a0610,bd851e17,3dec10ff,bf7dbb65,bc3a0615,bd851e17,3dec1101,1,8434458

6500,173,124,1,-2081,89,15769,-4107,2459,-3317,bf7dbec7,bc3cb009,bd85160a,3deb23e5,bf7dbec6,bc3cb00b,bd851609,3deb23e5,1,8442977

6501,185,129,3,-2080,88,15778,-4095,2417,-3253,bf7dc313,bc44b1eb,bd85253d,3de9d772,bf7dc312,bc44b1ed,bd85253c,3de9d772,1,8451495

6502,189,122,0,-2086,129,15778,-4095,2443,-3214,bf7dc6b4,bc4bf2f8,bd85293c,3de8bf93,bf7dc6b3,bc4bf2fa,bd85293b,3de8bf93,1,8460014

6503,199,132,4,-2082,65,15773,-4143,2433,-3319,bf7dcbc8,bc4b35ea,bd8547be,3de74d0c,bf7dcbc8,bc4b35eb,bd8547bf,3de74d0d,1,8468532

6504,204,135,3,-2097,67,15776,-4143,2433,-3319,bf7dd01e,bc4a18a5,bd859f41,3de5ecbf,bf7dd01e,bc4a18a6,bd859f43,3de5ecc0,1,8477051

6505,205,140,3,-2096,70,15779,-4123,2427,-3314,bf7dd4c9,bc496220,bd85d31f,3de48685,bf7dd4c9,bc496221,bd85d320,3de48686,1,8485570

6506,211,139,6,-2100,74,15794,-4117,2501,-3212,bf7dd32b,bc3d837e,bd85b5fa,3de532f5,bf7dd32b,bc3d837f,bd85b5fb,3de532f6,1,8494088

6507,222,147,8,-2108,79,15784,-4117,2501,-3212,bf7dd122,bc325d69,bd85b23a,3de5e8f2,bf7dd122,bc325d69,bd85b23a,3de5e8f3,1,8502607

6508,243,150,17,-2087,99,15784,-4103,2475,-3290,bf7dd133,bc2cc0d1,bd855342,3de62c86,bf7dd133,bc2cc0d1,bd855342,3de62c87,1,8511125

6509,254,163,21,-2106,124,15789,-4119,2447,-3288,bf7dd358,bc3524c7,bd857b70,3de56389,bf7dd359,bc3524c7,bd857b71,3de5638a,1,8519644

6510,259,172,30,-2049,21,15735,-4119,2447,-3288,bf7dd7db,bc2bd2f8,bd84e21a,3de49932,bf7dd7dc,bc2bd2f7,bd84e21b,3de49934,1,8527662

6511,253,166,26,-1984,-61,15684,-4109,2459,-3224,bf7dda84,bc1e8554,bd84196e,3de4777c,bf7dda83,bc1e8552,bd84196e,3de4777d,1,8536180

6512,212,146,12,-2067,24,15783,-4123,2477,-3325,bf7dda77,bc151498,bd8417c4,3de494f5,bf7dda78,bc151498,bd8417c5,3de494f8,1,8544699

6513,187,137,1,-2044,-16,15742,-4123,2477,-3325,bf7ddb39,bc0aa85e,bd83e02d,3de49947,bf7ddb39,bc0aa85e,bd83e02d,3de49949,1,8553217

6514,172,134,-6,-2054,5,15773,-4081,2465,-3260,bf7ddd09,bc07f4ef,bd83cfe2,3de42849,bf7ddd08,bc07f4f1,bd83cfe1,3de4284a,1,8561736

6515,147,121,-10,-2037,6,15773,-4119,2459,-3278,bf7de13e,bc0c2e78,bd837bca,3de322b4,bf7de13e,bc0c2e7b,bd837bca,3de322b6,1,8570255

6516,137,105,-7,-2081,99,15782,-4055,2469,-3226,bf7de027,bc158873,bd83d90d,3de322bb,bf7de028,bc158877,bd83d90d,3de322bd,1,8578773

6517,137,102,-4,-2081,61,15776,-4055,2469,-3226,bf7dde88,bc15246e,bd8444cc,3de358ec,bf7dde88,bc152471,bd8444cb,3de358ed,1,8587292

6518,147,111,4,-2075,113,15777,-4089,2431,-3237,bf7de0ce,bc214185,bd845f98,3de285b2,bf7de0cd,bc214188,bd845f96,3de285b2,1,8595810

6519,160,108,2,-2069,82,15771,-4119,2475,-3271,bf7de0a6,bc20a714,bd8444b1,3de2a1c8,bf7de0a6,bc20a717,bd8444b0,3de2a1c9,1,8604329

6520,178,111,-7,-2064,99,15767,-4119,2475,-3271,bf7de0e4,bc238d43,bd840b16,3de2a9fc,bf7de0e4,bc238d46,bd840b16,3de2a9fd,1,8612847

6521,188,118,-4,-2088,90,15785,-4107,2441,-3249,bf7de316,bc2c0066,bd847071,3de1b7b3,bf7de315,bc2c0067,bd847071,3de1b7b3,1,8621366

6522,190,121,-6,-2096,87,15788,-4083,2455,-3237,bf7de339,bc2bbea9,bd84f4cb,3de16144,bf7de338,bc2bbeaa,bd84f4cc,3de16144,1,8629384

6523,200,126,-3,-2082,56,15765,-4083,2455,-3237,bf7de41d,bc24d4b7,bd851024,3de1250a,bf7de41d,bc24d4b7,bd851024,3de1250b,1,8637902

6524,189,130,-4,-2104,67,15770,-4135,2489,-3251,bf7de1e1,bc1d4f14,bd8559c1,3de1b075,bf7de1e0,bc1d4f13,bd8559c0,3de1b076,1,8646421

6525,189,128,-2,-2074,10,15755,-4081,2461,-3267,bf7de28c,bc13af04,bd854221,3de1a82b,bf7de28c,bc13af06,bd854220,3de1a82d,1,8654940

6526,186,129,-1,-2084,25,15779,-4081,2461,-3267,bf7de351,bc0f74da,bd8552f2,3de171f0,bf7de351,bc0f74dd,bd8552f2,3de171f2,1,8663458

6527,172,126,2,-2055,15,15762,-4067,2479,-3231,bf7de2d3,bc06e2f0,bd84d5b4,3de1f406,bf7de2d4,bc06e2f2,bd84d5b4,3de1f409,1,8671977

6528,168,115,0,-2050,36,15746,-4103,2483,-3235,bf7de2e8,bc04d8ff,bd844803,3de24670,bf7de2e8,bc04d901,bd844803,3de24671,1,8680495

6529,160,111,3,-2074,36,15774,-4073,2445,-3283,bf7de506,bc0defd6,bd8487e4,3de17268,bf7de506,bc0defd8,bd8487e4,3de17269,1,8689014

6530,155,111,3,-2065,69,15750,-4073,2445,-3283,bf7de735,bc17fefc,bd8485d6,3de0bb90,bf7de735,bc17fefe,bd8485d7,3de0bb91,1,8697532

6531,150,106,7,-2086,67,15774,-4065,2425,-3219,bf7de9b2,bc21c735,bd84d7df,3ddfbb04,bf7de9b3,bc21c739,bd84d7df,3ddfbb05,1,8706051

6532,154,109,5,-2084,114,15780,-4087,2449,-3259,bf7deaec,bc2b2e8b,bd84e749,3ddf3c94,bf7deaec,bc2b2e8f,bd84e748,3ddf3c94,1,8714569

6533,170,130,3,-2073,64,15767,-4087,2449,-3259,bf7deca5,bc267d9e,bd84c7b0,3ddee081,bf7deca5,bc267da1,bd84c7b0,3ddee081,1,8722587

6534,177,127,1,-2086,94,15781,-4111,2455,-3199,bf7dedfc,bc2aae2b,bd84ed6b,3dde5b32,bf7dedfd,bc2aae2d,bd84ed6c,3dde5b33,1,8731106

6535,180,127,-1,-2092,84,15805,-4045,2475,-3255,bf7debb1,bc21b460,bd84e143,3ddf24c8,bf7debb2,bc21b462,bd84e143,3ddf24c9,1,8739624

6536,185,133,4,-2067,71,15779,-4045,2475,-3255,bf7dea14,bc191c85,bd84882a,3ddfe711,bf7dea14,bc191c88,bd848829,3ddfe711,1,8748143

6537,193,130,11,-2068,86,15775,-4097,2477,-3187,bf7de928,bc1852a0,bd843f9b,3de056f0,bf7de928,bc1852a1,bd843f9c,3de056f0,1,8756661

6538,198,131,10,-2052,31,15771,-4057,2473,-3351,bf7de814,bc0e3aab,bd83f04f,3de0ee4e,bf7de814,bc0e3aad,bd83f04f,3de0ee4e,1,8765180

6539,177,118,6,-2062,59,15763,-4057,2473,-3351,bf7de63a,bc0aa824,bd83d61d,3de18c20,bf7de63a,bc0aa825,bd83d61d,3de18c20,1,8773699

6540,178,114,3,-2078,68,15769,-4141,2495,-3245,bf7de3d8,bc0b79f4,bd841cbb,3de20c3c,bf7de3d7,bc0b79f4,bd841cba,3de20c3b,1,8782217

6541,172,119,2,-2068,42,15770,-4093,2479,-3329,bf7de272,bc083a73,bd8422dd,3de2752a,bf7de271,bc083a72,bd8422df,3de27529,1,8790736

6542,166,116,-9,-2044,40,15743,-4105,2451,-3297,bf7de5cd,bc10d8ca,bd83ee00,3de18d56,bf7de5cd,bc10d8c9,bd83ee03,3de18d57,1,8799254

6543,146,105,-11,-2074,67,15774,-4105,2451,-3297,bf7de78f,bc1a53c1,bd843893,3de0c942,bf7de78f,bc1a53c2,bd843894,3de0c943,1,8807773

6544,147,108,-9,-2072,67,15779,-4091,2477,-3167,bf7de655,bc173242,bd843c1d,3de1286a,bf7de655,bc173243,bd843c1e,3de1286a,1,8816292

6545,162,105,-6,-2084,76,15793,-4093,2471,-3218,bf7de56a,bc1949ad,bd84854e,3de1398b,bf7de56a,bc1949ad,bd848551,3de1398c,1,8824810

6546,172,117,3,-2095,78,15783,-4093,2471,-3218,bf7de416,bc1ac780,bd84f298,3de15571,bf7de416,bc1ac781,bd84f29b,3de15572,1,8832828

6547,188,122,2,-2128,105,15792,-4085,2429,-3246,bf7de56c,bc24f16e,bd857bb9,3de086ce,bf7de56b,bc24f16f,bd857bbb,3de086ce,1,8841347

6548,193,131,4,-2074,56,15761,-4087,2447,-3231,bf7de896,bc23fe43,bd853b7d,3ddfca43,bf7de896,bc23fe43,bd853b7e,3ddfca45,1,8849865

6549,204,139,12,-2078,67,15802,-4087,2447,-3231,bf7deb74,bc24d1c7,bd84feb8,3ddf1b4b,bf7deb74,bc24d1c7,bd84feb9,3ddf1b4d,1,8858384

6550,204,133,17,-2081,103,15746,-4109,2465,-3183,bf7deb9f,bc273e2b,bd84f4f9,3ddf0e00,bf7deb9e,bc273e2d,bd84f4fa,3ddf0e02,1,8866902

6551,205,138,17,-2067,71,15772,-4123,2423,-3255,bf7defc1,bc2e4bf3,bd84dca4,3dddd903,bf7defc2,bc2e4bf6,bd84dca6,3dddd906,1,8875421

6552,192,141,9,-2052,39,15779,-4123,2423,-3255,bf7df552,bc2ee32b,bd848213,3ddc7442,bf7df552,bc2ee32e,bd848214,3ddc7444,1,8883940

6553,206,137,7,-2058,41,15777,-4069,2489,-3177,bf7df3b7,bc23499b,bd8443cf,3ddd3335,bf7df3b8,bc23499e,bd8443d0,3ddd3338,1,8892458

6554,201,136,1,-2079,52,15751,-4075,2509,-3286,bf7df114,bc1896bf,bd843625,3dde1b7d,bf7df113,bc1896c1,bd843625,3dde1b7f,1,8900977

6555,193,135,1,-2054,52,15740,-4075,2509,-3286,bf7deea6,bc0eb9cb,bd83f4bb,3ddf0d9d,bf7deea7,bc0eb9ce,bd83f4bc,3ddf0da1,1,8909495

6556,186,126,-4,-2078,73,15758,-4031,2429,-3234,bf7df069,bc1852bf,bd84446e,3dde4448,bf7df069,bc1852c4,bd84446f,3dde444b,1,8918014

6557,188,122,-5,-2055,59,15782,-4089,2491,-3264,bf7dee8a,bc0fbc85,bd83f0ae,3ddf1543,bf7dee8a,bc0fbc8a,bd83f0ae,3ddf1546,1,8926533

6558,190,121,1,-2064,54,15758,-4005,2469,-3229,bf7dec2c,bc08e59c,bd83e139,3ddfdbcb,bf7dec2c,bc08e5a1,bd83e139,3ddfdbcd,1,8934551

6559,193,122,-2,-2054,45,15772,-4005,2469,-3229,bf7dea5b,bc03073c,bd83a212,3de092a3,bf7dea5b,bc030740,bd83a213,3de092a5,1,8943069

6560,188,117,-1,-2035,3,15744,-4021,2437,-3277,bf7dedd3,bc059ecc,bd8365cd,3ddfb470,bf7dedd3,bc059ed0,bd8365cd,3ddfb472,1,8951588

6561,167,105,-3,-2087,33,15762,-4085,2457,-3212,bf7dedb5,bc0aa4ed,bd8438c5,3ddf3446,bf7dedb6,bc0aa4f2,bd8438c5,3ddf3449,1,8960106

6562,157,102,-13,-2061,18,15757,-4085,2457,-3212,bf7def51,bc0a48fa,bd844fe5,3ddeb1eb,bf7def52,bc0a48fe,bd844fe4,3ddeb1ee,1,8968625

6563,150,102,-15,-2111,59,15795,-4089,2449,-3257,bf7def8a,bc12b356,bd85148b,3dde1675,bf7def8a,bc12b35a,bd851489,3dde1678,1,8977143

6564,155,110,-11,-2121,80,15777,-4133,2501,-3220,bf7debab,bc0f4e8b,bd859099,3ddef00f,bf7debab,bc0f4e91,bd859099,3ddef012,1,8985662

6565,170,113,-1,-2098,88,15781,-4133,2501,-3220,bf7de89c,bc0d9650,bd858828,3ddfd80d,bf7de89c,bc0d9656,bd858829,3ddfd810,1,8994181

6566,181,121,4,-2080,63,15777,-4139,2507,-3162,bf7de635,bc08a57d,bd853ebb,3de0be0d,bf7de634,bc08a582,bd853ebb,3de0be0f,1,9002699

6567,179,133,12,-2108,100,15808,-4029,2453,-3202,bf7de618,bc12f758,bd8577f9,3de08a36,bf7de619,bc12f75d,bd8577fa,3de08a3a,1,9011218

6568,191,131,15,-2095,80,15781,-4029,2453,-3202,bf7de616,bc186d8e,bd8589e1,3de071ea,bf7de615,bc186d95,bd8589de,3de071ec,1,9019736

6569,201,145,15,-2073,77,15765,-4031,2499,-3213,bf7de380,bc100526,bd8522e0,3de17f99,bf7de380,bc10052d,bd8522de,3de17f9c,1,9028255

6570,187,140,9,-2070,43,15777,-4055,2449,-3235,bf7de619,bc140a03,bd84e05c,3de0e0d7,bf7de619,bc140a09,bd84e05a,3de0e0da,1,9036273

6571,176,138,4,-2065,55,15772,-4043,2487,-3219,bf7de412,bc0c52de,bd8483f1,3de1bd95,bf7de412,bc0c52e4,bd8483ee,3de1bd98,1,9044791

6572,176,133,3,-2068,45,15783,-4043,2487,-3219,bf7de1cd,bc057ec3,bd844866,3de293db,bf7de1cc,bc057ec8,bd844864,3de293dd,1,9053310

6573,171,130,5,-2082,54,15773,-4145,2457,-3181,bf7de409,bc0f88d0,bd8487ad,3de1b5cd,bf7de408,bc0f88d4,bd8487ac,3de1b5cf,1,9061829

6574,165,131,2,-2035,34,15738,-4035,2485,-3195,bf7de2d4,bc0791ea,bd83f490,3de275f3,bf7de2d5,bc0791ee,bd83f491,3de275f6,1,9070347

6575,151,126,6,-2051,39,15739,-4035,2485,-3195,bf7de0aa,bc0220ef,bd83b390,3de34374,bf7de0aa,bc0220f3,bd83b391,3de34376,1,9078866

6576,151,113,-3,-2076,75,15766,-4085,2465,-3196,bf7de14c,bc0d0255,bd83fe42,3de2d12a,bf7de14c,bc0d025a,bd83fe42,3de2d12c,1,9087384

6577,151,106,-3,-2087,106,15763,-4081,2421,-3262,bf7de349,bc192aa2,bd844590,3de1f91d,bf7de34a,bc192aa7,bd844590,3de1f920,1,9095903

6578,153,104,-1,-2090,93,15777,-4081,2421,-3262,bf7de587,bc245141,bd84982e,3de10767,bf7de587,bc245144,bd84982e,3de10769,1,9104422

6579,169,121,2,-2093,135,15800,-4087,2471,-3265,bf7de400,bc29d6aa,bd84af5e,3de157e3,bf7de3ff,bc29d6ae,bd84af5d,3de157e3,1,9112940

6580,190,129,2,-2091,95,15770,-4075,2465,-3274,bf7de29a,bc265b0a,bd84e678,3de1a648,bf7de29a,bc265b0d,bd84e679,3de1a649,1,9121458

6581,200,137,9,-2072,52,15750,-4075,2465,-3274,bf7de248,bc1d716e,bd84c38a,3de1eb8b,bf7de248,bc1d7170,bd84c38b,3de1eb8c,1,9129476

6582,200,131,5,-2066,84,15756,-4105,2451,-3182,bf7de53e,bc252713,bd849f6a,3de1151e,bf7de53e,bc252715,bd849f6b,3de1151f,1,9137995

6583,194,123,1,-2050,28,15798,-4095,2473,-3261,bf7de560,bc1a72e1,bd843541,3de16895,bf7de560,bc1a72e3,bd843542,3de16896,1,9146513

6584,179,125,-3,-2083,89,15804,-4095,2481,-3148,bf7de3b4,bc1a5978,bd844d24,3de1d36b,bf7de3b3,bc1a597a,bd844d24,3de1d36b,1,9155032

6585,179,122,-8,-2052,16,15743,-4095,2481,-3148,bf7de343,bc10b060,bd841c0d,3de2292d,bf7de342,bc10b062,bd841c0e,3de2292d,1,9163551

6586,170,120,-5,-2066,25,15766,-4087,2519,-3226,bf7de089,bc075ca3,bd84038d,3de31220,bf7de08a,bc075ca6,bd84038f,3de31222,1,9172069

6587,158,115,-1,-2087,63,15794,-4097,2517,-3203,bf7ddcaf,bc028a34,bd841ee6,3de42083,bf7ddcb0,bc028a37,bd841ee7,3de42085,1,9180588

6588,159,117,-1,-2108,77,15794,-4097,2517,-3203,bf7dd839,bc013b8f,bd8481cb,3de5275b,bf7dd839,bc013b90,bd8481cb,3de5275c,1,9189106

6589,161,120,-4,-2084,93,15765,-4101,2523,-3326,bf7dd443,bc0050de,bd846e8d,3de64c5a,bf7dd444,bc0050df,bd846e8e,3de64c5c,1,9197625

6590,169,121,3,-2103,150,15792,-4093,2469,-3203,bf7dd4bb,bc0d22dd,bd84a030,3de5f088,bf7dd4bc,bc0d22de,bd84a031,3de5f08a,1,9206144

6591,179,128,8,-2098,128,15786,-4093,2469,-3203,bf7dd533,bc18d2d2,bd84ce80,3de596d0,bf7dd533,bc18d2d3,bd84ce80,3de596d1,1,9214662

6592,200,136,17,-2079,62,15788,-4081,2521,-3227,bf7dd22e,bc0ff4e2,bd849b7a,3de6a063,bf7dd22f,bc0ff4e4,bd849b7c,3de6a065,1,9223181

6593,204,142,21,-2084,104,15786,-4089,2461,-3184,bf7dd3b1,bc1a8476,bd84a750,3de613aa,bf7dd3b1,bc1a8478,bd84a751,3de613ab,1,9231700

6594,217,142,27,-2053,99,15748,-4089,2461,-3184,bf7dd637,bc2310a4,bd84420d,3de583cf,bf7dd636,bc2310a5,bd84420d,3de583cf,1,9239717

6595,218,152,20,-2062,107,15780,-4067,2547,-3231,bf7dd308,bc19deb1,bd83e704,3de6b286,bf7dd308,bc19deb3,bd83e705,3de6b287,1,9248236

6596,222,157,21,-2035,19,15749,-4091,2499,-3199,bf7dd20b,bc0f1dde,bd83745d,3de75515,bf7dd20a,bc0f1de0,bd83745e,3de75515,1,9256754

6597,217,145,15,-2058,77,15777,-4093,2477,-3236,bf7dd2c4,bc15de1f,bd8363ee,3de71a2a,bf7dd2c5,bc15de22,bd8363f1,3de71a2c,1,9265273

6598,206,129,6,-2036,30,15718,-4093,2477,-3236,bf7dd3c6,bc10c8d5,bd8326c8,3de70320,bf7dd3c6,bc10c8d9,bd8326ca,3de70321,1,9273791

6599,195,123,1,-2069,80,15783,-4101,2489,-3196,bf7dd283,bc14c234,bd8367d6,3de72cd1,bf7dd283,bc14c235,bd8367d8,3de72cd3,1,9282310

6600,188,130,-11,-2059,58,15786,-4067,2513,-3230,bf7dcfbd,bc0cc70d,bd834108,3de81966,bf7dcfbc,bc0cc70e,bd83410a,3de81967,1,9290829

6601,196,123,-10,-2096,88,15778,-4067,2513,-3230,bf7dcb6e,bc0a2d55,bd83ac5f,3de90fd9,bf7dcb6e,bc0a2d58,bd83ac62,3de90fdb,1,9299347

6602,199,126,-2,-2070,42,15763,-4089,2483,-3215,bf7dcb5b,bc0d288d,bd83f903,3de8e269,bf7dcb5b,bc0d2891,bd83f905,3de8e26a,1,9307866

6603,194,127,5,-2079,75,15794,-4093,2445,-3187,bf7dcde6,bc17938e,bd842957,3de7fadc,bf7dcde6,bc179392,bd842958,3de7fadd,1,9316384

6604,206,136,13,-2085,117,15767,-4093,2445,-3187,bf7dcff5,bc224ea6,bd8454c3,3de73486,bf7dcff6,bc224eab,bd8454c4,3de73488,1,9324903

6605,218,142,22,-2081,130,15768,-4057,2505,-3273,bf7dcc5a,bc1df074,bd84262f,3de857fb,bf7dcc5b,bc1df078,bd84262f,3de857fd,1,9333422

6606,244,149,30,-2088,114,15784,-4085,2463,-3184,bf7dcd79,bc26aa5e,bd8458ce,3de7d41b,bf7dcd79,bc26aa63,bd8458cc,3de7d41c,1,9341940

6607,278,162,48,-2068,79,15780,-4085,2463,-3184,bf7dcfcb,bc28664c,bd84321d,3de742e2,bf7dcfcb,bc28664f,bd84321d,3de742e3,1,9349958

6608,297,173,61,-2061,28,15748,-4069,2575,-3158,bf7dccb0,bc1b853c,bd83ef49,3de86646,bf7dccb0,bc1b853e,bd83ef49,3de86647,1,9358477

6609,299,163,63,-1968,44,15685,-4073,2505,-3264,bf7dcc6c,bc10d101,bd82dd40,3de92ede,bf7dcc6d,bc10d104,bd82dd41,3de92ee0,1,9366995

6610,288,139,63,-2137,124,15834,-4097,2505,-3260,bf7dc827,bc13b239,bd83cd51,3de9c9d3,bf7dc827,bc13b23c,bd83cd52,3de9c9d4,1,9375514

6611,307,161,59,-2072,104,15788,-4097,2505,-3260,bf7dc567,bc135376,bd83a87f,3dea9e06,bf7dc566,bc135378,bd83a87f,3dea9e06,1,9384032

6612,351,181,86,-2102,180,15800,-4107,2511,-3199,bf7dc2b5,bc19b5d7,bd83ca5f,3deb3523,bf7dc2b5,bc19b5db,bd83ca5f,3deb3524,1,9392551

6613,416,166,123,-1043,425,15143,-4073,2491,-3198,bf7dc549,bc1804f9,bd8216a7,3deb7a7b,bf7dc547,bc1804fc,bd8216a6,3deb7a7b,1,9401070

6614,528,-35,197,-2644,272,16051,-4073,2491,-3198,bf7dbf84,bc16e488,bd841c85,3debea67,bf7dbf85,bc16e48c,bd841c85,3debea69,1,9409588

6615,585,58,176,-2130,10,15849,-4085,2503,-3250,bf7dbac3,bc0687bf,bd851d6b,3decc850,bf7dbac3,bc0687c3,bd851d6a,3decc851,1,9418107

6616,589,124,121,-2063,389,15704,-4085,2483,-3182,bf7dba9a,bc0b651d,bd850893,3decd3d2,bf7dba99,bc0b6521,bd850892,3decd3d2,1,9426625

6617,757,121,133,-1771,74,15673,-4085,2483,-3182,bf7dbda2,bc00c92a,bd83858c,3decf43c,bf7dbda3,bc00c92f,bd83858c,3decf43e,1,9435144

6618,957,67,182,-1945,-557,15581,-4095,2509,-3230,bf7dbbe1,bbc613da,bd83d9bd,3ded76e5,bf7dbbe1,bbc613e4,bd83d9bd,3ded76e6,1,9443662

6619,830,2,129,-2168,293,15928,-4089,2497,-3205,bf7dba13,bbc60393,bd849f6b,3ded8431,bf7dba13,bbc6039d,bd849f6b,3ded8432,1,9451680

6620,888,24,121,-1969,-93,16046,-4089,2497,-3205,bf7dbc5c,bba080e4,bd839c33,3ded9470,bf7dbc5c,bba080ee,bd839c33,3ded9471,1,9460199

6621,986,25,88,-2061,-631,15664,-4095,2479,-3204,bf7dbb14,bb49babc,bd8477a6,3ded929e,bf7dbb15,bb49bad1,bd8477a7,3ded92a0,1,9468717

6622,942,18,9,-1789,-274,15793,-4089,2505,-3273,bf7dbdde,bae0b06f,bd8380f6,3ded6be6,bf7dbdde,bae0b091,bd8380f7,3ded6be7,1,9477236

6623,992,-49,-24,-2329,295,15989,-4067,2527,-3263,bf7dbbf4,bac1622e,bd84dd51,3ded2ecf,bf7dbbf3,bac1624e,bd84dd52,3ded2ecf,1,9485755

6624,1048,-62,-69,-1528,-655,15358,-4067,2527,-3263,bf7dbd53,3983de02,bd84934c,3decfed4,bf7dbd53,3983dd7a,bd84934d,3decfed5,1,9494273

6625,1005,-204,-56,-1901,-423,15904,-4045,2507,-3188,bf7dbe62,3af605e4,bd84a817,3deca2e7,bf7dbe63,3af605c1,bd84a818,3deca2e9,1,9502792

6626,1051,-350,-42,-1755,-249,15453,-4081,2545,-3189,bf7dbee0,3b40a115,bd847b95,3dec8e50,bf7dbee0,3b40a104,bd847b95,3dec8e51,1,9511310

6627,1048,-471,-41,-1857,-273,15657,-4081,2545,-3189,bf7dbe8f,3b7c7c4a,bd84b3f8,3dec7647,bf7dbe90,3b7c7c3c,bd84b3f9,3dec7649,1,9519836

6628,1145,-570,-28,-2125,179,15840,-4057,2555,-3194,bf7dbab8,3b879407,bd86dd44,3dec3fea,bf7dbab8,3b8793ff,bd86dd43,3dec3feb,1,9528355

6629,1341,-597,-25,-2370,-345,15931,-4117,2529,-3235,bf7db434,3bab469c,bd8a97a7,3debbfca,bf7db434,3bab4694,bd8a97a6,3debbfcb,1,9536873

6630,1490,-507,-7,-2141,116,15793,-4117,2529,-3235,bf7db16d,3bc36270,bd8c8803,3deb467e,bf7db16d,3bc36268,bd8c8802,3deb467f,1,9544891

6631,1747,-501,-16,-2276,547,16057,-4137,2565,-3216,bf7dade5,3be5dfba,bd8e9736,3deadddb,bf7dade4,3be5dfb2,bd8e9734,3deadddb,1,9553410

6632,2178,-500,3,-3228,-100,16629,-4127,2583,-3144,bf7da59d,3c14b140,bd924ce0,3dea8695,bf7da59c,3c14b13d,bd924cde,3dea8695,1,9561929

6633,2377,-199,-73,-3364,249,16862,-4127,2583,-3144,bf7da05d,3c37a837,bd94fa61,3de9def2,bf7da05c,3c37a834,bd94fa5f,3de9def2,1,9570447

6634,2581,161,-148,-3335,20,16535,-4113,2559,-3176,bf7d9d7d,3c60491f,bd96db0b,3de8e3fe,bf7d9d7c,3c60491d,bd96db09,3de8e3fe,1,9578966

6635,2859,550,-222,-2210,-486,15508,-4107,2621,-3130,bf7d9def,3c885ff1,bd95f10b,3de88d1f,bf7d9df0,3c885ff0,bd95f10c,3de88d20,1,9587485

6636,2970,659,-458,-898,-1847,14808,-4131,2647,-3219,bf7da229,3caaefd3,bd94525a,3de7013e,bf7da228,3caaefd0,bd94525a,3de7013e,1,9596003

6637,3182,274,-621,-1512,-740,15190,-4131,2647,-3219,bf7da656,3cc9e181,bd9326a9,3de50a06,bf7da656,3cc9e17f,bd9326aa,3de50a07,1,9604522

6638,3551,-271,-46,-2310,-796,15129,-4109,2687,-3082,bf7d97ba,3ceab872,bd96392f,3de521f4,bf7d97ba,3ceab870,bd963930,3de521f5,1,9613041

6639,3955,-296,121,-3979,-122,16827,-4157,2707,-3016,bf7d87fd,3d06ab3a,bd99be77,3de4c5b1,bf7d87fc,3d06ab38,bd99be77,3de4c5b1,1,9621559

6640,4424,18,472,-1184,-1129,14698,-4157,2707,-3016,bf7d78fb,3d1d4e35,bd998ac5,3de573f7,bf7d78fc,3d1d4e35,bd998ac6,3de573f9,1,9630078

6641,4689,-178,549,-4147,-2742,17421,-4129,2733,-3168,bf7d5d33,3d36734b,bd9d05ae,3de61cd2,bf7d5d34,3d36734c,bd9d05af,3de61cd4,1,9638596

6642,4822,-164,734,-2145,-3181,15933,-4127,2789,-3139,bf7d3e1d,3d51fe68,bd9f0945,3de76877,bf7d3e1c,3d51fe68,bd9f0944,3de76877,1,9647115

6643,4901,-73,585,-2515,-2645,16445,-4127,2789,-3139,bf7d1cb7,3d6daaaf,bda13e54,3de85277,bf7d1cb7,3d6daab0,bda13e53,3de85278,1,9655133

6644,5068,-71,503,-1737,-1613,15301,-4115,2813,-3178,bf7d01b9,3d82cc8b,bda1a1eb,3de8f959,bf7d01ba,3d82cc8c,bda1a1ea,3de8f95b,1,9663652

6645,5277,-96,306,-1499,-2463,15494,-4097,2861,-3161,bf7ce08d,3d90de9b,bda247ef,3de933ce,bf7ce08e,3d90de9c,bda247ee,3de933d0,1,9672171

6646,5629,-315,292,-2402,-1339,15419,-4097,2861,-3161,bf7cbcbf,3d9d35a7,bda515e0,3de8f1bf,bf7cbcbf,3d9d35a7,bda515de,3de8f1c0,1,9680689

6647,6113,-275,486,-1818,-4236,15363,-4159,2909,-3139,bf7c8887,3dae2ea3,bda78ad0,3de946bb,bf7c8887,3dae2ea3,bda78ace,3de946bc,1,9689208

6648,6265,-611,792,-2707,-2535,15314,-4135,2931,-3099,bf7c4d2b,3dbcf166,bdac4f30,3dea5e8f,bf7c4d2a,3dbcf165,bdac4f2e,3dea5e90,1,9697727

6649,6547,-535,979,-7218,-3063,18231,-4113,2947,-3047,bf7c08da,3dcd0136,bdb15144,3deb8225,bf7c08d9,3dcd0135,bdb15142,3deb8226,1,9706245

6650,6845,141,646,-5435,-3190,18587,-4113,2947,-3047,bf7bc74f,3ddd9f7b,bdb49e5c,3deb7990,bf7bc74e,3ddd9f7a,bdb49e5b,3deb7991,1,9714764

6651,7739,1048,706,-2655,-1344,15738,-4099,3033,-3014,bf7b860d,3defdf0f,bdb44813,3deb48fa,bf7b860e,3defdf10,bdb44814,3deb48fd,1,9723282

6652,8936,1530,681,-2304,-1074,15633,-4131,3135,-3044,bf7b36ea,3e02adb5,bdb2d415,3deaa4d2,bf7b36eb,3e02adb5,bdb2d416,3deaa4d5,1,9731801

6653,9934,1571,627,-2229,-2040,15270,-4131,3135,-3044,bf7ad5ca,3e0eb02e,bdb19517,3de994fc,bf7ad5cb,3e0eb02e,bdb19518,3de994ff,1,9740320

6654,10983,1596,581,-3420,-3039,15618,-4091,3173,-2990,bf7a5b34,3e1c1efe,bdb1aa5e,3de805d8,bf7a5b35,3e1c1efe,bdb1aa5f,3de805db,1,9748839

6655,11929,1849,887,-1906,-4229,13916,-4089,3263,-3001,bf79c2c2,3e2b3a81,bdafcec6,3de7e261,bf79c2c2,3e2b3a80,bdafcec5,3de7e263,1,9756857

6656,12825,1748,1504,-501,-4435,13220,-4089,3263,-3001,bf790985,3e3bbfaa,bdad134b,3de898da,bf790986,3e3bbfa9,bdad134b,3de898dd,1,9765375

6657,13408,1115,1857,-1958,-6383,13496,-4121,3367,-2979,bf781fb3,3e4d95a1,bdadd9af,3dea29c0,bf781fb3,3e4d959f,bdadd9ae,3dea29c2,1,9773894

6658,13857,1054,2004,-2812,-6659,13362,-4103,3471,-2816,bf771918,3e5fb324,bdaf972f,3debdc1b,bf771918,3e5fb322,bdaf972e,3debdc1d,1,9782413

6659,14074,1297,1984,-854,-8395,11445,-4103,3471,-2816,bf75f996,3e726021,bdaf71f9,3ded4956,bf75f996,3e72601f,bdaf71f8,3ded4958,1,9790931

6660,14082,990,2171,321,-11207,9276,-4063,3565,-2857,bf74bf82,3e827cbc,bdafdd4d,3def405d,bf74bf82,3e827cbb,bdafdd4c,3def405f,1,9799450

6661,13791,13,3029,858,-12062,9255,-4029,3625,-2744,bf73669e,3e8b860b,bdb1ee4a,3df40d13,bf73669f,3e8b8609,bdb1ee4a,3df40d16,1,9807968

6662,13060,-902,3545,-1250,-11886,9663,-4055,3773,-2706,bf71fd75,3e93ffdf,bdb61a0b,3dfac91b,bf71fd74,3e93ffdb,bdb61a0a,3dfac91c,1,9816487

6663,12282,-1229,3641,-2052,-9801,12092,-4055,3773,-2706,bf70945d,3e9bd2ce,bdbb1b59,3e0102a5,bf70945e,3e9bd2cb,bdbb1b5a,3e0102a6,1,9825006

6664,11850,-509,2765,-2611,-8968,12474,-4071,3835,-2554,bf6f3f11,3ea31195,bdbf89f2,3e033748,bf6f3f12,3ea31192,bdbf89f3,3e03374a,1,9833524

6665,12074,64,2522,-1808,-9356,11636,-4069,3921,-2517,bf6dd6d0,3eaa962f,bdc2197e,3e04f675,bf6dd6d0,3eaa962b,bdc2197e,3e04f676,1,9842043

6666,12545,395,2282,-1438,-10955,10043,-4069,3921,-2517,bf6c5087,3eb2872b,bdc3de98,3e061960,bf6c5087,3eb28727,bdc3de98,3e061961,1,9850061

6667,12700,298,2601,-5147,-14597,8878,-4037,3971,-2353,bf6ab0fb,3eba7e0f,bdc644b8,3e0776c2,bf6ab0fb,3eba7e0b,bdc644b8,3e0776c3,1,9858580

6668,11052,690,1988,2159,-14658,7150,-3981,3997,-2331,bf693cf1,3ec17def,bdc65049,3e08562c,bf693cf0,3ec17dea,bdc65048,3e08562d,1,9867098

6669,9641,399,692,-612,-13181,5962,-3981,3997,-2331,bf67f60b,3ec77eb0,bdc85f53,3e07d53c,bf67f60b,3ec77eac,bdc85f52,3e07d53d,1,9875617

6670,9316,-275,684,780,-14315,8949,-4025,4037,-2270,bf66ad08,3ecd305b,bdcb611e,3e07ce63,bf66ad09,3ecd3057,bdcb611d,3e07ce64,1,9884136

6671,9528,-776,946,1186,-13033,6427,-4013,4123,-2152,bf654b9e,3ed2f61f,bdcf6417,3e085133,bf654b9f,3ed2f61a,bdcf6416,3e085133,1,9892654

6672,10363,-2092,2161,-2292,-10523,11158,-4013,4123,-2152,bf63ce5d,3ed8867e,bdd68749,3e0a9761,bf63ce5e,3ed8867a,bdd68749,3e0a9761,1,9901173

6673,11402,-2153,2721,-1990,-12959,9281,-4043,4167,-2061,bf61fc85,3edf2945,bddd6299,3e0d6d82,bf61fc87,3edf2942,bddd629a,3e0d6d82,1,9909692

6674,12702,-1737,3539,82,-13459,2551,-3969,4213,-2011,bf5fdce7,3ee6bed0,bde23418,3e10d555,bf5fdce7,3ee6becb,bde23417,3e10d554,1,9918210

6675,15850,-1452,5024,-292,-12446,2047,-3969,4213,-2011,bf5d214d,3ef02c5a,bde5c461,3e153a3f,bf5d214e,3ef02c56,bde5c461,3e153a3f,1,9926729

6676,19766,-165,6779,-1514,-12592,4456,-3963,4271,-1856,bf59a37b,3efbdf01,bde5e334,3e1a1642,bf59a37c,3efbdefd,bde5e334,3e1a1642,1,9935248

6677,22341,2140,7632,-347,-13922,3694,-3863,4301,-1698,bf5596d1,3f048d04,bde04ec5,3e1dfa3b,bf5596d2,3f048d02,bde04ec5,3e1dfa3b,1,9943766

6678,23514,4452,8632,547,-17183,2219,-3809,4421,-1505,bf51276e,3f0b82d2,bdd4798e,3e2116f6,bf51276f,3f0b82d0,bdd4798f,3e2116f6,1,9952285

6679,23457,6931,9540,934,-15446,897,-3809,4421,-1505,bf4c8934,3f127533,bdc1be02,3e233368,bf4c8937,3f127533,bdc1be04,3e233369,1,9960303

6680,23142,8932,9573,-1027,-9741,-607,-3745,4437,-1294,bf47ce81,3f194014,bdaad641,3e238ad1,bf47ce83,3f194014,bdaad643,3e238ad2,1,9968821

6681,23820,11347,8776,1974,-6530,-6265,-3707,4481,-1227,bf42c6b6,3f202b93,bd8fcbfa,3e21074c,bf42c6b8,3f202b93,bd8fcbfc,3e21074e,1,9977340

6682,22574,11950,5866,11475,-31974,7256,-3707,4481,-1227,bf3e0478,3f266de5,bd6d1ede,3e1b7cc5,bf3e0479,3f266de5,bd6d1ee1,3e1b7cc6,1,9985859

6683,9070,5015,-2192,3237,-30637,-592,-3675,4519,-1198,bf3c3efa,3f28da33,bd68c0e3,3e146a89,bf3c3efa,3f28da32,bd68c0e5,3e146a89,1,9994377

6684,1431,-125,-2944,1908,-18800,-3444,-3707,4489,-1111,bf3c0811,3f292cce,bd75086a,3e11a016,bf3c0812,3f292cce,bd75086d,3e11a016,1,10002896

6685,-404,-66,-3025,-140,-16612,2011,-3707,4489,-1111,bf3c4f4e,3f28f462,bd809939,3e0e9fc6,bf3c4f4e,3f28f462,bd80993b,3e0e9fc6,1,10011415

6686,218,-148,-2228,190,-17997,1014,-3703,4489,-1126,bf3c5f27,3f28f025,bd856ea7,3e0c8124,bf3c5f27,3f28f025,bd856ea9,3e0c8124,1,10019934

6687,714,93,-1066,297,-18833,-245,-3739,4441,-1047,bf3c4069,3f291a62,bd87dc71,3e0b513a,bf3c4068,3f291a61,bd87dc73,3e0b513a,1,10028452

6688,460,186,-285,607,-18153,108,-3739,4441,-1047,bf3c2809,3f29392d,bd8899ef,3e0adb5e,bf3c2809,3f29392d,bd8899f1,3e0adb5f,1,10036971

6689,516,28,373,413,-15720,589,-3733,4411,-1080,bf3c0731,3f295a18,bd889176,3e0b22ea,bf3c0732,3f295a19,bd889178,3e0b22ec,1,10045489

6690,786,-172,786,1206,-17034,-988,-3767,4401,-1153,bf3bcb3c,3f299287,bd88141b,3e0c04e6,bf3bcb3b,3f299287,bd88141c,3e0c04e7,1,10054008

6691,382,-215,856,2067,-16784,867,-3767,4449,-1140,bf3bab2c,3f29a9cd,bd87210c,3e0d2b28,bf3bab2d,3f29a9ce,bd87210e,3e0d2b2a,1,10062026

6692,-86,528,620,2493,-16367,-1032,-3767,4449,-1140,bf3ba434,3f29b42b,bd8500e0,3e0d7940,bf3ba434,3f29b42a,bd8500e1,3e0d7941,1,10070545

6693,-258,375,352,2439,-15098,-793,-3787,4469,-1173,bf3ba9a5,3f29b00a,bd8386e5,3e0dad3c,bf3ba9a6,3f29b00a,bd8386e6,3e0dad3d,1,10079063

6694,-196,205,-47,1702,-14982,374,-3769,4457,-1136,bf3bb472,3f29a620,bd833b7c,3e0d97e6,bf3bb472,3f29a61e,bd833b7c,3e0d97e6,1,10087582

6695,58,239,-286,2008,-15052,47,-3769,4457,-1136,bf3bb1fd,3f29ad0d,bd835067,3e0d4218,bf3bb1fe,3f29ad0c,bd835068,3e0d4219,1,10096101

6696,231,213,-538,2268,-16035,-652,-3731,4473,-1180,bf3ba678,3f29bf8b,bd83f1e3,3e0cada1,bf3ba679,3f29bf8a,bd83f1e4,3e0cada2,1,10104619

6697,137,63,-876,1924,-16319,-653,-3717,4453,-1094,bf3ba2f9,3f29c8d1,bd8586d4,3e0be51c,bf3ba2fa,3f29c8d1,bd8586d5,3e0be51d,1,10113138

6698,-152,-70,-1209,1419,-15941,-171,-3717,4453,-1094,bf3bb49e,3f29bacd,bd87ee23,3e0ae559,bf3bb49f,3f29bacd,bd87ee24,3e0ae55a,1,10121657

6699,-241,-177,-1357,1165,-16013,562,-3751,4443,-1217,bf3bd1b6,3f299fc6,bd8ac5bd,3e09cb8f,bf3bd1b5,3f299fc4,bd8ac5bc,3e09cb8f,1,10130175

6700,-67,-159,-1304,1067,-16117,847,-3739,4451,-1196,bf3be5f4,3f298e08,bd8d9289,3e08b808,bf3be5f4,3f298e07,bd8d9289,3e08b809,1,10138694

6701,302,-65,-1170,1334,-16399,133,-3739,4451,-1196,bf3bdfb1,3f2999e9,bd900354,3e07b1ab,bf3bdfb1,3f2999e8,bd900354,3e07b1ac,1,10147213

6702,458,-37,-1032,1347,-18543,295,-3765,4365,-1189,bf3bd007,3f29afb8,bd923b63,3e06bfaa,bf3bd007,3f29afb7,bd923b63,3e06bfab,1,10155731

6703,348,1,-796,778,-15899,976,-3775,4441,-1146,bf3bc8d5,3f29bb1f,bd940b81,3e05fb16,bf3bc8d5,3f29bb1e,bd940b81,3e05fb17,1,10163749

6704,334,84,-614,793,-16137,505,-3793,4421,-1151,bf3bbda9,3f29cb37,bd955c1a,3e05516c,bf3bbda9,3f29cb36,bd955c1a,3e05516d,1,10172268

6705,582,113,-471,1101,-17060,39,-3793,4421,-1151,bf3ba06a,3f29eeb4,bd96612c,3e04c72f,bf3ba06b,3f29eeb3,bd96612d,3e04c730,1,10180786

6706,517,162,-389,1290,-16293,-274,-3801,4433,-1118,bf3b845b,3f2a10ea,bd9716fc,3e0450bb,bf3b845c,3f2a10e8,bd9716fd,3e0450bc,1,10189305

6707,393,176,-460,768,-16496,146,-3745,4379,-1177,bf3b7357,3f2a2808,bd97f7d5,3e03b655,bf3b7358,3f2a2807,bd97f7d7,3e03b656,1,10197824

6708,365,235,-399,1155,-15975,129,-3745,4379,-1177,bf3b62f4,3f2a3ed7,bd987de9,3e032cb1,bf3b62f4,3f2a3ed6,bd987deb,3e032cb2,1,10206342

6709,457,206,-351,1123,-16480,-148,-3817,4399,-1192,bf3b4bcb,3f2a5c7c,bd990750,3e02ae0c,bf3b4bca,3f2a5c7a,bd990751,3e02ae0c,1,10214861

6710,454,112,-404,1789,-16838,-546,-3801,4357,-1157,bf3b3231,3f2a7aeb,bd99b462,3e024afa,bf3b3232,3f2a7aea,bd99b465,3e024afb,1,10223380

6711,288,-31,-531,799,-15677,365,-3801,4357,-1157,bf3b27d8,3f2a8728,bd9b0685,3e01d42b,bf3b27d9,3f2a8727,bd9b0688,3e01d42c,1,10231898

6712,251,-183,-810,407,-17681,-347,-3799,4405,-1194,bf3b1f13,3f2a90ac,bd9d3a56,3e012c83,bf3b1f13,3f2a90aa,bd9d3a58,3e012c84,1,10240417

6713,184,-183,-524,1690,-16189,-1225,-3797,4375,-1111,bf3b119a,3f2a9cdd,bd9ea211,3e00f50a,bf3b119c,3f2a9cdd,bd9ea214,3e00f50c,1,10248936

6714,-2,-449,-630,1528,-15460,-517,-3797,4375,-1111,bf3b100b,3f2a97b9,bda0a769,3e00e615,bf3b100a,3f2a97b7,bda0a76a,3e00e615,1,10256954

6715,24,-882,-927,1293,-16166,-604,-3803,4393,-1136,bf3b0d88,3f2a8d6c,bda41864,3e00e4e6,bf3b0d87,3f2a8d6b,bda41866,3e00e4e6,1,10265472

6716,132,-1294,-1177,406,-16906,1040,-3785,4361,-1147,bf3b0f9b,3f2a77fe,bda903ce,3e00e39b,bf3b0f9a,3f2a77fd,bda903d1,3e00e39c,1,10273991

6717,175,-1025,-1100,781,-16032,245,-3795,4333,-1089,bf3b08df,3f2a6fbd,bdad2ccd,3e00cd1a,bf3b08df,3f2a6fbc,bdad2cd0,3e00cd1c,1,10282509

6718,202,-828,-1075,195,-17005,1079,-3795,4333,-1089,bf3b0837,3f2a6431,bdb118af,3e007b84,bf3b0837,3f2a6430,bdb118b2,3e007b86,1,10291028

6719,169,-427,-902,461,-16683,408,-3819,4331,-1029,bf3b0445,3f2a623c,bdb3d876,3e000c37,bf3b0445,3f2a623b,bdb3d879,3e000c39,1,10299547

6720,133,-175,-786,672,-16422,128,-3847,4335,-1131,bf3b0294,3f2a6262,bdb5c99a,3dff01c0,bf3b0293,3f2a6260,bdb5c99c,3dff01c3,1,10308066

6721,75,-73,-788,653,-16419,24,-3847,4335,-1131,bf3b0450,3f2a608b,bdb78497,3dfdc0b2,bf3b0451,3f2a608a,bdb7849a,3dfdc0b7,1,10316584

6722,10,-41,-859,579,-16476,94,-3797,4393,-1184,bf3b0bbf,3f2a595d,bdb94a35,3dfc4c00,bf3b0bc0,3f2a595c,bdb94a38,3dfc4c05,1,10325103

6723,-32,-17,-930,604,-16252,239,-3829,4357,-1148,bf3b16a3,3f2a4ed6,bdbb1bb2,3dfab4ef,bf3b16a4,3f2a4ed5,bdbb1bb5,3dfab4f4,1,10333621

6724,17,-1,-1002,404,-16196,332,-3829,4357,-1148,bf3b2060,3f2a4608,bdbd15b1,3df8e5ac,bf3b2061,3f2a4606,bdbd15b4,3df8e5b0,1,10342140

6725,110,38,-998,425,-16297,261,-3817,4339,-1085,bf3b238b,3f2a4496,bdbf048c,3df7109c,bf3b238d,3f2a4495,bdbf0490,3df710a0,1,10350659

6726,203,62,-983,299,-16398,184,-3885,4357,-1077,bf3b2135,3f2a4980,bdc0eeb6,3df52a69,bf3b2136,3f2a497f,bdc0eeb9,3df52a6c,1,10359177

6727,278,68,-919,110,-16710,192,-3885,4357,-1077,bf3b1a4a,3f2a5336,bdc2ca8d,3df35297,bf3b1a4a,3f2a5335,bdc2ca90,3df35299,1,10367195

6728,325,109,-737,188,-16627,153,-3883,4389,-1115,bf3b0f68,3f2a6181,bdc43932,3df1c191,bf3b0f68,3f2a6180,bdc43935,3df1c193,1,10375714

6729,329,125,-587,140,-16619,167,-3873,4355,-1127,bf3b033d,3f2a7112,bdc55d20,3df06f9c,bf3b033c,3f2a7110,bdc55d22,3df06f9d,1,10384232

6730,314,159,-447,183,-16668,100,-3857,4351,-1083,bf3af5be,3f2a8200,bdc63006,3def60dd,bf3af5bf,3f2a8200,bdc63009,3def60e0,1,10392751

6731,314,161,-321,191,-16579,105,-3857,4351,-1083,bf3ae715,3f2a93de,bdc6c75d,3dee910a,bf3ae715,3f2a93dd,bdc6c75e,3dee910b,1,10401270

6732,329,167,-247,181,-16386,247,-3881,4327,-1095,bf3ad802,3f2aa636,bdc7382c,3deddee2,bf3ad802,3f2aa636,bdc7382c,3deddee4,1,10409788

6733,391,196,-199,296,-16326,91,-3875,4285,-1123,bf3ac49b,3f2abdd6,bdc77e4f,3ded3608,bf3ac49b,3f2abdd6,bdc77e4f,3ded360a,1,10418307

6734,413,208,-217,436,-16392,-114,-3875,4285,-1123,bf3aaf07,3f2ad80b,bdc7bf87,3dec866c,bf3aaf06,3f2ad80a,bdc7bf86,3dec866d,1,10426826

6735,389,156,-269,262,-16553,-10,-3877,4283,-1076,bf3a9b1c,3f2aef55,bdc83f53,3debd2c3,bf3a9b1d,3f2aef55,bdc83f53,3debd2c6,1,10435344

6736,346,117,-259,219,-16438,101,-3921,4297,-1140,bf3a8aff,3f2b0225,bdc8c32f,3deb2971,bf3a8b00,3f2b0225,bdc8c32f,3deb2974,1,10443863

6737,380,92,-199,241,-16449,21,-3921,4297,-1140,bf3a77be,3f2b17bd,bdc9390c,3deaa8aa,bf3a77bf,3f2b17bd,bdc9390c,3deaa8ad,1,10452382

6738,397,48,-143,217,-16631,-72,-3879,4347,-1066,bf3a612b,3f2b2f78,bdc9b821,3dea63e7,bf3a612a,3f2b2f77,bdc9b81f,3dea63e8,1,10460900

6739,359,11,-86,264,-16451,-65,-3871,4371,-1079,bf3a4c1e,3f2b44bd,bdca27a8,3dea508b,bf3a4c1e,3f2b44bc,bdca27a6,3dea508d,1,10468918

6740,327,-23,-89,358,-16285,-78,-3871,4371,-1079,bf3a3886,3f2b57c5,bdca9f2e,3dea537f,bf3a3885,3f2b57c4,bdca9f2b,3dea5380,1,10477437

6741,292,-53,-160,360,-16253,3,-3871,4351,-985,bf3a26a5,3f2b6813,bdcb495b,3dea51da,bf3a26a6,3f2b6813,bdcb495a,3dea51dc,1,10485955

6742,271,-62,-296,455,-16116,-1,-3901,4339,-1071,bf3a1847,3f2b7525,bdcc2216,3dea0bf1,bf3a1847,3f2b7524,bdcc2213,3dea0bf1,1,10494474

6743,240,-60,-482,214,-16397,-57,-3949,4283,-1080,bf3a0db3,3f2b7eae,bdcd5a1f,3de955ea,bf3a0db3,3f2b7ead,bdcd5a1c,3de955ea,1,10502993

6744,181,-31,-579,107,-16555,-29,-3949,4283,-1080,bf3a07f6,3f2b83a6,bdceb181,3de8613c,bf3a07f7,3f2b83a5,bdceb17f,3de8613d,1,10511511

6745,134,1,-552,19,-16670,-12,-3891,4311,-985,bf3a03b1,3f2b86e5,bdcff8a7,3de77e3b,bf3a03b3,3f2b86e5,bdcff8a5,3de77e3d,1,10520030

6746,96,25,-456,-145,-16860,48,-3953,4351,-1086,bf3a02fd,3f2b871f,bdd105db,3de6a4cf,bf3a02fe,3f2b871e,bdd105d8,3de6a4d0,1,10528548

6747,100,44,-253,-98,-16625,204,-3953,4351,-1086,bf3a013f,3f2b887b,bdd1a860,3de62aa6,bf3a013f,3f2b8879,bdd1a85d,3de62aa6,1,10537067

6748,194,48,-25,321,-16074,-30,-3937,4351,-1048,bf39f56e,3f2b942c,bdd1ce38,3de63d54,bf39f56f,3f2b942b,bdd1ce36,3de63d55,1,10545586

6749,155,64,-99,158,-15977,270,-3929,4283,-1073,bf39ef3d,3f2b9a68,bdd20f56,3de618a8,bf39ef3d,3f2b9a66,bdd20f54,3de618a8,1,10554104

6750,251,50,-144,150,-16329,67,-3929,4283,-1073,bf39e295,3f2ba76b,bdd2764b,3de5dbb4,bf39e297,3f2ba76b,bdd2764b,3de5dbb7,1,10562122

6751,300,47,-221,384,-15923,85,-3947,4337,-1149,bf39d50f,3f2bb5e1,bdd2e67f,3de57dc4,bf39d50f,3f2bb5e0,bdd2e67d,3de57dc5,1,10571142

6752,375,11,-398,254,-16272,-64,-3957,4293,-1138,bf39c3b8,3f2bc800,bdd3cb31,3de4c945,bf39c3b9,3f2bc800,bdd3cb30,3de4c947,1,10579159

6753,377,3,-557,165,-16285,-22,-3957,4293,-1138,bf39b42e,3f2bd837,bdd50092,3de3c529,bf39b42f,3f2bd837,bdd50091,3de3c52b,1,10587678

6754,376,-53,-650,336,-16161,-291,-3941,4365,-1168,bf39a39e,3f2be88a,bdd66ef1,3de2b899,bf39a39e,3f2be889,bdd66ef0,3de2b89a,1,10596197

6755,398,-187,-777,-222,-16703,-118,-3899,4329,-1065,bf39920d,3f2bf6e3,bdd88b69,3de1962e,bf39920e,3f2bf6e3,bdd88b68,3de19630,1,10604715

6756,354,-110,-684,-289,-16759,47,-3951,4267,-1058,bf3983ef,3f2c02df,bdda54f5,3de07b49,bf3983ef,3f2c02de,bdda54f3,3de07b4a,1,10613234

6757,245,-20,-522,-198,-16749,-31,-3951,4267,-1058,bf397aad,3f2c0b0e,bddb983e,3ddf974b,bf397aaf,3f2c0b0e,bddb983e,3ddf974e,1,10621752

6758,184,21,-410,-217,-16550,121,-3881,4301,-1069,bf397547,3f2c0fa4,bddc905a,3ddedfad,bf397547,3f2c0fa2,bddc9058,3ddedfad,1,10630271

6759,195,44,-297,-241,-16528,128,-3943,4305,-1084,bf396efe,3f2c15b5,bddd47b2,3dde4cc1,bf396efe,3f2c15b3,bddd47b0,3dde4cc1,1,10638790

6760,226,80,-197,-215,-16649,23,-3943,4305,-1084,bf39659c,3f2c1faf,bdddc042,3ddddb13,bf39659d,3f2c1fad,bdddc041,3ddddb14,1,10647308

6761,191,105,-105,-156,-16477,69,-3913,4271,-1093,bf395df7,3f2c283a,bdddf9f6,3ddd91d9,bf395df8,3f2c2838,bdddf9f5,3ddd91da,1,10655827

6762,199,120,-42,-93,-16373,115,-3911,4301,-1072,bf395558,3f2c31eb,bdde0d32,3ddd69f5,bf395559,3f2c31e9,bdde0d31,3ddd69f6,1,10664346

6763,235,130,-23,-33,-16370,32,-3911,4301,-1072,bf394a02,3f2c3eb6,bdde119a,3ddd4849,bf394a03,3f2c3eb4,bdde1199,3ddd484a,1,10672363

6764,262,140,-51,-83,-16434,-11,-3925,4275,-1076,bf393d6f,3f2c4d17,bdde22ac,3ddd0c41,bf393d70,3f2c4d15,bdde22ab,3ddd0c42,1,10680882

6765,251,132,-66,-75,-16430,-35,-3931,4341,-1089,bf3931b2,3f2c5a74,bdde3c47,3ddcccf5,bf3931b3,3f2c5a72,bdde3c46,3ddcccf6,1,10689408

6766,226,140,-86,-109,-16427,-20,-3931,4341,-1089,bf3927dc,3f2c65f2,bdde5b52,3ddc7fc0,bf3927dd,3f2c65f0,bdde5b51,3ddc7fc1,1,10697927

6767,189,139,-95,-94,-16419,-21,-3921,4289,-1096,bf39204f,3f2c6f06,bdde7936,3ddc30aa,bf392050,3f2c6f04,bdde7935,3ddc30ab,1,10706446

6768,173,127,-88,-137,-16460,0,-3853,4311,-1064,bf391903,3f2c7746,bddea1e7,3ddbf2db,bf391904,3f2c7744,bddea1e6,3ddbf2dc,1,10714964

6769,162,116,-61,-172,-16483,26,-3931,4305,-1110,bf391350,3f2c7e02,bddebc9e,3ddbb8a0,bf391351,3f2c7e00,bddebc9e,3ddbb8a1,1,10723483

6770,176,114,-15,-149,-16383,40,-3931,4305,-1110,bf390c80,3f2c85e2,bddec20a,3ddb969e,bf390c82,3f2c85e1,bddec20b,3ddb96a0,1,10732002

6771,184,126,0,-199,-16428,150,-3937,4343,-1081,bf3905a4,3f2c8dd8,bddec1cc,3ddb7846,bf3905a6,3f2c8dd7,bddec1cd,3ddb7848,1,10740521

6772,214,142,27,-219,-16220,469,-3963,4307,-1024,bf38fec8,3f2c95e2,bddeb269,3ddb655f,bf38fec9,3f2c95e1,bddeb269,3ddb6560,1,10749039

6773,388,109,146,68,-16136,-177,-3963,4307,-1024,bf38e777,3f2caed1,bdde7ae6,3ddba00f,bf38e778,3f2caed0,bdde7ae6,3ddba010,1,10757558

6774,369,145,1,215,-16241,-9,-3935,4311,-1082,bf38d4ce,3f2cc3d5,bdde5d47,3ddb89d8,bf38d4cf,3f2cc3d4,bdde5d47,3ddb89d9,1,10766077

6775,323,132,-264,-34,-16489,26,-3953,4335,-989,bf38c638,3f2cd3d5,bdded94e,3ddaf7a3,bf38c638,3f2cd3d4,bdded94d,3ddaf7a3,1,10774095

6776,317,108,-365,-145,-16266,72,-3953,4335,-989,bf38b935,3f2ce1b7,bddf95be,3dda387b,bf38b934,3f2ce1b6,bddf95bc,3dda387a,1,10782613

6777,339,145,-419,-101,-16321,3,-3907,4273,-1053,bf38ac38,3f2cf091,bde04ff7,3dd94744,bf38ac38,3f2cf090,bde04ff6,3dd94744,1,10791132

6778,414,131,-438,-138,-16364,-22,-3949,4291,-1083,bf389b9f,3f2d0337,bde11b87,3dd84489,bf389ba0,3f2d0337,bde11b86,3dd8448a,1,10799651

6779,416,114,-438,-240,-16655,-170,-3949,4291,-1083,bf3889e9,3f2d16a4,bde1f7fd,3dd742b8,bf3889e9,3f2d16a2,bde1f7fa,3dd742b7,1,10808170

6780,361,71,-392,-222,-16457,-59,-3955,4271,-1041,bf387aa4,3f2d266b,bde2d065,3dd67869,bf387aa5,3f2d2669,bde2d063,3dd67869,1,10816688

6781,352,61,-319,-379,-16531,50,-3987,4249,-1021,bf386c01,3f2d353f,bde396c4,3dd5cd13,bf386c02,3f2d353d,bde396c2,3dd5cd13,1,10825207

6782,362,59,-237,-377,-16557,80,-3961,4331,-1058,bf385d04,3f2d4483,bde43517,3dd547dc,bf385d05,3f2d4481,bde43516,3dd547dd,1,10833726

6783,373,69,-156,-318,-16553,1,-3961,4331,-1058,bf384c2c,3f2d55ed,bde4a541,3dd4e9cc,bf384c2d,3f2d55eb,bde4a540,3dd4e9cd,1,10842244

6784,366,93,-111,-311,-16418,54,-3957,4273,-1034,bf383b9e,3f2d6762,bde4f4f3,3dd49b49,bf383ba0,3f2d6761,bde4f4f3,3dd49b4b,1,10850763

6785,391,117,-95,-254,-16391,-34,-3957,4333,-1025,bf3828eb,3f2d7b75,bde5310e,3dd44efe,bf3828ec,3f2d7b73,bde5310d,3dd44eff,1,10859282

6786,415,125,-82,-156,-16296,-40,-3957,4333,-1025,bf3814c4,3f2d913f,bde55c5c,3dd40b45,bf3814c5,3f2d913d,bde55c5b,3dd40b46,1,10867300

6787,480,87,-95,-205,-16380,-91,-3995,4295,-1013,bf37fc61,3f2daacf,bde5a7ee,3dd3c8a8,bf37fc62,3f2daacd,bde5a7ed,3dd3c8a9,1,10876319

6788,506,29,-119,123,-16334,-1153,-3987,4321,-1117,bf37dd29,3f2dcad4,bde60964,3dd394a1,bf37dd2b,3f2dcad3,bde60964,3dd394a3,1,10884337

6789,509,-148,-210,-505,-16700,-175,-3987,4321,-1117,bf37c414,3f2de131,bde708c9,3dd35958,bf37c414,3f2de12f,bde708c8,3dd35958,1,10892855

6790,480,-138,-134,-384,-16620,-150,-3969,4263,-1002,bf37a9fa,3f2df827,bde7e092,3dd35fca,bf37a9fa,3f2df825,bde7e092,3dd35fcb,1,10901374

6791,442,-144,-26,-394,-16638,-187,-3949,4301,-1081,bf379268,3f2e0cbd,bde87f27,3dd392c1,bf37926b,3f2e0cbe,bde87f2a,3dd392c4,1,10909893

6792,393,-125,39,-391,-16587,-128,-3949,4301,-1081,bf377dee,3f2e1e7a,bde8f192,3dd3dfe9,bf377def,3f2e1e79,bde8f192,3dd3dfea,1,10918411

6793,320,-100,78,-283,-16436,-354,-3949,4279,-1073,bf376b90,3f2e2e66,bde93bce,3dd44270,bf376b90,3f2e2e65,bde93bce,3dd44272,1,10926930

6794,246,-128,85,-301,-16461,-266,-3975,4319,-1061,bf375dcc,3f2e38ec,bde98c01,3dd4ba91,bf375dcc,3f2e38eb,bde98c01,3dd4ba93,1,10935449

6795,209,-150,89,-328,-16384,81,-3931,4283,-1013,bf3753d1,3f2e3ec4,bde9e6a7,3dd54ade,bf3753d2,3f2e3ec4,bde9e6a8,3dd54ae1,1,10943967

6796,235,-141,130,-334,-16442,-119,-3931,4283,-1013,bf374679,3f2e484a,bdea2f58,3dd5e6bb,bf37467a,3f2e484a,bdea2f59,3dd5e6be,1,10952486

6797,250,-102,165,-220,-16420,-162,-3949,4257,-1061,bf3738f9,3f2e531d,bdea4586,3dd67df9,bf3738fa,3f2e531d,bdea4586,3dd67dfb,1,10961005

6798,232,-104,132,-282,-16442,-48,-3933,4313,-1007,bf372cc2,3f2e5c20,bdea76fc,3dd70e96,bf372cc2,3f2e5c1f,bdea76fb,3dd70e97,1,10969523

6799,239,-84,116,-260,-16419,-140,-3933,4313,-1007,bf371fcd,3f2e6647,bdeaa647,3dd78e35,bf371fcf,3f2e6648,bdeaa647,3dd78e38,1,10977541

6800,239,-76,109,-243,-16391,-34,-3963,4329,-1078,bf3715a5,3f2e6e31,bdeac6ca,3dd7f936,bf3715a5,3f2e6e30,bdeac6c8,3dd7f936,1,10986060

6801,235,-24,105,-175,-16374,-175,-3991,4271,-1035,bf370a25,3f2e784e,bdead011,3dd853ee,bf370a27,3f2e784f,bdead011,3dd853f0,1,10994579

6802,213,-12,44,-180,-16370,-84,-3991,4271,-1035,bf37017c,3f2e7fb1,bdeaec83,3dd88ce4,bf37017c,3f2e7fb0,bdeaec80,3dd88ce4,1,11003097

6803,179,24,-13,-190,-16266,-26,-3931,4311,-1082,bf36fd0e,3f2e8373,bdeb0c44,3dd897cb,bf36fd0f,3f2e8374,bdeb0c43,3dd897cd,1,11011616

6804,176,73,-69,-95,-16257,-96,-3977,4279,-1056,bf36f89e,3f2e881e,bdeb2707,3dd87a6a,bf36f89d,3f2e881d,bdeb2704,3dd87a6a,1,11020135

6805,184,106,-166,-162,-16436,-179,-3977,4279,-1056,bf36f44b,3f2e8d34,bdeb667f,3dd818a1,bf36f44b,3f2e8d33,bdeb667d,3dd818a2,1,11028653

6806,166,110,-238,-323,-16554,-205,-3939,4289,-974,bf36eff5,3f2e91b2,bdebdddd,3dd79909,bf36eff5,3f2e91b2,bdebdddc,3dd7990a,1,11037172

6807,112,114,-216,-340,-16423,-65,-3967,4259,-1109,bf36f2f8,3f2e8f9b,bdec2f3c,3dd70843,bf36f2f7,3f2e8f9a,bdec2f3a,3dd70843,1,11045691

6808,131,122,-162,-346,-16427,-137,-3945,4261,-1020,bf36f193,3f2e9196,bdec74e7,3dd6a0ee,bf36f192,3f2e9196,bdec74e6,3dd6a0ef,1,11054209

6809,158,117,-129,-329,-16460,-102,-3945,4261,-1020,bf36ee92,3f2e952d,bdecacff,3dd64bf5,bf36ee91,3f2e952d,bdecacfe,3dd64bf6,1,11062728

6810,173,114,-113,-331,-16441,-76,-3957,4231,-1013,bf36eab1,3f2e99a5,bdecdf56,3dd5ff0c,bf36eab1,3f2e99a5,bdecdf56,3dd5ff0e,1,11071247

6811,183,120,-102,-319,-16509,-153,-3977,4283,-1014,bf36e5a6,3f2e9f72,bded09dd,3dd5b4ef,bf36e5a6,3f2e9f72,bded09dd,3dd5b4f1,1,11079765

6812,166,121,-95,-336,-16447,-95,-3977,4283,-1014,bf36e218,3f2ea3b7,bded2fa6,3dd56e1f,bf36e218,3f2ea3b7,bded2fa6,3dd56e21,1,11087783

6813,153,127,-71,-315,-16439,-114,-3965,4305,-1000,bf36de9d,3f2ea7e8,bded4775,3dd53725,bf36de9d,3f2ea7e8,bded4775,3dd53727,1,11096302

6814,149,138,-71,-298,-16401,-141,-3961,4333,-1012,bf36db78,3f2eabff,bded5784,3dd4fb98,bf36db78,3f2eabff,bded5784,3dd4fb9a,1,11104821

6815,145,136,-96,-300,-16320,-85,-3961,4333,-1012,bf36d942,3f2eaf11,bded72c2,3dd4b58f,bf36d941,3f2eaf0f,bded72c0,3dd4b58f,1,11113339

6816,160,133,-130,-302,-16404,-137,-3929,4305,-1058,bf36d6e0,3f2eb276,bded9b86,3dd45868,bf36d6e0,3f2eb276,bded9b86,3dd4586a,1,11121858

6817,162,122,-132,-326,-16406,-90,-3965,4221,-1098,bf36d601,3f2eb491,bdedc0b5,3dd3f003,bf36d600,3f2eb490,bdedc0b4,3dd3f004,1,11130376

6818,163,122,-136,-349,-16438,-68,-3965,4221,-1098,bf36d560,3f2eb668,bdede8e2,3dd38431,bf36d55f,3f2eb667,bdede8e1,3dd38432,1,11138895

6819,171,123,-131,-328,-16433,-106,-3913,4201,-1004,bf36d15b,3f2ebb04,bdee1e33,3dd332e1,bf36d15b,3f2ebb04,bdee1e33,3dd332e3,1,11147414

6820,157,122,-129,-336,-16397,-89,-3939,4313,-1000,bf36ce55,3f2ebe84,bdee5310,3dd2e55d,bf36ce54,3f2ebe84,bdee530f,3dd2e55f,1,11155932

6821,168,120,-140,-342,-16420,-115,-3971,4293,-1075,bf36cc62,3f2ec16c,bdee82a0,3dd28189,bf36cc62,3f2ec16c,bdee82a0,3dd2818b,1,11164451

6822,183,99,-146,-378,-16422,-119,-3971,4293,-1075,bf36c972,3f2ec4f0,bdeec2e5,3dd220b5,bf36c972,3f2ec4f0,bdeec2e5,3dd220b7,1,11172970

6823,194,97,-139,-403,-16396,-57,-3979,4269,-1046,bf36c5d5,3f2ec900,bdef0586,3dd1c63a,bf36c5d6,3f2ec901,bdef0587,3dd1c63c,1,11181488

6824,216,108,-127,-397,-16416,-82,-3947,4291,-1087,bf36c18c,3f2ece24,bdef3a2c,3dd166b3,bf36c18d,3f2ece25,bdef3a2d,3dd166b5,1,11189506

6825,246,97,-105,-374,-16432,-123,-3947,4291,-1087,bf36bad5,3f2ed5a0,bdef6a20,3dd1170a,bf36bad5,3f2ed59f,bdef6a1f,3dd1170a,1,11198025

6826,255,100,-106,-386,-16415,-97,-3921,4249,-1013,bf36b222,3f2edeba,bdefa4f0,3dd0d351,bf36b221,3f2edeb9,bdefa4ef,3dd0d351,1,11206543

6827,267,103,-106,-379,-16418,-122,-3997,4287,-1020,bf36a91b,3f2ee868,bdefda47,3dd08878,bf36a91b,3f2ee868,bdefda47,3dd08878,1,11215062

6828,259,103,-122,-393,-16391,-100,-3997,4287,-1020,bf36a0fb,3f2ef123,bdf016b2,3dd035b8,bf36a0fb,3f2ef123,bdf016b2,3dd035b8,1,11223581

6829,255,111,-145,-433,-16443,-157,-3969,4251,-982,bf369805,3f2efa8e,bdf0634c,3dcfd9d3,bf369804,3f2efa8e,bdf0634b,3dcfd9d3,1,11232099

6830,248,113,-133,-425,-16488,-155,-3957,4269,-1008,bf368ff4,3f2f0337,bdf0a4bb,3dcf80d6,bf368ff3,3f2f0337,bdf0a4bb,3dcf80d7,1,11240618

6831,223,112,-119,-471,-16519,-133,-3957,4269,-1008,bf368986,3f2f0a27,bdf0e16e,3dcf2db3,bf368985,3f2f0a27,bdf0e16e,3dcf2db4,1,11249136

6832,206,113,-85,-498,-16531,-136,-3941,4249,-992,bf36836f,3f2f10a8,bdf1112b,3dceedb3,bf36836e,3f2f10a9,bdf1112b,3dceedb4,1,11257655

6833,224,100,-24,-448,-16484,-145,-3967,4243,-969,bf367b2f,3f2f192a,bdf12980,3dced66c,bf367b2d,3f2f192b,bdf1297f,3dced66d,1,11266174

6834,229,87,1,-465,-16457,-132,-3967,4243,-969,bf367283,3f2f21e4,bdf13df7,3dcecf48,bf367281,3f2f21e6,bdf13df7,3dcecf4a,1,11274692

6835,229,90,15,-429,-16392,-112,-3953,4247,-974,bf3669fd,3f2f2a8e,bdf14701,3dced078,bf3669fa,3f2f2a8f,bdf146ff,3dced077,1,11283211

6836,232,98,20,-388,-16403,-137,-3965,4273,-1041,bf3662af,3f2f328f,bdf13cfe,3dcec632,bf3662af,3f2f3292,bdf13cff,3dcec633,1,11291229

6837,246,101,-8,-389,-16400,-165,-3997,4249,-1102,bf365c5c,3f2f3a22,bdf13327,3dce9bd7,bf365c5a,3f2f3a23,bdf13325,3dce9bd5,1,11299748

6838,229,98,-42,-426,-16418,-130,-3997,4249,-1102,bf3657ca,3f2f3fcd,bdf13ba9,3dce6066,bf3657c9,3f2f3fce,bdf13ba8,3dce6065,1,11308266

6839,221,101,-40,-428,-16409,-113,-3955,4235,-1016,bf36517d,3f2f469a,bdf15112,3dce3a26,bf36517d,3f2f469b,bdf15112,3dce3a26,1,11316785

6840,233,108,-42,-441,-16421,-136,-3931,4235,-1026,bf364a8e,3f2f4e30,bdf165ea,3dce0d60,bf364a8e,3f2f4e32,bdf165ea,3dce0d61,1,11325303

6841,232,104,-45,-482,-16477,-139,-3931,4235,-1026,bf3643c3,3f2f558a,bdf18141,3dcdddb8,bf3643c2,3f2f558b,bdf18140,3dcdddb8,1,11333822

6842,234,113,-27,-464,-16486,-170,-3947,4257,-965,bf363b3e,3f2f5e7e,bdf19676,3dcdbf4e,bf363b3d,3f2f5e7f,bdf19675,3dcdbf4e,1,11342341

6843,220,122,-21,-446,-16401,-124,-4037,4239,-1037,bf36362f,3f2f64c8,bdf1917c,3dcd8cbd,bf36362f,3f2f64ca,bdf1917c,3dcd8cbe,1,11350859

6844,212,134,-29,-423,-16389,-163,-4037,4239,-1037,bf36315e,3f2f6b06,bdf18858,3dcd53a6,bf36315d,3f2f6b07,bdf18857,3dcd53a6,1,11359378

6845,215,136,-47,-393,-16386,-182,-3971,4237,-1031,bf362be0,3f2f71c8,bdf188f2,3dcd19c2,bf362bde,3f2f71c8,bdf188f0,3dcd19c1,1,11367897

6846,215,123,-84,-408,-16380,-169,-3963,4277,-996,bf3625e4,3f2f7875,bdf1a80d,3dccdb70,bf3625e2,3f2f7875,bdf1a80b,3dccdb6f,1,11376415

6847,223,118,-106,-451,-16414,-184,-3963,4277,-996,bf361f8f,3f2f7f5b,bdf1d7d2,3dcc90ce,bf361f8e,3f2f7f5c,bdf1d7d0,3dcc90ce,1,11384433

6848,217,124,-104,-475,-16424,-158,-3969,4279,-1050,bf361b46,3f2f84a1,bdf1fc61,3dcc3827,bf361b45,3f2f84a2,bdf1fc5f,3dcc3827,1,11392952

6849,224,111,-93,-452,-16435,-213,-3973,4271,-1004,bf3614c1,3f2f8bb0,bdf2275d,3dcbf533,bf3614c0,3f2f8bb0,bdf2275a,3dcbf532,1,11401470

6850,219,96,-90,-498,-16491,-205,-3977,4239,-1086,bf36109e,3f2f909c,bdf24d78,3dcba530,bf36109d,3f2f909c,bdf24d75,3dcba530,1,11409989

6851,211,85,-69,-492,-16504,-187,-3977,4239,-1086,bf360ce1,3f2f94f3,bdf26d05,3dcb65f1,bf360ce2,3f2f94f4,bdf26d04,3dcb65f2,1,11418508

6852,201,76,-43,-520,-16495,-170,-3933,4257,-1018,bf3607ae,3f2f9a0c,bdf293aa,3dcb4809,bf3607ae,3f2f9a0c,bdf293a8,3dcb4809,1,11427026

6853,202,79,-6,-499,-16475,-182,-3961,4275,-1049,bf3602f0,3f2f9f0c,bdf2a038,3dcb3483,bf3602f0,3f2f9f0c,bdf2a036,3dcb3483,1,11435545

6854,205,85,11,-492,-16431,-159,-3961,4275,-1049,bf35fe34,3f2fa42d,bdf2a10a,3dcb26ac,bf35fe34,3f2fa42d,bdf2a108,3dcb26ac,1,11444063

6855,199,92,12,-463,-16383,-127,-3927,4277,-980,bf35f858,3f2faa18,bdf2a61f,3dcb291b,bf35f859,3f2faa19,bdf2a61e,3dcb291b,1,11452582

6856,212,103,6,-447,-16372,-118,-3985,4263,-1104,bf35f597,3f2fae0e,bdf29045,3dcb05e9,bf35f598,3f2fae0e,bdf29043,3dcb05e8,1,11461101

6857,223,120,-29,-419,-16382,-172,-3985,4263,-1104,bf35f202,3f2fb31f,bdf281bb,3dcacc17,bf35f202,3f2fb31f,bdf281b8,3dcacc15,1,11469620

6858,219,123,-66,-422,-16407,-227,-3943,4257,-1022,bf35ec1c,3f2fb9de,bdf29408,3dca92f0,bf35ec1d,3f2fb9de,bdf29406,3dca92ef,1,11478139

6859,205,124,-96,-469,-16419,-201,-3979,4203,-1020,bf35e7cf,3f2fbf0e,bdf2b344,3dca4494,bf35e7d0,3f2fbf0e,bdf2b342,3dca4493,1,11486657

6860,180,125,-113,-495,-16433,-223,-3979,4203,-1020,bf35e4f6,3f2fc2b8,bdf2da93,3dc9eda4,bf35e4f7,3f2fc2b8,bdf2da91,3dc9eda3,1,11494675

6861,178,119,-116,-518,-16452,-211,-4003,4255,-1104,bf35e4b0,3f2fc43a,bdf2f909,3dc98472,bf35e4b1,3f2fc43a,bdf2f907,3dc98471,1,11503194

6862,166,117,-101,-538,-16467,-176,-4015,4231,-1021,bf35e33e,3f2fc660,bdf31e1b,3dc93357,bf35e33f,3f2fc660,bdf31e18,3dc93356,1,11511713

6863,178,118,-75,-533,-16480,-177,-3981,4207,-1077,bf35e236,3f2fc882,bdf32e6a,3dc8e3d0,bf35e238,3f2fc883,bdf32e68,3dc8e3d0,1,11520231

6864,197,115,-55,-528,-16505,-200,-3981,4207,-1077,bf35dfa1,3f2fcc35,bdf337c5,3dc89ec6,bf35dfa2,3f2fcc36,bdf337c2,3dc89ec5,1,11528750

6865,194,105,-23,-516,-16453,-177,-3929,4219,-1001,bf35dad6,3f2fd15f,bdf344bd,3dc883ba,bf35dad6,3f2fd15f,bdf344b8,3dc883b8,1,11537269

6866,186,110,-9,-498,-16395,-179,-3961,4227,-1005,bf35d6b2,3f2fd614,bdf34489,3dc86c4f,bf35d6b2,3f2fd614,bdf34483,3dc86c4d,1,11545787

6867,190,108,-12,-489,-16404,-195,-3961,4227,-1005,bf35d231,3f2fdb1d,bdf3463c,3dc854d6,bf35d231,3f2fdb1d,bdf34636,3dc854d4,1,11554306

6868,179,112,-28,-475,-16391,-202,-3935,4221,-1089,bf35d07c,3f2fdddd,bdf33efb,3dc82654,bf35d07c,3f2fdddd,bdf33ef5,3dc82652,1,11562825

6869,182,117,-48,-461,-16390,-199,-3995,4255,-1021,bf35cd5c,3f2fe1c3,bdf345dc,3dc7f7ec,bf35cd5e,3f2fe1c5,bdf345d8,3dc7f7eb,1,11571343

6870,178,112,-84,-452,-16401,-179,-3995,4255,-1021,bf35caf0,3f2fe4d0,bdf35de8,3dc7bc1b,bf35caf1,3f2fe4d1,bdf35de2,3dc7bc18,1,11579862

6871,158,111,-122,-480,-16393,-164,-4003,4235,-1045,bf35cae1,3f2fe58e,bdf38399,3dc767b9,bf35cae1,3f2fe58f,bdf38392,3dc767b5,1,11588381

6872,173,100,-144,-537,-16416,-180,-3979,4263,-1096,bf35cb2c,3f2fe5f1,bdf3b898,3dc6ffe0,bf35cb2c,3f2fe5f1,bdf3b890,3dc6ffdb,1,11596398

6873,194,102,-148,-561,-16450,-181,-3979,4263,-1096,bf35ca52,3f2fe786,bdf3f187,3dc69218,bf35ca53,3f2fe787,bdf3f180,3dc69214,1,11604917

6874,199,113,-124,-563,-16473,-216,-3957,4325,-1095,bf35c877,3f2fea38,bdf41e28,3dc62f75,bf35c877,3f2fea38,bdf41e20,3dc62f70,1,11613436

6875,194,119,-104,-583,-16487,-170,-3981,4239,-1147,bf35c937,3f2feafb,bdf43064,3dc5c156,bf35c937,3f2feafb,bdf4305c,3dc5c151,1,11621954

6876,198,116,-72,-582,-16478,-180,-3939,4297,-1061,bf35c676,3f2fee7f,bdf44927,3dc57d0d,bf35c676,3f2fee7f,bdf4491f,3dc57d08,1,11630473

6877,207,107,-37,-593,-16479,-193,-3939,4297,-1061,bf35c2b6,3f2ff2ea,bdf45783,3dc54c42,bf35c2b5,3f2ff2e9,bdf4577a,3dc54c3c,1,11638992

6878,205,119,-22,-568,-16451,-214,-4013,4237,-1034,bf35be9b,3f2ff802,bdf45590,3dc51da6,bf35be9c,3f2ff803,bdf4558a,3dc51da2,1,11647510

6879,195,119,-12,-547,-16435,-224,-3945,4263,-1047,bf35bad7,3f2ffcab,bdf44ee1,3dc4f9d9,bf35bad8,3f2ffcab,bdf44eda,3dc4f9d4,1,11656029

6880,195,112,0,-544,-16434,-226,-3945,4263,-1047,bf35b6eb,3f300162,bdf44595,3dc4df55,bf35b6ed,3f300162,bdf4458f,3dc4df51,1,11664548

6881,197,107,5,-515,-16405,-197,-3967,4247,-1114,bf35b518,3f300474,bdf42b6c,3dc4bbbb,bf35b51a,3f300474,bdf42b66,3dc4bbb7,1,11673066

6882,208,94,-7,-587,-16480,-163,-3929,4251,-981,bf35af57,3f300a41,bdf43b72,3dc4afa9,bf35af59,3f300a41,bdf43b6c,3dc4afa5,1,11681585

6883,212,98,0,-570,-16463,-203,-3929,4251,-981,bf35a8fc,3f3010c4,bdf44598,3dc4a5f2,bf35a8fd,3f3010c3,bdf44591,3dc4a5ed,1,11689603

6884,197,101,32,-545,-16432,-187,-4001,4263,-1054,bf35a5af,3f3014eb,bdf42cf6,3dc499df,bf35a5b1,3f3014eb,bdf42cf0,3dc499da,1,11698121

6885,196,103,34,-543,-16424,-197,-3985,4227,-1026,bf35a18c,3f3019c1,bdf4172f,3dc493e6,bf35a18f,3f3019c1,bdf4172a,3dc493e1,1,11706640

6886,188,112,29,-522,-16412,-231,-3985,4227,-1026,bf359da8,3f301e80,bdf3fdb4,3dc489af,bf359dab,3f301e7f,bdf3fdae,3dc489a9,1,11715159

6887,182,117,2,-526,-16388,-184,-3985,4255,-1086,bf359c8e,3f3020d9,bdf3e39c,3dc46476,bf359c90,3f3020d7,bdf3e395,3dc4646f,1,11723677

6888,183,119,-23,-538,-16397,-192,-4035,4247,-995,bf359968,3f3024c4,bdf3e1c5,3dc44079,bf35996a,3f3024c2,bdf3e1be,3dc44072,1,11732196

6889,181,128,-37,-531,-16411,-209,-3945,4213,-957,bf35950a,3f3029a1,bdf3eb3e,3dc41f99,bf35950d,3f3029a0,bdf3eb39,3dc41f93,1,11740714

6890,173,128,-60,-540,-16440,-218,-3945,4213,-957,bf35914b,3f302dd3,bdf3ff80,3dc3f3bc,bf35914c,3f302dd0,bdf3ff7a,3dc3f3b4,1,11749233

6891,164,133,-69,-542,-16411,-203,-3987,4277,-969,bf358edb,3f3030dd,bdf411d8,3dc3be19,bf358ede,3f3030dc,bdf411d5,3dc3be14,1,11757752

6892,165,120,-75,-556,-16416,-203,-3999,4227,-998,bf358d19,3f303338,bdf42864,3dc382cd,bf358d1b,3f303336,bdf42860,3dc382c8,1,11766270

6893,170,106,-74,-567,-16442,-195,-3999,4227,-998,bf358b05,3f3035a5,bdf445eb,3dc34d81,bf358b05,3f3035a3,bdf445e6,3dc34d7b,1,11774789

6894,171,108,-77,-590,-16418,-173,-3939,4279,-971,bf358831,3f303883,bdf46d29,3dc31ec1,bf358833,3f303883,bdf46d26,3dc31ebd,1,11783307

6895,186,114,-67,-577,-16438,-196,-3985,4263,-977,bf3584a8,3f303c65,bdf48972,3dc2eda5,bf3584a8,3f303c64,bdf4896d,3dc2eda0,1,11791826

6896,197,113,-56,-586,-16463,-189,-3985,4263,-977,bf358080,3f3040ea,bdf4a214,3dc2c0ef,bf358081,3f3040ea,bdf4a210,3dc2c0eb,1,11799844

6897,204,106,-38,-590,-16456,-183,-3965,4255,-1023,bf357ce1,3f30450e,bdf4b012,3dc2973c,bf357ce1,3f30450e,bdf4b00d,3dc29737,1,11808362

6898,214,109,-21,-560,-16436,-183,-3989,4271,-959,bf357719,3f304b24,bdf4bafe,3dc281cd,bf357718,3f304b24,bdf4baf8,3dc281c9,1,11816881

6899,211,109,-14,-578,-16499,-235,-3989,4271,-959,bf357103,3f305188,bdf4c49c,3dc26e33,bf357103,3f305189,bdf4c498,3dc26e31,1,11825400

6900,184,117,-7,-581,-16444,-217,-3983,4267,-991,bf356d7a,3f3055aa,bdf4c109,3dc2561d,bf356d7a,3f3055aa,bdf4c104,3dc2561a,1,11833918

6901,180,118,1,-580,-16424,-221,-3997,4237,-1031,bf356b3b,3f3058d9,bdf4b136,3dc237a9,bf356b3a,3f3058d8,bdf4b130,3dc237a5,1,11842437

6902,164,114,-5,-576,-16417,-217,-3983,4225,-1026,bf3569c3,3f305b15,bdf4a5e6,3dc21ba6,bf3569c3,3f305b14,bdf4a5e1,3dc21ba3,1,11850956

6903,162,121,-20,-553,-16389,-193,-3983,4225,-1026,bf3568d7,3f305ce1,bdf49b51,3dc1f7a6,bf3568d8,3f305ce0,bdf49b4d,3dc1f7a4,1,11859474

6904,167,118,-42,-558,-16392,-201,-3987,4199,-1077,bf356934,3f305daf,bdf492ef,3dc1bd58,bf356934,3f305dae,bdf492eb,3dc1bd55,1,11867993

6905,169,113,-52,-569,-16396,-188,-3975,4263,-1072,bf356956,3f305e77,bdf49628,3dc1843d,bf356957,3f305e76,bdf49625,3dc1843b,1,11876512

6906,176,113,-59,-619,-16474,-172,-3975,4263,-1072,bf356962,3f305f4b,bdf4a11e,3dc142f6,bf356963,3f305f4a,bdf4a11b,3dc142f4,1,11885030

6907,198,113,-45,-638,-16472,-180,-3931,4247,-999,bf3565ba,3f306356,bdf4b68e,3dc11763,bf3565bb,3f306355,bdf4b68b,3dc11761,1,11893549

6908,205,115,-16,-621,-16515,-197,-3971,4207,-1035,bf356281,3f306769,bdf4b39f,3dc0ee57,bf356282,3f306768,bdf4b39c,3dc0ee55,1,11901567

6909,208,128,18,-631,-16483,-195,-3971,4207,-1035,bf355f0b,3f306c0a,bdf49bcc,3dc0ce47,bf355f0c,3f306c09,bdf49bc9,3dc0ce45,1,11910085

6910,196,132,34,-585,-16421,-218,-4001,4231,-1027,bf355bd5,3f307084,bdf47638,3dc0b93e,bf355bd6,3f307083,bdf47635,3dc0b93c,1,11918604

6911,202,124,34,-557,-16429,-243,-3953,4243,-1063,bf355895,3f307500,bdf44fd7,3dc0a661,bf355896,3f3074ff,bdf44fd4,3dc0a65f,1,11927122

6912,189,127,18,-543,-16383,-231,-3953,4243,-1063,bf355664,3f307872,bdf42d2b,3dc08ca3,bf355664,3f307870,bdf42d27,3dc08ca0,1,11935641

6913,176,131,-17,-545,-16375,-198,-4001,4235,-986,bf3553e3,3f307bcf,bdf4213f,3dc06d80,bf3553e3,3f307bcd,bdf4213c,3dc06d7e,1,11944160

6914,169,130,-52,-570,-16396,-216,-3981,4251,-1035,bf355316,3f307d9a,bdf421b5,3dc03424,bf355316,3f307d98,bdf421b2,3dc03422,1,11952678

6915,162,128,-76,-593,-16420,-214,-4015,4229,-976,bf355196,3f307fb2,bdf436ca,3dbff846,bf355197,3f307fb1,bdf436c8,3dbff845,1,11961197

6916,172,128,-85,-624,-16485,-213,-4015,4229,-976,bf354fa8,3f308236,bdf45307,3dbfb507,bf354fa9,3f308235,bdf45305,3dbfb506,1,11969715

6917,175,126,-65,-633,-16489,-215,-3977,4251,-1048,bf354f0d,3f3083c1,bdf45e9f,3dbf6fcc,bf354f0d,3f3083c0,bdf45e9c,3dbf6fca,1,11978234

6918,168,122,-36,-632,-16487,-228,-3969,4279,-1041,bf354e2c,3f308576,bdf4606c,3dbf3e3d,bf354e2c,3f308575,bdf46069,3dbf3e3b,1,11986753

6919,150,117,-19,-646,-16504,-183,-3969,4279,-1041,bf354eae,3f3085b1,bdf45bb4,3dbf1797,bf354eae,3f3085b0,bdf45bb1,3dbf1796,1,11994770

6920,166,110,16,-666,-16486,-178,-3955,4289,-1106,bf354fcb,3f3085aa,bdf442f6,3dbef55b,bf354fcb,3f3085a9,bdf442f3,3dbef55a,1,12003790

6921,181,110,54,-634,-16435,-193,-3979,4247,-892,bf354a22,3f308b54,bdf43526,3dbf0fa6,bf354a22,3f308b54,bdf43524,3dbf0fa6,1,12011808

6922,181,107,68,-586,-16425,-239,-3979,4247,-892,bf3543e7,3f309192,bdf41ed9,3dbf3555,bf3543e7,3f309191,bdf41ed6,3dbf3555,1,12020326

6923,182,113,64,-582,-16399,-186,-3945,4237,-950,bf353f5e,3f30967a,bdf40054,3dbf4da2,bf353f5e,3f309679,bdf40051,3dbf4da2,1,12028845

6924,183,113,51,-561,-16378,-214,-3963,4223,-997,bf353be0,3f309aa6,bdf3de8b,3dbf562a,bf353be0,3f309aa5,bdf3de88,3dbf562a,1,12037363

6925,190,116,31,-583,-16389,-174,-3963,4223,-997,bf3538a9,3f309e8c,bdf3c659,3dbf5126,bf3538aa,3f309e8c,bdf3c658,3dbf5127,1,12045882

6926,210,123,8,-566,-16389,-198,-3975,4229,-1067,bf353651,3f30a22f,bdf3a8ef,3dbf2e0d,bf353652,3f30a22f,bdf3a8ee,3dbf2e0e,1,12054400

6927,208,126,-7,-582,-16452,-215,-3929,4255,-1095,bf353494,3f30a541,bdf39180,3dbeffce,bf353494,3f30a540,bdf3917e,3dbeffce,1,12062919

6928,209,119,1,-606,-16490,-226,-3935,4209,-1067,bf3531d9,3f30a913,bdf37f68,3dbeda54,bf3531d9,3f30a912,bdf37f66,3dbeda54,1,12071437

6929,207,115,17,-619,-16488,-235,-3935,4209,-1067,bf352f03,3f30acf5,bdf36910,3dbebd46,bf352f03,3f30acf4,bdf3690e,3dbebd46,1,12079956

6930,201,115,41,-590,-16439,-219,-3981,4223,-1059,bf352c8c,3f30b092,bdf342e4,3dbead55,bf352c8d,3f30b092,bdf342e3,3dbead56,1,12088475

6931,188,110,44,-569,-16385,-222,-3979,4207,-1056,bf352aa2,3f30b38a,bdf31b58,3dbea42f,bf352aa2,3f30b38a,bdf31b56,3dbea42f,1,12096993

6932,190,118,35,-566,-16391,-196,-3979,4207,-1056,bf352915,3f30b647,bdf2f363,3dbe9314,bf352914,3f30b646,bdf2f360,3dbe9314,1,12105011

6933,205,119,19,-562,-16387,-211,-3967,4249,-1076,bf352715,3f30b985,bdf2d1d4,3dbe770b,bf352715,3f30b985,bdf2d1d2,3dbe770b,1,12113530

6934,205,117,-5,-568,-16402,-238,-4019,4241,-981,bf3522ae,3f30be95,bdf2ca7d,3dbe5fd2,bf3522ae,3f30be95,bdf2ca7b,3dbe5fd2,1,12122049

6935,207,112,-20,-573,-16448,-233,-4019,4241,-981,bf351e56,3f30c377,bdf2ccae,3dbe4352,bf351e55,3f30c377,bdf2ccab,3dbe4351,1,12130567

6936,207,112,-36,-561,-16388,-253,-3967,4227,-1007,bf351a4c,3f30c812,bdf2d413,3dbe1e10,bf351a4b,3f30c812,bdf2d410,3dbe1e0f,1,12139086

6937,202,108,-51,-586,-16423,-248,-3989,4207,-1049,bf351812,3f30cb19,bdf2dcd9,3dbde691,bf351811,3f30cb19,bdf2dcd6,3dbde690,1,12147605

6938,196,102,-56,-608,-16425,-229,-3989,4207,-1049,bf351673,3f30cd62,bdf2ebd7,3dbdae13,bf351673,3f30cd62,bdf2ebd5,3dbdae13,1,12156123

6939,192,104,-62,-629,-16439,-249,-3951,4247,-1049,bf3514a9,3f30cfb2,bdf3020e,3dbd74cd,bf3514a9,3f30cfb2,bdf3020c,3dbd74cd,1,12164642

6940,194,96,-50,-624,-16444,-245,-3997,4249,-1087,bf35140c,3f30d119,bdf30bf1,3dbd39b8,bf35140c,3f30d11a,bdf30bf0,3dbd39b8,1,12173160

6941,202,92,-28,-639,-16471,-251,-4011,4197,-1059,bf351208,3f30d3ca,bdf311f7,3dbd0c5e,bf351208,3f30d3cb,bdf311f5,3dbd0c5d,1,12181679

6942,212,67,-13,-494,-16403,-417,-4011,4197,-1059,bf350cee,3f30d934,bdf31392,3dbcff1a,bf350cee,3f30d935,bdf31390,3dbcff19,1,12190198

6943,216,-5,-4,-708,-16510,-105,-3949,4225,-1025,bf350970,3f30db4b,bdf34b2f,3dbd106c,bf350970,3f30db4c,bdf34b2d,3dbd106b,1,12198716

6944,241,42,51,-604,-16454,-244,-3955,4235,-1044,bf35035b,3f30e121,bdf349da,3dbd2973,bf35035a,3f30e121,bdf349d7,3dbd2972,1,12207235

6945,231,48,64,-575,-16398,-311,-3955,4235,-1044,bf34fd13,3f30e74a,bdf33df1,3dbd48c4,bf34fd12,3f30e74b,bdf33def,3dbd48c4,1,12215253

6946,214,34,31,-581,-16409,-299,-4065,4221,-1039,bf34f8a2,3f30eb86,bdf3408c,3dbd577c,bf34f8a2,3f30eb87,bdf3408b,3dbd577d,1,12223772

6947,211,3,9,-591,-16423,-222,-3971,4237,-1036,bf34f488,3f30ee91,bdf3620e,3dbd71ee,bf34f487,3f30ee92,bdf3620c,3dbd71ee,1,12232290

6948,200,-3,0,-630,-16446,-229,-3971,4237,-1036,bf34f11a,3f30f0c4,bdf38da9,3dbd87e5,bf34f119,3f30f0c6,bdf38da8,3dbd87e6,1,12240809

6949,190,37,12,-670,-16498,-223,-3997,4227,-1053,bf34ef6f,3f30f21d,bdf39e8f,3dbd87bb,bf34ef6e,3f30f21f,bdf39e8e,3dbd87bc,1,12249327

6950,200,41,45,-637,-16453,-230,-4041,4243,-1025,bf34ec4b,3f30f502,bdf39e69,3dbd9b00,bf34ec48,3f30f502,bdf39e66,3dbd9b00,1,12257846

6951,191,55,65,-596,-16423,-219,-4041,4243,-1025,bf34e9c2,3f30f79a,bdf38970,3dbdb5c8,bf34e9bf,3f30f79a,bdf3896e,3dbdb5c9,1,12266365

6952,196,86,67,-534,-16389,-249,-4015,4245,-951,bf34e4ab,3f30fcca,bdf36e20,3dbdd997,bf34e4aa,3f30fccc,bdf36e21,3dbdd999,1,12274883

6953,192,69,40,-540,-16375,-300,-3989,4215,-1013,bf34e0d2,3f3100b8,bdf35fd6,3dbdebef,bf34e0d1,3f3100ba,bdf35fd7,3dbdebf1,1,12283402

6954,172,56,1,-556,-16389,-321,-4017,4251,-1008,bf34de29,3f31031c,bdf36aa1,3dbdf18e,bf34de28,3f31031d,bdf36aa1,3dbdf18f,1,12291921

6955,160,38,-25,-636,-16488,-158,-4017,4251,-1008,bf34de48,3f310254,bdf38ced,3dbded20,bf34de46,3f310254,bdf38cec,3dbded20,1,12300439

6956,170,48,-7,-642,-16478,-207,-3989,4193,-1000,bf34dcd3,3f310344,bdf3a60f,3dbded7e,bf34dcd1,3f310344,bdf3a60e,3dbded7e,1,12308958

6957,189,68,32,-653,-16464,-262,-3989,4223,-1051,bf34db00,3f31055a,bdf39ec0,3dbde9f8,bf34dafe,3f31055a,bdf39ebf,3dbde9f8,1,12316976

6958,202,59,60,-590,-16445,-258,-3989,4223,-1051,bf34d813,3f31087c,bdf3891f,3dbdfd00,bf34d811,3f31087c,bdf3891e,3dbdfd00,1,12325494

6959,191,57,56,-625,-16437,-200,-3983,4265,-1036,bf34d60f,3f310a7b,bdf37c16,3dbe116a,bf34d60d,3f310a7b,bdf37c15,3dbe116a,1,12334013

6960,179,89,60,-601,-16423,-226,-4021,4297,-1089,bf34d685,3f310aff,bdf35043,3dbe0e6b,bf34d684,3f310aff,bdf35043,3dbe0e6c,1,12342532

6961,176,110,67,-573,-16393,-216,-4021,4297,-1089,bf34d762,3f310b83,bdf31426,3dbe07d7,bf34d762,3f310b83,bdf31427,3dbe07d9,1,12351050

6962,185,109,60,-603,-16434,-239,-4039,4269,-1016,bf34d580,3f310e4e,bdf2eb9a,3dbe0821,bf34d580,3f310e4e,bdf2eb9a,3dbe0822,1,12359569

6963,199,118,64,-566,-16416,-263,-3945,4231,-1086,bf34d405,3f31112d,bdf2b343,3dbdff41,bf34d405,3f31112d,bdf2b343,3dbdff42,1,12368088

6964,205,104,72,-522,-16383,-402,-3945,4231,-1086,bf34d045,3f311610,bdf27def,3dbe041e,bf34d046,3f311610,bdf27df0,3dbe041f,1,12376606

6965,190,34,25,-595,-16583,-193,-3995,4285,-1026,bf34ce3a,3f311791,bdf2890b,3dbe189f,bf34ce3a,3f311791,bdf2890b,3dbe18a0,1,12385125

6966,149,-16,24,-577,-16470,-375,-3961,4299,-1009,bf34cb61,3f3118b8,bdf2b163,3dbe4dfb,bf34cb61,3f3118b8,bdf2b163,3dbe4dfc,1,12393644

6967,131,-23,57,-583,-16437,-277,-3961,4299,-1009,bf34ca50,3f311806,bdf2cb36,3dbe973b,bf34ca4f,3f311805,bdf2cb35,3dbe973b,1,12402162

6968,124,-62,64,-573,-16409,-294,-3975,4243,-1046,bf34ca2a,3f31160d,bdf2eb40,3dbeecc3,bf34ca29,3f31160d,bdf2eb40,3dbeecc4,1,12410681

6969,143,-98,67,-573,-16388,-215,-3977,4281,-1063,bf34c9f5,3f31139e,bdf3184e,3dbf5016,bf34c9f3,3f31139d,bdf3184d,3dbf5016,1,12418699

6970,164,-110,66,-548,-16431,-138,-3937,4291,-1034,bf34c828,3f31124f,bdf35060,3dbfc2c7,bf34c827,3f31124f,bdf35060,3dbfc2c8,1,12427217

6971,180,-78,56,-513,-16388,-205,-3937,4291,-1034,bf34c4ff,3f3112f1,bdf37d61,3dc0230d,bf34c4fe,3f3112f1,bdf37d61,3dc0230e,1,12435736

6972,193,-56,40,-510,-16369,-214,-3985,4275,-983,bf34c046,3f311550,bdf3ad66,3dc076b5,bf34c045,3f311550,bdf3ad67,3dc076b7,1,12444255

6973,209,-60,9,-560,-16436,-207,-3983,4259,-1037,bf34bc96,3f3116e1,bdf3e9bd,3dc0abad,bf34bc96,3f3116e1,bdf3e9be,3dc0abb0,1,12452773

6974,213,-32,7,-573,-16487,-189,-3983,4259,-1037,bf34b943,3f311897,bdf41a70,3dc0d119,bf34b941,3f311896,bdf41a6f,3dc0d11a,1,12461292

6975,203,-13,23,-601,-16501,-175,-3955,4267,-1117,bf34b938,3f3117db,bdf42f2f,3dc0e3de,bf34b937,3f3117dc,bdf42f2f,3dc0e3e1,1,12469810

6976,205,24,48,-571,-16482,-223,-3995,4287,-1042,bf34b66a,3f311a2a,bdf4314b,3dc1023c,bf34b668,3f311a2a,bdf4314a,3dc1023e,1,12478329

6977,203,62,49,-572,-16499,-264,-3995,4287,-1042,bf34b3a4,3f311d1b,bdf421dc,3dc10f38,bf34b3a2,3f311d1b,bdf421db,3dc10f3a,1,12486848

6978,176,95,52,-569,-16460,-287,-3989,4265,-978,bf34b0ba,3f312057,bdf40a81,3dc11d6d,bf34b0b9,3f312058,bdf40a81,3dc11d70,1,12495366

6979,151,105,47,-539,-16423,-248,-3977,4253,-1006,bf34b07f,3f312135,bdf3e790,3dc12416,bf34b07e,3f312136,bdf3e790,3dc12419,1,12503885

6980,144,110,47,-536,-16423,-276,-3977,4253,-1006,bf34b068,3f312205,bdf3c25a,3dc128fb,bf34b067,3f312206,bdf3c25a,3dc128fe,1,12511903

6981,140,111,35,-518,-16396,-263,-3961,4229,-1053,bf34b20a,3f312169,bdf39843,3dc1201a,bf34b208,3f312169,bdf39842,3dc1201c,1,12520422

6982,131,98,24,-517,-16412,-276,-3987,4229,-1056,bf34b43e,3f31200d,bdf376e2,3dc11616,bf34b43c,3f31200d,bdf376e1,3dc11618,1,12528940

6983,126,96,13,-536,-16384,-240,-4009,4211,-984,bf34b550,3f311f53,bdf367b3,3dc113c7,bf34b54e,3f311f53,bdf367b2,3dc113c9,1,12537459

6984,128,79,-7,-511,-16392,-387,-4009,4211,-984,bf34b496,3f312008,bdf36b01,3dc1116e,bf34b495,3f312009,bdf36b02,3dc11171,1,12545977

6985,122,38,-27,-550,-16483,-285,-3977,4241,-987,bf34b506,3f311eb9,bdf38dc5,3dc118a5,bf34b503,3f311eb9,bdf38dc4,3dc118a7,1,12554496

6986,124,-6,-33,-534,-16411,-295,-3965,4289,-1047,bf34b654,3f311c0e,bdf3bf04,3dc12887,bf34b652,3f311c0f,bdf3bf04,3dc12889,1,12563015

6987,118,-55,-38,-519,-16481,-270,-3965,4289,-1047,bf34b7cc,3f31185a,bdf406fe,3dc14f30,bf34b7ca,3f31185a,bdf406fd,3dc14f30,1,12571533

6988,98,-111,-50,-524,-16414,-339,-3961,4223,-1016,bf34b855,3f31145b,bdf473f8,3dc18fbe,bf34b854,3f31145c,bdf473f8,3dc18fbf,1,12580052

6989,79,-138,-62,-598,-16463,-32,-4003,4257,-941,bf34bba1,3f310ca6,bdf4fcad,3dc1e0fc,bf34bb9f,3f310ca6,bdf4fcac,3dc1e0fc,1,12588570

6990,94,-126,-57,-635,-16502,-150,-4003,4257,-941,bf34bcc9,3f31074b,bdf583cb,3dc229c9,bf34bcc8,3f31074c,bdf583cb,3dc229c9,1,12597089

6991,109,-50,-21,-624,-16454,-105,-3995,4239,-1027,bf34c08c,3f310165,bdf5c68c,3dc24d71,bf34c08a,3f310166,bdf5c68b,3dc24d70,1,12605608

6992,116,22,23,-543,-16397,-221,-3997,4299,-968,bf34c0f5,3f30ffd3,bdf5d90a,3dc2799a,bf34c0f2,3f30ffd4,bdf5d908,3dc27999,1,12614126

6993,126,38,18,-628,-16509,-210,-3997,4299,-968,bf34c13e,3f30fe9f,bdf5ee63,3dc29373,bf34c13c,3f30fea0,bdf5ee62,3dc29372,1,12622144

6994,143,63,55,-674,-16520,-140,-3987,4245,-999,bf34c23a,3f30fd7d,bdf5e584,3dc2a654,bf34c238,3f30fd7d,bdf5e582,3dc2a652,1,12630663

6995,140,115,125,-637,-16549,-196,-4043,4283,-967,bf34c212,3f30fe79,bdf5a379,3dc2c9a5,bf34c210,3f30fe79,bdf5a377,3dc2c9a3,1,12639182

6996,98,160,147,-559,-16526,-217,-3941,4259,-1049,bf34c5eb,3f30fc9b,bdf5306e,3dc2e28c,bf34c5ea,3f30fc9c,bdf5306d,3dc2e28a,1,12647700

6997,65,184,131,-582,-16445,-203,-3941,4259,-1049,bf34cc33,3f30f8a3,bdf4ba47,3dc2e85d,bf34cc33,3f30f8a5,bdf4ba47,3dc2e85c,1,12656219

6998,73,192,161,-517,-16414,-156,-3981,4277,-934,bf34cf4a,3f30f774,bdf43ce7,3dc3134c,bf34cf49,3f30f775,bdf43ce6,3dc3134a,1,12664737

6999,111,194,153,-555,-16438,-173,-3943,4289,-1013,bf34d1f3,3f30f71f,bdf3bf8f,3dc3253c,bf34d1f3,3f30f721,bdf3bf8e,3dc3253b,1,12673256

7000,135,197,163,-475,-16351,-165,-3943,4289,-1013,bf34d318,3f30f871,bdf336b7,3dc33f90,bf34d318,3f30f873,bdf336b6,3dc33f8e,1,12681775

7001,168,194,147,-438,-16352,-129,-3931,4299,-1088,bf34d4f5,3f30f979,bdf2a889,3dc3461b,bf34d4f5,3f30f97b,bdf2a887,3dc34619,1,12690293

7002,205,193,93,-422,-16387,-115,-3985,4263,-1023,bf34d3a8,3f30fd55,bdf23c24,3dc33a30,bf34d3a7,3f30fd55,bdf23c20,3dc33a2c,1,12698812

7003,233,224,42,-377,-16318,-237,-3985,4263,-1023,bf34cfe5,3f31041f,bdf1da1e,3dc30881,bf34cfe5,3f310420,bdf1da1b,3dc3087e,1,12707331

7004,225,234,-21,-504,-16467,-242,-3953,4239,-1017,bf34cd0d,3f3109e4,bdf19eea,3dc2abac,bf34cd0b,3f3109e3,bdf19ee5,3dc2aba7,1,12715849

7005,212,235,-46,-586,-16506,-266,-3943,4251,-998,bf34ca79,3f310f23,bdf179ef,3dc24114,bf34ca78,3f310f24,bdf179ec,3dc24110,1,12723867

7006,184,236,-21,-557,-16395,-241,-3943,4251,-998,bf34c991,3f3112c2,bdf14402,3dc1e6e3,bf34c98f,3f3112c3,bdf143fe,3dc1e6de,1,12732386

7007,150,224,-1,-580,-16517,-280,-3917,4285,-1030,bf34caa9,3f311440,bdf107d6,3dc19916,bf34caa8,3f311442,bdf107d3,3dc19912,1,12740904

7008,143,219,38,-555,-16486,-273,-3965,4275,-997,bf34cb3c,3f311629,bdf0bb66,3dc16616,bf34cb3b,3f31162b,bdf0bb63,3dc16611,1,12749423

7009,122,203,53,-547,-16418,-147,-3967,4299,-1088,bf34d0e4,3f31134e,bdf05bce,3dc13158,bf34d0e3,3f311350,bdf05bcb,3dc13153,1,12757941

7010,132,214,60,-512,-16487,-187,-3967,4299,-1088,bf34d55e,3f3111dc,bdeff209,3dc0fded,bf34d55d,3f3111de,bdeff206,3dc0fde8,1,12766460

7011,143,228,78,-517,-16424,-198,-3943,4247,-1022,bf34d6e9,3f31132a,bdef8754,3dc0d937,bf34d6e7,3f31132b,bdef874f,3dc0d931,1,12774979

7012,138,239,78,-471,-16388,-190,-3953,4325,-1047,bf34d98d,3f3113b0,bdef0ff0,3dc0b04b,bf34d98b,3f3113b1,bdef0feb,3dc0b045,1,12783497

7013,151,232,61,-461,-16399,-275,-3953,4325,-1047,bf34da77,3f3115c6,bdeea624,3dc081ff,bf34da75,3f3115c8,bdeea620,3dc081fa,1,12792016

7014,145,207,39,-542,-16531,-162,-3957,4251,-984,bf34db66,3f3116fe,bdee5fa5,3dc05912,bf34db64,3f311700,bdee5fa1,3dc0590d,1,12800535

7015,134,195,52,-515,-16432,-209,-4019,4257,-994,bf34dcd4,3f3117ba,bdee11ff,3dc03857,bf34dcd2,3f3117bc,bdee11fb,3dc03852,1,12809054

7016,142,182,65,-547,-16503,-197,-4019,4257,-994,bf34ddbd,3f3118c2,bdedc7ea,3dc02045,bf34ddbb,3f3118c4,bdedc7e6,3dc02040,1,12817072

7017,142,188,82,-491,-16421,-224,-3905,4317,-1008,bf34ddca,3f311a98,bded73f4,3dc018cd,bf34ddc8,3f311a9a,bded73f0,3dc018c8,1,12825590

7018,149,177,86,-445,-16381,-198,-3967,4245,-1042,bf34dee9,3f311b9e,bded1468,3dc00eff,bf34dee6,3f311b9f,bded1463,3dc00ef9,1,12834109

7019,154,174,68,-444,-16353,-183,-3967,4245,-1042,bf34e003,3f311c92,bdecbf02,3dbffd6f,bf34e000,3f311c93,bdecbefd,3dbffd69,1,12842627

7020,158,166,37,-480,-16444,-136,-3961,4253,-1014,bf34e0ca,3f311d6f,bdec8437,3dbfe3e7,bf34e0c7,3f311d70,bdec8432,3dbfe3e1,1,12851146

7021,170,183,25,-503,-16440,-116,-3969,4257,-1046,bf34e26c,3f311df5,bdec43a4,3dbfb211,bf34e26a,3f311df6,bdec439f,3dbfb20b,1,12859665

7022,187,238,25,-507,-16450,-124,-3991,4245,-1031,bf34e332,3f312048,bdebebbd,3dbf6639,bf34e331,3f31204a,bdebebb9,3dbf6633,1,12868183

7023,200,278,42,-506,-16499,-183,-3991,4245,-1031,bf34e2b7,3f312496,bdeb7b15,3dbf0f11,bf34e2b4,3f312497,bdeb7b0f,3dbf0f0a,1,12876702

7024,188,302,55,-515,-16477,-233,-3959,4255,-1016,bf34e1d7,3f312980,bdeaff3a,3dbeb8b9,bf34e1d4,3f312981,bdeaff34,3dbeb8b2,1,12885221

7025,159,293,65,-484,-16462,-264,-3965,4251,-995,bf34e193,3f312d85,bdea821c,3dbe7416,bf34e190,3f312d86,bdea8216,3dbe740f,1,12893739

7026,154,274,65,-449,-16407,-256,-3965,4251,-995,bf34e16d,3f313113,bdea0ab8,3dbe3bbc,bf34e16b,3f313115,bdea0ab3,3dbe3bb6,1,12902258

7027,150,229,61,-476,-16387,-174,-3965,4255,-1039,bf34e34f,3f313216,bde9a430,3dbe0b38,bf34e34c,3f313217,bde9a42a,3dbe0b31,1,12910776

7028,161,215,52,-412,-16379,-200,-3961,4253,-1069,bf34e4e8,3f313357,bde93e6a,3dbddc1c,bf34e4e5,3f313358,bde93e64,3dbddc15,1,12919295

7029,168,215,18,-411,-16381,-187,-3961,4253,-1069,bf34e67f,3f31348b,bde8e8cb,3dbd9c5e,bf34e67c,3f31348d,bde8e8c6,3dbd9c57,1,12927313

7030,172,206,-19,-441,-16391,-218,-3987,4237,-1021,bf34e679,3f3136de,bde8b3a0,3dbd53cf,bf34e676,3f3136e0,bde8b39b,3dbd53c8,1,12935831

7031,161,184,-56,-433,-16413,-231,-3969,4263,-1008,bf34e685,3f313884,bde89cc7,3dbd0a4f,bf34e682,3f313886,bde89cc2,3dbd0a48,1,12944350

7032,168,177,-76,-467,-16428,-203,-3969,4263,-1008,bf34e69c,3f3139f6,bde8957b,3dbcb74a,bf34e699,3f3139f7,bde89576,3dbcb743,1,12952869

7033,156,168,-79,-499,-16484,-232,-3999,4285,-1041,bf34e823,3f313a06,bde88f9c,3dbc5cd6,bf34e821,3f313a08,bde88f99,3dbc5cd1,1,12961387

7034,145,156,-72,-525,-16501,-215,-3965,4257,-1082,bf34eb64,3f31385c,bde88767,3dbc02e9,bf34eb62,3f31385e,bde88764,3dbc02e4,1,12969906

7035,138,151,-58,-494,-16435,-198,-3965,4239,-1003,bf34ecb6,3f313813,bde88497,3dbbc687,bf34ecb4,3f313815,bde88494,3dbbc682,1,12978424

7036,121,153,-48,-491,-16415,-177,-3965,4239,-1003,bf34ef2b,3f3136ac,bde87a48,3dbb8ff4,bf34ef29,3f3136ae,bde87a44,3dbb8fee,1,12986943

7037,129,155,-54,-494,-16423,-164,-4011,4311,-1028,bf34f24d,3f3134d6,bde86cd5,3dbb4e61,bf34f24b,3f3134d7,bde86cd0,3dbb4e5a,1,12995462

7038,143,147,-50,-523,-16450,-166,-3925,4263,-1053,bf34f4b3,3f31339b,bde864b0,3dbb0ea4,bf34f4b1,3f31339c,bde864ab,3dbb0e9d,1,13003980

7039,145,148,-42,-502,-16444,-199,-3925,4263,-1053,bf34f679,3f313309,bde85707,3dbad467,bf34f677,3f31330a,bde85702,3dbad460,1,13012499

7040,143,141,-38,-490,-16410,-196,-3991,4237,-1095,bf34fa05,3f31310e,bde83c5b,3dba91a7,bf34fa04,3f31310f,bde83c57,3dba91a1,1,13021017

7041,140,127,-37,-491,-16430,-215,-3979,4289,-1097,bf34fd34,3f312f1b,bde82a8a,3dba5911,bf34fd33,3f312f1b,bde82a85,3dba590a,1,13029536

7042,136,124,-38,-504,-16428,-169,-3979,4289,-1097,bf35012a,3f312c50,bde81a6f,3dba20b6,bf35012a,3f312c51,bde81a6b,3dba20b0,1,13037554

7043,136,130,-36,-527,-16417,-123,-3983,4225,-1021,bf350382,3f312acd,bde813d2,3db9f301,bf350382,3f312ace,bde813ce,3db9f2fb,1,13046073

7044,147,132,-29,-493,-16388,-123,-4001,4231,-977,bf3503f3,3f312b03,bde80cea,3db9d2df,bf3503f4,3f312b04,bde80ce6,3db9d2d9,1,13054591

7045,174,133,-22,-533,-16463,-210,-4001,4231,-977,bf3501df,3f312dcc,bde80946,3db9af8a,bf3501de,3f312dcb,bde8093f,3db9af82,1,13063110

7046,181,114,-14,-527,-16465,-179,-3989,4283,-985,bf34ff9c,3f313072,bde80a33,3db9995f,bf34ff9d,3f313073,bde80a2e,3db99958,1,13071628

7047,179,103,3,-562,-16483,-207,-3939,4253,-1083,bf34ff79,3f313154,bde7fe09,3db97b51,bf34ff79,3f313154,bde7fe02,3db97b48,1,13080147

7048,177,83,28,-532,-16464,-205,-3963,4265,-1029,bf34fd9d,3f313359,bde7f4cd,3db97fbe,bf34fd9c,3f313359,bde7f4c6,3db97fb5,1,13088666

7049,180,72,42,-484,-16435,-207,-3963,4265,-1029,bf34fb48,3f3135b2,bde7e5f0,3db99421,bf34fb47,3f3135b1,bde7e5e9,3db99418,1,13097184

7050,161,68,27,-459,-16390,-183,-3959,4231,-1049,bf34fafa,3f313610,bde7d7d8,3db9a211,bf34fafa,3f313610,bde7d7d2,3db9a209,1,13105703

7051,146,73,-1,-448,-16370,-224,-4001,4279,-1061,bf34fbdf,3f313562,bde7cffe,3db99e17,bf34fbdf,3f313561,bde7cff7,3db99e0e,1,13114222

7052,137,63,-49,-449,-16358,-157,-4001,4279,-1061,bf34fe61,3f3132d2,bde7e10a,3db988bb,bf34fe61,3f3132d1,bde7e103,3db988b2,1,13122740

7053,140,56,-87,-456,-16385,-187,-3987,4293,-1105,bf3501c8,3f312f6a,bde80190,3db95bf3,bf3501c8,3f312f69,bde8018a,3db95beb,1,13131259

7054,138,42,-113,-521,-16419,-152,-3983,4319,-1020,bf350344,3f312d04,bde84a5c,3db93691,bf350344,3f312d04,bde84a57,3db9368a,1,13139277

7055,143,40,-124,-525,-16427,-134,-3983,4319,-1020,bf3504b8,3f312a99,bde89911,3db90cbf,bf3504b8,3f312a99,bde8990c,3db90cb8,1,13147796

7056,148,34,-118,-555,-16430,-128,-3983,4285,-974,bf3504a4,3f31295d,bde8f112,3db8ee92,bf3504a4,3f31295d,bde8f10d,3db8ee8b,1,13156314

7057,167,37,-100,-546,-16485,-204,-3945,4317,-1063,bf3504aa,3f312891,bde934f5,3db8c891,bf3504a9,3f312890,bde934ef,3db8c889,1,13164833

7058,167,29,-78,-584,-16489,-125,-3945,4317,-1063,bf350572,3f3126ea,bde973ef,3db8adaf,bf350571,3f3126e9,bde973e9,3db8ada7,1,13173351

7059,161,44,-57,-616,-16502,-154,-3979,4231,-1027,bf350583,3f31262b,bde9a73c,3db8962c,bf350582,3f31262a,bde9a736,3db89624,1,13181870

7060,161,60,-24,-598,-16470,-126,-3951,4207,-955,bf35039a,3f312743,bde9cdaf,3db89a17,bf35039a,3f312742,bde9cdaa,3db89a10,1,13190388

7061,172,70,5,-555,-16425,-148,-3961,4271,-1031,bf3502c2,3f3127ff,bde9d332,3db89ada,bf3502c2,3f3127fe,bde9d32d,3db89ad3,1,13198907

7062,180,74,27,-540,-16446,-194,-3961,4271,-1031,bf3500c6,3f312a00,bde9cc7c,3db8a4f1,bf3500c7,3f3129ff,bde9cc78,3db8a4eb,1,13207426

7063,173,71,39,-559,-16486,-151,-3981,4271,-1021,bf34ff7b,3f312b42,bde9c284,3db8b5a9,bf34ff7b,3f312b40,bde9c27f,3db8b5a3,1,13215944

7064,165,84,42,-534,-16440,-156,-3979,4265,-988,bf34fdbe,3f312cfa,bde9b3c5,3db8cb52,bf34fdbf,3f312cfa,bde9b3c2,3db8cb4e,1,13224463

7065,161,100,47,-505,-16409,-177,-3979,4265,-988,bf34fc19,3f312ee7,bde998b3,3db8de8b,bf34fc19,3f312ee7,bde998af,3db8de86,1,13232481

7066,152,95,27,-542,-16422,-180,-3957,4291,-1010,bf34fb91,3f312fa2,bde98aa8,3db8e514,bf34fb90,3f312fa1,bde98aa3,3db8e50e,1,13240999

7067,130,88,12,-546,-16414,-155,-3961,4319,-973,bf34fbaf,3f312f4f,bde98b53,3db8f0a0,bf34fbae,3f312f4e,bde98b4e,3db8f09a,1,13249518

7068,130,96,15,-557,-16423,-148,-3961,4319,-973,bf34fbf2,3f312efb,bde987b5,3db8f8e1,bf34fbf3,3f312efb,bde987b2,3db8f8dc,1,13258036

7069,145,99,29,-547,-16441,-159,-3957,4233,-1009,bf34fc19,3f312f1f,bde975a9,3db8fd6d,bf34fc19,3f312f1e,bde975a4,3db8fd66,1,13266555

7070,155,84,38,-577,-16447,-155,-4011,4257,-941,bf34fa10,3f3130e5,bde97246,3db91486,bf34fa10,3f3130e4,bde97241,3db9147f,1,13275073

7071,159,87,48,-534,-16393,-133,-4011,4257,-941,bf34f7f0,3f3132d9,bde964c8,3db9328d,bf34f7f1,3f3132d9,bde964c4,3db93286,1,13283592

7072,175,86,47,-510,-16396,-146,-3985,4253,-1007,bf34f657,3f3134a6,bde94dfa,3db9454d,bf34f657,3f3134a5,bde94df5,3db94546,1,13292111

7073,184,97,29,-498,-16366,-122,-3979,4245,-1019,bf34f50f,3f31365f,bde9376f,3db9485d,bf34f50f,3f31365f,bde9376b,3db94857,1,13300629

7074,190,107,3,-501,-16388,-164,-3951,4287,-920,bf34f07f,3f313ad8,bde93b03,3db94f71,bf34f07e,3f313ad7,bde93afe,3db94f6a,1,13309148

7075,206,107,-7,-512,-16423,-197,-3951,4287,-920,bf34ead0,3f31406d,bde94591,3db94f30,bf34ead0,3f31406e,bde9458e,3db94f2a,1,13317667

7076,197,95,-17,-524,-16433,-193,-3973,4213,-1033,bf34e8d4,3f3142d7,bde9472b,3db935c3,bf34e8d2,3f3142d6,bde94726,3db935bb,1,13326185

7077,186,86,-19,-513,-16446,-132,-3951,4235,-976,bf34e659,3f314526,bde95616,3db9302e,bf34e658,3f314527,bde95613,3db93027,1,13334704

7078,174,83,-32,-538,-16420,-206,-3951,4235,-976,bf34e3e5,3f314756,bde96f86,3db923c8,bf34e3e3,3f314756,bde96f82,3db923c0,1,13342721

7079,162,79,-41,-549,-16440,-146,-3975,4277,-1027,bf34e46f,3f3146c3,bde98515,3db909ee,bf34e46e,3f3146c4,bde98512,3db909e7,1,13351240

7080,152,85,-43,-568,-16459,-192,-3973,4275,-978,bf34e3c1,3f31472e,bde9a291,3db8f5a3,bf34e3c0,3f31472f,bde9a28e,3db8f59c,1,13359759

7081,159,102,-37,-549,-16436,-183,-3973,4275,-978,bf34e2dc,3f314822,bde9b37e,3db8ddb7,bf34e2da,3f314823,bde9b37b,3db8ddb0,1,13368277

7082,154,105,-39,-531,-16377,-141,-3947,4239,-1018,bf34e3b7,3f31479b,bde9bb5f,3db8be85,bf34e3b5,3f31479c,bde9bb5d,3db8be7f,1,13376796

7083,161,102,-64,-522,-16388,-138,-3949,4247,-971,bf34e307,3f31483d,bde9d74c,3db89f3f,bf34e305,3f31483e,bde9d74a,3db89f39,1,13385314

7084,169,99,-84,-539,-16414,-149,-3949,4247,-971,bf34e1e9,3f314937,bde9fff3,3db875e4,bf34e1e7,3f314938,bde9fff1,3db875de,1,13393833

7085,171,102,-92,-573,-16428,-154,-3983,4277,-1019,bf34e24e,3f31490b,bdea2504,3db83894,bf34e24c,3f31490c,bdea2502,3db8388e,1,13402352

7086,186,95,-90,-572,-16454,-132,-4001,4287,-968,bf34e0af,3f314a83,bdea53c0,3db808bb,bf34e0ad,3f314a84,bdea53be,3db808b5,1,13410870

7087,191,97,-79,-591,-16482,-154,-4001,4287,-968,bf34de81,3f314c97,bdea7e73,3db7db53,bf34de80,3f314c98,bdea7e72,3db7db4e,1,13419389

7088,183,105,-64,-602,-16501,-182,-4005,4285,-1012,bf34ddb3,3f314db8,bdea97d4,3db7a7ad,bf34ddb2,3f314db9,bdea97d3,3db7a7a8,1,13427908

7089,174,100,-27,-617,-16486,-158,-3989,4257,-972,bf34dc35,3f314f42,bdeaa94c,3db79084,bf34dc34,3f314f43,bdeaa94b,3db7907f,1,13436426

7090,172,95,5,-607,-16477,-167,-3975,4299,-1022,bf34dbb4,3f315008,bdeaa6b0,3db7838b,bf34dbb4,3f315009,bdeaa6b0,3db78387,1,13444444

7091,177,96,33,-582,-16422,-131,-3975,4299,-1022,bf34db1b,3f315101,bdea93c9,3db78573,bf34db1a,3f315101,bdea93c8,3db7856f,1,13452963

7092,187,94,33,-573,-16425,-143,-3995,4287,-1015,bf34d9b2,3f3152c6,bdea81a3,3db78803,bf34d9b1,3f3152c6,bdea81a2,3db787ff,1,13461481

7093,201,85,37,-551,-16422,-179,-4031,4255,-978,bf34d621,3f315673,bdea74f2,3db79601,bf34d620,3f315673,bdea74f1,3db795fd,1,13470000

7094,191,76,34,-568,-16426,-163,-4031,4255,-978,bf34d355,3f31592d,bdea6eb0,3db7a5be,bf34d355,3f31592d,bdea6eb0,3db7a5bb,1,13478519

7095,174,81,25,-558,-16396,-185,-4015,4259,-1011,bf34d237,3f315a71,bdea6439,3db7aaf1,bf34d237,3f315a70,bdea6438,3db7aaee,1,13487037

7096,170,84,17,-531,-16405,-142,-3953,4251,-987,bf34d0d3,3f315bc3,bdea5fa5,3db7b741,bf34d0d3,3f315bc2,bdea5fa4,3db7b73e,1,13495556

7097,159,92,-2,-550,-16404,-126,-3953,4251,-987,bf34d084,3f315c11,bdea6102,3db7b5d0,bf34d085,3f315c11,bdea6102,3db7b5ce,1,13504075

7098,161,118,-13,-555,-16439,-153,-4015,4227,-981,bf34d062,3f315cbc,bdea594e,3db79ed8,bf34d062,3f315cbb,bdea594d,3db79ed5,1,13512593

7099,153,129,-17,-554,-16394,-153,-4015,4225,-1000,bf34d164,3f315c8e,bdea4a68,3db77d4b,bf34d165,3f315c8e,bdea4a68,3db77d48,1,13521112

7100,163,125,-32,-561,-16423,-128,-4015,4225,-1000,bf34d233,3f315c7d,bdea44ff,3db75561,bf34d234,3f315c7d,bdea44ff,3db7555e,1,13529631

7101,179,133,-43,-547,-16404,-165,-4003,4229,-1000,bf34d1a9,3f315dde,bdea4217,3db725aa,bf34d1aa,3f315dde,bdea4217,3db725a7,1,13538149

7102,176,137,-53,-576,-16430,-145,-3977,4251,-982,bf34d101,3f315f37,bdea48de,3db6f34d,bf34d102,3f315f37,bdea48de,3db6f34a,1,13546167

7103,173,138,-55,-582,-16418,-166,-3997,4275,-1053,bf34d27e,3f315ee4,bdea43ed,3db6af36,bf34d27e,3f315ee3,bdea43ec,3db6af32,1,13554686

7104,190,127,-42,-572,-16422,-161,-3997,4275,-1053,bf34d2d0,3f315f9a,bdea3dd1,3db67693,bf34d2d0,3f315f99,bdea3dd0,3db6768f,1,13563205

7105,189,127,-29,-617,-16490,-153,-3991,4243,-1001,bf34d1b3,3f31616d,bdea3e55,3db64b2d,bf34d1b3,3f31616c,bdea3e54,3db64b29,1,13571723

7106,183,117,6,-611,-16479,-149,-4009,4269,-1052,bf34d242,3f3161d4,bdea2894,3db62a5e,bf34d242,3f3161d3,bdea2893,3db62a5a,1,13580242

7107,181,117,25,-577,-16454,-124,-4009,4269,-1052,bf34d30d,3f31620f,bdea05c2,3db6164f,bf34d30e,3f31620f,bdea05c2,3db6164c,1,13588761

7108,186,109,34,-570,-16423,-156,-3959,4215,-1026,bf34d1e2,3f3163e5,bde9e9ca,3db6125b,bf34d1e2,3f3163e4,bde9e9c9,3db61258,1,13597279

7109,176,108,27,-557,-16416,-127,-4003,4231,-977,bf34d08a,3f3165a1,bde9d55e,3db61582,bf34d08a,3f3165a0,bde9d55d,3db6157f,1,13605798

7110,178,117,23,-559,-16401,-136,-4003,4231,-977,bf34cf1b,3f31679a,bde9bf30,3db611fa,bf34cf1c,3f31679a,bde9bf30,3db611f8,1,13614317

7111,183,124,9,-566,-16389,-135,-4001,4245,-965,bf34cd3e,3f316a04,bde9af9b,3db60645,bf34cd3f,3f316a04,bde9af9b,3db60643,1,13622835

7112,196,124,2,-570,-16434,-161,-4001,4241,-1041,bf34cc99,3f316bb2,bde9978b,3db5e537,bf34cc9a,3f316bb1,bde9978a,3db5e534,1,13631354

7113,195,126,6,-597,-16460,-168,-4001,4241,-1041,bf34cbf7,3f316d64,bde97f76,3db5c29a,bf34cbf8,3f316d63,bde97f75,3db5c297,1,13639372

7114,189,126,11,-592,-16463,-179,-4011,4221,-953,bf34c911,3f3170d1,bde97284,3db5b573,bf34c912,3f3170cf,bde97283,3db5b56f,1,13647891

7115,171,126,20,-589,-16450,-177,-3993,4255,-968,bf34c77b,3f3172fa,bde95efe,3db5acce,bf34c77c,3f3172f8,bde95efd,3db5acca,1,13656409

7116,154,116,26,-567,-16415,-173,-4001,4249,-1013,bf34c815,3f317315,bde9424f,3db5a4bc,bf34c816,3f317313,bde9424e,3db5a4b8,1,13664928

7117,163,111,13,-567,-16384,-129,-4001,4249,-1013,bf34c8be,3f317308,bde92dcf,3db59827,bf34c8bf,3f317306,bde92dcf,3db59824,1,13673446

7118,182,112,0,-559,-16374,-119,-3967,4281,-1000,bf34c7d9,3f31745c,bde923f3,3db58a36,bf34c7db,3f31745b,bde923f4,3db58a33,1,13681965

7119,195,110,-21,-561,-16407,-134,-3967,4267,-1059,bf34c7f8,3f317503,bde91b5c,3db5652a,bf34c7f9,3f317502,bde91b5d,3db56527,1,13690493

7120,227,101,-26,-583,-16430,-151,-3967,4267,-1059,bf34c5fc,3f31779e,bde91dce,3db53d77,bf34c5fd,3f31779d,bde91dcf,3db53d74,1,13699011

7121,245,108,-26,-607,-16484,-193,-4015,4229,-963,bf34c022,3f317dba,bde92dd3,3db51f59,bf34c023,3f317db8,bde92dd3,3db51f55,1,13707530

7122,236,117,-11,-594,-16472,-201,-3971,4209,-989,bf34bb2c,3f318337,bde92e79,3db50330,bf34bb2e,3f318336,bde92e7a,3db5032d,1,13716049

7123,218,114,-7,-600,-16438,-185,-3971,4209,-989,bf34b772,3f318768,bde92dcf,3db4eb1a,bf34b773,3f318767,bde92dcf,3db4eb17,1,13724567

7124,211,122,5,-572,-16421,-180,-3997,4163,-990,bf34b464,3f318b32,bde91dcf,3db4d52a,bf34b465,3f318b31,bde91dcf,3db4d528,1,13733086

7125,209,121,4,-556,-16391,-169,-3965,4229,-1014,bf34b208,3f318e50,bde90bd1,3db4bf7a,bf34b208,3f318e4e,bde90bd1,3db4bf77,1,13741605

7126,214,124,-11,-579,-16419,-143,-3965,4229,-1014,bf34afe7,3f319137,bde90147,3db49ecc,bf34afe8,3f319136,bde90148,3db49ec9,1,13749623

7127,233,114,-14,-522,-16327,-147,-3991,4277,-951,bf34aad7,3f31968c,bde9026c,3db4918c,bf34aad8,3f31968b,bde9026d,3db49189,1,13758141

7128,242,110,-46,-580,-16426,-163,-4031,4281,-984,bf34a694,3f319b35,bde91314,3db4677c,bf34a694,3f319b34,bde91314,3db46778,1,13766660

7129,239,118,-72,-611,-16474,-167,-4017,4289,-973,bf34a268,3f319fbe,bde9313a,3db42e4d,bf34a268,3f319fbd,bde9313a,3db42e49,1,13775179

7130,230,119,-68,-641,-16481,-198,-4017,4289,-973,bf349e77,3f31a40b,bde94f91,3db3f484,bf349e77,3f31a40a,bde94f91,3db3f480,1,13783697

7131,221,133,-48,-602,-16455,-167,-3981,4223,-1056,bf349daf,3f31a601,bde94ab3,3db3b14a,bf349daf,3f31a601,bde94ab4,3db3b147,1,13792216

7132,218,140,-36,-640,-16480,-172,-3967,4279,-1022,bf349bd2,3f31a8d9,bde948c4,3db37798,bf349bd1,3f31a8d8,bde948c5,3db37795,1,13800735

7133,214,134,-22,-630,-16495,-194,-3967,4279,-1022,bf3499c3,3f31abcf,bde94215,3db348e5,bf3499c3,3f31abcf,bde94217,3db348e2,1,13809253

7134,210,133,1,-636,-16483,-194,-4045,4253,-1082,bf349a49,3f31acda,bde92071,3db310cd,bf349a49,3f31acda,bde92073,3db310ca,1,13817772

7135,195,133,30,-641,-16493,-161,-4011,4265,-1007,bf349941,3f31aee3,bde900d1,3db2fbbb,bf349941,3f31aee3,bde900d3,3db2fbb8,1,13826291

7136,192,142,54,-597,-16445,-194,-4011,4265,-1007,bf3497d4,3f31b184,bde8ce0f,3db2f22c,bf3497d3,3f31b184,bde8ce10,3db2f228,1,13834810

7137,191,147,56,-562,-16416,-237,-4061,4267,-1008,bf349649,3f31b47d,bde8928a,3db2e6a6,bf349649,3f31b47e,bde8928c,3db2e6a3,1,13843328

7138,172,140,52,-600,-16428,-200,-4011,4225,-918,bf349395,3f31b7d1,bde86f1e,3db2efd9,bf349394,3f31b7d1,bde86f1f,3db2efd5,1,13851847

7139,162,135,56,-604,-16485,-201,-4011,4225,-918,bf349169,3f31ba86,bde84bf4,3db2fd9d,bf349168,3f31ba87,bde84bf6,3db2fd9a,1,13859865

7140,155,135,65,-597,-16453,-198,-4023,4221,-1062,bf3493e2,3f31b996,bde809ab,3db2efb1,bf3493e1,3f31b997,bde809ad,3db2efae,1,13868383

7141,145,140,74,-581,-16438,-195,-4031,4253,-1073,bf349743,3f31b7e5,bde7bd14,3db2e3fa,bf349741,3f31b7e5,bde7bd16,3db2e3f6,1,13876902

7142,141,144,75,-577,-16408,-182,-3989,4263,-970,bf34979d,3f31b882,bde7833c,3db2f154,bf34979b,3f31b882,bde7833e,3db2f150,1,13885421

7143,137,133,74,-546,-16414,-194,-3989,4263,-970,bf3497e9,3f31b8fd,bde74c5c,3db3064d,bf3497e7,3f31b8fe,bde74c5f,3db3064a,1,13893939

7144,132,143,57,-544,-16385,-179,-4009,4265,-909,bf34976c,3f31ba11,bde720a9,3db319d2,bf34976a,3f31ba12,bde720ac,3db319cf,1,13902458

7145,138,139,32,-564,-16391,-181,-3987,4233,-952,bf3497b6,3f31ba77,bde6ff59,3db31911,bf3497b4,3f31ba78,bde6ff5c,3db3190e,1,13910976

7146,143,144,16,-556,-16415,-170,-3987,4233,-952,bf3497fa,3f31baf0,bde6e281,3db30ed7,bf3497f9,3f31baf1,bde6e285,3db30ed4,1,13919495

7147,133,135,0,-567,-16433,-188,-3951,4265,-1024,bf349a72,3f31b95d,bde6c8f4,3db2f4c0,bf349a71,3f31b95e,bde6c8f8,3db2f4bd,1,13928014

7148,127,134,-4,-554,-16394,-156,-4003,4297,-1034,bf349e41,3f31b692,bde6ab62,3db2d619,bf349e40,3f31b693,bde6ab66,3db2d615,1,13936532

7149,128,130,-17,-555,-16410,-168,-4003,4297,-1034,bf34a1dd,3f31b3e2,bde6964f,3db2b325,bf34a1db,3f31b3e2,bde69651,3db2b320,1,13944550

7150,132,135,-33,-575,-16422,-168,-4031,4303,-1049,bf34a60a,3f31b0d2,bde68449,3db27f06,bf34a608,3f31b0d2,bde6844b,3db27f01,1,13953069

7151,135,142,-52,-563,-16410,-184,-3973,4265,-1004,bf34a844,3f31af66,bde681c4,3db24ca9,bf34a843,3f31af67,bde681c7,3db24ca5,1,13961588

7152,138,139,-60,-534,-16387,-168,-3973,4265,-1004,bf34aa75,3f31adf4,bde6814f,3db21ae2,bf34aa74,3f31adf5,bde68152,3db21ade,1,13970106

7153,142,133,-80,-550,-16380,-118,-3967,4299,-963,bf34abe3,3f31acdc,bde6951c,3db1ea77,bf34abe2,3f31acdd,bde6951f,3db1ea73,1,13978625

7154,165,128,-106,-559,-16389,-154,-3995,4243,-1070,bf34af20,3f31aa9d,bde6a48f,3db1939c,bf34af1e,3f31aa9d,bde6a490,3db19397,1,13987144

7155,184,130,-113,-549,-16387,-172,-3979,4249,-1016,bf34af37,3f31ab22,bde6c1f2,3db145f5,bf34af36,3f31ab22,bde6c1f4,3db145f1,1,13995662

7156,190,126,-128,-600,-16428,-183,-3979,4249,-1016,bf34aef8,3f31abdf,bde6ed64,3db0ee26,bf34aef7,3f31abdf,bde6ed66,3db0ee22,1,14004181

7157,188,118,-129,-656,-16490,-158,-3983,4251,-1042,bf34affb,3f31ab5c,bde71c91,3db08f17,bf34affa,3f31ab5c,bde71c92,3db08f13,1,14012700

7158,180,125,-114,-675,-16491,-172,-3975,4303,-1052,bf34b16e,3f31aa8a,bde74289,3db0334f,bf34b16c,3f31aa89,bde74289,3db0334b,1,14021218

7159,171,124,-92,-627,-16452,-196,-3975,4303,-1052,bf34b2d5,3f31a9cf,bde7598d,3dafe872,bf34b2d5,3f31a9cf,bde7598e,3dafe86f,1,14029737

7160,169,123,-68,-638,-16455,-178,-3995,4289,-1095,bf34b5eb,3f31a7c4,bde75c6c,3daf9dab,bf34b5eb,3f31a7c4,bde75c6d,3daf9da8,1,14038256

7161,151,125,-68,-649,-16406,-150,-3971,4275,-1065,bf34b949,3f31a535,bde764a1,3daf5a9d,bf34b949,3f31a535,bde764a2,3daf5a9a,1,14046775

7162,149,125,-66,-627,-16443,-167,-3971,4275,-1065,bf34bc73,3f31a2db,bde7698e,3daf1b91,bf34bc73,3f31a2db,bde7698f,3daf1b8e,1,14054792

7163,174,136,-54,-645,-16479,-192,-3939,4275,-1075,bf34bdee,3f31a267,bde76767,3daeda29,bf34bdee,3f31a267,bde76768,3daeda26,1,14063311

7164,152,133,-46,-649,-16468,-166,-3979,4287,-1007,bf34bf24,3f31a1d1,bde76ae7,3daeab81,bf34bf24,3f31a1d1,bde76ae8,3daeab7e,1,14071830

7165,141,124,-35,-639,-16436,-163,-3979,4287,-1007,bf34c0d4,3f31a09f,bde76bd6,3dae8845,bf34c0d3,3f31a09f,bde76bd6,3dae8842,1,14080348

7166,145,122,-25,-658,-16457,-146,-3959,4283,-1029,bf34c2e8,3f319f1c,bde76808,3dae659e,bf34c2e8,3f319f1d,bde76809,3dae659b,1,14088867

7167,142,117,-12,-665,-16458,-142,-3977,4237,-1035,bf34c56a,3f319d3b,bde75de6,3dae4775,bf34c569,3f319d3a,bde75de5,3dae4770,1,14097386

7168,146,117,-1,-664,-16438,-136,-3989,4233,-953,bf34c55d,3f319d73,bde75ba0,3dae3f4e,bf34c55d,3f319d74,bde75ba0,3dae3f4c,1,14105904

7169,164,118,19,-648,-16430,-134,-3989,4233,-953,bf34c422,3f319ef3,bde74f00,3dae4064,bf34c420,3f319ef2,bde74efe,3dae4060,1,14114423

7170,177,109,36,-658,-16442,-114,-3981,4245,-995,bf34c350,3f31a029,bde739e3,3dae43ac,bf34c34f,3f31a028,bde739e2,3dae43a9,1,14122942

7171,180,114,51,-667,-16457,-127,-3997,4257,-1024,bf34c317,3f31a119,bde7172a,3dae434a,bf34c318,3f31a11a,bde7172b,3dae4349,1,14131460

7172,178,115,67,-646,-16431,-145,-3997,4257,-1024,bf34c29f,3f31a258,bde6eaea,3dae4c06,bf34c29f,3f31a258,bde6eaea,3dae4c04,1,14139979

7173,187,119,74,-611,-16434,-149,-3991,4303,-1035,bf34c1c1,3f31a41c,bde6b633,3dae5810,bf34c1c1,3f31a41c,bde6b633,3dae580e,1,14148498

7174,183,120,68,-596,-16399,-159,-3985,4289,-1020,bf34c091,3f31a61b,bde68559,3dae6550,bf34c091,3f31a61b,bde68559,3dae654e,1,14157016

7175,168,127,50,-570,-16381,-159,-3985,4289,-1020,bf34c06c,3f31a721,bde6566f,3dae6a20,bf34c06b,3f31a720,bde6566e,3dae6a1d,1,14165034

7176,165,124,18,-610,-16381,-160,-3973,4293,-1080,bf34c272,3f31a62f,bde6321a,3dae515f,bf34c272,3f31a62f,bde6321a,3dae515c,1,14173553

7177,163,129,-2,-635,-16445,-151,-3985,4313,-1064,bf34c475,3f31a52e,bde61994,3dae2de0,bf34c474,3f31a52d,bde61993,3dae2ddd,1,14182072

7178,167,131,-4,-591,-16410,-166,-3985,4313,-1064,bf34c5f9,3f31a4b7,bde5fd4c,3dae0cac,bf34c5f9,3f31a4b7,bde5fd4c,3dae0caa,1,14190590

7179,170,129,-14,-617,-16423,-137,-3971,4303,-1025,bf34c67e,3f31a4ed,bde5f025,3dadedeb,bf34c67d,3f31a4ec,bde5f024,3dadede8,1,14199109

7180,184,125,-17,-653,-16436,-127,-3967,4269,-1013,bf34c600,3f31a603,bde5ebfb,3dadcd3e,bf34c5ff,3f31a603,bde5ebfb,3dadcd3b,1,14207628

7181,201,120,1,-625,-16433,-134,-4017,4271,-1060,bf34c602,3f31a6ff,bde5d497,3dadab44,bf34c601,3f31a6ff,bde5d497,3dadab41,1,14216146

7182,202,120,12,-659,-16470,-144,-4017,4271,-1060,bf34c5cb,3f31a834,bde5bbcf,3dad8b1f,bf34c5cb,3f31a835,bde5bbd0,3dad8b1d,1,14224665

7183,199,119,23,-646,-16457,-158,-4009,4287,-1036,bf34c4a4,3f31aa2b,bde5a282,3dad78a9,bf34c4a4,3f31aa2c,bde5a283,3dad78a7,1,14233184

7184,198,116,36,-618,-16403,-159,-3987,4295,-1053,bf34c3bb,3f31abef,bde58067,3dad6e97,bf34c3ba,3f31abef,bde58066,3dad6e93,1,14241702

7185,205,120,34,-605,-16392,-137,-3987,4295,-1053,bf34c2be,3f31adde,bde55c03,3dad626c,bf34c2bc,3f31addd,bde55c01,3dad6268,1,14250221

7186,201,116,21,-597,-16399,-184,-4009,4287,-1003,bf34c022,3f31b10c,bde546f1,3dad5b96,bf34c021,3f31b10c,bde546f1,3dad5b93,1,14258739

7187,205,115,8,-628,-16451,-190,-3983,4287,-990,bf34bcde,3f31b4b5,bde53f10,3dad501b,bf34bcdc,3f31b4b4,bde53f0f,3dad5018,1,14266757

7188,198,111,16,-628,-16461,-175,-3983,4287,-990,bf34ba1e,3f31b7ca,bde5348d,3dad4ae4,bf34ba1d,3f31b7ca,bde5348d,3dad4ae2,1,14275276

7189,187,109,19,-627,-16476,-172,-3967,4277,-1057,bf34b9e3,3f31b8b5,bde51e2e,3dad3bc7,bf34b9e2,3f31b8b5,bde51e2e,3dad3bc5,1,14283795

7190,182,103,19,-629,-16427,-157,-4001,4273,-966,bf34b7ac,3f31bb03,bde517bd,3dad4045,bf34b7ac,3f31bb04,bde517be,3dad4043,1,14292313

7191,177,108,25,-610,-16392,-162,-4001,4273,-966,bf34b5b3,3f31bd31,bde50a3a,3dad473b,bf34b5b2,3f31bd31,bde50a39,3dad4738,1,14300832

7192,179,115,15,-601,-16393,-140,-4025,4271,-958,bf34b3f1,3f31bf40,bde4fcf3,3dad4710,bf34b3f0,3f31bf40,bde4fcf2,3dad470d,1,14309351

7193,178,114,-2,-614,-16413,-136,-3973,4249,-1062,bf34b531,3f31becd,bde4e99b,3dad2abd,bf34b530,3f31becd,bde4e99a,3dad2aba,1,14317869

7194,186,119,-19,-611,-16422,-150,-4041,4279,-1045,bf34b5d7,3f31bf02,bde4dbf1,3dad037d,bf34b5d6,3f31bf03,bde4dbf0,3dad037a,1,14326388

7195,200,119,-28,-640,-16437,-153,-4041,4279,-1045,bf34b5bc,3f31bff5,bde4d64c,3dacd422,bf34b5bb,3f31bff6,bde4d64b,3dacd41f,1,14334906

7196,206,122,-15,-624,-16422,-181,-3975,4285,-979,bf34b27b,3f31c395,bde4d757,3dacbd79,bf34b27a,3f31c396,bde4d756,3dacbd76,1,14343425

7197,204,119,-5,-644,-16466,-185,-3979,4279,-990,bf34af98,3f31c6e2,bde4d4c1,3daca8cc,bf34af96,3f31c6e3,bde4d4bf,3daca8c9,1,14351943

7198,197,120,5,-628,-16445,-184,-3979,4279,-990,bf34ad11,3f31c9dd,bde4cb06,3dac9a6e,bf34ad0f,3f31c9de,bde4cb04,3dac9a6b,1,14359961

7199,197,123,6,-637,-16466,-171,-3995,4273,-1004,bf34ab41,3f31cc4c,bde4bcb5,3dac8650,bf34ab40,3f31cc4e,bde4bcb4,3dac864d,1,14368480

7200,181,119,5,-616,-16390,-167,-3931,4279,-1023,bf34aa7f,3f31cd97,bde4ae5a,3dac7703,bf34aa7c,3f31cd98,bde4ae58,3dac76ff,1,14376998

7201,192,120,5,-629,-16408,-161,-3931,4279,-1023,bf34a933,3f31cf70,bde4a13a,3dac6541,bf34a932,3f31cf72,bde4a13a,3dac653f,1,14385517

7202,192,124,6,-596,-16412,-184,-3989,4243,-932,bf34a58b,3f31d355,bde499c1,3dac6375,bf34a589,3f31d356,bde499c0,3dac6372,1,14394036

7203,184,130,-12,-592,-16401,-182,-3965,4325,-994,bf34a410,3f31d55f,bde48fae,3dac4d61,bf34a40e,3f31d560,bde48fad,3dac4d5e,1,14402554

7204,182,132,-37,-595,-16389,-166,-3965,4325,-994,bf34a319,3f31d6df,bde4902c,3dac2a7d,bf34a317,3f31d6e0,bde4902b,3dac2a7a,1,14411073

7205,184,129,-60,-601,-16389,-149,-3939,4253,-973,bf34a1a4,3f31d8a0,bde4a0a3,3dac0265,bf34a1a3,3f31d8a2,bde4a0a3,3dac0263,1,14419591

7206,192,124,-76,-593,-16405,-182,-3925,4309,-1047,bf34a162,3f31d972,bde4b0bf,3dabc849,bf34a160,3f31d973,bde4b0be,3dabc846,1,14428110

7207,202,121,-94,-647,-16439,-154,-3979,4243,-965,bf349f1a,3f31dbd5,bde4d8ef,3dab8dc9,bf349f19,3f31dbd7,bde4d8ef,3dab8dc7,1,14436629

7208,204,118,-92,-672,-16446,-137,-3979,4243,-965,bf349ceb,3f31de13,bde50369,3dab539e,bf349ce9,3f31de14,bde50368,3dab539b,1,14445147

7209,203,123,-72,-706,-16487,-164,-3941,4279,-942,bf34999c,3f31e159,bde52a60,3dab2550,bf34999a,3f31e15a,bde52a5f,3dab254d,1,14453666

7210,214,123,-44,-681,-16509,-214,-4019,4245,-1041,bf34982d,3f31e395,bde52ede,3daaeb40,bf34982c,3f31e396,bde52edf,3daaeb3f,1,14462184

7211,193,120,-16,-684,-16493,-184,-4019,4245,-1041,bf349826,3f31e46b,bde525f1,3daac169,bf349824,3f31e46b,bde525f1,3daac168,1,14470202

7212,187,114,13,-650,-16451,-182,-4007,4317,-974,bf349618,3f31e6c6,bde51bdc,3daabcc6,bf349616,3f31e6c7,bde51bdd,3daabcc6,1,14478721

7213,183,113,34,-657,-16429,-154,-3947,4293,-1012,bf349529,3f31e82a,bde50529,3daabde7,bf349528,3f31e82b,bde5052b,3daabde8,1,14487240

7214,191,117,48,-667,-16439,-168,-3947,4293,-1012,bf34938f,3f31ea52,bde4e7c7,3daac212,bf34938e,3f31ea53,bde4e7c9,3daac213,1,14495758

7215,190,113,54,-649,-16428,-163,-3921,4223,-1058,bf349346,3f31eb64,bde4bfed,3daac2fb,bf349345,3f31eb65,bde4bfef,3daac2fc,1,14504277

7216,193,123,54,-647,-16406,-165,-3995,4293,-931,bf348fb4,3f31ef44,bde4a55e,3daad5cf,bf348fb2,3f31ef44,bde4a55f,3daad5cf,1,14512795

7217,187,128,50,-600,-16374,-173,-3995,4293,-931,bf348c71,3f31f2ed,bde485e6,3daae8d4,bf348c70,3f31f2ee,bde485e8,3daae8d5,1,14521314

7218,191,122,36,-627,-16427,-167,-4011,4295,-917,bf3488de,3f31f6b3,bde473c7,3daaf6f6,bf3488dd,3f31f6b4,bde473c9,3daaf6f7,1,14529833

7219,192,127,20,-626,-16396,-163,-3967,4257,-936,bf3485af,3f31fa2c,bde465c4,3daaf964,bf3485ae,3f31fa2d,bde465c6,3daaf965,1,14538351

7220,191,131,6,-634,-16428,-190,-3967,4257,-936,bf348273,3f31fdba,bde45d72,3daaf25d,bf348272,3f31fdbb,bde45d74,3daaf25e,1,14546870

7221,188,122,-3,-664,-16582,-336,-3993,4231,-918,bf347da8,3f320299,bde46311,3daae9cc,bf347da7,3f32029a,bde46312,3daae9cd,1,14555388

7222,160,118,-7,-646,-16418,-184,-3999,4227,-984,bf347de3,3f3202c6,bde45cd5,3daad763,bf347de2,3f3202c7,bde45cd6,3daad764,1,14563907

7223,174,115,-8,-618,-16433,-189,-3981,4205,-1004,bf347da5,3f32037e,bde45397,3daac436,bf347da4,3f32037f,bde45398,3daac437,1,14571925

7224,176,113,-12,-653,-16420,-148,-3981,4205,-1004,bf347ddc,3f3203b2,bde44fff,3daaac90,bf347ddb,3f3203b3,bde45000,3daaac91,1,14580444

7225,180,125,-11,-620,-16389,-167,-3973,4221,-969,bf347c91,3f320563,bde44a43,3daa9b2c,bf347c90,3f320564,bde44a44,3daa9b2d,1,14588962

7226,184,113,-26,-610,-16383,-188,-3937,4263,-1005,bf347b8c,3f3206b1,bde44d70,3daa844a,bf347b8c,3f3206b3,bde44d71,3daa844b,1,14597481

7227,178,112,-57,-616,-16403,-172,-3937,4263,-1005,bf347b4d,3f320723,bde45f4f,3daa5f56,bf347b4c,3f320725,bde45f4f,3daa5f57,1,14605999

7228,176,119,-69,-620,-16387,-162,-3943,4267,-1100,bf347e82,3f3204d5,bde461cc,3daa1cc2,bf347e81,3f3204d7,bde461cc,3daa1cc3,1,14614518

7229,179,115,-83,-643,-16427,-175,-3913,4287,-1038,bf347f2a,3f32047b,bde47cf3,3da9e365,bf347f28,3f32047c,bde47cf2,3da9e365,1,14623037

7230,187,118,-84,-710,-16488,-150,-3913,4287,-1038,bf347fc9,3f32042f,bde49d26,3da9a1b8,bf347fc7,3f320431,bde49d26,3da9a1b8,1,14631555

7231,201,121,-62,-717,-16518,-188,-3957,4253,-942,bf347c9e,3f320755,bde4bf53,3da97835,bf347c9c,3f320757,bde4bf53,3da97835,1,14640074

7232,190,119,-23,-716,-16550,-200,-3981,4287,-1053,bf347d00,3f3207a8,bde4bcf9,3da94b06,bf347cfe,3f3207aa,bde4bcf8,3da94b05,1,14648592

7233,177,121,21,-693,-16502,-213,-3981,4287,-1053,bf347da5,3f3207dd,bde4a266,3da9351d,bf347da3,3f3207df,bde4a265,3da9351c,1,14657111

7234,161,124,60,-678,-16487,-199,-4025,4235,-973,bf347d18,3f320908,bde47bf9,3da94014,bf347d15,3f32090a,bde47bf7,3da94012,1,14665630

7235,148,125,76,-654,-16426,-183,-3987,4279,-917,bf347ba1,3f320ac5,bde4555c,3da96368,bf347b9e,3f320ac7,bde4555a,3da96366,1,14673647

7236,147,113,76,-634,-16403,-184,-3999,4281,-996,bf347c46,3f320aab,bde42644,3da97d54,bf347c44,3f320aae,bde42643,3da97d53,1,14682166

7237,147,121,67,-636,-16390,-158,-3999,4281,-996,bf347d5f,3f320a3b,bde3f7a3,3da98ed7,bf347d5c,3f320a3d,bde3f7a1,3da98ed5,1,14690685

7238,163,117,59,-647,-16415,-176,-3991,4253,-1019,bf347dfb,3f320a56,bde3cd39,3da996e6,bf347df8,3f320a58,bde3cd37,3da996e4,1,14699203

7239,170,114,47,-632,-16400,-170,-3993,4259,-1002,bf347dc9,3f320b14,bde3abdc,3da99f1c,bf347dc6,3f320b16,bde3abda,3da99f1a,1,14707722

7240,165,122,38,-632,-16390,-141,-3993,4259,-1002,bf347e62,3f320b24,bde38a3d,3da99fa1,bf347e60,3f320b27,bde38a3c,3da99f9f,1,14716241

7241,177,127,17,-632,-16389,-167,-3955,4267,-985,bf347d62,3f320ca6,bde37664,3da998d4,bf347d60,3f320ca9,bde37663,3da998d2,1,14724759

7242,192,123,-4,-617,-16390,-175,-4015,4301,-943,bf347ac0,3f320f8e,bde371cd,3da98f6c,bf347abc,3f320f8f,bde371ca,3da98f68,1,14733278

7243,184,128,-25,-628,-16420,-161,-4015,4301,-943,bf3478fa,3f32119d,bde374da,3da97978,bf3478f7,3f32119f,bde374d7,3da97975,1,14741797

7244,182,132,-36,-624,-16413,-185,-3991,4255,-969,bf3477bb,3f32134f,bde377a0,3da95877,bf3477b8,3f321351,bde3779d,3da95874,1,14750316

7245,195,129,-46,-637,-16406,-206,-3983,4267,-1003,bf347673,3f321528,bde37dd5,3da92b83,bf347670,3f32152a,bde37dd2,3da92b80,1,14758834

7246,186,127,-51,-670,-16442,-172,-3983,4267,-1003,bf34762f,3f3215eb,bde38910,3da8fb0d,bf34762d,3f3215ed,bde3890e,3da8fb0b,1,14766852

7247,179,132,-45,-677,-16480,-193,-3997,4277,-1004,bf347635,3f321682,bde38eb7,3da8ca59,bf347633,3f321683,bde38eb4,3da8ca56,1,14775371

7248,169,128,-40,-673,-16466,-183,-3989,4265,-1060,bf347889,3f321514,bde388de,3da89350,bf347886,3f321514,bde388da,3da8934d,1,14783889

7249,163,127,-27,-642,-16414,-179,-3901,4193,-1029,bf34798c,3f3214a8,bde38346,3da87201,bf34798a,3f3214a8,bde38343,3da871ff,1,14792408

7250,157,125,-26,-663,-16404,-149,-3901,4193,-1029,bf347b46,3f32137a,bde37f49,3da850be,bf347b45,3f32137b,bde37f47,3da850bc,1,14800926

7251,175,125,-28,-668,-16402,-141,-4007,4281,-1066,bf347dee,3f3211c6,bde37229,3da81f3c,bf347ded,3f3211c6,bde37226,3da81f39,1,14809445

7252,182,126,-19,-688,-16439,-158,-3987,4229,-998,bf347da9,3f321295,bde36f80,3da7feaa,bf347da8,3f321295,bde36f7d,3da7fea7,1,14817964

7253,194,129,-15,-670,-16431,-159,-3987,4229,-998,bf347ca6,3f321435,bde36851,3da7dfa5,bf347ca4,3f321435,bde3684d,3da7dfa2,1,14826482

7254,187,131,-9,-652,-16432,-196,-3943,4251,-1007,bf347b82,3f3215f7,bde35d05,3da7c62f,bf347b80,3f3215f7,bde35d01,3da7c62c,1,14835001

7255,180,134,-12,-694,-16493,-177,-3975,4245,-997,bf347b0e,3f32170d,bde354af,3da7a696,bf347b0d,3f32170f,bde354ad,3da7a695,1,14843520

7256,179,130,1,-692,-16488,-184,-3975,4245,-997,bf347a74,3f321843,bde347fc,3da78f61,bf347a72,3f321844,bde347fa,3da78f5f,1,14852038

7257,176,126,22,-699,-16467,-180,-3999,4233,-1047,bf347b9d,3f32180f,bde32973,3da77659,bf347b9b,3f321810,bde32971,3da77657,1,14860557

7258,185,124,46,-684,-16433,-145,-3949,4247,-977,bf3479fa,3f321a27,bde30e2a,3da77daf,bf3479f8,3f321a28,bde30e28,3da77dad,1,14869076

7259,198,109,64,-667,-16430,-166,-3949,4247,-977,bf347711,3f321d57,bde2f123,3da794ea,bf347710,3f321d58,bde2f121,3da794e8,1,14877094

7260,215,106,71,-647,-16403,-175,-3971,4263,-985,bf347359,3f322167,bde2cf85,3da7ae49,bf347358,3f322168,bde2cf83,3da7ae47,1,14885612

7261,206,122,62,-650,-16389,-157,-3985,4285,-1038,bf34724d,3f32235d,bde2a0c8,3da7b042,bf34724c,3f32235e,bde2a0c5,3da7b040,1,14894131

7262,208,121,51,-631,-16388,-142,-3983,4205,-1064,bf34725a,3f322473,bde26e9f,3da7a724,bf347259,3f322474,bde26e9c,3da7a722,1,14902650

7263,221,120,36,-633,-16401,-167,-3983,4205,-1064,bf347161,3f32267e,bde245bb,3da7960f,bf34715f,3f32267e,bde245b7,3da7960c,1,14911168

7264,221,131,20,-646,-16420,-206,-3947,4271,-1043,bf346f1e,3f3229ac,bde22958,3da77fea,bf346f1c,3f3229ac,bde22954,3da77fe7,1,14919687

7265,200,133,5,-650,-16427,-208,-3955,4223,-1059,bf346ed2,3f322b06,bde20dd2,3da75d89,bf346ed0,3f322b06,bde20dce,3da75d86,1,14928205

7266,186,129,1,-656,-16450,-207,-3955,4223,-1059,bf346f5b,3f322b74,bde1f5cb,3da73bba,bf346f59,3f322b74,bde1f5c7,3da73bb7,1,14936724

7267,169,135,-10,-660,-16449,-191,-3959,4311,-1090,bf347221,3f3229d4,bde1db61,3da70e6e,bf347220,3f3229d5,bde1db5e,3da70e6c,1,14945242

7268,177,137,-20,-657,-16423,-176,-3987,4333,-1046,bf347371,3f322972,bde1cb67,3da6e34e,bf347370,3f322973,bde1cb64,3da6e34c,1,14953761

7269,184,134,-28,-674,-16434,-133,-3987,4333,-1046,bf3474f0,3f3228d1,bde1c1a8,3da6b3eb,bf3474ef,3f3228d2,bde1c1a5,3da6b3e9,1,14962280

7270,180,130,-26,-670,-16415,-175,-3969,4247,-1018,bf347525,3f322942,bde1bd59,3da68d56,bf347524,3f322942,bde1bd55,3da68d53,1,14970798

7271,191,134,-33,-655,-16440,-176,-3957,4237,-1035,bf347534,3f322a00,bde1b6c6,3da65f7a,bf347534,3f322a01,bde1b6c3,3da65f77,1,14979317

7272,190,117,-44,-671,-16424,-194,-3957,4237,-1035,bf347506,3f322aaa,bde1bf51,3da632ea,bf347506,3f322aab,bde1bf4d,3da632e6,1,14987335

7273,192,116,-32,-680,-16427,-184,-3941,4229,-1007,bf3473d3,3f322c28,bde1c8d8,3da612c5,bf3473d2,3f322c29,bde1c8d3,3da612c1,1,14995854

7274,195,121,-31,-662,-16430,-193,-3981,4217,-1041,bf3473b0,3f322cfc,bde1c557,3da5e7ff,bf3473af,3f322cfd,bde1c552,3da5e7fb,1,15004372

7275,197,117,-33,-683,-16433,-159,-3975,4225,-998,bf347280,3f322e81,bde1ce46,3da5c669,bf34727f,3f322e82,bde1ce41,3da5c665,1,15012891

7276,212,109,-32,-667,-16421,-181,-3975,4225,-998,bf347011,3f323126,bde1da06,3da5a991,bf347010,3f323127,bde1da01,3da5a98d,1,15021410

7277,208,106,-27,-659,-16414,-183,-3917,4251,-1001,bf346d7c,3f3233d0,bde1e68d,3da59532,bf346d7b,3f3233d1,bde1e687,3da5952e,1,15029928

7278,208,107,-41,-666,-16396,-170,-3915,4263,-891,bf34684d,3f323878,bde20908,3da58ecb,bf34684c,3f323879,bde20902,3da58ec7,1,15038447

7279,214,118,-54,-669,-16389,-149,-3915,4263,-891,bf346339,3f323d2c,bde22c81,3da57caa,bf346337,3f323d2d,bde22c7a,3da57ca5,1,15046965

7280,220,111,-69,-663,-16396,-160,-4005,4297,-1015,bf3461b1,3f323f01,bde243e6,3da5495a,bf3461af,3f323f02,bde243df,3da54955,1,15055484

7281,238,118,-77,-704,-16425,-198,-3959,4231,-1033,bf345f1a,3f324207,bde25f6f,3da50785,bf345f19,3f324208,bde25f69,3da50781,1,15064003

7282,228,116,-71,-715,-16476,-209,-3959,4231,-1033,bf345cf3,3f324497,bde2793e,3da4c9b4,bf345cf2,3f324498,bde27938,3da4c9b0,1,15072521

7283,218,120,-64,-727,-16487,-216,-3969,4215,-1046,bf345bd1,3f324650,bde28b00,3da48933,bf345bcf,3f324651,bde28af9,3da4892f,1,15081040

7284,206,116,-48,-717,-16498,-236,-3931,4257,-1021,bf3459ec,3f324881,bde29cb5,3da45d96,bf3459ea,3f324882,bde29cae,3da45d92,1,15089058

7285,184,122,-30,-707,-16461,-225,-3931,4257,-1021,bf345963,3f32497a,bde2a0a8,3da43a74,bf345961,3f32497b,bde2a0a1,3da43a70,1,15097576

7286,171,119,-14,-706,-16418,-183,-3981,4267,-1002,bf3459c0,3f324982,bde29da6,3da4227d,bf3459bf,3f324984,bde29da0,3da4227a,1,15106095

7287,173,124,-10,-706,-16437,-194,-3957,4299,-1067,bf345bae,3f324867,bde28d45,3da3fe9e,bf345bac,3f324868,bde28d3e,3da3fe9a,1,15114614

7288,167,126,-20,-692,-16410,-210,-3991,4251,-1029,bf345ce4,3f3247e3,bde28323,3da3db9a,bf345ce2,3f3247e4,bde2831c,3da3db96,1,15123132

7289,149,128,-28,-714,-16418,-177,-3991,4251,-1029,bf345fa9,3f3245cb,bde27c48,3da3b341,bf345fa8,3f3245cc,bde27c42,3da3b33e,1,15131651

7290,154,120,-32,-724,-16417,-197,-3947,4259,-1045,bf3461fd,3f324400,bde27c9a,3da38b5f,bf3461fb,3f324401,bde27c93,3da38b5b,1,15140169

7291,156,125,-28,-712,-16451,-191,-3985,4249,-1066,bf346538,3f3241a3,bde270c2,3da35ce7,bf346536,3f3241a4,bde270bb,3da35ce3,1,15148688

7292,155,129,-20,-719,-16458,-229,-3985,4249,-1066,bf3467f1,3f323fd6,bde260cf,3da33005,bf3467ef,3f323fd7,bde260c8,3da33001,1,15157206

7293,150,126,-17,-692,-16394,-203,-3983,4283,-1008,bf346956,3f323ef4,bde258ab,3da316a6,bf346955,3f323ef6,bde258a5,3da316a2,1,15165725

7294,135,132,-19,-735,-16497,-193,-3921,4271,-989,bf346ae7,3f323dbd,bde2572a,3da2fe9c,bf346ae5,3f323dbe,bde25722,3da2fe97,1,15174244

7295,135,138,-13,-762,-16500,-206,-3921,4271,-989,bf346c5c,3f323cbc,bde252ba,3da2e423,bf346c5a,3f323cbd,bde252b2,3da2e41e,1,15182262

7296,139,133,28,-727,-16482,-187,-3963,4277,-958,bf346cd3,3f323ca9,bde23cdc,3da2e675,bf346cd1,3f323caa,bde23cd5,3da2e670,1,15190780

7297,144,131,47,-707,-16426,-184,-3963,4217,-1089,bf3470e7,3f3239db,bde205c8,3da2d665,bf3470e5,3f3239dd,bde205c2,3da2d661,1,15199299

7298,143,108,62,-680,-16415,-162,-3963,4217,-1089,bf3474ef,3f3236c8,bde1cf67,3da2db23,bf3474ec,3f3236c9,bde1cf60,3da2db1f,1,15207818

7299,152,103,57,-690,-16388,-152,-3973,4289,-1036,bf3476bd,3f323573,bde1aaef,3da2eb00,bf3476bb,3f323575,bde1aaea,3da2eafd,1,15216336

7300,169,112,33,-675,-16382,-179,-3955,4261,-1038,bf34775d,3f323562,bde18dd5,3da2eb5f,bf34775a,3f323563,bde18dcf,3da2eb5c,1,15224855

7301,184,104,4,-694,-16388,-154,-3985,4239,-1054,bf347856,3f3234f6,bde17f2f,3da2d883,bf347853,3f3234f7,bde17f29,3da2d880,1,15233374

7302,197,104,-13,-703,-16403,-149,-3985,4239,-1054,bf3478ba,3f323514,bde179fa,3da2bbd5,bf3478b7,3f323515,bde179f4,3da2bbd2,1,15241892

7303,204,116,-21,-693,-16420,-160,-4009,4265,-1010,bf347776,3f3236c7,bde17975,3da29f32,bf347775,3f3236c9,bde17971,3da29f30,1,15250411

7304,202,119,-28,-721,-16434,-203,-3953,4259,-1065,bf347735,3f3237b4,bde17795,3da272e8,bf347734,3f3237b5,bde17790,3da272e6,1,15258930

7305,197,125,-23,-726,-16453,-159,-3953,4259,-1065,bf3477db,3f3237d7,bde16f84,3da2466d,bf3477da,3f3237d8,bde16f7f,3da2466b,1,15267448

7306,196,134,-10,-703,-16418,-196,-3989,4267,-1040,bf34777b,3f323917,bde15e2c,3da22182,bf347779,3f323917,bde15e26,3da2217f,1,15275967

7307,178,127,-10,-711,-16436,-203,-3967,4251,-1063,bf34789b,3f3238d2,bde14cc5,3da1fca7,bf347899,3f3238d2,bde14cbf,3da1fca4,1,15284486

7308,176,126,-15,-710,-16435,-191,-3967,4251,-1063,bf347a01,3f32383e,bde13daa,3da1d657,bf347a00,3f32383e,bde13da5,3da1d654,1,15292503

7309,177,118,-14,-694,-16432,-184,-3975,4281,-972,bf3478a5,3f3239c4,bde13f9d,3da1c93a,bf3478a4,3f3239c5,bde13f99,3da1c937,1,15301022

7310,171,119,-15,-718,-16468,-161,-3991,4293,-978,bf34783c,3f323a65,bde14166,3da1b7a2,bf34783b,3f323a66,bde14162,3da1b79f,1,15309541

7311,169,118,-5,-714,-16433,-178,-3991,4293,-978,bf3477a9,3f323b32,bde13edc,3da1ab9c,bf3477a7,3f323b32,bde13ed7,3da1ab99,1,15318059

7312,171,123,-1,-715,-16439,-140,-3967,4225,-1028,bf3478d4,3f323aa4,bde12f56,3da194e0,bf3478d3,3f323aa5,bde12f52,3da194de,1,15326578

7313,183,121,12,-707,-16427,-181,-3981,4287,-1031,bf3478c4,3f323b55,bde11b50,3da184d3,bf3478c2,3f323b55,bde11b4b,3da184d1,1,15335096

7314,176,117,13,-694,-16417,-176,-3981,4287,-1031,bf34791c,3f323b8d,bde106ff,3da178f2,bf34791a,3f323b8d,bde106fa,3da178f0,1,15343615

7315,178,119,11,-709,-16433,-179,-3983,4305,-995,bf34784b,3f323cbc,bde0fa73,3da17137,bf347849,3f323cbc,bde0fa6e,3da17135,1,15352134

7316,178,115,10,-693,-16412,-165,-3951,4215,-1028,bf34786d,3f323d19,bde0e936,3da165eb,bf34786b,3f323d1a,bde0e932,3da165ea,1,15360652

7317,187,116,-4,-707,-16421,-177,-3989,4255,-1075,bf3479bc,3f323c9e,bde0d60e,3da14542,bf3479b9,3f323c9f,bde0d609,3da14540,1,15369171

7318,192,111,-5,-702,-16425,-183,-3989,4255,-1075,bf347a98,3f323c7f,bde0c59a,3da126ca,bf347a96,3f323c80,bde0c595,3da126c8,1,15377690

7319,187,111,-5,-701,-16420,-208,-3999,4233,-878,bf347604,3f3240b3,bde0d464,3da130ea,bf347602,3f3240b4,bde0d45f,3da130e8,1,15386208

7320,188,98,-8,-699,-16413,-187,-3971,4245,-994,bf347462,3f324254,bde0da5f,3da12a48,bf347460,3f324255,bde0da5a,3da12a46,1,15394226

7321,184,104,-16,-713,-16404,-184,-3971,4245,-994,bf34732a,3f32439b,bde0e254,3da11bf3,bf347329,3f32439d,bde0e250,3da11bf2,1,15402744

7322,180,107,-30,-678,-16389,-201,-4015,4237,-1061,bf347468,3f3242f7,bde0dd18,3da0f798,bf347467,3f3242f8,bde0dd13,3da0f796,1,15411263

7323,183,106,-51,-686,-16389,-160,-4025,4207,-1009,bf347498,3f324304,bde0ead5,3da0d36b,bf347496,3f324304,bde0eacf,3da0d369,1,15419782

7324,185,111,-71,-702,-16386,-161,-4025,4207,-1009,bf3474d9,3f324305,bde10132,3da0a1d8,bf3474d7,3f324305,bde1012c,3da0a1d6,1,15428300

7325,197,111,-92,-710,-16418,-185,-3993,4261,-1029,bf347493,3f324383,bde12231,3da063f5,bf347493,3f324384,bde1222d,3da063f4,1,15436819

7326,208,108,-102,-756,-16458,-196,-3979,4245,-995,bf347289,3f324575,bde15468,3da025cd,bf347288,3f324575,bde15463,3da025cb,1,15445338

7327,213,112,-81,-773,-16498,-176,-3979,4245,-995,bf347064,3f3247a1,bde17bca,3d9fee70,bf347063,3f3247a1,bde17bc5,3d9fee6d,1,15453856

7328,207,102,-50,-777,-16493,-193,-4015,4267,-1032,bf346f73,3f3248c9,bde19197,3d9fc0bc,bf346f73,3f3248ca,bde19193,3d9fc0b9,1,15462375

7329,198,106,-22,-759,-16487,-201,-3953,4265,-1020,bf346dfe,3f324a6b,bde19b46,3d9fa7ee,bf346dfd,3f324a6b,bde19b41,3d9fa7ea,1,15470894

7330,195,115,-3,-745,-16421,-180,-3985,4225,-1016,bf346d0c,3f324bcd,bde19451,3d9f9369,bf346d0c,3f324bce,bde1944d,3d9f9366,1,15479412

7331,180,118,3,-714,-16404,-195,-3985,4225,-1016,bf346cbe,3f324c9d,bde18581,3d9f848a,bf346cbc,3f324c9c,bde1857c,3d9f8486,1,15487430

7332,179,124,-12,-725,-16394,-183,-3969,4241,-1112,bf346fd7,3f324aa5,bde16a7b,3d9f569e,bf346fd7,3f324aa6,bde16a79,3d9f569c,1,15495949

7333,176,136,-25,-755,-16429,-194,-4033,4251,-995,bf346fd6,3f324b4a,bde165a7,3d9f3075,bf346fd5,3f324b4a,bde165a4,3d9f3072,1,15504467

7334,182,135,-38,-741,-16422,-206,-4033,4251,-995,bf346f60,3f324c55,bde1666b,3d9f05b0,bf346f5f,3f324c56,bde16669,3d9f05ae,1,15512986

7335,179,127,-42,-763,-16459,-193,-4005,4241,-1068,bf347154,3f324b3a,bde1625b,3d9ecc89,bf347153,3f324b3a,bde16258,3d9ecc86,1,15521505

7336,177,119,-32,-769,-16436,-195,-3991,4219,-1050,bf34728d,3f324a9f,bde161c1,3d9ea030,bf34728c,3f324a9f,bde161be,3d9ea02d,1,15530023

7337,179,116,-17,-734,-16441,-196,-3991,4219,-1050,bf347373,3f324a5b,bde157d5,3d9e8033,bf347372,3f324a5b,bde157d2,3d9e8030,1,15538542

7338,174,120,-17,-736,-16441,-190,-3995,4243,-1035,bf347444,3f324a1d,bde14ee1,3d9e625e,bf347443,3f324a1d,bde14ede,3d9e625b,1,15547060

7339,153,127,-25,-747,-16441,-211,-3973,4259,-1074,bf347739,3f3247fc,bde14149,3d9e3758,bf347739,3f3247fd,bde14147,3d9e3755,1,15555579

7340,136,131,-41,-745,-16435,-188,-3973,4259,-1074,bf347b94,3f324479,bde137a6,3d9e049c,bf347b94,3f32447a,bde137a4,3d9e0499,1,15564098

7341,137,130,-48,-782,-16422,-163,-4003,4297,-1104,bf348169,3f323fa6,bde12e77,3d9dc399,bf348169,3f323fa6,bde12e74,3d9dc395,1,15572616

7342,141,136,-48,-768,-16423,-193,-4049,4235,-1083,bf348646,3f323bea,bde12125,3d9d80a3,bf348645,3f323be9,bde12121,3d9d809e,1,15581135

7343,142,133,-46,-781,-16435,-155,-3993,4243,-1058,bf348a41,3f3238b7,bde11d82,3d9d497b,bf348a40,3f3238b7,bde11d7f,3d9d4976,1,15589653

7344,152,133,-43,-786,-16428,-167,-3993,4243,-1058,bf348d6b,3f323656,bde119bd,3d9d12dd,bf348d6a,3f323656,bde119ba,3d9d12d8,1,15597671

7345,158,137,-35,-773,-16423,-185,-4005,4215,-1056,bf348ff7,3f3234b2,bde10e95,3d9cde3a,bf348ff6,3f3234b2,bde10e92,3d9cde36,1,15606190

7346,165,116,-23,-768,-16420,-182,-4009,4259,-950,bf348ebc,3f3235e7,bde11a08,3d9cd0f7,bf348ebb,3f3235e7,bde11a05,3d9cd0f3,1,15614709

7347,176,118,-26,-755,-16428,-192,-4009,4259,-950,bf348cc7,3f3237de,bde12541,3d9cc1d4,bf348cc7,3f3237df,bde1253e,3d9cc1d1,1,15623227

7348,169,136,-29,-786,-16463,-208,-4037,4233,-1099,bf348ff9,3f3235ed,bde10f6c,3d9c830c,bf348ff8,3f3235ed,bde10f68,3d9c8309,1,15631746

7349,162,133,-11,-791,-16442,-201,-3999,4265,-1104,bf349353,3f3233bb,bde0f538,3d9c517a,bf349353,3f3233bb,bde0f535,3d9c5178,1,15640264

7350,144,121,-10,-800,-16487,-190,-3999,4265,-1104,bf3497ba,3f323045,bde0dfca,3d9c26dd,bf3497ba,3f323045,bde0dfc7,3d9c26db,1,15648783

7351,147,121,12,-800,-16459,-177,-3969,4239,-1041,bf3499b6,3f322edc,bde0cd23,3d9c1639,bf3499b6,3f322edc,bde0cd20,3d9c1637,1,15657302

7352,138,128,37,-776,-16464,-158,-3973,4225,-1086,bf349dd1,3f322bd1,bde09f1b,3d9c069f,bf349dd1,3f322bd1,bde09f18,3d9c069d,1,15665820

7353,140,125,50,-769,-16436,-185,-3973,4225,-1086,bf34a141,3f32296c,bde06ce4,3d9bff11,bf34a141,3f32296c,bde06ce1,3d9bff0f,1,15674339

7354,139,126,52,-765,-16425,-188,-4001,4227,-1050,bf34a3af,3f3227e1,bde03e83,3d9bfe96,bf34a3af,3f3227e1,bde03e80,3d9bfe94,1,15682857

7355,125,119,44,-735,-16389,-163,-3971,4179,-974,bf34a4bb,3f32271a,bde02193,3d9c133e,bf34a4ba,3f322719,bde0218f,3d9c133b,1,15691376

7356,117,123,29,-738,-16386,-137,-3995,4225,-1101,bf34aad6,3f32221c,bddff0ea,3d9c01ec,bf34aad6,3f32221c,bddff0e7,3d9c01e9,1,15699394

7357,133,127,4,-747,-16389,-114,-3995,4225,-1101,bf34b076,3f321d96,bddfcb93,3d9be0ca,bf34b075,3f321d96,bddfcb8f,3d9be0c6,1,15707913

7358,150,119,-14,-759,-16386,-130,-3951,4281,-1008,bf34b17e,3f321cc7,bddfca24,3d9bd15c,bf34b17d,3f321cc7,bddfca20,3d9bd158,1,15716431

7359,167,123,-26,-764,-16426,-160,-4023,4227,-1053,bf34b327,3f321bcf,bddfc187,3d9ba939,bf34b327,3f321bd0,bddfc184,3d9ba936,1,15724950

7360,178,114,-23,-780,-16449,-167,-4023,4227,-1053,bf34b3fa,3f321b8c,bddfbe07,3d9b8494,bf34b3f8,3f321b8c,bddfbe02,3d9b8490,1,15733469

7361,185,115,-16,-799,-16483,-181,-3985,4235,-1012,bf34b2b2,3f321d16,bddfc29b,3d9b6c96,bf34b2b0,3f321d16,bddfc296,3d9b6c92,1,15741987

7362,186,116,7,-780,-16459,-136,-4007,4265,-1050,bf34b308,3f321d59,bddfb1de,3d9b57ee,bf34b307,3f321d5a,bddfb1d9,3d9b57ea,1,15750506

7363,187,114,18,-765,-16417,-150,-4007,4265,-1050,bf34b303,3f321dfa,bddf9bf7,3d9b4abf,bf34b302,3f321dfb,bddf9bf2,3d9b4abb,1,15759024

7364,202,110,19,-756,-16400,-168,-4037,4231,-1042,bf34b1d0,3f321fc8,bddf86dd,3d9b3e79,bf34b1ce,3f321fc8,bddf86d7,3d9b3e75,1,15767543

7365,192,113,14,-736,-16394,-158,-3979,4297,-964,bf34aebd,3f3222e9,bddf80e1,3d9b4613,bf34aebc,3f3222ea,bddf80dc,3d9b4610,1,15776062

7366,190,127,-8,-771,-16406,-139,-3979,4297,-964,bf34ac58,3f322580,bddf816f,3d9b3994,bf34ac56,3f322581,bddf8169,3d9b3990,1,15784580

7367,183,125,-17,-756,-16422,-165,-3955,4251,-1046,bf34ac4a,3f32261e,bddf792c,3d9b1b9f,bf34ac49,3f322620,bddf7927,3d9b1b9b,1,15793099

7368,171,119,-35,-801,-16453,-175,-3941,4249,-1010,bf34abcb,3f3226c7,bddf86a1,3d9afd01,bf34abc9,3f3226c8,bddf869b,3d9afcfd,1,15801117

7369,169,124,-30,-794,-16460,-153,-3971,4219,-1010,bf34abe3,3f322701,bddf8c30,3d9add3b,bf34abe1,3f322703,bddf8c2b,3d9add37,1,15809635

7370,177,120,-11,-784,-16425,-135,-3971,4219,-1010,bf34ab8e,3f3227aa,bddf89d9,3d9ac8e4,bf34ab8c,3f3227ac,bddf89d4,3d9ac8e0,1,15818154

7371,176,129,-9,-754,-16408,-154,-4007,4225,-912,bf34a8a7,3f322a92,bddf8d53,3d9ac68a,bf34a8a5,3f322a94,bddf8d4e,3d9ac686,1,15826673

7372,184,117,-20,-766,-16389,-145,-3977,4285,-1074,bf34a9c8,3f322a10,bddf84ed,3d9aa3a5,bf34a9c6,3f322a12,bddf84e7,3d9aa3a0,1,15835191

7373,182,120,-38,-769,-16405,-133,-3977,4285,-1074,bf34ab52,3f322925,bddf8351,3d9a76f2,bf34ab50,3f322926,bddf834a,3d9a76ed,1,15843710

7374,193,124,-34,-778,-16406,-169,-4025,4253,-964,bf34a8d9,3f322bc3,bddf8fb7,3d9a5c69,bf34a8d7,3f322bc5,bddf8fb0,3d9a5c64,1,15852229

7375,190,118,-40,-778,-16431,-155,-3985,4247,-1012,bf34a7d5,3f322d08,bddf9b1b,3d9a3aa8,bf34a7d2,3f322d09,bddf9b13,3d9a3aa2,1,15860747

7376,195,118,-48,-828,-16513,-181,-3985,4247,-1012,bf34a655,3f322eb9,bddfaf5e,3d9a103c,bf34a653,3f322ebb,bddfaf57,3d9a1036,1,15869266

7377,183,115,-23,-834,-16485,-183,-4031,4263,-940,bf34a3aa,3f323146,bddfc265,3d99ffff,bf34a3a9,3f323148,bddfc25f,3d99fff9,1,15877785

7378,180,118,-2,-826,-16452,-178,-3963,4237,-1024,bf34a30a,3f323240,bddfbee8,3d99eb6c,bf34a30a,3f323242,bddfbee3,3d99eb67,1,15886303

7379,177,116,12,-784,-16435,-163,-3963,4237,-1024,bf34a29e,3f323310,bddfb12d,3d99e2ec,bf34a29d,3f323311,bddfb127,3d99e2e6,1,15894321

7380,177,119,13,-784,-16399,-161,-3983,4261,-1001,bf34a1b1,3f323452,bddfa4de,3d99dd55,bf34a1af,3f323453,bddfa4d7,3d99dd4e,1,15903341

7381,175,122,8,-755,-16392,-168,-3995,4211,-1012,bf34a13f,3f323541,bddf9378,3d99d307,bf34a13d,3f323542,bddf9370,3d99d300,1,15911358

7382,181,120,-12,-778,-16412,-167,-3993,4197,-993,bf34a00b,3f3236bc,bddf9224,3d99c184,bf34a009,3f3236bd,bddf921c,3d99c17d,1,15919877

7383,170,122,-27,-790,-16448,-164,-3993,4197,-993,bf349fa9,3f32375e,bddf9739,3d99a7ce,bf349fa8,3f323760,bddf9732,3d99a7c7,1,15928396

7384,166,118,-22,-814,-16431,-149,-3995,4245,-997,bf349fc6,3f323774,bddf9d95,3d999021,bf349fc4,3f323775,bddf9d8d,3d999019,1,15936914

7385,164,125,-11,-802,-16421,-164,-3953,4251,-962,bf349e92,3f3238bc,bddfa197,3d998584,bf349e90,3f3238be,bddfa190,3d99857d,1,15945433

7386,172,122,-16,-794,-16420,-159,-3953,4251,-962,bf349cf6,3f323a60,bddfa8db,3d997a31,bf349cf3,3f323a61,bddfa8d3,3d997a2a,1,15953952

7387,166,123,-26,-774,-16403,-160,-4057,4205,-979,bf349cdf,3f323ac5,bddfaa26,3d9961cd,bf349cdc,3f323ac6,bddfaa1f,3d9961c6,1,15962470

7388,172,128,-39,-770,-16411,-131,-4019,4195,-1008,bf349d8a,3f323a92,bddfaaf5,3d993d04,bf349d87,3f323a93,bddfaaee,3d993cfd,1,15970989

7389,180,117,-55,-796,-16401,-155,-4019,4195,-1008,bf349d74,3f323ae5,bddfbc09,3d99128d,bf349d71,3f323ae6,bddfbc03,3d991286,1,15979507

7390,181,116,-61,-804,-16427,-173,-3969,4229,-1007,bf349cbf,3f323baf,bddfd473,3d98e938,bf349cbd,3f323bb1,bddfd46f,3d98e932,1,15988026

7391,179,115,-53,-798,-16427,-155,-3977,4315,-995,bf349bfc,3f323c75,bddfeaca,3d98c884,bf349bfa,3f323c77,bddfeac6,3d98c87e,1,15996545

7392,170,117,-59,-826,-16445,-148,-3977,4315,-995,bf349bee,3f323c83,bde004d2,3d98a257,bf349bec,3f323c84,bde004cd,3d98a250,1,16004563

7393,187,111,-47,-847,-16470,-141,-3955,4227,-1023,bf349b96,3f323cf6,bde01a0f,3d987be0,bf349b93,3f323cf6,bde01a09,3d987bd8,1,16013081

7394,190,106,-20,-813,-16389,-145,-4003,4211,-1080,bf349cf3,3f323c2f,bde01430,3d9856ed,bf349cf1,3f323c31,bde0142c,3d9856e6,1,16021600

7395,193,101,-9,-860,-16488,-116,-3985,4229,-992,bf349b82,3f323d8e,bde020d5,3d984b01,bf349b80,3f323d90,bde020d1,3d984afa,1,16030118

7396,197,112,5,-865,-16507,-142,-3985,4229,-992,bf34998d,3f323fa7,bde0229b,3d983fd5,bf34998b,3f323faa,bde02298,3d983fce,1,16038637

7397,202,125,40,-834,-16486,-175,-3975,4261,-1008,bf34972b,3f32428f,bde009d9,3d983f5b,bf349728,3f324292,bde009d6,3d983f54,1,16047156

7398,189,129,73,-827,-16486,-195,-3971,4195,-961,bf3493d9,3f324651,bddfe5be,3d98574a,bf3493d5,3f324653,bddfe5b9,3d985742,1,16055674

7399,160,133,75,-787,-16419,-161,-3971,4195,-961,bf34929b,3f32480f,bddfb970,3d9873ee,bf349298,3f324811,bddfb96c,3d9873e7,1,16064193

7400,137,133,71,-772,-16391,-159,-3935,4233,-1097,bf3496a5,3f324539,bddf7744,3d9876f0,bf3496a2,3f32453b,bddf7740,3d9876e9,1,16072711

7401,136,130,46,-758,-16382,-141,-3969,4191,-996,bf34981c,3f324452,bddf50ae,3d9883fa,bf349818,3f324453,bddf50a9,3d9883f3,1,16081230

7402,152,140,10,-753,-16370,-109,-3969,4191,-996,bf349953,3f3243bb,bddf362b,3d987a9a,bf349951,3f3243be,bddf3629,3d987a95,1,16089748

7403,160,136,-17,-755,-16388,-137,-3945,4249,-1067,bf349bd5,3f324210,bddf2108,3d985890,bf349bd2,3f324212,bddf2104,3d98588b,1,16098267

7404,172,133,-40,-793,-16427,-133,-3987,4163,-1048,bf349d9e,3f324103,bddf1b9a,3d9827c7,bf349d9c,3f324106,bddf1b96,3d9827c3,1,16106786

7405,183,127,-44,-777,-16396,-125,-3987,4163,-1048,bf349ec8,3f32407e,bddf1991,3d97f904,bf349ec6,3f324080,bddf198c,3d97f8fe,1,16114804

7406,187,123,-49,-819,-16419,-134,-3999,4211,-1045,bf349f8f,3f32403a,bddf215b,3d97c670,bf349f8d,3f32403c,bddf2156,3d97c66a,1,16123322

7407,187,123,-56,-818,-16466,-153,-3937,4245,-1054,bf349fed,3f324043,bddf2eba,3d979437,bf349fea,3f324044,bddf2eb4,3d979430,1,16131841

7408,190,118,-41,-826,-16450,-171,-3937,4245,-1054,bf349fc1,3f3240cc,bddf389e,3d976aa1,bf349fbf,3f3240ce,bddf3899,3d976a9b,1,16140360

7409,174,115,-32,-808,-16399,-70,-3983,4229,-1044,bf34a1c3,3f323f2e,bddf39e3,3d9748da,bf34a1c1,3f323f30,bddf39de,3d9748d4,1,16148878

7410,180,123,-35,-792,-16402,-132,-3965,4235,-1055,bf34a2d8,3f323ea3,bddf37cd,3d97221c,bf34a2d6,3f323ea5,bddf37c8,3d972216,1,16157397

7411,183,131,-56,-819,-16436,-112,-3957,4197,-987,bf34a21e,3f323f8f,bddf49aa,3d96f9e8,bf34a21c,3f323f91,bddf49a5,3d96f9e2,1,16165915

7412,179,127,-55,-804,-16417,-157,-3957,4197,-987,bf34a107,3f3240c8,bddf5be7,3d96d5b0,bf34a105,3f3240ca,bddf5be2,3d96d5aa,1,16174434

7413,185,125,-61,-819,-16473,-164,-3973,4205,-1005,bf34a02d,3f3241d9,bddf6fa6,3d96a961,bf34a02a,3f3241da,bddf6fa0,3d96a95a,1,16182953

7414,168,133,-62,-825,-16443,-120,-3997,4227,-1078,bf34a372,3f323f61,bddf705f,3d966831,bf34a36f,3f323f62,bddf7059,3d96682a,1,16191471

7415,164,133,-59,-808,-16411,-149,-3997,4227,-1078,bf34a673,3f323d2f,bddf6e64,3d962adb,bf34a671,3f323d31,bddf6e60,3d962ad6,1,16199990

7416,170,114,-56,-810,-16402,-139,-4007,4199,-996,bf34a683,3f323d2d,bddf8268,3d9608d1,bf34a681,3f323d2f,bddf8264,3d9608cc,1,16208508

7417,177,112,-64,-837,-16420,-151,-4035,4221,-1013,bf34a6c2,3f323d0e,bddf9a0a,3d95dbb8,bf34a6c0,3f323d11,bddf9a06,3d95dbb4,1,16216526

7418,188,118,-68,-819,-16423,-164,-4035,4221,-1013,bf34a63d,3f323dcc,bddfaf56,3d95ab4f,bf34a63b,3f323dcf,bddfaf52,3d95ab4b,1,16225045

7419,178,105,-86,-832,-16434,-138,-3945,4193,-1020,bf34a647,3f323d9f,bddfd63a,3d957c19,bf34a644,3f323da0,bddfd634,3d957c14,1,16233564

7420,183,100,-94,-876,-16481,-124,-3997,4171,-1030,bf34a6f4,3f323cd8,bde00234,3d954107,bf34a6f1,3f323cda,bde0022e,3d954103,1,16242082

7421,206,90,-75,-848,-16392,-123,-3997,4171,-1030,bf34a608,3f323d9a,bde0283c,3d9514ff,bf34a605,3f323d9c,bde02836,3d9514fb,1,16250601

7422,216,91,-61,-841,-16387,-176,-3989,4215,-1000,bf34a2c9,3f324089,bde04e29,3d94f74b,bf34a2c6,3f32408b,bde04e23,3d94f747,1,16259120

7423,210,102,-65,-877,-16472,-166,-3951,4163,-1017,bf34a081,3f3242b2,bde07161,3d94cdea,bf34a07d,3f3242b4,bde0715a,3d94cde5,1,16267638

7424,202,111,-41,-893,-16493,-162,-4005,4209,-1009,bf349ed0,3f32447d,bde08513,3d94aa35,bf349ecd,3f32447f,bde0850d,3d94aa31,1,16276157

7425,181,125,-25,-858,-16442,-155,-4005,4209,-1009,bf349e70,3f32453d,bde085e9,3d948ca7,bf349e6d,3f32453f,bde085e4,3d948ca4,1,16284676

7426,169,134,-22,-876,-16487,-145,-3995,4235,-1006,bf349ece,3f324552,bde08320,3d946d8c,bf349ecc,3f324554,bde0831c,3d946d8a,1,16293194

7427,177,131,-9,-875,-16437,-104,-3997,4225,-999,bf349eeb,3f3245a3,bde07c57,3d9456e3,bf349ee8,3f3245a5,bde07c52,3d9456e1,1,16301713

7428,191,137,6,-865,-16441,-145,-3997,4225,-999,bf349da5,3f32477d,bde06c0d,3d94446b,bf349da2,3f32477f,bde06c08,3d944469,1,16309731

7429,201,137,20,-839,-16435,-167,-3997,4209,-1001,bf349b7a,3f324a52,bde052f6,3d9439aa,bf349b76,3f324a53,bde052f0,3d9439a7,1,16318249

7430,194,141,22,-841,-16440,-166,-4021,4221,-1096,bf349cf6,3f324a31,bde02390,3d941758,bf349cf3,3f324a33,bde0238b,3d941756,1,16326768

7431,175,132,26,-847,-16407,-150,-4021,4221,-1096,bf349faa,3f3248b3,bddff639,3d93fbba,bf349fa7,3f3248b5,bddff633,3d93fbb8,1,16335287

7432,179,128,23,-864,-16438,-174,-3995,4253,-973,bf349dca,3f324ae5,bddfe6ee,3d93fc44,bf349dc7,3f324ae7,bddfe6e8,3d93fc42,1,16343805

7433,179,130,21,-852,-16413,-163,-3993,4227,-1029,bf349daf,3f324bab,bddfccff,3d93efd0,bf349dad,3f324bae,bddfccf9,3d93efcf,1,16352324

7434,182,122,19,-863,-16435,-167,-3993,4227,-1029,bf349d4f,3f324c95,bddfb91d,3d93e4e0,bf349d4d,3f324c98,bddfb917,3d93e4df,1,16360842

7435,184,122,37,-854,-16450,-148,-3999,4235,-968,bf349b33,3f324ef6,bddfa584,3d93f036,bf349b30,3f324ef8,bddfa57d,3d93f034,1,16369361

7436,192,123,55,-859,-16453,-156,-3963,4205,-1043,bf349a70,3f32506f,bddf7ee8,3d93f3de,bf349a6e,3f325072,bddf7ee2,3d93f3dd,1,16377880

7437,187,123,64,-851,-16439,-151,-4013,4245,-995,bf3498d5,3f325291,bddf598f,3d9404c6,bf3498d3,3f325294,bddf5988,3d9404c4,1,16386398

7438,193,124,77,-833,-16423,-183,-4013,4245,-995,bf34966b,3f325596,bddf2d09,3d941c32,bf349669,3f325599,bddf2d02,3d941c2e,1,16394917

7439,185,125,71,-825,-16397,-150,-3965,4175,-965,bf3493c9,3f325897,bddf07de,3d9439cf,bf3493c7,3f32589a,bddf07d7,3d9439cb,1,16403436

7440,176,124,53,-826,-16407,-147,-4011,4209,-978,bf349281,3f325a4e,bddee778,3d944a80,bf34927e,3f325a50,bddee76f,3d944a7b,1,16411954

7441,171,136,45,-814,-16379,-133,-4011,4209,-978,bf3491d8,3f325b90,bddec3be,3d945314,bf3491d5,3f325b92,bddec3b5,3d94530f,1,16419972

7442,184,133,22,-791,-16389,-134,-3989,4199,-1053,bf3492ac,3f325ba9,bdde9deb,3d944400,bf3492a9,3f325bab,bdde9de2,3d9443fb,1,16428491

7443,183,134,-7,-813,-16398,-132,-3993,4201,-1081,bf3494c3,3f325a97,bdde81b4,3d941da5,bf3494c0,3f325a98,bdde81ab,3d941da0,1,16437010

7444,193,141,-19,-828,-16425,-163,-3993,4201,-1081,bf3495f4,3f325a79,bdde6aa1,3d93ec40,bf3495f2,3f325a7a,bdde6a99,3d93ec3c,1,16445528

7445,187,135,-21,-826,-16447,-184,-3963,4181,-986,bf349408,3f325cbe,bdde69da,3d93d482,bf349406,3f325cbf,bdde69d2,3d93d47e,1,16454047

7446,182,133,-17,-828,-16432,-175,-4025,4205,-1023,bf3493f7,3f325d72,bdde5ea5,3d93b438,bf3493f5,3f325d73,bdde5e9d,3d93b434,1,16462565

7447,184,138,-20,-841,-16433,-169,-4025,4205,-1023,bf3493f0,3f325e2b,bdde53bc,3d938ed4,bf3493ee,3f325e2c,bdde53b4,3d938ed0,1,16471084

7448,174,133,-7,-843,-16450,-193,-3983,4227,-1067,bf349523,3f325dcb,bdde3fc6,3d936c13,bf349521,3f325dcc,bdde3fbe,3d936c0f,1,16479603

7449,177,129,-4,-832,-16419,-149,-4001,4241,-994,bf349484,3f325ecc,bdde36c4,3d935cc2,bf349482,3f325ecc,bdde36bc,3d935cbe,1,16488121

7450,182,119,-4,-830,-16431,-176,-4009,4185,-981,bf3492e1,3f3260a0,bdde3423,3d93537d,bf3492df,3f3260a1,bdde341c,3d93537a,1,16496640

7451,186,120,-5,-835,-16422,-159,-4009,4185,-981,bf34913f,3f326274,bdde31e2,3d93488e,bf34913e,3f326276,bdde31dc,3d93488b,1,16505159

7452,185,121,-10,-832,-16419,-151,-4053,4229,-957,bf348f6c,3f326469,bdde3352,3d933e4b,bf348f6b,3f32646b,bdde334c,3d933e48,1,16513677

7453,186,126,-7,-827,-16402,-161,-4033,4199,-1015,bf348f06,3f326558,bdde2740,3d932776,bf348f04,3f326559,bdde2739,3d932772,1,16521695

7454,202,124,-14,-833,-16427,-160,-4033,4199,-1015,bf348dbd,3f32671e,bdde209e,3d930ca9,bf348dbc,3f326720,bdde2098,3d930ca6,1,16530214

7455,210,128,-9,-856,-16446,-177,-3997,4217,-1015,bf348b92,3f3269c4,bdde1ad7,3d92f229,bf348b90,3f3269c6,bdde1ad0,3d92f226,1,16538732

7456,215,125,-1,-876,-16455,-163,-3963,4243,-974,bf3487da,3f326da5,bdde1ceb,3d92e5cc,bf3487d8,3f326da7,bdde1ce4,3d92e5c9,1,16547251

7457,213,125,15,-842,-16433,-196,-3963,4243,-974,bf3483c8,3f3271f4,bdde14a3,3d92e415,bf3483c5,3f3271f5,bdde149b,3d92e412,1,16555769

7458,200,128,21,-836,-16423,-189,-4033,4273,-1009,bf3481f9,3f327456,bdddfe5c,3d92da58,bf3481f7,3f327458,bdddfe55,3d92da56,1,16564288

7459,199,126,17,-841,-16423,-195,-3981,4243,-995,bf347f79,3f327739,bdddefea,3d92d4b1,bf347f77,3f32773b,bdddefe3,3d92d4af,1,16572807

7460,191,116,10,-825,-16466,-210,-3981,4243,-995,bf347d39,3f3279af,bddde791,3d92d29a,bf347d37,3f3279b1,bddde78b,3d92d298,1,16581325

7461,172,121,8,-837,-16421,-187,-3961,4249,-917,bf347a48,3f327c77,bdddea08,3d92dde9,bf347a47,3f327c79,bdddea03,3d92dde7,1,16589844

7462,163,128,2,-811,-16387,-169,-3973,4213,-1039,bf347ba5,3f327bba,bdddd4ef,3d92cc22,bf347ba2,3f327bba,bdddd4e8,3d92cc1f,1,16598363

7463,168,126,-22,-838,-16389,-151,-3981,4249,-952,bf347a95,3f327ccf,bddddd18,3d92bf58,bf347a94,3f327cd0,bddddd13,3d92bf56,1,16606881

7464,165,136,-43,-835,-16402,-179,-3981,4249,-952,bf34799a,3f327de3,bdddea31,3d92a44f,bf347999,3f327de4,bdddea2b,3d92a44c,1,16614899

7465,167,144,-58,-854,-16428,-183,-4023,4237,-1035,bf347b4f,3f327ce2,bdddec95,3d92686c,bf347b4e,3f327ce3,bdddec8f,3d926869,1,16623418

7466,184,142,-51,-847,-16455,-171,-3991,4255,-1106,bf347e2e,3f327b19,bddde0a5,3d92237b,bf347e2c,3f327b1a,bddde09e,3d922378,1,16631936

7467,186,136,-47,-862,-16441,-179,-3991,4255,-1106,bf3480b6,3f32798e,bdddd791,3d91e1dc,bf3480b4,3f32798f,bdddd78a,3d91e1d9,1,16640455

7468,193,131,-34,-852,-16422,-157,-4009,4245,-1031,bf3480a1,3f327a2c,bdddd68a,3d91b90c,bf34809f,3f327a2d,bdddd683,3d91b909,1,16648974

7469,187,119,-22,-897,-16474,-201,-3969,4255,-981,bf347e88,3f327c49,bddde447,3d91a4ed,bf347e86,3f327c4a,bddde440,3d91a4ea,1,16657492

7470,184,115,-6,-875,-16448,-170,-3969,4255,-981,bf347cd3,3f327e02,bddde9a0,3d919ccc,bf347cd1,3f327e04,bddde99a,3d919cc9,1,16666011

7471,187,119,9,-881,-16484,-209,-3963,4201,-1045,bf347c4f,3f327f05,bddddc4e,3d918af3,bf347c4d,3f327f07,bddddc48,3d918af0,1,16674529

7472,181,125,9,-860,-16439,-207,-3965,4255,-1009,bf347b1d,3f328095,bdddd0af,3d918132,bf347b1a,3f328097,bdddd0a8,3d91812d,1,16683048

7473,179,124,15,-858,-16425,-199,-3965,4255,-1009,bf347a17,3f3281f8,bdddc25a,3d917b0b,bf347a14,3f3281fb,bdddc254,3d917b07,1,16691566

7474,176,122,13,-833,-16409,-185,-3977,4261,-1014,bf347999,3f3282d9,bdddb1d4,3d9175e6,bf347996,3f3282dc,bdddb1ce,3d9175e2,1,16700085

7475,168,118,3,-832,-16390,-165,-3981,4259,-1013,bf3479d9,3f3282e7,bddda71e,3d916e80,bf3479d6,3f3282ea,bddda718,3d916e7b,1,16708604

7476,173,122,-2,-852,-16445,-180,-3991,4223,-910,bf3476fd,3f328594,bdddae0d,3d9174cf,bf3476fb,3f328597,bdddae08,3d9174cb,1,16717122

7477,172,130,7,-867,-16486,-196,-3991,4223,-910,bf347417,3f32886f,bdddae49,3d917a42,bf347415,3f328872,bdddae43,3d917a3d,1,16725140

7478,179,132,23,-882,-16471,-195,-3961,4267,-1006,bf347323,3f3289dd,bddd9b3f,3d9172cc,bf347321,3f3289e0,bddd9b39,3d9172c7,1,16733659

7479,180,129,35,-845,-16448,-201,-3953,4231,-1011,bf347205,3f328b80,bddd7fdc,3d9174be,bf347203,3f328b83,bddd7fd6,3d9174b9,1,16742178

7480,186,125,42,-823,-16392,-170,-3953,4231,-1011,bf3470d3,3f328d30,bddd6101,3d917d69,bf3470d0,3f328d32,bddd60fa,3d917d63,1,16750696

7481,196,112,44,-836,-16388,-163,-3989,4243,-947,bf346d75,3f329093,bddd51cb,3d919638,bf346d73,3f329096,bddd51c5,3d919633,1,16759215

7482,199,110,46,-809,-16404,-171,-3959,4193,-994,bf346aeb,3f329358,bddd39b9,3d91aaa8,bf346ae9,3f32935b,bddd39b3,3d91aaa3,1,16767733

7483,197,109,38,-830,-16418,-220,-3959,4193,-994,bf346802,3f32966c,bddd28d9,3d91b940,bf346800,3f32966f,bddd28d2,3d91b93a,1,16776252

7484,176,123,22,-837,-16440,-214,-3965,4225,-937,bf34652d,3f329946,bddd2101,3d91c609,bf34652a,3f329949,bddd20f9,3d91c603,1,16784770

7485,155,129,19,-850,-16445,-180,-4029,4223,-955,bf3464ee,3f3299c9,bddd1241,3d91c7e5,bf3464eb,3f3299cc,bddd1239,3d91c7df,1,16793289

7486,153,132,11,-846,-16419,-193,-4029,4223,-955,bf3464b7,3f329a48,bddd05c5,3d91c4c9,bf3464b3,3f329a4b,bddd05bc,3d91c4c2,1,16801808

7487,154,134,6,-827,-16394,-183,-3941,4233,-955,bf34640f,3f329b21,bddcfc7c,3d91c4e4,bf34640b,3f329b24,bddcfc73,3d91c4dd,1,16810327

7488,158,133,2,-844,-16403,-173,-3991,4245,-1022,bf34658d,3f329a38,bddcea79,3d91b10b,bf346589,3f329a3a,bddcea6f,3d91b104,1,16818845

7489,174,133,-14,-821,-16389,-168,-3977,4235,-996,bf34655a,3f329ad0,bddce363,3d919d17,bf346557,3f329ad3,bddce35b,3d919d11,1,16826863

7490,178,135,-22,-834,-16409,-194,-3977,4235,-996,bf3464af,3f329bde,bddce0ef,3d9182d1,bf3464ac,3f329be1,bddce0e7,3d9182cb,1,16835382

7491,195,134,-25,-863,-16451,-175,-3983,4195,-1011,bf3463cf,3f329d37,bddce025,3d915fae,bf3463cc,3f329d3a,bddce01d,3d915fa8,1,16843900

7492,185,129,-20,-818,-16414,-203,-4005,4261,-1006,bf346301,3f329e6e,bddcdb8d,3d914728,bf3462fd,3f329e70,bddcdb84,3d914722,1,16852419

7493,177,115,-20,-855,-16445,-203,-4005,4261,-1006,bf346299,3f329f02,bddce0b0,3d91324e,bf346295,3f329f04,bddce0a8,3d913248,1,16860937

7494,170,126,-21,-847,-16457,-195,-4017,4185,-1035,bf3463d0,3f329e5c,bddcd890,3d9110c2,bf3463cc,3f329e5e,bddcd887,3d9110bc,1,16869456

7495,170,129,0,-875,-16430,-187,-3983,4275,-949,bf346250,3f329ff3,bddcd8ac,3d910aba,bf34624d,3f329ff5,bddcd8a4,3d910ab4,1,16877975

7496,169,121,9,-828,-16418,-194,-3983,4275,-949,bf34609f,3f32a1aa,bddcd3ee,3d911129,bf34609d,3f32a1ad,bddcd3e7,3d911124,1,16886493

7497,176,125,8,-819,-16424,-180,-3983,4269,-1049,bf34619e,3f32a150,bddcbcb3,3d910134,bf34619b,3f32a152,bddcbcac,3d91012e,1,16895012

7498,185,122,0,-834,-16392,-181,-4009,4255,-1032,bf3461c1,3f32a1b2,bddcae4e,3d90ee42,bf3461bd,3f32a1b3,bddcae46,3d90ee3b,1,16903530

7499,192,127,-10,-821,-16389,-156,-4009,4255,-1032,bf3461e4,3f32a222,bddca0ad,3d90d53d,bf3461e1,3f32a224,bddca0a7,3d90d537,1,16912049

7500,200,121,-26,-842,-16417,-186,-4015,4273,-1052,bf3461e1,3f32a2af,bddc9cd2,3d90b06a,bf3461de,3f32a2b1,bddc9ccc,3d90b064,1,16920568

7501,206,123,-39,-853,-16434,-163,-3995,4193,-1029,bf346124,3f32a3d4,bddca2b9,3d908802,bf346122,3f32a3d7,bddca2b3,3d9087fc,1,16929086

7502,202,133,-33,-868,-16472,-206,-3981,4241,-1014,bf345f95,3f32a5cf,bddca6f2,3d9061d2,bf345f92,3f32a5d1,bddca6ea,3d9061cb,1,16937104

7503,187,130,-27,-860,-16450,-215,-3981,4241,-1014,bf345eba,3f32a70b,bddca85a,3d9041ce,bf345eb7,3f32a70c,bddca851,3d9041c6,1,16945623

7504,177,132,-25,-870,-16431,-182,-4005,4265,-997,bf345e8a,3f32a795,bddca9b8,3d902443,bf345e87,3f32a797,bddca9b0,3d90243b,1,16954141

7505,166,134,-14,-873,-16437,-179,-3961,4237,-1005,bf345ef2,3f32a790,bddca4f8,3d900c3d,bf345eef,3f32a792,bddca4ee,3d900c35,1,16962660

7506,174,131,3,-853,-16431,-194,-3961,4237,-1005,bf345e8a,3f32a862,bddc984b,3d8fff1a,bf345e88,3f32a863,bddc9842,3d8fff13,1,16971179

7507,172,128,12,-852,-16461,-202,-3999,4259,-916,bf345bee,3f32aafc,bddc9479,3d9007ff,bf345beb,3f32aafd,bddc946f,3d9007f7,1,16979697

7508,176,119,18,-849,-16425,-205,-4001,4219,-1002,bf345b47,3f32abf8,bddc84c6,3d9005ad,bf345b45,3f32abfa,bddc84bd,3d9005a6,1,16988216

7509,181,119,16,-844,-16410,-181,-4001,4219,-1002,bf345aa5,3f32acf2,bddc756a,3d90028f,bf345aa3,3f32acf5,bddc7562,3d900288,1,16996734

7510,191,123,13,-838,-16389,-197,-3983,4191,-964,bf345813,3f32afad,bddc6cca,3d9004a0,bf345810,3f32afaf,bddc6cc1,3d900498,1,17005253

7511,188,108,8,-836,-16388,-182,-3959,4253,-957,bf345573,3f32b226,bddc6f67,3d900edc,bf345571,3f32b229,bddc6f5f,3d900ed4,1,17013771

7512,185,109,-9,-857,-16421,-180,-3959,4253,-957,bf345330,3f32b434,bddc7b2d,3d900ed8,bf34532d,3f32b436,bddc7b24,3d900ed0,1,17022290

7513,176,117,-25,-847,-16428,-194,-3965,4205,-1043,bf34540a,3f32b3b8,bddc7a7a,3d8ff200,bf345408,3f32b3ba,bddc7a72,3d8ff1f9,1,17030809

7514,175,128,-40,-864,-16417,-168,-3989,4271,-960,bf345325,3f32b4a4,bddc8a25,3d8fd899,bf345324,3f32b4a7,bddc8a1e,3d8fd893,1,17038826

7515,189,135,-34,-847,-16425,-196,-4011,4261,-932,bf345083,3f32b754,bddc961e,3d8fc3c1,bf345081,3f32b756,bddc9616,3d8fc3bb,1,17047345

7516,183,129,-29,-858,-16423,-188,-4011,4261,-932,bf344e46,3f32b98a,bddca315,3d8fb3a4,bf344e44,3f32b98b,bddca30c,3d8fb39e,1,17055864

7517,179,129,-27,-868,-16471,-204,-4015,4255,-997,bf344dee,3f32ba36,bddca57f,3d8f965c,bf344dec,3f32ba37,bddca576,3d8f9656,1,17064382

7518,179,125,-19,-875,-16431,-201,-4015,4275,-1024,bf344e56,3f32ba3c,bddca27e,3d8f788b,bf344e54,3f32ba3d,bddca276,3d8f7886,1,17072901

7519,191,125,-5,-865,-16423,-187,-4015,4275,-1024,bf344e1c,3f32baf1,bddc9820,3d8f61b3,bf344e1a,3f32baf2,bddc9818,3d8f61ae,1,17081419

7520,190,123,2,-887,-16475,-183,-3993,4249,-1031,bf344e10,3f32bb7a,bddc8cbd,3d8f4cac,bf344e0f,3f32bb7c,bddc8cb6,3d8f4ca8,1,17089938

7521,174,119,12,-865,-16449,-193,-3959,4251,-1121,bf345174,3f32b90a,bddc6c9b,3d8f2fd7,bf345171,3f32b90a,bddc6c92,3d8f2fd2,1,17098456

7522,171,128,21,-865,-16444,-216,-3959,4251,-1121,bf3454a9,3f32b6ed,bddc44a1,3d8f1368,bf3454a7,3f32b6ef,bddc449a,3d8f1364,1,17106975

7523,157,129,23,-853,-16425,-194,-3959,4239,-960,bf3453ee,3f32b7da,bddc3536,3d8f1bfb,bf3453ec,3f32b7dc,bddc352f,3d8f1bf7,1,17115494

7524,147,121,25,-856,-16433,-210,-3979,4235,-1021,bf345563,3f32b6d4,bddc1e28,3d8f1bb2,bf345560,3f32b6d5,bddc1e20,3d8f1bad,1,17124012

7525,152,129,21,-863,-16454,-170,-3979,4235,-1021,bf345725,3f32b59d,bddc0561,3d8f14f1,bf345724,3f32b59f,bddc055b,3d8f14ec,1,17132030

7526,145,123,28,-848,-16422,-194,-4021,4253,-964,bf34577c,3f32b57e,bddbf2b9,3d8f1fd6,bf34577b,3f32b580,bddbf2b3,3d8f1fd1,1,17140549

7527,155,132,30,-835,-16389,-193,-4011,4179,-918,bf3455fe,3f32b71d,bddbe18f,3d8f3170,bf3455fb,3f32b71d,bddbe187,3d8f3169,1,17149067

7528,155,126,20,-838,-16389,-154,-3983,4191,-1007,bf345756,3f32b63a,bddbca58,3d8f2f8a,bf345754,3f32b63a,bddbca50,3d8f2f83,1,17157586

7529,169,129,1,-835,-16390,-155,-3983,4191,-1007,bf3457f7,3f32b60d,bddbbb21,3d8f227d,bf3457f5,3f32b60d,bddbbb1a,3d8f2276,1,17166105

7530,182,132,-6,-863,-16413,-167,-4019,4203,-976,bf345714,3f32b744,bddbb52f,3d8f11c6,bf345713,3f32b745,bddbb529,3d8f11c0,1,17174623

7531,184,130,-10,-854,-16428,-186,-3967,4213,-904,bf34539e,3f32ba93,bddbbe54,3d8f1281,bf34539c,3f32ba93,bddbbe4d,3d8f127a,1,17183142

7532,186,123,-14,-859,-16438,-183,-3967,4213,-904,bf345013,3f32bdd9,bddbcd0d,3d8f1410,bf345011,3f32bdd9,bddbcd06,3d8f1409,1,17191661

7533,181,117,-6,-880,-16454,-199,-4003,4249,-984,bf344ef4,3f32bf11,bddbcfb4,3d8f0870,bf344ef2,3f32bf11,bddbcfad,3d8f0869,1,17200179

7534,179,126,4,-861,-16429,-163,-3993,4229,-1035,bf344fe8,3f32beb0,bddbbe3e,3d8ef4bc,bf344fe7,3f32beb1,bddbbe38,3d8ef4b5,1,17208698

7535,193,124,8,-843,-16418,-181,-3993,4229,-1035,bf344fb7,3f32bf73,bddbab1a,3d8ee4b1,bf344fb6,3f32bf74,bddbab14,3d8ee4aa,1,17217217

7536,204,124,8,-841,-16425,-192,-3987,4233,-1027,bf344e71,3f32c13d,bddb9a56,3d8ed645,bf344e6f,3f32c13e,bddb9a4f,3d8ed63d,1,17225735

7537,201,121,4,-856,-16428,-202,-3945,4249,-931,bf344a4e,3f32c53f,bddb9f28,3d8edc0f,bf344a4c,3f32c53f,bddb9f20,3d8edc07,1,17234254

7538,198,118,5,-840,-16386,-188,-3945,4249,-931,bf34467c,3f32c8e8,bddba341,3d8ee54c,bf34467a,3f32c8e8,bddba339,3d8ee544,1,17242272

7539,192,121,1,-862,-16426,-174,-3987,4229,-1052,bf34471c,3f32c8de,bddb9398,3d8ecdc8,bf34471a,3f32c8de,bddb9390,3d8ecdc0,1,17250790

7540,183,132,-10,-840,-16424,-192,-4031,4215,-1007,bf344709,3f32c97b,bddb8744,3d8eb5e5,bf344707,3f32c97b,bddb873c,3d8eb5dd,1,17259309

7541,179,142,-16,-841,-16386,-169,-3969,4209,-1026,bf3447c9,3f32c967,bddb7860,3d8e9632,bf3447c8,3f32c968,bddb7858,3d8e962a,1,17267828

7542,185,144,-35,-861,-16427,-191,-3969,4209,-1026,bf34480c,3f32c9c6,bddb7402,3d8e6a4f,bf34480b,3f32c9c6,bddb73f9,3d8e6a47,1,17276346

7543,182,136,-52,-841,-16419,-193,-3981,4239,-990,bf34476f,3f32caa7,bddb7f17,3d8e43fd,bf34476e,3f32caa7,bddb7f0e,3d8e43f5,1,17284865

7544,174,131,-64,-863,-16417,-179,-4009,4241,-965,bf3446fb,3f32cb25,bddb965b,3d8e1cb7,bf3446fa,3f32cb26,bddb9653,3d8e1cb0,1,17293383

7545,180,127,-64,-881,-16422,-181,-4009,4241,-965,bf344624,3f32cbf7,bddbb157,3d8df566,bf344623,3f32cbf8,bddbb14f,3d8df55f,1,17301902

7546,182,134,-53,-890,-16424,-183,-3979,4265,-1014,bf344667,3f32cc09,bddbbe3a,3d8dc6ee,bf344665,3f32cc09,bddbbe31,3d8dc6e7,1,17310421

7547,197,129,-40,-901,-16475,-208,-3955,4241,-1011,bf34451f,3f32cd8e,bddbca6a,3d8da0f8,bf34451f,3f32cd90,bddbca63,3d8da0f2,1,17318939

7548,200,125,-20,-899,-16472,-198,-3955,4241,-1011,bf3443a6,3f32cf4a,bddbcead,3d8d869c,bf3443a5,3f32cf4a,bddbcea4,3d8d8694,1,17327458

7549,191,112,-3,-893,-16422,-200,-3963,4239,-993,bf3441fd,3f32d0f9,bddbd2c5,3d8d7ec8,bf3441fc,3f32d0f9,bddbd2bc,3d8d7ec0,1,17335977

7550,196,114,12,-902,-16457,-184,-4007,4225,-1058,bf34428c,3f32d0ff,bddbc1a7,3d8d6abd,bf34428b,3f32d0ff,bddbc19e,3d8d6ab5,1,17343994

7551,191,121,29,-895,-16445,-179,-4007,4225,-1058,bf344367,3f32d0de,bddba43a,3d8d5c91,bf344367,3f32d0de,bddba432,3d8d5c8a,1,17352513

7552,196,118,40,-855,-16394,-197,-4037,4207,-1055,bf3443b0,3f32d161,bddb7e34,3d8d56d7,bf3443b0,3f32d161,bddb7e2c,3d8d56d0,1,17361031

7553,200,122,27,-848,-16394,-190,-3985,4261,-972,bf344104,3f32d447,bddb6e2a,3d8d5f86,bf344103,3f32d447,bddb6e22,3d8d5f7f,1,17369550

7554,196,126,8,-857,-16419,-174,-3985,4261,-972,bf343ef4,3f32d68e,bddb6582,3d8d5cd3,bf343ef3,3f32d68e,bddb657a,3d8d5ccc,1,17378069

7555,211,125,5,-890,-16439,-167,-4001,4257,-1002,bf343d27,3f32d8b9,bddb5cef,3d8d4da3,bf343d27,3f32d8b9,bddb5ce8,3d8d4d9c,1,17386587

7556,214,118,20,-902,-16515,-197,-3997,4215,-1009,bf343ae4,3f32db56,bddb5093,3d8d45c4,bf343ae4,3f32db55,bddb508c,3d8d45bd,1,17395106

7557,205,119,41,-873,-16440,-201,-4009,4231,-943,bf343729,3f32df29,bddb4151,3d8d5800,bf343729,3f32df28,bddb414a,3d8d57f9,1,17403624

7558,192,126,43,-850,-16418,-210,-4009,4231,-943,bf343427,3f32e261,bddb2b48,3d8d6aa7,bf343429,3f32e261,bddb2b43,3d8d6aa1,1,17412143

7559,181,126,31,-849,-16392,-197,-3991,4211,-958,bf343257,3f32e46c,bddb18a5,3d8d7604,bf343259,3f32e46b,bddb18a0,3d8d75fe,1,17420662

7560,173,121,6,-834,-16390,-190,-4009,4233,-1036,bf3433a4,3f32e3ae,bddb0409,3d8d684b,bf3433a5,3f32e3ac,bddb0403,3d8d6845,1,17429180

7561,170,128,-12,-837,-16389,-188,-4009,4233,-1036,bf34354b,3f32e29f,bddaf4cb,3d8d4eb1,bf34354c,3f32e29d,bddaf4c6,3d8d4eab,1,17437198

7562,168,133,-37,-861,-16397,-183,-3985,4263,-945,bf34347a,3f32e374,bddb01b4,3d8d39a7,bf34347c,3f32e373,bddb01b0,3d8d39a2,1,17445717

7563,184,125,-43,-866,-16435,-205,-3989,4205,-998,bf3433f8,3f32e426,bddb0d8b,3d8d185c,bf3433f9,3f32e425,bddb0d86,3d8d1856,1,17454235

7564,190,124,-34,-882,-16435,-181,-3989,4205,-998,bf343360,3f32e4f2,bddb16e8,3d8cfa15,bf343361,3f32e4f1,bddb16e3,3d8cfa0f,1,17462754

7565,199,121,-31,-876,-16428,-192,-4019,4201,-920,bf34300c,3f32e80f,bddb2b64,3d8ceda7,bf34300d,3f32e80e,bddb2b5f,3d8ceda1,1,17471272

7566,201,125,-34,-870,-16416,-208,-4017,4235,-983,bf342e3b,3f32ea0b,bddb354c,3d8cd14c,bf342e3c,3f32ea0a,bddb3547,3d8cd146,1,17479791

7567,196,121,-31,-848,-16418,-214,-4017,4235,-983,bf342c92,3f32ebd6,bddb3d23,3d8cbaf9,bf342c94,3f32ebd6,bddb3d1f,3d8cbaf4,1,17488309

7568,208,123,-25,-899,-16429,-183,-4027,4213,-996,bf342b20,3f32ed8b,bddb4344,3d8c9d12,bf342b22,3f32ed8a,bddb4340,3d8c9d0c,1,17496828

7569,209,129,-30,-906,-16434,-190,-4009,4249,-915,bf342740,3f32f147,bddb572e,3d8c8bd4,bf342741,3f32f146,bddb5729,3d8c8bce,1,17505347

7570,194,129,-17,-893,-16440,-185,-3979,4231,-987,bf342610,3f32f2b5,bddb58f1,3d8c75e5,bf342611,3f32f2b4,bddb58eb,3d8c75df,1,17513865

7571,190,120,-7,-886,-16479,-230,-3979,4231,-987,bf34246f,3f32f47c,bddb59d1,3d8c69f0,bf342470,3f32f47b,bddb59cb,3d8c69ea,1,17522384

7572,183,115,2,-894,-16466,-235,-3949,4195,-969,bf342262,3f32f67b,bddb5d38,3d8c695d,bf342264,3f32f67b,bddb5d33,3d8c6957,1,17530903

7573,173,122,8,-887,-16451,-202,-4021,4213,-1045,bf34242c,3f32f556,bddb482f,3d8c54ea,bf34242e,3f32f556,bddb482a,3d8c54e4,1,17539421

7574,171,118,11,-881,-16439,-190,-4021,4213,-1045,bf342628,3f32f3f3,bddb32c4,3d8c449b,bf342629,3f32f3f2,bddb32bf,3d8c4495,1,17547439

7575,167,111,17,-874,-16425,-206,-4001,4251,-1013,bf3426d4,3f32f389,bddb2513,3d8c448a,bf3426d4,3f32f387,bddb250d,3d8c4484,1,17555958

7576,168,112,15,-866,-16402,-177,-4059,4231,-962,bf3426af,3f32f3c3,bddb1c7b,3d8c4b37,bf3426b1,3f32f3c3,bddb1c77,3d8c4b32,1,17564477

7577,168,122,10,-857,-16408,-168,-4059,4231,-962,bf3426c3,3f32f3e7,bddb1070,3d8c4bcb,bf3426c5,3f32f3e7,bddb106b,3d8c4bc5,1,17572995

7578,173,125,-3,-890,-16390,-179,-4085,4187,-912,bf34254e,3f32f555,bddb1403,3d8c49f2,bf34254f,3f32f553,bddb13fc,3d8c49eb,1,17581514

7579,183,135,-15,-897,-16425,-175,-4013,4187,-1055,bf34276b,3f32f40c,bddb02fd,3d8c2016,bf34276c,3f32f40b,bddb02f6,3d8c200f,1,17590032

7580,189,130,-6,-889,-16429,-185,-4013,4187,-1055,bf3428e3,3f32f35a,bddaefb0,3d8bfd8d,bf3428e4,3f32f35a,bddaefa9,3d8bfd86,1,17598551

7581,200,131,2,-925,-16475,-198,-4029,4217,-1020,bf342874,3f32f460,bddae2fa,3d8be1e6,bf342873,3f32f45e,bddae2f1,3d8be1de,1,17607070

7582,194,125,28,-894,-16465,-188,-4009,4223,-998,bf34276e,3f32f5d4,bddace2a,3d8bdf75,bf34276e,3f32f5d3,bddace23,3d8bdf6e,1,17615588

7583,190,119,40,-883,-16444,-179,-4013,4187,-932,bf3424be,3f32f88d,bddabfc4,3d8bf490,bf3424be,3f32f88c,bddabfbd,3d8bf489,1,17624107

7584,190,120,54,-890,-16429,-193,-4013,4187,-932,bf3421dc,3f32fb86,bddaab67,3d8c0eaa,bf3421dc,3f32fb85,bddaab5f,3d8c0ea2,1,17632625

7585,184,117,71,-852,-16418,-192,-4017,4265,-963,bf342019,3f32fd91,bdda87e3,3d8c2fcd,bf342019,3f32fd90,bdda87db,3d8c2fc5,1,17641144

7586,182,129,66,-840,-16409,-196,-4025,4219,-1016,bf342033,3f32fe40,bdda5614,3d8c3d93,bf342032,3f32fe3f,bdda560b,3d8c3d8b,1,17649162

7587,169,133,40,-839,-16383,-195,-4025,4219,-1016,bf342140,3f32fdf1,bdda2e53,3d8c3dc8,bf342140,3f32fdf1,bdda2e4b,3d8c3dc1,1,17657680

7588,178,126,3,-840,-16381,-173,-3997,4221,-963,bf342068,3f32fef7,bdda2644,3d8c3c2e,bf342068,3f32fef7,bdda263c,3d8c3c27,1,17666199

7589,185,123,-20,-849,-16397,-169,-4043,4265,-934,bf341ecf,3f330086,bdda2e67,3d8c338f,bf341ecf,3f330086,bdda2e5f,3d8c3388,1,17674717

7590,192,121,-33,-869,-16420,-184,-4043,4265,-934,bf341cb8,3f33027e,bdda3feb,3d8c233e,bf341cb7,3f33027d,bdda3fe3,3d8c2336,1,17683236

7591,200,130,-33,-885,-16454,-190,-3985,4267,-929,bf3419ba,3f330564,bdda51ab,3d8c10bb,bf3419ba,3f330563,bdda51a4,3d8c10b3,1,17691754

7592,179,135,-21,-891,-16439,-198,-3981,4261,-1017,bf341a60,3f330537,bdda4da4,3d8bf07c,bf341a60,3f330536,bdda4d9d,3d8bf074,1,17700273

7593,183,136,-15,-878,-16437,-192,-3981,4261,-1017,bf341ace,3f33054b,bdda44fa,3d8bd3dc,bf341acf,3f33054a,bdda44f4,3d8bd3d5,1,17708792

7594,175,126,-12,-870,-16422,-190,-4005,4245,-981,bf341ab1,3f3305a0,bdda4331,3d8bc4e4,bf341ab2,3f33059f,bdda432b,3d8bc4dd,1,17717310

7595,172,124,-13,-883,-16434,-199,-4003,4237,-1016,bf341bb1,3f3304ff,bdda3e1a,3d8badce,bf341bb1,3f3304fd,bdda3e13,3d8badc8,1,17725829

7596,172,123,-6,-889,-16428,-168,-4009,4201,-1039,bf341de2,3f33035d,bdda3100,3d8b93c4,bf341de2,3f33035c,bdda30fa,3d8b93be,1,17734347

7597,184,128,-1,-870,-16432,-171,-4009,4201,-1039,bf341f48,3f33029f,bdda1dbb,3d8b7b22,bf341f48,3f33029e,bdda1db6,3d8b7b1c,1,17742365

7598,194,120,13,-890,-16432,-155,-4051,4247,-1029,bf342018,3f33025f,bdda0a67,3d8b6aa6,bf342018,3f33025e,bdda0a62,3d8b6aa0,1,17750884

7599,202,114,15,-896,-16438,-167,-4037,4205,-983,bf341eab,3f3303fc,bdda02d6,3d8b6770,bf341eab,3f3303fc,bdda02d2,3d8b676b,1,17759402

7600,207,127,24,-873,-16438,-196,-4037,4205,-983,bf341ca0,3f330674,bdd9ef41,3d8b6438,bf341c9f,3f330673,bdd9ef3c,3d8b6432,1,17767921

7601,203,123,34,-880,-16433,-184,-4017,4223,-1015,bf341bc2,3f3307dd,bdd9d4bd,3d8b6166,bf341bc1,3f3307dd,bdd9d4b9,3d8b6161,1,17776439

7602,208,120,37,-870,-16423,-207,-3997,4247,-1039,bf341ad9,3f330962,bdd9b717,3d8b5e32,bf341ad8,3f330962,bdd9b713,3d8b5e2d,1,17784958

7603,209,124,35,-864,-16426,-177,-3997,4247,-1039,bf341a54,3f330a92,bdd9975a,3d8b58bb,bf341a53,3f330a92,bdd99756,3d8b58b6,1,17793476

7604,200,119,28,-875,-16418,-170,-3971,4209,-987,bf3418a8,3f330c7b,bdd9880c,3d8b5e1e,bf3418a8,3f330c7b,bdd98808,3d8b5e19,1,17801995

7605,198,124,29,-850,-16438,-201,-4011,4229,-977,bf3416b4,3f330ec1,bdd973cb,3d8b6424,bf3416b4,3f330ec0,bdd973c6,3d8b641e,1,17810514

7606,192,117,23,-848,-16446,-207,-4011,4229,-977,bf341506,3f3310a2,bdd96558,3d8b6b16,bf341507,3f3310a2,bdd96554,3d8b6b10,1,17819032

7607,187,117,19,-864,-16419,-176,-4029,4231,-1038,bf341622,3f331019,bdd94de6,3d8b6023,bf341623,3f331018,bdd94de1,3d8b601c,1,17827551

7608,177,125,19,-866,-16407,-184,-4021,4243,-1002,bf34168e,3f33101d,bdd93a0d,3d8b5aa0,bf341690,3f33101c,bdd93a09,3d8b5a99,1,17836070

7609,181,125,15,-869,-16428,-183,-4003,4199,-1024,bf341762,3f330fd6,bdd924d6,3d8b4e2e,bf341764,3f330fd5,bdd924d2,3d8b4e27,1,17844588

7610,181,122,9,-866,-16425,-188,-4003,4199,-1024,bf341822,3f330f92,bdd913c0,3d8b409b,bf341823,3f330f91,bdd913bb,3d8b4093,1,17852606

7611,184,111,6,-851,-16412,-202,-4003,4221,-1024,bf341863,3f330fa1,bdd90899,3d8b3874,bf341863,3f330f9f,bdd90893,3d8b386b,1,17861125

7612,180,115,0,-850,-16413,-162,-3983,4221,-964,bf34177d,3f331081,bdd908ae,3d8b3a69,bf34177e,3f33107f,bdd908a9,3d8b3a61,1,17869643

7613,188,115,2,-860,-16441,-206,-3983,4221,-964,bf34159a,3f33125e,bdd909c0,3d8b3b77,bf34159c,3f33125c,bdd909bc,3d8b3b70,1,17878162

7614,186,114,-2,-850,-16422,-166,-3977,4231,-1057,bf341739,3f33113d,bdd8fb69,3d8b28a2,bf34173b,3f33113c,bdd8fb66,3d8b289c,1,17886680

7615,179,114,-11,-863,-16403,-168,-3969,4255,-952,bf3415f7,3f331254,bdd90513,3d8b27df,bf3415f8,3f331253,bdd9050f,3d8b27d9,1,17895199

7616,177,120,-26,-832,-16416,-198,-3969,4255,-952,bf341498,3f331398,bdd9102a,3d8b202a,bf341498,3f331396,bdd91025,3d8b2025,1,17903718

7617,177,123,-46,-859,-16426,-187,-4029,4199,-991,bf341512,3f331349,bdd91c21,3d8aff26,bf341513,3f331349,bdd91c1e,3d8aff22,1,17912236

7618,172,116,-50,-890,-16445,-193,-4035,4241,-981,bf34157b,3f3312d9,bdd93200,3d8adf54,bf34157b,3f3312d9,bdd931fc,3d8adf4f,1,17920755

7619,171,111,-48,-849,-16404,-269,-4035,4241,-981,bf3414e2,3f33135c,bdd94670,3d8ac6a5,bf3414e2,3f33135c,bdd9466c,3d8ac6a0,1,17929274

7620,152,58,-79,-979,-16543,53,-3995,4219,-985,bf341970,3f330dc7,bdd9899c,3d8aaffe,bf341970,3f330dc6,bdd98998,3d8aaff8,1,17937792

7621,154,51,-69,-882,-16413,-127,-4013,4207,-1025,bf341c83,3f3309eb,bdd9bc53,3d8a9ffd,bf341c83,3f3309ea,bdd9bc4f,3d8a9ff7,1,17946311

7622,184,103,-26,-932,-16486,-153,-4025,4213,-1008,bf341d3c,3f330931,bdd9cb71,3d8a8852,bf341d3b,3f33092f,bdd9cb6d,3d8a884b,1,17954829

7623,191,121,-6,-932,-16487,-175,-4025,4213,-1008,bf341d47,3f330977,bdd9c936,3d8a714e,bf341d47,3f330975,bdd9c933,3d8a7147,1,17962847

7624,192,126,22,-923,-16493,-186,-4053,4215,-1071,bf341f4d,3f330862,bdd9a8ce,3d8a5558,bf341f4e,3f330861,bdd9a8cd,3d8a5551,1,17971366

7625,194,125,45,-882,-16455,-172,-4001,4259,-1061,bf342060,3f330825,bdd97fda,3d8a5033,bf342060,3f330823,bdd97fd8,3d8a502b,1,17979884

7626,185,128,61,-860,-16453,-212,-4001,4259,-1061,bf34214e,3f330823,bdd94c5b,3d8a53ff,bf34214f,3f330821,bdd94c5a,3d8a53f8,1,17988403

7627,175,118,69,-886,-16439,-179,-4019,4255,-943,bf341fb3,3f3309e5,bdd92f06,3d8a7642,bf341fb4,3f3309e3,bdd92f05,3d8a763b,1,17996921

7628,173,113,67,-874,-16415,-151,-3999,4205,-1000,bf342016,3f3309e4,bdd90abb,3d8a8f89,bf342017,3f3309e2,bdd90aba,3d8a8f82,1,18005440

7629,175,121,71,-855,-16442,-158,-3999,4205,-1000,bf342048,3f330a36,bdd8df25,3d8aa8a1,bf34204a,3f330a35,bdd8df25,3d8aa89b,1,18013959

7630,183,129,68,-860,-16391,-165,-4019,4235,-994,bf341ff2,3f330b28,bdd8b33f,3d8abb4f,bf341ff3,3f330b27,bdd8b33e,3d8abb48,1,18022477

7631,177,117,47,-852,-16392,-151,-3997,4201,-1061,bf34223c,3f3309a1,bdd889a5,3d8abc4b,bf34223d,3f3309a0,bdd889a4,3d8abc44,1,18030996

7632,181,124,29,-833,-16384,-161,-3997,4201,-1061,bf34243f,3f33086d,bdd863de,3d8ab31b,bf342440,3f33086c,bdd863dd,3d8ab314,1,18039515

7633,194,126,2,-851,-16395,-163,-3989,4205,-998,bf342380,3f330982,bdd8591c,3d8aa840,bf342381,3f330981,bdd8591b,3d8aa839,1,18048033

7634,199,127,-6,-857,-16418,-167,-4003,4247,-1072,bf3424f8,3f3308d3,bdd8447a,3d8a877c,bf3424f9,3f3308d2,bdd84479,3d8a8775,1,18056552

7635,202,132,-12,-859,-16421,-183,-3997,4285,-1070,bf3425ea,3f3308a6,bdd832a2,3d8a6306,bf3425eb,3f3308a5,bdd832a0,3d8a62fe,1,18064570

7636,196,127,-22,-842,-16387,-156,-3997,4285,-1070,bf342791,3f3307ae,bdd82549,3d8a3e7e,bf342791,3f3307ac,bdd82546,3d8a3e75,1,18073088

7637,203,130,-32,-875,-16438,-208,-4011,4275,-994,bf3425ee,3f330991,bdd82c5d,3d8a1f65,bf3425ef,3f330990,bdd82c5b,3d8a1f5d,1,18081607

7638,197,130,-34,-883,-16456,-191,-4003,4239,-1024,bf3425c7,3f330a22,bdd82f2f,3d89f8d4,bf3425c8,3f330a21,bdd82f2d,3d89f8cc,1,18090125

7639,188,128,-31,-873,-16425,-208,-4003,4239,-1024,bf3425e1,3f330a6c,bdd83071,3d89d64c,bf3425e1,3f330a6c,bdd83070,3d89d645,1,18098644

7640,185,130,-32,-887,-16449,-184,-4025,4221,-1070,bf342837,3f3308d6,bdd82767,3d89a51d,bf342836,3f3308d5,bdd82765,3d89a516,1,18107163

7641,191,129,-19,-883,-16470,-185,-3935,4249,-1016,bf3427a4,3f3309b1,bdd82780,3d898d43,bf3427a4,3f3309b2,bdd82780,3d898d3d,1,18115681

7642,173,126,-11,-874,-16396,-152,-3935,4249,-1016,bf342876,3f330926,bdd82345,3d897cb8,bf342875,3f330926,bdd82343,3d897cb1,1,18124200

7643,187,128,-11,-872,-16414,-190,-3987,4211,-1058,bf3429b5,3f33088c,bdd81456,3d895d6c,bf3429b6,3f33088e,bdd81456,3d895d66,1,18132719

7644,203,123,-9,-861,-16413,-156,-3961,4215,-1052,bf342a01,3f3308c6,bdd80852,3d8944e0,bf342a00,3f3308c6,bdd8084f,3d8944d9,1,18141237

7645,197,127,-18,-864,-16420,-152,-3961,4215,-1052,bf342aca,3f330888,bdd7fe88,3d892674,bf342aca,3f330889,bdd7fe86,3d89266e,1,18149756

7646,215,119,-19,-897,-16428,-174,-3967,4271,-1031,bf34297d,3f330a17,bdd801f7,3d890be7,bf34297d,3f330a17,bdd801f4,3d890be1,1,18158275

7647,223,116,-15,-895,-16444,-188,-3991,4263,-1095,bf3429cb,3f330a72,bdd7f7da,3d88e4a5,bf3429cb,3f330a72,bdd7f7d7,3d88e49f,1,18166292

7648,219,116,-4,-880,-16423,-195,-4031,4251,-999,bf342752,3f330d1f,bdd7f678,3d88d71b,bf342751,3f330d1f,bdd7f674,3d88d715,1,18174811

7649,220,118,-7,-884,-16422,-194,-4031,4251,-999,bf3424df,3f330fcc,bdd7f5e7,3d88c6bc,bf3424de,3f330fcc,bdd7f5e3,3d88c6b6,1,18183329

7650,205,125,-15,-900,-16429,-189,-3967,4295,-1036,bf342433,3f3310d7,bdd7f3c4,3d88ab48,bf342432,3f3310d7,bdd7f3c0,3d88ab42,1,18191848

7651,196,129,-19,-879,-16430,-171,-4003,4249,-1059,bf342562,3f33104f,bdd7e7c0,3d888702,bf342561,3f331050,bdd7e7bd,3d8886fc,1,18200367

7652,187,129,-30,-861,-16451,-188,-4003,4249,-1059,bf3426e0,3f330f6f,bdd7deca,3d886065,bf3426df,3f330f70,bdd7dec7,3d88605f,1,18208885

7653,173,118,-41,-859,-16427,-237,-4017,4225,-1000,bf3426be,3f330fa9,bdd7ea30,3d88467a,bf3426bc,3f330fa9,bdd7ea2c,3d884674,1,18217404

7654,128,128,-72,-834,-16475,-253,-3993,4257,-979,bf34288e,3f330dd3,bdd7ffaa,3d882517,bf34288c,3f330dd3,bdd7ffa6,3d882511,1,18225922

7655,71,141,-116,-837,-16484,-281,-3993,4257,-979,bf342dbf,3f3308a2,bdd821af,3d87eca0,bf342dbe,3f3308a4,bdd821ad,3d87ec9b,1,18234441

7656,-20,148,-174,-846,-16534,-334,-4013,4239,-1042,bf3439e1,3f32fcba,bdd84d36,3d878d59,bf3439df,3f32fcbb,bdd84d33,3d878d53,1,18242959

7657,-119,151,-228,-890,-16525,-271,-4009,4259,-1007,bf344bc6,3f32eaa2,bdd895b8,3d871ecb,bf344bc5,3f32eaa4,bdd895b6,3d871ec5,1,18251478

7658,-223,148,-270,-938,-16586,-213,-4009,4259,-1007,bf346485,3f32d168,bdd8f1c2,3d86a256,bf346483,3f32d169,bdd8f1be,3d86a24f,1,18259496

7659,-266,145,-260,-800,-16516,-253,-3965,4217,-1036,bf347f56,3f32b63c,bdd9383d,3d8639d2,bf347f54,3f32b63d,bdd93839,3d8639cb,1,18268014

7660,-394,117,-289,-1116,-17208,-403,-3995,4233,-1023,bf349fd3,3f329481,bdd9b166,3d85c184,bf349fd1,3f329482,bdd9b162,3d85c17d,1,18276533

7661,-648,95,-285,-787,-16594,-451,-4013,4231,-1010,bf34cd66,3f326545,bdda0ef6,3d8585a9,bf34cd65,3f326548,bdda0ef4,3d8585a3,1,18285052

7662,-897,73,-343,-1319,-17970,-116,-4013,4231,-1010,bf350d6e,3f32226e,bddaaba3,3d8523f5,bf350d6b,3f32226f,bddaab9f,3d8523ee,1,18293570

7663,-1350,102,-572,-467,-16833,-649,-4043,4217,-944,bf35616a,3f31cac3,bddb5ecd,3d84b481,bf356169,3f31cac5,bddb5ecb,3d84b47b,1,18302089

7664,-1982,89,-981,278,-19062,-1921,-4057,4237,-1038,bf35d6bb,3f314f7b,bddc971a,3d83c794,bf35d6ba,3f314f7c,bddc9718,3d83c78e,1,18310608

7665,-3162,-99,-1281,25,-21673,-3778,-4057,4237,-1038,bf368baf,3f308d94,bddea4f2,3d82dc51,bf368baf,3f308d96,bddea4f1,3d82dc4b,1,18319133

7666,-4758,-568,-1381,-1060,-19174,-259,-4017,4257,-1134,bf37a65c,3f2f58cb,bde1800b,3d82e32c,bf37a65b,3f2f58cc,bde18008,3d82e325,1,18327652

7667,-6049,-585,-1928,9,-19536,-2096,-4079,4195,-1208,bf39005c,3f2ddaac,bde4fbf6,3d8274a0,bf39005c,3f2ddaae,bde4fbf4,3d827499,1,18336170

7668,-7533,-806,-2277,-466,-19567,-1304,-4079,4195,-1208,bf3aac6a,3f2bf888,bde94c5b,3d82222e,bf3aac69,3f2bf88a,bde94c58,3d822226,1,18344689

7669,-9074,-1080,-2644,-2367,-21160,-2401,-4081,4183,-1172,bf3ca51b,3f29b054,bdeee3e3,3d81c352,bf3ca51a,3f29b056,bdeee3e0,3d81c34a,1,18353208

7670,-10432,-1216,-2986,-3041,-17434,655,-4075,4209,-1282,bf3eedc5,3f26fa5c,bdf55c69,3d80f8b9,bf3eedc4,3f26fa5e,bdf55c67,3d80f8b1,1,18361726

7671,-11238,-591,-2476,-2930,-12435,4366,-4075,4209,-1282,bf417fcb,3f23e70c,bdf97726,3d80688d,bf417fca,3f23e70e,bdf97724,3d806885,1,18369744

7672,-10447,413,-2583,-2236,-15309,2591,-4093,4205,-1293,bf43cdc7,3f211e4b,bdfbc2c4,3d7ba74a,bf43cdc7,3f211e4e,bdfbc2c3,3d7ba73b,1,18378263

7673,-9496,571,-2022,-1667,-15533,2229,-4105,4241,-1410,bf45d42c,3f1ea060,bdfc95dd,3d78270b,bf45d429,3f1ea061,bdfc95d9,3d7826f9,1,18386781

7674,-9083,381,-1260,-4136,-13395,4465,-4117,4253,-1541,bf47d32c,3f1c1804,bdfd7256,3d765825,bf47d32b,3f1c1807,bdfd7256,3d765816,1,18395300

7675,-8342,689,-803,-4132,-12303,4779,-4117,4253,-1541,bf49a5bb,3f19c00e,bdfd106d,3d750aee,bf49a5bb,3f19c012,bdfd106e,3d750ae0,1,18403819

7676,-7089,1344,-861,-3580,-15187,4028,-4109,4199,-1582,bf4b28ed,3f17d004,bdfb85a6,3d70cfd8,bf4b28eb,3f17d007,bdfb85a4,3d70cfc8,1,18412337

7677,-6480,1772,-626,-3740,-15178,2676,-4105,4157,-1677,bf4c7e34,3f161d72,bdf8acdd,3d6c29d6,bf4c7e31,3f161d74,bdf8acda,3d6c29c5,1,18420856

7678,-5953,1997,-467,-226,-21256,3522,-4105,4157,-1677,bf4db2fa,3f149907,bdf40669,3d690a16,bf4db2f8,3f14990a,bdf40667,3d690a06,1,18429375

7679,-6391,1579,58,-2044,-18470,4578,-4109,4215,-1640,bf4ef669,3f12f0e7,bdefd00f,3d691865,bf4ef668,3f12f0eb,bdefd00e,3d691856,1,18437893

7680,-7563,989,363,-7587,-12525,11775,-4125,4185,-1736,bf5086a4,3f10c651,bdeccb3f,3d6bc1b2,bf5086a1,3f10c654,bdeccb3c,3d6bc1a2,1,18446412

7681,-6897,1807,1357,-4220,-16491,8754,-4125,4185,-1736,bf51f93d,3f0ecc2f,bde6ae81,3d6fb75c,bf51f93a,3f0ecc32,bde6ae7e,3d6fb74c,1,18454930

7682,-6477,2052,2513,-3298,-13532,3267,-4097,4235,-1739,bf53281c,3f0d312b,bdde7571,3d781450,bf532819,3f0d312e,bdde756e,3d78143f,1,18463449

7683,-6587,499,1807,-1272,-11599,4583,-4099,4273,-1893,bf545b54,3f0b6bae,bdd9c875,3d8158e8,bf545b52,3f0b6bb1,bdd9c873,3d8158df,1,18471467

7684,-7220,186,-906,2306,-15608,7407,-4099,4273,-1893,bf55b68f,3f095b13,bdd84bb4,3d824144,bf55b68d,3f095b16,bdd84bb2,3d82413b,1,18479985

7685,-7542,889,-960,3792,-14486,5271,-4163,4183,-1860,bf57166c,3f0744b0,bdd56261,3d821312,bf57166a,3f0744b3,bdd5625f,3d821309,1,18488504

7686,-7229,28,-38,1055,-15504,7595,-4095,4151,-1981,bf58609e,3f0535a9,bdd3088b,3d84f16f,bf58609d,3f0535ac,bdd3088a,3d84f166,1,18497023

7687,-6919,-513,1182,1124,-14798,7719,-4037,4163,-1981,bf598c6d,3f0341a0,bdd0421e,3d8b30b9,bf598c6c,3f0341a3,bdd0421d,3d8b30b0,1,18505542

7688,-6437,-175,3060,222,-16029,6813,-4037,4163,-1981,bf5a88f5,3f019339,bdcaea68,3d94addd,bf5a88f3,3f01933b,bdcaea66,3d94add3,1,18514060

7689,-6908,-933,4268,-427,-13741,8325,-4037,4161,-2126,bf5ba229,3eff3008,bdc51aa2,3da1f99b,bf5ba228,3eff300d,bdc51aa1,3da1f992,1,18522579

7690,-7877,-1827,3999,-1336,-13722,9054,-4029,4173,-2025,bf5cdce5,3efa76a3,bdc2532b,3dafbd4c,bf5cdce5,3efa76a9,bdc2532b,3dafbd43,1,18531097

7691,-9337,-2430,3141,-1958,-14029,11059,-4029,4173,-2025,bf5e4ee3,3ef4b819,bdc20e8f,3dbc7009,bf5e4ee1,3ef4b81d,bdc20e8e,3dbc6fff,1,18539616

7692,-11648,-2635,2159,-1414,-14692,9672,-3963,4165,-2187,bf60069f,3eedc3c9,bdc2ba20,3dc7aa94,bf60069e,3eedc3cd,bdc2ba20,3dc7aa8a,1,18548135

7693,-14716,-3009,936,-231,-14014,8530,-4035,4135,-2243,bf621a5d,3ee520e9,bdc44a08,3dd199ef,bf621a5c,3ee520ed,bdc44a08,3dd199e5,1,18556654

7694,-17790,-3295,-718,-956,-11409,8385,-4035,4135,-2243,bf649bb9,3eda541d,bdc7f70b,3dd88941,bf649bb9,3eda5421,bdc7f70c,3dd88938,1,18564672

7695,-21189,-3257,-4101,1724,-14365,5869,-4019,4017,-2438,bf677c6f,3ecd7c93,bdcde9b2,3dd85f33,bf677c6e,3ecd7c97,bdcde9b2,3dd85f2a,1,18573190

7696,-23458,-2981,-6013,2243,-10988,6352,-4075,3925,-2577,bf6a8d6d,3ebef904,bdd3e932,3dd3f049,bf6a8d6d,3ebef909,bdd3e934,3dd3f041,1,18581709

7697,-23386,-2928,-6116,177,-8801,8615,-4075,3925,-2577,bf6d6d2f,3eb024f6,bdd951a3,3dcf13bb,bf6d6d2f,3eb024fb,bdd951a5,3dcf13b3,1,18590227

7698,-20520,-2238,-5567,-2463,-7356,10475,-4127,3751,-2609,bf6fd6f2,3ea289e5,bddf07d6,3dc8f5cb,bf6fd6f3,3ea289ea,bddf07d9,3dc8f5c4,1,18598746

7699,-16370,-1100,-5115,-2139,-5072,10122,-4129,3641,-2695,bf71b073,3e977a5b,bde21664,3dc1dd30,bf71b072,3e977a5e,bde21665,3dc1dd27,1,18607265

7700,-13276,-1109,-5319,-3364,-5260,13728,-4171,3539,-2749,bf7321d5,3e8e41cf,bde619a6,3db93fa3,bf7321d6,3e8e41d3,bde619aa,3db93f9b,1,18615783

7701,-11514,-1483,-4976,-5118,-3854,15692,-4171,3539,-2749,bf744db8,3e861938,bdeb61f6,3db12ad2,bf744db9,3e86193c,bdeb61fa,3db12aca,1,18624302

7702,-9620,-1562,-3860,-6084,2565,17804,-4207,3439,-2734,bf7537c3,3e7e597b,bdf04234,3dab61a2,bf7537c2,3e7e5981,bdf04238,3dab6198,1,18632821

7703,-6947,-942,-3161,-7953,-3698,18910,-4217,3387,-2823,bf75debc,3e7408b2,bdf42a13,3da5f6bc,bf75debb,3e7408b9,bdf42a17,3da5f6b2,1,18641339

7704,-4098,80,-1567,-5363,-4280,16202,-4217,3387,-2823,bf764806,3e6d9b9b,bdf4e9f9,3da31aaf,bf764805,3e6d9ba1,bdf4e9fd,3da31aa5,1,18649858

7705,-2889,859,-823,-3408,-6705,14448,-4209,3341,-2813,bf769ba7,3e68dbff,bdf33281,3da1786b,bf769ba6,3e68dc05,bdf33285,3da17861,1,18658377

7706,-2990,999,-1114,-2801,-6751,13286,-4221,3341,-2839,bf76ea96,3e649edf,bdf08389,3d9f8c53,bf76ea97,3e649ee7,bdf0838f,3d9f8c4b,1,18666895

7707,-4007,463,-1862,-2345,-3832,11533,-4221,3341,-2839,bf775454,3e5e3c9c,bdefab99,3d9be8a3,bf775455,3e5e3ca4,bdefab9f,3d9be89b,1,18674913

7708,-6129,-909,-3960,-1515,-4301,12773,-4223,3271,-2866,bf77e01c,3e54dd8f,bdf24540,3d9486a6,bf77e01b,3e54dd96,bdf24544,3d94869d,1,18683432

7709,-9169,-1829,-6584,-821,-5413,14551,-4267,3161,-2914,bf789b49,3e47614b,bdf78bb6,3d87f1b1,bf789b48,3e476151,bdf78bbb,3d87f1a9,1,18691950

7710,-12150,-1805,-7469,-3046,-5823,14608,-4267,3161,-2914,bf797ad6,3e35a50f,bdfd1731,3d741ea7,bf797ad5,3e35a515,bdfd1736,3d741e96,1,18700469

7711,-13346,-1168,-7006,-3117,-4450,14207,-4293,2987,-2926,bf7a58b1,3e223d99,be00825c,3d59d652,bf7a58b1,3e223da0,be008260,3d59d642,1,18708988

7712,-13180,-951,-6550,-3562,-4233,13396,-4299,2903,-3040,bf7b162f,3e0f2354,be02922f,3d40efce,bf7b1630,3e0f235c,be029234,3d40efc0,1,18717506

7713,-13460,-359,-6608,-3409,-4274,15619,-4319,2737,-2967,bf7bc959,3df78830,be02fb7d,3d27bcfc,bf7bc958,3df7883d,be02fb81,3d27bcee,1,18726025

7714,-15635,1702,-6324,-3018,-7452,12407,-4319,2737,-2967,bf7c7bf5,3dce441c,be010a84,3d1114e8,bf7c7bf6,3dce4429,be010a88,3d1114db,1,18734543

7715,-23330,5850,-6452,-2624,-4887,12458,-4255,2521,-3029,bf7d6f5b,3d914212,bdf234eb,3cf8b0ac,bf7d6f5b,3d91421e,bdf234f2,3cf8b091,1,18743062

7716,-27147,9253,-7584,-16071,9936,24680,-4191,2325,-3083,bf7e4fa6,3d0e1143,bdda73d9,3cc39b58,bf7e4fa6,3d0e115a,bdda73e0,3cc39b3e,1,18751581

7717,-5806,4848,-1262,4734,-7482,6487,-4191,2325,-3083,bf7e8d09,3ce28ea8,bdccc42e,3cbc1f67,bf7e8d09,3ce28ed5,bdccc435,3cbc1f4d,1,18760099

7718,-2110,1100,1649,-2315,-86,16149,-4187,2341,-3068,bf7e9beb,3cc83fc5,bdc8a033,3ccfc6b1,bf7e9be9,3cc83ff0,bdc8a039,3ccfc694,1,18768618

7719,-2932,-125,1466,-4857,-2686,18102,-4231,2315,-3079,bf7e984d,3cae6e95,bdc9f9eb,3ce2f4ef,bf7e984d,3cae6ec2,bdc9f9f2,3ce2f4d4,1,18776636

7720,-2747,1373,3436,-3116,-211,15939,-4231,2315,-3079,bf7ea064,3c8ce624,bdc6110d,3d04de84,bf7ea064,3c8ce652,bdc61114,3d04de76,1,18785155

7721,-3262,1460,3411,-2677,-35,16099,-4177,2327,-3129,bf7ea986,3c4f5a4a,bdc0f7a4,3d18808d,bf7ea986,3c4f5aa5,bdc0f7ab,3d18807f,1,18793673

7722,-3456,1234,3415,-2501,3041,15116,-4159,2329,-3125,bf7eab6e,3bfa5816,bdbd58fe,3d2bd81b,bf7eab6e,3bfa58cc,bdbd5905,3d2bd80d,1,18802192

7723,-2803,1334,3920,-4032,3553,15198,-4159,2329,-3125,bf7ea6ac,3b68203c,bdba3510,3d417d5c,bf7ea6ab,3b6821a7,bdba3516,3d417d4e,1,18810710

7724,-2367,1229,3462,-4469,4034,15393,-4189,2335,-3157,bf7e9fc0,b83212de,bdb78146,3d5489d7,bf7e9fc1,b831b821,bdb7814e,3d5489cb,1,18819229

7725,-2055,1278,2427,-3776,4658,14668,-4219,2303,-3104,bf7e9c75,bb5d11ce,bdb47a64,3d61f8ef,bf7e9c76,bb5d1064,bdb47a6c,3d61f8e3,1,18827748

7726,-1499,1162,1353,-3547,5018,14678,-4219,2303,-3104,bf7e9c77,bbc8e062,bdb1bdf9,3d698a02,bf7e9c78,bbc8dfae,bdb1be01,3d6989f6,1,18836266

7727,-596,1166,891,-3120,5186,13972,-4167,2303,-3074,bf7e9ecf,bbff48d8,bdaf080e,3d6e4bc5,bf7e9ece,bbff4822,bdaf0814,3d6e4bb7,1,18844785

7728,708,1237,814,-3401,4655,14608,-4117,2307,-3128,bf7ea250,bbff1934,bdac6f1f,3d72191f,bf7ea251,bbff1881,bdac6f27,3d721913,1,18853304

7729,1804,1298,516,-3040,3528,14826,-4145,2317,-3121,bf7ea869,bbd21c01,bda9c54d,3d73e22d,bf7ea86a,bbd21b4e,bda9c555,3d73e220,1,18861822

7730,2566,1333,322,-2941,2071,15599,-4145,2317,-3121,bf7eafb4,bb85cce5,bda7264f,3d745953,bf7eafb4,bb85cc32,bda72655,3d745945,1,18869840

7731,3172,1493,826,-1363,666,15020,-4127,2307,-3120,bf7eb955,b9fa13d1,bda28a4c,3d774c20,bf7eb955,b9fa08c9,bda28a52,3d774c12,1,18878359

7732,2925,1050,518,-1501,-3090,16503,-4099,2377,-3042,bf7ebd39,3b811f4b,bda00dcd,3d794061,bf7ebd39,3b811ffb,bda00dd3,3d794053,1,18886878

7733,1581,458,120,-2128,-1235,16254,-4099,2377,-3042,bf7ebecb,3bd65f97,bd9ed8ef,3d79d00c,bf7ebecc,3bd66046,bd9ed8f6,3d79cfff,1,18895396

7734,716,275,220,-1749,1170,15177,-4123,2339,-3176,bf7ec0bd,3bd4b071,bd9dd077,3d7a793b,bf7ec0bc,3bd4b11e,bd9dd07d,3d7a792c,1,18903915

7735,610,-9,161,-1936,337,15467,-4093,2415,-3217,bf7ec19b,3bd30959,bd9d08ab,3d7b9211,bf7ec19c,3bd30a06,bd9d08b3,3d7b9204,1,18912434

7736,497,-333,35,-2425,1084,15655,-4093,2415,-3217,bf7ebed8,3bc36f70,bd9e2c63,3d7bb4f7,bf7ebed7,3bc3701c,bd9e2c6a,3d7bb4e8,1,18920952

7737,524,-413,61,-2117,1930,15076,-4143,2401,-3093,bf7ebc01,3bb528e0,bd9f58da,3d7bcb02,bf7ebbfe,3bb5298c,bd9f58df,3d7bcaf1,1,18929471

7738,842,-578,81,-2651,1627,15455,-4145,2399,-3111,bf7eb6cd,3bb382ef,bda163c5,3d7bde4c,bf7eb6cd,3bb3839d,bda163cc,3d7bde3e,1,18937989

7739,1164,-631,121,-3161,1115,16099,-4145,2399,-3111,bf7eaf78,3bc11b36,bda41db0,3d7c13fb,bf7eaf79,3bc11be4,bda41db6,3d7c13ee,1,18946508

7740,1287,-499,130,-3148,273,16095,-4145,2387,-3239,bf7ea748,3bd9a0ff,bda7089b,3d7c5f75,bf7ea749,3bd9a1a9,bda708a0,3d7c5f68,1,18955027

7741,1164,-337,155,-2653,-374,15904,-4139,2457,-3200,bf7e9fc4,3c0a49d5,bda88c02,3d7f03e1,bf7e9fc5,3c0a4a27,bda88c07,3d7f03d5,1,18963546

7742,847,-318,142,-2789,-84,15888,-4163,2397,-3116,bf7e999e,3c0befe8,bdaa83c9,3d7fdc55,bf7e999d,3c0bf034,bdaa83cc,3d7fdc47,1,18972064

7743,568,-316,169,-2792,316,15691,-4163,2397,-3116,bf7e9509,3c0623ad,bdac0408,3d804c02,bf7e950a,3c0623f9,bdac040d,3d804bfc,1,18980082

7744,446,-289,243,-2868,432,15668,-4141,2427,-3181,bf7e8fd6,3bfc4543,bdad7ff5,3d810123,bf7e8fd6,3bfc45d9,bdad7ffa,3d81011c,1,18988601

7745,396,-224,280,-3013,207,15729,-4133,2459,-3163,bf7e88c5,3bef78b0,bdaf4da4,3d82241e,bf7e88c6,3bef7942,bdaf4da9,3d822418,1,18997119

7746,270,-187,218,-2883,284,15654,-4133,2459,-3163,bf7e83a0,3bd9bd2a,bdb0894a,3d8322de,bf7e839f,3bd9bdb8,bdb0894d,3d8322d7,1,19005638

7747,142,-197,106,-2667,193,15502,-4159,2475,-3128,bf7e805a,3bbffc63,bdb10aab,3d84324f,bf7e8059,3bbffcee,bdb10aae,3d843248,1,19014157

7748,14,-265,47,-2654,48,15557,-4131,2449,-3119,bf7e7d31,3ba392ce,bdb17aca,3d854627,bf7e7d32,3ba39354,bdb17ace,3d854620,1,19022675

7749,-98,-336,54,-2704,742,15529,-4131,2449,-3119,bf7e79f9,3b76d425,bdb27593,3d85ab6e,bf7e79fa,3b76d531,bdb27597,3d85ab67,1,19031194

7750,-61,-397,83,-3144,925,15754,-4195,2439,-3094,bf7e748d,3b2ae591,bdb43409,3d860657,bf7e748e,3b2ae69a,bdb4340d,3d860650,1,19039712

7751,70,-340,97,-3331,1117,15907,-4175,2421,-3177,bf7e6f3b,3ad60816,bdb5e7c9,3d8650c7,bf7e6f3c,3ad60a26,bdb5e7cd,3d8650c0,1,19048231

7752,241,-195,116,-3272,1213,15823,-4175,2421,-3177,bf7e6b17,3a655b83,bdb72666,3d869d76,bf7e6b18,3a655f9e,bdb7266a,3d869d6f,1,19056750

7753,438,-35,177,-3584,161,16260,-4161,2397,-3125,bf7e6460,3a59d656,bdb90f33,3d872cb2,bf7e6460,3a59da40,bdb90f35,3d872caa,1,19065268

7754,278,106,124,-3111,-7,15909,-4155,2425,-3137,bf7e5e58,3a4d6fee,bdba3da6,3d886336,bf7e5e58,3a4d737b,bdba3da8,3d88632e,1,19073787

7755,20,201,73,-3660,356,16054,-4189,2405,-3137,bf7e5a84,38aeafb1,bdbb5042,3d88b63a,bf7e5a84,38aecb87,bdbb5044,3d88b632,1,19081805

7756,-84,416,68,-2991,789,15625,-4189,2405,-3137,bf7e5c1d,ba8b9ba7,bdba8dbc,3d88fd74,bf7e5c1d,ba8b99ea,bdba8dbe,3d88fd6c,1,19090323

7757,-33,510,109,-2731,567,15570,-4149,2437,-3088,bf7e5f42,bb06b2ed,bdb8e56f,3d89b9c5,bf7e5f42,bb06b20f,bdb8e571,3d89b9bd,1,19098842

7758,3,439,191,-2825,-21,15713,-4177,2415,-3143,bf7e5f86,bb045e92,bdb769da,3d8b93ec,bf7e5f86,bb045dcf,bdb769dc,3d8b93e4,1,19107361

7759,-78,419,344,-2792,458,15663,-4177,2415,-3143,bf7e5fe9,bb4a4d0e,bdb63bb4,3d8cdc4f,bf7e5fe9,bb4a4c4c,bdb63bb6,3d8cdc47,1,19115879

7760,-156,360,382,-1875,814,14941,-4189,2429,-3163,bf7e62cb,bb823923,bdb4353d,3d8e111a,bf7e62c9,bb8238c2,bdb4353e,3d8e1111,1,19124398

7761,-179,62,277,-2896,292,15630,-4173,2455,-3099,bf7e5ca0,bb9e6a5a,bdb4aac4,3d901ddc,bf7e5ca1,bb9e6a01,bdb4aac6,3d901dd5,1,19132916

7762,-234,-1,352,-2714,-25,15517,-4173,2455,-3099,bf7e5835,bb9da10c,bdb4795b,3d924bcb,bf7e5836,bb9da0b6,bdb4795d,3d924bc4,1,19141435

7763,-308,-9,588,-2773,1205,15601,-4201,2435,-3150,bf7e5378,bbcbd0ee,bdb48b66,3d940848,bf7e5377,bbcbd097,bdb48b67,3d94083f,1,19149954

7764,-232,-48,568,-2715,1748,15416,-4157,2471,-3172,bf7e4e82,bbf6f55a,bdb4b0f1,3d95b873,bf7e4e83,bbf6f505,bdb4b0f4,3d95b86b,1,19158472

7765,32,-125,412,-3049,2424,15429,-4157,2471,-3172,bf7e4954,bc0c14c2,bdb55fc2,3d96dc93,bf7e4955,bc0c1497,bdb55fc5,3d96dc8b,1,19166991

7766,446,-95,392,-3167,673,15787,-4157,2473,-3151,bf7e40ff,bc0fd4cd,bdb6d048,3d9891a0,bf7e4100,bc0fd4a3,bdb6d04a,3d989198,1,19175510

7767,505,-106,374,-3264,1333,15885,-4183,2437,-3090,bf7e3b4c,bc1618ec,bdb7de5b,3d9993db,bf7e3b4c,bc1618c2,bdb7de5d,3d9993d2,1,19184028

7768,468,26,64,-3651,259,16105,-4189,2473,-3153,bf7e3498,bc0f9079,bdb9b1bf,3d9a4054,bf7e3498,bc0f904f,bdb9b1c1,3d9a404b,1,19192046

7769,376,410,-66,-3332,-1037,16146,-4189,2473,-3153,bf7e3557,bbfd41f6,bdb97421,3d9a76ab,bf7e3558,bbfd41a3,bdb97424,3d9a76a2,1,19200565

7770,-96,538,-123,-2271,529,15450,-4143,2441,-3072,bf7e3c78,bc096892,bdb6c5ab,3d9a95f5,bf7e3c77,bc096867,bdb6c5ad,3d9a95eb,1,19209083

7771,-302,325,-122,-2660,337,15644,-4133,2423,-3124,bf7e3fe9,bc1889cf,bdb4d614,3d9b396a,bf7e3fe8,bc1889a6,bdb4d616,3d9b3960,1,19217602

7772,-397,146,-73,-2732,-141,15717,-4133,2423,-3124,bf7e3fcb,bc18d1c0,bdb45047,3d9bdf20,bf7e3fcd,bc18d19a,bdb4504b,3d9bdf18,1,19226120

7773,-659,89,-49,-2671,413,15635,-4167,2443,-3165,bf7e3f7a,bc3088d3,bdb32550,3d9cf3de,bf7e3f7a,bc3088ac,bdb32551,3d9cf3d4,1,19234639

7774,-831,19,-60,-3066,702,15845,-4181,2441,-3168,bf7e3a7d,bc517455,bdb3d517,3d9d8e15,bf7e3a7c,bc51742f,bdb3d518,3d9d8e0a,1,19243158

7775,-907,33,-50,-3007,206,15880,-4181,2441,-3168,bf7e34c9,bc60bb9f,bdb4832c,3d9ebe94,bf7e34ca,bc60bb7c,bdb4832f,3d9ebe8a,1,19251676

7776,-933,122,68,-3056,1483,15603,-4193,2427,-3161,bf7e315a,bc82c662,bdb47991,3d9f4716,bf7e315b,bc82c651,bdb47994,3d9f470c,1,19260195

7777,-752,172,132,-2999,1160,15599,-4209,2457,-3130,bf7e2cfa,bc92de59,bdb45c21,3da04675,bf7e2cfa,bc92de47,bdb45c24,3da0466a,1,19268714

7778,-556,283,316,-3357,1084,15960,-4209,2457,-3130,bf7e2632,bc9f35fb,bdb4bcab,3da1cb53,bf7e2633,bc9f35e9,bdb4bcaf,3da1cb49,1,19277232

7779,-474,452,426,-3361,-567,16526,-4169,2409,-3111,bf7e2317,bc9f2fdb,bdb45486,3da37629,bf7e2317,bc9f2fc8,bdb45489,3da3761f,1,19285751

7780,-911,667,480,-2627,-1074,16227,-4181,2403,-3214,bf7e22e7,bca30812,bdb280bc,3da54aeb,bf7e22e7,bca307ff,bdb280bf,3da54ae1,1,19293769

7781,-1711,627,416,-2323,-917,16110,-4161,2389,-3180,bf7e222b,bcaf8bcb,bdb05137,3da71bbf,bf7e222b,bcaf8bb8,bdb0513a,3da71bb5,1,19302287

7782,-2464,385,281,-2494,627,15679,-4161,2389,-3180,bf7e1fa8,bccac9be,bdad7e3e,3da91485,bf7e1fa8,bccac9ac,bdad7e41,3da9147b,1,19310806

7783,-2863,177,171,-2585,1852,15785,-4157,2383,-3112,bf7e1790,bcf10bd5,bdac408c,3daa3fdb,bf7e1791,bcf10bc4,bdac4090,3daa3fd2,1,19319325

7784,-2871,39,15,-2648,2041,15342,-4141,2319,-3154,bf7e0dbd,bd0be8cd,bdab9953,3daadd93,bf7e0dbd,bd0be8c3,bdab9957,3daadd8a,1,19327843

7785,-2854,-71,-79,-3568,-3017,18201,-4141,2319,-3154,bf7e046a,bd18880e,bdabbaaa,3dab8010,bf7e046a,bd188804,bdabbaae,3dab8007,1,19336362

7786,-3471,356,246,-2426,1472,15056,-4153,2321,-3186,bf7df83c,bd2e3911,bda964f1,3dad2848,bf7df83c,bd2e3906,bda964f5,3dad283f,1,19344881

7787,-3919,247,118,-4379,4631,14516,-4169,2315,-3106,bf7de4b6,bd46aa14,bda8d059,3dae4cbb,bf7de4b5,bd46aa09,bda8d05c,3dae4cb1,1,19353399

7788,-3744,165,-486,-2362,3115,14598,-4169,2315,-3106,bf7dd5c2,bd5eb018,bda761fb,3daddcec,bf7dd5c3,bd5eb00f,bda76200,3daddce4,1,19361918

7789,-3285,181,-770,-1164,2114,13671,-4113,2259,-3143,bf7dcdde,bd728573,bda4c974,3dac95f8,bf7dcddf,bd72856a,bda4c979,3dac95f0,1,19370436

7790,-3247,-433,-773,-3890,603,17220,-4131,2197,-3171,bf7dbd04,bd8131b5,bda6748a,3dab6afc,bf7dbd04,bd8131b0,bda6748e,3dab6af3,1,19378955

7791,-3401,-31,-356,-2949,2387,15937,-4131,2197,-3171,bf7da628,bd8c463c,bda64929,3dab54a0,bf7da628,bd8c4638,bda6492d,3dab5497,1,19386973

7792,-3564,257,-132,-2686,3265,15251,-4163,2195,-3115,bf7d8e49,bd97b911,bda4e44d,3dabc133,bf7d8e48,bd97b90d,bda4e450,3dabc129,1,19395491

7793,-3530,58,-268,-2736,3533,14512,-4109,2119,-3107,bf7d73df,bda326c3,bda438e9,3dabab4f,bf7d73df,bda326c0,bda438ec,3dabab45,1,19404010

7794,-3188,79,-108,-2442,4690,14107,-4181,2153,-3050,bf7d596b,bdada507,bda35d06,3dabf51b,bf7d596a,bdada504,bda35d09,3dabf510,1,19412529

7795,-2694,-50,-76,-3126,3761,15045,-4181,2153,-3050,bf7d3e28,bdb6cefd,bda38b59,3dac52dc,bf7d3e28,bdb6cefa,bda38b5c,3dac52d2,1,19421047

7796,-2714,-169,-223,-2490,-313,16579,-4163,2107,-3096,bf7d2c53,bdbcc90e,bda385f9,3dac733e,bf7d2c53,bdbcc90b,bda385fc,3dac7334,1,19429566

7797,-4158,-186,91,-2455,-991,17658,-4157,2073,-3080,bf7d0c1a,bdc67476,bda3442e,3dada84f,bf7d0c1a,bdc67473,bda34431,3dada845,1,19438084

7798,-5888,-74,989,-2514,291,16368,-4157,2073,-3080,bf7cd59d,bdd4660b,bda293ec,3db19aa3,bf7cd59d,bdd46608,bda293ef,3db19a99,1,19446603

7799,-8008,-237,1554,-3108,5505,13311,-4189,2001,-3121,bf7c767c,bdeb0e11,bda24942,3db7141d,bf7c767c,bdeb0e0e,bda24945,3db71413,1,19455122

7800,-9583,-1307,904,-3066,7088,12439,-4173,1993,-3165,bf7bfbe8,be031365,bda4120c,3dbadf1f,bf7bfbe8,be031364,bda4120f,3dbadf16,1,19463640

7801,-9260,-1919,364,-3000,7795,13251,-4173,1993,-3165,bf7b799a,be104fea,bda72d3c,3dbcfa33,bf7b799b,be104fea,bda72d40,3dbcfa2a,1,19472159

7802,-7992,-2012,93,-3465,6789,14532,-4213,1905,-3050,bf7afd97,be1be9a5,bdaae542,3dbe019e,bf7afd96,be1be9a4,bdaae545,3dbe0194,1,19480678

7803,-6865,-1743,49,-3112,6690,13379,-4221,1873,-3027,bf7a8af2,be260405,bdae096f,3dbebe52,bf7a8af3,be260406,bdae0974,3dbebe49,1,19489196

7804,-5985,-1422,249,-3162,7137,13102,-4221,1873,-3027,bf7a1f25,be2ee827,bdb09e73,3dbff3fd,bf7a1f26,be2ee828,bdb09e78,3dbff3f4,1,19497214

7805,-5344,-1238,330,-3694,7050,13917,-4219,1837,-2985,bf79b814,be36e793,bdb32ab7,3dc151d1,bf79b814,be36e793,bdb32abb,3dc151c9,1,19505733

7806,-5020,-1055,91,-3925,7620,14174,-4231,1779,-3000,bf795543,be3e7977,bdb53860,3dc20c15,bf795544,be3e7977,bdb53865,3dc20c0e,1,19514251

7807,-5454,-943,-385,-4305,8037,13664,-4199,1727,-3027,bf78ec12,be469b18,bdb6c96a,3dc1bb88,bf78ec13,be469b18,bdb6c96f,3dc1bb81,1,19522770

7808,-6217,-1097,-996,-5320,9439,12438,-4199,1727,-3027,bf787503,be4fc236,bdb864d8,3dc003ec,bf787504,be4fc236,bdb864dd,3dc003e5,1,19531289

7809,-7372,-1233,-1750,-4639,8424,11482,-4205,1717,-2956,bf77e8d2,be5a76fa,bdb9a0ce,3dbc905d,bf77e8d2,be5a76fa,bdb9a0d3,3dbc9055,1,19539807

7810,-9547,-1822,-2536,-4852,7562,9358,-4255,1575,-2896,bf772d98,be680295,bdbb985e,3db7457e,bf772d98,be680295,bdbb9864,3db74576,1,19548326

7811,-11493,-2483,-2784,-4442,7641,12158,-4255,1575,-2896,bf763bd5,be780ca5,bdbe987b,3db16a6f,bf763bd5,be780ca5,bdbe9881,3db16a67,1,19556845

7812,-11365,-2439,-2256,-3397,6836,13448,-4281,1525,-2763,bf7545dc,be83a6ac,bdc13dfc,3dabb7b1,bf7545dc,be83a6ac,bdc13e02,3dabb7a9,1,19565363

7813,-11041,-2254,-1580,-3143,6946,12586,-4297,1445,-2832,bf74491f,be8af0e6,bdc2e956,3da7f582,bf74491f,be8af0e6,bdc2e95c,3da7f57b,1,19573882

7814,-10687,-2180,-634,-2190,9107,10999,-4297,1445,-2832,bf73332a,be923c6e,bdc52bb2,3da7122c,bf73332b,be923c6e,bdc52bb8,3da71225,1,19582401

7815,-9776,-2383,-62,-3736,9040,15386,-4225,1425,-2733,bf723b5f,be983d08,bdc86569,3da771f3,bf723b5e,be983d06,bdc8656e,3da771eb,1,19590919

7816,-8129,-1684,180,-3343,6049,17137,-4221,1307,-2662,bf7166f7,be9d220d,bdcb0159,3da8a395,bf7166f6,be9d220b,bdcb015e,3da8a38d,1,19598937

7817,-7238,-733,333,-2226,6928,14729,-4221,1307,-2662,bf70ab26,bea17094,bdcb11d4,3daa92fb,bf70ab26,bea17094,bdcb11da,3daa92f4,1,19607456

7818,-6584,-327,535,-1256,8350,8433,-4239,1309,-2681,bf6fe670,bea5e1a4,bdca1fc6,3dacc5fd,bf6fe670,bea5e1a4,bdca1fcc,3dacc5f6,1,19615974

7819,-6600,-392,703,-6888,10432,15600,-4271,1279,-2637,bf6f2345,bea9dcfc,bdcbf72e,3db05006,bf6f2345,bea9dcfc,bdcbf734,3db04fff,1,19624493

7820,-6046,842,1570,-2994,9754,10756,-4333,1237,-2672,bf6e6494,beadd11a,bdc9839b,3db5f261,bf6e6494,beadd11a,bdc983a1,3db5f25a,1,19633012

7821,-5889,696,1486,-5208,12175,11150,-4333,1237,-2672,bf6d9f6f,beb1af40,bdc886de,3dbba51d,bf6d9f6f,beb1af40,bdc886e4,3dbba516,1,19641530

7822,-5652,585,1056,-4998,13396,9959,-4263,1219,-2572,bf6cdf2d,beb574a8,bdc73ca5,3dbffeec,bf6cdf2e,beb574a9,bdc73cab,3dbffee6,1,19650049

7823,-5075,427,290,-5844,11899,11105,-4253,1203,-2591,bf6c3256,beb8d7b2,bdc6598a,3dc2709a,bf6c3256,beb8d7b3,bdc6598f,3dc27093,1,19658568

7824,-5003,411,-715,-5698,12611,11043,-4253,1203,-2591,bf6b8bfb,bebc43d3,bdc45f2a,3dc25c71,bf6b8bfb,bebc43d4,bdc45f2f,3dc25c6a,1,19667086

7825,-5385,202,-2242,-4852,12518,9706,-4225,1141,-2548,bf6ae078,bec00d2a,bdc10134,3dbe4ee7,bf6ae078,bec00d2b,bdc10139,3dbe4ee0,1,19675605

7826,-5954,-424,-3999,-3839,11245,9730,-4221,1093,-2532,bf6a2875,bec44d4c,bdbd071a,3db56393,bf6a2875,bec44d4d,bdbd071f,3db5638c,1,19684124

7827,-6910,-953,-5295,-4806,10396,10748,-4221,1093,-2532,bf695a82,bec8e8be,bdba0d05,3da9bb49,bf695a83,bec8e8c0,bdba0d0b,3da9bb43,1,19692142

7828,-7833,-842,-5891,-3491,11858,8320,-4163,977,-2494,bf685ed3,bece620d,bdb4a022,3d9c4d98,bf685ed4,bece620f,bdb4a028,3d9c4d92,1,19700660

7829,-8810,-580,-6189,-3020,12055,7840,-4163,885,-2373,bf673ab0,bed4678d,bdadedd5,3d8e88db,bf673ab0,bed4678e,bdadedda,3d8e88d4,1,19709179

7830,-10458,-83,-6178,-2286,11212,7215,-4163,885,-2373,bf65d37b,bedb51ff,bda58421,3d81a0a6,bf65d37c,bedb5201,bda58427,3d81a0a0,1,19717697

7831,-12628,19,-6560,131,12139,3528,-4155,807,-2325,bf640de1,bee37b70,bd9bbada,3d68947d,bf640de2,bee37b71,bd9bbadf,3d689470,1,19726216

7832,-15011,-541,-6897,77,11744,2593,-4093,683,-2224,bf61d3f8,beecfa7b,bd928cc0,3d4becb3,bf61d3f8,beecfa7b,bd928cc4,3d4beca5,1,19734735

7833,-18472,-1028,-7709,3181,9083,-3958,-4061,569,-2087,bf5ef00b,bef869eb,bd88dd5a,3d2b67bc,bf5ef00a,bef869ea,bd88dd5d,3d2b67ad,1,19743253

7834,-24515,-2143,-10077,6253,5472,-7675,-4061,569,-2087,bf5ae0b4,bf0399c7,bd7b61e4,3cfde244,bf5ae0b4,bf0399c7,bd7b61ec,3cfde228,1,19751772

7835,-31292,-4217,-13477,7779,9992,-8120,-3973,367,-1859,bf555124,bf0cc29e,bd63c4eb,3c7e3418,bf555124,bf0cc29e,bd63c4f3,3c7e33e2,1,19760291

7836,-32767,-6410,-16023,1315,22532,-842,-3837,231,-1481,bf4f01be,bf160dbc,bd4ec380,bb854c7e,bf4f01bf,bf160dbc,bd4ec389,bb854ce7,1,19768809

7837,-32485,-6786,-17529,-8375,31148,12696,-3837,231,-1481,bf485af0,bf1ecd76,bd397774,bccd4e63,bf485af1,bf1ecd76,bd39777e,bccd4e7d,1,19777328

7838,-22726,-5506,-11750,-21894,32764,25439,-3753,125,-1272,bf4376eb,bf24a3f3,bd2f2c27,bd229bb4,bf4376eb,bf24a3f2,bd2f2c31,bd229bc0,1,19785847

7839,-4059,736,-4022,3154,20172,-5849,-3701,77,-1177,bf426ca9,bf25dfb5,bd1fa13d,bd3053c9,bf426caa,bf25dfb5,bd1fa148,bd3053d5,1,19794365

7840,-454,342,-3444,489,14163,959,-3701,77,-1177,bf422d1e,bf2626bd,bd13223b,bd3dd3d9,bf422d1f,bf2626bc,bd132245,bd3dd3e5,1,19802383

7841,-582,70,-2788,1643,15641,-833,-3699,77,-1274,bf41e3ca,bf267694,bd09a13a,bd499969,bf41e3ca,bf267693,bd09a143,bd499975,1,19810902

7842,-182,163,-2048,1459,16521,-1009,-3629,71,-1207,bf41b2c8,bf26aaf7,bd02592e,bd521539,bf41b2c8,bf26aaf6,bd025937,bd521545,1,19819421

7843,205,-77,-1534,1357,16347,-963,-3629,71,-1207,bf41984e,bf26c3f3,bcfb71a9,bd595aac,bf41984f,bf26c3f3,bcfb71bc,bd595ab8,1,19827939

7844,727,-207,-1355,-3015,20508,-1038,-3631,55,-1145,bf419c88,bf26b8d6,bcf6c1af,bd5f61c5,bf419c88,bf26b8d5,bcf6c1c1,bd5f61d0,1,19836458

7845,1429,-58,-2231,1455,14933,148,-3619,7,-1164,bf41c344,bf268301,bce7b2a2,bd69bcd8,bf41c344,bf268300,bce7b2b4,bd69bce3,1,19844976

7846,1765,494,-2241,4860,13685,-3055,-3667,61,-1163,bf41f8d1,bf263ecb,bcd27ab3,bd72b82c,bf41f8d1,bf263eca,bcd27ac5,bd72b837,1,19853495

7847,2296,181,-991,-1218,15059,4122,-3667,61,-1163,bf42773c,bf25a726,bcced09b,bd760297,bf42773c,bf25a725,bcced0ad,bd7602a4,1,19862014

7848,1036,255,-864,1776,15977,-864,-3599,71,-1327,bf428d4c,bf258a64,bcc6cd67,bd798d08,bf428d4b,bf258a63,bcc6cd78,bd798d14,1,19870532

7849,847,499,-1320,2741,14345,231,-3581,65,-1208,bf4298d7,bf257911,bcb8eab0,bd7ea860,bf4298d7,bf257910,bcb8eac1,bd7ea86d,1,19879051

7850,924,253,-272,922,15165,1750,-3581,65,-1208,bf42b1fb,bf255a61,bcb5cd2e,bd7fed80,bf42b1fb,bf255a60,bcb5cd3f,bd7fed8c,1,19887569

7851,422,246,120,1100,15718,733,-3611,-1,-1248,bf42ae78,bf255f57,bcb588a2,bd7f719f,bf42ae79,bf255f56,bcb588b4,bd7f71ac,1,19896088

7852,200,244,180,1758,15110,386,-3587,57,-1303,bf429e93,bf257301,bcb51f02,bd7ee4fc,bf429e93,bf2572ff,bcb51f13,bd7ee508,1,19904106

7853,63,141,581,1391,15436,659,-3587,57,-1303,bf4289e5,bf258d4e,bcb8aff9,bd7cf542,bf4289e5,bf258d4c,bcb8b00a,bd7cf54e,1,19912625

7854,-87,88,927,1131,15498,889,-3629,65,-1213,bf426ecb,bf25aff9,bcbf7806,bd79d182,bf426ecb,bf25aff7,bcbf7817,bd79d18e,1,19921143

7855,-227,132,1179,781,15835,988,-3653,61,-1262,bf424e21,bf25da77,bcc80030,bd755198,bf424e23,bf25da76,bcc80042,bd7551a6,1,19929662

7856,-393,124,1302,925,15715,615,-3653,61,-1262,bf4223d9,bf26104c,bcd154f4,bd7061d8,bf4223da,bf26104a,bcd15504,bd7061e4,1,19938181

7857,-677,62,1370,656,16296,578,-3613,85,-1284,bf41ea50,bf265766,bcdc0391,bd6b38e7,bf41ea51,bf265764,bcdc03a1,bd6b38f3,1,19946699

7858,-802,30,1364,571,16512,58,-3653,93,-1276,bf41a866,bf26a781,bce70326,bd662236,bf41a867,bf26a77f,bce70336,bd662242,1,19955218

7859,-644,4,1298,41,16867,144,-3675,93,-1276,bf416f11,bf26ecc7,bcf219a5,bd613db3,bf416f12,bf26ecc6,bcf219b5,bd613dc0,1,19963736

7860,-502,40,1055,33,16816,39,-3675,93,-1276,bf413c2d,bf2729b7,bcfb1b24,bd5d39a5,bf413c2e,bf2729b6,bcfb1b34,bd5d39b2,1,19972255

7861,-397,98,758,256,16564,51,-3601,97,-1269,bf410dd2,bf2760b4,bd00a939,bd5a5219,bf410dd3,bf2760b3,bd00a941,bd5a5226,1,19980774

7862,-206,162,605,150,16850,313,-3627,149,-1235,bf40e9d4,bf278b93,bd030083,bd57d980,bf40e9d4,bf278b91,bd03008a,bd57d98d,1,19989292

7863,-85,237,485,127,16845,259,-3627,149,-1235,bf40cc14,bf27af69,bd0498ef,bd559d08,bf40cc15,bf27af67,bd0498f6,bd559d16,1,19997310

7864,-67,251,263,232,16419,456,-3647,99,-1205,bf40aec5,bf27d22a,bd055407,bd544e2b,bf40aec6,bf27d228,bd05540e,bd544e39,1,20005829

7865,-189,195,98,-250,16823,1666,-3695,115,-1168,bf408e43,bf27f78a,bd06221d,bd53bac6,bf408e45,bf27f789,bd062225,bd53bad5,1,20014348

7866,-241,443,-111,-705,16854,1276,-3695,115,-1168,bf406967,bf282365,bd057159,bd52de26,bf406968,bf282363,bd057161,bd52de34,1,20022866

7867,-13,883,-469,935,16594,-1351,-3643,73,-1193,bf4049fc,bf284b7c,bd00db04,bd526623,bf4049fe,bf284b7b,bd00db0d,bd526632,1,20031385

7868,68,578,-575,1386,15585,-179,-3587,51,-1224,bf403008,bf286a90,bcf9a8ce,bd53aa6a,bf40300a,bf286a8e,bcf9a8df,bd53aa78,1,20039903

7869,83,320,-226,1219,15376,46,-3587,51,-1224,bf401852,bf2885f2,bcf62a79,bd546a10,bf401854,bf2885f0,bcf62a8a,bd546a1e,1,20048422

7870,-73,224,185,489,16066,323,-3675,85,-1235,bf3ffa5f,bf28a8d2,bcf7120d,bd538cbe,bf3ffa62,bf28a8d1,bcf7121f,bd538ccc,1,20056941

7871,-142,190,265,350,16691,-122,-3623,67,-1243,bf3fd7ec,bf28d0c7,bcf8f16b,bd5260f5,bf3fd7ee,bf28d0c5,bcf8f17b,bd526101,1,20065459

7872,-79,152,210,934,15563,145,-3665,39,-1231,bf3fb925,bf28f3f3,bcfa1d9f,bd51dab3,bf3fb926,bf28f3f0,bcfa1dae,bd51dabe,1,20073978

7873,-73,139,397,608,15650,636,-3665,39,-1231,bf3f9d3d,bf291421,bcfcfdc8,bd508e67,bf3f9d3e,bf29141e,bcfcfdd7,bd508e72,1,20082497

7874,-168,258,645,388,15920,828,-3657,91,-1199,bf3f7deb,bf293974,bd007f4a,bd4dcf85,bf3f7ded,bf293972,bd007f51,bd4dcf90,1,20091015

7875,-270,525,761,34,16263,983,-3687,113,-1249,bf3f5b7d,bf296472,bd020f98,bd496f56,bf3f5b7f,bf296470,bd020f9f,bd496f61,1,20099534

7876,-304,1071,747,559,15962,673,-3687,113,-1249,bf3f3706,bf299551,bd0118e0,bd437aa9,bf3f3708,bf29954f,bd0118e7,bd437ab4,1,20107552

7877,-190,1516,869,360,16233,227,-3733,83,-1192,bf3f1871,bf29c27a,bcfdd6c1,bd3b712f,bf3f1872,bf29c278,bcfdd6ce,bd3b7139,1,20116071

7878,-147,1630,962,351,16276,-301,-3655,99,-1240,bf3efba9,bf29ee24,bcf923b5,bd3293a1,bf3efbaa,bf29ee22,bcf923c1,bd3293ab,1,20124589

7879,-324,1336,848,263,16315,-393,-3655,99,-1240,bf3ed36e,bf2a2415,bcf61674,bd2b21a9,bf3ed36f,bf2a2414,bcf61681,bd2b21b4,1,20133108

7880,-367,1086,740,154,16678,-470,-3645,177,-1177,bf3ea70d,bf2a5c71,bcf4684d,bd25021e,bf3ea70e,bf2a5c70,bcf4685a,bd250229,1,20141627

7881,-289,932,636,69,16635,-690,-3685,163,-1187,bf3e7dcc,bf2a8ff5,bcf334e4,bd1fcc17,bf3e7dcc,bf2a8ff4,bcf334f0,bd1fcc21,1,20150145

7882,-161,771,537,45,16695,-739,-3685,163,-1187,bf3e5ade,bf2abb1c,bcf285bd,bd1b8e1a,bf3e5add,bf2abb1a,bcf285c8,bd1b8e24,1,20158664

7883,-90,440,401,-16,17039,-727,-3709,105,-1301,bf3e3b6e,bf2ae03e,bcf35cf1,bd18e2c7,bf3e3b6e,bf2ae03d,bcf35cfd,bd18e2d1,1,20167183

7884,14,247,187,139,16299,2,-3691,149,-1229,bf3e2217,bf2afd02,bcf420f2,bd17edd0,bf3e2217,bf2afd01,bcf420fe,bd17edda,1,20175701

7885,124,337,145,228,16071,-133,-3693,137,-1180,bf3e0e53,bf2b13ff,bcf3cf1a,bd16eb5e,bf3e0e53,bf2b13fd,bcf3cf25,bd16eb67,1,20184220

7886,187,396,224,95,16562,-599,-3693,137,-1180,bf3dfd62,bf2b2843,bcf3a989,bd1550d5,bf3dfd63,bf2b2842,bcf3a995,bd1550df,1,20192738

7887,229,256,172,240,16309,-185,-3721,95,-1167,bf3def48,bf2b3873,bcf41d01,bd1483d7,bf3def49,bf2b3872,bcf41d0d,bd1483e1,1,20201257

7888,240,138,176,18,16374,124,-3725,127,-1258,bf3de339,bf2b45c5,bcf5a2ab,bd13f20a,bf3de339,bf2b45c4,bcf5a2b7,bd13f214,1,20209776

7889,198,112,251,87,16334,-103,-3725,127,-1258,bf3dd432,bf2b564a,bcf7cfef,bd13307c,bf3dd431,bf2b5649,bcf7cffa,bd133085,1,20217793

7890,168,120,193,-5,16519,-251,-3717,137,-1157,bf3dc23c,bf2b69ec,bcf9b786,bd12b0c0,bf3dc23c,bf2b69eb,bcf9b792,bd12b0ca,1,20226312

7891,226,110,135,-37,16474,-145,-3729,105,-1198,bf3db403,bf2b7956,bcfb40b6,bd12693f,bf3db404,bf2b7956,bcfb40c3,bd12694a,1,20234831

7892,272,116,41,44,16302,-112,-3729,105,-1198,bf3da83b,bf2b8601,bcfbfb11,bd1285f9,bf3da83b,bf2b8600,bcfbfb1d,bd128604,1,20243349

7893,260,102,-10,74,16223,-47,-3693,97,-1122,bf3d9b55,bf2b93ad,bcfc820a,bd12fade,bf3d9b55,bf2b93ac,bcfc8216,bd12fae9,1,20251868

7894,251,104,-2,191,16227,-204,-3739,145,-1258,bf3d8e52,bf2ba1ac,bcfccfa3,bd134aea,bf3d8e53,bf2ba1ac,bcfccfaf,bd134af6,1,20260386

7895,294,107,53,37,16064,15,-3739,145,-1258,bf3d84c2,bf2babe8,bcfda0a5,bd13543a,bf3d84c2,bf2babe7,bcfda0b0,bd135445,1,20268905

7896,304,134,69,9,16306,-84,-3731,139,-1243,bf3d7b76,bf2bb5fd,bcfe6258,bd133535,bf3d7b77,bf2bb5fc,bcfe6264,bd133541,1,20277424

7897,286,148,15,50,16372,-57,-3695,115,-1204,bf3d70ea,bf2bc16e,bcfea7f6,bd134f6c,bf3d70eb,bf2bc16d,bcfea801,bd134f77,1,20285943

7898,300,161,-4,77,16352,-93,-3695,115,-1204,bf3d670c,bf2bcc31,bcfea890,bd13739f,bf3d670c,bf2bcc2f,bcfea89a,bd1373aa,1,20294461

7899,317,164,-15,87,16353,-167,-3725,105,-1183,bf3d5db9,bf2bd656,bcfe90df,bd13a566,bf3d5db9,bf2bd655,bcfe90ea,bd13a571,1,20302980

7900,355,170,-22,103,16273,-60,-3697,197,-1279,bf3d5796,bf2bdd1e,bcfe3be6,bd13c3af,bf3d5796,bf2bdd1d,bcfe3bf1,bd13c3ba,1,20311506

7901,351,153,-36,118,16193,42,-3727,181,-1193,bf3d50bd,bf2be46e,bcfe0c2e,bd141c0e,bf3d50bd,bf2be46c,bcfe0c38,bd141c19,1,20319524

7902,300,143,-20,80,16243,69,-3727,181,-1193,bf3d472b,bf2beeb1,bcfe1d74,bd1466dd,bf3d472c,bf2beeb0,bcfe1d80,bd1466e9,1,20328042

7903,256,160,1,107,16239,2,-3751,187,-1210,bf3d3b1c,bf2bfbd7,bcfe29ca,bd1487bc,bf3d3b1d,bf2bfbd6,bcfe29d6,bd1487c8,1,20336561

7904,246,171,20,94,16255,30,-3693,115,-1357,bf3d306d,bf2c07c7,bcfe0bbe,bd145d9d,bf3d306e,bf2c07c5,bcfe0bc9,bd145da8,1,20345080

7905,258,196,63,147,16093,79,-3693,115,-1357,bf3d26de,bf2c12a5,bcfdf793,bd13fa7d,bf3d26df,bf2c12a3,bcfdf79e,bd13fa88,1,20353598

7906,219,185,127,306,15897,-65,-3659,165,-1280,bf3d19ce,bf2c2138,bcfe64d3,bd1389ff,bf3d19cf,bf2c2136,bcfe64df,bd138a0a,1,20362117

7907,182,141,251,43,16260,13,-3717,107,-1215,bf3d0abc,bf2c31b9,bd003624,bd12b6b9,bf3d0abe,bf2c31b8,bd00362b,bd12b6c4,1,20370636

7908,138,138,232,122,16227,-95,-3717,107,-1215,bf3cf8c0,bf2c4562,bd01214c,bd11ffb1,bf3cf8c2,bf2c4561,bd012153,bd11ffbc,1,20379154

7909,136,123,247,41,16297,-11,-3703,187,-1293,bf3ce7ac,bf2c580d,bd0225ab,bd1128e6,bf3ce7ac,bf2c580b,bd0225b1,bd1128f0,1,20387673

7910,135,133,259,8,16313,-44,-3699,181,-1197,bf3cd5a2,bf2c6baa,bd033fb0,bd105750,bf3cd5a4,bf2c6ba9,bd033fb7,bd10575b,1,20396192

7911,155,129,248,-41,16406,-99,-3699,181,-1197,bf3cc491,bf2c7e2b,bd045766,bd0f8f3f,bf3cc493,bf2c7e29,bd04576d,bd0f8f49,1,20404710

7912,196,127,209,-42,16318,12,-3733,131,-1216,bf3cb663,bf2c8d7c,bd05479d,bd0eed5a,bf3cb665,bf2c8d7a,bd0547a4,bd0eed63,1,20413229

7913,187,127,161,-95,16396,38,-3695,151,-1245,bf3ca809,bf2c9cfd,bd060e1d,bd0e6d11,bf3ca80b,bf2c9cfb,bd060e24,bd0e6d1a,1,20421247

7914,152,130,101,-12,16301,-45,-3739,137,-1257,bf3c974e,bf2caf1a,bd068d6d,bd0e295a,bf3c974e,bf2caf16,bd068d73,bd0e2961,1,20429765

7915,147,141,61,-61,16407,-80,-3739,137,-1257,bf3c8624,bf2cc1b6,bd06e3c1,bd0dfc73,bf3c8626,bf2cc1b3,bd06e3c8,bd0dfc7b,1,20438284

7916,175,144,16,11,16294,-80,-3747,85,-1233,bf3c7658,bf2cd2cd,bd07061c,bd0e0a7f,bf3c765b,bf2cd2ca,bd070624,bd0e0a87,1,20446803

7917,182,131,-12,31,16242,-42,-3747,153,-1253,bf3c6718,bf2ce336,bd0715c9,bd0e3de3,bf3c671a,bf2ce332,bd0715d1,bd0e3deb,1,20455321

7918,177,129,-9,14,16266,-47,-3747,153,-1253,bf3c579d,bf2cf3dc,bd072cc2,bd0e6d18,bf3c57a0,bf2cf3d8,bd072ccb,bd0e6d21,1,20463840

7919,174,130,6,-16,16381,-67,-3697,127,-1296,bf3c4898,bf2d0411,bd074bda,bd0e7b2c,bf3c489b,bf2d040d,bd074be3,bd0e7b35,1,20472359

7920,188,115,0,-22,16320,-49,-3679,175,-1252,bf3c39e8,bf2d13bc,bd077d9c,bd0eaad0,bf3c39eb,bf2d13b8,bd077da5,bd0eaad9,1,20480877

7921,216,124,-15,13,16235,-36,-3679,175,-1252,bf3c2ce5,bf2d219f,bd079263,bd0ee6c9,bf3c2ce8,bf2d219b,bd07926c,bd0ee6d2,1,20489396

7922,241,135,-9,27,16193,6,-3773,195,-1300,bf3c21f4,bf2d2d6a,bd079330,bd0f0451,bf3c21f7,bf2d2d67,bd079339,bd0f045a,1,20497915

7923,219,136,1,49,16153,74,-3761,155,-1195,bf3c1513,bf2d3b23,bd07b0b5,bd0f3c8d,bf3c1515,bf2d3b1f,bd07b0bf,bd0f3c96,1,20506433

7924,181,140,21,20,16209,26,-3761,155,-1195,bf3c05f5,bf2d4b4f,bd07e232,bd0f5647,bf3c05f8,bf2d4b4b,bd07e23d,bd0f5651,1,20514451

7925,148,141,38,8,16223,66,-3767,127,-1200,bf3bf55a,bf2d5d1a,bd0823f9,bd0f59b8,bf3bf55d,bf2d5d16,bd082404,bd0f59c3,1,20522970

7926,107,144,50,6,16299,14,-3761,157,-1251,bf3be2cf,bf2d7119,bd08657e,bd0f3b54,bf3be2d3,bf2d7116,bd086589,bd0f3b5f,1,20531488

7927,101,146,53,11,16243,-5,-3721,131,-1193,bf3bcf68,bf2d85ee,bd08b1a9,bd0f2aba,bf3bcf6b,bf2d85ea,bd08b1b4,bd0f2ac4,1,20540007

7928,91,147,54,-9,16358,-137,-3721,131,-1193,bf3bbafc,bf2d9bdc,bd08ffd6,bd0f125c,bf3bbaff,bf2d9bd8,bd08ffe0,bd0f1266,1,20548526

7929,118,151,43,-19,16350,-118,-3703,123,-1194,bf3ba849,bf2dafed,bd093f52,bd0f0130,bf3ba84c,bf2dafe9,bd093f5c,bd0f013a,1,20557044

7930,142,138,18,-1,16306,-91,-3755,119,-1290,bf3b9804,bf2dc16d,bd095dbb,bd0ef968,bf3b9808,bf2dc16a,bd095dc6,bd0ef972,1,20565563

7931,163,137,10,2,16308,-62,-3755,119,-1290,bf3b8923,bf2dd169,bd097406,bd0efbe0,bf3b8927,bf2dd166,bd097411,bd0efbea,1,20574081

7932,184,147,12,-4,16312,-113,-3747,109,-1319,bf3b7bb4,bf2ddff0,bd097b40,bd0ee925,bf3b7bb8,bf2ddfec,bd097b4a,bd0ee92f,1,20582600

7933,213,152,3,5,16247,4,-3731,169,-1241,bf3b6f7f,bf2ded05,bd0984b9,bd0ef8c4,bf3b6f83,bf2ded01,bd0984c3,bd0ef8ce,1,20591119

7934,206,145,8,4,16237,5,-3731,169,-1241,bf3b62f1,bf2dfa6c,bd099a03,bd0f091a,bf3b62f5,bf2dfa68,bd099a0d,bd0f0924,1,20599637

7935,183,138,9,3,16178,3,-3733,127,-1200,bf3b54b5,bf2e0987,bd09bfe9,bd0f2a12,bf3b54b9,bf2e0983,bd09bff3,bd0f2a1d,1,20608156

7936,159,148,14,14,16157,81,-3695,73,-1128,bf3b44e9,bf2e1a42,bd09eaf3,bd0f53c9,bf3b44ed,bf2e1a3e,bd09eafd,bd0f53d5,1,20616675

7937,141,155,22,4,16348,-82,-3695,73,-1128,bf3b3385,bf2e2cc1,bd0a175c,bd0f68ad,bf3b3388,bf2e2cbc,bd0a1765,bd0f68b8,1,20624692

7938,141,151,21,10,16297,-96,-3739,143,-1240,bf3b2321,bf2e3e4c,bd0a3373,bd0f615e,bf3b2325,bf2e3e49,bd0a337d,bd0f616a,1,20633211

7939,159,140,18,2,16273,-3,-3721,163,-1286,bf3b14df,bf2e4d8f,bd0a4d63,bd0f58ea,bf3b14e2,bf2e4d8b,bd0a4d6d,bd0f58f5,1,20641730

7940,170,141,17,-2,16329,-108,-3767,181,-1225,bf3b05e2,bf2e5d7c,bd0a7330,bd0f6251,bf3b05e5,bf2e5d78,bd0a733a,bd0f625d,1,20650248

7941,173,145,14,-22,16351,-80,-3767,181,-1225,bf3af74a,bf2e6d03,bd0a9512,bd0f6889,bf3af74d,bf2e6cff,bd0a951c,bd0f6895,1,20658767

7942,194,160,-6,-100,16374,-12,-3751,171,-1257,bf3aeaca,bf2e7a6d,bd0a99d0,bd0f6021,bf3aeacd,bf2e7a69,bd0a99da,bd0f602d,1,20667285

7943,195,176,-51,5,16252,31,-3687,131,-1295,bf3adf38,bf2e86f9,bd0a4bcf,bd0f79a8,bf3adf3b,bf2e86f5,bd0a4bd9,bd0f79b4,1,20675804

7944,192,163,-87,11,16247,-68,-3687,131,-1295,bf3ad2d6,bf2e944e,bd09e90f,bd0fc13b,bf3ad2d9,bf2e944a,bd09e919,bd0fc147,1,20684323

7945,183,165,-70,68,16173,-49,-3761,167,-1230,bf3ac514,bf2ea300,bd099abf,bd10120e,bf3ac518,bf2ea2fd,bd099aca,bd10121b,1,20692841

7946,159,153,-31,46,16223,-37,-3689,163,-1215,bf3ab612,bf2eb2ef,bd09848f,bd1048cb,bf3ab617,bf2eb2ed,bd09849b,bd1048d9,1,20701360

7947,151,141,-5,31,16304,-115,-3689,163,-1215,bf3aa658,bf2ec393,bd099480,bd106c60,bf3aa65c,bf2ec391,bd09948b,bd106c6d,1,20709879

7948,154,142,9,29,16194,-18,-3685,99,-1179,bf3a9711,bf2ed3ad,bd09b674,bd108d0d,bf3a9714,bf2ed3aa,bd09b67e,bd108d19,1,20718397

7949,156,148,37,25,16171,-32,-3741,173,-1186,bf3a87e1,bf2ee3b8,bd09ed39,bd108a4f,bf3a87e4,bf2ee3b5,bd09ed43,bd108a5b,1,20726415

7950,144,154,53,6,16310,-148,-3741,173,-1186,bf3a7796,bf2ef4fd,bd0a2f4c,bd106c71,bf3a7799,bf2ef4fa,bd0a2f56,bd106c7d,1,20734934

7951,142,150,60,-3,16350,-91,-3691,111,-1243,bf3a6875,bf2f0511,bd0a6fd0,bd103882,bf3a6878,bf2f050e,bd0a6fd9,bd10388e,1,20743453

7952,157,145,45,5,16296,-72,-3683,89,-1158,bf3a5946,bf2f1508,bd0ab52a,bd103493,bf3a5949,bf2f1506,bd0ab533,bd1034a1,1,20751971

7953,171,149,44,-11,16346,-136,-3683,123,-1240,bf3a4ba4,bf2f2381,bd0ae788,bd1011c5,bf3a4ba6,bf2f237e,bd0ae790,bd1011d3,1,20760490

7954,203,147,39,-18,16308,-124,-3683,123,-1240,bf3a3ff4,bf2f2fdf,bd0b1669,bd0ff644,bf3a3ff6,bf2f2fdc,bd0b1671,bd0ff652,1,20769008

7955,219,137,13,-2,16270,-61,-3651,145,-1169,bf3a3482,bf2f3bc8,bd0b428c,bd101960,bf3a3484,bf2f3bc5,bd0b4294,bd10196e,1,20777527

7956,230,136,3,-12,16289,-36,-3723,131,-1091,bf3a28e4,bf2f47be,bd0b75e2,bd105e19,bf3a28e8,bf2f47bc,bd0b75eb,bd105e29,1,20786046

7957,197,119,-4,-20,16302,-60,-3723,131,-1091,bf3a1b40,bf2f55be,bd0bb5d4,bd10b5c2,bf3a1b44,bf2f55bc,bd0bb5de,bd10b5d2,1,20794564

7958,163,106,-28,7,16222,9,-3707,151,-1263,bf3a0e3e,bf2f6345,bd0bc6d1,bd10fbc8,bf3a0e42,bf2f6342,bd0bc6da,bd10fbd8,1,20803083

7959,141,110,-23,-55,16312,-39,-3759,75,-1225,bf39ff51,bf2f72c9,bd0beb6b,bd11390e,bf39ff54,bf2f72c5,bd0beb73,bd11391d,1,20811602

7960,129,130,-24,71,16281,-156,-3759,75,-1225,bf39ef22,bf2f83c2,bd0be7d6,bd11747b,bf39ef25,bf2f83be,bd0be7de,bd11748a,1,20819619

7961,157,112,-13,14,16295,-113,-3749,127,-1272,bf39e17d,bf2f9201,bd0bfc86,bd119f2c,bf39e17f,bf2f91fd,bd0bfc8e,bd119f3b,1,20828138

7962,175,107,-6,2,16316,-96,-3703,101,-1232,bf39d493,bf2f9f5d,bd0c2786,bd11d534,bf39d496,bf2f9f5a,bd0c278e,bd11d543,1,20836657

7963,188,107,-9,8,16258,-32,-3703,101,-1232,bf39c8da,bf2fab76,bd0c4e1b,bd121053,bf39c8db,bf2fab72,bd0c4e22,bd121061,1,20845175

7964,197,119,0,5,16250,-39,-3721,129,-1176,bf39bcd7,bf2fb7d1,bd0c7e15,bd1249f3,bf39bcd9,bf2fb7ce,bd0c7e1c,bd124a01,1,20853694

7965,198,125,21,14,16171,-52,-3709,135,-1205,bf39b160,bf2fc3b1,bd0cb3a7,bd1260d8,bf39b162,bf2fc3af,bd0cb3ae,bd1260e6,1,20862212

7966,184,133,35,-9,16299,-72,-3757,123,-1267,bf39a60f,bf2fcf94,bd0ce291,bd1246ce,bf39a611,bf2fcf92,bd0ce298,bd1246dc,1,20870731

7967,173,128,20,-34,16383,-92,-3757,123,-1267,bf399a02,bf2fdc35,bd0d0cc5,bd123b34,bf399a03,bf2fdc32,bd0d0ccb,bd123b41,1,20879250

7968,184,127,-7,15,16225,-14,-3725,117,-1231,bf398e83,bf2fe827,bd0d1f82,bd1261e1,bf398e85,bf2fe825,bd0d1f89,bd1261ee,1,20887769

7969,167,124,-13,1,16277,11,-3719,145,-1216,bf3981f4,bf2ff528,bd0d36d8,bd1293f8,bf3981f6,bf2ff526,bd0d36df,bd129405,1,20896287

7970,118,110,-15,-24,16322,-35,-3719,145,-1216,bf397251,bf300552,bd0d6033,bd12cd70,bf397253,bf300550,bd0d603a,bd12cd7d,1,20904806

7971,80,89,-35,-139,16428,-42,-3717,127,-1241,bf3960eb,bf30173f,bd0d99d4,bd131020,bf3960ed,bf30173d,bd0d99da,bd13102d,1,20913324

7972,82,103,-81,118,16272,-296,-3749,157,-1246,bf394df4,bf302ae8,bd0d6f44,bd1393c4,bf394df5,bf302ae6,bd0d6f49,bd1393d1,1,20921843

7973,144,94,-77,54,16293,-215,-3749,157,-1246,bf393f2b,bf303a1a,bd0d5862,bd14151b,bf393f2c,bf303a18,bd0d5867,bd141529,1,20929861

7974,212,82,-47,29,16287,-172,-3721,159,-1262,bf393507,bf30445f,bd0d65fa,bd147e31,bf393508,bf30445c,bd0d65ff,bd147e3f,1,20938380

7975,268,106,-13,-197,17112,66,-3689,155,-1234,bf392f9f,bf3049c0,bd0da6b0,bd149cda,bf392fa0,bf3049bd,bd0da6b5,bd149ce8,1,20946898

7976,411,150,18,173,16324,-347,-3689,155,-1234,bf393005,bf304955,bd0d9619,bd14ad79,bf393007,bf304952,bd0d961f,bd14ad87,1,20955417

7977,536,71,81,246,16220,-254,-3733,165,-1223,bf3937dc,bf30409b,bd0dfc50,bd14dfe6,bf3937de,bf304098,bd0dfc56,bd14dff4,1,20963935

7978,712,18,288,-28,16595,-304,-3733,173,-1259,bf394aaf,bf302c20,bd0f6fb7,bd144b50,bf394ab1,bf302c1d,bd0f6fbd,bd144b5e,1,20972454

7979,900,46,306,-183,17440,-920,-3795,153,-1251,bf396581,bf300f64,bd10e293,bd137f38,bf396583,bf300f61,bd10e299,bd137f46,1,20980973

7980,1318,85,212,-273,17236,-510,-3795,153,-1251,bf3999f3,bf2fd7c3,bd11d279,bd12f5d2,bf3999f6,bf2fd7c1,bd11d280,bd12f5e1,1,20989492

7981,1837,185,145,-278,17498,-622,-3753,133,-1293,bf39ec3c,bf2f8118,bd11ff30,bd12607b,bf39ec3f,bf2f8116,bd11ff37,bd126089,1,20998010

7982,2368,316,142,-601,17795,-343,-3695,113,-1282,bf3a5e62,bf2f08f6,bd11c0b3,bd114f0f,bf3a5e65,bf2f08f4,bd11c0ba,bd114f1d,1,21006529

7983,2884,475,28,-1197,17714,438,-3695,113,-1282,bf3af267,bf2e6cd1,bd10d5c2,bd0fd6b8,bf3af269,bf2e6cce,bd10d5c8,bd0fd6c5,1,21015054

7984,3129,556,-556,-1282,19508,-151,-3713,141,-1354,bf3b8ee6,bf2dc6f6,bd0d4eec,bd105ca8,bf3b8ee9,bf2dc6f4,bd0d4ef3,bd105cb5,1,21023572

7985,3659,507,-1373,-84,20339,-1606,-3761,121,-1283,bf3c3f8c,bf2d0927,bd066b25,bd14f07a,bf3c3f8e,bf2d0924,bd066b2c,bd14f087,1,21031590

7986,5297,806,-1144,1921,20925,-3086,-3761,121,-1283,bf3d4a86,bf2be81a,bcfcb3d9,bd184ed6,bf3d4a89,bf2be818,bcfcb3e8,bd184ee4,1,21040109

7987,7683,717,-285,2496,21132,-3562,-3725,135,-1413,bf3edb18,bf2a2e2d,bcf20af6,bd19073d,bf3edb1a,bf2a2e2a,bcf20b03,bd19074a,1,21048627

7988,10355,306,753,1380,22011,-3455,-3723,127,-1501,bf40fd05,bf27c407,bcf14b8d,bd1732b6,bf40fd06,bf27c403,bcf14b99,bd1732c2,1,21057146

7989,12838,-104,1083,1147,20937,-2608,-3723,127,-1501,bf439d77,bf24b1d8,bcf52b92,bd15d420,bf439d79,bf24b1d6,bcf52b9f,bd15d42d,1,21065665

7990,14826,-568,851,2483,16459,-1151,-3721,143,-1642,bf4699eb,bf211195,bcf9003d,bd17b054,bf4699eb,bf211192,bcf90048,bd17b060,1,21074183

7991,16033,-1216,1226,-1710,12826,4067,-3785,227,-1824,bf49ef33,bf1cd816,bd045698,bd17d1c8,bf49ef35,bf1cd815,bd0456a0,bd17d1d5,1,21082702

7992,16753,-209,2485,504,16474,1427,-3763,227,-1844,bf4d2eca,bf189312,bd0a0e37,bd116a40,bf4d2ecb,bf189311,bd0a0e3d,bd116a4d,1,21091220

7993,17053,236,2907,2237,11390,3291,-3763,227,-1844,bf5076f3,bf1413e2,bd0cfc36,bd09806f,bf5076f4,bf1413e2,bd0cfc3c,bd09807d,1,21099739

7994,16811,-272,3541,1617,15824,1065,-3785,289,-1967,bf538887,bf0fa9d1,bd15b1e6,bcfdeede,bf538887,bf0fa9cf,bd15b1eb,bcfdeef8,1,21108257

7995,16393,-1102,3600,1171,9282,5668,-3853,373,-2103,bf569568,bf0b0b41,bd213a1a,bced8e7d,bf569568,bf0b0b3f,bd213a1f,bced8e97,1,21116776

7996,16119,-1465,3914,-1065,9076,9042,-3853,373,-2103,bf597c4d,bf0669f3,bd3110ac,bcda293c,bf597c4e,bf0669f2,bd3110b2,bcda2957,1,21124794

7997,15216,-421,5397,-621,12978,6960,-3821,453,-2135,bf5c24ee,bf01fdbf,bd3fb04e,bcb2ebca,bf5c24f0,bf01fdbe,bd3fb055,bcb2ebe5,1,21133313

7998,14299,-787,4752,-2538,9685,10115,-3881,571,-2204,bf5e8f92,befb80f8,bd4f8590,bc926562,bf5e8f92,befb80f4,bd4f8595,bc92657b,1,21141831

7999,12772,-1325,3702,-2405,10862,9418,-3881,571,-2204,bf60a3d7,bef3d285,bd5f9506,bc7a011c,bf60a3d9,bef3d283,bd5f950c,bc7a0150,1,21150350

8000,11360,-1053,3156,-135,9132,9579,-3937,649,-2417,bf6270f5,beecec33,bd6b0fcb,bc588b34,bf6270f5,beecec2f,bd6b0fd0,bc588b66,1,21158868

8001,10006,-1520,2859,-2770,10767,10880,-3997,713,-2464,bf63f94a,bee6c125,bd79a74b,bc3b64f6,bf63f94c,bee6c122,bd79a752,bc3b6529,1,21167387

8002,8738,-1574,2328,-1662,13013,9471,-3997,713,-2464,bf653f39,bee17334,bd8308f0,bc24a713,bf653f3a,bee17330,bd8308f2,bc24a744,1,21175906

8003,8250,-1925,1418,-1108,12944,8749,-4003,761,-2539,bf665702,bedcbe34,bd887437,bc263bb0,bf665702,bedcbe2f,bd887439,bc263be0,1,21184424

8004,8251,-2470,945,-1587,10432,9731,-4041,759,-2469,bf6780b8,bed78975,bd8f3532,bc3474ad,bf6780ba,bed78972,bd8f3535,bc3474dd,1,21192943

8005,8050,-2526,999,-3993,10808,11896,-3997,863,-2636,bf68956a,bed27b5c,bd9700e8,bc3f02da,bf68956a,bed27b58,bd9700e9,bc3f0309,1,21201462

8006,7900,-1839,1221,-2110,9361,11373,-3997,863,-2636,bf69a590,becd731f,bd9cb1e5,bc41e346,bf69a590,becd731b,bd9cb1e6,bc41e375,1,21209980

8007,7434,-1458,1531,-1977,10287,10825,-4097,899,-2546,bf6aa33d,bec8a4f6,bda1a190,bc39e065,bf6aa33d,bec8a4f2,bda1a191,bc39e093,1,21218499

8008,7177,-1449,1731,-3198,10516,11668,-4097,965,-2585,bf6b8e8f,bec3fec5,bda77b71,bc2b26a8,bf6b8e8f,bec3fec1,bda77b72,bc2b26d5,1,21227017

8009,6961,-1130,1900,-3688,8912,12730,-4097,965,-2585,bf6c6f8c,bebf71b8,bdaca72b,bc1840c9,bf6c6f8c,bebf71b4,bdaca72c,bc1840f6,1,21235035

8010,6555,-361,2363,-2706,9194,12152,-4097,979,-2617,bf6d45e6,bebb14c3,bdb00c70,bbec1e6a,bf6d45e6,bebb14bf,bdb00c71,bbec1ec3,1,21243554

8011,6341,236,2952,-2802,10686,11696,-4075,1075,-2651,bf6e12a6,beb6d899,bdb28fc9,bb7971a4,bf6e12a7,beb6d897,bdb28fcb,bb797250,1,21252072

8012,6701,687,3472,-3090,12022,11129,-4075,1075,-2651,bf6ecdaf,beb2df3f,bdb4af6c,39101cdf,bf6ecdaf,beb2df3c,bdb4af6d,39101201,1,21260591

8013,7573,1113,3862,-3132,11685,11573,-4117,1125,-2754,bf6fa295,beae4310,bdb6063f,3b9d60f4,bf6fa295,beae430d,bdb60640,3b9d6099,1,21269110

8014,8945,1780,4584,-6496,10326,14275,-4127,1231,-2773,bf70a934,bea85bfd,bdb74af6,3c2b2a0b,bf70a934,bea85bfa,bdb74af7,3c2b29de,1,21277628

8015,11360,3259,5361,-3620,12876,18200,-4127,1231,-2773,bf71f8d1,bea0bfc3,bdb3f9af,3c8cf22f,bf71f8d1,bea0bfc0,bdb3f9b0,3c8cf217,1,21286147

8016,16829,4903,5072,-2216,9420,13884,-4135,1303,-2844,bf73c9fc,be95b80a,bdac0d38,3cc138b4,bf73c9fd,be95b808,bdac0d39,3cc1389d,1,21294666

8017,22736,5570,5399,-2236,8032,6478,-4153,1511,-2952,bf75e5f0,be8782f8,bda4130f,3cf4fa56,bf75e5f0,be8782f6,bda4130f,3cf4fa3e,1,21303184

8018,24517,5051,6551,-6239,11696,9167,-4111,1715,-3155,bf77e624,be6fde7b,bd9eea22,3d18fbf4,bf77e624,be6fde77,bd9eea21,3d18fbe8,1,21311703

8019,24025,4844,7131,-3533,8116,7268,-4111,1715,-3155,bf79975c,be512614,bd9a2da8,3d39ca21,bf79975c,be512610,bd9a2da7,3d39ca15,1,21320221

8020,24062,4230,7267,-2574,3341,11676,-4129,1885,-3170,bf7b14f2,be30be20,bd9686f0,3d5b18ca,bf7b14f1,be30be1b,bd9686ef,3d5b18bd,1,21328740

8021,22692,2958,7762,-332,-1967,12055,-4101,2155,-3187,bf7c3343,be11f0b1,bd9578b5,3d7d60ac,bf7c3344,be11f0ad,bd9578b5,3d7d60a1,1,21337258

8022,20268,1166,8257,1257,-2669,21490,-4101,2155,-3187,bf7ced02,bdec8e46,bd986545,3d90bb2d,bf7ced02,bdec8e3e,bd986545,3d90bb27,1,21345276

8023,14593,-135,6617,1979,-411,23271,-4027,2287,-3175,bf7d48af,bdc493ba,bd9caea0,3d9f2c9b,bf7d48b0,bdc493b3,bd9caea0,3d9f2c95,1,21353795

8024,8321,739,3650,-1983,-2972,16557,-4069,2347,-3282,bf7d7642,bdace5c7,bd9d8695,3da7784f,bf7d7643,bdace5c0,bd9d8695,3da77849,1,21362313

8025,5909,125,2388,-768,7,15469,-4069,2347,-3282,bf7d913a,bd9c12dc,bd9e7764,3dacd163,bf7d9139,bd9c12d4,bd9e7763,3dacd15c,1,21370832

8026,4085,-938,930,-2258,-945,15627,-4087,2453,-3187,bf7d9ebf,bd905255,bda22804,3daea347,bf7d9ec0,bd90524e,bda22804,3daea341,1,21379351

8027,2628,-1325,-10,-215,-1431,14403,-4069,2467,-3136,bf7da7a0,bd88d009,bda5b5a3,3dae1f3e,bf7da7a1,bd88d002,bda5b5a3,3dae1f38,1,21387869

8028,1910,-1961,-818,-1527,-395,15432,-4069,2467,-3136,bf7dac38,bd836b94,bdaacd41,3dabaa7b,bf7dac37,bd836b8d,bdaacd40,3dabaa74,1,21396388

8029,1718,-2232,-616,-1236,-1140,14837,-4147,2477,-3066,bf7daba1,bd7d0e4b,bdb09929,3da9ae99,bf7daba2,bd7d0e3e,bdb09929,3da9ae93,1,21404907

8030,1240,-2843,-692,-1960,-508,15012,-4123,2505,-3116,bf7da2f7,bd76022c,bdb8034e,3da79ed9,bf7da2f6,bd76021d,bdb8034d,3da79ed1,1,21413425

8031,640,-3423,-823,-4236,-1319,17152,-4189,2451,-3069,bf7d8fec,bd725efe,bdc1aec1,3da53c4c,bf7d8fed,bd725ef1,bdc1aec2,3da53c45,1,21421944

8032,57,-3314,-672,-3720,-143,15850,-4189,2451,-3069,bf7d7847,bd71ab27,bdcadf5d,3da38689,bf7d7848,bd71ab1a,bdcadf5e,3da38682,1,21430462

8033,-252,-2959,-474,-3363,820,15845,-4095,2403,-2997,bf7d604f,bd72604f,bdd2b414,3da2a513,bf7d604f,bd726041,bdd2b414,3da2a50d,1,21438981

8034,-205,-2805,-176,-4637,1492,16562,-4081,2425,-2969,bf7d4195,bd73d7af,bddb4c57,3da2b34c,bf7d4194,bd73d7a0,bddb4c56,3da2b345,1,21446999

8035,13,-2035,237,-3526,797,15754,-4081,2425,-2969,bf7d2cf4,bd726f9b,bde0c6dc,3da3c587,bf7d2cf5,bd726f8e,bde0c6dd,3da3c581,1,21455517

8036,69,-1679,161,-2737,639,15133,-4105,2411,-2976,bf7d1e81,bd70e7c4,bde4af1e,3da4821f,bf7d1e80,bd70e7b5,bde4af1d,3da48217,1,21464036

8037,79,-1919,49,-3524,1729,15061,-4235,2461,-3002,bf7d0a1b,bd7098ef,bde97917,3da5bc2b,bf7d0a1c,bd7098e2,bde97918,3da5bc25,1,21472555

8038,83,-1963,-31,-3962,2126,15477,-4235,2461,-3002,bf7cf106,bd722ef2,bdeee97c,3da6f90b,bf7cf107,bd722ee5,bdeee97d,3da6f905,1,21481073

8039,332,-1819,-259,-4589,2553,15573,-4227,2477,-2894,bf7cd8ab,bd741977,bdf4ce01,3da6f6bc,bf7cd8aa,bd741968,bdf4ce00,3da6f6b5,1,21489592

8040,679,-1611,-558,-4984,1573,15909,-4263,2433,-2928,bf7cc7ac,bd713bde,bdfa836d,3da5f79e,bf7cc7ac,bd713bd0,bdfa836d,3da5f798,1,21498110

8041,795,-1260,-722,-4277,1394,15297,-4263,2433,-2928,bf7cbf03,bd6cbf18,bdfe80cd,3da4ce01,bf7cbf05,bd6cbf0c,bdfe80cf,3da4cdfc,1,21506629

8042,844,-1151,-1005,-5151,1311,16160,-4299,2443,-2906,bf7cb6d2,bd689eaa,be016b65,3da2a5fb,bf7cb6d2,bd689e9d,be016b65,3da2a5f4,1,21515148

8043,988,-837,-866,-4429,887,15385,-4261,2499,-2902,bf7cb54d,bd629dba,be02cd4f,3da0ec83,bf7cb54d,bd629dad,be02cd4f,3da0ec7c,1,21523666

8044,907,-856,-1019,-5426,918,16086,-4293,2497,-2874,bf7cb0a7,bd5dbf7f,be048c66,3d9eb6e5,bf7cb0a6,bd5dbf71,be048c65,3d9eb6de,1,21532185

8045,831,-734,-1217,-4231,217,15490,-4293,2497,-2874,bf7cb31f,bd587a17,be059de6,3d9bf142,bf7cb320,bd587a0b,be059de6,3d9bf13c,1,21540203

8046,664,-556,-1198,-4469,-27,15863,-4221,2469,-2976,bf7cb638,bd53ecc1,be067cfc,3d993b08,bf7cb63a,bd53ecb6,be067cfd,3d993b02,1,21548721

8047,596,-188,-877,-4761,368,16251,-4289,2449,-2897,bf7cb9e5,bd4f776b,be06fa72,3d9781b3,bf7cb9e6,bd4f775f,be06fa73,3d9781ac,1,21557240

8048,528,434,-267,-5673,539,16490,-4289,2449,-2897,bf7cbcc8,bd4b53f0,be070e06,3d976f36,bf7cbcc8,bd4b53e4,be070e06,3d976f2e,1,21565759

8049,615,1101,210,-2718,586,14440,-4299,2415,-2884,bf7ccde5,bd4687f8,be053607,3d9869b8,bf7ccde5,bd4687ec,be053607,3d9869b0,1,21574277

8050,592,937,198,-2440,417,14421,-4253,2479,-2878,bf7cdcb2,bd41dd49,be0398b1,3d9961c3,bf7cdcb2,bd41dd3d,be0398b1,3d9961bb,1,21582796

8051,476,286,180,-3546,-349,15265,-4253,2479,-2878,bf7ce123,bd3d112d,be03377d,3d9a596e,bf7ce123,bd3d1121,be03377d,3d9a5966,1,21591315

8052,140,16,111,-4015,122,15325,-4283,2479,-2938,bf7ce045,bd3a2a21,be03494b,3d9b5857,bf7ce045,bd3a2a15,be03494b,3d9b584f,1,21599833

8053,-119,-43,18,-3844,1037,15342,-4269,2437,-2891,bf7cdfa4,bd39900b,be031321,3d9c7d96,bf7cdfa5,bd399000,be031321,3d9c7d8f,1,21608352

8054,-13,-30,95,-3893,492,15438,-4269,2437,-2891,bf7cde9a,bd37a180,be030e46,3d9d8aa9,bf7cde9a,bd37a174,be030e45,3d9d8aa2,1,21616870

8055,-12,-88,151,-5115,897,16049,-4245,2469,-2927,bf7cd5de,bd369e80,be03cc8e,3d9eda46,bf7cd5df,bd369e75,be03cc8e,3d9eda40,1,21625389

8056,8,164,145,-5174,892,15915,-4257,2473,-2870,bf7ccf83,bd3591a2,be044250,3da025fc,bf7ccf83,bd359197,be044250,3da025f5,1,21633908

8057,62,589,83,-5563,850,16135,-4257,2473,-2870,bf7ccdbe,bd345c95,be044240,3da13004,bf7ccdbd,bd345c89,be044240,3da12ffd,1,21641925

8058,81,1076,35,-4681,906,15698,-4277,2439,-2958,bf7cd3c6,bd32326d,be0358f4,3da265ec,bf7cd3c8,bd323263,be0358f5,3da265e7,1,21650444

8059,132,1379,5,-5008,1562,15926,-4259,2499,-2970,bf7cd9c8,bd31dc9b,be023f96,3da3affb,bf7cd9c9,bd31dc90,be023f97,3da3aff5,1,21658963

8060,286,1693,80,-3492,1328,15319,-4273,2395,-2965,bf7cef3a,bd305ecf,bdfeddc7,3da4abaa,bf7cef39,bd305ec3,bdfeddc7,3da4aba3,1,21667482

8061,494,1768,75,-3341,-93,15310,-4273,2395,-2965,bf7d0440,bd2afc2a,bdfa0ad9,3da568ad,bf7d0441,bd2afc1f,bdfa0adb,3da568a7,1,21676000

8062,259,1522,24,-3865,894,15674,-4205,2459,-2975,bf7d137c,bd277d16,bdf5ed89,3da6a446,bf7d137d,bd277d0b,bdf5ed8b,3da6a440,1,21684519

8063,138,1537,6,-3514,581,15376,-4221,2463,-3022,bf7d23a7,bd246289,bdf197a6,3da79d05,bf7d23a7,bd24627e,bdf197a7,3da79cff,1,21693037

8064,124,1545,-4,-3569,710,15475,-4221,2463,-3022,bf7d3313,bd21718e,bded46f9,3da8aa3d,bf7d3313,bd217183,bded46fa,3da8aa37,1,21701556

8065,108,1498,-32,-3881,757,15649,-4205,2449,-2972,bf7d3f1f,bd1e9718,bde9bb69,3da9c4a3,bf7d3f1e,bd1e970c,bde9bb69,3da9c49d,1,21710074

8066,133,1542,-88,-3766,1123,15552,-4247,2433,-3066,bf7d4a78,bd1d0e67,bde5de4a,3dab2932,bf7d4a79,bd1d0e5d,bde5de4c,3dab292d,1,21718593

8067,260,1638,-83,-3253,594,15380,-4247,2433,-3066,bf7d5be5,bd196164,bde12864,3dabceb8,bf7d5be5,bd196159,bde12865,3dabceb2,1,21727112

8068,318,1573,-15,-3127,460,15454,-4159,2431,-2968,bf7d6c30,bd155172,bddca542,3dac8c84,bf7d6c2e,bd155166,bddca541,3dac8c7c,1,21735630

8069,301,1529,85,-3353,646,15446,-4157,2459,-3044,bf7d78f5,bd114f77,bdd89f42,3dadcece,bf7d78f4,bd114f6d,bdd89f41,3dadcec7,1,21744149

8070,255,1500,134,-2730,465,15256,-4157,2459,-3044,bf7d8775,bd0dd9fe,bdd4079d,3daee4e8,bf7d8774,bd0dd9f4,bdd4079c,3daee4e1,1,21752167

8071,275,1328,230,-2791,641,15301,-4163,2377,-3046,bf7d9475,bd0ac4a2,bdcf9fc4,3db014cb,bf7d9474,bd0ac499,bdcf9fc3,3db014c4,1,21760685

8072,369,1126,315,-3215,1089,15663,-4137,2469,-3040,bf7d9a1d,bd0863e3,bdcc507d,3db25d99,bf7d9a1d,bd0863dc,bdcc507d,3db25d93,1,21769204

8073,366,1089,242,-3242,926,15650,-4129,2497,-3066,bf7d9f2e,bd050960,bdc98123,3db4626f,bf7d9f2d,bd05095a,bdc98122,3db46268,1,21777722

8074,282,1102,99,-3015,858,15522,-4129,2497,-3066,bf7da6a9,bd022795,bdc63b97,3db5e611,bf7da6aa,bd022790,bdc63b97,3db5e60b,1,21786241

8075,291,1116,71,-3382,765,15744,-4123,2451,-3051,bf7daa69,bcfe405e,bdc43702,3db74f7f,bf7daa6a,bcfe4054,bdc43702,3db74f79,1,21794760

8076,321,1180,50,-3196,857,15752,-4201,2485,-3032,bf7dafae,bcf8bbe3,bdc16acc,3db8eccb,bf7dafaf,bcf8bbda,bdc16acc,3db8ecc5,1,21803278

8077,349,1267,-8,-2758,699,15477,-4201,2485,-3032,bf7dba47,bcf2248a,bdbd7499,3db9ef64,bf7dba48,bcf22481,bdbd7499,3db9ef5e,1,21811797

8078,307,1202,-68,-3022,1268,15451,-4179,2463,-3153,bf7dc02f,bcf54aa7,bdba6f44,3dbab70b,bf7dc030,bcf54a9e,bdba6f43,3dbab705,1,21820315

8079,410,1202,-207,-2837,1657,15766,-4195,2499,-3003,bf7dc95b,bcf7e50c,bdb6fb59,3dbacc57,bf7dc95c,bcf7e503,bdb6fb57,3dbacc51,1,21828834

8080,651,1287,-406,-2866,1681,15663,-4195,2499,-3003,bf7dd463,bcf86129,bdb39223,3dba52a1,bf7dd463,bcf8611f,bdb39220,3dba529a,1,21837353

8081,746,1300,-688,-2918,282,15716,-4157,2499,-3180,bf7de2b2,bcebf97b,bdb09fa2,3db944d7,bf7de2b3,bcebf972,bdb09f9f,3db944d0,1,21845871

8082,732,1341,-846,-3079,704,15875,-4185,2483,-3172,bf7deef5,bce200fc,bdae2466,3db830b0,bf7deef5,bce200f3,bdae2463,3db830a8,1,21853889

8083,662,1408,-843,-3052,-205,15753,-4185,2483,-3172,bf7dfe2d,bcd64f42,bdab41aa,3db6843b,bf7dfe2d,bcd64f39,bdab41a7,3db68433,1,21862408

8084,584,1555,-623,-2181,-638,15291,-4177,2451,-3102,bf7e0f0e,bccae1a7,bda726ba,3db54378,bf7e0f0c,bccae19d,bda726b6,3db5436f,1,21870926

8085,418,1357,-292,-2048,377,15315,-4159,2491,-3057,bf7e1c09,bcc35ccd,bda2ca2c,3db53309,bf7e1c07,bcc35cc3,bda2ca28,3db53300,1,21879445

8086,342,1151,-99,-2669,627,15704,-4181,2475,-3145,bf7e2020,bcbd7b89,bda05501,3db657e4,bf7e2020,bcbd7b83,bda05500,3db657dd,1,21887964

8087,370,1099,-14,-2713,697,15860,-4181,2475,-3145,bf7e21c9,bcb9369c,bd9e58f6,3db7c3ff,bf7e21c9,bcb93696,bd9e58f5,3db7c3f8,1,21896482

8088,426,1177,39,-2444,655,15719,-4139,2471,-3177,bf7e26d6,bcb34536,bd9af8fb,3db94292,bf7e26d6,bcb34530,bd9af8fa,3db9428b,1,21905001

8089,429,1242,20,-2402,663,15663,-4153,2507,-3202,bf7e2bb9,bcad27f5,bd978fb7,3dbac32c,bf7e2bb9,bcad27ef,bd978fb6,3dbac325,1,21913520

8090,438,1230,5,-1921,533,15395,-4153,2507,-3202,bf7e343f,bca6b765,bd936047,3dbb9387,bf7e3440,bca6b75f,bd936047,3dbb9381,1,21922038

8091,438,1088,1,-1638,291,15309,-4139,2501,-3192,bf7e3c6c,bc9f6eb1,bd8f974b,3dbc2337,bf7e3c6b,bc9f6ea9,bd8f974a,3dbc2330,1,21930557

8092,359,871,-21,-1922,588,15483,-4145,2471,-3208,bf7e4262,bc9c11bf,bd8c2cfd,3dbcdf99,bf7e4262,bc9c11b8,bd8c2cfc,3dbcdf93,1,21939075

8093,342,706,-33,-1431,381,15084,-4145,2471,-3208,bf7e48c4,bc97a347,bd891f9f,3dbd310e,bf7e48c4,bc97a340,bd891f9e,3dbd3109,1,21947093

8094,303,406,-32,-1923,245,15576,-4135,2459,-3114,bf7e4b63,bc9116fd,bd878173,3dbdcbad,bf7e4b63,bc9116f6,bd878172,3dbdcba8,1,21955612

8095,257,236,-28,-2196,567,15712,-4131,2501,-3206,bf7e47ce,bc8f130d,bd873b88,3dbf47be,bf7e47cf,bc8f1308,bd873b87,3dbf47ba,1,21964131

8096,283,174,-50,-2070,420,15670,-4131,2501,-3206,bf7e4684,bc8a28e0,bd869837,3dc061d1,bf7e4684,bc8a28db,bd869835,3dc061cc,1,21972649

8097,254,136,-63,-2242,331,15749,-4099,2549,-3119,bf7e43bd,bc84e6a0,bd86c763,3dc166be,bf7e43bc,bc84e69c,bd86c760,3dc166b8,1,21981168

8098,209,126,-78,-2132,377,15658,-4109,2513,-3116,bf7e412b,bc80d4ea,bd86a1bb,3dc283ba,bf7e412b,bc80d4e6,bd86a1ba,3dc283b5,1,21989686

8099,150,113,-67,-2149,428,15695,-4111,2507,-3166,bf7e3daa,bc7d3cf5,bd868c68,3dc3ce80,bf7e3dab,bc7d3cee,bd868c68,3dc3ce7c,1,21998205

8100,134,73,-33,-2355,596,15781,-4111,2507,-3166,bf7e37c7,bc8168e8,bd8792a4,3dc4e46d,bf7e37c6,bc8168e4,bd8792a3,3dc4e468,1,22006723

8101,169,98,-16,-2338,588,15784,-4093,2553,-3107,bf7e31ff,bc814bbb,bd8828a1,3dc65a11,bf7e3200,bc814bb8,bd8828a1,3dc65a0d,1,22015242

8102,215,147,9,-2272,561,15747,-4109,2435,-3122,bf7e2ed7,bc86b5d0,bd88b747,3dc6c151,bf7e2ed8,bc86b5cd,bd88b747,3dc6c14e,1,22023761

8103,238,178,46,-2356,747,15758,-4109,2435,-3122,bf7e2c22,bc8c4a76,bd892c87,3dc7107a,bf7e2c22,bc8c4a73,bd892c86,3dc71077,1,22032280

8104,289,217,50,-2340,701,15743,-4095,2493,-3078,bf7e2740,bc8f329d,bd898d20,3dc83a97,bf7e2740,bc8f3299,bd898d1f,3dc83a94,1,22040798

8105,346,268,61,-2310,323,15806,-4137,2513,-3190,bf7e2403,bc88c758,bd89a6d7,3dc976ce,bf7e2403,bc88c754,bd89a6d7,3dc976cb,1,22049317

8106,348,315,78,-2573,383,16002,-4137,2513,-3190,bf7e1f6d,bc84cc70,bd8a76f5,3dca84b6,bf7e1f6e,bc84cc6b,bd8a76f5,3dca84b4,1,22057335

8107,332,429,71,-2368,224,15888,-4139,2489,-3177,bf7e1cf3,bc7c8923,bd8a747a,3dcb8f14,bf7e1cf3,bc7c8919,bd8a747a,3dcb8f11,1,22065853

8108,293,519,46,-2666,1124,16244,-4121,2473,-3129,bf7e1c4f,bc82f6cb,bd8a16e8,3dcbd254,bf7e1c50,bc82f6c6,bd8a16e9,3dcbd251,1,22074372

8109,391,637,3,-2066,108,15703,-4121,2473,-3129,bf7e1f23,bc74b47f,bd8850c9,3dcc7770,bf7e1f24,bc74b476,bd8850ca,3dcc776d,1,22082890

8110,374,670,-9,-2105,89,15653,-4135,2471,-3119,bf7e2169,bc6363c8,bd86ca7e,3dcd158a,bf7e2168,bc6363bd,bd86ca7e,3dcd1586,1,22091409

8111,286,647,1,-1939,53,15656,-4109,2451,-3157,bf7e2573,bc54ff26,bd849658,3dcd826e,bf7e2573,bc54ff1c,bd849658,3dcd826b,1,22099928

8112,181,594,-5,-1999,403,15733,-4125,2485,-3242,bf7e26d2,bc58e34d,bd824046,3dce8389,bf7e26d2,bc58e344,bd824046,3dce8386,1,22108446

8113,125,554,-26,-2042,353,15695,-4125,2485,-3242,bf7e257d,bc5aed64,bd80bb03,3dcfd6cc,bf7e257e,bc5aed5d,bd80bb04,3dcfd6ca,1,22116965

8114,106,528,-44,-1897,551,15643,-4115,2487,-3125,bf7e276b,bc65a1f3,bd7d578a,3dd0557d,bf7e276c,bc65a1ec,bd7d578c,3dd0557b,1,22125483

8115,145,483,-36,-1838,803,15661,-4109,2535,-3133,bf7e2867,bc6fc416,bd79a4d5,3dd0f894,bf7e2866,bc6fc40d,bd79a4d5,3dd0f891,1,22134002

8116,246,408,-4,-1829,430,15650,-4109,2535,-3133,bf7e280a,bc6ae6bf,bd762128,3dd23499,bf7e280a,bc6ae6b7,bd76212a,3dd23497,1,22142520

8117,298,358,17,-1883,431,15622,-4157,2513,-3125,bf7e2627,bc6a3d69,bd7370ab,3dd390d0,bf7e2628,bc6a3d63,bd7370ad,3dd390cf,1,22151039

8118,296,308,34,-1969,644,15810,-4093,2529,-3166,bf7e22f8,bc7090a2,bd7229c5,3dd4c5fa,bf7e22f8,bc70909b,bd7229c5,3dd4c5f9,1,22159558

8119,334,285,52,-2137,784,15860,-4093,2529,-3166,bf7e1f66,bc78154e,bd7272d4,3dd59f68,bf7e1f65,bc781546,bd7272d3,3dd59f66,1,22167576

8120,410,298,36,-1870,292,15615,-4119,2527,-3165,bf7e1d7f,bc6a3e21,bd70f07d,3dd6daf7,bf7e1d80,bc6a3e1c,bd70f07e,3dd6daf7,1,22176094

8121,398,282,16,-1901,370,15660,-4101,2537,-3194,bf7e1a46,bc605422,bd6fbffa,3dd84d07,bf7e1a46,bc60541c,bd6fbffa,3dd84d06,1,22184613

8122,353,235,6,-1999,510,15738,-4101,2537,-3194,bf7e156d,bc61edfc,bd700373,3dd99f26,bf7e156c,bc61edf6,bd700372,3dd99f24,1,22193131

8123,374,225,-12,-1933,371,15720,-4105,2527,-3147,bf7e1135,bc5bd67b,bd6fad83,3ddb09e7,bf7e1136,bc5bd679,bd6fad84,3ddb09e7,1,22201657

8124,363,215,-26,-1950,287,15776,-4101,2499,-3103,bf7e0d20,bc54e8f0,bd7038a7,3ddc2d56,bf7e0d20,bc54e8ed,bd7038a6,3ddc2d56,1,22210176

8125,339,208,-31,-1929,106,15759,-4127,2505,-3170,bf7e0b7b,bc464098,bd705bcd,3ddcd37b,bf7e0b7b,bc464095,bd705bcd,3ddcd37b,1,22218694

8126,263,192,-33,-1987,191,15758,-4127,2505,-3170,bf7e0795,bc3ee81a,bd71cad2,3ddda803,bf7e0795,bc3ee818,bd71cad2,3ddda803,1,22227213

8127,183,183,-51,-1838,308,15685,-4119,2479,-3206,bf7e0870,bc48f1c7,bd6fb637,3dddd660,bf7e0870,bc48f1c6,bd6fb637,3dddd660,1,22235732

8128,128,142,-64,-1936,489,15764,-4121,2493,-3224,bf7e0733,bc571690,bd6fab07,3dddff6d,bf7e0732,bc57168f,bd6fab06,3dddff6c,1,22244250

8129,151,114,-61,-1966,336,15732,-4121,2493,-3224,bf7e02f9,bc5e0c31,bd712a87,3ddeb124,bf7e02f9,bc5e0c31,bd712a86,3ddeb124,1,22252268

8130,169,121,-38,-1945,294,15687,-4113,2509,-3205,bf7dfe54,bc5b3c69,bd71db1d,3ddfdec7,bf7dfe54,bc5b3c69,bd71db1c,3ddfdec6,1,22260787

8131,154,118,-20,-2012,429,15796,-4101,2547,-3126,bf7df8a3,bc5ea842,bd72a59d,3de13686,bf7df8a3,bc5ea842,bd72a59c,3de13685,1,22269306

8132,173,127,-5,-2019,466,15774,-4101,2547,-3126,bf7df30a,bc63de10,bd735f13,3de2829f,bf7df309,bc63de11,bd735f11,3de2829d,1,22277824

8133,190,133,1,-1978,401,15759,-4093,2503,-3132,bf7deebb,bc6bddb0,bd73e5ce,3de3728b,bf7deebb,bc6bddb1,bd73e5ce,3de3728a,1,22286343

8134,199,142,6,-1965,346,15749,-4075,2533,-3120,bf7de9e2,bc67bc0b,bd73dd3b,3de4decf,bf7de9e2,bc67bc0b,bd73dd3b,3de4dece,1,22294862

8135,201,137,15,-1974,321,15745,-4075,2533,-3120,bf7de4da,bc63012a,bd741a87,3de645b2,bf7de4da,bc63012a,bd741a87,3de645b1,1,22303380

8136,188,134,11,-2020,198,15843,-4121,2463,-3187,bf7de2f5,bc62a43e,bd76be05,3de61905,bf7de2f6,bc62a43e,bd76be06,3de61905,1,22311899

8137,144,144,13,-1841,569,15732,-4127,2469,-3206,bf7de3d8,bc700d3c,bd754ebc,3de605ca,bf7de3d8,bc700d3b,bd754ebc,3de605c9,1,22320418

8138,150,129,8,-1992,484,15776,-4109,2511,-3212,bf7de035,bc7b61ab,bd756ee9,3de6cd87,bf7de035,bc7b61aa,bd756ee9,3de6cd86,1,22328936

8139,200,122,6,-1983,429,15782,-4109,2511,-3212,bf7ddb9b,bc80b229,bd758e82,3de7edb6,bf7ddb9c,bc80b228,bd758e83,3de7edb6,1,22337455

8140,218,131,1,-1968,418,15771,-4125,2507,-3116,bf7dd7e9,bc840586,bd756468,3de8dd7a,bf7dd7e9,bc840586,bd756468,3de8dd79,1,22345973

8141,239,138,4,-1969,469,15777,-4121,2479,-3158,bf7dd6c9,bc89b82e,bd754de9,3de8fcf8,bf7dd6ca,bc89b82e,bd754dea,3de8fcf8,1,22354492

8142,268,139,2,-1923,419,15722,-4121,2479,-3158,bf7dd622,bc8db3ae,bd7424a1,3de95239,bf7dd623,bc8db3ae,bd7424a2,3de95239,1,22362510

8143,286,132,7,-1921,300,15691,-4087,2513,-3106,bf7dd3a5,bc87d4d7,bd73bd81,3dea51e3,bf7dd3a5,bc87d4d6,bd73bd7f,3dea51e2,1,22371029

8144,261,102,4,-1909,368,15660,-4095,2529,-3192,bf7dd00c,bc842b7a,bd73156b,3deb9756,bf7dd00c,bc842b79,bd731569,3deb9755,1,22379547

8145,223,80,-17,-1957,367,15733,-4095,2529,-3192,bf7dcb51,bc81b54f,bd73663c,3decdddb,bf7dcb52,bc81b54f,bd73663b,3decdddb,1,22388066

8146,228,94,-33,-2117,439,15876,-4099,2491,-3202,bf7dc7d2,bc857121,bd75de6e,3ded090f,bf7dc7d3,bc857121,bd75de6d,3ded090f,1,22396584

8147,239,124,-55,-2017,376,15806,-4049,2527,-3114,bf7dc332,bc82f8b1,bd767394,3dee34ad,bf7dc333,bc82f8b1,bd767393,3dee34ad,1,22405103

8148,227,156,-103,-1956,257,15763,-4049,2527,-3114,bf7dc166,bc7b9306,bd760cc3,3deef658,bf7dc166,bc7b9305,bd760cc1,3deef657,1,22413622

8149,196,161,-141,-1942,224,15747,-4117,2503,-3157,bf7dc12e,bc71f8ae,bd75a73f,3def46e4,bf7dc12e,bc71f8ad,bd75a73e,3def46e3,1,22422141

8150,161,155,-111,-1945,174,15732,-4103,2469,-3164,bf7dc3bb,bc6adb0e,bd763354,3dee91a3,bf7dc3bb,bc6adb0d,bd763353,3dee91a2,1,22430659

8151,111,142,-94,-1984,231,15740,-4099,2555,-3224,bf7dc0be,bc63b873,bd764565,3def73c3,bf7dc0bf,bc63b873,bd764565,3def73c3,1,22439178

8152,47,141,-90,-1829,216,15679,-4099,2555,-3224,bf7dc00c,bc5e5c7b,bd74670f,3df030f2,bf7dc00c,bc5e5c7b,bd74670e,3df030f2,1,22447696

8153,7,113,-95,-1669,458,15544,-4099,2491,-3226,bf7dc2d1,bc6adbe9,bd71ae97,3deff654,bf7dc2d1,bc6adbe9,bd71ae96,3deff654,1,22456215

8154,40,16,-73,-2075,647,15816,-4103,2539,-3158,bf7dbfb7,bc7a811c,bd730084,3df033c4,bf7dbfb6,bc7a811b,bd730083,3df033c3,1,22464734

8155,116,19,-61,-1942,449,15738,-4103,2539,-3158,bf7dbb5e,bc8152e9,bd730bee,3df133e2,bf7dbb5d,bc8152e8,bd730bed,3df133e1,1,22472752

8156,150,17,-54,-2006,517,15773,-4111,2541,-3201,bf7db6b4,bc866862,bd74148f,3df1fe0b,bf7db6b5,bc866862,bd741491,3df1fe0c,1,22481270

8157,185,28,-48,-2118,529,15844,-4149,2497,-3172,bf7db461,bc8c3de3,bd763468,3df1db9a,bf7db461,bc8c3de2,bd763469,3df1db9a,1,22489789

8158,227,59,-47,-2092,293,15822,-4149,2497,-3172,bf7db114,bc8abd05,bd795ad0,3df1f87f,bf7db114,bc8abd05,bd795ad0,3df1f87f,1,22498307

8159,212,101,-52,-1985,272,15749,-4111,2583,-3182,bf7dae4f,bc85a400,bd7936e6,3df2e8ac,bf7dae4f,bc85a400,bd7936e6,3df2e8ac,1,22506826

8160,178,109,-28,-1991,413,15777,-4155,2563,-3159,bf7da9ca,bc857a73,bd78be98,3df43657,bf7da9c9,bc857a73,bd78be97,3df43656,1,22515345

8161,187,113,-9,-1971,400,15760,-4155,2563,-3159,bf7da57f,bc84e3bd,bd780005,3df5889e,bf7da57e,bc84e3bd,bd780004,3df5889e,1,22523863

8162,190,104,3,-1949,354,15695,-4089,2541,-3096,bf7da18c,bc832fed,bd77400c,3df6cbcd,bf7da18c,bc832fee,bd77400c,3df6cbce,1,22532382

8163,177,94,3,-1933,426,15695,-4083,2531,-3167,bf7d9e48,bc861d61,bd7616e1,3df7d317,bf7d9e48,bc861d62,bd7616e2,3df7d318,1,22540901

8164,168,70,-2,-1952,352,15751,-4099,2519,-3122,bf7d9ad6,bc8739f6,bd75bc40,3df8c147,bf7d9ad6,bc8739f7,bd75bc40,3df8c147,1,22549419

8165,158,54,-9,-1966,360,15751,-4099,2519,-3122,bf7d96eb,bc8919b2,bd760477,3df99de6,bf7d96ec,bc8919b3,bd760477,3df99de7,1,22557938

8166,155,47,-12,-1899,396,15692,-4121,2501,-3152,bf7d9786,bc8e7839,bd74bcc2,3df9971d,bf7d9785,bc8e7838,bd74bcbe,3df9971c,1,22566457

8167,152,9,-7,-1936,451,15710,-4141,2503,-3135,bf7d96d0,bc94ff26,bd74ca3f,3df984fb,bf7d96d0,bc94ff27,bd74ca3c,3df984fb,1,22574475

8168,168,-14,0,-2084,395,15790,-4141,2503,-3135,bf7d92dd,bc97e6b4,bd78173f,3df99912,bf7d92dd,bc97e6b4,bd78173c,3df99912,1,22582993

8169,172,1,-3,-2131,403,15833,-4109,2529,-3241,bf7d8cd7,bc974641,bd7b02a3,3dfa6b9d,bf7d8cd8,bc974641,bd7b02a1,3dfa6b9e,1,22591512

8170,172,46,3,-2111,445,15800,-4131,2503,-3142,bf7d895b,bc9bc328,bd7d5975,3dfa8a5f,bf7d895b,bc9bc328,bd7d5972,3dfa8a5f,1,22600031

8171,176,84,4,-2073,433,15784,-4131,2503,-3142,bf7d8649,bc9fc062,bd7eb568,3dfad168,bf7d8649,bc9fc062,bd7eb567,3dfad168,1,22608550

8172,189,107,9,-2065,455,15774,-4113,2535,-3181,bf7d813b,bc9eebcf,bd7eda53,3dfc1675,bf7d813b,bc9eebcf,bd7eda52,3dfc1675,1,22617068

8173,206,125,3,-1992,343,15736,-4071,2495,-3160,bf7d80eb,bc9a9fef,bd7d8561,3dfcab2f,bf7d80ea,bc9a9fee,bd7d8560,3dfcab2e,1,22625587

8174,210,124,5,-2007,409,15735,-4071,2495,-3160,bf7d7f8a,bc9cb5c2,bd7c8eb6,3dfd2cc7,bf7d7f89,bc9cb5c2,bd7c8eb4,3dfd2cc6,1,22634105

8175,209,113,3,-2025,416,15722,-4119,2477,-3098,bf7d80c3,bca1da01,bd7cf782,3dfc9055,bf7d80c2,bca1da01,bd7cf781,3dfc9054,1,22642624

8176,218,114,4,-1896,353,15658,-4181,2483,-3105,bf7d8647,bca22b65,bd7a3651,3dfbd9ca,bf7d8647,bca22b64,bd7a3652,3dfbd9ca,1,22651143

8177,199,89,7,-1995,397,15744,-4121,2475,-3105,bf7d885b,bca5e531,bd7a6ae2,3dfb1fe3,bf7d885b,bca5e530,bd7a6ae3,3dfb1fe3,1,22659661

8178,196,62,3,-2068,351,15783,-4121,2475,-3105,bf7d8784,bca50709,bd7d2105,3dfab142,bf7d8784,bca50709,bd7d2106,3dfab142,1,22667679

8179,175,68,-3,-2071,425,15790,-4121,2511,-3135,bf7d830f,bca44a0c,bd7e781c,3dfb8276,bf7d830e,bca44a0b,bd7e781d,3dfb8275,1,22676198

8180,177,88,-5,-2056,428,15763,-4169,2499,-3162,bf7d81d5,bca7ccd3,bd7f5065,3dfb7575,bf7d81d5,bca7ccd3,bd7f5067,3dfb7575,1,22684716

8181,188,101,-5,-2027,442,15750,-4169,2499,-3162,bf7d81fc,bcaadb0c,bd7e8f71,3dfb7b79,bf7d81fc,bcaadb0b,bd7e8f71,3dfb7b79,1,22693235

8182,214,95,-7,-1979,499,15719,-4105,2555,-3141,bf7d7efe,bca84734,bd7d37b9,3dfcae6b,bf7d7efe,bca84733,bd7d37b8,3dfcae6b,1,22701754

8183,255,78,-2,-1925,357,15648,-4089,2519,-3153,bf7d7e71,bca2e4cb,bd7bd85b,3dfd61da,bf7d7e71,bca2e4ca,bd7bd85a,3dfd61da,1,22710272

8184,254,37,5,-1946,316,15619,-4089,2519,-3153,bf7d7d0e,bc9cf9b3,bd7b5b56,3dfe156b,bf7d7d0d,bc9cf9b2,bd7b5b54,3dfe156a,1,22718791

8185,231,17,16,-2060,465,15768,-4087,2491,-3111,bf7d7ad3,bca20475,bd7ce53d,3dfe0f27,bf7d7ad2,bca20474,bd7ce53c,3dfe0f26,1,22727310

8186,239,0,15,-2318,322,15947,-4099,2527,-3172,bf7d75c8,bc9f4451,bd803355,3dfe8bee,bf7d75ca,bc9f4452,bd803357,3dfe8bf0,1,22735828

8187,234,74,6,-2197,339,15869,-4099,2527,-3172,bf7d7111,bc9bbf00,bd816af9,3dff3d4b,bf7d7110,bc9bbeff,bd816afa,3dff3d4a,1,22744347

8188,215,139,-2,-2025,259,15718,-4111,2531,-3111,bf7d7002,bc95d28f,bd8117af,3dffe382,bf7d7001,bc95d28e,bd8117b1,3dffe381,1,22752865

8189,182,137,-3,-2001,335,15723,-4097,2493,-3143,bf7d72ce,bc96ce79,bd7ff836,3dffb72a,bf7d72ce,bc96ce79,bd7ff839,3dffb72a,1,22761384

8190,171,116,-2,-1998,433,15752,-4111,2495,-3101,bf7d7444,bc9c6cd4,bd7ebb80,3dff73b7,bf7d7445,bc9c6cd4,bd7ebb83,3dff73b8,1,22769903

8191,193,95,-8,-1838,483,15622,-4111,2495,-3101,bf7d770d,bc9feb32,bd7c0755,3dff4c04,bf7d770c,bc9feb30,bd7c0756,3dff4c03,1,22777921

8192,221,42,-5,-1871,383,15632,-4109,2515,-3128,bf7d7833,bc9dee97,bd798a1f,3dffb30b,bf7d7832,bc9dee95,bd798a20,3dffb30a,1,22786439

8193,230,-39,-4,-1940,324,15660,-4137,2473,-3140,bf7d7d35,bc9f2282,bd795665,3dfe7553,bf7d7d36,bc9f2281,bd795669,3dfe7554,1,22794958

8194,212,-91,-15,-2138,350,15782,-4137,2473,-3140,bf7d7b42,bca1194c,bd7d4986,3dfde3db,bf7d7b43,bca1194c,bd7d4989,3dfde3dc,1,22803477

8195,186,-81,-34,-2155,378,15749,-4095,2507,-3183,bf7d7634,bca0545a,bd807d61,3dfe414b,bf7d7634,bca05458,bd807d63,3dfe414b,1,22811995

8196,177,-55,-49,-1756,366,15533,-4119,2503,-3160,bf7d78df,bc9f7872,bd7e8e9d,3dfe3b5a,bf7d78e0,bc9f7871,bd7e8ea2,3dfe3b5b,1,22820514

8197,156,-142,-60,-2137,456,15797,-4119,2503,-3160,bf7d74d0,bca40178,bd80f374,3dfe388d,bf7d74d0,bca40177,bd80f375,3dfe388d,1,22829032

8198,149,-155,-115,-2231,243,15836,-4171,2485,-3170,bf7d72d6,bca233d5,bd831880,3dfdb02d,bf7d72d7,bca233d4,bd831881,3dfdb02e,1,22837551

8199,130,-95,-133,-2345,436,15864,-4139,2535,-3153,bf7d6ddb,bca381f7,bd851278,3dfdd9f6,bf7d6ddb,bca381f6,bd851278,3dfdd9f6,1,22846069

8200,138,-40,-121,-2337,365,15850,-4139,2535,-3153,bf7d6949,bca274ef,bd86cb99,3dfe1fee,bf7d6948,bca274ed,bd86cb99,3dfe1fed,1,22854588

8201,140,17,-104,-2325,481,15810,-4123,2539,-3202,bf7d63e7,bca44daf,bd883194,3dfea597,bf7d63e7,bca44dad,bd883195,3dfea597,1,22863107

8202,182,95,-71,-2158,413,15758,-4133,2501,-3162,bf7d6424,bca6ae65,bd87c2e5,3dfeb8a2,bf7d6424,bca6ae64,bd87c2e6,3dfeb8a2,1,22871626

8203,205,98,-31,-2291,329,15860,-4099,2527,-3060,bf7d6046,bca2a823,bd88b15b,3dff58a2,bf7d6045,bca2a821,bd88b15b,3dff58a2,1,22879643

8204,206,143,-14,-2177,385,15763,-4099,2527,-3060,bf7d5d89,bc9fddf4,bd88610f,3e00269c,bf7d5d89,bc9fddf4,bd886110,3e00269d,1,22888162

8205,198,153,-2,-2098,315,15690,-4145,2505,-3163,bf7d5fec,bc9c7d82,bd873d16,3e003931,bf7d5fec,bc9c7d81,bd873d16,3e003932,1,22896681

8206,194,148,-1,-2099,363,15720,-4129,2485,-3140,bf7d63c0,bc9fecf3,bd865378,3dffd8ee,bf7d63c0,bc9fecf3,bd865378,3dffd8f0,1,22905199

8207,188,132,-1,-2075,363,15696,-4129,2485,-3140,bf7d67d4,bca22a73,bd853f8a,3dff4fd9,bf7d67d4,bca22a73,bd853f8a,3dff4fdb,1,22913718

8208,189,111,3,-2097,397,15714,-4129,2465,-3169,bf7d6af5,bca72092,bd8503dc,3dfe74f6,bf7d6af6,bca72092,bd8503dd,3dfe74f9,1,22922237

8209,193,86,0,-1896,422,15587,-4113,2495,-3172,bf7d6de2,bca713a1,bd836fa4,3dfe8cd9,bf7d6de2,bca713a1,bd836fa4,3dfe8cda,1,22930755

8210,201,24,6,-2124,351,15714,-4113,2495,-3172,bf7d6b70,bca39175,bd844156,3dfee090,bf7d6b6f,bca39174,bd844156,3dfee090,1,22939274

8211,187,-7,14,-2156,281,15738,-4177,2515,-3184,bf7d68c3,bc9eb70f,bd853e79,3dff37c3,bf7d68c4,bc9eb70f,bd853e7a,3dff37c5,1,22947793

8212,162,-7,4,-2184,425,15748,-4141,2551,-3148,bf7d629e,bc9e34ec,bd85f85e,3e0030b3,bf7d629f,bc9e34ed,bd85f85e,3e0030b4,1,22956311

8213,162,2,1,-2204,407,15762,-4141,2551,-3148,bf7d5c99,bc9d4f4d,bd86c692,3e00bd21,bf7d5c99,bc9d4f4d,bd86c692,3e00bd22,1,22964830

8214,182,12,5,-2280,402,15813,-4181,2505,-3206,bf7d599d,bca11068,bd883b50,3e00a693,bf7d599d,bca11068,bd883b50,3e00a693,1,22973349

8215,200,47,8,-2188,376,15728,-4153,2501,-3175,bf7d58a5,bca3b0b4,bd88c690,3e0092a7,bf7d58a4,bca3b0b3,bd88c68f,3e0092a7,1,22981367

8216,211,63,4,-2186,436,15744,-4119,2549,-3224,bf7d5437,bca1933e,bd88a8d0,3e0130c6,bf7d5437,bca1933f,bd88a8d0,3e0130c7,1,22989885

8217,228,63,13,-2194,412,15755,-4119,2549,-3224,bf7d4f9c,bc9ee9da,bd88af72,3e01cc56,bf7d4f9c,bc9ee9db,bd88af72,3e01cc57,1,22998404

8218,238,80,10,-2235,335,15798,-4145,2463,-3245,bf7d50f6,bca25459,bd898e4a,3e01560d,bf7d50f6,bca2545a,bd898e4a,3e01560e,1,23006922

8219,220,103,2,-2193,286,15767,-4161,2515,-3180,bf7d505f,bc9cf936,bd89abb3,3e017b22,bf7d5060,bc9cf938,bd89abb3,3e017b23,1,23015441

8220,199,108,-1,-2209,347,15755,-4161,2515,-3180,bf7d4f03,bc9d8860,bd89f92e,3e018e7c,bf7d4f04,bc9d8862,bd89f92e,3e018e7d,1,23023960

8221,185,113,4,-2110,345,15685,-4171,2501,-3144,bf7d5346,bc9f90be,bd88c5ce,3e0150b7,bf7d5345,bc9f90bf,bd88c5cd,3e0150b7,1,23032478

8222,191,102,11,-2106,376,15698,-4095,2505,-3163,bf7d5447,bc9f89e9,bd879625,3e018130,bf7d5448,bc9f89eb,bd879626,3e018131,1,23040997

8223,185,75,8,-2159,330,15728,-4095,2505,-3163,bf7d529e,bc9ca177,bd87b07e,3e01bc51,bf7d529e,bc9ca178,bd87b07d,3e01bc52,1,23049515

8224,169,54,6,-2240,376,15772,-4141,2525,-3181,bf7d4e07,bc9dc706,bd88cc5e,3e01fb94,bf7d4e06,bc9dc707,bd88cc5e,3e01fb95,1,23058034

8225,174,63,5,-2211,406,15728,-4135,2501,-3114,bf7d4d4e,bca302b8,bd895341,3e01d4ae,bf7d4d4d,bca302b9,bd895342,3e01d4af,1,23066553

8226,183,78,14,-2147,407,15709,-4135,2501,-3114,bf7d4ee4,bca71399,bd88b758,3e01b798,bf7d4ee4,bca71399,bd88b759,3e01b799,1,23074571

8227,195,64,14,-2266,433,15760,-4161,2507,-3165,bf7d4c1a,bcaac3df,bd89cfed,3e01b140,bf7d4c1b,bcaac3e0,bd89cfef,3e01b142,1,23083089

8228,210,72,10,-2254,356,15766,-4113,2537,-3107,bf7d480c,bca66100,bd8a59ce,3e0221f5,bf7d480c,bca66100,bd8a59cf,3e0221f6,1,23091608

8229,212,89,8,-2256,371,15781,-4113,2537,-3107,bf7d43bd,bca30720,bd8acfd7,3e02997b,bf7d43be,bca30720,bd8acfd9,3e02997d,1,23100127

8230,215,107,9,-2240,347,15765,-4131,2501,-3187,bf7d42d7,bca31755,bd8b6570,3e028d33,bf7d42d5,bca31755,bd8b656d,3e028d34,1,23108645

8231,215,123,9,-2169,386,15714,-4115,2483,-3128,bf7d465f,bca70be9,bd8ab0a2,3e023b99,bf7d465f,bca70bec,bd8ab0a2,3e023b9c,1,23117164

8232,211,131,7,-2223,387,15762,-4147,2495,-3126,bf7d47ac,bcaa49a2,bd8ad749,3e01f7f5,bf7d47ac,bcaa49a6,bd8ad74a,3e01f7f8,1,23125682

8233,210,134,6,-2220,383,15771,-4147,2495,-3126,bf7d4945,bcac1038,bd8add06,3e01bb34,bf7d4945,bcac103e,bd8add05,3e01bb36,1,23134201

8234,222,141,7,-2193,360,15742,-4187,2495,-3132,bf7d4d68,bcac3789,bd8a79a3,3e0153ac,bf7d4d67,bcac378d,bd8a79a3,3e0153ad,1,23142720

8235,219,149,12,-2166,313,15714,-4151,2437,-3168,bf7d53a0,bcae2ef3,bd8a3e93,3e009566,bf7d53a0,bcae2ef7,bd8a3e94,3e009568,1,23151238

8236,209,139,13,-2030,233,15605,-4151,2437,-3168,bf7d5adc,bcab821f,bd8909f5,3e001212,bf7d5add,bcab8224,bd8909f7,3e001214,1,23159757

8237,171,85,14,-2071,396,15654,-4183,2525,-3189,bf7d5bbc,bca95dc3,bd87cd89,3e0055df,bf7d5bbd,bca95dc9,bd87cd8a,3e0055e1,1,23168275

8238,180,30,19,-2339,393,15836,-4169,2505,-3148,bf7d57b5,bcaa6fff,bd897f8a,3e005bf0,bf7d57b6,bcaa7005,bd897f8a,3e005bf2,1,23176794

8239,185,58,14,-2267,354,15799,-4169,2505,-3148,bf7d54e8,bca8bd95,bd8ab73d,3e00697c,bf7d54e7,bca8bd99,bd8ab73c,3e00697d,1,23184812

8240,194,91,16,-2268,413,15789,-4169,2457,-3184,bf7d5627,bcada8d1,bd8b549a,3dfffa3f,bf7d5627,bcada8d6,bd8b5499,3dfffa42,1,23193330

8241,207,118,16,-2216,418,15751,-4149,2495,-3218,bf7d55fd,bcae8c61,bd8b0278,3e0013bd,bf7d55fd,bcae8c65,bd8b0279,3e0013be,1,23201849

8242,229,116,12,-2181,414,15741,-4149,2495,-3218,bf7d5758,bcae2be3,bd8a1f66,3e002867,bf7d5758,bcae2be6,bd8a1f67,3e002868,1,23210368

8243,246,107,12,-2154,307,15702,-4153,2473,-3160,bf7d5c33,bca9aa1e,bd89a649,3dff8f22,bf7d5c34,bca9aa22,bd89a64a,3dff8f25,1,23218886

8244,241,91,16,-2117,312,15660,-4173,2497,-3133,bf7d5f41,bca4df21,bd88d455,3dff6ff3,bf7d5f41,bca4df25,bd88d456,3dff6ff5,1,23227405

8245,217,55,15,-2108,286,15643,-4129,2489,-3157,bf7d616f,bc9fbe74,bd884322,3dff6767,bf7d6170,bc9fbe79,bd884323,3dff676a,1,23235924

8246,213,25,17,-2312,360,15811,-4129,2489,-3157,bf7d5e23,bca14152,bd89e891,3dff4768,bf7d5e23,bca14155,bd89e891,3dff476a,1,23244442

8247,206,31,14,-2456,304,15882,-4141,2479,-3122,bf7d5af6,bca1b027,bd8bbbbb,3dff0e67,bf7d5af7,bca1b02a,bd8bbbbc,3dff0e6a,1,23252961

8248,185,110,3,-2281,352,15787,-4129,2557,-3079,bf7d569e,bc9de135,bd8c027b,3e0010c2,bf7d569f,bc9de138,bd8c027c,3e0010c4,1,23261480

8249,199,148,4,-2262,325,15786,-4129,2557,-3079,bf7d5303,bc999425,bd8c090d,3e0095c7,bf7d5303,bc999427,bd8c090d,3e0095c9,1,23269998

8250,188,146,0,-2218,368,15753,-4149,2511,-3166,bf7d52f5,bc9c9e5b,bd8b9f17,3e00a588,bf7d52f6,bc9c9e5e,bd8b9f17,3e00a58b,1,23278517

8251,191,148,0,-2147,342,15713,-4157,2537,-3135,bf7d52d9,bc99ed85,bd8a87ed,3e010179,bf7d52d9,bc99ed88,bd8a87ec,3e01017c,1,23286535

8252,194,134,2,-2141,382,15691,-4157,2537,-3135,bf7d524c,bc9a2f16,bd897450,3e015ae1,bf7d524c,bc9a2f1a,bd89744f,3e015ae4,1,23295053

8253,209,108,7,-2035,351,15605,-4155,2523,-3124,bf7d54cb,bc99c6ce,bd87f13e,3e017512,bf7d54cb,bc99c6d3,bd87f13d,3e017515,1,23303572

8254,208,55,15,-2069,350,15630,-4129,2523,-3159,bf7d5538,bc98b66d,bd86d8da,3e01b5e6,bf7d5539,bc98b673,bd86d8da,3e01b5e9,1,23312091

8255,200,-15,18,-2163,228,15671,-4129,2523,-3159,bf7d528d,bc936170,bd87971f,3e01f06b,bf7d528e,bc936176,bd87971f,3e01f06e,1,23320609

8256,177,-36,3,-2455,339,15873,-4161,2539,-3198,bf7d4d38,bc945dba,bd898a3b,3e020efa,bf7d4d39,bc945dc0,bd898a3b,3e020efd,1,23329128

8257,160,9,-17,-2350,349,15801,-4187,2529,-3192,bf7d492c,bc96efed,bd8b2c10,3e02121f,bf7d492d,bc96eff4,bd8b2c0f,3e021222,1,23337646

8258,170,58,-14,-2299,396,15762,-4167,2495,-3170,bf7d4883,bc9c76bf,bd8c08f9,3e01d138,bf7d4884,bc9c76c5,bd8c08f8,3e01d13b,1,23346165

8259,188,71,-7,-2337,323,15788,-4167,2495,-3170,bf7d46fd,bc9eb7ec,bd8d68b4,3e019678,bf7d46fd,bc9eb7f0,bd8d68b3,3e01967b,1,23354683

8260,191,94,9,-2355,399,15796,-4123,2541,-3141,bf7d414f,bc9ea641,bd8e549a,3e0207cb,bf7d414e,bc9ea646,bd8e5498,3e0207ce,1,23363202

8261,207,142,12,-2246,282,15727,-4129,2475,-3172,bf7d45dd,bc9f207b,bd8e3ae3,3e017e2b,bf7d45dd,bc9f2081,bd8e3ae2,3e017e2d,1,23371721

8262,197,151,12,-2273,352,15765,-4129,2475,-3172,bf7d4827,bca36923,bd8e5362,3e011a41,bf7d4827,bca36928,bd8e5361,3e011a43,1,23379738

8263,192,152,11,-2217,305,15716,-4167,2471,-3148,bf7d4e2e,bca50d4c,bd8dbc94,3e007ddf,bf7d4e2d,bca50d50,bd8dbc93,3e007de0,1,23388758

8264,184,142,10,-2213,339,15701,-4141,2473,-3158,bf7d530f,bca73b35,bd8d19d0,3e000539,bf7d530e,bca73b38,bd8d19d0,3e00053a,1,23396776

8265,172,125,4,-2171,286,15684,-4141,2473,-3158,bf7d5875,bca43664,bd8c2685,3dff596f,bf7d5874,bca43668,bd8c2684,3dff5971,1,23405294

8266,164,116,0,-2270,369,15753,-4123,2553,-3172,bf7d545d,bca084f9,bd8c43e5,3e00391a,bf7d545d,bca084fd,bd8c43e5,3e00391c,1,23413813

8267,170,117,-2,-2270,361,15733,-4107,2523,-3101,bf7d505d,bc9e9298,bd8ca629,3e00a614,bf7d505d,bc9e929c,bd8ca629,3e00a616,1,23422331

8268,177,114,4,-2257,353,15738,-4107,2523,-3101,bf7d4ce4,bc9c9cdf,bd8cca07,3e011315,bf7d4ce4,bc9c9ce2,bd8cca07,3e011317,1,23430850

8269,187,120,5,-2250,285,15720,-4131,2525,-3201,bf7d4a7c,bc98018d,bd8cecb2,3e016b16,bf7d4a7b,bc980190,bd8cecb2,3e016b18,1,23439368

8270,177,120,11,-2243,336,15723,-4151,2535,-3204,bf7d475c,bc968347,bd8cd13c,3e01db43,bf7d475d,bc96834b,bd8cd13d,3e01db46,1,23447887

8271,160,120,15,-2233,321,15730,-4175,2517,-3156,bf7d479e,bc98e414,bd8cb6a0,3e01cf3c,bf7d479d,bc98e417,bd8cb6a0,3e01cf3d,1,23456406

8272,164,126,11,-2243,344,15753,-4175,2517,-3156,bf7d476f,bc9c0113,bd8cb36b,3e01c717,bf7d476e,bc9c0115,bd8cb36c,3e01c718,1,23464924

8273,172,123,5,-2241,365,15722,-4109,2555,-3171,bf7d438a,bc99348a,bd8c7cde,3e025c5c,bf7d438a,bc99348c,bd8c7ce1,3e025c5e,1,23473443

8274,160,121,2,-2273,388,15747,-4125,2485,-3127,bf7d442f,bc9ef9e0,bd8cd9fc,3e0213a9,bf7d442e,bc9ef9e1,bd8cd9ff,3e0213aa,1,23481962

8275,175,132,-1,-2285,419,15751,-4125,2485,-3127,bf7d4490,bca4a4da,bd8d32fa,3e01d364,bf7d4491,bca4a4dd,bd8d32fd,3e01d366,1,23489979

8276,191,136,-4,-2263,378,15749,-4149,2513,-3132,bf7d435e,bca5af1a,bd8d4b75,3e01ecc0,bf7d435e,bca5af1d,bd8d4b77,3e01ecc1,1,23498498

8277,202,143,-1,-2276,376,15782,-4123,2525,-3117,bf7d4059,bca39c75,bd8d5d81,3e025065,bf7d4059,bca39c77,bd8d5d83,3e025066,1,23507017

8278,210,159,0,-2250,323,15737,-4123,2525,-3117,bf7d3eb3,bc9f4d27,bd8d3185,3e02a4df,bf7d3eb3,bc9f4d29,bd8d3186,3e02a4e0,1,23515535

8279,201,163,1,-2218,337,15711,-4151,2481,-3157,bf7d42ee,bca31bd6,bd8cd3ea,3e0227e9,bf7d42ed,bca31bd8,bd8cd3ea,3e0227e9,1,23524054

8280,200,152,6,-2275,356,15746,-4177,2461,-3127,bf7d45cd,bca781d7,bd8d2c1c,3e019ff2,bf7d45ce,bca781d9,bd8d2c1d,3e019ff3,1,23532573

8281,197,160,3,-2201,330,15721,-4177,2461,-3127,bf7d4bb7,bcaa808f,bd8cb786,3e00f6c4,bf7d4bb6,bcaa808f,bd8cb786,3e00f6c3,1,23541091

8282,201,151,2,-2199,321,15707,-4183,2509,-3132,bf7d4dc2,bca604a6,bd8c0e6a,3e00fbe8,bf7d4dc2,bca604a7,bd8c0e6b,3e00fbe8,1,23549610

8283,195,135,3,-2180,321,15681,-4135,2451,-3173,bf7d5395,bca8baae,bd8ba678,3e005280,bf7d5395,bca8baaf,bd8ba679,3e005280,1,23558129

8284,192,118,5,-2240,377,15734,-4125,2491,-3138,bf7d5332,bca95668,bd8bf802,3e004541,bf7d5333,bca9566a,bd8bf804,3e004542,1,23566647

8285,200,108,12,-2234,359,15739,-4125,2491,-3138,bf7d5348,bca7cbff,bd8c1ad6,3e00415d,bf7d5346,bca7cbff,bd8c1ad6,3e00415d,1,23575166

8286,191,112,11,-2266,372,15733,-4163,2503,-3160,bf7d5177,bca7e638,bd8cc68d,3e004af3,bf7d5177,bca7e63a,bd8cc68e,3e004af4,1,23583685

8287,204,121,7,-2259,372,15753,-4159,2469,-3134,bf7d540c,bcabb808,bd8d19a3,3dff9c25,bf7d540c,bcabb80a,bd8d19a4,3dff9c27,1,23592203

8288,215,130,7,-2228,285,15731,-4159,2469,-3134,bf7d58b5,bca80a54,bd8d1393,3dfe9ea3,bf7d58b5,bca80a56,bd8d1393,3dfe9ea5,1,23600221

8289,198,133,6,-2235,338,15732,-4125,2483,-3223,bf7d59ad,bca4da50,bd8cde01,3dfea01f,bf7d59ae,bca4da54,bd8cde01,3dfea022,1,23608740

8290,188,126,2,-2173,256,15708,-4123,2497,-3085,bf7d5b4f,bc9f40dd,bd8c3a8a,3dfecb8f,bf7d5b4e,bc9f40e0,bd8c3a89,3dfecb90,1,23617259

8291,180,114,4,-2230,372,15732,-4123,2497,-3085,bf7d5b2b,bca1e367,bd8c2662,3dfec4e0,bf7d5b2b,bca1e36a,bd8c2663,3dfec4e3,1,23625777

8292,185,107,2,-2234,330,15723,-4161,2469,-3076,bf7d5e8f,bca523c2,bd8c752e,3dfd9f81,bf7d5e8f,bca523c4,bd8c752f,3dfd9f84,1,23634296

8293,182,105,-4,-2223,297,15723,-4141,2519,-3087,bf7d5d34,bc9ff9e7,bd8c5f34,3dfe3709,bf7d5d35,bc9ff9e9,bd8c5f35,3dfe370d,1,23642814

8294,175,101,0,-2240,372,15711,-4141,2519,-3087,bf7d5a58,bc9f7897,bd8c6c4d,3dfeeb61,bf7d5a57,bc9f7898,bd8c6c4c,3dfeeb63,1,23651333

8295,188,94,6,-2244,353,15727,-4115,2469,-3123,bf7d5c25,bca3892e,bd8cc3a4,3dfe1f15,bf7d5c25,bca3892f,bd8cc3a5,3dfe1f18,1,23659852

8296,197,93,5,-2296,303,15763,-4151,2491,-3217,bf7d5a49,bca08e0a,bd8dc623,3dfe243b,bf7d5a4a,bca08e0b,bd8dc624,3dfe243f,1,23668370

8297,181,107,6,-2304,312,15764,-4179,2497,-3180,bf7d58fa,bc9f8d27,bd8eb7bd,3dfdfaa0,bf7d58fa,bc9f8d29,bd8eb7bc,3dfdfaa3,1,23676889

8298,181,128,12,-2246,350,15746,-4179,2497,-3180,bf7d5af8,bca163a5,bd8e2651,3dfdba63,bf7d5af8,bca163a7,bd8e2651,3dfdba66,1,23685408

8299,177,131,10,-2259,392,15722,-4143,2473,-3200,bf7d5c8e,bca67d87,bd8e1ad1,3dfd26b0,bf7d5c8f,bca67d8a,bd8e1ad2,3dfd26b3,1,23693926

8300,197,138,11,-2233,293,15724,-4153,2479,-3104,bf7d6045,bca2d927,bd8dc5cf,3dfc8e00,bf7d6044,bca2d929,bd8dc5cd,3dfc8e00,1,23701944

8301,184,137,11,-2217,348,15717,-4153,2479,-3104,bf7d644d,bca4efe8,bd8d1a95,3dfbd4d0,bf7d644e,bca4efec,bd8d1a96,3dfbd4d2,1,23710463

8302,182,127,12,-2250,358,15719,-4211,2515,-3195,bf7d629f,bca2c62f,bd8d2424,3dfc526f,bf7d629f,bca2c631,bd8d2423,3dfc5270,1,23718981

8303,193,128,8,-2249,320,15705,-4209,2553,-3177,bf7d5fca,bc9dfe7e,bd8d17c5,3dfd3f53,bf7d5fca,bc9dfe80,bd8d17c4,3dfd3f54,1,23727500

8304,194,122,2,-2265,319,15750,-4209,2553,-3177,bf7d5c88,bc99bcd3,bd8d2dfe,3dfe2d23,bf7d5c87,bc99bcd4,bd8d2dfe,3dfe2d22,1,23736019

8305,187,128,2,-2236,316,15715,-4151,2543,-3118,bf7d59b6,bc95ed58,bd8cf873,3dff22bd,bf7d59b6,bc95ed59,bd8cf874,3dff22bd,1,23744537

8306,182,129,8,-2260,339,15740,-4175,2513,-3118,bf7d58b4,bc98d1cf,bd8d430f,3dff1df4,bf7d58b3,bc98d1d0,bd8d430f,3dff1df4,1,23753056

8307,180,135,6,-2288,358,15740,-4175,2513,-3118,bf7d56da,bc9bf032,bd8dd69c,3dff237a,bf7d56d9,bc9bf033,bd8dd69c,3dff237a,1,23761574

8308,179,142,3,-2245,357,15733,-4135,2465,-3169,bf7d59bc,bca0fc31,bd8dbb78,3dfe4935,bf7d59bc,bca0fc33,bd8dbb78,3dfe4936,1,23770093

8309,183,141,5,-2253,330,15733,-4127,2503,-3161,bf7d5883,bc9dff51,bd8d9c3f,3dfec62e,bf7d5882,bc9dff51,bd8d9c3f,3dfec62e,1,23778611

8310,194,137,8,-2242,370,15729,-4177,2489,-3148,bf7d5aa2,bca27c3a,bd8d705e,3dfe29f7,bf7d5aa2,bca27c3b,bd8d705f,3dfe29f8,1,23787130

8311,196,143,6,-2232,354,15722,-4177,2489,-3148,bf7d5d80,bca4df3c,bd8d19f1,3dfd8a6d,bf7d5d81,bca4df3e,bd8d19f3,3dfd8a6f,1,23795148

8312,204,130,1,-2205,338,15718,-4135,2481,-3100,bf7d6179,bca46934,bd8c5a18,3dfcfb67,bf7d617a,bca46936,bd8c5a18,3dfcfb69,1,23803667

8313,205,126,2,-2216,320,15717,-4157,2507,-3168,bf7d60f4,bc9fbefa,bd8c1aa8,3dfd6ff2,bf7d60f3,bc9fbefb,bd8c1aa7,3dfd6ff2,1,23812185

8314,204,120,1,-2227,314,15710,-4157,2507,-3168,bf7d5fe1,bc9bfbde,bd8c2896,3dfdd25c,bf7d5fe0,bc9bfbdf,bd8c2896,3dfdd25c,1,23820704

8315,203,111,-2,-2254,332,15745,-4149,2485,-3200,bf7d6021,bc9e1ef4,bd8cbe24,3dfd5a3a,bf7d6020,bc9e1ef5,bd8cbe23,3dfd5a3a,1,23829222

8316,206,112,4,-2218,350,15739,-4139,2539,-3166,bf7d5d7f,bc9a53df,bd8c5c56,3dfe5dee,bf7d5d7f,bc9a53e1,bd8c5c56,3dfe5def,1,23837741

8317,197,103,5,-2209,280,15707,-4139,2539,-3166,bf7d5b48,bc9556a9,bd8c2aa3,3dff35c3,bf7d5b49,bc9556ac,bd8c2aa3,3dff35c5,1,23846259

8318,192,85,8,-2236,333,15723,-4159,2487,-3176,bf7d5c6c,bc99d217,bd8c7d0e,3dfe951e,bf7d5c6c,bc99d218,bd8c7d0d,3dfe951f,1,23854778

8319,194,87,6,-2290,340,15751,-4151,2531,-3176,bf7d57ce,bc97e74d,bd8d2d3b,3dff6bb0,bf7d57ce,bc97e74e,bd8d2d3a,3dff6bb1,1,23863296

8320,196,92,2,-2291,353,15742,-4151,2531,-3176,bf7d5349,bc9766dc,bd8dc38c,3e001dee,bf7d5348,bc9766dd,bd8dc38a,3e001dee,1,23871815

8321,203,104,4,-2257,342,15726,-4177,2509,-3243,bf7d52a6,bc9a0f65,bd8ddae9,3e001ef8,bf7d52a5,bc9a0f66,bd8ddae8,3e001ef8,1,23880334

8322,207,107,7,-2227,328,15718,-4149,2561,-3167,bf7d4fc2,bc960001,bd8d7cb4,3e00a75b,bf7d4fc3,bc960003,bd8d7cb4,3e00a75c,1,23888852

8323,208,103,5,-2297,305,15741,-4169,2525,-3108,bf7d4cb9,bc9554d5,bd8e5037,3e00cffc,bf7d4cb9,bc9554d6,bd8e5036,3e00cffd,1,23897371

8324,203,113,4,-2261,303,15731,-4169,2525,-3108,bf7d4b6d,bc94768b,bd8e524b,3e00fc27,bf7d4b6d,bc94768c,bd8e524a,3e00fc28,1,23905389

8325,199,117,5,-2268,311,15734,-4129,2517,-3143,bf7d4978,bc941d09,bd8e671b,3e013558,bf7d4977,bc941d0a,bd8e671a,3e013559,1,23913907

8326,191,122,1,-2215,308,15690,-4143,2531,-3187,bf7d4892,bc92017e,bd8da45a,3e01908a,bf7d4893,bc920181,bd8da45a,3e01908c,1,23922426

8327,184,112,0,-2280,370,15733,-4143,2531,-3187,bf7d454e,bc953132,bd8de6eb,3e01d5e8,bf7d454e,bc953135,bd8de6eb,3e01d5e9,1,23930945

8328,193,105,1,-2253,329,15720,-4155,2555,-3178,bf7d41bf,bc92bcd8,bd8dbe06,3e025b10,bf7d41be,bc92bcda,bd8dbe04,3e025b10,1,23939463

8329,185,108,-4,-2314,366,15759,-4103,2551,-3130,bf7d3c69,bc92ac99,bd8e3364,3e02e0f1,bf7d3c68,bc92ac9b,bd8e3362,3e02e0f1,1,23947982

8330,194,123,0,-2272,295,15723,-4103,2551,-3130,bf7d38b7,bc8f4ee7,bd8e3512,3e036164,bf7d38b7,bc8f4eea,bd8e3511,3e036164,1,23956500

8331,202,132,6,-2263,338,15734,-4143,2553,-3116,bf7d355b,bc8fcea8,bd8e03dd,3e03d433,bf7d355c,bc8fceab,bd8e03dc,3e03d434,1,23965019

8332,203,137,9,-2228,340,15717,-4141,2559,-3137,bf7d32b5,bc8f65a7,bd8d61ba,3e045286,bf7d32b4,bc8f65a9,bd8d61b8,3e045286,1,23973538

8333,202,127,8,-2229,308,15714,-4141,2559,-3137,bf7d2fc7,bc8d9e98,bd8cfd50,3e04ce6c,bf7d2fc7,bc8d9e9b,bd8cfd4f,3e04ce6c,1,23982056

8334,206,121,6,-2208,290,15711,-4155,2479,-3184,bf7d3386,bc927c36,bd8cdcd5,3e044f7e,bf7d3386,bc927c3a,bd8cdcd4,3e044f7e,1,23990575

8335,199,94,12,-2244,325,15711,-4219,2541,-3086,bf7d3375,bc963a98,bd8d0e8a,3e04338c,bf7d3374,bc963a9c,bd8d0e87,3e04338c,1,23999094

8336,192,88,12,-2266,307,15720,-4137,2505,-3112,bf7d33ef,bc9987c4,bd8da70e,3e03ecec,bf7d33ef,bc9987c8,bd8da70d,3e03ecec,1,24007111

8337,198,93,4,-2228,295,15690,-4137,2505,-3112,bf7d3693,bc9abcb9,bd8d7a6b,3e03a21e,bf7d3692,bc9abcbb,bd8d7a69,3e03a21d,1,24015630

8338,203,90,2,-2322,366,15764,-4137,2521,-3176,bf7d3360,bc9d55df,bd8e69b0,3e03b7ae,bf7d3360,bc9d55e1,bd8e69b0,3e03b7ad,1,24024149

8339,209,92,5,-2318,309,15744,-4169,2523,-3126,bf7d3137,bc9ce428,bd8f61a2,3e03b8e9,bf7d3137,bc9ce429,bd8f61a3,3e03b8e8,1,24032667

8340,209,113,7,-2329,358,15781,-4169,2523,-3126,bf7d2f8d,bc9fb82f,bd900074,3e03b328,bf7d2f8d,bc9fb831,bd900074,3e03b327,1,24041186

8341,223,141,5,-2291,326,15750,-4143,2531,-3092,bf7d2e17,bc9d423c,bd8fd5a9,3e03f7a7,bf7d2e17,bc9d423d,bd8fd5a8,3e03f7a6,1,24049704

8342,236,152,3,-2226,199,15680,-4175,2519,-3174,bf7d3029,bc97011b,bd8f51f9,3e03f923,bf7d3028,bc97011a,bd8f51f8,3e03f923,1,24058223

8343,210,152,6,-2232,304,15683,-4175,2519,-3174,bf7d32f3,bc98699b,bd8e846f,3e03d4bf,bf7d32f2,bc98699b,bd8e846f,3e03d4be,1,24066742

8344,196,124,3,-2302,273,15763,-4167,2557,-3100,bf7d2fa6,bc946ccd,bd8ed50e,3e043651,bf7d2fa6,bc946ccd,bd8ed50f,3e043651,1,24075260

8345,195,139,6,-2341,299,15776,-4185,2511,-3150,bf7d2f80,bc97a666,bd8fb36e,3e03efff,bf7d2f7f,bc97a666,bd8fb36f,3e03efff,1,24083779

8346,191,161,10,-2285,303,15762,-4185,2511,-3150,bf7d31e5,bc9abd57,bd8fa72d,3e039b4b,bf7d31e5,bc9abd57,bd8fa72f,3e039b4c,1,24092297

8347,183,165,12,-2250,316,15721,-4185,2555,-3084,bf7d30a3,bc98305b,bd8ef45e,3e03fe74,bf7d30a3,bc98305c,bd8ef45f,3e03fe75,1,24100816

8348,190,165,7,-2174,327,15656,-4165,2503,-3168,bf7d354a,bc9b55ca,bd8db6c7,3e03b683,bf7d354a,bc9b55cb,bd8db6c8,3e03b684,1,24108834

8349,203,142,-1,-2153,246,15671,-4169,2557,-3142,bf7d3561,bc963faa,bd8ce074,3e0404d4,bf7d3561,bc963fab,bd8ce075,3e0404d5,1,24117352

8350,201,119,0,-2172,284,15653,-4169,2557,-3142,bf7d3484,bc927f92,bd8c2254,3e046284,bf7d3484,bc927f93,bd8c2255,3e046285,1,24125871

8351,179,89,0,-2139,302,15628,-4135,2495,-3172,bf7d38e8,bc964b2c,bd8b4a48,3e04040a,bf7d38e7,bc964b2b,bd8b4a48,3e04040b,1,24134389

8352,177,58,0,-2358,389,15789,-4185,2503,-3144,bf7d37aa,bc9b3dfc,bd8c6996,3e03c72a,bf7d37a9,bc9b3dfb,bd8c6996,3e03c72b,1,24142908

8353,184,66,0,-2414,299,15844,-4185,2503,-3144,bf7d359d,bc9d1467,bd8dfb79,3e0391d3,bf7d359e,bc9d1468,bd8dfb7a,3e0391d5,1,24151427

8354,182,108,4,-2347,274,15780,-4179,2507,-3185,bf7d343e,bc9cd036,bd8f42ee,3e036486,bf7d343f,bc9cd038,bd8f42ef,3e036488,1,24159945

8355,177,142,2,-2328,443,15757,-4161,2573,-3129,bf7d2f1f,bc9e193a,bd8f5614,3e03f696,bf7d2f1f,bc9e193d,bd8f5614,3e03f698,1,24168464

8356,192,159,-4,-2162,246,15643,-4161,2573,-3129,bf7d2ec9,bc99061d,bd8e7f68,3e0452f8,bf7d2ec9,bc99061f,bd8e7f68,3e0452fa,1,24176982

8357,193,161,-9,-2236,368,15725,-4149,2473,-3191,bf7d3247,bc9e7654,bd8e32b9,3e03e2d9,bf7d3246,bc9e7655,bd8e32b8,3e03e2db,1,24185501

8358,191,143,-12,-2234,313,15725,-4133,2505,-3165,bf7d34f5,bc9e5a09,bd8d9c69,3e03b948,bf7d34f5,bc9e5a0c,bd8d9c6a,3e03b94b,1,24194020

8359,201,133,-8,-2233,302,15685,-4133,2505,-3165,bf7d36d0,bc9d3168,bd8d64aa,3e0394f7,bf7d36d0,bc9d316d,bd8d64ab,3e0394fa,1,24202038

8360,203,121,-10,-2329,397,15749,-4113,2503,-3181,bf7d34f3,bca15ee3,bd8e3746,3e038157,bf7d34f2,bca15ee7,bd8e3746,3e038159,1,24210556

8361,213,127,-8,-2307,317,15742,-4155,2499,-3234,bf7d34a7,bca1cc8d,bd8f1560,3e034bf9,bf7d34a7,bca1cc93,bd8f1560,3e034bfa,1,24219075

8362,221,143,-8,-2308,301,15760,-4127,2543,-3244,bf7d31d2,bc9cbd29,bd8f3579,3e03b2fd,bf7d31d3,bc9cbd2f,bd8f357a,3e03b2fe,1,24227594

8363,223,166,-1,-2313,309,15756,-4127,2543,-3244,bf7d2e8b,bc9887ea,bd8f59fc,3e042179,bf7d2e8c,bc9887ef,bd8f59fd,3e04217a,1,24236112

8364,229,181,5,-2231,196,15703,-4155,2493,-3170,bf7d33dc,bc944fb1,bd8eda43,3e03b41c,bf7d33dc,bc944fb5,bd8eda42,3e03b41c,1,24244631

8365,218,185,8,-2202,254,15658,-4131,2485,-3219,bf7d39c6,bc955ff7,bd8de6b4,3e033b13,bf7d39c7,bc955ffb,bd8de6b3,3e033b13,1,24253150

8366,200,150,20,-2188,223,15673,-4131,2485,-3219,bf7d3f6b,bc93593f,bd8d0b9e,3e02d0e4,bf7d3f6b,bc935940,bd8d0b9d,3e02d0e4,1,24261668

8367,181,133,18,-2230,244,15722,-4189,2515,-3200,bf7d4129,bc918119,bd8d0dff,3e02a283,bf7d4129,bc918119,bd8d0dff,3e02a283,1,24270187

8368,166,111,10,-2259,349,15722,-4179,2565,-3128,bf7d3cc2,bc91b289,bd8d18d9,3e0326fd,bf7d3cc2,bc91b289,bd8d18d9,3e0326fd,1,24278706

8369,167,117,6,-2242,338,15722,-4179,2565,-3128,bf7d3914,bc915bf4,bd8ce5ca,3e03a784,bf7d3914,bc915bf4,bd8ce5ca,3e03a784,1,24287224

8370,182,116,7,-2235,312,15717,-4165,2511,-3143,bf7d3aa0,bc95c867,bd8cf1d2,3e0360f0,bf7d3a9f,bc95c867,bd8cf1d2,3e0360f0,1,24295743

8371,188,113,7,-2282,336,15726,-4103,2509,-3181,bf7d3867,bc988e09,bd8d9c53,3e036ad3,bf7d3867,bc988e0a,bd8d9c54,3e036ad3,1,24304261

8372,200,134,6,-2284,339,15746,-4103,2509,-3181,bf7d367f,bc9a9cdc,bd8e0f99,3e037cc1,bf7d3680,bc9a9cdd,bd8e0f9b,3e037cc2,1,24312279

8373,207,133,5,-2295,318,15710,-4165,2529,-3216,bf7d33a3,bc99b5a4,bd8ea996,3e03af64,bf7d33a2,bc99b5a4,bd8ea996,3e03af65,1,24320798

8374,214,134,7,-2254,268,15727,-4121,2551,-3189,bf7d3161,bc949a57,bd8e6eac,3e041c39,bf7d3161,bc949a58,bd8e6eae,3e041c3a,1,24329317

8375,206,136,2,-2213,221,15691,-4157,2529,-3180,bf7d3249,bc8f9c8a,bd8de24e,3e043c2a,bf7d3249,bc8f9c8c,bd8de24f,3e043c2b,1,24337835

8376,178,125,-5,-2297,351,15725,-4157,2529,-3180,bf7d309c,bc94414c,bd8e5a96,3e043aab,bf7d309c,bc94414e,bd8e5a96,3e043aac,1,24346354

8377,189,126,-2,-2284,279,15723,-4167,2543,-3176,bf7d2de4,bc91f4b7,bd8eafe7,3e04812b,bf7d2de3,bc91f4b9,bd8eafe7,3e04812c,1,24354872

8378,191,134,5,-2261,266,15726,-4177,2543,-3152,bf7d2caf,bc8fc330,bd8e9460,3e04b70f,bf7d2caf,bc8fc334,bd8e9460,3e04b710,1,24363391

8379,189,135,7,-2291,323,15751,-4177,2543,-3152,bf7d2ab0,bc92ac03,bd8ed399,3e04d627,bf7d2aaf,bc92ac06,bd8ed398,3e04d627,1,24371910

8380,182,147,4,-2266,286,15719,-4147,2509,-3117,bf7d2cec,bc961227,bd8edc2f,3e04806f,bf7d2cec,bc961229,bd8edc2e,3e04806f,1,24380428

8381,191,153,5,-2247,296,15715,-4171,2539,-3209,bf7d2c49,bc94568f,bd8e5395,3e04c061,bf7d2c49,bc945690,bd8e5395,3e04c061,1,24388947

8382,192,152,7,-2218,282,15712,-4171,2539,-3209,bf7d2cad,bc92355b,bd8d7fc2,3e04f68d,bf7d2cac,bc92355b,bd8d7fc2,3e04f68c,1,24397465

8383,197,143,10,-2233,349,15720,-4183,2507,-3164,bf7d2f02,bc979c8c,bd8d51d8,3e04a358,bf7d2f02,bc979c8d,bd8d51d8,3e04a357,1,24405984

8384,213,138,12,-2227,279,15693,-4111,2533,-3148,bf7d2d7d,bc93a893,bd8d07c6,3e04f729,bf7d2d7d,bc93a894,bd8d07c7,3e04f728,1,24414503

8385,223,134,14,-2266,308,15726,-4111,2533,-3148,bf7d2a6c,bc92fa1b,bd8d58fe,3e0541f2,bf7d2a6c,bc92fa1b,bd8d58ff,3e0541f1,1,24422521

8386,224,135,12,-2212,274,15706,-4177,2533,-3165,bf7d2bfd,bc9229ee,bd8cc309,3e053db6,bf7d2bfc,bc9229ec,bd8cc309,3e053db5,1,24431040

8387,211,137,5,-2230,259,15721,-4133,2505,-3217,bf7d2e5a,bc93167b,bd8cd4fe,3e04ed06,bf7d2e5a,bc93167a,bd8cd500,3e04ed05,1,24439558

8388,190,122,2,-2279,277,15726,-4155,2523,-3174,bf7d2d00,bc93c5ec,bd8da5b0,3e04dbc5,bf7d2cff,bc93c5eb,bd8da5b0,3e04dbc3,1,24448077

8389,194,118,3,-2252,278,15737,-4155,2523,-3174,bf7d2d44,bc93ef87,bd8dc037,3e04cbb5,bf7d2d43,bc93ef85,bd8dc037,3e04cbb3,1,24456595

8390,186,123,2,-2263,324,15745,-4163,2567,-3263,bf7d2972,bc91a61d,bd8da0df,3e055270,bf7d2971,bc91a61b,bd8da0df,3e05526e,1,24465114

8391,199,128,1,-2216,281,15712,-4183,2523,-3094,bf7d2ced,bc946acd,bd8d2e4e,3e04fac2,bf7d2ced,bc946acb,bd8d2e50,3e04fac2,1,24473633

8392,194,121,1,-2208,258,15698,-4183,2523,-3094,bf7d308a,bc9453a1,bd8cc0aa,3e04aa02,bf7d308a,bc94539f,bd8cc0ab,3e04aa02,1,24482152

8393,188,118,11,-2268,308,15733,-4163,2537,-3139,bf7d2e1d,bc951e12,bd8d438e,3e04cdb9,bf7d2e1d,bc951e11,bd8d438f,3e04cdb9,1,24490670

8394,191,113,7,-2248,294,15724,-4177,2513,-3173,bf7d2ff0,bc983ddf,bd8d7b25,3e047919,bf7d2ff0,bc983dde,bd8d7b26,3e047919,1,24499189

8395,194,109,6,-2219,259,15697,-4177,2513,-3173,bf7d3341,bc96ff75,bd8d34f0,3e042beb,bf7d3340,bc96ff73,bd8d34f0,3e042beb,1,24507707

8396,195,106,8,-2235,267,15706,-4193,2533,-3140,bf7d336c,bc94a4ba,bd8d3eba,3e042ee6,bf7d336b,bc94a4b9,bd8d3eba,3e042ee6,1,24516226

8397,187,102,9,-2245,261,15719,-4157,2555,-3144,bf7d30aa,bc907fc7,bd8d465a,3e049383,bf7d30a9,bc907fc6,bd8d4659,3e049383,1,24524244

8398,181,97,3,-2286,287,15741,-4157,2555,-3144,bf7d2c88,bc8edd59,bd8dcf96,3e04f419,bf7d2c88,bc8edd5a,bd8dcf95,3e04f419,1,24532762

8399,184,97,3,-2292,290,15753,-4077,2547,-3160,bf7d2801,bc8c92d7,bd8e2c8c,3e056eda,bf7d2801,bc8c92d8,bd8e2c8b,3e056eda,1,24541281

8400,195,123,1,-2295,291,15739,-4149,2549,-3118,bf7d24c0,bc8d5181,bd8eaa84,3e05acdd,bf7d24c0,bc8d5181,bd8eaa83,3e05acdd,1,24549799

8401,192,132,6,-2239,236,15702,-4149,2549,-3118,bf7d23b5,bc8a0f13,bd8e5013,3e05f211,bf7d23b4,bc8a0f12,bd8e5012,3e05f210,1,24558318

8402,184,121,5,-2276,318,15743,-4133,2559,-3174,bf7d1ffa,bc8b478c,bd8e502f,3e065d93,bf7d1ff9,bc8b478b,bd8e502e,3e065d92,1,24566837

8403,182,128,4,-2241,249,15722,-4127,2505,-3149,bf7d2347,bc8eea72,bd8e34a0,3e05f1cc,bf7d2348,bc8eea72,bd8e34a1,3e05f1cd,1,24575355

8404,183,129,10,-2257,288,15704,-4103,2525,-3136,bf7d2269,bc909d7b,bd8e3385,3e060542,bf7d2268,bc909d7a,bd8e3386,3e060542,1,24583874

8405,179,131,17,-2245,275,15713,-4103,2525,-3136,bf7d2202,bc909058,bd8df36f,3e06227a,bf7d2202,bc909059,bd8df371,3e06227b,1,24592392

8406,174,123,17,-2300,285,15746,-4155,2507,-3160,bf7d22bd,bc94b36c,bd8e9b33,3e05cdca,bf7d22bd,bc94b36f,bd8e9b34,3e05cdcb,1,24600911

8407,175,131,12,-2279,267,15769,-4101,2537,-3144,bf7d203f,bc916e9a,bd8ea5cd,3e0624bd,bf7d2040,bc916e9e,bd8ea5cf,3e0624bf,1,24609430

8408,170,142,5,-2277,278,15747,-4101,2537,-3144,bf7d1dc8,bc8fda87,bd8eaa06,3e0674b1,bf7d1dc8,bc8fda8a,bd8eaa05,3e0674b2,1,24617447

8409,178,157,-3,-2242,285,15707,-4093,2527,-3213,bf7d1d55,bc8fbd76,bd8e176b,3e06a970,bf7d1d55,bc8fbd79,bd8e176a,3e06a971,1,24625966

8410,181,155,3,-2262,310,15714,-4137,2525,-3181,bf7d1da4,bc93ce49,bd8e1949,3e068e05,bf7d1da3,bc93ce4b,bd8e1947,3e068e05,1,24634485

8411,191,148,7,-2266,318,15721,-4137,2525,-3181,bf7d1d8f,bc9727ed,bd8e2783,3e067dea,bf7d1d8f,bc9727ef,bd8e2782,3e067dea,1,24643003

8412,212,158,17,-2257,307,15717,-4113,2513,-3149,bf7d1eab,bc9980aa,bd8e159e,3e06567d,bf7d1eab,bc9980ac,bd8e159d,3e06567d,1,24651522

8413,223,152,19,-2260,251,15729,-4141,2515,-3168,bf7d2012,bc96d698,bd8e4200,3e062c8b,bf7d2011,bc96d69a,bd8e41ff,3e062c8a,1,24660040

8414,221,152,18,-2262,252,15740,-4141,2515,-3168,bf7d21a7,bc952823,bd8e6485,3e05fb30,bf7d21a7,bc952826,bd8e6484,3e05fb30,1,24668559

8415,207,156,19,-2224,251,15709,-4115,2447,-3161,bf7d26c1,bc990324,bd8e3b92,3e055a0d,bf7d26c1,bc990326,bd8e3b91,3e055a0d,1,24677077

8416,203,153,10,-2235,302,15720,-4117,2523,-3151,bf7d271f,bc97b458,bd8da149,3e057ddd,bf7d2720,bc97b45b,bd8da149,3e057ddd,1,24685596

8417,206,157,7,-2223,267,15707,-4165,2525,-3115,bf7d2996,bc9615ea,bd8d2b18,3e0559c4,bf7d2996,bc9615eb,bd8d2b17,3e0559c4,1,24694115

8418,206,154,6,-2282,280,15728,-4165,2525,-3115,bf7d2915,bc969874,bd8dde35,3e053740,bf7d2914,bc969874,bd8dde35,3e05373f,1,24702633

8419,206,156,3,-2236,250,15721,-4143,2483,-3177,bf7d2e1f,bc98c822,bd8dcf03,3e04979c,bf7d2e1f,bc98c822,bd8dcf03,3e04979c,1,24711152

8420,194,150,4,-2219,231,15722,-4167,2477,-3116,bf7d345e,bc9a59f3,bd8d9d68,3e03de4e,bf7d345d,bc9a59f2,bd8d9d67,3e03de4d,1,24719671

8421,188,143,2,-2223,221,15713,-4167,2477,-3116,bf7d3a7f,bc9aa89b,bd8d90a8,3e03238a,bf7d3a80,bc9aa89b,bd8d90a8,3e03238a,1,24727689

8422,164,141,2,-2255,254,15728,-4139,2497,-3123,bf7d3cc0,bc991b42,bd8de213,3e02cf0c,bf7d3cbf,bc991b41,bd8de212,3e02cf0b,1,24736207

8423,154,138,4,-2225,242,15718,-4123,2519,-3199,bf7d3c7e,bc944f41,bd8d853f,3e03062d,bf7d3c7e,bc944f41,bd8d853f,3e03062c,1,24744726

8424,150,134,3,-2239,273,15713,-4123,2519,-3199,bf7d3b7a,bc91edc0,bd8d5d81,3e033ae8,bf7d3b7a,bc91edc0,bd8d5d81,3e033ae7,1,24753244

8425,153,133,5,-2310,330,15784,-4131,2527,-3209,bf7d37e5,bc940c4a,bd8e13fc,3e036ec8,bf7d37e5,bc940c4a,bd8e13fb,3e036ec7,1,24761763

8426,164,150,4,-2369,353,15805,-4105,2515,-3183,bf7d3498,bc972f6a,bd8f10d1,3e0381ca,bf7d3497,bc972f6a,bd8f10cf,3e0381c8,1,24770282

8427,184,193,0,-2334,369,15793,-4105,2515,-3183,bf7d3243,bc9aa88a,bd8f7997,3e039cdf,bf7d3243,bc9aa889,bd8f7996,3e039cde,1,24778800

8428,211,239,1,-2241,342,15700,-4107,2517,-3157,bf7d3326,bc9adcbe,bd8e6041,3e03ccfb,bf7d3326,bc9adcbd,bd8e6040,3e03ccfa,1,24787319

8429,233,252,6,-2323,403,15805,-4129,2539,-3182,bf7d2fb7,bc9c9690,bd8e733e,3e042911,bf7d2fb7,bc9c968e,bd8e733d,3e042910,1,24795837

8430,266,284,8,-2258,69,15682,-4159,2505,-3184,bf7d3167,bc9513b2,bd8e54fd,3e042042,bf7d3167,bc9513b1,bd8e54fd,3e042041,1,24804356

8431,241,310,8,-2268,299,15777,-4159,2505,-3184,bf7d3488,bc97b276,bd8df7c4,3e03cd5c,bf7d3487,bc97b274,bd8df7c3,3e03cd5a,1,24812875

8432,227,328,5,-2162,264,15708,-4155,2453,-3205,bf7d3bee,bc9a72f7,bd8cc851,3e032e17,bf7d3bef,bc9a72f6,bd8cc851,3e032e16,1,24821393

8433,247,312,8,-2212,277,15745,-4163,2449,-3215,bf7d4201,bc9d7e52,bd8c43d0,3e028717,bf7d4202,bc9d7e51,bd8c43d0,3e028716,1,24829411

8434,243,315,7,-2131,259,15683,-4163,2449,-3215,bf7d4a0d,bc9edd9b,bd8b0693,3e01db04,bf7d4a0d,bc9edd99,bd8b0692,3e01db02,1,24837930

8435,258,308,9,-2140,306,15674,-4123,2507,-3147,bf7d4d2f,bc9ad757,bd898821,3e01f26f,bf7d4d2e,bc9ad753,bd898820,3e01f26d,1,24846449

8436,266,281,9,-2064,249,15675,-4121,2547,-3191,bf7d4e01,bc94d137,bd884d8b,3e0247de,bf7d4e01,bc94d133,bd884d8b,3e0247dd,1,24854967

8437,276,261,7,-2050,346,15668,-4121,2547,-3191,bf7d4ead,bc91c695,bd86b764,3e02a9fd,bf7d4ead,bc91c692,bd86b764,3e02a9fc,1,24863486

8438,287,223,5,-2026,172,15656,-4105,2527,-3156,bf7d5031,bc8b0467,bd85bb23,3e02d971,bf7d5031,bc8b0464,bd85bb23,3e02d970,1,24872005

8439,276,169,-1,-2151,260,15713,-4133,2511,-3227,bf7d4fcb,bc8a97a0,bd865d76,3e02bdc5,bf7d4fcb,bc8a979e,bd865d76,3e02bdc4,1,24880523

8440,262,157,-4,-2128,118,15717,-4133,2511,-3227,bf7d5071,bc83b001,bd8687f3,3e02bb60,bf7d5072,bc83afff,bd8687f4,3e02bb60,1,24889042

8441,245,153,0,-2109,333,15742,-4123,2525,-3112,bf7d5124,bc87f398,bd85fbdf,3e02b828,bf7d5125,bc87f396,bd85fbdf,3e02b828,1,24897561

8442,240,144,0,-2174,235,15729,-4153,2521,-3200,bf7d4fae,bc86bb20,bd86e897,3e02adbd,bf7d4fae,bc86bb1d,bd86e896,3e02adbc,1,24906079

8443,242,156,2,-2139,172,15741,-4131,2535,-3103,bf7d4ecf,bc80ea06,bd86f0ba,3e02de21,bf7d4ecf,bc80ea03,bd86f0b9,3e02de20,1,24914598

8444,232,156,5,-2154,128,15727,-4131,2535,-3103,bf7d4db8,bc762869,bd873b2e,3e030308,bf7d4db8,bc762864,bd873b2d,3e030307,1,24922616

8445,203,147,9,-2135,164,15719,-4099,2505,-3171,bf7d4fa2,bc738235,bd876734,3e02c15a,bf7d4fa3,bc738232,bd876734,3e02c159,1,24931134

8446,198,141,16,-2114,150,15704,-4141,2517,-3160,bf7d523a,bc6e8bd6,bd8725b5,3e028ae5,bf7d5239,bc6e8bd0,bd8725b5,3e028ae3,1,24939653

8447,175,129,19,-2126,116,15716,-4141,2517,-3160,bf7d53b8,bc67357c,bd874dc1,3e025f5d,bf7d53b8,bc673577,bd874dc3,3e025f5b,1,24948171

8448,140,107,26,-2114,155,15712,-4113,2535,-3172,bf7d5275,bc6179c7,bd8707b1,3e02a2cd,bf7d5275,bc6179c2,bd8707b2,3e02a2cb,1,24956690

8449,119,93,33,-2180,225,15718,-4127,2489,-3214,bf7d5323,bc6d861c,bd879c8a,3e0251f3,bf7d5322,bc6d8616,bd879c8b,3e0251f0,1,24965209

8450,120,91,33,-2188,304,15755,-4127,2489,-3214,bf7d5389,bc7ae3f9,bd87fc7c,3e02133a,bf7d5389,bc7ae3f5,bd87fc7d,3e021337,1,24973727

8451,140,109,29,-2276,455,15792,-4111,2509,-3285,bf7d51b0,bc841cbc,bd8887ea,3e020dea,bf7d51b0,bc841cb9,bd8887eb,3e020de7,1,24982246

8452,193,144,31,-2066,56,15666,-4175,2523,-3103,bf7d53af,bc7bb08c,bd87f60b,3e020edf,bf7d53af,bc7bb086,bd87f60c,3e020edc,1,24990765

8453,183,144,24,-2484,391,15975,-4175,2523,-3103,bf7d5110,bc820a48,bd8926ef,3e01fff6,bf7d5110,bc820a45,bd8926f0,3e01fff3,1,24999283

8454,194,222,26,-2370,241,15853,-4141,2537,-3110,bf7d4d55,bc821666,bd8a5869,3e02231a,bf7d4d55,bc821663,bd8a586a,3e022317,1,25007802

8455,226,332,32,-2430,345,15935,-4089,2489,-3146,bf7d4c4e,bc85ad0d,bd8afe7c,3e020820,bf7d4c50,bc85ad0b,bd8afe7e,3e02081e,1,25016321

8456,230,416,39,-2244,194,15825,-4125,2519,-3081,bf7d4c76,bc81ff86,bd8ae357,3e02198c,bf7d4c77,bc81ff81,bd8ae358,3e02198a,1,25024839

8457,230,477,28,-2141,211,15733,-4125,2519,-3081,bf7d50e3,bc7fb50d,bd88fe60,3e0218bf,bf7d50e3,bc7fb503,bd88fe60,3e0218bd,1,25032857

8458,227,497,14,-1903,82,15626,-4083,2497,-3159,bf7d56bd,bc767f94,bd869c10,3e021369,bf7d56be,bc767f8a,bd869c10,3e021368,1,25041376

8459,197,445,10,-2033,210,15702,-4147,2499,-3227,bf7d5d97,bc7a635d,bd8496c4,3e01bb45,bf7d5d97,bc7a6355,bd8496c3,3e01bb42,1,25049894

8460,197,418,4,-1980,284,15652,-4147,2499,-3227,bf7d6324,bc80ea33,bd82b4fc,3e01795d,bf7d6325,bc80ea2f,bd82b4fc,3e01795a,1,25058413

8461,208,383,10,-1966,6,15664,-4097,2541,-3150,bf7d6468,bc73fdaf,bd81a95e,3e01afdb,bf7d6467,bc73fda5,bd81a95d,3e01afd7,1,25066931

8462,180,356,11,-1982,129,15711,-4097,2495,-3103,bf7d6aa4,bc6d051a,bd803d1d,3e015434,bf7d6aa5,bc6d050f,bd803d1e,3e015431,1,25075450

8463,141,323,16,-1961,247,15676,-4097,2495,-3103,bf7d6f3c,bc7693ef,bd7df0ff,3e01024e,bf7d6f3c,bc7693e2,bd7df0ff,3e01024a,1,25083969

8464,122,286,12,-1790,64,15605,-4091,2545,-3165,bf7d70cf,bc6cfb01,bd7b14a4,3e013c53,bf7d70cf,bc6cfaf4,bd7b14a4,3e013c4f,1,25092487

8465,92,217,8,-1909,184,15674,-4157,2535,-3163,bf7d72f4,bc6953a6,bd785a2c,3e01542c,bf7d72f5,bc695398,bd785a2d,3e015428,1,25101006

8466,71,154,-7,-1899,175,15678,-4157,2535,-3163,bf7d74ca,bc65e352,bd7639f4,3e01619d,bf7d74cb,bc65e346,bd7639f4,3e016199,1,25109524

8467,41,107,-23,-1983,326,15705,-4113,2537,-3197,bf7d7277,bc734fbb,bd76c534,3e018179,bf7d7276,bc734fac,bd76c532,3e018175,1,25118043

8468,35,77,-39,-1984,365,15736,-4133,2535,-3136,bf7d711b,bc811652,bd772d3a,3e0182c5,bf7d711b,bc81164a,bd772d39,3e0182c2,1,25126562

8469,53,66,-47,-1983,367,15715,-4183,2497,-3151,bf7d72b4,bc889849,bd77bdc2,3e012061,bf7d72b4,bc889841,bd77bdc1,3e01205e,1,25134579

8470,76,51,-57,-2063,342,15742,-4183,2497,-3151,bf7d7302,bc8eb380,bd79bd36,3e00bec4,bf7d7302,bc8eb37a,bd79bd36,3e00bec2,1,25143098

8471,102,47,-59,-2048,313,15747,-4141,2533,-3274,bf7d6ef8,bc8dc515,bd7baa22,3e0105fd,bf7d6ef8,bc8dc50f,bd7baa22,3e0105fb,1,25151617

8472,107,34,-48,-1975,289,15690,-4091,2519,-3166,bf7d6da8,bc8b8a2a,bd7b418b,3e0145d0,bf7d6da8,bc8b8a24,bd7b418c,3e0145ce,1,25160135

8473,129,8,-36,-2002,300,15738,-4091,2519,-3166,bf7d6b21,bc8ad3db,bd7bd896,3e018599,bf7d6b20,bc8ad3d4,bd7bd896,3e018598,1,25168654

8474,150,-11,-30,-1971,223,15669,-4125,2481,-3064,bf7d7041,bc8c6341,bd7c7dff,3e00c9bc,bf7d7040,bc8c633d,bd7c7dff,3e00c9bb,1,25177173

8475,149,-32,-23,-2090,301,15724,-4139,2471,-3189,bf7d7087,bc910e64,bd7f2418,3e0058b5,bf7d7088,bc910e62,bd7f241a,3e0058b5,1,25185691

8476,173,-40,-10,-2180,330,15777,-4139,2471,-3189,bf7d6f3e,bc9509c9,bd81315e,3e000741,bf7d6f3d,bc9509c7,bd81315d,3e000740,1,25194210

8477,192,-21,5,-2148,260,15744,-4109,2545,-3095,bf7d6a92,bc90c136,bd824470,3e0068eb,bf7d6a92,bc90c134,bd82446f,3e0068ea,1,25202737

8478,195,1,11,-2178,282,15779,-4161,2535,-3187,bf7d65d1,bc8e92e2,bd83b66d,3e00aa75,bf7d65d0,bc8e92e1,bd83b66c,3e00aa74,1,25211256

8479,191,15,15,-2122,293,15771,-4161,2535,-3187,bf7d61fe,bc8c67f2,bd8457f1,3e0102d2,bf7d61ff,bc8c67f2,bd8457f2,3e0102d2,1,25219774

8480,181,26,13,-2056,325,15696,-4119,2563,-3149,bf7d5e90,bc89d355,bd83f474,3e019301,bf7d5e91,bc89d355,bd83f474,3e019301,1,25228293

8481,189,15,4,-2057,242,15729,-4101,2511,-3107,bf7d5f5d,bc8732ef,bd839a4d,3e019be0,bf7d5f5d,bc8732ee,bd839a4c,3e019bdf,1,25236311

8482,180,1,-7,-2125,209,15779,-4107,2489,-3160,bf7d6015,bc872f73,bd84c86d,3e01384c,bf7d6015,bc872f72,bd84c86c,3e01384b,1,25244830

8483,153,3,-12,-2135,291,15779,-4107,2489,-3160,bf7d60a5,bc8c3dfb,bd857d64,3e00e257,bf7d60a4,bc8c3dfa,bd857d61,3e00e256,1,25253348

8484,150,12,-11,-2176,303,15776,-4133,2529,-3201,bf7d5c30,bc8c41a6,bd867abb,3e012c7b,bf7d5c32,bc8c41a6,bd867abb,3e012c7c,1,25261867

8485,160,22,-12,-2211,244,15776,-4133,2547,-3209,bf7d57be,bc88b99d,bd8762c3,3e018a7d,bf7d57be,bc88b99a,bd8762c1,3e018a7d,1,25270386

8486,158,56,-7,-2194,218,15745,-4133,2547,-3209,bf7d53fd,bc84b1ee,bd87fdea,3e01e7f6,bf7d53fc,bc84b1ec,bd87fde8,3e01e7f5,1,25278904

8487,155,73,0,-2262,446,15785,-4109,2529,-3206,bf7d50f6,bc8ac351,bd88aa1b,3e01fff7,bf7d50f6,bc8ac34f,bd88aa1a,3e01fff6,1,25287423

8488,191,110,16,-2137,262,15696,-4123,2527,-3138,bf7d5023,bc8886f7,bd882f38,3e024337,bf7d5023,bc8886f5,bd882f37,3e024336,1,25295942

8489,190,119,24,-2155,397,15737,-4123,2527,-3138,bf7d4f2a,bc8e1168,bd87e9d6,3e025bed,bf7d4f2a,bc8e1166,bd87e9d5,3e025bec,1,25304460

8490,229,134,41,-2115,300,15709,-4125,2493,-3124,bf7d5293,bc91b720,bd875d75,3e020631,bf7d5293,bc91b71e,bd875d74,3e020630,1,25312979

8491,246,132,55,-2196,318,15777,-4135,2527,-3156,bf7d4ef5,bc914265,bd87f4bf,3e025166,bf7d4ef4,bc914263,bd87f4bd,3e025164,1,25321497

8492,249,148,55,-2163,188,15735,-4135,2527,-3156,bf7d4d97,bc8ae3cb,bd881231,3e028ff9,bf7d4d97,bc8ae3c9,bd881230,3e028ff8,1,25329515

8493,233,161,58,-2225,208,15802,-4127,2517,-3160,bf7d4b4c,bc875f47,bd88f22c,3e02ab60,bf7d4b4b,bc875f45,bd88f22a,3e02ab5f,1,25338034

8494,197,179,55,-2263,303,15835,-4157,2529,-3203,bf7d4836,bc8a0763,bd89c509,3e02c87a,bf7d4836,bc8a0760,bd89c509,3e02c87a,1,25346553

8495,196,236,39,-2502,244,15998,-4085,2521,-3141,bf7d4463,bc898b20,bd8b0bc1,3e02ea84,bf7d4463,bc898b1e,bd8b0bc1,3e02ea84,1,25355071

8496,177,366,15,-2052,301,15691,-4085,2521,-3141,bf7d4803,bc897ba3,bd88d63f,3e030f79,bf7d4803,bc897ba1,bd88d63f,3e030f79,1,25363590

8497,180,418,19,-1964,261,15636,-4139,2515,-3218,bf7d4d59,bc88d0f8,bd8668c0,3e030e0f,bf7d4d59,bc88d0f6,bd8668c0,3e030e0f,1,25372109

8498,189,329,13,-1909,197,15648,-4103,2521,-3193,bf7d513a,bc857252,bd8463bd,3e0327bf,bf7d5139,bc857250,bd8463bc,3e0327be,1,25380627

8499,160,275,-10,-2012,475,15689,-4103,2521,-3193,bf7d530c,bc8b5705,bd83339b,3e032333,bf7d530d,bc8b5704,bd83339b,3e032333,1,25389146

8500,186,242,-33,-2014,352,15690,-4143,2519,-3197,bf7d5621,bc8f7f3b,bd81e957,3e030442,bf7d5622,bc8f7f3a,bd81e957,3e030442,1,25397665

8501,217,217,-35,-2038,58,15662,-4105,2551,-3133,bf7d55f7,bc88b255,bd81afd6,3e0334ba,bf7d55f7,bc88b253,bd81afd5,3e0334ba,1,25406183

8502,166,209,-48,-2455,167,16023,-4105,2551,-3133,bf7d52cb,bc86b665,bd82f423,3e034e59,bf7d52cb,bc86b663,bd82f422,3e034e59,1,25414702

8503,108,332,-63,-2455,186,16004,-4095,2543,-3147,bf7d505a,bc85b4f2,bd83eb18,3e035fe8,bf7d505a,bc85b4f1,bd83eb17,3e035fe8,1,25423220

8504,71,497,-67,-2104,-23,15749,-4107,2531,-3155,bf7d524c,bc7fdff7,bd832506,3e036c9a,bf7d524c,bc7fdff5,bd832505,3e036c9a,1,25431739

8505,23,558,-66,-2059,225,15753,-4107,2531,-3155,bf7d549b,bc7deee2,bd818b15,3e038eaf,bf7d549b,bc7deee1,bd818b14,3e038eaf,1,25439757

8506,-4,576,-70,-1894,224,15687,-4097,2505,-3165,bf7d5c08,bc80b1fc,bd7d6a7a,3e0353d4,bf7d5c08,bc80b1fc,bd7d6a78,3e0353d4,1,25448276

8507,-4,541,-59,-1659,405,15527,-4137,2531,-3190,bf7d6192,bc846ee4,bd77e26f,3e0342e4,bf7d6193,bc846ee4,bd77e26e,3e0342e4,1,25456794

8508,24,439,-40,-1535,353,15452,-4127,2521,-3136,bf7d66da,bc86b3b5,bd72bd18,3e033061,bf7d66db,bc86b3b5,bd72bd17,3e033061,1,25465313

8509,55,253,-27,-1781,336,15640,-4127,2521,-3136,bf7d6ac7,bc8a4b6c,bd6efbbc,3e031661,bf7d6ac7,bc8a4b6c,bd6efbba,3e031660,1,25473832

8510,75,163,-6,-1834,392,15659,-4095,2531,-3172,bf7d6ad0,bc8ecee5,bd6c9811,3e034754,bf7d6ad1,bc8ecee5,bd6c9810,3e034753,1,25482350

8511,106,117,6,-1916,362,15734,-4125,2525,-3178,bf7d68d7,bc931684,bd6d8009,3e035735,bf7d68d6,bc931681,bd6d8006,3e035733,1,25490869

8512,118,96,-2,-1871,350,15719,-4125,2525,-3178,bf7d688e,bc9497d8,bd6c775e,3e0376fd,bf7d688e,bc9497d7,bd6c775c,3e0376fb,1,25499388

8513,126,76,-16,-1917,419,15738,-4087,2519,-3193,bf7d661e,bc99b6ae,bd6d36cf,3e039534,bf7d661e,bc99b6ad,bd6d36cd,3e039532,1,25507906

8514,139,65,-16,-1903,488,15700,-4133,2503,-3192,bf7d6675,bca09188,bd6d7be5,3e0361f3,bf7d6675,bca09187,bd6d7be4,3e0361f1,1,25516425

8515,178,34,-5,-1883,424,15662,-4133,2503,-3192,bf7d677e,bca59fde,bd6d92ad,3e032676,bf7d677e,bca59fdd,bd6d92ac,3e032674,1,25524944

8516,202,-9,5,-2000,392,15765,-4119,2543,-3185,bf7d6255,bca2ba13,bd701120,3e038b9c,bf7d6254,bca2ba10,bd70111d,3e038b9a,1,25533462

8517,227,-7,13,-2056,360,15781,-4089,2495,-3228,bf7d5f1f,bca2816c,bd73bca7,3e038396,bf7d5f1f,bca28169,bd73bca5,3e038394,1,25541480

8518,237,10,16,-2145,297,15815,-4089,2495,-3228,bf7d5bd6,bca07ece,bd776d7b,3e038479,bf7d5bd5,bca07ecb,bd776d78,3e038476,1,25549999

8519,233,43,20,-2065,236,15760,-4121,2497,-3166,bf7d5a97,bc9c1bc9,bd7a2bd0,3e036cf9,bf7d5a97,bc9c1bc8,bd7a2bce,3e036cf7,1,25558517

8520,216,69,18,-2174,338,15835,-4113,2511,-3214,bf7d56e8,bc9bec6f,bd7d7cde,3e0379d6,bf7d56e9,bc9bec6e,bd7d7cdd,3e0379d5,1,25567036

8521,218,109,19,-2044,279,15754,-4109,2449,-3186,bf7d5ace,bc9e58cd,bd7eac5a,3e02d0e5,bf7d5acf,bc9e58cc,bd7eac58,3e02d0e4,1,25575555

8522,226,141,26,-1952,297,15724,-4109,2449,-3186,bf7d6158,bca04154,bd7d3b5a,3e022944,bf7d6158,bca04152,bd7d3b58,3e022943,1,25584074

8523,225,124,26,-1760,251,15594,-4109,2497,-3184,bf7d64ab,bc9c6594,bd7a5271,3e022e9b,bf7d64ac,bc9c6592,bd7a5270,3e022e9a,1,25592592

8524,207,52,31,-1999,241,15774,-4107,2521,-3126,bf7d6327,bc9651fe,bd7adef3,3e026986,bf7d6327,bc9651fc,bd7adef0,3e026984,1,25601111

8525,183,20,25,-1947,149,15724,-4107,2521,-3126,bf7d62a8,bc9010c7,bd7af61f,3e02926a,bf7d62a8,bc9010c6,bd7af61c,3e029268,1,25609629

8526,143,16,15,-1899,206,15681,-4055,2521,-3148,bf7d6241,bc8b2fd1,bd7a0390,3e02d11e,bf7d6242,bc8b2fd1,bd7a038f,3e02d11c,1,25618148

8527,110,-14,9,-2093,371,15773,-4089,2485,-3183,bf7d60e4,bc914037,bd7c5ebc,3e029894,bf7d60e3,bc914034,bd7c5eb9,3e029892,1,25626667

8528,114,-7,17,-2232,339,15865,-4089,2485,-3183,bf7d5dde,bc94da05,bd7fde1c,3e027919,bf7d5dde,bc94da03,bd7fde1a,3e027917,1,25634684

8529,129,41,19,-2161,318,15801,-4111,2533,-3205,bf7d58b1,bc93d7fd,bd814d70,3e02c802,bf7d58b1,bc93d7fb,bd814d6f,3e02c800,1,25643704

8530,136,101,19,-2148,451,15803,-4081,2527,-3223,bf7d543f,bc98aadd,bd81f9ed,3e031101,bf7d543f,bc98aadb,bd81f9ec,3e0310ff,1,25651722

8531,161,150,22,-2045,330,15761,-4081,2527,-3223,bf7d525f,bc955af9,bd815aed,3e038143,bf7d525f,bc955af7,bd815aeb,3e038141,1,25660240

8532,201,175,30,-2349,1024,15950,-4121,2515,-3215,bf7d50fb,bc9bbef1,bd819b0c,3e037eb4,bf7d50fb,bc9bbeef,bd819b0a,3e037eb2,1,25668759

8533,344,226,53,-1589,-163,15494,-4085,2503,-3204,bf7d53a2,bc944228,bd806f80,3e039919,bf7d53a3,bc944227,bd806f7f,3e039918,1,25677277

8534,246,64,25,-1485,50,15426,-4081,2515,-3187,bf7d561e,bc8fc028,bd7e6d38,3e03ac96,bf7d561e,bc8fc027,bd7e6d35,3e03ac95,1,25685796

8535,134,-97,17,-1651,-117,15485,-4081,2515,-3187,bf7d56cb,bc8abf15,bd7dc23c,3e03c1db,bf7d56cc,bc8abf14,bd7dc23a,3e03c1da,1,25694314

8536,-24,-262,0,-1818,315,15551,-4089,2495,-3218,bf7d58ad,bc8f487d,bd7c7686,3e039c51,bf7d58ad,bc8f487c,bd7c7683,3e039c50,1,25702833

8537,-85,-374,-21,-2082,557,15738,-4173,2501,-3179,bf7d5617,bc99471a,bd7f593a,3e0365b8,bf7d5616,bc994719,bd7f5936,3e0365b7,1,25711352

8538,-32,-379,-30,-2230,226,15888,-4173,2501,-3179,bf7d51e4,bc9b10dc,bd826ea0,3e0331a1,bf7d51e4,bc9b10db,bd826e9e,3e0331a0,1,25719870

8539,-79,-347,-41,-2389,46,15960,-4095,2529,-3173,bf7d4c92,bc99d737,bd84b928,3e0348a3,bf7d4c92,bc99d736,bd84b926,3e0348a2,1,25728389

8540,-182,-243,-58,-2206,-101,15760,-4093,2475,-3197,bf7d4a9c,bc97fcc5,bd863682,3e032cbf,bf7d4a9c,bc97fcc4,bd863680,3e032cbe,1,25736908

8541,-334,-175,-72,-2339,288,15831,-4093,2475,-3197,bf7d4717,bc9f5ed3,bd884eb9,3e02ec43,bf7d4716,bc9f5ed1,bd884eb6,3e02ec41,1,25744926

8542,-402,-136,-59,-2400,470,15858,-4081,2463,-3168,bf7d43d1,bcaa9c40,bd89dcbb,3e02b08a,bf7d43d1,bcaa9c3f,bd89dcb9,3e02b089,1,25753444

8543,-358,-50,-15,-2439,431,15913,-4077,2487,-3147,bf7d3ead,bcb2b0f3,bd8b9626,3e02afac,bf7d3eae,bcb2b0f1,bd8b9625,3e02afab,1,25761963

8544,-349,39,-2,-2255,477,15775,-4077,2487,-3147,bf7d3c2c,bcbcc202,bd8bc114,3e02b948,bf7d3c2c,bcbcc1ff,bd8bc112,3e02b946,1,25770481

8545,-341,79,8,-1917,178,15596,-4075,2481,-3136,bf7d3dee,bcbd2537,bd8a9179,3e02d15f,bf7d3dee,bcbd2533,bd8a9177,3e02d15d,1,25779000

8546,-411,24,25,-2110,672,15693,-4145,2445,-3135,bf7d3e71,bcc97a6d,bd8a11f5,3e029959,bf7d3e71,bcc97a69,bd8a11f3,3e029957,1,25787518

8547,-395,-22,49,-2102,398,15732,-4137,2469,-3125,bf7d415d,bccc061c,bd8906c0,3e02755d,bf7d415d,bccc0616,bd8906be,3e02755b,1,25796037

8548,-405,-38,61,-2046,494,15739,-4137,2469,-3125,bf7d43d3,bcd281e8,bd87a924,3e025b10,bf7d43d4,bcd281e3,bd87a922,3e025b0f,1,25804556

8549,-444,-87,62,-2177,670,15668,-4099,2503,-3202,bf7d3d98,bcdd2803,bd879689,3e02dad0,bf7d3d98,bcdd27fe,bd879688,3e02dacf,1,25813074

8550,-449,-122,14,-2063,400,15643,-4097,2463,-3159,bf7d3dbf,bcde1d32,bd87402f,3e02e606,bf7d3dbf,bcde1d2d,bd87402e,3e02e605,1,25821593

8551,-546,-175,-60,-2425,391,15949,-4097,2463,-3159,bf7d38ec,bce281d4,bd8923be,3e02df5b,bf7d38ec,bce281d0,bd8923bd,3e02df5a,1,25830112

8552,-679,-154,-144,-2610,762,15986,-4113,2457,-3058,bf7d33fb,bcefd881,bd8ae2dd,3e02a333,bf7d33fb,bcefd87d,bd8ae2dc,3e02a332,1,25838630

8553,-749,-40,-274,-2593,909,15916,-4131,2433,-3143,bf7d3176,bcff305c,bd8bfc8e,3e0231d1,bf7d3177,bcff3059,bd8bfc8d,3e0231d1,1,25847149

8554,-755,43,-383,-2483,794,15896,-4131,2433,-3143,bf7d3089,bd06ce3d,bd8d0265,3e01935a,bf7d308a,bd06ce3c,bd8d0264,3e01935a,1,25855173

8555,-770,109,-475,-2471,979,15629,-4095,2403,-3191,bf7d3113,bd0edc0b,bd8d6f3c,3e00da27,bf7d3114,bd0edc0a,bd8d6f3b,3e00da27,1,25863691

8556,-805,140,-560,-2848,469,16370,-4119,2421,-3211,bf7d31cf,bd126904,bd8e7171,3e003be4,bf7d31cf,bd126903,bd8e716f,3e003be3,1,25872210

8557,-1158,182,-970,-2721,0,15912,-4119,2421,-3211,bf7d378f,bd16c4eb,bd8e9f85,3dfe4f0b,bf7d378e,bd16c4e9,bd8e9f82,3dfe4f08,1,25880729

8558,-1698,226,-1591,-2249,-855,16172,-4093,2399,-3195,bf7d4433,bd1da9a6,bd8daa08,3dfaa036,bf7d4432,bd1da9a4,bd8daa06,3dfaa033,1,25889247

8559,-2331,80,-1888,-1701,2041,14589,-4079,2391,-3199,bf7d4f06,bd2e7d96,bd8bf62d,3df6046e,bf7d4f05,bd2e7d94,bd8bf62b,3df6046b,1,25897766

8560,-2878,-391,-2314,-3546,2733,16558,-4079,2391,-3199,bf7d53d2,bd4293f6,bd8cdcf5,3df07006,bf7d53d3,bd4293f6,bd8cdcf4,3df07005,1,25906284

8561,-2712,-72,-2601,-4143,3603,16029,-4115,2327,-3110,bf7d5c1d,bd55aba2,bd8cfa0c,3dea0ca3,bf7d5c1d,bd55aba1,bd8cfa0a,3dea0ca1,1,25914803

8562,-2283,375,-3303,-3299,1772,15907,-4107,2315,-3135,bf7d6cfb,bd65311c,bd8c9782,3de1e70a,bf7d6cfc,bd65311c,bd8c9781,3de1e709,1,25923322

8563,-2362,548,-3949,-2435,-690,16866,-4123,2287,-3190,bf7d896f,bd703ad0,bd8a4af7,3dd84488,bf7d896e,bd703ace,bd8a4af5,3dd84485,1,25931840

8564,-3075,719,-3928,-1941,-1938,17210,-4123,2287,-3190,bf7da15e,bd7ee0d8,bd87248a,3dced89c,bf7da15d,bd7ee0d6,bd872488,3dced899,1,25939858

8565,-4203,967,-3179,-1859,-1237,17075,-4083,2213,-3202,bf7dac27,bd89811b,bd831c60,3dc78f7d,bf7dac26,bd89811a,bd831c5e,3dc78f7a,1,25948877

8566,-5069,1301,-2197,-1126,1478,16379,-4109,2163,-3250,bf7daa23,bd967e88,bd799a22,3dc2d0b1,bf7daa24,bd967e88,bd799a1f,3dc2d0b0,1,25956895

8567,-5668,1826,-1445,-582,-1355,15799,-4109,2163,-3250,bf7d9d10,bda3f265,bd6c2c55,3dc06290,bf7d9d11,bda3f265,bd6c2c52,3dc0628f,1,25965414

8568,-6493,1444,-930,662,687,13993,-4045,2067,-3163,bf7d80bf,bdb43ec2,bd5ec4e9,3dbf20cc,bf7d80c0,bdb43ec2,bd5ec4e6,3dbf20cb,1,25973932

8569,-7378,725,-811,-3607,94,17526,-4023,2013,-3227,bf7d5153,bdc67ae3,bd597549,3dbe4f18,bf7d5152,bdc67ae1,bd597544,3dbe4f15,1,25982451

8570,-8274,1101,-736,-2680,2092,16506,-4023,2013,-3227,bf7d150d,bddb089b,bd5212af,3dbde228,bf7d150c,bddb0899,bd5212ab,3dbde225,1,25990970

8571,-9107,1505,-820,-860,228,15549,-4089,1905,-3159,bf7cd01b,bdf157c0,bd450d63,3dbd4a07,bf7cd01c,bdf157bf,bd450d61,3dbd4a06,1,25999488

8572,-10262,1258,-862,-512,-306,15553,-4059,1849,-3172,bf7c7572,be055743,bd38bc87,3dbca413,bf7c7573,be055743,bd38bc85,3dbca412,1,26008007

8573,-12030,849,-865,-739,-3503,16099,-4059,1849,-3172,bf7bf8c7,be144d7e,bd2e4f44,3dbc1d82,bf7bf8c8,be144d7e,bd2e4f42,3dbc1d81,1,26016525

8574,-14418,725,-502,-1641,-73,15263,-4071,1739,-3194,bf7b49e5,be265003,bd240f12,3dbca8f7,bf7b49e6,be265003,bd240f10,3dbca8f6,1,26025044

8575,-16258,673,-697,-1973,3008,14533,-4073,1629,-3139,bf7a6adb,be3ab7ab,bd19efd2,3dbc915b,bf7a6adb,be3ab7aa,bd19efcf,3dbc9158,1,26033563

8576,-17705,713,-1247,-332,2475,13207,-4021,1445,-3126,bf795e38,be50f520,bd0bc5ba,3dbafc3f,bf795e38,be50f51f,bd0bc5b8,3dbafc3c,1,26042081

8577,-19942,-173,-2478,-845,1168,13599,-4021,1445,-3126,bf780d32,be6a0715,bd00d5d0,3db62bad,bf780d32,be6a0714,bd00d5ce,3db62baa,1,26050099

8578,-22641,-724,-3449,-3709,-1538,14003,-3963,1255,-2986,bf765d20,be8343ea,bcef31db,3daeca4b,bf765d21,be8343ea,bcef31d9,3daeca49,1,26058618

8579,-25031,-171,-2719,1891,3211,7928,-3957,1091,-2872,bf74362f,be931876,bcce2710,3da8edb0,bf74362f,be931875,bcce270d,3da8edae,1,26067137

8580,-26127,-330,-1330,-1676,8214,7151,-3957,1091,-2872,bf7190af,bea3e298,bcb8c266,3da6ba87,bf7190b0,bea3e298,bcb8c264,3da6ba86,1,26075655

8581,-26076,-87,-864,-1381,13985,4197,-3973,923,-2778,bf6ea05f,beb46ee5,bca15c65,3da5b050,bf6ea060,beb46ee5,bca15c64,3da5b04f,1,26084174

8582,-25319,-516,-1759,-145,12262,4083,-3977,799,-2538,bf6b8666,bec4550c,bc8a9dfc,3da1b757,bf6b8666,bec4550b,bc8a9dfb,3da1b755,1,26092692

8583,-24602,-1058,-2124,397,10835,4197,-3977,799,-2538,bf68445a,bed39969,bc6ef849,3d9c0f4d,bf68445a,bed39968,bc6ef847,3d9c0f4b,1,26101211

8584,-23814,-1056,-1152,-875,15202,2825,-4027,591,-2439,bf64d979,bee22cda,bc54850d,3d98a527,bf64d97a,bee22cda,bc54850c,3d98a526,1,26109730

8585,-22448,-890,-553,-1990,16248,2027,-3975,523,-2228,bf6166da,beefb802,bc3fbb4f,3d96b047,bf6166da,beefb801,bc3fbb4e,3d96b045,1,26118248

8586,-20851,-598,-411,-1337,22485,-4737,-3975,523,-2228,bf5e0240,befc22ae,bc285a96,3d954288,bf5e0240,befc22ad,bc285a96,3d954286,1,26126767

8587,-19163,-1000,-1155,-1669,26663,-1610,-3941,429,-2147,bf5ac062,bf03b628,bc131a4e,3d9173a1,bf5ac062,bf03b628,bc131a50,3d9173a0,1,26135286

8588,-15980,-1914,-2314,-2808,15332,-3422,-3947,389,-1907,bf57ee40,bf086a21,bc0816d8,3d89c006,bf57ee3f,bf086a21,bc0816db,3d89c004,1,26143804

8589,-15855,-1908,-3122,-2826,12297,-2293,-3909,353,-1791,bf550ca3,bf0d0433,bbe982ce,3d8040ed,bf550ca2,bf0d0433,bbe982d5,3d8040eb,1,26152323

8590,-17768,-1696,-3392,-2598,9985,-4069,-3909,353,-1791,bf51b674,bf1210e6,bbafe9f1,3d6d00b2,bf51b673,bf1210e6,bbafe9f9,3d6d00ae,1,26160341

8591,-19645,-1191,-2739,-1301,8193,-4340,-3885,235,-1613,bf4de0df,bf178486,bb5b66be,3d5d8d64,bf4de0e0,bf178487,bb5b66d1,3d5d8d61,1,26168859

8592,-20825,-811,-960,210,18466,-740,-3881,299,-1489,bf49a67a,bf1d247a,bb08920e,3d56217e,bf49a67a,bf1d247a,bb089221,3d56217a,1,26177378

8593,-18965,-1364,630,1555,32764,14661,-3881,299,-1489,bf45cf0f,bf21f938,bb2624d0,3d51bc3d,bf45cf0f,bf21f938,bb2624e6,3d51bc39,1,26185897

8594,-10450,-829,-154,-2155,28610,-365,-3877,277,-1371,bf437f9a,bf24c65f,bb32b489,3d4d972c,bf437f9a,bf24c65f,bb32b4a0,3d4d9728,1,26194415

8595,-4741,102,-1314,-1363,22010,-2516,-3861,283,-1322,bf4262cf,bf261d40,bab65472,3d47d9da,bf4262cf,bf261d40,bab654a0,3d47d9d6,1,26202934

8596,-2618,189,-1678,-778,18475,-2070,-3861,283,-1322,bf41b9e8,bf26ea69,396649c7,3d40e15a,bf41b9e7,bf26ea68,39664856,3d40e155,1,26211452

8597,-1100,255,-1641,-1040,17179,-690,-3871,249,-1331,bf4164b5,bf27545a,3ae39719,3d3a5778,bf4164b4,bf275459,3ae396ea,3d3a5773,1,26219971

8598,-431,236,-1689,-610,15851,216,-3781,211,-1298,bf4135e0,bf2791a3,3b557f05,3d3361d4,bf4135df,bf2791a2,3b557eec,3d3361cf,1,26228490

8599,-324,258,-1645,-78,16015,-159,-3781,211,-1298,bf410c17,bf27c84f,3b9d88a5,3d2c8e45,bf410c16,bf27c84e,3b9d8898,3d2c8e40,1,26237009

8600,-229,247,-1308,-198,16349,-202,-3827,251,-1303,bf40e5d2,bf27f92a,3bc5e10b,3d271633,bf40e5d1,bf27f929,3bc5e0fe,3d27162e,1,26245527

8601,-75,232,-1018,-602,16347,74,-3831,201,-1293,bf40c744,bf281fc6,3be3e996,3d22db92,bf40c744,bf281fc7,3be3e98a,3d22db90,1,26254046

8602,59,276,-887,-164,16020,35,-3805,167,-1299,bf40afd6,bf283d7d,3c007af1,3d1f2f0c,bf40afd5,bf283d7e,3c007aeb,3d1f2f0a,1,26262064

8603,153,279,-657,-318,16071,25,-3805,167,-1299,bf409cae,bf285561,3c0b790a,3d1c81f2,bf409cae,bf285563,3c0b7904,3d1c81f0,1,26270582

8604,268,285,-403,-474,16460,19,-3799,175,-1364,bf408f2e,bf2865d8,3c12c7f0,3d1afc12,bf408f2e,bf2865da,3c12c7ea,3d1afc10,1,26279101

8605,406,306,-299,-407,16345,-27,-3813,181,-1288,bf40889a,bf286e0d,3c18ce78,3d19df03,bf408899,bf286e0e,3c18ce71,3d19df00,1,26287619

8606,516,313,-263,-652,16487,167,-3813,181,-1288,bf408843,bf286eef,3c1ddecc,3d19020c,bf408843,bf286ef1,3c1ddec6,3d190209,1,26296138

8607,562,347,-282,-625,16471,89,-3785,211,-1310,bf408a69,bf286cd9,3c23c87e,3d1835f6,bf408a69,bf286cdb,3c23c878,3d1835f3,1,26304656

8608,585,345,-365,-578,16370,241,-3751,191,-1279,bf408e61,bf2868ef,3c2acc06,3d170939,bf408e5f,bf2868ef,3c2acbfe,3d170935,1,26313175

8609,560,317,-423,-470,16104,596,-3751,191,-1279,bf4091fa,bf2865be,3c323bf3,3d1576b9,bf4091fa,bf2865bf,3c323bec,3d1576b6,1,26321694

8610,521,285,-400,-351,16012,469,-3769,157,-1311,bf409341,bf286538,3c392c86,3d13e097,bf40933f,bf286537,3c392c7e,3d13e093,1,26330212

8611,409,299,-363,-341,16062,462,-3791,163,-1294,bf408e07,bf286bf3,3c3fd815,3d127645,bf408e07,bf286bf3,3c3fd80f,3d127642,1,26338731

8612,251,234,-323,-265,15911,405,-3791,163,-1294,bf407fe9,bf287d02,3c452ccf,3d10f440,bf407fe9,bf287d02,3c452cc9,3d10f43d,1,26347249

8613,198,153,-227,-80,15824,317,-3841,139,-1333,bf406ea8,bf2891b8,3c48588b,3d0f8317,bf406ea8,bf2891b8,3c485885,3d0f8314,1,26355768

8614,157,118,-81,-370,16002,502,-3799,173,-1226,bf405aa3,bf28a967,3c4827d2,3d0e87a1,bf405aa3,bf28a967,3c4827cc,3d0e879e,1,26363786

8615,58,101,69,-336,16134,308,-3819,133,-1377,bf4040f7,bf28c713,3c461c19,3d0e3a79,bf4040f7,bf28c713,3c461c13,3d0e3a76,1,26372305

8616,-38,88,92,-331,16247,221,-3819,133,-1377,bf4021c2,bf28eaff,3c43a627,3d0df8d3,bf4021c2,bf28eaff,3c43a621,3d0df8d0,1,26380823

8617,-61,76,108,-195,16403,-130,-3807,163,-1301,bf400046,bf291183,3c40f3d7,3d0da549,bf400045,bf291182,3c40f3d0,3d0da545,1,26389342

8618,13,28,123,-577,16491,204,-3811,141,-1273,bf3fe36e,bf2932d9,3c3c7536,3d0d4f19,bf3fe36e,bf2932d9,3c3c752f,3d0d4f16,1,26397860

8619,107,25,54,-662,16650,25,-3811,141,-1273,bf3fcbac,bf294e81,3c38bc64,3d0cbd72,bf3fcbac,bf294e82,3c38bc5e,3d0cbd6f,1,26406379

8620,202,40,-84,-354,16043,338,-3815,161,-1419,bf3fbb14,bf29623c,3c37d3ca,3d0bacfc,bf3fbb13,bf29623c,3c37d3c3,3d0bacf8,1,26414897

8621,203,82,-56,-360,16170,222,-3857,167,-1310,bf3fa987,bf2976e6,3c36ed22,3d0ac54c,bf3fa988,bf2976e8,3c36ed1c,3d0ac549,1,26423416

8622,233,119,12,-342,16076,392,-3857,167,-1310,bf3f99e4,bf298919,3c359e0a,3d0a3d5a,bf3f99e4,bf298919,3c359e02,3d0a3d55,1,26431935

8623,195,143,40,-353,16164,289,-3809,219,-1316,bf3f87d4,bf299dd8,3c345873,3d09ebe6,bf3f87d4,bf299dd8,3c34586c,3d09ebe1,1,26440454

8624,176,169,95,129,15718,199,-3789,211,-1344,bf3f74ce,bf29b380,3c33cab5,3d09be46,bf3f74ce,bf29b380,3c33caae,3d09be41,1,26448972

8625,148,146,301,0,15536,310,-3789,211,-1344,bf3f5fef,bf29cad2,3c2fc23f,3d0a5500,bf3f5fef,bf29cad2,3c2fc238,3d0a54fb,1,26456990

8626,82,132,630,-237,15985,269,-3853,213,-1334,bf3f460a,bf29e704,3c2670b4,3d0c3eac,bf3f460a,bf29e704,3c2670ad,3d0c3ea7,1,26465509

8627,53,143,844,-386,16050,290,-3795,195,-1338,bf3f2a1d,bf2a04c7,3c1a2169,3d0f1b34,bf3f2a1d,bf2a04c7,3c1a2162,3d0f1b2f,1,26474027

8628,24,146,972,-598,16224,390,-3847,177,-1308,bf3f0c29,bf2a2450,3c0b9df2,3d1282aa,bf3f0c29,bf2a2450,3c0b9deb,3d1282a5,1,26482546

8629,1,141,967,-844,16596,232,-3847,177,-1308,bf3eec76,bf2a4595,3bf99736,3d15f94b,bf3eec76,bf2a4595,3bf99727,3d15f946,1,26491064

8630,-5,152,831,-1029,16701,334,-3839,201,-1300,bf3ecd02,bf2a66b8,3bdf6520,3d18fc1f,bf3ecd02,bf2a66b8,3bdf6511,3d18fc1a,1,26499583

8631,-13,187,626,-917,16540,261,-3821,187,-1344,bf3eade8,bf2a87c7,3bccda75,3d1b4fe6,bf3eade8,bf2a87c6,3bccda65,3d1b4fe0,1,26508101

8632,0,247,462,-677,16208,135,-3821,187,-1344,bf3e8fd4,bf2aa7f2,3bc1d6ac,3d1d1af6,bf3e8fd4,bf2aa7f1,3bc1d69c,3d1d1af0,1,26516620

8633,46,290,435,-739,16245,198,-3861,191,-1281,bf3e7432,bf2ac54d,3bb84c88,3d1ee344,bf3e7432,bf2ac54c,3bb84c78,3d1ee33e,1,26525139

8634,40,311,419,-785,16359,220,-3861,211,-1370,bf3e58c5,bf2ae23c,3bb019e8,3d20c757,bf3e58c5,bf2ae23b,3bb019d8,3d20c751,1,26533657

8635,16,318,358,-808,16450,208,-3861,211,-1370,bf3e3c35,bf2b0089,3ba9dc98,3d22751a,bf3e3c35,bf2b0088,3ba9dc88,3d227514,1,26542176

8636,41,361,307,-704,16186,49,-3829,213,-1325,bf3e20b3,bf2b1db0,3ba6b71e,3d240341,bf3e20b4,bf2b1daf,3ba6b70f,3d24033c,1,26550695

8637,66,385,289,-458,16197,-2,-3877,231,-1283,bf3e0659,bf2b399c,3ba58657,3d256c1b,bf3e065a,bf2b399b,3ba58648,3d256c16,1,26559213

8638,132,386,369,-709,16402,112,-3877,231,-1283,bf3defa6,bf2b5117,3ba101f6,3d273cfa,bf3defa7,bf2b5116,3ba101e7,3d273cf6,1,26567231

8639,188,428,401,-570,16171,-234,-3931,165,-1288,bf3ddb43,bf2b65b1,3b9d9317,3d294fa9,bf3ddb44,bf2b65b0,3b9d9307,3d294fa5,1,26575750

8640,223,340,478,-795,16237,72,-3879,209,-1373,bf3dc9c1,bf2b7703,3b949561,3d2b8545,bf3dc9c3,bf2b7703,3b949552,3d2b8542,1,26584268

8641,194,266,483,-717,16031,252,-3855,231,-1405,bf3db77c,bf2b896b,3b89a547,3d2d76bc,bf3db77e,bf2b896a,3b89a538,3d2d76b8,1,26592787

8642,93,245,520,-696,16005,325,-3855,231,-1405,bf3d9fb9,bf2ba1d0,3b7aa617,3d2f7282,bf3d9fb9,bf2ba1ce,3b7aa5f6,3d2f727d,1,26601305

8643,17,275,607,-949,16097,626,-3867,201,-1368,bf3d8436,bf2bbdcc,3b5c2db7,3d31ee0e,bf3d8437,bf2bbdcc,3b5c2d99,3d31ee0b,1,26609824

8644,-96,377,630,-1023,16309,242,-3845,221,-1292,bf3d605a,bf2be26e,3b42e06d,3d34d365,bf3d6059,bf2be26d,3b42e04c,3d34d361,1,26618343

8645,-151,462,565,-1142,16479,140,-3845,221,-1292,bf3d3952,bf2c0a4e,3b323310,3d37d09f,bf3d3952,bf2c0a4d,3b3232f1,3d37d09c,1,26626861

8646,-131,533,442,-1152,16524,-1,-3893,235,-1268,bf3d1344,bf2c3135,3b2cb7f1,3d3a8b4b,bf3d1344,bf2c3134,3b2cb7d3,3d3a8b49,1,26635380

8647,-92,520,306,-1097,16671,-236,-3817,255,-1374,bf3cf010,bf2c555d,3b300370,3d3ccc9d,bf3cf010,bf2c555b,3b300351,3d3ccc9a,1,26643899

8648,-50,616,170,-2044,17482,1078,-3817,255,-1374,bf3cd49c,bf2c70a6,3b35620b,3d3f4fc0,bf3cd49e,bf2c70a5,3b3561f1,3d3f4fbe,1,26652417

8649,42,1244,-41,-241,15881,-1249,-3869,243,-1289,bf3cb7f0,bf2c8c27,3b7e3b84,3d4274c6,bf3cb7f2,bf2c8c26,3b7e3b6c,3d4274c4,1,26660936

8650,221,701,119,-1017,16581,-378,-3835,207,-1268,bf3ca66c,bf2c9cda,3b8b03bf,3d44803c,bf3ca66c,bf2c9cd7,3b8b03b2,3d448038,1,26668954

8651,273,455,88,-1113,16557,-201,-3835,207,-1268,bf3c9875,bf2caad0,3b8f95fe,3d4594db,bf3c9876,bf2caacf,3b8f95f3,3d4594d9,1,26677472

8652,312,384,-50,-1889,17221,1027,-3845,261,-1368,bf3c9251,bf2cb0a3,3b9102ba,3d4655c8,bf3c9252,bf2cb0a3,3b9102b1,3d4655c5,1,26685991

8653,267,766,-271,16,15722,-895,-3881,289,-1345,bf3c845e,bf2cbeed,3badd73e,3d46c9c3,bf3c845e,bf2cbeec,3badd732,3d46c9bf,1,26694509

8654,285,557,-147,-807,16093,44,-3875,245,-1342,bf3c790c,bf2cca82,3bbd4cb0,3d473bb9,bf3c790e,bf2cca82,3bbd4ca5,3d473bb6,1,26703028

8655,213,387,-54,-1031,16305,257,-3875,245,-1342,bf3c69f5,bf2cda85,3bc3d764,3d478677,bf3c69f6,bf2cda84,3bc3d758,3d478672,1,26711547

8656,169,409,-85,-938,16235,199,-3845,211,-1377,bf3c58c6,bf2cecc6,3bccc4ba,3d47c970,bf3c58c6,bf2cecc4,3bccc4ad,3d47c96a,1,26720065

8657,144,450,-86,-960,16364,114,-3901,257,-1240,bf3c44c8,bf2d0212,3bd62a39,3d48097f,bf3c44c8,bf2d0210,3bd62a2c,3d480979,1,26728584

8658,170,504,-90,-925,16222,105,-3901,257,-1240,bf3c3247,bf2d157f,3be1605f,3d48747b,bf3c3247,bf2d157d,3be16053,3d487475,1,26737103

8659,188,579,-91,-927,16311,30,-3791,245,-1318,bf3c2147,bf2d26be,3bef85d6,3d49411d,bf3c2149,bf2d26be,3bef85cc,3d494118,1,26745621

8660,186,685,-100,-684,16600,-446,-3865,239,-1390,bf3c0f1e,bf2d38bb,3c015f8d,3d4a6042,bf3c0f1d,bf2d38b9,3c015f86,3d4a603b,1,26754140

8661,219,750,-174,-588,16237,-409,-3865,239,-1390,bf3bff37,bf2d4834,3c0d25ae,3d4b6837,bf3bff38,bf2d4834,3c0d25a8,3d4b6832,1,26762158

8662,257,470,-179,-764,16152,-17,-3873,231,-1352,bf3bf291,bf2d5586,3c1406d0,3d4b708c,bf3bf292,bf2d5586,3c1406ca,3d4b7087,1,26771177

8663,218,347,-189,-788,16108,163,-3835,187,-1385,bf3be4f3,bf2d6479,3c1935d0,3d4b0c19,bf3be4f4,bf2d6479,3c1935ca,3d4b0c14,1,26779195

8664,144,305,-183,-801,16165,217,-3835,187,-1385,bf3bd35b,bf2d77e1,3c1dac41,3d4a87e0,bf3bd35b,bf2d77e0,3c1dac3b,3d4a87da,1,26787713

8665,96,333,-129,-1002,16346,691,-3865,229,-1376,bf3bc0ab,bf2d8c1b,3c20fff6,3d4a5dca,bf3bc0ac,bf2d8c1b,3c20fff1,3d4a5dc4,1,26796232

8666,52,467,-118,-688,16089,-8,-3811,199,-1306,bf3ba835,bf2da5f3,3c2734e4,3d4a91df,bf3ba835,bf2da5f2,3c2734df,3d4a91d8,1,26804751

8667,46,448,-58,-840,16314,168,-3883,241,-1324,bf3b8f94,bf2dbfca,3c2bd0c1,3d4afba3,bf3b8f94,bf2dbfca,3c2bd0bc,3d4afb9d,1,26813269

8668,64,445,-36,-813,16292,161,-3883,241,-1324,bf3b77ef,bf2dd87a,3c3017f3,3d4b75ca,bf3b77f0,bf2dd87b,3c3017ef,3d4b75c5,1,26821788

8669,72,484,-26,-765,16284,-84,-3847,261,-1396,bf3b6067,bf2df0a3,3c353d64,3d4c3303,bf3b6068,bf2df0a3,3c353d5f,3d4c32fd,1,26830306

8670,92,512,-22,-917,16406,-20,-3847,239,-1323,bf3b49b8,bf2e07bd,3c3a2ed8,3d4d0d3a,bf3b49b7,bf2e07bb,3c3a2ed1,3d4d0d32,1,26838825

8671,119,462,-49,-870,16307,-55,-3847,239,-1323,bf3b34ad,bf2e1d66,3c3ecf56,3d4d9b3d,bf3b34ae,bf2e1d66,3c3ecf51,3d4d9b37,1,26847343

8672,142,427,-81,-898,16237,137,-3883,241,-1364,bf3b2211,bf2e30af,3c433bb3,3d4df436,bf3b2212,bf2e30ae,3c433bae,3d4df42f,1,26855862

8673,122,409,-101,-940,16390,84,-3839,247,-1379,bf3b0e76,bf2e451e,3c47b2f3,3d4e3632,bf3b0e77,bf2e451d,3c47b2ee,3d4e362b,1,26864381

8674,116,456,-159,-853,16162,108,-3839,247,-1379,bf3afae8,bf2e5975,3c4de00d,3d4e5faa,bf3afae9,bf2e5974,3c4de008,3d4e5fa3,1,26872399

8675,85,484,-199,-756,16109,174,-3927,249,-1341,bf3ae587,bf2e6fdc,3c550fd9,3d4e5b1b,bf3ae587,bf2e6fda,3c550fd3,3d4e5b14,1,26880917

8676,15,469,-184,-590,16038,116,-3899,237,-1375,bf3acc65,bf2e8a41,3c5c6f45,3d4e4db3,bf3acc67,bf2e8a41,3c5c6f41,3d4e4dad,1,26889436

8677,-35,454,-87,-507,15976,64,-3899,237,-1375,bf3aafe6,bf2ea7fc,3c626e85,3d4e87fb,bf3aafe8,bf2ea7fc,3c626e80,3d4e87f4,1,26897954

8678,-62,453,63,-568,15986,96,-3853,225,-1355,bf3a9161,bf2ec74e,3c6615b2,3d4f5b6b,bf3a9163,bf2ec74e,3c6615ad,3d4f5b64,1,26906473

8679,-83,457,207,-737,16164,153,-3865,227,-1327,bf3a70f7,bf2ee814,3c673945,3d50cc51,bf3a70f9,bf2ee813,3c67393f,3d50cc49,1,26914992

8680,-78,547,280,-817,16289,76,-3849,213,-1329,bf3a503a,bf2f0851,3c689654,3d52e61f,bf3a503c,bf2f0850,3c68964d,3d52e616,1,26923510

8681,-46,649,318,-858,16373,-68,-3849,213,-1329,bf3a3085,bf2f26a7,3c6aecb3,3d558aac,bf3a3085,bf2f26a5,3c6aecaa,3d558aa2,1,26932029

8682,-18,704,317,-891,16401,-175,-3847,205,-1350,bf3a122c,bf2f4313,3c6e24b8,3d586cb4,bf3a122c,bf2f4311,3c6e24af,3d586caa,1,26940547

8683,11,684,293,-877,16372,-341,-3837,251,-1439,bf39f5a4,bf2f5d8d,3c71bb00,3d5b3c67,bf39f5a5,bf2f5d8b,3c71baf8,3d5b3c5e,1,26949066

8684,26,575,241,-920,16474,-332,-3837,251,-1439,bf39da6a,bf2f775f,3c744f43,3d5d78a7,bf39da6b,bf2f775d,3c744f3c,3d5d789f,1,26957585

8685,51,466,181,-886,16362,-162,-3875,213,-1375,bf39c142,bf2f8ff5,3c75dc08,3d5efb58,bf39c144,bf2f8ff3,3c75dc02,3d5efb50,1,26966103

8686,78,379,151,-917,16418,-217,-3849,245,-1379,bf39a9c3,bf2fa759,3c7675cd,3d601625,bf39a9c5,bf2fa757,3c7675c7,3d60161d,1,26974622

8687,118,333,128,-882,16383,-188,-3849,245,-1379,bf3994f3,bf2fbc40,3c76b898,3d60eae9,bf3994f3,bf2fbc3d,3c76b890,3d60eadf,1,26982640

8688,162,278,92,-874,16382,-279,-3751,277,-1331,bf398273,bf2fcf33,3c769865,3d61619e,bf398273,bf2fcf30,3c76985e,3d616195,1,26991158

8689,216,214,70,-876,16298,-109,-3881,259,-1356,bf3973d8,bf2fde82,3c75a1a0,3d618565,bf3973da,bf2fde81,3c75a19c,3d61855e,1,26999677

8690,259,202,60,-897,16332,-103,-3881,259,-1356,bf3967dc,bf2feb25,3c7488bc,3d6197bd,bf3967dd,bf2feb24,3c7488b6,3d6197b5,1,27008196

8691,276,192,51,-907,16337,-153,-3861,227,-1398,bf395d47,bf2ff648,3c739655,3d61aaad,bf395d49,bf2ff648,3c739650,3d61aaa6,1,27016715

8692,300,172,23,-907,16309,-31,-3891,227,-1364,bf39546f,bf2fffe5,3c72838d,3d6181ac,bf39546f,bf2fffe3,3c728386,3d6181a3,1,27025240

8693,297,167,14,-888,16235,13,-3891,227,-1364,bf394bbb,bf30096e,3c718463,3d6147e4,bf394bbc,bf30096d,3c71845c,3d6147dc,1,27033759

8694,281,153,18,-897,16290,-17,-3869,251,-1372,bf394213,bf301402,3c704bb4,3d6108f4,bf394215,bf301402,3c704baf,3d6108ee,1,27042278

8695,281,147,19,-905,16294,-8,-3897,249,-1360,bf39384e,bf301ec3,3c6ee0af,3d60c0ff,bf393850,bf301ec3,3c6ee0aa,3d60c0f9,1,27050796

8696,288,145,12,-891,16226,46,-3873,277,-1365,bf392f5b,bf3028b3,3c6d89a8,3d606ef6,bf392f5c,bf3028b3,3c6d89a2,3d606eef,1,27059315

8697,251,147,19,-861,16190,19,-3873,277,-1365,bf392429,bf3034f5,3c6c42c8,3d60212c,bf392429,bf3034f5,3c6c42c1,3d602124,1,27067833

8698,218,138,45,-739,16063,22,-3867,221,-1379,bf391776,bf3042c4,3c6aeeb9,3d5fd9a9,bf391776,bf3042c4,3c6aeeb1,3d5fd9a1,1,27076352

8699,177,124,96,-905,16194,42,-3855,239,-1347,bf3907da,bf30537c,3c68269c,3d5fc522,bf3907da,bf30537c,3c682694,3d5fc51b,1,27084370

8700,154,135,135,-883,16196,17,-3855,239,-1347,bf38f6b0,bf30659f,3c651475,3d5fdd11,bf38f6b0,bf30659f,3c65146d,3d5fdd0a,1,27092889

8701,137,146,146,-1021,16389,6,-3873,223,-1426,bf38e54f,bf3077a2,3c61fe72,3d6037b7,bf38e54f,bf3077a2,3c61fe6a,3d6037b0,1,27101407

8702,126,161,103,-933,16259,-5,-3855,185,-1440,bf38d3ee,bf3089b5,3c601f28,3d606fbe,bf38d3ee,bf3089b5,3c601f21,3d606fb7,1,27109926

8703,141,185,83,-965,16301,2,-3855,185,-1440,bf38c39b,bf309a94,3c5ed058,3d60af83,bf38c39b,bf309a94,3c5ed050,3d60af7c,1,27118444

8704,141,201,80,-949,16367,-28,-3899,257,-1439,bf38b2cc,bf30abe9,3c5dc5c4,3d60f15b,bf38b2cd,bf30abea,3c5dc5bd,3d60f154,1,27126963

8705,167,229,67,-968,16329,35,-3863,189,-1384,bf38a3a1,bf30bb78,3c5d1c32,3d6136fe,bf38a3a0,bf30bb78,3c5d1c29,3d6136f5,1,27135482

8706,175,310,59,-860,16127,-282,-3863,189,-1384,bf389358,bf30cbc2,3c5e2d1c,3d61b6bc,bf389357,bf30cbc2,3c5e2d13,3d61b6b3,1,27144000

8707,189,375,52,-946,16344,-194,-3859,259,-1403,bf388449,bf30da5d,3c601bb6,3d627826,bf388448,bf30da5d,3c601bad,3d62781d,1,27152519

8708,204,266,41,-981,16371,-134,-3841,275,-1323,bf3875c7,bf30e92e,3c6023f2,3d62b487,bf3875c6,bf30e92f,3c6023ea,3d62b47f,1,27161037

8709,236,218,9,-967,16371,-111,-3865,243,-1347,bf3869cc,bf30f5bc,3c5ffc1f,3d62ab42,bf3869ca,bf30f5bc,3c5ffc15,3d62ab3a,1,27169556

8710,266,188,-16,-936,16370,-123,-3865,243,-1347,bf385fb9,bf310091,3c5fca19,3d6269f4,bf385fb8,bf310092,3c5fca10,3d6269ed,1,27177574

8711,302,185,-35,-948,16348,-99,-3885,221,-1422,bf3858e0,bf3107fb,3c600497,3d622e49,bf3858df,bf3107fc,3c60048e,3d622e42,1,27186093

8712,352,186,-48,-952,16381,-111,-3875,271,-1308,bf385391,bf310e0e,3c5fef2f,3d61c193,bf385390,bf310e0f,3c5fef26,3d61c18c,1,27194611

8713,386,178,-70,-953,16369,-65,-3875,271,-1308,bf385099,bf3111d3,3c5ff97e,3d613837,bf385098,bf3111d4,3c5ff975,3d613830,1,27203130

8714,426,176,-92,-969,16450,-107,-3813,233,-1369,bf3850d8,bf31122c,3c608f3e,3d60b651,bf3850d6,bf31122c,3c608f34,3d60b649,1,27211648

8715,467,170,-138,-1227,16467,100,-3837,241,-1407,bf385526,bf310e45,3c60edd9,3d6038e8,bf385526,bf310e47,3c60edd1,3d6038e2,1,27220167

8716,448,187,-257,-810,16292,-52,-3837,241,-1407,bf385831,bf310c45,3c648a21,3d5f1307,bf385830,bf310c46,3c648a17,3d5f12ff,1,27228686

8717,413,160,-334,-808,16176,71,-3885,245,-1324,bf385912,bf310d22,3c686bb2,3d5d6994,bf385910,bf310d22,3c686ba7,3d5d698b,1,27237204

8718,398,142,-309,-827,16228,88,-3889,203,-1422,bf385a7a,bf310d37,3c6c06b8,3d5bef06,bf385a78,bf310d38,3c6c06ae,3d5beefe,1,27245723

8719,383,120,-267,-769,16163,83,-3889,203,-1422,bf385ad7,bf310e5e,3c6ed5db,3d5a80ed,bf385ad5,bf310e5f,3c6ed5d2,3d5a80e5,1,27254241

8720,374,108,-216,-764,16199,50,-3903,189,-1384,bf3859b4,bf311108,3c709002,3d592e60,bf3859b2,bf311109,3c708ffa,3d592e59,1,27262760

8721,391,105,-151,-835,16249,114,-3873,229,-1431,bf385a51,bf311188,3c713a0f,3d5834ce,bf385a50,bf311189,3c713a08,3d5834c7,1,27271279

8722,387,112,-119,-814,16171,172,-3853,241,-1428,bf385afd,bf3111d4,3c718ab2,3d575d41,bf385afc,bf3111d4,3c718aaa,3d575d3a,1,27279798

8723,359,117,-104,-856,16157,212,-3853,241,-1428,bf385a3c,bf311380,3c71933e,3d56a102,bf385a3b,bf311380,3c719336,3d56a0fb,1,27287816

8724,308,141,-100,-850,16165,231,-3897,229,-1372,bf38559b,bf311931,3c71ae75,3d55e5c7,bf38559b,bf311933,3c71ae6f,3d55e5c1,1,27296334

8725,264,181,-110,-815,16119,208,-3865,235,-1356,bf384e2a,bf3121a7,3c72a85b,3d553d28,bf384e28,bf3121a7,3c72a853,3d553d20,1,27304853

8726,224,207,-99,-878,16357,131,-3865,235,-1356,bf3843c9,bf312cec,3c73cbd5,3d54c2f3,bf3843c9,bf312cee,3c73cbcf,3d54c2ed,1,27313372

8727,186,218,-125,-833,16172,204,-3831,225,-1392,bf383898,bf3138ff,3c75c385,3d5441ef,bf383896,bf3138ff,3c75c37c,3d5441e6,1,27321890

8728,143,217,-149,-688,16026,215,-3857,227,-1370,bf382ad8,bf3147ef,3c7863ac,3d538496,bf382ad8,bf3147f1,3c7863a5,3d538490,1,27330409

8729,72,196,-89,-670,16100,192,-3857,227,-1370,bf3818a8,bf315b67,3c79f49f,3d52eaa9,bf3818a7,bf315b68,3c79f497,3d52eaa2,1,27338928

8730,26,190,-12,-732,16250,53,-3851,217,-1285,bf380182,bf3173dd,3c79f230,3d528b03,bf380180,bf3173de,3c79f227,3d528afb,1,27347446

8731,29,182,33,-766,16268,19,-3839,201,-1312,bf37eaa7,bf318bd0,3c7933b8,3d526124,bf37eaa6,bf318bd2,3c7933b0,3d52611c,1,27355965

8732,57,163,43,-804,16376,11,-3839,201,-1312,bf37d575,bf31a211,3c77e94b,3d5235a7,bf37d573,bf31a212,3c77e941,3d52359d,1,27364483

8733,82,142,37,-782,16287,26,-3825,229,-1332,bf37c238,bf31b667,3c767655,3d51f347,bf37c237,bf31b669,3c76764b,3d51f33e,1,27373002

8734,96,150,26,-777,16288,8,-3889,199,-1288,bf37af30,bf31ca97,3c751cf2,3d519d47,bf37af2f,bf31ca98,3c751ce6,3d519d3d,1,27381521

8735,111,145,40,-759,16211,58,-3873,181,-1329,bf379e0a,bf31dcb7,3c73aa59,3d515c42,bf379e09,bf31dcb8,3c73aa4d,3d515c38,1,27389539

8736,105,133,56,-777,16248,26,-3873,181,-1329,bf378c61,bf31ef5e,3c71c8b3,3d512349,bf378c61,bf31ef60,3c71c8a8,3d512340,1,27398057

8737,92,134,67,-803,16311,18,-3873,185,-1267,bf377922,bf3203b1,3c6f80db,3d50e5e4,bf377920,bf3203b1,3c6f80cd,3d50e5da,1,27406576

8738,109,121,60,-786,16187,90,-3867,191,-1319,bf376836,bf32159e,3c6d47c8,3d50a235,bf376835,bf32159f,3c6d47bb,3d50a22d,1,27415095

8739,100,120,71,-840,16285,90,-3867,191,-1319,bf3756cb,bf3227fc,3c6ac10e,3d5070f2,bf3756ca,bf3227fd,3c6ac101,3d5070ea,1,27423613

8740,74,116,69,-865,16328,76,-3879,219,-1375,bf3744a5,bf323b02,3c68594f,3d504efe,bf3744a3,bf323b02,3c685941,3d504ef5,1,27432132

8741,81,124,59,-839,16274,46,-3827,217,-1335,bf373263,bf324e2d,3c6633fe,3d501cf8,bf373261,bf324e2d,3c6633f0,3d501cef,1,27440651

8742,102,152,59,-844,16308,55,-3827,217,-1335,bf372184,bf325fc0,3c6472ea,3d5005f2,bf372183,bf325fc1,3c6472de,3d5005ea,1,27449170

8743,133,169,61,-841,16357,6,-3875,205,-1417,bf371379,bf326e27,3c6342e2,3d501c63,bf371377,bf326e27,3c6342d5,3d501c5a,1,27457688

8744,162,173,45,-865,16369,-56,-3925,211,-1357,bf37059b,bf327c86,3c61f86b,3d50133c,bf370599,bf327c86,3c61f85e,3d501333,1,27466207

8745,195,179,30,-841,16356,-27,-3925,211,-1357,bf36fa0f,bf32888b,3c6103af,3d4ffcc0,bf36fa0d,bf32888b,3c6103a2,3d4ffcb7,1,27474725

8746,223,178,9,-841,16329,-45,-3873,207,-1310,bf36efa8,bf329380,3c603586,3d4fc67e,bf36efa7,bf329381,3c60357c,3d4fc677,1,27483244

8747,240,160,-21,-833,16307,37,-3857,155,-1278,bf36e6c6,bf329d25,3c5f8027,3d4f5aa1,bf36e6c5,bf329d26,3c5f801d,3d4f5a9a,1,27491262

8748,227,139,-34,-856,16330,21,-3845,197,-1328,bf36ddd2,bf32a6ec,3c5ec3ff,3d4ee157,bf36ddd1,bf32a6ec,3c5ec3f4,3d4ee150,1,27499781

8749,225,123,-52,-1055,16408,123,-3845,197,-1328,bf36d58d,bf32b006,3c5d6513,3d4e6b34,bf36d58c,bf32b006,3c5d6508,3d4e6b2d,1,27508299

8750,207,127,-114,-820,16253,63,-3883,199,-1376,bf36cd00,bf32b9a2,3c5de80e,3d4da16f,bf36ccff,bf32b9a2,3c5de803,3d4da168,1,27516818

8751,190,125,-143,-868,16296,93,-3891,183,-1322,bf36c2e9,bf32c500,3c5e6e02,3d4caff8,bf36c2e8,bf32c500,3c5e6df7,3d4caff1,1,27525337

8752,182,140,-160,-809,16225,104,-3891,183,-1322,bf36b89f,bf32d08f,3c5f9590,3d4bb26e,bf36b89e,bf32d090,3c5f9586,3d4bb268,1,27533855

8753,171,147,-152,-802,16249,90,-3879,217,-1365,bf36ae57,bf32dbf3,3c60ea92,3d4ad16a,bf36ae56,bf32dbf4,3c60ea88,3d4ad164,1,27542374

8754,151,163,-145,-758,16297,33,-3813,235,-1301,bf36a17b,bf32e9fc,3c625850,3d49ece9,bf36a179,bf32e9fc,3c625845,3d49ece2,1,27550893

8755,160,173,-130,-756,16259,5,-3813,235,-1301,bf3694f4,bf32f78d,3c63b0cb,3d4922ae,bf3694f3,bf32f78f,3c63b0c2,3d4922a8,1,27559411

8756,191,177,-109,-728,16200,57,-3831,213,-1399,bf368c94,bf33009d,3c65405e,3d488f84,bf368c93,bf33009f,3c654055,3d488f7e,1,27567930

8757,185,179,-93,-732,16231,58,-3873,241,-1390,bf368371,bf330a6e,3c6677d0,3d480662,bf368370,bf330a70,3c6677c7,3d48065c,1,27576449

8758,168,177,-75,-735,16239,52,-3873,241,-1390,bf367940,bf331543,3c67634b,3d478e31,bf36793f,bf331546,3c676343,3d478e2b,1,27584467

8759,165,169,-56,-704,16262,8,-3849,253,-1379,bf366e58,bf3320d7,3c67fc11,3d4718e3,bf366e57,bf3320da,3c67fc09,3d4718dd,1,27592985

8760,167,160,-30,-694,16174,44,-3827,187,-1332,bf366336,bf332caa,3c67eb67,3d46a8c3,bf366334,bf332cac,3c67eb5f,3d46a8bc,1,27601504

8761,165,152,8,-702,16157,81,-3839,189,-1278,bf36572f,bf33396f,3c66e280,3d4642e7,bf36572d,bf333971,3c66e278,3d4642e0,1,27610022

8762,136,138,36,-761,16279,50,-3839,189,-1278,bf364926,bf33482e,3c651d2e,3d45f5b1,bf364923,bf33482f,3c651d25,3d45f5a9,1,27618541

8763,124,134,52,-780,16307,15,-3843,211,-1338,bf363b2d,bf3356b6,3c633dde,3d45cb88,bf363b2a,bf3356b7,3c633dd5,3d45cb80,1,27627060

8764,136,131,49,-785,16340,3,-3849,271,-1343,bf362dd5,bf3364a3,3c614d83,3d45995e,bf362dd2,bf3364a4,3c614d7a,3d459956,1,27635578

8765,141,126,31,-809,16299,58,-3849,271,-1343,bf362174,bf3371a4,3c5f6f64,3d455558,bf362173,bf3371a6,3c5f6f5d,3d455551,1,27644097

8766,139,129,22,-772,16272,20,-3833,229,-1326,bf3614a0,bf337f20,3c5de438,3d45038e,bf36149e,bf337f21,3c5de430,3d450386,1,27652616

8767,139,128,20,-815,16363,-61,-3791,193,-1404,bf36090c,bf338b21,3c5cbfef,3d44dc27,bf36090a,bf338b22,3c5cbfe7,3d44dc1f,1,27661134

8768,164,125,8,-732,16249,63,-3791,193,-1404,bf36006d,bf33943d,3c5bee61,3d449510,bf36006b,bf33943e,3c5bee59,3d449508,1,27669653

8769,168,122,11,-786,16348,-25,-3881,207,-1322,bf35f51b,bf33a03f,3c5a5e5b,3d443302,bf35f519,bf33a040,3c5a5e53,3d4432fa,1,27678172

8770,183,121,14,-745,16229,70,-3871,201,-1359,bf35ec81,bf33a971,3c58feda,3d43d8ef,bf35ec7f,bf33a972,3c58fed2,3d43d8e7,1,27686690

8771,175,110,17,-745,16177,111,-3871,201,-1359,bf35e3f5,bf33b2a3,3c5764f8,3d4376eb,bf35e3f4,bf33b2a4,3c5764f1,3d4376e4,1,27694708

8772,153,130,49,-757,16162,79,-3855,211,-1344,bf35d960,bf33bdb2,3c558cff,3d434476,bf35d95f,bf33bdb3,3c558cf8,3d43446f,1,27703227

8773,125,137,64,-780,16297,10,-3893,211,-1316,bf35cbcc,bf33cbbf,3c536e6d,3d431ddf,bf35cbca,bf33cbbe,3c536e65,3d431dd7,1,27711745

8774,111,134,64,-799,16306,31,-3849,207,-1364,bf35bee3,bf33d901,3c5182b4,3d430e48,bf35bee2,bf33d902,3c5182ae,3d430e41,1,27720264

8775,123,143,65,-810,16315,23,-3849,207,-1364,bf35b2b6,bf33e573,3c4fad79,3d430aac,bf35b2b5,bf33e574,3c4fad73,3d430aa5,1,27728783

8776,136,143,64,-805,16291,8,-3867,207,-1454,bf35a98f,bf33eea6,3c4e6831,3d432b6b,bf35a98d,bf33eea6,3c4e682a,3d432b63,1,27737301

8777,144,139,46,-820,16375,-60,-3879,193,-1383,bf359e74,bf33fa09,3c4ce662,3d431b2f,bf359e72,bf33fa09,3c4ce65b,3d431b27,1,27745820

8778,161,132,15,-813,16393,-71,-3879,193,-1383,bf35947e,bf340464,3c4bc5a3,3d42e57a,bf35947d,bf340465,3c4bc59d,3d42e573,1,27754338

8779,202,120,-9,-814,16384,-86,-3867,239,-1353,bf358c3f,bf340d37,3c4a978a,3d428093,bf358c3d,bf340d37,3c4a9783,3d42808b,1,27762857

8780,242,115,-36,-778,16276,4,-3891,223,-1385,bf35883d,bf3411d6,3c49ecb3,3d42023d,bf35883c,bf3411d7,3c49ecad,3d420235,1,27771375

8781,269,113,-43,-797,16312,12,-3891,223,-1385,bf3585fc,bf3414b4,3c493be0,3d418044,bf3585fa,bf3414b4,3c493bd9,3d41803d,1,27779894

8782,284,118,-40,-787,16291,26,-3895,205,-1334,bf35839b,bf3417c5,3c48504e,3d40f03b,bf358399,bf3417c6,3c485047,3d40f036,1,27788413

8783,289,127,-36,-762,16176,98,-3821,217,-1386,bf3583dc,bf341801,3c47db1d,3d408209,bf3583da,bf341802,3c47db16,3d408204,1,27796931

8784,268,131,-26,-774,16273,52,-3821,217,-1386,bf358247,bf341a07,3c475243,3d4023df,bf358246,bf341a09,3c47523d,3d4023db,1,27804949

8785,236,127,-21,-772,16224,81,-3825,173,-1394,bf357f7a,bf341d42,3c46c096,3d3fcc2b,bf357f77,bf341d42,3c46c08e,3d3fcc27,1,27813468

8786,221,121,-21,-799,16258,62,-3867,251,-1469,bf357d95,bf341f6e,3c46706f,3d3f91f3,bf357d93,bf341f6f,3c467069,3d3f91f0,1,27821987

8787,212,126,-17,-738,16190,78,-3865,255,-1345,bf3577c8,bf3425d8,3c45839d,3d3f17aa,bf3577c6,bf3425d9,3c458397,3d3f17a7,1,27830505

8788,184,124,-8,-769,16201,74,-3865,255,-1345,bf357049,bf342deb,3c4457e1,3d3eab51,bf357048,bf342ded,3c4457dc,3d3eab4f,1,27839024

8789,154,121,3,-772,16214,99,-3855,235,-1387,bf356898,bf343611,3c4342a4,3d3e5bab,bf356895,bf343612,3c43429d,3d3e5ba7,1,27847543

8790,124,115,13,-779,16270,59,-3843,189,-1360,bf355e1a,bf34410e,3c41e216,3d3e0a20,bf355e18,bf34410f,3c41e211,3d3e0a1c,1,27856061

8791,105,117,11,-797,16314,2,-3843,189,-1360,bf3551f7,bf344dac,3c409052,3d3dbd3a,bf3551f5,bf344dad,3c40904e,3d3dbd36,1,27864580

8792,121,109,13,-786,16363,-19,-3817,183,-1432,bf3548be,bf345738,3c3f9bf8,3d3d896a,bf3548bc,bf345739,3c3f9bf5,3d3d8966,1,27873099

8793,164,118,-6,-818,16384,-25,-3843,241,-1337,bf353f60,bf346121,3c3e477e,3d3d25b0,bf353f5e,bf346122,3c3e477b,3d3d25ac,1,27881617

8794,205,127,-19,-793,16330,14,-3843,241,-1337,bf353903,bf346807,3c3d4aa9,3d3cb95b,bf353901,bf346808,3c3d4aa6,3d3cb957,1,27890136

8795,227,134,-24,-777,16278,10,-3845,211,-1403,bf3535df,bf346b86,3c3cef15,3d3c6b74,bf3535dd,bf346b87,3c3cef12,3d3c6b70,1,27898154

8796,226,135,-33,-773,16303,29,-3883,201,-1356,bf35319a,bf34704c,3c3c6985,3d3bfe0a,bf353198,bf34704d,3c3c6982,3d3bfe06,1,27906673

8797,212,133,-28,-772,16257,85,-3883,201,-1356,bf352d35,bf34752f,3c3bc29e,3d3b92df,bf352d34,bf347531,3c3bc29e,3d3b92dd,1,27915191

8798,198,129,-28,-750,16225,77,-3835,221,-1399,bf352953,bf34797c,3c3b7324,3d3b352e,bf352950,bf34797c,3c3b7322,3d3b352a,1,27923710

8799,192,131,-30,-759,16222,54,-3815,211,-1368,bf3523fd,bf347f49,3c3b0311,3d3acf01,bf3523fb,bf347f4a,3c3b0311,3d3aceff,1,27932228

8800,179,143,-18,-776,16254,64,-3865,223,-1392,bf351e8d,bf34850a,3c3a9a04,3d3a89a5,bf351e8b,bf34850b,3c3a9a04,3d3a89a3,1,27940747

8801,174,148,-9,-778,16268,64,-3865,223,-1392,bf3518db,bf348b01,3c3a21a9,3d3a5253,bf3518da,bf348b03,3c3a21aa,3d3a5251,1,27949266

8802,164,152,-18,-726,16267,17,-3881,233,-1401,bf351251,bf3491da,3c3a1fba,3d3a0c9b,bf35124f,bf3491db,3c3a1fbb,3d3a0c99,1,27957784

8803,158,150,-2,-746,16221,103,-3843,211,-1362,bf350b83,bf3498f8,3c3988c3,3d39cb7e,bf350b81,bf3498f9,3c3988c4,3d39cb7c,1,27966303

8804,151,155,6,-810,16343,24,-3843,211,-1362,bf35034d,bf34a167,3c38bc2b,3d39a64d,bf35034c,bf34a169,3c38bc2e,3d39a64c,1,27974822

8805,142,154,-16,-808,16337,46,-3821,197,-1330,bf34fa35,bf34aad6,3c381f7b,3d395f72,bf34fa33,bf34aad8,3c381f7d,3d395f71,1,27983340

8806,140,155,-44,-812,16336,28,-3889,187,-1308,bf34f04f,bf34b535,3c37c064,3d38f2ca,bf34f04d,bf34b538,3c37c067,3d38f2c9,1,27991859

8807,165,157,-64,-794,16353,1,-3889,187,-1308,bf34e7cc,bf34be3e,3c37c342,3d387299,bf34e7ca,bf34be40,3c37c344,3d387297,1,27999877

8808,193,164,-81,-770,16275,23,-3867,243,-1378,bf34e331,bf34c342,3c3883db,3d3800dc,bf34e32e,bf34c343,3c3883dd,3d3800da,1,28008395

8809,207,157,-91,-732,16286,25,-3871,199,-1369,bf34df67,bf34c78a,3c396b0b,3d37759e,bf34df65,bf34c78b,3c396b0d,3d37759c,1,28016914

8810,201,155,-84,-691,16202,17,-3871,199,-1369,bf34db39,bf34cc3a,3c3a5316,3d36e760,bf34db37,bf34cc3c,3c3a5317,3d36e760,1,28025433

8811,192,143,-55,-703,16210,35,-3851,217,-1320,bf34d54b,bf34d2bb,3c3a4589,3d365821,bf34d549,bf34d2bd,3c3a458a,3d365821,1,28033951

8812,170,125,-28,-703,16226,70,-3773,237,-1393,bf34d0d8,bf34d791,3c3a13ed,3d35f606,bf34d0d6,bf34d793,3c3a13ee,3d35f606,1,28042470

8813,140,127,-9,-685,16216,23,-3805,237,-1359,bf34c8d6,bf34e001,3c397a75,3d3592d7,bf34c8d4,bf34e003,3c397a76,3d3592d7,1,28050988

8814,131,121,14,-727,16256,28,-3805,237,-1359,bf34c057,bf34e8db,3c384d9a,3d3549bc,bf34c056,bf34e8de,3c384d9c,3d3549bd,1,28059507

8815,129,117,31,-734,16296,24,-3873,225,-1343,bf34b720,bf34f273,3c36a350,3d3502bb,bf34b71e,bf34f275,3c36a350,3d3502bc,1,28068026

8816,121,117,38,-748,16282,17,-3885,235,-1337,bf34ad32,bf34fcbc,3c34c4a6,3d34c18a,bf34ad31,bf34fcbe,3c34c4a7,3d34c18c,1,28076544

8817,127,114,35,-753,16292,22,-3885,235,-1337,bf34a3d4,bf35067a,3c32e1bf,3d347bd2,bf34a3d3,bf35067c,3c32e1c0,3d347bd4,1,28085063

8818,132,112,29,-756,16272,43,-3859,173,-1358,bf349c00,bf350e9c,3c3144f0,3d343fd7,bf349bff,bf350e9d,3c3144f0,3d343fd8,1,28093582

8819,119,117,29,-765,16330,3,-3833,211,-1320,bf3491d8,bf35191f,3c2f844d,3d33f947,bf3491d7,bf351921,3c2f844d,3d33f948,1,28102100

8820,131,121,26,-759,16260,32,-3833,211,-1320,bf3488e4,bf35226d,3c2ddb51,3d33b2b3,bf3488e3,bf35226f,3c2ddb51,3d33b2b4,1,28110118

8821,149,117,25,-766,16336,7,-3795,211,-1412,bf3483d6,bf3527a3,3c2cc715,3d339633,bf3483d4,bf3527a4,3c2cc714,3d339633,1,28118637

8822,167,131,31,-755,16267,13,-3855,227,-1397,bf347f4b,bf352c51,3c2ba654,3d337e9d,bf347f49,bf352c52,3c2ba653,3d337e9d,1,28127156

8823,176,132,27,-760,16318,6,-3855,227,-1397,bf347b45,bf35307f,3c2a969b,3d33650c,bf347b43,bf353080,3c2a969a,3d33650c,1,28135674

8824,169,128,15,-759,16290,10,-3855,199,-1297,bf3473fa,bf35382c,3c29110e,3d3310f2,bf3473f7,bf35382c,3c29110d,3d3310f2,1,28144193

8825,165,113,1,-765,16325,-1,-3833,235,-1312,bf346cd3,bf353fc7,3c2796f4,3d32a7af,bf346cd2,bf353fc9,3c2796f6,3d32a7b2,1,28152711

8826,173,110,-10,-745,16280,6,-3877,189,-1343,bf346758,bf3545b7,3c2679fd,3d323b2b,bf346756,bf3545b8,3c2679fe,3d323b2d,1,28161230

8827,175,114,-12,-733,16243,15,-3877,189,-1343,bf346233,bf354b4f,3c257c8b,3d31ce5c,bf346231,bf354b50,3c257c8c,3d31ce5e,1,28169749

8828,169,122,-1,-694,16125,90,-3871,191,-1365,bf345e96,bf354f4b,3c24b51f,3d31741f,bf345e94,bf354f4c,3c24b520,3d317421,1,28178267

8829,123,126,27,-716,16210,89,-3869,235,-1330,bf3456e0,bf355755,3c234012,3d3128bf,bf3456de,bf355756,3c234013,3d3128c1,1,28186786

8830,96,125,48,-759,16287,27,-3869,235,-1330,bf344caf,bf3561bd,3c2160d8,3d30fbd5,bf344cad,bf3561be,3c2160d9,3d30fbd7,1,28195304

8831,80,126,55,-773,16272,20,-3885,207,-1347,bf344220,bf356c6f,3c1f836e,3d30e332,bf34421e,bf356c70,3c1f836f,3d30e335,1,28203823

8832,72,114,52,-783,16353,-47,-3849,219,-1367,bf343702,bf3577ab,3c1db5c0,3d30c9ff,bf343701,bf3577ae,3c1db5c3,3d30ca04,1,28211841

8833,97,110,40,-779,16351,-70,-3849,219,-1367,bf342d44,bf358197,3c1c0b28,3d30a140,bf342d42,bf358198,3c1c0b2a,3d30a145,1,28220359

8834,134,124,25,-776,16344,-66,-3845,203,-1411,bf342782,bf35876e,3c1b2117,3d308e0a,bf34277f,bf35876e,3c1b2119,3d308e0e,1,28228878

8835,166,125,18,-748,16297,-19,-3889,221,-1435,bf342555,bf3589b4,3c1a8df0,3d307786,bf342553,bf3589b4,3c1a8df3,3d30778a,1,28237397

8836,171,125,12,-783,16351,-45,-3889,221,-1435,bf34230b,bf358c14,3c19ef2e,3d30647f,bf34230a,bf358c15,3c19ef32,3d306483,1,28245915

8837,187,130,10,-774,16323,-47,-3845,243,-1383,bf341fdf,bf358f70,3c190d26,3d30391b,bf341fde,bf358f71,3c190d2b,3d30391f,1,28254434

8838,216,130,4,-768,16311,-40,-3881,247,-1343,bf341d2f,bf359270,3c17ed10,3d2ff067,bf341d2e,bf359271,3c17ed15,3d2ff06b,1,28262953

8839,242,127,0,-770,16291,-14,-3881,247,-1343,bf341c79,bf35937f,3c16c4d7,3d2fa1d1,bf341c78,bf359380,3c16c4dc,3d2fa1d5,1,28271471

8840,249,123,2,-747,16242,15,-3867,239,-1384,bf341e25,bf359221,3c15e9e2,3d2f61e2,bf341e23,bf359221,3c15e9e6,3d2f61e6,1,28279990

8841,248,129,7,-737,16199,59,-3823,229,-1353,bf341f5b,bf35913b,3c14eb3f,3d2f1e8a,bf341f5a,bf35913b,3c14eb43,3d2f1e8e,1,28288509

8842,226,132,22,-757,16256,53,-3851,225,-1424,bf3421d5,bf358eda,3c143a76,3d2f13af,bf3421d4,bf358eda,3c143a7a,3d2f13b3,1,28297027

8843,197,123,33,-765,16240,70,-3851,225,-1424,bf3422cf,bf358df5,3c1339e3,3d2f0c91,bf3422ce,bf358df5,3c1339e7,3d2f0c95,1,28305045

8844,167,113,38,-665,16193,-12,-3855,211,-1391,bf341f65,bf35919a,3c123451,3d2ed564,bf341f64,bf35919a,3c123455,3d2ed568,1,28313564

8845,155,96,83,-897,16301,113,-3857,239,-1406,bf341da0,bf35935b,3c0f5793,3d2efd3c,bf341d9f,bf35935b,3c0f5797,3d2efd40,1,28322082

8846,132,94,100,-784,16255,15,-3857,239,-1406,bf3418de,bf35981d,3c0cc70c,3d2f1228,bf3418de,bf35981e,3c0cc711,3d2f122d,1,28330601

8847,115,98,74,-802,16303,5,-3847,213,-1371,bf3411d6,bf359f41,3c0a67b4,3d2f05b0,bf3411d5,bf359f41,3c0a67b8,3d2f05b4,1,28339119

8848,131,101,69,-785,16300,1,-3885,245,-1359,bf340b4b,bf35a5f6,3c080f1b,3d2ee7a1,bf340b4a,bf35a5f7,3c080f21,3d2ee7a6,1,28347638

8849,149,119,68,-803,16308,1,-3885,245,-1359,bf3405e7,bf35ab6e,3c05ebfc,3d2ede66,bf3405e8,bf35ab70,3c05ec03,3d2ede6c,1,28356157

8850,159,120,56,-787,16278,-1,-3821,225,-1404,bf34030f,bf35ae4d,3c047b77,3d2ee3b2,bf34030f,bf35ae4d,3c047b7d,3d2ee3b6,1,28364675

8851,153,118,43,-854,16389,-4,-3823,185,-1444,bf340181,bf35afc9,3c03521d,3d2f01bd,bf340180,bf35afc9,3c035222,3d2f01c0,1,28373194

8852,170,112,17,-830,16356,-36,-3823,185,-1444,bf34008e,bf35b0c9,3c028ea4,3d2efa9e,bf34008d,bf35b0c9,3c028ea9,3d2efaa1,1,28381713

8853,202,120,-6,-812,16354,-41,-3821,205,-1391,bf33ff77,bf35b218,3c01dfd2,3d2ec4e6,bf33ff77,bf35b219,3c01dfd7,3d2ec4ea,1,28390232

8854,228,121,-24,-805,16359,-33,-3835,231,-1465,bf34031c,bf35ae99,3c0215e4,3d2ea3a3,bf34031b,bf35ae99,3c0215e9,3d2ea3a6,1,28398750

8855,253,111,-42,-783,16302,-2,-3849,251,-1367,bf3404cc,bf35ad66,3c019868,3d2e2c1d,bf3404cc,bf35ad67,3c01986e,3d2e2c21,1,28407269

8856,269,119,-46,-777,16262,33,-3849,251,-1367,bf3407ff,bf35aaae,3c01437d,3d2db7a5,bf3407fd,bf35aaae,3c014382,3d2db7a8,1,28415287

8857,273,123,-50,-777,16240,66,-3811,213,-1373,bf340c46,bf35a6d9,3c0125ee,3d2d4c56,bf340c45,bf35a6da,3c0125f4,3d2d4c5a,1,28423805

8858,248,119,-44,-761,16223,83,-3829,187,-1409,bf3410c1,bf35a2bd,3c013dfb,3d2cf19a,bf3410bf,bf35a2bd,3c013e00,3d2cf19d,1,28432324

8859,211,132,-36,-778,16225,73,-3829,187,-1409,bf3412bc,bf35a103,3c015c6f,3d2cafa4,bf3412bb,bf35a104,3c015c76,3d2cafa8,1,28440843

8860,192,128,-31,-774,16268,81,-3841,245,-1414,bf3413e0,bf35a021,3c015eac,3d2c6c52,bf3413df,bf35a021,3c015eb4,3d2c6c56,1,28449361

8861,176,137,-34,-917,16366,82,-3863,241,-1424,bf341454,bf359fc2,3c010279,3d2c5bea,bf341453,bf359fc2,3c010281,3d2c5bee,1,28457880

8862,161,164,-80,-772,16290,18,-3863,241,-1424,bf341305,bf35a147,3c0267c4,3d2c1041,bf341304,bf35a148,3c0267cd,3d2c1046,1,28466399

8863,160,161,-91,-787,16312,31,-3813,201,-1406,bf341148,bf35a344,3c03c3a3,3d2bb757,bf341147,bf35a345,3c03c3ad,3d2bb75c,1,28474917

8864,163,169,-88,-766,16229,47,-3789,239,-1385,bf340f2d,bf35a5a3,3c051292,3d2b5a1f,bf340f2c,bf35a5a3,3c05129c,3d2b5a24,1,28483436

8865,151,177,-95,-726,16252,4,-3789,239,-1385,bf340bc1,bf35a953,3c06c834,3d2af460,bf340bc1,bf35a953,3c06c83f,3d2af466,1,28491955

8866,156,183,-86,-739,16255,10,-3849,197,-1370,bf34081f,bf35ad32,3c083bc0,3d2a9878,bf34081f,bf35ad32,3c083bcb,3d2a987d,1,28500473

8867,143,176,-77,-726,16270,6,-3783,209,-1438,bf34067d,bf35aeed,3c0a1a1b,3d2a61c6,bf34067c,bf35aeec,3c0a1a27,3d2a61c9,1,28508992

8868,146,168,-73,-721,16288,-27,-3833,167,-1436,bf340450,bf35b13a,3c0bc347,3d2a2422,bf340450,bf35b139,3c0bc354,3d2a2426,1,28517010

8869,166,168,-61,-723,16289,-6,-3833,167,-1436,bf3403ad,bf35b1f8,3c0d3387,3d29f3ae,bf3403ad,bf35b1f6,3c0d3394,3d29f3b1,1,28525528

8870,171,161,-57,-722,16288,-38,-3811,231,-1372,bf340050,bf35b593,3c0defac,3d299f70,bf340050,bf35b591,3c0defb9,3d299f73,1,28534047

8871,184,154,-52,-704,16259,1,-3847,233,-1413,bf33ffeb,bf35b62e,3c0ed328,3d29578d,bf33ffec,bf35b62d,3c0ed336,3d295791,1,28542565

8872,187,141,-41,-700,16263,-33,-3847,233,-1413,bf33ff1b,bf35b73a,3c0f5e46,3d290d8d,bf33ff1c,bf35b738,3c0f5e53,3d290d90,1,28551084

8873,190,144,-18,-673,16217,8,-3821,197,-1327,bf33fc03,bf35baa3,3c0f19c0,3d28b0f8,bf33fc04,bf35baa1,3c0f19cd,3d28b0fb,1,28559603

8874,194,130,5,-688,16231,29,-3857,237,-1324,bf33f934,bf35bdca,3c0e195e,3d28583b,bf33f936,bf35bdc9,3c0e196c,3d28583f,1,28568121

8875,186,130,19,-709,16233,13,-3857,237,-1324,bf33f5aa,bf35c19b,3c0cd257,3d2812cd,bf33f5ac,bf35c19a,3c0cd265,3d2812d1,1,28576640

8876,169,130,31,-739,16274,38,-3819,167,-1395,bf33f447,bf35c30f,3c0be215,3d280a41,bf33f448,bf35c30d,3c0be223,3d280a44,1,28585159

8877,164,134,33,-750,16283,35,-3829,235,-1438,bf33f459,bf35c2f3,3c0b412e,3d281e0c,bf33f45a,bf35c2f0,3c0b413b,3d281e0f,1,28593677

8878,156,140,30,-736,16252,8,-3829,235,-1438,bf33f375,bf35c3c9,3c0ad59d,3d283072,bf33f376,bf35c3c7,3c0ad5aa,3d283075,1,28602196

8879,145,150,30,-741,16279,7,-3799,243,-1386,bf33efc0,bf35c77a,3c0a22b9,3d283251,bf33efc2,bf35c778,3c0a22c6,3d283255,1,28610715

8880,133,140,36,-729,16284,2,-3879,151,-1409,bf33ec2f,bf35cb05,3c09729e,3d283837,bf33ec30,bf35cb02,3c0972ab,3d28383b,1,28618732

8881,129,138,44,-731,16303,-33,-3853,229,-1377,bf33e68e,bf35d0aa,3c08569f,3d283150,bf33e690,bf35d0a8,3c0856ad,3d283156,1,28627251

8882,145,130,43,-725,16275,6,-3853,229,-1377,bf33e29d,bf35d4af,3c072092,3d282030,bf33e29f,bf35d4ac,3c0720a0,3d282035,1,28635770

8883,149,128,49,-735,16278,2,-3817,197,-1447,bf33e1e2,bf35d556,3c066a7f,3d283e81,bf33e1e4,bf35d553,3c066a8d,3d283e86,1,28644288

8884,140,127,43,-733,16264,5,-3859,201,-1413,bf33df2b,bf35d80d,3c0575e3,3d284065,bf33df2d,bf35d80c,3c0575f1,3d28406a,1,28652807

8885,138,128,45,-754,16293,-2,-3859,201,-1413,bf33dc3c,bf35daf8,3c046ac1,3d284a6f,bf33dc3d,bf35daf5,3c046acd,3d284a73,1,28661325

8886,150,134,47,-730,16271,-20,-3831,233,-1390,bf33d8da,bf35de5c,3c0358cd,3d2849ad,bf33d8dd,bf35de5b,3c0358da,3d2849b2,1,28669844

8887,153,133,59,-723,16237,3,-3833,217,-1341,bf33d434,bf35e315,3c01bf6d,3d2839fe,bf33d436,bf35e313,3c01bf79,3d283a02,1,28678363

8888,162,137,70,-653,16268,-66,-3833,217,-1341,bf33cf2f,bf35e82d,3c005afe,3d2827d9,bf33cf31,bf35e82b,3c005b09,3d2827dd,1,28686881

8889,149,122,83,-828,16298,35,-3853,207,-1350,bf33cb1c,bf35ec38,3bfbc1b7,3d284222,bf33cb1e,bf35ec36,3bfbc1cd,3d284226,1,28695400

8890,142,112,63,-798,16367,-38,-3873,189,-1412,bf33c803,bf35ef47,3bf87015,3d2856c9,bf33c804,bf35ef45,3bf8702a,3d2856cc,1,28703919

8891,153,115,35,-828,16366,-27,-3873,189,-1412,bf33c5e2,bf35f16b,3bf5ca78,3d285bdf,bf33c5e3,bf35f169,3bf5ca8d,3d285be2,1,28711936

8892,165,117,-1,-801,16377,-56,-3839,229,-1388,bf33c33c,bf35f43e,3bf4273a,3d282c39,bf33c33d,bf35f43c,3bf4274f,3d282c3c,1,28720956

8893,183,113,-32,-798,16326,-48,-3841,183,-1439,bf33c412,bf35f39a,3bf4351c,3d27f8d3,bf33c413,bf35f398,3bf43530,3d27f8d6,1,28728974

8894,203,107,-48,-750,16330,-62,-3831,197,-1444,bf33c62d,bf35f1cc,3bf50909,3d27a65e,bf33c62e,bf35f1ca,3bf5091b,3d27a661,1,28737493

8895,219,107,-52,-752,16336,-36,-3831,197,-1444,bf33c9b3,bf35ee9b,3bf5e9e0,3d2751a4,bf33c9b4,bf35ee99,3bf5e9f1,3d2751a7,1,28746011

8896,231,105,-63,-742,16335,-61,-3837,179,-1450,bf33cdba,bf35eaf1,3bf737ba,3d26f1ac,bf33cdbc,bf35eaef,3bf737ca,3d26f1af,1,28754530

8897,255,108,-61,-731,16285,-27,-3805,209,-1381,bf33d0eb,bf35e83e,3bf7642f,3d26723b,bf33d0ec,bf35e83b,3bf7643f,3d26723d,1,28763048

8898,276,113,-58,-744,16278,6,-3805,209,-1381,bf33d5d6,bf35e3ca,3bf76f1e,3d25feb0,bf33d5d7,bf35e3c7,3bf76f2e,3d25feb2,1,28771567

8899,277,119,-55,-753,16241,41,-3849,165,-1380,bf33db44,bf35decc,3bf76624,3d259621,bf33db46,bf35deca,3bf76635,3d259624,1,28780086

8900,269,129,-52,-744,16280,32,-3863,179,-1314,bf33dd85,bf35dd09,3bf6af60,3d2515b0,bf33dd87,bf35dd07,3bf6af70,3d2515b3,1,28788604

8901,249,123,-51,-779,16307,26,-3863,179,-1314,bf33de71,bf35dc95,3bf5867d,3d249998,bf33de74,bf35dc93,3bf5868e,3d24999b,1,28797123

8902,255,119,-58,-771,16307,30,-3845,217,-1418,bf33e3d8,bf35d786,3bf5ff5c,3d24464a,bf33e3db,bf35d784,3bf5ff6c,3d24464d,1,28805641

8903,250,122,-73,-884,16353,105,-3805,211,-1484,bf33ed83,bf35cdff,3bf7451a,3d2434a8,bf33ed85,bf35cdfc,3bf74527,3d2434aa,1,28814160

8904,227,144,-126,-728,16338,-15,-3805,211,-1484,bf33f379,bf35c854,3bfc3e65,3d23d345,bf33f37b,bf35c851,3bfc3e70,3d23d347,1,28822178

8905,211,157,-199,-704,16220,14,-3819,221,-1319,bf33f25a,bf35ca31,3c008d16,3d22de3c,bf33f25d,bf35ca2f,3c008d1c,3d22de3f,1,28830696

8906,216,156,-193,-660,16210,27,-3805,225,-1377,bf33f3ec,bf35c948,3c036fd9,3d220141,bf33f3ef,bf35c945,3c036fdf,3d220143,1,28839215

8907,199,146,-172,-626,16188,9,-3799,227,-1366,bf33f3b6,bf35ca27,3c05e583,3d21232d,bf33f3b8,bf35ca24,3c05e588,3d21232d,1,28847733

8908,178,140,-135,-575,16162,13,-3799,227,-1366,bf33f23e,bf35cc39,3c07e75f,3d20570e,bf33f23f,bf35cc35,3c07e763,3d20570d,1,28856252

8909,168,139,-80,-643,16198,49,-3807,209,-1373,bf33f0d5,bf35ce05,3c08d565,3d1fd4d9,bf33f0d7,bf35ce03,3c08d569,3d1fd4d9,1,28864771

8910,150,138,-49,-643,16233,22,-3827,153,-1379,bf33ee18,bf35d106,3c095ec4,3d1f74f2,bf33ee19,bf35d104,3c095ec6,3d1f74f1,1,28873289

8911,138,126,-28,-650,16276,-4,-3827,153,-1379,bf33ea35,bf35d52a,3c0966de,3d1f1fda,bf33ea36,bf35d528,3c0966e0,3d1f1fd9,1,28881808

8912,143,124,-6,-643,16258,3,-3827,195,-1416,bf33e830,bf35d757,3c095e0c,3d1eecdd,bf33e830,bf35d754,3c095e0e,3d1eecdb,1,28890327

8913,145,125,14,-654,16274,4,-3789,201,-1359,bf33e408,bf35dbac,3c089312,3d1eb6d1,bf33e409,bf35dba9,3c089315,3d1eb6d0,1,28898846

8914,140,117,28,-658,16221,27,-3789,201,-1359,bf33dff7,bf35dfea,3c076df4,3d1e87d2,bf33dff8,bf35dfe8,3c076df8,3d1e87d0,1,28907364

8915,137,124,50,-659,16240,11,-3847,209,-1329,bf33da47,bf35e5bd,3c05caa9,3d1e613f,bf33da49,bf35e5bc,3c05caad,3d1e613f,1,28915883

8916,140,131,63,-668,16270,-25,-3813,227,-1366,bf33d5a1,bf35ea66,3c0456b0,3d1e637c,bf33d5a2,bf35ea64,3c0456b4,3d1e637c,1,28924401

8917,149,139,75,-688,16311,-41,-3813,227,-1366,bf33d147,bf35eead,3c02c2d7,3d1e7d7e,bf33d148,bf35eeab,3c02c2db,3d1e7d7d,1,28932419

8918,159,136,75,-636,16289,-74,-3819,171,-1304,bf33cb26,bf35f4dc,3c00fdf2,3d1e6fc1,bf33cb27,bf35f4da,3c00fdf6,3d1e6fc0,1,28940938

8919,192,124,95,-799,16347,19,-3855,187,-1404,bf33cbe8,bf35f3f2,3bfd6338,3d1ebfa5,bf33cbe8,bf35f3ef,3bfd633f,3d1ebfa2,1,28949456

8920,197,125,90,-769,16313,21,-3859,177,-1385,bf33cc3e,bf35f384,3bf8f5cf,3d1ef845,bf33cc3f,bf35f381,3bf8f5d7,3d1ef843,1,28957975

8921,182,141,62,-745,16299,30,-3859,177,-1385,bf33cbf3,bf35f3bd,3bf61946,3d1f1e12,bf33cbf4,bf35f3ba,3bf6194e,3d1f1e10,1,28966494

8922,175,141,37,-713,16263,17,-3853,223,-1386,bf33cb25,bf35f48d,3bf43e36,3d1f2188,bf33cb26,bf35f48a,3bf43e3e,3d1f2186,1,28975012

8923,149,151,27,-708,16242,5,-3805,207,-1340,bf33c6e7,bf35f8d8,3bf28443,3d1f106f,bf33c6e9,bf35f8d6,3bf2844d,3d1f106f,1,28983531

8924,151,139,31,-697,16238,11,-3805,207,-1340,bf33c2f0,bf35fce5,3bf0684a,3d1ef4c3,bf33c2f2,bf35fce2,3bf06853,3d1ef4c3,1,28992049

8925,136,134,45,-686,16262,-13,-3811,217,-1299,bf33bc49,bf3603ac,3bed4faa,3d1eca75,bf33bc4b,bf3603a9,3bed4fb3,3d1eca75,1,29000568

8926,128,128,61,-578,16211,-101,-3805,221,-1411,bf33b814,bf3607dd,3bec2ea0,3d1ec444,bf33b817,bf3607db,3bec2ea9,3d1ec444,1,29009087

8927,140,99,106,-743,16315,-17,-3805,221,-1411,bf33b5d8,bf3609ff,3be7772e,3d1ef8a5,bf33b5da,bf3609fc,3be77735,3d1ef8a4,1,29017605

8928,132,97,109,-770,16374,-51,-3813,211,-1311,bf33aec6,bf361112,3be1090f,3d1f007e,bf33aec9,bf361110,3be10917,3d1f007e,1,29026124

8929,156,104,82,-756,16325,-42,-3811,209,-1377,bf33abe5,bf3613f0,3bdc9f10,3d1f12cf,bf33abe8,bf3613ee,3bdc9f17,3d1f12cf,1,29034142

8930,176,105,56,-774,16362,-47,-3811,209,-1377,bf33aa41,bf3615a1,3bd8e36e,3d1f1164,bf33aa42,bf36159e,3bd8e374,3d1f1163,1,29042661

8931,187,109,34,-782,16355,4,-3855,197,-1316,bf33a7da,bf36183e,3bd4e5fc,3d1edf91,bf33a7db,bf36183b,3bd4e602,3d1edf90,1,29051179

8932,193,109,6,-777,16357,-56,-3799,197,-1290,bf33a446,bf361c1e,3bd1b2fc,3d1e8acb,bf33a447,bf361c1b,3bd1b302,3d1e8aca,1,29059698

8933,217,111,-10,-758,16321,-12,-3823,225,-1397,bf33a6e0,bf3619c0,3bd07bfd,3d1e5662,bf33a6e2,bf3619bf,3bd07c03,3d1e5662,1,29068217

8934,230,105,-20,-759,16326,-16,-3823,225,-1397,bf33aa30,bf3616bc,3bcf5d2c,3d1e1333,bf33aa31,bf3616ba,3bcf5d31,3d1e1332,1,29076735

8935,245,105,-35,-757,16313,3,-3853,251,-1319,bf33ab8e,bf3615d9,3bcd55e5,3d1d946f,bf33ab8f,bf3615d8,3bcd55eb,3d1d946f,1,29085254

8936,252,104,-44,-739,16256,29,-3863,213,-1351,bf33af17,bf3612cb,3bcc2a8f,3d1d1b1a,bf33af18,bf3612ca,3bcc2a95,3d1d1b1a,1,29093772

8937,239,110,-50,-722,16272,4,-3863,213,-1351,bf33b16b,bf3610ec,3bcb887a,3d1c9dc3,bf33b16c,bf3610eb,3bcb887e,3d1c9dc3,1,29102291

8938,231,109,-58,-727,16266,11,-3859,227,-1387,bf33b4dc,bf360de7,3bcb9e84,3d1c2c93,bf33b4de,bf360de7,3bcb9e89,3d1c2c94,1,29110810

8939,214,100,-57,-740,16305,0,-3827,215,-1338,bf33b51e,bf360e25,3bcaa79e,3d1ba085,bf33b51e,bf360e23,3bcaa7a0,3d1ba084,1,29119328

8940,214,107,-74,-743,16312,6,-3827,215,-1338,bf33b586,bf360e3d,3bca5cea,3d1b0c88,bf33b586,bf360e3c,3bca5ced,3d1b0c88,1,29127346

8941,215,118,-83,-871,16376,107,-3811,213,-1347,bf33b7f4,bf360c34,3bc9a9d2,3d1aa2ab,bf33b7f4,bf360c33,3bc9a9d6,3d1aa2ab,1,29135865

8942,207,144,-141,-729,16332,-4,-3863,235,-1360,bf33b8c7,bf360be6,3bccc7a7,3d19f7f1,bf33b8c7,bf360be5,3bccc7ab,3d19f7f1,1,29144384

8943,211,141,-162,-710,16304,2,-3863,235,-1360,bf33ba05,bf360b41,3bd0867b,3d19333f,bf33ba05,bf360b41,3bd0867f,3d19333f,1,29152902

8944,209,147,-174,-712,16314,11,-3873,209,-1320,bf33b9ce,bf360c1d,3bd42d23,3d1857d0,bf33b9ce,bf360c1d,3bd42d27,3d1857d0,1,29161421

8945,218,145,-185,-642,16298,-8,-3841,207,-1330,bf33ba55,bf360c4b,3bd8d1c6,3d1767ec,bf33ba55,bf360c4b,3bd8d1ca,3d1767ec,1,29169940

8946,238,149,-167,-615,16226,4,-3853,219,-1433,bf33c083,bf3606a2,3bdee2cb,3d16bc5b,bf33c083,bf3606a2,3bdee2cf,3d16bc5a,1,29178458

8947,251,154,-139,-605,16208,15,-3853,219,-1433,bf33c77e,bf360016,3be43e25,3d162f5e,bf33c77d,bf360015,3be43e28,3d162f5d,1,29186977

8948,248,156,-98,-575,16165,3,-3829,231,-1469,bf33cf9c,bf35f840,3be96ac4,3d15d9c7,bf33cf9b,bf35f83f,3be96ac7,3d15d9c6,1,29195496

8949,245,144,-57,-584,16179,33,-3887,199,-1383,bf33d3d1,bf35f464,3beb189f,3d1570f1,bf33d3d0,bf35f463,3beb18a2,3d1570f0,1,29204014

8950,225,136,-15,-593,16158,75,-3887,199,-1383,bf33d76b,bf35f10e,3beb2d07,3d152aff,bf33d76b,bf35f10e,3beb2d0c,3d152aff,1,29212533

8951,195,131,23,-605,16193,43,-3857,235,-1320,bf33d5ec,bf35f2ca,3be8e73a,3d14e741,bf33d5ed,bf35f2ca,3be8e73f,3d14e741,1,29221051

8952,172,138,46,-658,16255,41,-3839,221,-1413,bf33d6d1,bf35f1db,3be7590c,3d1501ac,bf33d6d2,bf35f1db,3be75910,3d1501ac,1,29229570

8953,155,136,62,-668,16279,31,-3839,221,-1413,bf33d66f,bf35f225,3be5382f,3d152b3f,bf33d670,bf35f225,3be53834,3d152b3e,1,29237588

8954,147,121,62,-660,16290,23,-3831,193,-1359,bf33d331,bf35f56e,3be1eadb,3d152851,bf33d330,bf35f56c,3be1eadd,3d15284f,1,29246106

8955,156,118,69,-455,16166,-101,-3853,197,-1345,bf33ce37,bf35fa90,3bdfc040,3d14ef44,bf33ce36,bf35fa8f,3bdfc042,3d14ef43,1,29254625

8956,180,104,116,-694,16247,50,-3853,197,-1345,bf33ccc9,bf35fbfd,3bd9bc98,3d150fba,bf33ccc9,bf35fbfd,3bd9bc9b,3d150fba,1,29263143

8957,161,99,136,-678,16231,36,-3865,169,-1360,bf33ca98,bf35fe1d,3bd3742f,3d1541ca,bf33ca98,bf35fe1d,3bd37433,3d1541ca,1,29271662

8958,141,98,139,-710,16287,35,-3845,249,-1366,bf33c764,bf360134,3bccdc9d,3d157c22,bf33c764,bf360134,3bccdca1,3d157c22,1,29280181

8959,127,107,143,-747,16329,47,-3863,235,-1402,bf33c52b,bf36032f,3bc6c854,3d15e039,bf33c52b,bf36032f,3bc6c858,3d15e039,1,29288699

8960,121,111,121,-770,16351,31,-3863,235,-1402,bf33c25e,bf3605c1,3bc15e3d,3d163801,bf33c25e,bf3605c1,3bc15e41,3d163801,1,29297218

8961,114,125,80,-759,16348,7,-3839,215,-1433,bf33c051,bf360795,3bbe69dd,3d1685ab,bf33c051,bf360795,3bbe69e1,3d1685ab,1,29305737

8962,140,144,61,-727,16358,-42,-3817,287,-1347,bf33bb61,bf360c74,3bbb5bcc,3d1696b8,bf33bb60,bf360c73,3bbb5bce,3d1696b7,1,29314255

8963,171,146,52,-729,16317,-43,-3817,287,-1347,bf33b860,bf360f6c,3bb894d7,3d16a210,bf33b860,bf360f6b,3bb894d9,3d16a210,1,29322774

8964,185,142,38,-702,16290,0,-3839,279,-1414,bf33b9f0,bf360dd3,3bb77268,3d16b9e3,bf33b9f0,bf360dd2,3bb7726a,3d16b9e3,1,29331293

8965,190,135,28,-686,16279,-5,-3779,227,-1431,bf33bc8c,bf360b33,3bb7006f,3d16cb13,bf33bc8c,bf360b32,3bb70071,3d16cb13,1,29339311

8966,181,130,23,-670,16240,4,-3779,227,-1431,bf33bec8,bf3608fe,3bb6b37c,3d16ce50,bf33bec8,bf3608fd,3bb6b37e,3d16ce50,1,29347829

8967,171,120,39,-682,16253,5,-3827,211,-1416,bf33bf99,bf360833,3bb534b8,3d16cfe8,bf33bf99,bf360832,3bb534ba,3d16cfe8,1,29356348

8968,173,114,53,-696,16266,6,-3859,261,-1349,bf33bd97,bf360a54,3bb1b759,3d16b327,bf33bd97,bf360a53,3bb1b75b,3d16b327,1,29364866

8969,166,103,65,-688,16241,5,-3859,261,-1349,bf33bb2b,bf360ce1,3bada363,3d169500,bf33bb2c,bf360ce1,3bada365,3d169501,1,29373385

8970,163,109,83,-718,16275,4,-3877,201,-1397,bf33ba8c,bf360d73,3ba9dcfe,3d16b1f6,bf33ba8c,bf360d72,3ba9dd00,3d16b1f7,1,29381904

8971,174,110,91,-729,16311,-39,-3891,207,-1380,bf33b915,bf360ede,3ba583f6,3d16cf18,bf33b915,bf360edd,3ba583f8,3d16cf19,1,29390422

8972,201,115,85,-725,16298,-60,-3835,233,-1375,bf33b8c3,bf360f27,3ba18283,3d16e919,bf33b8c3,bf360f26,3ba18285,3d16e91a,1,29398941

8973,230,115,81,-763,16349,-8,-3835,233,-1375,bf33bb0d,bf360cd8,3b9d469e,3d170854,bf33bb0d,bf360cd8,3b9d46a0,3d170854,1,29407460

8974,234,117,62,-769,16335,38,-3835,235,-1463,bf33c29d,bf36052f,3b9b46ce,3d174d84,bf33c29d,bf36052f,3b9b46cf,3d174d84,1,29415978

8975,216,123,32,-806,16389,5,-3831,195,-1378,bf33c46b,bf36036c,3b98950a,3d1752d6,bf33c46b,bf36036c,3b98950a,3d1752d6,1,29424497

8976,223,118,-10,-778,16353,8,-3831,195,-1378,bf33c6d3,bf360136,3b973891,3d17241d,bf33c6d3,bf360136,3b973891,3d17241d,1,29432515

8977,234,118,-32,-767,16304,8,-3859,209,-1388,bf33ca55,bf35fdf9,3b96a95f,3d16e1b5,bf33ca55,bf35fdf9,3b96a95f,3d16e1b5,1,29441033

8978,247,127,-44,-754,16313,16,-3815,189,-1382,bf33ce8a,bf35fa0c,3b96d13f,3d16991b,bf33ce8a,bf35fa0b,3b96d13f,3d16991b,1,29449552

8979,235,124,-51,-739,16262,36,-3815,189,-1382,bf33d25c,bf35f68c,3b9730da,3d1643da,bf33d25b,bf35f68a,3b9730da,3d1643da,1,29458071

8980,225,124,-59,-727,16233,55,-3819,231,-1330,bf33d3bb,bf35f599,3b96fee3,3d15c6a2,bf33d3bb,bf35f598,3b96fee5,3d15c6a3,1,29466589

8981,218,119,-58,-729,16251,17,-3853,205,-1365,bf33d571,bf35f441,3b972549,3d1558b0,bf33d571,bf35f441,3b97254c,3d1558b1,1,29475108

8982,205,133,-58,-783,16251,94,-3853,205,-1365,bf33d7aa,bf35f252,3b972df7,3d15078d,bf33d7a9,bf35f250,3b972df9,3d15078d,1,29483627

8983,163,149,-80,-588,16124,7,-3835,207,-1427,bf33d8b9,bf35f18e,3b9b3d40,3d149de0,bf33d8b9,bf35f18d,3b9b3d42,3d149de0,1,29492145

8984,151,137,-35,-602,16098,49,-3811,223,-1404,bf33d8ad,bf35f1d6,3b9d0247,3d144d1b,bf33d8ad,bf35f1d5,3b9d024a,3d144d1c,1,29500664

8985,132,139,29,-648,16204,16,-3831,215,-1338,bf33d3ec,bf35f6af,3b9b7220,3d142536,bf33d3ec,bf35f6ae,3b9b7224,3d142537,1,29509183

8986,107,141,71,-682,16234,10,-3831,215,-1338,bf33cd7f,bf35fd09,3b987863,3d142faa,bf33cd7f,bf35fd08,3b987867,3d142fab,1,29517701

8987,111,147,94,-697,16287,-24,-3837,247,-1367,bf33c7de,bf360279,3b954d86,3d14656a,bf33c7de,bf360278,3b954d8a,3d14656b,1,29526220

8988,125,146,105,-564,16288,-143,-3843,209,-1419,bf33c35d,bf3606c2,3b93e005,3d149d5d,bf33c35c,bf3606c1,3b93e009,3d149d5d,1,29534739

8989,155,123,145,-802,16382,0,-3843,209,-1419,bf33c2f4,bf3606cc,3b8e855a,3d152635,bf33c2f3,bf3606cb,3b8e855e,3d152635,1,29542756

8990,191,131,140,-814,16380,-31,-3905,241,-1355,bf33c164,bf360818,3b883ca8,3d158a77,bf33c163,bf360818,3b883cad,3d158a78,1,29551275

8991,213,131,102,-774,16292,7,-3891,255,-1335,bf33c12c,bf36083c,3b831364,3d15b3fd,bf33c12b,bf36083c,3b831369,3d15b3fe,1,29559794

8992,220,125,72,-779,16298,15,-3891,255,-1335,bf33c19d,bf3607d2,3b7d3d02,3d15bba3,bf33c19d,bf3607d3,3b7d3d0e,3d15bba4,1,29568312

8993,192,118,57,-736,16271,6,-3811,305,-1396,bf33c2e9,bf360688,3b77e9ce,3d15c690,bf33c2e8,bf360689,3b77e9d8,3d15c691,1,29576831

8994,171,119,56,-743,16286,5,-3809,207,-1415,bf33c3c7,bf36059d,3b739e9e,3d15e14a,bf33c3c5,bf36059e,3b739ea7,3d15e14a,1,29585350

8995,169,120,55,-758,16286,5,-3809,207,-1415,bf33c47f,bf3604d2,3b6f39f2,3d15ffb0,bf33c47d,bf3604d3,3b6f39fb,3d15ffb0,1,29593868

8996,167,117,56,-767,16305,-24,-3885,249,-1370,bf33c28f,bf3606c7,3b689a48,3d15ff04,bf33c28c,bf3606c8,3b689a50,3d15ff04,1,29602387

8997,177,125,49,-777,16275,46,-3819,249,-1351,bf33c1ba,bf3607a4,3b623d09,3d15fb44,bf33c1b8,bf3607a5,3b623d14,3d15fb45,1,29610905

8998,167,121,31,-796,16350,3,-3819,249,-1351,bf33bfa4,bf3609cc,3b5c9b95,3d15e6b8,bf33bfa1,bf3609cd,3b5c9ba0,3d15e6b9,1,29619424

8999,164,114,6,-768,16281,21,-3819,259,-1449,bf33c250,bf36072a,3b5c1106,3d15e594,bf33c24d,bf36072b,3b5c1113,3d15e595,1,29627943

9000,156,108,3,-777,16272,10,-3841,241,-1377,bf33c0dd,bf3608c5,3b586f76,3d15b30a,bf33c0da,bf3608c6,3b586f84,3d15b30b,1,29636461

9001,151,110,4,-746,16270,9,-3843,215,-1354,bf33be3a,bf360b9b,3b54c36e,3d156fee,bf33be38,bf360b9e,3b54c380,3d156ff0,1,29644479

9002,145,113,4,-746,16277,3,-3843,215,-1354,bf33bb2f,bf360ed5,3b514fd1,3d152fee,bf33bb2c,bf360ed6,3b514fe1,3d152ff0,1,29652998

9003,148,124,8,-756,16289,0,-3835,183,-1372,bf33b910,bf36110c,3b4ed0f7,3d150cb2,bf33b90d,bf36110d,3b4ed109,3d150cb4,1,29661517

9004,147,121,9,-751,16294,-23,-3829,175,-1382,bf33b6f4,bf36133f,3b4c9166,3d14ec29,bf33b6f1,bf361340,3b4c917b,3d14ec2c,1,29670035

9005,151,127,15,-762,16284,-12,-3829,175,-1382,bf33b548,bf3614f6,3b4a1ce1,3d14da47,bf33b546,bf3614f9,3b4a1cf9,3d14da4b,1,29678554

9006,152,130,15,-744,16261,34,-3841,243,-1370,bf33b3fd,bf36165a,3b4773c9,3d14bbe9,bf33b3fb,bf36165d,3b4773e3,3d14bbed,1,29687073

9007,138,129,21,-761,16269,-29,-3859,215,-1345,bf33afc2,bf361aa5,3b437749,3d149ab1,bf33afbf,bf361aa7,3b437762,3d149ab5,1,29695591

9008,130,122,22,-756,16281,-6,-3859,215,-1345,bf33ab82,bf361efe,3b3f1d7e,3d147207,bf33ab7f,bf361f00,3b3f1d98,3d14720b,1,29704110

9009,142,125,36,-761,16285,0,-3861,233,-1414,bf33ab12,bf361f63,3b3c5328,3d14803e,bf33ab0f,bf361f65,3b3c5343,3d148042,1,29712628

9010,144,130,39,-768,16329,-50,-3907,205,-1346,bf33a6f9,bf36237f,3b373ad4,3d147072,bf33a6f6,bf362381,3b373af0,3d147076,1,29721147

9011,163,128,27,-761,16318,-64,-3907,205,-1346,bf33a3e6,bf3626a5,3b32d8a4,3d1451c7,bf33a3e2,bf3626a6,3b32d8c2,3d1451cb,1,29729666

9012,174,126,17,-770,16289,-54,-3853,193,-1355,bf33a21e,bf362883,3b2f441b,3d14330a,bf33a21c,bf362885,3b2f443c,3d14330f,1,29738184

9013,187,130,13,-766,16300,-42,-3867,225,-1421,bf33a423,bf362685,3b2e5a40,3d143535,bf33a420,bf362686,3b2e5a63,3d143539,1,29746703

9014,190,121,9,-774,16289,9,-3855,255,-1442,bf33a863,bf362250,3b2dd3dd,3d143ad7,bf33a861,bf362252,3b2dd403,3d143adb,1,29754721

9015,182,119,7,-770,16264,-2,-3855,255,-1442,bf33abda,bf361ee4,3b2d5f6a,3d143b41,bf33abd7,bf361ee5,3b2d5f91,3d143b45,1,29763240

9016,175,114,6,-741,16265,7,-3899,189,-1424,bf33ae19,bf361cc2,3b2c755d,3d14217f,bf33ae17,bf361cc4,3b2c7586,3d142184,1,29771758

9017,155,120,9,-744,16204,10,-3847,191,-1426,bf33af46,bf361ba4,3b2bdb07,3d14154d,bf33af43,bf361ba5,3b2bdb32,3d141552,1,29780277

9018,144,126,17,-770,16289,4,-3847,191,-1426,bf33af9c,bf361b4a,3b2ac28f,3d141cbf,bf33af9b,bf361b4d,3b2ac2be,3d141cc5,1,29788796

9019,144,127,27,-769,16288,-42,-3817,197,-1437,bf33af90,bf361b45,3b29a3d6,3d1434c8,bf33af8d,bf361b46,3b29a404,3d1434cd,1,29797314

9020,147,129,35,-692,16249,-101,-3831,199,-1385,bf33ac71,bf361e67,3b2790ce,3d142501,bf33ac6f,bf361e68,3b2790fe,3d142507,1,29805833

9021,169,123,59,-782,16292,-51,-3831,199,-1385,bf33ab63,bf361f63,3b22288d,3d143dc8,bf33ab62,bf361f65,3b2228bf,3d143dce,1,29814352

9022,185,124,74,-778,16295,-40,-3869,191,-1292,bf33a7f3,bf3622d5,3b19307e,3d1433f5,bf33a7f2,bf3622d8,3b1930b1,3d1433fc,1,29822870

9023,194,119,77,-814,16294,8,-3835,215,-1377,bf33a917,bf36219d,3b119582,3d145cba,bf33a913,bf36219e,3b1195b5,3d145cbf,1,29831389

9024,185,120,62,-834,16355,1,-3835,215,-1377,bf33a994,bf36210b,3b0abf63,3d147c05,bf33a992,bf36210d,3b0abf99,3d147c0b,1,29839908

9025,182,125,29,-820,16288,-3,-3857,231,-1462,bf33adec,bf361c99,3b09924c,3d14af25,bf33adea,bf361c9b,3b099283,3d14af2b,1,29848426

9026,166,118,9,-811,16307,-45,-3875,195,-1372,bf33ac5e,bf361e3e,3b061725,3d148f82,bf33ac5c,bf361e3f,3b06175c,3d148f87,1,29856444

9027,167,123,4,-791,16310,-45,-3847,197,-1400,bf33ac20,bf361e8e,3b0493a1,3d147ac5,bf33ac1e,bf361e8f,3b0493d8,3d147aca,1,29864963

9028,180,121,-1,-785,16280,-29,-3847,197,-1400,bf33acf9,bf361dd0,3b034741,3d145e49,bf33acf8,bf361dd1,3b03477a,3d145e4f,1,29873482

9029,179,125,-8,-802,16327,-41,-3881,215,-1362,bf33abf0,bf361f00,3b00f776,3d142c0f,bf33abef,bf361f01,3b00f7af,3d142c15,1,29882000

9030,182,122,-18,-794,16245,-26,-3873,213,-1352,bf33ab01,bf362026,3afdae1c,3d13e7d1,bf33aaff,bf362026,3afdae8c,3d13e7d8,1,29890519

9031,186,112,-23,-795,16298,-59,-3873,213,-1352,bf33a9cd,bf362199,3af8f6cd,3d139578,bf33a9cb,bf362199,3af8f73f,3d13957f,1,29899038

9032,185,108,-32,-788,16300,-14,-3885,205,-1464,bf33ae68,bf361d27,3afd451f,3d137582,bf33ae68,bf361d29,3afd4594,3d13758a,1,29907556

9033,189,109,-36,-757,16259,-44,-3885,207,-1329,bf33accb,bf361f1e,3af9645d,3d12fed9,bf33acca,bf361f1f,3af964d1,3d12fee0,1,29916075

9034,194,118,-33,-742,16233,-30,-3885,207,-1329,bf33abbf,bf362082,3af68ff0,3d129073,bf33abbc,bf362081,3af69064,3d129079,1,29924593

9035,190,119,-24,-752,16283,-31,-3837,213,-1354,bf33ab6b,bf362118,3af4510a,3d123d87,bf33ab69,bf362118,3af45184,3d123d8f,1,29933112

9036,196,130,-8,-773,16285,-20,-3843,187,-1453,bf33aff8,bf361c97,3af7d22a,3d12419d,bf33aff6,bf361c97,3af7d2a7,3d1241a5,1,29941631

9037,198,130,-6,-773,16296,-23,-3843,187,-1453,bf33b47c,bf36181c,3afb07ca,3d12473d,bf33b47a,bf36181c,3afb084a,3d124746,1,29949649

9038,207,130,-7,-775,16283,-6,-3819,221,-1392,bf33b700,bf3615b8,3af9947f,3d122a43,bf33b6fe,bf3615b9,3af99502,3d122a4c,1,29958167

9039,196,128,1,-783,16293,-32,-3837,275,-1393,bf33b856,bf361479,3af67605,3d1212a8,bf33b854,bf36147a,3af6768c,3d1212b1,1,29966686

9040,206,128,1,-758,16238,9,-3867,223,-1380,bf33ba75,bf361280,3af32a3d,3d11edf9,bf33ba73,bf361281,3af32ac5,3d11ee02,1,29975205

9041,200,131,0,-774,16257,4,-3867,223,-1380,bf33bc17,bf3610fd,3aefd89c,3d11cf94,bf33bc15,bf3610fe,3aefd926,3d11cf9d,1,29983723

9042,178,131,2,-767,16282,-17,-3895,223,-1402,bf33bcf2,bf361035,3aee2855,3d11bbd1,bf33bcf0,bf361036,3aee28e1,3d11bbda,1,29992242

9043,161,127,-5,-784,16288,-34,-3823,207,-1362,bf33badc,bf361268,3aea3423,3d1190ad,bf33badb,bf36126a,3aea34b2,3d1190b7,1,30000761

9044,147,117,0,-777,16265,-1,-3823,207,-1362,bf33b884,bf3614e1,3ae4af31,3d115f30,bf33b882,bf3614e2,3ae4afc1,3d115f3a,1,30009279

9045,135,115,-1,-811,16322,-25,-3831,201,-1358,bf33b4ec,bf361896,3adde7c0,3d11314a,bf33b4ea,bf361897,3adde852,3d113154,1,30017798

9046,134,122,-15,-912,16395,-13,-3841,259,-1375,bf33b224,bf361b64,3ad6e1b3,3d111e82,bf33b223,bf361b66,3ad6e248,3d111e8d,1,30026325

9047,148,138,-70,-806,16380,-69,-3841,259,-1375,bf33af88,bf361e39,3adc11ed,3d10c99c,bf33af87,bf361e3b,3adc1283,3d10c9a7,1,30034844

9048,183,141,-103,-759,16333,-98,-3813,221,-1428,bf33b0ff,bf361d0c,3aeaeac2,3d106cce,bf33b0fe,bf361d0d,3aeaeb5c,3d106cd9,1,30043363

9049,209,138,-113,-725,16245,-41,-3869,187,-1332,bf33b116,bf361d74,3af4abff,3d0fc974,bf33b115,bf361d75,3af4ac99,3d0fc97f,1,30051881

9050,204,140,-117,-698,16200,-12,-3869,187,-1332,bf33b160,bf361dae,3affc151,3d0f1e8b,bf33b15e,bf361dae,3affc1ee,3d0f1e96,1,30059899

9051,182,132,-83,-686,16173,3,-3887,191,-1355,bf33b169,bf361e10,3b03b4da,3d0e9451,bf33b167,bf361e10,3b03b529,3d0e945c,1,30068418

9052,157,128,-57,-688,16235,-27,-3855,223,-1327,bf33ae42,bf362190,3b04e641,3d0e1241,bf33ae40,bf362190,3b04e692,3d0e124c,1,30076937

9053,144,122,-20,-683,16222,-25,-3931,235,-1358,bf33ab7e,bf362493,3b044fd6,3d0db6dd,bf33ab7d,bf362493,3b045028,3d0db6e8,1,30085455

9054,154,117,13,-724,16296,-54,-3931,235,-1358,bf33a8bd,bf362776,3b00c5dc,3d0d81cd,bf33a8bc,bf362776,3b00c62f,3d0d81d8,1,30093974

9055,167,118,27,-762,16343,-82,-3841,241,-1428,bf33a94f,bf3626db,3afd3cc1,3d0d917b,bf33a94e,bf3626db,3afd3d6a,3d0d9187,1,30102493

9056,185,121,17,-748,16284,-13,-3861,205,-1366,bf33a985,bf3626bc,3af64cea,3d0d74ad,bf33a984,bf3626bc,3af64d95,3d0d74b9,1,30111012

9057,184,123,10,-760,16311,-46,-3861,205,-1366,bf33a921,bf36273a,3af02f3d,3d0d5634,bf33a921,bf36273b,3af02fe8,3d0d5641,1,30119530

9058,186,127,2,-750,16294,-46,-3853,241,-1408,bf33aab1,bf3625bb,3aeea52a,3d0d47e5,bf33aab0,bf3625bc,3aeea5d8,3d0d47f2,1,30128049

9059,184,125,2,-729,16265,-27,-3889,205,-1299,bf33a817,bf36288a,3ae679dd,3d0cf80f,bf33a817,bf36288c,3ae67a8d,3d0cf81d,1,30136568

9060,177,123,2,-737,16252,2,-3889,205,-1299,bf33a591,bf362b48,3addbccd,3d0ca833,bf33a590,bf362b49,3addbd7c,3d0ca840,1,30145086

9061,167,122,8,-730,16232,-7,-3877,241,-1348,bf33a431,bf362ccf,3ad73088,3d0c7342,bf33a430,bf362cd0,3ad73139,3d0c734e,1,30153605

9062,163,127,25,-729,16267,2,-3839,205,-1381,bf33a427,bf362ce2,3ad2040b,3d0c68ab,bf33a426,bf362ce2,3ad204bd,3d0c68b6,1,30161623

9063,157,122,29,-744,16291,-15,-3839,205,-1381,bf33a36f,bf362da0,3acb6200,3d0c60dc,bf33a36e,bf362da0,3acb62b4,3d0c60e7,1,30170141

9064,144,123,31,-756,16298,-52,-3881,185,-1308,bf339e78,bf3632a8,3abfe288,3d0c3878,bf339e77,bf3632a8,3abfe33f,3d0c3883,1,30178660

9065,152,117,26,-741,16294,-73,-3865,201,-1400,bf339d55,bf3633cd,3aba94e5,3d0c315c,bf339d54,bf3633cd,3aba959d,3d0c3166,1,30187178

9066,152,118,22,-752,16287,-25,-3851,299,-1326,bf3399ea,bf363757,3aafdbc6,3d0bfcae,bf3399e9,bf363757,3aafdc80,3d0bfcb8,1,30195697

9067,154,117,16,-764,16339,-80,-3851,299,-1326,bf3395cd,bf363b94,3aa5a8ce,3d0bc4f8,bf3395cc,bf363b94,3aa5a98b,3d0bc502,1,30204216

9068,153,122,9,-773,16349,-86,-3807,239,-1360,bf33930f,bf363e61,3a9f9bae,3d0ba660,bf33930e,bf363e61,3a9f9c6b,3d0ba66a,1,30212734

9069,181,126,5,-754,16297,-55,-3869,155,-1336,bf3391af,bf363fde,3a998ff0,3d0b7880,bf3391af,bf363fdf,3a9990ae,3d0b788b,1,30221253

9070,192,117,7,-738,16248,-5,-3869,155,-1336,bf3391d3,bf363fe8,3a927edb,3d0b3fec,bf3391d2,bf363fe8,3a927f99,3d0b3ff6,1,30229772

9071,176,111,15,-740,16258,-70,-3883,185,-1401,bf339284,bf363f4b,3a8df2f5,3d0b29e6,bf339282,bf363f4a,3a8df3b2,3d0b29ef,1,30238290

9072,179,118,24,-743,16252,-46,-3863,199,-1335,bf339111,bf3640d8,3a84ad0e,3d0b0134,bf339110,bf3640d8,3a84adcf,3d0b013e,1,30246809

9073,171,108,26,-736,16237,-32,-3863,199,-1335,bf338f68,bf3642a4,3a748046,3d0acef2,bf338f68,bf3642a5,3a7481cd,3d0acefd,1,30254827

9074,164,95,20,-747,16223,-11,-3845,237,-1349,bf338e45,bf3643f2,3a5ec221,3d0a939b,bf338e44,bf3643f2,3a5ec3a3,3d0a93a6,1,30263346

9075,134,87,26,-724,16234,-41,-3853,221,-1397,bf338ced,bf364565,3a4eb1d4,3d0a6ab4,bf338ced,bf364565,3a4eb358,3d0a6ac0,1,30271864

9076,116,83,32,-707,16253,-87,-3853,221,-1397,bf3389af,bf3648b9,3a3dd76d,3d0a3e8e,bf3389ae,bf3648b8,3a3dd8ef,3d0a3e99,1,30280383

9077,123,80,47,-765,16291,-57,-3857,237,-1408,bf3387e5,bf364a85,3a263b63,3d0a33cd,bf3387e5,bf364a85,3a263ce8,3d0a33d9,1,30288901

9078,123,70,48,-783,16293,-44,-3841,235,-1365,bf338479,bf364e04,3a04ec45,3d0a0d40,bf338479,bf364e04,3a04edcd,3d0a0d4c,1,30297420

9079,101,72,24,-760,16238,-6,-3871,193,-1426,bf338366,bf364f29,39e96bf4,3d09ef89,bf338365,bf364f28,39e96f04,3d09ef94,1,30305939

9080,73,72,21,-750,16246,-51,-3871,193,-1426,bf337fc8,bf3652d5,39cccaea,3d09cb3c,bf337fc7,bf3652d4,39cccdfe,3d09cb46,1,30314457

9081,61,70,40,-735,16224,-67,-3831,229,-1413,bf337a98,bf365808,39a4eab3,3d09ac06,bf337a97,bf365807,39a4edc1,3d09ac10,1,30322976

9082,57,69,62,-747,16280,-82,-3865,229,-1410,bf3374c3,bf365dd1,395f5e04,3d09a057,bf3374c2,bf365dd0,395f6429,3d09a062,1,30331494

9083,63,68,72,-761,16284,-82,-3865,229,-1410,bf336f5b,bf366321,38ce6c67,3d09a105,bf336f5a,bf366321,38ce78b8,3d09a111,1,30340013

9084,68,72,72,-775,16290,-86,-3869,193,-1420,bf336ab6,bf3667a8,b716e10f,3d09af81,bf336ab5,bf3667a8,b7167cbc,3d09af8d,1,30348532

9085,84,73,75,-760,16300,-130,-3829,221,-1268,bf336077,bf3671eb,b9418260,3d097019,bf336076,bf3671eb,b9417c0b,3d097025,1,30357050

9086,95,83,84,-787,16296,-92,-3829,221,-1268,bf335780,bf367ad7,b9bff98a,3d094861,bf335780,bf367ad8,b9bff657,3d09486e,1,30365068

9087,108,87,94,-759,16279,-104,-3873,263,-1320,bf33510c,bf368138,ba0ae181,3d093a3d,bf33510b,bf368139,ba0adfe7,3d093a49,1,30373587

9088,121,88,108,-762,16278,-121,-3863,253,-1350,bf334c5d,bf3685c2,ba34a3da,3d094c18,bf334c5b,bf3685c2,ba34a23b,3d094c23,1,30382105

9089,124,100,120,-780,16268,-95,-3863,253,-1350,bf33485a,bf36898e,ba5f7a70,3d0978f8,bf334858,bf36898e,ba5f78cf,3d097903,1,30390624

9090,118,92,129,-792,16263,-87,-3865,205,-1344,bf3343f3,bf368db9,ba87745e,3d09a859,bf3343f1,bf368db9,ba87738d,3d09a864,1,30399143

9091,102,83,132,-859,16324,-59,-3851,209,-1318,bf333e08,bf369360,baa3fd7f,3d09d4be,bf333e07,bf369360,baa3fcac,3d09d4c9,1,30407661

9092,89,93,113,-820,16268,-99,-3829,179,-1360,bf333896,bf36988d,bab88ad8,3d0a06bd,bf333895,bf36988d,bab88a04,3d0a06c8,1,30416180

9093,94,93,92,-841,16329,-132,-3829,179,-1360,bf333308,bf369de4,bacaef7a,3d0a28c9,bf333307,bf369de5,bacaeea6,3d0a28d5,1,30424699

9094,102,98,91,-875,16369,-116,-3853,197,-1379,bf332f16,bf36a193,badc9436,3d0a5fb9,bf332f15,bf36a194,badc9361,3d0a5fc5,1,30433218

9095,118,102,74,-890,16405,-179,-3869,243,-1352,bf3329f5,bf36a681,baee1315,3d0a7b60,bf3329f4,bf36a681,baee123e,3d0a7b6b,1,30441736

9096,156,121,40,-889,16387,-181,-3869,243,-1352,bf332742,bf36a919,baf94da8,3d0a888c,bf332741,bf36a919,baf94cd2,3d0a8897,1,30450255

9097,201,132,10,-849,16353,-156,-3861,209,-1350,bf3327cc,bf36a89a,bafe6fe6,3d0a7a05,bf3327cb,bf36a89a,bafe6f0c,3d0a7a10,1,30458773

9098,218,139,-10,-819,16282,-136,-3859,211,-1369,bf332a8f,bf36a5f8,bafe4ef9,3d0a6243,bf332a8d,bf36a5f8,bafe4e1d,3d0a624e,1,30466791

9099,222,135,-21,-817,16243,-115,-3859,211,-1369,bf332deb,bf36a2ca,bafd686a,3d0a3c64,bf332de9,bf36a2ca,bafd678c,3d0a3c6f,1,30475310

9100,206,130,-13,-800,16228,-93,-3875,281,-1290,bf332d59,bf36a399,bb019f0c,3d09e4e7,bf332d57,bf36a399,bb019e9c,3d09e4f2,1,30483829

9101,189,125,8,-804,16231,-95,-3847,241,-1295,bf332bf1,bf36a527,bb05a675,3d09a5c7,bf332bf0,bf36a528,bb05a605,3d09a5d2,1,30492347

9102,174,127,18,-807,16263,-115,-3847,241,-1295,bf332954,bf36a7db,bb0a193b,3d0972ed,bf332952,bf36a7db,bb0a18cc,3d0972f8,1,30500866

9103,157,132,23,-818,16300,-127,-3823,187,-1253,bf332433,bf36ad04,bb0f508e,3d093e89,bf332431,bf36ad05,bb0f501f,3d093e94,1,30509384

9104,167,135,22,-848,16311,-136,-3883,177,-1306,bf332172,bf36afc4,bb139659,3d0929b7,bf332170,bf36afc5,bb1395e9,3d0929c2,1,30517903

9105,179,134,18,-849,16309,-132,-3907,217,-1293,bf331efd,bf36b246,bb1858d2,3d0905a6,bf331efb,bf36b247,bb185861,3d0905b1,1,30526422

9106,186,136,11,-847,16346,-151,-3907,217,-1293,bf331cb8,bf36b499,bb1c76f9,3d08dc1f,bf331cb6,bf36b49a,bb1c7686,3d08dc2a,1,30534940

9107,202,133,-6,-855,16323,-160,-3869,173,-1334,bf331cf5,bf36b474,bb1e6890,3d08bbaf,bf331cf4,bf36b475,bb1e681c,3d08bbba,1,30543459

9108,208,127,-20,-831,16301,-146,-3869,193,-1389,bf33201b,bf36b174,bb1dc1f4,3d089eba,bf33201a,bf36b174,bb1dc17f,3d089ec4,1,30551977

9109,210,125,-30,-802,16241,-104,-3869,193,-1389,bf332429,bf36ad9f,bb1c3496,3d086f6c,bf332428,bf36ad9f,bb1c3420,3d086f76,1,30559995

9110,205,128,-25,-807,16261,-120,-3855,209,-1287,bf332364,bf36aea5,bb1e1fa0,3d0813ec,bf332363,bf36aea5,bb1e1f29,3d0813f6,1,30568514

9111,209,130,-7,-795,16233,-111,-3883,181,-1277,bf3322a8,bf36af93,bb211cf9,3d07c499,bf3322a8,bf36af94,bb211c82,3d07c4a3,1,30577033

9112,197,132,1,-784,16207,-71,-3883,181,-1277,bf3321d5,bf36b096,bb245781,3d077bb8,bf3321d5,bf36b097,bb24570a,3d077bc2,1,30585551

9113,172,134,12,-812,16252,-93,-3881,203,-1291,bf331f9f,bf36b2e2,bb2822ab,3d074bcb,bf331f9d,bf36b2e2,bb282235,3d074bd4,1,30594070

9114,160,139,29,-829,16293,-116,-3871,191,-1314,bf331d32,bf36b545,bb2c11dc,3d07420a,bf331d31,bf36b545,bb2c1166,3d074213,1,30602588

9115,173,135,38,-826,16325,-149,-3871,191,-1314,bf331b0d,bf36b761,bb30ab0c,3d073bd5,bf331b0c,bf36b761,bb30aa95,3d073bde,1,30611107

9116,185,129,30,-810,16294,-123,-3857,205,-1325,bf331a84,bf36b7ee,bb349d78,3d072973,bf331a84,bf36b7ef,bb349d02,3d07297c,1,30619626

9117,184,127,19,-825,16290,-122,-3897,225,-1350,bf331afc,bf36b783,bb379fb9,3d071926,bf331afc,bf36b784,bb379f43,3d07192f,1,30628144

9118,192,124,24,-837,16285,-121,-3887,231,-1357,bf331c3a,bf36b650,bb3b13be,3d071219,bf331c38,bf36b64f,bb3b1346,3d071221,1,30636663

9119,175,125,18,-821,16268,-122,-3887,231,-1357,bf331c6f,bf36b622,bb3dc71a,3d0701d7,bf331c6e,bf36b622,bb3dc6a1,3d0701df,1,30645182

9120,174,112,11,-808,16230,-104,-3871,179,-1292,bf331a5e,bf36b856,bb426cca,3d06bd64,bf331a5d,bf36b856,bb426c51,3d06bd6c,1,30653700

9121,167,110,11,-835,16291,-119,-3839,215,-1320,bf3318b3,bf36ba1b,bb46c202,3d068aff,bf3318b2,bf36ba1b,bb46c189,3d068b07,1,30662219

9122,158,106,15,-818,16297,-134,-3839,215,-1320,bf331648,bf36bc9c,bb4b3947,3d065434,bf331647,bf36bc9c,bb4b38cd,3d06543c,1,30670237

9123,159,114,14,-825,16301,-168,-3883,235,-1327,bf3313a7,bf36bf4c,bb4f3587,3d062690,bf3313a6,bf36bf4c,bb4f350c,3d062698,1,30678756

9124,180,119,2,-838,16337,-164,-3875,217,-1278,bf3310a6,bf36c26c,bb53b71a,3d05de37,bf3310a7,bf36c26e,bb53b69f,3d05de40,1,30687274

9125,206,118,-5,-837,16304,-137,-3875,217,-1278,bf330faf,bf36c397,bb57f9ff,3d058e30,bf330fae,bf36c397,bb57f983,3d058e37,1,30695793

9126,212,114,-7,-830,16226,-82,-3877,213,-1327,bf3311eb,bf36c18f,bb5af2a3,3d0550b7,bf3311ea,bf36c18f,bb5af227,3d0550be,1,30704312

9127,193,115,0,-802,16233,-73,-3849,195,-1373,bf33152f,bf36be73,bb5c0c0d,3d052e4e,bf33152f,bf36be74,bb5c0b93,3d052e55,1,30712830

9128,176,117,11,-838,16267,-111,-3849,195,-1373,bf33169b,bf36bd14,bb5e3dc8,3d0521d5,bf33169a,bf36bd15,bb5e3d4d,3d0521db,1,30721349

9129,163,112,15,-815,16245,-84,-3869,261,-1372,bf3317b9,bf36bc0a,bb60c602,3d050a79,bf3317b7,bf36bc0a,bb60c584,3d050a7e,1,30729868

9130,158,112,22,-836,16288,-102,-3885,173,-1268,bf331400,bf36bfd7,bb66ff48,3d04cc0b,bf3313ff,bf36bfd7,bb66feca,3d04cc10,1,30738386

9131,148,120,25,-840,16291,-110,-3885,173,-1268,bf330f9c,bf36c440,bb6cebb9,3d04995d,bf330f9b,bf36c440,bb6ceb3c,3d049962,1,30746905

9132,141,121,19,-843,16343,-131,-3897,205,-1294,bf330b77,bf36c86a,bb71d91e,3d046c25,bf330b76,bf36c86a,bb71d8a1,3d046c2a,1,30755424

9133,152,118,14,-846,16287,-142,-3887,229,-1316,bf3308af,bf36cb3b,bb76271e,3d044372,bf3308ae,bf36cb3b,bb7626a0,3d044377,1,30763942

9134,147,106,7,-795,16180,-43,-3909,255,-1261,bf33052e,bf36ceec,bb7bf4fd,3d03da0a,bf33052e,bf36ceee,bb7bf482,3d03da10,1,30772461

9135,108,91,24,-834,16293,-133,-3909,255,-1261,bf32fde6,bf36d645,bb81f49b,3d037e32,bf32fde5,bf36d646,bb81f45e,3d037e38,1,30780479

9136,92,93,22,-805,16258,-184,-3849,213,-1305,bf32f6b0,bf36dd7d,bb84af88,3d033981,bf32f6af,bf36dd7e,bb84af4b,3d033987,1,30788997

9137,100,93,32,-767,16446,-249,-3893,225,-1301,bf32eef0,bf36e540,bb8773fd,3d02ee24,bf32eeef,bf36e541,bb8773c0,3d02ee2a,1,30797516

9138,224,106,42,-923,16053,40,-3893,225,-1301,bf32f38e,bf36e0b4,bb8c022e,3d02e60d,bf32f38e,bf36e0b6,bb8c01f1,3d02e613,1,30806035

9139,431,95,189,-1316,15722,453,-3899,209,-1363,bf3310ec,bf36c2e5,bb994904,3d0421ec,bf3310eb,bf36c2e6,bb9948c8,3d0421f2,1,30814553

9140,539,96,551,-619,16171,-424,-3901,219,-1352,bf332103,bf36b1c1,bbaa1e95,3d05b2ee,bf332102,bf36b1c3,bbaa1e5a,3d05b2f5,1,30823072

9141,445,116,591,-941,16226,297,-3901,219,-1352,bf3338e2,bf36987a,bbbe32df,3d07ce94,bf3338e0,bf36987b,bbbe32a3,3d07ce9a,1,30831591

9142,321,112,586,-1120,16549,-48,-3867,281,-1377,bf334230,bf368d47,bbd2a917,3d0a13cd,bf334230,bf368d4a,bbd2a8dd,3d0a13d4,1,30840109

9143,245,100,471,-963,16284,-76,-3885,207,-1374,bf33467e,bf36878b,bbe260b9,3d0baef2,bf33467c,bf36878c,bbe2607d,3d0baef7,1,30848628

9144,240,91,429,-930,16273,-154,-3885,207,-1374,bf334921,bf3683a0,bbf09f93,3d0d0a8f,bf33491e,bf3683a1,bbf09f56,3d0d0a94,1,30857147

9145,280,103,448,-988,16281,-108,-3901,285,-1335,bf334d25,bf367e3f,bc00263f,3d0e747f,bf334d22,bf367e41,bc002621,3d0e7485,1,30865665

9146,314,117,458,-1019,16284,-77,-3897,233,-1349,bf335443,bf3675ae,bc07d882,3d10031a,bf335440,bf3675b0,bc07d863,3d100320,1,30874184

9147,307,104,448,-996,16090,7,-3913,235,-1340,bf335c0c,bf366c8b,bc0f8def,3d116d25,bf335c08,bf366c8c,bc0f8dce,3d116d2a,1,30882202

9148,251,84,430,-1460,16716,250,-3913,235,-1340,bf3364cd,bf366204,bc1936c9,3d1330f6,bf3364cb,bf366207,bc1936a9,3d1330fc,1,30890720

9149,138,77,216,-1335,16922,-402,-3871,243,-1339,bf335c72,bf366965,bc1e7a75,3d13e223,bf335c6f,bf366967,bc1e7a54,3d13e228,1,30899239

9150,187,94,-54,-1104,16353,-191,-3835,219,-1365,bf335bf7,bf366a28,bc1e928c,3d138659,bf335bf5,bf366a2b,bc1e926b,3d13865e,1,30907758

9151,311,117,-96,-1097,16409,-146,-3835,219,-1365,bf3363d2,bf3662d5,bc1dc31c,3d1315a3,bf3363d0,bf3662d7,bc1dc2fb,3d1315a8,1,30916276

9152,364,138,-136,-1199,16365,17,-3853,267,-1333,bf337038,bf36570f,bc1ce6dd,3d129d3c,bf337035,bf365710,bc1ce6bb,3d129d40,1,30924795

9153,387,150,-204,-1131,16411,-70,-3903,205,-1416,bf338039,bf3647e9,bc19d2f1,3d120d86,bf338038,bf3647ea,bc19d2d1,3d120d8b,1,30933314

9154,378,151,-282,-1064,16269,67,-3903,205,-1416,bf33928d,bf3636ce,bc15572e,3d112883,bf33928c,bf3636cf,bc15570d,3d112888,1,30941832

9155,337,162,-323,-916,16102,38,-3873,187,-1343,bf339e3a,bf362c98,bc1028ed,3d0fd93f,bf339e39,bf362c9a,bc1028cc,3d0fd944,1,30950351

9156,326,165,-285,-1014,16282,0,-3887,261,-1329,bf33a792,bf362472,bc0c1e5c,3d0ec06d,bf33a791,bf362473,bc0c1e3b,3d0ec071,1,30958870

9157,299,163,-258,-748,16016,-74,-3887,261,-1329,bf33ae04,bf361f4b,bc0778c3,3d0d7f20,bf33ae02,bf361f4b,bc0778a2,3d0d7f24,1,30967388

9158,274,157,-163,-972,16294,2,-3857,231,-1265,bf33b149,bf361cc3,bc05ac30,3d0cb00a,bf33b14a,bf361cc6,bc05ac11,3d0cb010,1,30975406

9159,258,142,-119,-797,16148,-85,-3891,241,-1451,bf33b9d2,bf3614e1,bc026a28,3d0c3039,bf33b9d2,bf3614e2,bc026a08,3d0c303e,1,30983925

9160,265,140,-71,-856,16150,0,-3859,239,-1362,bf33bff7,bf360f35,bc011ec3,3d0bbea5,bf33bff7,bf360f36,bc011ea3,3d0bbeaa,1,30992443

9161,254,138,-4,-915,16237,-1,-3859,239,-1362,bf33c51b,bf360a3f,bc011b7c,3d0b9ac1,bf33c51b,bf360a40,bc011b5c,3d0b9ac6,1,31000962

9162,250,142,25,-940,16280,11,-3823,163,-1386,bf33cb14,bf360449,bc01507c,3d0bad48,bf33cb13,bf360449,bc01505c,3d0bad4c,1,31009480

9163,245,137,26,-979,16296,53,-3879,199,-1416,bf33d2e0,bf35fc74,bc018742,3d0bd5bc,bf33d2e0,bf35fc75,bc018723,3d0bd5c1,1,31017999

9164,209,137,17,-906,16145,16,-3879,199,-1416,bf33d7b5,bf35f7a6,bc014afd,3d0be1ac,bf33d7b4,bf35f7a6,bc014add,3d0be1b0,1,31026518

9165,189,142,39,-849,16144,-7,-3891,227,-1362,bf33d867,bf35f6fa,bc019300,3d0bd7b2,bf33d866,bf35f6fa,bc0192e0,3d0bd7b6,1,31035036

9166,199,144,118,-610,15979,-171,-3849,201,-1281,bf33d453,bf35fb01,bc02bc3b,3d0bc727,bf33d454,bf35fb03,bc02bc1c,3d0bc72c,1,31043555

9167,224,120,275,-881,16224,16,-3849,201,-1281,bf33d3b7,bf35fae5,bc079635,3d0c6a6b,bf33d3b7,bf35fae6,bc079615,3d0c6a6f,1,31052073

9168,208,121,347,-831,16068,19,-3899,207,-1369,bf33d587,bf35f816,bc0c98ef,3d0d6c38,bf33d586,bf35f816,bc0c98ce,3d0d6c3b,1,31060592

9169,175,107,426,-999,16266,17,-3865,225,-1429,bf33d7b4,bf35f468,bc1307df,3d0ef89d,bf33d7b3,bf35f468,bc1307be,3d0ef8a0,1,31069111

9170,164,105,447,-1107,16380,21,-3865,225,-1429,bf33d915,bf35f152,bc1a2e6b,3d10afac,bf33d914,bf35f152,bc1a2e4a,3d10afaf,1,31077129

9171,173,113,398,-1116,16384,6,-3909,223,-1363,bf33d7cc,bf35f11b,bc210e7f,3d121356,bf33d7cb,bf35f11b,bc210e5e,3d121359,1,31085647

9172,165,119,357,-1067,16250,44,-3869,213,-1355,bf33d68c,bf35f10c,bc2702df,3d13439c,bf33d68c,bf35f10c,bc2702bf,3d1343a0,1,31094166

9173,154,123,344,-1069,16265,39,-3879,257,-1333,bf33d3ac,bf35f2ac,bc2cdc1d,3d145925,bf33d3ac,bf35f2ab,bc2cdbfc,3d145929,1,31102685

9174,128,132,340,-1106,16374,-130,-3879,257,-1333,bf33cc91,bf35f870,bc32820a,3d157916,bf33cc91,bf35f86f,bc3281e9,3d15791a,1,31111203

9175,169,122,326,-1103,16307,-40,-3907,251,-1405,bf33cc77,bf35f740,bc377a12,3d16a69e,bf33cc78,bf35f73f,bc3779f2,3d16a6a3,1,31119722

9176,200,109,320,-1154,16396,-83,-3807,255,-1266,bf33c832,bf35fa5a,bc3dabf4,3d1783b5,bf33c833,bf35fa59,bc3dabd4,3d1783ba,1,31128240

9177,242,117,300,-1240,16479,-93,-3807,255,-1266,bf33c662,bf35fb02,bc43b595,3d1864b7,bf33c663,bf35fb01,bc43b574,3d1864bc,1,31136759

9178,303,122,236,-1307,16560,-89,-3929,265,-1360,bf33cbba,bf35f4a9,bc487614,3d1947c7,bf33cbbb,bf35f4a8,bc4875f3,3d1947cc,1,31145277

9179,357,135,148,-1190,16394,-68,-3887,259,-1385,bf33d601,bf35e9df,bc4b04b7,3d19d35e,bf33d601,bf35e9dc,bc4b0496,3d19d361,1,31153796

9180,413,150,79,-1080,16238,21,-3887,259,-1385,bf33e569,bf35da60,bc4be912,3d1a0d2b,bf33e56b,bf35da5e,bc4be8f3,3d1a0d2f,1,31162315

9181,445,166,122,-1100,16393,-122,-3883,247,-1275,bf33eff9,bf35cf90,bc4e1d41,3d1a4b03,bf33effa,bf35cf8d,bc4e1d22,3d1a4b06,1,31170833

9182,529,162,179,-1173,16390,-41,-3877,229,-1367,bf3403a2,bf35bb53,bc50e649,3d1af812,bf3403a4,bf35bb52,bc50e62c,3d1af816,1,31179352

9183,597,148,163,-1420,16513,25,-3877,229,-1367,bf341bf8,bf35a242,bc54af6b,3d1bc4ca,bf341bf9,bf35a23f,bc54af4c,3d1bc4cd,1,31187370

9184,610,152,25,-1392,16614,-2,-3895,223,-1324,bf343316,bf358b0f,bc567918,3d1beb14,bf343318,bf358b0c,bc5678fa,3d1beb17,1,31195888

9185,598,135,-198,-1300,16664,-90,-3895,197,-1415,bf344c07,bf357303,bc5414c3,3d1b454d,bf344c09,bf357301,bc5414a5,3d1b454f,1,31204407

9186,662,105,-354,-1643,16615,467,-3931,257,-1406,bf347370,bf354cb6,bc51ea85,3d1a6a28,bf347372,bf354cb4,bc51ea68,3d1a6a29,1,31212926

9187,718,148,-488,-1157,16303,141,-3931,257,-1406,bf349747,bf352b0e,bc4ad963,3d189932,bf349749,bf352b0c,bc4ad946,3d189932,1,31221444

9188,719,162,-543,-969,16041,322,-3913,253,-1337,bf34bb4c,bf35099c,bc42baf1,3d164998,bf34bb4f,bf35099b,bc42bad4,3d164999,1,31229963

9189,682,169,-453,-894,16026,242,-3887,247,-1361,bf34dbc5,bf34eb43,bc3b637e,3d14589c,bf34dbc7,bf34eb42,bc3b6362,3d14589c,1,31238482

9190,667,185,-330,-1031,16276,169,-3887,247,-1361,bf34f8f8,bf34cf6a,bc3648a5,3d131467,bf34f8fa,bf34cf68,bc36488a,3d131467,1,31247000

9191,672,181,-286,-1022,16490,142,-3913,233,-1362,bf351573,bf34b415,bc31e038,3d11f330,bf351574,bf34b413,bc31e01d,3d11f32f,1,31255519

9192,713,164,-302,-1040,16398,194,-3851,285,-1408,bf3536ba,bf3493e2,bc2d4773,3d10d4a5,bf3536bb,bf3493e0,bc2d4759,3d10d4a4,1,31264038

9193,757,165,-300,-1052,16373,213,-3851,285,-1408,bf355a60,bf347137,bc28dff4,3d0fbe35,bf355a60,bf347136,bc28dfd9,3d0fbe34,1,31272556

9194,806,187,-303,-1121,16544,179,-3865,255,-1336,bf357cf1,bf344f90,bc24ffca,3d0ea263,bf357cf1,bf344f8f,bc24ffaf,3d0ea262,1,31281075

9195,925,225,-292,-951,16150,342,-3889,245,-1408,bf35abdb,bf342151,bc1fb7c7,3d0db3eb,bf35abda,bf342150,bc1fb7ad,3d0db3ea,1,31289093

9196,1011,254,-218,-647,16520,-36,-3889,245,-1408,bf35d904,bf33f4b1,bc1a07cf,3d0cdc7d,bf35d904,bf33f4b1,bc1a07b6,3d0cdc7d,1,31297611

9197,1263,321,70,-1258,16490,456,-3893,213,-1454,bf361d1f,bf33aed0,bc1a06c3,3d0e1482,bf361d1f,bf33aed0,bc1a06aa,3d0e1482,1,31306136

9198,1512,505,225,-1370,16912,386,-3897,281,-1481,bf366ded,bf335ab4,bc19df8c,3d10ad0f,bf366ded,bf335ab4,bc19df73,3d10ad0e,1,31314655

9199,1667,567,111,-1225,16515,599,-3893,265,-1428,bf36c87d,bf32fcda,bc1743bd,3d12c3eb,bf36c87d,bf32fcda,bc1743a4,3d12c3ea,1,31323173

9200,1583,531,-76,-676,14132,1863,-3893,265,-1428,bf37401e,bf32821c,bc101bed,3d138364,bf37401f,bf32821d,bc101bd4,3d138363,1,31331692

9201,860,372,-334,-1015,17120,-187,-3889,185,-1438,bf375f4c,bf3262ee,bc0826ed,3d12f74b,bf375f4c,bf3262ee,bc0826d3,3d12f749,1,31340210

9202,921,318,-470,-1532,16898,710,-3873,225,-1457,bf378d8c,bf323431,bc01603c,3d124fa9,bf378d8c,bf323431,bc016022,3d124fa7,1,31348729

9203,1245,495,-367,-855,16144,637,-3873,225,-1457,bf37cd80,bf31f2f2,bbedec3b,3d11fe2e,bf37cd7f,bf31f2f1,bbedec06,3d11fe2d,1,31357248

9204,1347,666,-264,-618,16198,545,-3925,193,-1446,bf38102d,bf31ae1a,bbd594b0,3d126bc8,bf38102d,bf31ae1a,bbd5947f,3d126bc8,1,31365766

9205,1458,635,-111,-493,16360,495,-3915,171,-1440,bf3856e6,bf31646c,bbc23e17,3d1334ff,bf3856e6,bf31646c,bbc23de7,3d1334ff,1,31374285

9206,1563,557,16,-567,15862,870,-3915,171,-1440,bf38a840,bf310f1d,bbb5bb65,3d143249,bf38a840,bf310f1d,bbb5bb34,3d143248,1,31382303

9207,1470,442,66,-1007,15550,1544,-3891,209,-1506,bf39076e,bf30aa6f,bbb1d93c,3d15b4f7,bf39076e,bf30aa70,bbb1d90b,3d15b4f7,1,31390822

9208,1143,357,1,-421,15950,269,-3877,229,-1625,bf393ac4,bf307462,bba69f12,3d162b15,bf393ac2,bf307461,bba69edf,3d162b14,1,31399341

9209,1290,343,86,-1017,17482,597,-3877,229,-1625,bf39793a,bf3031b7,bba2976a,3d176b26,bf397939,bf3031b7,bba29738,3d176b26,1,31407859

9210,1700,397,385,-800,15742,1262,-3919,225,-1552,bf39d986,bf2fca1c,bba646e6,3d19ae98,bf39d986,bf2fca1d,bba646b5,3d19ae9a,1,31416378

9211,1797,423,493,-855,15652,1303,-3901,265,-1607,bf3a417b,bf2f593a,bbabac78,3d1caa5d,bf3a417a,bf2f593a,bbabac47,3d1caa5e,1,31424897

9212,1726,437,634,-764,16549,955,-3919,233,-1610,bf3a9895,bf2ef963,bbb3c671,3d1ffcf8,bf3a9895,bf2ef964,bbb3c641,3d1ffcfa,1,31433415

9213,1877,440,693,-1117,16639,1207,-3919,233,-1610,bf3afaaf,bf2e8cae,bbc10a68,3d23e9af,bf3afaaf,bf2e8caf,bbc10a39,3d23e9b1,1,31441934

9214,2066,480,695,-885,16743,1070,-3903,283,-1630,bf3b6407,bf2e17cf,bbca87a9,3d27b084,bf3b6406,bf2e17cf,bbca8779,3d27b085,1,31450452

9215,2242,500,725,-1421,16498,1476,-3897,263,-1640,bf3bdd51,bf2d900e,bbda1546,3d2c5506,bf3bdd50,bf2d900e,bbda1516,3d2c5507,1,31458971

9216,2247,471,573,-685,16040,1117,-3897,263,-1640,bf3c4f02,bf2d1191,bbdf0bdd,3d2f52f0,bf3c4f02,bf2d1192,bbdf0bad,3d2f52f2,1,31467490

9217,2344,376,545,-1292,17723,1383,-3939,259,-1608,bf3cc462,bf2c8e3e,bbeb9bb9,3d3244a7,bf3cc462,bf2c8e3e,bbeb9b88,3d3244a8,1,31476009

9218,2716,303,512,-687,16815,1336,-3943,289,-1599,bf3d4d75,bf2bf597,bbf58ece,3d3433ff,bf3d4d75,bf2bf597,bbf58e9e,3d343400,1,31484527

9219,3015,141,442,-1470,17479,1302,-3943,289,-1599,bf3de37f,bf2b4d8d,bc04a5df,3d35effb,bf3de37f,bf2b4d8d,bc04a5c7,3d35effc,1,31492545

9220,3369,71,247,-1460,17885,1127,-3927,267,-1658,bf3e8b8c,bf2a9163,bc0c86bf,3d36a953,bf3e8b8b,bf2a9162,bc0c86a6,3d36a954,1,31501064

9221,4050,129,128,-1075,17825,1208,-3927,341,-1707,bf3f59ce,bf29a96f,bc10b790,3d36dbde,bf3f59ce,bf29a970,bc10b779,3d36dbe1,1,31509583

9222,4903,242,290,-993,19156,388,-3927,341,-1707,bf404f28,bf2891a7,bc164482,3d37f0ad,bf404f28,bf2891a8,bc16446b,3d37f0b0,1,31518101

9223,6003,120,280,-1108,19133,348,-3915,297,-1747,bf417e85,bf2733e4,bc1eddfd,3d3893b4,bf417e85,bf2733e5,bc1edde6,3d3893b7,1,31526620

9224,7173,6,129,-2337,18039,1944,-3961,313,-1745,bf42f1e9,bf2580e9,bc2c94b8,3d390dec,bf42f1e8,bf2580e9,bc2c94a2,3d390def,1,31535138

9225,8039,124,-262,-2068,18048,2238,-3943,277,-1904,bf44945d,bf238f60,bc3235ed,3d386864,bf44945c,bf238f60,bc3235d8,3d386867,1,31543657

9226,8729,314,-607,-2140,18324,2331,-3943,277,-1904,bf465423,bf217138,bc310c3d,3d36c44b,bf465423,bf217139,bc310c28,3d36c44f,1,31552176

9227,9599,475,-942,-1894,18177,2538,-3941,311,-1929,bf483b4b,bf1f1721,bc28f395,3d340518,bf483b4b,bf1f1722,bc28f381,3d34051c,1,31560694

9228,10552,604,-1195,-1691,15725,4160,-3947,359,-2043,bf4a6cff,bf1c4d74,bc1cf42f,3d31aa3f,bf4a6cff,bf1c4d75,bc1cf41b,3d31aa42,1,31569213

9229,11193,942,-1025,-1197,14365,4365,-3947,359,-2043,bf4cb875,bf194b65,bc0c338d,3d305ccf,bf4cb875,bf194b66,bc0c3379,3d305cd2,1,31577731

9230,11560,1438,-500,-292,18659,1045,-3941,409,-2118,bf4ede97,bf166164,bbf01f8f,3d319b51,bf4ede96,bf166164,bbf01f66,3d319b54,1,31586250

9231,12348,1427,-404,-1528,15996,4766,-3879,357,-2251,bf51323b,bf131d7c,bbd1e5be,3d3494d4,bf51323b,bf131d7c,bbd1e597,3d3494d8,1,31594268

9232,13269,1848,-60,-988,13631,6331,-3879,357,-2251,bf53c1c7,bf0f61f4,bbac011c,3d39a41b,bf53c1c6,bf0f61f3,bbac00f5,3d39a41e,1,31602787

9233,13538,2409,629,-604,13604,6283,-3849,465,-2356,bf56484e,bf0b886e,bb758432,3d43184b,bf56484e,bf0b886e,bb7583e3,3d43184f,1,31611305

9234,13368,2458,757,-1662,16463,5898,-3881,521,-2425,bf588e68,bf07eae1,bb2e51b3,3d4dbe57,bf588e68,bf07eae1,bb2e5167,3d4dbe5b,1,31619824

9235,13682,2321,51,-1243,15276,6235,-3881,521,-2425,bf5ad4e9,bf042ee9,ba9e3e13,3d546125,bf5ad4e9,bf042ee9,ba9e3d7d,3d546129,1,31628343

9236,14344,2350,-460,-437,13256,6783,-3911,595,-2542,bf5d3943,bf001cfd,3a8b4141,3d5872ce,bf5d3944,bf001cfe,3a8b41d1,3d5872d3,1,31636861

9237,14457,2048,-892,-1379,12702,7679,-3879,665,-2622,bf5f9c82,bef7c040,3b281c8b,3d5b9b94,bf5f9c82,bef7c041,3b281cd5,3d5b9b98,1,31645380

9238,14140,1855,-1528,-794,12784,8218,-3861,677,-2754,bf61e3c6,beef5832,3b9a1a46,3d5ac170,bf61e3c5,beef5833,3b9a1a69,3d5ac173,1,31653899

9239,14045,1811,-1870,-100,11933,8322,-3861,677,-2754,bf641149,bee6fa50,3bf15049,3d56a546,bf641148,bee6fa51,3bf15069,3d56a548,1,31662417

9240,14090,1656,-1937,727,10461,8723,-3855,775,-2848,bf662fa4,bede772d,3c21a284,3d516209,bf662fa3,bede772e,3c21a294,3d51620b,1,31670936

9241,13860,1275,-1937,669,10565,8799,-3809,885,-2954,bf682f25,bed60ec6,3c45203f,3d4b8e4d,bf682f25,bed60ec7,3c452050,3d4b8e50,1,31679455

9242,13838,905,-1857,291,10509,9473,-3809,885,-2954,bf6a1ceb,becd8c09,3c5ec574,3d45a7b6,bf6a1cea,becd8c09,3c5ec583,3d45a7b9,1,31687472

9243,14138,754,-1674,828,9937,9688,-3871,965,-3005,bf6bfd10,bec4d80d,3c756bc2,3d3fe279,bf6bfd10,bec4d80d,3c756bd2,3d3fe27d,1,31695991

9244,14465,525,-1503,963,10254,9605,-3857,1015,-3036,bf6dc751,bebc175e,3c841a37,3d3a66fd,bf6dc752,bebc175e,3c841a40,3d3a6702,1,31704510

9245,14794,87,-1526,-452,9066,11698,-3857,1015,-3036,bf6f9658,beb2c524,3c81ab30,3d34e56c,bf6f9659,beb2c524,3c81ab39,3d34e571,1,31713028

9246,15046,64,-1547,-620,8155,12086,-3845,1147,-3205,bf71547b,bea93bfa,3c7de738,3d2f4b03,bf71547a,bea93bf9,3c7de747,3d2f4b07,1,31721547

9247,14994,309,-1568,664,7981,11632,-3785,1205,-3198,bf72f823,be9faa03,3c826781,3d29736d,bf72f822,be9faa03,3c826788,3d297371,1,31730066

9248,15084,183,-1641,562,13243,9948,-3785,1205,-3198,bf746b34,be96ab4d,3c830859,3d22b305,bf746b34,be96ab4d,3c830860,3d22b309,1,31738584

9249,16758,-540,-2935,1936,9049,7995,-3847,1341,-3289,bf75f6a1,be8c820a,3c82935f,3d1425f8,bf75f6a0,be8c820a,3c829366,3d1425fb,1,31747103

9250,20057,-2037,-3934,3849,-515,10114,-3829,1563,-3285,bf77c535,be7f318e,3c670d04,3cfd26cf,bf77c536,be7f3190,3c670d14,3cfd26d8,1,31755621

9251,22872,-2808,-2255,4599,-5538,13151,-3831,1715,-3388,bf79988a,be619920,3c2c83de,3ce1ad0f,bf79988a,be619921,3c2c83ed,3ce1ad17,1,31764140

9252,24896,-2157,845,785,7087,9198,-3831,1715,-3388,bf7b390f,be429aab,3be31df1,3ce8f20d,bf7b3910,be429aad,3be31e0e,3ce8f216,1,31772659

9253,29636,-1966,-224,250,-1119,6953,-3885,1943,-3420,bf7cead3,be1bc9f5,3b5a59a0,3ce50cab,bf7cead4,be1bc9f6,3b5a59d8,3ce50cb4,1,31781177

9254,32077,-2193,-1592,3316,-29162,32032,-3893,2195,-3454,bf7e5621,bde318d8,b9c2dc97,3cd22ff5,bf7e5620,bde318d8,b9c2daee,3cd22ffc,1,31789696

9255,19310,-2660,2412,965,4301,21846,-3893,2195,-3454,bf7ef1d4,bdb0054d,bb91f6dd,3ceac23f,bf7ef1d4,bdb0054f,bb91f6c4,3ceac246,1,31797714

9256,6151,-4931,1966,-3852,1541,18760,-3893,2315,-3425,bf7f1477,bd9fb607,bc43f25b,3cfc95ab,bf7f1477,bd9fb609,bc43f24f,3cfc95b3,1,31806232

9257,6063,-3736,303,-10183,-5952,23536,-3959,2413,-3220,bf7f35a2,bd8f57a9,bc90ef43,3cfd10fd,bf7f35a2,bd8f57ab,bc90ef3d,3cfd1105,1,31814751

9258,4547,-955,-18,-2955,-5609,16484,-3959,2413,-3220,bf7f4f7d,bd825fdb,bc9f55e1,3cfc4f5f,bf7f4f7d,bd825fdd,bc9f55db,3cfc4f67,1,31823270

9259,2664,807,-251,2343,-550,13323,-3917,2315,-3308,bf7f60ff,bd754707,bc9402d2,3cfa65e9,bf7f60ff,bd75470b,bc9402cc,3cfa65f1,1,31831788

9260,2733,240,170,-411,-176,15202,-3933,2309,-3448,bf7f6fe0,bd6496ec,bc931002,3cfd602a,bf7f6fe0,bd6496f0,bc930ffc,3cfd6032,1,31840307

9261,2825,-55,196,-1261,-4004,16672,-3933,2309,-3448,bf7f7d9b,bd5363a8,bc969480,3cffaafa,bf7f7d9b,bd5363ac,bc96947a,3cffab02,1,31848826

9262,2303,364,576,144,-2539,15440,-3927,2397,-3327,bf7f87da,bd44dcba,bc94014a,3d034365,bf7f87d8,bd44dcbd,bc940143,3d034368,1,31857344

9263,1387,43,827,-1580,-1768,15831,-3915,2365,-3387,bf7f8c17,bd3b3980,bc9731ea,3d081cdf,bf7f8c15,bd3b3983,bc9731e3,3d081ce2,1,31865863

9264,858,-61,998,-331,-2168,16144,-3971,2405,-3370,bf7f8da5,bd344814,bc9956ab,3d0dd8d3,bf7f8da5,bd344818,bc9956a5,3d0dd8d7,1,31874382

9265,485,-96,1246,-288,-3325,15029,-3971,2405,-3370,bf7f8ccd,bd2f4064,bc9bf822,3d14c860,bf7f8ccd,bd2f4068,bc9bf81c,3d14c864,1,31882900

9266,-117,-294,1558,-69,-2818,15221,-3975,2417,-3459,bf7f883e,bd2d67e3,bca03120,3d1d659c,bf7f883e,bd2d67e7,bca0311a,3d1d65a0,1,31891419

9267,-715,-350,1778,-431,-557,15583,-3925,2415,-3304,bf7f8013,bd2ec4d4,bca4db89,3d279ec2,bf7f8011,bd2ec4d7,bca4db81,3d279ec5,1,31899437

9268,-940,-275,1550,320,-878,16239,-3925,2415,-3304,bf7f77e2,bd3173b4,bca70561,3d3084c3,bf7f77e0,bd3173b7,bca70559,3d3084c6,1,31907955

9269,-834,-11,1343,-348,-1577,15188,-3925,2455,-3391,bf7f70e2,bd335b50,bca7efc1,3d385535,bf7f70e0,bd335b53,bca7efb9,3d385538,1,31916474

9270,-831,153,1380,-478,-1554,16037,-3933,2479,-3394,bf7f69b7,bd3534b0,bca74936,3d406c96,bf7f69b7,bd3534b4,bca7492f,3d406c9a,1,31924993

9271,-780,246,1289,-563,-1270,16991,-3933,2479,-3394,bf7f62f3,bd36c916,bca5a99c,3d481c52,bf7f62f1,bd36c918,bca5a994,3d481c55,1,31933512

9272,-492,469,1244,-378,-1134,15539,-3953,2439,-3409,bf7f5db0,bd36cbb5,bca196c3,3d4f8204,bf7f5db0,bd36cbb9,bca196bc,3d4f8209,1,31942030

9273,-382,105,1338,-454,50,15016,-3969,2419,-3360,bf7f574f,bd3668a3,bca13b19,3d579cd6,bf7f574f,bd3668a7,bca13b12,3d579cdb,1,31950549

9274,-782,-441,1231,-1170,1710,16162,-3969,2419,-3360,bf7f4b6a,bd39fb61,bca9e560,3d60c76c,bf7f4b6a,bd39fb65,bca9e559,3d60c771,1,31959067

9275,-735,-616,818,-1210,1817,16435,-3983,2381,-3335,bf7f4064,bd3de20c,bcb4bdef,3d67cf4b,bf7f4063,bd3de20f,bcb4bde7,3d67cf4f,1,31967586

9276,-448,-530,416,-912,1192,16129,-3959,2437,-3321,bf7f3b00,bd3e8a0f,bcbb61fc,3d6bdc9f,bf7f3aff,bd3e8a12,bcbb61f4,3d6bdca3,1,31976105

9277,11,-357,4,-1200,625,16975,-3983,2473,-3325,bf7f3a25,bd3c8637,bcc122ff,3d6d3c58,bf7f3a26,bd3c863c,bcc122f8,3d6d3c5e,1,31984623

9278,288,-261,-202,-1210,662,15929,-3983,2473,-3325,bf7f3b59,bd391b1f,bcc63b93,3d6d9538,bf7f3b5a,bd391b24,bcc63b8c,3d6d953e,1,31992641

9279,20,-240,-141,-814,387,15129,-3985,2421,-3420,bf7f3bec,bd36e532,bcc9a486,3d6df706,bf7f3beb,bd36e535,bcc9a47e,3d6df70b,1,32001661

9280,-277,-299,-123,-919,531,16066,-4017,2437,-3336,bf7f3aed,bd3650ce,bccd9f89,3d6e9f2c,bf7f3aec,bd3650d1,bccd9f81,3d6e9f31,1,32009678

9281,-404,-307,-151,-755,-710,15781,-4017,2437,-3336,bf7f3a38,bd363ca6,bcd16d16,3d6e9bdb,bf7f3a39,bd363caa,bcd16d10,3d6e9be2,1,32018197

9282,-454,-311,-112,-569,-837,15610,-4023,2441,-3381,bf7f3940,bd366c03,bcd4d5a8,3d6ec226,bf7f393f,bd366c06,bcd4d5a0,3d6ec22b,1,32026716

9283,-557,-415,-47,-980,-152,16041,-4011,2437,-3341,bf7f36e6,bd3735fa,bcda1a4b,3d6f7a22,bf7f36e5,bd3735fd,bcda1a43,3d6f7a27,1,32035234

9284,-430,-420,41,-1020,614,15939,-4011,2437,-3341,bf7f340e,bd377a79,bcdf7d68,3d710f65,bf7f340d,bd377a7c,bcdf7d60,3d710f6a,1,32043753

9285,-368,-369,28,-934,355,15822,-3995,2385,-3264,bf7f31fa,bd374c63,bce422e1,3d724c0f,bf7f31fb,bd374c69,bce422da,3d724c16,1,32052272

9286,-259,-337,21,-886,83,15799,-3997,2389,-3346,bf7f309f,bd367e13,bce85989,3d7354d8,bf7f309e,bd367e18,bce85980,3d7354dd,1,32060790

9287,-167,-350,50,-885,-341,15751,-3997,2389,-3346,bf7f2f90,bd35297d,bcecddde,3d745942,bf7f2f8f,bd352982,bcecddd5,3d745947,1,32069309

9288,-169,-375,83,-874,-291,15732,-4019,2389,-3344,bf7f2e3c,bd33d98c,bcf1914f,3d758b9d,bf7f2e3d,bd33d993,bcf19148,3d758ba4,1,32077827

9289,-207,-392,116,-1080,181,15904,-3997,2385,-3323,bf7f2c2d,bd32c9c0,bcf6ec39,3d771f4a,bf7f2c2e,bd32c9c7,bcf6ec33,3d771f51,1,32086346

9290,-138,-375,103,-1057,441,15837,-3981,2363,-3342,bf7f2a61,bd3163b1,bcfbf25f,3d78b67f,bf7f2a62,bd3163b8,bcfbf259,3d78b686,1,32094865

9291,-39,-355,37,-1206,438,15974,-3981,2363,-3342,bf7f2920,bd2f7d6f,bd00aefc,3d79f543,bf7f2921,bd2f7d76,bd00aef9,3d79f54a,1,32102883

9292,48,-295,-27,-1323,-71,16025,-3999,2353,-3354,bf7f28d9,bd2d0fe1,bd0344c9,3d7a96d0,bf7f28da,bd2d0fe8,bd0344c6,3d7a96d7,1,32111401

9293,44,-214,-74,-1342,-126,15977,-4021,2395,-3412,bf7f28ed,bd2aa5e8,bd055e65,3d7b0f2c,bf7f28ec,bd2aa5ee,bd055e61,3d7b0f31,1,32119920

9294,13,-112,-85,-1025,-315,15782,-4021,2395,-3412,bf7f2992,bd28530c,bd06691b,3d7b69e9,bf7f2991,bd285312,bd066917,3d7b69ee,1,32128438

9295,-54,-100,-69,-1120,-6,15846,-4017,2373,-3325,bf7f29c0,bd265d90,bd077e8e,3d7bf536,bf7f29bf,bd265d96,bd077e8a,3d7bf53b,1,32136957

9296,-60,-98,-24,-870,-86,15683,-3975,2391,-3405,bf7f29e8,bd24744f,bd081dc8,3d7cb55a,bf7f29e9,bd247457,bd081dc5,3d7cb561,1,32145475

9297,-46,-147,12,-1087,-72,15796,-3975,2391,-3405,bf7f2992,bd2274f1,bd095ef2,3d7dab38,bf7f2991,bd2274f8,bd095eee,3d7dab3d,1,32153994

9298,-54,-188,46,-1214,21,15827,-4065,2425,-3338,bf7f2899,bd208ca3,bd0b0b29,3d7ef0c2,bf7f2898,bd208caa,bd0b0b25,3d7ef0c7,1,32162513

9299,-53,-166,69,-1406,242,16012,-4051,2327,-3377,bf7f2766,bd1ea3a2,bd0d2296,3d8017d9,bf7f2767,bd1ea3aa,bd0d2293,3d8017dc,1,32171031

9300,10,-81,58,-1377,241,15969,-4051,2327,-3377,bf7f26bc,bd1c5b3c,bd0eb4d8,3d80b0ca,bf7f26bb,bd1c5b43,bd0eb4d4,3d80b0cc,1,32179550

9301,65,-10,31,-1289,253,15938,-4021,2381,-3314,bf7f2689,bd19c9ac,bd0f95e0,3d8150f0,bf7f2688,bd19c9b3,bd0f95dc,3d8150f2,1,32188069

9302,115,44,1,-1166,149,15862,-4069,2441,-3287,bf7f26db,bd16f866,bd0fdebb,3d81e822,bf7f26dc,bd16f86e,bd0fdeb8,3d81e825,1,32196587

9303,165,84,-12,-1183,218,15870,-3971,2395,-3309,bf7f278a,bd13db3b,bd100012,3d826e62,bf7f2789,bd13db42,bd10000e,3d826e64,1,32205106

9304,213,102,-11,-1111,173,15840,-3971,2395,-3309,bf7f287e,bd107b04,bd0fe5da,3d82f049,bf7f287d,bd107b0b,bd0fe5d6,3d82f04b,1,32213124

9305,252,107,-17,-1171,462,15931,-4033,2461,-3311,bf7f290c,bd0d1039,bd0fc85d,3d83a14d,bf7f290b,bd0d1040,bd0fc859,3d83a14f,1,32221642

9306,353,126,-60,-1229,251,15851,-4037,2393,-3335,bf7f2a62,bd08f79c,bd0fe627,3d84071f,bf7f2a63,bd08f7a4,bd0fe624,3d840723,1,32230161

9307,436,164,-74,-1151,-39,15852,-4037,2393,-3335,bf7f2c63,bd045d9c,bd0fb2c3,3d844a5b,bf7f2c62,bd045da3,bd0fb2be,3d844a5e,1,32238680

9308,415,187,-105,-1211,346,16030,-4009,2445,-3331,bf7f2df3,bd000849,bd0f58e4,3d84b222,bf7f2df4,bd000851,bd0f58e1,3d84b226,1,32247198

9309,400,228,-242,-1026,-811,15639,-4009,2413,-3315,bf7f311c,bcf7249a,bd0eb370,3d84686c,bf7f311d,bcf724aa,bd0eb36e,3d846870,1,32255717

9310,270,211,-275,-1072,-558,15688,-4009,2413,-3315,bf7f33e3,bcefa392,bd0e2221,3d841578,bf7f33e4,bcefa3a2,bd0e221f,3d84157c,1,32264235

9311,139,143,-147,-1181,93,15818,-4021,2451,-3309,bf7f34d1,bce9ca76,bd0df9ad,3d8454ce,bf7f34d0,bce9ca85,bd0df9aa,3d8454d1,1,32272754

9312,152,121,-77,-1061,-140,15659,-4039,2497,-3293,bf7f357c,bce3c668,bd0db91d,3d84bbc7,bf7f357b,bce3c677,bd0db91a,3d84bbca,1,32281273

9313,142,95,-52,-984,-154,15644,-4039,2497,-3293,bf7f35f9,bcdde44b,bd0d7515,3d85316b,bf7f35f8,bcdde45a,bd0d7512,3d85316e,1,32289799

9314,107,35,-5,-1175,-11,15851,-3989,2425,-3353,bf7f35c6,bcd84c2e,bd0deb99,3d85bcd3,bf7f35c5,bcd84c3d,bd0deb96,3d85bcd6,1,32298317

9315,110,21,0,-1311,174,15948,-3991,2431,-3293,bf7f3505,bcd2e333,bd0eced5,3d86666c,bf7f3505,bcd2e343,bd0eced3,3d86666f,1,32306836

9316,152,76,-8,-1226,35,15826,-4021,2399,-3307,bf7f34e8,bcccca21,bd0f4057,3d86ec23,bf7f34e7,bcccca30,bd0f4054,3d86ec26,1,32314854

9317,192,120,-17,-1077,-18,15755,-4021,2399,-3307,bf7f3554,bcc63667,bd0f0b2d,3d8764a3,bf7f3553,bcc63676,bd0f0b2a,3d8764a6,1,32323372

9318,187,100,-19,-1145,167,15802,-4023,2467,-3324,bf7f351d,bcc00165,bd0f03ea,3d880ece,bf7f351e,bcc00174,bd0f03e9,3d880ed2,1,32331891

9319,210,101,-19,-1147,-9,15776,-4013,2463,-3326,bf7f3513,bcb967d7,bd0f0ed0,3d88a2d1,bf7f3512,bcb967e5,bd0f0ece,3d88a2d4,1,32340410

9320,222,107,-19,-1161,-104,15811,-4013,2463,-3326,bf7f3513,bcb29f16,bd0f212f,3d892df3,bf7f3513,bcb29f25,bd0f212e,3d892df6,1,32348928

9321,187,101,-9,-1172,-69,15806,-3993,2425,-3346,bf7f34f5,bcac2569,bd0f4af2,3d89b607,bf7f34f5,bcac2578,bd0f4af1,3d89b60a,1,32357447

9322,165,108,1,-1176,4,15837,-3949,2401,-3346,bf7f34b4,bca5e4d5,bd0f6e18,3d8a4572,bf7f34b5,bca5e4e4,bd0f6e18,3d8a4575,1,32365966

9323,170,126,-2,-1182,84,15860,-3949,2401,-3346,bf7f345d,bc9fa622,bd0f7ad8,3d8adf53,bf7f345c,bc9fa630,bd0f7ad7,3d8adf55,1,32374484

9324,192,136,-9,-1198,194,15904,-4085,2425,-3296,bf7f33be,bc99651e,bd0f896f,3d8b94bd,bf7f33be,bc99652c,bd0f896f,3d8b94bf,1,32383003

9325,250,160,-22,-1157,384,15872,-4005,2427,-3340,bf7f32f5,bc93024f,bd0f2c1c,3d8c75b7,bf7f32f6,bc93025e,bd0f2c1c,3d8c75ba,1,32391522

9326,329,188,-90,-1101,81,15718,-4005,2427,-3340,bf7f336b,bc8b3206,bd0ea89a,3d8ce0a4,bf7f336b,bc8b3215,bd0ea899,3d8ce0a7,1,32400040

9327,389,198,-175,-1003,-912,15359,-4039,2425,-3407,bf7f352e,bc82569d,bd0e3c3d,3d8cb7cf,bf7f352c,bc8256ab,bd0e3c3b,3d8cb7d1,1,32408559

9328,276,126,-69,-949,-571,15681,-4063,2449,-3401,bf7f35d1,bc759ab7,bd0de23e,3d8cf0eb,bf7f35d1,bc759ad5,bd0de23e,3d8cf0ee,1,32416577

9329,77,27,25,-1011,285,15845,-4025,2445,-3278,bf7f3453,bc6d318c,bd0d6daf,3d8df3c2,bf7f3454,bc6d31aa,bd0d6db0,3d8df3c6,1,32425096

9330,96,-10,26,-1019,-180,15623,-4025,2445,-3278,bf7f334e,bc626bd6,bd0dc2d5,3d8e99c8,bf7f334f,bc626bf3,bd0dc2d6,3d8e99cc,1,32433614

9331,74,-63,41,-1162,116,15776,-4009,2421,-3377,bf7f314c,bc58bc5b,bd0ed7e9,3d8f763f,bf7f314c,bc58bc77,bd0ed7e9,3d8f7643,1,32442133

9332,60,-62,42,-1217,-52,15846,-4013,2413,-3285,bf7f2f6e,bc4eebf1,bd102fc4,3d902e7e,bf7f2f6f,bc4eec0e,bd102fc5,3d902e83,1,32450652

9333,70,-48,58,-1291,73,15864,-4013,2413,-3285,bf7f2ced,bc45a8e9,bd11e76a,3d910e83,bf7f2ced,bc45a904,bd11e76a,3d910e87,1,32459170

9334,73,-26,77,-1404,27,15917,-4023,2395,-3377,bf7f2a43,bc3cda7e,bd142c25,3d91d5b6,bf7f2a43,bc3cda99,bd142c25,3d91d5ba,1,32467689

9335,105,11,86,-1257,-156,15852,-4027,2413,-3228,bf7f2862,bc31d115,bd153243,3d929c7c,bf7f2863,bc31d131,bd153243,3d929c81,1,32476208

9336,61,40,93,-1250,147,15858,-4027,2413,-3228,bf7f258c,bc292bb2,bd161951,3d93c549,bf7f258b,bc292bcd,bd161950,3d93c54d,1,32484726

9337,76,71,88,-1193,93,15777,-4045,2419,-3358,bf7f2357,bc1f812d,bd16598a,3d94d2be,bf7f2357,bc1f8148,bd165989,3d94d2c3,1,32493245

9338,117,81,83,-1172,83,15738,-4053,2399,-3314,bf7f2165,bc14c3b2,bd167091,3d95cdea,bf7f2165,bc14c3cc,bd167090,3d95cdef,1,32501763

9339,147,73,77,-1127,-16,15749,-4053,2399,-3314,bf7f2002,bc08ef45,bd16446a,3d969cf7,bf7f2003,bc08ef5f,bd16446a,3d969cfc,1,32509781

9340,148,53,89,-1269,161,15882,-4091,2393,-3341,bf7f1c5b,bc009e67,bd1812f7,3d97d07d,bf7f1c5b,bc009e7e,bd1812f5,3d97d082,1,32518300

9341,164,55,103,-1186,-412,15617,-4031,2423,-3357,bf7f1ad4,bbe79f11,bd18920f,3d987da1,bf7f1ad4,bbe79f3f,bd18920d,3d987da5,1,32526819

9342,139,48,108,-1343,141,15867,-4003,2455,-3364,bf7f16d9,bbd727b7,bd1a0ef5,3d99dea7,bf7f16d9,bbd727e2,bd1a0ef2,3d99deab,1,32535337

9343,136,54,93,-1177,20,15822,-4003,2455,-3364,bf7f1458,bbc28c86,bd19ffbf,3d9b0696,bf7f1458,bbc28cb0,bd19ffbc,3d9b069a,1,32543856

9344,138,55,99,-1099,-128,15739,-4035,2401,-3366,bf7f1317,bbab4ba4,bd197e1b,3d9bc5a6,bf7f1316,bbab4bcc,bd197e17,3d9bc5a9,1,32552374

9345,111,24,104,-1100,-16,15719,-4019,2401,-3338,bf7f116e,bb97f58c,bd18acf0,3d9cba11,bf7f116f,bb97f5b3,bd18acee,3d9cba16,1,32560893

9346,73,-20,104,-1105,29,15696,-4019,2401,-3338,bf7f0f5a,bb8954ef,bd17c8f6,3d9dd69e,bf7f0f59,bb895512,bd17c8f3,3d9dd6a2,1,32569412

9347,69,-67,94,-1216,93,15805,-4011,2371,-3315,bf7f0b6b,bb9cef3f,bd1a8045,3d9eb247,bf7f0b6c,bb9cef5f,bd1a8043,3d9eb24c,1,32577930

9348,83,-91,83,-1260,-24,15838,-4013,2411,-3366,bf7f07f9,bb8aba18,bd1c5448,3d9fb21b,bf7f07fa,bb8aba37,bd1c5446,3d9fb220,1,32586449

9349,83,-92,101,-1242,31,15828,-4013,2411,-3366,bf7f03e7,bb76f49e,bd1dbf40,3da10389,bf7f03e8,bb76f4d8,bd1dbf3d,3da1038e,1,32594968

9350,76,-91,133,-1252,-151,15817,-3997,2441,-3240,bf7f0080,bb503841,bd1f064f,3da218dd,bf7f0081,bb50387a,bd1f064c,3da218e2,1,32603486

9351,63,-81,171,-1274,163,15758,-4017,2469,-3334,bf7efa90,bb4f40e2,bd202c93,3da423bf,bf7efa8f,bb4f4116,bd202c8f,3da423c3,1,32612005

9352,91,-100,192,-1189,177,15742,-4017,2469,-3334,bf7ef5a1,bb51085f,bd1fd8a8,3da61e8a,bf7ef5a1,bb510890,bd1fd8a5,3da61e8e,1,32620023

9353,109,-133,172,-1115,222,15681,-4035,2451,-3261,bf7ef258,bb6a93c8,bd1ebe0b,3da79b0f,bf7ef259,bb6a93fc,bd1ebe0a,3da79b14,1,32628541

9354,142,-198,131,-1292,6,15793,-4057,2423,-3252,bf7eed07,bb4f1d4c,bd21d8c8,3da8ea4c,bf7eed06,bb4f1d7c,bd21d8c6,3da8ea50,1,32637060

9355,132,-232,106,-1432,96,15876,-4017,2441,-3240,bf7ee6db,bb53d8c6,bd264c1b,3daa26d0,bf7ee6db,bb53d8f6,bd264c19,3daa26d3,1,32645579

9356,125,-193,80,-1371,136,15778,-4017,2441,-3240,bf7ee0a9,bb67815e,bd296670,3dabacda,bf7ee0a9,bb67818a,bd29666e,3dabacdd,1,32654097

9357,143,-184,69,-1459,46,15856,-4069,2419,-3246,bf7edbac,bb705772,bd2e052a,3dac5b22,bf7edbac,bb70579b,bd2e0528,3dac5b25,1,32662616

9358,145,-178,69,-1357,17,15785,-3999,2419,-3320,bf7ed72c,bb54a38d,bd2f8440,3dadac42,bf7ed72d,bb54a3b4,bd2f843e,3dadac46,1,32671135

9359,125,-172,85,-1516,136,15881,-3999,2419,-3320,bf7ed238,bb78c9b5,bd3385de,3dae6b19,bf7ed238,bb78c9d7,bd3385dc,3dae6b1c,1,32679653

9360,154,-138,113,-1369,4,15732,-4065,2379,-3302,bf7ed394,bb8ff33c,bd3407db,3dadbad8,bf7ed394,bb8ff348,bd3407d7,3dadbadb,1,32688172

9361,158,-146,164,-1386,-117,15707,-4079,2439,-3291,bf7ecff6,bb7173e2,bd356466,3daec4ec,bf7ecff7,bb7173fb,bd356464,3daec4ef,1,32696690

9362,142,-180,247,-1438,194,15804,-4079,2439,-3291,bf7ecab5,bb92133c,bd370fdd,3db02aa8,bf7ecab5,bb921349,bd370fdb,3db02aaa,1,32705209

9363,168,-184,240,-1355,210,15749,-4071,2443,-3329,bf7ec6c2,bba407bf,bd36b186,3db19f49,bf7ec6c3,bba407cf,bd36b185,3db19f4b,1,32713728

9364,173,-206,197,-1471,218,15849,-4097,2391,-3408,bf7ec418,bbc01338,bd38e660,3db1e5e9,bf7ec418,bbc01349,bd38e65f,3db1e5ea,1,32721746

9365,181,-187,137,-1354,38,15755,-4097,2391,-3408,bf7ec507,bbbd0403,bd375835,3db1faa2,bf7ec507,bbbd0410,bd375834,3db1faa3,1,32730264

9366,182,-213,152,-1172,-97,15570,-4035,2411,-3321,bf7ec3ed,bbab5837,bd36a9cc,3db29dc8,bf7ec3ed,bbab5843,bd36a9cb,3db29dc9,1,32738783

9367,181,-296,220,-1540,-42,15827,-4093,2463,-3263,bf7ebdaf,bb984f8d,bd3a4c50,3db3f6f9,bf7ebdb0,bb984f98,bd3a4c50,3db3f6fb,1,32747302

9368,165,-298,274,-1401,156,15659,-4093,2463,-3263,bf7eb768,bb9f7d6c,bd3aea03,3db5fdbb,bf7eb769,bb9f7d77,bd3aea03,3db5fdbd,1,32755820

9369,125,-335,190,-1553,205,15792,-4069,2411,-3340,bf7eb2ef,bbbbcc30,bd3eab54,3db67a28,bf7eb2ef,bbbbcc3c,bd3eab53,3db67a2a,1,32764339

9370,132,-357,113,-1705,159,15803,-4087,2419,-3234,bf7ead83,bbcc1543,bd441584,3db6ddad,bf7ead83,bbcc1550,bd441583,3db6ddaf,1,32772857

9371,141,-315,74,-1630,283,15787,-4079,2425,-3236,bf7ea942,bbe7f0fe,bd47960b,3db744ba,bf7ea943,bbe7f10a,bd47960c,3db744bc,1,32781376

9372,179,-299,56,-1673,223,15856,-4079,2425,-3236,bf7ea402,bbfc01ca,bd4bd3f2,3db7d21c,bf7ea401,bbfc01d6,bd4bd3f1,3db7d21d,1,32789895

9373,217,-270,31,-1921,123,16025,-4077,2405,-3212,bf7e9f50,bbffc422,bd513578,3db7ea8f,bf7e9f50,bbffc42f,bd513577,3db7ea91,1,32798413

9374,226,-167,3,-1705,107,15827,-4103,2415,-3235,bf7e9ad9,bbfc485b,bd554884,3db84f2a,bf7e9ad9,bbfc4866,bd554883,3db84f2b,1,32806932

9375,216,-114,2,-1687,239,15795,-4103,2415,-3235,bf7e98e8,bc0ac52a,bd56a826,3db87070,bf7e98e8,bc0ac530,bd56a825,3db87071,1,32814950

9376,243,-87,6,-1745,39,15799,-4089,2441,-3226,bf7e954b,bbfe4cc5,bd58d904,3db92d0d,bf7e954c,bbfe4cd2,bd58d904,3db92d0f,1,32823469

9377,241,-53,5,-1893,242,15915,-4131,2439,-3265,bf7e90ef,bc053983,bd5c6c6d,3db98ce4,bf7e90ef,bc05398a,bd5c6c6c,3db98ce6,1,32831987

9378,249,-6,-13,-1791,60,15897,-4131,2439,-3265,bf7e8d84,bbf52fdc,bd5e6e59,3dba3c8b,bf7e8d85,bbf52fed,bd5e6e5a,3dba3c8e,1,32840506

9379,243,43,-22,-1774,46,15903,-4099,2467,-3243,bf7e8a8f,bbdeac06,bd5f1726,3dbb2865,bf7e8a8f,bbdeac15,bd5f1726,3dbb2868,1,32849025

9380,249,81,-15,-1731,-26,15798,-4081,2413,-3205,bf7e8a6e,bbc41626,bd5f3cd3,3dbb467f,bf7e8a6d,bbc41633,bd5f3cd2,3dbb4681,1,32857543

9381,246,102,-21,-1735,49,15770,-4081,2413,-3205,bf7e8ad4,bbcc3775,bd5f26e6,3dbb212f,bf7e8ad3,bbcc3781,bd5f26e5,3dbb2130,1,32866062

9382,233,118,-29,-1726,127,15804,-4137,2467,-3259,bf7e8810,bbc8f513,bd5e26d3,3dbc60cd,bf7e8811,bbc8f520,bd5e26d4,3dbc60d0,1,32874580

9383,246,146,-33,-1721,145,15778,-4121,2417,-3214,bf7e8933,bbdfc53b,bd5d98eb,3dbc0e97,bf7e8934,bbdfc547,bd5d98eb,3dbc0e9a,1,32883099

9384,259,161,-26,-1707,59,15814,-4173,2401,-3257,bf7e8d2b,bbeda361,bd5caa73,3dbaeb15,bf7e8d2b,bbeda369,bd5caa70,3dbaeb18,1,32891618

9385,272,180,-10,-1513,-256,15677,-4173,2401,-3257,bf7e8fae,bbd1cf1e,bd5aca64,3dbabe7c,bf7e8fae,bbd1cf25,bd5aca61,3dbabe7f,1,32900136

9386,228,130,28,-1630,-151,15786,-4115,2457,-3281,bf7e8efd,bbb6b342,bd5a0e1e,3dbb4da4,bf7e8efd,bbb6b349,bd5a0e1b,3dbb4da7,1,32908655

9387,178,92,56,-1667,131,15782,-4119,2425,-3288,bf7e8f19,bbce9bc4,bd5903de,3dbb796d,bf7e8f19,bbce9bca,bd5903da,3dbb7970,1,32917173

9388,192,80,77,-1521,-20,15650,-4119,2425,-3288,bf7e9077,bbc05120,bd565fdd,3dbbd3c6,bf7e9077,bbc05124,bd565fd9,3dbbd3c9,1,32925191

9389,187,28,89,-1616,-63,15800,-4111,2419,-3230,bf7e90b7,bba932fe,bd5583c3,3dbc12e4,bf7e90b7,bba93302,bd5583bf,3dbc12e7,1,32933710

9390,153,-1,103,-1654,-139,15820,-4093,2429,-3232,bf7e8ee5,bb90b64c,bd56311b,3dbc9382,bf7e8ee5,bb90b650,bd563117,3dbc9385,1,32942229

9391,112,0,143,-1693,-440,15866,-4093,2429,-3232,bf7e8cb4,bb721262,bd5744be,3dbd12e6,bf7e8cb4,bb72126a,bd5744ba,3dbd12e9,1,32950747

9392,80,44,259,-1801,390,15776,-4117,2461,-3264,bf7e890b,bb97a3f2,bd58609a,3dbde6fa,bf7e890c,bb97a3f7,bd586097,3dbde6fe,1,32959266

9393,111,26,147,-1762,183,15792,-4123,2453,-3180,bf7e8569,bbb2bc76,bd59ee0f,3dbe94ab,bf7e856a,bbb2bc7a,bd59ee0d,3dbe94af,1,32967785

9394,155,57,135,-1759,54,15825,-4123,2453,-3180,bf7e7ffe,bbb3b3db,bd5c243f,3dbfbf1b,bf7e7fff,bbb3b3e4,bd5c243d,3dbfbf1e,1,32976303

9395,156,73,139,-1735,180,15755,-4097,2425,-3213,bf7e7e93,bbcf3767,bd5c951b,3dbffba6,bf7e7e94,bbcf3770,bd5c951a,3dbffba9,1,32984822

9396,172,98,113,-1703,-26,15763,-4153,2459,-3299,bf7e7c28,bbb8aa38,bd5c64d4,3dc0ed88,bf7e7c27,bbb8aa40,bd5c64d2,3dc0ed8a,1,32993341

9397,168,85,82,-1641,-2,15735,-4075,2443,-3259,bf7e7b8a,bba9966f,bd5a74e6,3dc1bb90,bf7e7b8a,bba99674,bd5a74e6,3dc1bb93,1,33001859

9398,156,56,70,-1629,73,15715,-4075,2443,-3259,bf7e7b47,bbb3cd06,bd582ff6,3dc26b13,bf7e7b46,bbb3cd0b,bd582ff4,3dc26b16,1,33010378

9399,151,27,63,-1782,117,15829,-4109,2451,-3216,bf7e7748,bbc5c106,bd5ac5e0,3dc2eef1,bf7e7748,bbc5c10e,bd5ac5df,3dc2eef4,1,33018897

9400,175,28,74,-1856,43,15867,-4061,2425,-3259,bf7e7373,bbca9602,bd5e5c10,3dc3268d,bf7e7374,bbca960b,bd5e5c0f,3dc32691,1,33026915

9401,188,71,98,-1764,77,15821,-4061,2425,-3259,bf7e711b,bbdb26d8,bd5fb753,3dc3753d,bf7e711c,bbdb26e7,bd5fb751,3dc37541,1,33035433

9402,200,102,111,-1748,42,15814,-4111,2431,-3301,bf7e6fd3,bbd6b676,bd5fdc39,3dc3d9b6,bf7e6fd3,bbd6b683,bd5fdc38,3dc3d9b9,1,33043952

9403,225,127,165,-1680,-269,15774,-4125,2457,-3221,bf7e6e52,bbba0638,bd5f822b,3dc48d83,bf7e6e53,bbba0646,bd5f822b,3dc48d87,1,33052471

9404,201,121,259,-1651,90,15679,-4125,2457,-3221,bf7e6d18,bbc1c62c,bd5ccc1c,3dc5af00,bf7e6d19,bbc1c636,bd5ccc1a,3dc5af02,1,33060989

9405,197,90,308,-1615,70,15706,-4133,2463,-3214,bf7e6b61,bbc0c5c0,bd5a0123,3dc7028c,bf7e6b61,bbc0c5c8,bd5a0120,3dc7028d,1,33069508

9406,204,54,322,-1696,-101,15794,-4129,2431,-3241,bf7e696f,bba7943b,bd5ac801,3dc781af,bf7e6970,bba79444,bd5ac7ff,3dc781b0,1,33078026

9407,185,38,379,-1626,126,15586,-4129,2431,-3241,bf7e67f2,bbbf8865,bd5a0dc5,3dc818c3,bf7e67f1,bbbf886c,bd5a0dc2,3dc818c1,1,33086545

9408,164,-4,362,-1655,163,15648,-4095,2501,-3316,bf7e6152,bbc2f61a,bd594cdd,3dca6153,bf7e6152,bbc2f61e,bd594cdb,3dca6152,1,33095064

9409,146,-68,280,-1736,114,15709,-4113,2481,-3196,bf7e59d4,bbcda64b,bd5b7112,3dcc1b7c,bf7e59d3,bbcda64c,bd5b710e,3dcc1b7b,1,33103582

9410,143,-100,239,-1795,239,15792,-4081,2463,-3300,bf7e54cd,bbe8425b,bd5d97b5,3dccfae8,bf7e54cd,bbe8425a,bd5d97b2,3dccfae8,1,33112101

9411,180,-101,218,-2015,180,15985,-4081,2463,-3300,bf7e4e74,bbf34e83,bd61bd41,3dcdc42e,bf7e4e74,bbf34e83,bd61bd3e,3dcdc42e,1,33120620

9412,199,-11,185,-1943,70,15875,-4083,2481,-3185,bf7e47dd,bbec035f,bd6523b9,3dcee46c,bf7e47dd,bbec0360,bd6523b6,3dcee46b,1,33128638

9413,201,59,157,-1601,67,15644,-4159,2469,-3190,bf7e48c6,bbe94c09,bd6228a7,3dcf71c0,bf7e48c6,bbe94c08,bd6228a4,3dcf71bf,1,33137156

9414,203,11,137,-1672,-35,15725,-4159,2469,-3190,bf7e4866,bbd47e5b,bd60d09d,3dd002d0,bf7e4866,bbd47e57,bd60d09b,3dd002cf,1,33145675

9415,175,-31,109,-1627,-54,15709,-4083,2473,-3181,bf7e4757,bbc197e5,bd5f96fe,3dd0bc08,bf7e4757,bbc197dd,bd5f96fd,3dd0bc07,1,33154193

9416,138,-71,90,-1650,28,15689,-4057,2473,-3211,bf7e45ba,bbbafc55,bd5e11e8,3dd1a753,bf7e45bb,bbbafc52,bd5e11e7,3dd1a753,1,33162712

9417,132,-142,95,-1728,14,15740,-4057,2473,-3211,bf7e40f6,bbb2af73,bd5f54ca,3dd2c9dd,bf7e40f5,bbb2af6f,bd5f54c6,3dd2c9dc,1,33171231

9418,120,-184,82,-1837,153,15795,-4113,2475,-3239,bf7e3ced,bbcd22b8,bd62626b,3dd318b5,bf7e3ced,bbcd22b4,bd626269,3dd318b4,1,33179749

9419,131,-185,74,-2037,116,15918,-4099,2457,-3182,bf7e3857,bbdd36fb,bd66dbe5,3dd333a6,bf7e3857,bbdd36f5,bd66dbe3,3dd333a5,1,33188268

9420,142,-132,67,-1850,29,15741,-4099,2457,-3182,bf7e34ae,bbe3444b,bd6a68f0,3dd34cec,bf7e34ad,bbe34444,bd6a68ed,3dd34cea,1,33196787

9421,141,-103,79,-1997,97,15859,-4089,2473,-3151,bf7e2f2e,bbed5422,bd6e69d3,3dd3caf9,bf7e2f2e,bbed541b,bd6e69d2,3dd3caf8,1,33205305

9422,154,-72,83,-1867,-96,15729,-4077,2489,-3217,bf7e2b9b,bbd7034b,bd6fa8bc,3dd49ac9,bf7e2b9b,bbd70344,bd6fa8bb,3dd49ac8,1,33213824

9423,121,-60,93,-1922,174,15731,-4121,2431,-3159,bf7e2aaf,bbf359be,bd713ee7,3dd44ffd,bf7e2aae,bbf359b7,bd713ee5,3dd44ffb,1,33222342

9424,134,-55,105,-1947,191,15803,-4121,2431,-3159,bf7e297f,bc077814,bd72e1c0,3dd41218,bf7e297f,bc07780f,bd72e1c0,3dd41217,1,33230360

9425,176,-53,114,-1959,102,15803,-4101,2463,-3168,bf7e249a,bc0b7a90,bd75be80,3dd4ab82,bf7e249a,bc0b7a8b,bd75be81,3dd4ab81,1,33238879

9426,198,-40,113,-2011,110,15834,-4107,2431,-3127,bf7e22c2,bc146401,bd78780f,3dd455fb,bf7e22c3,bc1463fe,bd787811,3dd455fa,1,33247398

9427,197,-17,96,-1938,139,15805,-4107,2431,-3127,bf7e236d,bc1f706c,bd78edc4,3dd3e00e,bf7e236d,bc1f7068,bd78edc2,3dd3e00c,1,33255916

9428,210,5,61,-1912,90,15784,-4137,2471,-3199,bf7e21f0,bc1748ba,bd781f80,3dd4a607,bf7e21f0,bc1748b6,bd781f7f,3dd4a605,1,33264435

9429,214,19,34,-1928,-2,15802,-4111,2451,-3221,bf7e2181,bc0b191e,bd787485,3dd4d00e,bf7e2182,bc0b191b,bd787486,3dd4d00c,1,33272953

9430,197,14,27,-1994,40,15818,-4111,2451,-3221,bf7e1f23,bc087551,bd7b1c43,3dd4c466,bf7e1f22,bc08754c,bd7b1c41,3dd4c463,1,33281472

9431,193,23,29,-1960,0,15781,-4095,2467,-3128,bf7e1d29,bbfbd7dc,bd7ba3c4,3dd54d4a,bf7e1d28,bbfbd7d3,bd7ba3c4,3dd54d47,1,33289991

9432,171,31,30,-1997,39,15819,-4145,2485,-3222,bf7e1952,bbf1aaeb,bd7cefd1,3dd61b37,bf7e1951,bbf1aae4,bd7cefd2,3dd61b34,1,33298509

9433,160,44,20,-2037,124,15816,-4145,2485,-3222,bf7e15be,bc01c137,bd7ea823,3dd69378,bf7e15bd,bc01c132,bd7ea825,3dd69375,1,33307028

9434,179,82,12,-1993,79,15801,-4129,2507,-3213,bf7e121b,bbf88b82,bd7e7a66,3dd7c0b8,bf7e121c,bbf88b7a,bd7e7a6b,3dd7c0b7,1,33315546

9435,184,100,2,-1924,78,15714,-4145,2455,-3125,bf7e1555,bc05a2d8,bd7cf5fd,3dd7293a,bf7e1555,bc05a2d1,bd7cf5fe,3dd72939,1,33324065

9436,177,100,-4,-1988,190,15797,-4181,2483,-3248,bf7e14a2,bc11efdd,bd7ce108,3dd74413,bf7e14a1,bc11efd5,bd7ce109,3dd74411,1,33332584

9437,206,104,-4,-1930,0,15768,-4181,2483,-3248,bf7e14cb,bc069846,bd7be170,3dd7a08a,bf7e14cb,bc06983e,bd7be173,3dd7a088,1,33340601

9438,199,99,-6,-1978,41,15780,-4151,2443,-3239,bf7e1739,bc0ced1d,bd7cadaf,3dd69c86,bf7e1738,bc0ced17,bd7cadb1,3dd69c83,1,33349120

9439,189,98,1,-1926,-1,15742,-4123,2529,-3240,bf7e1529,bc023907,bd7c1694,3dd77fbd,bf7e152a,bc023902,bd7c1698,3dd77fbb,1,33357639

9440,171,91,8,-1947,32,15781,-4123,2529,-3240,bf7e1255,bbf25cb2,bd7ba02c,3dd88c68,bf7e1256,bbf25ca9,bd7ba030,3dd88c66,1,33366157

9441,161,91,8,-1972,64,15774,-4181,2451,-3155,bf7e1463,bc0434b8,bd7c162e,3dd7b594,bf7e1464,bc0434b4,bd7c1632,3dd7b592,1,33374676

9442,166,90,15,-1998,100,15789,-4149,2431,-3207,bf7e15e8,bc0fafef,bd7cde94,3dd6eaa4,bf7e15e9,bc0fafec,bd7cde97,3dd6eaa2,1,33383195

9443,170,103,14,-1979,70,15789,-4149,2431,-3207,bf7e18c0,bc18bd6b,bd7d338c,3dd5e0e8,bf7e18c1,bc18bd68,bd7d338e,3dd5e0e6,1,33391713

9444,184,105,13,-1957,31,15783,-4119,2427,-3169,bf7e1d6f,bc18ad80,bd7cb23e,3dd4a244,bf7e1d6f,bc18ad7b,bd7cb23e,3dd4a241,1,33400232

9445,181,107,14,-1883,-23,15691,-4089,2493,-3256,bf7e1c8b,bc0d5813,bd7bad58,3dd55290,bf7e1c8b,bc0d580f,bd7bad58,3dd5528d,1,33408751

9446,165,91,15,-1961,131,15763,-4089,2493,-3256,bf7e18f5,bc0a4489,bd7b212d,3dd6947a,bf7e18f4,bc0a4484,bd7b212c,3dd69476,1,33417269

9447,174,88,11,-1940,61,15790,-4103,2421,-3262,bf7e1c83,bc13558c,bd7ac25c,3dd58a02,bf7e1c83,bc135588,bd7ac25b,3dd589ff,1,33425788

9448,181,85,-1,-1986,84,15790,-4099,2449,-3247,bf7e1b57,bc153042,bd7c1e53,3dd57797,bf7e1b57,bc15303d,bd7c1e53,3dd57794,1,33434307

9449,188,75,-1,-2028,169,15790,-4109,2457,-3240,bf7e1935,bc1f0284,bd7daa0a,3dd58856,bf7e1935,bc1f027f,bd7daa0a,3dd58853,1,33442325

9450,194,75,-12,-1972,5,15734,-4109,2457,-3240,bf7e189f,bc13001a,bd7de1a6,3dd5c703,bf7e189f,bc130015,bd7de1a6,3dd5c700,1,33450843

9451,171,78,-27,-2009,57,15767,-4075,2449,-3171,bf7e1739,bc0f814b,bd7f5447,3dd5ccaa,bf7e1738,bc0f8144,bd7f5445,3dd5cca6,1,33459362

9452,157,91,-25,-1978,49,15785,-4105,2489,-3228,bf7e1548,bc06dcaa,bd7ed2d9,3dd69caf,bf7e1549,bc06dca4,bd7ed2d9,3dd69cac,1,33467880

9453,160,102,-13,-1974,149,15791,-4105,2489,-3228,bf7e131b,bc0b322a,bd7da5dc,3dd78f9a,bf7e131b,bc0b3223,bd7da5d9,3dd78f95,1,33476399

9454,185,109,-8,-2010,142,15815,-4107,2441,-3169,bf7e1407,bc170474,bd7e26f3,3dd703f9,bf7e1408,bc17046d,bd7e26f1,3dd703f5,1,33484917

9455,205,97,-4,-2015,87,15752,-4113,2437,-3209,bf7e14e3,bc1dbaf3,bd7f9045,3dd6443b,bf7e14e3,bc1dbaec,bd7f9042,3dd64437,1,33493436

9456,212,90,2,-2006,76,15791,-4113,2437,-3209,bf7e16d9,bc1fe6c5,bd80191e,3dd57889,bf7e16d8,bc1fe6bd,bd80191d,3dd57884,1,33501955

9457,216,105,10,-1958,6,15757,-4089,2461,-3161,bf7e16b8,bc139fa1,bd7f674b,3dd5e216,bf7e16b8,bc139f98,bd7f674b,3dd5e212,1,33510473

9458,214,107,8,-1997,66,15782,-4159,2475,-3190,bf7e154f,bc0d3bb8,bd7f5a72,3dd66242,bf7e154e,bc0d3bae,bd7f5a72,3dd6623d,1,33518992

9459,206,112,5,-1987,-14,15765,-4159,2475,-3190,bf7e149d,bc01a210,bd7f5faf,3dd6b25d,bf7e149e,bc01a208,bd7f5fb3,3dd6b25a,1,33527511

9460,184,108,2,-2001,41,15788,-4097,2437,-3168,bf7e16da,bc08eeae,bd7fdf47,3dd5d07f,bf7e16da,bc08eea8,bd7fdf48,3dd5d07a,1,33536029

9461,181,112,2,-1996,34,15770,-4123,2443,-3126,bf7e1990,bc0c18d4,bd800ecd,3dd4e723,bf7e1990,bc0c18cd,bd800ecd,3dd4e71e,1,33544047

9462,176,115,8,-1982,85,15779,-4137,2487,-3196,bf7e1785,bc07517f,bd7f1ddb,3dd5db7e,bf7e1785,bc075177,bd7f1ddc,3dd5db79,1,33552566

9463,180,114,6,-1953,73,15742,-4137,2487,-3196,bf7e1651,bc02c10b,bd7d9e32,3dd6b42e,bf7e1650,bc02c103,bd7d9e30,3dd6b428,1,33561084

9464,178,110,1,-1946,47,15743,-4135,2487,-3217,bf7e1516,bbf8d67d,bd7c6b4d,3dd77a6e,bf7e1517,bbf8d66c,bd7c6b4e,3dd77a69,1,33569603

9465,174,96,-5,-1966,147,15780,-4121,2469,-3222,bf7e150a,bc08701b,bd7c0e65,3dd77c68,bf7e150a,bc087012,bd7c0e65,3dd77c62,1,33578122

9466,196,99,-17,-1895,85,15669,-4121,2469,-3222,bf7e16bf,bc097805,bd79982e,3dd7b032,bf7e16c0,bc0977fa,bd799830,3dd7b02d,1,33586641

9467,193,69,-27,-1961,89,15743,-4107,2455,-3209,bf7e16c5,bc10d03c,bd7a71f5,3dd75bce,bf7e16c5,bc10d032,bd7a71f5,3dd75bc9,1,33595159

9468,191,56,-37,-1964,-4,15763,-4075,2497,-3254,bf7e147a,bc05a399,bd7ad201,3dd80998,bf7e147a,bc05a390,bd7ad201,3dd80993,1,33603678

9469,186,52,-27,-2017,14,15776,-4075,2497,-3254,bf7e10dc,bbf8a9ec,bd7c1fe0,3dd8ce95,bf7e10dd,bbf8a9dc,bd7c1fe2,3dd8ce91,1,33612196

9470,188,60,-27,-2094,73,15805,-4073,2455,-3181,bf7e0e54,bc01e8fe,bd7f1b16,3dd89fc6,bf7e0e55,bc01e8f6,bd7f1b18,3dd89fc2,1,33620715

9471,197,88,-15,-2096,104,15845,-4095,2501,-3231,bf7e0937,bc007611,bd80931b,3dd98846,bf7e0937,bc007607,bd80931b,3dd98841,1,33629233

9472,212,132,5,-2092,123,15823,-4095,2501,-3231,bf7e0440,bc014ce9,bd8154ca,3dda85fd,bf7e0441,bc014cde,bd8154ca,3dda85f8,1,33637251

9473,219,137,1,-2050,109,15783,-4119,2495,-3220,bf7e00b0,bc03d37c,bd818e6b,3ddb6667,bf7e00b0,bc03d370,bd818e6a,3ddb6662,1,33645770

9474,222,142,2,-2019,3,15776,-4141,2455,-3286,bf7e036d,bc02c4dd,bd81980c,3dda97d7,bf7e036c,bc02c4d1,bd81980b,3dda97d2,1,33654288

9475,206,150,7,-2018,-17,15758,-4115,2441,-3214,bf7e070f,bc024522,bd81b74e,3dd977c5,bf7e070e,bc024517,bd81b74e,3dd977c1,1,33662807

9476,188,148,13,-2000,77,15777,-4115,2441,-3214,bf7e0a0a,bc0c86d5,bd81499a,3dd8c07b,bf7e0a0a,bc0c86cb,bd81499b,3dd8c078,1,33671326

9477,185,145,9,-1997,44,15764,-4103,2443,-3264,bf7e0d67,bc0f584d,bd80bfb0,3dd80eac,bf7e0d66,bc0f5844,bd80bfb0,3dd80ea8,1,33679844

9478,190,147,4,-1990,92,15767,-4087,2437,-3153,bf7e1063,bc1876c3,bd804f0c,3dd757ae,bf7e1063,bc1876bc,bd804f0d,3dd757ab,1,33688363

9479,192,140,-13,-2022,55,15777,-4087,2437,-3153,bf7e120e,bc192114,bd80c3c5,3dd691aa,bf7e120d,bc192110,bd80c3c5,3dd691a6,1,33696881

9480,183,140,-23,-1989,69,15747,-4101,2443,-3152,bf7e1544,bc19d70a,bd803312,3dd5f2d8,bf7e1544,bc19d706,bd803312,3dd5f2d6,1,33705400

9481,197,154,-25,-1970,71,15743,-4117,2417,-3172,bf7e1a28,bc20fdcf,bd7f875b,3dd4aba7,bf7e1a29,bc20fdcc,bd7f875b,3dd4aba5,1,33713919

9482,192,142,-33,-1941,23,15719,-4117,2417,-3172,bf7e2055,bc1e5390,bd7df652,3dd3523a,bf7e2055,bc1e538c,bd7df650,3dd35237,1,33722437

9483,190,128,-42,-1998,80,15769,-4095,2451,-3308,bf7e1f05,bc16bc53,bd7e57af,3dd3b055,bf7e1f04,bc16bc4f,bd7e57ad,3dd3b051,1,33730956

9484,194,124,-28,-1976,-25,15743,-4157,2483,-3219,bf7e1e10,bc0a8537,bd7e407e,3dd42209,bf7e1e11,bc0a8534,bd7e407e,3dd42207,1,33739475

9485,178,117,-31,-1979,37,15733,-4157,2483,-3219,bf7e1c6c,bc01e8b2,bd7e19e2,3dd4c0a7,bf7e1c6c,bc01e8ad,bd7e19e0,3dd4c0a4,1,33747492

9486,164,106,-31,-1924,-15,15695,-4123,2473,-3244,bf7e1cab,bbf00c2e,bd7ce5d4,3dd5211a,bf7e1cab,bbf00c26,bd7ce5d1,3dd52117,1,33756011

9487,150,101,-28,-2022,42,15757,-4099,2453,-3181,bf7e1b65,bbfb1c77,bd7ef075,3dd4d9c8,bf7e1b65,bbfb1c6b,bd7ef074,3dd4d9c6,1,33764530

9488,135,87,-25,-2042,77,15782,-4117,2467,-3257,bf7e187b,bc02cea1,bd8068c4,3dd51add,bf7e187b,bc02ce9d,bd8068c3,3dd51adb,1,33773048

9489,148,97,-22,-2058,135,15797,-4117,2467,-3257,bf7e163c,bc0cf102,bd810c93,3dd54957,bf7e163c,bc0cf0fd,bd810c92,3dd54955,1,33781567

9490,191,116,-18,-2037,18,15746,-4155,2473,-3195,bf7e147f,bc044ca9,bd8183ea,3dd59c16,bf7e147f,bc044ca4,bd8183e8,3dd59c14,1,33790086

9491,205,120,-9,-2027,44,15725,-4123,2449,-3196,bf7e1592,bc085b06,bd81d8f4,3dd50bf9,bf7e1591,bc085b01,bd81d8f2,3dd50bf7,1,33798604

9492,199,128,0,-2030,96,15748,-4123,2449,-3196,bf7e1684,bc11aa90,bd81df58,3dd4a70f,bf7e1685,bc11aa8b,bd81df58,3dd4a710,1,33807123

9493,198,134,10,-2059,139,15772,-4153,2441,-3175,bf7e175f,bc1ca51d,bd8229fe,3dd418e3,bf7e1760,bc1ca519,bd8229fd,3dd418e4,1,33815641

9494,223,154,18,-2084,42,15786,-4115,2503,-3185,bf7e1435,bc11b6a9,bd825f62,3dd5095f,bf7e1435,bc11b6a5,bd825f60,3dd5095f,1,33824160

9495,224,177,29,-1928,-29,15702,-4115,2503,-3185,bf7e13bb,bc05e7a5,bd8191a3,3dd5ca01,bf7e13bb,bc05e7a0,bd8191a1,3dd5ca01,1,33832679

9496,207,162,19,-2013,9,15765,-4085,2473,-3187,bf7e1238,bbf7165b,bd814e96,3dd67e4f,bf7e1239,bbf71654,bd814e95,3dd67e50,1,33841197

9497,174,142,9,-1998,80,15748,-4053,2475,-3288,bf7e1017,bbf42e79,bd80af9b,3dd781fe,bf7e1018,bbf42e76,bd80af9b,3dd781ff,1,33849716

9498,174,138,5,-2033,133,15769,-4053,2475,-3288,bf7e0d18,bc01c355,bd80c291,3dd8465f,bf7e0d17,bc01c353,bd80c290,3dd8465e,1,33857734

9499,186,144,5,-1937,-58,15682,-4161,2493,-3291,bf7e0d05,bbec7379,bd8026c9,3dd8c275,bf7e0d06,bbec7374,bd8026ca,3dd8c276,1,33866252

9500,181,147,4,-1945,26,15715,-4127,2461,-3236,bf7e1054,bbf414c2,bd7e1cd2,3dd8672f,bf7e1054,bbf414bc,bd7e1cd0,3dd86730,1,33874771

9501,166,131,9,-1996,82,15748,-4117,2463,-3250,bf7e1011,bc03f939,bd7e7d60,3dd8472f,bf7e1011,bc03f937,bd7e7d5e,3dd84730,1,33883290

9502,164,135,14,-1977,30,15751,-4117,2463,-3250,bf7e1040,bc009515,bd7e13e5,3dd86059,bf7e103f,bc009515,bd7e13e6,3dd8605a,1,33891808

9503,166,137,10,-2050,128,15786,-4109,2491,-3259,bf7e0be8,bc054322,bd7f7367,3dd933a5,bf7e0be8,bc054323,bd7f7369,3dd933a6,1,33900327

9504,175,144,12,-2038,63,15795,-4085,2481,-3222,bf7e082b,bc017a4b,bd803aa3,3dda081c,bf7e082b,bc017a4c,bd803aa3,3dda081d,1,33908846

9505,185,171,18,-2072,44,15803,-4085,2481,-3222,bf7e0456,bbfb3275,bd81065a,3ddab6ca,bf7e0456,bbfb3278,bd81065a,3ddab6cb,1,33917364

9506,179,198,13,-2027,65,15789,-4137,2535,-3189,bf7e00e0,bbed9791,bd80b9f5,3ddbf34f,bf7e00df,bbed9793,bd80b9f5,3ddbf34f,1,33925883

9507,167,213,12,-1976,61,15769,-4133,2479,-3257,bf7e025b,bbfa7bde,bd7f620c,3ddc11c0,bf7e025b,bbfa7be1,bd7f620e,3ddc11c1,1,33934401

9508,177,201,17,-1916,72,15701,-4133,2479,-3257,bf7e04b3,bc0126ee,bd7c5b19,3ddc3b00,bf7e04b4,bc0126ef,bd7c5b1b,3ddc3b02,1,33942920

9509,172,189,19,-1838,74,15637,-4129,2443,-3287,bf7e0941,bc08b10e,bd7989fd,3ddba5e0,bf7e0942,bc08b10d,bd7989fe,3ddba5e2,1,33950938

9510,171,149,16,-1870,56,15678,-4155,2465,-3213,bf7e0d4b,bc0be409,bd76d956,3ddb357c,bf7e0d4b,bc0be409,bd76d957,3ddb357d,1,33959456

9511,166,107,10,-1989,164,15740,-4155,2465,-3213,bf7e0ca0,bc17a662,bd781e48,3ddaebc4,bf7e0ca1,bc17a664,bd781e4a,3ddaebc6,1,33967975

9512,179,101,7,-1964,23,15715,-4085,2467,-3255,bf7e0a8a,bc0dda8f,bd793ab7,3ddb5048,bf7e0a8a,bc0dda90,bd793ab7,3ddb5049,1,33976493

9513,182,104,21,-1963,125,15733,-4073,2477,-3227,bf7e073e,bc11736c,bd79a5d7,3ddc1c46,bf7e073e,bc11736c,bd79a5d8,3ddc1c47,1,33985012

9514,157,94,12,-2031,105,15765,-4099,2457,-3195,bf7e056f,bc18c6b1,bd7bff72,3ddbe2b0,bf7e0570,bc18c6b3,bd7bff73,3ddbe2b2,1,33993531

9515,172,106,6,-2022,48,15778,-4099,2457,-3195,bf7e03e1,bc15fb07,bd7e2ef4,3ddbbbe7,bf7e03e0,bc15fb08,bd7e2ef4,3ddbbbe8,1,34002049

9516,171,114,13,-2027,75,15778,-4079,2477,-3224,bf7e005f,bc10ada1,bd7f5a85,3ddc76ed,bf7e005f,bc10ada4,bd7f5a87,3ddc76ef,1,34010568

9517,186,125,27,-1991,64,15748,-4081,2421,-3316,bf7e033e,bc19db31,bd7f8526,3ddb7d36,bf7e033e,bc19db34,bd7f8528,3ddb7d38,1,34019086

9518,191,135,24,-1957,88,15710,-4081,2421,-3316,bf7e0712,bc22a21f,bd7e8bff,3dda9078,bf7e0712,bc22a222,bd7e8c01,3dda907a,1,34027605

9519,183,129,14,-1966,102,15721,-4115,2435,-3210,bf7e0aa2,bc2a71b0,bd7de5a4,3dd99fb9,bf7e0aa2,bc2a71b3,bd7de5a4,3dd99fbb,1,34036124

9520,192,127,7,-1946,57,15744,-4139,2475,-3241,bf7e0a8b,bc1faa8b,bd7cd0c2,3dda171d,bf7e0a8b,bc1faa8d,bd7cd0c3,3dda171f,1,34044642

9521,194,120,0,-1966,22,15733,-4139,2475,-3241,bf7e09ce,bc1430a5,bd7cbaa6,3dda7505,bf7e09cf,bc1430a7,bd7cbaa7,3dda7508,1,34052660

9522,184,112,2,-2010,82,15743,-4157,2525,-3252,bf7e05e5,bc0c3fc9,bd7d371c,3ddb87f1,bf7e05e6,bc0c3fcb,bd7d371d,3ddb87f4,1,34061179

9523,191,113,3,-1982,-19,15720,-4121,2481,-3254,bf7e0463,bc010245,bd7da5ee,3ddbf384,bf7e0464,bc010246,bd7da5ed,3ddbf387,1,34069697

9524,169,108,7,-1993,47,15757,-4121,2481,-3254,bf7e0233,bbff54fe,bd7e3c91,3ddc6ccb,bf7e0232,bbff5503,bd7e3c90,3ddc6ccb,1,34078216

9525,162,104,7,-1996,67,15767,-4135,2491,-3209,bf7dffac,bc012ced,bd7e873b,3ddd0d74,bf7dffad,bc012cf0,bd7e873c,3ddd0d76,1,34086735

9526,160,117,0,-1958,10,15760,-4127,2475,-3133,bf7e014c,bbfa8d4d,bd7d5d2a,3ddcf4fa,bf7e014c,bbfa8d52,bd7d5d29,3ddcf4fb,1,34095253

9527,153,123,4,-1998,69,15754,-4139,2477,-3170,bf7e00db,bc05da36,bd7e1e38,3ddcc9c1,bf7e00db,bc05da39,bd7e1e36,3ddcc9c2,1,34103772

9528,145,123,5,-1981,44,15754,-4139,2477,-3170,bf7e00fd,bc06c5b5,bd7e0499,3ddcc4f2,bf7e00fc,bc06c5ba,bd7e0494,3ddcc4f3,1,34112291

9529,140,115,10,-1973,43,15764,-4119,2465,-3232,bf7e0266,bc097d52,bd7d913c,3ddc77b6,bf7e0266,bc097d57,bd7d9139,3ddc77b8,1,34120809

9530,140,114,18,-1988,143,15768,-4119,2449,-3239,bf7e0382,bc168f80,bd7da3ba,3ddbfe2f,bf7e0383,bc168f85,bd7da3b8,3ddbfe32,1,34129328

9531,161,122,22,-1978,138,15736,-4119,2449,-3239,bf7e04e2,bc224c42,bd7d7e4b,3ddb81af,bf7e04e1,bc224c45,bd7d7e47,3ddb81b0,1,34137846

9532,181,118,12,-1988,29,15751,-4141,2485,-3183,bf7e0344,bc1768a2,bd7dbaf6,3ddc0772,bf7e0345,bc1768a6,bd7dbaf6,3ddc0775,1,34146365

9533,175,112,12,-2014,86,15760,-4145,2469,-3231,bf7e020a,bc1a5c48,bd7f2b65,3ddbef04,bf7e020a,bc1a5c4c,bd7f2b63,3ddbef06,1,34154884

9534,174,117,8,-2027,81,15783,-4145,2469,-3231,bf7e00c1,bc1b1225,bd8048a0,3ddbe414,bf7e00c0,bc1b1229,bd80489d,3ddbe414,1,34162902

9535,170,124,11,-2023,42,15740,-4093,2467,-3238,bf7dfef4,bc12c2e4,bd80a970,3ddc4747,bf7dfef4,bc12c2e7,bd80a96e,3ddc4748,1,34171420

9536,166,135,15,-1996,17,15743,-4157,2439,-3247,bf7e0357,bc1674ff,bd80a3ea,3ddafb95,bf7e0357,bc167502,bd80a3e8,3ddafb96,1,34179939

9537,165,135,14,-1968,-8,15736,-4157,2439,-3247,bf7e089d,bc13065c,bd801a0a,3dd9cda7,bf7e089d,bc13065f,bd801a08,3dd9cda7,1,34188458

9538,143,132,15,-1990,75,15755,-4131,2493,-3238,bf7e0654,bc0cc35f,bd7f8125,3ddabcf8,bf7e0653,bc0cc361,bd7f8120,3ddabcf7,1,34196976

9539,138,128,12,-1927,79,15698,-4085,2485,-3266,bf7e05cd,bc088abb,bd7d5f70,3ddb8d49,bf7e05ce,bc088abe,bd7d5f6d,3ddb8d4a,1,34205495

9540,141,110,4,-2016,79,15766,-4151,2483,-3228,bf7e0340,bc0c47b6,bd7ecaec,3ddbd730,bf7e0340,bc0c47b5,bd7ecaea,3ddbd730,1,34214014

9541,133,101,3,-1997,82,15761,-4151,2483,-3228,bf7e01b2,bc0f3e62,bd7efbb7,3ddc346b,bf7e01b2,bc0f3e61,bd7efbb7,3ddc346b,1,34222532

9542,132,109,7,-2026,101,15773,-4109,2431,-3250,bf7e031a,bc1af126,bd7fdc8f,3ddb6b2c,bf7e031a,bc1af125,bd7fdc8f,3ddb6b2c,1,34231051

9543,131,127,10,-2025,86,15768,-4105,2405,-3220,bf7e05ba,bc259f92,bd804009,3dda590a,bf7e05ba,bc259f92,bd804009,3dda590a,1,34239570

9544,130,150,13,-1972,38,15741,-4105,2405,-3220,bf7e0b1f,bc2b0909,bd7fdd15,3dd8e58f,bf7e0b1f,bc2b0909,bd7fdd15,3dd8e58f,1,34248088

9545,114,155,12,-1976,110,15734,-4145,2479,-3275,bf7e0a15,bc24f219,bd7e97f2,3dd9a5a1,bf7e0a16,bc24f21a,bd7e97f3,3dd9a5a2,1,34256607

9546,116,151,7,-1920,104,15707,-4155,2431,-3189,bf7e0f04,bc2d95bd,bd7cbe5f,3dd8a37a,bf7e0f05,bc2d95bf,bd7cbe61,3dd8a37b,1,34264625

9547,119,129,5,-1976,75,15754,-4155,2431,-3189,bf7e12f2,bc3142a9,bd7d0c44,3dd75904,bf7e12f2,bc3142a9,bd7d0c46,3dd75904,1,34273143

9548,117,118,4,-2055,99,15788,-4147,2481,-3268,bf7e0f61,bc2aa935,bd7ea256,3dd8031c,bf7e0f62,bc2aa934,bd7ea257,3dd8031d,1,34281662

9549,113,136,19,-1999,102,15709,-4113,2477,-3185,bf7e0cbc,bc23d4e1,bd7eb93e,3dd8d8bd,bf7e0cbb,bc23d4df,bd7eb93d,3dd8d8bc,1,34290181

9550,112,152,23,-2078,191,15833,-4113,2477,-3185,bf7e08d2,bc2b4fee,bd802598,3dd97008,bf7e08d3,bc2b4fec,bd802599,3dd97009,1,34298699

9551,141,176,16,-1916,95,15703,-4099,2441,-3242,bf7e0d06,bc2a8148,bd7d18f0,3dd92842,bf7e0d06,bc2a8148,bd7d18f1,3dd92842,1,34307218

9552,160,175,20,-2019,227,15773,-4159,2481,-3231,bf7e0ab6,bc349a94,bd7d62e5,3dd99ed9,bf7e0ab6,bc349a95,bd7d62e6,3dd99ed9,1,34315736

9553,189,183,19,-1966,119,15748,-4111,2451,-3278,bf7e0be2,bc2f876d,bd7c1933,3dd9b792,bf7e0be3,bc2f876e,bd7c1937,3dd9b793,1,34324255

9554,195,187,22,-1939,112,15726,-4111,2451,-3278,bf7e0df3,bc2b48d0,bd7a2259,3dd9bc0d,bf7e0df4,bc2b48d2,bd7a225b,3dd9bc0e,1,34332774

9555,195,183,27,-1941,22,15701,-4081,2487,-3144,bf7e0c6a,bc1f334e,bd79a67b,3dda766c,bf7e0c6a,bc1f334f,bd79a67b,3dda766c,1,34341292

9556,189,167,20,-1968,94,15735,-4105,2401,-3134,bf7e0f93,bc283fb8,bd7a013a,3dd9553a,bf7e0f94,bc283fba,bd7a013b,3dd9553b,1,34349811

9557,188,161,15,-1970,107,15759,-4105,2401,-3134,bf7e12de,bc310ca5,bd7a544d,3dd82a4a,bf7e12de,bc310ca7,bd7a544d,3dd82a4a,1,34357829

9558,188,153,17,-1960,98,15734,-4115,2445,-3234,bf7e13cb,bc2baeae,bd7a8212,3dd7e8db,bf7e13cc,bc2baeaf,bd7a8213,3dd7e8dc,1,34366347

9559,182,152,14,-1968,88,15752,-4081,2445,-3278,bf7e134b,bc2408cf,bd7ad0fc,3dd80f95,bf7e134b,bc2408cf,bd7ad0fc,3dd80f94,1,34374866

9560,172,153,14,-1962,29,15731,-4081,2445,-3278,bf7e132f,bc192a4c,bd7b0613,3dd82805,bf7e132f,bc192a4c,bd7b0614,3dd82804,1,34383384

9561,155,157,17,-2007,145,15774,-4101,2429,-3213,bf7e1408,bc24961a,bd7bd237,3dd78b57,bf7e1408,bc24961a,bd7bd237,3dd78b56,1,34391903

9562,164,168,7,-1983,155,15783,-4103,2433,-3267,bf7e157d,bc2f9c9d,bd7bd477,3dd6f97f,bf7e157c,bc2f9c9c,bd7bd476,3dd6f97d,1,34400422

9563,172,176,6,-1946,113,15726,-4103,2433,-3267,bf7e190f,bc30e48c,bd7a76c4,3dd64d11,bf7e190e,bc30e48a,bd7a76c3,3dd64d0f,1,34408940

9564,190,177,7,-1929,176,15722,-4071,2469,-3171,bf7e1799,bc2d7fd7,bd78b484,3dd74998,bf7e1799,bc2d7fd5,bd78b484,3dd74997,1,34417459

9565,199,165,5,-1935,137,15743,-4109,2427,-3260,bf7e1ac1,bc3583ed,bd782c87,3dd66756,bf7e1ac2,bc3583eb,bd782c8a,3dd66756,1,34425977

9566,188,154,-2,-1947,83,15732,-4115,2483,-3236,bf7e18e1,bc2a5c88,bd7807f2,3dd7249a,bf7e18e1,bc2a5c85,bd7807f4,3dd7249a,1,34434496

9567,189,147,-5,-1958,123,15781,-4115,2483,-3236,bf7e161c,bc2253b7,bd7804e6,3dd80f2f,bf7e161c,bc2253b4,bd7804e7,3dd80f2f,1,34443015

9568,192,153,0,-1966,112,15759,-4135,2443,-3225,bf7e1743,bc28d599,bd7909ae,3dd75932,bf7e1742,bc28d597,bd7909ad,3dd75932,1,34451533

9569,198,145,6,-1961,123,15738,-4089,2485,-3214,bf7e1436,bc207c47,bd78fcf3,3dd85c2e,bf7e1436,bc207c46,bd78fcf6,3dd85c2f,1,34460052

9570,199,149,8,-1925,85,15747,-4089,2485,-3214,bf7e126c,bc16e023,bd781f22,3dd93d54,bf7e126c,bc16e022,bd781f24,3dd93d55,1,34468070

9571,194,146,7,-1956,111,15780,-4069,2475,-3188,bf7e0f5d,bc131496,bd782dd5,3dda2845,bf7e0f5d,bc131496,bd782dd8,3dda2845,1,34476588

9572,193,146,8,-1896,116,15737,-4127,2493,-3212,bf7e0e3d,bc100f45,bd76459c,3ddb0dd8,bf7e0e3e,bc100f46,bd76459f,3ddb0dd9,1,34485107

9573,200,147,8,-1847,5,15677,-4127,2493,-3212,bf7e0e1a,bc0531ec,bd74bff9,3ddba045,bf7e0e1b,bc0531ee,bd74bffb,3ddba046,1,34493625

9574,194,126,-1,-1955,-22,15750,-4103,2433,-3159,bf7e100e,bc05bce0,bd76b535,3dda81ec,bf7e100d,bc05bce0,bd76b534,3dda81eb,1,34502144

9575,173,108,-2,-1999,42,15748,-4103,2419,-3268,bf7e111d,bc0dcc1c,bd789e58,3dd99395,bf7e111d,bc0dcc1b,bd789e59,3dd99395,1,34510663

9576,175,112,-2,-1971,278,15809,-4103,2419,-3268,bf7e1237,bc1b1473,bd78c5e5,3dd91137,bf7e1238,bc1b1473,bd78c5e7,3dd91138,1,34519181

9577,198,123,-3,-1920,141,15720,-4093,2365,-3207,bf7e1583,bc25ae2c,bd78af8a,3dd800c1,bf7e1584,bc25ae2c,bd78af8b,3dd800c2,1,34527700

9578,220,122,-4,-1934,79,15723,-4119,2421,-3168,bf7e19b4,bc2a931f,bd78d32d,3dd6aaa8,bf7e19b4,bc2a931d,bd78d32f,3dd6aaa8,1,34536218

9579,230,124,-12,-1978,30,15733,-4121,2443,-3217,bf7e198e,bc200ea4,bd7a4abe,3dd6697c,bf7e198d,bc200ea2,bd7a4abf,3dd6697b,1,34544737

9580,240,136,-18,-1982,9,15748,-4121,2443,-3217,bf7e19e5,bc154dcf,bd7b8a96,3dd610ac,bf7e19e5,bc154dd0,bd7b8a99,3dd610ad,1,34553256

9581,226,131,-19,-2004,256,15817,-4119,2443,-3215,bf7e1a65,bc217b82,bd7bc3ef,3dd5b66c,bf7e1a66,bc217b84,bd7bc3f4,3dd5b66e,1,34561774

9582,234,145,-15,-1947,19,15742,-4101,2429,-3171,bf7e1e0a,bc183c36,bd7b5da8,3dd4d9f8,bf7e1e09,bc183c37,bd7b5da8,3dd4d9f9,1,34569792

9583,219,139,-19,-1918,128,15759,-4101,2429,-3171,bf7e21b8,bc211c49,bd79e1d2,3dd41632,bf7e21b9,bc211c4b,bd79e1d3,3dd41634,1,34578311

9584,191,136,-17,-1920,-86,15715,-4099,2471,-3206,bf7e2149,bc141400,bd799bd0,3dd471fb,bf7e2149,bc141401,bd799bd0,3dd471fc,1,34586829

9585,179,127,-6,-1900,-110,15657,-4113,2463,-3197,bf7e214b,bc07221e,bd79480c,3dd4ac8a,bf7e214b,bc07221f,bd79480c,3dd4ac8b,1,34595348

9586,155,119,2,-2034,-5,15738,-4113,2463,-3197,bf7e1e70,bc010553,bd7ba1d3,3dd4e4fa,bf7e1e70,bc010554,bd7ba1d3,3dd4e4fb,1,34603867

9587,158,117,-6,-1939,21,15733,-4127,2487,-3274,bf7e1ccb,bbf07d93,bd7af32b,3dd5aa56,bf7e1ccc,bbf07d96,bd7af32c,3dd5aa57,1,34612385

9588,141,109,-17,-1645,114,15642,-4123,2463,-3185,bf7e202d,bbf7984d,bd77a2b6,3dd5980e,bf7e202c,bbf7984d,bd77a2b5,3dd5980d,1,34620904

9589,117,70,-34,-1820,75,15648,-4123,2463,-3185,bf7e2315,bc00bc25,bd74e016,3dd57aa4,bf7e2316,bc00bc26,bd74e017,3dd57aa4,1,34629423

9590,86,36,-52,-1973,99,15792,-4087,2463,-3140,bf7e2061,bc08d4d2,bd771a96,3dd59015,bf7e2061,bc08d4d2,bd771a97,3dd59014,1,34637941

9591,62,31,-62,-1986,115,15799,-4109,2457,-3210,bf7e1ea6,bc1389c1,bd792192,3dd560a5,bf7e1ea5,bc1389be,bd792193,3dd560a4,1,34646460

9592,43,42,-47,-1899,-26,15714,-4125,2421,-3111,bf7e2405,bc11f106,bd78aac3,3dd3ed19,bf7e2406,bc11f106,bd78aac6,3dd3ed1a,1,34654979

9593,21,30,-34,-1919,110,15714,-4125,2421,-3111,bf7e26ed,bc1fdf92,bd78b9b5,3dd2e0cd,bf7e26ee,bc1fdf92,bd78b9b8,3dd2e0ce,1,34662996

9594,-12,18,-33,-1967,170,15753,-4127,2425,-3164,bf7e27d7,bc2f9f93,bd79aba8,3dd2209a,bf7e27d7,bc2f9f93,bd79abab,3dd2209a,1,34671515

9595,-6,13,-40,-1999,271,15763,-4119,2453,-3142,bf7e25ee,bc3fafdb,bd7ac551,3dd22824,bf7e25ee,bc3fafdc,bd7ac553,3dd22824,1,34680034

9596,28,17,-49,-1891,162,15664,-4119,2453,-3142,bf7e26c7,bc3dfc65,bd78d9c2,3dd27e87,bf7e26c8,bc3dfc69,bd78d9c4,3dd27e88,1,34688552

9597,44,4,-68,-1873,9,15698,-4141,2443,-3228,bf7e27fa,bc34c1b8,bd78529f,3dd26a68,bf7e27fa,bc34c1bb,bd7852a0,3dd26a68,1,34697071

9598,26,-30,-61,-1868,-6,15671,-4081,2469,-3186,bf7e2732,bc2c32f1,bd78399d,3dd2cb1d,bf7e2731,bc2c32f3,bd78399d,3dd2cb1c,1,34705590

9599,-20,-87,-40,-1676,136,15526,-4081,2469,-3186,bf7e2834,bc2cc083,bd7613a1,3dd31c46,bf7e2835,bc2cc087,bd7613a3,3dd31c46,1,34714108

9600,-7,-172,2,-2080,248,15800,-4115,2467,-3113,bf7e22c6,bc381c3f,bd79f80b,3dd373e4,bf7e22c7,bc381c42,bd79f80d,3dd373e5,1,34722627

9601,20,-218,18,-2035,221,15708,-4109,2475,-3113,bf7e1bed,bc3db9a1,bd7d8112,3dd460af,bf7e1bed,bc3db9a4,bd7d8112,3dd460b0,1,34731145

9602,48,-191,37,-2010,202,15721,-4109,2475,-3113,bf7e15f1,bc3e8f59,bd7f7dff,3dd58eab,bf7e15f1,bc3e8f5c,bd7f7dff,3dd58eac,1,34739664

9603,86,-201,62,-1885,324,15664,-4161,2465,-3166,bf7e1523,bc4ae470,bd7ed938,3dd5cf35,bf7e1524,bc4ae473,bd7ed939,3dd5cf37,1,34748183

9604,135,-245,87,-1831,198,15580,-4101,2453,-3168,bf7e14d9,bc4a7b03,bd7d86ac,3dd64b97,bf7e14da,bc4a7b06,bd7d86ad,3dd64b98,1,34756701

9605,150,-329,118,-2062,42,15713,-4087,2463,-3230,bf7e0f24,bc40a822,bd808df3,3dd70f80,bf7e0f24,bc40a824,bd808df2,3dd70f80,1,34765220

9606,122,-375,190,-2127,-260,15761,-4087,2463,-3230,bf7e0971,bc36115d,bd8259a3,3dd7cddb,bf7e0971,bc361160,bd8259a2,3dd7cddb,1,34773238

9607,42,-394,326,-2182,750,15690,-4141,2439,-3135,bf7e033e,bc474bff,bd83e1e6,3dd87589,bf7e033f,bc474c01,bd83e1e5,3dd8758a,1,34781756

9608,49,-387,154,-2173,465,15686,-4123,2457,-3157,bf7dfd89,bc57ff4f,bd8597c9,3dd8d566,bf7dfd89,bc57ff50,bd8597c8,3dd8d566,1,34790275

9609,93,-393,81,-1960,232,15634,-4123,2457,-3157,bf7dfc6e,bc5b388a,bd85528e,3dd94610,bf7dfc6e,bc5b388b,bd85528d,3dd94610,1,34798793

9610,50,-449,16,-2198,226,15757,-4145,2447,-3126,bf7df699,bc640ba9,bd880c77,3dd9257c,bf7df69a,bc640baa,bd880c78,3dd9257d,1,34807312

9611,-12,-483,-29,-2457,222,15881,-4111,2465,-3105,bf7deef0,bc6931d3,bd8b2777,3dd954dc,bf7deef0,bc6931d3,bd8b2777,3dd954dc,1,34815831

9612,-10,-389,-64,-2243,80,15683,-4111,2465,-3105,bf7dea33,bc631986,bd8cf9e8,3dd9a427,bf7dea33,bc631986,bd8cf9e8,3dd9a427,1,34824349

9613,-32,-382,-59,-2352,314,15747,-4131,2465,-3088,bf7de3a7,bc6fdc1a,bd8f5d5e,3dd9c6b4,bf7de3a6,bc6fdc19,bd8f5d5d,3dd9c6b3,1,34832868

9614,11,-386,9,-2496,-15,15710,-4149,2451,-3179,bf7ddd85,bc6c195d,bd91e516,3dd9f2bc,bf7ddd85,bc6c195d,bd91e515,3dd9f2bc,1,34841386

9615,35,-358,151,-2387,853,15621,-4149,2451,-3179,bf7dd861,bc7db9a8,bd93357a,3dda407d,bf7dd861,bc7db9a8,bd933579,3dda407d,1,34849905

9616,59,-306,69,-2234,53,15482,-4179,2479,-3185,bf7dd4b0,bc7494dc,bd9411ca,3ddae7ce,bf7dd4b0,bc7494db,bd9411c9,3ddae7ce,1,34858424

9617,111,-386,171,-1866,317,15404,-4167,2415,-3174,bf7dd484,bc7ad525,bd93c250,3ddb0dd4,bf7dd484,bc7ad524,bd93c24f,3ddb0dd4,1,34866942

9618,115,-536,200,-3036,93,16202,-4185,2429,-3115,bf7dcb17,bc7ce668,bd9721a2,3ddb7275,bf7dcb17,bc7ce667,bd9721a1,3ddb7275,1,34875461

9619,3,-338,29,-2996,106,16071,-4185,2429,-3115,bf7dc42f,bc809b7a,bd99f110,3ddb696e,bf7dc42f,bc809b7a,bd99f10f,3ddb696d,1,34883479

9620,-119,-75,-65,-2420,313,15638,-4131,2419,-3180,bf7dc405,bc89b86b,bd9a6e62,3ddac4a3,bf7dc405,bc89b86b,bd9a6e61,3ddac4a2,1,34891998

9621,-148,-55,-95,-2420,172,15703,-4173,2443,-3071,bf7dc3ff,bc87e339,bd9ac90b,3dda988c,bf7dc3ff,bc87e339,bd9ac90b,3dda988b,1,34900516

9622,-133,-86,-59,-2581,26,15724,-4173,2443,-3071,bf7dc0ce,bc864f23,bd9c396c,3dda8f51,bf7dc0cf,bc864f24,bd9c396c,3dda8f52,1,34909035

9623,-154,-94,-5,-2365,531,15616,-4131,2371,-3084,bf7dc125,bc9056b2,bd9c54c5,3dd9fc0c,bf7dc125,bc9056b2,bd9c54c5,3dd9fc0c,1,34917553

9624,-164,-82,-63,-2740,564,15809,-4173,2433,-3176,bf7dbd07,bc997f53,bd9dc261,3dd9c34d,bf7dbd07,bc997f53,bd9dc261,3dd9c34d,1,34926072

9625,-99,-9,-119,-2749,1017,15700,-4173,2433,-3176,bf7dbb1d,bca34acb,bd9e6f20,3dd962ac,bf7dbb1c,bca34aca,bd9e6f1e,3dd962ab,1,34934591

9626,111,129,-88,-2383,213,15525,-4165,2423,-3090,bf7dbe8e,bc9e4e4a,bd9da66c,3dd92e56,bf7dbe8e,bc9e4e49,bd9da66b,3dd92e56,1,34943109

9627,162,142,-45,-2418,210,15706,-4119,2417,-3209,bf7dc0d6,bc9887cb,bd9d02c2,3dd93ca7,bf7dc0d7,bc9887c9,bd9d02c2,3dd93ca8,1,34951628

9628,108,96,-26,-2444,293,15641,-4119,2417,-3209,bf7dc23c,bc96198c,bd9c92ff,3dd93fa1,bf7dc23d,bc96198b,bd9c92fe,3dd93fa2,1,34960146

9629,111,91,-13,-2453,285,15644,-4141,2411,-3075,bf7dc4f3,bc976116,bd9c9f60,3dd85cde,bf7dc4f3,bc976116,bd9c9f5f,3dd85cde,1,34968665

9630,90,81,10,-2557,397,15659,-4167,2447,-3086,bf7dc07a,bc9b223b,bd9db5cf,3dd8b7aa,bf7dc07a,bc9b223b,bd9db5ce,3dd8b7aa,1,34977184

9631,122,87,77,-2619,355,15720,-4167,2447,-3086,bf7dbb0c,bc9bb36b,bd9f153f,3dd94710,bf7dbb0c,bc9bb36b,bd9f153e,3dd94710,1,34985201

9632,173,85,172,-2367,752,15663,-4175,2371,-3171,bf7dbb1b,bca20d25,bd9eaca0,3dd944e7,bf7dbb1b,bca20d25,bd9eac9f,3dd944e7,1,34993720

9633,183,85,47,-2507,402,15752,-4179,2411,-3155,bf7dbc2c,bca6cd4c,bd9e9b97,3dd8c7ea,bf7dbc2c,bca6cd4c,bd9e9b97,3dd8c7ea,1,35002239

9634,186,104,-2,-2446,386,15658,-4207,2385,-3140,bf7dc069,bcab1ea8,bd9e202e,3dd7ae3d,bf7dc069,bcab1ea8,bd9e202e,3dd7ae3d,1,35010757

9635,173,99,-17,-2439,392,15670,-4207,2385,-3140,bf7dc520,bcaf0b30,bd9d8c60,3dd68457,bf7dc51f,bcaf0b2f,bd9d8c60,3dd68456,1,35019276

9636,165,87,-26,-2489,385,15724,-4149,2397,-3117,bf7dc7cd,bcaf1b2b,bd9d8bd4,3dd5b8a1,bf7dc7cd,bcaf1b2b,bd9d8bd6,3dd5b8a0,1,35027795

9637,161,69,-25,-2459,336,15688,-4167,2467,-3133,bf7dc68b,bca9f2d3,bd9d6112,3dd67a3e,bf7dc68c,bca9f2d4,bd9d6115,3dd67a3d,1,35036314

9638,158,65,-23,-2542,407,15760,-4167,2467,-3133,bf7dc2b5,bca69b26,bd9dc7b3,3dd77a89,bf7dc2b5,bca69b25,bd9dc7b5,3dd77a87,1,35044832

9639,173,75,-12,-2481,342,15669,-4205,2417,-3188,bf7dc44a,bca477f6,bd9dcd80,3dd7197a,bf7dc449,bca477f4,bd9dcd81,3dd71977,1,35053351

9640,178,76,-5,-2517,381,15712,-4175,2419,-3149,bf7dc340,bca5d03c,bd9e59c3,3dd6f00d,bf7dc340,bca5d039,bd9e59c5,3dd6f00b,1,35061870

9641,182,75,-7,-2485,406,15672,-4175,2419,-3149,bf7dc40c,bca88a56,bd9e1176,3dd6c6ff,bf7dc40c,bca88a54,bd9e1178,3dd6c6fd,1,35070388

9642,181,76,-5,-2513,418,15702,-4225,2393,-3141,bf7dc59c,bcad8b54,bd9e63de,3dd5d3df,bf7dc59d,bcad8b52,bd9e63e1,3dd5d3dd,1,35078907

9643,192,78,-8,-2503,380,15700,-4165,2437,-3161,bf7dc409,bca8f103,bd9e5ff1,3dd688ed,bf7dc40a,bca8f101,bd9e5ff3,3dd688eb,1,35086925

9644,198,82,-5,-2505,344,15680,-4165,2437,-3161,bf7dc27e,bca3ebfc,bd9e7def,3dd725d2,bf7dc27e,bca3ebf9,bd9e7df0,3dd725cf,1,35095443

9645,184,74,-1,-2496,289,15686,-4179,2417,-3211,bf7dc2e0,bc9eb90e,bd9ea3e1,3dd72b71,bf7dc2df,bc9eb90a,bd9ea3e1,3dd72b6d,1,35103962

9646,160,80,4,-2509,404,15662,-4159,2429,-3187,bf7dc106,bca1d206,bd9ebd8e,3dd77f06,bf7dc105,bca1d201,bd9ebd8f,3dd77f02,1,35112481

9647,162,90,0,-2478,420,15645,-4231,2423,-3133,bf7dc29a,bca71e6d,bd9e6eb0,3dd701aa,bf7dc29a,bca71e69,bd9e6eb0,3dd701a8,1,35120999

9648,167,79,0,-2464,370,15680,-4231,2423,-3133,bf7dc5d5,bca78374,bd9db998,3dd68d68,bf7dc5d5,bca78371,bd9db998,3dd68d66,1,35129518

9649,158,56,-11,-2541,361,15703,-4203,2425,-3051,bf7dc400,bca71f2f,bd9ecb6a,3dd6533a,bf7dc400,bca71f2d,bd9ecb6a,3dd65338,1,35138037

9650,152,60,-12,-2539,363,15698,-4197,2419,-3135,bf7dc2ce,bca6d87c,bd9f988d,3dd618cc,bf7dc2cd,bca6d879,bd9f988d,3dd618c9,1,35146555

9651,155,68,-12,-2561,402,15690,-4197,2419,-3135,bf7dc119,bca9bad8,bda069cc,3dd5d9a2,bf7dc11a,bca9bad7,bda069ce,3dd5d9a0,1,35155074

9652,166,81,-10,-2530,352,15660,-4199,2403,-3078,bf7dc3a2,bcaa7206,bda0ae01,3dd4dc5d,bf7dc3a2,bcaa7202,bda0ae02,3dd4dc5b,1,35163592

9653,166,83,-1,-2551,420,15701,-4213,2451,-3088,bf7dc0c9,bca8e48f,bda0bdb0,3dd5bd10,bf7dc0c9,bca8e48c,bda0bdb0,3dd5bd0e,1,35172111

9654,170,96,5,-2539,371,15709,-4213,2451,-3088,bf7dbf11,bca52987,bda0a5b2,3dd67ff1,bf7dbf11,bca52984,bda0a5b3,3dd67fef,1,35180129

9655,170,112,8,-2533,397,15676,-4249,2439,-3144,bf7dbeb5,bca6ce03,bda0813d,3dd6a220,bf7dbeb4,bca6ce00,bda0813d,3dd6a21d,1,35188647

9656,172,109,14,-2466,387,15652,-4221,2421,-3169,bf7dc251,bca80e16,bd9f50a3,3dd6644f,bf7dc252,bca80e14,bd9f50a4,3dd6644e,1,35197166

9657,163,90,5,-2474,325,15658,-4221,2421,-3169,bf7dc4c0,bca4208e,bd9ec62f,3dd6438b,bf7dc4c0,bca4208d,bd9ec630,3dd6438a,1,35205685

9658,136,68,4,-2537,388,15687,-4223,2449,-3066,bf7dc183,bca3f681,bd9f5483,3dd6d166,bf7dc183,bca3f680,bd9f5483,3dd6d165,1,35214203

9659,130,60,-6,-2550,472,15660,-4205,2431,-3096,bf7dbfaf,bca9fb00,bd9fccfa,3dd6b667,bf7dbfb0,bca9fb00,bd9fccfa,3dd6b667,1,35222722

9660,153,62,-12,-2589,505,15678,-4239,2361,-3081,bf7dc071,bcb00783,bda04d89,3dd5cf5a,bf7dc072,bcb00783,bda04d89,3dd5cf5a,1,35231241

9661,174,75,-16,-2549,335,15674,-4239,2361,-3081,bf7dc3ba,bcb2a746,bda0d166,3dd44e71,bf7dc3ba,bcb2a745,bda0d166,3dd44e70,1,35239759

9662,171,67,-23,-2607,432,15709,-4175,2425,-3044,bf7dc03f,bcb231c3,bda1d9f0,3dd495e5,bf7dc03e,bcb231c2,bda1d9ef,3dd495e3,1,35248278

9663,182,90,-24,-2561,372,15679,-4215,2385,-3170,bf7dc357,bcb32f6f,bda230a7,3dd3593a,bf7dc356,bcb32f6d,bda230a7,3dd35938,1,35256796

9664,178,87,-17,-2558,408,15715,-4215,2385,-3170,bf7dc69b,bcb5f427,bda22e21,3dd2399b,bf7dc69a,bcb5f426,bda22e21,3dd23999,1,35265315

9665,171,98,-16,-2586,387,15693,-4203,2419,-3080,bf7dc589,bcb1cd2e,bda293bd,3dd27655,bf7dc58a,bcb1cd2e,bda293bf,3dd27655,1,35273834

9666,178,103,-3,-2585,398,15669,-4183,2425,-3177,bf7dc380,bcadd946,bda2cf41,3dd31a15,bf7dc37f,bcadd943,bda2cf41,3dd31a13,1,35282352

9667,177,108,2,-2533,365,15677,-4183,2425,-3177,bf7dc3ef,bca946fd,bda24179,3dd3a159,bf7dc3ee,bca946fb,bda24179,3dd3a157,1,35290379

9668,166,112,-3,-2549,359,15666,-4223,2435,-3132,bf7dc37b,bca57d74,bda20e74,3dd41afd,bf7dc37a,bca57d72,bda20e74,3dd41afb,1,35298898

9669,151,101,0,-2531,338,15662,-4235,2431,-3079,bf7dc4c2,bca294f4,bda1a9b8,3dd42979,bf7dc4c2,bca294f2,bda1a9bb,3dd42977,1,35307417

9670,151,95,3,-2554,382,15692,-4235,2431,-3079,bf7dc4aa,bca4c32d,bda1b24e,3dd40f84,bf7dc4aa,bca4c32a,bda1b251,3dd40f81,1,35315936

9671,135,90,4,-2531,414,15659,-4167,2431,-3093,bf7dc3ce,bca61ff3,bda1361e,3dd49eec,bf7dc3ce,bca61ff0,bda13620,3dd49ee9,1,35324454

9672,143,82,2,-2566,452,15689,-4189,2417,-3139,bf7dc2be,bcab8e1f,bda178b8,3dd4782b,bf7dc2bf,bcab8e1c,bda178ba,3dd47829,1,35332973

9673,149,87,-1,-2563,411,15670,-4243,2417,-3116,bf7dc2f9,bcaee458,bda1d328,3dd3f66b,bf7dc2f9,bcaee454,bda1d329,3dd3f669,1,35341492

9674,155,83,-2,-2575,435,15681,-4243,2417,-3116,bf7dc2b4,bcb28a59,bda235ff,3dd38ec2,bf7dc2b5,bcb28a56,bda23601,3dd38ec1,1,35350010

9675,163,88,5,-2521,391,15651,-4197,2409,-3113,bf7dc570,bcb04f85,bda1813c,3dd364d3,bf7dc56f,bcb04f82,bda1813c,3dd364d0,1,35358529

9676,163,80,9,-2557,388,15672,-4167,2409,-3149,bf7dc4bd,bcad8591,bda1bc31,3dd39283,bf7dc4bc,bcad858e,bda1bc31,3dd39280,1,35367048

9677,151,73,9,-2606,430,15705,-4167,2409,-3149,bf7dc200,bcafc6bd,bda2a0ea,3dd397bf,bf7dc1ff,bcafc6ba,bda2a0ea,3dd397bc,1,35375566

9678,159,83,11,-2590,353,15682,-4199,2399,-3133,bf7dc262,bcadba9d,bda349e3,3dd312a4,bf7dc261,bcadba99,bda349e3,3dd312a1,1,35384085

9679,145,79,20,-2545,352,15681,-4147,2371,-3086,bf7dc6fc,bcaf525e,bda2fd2b,3dd1d622,bf7dc6fd,bcaf525c,bda2fd2c,3dd1d620,1,35392103

9680,126,78,32,-2550,371,15656,-4147,2371,-3086,bf7dca9e,bcb1a3b6,bda2e317,3dd0b157,bf7dca9f,bcb1a3b4,bda2e318,3dd0b155,1,35400622

9681,109,72,33,-2469,410,15580,-4233,2373,-3069,bf7dcf3d,bcb5a72d,bda218d9,3dcfaf1d,bf7dcf3d,bcb5a72a,bda218da,3dcfaf1a,1,35409140

9682,90,43,17,-2502,527,15544,-4201,2407,-3102,bf7dcfba,bcbb973f,bda18a92,3dcfa343,bf7dcfb9,bcbb973b,bda18a91,3dcfa340,1,35417659

9683,129,40,13,-2237,994,15438,-4201,2407,-3102,bf7dd0b2,bcc1f805,bda0c9e2,3dcf8f6f,bf7dd0b2,bcc1f803,bda0c9e1,3dcf8f6d,1,35426178

9684,301,34,22,-2285,430,14647,-4183,2459,-3069,bf7dd029,bcbc56ee,bda03bff,3dd07933,bf7dd029,bcbc56ed,bda03bff,3dd07932,1,35434696

9685,304,-216,5,-2060,186,15701,-4141,2429,-3059,bf7dd156,bcb7017e,bd9fdff3,3dd0b04f,bf7dd156,bcb7017d,bd9fdff3,3dd0b04e,1,35443215

9686,281,-413,-31,-3869,247,16441,-4161,2435,-3094,bf7dc9c1,bcb5a919,bda2f2de,3dd0b0ca,bf7dc9c0,bcb5a917,bda2f2dd,3dd0b0c8,1,35451734

9687,283,-120,37,-2943,-1,15690,-4161,2435,-3094,bf7dc530,bcafc943,bda4aafa,3dd10b5b,bf7dc531,bcafc942,bda4aafa,3dd10b5b,1,35460252

9688,149,70,-4,-2669,304,15675,-4171,2415,-3129,bf7dc2af,bcab2485,bda587e2,3dd15c6e,bf7dc2af,bcab2484,bda587e2,3dd15c6d,1,35468771

9689,59,70,-22,-2805,500,15815,-4225,2377,-3002,bf7dc124,bcb1590e,bda68f72,3dd0b051,bf7dc124,bcb1590c,bda68f72,3dd0b050,1,35477289

9690,118,113,-10,-2673,594,15627,-4225,2377,-3002,bf7dc16d,bcb83507,bda6ca28,3dd00bfe,bf7dc16e,bcb83506,bda6ca28,3dd00bfe,1,35485307

9691,172,146,-1,-2697,453,15661,-4189,2447,-3127,bf7dbda4,bcb4f632,bda73377,3dd10bde,bf7dbda4,bcb4f630,bda73376,3dd10bdd,1,35493826

9692,197,159,9,-2668,432,15693,-4219,2403,-3150,bf7dbd50,bcb61205,bda78f92,3dd0cc6f,bf7dbd50,bcb61203,bda78f91,3dd0cc6e,1,35502345

9693,201,167,18,-2624,530,15682,-4219,2403,-3150,bf7dbe9a,bcbb412e,bda6f747,3dd09882,bf7dbe9b,bcbb412c,bda6f747,3dd09882,1,35510863

9694,229,174,17,-2684,568,15656,-4249,2387,-3128,bf7dbebc,bcc093fc,bda72b49,3dd01721,bf7dbebc,bcc093f9,bda72b48,3dd01721,1,35519382

9695,276,186,22,-2545,428,15569,-4149,2405,-3121,bf7dc14a,bcbb4d73,bda5fbcd,3dd08f60,bf7dc14b,bcbb4d6f,bda5fbcd,3dd08f60,1,35527901

9696,296,163,22,-2602,487,15658,-4149,2405,-3121,bf7dc1b2,bcba5074,bda54450,3dd10f4a,bf7dc1b1,bcba5070,bda5444d,3dd10f48,1,35536419

9697,305,163,19,-2634,364,15693,-4173,2413,-3085,bf7dc121,bcb381f5,bda571a4,3dd176cb,bf7dc121,bcb381f1,bda571a3,3dd176ca,1,35544938

9698,301,162,20,-2597,342,15669,-4189,2389,-3102,bf7dc482,bcae58c1,bda54618,3dd0d8a2,bf7dc482,bcae58be,bda54617,3dd0d8a1,1,35553456

9699,282,145,16,-2644,399,15679,-4191,2437,-3095,bf7dc1bd,bca9dc41,bda59595,3dd1abc3,bf7dc1bd,bca9dc3f,bda59595,3dd1abc2,1,35561975

9700,275,136,18,-2552,323,15605,-4191,2437,-3095,bf7dc22e,bca3b71a,bda50414,3dd24a5f,bf7dc22f,bca3b719,bda50413,3dd24a5f,1,35570494

9701,263,108,17,-2466,438,15589,-4187,2431,-3114,bf7dc4dd,bca45150,bda38ebe,3dd29739,bf7dc4dd,bca4514f,bda38ebc,3dd29737,1,35579012

9702,260,51,12,-2397,392,15514,-4159,2411,-3135,bf7dc894,bca3e379,bda21f41,3dd299de,bf7dc894,bca3e378,bda21f3f,3dd299dc,1,35587531

9703,252,-21,-2,-2496,333,15593,-4159,2411,-3135,bf7dca3e,bca00309,bda1a363,3dd2a8ee,bf7dca3d,bca00308,bda1a361,3dd2a8eb,1,35595549

9704,245,-79,-3,-2694,310,15715,-4193,2383,-3140,bf7dc763,bca10e9d,bda38be0,3dd1ff34,bf7dc762,bca10e9c,bda38bde,3dd1ff31,1,35604068

9705,227,-84,-1,-2632,327,15654,-4197,2411,-3061,bf7dc497,bca09a8e,bda51f6e,3dd1a0b6,bf7dc497,bca09a8d,bda51f6c,3dd1a0b3,1,35612586

9706,210,-96,0,-2611,372,15616,-4197,2411,-3061,bf7dc341,bca3aa50,bda60690,3dd12bb7,bf7dc340,bca3aa4f,bda6068e,3dd12bb4,1,35621105

9707,232,-123,1,-2500,387,15546,-4203,2423,-3004,bf7dc572,bca44aed,bda539b6,3dd11c02,bf7dc573,bca44aed,bda539b5,3dd11c01,1,35629623

9708,230,-183,10,-2545,372,15570,-4221,2441,-3061,bf7dc3e2,bca1cb97,bda531d6,3dd1bac6,bf7dc3e2,bca1cb96,bda531d5,3dd1bac4,1,35638142

9709,226,-248,23,-2600,340,15616,-4221,2441,-3061,bf7dbfbe,bc9e6d76,bda63393,3dd25869,bf7dbfbe,bc9e6d75,bda63393,3dd25867,1,35646661

9710,247,-293,16,-2772,438,15666,-4189,2405,-3131,bf7dba1e,bca26793,bda86a3f,3dd21747,bf7dba1e,bca26792,bda86a3f,3dd21745,1,35655180

9711,267,-282,-13,-2920,498,15713,-4195,2399,-3056,bf7db495,bca62f0d,bdaab32c,3dd1bb89,bf7db496,bca62f0d,bdaab32c,3dd1bb88,1,35663699

9712,292,-228,-15,-3223,195,15947,-4203,2397,-3078,bf7dae83,bca4590e,bdad42df,3dd18ec8,bf7dae84,bca4590e,bdad42df,3dd18ec7,1,35672217

9713,322,-110,4,-2934,466,15676,-4203,2397,-3078,bf7daa40,bca75580,bdaf0ff1,3dd13428,bf7daa3f,bca7557e,bdaf0fef,3dd13426,1,35680736

9714,342,1,-18,-2578,276,15543,-4193,2431,-3058,bf7dacc4,bca18fb9,bdae3346,3dd171af,bf7dacc4,bca18fb8,bdae3344,3dd171ad,1,35689254

9715,332,-37,-28,-2848,273,15699,-4209,2439,-3107,bf7da8a5,bc9c4644,bdaf920a,3dd1cc53,bf7da8a4,bc9c4643,bdaf9207,3dd1cc50,1,35697272

9716,315,-47,1,-2502,436,15363,-4209,2439,-3107,bf7dab2c,bc9cf3eb,bdae7183,3dd1f13d,bf7dab2c,bc9cf3eb,bdae7180,3dd1f13b,1,35705791

9717,295,-103,-35,-2915,-108,15802,-4197,2427,-3128,bf7da883,bc95f09f,bdafb4a6,3dd203b6,bf7da883,bc95f0a0,bdafb4a4,3dd203b4,1,35714310

9718,185,-121,-46,-3222,146,15929,-4183,2459,-3033,bf7da272,bc939f5d,bdb1c739,3dd23435,bf7da272,bc939f5e,bdb1c737,3dd23433,1,35722828

9719,145,12,-38,-3135,350,15857,-4183,2459,-3033,bf7d9c77,bc94a4dd,bdb38800,3dd2793b,bf7d9c78,bc94a4de,bdb387ff,3dd2793a,1,35731347

9720,159,130,-24,-2871,411,15723,-4205,2431,-3043,bf7d9b5c,bc9a4ff5,bdb3be55,3dd25ebb,bf7d9b5c,bc9a4ff6,bdb3be52,3dd25eb9,1,35739865

9721,192,169,-9,-2859,484,15669,-4203,2405,-3034,bf7d9bea,bca06c32,bdb3b9b7,3dd1ee69,bf7d9beb,bca06c34,bdb3b9b6,3dd1ee68,1,35748384

9722,244,199,2,-2848,300,15658,-4203,2405,-3034,bf7d9d38,bca0037f,bdb3fecb,3dd1537f,bf7d9d39,bca00380,bdb3feca,3dd1537e,1,35756903

9723,258,202,16,-2827,482,15669,-4249,2401,-3074,bf7d9eed,bca547b8,bdb3aa4d,3dd0d5dc,bf7d9eee,bca547b9,bdb3aa4c,3dd0d5db,1,35765421

9724,288,219,28,-2794,459,15608,-4251,2387,-3148,bf7da180,bca9ea6c,bdb32c8e,3dd03de6,bf7da180,bca9ea6d,bdb32c8d,3dd03de4,1,35773940

9725,341,223,42,-2566,245,15473,-4239,2437,-3032,bf7da5a2,bca3f28f,bdb1a8db,3dd0949e,bf7da5a2,bca3f28f,bdb1a8da,3dd0949c,1,35782458

9726,348,205,22,-2872,551,15721,-4239,2437,-3032,bf7da454,bca8149d,bdb1c88d,3dd0aab0,bf7da453,bca8149b,bdb1c88b,3dd0aaae,1,35790476

9727,407,206,12,-2739,230,15634,-4241,2417,-3146,bf7da712,bc9fc05b,bdb12715,3dd0c72f,bf7da713,bc9fc059,bdb12714,3dd0c72f,1,35798995

9728,417,201,-5,-3005,43,15857,-4157,2425,-3065,bf7da585,bc97d75a,bdb1e686,3dd0fb0a,bf7da586,bc97d758,bdb1e685,3dd0fb0a,1,35807514

9729,383,203,4,-2683,411,15658,-4157,2425,-3065,bf7da929,bc98bdf1,bdb06368,3dd11e2d,bf7da92a,bc98bdf0,bdb06368,3dd11e2d,1,35816032

9730,385,192,6,-2739,206,15614,-4237,2437,-3091,bf7daa4e,bc90f623,bdb008ee,3dd16a14,bf7daa4f,bc90f622,bdb008ef,3dd16a14,1,35824551

9731,376,162,-10,-2687,55,15666,-4189,2413,-3032,bf7dad26,bc8894a9,bdaf92f1,3dd14aae,bf7dad26,bc8894a8,bdaf92f1,3dd14aad,1,35833070

9732,309,105,-9,-2331,334,15361,-4189,2413,-3032,bf7db23f,bc88e2e8,bdadff14,3dd10d53,bf7db23e,bc88e2e7,bdadff13,3dd10d52,1,35841588

9733,263,-15,-21,-2826,159,15678,-4241,2437,-3060,bf7daedc,bc84d07e,bdaf711a,3dd10917,bf7daedc,bc84d07e,bdaf7119,3dd10917,1,35850107

9734,252,-59,19,-2848,368,15668,-4223,2455,-3089,bf7da9ce,bc888509,bdb0ae71,3dd16050,bf7da9ce,bc888508,bdb0ae70,3dd16050,1,35858625

9735,244,-24,7,-3123,188,15691,-4223,2455,-3089,bf7da3e1,bc86e097,bdb29c95,3dd19995,bf7da3e0,bc86e095,bdb29c93,3dd19994,1,35867144

9736,263,25,0,-2319,273,15312,-4199,2447,-3096,bf7da7ac,bc85a092,bdb12fc6,3dd1b606,bf7da7ab,bc85a090,bdb12fc4,3dd1b605,1,35875663

9737,306,-95,-22,-2888,-22,15856,-4189,2461,-3089,bf7da48c,bc7d1856,bdb23751,3dd20ead,bf7da48d,bc7d1854,bdb23750,3dd20ead,1,35884181

9738,285,-158,-18,-3205,-11,15951,-4205,2447,-3125,bf7d9e9a,bc756376,bdb460b6,3dd22692,bf7d9e9b,bc756374,bdb460b5,3dd22692,1,35892700

9739,255,-40,-37,-3307,-210,16045,-4205,2447,-3125,bf7d9a2f,bc6bca8e,bdb61146,3dd232a9,bf7d9a30,bc6bca8c,bdb61145,3dd232a9,1,35900718

9740,200,73,-49,-2824,-122,15675,-4183,2469,-3096,bf7d99a0,bc5ed876,bdb62928,3dd2817b,bf7d99a1,bc5ed874,bdb62928,3dd2817b,1,35909237

9741,147,111,-26,-2927,-83,15655,-4191,2443,-3023,bf7d97f4,bc545ffd,bdb6d85e,3dd29619,bf7d97f5,bc545ffb,bdb6d85e,3dd29619,1,35917755

9742,75,67,-23,-2835,-40,15559,-4191,2443,-3023,bf7d9788,bc4b050d,bdb713c9,3dd2a786,bf7d9788,bc4b0509,bdb713c8,3dd2a785,1,35926274

9743,39,1,-43,-2841,273,15676,-4189,2443,-3052,bf7d97bc,bc5a7f19,bdb70555,3dd2665d,bf7d97bc,bc5a7f16,bdb70554,3dd2665c,1,35934793

9744,44,-27,-33,-2671,254,15531,-4195,2469,-3112,bf7d999a,bc6128ba,bdb5d9ff,3dd2bdf9,bf7d999b,bc6128b9,bdb5d9ff,3dd2bdf9,1,35943311

9745,55,-82,-38,-2714,125,15561,-4195,2469,-3112,bf7d99da,bc5d8c0a,bdb535e6,3dd34718,bf7d99da,bc5d8c09,bdb535e6,3dd34718,1,35951830

9746,-13,-161,-77,-2917,232,15655,-4171,2479,-3062,bf7d9343,bc645997,bdb691da,3dd3f890,bf7d9342,bc645995,bdb691da,3dd3f88f,1,35960349

9747,-32,-143,-77,-2950,416,15687,-4205,2411,-3034,bf7d9193,bc763eb9,bdb77fd6,3dd35bf0,bf7d9193,bc763eb7,bdb77fd7,3dd35bf0,1,35968867

9748,21,-116,-62,-2904,450,15625,-4205,2411,-3034,bf7d9084,bc839d61,bdb82343,3dd2ccd9,bf7d9085,bc839d61,bdb82344,3dd2ccda,1,35977386

9749,75,-131,-37,-2809,276,15563,-4231,2411,-3067,bf7d9247,bc89fbbf,bdb81db3,3dd2088e,bf7d9247,bc89fbbe,bdb81db3,3dd2088e,1,35985904

9750,96,-175,-11,-2924,232,15640,-4203,2495,-3027,bf7d8c9d,bc873cb2,bdb90060,3dd31314,bf7d8c9e,bc873cb2,bdb90060,3dd31315,1,35994423

9751,70,-196,5,-2736,336,15472,-4225,2493,-3034,bf7d8af8,bc889706,bdb87c01,3dd3f751,bf7d8af9,bc889706,bdb87c01,3dd3f752,1,36002941

9752,62,-229,26,-2986,166,15642,-4225,2493,-3034,bf7d840b,bc85d54f,bdb9f000,3dd4df62,bf7d840a,bc85d54e,bdb9effe,3dd4df62,1,36010959

9753,50,-253,44,-2795,312,15528,-4213,2493,-3053,bf7d80cd,bc86efa2,bdb9bc77,3dd5f7d2,bf7d80ce,bc86efa2,bdb9bc78,3dd5f7d4,1,36019478

9754,64,-299,78,-2916,178,15570,-4173,2463,-3067,bf7d7a68,bc843e60,bdbaed5d,3dd6ed94,bf7d7a67,bc843e5f,bdbaed5c,3dd6ed94,1,36027997

9755,24,-352,76,-2582,-72,15392,-4173,2463,-3067,bf7d787f,bc810c32,bdbb1ac2,3dd7754c,bf7d787f,bc810c31,bdbb1ac2,3dd7754d,1,36036515

9756,-73,-469,93,-2872,429,15480,-4217,2451,-3035,bf7d7366,bc8a8f6f,bdbc3319,3dd7a227,bf7d7366,bc8a8f6f,bdbc3319,3dd7a228,1,36045034

9757,-82,-572,107,-3134,592,15595,-4251,2387,-2960,bf7d6c37,bc9425a1,bdbe6a28,3dd7671b,bf7d6c37,bc9425a1,bdbe6a28,3dd7671c,1,36053552

9758,-26,-574,117,-3348,479,15716,-4251,2387,-2960,bf7d633e,bc9bd069,bdc134e5,3dd7377e,bf7d633e,bc9bd06a,bdc134e5,3dd7377f,1,36062071

9759,13,-550,156,-3201,267,15596,-4237,2399,-3074,bf7d59bb,bca05fb3,bdc434b7,3dd71791,bf7d59bb,bca05fb4,bdc434b7,3dd71792,1,36070589

9760,22,-552,254,-3441,134,15732,-4253,2439,-3028,bf7d4d42,bca05838,bdc765f7,3dd7d452,bf7d4d42,bca05839,bdc765f7,3dd7d453,1,36079108

9761,23,-428,314,-3269,466,15605,-4253,2439,-3028,bf7d42d7,bca76a1a,bdc990fb,3dd88942,bf7d42d7,bca76a1b,bdc990fb,3dd88943,1,36087626

9762,132,-377,445,-3420,396,15777,-4245,2443,-3036,bf7d35dd,bcaa4d57,bdcc2cfe,3dd9bdaa,bf7d35dd,bcaa4d58,bdcc2cfe,3dd9bdab,1,36096145

9763,225,-303,501,-3661,330,15902,-4289,2453,-2990,bf7d28a0,bcaa6e7f,bdced9f8,3ddb0dd1,bf7d28a0,bcaa6e80,bdced9f8,3ddb0dd2,1,36104664

9764,212,-133,385,-3334,306,15714,-4235,2451,-3060,bf7d1fbe,bca83330,bdd02608,3ddc7e79,bf7d1fbd,bca83330,bdd02607,3ddc7e79,1,36112682

9765,171,-66,302,-3204,256,15545,-4235,2451,-3060,bf7d1cd4,bca484d1,bdcff2d9,3dddb050,bf7d1cd4,bca484d1,bdcff2d9,3dddb051,1,36121200

9766,171,-64,331,-3268,346,15521,-4265,2471,-2971,bf7d1649,bca63784,bdd078de,3ddefb5c,bf7d164a,bca63785,bdd078df,3ddefb5e,1,36129719

9767,195,-94,404,-3278,558,15557,-4217,2481,-3035,bf7d0f31,bcab7ac6,bdd0cda0,3de06e60,bf7d0f31,bcab7ac7,bdd0cda0,3de06e61,1,36138238

9768,224,-108,360,-3278,671,15601,-4217,2481,-3035,bf7d0921,bcb119f9,bdd11826,3de19802,bf7d0920,bcb119f9,bdd11825,3de19802,1,36146756

9769,249,-93,220,-3295,575,15583,-4209,2449,-3026,bf7d04fd,bcb6989b,bdd18117,3de219a4,bf7d04fd,bcb6989c,bdd18117,3de219a5,1,36155275

9770,268,-85,115,-3406,378,15628,-4251,2395,-2989,bf7d0213,bcba1eb9,bdd2cbd8,3de18890,bf7d0212,bcba1eb9,bdd2cbd7,3de18890,1,36163793

9771,282,-54,73,-3544,425,15722,-4251,2395,-2989,bf7cfe19,bcbd48dc,bdd44efb,3de11077,bf7cfe1a,bcbd48de,bdd44efc,3de11078,1,36172312

9772,299,9,42,-3538,211,15729,-4249,2469,-3038,bf7cf91b,bcb7c45b,bdd58d9e,3de1939c,bf7cf91b,bcb7c45c,bdd58d9e,3de1939d,1,36180831

9773,271,91,13,-3317,225,15576,-4303,2477,-3014,bf7cf936,bcb184cd,bdd55746,3de20f52,bf7cf937,bcb184cf,bdd55747,3de20f54,1,36189349

9774,237,101,3,-3399,266,15620,-4303,2477,-3014,bf7cf6de,bcad7f91,bdd5c467,3de281aa,bf7cf6de,bcad7f91,bdd5c466,3de281ab,1,36197868

9775,213,119,-14,-3366,262,15624,-4273,2445,-3046,bf7cf7ff,bcabee27,bdd5ca41,3de23eac,bf7cf7ff,bcabee27,bdd5ca3f,3de23ead,1,36206386

9776,195,135,-22,-3220,176,15528,-4235,2447,-3048,bf7cfc07,bca72d6f,bdd4bf67,3de252ed,bf7cfc07,bca72d6e,bdd4bf66,3de252ee,1,36214404

9777,173,95,-17,-3130,230,15475,-4237,2455,-2955,bf7d0123,bca52f37,bdd34fe9,3de254cf,bf7d0124,bca52f37,bdd34fe9,3de254d1,1,36222923

9778,152,30,3,-3248,432,15529,-4237,2455,-2955,bf7d0224,bcaaf11d,bdd2e25a,3de22ebf,bf7d0224,bcaaf11c,bdd2e259,3de22ec0,1,36231442

9779,183,-10,19,-3282,376,15543,-4225,2491,-2987,bf7cff53,bcaad8f1,bdd2b045,3de327fc,bf7cff51,bcaad8f0,bdd2b043,3de327fb,1,36239960

9780,219,-22,30,-3284,441,15542,-4271,2491,-2945,bf7cfd17,bcae8642,bdd29920,3de3af8d,bf7cfd18,bcae8644,bdd29921,3de3af8f,1,36248479

9781,269,-37,52,-3375,361,15588,-4271,2491,-2945,bf7cf769,bcae0edf,bdd3889f,3de46af7,bf7cf769,bcae0ee0,bdd3889f,3de46af8,1,36256997

9782,308,-33,75,-3328,365,15550,-4247,2475,-2968,bf7cf40e,bcae7868,bdd3e485,3de4fe4a,bf7cf40d,bcae7867,bdd3e485,3de4fe4a,1,36265516

9783,348,-45,102,-3328,391,15575,-4251,2481,-3009,bf7cf090,bcaee4ca,bdd41844,3de5bfcf,bf7cf090,bcaee4ca,bdd41845,3de5bfd0,1,36274035

9784,393,-60,158,-3456,420,15612,-4251,2481,-3009,bf7ce97b,bcafc013,bdd56d71,3de66c0d,bf7ce97a,bcafc012,bdd56d71,3de66c0d,1,36282553

9785,483,-40,274,-3640,-62,15530,-4213,2467,-3003,bf7ce250,bca7c5ba,bdd70390,3de748d4,bf7ce250,bca7c5ba,bdd70391,3de748d4,1,36291072

9786,563,-35,553,-3482,539,15577,-4295,2533,-3020,bf7cd804,bca7eaba,bdd7e49f,3de943ca,bf7cd803,bca7eab8,bdd7e49f,3de943c9,1,36299591

9787,614,-1,576,-3641,153,15647,-4295,2533,-3020,bf7cccef,bc9f6235,bdd9649e,3deb3d4d,bf7cccf0,bc9f6234,bdd964a0,3deb3d4e,1,36307608

9788,630,84,568,-3736,422,16067,-4267,2507,-3031,bf7cc2cf,bc9db585,bddaac32,3decd6c7,bf7cc2d0,bc9db585,bddaac34,3decd6c8,1,36316127

9789,612,313,399,-3608,509,15802,-4253,2501,-3005,bf7cbea3,bc9e4c05,bddac25e,3dedd8b8,bf7cbea3,bc9e4c05,bddac25e,3dedd8b8,1,36324646

9790,631,438,242,-3611,290,15790,-4243,2503,-3052,bf7cbada,bc9a1c02,bddb016e,3deecb93,bf7cbada,bc9a1c02,bddb016e,3deecb93,1,36333164

9791,706,546,219,-3461,498,15755,-4243,2503,-3052,bf7cbd3c,bc99edbb,bdd9b8f2,3def5851,bf7cbd3d,bc99edbb,bdd9b8f3,3def5852,1,36341683

9792,804,553,202,-3044,504,15481,-4247,2505,-3005,bf7cc45f,bc963a77,bdd75728,3defc307,bf7cc45f,bc963a77,bdd75728,3defc307,1,36350202

9793,959,532,234,-3490,698,15813,-4291,2471,-2982,bf7cc71a,bc940b03,bdd68bf9,3defd6ae,bf7cc719,bc940b03,bdd68bf8,3defd6ad,1,36358720

9794,1213,535,290,-2392,801,14013,-4291,2471,-2982,bf7ccddb,bc8d1e41,bdd48ae1,3df01a6c,bf7ccddc,bc8d1e42,bdd48ae2,3df01a6d,1,36367239

9795,1552,361,447,-3220,432,15811,-4259,2523,-2938,bf7ccff8,bc82e86d,bdd343c7,3df108e3,bf7ccff8,bc82e86e,bdd343c8,3df108e3,1,36375764

9796,1722,247,531,-3773,-58,15979,-4213,2535,-2983,bf7cc843,bc5e875c,bdd4be37,3df25e7f,bf7cc844,bc5e875f,bdd4be38,3df25e80,1,36384283

9797,1841,367,629,-3517,-109,15783,-4213,2535,-2983,bf7cc189,bc31d185,bdd5865b,3df4017a,bf7cc18a,bc31d186,bdd5865c,3df4017a,1,36392801

9798,1950,448,712,-3326,-60,15688,-4211,2543,-2996,bf7cbd49,bc058672,bdd4fc48,3df602e0,bf7cbd4a,bc058672,bdd4fc48,3df602e0,1,36401320

9799,2123,425,896,-3535,-145,15822,-4265,2603,-3111,bf7cb21c,bbab5cbd,bdd5bc8e,3df88cfc,bf7cb21c,bbab5cbb,bdd5bc8d,3df88cfb,1,36409838

9800,2285,443,1084,-3611,-192,15945,-4265,2603,-3111,bf7ca47f,bb18f058,bdd6c311,3dfb4bcc,bf7ca47f,bb18f053,bdd6c310,3dfb4bcb,1,36417856

9801,2377,585,1135,-3758,-489,16072,-4225,2619,-3077,bf7c9710,3a87be3a,bdd77a39,3dfe1463,bf7c9711,3a87be41,bdd77a39,3dfe1463,1,36426375

9802,2458,719,1242,-2337,-3123,12876,-4179,2627,-3054,bf7c8dc1,3ba3f4fb,bdd6a200,3e007295,bf7c8dc0,3ba3f4fb,bdd6a1ff,3e007294,1,36434894

9803,2079,641,1308,-3120,28,16131,-4177,2687,-3020,bf7c859f,3be824b2,bdd4c6e1,3e021b15,bf7c859f,3be824b3,bdd4c6e0,3e021b15,1,36443413

9804,1902,833,783,-3760,930,16646,-4177,2687,-3020,bf7c826a,3c0d9427,bdd392d6,3e02e242,bf7c826b,3c0d9428,bdd392d5,3e02e242,1,36451931

9805,2312,1102,478,-3606,1677,16551,-4215,2625,-2988,bf7c8589,3c2f9ea4,bdd1a9e0,3e031d6e,bf7c8589,3c2f9ea5,bdd1a9de,3e031d6d,1,36460450

9806,3162,1353,334,-3461,3330,17345,-4173,2739,-3013,bf7c8b39,3c63bf51,bdcf3134,3e03195e,bf7c8b3a,3c63bf53,bdcf3133,3e03195e,1,36468968

9807,4410,1552,143,-3867,1975,16920,-4173,2739,-3013,bf7c90ea,3c98dc57,bdccf2e6,3e02acca,bf7c90eb,3c98dc59,bdccf2e5,3e02acca,1,36477487

9808,5592,1791,141,-3525,1314,16882,-4205,2775,-3086,bf7c94f4,3ccc6d87,bdca52a5,3e021b85,bf7c94f5,3ccc6d89,bdca52a4,3e021b85,1,36486006

9809,6530,2029,66,-2768,1049,16559,-4161,2767,-3038,bf7c97e9,3d052af0,bdc6eb04,3e014f09,bf7c97e9,3d052af1,bdc6eb02,3e014f09,1,36494524

9810,7340,2093,-156,-2519,397,16049,-4161,2767,-3038,bf7c9762,3d2856a1,bdc380a5,3e001b6e,bf7c9762,3d2856a2,bdc380a3,3e001b6e,1,36503043

9811,8101,2064,-420,-2428,740,16147,-4211,2845,-3083,bf7c90df,3d4f38d8,bdc082cb,3dfcf066,bf7c90e0,3d4f38da,bdc082ca,3dfcf067,1,36511562

9812,8704,2282,-1006,-3110,-1426,16350,-4193,2871,-3089,bf7c83f5,3d795881,bdbe2d59,3df861db,bf7c83f6,3d795883,bdbe2d58,3df861dc,1,36519579

9813,9224,2628,-1202,-3522,-824,15968,-4193,2871,-3089,bf7c72d0,3d92ff93,bdbb5f04,3df2987d,bf7c72d1,3d92ff94,bdbb5f03,3df2987e,1,36528098

9814,10149,2757,-699,-2801,-3739,14384,-4119,2947,-3056,bf7c457e,3daef340,bdb840da,3dee2e55,bf7c457f,3daef341,bdb840d9,3dee2e56,1,36536617

9815,10726,2049,576,-8525,-1990,19571,-4179,3097,-2977,bf7bfa07,3dca57b3,bdb7ebf6,3decb56b,bf7bfa06,3dca57b2,bdb7ebf4,3decb56b,1,36545135

9816,11056,2958,38,105,-3393,14135,-4121,3085,-3026,bf7baee0,3de7e193,bdb24c2c,3de9e418,bf7baee1,3de7e192,bdb24c2b,3de9e41a,1,36553654

9817,10895,3283,-1218,-499,-5606,12334,-4121,3085,-3026,bf7b5f69,3e02da7c,bdad1466,3de39e3d,bf7b5f69,3e02da7b,bdad1464,3de39e3e,1,36562172

9818,10600,2676,-1275,-205,-7200,11650,-4155,3169,-2958,bf7b005e,3e114a06,bda98793,3ddd6666,bf7b005e,3e114a05,bda98791,3ddd6667,1,36570691

9819,10012,1891,-976,813,-8304,11280,-4167,3225,-3065,bf7a9400,3e1ed6b6,bda78871,3dd8531b,bf7a9400,3e1ed6b5,bda7886f,3dd8531c,1,36579210

9820,9189,741,-677,516,-9685,11329,-4167,3225,-3065,bf7a1c6b,3e2b322e,bda84c4f,3dd496f8,bf7a1c6a,3e2b322c,bda84c4c,3dd496f8,1,36587729

9821,8459,-614,116,-1390,-8570,12926,-4169,3299,-3006,bf7994cf,3e367c26,bdac5ce1,3dd39cd0,bf7994cf,3e367c25,bdac5cdf,3dd39cd0,1,36596247

9822,8026,-1439,836,-1548,-8153,13257,-4163,3359,-2995,bf78ffa9,3e412498,bdb21023,3dd4fa1b,bf78ffa9,3e412497,bdb21021,3dd4fa1b,1,36604766

9823,7648,-1500,956,-1719,-7517,13258,-4163,3359,-2995,bf7867ea,3e4b450a,bdb7c119,3dd6bced,bf7867ea,3e4b4509,bdb7c118,3dd6bced,1,36612784

9824,7336,-1340,789,-2596,-6621,13888,-4207,3447,-2947,bf77d2cb,3e54ac23,bdbddefb,3dd80fe6,bf77d2cb,3e54ac22,bdbddefa,3dd80fe6,1,36621302

9825,7469,-1228,776,-2727,-5289,14551,-4211,3509,-2820,bf774774,3e5d0f02,bdc37d86,3dd94a3f,bf774774,3e5d0f02,bdc37d86,3dd94a3f,1,36629821

9826,7854,-672,153,-2859,-6487,14088,-4211,3509,-2820,bf76af2d,3e6683c7,bdc8ba2c,3dd87b31,bf76af2c,3e6683c6,bdc8ba2b,3dd87b30,1,36638340

9827,8188,-231,-388,-2354,-8253,13712,-4209,3477,-2823,bf760a43,3e711db6,bdcc4b55,3dd5dab5,bf760a42,3e711db4,bdcc4b54,3dd5dab4,1,36646858

9828,8534,23,-321,-2228,-9233,12770,-4201,3559,-2760,bf75575f,3e7c3be9,bdcf3011,3dd322db,bf755760,3e7c3be9,bdcf3012,3dd322dc,1,36655377

9829,8552,444,-339,-2278,-11291,12773,-4201,3595,-2739,bf749f77,3e83b63b,bdd0febc,3dd005bc,bf749f77,3e83b63b,bdd0febc,3dd005bc,1,36663896

9830,8386,764,-84,-2032,-10469,12964,-4201,3595,-2739,bf73e48d,3e893584,bdd19fe7,3dcd6342,bf73e48c,3e893584,bdd19fe6,3dcd6341,1,36672414

9831,8654,1063,709,-1047,-11221,11861,-4201,3627,-2685,bf7317b1,3e8ef0c3,bdd0b689,3dcc7da8,bf7317b0,3e8ef0c3,bdd0b688,3dcc7da7,1,36680933

9832,9311,1238,1463,-1413,-10586,12227,-4151,3667,-2642,bf722e05,3e95196b,bdcefe32,3dcd2fff,bf722e05,3e95196c,bdcefe32,3dcd2ffe,1,36689452

9833,10652,2088,2144,-843,-12303,9456,-4151,3667,-2642,bf71184f,3e9c319b,bdcb1747,3dce65d8,bf71184e,3e9c319b,bdcb1746,3dce65d6,1,36697970

9834,11120,2176,2452,335,-13029,7265,-4107,3775,-2533,bf6fe6e7,3ea39257,bdc6b3ea,3dd02fc8,bf6fe6e6,3ea39257,bdc6b3e9,3dd02fc6,1,36706489

9835,11333,1246,2748,-309,-12323,8555,-4109,3829,-2516,bf6e9799,3eaafbd1,bdc4689f,3dd361e4,bf6e9799,3eaafbd1,bdc4689f,3dd361e3,1,36715007

9836,12110,337,3229,-1106,-10795,9861,-4109,3829,-2516,bf6d1919,3eb2c12a,bdc42c06,3dd84872,bf6d1919,3eb2c12a,bdc42c06,3dd84871,1,36723025

9837,13869,404,3831,-1702,-9721,9754,-4099,3929,-2467,bf6b5291,3ebb7e3c,bdc41949,3dddff2c,bf6b5290,3ebb7e3b,bdc41948,3dddff2b,1,36731544

9838,15977,1097,4592,-804,-10122,8067,-4085,4053,-2355,bf692e64,3ec598a7,bdc1b8ac,3de46516,bf692e64,3ec598a7,bdc1b8ab,3de46516,1,36740062

9839,17664,1479,4905,227,-13055,6427,-4085,4053,-2355,bf66b324,3ed0b02e,bdbe66e9,3dea88e0,bf66b324,3ed0b02e,bdbe66e8,3dea88e0,1,36748581

9840,19589,1569,6057,1636,-13947,2782,-4063,4165,-2260,bf63c4b8,3edcdfc7,bdba0d30,3df2b25c,bf63c4b8,3edcdfc7,bdba0d2f,3df2b25c,1,36757100

9841,22672,1490,8323,1895,-15650,1029,-4023,4239,-2081,bf601d9f,3eeacc61,bdb4328f,3dff4711,bf601d9e,3eeacc60,bdb4328d,3dff4710,1,36765618

9842,25822,1585,11265,4386,-15730,671,-3945,4387,-1845,bf5b9d3a,3efa6c37,bdab27ce,3e08d246,bf5b9d3c,3efa6c39,bdab27ce,3e08d247,1,36774137

9843,28356,2398,14462,3885,-16218,1146,-3945,4387,-1845,bf564219,3f05a970,bd9cd847,3e1491bd,bf564218,3f05a971,bd9cd845,3e1491bd,1,36782655

9844,30138,3232,17614,2938,-15097,-1436,-3783,4551,-1635,bf5010d8,3f0e77d4,bd88fc7b,3e22b0d4,bf5010d8,3f0e77d5,bd88fc79,3e22b0d5,1,36791174

9845,31631,3981,21061,-4113,-5573,3223,-3591,4639,-1386,bf491b5c,3f174d70,bd60ba38,3e32fcf9,bf491b5d,3f174d72,bd60ba35,3e32fcfb,1,36799693

9846,28143,611,16116,-9764,-8940,22357,-3591,4639,-1386,bf42ae45,3f1e98fb,bd46fa5f,3e40faa1,bf42ae44,3f1e98fb,bd46fa5a,3e40faa1,1,36808212

9847,18407,-2994,-130,846,-20357,15614,-3629,4677,-1177,bf3efca1,3f22c6b3,bd663f5b,3e4230c1,bf3efca0,3f22c6b3,bd663f56,3e4230c1,1,36816730

9848,15351,-299,-3546,6128,-29148,720,-3633,4571,-1156,bf3bef1a,3f26700e,bd814784,3e3de97b,bf3bef18,3f26700e,bd814781,3e3de97a,1,36824748

9849,12743,-182,-778,8435,-27585,-8732,-3633,4571,-1156,bf392dba,3f298281,bd891791,3e3c5e3f,bf392db8,3f298281,bd89178e,3e3c5e3e,1,36833267

9850,9205,-2544,-753,5346,-19360,-5477,-3635,4581,-979,bf371a38,3f2b8ec0,bd93a788,3e3d2e65,bf371a36,3f2b8ec0,bd93a785,3e3d2e65,1,36841785

9851,6367,-3948,-1841,2889,-18635,-3603,-3653,4487,-870,bf35ac34,3f2ccb67,bda197c3,3e3e5f24,bf35ac34,3f2ccb68,bda197c1,3e3e5f25,1,36850304

9852,4314,-4083,-2191,2171,-18088,-2719,-3653,4487,-870,bf34b5d5,3f2d830f,bdaf7382,3e3f844c,bf34b5d3,3f2d830f,bdaf737f,3e3f844b,1,36858823

9853,2740,-3646,-1898,344,-14978,-7738,-3621,4511,-937,bf340faa,3f2dea48,bdbb534f,3e40a1b9,bf340faa,3f2dea4a,bdbb534f,3e40a1ba,1,36867341

9854,1514,-3004,-2112,3673,-19500,2409,-3649,4531,-766,bf33d6fc,3f2de97b,bdc50582,3e4190e0,bf33d6fb,3f2de97c,bdc50581,3e4190e0,1,36875860

9855,302,-1212,-1468,3130,-17435,-4487,-3667,4515,-860,bf33c878,3f2de516,bdca1e9f,3e415749,bf33c877,3f2de517,bdca1e9e,3e415749,1,36884378

9856,-755,-1538,-1187,2024,-15011,313,-3667,4515,-860,bf33ffaa,3f2d8da0,bdcebb79,3e41d2b5,bf33ffa9,3f2d8da1,bdcebb78,3e41d2b5,1,36892897

9857,-1466,-1003,-1488,2752,-17542,-142,-3605,4511,-828,bf3462af,3f2d16db,bdd27c86,3e41b28b,bf3462ae,3f2d16dc,bdd27c84,3e41b28a,1,36901416

9858,-1398,-766,-1155,1773,-17265,346,-3667,4521,-864,bf34c3ab,3f2ca5d5,bdd5705d,3e418b10,bf34c3ab,3f2ca5d6,bdd5705c,3e418b10,1,36909934

9859,-1199,-594,-826,1920,-15767,926,-3667,4521,-864,bf351999,3f2c40f0,bdd76e44,3e4196e9,bf351999,3f2c40f1,bdd76e43,3e4196e9,1,36917952

9860,-758,-328,-700,1709,-16375,301,-3703,4509,-861,bf3550dd,3f2c021f,bdd90dad,3e4164d7,bf3550dd,3f2c0220,bdd90dac,3e4164d7,1,36926972

9861,-333,-157,-498,1895,-16697,-430,-3695,4519,-885,bf35698b,3f2be620,bdda30e6,3e412ec9,bf35698a,3f2be620,bdda30e4,3e412ec7,1,36934990

9862,-211,-142,-355,2110,-15878,-948,-3695,4519,-885,bf357618,3f2bd5ef,bddb0e36,3e411a24,bf357618,3f2bd5f0,bddb0e35,3e411a23,1,36943508

9863,-284,-248,-546,1676,-14889,-16,-3659,4499,-811,bf358c9d,3f2bb982,bddc7a69,3e40f47a,bf358c9c,3f2bb983,bddc7a67,3e40f478,1,36952027

9864,-122,-148,-1090,1900,-14868,-366,-3657,4511,-860,bf35a193,3f2ba575,bddeb08a,3e40334a,bf35a192,3f2ba576,bddeb088,3e403348,1,36960545

9865,-70,-26,-1728,2115,-16618,278,-3657,4511,-860,bf35c228,3f2b8c8b,bde1c538,3e3ec300,bf35c227,3f2b8c8b,bde1c535,3e3ec2fd,1,36969064

9866,-31,195,-1676,1975,-16418,-11,-3705,4519,-852,bf35dfef,3f2b7b91,bde46553,3e3d2769,bf35dfee,3f2b7b91,bde46550,3e3d2766,1,36977583

9867,91,323,-1465,1943,-17044,-650,-3641,4491,-862,bf35f189,3f2b78d8,bde685a9,3e3b9948,bf35f189,3f2b78d9,bde685a7,3e3b9946,1,36986101

9868,169,248,-1173,1935,-16236,-282,-3641,4491,-862,bf35fa9d,3f2b7acc,bde842e2,3e3a6579,bf35fa9c,3f2b7acc,bde842df,3e3a6577,1,36994620

9869,249,142,-1077,2165,-15638,-597,-3735,4505,-803,bf35fa3f,3f2b82fe,bdea026b,3e3965fa,bf35fa40,3f2b8300,bdea026a,3e3965fa,1,37003138

9870,258,41,-1322,1820,-15684,-770,-3727,4463,-858,bf35fc58,3f2b87e2,bdec7322,3e383589,bf35fc58,3f2b87e3,bdec7321,3e383589,1,37011657

9871,226,-90,-1594,1853,-15426,-732,-3745,4489,-792,bf36024b,3f2b8658,bdef967f,3e36e9c7,bf36024b,3f2b8659,bdef967e,3e36e9c7,1,37020176

9872,270,-247,-1886,1745,-15804,-41,-3745,4489,-792,bf360bba,3f2b7e51,bdf38772,3e357d7c,bf360bb9,3f2b7e51,bdf38770,3e357d7c,1,37028194

9873,284,-115,-2384,726,-15526,-555,-3763,4439,-837,bf361c76,3f2b74f1,bdf85bd5,3e335879,bf361c76,3f2b74f2,bdf85bd4,3e33587a,1,37036712

9874,114,-25,-3137,946,-17693,-1861,-3819,4419,-863,bf363dee,3f2b5f10,bdfe39a7,3e307313,bf363dee,3f2b5f11,bdfe39a6,3e307314,1,37045231

9875,-87,-225,-2726,733,-18259,-842,-3819,4419,-863,bf366597,3f2b3a0f,be01d3e4,3e2e2439,bf366596,3f2b3a10,be01d3e3,3e2e2439,1,37053749

9876,-219,-420,-2137,488,-16199,-1050,-3817,4417,-917,bf3688f4,3f2b1129,be042e91,3e2c8f41,bf3688f4,3f2b112a,be042e91,3e2c8f42,1,37062268

9877,-267,-537,-2164,382,-12837,-339,-3807,4435,-873,bf36afd1,3f2ae07f,be06a5ed,3e2b16f8,bf36afd0,3f2ae07f,be06a5ec,3e2b16f8,1,37070787

9878,-253,-359,-3507,545,-14426,180,-3807,4435,-873,bf36ed46,3f2aa022,be0a155c,3e283cfa,bf36ed46,3f2aa022,be0a155b,3e283cfb,1,37079305

9879,-272,-29,-4521,760,-17868,-497,-3833,4355,-772,bf3736a0,3f2a5bdd,be0e1731,3e243031,bf3736a0,3f2a5bdd,be0e1730,3e243032,1,37087824

9880,-29,-244,-3651,628,-18055,515,-3829,4365,-846,bf3768e3,3f2a2622,be118a6c,3e211cdd,bf3768e3,3f2a2621,be118a6a,3e211cdd,1,37096342

9881,268,-397,-2762,565,-17783,-483,-3829,4365,-846,bf377670,3f2a101b,be1470d0,3e1ef0f4,bf377671,3f2a101b,be1470cf,3e1ef0f5,1,37104861

9882,382,-523,-1745,75,-17316,-212,-3879,4313,-809,bf376fce,3f2a09ac,be16a219,3e1dc874,bf376fcf,3f2a09ab,be16a217,3e1dc874,1,37113379

9883,377,-449,-1204,-128,-17036,38,-3907,4307,-824,bf37652c,3f2a0868,be184a18,3e1d0ca5,bf37652d,3f2a0867,be184a16,3e1d0ca5,1,37121898

9884,205,-147,-948,-54,-16740,-108,-3883,4349,-780,bf3762d5,3f2a0526,be1965fa,3e1c5c05,bf3762d6,3f2a0525,be1965f8,3e1c5c05,1,37130417

9885,119,65,-830,99,-16409,-403,-3883,4349,-780,bf3764a7,3f2a02b8,be1a2ba8,3e1ba14e,bf3764a8,3f2a02b7,be1a2ba7,3e1ba14f,1,37138435

9886,65,130,-858,0,-16406,-400,-3877,4357,-726,bf376a25,3f29fda0,be1ae92e,3e1ad624,bf376a26,3f29fd9e,be1ae92d,3e1ad625,1,37146953

9887,28,172,-911,-17,-16412,-161,-3857,4285,-867,bf3775a6,3f29f3f2,be1b9f2e,3e19eeed,bf3775a7,3f29f3f1,be1b9f2d,3e19eeef,1,37155472

9888,70,222,-913,-82,-16630,-313,-3857,4285,-867,bf377e98,3f29ee27,be1c4e07,3e18f8ac,bf377e99,3f29ee26,be1c4e06,3e18f8ae,1,37163991

9889,128,229,-858,-511,-16565,184,-3923,4287,-813,bf3786cd,3f29e905,be1cfdc5,3e1801a5,bf3786cd,3f29e903,be1cfdc3,3e1801a6,1,37172509

9890,250,258,-584,-673,-17164,-174,-3927,4335,-853,bf3783a8,3f29f0c4,be1d7390,3e173960,bf3783aa,3f29f0c4,be1d7390,3e173963,1,37181028

9891,417,245,-90,305,-15308,-104,-3927,4335,-853,bf376f91,3f2a0a64,be1d6258,3e170462,bf376f93,3f2a0a64,be1d6257,3e170464,1,37189546

9892,441,287,-271,10,-15930,-403,-3935,4289,-832,bf375b94,3f2a24df,be1d7f34,3e168d75,bf375b94,3f2a24dd,be1d7f31,3e168d76,1,37198065

9893,312,371,-687,362,-16663,-868,-3917,4271,-823,bf375280,3f2a35c7,be1dd7c1,3e15af24,bf375281,3f2a35c5,be1dd7bf,3e15af26,1,37206584

9894,158,336,-875,190,-16137,-478,-3917,4271,-823,bf3755a8,3f2a3893,be1e5bcc,3e14b228,bf3755a8,3f2a3890,be1e5bc9,3e14b229,1,37215102

9895,148,231,-1049,-86,-16213,-360,-3893,4285,-863,bf375b77,3f2a35c2,be1f2587,3e139aa2,bf375b78,3f2a35c1,be1f2586,3e139aa4,1,37223621

9896,211,190,-1139,-355,-16642,-321,-3951,4277,-793,bf375e18,3f2a34c4,be20195e,3e126fc4,bf375e19,3f2a34c3,be20195d,3e126fc6,1,37232140

9897,302,140,-1051,-492,-16727,-349,-3935,4295,-854,bf375a9b,3f2a3926,be210b21,3e1159fd,bf375a9c,3f2a3925,be210b20,3e1159ff,1,37240158

9898,342,99,-846,-234,-16413,-550,-3935,4295,-854,bf375053,3f2a43b8,be21d290,3e10857d,bf375052,3f2a43b5,be21d28e,3e10857e,1,37248676

9899,366,37,-790,-398,-16726,-557,-3941,4273,-797,bf3742be,3f2a4fc1,be22a38b,3e0fcb09,bf3742bf,3f2a4fc0,be22a38b,3e0fcb0c,1,37257195

9900,304,13,-758,-496,-16529,-390,-3963,4291,-794,bf3738ea,3f2a5712,be23711e,3e0f1f40,bf3738eb,3f2a5711,be23711e,3e0f1f43,1,37265714

9901,285,22,-732,-550,-16425,-238,-3963,4291,-794,bf3730db,3f2a5ca7,be24358b,3e0e78ab,bf3730dc,3f2a5ca6,be24358b,3e0e78ae,1,37274232

9902,316,40,-667,-590,-16484,-108,-3955,4255,-789,bf372743,3f2a6456,be24e7f4,3e0ddcdd,bf372743,3f2a6454,be24e7f3,3e0ddcdf,1,37282751

9903,416,80,-611,-416,-15870,612,-3965,4279,-812,bf371e0d,3f2a6d25,be257746,3e0d4a8d,bf371e0d,3f2a6d24,be257746,3e0d4a90,1,37291270

9904,571,86,-606,-618,-16591,-404,-3965,4279,-812,bf3704ca,3f2a86da,be261cf3,3e0ca32a,bf3704cb,3f2a86da,be261cf4,3e0ca32e,1,37299788

9905,502,93,-562,-649,-16841,-702,-3973,4259,-770,bf36ed24,3f2a9eb3,be26b6f3,3e0c0a2b,bf36ed24,3f2a9eb2,be26b6f3,3e0c0a2e,1,37308307

9906,369,97,-514,-624,-16690,-744,-3989,4249,-782,bf36dc6c,3f2aaf57,be273d33,3e0b82bf,bf36dc6c,3f2aaf56,be273d33,3e0b82c2,1,37316825

9907,291,130,-445,-622,-16432,-423,-3989,4249,-782,bf36d15d,3f2abae7,be27a59b,3e0b0aa1,bf36d15e,3f2abae7,be27a59c,3e0b0aa5,1,37325344

9908,302,160,-434,-523,-16124,-190,-3965,4253,-826,bf36c7cd,3f2ac5f9,be27fd3b,3e0a9052,bf36c7cd,3f2ac5f9,be27fd3b,3e0a9055,1,37333863

9909,415,158,-467,-742,-16603,-287,-3933,4227,-821,bf36b7cb,3f2ad78e,be286a45,3e0a02c1,bf36b7cb,3f2ad78d,be286a45,3e0a02c4,1,37341881

9910,462,192,-456,-744,-16627,-491,-4021,4279,-788,bf36a441,3f2aedb6,be28cf9f,3e096d58,bf36a443,3f2aedb6,be28cfa0,3e096d5c,1,37350399

9911,436,230,-395,-691,-16361,-128,-4021,4279,-788,bf369444,3f2b0148,be29176a,3e08e34d,bf369444,3f2b0146,be291769,3e08e34f,1,37358918

9912,476,268,-362,-880,-16727,-428,-4005,4225,-705,bf367f72,3f2b1a4c,be295c01,3e085655,bf367f72,3f2b1a4b,be295c01,3e085657,1,37367436

9913,456,328,-278,-798,-16611,-417,-4049,4219,-784,bf366ce4,3f2b3347,be2976de,3e07cc46,bf366ce4,3f2b3346,be2976de,3e07cc48,1,37375955

9914,449,367,-171,-738,-16547,-505,-4049,4219,-784,bf365985,3f2b4e4e,be296e36,3e075588,bf365986,3f2b4e4e,be296e37,3e07558b,1,37384473

9915,486,363,-107,-725,-16353,-120,-4057,4211,-852,bf364748,3f2b68e6,be2950d2,3e06e8ae,bf364747,3f2b68e4,be2950d1,3e06e8af,1,37392992

9916,562,341,-63,-647,-16725,-912,-4069,4261,-814,bf362a51,3f2b8dbe,be293913,3e068af0,bf362a51,3f2b8dbd,be293913,3e068af1,1,37401511

9917,469,284,-29,-745,-16571,-647,-4069,4261,-814,bf36131c,3f2bab19,be292410,3e0644d6,bf36131d,3f2bab19,be292412,3e0644d8,1,37410029

9918,379,207,-5,-718,-16483,-524,-3995,4229,-810,bf36001a,3f2bc1e3,be29178c,3e061ebc,bf36001b,3f2bc1e2,be29178d,3e061ebd,1,37418548

9919,423,189,27,-754,-16493,-650,-4011,4243,-844,bf35e9f7,3f2bdbc7,be290a60,3e05fcfc,bf35e9f8,3f2bdbc6,be290a61,3e05fcfd,1,37427067

9920,443,201,85,-790,-16403,-434,-4011,4243,-844,bf35d3d5,3f2bf62e,be28ed52,3e05e45e,bf35d3d6,3f2bf62d,be28ed52,3e05e45e,1,37435084

9921,442,207,114,-871,-16607,-489,-4029,4221,-786,bf35bc95,3f2c1194,be28cd8c,3e05d24b,bf35bc95,3f2c1193,be28cd8b,3e05d24a,1,37443603

9922,494,223,218,-673,-16466,-675,-3989,4223,-831,bf35a0a0,3f2c32c8,be288e37,3e05d624,bf35a0a0,3f2c32c7,be288e36,3e05d623,1,37452122

9923,444,226,233,-769,-16810,-658,-3991,4217,-859,bf35884b,3f2c5070,be2849a0,3e05da06,bf35884a,3f2c506e,be28499e,3e05da04,1,37460640

9924,363,200,294,-495,-17614,-1378,-3991,4217,-859,bf356fac,3f2c6db7,be27f638,3e05fdb3,bf356fac,3f2c6db6,be27f637,3e05fdb2,1,37469159

9925,165,61,454,-658,-15157,-388,-4053,4271,-824,bf3563f4,3f2c7a5b,be2797d3,3e066d13,bf3563f5,3f2c7a5b,be2797d3,3e066d13,1,37477677

9926,274,152,399,-626,-16339,-202,-3977,4223,-759,bf3553ed,3f2c8d25,be27351b,3e06c011,bf3553ee,3f2c8d24,be27351b,3e06c010,1,37486196

9927,487,215,340,-300,-16329,-997,-3977,4223,-759,bf35342a,3f2cb1d4,be26d76d,3e06eff9,bf35342a,3f2cb1d2,be26d76c,3e06eff8,1,37494715

9928,379,151,192,-595,-16400,-532,-3997,4213,-842,bf351fe6,3f2cc92b,be26a63c,3e07020c,bf351fe6,3f2cc929,be26a63b,3e07020b,1,37503233

9929,344,152,112,-722,-16448,-451,-4019,4245,-839,bf350f90,3f2cdc3d,be26894d,3e06fd98,bf350f91,3f2cdc3c,be26894e,3e06fd98,1,37511752

9930,410,206,172,-590,-16466,-878,-4019,4245,-839,bf34f882,3f2cf7b3,be265432,3e06fadd,bf34f883,3f2cf7b2,be265433,3e06fadd,1,37520270

9931,362,218,187,-550,-16516,-865,-4033,4217,-798,bf34e3c7,3f2d10e1,be26169a,3e06ff0e,bf34e3c7,3f2d10df,be26169a,3e06ff0e,1,37528789

9932,287,193,178,-553,-16501,-768,-4003,4301,-781,bf34d378,3f2d2485,be25df11,3e070de5,bf34d37a,3f2d2484,be25df12,3e070de6,1,37537308

9933,261,168,189,-632,-16514,-788,-4003,4301,-781,bf34c447,3f2d3657,be25acd2,3e07234d,bf34c449,3f2d3656,be25acd3,3e07234e,1,37545326

9934,251,154,224,-547,-16391,-616,-3979,4273,-768,bf34b5c7,3f2d471b,be25723a,3e074986,bf34b5c8,3f2d4719,be25723a,3e074987,1,37553844

9935,289,150,237,-543,-16483,-809,-3967,4261,-825,bf34a49c,3f2d5adc,be253671,3e076c7f,bf34a49d,3f2d5ada,be253671,3e076c80,1,37562370

9936,277,126,234,-520,-16407,-636,-4093,4245,-841,bf3495ee,3f2d6c18,be24f949,3e078f56,bf3495ef,3f2d6c16,be24f949,3e078f57,1,37570888

9937,260,133,206,-474,-16435,-834,-4093,4245,-841,bf348732,3f2d7d66,be24c0e2,3e07ab85,bf348734,3f2d7d65,be24c0e2,3e07ab86,1,37579407

9938,224,130,170,-432,-16341,-733,-4003,4269,-827,bf347afa,3f2d8b8f,be24910b,3e07c7fe,bf347afb,3f2d8b8d,be24910a,3e07c7fe,1,37587925

9939,186,114,109,-400,-16310,-716,-3983,4233,-799,bf3470f8,3f2d96b1,be2471cd,3e07df12,bf3470f9,3f2d96af,be2471cc,3e07df12,1,37596444

9940,190,100,14,-447,-16312,-686,-3983,4233,-799,bf3467f3,3f2da040,be246d32,3e07e0c4,bf3467f4,3f2da03e,be246d31,3e07e0c4,1,37604963

9941,190,121,-64,-459,-16304,-673,-3993,4195,-788,bf346018,3f2da8fa,be2475b0,3e07cada,bf346019,3f2da8f9,be2475b0,3e07cada,1,37613481

9942,195,121,-111,-530,-16390,-632,-3929,4211,-803,bf3458e8,3f2db0ca,be248c17,3e07a89c,bf3458e8,3f2db0c7,be248c15,3e07a89b,1,37622000

9943,200,149,-138,-551,-16436,-588,-3929,4211,-803,bf345282,3f2db86f,be24a24a,3e0778f7,bf345283,3f2db86e,be24a249,3e0778f7,1,37630519

9944,216,189,-143,-670,-16667,-168,-4003,4259,-787,bf344fb3,3f2dbd97,be24afa0,3e073adf,bf344fb4,3f2dbd96,be24afa0,3e073ae0,1,37639037

9945,225,301,-96,-453,-16299,-907,-3963,4259,-761,bf3446cc,3f2dcb73,be249a39,3e06f5b8,bf3446ce,3f2dcb73,be249a3a,3e06f5b9,1,37647055

9946,237,243,-105,-593,-16435,-692,-3963,4259,-761,bf343e24,3f2dd795,be2497c6,3e06b79b,bf343e26,3f2dd794,be2497c7,3e06b79c,1,37655574

9947,259,214,-93,-609,-16537,-713,-4019,4229,-836,bf343530,3f2de410,be24952b,3e0678b7,bf343531,3f2de40d,be24952b,3e0678b7,1,37664092

9948,258,214,-56,-604,-16559,-750,-3961,4243,-748,bf3429f4,3f2df223,be24902e,3e064c81,bf3429f5,3f2df220,be24902e,3e064c81,1,37672611

9949,263,193,-8,-600,-16519,-775,-3987,4243,-839,bf341f1a,3f2e0016,be248017,3e0627e4,bf341f1c,3f2e0013,be248017,3e0627e5,1,37681129

9950,258,153,51,-567,-16502,-814,-3987,4243,-839,bf341315,3f2e0e5d,be246ad4,3e061bb4,bf341318,3f2e0e5b,be246ad5,3e061bb5,1,37689648

9951,229,126,97,-631,-16557,-723,-4003,4231,-836,bf3408c0,3f2e1a66,be245114,3e061f61,bf3408c1,3f2e1a62,be245113,3e061f61,1,37698167

9952,222,120,146,-589,-16574,-778,-3963,4225,-722,bf33fbbf,3f2e2836,be243314,3e063c55,bf33fbc1,3f2e2833,be243314,3e063c56,1,37706685

9953,211,119,193,-535,-16468,-733,-3963,4225,-722,bf33ef18,3f2e35c3,be24080f,3e0666dd,bf33ef1a,3f2e35c0,be24080f,3e0666de,1,37715204

9954,200,108,218,-542,-16452,-708,-3989,4245,-840,bf33e50d,3f2e4151,be23d2be,3e068f6d,bf33e510,3f2e414f,be23d2bf,3e068f6e,1,37723723

9955,217,99,224,-522,-16477,-679,-3939,4271,-809,bf33d949,3f2e4e06,be23a16b,3e06bfc9,bf33d94b,3f2e4e03,be23a16b,3e06bfc9,1,37732241

9956,242,104,224,-489,-16381,-694,-3939,4271,-809,bf33cc0e,3f2e5c5d,be236f4a,3e06ee30,bf33cc10,3f2e5c5b,be236f4b,3e06ee30,1,37740259

9957,259,120,203,-448,-16375,-697,-3949,4233,-788,bf33bdf8,3f2e6be0,be233e3c,3e071509,bf33bdfa,3f2e6bde,be233e3d,3e071509,1,37748778

9958,262,113,164,-449,-16370,-716,-3989,4231,-777,bf33b006,3f2e7b0a,be2317d0,3e0732e9,bf33b008,3f2e7b08,be2317d1,3e0732ea,1,37757296

9959,262,128,119,-416,-16364,-763,-3989,4231,-777,bf33a27d,3f2e8a12,be22f789,3e074354,bf33a27f,3f2e8a10,be22f78a,3e074355,1,37765815

9960,244,128,63,-417,-16380,-791,-3971,4245,-788,bf33969d,3f2e9745,be22e3a1,3e0746ec,bf33969e,3f2e9743,be22e3a2,3e0746ed,1,37774334

9961,220,134,10,-413,-16372,-765,-4009,4209,-763,bf338cc7,3f2ea26c,be22d90b,3e073e52,bf338cc8,3f2ea26a,be22d90c,3e073e53,1,37782852

9962,205,153,-26,-459,-16433,-738,-4009,4229,-815,bf3385c5,3f2eab70,be22cfe7,3e0723d4,bf3385c6,3f2eab6f,be22cfe8,3e0723d5,1,37791371

9963,193,148,-29,-432,-16420,-789,-4009,4229,-815,bf337f06,3f2eb40c,be22c790,3e070b44,bf337f06,3f2eb40a,be22c791,3e070b44,1,37799890

9964,174,148,-56,-497,-16485,-742,-3995,4209,-802,bf3379e2,3f2ebad1,be22c764,3e06ec91,bf3379e3,3f2ebad0,be22c765,3e06ec91,1,37808409

9965,154,140,-54,-488,-16483,-804,-3969,4219,-746,bf33743b,3f2ec165,be22cbdd,3e06d72b,bf33743c,3f2ec164,be22cbde,3e06d72b,1,37816927

9966,128,140,-53,-529,-16441,-676,-3969,4219,-746,bf33710e,3f2ec574,be22cf39,3e06c288,bf33710f,3f2ec574,be22cf3b,3e06c288,1,37825446

9967,151,136,-31,-548,-16460,-725,-3967,4223,-790,bf336cbe,3f2ecaea,be22ce3c,3e06ae4e,bf336cbe,3f2ecaea,be22ce3e,3e06ae4d,1,37833965

9968,186,134,0,-507,-16495,-750,-4045,4249,-748,bf336580,3f2ed356,be22c728,3e06a248,bf336580,3f2ed356,be22c729,3e06a246,1,37842483

9969,180,131,23,-488,-16449,-760,-4045,4249,-748,bf335e3d,3f2edbc2,be22baa1,3e069d41,bf335e3d,3f2edbc1,be22baa1,3e069d3f,1,37850501

9970,175,123,26,-493,-16417,-702,-3997,4209,-817,bf3358a3,3f2ee2b5,be22ab81,3e069676,bf3358a3,3f2ee2b4,be22ab81,3e069674,1,37859020

9971,188,113,27,-479,-16390,-710,-3943,4199,-794,bf335155,3f2eeacb,be22a19e,3e069601,bf335156,3f2eeacb,be22a19f,3e0695ff,1,37867538

9972,213,107,24,-492,-16423,-771,-3943,4199,-794,bf33482c,3f2ef49a,be229c03,3e06940c,bf33482e,3f2ef49b,be229c04,3e06940b,1,37876057

9973,198,103,13,-482,-16475,-788,-3937,4241,-777,bf333f93,3f2efd8b,be229a44,3e06937d,bf333f93,3f2efd8a,be229a43,3e06937a,1,37884576

9974,152,95,-5,-505,-16449,-691,-3971,4231,-710,bf333982,3f2f0352,be229f09,3e0696a5,bf333983,3f2f0352,be229f08,3e0696a2,1,37893094

9975,160,105,5,-466,-16430,-750,-3949,4249,-747,bf333317,3f2f09ea,be229d4e,3e069863,bf333317,3f2f09e9,be229d4c,3e06985f,1,37901613

9976,172,110,10,-489,-16460,-730,-3949,4249,-747,bf332c3a,3f2f1118,be229a5b,3e0698bd,bf332c3b,3f2f1117,be229a59,3e0698b9,1,37910132

9977,164,104,6,-469,-16429,-746,-3985,4225,-768,bf33263a,3f2f1787,be229689,3e06973d,bf33263b,3f2f1786,be229687,3e069739,1,37918650

9978,171,105,-6,-500,-16430,-734,-4001,4231,-800,bf3320dd,3f2f1d99,be22943e,3e068dc1,bf3320dd,3f2f1d97,be22943c,3e068dbd,1,37927169

9979,164,113,-2,-553,-16569,-778,-4001,4231,-800,bf331bcd,3f2f238b,be22911c,3e0681b0,bf331bcf,3f2f238a,be22911b,3e0681ad,1,37935687

9980,132,106,7,-454,-16375,-677,-3995,4293,-848,bf3319f7,3f2f2666,be228505,3e067bea,bf3319f8,3f2f2664,be228504,3e067be6,1,37944206

9981,139,108,5,-509,-16432,-713,-3979,4259,-766,bf3315e0,3f2f2aea,be2280f3,3e0679cc,bf3315e1,3f2f2ae8,be2280f2,3e0679c8,1,37952224

9982,144,113,2,-501,-16417,-695,-3979,4259,-766,bf3311c1,3f2f2f99,be227c1f,3e0675e3,bf3311c3,3f2f2f98,be227c1e,3e0675e0,1,37960743

9983,145,124,-2,-494,-16401,-700,-3953,4245,-726,bf330cde,3f2f34f8,be227835,3e0672cc,bf330cdf,3f2f34f6,be227834,3e0672c8,1,37969261

9984,161,118,-9,-520,-16431,-725,-3939,4195,-744,bf330729,3f2f3b1a,be227850,3e066c2d,bf33072d,3f2f3b1a,be227851,3e066c2b,1,37977780

9985,150,123,-19,-542,-16470,-678,-3939,4195,-744,bf3302b7,3f2f4013,be227955,3e066215,bf3302b9,3f2f4011,be227954,3e066211,1,37986299

9986,155,120,4,-471,-16468,-761,-4005,4245,-731,bf32fd22,3f2f4645,be227353,3e065f07,bf32fd24,3f2f4643,be227352,3e065f03,1,37994817

9987,140,97,23,-811,-17996,-1289,-3963,4201,-691,bf32f4dc,3f2f4e20,be227cf2,3e065fb5,bf32f4de,3f2f4e1e,be227cf1,3e065fb1,1,38003336

9988,46,56,170,-469,-15944,-327,-3967,4279,-798,bf32f7d5,3f2f4ae5,be225399,3e0695dc,bf32f7d7,3f2f4ae3,be225398,3e0695d8,1,38011854

9989,192,106,113,-537,-16699,-800,-3967,4279,-798,bf32efbc,3f2f53d4,be2239a6,3e06a708,bf32efbf,3f2f53d3,be2239a6,3e06a705,1,38020373

9990,161,90,82,-439,-16480,-720,-3937,4279,-823,bf32ea53,3f2f59b9,be222469,3e06b8e6,bf32ea55,3f2f59b7,be222467,3e06b8e3,1,38028892

9991,139,78,73,-517,-16418,-675,-3917,4277,-746,bf32e50a,3f2f5e8b,be221a95,3e06d095,bf32e50d,3f2f5e8a,be221a94,3e06d093,1,38037410

9992,158,91,87,-599,-16819,-829,-3917,4277,-746,bf32dddd,3f2f6597,be220f0d,3e06e438,bf32dddf,3f2f6595,be220f0b,3e06e436,1,38045929

9993,125,101,143,-503,-16345,-513,-3969,4263,-768,bf32db15,3f2f68fa,be21ea63,3e0704b2,bf32db17,3f2f68f8,be21ea61,3e0704b0,1,38053947

9994,196,112,144,-365,-16454,-848,-4001,4219,-772,bf32d1a5,3f2f7387,be21c2ea,3e0720b9,bf32d1a8,3f2f7386,be21c2ea,3e0720b8,1,38062465

9995,193,96,123,-459,-16459,-697,-4001,4219,-772,bf32c9da,3f2f7c00,be21a5f9,3e073853,bf32c9db,3f2f7bfd,be21a5f8,3e073851,1,38070984

9996,161,95,123,-475,-16413,-638,-3951,4265,-793,bf32c497,3f2f81d1,be218897,3e0751c9,bf32c499,3f2f81cf,be218897,3e0751c7,1,38079503

9997,170,113,129,-423,-16419,-736,-3947,4219,-859,bf32bf7b,3f2f887e,be21608f,3e076336,bf32bf7d,3f2f887c,be21608f,3e076334,1,38088021

9998,177,118,111,-432,-16393,-684,-3947,4219,-859,bf32bac2,3f2f8ee0,be213baf,3e076e5a,bf32bac3,3f2f8edd,be213bae,3e076e58,1,38096540

9999,183,121,98,-434,-16434,-734,-3957,4237,-774,bf32b3c3,3f2f96f0,be211f80,3e077c5e,bf32b3c5,3f2f96ee,be211f81,3e077c5d,1,38105058

10000,165,118,96,-422,-16425,-732,-3951,4217,-814,bf32ae9a,3f2f9d5f,be2100ce,3e078854,bf32ae9c,3f2f9d5d,be2100cf,3e078853,1,38113577

10001,159,113,89,-405,-16413,-698,-3949,4217,-855,bf32ab01,3f2fa270,be20e0e2,3e07910e,bf32ab03,3f2fa26e,be20e0e2,3e07910c,1,38122096

10002,159,105,80,-410,-16421,-701,-3949,4217,-855,bf32a76d,3f2fa747,be20c543,3e07991c,bf32a76d,3f2fa743,be20c542,3e079919,1,38130615

10003,147,93,53,-377,-16416,-749,-3973,4205,-797,bf32a31c,3f2fac21,be20b488,3e07a354,bf32a31e,3f2fac1f,be20b489,3e07a352,1,38139133

10004,121,97,19,-398,-16426,-673,-3991,4225,-811,bf32a1e5,3f2fae0f,be20a824,3e07a38a,bf32a1e7,3f2fae0d,be20a825,3e07a388,1,38147652

10005,118,105,-6,-378,-16363,-636,-3991,4225,-811,bf32a187,3f2faf4d,be209e4d,3e079d11,bf32a189,3f2faf4b,be209e4e,3e079d0f,1,38155670

10006,133,116,-36,-359,-16321,-601,-3993,4223,-731,bf329f5a,3f2fb1fc,be209d94,3e07943f,bf329f5b,3f2fb1fa,be209d95,3e07943d,1,38164188

10007,178,127,-79,-368,-16310,-671,-3967,4235,-768,bf329b39,3f2fb6fe,be20a5f0,3e07798d,bf329b3a,3f2fb6fc,be20a5f1,3e07798b,1,38172707

10008,201,130,-112,-425,-16424,-651,-3967,4235,-768,bf329684,3f2fbc97,be20b7fe,3e075342,bf329685,3f2fbc95,be20b800,3e075340,1,38181225

10009,200,140,-134,-478,-16493,-685,-3993,4241,-744,bf3291cb,3f2fc247,be20cfa6,3e0724a8,bf3291cb,3f2fc245,be20cfa8,3e0724a5,1,38189744

10010,189,144,-118,-481,-16502,-696,-3965,4251,-815,bf328ed2,3f2fc6bf,be20deb0,3e06f479,bf328ed2,3f2fc6be,be20deb2,3e06f476,1,38198263

10011,159,152,-85,-503,-16473,-687,-3965,4251,-815,bf328d75,3f2fc9d7,be20e387,3e06cb19,bf328d75,3f2fc9d6,be20e389,3e06cb16,1,38206781

10012,133,157,-55,-480,-16502,-661,-3983,4239,-797,bf328d43,3f2fcbe2,be20de24,3e06aafb,bf328d44,3f2fcbe2,be20de27,3e06aaf8,1,38215300

10013,146,153,-11,-451,-16507,-787,-3995,4193,-764,bf328a03,3f2fd0cd,be20d1a5,3e069838,bf328a03,3f2fd0cb,be20d1a6,3e069834,1,38223819

10014,122,127,17,-461,-16427,-838,-3979,4235,-745,bf3286af,3f2fd4f3,be20c69a,3e06953e,bf3286b1,3f2fd4f4,be20c69c,3e06953c,1,38232337

10015,42,66,9,-431,-16547,-744,-3979,4235,-745,bf328800,3f2fd2ee,be20c5df,3e06a46b,bf328800,3f2fd2ed,be20c5df,3e06a467,1,38240856

10016,14,31,41,-438,-16434,-693,-4011,4247,-827,bf328c77,3f2fcdb4,be20be64,3e06bbdb,bf328c77,3f2fcdb3,be20be64,3e06bbd7,1,38249375

10017,-5,23,56,-466,-16409,-656,-3967,4261,-746,bf329010,3f2fc85c,be20bc17,3e06e1ca,bf329010,3f2fc85b,be20bc17,3e06e1c6,1,38257893

10018,-52,42,25,-470,-16408,-556,-3967,4261,-746,bf3297ce,3f2fbf3e,be20b9a4,3e06fec3,bf3297cf,3f2fbf3d,be20b9a4,3e06febf,1,38265911

10019,-75,91,-7,-456,-16399,-530,-3965,4225,-828,bf32a3e3,3f2fb391,be20aba8,3e0702e4,bf32a3e5,3f2fb390,be20aba8,3e0702e1,1,38274430

10020,-93,182,-26,-555,-16398,-342,-3921,4233,-812,bf32b3a8,3f2fa60a,be2090cb,3e06eeaa,bf32b3aa,3f2fa608,be2090c9,3e06eea7,1,38282949

10021,-59,294,12,-566,-16642,-439,-3921,4233,-812,bf32c16b,3f2f9d48,be2055c7,3e06c779,bf32c16d,3f2f9d46,be2055c4,3e06c775,1,38291467

10022,-11,420,123,-535,-16575,-511,-4001,4241,-786,bf32cbf2,3f2f9b24,be1fe4d1,3e069ad5,bf32cbf4,3f2f9b22,be1fe4ce,3e069ad1,1,38299986

10023,1,424,184,-494,-16507,-628,-3995,4263,-756,bf32d335,3f2f9c2b,be1f67b4,3e067f4e,bf32d338,3f2f9c2a,be1f67b2,3e067f4b,1,38308505

10024,7,376,224,-393,-16493,-730,-3995,4263,-756,bf32d7f8,3f2f9e9e,be1eea73,3e067b33,bf32d7fa,3f2f9e9c,be1eea70,3e067b2f,1,38317023

10025,-22,347,222,-369,-16384,-699,-4005,4283,-822,bf32df8f,3f2f9dfa,be1e6e3e,3e06799a,bf32df91,3f2f9df8,be1e6e3b,3e067996,1,38325542

10026,-62,300,183,-501,-16469,-492,-3917,4255,-807,bf32ea6a,3f2f9866,be1e0b2b,3e067b9c,bf32ea6d,3f2f9865,be1e0b29,3e067b99,1,38334060

10027,-108,356,176,-424,-16418,-480,-3979,4277,-812,bf32f926,3f2f9077,be1d95a5,3e067193,bf32f928,3f2f9075,be1d95a1,3e06718f,1,38342579

10028,-121,420,176,-415,-16387,-359,-3979,4277,-812,bf330a7f,3f2f876f,be1d0f2b,3e065a26,bf330a81,3f2f876d,be1d0f27,3e065a22,1,38351098

10029,-64,424,197,-419,-16547,-635,-3911,4269,-861,bf33163e,3f2f842f,be1c8842,3e0640dd,bf331640,3f2f842d,be1c883e,3e0640da,1,38359616

10030,3,390,265,-231,-16170,-439,-3921,4303,-828,bf331d7a,3f2f84ad,be1bf584,3e0646f6,bf331d7d,3f2f84ab,be1bf580,3e0646f3,1,38367634

10031,153,338,283,-270,-16318,-619,-3921,4303,-828,bf3319a6,3f2f8f1b,be1b75e3,3e06528c,bf3319a9,3f2f8f18,be1b75df,3e065289,1,38376153

10032,237,237,234,-311,-16397,-548,-3955,4247,-817,bf3310f6,3f2f9c14,be1b1d50,3e0662ed,bf3310f8,3f2f9c10,be1b1d4b,3e0662ea,1,38384671

10033,256,171,216,-306,-16453,-642,-3941,4261,-832,bf330606,3f2fa9bd,be1ada01,3e067c0c,bf330609,3f2fa9b9,be1ad9fd,3e067c0a,1,38393190

10034,221,133,218,-249,-16437,-740,-3941,4261,-832,bf32fbc4,3f2fb5c5,be1a9cba,3e06a189,bf32fbc8,3f2fb5c2,be1a9cb7,3e06a187,1,38401709

10035,161,80,178,-182,-16321,-904,-3919,4269,-817,bf32f306,3f2fbeb2,be1a73bc,3e06d02a,bf32f308,3f2fbeae,be1a73b8,3e06d027,1,38410227

10036,102,-12,107,-359,-16441,-430,-3957,4281,-798,bf32f181,3f2fbe11,be1a7015,3e0701a0,bf32f184,3f2fbe0e,be1a7012,3e07019e,1,38418746

10037,84,4,78,-260,-16379,-641,-3957,4281,-798,bf32ef79,3f2fbe40,be1a6d1e,3e072c34,bf32ef7c,3f2fbe3d,be1a6d1b,3e072c32,1,38427265

10038,24,-8,21,-261,-16389,-480,-3967,4229,-760,bf32f210,3f2fb937,be1a776d,3e07525c,bf32f213,3f2fb935,be1a776b,3e07525b,1,38435783

10039,-9,-2,-36,-246,-16302,-442,-3945,4271,-819,bf32f8b4,3f2fb07b,be1a8836,3e076805,bf32f8b6,3f2fb079,be1a8833,3e076803,1,38444302

10040,-8,38,-80,-161,-15962,-393,-3939,4223,-867,bf3301a2,3f2fa6d0,be1a919e,3e076927,bf3301a4,3f2fa6ce,be1a919b,3e076925,1,38452820

10041,-22,58,-170,-284,-16452,-360,-3939,4223,-867,bf330d44,3f2f9aba,be1aaf30,3e074c3b,bf330d46,3f2f9ab8,be1aaf2d,3e074c39,1,38460838

10042,4,81,-191,-339,-16420,-465,-3991,4247,-859,bf3316fd,3f2f911d,be1ad043,3e072002,bf331700,3f2f911c,be1ad040,3e072001,1,38469357

10043,21,82,-199,-427,-16492,-408,-3991,4197,-850,bf332056,3f2f87e0,be1af6a8,3e06eda5,bf332059,3f2f87df,be1af6a5,3e06eda4,1,38477876

10044,36,113,-167,-502,-16594,-405,-3991,4197,-850,bf3328f8,3f2f801f,be1b120b,3e06b833,bf3328f9,3f2f801d,be1b1207,3e06b832,1,38486394

10045,64,140,-83,-485,-16568,-497,-3895,4283,-856,bf332dac,3f2f7ca2,be1b18a4,3e06952b,bf332daf,3f2f7ca1,be1b18a1,3e06952b,1,38494913

10046,60,124,0,-493,-16543,-402,-3957,4269,-799,bf33317f,3f2f799a,be1b109b,3e068c30,bf333182,3f2f7999,be1b1098,3e068c30,1,38503432

10047,49,123,69,-466,-16632,-529,-3957,4269,-799,bf3333f5,3f2f77ff,be1af878,3e069513,bf3333f7,3f2f77fd,be1af874,3e069512,1,38511950

10048,27,99,150,-413,-16522,-450,-3965,4281,-747,bf333600,3f2f7607,be1ad291,3e06be5b,bf333602,3f2f7605,be1ad28d,3e06be5a,1,38520469

10049,18,66,201,-384,-16427,-390,-3965,4233,-854,bf333a7f,3f2f71c3,be1a9f72,3e06f238,bf333a82,3f2f71c1,be1a9f6e,3e06f238,1,38528987

10050,34,65,211,-332,-16387,-314,-3965,4233,-854,bf333e99,3f2f6df0,be1a6805,3e072a07,bf333e9a,3f2f6ded,be1a6800,3e072a06,1,38537506

10051,60,96,194,-207,-16254,-376,-3919,4245,-824,bf333fb1,3f2f6d6f,be1a2e51,3e075f02,bf333fb3,3f2f6d6d,be1a2e4d,3e075f01,1,38546025

10052,100,75,119,-217,-16341,-395,-3979,4229,-823,bf333f56,3f2f6e0b,be1a0b5e,3e0781ac,bf333f59,3f2f6e09,be1a0b5a,3e0781ac,1,38554544

10053,132,89,49,-215,-16232,-353,-3969,4233,-871,bf333fa4,3f2f6ea1,be19f2f5,3e078acc,bf333fa7,3f2f6ea0,be19f2f2,3e078acd,1,38563062

10054,166,120,-34,-225,-16302,-351,-3969,4233,-871,bf333f5b,3f2f7074,be19e863,3e0776fe,bf333f5e,3f2f7073,be19e860,3e0776ff,1,38571080

10055,183,131,-97,-275,-16326,-391,-3915,4275,-826,bf333d10,3f2f73d1,be19f30a,3e0755b9,bf333d12,3f2f73d0,be19f307,3e0755b9,1,38579599

10056,218,129,-138,-312,-16419,-389,-4015,4291,-822,bf3339fa,3f2f7836,be1a0795,3e072485,bf3339fc,3f2f7835,be1a0792,3e072485,1,38588117

10057,236,134,-162,-343,-16488,-430,-4015,4291,-822,bf3335e0,3f2f7db4,be1a22d1,3e06ea72,bf3335e2,3f2f7db2,be1a22ce,3e06ea71,1,38596636

10058,224,128,-162,-325,-16418,-408,-3921,4265,-852,bf333297,3f2f8224,be1a3e6b,3e06b46a,bf333298,3f2f8221,be1a3e67,3e06b468,1,38605155

10059,234,115,-174,-306,-16387,-490,-3939,4291,-817,bf332d39,3f2f8818,be1a6230,3e068176,bf332d3b,3f2f8817,be1a622d,3e068176,1,38613673

10060,228,83,-199,-318,-16409,-482,-3939,4291,-817,bf332836,3f2f8ce2,be1a9306,3e06502d,bf332836,3f2f8ce0,be1a9302,3e06502d,1,38622192

10061,204,78,-240,-387,-16489,-443,-3931,4247,-859,bf332676,3f2f8e83,be1acc6c,3e061143,bf332677,3f2f8e82,be1acc68,3e061144,1,38630711

10062,177,89,-250,-431,-16525,-369,-3957,4289,-882,bf332828,3f2f8d25,be1b02c7,3e05cadd,bf332829,3f2f8d24,be1b02c3,3e05cade,1,38639229

10063,155,129,-223,-423,-16482,-420,-3957,4289,-882,bf332aba,3f2f8bd7,be1b2877,3e058378,bf332abb,3f2f8bd6,be1b2873,3e058379,1,38647748

10064,155,139,-202,-423,-16475,-383,-3939,4253,-878,bf332d53,3f2f8abb,be1b4695,3e054000,bf332d54,3f2f8aba,be1b4691,3e054001,1,38656267

10065,166,142,-178,-426,-16418,-363,-3913,4295,-804,bf332d2a,3f2f8bc8,be1b64d1,3e0509e0,bf332d2b,3f2f8bc8,be1b64cd,3e0509e1,1,38664785

10066,186,143,-178,-366,-16324,-436,-3997,4241,-861,bf332d0d,3f2f8da5,be1b7a87,3e04cb74,bf332d0e,3f2f8da5,be1b7a83,3e04cb74,1,38672803

10067,189,125,-206,-421,-16383,-380,-3997,4241,-861,bf332d91,3f2f8e68,be1b9c60,3e048899,bf332d91,3f2f8e67,be1b9c5b,3e048898,1,38681322

10068,194,137,-259,-397,-16364,-433,-3967,4219,-824,bf332cbd,3f2f9047,be1bcabd,3e043c47,bf332cbd,3f2f9047,be1bcab9,3e043c47,1,38689840

10069,174,141,-309,-401,-16380,-417,-3945,4227,-801,bf332d1a,3f2f90a6,be1c04b9,3e03e7f0,bf332d1c,3f2f90a7,be1c04b7,3e03e7f1,1,38698359

10070,174,148,-346,-447,-16422,-413,-3945,4227,-801,bf332e13,3f2f907b,be1c46f6,3e038805,bf332e13,3f2f907a,be1c46f2,3e038804,1,38706878

10071,167,155,-375,-568,-16531,-408,-3971,4215,-822,bf3330d5,3f2f8ed1,be1c9008,3e031862,bf3330d5,3f2f8ed1,be1c9004,3e031861,1,38715396

10072,148,157,-340,-546,-16460,-345,-3957,4265,-758,bf333339,3f2f8d0a,be1cd270,3e02bab4,bf333339,3f2f8d0a,be1cd26c,3e02bab3,1,38723915

10073,163,183,-291,-540,-16508,-370,-3957,4265,-758,bf333447,3f2f8d51,be1d0377,3e0262ad,bf333446,3f2f8d50,be1d0372,3e0262ac,1,38732434

10074,172,204,-252,-511,-16489,-455,-3947,4227,-780,bf333437,3f2f8f6e,be1d24f0,3e020df1,bf333437,3f2f8f6e,be1d24ed,3e020df1,1,38740952

10075,162,176,-241,-524,-16431,-428,-3969,4247,-890,bf333753,3f2f8ea1,be1d41d0,3e01b796,bf333754,3f2f8ea2,be1d41ce,3e01b797,1,38749471

10076,173,149,-226,-527,-16385,-414,-3969,4247,-890,bf333965,3f2f8e47,be1d61b2,3e016ada,bf333964,3f2f8e47,be1d61af,3e016ada,1,38757990

10077,207,131,-226,-543,-16475,-450,-4003,4229,-801,bf3336fb,3f2f916c,be1d8d03,3e012743,bf3336fa,3f2f916c,be1d8d00,3e012743,1,38766508

10078,208,103,-224,-564,-16487,-482,-3923,4251,-873,bf3334f6,3f2f93ba,be1dbd42,3e00e6e5,bf3334f7,3f2f93bb,be1dbd41,3e00e6e6,1,38774526

10079,197,71,-207,-609,-16479,-389,-3947,4253,-785,bf333216,3f2f959a,be1df613,3e00b89b,bf333216,3f2f9599,be1df611,3e00b89b,1,38783045

10080,192,71,-200,-608,-16422,-460,-3947,4253,-785,bf332ec5,3f2f97e5,be1e2d7b,3e008c34,bf332ec5,3f2f97e4,be1e2d7a,3e008c34,1,38791563

10081,172,94,-198,-604,-16413,-385,-4003,4243,-781,bf332dee,3f2f986d,be1e5b5f,3e005adf,bf332dee,3f2f986c,be1e5b5e,3e005adf,1,38800082

10082,164,117,-199,-600,-16393,-442,-3983,4265,-798,bf332d87,3f2f9910,be1e839b,3e002427,bf332d87,3f2f9910,be1e839b,3e002427,1,38808601

10083,151,132,-211,-637,-16423,-377,-3983,4265,-798,bf332ee6,3f2f983b,be1eaaf8,3dffcdfa,bf332ee5,3f2f983a,be1eaaf7,3dffcdf9,1,38817119

10084,166,139,-195,-659,-16503,-382,-4013,4247,-731,bf332e06,3f2f9977,be1ed151,3dff5f5c,bf332e06,3f2f9978,be1ed152,3dff5f5d,1,38825638

10085,186,162,-170,-691,-16491,-346,-3939,4223,-805,bf332d90,3f2f9b3a,be1eeb56,3dfee5fa,bf332d8f,3f2f9b3b,be1eeb57,3dfee5fa,1,38834157

10086,201,182,-142,-681,-16451,-344,-3939,4223,-805,bf332c31,3f2f9e74,be1efa24,3dfe707f,bf332c30,3f2f9e74,be1efa24,3dfe707e,1,38842675

10087,204,188,-125,-585,-16390,-471,-3997,4263,-752,bf332866,3f2fa413,be1f02e1,3dfe0ce3,bf332866,3f2fa414,be1f02e3,3dfe0ce4,1,38851194

10088,214,160,-122,-594,-16414,-464,-3925,4199,-732,bf3322d4,3f2faa83,be1f14b8,3dfdbe8e,bf3322d4,3f2faa84,be1f14ba,3dfdbe8f,1,38859712

10089,223,148,-149,-630,-16340,-352,-3925,4199,-732,bf331ded,3f2fafee,be1f3039,3dfd66e5,bf331dec,3f2fafef,be1f303a,3dfd66e5,1,38867730

10090,242,145,-176,-667,-16403,-357,-4001,4289,-848,bf331b96,3f2fb3b3,be1f4b8a,3dfce50e,bf331b95,3f2fb3b3,be1f4b8a,3dfce50d,1,38876750

10091,258,146,-191,-614,-16396,-480,-3985,4245,-816,bf33163a,3f2fba32,be1f6bfc,3dfc64dc,bf33163a,3f2fba33,be1f6bfd,3dfc64dc,1,38884768

10092,250,116,-207,-675,-16440,-432,-3971,4263,-812,bf331188,3f2fbf2a,be1f9949,3dfbea32,bf331187,3f2fbf2a,be1f9949,3dfbea30,1,38893286

10093,224,91,-234,-675,-16406,-409,-3971,4263,-812,bf330e8b,3f2fc1bd,be1fd0fc,3dfb7200,bf330e8a,3f2fc1bd,be1fd0fc,3dfb71fe,1,38901805

10094,225,78,-257,-714,-16467,-440,-3957,4211,-816,bf330b5c,3f2fc421,be201248,3dfaf1ab,bf330b5c,3f2fc422,be201249,3dfaf1aa,1,38910323

10095,215,76,-266,-686,-16386,-440,-4003,4167,-787,bf330871,3f2fc62b,be20544a,3dfa72f5,bf330871,3f2fc62b,be20544b,3dfa72f3,1,38918842

10096,234,71,-274,-723,-16438,-487,-4003,4167,-787,bf330412,3f2fc97e,be209bad,3df9ee5f,bf330412,3f2fc97e,be209bae,3df9ee5d,1,38927361

10097,236,64,-288,-718,-16448,-422,-3965,4225,-804,bf330064,3f2fcbe2,be20e6ff,3df96990,bf330064,3f2fcbe2,be20e700,3df9698e,1,38935879

10098,220,68,-302,-747,-16432,-442,-3965,4201,-744,bf32fc56,3f2fce3a,be21388c,3df8e729,bf32fc56,3f2fce3a,be21388d,3df8e727,1,38944398

10099,209,67,-313,-784,-16410,-422,-3965,4201,-744,bf32f949,3f2fcf7a,be218d41,3df85f58,bf32f949,3f2fcf7a,be218d42,3df85f56,1,38952917

10100,207,80,-319,-767,-16393,-437,-4021,4197,-808,bf32f85d,3f2fcf92,be21d91b,3df7c023,bf32f85d,3f2fcf92,be21d91c,3df7c021,1,38961435

10101,227,88,-326,-781,-16388,-457,-3989,4209,-803,bf32f5e1,3f2fd134,be222756,3df71bd6,bf32f5e1,3f2fd134,be222757,3df71bd4,1,38969954

10102,235,87,-353,-756,-16363,-421,-3989,4209,-803,bf32f383,3f2fd2a3,be227a3e,3df66e3c,bf32f382,3f2fd2a2,be227a3e,3df66e3a,1,38977972

10103,248,96,-394,-738,-16315,-469,-4023,4167,-810,bf32f0db,3f2fd4a9,be22d22a,3df5a4e7,bf32f0da,3f2fd4a8,be22d22b,3df5a4e6,1,38986490

10104,255,82,-442,-840,-16536,-495,-4047,4241,-782,bf32ed8d,3f2fd68c,be233e4b,3df4c92d,bf32ed8d,3f2fd68c,be233e4d,3df4c92e,1,38995009

10105,245,64,-440,-946,-16501,-454,-4047,4241,-782,bf32eb2b,3f2fd701,be23b12e,3df3f065,bf32eb2a,3f2fd701,be23b130,3df3f065,1,39003528

10106,238,73,-392,-977,-16525,-411,-3967,4211,-796,bf32e903,3f2fd76d,be2417bd,3df32dff,bf32e903,3f2fd76d,be2417bf,3df32e00,1,39012046

10107,235,81,-341,-993,-16515,-402,-4027,4183,-818,bf32e7df,3f2fd79b,be246cbe,3df27582,bf32e7de,3f2fd79b,be246cbf,3df27582,1,39020565

10108,242,86,-287,-1010,-16644,-500,-4019,4189,-774,bf32e3b1,3f2fdab1,be24b88a,3df1dd93,bf32e3b1,3f2fdab2,be24b88c,3df1dd94,1,39029084

10109,208,86,-200,-952,-16429,-450,-4019,4189,-774,bf32e0fc,3f2fdca0,be24ebda,3df177ab,bf32e0fb,3f2fdca1,be24ebdb,3df177ab,1,39037602

10110,176,93,-127,-944,-16342,-398,-4043,4221,-861,bf32e28b,3f2fdb81,be25033d,3df12282,bf32e288,3f2fdb81,be25033c,3df12280,1,39046121

10111,146,105,-137,-1004,-16473,-454,-4019,4253,-783,bf32e34b,3f2fda8f,be25228a,3df0d4db,bf32e34a,3f2fda90,be25228a,3df0d4db,1,39054640

10112,170,91,-65,-1066,-16648,-403,-4019,4253,-783,bf32e269,3f2fdb32,be2536d0,3df0a972,bf32e268,3f2fdb33,be2536cf,3df0a971,1,39063158

10113,197,108,0,-1074,-16649,-526,-4021,4229,-741,bf32dd6e,3f2fe046,be253ce3,3df0980e,bf32dd6d,3f2fe047,be253ce2,3df0980d,1,39071677

10114,174,113,89,-1012,-16522,-453,-4003,4171,-827,bf32db8b,3f2fe367,be2523ab,3df0a4ed,bf32db8a,3f2fe368,be2523aa,3df0a4eb,1,39080196

10115,138,93,150,-954,-16484,-495,-4003,4171,-827,bf32da4f,3f2fe59d,be24fdcc,3df0e019,bf32da4e,3f2fe59e,be24fdcb,3df0e017,1,39088213

10116,125,92,168,-920,-16422,-460,-3993,4195,-830,bf32d9ec,3f2fe6ff,be24d251,3df128e9,bf32d9eb,3f2fe700,be24d250,3df128e7,1,39096732

10117,110,103,154,-876,-16386,-392,-4029,4233,-826,bf32db88,3f2fe6b0,be24a3c8,3df169f0,bf32db87,3f2fe6b0,be24a3c6,3df169ed,1,39105251

10118,118,115,125,-843,-16338,-410,-4029,4233,-826,bf32dcd8,3f2fe6df,be2478a6,3df198f4,bf32dcd7,3f2fe6df,be2478a4,3df198f1,1,39113769

10119,140,127,85,-862,-16389,-443,-3991,4203,-818,bf32dc99,3f2fe88d,be2457e5,3df1af12,bf32dc98,3f2fe88d,be2457e3,3df1af0f,1,39122288

10120,152,116,46,-859,-16388,-439,-3987,4239,-787,bf32db21,3f2feacc,be2445d5,3df1bd96,bf32db20,3f2feacc,be2445d3,3df1bd93,1,39130806

10121,157,108,13,-874,-16404,-439,-4013,4195,-787,bf32d9dc,3f2feca7,be243cf2,3df1bb3d,bf32d9db,3f2feca6,be243cef,3df1bb39,1,39139325

10122,162,102,-13,-873,-16389,-392,-4013,4195,-787,bf32d8fc,3f2fede7,be243b11,3df1af4e,bf32d8fd,3f2fede8,be243b0f,3df1af4c,1,39147844

10123,174,108,-34,-877,-16381,-429,-3999,4173,-747,bf32d643,3f2ff0b9,be2440c8,3df19d3f,bf32d643,3f2ff0ba,be2440c6,3df19d3c,1,39156363

10124,177,114,-65,-900,-16401,-421,-3991,4181,-793,bf32d4f3,3f2ff27b,be244a53,3df16f9b,bf32d4f3,3f2ff27c,be244a51,3df16f97,1,39164881

10125,168,116,-88,-927,-16408,-424,-3991,4181,-793,bf32d472,3f2ff35f,be245972,3df13510,bf32d470,3f2ff35e,be24596f,3df1350a,1,39173400

10126,172,121,-99,-943,-16456,-413,-4029,4201,-902,bf32d76e,3f2ff1ea,be24609c,3df0d7c9,bf32d76d,3f2ff1ea,be24609a,3df0d7c6,1,39181919

10127,189,130,-80,-948,-16466,-452,-4051,4195,-848,bf32d780,3f2ff33f,be24662f,3df086e6,bf32d77e,3f2ff33e,be24662c,3df086e2,1,39189937

10128,196,122,-75,-950,-16431,-429,-4051,4195,-848,bf32d744,3f2ff4ba,be246c75,3df03b7f,bf32d743,3f2ff4b9,be246c73,3df03b7c,1,39198455

10129,206,117,-68,-937,-16439,-446,-4049,4177,-799,bf32d4c6,3f2ff7fb,be2475d1,3df0003d,bf32d4c5,3f2ff7fa,be2475cf,3df0003a,1,39206974

10130,205,123,-55,-937,-16480,-462,-3975,4201,-861,bf32d31e,3f2ffac6,be2478e1,3defc3b0,bf32d31d,3f2ffac5,be2478df,3defc3ad,1,39215492

10131,191,115,-44,-934,-16426,-462,-3975,4201,-861,bf32d20c,3f2ffcd1,be247a9e,3def91ca,bf32d20c,3f2ffcd0,be247a9d,3def91c8,1,39224011

10132,176,105,-42,-924,-16389,-455,-3993,4245,-868,bf32d20e,3f2ffda0,be247c7d,3def6663,bf32d20f,3f2ffda0,be247c7d,3def6662,1,39232530

10133,180,92,-63,-942,-16418,-416,-4045,4217,-804,bf32d11e,3f2ffeb8,be248925,3def3d02,bf32d11e,3f2ffeb7,be248924,3def3d00,1,39241048

10134,189,80,-72,-954,-16425,-427,-3973,4173,-850,bf32d01e,3f2fffb5,be249a2b,3def0f19,bf32d01e,3f2fffb4,be249a2a,3def0f17,1,39249567

10135,183,81,-74,-977,-16434,-427,-3973,4173,-850,bf32cf8f,3f300044,be24ac0d,3deedeb5,bf32cf8f,3f300043,be24ac0c,3deedeb3,1,39258086

10136,188,85,-66,-955,-16442,-466,-3995,4185,-805,bf32cd36,3f30026d,be24bd5c,3deeb958,bf32cd36,3f30026c,be24bd5b,3deeb956,1,39266604

10137,187,82,-63,-987,-16463,-397,-4003,4227,-787,bf32cb42,3f3003fe,be24d056,3dee98bf,bf32cb42,3f3003fe,be24d055,3dee98be,1,39275123

10138,202,96,-58,-970,-16459,-436,-4003,4227,-787,bf32c827,3f300711,be24df0b,3dee73d1,bf32c827,3f300711,be24df0a,3dee73d0,1,39283141

10139,201,105,-56,-941,-16395,-414,-4037,4213,-699,bf32c3a0,3f300b49,be24ee36,3dee5c0c,bf32c39f,3f300b48,be24ee34,3dee5c0a,1,39291660

10140,224,97,-65,-924,-16389,-444,-4033,4223,-717,bf32bdd5,3f3010ad,be2500c6,3dee3f8c,bf32bdd4,3f3010ac,be2500c4,3dee3f8a,1,39300178

10141,222,88,-81,-964,-16391,-463,-4033,4223,-717,bf32b821,3f3015ae,be251ad0,3dee1c66,bf32b820,3f3015ad,be251ace,3dee1c64,1,39308697

10142,208,79,-99,-957,-16429,-472,-4039,4171,-722,bf32b365,3f301986,be253951,3dedf553,bf32b365,3f301985,be25394f,3dedf552,1,39317215

10143,200,79,-112,-971,-16437,-485,-3983,4195,-824,bf32b132,3f301b57,be2555fe,3dedb94e,bf32b132,3f301b58,be2555fd,3dedb94f,1,39325734

10144,178,85,-126,-992,-16429,-427,-3983,4195,-824,bf32b12c,3f301b10,be257399,3ded7543,bf32b12b,3f301b0f,be257397,3ded7543,1,39334253

10145,170,90,-139,-989,-16408,-405,-4017,4193,-736,bf32b018,3f301b56,be25971f,3ded3909,bf32b019,3f301b56,be25971e,3ded390b,1,39342772

10146,184,92,-139,-988,-16411,-451,-4029,4131,-746,bf32ae1d,3f301cb9,be25b982,3decf681,bf32ae1d,3f301cb7,be25b980,3decf682,1,39351290

10147,198,92,-138,-1030,-16431,-391,-4029,4211,-764,bf32ac76,3f301ddd,be25dc5e,3decae42,bf32ac77,3f301ddc,be25dc5d,3decae44,1,39359809

10148,215,93,-123,-1016,-16435,-456,-4029,4211,-764,bf32a8ff,3f3020e8,be25fc10,3dec6c08,bf32a8ff,3f3020e7,be25fc0e,3dec6c09,1,39368327

10149,228,85,-110,-1028,-16460,-470,-4015,4247,-841,bf32a645,3f302397,be2616e6,3dec248f,bf32a645,3f302396,be2616e4,3dec2490,1,39376846

10150,209,77,-103,-1054,-16500,-490,-4021,4251,-753,bf32a230,3f3026c6,be263800,3debf4f5,bf32a230,3f3026c5,be2637fe,3debf4f6,1,39385364

10151,176,66,-77,-1082,-16503,-485,-4021,4251,-753,bf329fbf,3f30281f,be265546,3debd844,bf329fbf,3f30281e,be265544,3debd845,1,39393383

10152,146,67,-49,-1068,-16441,-433,-4037,4205,-788,bf32a054,3f3026f4,be26665b,3debc3e2,bf32a054,3f3026f3,be266659,3debc3e3,1,39401901

10153,130,73,-26,-1030,-16437,-442,-4009,4195,-841,bf32a2b1,3f302495,be266b49,3debb45b,bf32a2b1,3f302495,be266b48,3debb45d,1,39410420

10154,131,79,-27,-1033,-16396,-424,-4009,4195,-841,bf32a546,3f302225,be266f14,3deba13d,bf32a546,3f302225,be266f13,3deba13f,1,39418938

10155,133,83,-47,-1036,-16429,-443,-4017,4247,-862,bf32a857,3f301f59,be2675ae,3deb7f42,bf32a857,3f301f59,be2675ad,3deb7f44,1,39427457

10156,142,85,-46,-1033,-16420,-469,-3973,4211,-815,bf32a8f2,3f301e91,be2680af,3deb6893,bf32a8f1,3f301e90,be2680ad,3deb6894,1,39435976

10157,148,85,-43,-1057,-16433,-418,-3973,4211,-815,bf32a9c1,3f301d97,be268b84,3deb5128,bf32a9c2,3f301d97,be268b84,3deb512a,1,39444494

10158,154,91,-37,-1069,-16443,-415,-4001,4207,-789,bf32a9df,3f301d60,be26950d,3deb3af2,bf32a9de,3f301d5f,be26950b,3deb3af2,1,39453013

10159,162,88,-28,-1072,-16473,-401,-3983,4225,-766,bf32a8cd,3f301e12,be269f7d,3deb3014,bf32a8cd,3f301e11,be269f7b,3deb3015,1,39461531

10160,168,98,-12,-1071,-16463,-453,-4051,4235,-807,bf32a873,3f301ee0,be269fe0,3deb1961,bf32a873,3f301edf,be269fde,3deb1962,1,39470050

10161,173,105,-2,-1058,-16435,-440,-4051,4235,-807,bf32a7ed,3f302014,be269bc9,3deb04d1,bf32a7ec,3f302012,be269bc6,3deb04d1,1,39478569

10162,176,101,-5,-1045,-16409,-413,-4023,4171,-753,bf32a5e2,3f302240,be269cb9,3deafd96,bf32a5e2,3f30223f,be269cb7,3deafd98,1,39487087

10163,179,109,-9,-1042,-16423,-417,-4005,4155,-799,bf32a4d1,3f3023ef,be2699ce,3deae8a7,bf32a4d1,3f3023ee,be2699cc,3deae8a9,1,39495105

10164,182,113,-20,-1027,-16384,-440,-4005,4155,-799,bf32a376,3f3025f6,be269856,3deacd6a,bf32a377,3f3025f6,be269854,3deacd6d,1,39503624

10165,181,123,-38,-1023,-16387,-447,-4017,4209,-729,bf32a0c4,3f3028f1,be269d53,3deab34f,bf32a0c5,3f3028f1,be269d50,3deab352,1,39512143

10166,191,124,-62,-1045,-16410,-410,-3967,4219,-832,bf32a056,3f302a33,be26a30f,3dea7b90,bf32a057,3f302a33,be26a30c,3dea7b92,1,39520661

10167,187,118,-72,-1079,-16459,-438,-3967,4219,-832,bf329fe9,3f302b3b,be26adfb,3dea3faa,bf329fe9,3f302b3a,be26adf7,3dea3fab,1,39529180

10168,187,112,-58,-1100,-16490,-408,-4039,4191,-816,bf329fed,3f302bea,be26b5ca,3dea07b9,bf329fee,3f302bea,be26b5c6,3dea07bb,1,39537699

10169,193,115,-22,-1123,-16505,-438,-4079,4163,-810,bf329f3b,3f302da6,be26b4cd,3de9d93d,bf329f3a,3f302da4,be26b4c8,3de9d93d,1,39546217

10170,192,119,13,-1086,-16451,-469,-4079,4163,-810,bf329ddc,3f30304a,be26a988,3de9bcb9,bf329ddd,3f30304a,be26a985,3de9bcbb,1,39554736

10171,184,123,21,-1040,-16448,-487,-4025,4215,-778,bf329b52,3f3033ba,be269e10,3de9b3f4,bf329b53,3f3033b9,be269e0c,3de9b3f5,1,39563255

10172,156,114,9,-1073,-16414,-431,-4019,4179,-771,bf329adb,3f3034c2,be2697aa,3de9ab2a,bf329adc,3f3034c1,be2697a6,3de9ab2b,1,39571773

10173,148,122,23,-1064,-16424,-414,-4057,4193,-824,bf329cc7,3f30343a,be268607,3de998f5,bf329cc8,3f303439,be268603,3de998f6,1,39580292

10174,133,135,14,-1070,-16426,-404,-4057,4193,-824,bf329ff1,3f3032b5,be26730e,3de97daa,bf329ff2,3f3032b4,be267309,3de97daa,1,39588310

10175,144,140,10,-1045,-16429,-419,-4045,4219,-788,bf32a130,3f3032d6,be2662d7,3de968a5,bf32a131,3f3032d5,be2662d2,3de968a5,1,39596828

10176,146,142,17,-1105,-16486,-429,-4041,4193,-796,bf32a279,3f303307,be2652a6,3de94e9a,bf32a27a,3f303305,be2652a0,3de94e99,1,39605347

10177,147,130,40,-1104,-16488,-427,-4041,4193,-796,bf32a353,3f303378,be263ff2,3de944f6,bf32a354,3f303376,be263fec,3de944f5,1,39613866

10178,148,120,67,-1097,-16457,-419,-3993,4151,-760,bf32a272,3f303519,be262cd7,3de957c4,bf32a273,3f303517,be262cd1,3de957c3,1,39622384

10179,146,114,87,-1074,-16450,-398,-4019,4225,-759,bf32a1c5,3f303683,be261516,3de9782e,bf32a1c5,3f303680,be261510,3de9782c,1,39630903

10180,152,109,104,-1040,-16421,-428,-4019,4225,-759,bf32a024,3f3038d8,be25f9e6,3de9a470,bf32a026,3f3038d7,be25f9e2,3de9a471,1,39639421

10181,160,114,106,-1024,-16401,-404,-4017,4165,-712,bf329d34,3f303c50,be25df65,3de9d7e9,bf329d35,3f303c4e,be25df60,3de9d7e9,1,39647940

10182,165,108,99,-1028,-16417,-384,-4009,4207,-787,bf329bfe,3f303e6b,be25c39d,3de9fc65,bf329c00,3f303e6a,be25c398,3de9fc66,1,39656459

10183,184,112,93,-1047,-16453,-437,-4009,4207,-787,bf329946,3f304214,be25aa9a,3dea17ba,bf329947,3f304213,be25aa94,3dea17bb,1,39664977

10184,183,110,94,-1052,-16427,-420,-3995,4171,-799,bf329702,3f304552,be25914b,3dea31b4,bf329702,3f304551,be259144,3dea31b4,1,39673496

10185,183,114,106,-1032,-16432,-449,-4067,4169,-842,bf329637,3f3047e5,be256dcc,3dea40a8,bf329638,3f3047e5,be256dc6,3dea40a8,1,39682015

10186,164,119,107,-1029,-16454,-421,-3977,4213,-771,bf329421,3f304ae6,be2550a7,3dea6815,bf329421,3f304ae6,be2550a0,3dea6815,1,39690533

10187,155,119,103,-1000,-16404,-429,-3977,4213,-771,bf32927b,3f304d75,be25333b,3dea9059,bf32927b,3f304d75,be253334,3dea9059,1,39698551

10188,144,119,87,-998,-16393,-385,-4029,4245,-832,bf329431,3f304d3e,be2512d9,3deaa286,bf329430,3f304d3d,be2512d1,3deaa285,1,39707070

10189,147,117,70,-980,-16352,-351,-4035,4221,-782,bf3294e8,3f304d91,be24f947,3deab7c3,bf3294e8,3f304d92,be24f940,3deab7c4,1,39715588

10190,182,125,53,-981,-16388,-404,-4035,4221,-782,bf329346,3f30505e,be24e3f0,3deabcdc,bf329346,3f30505f,be24e3e8,3deabcdc,1,39724107

10191,194,121,29,-989,-16397,-415,-4009,4219,-770,bf329080,3f3053ef,be24d7c5,3deabac4,bf32907f,3f3053ef,be24d7bd,3deabac3,1,39732626

10192,195,125,16,-974,-16388,-403,-4033,4189,-815,bf328f6a,3f30565b,be24c87c,3deaa611,bf328f69,3f30565b,be24c874,3deaa610,1,39741144

10193,199,117,-7,-976,-16387,-420,-4033,4189,-815,bf328e06,3f3058cc,be24c0ec,3dea8980,bf328e06,3f3058cc,be24c0e4,3dea8980,1,39749663

10194,197,120,-39,-984,-16389,-415,-3987,4179,-826,bf328d11,3f305aac,be24c0f5,3dea5dcd,bf328d10,3f305aab,be24c0ed,3dea5dcc,1,39758181

10195,208,121,-67,-995,-16413,-443,-4049,4247,-818,bf328bc2,3f305ce3,be24c796,3dea203e,bf328bc1,3f305ce3,be24c78e,3dea203e,1,39766700

10196,204,119,-87,-1012,-16416,-409,-4049,4247,-818,bf328b48,3f305e24,be24d34f,3de9d9a8,bf328b48,3f305e25,be24d347,3de9d9a8,1,39775219

10197,216,114,-98,-1027,-16417,-381,-4007,4237,-764,bf3288b0,3f3060cf,be24e877,3de99c6c,bf3288af,3f3060ce,be24e86e,3de99c6a,1,39783737

10198,229,117,-101,-1028,-16428,-431,-3995,4201,-793,bf32858b,3f306445,be24fca1,3de9558a,bf32858c,3f306446,be24fc9a,3de9558a,1,39792256

10199,211,117,-106,-1036,-16425,-433,-4063,4153,-800,bf32845f,3f30661b,be250e14,3de90503,bf32845e,3f30661a,be250e0b,3de90501,1,39800775

10200,195,112,-100,-1033,-16414,-415,-4063,4153,-800,bf328436,3f3066d6,be251e19,3de8bc3d,bf328435,3f3066d5,be251e10,3de8bc3b,1,39808793

10201,201,109,-95,-1059,-16441,-419,-3981,4185,-790,bf32828c,3f306890,be2532c1,3de87f39,bf32828c,3f306891,be2532b9,3de87f39,1,39817311

10202,216,102,-107,-1065,-16430,-430,-4011,4189,-836,bf328179,3f3069fc,be254847,3de831c1,bf328178,3f3069fc,be25483e,3de831c0,1,39825830

10203,212,109,-100,-1060,-16462,-437,-4011,4189,-836,bf328094,3f306b6a,be2559e7,3de7e5f6,bf328094,3f306b6b,be2559df,3de7e5f6,1,39834349

10204,203,109,-96,-1091,-16467,-435,-3991,4211,-863,bf3280cf,3f306bd5,be256a56,3de7978f,bf3280cd,3f306bd4,be256a4d,3de7978d,1,39842867

10205,194,113,-90,-1088,-16436,-436,-3989,4177,-786,bf327f68,3f306d61,be257d46,3de75aef,bf327f68,3f306d62,be257d3f,3de75af0,1,39851386

10206,179,115,-91,-1093,-16422,-432,-3989,4177,-786,bf327ef9,3f306dfe,be258f6f,3de71e76,bf327ef8,3f306dfe,be258f67,3de71e76,1,39859905

10207,180,126,-91,-1078,-16457,-440,-4035,4213,-744,bf327dd9,3f306f5d,be259fe4,3de6e3c5,bf327dd9,3f306f5e,be259fdc,3de6e3c6,1,39868423

10208,174,117,-77,-1097,-16465,-417,-4017,4191,-836,bf327f6c,3f306e95,be25a91b,3de6a1b0,bf327f6c,3f306e96,be25a913,3de6a1b1,1,39876942

10209,175,112,-60,-1102,-16446,-434,-4017,4191,-836,bf32807c,3f306e3f,be25affe,3de66992,bf32807b,3f306e3f,be25aff5,3de66993,1,39885461

10210,179,108,-40,-1117,-16483,-405,-4021,4177,-741,bf327eec,3f306fca,be25ba04,3de64ea9,bf327eec,3f306fcb,be25b9fc,3de64eab,1,39893979

10211,185,119,-20,-1111,-16450,-416,-4017,4217,-776,bf327db0,3f307193,be25baf4,3de631da,bf327daf,3f307193,be25baeb,3de631dc,1,39902498

10212,173,121,-10,-1096,-16431,-423,-4003,4135,-808,bf327dc6,3f307269,be25b573,3de61437,bf327dc5,3f307269,be25b56b,3de61439,1,39910516

10213,179,116,4,-1086,-16419,-388,-4003,4135,-808,bf327db3,3f307362,be25ad2a,3de6000e,bf327db2,3f307362,be25ad22,3de60010,1,39919034

10214,182,127,-3,-1086,-16405,-404,-4067,4185,-788,bf327d7d,3f3074bb,be25a420,3de5e295,bf327d7b,3f3074bb,be25a417,3de5e296,1,39927553

10215,198,124,-7,-1076,-16414,-381,-4015,4183,-767,bf327b89,3f307764,be259fcb,3de5cd28,bf327b87,3f307765,be259fc3,3de5cd2a,1,39936071

10216,224,130,-9,-1085,-16491,-481,-4015,4183,-767,bf327725,3f307c9a,be259cdc,3de5afed,bf327723,3f307c9b,be259cd4,3de5afee,1,39944590

10217,224,141,-11,-1085,-16431,-459,-4043,4171,-814,bf3274b2,3f30809f,be259325,3de58008,bf3274b0,3f3080a0,be25931e,3de58009,1,39953109

10218,225,140,1,-1107,-16493,-399,-4047,4179,-732,bf3270ab,3f308597,be258cd8,3de565e5,bf3270aa,3f308599,be258cd1,3de565e7,1,39961627

10219,209,136,11,-1095,-16427,-417,-4047,4179,-732,bf326d3c,3f3089e9,be258466,3de55487,bf326d3a,3f3089e9,be25845e,3de55487,1,39970146

10220,197,138,26,-1078,-16433,-443,-3989,4195,-808,bf326b89,3f308cfb,be2573ae,3de541ea,bf326b88,3f308cfc,be2573a6,3de541eb,1,39978664

10221,187,136,28,-1077,-16419,-452,-4017,4183,-815,bf326ac0,3f308f45,be256122,3de52de0,bf326abf,3f308f46,be25611a,3de52de0,1,39987183

10222,184,126,24,-1060,-16391,-421,-4017,4183,-815,bf326a5f,3f3090ee,be2550a5,3de51e87,bf326a5e,3f3090ef,be25509d,3de51e87,1,39995702

10223,180,124,8,-1056,-16389,-425,-4019,4125,-848,bf326b5d,3f30917d,be254084,3de50044,bf326b5a,3f30917d,be25407b,3de50042,1,40004221

10224,186,123,-17,-1050,-16386,-422,-4019,4165,-776,bf326a23,3f309375,be253caa,3de4e748,bf326a22,3f309377,be253ca3,3de4e748,1,40012239

10225,188,131,-44,-1067,-16393,-413,-4033,4195,-895,bf326cec,3f30928b,be2533e6,3de4a24b,bf326ceb,3f30928d,be2533df,3de4a24a,1,40020757

10226,193,130,-57,-1091,-16430,-460,-4033,4195,-895,bf326eec,3f309249,be253060,3de45548,bf326eeb,3f30924b,be253059,3de45547,1,40029276

10227,193,130,-68,-1083,-16394,-384,-3989,4131,-815,bf326f25,3f309300,be25357f,3de41851,bf326f23,3f309301,be253578,3de4184f,1,40037794

10228,197,135,-67,-1125,-16442,-427,-4019,4199,-763,bf326d97,3f30952b,be253efe,3de3df0e,bf326d96,3f30952c,be253ef8,3de3df0d,1,40046313

10229,189,138,-56,-1120,-16474,-446,-4019,4199,-763,bf326c3e,3f30973f,be2544af,3de3ab42,bf326c3d,3f309740,be2544a9,3de3ab41,1,40054832

10230,171,133,-48,-1115,-16426,-439,-4033,4171,-830,bf326dd6,3f3096eb,be25430d,3de3701c,bf326dd4,3f3096eb,be254307,3de37019,1,40063350

10231,164,143,-55,-1113,-16443,-425,-4033,4171,-796,bf326f37,3f3096b8,be2542ae,3de335d6,bf326f36,3f3096b8,be2542a8,3de335d4,1,40071869

10232,163,137,-51,-1123,-16418,-395,-4033,4171,-796,bf3270e1,3f30961d,be2542d0,3de2ffc8,bf3270e1,3f30961e,be2542cb,3de2ffc8,1,40080388

10233,183,131,-30,-1114,-16440,-443,-4041,4163,-826,bf327171,3f3096dc,be253d93,3de2cdce,bf327170,3f3096db,be253d8d,3de2cdcc,1,40088906

10234,187,125,-18,-1119,-16469,-422,-4029,4197,-804,bf32710e,3f309832,be25396b,3de2aa9f,bf32710e,3f309831,be253966,3de2aa9e,1,40097425

10235,193,126,-6,-1136,-16456,-424,-4029,4197,-804,bf32703c,3f309a09,be25334a,3de28a67,bf32703b,3f309a07,be253344,3de28a65,1,40105443

10236,201,112,8,-1142,-16454,-444,-4087,4189,-734,bf326d1b,3f309d8d,be253119,3de27ed2,bf326d1c,3f309d8c,be253114,3de27ed2,1,40113961

10237,196,115,21,-1130,-16448,-449,-4033,4169,-792,bf326b2f,3f30a04b,be2527e3,3de271e5,bf326b2f,3f30a049,be2527dd,3de271e4,1,40122480

10238,189,121,31,-1118,-16426,-469,-4025,4183,-787,bf326934,3f30a32d,be251b39,3de26a78,bf326935,3f30a32d,be251b35,3de26a79,1,40130999

10239,175,123,35,-1117,-16435,-440,-4025,4183,-787,bf32685f,3f30a4fc,be250c39,3de265cb,bf326860,3f30a4fc,be250c34,3de265cb,1,40139517

10240,168,115,30,-1098,-16422,-437,-4037,4193,-837,bf326966,3f30a534,be24fafd,3de2598f,bf326966,3f30a534,be24faf7,3de2598e,1,40148036

10241,160,121,26,-1081,-16412,-402,-4087,4183,-872,bf326d06,3f30a385,be24e25d,3de23e30,bf326d08,3f30a386,be24e258,3de23e31,1,40156555

10242,170,121,17,-1090,-16386,-417,-4087,4183,-872,bf326fea,3f30a283,be24cd26,3de21c74,bf326fec,3f30a283,be24cd20,3de21c74,1,40165073

10243,185,128,5,-1107,-16428,-414,-4009,4157,-775,bf326e98,3f30a4ae,be24c4ff,3de20acf,bf326e99,3f30a4ac,be24c4f7,3de20acd,1,40173592

10244,197,121,0,-1128,-16420,-432,-4049,4149,-820,bf326e03,3f30a671,be24bc63,3de1e908,bf326e06,3f30a670,be24bc5d,3de1e908,1,40182111

10245,206,126,1,-1123,-16418,-415,-4049,4149,-820,bf326d2d,3f30a89b,be24b234,3de1c51c,bf326d2f,3f30a899,be24b22d,3de1c51b,1,40190629

10246,210,123,3,-1128,-16443,-430,-3989,4205,-816,bf326b1f,3f30ab93,be24abc0,3de1aabc,bf326b21,3f30ab91,be24abb9,3de1aabb,1,40199148

10247,215,129,8,-1119,-16438,-448,-4025,4199,-836,bf326986,3f30ae90,be249feb,3de18888,bf326989,3f30ae8f,be249fe5,3de18888,1,40207666

10248,208,126,13,-1111,-16416,-459,-4025,4199,-836,bf32681c,3f30b150,be249333,3de16b6e,bf32681d,3f30b14d,be24932c,3de16b6d,1,40215684

10249,196,124,9,-1122,-16430,-452,-4005,4235,-809,bf32668c,3f30b3cd,be248ad8,3de15607,bf32668e,3f30b3cc,be248ad2,3de15608,1,40224203

10250,191,120,9,-1098,-16431,-461,-4019,4183,-823,bf3265a6,3f30b5c4,be248038,3de13fdf,bf3265a8,3f30b5c3,be248032,3de13fe0,1,40232722

10251,185,123,-4,-1122,-16423,-435,-3981,4237,-785,bf326432,3f30b7cf,be247ce1,3de12ce7,bf326433,3f30b7cd,be247cda,3de12ce7,1,40241240

10252,177,130,-3,-1111,-16435,-451,-3981,4237,-785,bf32631e,3f30b9a3,be247700,3de118f8,bf32631f,3f30b9a2,be2476fa,3de118f9,1,40249759

10253,179,123,-13,-1096,-16407,-433,-4043,4175,-765,bf326229,3f30bb43,be24735f,3de10271,bf32622a,3f30bb42,be247359,3de10272,1,40258277

10254,182,130,-22,-1117,-16420,-443,-4077,4149,-823,bf32631b,3f30bbbe,be246b46,3de0d1e9,bf32631c,3f30bbbd,be246b40,3de0d1ea,1,40266796

10255,181,138,-26,-1117,-16442,-436,-4077,4149,-823,bf326454,3f30bc1c,be2461f7,3de09c56,bf326455,3f30bc1b,be2461f2,3de09c57,1,40275315

10256,185,133,-19,-1125,-16430,-432,-4051,4233,-762,bf32633b,3f30be05,be245f22,3de07cb4,bf32633b,3f30be03,be245f1c,3de07cb4,1,40283833

10257,191,131,-7,-1120,-16451,-463,-4081,4219,-751,bf32614a,3f30c0ca,be2459fc,3de062d0,bf32614a,3f30c0c8,be2459f6,3de062d0,1,40292352

10258,190,123,-4,-1139,-16480,-424,-4081,4219,-751,bf325fc4,3f30c2fb,be245638,3de04cfa,bf325fc4,3f30c2f9,be245632,3de04cfa,1,40300870

10259,179,112,14,-1145,-16492,-462,-4029,4207,-765,bf325e14,3f30c514,be24519c,3de04686,bf325e14,3f30c512,be245197,3de04686,1,40309389

10260,163,114,34,-1137,-16444,-450,-4005,4197,-788,bf325dac,3f30c621,be244608,3de047fa,bf325dad,3f30c620,be244604,3de047fb,1,40317407

10261,153,118,55,-1114,-16452,-469,-4005,4197,-788,bf325d76,3f30c72b,be24337f,3de05463,bf325d77,3f30c72a,be24337b,3de05464,1,40325926

10262,139,117,63,-1120,-16445,-453,-4003,4169,-846,bf325fcb,3f30c62e,be241a6c,3de0594a,bf325fcc,3f30c62d,be241a68,3de0594b,1,40334444

10263,135,124,63,-1115,-16419,-422,-4009,4155,-880,bf3263ec,3f30c3e8,be23fbc4,3de05314,bf3263ed,3f30c3e7,be23fbc0,3de05315,1,40342963

10264,137,123,55,-1088,-16389,-440,-3993,4181,-871,bf32672b,3f30c249,be23e05d,3de0502b,bf32672b,3f30c247,be23e058,3de0502b,1,40351481

10265,136,130,52,-1081,-16409,-425,-3993,4181,-871,bf326aba,3f30c07e,be23c37f,3de0497e,bf326abb,3f30c07d,be23c37a,3de0497f,1,40360000

10266,151,127,35,-1082,-16388,-397,-4007,4211,-747,bf326a7b,3f30c165,be23b4d6,3de05341,bf326a7d,3f30c165,be23b4d2,3de05342,1,40368519

10267,156,140,11,-1064,-16375,-420,-4035,4167,-655,bf32682a,3f30c402,be23ad5a,3de05b26,bf32682b,3f30c401,be23ad55,3de05b26,1,40377037

10268,155,147,-23,-1076,-16378,-430,-4035,4167,-655,bf326643,3f30c637,be23acb7,3de04ea9,bf326644,3f30c636,be23acb2,3de04ea9,1,40385556

10269,156,140,-46,-1093,-16449,-427,-4021,4177,-752,bf3266a9,3f30c685,be23adc4,3de02813,bf3266aa,3f30c684,be23adbf,3de02813,1,40394075

10270,155,135,-58,-1130,-16431,-423,-3999,4167,-724,bf326660,3f30c709,be23b6bf,3de0024f,bf326661,3f30c708,be23b6ba,3de0024f,1,40402594

10271,151,137,-63,-1120,-16438,-411,-3999,4167,-724,bf326680,3f30c72c,be23bf95,3ddfdb08,bf326681,3f30c72b,be23bf90,3ddfdb08,1,40410611

10272,144,142,-64,-1126,-16420,-406,-4041,4247,-810,bf3269bf,3f30c509,be23c0c2,3ddf9e03,bf3269c0,3f30c507,be23c0bc,3ddf9e02,1,40419631

10273,146,138,-62,-1136,-16444,-404,-4047,4217,-806,bf326cca,3f30c308,be23c28f,3ddf62c6,bf326ccb,3f30c306,be23c289,3ddf62c6,1,40427649

10274,161,129,-55,-1134,-16408,-440,-4047,4217,-806,bf326e4c,3f30c25e,be23c5d5,3ddf2d84,bf326e4d,3f30c25c,be23c5cf,3ddf2d84,1,40436167

10275,174,119,-43,-1135,-16438,-403,-3977,4203,-780,bf326de3,3f30c30c,be23cc71,3ddf0ce6,bf326de4,3f30c30a,be23cc6b,3ddf0ce6,1,40444686

10276,183,116,-32,-1137,-16403,-395,-4033,4195,-773,bf326d3c,3f30c416,be23d04b,3ddeee3c,bf326d3d,3f30c415,be23d045,3ddeee3d,1,40453205

10277,187,113,-28,-1123,-16411,-408,-4019,4149,-744,bf326b3e,3f30c62e,be23d5a6,3ddeda2b,bf326b3f,3f30c62d,be23d5a0,3ddeda2c,1,40461723

10278,196,114,-40,-1119,-16407,-387,-4019,4149,-744,bf326918,3f30c86b,be23dd64,3ddebfba,bf326919,3f30c86b,be23dd5f,3ddebfbc,1,40470242

10279,212,117,-56,-1106,-16401,-411,-4015,4193,-822,bf3267fa,3f30ca38,be23e315,3dde8ce2,bf3267fb,3f30ca38,be23e310,3dde8ce4,1,40478760

10280,215,128,-72,-1121,-16402,-400,-4059,4175,-749,bf326593,3f30cd0e,be23ee4b,3dde56f5,bf326593,3f30cd0d,be23ee45,3dde56f6,1,40487279

10281,219,124,-84,-1147,-16462,-415,-4059,4175,-749,bf3262e7,3f30cffe,be23fe61,3dde1af8,bf3262e9,3f30cffe,be23fe5c,3dde1afb,1,40495797

10282,218,130,-75,-1156,-16478,-413,-4031,4191,-740,bf325fdf,3f30d34b,be240c9d,3ddde49f,bf325fdf,3f30d349,be240c96,3ddde4a1,1,40504316

10283,209,134,-67,-1150,-16451,-418,-4033,4173,-840,bf326016,3f30d451,be240fbd,3ddd9c56,bf326017,3f30d44f,be240fb6,3ddd9c59,1,40512835

10284,207,133,-62,-1152,-16443,-417,-4033,4173,-840,bf32605c,3f30d544,be2411d4,3ddd5743,bf32605d,3f30d542,be2411cd,3ddd5746,1,40520852

10285,212,127,-65,-1164,-16438,-436,-4055,4149,-749,bf325dc4,3f30d842,be241cfb,3ddd2305,bf325dc6,3f30d841,be241cf4,3ddd2309,1,40529371

10286,207,127,-60,-1174,-16448,-468,-4053,4149,-828,bf325d3f,3f30d9d5,be242172,3ddce003,bf325d41,3f30d9d4,be24216b,3ddce007,1,40537890

10287,193,115,-36,-1184,-16512,-447,-4053,4149,-828,bf325d73,3f30da85,be24226c,3ddcaf4c,bf325d74,3f30da83,be242264,3ddcaf4f,1,40546408

10288,179,109,-5,-1196,-16513,-447,-4013,4171,-744,bf325b72,3f30dc8c,be242546,3ddca670,bf325b73,3f30dc8a,be24253e,3ddca673,1,40554927

10289,174,110,24,-1207,-16534,-361,-4069,4227,-813,bf325ce5,3f30dc02,be241a02,3ddc98e2,bf325ce6,3f30dbff,be2419fa,3ddc98e4,1,40563454

10290,174,115,56,-1179,-16442,-431,-4043,4143,-754,bf325b60,3f30de29,be240ab0,3ddca691,bf325b62,3f30de27,be240aa8,3ddca694,1,40571973

10291,178,116,74,-1154,-16388,-351,-4043,4143,-754,bf325a5b,3f30dff7,be23f533,3ddcbe55,bf325a5e,3f30dff5,be23f52c,3ddcbe59,1,40580492

10292,199,123,77,-1163,-16416,-387,-4027,4199,-808,bf32591b,3f30e281,be23dbfe,3ddcc7d5,bf32591c,3f30e27e,be23dbf5,3ddcc7d7,1,40589010

10293,223,124,78,-1142,-16397,-427,-4021,4201,-864,bf325789,3f30e5d7,be23beb3,3ddcc4d3,bf32578c,3f30e5d6,be23beab,3ddcc4d6,1,40597529

10294,226,126,75,-1117,-16435,-458,-4021,4201,-864,bf32556f,3f30e9be,be23a0fa,3ddcc177,bf325571,3f30e9bc,be23a0f1,3ddcc179,1,40606047

10295,211,129,71,-1123,-16462,-456,-4041,4189,-808,bf3252ee,3f30edb3,be2386d5,3ddcc56d,bf3252f0,3f30edb2,be2386ce,3ddcc570,1,40614566

10296,187,125,56,-1127,-16439,-428,-4021,4169,-842,bf325316,3f30ef15,be236df9,3ddcc039,bf325316,3f30ef13,be236df1,3ddcc03a,1,40623085

10297,171,126,41,-1112,-16421,-463,-4021,4169,-842,bf3253d9,3f30efca,be2357c0,3ddcb638,bf3253db,3f30efc9,be2357ba,3ddcb63b,1,40631102

10298,156,125,35,-1125,-16410,-446,-4041,4193,-864,bf325694,3f30eeb5,be2340d0,3ddca431,bf325697,3f30eeb5,be2340cb,3ddca434,1,40639621

10299,148,126,17,-1144,-16379,-426,-4081,4153,-866,bf325ac5,3f30ec5a,be232bef,3ddc8211,bf325ac7,3f30ec5a,be232beb,3ddc8213,1,40648140

10300,149,124,2,-1130,-16388,-417,-4081,4153,-866,bf325f0d,3f30e9ce,be231a3d,3ddc5b72,bf325f0e,3f30e9ce,be231a38,3ddc5b73,1,40656658

10301,170,127,-2,-1143,-16398,-421,-4053,4127,-853,bf326171,3f30e8fd,be230c43,3ddc3339,bf326171,3f30e8fc,be230c3d,3ddc3339,1,40665177

10302,189,116,12,-1161,-16480,-409,-4069,4163,-814,bf32618b,3f30e9ee,be2301f4,3ddc1c20,bf32618b,3f30e9ed,be2301ef,3ddc1c20,1,40673696

10303,190,116,25,-1177,-16477,-401,-4081,4169,-811,bf32619e,3f30eaf5,be22f539,3ddc092f,bf32619e,3f30eaf4,be22f534,3ddc092f,1,40682214

10304,204,117,49,-1144,-16445,-414,-4081,4169,-811,bf326070,3f30ed62,be22e1eb,3ddc0283,bf326071,3f30ed62,be22e1e6,3ddc0284,1,40690733

10305,206,110,59,-1140,-16403,-400,-4037,4191,-820,bf325eef,3f30efeb,be22cef2,3ddc065f,bf325eef,3f30efea,be22ceeb,3ddc065f,1,40699251

10306,225,116,64,-1122,-16425,-390,-4029,4161,-741,bf325a3e,3f30f52f,be22bf08,3ddc1a16,bf325a3f,3f30f52e,be22bf01,3ddc1a17,1,40707770

10307,231,118,67,-1115,-16423,-412,-4029,4161,-741,bf3254fe,3f30fb0f,be22ae2d,3ddc2daf,bf3254ff,3f30fb0d,be22ae26,3ddc2daf,1,40716289

10308,228,124,56,-1091,-16388,-406,-4025,4209,-827,bf325274,3f30fef9,be229777,3ddc2b04,bf325275,3f30fef7,be229770,3ddc2b04,1,40724807

10309,242,121,35,-1099,-16387,-417,-4037,4125,-828,bf324f69,3f310361,be2285e9,3ddc19bc,bf324f6b,3f31035f,be2285e2,3ddc19bd,1,40732825

10310,246,127,13,-1082,-16420,-470,-4037,4125,-828,bf324bc4,3f31086b,be227815,3ddbfc62,bf324bc5,3f310868,be22780d,3ddbfc62,1,40741344

10311,248,129,-9,-1117,-16459,-483,-4061,4181,-909,bf324adc,3f310b64,be22693e,3ddbbd87,bf324ae0,3f310b64,be226938,3ddbbd8a,1,40749862

10312,229,121,-30,-1116,-16433,-469,-4005,4199,-794,bf324754,3f310f7e,be226c30,3ddb995f,bf324756,3f310f7c,be226c28,3ddb995f,1,40758381

10313,208,130,-46,-1122,-16407,-424,-4005,4199,-794,bf3245d3,3f3111b0,be226fab,3ddb6b8f,bf3245d5,3f3111ae,be226fa3,3ddb6b8f,1,40766900

10314,202,133,-64,-1101,-16392,-446,-4047,4197,-805,bf32454a,3f311327,be22736d,3ddb3096,bf32454c,3f311325,be227365,3ddb3096,1,40775418

10315,201,136,-80,-1107,-16403,-464,-4059,4179,-763,bf3243c9,3f311549,be227d26,3ddaf3c7,bf3243cb,3f311547,be227d1d,3ddaf3c6,1,40783937

10316,201,129,-92,-1170,-16416,-422,-4021,4167,-794,bf324368,3f31162f,be228c50,3ddaac10,bf324369,3f31162c,be228c46,3ddaac0f,1,40792456

10317,209,125,-90,-1179,-16445,-445,-4021,4167,-794,bf32423d,3f3117c6,be229ca3,3dda65f9,bf32423e,3f3117c3,be229c9a,3dda65f9,1,40800974

10318,212,123,-72,-1189,-16492,-479,-4031,4197,-895,bf324365,3f3117eb,be22a1bb,3dda1287,bf324367,3f3117ea,be22a1b3,3dda1288,1,40809493

10319,201,122,-43,-1192,-16513,-457,-4045,4145,-784,bf324214,3f3119ce,be22a77d,3dd9e458,bf324215,3f3119cc,be22a773,3dd9e458,1,40818012

10320,183,124,-6,-1183,-16472,-461,-4045,4145,-784,bf324172,3f311b36,be22a330,3dd9c947,bf324174,3f311b35,be22a327,3dd9c948,1,40826030

10321,178,119,21,-1161,-16422,-424,-4001,4217,-824,bf3241d3,3f311bbf,be229750,3dd9bcf4,bf3241d5,3f311bbe,be229747,3dd9bcf5,1,40834548

10322,187,118,33,-1182,-16397,-454,-4035,4213,-808,bf32411d,3f311d5d,be228abe,3dd9b392,bf32411f,3f311d5b,be228ab5,3dd9b392,1,40843067

10323,197,131,29,-1128,-16399,-433,-4035,4213,-808,bf324030,3f311f87,be2279a3,3dd9a677,bf324032,3f311f85,be22799a,3dd9a677,1,40851586

10324,203,131,25,-1154,-16422,-462,-4011,4173,-735,bf323c91,3f3123b9,be2270cc,3dd9a438,bf323c93,3f3123b8,be2270c4,3dd9a439,1,40860105

10325,202,127,16,-1142,-16415,-429,-4023,4183,-875,bf323d7a,3f312477,be225efd,3dd982d0,bf323d7b,3f312475,be225ef4,3dd982d0,1,40868623

10326,205,125,7,-1138,-16400,-458,-4023,4183,-875,bf323ddc,3f3125a1,be225033,3dd95e11,bf323ddd,3f31259f,be22502a,3dd95e11,1,40877142

10327,207,126,-3,-1146,-16414,-452,-3985,4187,-795,bf323b9c,3f312897,be224b86,3dd947d3,bf323b9e,3f312896,be224b7e,3dd947d3,1,40885660

10328,204,125,-5,-1138,-16421,-469,-4021,4189,-798,bf3239c3,3f312b42,be2245e2,3dd92e7b,bf3239c5,3f312b41,be2245da,3dd92e7b,1,40894179

10329,205,125,-15,-1138,-16419,-462,-4009,4201,-772,bf32373d,3f312e50,be2244ce,3dd916e2,bf32373e,3f312e4e,be2244c6,3dd916e1,1,40902698

10330,185,129,-28,-1145,-16406,-472,-4009,4201,-772,bf3235f9,3f31301f,be224586,3dd8f8b2,bf3235fa,3f31301d,be22457e,3dd8f8b1,1,40911216

10331,191,127,-38,-1162,-16461,-470,-4029,4225,-808,bf32359f,3f31313f,be2246c0,3dd8cca1,bf3235a0,3f31313d,be2246b8,3dd8cca0,1,40919735

10332,182,130,-31,-1177,-16451,-458,-4009,4211,-777,bf3234ed,3f313283,be224884,3dd8a9ec,bf3234ef,3f313281,be22487d,3dd8a9ec,1,40928254

10333,180,124,-16,-1186,-16469,-436,-4009,4211,-777,bf323467,3f313389,be224822,3dd890e7,bf323468,3f313386,be22481b,3dd890e7,1,40936271

10334,174,126,6,-1188,-16449,-449,-3933,4191,-808,bf32340e,3f313484,be224231,3dd88163,bf323411,3f313483,be22422b,3dd88165,1,40944790

10335,178,125,22,-1160,-16439,-490,-4019,4201,-837,bf32346a,3f31355e,be223369,3dd86e8a,bf32346c,3f31355b,be223362,3dd86e8a,1,40953309

10336,168,130,26,-1144,-16416,-460,-4019,4201,-837,bf3235b5,3f31356f,be222120,3dd85ddc,bf3235b7,3f31356c,be222119,3dd85ddd,1,40961827

10337,168,130,21,-1152,-16407,-424,-3977,4203,-912,bf323966,3f313393,be220b46,3dd83e12,bf323969,3f313391,be220b40,3dd83e14,1,40970346

10338,176,129,12,-1150,-16415,-464,-3989,4193,-814,bf32394d,3f3134a2,be21fff2,3dd82d23,bf323950,3f3134a0,be21ffec,3dd82d25,1,40978864

10339,173,122,0,-1141,-16394,-454,-3989,4193,-814,bf32397e,3f313538,be21f87f,3dd81af6,bf323980,3f313535,be21f879,3dd81af7,1,40987383

10340,178,122,-12,-1135,-16389,-439,-4053,4175,-857,bf323b98,3f31347a,be21ed81,3dd7f3de,bf323b9a,3f313476,be21ed7b,3dd7f3de,1,40995902

10341,181,121,-35,-1160,-16393,-453,-4001,4185,-826,bf323c17,3f3134b4,be21ee38,3dd7cba7,bf323c1a,3f3134b1,be21ee34,3dd7cba8,1,41004420

10342,182,128,-48,-1186,-16406,-429,-4021,4207,-811,bf323ccf,3f3134b8,be21f1d2,3dd799db,bf323cd1,3f3134b4,be21f1ce,3dd799db,1,41012939

10343,188,131,-50,-1156,-16425,-481,-4021,4207,-811,bf323c90,3f3135c3,be21f483,3dd76807,bf323c93,3f3135c0,be21f480,3dd76808,1,41021457

10344,182,125,-50,-1190,-16456,-459,-4055,4205,-788,bf323c98,3f313650,be21fa11,3dd738d3,bf323c9b,3f31364d,be21fa0e,3dd738d4,1,41029976

10345,178,122,-35,-1205,-16488,-456,-4037,4187,-883,bf323f68,3f3134d4,be21f5eb,3dd6fe25,bf323f6b,3f3134d1,be21f5e8,3dd6fe26,1,41037994

10346,170,116,-4,-1186,-16461,-476,-4037,4187,-883,bf3241fd,3f313395,be21eb1b,3dd6d7af,bf3241ff,3f313391,be21eb17,3dd6d7b0,1,41046513

10347,168,124,7,-1166,-16423,-435,-3947,4211,-764,bf3240de,3f313502,be21e680,3dd6d5be,bf3240e1,3f3134fe,be21e67d,3dd6d5bf,1,41055031

10348,166,125,10,-1166,-16390,-444,-4055,4151,-793,bf324189,3f313549,be21db75,3dd6c4e3,bf32418c,3f313545,be21db72,3dd6c4e4,1,41063550

10349,164,129,-12,-1149,-16389,-441,-4055,4151,-793,bf324290,3f313535,be21d3b5,3dd6a9ca,bf324292,3f313532,be21d3b2,3dd6a9cc,1,41072068

10350,173,132,-30,-1164,-16401,-455,-4011,4145,-791,bf3242a6,3f3135de,be21d22f,3dd686bb,bf3242a8,3f3135dc,be21d22d,3dd686bd,1,41080587

10351,188,131,-44,-1190,-16426,-454,-4021,4149,-829,bf324335,3f31364f,be21d27b,3dd650e6,bf324337,3f31364d,be21d279,3dd650e8,1,41089106

10352,192,127,-49,-1184,-16440,-445,-4021,4149,-829,bf32439d,3f3136ce,be21d477,3dd61b39,bf32439e,3f3136cb,be21d475,3dd61b3a,1,41097624

10353,183,130,-40,-1195,-16426,-446,-4033,4179,-781,bf32433b,3f3137cb,be21d762,3dd5f24c,bf32433d,3f3137c9,be21d761,3dd5f24e,1,41106143

10354,183,114,-27,-1196,-16449,-460,-4031,4187,-766,bf3241f4,3f313940,be21dc3e,3dd5da74,bf3241f6,3f31393e,be21dc3d,3dd5da76,1,41114662

10355,174,115,-9,-1201,-16445,-453,-3995,4163,-801,bf3241c6,3f3139e1,be21dae1,3dd5c6ae,bf3241c8,3f3139de,be21dadf,3dd5c6af,1,41123180

10356,173,119,1,-1199,-16439,-477,-3995,4163,-801,bf324157,3f313ae3,be21d669,3dd5b5e3,bf32415a,3f313ae1,be21d668,3dd5b5e5,1,41131198

10357,173,120,8,-1213,-16444,-446,-4033,4165,-839,bf3242b5,3f313a9a,be21cc1c,3dd59b51,bf3242b8,3f313a98,be21cc1b,3dd59b53,1,41139717

10358,169,126,15,-1188,-16420,-439,-4031,4177,-811,bf32437d,3f313ad4,be21bfe2,3dd58aa2,bf32437f,3f313ad1,be21bfe1,3dd58aa3,1,41148235

10359,170,133,20,-1186,-16422,-463,-4031,4177,-811,bf3243f6,3f313b86,be21b124,3dd578fc,bf3243f8,3f313b83,be21b123,3dd578fd,1,41156754

10360,168,123,9,-1153,-16388,-429,-4003,4173,-844,bf32458b,3f313b11,be21a3ae,3dd565a6,bf32458d,3f313b0e,be21a3ad,3dd565a8,1,41165273

10361,172,130,-22,-1157,-16380,-404,-4013,4169,-774,bf3245a5,3f313b93,be21a0e6,3dd54da0,bf3245a7,3f313b90,be21a0e5,3dd54da3,1,41173791

10362,189,133,-47,-1147,-16380,-418,-4013,4169,-774,bf3244d6,3f313cf5,be21a384,3dd5279c,bf3244d7,3f313cf1,be21a383,3dd5279e,1,41182310

10363,203,135,-74,-1150,-16370,-476,-4097,4177,-812,bf32449f,3f313e3b,be21a792,3dd4e2d4,bf3244a1,3f313e37,be21a792,3dd4e2d7,1,41190829

10364,215,128,-102,-1196,-16417,-479,-4067,4193,-783,bf3242d3,3f314068,be21b992,3dd49856,bf3242d6,3f314064,be21b992,3dd4985b,1,41199347

10365,214,121,-105,-1212,-16462,-489,-4067,4193,-783,bf3240f5,3f314279,be21ce57,3dd44f08,bf3240f7,3f314275,be21ce57,3dd44f0d,1,41207866

10366,202,129,-91,-1251,-16494,-480,-4023,4137,-796,bf323ff4,3f3143e3,be21dee3,3dd406ee,bf323ff7,3f3143e0,be21dee4,3dd406f4,1,41216385

10367,180,125,-73,-1260,-16510,-471,-4021,4215,-872,bf324243,3f314285,be21e65f,3dd3bd18,bf324244,3f314281,be21e65f,3dd3bd1d,1,41224903

10368,161,127,-45,-1256,-16483,-428,-4051,4177,-805,bf32444d,3f314133,be21e946,3dd38d04,bf32444f,3f314131,be21e947,3dd38d0b,1,41233422

10369,159,119,-10,-1233,-16430,-453,-4051,4177,-805,bf3245a9,3f31408a,be21e533,3dd3734b,bf3245ab,3f314088,be21e533,3dd37351,1,41241440

10370,172,124,7,-1208,-16419,-454,-4029,4179,-741,bf324436,3f314256,be21e09c,3dd36f41,bf324438,3f314254,be21e09c,3dd36f47,1,41249959

10371,169,113,16,-1205,-16393,-443,-4079,4179,-720,bf3242bd,3f3143f4,be21dc45,3dd37541,bf3242be,3f3143f1,be21dc44,3dd37546,1,41258477

10372,174,116,11,-1205,-16410,-450,-4079,4179,-720,bf324100,3f3145e0,be21d899,3dd376ed,bf324102,3f3145de,be21d89a,3dd376f4,1,41266996

10373,168,126,1,-1223,-16421,-422,-4051,4163,-785,bf3241ad,3f3145fe,be21d138,3dd36324,bf3241ae,3f3145fb,be21d139,3dd3632b,1,41275515

10374,178,129,2,-1226,-16421,-447,-4043,4195,-802,bf3241df,3f3146b9,be21c8f4,3dd34ab9,bf3241df,3f3146b6,be21c8f6,3dd34ac1,1,41284033

10375,183,127,6,-1220,-16427,-428,-4043,4195,-802,bf3241ed,3f314796,be21bfd8,3dd3356b,bf3241ee,3f314793,be21bfdb,3dd33574,1,41292552

10376,190,123,12,-1216,-16442,-459,-4061,4181,-822,bf3241d8,3f3148c1,be21b461,3dd31e31,bf3241d9,3f3148bd,be21b464,3dd31e39,1,41301071

10377,201,130,27,-1212,-16455,-458,-4031,4161,-817,bf3240ad,3f314b1a,be21a527,3dd30d63,bf3240ae,3f314b17,be21a52b,3dd30d6b,1,41309589

10378,183,130,32,-1222,-16451,-451,-4031,4161,-817,bf3240a1,3f314c59,be219492,3dd2ffd4,bf3240a3,3f314c57,be219497,3dd2ffde,1,41318108

10379,170,122,35,-1198,-16442,-478,-4041,4197,-868,bf324265,3f314c0c,be217fe5,3dd2efea,bf324267,3f314c09,be217fe9,3dd2eff3,1,41326627

10380,172,112,48,-1216,-16429,-447,-4065,4163,-783,bf3241fb,3f314d2b,be2170d6,3dd2f814,bf3241fd,3f314d29,be2170db,3dd2f81e,1,41335146

10381,177,119,57,-1232,-16455,-449,-4047,4167,-908,bf3244f5,3f314c1c,be215505,3dd2e4e2,bf3244f7,3f314c1b,be21550a,3dd2e4ed,1,41343163

10382,171,126,56,-1187,-16444,-481,-4047,4167,-908,bf3247d0,3f314b56,be213606,3dd2d320,bf3247d2,3f314b55,be21360b,3dd2d32b,1,41351682

10383,122,132,32,-1156,-16476,-491,-4021,4173,-915,bf324d86,3f3147aa,be2118b8,3dd2bd16,bf324d87,3f3147a8,be2118bc,3dd2bd20,1,41360201

10384,45,153,-23,-1096,-16418,-589,-4037,4141,-783,bf32537f,3f3142dd,be2109c7,3dd2a9fd,bf325380,3f3142db,be2109cb,3dd2aa07,1,41368719

10385,-55,151,-100,-1095,-16362,-503,-4037,4141,-783,bf3260c6,3f313658,be2108df,3dd27f22,bf3260c8,3f313657,be2108e3,3dd27f2d,1,41377238

10386,-133,156,-182,-1245,-16516,-483,-4025,4159,-767,bf327336,3f312412,be211ee5,3dd22c27,bf327337,3f312410,be211ee8,3dd22c30,1,41385756

10387,-205,173,-176,-1205,-16292,-318,-4051,4181,-831,bf328daf,3f310ac6,be212450,3dd1d0d1,bf328db0,3f310ac4,be212452,3dd1d0d9,1,41394275

10388,-207,193,-182,-1126,-16562,-588,-4051,4181,-831,bf32a4ed,3f30f4fe,be21259a,3dd17269,bf32a4ef,3f30f4fd,be21259d,3dd17272,1,41402794

10389,-259,205,-251,-1211,-16345,-351,-4075,4201,-898,bf32c4da,3f30d711,be212d55,3dd0dc38,bf32c4dd,3f30d710,be212d59,3dd0dc42,1,41411312

10390,-330,231,-325,-1233,-16489,-416,-4033,4157,-941,bf32e9af,3f30b492,be213c5e,3dd017ea,bf32e9b0,3f30b490,be213c61,3dd017f1,1,41419831

10391,-387,281,-386,-1297,-16695,-479,-4033,4157,-941,bf3311cc,3f308f55,be214f4d,3dcf235e,bf3311cd,3f308f53,be214f50,3dcf2365,1,41428350

10392,-455,394,-311,-1706,-17027,-994,-4071,4169,-820,bf333702,3f306e43,be215076,3dce1f38,bf333701,3f306e3f,be215078,3dce1f3d,1,41436868

10393,-598,546,-156,-1427,-16907,-561,-4067,4187,-871,bf336969,3f304478,be20f3c8,3dcd3aa6,bf336969,3f304475,be20f3cc,3dcd3aac,1,41445387

10394,-788,438,-92,-1529,-17216,-539,-4079,4183,-861,bf33a485,3f300f77,be209f15,3dccb69e,bf33a485,3f300f74,be209f1a,3dccb6a5,1,41453405

10395,-1057,411,18,-1431,-17328,-606,-4079,4183,-861,bf33ec64,3f2fcd25,be202af7,3dcc9a4e,bf33ec66,3f2fcd23,be202afd,3dcc9a57,1,41461923

10396,-1399,361,40,-1474,-17411,-569,-4031,4219,-874,bf3446ba,3f2f7679,be1fb4db,3dccc425,bf3446bc,3f2f7677,be1fb4e1,3dccc42f,1,41470442

10397,-1836,395,68,-1654,-17162,-202,-4073,4253,-941,bf34bf6d,3f2f0181,be1f22a2,3dccf7a5,bf34bf6f,3f2f0180,be1f22a8,3dccf7b0,1,41478967

10398,-2252,526,22,-1712,-17328,-152,-4073,4253,-941,bf3550f6,3f2e749c,be1e70f2,3dcd0348,bf3550f7,3f2e749a,be1e70f7,3dcd0353,1,41487485

10399,-2665,692,-33,-1232,-17392,-265,-4047,4249,-892,bf35f754,3f2dd41a,be1d885b,3dcd0c28,bf35f754,3f2dd417,be1d8860,3dcd0c33,1,41496004

10400,-3069,655,2,-907,-18235,-431,-4081,4237,-945,bf36b15e,3f2d1d71,be1c836f,3dcd717b,bf36b160,3f2d1d6f,be1c8376,3dcd7188,1,41504523

10401,-3556,424,151,-657,-18554,-717,-4081,4237,-945,bf377e7a,3f2c4c37,be1b812c,3dcec710,bf377e7b,3f2c4c34,be1b8132,3dcec71c,1,41513042

10402,-4314,169,324,-318,-18112,-1142,-4087,4243,-915,bf386ca9,3f2b5000,be1a7b89,3dd13dfd,bf386caa,3f2b4ffd,be1a7b8f,3dd13e09,1,41521560

10403,-5200,-146,324,-759,-17805,-392,-4077,4229,-1086,bf398bf6,3f2a1545,be199f86,3dd4701f,bf398bf7,3f2a1543,be199f8c,3dd4702c,1,41530079

10404,-6001,-472,261,-1340,-17337,631,-4077,4229,-1086,bf3ad8f4,3f289bf3,be191375,3dd836fc,bf3ad8f5,3f289bf1,be19137b,3dd83709,1,41538097

10405,-6476,-464,248,-2661,-15848,2787,-4023,4259,-1013,bf3c58cc,3f26e19f,be18bdb5,3ddbaaae,bf3c58ce,3f26e19e,be18bdbc,3ddbaabc,1,41547116

10406,-6449,20,194,-2354,-16037,2720,-4035,4273,-1140,bf3dd820,3f252c15,be17e63b,3dde2ad4,bf3dd820,3f252c12,be17e640,3dde2ae0,1,41555134

10407,-6326,601,206,-1337,-15386,2214,-4041,4291,-1154,bf3f4633,3f2390f5,be16490e,3de01811,bf3f4635,3f2390f3,be164915,3de0181f,1,41563653

10408,-6236,860,-50,-1221,-16498,1643,-4041,4291,-1154,bf40a244,3f2208a3,be14a9bb,3de12330,bf40a245,3f2208a0,be14a9c1,3de1233d,1,41572171

10409,-6511,922,-191,-1027,-15414,2724,-4011,4233,-1142,bf421635,3f205e71,be12f6c9,3de206c9,bf421635,3f205e6d,be12f6cf,3de206d5,1,41580690

10410,-6712,999,-498,-430,-16826,1682,-4083,4241,-1240,bf438516,3f1eb46f,be115c9a,3de24b2e,bf438517,3f1eb46c,be115ca1,3de24b3c,1,41589208

10411,-7149,864,-822,-385,-17463,1929,-4083,4241,-1240,bf4506a6,3f1ce777,be101731,3de24e2d,bf4506a8,3f1ce775,be101738,3de24e3c,1,41597727

10412,-7854,623,-1051,-576,-17906,1724,-4069,4275,-1393,bf46a592,3f1ae64a,be0f29f2,3de25bb2,bf46a594,3f1ae648,be0f29f9,3de25bc0,1,41606246

10413,-8876,455,-1385,-739,-18702,2230,-4089,4285,-1443,bf4873cc,3f189837,be0e8429,3de25203,bf4873cc,3f189834,be0e842f,3de25210,1,41614764

10414,-10202,344,-1705,-803,-18624,2295,-4089,4285,-1443,bf4a7c54,3f15ea46,be0e0c2b,3de24348,bf4a7c54,3f15ea43,be0e0c31,3de24355,1,41623283

10415,-11619,247,-1898,-1377,-18289,3133,-4091,4269,-1493,bf4cc255,3f12d137,be0da64b,3de2537c,bf4cc256,3f12d134,be0da651,3de25389,1,41631802

10416,-13100,330,-1968,-1247,-18236,2978,-4095,4231,-1628,bf4f41e4,3f0f4e3e,be0cf2b1,3de296b8,bf4f41e5,3f0f4e3b,be0cf2b7,3de296c5,1,41640320

10417,-14554,438,-2072,-941,-17660,2881,-4095,4231,-1628,bf51f4d8,3f0b5fad,be0bf0f9,3de3056d,bf51f4db,3f0b5fab,be0bf100,3de3057b,1,41648338

10418,-15765,291,-2035,-1174,-16819,4258,-4101,4205,-1742,bf54caf2,3f070c78,be0ad23c,3de40dc9,bf54caf2,3f070c75,be0ad241,3de40dd5,1,41656857

10419,-16608,67,-1634,-1706,-14270,5921,-4095,4167,-1865,bf57b59d,3f025dfe,be09835f,3de6326f,bf57b59e,3f025dfc,be098365,3de6327c,1,41665375

10420,-16770,-16,-1220,-2158,-10997,6544,-4051,4153,-2035,bf5aa16e,3efad8ba,be081c6d,3de8eec4,bf5aa16f,3efad8b6,be081c73,3de8eed1,1,41673894

10421,-15989,-6,-1006,-2978,-10064,8422,-4051,4153,-2035,bf5d4fac,3ef14783,be06a81f,3debfc48,bf5d4fad,3ef1477f,be06a825,3debfc55,1,41682413

10422,-14807,233,-960,-2529,-10298,9039,-4061,4101,-2100,bf5fba41,3ee84926,be04ed8a,3dee74d6,bf5fba40,3ee84920,be04ed8f,3dee74e1,1,41690931

10423,-13883,519,-918,-1679,-10622,9305,-4071,4037,-2243,bf61f042,3edfc278,be02ad34,3df074ad,bf61f043,3edfc274,be02ad3a,3df074ba,1,41699450

10424,-13313,527,-1056,-1406,-11619,9081,-4071,4037,-2243,bf63f5e2,3ed7a3df,be005523,3df20fa7,bf63f5e2,3ed7a3da,be005528,3df20fb3,1,41707969

10425,-13046,371,-1051,-2974,-11139,10234,-4087,4013,-2383,bf65e25d,3ecf77c4,bdfdb7a1,3df301c7,bf65e25e,3ecf77bf,bdfdb7ac,3df301d4,1,41716487

10426,-12909,532,-944,-897,-10823,9466,-4111,3931,-2416,bf67b0a2,3ec78f7d,bdf8539f,3df4c516,bf67b0a4,3ec78f79,bdf853ab,3df4c524,1,41725006

10427,-12812,432,-1394,-2396,-7313,11789,-4111,3931,-2416,bf69770c,3ebf5be3,bdf4e0ae,3df516aa,bf69770c,3ebf5bde,bdf4e0b7,3df516b6,1,41733525

10428,-12419,843,-2620,-1622,-11458,11210,-4133,3819,-2549,bf6b2760,3eb7820a,bdf0df0d,3df1c5f7,bf6b2760,3eb78206,bdf0df16,3df1c603,1,41742043

10429,-12219,740,-1808,-746,-11708,9437,-4103,3821,-2520,bf6ca1e1,3eb02c58,bdecbcd4,3df0d2f6,bf6ca1e1,3eb02c54,bdecbcdd,3df0d302,1,41750562

10430,-13149,485,-2721,-4327,-9577,12866,-4103,3821,-2520,bf6e4368,3ea795d2,bdeb49fd,3ded5e7d,bf6e436a,3ea795cf,bdeb4a08,3ded5e8a,1,41758580

10431,-13905,1308,-3452,-1598,-5758,12495,-4109,3697,-2645,bf6ffa8f,3e9e6887,bde6ad7b,3de81074,bf6ffa90,3e9e6883,bde6ad84,3de8107f,1,41767098

10432,-13230,1505,-3378,1186,-5513,10079,-4155,3591,-2718,bf718633,3e95cbad,bde094c0,3de2e159,bf718634,3e95cba9,bde094c9,3de2e164,1,41775617

10433,-12121,98,-2864,-1271,-5689,12534,-4155,3591,-2718,bf72d6ce,3e8d94bd,bddea432,3ddf5639,bf72d6cf,3e8d94b9,bddea43b,3ddf5645,1,41784135

10434,-11441,-617,-3185,-4262,-4956,14932,-4163,3473,-2780,bf74010f,3e85a8c9,bddfdb07,3ddae906,bf740110,3e85a8c5,bddfdb10,3ddae912,1,41792654

10435,-10890,167,-3351,-4396,-3488,16055,-4151,3397,-2789,bf751871,3e7c2ca7,bddf2eb2,3dd56170,bf751872,3e7c2c9f,bddf2ebb,3dd5617c,1,41801173

10436,-10206,1228,-3937,-2986,-3803,13982,-4147,3293,-2896,bf7622a6,3e6de15b,bddc21af,3dcd7433,bf7622a7,3e6de153,bddc21b7,3dcd743f,1,41809692

10437,-10100,1860,-4770,-866,-10070,12473,-4147,3293,-2896,bf7713f6,3e611d00,bdd757d1,3dc369b0,bf7713f6,3e611cf7,bdd757d6,3dc369bb,1,41818210

10438,-10239,1389,-3953,-3884,-4404,14425,-4129,3201,-2911,bf7802c4,3e52b611,bdd45346,3dbb2721,bf7802c4,3e52b608,bdd4534b,3dbb272c,1,41826729

10439,-10519,1475,-3713,-4051,-5590,14756,-4133,3115,-3037,bf78e440,3e440eba,bdd13f48,3db351e9,bf78e440,3e440eb1,bdd13f4c,3db351f4,1,41835247

10440,-11000,2043,-3654,-1855,-4168,13031,-4133,3115,-3037,bf79c799,3e34b639,bdcaf1e7,3dabdd37,bf79c799,3e34b630,bdcaf1ea,3dabdd42,1,41843766

10441,-11940,1769,-3844,-2587,-3605,12734,-4175,3013,-3049,bf7aa489,3e2400f4,bdc60ada,3da403ed,bf7aa48a,3e2400eb,bdc60ade,3da403f9,1,41852285

10442,-13883,1020,-4165,-1704,2295,11622,-4179,2873,-3049,bf7b825c,3e10a21d,bdc25176,3d9c4c3f,bf7b825a,3e10a213,bdc25178,3d9c4c4a,1,41860303

10443,-17722,78,-5705,-1384,4741,10474,-4179,2873,-3049,bf7c6faa,3defe2cc,bdc0b9e3,3d91de46,bf7c6faa,3defe2ba,bdc0b9e6,3d91de52,1,41868821

10444,-22263,-1155,-8461,-563,3061,12196,-4131,2699,-3124,bf7d5cd1,3db1b29e,bdc1dc39,3d81b13a,bf7d5cd1,3db1b28c,bdc1dc3b,3d81b146,1,41877340

10445,-25242,-1809,-10054,-3437,4493,24601,-4153,2439,-3127,bf7e185d,3d5600a4,bdc490a2,3d5bfa6d,bf7e185e,3d560081,bdc490a5,3d5bfa86,1,41885858

10446,-16224,-1512,-8294,-487,-7588,23206,-4153,2439,-3127,bf7e681a,3cfce5a1,bdc694ca,3d39a76e,bf7e681a,3cfce55a,bdc694cc,3d39a786,1,41894377

10447,-3902,-761,-742,-3169,-630,17524,-4177,2293,-3210,bf7e70d5,3ccaac86,bdc7febf,3d3701a9,bf7e70d4,3ccaac3f,bdc7febf,3d3701bf,1,41902896

10448,-3124,-979,575,-4280,3194,16882,-4189,2231,-3092,bf7e6c66,3ca16fb8,bdcabcac,3d3b4ccf,bf7e6c67,3ca16f72,bdcabcad,3d3b4ce6,1,41911415

10449,-2608,-387,-25,-3822,2677,16398,-4141,2239,-3086,bf7e6d1d,3c7a5e94,bdcbeada,3d3c23bc,bf7e6d1c,3c7a5e06,bdcbeada,3d3c23d1,1,41919933

10450,-1650,93,-54,-2682,2355,15166,-4141,2239,-3086,bf7e711e,3c465bb9,bdcb8586,3d3c51d3,bf7e711d,3c465b2b,bdcb8585,3d3c51e8,1,41928452

10451,-858,87,137,-3611,2462,15837,-4203,2247,-3133,bf7e71b4,3c232dd5,bdcba5f2,3d3d1668,bf7e71b5,3c232d48,bdcba5f3,3d3d167e,1,41936970

10452,-162,273,336,-2999,969,15375,-4181,2261,-3155,bf7e7357,3c0f2a74,bdcb0bc4,3d3e7c8c,bf7e7356,3c0f29e5,bdcb0bc4,3d3e7ca0,1,41945489

10453,267,312,709,-3076,1285,15638,-4181,2261,-3155,bf7e7344,3c04e1cf,bdca6dad,3d41a535,bf7e7344,3c04e141,bdca6dae,3d41a54a,1,41953507

10454,605,299,1028,-4539,2283,16375,-4177,2261,-3112,bf7e6f14,3c033b18,bdca9f3f,3d465aee,bf7e6f14,3c033a8a,bdca9f40,3d465b03,1,41962026

10455,915,625,976,-3651,-690,15491,-4219,2271,-3071,bf7e69f3,3c18b8ce,bdcaee76,3d4aa871,bf7e69f3,3c18b846,bdcaee76,3d4aa886,1,41970544

10456,1088,831,1585,-2765,952,15696,-4219,2271,-3071,bf7e6acd,3c227f8d,bdc8b161,3d51e705,bf7e6acd,3c227f05,bdc8b161,3d51e71a,1,41979063

10457,999,724,1700,-2852,248,15658,-4197,2295,-3067,bf7e6a50,3c2ac466,bdc6a301,3d59c343,bf7e6a50,3c2ac3de,bdc6a301,3d59c358,1,41987582

10458,894,719,1391,-2664,-154,15549,-4167,2329,-3059,bf7e6cd1,3c341b20,bdc3d84f,3d60606d,bf7e6cd2,3c341a9d,bdc3d850,3d606083,1,41996100

10459,792,669,1406,-2379,244,15686,-4167,2329,-3059,bf7e6e3b,3c39f26e,bdc15661,3d6713c2,bf7e6e3c,3c39f1ed,bdc15662,3d6713d9,1,42004619

10460,606,600,1106,-1974,132,15505,-4163,2347,-3156,bf7e7121,3c3e473f,bdbeac1c,3d6c7725,bf7e7120,3c3e46bf,bdbeac1c,3d6c773b,1,42013138

10461,395,438,760,-1971,-660,15012,-4175,2335,-3181,bf7e749a,3c46d8eb,bdbc2dc4,3d703e9a,bf7e749b,3c46d871,bdbc2dc5,3d703eb2,1,42021656

10462,201,147,724,-2553,62,15632,-4189,2327,-3024,bf7e74a0,3c3c8d33,bdbb4f47,3d736eea,bf7e749f,3c3c8cb8,bdbb4f47,3d736f01,1,42030175

10463,59,38,761,-2891,177,15754,-4189,2327,-3024,bf7e71b5,3c2db7ed,bdbb6917,3d76d690,bf7e71b5,3c2db772,bdbb6918,3d76d6a8,1,42038693

10464,5,70,753,-2899,610,15841,-4197,2333,-3114,bf7e6ef5,3c1dadfd,bdbb65d2,3d7a5cb5,bf7e6ef5,3c1dad82,bdbb65d2,3d7a5ccd,1,42047212

10465,56,83,818,-2916,465,15752,-4143,2357,-3194,bf7e6b89,3c0ec590,bdbb666b,3d7e5b6a,bf7e6b89,3c0ec515,bdbb666b,3d7e5b82,1,42055731

10466,182,96,941,-2436,258,15303,-4143,2357,-3194,bf7e69a4,3c04ace9,bdba9161,3d817fa3,bf7e69a4,3c04ac6f,bdba9161,3d817faf,1,42063749

10467,238,-60,1156,-2480,41,15221,-4197,2383,-3106,bf7e6583,3bf9d655,bdb9f783,3d847a9b,bf7e6583,3bf9d566,bdb9f783,3d847aa7,1,42072267

10468,286,-259,1386,-2751,368,15673,-4129,2383,-3183,bf7e5c7f,3be755bf,bdba9894,3d8801a0,bf7e5c80,3be754d1,bdba9894,3d8801ad,1,42080786

10469,330,-336,1437,-2826,406,15614,-4129,2383,-3183,bf7e51e7,3bd63e33,bdbb9a58,3d8ba20e,bf7e51e8,3bd63d45,bdbb9a58,3d8ba21b,1,42089304

10470,355,-323,1342,-3174,407,15921,-4205,2375,-3110,bf7e4647,3bc68ac3,bdbd224f,3d8ee9b2,bf7e4648,3bc689d6,bdbd224f,3d8ee9bf,1,42097823

10471,314,-200,1190,-3556,991,16246,-4165,2425,-3049,bf7e3b87,3bb56847,bdbe7f91,3d91f04d,bf7e3b87,3bb56759,bdbe7f90,3d91f059,1,42106342

10472,368,90,742,-3257,796,15903,-4165,2425,-3049,bf7e3646,3ba4b775,bdbee354,3d93c90b,bf7e3647,3ba4b688,bdbee353,3d93c917,1,42114860

10473,479,267,514,-3040,444,15801,-4203,2393,-3084,bf7e34b0,3b98096e,bdbe9865,3d94e4d7,bf7e34b0,3b980881,bdbe9863,3d94e4e3,1,42123379

10474,558,306,508,-3139,67,15636,-4195,2395,-3119,bf7e318a,3b914c50,bdbecd1b,3d95fefe,bf7e318b,3b914b66,bdbecd19,3d95ff0c,1,42131897

10475,575,346,615,-3226,360,15832,-4181,2411,-3132,bf7e2e5b,3b8a7358,bdbebf4d,3d976e9d,bf7e2e5b,3b8a726d,bdbebf4a,3d976eab,1,42140416

10476,607,462,653,-2732,79,15568,-4181,2411,-3132,bf7e2f87,3b87f067,bdbd144f,3d99082a,bf7e2f87,3b87ef7f,bdbd144c,3d990838,1,42148935

10477,604,418,697,-2364,-576,15382,-4183,2449,-3053,bf7e300a,3bad789c,bdbb11ae,3d9b2078,bf7e300b,3bad77bb,bdbb11ab,3d9b2087,1,42157453

10478,433,234,789,-2640,-35,15570,-4163,2423,-3039,bf7e2efb,3ba658e9,bdb9b6f7,3d9d3477,bf7e2efc,3ba6580f,bdb9b6f3,3d9d3486,1,42165471

10479,271,122,723,-2731,102,15708,-4163,2423,-3039,bf7e2c52,3b93210b,bdb91b3a,3d9f0fff,bf7e2c53,3b932032,bdb91b36,3d9f100e,1,42173990

10480,210,117,490,-2739,282,15742,-4121,2467,-3110,bf7e2a4b,3b794d4d,bdb88858,3da09af1,bf7e2a4c,3b794b9e,bdb88854,3da09b00,1,42182508

10481,205,118,276,-2874,444,15754,-4175,2493,-3050,bf7e2856,3b477d7e,bdb86181,3da19e16,bf7e2857,3b477bd1,bdb8617d,3da19e26,1,42191027

10482,243,128,202,-2510,-94,15449,-4175,2493,-3050,bf7e296b,3b49b1d7,bdb6df13,3da2e684,bf7e296c,3b49b043,bdb6df0f,3da2e694,1,42199545

10483,239,33,235,-2888,-337,15527,-4165,2439,-3095,bf7e22da,3b662293,bdb804ec,3da42087,bf7e22db,3b66212b,bdb804e7,3da42097,1,42208064

10484,163,-26,414,-2938,-104,15657,-4161,2489,-3113,bf7e1a7e,3b5143e7,bdb8f5c6,3da6515b,bf7e1a7d,3b51429e,bdb8f5c1,3da65169,1,42216583

10485,77,-16,513,-3124,101,15806,-4161,2489,-3113,bf7e125b,3b22074a,bdba20d7,3da829ca,bf7e125b,3b220612,bdba20d4,3da829d9,1,42225101

10486,78,41,586,-3119,8,15706,-4155,2519,-3173,bf7e084d,3b08692d,bdbb4d2c,3daaa9b0,bf7e084d,3b086807,bdbb4d29,3daaa9bf,1,42233620

10487,122,110,680,-2756,-34,15534,-4179,2493,-3131,bf7e0412,3adbaf1b,bdba474a,3dad5a99,bf7e0413,3adbace9,bdba4748,3dad5aa9,1,42242139

10488,152,70,795,-2708,165,15529,-4183,2511,-3111,bf7dfeed,3a903666,bdb980dc,3db011a3,bf7dfeed,3a903439,bdb980d9,3db011b3,1,42250657

10489,173,-18,855,-2533,-204,15315,-4183,2511,-3111,bf7df95f,3abd4081,bdb87dce,3db3195d,bf7df95e,3abd3e6e,bdb87dca,3db3196d,1,42258675

10490,116,-159,1010,-2938,245,15633,-4135,2465,-3168,bf7def0e,3a237f42,bdb95deb,3db5d983,bf7def0e,3a237b22,bdb95de8,3db5d994,1,42267694

10491,117,-203,1018,-2979,214,15786,-4141,2499,-3118,bf7de32c,b91c77cf,bdba5cdc,3db8f557,bf7de32c,b91c8847,bdba5cda,3db8f569,1,42275712

10492,160,-117,895,-3023,280,15838,-4141,2499,-3118,bf7dd8de,ba690d7a,bdbb2c7c,3dbba556,bf7dd8de,ba691194,bdbb2c7a,3dbba568,1,42284231

10493,153,-37,729,-3009,344,15779,-4183,2485,-3061,bf7dd140,badc7065,bdbbb1e9,3dbdab54,bf7dd13f,badc726f,bdbbb1e7,3dbdab64,1,42292749

10494,186,24,468,-2912,299,15700,-4149,2485,-3111,bf7dccb7,bb2028c8,bdbbbcfd,3dbf1a13,bf7dccb8,bb2029cf,bdbbbcfd,3dbf1a24,1,42301268

10495,206,35,349,-2911,4,15598,-4149,2485,-3111,bf7dc6f5,bb3c3909,bdbbdcd2,3dc0db4c,bf7dc6f6,bb3c3a02,bdbbdcd2,3dc0db5d,1,42309787

10496,175,30,265,-3021,271,15718,-4235,2485,-3164,bf7dc30c,bb7053ba,bdbc5228,3dc1a3a8,bf7dc30d,bb7054b4,bdbc5228,3dc1a3b9,1,42318305

10497,182,60,172,-3057,88,15730,-4209,2519,-3035,bf7dbc7c,bb85b33c,bdbd18c0,3dc2feb1,bf7dbc7b,bb85b3b3,bdbd18bf,3dc2fec0,1,42326824

10498,227,134,130,-3020,406,15705,-4209,2519,-3035,bf7dba12,bb9d45ae,bdbd1ee1,3dc3af56,bf7dba13,bb9d4626,bdbd1ee1,3dc3af67,1,42335342

10499,296,177,95,-3106,246,15786,-4225,2583,-3101,bf7db48d,bba29c70,bdbd6564,3dc52f69,bf7db48e,bba29ce5,bdbd6564,3dc52f7a,1,42343861

10500,359,205,118,-3077,-416,15639,-4223,2503,-3093,bf7db12e,bb83b7b8,bdbdd365,3dc5f240,bf7db12f,bb83b82a,bdbdd364,3dc5f251,1,42352379

10501,310,215,235,-3113,-78,15679,-4249,2527,-3056,bf7daa48,bb73bcc8,bdbe9f24,3dc76971,bf7daa47,bb73bd9f,bdbe9f21,3dc76981,1,42360898

10502,294,256,359,-3016,-33,15651,-4249,2527,-3056,bf7da3da,bb6e95f5,bdbea8d1,3dc96a1d,bf7da3da,bb6e96c2,bdbea8d0,3dc96a2d,1,42368916

10503,302,268,429,-2975,-27,15661,-4195,2489,-3049,bf7d9f9a,bb80fa9d,bdbe54e7,3dcb0854,bf7d9f9b,bb80fb01,bdbe54e7,3dcb0864,1,42377435

10504,302,270,455,-2962,-35,15631,-4195,2497,-3142,bf7d9a86,bb856ca3,bdbdf446,3dccf3ba,bf7d9a87,bb856d04,bdbdf446,3dccf3ca,1,42385953

10505,293,262,459,-2933,133,15721,-4195,2497,-3142,bf7d97d2,bb96d97a,bdbd3e16,3dce650a,bf7d97d2,bb96d9da,bdbd3e15,3dce6518,1,42394472

10506,285,259,402,-2919,-154,15670,-4225,2497,-3088,bf7d9416,bb8503cc,bdbca833,3dd01ded,bf7d9416,bb850423,bdbca832,3dd01dfa,1,42402990

10507,237,274,348,-3217,-7,15867,-4173,2481,-3131,bf7d8e34,bb8e8ed7,bdbd892a,3dd115b0,bf7d8e34,bb8e8f2e,bdbd8929,3dd115bd,1,42411509

10508,212,376,287,-2794,2,15623,-4173,2481,-3131,bf7d90cc,bb9b06b5,bdbba2bf,3dd1f979,bf7d90cd,bb9b0707,bdbba2bf,3dd1f986,1,42420028

10509,208,379,241,-2799,-26,15655,-4211,2505,-3189,bf7d928c,bb9fbba4,bdb9b24f,3dd3277f,bf7d928c,bb9fbbf1,bdb9b24e,3dd3278b,1,42428546

10510,184,353,188,-2742,-38,15602,-4199,2517,-3120,bf7d940f,bb9ef88d,bdb7c63a,3dd461a7,bf7d940e,bb9ef8d4,bdb7c63a,3dd461b2,1,42437065

10511,156,315,143,-2768,56,15609,-4199,2517,-3120,bf7d94ad,bbaf1d5a,bdb65d89,3dd55bc2,bf7d94ad,bbaf1da3,bdb65d8a,3dd55bce,1,42445583

10512,147,286,93,-2787,13,15651,-4217,2489,-3112,bf7d9648,bbc46e5b,bdb55e21,3dd5a8d3,bf7d9648,bbc46ea2,bdb55e22,3dd5a8de,1,42454102

10513,151,256,62,-2789,136,15617,-4187,2507,-3135,bf7d9634,bbdb74b3,bdb49c2e,3dd63c4f,bf7d9634,bbdb74f9,bdb49c2f,3dd63c59,1,42462621

10514,189,219,66,-2846,208,15661,-4171,2513,-3122,bf7d9468,bbf1d251,bdb45dc8,3dd6e0ca,bf7d9469,bbf1d297,bdb45dca,3dd6e0d5,1,42471139

10515,233,212,73,-2864,-86,15660,-4171,2513,-3122,bf7d9088,bbdf7e8f,bdb49b00,3dd7e573,bf7d9087,bbdf7ecd,bdb49aff,3dd7e57c,1,42479157

10516,226,213,83,-2985,4,15712,-4175,2485,-3158,bf7d8c3b,bbe65f75,bdb5a30d,3dd84393,bf7d8c3b,bbe65fae,bdb5a30d,3dd8439d,1,42487683

10517,229,246,132,-2952,-10,15661,-4177,2523,-3119,bf7d8681,bbe0328b,bdb64441,3dd96f80,bf7d8681,bbe032c2,bdb64441,3dd96f8a,1,42496201

10518,255,266,183,-2922,-128,15645,-4177,2523,-3119,bf7d81ad,bbcc1c6d,bdb690e9,3ddaaa69,bf7d81ac,bbcc1ca3,bdb690e9,3ddaaa72,1,42504720

10519,219,269,229,-2873,4,15705,-4191,2517,-3039,bf7d7d9f,bbd2e918,bdb65c15,3ddbfba2,bf7d7d9f,bbd2e94d,bdb65c15,3ddbfbac,1,42513239

10520,179,289,198,-2890,-142,15731,-4145,2521,-3093,bf7d7981,bbc075de,bdb640f0,3ddd51de,bf7d7981,bbc07610,bdb640ef,3ddd51e8,1,42521757

10521,169,300,97,-2806,75,15656,-4145,2521,-3093,bf7d78c4,bbd11b65,bdb54a8f,3dde42b0,bf7d78c3,bbd11b96,bdb54a8d,3dde42b8,1,42530276

10522,175,296,43,-2738,-89,15593,-4211,2525,-3114,bf7d797b,bbc653f2,bdb403f6,3ddf2163,bf7d797b,bbc6541f,bdb403f5,3ddf216c,1,42538795

10523,175,286,37,-2808,-39,15658,-4165,2505,-3130,bf7d7854,bbcece2a,bdb3a9db,3ddfb5c2,bf7d7855,bbcece56,bdb3a9dc,3ddfb5cb,1,42547314

10524,166,295,41,-2970,-29,15742,-4165,2505,-3130,bf7d74bc,bbd612f5,bdb474ac,3de01068,bf7d74bc,bbd61320,bdb474ad,3de01071,1,42555832

10525,151,347,33,-2906,-52,15725,-4147,2547,-3173,bf7d70f4,bbcc4117,bdb46c0f,3de13133,bf7d70f4,bbcc4140,bdb46c10,3de1313c,1,42564351

10526,151,363,26,-2801,-17,15678,-4125,2511,-3143,bf7d7061,bbd30400,bdb388e7,3de2098d,bf7d7060,bbd30427,bdb388e7,3de20995,1,42572870

10527,151,367,19,-2833,-175,15651,-4181,2509,-3100,bf7d6f2c,bbc323bd,bdb3798b,3de27aad,bf7d6f2c,bbc323e5,bdb3798d,3de27ab5,1,42580888

10528,78,393,8,-3011,-134,15785,-4181,2509,-3100,bf7d6c81,bbc4e5a3,bdb42628,3de2af78,bf7d6c81,bbc4e5c9,bdb4262a,3de2af80,1,42589406

10529,31,476,-5,-2538,92,15586,-4133,2515,-3180,bf7d724a,bbd4b4d8,bdb1ab72,3de2f7e0,bf7d724b,bbd4b4fd,bdb1ab75,3de2f7e9,1,42597925

10530,62,420,6,-2694,-2,15647,-4139,2515,-3164,bf7d7493,bbdebb31,bdafe251,3de3ae68,bf7d7493,bbdebb53,bdafe252,3de3ae70,1,42606443

10531,73,389,13,-2956,202,15795,-4139,2515,-3164,bf7d7319,bbf73ae3,bdafff2f,3de3e856,bf7d731a,bbf73b07,bdafff30,3de3e85f,1,42614962

10532,106,443,-17,-2714,167,15692,-4201,2533,-3177,bf7d74f2,bc0747ac,bdaea392,3de4553a,bf7d74f3,bc0747bc,bdaea392,3de45543,1,42623481

10533,155,477,-26,-2547,54,15604,-4147,2517,-3146,bf7d79e8,bc07e321,bdac3562,3de4cc41,bf7d79e7,bc07e330,bdac3560,3de4cc48,1,42632000

10534,182,434,-25,-2546,-15,15585,-4147,2517,-3146,bf7d7d93,bc02d26d,bdaa2426,3de55fc7,bf7d7d92,bc02d27a,bdaa2425,3de55fce,1,42640518

10535,170,379,-29,-2407,-57,15504,-4141,2487,-3166,bf7d83dd,bc002193,bda7d778,3de55a6f,bf7d83de,bc0021a1,bda7d778,3de55a77,1,42649037

10536,151,292,-36,-2620,-13,15656,-4213,2549,-3183,bf7d81dc,bbf692d7,bda761ae,3de64879,bf7d81dd,bbf692f3,bda761ad,3de64881,1,42657556

10537,134,254,-36,-2647,43,15691,-4213,2549,-3183,bf7d7ecf,bbfbbbbb,bda74b51,3de72989,bf7d7ed0,bbfbbbd9,bda74b50,3de72991,1,42666074

10538,144,258,-36,-2573,-5,15642,-4135,2515,-3139,bf7d7eb9,bbfb5037,bda66fd1,3de7ce51,bf7d7eb9,bbfb5055,bda66fcf,3de7ce58,1,42674593

10539,144,235,-21,-2622,-50,15673,-4135,2533,-3166,bf7d7be9,bbeecb08,bda6663e,3de8a69e,bf7d7be9,bbeecb27,bda6663d,3de8a6a4,1,42682611

10540,126,208,-9,-2654,-31,15680,-4119,2539,-3099,bf7d77ce,bbe801ca,bda6b18f,3de995c1,bf7d77ce,bbe801e8,bda6b18f,3de995c7,1,42691129

10541,108,204,-10,-2696,47,15673,-4119,2539,-3099,bf7d7344,bbf16d57,bda744f7,3dea5d7d,bf7d7343,bbf16d70,bda744f8,3dea5d81,1,42699648

10542,101,207,-18,-2749,124,15703,-4101,2571,-3183,bf7d6ddf,bbf8bfa2,bda7c228,3deb714e,bf7d6ddf,bbf8bfbb,bda7c22a,3deb7153,1,42708166

10543,128,234,-30,-2642,60,15708,-4097,2485,-3123,bf7d6ed6,bc089811,bda7a5b1,3deb27da,bf7d6ed5,bc08981d,bda7a5b3,3deb27de,1,42716685

10544,152,247,-20,-2749,-9,15735,-4097,2485,-3123,bf7d6cb2,bc0cbdd3,bda891f0,3deb08bf,bf7d6cb2,bc0cbddf,bda891f3,3deb08c4,1,42725203

10545,142,270,-21,-2800,-4,15773,-4141,2535,-3160,bf7d6890,bc0ade66,bda95621,3deb9d07,bf7d6891,bc0ade71,bda95625,3deb9d0d,1,42733722

10546,134,322,-27,-2629,58,15661,-4099,2513,-3160,bf7d6846,bc0fe90e,bda880e9,3dec3da9,bf7d6846,bc0fe918,bda880ec,3dec3dae,1,42742241

10547,143,334,-24,-2621,67,15702,-4099,2513,-3160,bf7d6820,bc149419,bda79971,3dece0c7,bf7d6820,bc149423,bda79973,3dece0cc,1,42750759

10548,151,333,-26,-2521,111,15642,-4077,2529,-3170,bf7d6969,bc162b48,bda5e878,3dedb4f4,bf7d6969,bc162b52,bda5e87a,3dedb4f8,1,42759278

10549,178,309,-29,-2508,-3,15639,-4093,2539,-3170,bf7d69b8,bc0e46f2,bda4b0c0,3dee8c0e,bf7d69b9,bc0e46fc,bda4b0c4,3dee8c13,1,42767797

10550,163,284,-22,-2514,13,15653,-4093,2539,-3170,bf7d6926,bc0897f6,bda39dc7,3def7c85,bf7d6927,bc089800,bda39dcb,3def7c8a,1,42775815

10551,160,254,-14,-2502,29,15644,-4147,2499,-3240,bf7d6c42,bc1137bd,bda2a421,3def3ffb,bf7d6c41,bc1137c4,bda2a422,3def3fff,1,42784333

10552,164,227,-12,-2557,-43,15681,-4151,2541,-3236,bf7d69df,bc08f1c4,bda28da2,3df0043f,bf7d69df,bc08f1cc,bda28da4,3df00444,1,42792852

10553,147,209,-6,-2561,35,15698,-4123,2537,-3167,bf7d66a5,bc096df2,bda27d3d,3df0e7d7,bf7d66a4,bc096dfb,bda27d3e,3df0e7db,1,42801371

10554,143,198,-6,-2688,35,15744,-4123,2537,-3167,bf7d620c,bc0b52aa,bda375bd,3df17091,bf7d620c,bc0b52b4,bda375bf,3df17096,1,42809889

10555,136,226,-18,-2585,192,15706,-4133,2529,-3173,bf7d617a,bc180822,bda338b3,3df1a18a,bf7d617a,bc18082c,bda338b5,3df1a18f,1,42818408

10556,164,246,-18,-2484,156,15672,-4143,2509,-3203,bf7d63fb,bc2346cc,bda23011,3df18e1f,bf7d63fb,bc2346d5,bda23012,3df18e24,1,42826926

10557,210,220,-22,-2491,16,15621,-4143,2509,-3203,bf7d654e,bc1fd06e,bda16958,3df1c3d5,bf7d654d,bc1fd078,bda16957,3df1c3d9,1,42835445

10558,220,200,-31,-2450,27,15618,-4169,2541,-3264,bf7d6571,bc19325a,bda06989,3df275f2,bf7d6571,bc193264,bda06989,3df275f7,1,42843964

10559,193,151,-39,-2389,54,15603,-4137,2553,-3205,bf7d65a9,bc14e88c,bd9f3a80,3df33903,bf7d65a9,bc14e896,bd9f3a80,3df33908,1,42852483

10560,190,103,-56,-2560,38,15702,-4137,2553,-3205,bf7d6117,bc11bd0e,bd9feade,3df3fd86,bf7d6116,bc11bd19,bd9feadd,3df3fd8a,1,42861001

10561,188,86,-67,-2577,82,15691,-4113,2507,-3200,bf7d5f55,bc1aa757,bda0cd68,3df3c7c5,bf7d5f54,bc1aa75f,bda0cd68,3df3c7c9,1,42869520

10562,204,104,-63,-2613,110,15697,-4133,2515,-3162,bf7d5d1c,bc22d8da,bda1bbf2,3df3a898,bf7d5d1c,bc22d8e2,bda1bbf2,3df3a89d,1,42878039

10563,231,119,-43,-2585,58,15689,-4133,2515,-3162,bf7d5a8d,bc259a12,bda28a10,3df3c20e,bf7d5a8c,bc259a1b,bda28a0f,3df3c212,1,42886056

10564,230,122,-34,-2605,6,15687,-4131,2477,-3085,bf7d5b20,bc2a4666,bda37ade,3df2ed90,bf7d5b20,bc2a466f,bda37adf,3df2ed95,1,42894575

10565,232,138,-34,-2594,58,15700,-4123,2513,-3194,bf7d5893,bc2a137c,bda3fadb,3df34204,bf7d5892,bc2a1385,bda3fadc,3df34208,1,42903094

10566,238,143,-51,-2564,22,15687,-4155,2437,-3116,bf7d5cd6,bc3246e3,bda420bb,3df1f428,bf7d5cd5,bc3246ec,bda420bc,3df1f42c,1,42911612

10567,232,136,-67,-2515,-11,15693,-4155,2437,-3116,bf7d632f,bc380adf,bda3dab3,3df06774,bf7d6330,bc380ae9,bda3dab6,3df0677a,1,42920131

10568,218,128,-70,-2610,46,15718,-4165,2525,-3202,bf7d606a,bc31bd2a,bda4593c,3df0dedf,bf7d606b,bc31bd33,bda4593f,3df0dee5,1,42928649

10569,222,130,-51,-2490,211,15679,-4105,2493,-3198,bf7d62ce,bc3bc6b4,bda37e09,3df0b4a8,bf7d62cd,bc3bc6bb,bda37e0a,3df0b4ac,1,42937168

10570,260,129,-50,-2500,-1,15698,-4105,2493,-3198,bf7d6479,bc311171,bda2d3dd,3df0d7d4,bf7d6479,bc311179,bda2d3de,3df0d7d9,1,42945687

10571,266,109,-59,-2295,-9,15516,-4123,2553,-3180,bf7d65fe,bc276890,bda1b64a,3df14dab,bf7d65fd,bc276897,bda1b64a,3df14daf,1,42954205

10572,258,33,-56,-2561,-22,15682,-4143,2513,-3102,bf7d63a8,bc1f923f,bda28e52,3df16e59,bf7d63a8,bc1f9248,bda28e53,3df16e5e,1,42962724

10573,250,3,-46,-2523,-70,15655,-4143,2513,-3102,bf7d62a7,bc14e993,bda2eb92,3df18e87,bf7d62a7,bc14e99d,bda2eb94,3df18e8d,1,42971242

10574,229,-11,-32,-2542,8,15648,-4117,2501,-3177,bf7d6188,bc175182,bda3732a,3df17821,bf7d6187,bc17518d,bda3732b,3df17826,1,42979761

10575,229,-28,-23,-2711,74,15782,-4117,2487,-3131,bf7d5eb4,bc1ed232,bda4f3a8,3df11d22,bf7d5eb5,bc1ed23e,bda4f3aa,3df11d29,1,42987779

10576,245,-6,-16,-2618,-22,15687,-4117,2487,-3131,bf7d5d14,bc1e5193,bda6243f,3df0ba72,bf7d5d13,bc1e519e,bda62440,3df0ba77,1,42996298

10577,242,6,-7,-2623,12,15703,-4149,2479,-3165,bf7d5d6d,bc24aedc,bda6f679,3df00062,bf7d5d6d,bc24aee8,bda6f67b,3df00068,1,43004816

10578,241,11,6,-2681,-52,15739,-4097,2509,-3145,bf7d5952,bc1bb8db,bda7fb32,3df077da,bf7d5952,bc1bb8e7,bda7fb34,3df077e0,1,43013335

10579,235,36,16,-2670,-5,15720,-4099,2475,-3117,bf7d587e,bc202168,bda8f3fc,3deff56c,bf7d587f,bc202176,bda8f3fe,3deff573,1,43021854

10580,221,53,12,-2653,-6,15714,-4099,2475,-3117,bf7d58f1,bc2390fb,bda97cb8,3def6d16,bf7d58f1,bc239108,bda97cb9,3def6d1c,1,43030372

10581,219,76,4,-2658,-79,15736,-4135,2485,-3078,bf7d5953,bc1bfe6d,bda9f23f,3def144a,bf7d5953,bc1bfe79,bda9f240,3def1450,1,43038891

10582,200,91,0,-2697,-2,15718,-4169,2481,-3101,bf7d59d1,bc22753a,bdaaa9f3,3dee5e78,bf7d59d1,bc227546,bdaaa9f4,3dee5e7f,1,43047410

10583,188,107,0,-2673,26,15720,-4169,2481,-3101,bf7d5ba3,bc2a6213,bdaad7f9,3dedab50,bf7d5ba3,bc2a621f,bdaad7fa,3dedab56,1,43055928

10584,190,127,0,-2645,-14,15709,-4145,2547,-3139,bf7d597f,bc20fe89,bdaa8a8d,3dee8e94,bf7d597f,bc20fe94,bdaa8a8d,3dee8e99,1,43064447

10585,198,139,5,-2644,-12,15664,-4139,2505,-3131,bf7d5915,bc1c612f,bdaa4df9,3deee231,bf7d5915,bc1c613a,bdaa4df9,3deee236,1,43072966

10586,176,151,6,-2577,-25,15661,-4139,2505,-3131,bf7d5b54,bc17e7d3,bda92db2,3def2240,bf7d5b53,bc17e7dd,bda92db2,3def2244,1,43080984

10587,150,146,-4,-2588,6,15646,-4125,2485,-3125,bf7d5eb0,bc1e2ecb,bda8727c,3deeb22b,bf7d5eb0,bc1e2ed6,bda8727f,3deeb22e,1,43089502

10588,139,138,-4,-2562,47,15634,-4157,2531,-3157,bf7d5e73,bc1d2033,bda77bed,3def724c,bf7d5e73,bc1d203d,bda77bef,3def724f,1,43098021

10589,147,134,-3,-2582,-19,15657,-4157,2531,-3157,bf7d5d0e,bc165fd0,bda71649,3df028c8,bf7d5d0e,bc165fd9,bda7164b,3df028cb,1,43106540

10590,143,117,-3,-2558,6,15645,-4139,2539,-3132,bf7d5b83,bc11d704,bda67d0f,3df10629,bf7d5b82,bc11d70b,bda67d11,3df1062a,1,43115058

10591,150,105,5,-2621,66,15694,-4111,2509,-3153,bf7d59c1,bc1a9cd6,bda6b8b6,3df13d3b,bf7d59c0,bc1a9cdd,bda6b8b7,3df13d3c,1,43123577

10592,155,97,-1,-2652,123,15709,-4185,2551,-3163,bf7d55bf,bc213c0e,bda70f7c,3df1fd0a,bf7d55bf,bc213c15,bda70f7e,3df1fd0c,1,43132096

10593,189,104,5,-2659,-11,15694,-4185,2551,-3163,bf7d51a6,bc1a5a66,bda79016,3df2c857,bf7d51a6,bc1a5a6c,bda79017,3df2c859,1,43140615

10594,196,125,17,-2645,14,15719,-4151,2521,-3109,bf7d4f4e,bc1b2bc3,bda7edb9,3df32208,bf7d4f4f,bc1b2bca,bda7edbb,3df3220b,1,43149133

10595,193,133,27,-2634,25,15692,-4169,2527,-3135,bf7d4d3b,bc1ca656,bda80beb,3df3938e,bf7d4d3b,bc1ca65d,bda80bec,3df39390,1,43157652

10596,198,148,34,-2638,109,15713,-4169,2527,-3135,bf7d4c15,bc25c069,bda7f373,3df3d8ae,bf7d4c16,bc25c071,bda7f374,3df3d8b1,1,43166170

10597,225,156,24,-2623,-21,15695,-4135,2527,-3091,bf7d4a27,bc1d7678,bda7e04d,3df47c0b,bf7d4a27,bc1d767e,bda7e04e,3df47c0d,1,43174689

10598,212,159,20,-2641,-204,15657,-4141,2499,-3071,bf7d49bc,bc116982,bda84866,3df46def,bf7d49bb,bc116988,bda84866,3df46df0,1,43183208

10599,154,162,25,-2756,-240,15685,-4141,2499,-3071,bf7d4789,bc0968af,bda94755,3df46227,bf7d4789,bc0968b6,bda94755,3df46229,1,43191226

10600,97,199,23,-2961,-209,15914,-4181,2491,-3149,bf7d44c8,bc08c6f6,bdaa9823,3df4303b,bf7d44c8,bc08c6fd,bdaa9823,3df4303d,1,43199744

10601,38,303,14,-2526,81,15637,-4123,2473,-3217,bf7d49c1,bc15f70e,bda93420,3df3bec5,bf7d49c2,bc15f717,bda93420,3df3bec8,1,43208263

10602,46,294,8,-2247,389,15509,-4123,2473,-3217,bf7d4e63,bc227cb4,bda7918b,3df38bc5,bf7d4e62,bc227cbc,bda7918a,3df38bc6,1,43216782

10603,121,201,9,-2332,5,15530,-4147,2483,-3134,bf7d5452,bc24eb5b,bda5b20a,3df34202,bf7d5452,bc24eb64,bda5b20a,3df34204,1,43225300

10604,130,110,15,-2541,-47,15676,-4137,2519,-3130,bf7d5407,bc1cf094,bda53e5e,3df3b929,bf7d5408,bc1cf09d,bda53e5e,3df3b92c,1,43233819

10605,119,67,17,-2624,-84,15737,-4121,2499,-3070,bf7d5253,bc17ef72,bda61694,3df3a48d,bf7d5252,bc17ef79,bda61691,3df3a48e,1,43242338

10606,87,57,33,-2688,21,15708,-4121,2499,-3070,bf7d4f70,bc1fd034,bda74341,3df3827a,bf7d4f71,bc1fd03a,bda7433f,3df3827d,1,43250856

10607,82,71,32,-2651,67,15736,-4137,2503,-3128,bf7d4e06,bc2aa363,bda7bd77,3df36f38,bf7d4e05,bc2aa365,bda7bd74,3df36f39,1,43259375

10608,95,81,40,-2637,246,15683,-4145,2521,-3180,bf7d4c83,bc38cf0b,bda7ba2b,3df3ace2,bf7d4c83,bc38cf0d,bda7ba29,3df3ace4,1,43267894

10609,153,116,48,-2621,47,15717,-4145,2521,-3180,bf7d4a38,bc347939,bda79387,3df46cc5,bf7d4a38,bc34793b,bda79386,3df46cc7,1,43276412

10610,176,132,42,-2633,19,15726,-4153,2537,-3110,bf7d473b,bc2d5fd0,bda795d7,3df5454f,bf7d473c,bc2d5fd4,bda795d7,3df54552,1,43284931

10611,155,146,40,-2571,15,15656,-4187,2453,-3138,bf7d4bab,bc36aaf0,bda751bd,3df432e2,bf7d4bab,bc36aaf3,bda751bd,3df432e4,1,43293449

10612,138,141,34,-2569,-3,15652,-4187,2453,-3138,bf7d50af,bc3e33c6,bda71056,3df2fadf,bf7d50af,bc3e33c8,bda71056,3df2fae1,1,43301467

10613,116,116,25,-2548,110,15657,-4111,2479,-3117,bf7d53c2,bc47ca0d,bda63e37,3df29f3c,bf7d53c2,bc47ca0e,bda63e37,3df29f3e,1,43309986

10614,132,92,5,-2591,87,15666,-4179,2535,-3195,bf7d5124,bc430ef4,bda61675,3df37874,bf7d5124,bc430ef5,bda61675,3df37876,1,43318504

10615,136,78,-6,-2578,33,15655,-4179,2535,-3195,bf7d4f1e,bc3b755f,bda5fb8d,3df428e0,bf7d4f1e,bc3b7560,bda5fb8d,3df428e2,1,43327023

10616,135,73,-10,-2580,1,15635,-4129,2509,-3177,bf7d4dd3,bc3419ed,bda611a1,3df485e3,bf7d4dd2,bc3419ed,bda611a1,3df485e4,1,43335541

10617,116,52,-5,-2657,12,15722,-4177,2505,-3216,bf7d4b6a,bc34aaed,bda72701,3df4672d,bf7d4b6a,bc34aaef,bda72702,3df4672f,1,43344060

10618,104,67,-7,-2707,70,15767,-4143,2493,-3127,bf7d497a,bc3cbfc1,bda837c1,3df41412,bf7d497a,bc3cbfc5,bda837c2,3df41413,1,43352579

10619,103,90,1,-2688,108,15717,-4143,2493,-3127,bf7d4847,bc46ba59,bda8e3bf,3df3cd2d,bf7d4846,bc46ba5d,bda8e3bf,3df3cd2d,1,43361097

10620,127,119,12,-2704,141,15729,-4127,2505,-3077,bf7d45b6,bc4e8fac,bda975f4,3df3f885,bf7d45b5,bc4e8fad,bda975f5,3df3f885,1,43369616

10621,147,145,24,-2649,61,15690,-4169,2493,-3157,bf7d46c8,bc4ea6e5,bda96a87,3df3b8ca,bf7d46c8,bc4ea6e6,bda96a89,3df3b8cb,1,43378134

10622,149,159,22,-2597,12,15677,-4169,2493,-3157,bf7d4996,bc479e63,bda8a75c,3df39ceb,bf7d4997,bc479e66,bda8a75e,3df39ced,1,43386653

10623,128,153,16,-2609,-1,15674,-4099,2441,-3215,bf7d4ea4,bc4ab734,bda8735d,3df265b0,bf7d4ea4,bc4ab735,bda8735e,3df265b1,1,43395172

10624,96,166,2,-2571,93,15671,-4111,2501,-3037,bf7d507f,bc4ae126,bda74907,3df2b75a,bf7d507f,bc4ae128,bda74908,3df2b75b,1,43403190

10625,93,150,-11,-2514,181,15638,-4111,2501,-3037,bf7d5329,bc5337c8,bda5f613,3df2d1ca,bf7d5329,bc5337c9,bda5f614,3df2d1cb,1,43411708

10626,118,111,-15,-2552,102,15641,-4169,2469,-3128,bf7d5782,bc5bf149,bda58863,3df1dab4,bf7d5782,bc5bf149,bda58864,3df1dab5,1,43420227

10627,130,93,-19,-2603,150,15663,-4149,2517,-3179,bf7d5491,bc5a8349,bda59b56,3df297d9,bf7d5492,bc5a834a,bda59b57,3df297db,1,43428746

10628,126,76,-19,-2617,83,15709,-4149,2517,-3179,bf7d51d6,bc53d706,bda5e3d3,3df33473,bf7d51d5,bc53d705,bda5e3d3,3df33473,1,43437264

10629,148,81,-14,-2644,85,15705,-4155,2447,-3094,bf7d53d5,bc5c752e,bda68efe,3df21b2c,bf7d53d5,bc5c752f,bda68eff,3df21b2d,1,43445783

10630,135,84,-9,-2686,174,15724,-4163,2457,-3115,bf7d543a,bc678066,bda74209,3df15bb7,bf7d543a,bc678068,bda74209,3df15bb8,1,43454302

10631,158,112,1,-2667,108,15714,-4163,2457,-3115,bf7d5595,bc6d11a4,bda7f784,3df06c85,bf7d5596,bc6d11a8,bda7f785,3df06c87,1,43462820

10632,171,133,5,-2607,79,15694,-4197,2459,-3145,bf7d5a9c,bc6d56cc,bda7ba7f,3def427e,bf7d5a9c,bc6d56ce,bda7ba7f,3def427f,1,43471339

10633,171,133,-1,-2638,152,15719,-4173,2523,-3136,bf7d5824,bc66cbcc,bda79276,3df01f00,bf7d5823,bc66cbce,bda79275,3df01f00,1,43479858

10634,179,123,-18,-2582,70,15657,-4145,2505,-3045,bf7d5843,bc5d3410,bda7222d,3df088df,bf7d5843,bc5d3413,bda7222d,3df088e0,1,43488376

10635,182,119,-26,-2538,23,15640,-4145,2505,-3045,bf7d5968,bc52d7a8,bda67e71,3df0d26d,bf7d5967,bc52d7ab,bda67e70,3df0d26d,1,43496394

10636,145,88,-30,-2589,135,15659,-4135,2489,-3214,bf7d59cd,bc579f06,bda638d4,3df0d769,bf7d59cd,bc579f0a,bda638d4,3df0d76a,1,43504913

10637,133,64,-36,-2569,120,15639,-4127,2453,-3141,bf7d5d6e,bc613244,bda618b2,3defd582,bf7d5d6e,bc613248,bda618b2,3defd583,1,43513431

10638,130,54,-45,-2666,153,15703,-4127,2453,-3141,bf7d5d8d,bc6ab0aa,bda6fb77,3def0b20,bf7d5d8d,bc6ab0af,bda6fb77,3def0b21,1,43521950

10639,158,49,-33,-2705,170,15723,-4163,2535,-3129,bf7d588b,bc664752,bda7bfc6,3defe61f,bf7d588b,bc664756,bda7bfc6,3defe620,1,43530469

10640,181,77,-7,-2676,101,15699,-4167,2535,-3130,bf7d54d0,bc5dcf47,bda8287e,3df0b882,bf7d54cf,bc5dcf4a,bda8287d,3df0b882,1,43538987

10641,187,99,1,-2717,16,15734,-4167,2535,-3130,bf7d5155,bc53c273,bda8bae0,3df1606f,bf7d5155,bc53c277,bda8bae0,3df16070,1,43547506

10642,168,128,17,-2705,84,15740,-4117,2495,-3182,bf7d4e0c,bc503b95,bda97102,3df1c980,bf7d4e0c,bc503b98,bda97102,3df1c981,1,43556025

10643,169,150,18,-2677,107,15691,-4215,2531,-3113,bf7d4b3b,bc4e1ab9,bda9993f,3df27143,bf7d4b3a,bc4e1abb,bda9993e,3df27143,1,43564543

10644,180,164,20,-2665,133,15698,-4215,2531,-3113,bf7d4944,bc4fc429,bda97227,3df30a46,bf7d4944,bc4fc42c,bda97227,3df30a47,1,43573062

10645,179,171,22,-2644,81,15701,-4159,2533,-3148,bf7d4737,bc487d3b,bda913ca,3df3eced,bf7d4737,bc487d3e,bda913ca,3df3ecee,1,43581580

10646,167,172,9,-2608,81,15665,-4151,2451,-3100,bf7d4bb6,bc51be10,bda8bb2f,3df2dfba,bf7d4bb7,bc51be14,bda8bb30,3df2dfbc,1,43590099

10647,148,163,-3,-2608,96,15677,-4161,2539,-3198,bf7d4a32,bc4b0d66,bda8222e,3df3c519,bf7d4a33,bc4b0d6a,bda8222f,3df3c51b,1,43598617

10648,135,159,-11,-2489,111,15603,-4161,2539,-3198,bf7d4b7c,bc4786a9,bda6be50,3df46f08,bf7d4b7d,bc4786ae,bda6be51,3df46f09,1,43606635

10649,138,131,-18,-2538,120,15628,-4169,2493,-3215,bf7d4f09,bc4f887e,bda5c813,3df41035,bf7d4f09,bc4f8882,bda5c813,3df41035,1,43615154

10650,139,92,-17,-2599,122,15662,-4149,2545,-3030,bf7d4ba3,bc4be049,bda5bf99,3df503fd,bf7d4ba3,bc4be04c,bda5bf99,3df503fd,1,43623673

10651,142,78,-13,-2620,92,15672,-4149,2545,-3030,bf7d47be,bc471cb4,bda6061e,3df5e4b5,bf7d47be,bc471cb7,bda6061e,3df5e4b5,1,43632191

10652,133,71,-17,-2657,168,15702,-4141,2499,-3075,bf7d4698,bc5247bf,bda6a5a7,3df59f6e,bf7d4698,bc5247c1,bda6a5a7,3df59f6e,1,43640710

10653,132,75,-10,-2682,209,15711,-4135,2493,-3158,bf7d4506,bc5df30f,bda74b98,3df56d79,bf7d4505,bc5df312,bda74b97,3df56d78,1,43649229

10654,155,79,-14,-2729,159,15740,-4135,2493,-3158,bf7d4203,bc63ed08,bda8720d,3df55516,bf7d4202,bc63ed09,bda8720c,3df55515,1,43657747

10655,179,116,1,-2692,132,15706,-4133,2479,-3148,bf7d4140,bc68cfce,bda93264,3df4f068,bf7d413f,bc68cfcc,bda93264,3df4f067,1,43666266

10656,188,137,9,-2686,111,15709,-4177,2517,-3089,bf7d3edc,bc634fcd,bda98888,3df5679d,bf7d3edc,bc634fcd,bda9888a,3df5679d,1,43674785

10657,182,152,9,-2660,167,15698,-4177,2517,-3089,bf7d3de3,bc6646cc,bda94b41,3df5c710,bf7d3de2,bc6646cc,bda94b42,3df5c710,1,43683303

10658,191,154,5,-2612,62,15664,-4157,2511,-3109,bf7d3e50,bc5cb7a2,bda8c653,3df6292b,bf7d3e51,bc5cb7a5,bda8c656,3df6292d,1,43691822

10659,187,149,4,-2656,204,15699,-4123,2527,-3191,bf7d3b67,bc5ee7f7,bda880f0,3df71032,bf7d3b67,bc5ee7fa,bda880f1,3df71033,1,43700340

10660,206,162,8,-2622,106,15681,-4139,2509,-3068,bf7d3b98,bc5b090c,bda81027,3df75e68,bf7d3b98,bc5b0910,bda81027,3df75e69,1,43708358

10661,197,159,5,-2562,58,15632,-4139,2509,-3068,bf7d3d6a,bc534387,bda72aa3,3df79d78,bf7d3d6a,bc534389,bda72aa3,3df79d79,1,43716877

10662,176,136,6,-2584,192,15657,-4127,2509,-3152,bf7d3de8,bc5bc2cf,bda686c7,3df7ce1b,bf7d3de7,bc5bc2d0,bda686c6,3df7ce1b,1,43725396

10663,179,106,-4,-2613,66,15683,-4137,2525,-3135,bf7d3bc8,bc5335b4,bda695db,3df86c76,bf7d3bc8,bc5335b7,bda695dc,3df86c76,1,43733914

10664,176,105,-9,-2608,61,15663,-4137,2525,-3135,bf7d39c5,bc4bbf32,bda6a24c,3df90023,bf7d39c5,bc4bbf35,bda6a24c,3df90023,1,43742433

10665,152,102,-12,-2647,216,15701,-4105,2457,-3132,bf7d3b09,bc589175,bda6e07f,3df858b7,bf7d3b09,bc589178,bda6e07f,3df858b7,1,43750952

10666,171,105,-9,-2655,142,15708,-4143,2533,-3123,bf7d373c,bc5760a6,bda73ac1,3df917b1,bf7d373c,bc5760a9,bda73ac0,3df917b1,1,43759470

10667,184,107,-3,-2636,53,15680,-4143,2533,-3123,bf7d349f,bc4ecc41,bda76d33,3df9bcd9,bf7d349e,bc4ecc43,bda76d32,3df9bcd8,1,43767989

10668,177,103,0,-2657,117,15701,-4119,2525,-3055,bf7d3167,bc4f5087,bda7d134,3dfa48a4,bf7d3168,bc4f508b,bda7d135,3dfa48a5,1,43776508

10669,166,108,4,-2622,132,15678,-4199,2503,-3108,bf7d3346,bc594e60,bda7cbe5,3df9b119,bf7d3346,bc594e63,bda7cbe5,3df9b119,1,43785026

10670,167,125,4,-2625,76,15657,-4199,2503,-3108,bf7d352e,bc5b75d4,bda7f0d8,3df914a9,bf7d352d,bc5b75d5,bda7f0d7,3df914a9,1,43793545

10671,157,124,10,-2634,113,15684,-4175,2489,-3122,bf7d3744,bc62f703,bda80ca4,3df85eff,bf7d3743,bc62f705,bda80ca3,3df85f00,1,43802064

10672,145,104,5,-2626,74,15692,-4187,2527,-3123,bf7d3604,bc5ba14d,bda7f6a8,3df8d9d5,bf7d3603,bc5ba150,bda7f6a7,3df8d9d6,1,43810082

10673,135,98,2,-2677,211,15707,-4139,2561,-3152,bf7d3101,bc5bf14d,bda818b7,3dfa073c,bf7d3101,bc5bf150,bda818b7,3dfa073e,1,43818600

10674,147,117,1,-2643,192,15692,-4139,2561,-3152,bf7d2d1b,bc5a74c8,bda7dbc4,3dfb3166,bf7d2d1b,bc5a74cb,bda7dbc5,3dfb3168,1,43827119

10675,176,118,-4,-2648,111,15706,-4139,2523,-3146,bf7d2ae4,bc5813b6,bda7fd89,3dfbb188,bf7d2ae4,bc5813ba,bda7fd8a,3dfbb18a,1,43835637

10676,178,119,-4,-2669,123,15708,-4165,2501,-3170,bf7d2adc,bc5f1743,bda87aa9,3dfb478e,bf7d2add,bc5f1747,bda87aab,3dfb4791,1,43844156

10677,172,130,-8,-2633,173,15676,-4165,2501,-3170,bf7d2c44,bc68c719,bda84afa,3dfae9cf,bf7d2c43,bc68c71b,bda84afa,3dfae9d0,1,43852675

10678,174,128,-11,-2629,193,15686,-4107,2509,-3079,bf7d2bfb,bc6e731f,bda7e73d,3dfb29c5,bf7d2bfa,bc6e7322,bda7e73e,3dfb29c6,1,43861193

10679,187,131,-7,-2655,103,15688,-4133,2491,-3171,bf7d2c00,bc6c2120,bda85636,3dfae710,bf7d2c00,bc6c2124,bda85637,3dfae712,1,43869712

10680,189,131,2,-2656,141,15695,-4133,2491,-3171,bf7d2c61,bc6fd3e5,bda88f72,3dfa9a1f,bf7d2c60,bc6fd3e8,bda88f72,3dfa9a20,1,43878230

10681,196,142,0,-2622,114,15672,-4117,2541,-3116,bf7d2a73,bc66baa2,bda83503,3dfb7555,bf7d2a74,bc66baa7,bda83504,3dfb7558,1,43886749

10682,177,140,9,-2654,94,15677,-4159,2491,-3119,bf7d2bc2,bc68bfac,bda89953,3dfad5fa,bf7d2bc2,bc68bfb1,bda89954,3dfad5fc,1,43895268

10683,163,139,10,-2650,94,15679,-4159,2491,-3119,bf7d2d6a,bc69de8d,bda8d160,3dfa410b,bf7d2d6a,bc69de92,bda8d161,3dfa410d,1,43903286

10684,165,141,12,-2655,173,15681,-4123,2493,-3053,bf7d2e22,bc71ee0c,bda8d1e1,3df9f3ab,bf7d2e21,bc71ee11,bda8d1e2,3df9f3ac,1,43911804

10685,157,135,0,-2633,136,15687,-4177,2525,-3176,bf7d2d30,bc6cb433,bda86fe4,3dfa867f,bf7d2d2f,bc6cb437,bda86fe4,3dfa8680,1,43920323

10686,168,148,2,-2716,146,15739,-4161,2565,-3083,bf7d28c6,bc669637,bda8bc9e,3dfb86d0,bf7d28c6,bc66963b,bda8bc9e,3dfb86d2,1,43928841

10687,172,175,3,-2557,126,15628,-4161,2565,-3083,bf7d2810,bc5f8e5d,bda7ca6f,3dfc6f66,bf7d2811,bc5f8e61,bda7ca6f,3dfc6f69,1,43937360

10688,170,158,0,-2591,201,15644,-4095,2565,-3184,bf7d2573,bc5bd23a,bda7148e,3dfd9c96,bf7d2573,bc5bd23e,bda7148d,3dfd9c98,1,43945879

10689,182,129,-1,-2601,112,15667,-4171,2499,-3117,bf7d285e,bc62a54c,bda6e958,3dfce61f,bf7d285f,bc62a551,bda6e958,3dfce622,1,43954397

10690,173,105,1,-2618,144,15688,-4171,2499,-3117,bf7d2a1b,bc6ae177,bda6faa1,3dfc4d31,bf7d2a1b,bc6ae17b,bda6faa1,3dfc4d33,1,43962916

10691,184,104,3,-2638,152,15684,-4147,2513,-3119,bf7d28b3,bc6ce0d2,bda7431c,3dfc6fc4,bf7d28b3,bc6ce0d7,bda7431d,3dfc6fc6,1,43971434

10692,188,104,3,-2668,132,15688,-4119,2541,-3181,bf7d24b3,bc65cd22,bda79937,3dfd5176,bf7d24b2,bc65cd26,bda79938,3dfd5177,1,43979953

10693,186,113,5,-2662,126,15701,-4119,2541,-3181,bf7d20f4,bc5f67e7,bda7ce3c,3dfe3453,bf7d20f3,bc5f67ea,bda7ce3d,3dfe3454,1,43988472

10694,178,124,1,-2661,93,15691,-4159,2491,-3085,bf7d2278,bc650e59,bda85688,3dfd651f,bf7d2278,bc650e5e,bda85689,3dfd6521,1,43996990

10695,167,127,4,-2630,130,15690,-4095,2513,-3072,bf7d21a5,bc63b175,bda80944,3dfdd21d,bf7d21a4,bc63b17a,bda80943,3dfdd21e,1,44005509

10696,161,130,4,-2623,171,15685,-4095,2513,-3072,bf7d2131,bc68893f,bda7a255,3dfe2193,bf7d2131,bc688945,bda7a255,3dfe2195,1,44013527

10697,169,133,-8,-2583,83,15653,-4133,2459,-3146,bf7d26c3,bc6ebc09,bda74bfe,3dfcdf60,bf7d26c3,bc6ebc0f,bda74bfe,3dfcdf62,1,44022046

10698,152,118,-6,-2638,166,15676,-4131,2509,-3139,bf7d25a5,bc722c9a,bda76e71,3dfd0315,bf7d25a4,bc722c9e,bda76e71,3dfd0316,1,44030564

10699,136,110,-9,-2585,69,15655,-4189,2543,-3198,bf7d24cd,bc68e899,bda714fe,3dfd96e0,bf7d24cd,bc68e89e,bda714ff,3dfd96e2,1,44039083

10700,109,102,-11,-2608,117,15659,-4189,2543,-3198,bf7d22e8,bc641866,bda6e4ad,3dfe40cb,bf7d22e8,bc64186b,bda6e4ae,3dfe40cd,1,44047602

10701,105,87,-8,-2648,158,15700,-4123,2505,-3159,bf7d21b8,bc6bdf05,bda750bb,3dfe292b,bf7d21b7,bc6bdf0b,bda750ba,3dfe292c,1,44056120

10702,103,87,-2,-2678,141,15693,-4151,2523,-3100,bf7d1e8d,bc6d791e,bda80eb5,3dfe6fd8,bf7d1e8c,bc6d7922,bda80eb5,3dfe6fd9,1,44064639

10703,107,89,0,-2689,161,15733,-4151,2523,-3100,bf7d1ba6,bc7115df,bda8a96e,3dfeb442,bf7d1ba6,bc7115e3,bda8a970,3dfeb444,1,44073158

10704,101,104,-5,-2715,151,15734,-4211,2505,-3118,bf7d1b63,bc795536,bda9719e,3dfe20c1,bf7d1b62,bc795538,bda971a0,3dfe20c2,1,44081676

10705,107,125,-14,-2646,229,15672,-4161,2519,-3067,bf7d1bc0,bc815239,bda90996,3dfe2919,bf7d1bc0,bc81523a,bda90999,3dfe291b,1,44090195

10706,110,129,-21,-2584,208,15656,-4161,2519,-3067,bf7d1e1e,bc830a4d,bda7deb2,3dfe4a54,bf7d1e1d,bc830a4d,bda7deb4,3dfe4a54,1,44098713

10707,119,111,-19,-2633,213,15694,-4149,2529,-3085,bf7d1c83,bc8320d4,bda78d80,3dfee546,bf7d1c84,bc8320d5,bda78d83,3dfee548,1,44107232

10708,139,102,-10,-2636,95,15684,-4155,2541,-3138,bf7d1a7f,bc7cc1fa,bda796b8,3dff85b7,bf7d1a7f,bc7cc1fb,bda796ba,3dff85b8,1,44115751

10709,132,98,-6,-2671,202,15702,-4155,2541,-3138,bf7d169b,bc7c5e2c,bda7e2af,3e0025b1,bf7d169b,bc7c5e2d,bda7e2b0,3e0025b2,1,44123769

10710,148,100,-7,-2617,237,15679,-4131,2517,-3131,bf7d1699,bc8200df,bda76a57,3e003e29,bf7d1699,bc8200e0,bda76a58,3e003e2a,1,44132287

10711,160,103,-5,-2631,244,15675,-4151,2501,-3120,bf7d178c,bc87265f,bda75d48,3e000f00,bf7d178b,bc87265f,bda75d49,3e000f00,1,44140806

10712,182,109,-9,-2659,204,15680,-4141,2445,-3055,bf7d1a78,bc8bddc3,bda7b7aa,3dff014e,bf7d1a78,bc8bddc5,bda7b7ab,3dff014f,1,44149324

10713,191,108,-6,-2657,192,15709,-4141,2445,-3055,bf7d1df7,bc8fd352,bda807ce,3dfdca6d,bf7d1df8,bc8fd353,bda807d0,3dfdca6f,1,44157843

10714,198,112,5,-2661,209,15686,-4129,2491,-3103,bf7d1dc2,bc8ef320,bda853db,3dfdad0a,bf7d1dc2,bc8ef322,bda853da,3dfdad0a,1,44166362

10715,205,115,10,-2643,167,15693,-4135,2525,-3167,bf7d1bff,bc89c9a4,bda832d4,3dfe60b7,bf7d1c00,bc89c9a5,bda832d3,3dfe60b8,1,44174880

10716,204,110,5,-2655,147,15691,-4135,2525,-3167,bf7d19e4,bc84c9fe,bda842e8,3dff0683,bf7d19e5,bc84c9ff,bda842e7,3dff0684,1,44183399

10717,203,104,-2,-2583,120,15655,-4137,2519,-3102,bf7d1a7c,bc7ff2ec,bda7aad0,3dff6c68,bf7d1a7d,bc7ff2ec,bda7aacf,3dff6c69,1,44191918

10718,190,87,-5,-2602,192,15648,-4111,2505,-3146,bf7d1b0f,bc80af35,bda72775,3dff986c,bf7d1b0f,bc80af34,bda72773,3dff986c,1,44200436

10719,179,66,-9,-2630,102,15654,-4111,2505,-3146,bf7d19d8,bc78daac,bda779d4,3dffd12b,bf7d19d7,bc78daa9,bda779d1,3dffd12a,1,44208955

10720,166,54,-7,-2707,130,15715,-4125,2499,-3104,bf7d178a,bc79bb10,bda8a955,3dff97e7,bf7d178a,bc79bb0d,bda8a952,3dff97e7,1,44217473

10721,146,65,-8,-2716,160,15715,-4109,2517,-3039,bf7d13ea,bc79bb1b,bda98d0c,3dffe75b,bf7d13e9,bc79bb18,bda98d0a,3dffe75a,1,44225491

10722,141,75,-2,-2732,207,15733,-4109,2517,-3039,bf7d108a,bc7f26df,bdaa4c76,3e001425,bf7d1089,bc7f26dd,bdaa4c73,3e001424,1,44234010

10723,156,105,1,-2716,221,15717,-4189,2519,-3152,bf7d0f4b,bc83a151,bdaaad55,3e000ae5,bf7d0f4b,bc83a14f,bdaaad54,3e000ae4,1,44242529

10724,166,118,-1,-2680,193,15704,-4153,2477,-3126,bf7d1238,bc882676,bdaaa7eb,3dff39ff,bf7d1238,bc882674,bdaaa7ea,3dff39fd,1,44251047

10725,180,123,6,-2646,230,15674,-4197,2511,-3180,bf7d144d,bc8abd44,bda9edc7,3dff1c01,bf7d144c,bc8abd41,bda9edc6,3dff1bfe,1,44259566

10726,195,128,8,-2668,227,15689,-4197,2511,-3180,bf7d14f8,bc8c6909,bda9af34,3dff0c95,bf7d14f8,bc8c6906,bda9af34,3dff0c93,1,44268084

10727,204,123,5,-2626,175,15658,-4195,2483,-3124,bf7d1a24,bc8da2e1,bda92ee8,3dfe0e0d,bf7d1a24,bc8da2de,bda92ee8,3dfe0e0c,1,44276603

10728,208,112,7,-2644,223,15667,-4179,2475,-3145,bf7d1d92,bc9137cb,bda90d59,3dfd28d0,bf7d1d92,bc9137c9,bda90d59,3dfd28cf,1,44285122

10729,220,103,11,-2730,141,15737,-4179,2475,-3145,bf7d1d92,bc8f4fda,bdaa190f,3dfc868c,bf7d1d93,bc8f4fd9,bdaa190f,3dfc868c,1,44293640

10730,203,117,7,-2677,145,15691,-4141,2477,-3104,bf7d1f9c,bc8c2610,bdaa4799,3dfc00e3,bf7d1f9c,bc8c260f,bdaa479a,3dfc00e2,1,44302159

10731,196,135,4,-2680,225,15696,-4221,2503,-3153,bf7d2108,bc8e4009,bdaa2dcc,3dfba3eb,bf7d2108,bc8e4009,bdaa2dcc,3dfba3ea,1,44310678

10732,196,137,4,-2650,73,15677,-4221,2503,-3153,bf7d225c,bc884070,bdaa0953,3dfb9c77,bf7d225c,bc88406f,bdaa0953,3dfb9c76,1,44318696

10733,181,137,2,-2670,104,15690,-4169,2529,-3164,bf7d20fb,bc82d596,bda9f2dc,3dfc31ad,bf7d20fc,bc82d595,bda9f2dd,3dfc31ad,1,44327214

10734,151,128,9,-2652,159,15687,-4169,2529,-3121,bf7d1fc4,bc7f517c,bda99236,3dfcdb04,bf7d1fc3,bc7f5178,bda99236,3dfcdb02,1,44335733

10735,154,121,11,-2695,201,15694,-4169,2529,-3121,bf7d1caf,bc7ff589,bda9d067,3dfd73e7,bf7d1caf,bc7ff586,bda9d067,3dfd73e6,1,44344252

10736,160,124,15,-2675,258,15689,-4165,2527,-3083,bf7d1b26,bc83be1b,bda9a004,3dfdd763,bf7d1b26,bc83be1a,bda9a005,3dfdd762,1,44352770

10737,180,121,5,-2630,192,15659,-4157,2479,-3104,bf7d1f01,bc879794,bda93b63,3dfd03b2,bf7d1f01,bc879793,bda93b64,3dfd03b1,1,44361289

10738,179,114,-4,-2648,256,15687,-4175,2469,-3164,bf7d21bf,bc8cfc73,bda91ba1,3dfc39f0,bf7d21bf,bc8cfc72,bda91ba2,3dfc39ef,1,44369807

10739,193,109,-12,-2636,105,15678,-4175,2469,-3164,bf7d2602,bc899403,bda91156,3dfb4cd8,bf7d2602,bc899402,bda91156,3dfb4cd7,1,44378326

10740,181,103,-12,-2674,211,15692,-4175,2477,-3119,bf7d2807,bc8d2b96,bda95bef,3dfa781b,bf7d2807,bc8d2b95,bda95bef,3dfa781a,1,44386844

10741,187,112,-6,-2670,175,15677,-4113,2479,-3159,bf7d2835,bc8a7028,bda98b63,3dfa64d8,bf7d2835,bc8a7027,bda98b63,3dfa64d7,1,44395363

10742,193,111,1,-2618,236,15639,-4113,2479,-3159,bf7d2ad1,bc8c9598,bda8c1eb,3dfa312d,bf7d2ad0,bc8c9597,bda8c1eb,3dfa312b,1,44403881

10743,208,94,-4,-2703,161,15694,-4175,2477,-3164,bf7d2abc,bc8ba34e,bda9b037,3df99d47,bf7d2abc,bc8ba34e,bda9b039,3df99d48,1,44412400

10744,207,90,1,-2722,147,15715,-4131,2561,-3097,bf7d2729,bc867c1e,bda9eff5,3dfa86aa,bf7d2729,bc867c1d,bda9eff6,3dfa86ab,1,44420919

10745,205,109,9,-2692,130,15692,-4131,2561,-3097,bf7d240a,bc814a29,bda9fb27,3dfb746c,bf7d240a,bc814a29,bda9fb28,3dfb746d,1,44428937

10746,190,115,12,-2659,158,15676,-4187,2481,-3200,bf7d2705,bc83ab2d,bda9efa4,3dfaa80f,bf7d2705,bc83ab2e,bda9efa4,3dfaa810,1,44437456

10747,180,104,5,-2653,207,15663,-4143,2517,-3150,bf7d2589,bc825f99,bda98fb3,3dfb536d,bf7d2589,bc825f9a,bda98fb3,3dfb536e,1,44445974

10748,190,95,8,-2676,157,15673,-4143,2517,-3150,bf7d2320,bc7e0f72,bda9bb44,3dfbec99,bf7d2320,bc7e0f74,bda9bb44,3dfbec9a,1,44454493

10749,189,92,8,-2691,200,15677,-4195,2475,-3174,bf7d2497,bc83d8a6,bdaa1f5c,3dfb234b,bf7d2498,bc83d8a7,bdaa1f5d,3dfb234d,1,44463011

10750,191,96,12,-2664,168,15686,-4169,2497,-3138,bf7d25a7,bc838a6f,bdaa034e,3dfaf3f3,bf7d25a6,bc838a6f,bdaa034c,3dfaf3f3,1,44471530

10751,191,89,5,-2663,207,15667,-4185,2511,-3156,bf7d2552,bc8493a5,bda9dac4,3dfb1c6c,bf7d2552,bc8493a5,bda9dac3,3dfb1c6d,1,44480049

10752,189,83,2,-2645,221,15674,-4185,2511,-3156,bf7d25cd,bc8623f3,bda96518,3dfb3f9c,bf7d25cc,bc8623f4,bda96517,3dfb3f9c,1,44488567

10753,207,71,2,-2661,131,15673,-4167,2513,-3143,bf7d2486,bc817c3f,bda98b9d,3dfb9ecd,bf7d2487,bc817c41,bda98b9d,3dfb9ecf,1,44497086

10754,200,60,1,-2743,144,15703,-4199,2477,-3087,bf7d249a,bc83dd6e,bdaaa7a5,3dfac5c9,bf7d2499,bc83dd6f,bdaaa7a4,3dfac5c9,1,44505604

10755,184,76,-2,-2745,156,15679,-4199,2477,-3087,bf7d24f7,bc866b2a,bdaba257,3df9ed13,bf7d24f6,bc866b2c,bdaba256,3df9ed13,1,44514123

10756,191,96,5,-2756,216,15721,-4147,2475,-3071,bf7d24eb,bc8a2a34,bdac54ac,3df9547d,bf7d24eb,bc8a2a35,bdac54ac,3df9547e,1,44522642

10757,208,120,12,-2700,201,15685,-4203,2511,-3060,bf7d253e,bc8930ff,bdac151f,3df973f2,bf7d253f,bc893101,bdac151f,3df973f4,1,44530660

10758,217,129,-1,-2680,187,15675,-4203,2511,-3060,bf7d267f,bc8761f5,bdab99d9,3df9870d,bf7d2680,bc8761f7,bdab99d8,3df9870f,1,44539178

10759,209,124,-9,-2652,196,15675,-4189,2493,-3100,bf7d2a40,bc887e70,bdaad382,3df911b0,bf7d2a40,bc887e71,bdaad381,3df911b1,1,44547697

10760,212,113,-11,-2632,141,15658,-4155,2529,-3100,bf7d29ae,bc83585b,bdaa59b3,3df9b672,bf7d29af,bc83585d,bdaa59b4,3df9b674,1,44556216

10761,206,94,-14,-2723,187,15714,-4155,2529,-3100,bf7d260e,bc80a384,bdaac567,3dfa6e61,bf7d260f,bc80a385,bdaac568,3dfa6e63,1,44564734

10762,203,92,-7,-2694,123,15696,-4199,2523,-3081,bf7d24b1,bc79a6d4,bdaafe1c,3dfabe8a,bf7d24b0,bc79a6d3,bdaafe1b,3dfabe8a,1,44573253

10763,213,94,1,-2653,178,15652,-4167,2499,-3126,bf7d26a8,bc7df32b,bdaa90a0,3dfa78cf,bf7d26a9,bc7df32d,bdaa90a1,3dfa78d1,1,44581772

10764,215,75,3,-2672,134,15676,-4167,2499,-3126,bf7d273b,bc7a7339,bdaaa68e,3dfa52d1,bf7d273a,bc7a7337,bdaaa68f,3dfa52d0,1,44590290

10765,200,71,0,-2665,131,15658,-4169,2495,-3134,bf7d289c,bc792476,bdaaac1c,3df9fb23,bf7d289c,bc792475,bdaaac1e,3df9fb23,1,44598809

10766,192,60,-3,-2685,176,15668,-4217,2499,-3057,bf7d2a05,bc80478a,bdaaf89b,3df94cfb,bf7d2a05,bc80478a,bdaaf89d,3df94cfb,1,44607328

10767,193,54,0,-2674,109,15655,-4193,2565,-3149,bf7d2727,bc76943c,bdab01bd,3dfa2984,bf7d2728,bc76943d,bdab01c0,3dfa2985,1,44615847

10768,181,42,4,-2713,157,15709,-4193,2565,-3149,bf7d22eb,bc6fb249,bdab3f55,3dfb2b87,bf7d22ea,bc6fb248,bdab3f56,3dfb2b87,1,44623865

10769,172,47,4,-2708,128,15689,-4171,2507,-3082,bf7d21fc,bc7109fb,bdabcc09,3dfb0287,bf7d21fc,bc7109fb,bdabcc0a,3dfb0288,1,44632383

10770,166,47,-3,-2730,205,15705,-4179,2481,-3094,bf7d22c6,bc7c1c34,bdac435c,3dfa51fc,bf7d22c6,bc7c1c34,bdac435d,3dfa51fd,1,44640902

10771,177,44,-9,-2737,214,15699,-4179,2481,-3094,bf7d237c,bc833566,bdacc1c3,3df9a244,bf7d237b,bc833565,bdacc1c3,3df9a244,1,44649420

10772,187,43,-17,-2734,162,15687,-4181,2545,-3099,bf7d200f,bc7eff06,bdad02f1,3dfa720a,bf7d2010,bc7eff07,bdad02f2,3dfa720c,1,44657939

10773,190,55,-16,-2721,197,15656,-4169,2517,-3134,bf7d1e2c,bc802df0,bdad23f1,3dfacfa9,bf7d1e2b,bc802def,bdad23f1,3dfacfa9,1,44666458

10774,192,49,-9,-2733,160,15687,-4169,2517,-3134,bf7d1bf9,bc7cc487,bdad6f29,3dfb37f8,bf7d1bfa,bc7cc487,bdad6f2b,3dfb37fa,1,44674976

10775,211,58,-7,-2751,163,15687,-4141,2553,-3170,bf7d1801,bc74f3bf,bdada5ac,3dfc30cc,bf7d1801,bc74f3be,bdada5ad,3dfc30cd,1,44683495

10776,206,56,0,-2789,176,15719,-4171,2501,-3130,bf7d165f,bc7b2bb3,bdae82fc,3dfbe87a,bf7d165e,bc7b2bb3,bdae82fc,3dfbe87a,1,44692014

10777,211,68,-4,-2786,184,15720,-4171,2501,-3130,bf7d153d,bc806ec0,bdaf27e3,3dfba7f4,bf7d153d,bc806ec0,bdaf27e5,3dfba7f5,1,44700532

10778,219,91,-10,-2724,199,15654,-4109,2481,-3127,bf7d173f,bc83b775,bdaed2f2,3dfb4686,bf7d173e,bc83b775,bdaed2f2,3dfb4686,1,44709051

10779,251,92,-14,-2763,244,15702,-4159,2529,-3233,bf7d1446,bc83358b,bdaec555,3dfc136d,bf7d1445,bc83358b,bdaec555,3dfc136d,1,44717570

10780,283,101,-18,-2742,11,15674,-4165,2491,-3121,bf7d1524,bc7924b3,bdaf0d26,3dfbdfb5,bf7d1524,bc7924b4,bdaf0d27,3dfbdfb6,1,44726088

10781,259,101,-10,-2702,31,15660,-4165,2491,-3121,bf7d17ea,bc6e164b,bdaec83e,3dfb87f9,bf7d17eb,bc6e164c,bdaec83e,3dfb87fb,1,44734106

10782,219,98,-12,-2735,252,15686,-4187,2515,-3170,bf7d1840,bc7824a8,bdae9233,3dfb7134,bf7d183f,bc7824a7,bdae9232,3dfb7134,1,44742625

10783,210,98,-31,-2744,124,15680,-4145,2495,-3042,bf7d1979,bc78071f,bdaec628,3dfafeb1,bf7d1978,bc780720,bdaec626,3dfafeb2,1,44751143

10784,201,104,-55,-2779,81,15673,-4145,2495,-3042,bf7d1937,bc734959,bdaf7d83,3dfaa15f,bf7d1936,bc73495c,bdaf7d82,3dfaa160,1,44759662

10785,180,108,-77,-2799,247,15735,-4177,2497,-3077,bf7d1a0f,bc7e9c65,bdafbf50,3dfa0fc8,bf7d1a0f,bc7e9c69,bdafbf4f,3dfa0fca,1,44768181

10786,192,115,-89,-2710,79,15655,-4189,2513,-3057,bf7d1c49,bc759a2b,bdaf43dc,3df9fa2b,bf7d1c4a,bc759a30,bdaf43db,3df9fa2e,1,44776699

10787,185,125,-91,-2751,160,15668,-4189,2513,-3057,bf7d1d43,bc78a386,bdaf398c,3df9b645,bf7d1d43,bc78a38a,bdaf398b,3df9b646,1,44785218

10788,197,124,-86,-2757,280,15720,-4177,2503,-3201,bf7d1e66,bc81d29f,bdaf03e7,3df9656a,bf7d1e66,bc81d2a1,bdaf03e6,3df9656b,1,44793736

10789,216,129,-70,-2691,-8,15586,-4175,2519,-3058,bf7d1f35,bc76e4be,bdaed053,3df98895,bf7d1f34,bc76e4c1,bdaed051,3df98894,1,44802255

10790,180,105,-61,-2787,333,15748,-4175,2519,-3058,bf7d1eba,bc816c6b,bdaee0c3,3df96bdf,bf7d1ebb,bc816c6d,bdaee0c3,3df96be0,1,44810774

10791,212,112,-49,-2474,-74,15574,-4169,2481,-3040,bf7d23a7,bc78c439,bdadbb6f,3df921c8,bf7d23a7,bc78c43c,bdadbb6e,3df921c8,1,44819292

10792,213,42,-9,-2761,207,15667,-4157,2513,-3116,bf7d20c0,bc7caf6b,bdae4a91,3df96adf,bf7d20c0,bc7caf6d,bdae4a91,3df96adf,1,44827811

10793,197,27,-9,-2916,119,15780,-4125,2529,-3123,bf7d1b3e,bc772415,bdafa0e5,3df9f68c,bf7d1b3e,bc772416,bdafa0e5,3df9f68c,1,44836330

10794,211,98,-21,-2793,226,15725,-4125,2529,-3123,bf7d17aa,bc781e09,bdafc16b,3dfac328,bf7d17a9,bc781e0a,bdafc16a,3dfac327,1,44844348

10795,230,112,-15,-2902,190,15723,-4145,2517,-3112,bf7d134e,bc797d36,bdb0f4a1,3dfaff77,bf7d134d,bc797d36,bdb0f4a0,3dfaff76,1,44852866

10796,249,130,-22,-2820,190,15725,-4149,2477,-3129,bf7d1461,bc80ac81,bdb154bc,3dfa5624,bf7d1461,bc80ac81,bdb154bc,3dfa5624,1,44861385

10797,272,182,-21,-2843,272,15744,-4149,2477,-3129,bf7d154f,bc8553a1,bdb1826f,3df9d274,bf7d154f,bc8553a1,bdb1826f,3df9d274,1,44869903

10798,307,207,-18,-2737,93,15665,-4155,2479,-3124,bf7d1a00,bc80685b,bdb0bb4d,3df958e6,bf7d1a00,bc80685b,bdb0bb4d,3df958e6,1,44878422

10799,300,211,-11,-2661,47,15621,-4175,2541,-3149,bf7d1b1b,bc738748,bdafdc0c,3df9e400,bf7d1b1c,bc73874a,bdafdc0c,3df9e401,1,44886941

10800,277,185,-6,-2707,115,15671,-4175,2541,-3149,bf7d1aed,bc698155,bdaf1bc5,3dfa9ca0,bf7d1aee,bc698157,bdaf1bc5,3dfa9ca1,1,44895459

10801,270,162,-7,-2633,-50,15629,-4095,2473,-3088,bf7d1f0e,bc5cd88e,bdae45ac,3dfa54f1,bf7d1f0e,bc5cd88e,bdae45ad,3dfa54f1,1,44903978

10802,230,126,-11,-2728,69,15666,-4177,2471,-3187,bf7d227d,bc62255d,bdae76b8,3df9411e,bf7d227d,bc62255e,bdae76b8,3df9411e,1,44912497

10803,195,110,-12,-2702,58,15650,-4177,2471,-3187,bf7d2729,bc6515be,bdae4e22,3df82284,bf7d272a,bc6515bf,bdae4e24,3df82285,1,44921015

10804,187,91,-16,-2707,103,15675,-4197,2495,-3105,bf7d2a47,bc6893a6,bdae0ede,3df775f6,bf7d2a48,bc6893a5,bdae0ede,3df775f7,1,44929534

10805,177,62,-1,-2718,67,15690,-4147,2557,-3126,bf7d2778,bc5f12e8,bdae06d5,3df85666,bf7d2779,bc5f12e7,bdae06d5,3df85667,1,44938052

10806,178,43,16,-2777,61,15706,-4173,2541,-3120,bf7d2357,bc576dbc,bdae9fc1,3df912d0,bf7d2357,bc576dba,bdae9fbf,3df912d0,1,44946071

10807,177,54,14,-2816,89,15718,-4173,2541,-3120,bf7d1e5f,bc53b92e,bdaf8107,3df9c41e,bf7d1e5f,bc53b92d,bdaf8105,3df9c41e,1,44954589

10808,164,76,18,-2814,93,15723,-4087,2497,-3125,bf7d1b24,bc55fb33,bdb062c2,3df9ef0e,bf7d1b23,bc55fb31,bdb062c0,3df9ef0d,1,44963108

10809,159,101,22,-2783,94,15713,-4165,2467,-3036,bf7d1d7a,bc5f8e9e,bdb0ae03,3df9007e,bf7d1d7b,bc5f8e9d,bdb0ae04,3df9007f,1,44971626

10810,155,110,20,-2733,74,15662,-4165,2467,-3036,bf7d21e7,bc66a71d,bdb07ac7,3df7ea5a,bf7d21e7,bc66a71b,bdb07ac8,3df7ea5a,1,44980145

10811,153,103,24,-2720,162,15646,-4127,2523,-3086,bf7d20d7,bc663107,bdafc13d,3df8b508,bf7d20d6,bc663105,bdafc13d,3df8b507,1,44988664

10812,153,97,30,-2576,126,15565,-4161,2519,-3093,bf7d23a4,bc649feb,bdae4989,3df90ca8,bf7d23a4,bc649fea,bdae4989,3df90ca8,1,44997182

10813,166,45,22,-2670,174,15625,-4161,2519,-3093,bf7d2406,bc6912b2,bdad8d14,3df966e9,bf7d2406,bc6912b2,bdad8d14,3df966e9,1,45005701

10814,172,2,10,-2798,207,15725,-4183,2521,-3094,bf7d2062,bc70ec61,bdae7d1e,3df98def,bf7d2062,bc70ec61,bdae7d1e,3df98def,1,45014220

10815,193,10,-11,-2757,140,15667,-4207,2503,-3129,bf7d1fee,bc754ff5,bdaf2580,3df923fa,bf7d1fee,bc754ff5,bdaf2580,3df923fa,1,45022738

10816,203,10,-26,-2851,92,15721,-4207,2503,-3129,bf7d1cf9,bc739216,bdb0993c,3df8e4e3,bf7d1cfa,bc739217,bdb0993d,3df8e4e4,1,45031257

10817,201,26,-30,-2904,1,15736,-4177,2469,-3085,bf7d1b7c,bc709c6a,bdb22330,3df83816,bf7d1b7c,bc709c69,bdb22330,3df83816,1,45039776

10818,167,62,-21,-2935,114,15778,-4155,2481,-3102,bf7d1903,bc743e78,bdb383e0,3df7cd2b,bf7d1903,bc743e79,bdb383e0,3df7cd2b,1,45047794

10819,158,114,-12,-2925,72,15770,-4125,2495,-3064,bf7d15f0,bc701323,bdb48d88,3df7e555,bf7d15f1,bc701325,bdb48d89,3df7e556,1,45056312

10820,160,149,-6,-2825,9,15657,-4125,2495,-3064,bf7d15dd,bc661247,bdb4921d,3df80cdd,bf7d15de,bc661248,bdb4921d,3df80cde,1,45064831

10821,135,166,5,-2905,-99,15795,-4193,2541,-3158,bf7d13d2,bc5b4bc2,bdb4cf70,3df88ca0,bf7d13d1,bc5b4bc1,bdb4cf6f,3df88c9f,1,45073349

10822,60,207,-2,-3225,99,15966,-4157,2483,-3046,bf7d10d9,bc619287,bdb6097d,3df8528e,bf7d10d8,bc619286,bdb6097c,3df8528d,1,45081868

10823,46,354,-11,-2903,164,15712,-4157,2483,-3046,bf7d12ed,bc6dc6c8,bdb5c93f,3df7cc20,bf7d12ee,bc6dc6c7,bdb5c941,3df7cc21,1,45090387

10824,56,418,-2,-2630,300,15564,-4147,2519,-3099,bf7d180c,bc75b530,bdb38310,3df806fd,bf7d180c,bc75b52e,bdb38311,3df806fd,1,45098905

10825,93,382,1,-2187,-211,15293,-4199,2513,-3126,bf7d1d9e,bc6e5581,bdb17ccb,3df82d4c,bf7d1d9e,bc6e557f,bdb17ccc,3df82d4c,1,45107424

10826,-11,161,-41,-2430,65,15521,-4199,2513,-3126,bf7d228a,bc6e344c,bdafb5b0,3df82fd5,bf7d228a,bc6e344a,bdafb5b1,3df82fd4,1,45115942

10827,-30,-3,-55,-2830,610,15767,-4199,2477,-3145,bf7d2255,bc803cd1,bdaffc2d,3df7c2ea,bf7d2255,bc803cd0,bdaffc2e,3df7c2e9,1,45124461

10828,111,47,8,-2731,226,15666,-4191,2451,-3103,bf7d2506,bc86709f,bdaff3e8,3df6e373,bf7d2506,bc86709e,bdaff3e9,3df6e372,1,45132980

10829,185,81,41,-2589,-151,15587,-4191,2451,-3103,bf7d2865,bc80648e,bdaf706a,3df69753,bf7d2866,bc80648e,bdaf706c,3df69753,1,45140998

10830,80,9,58,-3063,173,15877,-4137,2501,-3131,bf7d2213,bc81cf40,bdb1329e,3df6e8bd,bf7d2212,bc81cf3e,bdb1329e,3df6e8bb,1,45149516

10831,-29,-17,28,-2898,584,15741,-4191,2479,-3120,bf7d202f,bc8aca06,bdb1afa4,3df6bd0c,bf7d202f,bc8aca04,bdb1afa5,3df6bd0b,1,45158035

10832,85,62,29,-2850,180,15657,-4161,2459,-3170,bf7d1f31,bc8e0a91,bdb2abbb,3df62a2c,bf7d1f31,bc8e0a8f,bdb2abbc,3df62a2b,1,45166554

10833,124,84,33,-2890,238,15720,-4161,2459,-3170,bf7d1de1,bc926462,bdb38b29,3df5b523,bf7d1ddf,bc92645f,bdb38b29,3df5b520,1,45175072

10834,155,109,39,-2819,209,15688,-4197,2429,-3102,bf7d2144,bc96c5e1,bdb3a095,3df49b3f,bf7d2144,bc96c5df,bdb3a097,3df49b3e,1,45183591

10835,158,124,39,-2779,227,15671,-4155,2485,-3196,bf7d2202,bc93fa35,bdb2d139,3df51ccd,bf7d2203,bc93fa35,bdb2d13c,3df51ccd,1,45192109

10836,153,125,22,-2748,191,15675,-4155,2485,-3196,bf7d2394,bc9066ac,bdb1eb2f,3df57eeb,bf7d2394,bc9066ac,bdb1eb30,3df57eea,1,45200628

10837,150,117,13,-2773,310,15672,-4149,2437,-3161,bf7d2616,bc966456,bdb1afa5,3df4ca79,bf7d2617,bc966456,bdb1afa7,3df4ca79,1,45209147

10838,165,122,2,-2773,216,15667,-4175,2505,-3111,bf7d255b,bc9297d6,bdb14bc8,3df567c6,bf7d255c,bc9297d6,bdb14bc9,3df567c5,1,45217665

10839,170,113,0,-2781,181,15658,-4175,2505,-3111,bf7d242e,bc8e4cd7,bdb1324e,3df5f035,bf7d242e,bc8e4cd6,bdb1324f,3df5f033,1,45226184

10840,162,104,1,-2755,145,15660,-4177,2509,-3150,bf7d238f,bc8988e9,bdb0e93a,3df678f1,bf7d238f,bc8988e8,bdb0e93b,3df678ef,1,45234703

10841,165,108,9,-2781,258,15681,-4211,2533,-3188,bf7d20ce,bc892014,bdb0a187,3df764e5,bf7d20ce,bc892013,bdb0a188,3df764e3,1,45243221

10842,180,100,8,-2775,148,15660,-4211,2533,-3188,bf7d1e8d,bc8492e4,bdb09eff,3df82151,bf7d1e8d,bc8492e2,bdb09f00,3df8214f,1,45251239

10843,176,107,13,-2834,255,15698,-4155,2449,-3145,bf7d1f3b,bc8a0daa,bdb1145f,3df7717a,bf7d1f3c,bc8a0da9,bdb1145f,3df77179,1,45259758

10844,185,112,15,-2761,84,15658,-4153,2431,-3200,bf7d242d,bc89a61a,bdb12ff7,3df61c7e,bf7d242e,bc89a619,bdb12ff8,3df61c7d,1,45268276

10845,161,111,20,-2798,180,15671,-4151,2497,-3125,bf7d2243,bc875721,bdb1582f,3df691bf,bf7d2242,bc87571e,bdb1582e,3df691bc,1,45276795

10846,156,113,18,-2764,179,15660,-4151,2497,-3125,bf7d220b,bc85816b,bdb0f28c,3df6f95c,bf7d220b,bc858168,bdb0f28c,3df6f95a,1,45285313

10847,160,115,20,-2765,218,15668,-4187,2479,-3139,bf7d240a,bc89df71,bdb0bb46,3df67778,bf7d240a,bc89df6e,bdb0bb47,3df67777,1,45293832

10848,168,104,23,-2777,289,15663,-4161,2455,-3145,bf7d2586,bc8fb38a,bdb0bca9,3df5df7c,bf7d2587,bc8fb387,bdb0bcab,3df5df7c,1,45302351

10849,177,98,6,-2762,254,15662,-4161,2455,-3145,bf7d2829,bc9457d6,bdb098b5,3df51f11,bf7d282a,bc9457d3,bdb098b7,3df51f11,1,45310869

10850,206,90,-1,-2784,217,15671,-4199,2461,-3109,bf7d2ab7,bc967008,bdb0dfbc,3df42deb,bf7d2ab8,bc967006,bdb0dfbe,3df42deb,1,45319388

10851,206,88,1,-2801,155,15679,-4201,2475,-3053,bf7d2b6d,bc929eb7,bdb16027,3df3c6f7,bf7d2b6d,bc929eb3,bdb16027,3df3c6f6,1,45327906

10852,197,90,6,-2864,162,15710,-4201,2475,-3053,bf7d2a27,bc90e770,bdb2722e,3df363fe,bf7d2a26,bc90e76b,bdb2722d,3df363fc,1,45336425

10853,192,110,8,-2812,140,15696,-4221,2457,-3179,bf7d2d16,bc8f5a6e,bdb2c131,3df274b9,bf7d2d16,bc8f5a6c,bdb2c131,3df274b8,1,45344944

10854,182,124,12,-2817,261,15698,-4179,2451,-3115,bf7d2f3e,bc94257f,bdb2c45c,3df1b404,bf7d2f3d,bc94257c,bdb2c45a,3df1b403,1,45352962

10855,193,127,13,-2803,179,15685,-4179,2451,-3115,bf7d32ca,bc9372c7,bdb2bc6a,3df0d25d,bf7d32ca,bc9372c6,bdb2bc68,3df0d25d,1,45361480

10856,199,133,16,-2817,229,15687,-4201,2455,-3090,bf7d3567,bc9623c1,bdb2d2db,3deff6de,bf7d3567,bc9623c0,bdb2d2da,3deff6de,1,45369999

10857,208,142,25,-2765,150,15649,-4163,2443,-3201,bf7d3976,bc91e782,bdb24778,3def7617,bf7d3977,bc91e782,bdb24779,3def7618,1,45378518

10858,196,134,26,-2780,181,15665,-4211,2457,-3158,bf7d3d25,bc90df04,bdb1fecd,3deebcfe,bf7d3d26,bc90df04,bdb1fecd,3deebcff,1,45387036

10859,191,129,26,-2765,103,15650,-4211,2457,-3158,bf7d3fdf,bc8bc7c9,bdb1d016,3dee5700,bf7d3fdf,bc8bc7c8,bdb1d015,3dee5700,1,45395555

10860,176,117,32,-2797,164,15682,-4149,2439,-3143,bf7d4269,bc8c64f3,bdb206a1,3ded7b78,bf7d426a,bc8c64f3,bdb206a0,3ded7b79,1,45404073

10861,172,117,28,-2819,281,15700,-4219,2429,-3106,bf7d4451,bc91da59,bdb22eef,3deca623,bf7d4452,bc91da59,bdb22eed,3deca624,1,45412592

10862,183,126,25,-2783,165,15655,-4219,2429,-3106,bf7d48e6,bc9335d9,bdb2331f,3deb5ac7,bf7d48e6,bc9335d8,bdb2331c,3deb5ac7,1,45421111

10863,178,127,15,-2800,296,15663,-4143,2501,-3203,bf7d4619,bc90e7a8,bdb1dfb5,3dec709d,bf7d4619,bc90e7a7,bdb1dfb3,3dec709d,1,45429629

10864,181,135,7,-2789,121,15656,-4199,2489,-3200,bf7d4551,bc8b347f,bdb1d501,3dece533,bf7d4552,bc8b347e,bdb1d500,3dece534,1,45438148

10865,182,138,15,-2800,184,15668,-4199,2489,-3200,bf7d43e5,bc8796b1,bdb1d216,3ded6a01,bf7d43e4,bc8796af,bdb1d214,3ded6a00,1,45446166

10866,163,130,21,-2766,129,15658,-4181,2497,-3151,bf7d431f,bc82b56d,bdb186ac,3dee0346,bf7d431e,bc82b56b,bdb186ab,3dee0345,1,45454684

10867,152,130,37,-2704,69,15503,-4129,2443,-3099,bf7d4748,bc7e313b,bdb0f7cb,3ded70ed,bf7d474a,bc7e313c,bdb0f7cd,3ded70ee,1,45463203

10868,149,123,46,-2912,327,15815,-4129,2443,-3099,bf7d460d,bc8519b3,bdb18eb9,3ded1fc3,bf7d460d,bc8519b3,bdb18eb8,3ded1fc2,1,45471722

10869,180,134,52,-2834,223,15678,-4175,2455,-3164,bf7d457d,bc88f637,bdb2175e,3decbcc6,bf7d457d,bc88f636,bdb2175e,3decbcc5,1,45480240

10870,188,139,50,-2770,155,15609,-4157,2445,-3068,bf7d48e7,bc890a8c,bdb1f12e,3debee8a,bf7d48e8,bc890a8c,bdb1f12e,3debee8a,1,45488768

10871,181,136,61,-2750,65,15654,-4145,2471,-3144,bf7d4902,bc8309d1,bdb1a280,3dec58e3,bf7d4903,bc8309d1,bdb1a280,3dec58e3,1,45497286

10872,180,129,77,-2785,206,15658,-4145,2471,-3144,bf7d4823,bc83f909,bdb17d0e,3deca873,bf7d4822,bc83f907,bdb17d0c,3deca872,1,45505805

10873,182,126,82,-2760,133,15613,-4209,2497,-3098,bf7d46fb,bc7f2154,bdb1467a,3ded46e9,bf7d46fb,bc7f2151,bdb14679,3ded46e9,1,45514324

10874,178,128,85,-2813,190,15728,-4163,2487,-3096,bf7d445c,bc7f3afa,bdb17fb4,3dedce8c,bf7d445b,bc7f3af7,bdb17fb3,3dedce8b,1,45522842

10875,174,128,74,-2842,226,15706,-4163,2487,-3096,bf7d411b,bc822469,bdb209ea,3dee2f1b,bf7d411b,bc822467,bdb209eb,3dee2f1b,1,45531361

10876,185,132,61,-2768,134,15666,-4131,2491,-3109,bf7d3ff0,bc7b4c74,bdb1ab41,3deeebe1,bf7d3ff0,bc7b4c71,bdb1ab41,3deeebe1,1,45539880

10877,178,126,38,-2741,193,15630,-4189,2485,-3180,bf7d4176,bc7ebb72,bdb0e28e,3def0a7b,bf7d4175,bc7ebb70,bdb0e28e,3def0a7a,1,45548398

10878,173,119,22,-2813,304,15693,-4189,2485,-3180,bf7d4060,bc85058e,bdb10a6c,3def057a,bf7d4061,bc85058e,bdb10a6e,3def057b,1,45556416

10879,181,124,4,-2789,96,15653,-4175,2473,-3134,bf7d4040,bc809109,bdb15945,3deefa6c,bf7d4040,bc809108,bdb15945,3deefa6c,1,45564935

10880,166,112,1,-2802,205,15698,-4147,2481,-3091,bf7d3f36,bc827b7f,bdb17baf,3def16dc,bf7d3f35,bc827b7d,bdb17baf,3def16db,1,45573454

10881,167,113,3,-2950,250,15596,-4147,2481,-3091,bf7d3b1b,bc853b76,bdb2c4da,3def1fb0,bf7d3b1b,bc853b75,bdb2c4db,3def1fb0,1,45581972

10882,160,128,15,-2400,287,15487,-4191,2445,-3093,bf7d4076,bc87cf96,bdb12e90,3deecba1,bf7d4075,bc87cf94,bdb12e91,3deecba0,1,45590491

10883,171,63,-14,-3043,376,15861,-4183,2497,-3122,bf7d3bf5,bc8bedc5,bdb27b9a,3deedf32,bf7d3bf4,bc8bedc3,bdb27b9b,3deedf31,1,45599010

10884,231,87,14,-2652,-5,15568,-4207,2453,-3126,bf7d3fea,bc85e87f,bdb1c540,3dee91cb,bf7d3fea,bc85e87e,bdb1c541,3dee91cb,1,45607528

10885,200,53,22,-2987,236,15766,-4207,2453,-3126,bf7d3d33,bc8948ef,bdb3254e,3dee243f,bf7d3d33,bc8948ef,bdb3254f,3dee243f,1,45616047

10886,182,99,21,-2871,254,15738,-4165,2487,-3085,bf7d3a20,bc8b1842,bdb3ac21,3dee7f34,bf7d3a20,bc8b1842,bdb3ac22,3dee7f34,1,45624566

10887,207,127,21,-2872,231,15695,-4157,2511,-3052,bf7d361f,bc889ad4,bdb3f9b3,3def6b17,bf7d361f,bc889ad4,bdb3f9b4,3def6b17,1,45633084

10888,225,142,26,-2824,85,15674,-4157,2511,-3052,bf7d348c,bc829752,bdb3e8ba,3df017f3,bf7d348c,bc829752,bdb3e8ba,3df017f3,1,45641603

10889,206,148,24,-2790,206,15663,-4129,2475,-3086,bf7d3628,bc83ffa2,bdb32d25,3df02b4d,bf7d3627,bc83ffa2,bdb32d25,3df02b4d,1,45650122

10890,191,145,18,-2744,169,15592,-4181,2507,-3109,bf7d367c,bc80ae9b,bdb2555c,3df0d2b1,bf7d367d,bc80ae9b,bdb2555d,3df0d2b3,1,45658640

10891,182,131,15,-2780,245,15633,-4181,2507,-3109,bf7d3565,bc82cd5d,bdb1de52,3df160ff,bf7d3565,bc82cd5c,bdb1de52,3df160ff,1,45666658

10892,193,119,13,-2733,248,15631,-4159,2481,-3090,bf7d37a9,bc868505,bdb108ad,3df14558,bf7d37a9,bc868504,bdb108ad,3df14558,1,45675177

10893,215,86,15,-2665,247,15582,-4133,2511,-3187,bf7d37fa,bc8497b1,bdafec7c,3df210ce,bf7d37fb,bc8497b0,bdafec7c,3df210ce,1,45683695

10894,209,31,12,-2944,171,15757,-4133,2511,-3187,bf7d3221,bc82216e,bdb14f34,3df2aaa6,bf7d3220,bc82216c,bdb14f32,3df2aaa4,1,45692214

10895,210,61,5,-2842,156,15690,-4195,2473,-3060,bf7d318f,bc83d4ee,bdb24a52,3df209d6,bf7d318e,bc83d4eb,bdb24a51,3df209d4,1,45700733

10896,206,88,9,-2906,141,15731,-4165,2517,-3069,bf7d2d0e,bc8059b4,bdb32e95,3df2ac60,bf7d2d0e,bc8059b3,bdb32e95,3df2ac5f,1,45709251

10897,201,114,14,-2865,192,15679,-4165,2517,-3069,bf7d28f8,bc7e0f08,bdb3abb9,3df36bdd,bf7d28f8,bc7e0f06,bdb3abb9,3df36bdc,1,45717770

10898,196,132,23,-2870,177,15685,-4147,2455,-3169,bf7d291d,bc82c310,bdb440a2,3df2d459,bf7d291d,bc82c310,bdb440a2,3df2d458,1,45726288

10899,201,159,42,-2848,156,15560,-4153,2489,-3128,bf7d26bb,bc810c71,bdb4b1e5,3df32dd9,bf7d26bb,bc810c71,bdb4b1e5,3df32dd8,1,45734807

10900,190,175,61,-2724,86,15624,-4147,2463,-3102,bf7d2bfe,bc7cb491,bdb35b7c,3df2e332,bf7d2bfe,bc7cb490,bdb35b7d,3df2e331,1,45743326

10901,161,161,76,-2862,136,15787,-4147,2463,-3102,bf7d2c54,bc802b64,bdb3c4a8,3df26fd3,bf7d2c53,bc802b64,bdb3c4a9,3df26fd0,1,45751844

10902,122,166,60,-3081,93,15861,-4169,2457,-3037,bf7d2950,bc816052,bdb51bae,3df22fb4,bf7d2950,bc816052,bdb51bb0,3df22fb1,1,45760363

10903,86,255,24,-2947,182,15733,-4177,2471,-3133,bf7d2818,bc84d743,bdb5be33,3df1e919,bf7d2817,bc84d742,bdb5be35,3df1e915,1,45768381

10904,77,323,11,-2920,238,15737,-4177,2471,-3133,bf7d289e,bc8a07ef,bdb5bb58,3df19998,bf7d289f,bc8a07ef,bdb5bb5c,3df19997,1,45776899

10905,96,350,26,-2840,239,15722,-4189,2439,-3143,bf7d2d41,bc8fa8cc,bdb4e8f7,3df0cbc9,bf7d2d42,bc8fa8cc,bdb4e8fa,3df0cbc8,1,45785418

10906,94,374,18,-2726,92,15643,-4191,2469,-3027,bf7d3350,bc8bb4f5,bdb337dd,3df09d63,bf7d3350,bc8bb4f5,bdb337df,3df09d61,1,45793937

10907,57,359,-6,-2716,127,15629,-4191,2469,-3027,bf7d3a20,bc89bf78,bdb177fd,3df03077,bf7d3a1f,bc89bf78,bdb177ff,3df03074,1,45802455

10908,11,336,-22,-2652,161,15616,-4171,2497,-3096,bf7d3e1d,bc87c118,bdafa346,3df08e16,bf7d3e1d,bc87c117,bdafa349,3df08e14,1,45810974

10909,-17,299,-25,-2588,196,15609,-4143,2489,-3147,bf7d4295,bc87a239,bdad9f76,3df0d829,bf7d4295,bc87a239,bdad9f78,3df0d827,1,45819492

10910,-30,240,-31,-2600,180,15600,-4143,2489,-3147,bf7d45f9,bc86d2bb,bdabf714,3df12bdc,bf7d45f8,bc86d2bb,bdabf714,3df12bd9,1,45828011

10911,-55,175,-41,-2513,413,15539,-4153,2505,-3149,bf7d489a,bc8d0100,bdaa679f,3df15df1,bf7d489a,bc8d0101,bdaa679f,3df15df0,1,45836530

10912,-31,95,-43,-2618,250,15601,-4175,2447,-3166,bf7d4cc3,bc938ea5,bda9d265,3df070ea,bf7d4cc2,bc938ea6,bda9d265,3df070e8,1,45845048

10913,-32,37,-51,-2659,44,15608,-4163,2419,-3049,bf7d5053,bc92099f,bdaa59bb,3def2f01,bf7d5053,bc9209a1,bdaa59bb,3def2f00,1,45853567

10914,-90,13,-70,-2747,35,15704,-4163,2419,-3049,bf7d5182,bc91b5db,bdab7467,3dee1738,bf7d5183,bc91b5de,bdab7468,3dee1738,1,45861585

10915,-192,13,-84,-2822,116,15762,-4145,2489,-3078,bf7d4df3,bc910aa7,bdac73f5,3dee579e,bf7d4df2,bc910aa9,bdac73f5,3dee579c,1,45870104

10916,-267,18,-100,-2790,223,15705,-4143,2467,-3092,bf7d4aec,bc953b4c,bdad923c,3dee2c3b,bf7d4aeb,bc953b4e,bdad923c,3dee2c39,1,45878622

10917,-310,30,-106,-2705,458,15647,-4143,2467,-3092,bf7d4b17,bca0b4e0,bdad4291,3dede358,bf7d4b18,bca0b4e3,bdad4293,3dede357,1,45887141

10918,-322,7,-125,-2750,92,15716,-4155,2481,-3118,bf7d49d4,bc9ff452,bdad8ead,3dee09e6,bf7d49d5,bc9ff454,bdad8eaf,3dee09e5,1,45895660

10919,-404,-18,-162,-2796,161,15732,-4195,2417,-3124,bf7d4b75,bca52005,bdae9dc1,3dec9b18,bf7d4b75,bca52005,bdae9dc2,3dec9b15,1,45904178

10920,-546,-21,-225,-2919,149,15881,-4195,2417,-3124,bf7d4ab8,bcab0285,bdb00985,3deb7c5e,bf7d4ab9,bcab0286,bdb00987,3deb7c5c,1,45912697

10921,-672,0,-318,-2912,61,15840,-4181,2457,-3041,bf7d4a0c,bcae8d56,bdb0cdc4,3deaee01,bf7d4a0d,bcae8d57,bdb0cdc6,3deaedff,1,45921216

10922,-824,18,-385,-3038,617,15878,-4127,2385,-3107,bf7d4a15,bcbf5717,bdb16b6d,3de9a2a7,bf7d4a15,bcbf5718,bdb16b6e,3de9a2a4,1,45929734

10923,-900,60,-485,-2918,227,15818,-4127,2385,-3107,bf7d4c84,bcc7c118,bdb2480e,3de7df5d,bf7d4c83,bcc7c118,bdb2480e,3de7df59,1,45938253

10924,-1057,93,-596,-2845,-594,16040,-4197,2381,-3055,bf7d508d,bcce71fe,bdb21cec,3de687ae,bf7d508d,bcce71ff,bdb21cec,3de687ab,1,45946771

10925,-1423,92,-702,-3035,-173,16037,-4181,2413,-3156,bf7d52ec,bcd97147,bdb23b5d,3de52665,bf7d52ec,bcd97148,bdb23b5d,3de52663,1,45955296

10926,-1799,105,-840,-2866,540,15948,-4145,2345,-3111,bf7d591f,bcf3a1cb,bdb198d6,3de243d3,bf7d5920,bcf3a1cd,bdb198d6,3de243d2,1,45963814

10927,-1981,98,-902,-2968,-185,16212,-4145,2345,-3111,bf7d5cb7,bd0227e2,bdb14a7c,3de0545c,bf7d5cb8,bd0227e3,bdb14a7c,3de0545b,1,45971832

10928,-2250,165,-846,-3070,-772,16406,-4199,2355,-3118,bf7d5eb2,bd0bd39e,bdb0be6d,3ddebe14,bf7d5eb3,bd0bd39f,bdb0be6d,3ddebe13,1,45980351

10929,-2856,233,-840,-2852,-1502,16552,-4169,2299,-3064,bf7d5f9e,bd188d35,bdafa029,3ddd45a3,bf7d5f9d,bd188d35,bdafa028,3ddd45a0,1,45988870

10930,-3710,291,-783,-2743,-1568,16894,-4169,2299,-3064,bf7d5d0d,bd29a804,bdae011b,3ddc2c2c,bf7d5d0c,bd29a804,bdae011a,3ddc2c29,1,45997389

10931,-4659,386,-525,-2988,-1907,17031,-4177,2301,-3044,bf7d535d,bd3f8aad,bdac0eea,3ddbffbc,bf7d535e,bd3f8aae,bdac0eea,3ddbffbb,1,46005907

10932,-5607,543,-165,-2702,194,16522,-4183,2209,-3061,bf7d4403,bd5a37d9,bda91708,3ddc8238,bf7d4402,bd5a37d9,bda91707,3ddc8235,1,46014426

10933,-6217,620,12,-2870,-703,17211,-4183,2209,-3061,bf7d2bb6,bd77d139,bda610f3,3dddf4e9,bf7d2bb7,bd77d13b,bda610f3,3dddf4e7,1,46022944

10934,-6865,276,-248,-2705,-642,16845,-4165,2125,-3129,bf7d0c7f,bd8c8ba5,bda3a86b,3ddebb74,bf7d0c7e,bd8c8ba5,bda3a86a,3ddebb70,1,46031463

10935,-8053,532,-64,-1584,-2297,15927,-4195,2123,-3124,bf7ce17f,bda02d76,bd9ff1c5,3de061d0,bf7ce17e,bda02d76,bd9ff1c4,3de061cc,1,46039982

10936,-9396,512,164,-2002,1014,15065,-4195,2123,-3124,bf7ca56f,bdb76865,bd9b786d,3de2a4e1,bf7ca56e,bdb76865,bd9b786c,3de2a4dd,1,46048500

10937,-10066,433,512,-3582,4655,14637,-4175,2003,-3099,bf7c4a82,bdd36025,bd98425d,3de5c40f,bf7c4a83,bdd36027,bd98425d,3de5c40e,1,46057019

10938,-10472,217,-132,-3088,3218,14805,-4169,1929,-3069,bf7be553,bdf047a1,bd95a04f,3de6d694,bf7be554,bdf047a3,bd95a04f,3de6d693,1,46065538

10939,-11023,-145,-1233,-2498,3959,14316,-4149,1899,-3167,bf7b7590,be079184,bd927c08,3de520ae,bf7b7590,be079185,bd927c07,3de520ac,1,46073556

10940,-11404,-385,-1738,-2445,5038,13520,-4149,1899,-3167,bf7af42b,be178f62,bd8fa3fa,3de24c03,bf7af42b,be178f63,bd8fa3f9,3de24c01,1,46082075

10941,-11449,-621,-2070,-3975,8227,13370,-4163,1733,-3078,bf7a6271,be279cf9,bd8db511,3dde8ea2,bf7a6272,be279cfa,bd8db511,3dde8ea1,1,46090593

10942,-11178,-744,-2887,-3778,8136,13300,-4127,1643,-3059,bf79cb1c,be375c36,bd8bc5bc,3dd88c0b,bf79cb1b,be375c35,bd8bc5bb,3dd88c09,1,46099112

10943,-10788,-538,-3644,-3641,7128,13966,-4127,1643,-3059,bf7931ba,be46900e,bd8936ea,3dd09755,bf7931ba,be46900e,bd8936e9,3dd09754,1,46107630

10944,-10816,-240,-4229,-3061,5254,14796,-4157,1577,-2991,bf789ba7,be54d186,bd86796c,3dc6ae0e,bf789ba7,be54d186,bd86796b,3dc6ae0d,1,46116149

10945,-11852,57,-4737,-3071,4126,15508,-4089,1425,-3013,bf77f125,be63d1fd,bd817f94,3dbc7204,bf77f125,be63d1fd,bd817f93,3dbc7202,1,46124668

10946,-13960,626,-5206,-1816,3383,16381,-4089,1425,-3013,bf77141f,be756773,bd72fe31,3db1bbac,bf77141f,be756773,bd72fe30,3db1bbaa,1,46133186

10947,-19414,2036,-5730,-1816,1948,13801,-4073,1281,-2932,bf75b3b8,be86d428,bd591cb9,3da75e40,bf75b3b8,be86d428,bd591cb8,3da75e3e,1,46141705

10948,-27545,3797,-6065,-2097,3262,9459,-4039,1017,-2777,bf73698c,be97ea11,bd33eca8,3d9e172a,bf73698c,be97ea11,bd33eca7,3d9e1728,1,46150224

10949,-32408,5901,-6541,-2982,5700,4473,-4039,1017,-2777,bf703450,beac4b54,bd015821,3d95ebb2,bf703450,beac4b53,bd01581f,3d95ebaf,1,46158743

10950,-32693,7498,-6811,-1136,1375,5392,-3977,767,-2723,bf6ca44d,bebfd974,bc8a57ce,3d8e4e1a,bf6ca44d,bebfd973,bc8a57cc,3d8e4e17,1,46167261

10951,-32714,7209,-6119,-94,485,714,-3845,575,-2469,bf689df3,bed31704,bb41098d,3d871010,bf689df3,bed31703,bb410981,3d87100d,1,46175279

10952,-32768,7409,-4532,-2245,4505,-2591,-3791,397,-2276,bf63f61c,bee68e1f,3c2bce10,3d844ce1,bf63f61d,bee68e20,3c2bce13,3d844cdf,1,46183798

10953,-32768,7809,-3226,-2299,13637,-4810,-3791,397,-2276,bf5ed4e9,bef98eb0,3cc29b6a,3d84bf3e,bf5ed4e9,bef98eaf,3cc29b69,3d84bf3b,1,46192317

10954,-32713,7153,-1848,-328,19319,-6030,-3739,231,-1921,bf5941f9,bf060acc,3d1147b7,3d8722f7,bf5941f9,bf060acb,3d1147b7,3d8722f4,1,46200835

10955,-30129,5719,351,2742,24312,-3192,-3753,191,-1763,bf53b815,bf0e6585,3d34042a,3d8c5311,bf53b816,bf0e6584,3d34042b,3d8c530f,1,46209354

10956,-23218,3570,2408,4207,32257,953,-3753,191,-1763,bf4f2936,bf14c2aa,3d44d15b,3d935f9e,bf4f2937,bf14c2a9,3d44d15c,3d935f9c,1,46217872

10957,-15458,1830,2628,3189,32764,2731,-3747,187,-1727,bf4bf6fa,bf18ff57,3d4a5f3f,3d9916b6,bf4bf6fb,bf18ff56,3d4a5f40,3d9916b4,1,46226391

10958,-8779,797,1200,-247,22827,-2533,-3757,151,-1668,bf4a0fac,bf1b74c1,3d4ce259,3d9b4529,bf4a0fac,bf1b74bf,3d4ce259,3d9b4526,1,46234910

10959,-5857,186,667,-77,18601,-1160,-3757,151,-1668,bf48beb0,bf1d2486,3d4d6331,3d9bb8af,bf48beb1,bf1d2485,3d4d6333,3d9bb8ad,1,46243429

10960,-4700,-12,287,-793,16045,343,-3795,169,-1532,bf47aaac,bf1e8474,3d4d79ed,3d9b3be7,bf47aaac,bf1e8473,3d4d79ee,3d9b3be5,1,46251947

10961,-4486,9,141,31,17620,-994,-3725,115,-1570,bf46a00d,bf1fd3e3,3d4e636c,3d9a740d,bf46a00e,bf1fd3e3,3d4e636e,3d9a740c,1,46260466

10962,-3981,58,180,-1050,19263,-1658,-3725,115,-1570,bf45ad14,bf210109,3d4ee9c9,3d9a0341,bf45ad14,bf210109,3d4ee9ca,3d9a033f,1,46268484

10963,-3054,4,-121,-993,18516,-779,-3787,165,-1504,bf44ec69,bf21ef5e,3d4fc29d,3d98f60d,bf44ec69,bf21ef5e,3d4fc29e,3d98f60b,1,46277002

10964,-2399,97,-574,-638,18215,-1453,-3799,149,-1467,bf444fcd,bf22b05d,3d5257ed,3d9732b1,bf444fcd,bf22b05d,3d5257ee,3d9732af,1,46285521

10965,-1741,138,-795,-14,16680,-920,-3749,149,-1416,bf43d79e,bf234470,3d55b536,3d950fe7,bf43d79e,bf234470,3d55b537,3d950fe5,1,46294040

10966,-1331,111,-746,4,16566,-877,-3749,149,-1416,bf4374f3,bf23bdfd,3d58a24e,3d9309dd,bf4374f3,bf23bdfd,3d58a24f,3d9309db,1,46302558

10967,-1013,107,-607,392,16863,-1237,-3801,141,-1413,bf43221d,bf2423a8,3d5b10c7,3d914b0f,bf43221d,bf2423a8,3d5b10c8,3d914b0d,1,46311077

10968,-605,103,-297,91,15874,-412,-3763,115,-1511,bf42e438,bf246f33,3d5c33d1,3d904661,bf42e438,bf246f33,3d5c33d2,3d90465f,1,46319596

10969,-498,115,-49,625,13986,-562,-3763,115,-1511,bf42aaa1,bf24b4a3,3d5cbcd7,3d8fb4a4,bf42aaa0,bf24b4a3,3d5cbcd7,3d8fb4a2,1,46328114

10970,-724,126,295,-225,17296,-400,-3775,79,-1420,bf426269,bf250a4c,3d5bdc21,3d8fe95b,bf42626a,bf250a4e,3d5bdc23,3d8fe95a,1,46336633

10971,-688,144,420,66,16131,-624,-3747,111,-1361,bf421b0b,bf255e37,3d5ab62f,3d90593b,bf421b09,bf255e37,3d5ab62e,3d905938,1,46345151

10972,-655,34,446,-332,15899,-94,-3747,111,-1361,bf41d63b,bf25b016,3d58d8f5,3d90b23e,bf41d63a,bf25b017,3d58d8f6,3d90b23c,1,46353670

10973,-851,37,427,-318,16685,-815,-3735,119,-1441,bf418618,bf260e9f,3d5738df,3d9106e5,bf418617,bf260e9f,3d5738e0,3d9106e3,1,46362189

10974,-782,59,404,-526,17006,-772,-3789,117,-1371,bf41397f,bf26689f,3d55a302,3d915aa7,bf413980,bf2668a0,3d55a305,3d915aa6,1,46370707

10975,-610,64,326,-705,17031,-817,-3789,117,-1371,bf40f69b,bf26b72f,3d543845,3d91957c,bf40f699,bf26b72e,3d543846,3d91957a,1,46378725

10976,-456,101,123,-434,16988,-1137,-3773,141,-1389,bf40bcef,bf26fae4,3d53b3d3,3d91785b,bf40bcef,bf26fae5,3d53b3d5,3d91785a,1,46387244

10977,-254,102,-26,-392,16981,-1223,-3769,97,-1435,bf408f49,bf2730d6,3d53aa18,3d911b5c,bf408f49,bf2730d7,3d53aa1a,3d911b5b,1,46395763

10978,-23,79,-112,-347,16731,-1041,-3803,143,-1378,bf406eef,bf275801,3d53b6bc,3d9087ed,bf406eed,bf275801,3d53b6bc,3d9087eb,1,46404281

10979,164,83,-167,-254,16633,-969,-3803,143,-1378,bf40594b,bf2772e8,3d53ec49,3d8fdd82,bf40594a,bf2772e8,3d53ec4a,3d8fdd80,1,46412800

10980,309,76,-163,-323,16339,-669,-3831,177,-1397,bf404be1,bf27846f,3d53fbd1,3d8f3893,bf404be0,bf27846f,3d53fbd2,3d8f3891,1,46421318

10981,359,120,-161,-281,16330,-756,-3763,137,-1397,bf404121,bf279254,3d543be7,3d8eabf7,bf404120,bf279254,3d543be8,3d8eabf5,1,46429837

10982,365,151,-159,-217,16001,-586,-3763,137,-1397,bf4036cf,bf279f69,3d549b3b,3d8e2b04,bf4036cf,bf279f69,3d549b3c,3d8e2b02,1,46438356

10983,292,164,-126,-123,15893,-453,-3759,137,-1330,bf402857,bf27b127,3d54f1c6,3d8db2f9,bf402856,bf27b126,3d54f1c6,3d8db2f6,1,46446874

10984,139,176,-62,-184,15899,-514,-3765,127,-1355,bf4010f7,bf27ccbd,3d55272a,3d8d6125,bf4010f6,bf27ccbc,3d55272a,3d8d6122,1,46455393

10985,-6,180,-3,-159,15969,-641,-3765,127,-1355,bf3ff117,bf27f1ce,3d553e48,3d8d2a10,bf3ff116,bf27f1cd,3d553e48,3d8d2a0d,1,46463912

10986,-113,189,43,-175,16299,-886,-3725,115,-1374,bf3fcad7,bf281dc8,3d554674,3d8d101f,bf3fcad7,bf281dc8,3d554674,3d8d101c,1,46472430

10987,-90,191,75,-92,16206,-901,-3763,143,-1390,bf3fa59b,bf284872,3d553814,3d8d04b8,bf3fa59a,bf284871,3d553813,3d8d04b4,1,46480448

10988,-43,169,129,-147,16176,-821,-3763,143,-1390,bf3f82d8,bf287057,3d54d907,3d8d0e18,bf3f82da,bf287058,3d54d909,3d8d0e16,1,46488967

10989,-49,161,187,-221,16283,-804,-3795,187,-1346,bf3f5f43,bf28992f,3d54300e,3d8d2d79,bf3f5f43,bf28992f,3d54300e,3d8d2d75,1,46497486

10990,-69,157,204,-254,16270,-790,-3769,141,-1348,bf3f3aa6,bf28c316,3d5376c2,3d8d5629,bf3f3aa5,bf28c316,3d5376c1,3d8d5625,1,46506004

10991,-72,174,220,-284,16301,-857,-3797,177,-1452,bf3f15b0,bf28eced,3d52c686,3d8d9826,bf3f15b0,bf28ecee,3d52c686,3d8d9823,1,46514523

10992,-52,177,213,-293,16298,-844,-3797,177,-1452,bf3ef1e9,bf291558,3d521d09,3d8dd8ba,bf3ef1e8,bf291558,3d521d07,3d8dd8b6,1,46523042

10993,-37,188,226,-319,16368,-828,-3835,151,-1391,bf3ecebd,bf293cfb,3d5167f6,3d8e1f83,bf3ecebd,bf293cfc,3d5167f6,3d8e1f80,1,46531560

10994,-21,194,226,-366,16558,-947,-3785,137,-1342,bf3eac54,bf2963a5,3d50b4d5,3d8e68e9,bf3eac54,bf2963a6,3d50b4d5,3d8e68e6,1,46540079

10995,36,203,185,-376,16566,-1053,-3785,137,-1342,bf3e8d2d,bf298691,3d502b57,3d8ea4a0,bf3e8d2c,bf298691,3d502b57,3d8ea49c,1,46548598

10996,122,191,114,-347,16386,-910,-3747,189,-1432,bf3e73a9,bf29a344,3d4fd5ad,3d8ec0d5,bf3e73a8,bf29a344,3d4fd5ad,3d8ec0d1,1,46557116

10997,158,175,75,-326,16348,-911,-3807,147,-1414,bf3e5c63,bf29bdbc,3d4f8e48,3d8ec026,bf3e5c63,bf29bdbc,3d4f8e49,3d8ec023,1,46565635

10998,182,173,42,-234,16112,-857,-3807,147,-1414,bf3e46c8,bf29d669,3d4f681b,3d8eaab8,bf3e46c8,bf29d669,3d4f681c,3d8eaab5,1,46573653

10999,139,170,57,-221,15911,-745,-3833,157,-1453,bf3e2ee8,bf29f194,3d4f37a9,3d8e9b7b,bf3e2ee8,bf29f194,3d4f37aa,3d8e9b78,1,46582171

11000,31,168,98,-248,16051,-771,-3785,107,-1324,bf3e10ac,bf2a13e8,3d4edfbe,3d8e93eb,bf3e10ac,bf2a13e8,3d4edfbf,3d8e93e8,1,46590690

11001,-54,154,150,-267,16087,-815,-3785,107,-1324,bf3ded66,bf2a3bd4,3d4e525e,3d8e9e52,bf3ded66,bf2a3bd4,3d4e525f,3d8e9e4f,1,46599209

11002,-120,153,182,-280,16104,-887,-3789,159,-1313,bf3dc60a,bf2a6832,3d4da9e5,3d8eb476,bf3dc60b,bf2a6833,3d4da9e7,3d8eb473,1,46607727

11003,-164,155,208,-323,16250,-926,-3837,139,-1389,bf3d9c1b,bf2a9727,3d4cf307,3d8edf35,bf3d9c1b,bf2a9726,3d4cf308,3d8edf31,1,46616246

11004,-178,153,220,-648,16408,-757,-3839,163,-1368,bf3d7166,bf2ac6ea,3d4c096e,3d8f18eb,bf3d7166,bf2ac6e9,3d4c096f,3d8f18e7,1,46624765

11005,-204,170,147,-274,16292,-969,-3839,163,-1368,bf3d4574,bf2af7f2,3d4b9f2f,3d8f25a7,bf3d4574,bf2af7f2,3d4b9f30,3d8f25a3,1,46633283

11006,-225,146,103,-367,16434,-1091,-3793,175,-1330,bf3d1880,bf2b2a5b,3d4b3e18,3d8f1331,bf3d187f,bf2b2a5a,3d4b3e19,3d8f132d,1,46641802

11007,-166,139,116,-363,16487,-1134,-3843,157,-1320,bf3ceeb2,bf2b5942,3d4ac31b,3d8f043b,bf3ceeb2,bf2b5942,3d4ac31c,3d8f0438,1,46650321

11008,-80,138,111,-389,16480,-1133,-3843,157,-1320,bf3cc9c8,bf2b82b5,3d4a4119,3d8ef650,bf3cc9c8,bf2b82b5,3d4a411a,3d8ef64d,1,46658839

11009,10,139,97,-410,16384,-1043,-3829,135,-1355,bf3caa4d,bf2ba60f,3d49c5d6,3d8ee9a2,bf3caa4e,bf2ba610,3d49c5d8,3d8ee99f,1,46667358

11010,60,156,81,-402,16327,-1038,-3813,167,-1386,bf3c8dc1,bf2bc5f8,3d49689e,3d8ee0b9,bf3c8dc0,bf2bc5f7,3d49689d,3d8ee0b5,1,46675876

11011,74,159,81,-441,16323,-1013,-3813,167,-1386,bf3c7209,bf2be4e3,3d4908b2,3d8edb44,bf3c7208,bf2be4e2,3d4908b1,3d8edb41,1,46683894

11012,83,178,60,-520,16372,-1043,-3819,145,-1398,bf3c56e1,bf2c02f3,3d48c88c,3d8ed9a2,bf3c56e0,bf2c02f3,3d48c88c,3d8ed99f,1,46692413

11013,70,190,-13,-437,16387,-1121,-3829,151,-1391,bf3c3b42,bf2c218c,3d48dff1,3d8eb46a,bf3c3b42,bf2c218d,3d48dff2,3d8eb467,1,46700932

11014,73,173,-66,-436,16431,-1122,-3829,151,-1391,bf3c2039,bf2c3fc4,3d49161b,3d8e6d80,bf3c2039,bf2c3fc5,3d49161c,3d8e6d7d,1,46709457

11015,95,156,-133,-409,16144,-933,-3777,173,-1383,bf3c074a,bf2c5bff,3d49750b,3d8dfcf9,bf3c0749,bf2c5bff,3d49750b,3d8dfcf5,1,46717976

11016,30,149,-169,-334,16094,-970,-3823,163,-1373,bf3beaca,bf2c7c47,3d49f858,3d8d705e,bf3beaca,bf2c7c47,3d49f858,3d8d705b,1,46726494

11017,-68,143,-158,-253,15885,-902,-3795,141,-1368,bf3bc8f7,bf2ca253,3d4a7d2f,3d8ce086,bf3bc8f6,bf2ca252,3d4a7d2e,3d8ce082,1,46735013

11018,-151,154,-84,-210,15817,-767,-3795,141,-1368,bf3ba247,bf2ccd5a,3d4ad2a0,3d8c7499,bf3ba246,bf2ccd59,3d4ad29f,3d8c7495,1,46743532

11019,-222,170,48,-248,16070,-1042,-3803,183,-1345,bf3b7611,bf2cfddb,3d4ac1df,3d8c4f73,bf3b7611,bf2cfddb,3d4ac1df,3d8c4f6f,1,46752050

11020,-248,189,135,-334,16321,-1135,-3805,143,-1301,bf3b47a0,bf2d3055,3d4a6d3f,3d8c5e54,bf3b479f,bf2d3054,3d4a6d3e,3d8c5e50,1,46760569

11021,-254,177,157,-310,16314,-1185,-3805,143,-1301,bf3b18b9,bf2d6343,3d49fcbe,3d8c71a9,bf3b18b8,bf2d6343,3d49fcbe,3d8c71a6,1,46769087

11022,-229,176,182,-374,16397,-1254,-3773,207,-1380,bf3aeb26,bf2d9479,3d4974f3,3d8c9be6,bf3aeb25,bf2d9479,3d4974f3,3d8c9be3,1,46777606

11023,-166,181,194,-371,16395,-1319,-3833,179,-1363,bf3ac0de,bf2dc202,3d48df2e,3d8ccdcc,bf3ac0dd,bf2dc202,3d48df2e,3d8ccdc9,1,46786125

11024,-85,180,197,-424,16380,-1230,-3833,179,-1363,bf3a9b5d,bf2dea56,3d483756,3d8d051f,bf3a9b5c,bf2dea56,3d483756,3d8d051c,1,46794143

11025,-38,182,199,-452,16447,-1296,-3803,165,-1309,bf3a786b,bf2e0fe3,3d4786b1,3d8d3d39,bf3a7869,bf2e0fe2,3d4786b0,3d8d3d36,1,46802661

11026,23,176,170,-472,16467,-1281,-3829,145,-1271,bf3a5918,bf2e31b0,3d46ded3,3d8d62fe,bf3a5917,bf2e31af,3d46ded3,3d8d62fc,1,46811180

11027,65,160,126,-313,16315,-1299,-3829,145,-1271,bf3a3c91,bf2e50b9,3d465bfc,3d8d6634,bf3a3c92,bf2e50ba,3d465bfd,3d8d6633,1,46819699

11028,93,145,117,-528,16379,-1221,-3787,165,-1292,bf3a21f0,bf2e6dcd,3d45bccb,3d8d6b03,bf3a21ef,bf2e6dcc,3d45bcca,3d8d6b00,1,46828217

11029,103,157,80,-398,16165,-1165,-3817,183,-1340,bf3a0841,bf2e89c4,3d455928,3d8d608c,bf3a0840,bf2e89c4,3d455928,3d8d6089,1,46836736

11030,81,151,69,-444,16267,-1233,-3817,183,-1340,bf39ed4c,bf2ea71f,3d44f8a4,3d8d4fdc,bf39ed4a,bf2ea71e,3d44f8a3,3d8d4fd9,1,46845255

11031,61,141,58,-460,16259,-1180,-3831,197,-1320,bf39d14c,bf2ec5ba,3d449367,3d8d3210,bf39d14b,bf2ec5bb,3d449369,3d8d320e,1,46853773

11032,53,162,28,-557,16311,-1197,-3777,159,-1282,bf39b502,bf2ee473,3d4456ce,3d8d12c6,bf39b501,bf2ee474,3d4456d0,3d8d12c4,1,46862292

11033,24,180,-47,-418,16300,-1289,-3787,123,-1283,bf399769,bf2f047b,3d44850e,3d8cd143,bf399766,bf2f047b,3d44850e,3d8cd140,1,46870810

11034,25,175,-24,-514,16326,-1242,-3787,123,-1283,bf3979d5,bf2f246f,3d448df1,3d8c9d34,bf3979d3,bf2f2471,3d448df2,3d8c9d32,1,46879329

11035,30,170,-55,-446,16256,-1207,-3765,179,-1325,bf395cf1,bf2f43b3,3d44b6c4,3d8c57fb,bf395cef,bf2f43b5,3d44b6c5,3d8c57f9,1,46887848

11036,8,165,-74,-487,16383,-1302,-3775,193,-1313,bf393ea9,bf2f647d,3d44e8ee,3d8c074d,bf393ea7,bf2f6480,3d44e8f0,3d8c074b,1,46895866

11037,26,169,-100,-473,16380,-1329,-3775,193,-1313,bf39218a,bf2f8404,3d4536d7,3d8bac44,bf392188,bf2f8406,3d4536d8,3d8bac42,1,46904384

11038,55,161,-132,-390,16246,-1250,-3773,187,-1379,bf3906c7,bf2fa10d,3d45a75e,3d8b41e7,bf3906c6,bf2fa110,3d45a760,3d8b41e6,1,46912903

11039,64,165,-129,-397,16234,-1303,-3749,165,-1252,bf38ec1b,bf2fbe1a,3d460aee,3d8ad0e2,bf38ec18,bf2fbe1b,3d460aee,3d8ad0e0,1,46921422

11040,64,189,-107,-380,16286,-1316,-3749,165,-1252,bf38d13b,bf2fdb09,3d4672cc,3d8a7543,bf38d139,bf2fdb0a,3d4672cd,3d8a7543,1,46929940

11041,83,197,-92,-386,16298,-1298,-3751,145,-1389,bf38b7f2,bf2ff5e5,3d46e305,3d8a342d,bf38b7f2,bf2ff5e7,3d46e308,3d8a342e,1,46938459

11042,85,196,-85,-381,16281,-1304,-3793,213,-1318,bf389e34,bf301166,3d473c01,3d89eb9f,bf389e33,bf301167,3d473c03,3d89eba0,1,46946978

11043,84,184,-78,-396,16256,-1295,-3793,213,-1318,bf388474,bf302cfa,3d478086,3d89a1fe,bf388474,bf302cfc,3d478089,3d89a200,1,46955496

11044,73,181,-70,-334,16206,-1282,-3767,155,-1262,bf386a26,bf30492e,3d47bfcb,3d89549d,bf386a26,bf30492f,3d47bfcd,3d89549f,1,46964015

11045,63,168,-52,-364,16303,-1327,-3799,181,-1310,bf384f2d,bf306614,3d47e24d,3d890eaa,bf384f2d,bf306615,3d47e24f,3d890eac,1,46972533

11046,61,148,-42,-458,16343,-1311,-3835,175,-1333,bf383422,bf308327,3d47de5c,3d88cabd,bf383422,bf308328,3d47de5e,3d88cabf,1,46981052

11047,63,140,-73,-381,16202,-1270,-3835,175,-1333,bf381992,bf309fd8,3d47f678,3d887043,bf381992,bf309fd9,3d47f67a,3d887045,1,46989070

11048,44,156,-85,-364,16254,-1366,-3827,149,-1359,bf37fdf0,bf30bd63,3d483439,3d881a99,bf37fdef,bf30bd63,3d48343a,3d881a9b,1,46997588

11049,49,166,-71,-384,16364,-1396,-3777,123,-1252,bf37e246,bf30daef,3d486335,3d87c979,bf37e246,bf30daef,3d486336,3d87c97c,1,47006107

11050,81,170,-78,-357,16362,-1397,-3777,123,-1252,bf37c88c,bf30f668,3d489c09,3d8776e0,bf37c88c,bf30f668,3d489c0a,3d8776e3,1,47014626

11051,121,170,-74,-348,16287,-1376,-3757,165,-1274,bf37b13b,bf310f51,3d48ced9,3d8728df,bf37b13a,bf310f50,3d48ced9,3d8728e1,1,47023144

11052,144,177,-54,-344,16225,-1338,-3749,159,-1364,bf379ba6,bf312622,3d48ffd9,3d86f248,bf379ba5,bf312621,3d48ffd9,3d86f24a,1,47031663

11053,155,191,-34,-386,16232,-1309,-3749,159,-1364,bf3786a0,bf313c2b,3d4924f2,3d86cea5,bf3786a1,bf313c2b,3d4924f3,3d86cea8,1,47040182

11054,147,197,-38,-370,16264,-1289,-3773,193,-1285,bf3770ba,bf31533a,3d4946e5,3d86a05e,bf3770ba,bf31533a,3d4946e5,3d86a061,1,47048700

11055,122,184,-51,-333,16377,-1408,-3765,141,-1307,bf375990,bf316ba3,3d4977c7,3d866834,bf375990,bf316ba3,3d4977c7,3d866837,1,47057219

11056,142,166,-55,-337,16311,-1367,-3765,141,-1307,bf3743c7,bf3182c5,3d499788,3d8626ae,bf3743c6,bf3182c4,3d499788,3d8626b1,1,47065738

11057,149,142,-50,-309,16182,-1318,-3779,131,-1303,bf372e97,bf319983,3d499bb2,3d85daa1,bf372e96,bf319982,3d499bb3,3d85daa4,1,47074256

11058,146,149,-31,-274,16110,-1331,-3799,83,-1335,bf371952,bf31b025,3d499ef8,3d859d7c,bf371951,bf31b024,3d499ef9,3d859d7f,1,47082775

11059,131,164,6,-331,16140,-1276,-3813,135,-1391,bf370329,bf31c766,3d498c8a,3d857fab,bf370328,bf31c766,3d498c8b,3d857fae,1,47091293

11060,92,170,41,-354,16333,-1396,-3813,135,-1391,bf36ea42,bf31e151,3d4962a7,3d857617,bf36ea42,bf31e152,3d4962a9,3d85761b,1,47099311

11061,88,162,30,-358,16313,-1381,-3825,161,-1370,bf36d116,bf31fba4,3d493589,3d856039,bf36d115,bf31fba4,3d493589,3d85603c,1,47107830

11062,94,152,17,-426,16249,-1341,-3747,133,-1279,bf36b863,bf3215ab,3d48fb14,3d853d07,bf36b862,bf3215ab,3d48fb14,3d853d0a,1,47116348

11063,80,164,-3,-362,16231,-1363,-3747,133,-1279,bf369ef5,bf323055,3d48e7c9,3d85122d,bf369ef4,bf323055,3d48e7c9,3d851230,1,47124867

11064,69,169,-13,-386,16357,-1400,-3819,131,-1287,bf3684b7,bf324bc9,3d48de1e,3d84e48e,bf3684b6,bf324bc9,3d48de1e,3d84e491,1,47133386

11065,85,163,-23,-385,16276,-1377,-3815,125,-1357,bf366bf1,bf3265a3,3d48e0b7,3d84b7de,bf366bf0,bf3265a3,3d48e0b7,3d84b7e1,1,47141904

11066,88,171,-42,-339,16284,-1418,-3815,125,-1357,bf365364,bf327f2f,3d4902e0,3d8483b4,bf365363,bf327f2f,3d4902e0,3d8483b7,1,47150423

11067,102,176,-29,-361,16297,-1415,-3761,115,-1328,bf363bae,bf3297c9,3d4918d2,3d845912,bf363bad,bf3297c9,3d4918d2,3d845915,1,47158942

11068,124,176,-36,-366,16300,-1397,-3773,151,-1347,bf36255b,bf32aef3,3d49325f,3d842cd1,bf36255b,bf32aef4,3d493260,3d842cd5,1,47167460

11069,126,172,-56,-348,16273,-1368,-3773,151,-1347,bf360f6b,bf32c5c8,3d495beb,3d83f43c,bf360f6a,bf32c5c8,3d495bec,3d83f440,1,47175979

11070,137,171,-61,-383,16346,-1410,-3783,135,-1327,bf35f9fc,bf32dc1a,3d4981e3,3d83b99d,bf35f9fa,bf32dc1a,3d4981e3,3d83b9a0,1,47184498

11071,147,179,-84,-335,16299,-1430,-3849,109,-1369,bf35e550,bf32f188,3d49ce50,3d8378ec,bf35e54f,bf32f189,3d49ce52,3d8378f0,1,47193016

11072,153,178,-86,-307,16252,-1409,-3825,133,-1325,bf35d0e8,bf3306c7,3d4a1679,3d8330ef,bf35d0e7,bf3306c8,3d4a167b,3d8330f3,1,47201034

11073,156,171,-79,-267,16213,-1424,-3825,133,-1325,bf35bcae,bf331bdf,3d4a55d6,3d82e741,bf35bcad,bf331be0,3d4a55d8,3d82e745,1,47209553

11074,156,164,-52,-248,16281,-1468,-3835,163,-1331,bf35a832,bf333140,3d4a76ac,3d82a5f4,bf35a830,bf333140,3d4a76ad,3d82a5f8,1,47218072

11075,178,152,-23,-295,16306,-1457,-3793,133,-1319,bf359520,bf334538,3d4a6ae8,3d8271ac,bf35951e,bf334538,3d4a6ae9,3d8271b0,1,47226590

11076,193,131,-8,-284,16230,-1439,-3793,133,-1319,bf358307,bf33585d,3d4a3c71,3d823ab2,bf358307,bf33585f,3d4a3c73,3d823ab7,1,47235109

11077,212,139,5,-316,16192,-1395,-3799,139,-1297,bf3571f1,bf336a70,3d49fe79,3d820d56,bf3571ef,bf336a70,3d49fe79,3d820d5a,1,47243628

11078,211,150,30,-323,16214,-1382,-3827,171,-1344,bf3560c6,bf337c65,3d49b647,3d81f4ae,bf3560c4,bf337c65,3d49b648,3d81f4b3,1,47252146

11079,190,158,41,-314,16233,-1377,-3827,171,-1344,bf354e5a,bf338f83,3d496e4c,3d81e3bf,bf354e58,bf338f84,3d496e4d,3d81e3c5,1,47260665

11080,165,149,39,-335,16226,-1380,-3801,99,-1403,bf353b3b,bf33a337,3d492fbb,3d81d7f1,bf353b39,bf33a338,3d492fbc,3d81d7f7,1,47269184

11081,151,153,44,-341,16253,-1402,-3823,155,-1286,bf352645,bf33b8fe,3d48d8a5,3d81c0c7,bf352644,bf33b900,3d48d8a7,3d81c0ce,1,47277702

11082,158,155,44,-344,16325,-1401,-3823,155,-1286,bf3511cb,bf33ce40,3d48829a,3d81aada,bf3511c9,bf33ce41,3d48829b,3d81aae0,1,47286221

11083,165,142,27,-350,16327,-1414,-3787,107,-1305,bf34fe43,bf33e293,3d4837cc,3d818c70,bf34fe42,bf33e295,3d4837cf,3d818c77,1,47294739

11084,171,135,16,-354,16319,-1405,-3817,157,-1239,bf34eaa2,bf33f73e,3d47e072,3d815bcc,bf34eaa1,bf33f740,3d47e075,3d815bd3,1,47302757

11085,173,132,6,-341,16246,-1389,-3783,133,-1279,bf34d7af,bf340b23,3d479a83,3d812af0,bf34d7ae,bf340b25,3d479a86,3d812af7,1,47311276

11086,178,126,1,-331,16247,-1387,-3783,133,-1279,bf34c526,bf341ea9,3d475458,3d80f487,bf34c525,bf341eab,3d47545b,3d80f48e,1,47319795

11087,169,133,3,-329,16261,-1427,-3779,213,-1357,bf34b238,bf343260,3d471de5,3d80c8d4,bf34b236,bf343261,3d471de7,3d80c8db,1,47328313

11088,173,137,7,-325,16243,-1397,-3797,161,-1306,bf349f6c,bf3445fc,3d46df7c,3d809bdc,bf349f6b,bf3445fe,3d46df80,3d809be4,1,47336832

11089,178,147,17,-334,16268,-1398,-3797,161,-1306,bf348ce2,bf345936,3d469f8c,3d807933,bf348ce1,bf345938,3d469f90,3d80793b,1,47345350

11090,176,150,26,-326,16296,-1444,-3847,155,-1301,bf3479e5,bf346cdd,3d465896,3d8059e6,bf3479e4,bf346cdf,3d46589b,3d8059ee,1,47353869

11091,204,151,30,-349,16306,-1453,-3821,195,-1295,bf34687c,bf347eee,3d4607e2,3d803e45,bf34687a,bf347eef,3d4607e6,3d803e4d,1,47362388

11092,231,147,29,-346,16278,-1425,-3821,195,-1295,bf3458d4,bf348f43,3d45b1bd,3d8020d3,bf3458d4,bf348f46,3d45b1c2,3d8020dc,1,47370906

11093,240,148,15,-343,16299,-1437,-3825,177,-1316,bf3449fb,bf349ebe,3d456ea1,3d800069,bf3449f9,bf349ec0,3d456ea4,3d800071,1,47379425

11094,242,146,9,-350,16252,-1408,-3803,161,-1291,bf343b63,bf34ae01,3d452ba6,3d7fb636,bf343b61,bf34ae02,3d452ba8,3d7fb645,1,47387944

11095,246,146,4,-347,16293,-1415,-3803,161,-1291,bf342d19,bf34bcf5,3d44edb7,3d7f66dd,bf342d17,bf34bcf6,3d44edba,3d7f66ec,1,47395962

11096,247,150,5,-336,16293,-1384,-3795,161,-1278,bf341ef3,bf34cbbf,3d44b172,3d7f1824,bf341ef1,bf34cbc1,3d44b176,3d7f1834,1,47404480

11097,248,153,0,-332,16254,-1380,-3799,197,-1362,bf341162,bf34d9c4,3d448a63,3d7ed8bd,bf341160,bf34d9c6,3d448a67,3d7ed8cd,1,47412999

11098,239,150,3,-319,16249,-1387,-3771,195,-1352,bf34035c,bf34e844,3d446055,3d7e9708,bf34035a,bf34e846,3d446059,3d7e9718,1,47421517

11099,236,153,14,-321,16220,-1338,-3771,195,-1352,bf33f552,bf34f6bd,3d442d5b,3d7e624e,bf33f550,bf34f6bf,3d442d5f,3d7e625e,1,47430036

11100,222,162,32,-326,16223,-1369,-3781,171,-1334,bf33e627,bf35063f,3d43f053,3d7e4400,bf33e624,bf350640,3d43f057,3d7e440f,1,47438554

11101,213,169,43,-335,16232,-1360,-3807,129,-1304,bf33d644,bf35166d,3d43aa1d,3d7e311c,bf33d641,bf35166e,3d43aa21,3d7e312b,1,47447073

11102,198,172,44,-362,16296,-1381,-3807,129,-1304,bf33c573,bf35277b,3d43643d,3d7e24c2,bf33c571,bf35277c,3d436442,3d7e24d2,1,47455592

11103,181,173,43,-363,16292,-1397,-3743,161,-1316,bf33b3da,bf35393d,3d4326d3,3d7e1d0c,bf33b3d8,bf35393f,3d4326d9,3d7e1d1d,1,47464110

11104,196,176,42,-352,16274,-1392,-3815,177,-1291,bf33a2b4,bf354aa0,3d42e2a8,3d7e0a29,bf33a2b2,bf354aa3,3d42e2af,3d7e0a3b,1,47472629

11105,212,188,49,-359,16275,-1375,-3815,177,-1291,bf33928b,bf355ae8,3d42a082,3d7e0afc,bf339287,bf355aea,3d42a088,3d7e0b0c,1,47481148

11106,220,202,38,-360,16235,-1361,-3797,167,-1270,bf3382e7,bf356a92,3d427351,3d7e0c5a,bf3382e4,bf356a95,3d427358,3d7e0c6b,1,47489666

11107,214,199,41,-338,16264,-1398,-3781,169,-1314,bf33733a,bf357a2d,3d424e46,3d7e1677,bf337338,bf357a31,3d424e4e,3d7e1689,1,47498185

11108,207,188,50,-344,16254,-1368,-3781,169,-1314,bf33634d,bf358a1c,3d42155c,3d7e1e84,bf33634a,bf358a1f,3d421563,3d7e1e95,1,47506203

11109,201,176,41,-353,16302,-1403,-3823,153,-1394,bf33539b,bf3599c2,3d41e9b8,3d7e25c2,bf335399,bf3599c6,3d41e9c0,3d7e25d4,1,47514721

11110,200,167,26,-352,16260,-1395,-3825,175,-1393,bf3343f3,bf35a979,3d41c29c,3d7e1472,bf3343ef,bf35a97b,3d41c2a3,3d7e1482,1,47523240

11111,191,156,18,-339,16224,-1351,-3853,167,-1289,bf333322,bf35bab0,3d418223,3d7dd24a,bf33331f,bf35bab2,3d41822b,3d7dd25b,1,47531759

11112,173,152,15,-359,16294,-1409,-3853,167,-1289,bf33211e,bf35cd19,3d414165,3d7d8c1e,bf33211b,bf35cd1b,3d41416d,3d7d8c2f,1,47540277

11113,162,148,10,-347,16282,-1410,-3827,149,-1307,bf330edc,bf35dfb4,3d410afa,3d7d430f,bf330eda,bf35dfb7,3d410b02,3d7d4321,1,47548796

11114,180,145,15,-366,16313,-1422,-3793,157,-1269,bf32fd7b,bf35f182,3d40c406,3d7cf8b7,bf32fd77,bf35f183,3d40c40d,3d7cf8c7,1,47557314

11115,200,151,9,-355,16282,-1395,-3793,157,-1269,bf32ed78,bf3601e7,3d40877d,3d7cae14,bf32ed75,bf3601ea,3d408785,3d7cae26,1,47565833

11116,206,148,9,-352,16230,-1354,-3815,141,-1260,bf32ddf3,bf3611df,3d4044aa,3d7c5d9e,bf32ddf0,bf3611e3,3d4044b3,3d7c5db1,1,47574352

11117,190,148,9,-346,16221,-1371,-3813,107,-1282,bf32cdc6,bf362265,3d400b26,3d7c13f3,bf32cdc1,bf362267,3d400b2f,3d7c1403,1,47582870

11118,185,159,14,-349,16247,-1371,-3813,107,-1282,bf32bd4c,bf363316,3d3fd737,3d7bd9b7,bf32bd49,bf36331a,3d3fd742,3d7bd9ca,1,47591389

11119,184,153,20,-363,16273,-1374,-3859,171,-1289,bf32ac76,bf36443c,3d3f8f6a,3d7b9a94,bf32ac73,bf364440,3d3f8f75,3d7b9aa7,1,47599907

11120,174,149,12,-410,16314,-1357,-3783,137,-1333,bf329c0c,bf3654d2,3d3f564a,3d7b69e1,bf329c07,bf3654d4,3d3f5653,3d7b69f2,1,47607925

11121,178,166,5,-321,16269,-1392,-3783,137,-1333,bf328bcc,bf366517,3d3f41a4,3d7b36b4,bf328bc8,bf36651a,3d3f41ae,3d7b36c6,1,47616444

11122,187,165,34,-352,16289,-1399,-3767,139,-1309,bf327bcb,bf367520,3d3f0728,3d7b1e52,bf327bc7,bf367524,3d3f0733,3d7b1e65,1,47624963

11123,195,163,31,-359,16291,-1397,-3779,177,-1353,bf326c9b,bf36844d,3d3ed294,3d7b0a76,bf326c95,bf368450,3d3ed29e,3d7b0a87,1,47633481

11124,202,166,24,-380,16324,-1432,-3799,143,-1335,bf325d9f,bf369344,3d3ea1b5,3d7af303,bf325d9a,bf369348,3d3ea1c0,3d7af315,1,47642000

11125,232,170,13,-381,16274,-1386,-3799,143,-1335,bf3250be,bf36a027,3d3e7b4d,3d7ad6e6,bf3250b9,bf36a02b,3d3e7b58,3d7ad6f8,1,47650518

11126,232,170,5,-369,16274,-1344,-3791,175,-1361,bf32445f,bf36ac80,3d3e61f3,3d7ab661,bf32445a,bf36ac84,3d3e61ff,3d7ab673,1,47659037

11127,206,150,0,-428,16258,-1298,-3783,203,-1292,bf3235fb,bf36bb2e,3d3e211b,3d7a70e0,bf3235f6,bf36bb32,3d3e2126,3d7a70f1,1,47667556

11128,177,160,-32,-216,16157,-1383,-3783,203,-1292,bf3225c3,bf36cb97,3d3e2d13,3d79f734,bf3225be,bf36cb9b,3d3e2d1e,3d79f745,1,47676074

11129,152,167,-37,-338,16253,-1418,-3801,179,-1343,bf321469,bf36dce3,3d3e4141,3d799ee7,bf321464,bf36dce7,3d3e414c,3d799ef8,1,47684593

11130,175,161,4,-312,16145,-1342,-3759,225,-1260,bf3203d4,bf36eda2,3d3e14fb,3d794e61,bf3203cf,bf36eda6,3d3e1506,3d794e72,1,47693112

11131,155,178,23,-305,16220,-1357,-3759,225,-1260,bf31f1ec,bf36ff7d,3d3de975,3d791de4,bf31f1e7,bf36ff81,3d3de980,3d791df5,1,47701129

11132,140,182,49,-322,16245,-1376,-3823,197,-1317,bf31df5f,bf3711c8,3d3db1f5,3d791783,bf31df5a,bf3711cc,3d3db200,3d791794,1,47710149

11133,141,181,66,-353,16250,-1375,-3843,171,-1320,bf31ccea,bf3723f0,3d3d65a6,3d79263f,bf31cce5,bf3723f4,3d3d65b1,3d792650,1,47718167

11134,133,179,68,-385,16352,-1440,-3843,171,-1320,bf31b9c0,bf3736c2,3d3d13de,3d7939e2,bf31b9bb,bf3736c6,3d3d13e9,3d7939f3,1,47726685

11135,149,163,50,-395,16367,-1439,-3821,185,-1352,bf31a82e,bf374819,3d3cca8d,3d793927,bf31a829,bf37481e,3d3cca99,3d793939,1,47735204

11136,181,151,26,-394,16309,-1445,-3797,171,-1348,bf3198db,bf37575c,3d3c8ced,3d791a5a,bf3198d6,bf375761,3d3c8cf9,3d791a6c,1,47743722

11137,197,143,8,-372,16292,-1416,-3773,129,-1323,bf318adb,bf376571,3d3c592c,3d78de82,bf318ad5,bf376575,3d3c5937,3d78de93,1,47752241

11138,216,137,2,-359,16230,-1380,-3773,129,-1323,bf317e4d,bf37722f,3d3c2511,3d78967b,bf317e48,bf377233,3d3c251c,3d78968c,1,47760760

11139,210,131,5,-358,16212,-1371,-3809,179,-1369,bf3171b1,bf377ef6,3d3beed9,3d78515d,bf3171ac,bf377efa,3d3beee4,3d78516e,1,47769278

11140,197,135,14,-357,16278,-1392,-3799,145,-1412,bf3164fd,bf378ba2,3d3bc52e,3d7826fa,bf3164f9,bf378ba7,3d3bc53b,3d78270c,1,47777797

11141,185,129,10,-361,16272,-1386,-3799,145,-1412,bf3157b6,bf3798e7,3d3b9a32,3d77f342,bf3157b2,bf3798ec,3d3b9a3f,3d77f354,1,47786315

11142,189,132,19,-372,16240,-1378,-3849,161,-1321,bf314940,bf37a78e,3d3b4903,3d77ae74,bf31493b,bf37a792,3d3b490e,3d77ae84,1,47794834

11143,180,136,23,-384,16291,-1387,-3833,151,-1347,bf313aae,bf37b62d,3d3affad,3d777c12,bf313aa9,bf37b631,3d3affb8,3d777c22,1,47803353

11144,179,133,20,-411,16359,-1433,-3833,151,-1347,bf312be6,bf37c4ff,3d3ab3f7,3d7748cf,bf312be2,bf37c503,3d3ab402,3d7748df,1,47811371

11145,187,122,7,-398,16304,-1388,-3787,125,-1364,bf311e99,bf37d26a,3d3a748a,3d770742,bf311e94,bf37d26d,3d3a7493,3d770750,1,47819889

11146,193,123,-12,-381,16245,-1360,-3793,197,-1309,bf3110ef,bf37e061,3d3a3601,3d769d5f,bf3110eb,bf37e064,3d3a360b,3d769d6e,1,47828408

11147,197,122,-7,-367,16272,-1391,-3793,197,-1309,bf31036a,bf37ee32,3d39f4ba,3d7635d3,bf310366,bf37ee35,3d39f4c4,3d7635e2,1,47836926

11148,196,121,-11,-373,16292,-1396,-3803,155,-1312,bf30f614,bf37fbcc,3d39b8e2,3d75ce43,bf30f611,bf37fbd0,3d39b8ed,3d75ce53,1,47845445

11149,205,140,-13,-343,16259,-1384,-3803,147,-1283,bf30e910,bf3808ff,3d398dea,3d756bf9,bf30e90c,bf380902,3d398df4,3d756c08,1,47853964

11150,203,128,-8,-351,16247,-1385,-3797,179,-1327,bf30dc71,bf3815d0,3d395add,3d750e5d,bf30dc6e,bf3815d4,3d395ae8,3d750e6d,1,47862482

11151,196,131,2,-350,16236,-1388,-3797,179,-1327,bf30cf63,bf382300,3d3921c9,3d74bcd3,bf30cf61,bf382304,3d3921d4,3d74bce3,1,47871001

11152,200,129,8,-365,16238,-1378,-3779,147,-1387,bf30c3c7,bf382e9d,3d38f2e9,3d74871a,bf30c3c3,bf382ea0,3d38f2f3,3d748728,1,47879519

11153,188,122,16,-362,16280,-1400,-3745,135,-1301,bf30b65e,bf383c2c,3d38a3de,3d743c59,bf30b65b,bf383c30,3d38a3ea,3d743c69,1,47888038

11154,185,123,12,-360,16232,-1391,-3745,135,-1301,bf30a8e8,bf3849c5,3d385a10,3d73eeab,bf30a8e5,bf3849c9,3d385a1c,3d73eebb,1,47896557

11155,179,122,9,-348,16211,-1358,-3761,139,-1327,bf309baa,bf385720,3d3818f6,3d73a04c,bf309ba6,bf385723,3d381901,3d73a05b,1,47905075

11156,154,128,18,-371,16279,-1387,-3743,139,-1330,bf308ce2,bf3865d9,3d37d62f,3d73651e,bf308cde,bf3865dc,3d37d63a,3d73652e,1,47913594

11157,155,136,27,-370,16296,-1378,-3743,139,-1330,bf307e40,bf387457,3d379234,3d7339fb,bf307e3b,bf38745a,3d37923e,3d733a0a,1,47921612

11158,149,133,19,-361,16253,-1373,-3801,157,-1232,bf306dc4,bf3884e9,3d37378d,3d72e197,bf306dbf,bf3884ec,3d373797,3d72e1a6,1,47930131

11159,156,126,13,-378,16283,-1393,-3759,131,-1327,bf305f4d,bf389354,3d36f5fd,3d72a060,bf305f49,bf389358,3d36f607,3d72a070,1,47938649

11160,158,130,14,-374,16255,-1389,-3759,131,-1327,bf30510b,bf38a17f,3d36b7bc,3d7263bf,bf305107,bf38a183,3d36b7c6,3d7263d0,1,47947168

11161,158,139,15,-388,16296,-1434,-3787,151,-1322,bf304243,bf38b01e,3d367b38,3d722e9a,bf30423f,bf38b022,3d367b42,3d722eab,1,47955686

11162,165,143,10,-365,16274,-1387,-3821,155,-1327,bf303439,bf38be04,3d3647b2,3d71f32c,bf303434,bf38be06,3d3647bb,3d71f33b,1,47964205

11163,173,140,11,-361,16269,-1422,-3821,155,-1327,bf302687,bf38cb98,3d3611c4,3d71b649,bf302684,bf38cb9b,3d3611cf,3d71b65a,1,47972724

11164,170,141,15,-366,16255,-1411,-3777,157,-1321,bf3018e3,bf38d914,3d35d9b2,3d7180b5,bf3018e0,bf38d916,3d35d9bd,3d7180c6,1,47981242

11165,178,140,9,-366,16290,-1400,-3783,199,-1294,bf300b55,bf38e697,3d359a8e,3d71391a,bf300b54,bf38e699,3d359a9b,3d71392c,1,47989761

11166,185,141,11,-381,16295,-1412,-3781,195,-1326,bf2ffeb2,bf38f31e,3d356150,3d7101e2,bf2ffeb1,bf38f320,3d35615d,3d7101f4,1,47998279

11167,187,136,6,-362,16257,-1403,-3781,195,-1326,bf2ff25e,bf38ff67,3d352b51,3d70be2a,bf2ff25d,bf38ff68,3d352b5e,3d70be3b,1,48006798

11168,188,141,9,-366,16248,-1408,-3783,171,-1352,bf2fe6a0,bf390afb,3d350026,3d708cde,bf2fe69f,bf390afc,3d350033,3d708cef,1,48015317

11169,189,141,9,-379,16324,-1439,-3801,119,-1230,bf2fd935,bf391869,3d34b697,3d703e2f,bf2fd935,bf39186b,3d34b6a5,3d703e41,1,48023335

11170,191,130,7,-385,16292,-1437,-3801,119,-1230,bf2fcc08,bf3925b2,3d3463b3,3d6fe46e,bf2fcc07,bf3925b2,3d3463bf,3d6fe47e,1,48031853

11171,214,140,0,-380,16231,-1391,-3779,139,-1326,bf2fc209,bf392fa9,3d3436b8,3d6fa9ab,bf2fc208,bf392fa9,3d3436c4,3d6fa9bb,1,48040372

11172,211,138,-1,-369,16249,-1388,-3813,161,-1316,bf2fb78f,bf393a28,3d3403b7,3d6f625d,bf2fb78d,bf393a27,3d3403c2,3d6f626c,1,48048890

11173,198,140,3,-360,16220,-1347,-3813,161,-1316,bf2faca3,bf39450d,3d33cff9,3d6f1e19,bf2faca2,bf39450d,3d33d005,3d6f1e2a,1,48057409

11174,164,143,3,-405,16284,-1366,-3843,163,-1363,bf2fa03b,bf395134,3d33a691,3d6eefef,bf2fa03a,bf395134,3d33a69d,3d6ef000,1,48065928

11175,143,155,0,-302,16209,-1397,-3775,153,-1409,bf2f93b3,bf395d32,3d33b806,3d6ecac9,bf2f93b3,bf395d33,3d33b812,3d6ecada,1,48074446

11176,138,144,-2,-350,16296,-1419,-3775,153,-1409,bf2f86d5,bf396993,3d33b93c,3d6ea298,bf2f86d5,bf396994,3d33b947,3d6ea2a8,1,48082965

11177,154,135,14,-355,16310,-1460,-3785,149,-1349,bf2f797f,bf39769f,3d338bd7,3d6e6f8b,bf2f797f,bf39769f,3d338be1,3d6e6f9b,1,48091484

11178,180,138,13,-383,16337,-1440,-3781,139,-1322,bf2f6d96,bf39825a,3d335391,3d6e3e1c,bf2f6d96,bf39825a,3d33539b,3d6e3e2c,1,48100002

11179,207,129,3,-367,16241,-1422,-3707,133,-1368,bf2f64d5,bf398b00,3d3331a6,3d6e0e01,bf2f64d4,bf398b00,3d3331af,3d6e0e10,1,48108521

11180,208,144,2,-340,16249,-1379,-3707,133,-1368,bf2f5c8f,bf399313,3d332293,3d6de686,bf2f5c8e,bf399313,3d33229c,3d6de694,1,48116539

11181,210,145,12,-378,16288,-1406,-3773,163,-1310,bf2f529f,bf399ce9,3d32eab1,3d6db78c,bf2f529e,bf399ce9,3d32eabb,3d6db79b,1,48125057

11182,205,129,5,-356,16234,-1390,-3771,203,-1298,bf2f4844,bf39a756,3d32a813,3d6d675e,bf2f4843,bf39a755,3d32a81c,3d6d676c,1,48133576

11183,193,131,0,-368,16269,-1395,-3771,203,-1298,bf2f3d41,bf39b25e,3d326b50,3d6d1643,bf2f3d41,bf39b25e,3d326b5a,3d6d1653,1,48142094

11184,199,139,1,-372,16325,-1409,-3725,231,-1284,bf2f326c,bf39bd2b,3d3231e4,3d6ccc78,bf2f326b,bf39bd2a,3d3231ee,3d6ccc87,1,48150613

11185,208,133,-6,-403,16304,-1396,-3773,165,-1289,bf2f2882,bf39c71f,3d31f638,3d6c8013,bf2f2882,bf39c71f,3d31f643,3d6c8024,1,48159132

11186,213,141,-27,-392,16207,-1338,-3773,165,-1289,bf2f1f73,bf39d03a,3d31d5ca,3d6c2680,bf2f1f73,bf39d03a,3d31d5d5,3d6c2691,1,48167650

11187,193,160,-41,-357,16240,-1397,-3817,171,-1368,bf2f1613,bf39d94c,3d31f46b,3d6be0b7,bf2f1613,bf39d94c,3d31f476,3d6be0c8,1,48176169

11188,176,164,-33,-327,16241,-1420,-3785,141,-1400,bf2f0c7d,bf39e261,3d32272f,3d6baeff,bf2f0c7d,bf39e261,3d32273a,3d6baf10,1,48184688

11189,181,163,-20,-348,16261,-1389,-3785,141,-1400,bf2f0387,bf39eadd,3d324708,3d6b8d65,bf2f0387,bf39eadd,3d324713,3d6b8d76,1,48193206

11190,179,156,-6,-344,16263,-1410,-3807,167,-1372,bf2ef96f,bf39f492,3d3245df,3d6b647f,bf2ef96e,bf39f491,3d3245e9,3d6b648f,1,48201725

11191,179,151,4,-340,16253,-1420,-3765,137,-1304,bf2eee52,bf39ff66,3d3225cc,3d6b2ff5,bf2eee51,bf39ff66,3d3225d7,3d6b3006,1,48210243

11192,195,155,8,-353,16299,-1405,-3795,147,-1380,bf2ee5b9,bf3a07a2,3d3218a5,3d6b1b5a,bf2ee5b8,bf3a07a2,3d3218b0,3d6b1b6b,1,48218762

11193,208,150,12,-379,16314,-1416,-3795,147,-1380,bf2edddf,bf3a0f31,3d31fd63,3d6b0be5,bf2eddde,bf3a0f31,3d31fd6e,3d6b0bf6,1,48226780

11194,211,143,1,-367,16246,-1386,-3793,163,-1397,bf2ed6ed,bf3a15ec,3d31edd8,3d6aeea0,bf2ed6ec,bf3a15ec,3d31ede3,3d6aeeb1,1,48235299

11195,198,142,-3,-367,16259,-1372,-3771,161,-1356,bf2ecea1,bf3a1e0b,3d31d409,3d6abfcc,bf2ecea1,bf3a1e0c,3d31d415,3d6abfde,1,48243817

11196,185,146,-9,-405,16293,-1378,-3771,161,-1356,bf2ec590,bf3a26da,3d31bdbb,3d6a96a7,bf2ec58f,bf3a26d9,3d31bdc6,3d6a96b7,1,48252336

11197,190,146,-29,-365,16292,-1413,-3753,195,-1397,bf2ebd8d,bf3a2e8e,3d31d2ca,3d6a60fb,bf2ebd8c,bf3a2e8d,3d31d2d5,3d6a610b,1,48260855

11198,188,145,-38,-346,16285,-1424,-3803,139,-1330,bf2eb3fa,bf3a37f3,3d31da4b,3d6a07e5,bf2eb3f9,bf3a37f2,3d31da57,3d6a07f6,1,48269373

11199,200,137,-28,-361,16268,-1392,-3803,139,-1330,bf2eab75,bf3a4067,3d31cbb0,3d69b44f,bf2eab74,bf3a4066,3d31cbbc,3d69b460,1,48277892

11200,201,152,-28,-356,16265,-1408,-3807,159,-1353,bf2ea33f,bf3a4864,3d31d279,3d6974da,bf2ea33e,bf3a4863,3d31d286,3d6974ec,1,48286410

11201,205,157,-20,-344,16260,-1387,-3757,155,-1388,bf2e9c9a,bf3a4eb4,3d31e96b,3d695023,bf2e9c9a,bf3a4eb4,3d31e978,3d695036,1,48294929

11202,203,161,-21,-350,16288,-1413,-3757,155,-1388,bf2e95a5,bf3a5548,3d320489,3d692fea,bf2e95a5,bf3a5548,3d320496,3d692ffd,1,48303447

11203,212,165,-12,-355,16289,-1392,-3807,159,-1383,bf2e8f09,bf3a5b8b,3d3211f7,3d6917dd,bf2e8f09,bf3a5b8a,3d321204,3d6917ef,1,48311966

11204,216,164,-10,-334,16259,-1398,-3801,173,-1345,bf2e87c3,bf3a628f,3d321118,3d68ef20,bf2e87c3,bf3a628e,3d321125,3d68ef32,1,48320485

11205,222,165,-7,-334,16222,-1376,-3743,187,-1362,bf2e81b8,bf3a6852,3d321761,3d68d497,bf2e81b8,bf3a6851,3d32176e,3d68d4a9,1,48329003

11206,218,156,-2,-331,16247,-1370,-3743,187,-1362,bf2e7b96,bf3a6e3d,3d321155,3d68b514,bf2e7b97,bf3a6e3c,3d321163,3d68b527,1,48337021

11207,206,159,9,-324,16281,-1410,-3769,95,-1317,bf2e73a2,bf3a75e8,3d31fb01,3d6896eb,bf2e73a3,bf3a75e7,3d31fb0f,3d6896fe,1,48345540

11208,202,138,10,-322,16261,-1405,-3809,145,-1365,bf2e6c3e,bf3a7d25,3d31dbc8,3d686d11,bf2e6c3f,bf3a7d24,3d31dbd6,3d686d24,1,48354059

11209,198,137,8,-323,16248,-1377,-3809,145,-1365,bf2e64f8,bf3a8447,3d31bd25,3d68407f,bf2e64f9,bf3a8446,3d31bd33,3d684092,1,48362577

11210,192,135,5,-337,16229,-1381,-3817,145,-1302,bf2e5be9,bf3a8d4a,3d3185c1,3d67fc6e,bf2e5be9,bf3a8d47,3d3185ce,3d67fc7f,1,48371096

11211,193,134,14,-358,16274,-1400,-3807,163,-1322,bf2e532c,bf3a95ec,3d314780,3d67ca43,bf2e532c,bf3a95ea,3d31478e,3d67ca55,1,48379615

11212,194,136,13,-379,16308,-1394,-3807,163,-1322,bf2e4aa5,bf3a9e57,3d3107f7,3d679d91,bf2e4aa6,bf3a9e55,3d310806,3d679da3,1,48388133

11213,203,146,0,-338,16249,-1360,-3797,231,-1422,bf2e4563,bf3aa356,3d310c0f,3d6787d1,bf2e4564,bf3aa354,3d310c1e,3d6787e3,1,48396652

11214,204,155,5,-364,16274,-1362,-3797,141,-1344,bf2e3e8b,bf3aa9f2,3d30f1e0,3d676e70,bf2e3e8c,bf3aa9f0,3d30f1ef,3d676e82,1,48405170

11215,184,157,5,-468,16332,-1336,-3797,141,-1344,bf2e36c2,bf3ab164,3d30c531,3d676c6b,bf2e36c2,bf3ab162,3d30c540,3d676c7d,1,48413689

11216,176,170,-21,-279,16222,-1395,-3723,193,-1317,bf2e2d9c,bf3aba1f,3d30debc,3d67304c,bf2e2d9d,bf3aba1e,3d30decc,3d67305f,1,48422208

11217,175,181,-18,-348,16292,-1404,-3759,175,-1339,bf2e24bf,bf3ac26b,3d30f8b4,3d671606,bf2e24c0,bf3ac26a,3d30f8c4,3d671619,1,48430726

11218,190,175,-14,-328,16296,-1423,-3779,183,-1358,bf2e1d08,bf3ac9a7,3d3111df,3d66fae0,bf2e1d08,bf3ac9a5,3d3111ee,3d66faf1,1,48438744

11219,205,172,-17,-317,16255,-1399,-3779,183,-1358,bf2e168f,bf3acfbf,3d312b9a,3d66d8e8,bf2e1690,bf3acfbf,3d312baa,3d66d8fb,1,48447263

11220,221,168,-9,-353,16282,-1396,-3743,151,-1379,bf2e1204,bf3ad3f3,3d313f02,3d66d045,bf2e1204,bf3ad3f3,3d313f11,3d66d057,1,48455781

11221,218,165,-8,-353,16287,-1399,-3807,127,-1350,bf2e0c57,bf3ad95b,3d313fae,3d66b7dc,bf2e0c57,bf3ad95b,3d313fbd,3d66b7ee,1,48464300

11222,223,169,-13,-350,16287,-1379,-3807,127,-1350,bf2e0742,bf3ade2e,3d314897,3d669e9a,bf2e0743,bf3ade2f,3d3148a7,3d669ead,1,48472818

11223,220,174,-23,-362,16224,-1357,-3783,107,-1350,bf2e0274,bf3ae2ad,3d316057,3d66878e,bf2e0273,bf3ae2ad,3d316066,3d66879f,1,48481337

11224,187,174,-33,-298,16208,-1342,-3785,149,-1304,bf2dfa99,bf3aea36,3d317c25,3d66448e,bf2dfa98,bf3aea35,3d317c34,3d66449e,1,48489856

11225,154,167,-31,-335,16263,-1369,-3785,149,-1304,bf2df089,bf3af3d5,3d318b5d,3d660321,bf2df088,bf3af3d4,3d318b6c,3d660331,1,48498374

11226,155,165,-24,-324,16241,-1366,-3787,177,-1370,bf2de827,bf3afbb7,3d31ab6d,3d65d955,bf2de825,bf3afbb5,3d31ab7b,3d65d964,1,48506893

11227,152,156,-10,-316,16292,-1399,-3793,201,-1331,bf2dde2b,bf3b0549,3d31a57d,3d65a138,bf2dde2b,bf3b054a,3d31a58d,3d65a149,1,48515412

11228,160,148,1,-319,16260,-1385,-3793,201,-1331,bf2dd4de,bf3b0e47,3d318bbc,3d656ce4,bf2dd4de,bf3b0e47,3d318bcb,3d656cf4,1,48523930

11229,163,145,3,-341,16281,-1387,-3769,129,-1327,bf2dcc30,bf3b16a6,3d316f5c,3d654393,bf2dcc30,bf3b16a6,3d316f6c,3d6543a4,1,48532449

11230,169,135,7,-336,16310,-1408,-3815,151,-1320,bf2dc34a,bf3b1f5c,3d313ee2,3d650b53,bf2dc34a,bf3b1f5c,3d313ef2,3d650b64,1,48540467

11231,164,131,-1,-348,16285,-1398,-3769,159,-1343,bf2dbb11,bf3b275f,3d311cb5,3d64d61a,bf2dbb10,bf3b275e,3d311cc4,3d64d629,1,48548985

11232,167,142,-7,-322,16280,-1390,-3769,159,-1343,bf2db339,bf3b2ef5,3d310f95,3d64a0ea,bf2db338,bf3b2ef4,3d310fa4,3d64a0f9,1,48557504

11233,171,136,-8,-311,16254,-1376,-3799,189,-1376,bf2dac80,bf3b3579,3d310955,3d646a58,bf2dac80,bf3b3579,3d310965,3d646a68,1,48566023

11234,178,135,-5,-308,16228,-1378,-3775,123,-1398,bf2da74c,bf3b3a73,3d311011,3d6444a6,bf2da74c,bf3b3a73,3d311021,3d6444b6,1,48574541

11235,175,136,3,-338,16278,-1401,-3775,123,-1398,bf2da1a9,bf3b3fcf,3d310a0b,3d642e3c,bf2da1aa,bf3b3fcf,3d310a1c,3d642e4c,1,48583060

11236,174,137,10,-326,16296,-1415,-3777,161,-1302,bf2d9918,bf3b4835,3d30d667,3d63f72b,bf2d9919,bf3b4834,3d30d677,3d63f73a,1,48591579

11237,189,141,8,-333,16291,-1420,-3805,211,-1407,bf2d93ed,bf3b4d1c,3d30cd9a,3d63e625,bf2d93ef,bf3b4d1c,3d30cdaa,3d63e635,1,48600097

11238,206,147,7,-335,16282,-1408,-3805,211,-1407,bf2d8fff,bf3b50d1,3d30c96b,3d63dbe4,bf2d9000,bf3b50cf,3d30c97a,3d63dbf2,1,48608616

11239,223,149,10,-311,16243,-1375,-3753,197,-1394,bf2d8d86,bf3b532b,3d30c647,3d63d1cb,bf2d8d87,bf3b532a,3d30c656,3d63d1da,1,48617135

11240,219,155,10,-330,16276,-1410,-3761,167,-1379,bf2d8a03,bf3b5677,3d30bfac,3d63cd51,bf2d8a04,bf3b5676,3d30bfbb,3d63cd60,1,48625653

11241,215,161,12,-309,16249,-1380,-3761,167,-1379,bf2d86a3,bf3b5997,3d30c0e2,3d63cb9a,bf2d86a5,bf3b5997,3d30c0f2,3d63cbaa,1,48633671

11242,217,164,25,-338,16345,-1439,-3809,141,-1360,bf2d8204,bf3b5de9,3d30a8a2,3d63d603,bf2d8205,bf3b5de8,3d30a8b1,3d63d611,1,48642190

11243,218,162,29,-321,16213,-1345,-3807,179,-1305,bf2d7cd8,bf3b62fa,3d3071a4,3d63c6ff,bf2d7cda,bf3b62fa,3d3071b3,3d63c70e,1,48650708

11244,207,163,44,-315,16248,-1357,-3741,183,-1329,bf2d77d2,bf3b67c1,3d303f10,3d63d32e,bf2d77d4,bf3b67c0,3d303f1e,3d63d33c,1,48659227

11245,200,160,49,-347,16278,-1381,-3741,183,-1329,bf2d7220,bf3b6d29,3d2fffd6,3d63e7a4,bf2d7221,bf3b6d27,3d2fffe4,3d63e7b1,1,48667745

11246,201,164,59,-353,16265,-1366,-3811,173,-1383,bf2d6ded,bf3b70fe,3d2fcbad,3d641a13,bf2d6df0,bf3b70fe,3d2fcbbd,3d641a21,1,48676264

11247,202,168,63,-352,16246,-1361,-3777,145,-1368,bf2d69b4,bf3b74d5,3d2f95d9,3d64526e,bf2d69b6,bf3b74d4,3d2f95e7,3d64527a,1,48684782

11248,202,167,62,-328,16261,-1373,-3777,145,-1368,bf2d656e,bf3b78bb,3d2f666a,3d6482a0,bf2d6570,bf3b78ba,3d2f6677,3d6482ac,1,48693301

11249,195,174,69,-367,16256,-1364,-3791,177,-1394,bf2d6161,bf3b7c49,3d2f379a,3d64cfce,bf2d6162,bf3b7c48,3d2f37a6,3d64cfd9,1,48701820

11250,200,170,58,-323,16225,-1348,-3725,173,-1342,bf2d5cb9,bf3b8094,3d2f0764,3d64f5e5,bf2d5cbb,bf3b8094,3d2f0771,3d64f5f2,1,48710339

11251,203,179,45,-359,16318,-1398,-3725,173,-1342,bf2d57c8,bf3b8510,3d2ee663,3d6520cd,bf2d57c9,bf3b850f,3d2ee670,3d6520d9,1,48718857

11252,203,178,36,-382,16293,-1404,-3779,145,-1377,bf2d53b1,bf3b88ab,3d2ed5d2,3d655291,bf2d53b2,bf3b88ab,3d2ed5e0,3d65529e,1,48727376

11253,223,175,20,-378,16310,-1392,-3761,193,-1326,bf2d4f85,bf3b8c94,3d2eb95b,3d655cf8,bf2d4f84,bf3b8c92,3d2eb968,3d655d04,1,48735894

11254,223,172,12,-354,16277,-1363,-3761,193,-1326,bf2d4bc9,bf3b9020,3d2ea66e,3d65578a,bf2d4bc9,bf3b901e,3d2ea67c,3d655797,1,48743912

11255,223,165,8,-358,16282,-1375,-3771,121,-1348,bf2d48ea,bf3b92d0,3d2e9f1b,3d6555b0,bf2d48eb,bf3b92d0,3d2e9f2a,3d6555bf,1,48752431

11256,222,157,6,-363,16301,-1385,-3747,155,-1290,bf2d444b,bf3b975d,3d2e7a7c,3d6535d2,bf2d444c,bf3b975d,3d2e7a8b,3d6535e1,1,48760949

11257,229,145,1,-356,16294,-1392,-3775,163,-1356,bf2d41d0,bf3b99db,3d2e6898,3d651970,bf2d41d1,bf3b99db,3d2e68a7,3d65197e,1,48769468

11258,241,143,1,-358,16253,-1378,-3775,163,-1356,bf2d403e,bf3b9b85,3d2e531e,3d64fc9c,bf2d403e,bf3b9b85,3d2e532d,3d64fca9,1,48777987

11259,248,149,1,-365,16302,-1394,-3765,151,-1336,bf2d3e78,bf3b9d60,3d2e3ada,3d64e1e1,bf2d3e78,bf3b9d60,3d2e3ae9,3d64e1ee,1,48786505

11260,254,147,-6,-355,16243,-1351,-3769,155,-1394,bf2d3f68,bf3b9c8e,3d2e4266,3d64d317,bf2d3f68,bf3b9c8e,3d2e4275,3d64d324,1,48795024

11261,245,152,-8,-344,16252,-1343,-3769,155,-1394,bf2d3fe8,bf3b9c1b,3d2e536c,3d64c43f,bf2d3fe8,bf3b9c1a,3d2e537b,3d64c44b,1,48803542

11262,241,159,-4,-332,16225,-1352,-3763,125,-1441,bf2d41c0,bf3b9a26,3d2e8550,3d64d210,bf2d41c1,bf3b9a26,3d2e855f,3d64d21d,1,48812061

11263,231,161,8,-333,16238,-1328,-3789,137,-1313,bf2d3ee8,bf3b9cfc,3d2e6c2b,3d64b82a,bf2d3ee8,bf3b9cfb,3d2e6c39,3d64b835,1,48820579

11264,205,156,18,-332,16230,-1324,-3789,137,-1313,bf2d3a84,bf3ba14a,3d2e46c0,3d64a0d5,bf2d3a84,bf3ba149,3d2e46cf,3d64a0e0,1,48829098

11265,185,135,20,-349,16254,-1329,-3775,157,-1290,bf2d3447,bf3ba789,3d2e010d,3d647094,bf2d3447,bf3ba788,3d2e011c,3d64709f,1,48837617

11266,172,127,20,-351,16262,-1364,-3761,199,-1309,bf2d2d51,bf3bae75,3d2dbae1,3d643cd6,bf2d2d50,bf3bae74,3d2dbaef,3d643ce0,1,48845635

11267,184,136,21,-365,16297,-1365,-3761,199,-1309,bf2d2726,bf3bb491,3d2d7870,3d6416c1,bf2d2726,bf3bb491,3d2d787e,3d6416cc,1,48854153

11268,196,139,17,-346,16289,-1349,-3785,189,-1276,bf2d210b,bf3bbab8,3d2d3162,3d63debd,bf2d210b,bf3bbab8,3d2d3170,3d63dec8,1,48862672

11269,207,142,18,-352,16283,-1338,-3795,191,-1282,bf2d1be7,bf3bbff3,3d2cead0,3d63ad8b,bf2d1be7,bf3bbff3,3d2ceade,3d63ad96,1,48871190

11270,214,149,18,-358,16279,-1352,-3821,185,-1367,bf2d197e,bf3bc254,3d2cccae,3d63a4b5,bf2d197d,bf3bc253,3d2cccbc,3d63a4bf,1,48879709

11271,211,149,23,-368,16249,-1322,-3821,185,-1367,bf2d1749,bf3bc481,3d2ca6be,3d63a2f9,bf2d1748,bf3bc480,3d2ca6cc,3d63a303,1,48888228

11272,197,149,22,-346,16241,-1318,-3789,209,-1291,bf2d1200,bf3bc9c9,3d2c66af,3d637c53,bf2d11ff,bf3bc9c9,3d2c66be,3d637c5e,1,48896746

11273,186,152,21,-370,16285,-1333,-3795,181,-1332,bf2d0d43,bf3bce60,3d2c3a55,3d636ef2,bf2d0d42,bf3bce60,3d2c3a64,3d636efe,1,48905265

11274,180,145,17,-360,16284,-1350,-3795,181,-1332,bf2d080b,bf3bd376,3d2c0f29,3d635458,bf2d080b,bf3bd377,3d2c0f39,3d635466,1,48913784

11275,181,137,15,-350,16255,-1339,-3797,139,-1329,bf2d0336,bf3bd83e,3d2be2f8,3d633039,bf2d0336,bf3bd83f,3d2be308,3d633047,1,48922302

11276,176,139,10,-356,16296,-1372,-3761,163,-1314,bf2cfd5c,bf3bddfa,3d2bb8c3,3d63065c,bf2cfd5c,bf3bddfb,3d2bb8d3,3d630669,1,48930821

11277,185,137,11,-353,16230,-1333,-3761,163,-1314,bf2cf893,bf3be2c2,3d2b8a8f,3d62db90,bf2cf891,bf3be2c1,3d2b8a9c,3d62db9c,1,48938839

11278,172,144,14,-356,16265,-1355,-3795,145,-1377,bf2cf4b1,bf3be66c,3d2b7c6a,3d62d188,bf2cf4b1,bf3be66e,3d2b7c79,3d62d197,1,48947358

11279,165,143,30,-366,16291,-1354,-3795,173,-1335,bf2ceee5,bf3bec04,3d2b45b2,3d62c404,bf2ceee5,bf3bec06,3d2b45c1,3d62c413,1,48955876

11280,173,144,30,-373,16273,-1339,-3795,173,-1335,bf2ce9d7,bf3bf0ea,3d2b0d98,3d62b9b7,bf2ce9d6,bf3bf0eb,3d2b0da6,3d62b9c5,1,48964395

11281,183,154,31,-373,16272,-1346,-3801,163,-1292,bf2ce40d,bf3bf68d,3d2acbae,3d62aa68,bf2ce40b,bf3bf68d,3d2acbbc,3d62aa75,1,48972913

11282,189,158,35,-373,16288,-1354,-3861,183,-1376,bf2ce0de,bf3bf984,3d2aa89e,3d62bda9,bf2ce0dc,bf3bf984,3d2aa8ac,3d62bdb6,1,48981432

11283,196,156,28,-379,16301,-1338,-3861,183,-1376,bf2cde74,bf3bfbca,3d2a88ab,3d62ca57,bf2cde71,bf3bfbca,3d2a88b8,3d62ca63,1,48989950

11284,213,160,22,-370,16262,-1320,-3817,165,-1380,bf2cddcf,bf3bfc59,3d2a7aa8,3d62db38,bf2cddcd,bf3bfc5a,3d2a7ab6,3d62db45,1,48998469

11285,199,157,19,-384,16269,-1331,-3789,173,-1444,bf2cdeb8,bf3bfb38,3d2a91e7,3d6307e2,bf2cdeb6,bf3bfb39,3d2a91f4,3d6307ee,1,49006988

11286,203,156,23,-378,16290,-1352,-3801,185,-1332,bf2cdb5f,bf3bfe79,3d2a677a,3d63024d,bf2cdb5d,bf3bfe7a,3d2a6787,3d63025a,1,49015506

11287,206,154,18,-373,16290,-1362,-3801,185,-1332,bf2cd827,bf3c019f,3d2a41bf,3d62f51d,bf2cd827,bf3c01a2,3d2a41cd,3d62f52b,1,49024025

11288,211,152,8,-375,16280,-1348,-3825,185,-1297,bf2cd456,bf3c057d,3d2a115d,3d62cd6a,bf2cd454,bf3c057d,3d2a1168,3d62cd75,1,49032544

11289,211,154,15,-356,16270,-1331,-3811,167,-1271,bf2cd028,bf3c09bc,3d29d897,3d62a302,bf2cd026,bf3c09bd,3d29d8a3,3d62a30e,1,49041062

11290,201,157,12,-371,16287,-1365,-3811,167,-1271,bf2ccaff,bf3c0ed8,3d29a4a2,3d627c45,bf2ccafe,bf3c0eda,3d29a4af,3d627c53,1,49049080

11291,209,149,7,-374,16279,-1345,-3789,219,-1376,bf2cc9e9,bf3c0fee,3d299982,3d627203,bf2cc9e7,bf3c0ff0,3d29998e,3d627211,1,49057599

11292,206,141,10,-358,16218,-1302,-3751,193,-1399,bf2cca78,bf3c0f70,3d299973,3d626e29,bf2cca76,bf3c0f72,3d29997f,3d626e37,1,49066117

11293,203,150,12,-374,16259,-1335,-3751,193,-1399,bf2cca49,bf3c0f8c,3d299c8d,3d627894,bf2cca47,bf3c0f8c,3d299c98,3d6278a0,1,49074636

11294,185,145,12,-369,16280,-1337,-3807,165,-1354,bf2cc738,bf3c128b,3d298320,3d626584,bf2cc736,bf3c128b,3d29832b,3d626590,1,49083154

11295,174,140,8,-355,16209,-1316,-3767,161,-1330,bf2cc32c,bf3c1689,3d29652b,3d62407c,bf2cc32b,bf3c168b,3d296537,3d62408a,1,49091673

11296,164,149,16,-370,16258,-1332,-3767,161,-1330,bf2cbe51,bf3c1b32,3d29458b,3d622eba,bf2cbe4e,bf3c1b33,3d294595,3d622ec7,1,49100192

11297,148,145,12,-378,16293,-1353,-3781,143,-1318,bf2cb7f0,bf3c214f,3d29219c,3d6211fe,bf2cb7ee,bf3c2151,3d2921a8,3d62120d,1,49108710

11298,146,135,17,-389,16303,-1362,-3811,179,-1328,bf2cb16d,bf3c27a1,3d28ec1d,3d61f0b2,bf2cb16b,bf3c27a2,3d28ec28,3d61f0c1,1,49117229

11299,156,132,8,-381,16300,-1376,-3799,173,-1309,bf2caaf8,bf3c2dfa,3d28b80a,3d61bd2a,bf2caaf7,bf3c2dfc,3d28b816,3d61bd3a,1,49125748

11300,175,136,8,-358,16184,-1302,-3799,173,-1309,bf2ca6ac,bf3c3255,3d2888ca,3d618966,bf2ca6ab,bf3c3257,3d2888d6,3d618976,1,49134266

11301,175,138,13,-381,16298,-1353,-3831,153,-1368,bf2ca3bb,bf3c3533,3d286e3c,3d6178e9,bf2ca3b9,bf3c3535,3d286e48,3d6178f8,1,49142785

11302,169,146,20,-379,16325,-1386,-3759,175,-1330,bf2c9ee4,bf3c39d7,3d284856,3d616a88,bf2c9ee1,bf3c39d8,3d284862,3d616a96,1,49150803

11303,177,140,18,-374,16289,-1361,-3759,175,-1330,bf2c9af3,bf3c3db4,3d281efd,3d6153d9,bf2c9af1,bf3c3db5,3d281f0a,3d6153e8,1,49159321

11304,192,134,6,-351,16176,-1299,-3795,189,-1247,bf2c95fc,bf3c42e3,3d27d637,3d6102c7,bf2c95fa,bf3c42e4,3d27d644,3d6102d6,1,49167840

11305,171,139,21,-374,16238,-1324,-3773,165,-1331,bf2c924a,bf3c4687,3d27a8c3,3d60ee27,bf2c9248,bf3c4687,3d27a8cf,3d60ee35,1,49176358

11306,158,150,29,-387,16301,-1372,-3773,165,-1331,bf2c8d23,bf3c4b67,3d277d41,3d60ede1,bf2c8d22,bf3c4b67,3d277d4e,3d60edf0,1,49184877

11307,167,147,22,-394,16315,-1360,-3827,159,-1281,bf2c870a,bf3c515f,3d27397f,3d60ce19,bf2c8709,bf3c5160,3d27398c,3d60ce28,1,49193396

11308,183,141,20,-380,16296,-1366,-3849,173,-1307,bf2c829a,bf3c55d0,3d26fc18,3d60aade,bf2c829a,bf3c55d1,3d26fc26,3d60aaee,1,49201915

11309,185,134,8,-367,16234,-1317,-3849,173,-1307,bf2c7f13,bf3c597d,3d26c575,3d6072a9,bf2c7f14,bf3c597f,3d26c583,3d6072ba,1,49210433

11310,172,126,3,-373,16222,-1336,-3843,175,-1264,bf2c793c,bf3c5f7f,3d267b26,3d601ebc,bf2c793b,bf3c5f7f,3d267b33,3d601ecc,1,49218952

11311,152,136,3,-383,16252,-1323,-3847,159,-1303,bf2c73af,bf3c64ff,3d264a7f,3d5fe6cf,bf2c73af,bf3c6500,3d264a8d,3d5fe6e0,1,49227470

11312,137,135,2,-375,16300,-1360,-3809,203,-1284,bf2c6c2b,bf3c6c61,3d26157e,3d5fa209,bf2c6c2b,bf3c6c61,3d26158b,3d5fa219,1,49235989

11313,134,128,-4,-701,16305,-1159,-3809,203,-1284,bf2c6733,bf3c7164,3d25882d,3d5fa663,bf2c6733,bf3c7164,3d25883a,3d5fa673,1,49244007

11314,113,163,-54,-220,16250,-1433,-3789,177,-1301,bf2c5e6d,bf3c79b0,3d25d7bb,3d5f3053,bf2c5e6d,bf3c79af,3d25d7c7,3d5f3062,1,49253026

11315,120,150,-31,-411,16321,-1363,-3801,167,-1313,bf2c5756,bf3c806e,3d25dbd2,3d5ef5cb,bf2c5757,bf3c806e,3d25dbde,3d5ef5db,1,49261044

11316,155,157,-26,-368,16381,-1448,-3801,167,-1313,bf2c5164,bf3c8611,3d25eb64,3d5ebe6c,bf2c5165,bf3c8611,3d25eb70,3d5ebe7c,1,49269563

11317,199,149,-17,-361,16329,-1401,-3811,191,-1337,bf2c4f7e,bf3c8802,3d25efcc,3d5e8f37,bf2c4f7e,bf3c8802,3d25efd8,3d5e8f46,1,49278081

11318,249,136,-15,-369,16285,-1368,-3759,197,-1306,bf2c504b,bf3c87a8,3d25d52f,3d5e51cb,bf2c504a,bf3c87a7,3d25d539,3d5e51d9,1,49286600

11319,255,121,-13,-370,16224,-1340,-3759,197,-1306,bf2c51d3,bf3c86bd,3d25a922,3d5e0866,bf2c51d3,bf3c86bd,3d25a92c,3d5e0875,1,49295119

11320,242,122,-31,-460,16172,-1256,-3819,247,-1307,bf2c5351,bf3c85ee,3d256b1f,3d5dbca2,bf2c5351,bf3c85ee,3d256b29,3d5dbcb1,1,49303637

11321,186,146,-56,-291,16134,-1277,-3777,183,-1337,bf2c52c8,bf3c86ae,3d25a525,3d5d59b0,bf2c52c8,bf3c86ae,3d25a52f,3d5d59bf,1,49312156

11322,136,157,-34,-327,16247,-1341,-3777,183,-1337,bf2c4e17,bf3c8b19,3d25cf2b,3d5d1d07,bf2c4e17,bf3c8b19,3d25cf35,3d5d1d16,1,49320675

11323,120,154,-7,-302,16217,-1344,-3825,167,-1337,bf2c482f,bf3c90ac,3d25dfaf,3d5cec0f,bf2c482f,bf3c90ab,3d25dfb8,3d5cec1e,1,49329193

11324,102,138,9,-324,16233,-1357,-3777,187,-1337,bf2c411f,bf3c975c,3d25d09d,3d5cc1db,bf2c411f,bf3c975c,3d25d0a6,3d5cc1ea,1,49337712

11325,90,141,36,-362,16321,-1375,-3803,201,-1272,bf2c36b1,bf3ca153,3d258034,3d5c9da0,bf2c36b1,bf3ca153,3d25803d,3d5c9daf,1,49346231

11326,99,139,47,-357,16267,-1345,-3803,201,-1272,bf2c2d45,bf3caa60,3d2522c4,3d5c80a7,bf2c2d45,bf3caa60,3d2522cd,3d5c80b6,1,49354248

11327,97,137,51,-374,16335,-1423,-3817,187,-1356,bf2c25ae,bf3cb174,3d24e781,3d5c8cef,bf2c25ae,bf3cb174,3d24e78a,3d5c8cfe,1,49362767

11328,117,128,42,-402,16342,-1425,-3821,161,-1304,bf2c1dbd,bf3cb914,3d248e5e,3d5c7c15,bf2c1dbd,bf3cb914,3d248e67,3d5c7c24,1,49371286

11329,155,134,23,-400,16359,-1430,-3821,161,-1304,bf2c1848,bf3cbe66,3d244c16,3d5c6164,bf2c1848,bf3cbe66,3d244c1f,3d5c6173,1,49379804

11330,193,128,4,-383,16347,-1435,-3799,205,-1253,bf2c1391,bf3cc34a,3d2400eb,3d5c16f2,bf2c1390,bf3cc349,3d2400f3,3d5c1701,1,49388323

11331,222,133,-15,-358,16285,-1385,-3815,181,-1347,bf2c14b3,bf3cc284,3d23fb84,3d5be35b,bf2c14b2,bf3cc283,3d23fb8c,3d5be369,1,49396841

11332,232,121,-25,-377,16257,-1374,-3815,181,-1347,bf2c16a4,bf3cc118,3d23ef1f,3d5ba101,bf2c16a3,bf3cc116,3d23ef27,3d5ba10e,1,49405360

11333,235,124,-26,-356,16228,-1335,-3761,175,-1345,bf2c198a,bf3cbebe,3d23ee70,3d5b603c,bf2c198a,bf3cbebc,3d23ee79,3d5b604a,1,49413879

11334,212,131,-29,-507,16272,-1252,-3749,149,-1327,bf2c1ba6,bf3cbd0e,3d23cb6e,3d5b46b9,bf2c1ba6,bf3cbd0c,3d23cb77,3d5b46c7,1,49422397

11335,170,145,-58,-303,16201,-1346,-3749,149,-1327,bf2c19d9,bf3cbeea,3d24088f,3d5ae8b8,bf2c19da,bf3cbee9,3d240899,3d5ae8c7,1,49430916

11336,140,145,-41,-346,16281,-1368,-3799,191,-1336,bf2c15cf,bf3cc2d2,3d24293c,3d5a9fab,bf2c15d0,bf3cc2d0,3d242946,3d5a9fb9,1,49439435

11337,137,146,-31,-343,16316,-1415,-3789,187,-1339,bf2c1111,bf3cc752,3d244597,3d5a62d6,bf2c1112,bf3cc74f,3d2445a1,3d5a62e3,1,49447954

11338,154,141,-19,-339,16290,-1395,-3739,203,-1320,bf2c0d21,bf3ccb2a,3d2449da,3d5a27c0,bf2c0d23,bf3ccb27,3d2449e4,3d5a27ce,1,49456472

11339,172,134,-3,-343,16296,-1390,-3739,203,-1320,bf2c0a65,bf3ccdf2,3d243569,3d59f6a0,bf2c0a67,bf3ccdef,3d243573,3d59f6ae,1,49464490

11340,191,135,8,-341,16299,-1403,-3807,157,-1346,bf2c0985,bf3ccef0,3d2421a4,3d59da03,bf2c0987,bf3cceed,3d2421ae,3d59da11,1,49473009

11341,202,131,-1,-345,16260,-1389,-3815,143,-1321,bf2c08ac,bf3cd008,3d2404d0,3d59a94e,bf2c08ad,bf3cd004,3d2404da,3d59a95c,1,49481527

11342,209,132,3,-338,16247,-1390,-3815,143,-1321,bf2c083a,bf3cd0bd,3d23e614,3d597c0e,bf2c083d,bf3cd0bb,3d23e620,3d597c1f,1,49490046

11343,217,130,10,-352,16218,-1354,-3795,185,-1310,bf2c0845,bf3cd113,3d23b201,3d5950d9,bf2c0847,bf3cd110,3d23b20c,3d5950e9,1,49498565

11344,202,134,15,-354,16254,-1348,-3829,159,-1290,bf2c06c6,bf3cd2da,3d23731d,3d592498,bf2c06c7,bf3cd2d6,3d237327,3d5924a7,1,49507083

11345,186,139,9,-366,16286,-1377,-3829,159,-1290,bf2c03e9,bf3cd5d2,3d233e63,3d58fa2e,bf2c03ec,bf3cd5cf,3d233e6e,3d58fa3e,1,49515602

11346,174,141,-1,-346,16228,-1360,-3787,167,-1300,bf2c0112,bf3cd8b9,3d232256,3d58caa7,bf2c0113,bf3cd8b5,3d232261,3d58cab6,1,49524121

11347,164,145,-1,-368,16285,-1355,-3805,155,-1260,bf2bfc5f,bf3cdd66,3d22f380,3d58936c,bf2bfc62,bf3cdd65,3d22f38d,3d58937d,1,49532639

11348,153,129,-2,-432,16316,-1348,-3805,155,-1260,bf2bf72f,bf3ce2a0,3d22a954,3d585ac7,bf2bf730,bf3ce29e,3d22a960,3d585ad6,1,49541158

11349,144,125,-29,-322,16303,-1420,-3811,159,-1235,bf2beff5,bf3ce9de,3d2287f3,3d57e0f1,bf2beff6,bf3ce9dc,3d228800,3d57e100,1,49549676

11350,147,127,-24,-350,16239,-1357,-3777,155,-1376,bf2bef0b,bf3cead2,3d22a184,3d57b2b4,bf2bef0b,bf3ceacf,3d22a190,3d57b2c3,1,49558195

11351,158,133,-20,-348,16286,-1390,-3817,185,-1403,bf2bef27,bf3ceab8,3d22c80d,3d5795c5,bf2bef27,bf3ceab5,3d22c817,3d5795d4,1,49566213

11352,156,137,-24,-347,16284,-1378,-3817,185,-1403,bf2bef5e,bf3cea7e,3d22f5ff,3d577966,bf2bef5e,bf3cea7d,3d22f609,3d577975,1,49574732

11353,161,130,-29,-373,16301,-1424,-3821,191,-1374,bf2bedd1,bf3cec0d,3d230908,3d574a39,bf2bedd1,bf3cec0c,3d230912,3d574a48,1,49583250

11354,168,126,-36,-352,16248,-1372,-3767,173,-1322,bf2bebd9,bf3cee2f,3d230c94,3d56fb09,bf2bebd9,bf3cee2e,3d230c9e,3d56fb18,1,49591769

11355,164,141,-43,-323,16251,-1375,-3767,173,-1322,bf2be9a3,bf3cf070,3d232ba1,3d56ad2c,bf2be9a2,bf3cf06f,3d232bab,3d56ad3b,1,49600288

11356,151,145,-37,-319,16300,-1414,-3755,145,-1346,bf2be723,bf3cf2cc,3d235a77,3d5674a9,bf2be724,bf3cf2cc,3d235a82,3d5674b9,1,49608806

11357,171,139,-29,-322,16240,-1384,-3805,129,-1294,bf2be440,bf3cf5c3,3d235c01,3d562826,bf2be440,bf3cf5c2,3d235c0b,3d562835,1,49617325

11358,184,140,-14,-338,16227,-1373,-3805,129,-1294,bf2be245,bf3cf7de,3d234a40,3d55ef8b,bf2be246,bf3cf7de,3d234a4b,3d55ef9b,1,49625843

11359,186,149,-4,-347,16277,-1398,-3773,201,-1321,bf2be0d6,bf3cf959,3d233e39,3d55d30d,bf2be0d6,bf3cf958,3d233e43,3d55d31d,1,49634362

11360,187,150,-4,-330,16290,-1407,-3829,119,-1252,bf2bdd2d,bf3cfd0a,3d231b3c,3d559a6a,bf2bdd2f,bf3cfd0a,3d231b48,3d559a7b,1,49642881

11361,193,143,-4,-324,16252,-1382,-3829,119,-1252,bf2bda46,bf3d0019,3d22f1e2,3d5559dd,bf2bda48,bf3d0019,3d22f1ee,3d5559ee,1,49651399

11362,189,136,0,-331,16256,-1373,-3781,183,-1255,bf2bd740,bf3d0354,3d22bb8a,3d55169b,bf2bd742,bf3d0354,3d22bb96,3d5516ac,1,49659918

11363,179,137,-11,-326,16259,-1391,-3791,181,-1324,bf2bd5e5,bf3d04d1,3d22b309,3d54e4ab,bf2bd5e5,bf3d04cf,3d22b314,3d54e4ba,1,49667936

11364,163,130,-13,-315,16262,-1389,-3791,181,-1324,bf2bd3a5,bf3d0729,3d22a9d5,3d54a680,bf2bd3a6,bf3d0727,3d22a9e0,3d54a690,1,49676455

11365,167,120,-8,-325,16224,-1395,-3815,165,-1329,bf2bd1b4,bf3d0949,3d2291b9,3d5467e3,bf2bd1b4,bf3d0946,3d2291c3,3d5467f2,1,49684973

11366,165,126,-1,-342,16214,-1322,-3801,189,-1329,bf2bd0ca,bf3d0a6e,3d2270d0,3d5439c9,bf2bd0ca,bf3d0a6c,3d2270db,3d5439d9,1,49693492

11367,131,145,-1,-359,16255,-1358,-3783,171,-1309,bf2bcc7d,bf3d0e8c,3d2259c3,3d541b90,bf2bcc7e,bf3d0e8a,3d2259ce,3d541ba1,1,49702011

11368,118,152,-13,-314,16303,-1429,-3783,171,-1309,bf2bc679,bf3d142e,3d226301,3d53ed09,bf2bc67a,bf3d142c,3d22630c,3d53ed1a,1,49710538

11369,123,139,-15,-330,16317,-1423,-3807,195,-1339,bf2bc1f2,bf3d187d,3d226947,3d53bd59,bf2bc1f2,bf3d187a,3d226952,3d53bd69,1,49719057

11370,140,130,-13,-324,16311,-1417,-3755,149,-1312,bf2bbe04,bf3d1c57,3d226046,3d538344,bf2bbe05,bf3d1c55,3d226053,3d538356,1,49727575

11371,166,132,-2,-325,16320,-1441,-3755,149,-1312,bf2bbb59,bf3d1f05,3d224cac,3d535721,bf2bbb5a,bf3d1f03,3d224cb9,3d535732,1,49736094

11372,199,131,8,-325,16264,-1401,-3791,157,-1249,bf2bb8e3,bf3d21bf,3d220a67,3d53181f,bf2bb8e4,bf3d21be,3d220a74,3d531831,1,49744613

11373,209,134,7,-339,16244,-1389,-3795,167,-1284,bf2bb85f,bf3d2297,3d21d53f,3d52ec00,bf2bb85f,bf3d2295,3d21d54c,3d52ec11,1,49753131

11374,210,139,8,-324,16260,-1402,-3795,167,-1284,bf2bb7c0,bf3d237d,3d21a7b3,3d52c1fe,bf2bb7c0,bf3d237b,3d21a7c0,3d52c20f,1,49761149

11375,207,139,5,-324,16254,-1387,-3841,147,-1348,bf2bb994,bf3d21f4,3d219b66,3d52ae7f,bf2bb994,bf3d21f2,3d219b73,3d52ae8f,1,49769668

11376,197,140,9,-329,16267,-1378,-3815,197,-1343,bf2bba9d,bf3d2129,3d218645,3d529c44,bf2bba9e,bf3d2128,3d218653,3d529c56,1,49778186

11377,188,141,10,-304,16194,-1347,-3815,197,-1343,bf2bbb8e,bf3d2076,3d217734,3d5284d1,bf2bbb8f,bf3d2075,3d217742,3d5284e2,1,49786705

11378,182,152,21,-324,16248,-1391,-3851,233,-1320,bf2bba16,bf3d21fe,3d214f70,3d52758d,bf2bba17,bf3d21fd,3d214f7f,3d52759e,1,49795224

11379,174,146,27,-347,16317,-1402,-3815,153,-1260,bf2bb657,bf3d25bc,3d2107cd,3d525d3d,bf2bb659,bf3d25bb,3d2107dc,3d525d4f,1,49803742

11380,173,143,20,-342,16275,-1394,-3839,161,-1237,bf2bb1d4,bf3d2a4d,3d20b8b6,3d522dfe,bf2bb1d5,bf3d2a4b,3d20b8c3,3d522e0e,1,49812261

11381,176,135,17,-334,16239,-1384,-3839,161,-1237,bf2badb7,bf3d2e8f,3d2066de,3d51f260,bf2badb8,bf3d2e8d,3d2066eb,3d51f270,1,49820780

11382,168,127,15,-346,16298,-1414,-3787,195,-1425,bf2bb05b,bf3d2c08,3d207738,3d5206ab,bf2bb05c,bf3d2c07,3d207746,3d5206bb,1,49829299

11383,176,125,9,-349,16293,-1414,-3813,159,-1378,bf2bb153,bf3d2b39,3d206b59,3d51fd66,bf2bb154,bf3d2b38,3d206b67,3d51fd76,1,49837817

11384,180,125,1,-350,16319,-1463,-3813,159,-1378,bf2bb1b9,bf3d2af3,3d2067ca,3d51ec8d,bf2bb1b9,bf3d2af1,3d2067d8,3d51ec9d,1,49846336

11385,189,119,-12,-340,16263,-1411,-3817,173,-1367,bf2bb315,bf3d29e9,3d20648f,3d51c251,bf2bb315,bf3d29e7,3d20649d,3d51c262,1,49854854

11386,199,112,-16,-326,16243,-1396,-3815,169,-1358,bf2bb4fd,bf3d2876,3d205c78,3d5186cb,bf2bb4fe,bf3d2876,3d205c87,3d5186de,1,49863373

11387,193,121,-15,-325,16224,-1367,-3815,169,-1358,bf2bb6f8,bf3d26e2,3d205b38,3d51552f,bf2bb6f9,bf3d26e2,3d205b47,3d515542,1,49871391

11388,178,124,-5,-328,16266,-1396,-3833,225,-1341,bf2bb67b,bf3d27a2,3d2042ce,3d512129,bf2bb67a,bf3d27a1,3d2042dc,3d51213b,1,49879910

11389,163,119,-3,-325,16318,-1417,-3837,193,-1322,bf2bb42b,bf3d2a21,3d201e8a,3d50e21d,bf2bb42a,bf3d2a20,3d201e98,3d50e22f,1,49888428

11390,178,119,2,-349,16291,-1422,-3837,193,-1322,bf2bb2a7,bf3d2be1,3d1fee64,3d50af75,bf2bb2a6,bf3d2be1,3d1fee72,3d50af88,1,49896947

11391,193,119,1,-330,16253,-1375,-3847,171,-1299,bf2bb20b,bf3d2ce5,3d1fb6e6,3d506eb5,bf2bb20a,bf3d2ce5,3d1fb6f4,3d506ec8,1,49905465

11392,197,118,-10,-310,16172,-1361,-3759,155,-1303,bf2bb267,bf3d2cf6,3d1f9984,3d502a00,bf2bb266,bf3d2cf6,3d1f9992,3d502a13,1,49913984

11393,171,134,2,-358,16284,-1365,-3777,215,-1411,bf2bb58b,bf3d29fa,3d1fae17,3d50397b,bf2bb58a,bf3d29fa,3d1fae25,3d50398e,1,49922503

11394,148,134,-12,-325,16262,-1385,-3777,215,-1411,bf2bb6da,bf3d28ad,3d1fdb00,3d50309e,bf2bb6da,bf3d28ad,3d1fdb0f,3d5030b2,1,49931021

11395,126,130,-30,-319,16289,-1417,-3825,133,-1381,bf2bb4fd,bf3d2a6c,3d2006cd,3d5002a9,bf2bb4fd,bf3d2a6b,3d2006db,3d5002bc,1,49939540

11396,135,125,-21,-324,16265,-1407,-3791,165,-1304,bf2bb0bd,bf3d2ea5,3d1ff88f,3d4fb8a1,bf2bb0bd,bf3d2ea4,3d1ff89d,3d4fb8b4,1,49948058

11397,144,128,-19,-315,16288,-1417,-3791,165,-1304,bf2bacfb,bf3d3265,3d1feccd,3d4f71f1,bf2bacfb,bf3d3264,3d1fecdb,3d4f7203,1,49956577

11398,159,130,-14,-317,16310,-1442,-3797,169,-1373,bf2bac81,bf3d32e6,3d2001cf,3d4f5120,bf2bac82,bf3d32e6,3d2001de,3d4f5133,1,49965096

11399,171,120,-11,-321,16295,-1428,-3793,115,-1357,bf2bac92,bf3d3303,3d200340,3d4f27f3,bf2bac92,bf3d3303,3d20034f,3d4f2805,1,49973113

11400,178,116,-11,-330,16262,-1405,-3793,115,-1357,bf2bad6d,bf3d326f,3d1ffda9,3d4efe52,bf2bad6d,bf3d326f,3d1ffdb8,3d4efe64,1,49981632

11401,184,120,-21,-297,16223,-1378,-3817,165,-1356,bf2baed7,bf3d3162,3d200682,3d4ec199,bf2baed6,bf3d3161,3d200690,3d4ec1aa,1,49990151

11402,173,125,-19,-306,16255,-1377,-3841,157,-1355,bf2baf7c,bf3d30ff,3d200def,3d4e8c18,bf2baf7b,bf3d30ff,3d200dfd,3d4e8c29,1,49998669

11403,159,122,-17,-301,16247,-1406,-3841,157,-1355,bf2baeb8,bf3d31e9,3d201322,3d4e5385,bf2baeb7,bf3d31ea,3d201331,3d4e5397,1,50007188

11404,157,127,-13,-304,16229,-1390,-3773,209,-1337,bf2bad60,bf3d3361,3d200eb8,3d4e1e29,bf2bad5e,bf3d3361,3d200ec7,3d4e1e3a,1,50015706

11405,142,134,-5,-286,16259,-1410,-3763,169,-1387,bf2bad1b,bf3d3395,3d20305d,3d4e0c0b,bf2bad1a,bf3d3396,3d20306c,3d4e0c1d,1,50024225

11406,136,122,-4,-286,16264,-1420,-3837,143,-1407,bf2bacfe,bf3d33af,3d204f89,3d4df476,bf2bacfd,bf3d33af,3d204f98,3d4df487,1,50032744

11407,134,125,2,-299,16215,-1366,-3837,143,-1407,bf2badb6,bf3d32ff,3d206733,3d4dea8d,bf2badb6,bf3d3300,3d206742,3d4dea9e,1,50041262

11408,130,120,19,-324,16306,-1420,-3733,201,-1320,bf2ba9a9,bf3d36f8,3d2034a5,3d4dcc2e,bf2ba9a9,bf3d36f9,3d2034b4,3d4dcc3f,1,50049781

11409,136,124,25,-338,16335,-1457,-3819,165,-1296,bf2ba464,bf3d3c1f,3d1fed09,3d4dac78,bf2ba463,bf3d3c1f,3d1fed18,3d4dac88,1,50058299

11410,160,132,18,-322,16234,-1395,-3819,165,-1296,bf2ba18f,bf3d3f04,3d1fb3f9,3d4d8bea,bf2ba18e,bf3d3f04,3d1fb408,3d4d8bfa,1,50066317

11411,166,128,19,-334,16315,-1449,-3795,137,-1418,bf2ba393,bf3d3d0b,3d1fbed1,3d4da6e9,bf2ba391,bf3d3d0a,3d1fbedf,3d4da6f9,1,50075337

11412,183,134,13,-332,16264,-1437,-3805,159,-1388,bf2ba550,bf3d3b69,3d1fbec2,3d4db2e7,bf2ba54f,bf3d3b6a,3d1fbed1,3d4db2f7,1,50083355

11413,192,141,12,-322,16268,-1412,-3805,159,-1388,bf2ba80e,bf3d38d3,3d1fc7af,3d4dc2cd,bf2ba80d,bf3d38d4,3d1fc7be,3d4dc2dd,1,50091873

11414,181,133,9,-316,16285,-1422,-3749,159,-1366,bf2ba938,bf3d37cb,3d1fc5b4,3d4dbef6,bf2ba936,bf3d37cb,3d1fc5c3,3d4dbf05,1,50100392

11415,178,139,9,-323,16255,-1397,-3747,111,-1348,bf2ba9f6,bf3d3724,3d1fc06c,3d4dbe68,bf2ba9f4,bf3d3724,3d1fc07b,3d4dbe77,1,50108910

11416,178,136,6,-326,16276,-1400,-3747,111,-1348,bf2baab1,bf3d3684,3d1fbacf,3d4db8cc,bf2baab0,bf3d3685,3d1fbadf,3d4db8db,1,50117429

11417,170,137,-2,-344,16264,-1393,-3775,139,-1290,bf2ba88c,bf3d38bb,3d1f9878,3d4d949e,bf2ba88a,bf3d38bb,3d1f9887,3d4d94ac,1,50125948

11418,162,139,-9,-287,16243,-1422,-3765,137,-1325,bf2ba6ea,bf3d3a5c,3d1f9fee,3d4d6c9c,bf2ba6e8,bf3d3a5d,3d1f9ffe,3d4d6cab,1,50134466

11419,162,135,-3,-287,16227,-1415,-3783,169,-1261,bf2ba2d3,bf3d3e7b,3d1f7a45,3d4d27f7,bf2ba2d1,bf3d3e7b,3d1f7a54,3d4d2805,1,50142985

11420,149,133,3,-299,16215,-1411,-3783,169,-1261,bf2b9e01,bf3d4346,3d1f4ad6,3d4ce97a,bf2b9dff,bf3d4346,3d1f4ae5,3d4ce988,1,50151504

11421,131,126,8,-311,16302,-1419,-3765,213,-1383,bf2b9ce2,bf3d4452,3d1f4e30,3d4cdebf,bf2b9ce0,bf3d4452,3d1f4e3f,3d4cdecd,1,50160022

11422,130,114,7,-319,16304,-1473,-3769,195,-1327,bf2b9883,bf3d489e,3d1f26e8,3d4cafca,bf2b9880,bf3d489e,3d1f26f6,3d4cafd7,1,50168541

11423,153,124,12,-305,16232,-1429,-3769,195,-1327,bf2b9638,bf3d4af3,3d1f047b,3d4c8d7f,bf2b9636,bf3d4af4,3d1f048a,3d4c8d8d,1,50176559

11424,167,132,19,-309,16259,-1424,-3787,153,-1379,bf2b972e,bf3d4a0f,3d1f006a,3d4c94c3,bf2b972c,bf3d4a10,3d1f0079,3d4c94d1,1,50185078

11425,158,134,10,-332,16308,-1450,-3811,193,-1361,bf2b962a,bf3d4b0d,3d1ef29d,3d4c8e6e,bf2b9628,bf3d4b0e,3d1ef2ac,3d4c8e7c,1,50193596

11426,172,132,11,-313,16262,-1449,-3811,193,-1361,bf2b9602,bf3d4b4a,3d1ee5ea,3d4c8299,bf2b9600,bf3d4b4a,3d1ee5f9,3d4c82a7,1,50202115

11427,190,138,9,-304,16275,-1440,-3775,157,-1291,bf2b94ae,bf3d4cc1,3d1ec248,3d4c608f,bf2b94ad,bf3d4cc2,3d1ec257,3d4c609d,1,50210634

11428,185,134,9,-318,16245,-1424,-3767,137,-1371,bf2b9695,bf3d4b03,3d1ec46b,3d4c62f9,bf2b9694,bf3d4b04,3d1ec47a,3d4c6307,1,50219152

11429,188,129,8,-320,16265,-1420,-3767,137,-1371,bf2b98c3,bf3d490e,3d1ec242,3d4c6021,bf2b98c2,bf3d490f,3d1ec252,3d4c602f,1,50227671

11430,187,124,2,-328,16283,-1436,-3815,191,-1277,bf2b968a,bf3d4b87,3d1e856f,3d4c22f7,bf2b9689,bf3d4b88,3d1e857f,3d4c2305,1,50236189

11431,182,119,0,-320,16296,-1445,-3811,219,-1388,bf2b9851,bf3d4a00,3d1e84f4,3d4c0ea8,bf2b984f,bf3d4a00,3d1e8504,3d4c0eb5,1,50244708

11432,194,119,-4,-332,16257,-1425,-3793,87,-1383,bf2b9b67,bf3d473f,3d1e8a6f,3d4c0142,bf2b9b65,bf3d473f,3d1e8a7f,3d4c014f,1,50253227

11433,204,120,-8,-317,16265,-1420,-3793,87,-1383,bf2b9f32,bf3d43d7,3d1e97a4,3d4beda5,bf2b9f31,bf3d43d9,3d1e97b5,3d4bedb4,1,50261745

11434,202,124,-12,-322,16264,-1434,-3785,163,-1332,bf2ba035,bf3d432a,3d1e89b8,3d4bc0b9,bf2ba032,bf3d432a,3d1e89c7,3d4bc0c6,1,50270264

11435,203,124,-17,-302,16230,-1399,-3797,175,-1335,bf2ba1e4,bf3d41e1,3d1e842b,3d4b89da,bf2ba1e3,bf3d41e2,3d1e843b,3d4b89e8,1,50278783

11436,196,125,-13,-306,16261,-1427,-3797,175,-1335,bf2ba2aa,bf3d416b,3d1e7b75,3d4b585f,bf2ba2a9,bf3d416b,3d1e7b84,3d4b586c,1,50286800

11437,200,128,-5,-304,16252,-1414,-3843,181,-1390,bf2ba604,bf3d3e68,3d1e8a56,3d4b4773,bf2ba602,bf3d3e67,3d1e8a64,3d4b4780,1,50295319

11438,200,144,3,-286,16227,-1409,-3801,159,-1378,bf2ba8ff,bf3d3ba1,3d1ea0eb,3d4b472f,bf2ba8fd,bf3d3ba0,3d1ea0fa,3d4b473d,1,50303838

11439,194,144,10,-310,16279,-1427,-3801,159,-1378,bf2bab3e,bf3d3980,3d1eaaca,3d4b5354,bf2bab3d,bf3d3980,3d1eaada,3d4b5362,1,50312356

11440,190,139,15,-306,16267,-1444,-3769,199,-1247,bf2ba7de,bf3d3cfb,3d1e68de,3d4b2421,bf2ba7dd,bf3d3cfb,3d1e68ee,3d4b2430,1,50320875

11441,185,136,16,-298,16225,-1412,-3793,191,-1317,bf2ba72b,bf3d3dd5,3d1e4427,3d4b0c87,bf2ba72a,bf3d3dd5,3d1e4437,3d4b0c96,1,50329394

11442,175,132,11,-305,16262,-1449,-3793,191,-1317,bf2ba556,bf3d3fbd,3d1e2100,3d4aeda7,bf2ba554,bf3d3fbc,3d1e210f,3d4aedb5,1,50337912

11443,170,131,13,-317,16269,-1431,-3741,123,-1295,bf2ba328,bf3d41f4,3d1df818,3d4ad367,bf2ba328,bf3d41f5,3d1df829,3d4ad376,1,50346431

11444,160,124,8,-339,16302,-1441,-3729,199,-1372,bf2ba322,bf3d4207,3d1ded5e,3d4acff1,bf2ba322,bf3d4207,3d1ded6e,3d4acfff,1,50354950

11445,172,124,0,-316,16258,-1423,-3801,119,-1394,bf2ba51c,bf3d4035,3d1dfc45,3d4ac9d4,bf2ba51b,bf3d4034,3d1dfc55,3d4ac9e1,1,50363468

11446,180,133,0,-329,16292,-1422,-3801,119,-1394,bf2ba795,bf3d3de0,3d1e0f45,3d4ad0b8,bf2ba795,bf3d3de0,3d1e0f55,3d4ad0c6,1,50371987

11447,179,135,-18,-303,16230,-1398,-3799,191,-1388,bf2ba9ef,bf3d3bb6,3d1e342f,3d4abbec,bf2ba9ef,bf3d3bb6,3d1e343e,3d4abbf9,1,50380505

11448,159,141,-40,-302,16302,-1475,-3859,173,-1418,bf2baad8,bf3d3ab8,3d1e872e,3d4aa287,bf2baad8,bf3d3ab8,3d1e873c,3d4aa293,1,50388523

11449,168,128,-26,-314,16280,-1413,-3859,173,-1418,bf2bad7a,bf3d383e,3d1ebb63,3d4a8f00,bf2bad7a,bf3d383e,3d1ebb71,3d4a8f0c,1,50397042

11450,171,128,-29,-287,16234,-1433,-3755,191,-1321,bf2bac05,bf3d39d3,3d1ec465,3d4a4976,bf2bac05,bf3d39d3,3d1ec473,3d4a4982,1,50405560

11451,157,125,-29,-299,16235,-1433,-3803,127,-1354,bf2bab1a,bf3d3ace,3d1edb7b,3d4a1377,bf2bab1a,bf3d3ace,3d1edb89,3d4a1383,1,50414079

11452,149,125,-24,-290,16270,-1453,-3803,127,-1354,bf2ba969,bf3d3c7e,3d1ef072,3d49df4d,bf2ba969,bf3d3c7e,3d1ef080,3d49df59,1,50422598

11453,165,123,-16,-298,16289,-1471,-3779,145,-1354,bf2ba873,bf3d3d84,3d1ef940,3d49b431,bf2ba872,bf3d3d83,3d1ef94d,3d49b43c,1,50431116

11454,187,131,-4,-306,16304,-1459,-3839,157,-1343,bf2ba84b,bf3d3dd3,3d1eed8b,3d49954b,bf2ba84a,bf3d3dd1,3d1eed97,3d499555,1,50439635

11455,200,131,0,-309,16285,-1448,-3839,157,-1343,bf2ba917,bf3d3d43,3d1edbe1,3d497bd8,bf2ba918,bf3d3d43,3d1edbef,3d497be5,1,50448153

11456,205,127,-1,-296,16245,-1436,-3795,163,-1347,bf2baaad,bf3d3bfc,3d1ecf9e,3d495f59,bf2baaac,bf3d3bfb,3d1ecfab,3d495f65,1,50456672

11457,206,132,0,-296,16256,-1436,-3749,157,-1337,bf2bac18,bf3d3ad3,3d1ec573,3d494855,bf2bac18,bf3d3ad3,3d1ec581,3d494863,1,50465191

11458,206,134,1,-303,16278,-1444,-3749,157,-1337,bf2bad61,bf3d39c6,3d1eba88,3d4935fc,bf2bad61,bf3d39c5,3d1eba95,3d493609,1,50473709

11459,211,138,8,-280,16219,-1417,-3809,129,-1367,bf2bb06c,bf3d3701,3d1ebf1b,3d493333,bf2bb06d,bf3d3701,3d1ebf29,3d493341,1,50482228

11460,202,138,6,-284,16208,-1391,-3797,169,-1364,bf2bb31b,bf3d3498,3d1ec0fc,3d492c6c,bf2bb31b,bf3d3497,3d1ec109,3d492c79,1,50490246

11461,170,139,13,-298,16253,-1428,-3745,173,-1345,bf2bb281,bf3d3531,3d1eb4e8,3d492989,bf2bb281,bf3d3530,3d1eb4f5,3d492996,1,50498764

11462,175,134,19,-311,16278,-1430,-3745,173,-1345,bf2bb234,bf3d358c,3d1e9b0c,3d492ab7,bf2bb234,bf3d358b,3d1e9b19,3d492ac3,1,50507283

11463,178,132,25,-302,16258,-1434,-3791,191,-1294,bf2bafc5,bf3d3812,3d1e5b87,3d491165,bf2bafc4,bf3d3811,3d1e5b94,3d491171,1,50515802

11464,179,137,27,-310,16245,-1411,-3781,179,-1301,bf2bae19,bf3d39d1,3d1e21bf,3d490607,bf2bae19,bf3d39d2,3d1e21cd,3d490613,1,50524320

11465,174,136,25,-321,16317,-1451,-3781,179,-1301,bf2bab9e,bf3d3c4d,3d1de886,3d48f9fc,bf2bab9e,bf3d3c4e,3d1de894,3d48fa08,1,50532839

11466,184,132,21,-319,16342,-1486,-3767,101,-1429,bf2baed7,bf3d3922,3d1dff7d,3d49243c,bf2baed6,bf3d3922,3d1dff8a,3d492446,1,50541358

11467,200,133,3,-308,16252,-1424,-3759,187,-1325,bf2baf62,bf3d38d2,3d1de7ad,3d490af5,bf2baf62,bf3d38d2,3d1de7bb,3d490aff,1,50549876

11468,207,138,1,-304,16275,-1420,-3759,187,-1325,bf2bb076,bf3d37ff,3d1dd6da,3d48f41a,bf2bb076,bf3d37ff,3d1dd6e8,3d48f424,1,50558395

11469,205,129,-4,-320,16289,-1457,-3811,197,-1359,bf2bb1f6,bf3d36c1,3d1dcd97,3d48dead,bf2bb1f5,bf3d36c0,3d1dcda5,3d48deb6,1,50566913

11470,216,128,-8,-297,16280,-1440,-3775,183,-1337,bf2bb3c1,bf3d3551,3d1dc3a0,3d48b8ba,bf2bb3c1,bf3d3551,3d1dc3af,3d48b8c5,1,50575432

11471,227,129,-12,-306,16250,-1450,-3775,183,-1337,bf2bb5ff,bf3d3375,3d1dbb91,3d489368,bf2bb5ff,bf3d3375,3d1dbba0,3d489373,1,50583450

11472,226,134,-12,-302,16291,-1474,-3811,139,-1391,bf2bba02,bf3d2fc1,3d1dd90b,3d488a8c,bf2bba02,bf3d2fc1,3d1dd91a,3d488a97,1,50591968

11473,242,141,-11,-283,16225,-1427,-3817,163,-1396,bf2bbfd3,bf3d2a5d,3d1e0001,3d4886c4,bf2bbfd3,bf3d2a5d,3d1e0010,3d4886d0,1,50600487

11474,235,130,-8,-291,16227,-1413,-3755,101,-1395,bf2bc5c7,bf3d24e1,3d1e1e7c,3d488321,bf2bc5c7,bf3d24e0,3d1e1e8a,3d48832c,1,50609006

11475,221,130,-8,-299,16232,-1422,-3755,101,-1395,bf2bca98,bf3d206b,3d1e3b63,3d4880ba,bf2bca98,bf3d206a,3d1e3b70,3d4880c4,1,50617525

11476,209,124,-8,-282,16254,-1409,-3841,109,-1393,bf2bce72,bf3d1cee,3d1e5013,3d486ca9,bf2bce73,bf3d1cee,3d1e5021,3d486cb3,1,50626043

11477,190,115,-4,-281,16215,-1352,-3787,109,-1369,bf2bd13e,bf3d1a89,3d1e4e54,3d484ba9,bf2bd13e,bf3d1a88,3d1e4e61,3d484bb2,1,50634562

11478,166,113,1,-292,16245,-1406,-3787,109,-1369,bf2bd18c,bf3d1a6a,3d1e4525,3d482e51,bf2bd18c,bf3d1a69,3d1e4532,3d482e5a,1,50643081

11479,137,104,2,-321,16274,-1369,-3793,179,-1417,bf2bd2b7,bf3d1963,3d1e469f,3d48240d,bf2bd2b7,bf3d1962,3d1e46ac,3d482416,1,50651599

11480,132,115,5,-271,16180,-1385,-3819,193,-1391,bf2bd1bd,bf3d1a62,3d1e4832,3d48087c,bf2bd1bd,bf3d1a62,3d1e483f,3d480886,1,50660118

11481,152,113,0,-313,16326,-1461,-3819,193,-1391,bf2bd0cc,bf3d1b5b,3d1e41cc,3d47f242,bf2bd0cb,bf3d1b5a,3d1e41d9,3d47f24c,1,50668636

11482,156,117,0,-294,16251,-1387,-3745,173,-1363,bf2bd086,bf3d1bbf,3d1e384f,3d47d53b,bf2bd086,bf3d1bbf,3d1e385d,3d47d546,1,50677155

11483,157,120,-3,-315,16270,-1421,-3819,155,-1321,bf2bcdd7,bf3d1e7f,3d1e142b,3d47a6bd,bf2bcdd6,bf3d1e7f,3d1e1439,3d47a6c7,1,50685674

11484,154,127,-1,-303,16283,-1431,-3819,155,-1321,bf2bcadc,bf3d2178,3d1df7e9,3d477dc9,bf2bcada,bf3d2177,3d1df7f7,3d477dd3,1,50693692

11485,157,138,2,-303,16310,-1444,-3819,193,-1341,bf2bc880,bf3d23be,3d1dea3c,3d4768aa,bf2bc87e,bf3d23bd,3d1dea4a,3d4768b4,1,50702210

11486,168,130,2,-283,16243,-1408,-3819,243,-1429,bf2bcb37,bf3d211f,3d1e0fe1,3d47713d,bf2bcb36,bf3d2120,3d1e0ff0,3d477148,1,50710729

11487,169,124,6,-319,16282,-1469,-3789,195,-1354,bf2bc9c4,bf3d2297,3d1df6dd,3d475f2c,bf2bc9c3,bf3d2298,3d1df6ec,3d475f37,1,50719248

11488,167,120,10,-299,16247,-1399,-3789,195,-1354,bf2bc968,bf3d231b,3d1dd9f9,3d474809,bf2bc967,bf3d231c,3d1dda08,3d474814,1,50727766

11489,163,123,10,-313,16282,-1416,-3799,219,-1272,bf2bc53d,bf3d2760,3d1d8f34,3d470ee4,bf2bc53c,bf3d2761,3d1d8f43,3d470eef,1,50736285

11490,162,119,2,-349,16275,-1408,-3775,149,-1294,bf2bc263,bf3d2a51,3d1d5472,3d46e653,bf2bc262,bf3d2a51,3d1d5481,3d46e65e,1,50744804

11491,154,126,-22,-299,16255,-1425,-3775,149,-1294,bf2bbeef,bf3d2dc9,3d1d44d6,3d46a1fd,bf2bbeee,bf3d2dc9,3d1d44e5,3d46a208,1,50753322

11492,149,122,-31,-311,16307,-1453,-3803,187,-1377,bf2bbde3,bf3d2ed5,3d1d5fec,3d4674fd,bf2bbde1,bf3d2ed4,3d1d5ffa,3d467508,1,50761841

11493,153,119,-30,-303,16275,-1425,-3801,211,-1275,bf2bb976,bf3d335b,3d1d3ed1,3d4613eb,bf2bb975,bf3d335c,3d1d3ee1,3d4613f7,1,50770360

11494,160,121,-36,-300,16283,-1441,-3801,211,-1275,bf2bb555,bf3d3798,3d1d2639,3d45afb2,bf2bb554,bf3d3799,3d1d2649,3d45afbe,1,50778878

11495,172,137,-33,-292,16294,-1460,-3805,153,-1355,bf2bb4ef,bf3d3803,3d1d4904,3d458544,bf2bb4ee,bf3d3803,3d1d4913,3d45854f,1,50787397

11496,187,134,-36,-279,16248,-1427,-3801,195,-1320,bf2bb474,bf3d38af,3d1d5687,3d45406d,bf2bb473,bf3d38ae,3d1d5695,3d454077,1,50795415

11497,192,134,-34,-279,16244,-1448,-3801,195,-1320,bf2bb3ef,bf3d3962,3d1d61e4,3d44fe36,bf2bb3f0,bf3d3963,3d1d61f3,3d44fe41,1,50803933

11498,179,130,-27,-290,16248,-1420,-3787,155,-1303,bf2bb2a2,bf3d3ada,3d1d5c07,3d44be52,bf2bb2a1,bf3d3ad8,3d1d5c14,3d44be5b,1,50812452

11499,169,132,-37,-228,16220,-1442,-3763,147,-1326,bf2bb170,bf3d3c1e,3d1d800d,3d447371,bf2bb170,bf3d3c1d,3d1d801b,3d44737c,1,50820970

11500,168,137,-19,-255,16258,-1460,-3735,147,-1325,bf2bafea,bf3d3d9f,3d1d91d5,3d444710,bf2bafeb,bf3d3d9f,3d1d91e4,3d44471c,1,50829489

11501,171,130,3,-270,16267,-1451,-3735,147,-1325,bf2baeac,bf3d3ee7,3d1d8350,3d442c02,bf2baead,bf3d3ee7,3d1d835f,3d442c0e,1,50838008

11502,181,132,16,-269,16236,-1415,-3767,239,-1355,bf2baf58,bf3d3e65,3d1d6f79,3d4423c7,bf2baf58,bf3d3e64,3d1d6f87,3d4423d3,1,50846526

11503,173,128,18,-287,16271,-1427,-3769,211,-1246,bf2bab40,bf3d4295,3d1d1d38,3d43ef19,bf2bab42,bf3d4295,3d1d1d46,3d43ef27,1,50855045

11504,173,128,16,-289,16295,-1460,-3769,211,-1246,bf2ba6cc,bf3d4719,3d1cce31,3d43b970,bf2ba6cd,bf3d4719,3d1cce3e,3d43b97d,1,50863564

11505,180,131,14,-290,16239,-1422,-3749,183,-1359,bf2ba7e0,bf3d462a,3d1cbf8b,3d43bb94,bf2ba7e1,bf3d4629,3d1cbf97,3d43bba0,1,50872082

11506,180,124,14,-310,16303,-1471,-3793,169,-1333,bf2ba701,bf3d4724,3d1c95bb,3d43ad1b,bf2ba702,bf3d4723,3d1c95c7,3d43ad27,1,50880601

11507,187,128,2,-301,16314,-1465,-3793,169,-1333,bf2ba6c1,bf3d478c,3d1c7d55,3d4395b0,bf2ba6c2,bf3d478a,3d1c7d61,3d4395bb,1,50888619

11508,212,129,-4,-290,16255,-1419,-3769,175,-1329,bf2ba8b0,bf3d45f7,3d1c6b19,3d43785e,bf2ba8b1,bf3d45f5,3d1c6b25,3d437869,1,50897137

11509,226,131,-4,-283,16246,-1432,-3799,147,-1341,bf2babb9,bf3d4356,3d1c620d,3d43610f,bf2babba,bf3d4354,3d1c6219,3d43611a,1,50905656

11510,215,134,-10,-278,16246,-1407,-3799,147,-1341,bf2bae7e,bf3d40ef,3d1c62f2,3d43459d,bf2bae7f,bf3d40ed,3d1c62fe,3d4345a8,1,50914175

11511,207,134,-9,-264,16232,-1416,-3789,153,-1363,bf2bb17e,bf3d3e3e,3d1c73d8,3d43313e,bf2bb17f,bf3d3e3c,3d1c73e4,3d433149,1,50922693

11512,200,135,-3,-260,16223,-1422,-3773,191,-1296,bf2bb114,bf3d3ee3,3d1c5a5b,3d43026a,bf2bb115,bf3d3ee2,3d1c5a68,3d430276,1,50931212

11513,191,137,9,-266,16258,-1429,-3749,167,-1348,bf2bb23e,bf3d3dde,3d1c55ce,3d42fc41,bf2bb23f,bf3d3ddd,3d1c55da,3d42fc4d,1,50939731

11514,185,136,17,-277,16259,-1432,-3749,167,-1348,bf2bb2ee,bf3d3d49,3d1c4614,3d42fef3,bf2bb2ef,bf3d3d48,3d1c4620,3d42fefe,1,50948249

11515,175,144,15,-265,16234,-1418,-3829,151,-1315,bf2bb1a4,bf3d3e9b,3d1c2bae,3d42f066,bf2bb1a4,bf3d3e99,3d1c2bb9,3d42f070,1,50956768

11516,153,137,24,-275,16262,-1433,-3763,139,-1381,bf2bb1c1,bf3d3e66,3d1c2cd7,3d4307c4,bf2bb1c2,bf3d3e65,3d1c2ce3,3d4307cf,1,50965287

11517,146,119,21,-297,16266,-1448,-3763,139,-1381,bf2bb136,bf3d3eea,3d1c1be7,3d430fdc,bf2bb136,bf3d3ee9,3d1c1bf2,3d430fe5,1,50973805

11518,149,118,12,-289,16319,-1462,-3825,181,-1340,bf2baea7,bf3d417a,3d1bf5b2,3d42f26b,bf2baea6,bf3d4178,3d1bf5bc,3d42f273,1,50982324

11519,158,121,4,-299,16338,-1461,-3739,223,-1344,bf2bad14,bf3d4315,3d1bdd6c,3d42d94d,bf2bad14,bf3d4314,3d1bdd77,3d42d956,1,50990842

11520,179,120,3,-287,16295,-1461,-3739,223,-1344,bf2baccc,bf3d4388,3d1bc6de,3d42bc69,bf2baccc,bf3d4387,3d1bc6e8,3d42bc72,1,50998860

11521,192,120,-8,-278,16245,-1436,-3769,183,-1402,bf2bb050,bf3d404e,3d1be0a7,3d42b0a7,bf2bb04f,bf3d404c,3d1be0b0,3d42b0b0,1,51007379

11522,202,129,-10,-264,16284,-1450,-3809,157,-1325,bf2bb0e0,bf3d4001,3d1bd7da,3d42833b,bf2bb0e0,bf3d4000,3d1bd7e4,3d428345,1,51015898

11523,210,137,-8,-265,16233,-1423,-3809,157,-1325,bf2bb247,bf3d3ee2,3d1bd2a0,3d4260c9,bf2bb247,bf3d3ee2,3d1bd2ab,3d4260d4,1,51024416

11524,204,137,-5,-264,16238,-1438,-3809,135,-1325,bf2bb320,bf3d3e42,3d1bcd13,3d424254,bf2bb31f,bf3d3e41,3d1bcd1d,3d42425e,1,51032935

11525,192,137,0,-268,16271,-1438,-3801,155,-1356,bf2bb470,bf3d3d18,3d1bd28d,3d4235e0,bf2bb46f,bf3d3d18,3d1bd298,3d4235e9,1,51041453

11526,186,133,2,-277,16276,-1430,-3731,135,-1274,bf2bb2aa,bf3d3efc,3d1bae22,3d420d83,bf2bb2a9,bf3d3efc,3d1bae2d,3d420d8c,1,51049972

11527,193,129,1,-276,16253,-1434,-3731,135,-1274,bf2bb149,bf3d408c,3d1b870f,3d41e0a4,bf2bb147,bf3d408b,3d1b8719,3d41e0ac,1,51058491

11528,183,120,-5,-283,16269,-1438,-3751,167,-1289,bf2bafa4,bf3d4262,3d1b5f22,3d41a860,bf2bafa3,bf3d4263,3d1b5f2f,3d41a869,1,51067009

11529,173,126,-9,-279,16261,-1403,-3781,159,-1301,bf2bae59,bf3d43db,3d1b4519,3d417484,bf2bae58,bf3d43dc,3d1b4526,3d41748d,1,51075528

11530,162,124,-19,-252,16272,-1481,-3781,159,-1301,bf2bab3f,bf3d46f8,3d1b3c5e,3d412e5a,bf2bab3e,bf3d46f8,3d1b3c6a,3d412e63,1,51084047

11531,180,119,-14,-282,16292,-1427,-3767,177,-1339,bf2baba5,bf3d46d1,3d1b3405,3d41016a,bf2baba4,bf3d46d1,3d1b3411,3d410173,1,51092565

11532,190,123,-7,-278,16284,-1457,-3761,203,-1345,bf2bac43,bf3d466b,3d1b2aee,3d40df9a,bf2bac43,bf3d466b,3d1b2afa,3d40dfa3,1,51101084

11533,193,125,0,-277,16296,-1456,-3761,203,-1345,bf2bad11,bf3d45d6,3d1b1ca3,3d40c61c,bf2bad11,bf3d45d6,3d1b1cae,3d40c625,1,51109102

11534,207,132,-1,-263,16269,-1443,-3759,185,-1365,bf2bafd7,bf3d4357,3d1b2537,3d40ba87,bf2bafd7,bf3d4357,3d1b2542,3d40ba90,1,51117620

11535,216,137,3,-286,16248,-1443,-3809,169,-1295,bf2bb020,bf3d4353,3d1afec7,3d409c12,bf2bb020,bf3d4353,3d1afed2,3d409c1b,1,51126139

11536,215,141,6,-257,16240,-1424,-3809,169,-1295,bf2bb0a8,bf3d4311,3d1adf85,3d407c9a,bf2bb0a7,bf3d4310,3d1adf8f,3d407ca2,1,51134658

11537,204,144,1,-247,16239,-1421,-3795,159,-1284,bf2bb040,bf3d43aa,3d1ac7d5,3d405607,bf2bb03f,bf3d43a9,3d1ac7df,3d40560f,1,51143176

11538,195,136,13,-265,16236,-1415,-3781,173,-1247,bf2bae02,bf3d4616,3d1a884b,3d40275c,bf2bae03,bf3d4617,3d1a8856,3d402765,1,51151695

11539,182,136,23,-264,16241,-1410,-3801,171,-1338,bf2bae72,bf3d45ca,3d1a6b6e,3d40268d,bf2bae71,bf3d45c9,3d1a6b78,3d402694,1,51160213

11540,178,129,24,-275,16254,-1443,-3801,171,-1338,bf2bae13,bf3d4643,3d1a45a6,3d40221f,bf2bae13,bf3d4643,3d1a45b1,3d402226,1,51168732

11541,158,132,23,-287,16288,-1440,-3801,153,-1258,bf2ba9a5,bf3d4aa5,3d19fc69,3d4000a0,bf2ba9a5,bf3d4aa5,3d19fc74,3d4000a7,1,51177251

11542,160,128,13,-286,16297,-1449,-3815,179,-1319,bf2ba767,bf3d4ce6,3d19d3c8,3d3fe8ae,bf2ba767,bf3d4ce6,3d19d3d3,3d3fe8b5,1,51185769

11543,164,120,2,-272,16298,-1465,-3815,179,-1319,bf2ba546,bf3d4f1e,3d19b2bf,3d3fbb49,bf2ba545,bf3d4f1d,3d19b2c9,3d3fbb4f,1,51194288

11544,181,120,-6,-266,16276,-1433,-3779,217,-1391,bf2ba7e0,bf3d4cc6,3d19c54b,3d3fa929,bf2ba7e0,bf3d4cc6,3d19c556,3d3fa930,1,51202806

11545,183,117,-4,-282,16234,-1431,-3745,163,-1352,bf2ba914,bf3d4bd1,3d19bbf8,3d3f8d30,bf2ba914,bf3d4bd0,3d19bc02,3d3f8d36,1,51210825

11546,195,132,3,-286,16282,-1436,-3745,163,-1352,bf2baaee,bf3d4a2d,3d19b790,3d3f8805,bf2baaee,bf3d4a2d,3d19b79b,3d3f880b,1,51219343

11547,201,144,7,-270,16249,-1425,-3811,217,-1362,bf2bad3b,bf3d4811,3d19ba29,3d3f8b0a,bf2bad3b,bf3d4811,3d19ba34,3d3f8b10,1,51227862

11548,195,151,9,-285,16298,-1454,-3755,173,-1350,bf2bae7c,bf3d46da,3d19beba,3d3f9b4a,bf2bae7c,bf3d46d9,3d19bec4,3d3f9b4f,1,51236380

11549,203,145,13,-284,16288,-1442,-3755,173,-1350,bf2bb06a,bf3d4511,3d19b967,3d3fa95a,bf2bb06a,bf3d4510,3d19b971,3d3fa95f,1,51244899

11550,218,145,10,-256,16277,-1445,-3785,151,-1381,bf2bb480,bf3d4137,3d19cefd,3d3fbb2c,bf2bb481,bf3d4136,3d19cf08,3d3fbb32,1,51253418

11551,227,133,6,-283,16335,-1460,-3805,157,-1355,bf2bb7ba,bf3d3e56,3d19c4e9,3d3fb717,bf2bb7ba,bf3d3e54,3d19c4f3,3d3fb71c,1,51261936

11552,247,136,1,-274,16292,-1466,-3805,157,-1355,bf2bbc00,bf3d3a7f,3d19c365,3d3faffa,bf2bbc00,bf3d3a7e,3d19c370,3d3fb001,1,51270455

11553,277,130,2,-267,16235,-1422,-3775,197,-1324,bf2bc175,bf3d35bb,3d19a7e8,3d3f94fb,bf2bc175,bf3d35ba,3d19a7f3,3d3f9502,1,51278974

11554,272,133,3,-268,16240,-1415,-3789,181,-1398,bf2bc9d8,bf3d2e03,3d19baf0,3d3fa151,bf2bc9d9,bf3d2e02,3d19bafc,3d3fa159,1,51287492

11555,260,124,6,-189,16316,-1525,-3791,169,-1305,bf2bcbfe,bf3d2c5e,3d19a29b,3d3f6777,bf2bcbfe,bf3d2c5c,3d19a2a6,3d3f677e,1,51296011

11556,322,98,39,-368,16432,-1545,-3791,169,-1305,bf2bd19a,bf3d27b2,3d1925ba,3d3f615c,bf2bd19a,bf3d27b0,3d1925c5,3d3f6163,1,51304029

11557,452,111,93,-143,16405,-1646,-3779,147,-1271,bf2bdce4,bf3d1dde,3d189e5c,3d3f5f68,bf2bdce4,bf3d1ddd,3d189e68,3d3f5f70,1,51312547

11558,625,119,185,-336,16794,-1782,-3777,167,-1364,bf2bf3c6,bf3d0914,3d17bd2d,3d400dde,bf2bf3c6,bf3d0913,3d17bd39,3d400de6,1,51321066

11559,837,117,197,-153,16291,-1439,-3777,167,-1364,bf2c1c1f,bf3ce46d,3d16e819,3d40a1fc,bf2c1c1f,bf3ce46c,3d16e825,3d40a204,1,51329584

11560,969,127,274,-271,16490,-1488,-3813,177,-1459,bf2c4ede,bf3cb5b9,3d15e72d,3d41d28d,bf2c4edd,bf3cb5b8,3d15e738,3d41d295,1,51338103

11561,1090,133,333,-155,16250,-1190,-3795,155,-1258,bf2c84cc,bf3c84b3,3d144ccf,3d42c92a,bf2c84cc,bf3c84b3,3d144cdb,3d42c932,1,51346622

11562,1192,176,430,-230,16264,-1409,-3795,155,-1258,bf2cbc8e,bf3c5174,3d1269ae,3d445aaf,bf2cbc8e,bf3c5174,3d1269ba,3d445ab7,1,51355140

11563,1274,171,530,-212,16353,-1453,-3823,179,-1382,bf2cfba2,bf3c16f8,3d105be0,3d466753,bf2cfba0,bf3c16f6,3d105beb,3d466759,1,51363659

11564,1445,162,591,-298,16683,-1584,-3805,157,-1461,bf2d4579,bf3bd20c,3d0e1f67,3d48dafc,bf2d4578,bf3bd20c,3d0e1f74,3d48db05,1,51372177

11565,1700,163,689,-288,16927,-1860,-3805,157,-1461,bf2d9a2c,bf3b82c2,3d0b736f,3d4ba547,bf2d9a2c,bf3b82c3,3d0b737d,3d4ba550,1,51380696

11566,2137,159,758,-317,17159,-1713,-3845,203,-1458,bf2e09d6,bf3b1a0f,3d085c51,3d4eb6d2,bf2e09d6,bf3b1a0f,3d085c5e,3d4eb6da,1,51389221

11567,2661,170,884,-588,17752,-1702,-3811,209,-1423,bf2e973d,bf3a94c2,3d046a45,3d527e79,bf2e973d,bf3a94c2,3d046a52,3d527e82,1,51397740

11568,3199,125,841,-596,18714,-1976,-3877,161,-1470,bf2f4336,bf39f203,3d0071f6,3d560405,bf2f4336,bf39f203,3d007203,3d56040e,1,51406258

11569,3877,-27,623,-460,18815,-1986,-3877,161,-1470,bf3017cc,bf3928df,3cf95517,3d5820c5,bf3017cd,bf3928e0,3cf95531,3d5820ce,1,51414276

11570,4744,-172,460,-184,18912,-1908,-3829,165,-1462,bf312068,bf382d48,3cf1c896,3d590352,bf312067,bf382d47,3cf1c8ae,3d590359,1,51422795

11571,5804,-225,573,-189,19597,-1699,-3853,221,-1509,bf326766,bf36f21d,3ce88c4d,3d5a42e6,bf326765,bf36f21c,3ce88c65,3d5a42ed,1,51431314

11572,7181,-208,702,-355,18983,-1775,-3853,221,-1509,bf33fa48,bf3566d4,3cdd5c93,3d5c53ae,bf33fa47,bf3566d3,3cdd5cab,3d5c53b6,1,51439832

11573,8633,-60,904,-1283,21091,-2161,-3865,201,-1623,bf35dbe4,bf3382d8,3cd04fd8,3d606742,bf35dbe3,bf3382d7,3cd04ff0,3d60674a,1,51448351

11574,10220,-92,655,-1236,22807,-2950,-3867,253,-1683,bf381286,bf313d2c,3cc42f05,3d637b35,bf381284,bf313d2b,3cc42f1c,3d637b3c,1,51456869

11575,12206,-230,-78,-940,23629,-3211,-3867,253,-1683,bf3ab5ab,bf2e780f,3cbb4a09,3d634ce9,bf3ab5aa,bf2e780f,3cbb4a21,3d634cf0,1,51465388

11576,14311,-504,-1002,-1762,20486,-1914,-3891,235,-1780,bf3dc981,bf2b24e0,3cb4f419,3d5f314a,bf3dc980,bf2b24e0,3cb4f431,3d5f3152,1,51473907

11577,15882,-689,-1832,-1377,16244,298,-3807,279,-1933,bf412eb9,bf2757e3,3cb20855,3d57ba49,bf412eb8,bf2757e4,3cb2086d,3d57ba53,1,51482425

11578,16547,-546,-2145,-927,14414,1416,-3807,279,-1933,bf44a8f8,bf2348ef,3cb1f521,3d4f59fe,bf44a8f7,bf2348f1,3cb1f539,3d4f5a09,1,51490944

11579,16726,-314,-1943,-347,15180,2056,-3855,291,-2022,bf48148a,bf1f1c59,3cb392c3,3d47f625,bf481487,bf1f1c59,3cb392da,3d47f62e,1,51499462

11580,16944,-218,-1705,-668,18275,1457,-3817,373,-2161,bf4b6a70,bf1ada62,3cb3be77,3d41ff1a,bf4b6a6e,bf1ada63,3cb3be8f,3d41ff25,1,51507981

11581,17740,-679,-2265,-461,22290,-694,-3791,399,-2273,bf4ecee8,bf165781,3cb33c53,3d380c0a,bf4ecee8,bf165783,3cb33c6c,3d380c16,1,51515999

11582,19208,-1712,-3731,-379,11935,2619,-3791,399,-2273,bf526ccc,bf1153b9,3cb1ef29,3d251596,bf526ccc,bf1153bb,3cb1ef42,3d2515a2,1,51524518

11583,19538,-2125,-3881,834,7792,6840,-3799,495,-2450,bf561f5d,bf0beb1d,3cae9216,3d0fa941,bf561f5d,bf0beb1f,3cae922f,3d0fa94d,1,51533036

11584,18622,-1871,-2643,-54,7738,8176,-3803,543,-2545,bf59806e,bf06ad20,3ca58501,3d0090d8,bf59806e,bf06ad22,3ca5851a,3d0090e4,1,51541555

11585,17268,-1662,-2051,-922,10352,6543,-3803,543,-2545,bf5c8515,bf01bb10,3c9928d2,3ceb38f6,bf5c8514,bf01bb11,3c9928ea,3ceb390c,1,51550073

11586,16338,-1465,-2288,2477,4229,8783,-3783,627,-2587,bf5f4415,bef9ff25,3c93c432,3cd066c6,bf5f4414,bef9ff27,3c93c44a,3cd066dd,1,51558592

11587,15645,-1249,-814,-211,8970,11870,-3793,687,-2777,bf61cbbd,bef0cd2a,3c873245,3cc569c2,bf61cbbc,bef0cd2c,3c87325d,3cc569da,1,51567110

11588,14966,-910,178,-1108,8409,11165,-3793,687,-2777,bf641e99,bee7e864,3c700f51,3cc58894,bf641e9a,bee7e868,3c700f82,3cc588ad,1,51575629

11589,14268,-454,249,143,8985,10585,-3845,787,-2851,bf66418e,bedf503b,3c5ca1ea,3cc7ed86,bf66418d,bedf503e,3c5ca218,3cc7ed9e,1,51584148

11590,13809,-197,501,-435,11121,11298,-3837,899,-2885,bf683f11,bed6e720,3c4aa364,3ccedf64,bf683f12,bed6e725,3c4aa393,3ccedf7e,1,51592667

11591,14320,-270,-97,893,10140,11162,-3837,899,-2885,bf6a3b37,bece1de3,3c4118dc,3cce46f0,bf6a3b38,bece1de7,3c411909,3cce470b,1,51601185

11592,16394,-750,-855,498,12208,12743,-3827,985,-3000,bf6c6731,bec3feba,3c33b62a,3cc5c220,bf6c6730,bec3febc,3c33b654,3cc5c23a,1,51609704

11593,20153,-1593,-1777,987,8662,9372,-3881,1081,-3054,bf6ee809,beb78df4,3c1ff4f1,3cb08877,bf6ee808,beb78df6,3c1ff51a,3cb08891,1,51617722

11594,24016,-2728,-2605,-285,7991,9079,-3835,1263,-3193,bf71ad11,bea89370,3be441cf,3c92d48f,bf71ad10,bea89372,3be4421e,3c92d4aa,1,51626241

11595,26913,-3400,-3418,-1550,2925,10786,-3835,1263,-3193,bf747ff0,be97962a,3b5b6829,3c4f87c3,bf747ff0,be97962d,3b5b68c3,3c4f87fb,1,51634759

11596,27196,-2942,-4127,-1416,-1259,12560,-3901,1485,-3276,bf770adb,be8635eb,3a267a81,3bd9d64c,bf770adc,be8635ef,3a267cd2,3bd9d6bf,1,51643278

11597,20830,-1112,-2321,2727,-271,15412,-3889,1601,-3281,bf78c7d7,be7171a9,b858f05a,3b5e3ac9,bf78c7d7,be7171b0,b858cc99,3b5e3baf,1,51651797

11598,12648,-706,1411,-739,4474,15665,-3889,1601,-3281,bf79c11c,be60bebf,bad689e6,3ba67010,bf79c11c,be60bec6,bad688d0,3ba67084,1,51660315

11599,9840,-1458,897,-3338,1329,18289,-3907,1741,-3303,bf7a7750,be53a257,bb8930b3,3bc17bdc,bf7a7750,be53a25e,bb89306f,3bc17c50,1,51668834

11600,8129,-866,346,-1146,-1613,18575,-3861,1777,-3329,bf7b075e,be48a3ce,bbb84aaa,3bc8f75c,bf7b075c,be48a3d3,bbb84a67,3bc8f7ce,1,51677353

11601,6361,-141,690,-636,-120,17250,-3861,1777,-3329,bf7b7425,be3fe363,bbcad60b,3be5260e,bf7b7425,be3fe36a,bbcad5cb,3be52681,1,51685871

11602,5247,399,1402,-1021,2338,15999,-3953,1811,-3369,bf7bcaca,be388ece,bbceab95,3c12c3e6,bf7bcaca,be388ed5,bbceab56,3c12c41f,1,51694390

11603,4951,785,1602,-2325,10234,12734,-3937,1885,-3381,bf7c086e,be331614,bbcaf3fb,3c397599,bf7c086f,be33161c,bbcaf3bf,3c3975d3,1,51702908

11604,5571,492,32,-1278,8515,12227,-3937,1885,-3381,bf7c4de1,be2cd9d7,bbc4828e,3c3ec452,bf7c4de1,be2cd9de,bbc48253,3c3ec48c,1,51710926

11605,7400,-115,-896,2372,-352,8324,-3937,1941,-3369,bf7cb94e,be22d7d2,bbbc447c,3c2abc0e,bf7cb94e,be22d7d9,bbbc4442,3c2abc48,1,51719445

11606,9795,-1744,438,-554,2029,19491,-3953,2023,-3441,bf7d3ad6,be15976b,bc082b60,3c2f7ada,bf7d3ad6,be159772,bc082b44,3c2f7b14,1,51727963

11607,8951,-993,227,-1178,-887,20400,-3943,2057,-3445,bf7da846,be0964c2,bc22be34,3c318a37,bf7da846,be0964c9,bc22be19,3c318a71,1,51736482

11608,6188,524,-216,70,-2491,18251,-3943,2057,-3445,bf7df135,be00c168,bc1a0d49,3c2e8b9d,bf7df135,be00c16f,bc1a0d2e,3c2e8bd8,1,51745001

11609,4492,892,270,557,-2937,17151,-3927,2079,-3438,bf7e2462,bdf49ee1,bc09ec26,3c36cf1d,bf7e2461,bdf49eed,bc09ec0a,3c36cf57,1,51753519

11610,3010,917,632,253,-1555,16566,-3919,2145,-3333,bf7e4643,bdeb94a1,bbf40c91,3c47784b,bf7e4642,bdeb94ad,bbf40c5a,3c477885,1,51762038

11611,1931,820,705,15,-1380,16211,-3919,2145,-3333,bf7e5c80,bde558e1,bbd9246f,3c59a877,bf7e5c7f,bde558ed,bbd9243a,3c59a8b1,1,51770556

11612,914,687,537,-573,-172,16023,-3897,2121,-3385,bf7e68b1,bde1c716,bbc552bf,3c68a64d,bf7e68b2,bde1c724,bbc5528c,3c68a689,1,51779075

11613,123,601,222,-137,726,15791,-3919,2113,-3443,bf7e6db0,bde04a9d,bbb06873,3c7144ca,bf7e6db1,bde04aab,bbb06840,3c714506,1,51787594

11614,-291,541,53,87,1648,15427,-3919,2113,-3443,bf7e6ed7,bddfeeb4,bb9a4114,3c770433,bf7e6ed6,bddfeec1,bb9a40e1,3c77046d,1,51796112

11615,-327,401,-23,316,2116,15137,-3895,2109,-3353,bf7e6f69,bddfbe46,bb862c3f,3c7b5e43,bf7e6f6a,bddfbe55,bb862c0e,3c7b5e7f,1,51804631

11616,-140,218,-61,64,2237,15228,-3863,2097,-3347,bf7e71bb,bddf0ada,bb7909f3,3c7edcf2,bf7e71ba,bddf0ae7,bb790992,3c7edd2b,1,51813149

11617,121,135,-62,-62,2290,15282,-3863,2097,-3347,bf7e7665,bddda7e5,bb70332c,3c812e18,bf7e7664,bddda7f2,bb7032cd,3c812e35,1,51821167

11618,423,112,-40,-8,1957,15483,-3905,2137,-3322,bf7e7dc7,bddb7775,bb69a52d,3c82ef08,bf7e7dc8,bddb7784,bb69a4d0,3c82ef25,1,51829686

11619,616,48,-43,179,1757,15365,-3871,2115,-3381,bf7e86de,bdd8c4ce,bb657886,3c844472,bf7e86df,bdd8c4dd,bb65782a,3c84448f,1,51838204

11620,772,-74,1,87,1460,15439,-3911,2083,-3379,bf7e9141,bdd5a29c,bb6f3409,3c85ae22,bf7e9140,bdd5a2a9,bb6f33ac,3c85ae3e,1,51846723

11621,855,-139,69,115,1281,15576,-3911,2083,-3379,bf7e9c1b,bdd247b5,bb7ef8ec,3c879fc8,bf7e9c1a,bdd247c2,bb7ef890,3c879fe4,1,51855242

11622,898,-202,168,-108,1214,15490,-3987,2139,-3449,bf7ea6f0,bdced040,bb8c52a2,3c8ac0dd,bf7ea6ef,bdced04d,bb8c5275,3c8ac0f9,1,51863760

11623,874,-249,205,-140,1196,15732,-3883,2163,-3409,bf7eb145,bdcb69b7,bb9b4a2a,3c8e45cf,bf7eb144,bdcb69c4,bb9b49fd,3c8e45eb,1,51872279

11624,809,-301,196,25,563,15799,-3883,2163,-3409,bf7ebaf5,bdc82b74,bbab6ec6,3c91508f,bf7ebaf6,bdc82b83,bbab6e9b,3c9150ac,1,51880797

11625,595,-388,225,-381,864,15849,-3909,2177,-3376,bf7ec28b,bdc57e9e,bbc216d0,3c94dce5,bf7ec28a,bdc57eac,bbc216a4,3c94dd01,1,51889316

11626,427,-421,258,-166,1702,15603,-3937,2139,-3400,bf7ec86b,bdc34b6b,bbd782b2,3c9922fb,bf7ec86c,bdc34b7a,bbd78288,3c992318,1,51897835

11627,486,-442,210,-292,1179,15769,-3937,2139,-3400,bf7eced8,bdc0e8db,bbef46e2,3c9c879c,bf7eced7,bdc0e8e8,bbef46b7,3c9c87b8,1,51906353

11628,484,-476,218,-407,1044,15911,-3963,2157,-3405,bf7ed50f,bdbe87a4,bc04aded,3c9ffb14,bf7ed510,bdbe87b3,bc04add9,3c9ffb31,1,51914872

11629,387,-455,213,-573,1205,15948,-3929,2173,-3377,bf7eda53,bdbc6a99,bc11dd03,3ca39a19,bf7eda52,bdbc6aa6,bc11dced,3ca39a35,1,51923390

11630,361,-388,233,-614,1099,15876,-3929,2173,-3377,bf7edf4b,bdba5cf6,bc1dc6be,3ca772ce,bf7edf4c,bdba5d04,bc1dc6a9,3ca772ec,1,51931408

11631,346,-300,267,-630,995,15950,-3981,2147,-3512,bf7ee41c,bdb854e3,bc27f002,3cab9152,bf7ee41d,bdb854f1,bc27efed,3cab9170,1,51939927

11632,342,-206,337,-508,1173,15770,-3935,2215,-3357,bf7ee8aa,bdb65378,bc2f65ca,3cb0de06,bf7ee8ab,bdb65386,bc2f65b5,3cb0de24,1,51948446

11633,403,-148,446,-402,1573,15560,-3975,2189,-3340,bf7eed52,bdb42dce,bc353580,3cb79ff2,bf7eed53,bdb42ddc,bc35356b,3cb7a010,1,51956964

11634,553,-160,527,-285,1640,15448,-3975,2189,-3340,bf7ef2c5,bdb1a6ec,bc3a9730,3cbf3fcd,bf7ef2c6,bdb1a6fa,bc3a971b,3cbf3feb,1,51965483

11635,711,-214,609,-414,1436,15452,-3967,2217,-3344,bf7ef8fd,bdaeb23c,bc422877,3cc79c50,bf7ef8fc,bdaeb249,bc422860,3cc79c6c,1,51974002

11636,659,-357,595,-418,1495,15811,-3989,2211,-3388,bf7efe80,bdabe2db,bc4c8927,3ccfb468,bf7efe81,bdabe2e9,bc4c8912,3ccfb485,1,51982520

11637,588,-370,356,-608,696,15984,-3989,2211,-3388,bf7f0402,bda938e5,bc57e23d,3cd4bb55,bf7f0403,bda938f3,bc57e228,3cd4bb72,1,51991039

11638,405,-379,291,-256,1056,15479,-3937,2271,-3375,bf7f0829,bda715c5,bc610ab5,3cd974b7,bf7f0828,bda715d2,bc610a9e,3cd974d3,1,51999557

11639,342,-476,319,-351,1173,15599,-3961,2161,-3374,bf7f0baf,bda516d8,bc6cc48d,3cde2361,bf7f0bae,bda516e5,bc6cc476,3cde237d,1,52008076

11640,429,-558,368,-728,679,16104,-3961,2161,-3374,bf7f0f72,bda2d801,bc7c77b5,3ce2fe8a,bf7f0f71,bda2d80e,bc7c779e,3ce2fea6,1,52016595

11641,390,-550,409,-868,1227,15917,-3961,2265,-3428,bf7f125c,bda0c1d6,bc862b57,3ce9140e,bf7f125b,bda0c1e3,bc862b4b,3ce9142a,1,52025113

11642,369,-526,434,-914,902,15996,-3941,2215,-3434,bf7f151b,bd9eb07b,bc8dfc6f,3cef04a2,bf7f151a,bd9eb088,bc8dfc63,3cef04bd,1,52033131

11643,270,-424,337,-1001,1264,16071,-3941,2215,-3434,bf7f1743,bd9ce86d,bc94df73,3cf45c22,bf7f1744,bd9ce87c,bc94df68,3cf45c3f,1,52041650

11644,200,-290,195,-965,1480,15935,-3965,2233,-3387,bf7f194d,bd9b55bd,bc9a15c1,3cf8b18e,bf7f194c,bd9b55cb,bc9a15b5,3cf8b1a9,1,52050168

11645,222,-211,93,-845,1119,15897,-4001,2271,-3306,bf7f1bfb,bd99ac88,bc9dd98a,3cfbce44,bf7f1bfa,bd99ac96,bc9dd97e,3cfbce5f,1,52058687

11646,242,-162,43,-667,1286,15626,-4001,2271,-3306,bf7f1ef1,bd97fa7b,bca07239,3cfe9833,bf7f1ef0,bd97fa89,bca0722d,3cfe984e,1,52067206

11647,307,-173,34,-607,1131,15683,-3943,2241,-3357,bf7f2270,bd961634,bca3002e,3d007727,bf7f226f,bd961642,bca30022,3d007734,1,52075724

11648,396,-175,56,-769,1222,15781,-3949,2247,-3380,bf7f2634,bd93f78b,bca61870,3d01d21f,bf7f2635,bd93f79a,bca61865,3d01d22d,1,52084243

11649,443,-177,80,-954,1143,15866,-3971,2209,-3324,bf7f2a09,bd91b6d5,bca9fc09,3d0337fb,bf7f2a08,bd91b6e2,bca9fbfc,3d033808,1,52092761

11650,465,-119,87,-649,-208,15718,-3971,2209,-3324,bf7f2e7e,bd8f55a9,bcac7695,3d04371e,bf7f2e7f,bd8f55b7,bcac7689,3d04372c,1,52101280

11651,318,-38,151,-1219,1014,15716,-3965,2251,-3289,bf7f3133,bd8d6e86,bcafad2b,3d061d1b,bf7f3134,bd8d6e94,bcafad1e,3d061d29,1,52109799

11652,229,79,127,-923,1158,15825,-4027,2265,-3356,bf7f33c8,bd8bbc44,bcb08900,3d0805ee,bf7f33c9,bd8bbc52,bcb088f3,3d0805fc,1,52118317

11653,287,150,79,-945,1179,15968,-4027,2265,-3356,bf7f36df,bd89e2fc,bcb0b099,3d09b6f5,bf7f36de,bd89e309,bcb0b08a,3d09b702,1,52126335

11654,314,203,51,-857,1153,15767,-3995,2225,-3316,bf7f3a57,bd87f210,bcb0159a,3d0b3015,bf7f3a58,bd87f21f,bcb0158e,3d0b3023,1,52134854

11655,336,234,28,-746,850,15810,-3999,2281,-3327,bf7f3e1f,bd85efa5,bcaeb015,3d0c7c34,bf7f3e1e,bd85efb3,bcaeb008,3d0c7c41,1,52143373

11656,319,247,13,-799,1063,15754,-3999,2281,-3327,bf7f41a6,bd83fe3b,bcad4f5e,3d0dd86f,bf7f41a7,bd83fe4b,bcad4f52,3d0dd87d,1,52151891

11657,284,237,-40,-792,1583,15840,-3977,2237,-3354,bf7f44ba,bd823915,bcabe702,3d0f4566,bf7f44b9,bd823924,bcabe6f4,3d0f4571,1,52160410

11658,335,225,-117,-818,1196,15863,-3947,2167,-3310,bf7f48aa,bd8036f7,bcab0a01,3d0fc398,bf7f48a9,bd803706,bcab09f3,3d0fc3a3,1,52168929

11659,373,225,-181,-798,1397,15757,-3947,2167,-3310,bf7f4cc0,bd7c4a43,bcaa16c2,3d101d7a,bf7f4cbf,bd7c4a61,bcaa16b4,3d101d85,1,52177447

11660,421,243,-264,-817,1315,15820,-3977,2245,-3337,bf7f512a,bd77f6a4,bca8d376,3d102c27,bf7f5129,bd77f6c2,bca8d368,3d102c32,1,52185966

11661,449,253,-362,-655,459,15780,-3997,2269,-3351,bf7f5674,bd735493,bca6f5f2,3d0f3bb1,bf7f5675,bd7354b3,bca6f5e7,3d0f3bbd,1,52194485

11662,349,227,-303,-564,144,15649,-3937,2229,-3355,bf7f5b1e,bd6f2cb6,bca541d7,3d0e6907,bf7f5b1f,bd6f2cd6,bca541cc,3d0e6913,1,52203003

11663,188,181,-137,-842,1694,15772,-3937,2229,-3355,bf7f5cfd,bd6c699d,bca50d11,3d0fb9be,bf7f5cfc,bd6c69bb,bca50d04,3d0fb9c8,1,52211522

11664,284,181,-140,-510,351,15674,-4005,2289,-3274,bf7f608a,bd68a6e0,bca3a4d8,3d0ff4bd,bf7f6089,bd68a6fe,bca3a4cb,3d0ff4c7,1,52220040

11665,223,117,25,-204,799,15456,-3937,2247,-3322,bf7f6333,bd656189,bca18de8,3d111245,bf7f6332,bd6561a7,bca18ddb,3d11124f,1,52228566

11666,185,-38,151,-948,1411,15862,-3937,2247,-3322,bf7f63e9,bd627ce8,bca48bb1,3d138217,bf7f63e8,bd627d06,bca48ba4,3d138221,1,52236584

11667,272,-78,78,-757,725,15790,-4023,2249,-3384,bf7f65f3,bd5ed276,bca6ce47,3d14e9c1,bf7f65f4,bd5ed295,bca6ce3b,3d14e9cc,1,52245103

11668,214,-78,56,-775,1131,15757,-3987,2259,-3282,bf7f6762,bd5b9cd8,bca903cd,3d169914,bf7f6761,bd5b9cf5,bca903c0,3d16991d,1,52253621

11669,238,-75,57,-835,1010,15834,-3987,2259,-3282,bf7f68ea,bd583c07,bcab7d98,3d182eba,bf7f68e9,bd583c24,bcab7d8b,3d182ec3,1,52262140

11670,248,-58,34,-819,1033,15820,-4013,2273,-3400,bf7f6a87,bd54d054,bcad9aed,3d19af1d,bf7f6a88,bd54d072,bcad9ae1,3d19af27,1,52270658

11671,246,-43,8,-702,1163,15708,-4015,2239,-3379,bf7f6c3c,bd51714c,bcaedbd9,3d1b1e3e,bf7f6c3b,bd517169,bcaedbcb,3d1b1e47,1,52279177

11672,289,-56,13,-758,1013,15735,-4015,2239,-3379,bf7f6e1b,bd4dc686,bcb0acf9,3d1c6dbe,bf7f6e1a,bd4dc6a3,bcb0acec,3d1c6dc7,1,52287696

11673,317,-72,15,-772,910,15754,-4001,2265,-3356,bf7f6ffd,bd49f614,bcb2b03d,3d1dbc54,bf7f6ffe,bd49f632,bcb2b031,3d1dbc5d,1,52296214

11674,310,-85,22,-897,827,15787,-4035,2285,-3329,bf7f719c,bd463356,bcb5735a,3d1f17dd,bf7f719b,bd463371,bcb5734c,3d1f17e5,1,52304733

11675,306,-50,22,-964,985,15868,-4013,2239,-3366,bf7f730e,bd427f91,bcb869b4,3d207c42,bf7f730d,bd427fac,bcb869a6,3d207c49,1,52313251

11676,326,-17,3,-790,1870,15691,-4013,2239,-3366,bf7f715f,bd41c4b9,bcb9031d,3d23d5c0,bf7f715f,bd41c4d3,bcb90311,3d23d5c7,1,52321770

11677,510,-22,-49,-983,38,15853,-3977,2227,-3300,bf7f746b,bd3cc92a,bcbb7304,3d243826,bf7f7469,bd3cc943,bcbb72f7,3d24382b,1,52330289

11678,388,-6,-10,-978,607,15862,-4021,2269,-3365,bf7f7672,bd388b65,bcbdb6ce,3d25394e,bf7f7672,bd388b7f,bcbdb6c2,3d253954,1,52338307

11679,244,45,9,-726,1157,15679,-4021,2269,-3365,bf7f779b,bd3559d5,bcbd99ce,3d26fe25,bf7f779b,bd3559ee,bcbd99c3,3d26fe2b,1,52346825

11680,294,7,15,-764,827,15642,-4003,2233,-3355,bf7f793e,bd319b4f,bcbe942b,3d283b80,bf7f793c,bd319b67,bcbe9420,3d283b85,1,52355344

11681,294,-16,-9,-937,289,15833,-4059,2255,-3313,bf7f7af1,bd2dc82b,bcc0bce6,3d2906a4,bf7f7af1,bd2dc844,bcc0bcde,3d2906ab,1,52363863

11682,157,52,-27,-890,1122,15901,-4059,2255,-3313,bf7f7b6e,bd2b10a7,bcc1f28c,3d2ab34e,bf7f7b6e,bd2b10c0,bcc1f283,3d2ab355,1,52372381

11683,170,107,5,-956,805,15792,-3959,2267,-3360,bf7f7c57,bd2807bd,bcc2ee37,3d2c1340,bf7f7c57,bd2807d6,bcc2ee2d,3d2c1347,1,52380900

11684,191,133,1,-1044,843,15725,-3977,2281,-3300,bf7f7d0d,bd24ff68,bcc44bf4,3d2d8f71,bf7f7d0d,bd24ff80,bcc44bea,3d2d8f78,1,52389419

11685,177,151,57,-1071,658,15840,-3977,2281,-3300,bf7f7db6,bd21ee15,bcc57387,3d2f2347,bf7f7db6,bd21ee2c,bcc5737d,3d2f234e,1,52397937

11686,175,167,102,-611,1232,15788,-4039,2241,-3372,bf7f7e15,bd1fc7d4,bcc18511,3d31a7f4,bf7f7e15,bd1fc7ea,bcc18509,3d31a7fb,1,52406456

11687,243,164,146,-658,806,15655,-3973,2205,-3308,bf7f7f49,bd1c4ae7,bcbfb5c5,3d33827a,bf7f7f49,bd1c4afd,bcbfb5bd,3d338281,1,52414975

11688,280,94,189,-874,708,15756,-4037,2287,-3324,bf7f7fa9,bd18a719,bcc08d15,3d35dc84,bf7f7fa9,bd18a72f,bcc08d0e,3d35dc8b,1,52423493

11689,244,77,196,-801,826,15729,-4037,2287,-3324,bf7f7fba,bd154a9c,bcc0edb3,3d387181,bf7f7fba,bd154ab1,bcc0edac,3d387188,1,52431512

11690,194,55,190,-699,998,15644,-4001,2261,-3360,bf7f7f78,bd127633,bcc01edf,3d3b42ef,bf7f7f78,bd127648,bcc01ed9,3d3b42f6,1,52440030

11691,199,-8,171,-757,1026,15715,-3963,2243,-3272,bf7f7ed4,bd0fad04,bcc09522,3d3e257f,bf7f7ed2,bd0fad17,bcc0951c,3d3e2584,1,52448549

11692,216,-53,130,-771,931,15668,-3963,2243,-3272,bf7f7e78,bd0ca094,bcc1e561,3d409056,bf7f7e78,bd0ca0a7,bcc1e55e,3d40905c,1,52457068

11693,220,-100,112,-758,1099,15664,-3999,2303,-3293,bf7f7d41,bd0a3964,bcc30b51,3d439944,bf7f7d41,bd0a3977,bcc30b4f,3d43994a,1,52465586

11694,264,-144,107,-847,1142,15714,-4035,2199,-3385,bf7f79e5,bd097050,bcc77e88,3d47619e,bf7f79e6,bd09705e,bcc77e88,3d4761a4,1,52474105

11695,338,-178,107,-876,832,15710,-4035,2199,-3385,bf7f79c0,bd058ce8,bccbeb14,3d4915bb,bf7f79bf,bd058cf5,bccbeb12,3d4915c0,1,52482624

11696,345,-204,102,-957,808,15779,-4021,2237,-3357,bf7f7912,bd01d13b,bcd1358f,3d4b04c0,bf7f7912,bd01d148,bcd1358c,3d4b04c6,1,52491142

11697,334,-214,108,-1048,738,15866,-4003,2267,-3313,bf7f7819,bcfc6d79,bcd6fb53,3d4cffb4,bf7f7818,bcfc6d92,bcd6fb4f,3d4cffba,1,52499661

11698,302,-182,101,-1081,924,15842,-4003,2267,-3313,bf7f7603,bcf6ee08,bcdd7d2d,3d4f87a5,bf7f7604,bcf6ee22,bcdd7d2b,3d4f87ab,1,52508180

11699,291,-168,86,-1154,676,15880,-3999,2235,-3254,bf7f74d8,bcf0824d,bce421ec,3d510c16,bf7f74d8,bcf08265,bce421e7,3d510c1b,1,52516698

11700,254,-112,77,-1164,752,15900,-3987,2257,-3472,bf7f7364,bceaa1ed,bce9e463,3d52e3cc,bf7f7363,bceaa204,bce9e45d,3d52e3d0,1,52525217

11701,220,-50,73,-1074,814,15852,-3957,2255,-3286,bf7f71c2,bce5339d,bcedfdca,3d55338e,bf7f71c2,bce533b4,bcedfdc6,3d553392,1,52533735

11702,211,-29,86,-1054,667,15801,-3957,2255,-3286,bf7f70d4,bcdefaa0,bcf0fd1b,3d571ec0,bf7f70d3,bcdefab5,bcf0fd15,3d571ec3,1,52541753

11703,190,-9,133,-993,629,15779,-3965,2239,-3348,bf7f701f,bcd89f97,bcf2b38d,3d59167b,bf7f7020,bcd89fae,bcf2b389,3d59167f,1,52550272

11704,176,-7,204,-1035,575,15808,-3989,2269,-3363,bf7f6ed2,bcd28075,bcf4d062,3d5b85bf,bf7f6ed3,bcd2808c,bcf4d05e,3d5b85c3,1,52558791

11705,137,-7,275,-1016,698,15738,-3989,2269,-3363,bf7f6c8a,bccd564d,bcf69ab9,3d5ede12,bf7f6c8b,bccd5663,bcf69ab5,3d5ede15,1,52567309

11706,128,-13,344,-1060,997,15784,-4045,2333,-3331,bf7f6783,bccd4c6d,bcf8915a,3d640823,bf7f6783,bccd4c7f,bcf89157,3d640824,1,52575828

11707,161,-21,338,-1177,1205,15859,-4053,2289,-3306,bf7f626c,bcd3305e,bcfc8a6c,3d674677,bf7f626d,bcd3306f,bcfc8a6a,3d674678,1,52584347

11708,197,5,249,-1123,955,15848,-4053,2289,-3306,bf7f5d52,bcd3d2ab,bd003b17,3d6ba534,bf7f5d51,bcd3d2b7,bd003b15,3d6ba533,1,52592865

11709,215,32,188,-1105,955,15829,-3997,2261,-3327,bf7f5878,bcd6bda5,bd01c2c7,3d6f5feb,bf7f5877,bcd6bdae,bd01c2c6,3d6f5feb,1,52601384

11710,246,50,197,-1114,957,15786,-3975,2247,-3286,bf7f53db,bcdacda5,bd034cce,3d72836d,bf7f53da,bcdacdad,bd034ccd,3d72836e,1,52609902

11711,277,61,190,-1031,830,15731,-3975,2247,-3286,bf7f51ae,bcd6ad6d,bd026201,3d7631e0,bf7f51af,bcd6ad76,bd026200,3d7631e2,1,52618421

11712,288,48,196,-969,761,15668,-4021,2267,-3247,bf7f509a,bcd12e9e,bd011a73,3d792751,bf7f509a,bcd12ea5,bd011a71,3d792752,1,52626940

11713,292,14,247,-1007,708,15716,-3997,2263,-3238,bf7f4ef5,bcca9669,bd00e761,3d7c488a,bf7f4ef6,bcca966f,bd00e761,3d7c488c,1,52635458

11714,299,-27,297,-1027,761,15743,-3995,2267,-3278,bf7f4b8b,bcc5ee23,bd00f9f3,3d804b84,bf7f4b8b,bcc5ee26,bd00f9f4,3d804b84,1,52643476

11715,284,-43,301,-1069,830,15781,-3995,2267,-3278,bf7f4602,bcc87b4c,bd024f0f,3d8271cb,bf7f4602,bcc87b4e,bd024f0f,3d8271cb,1,52651995

11716,256,-51,278,-1036,709,15746,-4013,2269,-3281,bf7f432c,bcc2ef7c,bd028bf6,3d8448ec,bf7f432c,bcc2ef7d,bd028bf6,3d8448ec,1,52660513

11717,214,-62,250,-1091,771,15757,-4043,2213,-3312,bf7f4106,bcc8eecd,bd045528,3d845165,bf7f4106,bcc8eece,bd045528,3d845165,1,52669032

11718,192,-91,230,-1049,807,15722,-4043,2213,-3312,bf7f3f49,bccf6629,bd05143b,3d84585b,bf7f3f48,bccf6628,bd05143a,3d84585b,1,52677551

11719,189,-114,241,-1052,822,15732,-3993,2279,-3302,bf7f3b0c,bcce44b1,bd051356,3d867c2c,bf7f3b0d,bcce44b2,bd051356,3d867c2d,1,52686069

11720,202,-141,258,-1174,925,15804,-3977,2273,-3364,bf7f3533,bcd2dd67,bd081798,3d880c4c,bf7f3532,bcd2dd66,bd081797,3d880c4c,1,52694588

11721,216,-143,231,-1310,1026,15855,-3977,2273,-3364,bf7f2ff9,bcd784a2,bd0baea3,3d892111,bf7f2ff9,bcd784a2,bd0baea2,3d892111,1,52703106

11722,249,-98,192,-1344,857,15867,-4007,2253,-3264,bf7f2b92,bcd94f2e,bd100775,3d89dfb8,bf7f2b92,bcd94f2f,bd100774,3d89dfb8,1,52711625

11723,238,-33,129,-1247,876,15829,-3973,2241,-3281,bf7f27bc,bcde4a1a,bd12cb42,3d8a6c7c,bf7f27bb,bcde4a1a,bd12cb41,3d8a6c7b,1,52720144

11724,242,-13,93,-1266,766,15851,-3973,2241,-3281,bf7f24df,bcdab8f8,bd165824,3d8b246f,bf7f24e0,bcdab8f9,bd165824,3d8b2470,1,52728662

11725,233,8,80,-1306,914,15843,-4039,2293,-3294,bf7f1fd1,bcdc6d47,bd189e1e,3d8ca9dd,bf7f1fd2,bcdc6d48,bd189e1d,3d8ca9de,1,52737181

11726,247,40,72,-1283,845,15808,-4021,2331,-3262,bf7f1cbf,bcd82ff3,bd195aa9,3d8e423f,bf7f1cbf,bcd82ff3,bd195aa6,3d8e423f,1,52745699

11727,266,76,62,-1291,848,15840,-3999,2293,-3251,bf7f187e,bcd6be9a,bd1a876c,3d8ff9ff,bf7f187d,bcd6be99,bd1a8768,3d8ff9ff,1,52753717

11728,277,102,38,-1302,807,15850,-3999,2293,-3251,bf7f14f5,bcd37bf2,bd1bb17d,3d9184f3,bf7f14f5,bcd37bf3,bd1bb17a,3d9184f4,1,52762236

11729,289,142,26,-1229,678,15789,-4027,2331,-3308,bf7f145a,bcccdc84,bd1b0f6e,3d928aa7,bf7f145a,bcccdc85,bd1b0f6b,3d928aa8,1,52770754

11730,271,164,41,-1186,670,15759,-4011,2295,-3310,bf7f1478,bcc6bced,bd1961a0,3d9374fd,bf7f1478,bcc6bcee,bd19619d,3d9374fe,1,52779273

11731,247,166,65,-1144,606,15728,-4011,2295,-3310,bf7f14f2,bcc09059,bd178b87,3d943c86,bf7f14f2,bcc09059,bd178b85,3d943c87,1,52787792

11732,226,154,100,-1125,512,15687,-4015,2279,-3289,bf7f15ec,bcb9f156,bd15f922,3d94be75,bf7f15ec,bcb9f155,bd15f921,3d94be76,1,52796310

11733,194,122,146,-1136,709,15734,-3993,2299,-3310,bf7f1448,bcba07af,bd134571,3d961bf6,bf7f1448,bcba07af,bd134571,3d961bf7,1,52804829

11734,172,73,179,-924,689,15571,-3993,2299,-3310,bf7f143b,bcb9b419,bd102f6a,3d96e6e3,bf7f143b,bcb9b419,bd102f6a,3d96e6e4,1,52813347

11735,179,-8,227,-1130,884,15720,-4029,2279,-3233,bf7f11bd,bcc089ad,bd1042fd,3d97669d,bf7f11be,bcc089ad,bd1042fd,3d97669e,1,52821866

11736,190,-41,221,-1193,963,15745,-4045,2317,-3306,bf7f0d7a,bcc70ad4,bd111a24,3d98773a,bf7f0d7b,bcc70ad4,bd111a24,3d98773b,1,52830385

11737,190,-46,115,-1146,745,15763,-4045,2317,-3306,bf7f0a25,bcc51b5e,bd108195,3d9a2628,bf7f0a26,bcc51b5f,bd108195,3d9a2629,1,52838903

11738,165,-57,55,-1195,749,15798,-4009,2299,-3236,bf7f052c,bcc8c92d,bd122e86,3d9b8278,bf7f052d,bcc8c92e,bd122e85,3d9b8279,1,52847422

11739,143,-84,28,-1211,617,15713,-4047,2281,-3265,bf7f0463,bcc39bde,bd14ed28,3d9b9768,bf7f0463,bcc39bde,bd14ed26,3d9b9767,1,52855440

11740,117,-110,11,-1424,841,15920,-4023,2313,-3287,bf7f0006,bcc7dc78,bd18e433,3d9c142a,bf7f0005,bcc7dc77,bd18e430,3d9c1428,1,52863958

11741,128,-59,-9,-1347,829,15851,-4023,2313,-3287,bf7efb5a,bccc8a6d,bd1bebd5,3d9cdb40,bf7efb5b,bccc8a6d,bd1bebd3,3d9cdb3f,1,52872477

11742,125,-21,-1,-1364,893,15803,-4025,2295,-3211,bf7ef833,bcd364a4,bd1e1147,3d9d087c,bf7ef834,bcd364a4,bd1e1145,3d9d087b,1,52880996

11743,161,5,-2,-1378,798,15847,-4041,2269,-3314,bf7ef5be,bcd8ab2d,bd20f311,3d9cd97e,bf7ef5be,bcd8ab2b,bd20f30f,3d9cd97c,1,52889514

11744,192,28,5,-1241,735,15683,-4041,2269,-3314,bf7ef7ea,bcd8dd07,bd1e2412,3d9ca995,bf7ef7eb,bcd8dd06,bd1e2410,3d9ca994,1,52898033

11745,215,28,16,-1582,762,16015,-4037,2311,-3246,bf7ef4a5,bcd77f3c,bd21dbc2,3d9d295d,bf7ef4a4,bcd77f3a,bd21dbbf,3d9d295a,1,52906551

11746,215,98,17,-1362,763,15838,-3977,2279,-3290,bf7ef0d8,bcd6d59b,bd2476ed,3d9e1491,bf7ef0d8,bcd6d59a,bd2476eb,3d9e148f,1,52915070

11747,217,145,32,-1338,704,15776,-3977,2279,-3290,bf7ef003,bcd0b219,bd24a85a,3d9ee111,bf7ef003,bcd0b218,bd24a859,3d9ee10f,1,52923589

11748,220,157,60,-1296,696,15785,-3981,2279,-3316,bf7ef0b9,bccc3a82,bd22348a,3d9f9597,bf7ef0ba,bccc3a80,bd22348a,3d9f9596,1,52932107

11749,209,157,72,-1256,699,15773,-4067,2275,-3265,bf7ef31a,bccf69f6,bd1f8aaa,3d9f0c6f,bf7ef31a,bccf69f4,bd1f8aa8,3d9f0c6d,1,52940626

11750,207,157,84,-1293,888,15735,-4067,2275,-3265,bf7ef207,bcd5e74f,bd1f44a6,3d9f022f,bf7ef208,bcd5e74e,bd1f44a6,3d9f022d,1,52948644

11751,226,151,82,-1235,808,15763,-4007,2293,-3271,bf7ef114,bcd857ba,bd1c76c4,3d9fe0d3,bf7ef114,bcd857b8,bd1c76c4,3d9fe0d2,1,52957163

11752,224,128,68,-1255,799,15796,-4027,2299,-3230,bf7eee72,bcda4776,bd1ac061,3da12c61,bf7eee72,bcda4774,bd1ac060,3da12c60,1,52965681

11753,202,120,43,-1223,802,15729,-4067,2339,-3267,bf7eec2b,bcd73259,bd1975cc,3da2a2cc,bf7eec2a,bcd73256,bd1975cb,3da2a2ca,1,52974200

11754,182,103,14,-1079,760,15618,-4067,2339,-3267,bf7eec50,bcd4a9a6,bd16c55f,3da369fe,bf7eec50,bcd4a9a4,bd16c55f,3da369fc,1,52982718

11755,191,41,-6,-1195,822,15704,-4009,2297,-3240,bf7eead6,bcda78cc,bd15bef3,3da3be91,bf7eead6,bcda78c9,bd15bef3,3da3be90,1,52991237

11756,186,-15,-8,-1264,644,15763,-4009,2297,-3311,bf7eea02,bcd46350,bd178ed0,3da42683,bf7eea02,bcd4634e,bd178ed1,3da42682,1,52999756

11757,143,-37,-29,-1185,769,15685,-4009,2297,-3311,bf7ee914,bcd6d5fb,bd1599ab,3da4c32c,bf7ee915,bcd6d5fa,bd1599ad,3da4c32c,1,53008274

11758,127,-63,-35,-1328,748,15780,-4027,2319,-3244,bf7ee55d,bcd5800f,bd193b28,3da5784a,bf7ee55d,bcd5800e,bd193b2a,3da5784a,1,53016793

11759,129,-74,-7,-1309,760,15750,-4021,2325,-3292,bf7ee104,bcd3a1c2,bd1bf4f5,3da6a77f,bf7ee105,bcd3a1c2,bd1bf4f7,3da6a77f,1,53025312

11760,132,-55,17,-1461,736,15909,-4021,2325,-3292,bf7edd0d,bcd2b80e,bd1fe08c,3da75001,bf7edd0c,bcd2b80c,bd1fe08d,3da75000,1,53033830

11761,140,-24,25,-1497,733,15878,-4059,2295,-3284,bf7ed9ff,bcd4bdb2,bd23efaa,3da755d3,bf7ed9ff,bcd4bdb1,bd23efab,3da755d3,1,53042349

11762,133,12,26,-1477,835,15856,-4055,2303,-3234,bf7ed6a2,bcd9efae,bd26f7ab,3da77248,bf7ed6a2,bcd9efac,bd26f7ad,3da77248,1,53050867

11763,139,52,28,-1437,868,15820,-4055,2303,-3234,bf7ed38b,bce06424,bd28dcb1,3da79d6b,bf7ed38b,bce06422,bd28dcb3,3da79d6b,1,53058885

11764,178,85,42,-1414,817,15782,-4039,2303,-3292,bf7ecf03,bce3d537,bd2ae6e4,3da88774,bf7ecf02,bce3d539,bd2ae6e2,3da88773,1,53067404

11765,187,121,37,-1407,781,15805,-4031,2311,-3343,bf7ecc5a,bcdf876b,bd2b38da,3da9ce87,bf7ecc5a,bcdf876d,bd2b38db,3da9ce87,1,53075923

11766,190,129,22,-1350,825,15793,-4031,2311,-3343,bf7ecb02,bce12a68,bd28b418,3daacdc3,bf7ecb03,bce12a69,bd28b419,3daacdc4,1,53084441

11767,210,140,21,-1333,779,15760,-4075,2331,-3268,bf7ec9ee,bcdd7f8f,bd26dc5f,3dabf40d,bf7ec9ee,bcdd7f8f,bd26dc5f,3dabf40e,1,53092960

11768,204,135,26,-1334,706,15778,-4041,2327,-3280,bf7ec95a,bcd799c1,bd260ba0,3dacd4c3,bf7ec95a,bcd799c1,bd260ba0,3dacd4c4,1,53101478

11769,180,123,32,-1301,734,15746,-4071,2323,-3205,bf7ec9a7,bcd62c9d,bd2333bf,3dad822d,bf7ec9a6,bcd62c9c,bd2333be,3dad822d,1,53109997

11770,165,119,35,-1185,791,15602,-4071,2323,-3205,bf7eca79,bcd8dbfe,bd200c2e,3dadbb3e,bf7eca79,bcd8dbff,bd200c2e,3dadbb3e,1,53118516

11771,159,85,48,-1243,749,15665,-4069,2335,-3189,bf7ec992,bcd72f5d,bd1dad89,3daebbed,bf7ec992,bcd72f5e,bd1dad89,3daebbec,1,53127034

11772,168,29,69,-1376,836,15786,-4047,2361,-3318,bf7ec3df,bcd79479,bd1fe31b,3db04568,bf7ec3df,bcd79479,bd1fe31b,3db04567,1,53135553

11773,173,29,70,-1317,816,15750,-4047,2361,-3318,bf7ebef9,bcd6c4bd,bd202ef8,3db206bc,bf7ebefa,bcd6c4be,bd202ef9,3db206bc,1,53144072

11774,195,18,86,-1368,663,15745,-4025,2305,-3252,bf7ebd56,bcd3f07c,bd23b1a8,3db2068b,bf7ebd56,bcd3f07b,bd23b1a8,3db2068b,1,53152590

11775,203,-3,144,-1411,623,15803,-4049,2351,-3185,bf7eba39,bcce5f30,bd25de51,3db30abe,bf7eba39,bcce5f2f,bd25de51,3db30abe,1,53160608

11776,188,-11,181,-1555,977,15928,-4049,2351,-3185,bf7eb567,bcd4026f,bd2868fa,3db3c04e,bf7eb568,bcd4026e,bd2868fb,3db3c04e,1,53169127

11777,184,45,85,-1454,786,15808,-4013,2273,-3294,bf7eb42b,bcd9cb29,bd2a35ba,3db3547d,bf7eb42c,bcd9cb28,bd2a35bb,3db3547d,1,53177645

11778,161,92,38,-1419,856,15774,-4027,2313,-3189,bf7eb252,bce0ae02,bd2ae830,3db34a59,bf7eb253,bce0ae01,bd2ae831,3db34a59,1,53186164

11779,170,106,35,-1402,731,15777,-4027,2313,-3189,bf7eb1c8,bcdd07de,bd2c222f,3db378ba,bf7eb1c7,bcdd07d9,bd2c222b,3db378b9,1,53194683

11780,165,108,43,-1380,744,15754,-4053,2353,-3219,bf7eafa6,bcd8fedf,bd2b4534,3db4bcb6,bf7eafa6,bcd8fedb,bd2b4531,3db4bcb6,1,53203201

11781,149,104,51,-1375,758,15756,-4025,2287,-3276,bf7eb07e,bcdf407a,bd2aef40,3db40b37,bf7eb07e,bcdf4077,bd2aef3e,3db40b37,1,53211720

11782,151,102,66,-1347,729,15676,-4101,2339,-3244,bf7eb007,bcdb610c,bd291a50,3db4ef4c,bf7eb008,bcdb610a,bd291a4f,3db4ef4d,1,53220239

11783,153,67,117,-1359,872,15821,-4101,2339,-3244,bf7ead9a,bce205a8,bd2861ac,3db571cf,bf7ead9b,bce205a7,bd2861ac,3db571d0,1,53228757

11784,164,49,138,-1472,900,15858,-4053,2277,-3306,bf7eab95,bce861e6,bd29ef60,3db549d1,bf7eab95,bce861e4,bd29ef5e,3db549d2,1,53237276

11785,166,107,65,-1432,760,15796,-4073,2347,-3378,bf7ea8c4,bce3832c,bd2ae76d,3db66ebc,bf7ea8c5,bce3832c,bd2ae76c,3db66ebe,1,53245795

11786,156,122,59,-1417,823,15771,-4073,2347,-3378,bf7ea3d4,bce37821,bd2b4996,3db80fd5,bf7ea3d4,bce37820,bd2b4993,3db80fd6,1,53253812

11787,157,122,58,-1404,815,15760,-4085,2335,-3273,bf7ea095,bce8d6c3,bd2b3c9e,3db8c66b,bf7ea096,bce8d6c4,bd2b3c9d,3db8c66c,1,53262331

11788,159,118,56,-1362,752,15727,-4041,2317,-3250,bf7ea28e,bce554f7,bd28e01c,3db8ea00,bf7ea28e,bce554f3,bd28e01c,3db8ea00,1,53270850

11789,175,102,76,-1363,639,15670,-4041,2317,-3250,bf7ea34d,bcdea883,bd291995,3db91d5a,bf7ea34e,bcdea880,bd291995,3db91d5b,1,53279369

11790,190,50,156,-1305,765,15713,-4009,2361,-3286,bf7ea0f8,bcdb1482,bd278341,3dba8a16,bf7ea0f8,bcdb147e,bd278340,3dba8a17,1,53287887

11791,186,12,198,-1458,1040,15856,-4057,2261,-3294,bf7e9ed1,bce19d7b,bd289c4d,3dba89e5,bf7e9ed1,bce19d77,bd289c4c,3dba89e6,1,53296406

11792,180,53,94,-1416,780,15797,-4057,2261,-3294,bf7e9f10,bce7185a,bd29bf60,3db9c6a7,bf7e9f0f,bce71856,bd29bf5f,3db9c6a7,1,53304924

11793,162,70,53,-1473,807,15804,-4063,2293,-3227,bf7e9e25,bcec3d8e,bd2be806,3db93071,bf7e9e25,bcec3d8b,bd2be804,3db93072,1,53313443

11794,160,90,50,-1446,851,15780,-4077,2349,-3264,bf7e98cc,bced5c89,bd2d5aad,3dba986f,bf7e98cc,bced5c88,bd2d5aac,3dba9870,1,53321962

11795,183,96,53,-1371,876,15690,-4051,2315,-3264,bf7e9884,bcf35839,bd2c0205,3dba8584,bf7e9885,bcf3583a,bd2c0205,3dba8586,1,53330480

11796,217,85,69,-1446,729,15724,-4051,2315,-3264,bf7e97f3,bced623e,bd2dfc0f,3dbabc90,bf7e97f4,bced623e,bd2dfc0e,3dbabc92,1,53338999

11797,232,59,104,-1436,657,15752,-4073,2327,-3289,bf7e9792,bce647f0,bd2ef40e,3dbb31b4,bf7e9793,bce647f0,bd2ef40d,3dbb31b6,1,53347517

11798,202,45,131,-1477,936,15837,-4009,2323,-3195,bf7e947f,bcecc684,bd2fe695,3dbb82ad,bf7e947e,bcecc682,bd2fe692,3dbb82ad,1,53356036

11799,181,84,63,-1470,821,15793,-4009,2323,-3195,bf7e90c2,bcf0462c,bd31e6a2,3dbc079d,bf7e90c1,bcf0462d,bd31e69e,3dbc079d,1,53364054

11800,180,103,15,-1420,835,15765,-4085,2337,-3226,bf7e907a,bcf26cf7,bd2f6b11,3dbc8901,bf7e907b,bcf26cfb,bd2f6b0f,3dbc8902,1,53372572

11801,174,96,-4,-1381,735,15730,-4067,2311,-3216,bf7e94f2,bcee30fd,bd2d7aa3,3dbbcf98,bf7e94f2,bcee30fe,bd2d7aa3,3dbbcf98,1,53381091

11802,155,83,-12,-1368,702,15731,-4067,2311,-3216,bf7e990d,bce939e4,bd2c15b9,3dbb20e5,bf7e990d,bce939e5,bd2c15b9,3dbb20e6,1,53389610

11803,121,62,-16,-1409,791,15744,-4049,2361,-3238,bf7e9645,bce5dcfa,bd2c1d63,3dbc52f2,bf7e9645,bce5dcfb,bd2c1d63,3dbc52f3,1,53398128

11804,104,42,-26,-1479,819,15765,-4113,2343,-3251,bf7e92fb,bceaca77,bd2eed69,3dbc6876,bf7e92fb,bceaca7a,bd2eed68,3dbc6877,1,53406647

11805,96,39,-41,-1464,801,15782,-4113,2343,-3251,bf7e8f75,bced322c,bd316d00,3dbcd339,bf7e8f74,bced322d,bd316cff,3dbcd339,1,53415166

11806,95,44,-45,-1415,754,15755,-4073,2347,-3309,bf7e8f2f,bce8d40f,bd309220,3dbd7474,bf7e8f30,bce8d412,bd309220,3dbd7475,1,53423684

11807,85,43,-41,-1424,767,15764,-4023,2297,-3270,bf7e91b9,bcee96b3,bd305921,3dbc336f,bf7e91b9,bcee96b4,bd30591e,3dbc336f,1,53432203

11808,70,35,-24,-1476,664,15782,-4029,2315,-3235,bf7e91fa,bce9979e,bd31f8d2,3dbc203b,bf7e91f9,bce9979f,bd31f8ce,3dbc203a,1,53440722

11809,34,52,-5,-1499,727,15791,-4029,2315,-3235,bf7e90f6,bce819ac,bd34ea4e,3dbbe1ce,bf7e90f6,bce819b1,bd34ea4d,3dbbe1ce,1,53449240

11810,18,67,23,-1535,134,15428,-4039,2273,-3301,bf7e9172,bce3631c,bd3627b4,3dbbc769,bf7e9172,bce36321,bd3627b3,3dbbc769,1,53457759

11811,48,-70,274,-1381,1411,15919,-4079,2315,-3289,bf7e8dd6,bceb8926,bd364913,3dbc577a,bf7e8dd6,bceb892b,bd364912,3dbc577a,1,53466278

11812,29,-177,409,-1729,1404,15984,-4079,2315,-3289,bf7e875a,bcf3ea0f,bd38abe0,3dbd487f,bf7e875a,bcf3ea14,bd38abdf,3dbd487f,1,53474295

11813,105,-30,217,-1611,532,15844,-4089,2313,-3255,bf7e8569,bceebc8a,bd3b0afd,3dbdc40c,bf7e8569,bceebc8f,bd3b0afc,3dbdc40c,1,53482814

11814,75,37,214,-1589,1023,15818,-4061,2281,-3228,bf7e82bf,bcf664b7,bd3beb46,3dbdd48e,bf7e82bf,bcf664bc,bd3beb44,3dbdd48e,1,53491333

11815,44,60,150,-1307,654,15554,-4061,2281,-3228,bf7e85a7,bcf55dc9,bd394a6a,3dbd9641,bf7e85a7,bcf55dcd,bd394a68,3dbd9641,1,53499851

11816,54,-48,166,-834,872,15045,-4075,2287,-3288,bf7e8630,bcf81629,bd36cdc6,3dbdca6c,bf7e8630,bcf8162d,bd36cdc4,3dbdca6c,1,53508370

11817,151,-308,261,-737,1250,15073,-4065,2313,-3211,bf7e841a,bcfc348c,bd361d32,3dbe5044,bf7e841a,bcfc3490,bd361d30,3dbe5044,1,53516888

11818,262,-473,291,-1928,1723,16329,-4065,2313,-3211,bf7e7dad,bd012dc9,bd3a6396,3dbee8ef,bf7e7dad,bd012dcb,bd3a6394,3dbee8ef,1,53525407

11819,350,-290,157,-1526,550,15865,-4047,2293,-3223,bf7e7d68,bcfa33fb,bd3cf945,3dbf0b22,bf7e7d68,bcfa33ff,bd3cf943,3dbf0b22,1,53533926

11820,282,-204,92,-1368,930,15599,-4077,2337,-3215,bf7e7d07,bcfc46a0,bd3ba0a3,3dbf54d4,bf7e7d07,bcfc46a4,bd3ba0a1,3dbf54d4,1,53542444

11821,288,-256,78,-1731,887,15838,-4049,2373,-3196,bf7e76ec,bcfa3b85,bd406853,3dc056bf,bf7e76ed,bcfa3b89,bd406852,3dc056c0,1,53550963

11822,293,-258,73,-1855,614,15927,-4049,2373,-3196,bf7e7325,bcf4a8ec,bd44affb,3dc0f3fe,bf7e7326,bcf4a8f0,bd44affa,3dc0f3ff,1,53559482

11823,241,-163,68,-1849,787,15860,-4107,2341,-3189,bf7e6ec7,bcf474ea,bd499146,3dc12653,bf7e6ec7,bcf474ed,bd499144,3dc12653,1,53568000

11824,235,-74,99,-1817,725,15678,-4055,2349,-3240,bf7e6a79,bcf1225c,bd4d8502,3dc1c97d,bf7e6a79,bcf1225f,bd4d8500,3dc1c97d,1,53576018

11825,312,-57,221,-1681,1281,15720,-4055,2349,-3240,bf7e66bf,bcf6b1d1,bd4e4336,3dc25fc8,bf7e66bf,bcf6b1d5,bd4e4335,3dc25fc9,1,53584537

11826,376,-32,244,-1854,1180,15828,-4099,2355,-3168,bf7e6201,bcfb22af,bd50501a,3dc305dc,bf7e6202,bcfb22b4,bd50501a,3dc305dd,1,53593055

11827,524,53,234,-1772,958,15791,-4075,2367,-3204,bf7e5bd8,bcfbd5b1,bd52328c,3dc47703,bf7e5bd8,bcfbd5b5,bd52328b,3dc47705,1,53601574

11828,636,38,328,-1587,594,15640,-4075,2367,-3204,bf7e5b20,bcf0c0a9,bd51d719,3dc5a815,bf7e5b20,bcf0c0ad,bd51d718,3dc5a817,1,53610093

11829,630,-48,361,-2062,149,16255,-4043,2381,-3226,bf7e57c8,bce60862,bd5480e3,3dc6d0ac,bf7e57c9,bce60867,bd5480e2,3dc6d0af,1,53618611

11830,473,113,313,-1753,264,15755,-4081,2367,-3184,bf7e564a,bcdc244f,bd55408c,3dc7ca09,bf7e564a,bcdc2453,bd55408b,3dc7ca0b,1,53627130

11831,312,168,233,-1602,721,15794,-4081,2367,-3184,bf7e5707,bcdac64a,bd51c59a,3dc8917c,bf7e5706,bcdac64d,bd51c599,3dc8917d,1,53635649

11832,247,126,150,-1374,302,15552,-4063,2345,-3265,bf7e58b2,bcd46072,bd4fe4ab,3dc8f56e,bf7e58b1,bcd46075,bd4fe4aa,3dc8f56f,1,53644167

11833,165,56,107,-1661,482,15772,-4083,2365,-3261,bf7e5862,bccddb3a,bd502d06,3dc96826,bf7e5862,bccddb3e,bd502d07,3dc96828,1,53652686

11834,141,30,188,-1628,726,15727,-4119,2385,-3232,bf7e5623,bcd2cd27,bd4e866a,3dca3854,bf7e5624,bcd2cd2b,bd4e866c,3dca3857,1,53661205

11835,115,7,226,-1705,1099,15766,-4119,2385,-3232,bf7e523f,bcda5ea6,bd4f0357,3dcad0b2,bf7e5240,bcda5eaa,bd4f0358,3dcad0b5,1,53669222

11836,172,30,130,-1803,667,15827,-4071,2393,-3244,bf7e4d20,bcd74ce0,bd51db11,3dcbe4a7,bf7e4d20,bcd74ce3,bd51db12,3dcbe4aa,1,53677741

11837,174,46,127,-1794,851,15794,-4073,2395,-3150,bf7e47ee,bcdcf5c5,bd5397b9,3dccaf06,bf7e47ef,bcdcf5c9,bd5397ba,3dccaf0a,1,53686260

11838,173,87,100,-1802,723,15833,-4073,2395,-3150,bf7e4254,bcdc021a,bd55fb48,3dcddd3e,bf7e4254,bcdc021c,bd55fb47,3dcddd41,1,53694778

11839,169,117,64,-1705,653,15778,-4101,2403,-3258,bf7e40bf,bcd6fc59,bd5516fc,3dcee95a,bf7e40bf,bcd6fc5b,bd5516fb,3dcee95d,1,53703297

11840,123,120,40,-1722,660,15776,-4071,2383,-3283,bf7e3e8f,bcd3a50d,bd54a447,3dcfe999,bf7e3e8f,bcd3a50e,bd54a446,3dcfe99c,1,53711815

11841,104,119,44,-1740,795,15764,-4071,2383,-3283,bf7e3bcb,bcdac983,bd54a527,3dd04b48,bf7e3bcb,bcdac984,bd54a526,3dd04b4b,1,53720334

11842,125,128,62,-1746,807,15778,-4071,2403,-3187,bf7e372e,bcdff144,bd548ca9,3dd16197,bf7e372f,bcdff147,bd548ca8,3dd1619b,1,53728853

11843,159,146,72,-1758,794,15748,-4041,2381,-3253,bf7e32c5,bce500e7,bd55241b,3dd239ed,bf7e32c4,bce500e9,bd552418,3dd239f0,1,53737371

11844,206,148,112,-1763,697,15742,-4041,2381,-3253,bf7e2f33,bce06ef2,bd562cff,3dd358c1,bf7e2f33,bce06ef6,bd562d01,3dd358c4,1,53745890

11845,214,137,156,-1685,873,15777,-4057,2385,-3178,bf7e2d79,bce5f0ab,bd549d9f,3dd3e386,bf7e2d79,bce5f0af,bd549da1,3dd3e389,1,53754409

11846,203,147,92,-1677,639,15753,-4073,2387,-3199,bf7e2dc0,bcdfce5e,bd5344b1,3dd48d7a,bf7e2dc0,bcdfce62,bd5344b3,3dd48d7d,1,53762927

11847,179,147,87,-1710,487,15717,-4083,2371,-3224,bf7e2e46,bcd912e9,bd539107,3dd4c226,bf7e2e47,bcd912ee,bd53910a,3dd4c22a,1,53771446

11848,163,126,196,-1733,677,15794,-4083,2371,-3224,bf7e2cf7,bcdd3e7f,bd54844c,3dd4a4d1,bf7e2cf8,bcdd3e84,bd54844c,3dd4a4d5,1,53779464

11849,155,121,302,-1840,555,15765,-4077,2379,-3192,bf7e28d9,bcd91590,bd570f0c,3dd5801a,bf7e28d9,bcd91594,bd570f0c,3dd5801e,1,53787982

11850,187,138,397,-1677,603,15672,-4043,2407,-3308,bf7e251d,bcd352fc,bd55d890,3dd74593,bf7e251d,bcd35301,bd55d88e,3dd74597,1,53796501

11851,150,110,502,-1861,957,15804,-4043,2407,-3308,bf7e1d75,bcd9b8ef,bd56ef02,3dd8daee,bf7e1d75,bcd9b8f4,bd56eeff,3dd8daf2,1,53805020

11852,196,145,467,-1927,528,15882,-4041,2381,-3188,bf7e178e,bcd5c1b3,bd59b3a3,3dda2329,bf7e178f,bcd5c1b9,bd59b3a1,3dda232e,1,53813538

11853,151,201,472,-1906,436,15727,-4069,2385,-3224,bf7e1280,bcd0dfa0,bd5ba76a,3ddb696b,bf7e127f,bcd0dfa5,bd5ba766,3ddb696e,1,53822057

11854,129,267,521,-1922,955,15914,-4069,2385,-3224,bf7e0cc8,bcd78ddb,bd5bcbe5,3ddca013,bf7e0cc9,bcd78de0,bd5bcbe4,3ddca018,1,53830576

11855,152,320,469,-1505,804,15704,-4091,2395,-3288,bf7e0b9a,bcda423e,bd57b05c,3dddcec2,bf7e0b9a,bcda4242,bd57b05a,3dddcec5,1,53839094

11856,153,289,455,-1605,820,15711,-4117,2433,-3244,bf7e0870,bcdd4045,bd53fdd8,3ddf69fb,bf7e0870,bcdd4049,bd53fdd6,3ddf69fe,1,53847613

11857,167,267,404,-1588,1030,15740,-4117,2433,-3244,bf7e04f9,bce2d439,bd517d2b,3de0a2bc,bf7e04fa,bce2d43f,bd517d2a,3de0a2bf,1,53856132

11858,198,262,283,-1444,951,15675,-4083,2431,-3284,bf7e03c9,bce5a778,bd4dd7a2,3de1a21c,bf7e03c9,bce5a77d,bd4dd7a0,3de1a21e,1,53864650

11859,195,213,166,-1471,764,15657,-4063,2367,-3261,bf7e05f4,bce843af,bd4a6b0a,3de1a152,bf7e05f5,bce843b4,bd4a6b09,3de1a155,1,53873169

11860,191,152,91,-1613,781,15722,-4063,2353,-3253,bf7e076c,bcede81b,bd4999c5,3de1082a,bf7e076c,bcede81f,bd4999c3,3de1082c,1,53881187

11861,183,131,49,-1653,755,15751,-4063,2353,-3253,bf7e0931,bcf31374,bd49e7a2,3de01df6,bf7e0932,bcf31379,bd49e7a1,3de01df8,1,53889706

11862,176,122,53,-1695,646,15765,-4099,2387,-3251,bf7e090b,bced6539,bd4b77ce,3de02fbc,bf7e090a,bced653b,bd4b77cc,3de02fbc,1,53898224

11863,178,126,68,-1731,738,15763,-4087,2379,-3190,bf7e07ef,bcf069e4,bd4de844,3ddfbdc5,bf7e07ef,bcf069e7,bd4de842,3ddfbdc6,1,53906743

11864,195,122,126,-1488,128,15400,-4087,2379,-3190,bf7e08ca,bce97823,bd4d7307,3de01023,bf7e08ca,bce97826,bd4d7305,3de01024,1,53915261

11865,219,14,328,-1733,1243,15811,-4079,2383,-3254,bf7e045c,bcefe811,bd4e0c76,3de0c129,bf7e045d,bcefe815,bd4e0c75,3de0c12b,1,53923780

11866,272,-32,324,-1924,599,15946,-4097,2405,-3213,bf7dfedd,bceb6d39,bd51c6bf,3de1bde2,bf7dfedb,bceb6d3a,bd51c6bc,3de1bde1,1,53932299

11867,238,70,174,-1733,792,15847,-4097,2405,-3213,bf7dfb72,bcf00faf,bd5233b2,3de24c0d,bf7dfb72,bcf00fb1,bd5233b5,3de24c0d,1,53940817

11868,191,123,79,-1726,872,15751,-4071,2399,-3162,bf7df989,bcf66231,bd520a86,3de271d6,bf7df98a,bcf66233,bd520a8a,3de271d7,1,53949336

11869,226,143,42,-1733,806,15708,-4083,2413,-3186,bf7df573,bcf6d105,bd526bac,3de37886,bf7df573,bcf6d105,bd526bae,3de37888,1,53957854

11870,257,150,34,-1769,801,15774,-4083,2413,-3186,bf7df13a,bcf68d55,bd540522,3de44b92,bf7df139,bcf68d55,bd540524,3de44b93,1,53966373

11871,266,155,38,-1742,767,15773,-4093,2371,-3148,bf7df3c3,bcfa4995,bd54563f,3de34271,bf7df3c3,bcfa4996,bd545642,3de34273,1,53974892

11872,287,184,54,-1710,602,15731,-4053,2425,-3145,bf7df3b4,bcf2b03d,bd53dbd0,3de3e6e9,bf7df3b5,bcf2b03f,bd53dbd4,3de3e6ec,1,53982910

11873,278,166,78,-1629,715,15744,-4065,2391,-3202,bf7df6f3,bcef456b,bd509e77,3de3f877,bf7df6f4,bcef456e,bd509e7a,3de3f87a,1,53991428

11874,251,151,45,-1652,724,15768,-4065,2391,-3202,bf7dfa87,bced8799,bd4db8d8,3de3bec2,bf7dfa87,bced879c,bd4db8d9,3de3bec4,1,53999947

11875,240,143,2,-1655,653,15736,-4073,2381,-3206,bf7dff72,bce818e9,bd4d0f4e,3de2df6f,bf7dff72,bce818eb,bd4d0f51,3de2df71,1,54008465

11876,227,134,-5,-1569,690,15667,-4091,2415,-3188,bf7e01a6,bce4a243,bd4a29b2,3de32016,bf7e01a6,bce4a246,bd4a29b4,3de32018,1,54016984

11877,231,97,6,-1655,795,15725,-4091,2415,-3188,bf7dffd9,bcea0282,bd4a1ec8,3de34be2,bf7dffd8,bcea0283,bd4a1ec8,3de34be3,1,54025503

11878,253,59,18,-1821,545,15826,-4041,2383,-3236,bf7dfe8d,bce526a7,bd4d1fe4,3de34bc5,bf7dfe8e,bce526aa,bd4d1fe5,3de34bc7,1,54034021

11879,247,103,37,-1758,608,15771,-4067,2407,-3215,bf7dfcc3,bcdfc032,bd4f6b51,3de39c16,bf7dfcc4,bcdfc034,bd4f6b51,3de39c18,1,54042540

11880,214,130,34,-1725,719,15786,-4067,2407,-3215,bf7dfa17,bce2f2b5,bd50d0c4,3de3d6b1,bf7dfa16,bce2f2b7,bd50d0c0,3de3d6b1,1,54051058

11881,218,149,41,-1735,752,15747,-4107,2415,-3238,bf7df74f,bce7443f,bd51cfa5,3de41cfa,bf7df74f,bce74440,bd51cfa4,3de41cfb,1,54059577

11882,233,143,40,-1732,729,15761,-4061,2365,-3157,bf7df8f5,bcebe844,bd526d44,3de336ea,bf7df8f4,bcebe844,bd526d43,3de336ea,1,54068096

11883,255,145,49,-1692,603,15713,-4061,2365,-3157,bf7dfe39,bce7150f,bd526cff,3de20cb5,bf7dfe38,bce71510,bd526cff,3de20cb5,1,54076114

11884,252,140,71,-1767,862,15804,-4095,2429,-3215,bf7df9fd,bcebcf29,bd52ec4e,3de2d0ff,bf7df9fe,bcebcf2b,bd52ec4f,3de2d101,1,54084633

11885,279,170,63,-1769,702,15792,-4067,2435,-3239,bf7df6e3,bce5e914,bd537c58,3de3edd3,bf7df6e5,bce5e916,bd537c5a,3de3edd6,1,54093151

11886,313,191,76,-1753,543,15719,-4059,2387,-3085,bf7df873,bcded390,bd54ae37,3de3a7cf,bf7df873,bcded38f,bd54ae36,3de3a7d0,1,54101670

11887,330,183,152,-1649,489,15727,-4059,2387,-3085,bf7dfb73,bcd70158,bd536302,3de39717,bf7dfb73,bcd70157,bd536301,3de39718,1,54110188

11888,283,155,199,-1636,673,15783,-4035,2425,-3161,bf7dfa5a,bcd43d08,bd507dec,3de4b94e,bf7dfa5b,bcd43d08,bd507dec,3de4b950,1,54118707

11889,248,157,157,-1624,604,15726,-4071,2403,-3191,bf7dfd7d,bcd2078c,bd4d90c4,3de4a4de,bf7dfd7e,bcd2078d,bd4d90c4,3de4a4e0,1,54127226

11890,223,142,116,-1638,667,15769,-4071,2403,-3191,bf7dfeae,bcd674ba,bd4c142d,3de46344,bf7dfeaf,bcd674ba,bd4c142d,3de46346,1,54135744

11891,198,129,82,-1667,616,15773,-4109,2419,-3200,bf7dfe5f,bcd27f48,bd4ca760,3de49348,bf7dfe5f,bcd27f47,bd4ca75d,3de49349,1,54144263

11892,184,130,65,-1695,618,15736,-4027,2405,-3205,bf7dfc06,bcd119fe,bd4ea9d1,3de4db1d,bf7dfc05,bcd119fe,bd4ea9cc,3de4db1d,1,54152781

11893,177,134,74,-1705,666,15725,-4027,2405,-3205,bf7df98a,bcd59280,bd4fd603,3de50564,bf7df989,bcd59282,bd4fd5fc,3de50565,1,54161300

11894,185,132,84,-1736,653,15747,-4091,2405,-3121,bf7df8d8,bcd9751a,bd51a62b,3de49249,bf7df8d9,bcd9751c,bd51a627,3de4924d,1,54169818

11895,198,136,95,-1704,545,15749,-4083,2407,-3163,bf7df996,bcd30871,bd521af0,3de4a353,bf7df996,bcd30871,bd521aea,3de4a356,1,54178337

11896,197,121,138,-1620,587,15681,-4083,2407,-3163,bf7dfcaf,bcd0d3fa,bd4f496b,3de48c04,bf7dfcae,bcd0d3f9,bd4f4965,3de48c06,1,54186355

11897,170,73,141,-1696,753,15825,-4057,2431,-3232,bf7df847,bcd64749,bd4f103c,3de58115,bf7df847,bcd6474a,bd4f1037,3de58118,1,54194874

11898,167,86,87,-1700,596,15795,-4053,2373,-3222,bf7dfadb,bcd8a93c,bd50630b,3de4597b,bf7dfadb,bcd8a93d,bd506308,3de4597e,1,54203392

11899,153,102,60,-1705,641,15795,-4069,2395,-3222,bf7dfc27,bcdb1124,bd514345,3de3a49a,bf7dfc27,bcdb1125,bd514345,3de3a49d,1,54211911

11900,142,109,50,-1706,607,15777,-4069,2395,-3222,bf7dfde4,bcd75a64,bd520127,3de33571,bf7dfde4,bcd75a66,bd520127,3de33574,1,54220430

11901,137,104,53,-1727,618,15803,-4041,2395,-3171,bf7dfe31,bcd65f30,bd538d01,3de2d2ba,bf7dfe31,bcd65f33,bd538d02,3de2d2bd,1,54228948

11902,152,109,87,-1757,307,15647,-4093,2435,-3165,bf7dfd08,bcd021b5,bd545d0c,3de3520b,bf7dfd09,bcd021b9,bd545d0e,3de3520f,1,54237467

11903,171,69,223,-1501,960,15542,-4093,2435,-3165,bf7dfb37,bcd5900f,bd5283ef,3de3f135,bf7dfb37,bcd59011,bd5283f0,3de3f138,1,54245986

11904,175,12,234,-1756,800,15823,-4041,2415,-3166,bf7df66f,bcdc05e4,bd53859f,3de4a816,bf7df66f,bcdc05e6,bd5385a0,3de4a819,1,54254504

11905,189,54,110,-1705,618,15804,-4073,2399,-3131,bf7df9a7,bcd99c61,bd532a6e,3de3fce6,bf7df9a8,bcd99c65,bd532a6c,3de3fcea,1,54263023

11906,139,67,56,-1651,590,15755,-4073,2399,-3131,bf7dfd9b,bcd6a072,bd5121bd,3de38853,bf7dfd9c,bcd6a076,bd5121ba,3de38857,1,54271541

11907,111,59,29,-1641,653,15702,-4033,2437,-3200,bf7dfbb1,bcd3b1ee,bd4fb3a3,3de48fe5,bf7dfbb1,bcd3b1f2,bd4fb39e,3de48fe8,1,54280060

11908,120,34,40,-1794,667,15720,-4065,2369,-3165,bf7dfaf6,bcd9172e,bd5211d7,3de3e892,bf7dfaf6,bcd91732,bd5211d2,3de3e895,1,54288078

11909,148,25,70,-1808,442,15792,-4065,2369,-3165,bf7dfaff,bcd56d95,bd54ecc5,3de37385,bf7dfafe,bcd56d9a,bd54ecc0,3de37387,1,54296597

11910,138,37,86,-1697,591,15674,-4075,2441,-3208,bf7df885,bcd094f9,bd54b278,3de47993,bf7df885,bcd094fe,bd54b274,3de47996,1,54305115

11911,123,33,72,-1901,955,15750,-4081,2419,-3167,bf7df538,bcd79a89,bd565b96,3de498a9,bf7df538,bcd79a8e,bd565b92,3de498ac,1,54313634

11912,187,79,79,-1846,439,15728,-4081,2419,-3167,bf7df35d,bcd200e2,bd586daf,3de4f34d,bf7df35d,bcd200e7,bd586dab,3de4f350,1,54322152

11913,190,76,151,-1597,557,15803,-4083,2387,-3213,bf7df6c4,bcd0f079,bd558b94,3de4be6e,bf7df6c5,bcd0f07e,bd558b91,3de4be72,1,54330671

11914,133,45,164,-1605,931,15732,-4041,2417,-3128,bf7df513,bcd7789a,bd544a5c,3de52058,bf7df513,bcd7789f,bd544a5a,3de5205b,1,54339190

11915,143,41,52,-1605,855,15598,-4085,2439,-3099,bf7df40e,bcdd4612,bd52a8bd,3de5709e,bf7df40e,bcdd4618,bd52a8bb,3de570a1,1,54347708

11916,174,1,23,-1640,882,15675,-4085,2439,-3099,bf7df283,bce34462,bd51ad92,3de5b93f,bf7df283,bce34467,bd51ad8f,3de5b942,1,54356227

11917,238,-31,10,-1930,738,15836,-4107,2459,-3182,bf7ded34,bce25565,bd55691e,3de663b1,bf7ded35,bce2556a,bd55691c,3de663b5,1,54364746

11918,268,-4,14,-2010,851,15847,-4071,2423,-3128,bf7de947,bce58169,bd58cc06,3de67bd7,bf7de947,bce5816d,bd58cc03,3de67bda,1,54373264

11919,315,87,2,-2037,786,15913,-4071,2423,-3128,bf7de5be,bce688ef,bd5c1bb4,3de69c01,bf7de5be,bce688f3,bd5c1bb1,3de69c04,1,54381282

11920,344,190,-3,-1929,752,15826,-4099,2425,-3202,bf7de27b,bce6e03b,bd5ea908,3de6df77,bf7de27b,bce6e03f,bd5ea906,3de6df7a,1,54390301

11921,379,244,1,-1790,568,15727,-4085,2433,-3161,bf7de35c,bcde5e0d,bd5deede,3de753c3,bf7de35d,bcde5e12,bd5deedd,3de753c6,1,54398319

11922,371,247,11,-1664,491,15708,-4085,2433,-3161,bf7de5e6,bcd66803,bd5bc6fa,3de79d7e,bf7de5e6,bcd66807,bd5bc6f9,3de79d80,1,54406838

11923,337,227,35,-1693,365,15663,-4143,2451,-3242,bf7de726,bcce129c,bd5ac0d5,3de7fccb,bf7de727,bcce12a1,bd5ac0d5,3de7fccd,1,54415357

11924,304,174,107,-1668,876,15766,-4051,2473,-3189,bf7de51e,bcd0e540,bd5860d9,3de8f083,bf7de51e,bcd0e542,bd5860d7,3de8f084,1,54423875

11925,287,164,111,-1759,698,15806,-4051,2473,-3189,bf7de058,bcce1a38,bd577dcd,3dea9886,bf7de059,bcce1a3b,bd577dcd,3dea9888,1,54432394

11926,333,195,46,-1744,636,15758,-4107,2407,-3163,bf7de2ae,bcd1e3d5,bd573e9e,3de9ceee,bf7de2ae,bcd1e3d7,bd573e9d,3de9ceef,1,54440913

11927,325,191,59,-1729,622,15748,-4051,2437,-3169,bf7de137,bccd62ee,bd55eacc,3deac2be,bf7de137,bccd62f0,bd55eaca,3deac2bf,1,54449431

11928,338,195,57,-1730,453,15757,-4085,2445,-3204,bf7de123,bcc532dc,bd55ca94,3deb3f54,bf7de124,bcc532df,bd55ca93,3deb3f56,1,54457950

11929,308,190,67,-1761,418,15743,-4085,2445,-3204,bf7de06f,bcbd8db9,bd566912,3debb027,bf7de070,bcbd8dbb,bd566910,3debb029,1,54466469

11930,286,177,121,-1765,491,15732,-4083,2423,-3223,bf7de051,bcbb4c10,bd586b7c,3deb5fec,bf7de051,bcbb4c11,bd586b7a,3deb5fed,1,54474987

11931,269,173,136,-1896,749,15903,-4133,2443,-3275,bf7ddd7d,bcc059e9,bd599a61,3deb9be6,bf7ddd7d,bcc059eb,bd599a5f,3deb9be7,1,54483506

11932,252,227,43,-1601,449,15679,-4133,2443,-3275,bf7de0a2,bcbb4d83,bd567663,3debbc5d,bf7de0a3,bcbb4d86,bd567661,3debbc5f,1,54491524

11933,205,216,-1,-1583,592,15707,-4099,2445,-3205,bf7de37a,bcbcf85b,bd52cae5,3debb700,bf7de37b,bcbcf85e,bd52cae3,3debb702,1,54500042

11934,195,153,-26,-1648,537,15720,-4111,2509,-3207,bf7de1c2,bcb87869,bd5174ed,3decb260,bf7de1c2,bcb8786b,bd5174ea,3decb261,1,54508561

11935,192,123,-29,-1712,598,15758,-4111,2509,-3207,bf7ddd5e,bcb689cc,bd514927,3dee004b,bf7ddd5f,bcb689cf,bd514927,3dee004d,1,54517080

11936,182,120,-39,-1759,586,15785,-4113,2523,-3210,bf7dd886,bcb44a50,bd51fdd3,3def3db4,bf7dd886,bcb44a53,bd51fdd3,3def3db5,1,54525598

11937,196,126,-30,-1761,548,15760,-4107,2451,-3216,bf7dd711,bcb83c0e,bd5402d7,3deefe99,bf7dd711,bcb83c11,bd5402d7,3deefe9a,1,54534117

11938,197,130,-11,-1757,610,15768,-4107,2451,-3216,bf7dd5cb,bcbddeba,bd54ee91,3deeda46,bf7dd5cb,bcbddebd,bd54ee91,3deeda47,1,54542636

11939,200,134,-5,-1706,490,15737,-4091,2389,-3190,bf7dda65,bcc1503a,bd551782,3ded6ac6,bf7dda65,bcc1503d,bd551783,3ded6ac7,1,54551154

11940,183,118,-12,-1715,511,15772,-4087,2429,-3171,bf7dde18,bcbfb10e,bd550e91,3dec844f,bf7dde18,bcbfb110,bd550e92,3dec8450,1,54559673

11941,153,105,-28,-1717,551,15748,-4123,2467,-3181,bf7ddc15,bcbd5404,bd54aaf2,3ded42e3,bf7ddc16,bcbd5406,bd54aaf2,3ded42e5,1,54568192

11942,147,103,-34,-1755,636,15779,-4123,2467,-3181,bf7dd93f,bcc2c579,bd555d33,3ded9678,bf7dd93f,bcc2c57c,bd555d31,3ded9679,1,54576710

11943,163,114,-20,-1774,619,15787,-4109,2493,-3171,bf7dd44b,bcc1a554,bd5609f7,3deed065,bf7dd44b,bcc1a557,bd5609f5,3deed066,1,54585229

11944,194,135,5,-1769,666,15773,-4069,2431,-3191,bf7dd3ab,bcc7ca76,bd568be9,3dee8cc0,bf7dd3ab,bcc7ca79,bd568be7,3dee8cc1,1,54593748

11945,210,147,17,-1725,579,15749,-4069,2431,-3191,bf7dd54b,bcc99661,bd55b646,3dee35a7,bf7dd54b,bcc99664,bd55b646,3dee35a8,1,54601765

11946,217,144,17,-1693,579,15725,-4113,2433,-3223,bf7dd8c8,bccb0ddf,bd53bffa,3deda3b7,bf7dd8c8,bccb0de1,bd53bffb,3deda3b8,1,54610284

11947,195,133,5,-1651,458,15717,-4139,2457,-3239,bf7dd9e0,bcc4aa7f,bd52b843,3dede9c9,bf7dd9e0,bcc4aa81,bd52b843,3dede9ca,1,54618803

11948,166,107,-10,-1714,550,15752,-4139,2457,-3239,bf7dd8a5,bcc1d3ea,bd533ec2,3dee4500,bf7dd8a5,bcc1d3ec,bd533ec0,3dee4501,1,54627321

11949,141,91,-22,-1753,614,15774,-4089,2451,-3199,bf7dd5cb,bcc65c20,bd54b4c1,3dee78be,bf7dd5cb,bcc65c21,bd54b4c0,3dee78bf,1,54635840

11950,157,97,-17,-1765,599,15786,-4113,2423,-3276,bf7dd61c,bccb8898,bd563160,3dedc81e,bf7dd61b,bccb8898,bd56315e,3dedc81e,1,54644359

11951,167,109,0,-1770,618,15774,-4113,2423,-3276,bf7dd62f,bcd08bae,bd577c5c,3ded32ae,bf7dd62e,bcd08bae,bd577c5b,3ded32ae,1,54652877

11952,181,114,8,-1761,592,15764,-4107,2411,-3168,bf7dd8e7,bcd4274a,bd586233,3dec1028,bf7dd8e6,bcd4274b,bd586231,3dec1028,1,54661396

11953,185,130,12,-1731,579,15750,-4085,2475,-3116,bf7dd726,bccef790,bd57ace4,3decfb5e,bf7dd727,bccef793,bd57ace3,3decfb60,1,54669915

11954,182,126,10,-1702,488,15740,-4097,2425,-3205,bf7dd9fa,bcc8e2b0,bd56bef8,3decc336,bf7dd9fb,bcc8e2b2,bd56bef9,3decc338,1,54678433

11955,158,113,7,-1753,597,15783,-4097,2425,-3205,bf7ddae1,bccd89f0,bd57634a,3dec1fc5,bf7ddae0,bccd89f2,bd576344,3dec1fc4,1,54686952

11956,139,102,3,-1751,635,15759,-4093,2473,-3328,bf7dd71d,bccacd1d,bd570b4d,3ded5bf9,bf7dd71e,bccacd21,bd570b4a,3ded5bfa,1,54695470

11957,152,109,5,-1743,590,15762,-4093,2379,-3218,bf7dd9fd,bcd01d71,bd576426,3dec38d3,bf7dd9fe,bcd01d75,bd576422,3dec38d4,1,54703488

11958,164,121,5,-1768,635,15784,-4093,2379,-3218,bf7ddc1e,bcd5a429,bd57eeb5,3deb374f,bf7ddc1f,bcd5a42c,bd57eeb1,3deb3750,1,54712007

11959,176,120,8,-1780,611,15782,-4065,2405,-3241,bf7ddd0c,bcd75499,bd599d89,3dea7aba,bf7ddd0d,bcd7549c,bd599d85,3dea7abb,1,54720525

11960,190,133,17,-1781,635,15756,-4095,2445,-3230,bf7dda20,bcd3d501,bd59df80,3deb6891,bf7dda1f,bcd3d502,bd59df7f,3deb6890,1,54729044

11961,205,150,21,-1782,598,15782,-4095,2445,-3230,bf7dd819,bccf109f,bd5a14a1,3dec2be5,bf7dd819,bccf10a1,bd5a14a0,3dec2be6,1,54737563

11962,221,153,25,-1748,636,15762,-4085,2409,-3194,bf7dda75,bcd3fad4,bd5959ee,3deb6e68,bf7dda76,bcd3fad7,bd5959ee,3deb6e6a,1,54746081

11963,234,160,16,-1747,648,15727,-4113,2471,-3171,bf7dd7bc,bcd0972e,bd5845f9,3dec9991,bf7dd7bb,bcd0972f,bd5845f8,3dec9991,1,54754600

11964,258,162,3,-1750,585,15773,-4113,2471,-3171,bf7dd5f7,bccafd06,bd57be0d,3ded7fa1,bf7dd5f8,bccafd09,bd57be0e,3ded7fa3,1,54763119

11965,264,162,4,-1728,643,15741,-4061,2449,-3206,bf7dd427,bccba46f,bd562040,3dee4fdd,bf7dd427,bccba470,bd56203f,3dee4fdd,1,54771637

11966,261,161,0,-1740,605,15762,-4105,2471,-3199,bf7dd15e,bcc7b5a6,bd55b085,3def5b57,bf7dd15e,bcc7b5a7,bd55b084,3def5b57,1,54780156

11967,275,166,-7,-1734,564,15767,-4097,2447,-3326,bf7dd057,bcc34626,bd557e19,3defe680,bf7dd056,bcc34626,bd557e17,3defe67f,1,54788675

11968,267,166,-6,-1694,353,15730,-4097,2447,-3326,bf7dd16b,bcbbabf4,bd553019,3df0102d,bf7dd16b,bcbbabf4,bd553018,3df0102d,1,54796692

11969,214,146,-8,-1679,450,15724,-4103,2463,-3219,bf7dd217,bcb585ea,bd5423e4,3df06998,bf7dd217,bcb585ea,bd5423e3,3df06998,1,54805211

11970,175,129,-4,-1679,532,15718,-4087,2445,-3175,bf7dd44d,bcb9d1ce,bd52c496,3defecb8,bf7dd44d,bcb9d1cf,bd52c496,3defecb8,1,54813730

11971,159,113,-12,-1705,484,15766,-4087,2445,-3175,bf7dd5ba,bcb708cd,bd534d68,3def90ab,bf7dd5b9,bcb708ce,bd534d68,3def90aa,1,54822248

11972,144,104,-13,-1684,479,15724,-4117,2425,-3173,bf7dda70,bcba6327,bd5333ae,3dee2c7a,bf7dda70,bcba6329,bd5333b0,3dee2c7a,1,54830767

11973,122,92,-9,-1732,544,15748,-4119,2451,-3202,bf7dd933,bcbdf8f2,bd54ad4a,3dedff55,bf7dd933,bcbdf8f4,bd54ad4a,3dedff55,1,54839286

11974,107,86,1,-1717,534,15760,-4119,2451,-3202,bf7dd91b,bcbe5b69,bd54bbef,3dedfd77,bf7dd91a,bcbe5b69,bd54bbee,3dedfd76,1,54847804

11975,108,85,5,-1711,497,15729,-4113,2427,-3181,bf7ddd0e,bcbff4d4,bd553ee7,3decbd27,bf7ddd0e,bcbff4d5,bd553ee9,3decbd27,1,54856323

11976,99,86,9,-1568,734,15612,-4081,2413,-3264,bf7dde77,bcc66a10,bd5378d3,3dec6ce6,bf7dde77,bcc66a11,bd5378d5,3dec6ce6,1,54864842

11977,144,33,26,-1634,669,15708,-4081,2413,-3264,bf7ddfc5,bccc7355,bd523a6c,3dec07e9,bf7ddfc6,bccc7356,bd523a6f,3dec07ea,1,54873360

11978,185,-30,32,-1823,568,15807,-4095,2433,-3219,bf7ddc66,bccbceab,bd561480,3dec1b67,bf7ddc67,bccbceab,bd561483,3dec1b68,1,54881879

11979,178,-6,19,-1915,584,15835,-4101,2417,-3221,bf7dd9ca,bccdb6ce,bd59db34,3debd79e,bf7dd9ca,bccdb6cf,bd59db37,3debd79e,1,54890398

11980,173,38,0,-1828,624,15811,-4101,2431,-3165,bf7dd7d9,bcd160c2,bd5c5daf,3deb9472,bf7dd7da,bcd160c3,bd5c5db2,3deb9473,1,54898916

11981,163,49,-11,-1825,623,15789,-4101,2431,-3165,bf7dd649,bcd44010,bd5e72ab,3deb59ca,bf7dd649,bcd44010,bd5e72ad,3deb59c9,1,54906934

11982,187,76,-2,-1817,634,15750,-4087,2449,-3199,bf7dd2cf,bcd1ef81,bd5eea96,3dec4e04,bf7dd2d0,bcd1ef81,bd5eea99,3dec4e04,1,54915453

11983,210,98,14,-1859,575,15807,-4101,2455,-3191,bf7dcfc5,bccd58cb,bd6061f8,3ded0652,bf7dcfc5,bccd58ca,bd6061f8,3ded0652,1,54923971

11984,206,129,19,-1803,572,15743,-4101,2455,-3191,bf7dce47,bcc8e391,bd5fc205,3dedcf15,bf7dce47,bcc8e390,bd5fc207,3dedcf15,1,54932490

11985,195,146,13,-1780,603,15764,-4093,2475,-3202,bf7dcbfb,bcc5fa4a,bd5e44c0,3deeebe3,bf7dcbfc,bcc5fa49,bd5e44c4,3deeebe4,1,54941009

11986,196,142,8,-1765,573,15747,-4083,2429,-3209,bf7dced3,bcc9240f,bd5ca3c0,3dee60b1,bf7dced4,bcc9240e,bd5ca3c3,3dee60b2,1,54949527

11987,193,144,9,-1769,578,15749,-4083,2429,-3209,bf7dd10c,bccb7674,bd5ba815,3dede3d0,bf7dd10c,bccb7673,bd5ba816,3dede3d0,1,54958046

11988,196,139,11,-1766,605,15750,-4087,2423,-3288,bf7dd28b,bccf6bad,bd5ae35c,3ded744d,bf7dd28b,bccf6bad,bd5ae35c,3ded744d,1,54966565

11989,191,132,16,-1750,566,15760,-4123,2421,-3147,bf7dd790,bcd0b2a0,bd5a218e,3dec3659,bf7dd791,bcd0b2a1,bd5a218f,3dec365a,1,54975083

11990,181,130,12,-1751,570,15738,-4123,2421,-3147,bf7ddc2c,bcd17458,bd59c9d9,3deb024c,bf7ddc2b,bcd17457,bd59c9d7,3deb024b,1,54983602

11991,170,130,18,-1766,646,15734,-4077,2397,-3204,bf7ddddd,bcd71c28,bd59ec46,3dea3300,bf7dddde,bcd71c29,bd59ec46,3dea3301,1,54992120

11992,182,128,8,-1768,574,15752,-4105,2465,-3253,bf7ddc14,bcd18b4e,bd59c204,3deb0968,bf7ddc14,bcd18b4e,bd59c202,3deb0969,1,55000639

11993,195,129,2,-1776,580,15736,-4111,2439,-3227,bf7ddaf8,bccd2fa2,bd5a6979,3deb6c3a,bf7ddaf8,bccd2fa2,bd5a6976,3deb6c3b,1,55009158

11994,200,130,1,-1757,654,15727,-4111,2439,-3227,bf7dda5d,bcd1d204,bd5996e2,3deb85a1,bf7dda5c,bcd1d204,bd5996e0,3deb85a1,1,55017176

11995,195,126,-7,-1778,629,15735,-4073,2383,-3257,bf7ddc84,bcd6e957,bd5a314b,3dea8354,bf7ddc84,bcd6e958,bd5a314a,3dea8355,1,55025694

11996,213,124,-20,-1771,593,15749,-4059,2423,-3146,bf7ddd0e,bcd228bf,bd5a6f62,3dea94bc,bf7ddd0d,bcd228bf,bd5a6f5f,3dea94bc,1,55034213

11997,208,117,-20,-1756,568,15763,-4059,2423,-3146,bf7ddebb,bccd2756,bd59ec77,3dea862f,bf7ddebb,bccd2757,bd59ec75,3dea8630,1,55042731

11998,206,110,-9,-1793,546,15724,-4057,2417,-3225,bf7dde54,bcc9822c,bd5bda78,3dea613d,bf7dde55,bcc9822e,bd5bda77,3dea613f,1,55051250

11999,210,126,1,-1813,572,15754,-4011,2483,-3275,bf7ddb2c,bcc46a70,bd5bfef8,3deb77b7,bf7ddb2d,bcc46a72,bd5bfef7,3deb77b9,1,55059769

12000,209,147,11,-1775,575,15744,-4011,2483,-3275,bf7dd83b,bcbfaa74,bd5b6c1b,3deca301,bf7dd83c,bcbfaa76,bd5b6c1a,3deca303,1,55068287

12001,201,142,8,-1775,637,15766,-4073,2417,-3227,bf7dd8ed,bcc5bce2,bd5b405e,3dec2d6e,bf7dd8ee,bcc5bce4,bd5b405e,3dec2d6f,1,55076806

12002,209,144,7,-1781,636,15770,-4087,2423,-3262,bf7dd91f,bccb6e2c,bd5b3149,3debd5c9,bf7dd91e,bccb6e2d,bd5b3145,3debd5c7,1,55085324

12003,236,150,-4,-1787,551,15771,-4087,2423,-3262,bf7dda18,bcc80ce9,bd5c205e,3deb8993,bf7dda17,bcc80ceb,bd5c205e,3deb8992,1,55093843

12004,233,154,2,-1758,572,15722,-4049,2469,-3209,bf7dd7f4,bcc31dc1,bd5b3964,3dec9472,bf7dd7f4,bcc31dc4,bd5b3965,3dec9472,1,55102362

12005,231,158,5,-1782,540,15758,-4059,2421,-3254,bf7dd8e6,bcc3009c,bd5c09a2,3dec2485,bf7dd8e7,bcc3009c,bd5c09a2,3dec2486,1,55110880

12006,239,160,18,-1769,522,15738,-4083,2413,-3175,bf7ddd0a,bcc485bb,bd5c1989,3deaef6e,bf7ddd09,bcc485ba,bd5c1986,3deaef6d,1,55118898

12007,228,157,25,-1715,514,15722,-4083,2413,-3175,bf7de2bc,bcc37d6c,bd59b74d,3dea008e,bf7de2bd,bcc37d6c,bd59b74c,3dea008f,1,55127417

12008,219,150,21,-1713,552,15721,-4131,2415,-3235,bf7de723,bcc6a645,bd58339c,3de8fda8,bf7de723,bcc6a643,bd58339a,3de8fda8,1,55135935

12009,206,136,5,-1722,517,15732,-4115,2443,-3199,bf7de7bc,bcc0ec8f,bd576694,3de9506e,bf7de7bd,bcc0ec8d,bd576694,3de9506f,1,55144454

12010,187,127,1,-1758,547,15759,-4115,2443,-3199,bf7de644,bcbfe334,bd5873af,3de98602,bf7de645,bcbfe334,bd5873b0,3de98603,1,55152972

12011,181,128,1,-1783,572,15735,-4101,2413,-3246,bf7de6cd,bcc4d01a,bd59bbf2,3de8d28c,bf7de6ce,bcc4d01a,bd59bbf2,3de8d28d,1,55161491

12012,183,127,0,-1747,555,15743,-4075,2459,-3299,bf7de4a8,bcc02686,bd5921ee,3de9ca17,bf7de4a9,bcc02686,bd5921ee,3de9ca18,1,55170010

12013,175,123,6,-1743,544,15747,-4075,2459,-3299,bf7de24c,bcbbe3b4,bd588bf2,3deac7cf,bf7de24c,bcbbe3b2,bd588bf0,3deac7cf,1,55178529

12014,173,126,2,-1756,628,15736,-4089,2393,-3255,bf7de3a0,bcc22690,bd58b556,3dea10ba,bf7de3a0,bcc2268e,bd58b555,3dea10ba,1,55187047

12015,185,122,-13,-1758,547,15732,-4101,2431,-3231,bf7de3f7,bcc2bb0b,bd598881,3de9c03d,bf7de3f7,bcc2bb0a,bd59887f,3de9c03d,1,55195566

12016,185,115,-17,-1757,498,15744,-4101,2431,-3231,bf7de4fb,bcbdbc42,bd5a04db,3de99e92,bf7de4fb,bcbdbc42,bd5a04da,3de99e92,1,55204085

12017,171,117,-9,-1804,595,15745,-4095,2425,-3203,bf7de45e,bcc33b9e,bd5b533f,3de9322d,bf7de45d,bcc33b9d,bd5b533e,3de9322c,1,55212603

12018,159,119,-5,-1796,585,15774,-4043,2435,-3249,bf7de0c3,bcc30bf8,bd5c163a,3dea01bd,bf7de0c2,bcc30bf8,bd5c1638,3dea01bc,1,55220621

12019,178,130,1,-1794,611,15752,-4085,2405,-3281,bf7de19a,bcc8f4eb,bd5c8384,3de95d05,bf7de19b,bcc8f4ec,bd5c8383,3de95d06,1,55229149

12020,194,136,5,-1781,616,15762,-4085,2405,-3281,bf7de31b,bcce631b,bd5c624c,3de8b08a,bf7de31b,bcce631a,bd5c624d,3de8b08b,1,55237667

12021,211,146,7,-1759,621,15726,-4123,2451,-3234,bf7de194,bccc4f2b,bd5add3a,3de993f6,bf7de194,bccc4f2a,bd5add3c,3de993f7,1,55246186

12022,218,154,3,-1754,534,15746,-4051,2379,-3283,bf7de6fe,bccd6da5,bd5ab880,3de812c7,bf7de6ff,bccd6da7,bd5ab882,3de812ca,1,55254705

12023,214,145,5,-1743,537,15748,-4051,2379,-3283,bf7decec,bccda214,bd5a1348,3de69692,bf7decec,bccda215,bd5a1348,3de69694,1,55263223

12024,201,140,5,-1724,482,15716,-4115,2411,-3275,bf7defd9,bcc736dc,bd59590e,3de64e4f,bf7defd9,bcc736dd,bd59590c,3de64e51,1,55271742

12025,179,124,0,-1754,575,15730,-4071,2399,-3256,bf7df230,bccb42b8,bd599d47,3de56029,bf7df230,bccb42b9,bd599d45,3de5602b,1,55280261

12026,179,119,-2,-1743,570,15730,-4071,2399,-3256,bf7df5ee,bccc6ef7,bd59141f,3de46651,bf7df5ec,bccc6ef7,bd59141f,3de46651,1,55288779

12027,174,114,-10,-1770,523,15735,-4095,2393,-3212,bf7df932,bccadec7,bd5aa3fb,3de333d6,bf7df933,bccadeca,bd5aa3ff,3de333d9,1,55297298

12028,160,109,-16,-1787,574,15753,-4057,2407,-3237,bf7df861,bcc95d6b,bd5c1d23,3de328c5,bf7df860,bcc95d6b,bd5c1d22,3de328c6,1,55305817

12029,164,112,-6,-1776,606,15755,-4057,2407,-3237,bf7df862,bcccc1a0,bd5bdf97,3de306db,bf7df861,bcccc1a2,bd5bdf95,3de306dc,1,55313835

12030,180,115,-1,-1779,621,15743,-4135,2439,-3178,bf7df620,bccce144,bd5bb3f1,3de3b0e9,bf7df620,bccce147,bd5bb3f2,3de3b0eb,1,55322353

12031,189,124,-9,-1781,586,15745,-4101,2435,-3145,bf7df47e,bcc94a01,bd5bdc2c,3de44e8b,bf7df47e,bcc94a03,bd5bdc2c,3de44e8d,1,55330872

12032,198,125,-8,-1768,541,15782,-4121,2489,-3117,bf7df265,bcc40a14,bd5b7583,3de54526,bf7df264,bcc40a15,bd5b7583,3de54527,1,55339390

12033,190,129,-2,-1768,550,15741,-4121,2489,-3117,bf7defb2,bcbf69cb,bd5b1a36,3de6587a,bf7defb1,bcbf69cd,bd5b1a35,3de6587b,1,55347909

12034,177,125,-3,-1750,522,15745,-4097,2437,-3322,bf7def05,bcbade1c,bd5a54e2,3de6f270,bf7def04,bcbade1d,bd5a54e3,3de6f271,1,55356428

12035,176,122,0,-1766,510,15723,-4119,2433,-3230,bf7def35,bcba0c83,bd5b3f18,3de6b89f,bf7def35,bcba0c85,bd5b3f1c,3de6b8a1,1,55364946

12036,172,116,9,-1772,602,15752,-4119,2433,-3230,bf7deebd,bcc01b97,bd5b3c12,3de68a8f,bf7deebc,bcc01b98,bd5b3c15,3de68a90,1,55373465

12037,170,118,7,-1781,640,15744,-4105,2433,-3213,bf7ded86,bcc639ce,bd5b57b8,3de68703,bf7ded85,bcc639cf,bd5b57ba,3de68704,1,55381983

12038,182,124,7,-1767,650,15734,-4117,2427,-3171,bf7ded9a,bccc3e65,bd5b0707,3de64061,bf7ded9a,bccc3e67,bd5b070a,3de64062,1,55390502

12039,197,126,-5,-1760,640,15724,-4117,2427,-3171,bf7dee06,bcd119c0,bd5a6a98,3de6021f,bf7dee06,bcd119c2,bd5a6a99,3de60220,1,55399021

12040,219,128,-10,-1745,600,15715,-4095,2419,-3160,bf7df086,bcd00ec5,bd593073,3de5ab19,bf7df086,bcd00ec7,bd593072,3de5ab19,1,55407540

12041,236,125,-13,-1760,554,15745,-4085,2447,-3215,bf7def32,bcc9ec7f,bd5930d0,3de65fd0,bf7def32,bcc9ec81,bd5930d0,3de65fd0,1,55416058

12042,223,122,-14,-1763,558,15740,-4085,2447,-3215,bf7ded4f,bcc49725,bd5953ce,3de7263f,bf7ded4f,bcc49727,bd5953ce,3de7263f,1,55424076

12043,213,130,-10,-1754,534,15723,-4047,2465,-3296,bf7deb2e,bcbf1547,bd59170e,3de813ce,bf7deb2f,bcbf154a,bd591710,3de813cf,1,55432595

12044,215,122,-8,-1745,485,15735,-4089,2469,-3213,bf7de98b,bcb93baa,bd58ec51,3de8dbb2,bf7de98b,bcb93bad,bd58ec50,3de8dbb3,1,55441113

12045,207,109,-2,-1748,591,15708,-4085,2447,-3230,bf7de731,bcbd322c,bd58b21c,3de95a36,bf7de731,bcbd322c,bd58b21c,3de95a38,1,55449632

12046,200,104,0,-1749,609,15724,-4085,2447,-3230,bf7de4b5,bcc1370e,bd586c96,3de9e2a4,bf7de4b5,bcc1370f,bd586c96,3de9e2a6,1,55458151

12047,207,93,-4,-1765,573,15738,-4093,2437,-3244,bf7de2b8,bcc30c1b,bd5980bf,3dea144b,bf7de2b7,bcc30c1c,bd5980bc,3dea144c,1,55466669

12048,221,90,0,-1793,609,15748,-4083,2419,-3159,bf7de2ac,bcc823e4,bd5abf5f,3de98864,bf7de2ac,bcc823e6,bd5abf5d,3de98866,1,55475188

12049,232,96,3,-1826,543,15768,-4083,2419,-3159,bf7de227,bcc7a40a,bd5d7dfa,3de90db2,bf7de227,bcc7a40c,bd5d7df8,3de90db4,1,55483707

12050,230,120,2,-1808,571,15755,-4099,2453,-3204,bf7ddf3b,bcc3bb6d,bd5e00d4,3de9eee1,bf7ddf3b,bcc3bb6f,bd5e00d5,3de9eee3,1,55492225

12051,223,139,-5,-1797,556,15739,-4063,2431,-3243,bf7dddea,bcc1c244,bd5e3896,3dea57a5,bf7ddde9,bcc1c246,bd5e3898,3dea57a6,1,55500744

12052,225,148,-1,-1790,549,15731,-4063,2431,-3243,bf7ddd39,bcc0399a,bd5df7e0,3deaaaf5,bf7ddd38,bcc0399c,bd5df7e2,3deaaaf6,1,55509262

12053,235,147,0,-1749,531,15716,-4083,2433,-3150,bf7de04c,bcbf3a68,bd5bd377,3dea63e6,bf7de04d,bcbf3a6c,bd5bd379,3dea63e9,1,55517781

12054,224,140,-5,-1776,543,15732,-4061,2407,-3234,bf7de2a6,bcc31eb4,bd5c3bfa,3de974c2,bf7de2a5,bcc31eb7,bd5c3bf8,3de974c4,1,55525799

12055,215,142,-5,-1787,510,15732,-4061,2407,-3234,bf7de547,bcc1e7b6,bd5d7249,3de883ed,bf7de546,bcc1e7b9,bd5d724b,3de883ef,1,55534317

12056,218,147,7,-1737,538,15677,-4089,2459,-3253,bf7de444,bcbd2baf,bd5bf5bb,3de962c0,bf7de445,bcbd2bb4,bd5bf5bf,3de962c4,1,55542836

12057,210,140,7,-1775,519,15749,-4077,2409,-3252,bf7de715,bcc00182,bd5c66e9,3de85e88,bf7de716,bcc00187,bd5c66ea,3de85e8c,1,55551355

12058,208,141,7,-1758,466,15744,-4077,2409,-3252,bf7deafe,bcbb1b8d,bd5c162f,3de79ff8,bf7deafe,bcbb1b91,bd5c1632,3de79ffc,1,55559873

12059,191,136,17,-1754,524,15734,-4093,2371,-3237,bf7dee51,bcbfe818,bd5c02b1,3de67b63,bf7dee51,bcbfe81c,bd5c02b3,3de67b67,1,55568392

12060,184,128,17,-1740,594,15689,-4075,2417,-3238,bf7def76,bcc4f854,bd5ab35f,3de63664,bf7def76,bcc4f857,bd5ab361,3de63668,1,55576911

12061,186,123,4,-1757,540,15720,-4083,2393,-3250,bf7df32c,bcc81211,bd5af54f,3de4f547,bf7df32b,bcc81213,bd5af552,3de4f54a,1,55585429

12062,196,114,-2,-1779,598,15740,-4083,2393,-3250,bf7df4c9,bccd0f12,bd5b9463,3de41540,bf7df4ca,bccd0f15,bd5b9466,3de41544,1,55593948

12063,193,120,-5,-1802,530,15753,-4073,2393,-3194,bf7df6ec,bccb07f4,bd5d818d,3de322b1,bf7df6ec,bccb07f6,bd5d818e,3de322b3,1,55602467

12064,201,133,-3,-1805,551,15752,-4097,2423,-3164,bf7df659,bcc69ec1,bd5e7079,3de34f9c,bf7df659,bcc69ec3,bd5e707a,3de34f9e,1,55610985

12065,203,140,6,-1795,487,15761,-4097,2423,-3164,bf7df6f7,bcc066df,bd5eadf3,3de36a1b,bf7df6f7,bcc066e1,bd5eadf4,3de36a1d,1,55619003

12066,199,148,16,-1734,465,15687,-4061,2407,-3196,bf7dfa4f,bcbaf68d,bd5cfa17,3de32df7,bf7dfa50,bcbaf68f,bd5cfa19,3de32dfa,1,55627522

12067,187,140,15,-1698,413,15687,-4079,2411,-3223,bf7dfd60,bcb53763,bd5b4837,3de305e6,bf7dfd60,bcb53765,bd5b4838,3de305e8,1,55636041

12068,157,117,7,-1725,475,15720,-4079,2411,-3223,bf7e0196,bcb44d21,bd5998b7,3de24bab,bf7e0196,bcb44d24,bd5998b6,3de24bad,1,55644559

12069,120,93,-5,-1743,545,15720,-4069,2475,-3207,bf7dfdfe,bcb1a767,bd5927f4,3de389ab,bf7dfdff,bcb1a76a,bd5927f3,3de389ad,1,55653078

12070,115,78,-11,-1752,589,15718,-4051,2441,-3221,bf7dfaa2,bcb6a875,bd591edd,3de43c35,bf7dfaa1,bcb6a877,bd591edb,3de43c35,1,55661597

12071,123,73,-6,-1730,657,15713,-4051,2441,-3221,bf7df86e,bcbcd386,bd585bb8,3de4b6ed,bf7df86e,bcbcd388,bd585bb8,3de4b6ee,1,55670115

12072,148,52,5,-1790,540,15721,-4051,2393,-3246,bf7df85d,bcc12838,bd5a9a4b,3de3f8b2,bf7df85c,bcc12839,bd5a9a4c,3de3f8b2,1,55678634

12073,150,52,5,-1837,582,15769,-4097,2427,-3284,bf7df494,bcc33aec,bd5d78dc,3de43953,bf7df495,bcc33aed,bd5d78e0,3de43955,1,55687152

12074,146,73,-5,-1805,582,15732,-4077,2403,-3225,bf7df4e2,bcc87fba,bd5ea6e8,3de39088,bf7df4e3,bcc87fbb,bd5ea6eb,3de39089,1,55695671

12075,165,81,-9,-1834,536,15757,-4077,2403,-3225,bf7df4d4,bcc73756,bd61136d,3de30d86,bf7df4d4,bcc73756,bd61136f,3de30d86,1,55704190

12076,166,93,1,-1800,516,15738,-4043,2365,-3228,bf7df96b,bcc9c693,bd615d35,3de18dcc,bf7df96c,bcc9c694,bd615d38,3de18dcd,1,55712708

12077,151,105,3,-1757,544,15685,-4093,2403,-3207,bf7dfdb5,bcc81f71,bd5f057f,3de10488,bf7dfdb6,bcc81f71,bd5f0582,3de10488,1,55721227

12078,148,92,-10,-1761,601,15720,-4093,2403,-3207,bf7e0040,bccca209,bd5d8afe,3de06948,bf7e0040,bccca207,bd5d8b00,3de06947,1,55729245

12079,147,76,-18,-1808,598,15747,-4089,2385,-3249,bf7e01a6,bcd13fc8,bd5ed326,3ddf6e54,bf7e01a5,bcd13fc6,bd5ed326,3ddf6e51,1,55737763

12080,150,78,-22,-1855,540,15767,-4063,2429,-3227,bf7dff69,bccc31de,bd60174a,3de00a7e,bf7dff6a,bccc31dd,bd60174b,3de00a7d,1,55746282

12081,154,100,-13,-1867,628,15757,-4063,2429,-3227,bf7dfac4,bccb5a2e,bd61dc51,3de0f5b4,bf7dfac5,bccb5a2c,bd61dc52,3de0f5b3,1,55754800

12082,187,115,-6,-1853,613,15772,-4113,2423,-3187,bf7df854,bccd1859,bd633c7c,3de13453,bf7df854,bccd1857,bd633c7d,3de13451,1,55763319

12083,209,132,6,-1810,561,15746,-4063,2397,-3244,bf7dfb36,bcc99d83,bd61ff48,3de0e5e0,bf7dfb35,bcc99d7f,bd61ff4c,3de0e5dd,1,55771838

12084,208,147,11,-1779,499,15702,-4063,2397,-3244,bf7dfe06,bcc3990f,bd60ce39,3de0bc0d,bf7dfe07,bcc3990e,bd60ce3d,3de0bc0b,1,55780356

12085,195,136,16,-1758,578,15702,-4091,2425,-3217,bf7dfead,bcc2c937,bd5e417e,3de13a8e,bf7dfead,bcc2c935,bd5e4180,3de13a8b,1,55788875

12086,182,128,5,-1787,551,15740,-4061,2469,-3273,bf7dfc19,bcbdfa38,bd5dd7ef,3de24f6c,bf7dfc1a,bcbdfa37,bd5dd7f2,3de24f6a,1,55797394

12087,173,128,1,-1806,584,15734,-4063,2459,-3241,bf7df803,bcbb4f7b,bd5de19a,3de3954a,bf7df804,bcbb4f79,bd5de19c,3de39548,1,55805912

12088,178,125,3,-1794,555,15715,-4063,2459,-3241,bf7df46e,bcb7f96f,bd5dc2f5,3de4c739,bf7df46f,bcb7f96d,bd5dc2f8,3de4c737,1,55814431

12089,186,126,-3,-1785,552,15725,-4113,2439,-3283,bf7df26a,bcba3566,bd5d9a91,3de542bf,bf7df26a,bcba3565,bd5d9a8d,3de542bc,1,55822950

12090,188,126,-7,-1795,574,15731,-4101,2473,-3242,bf7dee6b,bcb7f221,bd5d6c2f,3de685ea,bf7dee6a,bcb7f21f,bd5d6c2b,3de685e6,1,55830968

12091,193,109,-9,-1813,607,15743,-4101,2473,-3242,bf7de971,bcb8def4,bd5dd02b,3de7bff7,bf7de971,bcb8def3,bd5dd029,3de7bff4,1,55839486

12092,206,98,4,-1807,574,15750,-4091,2483,-3252,bf7de4f9,bcb64acf,bd5dee9c,3de911d3,bf7de4fa,bcb64acf,bd5dee9a,3de911d1,1,55848005

12093,206,104,1,-1847,583,15758,-4091,2413,-3263,bf7de49c,bcbbc63d,bd5f4ed8,3de89107,bf7de49d,bcbbc63d,bd5f4ed6,3de89105,1,55856523

12094,206,121,-2,-1817,516,15723,-4091,2413,-3263,bf7de5e1,bcbe9b77,bd60b44f,3de7bcfb,bf7de5e2,bcbe9b76,bd60b44d,3de7bcf9,1,55865042

12095,202,132,4,-1838,558,15760,-4111,2415,-3207,bf7de6c6,bcc332cc,bd61bc0a,3de700eb,bf7de6c6,bcc332cb,bd61bc05,3de700e9,1,55873561

12096,198,138,1,-1823,541,15713,-4125,2475,-3166,bf7de412,bcbea03c,bd61982d,3de8044d,bf7de413,bcbea03c,bd61982a,3de8044c,1,55882079

12097,191,129,0,-1820,574,15732,-4125,2475,-3166,bf7de074,bcbcb0b0,bd613a7c,3de93103,bf7de074,bcbcb0ae,bd613a78,3de93101,1,55890598

12098,196,127,0,-1812,522,15750,-4081,2461,-3249,bf7dde07,bcb8480f,bd60e352,3dea273d,bf7dde06,bcb8480d,bd60e350,3dea273a,1,55899117

12099,205,139,10,-1817,555,15746,-4123,2449,-3183,bf7ddd0c,bcbc529e,bd60f205,3dea3423,bf7ddd0b,bcbc529c,bd60f202,3dea3421,1,55907635

12100,207,142,15,-1820,602,15724,-4123,2407,-3155,bf7ddea1,bcc1f9bd,bd611b17,3de9726e,bf7ddea1,bcc1f9bc,bd611b16,3de9726d,1,55916154

12101,217,150,14,-1796,547,15718,-4123,2407,-3155,bf7de22a,bcc6254f,bd60d193,3de85578,bf7de22b,bcc6254e,bd60d193,3de85578,1,55924172

12102,215,153,1,-1800,526,15740,-4059,2457,-3213,bf7de09f,bcc08d94,bd6037d7,3de93121,bf7de09e,bcc08d92,bd6037d5,3de9311f,1,55932690

12103,200,139,6,-1766,523,15736,-4109,2447,-3253,bf7de0f0,bcbc6045,bd5e78b2,3de9bcae,bf7de0ef,bcbc6043,bd5e78b0,3de9bcac,1,55941209

12104,201,139,5,-1777,559,15721,-4109,2447,-3253,bf7ddfd7,bcbd9f81,bd5d5652,3dea3d6f,bf7ddfd6,bcbd9f80,bd5d564f,3dea3d6d,1,55949728

12105,194,140,8,-1787,510,15721,-4097,2385,-3270,bf7de31a,bcc1cece,bd5dd58a,3de90572,bf7de31a,bcc1cece,bd5dd588,3de90571,1,55958247

12106,192,133,1,-1790,545,15728,-4191,2473,-3161,bf7de110,bcbebac7,bd5dc081,3de9c132,bf7de110,bcbebac7,bd5dc07e,3de9c131,1,55966765

12107,183,126,0,-1814,555,15737,-4191,2473,-3161,bf7dddee,bcbe9819,bd5ed48c,3dea5ae5,bf7ddded,bcbe9817,bd5ed487,3dea5ae4,1,55975284

12108,190,127,5,-1803,555,15734,-4097,2453,-3175,bf7ddb3d,bcbde89d,bd5ef0e4,3deb174c,bf7ddb3c,bcbde89c,bd5ef0e4,3deb174a,1,55983802

12109,191,134,12,-1790,534,15724,-4103,2419,-3229,bf7dddc4,bcc1fcde,bd5ef761,3dea3153,bf7dddc5,bcc1fcde,bd5ef763,3dea3153,1,55992321

12110,186,135,10,-1805,542,15718,-4103,2419,-3229,bf7ddf83,bcc52f33,bd5fb765,3de95f56,bf7ddf83,bcc52f32,bd5fb768,3de95f55,1,56000840

12111,183,133,8,-1769,511,15714,-4117,2403,-3286,bf7de52f,bcc603c7,bd5eb39e,3de80674,bf7de52f,bcc603c6,bd5eb39e,3de80673,1,56009358

12112,170,119,12,-1804,541,15750,-4133,2403,-3294,bf7de81d,bcc95b30,bd5f782a,3de6db2e,bf7de81d,bcc95b30,bd5f7829,3de6db2d,1,56017877

12113,175,125,13,-1787,619,15716,-4089,2471,-3196,bf7de4e1,bcc68537,bd5e8f3d,3de81d09,bf7de4e2,bcc68538,bd5e8f3d,3de81d09,1,56026396

12114,179,121,-1,-1810,590,15735,-4089,2471,-3196,bf7de142,bcc3247f,bd5e8740,3de949cb,bf7de143,bcc32480,bd5e8740,3de949cb,1,56034414

12115,183,126,-6,-1827,597,15752,-4119,2431,-3219,bf7de085,bcc80111,bd5fa10a,3de8f7fc,bf7de085,bcc80112,bd5fa109,3de8f7fb,1,56042932

12116,211,131,-2,-1826,525,15724,-4107,2401,-3193,bf7de37c,bcc9a11a,bd61143f,3de7b8ba,bf7de37c,bcc9a119,bd611440,3de7b8b9,1,56051451

12117,216,147,9,-1804,609,15715,-4107,2401,-3193,bf7de5df,bcceabc8,bd60d1b4,3de6d9ca,bf7de5e0,bcceabc8,bd60d1b6,3de6d9ca,1,56059969

12118,224,154,9,-1777,481,15715,-4043,2391,-3271,bf7de94f,bcc822a5,bd6007be,3de674ee,bf7de950,bcc822a6,bd6007bd,3de674ee,1,56068488

12119,212,144,9,-1773,520,15721,-4107,2419,-3201,bf7decd6,bcc3ab14,bd5ea777,3de60f27,bf7decd6,bcc3ab13,bd5ea776,3de60f26,1,56077007

12120,198,136,6,-1795,540,15725,-4107,2419,-3201,bf7deec5,bcc42a35,bd5f1593,3de5644b,bf7deec6,bcc42a34,bd5f1594,3de5644b,1,56085526

12121,196,129,8,-1826,573,15736,-4107,2415,-3158,bf7def42,bcc81ec0,bd605f5d,3de4baef,bf7def43,bcc81ebf,bd605f5e,3de4baef,1,56094044

12122,207,142,9,-1810,542,15757,-4117,2433,-3197,bf7deee5,bcc35744,bd6052fb,3de5198b,bf7deee5,bcc35742,bd6052fc,3de5198a,1,56102563

12123,219,150,21,-1806,607,15722,-4117,2433,-3197,bf7dee02,bcc780ab,bd5fecc6,3de53863,bf7dee02,bcc780a9,bd5fecc7,3de53862,1,56111081

12124,217,147,10,-1768,507,15726,-4095,2459,-3257,bf7ded1c,bcc18577,bd5f0c92,3de5ffd0,bf7ded1d,bcc18576,bd5f0c94,3de5ffcf,1,56119600

12125,189,134,-4,-1785,559,15727,-4101,2491,-3175,bf7dea57,bcbd3c33,bd5e6b21,3de72358,bf7dea57,bcbd3c31,bd5e6b22,3de72356,1,56128119

12126,193,125,-16,-1766,502,15737,-4089,2433,-3157,bf7dec10,bcb97f98,bd5d458c,3de72133,bf7dec10,bcb97f96,bd5d458c,3de72131,1,56136637

12127,191,120,-14,-1796,535,15747,-4089,2433,-3157,bf7deb81,bcbc09d1,bd5e2250,3de6f297,bf7deb80,bcbc09cd,bd5e224f,3de6f294,1,56144655

12128,183,124,-6,-1835,565,15763,-4117,2483,-3235,bf7de716,bcb9319c,bd5ecc69,3de8249b,bf7de716,bcb93199,bd5ecc69,3de82498,1,56153174

12129,201,135,3,-1832,573,15754,-4113,2465,-3183,bf7de2a3,bcba0adb,bd5fc147,3de91592,bf7de2a3,bcba0ad9,bd5fc144,3de9158f,1,56161693

12130,216,145,23,-1849,568,15761,-4113,2465,-3183,bf7dde0d,bcba6bcb,bd610292,3dea0298,bf7dde0c,bcba6bc8,bd61028f,3dea0295,1,56170211

12131,234,165,41,-1785,570,15723,-4093,2449,-3214,bf7ddd06,bcbc7887,bd5f42ea,3dea9a8d,bf7ddd05,bcbc7884,bd5f42e6,3dea9a8a,1,56178730

12132,239,172,44,-1757,480,15726,-4095,2495,-3240,bf7ddb36,bcb69b10,bd5e3c7e,3deba051,bf7ddb36,bcb69b0d,bd5e3c7a,3deba04f,1,56187248

12133,234,153,21,-1727,495,15700,-4095,2495,-3240,bf7dd991,bcb1938f,bd5ccc70,3deca51c,bf7dd991,bcb1938d,bd5ccc6c,3deca51a,1,56195767

12134,194,123,-13,-1736,436,15717,-4127,2459,-3207,bf7ddadd,bcac9f49,bd5b8bb2,3decd111,bf7ddadd,bcac9f46,bd5b8baf,3decd10f,1,56204286

12135,164,108,-29,-1785,552,15742,-4095,2481,-3227,bf7dd697,bcaeb97c,bd5bba5f,3dedd26f,bf7dd697,bcaeb979,bd5bba5e,3dedd26d,1,56212804

12136,164,110,-30,-1821,583,15752,-4095,2481,-3227,bf7dd216,bcb2594b,bd5ccd54,3dee9ad0,bf7dd216,bcb25948,bd5ccd53,3dee9ace,1,56221323

12137,186,115,-30,-1846,581,15774,-4101,2431,-3226,bf7dd1f4,bcb825af,bd5e1314,3dee11ff,bf7dd1f4,bcb825ac,bd5e1313,3dee11fd,1,56229842

12138,204,121,-11,-1838,551,15757,-4071,2459,-3211,bf7dcde4,bcb904fd,bd5fafd8,3deebb64,bf7dcde4,bcb904fb,bd5fafd7,3deebb62,1,56238361

12139,220,137,4,-1823,568,15729,-4083,2447,-3169,bf7dccbd,bcbda5d8,bd604f96,3deeaa2d,bf7dccbc,bcbda5d4,bd604f95,3deeaa2b,1,56246378

12140,234,150,3,-1802,535,15743,-4083,2447,-3169,bf7dccbd,bcbdaca3,bd5fc23e,3deecae4,bf7dccbd,bcbdaca2,bd5fc23c,3deecae4,1,56254897

12141,241,156,4,-1767,488,15731,-4071,2481,-3185,bf7dcb77,bcb7f2d3,bd5ebc76,3defa62a,bf7dcb77,bcb7f2d2,bd5ebc74,3defa62a,1,56263415

12142,232,154,5,-1765,510,15728,-4095,2455,-3176,bf7dcc7c,bcb71a4e,bd5d015a,3defd221,bf7dcc7b,bcb71a4e,bd5d0158,3defd220,1,56271934

12143,224,146,9,-1734,455,15717,-4095,2455,-3176,bf7dce34,bcb20b39,bd5b60e6,3deff9e7,bf7dce34,bcb20b3a,bd5b60e5,3deff9e7,1,56280453

12144,204,132,-3,-1765,495,15730,-4065,2455,-3173,bf7dcd00,bcb1b68b,bd5b4e03,3df0538d,bf7dccff,bcb1b68b,bd5b4e02,3df0538c,1,56288971

12145,194,119,-11,-1770,546,15733,-4107,2427,-3163,bf7dcedd,bcb77111,bd5b8988,3def82c9,bf7dcede,bcb77113,bd5b8989,3def82ca,1,56297490

12146,191,113,-12,-1785,541,15752,-4107,2427,-3163,bf7dd0ac,bcbcbc8b,bd5c2649,3deea239,bf7dd0ad,bcbcbc8d,bd5c2649,3deea23a,1,56306009

12147,204,112,-5,-1837,545,15775,-4107,2463,-3101,bf7dcd84,bcbd581f,bd5e5f28,3deeed55,bf7dcd83,bcbd581f,bd5e5f25,3deeed54,1,56314527

12148,213,132,6,-1842,507,15759,-4091,2471,-3198,bf7dca32,bcb92154,bd5f9d69,3defb98c,bf7dca32,bcb92156,bd5f9d67,3defb98c,1,56323046

12149,226,146,20,-1795,458,15728,-4091,2471,-3198,bf7dc8b8,bcb34c0b,bd5f688a,3df07033,bf7dc8b9,bcb34c0d,bd5f6889,3df07034,1,56331565

12150,219,155,35,-1760,519,15734,-4079,2501,-3143,bf7dc5f6,bcafc3eb,bd5dfd8b,3df1a782,bf7dc5f6,bcafc3ec,bd5dfd88,3df1a781,1,56340083

12151,209,152,24,-1718,485,15675,-4081,2457,-3182,bf7dc80f,bcb0170e,bd5b32b2,3df1ba0c,bf7dc810,bcb0170e,bd5b32b1,3df1ba0c,1,56348101

12152,179,121,-7,-1771,488,15740,-4051,2403,-3194,bf7dcad9,bcb53988,bd5babee,3df0a5ad,bf7dcada,bcb53988,bd5babee,3df0a5ad,1,56356620

12153,171,119,-10,-1792,549,15737,-4051,2403,-3194,bf7dcc91,bcbb0cb3,bd5c453a,3defc6a8,bf7dcc91,bcbb0cb2,bd5c4538,3defc6a7,1,56365138

12154,167,115,-12,-1819,526,15752,-4061,2467,-3222,bf7dc8b1,bcb85104,bd5d737c,3df0a90e,bf7dc8b2,bcb85104,bd5d737a,3df0a90e,1,56373657

12155,180,133,-11,-1804,543,15755,-4097,2429,-3126,bf7dca77,bcbdaa93,bd5e061d,3defccea,bf7dca77,bcbdaa92,bd5e061a,3defcce9,1,56382176

12156,200,133,-1,-1800,492,15741,-4097,2429,-3126,bf7dcdb5,bcbf1121,bd5f01e1,3deea46f,bf7dcdb6,bcbf1121,bd5f01e0,3deea46f,1,56390694

12157,201,139,5,-1769,507,15734,-4105,2461,-3241,bf7dcd45,bcba564a,bd5dd314,3def443e,bf7dcd45,bcba5649,bd5dd312,3def443d,1,56399213

12158,187,138,3,-1776,471,15721,-4073,2449,-3295,bf7dccba,bcb50e38,bd5d80de,3defbd14,bf7dccbb,bcb50e37,bd5d80df,3defbd14,1,56407732

12159,171,119,-9,-1784,479,15772,-4073,2449,-3295,bf7dcbdc,bcb1c13e,bd5d71a1,3df022d0,bf7dcbdd,bcb1c13d,bd5d71a0,3df022d0,1,56416250

12160,164,118,-10,-1800,505,15750,-4051,2419,-3160,bf7dcda3,bcb70c0d,bd5e3069,3def3e9a,bf7dcda3,bcb70c0c,bd5e3067,3def3e99,1,56424769

12161,162,119,1,-1811,545,15768,-4087,2437,-3164,bf7dce08,bcbc826b,bd5ee063,3deeb6c6,bf7dce08,bcbc826a,bd5ee062,3deeb6c5,1,56433288

12162,178,126,16,-1794,511,15757,-4087,2437,-3164,bf7dcff8,bcbda3ce,bd5eef70,3dee20c3,bf7dcff8,bcbda3cd,bd5eef6f,3dee20c2,1,56441305

12163,190,139,29,-1825,534,15772,-4049,2421,-3222,bf7dd01a,bcc0e0be,bd603b2e,3deda006,bf7dd01b,bcc0e0be,bd603b2d,3deda006,1,56449824

12164,208,155,45,-1794,537,15739,-4073,2457,-3200,bf7dce2a,bcbcf4f3,bd5f4c6b,3dee8ec3,bf7dce2a,bcbcf4f1,bd5f4c6a,3dee8ec2,1,56458343

12165,216,158,47,-1719,525,15680,-4051,2417,-3225,bf7dd23c,bcbef1f2,bd5c8ec4,3dee0341,bf7dd23c,bcbef1f0,bd5c8ec3,3dee0340,1,56466861

12166,196,137,13,-1721,423,15704,-4051,2417,-3225,bf7dd5e4,bcb91e2e,bd5b4a49,3ded9e07,bf7dd5e5,bcb91e2d,bd5b4a48,3ded9e07,1,56475380

12167,163,121,-10,-1758,458,15738,-4101,2453,-3250,bf7dd5b3,bcb3dba0,bd5b2b53,3dedf311,bf7dd5b4,bcb3db9f,bd5b2b53,3dedf312,1,56483898

12168,140,113,-15,-1785,499,15744,-4087,2487,-3154,bf7dd225,bcb0a359,bd5b7935,3deef9c5,bf7dd225,bcb0a357,bd5b7933,3deef9c5,1,56492417

12169,142,104,-6,-1813,565,15753,-4087,2487,-3154,bf7dccff,bcb2a9a6,bd5c73b3,3df00576,bf7dccfe,bcb2a9a3,bd5c73b1,3df00576,1,56500936

12170,151,110,-3,-1811,587,15740,-4107,2445,-3220,bf7dcc6c,bcb91de9,bd5d330b,3defb229,bf7dcc6b,bcb91de6,bd5d330a,3defb229,1,56509454

12171,169,118,-11,-1826,537,15763,-4077,2445,-3185,bf7dcacc,bcbc6a4c,bd5ef4ff,3def8ef4,bf7dcacd,bcbc6a4c,bd5ef501,3def8ef6,1,56517973

12172,193,129,-7,-1829,560,15778,-4077,2445,-3185,bf7dc95c,bcc021cf,bd600b3c,3def802f,bf7dc95c,bcc021cf,bd600b3a,3def8030,1,56526492

12173,208,146,1,-1786,504,15713,-4095,2367,-3236,bf7dcd70,bcc45314,bd600bbc,3dee33ef,bf7dcd70,bcc45314,bd600bba,3dee33f0,1,56535010

12174,209,137,1,-1763,473,15750,-4113,2411,-3248,bf7dd3f7,bcc25a4f,bd5ebd22,3decde1b,bf7dd3f8,bcc25a51,bd5ebd21,3decde1d,1,56543529

12175,188,128,-1,-1763,480,15744,-4113,2411,-3248,bf7dda1d,bcc18c89,bd5ddb19,3deb76f5,bf7dda1e,bcc18c89,bd5ddb18,3deb76f7,1,56551547

12176,173,123,1,-1782,534,15738,-4099,2419,-3160,bf7ddd75,bcc4fbcd,bd5de843,3dea5f25,bf7ddd75,bcc4fbcc,bd5de841,3dea5f27,1,56560066

12177,170,124,-2,-1796,531,15739,-4093,2435,-3219,bf7ddd18,bcc1770c,bd5e5e5a,3dea8b35,bf7ddd17,bcc1770d,bd5e5e59,3dea8b36,1,56568584

12178,177,122,3,-1796,535,15730,-4093,2435,-3219,bf7ddcd1,bcc038b5,bd5ec16e,3dea976c,bf7ddcd0,bcc038b5,bd5ec170,3dea976d,1,56577103

12179,183,125,11,-1790,528,15749,-4103,2465,-3168,bf7ddaad,bcbbf458,bd5e56ae,3deb7bba,bf7ddaad,bcbbf459,bd5e56b2,3deb7bbc,1,56585622

12180,190,131,13,-1784,516,15723,-4107,2409,-3263,bf7dddcc,bcc0234a,bd5e8058,3dea63b3,bf7dddcc,bcc0234b,bd5e805a,3dea63b5,1,56594140

12181,180,134,7,-1792,526,15747,-4119,2417,-3286,bf7de0c4,bcc30fbe,bd5ec0c5,3de95f99,bf7de0c4,bcc30fbf,bd5ec0c5,3de95f9a,1,56602659

12182,174,126,5,-1781,551,15730,-4119,2417,-3286,bf7de3b8,bcc6ac87,bd5e3ce0,3de88012,bf7de3b7,bcc6ac89,bd5e3ce0,3de88011,1,56611177

12183,184,129,-2,-1798,524,15734,-4107,2409,-3266,bf7de6e8,bcc6714e,bd5f2b4d,3de76aac,bf7de6e8,bcc67150,bd5f2b4f,3de76aad,1,56619696

12184,187,134,-4,-1792,523,15730,-4093,2431,-3212,bf7de727,bcc1661f,bd5ef6df,3de7aa98,bf7de726,bcc1661f,bd5ef6e1,3de7aa99,1,56628215

12185,177,127,-13,-1786,493,15766,-4093,2431,-3212,bf7de819,bcbc21b5,bd5e9d10,3de7c31c,bf7de819,bcbc21b6,bd5e9d15,3de7c31e,1,56636733

12186,177,123,-7,-1795,480,15736,-4081,2441,-3238,bf7de710,bcb6e450,bd5ed307,3de84202,bf7de710,bcb6e451,bd5ed30a,3de84203,1,56645252

12187,177,128,-3,-1793,539,15751,-4105,2475,-3194,bf7de3b5,bcb45b5d,bd5e5864,3de968d1,bf7de3b4,bcb45b5c,bd5e5866,3de968d1,1,56653270

12188,190,138,4,-1815,535,15763,-4105,2475,-3194,bf7ddf7e,bcb2961a,bd5eb4ea,3dea8cfb,bf7ddf7e,bcb2961a,bd5eb4ec,3dea8cfc,1,56661788

12189,204,138,13,-1811,531,15779,-4093,2443,-3245,bf7dddf6,bcb6476c,bd5f46a3,3deaa753,bf7dddf6,bcb6476c,bd5f46a3,3deaa754,1,56670307

12190,205,141,17,-1773,542,15718,-4071,2481,-3217,bf7ddaf1,bcb318f1,bd5e2c58,3debe13d,bf7ddaf1,bcb318f1,bd5e2c58,3debe13e,1,56678826

12191,212,138,11,-1771,517,15727,-4071,2481,-3217,bf7dd7fe,bcaf7d2f,bd5d4f11,3ded0b6a,bf7dd7ff,bcaf7d30,bd5d4f12,3ded0b6c,1,56687344

12192,202,141,5,-1775,515,15742,-4141,2493,-3209,bf7dd4a3,bcad74eb,bd5ca2ef,3dee30a6,bf7dd4a4,bcad74ec,bd5ca2ee,3dee30a8,1,56695863

12193,199,140,0,-1780,480,15740,-4089,2449,-3262,bf7dd3f2,bcaee0aa,bd5d0607,3dee37f3,bf7dd3f2,bcaee0aa,bd5d0606,3dee37f5,1,56704381

12194,189,139,0,-1805,509,15741,-4101,2443,-3189,bf7dd3fe,bcb39eaf,bd5e095f,3dedc003,bf7dd3ff,bcb39eaf,bd5e095f,3dedc006,1,56712900

12195,189,136,10,-1772,463,15725,-4101,2443,-3189,bf7dd65d,bcb224ce,bd5da2b6,3ded47b0,bf7dd65e,bcb224cf,bd5da2b2,3ded47b2,1,56721419

12196,181,139,6,-1766,510,15750,-4111,2471,-3272,bf7dd43c,bcb037c9,bd5c7219,3dee370b,bf7dd43d,bcb037ca,bd5c7215,3dee370d,1,56729937

12197,181,139,8,-1792,512,15739,-4125,2463,-3238,bf7dd205,bcb2cc23,bd5d2d72,3dee83f9,bf7dd205,bcb2cc24,bd5d2d6d,3dee83f9,1,56738456

12198,180,136,15,-1820,579,15748,-4125,2463,-3238,bf7dcfa7,bcb822ae,bd5e042c,3deeb280,bf7dcfa7,bcb822ae,bd5e0429,3deeb280,1,56746474

12199,192,129,3,-1797,512,15744,-4091,2481,-3180,bf7dcc7d,bcb46099,bd5df788,3defb9f1,bf7dcc7e,bcb4609a,bd5df786,3defb9f2,1,56754992

12200,201,134,10,-1764,515,15716,-4099,2447,-3214,bf7dcdfe,bcb7de38,bd5ce6bb,3def689a,bf7dcdfe,bcb7de37,bd5ce6b8,3def689a,1,56763511

12201,194,136,4,-1767,489,15729,-4099,2447,-3214,bf7dcf6d,bcb66844,bd5c64c5,3def36fd,bf7dcf6c,bcb66842,bd5c64c1,3def36fc,1,56772030

12202,181,126,4,-1794,510,15746,-4085,2463,-3258,bf7dcc3b,bcb41bbd,bd5cfeea,3df007af,bf7dcc3b,bcb41bbd,bd5cfeec,3df007ae,1,56780548

12203,177,125,4,-1798,491,15734,-4097,2437,-3270,bf7dcce6,bcb73496,bd5e4340,3def6a4e,bf7dcce5,bcb73494,bd5e4342,3def6a4c,1,56789067

12204,171,121,5,-1803,532,15741,-4097,2437,-3270,bf7dcd2b,bcbc0dfd,bd5ee3e3,3deef69a,bf7dcd2b,bcbc0dfd,bd5ee3e6,3deef69a,1,56797586

12205,173,125,5,-1807,562,15744,-4065,2457,-3241,bf7dc9b0,bcbc7a19,bd5ee41d,3defdcff,bf7dc9b0,bcbc7a19,bd5ee421,3defdcff,1,56806104

12206,181,128,2,-1814,552,15773,-4105,2413,-3253,bf7dcb9e,bcc1dcd1,bd5f6581,3deef72d,bf7dcb9f,bcc1dcd3,bd5f6584,3deef72e,1,56814623

12207,189,137,-2,-1802,516,15728,-4089,2417,-3265,bf7dcef6,bcc3fd4c,bd5feb3a,3dedd82b,bf7dcef6,bcc3fd4d,bd5feb36,3dedd82a,1,56823141

12208,196,142,1,-1782,538,15738,-4089,2417,-3265,bf7dd327,bcc67889,bd5edd29,3decd7d2,bf7dd327,bcc6788a,bd5edd25,3decd7d0,1,56831660

12209,200,150,6,-1793,535,15729,-4107,2429,-3182,bf7dd63a,bcc63e9f,bd5ede38,3dec077e,bf7dd63a,bcc63e9e,bd5ede37,3dec077c,1,56840179

12210,206,148,7,-1773,501,15738,-4105,2447,-3213,bf7dd6b6,bcc05bcd,bd5e068f,3dec66cb,bf7dd6b5,bcc05bcb,bd5e068e,3dec66c8,1,56848697

12211,204,147,9,-1781,496,15729,-4105,2447,-3213,bf7dd6cb,bcbb29e6,bd5dbd17,3decb528,bf7dd6ca,bcbb29e4,bd5dbd16,3decb525,1,56856715

12212,193,140,12,-1759,523,15714,-4105,2461,-3204,bf7dd5ca,bcb84fc0,bd5c593a,3ded7070,bf7dd5ca,bcb84fbf,bd5c5939,3ded706e,1,56865234

12213,192,131,7,-1780,536,15732,-4099,2491,-3241,bf7dd237,bcb4c4e4,bd5c0a75,3deea209,bf7dd237,bcb4c4e2,bd5c0a74,3deea207,1,56873752

12214,196,137,7,-1785,471,15751,-4099,2491,-3241,bf7dcf6f,bcafc59b,bd5c0f98,3def9973,bf7dcf6f,bcafc599,bd5c0f97,3def9971,1,56882271

12215,190,127,10,-1771,478,15730,-4099,2491,-3217,bf7dcc53,bcabbb2e,bd5bd5f4,3df0a7bb,bf7dcc54,bcabbb2d,bd5bd5f3,3df0a7ba,1,56890790

12216,169,119,9,-1799,530,15741,-4105,2453,-3214,bf7dcb8f,bcb178c4,bd5cb635,3df06564,bf7dcb90,bcb178c2,bd5cb636,3df06563,1,56899308

12217,175,125,8,-1779,507,15744,-4105,2453,-3214,bf7dcb9d,bcb555d5,bd5cd864,3df02bc3,bf7dcb9e,bcb555d3,bd5cd864,3df02bc3,1,56907827

12218,180,136,3,-1776,541,15738,-4099,2473,-3269,bf7dc87a,bcb548bf,bd5c2e74,3df126e5,bf7dc87a,bcb548bc,bd5c2e70,3df126e4,1,56916346

12219,175,122,-1,-1785,521,15758,-4083,2401,-3198,bf7dcb09,bcbaaa0a,bd5c9ddb,3df01ee8,bf7dcb08,bcbaaa06,bd5c9dd7,3df01ee6,1,56924864

12220,179,117,-7,-1802,514,15758,-4143,2443,-3206,bf7dcc6e,bcbe0f45,bd5de577,3def49f8,bf7dcc6f,bcbe0f43,bd5de576,3def49f8,1,56933383

12221,180,127,-2,-1775,448,15742,-4143,2443,-3206,bf7dcf9d,bcb93724,bd5de302,3deeaf07,bf7dcf9e,bcb93722,bd5de301,3deeaf07,1,56941901

12222,169,123,7,-1761,522,15714,-4127,2457,-3233,bf7dd01b,bcb9cdc1,bd5c682e,3deede1a,bf7dd01b,bcb9cdc0,bd5c682a,3deede19,1,56950420

12223,169,121,-1,-1803,499,15746,-4045,2445,-3189,bf7dcde6,bcb740ca,bd5db7fe,3def4602,bf7dcde6,bcb740ca,bd5db7fa,3def4601,1,56958939

12224,176,116,-1,-1804,521,15759,-4045,2445,-3189,bf7dcbca,bcb83f68,bd5e8e1f,3def9731,bf7dcbca,bcb83f69,bd5e8e1a,3def9731,1,56966957

12225,170,116,1,-1804,570,15756,-4073,2439,-3237,bf7dcb5c,bcbdf6c6,bd5ec259,3def6109,bf7dcb5c,bcbdf6c7,bd5ec256,3def6109,1,56975475

12226,173,130,1,-1816,537,15757,-4103,2453,-3195,bf7dc9a5,bcbe8a0a,bd5fae9d,3def96bb,bf7dc9a5,bcbe8a0b,bd5fae9b,3def96bb,1,56983994

12227,192,136,4,-1810,548,15751,-4103,2453,-3195,bf7dc888,bcbff3a5,bd5fc864,3defca44,bf7dc888,bcbff3a5,bd5fc864,3defca44,1,56992512

12228,196,142,3,-1792,511,15750,-4139,2431,-3192,bf7dccd3,bcc28d82,bd5f8e31,3dee9276,bf7dccd2,bcc28d81,bd5f8e2e,3dee9275,1,57001031

12229,197,152,8,-1795,511,15744,-4117,2483,-3217,bf7dcaed,bcbd4e66,bd5f09a2,3def75dd,bf7dcaed,bcbd4e66,bd5f09a1,3def75dc,1,57009550

12230,198,149,3,-1794,503,15749,-4117,2483,-3217,bf7dc8d7,bcb86832,bd5e99ed,3df059d4,bf7dc8d8,bcb86833,bd5e99ed,3df059d4,1,57018068

12231,191,143,5,-1790,486,15753,-4097,2469,-3157,bf7dc766,bcb439ac,bd5e4ab4,3df10079,bf7dc765,bcb439ac,bd5e4ab2,3df10077,1,57026587

12232,189,132,13,-1760,555,15711,-4143,2431,-3161,bf7dc9d3,bcb9e6e2,bd5dce29,3df0342a,bf7dc9d3,bcb9e6e3,bd5dce29,3df03429,1,57035106

12233,181,133,6,-1772,470,15729,-4135,2435,-3189,bf7dce89,bcbae570,bd5db9a4,3deeed34,bf7dce89,bcbae570,bd5db9a5,3deeed34,1,57043624

12234,186,125,1,-1782,554,15745,-4135,2435,-3189,bf7dd08c,bcc03f24,bd5da62a,3dee249c,bf7dd08d,bcc03f26,bd5da62a,3dee249d,1,57052143

12235,185,119,-6,-1791,502,15746,-4123,2435,-3198,bf7dd366,bcbfb937,bd5e646a,3ded3c3c,bf7dd365,bcbfb937,bd5e6469,3ded3c3b,1,57060661

12236,183,121,-5,-1790,487,15748,-4089,2427,-3194,bf7dd683,bcbd3fda,bd5ecde9,3dec6db4,bf7dd682,bcbd3fda,bd5ecdea,3dec6db3,1,57068679

12237,173,120,-5,-1797,506,15749,-4089,2427,-3194,bf7dd905,bcbe5305,bd5f52ba,3deb93d0,bf7dd905,bcbe5306,bd5f52bc,3deb93d0,1,57077198

12238,180,117,10,-1792,550,15729,-4103,2461,-3171,bf7dd69d,bcbcab1c,bd5eb996,3dec72f7,bf7dd69d,bcbcab1c,bd5eb998,3dec72f7,1,57085717

12239,186,128,10,-1809,528,15765,-4141,2427,-3163,bf7dd8e9,bcc0efd2,bd5f697d,3deb73c5,bf7dd8ea,bcc0efd2,bd5f6980,3deb73c6,1,57094235

12240,206,137,12,-1790,501,15727,-4141,2427,-3163,bf7ddd50,bcc17d60,bd5f7bf4,3dea37ac,bf7ddd50,bcc17d5f,bd5f7bf4,3dea37ad,1,57102754

12241,191,127,9,-1807,502,15751,-4117,2421,-3219,bf7de055,bcc0db0e,bd605ba2,3de938af,bf7de054,bcc0db0e,bd605ba1,3de938af,1,57111273

12242,189,125,3,-1785,520,15731,-4097,2427,-3211,bf7de31f,bcbf5b31,bd5f3944,3de8cfce,bf7de31f,bcbf5b32,bd5f3947,3de8cfce,1,57119791

12243,183,123,2,-1800,523,15759,-4097,2427,-3211,bf7de484,bcbf2685,bd5f8008,3de86010,bf7de484,bcbf2686,bd5f8009,3de86010,1,57128310

12244,173,119,-1,-1786,494,15720,-4093,2447,-3290,bf7de379,bcb9e205,bd5f1fce,3de90415,bf7de37a,bcb9e207,bd5f1fcf,3de90415,1,57136828

12245,175,127,-3,-1807,527,15750,-4087,2435,-3119,bf7de39a,bcbc7ba4,bd5fc79e,3de8b146,bf7de39a,bcbc7ba3,bd5fc79e,3de8b145,1,57145347

12246,179,135,7,-1790,561,15722,-4073,2439,-3185,bf7de274,bcbe8a02,bd5ed85d,3de9200b,bf7de274,bcbe8a01,bd5ed85c,3de9200a,1,57153866

12247,186,128,3,-1814,538,15754,-4073,2439,-3185,bf7de039,bcbd22df,bd5fae47,3de99a7b,bf7de038,bcbd22dd,bd5fae47,3de99a7a,1,57161884

12248,194,135,3,-1805,519,15745,-4127,2445,-3181,bf7de01d,bcbbda14,bd5ff4f1,3de9a1dc,bf7de01d,bcbbda14,bd5ff4f0,3de9a1dc,1,57170402

12249,187,131,1,-1796,472,15748,-4107,2421,-3232,bf7de3cd,bcb9ac84,bd602980,3de8aff5,bf7de3cc,bcb9ac83,bd60297e,3de8aff4,1,57178921

12250,178,131,3,-1789,490,15732,-4107,2421,-3232,bf7de786,bcba9868,bd5fce16,3de7b5f1,bf7de785,bcba9867,bd5fce18,3de7b5f0,1,57187439

12251,170,128,10,-1778,486,15735,-4121,2459,-3216,bf7de682,bcb5b9b6,bd5f04a3,3de86b31,bf7de681,bcb5b9b5,bd5f04a4,3de86b30,1,57195958

12252,170,131,14,-1782,535,15736,-4099,2453,-3230,bf7de457,bcb5dd90,bd5e0820,3de93d6c,bf7de457,bcb5dd8f,bd5e0824,3de93d6b,1,57204477

12253,171,129,11,-1791,514,15758,-4099,2453,-3230,bf7de1e1,bcb4229c,bd5df314,3dea02ad,bf7de1e0,bcb4229a,bd5df315,3dea02ab,1,57212995

12254,176,125,7,-1794,536,15746,-4099,2429,-3219,bf7de282,bcb98470,bd5e49eb,3de97f11,bf7de281,bcb9846e,bd5e49ed,3de97f0f,1,57221514

12255,179,124,3,-1795,501,15747,-4073,2449,-3180,bf7de08a,bcb5a418,bd5e701c,3dea2f47,bf7de089,bcb5a416,bd5e701e,3dea2f46,1,57230033

12256,180,124,5,-1801,583,15746,-4073,2449,-3180,bf7dde3e,bcba7f91,bd5e6a64,3dea92fa,bf7dde3e,bcba7f90,bd5e6a66,3dea92f9,1,57238551

12257,182,125,1,-1806,473,15728,-4111,2497,-3207,bf7ddb94,bcb55797,bd5e80b3,3deb8672,bf7ddb94,bcb55796,bd5e80b5,3deb8671,1,57247070

12258,177,132,0,-1795,528,15746,-4049,2481,-3201,bf7dd811,bcb1f14a,bd5e1f9f,3decb83c,bf7dd812,bcb1f14a,bd5e1fa2,3decb83c,1,57255589

12259,188,130,8,-1777,556,15748,-4093,2459,-3274,bf7dd607,bcb5644d,bd5d23e0,3ded5535,bf7dd606,bcb5644b,bd5d23e0,3ded5533,1,57264107

12260,186,135,9,-1793,532,15729,-4093,2459,-3274,bf7dd2b7,bcb5bcad,bd5d7385,3dee2113,bf7dd2b6,bcb5bcab,bd5d7385,3dee2111,1,57272125

12261,190,131,7,-1813,577,15745,-4097,2443,-3248,bf7dd1b1,bcbb6013,bd5e24f1,3dedf76d,bf7dd1b1,bcbb6013,bd5e24f2,3dedf76c,1,57280644

12262,194,132,2,-1781,523,15720,-4095,2411,-3247,bf7dd4bc,bcbffd8b,bd5e3308,3dece8e3,bf7dd4bb,bcbffd8a,bd5e3309,3dece8e1,1,57289163

12263,192,137,3,-1777,531,15720,-4095,2411,-3247,bf7dd843,bcc40260,bd5dff23,3debcdcd,bf7dd843,bcc4025f,bd5dff24,3debcdcc,1,57297681

12264,192,128,-2,-1780,516,15730,-4107,2447,-3323,bf7dd793,bcbeb7c6,bd5d9ad4,3dec5a0f,bf7dd792,bcbeb7c5,bd5d9ad5,3dec5a0d,1,57306200

12265,183,132,-1,-1797,530,15756,-4135,2437,-3239,bf7dd8e7,bcc10652,bd5e55a3,3debb4c7,bf7dd8e7,bcc10651,bd5e55a9,3debb4c5,1,57314719

12266,179,129,-1,-1812,521,15749,-4135,2437,-3239,bf7dd979,bcc0d0ab,bd5fba5a,3deb3b88,bf7dd979,bcc0d0a9,bd5fba5c,3deb3b86,1,57323237

12267,191,133,4,-1794,454,15743,-4087,2407,-3242,bf7dde08,bcbd7125,bd6019ea,3dea150f,bf7dde09,bcbd7123,bd6019eb,3dea150d,1,57331756

12268,178,132,15,-1792,496,15735,-4151,2451,-3229,bf7dde61,bcb9533f,bd5f9d43,3dea4f90,bf7dde60,bcb9533c,bd5f9d42,3dea4f8d,1,57340274

12269,172,127,11,-1740,529,15729,-4151,2451,-3229,bf7de090,bcba554a,bd5ce660,3dea4ff2,bf7de091,bcba5549,bd5ce663,3dea4ff1,1,57348793

12270,156,119,2,-1778,535,15735,-4071,2455,-3206,bf7dddc3,bcb81c47,bd5c909a,3deb424e,bf7dddc3,bcb81c45,bd5c909a,3deb424c,1,57357312

12271,160,102,-8,-1794,490,15729,-4091,2441,-3282,bf7ddc32,bcb585cb,bd5dda4d,3deb80ec,bf7ddc32,bcb585c9,bd5dda4d,3deb80ea,1,57365830

12272,149,99,-7,-1805,579,15747,-4111,2407,-3290,bf7ddd3d,bcbbf53c,bd5e5d55,3deac896,bf7ddd3d,bcbbf53a,bd5e5d55,3deac894,1,57373848

12273,167,109,-6,-1799,564,15733,-4111,2407,-3290,bf7ddedd,bcc1c4df,bd5ec94a,3de9f2d7,bf7ddede,bcc1c4de,bd5ec94b,3de9f2d6,1,57382367

12274,176,115,-5,-1831,574,15748,-4093,2445,-3275,bf7ddb26,bcc1e620,bd6023ff,3deaa02e,bf7ddb27,bcc1e61f,bd6023fe,3deaa02d,1,57390885

12275,183,125,-5,-1824,537,15755,-4105,2471,-3259,bf7dd844,bcbd7a66,bd604842,3deb988c,bf7dd844,bcbd7a64,bd604840,3deb988a,1,57399404

12276,202,133,0,-1793,516,15756,-4105,2471,-3259,bf7dd65f,bcb8bcc7,bd5f93b6,3dec81cb,bf7dd65e,bcb8bcc4,bd5f93b2,3dec81c8,1,57407923

12277,193,133,12,-1765,497,15720,-4109,2439,-3199,bf7dd9a1,bcb8ec6d,bd5ddbc6,3dec070f,bf7dd9a1,bcb8ec6c,bd5ddbc2,3dec070d,1,57416441

12278,176,119,12,-1786,532,15743,-4121,2429,-3211,bf7ddb77,bcbddb35,bd5e0782,3deb3f7b,bf7ddb78,bcbddb35,bd5e0780,3deb3f7a,1,57424960

12279,176,116,7,-1800,556,15753,-4121,2429,-3211,bf7ddc8d,bcc2c5b8,bd5e8c8f,3dea947b,bf7ddc8d,bcc2c5b7,bd5e8c8b,3dea9479,1,57433479

12280,186,117,-3,-1835,551,15772,-4121,2453,-3203,bf7dd986,bcc10057,bd602119,3deb1cfa,bf7dd987,bcc10057,bd602118,3deb1cf8,1,57441997

12281,194,129,8,-1858,530,15761,-4111,2483,-3203,bf7dd5da,bcbcac89,bd60f861,3dec1f45,bf7dd5da,bcbcac88,bd60f85f,3dec1f42,1,57450516

12282,206,148,13,-1810,530,15726,-4111,2483,-3203,bf7dd2eb,bcb883eb,bd6084b0,3ded3872,bf7dd2eb,bcb883ea,bd6084b0,3ded386f,1,57459035

12283,215,154,22,-1680,308,15658,-4105,2461,-3259,bf7dd418,bcb1f039,bd5f217e,3ded8bea,bf7dd419,bcb1f039,bd5f217e,3ded8be8,1,57467553

12284,173,130,18,-1798,610,15766,-4083,2441,-3193,bf7dd3d5,bcb86993,bd5edbb9,3ded5f1f,bf7dd3d6,bcb86993,bd5edbb9,3ded5f1e,1,57476072

12285,168,123,-2,-1796,507,15753,-4083,2441,-3193,bf7dd431,bcb93214,bd5f053f,3ded32ea,bf7dd432,bcb93213,bd5f053b,3ded32e9,1,57484090

12286,171,116,-12,-1826,551,15764,-4151,2437,-3185,bf7dd51f,bcbe95e9,bd5ff2c2,3dec770d,bf7dd520,bcbe95e8,bd5ff2be,3dec770c,1,57492609

12287,185,124,-7,-1813,521,15741,-4105,2397,-3291,bf7dd812,bcc30cf3,bd6091d0,3deb4bbe,bf7dd813,bcc30cf2,bd6091ce,3deb4bbd,1,57501127

12288,194,137,10,-1828,540,15760,-4069,2435,-3204,bf7dd697,bcc0ead4,bd6161ad,3deb9c51,bf7dd698,bcc0ead3,bd6161ad,3deb9c50,1,57509646

12289,206,143,29,-1797,531,15735,-4069,2435,-3204,bf7dd717,bcbe91f6,bd602bbe,3debe22a,bf7dd717,bcbe91f4,bd602bbc,3debe228,1,57518164

12290,208,140,27,-1752,485,15698,-4119,2483,-3207,bf7dd5f0,bcb92443,bd5efaff,3decbe42,bf7dd5f0,bcb92441,bd5efafe,3decbe40,1,57526683

12291,181,135,14,-1764,470,15716,-4071,2481,-3197,bf7dd42c,bcb3f885,bd5e334e,3deda5ee,bf7dd42c,bcb3f883,bd5e334d,3deda5ec,1,57535202

12292,156,116,0,-1764,500,15723,-4071,2481,-3197,bf7dd1ac,bcb06c34,bd5d512f,3deeaf66,bf7dd1ae,bcb06c33,bd5d5130,3deeaf66,1,57543720

12293,138,102,-4,-1804,555,15735,-4087,2489,-3192,bf7dccb8,bcb13206,bd5d96b6,3defe699,bf7dccb8,bcb13204,bd5d96b3,3defe697,1,57552239

12294,153,106,2,-1858,594,15783,-4089,2415,-3272,bf7dccae,bcb78818,bd5eb707,3def5a0c,bf7dccae,bcb78816,bd5eb704,3def5a0a,1,57560758

12295,174,120,13,-1863,599,15781,-4089,2415,-3272,bf7dcc8c,bcbd8172,bd5fd98e,3deed479,bf7dcc8d,bcbd8171,bd5fd98b,3deed478,1,57568776

12296,212,140,31,-1843,606,15747,-4107,2451,-3161,bf7dcad8,bcc29fb3,bd60b431,3deed348,bf7dcad9,bcc29fb2,bd60b42d,3deed348,1,57577795

12297,229,154,28,-1736,486,15665,-4099,2457,-3260,bf7dcb9b,bcbd086e,bd5ed55e,3def575b,bf7dcb9b,bcbd086c,bd5ed55a,3def575a,1,57585813

12298,194,139,6,-1733,493,15713,-4099,2457,-3260,bf7dcc94,bcb8ba44,bd5cbc9e,3defc78f,bf7dcc94,bcb8ba41,bd5cbc9b,3defc78e,1,57594331

12299,156,118,-20,-1755,494,15713,-4081,2385,-3244,bf7dd08c,bcbdade8,bd5cb5d2,3dee7db9,bf7dd08b,bcbdade5,bd5cb5cf,3dee7db7,1,57602850

12300,141,101,-40,-1809,556,15755,-4091,2401,-3314,bf7dd24e,bcc37ac3,bd5da9ea,3ded81ca,bf7dd24d,bcc37abf,bd5da9e7,3ded81c8,1,57611369

12301,153,97,-37,-1830,569,15756,-4143,2459,-3252,bf7dcf47,bcc41652,bd5f70ae,3dedde2b,bf7dcf48,bcc41652,bd5f70ac,3dedde2b,1,57619887

12302,171,117,-16,-1851,575,15785,-4143,2459,-3252,bf7dcc18,bcc4f3f7,bd61358b,3dee4114,bf7dcc17,bcc4f3f5,bd613588,3dee4112,1,57628406

12303,202,126,0,-1876,536,15792,-4095,2441,-3268,bf7dc9ba,bcc309b6,bd637996,3dee723e,bf7dc9ba,bcc309b5,bd637993,3dee723d,1,57636924

12304,211,154,24,-1815,485,15741,-4089,2415,-3252,bf7dcebc,bcc123ca,bd6305a0,3ded5079,bf7dcebd,bcc123c9,bd63059f,3ded5079,1,57645443

12305,213,165,38,-1749,514,15681,-4089,2415,-3252,bf7dd3ce,bcc1f72c,bd603dde,3dec938b,bf7dd3ce,bcc1f729,bd603ddd,3dec938a,1,57653961

12306,194,143,30,-1752,470,15712,-4103,2417,-3188,bf7dd99f,bcbf5ece,bd5e7872,3deb9085,bf7dd99f,bcbf5ecc,bd5e7872,3deb9084,1,57662480

12307,178,131,13,-1774,512,15754,-4113,2447,-3240,bf7dd9e1,bcbb6910,bd5d74e8,3debeeef,bf7dd9e1,bcbb6911,bd5d74e5,3debeeee,1,57670999

12308,166,115,5,-1819,567,15739,-4113,2447,-3240,bf7dd78f,bcbf747d,bd5ece7a,3dec0938,bf7dd78f,bcbf747d,bd5ece79,3dec0937,1,57679017

12309,168,109,6,-1832,602,15767,-4095,2403,-3286,bf7dd83b,bcc5796d,bd5f9d14,3deb5a66,bf7dd83c,bcc5796e,bd5f9d14,3deb5a66,1,57687535

12310,195,121,9,-1834,558,15781,-4085,2425,-3180,bf7dd852,bcc79791,bd6122ea,3deadad0,bf7dd852,bcc79791,bd6122e8,3deadacf,1,57696054

12311,215,143,27,-1840,567,15784,-4085,2425,-3180,bf7dd868,bcc93e56,bd623e03,3dea7a0f,bf7dd868,bcc93e56,bd623e02,3dea7a0f,1,57704573

12312,236,163,46,-1833,560,15755,-4083,2431,-3199,bf7dd7c9,bcc6ac48,bd62775b,3deaba4a,bf7dd7c8,bcc6ac48,bd62775a,3deaba49,1,57713091

12313,251,178,57,-1715,388,15633,-4083,2429,-3282,bf7dd98a,bcbfad6b,bd60e7c1,3deafe2b,bf7dd98a,bcbfad6c,bd60e7c1,3deafe2b,1,57721610

12314,209,152,39,-1693,431,15667,-4089,2417,-3328,bf7ddd19,bcbac453,bd5e6251,3deae0a9,bf7ddd19,bcbac454,bd5e6251,3deae0a9,1,57730128

12315,138,100,-10,-1718,420,15723,-4089,2417,-3328,bf7de0df,bcb61bb4,bd5cab60,3dea7dce,bf7de0df,bcb61bb4,bd5cab61,3dea7dce,1,57738647

12316,99,77,-33,-1785,557,15730,-4097,2451,-3262,bf7dde32,bcba34db,bd5cf551,3deaf229,bf7dde32,bcba34db,bd5cf551,3deaf229,1,57747166

12317,99,67,-44,-1761,647,15708,-4085,2433,-3255,bf7dde22,bcc18182,bd5c86f2,3deab1e4,bf7dde23,bcc18183,bd5c86f3,3deab1e5,1,57755684

12318,137,47,-36,-1779,626,15729,-4085,2433,-3255,bf7ddd47,bcc7cf08,bd5c98f5,3dea9484,bf7ddd46,bcc7cf06,bd5c98f8,3dea9483,1,57764203

12319,186,40,-12,-1974,505,15839,-4121,2479,-3225,bf7dd963,bcc44c18,bd5f70a8,3deb2511,bf7dd963,bcc44c17,bd5f70ac,3deb2511,1,57772721

12320,194,82,2,-1941,570,15812,-4147,2419,-3280,bf7dd7ea,bcc7552f,bd625db8,3deaae79,bf7dd7ea,bcc7552f,bd625dbb,3deaae79,1,57781240

12321,208,135,13,-1889,519,15790,-4147,2419,-3280,bf7dd82e,bcc74496,bd64e023,3dea0110,bf7dd82e,bcc74496,bd64e026,3dea0110,1,57789258

12322,215,160,32,-1805,499,15732,-4175,2395,-3215,bf7dddbe,bcc94603,bd642e71,3de88d63,bf7dddbf,bcc94603,bd642e75,3de88d64,1,57797777

12323,226,164,49,-1792,487,15736,-4105,2407,-3197,bf7de317,bcc50411,bd629714,3de7b575,bf7de318,bcc50412,bd629716,3de7b576,1,57806295

12324,209,158,52,-1756,480,15708,-4105,2407,-3197,bf7de89c,bcc1da6e,bd6056c2,3de6e8ed,bf7de89c,bcc1da6e,bd6056c3,3de6e8ed,1,57814814

12325,198,145,37,-1758,558,15701,-4111,2435,-3309,bf7de94a,bcc078c2,bd5dd5aa,3de76679,bf7de94a,bcc078c2,bd5dd5ac,3de76679,1,57823333

12326,190,130,13,-1755,491,15703,-4131,2441,-3248,bf7dea21,bcbb10b3,bd5cdc1e,3de7ae19,bf7dea21,bcbb10b3,bd5cdc1f,3de7ae19,1,57831851

12327,162,114,-7,-1819,550,15738,-4135,2433,-3253,bf7de910,bcbf1b42,bd5e9e7e,3de75817,bf7de911,bcbf1b43,bd5e9e80,3de75818,1,57840370

12328,158,108,-14,-1837,549,15749,-4135,2433,-3253,bf7de798,bcc1a35d,bd60b9ac,3de71b58,bf7de798,bcc1a35c,bd60b9ad,3de71b58,1,57848889

12329,154,115,-6,-1810,526,15740,-4107,2429,-3224,bf7de815,bcbfa662,bd60f427,3de70569,bf7de815,bcbfa662,bd60f429,3de7056a,1,57857407

12330,167,111,-5,-1800,505,15721,-4163,2431,-3313,bf7dea4b,bcbd43aa,bd60d68c,3de6902c,bf7dea4a,bcbd43aa,bd60d68c,3de6902c,1,57865926

12331,174,115,-1,-1794,522,15731,-4163,2431,-3313,bf7decaa,bcbe5301,bd6024cc,3de60655,bf7decaa,bcbe5302,bd6024cf,3de60656,1,57874444

12332,154,103,-9,-1797,486,15757,-4077,2409,-3195,bf7df055,bcbc82da,bd605a06,3de50d0d,bf7df056,bcbc82db,bd605a08,3de50d0f,1,57882963

12333,143,99,-7,-1835,570,15776,-4109,2455,-3211,bf7dec15,bcbc5671,bd6117f2,3de60e4b,bf7dec14,bcbc5670,bd6117f2,3de60e4b,1,57890981

12334,149,109,-5,-1814,580,15722,-4109,2455,-3211,bf7de892,bcbd8324,bd60d280,3de7076e,bf7de891,bcbd8324,bd60d27f,3de7076e,1,57899500

12335,163,108,-4,-1818,545,15750,-4151,2459,-3248,bf7de5bf,bcbbaf29,bd60f39b,3de7dd84,bf7de5be,bcbbaf29,bd60f39b,3de7dd84,1,57908018

12336,177,106,3,-1833,560,15751,-4095,2453,-3175,bf7de1f9,bcbc0777,bd61a973,3de8b4df,bf7de1f8,bcbc0778,bd61a975,3de8b4e0,1,57916537

12337,193,104,13,-1816,480,15727,-4095,2453,-3175,bf7de064,bcb6cb6a,bd61daa9,3de95999,bf7de064,bcb6cb6b,bd61daab,3de9599b,1,57925056

12338,168,103,6,-1850,533,15765,-4099,2469,-3102,bf7ddc1b,bcb5d98f,bd62d0de,3dea5374,bf7ddc1b,bcb5d990,bd62d0df,3dea5376,1,57933574

12339,164,118,14,-1836,521,15732,-4087,2463,-3268,bf7dd859,bcb3977b,bd62fca9,3deb68cb,bf7dd859,bcb3977c,bd62fcaa,3deb68cd,1,57942093

12340,163,114,13,-1816,535,15713,-4079,2417,-3104,bf7dda33,bcb96a9b,bd63024b,3dea9ee6,bf7dda34,bcb96a9d,bd63024b,3dea9ee9,1,57950612

12341,154,114,8,-1802,512,15717,-4079,2417,-3104,bf7ddd9a,bcbddc7f,bd628332,3de998eb,bf7ddd9a,bcbddc80,bd628332,3de998ed,1,57959130

12342,145,109,2,-1795,593,15718,-4103,2443,-3187,bf7ddd77,bcc2c111,bd61220a,3de9b75d,bf7ddd77,bcc2c112,bd61220a,3de9b75f,1,57967649

12343,157,97,-4,-1812,618,15726,-4081,2427,-3170,bf7ddd6e,bcc8d4ea,bd60ff81,3de96fa9,bf7ddd6e,bcc8d4eb,bd60ff82,3de96fab,1,57976167

12344,173,93,-10,-1818,577,15720,-4081,2427,-3170,bf7ddd62,bcca5daa,bd617004,3de94291,bf7ddd62,bcca5dab,bd617003,3de94293,1,57984185

12345,188,82,-5,-1863,590,15763,-4109,2475,-3175,bf7dd94a,bcc6d855,bd625611,3dea57bb,bf7dd94b,bcc6d857,bd625612,3dea57be,1,57992704

12346,190,92,-2,-1874,523,15774,-4097,2423,-3203,bf7dd8cb,bcc580a2,bd64d71a,3de9f083,bf7dd8cb,bcc580a5,bd64d71a,3de9f085,1,58001222

12347,202,117,8,-1823,528,15716,-4097,2423,-3203,bf7ddbf8,bcc41d0b,bd640a71,3de958b2,bf7ddbf7,bcc41d0c,bd640a72,3de958b3,1,58009741

12348,196,119,8,-1814,516,15737,-4097,2433,-3176,bf7ddd95,bcc007cc,bd630e10,3de95c02,bf7ddd94,bcc007cd,bd630e11,3de95c02,1,58018260

12349,185,113,7,-1806,535,15732,-4143,2479,-3153,bf7ddb7c,bcbc19da,bd623402,3dea55c2,bf7ddb7b,bcbc19db,bd623404,3dea55c2,1,58026778

12350,180,111,5,-1841,534,15753,-4143,2479,-3153,bf7dd7e0,bcb94ebc,bd62a147,3deb5876,bf7dd7e0,bcb94ebe,bd62a14a,3deb5877,1,58035297

12351,176,107,1,-1844,547,15755,-4115,2387,-3193,bf7dda10,bcbec9f6,bd633a36,3dea5635,bf7dda11,bcbec9f9,bd633a3a,3dea5637,1,58043816

12352,178,125,6,-1850,584,15738,-4095,2479,-3263,bf7dd5b3,bcbc95d1,bd6339ac,3deba08e,bf7dd5b2,bcbc95d1,bd6339ac,3deba08e,1,58052334

12353,180,127,16,-1822,588,15704,-4143,2437,-3175,bf7dd690,bcc27ada,bd630af6,3deb2328,bf7dd691,bcc27adc,bd630af7,3deb232a,1,58060853

12354,189,122,11,-1819,538,15724,-4143,2437,-3175,bf7dd904,bcc486c0,bd62caf6,3dea6dfa,bf7dd903,bcc486c0,bd62caf4,3dea6dfa,1,58069372

12355,177,118,2,-1837,568,15752,-4131,2451,-3241,bf7dd6bd,bcc3c5ee,bd62f51b,3deb0b32,bf7dd6bd,bcc3c5ee,bd62f51c,3deb0b33,1,58077890

12356,179,101,-1,-1864,586,15762,-4129,2403,-3270,bf7dd7f0,bcc936f0,bd63f59e,3dea3061,bf7dd7ef,bcc936ef,bd63f59d,3dea3061,1,58086409

12357,189,114,0,-1877,535,15756,-4129,2403,-3270,bf7dd9ce,bccb9764,bd65ccb6,3de91a5c,bf7dd9ce,bccb9764,bd65ccb6,3de91a5d,1,58094427

12358,195,121,7,-1856,552,15735,-4159,2459,-3225,bf7dd819,bcc6d321,bd65d1e6,3de9d1ad,bf7dd819,bcc6d321,bd65d1e5,3de9d1ae,1,58102945

12359,208,130,12,-1851,574,15735,-4181,2481,-3264,bf7dd52d,bcc325ce,bd6561f6,3deae8f7,bf7dd52c,bcc325cd,bd6561f6,3deae8f7,1,58111464

12360,206,129,9,-1841,506,15717,-4181,2481,-3264,bf7dd361,bcbdc062,bd65253b,3debba44,bf7dd361,bcbdc061,bd65253c,3debba45,1,58119982

12361,197,127,-4,-1830,519,15747,-4121,2479,-3234,bf7dd145,bcb94c15,bd647361,3decaf2b,bf7dd145,bcb94c15,bd647361,3decaf2c,1,58128501

12362,186,133,-6,-1836,517,15726,-4113,2427,-3239,bf7dd36f,bcbda173,bd64a16a,3debd848,bf7dd370,bcbda173,bd64a16a,3debd84a,1,58137020

12363,175,128,-4,-1837,490,15735,-4113,2427,-3239,bf7dd668,bcbd3726,bd64fef7,3deaf9c7,bf7dd668,bcbd3726,bd64fef7,3deaf9c8,1,58145538

12364,169,124,11,-1824,517,15728,-4105,2455,-3196,bf7dd546,bcba0b1c,bd640dbc,3debaacf,bf7dd546,bcba0b1c,bd640dbc,3debaad0,1,58154057

12365,178,133,21,-1807,570,15729,-4049,2479,-3239,bf7dd21f,bcb7993c,bd62c337,3decf1ba,bf7dd220,bcb7993c,bd62c337,3decf1bc,1,58162575

12366,179,126,27,-1800,534,15711,-4131,2423,-3247,bf7dd480,bcbcf82c,bd6246f6,3dec2871,bf7dd47f,bcbcf82a,bd6246f5,3dec2871,1,58171094

12367,174,109,2,-1763,590,15666,-4131,2423,-3247,bf7dd6d2,bcc2a6f8,bd611465,3deb8826,bf7dd6d2,bcc2a6f7,bd611464,3deb8827,1,58179613

12368,171,78,-9,-1811,553,15726,-4111,2437,-3191,bf7dd77c,bcc4ebe9,bd613b97,3deb329a,bf7dd77b,bcc4ebea,bd613b95,3deb3299,1,58188131

12369,171,57,-15,-1876,544,15762,-4097,2455,-3199,bf7dd3d0,bcc22608,bd6357d5,3debd2e2,bf7dd3d0,bcc22609,bd6357d2,3debd2e3,1,58196149

12370,175,70,-11,-1914,566,15775,-4097,2455,-3199,bf7dcf82,bcc222d9,bd65f680,3dec58c8,bf7dcf82,bcc222da,bd65f67e,3dec58c8,1,58204668

12371,179,96,2,-1919,559,15782,-4079,2463,-3273,bf7dcaec,bcbfa487,bd6796b7,3ded4e37,bf7dcaed,bcbfa489,bd6796b6,3ded4e38,1,58213186

12372,197,113,21,-1902,545,15779,-4111,2435,-3235,bf7dca08,bcc2cf9d,bd693297,3decfcf4,bf7dca08,bcc2cf9c,bd693296,3decfcf4,1,58221705

12373,201,141,29,-1893,571,15752,-4111,2435,-3235,bf7dc9a7,bcc6e783,bd69ad9c,3decc24a,bf7dc9a7,bcc6e781,bd69ad9b,3decc24a,1,58230224

12374,214,148,26,-1852,548,15739,-4073,2465,-3135,bf7dc817,bcc2703d,bd686aa7,3dedb7ba,bf7dc817,bcc2703b,bd686aa7,3dedb7ba,1,58238742

12375,213,147,12,-1818,556,15718,-4097,2491,-3210,bf7dc647,bcbe5d56,bd66d976,3deec9ab,bf7dc647,bcbe5d55,bd66d976,3deec9ab,1,58247261

12376,195,140,10,-1814,513,15707,-4097,2491,-3210,bf7dc47a,bcb9c48b,bd65a49b,3defc80a,bf7dc479,bcb9c489,bd65a49a,3defc809,1,58255779

12377,184,133,1,-1871,533,15765,-4161,2437,-3115,bf7dc66a,bcbec8af,bd664d7e,3deedcc6,bf7dc669,bcbec8ad,bd664d7e,3deedcc5,1,58264298

12378,185,124,2,-1867,549,15753,-4103,2441,-3236,bf7dc615,bcc2511b,bd66d15a,3deea5f8,bf7dc614,bcc25119,bd66d15c,3deea5f7,1,58272817

12379,188,138,18,-1868,554,15744,-4113,2455,-3173,bf7dc454,bcc2bc65,bd66fbcc,3def0da9,bf7dc453,bcc2bc63,bd66fbcf,3def0da8,1,58281335

12380,194,144,21,-1865,544,15754,-4113,2455,-3173,bf7dc313,bcc1cc3c,bd66e0e7,3def7525,bf7dc313,bcc1cc3d,bd66e0e5,3def7525,1,58289353

12381,202,150,37,-1841,484,15734,-4139,2427,-3163,bf7dc81b,bcc2546d,bd66952c,3dee2a90,bf7dc81b,bcc2546d,bd66952b,3dee2a90,1,58297872

12382,194,147,35,-1804,569,15692,-4137,2447,-3210,bf7dca27,bcc54511,bd6441ed,3dee07af,bf7dca27,bcc54511,bd6441ec,3dee07af,1,58306391

12383,186,128,21,-1797,552,15689,-4137,2447,-3210,bf7dcc64,bcc59642,bd6221f7,3dedecaf,bf7dcc63,bcc59641,bd6221f5,3dedecaf,1,58314909

12384,170,103,-11,-1815,521,15744,-4135,2449,-3240,bf7dccec,bcc19a83,bd61e2c3,3dee0ba9,bf7dcced,bcc19a84,bd61e2c4,3dee0bab,1,58323428

12385,151,101,-22,-1849,543,15729,-4125,2463,-3162,bf7dca16,bcc088f2,bd63343b,3dee8ab1,bf7dca15,bcc088f1,bd63343c,3dee8ab1,1,58331946

12386,151,96,-19,-1869,573,15743,-4125,2463,-3162,bf7dc6e3,bcc30ecc,bd64b014,3deee895,bf7dc6e4,bcc30ecc,bd64b018,3deee897,1,58340465

12387,158,93,-10,-1877,579,15740,-4125,2463,-3265,bf7dc2ef,bcc4031f,bd65f113,3def9b79,bf7dc2ef,bcc4031e,bd65f115,3def9b7a,1,58348983

12388,185,97,6,-1894,552,15776,-4085,2465,-3203,bf7dbf0b,bcc13f9f,bd671718,3df0800f,bf7dbf0c,bcc13f9f,bd671719,3df08011,1,58357502

12389,186,104,8,-1888,542,15743,-4085,2465,-3203,bf7dbb6a,bcbed3ad,bd67ef69,3df15ffc,bf7dbb6a,bcbed3ac,bd67ef69,3df15ffd,1,58366021

12390,188,115,18,-1862,505,15778,-4133,2435,-3196,bf7dbeeb,bcc1a6fe,bd67f0b2,3df04f46,bf7dbeeb,bcc1a6fd,bd67f0b4,3df04f48,1,58374539

12391,179,140,25,-1799,574,15673,-4139,2489,-3226,bf7dbd99,bcbfe6ba,bd65a863,3df14ab4,bf7dbd99,bcbfe6ba,bd65a864,3df14ab6,1,58383058

12392,184,122,15,-1819,564,15718,-4139,2489,-3226,bf7dbb3d,bcbe0313,bd6432cc,3df25968,bf7dbb3d,bcbe0313,bd6432cd,3df2596a,1,58391076

12393,171,103,12,-1844,572,15717,-4087,2497,-3160,bf7db6e9,bcbc1880,bd63f171,3df3a1c0,bf7db6ea,bcbc1881,bd63f174,3df3a1c3,1,58400095

12394,179,99,7,-1858,571,15723,-4099,2443,-3226,bf7db6b8,bcc1be49,bd64b857,3df338f6,bf7db6b7,bcc1be49,bd64b856,3df338f7,1,58408113

12395,182,93,5,-1876,521,15754,-4157,2419,-3152,bf7db942,bcc60520,bd65e75f,3df21022,bf7db942,bcc60521,bd65e75e,3df21024,1,58416632

12396,174,105,1,-1878,530,15762,-4157,2419,-3152,bf7dbc2f,bcca12ae,bd66ea0b,3df0d7d1,bf7dbc2f,bcca12b0,bd66ea0c,3df0d7d5,1,58425150

12397,167,111,3,-1841,542,15742,-4155,2457,-3196,bf7dbdab,bcc76fd2,bd65cbd7,3df0db6c,bf7dbdac,bcc76fd7,bd65cbda,3df0db71,1,58433669

12398,155,99,9,-1829,518,15712,-4117,2447,-3199,bf7dbf59,bcc401e2,bd64f957,3df0c978,bf7dbf58,bcc401e5,bd64f955,3df0c97a,1,58442188

12399,155,90,2,-1852,549,15719,-4117,2447,-3199,bf7dbf4f,bcc646f7,bd65a3c4,3df085c6,bf7dbf4f,bcc646fa,bd65a3c5,3df085c9,1,58450707

12400,147,81,-3,-1909,597,15778,-4109,2413,-3134,bf7dc027,bccbf373,bd66fc6f,3defae27,bf7dc027,bccbf376,bd66fc6f,3defae2a,1,58459225

12401,163,100,8,-1847,654,15725,-4141,2461,-3169,bf7dbf1c,bcd0f879,bd660013,3defebf0,bf7dbf1c,bcd0f87c,bd660013,3defebf3,1,58467744

12402,190,107,4,-1914,558,15779,-4141,2461,-3169,bf7dbc95,bccd57e6,bd67db2c,3df056c2,bf7dbc94,bccd57e9,bd67db2b,3df056c3,1,58476262

12403,183,100,9,-1875,560,15723,-4123,2459,-3093,bf7dbb8c,bcca98ef,bd6834d2,3df0ac5c,bf7dbb8c,bcca98f2,bd6834d3,3df0ac5e,1,58484781

12404,185,112,2,-1901,577,15758,-4149,2471,-3197,bf7db853,bcc8edab,bd69177f,3df16504,bf7db854,bcc8edae,bd691781,3df16507,1,58493300

12405,186,125,4,-1864,555,15726,-4149,2471,-3197,bf7db742,bcc5f5f9,bd683339,3df20af8,bf7db741,bcc5f5fa,bd683338,3df20af9,1,58501317

12406,185,116,4,-1859,542,15736,-4125,2419,-3298,bf7dbaad,bcca2496,bd680ffc,3df0f5f5,bf7dbaac,bcca2497,bd680ffc,3df0f5f6,1,58509836

12407,180,119,4,-1839,514,15708,-4131,2415,-3196,bf7dc041,bccbfdd8,bd67815c,3def864d,bf7dc042,bccbfddb,bd67815d,3def864f,1,58518355

12408,175,118,3,-1858,517,15726,-4119,2419,-3264,bf7dc4a1,bccab7ec,bd67b643,3dee6189,bf7dc4a0,bccab7ed,bd67b640,3dee6189,1,58526873

12409,159,99,7,-1881,567,15740,-4119,2419,-3264,bf7dc653,bccec482,bd6897fb,3ded7f16,bf7dc652,bccec482,bd6897f9,3ded7f16,1,58535392

12410,169,105,12,-1876,621,15732,-4117,2483,-3156,bf7dc2ab,bccc44d2,bd681e28,3deeb8a2,bf7dc2ab,bccc44d2,bd681e27,3deeb8a3,1,58543911

12411,176,107,8,-1916,588,15781,-4167,2435,-3183,bf7dc326,bcd07264,bd69a4da,3dedfe87,bf7dc327,bcd07264,bd69a4db,3dedfe88,1,58552429

12412,186,121,6,-1879,584,15742,-4167,2435,-3183,bf7dc614,bcd35411,bd697a8a,3ded1821,bf7dc613,bcd35410,bd697a88,3ded1820,1,58560948

12413,199,132,11,-1870,603,15745,-4123,2455,-3182,bf7dc4e5,bcd020c4,bd6866af,3dedd9b3,bf7dc4e6,bcd020c6,bd6866ae,3dedd9b4,1,58569467

12414,215,138,5,-1868,561,15734,-4167,2453,-3236,bf7dc524,bccbcd70,bd67f9bd,3dee1f51,bf7dc525,bccbcd71,bd67f9ba,3dee1f50,1,58577985

12415,223,137,10,-1847,596,15721,-4167,2453,-3236,bf7dc605,bccd63aa,bd666b5b,3dee2e7f,bf7dc604,bccd63a9,bd666b56,3dee2e7d,1,58586504

12416,219,144,1,-1870,540,15724,-4105,2445,-3202,bf7dc54b,bcc86a25,bd66ec6d,3dee8493,bf7dc54b,bcc86a25,bd66ec6b,3dee8492,1,58595023

12417,215,131,-1,-1865,536,15734,-4149,2401,-3149,bf7dc910,bccc221a,bd676053,3ded3427,bf7dc911,bccc221b,bd676052,3ded3427,1,58603541

12418,200,124,-9,-1871,501,15750,-4149,2401,-3149,bf7dcde2,bccd9576,bd68227a,3deba595,bf7dcde3,bccd9576,bd682279,3deba595,1,58611559

12419,191,124,-3,-1836,509,15739,-4139,2439,-3192,bf7dd02d,bcc803d1,bd670be5,3deb9883,bf7dd02e,bcc803d2,bd670be3,3deb9883,1,58620078

12420,181,117,3,-1850,520,15724,-4075,2431,-3166,bf7dd123,bcc3a844,bd66c1d3,3deba2d2,bf7dd123,bcc3a843,bd66c1d4,3deba2d1,1,58628596

12421,165,114,6,-1847,547,15709,-4153,2423,-3231,bf7dd3fb,bcc81f11,bd66badd,3deaa434,bf7dd3fc,bcc81f11,bd66badf,3deaa433,1,58637115

12422,163,106,0,-1869,551,15748,-4153,2423,-3231,bf7dd642,bccb51d1,bd678be0,3de9a67b,bf7dd641,bccb51d0,bd678bdd,3de9a678,1,58645634

12423,168,106,5,-1887,627,15729,-4075,2451,-3305,bf7dd1d4,bcca494b,bd67c562,3dead9ce,bf7dd1d3,bcca494a,bd67c561,3dead9cb,1,58654152

12424,180,105,10,-1868,585,15732,-4133,2421,-3189,bf7dd3bf,bcceebd4,bd68014e,3dea0582,bf7dd3bf,bcceebd2,bd68014f,3dea0580,1,58662671

12425,191,108,9,-1881,585,15755,-4133,2421,-3189,bf7dd593,bcd1ea0c,bd68ad69,3de930cc,bf7dd593,bcd1ea09,bd68ad6a,3de930ca,1,58671190

12426,199,119,6,-1879,538,15729,-4123,2417,-3164,bf7dd888,bcce9376,bd696971,3de86324,bf7dd887,bcce9374,bd696972,3de86321,1,58679708

12427,208,111,6,-1892,575,15728,-4137,2475,-3145,bf7dd5ae,bcc9ed97,bd697bb2,3de96672,bf7dd5ad,bcc9ed95,bd697bb3,3de9666f,1,58688227

12428,189,116,0,-1899,548,15733,-4137,2475,-3145,bf7dd2e1,bcc55c73,bd69c835,3dea5489,bf7dd2e1,bcc55c71,bd69c837,3dea5487,1,58696746

12429,190,114,10,-1903,533,15728,-4133,2399,-3173,bf7dd575,bcc95c46,bd6ac9d8,3de92a4f,bf7dd576,bcc95c45,bd6ac9db,3de92a4e,1,58705264

12430,189,124,13,-1882,528,15720,-4111,2485,-3230,bf7dd32b,bcc425cf,bd6a6d36,3dea27aa,bf7dd32b,bcc425cd,bd6a6d37,3dea27a9,1,58713282

12431,176,117,3,-1859,540,15718,-4111,2485,-3230,bf7dd0f0,bcbfbbed,bd699c5f,3deb306b,bf7dd0ef,bcbfbbea,bd699c5f,3deb3069,1,58721801

12432,166,113,-4,-1886,587,15744,-4129,2433,-3234,bf7dd139,bcc58d8d,bd69bc83,3deac72c,bf7dd13a,bcc58d8c,bd69bc86,3deac72c,1,58730319

12433,165,113,-11,-1896,570,15753,-4117,2445,-3267,bf7dced6,bcc58e7e,bd6a2512,3deb5273,bf7dced5,bcc58e7a,bd6a2515,3deb5271,1,58738838

12434,173,123,-1,-1888,570,15743,-4149,2459,-3268,bf7dcc68,bcc45c4c,bd69db7f,3dec1c34,bf7dcc67,bcc45c49,bd69db81,3dec1c32,1,58747357

12435,177,126,7,-1903,600,15744,-4149,2459,-3268,bf7dc93d,bcc72c3f,bd6a3db0,3decb780,bf7dc93d,bcc72c3d,bd6a3db3,3decb77f,1,58755875

12436,191,132,9,-1880,559,15733,-4103,2469,-3201,bf7dc6c1,bcc34843,bd69a6d2,3dedbab6,bf7dc6c1,bcc34842,bd69a6d4,3dedbab5,1,58764394

12437,204,134,9,-1871,544,15732,-4149,2447,-3279,bf7dc772,bcc3bd4a,bd68f42b,3dedb141,bf7dc772,bcc3bd49,bd68f42e,3dedb141,1,58772913

12438,196,129,13,-1850,517,15710,-4149,2447,-3279,bf7dc8fb,bcc09c6f,bd67c4ee,3dedbb4a,bf7dc8fc,bcc09c70,bd67c4f1,3dedbb4b,1,58781431

12439,186,131,11,-1847,547,15725,-4097,2439,-3207,bf7dca28,bcc2f9aa,bd66a620,3ded923e,bf7dca28,bcc2f9aa,bd66a61e,3ded923e,1,58789950

12440,184,122,5,-1875,523,15719,-4109,2441,-3225,bf7dc951,bcc175dd,bd67e876,3ded9071,bf7dc951,bcc175dd,bd67e876,3ded9071,1,58798469

12441,180,113,4,-1886,565,15723,-4109,2441,-3225,bf7dc82b,bcc5363f,bd68d3c9,3ded74a9,bf7dc82b,bcc5363e,bd68d3ca,3ded74a9,1,58806487

12442,170,109,6,-1912,558,15732,-4107,2437,-3192,bf7dc6d9,bcc7bf33,bd6aa573,3ded3a32,bf7dc6d9,bcc7bf32,bd6aa574,3ded3a32,1,58815005

12443,171,114,3,-1909,600,15738,-4111,2437,-3253,bf7dc594,bccc41c9,bd6b4882,3ded2b3c,bf7dc594,bccc41c8,bd6b4883,3ded2b3c,1,58823524

12444,174,122,1,-1920,597,15734,-4111,2437,-3253,bf7dc3c6,bccecbce,bd6c4f3d,3ded4256,bf7dc3c6,bccecbcd,bd6c4f3d,3ded4256,1,58832043

12445,186,131,7,-1898,560,15730,-4159,2459,-3278,bf7dc298,bcca5c6e,bd6bd840,3deded6b,bf7dc299,bcca5c6e,bd6bd840,3deded6c,1,58840561

12446,194,142,7,-1897,556,15701,-4151,2465,-3146,bf7dc120,bcc74c10,bd6b9c6f,3dee89dd,bf7dc121,bcc74c0f,bd6b9c71,3dee89de,1,58849080

12447,211,140,6,-1875,538,15716,-4135,2459,-3203,bf7dc0f3,bcc384c6,bd6a7bf2,3def0ecf,bf7dc0f3,bcc384c5,bd6a7bf0,3def0ece,1,58857598

12448,203,142,5,-1876,568,15717,-4135,2459,-3203,bf7dc029,bcc4e30a,bd6987d9,3def6e33,bf7dc028,bcc4e308,bd6987d9,3def6e31,1,58866117

12449,197,141,14,-1877,538,15733,-4107,2453,-3181,bf7dbf64,bcc28278,bd692618,3defd914,bf7dbf64,bcc28277,bd69261a,3defd913,1,58874636

12450,187,140,19,-1875,501,15726,-4145,2461,-3197,bf7dbefc,bcbe507f,bd6922a0,3df02b36,bf7dbefb,bcbe507d,bd69229e,3df02b34,1,58883154

12451,180,133,25,-1854,610,15708,-4145,2461,-3197,bf7dbeb7,bcc3e422,bd6822bb,3df03384,bf7dbeb7,bcc3e422,bd6822bc,3df03383,1,58891673

12452,194,125,9,-1879,570,15740,-4123,2437,-3258,bf7dbf55,bcc87211,bd687b39,3defb853,bf7dbf55,bcc87211,bd687b3a,3defb852,1,58900191

12453,197,126,5,-1892,523,15748,-4101,2449,-3209,bf7dbe19,bcc41255,bd69439b,3df014cf,bf7dbe1a,bcc41256,bd69439d,3df014cf,1,58908710

12454,188,133,10,-1903,559,15745,-4101,2449,-3209,bf7dbc15,bcc5651e,bd6a44af,3df04d71,bf7dbc15,bcc5651e,bd6a44ac,3df04d70,1,58916728

12455,197,140,17,-1885,575,15724,-4105,2429,-3184,bf7dbdbb,bcca508c,bd6a34da,3defa033,bf7dbdbb,bcca508c,bd6a34d9,3defa032,1,58925247

12456,198,141,15,-1847,530,15712,-4113,2491,-3239,bf7dbc25,bcc51f16,bd692ed2,3df09061,bf7dbc25,bcc51f16,bd692ed1,3df09060,1,58933765

12457,201,133,13,-1894,507,15739,-4113,2491,-3239,bf7db984,bcbfd676,bd693c51,3df1826c,bf7db985,bcbfd677,bd693c51,3df1826c,1,58942284

12458,180,130,9,-1863,545,15727,-4119,2435,-3238,bf7dbbc9,bcc49067,bd68be71,3df0cb10,bf7dbbc9,bcc49068,bd68be70,3df0cb10,1,58950802

12459,180,126,6,-1862,531,15735,-4111,2385,-3212,bf7dbf6a,bcc94149,bd68d25f,3def92c9,bf7dbf69,bcc94149,bd68d25e,3def92c9,1,58959321

12460,176,118,8,-1862,574,15711,-4163,2455,-3190,bf7dc04e,bccb5ddc,bd680453,3def6bca,bf7dc04e,bccb5dde,bd680456,3def6bcb,1,58967840

12461,174,111,4,-1893,586,15727,-4163,2455,-3190,bf7dbf17,bccdbeb3,bd692155,3def588a,bf7dbf17,bccdbeb5,bd692156,3def588b,1,58976358

12462,178,112,-1,-1872,590,15711,-4161,2489,-3186,bf7dbc4d,bcca6330,bd6894ce,3df064f3,bf7dbc4e,bcca6334,bd6894ce,3df064f5,1,58984877

12463,184,106,-5,-1894,505,15750,-4125,2433,-3116,bf7dbefe,bcc8eb6d,bd6a0df0,3def66ed,bf7dbefe,bcc8eb70,bd6a0def,3def66ee,1,58993395

12464,176,102,-3,-1902,548,15749,-4125,2433,-3116,bf7dc108,bccbd65f,bd6b16ff,3dee73d4,bf7dc108,bccbd662,bd6b16fe,3dee73d5,1,59001914

12465,171,116,-1,-1882,562,15719,-4151,2451,-3180,bf7dc1eb,bccaf9f3,bd6a6854,3dee6e26,bf7dc1ea,bccaf9f3,bd6a6851,3dee6e26,1,59010433

12466,173,115,0,-1898,570,15753,-4113,2421,-3171,bf7dc431,bccf2a57,bd6aeb04,3ded78ee,bf7dc430,bccf2a57,bd6aeb01,3ded78ee,1,59018451

12467,180,116,4,-1926,590,15769,-4113,2421,-3171,bf7dc51c,bcd3009b,bd6c31df,3decb2c2,bf7dc51d,bcd3009a,bd6c31e2,3decb2c4,1,59026969

12468,187,135,4,-1891,564,15729,-4107,2491,-3158,bf7dc2fc,bccdf18b,bd6b9f07,3dedb03a,bf7dc2fd,bccdf18a,bd6b9f0a,3dedb03c,1,59035488

12469,198,148,4,-1906,651,15738,-4053,2415,-3298,bf7dc2c0,bcd38da3,bd6b6241,3ded8023,bf7dc2c1,bcd38da3,bd6b6242,3ded8025,1,59044007

12470,213,151,6,-1889,541,15750,-4053,2415,-3298,bf7dc412,bccdb5c9,bd6aebc6,3ded9545,bf7dc411,bccdb5c9,bd6aebc4,3ded9545,1,59052525

12471,219,143,6,-1870,529,15722,-4119,2429,-3106,bf7dc8d4,bccb70fb,bd6a179f,3deca32a,bf7dc8d4,bccb70fc,bd6a17a1,3deca32b,1,59061044

12472,197,142,3,-1854,481,15714,-4125,2473,-3244,bf7dc821,bcc567e0,bd696ee0,3ded4e3f,bf7dc822,bcc567e2,bd696ee3,3ded4e41,1,59069562

12473,175,128,7,-1857,539,15699,-4129,2457,-3219,bf7dc77a,bcc23b62,bd686027,3dede709,bf7dc77a,bcc23b62,bd686029,3dede70a,1,59078081

12474,168,119,-1,-1873,523,15725,-4129,2457,-3219,bf7dc618,bcbf3c65,bd6880fd,3dee6415,bf7dc618,bcbf3c65,bd6880ff,3dee6416,1,59086600

12475,158,115,0,-1878,505,15717,-4109,2419,-3256,bf7dc89f,bcc28277,bd69652e,3ded557d,bf7dc89f,bcc28278,bd69652e,3ded557e,1,59095118

12476,138,111,5,-1894,562,15733,-4149,2435,-3211,bf7dc966,bcc7bc62,bd6a1b81,3decad74,bf7dc965,bcc7bc61,bd6a1b80,3decad74,1,59103637

12477,150,113,9,-1864,567,15719,-4149,2435,-3211,bf7dcbe3,bccb9de2,bd69359f,3dec067b,bf7dcbe4,bccb9de3,bd6935a3,3dec067d,1,59111655

12478,149,116,8,-1894,585,15723,-4131,2467,-3249,bf7dc86f,bcc8c998,bd695ee1,3ded1010,bf7dc86f,bcc8c999,bd695ee1,3ded1011,1,59120674

12479,150,109,1,-1894,560,15741,-4143,2479,-3251,bf7dc54c,bcc5147a,bd697670,3dee123b,bf7dc54d,bcc5147c,bd697671,3dee123d,1,59128692

12480,152,116,4,-1909,581,15737,-4143,2479,-3251,bf7dc0f4,bcc3aad8,bd6a0192,3def2a94,bf7dc0f4,bcc3aad9,bd6a0193,3def2a95,1,59137211

12481,158,123,7,-1900,591,15744,-4165,2443,-3262,bf7dc124,bcc960f1,bd6a6797,3deeb8cf,bf7dc125,bcc960f4,bd6a6799,3deeb8d1,1,59145729

12482,179,129,14,-1909,588,15735,-4127,2425,-3269,bf7dc1c9,bcce4a83,bd6b2880,3dee1a80,bf7dc1c8,bcce4a84,bd6b2880,3dee1a80,1,59154248

12483,185,132,14,-1927,578,15751,-4127,2425,-3269,bf7dc208,bcd0fa01,bd6ca357,3ded85e9,bf7dc208,bcd0fa01,bd6ca358,3ded85ea,1,59162766

12484,189,145,15,-1883,531,15719,-4139,2437,-3210,bf7dc468,bccc0ad8,bd6bb518,3ded6371,bf7dc468,bccc0ad8,bd6bb519,3ded6372,1,59171285

12485,179,137,12,-1842,568,15702,-4127,2451,-3239,bf7dc565,bcc990d2,bd6949ec,3deddad4,bf7dc563,bcc990d1,bd6949eb,3deddad3,1,59179804

12486,173,122,9,-1882,551,15723,-4099,2433,-3241,bf7dc5b6,bcc8ccb2,bd6996c3,3dedbc56,bf7dc5b6,bcc8ccb5,bd6996c8,3dedbc57,1,59188322

12487,173,110,-4,-1887,623,15721,-4099,2433,-3241,bf7dc54b,bcce5fd8,bd699ae4,3ded8b9d,bf7dc54a,bcce5fda,bd699ae7,3ded8b9d,1,59196841

12488,174,111,-14,-1890,533,15731,-4143,2471,-3230,bf7dc399,bcc92aae,bd69b6ce,3dee3fe8,bf7dc399,bcc92ab1,bd69b6d2,3dee3fe8,1,59205360

12489,172,112,-8,-1902,568,15747,-4105,2429,-3155,bf7dc4aa,bcccdd6c,bd6aaf39,3ded873b,bf7dc4aa,bcccdd70,bd6aaf38,3ded873b,1,59213878

12490,170,115,-4,-1911,543,15740,-4105,2429,-3155,bf7dc5be,bccc27b9,bd6c1431,3deceee8,bf7dc5be,bccc27bb,bd6c1430,3deceee8,1,59221896

12491,169,117,9,-1929,563,15750,-4117,2437,-3246,bf7dc43a,bccb5478,bd6d79ad,3ded08ae,bf7dc43b,bccb547a,bd6d79ae,3ded08af,1,59230415

12492,176,126,13,-1887,569,15720,-4145,2457,-3183,bf7dc3ff,bcc9514c,bd6c0438,3ded90dd,bf7dc3ff,bcc9514c,bd6c0436,3ded90dd,1,59238933

12493,170,127,8,-1887,547,15727,-4145,2457,-3183,bf7dc3a8,bcc65472,bd6b397b,3dee0299,bf7dc3a8,bcc65472,bd6b397a,3dee0299,1,59247452

12494,173,121,8,-1887,560,15719,-4107,2455,-3166,bf7dc218,bcc52226,bd6aaa06,3deea06a,bf7dc218,bcc52226,bd6aaa06,3deea06a,1,59255971

12495,166,124,14,-1880,557,15717,-4147,2455,-3265,bf7dc149,bcc546f7,bd69f8e5,3def010e,bf7dc149,bcc546f7,bd69f8e7,3def010e,1,59264489

12496,166,115,5,-1906,666,15702,-4147,2455,-3265,bf7dbf96,bccb8adf,bd6a3d7d,3def0f6a,bf7dbf96,bccb8adf,bd6a3d7f,3def0f6a,1,59273008

12497,176,113,-4,-1929,610,15732,-4095,2483,-3248,bf7dbb11,bcc8e54e,bd6ac9fd,3df0431a,bf7dbb12,bcc8e54f,bd6aca00,3df0431a,1,59281526

12498,191,112,-7,-1902,569,15737,-4099,2457,-3261,bf7db866,bcc68960,bd6aecd9,3df10e0f,bf7db865,bcc6895f,bd6aecd7,3df10e0d,1,59290045

12499,196,114,-2,-1915,574,15743,-4145,2389,-3239,bf7dbad4,bccbaaa4,bd6b8a20,3defff1d,bf7dbad3,bccbaaa2,bd6b8a1f,3defff1b,1,59298564

12500,190,120,1,-1914,567,15744,-4145,2389,-3239,bf7dbdad,bcd06c19,bd6c1e6e,3deed7d5,bf7dbdad,bcd06c17,bd6c1e6f,3deed7d4,1,59307082

12501,198,116,3,-1913,560,15734,-4097,2507,-3163,bf7dbad8,bccb67ce,bd6bf5cd,3defe6f4,bf7dbad9,bccb67cd,bd6bf5cf,3defe6f4,1,59315601

12502,186,125,6,-1894,530,15721,-4087,2395,-3260,bf7dbef2,bccea64d,bd6c3b98,3dee92e8,bf7dbef3,bccea64c,bd6c3b9a,3dee92e8,1,59324119

12503,182,124,9,-1900,575,15719,-4087,2395,-3260,bf7dc1f5,bcd32f2b,bd6c6b47,3ded7a10,bf7dc1f5,bcd32f2a,bd6c6b46,3ded7a0f,1,59332137

12504,172,120,13,-1902,590,15741,-4089,2421,-3256,bf7dc370,bcd390a8,bd6c047f,3ded28a1,bf7dc36f,bcd390a5,bd6c0481,3ded28a0,1,59340656

12505,177,117,18,-1888,604,15718,-4085,2451,-3263,bf7dc169,bccfe187,bd6b2154,3dee1faf,bf7dc169,bccfe185,bd6b2158,3dee1fae,1,59349175

12506,184,124,9,-1926,610,15735,-4085,2451,-3263,bf7dbd7b,bcce24f4,bd6bde75,3def144a,bf7dbd7c,bcce24f3,bd6bde77,3def144a,1,59357693

12507,196,137,3,-1927,648,15720,-4113,2401,-3249,bf7dbeab,bcd3e0d6,bd6c5443,3dee5624,bf7dbeab,bcd3e0d4,bd6c5443,3dee5623,1,59366212

12508,207,133,0,-1918,561,15736,-4095,2451,-3194,bf7dbd27,bcce9ed4,bd6c8906,3deef9f8,bf7dbd26,bcce9ed2,bd6c8905,3deef9f7,1,59374730

12509,207,139,2,-1901,590,15721,-4095,2451,-3194,bf7dbb8d,bccc80b0,bd6bd9c8,3defaeeb,bf7dbb8c,bccc80b0,bd6bd9c5,3defaeea,1,59383249

12510,207,147,0,-1874,539,15713,-4099,2471,-3197,bf7dba63,bcc7483d,bd6aea75,3df07e58,bf7dba64,bcc7483f,bd6aea74,3df07e59,1,59391768

12511,199,139,-8,-1901,525,15723,-4093,2433,-3155,bf7dbc5b,bcc74649,bd6bc3f9,3defc459,bf7dbc5a,bcc74649,bd6bc3f6,3defc458,1,59400286

12512,196,126,-4,-1867,549,15698,-4093,2433,-3155,bf7dbfb7,bcc945a0,bd6a5e54,3def1d82,bf7dbfb7,bcc945a2,bd6a5e52,3def1d82,1,59408805

12513,174,114,-5,-1892,602,15730,-4101,2495,-3155,bf7dbc06,bcc66c8d,bd69f269,3df0583b,bf7dbc07,bcc66c8f,bd69f269,3df0583c,1,59417324

12514,181,118,-6,-1931,582,15735,-4165,2395,-3173,bf7dbe17,bccb9ffd,bd6ad7e4,3def4e4c,bf7dbe17,bccb9fff,bd6ad7e3,3def4e4c,1,59425842

12515,195,130,-1,-1926,606,15747,-4131,2497,-3223,bf7db9ef,bcc8736b,bd6b0773,3df086ae,bf7db9f0,bcc8736d,bd6b0774,3df086ae,1,59433860

12516,204,136,1,-1887,595,15723,-4131,2497,-3223,bf7db6ac,bcc55313,bd6a4656,3df1ba45,bf7db6ac,bcc55313,bd6a4656,3df1ba44,1,59442379

12517,199,134,-2,-1898,575,15743,-4087,2439,-3265,bf7db63b,bcc8f75a,bd6a872b,3df1983d,bf7db63b,bcc8f75a,bd6a872b,3df1983c,1,59450897

12518,204,135,-2,-1896,564,15727,-4085,2421,-3220,bf7db857,bccd01ca,bd6aec34,3df0bb39,bf7db858,bccd01ca,bd6aec35,3df0bb39,1,59459416

12519,198,136,1,-1905,564,15721,-4085,2421,-3220,bf7dba33,bccfa473,bd6bb620,3defe855,bf7dba33,bccfa473,bd6bb61d,3defe853,1,59467934

12520,199,141,4,-1934,559,15738,-4127,2459,-3291,bf7db7a3,bccb3fc8,bd6c9462,3df09b1b,bf7db7a3,bccb3fc8,bd6c945f,3df09b19,1,59476453

12521,209,140,14,-1920,595,15740,-4123,2455,-3239,bf7db556,bccc4682,bd6cc159,3df11ccc,bf7db556,bccc4681,bd6cc157,3df11cca,1,59484972

12522,205,147,13,-1879,547,15708,-4123,2455,-3239,bf7db5ae,bcc83531,bd6b5b73,3df19428,bf7db5ae,bcc8352f,bd6b5b72,3df19426,1,59493490

12523,206,143,13,-1840,541,15720,-4097,2439,-3235,bf7db8f5,bcc6fd0a,bd68b220,3df16ce2,bf7db8f5,bcc6fd09,bd68b21f,3df16ce1,1,59502009

12524,191,135,-2,-1876,542,15726,-4071,2475,-3240,bf7db675,bcc26463,bd685c9e,3df2652b,bf7db676,bcc26464,bd685c9e,3df2652b,1,59510528

12525,187,125,-9,-1901,591,15724,-4071,2475,-3240,bf7db1e0,bcc1d2c0,bd68cbe2,3df38402,bf7db1e1,bcc1d2c0,bd68cbe2,3df38402,1,59519046

12526,188,123,-4,-1888,546,15728,-4129,2501,-3272,bf7dae65,bcbe130e,bd68b753,3df49f61,bf7dae65,bcbe130d,bd68b752,3df49f60,1,59527565

12527,192,120,-2,-1920,566,15742,-4135,2453,-3302,bf7dad29,bcc2c35a,bd6a23ed,3df45efc,bf7dad2a,bcc2c35a,bd6a23ec,3df45efc,1,59535583

12528,194,132,8,-1915,573,15736,-4109,2435,-3189,bf7daded,bcc7ebbe,bd6af680,3df3b726,bf7dadec,bcc7ebbc,bd6af67d,3df3b724,1,59544102

12529,195,135,11,-1896,599,15714,-4109,2435,-3189,bf7daf1d,bccd52ed,bd6affb8,3df31dc1,bf7daf1d,bccd52eb,bd6affb7,3df31dc0,1,59552620

12530,198,138,9,-1922,561,15742,-4117,2445,-3162,bf7daf2b,bcce05ce,bd6c61a0,3df2ba7c,bf7daf2b,bcce05cc,bd6c619f,3df2ba7b,1,59561139

12531,204,145,16,-1879,570,15715,-4125,2427,-3225,bf7db314,bcd15b34,bd6b6097,3df1c55b,bf7db315,bcd15b34,bd6b6099,3df1c55b,1,59569657

12532,199,144,14,-1875,562,15736,-4125,2427,-3225,bf7db7c2,bcd24631,bd6a3cbb,3df0c4b9,bf7db7c2,bcd24630,bd6a3cbb,3df0c4b8,1,59578176

12533,206,139,8,-1890,551,15725,-4145,2431,-3187,bf7dbb7b,bcd1d235,bd6aa998,3defb4d8,bf7dbb7b,bcd1d233,bd6aa999,3defb4d7,1,59586695

12534,191,130,6,-1873,514,15720,-4137,2427,-3215,bf7dbfb0,bccd778f,bd6a4dd9,3deeea37,bf7dbfaf,bccd778c,bd6a4dd8,3deeea35,1,59595213

12535,174,123,2,-1884,567,15730,-4137,2427,-3215,bf7dc2b8,bcd08c37,bd6a4e21,3dedf0fc,bf7dc2b8,bcd08c36,bd6a4e20,3dedf0fb,1,59603732

12536,182,125,5,-1895,604,15736,-4143,2441,-3182,bf7dc334,bcd382f3,bd6a6e80,3ded9e04,bf7dc334,bcd382f2,bd6a6e7f,3ded9e03,1,59612251

12537,187,120,3,-1902,593,15718,-4153,2447,-3183,bf7dc29c,bcd29d4d,bd6b129d,3dedaade,bf7dc29c,bcd29d4d,bd6b129b,3dedaadd,1,59620770

12538,196,126,-1,-1908,554,15749,-4153,2447,-3183,bf7dc2b4,bcce4740,bd6bac89,3dedbaf3,bf7dc2b4,bcce473f,bd6bac88,3dedbaf3,1,59628787

12539,195,129,5,-1927,554,15748,-4083,2449,-3182,bf7dc064,bcc9eca1,bd6c73f0,3dee632a,bf7dc065,bcc9eca0,bd6c73f1,3dee632b,1,59637306

12540,204,140,11,-1918,589,15740,-4129,2485,-3190,bf7dbcc9,bcc6be58,bd6c4038,3def8f7c,bf7dbcca,bcc6be57,bd6c403a,3def8f7d,1,59645825

12541,205,138,15,-1900,583,15719,-4075,2423,-3232,bf7dbddd,bccb87a5,bd6c19d8,3def0fd0,bf7dbddd,bccb87a3,bd6c19db,3def0fd0,1,59654343

12542,212,145,8,-1821,406,15691,-4075,2423,-3232,bf7dc090,bcc4f169,bd6ad8f1,3deeffae,bf7dc090,bcc4f168,bd6ad8f3,3deeffae,1,59662862

12543,199,144,12,-1905,617,15759,-4121,2407,-3141,bf7dc262,bcca8fba,bd6aff85,3dee2ec5,bf7dc262,bcca8fb9,bd6aff87,3dee2ec5,1,59671380

12544,196,135,10,-1910,558,15747,-4065,2441,-3243,bf7dc025,bcc71eee,bd6b6dad,3deedaa4,bf7dc024,bcc71eed,bd6b6dae,3deedaa3,1,59679899

12545,199,141,7,-1889,531,15724,-4065,2441,-3243,bf7dbf54,bcc2dc79,bd6afe23,3def6566,bf7dbf54,bcc2dc79,bd6afe24,3def6566,1,59688417

12546,207,145,14,-1857,475,15701,-4093,2441,-3104,bf7dc24a,bcbe224d,bd69e27f,3def1f11,bf7dc24b,bcbe224c,bd69e282,3def1f12,1,59696936

12547,192,143,20,-1888,578,15722,-4101,2419,-3208,bf7dc393,bcc3d4dd,bd6a03de,3dee75b8,bf7dc393,bcc3d4db,bd6a03e0,3dee75b8,1,59705455

12548,191,135,18,-1887,559,15724,-4101,2419,-3208,bf7dc574,bcc89e22,bd6a4355,3deda62b,bf7dc574,bcc89e21,bd6a4356,3deda62b,1,59713973

12549,192,126,11,-1908,582,15724,-4113,2497,-3144,bf7dc18f,bcc4f987,bd6a4809,3deedee1,bf7dc18e,bcc4f985,bd6a4809,3deedee0,1,59722492

12550,187,131,8,-1889,539,15742,-4097,2457,-3247,bf7dbf7b,bcc14d8c,bd6a147e,3defa8ba,bf7dbf7a,bcc14d8a,bd6a147e,3defa8b9,1,59731011

12551,185,131,9,-1889,588,15723,-4097,2457,-3247,bf7dbccb,bcc416c5,bd69cad2,3df04c07,bf7dbccb,bcc416c4,bd69cad6,3df04c07,1,59739028

12552,194,129,-2,-1882,544,15719,-4131,2435,-3159,bf7dbf4a,bcc7fb56,bd6a0798,3def60f8,bf7dbf49,bcc7fb57,bd6a0798,3def60f7,1,59747547

12553,194,124,-8,-1904,555,15738,-4109,2441,-3187,bf7dbf0b,bcc8fe86,bd6b17af,3def2163,bf7dbf0c,bcc8fe88,bd6b17b1,3def2164,1,59756066

12554,191,129,0,-1924,578,15753,-4115,2447,-3194,bf7dbd39,bccabe7b,bd6c4d62,3def38ea,bf7dbd38,bccabe7c,bd6c4d5f,3def38e9,1,59764584

12555,201,139,5,-1921,558,15773,-4115,2447,-3194,bf7dbc40,bcc91914,bd6cdd0c,3def6db5,bf7dbc41,bcc91916,bd6cdd0d,3def6db6,1,59773103

12556,208,149,17,-1896,573,15728,-4115,2477,-3241,bf7db9b9,bcc558c6,bd6bf6fa,3df0835a,bf7db9b9,bcc558c7,bd6bf6f9,3df0835a,1,59781621

12557,217,152,26,-1869,580,15669,-4097,2477,-3218,bf7db73b,bcc2da0c,bd6a87ac,3df1a584,bf7db73b,bcc2da0e,bd6a87ab,3df1a584,1,59790140

12558,212,140,7,-1872,529,15726,-4097,2477,-3218,bf7db544,bcbe6d73,bd69b49d,3df2944e,bf7db545,bcbe6d74,bd69b49e,3df2944f,1,59798659

12559,199,122,-2,-1870,542,15719,-4089,2441,-3219,bf7db69a,bcc27159,bd6941e9,3df223aa,bf7db699,bcc27159,bd6941e6,3df223a9,1,59807177

12560,186,121,-5,-1906,573,15755,-4123,2473,-3215,bf7db2ee,bcc2f381,bd69ea7f,3df2e9f6,bf7db2ed,bcc2f382,bd69ea7c,3df2e9f5,1,59815696

12561,193,135,-1,-1914,562,15759,-4123,2473,-3215,bf7daf6e,bcc28632,bd6aad85,3df3aa26,bf7daf6e,bcc28634,bd6aad84,3df3aa26,1,59824215

12562,206,140,7,-1899,552,15769,-4125,2461,-3161,bf7daf11,bcc4abf8,bd6ab9a9,3df3a417,bf7daf10,bcc4abf8,bd6ab9a7,3df3a416,1,59832733

12563,211,145,12,-1895,533,15723,-4117,2441,-3171,bf7db13e,bcc75115,bd6b2562,3df2d61d,bf7db13e,bcc75115,bd6b2563,3df2d61d,1,59840751

12564,209,149,17,-1856,530,15688,-4117,2441,-3171,bf7db572,bcc7c433,bd6975c4,3df21f1a,bf7db572,bcc7c433,bd6975c4,3df21f1a,1,59849270

12565,202,134,4,-1847,500,15709,-4113,2477,-3135,bf7db4dc,bcc24ad0,bd688a43,3df2c659,bf7db4dc,bcc24ad0,bd688a43,3df2c659,1,59857789

12566,177,120,-8,-1858,511,15736,-4103,2417,-3274,bf7db90f,bcc5c7b0,bd686085,3df18941,bf7db90f,bcc5c7b0,bd686085,3df18941,1,59866307

12567,157,109,-15,-1889,540,15753,-4149,2447,-3282,bf7db970,bcc71727,bd696b5c,3df11e71,bf7db96f,bcc71727,bd696b5b,3df11e70,1,59874826

12568,160,107,-10,-1920,583,15750,-4149,2447,-3282,bf7db840,bccb4b50,bd6aeaad,3df0d91b,bf7db83f,bccb4b4f,bd6aeaad,3df0d91a,1,59883345

12569,165,121,1,-1936,600,15746,-4111,2437,-3194,bf7db76e,bccfcd97,bd6c5754,3df0799a,bf7db76d,bccfcd95,bd6c5755,3df07999,1,59891863

12570,180,139,16,-1911,606,15743,-4109,2431,-3209,bf7db868,bcd42745,bd6c58b9,3deffa5e,bf7db867,bcd42744,bd6c58b8,3deffa5d,1,59900382

12571,206,152,20,-1894,542,15721,-4109,2431,-3209,bf7dbac4,bccf4fb9,bd6beb97,3defb94e,bf7dbac4,bccf4fb9,bd6beb98,3defb94e,1,59908901

12572,203,145,16,-1867,548,15694,-4095,2451,-3266,bf7dba87,bcca378b,bd6aa8e1,3df05de5,bf7dba86,bcca378a,bd6aa8e1,3df05de4,1,59917419

12573,184,135,6,-1859,496,15734,-4117,2425,-3199,bf7dbfeb,bcc78184,bd699979,3def577a,bf7dbfea,bcc78183,bd699979,3def5779,1,59925938

12574,181,131,7,-1900,545,15751,-4117,2425,-3199,bf7dc1e0,bccabd13,bd6a8e92,3dee6ac6,bf7dc1e0,bccabd12,bd6a8e94,3dee6ac6,1,59934457

12575,188,137,6,-1877,529,15723,-4077,2403,-3164,bf7dc677,bccd318d,bd6a8369,3ded122f,bf7dc678,bccd318d,bd6a836b,3ded1230,1,59942475

12576,190,135,4,-1884,613,15725,-4113,2417,-3150,bf7dc896,bcd2743e,bd6a5319,3dec42dc,bf7dc896,bcd2743d,bd6a531a,3dec42dc,1,59950993

12577,193,134,6,-1892,529,15736,-4113,2417,-3150,bf7dcc38,bccf72db,bd6af5b3,3deb4aeb,bf7dcc38,bccf72db,bd6af5b6,3deb4aeb,1,59959512

12578,188,135,1,-1884,525,15718,-4095,2467,-3229,bf7dcab9,bcc9d239,bd6a99b1,3dec1702,bf7dcab9,bcc9d239,bd6a99b3,3dec1702,1,59968030

12579,187,129,-4,-1884,527,15729,-4123,2419,-3160,bf7dcee2,bccad236,bd6ad5e9,3deadb1e,bf7dcee3,bccad237,bd6ad5ee,3deadb1f,1,59976549

12580,171,118,-11,-1898,544,15726,-4099,2445,-3185,bf7dcd76,bcc6acf1,bd6b15e5,3deb6613,bf7dcd77,bcc6acf1,bd6b15e8,3deb6614,1,59985068

12581,170,128,-10,-1895,559,15733,-4099,2445,-3185,bf7dcbf6,bcc55897,bd6af8f6,3debe6b1,bf7dcbf5,bcc55896,bd6af8f5,3debe6b0,1,59993586

12582,182,129,-2,-1902,569,15736,-4113,2449,-3203,bf7dc9cb,bcc5adfe,bd6b347d,3dec6846,bf7dc9ca,bcc5adfe,bd6b347a,3dec6845,1,60002105

12583,178,134,6,-1881,548,15733,-4093,2455,-3307,bf7dc7ea,bcc1c089,bd6a6742,3ded5013,bf7dc7e9,bcc1c088,bd6a6740,3ded5013,1,60010624

12584,189,131,9,-1882,545,15736,-4093,2455,-3307,bf7dc592,bcbeb8a4,bd69d488,3dee3b71,bf7dc592,bcbeb8a4,bd69d48b,3dee3b72,1,60019142

12585,183,125,8,-1884,547,15741,-4115,2461,-3228,bf7dc311,bcbe48b4,bd6992fc,3deefb6a,bf7dc311,bcbe48b4,bd6992ff,3deefb6b,1,60027661

12586,177,134,7,-1857,621,15699,-4101,2473,-3194,bf7dc092,bcc1a29c,bd68369f,3defce8a,bf7dc093,bcc1a29e,bd6836a3,3defce8c,1,60036179

12587,179,126,-5,-1881,520,15729,-4101,2473,-3194,bf7dbdf1,bcbd8370,bd685d3c,3df0ab76,bf7dbdf1,bcbd8370,bd685d3f,3df0ab77,1,60044197

12588,185,124,-6,-1897,587,15728,-4091,2497,-3200,bf7db932,bcbc18d4,bd68761d,3df1f66a,bf7db932,bcbc18d4,bd68761e,3df1f66b,1,60052716

12589,187,114,-7,-1926,550,15761,-4121,2451,-3291,bf7db730,bcbfca23,bd6a54e5,3df1dbb9,bf7db730,bcbfca24,bd6a54e5,3df1dbba,1,60061235

12590,193,121,-2,-1898,544,15739,-4121,2451,-3291,bf7db634,bcc231a2,bd6ad87a,3df1df15,bf7db635,bcc231a4,bd6ad87b,3df1df17,1,60069753

12591,197,135,8,-1898,522,15742,-4149,2445,-3176,bf7db86e,bcc4ca42,bd6b684c,3df104b8,bf7db86e,bcc4ca43,bd6b684d,3df104b9,1,60078272

12592,191,134,16,-1884,552,15715,-4083,2451,-3156,bf7db7d3,bcc49837,bd6a989d,3df16247,bf7db7d3,bcc49838,bd6a989f,3df16248,1,60086791

12593,185,137,7,-1902,552,15760,-4099,2421,-3223,bf7db9dd,bcc93056,bd6b10f4,3df07f52,bf7db9dc,bcc93056,bd6b10f5,3df07f53,1,60095309

12594,179,135,5,-1906,631,15720,-4099,2421,-3223,bf7dba9e,bccf33b4,bd6b3d96,3defef3d,bf7dba9e,bccf33b6,bd6b3d97,3defef3f,1,60103828

12595,176,132,2,-1870,569,15713,-4077,2473,-3301,bf7db8cb,bcca8734,bd6a4eb5,3df0e47b,bf7db8cc,bcca8736,bd6a4eb6,3df0e47e,1,60112347

12596,200,138,1,-1898,576,15749,-4095,2401,-3169,bf7dbb9a,bccf4e76,bd6aa442,3defd156,bf7dbb9a,bccf4e77,bd6aa441,3defd158,1,60120866

12597,208,139,10,-1885,526,15723,-4095,2401,-3169,bf7dc075,bcd0e0d3,bd6af031,3dee5e89,bf7dc076,bcd0e0d5,bd6af030,3dee5e8c,1,60129384

12598,206,143,12,-1901,546,15743,-4105,2479,-3173,bf7dbe55,bccb69ad,bd6abd4d,3def4771,bf7dbe54,bccb69ae,bd6abd4a,3def4772,1,60137903

12599,205,149,11,-1864,559,15704,-4093,2465,-3213,bf7dbcf3,bcc6f5d7,bd6990f1,3df02a10,bf7dbcf3,bcc6f5d9,bd6990f0,3df02a12,1,60146421

12600,202,147,4,-1884,554,15728,-4093,2465,-3213,bf7dba87,bcc34c6b,bd693c3e,3df11217,bf7dba86,bcc34c6b,bd693c3d,3df11218,1,60154439

12601,197,141,-5,-1873,515,15735,-4065,2425,-3221,bf7dbd7e,bcc3c4bd,bd6933ca,3df045ea,bf7dbd7e,bcc3c4c0,bd6933c9,3df045ec,1,60162958

12602,186,128,-6,-1873,543,15738,-4115,2419,-3221,bf7dc091,bcc8414f,bd693ffa,3def375c,bf7dc090,bcc84151,bd693ff7,3def375d,1,60171477

12603,188,130,-3,-1866,523,15723,-4115,2419,-3221,bf7dc515,bcc9d4e3,bd691cee,3dedf773,bf7dc515,bcc9d4e4,bd691cf0,3dedf775,1,60179995

12604,187,124,0,-1853,479,15749,-4111,2441,-3166,bf7dc6ca,bcc3e889,bd688044,3dedf823,bf7dc6cb,bcc3e889,bd688048,3dedf826,1,60188514

12605,174,114,-3,-1871,528,15743,-4129,2473,-3177,bf7dc4b4,bcbfc9a0,bd684628,3deeca37,bf7dc4b4,bcbfc99e,bd684628,3deeca38,1,60197032

12606,166,120,0,-1896,548,15735,-4141,2461,-3171,bf7dc27c,bcc19e24,bd6972b2,3def0011,bf7dc27d,bcc19e25,bd6972b2,3def0012,1,60205551

12607,167,123,0,-1877,515,15743,-4141,2461,-3171,bf7dc1f8,bcbed16f,bd694f1e,3def4fd3,bf7dc1f7,bcbed16e,bd694f1a,3def4fd2,1,60214070

12608,159,115,4,-1868,572,15736,-4113,2433,-3266,bf7dc30a,bcc49644,bd68ed2c,3deed43e,bf7dc30b,bcc49645,bd68ed2c,3deed43e,1,60222588

12609,175,117,7,-1890,556,15724,-4105,2429,-3223,bf7dc3d1,bcc8a208,bd69c51e,3dee34b7,bf7dc3d1,bcc8a208,bd69c51d,3dee34b6,1,60231107

12610,174,123,2,-1875,591,15722,-4105,2429,-3223,bf7dc518,bccd80cc,bd695d51,3dedb45b,bf7dc517,bccd80cb,bd695d4f,3dedb459,1,60239625

12611,178,124,-6,-1868,527,15726,-4109,2399,-3257,bf7dca22,bccf5a7f,bd696db6,3dec3d46,bf7dca23,bccf5a7f,bd696db7,3dec3d46,1,60248144

12612,176,119,3,-1889,568,15732,-4109,2455,-3227,bf7dc800,bccaf51b,bd69749d,3ded0abe,bf7dc801,bccaf51b,bd69749e,3ded0abe,1,60256162

12613,170,125,3,-1888,519,15746,-4109,2455,-3227,bf7dc6a0,bcc5b64e,bd6990fd,3deda89a,bf7dc6a0,bcc5b64e,bd6990fe,3deda899,1,60264680

12614,176,131,6,-1900,579,15767,-4075,2455,-3326,bf7dc2fd,bcc37322,bd699a81,3deebc64,bf7dc2fe,bcc37323,bd699a83,3deebc64,1,60273199

12615,183,130,3,-1893,550,15753,-4103,2443,-3262,bf7dc1c8,bcc413bf,bd6a0a23,3deeeb01,bf7dc1c7,bcc413bc,bd6a0a23,3deeeaff,1,60281718

12616,192,134,3,-1863,559,15714,-4103,2443,-3262,bf7dc245,bcc53535,bd68a479,3def1216,bf7dc246,bcc53535,bd68a479,3def1216,1,60290236

12617,191,129,2,-1883,558,15736,-4109,2431,-3210,bf7dc38c,bcc90b0f,bd6925a0,3dee6858,bf7dc38c,bcc90b0e,bd6925a0,3dee6857,1,60298755

12618,195,132,1,-1858,537,15708,-4095,2413,-3205,bf7dc7fa,bccb8bec,bd68afbd,3ded3483,bf7dc7fa,bccb8beb,bd68afbc,3ded3482,1,60307274

12619,199,133,-2,-1889,515,15743,-4095,2413,-3205,bf7dcb16,bcca37d9,bd69e621,3dec2513,bf7dcb15,bcca37d8,bd69e61f,3dec2511,1,60315792

12620,190,129,0,-1867,506,15721,-4097,2423,-3183,bf7dce6b,bcc60935,bd69880d,3deb8fd8,bf7dce6b,bcc60936,bd69880a,3deb8fd7,1,60324311

12621,172,128,10,-1873,503,15740,-4141,2443,-3248,bf7dcf00,bcc13b26,bd695ea0,3debb1b5,bf7dcf01,bcc13b27,bd695e9e,3debb1b5,1,60332829

12622,159,125,10,-1882,544,15743,-4105,2445,-3213,bf7dcd87,bcc13640,bd6961e2,3dec16a2,bf7dcd86,bcc13640,bd6961df,3dec16a0,1,60341348

12623,158,119,3,-1891,620,15740,-4105,2445,-3213,bf7dcbf4,bcc6f9a6,bd696b9d,3dec33c9,bf7dcbf5,bcc6f9a8,bd696b9c,3dec33c9,1,60349366

12624,168,122,1,-1883,552,15740,-4079,2425,-3205,bf7dcce9,bcc87ac8,bd69aff5,3debcc79,bf7dcce8,bcc87ac8,bd69aff2,3debcc77,1,60357884

12625,180,132,0,-1875,540,15727,-4115,2403,-3248,bf7dd0a8,bccc1a51,bd69cea6,3dea9055,bf7dd0a8,bccc1a52,bd69cea3,3dea9054,1,60366403

12626,174,132,3,-1853,549,15723,-4115,2403,-3248,bf7dd593,bccecd21,bd68d704,3de952d2,bf7dd592,bccecd1f,bd68d701,3de952cf,1,60374922

12627,174,128,-3,-1859,595,15724,-4117,2435,-3221,bf7dd5d9,bcce4224,bd678515,3de99b8d,bf7dd5d8,bcce4223,bd678514,3de99b8a,1,60383440

12628,187,119,-5,-1899,535,15731,-4105,2431,-3133,bf7dd54f,bcca8227,bd6934ef,3de989f1,bf7dd54f,bcca8228,bd6934f1,3de989f0,1,60391959

12629,184,129,-7,-1831,471,15694,-4105,2431,-3133,bf7dd7aa,bcc48930,bd6834a2,3de977a9,bf7dd7a9,bcc48930,bd6834a3,3de977a7,1,60400478

12630,178,122,0,-1889,630,15726,-4159,2443,-3157,bf7dd718,bcca6cdd,bd689a35,3de9356e,bf7dd717,bcca6cdc,bd689a37,3de9356c,1,60408996

12631,191,128,-10,-1899,532,15738,-4103,2457,-3265,bf7dd4d8,bcc53a9d,bd690de1,3de9fc2a,bf7dd4d8,bcc53a9d,bd690de3,3de9fc29,1,60417515

12632,193,126,-10,-1901,526,15732,-4103,2457,-3265,bf7dd24d,bcc07fa6,bd69a177,3deac6c1,bf7dd24c,bcc07fa4,bd69a176,3deac6bf,1,60426033

12633,188,125,-6,-1891,513,15733,-4117,2453,-3207,bf7dd076,bcbcb07c,bd6a1a4f,3deb591e,bf7dd075,bcbcb07b,bd6a1a4d,3deb591c,1,60434552

12634,181,120,-2,-1901,570,15747,-4137,2431,-3227,bf7dd0ef,bcc24c50,bd6aa525,3deacce3,bf7dd0ef,bcc24c4f,bd6aa527,3deacce2,1,60443071

12635,184,128,-3,-1870,531,15747,-4121,2383,-3205,bf7dd4a8,bcc6f76b,bd6a8e50,3de991c7,bf7dd4a7,bcc6f769,bd6a8e51,3de991c5,1,60451589

12636,179,120,-7,-1886,538,15760,-4121,2383,-3205,bf7dd846,bccb5a2e,bd6ad397,3de8478b,bf7dd847,bccb5a2d,bd6ad39a,3de8478b,1,60459607

12637,172,123,-6,-1885,554,15713,-4125,2489,-3156,bf7dd5c6,bcc6bbf3,bd6a73d4,3de94d89,bf7dd5c6,bcc6bbf1,bd6a73d6,3de94d88,1,60468126

12638,180,125,-9,-1869,531,15739,-4161,2431,-3304,bf7dd8a9,bcc51fdf,bd697e60,3de8d7e4,bf7dd8a9,bcc51fdd,bd697e64,3de8d7e4,1,60476644

12639,186,125,2,-1876,489,15714,-4161,2431,-3304,bf7dda2b,bcc05935,bd69ebb7,3de89356,bf7dda2c,bcc05934,bd69ebb9,3de89357,1,60485163

12640,177,117,4,-1879,551,15740,-4063,2469,-3244,bf7dd71f,bcbc7b63,bd69789e,3de9b705,bf7dd71e,bcbc7b61,bd69789c,3de9b704,1,60493682

12641,168,115,0,-1884,565,15716,-4109,2483,-3235,bf7dd321,bcba2d06,bd693bb5,3deaf862,bf7dd321,bcba2d05,bd693bb5,3deaf862,1,60502200

12642,166,107,-3,-1880,559,15713,-4109,2483,-3235,bf7dcf12,bcb85f4f,bd690075,3dec359d,bf7dcf12,bcb85f4f,bd690075,3dec359d,1,60510719

12643,162,112,-7,-1865,507,15722,-4081,2435,-3204,bf7dcfe2,bcba9eb4,bd68cf38,3debeda4,bf7dcfe1,bcba9eb4,bd68cf37,3debeda3,1,60519238

12644,155,104,-9,-1898,577,15719,-4083,2417,-3147,bf7dd07c,bcc0c117,bd698f4d,3deb455d,bf7dd07c,bcc0c118,bd698f4d,3deb455d,1,60527756

12645,158,95,-15,-1895,556,15738,-4083,2417,-3147,bf7dd1b9,bcc5ef61,bd6a5f0a,3dea7717,bf7dd1ba,bcc5ef62,bd6a5f09,3dea7718,1,60536275

12646,161,100,-12,-1895,571,15723,-4057,2469,-3246,bf7dce65,bcc24e3e,bd6a4390,3deb9479,bf7dce64,bcc24e3e,bd6a438e,3deb9478,1,60544794

12647,161,104,-9,-1909,593,15757,-4133,2451,-3233,bf7dcc00,bcc66dd6,bd6aee0a,3debd7f5,bf7dcc00,bcc66dd6,bd6aee0b,3debd7f5,1,60553312

12648,172,107,-8,-1938,605,15776,-4153,2421,-3251,bf7dcc4d,bccc00c8,bd6c13a6,3deb2de0,bf7dcc4d,bccc00c9,bd6c13a6,3deb2de0,1,60561330

12649,187,116,4,-1961,608,15753,-4153,2421,-3251,bf7dcbea,bcd0a659,bd6dc1a5,3dea9af5,bf7dcbe9,bcd0a659,bd6dc1a4,3dea9af4,1,60569849

12650,205,138,9,-1920,532,15732,-4169,2437,-3307,bf7dcc55,bccb4024,bd6e1a05,3deab31e,bf7dcc56,bccb4027,bd6e1a07,3deab31f,1,60578367

12651,213,143,14,-1864,595,15714,-4169,2437,-3257,bf7dcf19,bccdde9d,bd6bb456,3dea6a58,bf7dcf19,bccdde9e,bd6bb456,3dea6a58,1,60586886

12652,209,133,-1,-1868,483,15729,-4169,2437,-3257,bf7dd13b,bcc7840b,bd6b091b,3dea595c,bf7dd13c,bcc7840d,bd6b091c,3dea595d,1,60595405

12653,186,130,-5,-1885,526,15727,-4153,2453,-3220,bf7dd0bd,bcc2f979,bd6abcc8,3deacb98,bf7dd0bc,bcc2f978,bd6abcc5,3deacb98,1,60603923

12654,178,126,-2,-1890,524,15735,-4169,2467,-3205,bf7dcf08,bcbf1e8d,bd6aaa0e,3deb78ca,bf7dcf07,bcbf1e8d,bd6aaa0d,3deb78c9,1,60612442

12655,180,120,-3,-1893,543,15743,-4169,2467,-3205,bf7dcccb,bcbe8b3f,bd6aab23,3dec1a28,bf7dccca,bcbe8b3f,bd6aab23,3dec1a27,1,60620961

12656,172,118,-1,-1903,541,15737,-4105,2435,-3233,bf7dcc57,bcc1ea7f,bd6b8360,3debd77d,bf7dcc57,bcc1ea80,bd6b8361,3debd77d,1,60629479

12657,172,123,-2,-1889,525,15724,-4113,2455,-3226,bf7dcabf,bcbe67bc,bd6b2a6c,3dec8925,bf7dcabf,bcbe67bd,bd6b2a6d,3dec8925,1,60637998

12658,174,123,5,-1876,596,15705,-4113,2455,-3226,bf7dc93d,bcc2b2a9,bd6a2fd5,3decf6c2,bf7dc93c,bcc2b2a9,bd6a2fd4,3decf6c1,1,60646517

12659,184,121,-3,-1913,562,15736,-4161,2477,-3269,bf7dc553,bcc0b5cb,bd6ada18,3dedf2b3,bf7dc553,bcc0b5cd,bd6ada19,3dedf2b4,1,60655035

12660,186,120,-2,-1917,557,15756,-4133,2491,-3174,bf7dc148,bcbdefea,bd6b25e6,3def1678,bf7dc148,bcbdefec,bd6b25e7,3def1678,1,60663554

12661,179,126,2,-1871,517,15695,-4143,2441,-3274,bf7dc3bd,bcc09672,bd6a6f39,3dee7a6b,bf7dc3bd,bcc09673,bd6a6f37,3dee7a6b,1,60671572

12662,169,118,2,-1885,566,15732,-4143,2441,-3274,bf7dc460,bcc5a8b5,bd6a532d,3dee138d,bf7dc460,bcc5a8b5,bd6a532d,3dee138d,1,60680090

12663,171,115,3,-1884,544,15712,-4159,2457,-3267,bf7dc34f,bcc3e7bc,bd6a38e5,3dee797c,bf7dc350,bcc3e7bd,bd6a38e6,3dee797d,1,60688609

12664,168,120,0,-1904,591,15739,-4147,2445,-3207,bf7dc318,bcc94199,bd6abfd5,3dee1fc5,bf7dc318,bcc94199,bd6abfd5,3dee1fc5,1,60697128

12665,170,116,-1,-1917,576,15738,-4147,2445,-3207,bf7dc24b,bccc2c13,bd6bfd2b,3dede035,bf7dc24b,bccc2c13,bd6bfd2c,3dede035,1,60705646

12666,186,125,7,-1934,605,15755,-4145,2501,-3267,bf7dbe3b,bcc8aa3d,bd6c1973,3def1d79,bf7dbe3b,bcc8aa3d,bd6c1973,3def1d79,1,60714165

12667,200,133,7,-1902,572,15749,-4169,2411,-3143,bf7dc149,bccd6d68,bd6c40d2,3dee02c5,bf7dc149,bccd6d68,bd6c40d2,3dee02c5,1,60722683

12668,207,139,9,-1905,527,15732,-4169,2411,-3143,bf7dc5a2,bccfd29e,bd6cbceb,3dec990c,bf7dc5a2,bccfd29e,bd6cbceb,3dec990c,1,60731202

12669,196,133,5,-1918,549,15746,-4109,2453,-3190,bf7dc413,bccabd65,bd6cde93,3ded4227,bf7dc414,bccabd66,bd6cde96,3ded4228,1,60739721

12670,197,138,9,-1871,554,15717,-4079,2469,-3226,bf7dc292,bcc60d7f,bd6bae0e,3dee33c0,bf7dc293,bcc60d80,bd6bae11,3dee33c1,1,60748240

12671,194,131,4,-1892,488,15742,-4079,2469,-3226,bf7dc0ff,bcc060e5,bd6b69e2,3deef9b2,bf7dc100,bcc060e6,bd6b69e4,3deef9b3,1,60756257

12672,175,125,1,-1857,556,15718,-4115,2421,-3234,bf7dc40a,bcc582b9,bd6a686e,3dee270f,bf7dc40b,bcc582ba,bd6a686f,3dee2710,1,60765277

12673,162,118,-1,-1863,550,15722,-4097,2529,-3180,bf7dc138,bcc1417b,bd69b9c7,3def4975,bf7dc138,bcc1417b,bd69b9c7,3def4975,1,60773295

12674,157,106,-4,-1872,521,15722,-4123,2419,-3171,bf7dc4a6,bcc5a3d2,bd69e5cd,3dee1bd7,bf7dc4a6,bcc5a3d2,bd69e5cd,3dee1bd7,1,60781813

12675,151,96,-5,-1907,595,15723,-4123,2419,-3171,bf7dc5b1,bccb86fb,bd6aaf95,3ded532f,bf7dc5b1,bccb86fb,bd6aaf95,3ded532f,1,60790332

12676,160,98,-5,-1920,637,15759,-4109,2457,-3206,bf7dc1d6,bcce6a3f,bd6b4231,3dee0ec9,bf7dc1d5,bcce6a3e,bd6b422e,3dee0ec8,1,60798851

12677,184,99,-3,-1911,592,15750,-4173,2421,-3259,bf7dc3d0,bcd32835,bd6bf545,3ded18b3,bf7dc3cf,bcd32834,bd6bf543,3ded18b2,1,60807369

12678,205,107,3,-1893,535,15724,-4173,2421,-3259,bf7dc86e,bcd11f86,bd6c3239,3debe93d,bf7dc86e,bcd11f87,bd6c3235,3debe93d,1,60815888

12679,210,109,-2,-1905,563,15741,-4121,2425,-3242,bf7dca47,bccf17da,bd6c8241,3deb724e,bf7dca48,bccf17dc,bd6c8241,3deb724f,1,60824406

12680,203,112,1,-1868,464,15706,-4145,2457,-3193,bf7dca99,bcc8a59c,bd6c080d,3debd424,bf7dca98,bcc8a59b,bd6c080c,3debd423,1,60832925

12681,189,98,1,-1897,542,15724,-4145,2457,-3193,bf7dc953,bcc4de38,bd6bf4e4,3dec6372,bf7dc953,bcc4de38,bd6bf4e6,3dec6372,1,60841444

12682,187,97,4,-1895,539,15734,-4155,2453,-3283,bf7dc850,bcc267ca,bd6bc462,3decd56a,bf7dc851,bcc267cb,bd6bc464,3decd56b,1,60849963

12683,182,91,5,-1924,580,15744,-4143,2431,-3201,bf7dc8a2,bcc7c6dd,bd6cbcfb,3dec39e8,bf7dc8a1,bcc7c6dc,bd6cbcfa,3dec39e8,1,60858481

12684,178,93,9,-1940,602,15770,-4143,2431,-3201,bf7dc878,bccd1231,bd6dced5,3debb7f4,bf7dc878,bccd1230,bd6dced7,3debb7f5,1,60866499

12685,190,107,5,-1926,547,15735,-4113,2441,-3221,bf7dc743,bcc90191,bd6e5eb7,3dec1e66,bf7dc744,bcc90190,bd6e5eb8,3dec1e68,1,60875018

12686,197,124,10,-1933,618,15735,-4111,2427,-3269,bf7dc6e0,bcce59d2,bd6eaa85,3debdc36,bf7dc6df,bcce59cf,bd6eaa85,3debdc36,1,60883536

12687,203,125,1,-1930,540,15751,-4149,2453,-3271,bf7dc5b1,bcc9203d,bd6eced5,3dec6c82,bf7dc5b2,bcc9203c,bd6eced7,3dec6c83,1,60892055

12688,198,132,3,-1911,539,15742,-4149,2453,-3271,bf7dc535,bcc4f603,bd6e1d64,3decf28a,bf7dc535,bcc4f602,bd6e1d63,3decf28a,1,60900573

12689,200,126,6,-1924,563,15739,-4163,2363,-3229,bf7dc810,bcc9efdf,bd6e72a6,3debd556,bf7dc810,bcc9efde,bd6e72a5,3debd556,1,60909092

12690,187,126,2,-1923,570,15763,-4149,2417,-3234,bf7dca9e,bcce641a,bd6ea24e,3deadb7d,bf7dca9e,bcce6419,bd6ea24c,3deadb7d,1,60917611

12691,201,129,5,-1910,560,15729,-4149,2417,-3234,bf7dce7c,bcd0998b,bd6e5cfc,3de9c198,bf7dce7c,bcd0998b,bd6e5cfd,3de9c198,1,60926129

12692,209,139,11,-1907,577,15734,-4149,2451,-3232,bf7dcd9c,bccc6788,bd6d7f56,3dea71f1,bf7dcd9d,bccc6789,bd6d7f58,3dea71f2,1,60934648

12693,202,135,6,-1889,556,15724,-4113,2425,-3240,bf7dd051,bccb026a,bd6c2170,3dea21e0,bf7dd051,bccb026a,bd6c2170,3dea21e0,1,60943167

12694,196,131,0,-1898,534,15730,-4113,2425,-3240,bf7dd1f6,bcc7c75b,bd6c341d,3de9d805,bf7dd1f5,bcc7c75b,bd6c341c,3de9d804,1,60951685

12695,199,120,-5,-1902,551,15718,-4113,2421,-3163,bf7dd439,bcca7101,bd6ca11d,3de8f9bd,bf7dd439,bcca7103,bd6ca11c,3de8f9bd,1,60960204

12696,197,122,-4,-1939,567,15756,-4115,2431,-3214,bf7dd2a7,bcca6879,bd6e4c24,3de8fb45,bf7dd2a7,bcca6879,bd6e4c23,3de8fb45,1,60968723

12697,202,132,9,-1932,552,15771,-4115,2431,-3214,bf7dd23f,bcc83fb6,bd6ee557,3de90e3e,bf7dd23e,bcc83fb6,bd6ee555,3de90e3e,1,60976740

12698,213,135,26,-1899,519,15722,-4133,2485,-3215,bf7dd04c,bcc2c90b,bd6e3ec8,3dea09f3,bf7dd04c,bcc2c90b,bd6e3ec8,3dea09f4,1,60985259

12699,197,133,21,-1912,530,15737,-4153,2405,-3297,bf7dd34c,bcc6faed,bd6e6d4b,3de8f4ed,bf7dd34d,bcc6faee,bd6e6d4d,3de8f4ef,1,60993778

12700,185,130,8,-1880,531,15719,-4155,2451,-3155,bf7dd45f,bcc37602,bd6cc109,3de946d4,bf7dd45f,bcc37603,bd6cc108,3de946d5,1,61002296

12701,185,120,-2,-1904,544,15750,-4155,2451,-3155,bf7dd3e9,bcc2e177,bd6c96ad,3de979b2,bf7dd3e8,bcc2e177,bd6c96ad,3de979b2,1,61010815

12702,174,113,0,-1895,565,15733,-4163,2405,-3200,bf7dd68f,bcc83901,bd6ca8ba,3de87397,bf7dd690,bcc83903,bd6ca8bb,3de87399,1,61019333

12703,177,119,3,-1904,581,15734,-4119,2441,-3177,bf7dd545,bcc9173f,bd6c5973,3de8d589,bf7dd545,bcc91740,bd6c5973,3de8d58a,1,61027852

#END

q = [-0.9870 -0.0149 -0.0841 +0.1363]  |q|^2=+1.0000  muestras=22614  err=0

q2= [-0.9870 -0.0149 -0.0841 +0.1363]  dang(orig,opt2)=+0.0000 deg

   roll=+0.4 pitch=+9.8 yaw=-15.7 deg

   raw g=(-280,338,36) a=(-2601,141,15692) m=(-4237,2569,-3113) |m_comp|=2751

q = [-0.9859 -0.0290 -0.0529 +0.1560]  |q|^2=+1.0000  muestras=22641  err=0

q2= [-0.9859 -0.0290 -0.0529 +0.1560]  dang(orig,opt2)=+0.0000 deg

   roll=+2.3 pitch=+6.5 yaw=-17.8 deg

   raw g=(-218,1631,506) a=(-2235,2444,17238) m=(-4103,2563,-3147) |m_comp|=2673

q = [-0.9888 -0.0004 -0.0282 +0.1463]  |q|^2=+1.0000  muestras=22666  err=0

q2= [-0.9888 -0.0004 -0.0282 +0.1463]  dang(orig,opt2)=+0.0000 deg

   roll=-0.4 pitch=+3.2 yaw=-16.8 deg

   raw g=(572,-179,-602) a=(-1338,-156,13610) m=(-4053,2669,-3340) |m_comp|=2789

q = [-0.9904 -0.0089 -0.0359 +0.1333]  |q|^2=+1.0000  muestras=22692  err=0

q2= [-0.9904 -0.0089 -0.0359 +0.1333]  dang(orig,opt2)=+0.0000 deg

   roll=+0.5 pitch=+4.2 yaw=-15.3 deg

   raw g=(-2143,-925,-868) a=(-2218,2159,16820) m=(-4081,2541,-3264) |m_comp|=2732

q = [-0.9904 -0.0102 -0.0394 +0.1320]  |q|^2=+1.0000  muestras=22718  err=0

q2= [-0.9904 -0.0102 -0.0394 +0.1320]  dang(orig,opt2)=+0.0000 deg

   roll=+0.6 pitch=+4.6 yaw=-15.2 deg

   raw g=(245,135,13) a=(-1248,29,15784) m=(-4065,2521,-3250) |m_comp|=2708

q = [-0.9905 -0.0076 -0.0389 +0.1319]  |q|^2=+1.0000  muestras=22743  err=0

q2= [-0.9905 -0.0076 -0.0389 +0.1319]  dang(orig,opt2)=+0.0000 deg

   roll=+0.3 pitch=+4.5 yaw=-15.2 deg

   raw g=(186,123,13) a=(-1252,77,15800) m=(-4079,2579,-3304) |m_comp|=2765

q = [-0.9906 -0.0068 -0.0385 +0.1308]  |q|^2=+1.0000  muestras=22769  err=0

q2= [-0.9906 -0.0068 -0.0385 +0.1308]  dang(orig,opt2)=+0.0000 deg

   roll=+0.2 pitch=+4.5 yaw=-15.0 deg

   raw g=(177,111,11) a=(-1255,97,15824) m=(-4103,2587,-3146) |m_comp|=2676

q = [-0.9909 -0.0067 -0.0384 +0.1287]  |q|^2=+1.0000  muestras=22795  err=0

q2= [-0.9909 -0.0067 -0.0384 +0.1287]  dang(orig,opt2)=+0.0000 deg

   roll=+0.2 pitch=+4.5 yaw=-14.8 deg

   raw g=(167,101,1) a=(-1245,75,15810) m=(-4121,2565,-3215) |m_comp|=2732

q = [-0.9910 -0.0071 -0.0386 +0.1278]  |q|^2=+1.0000  muestras=22820  err=0

q2= [-0.9910 -0.0071 -0.0386 +0.1278]  dang(orig,opt2)=+0.0000 deg

   roll=+0.2 pitch=+4.5 yaw=-14.7 deg

   raw g=(162,109,1) a=(-1263,112,15797) m=(-4097,2567,-3248) |m_comp|=2737

q = [-0.9905 -0.0064 -0.0387 +0.1316]  |q|^2=+1.0000  muestras=22846  err=0

q2= [-0.9905 -0.0064 -0.0387 +0.1316]  dang(orig,opt2)=+0.0000 deg

   roll=+0.1 pitch=+4.5 yaw=-15.1 deg

   raw g=(175,121,7) a=(-1246,61,15785) m=(-4065,2599,-3252) |m_comp|=2723

q = [-0.9904 -0.0078 -0.0389 +0.1322]  |q|^2=+1.0000  muestras=22871  err=0

q2= [-0.9904 -0.0078 -0.0389 +0.1322]  dang(orig,opt2)=+0.0000 deg

   roll=+0.3 pitch=+4.5 yaw=-15.2 deg

   raw g=(177,120,6) a=(-1231,64,15791) m=(-4085,2577,-3259) |m_comp|=2738

q = [-0.9905 -0.0074 -0.0388 +0.1321]  |q|^2=+1.0000  muestras=22897  err=0

q2= [-0.9905 -0.0074 -0.0388 +0.1321]  dang(orig,opt2)=+0.0000 deg

   roll=+0.3 pitch=+4.5 yaw=-15.2 deg

   raw g=(194,123,8) a=(-1269,38,15804) m=(-4041,2561,-3291) |m_comp|=2727

q = [-0.9903 -0.0068 -0.0385 +0.1336]  |q|^2=+1.0000  muestras=22923  err=0

q2= [-0.9903 -0.0068 -0.0385 +0.1336]  dang(orig,opt2)=+0.0000 deg

   roll=+0.2 pitch=+4.5 yaw=-15.4 deg

   raw g=(195,124,2) a=(-1248,71,15811) m=(-4097,2623,-3368) |m_comp|=2830

q = [-0.9899 -0.0070 -0.0386 +0.1362]  |q|^2=+1.0000  muestras=22948  err=0

q2= [-0.9899 -0.0070 -0.0386 +0.1362]  dang(orig,opt2)=+0.0000 deg

   roll=+0.2 pitch=+4.5 yaw=-15.7 deg

   raw g=(182,131,2) a=(-1249,32,15806) m=(-4049,2617,-3269) |m_comp|=2727

q = [-0.9900 -0.0078 -0.0388 +0.1354]  |q|^2=+1.0000  muestras=22974  err=0

q2= [-0.9900 -0.0078 -0.0388 +0.1354]  dang(orig,opt2)=+0.0000 deg

   roll=+0.3 pitch=+4.5 yaw=-15.6 deg

   raw g=(185,125,5) a=(-1228,40,15794) m=(-4051,2587,-3256) |m_comp|=2714

q = [-0.9906 -0.0068 -0.0386 +0.1311]  |q|^2=+1.0000  muestras=23000  err=0

q2= [-0.9906 -0.0068 -0.0386 +0.1311]  dang(orig,opt2)=+0.0000 deg

   roll=+0.2 pitch=+4.5 yaw=-15.1 deg

   raw g=(175,120,2) a=(-1252,67,15800) m=(-4149,2583,-3243) |m_comp|=2774

